alpha_rank,source_rank,word,log_frequency,esdb_admit,reject_reason,esdb_size,proper_size,pos,lemmas,evidence_kinds,usage,teaching_mode,target500,stage0_graph_member,stage0_seed_candidate,parent_L,parent_R,children_L,children_R,in_degree,out_degree,morph_out_degree,data_status
10001,10190,clifford,-12.0892,0,NOT_EXACT_EN_US,,,,,,,REJECTED_AUTO,0,0,0,,,,,0,0,0,ESDB_V0_4
10002,10191,combines,-12.0892,1,PASS,35,,n_v,combine,FORM,,MASTER,0,1,0,,combine,,,1,0,0,ESDB_V0_4
10003,10192,communion,-12.0892,1,PASS,35,40,n,communion,LEMMA,,MASTER,0,0,0,,,,,0,0,0,ESDB_V0_4
10004,10193,comrades,-12.0892,1,PASS,35,,n,comrade,FORM,,MASTER,0,1,0,,comrade,,,1,0,0,ESDB_V0_4
10005,10194,confessed,-12.0892,1,PASS,35,,v,confess,FORM,,MASTER,0,0,0,,,,,0,0,0,ESDB_V0_4
10006,10195,conquered,-12.0892,1,PASS,35,,v,conquer,FORM,,MASTER,0,0,0,,,,,0,0,0,ESDB_V0_4
10007,10196,constable,-12.0892,0,CASE_FREQ_COLLISION,50,50,n,constable,LEMMA,,REJECTED_AUTO,0,0,0,,,,,0,0,0,ESDB_V0_4
10008,10197,coordinated,-12.0892,1,PASS,35,,n_v;aj,coordinate;coordinated,FORM;LEMMA,,MASTER,0,1,0,,coordinate,,,1,0,0,ESDB_V0_4
10009,10198,corpse,-12.0892,1,PASS,35,,n,corpse,LEMMA,,MASTER,0,1,1,,corps,,corpses,1,1,1,ESDB_V0_4
10010,10199,counterpart,-12.0892,1,PASS,35,,n,counterpart,LEMMA,,MASTER,0,1,1,,,,counterparts,0,1,1,ESDB_V0_4
10011,10200,creed,-12.0892,1,PASS,35,60,n,creed,LEMMA,,MASTER,0,1,0,reed,,,,1,0,0,ESDB_V0_4
10012,10201,crushing,-12.0892,1,PASS,35,,n_v;n;aj,crush;crushing,FORM;LEMMA,,MASTER,0,1,0,rushing,,,,1,0,0,ESDB_V0_4
10013,10202,curved,-12.0892,1,PASS,35,,n_v;aj,curve;curved,FORM;LEMMA,,MASTER,0,1,0,,curve,,,1,0,0,ESDB_V0_4
10014,10203,daisy,-12.0892,1,PASS,35,50,n,daisy,LEMMA,,MASTER,0,0,0,,,,,0,0,0,ESDB_V0_4
10015,10204,dawson,-12.0892,0,NOT_EXACT_EN_US,,,,,,,REJECTED_AUTO,0,0,0,,,,,0,0,0,ESDB_V0_4
10016,10206,deed,-12.0892,1,PASS,35,,n_v,deed,LEMMA,,MASTER,0,1,1,,,,deeds,0,1,1,ESDB_V0_4
10017,10207,deficiency,-12.0892,1,PASS,35,,n,deficiency,LEMMA,,MASTER,0,0,0,,,,,0,0,0,ESDB_V0_4
10018,10208,denis,-12.0892,0,NOT_EXACT_EN_US,,,,,,,REJECTED_AUTO,0,0,0,,,,,0,0,0,ESDB_V0_4
10019,10209,diagram,-12.0892,1,PASS,35,,n_v,diagram,LEMMA,,MASTER,0,1,1,,,,diagrams,0,1,1,ESDB_V0_4
10020,10210,disco,-12.0892,1,PASS,35,,n;v;a,disco,LEMMA,,MASTER,0,1,0,,disc,,,1,0,0,ESDB_V0_4
10021,10211,dispatch,-12.0892,1,PASS,35,,n_v,dispatch,LEMMA,,MASTER,0,0,0,,,,,0,0,0,ESDB_V0_4
10022,10212,domains,-12.0892,1,PASS,35,,n,domain,FORM,,MASTER,0,1,0,,domain,,,1,0,0,ESDB_V0_4
10023,10213,dreamed,-12.0892,1,PASS,35,,n_v;aj,dream;dreamed,FORM;LEMMA,,MASTER,0,0,0,,,,,0,0,0,ESDB_V0_4
10024,10214,dye,-12.0892,1,PASS,35,,n_v,dye,LEMMA,,MASTER,0,1,1,ye,,,dyed;dyes,1,2,2,ESDB_V0_4
10025,10215,edgar,-12.0892,0,NOT_EXACT_EN_US,,,,,,,REJECTED_AUTO,0,0,0,,,,,0,0,0,ESDB_V0_4
10026,10216,eds,-12.0892,1,PASS,50,,n,ed,FORM,,MASTER,0,1,1,,,beds;reds;feds,,0,3,0,ESDB_V0_4
10027,10217,enjoyment,-12.0892,1,PASS,35,,n,enjoyment,LEMMA,,MASTER,0,0,0,,,,,0,0,0,ESDB_V0_4
10028,10218,epa,-12.0892,0,NOT_EXACT_EN_US,,,,,,,REJECTED_AUTO,0,0,0,,,,,0,0,0,ESDB_V0_4
10029,10219,evolving,-12.0892,1,PASS,35,,v,evolve,FORM,,MASTER,0,1,1,,,revolving,,0,1,0,ESDB_V0_4
10030,10220,exercised,-12.0892,1,PASS,35,,n_v,exercise,FORM,,MASTER,0,1,0,,exercise,,,1,0,0,ESDB_V0_4
10031,10221,faded,-12.0892,1,PASS,35,,n_v;aj,fade;faded,FORM;LEMMA,,MASTER,0,1,0,,fade,,,1,0,0,ESDB_V0_4
10032,10222,fernando,-12.0892,0,NOT_EXACT_EN_US,,,,,,,REJECTED_AUTO,0,0,0,,,,,0,0,0,ESDB_V0_4
10033,10223,finite,-12.0892,1,PASS,35,,aj,finite,LEMMA,,MASTER,0,0,0,,,,,0,0,0,ESDB_V0_4
10034,10224,firstly,-12.0892,1,PASS,35,,av,firstly,LEMMA,,MASTER,0,0,0,,,,,0,0,0,ESDB_V0_4
10035,10225,fisheries,-12.0892,1,PASS,35,,n,fishery,FORM,,MASTER,0,0,0,,,,,0,0,0,ESDB_V0_4
10036,10226,fluids,-12.0892,1,PASS,35,,n,fluid,FORM,,MASTER,0,1,0,,fluid,,,1,0,0,ESDB_V0_4
10037,10227,garrison,-12.0892,1,PASS,35,50,n_v,garrison,LEMMA,,MASTER,0,0,0,,,,,0,0,0,ESDB_V0_4
10038,10228,glimpse,-12.0892,1,PASS,35,,n_v,glimpse,LEMMA,,MASTER,0,0,0,,,,,0,0,0,ESDB_V0_4
10039,10229,gothic,-12.0892,0,NOT_EXACT_EN_US,,,,,,,REJECTED_AUTO,0,0,0,,,,,0,0,0,ESDB_V0_4
10040,10230,gradual,-12.0892,1,PASS,35,,aj,gradual,LEMMA,,MASTER,0,0,0,,,,,0,0,0,ESDB_V0_4
10041,10231,guardians,-12.0892,1,PASS,35,,n,guardian,FORM,,MASTER,0,1,0,,guardian,,,1,0,0,ESDB_V0_4
10042,10232,guru,-12.0892,1,PASS,35,,n,guru,LEMMA,,MASTER,0,0,0,,,,,0,0,0,ESDB_V0_4
10043,10233,hairs,-12.0892,1,PASS,35,,n,hair,FORM,,MASTER,0,1,1,airs,hair,chairs,,2,1,0,ESDB_V0_4
10044,10234,halo,-12.0892,1,PASS,35,,n_v,halo,LEMMA,,MASTER,0,0,0,,,,,0,0,0,ESDB_V0_4
10045,10235,harmless,-12.0892,1,PASS,35,,aj,harmless,LEMMA,,MASTER,0,0,0,,,,,0,0,0,ESDB_V0_4
10046,10236,hating,-12.0892,1,PASS,35,,n_v,hate,FORM,,MASTER,0,0,0,,,,,0,0,0,ESDB_V0_4
10047,10237,hopeless,-12.0892,1,PASS,35,,aj,hopeless,LEMMA,,MASTER,0,0,0,,,,,0,0,0,ESDB_V0_4
10048,10238,hq,-12.0892,0,NOT_EXACT_EN_US,,,,,,,REJECTED_AUTO,0,0,0,,,,,0,0,0,ESDB_V0_4
10049,10239,hygiene,-12.0892,1,PASS,35,,n,hygiene,LEMMA,,MASTER,0,0,0,,,,,0,0,0,ESDB_V0_4
10050,10240,identifies,-12.0892,1,PASS,35,,v,identify,FORM,,MASTER,0,0,0,,,,,0,0,0,ESDB_V0_4
10051,10241,innovations,-12.0892,1,PASS,35,,n,innovation,FORM,,MASTER,0,1,0,,innovation,,,1,0,0,ESDB_V0_4
10052,10242,inputs,-12.0892,1,PASS,35,,n_v,input,FORM,,MASTER,0,1,0,,input,,,1,0,0,ESDB_V0_4
10053,10243,insect,-12.0892,1,PASS,35,,n;a,insect,LEMMA,,MASTER,0,1,1,,,,insects,0,1,1,ESDB_V0_4
10054,10244,instability,-12.0892,1,PASS,35,,n,instability,LEMMA,,MASTER,0,0,0,,,,,0,0,0,ESDB_V0_4
10055,10245,insulin,-12.0892,1,PASS,35,,n,insulin,LEMMA,,MASTER,0,0,0,,,,,0,0,0,ESDB_V0_4
10056,10246,intentionally,-12.0892,1,PASS,35,,av,intentionally,LEMMA,,MASTER,0,0,0,,,,,0,0,0,ESDB_V0_4
10057,10247,interventions,-12.0892,1,PASS,35,,n,intervention,FORM,,MASTER,0,1,0,,intervention,,,1,0,0,ESDB_V0_4
10058,10248,isle,-12.0892,1,PASS,35,,n,isle,LEMMA,,MASTER,0,1,1,,,aisle,isles,0,2,1,ESDB_V0_4
10059,10249,ja,-12.0892,0,NOT_EXACT_EN_US,,,,,,,REJECTED_AUTO,0,0,0,,,,,0,0,0,ESDB_V0_4
10060,10250,judaism,-12.0892,0,NOT_EXACT_EN_US,,,,,,,REJECTED_AUTO,0,0,0,,,,,0,0,0,ESDB_V0_4
10061,10251,killings,-12.0892,1,PASS,35,,n,killing,FORM,,MASTER,0,1,0,,killing,,,1,0,0,ESDB_V0_4
10062,10252,kisses,-12.0892,1,PASS,35,,n_v,kiss,FORM,,MASTER,0,0,0,,,,,0,0,0,ESDB_V0_4
10063,10253,lava,-12.0892,1,PASS,35,,n,lava,LEMMA,,MASTER,0,0,0,,,,,0,0,0,ESDB_V0_4
10064,10254,lego,-12.0892,0,NOT_EXACT_EN_US,,,,,,,REJECTED_AUTO,0,0,0,,,,,0,0,0,ESDB_V0_4
10065,10255,licenses,-12.0892,1,PASS,35,,n;v,license,FORM,,MASTER,0,1,0,,license,,,1,0,0,ESDB_V0_4
10066,10256,lookin,-12.0892,0,NOT_EXACT_EN_US,,,,,,,REJECTED_AUTO,0,0,0,,,,,0,0,0,ESDB_V0_4
10067,10257,lynn,-12.0892,0,NOT_EXACT_EN_US,,,,,,,REJECTED_AUTO,0,0,0,,,,,0,0,0,ESDB_V0_4
10068,10258,macdonald,-12.0892,0,NOT_EXACT_EN_US,,,,,,,REJECTED_AUTO,0,0,0,,,,,0,0,0,ESDB_V0_4
10069,10259,manifest,-12.0892,1,PASS,35,,n_v;aj,manifest,LEMMA,,MASTER,0,1,1,,,,manifesto,0,1,0,ESDB_V0_4
10070,10260,maxwell,-12.0892,0,NOT_EXACT_EN_US,,,,,,,REJECTED_AUTO,0,0,0,,,,,0,0,0,ESDB_V0_4
10071,10261,melted,-12.0892,1,PASS,35,,n_v;aj,melt;melted,FORM;LEMMA,,MASTER,0,0,0,,,,,0,0,0,ESDB_V0_4
10072,10262,migrant,-12.0892,1,PASS,35,,n;aj,migrant,LEMMA,,MASTER,0,1,1,,,,migrants,0,1,1,ESDB_V0_4
10073,10263,natalie,-12.0892,0,NOT_EXACT_EN_US,,,,,,,REJECTED_AUTO,0,0,0,,,,,0,0,0,ESDB_V0_4
10074,10264,nationalism,-12.0892,1,PASS,35,,n,nationalism,LEMMA,,MASTER,0,0,0,,,,,0,0,0,ESDB_V0_4
10075,10265,nigel,-12.0892,0,NOT_EXACT_EN_US,,,,,,,REJECTED_AUTO,0,0,0,,,,,0,0,0,ESDB_V0_4
10076,10266,oops,-12.0892,1,PASS,40,,i,oops,LEMMA,,MASTER,0,1,1,ops,,loops;hoops,,1,2,0,ESDB_V0_4
10077,10267,panthers,-12.0892,1,PASS,35,,n,panther,FORM,,MASTER,0,1,0,,panther,,,1,0,0,ESDB_V0_4
10078,10268,partisan,-12.0892,1,PASS,35,,n;aj,partisan,LEMMA,,MASTER,0,1,0,artisan,,,,1,0,0,ESDB_V0_4
10079,10269,peterson,-12.0892,0,NOT_EXACT_EN_US,,,,,,,REJECTED_AUTO,0,0,0,,,,,0,0,0,ESDB_V0_4
10080,10270,pg,-12.0892,0,NO_ESDB_GENERAL_EVIDENCE,,,,,,,REJECTED_AUTO,0,0,0,,,,,0,0,0,ESDB_V0_4
10081,10271,photographers,-12.0892,1,PASS,35,,n,photographer,FORM,,MASTER,0,1,0,,photographer,,,1,0,0,ESDB_V0_4
10082,10272,picnic,-12.0892,1,PASS,35,,n_v,picnic,LEMMA,,MASTER,0,0,0,,,,,0,0,0,ESDB_V0_4
10083,10273,policeman,-12.0892,1,PASS,35,,n,policeman,LEMMA,,MASTER,0,0,0,,,,,0,0,0,ESDB_V0_4
10084,10274,pots,-12.0892,1,PASS,35,,n_v,pot,FORM,,MASTER,0,1,1,,pot,spots,,1,1,0,ESDB_V0_4
10085,10275,presenter,-12.0892,1,PASS,35,,n,presenter,LEMMA,,MASTER,0,1,1,,,,presenters,0,1,1,ESDB_V0_4
10086,10276,projections,-12.0892,1,PASS,35,,n,projection,FORM,,MASTER,0,1,0,,projection,,,1,0,0,ESDB_V0_4
10087,10277,proportions,-12.0892,1,PASS,35,,n_v,proportion,FORM,,MASTER,0,1,0,,proportion,,,1,0,0,ESDB_V0_4
10088,10278,proxy,-12.0892,1,PASS,35,,n;a,proxy,LEMMA,,MASTER,0,0,0,,,,,0,0,0,ESDB_V0_4
10089,10279,queue,-12.0892,1,PASS,35,,n_v,queue,LEMMA,,MASTER,0,0,0,,,,,0,0,0,ESDB_V0_4
10090,10280,rabbi,-12.0892,1,PASS,35,,n,rabbi,LEMMA,,MASTER,0,1,1,,,,rabbit,0,1,0,ESDB_V0_4
10091,10281,reckon,-12.0892,1,PASS,35,,v,reckon,LEMMA,,MASTER,0,0,0,,,,,0,0,0,ESDB_V0_4
10092,10282,relaxation,-12.0892,1,PASS,35,,n,relaxation,LEMMA,,MASTER,0,0,0,,,,,0,0,0,ESDB_V0_4
10093,10283,repaired,-12.0892,1,PASS,35,,n_v,repair,FORM,,MASTER,0,0,0,,,,,0,0,0,ESDB_V0_4
10094,10284,respecting,-12.0892,1,PASS,35,,n_v,respect,FORM,,MASTER,0,0,0,,,,,0,0,0,ESDB_V0_4
10095,10285,retaining,-12.0892,1,PASS,35,,v,retain,FORM,,MASTER,0,0,0,,,,,0,0,0,ESDB_V0_4
10096,10286,retarded,-12.0892,1,PASS,35,,n_v;n;aj,retard;retarded,FORM;LEMMA,,MASTER,0,0,0,,,,,0,0,0,ESDB_V0_4
10097,10287,rigid,-12.0892,1,PASS,35,,aj,rigid,LEMMA,,MASTER,0,0,0,,,,,0,0,0,ESDB_V0_4
10098,10288,sank,-12.0892,1,PASS,35,,n_v,sink,FORM,,MASTER,0,0,0,,,,,0,0,0,ESDB_V0_4
10099,10289,saul,-12.0892,0,NOT_EXACT_EN_US,,,,,,,REJECTED_AUTO,0,0,0,,,,,0,0,0,ESDB_V0_4
10100,10290,scrutiny,-12.0892,1,PASS,35,,n,scrutiny,LEMMA,,MASTER,0,0,0,,,,,0,0,0,ESDB_V0_4
10101,10291,signatures,-12.0892,1,PASS,35,,n,signature,FORM,,MASTER,0,1,0,,signature,,,1,0,0,ESDB_V0_4
10102,10292,slogan,-12.0892,1,PASS,35,,n,slogan,LEMMA,,MASTER,0,1,1,,,,slogans,0,1,1,ESDB_V0_4
10103,10293,slots,-12.0892,1,PASS,35,,n_v,slot,FORM,,MASTER,0,1,0,lots,slot,,,2,0,0,ESDB_V0_4
10104,10294,spokesman,-12.0892,1,PASS,35,,n,spokesman,LEMMA,,MASTER,0,0,0,,,,,0,0,0,ESDB_V0_4
10105,10295,statutes,-12.0892,1,PASS,35,,n,statute,FORM,,MASTER,0,1,0,,statute,,,1,0,0,ESDB_V0_4
10106,10296,stimulate,-12.0892,1,PASS,35,,v,stimulate,LEMMA,,MASTER,0,1,1,,,,stimulated,0,1,1,ESDB_V0_4
10107,10297,strive,-12.0892,1,PASS,35,,v,strive,LEMMA,,MASTER,0,0,0,,,,,0,0,0,ESDB_V0_4
10108,10298,surge,-12.0892,1,PASS,35,,n_v,surge,LEMMA,,MASTER,0,1,0,urge,,,,1,0,0,ESDB_V0_4
10109,10299,surveyed,-12.0892,1,PASS,35,,n_v,survey,FORM,,MASTER,0,0,0,,,,,0,0,0,ESDB_V0_4
10110,10300,taller,-12.0892,1,PASS,35,,aj,tall,FORM,,MASTER,0,0,0,,,,,0,0,0,ESDB_V0_4
10111,10301,temptation,-12.0892,1,PASS,35,,n,temptation,LEMMA,,MASTER,0,0,0,,,,,0,0,0,ESDB_V0_4
10112,10302,titan,-12.0892,0,CASE_FREQ_COLLISION,50,50,n,titan,LEMMA,,REJECTED_AUTO,0,0,0,,,,,0,0,0,ESDB_V0_4
10113,10303,tore,-12.0892,1,PASS,35,,v,tear,FORM,,MASTER,0,1,1,ore,tor,store,,2,1,0,ESDB_V0_4
10114,10304,traps,-12.0892,1,PASS,35,,n_v,trap,FORM,,MASTER,0,1,1,,trap,straps,,1,1,0,ESDB_V0_4
10115,10305,traumatic,-12.0892,1,PASS,35,,aj,traumatic,LEMMA,,MASTER,0,0,0,,,,,0,0,0,ESDB_V0_4
10116,10306,tunes,-12.0892,1,PASS,35,,n_v,tune,FORM,,MASTER,0,1,0,,tune,,,1,0,0,ESDB_V0_4
10117,10307,tunisia,-12.0892,0,NOT_EXACT_EN_US,,,,,,,REJECTED_AUTO,0,0,0,,,,,0,0,0,ESDB_V0_4
10118,10308,tutorial,-12.0892,1,PASS,35,,n;aj,tutorial,LEMMA,,MASTER,0,1,1,,,,tutorials,0,1,1,ESDB_V0_4
10119,10309,uber,-12.0892,0,NOT_EXACT_EN_US,,,,,,,REJECTED_AUTO,0,0,0,,,,,0,0,0,ESDB_V0_4
10120,10310,unusually,-12.0892,1,PASS,35,,av,unusually,LEMMA,,MASTER,0,0,0,,,,,0,0,0,ESDB_V0_4
10121,10311,upgrades,-12.0892,1,PASS,35,,n_v,upgrade,FORM,,MASTER,0,1,0,,upgrade,,,1,0,0,ESDB_V0_4
10122,10312,upwards,-12.0892,1,PASS,35,,av,upwards,LEMMA,,MASTER,0,1,0,,upward,,,1,0,0,ESDB_V0_4
10123,10313,val,-12.0892,0,NO_ESDB_GENERAL_EVIDENCE,,,,,,,REJECTED_AUTO,0,0,0,,,,,0,0,0,ESDB_V0_4
10124,10314,vanilla,-12.0892,1,PASS,35,,n;aj,vanilla,LEMMA,,MASTER,0,0,0,,,,,0,0,0,ESDB_V0_4
10125,10315,vanished,-12.0892,1,PASS,35,,v;aj,vanish;vanished,FORM;LEMMA,,MASTER,0,0,0,,,,,0,0,0,ESDB_V0_4
10126,10316,vein,-12.0892,1,PASS,35,,n_v,vein,LEMMA,,MASTER,0,1,1,,,,veins,0,1,1,ESDB_V0_4
10127,10317,veins,-12.0892,1,PASS,35,,n_v,vein,FORM,,MASTER,0,1,0,,vein,,,1,0,0,ESDB_V0_4
10128,10318,vent,-12.0892,1,PASS,35,,n_v,vent,LEMMA,,MASTER,0,1,1,,,event,vents,0,2,1,ESDB_V0_4
10129,10319,versa,-12.0892,0,NO_ESDB_GENERAL_EVIDENCE,,,,,,,REJECTED_AUTO,0,0,0,,,,,0,0,0,ESDB_V0_4
10130,10320,vibe,-12.0892,1,PASS,60,,n,vibe,LEMMA,,MASTER,0,0,0,,,,,0,0,0,ESDB_V0_4
10131,10321,voiced,-12.0892,1,PASS,35,,n_v;aj,voice;voiced,FORM;LEMMA,,MASTER,0,1,0,,voice,,,1,0,0,ESDB_V0_4
10132,10322,volatile,-12.0892,1,PASS,35,,aj,volatile,LEMMA,,MASTER,0,0,0,,,,,0,0,0,ESDB_V0_4
10133,10323,volcano,-12.0892,1,PASS,35,,n,volcano,LEMMA,,MASTER,0,0,0,,,,,0,0,0,ESDB_V0_4
10134,10324,warranty,-12.0892,1,PASS,35,,n_v,warranty,LEMMA,,MASTER,0,1,0,,warrant,,,1,0,0,ESDB_V0_4
10135,10325,wired,-12.0892,1,PASS,35,,n_v;aj,wire;wired,FORM;LEMMA,,MASTER,0,1,0,,wire,,,1,0,0,ESDB_V0_4
10136,10326,worms,-12.0892,1,PASS,35,50,n_v,worm,FORM,,MASTER,0,1,0,,worm,,,1,0,0,ESDB_V0_4
10137,10327,xp,-12.0892,0,NOT_EXACT_EN_US,,,,,,,REJECTED_AUTO,0,0,0,,,,,0,0,0,ESDB_V0_4
10138,10328,zimbabwe,-12.0892,0,NOT_EXACT_EN_US,,,,,,,REJECTED_AUTO,0,0,0,,,,,0,0,0,ESDB_V0_4
10139,10329,accomplishments,-12.1108,1,PASS,35,,n,accomplishment,FORM,,MASTER,0,1,0,,accomplishment,,,1,0,0,ESDB_V0_4
10140,10330,afl,-12.1108,0,NOT_EXACT_EN_US,,,,,,,REJECTED_AUTO,0,0,0,,,,,0,0,0,ESDB_V0_4
10141,10331,alexandria,-12.1108,0,NOT_EXACT_EN_US,,,,,,,REJECTED_AUTO,0,0,0,,,,,0,0,0,ESDB_V0_4
10142,10332,antenna,-12.1108,1,PASS,35,,n,antenna,LEMMA,,MASTER,0,0,0,,,,,0,0,0,ESDB_V0_4
10143,10333,audition,-12.1108,1,PASS,35,,n_v,audition,LEMMA,,MASTER,0,1,1,,,,auditions,0,1,1,ESDB_V0_4
10144,10334,bahrain,-12.1108,0,NOT_EXACT_EN_US,,,,,,,REJECTED_AUTO,0,0,0,,,,,0,0,0,ESDB_V0_4
10145,10335,beams,-12.1108,1,PASS,35,,n_v,beam,FORM,,MASTER,0,1,0,,beam,,,1,0,0,ESDB_V0_4
10146,10336,bf,-12.1108,0,NO_ESDB_GENERAL_EVIDENCE,,,,,,,REJECTED_AUTO,0,0,0,,,,,0,0,0,ESDB_V0_4
10147,10337,brett,-12.1108,0,NOT_EXACT_EN_US,,,,,,,REJECTED_AUTO,0,0,0,,,,,0,0,0,ESDB_V0_4
10148,10338,chang,-12.1108,0,NOT_EXACT_EN_US,,,,,,,REJECTED_AUTO,0,0,0,,,,,0,0,0,ESDB_V0_4
10149,10339,chop,-12.1108,1,PASS,35,,n_v,chop,LEMMA,,MASTER,0,1,1,hop,,,chops,1,1,1,ESDB_V0_4
10150,10340,chopped,-12.1108,1,PASS,35,,n_v;aj,chop;chopped,FORM;LEMMA,,MASTER,0,0,0,,,,,0,0,0,ESDB_V0_4
10151,10341,comfortably,-12.1108,1,PASS,35,,av,comfortably,LEMMA,,MASTER,0,0,0,,,,,0,0,0,ESDB_V0_4
10152,10342,communal,-12.1108,1,PASS,35,,aj,communal,LEMMA,,MASTER,0,0,0,,,,,0,0,0,ESDB_V0_4
10153,10343,compares,-12.1108,1,PASS,35,,v,compare,FORM,,MASTER,0,1,0,,compare,,,1,0,0,ESDB_V0_4
10154,10344,compelled,-12.1108,1,PASS,35,,v,compel,FORM,,MASTER,0,0,0,,,,,0,0,0,ESDB_V0_4
10155,10345,consortium,-12.1108,1,PASS,35,,n,consortium,LEMMA,,MASTER,0,0,0,,,,,0,0,0,ESDB_V0_4
10156,10346,constituency,-12.1108,1,PASS,35,,n,constituency,LEMMA,,MASTER,0,0,0,,,,,0,0,0,ESDB_V0_4
10157,10347,contempt,-12.1108,1,PASS,35,,n,contempt,LEMMA,,MASTER,0,0,0,,,,,0,0,0,ESDB_V0_4
10158,10348,contributes,-12.1108,1,PASS,35,,v,contribute,FORM,,MASTER,0,1,0,,contribute,,,1,0,0,ESDB_V0_4
10159,10349,converting,-12.1108,1,PASS,35,,n_v,convert,FORM,,MASTER,0,0,0,,,,,0,0,0,ESDB_V0_4
10160,10350,convoy,-12.1108,1,PASS,35,,n_v,convoy,LEMMA,,MASTER,0,0,0,,,,,0,0,0,ESDB_V0_4
10161,10351,copenhagen,-12.1108,0,NOT_EXACT_EN_US,,,,,,,REJECTED_AUTO,0,0,0,,,,,0,0,0,ESDB_V0_4
10162,10352,cornwall,-12.1108,0,NOT_EXACT_EN_US,,,,,,,REJECTED_AUTO,0,0,0,,,,,0,0,0,ESDB_V0_4
10163,10353,costing,-12.1108,1,PASS,35,,v;n,cost;costing,FORM;LEMMA,,MASTER,0,0,0,,,,,0,0,0,ESDB_V0_4
10164,10354,crab,-12.1108,1,PASS,35,,n_v,crab,LEMMA,,MASTER,0,1,1,,,,crabs,0,1,1,ESDB_V0_4
10165,10355,cured,-12.1108,1,PASS,35,,n_v;aj,cure;cured,FORM;LEMMA,,MASTER,0,1,0,,cure,,,1,0,0,ESDB_V0_4
10166,10356,cuz,-12.1108,0,NOT_EXACT_EN_US,,,,,,,REJECTED_AUTO,0,0,0,,,,,0,0,0,ESDB_V0_4
10167,10357,dammit,-12.1108,1,PASS,60,,i,dammit,LEMMA,,MASTER,0,0,0,,,,,0,0,0,ESDB_V0_4
10168,10358,davidson,-12.1108,0,NOT_EXACT_EN_US,,,,,,,REJECTED_AUTO,0,0,0,,,,,0,0,0,ESDB_V0_4
10169,10359,db,-12.1108,0,NO_ESDB_GENERAL_EVIDENCE,,,,,,,REJECTED_AUTO,0,0,0,,,,,0,0,0,ESDB_V0_4
10170,10360,decreasing,-12.1108,1,PASS,35,,n_v;aj,decrease;decreasing,FORM;LEMMA,,MASTER,0,0,0,,,,,0,0,0,ESDB_V0_4
10171,10361,defect,-12.1108,1,PASS,35,,n_v,defect,LEMMA,,MASTER,0,1,1,,,,defects,0,1,1,ESDB_V0_4
10172,10362,denies,-12.1108,1,PASS,35,,v,deny,FORM,,MASTER,0,0,0,,,,,0,0,0,ESDB_V0_4
10173,10363,disciplines,-12.1108,1,PASS,35,,n_v,discipline,FORM,,MASTER,0,1,0,,discipline,,,1,0,0,ESDB_V0_4
10174,10364,disguise,-12.1108,1,PASS,35,,n_v,disguise,LEMMA,,MASTER,0,1,1,,,,disguised,0,1,1,ESDB_V0_4
10175,10365,dividends,-12.1108,1,PASS,35,,n,dividend,FORM,,MASTER,0,1,0,,dividend,,,1,0,0,ESDB_V0_4
10176,10366,dorothy,-12.1108,0,NOT_EXACT_EN_US,,,,,,,REJECTED_AUTO,0,0,0,,,,,0,0,0,ESDB_V0_4
10177,10367,downloading,-12.1108,1,PASS,40,,n_v,download,FORM,,MASTER,0,0,0,,,,,0,0,0,ESDB_V0_4
10178,10368,downward,-12.1108,1,PASS,35,,aj;av,downward,LEMMA,,MASTER,0,0,0,,,,,0,0,0,ESDB_V0_4
10179,10369,drowning,-12.1108,1,PASS,35,,v;n,drown;drowning,FORM;LEMMA,,MASTER,0,0,0,,,,,0,0,0,ESDB_V0_4
10180,10370,drying,-12.1108,1,PASS,35,,v;n,dry;drying,FORM;LEMMA,,MASTER,0,0,0,,,,,0,0,0,ESDB_V0_4
10181,10371,dwelling,-12.1108,1,PASS,35,,v;n,dwell;dwelling,FORM;LEMMA,,MASTER,0,1,1,,,,dwellings,0,1,1,ESDB_V0_4
10182,10372,ecology,-12.1108,1,PASS,35,,n,ecology,LEMMA,,MASTER,0,0,0,,,,,0,0,0,ESDB_V0_4
10183,10373,electron,-12.1108,1,PASS,35,,n,electron,LEMMA,,MASTER,0,1,1,,,,electrons,0,1,1,ESDB_V0_4
10184,10374,enjoyable,-12.1108,1,PASS,35,,aj,enjoyable,LEMMA,,MASTER,0,0,0,,,,,0,0,0,ESDB_V0_4
10185,10375,equations,-12.1108,1,PASS,35,,n,equation,FORM,,MASTER,0,1,0,,equation,,,1,0,0,ESDB_V0_4
10186,10376,eugene,-12.1108,0,NOT_EXACT_EN_US,,,,,,,REJECTED_AUTO,0,0,0,,,,,0,0,0,ESDB_V0_4
10187,10377,exceeding,-12.1108,1,PASS,35,,v;aj,exceed;exceeding,FORM;LEMMA,,MASTER,0,0,0,,,,,0,0,0,ESDB_V0_4
10188,10378,exceptionally,-12.1108,1,PASS,35,,av,exceptionally,LEMMA,,MASTER,0,0,0,,,,,0,0,0,ESDB_V0_4
10189,10379,faint,-12.1108,1,PASS,35,,n_v;aj,faint,LEMMA,,MASTER,0,0,0,,,,,0,0,0,ESDB_V0_4
10190,10380,fda,-12.1108,0,NOT_EXACT_EN_US,,,,,,,REJECTED_AUTO,0,0,0,,,,,0,0,0,ESDB_V0_4
10191,10381,fines,-12.1108,1,PASS,35,,n_v,fine,FORM,,MASTER,0,1,1,,fine,,finest,1,1,0,ESDB_V0_4
10192,10382,forestry,-12.1108,1,PASS,35,,n,forestry,LEMMA,,MASTER,0,0,0,,,,,0,0,0,ESDB_V0_4
10193,10383,galleries,-12.1108,1,PASS,35,,n,gallery,FORM,,MASTER,0,0,0,,,,,0,0,0,ESDB_V0_4
10194,10384,gazette,-12.1108,1,PASS,35,,n_v,gazette,LEMMA,,MASTER,0,0,0,,,,,0,0,0,ESDB_V0_4
10195,10385,gem,-12.1108,1,PASS,35,,n,gem,LEMMA,,MASTER,0,1,1,em,,,gems,1,1,1,ESDB_V0_4
10196,10386,gloria,-12.1108,0,NOT_EXACT_EN_US,,,,,,,REJECTED_AUTO,0,0,0,,,,,0,0,0,ESDB_V0_4
10197,10387,govern,-12.1108,1,PASS,35,,v,govern,LEMMA,,MASTER,0,1,1,,,,governs,0,1,1,ESDB_V0_4
10198,10388,gram,-12.1108,1,PASS,35,,n,gram,LEMMA,,MASTER,0,1,1,ram,,,grams,1,1,1,ESDB_V0_4
10199,10389,grandpa,-12.1108,1,PASS,40,,n,grandpa,LEMMA,,MASTER,0,0,0,,,,,0,0,0,ESDB_V0_4
10200,10390,grapes,-12.1108,1,PASS,35,,n,grape,FORM,,MASTER,0,1,0,rapes,grape,,,2,0,0,ESDB_V0_4
10201,10391,gravel,-12.1108,1,PASS,35,,n;v,gravel,LEMMA,,MASTER,0,1,0,,grave,,,1,0,0,ESDB_V0_4
10202,10392,guiding,-12.1108,1,PASS,35,,n_v;aj,guide;guiding,FORM;LEMMA,,MASTER,0,0,0,,,,,0,0,0,ESDB_V0_4
10203,10393,hacking,-12.1108,1,PASS,35,,n_v;n,hack;hacking,FORM;LEMMA,,MASTER,0,0,0,,,,,0,0,0,ESDB_V0_4
10204,10394,hamlet,-12.1108,1,PASS,35,50,n,hamlet,LEMMA,,MASTER,0,0,0,,,,,0,0,0,ESDB_V0_4
10205,10395,improves,-12.1108,1,PASS,35,,v,improve,FORM,,MASTER,0,1,0,,improve,,,1,0,0,ESDB_V0_4
10206,10396,incapable,-12.1108,1,PASS,35,,aj,incapable,LEMMA,,MASTER,0,0,0,,,,,0,0,0,ESDB_V0_4
10207,10397,ingredient,-12.1108,1,PASS,35,,n,ingredient,LEMMA,,MASTER,0,1,1,,,,ingredients,0,1,1,ESDB_V0_4
10208,10398,internally,-12.1108,1,PASS,35,,av,internally,LEMMA,,MASTER,0,0,0,,,,,0,0,0,ESDB_V0_4
10209,10399,interstate,-12.1108,1,PASS,35,,n;aj,interstate,LEMMA,,MASTER,0,0,0,,,,,0,0,0,ESDB_V0_4
10210,10400,irregular,-12.1108,1,PASS,35,,n;aj,irregular,LEMMA,,MASTER,0,0,0,,,,,0,0,0,ESDB_V0_4
10211,10401,judy,-12.1108,0,NOT_EXACT_EN_US,,,,,,,REJECTED_AUTO,0,0,0,,,,,0,0,0,ESDB_V0_4
10212,10402,kai,-12.1108,0,NOT_EXACT_EN_US,,,,,,,REJECTED_AUTO,0,0,0,,,,,0,0,0,ESDB_V0_4
10213,10403,kurdish,-12.1108,0,NOT_EXACT_EN_US,,,,,,,REJECTED_AUTO,0,0,0,,,,,0,0,0,ESDB_V0_4
10214,10404,lakers,-12.1108,0,NOT_EXACT_EN_US,,,,,,,REJECTED_AUTO,0,0,0,,,,,0,0,0,ESDB_V0_4
10215,10405,lick,-12.1108,1,PASS,35,,n_v,lick,LEMMA,,MASTER,0,1,1,,,click;slick;flick,,0,3,0,ESDB_V0_4
10216,10406,lifelong,-12.1108,1,PASS,35,,aj,lifelong,LEMMA,,MASTER,0,0,0,,,,,0,0,0,ESDB_V0_4
10217,10407,lil,-12.1108,0,NOT_EXACT_EN_US,,,,,,,REJECTED_AUTO,0,0,0,,,,,0,0,0,ESDB_V0_4
10218,10408,lin,-12.1108,0,NOT_EXACT_EN_US,,,,,,,REJECTED_AUTO,0,0,0,,,,,0,0,0,ESDB_V0_4
10219,10409,logging,-12.1108,1,PASS,35,,n_v;n,log;logging,FORM;LEMMA,,MASTER,0,0,0,,,,,0,0,0,ESDB_V0_4
10220,10410,lump,-12.1108,1,PASS,35,,n_v;a,lump,LEMMA,,MASTER,0,1,1,,,slump,,0,1,0,ESDB_V0_4
10221,10411,mackenzie,-12.1108,0,NOT_EXACT_EN_US,,,,,,,REJECTED_AUTO,0,0,0,,,,,0,0,0,ESDB_V0_4
10222,10413,microphone,-12.1108,1,PASS,35,,n,microphone,LEMMA,,MASTER,0,0,0,,,,,0,0,0,ESDB_V0_4
10223,10414,misunderstanding,-12.1108,1,PASS,35,,v;n,misunderstand;misunderstanding,FORM;LEMMA,,MASTER,0,0,0,,,,,0,0,0,ESDB_V0_4
10224,10415,monte,-12.1108,0,NOT_EXACT_EN_US,,,,,,,REJECTED_AUTO,0,0,0,,,,,0,0,0,ESDB_V0_4
10225,10416,mortar,-12.1108,1,PASS,35,,n_v,mortar,LEMMA,,MASTER,0,0,0,,,,,0,0,0,ESDB_V0_4
10226,10417,motives,-12.1108,1,PASS,35,,n,motive,FORM,,MASTER,0,1,0,,motive,,,1,0,0,ESDB_V0_4
10227,10418,mourning,-12.1108,1,PASS,35,,v;n,mourn;mourning,FORM;LEMMA,,MASTER,0,0,0,,,,,0,0,0,ESDB_V0_4
10228,10419,mutually,-12.1108,1,PASS,35,,av,mutually,LEMMA,,MASTER,0,0,0,,,,,0,0,0,ESDB_V0_4
10229,10420,myths,-12.1108,1,PASS,35,,n,myth,FORM,,MASTER,0,1,0,,myth,,,1,0,0,ESDB_V0_4
10230,10421,nascar,-12.1108,0,NOT_EXACT_EN_US,,,,,,,REJECTED_AUTO,0,0,0,,,,,0,0,0,ESDB_V0_4
10231,10422,nat,-12.1108,0,NOT_EXACT_EN_US,,,,,,,REJECTED_AUTO,0,0,0,,,,,0,0,0,ESDB_V0_4
10232,10423,nexus,-12.1108,1,PASS,50,,n,nexus,LEMMA;FORM,,MASTER,0,0,0,,,,,0,0,0,ESDB_V0_4
10233,10424,notified,-12.1108,1,PASS,35,,v,notify,FORM,,MASTER,0,0,0,,,,,0,0,0,ESDB_V0_4
10234,10425,nt,-12.1108,0,NOT_EXACT_EN_US,,,,,,,REJECTED_AUTO,0,0,0,,,,,0,0,0,ESDB_V0_4
10235,10426,null,-12.1108,1,PASS,35,,aj,null,LEMMA,,MASTER,0,0,0,,,,,0,0,0,ESDB_V0_4
10236,10427,objections,-12.1108,1,PASS,35,,n,objection,FORM,,MASTER,0,1,0,,objection,,,1,0,0,ESDB_V0_4
10237,10428,oils,-12.1108,1,PASS,35,,n_v,oil,FORM,,MASTER,0,1,1,,oil,soils;coils,,1,2,0,ESDB_V0_4
10238,10429,pablo,-12.1108,0,NOT_EXACT_EN_US,,,,,,,REJECTED_AUTO,0,0,0,,,,,0,0,0,ESDB_V0_4
10239,10430,penetration,-12.1108,1,PASS,35,,n,penetration,LEMMA,,MASTER,0,0,0,,,,,0,0,0,ESDB_V0_4
10240,10431,pier,-12.1108,1,PASS,35,,n,pier,LEMMA,,MASTER,0,1,1,,pie,,piers,1,1,1,ESDB_V0_4
10241,10432,prophecy,-12.1108,1,PASS,35,,n,prophecy,LEMMA,,MASTER,0,0,0,,,,,0,0,0,ESDB_V0_4
10242,10433,protects,-12.1108,1,PASS,35,,v,protect,FORM,,MASTER,0,1,0,,protect,,,1,0,0,ESDB_V0_4
10243,10434,pulp,-12.1108,1,PASS,35,,n;v;a,pulp,LEMMA,,MASTER,0,0,0,,,,,0,0,0,ESDB_V0_4
10244,10435,rails,-12.1108,1,PASS,35,,n_v;n,rail,FORM,,MASTER,0,1,1,,rail,trails,,1,1,0,ESDB_V0_4
10245,10436,receipts,-12.1108,1,PASS,35,,n_v,receipt,FORM,,MASTER,0,1,0,,receipt,,,1,0,0,ESDB_V0_4
10246,10437,recorder,-12.1108,1,PASS,35,,n,recorder,LEMMA,,MASTER,0,1,1,,,,recorders,0,1,1,ESDB_V0_4
10247,10438,refreshing,-12.1108,1,PASS,35,,v;aj,refresh;refreshing,FORM;LEMMA,,MASTER,0,0,0,,,,,0,0,0,ESDB_V0_4
10248,10439,registry,-12.1108,1,PASS,35,,n,registry,LEMMA,,MASTER,0,0,0,,,,,0,0,0,ESDB_V0_4
10249,10440,representations,-12.1108,1,PASS,35,,n,representation,FORM,,MASTER,0,1,0,,representation,,,1,0,0,ESDB_V0_4
10250,10441,rooney,-12.1108,0,NOT_EXACT_EN_US,,,,,,,REJECTED_AUTO,0,0,0,,,,,0,0,0,ESDB_V0_4
10251,10442,sandwiches,-12.1108,1,PASS,35,,n_v,sandwich,FORM,,MASTER,0,0,0,,,,,0,0,0,ESDB_V0_4
10252,10443,sausage,-12.1108,1,PASS,35,,n,sausage,LEMMA,,MASTER,0,1,1,,,,sausages,0,1,1,ESDB_V0_4
10253,10444,scam,-12.1108,1,PASS,40,,n_v,scam,LEMMA,,MASTER,0,1,0,cam,,,,1,0,0,ESDB_V0_4
10254,10445,scanning,-12.1108,1,PASS,35,,n_v;n,scan;scanning,FORM;LEMMA,,MASTER,0,1,0,canning,,,,1,0,0,ESDB_V0_4
10255,10446,schedules,-12.1108,1,PASS,35,,n_v,schedule,FORM,,MASTER,0,1,0,,schedule,,,1,0,0,ESDB_V0_4
10256,10447,sentencing,-12.1108,1,PASS,35,,n_v;n,sentence;sentencing,FORM;LEMMA,,MASTER,0,0,0,,,,,0,0,0,ESDB_V0_4
10257,10448,seventeen,-12.1108,1,PASS,35,,n,seventeen,LEMMA,,MASTER,0,0,0,,,,,0,0,0,ESDB_V0_4
10258,10449,shouted,-12.1108,1,PASS,35,,n_v;aj,shout;shouted,FORM;LEMMA,,MASTER,0,0,0,,,,,0,0,0,ESDB_V0_4
10259,10450,simplified,-12.1108,1,PASS,35,,v,simplify,FORM,,MASTER,0,0,0,,,,,0,0,0,ESDB_V0_4
10260,10451,snacks,-12.1108,1,PASS,35,,n_v,snack,FORM,,MASTER,0,1,0,,snack,,,1,0,0,ESDB_V0_4
10261,10452,snapped,-12.1108,1,PASS,35,,n_v,snap,FORM,,MASTER,0,0,0,,,,,0,0,0,ESDB_V0_4
10262,10453,sofia,-12.1108,0,NOT_EXACT_EN_US,,,,,,,REJECTED_AUTO,0,0,0,,,,,0,0,0,ESDB_V0_4
10263,10454,sparks,-12.1108,1,PASS,35,50,n_v,spark,FORM,,MASTER,0,1,0,parks,spark,,,2,0,0,ESDB_V0_4
10264,10455,spectators,-12.1108,1,PASS,35,,n,spectator,FORM,,MASTER,0,1,0,,spectator,,,1,0,0,ESDB_V0_4
10265,10456,squares,-12.1108,1,PASS,35,,n_v,square,FORM,,MASTER,0,1,0,,square,,,1,0,0,ESDB_V0_4
10266,10457,stephanie,-12.1108,0,NOT_EXACT_EN_US,,,,,,,REJECTED_AUTO,0,0,0,,,,,0,0,0,ESDB_V0_4
10267,10458,stereo,-12.1108,1,PASS,35,,n;aj,stereo,LEMMA,,MASTER,0,0,0,,,,,0,0,0,ESDB_V0_4
10268,10459,strait,-12.1108,1,PASS,35,,n,strait,LEMMA,,MASTER,0,1,1,trait,,,straits,1,1,1,ESDB_V0_4
10269,10460,strokes,-12.1108,1,PASS,35,,n_v,stroke,FORM,,MASTER,0,1,0,,stroke,,,1,0,0,ESDB_V0_4
10270,10461,summers,-12.1108,1,PASS,35,50,n_v,summer,FORM,,MASTER,0,1,0,,summer,,,1,0,0,ESDB_V0_4
10271,10462,sundays,-12.1108,0,NOT_EXACT_EN_US,,,,,,,REJECTED_AUTO,0,0,0,,,,,0,0,0,ESDB_V0_4
10272,10463,sunk,-12.1108,1,PASS,35,,n_v;aj,sink;sunk,FORM;LEMMA,,MASTER,0,1,0,,sun,,,1,0,0,ESDB_V0_4
10273,10464,supplying,-12.1108,1,PASS,35,,n_v;n,supply;supplying,FORM;LEMMA,,MASTER,0,0,0,,,,,0,0,0,ESDB_V0_4
10274,10465,surfing,-12.1108,1,PASS,35,,v;n,surf;surfing,FORM;LEMMA,,MASTER,0,0,0,,,,,0,0,0,ESDB_V0_4
10275,10466,susceptible,-12.1108,1,PASS,35,,aj,susceptible,LEMMA,,MASTER,0,0,0,,,,,0,0,0,ESDB_V0_4
10276,10467,symphony,-12.1108,1,PASS,35,,n,symphony,LEMMA,,MASTER,0,0,0,,,,,0,0,0,ESDB_V0_4
10277,10468,systemic,-12.1108,1,PASS,50,,n;aj,systemic,LEMMA,,MASTER,0,0,0,,,,,0,0,0,ESDB_V0_4
10278,10469,talkin,-12.1108,0,NOT_EXACT_EN_US,,,,,,,REJECTED_AUTO,0,0,0,,,,,0,0,0,ESDB_V0_4
10279,10470,transferring,-12.1108,1,PASS,35,,n_v,transfer,FORM,,MASTER,0,0,0,,,,,0,0,0,ESDB_V0_4
10280,10471,tray,-12.1108,1,PASS,35,,n,tray,LEMMA,,MASTER,0,1,1,ray,,stray,,1,1,0,ESDB_V0_4
10281,10472,treasures,-12.1108,1,PASS,35,,n_v,treasure,FORM,,MASTER,0,1,0,,treasure,,,1,0,0,ESDB_V0_4
10282,10473,upright,-12.1108,1,PASS,35,,n;aj,upright,LEMMA,,MASTER,0,0,0,,,,,0,0,0,ESDB_V0_4
10283,10474,upward,-12.1108,1,PASS,35,,aj;av,upward,LEMMA,,MASTER,0,1,1,,,,upwards,0,1,0,ESDB_V0_4
10284,10475,vacant,-12.1108,1,PASS,35,,aj,vacant,LEMMA,,MASTER,0,0,0,,,,,0,0,0,ESDB_V0_4
10285,10476,warmth,-12.1108,1,PASS,35,,n,warmth,LEMMA,,MASTER,0,0,0,,,,,0,0,0,ESDB_V0_4
10286,10477,windsor,-12.1108,0,NOT_EXACT_EN_US,,,,,,,REJECTED_AUTO,0,0,0,,,,,0,0,0,ESDB_V0_4
10287,10478,yelled,-12.1108,1,PASS,35,,n_v;aj,yell;yelled,FORM;LEMMA,,MASTER,0,0,0,,,,,0,0,0,ESDB_V0_4
10288,10479,zurich,-12.1108,0,NOT_EXACT_EN_US,,,,,,,REJECTED_AUTO,0,0,0,,,,,0,0,0,ESDB_V0_4
10289,10482,alpine,-12.1347,1,PASS,40,50,aj,alpine,LEMMA,,MASTER,0,0,0,,,,,0,0,0,ESDB_V0_4
10290,10483,amusement,-12.1347,1,PASS,35,,n,amusement,LEMMA,,MASTER,0,0,0,,,,,0,0,0,ESDB_V0_4
10291,10484,analog,-12.1347,1,PASS,35,,n;aj,analog,LEMMA,,MASTER,0,1,1,,,,analogy,0,1,0,ESDB_V0_4
10292,10485,analyzing,-12.1347,1,PASS,35,,v,analyze,FORM,,MASTER,0,0,0,,,,,0,0,0,ESDB_V0_4
10293,10486,arises,-12.1347,1,PASS,35,,v,arise,FORM,,MASTER,0,1,0,rises,arise,,,2,0,0,ESDB_V0_4
10294,10487,assessing,-12.1347,1,PASS,35,,v,assess,FORM,,MASTER,0,0,0,,,,,0,0,0,ESDB_V0_4
10295,10488,assign,-12.1347,1,PASS,35,,n_v,assign,LEMMA,,MASTER,0,1,1,,,,assigns,0,1,1,ESDB_V0_4
10296,10489,awakening,-12.1347,1,PASS,35,,v;n,awaken;awakening,FORM;LEMMA,,MASTER,0,0,0,,,,,0,0,0,ESDB_V0_4
10297,10490,baggage,-12.1347,1,PASS,35,,n,baggage,LEMMA,,MASTER,0,0,0,,,,,0,0,0,ESDB_V0_4
10298,10491,baghdad,-12.1347,0,NOT_EXACT_EN_US,,,,,,,REJECTED_AUTO,0,0,0,,,,,0,0,0,ESDB_V0_4
10299,10492,banker,-12.1347,1,PASS,35,,n,banker,LEMMA,,MASTER,0,1,1,,,,bankers,0,1,1,ESDB_V0_4
10300,10493,barracks,-12.1347,1,PASS,60,,n_v,barrack,FORM,,MASTER,0,0,0,,,,,0,0,0,ESDB_V0_4
10301,10494,beware,-12.1347,1,PASS,35,,v,beware,LEMMA,,MASTER,0,0,0,,,,,0,0,0,ESDB_V0_4
10302,10495,billboard,-12.1347,1,PASS,35,,n,billboard,LEMMA,,MASTER,0,0,0,,,,,0,0,0,ESDB_V0_4
10303,10496,bliss,-12.1347,1,PASS,35,,n;v,bliss,LEMMA,,MASTER,0,0,0,,,,,0,0,0,ESDB_V0_4
10304,10497,boxer,-12.1347,1,PASS,35,,n,boxer,LEMMA,,MASTER,0,1,1,,,,boxers,0,1,1,ESDB_V0_4
10305,10498,boycott,-12.1347,1,PASS,35,,n_v,boycott,LEMMA,,MASTER,0,0,0,,,,,0,0,0,ESDB_V0_4
10306,10499,br,-12.1347,0,NOT_EXACT_EN_US,,,,,,,REJECTED_AUTO,0,0,0,,,,,0,0,0,ESDB_V0_4
10307,10500,bravo,-12.1347,1,PASS,35,,n,bravo,LEMMA,,MASTER,0,0,0,,,,,0,0,0,ESDB_V0_4
10308,10501,burton,-12.1347,0,NOT_EXACT_EN_US,,,,,,,REJECTED_AUTO,0,0,0,,,,,0,0,0,ESDB_V0_4
10309,10502,butcher,-12.1347,1,PASS,35,,n_v,butcher,LEMMA,,MASTER,0,0,0,,,,,0,0,0,ESDB_V0_4
10310,10503,cans,-12.1347,1,PASS,35,,n;v,can,FORM,,MASTER,0,1,1,,can,scans,,1,1,0,ESDB_V0_4
10311,10504,captive,-12.1347,1,PASS,35,,n;aj,captive,LEMMA,,MASTER,0,1,1,,,,captives,0,1,1,ESDB_V0_4
10312,10505,cardinals,-12.1347,1,PASS,35,,n,cardinal,FORM,,MASTER,0,1,0,,cardinal,,,1,0,0,ESDB_V0_4
10313,10506,carpenter,-12.1347,1,PASS,35,50,n_v,carpenter,LEMMA,,MASTER,0,0,0,,,,,0,0,0,ESDB_V0_4
10314,10507,carrie,-12.1347,0,NOT_EXACT_EN_US,,,,,,,REJECTED_AUTO,0,0,0,,,,,0,0,0,ESDB_V0_4
10315,10508,caves,-12.1347,1,PASS,35,,n_v,cave,FORM,,MASTER,0,1,0,,cave,,,1,0,0,ESDB_V0_4
10316,10509,chased,-12.1347,1,PASS,35,,n_v;n,chase;chased,FORM;LEMMA,,MASTER,0,1,0,,chase,,,1,0,0,ESDB_V0_4
10317,10510,childish,-12.1347,1,PASS,35,,aj,childish,LEMMA,,MASTER,0,0,0,,,,,0,0,0,ESDB_V0_4
10318,10511,competence,-12.1347,1,PASS,35,,n,competence,LEMMA,,MASTER,0,0,0,,,,,0,0,0,ESDB_V0_4
10319,10512,condemn,-12.1347,1,PASS,35,,v,condemn,LEMMA,,MASTER,0,1,1,,,,condemns,0,1,1,ESDB_V0_4
10320,10513,confederation,-12.1347,1,PASS,35,,n,confederation,LEMMA,,MASTER,0,0,0,,,,,0,0,0,ESDB_V0_4
10321,10514,congressman,-12.1347,1,PASS,35,,n,congressman,LEMMA,,MASTER,0,0,0,,,,,0,0,0,ESDB_V0_4
10322,10515,contracting,-12.1347,1,PASS,35,,n_v;n,contract;contracting,FORM;LEMMA,,MASTER,0,0,0,,,,,0,0,0,ESDB_V0_4
10323,10516,counselor,-12.1347,1,PASS,35,,n,counselor,LEMMA,,MASTER,0,1,1,,,,counselors,0,1,1,ESDB_V0_4
10324,10517,courtyard,-12.1347,1,PASS,35,,n,courtyard,LEMMA,,MASTER,0,0,0,,,,,0,0,0,ESDB_V0_4
10325,10518,creators,-12.1347,1,PASS,35,,n,creator,FORM,,MASTER,0,1,0,,creator,,,1,0,0,ESDB_V0_4
10326,10519,criterion,-12.1347,1,PASS,35,,n,criterion,LEMMA,,MASTER,0,0,0,,,,,0,0,0,ESDB_V0_4
10327,10520,cue,-12.1347,1,PASS,35,,n_v,cue,LEMMA,,MASTER,0,1,1,,,,cues,0,1,1,ESDB_V0_4
10328,10521,damascus,-12.1347,0,NOT_EXACT_EN_US,,,,,,,REJECTED_AUTO,0,0,0,,,,,0,0,0,ESDB_V0_4
10329,10522,decreases,-12.1347,1,PASS,35,,n_v,decrease,FORM,,MASTER,0,1,0,,decrease,,,1,0,0,ESDB_V0_4
10330,10523,delegate,-12.1347,1,PASS,35,,n_v,delegate,LEMMA,,MASTER,0,1,1,,,,delegates,0,1,1,ESDB_V0_4
10331,10524,detached,-12.1347,1,PASS,35,,v;aj,detach;detached,FORM;LEMMA,,MASTER,0,0,0,,,,,0,0,0,ESDB_V0_4
10332,10525,differs,-12.1347,1,PASS,35,,v,differ,FORM,,MASTER,0,1,0,,differ,,,1,0,0,ESDB_V0_4
10333,10526,dinosaur,-12.1347,1,PASS,35,,n,dinosaur,LEMMA,,MASTER,0,1,1,,,,dinosaurs,0,1,1,ESDB_V0_4
10334,10527,displacement,-12.1347,1,PASS,35,,n,displacement,LEMMA,,MASTER,0,0,0,,,,,0,0,0,ESDB_V0_4
10335,10528,doe,-12.1347,1,PASS,35,50,n,doe,LEMMA;FORM,,MASTER,0,1,1,,do,,does,1,1,1,ESDB_V0_4
10336,10530,drunken,-12.1347,1,PASS,35,,aj,drunken,LEMMA,,MASTER,0,0,0,,,,,0,0,0,ESDB_V0_4
10337,10531,dwight,-12.1347,0,NOT_EXACT_EN_US,,,,,,,REJECTED_AUTO,0,0,0,,,,,0,0,0,ESDB_V0_4
10338,10532,eclipse,-12.1347,1,PASS,35,,n_v,eclipse,LEMMA,,MASTER,0,0,0,,,,,0,0,0,ESDB_V0_4
10339,10533,elvis,-12.1347,0,NOT_EXACT_EN_US,,,,,,,REJECTED_AUTO,0,0,0,,,,,0,0,0,ESDB_V0_4
10340,10534,embraced,-12.1347,1,PASS,35,,n_v,embrace,FORM,,MASTER,0,1,0,,embrace,,,1,0,0,ESDB_V0_4
10341,10535,escaping,-12.1347,1,PASS,35,,n_v,escape,FORM,,MASTER,0,0,0,,,,,0,0,0,ESDB_V0_4
10342,10536,evan,-12.1347,0,NOT_EXACT_EN_US,,,,,,,REJECTED_AUTO,0,0,0,,,,,0,0,0,ESDB_V0_4
10343,10537,exercising,-12.1347,1,PASS,35,,n_v;n,exercise;exercising,FORM;LEMMA,,MASTER,0,0,0,,,,,0,0,0,ESDB_V0_4
10344,10538,expresses,-12.1347,1,PASS,35,,n_v,express,FORM,,MASTER,0,0,0,,,,,0,0,0,ESDB_V0_4
10345,10539,financed,-12.1347,1,PASS,35,,n_v,finance,FORM,,MASTER,0,1,0,,finance,,,1,0,0,ESDB_V0_4
10346,10540,flush,-12.1347,1,PASS,35,,n_v;aj_av,flush,LEMMA,,MASTER,0,1,0,lush,,,,1,0,0,ESDB_V0_4
10347,10541,folded,-12.1347,1,PASS,35,,n_v,fold,FORM,,MASTER,0,0,0,,,,,0,0,0,ESDB_V0_4
10348,10542,forbes,-12.1347,0,NOT_EXACT_EN_US,,,,,,,REJECTED_AUTO,0,0,0,,,,,0,0,0,ESDB_V0_4
10349,10543,forecasts,-12.1347,1,PASS,35,,n_v,forecast,FORM,,MASTER,0,1,0,,forecast,,,1,0,0,ESDB_V0_4
10350,10544,frankfurt,-12.1347,0,NOT_EXACT_EN_US,,,,,,,REJECTED_AUTO,0,0,0,,,,,0,0,0,ESDB_V0_4
10351,10545,freddie,-12.1347,0,NOT_EXACT_EN_US,,,,,,,REJECTED_AUTO,0,0,0,,,,,0,0,0,ESDB_V0_4
10352,10546,futures,-12.1347,1,PASS,35,,n,future,FORM,,MASTER,0,1,0,,future,,,1,0,0,ESDB_V0_4
10353,10548,ge,-12.1347,0,NOT_EXACT_EN_US,,,,,,,REJECTED_AUTO,0,0,0,,,,,0,0,0,ESDB_V0_4
10354,10549,gettin,-12.1347,0,NOT_EXACT_EN_US,,,,,,,REJECTED_AUTO,0,0,0,,,,,0,0,0,ESDB_V0_4
10355,10550,ghetto,-12.1347,1,PASS,35,,n,ghetto,LEMMA,,MASTER,0,0,0,,,,,0,0,0,ESDB_V0_4
10356,10551,grains,-12.1347,1,PASS,35,,n,grain,FORM,,MASTER,0,1,0,rains,grain,,,2,0,0,ESDB_V0_4
10357,10552,greet,-12.1347,1,PASS,35,,v,greet,LEMMA,,MASTER,0,0,0,,,,,0,0,0,ESDB_V0_4
10358,10553,hammond,-12.1347,0,NOT_EXACT_EN_US,,,,,,,REJECTED_AUTO,0,0,0,,,,,0,0,0,ESDB_V0_4
10359,10554,hazardous,-12.1347,1,PASS,35,,aj,hazardous,LEMMA,,MASTER,0,0,0,,,,,0,0,0,ESDB_V0_4
10360,10555,heath,-12.1347,1,PASS,35,50,n,heath,LEMMA,,MASTER,0,1,0,,heat,,,1,0,0,ESDB_V0_4
10361,10556,hips,-12.1347,1,PASS,35,,n_v,hip,FORM,,MASTER,0,1,1,,hip,ships;chips,,1,2,0,ESDB_V0_4
10362,10557,honorable,-12.1347,1,PASS,35,60,aj,honorable,LEMMA,,MASTER,0,0,0,,,,,0,0,0,ESDB_V0_4
10363,10558,honors,-12.1347,1,PASS,35,,n_v,honor,FORM,,MASTER,0,1,0,,honor,,,1,0,0,ESDB_V0_4
10364,10559,hooker,-12.1347,1,PASS,40,50,n,hooker,LEMMA,,MASTER,0,0,0,,,,,0,0,0,ESDB_V0_4
10365,10560,husbands,-12.1347,1,PASS,35,,n_v,husband,FORM,,MASTER,0,1,0,,husband,,,1,0,0,ESDB_V0_4
10366,10561,idle,-12.1347,1,PASS,35,,n_v;aj,idle,LEMMA,,MASTER,0,0,0,,,,,0,0,0,ESDB_V0_4
10367,10562,illegally,-12.1347,1,PASS,35,,av,illegally,LEMMA,,MASTER,0,0,0,,,,,0,0,0,ESDB_V0_4
10368,10563,illustrates,-12.1347,1,PASS,35,,v,illustrate,FORM,,MASTER,0,1,0,,illustrate,,,1,0,0,ESDB_V0_4
10369,10564,imf,-12.1347,0,NOT_EXACT_EN_US,,,,,,,REJECTED_AUTO,0,0,0,,,,,0,0,0,ESDB_V0_4
10370,10565,imminent,-12.1347,1,PASS,35,,aj,imminent,LEMMA,,MASTER,0,0,0,,,,,0,0,0,ESDB_V0_4
10371,10566,indies,-12.1347,0,CASE_FREQ_COLLISION,60,50,n,indie,FORM,,REJECTED_AUTO,0,0,0,,,,,0,0,0,ESDB_V0_4
10372,10567,integrate,-12.1347,1,PASS,35,,v,integrate,LEMMA,,MASTER,0,1,1,,,,integrated,0,1,1,ESDB_V0_4
10373,10568,investigative,-12.1347,1,PASS,40,,aj,investigative,LEMMA,,MASTER,0,0,0,,,,,0,0,0,ESDB_V0_4
10374,10569,iris,-12.1347,1,PASS,35,50,n,iris,LEMMA,,MASTER,0,0,0,,,,,0,0,0,ESDB_V0_4
10375,10570,irs,-12.1347,0,NOT_EXACT_EN_US,,,,,,,REJECTED_AUTO,0,0,0,,,,,0,0,0,ESDB_V0_4
10376,10571,jade,-12.1347,1,PASS,35,,n_v;aj,jade,LEMMA,,MASTER,0,0,0,,,,,0,0,0,ESDB_V0_4
10377,10572,kingston,-12.1347,0,NOT_EXACT_EN_US,,,,,,,REJECTED_AUTO,0,0,0,,,,,0,0,0,ESDB_V0_4
10378,10573,kits,-12.1347,1,PASS,35,,n,kit,FORM,,MASTER,0,1,0,its,kit,,,2,0,0,ESDB_V0_4
10379,10574,knox,-12.1347,0,NOT_EXACT_EN_US,,,,,,,REJECTED_AUTO,0,0,0,,,,,0,0,0,ESDB_V0_4
10380,10575,listeners,-12.1347,1,PASS,35,,n,listener,FORM,,MASTER,0,1,0,,listener,,,1,0,0,ESDB_V0_4
10381,10576,literal,-12.1347,1,PASS,35,,n;aj,literal,LEMMA,,MASTER,0,0,0,,,,,0,0,0,ESDB_V0_4
10382,10577,losers,-12.1347,1,PASS,35,,n,loser,FORM,,MASTER,0,1,0,,loser,,,1,0,0,ESDB_V0_4
10383,10578,manga,-12.1347,0,SPECIAL_ONLY,50,,n,manga,LEMMA,,REJECTED_AUTO,0,0,0,,,,,0,0,0,ESDB_V0_4
10384,10579,manly,-12.1347,1,PASS,35,,aj_av,manly,LEMMA,,MASTER,0,0,0,,,,,0,0,0,ESDB_V0_4
10385,10580,marched,-12.1347,1,PASS,35,,n_v,march,FORM,,MASTER,0,0,0,,,,,0,0,0,ESDB_V0_4
10386,10581,mcdonald,-12.1347,0,NOT_EXACT_EN_US,,,,,,,REJECTED_AUTO,0,0,0,,,,,0,0,0,ESDB_V0_4
10387,10582,membrane,-12.1347,1,PASS,35,,n,membrane,LEMMA,,MASTER,0,1,1,,,,membranes,0,1,1,ESDB_V0_4
10388,10583,mentality,-12.1347,1,PASS,35,,n,mentality,LEMMA,,MASTER,0,0,0,,,,,0,0,0,ESDB_V0_4
10389,10584,mentioning,-12.1347,1,PASS,35,,n_v,mention,FORM,,MASTER,0,0,0,,,,,0,0,0,ESDB_V0_4
10390,10585,metabolism,-12.1347,1,PASS,35,,n,metabolism,LEMMA,,MASTER,0,0,0,,,,,0,0,0,ESDB_V0_4
10391,10586,nate,-12.1347,0,NOT_EXACT_EN_US,,,,,,,REJECTED_AUTO,0,0,0,,,,,0,0,0,ESDB_V0_4
10392,10587,newfoundland,-12.1347,0,NOT_EXACT_EN_US,,,,,,,REJECTED_AUTO,0,0,0,,,,,0,0,0,ESDB_V0_4
10393,10588,niche,-12.1347,1,PASS,35,,n,niche,LEMMA,,MASTER,0,0,0,,,,,0,0,0,ESDB_V0_4
10394,10589,nightmares,-12.1347,1,PASS,35,,n,nightmare,FORM,,MASTER,0,1,0,,nightmare,,,1,0,0,ESDB_V0_4
10395,10590,nile,-12.1347,0,NOT_EXACT_EN_US,,,,,,,REJECTED_AUTO,0,0,0,,,,,0,0,0,ESDB_V0_4
10396,10591,novelty,-12.1347,1,PASS,35,,n,novelty,LEMMA,,MASTER,0,0,0,,,,,0,0,0,ESDB_V0_4
10397,10592,nutrients,-12.1347,1,PASS,35,,n,nutrient,FORM,,MASTER,0,1,0,,nutrient,,,1,0,0,ESDB_V0_4
10398,10593,onions,-12.1347,1,PASS,35,,n,onion,FORM,,MASTER,0,1,0,,onion,,,1,0,0,ESDB_V0_4
10399,10594,opener,-12.1347,1,PASS,35,,aj;n,open;opener,FORM;LEMMA,,MASTER,0,0,0,,,,,0,0,0,ESDB_V0_4
10400,10595,oracle,-12.1347,1,PASS,35,50,n,oracle,LEMMA,,MASTER,0,0,0,,,,,0,0,0,ESDB_V0_4
10401,10596,overlap,-12.1347,1,PASS,35,,n_v,overlap,LEMMA,,MASTER,0,0,0,,,,,0,0,0,ESDB_V0_4
10402,10597,overweight,-12.1347,1,PASS,35,,n;aj,overweight,LEMMA,,MASTER,0,0,0,,,,,0,0,0,ESDB_V0_4
10403,10598,paranoid,-12.1347,1,PASS,35,,n;aj,paranoid,LEMMA,,MASTER,0,0,0,,,,,0,0,0,ESDB_V0_4
10404,10599,pensions,-12.1347,1,PASS,35,,n_v,pension,FORM,,MASTER,0,1,0,,pension,,,1,0,0,ESDB_V0_4
10405,10600,perceptions,-12.1347,1,PASS,35,,n,perception,FORM,,MASTER,0,1,0,,perception,,,1,0,0,ESDB_V0_4
10406,10601,perfume,-12.1347,1,PASS,35,,n_v,perfume,LEMMA,,MASTER,0,0,0,,,,,0,0,0,ESDB_V0_4
10407,10602,pinch,-12.1347,1,PASS,35,,n_v,pinch,LEMMA,,MASTER,0,1,0,inch,,,,1,0,0,ESDB_V0_4
10408,10603,ping,-12.1347,1,PASS,40,,n_v,ping,LEMMA,,MASTER,0,1,0,,pin,,,1,0,0,ESDB_V0_4
10409,10604,pitcher,-12.1347,1,PASS,35,,n,pitcher,LEMMA,,MASTER,0,1,1,,,,pitchers,0,1,1,ESDB_V0_4
10410,10605,popping,-12.1347,1,PASS,35,,n_v;n,pop;popping,FORM;LEMMA,,MASTER,0,0,0,,,,,0,0,0,ESDB_V0_4
10411,10606,positioning,-12.1347,1,PASS,35,,n_v;n;aj,position;positioning,FORM;LEMMA,,MASTER,0,0,0,,,,,0,0,0,ESDB_V0_4
10412,10607,precipitation,-12.1347,1,PASS,35,,n,precipitation,LEMMA,,MASTER,0,0,0,,,,,0,0,0,ESDB_V0_4
10413,10608,programmed,-12.1347,1,PASS,35,,v;n_v,program;programme,FORM,,MASTER,0,0,0,,,,,0,0,0,ESDB_V0_4
10414,10609,quiz,-12.1347,1,PASS,35,,n_v,quiz,LEMMA,,MASTER,0,0,0,,,,,0,0,0,ESDB_V0_4
10415,10610,rang,-12.1347,1,PASS,35,,v,ring,FORM,,MASTER,0,1,1,,ran,,range,1,1,0,ESDB_V0_4
10416,10611,rebuilding,-12.1347,1,PASS,35,,v;n,rebuild;rebuilding,FORM;LEMMA,,MASTER,0,0,0,,,,,0,0,0,ESDB_V0_4
10417,10612,reinforce,-12.1347,1,PASS,35,,v,reinforce,LEMMA,,MASTER,0,1,1,,,,reinforced;reinforces,0,2,2,ESDB_V0_4
10418,10613,remake,-12.1347,1,PASS,40,,n_v,remake,LEMMA,,MASTER,0,0,0,,,,,0,0,0,ESDB_V0_4
10419,10614,remarkably,-12.1347,1,PASS,35,,av,remarkably,LEMMA,,MASTER,0,0,0,,,,,0,0,0,ESDB_V0_4
10420,10615,resemble,-12.1347,1,PASS,35,,v,resemble,LEMMA,,MASTER,0,1,1,,,,resembles;resembled,0,2,2,ESDB_V0_4
10421,10616,rests,-12.1347,1,PASS,35,,n_v,rest,FORM,,MASTER,0,1,0,,rest,,,1,0,0,ESDB_V0_4
10422,10617,retrieve,-12.1347,1,PASS,35,,n_v,retrieve,LEMMA,,MASTER,0,1,1,,,,retrieved,0,1,1,ESDB_V0_4
10423,10618,romeo,-12.1347,0,CASE_FREQ_COLLISION,60,50,n,romeo,LEMMA,,REJECTED_AUTO,0,0,0,,,,,0,0,0,ESDB_V0_4
10424,10619,rotating,-12.1347,1,PASS,35,,v,rotate,FORM,,MASTER,0,0,0,,,,,0,0,0,ESDB_V0_4
10425,10620,routinely,-12.1347,1,PASS,35,,av,routinely,LEMMA,,MASTER,0,0,0,,,,,0,0,0,ESDB_V0_4
10426,10621,rue,-12.1347,1,PASS,35,,n;v,rue,LEMMA,,MASTER,0,1,1,,,true,,0,1,0,ESDB_V0_4
10427,10622,salute,-12.1347,1,PASS,35,,n_v,salute,LEMMA,,MASTER,0,0,0,,,,,0,0,0,ESDB_V0_4
10428,10623,scars,-12.1347,1,PASS,35,,n_v,scar,FORM,,MASTER,0,1,0,cars,scar,,,2,0,0,ESDB_V0_4
10429,10624,scenery,-12.1347,1,PASS,35,,n,scenery,LEMMA,,MASTER,0,0,0,,,,,0,0,0,ESDB_V0_4
10430,10625,scent,-12.1347,1,PASS,35,,n_v,scent,LEMMA,,MASTER,0,1,1,cent,,ascent,,1,1,0,ESDB_V0_4
10431,10626,schmidt,-12.1347,0,NOT_EXACT_EN_US,,,,,,,REJECTED_AUTO,0,0,0,,,,,0,0,0,ESDB_V0_4
10432,10627,scotch,-12.1347,1,PASS,35,35,n_v,scotch,LEMMA,,MASTER,0,0,0,,,,,0,0,0,ESDB_V0_4
10433,10628,seminar,-12.1347,1,PASS,35,,n,seminar,LEMMA,,MASTER,0,1,1,,,,seminary;seminars,0,2,1,ESDB_V0_4
10434,10629,sherlock,-12.1347,0,NOT_EXACT_EN_US,,,,,,,REJECTED_AUTO,0,0,0,,,,,0,0,0,ESDB_V0_4
10435,10630,slides,-12.1347,1,PASS,35,,n_v,slide,FORM,,MASTER,0,1,0,,slide,,,1,0,0,ESDB_V0_4
10436,10631,slut,-12.1347,1,PASS,35,,n,slut,LEMMA,,MASTER,0,0,0,,,,,0,0,0,ESDB_V0_4
10437,10632,specimen,-12.1347,1,PASS,35,,n,specimen,LEMMA,,MASTER,0,1,1,,,,specimens,0,1,1,ESDB_V0_4
10438,10633,spontaneous,-12.1347,1,PASS,35,,aj,spontaneous,LEMMA,,MASTER,0,0,0,,,,,0,0,0,ESDB_V0_4
10439,10634,stationed,-12.1347,1,PASS,35,,n_v,station,FORM,,MASTER,0,0,0,,,,,0,0,0,ESDB_V0_4
10440,10635,strains,-12.1347,1,PASS,35,,n_v,strain,FORM,,MASTER,0,1,0,trains,strain,,,2,0,0,ESDB_V0_4
10441,10636,stripes,-12.1347,1,PASS,35,,n_v;n,stripe;stripes,FORM;LEMMA,,MASTER,0,1,0,,stripe,,,1,0,0,ESDB_V0_4
10442,10637,superhero,-12.1347,1,PASS,60,,n,superhero,LEMMA,,MASTER,0,0,0,,,,,0,0,0,ESDB_V0_4
10443,10638,sustainability,-12.1347,1,PASS,60,,n,sustainability,LEMMA,,MASTER,0,0,0,,,,,0,0,0,ESDB_V0_4
10444,10639,tate,-12.1347,0,NOT_EXACT_EN_US,,,,,,,REJECTED_AUTO,0,0,0,,,,,0,0,0,ESDB_V0_4
10445,10640,tee,-12.1347,1,PASS,35,,n_v;a,tee,LEMMA,,MASTER,0,1,1,,,,teen,0,1,0,ESDB_V0_4
10446,10641,thirsty,-12.1347,1,PASS,35,,aj,thirsty,LEMMA,,MASTER,0,1,0,,thirst,,,1,0,0,ESDB_V0_4
10447,10642,tightly,-12.1347,1,PASS,35,,av,tightly,LEMMA,,MASTER,0,0,0,,,,,0,0,0,ESDB_V0_4
10448,10643,timely,-12.1347,1,PASS,35,,aj_av,timely,LEMMA,,MASTER,0,0,0,,,,,0,0,0,ESDB_V0_4
10449,10644,tina,-12.1347,0,NOT_EXACT_EN_US,,,,,,,REJECTED_AUTO,0,0,0,,,,,0,0,0,ESDB_V0_4
10450,10645,token,-12.1347,1,PASS,35,,n;aj,token,LEMMA,,MASTER,0,1,1,,,,tokens,0,1,1,ESDB_V0_4
10451,10646,tories,-12.1347,0,NOT_EXACT_EN_US,,,,,,,REJECTED_AUTO,0,0,0,,,,,0,0,0,ESDB_V0_4
10452,10647,tribune,-12.1347,1,PASS,50,,n,tribune,LEMMA,,MASTER,0,0,0,,,,,0,0,0,ESDB_V0_4
10453,10648,trilogy,-12.1347,1,PASS,35,,n,trilogy,LEMMA,,MASTER,0,0,0,,,,,0,0,0,ESDB_V0_4
10454,10649,turks,-12.1347,0,NOT_EXACT_EN_US,,,,,,,REJECTED_AUTO,0,0,0,,,,,0,0,0,ESDB_V0_4
10455,10650,undergoing,-12.1347,1,PASS,35,,v,undergo,FORM,,MASTER,0,0,0,,,,,0,0,0,ESDB_V0_4
10456,10651,unlocked,-12.1347,1,PASS,35,,v;aj,unlock;unlocked,FORM;LEMMA,,MASTER,0,0,0,,,,,0,0,0,ESDB_V0_4
10457,10652,unreasonable,-12.1347,1,PASS,35,,aj,unreasonable,LEMMA,,MASTER,0,0,0,,,,,0,0,0,ESDB_V0_4
10458,10653,utilize,-12.1347,1,PASS,35,,v,utilize,LEMMA,,MASTER,0,1,1,,,,utilized,0,1,1,ESDB_V0_4
10459,10654,utilized,-12.1347,1,PASS,35,,v;aj,utilize;utilized,FORM;LEMMA,,MASTER,0,1,0,,utilize,,,1,0,0,ESDB_V0_4
10460,10655,vengeance,-12.1347,1,PASS,35,,n,vengeance,LEMMA,,MASTER,0,0,0,,,,,0,0,0,ESDB_V0_4
10461,10656,ventures,-12.1347,1,PASS,35,,n_v,venture,FORM,,MASTER,0,1,0,,venture,,,1,0,0,ESDB_V0_4
10462,10657,vikings,-12.1347,1,PASS,60,,n,viking,FORM,,MASTER,0,0,0,,,,,0,0,0,ESDB_V0_4
10463,10658,wan,-12.1347,1,PASS,35,,aj,wan,LEMMA,,MASTER,0,1,1,an,,swan,want;wand,1,3,0,ESDB_V0_4
10464,10659,worm,-12.1347,1,PASS,35,,n_v,worm,LEMMA,,MASTER,0,1,1,,,,worms,0,1,1,ESDB_V0_4
10465,10661,abbott,-12.1573,0,NOT_EXACT_EN_US,,,,,,,REJECTED_AUTO,0,0,0,,,,,0,0,0,ESDB_V0_4
10466,10662,aberdeen,-12.1573,0,NOT_EXACT_EN_US,,,,,,,REJECTED_AUTO,0,0,0,,,,,0,0,0,ESDB_V0_4
10467,10663,admitting,-12.1573,1,PASS,35,,v,admit,FORM,,MASTER,0,0,0,,,,,0,0,0,ESDB_V0_4
10468,10664,advertisements,-12.1573,1,PASS,35,,n,advertisement,FORM,,MASTER,0,1,0,,advertisement,,,1,0,0,ESDB_V0_4
10469,10665,alexis,-12.1573,0,NOT_EXACT_EN_US,,,,,,,REJECTED_AUTO,0,0,0,,,,,0,0,0,ESDB_V0_4
10470,10666,alison,-12.1573,0,NOT_EXACT_EN_US,,,,,,,REJECTED_AUTO,0,0,0,,,,,0,0,0,ESDB_V0_4
10471,10667,alps,-12.1573,0,CASE_FREQ_COLLISION,60,50,n,alp,FORM,,REJECTED_AUTO,0,0,0,,,,,0,0,0,ESDB_V0_4
10472,10668,anticipation,-12.1573,1,PASS,35,,n,anticipation,LEMMA,,MASTER,0,0,0,,,,,0,0,0,ESDB_V0_4
10473,10669,arrogant,-12.1573,1,PASS,35,,aj,arrogant,LEMMA,,MASTER,0,0,0,,,,,0,0,0,ESDB_V0_4
10474,10670,athletics,-12.1573,1,PASS,35,,n,athletics,LEMMA,,MASTER,0,1,0,,athletic,,,1,0,0,ESDB_V0_4
10475,10671,atom,-12.1573,1,PASS,35,,n,atom,LEMMA,,MASTER,0,1,1,,,,atoms,0,1,1,ESDB_V0_4
10476,10672,badass,-12.1573,1,PASS,60,,n,badass,LEMMA,,MASTER,0,0,0,,,,,0,0,0,ESDB_V0_4
10477,10673,bait,-12.1573,1,PASS,35,,n;v,bait,LEMMA,,MASTER,0,0,0,,,,,0,0,0,ESDB_V0_4
10478,10674,bankers,-12.1573,1,PASS,35,,n,banker,FORM,,MASTER,0,1,0,,banker,,,1,0,0,ESDB_V0_4
10479,10675,benefited,-12.1573,1,PASS,35,,n_v,benefit,FORM,,MASTER,0,0,0,,,,,0,0,0,ESDB_V0_4
10480,10676,bites,-12.1573,1,PASS,35,,n_v,bite,FORM,,MASTER,0,1,0,,bite,,,1,0,0,ESDB_V0_4
10481,10677,brethren,-12.1573,1,PASS,35,,n,brother,FORM,,MASTER,0,0,0,,,,,0,0,0,ESDB_V0_4
10482,10678,brooke,-12.1573,0,NOT_EXACT_EN_US,,,,,,,REJECTED_AUTO,0,0,0,,,,,0,0,0,ESDB_V0_4
10483,10679,buddies,-12.1573,1,PASS,35,,n,buddy,FORM,,MASTER,0,0,0,,,,,0,0,0,ESDB_V0_4
10484,10680,canterbury,-12.1573,0,NOT_EXACT_EN_US,,,,,,,REJECTED_AUTO,0,0,0,,,,,0,0,0,ESDB_V0_4
10485,10681,carey,-12.1573,0,NOT_EXACT_EN_US,,,,,,,REJECTED_AUTO,0,0,0,,,,,0,0,0,ESDB_V0_4
10486,10682,carroll,-12.1573,0,NOT_EXACT_EN_US,,,,,,,REJECTED_AUTO,0,0,0,,,,,0,0,0,ESDB_V0_4
10487,10683,catalyst,-12.1573,1,PASS,40,,n,catalyst,LEMMA,,MASTER,0,0,0,,,,,0,0,0,ESDB_V0_4
10488,10684,chandler,-12.1573,0,CASE_FREQ_COLLISION,50,50,n,chandler,LEMMA,,REJECTED_AUTO,0,0,0,,,,,0,0,0,ESDB_V0_4
10489,10685,cl,-12.1573,0,NO_ESDB_GENERAL_EVIDENCE,,,,,,,REJECTED_AUTO,0,0,0,,,,,0,0,0,ESDB_V0_4
10490,10686,comp,-12.1573,0,CASE_FREQ_COLLISION,60,60,n_v,comp,LEMMA,,REJECTED_AUTO,0,0,0,,,,,0,0,0,ESDB_V0_4
10491,10687,compilation,-12.1573,1,PASS,35,,n,compilation,LEMMA,,MASTER,0,0,0,,,,,0,0,0,ESDB_V0_4
10492,10688,comprising,-12.1573,1,PASS,35,,v,comprise,FORM,,MASTER,0,0,0,,,,,0,0,0,ESDB_V0_4
10493,10689,concessions,-12.1573,1,PASS,35,,n,concession,FORM,,MASTER,0,1,0,,concession,,,1,0,0,ESDB_V0_4
10494,10690,consolidation,-12.1573,1,PASS,35,,n,consolidation,LEMMA,,MASTER,0,0,0,,,,,0,0,0,ESDB_V0_4
10495,10691,contaminated,-12.1573,1,PASS,35,,v;aj,contaminate;contaminated,FORM;LEMMA,,MASTER,0,0,0,,,,,0,0,0,ESDB_V0_4
10496,10692,contamination,-12.1573,1,PASS,35,,n,contamination,LEMMA,,MASTER,0,0,0,,,,,0,0,0,ESDB_V0_4
10497,10693,crawl,-12.1573,1,PASS,35,,n_v,crawl,LEMMA,,MASTER,0,0,0,,,,,0,0,0,ESDB_V0_4
10498,10694,degradation,-12.1573,1,PASS,35,,n,degradation,LEMMA,,MASTER,0,0,0,,,,,0,0,0,ESDB_V0_4
10499,10695,depart,-12.1573,1,PASS,35,,v,depart,LEMMA,,MASTER,0,0,0,,,,,0,0,0,ESDB_V0_4
10500,10696,dependence,-12.1573,1,PASS,35,,n,dependence,LEMMA,,MASTER,0,0,0,,,,,0,0,0,ESDB_V0_4
10501,10697,depot,-12.1573,1,PASS,35,,n,depot,LEMMA,,MASTER,0,0,0,,,,,0,0,0,ESDB_V0_4
10502,10698,dessert,-12.1573,1,PASS,35,,n,dessert,LEMMA,,MASTER,0,1,1,,,,desserts,0,1,1,ESDB_V0_4
10503,10699,dilemma,-12.1573,1,PASS,35,,n,dilemma,LEMMA,,MASTER,0,0,0,,,,,0,0,0,ESDB_V0_4
10504,10700,directive,-12.1573,1,PASS,35,,n;aj,directive,LEMMA,,MASTER,0,1,1,,,,directives,0,1,1,ESDB_V0_4
10505,10701,disastrous,-12.1573,1,PASS,35,,aj,disastrous,LEMMA,,MASTER,0,0,0,,,,,0,0,0,ESDB_V0_4
10506,10702,displaying,-12.1573,1,PASS,35,,n_v,display,FORM,,MASTER,0,0,0,,,,,0,0,0,ESDB_V0_4
10507,10703,dividend,-12.1573,1,PASS,35,,n,dividend,LEMMA,,MASTER,0,1,1,,,,dividends,0,1,1,ESDB_V0_4
10508,10704,downstairs,-12.1573,1,PASS,35,,n;aj_av,downstairs,LEMMA,,MASTER,0,0,0,,,,,0,0,0,ESDB_V0_4
10509,10705,dwarf,-12.1573,1,PASS,35,,n;v;a,dwarf,LEMMA,,MASTER,0,0,0,,,,,0,0,0,ESDB_V0_4
10510,10706,eco,-12.1573,0,NOT_EXACT_EN_US,,,,,,,REJECTED_AUTO,0,0,0,,,,,0,0,0,ESDB_V0_4
10511,10707,ecuador,-12.1573,0,NOT_EXACT_EN_US,,,,,,,REJECTED_AUTO,0,0,0,,,,,0,0,0,ESDB_V0_4
10512,10708,eighty,-12.1573,1,PASS,35,,n,eighty,LEMMA,,MASTER,0,1,0,,eight,,,1,0,0,ESDB_V0_4
10513,10709,eldest,-12.1573,1,PASS,35,,n;aj,eldest;old,LEMMA;FORM,,MASTER,0,0,0,,,,,0,0,0,ESDB_V0_4
10514,10710,eli,-12.1573,0,NOT_EXACT_EN_US,,,,,,,REJECTED_AUTO,0,0,0,,,,,0,0,0,ESDB_V0_4
10515,10711,embarrassment,-12.1573,1,PASS,35,,n,embarrassment,LEMMA,,MASTER,0,0,0,,,,,0,0,0,ESDB_V0_4
10516,10712,evaluating,-12.1573,1,PASS,35,,v,evaluate,FORM,,MASTER,0,0,0,,,,,0,0,0,ESDB_V0_4
10517,10713,examinations,-12.1573,1,PASS,35,,n,examination,FORM,,MASTER,0,1,0,,examination,,,1,0,0,ESDB_V0_4
10518,10714,exodus,-12.1573,1,PASS,35,50,n,exodus,LEMMA,,MASTER,0,0,0,,,,,0,0,0,ESDB_V0_4
10519,10715,eyebrows,-12.1573,1,PASS,35,,n,eyebrow,FORM,,MASTER,0,1,0,,eyebrow,,,1,0,0,ESDB_V0_4
10520,10716,fascist,-12.1573,1,PASS,35,,n;aj,fascist,LEMMA,,MASTER,0,1,1,,,,fascists,0,1,1,ESDB_V0_4
10521,10717,fax,-12.1573,1,PASS,40,,n_v,fax,LEMMA,,MASTER,0,1,0,ax,fa,,,2,0,0,ESDB_V0_4
10522,10718,filthy,-12.1573,1,PASS,35,,aj,filthy,LEMMA,,MASTER,0,1,0,,filth,,,1,0,0,ESDB_V0_4
10523,10719,fin,-12.1573,1,PASS,35,,n,fin,LEMMA,,MASTER,0,1,1,in,,,find;fine;fins,1,3,1,ESDB_V0_4
10524,10720,finnish,-12.1573,0,NOT_EXACT_EN_US,,,,,,,REJECTED_AUTO,0,0,0,,,,,0,0,0,ESDB_V0_4
10525,10721,flavour,-12.1573,0,NOT_EXACT_EN_US,,,,,,,REJECTED_AUTO,0,0,0,,,,,0,0,0,ESDB_V0_4
10526,10722,footsteps,-12.1573,1,PASS,35,,n,footstep,FORM,,MASTER,0,0,0,,,,,0,0,0,ESDB_V0_4
10527,10723,forensic,-12.1573,1,PASS,35,,n,forensic,LEMMA,,MASTER,0,0,0,,,,,0,0,0,ESDB_V0_4
10528,10724,fucker,-12.1573,1,PASS,40,,n,fucker,LEMMA,vulgar-1,MASTER,0,1,1,,,,fuckers,0,1,1,ESDB_V0_4
10529,10725,fulfilling,-12.1573,1,PASS,35,,v;n,fulfill;fulfil;fulfilling,FORM;LEMMA,,MASTER,0,0,0,,,,,0,0,0,ESDB_V0_4
10530,10726,fundraising,-12.1573,1,PASS,40,,n,fundraising,LEMMA,,MASTER,0,0,0,,,,,0,0,0,ESDB_V0_4
10531,10727,goalkeeper,-12.1573,1,PASS,35,,n,goalkeeper,LEMMA,,MASTER,0,0,0,,,,,0,0,0,ESDB_V0_4
10532,10728,gore,-12.1573,1,PASS,35,50,n;v,gore,LEMMA,,MASTER,0,1,0,ore,,,,1,0,0,ESDB_V0_4
10533,10729,graduating,-12.1573,1,PASS,35,,n_v,graduate,FORM,,MASTER,0,0,0,,,,,0,0,0,ESDB_V0_4
10534,10730,grape,-12.1573,1,PASS,35,,n,grape,LEMMA,,MASTER,0,1,1,rape,,,grapes,1,1,1,ESDB_V0_4
10535,10731,greed,-12.1573,1,PASS,35,,n,greed,LEMMA,,MASTER,0,1,1,reed,,agreed,greedy,1,2,0,ESDB_V0_4
10536,10732,guatemala,-12.1573,0,NOT_EXACT_EN_US,,,,,,,REJECTED_AUTO,0,0,0,,,,,0,0,0,ESDB_V0_4
10537,10733,headaches,-12.1573,1,PASS,35,,n,headache,FORM,,MASTER,0,1,0,,headache,,,1,0,0,ESDB_V0_4
10538,10734,honduras,-12.1573,0,NOT_EXACT_EN_US,,,,,,,REJECTED_AUTO,0,0,0,,,,,0,0,0,ESDB_V0_4
10539,10735,honours,-12.1573,0,NOT_EXACT_EN_US,,,,,,,REJECTED_AUTO,0,0,0,,,,,0,0,0,ESDB_V0_4
10540,10736,hottest,-12.1573,1,PASS,35,,aj,hot,FORM,,MASTER,0,0,0,,,,,0,0,0,ESDB_V0_4
10541,10737,impulse,-12.1573,1,PASS,35,,n_v,impulse,LEMMA,,MASTER,0,1,1,,,,impulses,0,1,1,ESDB_V0_4
10542,10738,jonas,-12.1573,0,NOT_EXACT_EN_US,,,,,,,REJECTED_AUTO,0,0,0,,,,,0,0,0,ESDB_V0_4
10543,10739,learns,-12.1573,1,PASS,35,,v,learn,FORM,,MASTER,0,1,0,earns,learn,,,2,0,0,ESDB_V0_4
10544,10740,legion,-12.1573,1,PASS,35,,n;aj,legion,LEMMA,,MASTER,0,1,1,,,,legions,0,1,1,ESDB_V0_4
10545,10741,leigh,-12.1573,0,NOT_EXACT_EN_US,,,,,,,REJECTED_AUTO,0,0,0,,,,,0,0,0,ESDB_V0_4
10546,10742,limbs,-12.1573,1,PASS,35,,n,limb,FORM,,MASTER,0,1,1,,limb,climbs,,1,1,0,ESDB_V0_4
10547,10743,macedonia,-12.1573,0,NOT_EXACT_EN_US,,,,,,,REJECTED_AUTO,0,0,0,,,,,0,0,0,ESDB_V0_4
10548,10744,macro,-12.1573,1,PASS,40,,n;aj,macro,LEMMA,,MASTER,0,0,0,,,,,0,0,0,ESDB_V0_4
10549,10745,magnet,-12.1573,1,PASS,35,,n,magnet,LEMMA,,MASTER,0,1,1,,,,magnets,0,1,1,ESDB_V0_4
10550,10746,markers,-12.1573,1,PASS,35,,n,marker,FORM,,MASTER,0,1,0,,marker,,,1,0,0,ESDB_V0_4
10551,10747,mart,-12.1573,1,PASS,35,,n,mart,LEMMA,,MASTER,0,1,1,art,mar,smart,,2,1,0,ESDB_V0_4
10552,10748,matthews,-12.1573,0,NOT_EXACT_EN_US,,,,,,,REJECTED_AUTO,0,0,0,,,,,0,0,0,ESDB_V0_4
10553,10749,merge,-12.1573,1,PASS,35,,v,merge,LEMMA,,MASTER,0,1,1,,,emerge,merger;merged,0,3,1,ESDB_V0_4
10554,10750,metaphor,-12.1573,1,PASS,35,,n,metaphor,LEMMA,,MASTER,0,0,0,,,,,0,0,0,ESDB_V0_4
10555,10751,mic,-12.1573,1,PASS,60,,n,mic,LEMMA,,MASTER,0,1,1,,,,mice,0,1,0,ESDB_V0_4
10556,10752,monarch,-12.1573,1,PASS,35,,n,monarch,LEMMA,,MASTER,0,1,1,,,,monarchy,0,1,0,ESDB_V0_4
10557,10753,mouths,-12.1573,1,PASS,35,,n_v,mouth,FORM,,MASTER,0,1,0,,mouth,,,1,0,0,ESDB_V0_4
10558,10754,mysteries,-12.1573,1,PASS,35,,n,mystery,FORM,,MASTER,0,0,0,,,,,0,0,0,ESDB_V0_4
10559,10755,negro,-12.1573,0,CASE_FREQ_COLLISION,60,35,aj,negro,LEMMA,,REJECTED_AUTO,0,0,0,,,,,0,0,0,ESDB_V0_4
10560,10756,neutrality,-12.1573,1,PASS,35,,n,neutrality,LEMMA,,MASTER,0,0,0,,,,,0,0,0,ESDB_V0_4
10561,10757,newsletter,-12.1573,1,PASS,35,,n,newsletter,LEMMA,,MASTER,0,0,0,,,,,0,0,0,ESDB_V0_4
10562,10758,norton,-12.1573,0,NOT_EXACT_EN_US,,,,,,,REJECTED_AUTO,0,0,0,,,,,0,0,0,ESDB_V0_4
10563,10759,notebook,-12.1573,1,PASS,35,,n,notebook,LEMMA,,MASTER,0,0,0,,,,,0,0,0,ESDB_V0_4
10564,10760,offs,-12.1573,1,PASS,35,,v,off,FORM,,MASTER,0,1,0,,off,,,1,0,0,ESDB_V0_4
10565,10761,outdoors,-12.1573,1,PASS,35,,n;av,outdoors,LEMMA,,MASTER,0,1,0,,outdoor,,,1,0,0,ESDB_V0_4
10566,10762,overthrow,-12.1573,1,PASS,35,,n;v,overthrow,LEMMA,,MASTER,0,0,0,,,,,0,0,0,ESDB_V0_4
10567,10763,owning,-12.1573,1,PASS,35,,v,own,FORM,,MASTER,0,1,1,,,downing,,0,1,0,ESDB_V0_4
10568,10764,paramount,-12.1573,1,PASS,35,50,aj,paramount,LEMMA,,MASTER,0,0,0,,,,,0,0,0,ESDB_V0_4
10569,10765,paula,-12.1573,0,NOT_EXACT_EN_US,,,,,,,REJECTED_AUTO,0,0,0,,,,,0,0,0,ESDB_V0_4
10570,10767,postponed,-12.1573,1,PASS,35,,v,postpone,FORM,,MASTER,0,1,0,,postpone,,,1,0,0,ESDB_V0_4
10571,10768,preceded,-12.1573,1,PASS,35,,v,precede,FORM,,MASTER,0,0,0,,,,,0,0,0,ESDB_V0_4
10572,10769,predators,-12.1573,1,PASS,35,,n,predator,FORM,,MASTER,0,1,0,,predator,,,1,0,0,ESDB_V0_4
10573,10770,psycho,-12.1573,1,PASS,40,,n;a,psycho,LEMMA,,MASTER,0,1,0,,psych,,,1,0,0,ESDB_V0_4
10574,10771,rainy,-12.1573,1,PASS,35,,aj,rainy,LEMMA,,MASTER,0,1,0,,rain,,,1,0,0,ESDB_V0_4
10575,10772,raven,-12.1573,1,PASS,35,,n_v;a,raven,LEMMA,,MASTER,0,1,1,,rave,,ravens,1,1,1,ESDB_V0_4
10576,10773,recycling,-12.1573,1,PASS,35,,v;n,recycle;recycling,FORM;LEMMA,,MASTER,0,0,0,,,,,0,0,0,ESDB_V0_4
10577,10774,rehearsal,-12.1573,1,PASS,35,,n,rehearsal,LEMMA,,MASTER,0,1,1,,,,rehearsals,0,1,1,ESDB_V0_4
10578,10775,remembrance,-12.1573,1,PASS,35,,n,remembrance,LEMMA,,MASTER,0,0,0,,,,,0,0,0,ESDB_V0_4
10579,10776,resorts,-12.1573,1,PASS,35,,n_v,resort,FORM,,MASTER,0,1,0,,resort,,,1,0,0,ESDB_V0_4
10580,10777,restraint,-12.1573,1,PASS,35,,n,restraint,LEMMA,,MASTER,0,1,1,,restrain,,restraints,1,1,1,ESDB_V0_4
10581,10778,richest,-12.1573,1,PASS,35,,aj,rich,FORM,,MASTER,0,1,0,,riches,,,1,0,0,ESDB_V0_4
10582,10779,rightly,-12.1573,1,PASS,35,,av,rightly,LEMMA,,MASTER,0,1,1,,,brightly,,0,1,0,ESDB_V0_4
10583,10780,rigorous,-12.1573,1,PASS,35,,aj,rigorous,LEMMA,,MASTER,0,0,0,,,,,0,0,0,ESDB_V0_4
10584,10781,robbie,-12.1573,0,NOT_EXACT_EN_US,,,,,,,REJECTED_AUTO,0,0,0,,,,,0,0,0,ESDB_V0_4
10585,10782,royals,-12.1573,1,PASS,35,,n,royal,FORM,,MASTER,0,1,0,,royal,,,1,0,0,ESDB_V0_4
10586,10783,scripts,-12.1573,1,PASS,35,,n_v,script,FORM,,MASTER,0,1,0,,script,,,1,0,0,ESDB_V0_4
10587,10784,scripture,-12.1573,1,PASS,35,40,n,scripture,LEMMA,,MASTER,0,1,1,,,,scriptures,0,1,1,ESDB_V0_4
10588,10785,shaping,-12.1573,1,PASS,35,,n_v;n;aj,shape;shaping,FORM;LEMMA,,MASTER,0,0,0,,,,,0,0,0,ESDB_V0_4
10589,10786,slate,-12.1573,1,PASS,35,,n_v,slate,LEMMA,,MASTER,0,1,1,late,,,slated,1,1,1,ESDB_V0_4
10590,10787,smoothly,-12.1573,1,PASS,35,,av,smoothly,LEMMA,,MASTER,0,0,0,,,,,0,0,0,ESDB_V0_4
10591,10788,somalia,-12.1573,0,NOT_EXACT_EN_US,,,,,,,REJECTED_AUTO,0,0,0,,,,,0,0,0,ESDB_V0_4
10592,10789,spacecraft,-12.1573,1,PASS,35,,n,spacecraft,LEMMA;FORM,,MASTER,0,0,0,,,,,0,0,0,ESDB_V0_4
10593,10790,sponsorship,-12.1573,1,PASS,35,,n,sponsorship,LEMMA,,MASTER,0,0,0,,,,,0,0,0,ESDB_V0_4
10594,10791,stained,-12.1573,1,PASS,35,,n_v;aj,stain;stained,FORM;LEMMA,,MASTER,0,0,0,,,,,0,0,0,ESDB_V0_4
10595,10792,statistically,-12.1573,1,PASS,35,,av,statistically,LEMMA,,MASTER,0,0,0,,,,,0,0,0,ESDB_V0_4
10596,10793,stefan,-12.1573,0,NOT_EXACT_EN_US,,,,,,,REJECTED_AUTO,0,0,0,,,,,0,0,0,ESDB_V0_4
10597,10794,stretches,-12.1573,1,PASS,35,,n_v,stretch,FORM,,MASTER,0,0,0,,,,,0,0,0,ESDB_V0_4
10598,10795,submitting,-12.1573,1,PASS,35,,v;n,submit;submitting,FORM;LEMMA,,MASTER,0,0,0,,,,,0,0,0,ESDB_V0_4
10599,10796,sultan,-12.1573,1,PASS,35,,n,sultan,LEMMA,,MASTER,0,0,0,,,,,0,0,0,ESDB_V0_4
10600,10797,tagged,-12.1573,1,PASS,35,,n_v;aj,tag;tagged,FORM;LEMMA,,MASTER,0,0,0,,,,,0,0,0,ESDB_V0_4
10601,10798,taliban,-12.1573,0,NOT_EXACT_EN_US,,,,,,,REJECTED_AUTO,0,0,0,,,,,0,0,0,ESDB_V0_4
10602,10799,tempo,-12.1573,1,PASS,35,,n,tempo,LEMMA,,MASTER,0,1,0,,temp,,,1,0,0,ESDB_V0_4
10603,10800,teresa,-12.1573,0,NOT_EXACT_EN_US,,,,,,,REJECTED_AUTO,0,0,0,,,,,0,0,0,ESDB_V0_4
10604,10801,textbook,-12.1573,1,PASS,35,,n;aj,textbook,LEMMA,,MASTER,0,1,1,,,,textbooks,0,1,1,ESDB_V0_4
10605,10802,thigh,-12.1573,1,PASS,35,,n,thigh,LEMMA,,MASTER,0,1,1,high,,,thighs,1,1,1,ESDB_V0_4
10606,10803,threatens,-12.1573,1,PASS,35,,v,threaten,FORM,,MASTER,0,1,0,,threaten,,,1,0,0,ESDB_V0_4
10607,10804,tick,-12.1573,1,PASS,35,,n_v,tick,LEMMA,,MASTER,0,1,1,,,stick,ticks,0,2,1,ESDB_V0_4
10608,10805,tidal,-12.1573,1,PASS,35,,aj,tidal,LEMMA,,MASTER,0,0,0,,,,,0,0,0,ESDB_V0_4
10609,10806,tiles,-12.1573,1,PASS,35,,n_v,tile,FORM,,MASTER,0,1,0,,tile,,,1,0,0,ESDB_V0_4
10610,10807,trader,-12.1573,1,PASS,35,,n,trader,LEMMA,,MASTER,0,1,1,,trade,,traders,1,1,1,ESDB_V0_4
10611,10808,treason,-12.1573,1,PASS,35,,n,treason,LEMMA,,MASTER,0,1,0,reason,,,,1,0,0,ESDB_V0_4
10612,10809,une,-12.1573,0,NOT_EXACT_EN_US,,,,,,,REJECTED_AUTO,0,0,0,,,,,0,0,0,ESDB_V0_4
10613,10810,violin,-12.1573,1,PASS,35,,n,violin,LEMMA,,MASTER,0,0,0,,,,,0,0,0,ESDB_V0_4
10614,10811,wardrobe,-12.1573,1,PASS,35,,n,wardrobe,LEMMA,,MASTER,0,0,0,,,,,0,0,0,ESDB_V0_4
10615,10812,welcoming,-12.1573,1,PASS,35,,n_v;aj,welcome;welcoming,FORM;LEMMA,,MASTER,0,0,0,,,,,0,0,0,ESDB_V0_4
10616,10813,whisper,-12.1573,1,PASS,35,,n_v,whisper,LEMMA,,MASTER,0,1,1,,,,whispers,0,1,1,ESDB_V0_4
10617,10814,zach,-12.1573,0,NOT_EXACT_EN_US,,,,,,,REJECTED_AUTO,0,0,0,,,,,0,0,0,ESDB_V0_4
10618,10815,zombies,-12.1573,1,PASS,35,,n,zombie,FORM,,MASTER,0,1,0,,zombie,,,1,0,0,ESDB_V0_4
10619,10817,accumulation,-12.1804,1,PASS,35,,n,accumulation,LEMMA,,MASTER,0,0,0,,,,,0,0,0,ESDB_V0_4
10620,10818,aided,-12.1804,1,PASS,35,,n_v;aj,aid;aided,FORM;LEMMA,,MASTER,0,1,1,,aide,raided,,1,1,0,ESDB_V0_4
10621,10819,airborne,-12.1804,1,PASS,35,,aj,airborne,LEMMA,,MASTER,0,0,0,,,,,0,0,0,ESDB_V0_4
10622,10820,ambitions,-12.1804,1,PASS,35,,n,ambition,FORM,,MASTER,0,1,0,,ambition,,,1,0,0,ESDB_V0_4
10623,10821,anticipate,-12.1804,1,PASS,35,,v,anticipate,LEMMA,,MASTER,0,1,1,,,,anticipated,0,1,1,ESDB_V0_4
10624,10822,ants,-12.1804,1,PASS,35,,n,ant,FORM,,MASTER,0,1,1,,ant,wants;pants,,1,2,0,ESDB_V0_4
10625,10823,api,-12.1804,0,NOT_EXACT_EN_US,,,,,,,REJECTED_AUTO,0,0,0,,,,,0,0,0,ESDB_V0_4
10626,10824,ashton,-12.1804,0,NOT_EXACT_EN_US,,,,,,,REJECTED_AUTO,0,0,0,,,,,0,0,0,ESDB_V0_4
10627,10825,aspirations,-12.1804,1,PASS,35,,n,aspiration,FORM,,MASTER,0,1,0,,aspiration,,,1,0,0,ESDB_V0_4
10628,10826,assessments,-12.1804,1,PASS,35,,n,assessment,FORM,,MASTER,0,1,0,,assessment,,,1,0,0,ESDB_V0_4
10629,10827,backward,-12.1804,1,PASS,35,,aj;av,backward,LEMMA,,MASTER,0,1,1,,,,backwards,0,1,0,ESDB_V0_4
10630,10828,bacterial,-12.1804,1,PASS,35,,aj,bacterial,LEMMA,,MASTER,0,1,0,,bacteria,,,1,0,0,ESDB_V0_4
10631,10829,baldwin,-12.1804,0,NOT_EXACT_EN_US,,,,,,,REJECTED_AUTO,0,0,0,,,,,0,0,0,ESDB_V0_4
10632,10830,banning,-12.1804,1,PASS,35,,v;n,ban;banning,FORM;LEMMA,,MASTER,0,0,0,,,,,0,0,0,ESDB_V0_4
10633,10831,beck,-12.1804,0,CASE_FREQ_COLLISION,50,50,n,beck,LEMMA,,REJECTED_AUTO,0,0,0,,,,,0,0,0,ESDB_V0_4
10634,10832,bedrooms,-12.1804,1,PASS,35,,n,bedroom,FORM,,MASTER,0,1,0,,bedroom,,,1,0,0,ESDB_V0_4
10635,10833,behavioral,-12.1804,1,PASS,35,,aj,behavioral,LEMMA,,MASTER,0,0,0,,,,,0,0,0,ESDB_V0_4
10636,10834,belts,-12.1804,1,PASS,35,,n_v,belt,FORM,,MASTER,0,1,0,,belt,,,1,0,0,ESDB_V0_4
10637,10835,bending,-12.1804,1,PASS,35,,n_v;n,bend;bending,FORM;LEMMA,,MASTER,0,1,0,ending,,,,1,0,0,ESDB_V0_4
10638,10836,bidding,-12.1804,1,PASS,35,,v;n,bid;bidding,FORM;LEMMA,,MASTER,0,0,0,,,,,0,0,0,ESDB_V0_4
10639,10837,blink,-12.1804,1,PASS,35,,n_v,blink,LEMMA,,MASTER,0,1,0,link,,,,1,0,0,ESDB_V0_4
10640,10838,branded,-12.1804,1,PASS,35,,n_v;aj,brand;branded,FORM;LEMMA,,MASTER,0,0,0,,,,,0,0,0,ESDB_V0_4
10641,10840,buddhism,-12.1804,0,NOT_EXACT_EN_US,,,,,,,REJECTED_AUTO,0,0,0,,,,,0,0,0,ESDB_V0_4
10642,10841,carlo,-12.1804,0,NOT_EXACT_EN_US,,,,,,,REJECTED_AUTO,0,0,0,,,,,0,0,0,ESDB_V0_4
10643,10842,cartoons,-12.1804,1,PASS,35,,n_v,cartoon,FORM,,MASTER,0,1,0,,cartoon,,,1,0,0,ESDB_V0_4
10644,10843,challenger,-12.1804,1,PASS,35,50,n,challenger,LEMMA,,MASTER,0,1,0,,challenge,,,1,0,0,ESDB_V0_4
10645,10844,chapman,-12.1804,0,NOT_EXACT_EN_US,,,,,,,REJECTED_AUTO,0,0,0,,,,,0,0,0,ESDB_V0_4
10646,10845,cockpit,-12.1804,1,PASS,35,,n,cockpit,LEMMA,,MASTER,0,0,0,,,,,0,0,0,ESDB_V0_4
10647,10846,commentators,-12.1804,1,PASS,35,,n,commentator,FORM,,MASTER,0,1,0,,commentator,,,1,0,0,ESDB_V0_4
10648,10847,compass,-12.1804,1,PASS,35,,n_v,compass,LEMMA,,MASTER,0,0,0,,,,,0,0,0,ESDB_V0_4
10649,10848,contributor,-12.1804,1,PASS,35,,n,contributor,LEMMA,,MASTER,0,1,1,,,,contributors,0,1,1,ESDB_V0_4
10650,10849,corrections,-12.1804,1,PASS,35,,n,correction,FORM,,MASTER,0,1,0,,correction,,,1,0,0,ESDB_V0_4
10651,10850,corresponds,-12.1804,1,PASS,35,,v,correspond,FORM,,MASTER,0,1,0,,correspond,,,1,0,0,ESDB_V0_4
10652,10851,courier,-12.1804,1,PASS,35,,n_v,courier,LEMMA,,MASTER,0,0,0,,,,,0,0,0,ESDB_V0_4
10653,10852,crafts,-12.1804,1,PASS,35,,n_v,craft,FORM,,MASTER,0,1,0,,craft,,,1,0,0,ESDB_V0_4
10654,10853,crises,-12.1804,1,PASS,35,,n,crisis,FORM,,MASTER,0,1,0,rises,,,,1,0,0,ESDB_V0_4
10655,10854,cultivated,-12.1804,1,PASS,35,,v;aj,cultivate;cultivated,FORM;LEMMA,,MASTER,0,1,0,,cultivate,,,1,0,0,ESDB_V0_4
10656,10855,curb,-12.1804,1,PASS,35,,n_v;n;v,curb,LEMMA,,MASTER,0,0,0,,,,,0,0,0,ESDB_V0_4
10657,10856,currents,-12.1804,1,PASS,35,,n,current,FORM,,MASTER,0,1,0,,current,,,1,0,0,ESDB_V0_4
10658,10857,dexter,-12.1804,0,NOT_EXACT_EN_US,,,,,,,REJECTED_AUTO,0,0,0,,,,,0,0,0,ESDB_V0_4
10659,10858,dictatorship,-12.1804,1,PASS,35,,n,dictatorship,LEMMA,,MASTER,0,0,0,,,,,0,0,0,ESDB_V0_4
10660,10859,dietary,-12.1804,1,PASS,35,,n;aj,dietary,LEMMA,,MASTER,0,0,0,,,,,0,0,0,ESDB_V0_4
10661,10860,disagreement,-12.1804,1,PASS,35,,n,disagreement,LEMMA,,MASTER,0,1,1,,,,disagreements,0,1,1,ESDB_V0_4
10662,10861,disruption,-12.1804,1,PASS,35,,n,disruption,LEMMA,,MASTER,0,0,0,,,,,0,0,0,ESDB_V0_4
10663,10862,dots,-12.1804,1,PASS,35,,n_v,dot,FORM,,MASTER,0,1,0,,dot,,,1,0,0,ESDB_V0_4
10664,10863,downloads,-12.1804,1,PASS,40,,n_v,download,FORM,,MASTER,0,1,0,,download,,,1,0,0,ESDB_V0_4
10665,10864,efficacy,-12.1804,1,PASS,50,,n,efficacy,LEMMA,,MASTER,0,0,0,,,,,0,0,0,ESDB_V0_4
10666,10865,elliot,-12.1804,0,NOT_EXACT_EN_US,,,,,,,REJECTED_AUTO,0,0,0,,,,,0,0,0,ESDB_V0_4
10667,10866,elliott,-12.1804,0,NOT_EXACT_EN_US,,,,,,,REJECTED_AUTO,0,0,0,,,,,0,0,0,ESDB_V0_4
10668,10867,energetic,-12.1804,1,PASS,35,,aj,energetic,LEMMA,,MASTER,0,0,0,,,,,0,0,0,ESDB_V0_4
10669,10868,ensemble,-12.1804,1,PASS,35,,n,ensemble,LEMMA,,MASTER,0,0,0,,,,,0,0,0,ESDB_V0_4
10670,10869,ernest,-12.1804,0,NOT_EXACT_EN_US,,,,,,,REJECTED_AUTO,0,0,0,,,,,0,0,0,ESDB_V0_4
10671,10870,exemption,-12.1804,1,PASS,35,,n,exemption,LEMMA,,MASTER,0,1,1,,,,exemptions,0,1,1,ESDB_V0_4
10672,10871,exposing,-12.1804,1,PASS,35,,n_v,expose,FORM,,MASTER,0,0,0,,,,,0,0,0,ESDB_V0_4
10673,10872,favored,-12.1804,1,PASS,35,,n_v;aj,favor;favored,FORM;LEMMA,,MASTER,0,0,0,,,,,0,0,0,ESDB_V0_4
10674,10873,fibre,-12.1804,0,NOT_EXACT_EN_US,,,,,,,REJECTED_AUTO,0,0,0,,,,,0,0,0,ESDB_V0_4
10675,10874,fig,-12.1804,1,PASS,35,40,n,fig,LEMMA,,MASTER,0,0,0,,,,,0,0,0,ESDB_V0_4
10676,10875,fishermen,-12.1804,1,PASS,35,,n,fisherman,FORM,,MASTER,0,0,0,,,,,0,0,0,ESDB_V0_4
10677,10876,flock,-12.1804,1,PASS,35,,n_v,flock,LEMMA,,MASTER,0,1,0,lock,,,,1,0,0,ESDB_V0_4
10678,10877,fracture,-12.1804,1,PASS,35,,n_v,fracture,LEMMA,,MASTER,0,1,1,,,,fractures;fractured,0,2,2,ESDB_V0_4
10679,10878,gal,-12.1804,1,PASS,35,40,n,gal,LEMMA,,MASTER,0,1,1,,,,gala;gale;gall,0,3,0,ESDB_V0_4
10680,10879,gerard,-12.1804,0,NOT_EXACT_EN_US,,,,,,,REJECTED_AUTO,0,0,0,,,,,0,0,0,ESDB_V0_4
10681,10880,goats,-12.1804,1,PASS,35,,n,goat,FORM,,MASTER,0,1,0,oats,goat,,,2,0,0,ESDB_V0_4
10682,10881,grabbing,-12.1804,1,PASS,35,,n_v,grab,FORM,,MASTER,0,0,0,,,,,0,0,0,ESDB_V0_4
10683,10882,grabs,-12.1804,1,PASS,35,,n_v,grab,FORM,,MASTER,0,1,0,,grab,,,1,0,0,ESDB_V0_4
10684,10883,hairy,-12.1804,1,PASS,35,,aj,hairy,LEMMA,,MASTER,0,1,0,,hair,,,1,0,0,ESDB_V0_4
10685,10884,highways,-12.1804,1,PASS,35,,n,highway,FORM,,MASTER,0,1,0,,highway,,,1,0,0,ESDB_V0_4
10686,10885,housed,-12.1804,1,PASS,35,,n_v,house,FORM,,MASTER,0,1,0,,house,,,1,0,0,ESDB_V0_4
10687,10886,immature,-12.1804,1,PASS,35,,aj,immature,LEMMA,,MASTER,0,0,0,,,,,0,0,0,ESDB_V0_4
10688,10887,imperative,-12.1804,1,PASS,35,,n;aj,imperative,LEMMA,,MASTER,0,0,0,,,,,0,0,0,ESDB_V0_4
10689,10888,inning,-12.1804,1,PASS,35,,n,inning,LEMMA,,MASTER,0,1,1,,,winning,innings,0,2,1,ESDB_V0_4
10690,10889,insanity,-12.1804,1,PASS,35,,n,insanity,LEMMA,,MASTER,0,0,0,,,,,0,0,0,ESDB_V0_4
10691,10890,insists,-12.1804,1,PASS,35,,v,insist,FORM,,MASTER,0,1,0,,insist,,,1,0,0,ESDB_V0_4
10692,10891,invites,-12.1804,1,PASS,35,,n_v,invite,FORM,,MASTER,0,1,0,,invite,,,1,0,0,ESDB_V0_4
10693,10892,irving,-12.1804,0,NOT_EXACT_EN_US,,,,,,,REJECTED_AUTO,0,0,0,,,,,0,0,0,ESDB_V0_4
10694,10893,ix,-12.1804,0,NO_ESDB_GENERAL_EVIDENCE,,,,,,,REJECTED_AUTO,0,0,0,,,,,0,0,0,ESDB_V0_4
10695,10894,jared,-12.1804,0,NOT_EXACT_EN_US,,,,,,,REJECTED_AUTO,0,0,0,,,,,0,0,0,ESDB_V0_4
10696,10895,jill,-12.1804,0,NOT_EXACT_EN_US,,,,,,,REJECTED_AUTO,0,0,0,,,,,0,0,0,ESDB_V0_4
10697,10896,johannesburg,-12.1804,0,NOT_EXACT_EN_US,,,,,,,REJECTED_AUTO,0,0,0,,,,,0,0,0,ESDB_V0_4
10698,10897,klein,-12.1804,0,NOT_EXACT_EN_US,,,,,,,REJECTED_AUTO,0,0,0,,,,,0,0,0,ESDB_V0_4
10699,10898,knot,-12.1804,1,PASS,35,,n_v,knot,LEMMA,,MASTER,0,1,1,not,,,knots,1,1,1,ESDB_V0_4
10700,10899,kuwait,-12.1804,0,NOT_EXACT_EN_US,,,,,,,REJECTED_AUTO,0,0,0,,,,,0,0,0,ESDB_V0_4
10701,10900,lent,-12.1804,1,PASS,35,40,v,lend,FORM,,MASTER,0,0,0,,,,,0,0,0,ESDB_V0_4
10702,10901,leone,-12.1804,0,NOT_EXACT_EN_US,,,,,,,REJECTED_AUTO,0,0,0,,,,,0,0,0,ESDB_V0_4
10703,10902,lu,-12.1804,0,NOT_EXACT_EN_US,,,,,,,REJECTED_AUTO,0,0,0,,,,,0,0,0,ESDB_V0_4
10704,10903,lust,-12.1804,1,PASS,35,,n_v,lust,LEMMA,,MASTER,0,0,0,,,,,0,0,0,ESDB_V0_4
10705,10904,magistrate,-12.1804,1,PASS,35,,n,magistrate,LEMMA,,MASTER,0,1,1,,,,magistrates,0,1,1,ESDB_V0_4
10706,10905,mali,-12.1804,0,NOT_EXACT_EN_US,,,,,,,REJECTED_AUTO,0,0,0,,,,,0,0,0,ESDB_V0_4
10707,10906,manipulate,-12.1804,1,PASS,35,,v,manipulate,LEMMA,,MASTER,0,1,1,,,,manipulated,0,1,1,ESDB_V0_4
10708,10907,mann,-12.1804,0,NOT_EXACT_EN_US,,,,,,,REJECTED_AUTO,0,0,0,,,,,0,0,0,ESDB_V0_4
10709,10908,marilyn,-12.1804,0,NOT_EXACT_EN_US,,,,,,,REJECTED_AUTO,0,0,0,,,,,0,0,0,ESDB_V0_4
10710,10909,masterpiece,-12.1804,1,PASS,35,,n,masterpiece,LEMMA,,MASTER,0,1,1,,,,masterpieces,0,1,1,ESDB_V0_4
10711,10910,memo,-12.1804,1,PASS,35,,n,memo,LEMMA,,MASTER,0,0,0,,,,,0,0,0,ESDB_V0_4
10712,10911,metallic,-12.1804,1,PASS,35,,aj,metallic,LEMMA,,MASTER,0,0,0,,,,,0,0,0,ESDB_V0_4
10713,10912,milwaukee,-12.1804,0,NOT_EXACT_EN_US,,,,,,,REJECTED_AUTO,0,0,0,,,,,0,0,0,ESDB_V0_4
10714,10913,nailed,-12.1804,1,PASS,35,,n_v,nail,FORM,,MASTER,0,0,0,,,,,0,0,0,ESDB_V0_4
10715,10914,naples,-12.1804,0,NOT_EXACT_EN_US,,,,,,,REJECTED_AUTO,0,0,0,,,,,0,0,0,ESDB_V0_4
10716,10915,natives,-12.1804,1,PASS,35,,n,native,FORM,,MASTER,0,1,0,,native,,,1,0,0,ESDB_V0_4
10717,10916,negatively,-12.1804,1,PASS,35,,av,negatively,LEMMA,,MASTER,0,0,0,,,,,0,0,0,ESDB_V0_4
10718,10917,node,-12.1804,1,PASS,35,,n,node,LEMMA,,MASTER,0,1,1,ode,nod,,nodes,2,1,1,ESDB_V0_4
10719,10918,otto,-12.1804,0,NOT_EXACT_EN_US,,,,,,,REJECTED_AUTO,0,0,0,,,,,0,0,0,ESDB_V0_4
10720,10919,overlooking,-12.1804,1,PASS,35,,n_v;aj,overlook;overlooking,FORM;LEMMA,,MASTER,0,0,0,,,,,0,0,0,ESDB_V0_4
10721,10920,paperwork,-12.1804,1,PASS,35,,n,paperwork,LEMMA,,MASTER,0,0,0,,,,,0,0,0,ESDB_V0_4
10722,10921,passages,-12.1804,1,PASS,35,,n,passage,FORM,,MASTER,0,1,0,,passage,,,1,0,0,ESDB_V0_4
10723,10922,pastoral,-12.1804,1,PASS,35,,n;aj,pastoral,LEMMA,,MASTER,0,0,0,,,,,0,0,0,ESDB_V0_4
10724,10923,patriot,-12.1804,1,PASS,35,,n,patriot,LEMMA,,MASTER,0,1,1,,,,patriots,0,1,1,ESDB_V0_4
10725,10924,payne,-12.1804,0,NOT_EXACT_EN_US,,,,,,,REJECTED_AUTO,0,0,0,,,,,0,0,0,ESDB_V0_4
10726,10925,pearson,-12.1804,0,NOT_EXACT_EN_US,,,,,,,REJECTED_AUTO,0,0,0,,,,,0,0,0,ESDB_V0_4
10727,10926,philosophers,-12.1804,1,PASS,35,,n,philosopher,FORM,,MASTER,0,1,0,,philosopher,,,1,0,0,ESDB_V0_4
10728,10927,photographic,-12.1804,1,PASS,35,,aj,photographic,LEMMA,,MASTER,0,0,0,,,,,0,0,0,ESDB_V0_4
10729,10928,pictured,-12.1804,1,PASS,35,,n_v,picture,FORM,,MASTER,0,1,0,,picture,,,1,0,0,ESDB_V0_4
10730,10929,plateau,-12.1804,1,PASS,35,,n;v,plateau,LEMMA,,MASTER,0,0,0,,,,,0,0,0,ESDB_V0_4
10731,10930,policing,-12.1804,1,PASS,35,,v,police,FORM,,MASTER,0,0,0,,,,,0,0,0,ESDB_V0_4
10732,10931,prayed,-12.1804,1,PASS,35,,v,pray,FORM,,MASTER,0,1,1,,,sprayed,,0,1,0,ESDB_V0_4
10733,10932,preston,-12.1804,0,NOT_EXACT_EN_US,,,,,,,REJECTED_AUTO,0,0,0,,,,,0,0,0,ESDB_V0_4
10734,10933,promotions,-12.1804,1,PASS,35,,n,promotion,FORM,,MASTER,0,1,0,,promotion,,,1,0,0,ESDB_V0_4
10735,10934,proposing,-12.1804,1,PASS,35,,v,propose,FORM,,MASTER,0,0,0,,,,,0,0,0,ESDB_V0_4
10736,10935,purity,-12.1804,1,PASS,35,,n,purity,LEMMA,,MASTER,0,0,0,,,,,0,0,0,ESDB_V0_4
10737,10936,rehab,-12.1804,1,PASS,40,,n_v,rehab,LEMMA,,MASTER,0,0,0,,,,,0,0,0,ESDB_V0_4
10738,10937,rejects,-12.1804,1,PASS,35,,n_v,reject,FORM,,MASTER,0,1,0,,reject,,,1,0,0,ESDB_V0_4
10739,10938,reminding,-12.1804,1,PASS,35,,v,remind,FORM,,MASTER,0,0,0,,,,,0,0,0,ESDB_V0_4
10740,10939,renew,-12.1804,1,PASS,35,,v,renew,LEMMA,,MASTER,0,0,0,,,,,0,0,0,ESDB_V0_4
10741,10940,renovation,-12.1804,1,PASS,35,,n,renovation,LEMMA,,MASTER,0,1,1,,,,renovations,0,1,1,ESDB_V0_4
10742,10941,resembles,-12.1804,1,PASS,35,,v,resemble,FORM,,MASTER,0,1,0,,resemble,,,1,0,0,ESDB_V0_4
10743,10942,respectful,-12.1804,1,PASS,35,,aj,respectful,LEMMA,,MASTER,0,0,0,,,,,0,0,0,ESDB_V0_4
10744,10943,responsive,-12.1804,1,PASS,35,,aj,responsive,LEMMA,,MASTER,0,0,0,,,,,0,0,0,ESDB_V0_4
10745,10944,reunited,-12.1804,1,PASS,35,,v,reunite,FORM,,MASTER,0,1,0,,reunite,,,1,0,0,ESDB_V0_4
10746,10945,ribbon,-12.1804,1,PASS,35,,n,ribbon,LEMMA,,MASTER,0,1,1,,,,ribbons,0,1,1,ESDB_V0_4
10747,10946,rite,-12.1804,1,PASS,35,,n,rite,LEMMA,,MASTER,0,1,1,,,write,rites,0,2,1,ESDB_V0_4
10748,10947,romney,-12.1804,0,NOT_EXACT_EN_US,,,,,,,REJECTED_AUTO,0,0,0,,,,,0,0,0,ESDB_V0_4
10749,10948,samantha,-12.1804,0,NOT_EXACT_EN_US,,,,,,,REJECTED_AUTO,0,0,0,,,,,0,0,0,ESDB_V0_4
10750,10949,santos,-12.1804,0,NOT_EXACT_EN_US,,,,,,,REJECTED_AUTO,0,0,0,,,,,0,0,0,ESDB_V0_4
10751,10950,schooling,-12.1804,1,PASS,35,,n_v;n,school;schooling,FORM;LEMMA,,MASTER,0,0,0,,,,,0,0,0,ESDB_V0_4
10752,10951,screenshot,-12.1804,0,SPECIAL_ONLY,50,,n,screenshot,LEMMA,,REJECTED_AUTO,0,0,0,,,,,0,0,0,ESDB_V0_4
10753,10952,shelves,-12.1804,1,PASS,35,,n;v,shelf;shelve,FORM,,MASTER,0,0,0,,,,,0,0,0,ESDB_V0_4
10754,10953,shin,-12.1804,1,PASS,35,,n_v,shin,LEMMA,,MASTER,0,1,1,,,,shine;shiny,0,2,0,ESDB_V0_4
10755,10954,simmons,-12.1804,0,NOT_EXACT_EN_US,,,,,,,REJECTED_AUTO,0,0,0,,,,,0,0,0,ESDB_V0_4
10756,10955,singular,-12.1804,1,PASS,35,,n;aj,singular,LEMMA,,MASTER,0,0,0,,,,,0,0,0,ESDB_V0_4
10757,10956,slowed,-12.1804,1,PASS,35,,v,slow,FORM,,MASTER,0,0,0,,,,,0,0,0,ESDB_V0_4
10758,10957,slowing,-12.1804,1,PASS,35,,v;n,slow;slowing,FORM;LEMMA,,MASTER,0,0,0,,,,,0,0,0,ESDB_V0_4
10759,10958,soils,-12.1804,1,PASS,35,,v,soil,FORM,,MASTER,0,1,0,oils,soil,,,2,0,0,ESDB_V0_4
10760,10959,sol,-12.1804,0,CASE_FREQ_COLLISION,50,50,n,sol,LEMMA,,REJECTED_AUTO,0,0,0,,,,,0,0,0,ESDB_V0_4
10761,10960,solitary,-12.1804,1,PASS,35,,n;aj,solitary,LEMMA,,MASTER,0,0,0,,,,,0,0,0,ESDB_V0_4
10762,10961,somerset,-12.1804,1,PASS,60,,n_v,somerset,LEMMA,,MASTER,0,0,0,,,,,0,0,0,ESDB_V0_4
10763,10962,sq,-12.1804,0,NO_ESDB_GENERAL_EVIDENCE,,,,,,,REJECTED_AUTO,0,0,0,,,,,0,0,0,ESDB_V0_4
10764,10963,standardized,-12.1804,1,PASS,35,,v;aj,standardize;standardized,FORM;LEMMA,,MASTER,0,0,0,,,,,0,0,0,ESDB_V0_4
10765,10964,sticky,-12.1804,1,PASS,35,,n;aj,sticky,LEMMA,,MASTER,0,1,0,,stick,,,1,0,0,ESDB_V0_4
10766,10965,surgeons,-12.1804,1,PASS,35,,n,surgeon,FORM,,MASTER,0,1,0,,surgeon,,,1,0,0,ESDB_V0_4
10767,10966,symptom,-12.1804,1,PASS,35,,n,symptom,LEMMA,,MASTER,0,1,1,,,,symptoms,0,1,1,ESDB_V0_4
10768,10967,tariff,-12.1804,1,PASS,35,,n,tariff,LEMMA,,MASTER,0,1,1,,,,tariffs,0,1,1,ESDB_V0_4
10769,10968,theatrical,-12.1804,1,PASS,35,,aj,theatrical,LEMMA,,MASTER,0,0,0,,,,,0,0,0,ESDB_V0_4
10770,10969,thirst,-12.1804,1,PASS,35,,n_v,thirst,LEMMA,,MASTER,0,1,1,,,,thirsty,0,1,0,ESDB_V0_4
10771,10970,tones,-12.1804,1,PASS,35,,n_v,tone,FORM,,MASTER,0,1,1,ones,tone,stones,,2,1,0,ESDB_V0_4
10772,10971,tract,-12.1804,1,PASS,35,,n,tract,LEMMA,,MASTER,0,1,1,,,,tracts,0,1,1,ESDB_V0_4
10773,10972,transmitter,-12.1804,1,PASS,35,,n,transmitter,LEMMA,,MASTER,0,0,0,,,,,0,0,0,ESDB_V0_4
10774,10973,troop,-12.1804,1,PASS,35,,n_v,troop,LEMMA,,MASTER,0,1,1,,,,troops,0,1,1,ESDB_V0_4
10775,10974,ts,-12.1804,0,NOT_EXACT_EN_US,,,,,,,REJECTED_AUTO,0,0,0,,,,,0,0,0,ESDB_V0_4
10776,10975,turbo,-12.1804,1,PASS,60,,n,turbo,LEMMA,,MASTER,0,0,0,,,,,0,0,0,ESDB_V0_4
10777,10976,valleys,-12.1804,1,PASS,35,,n,valley,FORM,,MASTER,0,1,0,,valley,,,1,0,0,ESDB_V0_4
10778,10977,veil,-12.1804,1,PASS,35,,n_v,veil,LEMMA,,MASTER,0,0,0,,,,,0,0,0,ESDB_V0_4
10779,10978,velvet,-12.1804,1,PASS,35,,n;aj,velvet,LEMMA,,MASTER,0,0,0,,,,,0,0,0,ESDB_V0_4
10780,10979,vip,-12.1804,0,NOT_EXACT_EN_US,,,,,,,REJECTED_AUTO,0,0,0,,,,,0,0,0,ESDB_V0_4
10781,10980,wagner,-12.1804,0,NOT_EXACT_EN_US,,,,,,,REJECTED_AUTO,0,0,0,,,,,0,0,0,ESDB_V0_4
10782,10981,waving,-12.1804,1,PASS,35,,n_v;n,wave;waving,FORM;LEMMA,,MASTER,0,0,0,,,,,0,0,0,ESDB_V0_4
10783,10982,weddings,-12.1804,1,PASS,35,,n,wedding,FORM,,MASTER,0,1,0,,wedding,,,1,0,0,ESDB_V0_4
10784,10983,wesley,-12.1804,0,NOT_EXACT_EN_US,,,,,,,REJECTED_AUTO,0,0,0,,,,,0,0,0,ESDB_V0_4
10785,10984,worthwhile,-12.1804,1,PASS,35,,aj,worthwhile,LEMMA,,MASTER,0,0,0,,,,,0,0,0,ESDB_V0_4
10786,10985,yen,-12.1804,1,PASS,35,,n,yen,LEMMA;FORM,,MASTER,0,1,0,en,ye,,,2,0,0,ESDB_V0_4
10787,10986,youre,-12.1804,0,NOT_EXACT_EN_US,,,,,,,REJECTED_AUTO,0,0,0,,,,,0,0,0,ESDB_V0_4
10788,10988,adjusting,-12.2041,1,PASS,35,,v,adjust,FORM,,MASTER,0,0,0,,,,,0,0,0,ESDB_V0_4
10789,10989,admired,-12.2041,1,PASS,35,,v;aj,admire;admired,FORM;LEMMA,,MASTER,0,1,0,,admire,,,1,0,0,ESDB_V0_4
10790,10990,ale,-12.2041,1,PASS,35,,n,ale,LEMMA,,MASTER,0,1,1,,,male;sale;tale;pale;gale;vale;bale;hale;kale,,0,9,0,ESDB_V0_4
10791,10991,algorithms,-12.2041,1,PASS,35,,n,algorithm,FORM,,MASTER,0,1,0,,algorithm,,,1,0,0,ESDB_V0_4
10792,10992,artifacts,-12.2041,1,PASS,35,,n,artifact,FORM,,MASTER,0,1,0,,artifact,,,1,0,0,ESDB_V0_4
10793,10993,assholes,-12.2041,1,PASS,40,,n,asshole,FORM,vulgar-1,MASTER,0,1,0,,asshole,,,1,0,0,ESDB_V0_4
10794,10994,attracting,-12.2041,1,PASS,35,,v,attract,FORM,,MASTER,0,0,0,,,,,0,0,0,ESDB_V0_4
10795,10995,ay,-12.2041,0,NOT_EXACT_EN_US,,,,,,,REJECTED_AUTO,0,0,0,,,,,0,0,0,ESDB_V0_4
10796,10996,bananas,-12.2041,1,PASS,35,,n,banana,FORM,,MASTER,0,1,0,,banana,,,1,0,0,ESDB_V0_4
10797,10997,bankrupt,-12.2041,1,PASS,35,,n_v;aj,bankrupt,LEMMA,,MASTER,0,0,0,,,,,0,0,0,ESDB_V0_4
10798,10998,bathing,-12.2041,1,PASS,35,,n_v;n,bathe;bathing,FORM;LEMMA,,MASTER,0,0,0,,,,,0,0,0,ESDB_V0_4
10799,10999,bayern,-12.2041,0,NOT_EXACT_EN_US,,,,,,,REJECTED_AUTO,0,0,0,,,,,0,0,0,ESDB_V0_4
10800,11000,bieber,-12.2041,0,NOT_EXACT_EN_US,,,,,,,REJECTED_AUTO,0,0,0,,,,,0,0,0,ESDB_V0_4
10801,11001,bleed,-12.2041,1,PASS,35,,v,bleed,LEMMA,,MASTER,0,0,0,,,,,0,0,0,ESDB_V0_4
10802,11002,bowls,-12.2041,1,PASS,35,,n_v,bowl,FORM,,MASTER,0,1,0,owls,bowl,,,2,0,0,ESDB_V0_4
10803,11003,ceramic,-12.2041,1,PASS,35,,n;aj,ceramic,LEMMA,,MASTER,0,1,1,,,,ceramics,0,1,0,ESDB_V0_4
10804,11004,cha,-12.2041,0,NOT_EXACT_EN_US,,,,,,,REJECTED_AUTO,0,0,0,,,,,0,0,0,ESDB_V0_4
10805,11005,choke,-12.2041,1,PASS,35,,n_v,choke,LEMMA,,MASTER,0,1,1,,,,choked,0,1,1,ESDB_V0_4
10806,11006,coats,-12.2041,1,PASS,35,,n_v,coat,FORM,,MASTER,0,1,0,oats,coat,,,2,0,0,ESDB_V0_4
10807,11007,coca,-12.2041,1,PASS,60,,n,coca,LEMMA,,MASTER,0,0,0,,,,,0,0,0,ESDB_V0_4
10808,11008,coil,-12.2041,1,PASS,35,,n_v,coil,LEMMA,,MASTER,0,1,1,oil,,,coils,1,1,1,ESDB_V0_4
10809,11009,coleman,-12.2041,0,NOT_EXACT_EN_US,,,,,,,REJECTED_AUTO,0,0,0,,,,,0,0,0,ESDB_V0_4
10810,11010,combustion,-12.2041,1,PASS,35,,n,combustion,LEMMA,,MASTER,0,0,0,,,,,0,0,0,ESDB_V0_4
10811,11011,concealed,-12.2041,1,PASS,35,,v;aj,conceal;concealed,FORM;LEMMA,,MASTER,0,0,0,,,,,0,0,0,ESDB_V0_4
10812,11012,confirming,-12.2041,1,PASS,35,,v;aj,confirm;confirming,FORM;LEMMA,,MASTER,0,0,0,,,,,0,0,0,ESDB_V0_4
10813,11013,contention,-12.2041,1,PASS,35,,n,contention,LEMMA,,MASTER,0,0,0,,,,,0,0,0,ESDB_V0_4
10814,11014,controllers,-12.2041,1,PASS,35,,n,controller,FORM,,MASTER,0,1,0,,controller,,,1,0,0,ESDB_V0_4
10815,11015,councillor,-12.2041,0,NOT_EXACT_EN_US,,,,,,,REJECTED_AUTO,0,0,0,,,,,0,0,0,ESDB_V0_4
10816,11016,crowned,-12.2041,1,PASS,35,,n_v;aj,crown;crowned,FORM;LEMMA,,MASTER,0,0,0,,,,,0,0,0,ESDB_V0_4
10817,11017,damon,-12.2041,0,NOT_EXACT_EN_US,,,,,,,REJECTED_AUTO,0,0,0,,,,,0,0,0,ESDB_V0_4
10818,11018,danced,-12.2041,1,PASS,35,,n_v,dance,FORM,,MASTER,0,1,0,,dance,,,1,0,0,ESDB_V0_4
10819,11019,dd,-12.2041,0,NO_ESDB_GENERAL_EVIDENCE,,,,,,,REJECTED_AUTO,0,0,0,,,,,0,0,0,ESDB_V0_4
10820,11020,diplomat,-12.2041,1,PASS,35,,n,diplomat,LEMMA,,MASTER,0,1,1,,diploma,,diplomats,1,1,1,ESDB_V0_4
10821,11021,disappears,-12.2041,1,PASS,35,,v,disappear,FORM,,MASTER,0,1,0,,disappear,,,1,0,0,ESDB_V0_4
10822,11022,distraction,-12.2041,1,PASS,35,,n,distraction,LEMMA,,MASTER,0,1,1,,,,distractions,0,1,1,ESDB_V0_4
10823,11023,ecosystem,-12.2041,1,PASS,35,,n,ecosystem,LEMMA,,MASTER,0,1,1,,,,ecosystems,0,1,1,ESDB_V0_4
10824,11024,enduring,-12.2041,1,PASS,35,,v;aj,endure;enduring,FORM;LEMMA,,MASTER,0,0,0,,,,,0,0,0,ESDB_V0_4
10825,11025,enhancement,-12.2041,1,PASS,35,,n,enhancement,LEMMA,,MASTER,0,0,0,,,,,0,0,0,ESDB_V0_4
10826,11026,ethnicity,-12.2041,1,PASS,50,,n,ethnicity,LEMMA,,MASTER,0,0,0,,,,,0,0,0,ESDB_V0_4
10827,11027,faults,-12.2041,1,PASS,35,,n_v,fault,FORM,,MASTER,0,1,0,,fault,,,1,0,0,ESDB_V0_4
10828,11028,favors,-12.2041,1,PASS,35,,n_v,favor,FORM,,MASTER,0,1,0,,favor,,,1,0,0,ESDB_V0_4
10829,11029,firearm,-12.2041,1,PASS,35,,n,firearm,LEMMA,,MASTER,0,1,1,,,,firearms,0,1,1,ESDB_V0_4
10830,11030,focal,-12.2041,1,PASS,35,,aj,focal,LEMMA,,MASTER,0,0,0,,,,,0,0,0,ESDB_V0_4
10831,11031,forged,-12.2041,1,PASS,35,,n_v;aj,forge;forged,FORM;LEMMA,,MASTER,0,1,0,,forge,,,1,0,0,ESDB_V0_4
10832,11032,freedoms,-12.2041,1,PASS,35,,n,freedom,FORM,,MASTER,0,1,0,,freedom,,,1,0,0,ESDB_V0_4
10833,11034,generates,-12.2041,1,PASS,35,,v,generate,FORM,,MASTER,0,1,0,,generate,,,1,0,0,ESDB_V0_4
10834,11035,genetically,-12.2041,1,PASS,35,,av,genetically,LEMMA,,MASTER,0,0,0,,,,,0,0,0,ESDB_V0_4
10835,11036,gerald,-12.2041,0,NOT_EXACT_EN_US,,,,,,,REJECTED_AUTO,0,0,0,,,,,0,0,0,ESDB_V0_4
10836,11037,gown,-12.2041,1,PASS,35,,n_v,gown,LEMMA,,MASTER,0,1,0,own,,,,1,0,0,ESDB_V0_4
10837,11038,grandchildren,-12.2041,1,PASS,35,,n,grandchild,FORM,,MASTER,0,0,0,,,,,0,0,0,ESDB_V0_4
10838,11039,guessed,-12.2041,1,PASS,35,,n_v,guess,FORM,,MASTER,0,0,0,,,,,0,0,0,ESDB_V0_4
10839,11040,hallway,-12.2041,1,PASS,35,,n,hallway,LEMMA,,MASTER,0,0,0,,,,,0,0,0,ESDB_V0_4
10840,11041,hassan,-12.2041,0,NOT_EXACT_EN_US,,,,,,,REJECTED_AUTO,0,0,0,,,,,0,0,0,ESDB_V0_4
10841,11042,hbo,-12.2041,0,NOT_EXACT_EN_US,,,,,,,REJECTED_AUTO,0,0,0,,,,,0,0,0,ESDB_V0_4
10842,11043,herb,-12.2041,1,PASS,35,,n,herb,LEMMA,,MASTER,0,1,1,,her,,herbs,1,1,1,ESDB_V0_4
10843,11044,ie,-12.2041,0,NOT_EXACT_EN_US,,,,,,,REJECTED_AUTO,0,0,0,,,,,0,0,0,ESDB_V0_4
10844,11045,ineffective,-12.2041,1,PASS,35,,aj,ineffective,LEMMA,,MASTER,0,0,0,,,,,0,0,0,ESDB_V0_4
10845,11046,infamous,-12.2041,1,PASS,35,,aj,infamous,LEMMA,,MASTER,0,0,0,,,,,0,0,0,ESDB_V0_4
10846,11047,initiation,-12.2041,1,PASS,35,,n,initiation,LEMMA,,MASTER,0,0,0,,,,,0,0,0,ESDB_V0_4
10847,11048,insecure,-12.2041,1,PASS,35,,aj,insecure,LEMMA,,MASTER,0,0,0,,,,,0,0,0,ESDB_V0_4
10848,11049,interpretations,-12.2041,1,PASS,35,,n,interpretation,FORM,,MASTER,0,1,0,,interpretation,,,1,0,0,ESDB_V0_4
10849,11050,ipod,-12.2041,0,NOT_EXACT_EN_US,,,,,,,REJECTED_AUTO,0,0,0,,,,,0,0,0,ESDB_V0_4
10850,11051,ir,-12.2041,0,NOT_EXACT_EN_US,,,,,,,REJECTED_AUTO,0,0,0,,,,,0,0,0,ESDB_V0_4
10851,11052,ish,-12.2041,0,NOT_EXACT_EN_US,,,,,,,REJECTED_AUTO,0,0,0,,,,,0,0,0,ESDB_V0_4
10852,11053,jolly,-12.2041,1,PASS,35,,n_v;aj_av,jolly,LEMMA,,MASTER,0,0,0,,,,,0,0,0,ESDB_V0_4
10853,11054,jules,-12.2041,0,NOT_EXACT_EN_US,,,,,,,REJECTED_AUTO,0,0,0,,,,,0,0,0,ESDB_V0_4
10854,11055,lastly,-12.2041,1,PASS,35,,av,lastly,LEMMA,,MASTER,0,0,0,,,,,0,0,0,ESDB_V0_4
10855,11056,leonardo,-12.2041,0,NOT_EXACT_EN_US,,,,,,,REJECTED_AUTO,0,0,0,,,,,0,0,0,ESDB_V0_4
10856,11057,lever,-12.2041,1,PASS,35,,n_v,lever,LEMMA,,MASTER,0,1,1,ever,,clever,,1,1,0,ESDB_V0_4
10857,11058,lib,-12.2041,1,PASS,40,,n,lib,LEMMA,,MASTER,0,0,0,,,,,0,0,0,ESDB_V0_4
10858,11059,liu,-12.2041,0,NOT_EXACT_EN_US,,,,,,,REJECTED_AUTO,0,0,0,,,,,0,0,0,ESDB_V0_4
10859,11060,locking,-12.2041,1,PASS,35,,n_v;n,lock;locking,FORM;LEMMA,,MASTER,0,1,1,,,blocking,,0,1,0,ESDB_V0_4
10860,11061,lunar,-12.2041,1,PASS,35,,aj,lunar,LEMMA,,MASTER,0,0,0,,,,,0,0,0,ESDB_V0_4
10861,11062,majors,-12.2041,1,PASS,35,,n_v,major,FORM,,MASTER,0,1,0,,major,,,1,0,0,ESDB_V0_4
10862,11063,malta,-12.2041,0,NOT_EXACT_EN_US,,,,,,,REJECTED_AUTO,0,0,0,,,,,0,0,0,ESDB_V0_4
10863,11064,manifesto,-12.2041,1,PASS,35,,n,manifesto,LEMMA,,MASTER,0,1,0,,manifest,,,1,0,0,ESDB_V0_4
10864,11065,mans,-12.2041,1,PASS,35,,v,man,FORM,,MASTER,0,1,0,,man,,,1,0,0,ESDB_V0_4
10865,11066,manually,-12.2041,1,PASS,35,,av,manually,LEMMA,,MASTER,0,0,0,,,,,0,0,0,ESDB_V0_4
10866,11067,marion,-12.2041,0,NOT_EXACT_EN_US,,,,,,,REJECTED_AUTO,0,0,0,,,,,0,0,0,ESDB_V0_4
10867,11068,masculine,-12.2041,1,PASS,35,,n;aj,masculine,LEMMA,,MASTER,0,0,0,,,,,0,0,0,ESDB_V0_4
10868,11069,meaningless,-12.2041,1,PASS,35,,aj,meaningless,LEMMA,,MASTER,0,0,0,,,,,0,0,0,ESDB_V0_4
10869,11070,mesh,-12.2041,1,PASS,35,,n_v,mesh,LEMMA,,MASTER,0,0,0,,,,,0,0,0,ESDB_V0_4
10870,11071,minneapolis,-12.2041,0,NOT_EXACT_EN_US,,,,,,,REJECTED_AUTO,0,0,0,,,,,0,0,0,ESDB_V0_4
10871,11072,modi,-12.2041,1,PASS,60,,n,modus,FORM,,MASTER,0,1,0,,mod,,,1,0,0,ESDB_V0_4
10872,11073,modules,-12.2041,1,PASS,35,,n,module,FORM,,MASTER,0,1,0,,module,,,1,0,0,ESDB_V0_4
10873,11074,mold,-12.2041,1,PASS,35,,n_v,mold,LEMMA,,MASTER,0,1,0,old,,,,1,0,0,ESDB_V0_4
10874,11075,monaco,-12.2041,0,NOT_EXACT_EN_US,,,,,,,REJECTED_AUTO,0,0,0,,,,,0,0,0,ESDB_V0_4
10875,11076,ned,-12.2041,0,NOT_EXACT_EN_US,,,,,,,REJECTED_AUTO,0,0,0,,,,,0,0,0,ESDB_V0_4
10876,11077,newborn,-12.2041,1,PASS,35,,n;aj,newborn,LEMMA;FORM,,MASTER,0,0,0,,,,,0,0,0,ESDB_V0_4
10877,11078,norfolk,-12.2041,0,NOT_EXACT_EN_US,,,,,,,REJECTED_AUTO,0,0,0,,,,,0,0,0,ESDB_V0_4
10878,11079,nos,-12.2041,0,NO_ESDB_GENERAL_EVIDENCE,,,,,,,REJECTED_AUTO,0,0,0,,,,,0,0,0,ESDB_V0_4
10879,11080,noticeable,-12.2041,1,PASS,35,,aj,noticeable,LEMMA,,MASTER,0,0,0,,,,,0,0,0,ESDB_V0_4
10880,11081,ole,-12.2041,1,PASS,60,,n;a;i,ole,LEMMA,,MASTER,0,1,1,,,role;hole;sole;pole;mole;dole,,0,6,0,ESDB_V0_4
10881,11082,omega,-12.2041,1,PASS,35,,n,omega,LEMMA,,MASTER,0,1,0,mega,,,,1,0,0,ESDB_V0_4
10882,11083,owes,-12.2041,1,PASS,35,,v,owe,FORM,,MASTER,0,1,0,,owe,,,1,0,0,ESDB_V0_4
10883,11084,patricia,-12.2041,0,NOT_EXACT_EN_US,,,,,,,REJECTED_AUTO,0,0,0,,,,,0,0,0,ESDB_V0_4
10884,11085,plantation,-12.2041,1,PASS,35,,n,plantation,LEMMA,,MASTER,0,1,1,,,,plantations,0,1,1,ESDB_V0_4
10885,11086,potent,-12.2041,1,PASS,35,,aj,potent,LEMMA,,MASTER,0,0,0,,,,,0,0,0,ESDB_V0_4
10886,11087,preaching,-12.2041,1,PASS,35,,v;n,preach;preaching,FORM;LEMMA,,MASTER,0,1,0,reaching,,,,1,0,0,ESDB_V0_4
10887,11088,prevalence,-12.2041,1,PASS,35,,n,prevalence,LEMMA,,MASTER,0,0,0,,,,,0,0,0,ESDB_V0_4
10888,11089,psychiatrist,-12.2041,1,PASS,35,,n,psychiatrist,LEMMA,,MASTER,0,0,0,,,,,0,0,0,ESDB_V0_4
10889,11090,pushes,-12.2041,1,PASS,35,,n_v,push,FORM,,MASTER,0,0,0,,,,,0,0,0,ESDB_V0_4
10890,11091,qaeda,-12.2041,0,NOT_EXACT_EN_US,,,,,,,REJECTED_AUTO,0,0,0,,,,,0,0,0,ESDB_V0_4
10891,11092,quad,-12.2041,1,PASS,40,,n,quad,LEMMA,,MASTER,0,1,1,,,squad,,0,1,0,ESDB_V0_4
10892,11093,quitting,-12.2041,1,PASS,35,,v,quit,FORM,,MASTER,0,0,0,,,,,0,0,0,ESDB_V0_4
10893,11094,quoting,-12.2041,1,PASS,35,,n_v,quote,FORM,,MASTER,0,0,0,,,,,0,0,0,ESDB_V0_4
10894,11095,raining,-12.2041,1,PASS,35,,n_v;aj,rain;raining,FORM;LEMMA,,MASTER,0,1,1,,,training;draining,,0,2,0,ESDB_V0_4
10895,11096,rb,-12.2041,0,NOT_EXACT_EN_US,,,,,,,REJECTED_AUTO,0,0,0,,,,,0,0,0,ESDB_V0_4
10896,11097,realizes,-12.2041,1,PASS,35,,v,realize,FORM,,MASTER,0,1,0,,realize,,,1,0,0,ESDB_V0_4
10897,11098,recurring,-12.2041,1,PASS,35,,v;aj,recur;recurring,FORM;LEMMA,,MASTER,0,0,0,,,,,0,0,0,ESDB_V0_4
10898,11099,refrain,-12.2041,1,PASS,35,,n_v,refrain,LEMMA,,MASTER,0,0,0,,,,,0,0,0,ESDB_V0_4
10899,11100,regina,-12.2041,0,NOT_EXACT_EN_US,,,,,,,REJECTED_AUTO,0,0,0,,,,,0,0,0,ESDB_V0_4
10900,11101,reproduce,-12.2041,1,PASS,35,,v,reproduce,LEMMA,,MASTER,0,1,1,,,,reproduced,0,1,1,ESDB_V0_4
10901,11102,reset,-12.2041,1,PASS,35,,n_v;a,reset,LEMMA;FORM,,MASTER,0,0,0,,,,,0,0,0,ESDB_V0_4
10902,11103,rover,-12.2041,0,CASE_FREQ_COLLISION,50,50,n,rover,LEMMA,,REJECTED_AUTO,0,0,0,,,,,0,0,0,ESDB_V0_4
10903,11104,ruining,-12.2041,1,PASS,35,,n_v;n,ruin;ruining,FORM;LEMMA,,MASTER,0,0,0,,,,,0,0,0,ESDB_V0_4
10904,11105,sanders,-12.2041,0,CASE_FREQ_COLLISION,50,50,n,sander,FORM,,REJECTED_AUTO,0,0,0,,,,,0,0,0,ESDB_V0_4
10905,11106,scholarships,-12.2041,1,PASS,35,,n,scholarship,FORM,,MASTER,0,1,0,,scholarship,,,1,0,0,ESDB_V0_4
10906,11107,separating,-12.2041,1,PASS,35,,n_v,separate,FORM,,MASTER,0,0,0,,,,,0,0,0,ESDB_V0_4
10907,11108,shady,-12.2041,1,PASS,35,,aj,shady,LEMMA,,MASTER,0,0,0,,,,,0,0,0,ESDB_V0_4
10908,11109,shannon,-12.2041,0,NOT_EXACT_EN_US,,,,,,,REJECTED_AUTO,0,0,0,,,,,0,0,0,ESDB_V0_4
10909,11110,shelters,-12.2041,1,PASS,35,,n_v,shelter,FORM,,MASTER,0,1,0,,shelter,,,1,0,0,ESDB_V0_4
10910,11111,shi,-12.2041,0,NOT_EXACT_EN_US,,,,,,,REJECTED_AUTO,0,0,0,,,,,0,0,0,ESDB_V0_4
10911,11112,shipment,-12.2041,1,PASS,35,,n,shipment,LEMMA,,MASTER,0,1,1,,,,shipments,0,1,1,ESDB_V0_4
10912,11114,skate,-12.2041,1,PASS,35,,v;n,skate,LEMMA;FORM,,MASTER,0,1,1,,,,skater,0,1,0,ESDB_V0_4
10913,11115,soviets,-12.2041,1,PASS,50,,n,soviet,FORM,,MASTER,0,0,0,,,,,0,0,0,ESDB_V0_4
10914,11116,spear,-12.2041,1,PASS,35,,n_v,spear,LEMMA,,MASTER,0,1,1,pear,,,spears,1,1,1,ESDB_V0_4
10915,11117,spears,-12.2041,1,PASS,35,50,n_v,spear,FORM,,MASTER,0,1,0,,spear,,,1,0,0,ESDB_V0_4
10916,11118,squadron,-12.2041,1,PASS,35,,n,squadron,LEMMA,,MASTER,0,0,0,,,,,0,0,0,ESDB_V0_4
10917,11119,squirrel,-12.2041,1,PASS,35,,n;v,squirrel,LEMMA;FORM,,MASTER,0,1,1,,,,squirrels,0,1,1,ESDB_V0_4
10918,11120,stoke,-12.2041,1,PASS,35,,v,stoke,LEMMA,,MASTER,0,1,1,,,,stokes;stoked,0,2,2,ESDB_V0_4
10919,11121,strap,-12.2041,1,PASS,35,,n_v,strap,LEMMA,,MASTER,0,1,1,trap,,,straps,1,1,1,ESDB_V0_4
10920,11122,stresses,-12.2041,1,PASS,35,,n_v,stress,FORM,,MASTER,0,0,0,,,,,0,0,0,ESDB_V0_4
10921,11123,superstar,-12.2041,1,PASS,35,,n,superstar,LEMMA,,MASTER,0,0,0,,,,,0,0,0,ESDB_V0_4
10922,11124,surrey,-12.2041,1,PASS,50,,n,surrey,LEMMA,,MASTER,0,0,0,,,,,0,0,0,ESDB_V0_4
10923,11125,sweater,-12.2041,1,PASS,35,,n,sweater,LEMMA,,MASTER,0,0,0,,,,,0,0,0,ESDB_V0_4
10924,11126,tango,-12.2041,1,PASS,35,,n_v,tango,LEMMA,,MASTER,0,1,0,,tang,,,1,0,0,ESDB_V0_4
10925,11127,teammate,-12.2041,1,PASS,35,,n,teammate,LEMMA,,MASTER,0,1,1,,,,teammates,0,1,1,ESDB_V0_4
10926,11128,temp,-12.2041,1,PASS,40,50,n_v,temp,LEMMA,,MASTER,0,1,1,,,,tempo;temps,0,2,1,ESDB_V0_4
10927,11129,thames,-12.2041,0,NOT_EXACT_EN_US,,,,,,,REJECTED_AUTO,0,0,0,,,,,0,0,0,ESDB_V0_4
10928,11130,threads,-12.2041,1,PASS,35,,n_v,thread,FORM,,MASTER,0,1,0,,thread,,,1,0,0,ESDB_V0_4
10929,11131,tractor,-12.2041,1,PASS,35,,n,tractor,LEMMA,,MASTER,0,0,0,,,,,0,0,0,ESDB_V0_4
10930,11132,trump,-12.2041,1,PASS,35,50,n_v,trump,LEMMA,,MASTER,0,0,0,,,,,0,0,0,ESDB_V0_4
10931,11133,trusting,-12.2041,1,PASS,35,,n_v;aj,trust;trusting,FORM;LEMMA,,MASTER,0,0,0,,,,,0,0,0,ESDB_V0_4
10932,11134,tuberculosis,-12.2041,1,PASS,35,,n,tuberculosis,LEMMA,,MASTER,0,0,0,,,,,0,0,0,ESDB_V0_4
10933,11135,tuna,-12.2041,1,PASS,35,,n,tuna,LEMMA;FORM,,MASTER,0,0,0,,,,,0,0,0,ESDB_V0_4
10934,11136,turf,-12.2041,1,PASS,35,,n;v,turf,LEMMA,,MASTER,0,0,0,,,,,0,0,0,ESDB_V0_4
10935,11137,ty,-12.2041,0,NOT_EXACT_EN_US,,,,,,,REJECTED_AUTO,0,0,0,,,,,0,0,0,ESDB_V0_4
10936,11138,ufc,-12.2041,0,NOT_EXACT_EN_US,,,,,,,REJECTED_AUTO,0,0,0,,,,,0,0,0,ESDB_V0_4
10937,11139,una,-12.2041,0,NOT_EXACT_EN_US,,,,,,,REJECTED_AUTO,0,0,0,,,,,0,0,0,ESDB_V0_4
10938,11140,undercover,-12.2041,1,PASS,35,,aj,undercover,LEMMA,,MASTER,0,0,0,,,,,0,0,0,ESDB_V0_4
10939,11141,unwilling,-12.2041,1,PASS,35,,aj,unwilling,LEMMA,,MASTER,0,0,0,,,,,0,0,0,ESDB_V0_4
10940,11142,verb,-12.2041,1,PASS,35,,n,verb,LEMMA,,MASTER,0,1,1,,,,verbs,0,1,1,ESDB_V0_4
10941,11143,vista,-12.2041,1,PASS,35,60,n,vista,LEMMA,,MASTER,0,0,0,,,,,0,0,0,ESDB_V0_4
10942,11144,vivid,-12.2041,1,PASS,35,,aj,vivid,LEMMA,,MASTER,0,0,0,,,,,0,0,0,ESDB_V0_4
10943,11145,vocals,-12.2041,1,PASS,35,,n,vocal,FORM,,MASTER,0,1,0,,vocal,,,1,0,0,ESDB_V0_4
10944,11146,volcanic,-12.2041,1,PASS,35,,aj,volcanic,LEMMA,,MASTER,0,0,0,,,,,0,0,0,ESDB_V0_4
10945,11147,waits,-12.2041,1,PASS,35,,n_v,wait,FORM,,MASTER,0,1,1,,wait,awaits,,1,1,0,ESDB_V0_4
10946,11148,webster,-12.2041,0,NOT_EXACT_EN_US,,,,,,,REJECTED_AUTO,0,0,0,,,,,0,0,0,ESDB_V0_4
10947,11149,yuan,-12.2041,0,CASE_FREQ_COLLISION,60,50,n,yuan,LEMMA;FORM,,REJECTED_AUTO,0,0,0,,,,,0,0,0,ESDB_V0_4
10948,11150,abolished,-12.2263,1,PASS,35,,v,abolish,FORM,,MASTER,0,0,0,,,,,0,0,0,ESDB_V0_4
10949,11151,absorption,-12.2263,1,PASS,35,,n,absorption,LEMMA,,MASTER,0,0,0,,,,,0,0,0,ESDB_V0_4
10950,11152,accelerate,-12.2263,1,PASS,35,,v,accelerate,LEMMA,,MASTER,0,1,1,,,,accelerated,0,1,1,ESDB_V0_4
10951,11153,accusing,-12.2263,1,PASS,35,,v;aj,accuse;accusing,FORM;LEMMA,,MASTER,0,0,0,,,,,0,0,0,ESDB_V0_4
10952,11154,advertised,-12.2263,1,PASS,35,,v;aj,advertise;advertised,FORM;LEMMA,,MASTER,0,1,0,,advertise,,,1,0,0,ESDB_V0_4
10953,11155,advocated,-12.2263,1,PASS,35,,n_v,advocate,FORM,,MASTER,0,1,0,,advocate,,,1,0,0,ESDB_V0_4
10954,11156,aisle,-12.2263,1,PASS,35,,n,aisle,LEMMA,,MASTER,0,1,0,isle,,,,1,0,0,ESDB_V0_4
10955,11157,alphabet,-12.2263,1,PASS,35,,n,alphabet,LEMMA,,MASTER,0,0,0,,,,,0,0,0,ESDB_V0_4
10956,11158,aluminium,-12.2263,0,NOT_EXACT_EN_US,,,,,,,REJECTED_AUTO,0,0,0,,,,,0,0,0,ESDB_V0_4
10957,11159,asap,-12.2263,0,NO_ESDB_GENERAL_EVIDENCE,,,,,,,REJECTED_AUTO,0,0,0,,,,,0,0,0,ESDB_V0_4
10958,11160,assertion,-12.2263,1,PASS,35,,n,assertion,LEMMA,,MASTER,0,1,1,,,,assertions,0,1,1,ESDB_V0_4
10959,11161,aston,-12.2263,0,NOT_EXACT_EN_US,,,,,,,REJECTED_AUTO,0,0,0,,,,,0,0,0,ESDB_V0_4
10960,11162,atheist,-12.2263,1,PASS,35,,n;aj,atheist,LEMMA,,MASTER,0,1,1,,,,atheists,0,1,1,ESDB_V0_4
10961,11163,aus,-12.2263,0,NOT_EXACT_EN_US,,,,,,,REJECTED_AUTO,0,0,0,,,,,0,0,0,ESDB_V0_4
10962,11164,avatar,-12.2263,1,PASS,50,,n,avatar,LEMMA,,MASTER,0,0,0,,,,,0,0,0,ESDB_V0_4
10963,11165,avengers,-12.2263,1,PASS,50,,n,avenger,FORM,,MASTER,0,0,0,,,,,0,0,0,ESDB_V0_4
10964,11166,beacon,-12.2263,1,PASS,35,,n,beacon,LEMMA,,MASTER,0,0,0,,,,,0,0,0,ESDB_V0_4
10965,11167,budapest,-12.2263,0,NOT_EXACT_EN_US,,,,,,,REJECTED_AUTO,0,0,0,,,,,0,0,0,ESDB_V0_4
10966,11168,butterflies,-12.2263,1,PASS,35,,n_v,butterfly,FORM,,MASTER,0,0,0,,,,,0,0,0,ESDB_V0_4
10967,11169,capitals,-12.2263,1,PASS,35,,n,capital,FORM,,MASTER,0,1,0,,capital,,,1,0,0,ESDB_V0_4
10968,11170,capturing,-12.2263,1,PASS,35,,n_v,capture,FORM,,MASTER,0,0,0,,,,,0,0,0,ESDB_V0_4
10969,11171,cds,-12.2263,0,NOT_EXACT_EN_US,,,,,,,REJECTED_AUTO,0,0,0,,,,,0,0,0,ESDB_V0_4
10970,11172,celebrates,-12.2263,1,PASS,35,,v,celebrate,FORM,,MASTER,0,1,0,,celebrate,,,1,0,0,ESDB_V0_4
10971,11173,certificates,-12.2263,1,PASS,35,,n_v,certificate,FORM,,MASTER,0,1,0,,certificate,,,1,0,0,ESDB_V0_4
10972,11174,chili,-12.2263,1,PASS,35,,n,chili,LEMMA,,MASTER,0,0,0,,,,,0,0,0,ESDB_V0_4
10973,11175,chronicle,-12.2263,1,PASS,35,,n_v,chronicle,LEMMA,,MASTER,0,1,1,,,,chronicles,0,1,1,ESDB_V0_4
10974,11176,coherent,-12.2263,1,PASS,35,,aj,coherent,LEMMA,,MASTER,0,0,0,,,,,0,0,0,ESDB_V0_4
10975,11177,conditional,-12.2263,1,PASS,35,,n;aj,conditional,LEMMA,,MASTER,0,0,0,,,,,0,0,0,ESDB_V0_4
10976,11178,confuse,-12.2263,1,PASS,35,,v,confuse,LEMMA,,MASTER,0,1,1,,,,confused,0,1,1,ESDB_V0_4
10977,11179,consultants,-12.2263,1,PASS,35,,n,consultant,FORM,,MASTER,0,1,0,,consultant,,,1,0,0,ESDB_V0_4
10978,11180,copying,-12.2263,1,PASS,35,,n_v;n,copy;copying,FORM;LEMMA,,MASTER,0,0,0,,,,,0,0,0,ESDB_V0_4
10979,11181,credentials,-12.2263,1,PASS,50,,n,credential,FORM,,MASTER,0,0,0,,,,,0,0,0,ESDB_V0_4
10980,11182,cruelty,-12.2263,1,PASS,35,,n,cruelty,LEMMA,,MASTER,0,0,0,,,,,0,0,0,ESDB_V0_4
10981,11183,delaware,-12.2263,0,NOT_EXACT_EN_US,,,,,,,REJECTED_AUTO,0,0,0,,,,,0,0,0,ESDB_V0_4
10982,11184,deutsche,-12.2263,0,NOT_EXACT_EN_US,,,,,,,REJECTED_AUTO,0,0,0,,,,,0,0,0,ESDB_V0_4
10983,11185,digits,-12.2263,1,PASS,35,,n,digit,FORM,,MASTER,0,1,0,,digit,,,1,0,0,ESDB_V0_4
10984,11186,dinosaurs,-12.2263,1,PASS,35,,n,dinosaur,FORM,,MASTER,0,1,0,,dinosaur,,,1,0,0,ESDB_V0_4
10985,11187,dismissal,-12.2263,1,PASS,35,,n,dismissal,LEMMA,,MASTER,0,0,0,,,,,0,0,0,ESDB_V0_4
10986,11188,disposed,-12.2263,1,PASS,35,,v;aj,dispose;disposed,FORM;LEMMA,,MASTER,0,1,0,,dispose,,,1,0,0,ESDB_V0_4
10987,11189,dissolution,-12.2263,1,PASS,35,,n,dissolution,LEMMA,,MASTER,0,0,0,,,,,0,0,0,ESDB_V0_4
10988,11190,disturbance,-12.2263,1,PASS,35,,n,disturbance,LEMMA,,MASTER,0,1,1,,,,disturbances,0,1,1,ESDB_V0_4
10989,11191,dm,-12.2263,0,NOT_EXACT_EN_US,,,,,,,REJECTED_AUTO,0,0,0,,,,,0,0,0,ESDB_V0_4
10990,11192,doyle,-12.2263,0,NOT_EXACT_EN_US,,,,,,,REJECTED_AUTO,0,0,0,,,,,0,0,0,ESDB_V0_4
10991,11193,emirates,-12.2263,1,PASS,40,,n,emirate,FORM,,MASTER,0,0,0,,,,,0,0,0,ESDB_V0_4
10992,11194,employing,-12.2263,1,PASS,35,,v,employ,FORM,,MASTER,0,0,0,,,,,0,0,0,ESDB_V0_4
10993,11195,energies,-12.2263,1,PASS,35,,n,energy,FORM,,MASTER,0,0,0,,,,,0,0,0,ESDB_V0_4
10994,11196,entirety,-12.2263,1,PASS,35,,n,entirety,LEMMA,,MASTER,0,0,0,,,,,0,0,0,ESDB_V0_4
10995,11197,extracted,-12.2263,1,PASS,35,,n_v,extract,FORM,,MASTER,0,0,0,,,,,0,0,0,ESDB_V0_4
10996,11198,fills,-12.2263,1,PASS,35,,v,fill,FORM,,MASTER,0,1,0,,fill,,,1,0,0,ESDB_V0_4
10997,11199,finn,-12.2263,0,NOT_EXACT_EN_US,,,,,,,REJECTED_AUTO,0,0,0,,,,,0,0,0,ESDB_V0_4
10998,11200,forgiven,-12.2263,1,PASS,35,,v,forgive,FORM,,MASTER,0,1,0,,forgive,,,1,0,0,ESDB_V0_4
10999,11201,fortunes,-12.2263,1,PASS,35,,n,fortune,FORM,,MASTER,0,1,0,,fortune,,,1,0,0,ESDB_V0_4
11000,11202,furnished,-12.2263,1,PASS,35,,v;aj,furnish;furnished,FORM;LEMMA,,MASTER,0,0,0,,,,,0,0,0,ESDB_V0_4
11001,11203,gardner,-12.2263,0,NOT_EXACT_EN_US,,,,,,,REJECTED_AUTO,0,0,0,,,,,0,0,0,ESDB_V0_4
11002,11204,gems,-12.2263,1,PASS,35,,n,gem,FORM,,MASTER,0,1,0,ems,gem,,,2,0,0,ESDB_V0_4
11003,11205,gi,-12.2263,0,NOT_EXACT_EN_US,,,,,,,REJECTED_AUTO,0,0,0,,,,,0,0,0,ESDB_V0_4
11004,11206,glove,-12.2263,1,PASS,35,,n_v,glove,LEMMA,,MASTER,0,1,1,love,,,gloves,1,1,1,ESDB_V0_4
11005,11207,granite,-12.2263,1,PASS,35,,n,granite,LEMMA,,MASTER,0,0,0,,,,,0,0,0,ESDB_V0_4
11006,11208,greedy,-12.2263,1,PASS,35,,aj,greedy,LEMMA,,MASTER,0,1,0,,greed,,,1,0,0,ESDB_V0_4
11007,11209,greene,-12.2263,0,NOT_EXACT_EN_US,,,,,,,REJECTED_AUTO,0,0,0,,,,,0,0,0,ESDB_V0_4
11008,11210,habitats,-12.2263,1,PASS,35,,n,habitat,FORM,,MASTER,0,1,0,,habitat,,,1,0,0,ESDB_V0_4
11009,11211,hamburg,-12.2263,0,CASE_FREQ_COLLISION,60,50,n,hamburg,LEMMA,,REJECTED_AUTO,0,0,0,,,,,0,0,0,ESDB_V0_4
11010,11212,hangs,-12.2263,1,PASS,35,,n;v,hang,FORM,,MASTER,0,1,0,,hang,,,1,0,0,ESDB_V0_4
11011,11213,healed,-12.2263,1,PASS,35,,v;aj,heal;healed,FORM;LEMMA,,MASTER,0,0,0,,,,,0,0,0,ESDB_V0_4
11012,11214,helpless,-12.2263,1,PASS,35,,aj,helpless,LEMMA,,MASTER,0,0,0,,,,,0,0,0,ESDB_V0_4
11013,11215,herbs,-12.2263,1,PASS,35,,n,herb,FORM,,MASTER,0,1,0,,herb,,,1,0,0,ESDB_V0_4
11014,11216,incurred,-12.2263,1,PASS,35,,v,incur,FORM,,MASTER,0,0,0,,,,,0,0,0,ESDB_V0_4
11015,11217,irene,-12.2263,0,NOT_EXACT_EN_US,,,,,,,REJECTED_AUTO,0,0,0,,,,,0,0,0,ESDB_V0_4
11016,11219,lamps,-12.2263,1,PASS,35,,n,lamp,FORM,,MASTER,0,1,0,,lamp,,,1,0,0,ESDB_V0_4
11017,11220,lancaster,-12.2263,0,NOT_EXACT_EN_US,,,,,,,REJECTED_AUTO,0,0,0,,,,,0,0,0,ESDB_V0_4
11018,11221,limb,-12.2263,1,PASS,35,,n,limb,LEMMA,,MASTER,0,1,1,,,climb,limbs;limbo,0,3,1,ESDB_V0_4
11019,11222,mayo,-12.2263,1,PASS,40,50,n,mayo,LEMMA,,MASTER,0,1,1,,may,,mayor,1,1,0,ESDB_V0_4
11020,11223,messaging,-12.2263,1,PASS,35,,n_v,message,FORM,,MASTER,0,0,0,,,,,0,0,0,ESDB_V0_4
11021,11224,messi,-12.2263,0,NOT_EXACT_EN_US,,,,,,,REJECTED_AUTO,0,0,0,,,,,0,0,0,ESDB_V0_4
11022,11225,miniature,-12.2263,1,PASS,35,,n;aj,miniature,LEMMA,,MASTER,0,0,0,,,,,0,0,0,ESDB_V0_4
11023,11226,mlb,-12.2263,0,NOT_EXACT_EN_US,,,,,,,REJECTED_AUTO,0,0,0,,,,,0,0,0,ESDB_V0_4
11024,11227,mls,-12.2263,0,NOT_EXACT_EN_US,,,,,,,REJECTED_AUTO,0,0,0,,,,,0,0,0,ESDB_V0_4
11025,11228,modelling,-12.2263,0,NOT_EXACT_EN_US,,,,,,,REJECTED_AUTO,0,0,0,,,,,0,0,0,ESDB_V0_4
11026,11229,myanmar,-12.2263,0,NOT_EXACT_EN_US,,,,,,,REJECTED_AUTO,0,0,0,,,,,0,0,0,ESDB_V0_4
11027,11230,nodes,-12.2263,1,PASS,35,,n,node,FORM,,MASTER,0,1,0,,node,,,1,0,0,ESDB_V0_4
11028,11231,nominal,-12.2263,1,PASS,35,,aj,nominal,LEMMA,,MASTER,0,0,0,,,,,0,0,0,ESDB_V0_4
11029,11232,notwithstanding,-12.2263,1,PASS,35,,av;pp,notwithstanding,LEMMA,,MASTER,0,0,0,,,,,0,0,0,ESDB_V0_4
11030,11233,obamacare,-12.2263,0,NOT_EXACT_EN_US,,,,,,,REJECTED_AUTO,0,0,0,,,,,0,0,0,ESDB_V0_4
11031,11234,outrage,-12.2263,1,PASS,35,,n_v,outrage,LEMMA,,MASTER,0,1,1,,,,outraged,0,1,1,ESDB_V0_4
11032,11235,outrageous,-12.2263,1,PASS,35,,aj,outrageous,LEMMA,,MASTER,0,0,0,,,,,0,0,0,ESDB_V0_4
11033,11236,pathway,-12.2263,1,PASS,35,,n,pathway,LEMMA,,MASTER,0,1,1,,,,pathways,0,1,1,ESDB_V0_4
11034,11237,payroll,-12.2263,1,PASS,35,,n,payroll,LEMMA,,MASTER,0,0,0,,,,,0,0,0,ESDB_V0_4
11035,11238,pedestrian,-12.2263,1,PASS,35,,n;aj,pedestrian,LEMMA,,MASTER,0,1,1,,,,pedestrians,0,1,1,ESDB_V0_4
11036,11239,perimeter,-12.2263,1,PASS,35,,n,perimeter,LEMMA,,MASTER,0,0,0,,,,,0,0,0,ESDB_V0_4
11037,11240,photoshop,-12.2263,0,NOT_EXACT_EN_US,,,,,,,REJECTED_AUTO,0,0,0,,,,,0,0,0,ESDB_V0_4
11038,11241,pits,-12.2263,1,PASS,35,,n_v,pit,FORM,,MASTER,0,1,0,its,pit,,,2,0,0,ESDB_V0_4
11039,11242,plausible,-12.2263,1,PASS,35,,aj,plausible,LEMMA,,MASTER,0,0,0,,,,,0,0,0,ESDB_V0_4
11040,11243,pokemon,-12.2263,0,NOT_EXACT_EN_US,,,,,,,REJECTED_AUTO,0,0,0,,,,,0,0,0,ESDB_V0_4
11041,11244,por,-12.2263,0,NOT_EXACT_EN_US,,,,,,,REJECTED_AUTO,0,0,0,,,,,0,0,0,ESDB_V0_4
11042,11245,prepares,-12.2263,1,PASS,35,,v,prepare,FORM,,MASTER,0,1,0,,prepare,,,1,0,0,ESDB_V0_4
11043,11246,prop,-12.2263,1,PASS,35,60,n_v,prop,LEMMA,,MASTER,0,1,1,,pro,,props,1,1,1,ESDB_V0_4
11044,11247,prophets,-12.2263,1,PASS,35,60,n,prophet,FORM,,MASTER,0,1,0,,prophet,,,1,0,0,ESDB_V0_4
11045,11248,proposes,-12.2263,1,PASS,35,,v,propose,FORM,,MASTER,0,1,0,,propose,,,1,0,0,ESDB_V0_4
11046,11249,pros,-12.2263,1,PASS,35,,n,pro,FORM,,MASTER,0,1,1,,pro,,prose,1,1,0,ESDB_V0_4
11047,11250,pumpkin,-12.2263,1,PASS,35,,n,pumpkin,LEMMA,,MASTER,0,0,0,,,,,0,0,0,ESDB_V0_4
11048,11251,puppet,-12.2263,1,PASS,35,,n;a,puppet,LEMMA,,MASTER,0,1,1,,,,puppets,0,1,1,ESDB_V0_4
11049,11252,qb,-12.2263,0,NOT_EXACT_EN_US,,,,,,,REJECTED_AUTO,0,0,0,,,,,0,0,0,ESDB_V0_4
11050,11253,rafael,-12.2263,0,NOT_EXACT_EN_US,,,,,,,REJECTED_AUTO,0,0,0,,,,,0,0,0,ESDB_V0_4
11051,11254,receptor,-12.2263,1,PASS,50,,n,receptor,LEMMA,,MASTER,0,1,1,,,,receptors,0,1,1,ESDB_V0_4
11052,11255,recruits,-12.2263,1,PASS,35,,n_v,recruit,FORM,,MASTER,0,1,0,,recruit,,,1,0,0,ESDB_V0_4
11053,11256,remedies,-12.2263,1,PASS,35,,n_v,remedy,FORM,,MASTER,0,0,0,,,,,0,0,0,ESDB_V0_4
11054,11257,repost,-12.2263,0,NOT_EXACT_EN_US,,,,,,,REJECTED_AUTO,0,0,0,,,,,0,0,0,ESDB_V0_4
11055,11258,respectable,-12.2263,1,PASS,35,,aj,respectable,LEMMA,,MASTER,0,0,0,,,,,0,0,0,ESDB_V0_4
11056,11259,restart,-12.2263,1,PASS,35,,n_v,restart,LEMMA,,MASTER,0,0,0,,,,,0,0,0,ESDB_V0_4
11057,11260,richer,-12.2263,1,PASS,35,,aj,rich,FORM,,MASTER,0,0,0,,,,,0,0,0,ESDB_V0_4
11058,11261,rituals,-12.2263,1,PASS,35,,n,ritual,FORM,,MASTER,0,1,0,,ritual,,,1,0,0,ESDB_V0_4
11059,11262,rory,-12.2263,0,NOT_EXACT_EN_US,,,,,,,REJECTED_AUTO,0,0,0,,,,,0,0,0,ESDB_V0_4
11060,11263,rp,-12.2263,0,NOT_EXACT_EN_US,,,,,,,REJECTED_AUTO,0,0,0,,,,,0,0,0,ESDB_V0_4
11061,11264,rumor,-12.2263,1,PASS,35,,n_v,rumor,LEMMA,,MASTER,0,1,1,,,,rumors,0,1,1,ESDB_V0_4
11062,11265,saddle,-12.2263,1,PASS,35,,n_v,saddle,LEMMA,,MASTER,0,0,0,,,,,0,0,0,ESDB_V0_4
11063,11266,seahawks,-12.2263,0,NOT_EXACT_EN_US,,,,,,,REJECTED_AUTO,0,0,0,,,,,0,0,0,ESDB_V0_4
11064,11267,shareholder,-12.2263,1,PASS,40,,n,shareholder,LEMMA,,MASTER,0,0,0,,,,,0,0,0,ESDB_V0_4
11065,11268,sidney,-12.2263,0,NOT_EXACT_EN_US,,,,,,,REJECTED_AUTO,0,0,0,,,,,0,0,0,ESDB_V0_4
11066,11269,sim,-12.2263,0,SPECIAL_ONLY,50,,n,sim,LEMMA,,REJECTED_AUTO,0,0,0,,,,,0,0,0,ESDB_V0_4
11067,11270,sims,-12.2263,0,SPECIAL_ONLY,50,50,n,sim,FORM,,REJECTED_AUTO,0,0,0,,,,,0,0,0,ESDB_V0_4
11068,11271,socio,-12.2263,0,NOT_EXACT_EN_US,,,,,,,REJECTED_AUTO,0,0,0,,,,,0,0,0,ESDB_V0_4
11069,11272,spies,-12.2263,1,PASS,35,,n_v,spy,FORM,,MASTER,0,1,0,pies,,,,1,0,0,ESDB_V0_4
11070,11273,stella,-12.2263,0,NOT_EXACT_EN_US,,,,,,,REJECTED_AUTO,0,0,0,,,,,0,0,0,ESDB_V0_4
11071,11274,storey,-12.2263,0,NOT_EXACT_EN_US,,,,,,,REJECTED_AUTO,0,0,0,,,,,0,0,0,ESDB_V0_4
11072,11275,stray,-12.2263,1,PASS,35,,n_v;aj,stray,LEMMA,,MASTER,0,1,0,tray,,,,1,0,0,ESDB_V0_4
11073,11276,syrup,-12.2263,1,PASS,35,,n,syrup,LEMMA,,MASTER,0,0,0,,,,,0,0,0,ESDB_V0_4
11074,11277,tails,-12.2263,1,PASS,35,,n_v;n,tail;tails,FORM;LEMMA,,MASTER,0,1,0,,tail,,,1,0,0,ESDB_V0_4
11075,11278,tangible,-12.2263,1,PASS,35,,n;aj,tangible,LEMMA,,MASTER,0,0,0,,,,,0,0,0,ESDB_V0_4
11076,11279,tasting,-12.2263,1,PASS,35,,n_v;n,taste;tasting,FORM;LEMMA,,MASTER,0,0,0,,,,,0,0,0,ESDB_V0_4
11077,11280,testified,-12.2263,1,PASS,35,,v,testify,FORM,,MASTER,0,0,0,,,,,0,0,0,ESDB_V0_4
11078,11281,theoretically,-12.2263,1,PASS,35,,av,theoretically,LEMMA,,MASTER,0,0,0,,,,,0,0,0,ESDB_V0_4
11079,11282,traction,-12.2263,1,PASS,35,,n,traction,LEMMA,,MASTER,0,0,0,,,,,0,0,0,ESDB_V0_4
11080,11283,transitional,-12.2263,1,PASS,35,,aj,transitional,LEMMA,,MASTER,0,0,0,,,,,0,0,0,ESDB_V0_4
11081,11284,transplant,-12.2263,1,PASS,35,,n_v,transplant,LEMMA,,MASTER,0,0,0,,,,,0,0,0,ESDB_V0_4
11082,11285,trivial,-12.2263,1,PASS,35,,aj,trivial,LEMMA,,MASTER,0,1,0,,trivia,,,1,0,0,ESDB_V0_4
11083,11286,trousers,-12.2263,1,PASS,35,,n,trouser;trousers,FORM;LEMMA,,MASTER,0,0,0,,,,,0,0,0,ESDB_V0_4
11084,11287,ucla,-12.2263,0,NOT_EXACT_EN_US,,,,,,,REJECTED_AUTO,0,0,0,,,,,0,0,0,ESDB_V0_4
11085,11288,unavailable,-12.2263,1,PASS,35,,aj,unavailable,LEMMA,,MASTER,0,0,0,,,,,0,0,0,ESDB_V0_4
11086,11289,uncovered,-12.2263,1,PASS,35,,v;aj,uncover;uncovered,FORM;LEMMA,,MASTER,0,0,0,,,,,0,0,0,ESDB_V0_4
11087,11290,undergraduate,-12.2263,1,PASS,35,,n;a,undergraduate,LEMMA,,MASTER,0,0,0,,,,,0,0,0,ESDB_V0_4
11088,11291,undermine,-12.2263,1,PASS,35,,v,undermine,LEMMA,,MASTER,0,1,1,,,,undermined,0,1,1,ESDB_V0_4
11089,11292,unveiled,-12.2263,1,PASS,35,,v,unveil,FORM,,MASTER,0,0,0,,,,,0,0,0,ESDB_V0_4
11090,11293,vanessa,-12.2263,0,NOT_EXACT_EN_US,,,,,,,REJECTED_AUTO,0,0,0,,,,,0,0,0,ESDB_V0_4
11091,11294,violating,-12.2263,1,PASS,35,,v,violate,FORM,,MASTER,0,0,0,,,,,0,0,0,ESDB_V0_4
11092,11295,vows,-12.2263,1,PASS,35,,n_v,vow,FORM,,MASTER,0,1,0,,vow,,,1,0,0,ESDB_V0_4
11093,11296,wards,-12.2263,1,PASS,35,,n_v,ward,FORM,,MASTER,0,1,1,,ward,awards,,1,1,0,ESDB_V0_4
11094,11297,winding,-12.2263,1,PASS,35,,v;n,wind;winding,FORM;LEMMA,,MASTER,0,0,0,,,,,0,0,0,ESDB_V0_4
11095,11298,xx,-12.2263,0,NO_ESDB_GENERAL_EVIDENCE,,,,,,,REJECTED_AUTO,0,0,0,,,,,0,0,0,ESDB_V0_4
11096,11300,accuse,-12.249,1,PASS,35,,v,accuse,LEMMA,,MASTER,0,1,1,,,,accused;accuses,0,2,2,ESDB_V0_4
11097,11301,acquisitions,-12.249,1,PASS,35,,n,acquisition,FORM,,MASTER,0,1,0,,acquisition,,,1,0,0,ESDB_V0_4
11098,11302,admissions,-12.249,1,PASS,35,,n,admission,FORM,,MASTER,0,1,0,,admission,,,1,0,0,ESDB_V0_4
11099,11303,advent,-12.249,1,PASS,35,40,n,advent,LEMMA,,MASTER,0,0,0,,,,,0,0,0,ESDB_V0_4
11100,11304,aerospace,-12.249,1,PASS,35,,n,aerospace,LEMMA,,MASTER,0,0,0,,,,,0,0,0,ESDB_V0_4
11101,11305,afc,-12.249,0,NOT_EXACT_EN_US,,,,,,,REJECTED_AUTO,0,0,0,,,,,0,0,0,ESDB_V0_4
11102,11306,aires,-12.249,0,NOT_EXACT_EN_US,,,,,,,REJECTED_AUTO,0,0,0,,,,,0,0,0,ESDB_V0_4
11103,11307,airways,-12.249,1,PASS,50,,n,airway,FORM,,MASTER,0,0,0,,,,,0,0,0,ESDB_V0_4
11104,11308,ak,-12.249,0,NOT_EXACT_EN_US,,,,,,,REJECTED_AUTO,0,0,0,,,,,0,0,0,ESDB_V0_4
11105,11309,alas,-12.249,1,PASS,35,,av;i,alas,LEMMA,,MASTER,0,0,0,,,,,0,0,0,ESDB_V0_4
11106,11310,apocalypse,-12.249,1,PASS,40,60,n,apocalypse,LEMMA,,MASTER,0,0,0,,,,,0,0,0,ESDB_V0_4
11107,11311,approximate,-12.249,1,PASS,35,,v;aj,approximate,LEMMA,,MASTER,0,0,0,,,,,0,0,0,ESDB_V0_4
11108,11312,automation,-12.249,1,PASS,35,,n,automation,LEMMA,,MASTER,0,0,0,,,,,0,0,0,ESDB_V0_4
11109,11313,av,-12.249,0,NO_ESDB_GENERAL_EVIDENCE,,,,,,,REJECTED_AUTO,0,0,0,,,,,0,0,0,ESDB_V0_4
11110,11314,backpack,-12.249,1,PASS,35,,n_v,backpack,LEMMA,,MASTER,0,0,0,,,,,0,0,0,ESDB_V0_4
11111,11315,beasts,-12.249,1,PASS,35,,n,beast,FORM,,MASTER,0,1,0,,beast,,,1,0,0,ESDB_V0_4
11112,11316,beginnings,-12.249,1,PASS,35,,n,beginning,FORM,,MASTER,0,1,0,,beginning,,,1,0,0,ESDB_V0_4
11113,11317,believer,-12.249,1,PASS,35,,n,believer,LEMMA,,MASTER,0,1,1,,believe,,believers,1,1,1,ESDB_V0_4
11114,11318,biased,-12.249,1,PASS,35,,v;aj,bias;biased,FORM;LEMMA,,MASTER,0,0,0,,,,,0,0,0,ESDB_V0_4
11115,11319,blu,-12.249,0,NOT_EXACT_EN_US,,,,,,,REJECTED_AUTO,0,0,0,,,,,0,0,0,ESDB_V0_4
11116,11320,bonuses,-12.249,1,PASS,35,,n,bonus,FORM,,MASTER,0,0,0,,,,,0,0,0,ESDB_V0_4
11117,11321,brewing,-12.249,1,PASS,35,,n_v;n,brew;brewing,FORM;LEMMA,,MASTER,0,0,0,,,,,0,0,0,ESDB_V0_4
11118,11322,brighter,-12.249,1,PASS,35,,aj_av,bright,FORM,,MASTER,0,0,0,,,,,0,0,0,ESDB_V0_4
11119,11323,brook,-12.249,1,PASS,35,,n_v,brook,LEMMA,,MASTER,0,1,1,,,,brooks,0,1,1,ESDB_V0_4
11120,11324,bureaucracy,-12.249,1,PASS,35,,n,bureaucracy,LEMMA,,MASTER,0,0,0,,,,,0,0,0,ESDB_V0_4
11121,11325,busted,-12.249,1,PASS,35,,n_v,bust,FORM,,MASTER,0,0,0,,,,,0,0,0,ESDB_V0_4
11122,11326,capt,-12.249,0,NO_ESDB_GENERAL_EVIDENCE,,,,,,,REJECTED_AUTO,0,0,0,,,,,0,0,0,ESDB_V0_4
11123,11327,cardiovascular,-12.249,1,PASS,50,,aj,cardiovascular,LEMMA,,MASTER,0,0,0,,,,,0,0,0,ESDB_V0_4
11124,11328,chester,-12.249,0,NOT_EXACT_EN_US,,,,,,,REJECTED_AUTO,0,0,0,,,,,0,0,0,ESDB_V0_4
11125,11329,cites,-12.249,1,PASS,35,,n_v,cite,FORM,,MASTER,0,1,0,,cite,,,1,0,0,ESDB_V0_4
11126,11330,clarification,-12.249,1,PASS,35,,n,clarification,LEMMA,,MASTER,0,0,0,,,,,0,0,0,ESDB_V0_4
11127,11331,cliffs,-12.249,1,PASS,35,,n,cliff,FORM,,MASTER,0,1,0,,cliff,,,1,0,0,ESDB_V0_4
11128,11332,clusters,-12.249,1,PASS,35,,n_v,cluster,FORM,,MASTER,0,1,0,,cluster,,,1,0,0,ESDB_V0_4
11129,11333,clyde,-12.249,0,NOT_EXACT_EN_US,,,,,,,REJECTED_AUTO,0,0,0,,,,,0,0,0,ESDB_V0_4
11130,11334,commercially,-12.249,1,PASS,35,,av,commercially,LEMMA,,MASTER,0,0,0,,,,,0,0,0,ESDB_V0_4
11131,11335,conflicting,-12.249,1,PASS,35,,n_v;aj,conflict;conflicting,FORM;LEMMA,,MASTER,0,0,0,,,,,0,0,0,ESDB_V0_4
11132,11336,conform,-12.249,1,PASS,35,,v,conform,LEMMA,,MASTER,0,0,0,,,,,0,0,0,ESDB_V0_4
11133,11337,corporal,-12.249,1,PASS,35,,n;aj,corporal,LEMMA,,MASTER,0,0,0,,,,,0,0,0,ESDB_V0_4
11134,11338,correspond,-12.249,1,PASS,35,,v,correspond,LEMMA,,MASTER,0,1,1,,,,corresponds,0,1,1,ESDB_V0_4
11135,11339,defeats,-12.249,1,PASS,35,,n_v,defeat,FORM,,MASTER,0,1,0,,defeat,,,1,0,0,ESDB_V0_4
11136,11340,derivatives,-12.249,1,PASS,35,,n,derivative,FORM,,MASTER,0,1,0,,derivative,,,1,0,0,ESDB_V0_4
11137,11341,deserted,-12.249,1,PASS,35,,n_v;aj,desert;deserted,FORM;LEMMA,,MASTER,0,0,0,,,,,0,0,0,ESDB_V0_4
11138,11342,detector,-12.249,1,PASS,35,,n,detector,LEMMA,,MASTER,0,1,1,,,,detectors,0,1,1,ESDB_V0_4
11139,11343,dire,-12.249,1,PASS,35,,aj,dire,LEMMA,,MASTER,0,0,0,,,,,0,0,0,ESDB_V0_4
11140,11344,dis,-12.249,1,PASS,40,50,n;v,dis,LEMMA,,MASTER,0,1,1,is,,,dish;disk;disc,1,3,0,ESDB_V0_4
11141,11345,disgrace,-12.249,1,PASS,35,,n_v,disgrace,LEMMA,,MASTER,0,0,0,,,,,0,0,0,ESDB_V0_4
11142,11346,drones,-12.249,1,PASS,35,,n_v,drone,FORM,,MASTER,0,1,0,,drone,,,1,0,0,ESDB_V0_4
11143,11347,drown,-12.249,1,PASS,35,,v,drown,LEMMA,,MASTER,0,0,0,,,,,0,0,0,ESDB_V0_4
11144,11348,dumping,-12.249,1,PASS,35,,n_v;n,dump;dumping,FORM;LEMMA,,MASTER,0,0,0,,,,,0,0,0,ESDB_V0_4
11145,11349,durham,-12.249,0,NOT_EXACT_EN_US,,,,,,,REJECTED_AUTO,0,0,0,,,,,0,0,0,ESDB_V0_4
11146,11350,dwell,-12.249,1,PASS,35,,v,dwell,LEMMA,,MASTER,0,1,0,well,,,,1,0,0,ESDB_V0_4
11147,11352,evacuated,-12.249,1,PASS,35,,v,evacuate,FORM,,MASTER,0,1,0,,evacuate,,,1,0,0,ESDB_V0_4
11148,11353,evenings,-12.249,1,PASS,35,,n,evening,FORM,,MASTER,0,1,0,,evening,,,1,0,0,ESDB_V0_4
11149,11354,explosions,-12.249,1,PASS,35,,n,explosion,FORM,,MASTER,0,1,0,,explosion,,,1,0,0,ESDB_V0_4
11150,11355,famine,-12.249,1,PASS,35,,n,famine,LEMMA,,MASTER,0,0,0,,,,,0,0,0,ESDB_V0_4
11151,11356,favoured,-12.249,0,NOT_EXACT_EN_US,,,,,,,REJECTED_AUTO,0,0,0,,,,,0,0,0,ESDB_V0_4
11152,11357,frankie,-12.249,0,NOT_EXACT_EN_US,,,,,,,REJECTED_AUTO,0,0,0,,,,,0,0,0,ESDB_V0_4
11153,11358,genome,-12.249,1,PASS,60,,n,genome,LEMMA,,MASTER,0,0,0,,,,,0,0,0,ESDB_V0_4
11154,11359,grease,-12.249,1,PASS,35,,n;v,grease,LEMMA,,MASTER,0,0,0,,,,,0,0,0,ESDB_V0_4
11155,11360,grim,-12.249,1,PASS,35,,aj,grim,LEMMA,,MASTER,0,1,0,rim,,,,1,0,0,ESDB_V0_4
11156,11361,guts,-12.249,1,PASS,35,,n_v;v,gut;guts,FORM;LEMMA,,MASTER,0,1,0,,gut,,,1,0,0,ESDB_V0_4
11157,11362,harness,-12.249,1,PASS,35,,n_v,harness,LEMMA,,MASTER,0,0,0,,,,,0,0,0,ESDB_V0_4
11158,11363,hc,-12.249,0,NOT_EXACT_EN_US,,,,,,,REJECTED_AUTO,0,0,0,,,,,0,0,0,ESDB_V0_4
11159,11364,helm,-12.249,1,PASS,35,,n,helm,LEMMA,,MASTER,0,0,0,,,,,0,0,0,ESDB_V0_4
11160,11365,henri,-12.249,0,NOT_EXACT_EN_US,,,,,,,REJECTED_AUTO,0,0,0,,,,,0,0,0,ESDB_V0_4
11161,11366,hides,-12.249,1,PASS,35,,n_v;v,hide,FORM,,MASTER,0,1,0,,hide,,,1,0,0,ESDB_V0_4
11162,11367,hopeful,-12.249,1,PASS,35,,n;aj,hopeful,LEMMA,,MASTER,0,0,0,,,,,0,0,0,ESDB_V0_4
11163,11368,hose,-12.249,1,PASS,35,,v;n,hose,LEMMA,,MASTER,0,1,1,,,those;whose;chose,,0,3,0,ESDB_V0_4
11164,11369,hostages,-12.249,1,PASS,35,,n,hostage,FORM,,MASTER,0,1,0,,hostage,,,1,0,0,ESDB_V0_4
11165,11370,hydraulic,-12.249,1,PASS,35,,aj,hydraulic,LEMMA,,MASTER,0,0,0,,,,,0,0,0,ESDB_V0_4
11166,11371,illnesses,-12.249,1,PASS,35,,n,illness,FORM,,MASTER,0,0,0,,,,,0,0,0,ESDB_V0_4
11167,11372,inflammation,-12.249,1,PASS,35,,n,inflammation,LEMMA,,MASTER,0,0,0,,,,,0,0,0,ESDB_V0_4
11168,11373,installations,-12.249,1,PASS,35,,n,installation,FORM,,MASTER,0,1,0,,installation,,,1,0,0,ESDB_V0_4
11169,11374,jacobs,-12.249,0,NOT_EXACT_EN_US,,,,,,,REJECTED_AUTO,0,0,0,,,,,0,0,0,ESDB_V0_4
11170,11376,jewel,-12.249,1,PASS,35,50,n_v,jewel,LEMMA,,MASTER,0,1,1,,,,jewels,0,1,1,ESDB_V0_4
11171,11377,jewellery,-12.249,0,NOT_EXACT_EN_US,,,,,,,REJECTED_AUTO,0,0,0,,,,,0,0,0,ESDB_V0_4
11172,11378,jupiter,-12.249,0,NOT_EXACT_EN_US,,,,,,,REJECTED_AUTO,0,0,0,,,,,0,0,0,ESDB_V0_4
11173,11379,kiev,-12.249,0,NOT_EXACT_EN_US,,,,,,,REJECTED_AUTO,0,0,0,,,,,0,0,0,ESDB_V0_4
11174,11380,kindergarten,-12.249,1,PASS,35,,n,kindergarten,LEMMA,,MASTER,0,0,0,,,,,0,0,0,ESDB_V0_4
11175,11381,laurent,-12.249,0,NOT_EXACT_EN_US,,,,,,,REJECTED_AUTO,0,0,0,,,,,0,0,0,ESDB_V0_4
11176,11382,malaria,-12.249,1,PASS,35,,n,malaria,LEMMA,,MASTER,0,0,0,,,,,0,0,0,ESDB_V0_4
11177,11383,mechanic,-12.249,1,PASS,35,,n;aj,mechanic,LEMMA,,MASTER,0,1,1,,,,mechanics,0,1,1,ESDB_V0_4
11178,11384,midwest,-12.249,0,NOT_EXACT_EN_US,,,,,,,REJECTED_AUTO,0,0,0,,,,,0,0,0,ESDB_V0_4
11179,11385,militant,-12.249,1,PASS,35,,n;aj,militant,LEMMA,,MASTER,0,1,1,,,,militants,0,1,1,ESDB_V0_4
11180,11386,morals,-12.249,1,PASS,35,,n,moral,FORM,,MASTER,0,1,0,,moral,,,1,0,0,ESDB_V0_4
11181,11387,multitude,-12.249,1,PASS,35,,n,multitude,LEMMA,,MASTER,0,0,0,,,,,0,0,0,ESDB_V0_4
11182,11388,mustard,-12.249,1,PASS,35,,n,mustard,LEMMA,,MASTER,0,0,0,,,,,0,0,0,ESDB_V0_4
11183,11389,ninety,-12.249,1,PASS,35,,n,ninety,LEMMA,,MASTER,0,0,0,,,,,0,0,0,ESDB_V0_4
11184,11390,nod,-12.249,1,PASS,35,,n_v,nod,LEMMA,,MASTER,0,1,1,,no,,node;nods,1,2,1,ESDB_V0_4
11185,11391,nonprofit,-12.249,1,PASS,35,,n;aj,nonprofit,LEMMA,,MASTER,0,0,0,,,,,0,0,0,ESDB_V0_4
11186,11392,occupying,-12.249,1,PASS,35,,v,occupy,FORM,,MASTER,0,0,0,,,,,0,0,0,ESDB_V0_4
11187,11393,offline,-12.249,1,PASS,50,,aj,offline,LEMMA,,MASTER,0,0,0,,,,,0,0,0,ESDB_V0_4
11188,11394,openings,-12.249,1,PASS,35,,n,opening,FORM,,MASTER,0,1,0,,opening,,,1,0,0,ESDB_V0_4
11189,11395,opted,-12.249,1,PASS,35,,v,opt,FORM,,MASTER,0,0,0,,,,,0,0,0,ESDB_V0_4
11190,11396,ow,-12.249,1,PASS,40,,i,ow,LEMMA,,MASTER,0,1,1,,,how;now;low;wow;row;bow;cow;tow;vow;sow,own;owe;owl,0,13,0,ESDB_V0_4
11191,11397,peach,-12.249,1,PASS,35,,n,peach,LEMMA,,MASTER,0,1,0,each,,,,1,0,0,ESDB_V0_4
11192,11398,peculiar,-12.249,1,PASS,35,,aj,peculiar,LEMMA,,MASTER,0,0,0,,,,,0,0,0,ESDB_V0_4
11193,11399,penguins,-12.249,1,PASS,35,,n,penguin,FORM,,MASTER,0,1,0,,penguin,,,1,0,0,ESDB_V0_4
11194,11400,petrol,-12.249,1,PASS,35,,n,petrol,LEMMA,,MASTER,0,0,0,,,,,0,0,0,ESDB_V0_4
11195,11401,pillar,-12.249,1,PASS,35,,n,pillar,LEMMA,,MASTER,0,1,1,,,,pillars,0,1,1,ESDB_V0_4
11196,11402,pillars,-12.249,1,PASS,35,,n,pillar,FORM,,MASTER,0,1,0,,pillar,,,1,0,0,ESDB_V0_4
11197,11403,poetic,-12.249,1,PASS,35,,aj,poetic,LEMMA,,MASTER,0,0,0,,,,,0,0,0,ESDB_V0_4
11198,11404,porto,-12.249,0,NOT_EXACT_EN_US,,,,,,,REJECTED_AUTO,0,0,0,,,,,0,0,0,ESDB_V0_4
11199,11405,pottery,-12.249,1,PASS,35,,n,pottery,LEMMA,,MASTER,0,1,0,,potter,,,1,0,0,ESDB_V0_4
11200,11406,preferably,-12.249,1,PASS,35,,av,preferably,LEMMA,,MASTER,0,0,0,,,,,0,0,0,ESDB_V0_4
11201,11407,proportional,-12.249,1,PASS,35,,aj,proportional,LEMMA,,MASTER,0,0,0,,,,,0,0,0,ESDB_V0_4
11202,11408,rash,-12.249,1,PASS,35,,n;aj,rash,LEMMA,,MASTER,0,1,1,ash,,crash;trash,,1,2,0,ESDB_V0_4
11203,11409,razor,-12.249,1,PASS,35,,n,razor,LEMMA,,MASTER,0,0,0,,,,,0,0,0,ESDB_V0_4
11204,11410,readiness,-12.249,1,PASS,35,,n,readiness,LEMMA,,MASTER,0,0,0,,,,,0,0,0,ESDB_V0_4
11205,11411,recommends,-12.249,1,PASS,35,,v,recommend,FORM,,MASTER,0,1,0,,recommend,,,1,0,0,ESDB_V0_4
11206,11412,reductions,-12.249,1,PASS,35,,n,reduction,FORM,,MASTER,0,1,0,,reduction,,,1,0,0,ESDB_V0_4
11207,11413,reel,-12.249,1,PASS,35,,n_v,reel,LEMMA,,MASTER,0,0,0,,,,,0,0,0,ESDB_V0_4
11208,11414,referenced,-12.249,1,PASS,35,,n_v;aj,reference;referenced,FORM;LEMMA,,MASTER,0,1,0,,reference,,,1,0,0,ESDB_V0_4
11209,11415,removes,-12.249,1,PASS,35,,n_v,remove,FORM,,MASTER,0,1,0,,remove,,,1,0,0,ESDB_V0_4
11210,11416,residual,-12.249,1,PASS,35,,n;aj,residual,LEMMA,,MASTER,0,0,0,,,,,0,0,0,ESDB_V0_4
11211,11417,revived,-12.249,1,PASS,35,,v;aj,revive;revived,FORM;LEMMA,,MASTER,0,1,0,,revive,,,1,0,0,ESDB_V0_4
11212,11418,rewarding,-12.249,1,PASS,35,,n_v;aj,reward;rewarding,FORM;LEMMA,,MASTER,0,0,0,,,,,0,0,0,ESDB_V0_4
11213,11419,roberto,-12.249,0,NOT_EXACT_EN_US,,,,,,,REJECTED_AUTO,0,0,0,,,,,0,0,0,ESDB_V0_4
11214,11420,rodriguez,-12.249,0,NOT_EXACT_EN_US,,,,,,,REJECTED_AUTO,0,0,0,,,,,0,0,0,ESDB_V0_4
11215,11421,ronnie,-12.249,0,NOT_EXACT_EN_US,,,,,,,REJECTED_AUTO,0,0,0,,,,,0,0,0,ESDB_V0_4
11216,11422,sacrificed,-12.249,1,PASS,35,,n_v,sacrifice,FORM,,MASTER,0,1,0,,sacrifice,,,1,0,0,ESDB_V0_4
11217,11423,screamed,-12.249,1,PASS,35,,n_v,scream,FORM,,MASTER,0,0,0,,,,,0,0,0,ESDB_V0_4
11218,11424,seating,-12.249,1,PASS,35,,n_v;n,seat;seating,FORM;LEMMA,,MASTER,0,1,0,eating,,,,1,0,0,ESDB_V0_4
11219,11425,sheikh,-12.249,1,PASS,35,,n,sheikh,LEMMA,,MASTER,0,0,0,,,,,0,0,0,ESDB_V0_4
11220,11426,shirley,-12.249,0,NOT_EXACT_EN_US,,,,,,,REJECTED_AUTO,0,0,0,,,,,0,0,0,ESDB_V0_4
11221,11427,shrink,-12.249,1,PASS,35,,n_v,shrink,LEMMA,,MASTER,0,0,0,,,,,0,0,0,ESDB_V0_4
11222,11428,sketches,-12.249,1,PASS,35,,n_v,sketch,FORM,,MASTER,0,0,0,,,,,0,0,0,ESDB_V0_4
11223,11429,sleepy,-12.249,1,PASS,35,,aj,sleepy,LEMMA,,MASTER,0,1,0,,sleep,,,1,0,0,ESDB_V0_4
11224,11430,slipping,-12.249,1,PASS,35,,n_v;aj,slip;slipping,FORM;LEMMA,,MASTER,0,0,0,,,,,0,0,0,ESDB_V0_4
11225,11431,stainless,-12.249,1,PASS,50,,n;aj,stainless,LEMMA,,MASTER,0,0,0,,,,,0,0,0,ESDB_V0_4
11226,11432,starbucks,-12.249,0,NOT_EXACT_EN_US,,,,,,,REJECTED_AUTO,0,0,0,,,,,0,0,0,ESDB_V0_4
11227,11433,stat,-12.249,1,PASS,40,,n,stat,LEMMA,,MASTER,0,1,1,tat,,,state;stats,1,2,1,ESDB_V0_4
11228,11434,statues,-12.249,1,PASS,35,,n,statue,FORM,,MASTER,0,1,0,,statue,,,1,0,0,ESDB_V0_4
11229,11435,stereotypes,-12.249,1,PASS,35,,n_v,stereotype,FORM,,MASTER,0,1,0,,stereotype,,,1,0,0,ESDB_V0_4
11230,11436,stove,-12.249,1,PASS,35,,n_v;n,stave;stove,FORM;LEMMA,,MASTER,0,0,0,,,,,0,0,0,ESDB_V0_4
11231,11437,stranded,-12.249,1,PASS,35,,n_v;aj,strand;stranded,FORM;LEMMA,,MASTER,0,0,0,,,,,0,0,0,ESDB_V0_4
11232,11438,strawberry,-12.249,1,PASS,35,,n,strawberry,LEMMA,,MASTER,0,0,0,,,,,0,0,0,ESDB_V0_4
11233,11439,suppression,-12.249,1,PASS,35,,n,suppression,LEMMA,,MASTER,0,0,0,,,,,0,0,0,ESDB_V0_4
11234,11440,sussex,-12.249,0,NOT_EXACT_EN_US,,,,,,,REJECTED_AUTO,0,0,0,,,,,0,0,0,ESDB_V0_4
11235,11442,tactic,-12.249,1,PASS,35,,n,tactic,LEMMA,,MASTER,0,1,1,,,,tactics,0,1,1,ESDB_V0_4
11236,11443,tenant,-12.249,1,PASS,35,,n_v,tenant,LEMMA,,MASTER,0,1,1,,,,tenants,0,1,1,ESDB_V0_4
11237,11444,terrestrial,-12.249,1,PASS,35,,n;aj,terrestrial,LEMMA,,MASTER,0,0,0,,,,,0,0,0,ESDB_V0_4
11238,11445,torres,-12.249,0,NOT_EXACT_EN_US,,,,,,,REJECTED_AUTO,0,0,0,,,,,0,0,0,ESDB_V0_4
11239,11446,tossed,-12.249,1,PASS,35,,n_v,toss,FORM,,MASTER,0,0,0,,,,,0,0,0,ESDB_V0_4
11240,11447,trait,-12.249,1,PASS,35,,n,trait,LEMMA,,MASTER,0,1,1,,,strait,traits,0,2,1,ESDB_V0_4
11241,11448,translator,-12.249,1,PASS,35,,n,translator,LEMMA,,MASTER,0,1,1,,,,translators,0,1,1,ESDB_V0_4
11242,11449,trinidad,-12.249,0,NOT_EXACT_EN_US,,,,,,,REJECTED_AUTO,0,0,0,,,,,0,0,0,ESDB_V0_4
11243,11450,tucker,-12.249,0,CASE_FREQ_COLLISION,50,50,n;v,tucker,LEMMA,,REJECTED_AUTO,0,0,0,,,,,0,0,0,ESDB_V0_4
11244,11451,tuning,-12.249,1,PASS,35,,n_v;n,tune;tuning,FORM;LEMMA,,MASTER,0,0,0,,,,,0,0,0,ESDB_V0_4
11245,11452,unfamiliar,-12.249,1,PASS,35,,aj,unfamiliar,LEMMA,,MASTER,0,0,0,,,,,0,0,0,ESDB_V0_4
11246,11453,unhealthy,-12.249,1,PASS,35,,aj,unhealthy,LEMMA,,MASTER,0,0,0,,,,,0,0,0,ESDB_V0_4
11247,11454,unpredictable,-12.249,1,PASS,35,,aj,unpredictable,LEMMA,,MASTER,0,0,0,,,,,0,0,0,ESDB_V0_4
11248,11455,urging,-12.249,1,PASS,35,,n_v;n,urge;urging,FORM;LEMMA,,MASTER,0,0,0,,,,,0,0,0,ESDB_V0_4
11249,11456,variants,-12.249,1,PASS,35,,n,variant,FORM,,MASTER,0,1,0,,variant,,,1,0,0,ESDB_V0_4
11250,11457,vera,-12.249,0,NOT_EXACT_EN_US,,,,,,,REJECTED_AUTO,0,0,0,,,,,0,0,0,ESDB_V0_4
11251,11458,verification,-12.249,1,PASS,35,,n,verification,LEMMA,,MASTER,0,0,0,,,,,0,0,0,ESDB_V0_4
11252,11459,verizon,-12.249,0,NOT_EXACT_EN_US,,,,,,,REJECTED_AUTO,0,0,0,,,,,0,0,0,ESDB_V0_4
11253,11460,vulnerability,-12.249,1,PASS,35,,n,vulnerability,LEMMA,,MASTER,0,0,0,,,,,0,0,0,ESDB_V0_4
11254,11461,weighted,-12.249,1,PASS,35,,n_v;aj,weight;weighted,FORM;LEMMA,,MASTER,0,0,0,,,,,0,0,0,ESDB_V0_4
11255,11462,wheeler,-12.249,0,CASE_FREQ_COLLISION,50,50,n,wheeler,LEMMA,,REJECTED_AUTO,0,0,0,,,,,0,0,0,ESDB_V0_4
11256,11463,womb,-12.249,1,PASS,35,,n,womb,LEMMA,,MASTER,0,0,0,,,,,0,0,0,ESDB_V0_4
11257,11464,yi,-12.249,0,NOT_EXACT_EN_US,,,,,,,REJECTED_AUTO,0,0,0,,,,,0,0,0,ESDB_V0_4
11258,11465,youths,-12.249,1,PASS,35,,n,youth,FORM,,MASTER,0,1,0,,youth,,,1,0,0,ESDB_V0_4
11259,11468,akin,-12.2722,1,PASS,35,,aj,akin,LEMMA,,MASTER,0,1,0,kin,,,,1,0,0,ESDB_V0_4
11260,11469,allegiance,-12.2722,1,PASS,35,,n,allegiance,LEMMA,,MASTER,0,0,0,,,,,0,0,0,ESDB_V0_4
11261,11471,apt,-12.2722,1,PASS,35,,aj,apt,LEMMA,,MASTER,0,0,0,,,,,0,0,0,ESDB_V0_4
11262,11472,arcade,-12.2722,1,PASS,35,,n,arcade,LEMMA,,MASTER,0,0,0,,,,,0,0,0,ESDB_V0_4
11263,11473,assad,-12.2722,0,NOT_EXACT_EN_US,,,,,,,REJECTED_AUTO,0,0,0,,,,,0,0,0,ESDB_V0_4
11264,11474,assassin,-12.2722,1,PASS,35,,n,assassin,LEMMA,,MASTER,0,1,1,,,,assassins,0,1,1,ESDB_V0_4
11265,11475,bella,-12.2722,0,NOT_EXACT_EN_US,,,,,,,REJECTED_AUTO,0,0,0,,,,,0,0,0,ESDB_V0_4
11266,11476,blankets,-12.2722,1,PASS,35,,n_v,blanket,FORM,,MASTER,0,1,0,,blanket,,,1,0,0,ESDB_V0_4
11267,11477,bounty,-12.2722,1,PASS,35,,n,bounty,LEMMA,,MASTER,0,0,0,,,,,0,0,0,ESDB_V0_4
11268,11478,bourgeois,-12.2722,1,PASS,35,,n;aj,bourgeois,LEMMA;FORM,,MASTER,0,0,0,,,,,0,0,0,ESDB_V0_4
11269,11480,browse,-12.2722,1,PASS,35,,n_v,browse,LEMMA,,MASTER,0,1,1,,brows,,browser,1,1,0,ESDB_V0_4
11270,11481,bulb,-12.2722,1,PASS,35,,n,bulb,LEMMA,,MASTER,0,1,1,,,,bulbs,0,1,1,ESDB_V0_4
11271,11482,byron,-12.2722,0,NOT_EXACT_EN_US,,,,,,,REJECTED_AUTO,0,0,0,,,,,0,0,0,ESDB_V0_4
11272,11483,cache,-12.2722,1,PASS,35,,n_v,cache,LEMMA,,MASTER,0,1,0,ache,,,,1,0,0,ESDB_V0_4
11273,11484,cameroon,-12.2722,0,NOT_EXACT_EN_US,,,,,,,REJECTED_AUTO,0,0,0,,,,,0,0,0,ESDB_V0_4
11274,11485,capsule,-12.2722,1,PASS,35,,n_v;a,capsule,LEMMA,,MASTER,0,1,1,,,,capsules,0,1,1,ESDB_V0_4
11275,11486,cheapest,-12.2722,1,PASS,35,,aj,cheap,FORM,,MASTER,0,0,0,,,,,0,0,0,ESDB_V0_4
11276,11487,chloe,-12.2722,0,NOT_EXACT_EN_US,,,,,,,REJECTED_AUTO,0,0,0,,,,,0,0,0,ESDB_V0_4
11277,11488,citation,-12.2722,1,PASS,35,,n,citation,LEMMA,,MASTER,0,1,1,,,,citations,0,1,1,ESDB_V0_4
11278,11489,cite,-12.2722,1,PASS,35,,n_v,cite,LEMMA,,MASTER,0,1,1,,,,cited;cites,0,2,2,ESDB_V0_4
11279,11490,cody,-12.2722,0,NOT_EXACT_EN_US,,,,,,,REJECTED_AUTO,0,0,0,,,,,0,0,0,ESDB_V0_4
11280,11491,cologne,-12.2722,1,PASS,40,50,n,cologne,LEMMA,,MASTER,0,0,0,,,,,0,0,0,ESDB_V0_4
11281,11492,contests,-12.2722,1,PASS,35,,n_v,contest,FORM,,MASTER,0,1,0,,contest,,,1,0,0,ESDB_V0_4
11282,11493,coping,-12.2722,1,PASS,35,,n_v;n,cope;coping,FORM;LEMMA,,MASTER,0,0,0,,,,,0,0,0,ESDB_V0_4
11283,11494,cumulative,-12.2722,1,PASS,35,,aj,cumulative,LEMMA,,MASTER,0,0,0,,,,,0,0,0,ESDB_V0_4
11284,11495,cyclists,-12.2722,1,PASS,35,,n,cyclist,FORM,,MASTER,0,1,0,,cyclist,,,1,0,0,ESDB_V0_4
11285,11496,databases,-12.2722,1,PASS,35,,n,database,FORM,,MASTER,0,1,0,,database,,,1,0,0,ESDB_V0_4
11286,11497,debating,-12.2722,1,PASS,35,,n_v;n,debate;debating,FORM;LEMMA,,MASTER,0,0,0,,,,,0,0,0,ESDB_V0_4
11287,11498,defenses,-12.2722,1,PASS,35,,n;v,defense,FORM,,MASTER,0,1,0,,defense,,,1,0,0,ESDB_V0_4
11288,11499,destroys,-12.2722,1,PASS,35,,v,destroy,FORM,,MASTER,0,1,0,,destroy,,,1,0,0,ESDB_V0_4
11289,11500,devastated,-12.2722,1,PASS,35,,v,devastate,FORM,,MASTER,0,0,0,,,,,0,0,0,ESDB_V0_4
11290,11501,differing,-12.2722,1,PASS,35,,v,differ,FORM,,MASTER,0,0,0,,,,,0,0,0,ESDB_V0_4
11291,11502,diploma,-12.2722,1,PASS,35,,n,diploma,LEMMA,,MASTER,0,1,1,,,,diplomat,0,1,0,ESDB_V0_4
11292,11503,drained,-12.2722,1,PASS,35,,n_v;aj,drain;drained,FORM;LEMMA,,MASTER,0,1,0,rained,,,,1,0,0,ESDB_V0_4
11293,11504,erotic,-12.2722,1,PASS,35,,aj,erotic,LEMMA,,MASTER,0,0,0,,,,,0,0,0,ESDB_V0_4
11294,11505,everton,-12.2722,0,NOT_EXACT_EN_US,,,,,,,REJECTED_AUTO,0,0,0,,,,,0,0,0,ESDB_V0_4
11295,11506,exceeds,-12.2722,1,PASS,35,,v,exceed,FORM,,MASTER,0,1,0,,exceed,,,1,0,0,ESDB_V0_4
11296,11507,falcon,-12.2722,1,PASS,35,,n,falcon,LEMMA,,MASTER,0,1,1,,,,falcons,0,1,1,ESDB_V0_4
11297,11508,fetus,-12.2722,1,PASS,35,,n,fetus,LEMMA,,MASTER,0,0,0,,,,,0,0,0,ESDB_V0_4
11298,11509,flagship,-12.2722,1,PASS,35,,n,flagship,LEMMA,,MASTER,0,0,0,,,,,0,0,0,ESDB_V0_4
11299,11510,foil,-12.2722,1,PASS,35,,n_v,foil,LEMMA,,MASTER,0,1,0,oil,,,,1,0,0,ESDB_V0_4
11300,11511,gigantic,-12.2722,1,PASS,35,,aj,gigantic,LEMMA,,MASTER,0,0,0,,,,,0,0,0,ESDB_V0_4
11301,11512,gimme,-12.2722,1,PASS,35,,n;s,gimme,LEMMA,,MASTER,0,0,0,,,,,0,0,0,ESDB_V0_4
11302,11513,gladly,-12.2722,1,PASS,35,,av,gladly,LEMMA,,MASTER,0,0,0,,,,,0,0,0,ESDB_V0_4
11303,11514,greeted,-12.2722,1,PASS,35,,v,greet,FORM,,MASTER,0,0,0,,,,,0,0,0,ESDB_V0_4
11304,11515,gta,-12.2722,0,NOT_EXACT_EN_US,,,,,,,REJECTED_AUTO,0,0,0,,,,,0,0,0,ESDB_V0_4
11305,11516,honeymoon,-12.2722,1,PASS,35,,n_v,honeymoon,LEMMA,,MASTER,0,0,0,,,,,0,0,0,ESDB_V0_4
11306,11517,honorary,-12.2722,1,PASS,35,,aj,honorary,LEMMA,,MASTER,0,0,0,,,,,0,0,0,ESDB_V0_4
11307,11518,ignition,-12.2722,1,PASS,35,,n,ignition,LEMMA,,MASTER,0,0,0,,,,,0,0,0,ESDB_V0_4
11308,11519,impressions,-12.2722,1,PASS,35,,n,impression,FORM,,MASTER,0,1,0,,impression,,,1,0,0,ESDB_V0_4
11309,11520,inception,-12.2722,1,PASS,35,,n,inception,LEMMA,,MASTER,0,0,0,,,,,0,0,0,ESDB_V0_4
11310,11522,inflicted,-12.2722,1,PASS,35,,v,inflict,FORM,,MASTER,0,0,0,,,,,0,0,0,ESDB_V0_4
11311,11523,inspectors,-12.2722,1,PASS,35,,n,inspector,FORM,,MASTER,0,1,0,,inspector,,,1,0,0,ESDB_V0_4
11312,11524,insulting,-12.2722,1,PASS,35,,n_v;aj,insult;insulting,FORM;LEMMA,,MASTER,0,0,0,,,,,0,0,0,ESDB_V0_4
11313,11525,invasive,-12.2722,1,PASS,40,,aj,invasive,LEMMA,,MASTER,0,0,0,,,,,0,0,0,ESDB_V0_4
11314,11527,italians,-12.2722,0,NOT_EXACT_EN_US,,,,,,,REJECTED_AUTO,0,0,0,,,,,0,0,0,ESDB_V0_4
11315,11528,jackets,-12.2722,1,PASS,35,,n,jacket,FORM,,MASTER,0,1,0,,jacket,,,1,0,0,ESDB_V0_4
11316,11529,jakarta,-12.2722,0,NOT_EXACT_EN_US,,,,,,,REJECTED_AUTO,0,0,0,,,,,0,0,0,ESDB_V0_4
11317,11530,jeep,-12.2722,0,CASE_FREQ_COLLISION,50,40,n,jeep,LEMMA,,REJECTED_AUTO,0,0,0,,,,,0,0,0,ESDB_V0_4
11318,11531,jerome,-12.2722,0,NOT_EXACT_EN_US,,,,,,,REJECTED_AUTO,0,0,0,,,,,0,0,0,ESDB_V0_4
11319,11532,jessie,-12.2722,0,NOT_EXACT_EN_US,,,,,,,REJECTED_AUTO,0,0,0,,,,,0,0,0,ESDB_V0_4
11320,11533,ko,-12.2722,0,NOT_EXACT_EN_US,,,,,,,REJECTED_AUTO,0,0,0,,,,,0,0,0,ESDB_V0_4
11321,11534,labelled,-12.2722,0,NOT_EXACT_EN_US,,,,,,,REJECTED_AUTO,0,0,0,,,,,0,0,0,ESDB_V0_4
11322,11535,lace,-12.2722,1,PASS,35,,n_v,lace,LEMMA,,MASTER,0,1,1,ace,lac,place,laced,2,2,1,ESDB_V0_4
11323,11536,lag,-12.2722,1,PASS,35,,n_v,lag,LEMMA,,MASTER,0,1,1,,,flag,,0,1,0,ESDB_V0_4
11324,11537,lays,-12.2722,1,PASS,35,,n_v,lay,FORM,,MASTER,0,1,1,,lay,plays,,1,1,0,ESDB_V0_4
11325,11538,lecturer,-12.2722,1,PASS,35,,n,lecturer,LEMMA,,MASTER,0,1,0,,lecture,,,1,0,0,ESDB_V0_4
11326,11539,lenin,-12.2722,0,NOT_EXACT_EN_US,,,,,,,REJECTED_AUTO,0,0,0,,,,,0,0,0,ESDB_V0_4
11327,11540,liabilities,-12.2722,1,PASS,35,,n,liability,FORM,,MASTER,0,0,0,,,,,0,0,0,ESDB_V0_4
11328,11541,lightweight,-12.2722,1,PASS,35,,n;aj,lightweight,LEMMA,,MASTER,0,0,0,,,,,0,0,0,ESDB_V0_4
11329,11542,limestone,-12.2722,1,PASS,35,,n,limestone,LEMMA,,MASTER,0,0,0,,,,,0,0,0,ESDB_V0_4
11330,11543,lobbying,-12.2722,1,PASS,35,,n_v;n,lobby;lobbying,FORM;LEMMA,,MASTER,0,0,0,,,,,0,0,0,ESDB_V0_4
11331,11544,loops,-12.2722,1,PASS,35,,n_v,loop,FORM,,MASTER,0,1,0,oops,loop,,,2,0,0,ESDB_V0_4
11332,11545,maths,-12.2722,0,NOT_EXACT_EN_US,,,,,,,REJECTED_AUTO,0,0,0,,,,,0,0,0,ESDB_V0_4
11333,11546,maze,-12.2722,1,PASS,35,,n,maze,LEMMA,,MASTER,0,0,0,,,,,0,0,0,ESDB_V0_4
11334,11547,meanings,-12.2722,1,PASS,35,,n,meaning,FORM,,MASTER,0,1,0,,meaning,,,1,0,0,ESDB_V0_4
11335,11548,memoir,-12.2722,1,PASS,50,,n,memoir,LEMMA,,MASTER,0,1,1,,,,memoirs,0,1,1,ESDB_V0_4
11336,11549,ministerial,-12.2722,1,PASS,35,,aj,ministerial,LEMMA,,MASTER,0,0,0,,,,,0,0,0,ESDB_V0_4
11337,11550,mmm,-12.2722,0,NOT_EXACT_EN_US,,,,,,,REJECTED_AUTO,0,0,0,,,,,0,0,0,ESDB_V0_4
11338,11551,mole,-12.2722,1,PASS,35,,n,mole,LEMMA,,MASTER,0,1,0,ole,,,,1,0,0,ESDB_V0_4
11339,11552,moody,-12.2722,1,PASS,35,50,aj,moody,LEMMA,,MASTER,0,1,0,,mood,,,1,0,0,ESDB_V0_4
11340,11553,morale,-12.2722,1,PASS,35,,n,morale,LEMMA,,MASTER,0,1,0,,moral,,,1,0,0,ESDB_V0_4
11341,11554,morally,-12.2722,1,PASS,35,,av,morally,LEMMA,,MASTER,0,0,0,,,,,0,0,0,ESDB_V0_4
11342,11555,motherfucker,-12.2722,1,PASS,40,,n,motherfucker,LEMMA,vulgar-1,MASTER,0,1,1,,,,motherfuckers,0,1,1,ESDB_V0_4
11343,11557,navigate,-12.2722,1,PASS,35,,v,navigate,LEMMA,,MASTER,0,0,0,,,,,0,0,0,ESDB_V0_4
11344,11558,needles,-12.2722,1,PASS,35,,n_v,needle,FORM,,MASTER,0,1,1,,needle,,needless,1,1,0,ESDB_V0_4
11345,11559,noisy,-12.2722,1,PASS,35,,aj,noisy,LEMMA,,MASTER,0,0,0,,,,,0,0,0,ESDB_V0_4
11346,11560,nun,-12.2722,1,PASS,35,,n,nun,LEMMA,,MASTER,0,1,1,,nu,,nuns,1,1,1,ESDB_V0_4
11347,11561,paragraphs,-12.2722,1,PASS,35,,n_v,paragraph,FORM,,MASTER,0,1,0,,paragraph,,,1,0,0,ESDB_V0_4
11348,11562,parameter,-12.2722,1,PASS,35,,n,parameter,LEMMA,,MASTER,0,1,1,,,,parameters,0,1,1,ESDB_V0_4
11349,11563,percy,-12.2722,0,NOT_EXACT_EN_US,,,,,,,REJECTED_AUTO,0,0,0,,,,,0,0,0,ESDB_V0_4
11350,11564,pleasing,-12.2722,1,PASS,35,,v;n;aj,please;pleasing,FORM;LEMMA,,MASTER,0,1,0,leasing,,,,1,0,0,ESDB_V0_4
11351,11565,polished,-12.2722,1,PASS,35,,n_v;aj,polish;polished,FORM;LEMMA,,MASTER,0,0,0,,,,,0,0,0,ESDB_V0_4
11352,11566,poorer,-12.2722,1,PASS,35,,aj,poor,FORM,,MASTER,0,0,0,,,,,0,0,0,ESDB_V0_4
11353,11567,pornography,-12.2722,1,PASS,35,,n,pornography,LEMMA,,MASTER,0,0,0,,,,,0,0,0,ESDB_V0_4
11354,11568,prank,-12.2722,1,PASS,35,,n,prank,LEMMA,,MASTER,0,1,0,rank,,,,1,0,0,ESDB_V0_4
11355,11569,precautions,-12.2722,1,PASS,35,,n,precaution,FORM,,MASTER,0,1,0,,precaution,,,1,0,0,ESDB_V0_4
11356,11570,prefers,-12.2722,1,PASS,35,,v,prefer,FORM,,MASTER,0,1,0,refers,prefer,,,2,0,0,ESDB_V0_4
11357,11571,proprietary,-12.2722,1,PASS,35,,n;aj,proprietary,LEMMA,,MASTER,0,0,0,,,,,0,0,0,ESDB_V0_4
11358,11572,props,-12.2722,1,PASS,35,,n_v,prop,FORM,,MASTER,0,1,0,,prop,,,1,0,0,ESDB_V0_4
11359,11573,prosecutors,-12.2722,1,PASS,35,,n,prosecutor,FORM,,MASTER,0,1,0,,prosecutor,,,1,0,0,ESDB_V0_4
11360,11574,prosperous,-12.2722,1,PASS,35,,aj,prosperous,LEMMA,,MASTER,0,0,0,,,,,0,0,0,ESDB_V0_4
11361,11575,protector,-12.2722,1,PASS,35,,n,protector,LEMMA,,MASTER,0,0,0,,,,,0,0,0,ESDB_V0_4
11362,11576,rabbits,-12.2722,1,PASS,35,,n,rabbit,FORM,,MASTER,0,1,0,,rabbit,,,1,0,0,ESDB_V0_4
11363,11577,ransom,-12.2722,1,PASS,35,,n_v,ransom,LEMMA,,MASTER,0,0,0,,,,,0,0,0,ESDB_V0_4
11364,11578,realism,-12.2722,1,PASS,35,,n,realism,LEMMA,,MASTER,0,0,0,,,,,0,0,0,ESDB_V0_4
11365,11579,reflections,-12.2722,1,PASS,35,,n,reflection,FORM,,MASTER,0,1,0,,reflection,,,1,0,0,ESDB_V0_4
11366,11580,remark,-12.2722,1,PASS,35,,n_v,remark,LEMMA,,MASTER,0,1,1,,,,remarks,0,1,1,ESDB_V0_4
11367,11581,remotely,-12.2722,1,PASS,35,,av,remotely,LEMMA,,MASTER,0,0,0,,,,,0,0,0,ESDB_V0_4
11368,11582,retains,-12.2722,1,PASS,35,,v,retain,FORM,,MASTER,0,1,0,,retain,,,1,0,0,ESDB_V0_4
11369,11583,ringing,-12.2722,1,PASS,35,,v;n,ring;ringing,FORM;LEMMA,,MASTER,0,1,1,,,bringing,,0,1,0,ESDB_V0_4
11370,11584,romanian,-12.2722,0,NOT_EXACT_EN_US,,,,,,,REJECTED_AUTO,0,0,0,,,,,0,0,0,ESDB_V0_4
11371,11585,ronaldo,-12.2722,0,NOT_EXACT_EN_US,,,,,,,REJECTED_AUTO,0,0,0,,,,,0,0,0,ESDB_V0_4
11372,11586,rum,-12.2722,1,PASS,35,,n;aj,rum,LEMMA,,MASTER,0,1,1,um,,drum,,1,1,0,ESDB_V0_4
11373,11587,sacramento,-12.2722,0,NOT_EXACT_EN_US,,,,,,,REJECTED_AUTO,0,0,0,,,,,0,0,0,ESDB_V0_4
11374,11588,sans,-12.2722,1,PASS,50,,c,sans,LEMMA,,MASTER,0,0,0,,,,,0,0,0,ESDB_V0_4
11375,11589,sarcasm,-12.2722,1,PASS,35,,n,sarcasm,LEMMA,,MASTER,0,0,0,,,,,0,0,0,ESDB_V0_4
11376,11590,savior,-12.2722,1,PASS,35,40,n,savior,LEMMA,,MASTER,0,0,0,,,,,0,0,0,ESDB_V0_4
11377,11591,scheduling,-12.2722,1,PASS,35,,n_v;n,schedule;scheduling,FORM;LEMMA,,MASTER,0,0,0,,,,,0,0,0,ESDB_V0_4
11378,11592,selections,-12.2722,1,PASS,35,,n,selection,FORM,,MASTER,0,1,0,elections,selection,,,2,0,0,ESDB_V0_4
11379,11593,seriousness,-12.2722,1,PASS,35,,n,seriousness,LEMMA,,MASTER,0,0,0,,,,,0,0,0,ESDB_V0_4
11380,11594,sleeps,-12.2722,1,PASS,35,,n_v,sleep,FORM,,MASTER,0,1,0,,sleep,,,1,0,0,ESDB_V0_4
11381,11595,sleeves,-12.2722,1,PASS,35,,n,sleeve,FORM,,MASTER,0,1,0,,sleeve,,,1,0,0,ESDB_V0_4
11382,11596,slick,-12.2722,1,PASS,35,,n_v;aj,slick,LEMMA,,MASTER,0,1,0,lick,,,,1,0,0,ESDB_V0_4
11383,11597,sniper,-12.2722,1,PASS,35,,n,sniper,LEMMA,,MASTER,0,0,0,,,,,0,0,0,ESDB_V0_4
11384,11598,snp,-12.2722,0,NOT_EXACT_EN_US,,,,,,,REJECTED_AUTO,0,0,0,,,,,0,0,0,ESDB_V0_4
11385,11599,spared,-12.2722,1,PASS,35,,n_v,spare,FORM,,MASTER,0,1,0,,spare,,,1,0,0,ESDB_V0_4
11386,11600,spreads,-12.2722,1,PASS,35,,n_v,spread,FORM,,MASTER,0,1,0,,spread,,,1,0,0,ESDB_V0_4
11387,11601,staging,-12.2722,1,PASS,35,,n_v;n,stage;staging,FORM;LEMMA,,MASTER,0,0,0,,,,,0,0,0,ESDB_V0_4
11388,11602,standpoint,-12.2722,1,PASS,35,,n,standpoint,LEMMA,,MASTER,0,0,0,,,,,0,0,0,ESDB_V0_4
11389,11603,steals,-12.2722,1,PASS,35,,n_v,steal,FORM,,MASTER,0,1,0,,steal,,,1,0,0,ESDB_V0_4
11390,11604,steer,-12.2722,1,PASS,35,,n;v,steer,LEMMA;FORM,,MASTER,0,0,0,,,,,0,0,0,ESDB_V0_4
11391,11605,stud,-12.2722,1,PASS,35,,n_v;a,stud,LEMMA,,MASTER,0,1,1,,,,study;studs,0,2,1,ESDB_V0_4
11392,11606,surrendered,-12.2722,1,PASS,35,,n_v,surrender,FORM,,MASTER,0,0,0,,,,,0,0,0,ESDB_V0_4
11393,11607,swamp,-12.2722,1,PASS,35,,n_v;a,swamp,LEMMA,,MASTER,0,1,0,,swam,,,1,0,0,ESDB_V0_4
11394,11608,symposium,-12.2722,1,PASS,50,,n,symposium,LEMMA,,MASTER,0,0,0,,,,,0,0,0,ESDB_V0_4
11395,11609,tackles,-12.2722,1,PASS,35,,n_v,tackle,FORM,,MASTER,0,1,0,,tackle,,,1,0,0,ESDB_V0_4
11396,11610,tar,-12.2722,1,PASS,35,,n;v;a,tar,LEMMA,,MASTER,0,1,1,,,star,tart,0,2,0,ESDB_V0_4
11397,11611,tasted,-12.2722,1,PASS,35,,n_v,taste,FORM,,MASTER,0,1,0,,taste,,,1,0,0,ESDB_V0_4
11398,11612,technician,-12.2722,1,PASS,35,,n,technician,LEMMA,,MASTER,0,1,1,,,,technicians,0,1,1,ESDB_V0_4
11399,11613,tents,-12.2722,1,PASS,35,,n_v,tent,FORM,,MASTER,0,1,0,,tent,,,1,0,0,ESDB_V0_4
11400,11614,thanked,-12.2722,1,PASS,35,,v,thank,FORM,,MASTER,0,0,0,,,,,0,0,0,ESDB_V0_4
11401,11615,township,-12.2722,1,PASS,40,,n,township,LEMMA,,MASTER,0,0,0,,,,,0,0,0,ESDB_V0_4
11402,11616,trainers,-12.2722,1,PASS,35,,n,trainer,FORM,,MASTER,0,1,0,,trainer,,,1,0,0,ESDB_V0_4
11403,11617,transmit,-12.2722,1,PASS,35,,v,transmit,LEMMA,,MASTER,0,0,0,,,,,0,0,0,ESDB_V0_4
11404,11618,tri,-12.2722,0,NOT_EXACT_EN_US,,,,,,,REJECTED_AUTO,0,0,0,,,,,0,0,0,ESDB_V0_4
11405,11619,underestimate,-12.2722,1,PASS,35,,n_v,underestimate,LEMMA,,MASTER,0,1,1,,,,underestimated,0,1,1,ESDB_V0_4
11406,11620,underwent,-12.2722,1,PASS,35,,v,undergo,FORM,,MASTER,0,0,0,,,,,0,0,0,ESDB_V0_4
11407,11621,unesco,-12.2722,0,NOT_EXACT_EN_US,,,,,,,REJECTED_AUTO,0,0,0,,,,,0,0,0,ESDB_V0_4
11408,11622,unfinished,-12.2722,1,PASS,35,,aj,unfinished,LEMMA,,MASTER,0,0,0,,,,,0,0,0,ESDB_V0_4
11409,11624,vaccines,-12.2722,1,PASS,35,,n,vaccine,FORM,,MASTER,0,1,0,,vaccine,,,1,0,0,ESDB_V0_4
11410,11625,vegetarian,-12.2722,1,PASS,35,,n;a,vegetarian,LEMMA,,MASTER,0,0,0,,,,,0,0,0,ESDB_V0_4
11411,11626,vermont,-12.2722,0,NOT_EXACT_EN_US,,,,,,,REJECTED_AUTO,0,0,0,,,,,0,0,0,ESDB_V0_4
11412,11627,vest,-12.2722,1,PASS,35,,n_v,vest,LEMMA,,MASTER,0,0,0,,,,,0,0,0,ESDB_V0_4
11413,11628,victorious,-12.2722,1,PASS,35,,aj,victorious,LEMMA,,MASTER,0,0,0,,,,,0,0,0,ESDB_V0_4
11414,11629,viewpoint,-12.2722,1,PASS,35,,n,viewpoint,LEMMA,,MASTER,0,1,1,,,,viewpoints,0,1,1,ESDB_V0_4
11415,11630,wallpaper,-12.2722,1,PASS,35,,n_v,wallpaper,LEMMA,,MASTER,0,0,0,,,,,0,0,0,ESDB_V0_4
11416,11631,wed,-12.2722,1,PASS,35,60,v,wed,LEMMA;FORM,,MASTER,0,1,1,,we,owed,,1,1,0,ESDB_V0_4
11417,11632,whichever,-12.2722,1,PASS,35,,d,whichever,LEMMA,,MASTER,0,0,0,,,,,0,0,0,ESDB_V0_4
11418,11633,yeast,-12.2722,1,PASS,35,,n,yeast,LEMMA,,MASTER,0,1,0,east,,,,1,0,0,ESDB_V0_4
11419,11634,zinc,-12.2722,1,PASS,35,,n;v,zinc,LEMMA,,MASTER,0,0,0,,,,,0,0,0,ESDB_V0_4
11420,11635,accountant,-12.296,1,PASS,35,,n,accountant,LEMMA,,MASTER,0,1,1,,,,accountants,0,1,1,ESDB_V0_4
11421,11636,accredited,-12.296,1,PASS,35,,v;aj,accredit;accredited,FORM;LEMMA,,MASTER,0,0,0,,,,,0,0,0,ESDB_V0_4
11422,11637,albany,-12.296,0,NOT_EXACT_EN_US,,,,,,,REJECTED_AUTO,0,0,0,,,,,0,0,0,ESDB_V0_4
11423,11638,antibodies,-12.296,1,PASS,35,,n,antibody,FORM,,MASTER,0,0,0,,,,,0,0,0,ESDB_V0_4
11424,11639,apostles,-12.296,1,PASS,35,,n,apostle,FORM,,MASTER,0,1,0,,apostle,,,1,0,0,ESDB_V0_4
11425,11640,aquatic,-12.296,1,PASS,35,,n;aj,aquatic,LEMMA,,MASTER,0,0,0,,,,,0,0,0,ESDB_V0_4
11426,11641,assemble,-12.296,1,PASS,35,,v,assemble,LEMMA,,MASTER,0,1,1,,,,assembled,0,1,1,ESDB_V0_4
11427,11642,assert,-12.296,1,PASS,35,,v,assert,LEMMA,,MASTER,0,1,1,,,,asserts,0,1,1,ESDB_V0_4
11428,11643,asserted,-12.296,1,PASS,35,,v;aj,assert;asserted,FORM;LEMMA,,MASTER,0,0,0,,,,,0,0,0,ESDB_V0_4
11429,11644,assistants,-12.296,1,PASS,35,,n,assistant,FORM,,MASTER,0,1,0,,assistant,,,1,0,0,ESDB_V0_4
11430,11645,attained,-12.296,1,PASS,35,,v;aj,attain;attained,FORM;LEMMA,,MASTER,0,0,0,,,,,0,0,0,ESDB_V0_4
11431,11646,aurora,-12.296,0,CASE_FREQ_COLLISION,60,50,n,aurora,LEMMA,,REJECTED_AUTO,0,0,0,,,,,0,0,0,ESDB_V0_4
11432,11647,authorization,-12.296,1,PASS,35,,n,authorization,LEMMA,,MASTER,0,0,0,,,,,0,0,0,ESDB_V0_4
11433,11648,autobiography,-12.296,1,PASS,35,,n,autobiography,LEMMA,,MASTER,0,0,0,,,,,0,0,0,ESDB_V0_4
11434,11649,await,-12.296,1,PASS,35,,v,await,LEMMA,,MASTER,0,1,1,wait,,,awaits,1,1,1,ESDB_V0_4
11435,11650,baltic,-12.296,0,NOT_EXACT_EN_US,,,,,,,REJECTED_AUTO,0,0,0,,,,,0,0,0,ESDB_V0_4
11436,11651,bam,-12.296,0,NOT_EXACT_EN_US,,,,,,,REJECTED_AUTO,0,0,0,,,,,0,0,0,ESDB_V0_4
11437,11652,bandwidth,-12.296,1,PASS,35,,n,bandwidth,LEMMA,,MASTER,0,0,0,,,,,0,0,0,ESDB_V0_4
11438,11653,baptism,-12.296,1,PASS,35,,n,baptism,LEMMA,,MASTER,0,0,0,,,,,0,0,0,ESDB_V0_4
11439,11654,baseline,-12.296,1,PASS,35,,n,baseline,LEMMA,,MASTER,0,0,0,,,,,0,0,0,ESDB_V0_4
11440,11655,bernie,-12.296,0,NOT_EXACT_EN_US,,,,,,,REJECTED_AUTO,0,0,0,,,,,0,0,0,ESDB_V0_4
11441,11656,bloc,-12.296,1,PASS,35,,n,bloc,LEMMA,,MASTER,0,1,1,,,,block,0,1,0,ESDB_V0_4
11442,11657,booze,-12.296,1,PASS,35,,n_v,booze,LEMMA,,MASTER,0,0,0,,,,,0,0,0,ESDB_V0_4
11443,11658,bounds,-12.296,1,PASS,35,,n_v,bound,FORM,,MASTER,0,1,0,,bound,,,1,0,0,ESDB_V0_4
11444,11659,bradford,-12.296,0,NOT_EXACT_EN_US,,,,,,,REJECTED_AUTO,0,0,0,,,,,0,0,0,ESDB_V0_4
11445,11660,brent,-12.296,0,NOT_EXACT_EN_US,,,,,,,REJECTED_AUTO,0,0,0,,,,,0,0,0,ESDB_V0_4
11446,11661,burma,-12.296,0,NOT_EXACT_EN_US,,,,,,,REJECTED_AUTO,0,0,0,,,,,0,0,0,ESDB_V0_4
11447,11662,buzzing,-12.296,1,PASS,35,,n_v;aj,buzz;buzzing,FORM;LEMMA,,MASTER,0,0,0,,,,,0,0,0,ESDB_V0_4
11448,11664,calculating,-12.296,1,PASS,35,,v;aj,calculate;calculating,FORM;LEMMA,,MASTER,0,0,0,,,,,0,0,0,ESDB_V0_4
11449,11665,camel,-12.296,1,PASS,35,50,n,camel,LEMMA,,MASTER,0,1,1,,came,,camels,1,1,1,ESDB_V0_4
11450,11666,captains,-12.296,1,PASS,35,,n_v,captain,FORM,,MASTER,0,1,0,,captain,,,1,0,0,ESDB_V0_4
11451,11667,chatting,-12.296,1,PASS,35,,n_v,chat,FORM,,MASTER,0,0,0,,,,,0,0,0,ESDB_V0_4
11452,11668,chord,-12.296,1,PASS,35,,n,chord,LEMMA,,MASTER,0,1,1,,,,chords,0,1,1,ESDB_V0_4
11453,11669,collateral,-12.296,1,PASS,35,,n;aj,collateral,LEMMA,,MASTER,0,0,0,,,,,0,0,0,ESDB_V0_4
11454,11670,combo,-12.296,1,PASS,50,,n,combo,LEMMA,,MASTER,0,1,0,,comb,,,1,0,0,ESDB_V0_4
11455,11671,comet,-12.296,1,PASS,35,,n,comet,LEMMA,,MASTER,0,1,0,,come,,,1,0,0,ESDB_V0_4
11456,11672,compressed,-12.296,1,PASS,35,,n_v;aj,compress;compressed,FORM;LEMMA,,MASTER,0,0,0,,,,,0,0,0,ESDB_V0_4
11457,11673,constituents,-12.296,1,PASS,35,,n,constituent,FORM,,MASTER,0,1,0,,constituent,,,1,0,0,ESDB_V0_4
11458,11674,cosmetic,-12.296,1,PASS,35,,n;aj,cosmetic,LEMMA,,MASTER,0,1,1,,,,cosmetics,0,1,1,ESDB_V0_4
11459,11675,creditors,-12.296,1,PASS,35,,n,creditor,FORM,,MASTER,0,0,0,,,,,0,0,0,ESDB_V0_4
11460,11676,criticised,-12.296,0,NOT_EXACT_EN_US,,,,,,,REJECTED_AUTO,0,0,0,,,,,0,0,0,ESDB_V0_4
11461,11677,crust,-12.296,1,PASS,35,,n_v,crust,LEMMA,,MASTER,0,1,0,rust,,,,1,0,0,ESDB_V0_4
11462,11678,crystals,-12.296,1,PASS,35,,n,crystal,FORM,,MASTER,0,1,0,,crystal,,,1,0,0,ESDB_V0_4
11463,11679,culturally,-12.296,1,PASS,35,,av,culturally,LEMMA,,MASTER,0,0,0,,,,,0,0,0,ESDB_V0_4
11464,11681,deity,-12.296,1,PASS,35,60,n,deity,LEMMA,,MASTER,0,0,0,,,,,0,0,0,ESDB_V0_4
11465,11682,delightful,-12.296,1,PASS,35,,aj,delightful,LEMMA,,MASTER,0,0,0,,,,,0,0,0,ESDB_V0_4
11466,11683,deploy,-12.296,1,PASS,40,,v,deploy,LEMMA,,MASTER,0,0,0,,,,,0,0,0,ESDB_V0_4
11467,11684,devote,-12.296,1,PASS,35,,v,devote,LEMMA,,MASTER,0,1,1,,,,devoted,0,1,1,ESDB_V0_4
11468,11685,disregard,-12.296,1,PASS,35,,n;v,disregard,LEMMA,,MASTER,0,0,0,,,,,0,0,0,ESDB_V0_4
11469,11686,divers,-12.296,1,PASS,35,,n;aj,diver;divers,FORM;LEMMA,,MASTER,0,1,1,,diver,,diverse,1,1,0,ESDB_V0_4
11470,11687,dividing,-12.296,1,PASS,35,,n_v;n,divide;dividing,FORM;LEMMA,,MASTER,0,0,0,,,,,0,0,0,ESDB_V0_4
11471,11688,dusty,-12.296,1,PASS,35,50,aj,dusty,LEMMA,,MASTER,0,1,0,,dust,,,1,0,0,ESDB_V0_4
11472,11689,ellie,-12.296,0,NOT_EXACT_EN_US,,,,,,,REJECTED_AUTO,0,0,0,,,,,0,0,0,ESDB_V0_4
11473,11690,eng,-12.296,0,NOT_EXACT_EN_US,,,,,,,REJECTED_AUTO,0,0,0,,,,,0,0,0,ESDB_V0_4
11474,11691,equilibrium,-12.296,1,PASS,35,,n,equilibrium,LEMMA,,MASTER,0,0,0,,,,,0,0,0,ESDB_V0_4
11475,11692,esther,-12.296,0,NOT_EXACT_EN_US,,,,,,,REJECTED_AUTO,0,0,0,,,,,0,0,0,ESDB_V0_4
11476,11693,exaggerated,-12.296,1,PASS,35,,v;aj,exaggerate;exaggerated,FORM;LEMMA,,MASTER,0,0,0,,,,,0,0,0,ESDB_V0_4
11477,11694,extinct,-12.296,1,PASS,35,,v;aj,extinct,LEMMA,,MASTER,0,0,0,,,,,0,0,0,ESDB_V0_4
11478,11695,feather,-12.296,1,PASS,35,,n_v,feather,LEMMA,,MASTER,0,1,1,,,,feathers,0,1,1,ESDB_V0_4
11479,11696,flawed,-12.296,1,PASS,35,,n_v;aj,flaw;flawed,FORM;LEMMA,,MASTER,0,0,0,,,,,0,0,0,ESDB_V0_4
11480,11697,footballer,-12.296,1,PASS,50,,n,footballer,LEMMA,,MASTER,0,1,1,,,,footballers,0,1,1,ESDB_V0_4
11481,11698,formidable,-12.296,1,PASS,35,,aj,formidable,LEMMA,,MASTER,0,0,0,,,,,0,0,0,ESDB_V0_4
11482,11699,frances,-12.296,0,NOT_EXACT_EN_US,,,,,,,REJECTED_AUTO,0,0,0,,,,,0,0,0,ESDB_V0_4
11483,11700,freshwater,-12.296,1,PASS,35,,n;a,freshwater,LEMMA,,MASTER,0,0,0,,,,,0,0,0,ESDB_V0_4
11484,11701,frightening,-12.296,1,PASS,35,,v;n;aj,frighten;frightening,FORM;LEMMA,,MASTER,0,0,0,,,,,0,0,0,ESDB_V0_4
11485,11702,funk,-12.296,1,PASS,40,,n_v,funk,LEMMA,,MASTER,0,1,1,,fun,,funky,1,1,0,ESDB_V0_4
11486,11703,gardening,-12.296,1,PASS,35,,n_v;n,garden;gardening,FORM;LEMMA,,MASTER,0,0,0,,,,,0,0,0,ESDB_V0_4
11487,11704,gavin,-12.296,0,NOT_EXACT_EN_US,,,,,,,REJECTED_AUTO,0,0,0,,,,,0,0,0,ESDB_V0_4
11488,11705,gays,-12.296,1,PASS,35,,n,gay,FORM,,MASTER,0,1,0,,gay,,,1,0,0,ESDB_V0_4
11489,11706,genus,-12.296,1,PASS,35,,n,genus,LEMMA,,MASTER,0,0,0,,,,,0,0,0,ESDB_V0_4
11490,11707,girlfriends,-12.296,1,PASS,35,,n,girlfriend,FORM,,MASTER,0,1,0,,girlfriend,,,1,0,0,ESDB_V0_4
11491,11708,goodnight,-12.296,0,NO_ESDB_GENERAL_EVIDENCE,,,,,,,REJECTED_AUTO,0,0,0,,,,,0,0,0,ESDB_V0_4
11492,11709,graffiti,-12.296,0,NO_ESDB_GENERAL_EVIDENCE,,,,,,,REJECTED_AUTO,0,0,0,,,,,0,0,0,ESDB_V0_4
11493,11710,haired,-12.296,1,PASS,35,,aj,haired,LEMMA,,MASTER,0,1,1,aired,,chaired,,1,1,0,ESDB_V0_4
11494,11711,hare,-12.296,1,PASS,35,,n;v,hare,LEMMA;FORM,,MASTER,0,1,1,are,,share,,1,1,0,ESDB_V0_4
11495,11712,harley,-12.296,0,NOT_EXACT_EN_US,,,,,,,REJECTED_AUTO,0,0,0,,,,,0,0,0,ESDB_V0_4
11496,11713,histories,-12.296,1,PASS,35,,n,history,FORM,,MASTER,0,0,0,,,,,0,0,0,ESDB_V0_4
11497,11714,hourly,-12.296,1,PASS,35,,aj_av,hourly,LEMMA,,MASTER,0,0,0,,,,,0,0,0,ESDB_V0_4
11498,11715,hulk,-12.296,1,PASS,35,,n,hulk,LEMMA,,MASTER,0,0,0,,,,,0,0,0,ESDB_V0_4
11499,11716,idaho,-12.296,0,NOT_EXACT_EN_US,,,,,,,REJECTED_AUTO,0,0,0,,,,,0,0,0,ESDB_V0_4
11500,11717,incorporating,-12.296,1,PASS,35,,v,incorporate,FORM,,MASTER,0,0,0,,,,,0,0,0,ESDB_V0_4
11501,11718,indianapolis,-12.296,0,NOT_EXACT_EN_US,,,,,,,REJECTED_AUTO,0,0,0,,,,,0,0,0,ESDB_V0_4
11502,11719,insured,-12.296,1,PASS,35,,v;n,insure;insured,FORM;LEMMA,,MASTER,0,1,0,,insure,,,1,0,0,ESDB_V0_4
11503,11720,judith,-12.296,0,NOT_EXACT_EN_US,,,,,,,REJECTED_AUTO,0,0,0,,,,,0,0,0,ESDB_V0_4
11504,11721,justices,-12.296,1,PASS,35,,n,justice,FORM,,MASTER,0,1,0,,justice,,,1,0,0,ESDB_V0_4
11505,11722,lan,-12.296,0,NOT_EXACT_EN_US,,,,,,,REJECTED_AUTO,0,0,0,,,,,0,0,0,ESDB_V0_4
11506,11723,leaks,-12.296,1,PASS,35,,n_v,leak,FORM,,MASTER,0,1,0,,leak,,,1,0,0,ESDB_V0_4
11507,11724,lebron,-12.296,0,NOT_EXACT_EN_US,,,,,,,REJECTED_AUTO,0,0,0,,,,,0,0,0,ESDB_V0_4
11508,11725,listings,-12.296,1,PASS,35,,n,listing,FORM,,MASTER,0,1,0,,listing,,,1,0,0,ESDB_V0_4
11509,11726,llc,-12.296,0,NOT_EXACT_EN_US,,,,,,,REJECTED_AUTO,0,0,0,,,,,0,0,0,ESDB_V0_4
11510,11727,lobster,-12.296,1,PASS,35,,n,lobster,LEMMA;FORM,,MASTER,0,0,0,,,,,0,0,0,ESDB_V0_4
11511,11728,lotus,-12.296,1,PASS,35,,n,lotus,LEMMA,,MASTER,0,0,0,,,,,0,0,0,ESDB_V0_4
11512,11729,mack,-12.296,0,NOT_EXACT_EN_US,,,,,,,REJECTED_AUTO,0,0,0,,,,,0,0,0,ESDB_V0_4
11513,11730,memorandum,-12.296,1,PASS,35,,n,memorandum,LEMMA,,MASTER,0,0,0,,,,,0,0,0,ESDB_V0_4
11514,11731,meta,-12.296,0,NO_ESDB_GENERAL_EVIDENCE,,,,,,,REJECTED_AUTO,0,0,0,,,,,0,0,0,ESDB_V0_4
11515,11732,millionaire,-12.296,1,PASS,35,,n,millionaire,LEMMA,,MASTER,0,1,1,,,,millionaires,0,1,1,ESDB_V0_4
11516,11733,moist,-12.296,1,PASS,35,,aj,moist,LEMMA,,MASTER,0,0,0,,,,,0,0,0,ESDB_V0_4
11517,11734,moms,-12.296,1,PASS,35,,n,mom,FORM,,MASTER,0,1,0,,mom,,,1,0,0,ESDB_V0_4
11518,11735,mormon,-12.296,0,NOT_EXACT_EN_US,,,,,,,REJECTED_AUTO,0,0,0,,,,,0,0,0,ESDB_V0_4
11519,11736,mushrooms,-12.296,1,PASS,35,,n_v,mushroom,FORM,,MASTER,0,1,0,,mushroom,,,1,0,0,ESDB_V0_4
11520,11737,nutritional,-12.296,1,PASS,35,,aj,nutritional,LEMMA,,MASTER,0,0,0,,,,,0,0,0,ESDB_V0_4
11521,11738,obsolete,-12.296,1,PASS,35,,v;aj,obsolete,LEMMA,,MASTER,0,0,0,,,,,0,0,0,ESDB_V0_4
11522,11739,oi,-12.296,0,NO_ESDB_GENERAL_EVIDENCE,,,,,,,REJECTED_AUTO,0,0,0,,,,,0,0,0,ESDB_V0_4
11523,11740,onwards,-12.296,0,NOT_EXACT_EN_US,,,,,,,REJECTED_AUTO,0,0,0,,,,,0,0,0,ESDB_V0_4
11524,11741,outfits,-12.296,1,PASS,35,,n_v,outfit,FORM,,MASTER,0,1,0,,outfit,,,1,0,0,ESDB_V0_4
11525,11742,pathways,-12.296,1,PASS,35,,n,pathway,FORM,,MASTER,0,1,0,,pathway,,,1,0,0,ESDB_V0_4
11526,11743,pavilion,-12.296,1,PASS,35,,n,pavilion,LEMMA,,MASTER,0,0,0,,,,,0,0,0,ESDB_V0_4
11527,11744,payable,-12.296,1,PASS,35,,aj,payable,LEMMA,,MASTER,0,0,0,,,,,0,0,0,ESDB_V0_4
11528,11745,pens,-12.296,1,PASS,35,,n;v,pen,FORM,,MASTER,0,1,1,,pen,opens,,1,1,0,ESDB_V0_4
11529,11746,phenomenal,-12.296,1,PASS,35,,aj,phenomenal,LEMMA,,MASTER,0,1,0,,phenomena,,,1,0,0,ESDB_V0_4
11530,11747,photographed,-12.296,1,PASS,35,,n_v,photograph,FORM,,MASTER,0,0,0,,,,,0,0,0,ESDB_V0_4
11531,11748,pilgrimage,-12.296,1,PASS,35,,n,pilgrimage,LEMMA,,MASTER,0,0,0,,,,,0,0,0,ESDB_V0_4
11532,11749,pitching,-12.296,1,PASS,35,,n_v,pitch,FORM,,MASTER,0,1,0,itching,,,,1,0,0,ESDB_V0_4
11533,11750,pledged,-12.296,1,PASS,35,,n_v;aj,pledge;pledged,FORM;LEMMA,,MASTER,0,1,0,,pledge,,,1,0,0,ESDB_V0_4
11534,11751,presumed,-12.296,1,PASS,35,,v,presume,FORM,,MASTER,0,1,0,resumed,presume,,,2,0,0,ESDB_V0_4
11535,11752,prevailing,-12.296,1,PASS,35,,v;aj,prevail;prevailing,FORM;LEMMA,,MASTER,0,0,0,,,,,0,0,0,ESDB_V0_4
11536,11753,professionally,-12.296,1,PASS,35,,av,professionally,LEMMA,,MASTER,0,0,0,,,,,0,0,0,ESDB_V0_4
11537,11754,proudly,-12.296,1,PASS,35,,av,proudly,LEMMA,,MASTER,0,0,0,,,,,0,0,0,ESDB_V0_4
11538,11756,regulator,-12.296,1,PASS,50,,n,regulator,LEMMA,,MASTER,0,1,1,,,,regulatory;regulators,0,2,1,ESDB_V0_4
11539,11757,reside,-12.296,1,PASS,35,,v,reside,LEMMA,,MASTER,0,1,1,,,,resides;resided,0,2,2,ESDB_V0_4
11540,11758,revive,-12.296,1,PASS,35,,v,revive,LEMMA,,MASTER,0,1,1,,,,revived,0,1,1,ESDB_V0_4
11541,11759,richie,-12.296,0,NOT_EXACT_EN_US,,,,,,,REJECTED_AUTO,0,0,0,,,,,0,0,0,ESDB_V0_4
11542,11760,roland,-12.296,0,NOT_EXACT_EN_US,,,,,,,REJECTED_AUTO,0,0,0,,,,,0,0,0,ESDB_V0_4
11543,11761,scarce,-12.296,1,PASS,35,,aj_av,scarce,LEMMA,,MASTER,0,0,0,,,,,0,0,0,ESDB_V0_4
11544,11762,seafood,-12.296,1,PASS,35,,n,seafood,LEMMA,,MASTER,0,0,0,,,,,0,0,0,ESDB_V0_4
11545,11763,secrecy,-12.296,1,PASS,35,,n,secrecy,LEMMA,,MASTER,0,0,0,,,,,0,0,0,ESDB_V0_4
11546,11764,seldom,-12.296,1,PASS,35,,av,seldom,LEMMA,,MASTER,0,0,0,,,,,0,0,0,ESDB_V0_4
11547,11765,sep,-12.296,0,NOT_EXACT_EN_US,,,,,,,REJECTED_AUTO,0,0,0,,,,,0,0,0,ESDB_V0_4
11548,11766,simultaneous,-12.296,1,PASS,35,,aj,simultaneous,LEMMA,,MASTER,0,0,0,,,,,0,0,0,ESDB_V0_4
11549,11767,slack,-12.296,1,PASS,35,,n;v;aj,slack,LEMMA,,MASTER,0,1,0,lack,,,,1,0,0,ESDB_V0_4
11550,11768,socialists,-12.296,1,PASS,35,,n,socialist,FORM,,MASTER,0,1,0,,socialist,,,1,0,0,ESDB_V0_4
11551,11769,spectacle,-12.296,1,PASS,35,,n,spectacle,LEMMA,,MASTER,0,0,0,,,,,0,0,0,ESDB_V0_4
11552,11770,startup,-12.296,1,PASS,40,,n,startup,LEMMA,,MASTER,0,0,0,,,,,0,0,0,ESDB_V0_4
11553,11771,stigma,-12.296,1,PASS,35,,n,stigma,LEMMA,,MASTER,0,0,0,,,,,0,0,0,ESDB_V0_4
11554,11772,suspend,-12.296,1,PASS,35,,v,suspend,LEMMA,,MASTER,0,0,0,,,,,0,0,0,ESDB_V0_4
11555,11773,tanzania,-12.296,0,NOT_EXACT_EN_US,,,,,,,REJECTED_AUTO,0,0,0,,,,,0,0,0,ESDB_V0_4
11556,11774,terminals,-12.296,1,PASS,35,,n,terminal,FORM,,MASTER,0,1,0,,terminal,,,1,0,0,ESDB_V0_4
11557,11775,texting,-12.296,1,PASS,35,,n_v,text,FORM,,MASTER,0,0,0,,,,,0,0,0,ESDB_V0_4
11558,11776,thrill,-12.296,1,PASS,35,,n_v,thrill,LEMMA,,MASTER,0,0,0,,,,,0,0,0,ESDB_V0_4
11559,11777,tile,-12.296,1,PASS,35,,n_v,tile,LEMMA,,MASTER,0,1,1,,til,,tiles,1,1,1,ESDB_V0_4
11560,11778,torque,-12.296,1,PASS,35,,n;v,torque,LEMMA,,MASTER,0,0,0,,,,,0,0,0,ESDB_V0_4
11561,11779,tow,-12.296,1,PASS,35,,n_v,tow,LEMMA,,MASTER,0,1,1,ow,to,,town,2,1,0,ESDB_V0_4
11562,11780,tr,-12.296,0,NO_ESDB_GENERAL_EVIDENCE,,,,,,,REJECTED_AUTO,0,0,0,,,,,0,0,0,ESDB_V0_4
11563,11781,transcript,-12.296,1,PASS,35,,n,transcript,LEMMA,,MASTER,0,1,1,,,,transcripts,0,1,1,ESDB_V0_4
11564,11782,transforming,-12.296,1,PASS,35,,n_v;n,transform;transforming,FORM;LEMMA,,MASTER,0,0,0,,,,,0,0,0,ESDB_V0_4
11565,11783,translates,-12.296,1,PASS,35,,v,translate,FORM,,MASTER,0,1,0,,translate,,,1,0,0,ESDB_V0_4
11566,11784,truths,-12.296,1,PASS,35,,n,truth,FORM,,MASTER,0,1,0,,truth,,,1,0,0,ESDB_V0_4
11567,11785,turnout,-12.296,1,PASS,35,,n,turnout,LEMMA,,MASTER,0,0,0,,,,,0,0,0,ESDB_V0_4
11568,11786,undertook,-12.296,1,PASS,35,,v,undertake,FORM,,MASTER,0,0,0,,,,,0,0,0,ESDB_V0_4
11569,11787,unexpectedly,-12.296,1,PASS,35,,av,unexpectedly,LEMMA,,MASTER,0,0,0,,,,,0,0,0,ESDB_V0_4
11570,11788,uni,-12.296,1,PASS,60,,n,uni,LEMMA,,MASTER,0,1,1,,,,unit,0,1,0,ESDB_V0_4
11571,11789,unpopular,-12.296,1,PASS,35,,aj,unpopular,LEMMA,,MASTER,0,0,0,,,,,0,0,0,ESDB_V0_4
11572,11790,vanity,-12.296,1,PASS,35,,n;a,vanity,LEMMA,,MASTER,0,0,0,,,,,0,0,0,ESDB_V0_4
11573,11791,vegan,-12.296,1,PASS,40,,n;a,vegan,LEMMA,,MASTER,0,0,0,,,,,0,0,0,ESDB_V0_4
11574,11792,vinegar,-12.296,1,PASS,35,,n,vinegar,LEMMA,,MASTER,0,0,0,,,,,0,0,0,ESDB_V0_4
11575,11793,visually,-12.296,1,PASS,35,,av,visually,LEMMA,,MASTER,0,0,0,,,,,0,0,0,ESDB_V0_4
11576,11794,watt,-12.296,1,PASS,35,50,n,watt,LEMMA,,MASTER,0,1,1,,,,watts,0,1,1,ESDB_V0_4
11577,11795,whipped,-12.296,1,PASS,35,,n_v,whip,FORM,,MASTER,0,0,0,,,,,0,0,0,ESDB_V0_4
11578,11796,wii,-12.296,0,NOT_EXACT_EN_US,,,,,,,REJECTED_AUTO,0,0,0,,,,,0,0,0,ESDB_V0_4
11579,11797,zen,-12.296,0,CASE_FREQ_COLLISION,50,50,m,zen,LEMMA,,REJECTED_AUTO,0,0,0,,,,,0,0,0,ESDB_V0_4
11580,11799,abdul,-12.3181,0,NOT_EXACT_EN_US,,,,,,,REJECTED_AUTO,0,0,0,,,,,0,0,0,ESDB_V0_4
11581,11800,addict,-12.3181,1,PASS,35,,n_v,addict,LEMMA,,MASTER,0,1,1,,,,addicts,0,1,1,ESDB_V0_4
11582,11801,adobe,-12.3181,1,PASS,35,,n,adobe,LEMMA,,MASTER,0,0,0,,,,,0,0,0,ESDB_V0_4
11583,11802,algebra,-12.3181,1,PASS,35,,n,algebra,LEMMA,,MASTER,0,0,0,,,,,0,0,0,ESDB_V0_4
11584,11803,announcements,-12.3181,1,PASS,35,,n,announcement,FORM,,MASTER,0,1,0,,announcement,,,1,0,0,ESDB_V0_4
11585,11804,astonishing,-12.3181,1,PASS,35,,v;aj,astonish;astonishing,FORM;LEMMA,,MASTER,0,0,0,,,,,0,0,0,ESDB_V0_4
11586,11805,astronomy,-12.3181,1,PASS,35,,n,astronomy,LEMMA,,MASTER,0,0,0,,,,,0,0,0,ESDB_V0_4
11587,11806,attain,-12.3181,1,PASS,35,,v,attain,LEMMA,,MASTER,0,0,0,,,,,0,0,0,ESDB_V0_4
11588,11807,attendant,-12.3181,1,PASS,35,,n;aj,attendant,LEMMA,,MASTER,0,1,1,,,,attendants,0,1,1,ESDB_V0_4
11589,11808,attracts,-12.3181,1,PASS,35,,v,attract,FORM,,MASTER,0,1,0,,attract,,,1,0,0,ESDB_V0_4
11590,11810,avoidance,-12.3181,1,PASS,35,,n,avoidance,LEMMA,,MASTER,0,0,0,,,,,0,0,0,ESDB_V0_4
11591,11811,bali,-12.3181,0,NOT_EXACT_EN_US,,,,,,,REJECTED_AUTO,0,0,0,,,,,0,0,0,ESDB_V0_4
11592,11812,bart,-12.3181,0,NOT_EXACT_EN_US,,,,,,,REJECTED_AUTO,0,0,0,,,,,0,0,0,ESDB_V0_4
11593,11813,basel,-12.3181,0,NOT_EXACT_EN_US,,,,,,,REJECTED_AUTO,0,0,0,,,,,0,0,0,ESDB_V0_4
11594,11814,boiled,-12.3181,1,PASS,35,,n_v;aj,boil;boiled,FORM;LEMMA,,MASTER,0,0,0,,,,,0,0,0,ESDB_V0_4
11595,11815,boulevard,-12.3181,1,PASS,35,,n,boulevard,LEMMA,,MASTER,0,0,0,,,,,0,0,0,ESDB_V0_4
11596,11816,branding,-12.3181,1,PASS,35,,n_v;n,brand;branding,FORM;LEMMA,,MASTER,0,0,0,,,,,0,0,0,ESDB_V0_4
11597,11817,breeds,-12.3181,1,PASS,35,,n_v,breed,FORM,,MASTER,0,1,0,,breed,,,1,0,0,ESDB_V0_4
11598,11818,brendan,-12.3181,0,NOT_EXACT_EN_US,,,,,,,REJECTED_AUTO,0,0,0,,,,,0,0,0,ESDB_V0_4
11599,11819,calf,-12.3181,1,PASS,35,,n,calf,LEMMA,,MASTER,0,0,0,,,,,0,0,0,ESDB_V0_4
11600,11820,cancellation,-12.3181,1,PASS,35,,n,cancellation,LEMMA,,MASTER,0,0,0,,,,,0,0,0,ESDB_V0_4
11601,11821,caption,-12.3181,1,PASS,35,,n_v,caption,LEMMA,,MASTER,0,0,0,,,,,0,0,0,ESDB_V0_4
11602,11822,captures,-12.3181,1,PASS,35,,n_v,capture,FORM,,MASTER,0,1,0,,capture,,,1,0,0,ESDB_V0_4
11603,11823,carlton,-12.3181,0,NOT_EXACT_EN_US,,,,,,,REJECTED_AUTO,0,0,0,,,,,0,0,0,ESDB_V0_4
11604,11824,champs,-12.3181,1,PASS,35,,n_v,champ,FORM,,MASTER,0,1,0,,champ,,,1,0,0,ESDB_V0_4
11605,11825,chew,-12.3181,1,PASS,35,,n_v,chew,LEMMA,,MASTER,0,0,0,,,,,0,0,0,ESDB_V0_4
11606,11826,circumstance,-12.3181,1,PASS,35,,n_v,circumstance,LEMMA,,MASTER,0,1,1,,,,circumstances,0,1,1,ESDB_V0_4
11607,11827,classy,-12.3181,1,PASS,35,,aj,classy,LEMMA,,MASTER,0,1,0,,class,,,1,0,0,ESDB_V0_4
11608,11828,commentator,-12.3181,1,PASS,35,,n,commentator,LEMMA,,MASTER,0,1,1,,,,commentators,0,1,1,ESDB_V0_4
11609,11829,communicated,-12.3181,1,PASS,35,,v,communicate,FORM,,MASTER,0,1,0,,communicate,,,1,0,0,ESDB_V0_4
11610,11830,constituent,-12.3181,1,PASS,35,,n;aj,constituent,LEMMA,,MASTER,0,1,1,,,,constituents,0,1,1,ESDB_V0_4
11611,11831,contributors,-12.3181,1,PASS,35,,n,contributor,FORM,,MASTER,0,1,0,,contributor,,,1,0,0,ESDB_V0_4
11612,11832,cork,-12.3181,1,PASS,35,60,n_v;a,cork,LEMMA,,MASTER,0,0,0,,,,,0,0,0,ESDB_V0_4
11613,11833,cursed,-12.3181,1,PASS,35,,n_v;aj,curse;cursed,FORM;LEMMA,,MASTER,0,1,0,,curse,,,1,0,0,ESDB_V0_4
11614,11834,daring,-12.3181,1,PASS,35,,v;n,dare;daring,FORM;LEMMA,,MASTER,0,0,0,,,,,0,0,0,ESDB_V0_4
11615,11835,digest,-12.3181,1,PASS,35,,n_v,digest,LEMMA,,MASTER,0,0,0,,,,,0,0,0,ESDB_V0_4
11616,11836,distorted,-12.3181,1,PASS,35,,v;aj,distort;distorted,FORM;LEMMA,,MASTER,0,0,0,,,,,0,0,0,ESDB_V0_4
11617,11837,dixon,-12.3181,0,NOT_EXACT_EN_US,,,,,,,REJECTED_AUTO,0,0,0,,,,,0,0,0,ESDB_V0_4
11618,11838,dolphin,-12.3181,1,PASS,35,,n,dolphin,LEMMA,,MASTER,0,1,1,,,,dolphins,0,1,1,ESDB_V0_4
11619,11839,dove,-12.3181,1,PASS,35,,n_v;n,dive;dove,FORM;LEMMA,,MASTER,0,0,0,,,,,0,0,0,ESDB_V0_4
11620,11840,dreadful,-12.3181,1,PASS,35,,aj,dreadful,LEMMA,,MASTER,0,0,0,,,,,0,0,0,ESDB_V0_4
11621,11841,durable,-12.3181,1,PASS,35,,aj,durable,LEMMA,,MASTER,0,0,0,,,,,0,0,0,ESDB_V0_4
11622,11842,electorate,-12.3181,1,PASS,35,,n,electorate,LEMMA,,MASTER,0,0,0,,,,,0,0,0,ESDB_V0_4
11623,11843,ella,-12.3181,0,NOT_EXACT_EN_US,,,,,,,REJECTED_AUTO,0,0,0,,,,,0,0,0,ESDB_V0_4
11624,11844,endorsement,-12.3181,1,PASS,35,,n,endorsement,LEMMA,,MASTER,0,0,0,,,,,0,0,0,ESDB_V0_4
11625,11845,engineered,-12.3181,1,PASS,35,,n_v,engineer,FORM,,MASTER,0,0,0,,,,,0,0,0,ESDB_V0_4
11626,11846,facto,-12.3181,0,NOT_EXACT_EN_US,,,,,,,REJECTED_AUTO,0,0,0,,,,,0,0,0,ESDB_V0_4
11627,11847,fertile,-12.3181,1,PASS,35,,aj,fertile,LEMMA,,MASTER,0,0,0,,,,,0,0,0,ESDB_V0_4
11628,11848,fetch,-12.3181,1,PASS,35,,v,fetch,LEMMA,,MASTER,0,0,0,,,,,0,0,0,ESDB_V0_4
11629,11849,flank,-12.3181,1,PASS,35,,n_v,flank,LEMMA,,MASTER,0,0,0,,,,,0,0,0,ESDB_V0_4
11630,11850,flyers,-12.3181,0,NOT_EXACT_EN_US,,,,,,,REJECTED_AUTO,0,0,0,,,,,0,0,0,ESDB_V0_4
11631,11851,folding,-12.3181,1,PASS,35,,n_v;n;aj,fold;folding,FORM;LEMMA,,MASTER,0,0,0,,,,,0,0,0,ESDB_V0_4
11632,11852,gala,-12.3181,1,PASS,35,,n;a,gala,LEMMA,,MASTER,0,1,0,,gal,,,1,0,0,ESDB_V0_4
11633,11853,genres,-12.3181,1,PASS,35,,n,genre,FORM,,MASTER,0,1,0,,genre,,,1,0,0,ESDB_V0_4
11634,11854,glucose,-12.3181,1,PASS,35,,n,glucose,LEMMA,,MASTER,0,0,0,,,,,0,0,0,ESDB_V0_4
11635,11855,goodwill,-12.3181,1,PASS,35,50,n,goodwill,LEMMA,,MASTER,0,0,0,,,,,0,0,0,ESDB_V0_4
11636,11856,greeting,-12.3181,1,PASS,35,,v;n,greet;greeting,FORM;LEMMA,,MASTER,0,1,1,,,,greetings,0,1,1,ESDB_V0_4
11637,11857,grenade,-12.3181,1,PASS,35,,n,grenade,LEMMA,,MASTER,0,1,1,,,,grenades,0,1,1,ESDB_V0_4
11638,11858,groove,-12.3181,1,PASS,35,,n_v,groove,LEMMA,,MASTER,0,0,0,,,,,0,0,0,ESDB_V0_4
11639,11859,gus,-12.3181,0,NOT_EXACT_EN_US,,,,,,,REJECTED_AUTO,0,0,0,,,,,0,0,0,ESDB_V0_4
11640,11860,hal,-12.3181,0,NOT_EXACT_EN_US,,,,,,,REJECTED_AUTO,0,0,0,,,,,0,0,0,ESDB_V0_4
11641,11861,hastings,-12.3181,0,NOT_EXACT_EN_US,,,,,,,REJECTED_AUTO,0,0,0,,,,,0,0,0,ESDB_V0_4
11642,11862,hedge,-12.3181,1,PASS,35,,n_v,hedge,LEMMA,,MASTER,0,1,0,edge,,,,1,0,0,ESDB_V0_4
11643,11863,hilton,-12.3181,0,NOT_EXACT_EN_US,,,,,,,REJECTED_AUTO,0,0,0,,,,,0,0,0,ESDB_V0_4
11644,11864,homemade,-12.3181,1,PASS,35,,aj,homemade,LEMMA,,MASTER,0,0,0,,,,,0,0,0,ESDB_V0_4
11645,11865,hostility,-12.3181,1,PASS,35,,n,hostility,LEMMA,,MASTER,0,0,0,,,,,0,0,0,ESDB_V0_4
11646,11866,https,-12.3181,0,NOT_EXACT_EN_US,,,,,,,REJECTED_AUTO,0,0,0,,,,,0,0,0,ESDB_V0_4
11647,11867,hyde,-12.3181,0,NOT_EXACT_EN_US,,,,,,,REJECTED_AUTO,0,0,0,,,,,0,0,0,ESDB_V0_4
11648,11868,icc,-12.3181,0,NOT_EXACT_EN_US,,,,,,,REJECTED_AUTO,0,0,0,,,,,0,0,0,ESDB_V0_4
11649,11869,inflammatory,-12.3181,1,PASS,35,,aj,inflammatory,LEMMA,,MASTER,0,0,0,,,,,0,0,0,ESDB_V0_4
11650,11870,inhabited,-12.3181,1,PASS,35,,v;aj,inhabit;inhabited,FORM;LEMMA,,MASTER,0,0,0,,,,,0,0,0,ESDB_V0_4
11651,11871,inscription,-12.3181,1,PASS,35,,n,inscription,LEMMA,,MASTER,0,1,1,,,,inscriptions,0,1,1,ESDB_V0_4
11652,11872,intentional,-12.3181,1,PASS,35,,aj,intentional,LEMMA,,MASTER,0,0,0,,,,,0,0,0,ESDB_V0_4
11653,11873,intercourse,-12.3181,1,PASS,35,,n,intercourse,LEMMA,,MASTER,0,0,0,,,,,0,0,0,ESDB_V0_4
11654,11874,interpreter,-12.3181,1,PASS,35,,n,interpreter,LEMMA,,MASTER,0,0,0,,,,,0,0,0,ESDB_V0_4
11655,11875,intuitive,-12.3181,1,PASS,35,,aj,intuitive,LEMMA,,MASTER,0,0,0,,,,,0,0,0,ESDB_V0_4
11656,11876,julius,-12.3181,0,NOT_EXACT_EN_US,,,,,,,REJECTED_AUTO,0,0,0,,,,,0,0,0,ESDB_V0_4
11657,11877,jumper,-12.3181,1,PASS,35,,n,jumper,LEMMA,,MASTER,0,1,1,,,,jumpers,0,1,1,ESDB_V0_4
11658,11878,kernel,-12.3181,1,PASS,35,,n,kernel,LEMMA,,MASTER,0,0,0,,,,,0,0,0,ESDB_V0_4
11659,11879,knots,-12.3181,1,PASS,35,,n_v,knot,FORM,,MASTER,0,1,0,,knot,,,1,0,0,ESDB_V0_4
11660,11880,kosovo,-12.3181,0,NOT_EXACT_EN_US,,,,,,,REJECTED_AUTO,0,0,0,,,,,0,0,0,ESDB_V0_4
11661,11881,latitude,-12.3181,1,PASS,35,,n,latitude,LEMMA,,MASTER,0,0,0,,,,,0,0,0,ESDB_V0_4
11662,11882,lawful,-12.3181,1,PASS,35,,aj,lawful,LEMMA,,MASTER,0,1,0,awful,,,,1,0,0,ESDB_V0_4
11663,11883,liner,-12.3181,1,PASS,35,,n,liner,LEMMA,,MASTER,0,1,1,,line,,liners,1,1,1,ESDB_V0_4
11664,11884,litter,-12.3181,1,PASS,35,,n_v,litter,LEMMA,,MASTER,0,1,1,,,glitter,,0,1,0,ESDB_V0_4
11665,11885,louisville,-12.3181,0,NOT_EXACT_EN_US,,,,,,,REJECTED_AUTO,0,0,0,,,,,0,0,0,ESDB_V0_4
11666,11886,malicious,-12.3181,1,PASS,35,,aj,malicious,LEMMA,,MASTER,0,0,0,,,,,0,0,0,ESDB_V0_4
11667,11887,manuscripts,-12.3181,1,PASS,35,,n,manuscript,FORM,,MASTER,0,1,0,,manuscript,,,1,0,0,ESDB_V0_4
11668,11888,marketed,-12.3181,1,PASS,35,,n_v,market,FORM,,MASTER,0,0,0,,,,,0,0,0,ESDB_V0_4
11669,11889,martinez,-12.3181,0,NOT_EXACT_EN_US,,,,,,,REJECTED_AUTO,0,0,0,,,,,0,0,0,ESDB_V0_4
11670,11890,mil,-12.3181,1,PASS,50,60,n,mil,LEMMA,,MASTER,0,1,1,,,,milk;mile;mill;mild,0,4,0,ESDB_V0_4
11671,11891,mosaic,-12.3181,1,PASS,35,50,n;a,mosaic,LEMMA,,MASTER,0,0,0,,,,,0,0,0,ESDB_V0_4
11672,11892,mute,-12.3181,1,PASS,35,,n_v;aj,mute,LEMMA,,MASTER,0,1,1,,,,muted,0,1,1,ESDB_V0_4
11673,11893,mythology,-12.3181,1,PASS,35,,n,mythology,LEMMA,,MASTER,0,0,0,,,,,0,0,0,ESDB_V0_4
11674,11894,nobility,-12.3181,1,PASS,35,,n,nobility,LEMMA,,MASTER,0,0,0,,,,,0,0,0,ESDB_V0_4
11675,11895,northwestern,-12.3181,1,PASS,35,,aj,northwestern,LEMMA,,MASTER,0,0,0,,,,,0,0,0,ESDB_V0_4
11676,11896,notch,-12.3181,1,PASS,35,,n_v,notch,LEMMA,,MASTER,0,0,0,,,,,0,0,0,ESDB_V0_4
11677,11897,nottingham,-12.3181,0,NOT_EXACT_EN_US,,,,,,,REJECTED_AUTO,0,0,0,,,,,0,0,0,ESDB_V0_4
11678,11898,nz,-12.3181,0,NOT_EXACT_EN_US,,,,,,,REJECTED_AUTO,0,0,0,,,,,0,0,0,ESDB_V0_4
11679,11900,obese,-12.3181,1,PASS,35,,aj,obese,LEMMA,,MASTER,0,0,0,,,,,0,0,0,ESDB_V0_4
11680,11901,oneself,-12.3181,1,PASS,35,,pn,one,FORM,,MASTER,0,0,0,,,,,0,0,0,ESDB_V0_4
11681,11902,outlines,-12.3181,1,PASS,35,,n_v,outline,FORM,,MASTER,0,1,0,,outline,,,1,0,0,ESDB_V0_4
11682,11903,packers,-12.3181,1,PASS,35,,n,packer,FORM,,MASTER,0,0,0,,,,,0,0,0,ESDB_V0_4
11683,11904,paired,-12.3181,1,PASS,35,,v;aj,pair;paired,FORM;LEMMA,,MASTER,0,1,0,aired,,,,1,0,0,ESDB_V0_4
11684,11905,pcs,-12.3181,0,NOT_EXACT_EN_US,,,,,,,REJECTED_AUTO,0,0,0,,,,,0,0,0,ESDB_V0_4
11685,11906,pe,-12.3181,0,NOT_EXACT_EN_US,,,,,,,REJECTED_AUTO,0,0,0,,,,,0,0,0,ESDB_V0_4
11686,11907,pedal,-12.3181,1,PASS,35,,n_v;aj,pedal,LEMMA,,MASTER,0,0,0,,,,,0,0,0,ESDB_V0_4
11687,11908,pentagon,-12.3181,1,PASS,35,40,n,pentagon,LEMMA,,MASTER,0,0,0,,,,,0,0,0,ESDB_V0_4
11688,11909,podium,-12.3181,1,PASS,35,,n,podium,LEMMA,,MASTER,0,0,0,,,,,0,0,0,ESDB_V0_4
11689,11910,pointer,-12.3181,1,PASS,35,,n,pointer,LEMMA,,MASTER,0,1,1,,,,pointers,0,1,1,ESDB_V0_4
11690,11911,poop,-12.3181,1,PASS,35,,n_v,poop,LEMMA,,MASTER,0,1,0,,poo,,,1,0,0,ESDB_V0_4
11691,11912,porsche,-12.3181,0,NOT_EXACT_EN_US,,,,,,,REJECTED_AUTO,0,0,0,,,,,0,0,0,ESDB_V0_4
11692,11913,preacher,-12.3181,1,PASS,35,,n,preacher,LEMMA,,MASTER,0,0,0,,,,,0,0,0,ESDB_V0_4
11693,11914,progressed,-12.3181,1,PASS,35,,v,progress,FORM,,MASTER,0,0,0,,,,,0,0,0,ESDB_V0_4
11694,11915,prose,-12.3181,1,PASS,35,,n;a,prose,LEMMA,,MASTER,0,1,0,rose,pros,,,2,0,0,ESDB_V0_4
11695,11916,provoked,-12.3181,1,PASS,35,,v;aj,provoke;provoked,FORM;LEMMA,,MASTER,0,1,0,,provoke,,,1,0,0,ESDB_V0_4
11696,11917,puck,-12.3181,1,PASS,35,50,n,puck,LEMMA,,MASTER,0,0,0,,,,,0,0,0,ESDB_V0_4
11697,11918,query,-12.3181,1,PASS,35,,n_v,query,LEMMA,,MASTER,0,0,0,,,,,0,0,0,ESDB_V0_4
11698,11919,raging,-12.3181,1,PASS,35,,n_v;aj,rage;raging,FORM;LEMMA,,MASTER,0,1,0,aging,,,,1,0,0,ESDB_V0_4
11699,11920,ramsey,-12.3181,0,NOT_EXACT_EN_US,,,,,,,REJECTED_AUTO,0,0,0,,,,,0,0,0,ESDB_V0_4
11700,11921,rationale,-12.3181,1,PASS,35,,n,rationale,LEMMA,,MASTER,0,1,0,,rational,,,1,0,0,ESDB_V0_4
11701,11922,ratios,-12.3181,1,PASS,35,,n,ratio,FORM,,MASTER,0,1,0,,ratio,,,1,0,0,ESDB_V0_4
11702,11923,regulating,-12.3181,1,PASS,35,,v;n,regulate;regulating,FORM;LEMMA,,MASTER,0,0,0,,,,,0,0,0,ESDB_V0_4
11703,11924,repay,-12.3181,1,PASS,35,,v,repay,LEMMA,,MASTER,0,0,0,,,,,0,0,0,ESDB_V0_4
11704,11925,rodney,-12.3181,0,NOT_EXACT_EN_US,,,,,,,REJECTED_AUTO,0,0,0,,,,,0,0,0,ESDB_V0_4
11705,11926,rubbing,-12.3181,1,PASS,35,,n_v;n,rub;rubbing,FORM;LEMMA,,MASTER,0,0,0,,,,,0,0,0,ESDB_V0_4
11706,11927,rupert,-12.3181,0,NOT_EXACT_EN_US,,,,,,,REJECTED_AUTO,0,0,0,,,,,0,0,0,ESDB_V0_4
11707,11928,ruthless,-12.3181,1,PASS,35,,aj,ruthless,LEMMA,,MASTER,0,0,0,,,,,0,0,0,ESDB_V0_4
11708,11929,sarcastic,-12.3181,1,PASS,35,,aj,sarcastic,LEMMA,,MASTER,0,0,0,,,,,0,0,0,ESDB_V0_4
11709,11930,scrub,-12.3181,1,PASS,35,,n_v;aj,scrub,LEMMA,,MASTER,0,0,0,,,,,0,0,0,ESDB_V0_4
11710,11931,shaken,-12.3181,1,PASS,35,,n_v;aj,shake;shaken,FORM;LEMMA,,MASTER,0,1,0,,shake,,,1,0,0,ESDB_V0_4
11711,11932,shutting,-12.3181,1,PASS,35,,v;n,shut;shutting,FORM;LEMMA,,MASTER,0,0,0,,,,,0,0,0,ESDB_V0_4
11712,11933,smokers,-12.3181,1,PASS,35,,n,smoker,FORM,,MASTER,0,1,0,,smoker,,,1,0,0,ESDB_V0_4
11713,11934,societal,-12.3181,1,PASS,50,,aj,societal,LEMMA,,MASTER,0,0,0,,,,,0,0,0,ESDB_V0_4
11714,11935,sonny,-12.3181,0,CASE_FREQ_COLLISION,50,50,n,sonny,LEMMA,,REJECTED_AUTO,0,0,0,,,,,0,0,0,ESDB_V0_4
11715,11936,soy,-12.3181,1,PASS,50,,n,soy,LEMMA,,MASTER,0,1,0,,so,,,1,0,0,ESDB_V0_4
11716,11937,speeding,-12.3181,1,PASS,35,,n_v;n,speed;speeding,FORM;LEMMA,,MASTER,0,0,0,,,,,0,0,0,ESDB_V0_4
11717,11938,stevie,-12.3181,0,NOT_EXACT_EN_US,,,,,,,REJECTED_AUTO,0,0,0,,,,,0,0,0,ESDB_V0_4
11718,11939,strangely,-12.3181,1,PASS,35,,av,strangely,LEMMA,,MASTER,0,0,0,,,,,0,0,0,ESDB_V0_4
11719,11940,stylish,-12.3181,1,PASS,35,,aj,stylish,LEMMA,,MASTER,0,0,0,,,,,0,0,0,ESDB_V0_4
11720,11941,subsidy,-12.3181,1,PASS,35,,n,subsidy,LEMMA,,MASTER,0,0,0,,,,,0,0,0,ESDB_V0_4
11721,11942,swelling,-12.3181,1,PASS,35,,n_v;n,swell;swelling,FORM;LEMMA,,MASTER,0,0,0,,,,,0,0,0,ESDB_V0_4
11722,11943,takeover,-12.3181,1,PASS,35,,n,takeover,LEMMA,,MASTER,0,0,0,,,,,0,0,0,ESDB_V0_4
11723,11944,tapping,-12.3181,1,PASS,35,,n_v;n,tap;tapping,FORM;LEMMA,,MASTER,0,0,0,,,,,0,0,0,ESDB_V0_4
11724,11945,temporal,-12.3181,1,PASS,35,,aj,temporal,LEMMA,,MASTER,0,0,0,,,,,0,0,0,ESDB_V0_4
11725,11946,theo,-12.3181,0,NOT_EXACT_EN_US,,,,,,,REJECTED_AUTO,0,0,0,,,,,0,0,0,ESDB_V0_4
11726,11947,thor,-12.3181,0,NOT_EXACT_EN_US,,,,,,,REJECTED_AUTO,0,0,0,,,,,0,0,0,ESDB_V0_4
11727,11948,thumbs,-12.3181,1,PASS,35,,n_v,thumb,FORM,,MASTER,0,1,0,,thumb,,,1,0,0,ESDB_V0_4
11728,11949,tipped,-12.3181,1,PASS,35,,n_v;aj,tip;tipped,FORM;LEMMA,,MASTER,0,0,0,,,,,0,0,0,ESDB_V0_4
11729,11950,toby,-12.3181,0,NOT_EXACT_EN_US,,,,,,,REJECTED_AUTO,0,0,0,,,,,0,0,0,ESDB_V0_4
11730,11951,towels,-12.3181,1,PASS,35,,n_v,towel,FORM,,MASTER,0,1,0,,towel,,,1,0,0,ESDB_V0_4
11731,11952,trustee,-12.3181,1,PASS,35,,n,trustee,LEMMA,,MASTER,0,1,1,,,,trustees,0,1,1,ESDB_V0_4
11732,11953,turbine,-12.3181,1,PASS,35,,n,turbine,LEMMA,,MASTER,0,1,1,,,,turbines,0,1,1,ESDB_V0_4
11733,11954,tutor,-12.3181,1,PASS,35,,n_v,tutor,LEMMA,,MASTER,0,0,0,,,,,0,0,0,ESDB_V0_4
11734,11955,unanimous,-12.3181,1,PASS,35,,aj,unanimous,LEMMA,,MASTER,0,0,0,,,,,0,0,0,ESDB_V0_4
11735,11956,unlawful,-12.3181,1,PASS,35,,aj,unlawful,LEMMA,,MASTER,0,0,0,,,,,0,0,0,ESDB_V0_4
11736,11957,unlucky,-12.3181,1,PASS,35,,aj,unlucky,LEMMA,,MASTER,0,0,0,,,,,0,0,0,ESDB_V0_4
11737,11958,unpaid,-12.3181,1,PASS,35,,aj,unpaid,LEMMA,,MASTER,0,0,0,,,,,0,0,0,ESDB_V0_4
11738,11959,unsafe,-12.3181,1,PASS,35,,aj,unsafe,LEMMA,,MASTER,0,0,0,,,,,0,0,0,ESDB_V0_4
11739,11960,upgrading,-12.3181,1,PASS,35,,n_v,upgrade,FORM,,MASTER,0,0,0,,,,,0,0,0,ESDB_V0_4
11740,11961,upheld,-12.3181,1,PASS,35,,v,uphold,FORM,,MASTER,0,0,0,,,,,0,0,0,ESDB_V0_4
11741,11962,uv,-12.3181,0,NOT_EXACT_EN_US,,,,,,,REJECTED_AUTO,0,0,0,,,,,0,0,0,ESDB_V0_4
11742,11963,valentine,-12.3181,1,PASS,35,50,n,valentine,LEMMA,,MASTER,0,0,0,,,,,0,0,0,ESDB_V0_4
11743,11964,vibrant,-12.3181,1,PASS,35,,aj,vibrant,LEMMA,,MASTER,0,0,0,,,,,0,0,0,ESDB_V0_4
11744,11965,vomiting,-12.3181,1,PASS,35,,v,vomit,FORM,,MASTER,0,0,0,,,,,0,0,0,ESDB_V0_4
11745,11966,wakes,-12.3181,1,PASS,35,,n_v,wake,FORM,,MASTER,0,1,0,,wake,,,1,0,0,ESDB_V0_4
11746,11967,wander,-12.3181,1,PASS,35,,v,wander,LEMMA,,MASTER,0,0,0,,,,,0,0,0,ESDB_V0_4
11747,11968,warns,-12.3181,1,PASS,35,,v,warn,FORM,,MASTER,0,1,0,,warn,,,1,0,0,ESDB_V0_4
11748,11969,warrants,-12.3181,1,PASS,35,,n_v,warrant,FORM,,MASTER,0,1,0,,warrant,,,1,0,0,ESDB_V0_4
11749,11970,whitney,-12.3181,0,NOT_EXACT_EN_US,,,,,,,REJECTED_AUTO,0,0,0,,,,,0,0,0,ESDB_V0_4
11750,11971,willis,-12.3181,0,NOT_EXACT_EN_US,,,,,,,REJECTED_AUTO,0,0,0,,,,,0,0,0,ESDB_V0_4
11751,11972,willy,-12.3181,0,CASE_FREQ_COLLISION,60,50,n,willy,LEMMA,,REJECTED_AUTO,0,0,0,,,,,0,0,0,ESDB_V0_4
11752,11973,withstand,-12.3181,1,PASS,35,,v,withstand,LEMMA,,MASTER,0,0,0,,,,,0,0,0,ESDB_V0_4
11753,11974,wong,-12.3181,0,NOT_EXACT_EN_US,,,,,,,REJECTED_AUTO,0,0,0,,,,,0,0,0,ESDB_V0_4
11754,11975,wording,-12.3181,1,PASS,35,,n_v;n,word;wording,FORM;LEMMA,,MASTER,0,0,0,,,,,0,0,0,ESDB_V0_4
11755,11976,zoe,-12.3181,0,NOT_EXACT_EN_US,,,,,,,REJECTED_AUTO,0,0,0,,,,,0,0,0,ESDB_V0_4
11756,11978,aaa,-12.3407,0,NOT_EXACT_EN_US,,,,,,,REJECTED_AUTO,0,0,0,,,,,0,0,0,ESDB_V0_4
11757,11979,acc,-12.3407,0,NOT_EXACT_EN_US,,,,,,,REJECTED_AUTO,0,0,0,,,,,0,0,0,ESDB_V0_4
11758,11980,accustomed,-12.3407,1,PASS,35,,v;aj,accustom;accustomed,FORM;LEMMA,,MASTER,0,0,0,,,,,0,0,0,ESDB_V0_4
11759,11981,admin,-12.3407,0,NO_ESDB_GENERAL_EVIDENCE,,,,,,,REJECTED_AUTO,0,0,0,,,,,0,0,0,ESDB_V0_4
11760,11982,alliances,-12.3407,1,PASS,35,,n,alliance,FORM,,MASTER,0,1,0,,alliance,,,1,0,0,ESDB_V0_4
11761,11983,amounted,-12.3407,1,PASS,35,,n_v,amount,FORM,,MASTER,0,1,0,mounted,,,,1,0,0,ESDB_V0_4
11762,11984,analytics,-12.3407,1,PASS,60,,n,analytics,LEMMA,,MASTER,0,1,0,,analytic,,,1,0,0,ESDB_V0_4
11763,11985,anthropology,-12.3407,1,PASS,35,,n,anthropology,LEMMA,,MASTER,0,0,0,,,,,0,0,0,ESDB_V0_4
11764,11986,argentine,-12.3407,0,NOT_EXACT_EN_US,,,,,,,REJECTED_AUTO,0,0,0,,,,,0,0,0,ESDB_V0_4
11765,11987,averaging,-12.3407,1,PASS,35,,n_v,average,FORM,,MASTER,0,0,0,,,,,0,0,0,ESDB_V0_4
11766,11988,bakery,-12.3407,1,PASS,35,,n,bakery,LEMMA,,MASTER,0,1,0,,baker,,,1,0,0,ESDB_V0_4
11767,11989,balances,-12.3407,1,PASS,35,,n_v,balance,FORM,,MASTER,0,1,0,,balance,,,1,0,0,ESDB_V0_4
11768,11990,bans,-12.3407,1,PASS,35,,v;n,ban,FORM,,MASTER,0,1,0,,ban,,,1,0,0,ESDB_V0_4
11769,11991,bastards,-12.3407,1,PASS,35,,n,bastard,FORM,,MASTER,0,1,0,,bastard,,,1,0,0,ESDB_V0_4
11770,11992,beforehand,-12.3407,1,PASS,35,,aj_av,beforehand,LEMMA,,MASTER,0,0,0,,,,,0,0,0,ESDB_V0_4
11771,11993,benchmark,-12.3407,1,PASS,40,,n,benchmark,LEMMA,,MASTER,0,1,1,,,,benchmarks,0,1,1,ESDB_V0_4
11772,11994,betrayal,-12.3407,1,PASS,35,,n,betrayal,LEMMA,,MASTER,0,0,0,,,,,0,0,0,ESDB_V0_4
11773,11995,beverage,-12.3407,1,PASS,35,,n,beverage,LEMMA,,MASTER,0,1,1,,,,beverages,0,1,1,ESDB_V0_4
11774,11996,blockade,-12.3407,1,PASS,35,,n_v,blockade,LEMMA,,MASTER,0,0,0,,,,,0,0,0,ESDB_V0_4
11775,11997,bolivia,-12.3407,0,NOT_EXACT_EN_US,,,,,,,REJECTED_AUTO,0,0,0,,,,,0,0,0,ESDB_V0_4
11776,11998,broadcasters,-12.3407,1,PASS,40,,n,broadcaster,FORM,,MASTER,0,1,0,,broadcaster,,,1,0,0,ESDB_V0_4
11777,11999,burgers,-12.3407,0,NO_ESDB_GENERAL_EVIDENCE,,,,,,,REJECTED_AUTO,0,0,0,,,,,0,0,0,ESDB_V0_4
11778,12000,businessmen,-12.3407,1,PASS,35,,n,businessman,FORM,,MASTER,0,0,0,,,,,0,0,0,ESDB_V0_4
11779,12001,caffeine,-12.3407,1,PASS,35,,n,caffeine,LEMMA,,MASTER,0,0,0,,,,,0,0,0,ESDB_V0_4
11780,12002,capped,-12.3407,1,PASS,35,,n_v,cap,FORM,,MASTER,0,0,0,,,,,0,0,0,ESDB_V0_4
11781,12003,captivity,-12.3407,1,PASS,35,,n,captivity,LEMMA,,MASTER,0,0,0,,,,,0,0,0,ESDB_V0_4
11782,12004,cbc,-12.3407,0,NOT_EXACT_EN_US,,,,,,,REJECTED_AUTO,0,0,0,,,,,0,0,0,ESDB_V0_4
11783,12005,chalk,-12.3407,1,PASS,35,,n_v;a,chalk,LEMMA,,MASTER,0,0,0,,,,,0,0,0,ESDB_V0_4
11784,12006,charleston,-12.3407,0,NOT_EXACT_EN_US,,,,,,,REJECTED_AUTO,0,0,0,,,,,0,0,0,ESDB_V0_4
11785,12007,christie,-12.3407,0,NOT_EXACT_EN_US,,,,,,,REJECTED_AUTO,0,0,0,,,,,0,0,0,ESDB_V0_4
11786,12008,cigar,-12.3407,1,PASS,35,,n,cigar,LEMMA,,MASTER,0,1,1,,,,cigars,0,1,1,ESDB_V0_4
11787,12009,classrooms,-12.3407,1,PASS,35,,n,classroom,FORM,,MASTER,0,1,0,,classroom,,,1,0,0,ESDB_V0_4
11788,12010,coating,-12.3407,1,PASS,35,,n_v;n,coat;coating,FORM;LEMMA,,MASTER,0,0,0,,,,,0,0,0,ESDB_V0_4
11789,12011,cocoa,-12.3407,1,PASS,35,,n,cocoa,LEMMA,,MASTER,0,1,0,,coco,,,1,0,0,ESDB_V0_4
11790,12012,colombian,-12.3407,0,NOT_EXACT_EN_US,,,,,,,REJECTED_AUTO,0,0,0,,,,,0,0,0,ESDB_V0_4
11791,12013,compartment,-12.3407,1,PASS,35,,n,compartment,LEMMA,,MASTER,0,1,1,,,,compartments,0,1,1,ESDB_V0_4
11792,12014,compliments,-12.3407,1,PASS,35,,n_v,compliment,FORM,,MASTER,0,1,0,,compliment,,,1,0,0,ESDB_V0_4
11793,12015,compositions,-12.3407,1,PASS,35,,n,composition,FORM,,MASTER,0,1,0,,composition,,,1,0,0,ESDB_V0_4
11794,12016,comprehend,-12.3407,1,PASS,35,,v,comprehend,LEMMA,,MASTER,0,0,0,,,,,0,0,0,ESDB_V0_4
11795,12017,conrad,-12.3407,0,NOT_EXACT_EN_US,,,,,,,REJECTED_AUTO,0,0,0,,,,,0,0,0,ESDB_V0_4
11796,12018,contexts,-12.3407,1,PASS,35,,n,context,FORM,,MASTER,0,1,0,,context,,,1,0,0,ESDB_V0_4
11797,12019,courtney,-12.3407,0,NOT_EXACT_EN_US,,,,,,,REJECTED_AUTO,0,0,0,,,,,0,0,0,ESDB_V0_4
11798,12020,crest,-12.3407,1,PASS,35,50,n_v,crest,LEMMA,,MASTER,0,1,0,rest,,,,1,0,0,ESDB_V0_4
11799,12021,criticisms,-12.3407,1,PASS,35,,n,criticism,FORM,,MASTER,0,1,0,,criticism,,,1,0,0,ESDB_V0_4
11800,12022,debated,-12.3407,1,PASS,35,,n_v,debate,FORM,,MASTER,0,1,0,,debate,,,1,0,0,ESDB_V0_4
11801,12023,deception,-12.3407,1,PASS,35,,n,deception,LEMMA,,MASTER,0,0,0,,,,,0,0,0,ESDB_V0_4
11802,12024,deduction,-12.3407,1,PASS,35,,n,deduction,LEMMA,,MASTER,0,1,1,,,,deductions,0,1,1,ESDB_V0_4
11803,12025,della,-12.3407,0,NOT_EXACT_EN_US,,,,,,,REJECTED_AUTO,0,0,0,,,,,0,0,0,ESDB_V0_4
11804,12026,denounced,-12.3407,1,PASS,35,,v,denounce,FORM,,MASTER,0,1,0,,denounce,,,1,0,0,ESDB_V0_4
11805,12027,dev,-12.3407,0,NOT_EXACT_EN_US,,,,,,,REJECTED_AUTO,0,0,0,,,,,0,0,0,ESDB_V0_4
11806,12028,diets,-12.3407,1,PASS,35,,n_v,diet,FORM,,MASTER,0,1,0,,diet,,,1,0,0,ESDB_V0_4
11807,12029,donkey,-12.3407,1,PASS,35,,n,donkey,LEMMA,,MASTER,0,0,0,,,,,0,0,0,ESDB_V0_4
11808,12030,drastic,-12.3407,1,PASS,35,,aj,drastic,LEMMA,,MASTER,0,0,0,,,,,0,0,0,ESDB_V0_4
11809,12031,drummer,-12.3407,1,PASS,35,,n,drummer,LEMMA,,MASTER,0,0,0,,,,,0,0,0,ESDB_V0_4
11810,12032,duel,-12.3407,1,PASS,35,,n_v,duel,LEMMA,,MASTER,0,1,0,,due,,,1,0,0,ESDB_V0_4
11811,12033,egyptians,-12.3407,0,NOT_EXACT_EN_US,,,,,,,REJECTED_AUTO,0,0,0,,,,,0,0,0,ESDB_V0_4
11812,12034,empirical,-12.3407,1,PASS,35,,aj,empirical,LEMMA,,MASTER,0,0,0,,,,,0,0,0,ESDB_V0_4
11813,12035,enlightenment,-12.3407,1,PASS,35,,n,enlightenment,LEMMA,,MASTER,0,0,0,,,,,0,0,0,ESDB_V0_4
11814,12036,ensured,-12.3407,1,PASS,35,,v,ensure,FORM,,MASTER,0,1,0,,ensure,,,1,0,0,ESDB_V0_4
11815,12037,erik,-12.3407,0,NOT_EXACT_EN_US,,,,,,,REJECTED_AUTO,0,0,0,,,,,0,0,0,ESDB_V0_4
11816,12038,europa,-12.3407,0,NOT_EXACT_EN_US,,,,,,,REJECTED_AUTO,0,0,0,,,,,0,0,0,ESDB_V0_4
11817,12039,expo,-12.3407,1,PASS,40,,n,expo,LEMMA,,MASTER,0,0,0,,,,,0,0,0,ESDB_V0_4
11818,12040,fined,-12.3407,1,PASS,35,,n_v,fine,FORM,,MASTER,0,1,0,,fine,,,1,0,0,ESDB_V0_4
11819,12041,forbid,-12.3407,1,PASS,35,,v,forbid,LEMMA;FORM,,MASTER,0,0,0,,,,,0,0,0,ESDB_V0_4
11820,12042,formulation,-12.3407,1,PASS,35,,n,formulation,LEMMA,,MASTER,0,0,0,,,,,0,0,0,ESDB_V0_4
11821,12043,fraternity,-12.3407,1,PASS,35,,n,fraternity,LEMMA,,MASTER,0,0,0,,,,,0,0,0,ESDB_V0_4
11822,12044,fulfil,-12.3407,0,NOT_EXACT_EN_US,,,,,,,REJECTED_AUTO,0,0,0,,,,,0,0,0,ESDB_V0_4
11823,12045,gamma,-12.3407,1,PASS,35,,n,gamma,LEMMA,,MASTER,0,0,0,,,,,0,0,0,ESDB_V0_4
11824,12046,gaze,-12.3407,1,PASS,35,,n_v,gaze,LEMMA,,MASTER,0,0,0,,,,,0,0,0,ESDB_V0_4
11825,12047,gee,-12.3407,1,PASS,35,,v;i,gee,LEMMA,,MASTER,0,1,1,,,,geek,0,1,0,ESDB_V0_4
11826,12048,generosity,-12.3407,1,PASS,35,,n,generosity,LEMMA,,MASTER,0,0,0,,,,,0,0,0,ESDB_V0_4
11827,12049,gibbs,-12.3407,0,NOT_EXACT_EN_US,,,,,,,REJECTED_AUTO,0,0,0,,,,,0,0,0,ESDB_V0_4
11828,12050,gin,-12.3407,1,PASS,35,,n;v,gin,LEMMA,,MASTER,0,1,0,in,,,,1,0,0,ESDB_V0_4
11829,12051,glowing,-12.3407,1,PASS,35,,n_v;n;aj,glow;glowing,FORM;LEMMA,,MASTER,0,0,0,,,,,0,0,0,ESDB_V0_4
11830,12052,gran,-12.3407,1,PASS,60,,n,gran,LEMMA,,MASTER,0,1,1,ran,,,grand;grant,1,2,0,ESDB_V0_4
11831,12053,hah,-12.3407,0,NOT_EXACT_EN_US,,,,,,,REJECTED_AUTO,0,0,0,,,,,0,0,0,ESDB_V0_4
11832,12054,harvested,-12.3407,1,PASS,35,,n_v,harvest,FORM,,MASTER,0,0,0,,,,,0,0,0,ESDB_V0_4
11833,12055,hereby,-12.3407,1,PASS,35,,av,hereby,LEMMA,,MASTER,0,1,1,,,thereby;whereby,,0,2,0,ESDB_V0_4
11834,12056,hmmm,-12.3407,0,NOT_EXACT_EN_US,,,,,,,REJECTED_AUTO,0,0,0,,,,,0,0,0,ESDB_V0_4
11835,12057,homage,-12.3407,1,PASS,35,,n,homage,LEMMA,,MASTER,0,0,0,,,,,0,0,0,ESDB_V0_4
11836,12058,hypothetical,-12.3407,1,PASS,35,,aj,hypothetical,LEMMA,,MASTER,0,0,0,,,,,0,0,0,ESDB_V0_4
11837,12059,inaccurate,-12.3407,1,PASS,35,,aj,inaccurate,LEMMA,,MASTER,0,0,0,,,,,0,0,0,ESDB_V0_4
11838,12060,inaugural,-12.3407,1,PASS,35,,n;aj,inaugural,LEMMA,,MASTER,0,0,0,,,,,0,0,0,ESDB_V0_4
11839,12061,indefinitely,-12.3407,1,PASS,35,,av,indefinitely,LEMMA,,MASTER,0,0,0,,,,,0,0,0,ESDB_V0_4
11840,12062,induction,-12.3407,1,PASS,35,,n,induction,LEMMA,,MASTER,0,0,0,,,,,0,0,0,ESDB_V0_4
11841,12063,infrared,-12.3407,1,PASS,35,,n;aj,infrared,LEMMA,,MASTER,0,0,0,,,,,0,0,0,ESDB_V0_4
11842,12064,instincts,-12.3407,1,PASS,35,,n,instinct,FORM,,MASTER,0,1,0,,instinct,,,1,0,0,ESDB_V0_4
11843,12065,invade,-12.3407,1,PASS,35,,v,invade,LEMMA,,MASTER,0,1,1,,,,invaded,0,1,1,ESDB_V0_4
11844,12066,irresponsible,-12.3407,1,PASS,35,,aj,irresponsible,LEMMA,,MASTER,0,0,0,,,,,0,0,0,ESDB_V0_4
11845,12067,jewels,-12.3407,1,PASS,35,,n_v,jewel,FORM,,MASTER,0,1,0,,jewel,,,1,0,0,ESDB_V0_4
11846,12068,kin,-12.3407,1,PASS,35,,n,kin,LEMMA,,MASTER,0,1,1,in,,skin;akin,kind;king,1,4,0,ESDB_V0_4
11847,12069,ln,-12.3407,0,NOT_EXACT_EN_US,,,,,,,REJECTED_AUTO,0,0,0,,,,,0,0,0,ESDB_V0_4
11848,12070,marcel,-12.3407,0,NOT_EXACT_EN_US,,,,,,,REJECTED_AUTO,0,0,0,,,,,0,0,0,ESDB_V0_4
11849,12071,marxist,-12.3407,0,NOT_EXACT_EN_US,,,,,,,REJECTED_AUTO,0,0,0,,,,,0,0,0,ESDB_V0_4
11850,12072,maximize,-12.3407,1,PASS,35,,v,maximize,LEMMA,,MASTER,0,0,0,,,,,0,0,0,ESDB_V0_4
11851,12073,meyer,-12.3407,0,NOT_EXACT_EN_US,,,,,,,REJECTED_AUTO,0,0,0,,,,,0,0,0,ESDB_V0_4
11852,12074,midway,-12.3407,1,PASS,35,50,n;aj_av,midway,LEMMA,,MASTER,0,0,0,,,,,0,0,0,ESDB_V0_4
11853,12075,milestone,-12.3407,1,PASS,35,,n,milestone,LEMMA,,MASTER,0,1,1,,,,milestones,0,1,1,ESDB_V0_4
11854,12076,mindset,-12.3407,1,PASS,60,,n,mindset,LEMMA,,MASTER,0,0,0,,,,,0,0,0,ESDB_V0_4
11855,12077,murdering,-12.3407,1,PASS,35,,n_v,murder,FORM,,MASTER,0,0,0,,,,,0,0,0,ESDB_V0_4
11856,12078,mutation,-12.3407,1,PASS,35,,n,mutation,LEMMA,,MASTER,0,1,1,,,,mutations,0,1,1,ESDB_V0_4
11857,12079,nam,-12.3407,0,NOT_EXACT_EN_US,,,,,,,REJECTED_AUTO,0,0,0,,,,,0,0,0,ESDB_V0_4
11858,12080,narrowly,-12.3407,1,PASS,35,,av,narrowly,LEMMA,,MASTER,0,0,0,,,,,0,0,0,ESDB_V0_4
11859,12081,newport,-12.3407,0,NOT_EXACT_EN_US,,,,,,,REJECTED_AUTO,0,0,0,,,,,0,0,0,ESDB_V0_4
11860,12082,optimism,-12.3407,1,PASS,35,,n,optimism,LEMMA,,MASTER,0,0,0,,,,,0,0,0,ESDB_V0_4
11861,12083,pads,-12.3407,1,PASS,35,,n_v,pad,FORM,,MASTER,0,1,0,ads,pad,,,2,0,0,ESDB_V0_4
11862,12084,paradox,-12.3407,1,PASS,35,,n,paradox,LEMMA,,MASTER,0,0,0,,,,,0,0,0,ESDB_V0_4
11863,12085,persona,-12.3407,1,PASS,35,,n,persona,LEMMA,,MASTER,0,1,1,,person,,personal,1,1,0,ESDB_V0_4
11864,12086,peters,-12.3407,1,PASS,35,50,n_v,peter,FORM,,MASTER,0,1,0,,peter,,,1,0,0,ESDB_V0_4
11865,12087,philippine,-12.3407,0,NOT_EXACT_EN_US,,,,,,,REJECTED_AUTO,0,0,0,,,,,0,0,0,ESDB_V0_4
11866,12088,piper,-12.3407,1,PASS,50,,n,piper,LEMMA,,MASTER,0,1,0,,pipe,,,1,0,0,ESDB_V0_4
11867,12089,popcorn,-12.3407,1,PASS,35,,n,popcorn,LEMMA,,MASTER,0,0,0,,,,,0,0,0,ESDB_V0_4
11868,12090,portrayal,-12.3407,1,PASS,35,,n,portrayal,LEMMA,,MASTER,0,0,0,,,,,0,0,0,ESDB_V0_4
11869,12091,possesses,-12.3407,1,PASS,35,,v,possess,FORM,,MASTER,0,0,0,,,,,0,0,0,ESDB_V0_4
11870,12092,predator,-12.3407,1,PASS,35,,n,predator,LEMMA,,MASTER,0,1,1,,,,predators;predatory,0,2,1,ESDB_V0_4
11871,12093,procession,-12.3407,1,PASS,35,,n_v,procession,LEMMA,,MASTER,0,0,0,,,,,0,0,0,ESDB_V0_4
11872,12094,proliferation,-12.3407,1,PASS,35,,n,proliferation,LEMMA,,MASTER,0,0,0,,,,,0,0,0,ESDB_V0_4
11873,12095,pronounce,-12.3407,1,PASS,35,,v,pronounce,LEMMA,,MASTER,0,1,1,,,,pronounced,0,1,1,ESDB_V0_4
11874,12096,python,-12.3407,1,PASS,35,50,n,python,LEMMA,,MASTER,0,0,0,,,,,0,0,0,ESDB_V0_4
11875,12097,reacted,-12.3407,1,PASS,35,,v,react,FORM,,MASTER,0,0,0,,,,,0,0,0,ESDB_V0_4
11876,12098,rebuilt,-12.3407,1,PASS,35,,v,rebuild,FORM,,MASTER,0,0,0,,,,,0,0,0,ESDB_V0_4
11877,12099,regulators,-12.3407,1,PASS,50,,n,regulator,FORM,,MASTER,0,1,0,,regulator,,,1,0,0,ESDB_V0_4
11878,12100,repeal,-12.3407,1,PASS,35,,n_v,repeal,LEMMA,,MASTER,0,0,0,,,,,0,0,0,ESDB_V0_4
11879,12101,replaces,-12.3407,1,PASS,35,,v,replace,FORM,,MASTER,0,1,0,,replace,,,1,0,0,ESDB_V0_4
11880,12102,repression,-12.3407,1,PASS,35,,n,repression,LEMMA,,MASTER,0,0,0,,,,,0,0,0,ESDB_V0_4
11881,12103,residency,-12.3407,1,PASS,40,,n,residency,LEMMA,,MASTER,0,1,1,,,presidency,,0,1,0,ESDB_V0_4
11882,12104,residue,-12.3407,1,PASS,35,,n,residue,LEMMA,,MASTER,0,1,1,,,,residues,0,1,1,ESDB_V0_4
11883,12105,resisted,-12.3407,1,PASS,35,,n_v,resist,FORM,,MASTER,0,0,0,,,,,0,0,0,ESDB_V0_4
11884,12106,rocking,-12.3407,1,PASS,35,,n_v;n,rock;rocking,FORM;LEMMA,,MASTER,0,0,0,,,,,0,0,0,ESDB_V0_4
11885,12107,rumours,-12.3407,0,NOT_EXACT_EN_US,,,,,,,REJECTED_AUTO,0,0,0,,,,,0,0,0,ESDB_V0_4
11886,12108,sap,-12.3407,1,PASS,35,50,n_v,sap,LEMMA,,MASTER,0,0,0,,,,,0,0,0,ESDB_V0_4
11887,12109,saturated,-12.3407,1,PASS,35,,v;aj,saturate;saturated,FORM;LEMMA,,MASTER,0,0,0,,,,,0,0,0,ESDB_V0_4
11888,12110,saxon,-12.3407,0,NOT_EXACT_EN_US,,,,,,,REJECTED_AUTO,0,0,0,,,,,0,0,0,ESDB_V0_4
11889,12111,scares,-12.3407,1,PASS,35,,n_v,scare,FORM,,MASTER,0,1,0,cares,scare,,,2,0,0,ESDB_V0_4
11890,12112,scarf,-12.3407,1,PASS,35,,n;v,scarf,LEMMA,,MASTER,0,1,0,,scar,,,1,0,0,ESDB_V0_4
11891,12113,selfie,-12.3407,0,SPECIAL_ONLY,50,,n,selfie,LEMMA,,REJECTED_AUTO,0,0,0,,,,,0,0,0,ESDB_V0_4
11892,12114,shakes,-12.3407,1,PASS,35,,n_v,shake,FORM,,MASTER,0,1,0,,shake,,,1,0,0,ESDB_V0_4
11893,12115,sip,-12.3407,1,PASS,35,,n_v,sip,LEMMA,,MASTER,0,0,0,,,,,0,0,0,ESDB_V0_4
11894,12116,slices,-12.3407,1,PASS,35,,n_v,slice,FORM,,MASTER,0,1,0,,slice,,,1,0,0,ESDB_V0_4
11895,12117,smashing,-12.3407,1,PASS,35,,n_v;n;aj,smash;smashing,FORM;LEMMA,,MASTER,0,0,0,,,,,0,0,0,ESDB_V0_4
11896,12118,sophomore,-12.3407,1,PASS,35,,n,sophomore,LEMMA,,MASTER,0,0,0,,,,,0,0,0,ESDB_V0_4
11897,12119,spicy,-12.3407,1,PASS,35,,aj,spicy,LEMMA,,MASTER,0,0,0,,,,,0,0,0,ESDB_V0_4
11898,12120,spur,-12.3407,1,PASS,35,,n_v,spur,LEMMA,,MASTER,0,1,1,,,,spurs,0,1,1,ESDB_V0_4
11899,12121,staircase,-12.3407,1,PASS,35,,n,staircase,LEMMA,,MASTER,0,0,0,,,,,0,0,0,ESDB_V0_4
11900,12122,starters,-12.3407,1,PASS,35,,n,starter,FORM,,MASTER,0,1,0,,starter,,,1,0,0,ESDB_V0_4
11901,12123,suarez,-12.3407,0,NOT_EXACT_EN_US,,,,,,,REJECTED_AUTO,0,0,0,,,,,0,0,0,ESDB_V0_4
11902,12124,subs,-12.3407,1,PASS,35,,n_v,sub,FORM,,MASTER,0,1,0,,sub,,,1,0,0,ESDB_V0_4
11903,12125,supervised,-12.3407,1,PASS,35,,v;aj,supervise;supervised,FORM;LEMMA,,MASTER,0,1,0,,supervise,,,1,0,0,ESDB_V0_4
11904,12126,suppress,-12.3407,1,PASS,35,,v,suppress,LEMMA,,MASTER,0,0,0,,,,,0,0,0,ESDB_V0_4
11905,12127,sweating,-12.3407,1,PASS,35,,v;n,sweat;sweating,FORM;LEMMA,,MASTER,0,0,0,,,,,0,0,0,ESDB_V0_4
11906,12128,tailor,-12.3407,1,PASS,35,,n_v,tailor,LEMMA,,MASTER,0,0,0,,,,,0,0,0,ESDB_V0_4
11907,12129,tbh,-12.3407,0,NOT_EXACT_EN_US,,,,,,,REJECTED_AUTO,0,0,0,,,,,0,0,0,ESDB_V0_4
11908,12130,tendencies,-12.3407,1,PASS,35,,n,tendency,FORM,,MASTER,0,0,0,,,,,0,0,0,ESDB_V0_4
11909,12131,terminate,-12.3407,1,PASS,35,,v,terminate,LEMMA,,MASTER,0,1,1,,,,terminated,0,1,1,ESDB_V0_4
11910,12132,theodore,-12.3407,0,NOT_EXACT_EN_US,,,,,,,REJECTED_AUTO,0,0,0,,,,,0,0,0,ESDB_V0_4
11911,12133,transgender,-12.3407,1,PASS,60,,n;aj,transgender,LEMMA,,MASTER,0,0,0,,,,,0,0,0,ESDB_V0_4
11912,12134,trench,-12.3407,1,PASS,35,,n_v,trench,LEMMA,,MASTER,0,0,0,,,,,0,0,0,ESDB_V0_4
11913,12135,trillion,-12.3407,1,PASS,35,,n,trillion,LEMMA,,MASTER,0,0,0,,,,,0,0,0,ESDB_V0_4
11914,12136,tying,-12.3407,1,PASS,35,,n_v;n,tie;tying,FORM;LEMMA,,MASTER,0,0,0,,,,,0,0,0,ESDB_V0_4
11915,12137,unanimously,-12.3407,1,PASS,35,,av,unanimously,LEMMA,,MASTER,0,0,0,,,,,0,0,0,ESDB_V0_4
11916,12138,undergone,-12.3407,1,PASS,35,,v,undergo,FORM,,MASTER,0,0,0,,,,,0,0,0,ESDB_V0_4
11917,12139,utmost,-12.3407,1,PASS,35,,n;aj,utmost,LEMMA,,MASTER,0,0,0,,,,,0,0,0,ESDB_V0_4
11918,12140,valves,-12.3407,1,PASS,35,,n_v,valve,FORM,,MASTER,0,1,0,,valve,,,1,0,0,ESDB_V0_4
11919,12141,ventilation,-12.3407,1,PASS,35,,n,ventilation,LEMMA,,MASTER,0,0,0,,,,,0,0,0,ESDB_V0_4
11920,12142,versatile,-12.3407,1,PASS,35,,aj,versatile,LEMMA,,MASTER,0,0,0,,,,,0,0,0,ESDB_V0_4
11921,12143,volunteered,-12.3407,1,PASS,35,,n_v,volunteer,FORM,,MASTER,0,0,0,,,,,0,0,0,ESDB_V0_4
11922,12144,yankee,-12.3407,0,NOT_EXACT_EN_US,,,,,,,REJECTED_AUTO,0,0,0,,,,,0,0,0,ESDB_V0_4
11923,12146,accomplishment,-12.3639,1,PASS,35,,n,accomplishment,LEMMA,,MASTER,0,1,1,,,,accomplishments,0,1,1,ESDB_V0_4
11924,12147,accusation,-12.3639,1,PASS,35,,n,accusation,LEMMA,,MASTER,0,1,1,,,,accusations,0,1,1,ESDB_V0_4
11925,12148,affiliation,-12.3639,1,PASS,35,,n,affiliation,LEMMA,,MASTER,0,0,0,,,,,0,0,0,ESDB_V0_4
11926,12149,allergy,-12.3639,1,PASS,35,,n,allergy,LEMMA,,MASTER,0,0,0,,,,,0,0,0,ESDB_V0_4
11927,12150,ample,-12.3639,1,PASS,35,,aj,ample,LEMMA,,MASTER,0,1,1,,,sample,,0,1,0,ESDB_V0_4
11928,12151,apprentice,-12.3639,1,PASS,35,,n_v;a,apprentice,LEMMA,,MASTER,0,0,0,,,,,0,0,0,ESDB_V0_4
11929,12152,assaulted,-12.3639,1,PASS,35,,n_v,assault,FORM,,MASTER,0,0,0,,,,,0,0,0,ESDB_V0_4
11930,12153,augusta,-12.3639,0,NOT_EXACT_EN_US,,,,,,,REJECTED_AUTO,0,0,0,,,,,0,0,0,ESDB_V0_4
11931,12155,babylon,-12.3639,0,NOT_EXACT_EN_US,,,,,,,REJECTED_AUTO,0,0,0,,,,,0,0,0,ESDB_V0_4
11932,12156,barbecue,-12.3639,1,PASS,35,,n_v,barbecue,LEMMA,,MASTER,0,0,0,,,,,0,0,0,ESDB_V0_4
11933,12157,baths,-12.3639,1,PASS,35,,n,bath,FORM,,MASTER,0,1,0,,bath,,,1,0,0,ESDB_V0_4
11934,12158,bengal,-12.3639,0,NOT_EXACT_EN_US,,,,,,,REJECTED_AUTO,0,0,0,,,,,0,0,0,ESDB_V0_4
11935,12159,births,-12.3639,1,PASS,35,,n_v,birth,FORM,,MASTER,0,1,0,,birth,,,1,0,0,ESDB_V0_4
11936,12160,bombay,-12.3639,0,NOT_EXACT_EN_US,,,,,,,REJECTED_AUTO,0,0,0,,,,,0,0,0,ESDB_V0_4
11937,12161,bothering,-12.3639,1,PASS,35,,n_v,bother,FORM,,MASTER,0,0,0,,,,,0,0,0,ESDB_V0_4
11938,12162,boulder,-12.3639,1,PASS,35,50,n,boulder,LEMMA,,MASTER,0,0,0,,,,,0,0,0,ESDB_V0_4
11939,12163,bourbon,-12.3639,1,PASS,35,50,n,bourbon,LEMMA,,MASTER,0,0,0,,,,,0,0,0,ESDB_V0_4
11940,12164,cancers,-12.3639,1,PASS,35,,n,cancer,FORM,,MASTER,0,1,0,,cancer,,,1,0,0,ESDB_V0_4
11941,12165,cardboard,-12.3639,1,PASS,35,,n;aj,cardboard,LEMMA,,MASTER,0,0,0,,,,,0,0,0,ESDB_V0_4
11942,12166,carmen,-12.3639,0,NOT_EXACT_EN_US,,,,,,,REJECTED_AUTO,0,0,0,,,,,0,0,0,ESDB_V0_4
11943,12167,carrots,-12.3639,1,PASS,35,,n,carrot,FORM,,MASTER,0,1,0,,carrot,,,1,0,0,ESDB_V0_4
11944,12168,catering,-12.3639,1,PASS,35,,v;n,cater;catering,FORM;LEMMA,,MASTER,0,0,0,,,,,0,0,0,ESDB_V0_4
11945,12169,cb,-12.3639,0,NOT_EXACT_EN_US,,,,,,,REJECTED_AUTO,0,0,0,,,,,0,0,0,ESDB_V0_4
11946,12170,cellar,-12.3639,1,PASS,35,,n,cellar,LEMMA,,MASTER,0,0,0,,,,,0,0,0,ESDB_V0_4
11947,12171,cellphone,-12.3639,1,PASS,60,,n,cellphone,LEMMA,,MASTER,0,0,0,,,,,0,0,0,ESDB_V0_4
11948,12172,chant,-12.3639,1,PASS,35,,n_v,chant,LEMMA,,MASTER,0,1,1,,,,chants,0,1,1,ESDB_V0_4
11949,12173,clarence,-12.3639,0,NOT_EXACT_EN_US,,,,,,,REJECTED_AUTO,0,0,0,,,,,0,0,0,ESDB_V0_4
11950,12174,clayton,-12.3639,0,NOT_EXACT_EN_US,,,,,,,REJECTED_AUTO,0,0,0,,,,,0,0,0,ESDB_V0_4
11951,12175,conceptual,-12.3639,1,PASS,35,,aj,conceptual,LEMMA,,MASTER,0,0,0,,,,,0,0,0,ESDB_V0_4
11952,12176,concession,-12.3639,1,PASS,35,,n,concession,LEMMA,,MASTER,0,1,1,,,,concessions,0,1,1,ESDB_V0_4
11953,12177,conditioned,-12.3639,1,PASS,35,,n_v;aj,condition;conditioned,FORM;LEMMA,,MASTER,0,0,0,,,,,0,0,0,ESDB_V0_4
11954,12178,congestion,-12.3639,1,PASS,35,,n,congestion,LEMMA,,MASTER,0,0,0,,,,,0,0,0,ESDB_V0_4
11955,12179,convent,-12.3639,1,PASS,35,,n,convent,LEMMA,,MASTER,0,0,0,,,,,0,0,0,ESDB_V0_4
11956,12180,crusade,-12.3639,1,PASS,35,,n_v,crusade,LEMMA,,MASTER,0,0,0,,,,,0,0,0,ESDB_V0_4
11957,12181,cynthia,-12.3639,0,NOT_EXACT_EN_US,,,,,,,REJECTED_AUTO,0,0,0,,,,,0,0,0,ESDB_V0_4
11958,12182,daniels,-12.3639,0,NOT_EXACT_EN_US,,,,,,,REJECTED_AUTO,0,0,0,,,,,0,0,0,ESDB_V0_4
11959,12183,demise,-12.3639,1,PASS,35,,n_v,demise,LEMMA,,MASTER,0,0,0,,,,,0,0,0,ESDB_V0_4
11960,12184,derivative,-12.3639,1,PASS,35,,n;aj,derivative,LEMMA,,MASTER,0,1,1,,,,derivatives,0,1,1,ESDB_V0_4
11961,12185,detectives,-12.3639,1,PASS,35,,n,detective,FORM,,MASTER,0,1,0,,detective,,,1,0,0,ESDB_V0_4
11962,12186,discomfort,-12.3639,1,PASS,35,,n_v,discomfort,LEMMA,,MASTER,0,0,0,,,,,0,0,0,ESDB_V0_4
11963,12188,doo,-12.3639,0,NOT_EXACT_EN_US,,,,,,,REJECTED_AUTO,0,0,0,,,,,0,0,0,ESDB_V0_4
11964,12189,downhill,-12.3639,1,PASS,35,,n;aj_av,downhill,LEMMA,,MASTER,0,0,0,,,,,0,0,0,ESDB_V0_4
11965,12190,downstream,-12.3639,1,PASS,35,,aj_av,downstream,LEMMA,,MASTER,0,0,0,,,,,0,0,0,ESDB_V0_4
11966,12191,drafting,-12.3639,1,PASS,35,,v;n,draft;drafting,FORM;LEMMA,,MASTER,0,0,0,,,,,0,0,0,ESDB_V0_4
11967,12192,earnest,-12.3639,1,PASS,35,50,n;aj,earnest,LEMMA,,MASTER,0,0,0,,,,,0,0,0,ESDB_V0_4
11968,12193,ee,-12.3639,0,NOT_EXACT_EN_US,,,,,,,REJECTED_AUTO,0,0,0,,,,,0,0,0,ESDB_V0_4
11969,12194,enhancing,-12.3639,1,PASS,35,,v,enhance,FORM,,MASTER,0,0,0,,,,,0,0,0,ESDB_V0_4
11970,12195,enlisted,-12.3639,1,PASS,35,,v,enlist,FORM,,MASTER,0,0,0,,,,,0,0,0,ESDB_V0_4
11971,12196,evenly,-12.3639,1,PASS,35,,av,evenly,LEMMA,,MASTER,0,0,0,,,,,0,0,0,ESDB_V0_4
11972,12197,everytime,-12.3639,0,NOT_EXACT_EN_US,,,,,,,REJECTED_AUTO,0,0,0,,,,,0,0,0,ESDB_V0_4
11973,12198,fascinated,-12.3639,1,PASS,35,,v;aj,fascinate;fascinated,FORM;LEMMA,,MASTER,0,0,0,,,,,0,0,0,ESDB_V0_4
11974,12199,fearing,-12.3639,1,PASS,35,,n_v,fear,FORM,,MASTER,0,0,0,,,,,0,0,0,ESDB_V0_4
11975,12200,flashing,-12.3639,1,PASS,35,,n_v;n,flash;flashing,FORM;LEMMA,,MASTER,0,0,0,,,,,0,0,0,ESDB_V0_4
11976,12201,greetings,-12.3639,1,PASS,35,,n,greeting,FORM,,MASTER,0,1,0,,greeting,,,1,0,0,ESDB_V0_4
11977,12202,haircut,-12.3639,1,PASS,35,,n,haircut,LEMMA,,MASTER,0,0,0,,,,,0,0,0,ESDB_V0_4
11978,12203,hazards,-12.3639,1,PASS,35,,n_v,hazard,FORM,,MASTER,0,1,0,,hazard,,,1,0,0,ESDB_V0_4
11979,12204,hercules,-12.3639,0,NOT_EXACT_EN_US,,,,,,,REJECTED_AUTO,0,0,0,,,,,0,0,0,ESDB_V0_4
11980,12205,highlands,-12.3639,1,PASS,35,60,n,highland,FORM,,MASTER,0,1,0,,highland,,,1,0,0,ESDB_V0_4
11981,12206,holt,-12.3639,0,NOT_EXACT_EN_US,,,,,,,REJECTED_AUTO,0,0,0,,,,,0,0,0,ESDB_V0_4
11982,12207,impacted,-12.3639,1,PASS,35,,n_v,impact,FORM,,MASTER,0,0,0,,,,,0,0,0,ESDB_V0_4
11983,12208,improper,-12.3639,1,PASS,35,,aj,improper,LEMMA,,MASTER,0,0,0,,,,,0,0,0,ESDB_V0_4
11984,12209,indictment,-12.3639,1,PASS,35,,n,indictment,LEMMA,,MASTER,0,0,0,,,,,0,0,0,ESDB_V0_4
11985,12210,injected,-12.3639,1,PASS,35,,v,inject,FORM,,MASTER,0,0,0,,,,,0,0,0,ESDB_V0_4
11986,12211,interrupt,-12.3639,1,PASS,35,,n_v,interrupt,LEMMA,,MASTER,0,0,0,,,,,0,0,0,ESDB_V0_4
11987,12212,journeys,-12.3639,1,PASS,35,,n_v,journey,FORM,,MASTER,0,1,0,,journey,,,1,0,0,ESDB_V0_4
11988,12213,kanye,-12.3639,0,NOT_EXACT_EN_US,,,,,,,REJECTED_AUTO,0,0,0,,,,,0,0,0,ESDB_V0_4
11989,12214,kitten,-12.3639,1,PASS,35,,n,kitten,LEMMA,,MASTER,0,1,1,,,,kittens,0,1,1,ESDB_V0_4
11990,12215,knit,-12.3639,1,PASS,35,,n_v;a,knit,LEMMA;FORM,,MASTER,0,0,0,,,,,0,0,0,ESDB_V0_4
11991,12216,kung,-12.3639,0,NOT_EXACT_EN_US,,,,,,,REJECTED_AUTO,0,0,0,,,,,0,0,0,ESDB_V0_4
11992,12217,laps,-12.3639,1,PASS,35,,n_v,lap,FORM,,MASTER,0,1,1,,lap,flaps,lapse,1,2,0,ESDB_V0_4
11993,12218,legislators,-12.3639,1,PASS,35,,n,legislator,FORM,,MASTER,0,0,0,,,,,0,0,0,ESDB_V0_4
11994,12219,lester,-12.3639,0,NOT_EXACT_EN_US,,,,,,,REJECTED_AUTO,0,0,0,,,,,0,0,0,ESDB_V0_4
11995,12220,linen,-12.3639,1,PASS,35,,n;a,linen,LEMMA,,MASTER,0,1,0,,line,,,1,0,0,ESDB_V0_4
11996,12221,loneliness,-12.3639,1,PASS,35,,n,loneliness,LEMMA,,MASTER,0,0,0,,,,,0,0,0,ESDB_V0_4
11997,12222,manipulated,-12.3639,1,PASS,35,,v,manipulate,FORM,,MASTER,0,1,0,,manipulate,,,1,0,0,ESDB_V0_4
11998,12223,marty,-12.3639,0,NOT_EXACT_EN_US,,,,,,,REJECTED_AUTO,0,0,0,,,,,0,0,0,ESDB_V0_4
11999,12224,marvin,-12.3639,0,NOT_EXACT_EN_US,,,,,,,REJECTED_AUTO,0,0,0,,,,,0,0,0,ESDB_V0_4
12000,12225,mascot,-12.3639,1,PASS,35,,n,mascot,LEMMA,,MASTER,0,0,0,,,,,0,0,0,ESDB_V0_4
12001,12226,medicare,-12.3639,0,CASE_FREQ_COLLISION,60,40,n,medicare,LEMMA,,REJECTED_AUTO,0,0,0,,,,,0,0,0,ESDB_V0_4
12002,12227,memoirs,-12.3639,1,PASS,50,,n,memoir,FORM,,MASTER,0,1,0,,memoir,,,1,0,0,ESDB_V0_4
12003,12228,merged,-12.3639,1,PASS,35,,v;aj,merge;merged,FORM;LEMMA,,MASTER,0,1,1,,merge,emerged,,1,1,0,ESDB_V0_4
12004,12229,meth,-12.3639,1,PASS,60,,n,meth,LEMMA,,MASTER,0,1,0,,met,,,1,0,0,ESDB_V0_4
12005,12231,minors,-12.3639,1,PASS,35,,n_v,minor,FORM,,MASTER,0,1,0,,minor,,,1,0,0,ESDB_V0_4
12006,12232,mist,-12.3639,1,PASS,35,,n_v,mist,LEMMA,,MASTER,0,1,1,,,,misty,0,1,0,ESDB_V0_4
12007,12233,molecule,-12.3639,1,PASS,35,,n,molecule,LEMMA,,MASTER,0,1,1,,,,molecules,0,1,1,ESDB_V0_4
12008,12234,moroccan,-12.3639,0,NOT_EXACT_EN_US,,,,,,,REJECTED_AUTO,0,0,0,,,,,0,0,0,ESDB_V0_4
12009,12235,muscular,-12.3639,1,PASS,35,,aj,muscular,LEMMA,,MASTER,0,0,0,,,,,0,0,0,ESDB_V0_4
12010,12236,nas,-12.3639,0,NOT_EXACT_EN_US,,,,,,,REJECTED_AUTO,0,0,0,,,,,0,0,0,ESDB_V0_4
12011,12237,nerd,-12.3639,1,PASS,40,,n,nerd,LEMMA,,MASTER,0,1,1,,,,nerds,0,1,1,ESDB_V0_4
12012,12238,nolan,-12.3639,0,NOT_EXACT_EN_US,,,,,,,REJECTED_AUTO,0,0,0,,,,,0,0,0,ESDB_V0_4
12013,12239,noodles,-12.3639,1,PASS,35,,n_v,noodle,FORM,,MASTER,0,1,0,,noodle,,,1,0,0,ESDB_V0_4
12014,12240,nucleus,-12.3639,1,PASS,35,,n,nucleus,LEMMA,,MASTER,0,0,0,,,,,0,0,0,ESDB_V0_4
12015,12241,numerical,-12.3639,1,PASS,35,,aj,numerical,LEMMA,,MASTER,0,0,0,,,,,0,0,0,ESDB_V0_4
12016,12242,og,-12.3639,0,NOT_EXACT_EN_US,,,,,,,REJECTED_AUTO,0,0,0,,,,,0,0,0,ESDB_V0_4
12017,12243,ordained,-12.3639,1,PASS,35,,v;aj,ordain;ordained,FORM;LEMMA,,MASTER,0,0,0,,,,,0,0,0,ESDB_V0_4
12018,12244,organizers,-12.3639,1,PASS,35,,n,organizer,FORM,,MASTER,0,1,0,,organizer,,,1,0,0,ESDB_V0_4
12019,12245,outgoing,-12.3639,1,PASS,35,,aj,outgoing,LEMMA,,MASTER,0,0,0,,,,,0,0,0,ESDB_V0_4
12020,12246,outskirts,-12.3639,1,PASS,60,,n,outskirt,FORM,,MASTER,0,0,0,,,,,0,0,0,ESDB_V0_4
12021,12247,paddy,-12.3639,1,PASS,35,,n,paddy,LEMMA,,MASTER,0,0,0,,,,,0,0,0,ESDB_V0_4
12022,12248,panties,-12.3639,1,PASS,60,,n,pantie;panty,FORM,,MASTER,0,0,0,,,,,0,0,0,ESDB_V0_4
12023,12249,parcel,-12.3639,1,PASS,35,,n_v,parcel,LEMMA,,MASTER,0,1,1,,,,parcels,0,1,1,ESDB_V0_4
12024,12250,peripheral,-12.3639,1,PASS,35,,n;aj,peripheral,LEMMA,,MASTER,0,0,0,,,,,0,0,0,ESDB_V0_4
12025,12251,pint,-12.3639,1,PASS,35,,n,pint,LEMMA,,MASTER,0,1,0,,pin,,,1,0,0,ESDB_V0_4
12026,12252,pls,-12.3639,0,NOT_EXACT_EN_US,,,,,,,REJECTED_AUTO,0,0,0,,,,,0,0,0,ESDB_V0_4
12027,12253,poorest,-12.3639,1,PASS,35,,aj,poor,FORM,,MASTER,0,0,0,,,,,0,0,0,ESDB_V0_4
12028,12254,possessing,-12.3639,1,PASS,35,,v,possess,FORM,,MASTER,0,0,0,,,,,0,0,0,ESDB_V0_4
12029,12255,presentations,-12.3639,1,PASS,35,,n,presentation,FORM,,MASTER,0,1,0,,presentation,,,1,0,0,ESDB_V0_4
12030,12256,prevail,-12.3639,1,PASS,35,,v,prevail,LEMMA,,MASTER,0,0,0,,,,,0,0,0,ESDB_V0_4
12031,12257,punching,-12.3639,1,PASS,35,,n_v,punch,FORM,,MASTER,0,0,0,,,,,0,0,0,ESDB_V0_4
12032,12258,rectangular,-12.3639,1,PASS,35,,aj,rectangular,LEMMA,,MASTER,0,0,0,,,,,0,0,0,ESDB_V0_4
12033,12259,reformed,-12.3639,1,PASS,35,,n_v;aj,reform;reformed,FORM;LEMMA,,MASTER,0,0,0,,,,,0,0,0,ESDB_V0_4
12034,12260,reg,-12.3639,0,NO_ESDB_GENERAL_EVIDENCE,,,,,,,REJECTED_AUTO,0,0,0,,,,,0,0,0,ESDB_V0_4
12035,12261,regimes,-12.3639,1,PASS,35,,n,regime,FORM,,MASTER,0,1,0,,regime,,,1,0,0,ESDB_V0_4
12036,12262,rey,-12.3639,0,NOT_EXACT_EN_US,,,,,,,REJECTED_AUTO,0,0,0,,,,,0,0,0,ESDB_V0_4
12037,12263,riches,-12.3639,1,PASS,35,,n,rich,FORM,,MASTER,0,1,1,,,,richest,0,1,0,ESDB_V0_4
12038,12264,rift,-12.3639,1,PASS,35,,n_v,rift,LEMMA,,MASTER,0,1,1,,,drift,,0,1,0,ESDB_V0_4
12039,12265,rochester,-12.3639,0,NOT_EXACT_EN_US,,,,,,,REJECTED_AUTO,0,0,0,,,,,0,0,0,ESDB_V0_4
12040,12266,ropes,-12.3639,1,PASS,35,,n_v,rope,FORM,,MASTER,0,1,0,,rope,,,1,0,0,ESDB_V0_4
12041,12267,rouge,-12.3639,1,PASS,35,,n;v,rouge,LEMMA,,MASTER,0,0,0,,,,,0,0,0,ESDB_V0_4
12042,12268,sabbath,-12.3639,0,CASE_FREQ_COLLISION,60,35,n,sabbath,LEMMA,,REJECTED_AUTO,0,0,0,,,,,0,0,0,ESDB_V0_4
12043,12269,saddam,-12.3639,0,NOT_EXACT_EN_US,,,,,,,REJECTED_AUTO,0,0,0,,,,,0,0,0,ESDB_V0_4
12044,12270,safari,-12.3639,1,PASS,35,,n_v,safari,LEMMA,,MASTER,0,0,0,,,,,0,0,0,ESDB_V0_4
12045,12271,sammy,-12.3639,0,NOT_EXACT_EN_US,,,,,,,REJECTED_AUTO,0,0,0,,,,,0,0,0,ESDB_V0_4
12046,12272,sanctioned,-12.3639,1,PASS,35,,n_v;aj,sanction;sanctioned,FORM;LEMMA,,MASTER,0,0,0,,,,,0,0,0,ESDB_V0_4
12047,12273,satire,-12.3639,1,PASS,35,,n,satire,LEMMA,,MASTER,0,0,0,,,,,0,0,0,ESDB_V0_4
12048,12274,slapped,-12.3639,1,PASS,35,,n_v,slap,FORM,,MASTER,0,0,0,,,,,0,0,0,ESDB_V0_4
12049,12275,slash,-12.3639,1,PASS,35,,n_v,slash,LEMMA,,MASTER,0,1,0,lash,,,,1,0,0,ESDB_V0_4
12050,12276,slovenia,-12.3639,0,NOT_EXACT_EN_US,,,,,,,REJECTED_AUTO,0,0,0,,,,,0,0,0,ESDB_V0_4
12051,12277,solicitor,-12.3639,1,PASS,35,,n,solicitor,LEMMA,,MASTER,0,0,0,,,,,0,0,0,ESDB_V0_4
12052,12278,spirituality,-12.3639,1,PASS,50,,n,spirituality,LEMMA,,MASTER,0,0,0,,,,,0,0,0,ESDB_V0_4
12053,12279,staple,-12.3639,1,PASS,35,,n_v;aj,staple,LEMMA,,MASTER,0,1,1,,,,staples,0,1,1,ESDB_V0_4
12054,12280,starred,-12.3639,1,PASS,35,,n_v;aj,star;starred,FORM;LEMMA,,MASTER,0,0,0,,,,,0,0,0,ESDB_V0_4
12055,12281,sticker,-12.3639,1,PASS,35,,n,sticker,LEMMA,,MASTER,0,1,1,,,,stickers,0,1,1,ESDB_V0_4
12056,12282,suicidal,-12.3639,1,PASS,35,,aj,suicidal,LEMMA,,MASTER,0,0,0,,,,,0,0,0,ESDB_V0_4
12057,12283,sunderland,-12.3639,0,NOT_EXACT_EN_US,,,,,,,REJECTED_AUTO,0,0,0,,,,,0,0,0,ESDB_V0_4
12058,12284,sweetie,-12.3639,1,PASS,40,,n,sweetie,LEMMA,,MASTER,0,0,0,,,,,0,0,0,ESDB_V0_4
12059,12285,swell,-12.3639,1,PASS,35,,n_v;aj,swell,LEMMA,,MASTER,0,1,0,well,,,,1,0,0,ESDB_V0_4
12060,12286,swings,-12.3639,1,PASS,35,,n_v,swing,FORM,,MASTER,0,1,0,wings,swing,,,2,0,0,ESDB_V0_4
12061,12287,systematically,-12.3639,1,PASS,35,,av,systematically,LEMMA,,MASTER,0,0,0,,,,,0,0,0,ESDB_V0_4
12062,12288,taco,-12.3639,1,PASS,35,,n,taco,LEMMA,,MASTER,0,1,1,,,,tacos,0,1,1,ESDB_V0_4
12063,12289,tara,-12.3639,0,NOT_EXACT_EN_US,,,,,,,REJECTED_AUTO,0,0,0,,,,,0,0,0,ESDB_V0_4
12064,12290,tehran,-12.3639,0,NOT_EXACT_EN_US,,,,,,,REJECTED_AUTO,0,0,0,,,,,0,0,0,ESDB_V0_4
12065,12291,telecom,-12.3639,1,PASS,60,,n,telecom,LEMMA,,MASTER,0,0,0,,,,,0,0,0,ESDB_V0_4
12066,12292,tempting,-12.3639,1,PASS,35,,v;aj,tempt;tempting,FORM;LEMMA,,MASTER,0,0,0,,,,,0,0,0,ESDB_V0_4
12067,12293,therein,-12.3639,1,PASS,35,,av,therein,LEMMA,,MASTER,0,1,0,herein,,,,1,0,0,ESDB_V0_4
12068,12294,thrive,-12.3639,1,PASS,35,,v,thrive,LEMMA,,MASTER,0,0,0,,,,,0,0,0,ESDB_V0_4
12069,12295,toilets,-12.3639,1,PASS,35,,n_v,toilet,FORM,,MASTER,0,1,0,,toilet,,,1,0,0,ESDB_V0_4
12070,12296,torah,-12.3639,0,NOT_EXACT_EN_US,,,,,,,REJECTED_AUTO,0,0,0,,,,,0,0,0,ESDB_V0_4
12071,12297,tsunami,-12.3639,1,PASS,50,,n,tsunami,LEMMA,,MASTER,0,0,0,,,,,0,0,0,ESDB_V0_4
12072,12298,ukip,-12.3639,0,NOT_EXACT_EN_US,,,,,,,REJECTED_AUTO,0,0,0,,,,,0,0,0,ESDB_V0_4
12073,12299,universally,-12.3639,1,PASS,35,,av,universally,LEMMA,,MASTER,0,0,0,,,,,0,0,0,ESDB_V0_4
12074,12300,unofficial,-12.3639,1,PASS,35,,aj,unofficial,LEMMA,,MASTER,0,0,0,,,,,0,0,0,ESDB_V0_4
12075,12301,unrest,-12.3639,1,PASS,35,,n,unrest,LEMMA,,MASTER,0,0,0,,,,,0,0,0,ESDB_V0_4
12076,12302,ut,-12.3639,0,NOT_EXACT_EN_US,,,,,,,REJECTED_AUTO,0,0,0,,,,,0,0,0,ESDB_V0_4
12077,12303,verge,-12.3639,1,PASS,35,,n_v,verge,LEMMA,,MASTER,0,0,0,,,,,0,0,0,ESDB_V0_4
12078,12304,vernon,-12.3639,0,NOT_EXACT_EN_US,,,,,,,REJECTED_AUTO,0,0,0,,,,,0,0,0,ESDB_V0_4
12079,12305,veterinary,-12.3639,1,PASS,35,,n;aj,veterinary,LEMMA,,MASTER,0,0,0,,,,,0,0,0,ESDB_V0_4
12080,12306,vis,-12.3639,0,NOT_EXACT_EN_US,,,,,,,REJECTED_AUTO,0,0,0,,,,,0,0,0,ESDB_V0_4
12081,12307,vitamins,-12.3639,1,PASS,35,,n,vitamin,FORM,,MASTER,0,1,0,,vitamin,,,1,0,0,ESDB_V0_4
12082,12308,vogue,-12.3639,1,PASS,35,50,n;a,vogue,LEMMA,,MASTER,0,0,0,,,,,0,0,0,ESDB_V0_4
12083,12309,wartime,-12.3639,1,PASS,35,,n;a,wartime,LEMMA,,MASTER,0,0,0,,,,,0,0,0,ESDB_V0_4
12084,12310,weighs,-12.3639,1,PASS,35,,v,weigh,FORM,,MASTER,0,1,0,,weigh,,,1,0,0,ESDB_V0_4
12085,12311,wrecked,-12.3639,1,PASS,35,,n_v;aj,wreck;wrecked,FORM;LEMMA,,MASTER,0,0,0,,,,,0,0,0,ESDB_V0_4
12086,12312,yugoslavia,-12.3639,0,NOT_EXACT_EN_US,,,,,,,REJECTED_AUTO,0,0,0,,,,,0,0,0,ESDB_V0_4
12087,12314,abide,-12.3876,1,PASS,35,,v,abide,LEMMA,,MASTER,0,0,0,,,,,0,0,0,ESDB_V0_4
12088,12315,abolition,-12.3876,1,PASS,35,,n,abolition,LEMMA,,MASTER,0,0,0,,,,,0,0,0,ESDB_V0_4
12089,12316,accessory,-12.3876,1,PASS,35,,n;aj,accessory,LEMMA,,MASTER,0,0,0,,,,,0,0,0,ESDB_V0_4
12090,12317,adapter,-12.3876,1,PASS,35,,n,adapter,LEMMA,,MASTER,0,0,0,,,,,0,0,0,ESDB_V0_4
12091,12318,administer,-12.3876,1,PASS,35,,v,administer,LEMMA,,MASTER,0,0,0,,,,,0,0,0,ESDB_V0_4
12092,12319,af,-12.3876,0,NOT_EXACT_EN_US,,,,,,,REJECTED_AUTO,0,0,0,,,,,0,0,0,ESDB_V0_4
12093,12320,allergies,-12.3876,1,PASS,35,,n,allergy,FORM,,MASTER,0,0,0,,,,,0,0,0,ESDB_V0_4
12094,12321,alumni,-12.3876,1,PASS,40,,n,alumnus,FORM,,MASTER,0,0,0,,,,,0,0,0,ESDB_V0_4
12095,12322,ambient,-12.3876,1,PASS,35,,aj,ambient,LEMMA,,MASTER,0,0,0,,,,,0,0,0,ESDB_V0_4
12096,12323,amino,-12.3876,0,SPECIAL_ONLY,50,,n;aj,amino,LEMMA,,REJECTED_AUTO,0,0,0,,,,,0,0,0,ESDB_V0_4
12097,12324,anarchy,-12.3876,1,PASS,35,,n,anarchy,LEMMA,,MASTER,0,0,0,,,,,0,0,0,ESDB_V0_4
12098,12325,apologise,-12.3876,0,NOT_EXACT_EN_US,,,,,,,REJECTED_AUTO,0,0,0,,,,,0,0,0,ESDB_V0_4
12099,12326,artery,-12.3876,1,PASS,35,,n,artery,LEMMA,,MASTER,0,0,0,,,,,0,0,0,ESDB_V0_4
12100,12327,arthritis,-12.3876,1,PASS,35,,n,arthritis,LEMMA,,MASTER,0,0,0,,,,,0,0,0,ESDB_V0_4
12101,12328,atheism,-12.3876,1,PASS,35,,n;a,atheism,LEMMA,,MASTER,0,0,0,,,,,0,0,0,ESDB_V0_4
12102,12329,authenticity,-12.3876,1,PASS,35,,n,authenticity,LEMMA,,MASTER,0,0,0,,,,,0,0,0,ESDB_V0_4
12103,12330,averages,-12.3876,1,PASS,35,,n_v,average,FORM,,MASTER,0,1,0,,average,,,1,0,0,ESDB_V0_4
12104,12331,balloons,-12.3876,1,PASS,35,,n_v,balloon,FORM,,MASTER,0,1,0,,balloon,,,1,0,0,ESDB_V0_4
12105,12332,bamboo,-12.3876,1,PASS,35,,n;a,bamboo,LEMMA,,MASTER,0,0,0,,,,,0,0,0,ESDB_V0_4
12106,12333,banging,-12.3876,1,PASS,35,,n_v;n;aj,bang;banging,FORM;LEMMA,,MASTER,0,0,0,,,,,0,0,0,ESDB_V0_4
12107,12334,basil,-12.3876,1,PASS,35,50,n,basil,LEMMA,,MASTER,0,0,0,,,,,0,0,0,ESDB_V0_4
12108,12335,beads,-12.3876,1,PASS,35,,n_v;n,bead;beads,FORM;LEMMA,,MASTER,0,1,0,,bead,,,1,0,0,ESDB_V0_4
12109,12336,beirut,-12.3876,0,NOT_EXACT_EN_US,,,,,,,REJECTED_AUTO,0,0,0,,,,,0,0,0,ESDB_V0_4
12110,12337,blogger,-12.3876,0,SPECIAL_ONLY,35,,n,blogger,LEMMA,,REJECTED_AUTO,0,0,0,,,,,0,0,0,ESDB_V0_4
12111,12338,boiler,-12.3876,1,PASS,35,,n,boiler,LEMMA,,MASTER,0,0,0,,,,,0,0,0,ESDB_V0_4
12112,12339,bonnie,-12.3876,0,NOT_EXACT_EN_US,,,,,,,REJECTED_AUTO,0,0,0,,,,,0,0,0,ESDB_V0_4
12113,12340,borough,-12.3876,1,PASS,35,,n,borough,LEMMA,,MASTER,0,0,0,,,,,0,0,0,ESDB_V0_4
12114,12341,bravery,-12.3876,1,PASS,35,,n,bravery,LEMMA,,MASTER,0,0,0,,,,,0,0,0,ESDB_V0_4
12115,12342,brittany,-12.3876,0,NOT_EXACT_EN_US,,,,,,,REJECTED_AUTO,0,0,0,,,,,0,0,0,ESDB_V0_4
12116,12343,brock,-12.3876,0,NOT_EXACT_EN_US,,,,,,,REJECTED_AUTO,0,0,0,,,,,0,0,0,ESDB_V0_4
12117,12344,bunker,-12.3876,1,PASS,35,50,n;a,bunker,LEMMA,,MASTER,0,0,0,,,,,0,0,0,ESDB_V0_4
12118,12345,caravan,-12.3876,1,PASS,35,,n,caravan,LEMMA,,MASTER,0,0,0,,,,,0,0,0,ESDB_V0_4
12119,12346,carr,-12.3876,0,NOT_EXACT_EN_US,,,,,,,REJECTED_AUTO,0,0,0,,,,,0,0,0,ESDB_V0_4
12120,12347,casually,-12.3876,1,PASS,35,,av,casually,LEMMA,,MASTER,0,0,0,,,,,0,0,0,ESDB_V0_4
12121,12348,catastrophe,-12.3876,1,PASS,35,,n,catastrophe,LEMMA,,MASTER,0,0,0,,,,,0,0,0,ESDB_V0_4
12122,12349,chaired,-12.3876,1,PASS,35,,n_v,chair,FORM,,MASTER,0,1,0,haired,,,,1,0,0,ESDB_V0_4
12123,12350,che,-12.3876,0,NOT_EXACT_EN_US,,,,,,,REJECTED_AUTO,0,0,0,,,,,0,0,0,ESDB_V0_4
12124,12351,chewing,-12.3876,1,PASS,35,,n_v;n,chew;chewing,FORM;LEMMA,,MASTER,0,0,0,,,,,0,0,0,ESDB_V0_4
12125,12352,chilling,-12.3876,1,PASS,35,,n_v;n;aj,chill;chilling,FORM;LEMMA,,MASTER,0,0,0,,,,,0,0,0,ESDB_V0_4
12126,12353,clippers,-12.3876,1,PASS,50,,n,clipper,FORM,,MASTER,0,0,0,,,,,0,0,0,ESDB_V0_4
12127,12354,colts,-12.3876,1,PASS,35,,n,colt,FORM,,MASTER,0,1,0,,colt,,,1,0,0,ESDB_V0_4
12128,12355,commence,-12.3876,1,PASS,35,,v,commence,LEMMA,,MASTER,0,1,1,,,,commenced,0,1,1,ESDB_V0_4
12129,12356,concluding,-12.3876,1,PASS,35,,v;aj,conclude;concluding,FORM;LEMMA,,MASTER,0,0,0,,,,,0,0,0,ESDB_V0_4
12130,12357,condom,-12.3876,1,PASS,35,,n,condom,LEMMA,,MASTER,0,1,1,,condo,,condoms,1,1,1,ESDB_V0_4
12131,12358,condoms,-12.3876,1,PASS,35,,n,condom,FORM,,MASTER,0,1,0,,condom,,,1,0,0,ESDB_V0_4
12132,12359,congratulate,-12.3876,1,PASS,35,,v,congratulate,LEMMA,,MASTER,0,0,0,,,,,0,0,0,ESDB_V0_4
12133,12360,continents,-12.3876,1,PASS,35,,n,continent,FORM,,MASTER,0,1,0,,continent,,,1,0,0,ESDB_V0_4
12134,12361,corpus,-12.3876,1,PASS,35,,n,corpus,LEMMA,,MASTER,0,0,0,,,,,0,0,0,ESDB_V0_4
12135,12362,countdown,-12.3876,1,PASS,35,,n,countdown,LEMMA,,MASTER,0,0,0,,,,,0,0,0,ESDB_V0_4
12136,12363,criticize,-12.3876,1,PASS,35,,v,criticize,LEMMA,,MASTER,0,1,1,,,,criticized,0,1,1,ESDB_V0_4
12137,12364,curtains,-12.3876,1,PASS,35,,n_v,curtain,FORM,,MASTER,0,1,0,,curtain,,,1,0,0,ESDB_V0_4
12138,12365,dante,-12.3876,0,NOT_EXACT_EN_US,,,,,,,REJECTED_AUTO,0,0,0,,,,,0,0,0,ESDB_V0_4
12139,12366,daytime,-12.3876,1,PASS,35,,n;a,daytime,LEMMA,,MASTER,0,0,0,,,,,0,0,0,ESDB_V0_4
12140,12367,debit,-12.3876,1,PASS,35,,n_v,debit,LEMMA,,MASTER,0,0,0,,,,,0,0,0,ESDB_V0_4
12141,12368,decorations,-12.3876,1,PASS,35,,n,decoration,FORM,,MASTER,0,1,0,,decoration,,,1,0,0,ESDB_V0_4
12142,12369,dent,-12.3876,1,PASS,35,,n_v,dent,LEMMA,,MASTER,0,1,0,,den,,,1,0,0,ESDB_V0_4
12143,12371,descend,-12.3876,1,PASS,35,,v,descend,LEMMA,,MASTER,0,1,1,,,,descends,0,1,1,ESDB_V0_4
12144,12372,devised,-12.3876,1,PASS,35,,n_v,devise,FORM,,MASTER,0,1,0,,devise,,,1,0,0,ESDB_V0_4
12145,12373,dime,-12.3876,1,PASS,35,,n,dime,LEMMA,,MASTER,0,1,0,,dim,,,1,0,0,ESDB_V0_4
12146,12374,distributing,-12.3876,1,PASS,35,,v,distribute,FORM,,MASTER,0,0,0,,,,,0,0,0,ESDB_V0_4
12147,12375,disturb,-12.3876,1,PASS,35,,v,disturb,LEMMA,,MASTER,0,0,0,,,,,0,0,0,ESDB_V0_4
12148,12376,drawer,-12.3876,1,PASS,35,,n,drawer,LEMMA,,MASTER,0,1,1,,,,drawers,0,1,1,ESDB_V0_4
12149,12377,dummy,-12.3876,1,PASS,35,,n;aj,dummy,LEMMA,,MASTER,0,0,0,,,,,0,0,0,ESDB_V0_4
12150,12378,earthquakes,-12.3876,1,PASS,35,,n,earthquake,FORM,,MASTER,0,1,0,,earthquake,,,1,0,0,ESDB_V0_4
12151,12379,edmund,-12.3876,0,NOT_EXACT_EN_US,,,,,,,REJECTED_AUTO,0,0,0,,,,,0,0,0,ESDB_V0_4
12152,12380,electrons,-12.3876,1,PASS,35,,n,electron,FORM,,MASTER,0,1,0,,electron,,,1,0,0,ESDB_V0_4
12153,12381,emerges,-12.3876,1,PASS,35,,v,emerge,FORM,,MASTER,0,1,0,,emerge,,,1,0,0,ESDB_V0_4
12154,12382,emerson,-12.3876,0,NOT_EXACT_EN_US,,,,,,,REJECTED_AUTO,0,0,0,,,,,0,0,0,ESDB_V0_4
12155,12383,evangelical,-12.3876,1,PASS,35,60,n;aj,evangelical,LEMMA,,MASTER,0,0,0,,,,,0,0,0,ESDB_V0_4
12156,12385,evidently,-12.3876,1,PASS,35,,av,evidently,LEMMA,,MASTER,0,0,0,,,,,0,0,0,ESDB_V0_4
12157,12386,exported,-12.3876,1,PASS,35,,n_v,export,FORM,,MASTER,0,0,0,,,,,0,0,0,ESDB_V0_4
12158,12387,factual,-12.3876,1,PASS,35,,aj,factual,LEMMA,,MASTER,0,1,0,actual,,,,1,0,0,ESDB_V0_4
12159,12388,fart,-12.3876,1,PASS,40,,n_v,fart,LEMMA,vulgar-3,MASTER,0,1,0,art,far,,,2,0,0,ESDB_V0_4
12160,12389,fashionable,-12.3876,1,PASS,35,,aj,fashionable,LEMMA,,MASTER,0,0,0,,,,,0,0,0,ESDB_V0_4
12161,12390,faulty,-12.3876,1,PASS,35,,aj,faulty,LEMMA,,MASTER,0,1,0,,fault,,,1,0,0,ESDB_V0_4
12162,12391,fb,-12.3876,0,NOT_EXACT_EN_US,,,,,,,REJECTED_AUTO,0,0,0,,,,,0,0,0,ESDB_V0_4
12163,12392,flick,-12.3876,1,PASS,35,,n_v,flick,LEMMA,,MASTER,0,1,0,lick,,,,1,0,0,ESDB_V0_4
12164,12393,flint,-12.3876,1,PASS,35,50,n,flint,LEMMA,,MASTER,0,0,0,,,,,0,0,0,ESDB_V0_4
12165,12394,formations,-12.3876,1,PASS,35,,n,formation,FORM,,MASTER,0,1,0,,formation,,,1,0,0,ESDB_V0_4
12166,12395,freezer,-12.3876,1,PASS,35,,n,freezer,LEMMA,,MASTER,0,1,0,,freeze,,,1,0,0,ESDB_V0_4
12167,12396,gale,-12.3876,1,PASS,35,50,n,gale,LEMMA,,MASTER,0,1,0,ale,gal,,,2,0,0,ESDB_V0_4
12168,12397,gallon,-12.3876,1,PASS,35,,n,gallon,LEMMA,,MASTER,0,1,1,,,,gallons,0,1,1,ESDB_V0_4
12169,12398,geoffrey,-12.3876,0,NOT_EXACT_EN_US,,,,,,,REJECTED_AUTO,0,0,0,,,,,0,0,0,ESDB_V0_4
12170,12399,geology,-12.3876,1,PASS,35,,n,geology,LEMMA,,MASTER,0,0,0,,,,,0,0,0,ESDB_V0_4
12171,12400,gina,-12.3876,0,NOT_EXACT_EN_US,,,,,,,REJECTED_AUTO,0,0,0,,,,,0,0,0,ESDB_V0_4
12172,12401,grouped,-12.3876,1,PASS,35,,n_v;aj,group;grouped,FORM;LEMMA,,MASTER,0,0,0,,,,,0,0,0,ESDB_V0_4
12173,12402,guarded,-12.3876,1,PASS,35,,n_v;aj,guard;guarded,FORM;LEMMA,,MASTER,0,0,0,,,,,0,0,0,ESDB_V0_4
12174,12403,hacker,-12.3876,1,PASS,35,,n,hacker,LEMMA,,MASTER,0,1,1,,,,hackers,0,1,1,ESDB_V0_4
12175,12404,heartbeat,-12.3876,1,PASS,35,,n,heartbeat,LEMMA,,MASTER,0,0,0,,,,,0,0,0,ESDB_V0_4
12176,12405,hectares,-12.3876,1,PASS,50,,n,hectare,FORM,,MASTER,0,0,0,,,,,0,0,0,ESDB_V0_4
12177,12406,ignores,-12.3876,1,PASS,35,,v,ignore,FORM,,MASTER,0,1,0,,ignore,,,1,0,0,ESDB_V0_4
12178,12407,inconvenience,-12.3876,1,PASS,35,,n_v,inconvenience,LEMMA,,MASTER,0,0,0,,,,,0,0,0,ESDB_V0_4
12179,12408,inexpensive,-12.3876,1,PASS,35,,aj,inexpensive,LEMMA,,MASTER,0,0,0,,,,,0,0,0,ESDB_V0_4
12180,12409,insider,-12.3876,1,PASS,35,,n,insider,LEMMA,,MASTER,0,1,0,,inside,,,1,0,0,ESDB_V0_4
12181,12410,internship,-12.3876,1,PASS,40,,n,internship,LEMMA,,MASTER,0,1,1,,,,internships,0,1,1,ESDB_V0_4
12182,12411,jennings,-12.3876,0,NOT_EXACT_EN_US,,,,,,,REJECTED_AUTO,0,0,0,,,,,0,0,0,ESDB_V0_4
12183,12412,jess,-12.3876,0,NOT_EXACT_EN_US,,,,,,,REJECTED_AUTO,0,0,0,,,,,0,0,0,ESDB_V0_4
12184,12413,joker,-12.3876,1,PASS,35,,n,joker,LEMMA,,MASTER,0,1,0,,joke,,,1,0,0,ESDB_V0_4
12185,12414,kardashian,-12.3876,0,NOT_EXACT_EN_US,,,,,,,REJECTED_AUTO,0,0,0,,,,,0,0,0,ESDB_V0_4
12186,12415,katy,-12.3876,0,NOT_EXACT_EN_US,,,,,,,REJECTED_AUTO,0,0,0,,,,,0,0,0,ESDB_V0_4
12187,12416,liaison,-12.3876,1,PASS,35,,n,liaison,LEMMA,,MASTER,0,0,0,,,,,0,0,0,ESDB_V0_4
12188,12417,lipstick,-12.3876,1,PASS,35,,n,lipstick,LEMMA,,MASTER,0,0,0,,,,,0,0,0,ESDB_V0_4
12189,12418,lure,-12.3876,1,PASS,35,,n_v,lure,LEMMA,,MASTER,0,0,0,,,,,0,0,0,ESDB_V0_4
12190,12419,lyric,-12.3876,1,PASS,35,,n;aj,lyric,LEMMA,,MASTER,0,1,1,,,,lyrics,0,1,1,ESDB_V0_4
12191,12420,mag,-12.3876,1,PASS,60,,n,mag,LEMMA,,MASTER,0,1,0,,ma,,,1,0,0,ESDB_V0_4
12192,12421,meredith,-12.3876,0,NOT_EXACT_EN_US,,,,,,,REJECTED_AUTO,0,0,0,,,,,0,0,0,ESDB_V0_4
12193,12422,messiah,-12.3876,0,CASE_FREQ_COLLISION,50,40,n,messiah,LEMMA,,REJECTED_AUTO,0,0,0,,,,,0,0,0,ESDB_V0_4
12194,12423,ministries,-12.3876,1,PASS,35,,n,ministry,FORM,,MASTER,0,0,0,,,,,0,0,0,ESDB_V0_4
12195,12424,mornings,-12.3876,1,PASS,35,,n,morning,FORM,,MASTER,0,1,0,,morning,,,1,0,0,ESDB_V0_4
12196,12425,moron,-12.3876,1,PASS,35,,n,moron,LEMMA,,MASTER,0,1,1,,,,morons,0,1,1,ESDB_V0_4
12197,12426,mug,-12.3876,1,PASS,35,,n_v,mug,LEMMA,,MASTER,0,1,0,,mu,,,1,0,0,ESDB_V0_4
12198,12427,multinational,-12.3876,1,PASS,35,,n;aj,multinational,LEMMA,,MASTER,0,0,0,,,,,0,0,0,ESDB_V0_4
12199,12428,neural,-12.3876,1,PASS,35,,aj,neural,LEMMA,,MASTER,0,0,0,,,,,0,0,0,ESDB_V0_4
12200,12429,neurons,-12.3876,1,PASS,35,,n,neuron,FORM,,MASTER,0,0,0,,,,,0,0,0,ESDB_V0_4
12201,12430,nicer,-12.3876,1,PASS,35,,aj,nice,FORM,,MASTER,0,1,0,,nice,,,1,0,0,ESDB_V0_4
12202,12431,nike,-12.3876,0,NOT_EXACT_EN_US,,,,,,,REJECTED_AUTO,0,0,0,,,,,0,0,0,ESDB_V0_4
12203,12432,norwich,-12.3876,0,NOT_EXACT_EN_US,,,,,,,REJECTED_AUTO,0,0,0,,,,,0,0,0,ESDB_V0_4
12204,12433,notify,-12.3876,1,PASS,35,,v,notify,LEMMA,,MASTER,0,0,0,,,,,0,0,0,ESDB_V0_4
12205,12434,novelist,-12.3876,1,PASS,35,,n,novelist,LEMMA,,MASTER,0,0,0,,,,,0,0,0,ESDB_V0_4
12206,12435,nsw,-12.3876,0,NOT_EXACT_EN_US,,,,,,,REJECTED_AUTO,0,0,0,,,,,0,0,0,ESDB_V0_4
12207,12436,oppressed,-12.3876,1,PASS,35,,v;aj,oppress;oppressed,FORM;LEMMA,,MASTER,0,0,0,,,,,0,0,0,ESDB_V0_4
12208,12437,optimization,-12.3876,1,PASS,35,,n,optimization,LEMMA,,MASTER,0,0,0,,,,,0,0,0,ESDB_V0_4
12209,12438,ottoman,-12.3876,0,CASE_FREQ_COLLISION,50,50,n,ottoman,LEMMA,,REJECTED_AUTO,0,0,0,,,,,0,0,0,ESDB_V0_4
12210,12439,ouch,-12.3876,1,PASS,35,,i,ouch,LEMMA,,MASTER,0,1,1,,,touch;couch;pouch,,0,3,0,ESDB_V0_4
12211,12440,outreach,-12.3876,1,PASS,40,,n;v;a,outreach,LEMMA,,MASTER,0,0,0,,,,,0,0,0,ESDB_V0_4
12212,12441,oxide,-12.3876,1,PASS,35,,n,oxide,LEMMA,,MASTER,0,0,0,,,,,0,0,0,ESDB_V0_4
12213,12442,passports,-12.3876,1,PASS,35,,n,passport,FORM,,MASTER,0,1,0,,passport,,,1,0,0,ESDB_V0_4
12214,12443,paved,-12.3876,1,PASS,35,,v,pave,FORM,,MASTER,0,0,0,,,,,0,0,0,ESDB_V0_4
12215,12444,pod,-12.3876,1,PASS,35,,n_v,pod,LEMMA,,MASTER,0,1,1,,,,pods,0,1,1,ESDB_V0_4
12216,12445,practitioner,-12.3876,1,PASS,35,,n,practitioner,LEMMA,,MASTER,0,1,1,,,,practitioners,0,1,1,ESDB_V0_4
12217,12446,ravens,-12.3876,1,PASS,35,,n_v,raven,FORM,,MASTER,0,1,0,,raven,,,1,0,0,ESDB_V0_4
12218,12447,redskins,-12.3876,1,PASS,40,,n,redskin,FORM,,MASTER,0,0,0,,,,,0,0,0,ESDB_V0_4
12219,12448,regeneration,-12.3876,1,PASS,35,,n,regeneration,LEMMA,,MASTER,0,0,0,,,,,0,0,0,ESDB_V0_4
12220,12449,rejecting,-12.3876,1,PASS,35,,n_v,reject,FORM,,MASTER,0,0,0,,,,,0,0,0,ESDB_V0_4
12221,12450,renovated,-12.3876,1,PASS,35,,v,renovate,FORM,,MASTER,0,0,0,,,,,0,0,0,ESDB_V0_4
12222,12451,restrictive,-12.3876,1,PASS,35,,aj,restrictive,LEMMA,,MASTER,0,0,0,,,,,0,0,0,ESDB_V0_4
12223,12452,ridden,-12.3876,1,PASS,35,,n_v,ride,FORM,,MASTER,0,0,0,,,,,0,0,0,ESDB_V0_4
12224,12453,righteousness,-12.3876,1,PASS,35,,n,righteousness,LEMMA,,MASTER,0,0,0,,,,,0,0,0,ESDB_V0_4
12225,12454,rwanda,-12.3876,0,NOT_EXACT_EN_US,,,,,,,REJECTED_AUTO,0,0,0,,,,,0,0,0,ESDB_V0_4
12226,12455,salvage,-12.3876,1,PASS,35,,n;v,salvage,LEMMA,,MASTER,0,0,0,,,,,0,0,0,ESDB_V0_4
12227,12456,saunders,-12.3876,0,NOT_EXACT_EN_US,,,,,,,REJECTED_AUTO,0,0,0,,,,,0,0,0,ESDB_V0_4
12228,12457,screened,-12.3876,1,PASS,35,,n_v,screen,FORM,,MASTER,0,0,0,,,,,0,0,0,ESDB_V0_4
12229,12458,sculptures,-12.3876,1,PASS,35,,n_v,sculpture,FORM,,MASTER,0,1,0,,sculpture,,,1,0,0,ESDB_V0_4
12230,12459,serbian,-12.3876,0,NOT_EXACT_EN_US,,,,,,,REJECTED_AUTO,0,0,0,,,,,0,0,0,ESDB_V0_4
12231,12460,sewing,-12.3876,1,PASS,35,,v;n,sew;sewing,FORM;LEMMA,,MASTER,0,0,0,,,,,0,0,0,ESDB_V0_4
12232,12461,shove,-12.3876,1,PASS,35,,n_v,shove,LEMMA,,MASTER,0,1,1,,,,shovel;shoved,0,2,1,ESDB_V0_4
12233,12462,skeptical,-12.3876,1,PASS,35,,aj,skeptical,LEMMA,,MASTER,0,0,0,,,,,0,0,0,ESDB_V0_4
12234,12463,soaked,-12.3876,1,PASS,35,,n_v;aj,soak;soaked,FORM;LEMMA,,MASTER,0,0,0,,,,,0,0,0,ESDB_V0_4
12235,12464,softball,-12.3876,1,PASS,35,,n,softball,LEMMA,,MASTER,0,0,0,,,,,0,0,0,ESDB_V0_4
12236,12465,spying,-12.3876,1,PASS,35,,n_v;n,spy;spying,FORM;LEMMA,,MASTER,0,0,0,,,,,0,0,0,ESDB_V0_4
12237,12466,stationary,-12.3876,1,PASS,35,,aj,stationary,LEMMA,,MASTER,0,0,0,,,,,0,0,0,ESDB_V0_4
12238,12467,stirring,-12.3876,1,PASS,35,,n_v;n;aj,stir;stirring,FORM;LEMMA,,MASTER,0,0,0,,,,,0,0,0,ESDB_V0_4
12239,12468,strand,-12.3876,1,PASS,35,,n_v,strand,LEMMA,,MASTER,0,1,1,,,,strands,0,1,1,ESDB_V0_4
12240,12469,sucker,-12.3876,1,PASS,35,,n_v,sucker,LEMMA,,MASTER,0,0,0,,,,,0,0,0,ESDB_V0_4
12241,12470,sunglasses,-12.3876,1,PASS,35,,n,sunglasses,LEMMA,,MASTER,0,0,0,,,,,0,0,0,ESDB_V0_4
12242,12471,supervisors,-12.3876,1,PASS,35,,n,supervisor,FORM,,MASTER,0,1,0,,supervisor,,,1,0,0,ESDB_V0_4
12243,12472,sushi,-12.3876,1,PASS,60,,n,sushi,LEMMA,,MASTER,0,0,0,,,,,0,0,0,ESDB_V0_4
12244,12473,sutton,-12.3876,0,NOT_EXACT_EN_US,,,,,,,REJECTED_AUTO,0,0,0,,,,,0,0,0,ESDB_V0_4
12245,12474,swansea,-12.3876,0,NOT_EXACT_EN_US,,,,,,,REJECTED_AUTO,0,0,0,,,,,0,0,0,ESDB_V0_4
12246,12475,tang,-12.3876,1,PASS,35,,n,tang,LEMMA,,MASTER,0,1,1,,tan,,tango,1,1,0,ESDB_V0_4
12247,12477,tyson,-12.3876,0,NOT_EXACT_EN_US,,,,,,,REJECTED_AUTO,0,0,0,,,,,0,0,0,ESDB_V0_4
12248,12478,unused,-12.3876,1,PASS,35,,aj,unused,LEMMA,,MASTER,0,0,0,,,,,0,0,0,ESDB_V0_4
12249,12479,usc,-12.3876,0,NOT_EXACT_EN_US,,,,,,,REJECTED_AUTO,0,0,0,,,,,0,0,0,ESDB_V0_4
12250,12480,utilization,-12.3876,1,PASS,35,,n,utilization,LEMMA,,MASTER,0,0,0,,,,,0,0,0,ESDB_V0_4
12251,12481,vale,-12.3876,1,PASS,50,,n,vale,LEMMA,,MASTER,0,1,0,ale,,,,1,0,0,ESDB_V0_4
12252,12483,vines,-12.3876,1,PASS,35,,n,vine,FORM,,MASTER,0,1,0,,vine,,,1,0,0,ESDB_V0_4
12253,12484,wizards,-12.3876,1,PASS,35,,n,wizard,FORM,,MASTER,0,1,0,,wizard,,,1,0,0,ESDB_V0_4
12254,12485,xl,-12.3876,0,NOT_EXACT_EN_US,,,,,,,REJECTED_AUTO,0,0,0,,,,,0,0,0,ESDB_V0_4
12255,12486,yogurt,-12.3876,1,PASS,35,,n,yogurt,LEMMA,,MASTER,0,0,0,,,,,0,0,0,ESDB_V0_4
12256,12487,zhang,-12.3876,0,NOT_EXACT_EN_US,,,,,,,REJECTED_AUTO,0,0,0,,,,,0,0,0,ESDB_V0_4
12257,12489,acknowledging,-12.4119,1,PASS,35,,v,acknowledge,FORM,,MASTER,0,0,0,,,,,0,0,0,ESDB_V0_4
12258,12490,ada,-12.4119,0,NOT_EXACT_EN_US,,,,,,,REJECTED_AUTO,0,0,0,,,,,0,0,0,ESDB_V0_4
12259,12491,advocating,-12.4119,1,PASS,35,,n_v,advocate,FORM,,MASTER,0,0,0,,,,,0,0,0,ESDB_V0_4
12260,12492,ahmad,-12.4119,0,NOT_EXACT_EN_US,,,,,,,REJECTED_AUTO,0,0,0,,,,,0,0,0,ESDB_V0_4
12261,12493,aide,-12.4119,1,PASS,35,,n,aide,LEMMA,,MASTER,0,1,1,,aid,,aided,1,1,0,ESDB_V0_4
12262,12495,ambassadors,-12.4119,1,PASS,35,,n,ambassador,FORM,,MASTER,0,1,0,,ambassador,,,1,0,0,ESDB_V0_4
12263,12496,apostle,-12.4119,1,PASS,35,60,n,apostle,LEMMA,,MASTER,0,1,1,,,,apostles,0,1,1,ESDB_V0_4
12264,12497,apparel,-12.4119,1,PASS,35,,n;v,apparel,LEMMA,,MASTER,0,0,0,,,,,0,0,0,ESDB_V0_4
12265,12498,appliances,-12.4119,1,PASS,35,,n,appliance,FORM,,MASTER,0,1,0,,appliance,,,1,0,0,ESDB_V0_4
12266,12499,astronaut,-12.4119,1,PASS,35,,n,astronaut,LEMMA,,MASTER,0,1,1,,,,astronauts,0,1,1,ESDB_V0_4
12267,12500,auburn,-12.4119,1,PASS,35,60,n;aj,auburn,LEMMA,,MASTER,0,0,0,,,,,0,0,0,ESDB_V0_4
12268,12501,bikini,-12.4119,1,PASS,35,,n,bikini,LEMMA,,MASTER,0,0,0,,,,,0,0,0,ESDB_V0_4
12269,12502,bipolar,-12.4119,1,PASS,50,,aj,bipolar,LEMMA,,MASTER,0,0,0,,,,,0,0,0,ESDB_V0_4
12270,12503,broadcasts,-12.4119,1,PASS,35,,n_v,broadcast,FORM,,MASTER,0,1,0,,broadcast,,,1,0,0,ESDB_V0_4
12271,12504,centred,-12.4119,0,NOT_EXACT_EN_US,,,,,,,REJECTED_AUTO,0,0,0,,,,,0,0,0,ESDB_V0_4
12272,12505,chaotic,-12.4119,1,PASS,35,,aj,chaotic,LEMMA,,MASTER,0,0,0,,,,,0,0,0,ESDB_V0_4
12273,12506,chap,-12.4119,1,PASS,35,,n_v,chap,LEMMA,,MASTER,0,0,0,,,,,0,0,0,ESDB_V0_4
12274,12507,cinnamon,-12.4119,1,PASS,35,,n;a,cinnamon,LEMMA,,MASTER,0,0,0,,,,,0,0,0,ESDB_V0_4
12275,12508,clare,-12.4119,0,NOT_EXACT_EN_US,,,,,,,REJECTED_AUTO,0,0,0,,,,,0,0,0,ESDB_V0_4
12276,12509,clive,-12.4119,0,NOT_EXACT_EN_US,,,,,,,REJECTED_AUTO,0,0,0,,,,,0,0,0,ESDB_V0_4
12277,12510,comin,-12.4119,0,NOT_EXACT_EN_US,,,,,,,REJECTED_AUTO,0,0,0,,,,,0,0,0,ESDB_V0_4
12278,12511,commencement,-12.4119,1,PASS,35,,n,commencement,LEMMA,,MASTER,0,0,0,,,,,0,0,0,ESDB_V0_4
12279,12512,complementary,-12.4119,1,PASS,35,,aj,complementary,LEMMA,,MASTER,0,0,0,,,,,0,0,0,ESDB_V0_4
12280,12513,comprise,-12.4119,1,PASS,35,,v,comprise,LEMMA,,MASTER,0,1,1,,,,comprised;comprises,0,2,2,ESDB_V0_4
12281,12514,cooled,-12.4119,1,PASS,35,,v,cool,FORM,,MASTER,0,0,0,,,,,0,0,0,ESDB_V0_4
12282,12515,courageous,-12.4119,1,PASS,35,,aj,courageous,LEMMA,,MASTER,0,0,0,,,,,0,0,0,ESDB_V0_4
12283,12516,cpu,-12.4119,0,NOT_EXACT_EN_US,,,,,,,REJECTED_AUTO,0,0,0,,,,,0,0,0,ESDB_V0_4
12284,12517,crisp,-12.4119,1,PASS,35,,n_v;aj,crisp,LEMMA,,MASTER,0,1,1,,,,crispy,0,1,0,ESDB_V0_4
12285,12518,customary,-12.4119,1,PASS,35,,aj,customary,LEMMA,,MASTER,0,0,0,,,,,0,0,0,ESDB_V0_4
12286,12519,departing,-12.4119,1,PASS,35,,v;n,depart;departing,FORM;LEMMA,,MASTER,0,0,0,,,,,0,0,0,ESDB_V0_4
12287,12520,differentiate,-12.4119,1,PASS,35,,v,differentiate,LEMMA,,MASTER,0,1,1,,,,differentiated,0,1,1,ESDB_V0_4
12288,12521,diocese,-12.4119,1,PASS,35,,n,diocese,LEMMA,,MASTER,0,0,0,,,,,0,0,0,ESDB_V0_4
12289,12522,disappoint,-12.4119,1,PASS,35,,v,disappoint,LEMMA,,MASTER,0,0,0,,,,,0,0,0,ESDB_V0_4
12290,12523,discourage,-12.4119,1,PASS,35,,v,discourage,LEMMA,,MASTER,0,1,1,,,,discouraged,0,1,1,ESDB_V0_4
12291,12524,discouraged,-12.4119,1,PASS,35,,v;aj,discourage;discouraged,FORM;LEMMA,,MASTER,0,1,0,,discourage,,,1,0,0,ESDB_V0_4
12292,12525,discs,-12.4119,1,PASS,35,,n,disc,FORM,,MASTER,0,1,0,,disc,,,1,0,0,ESDB_V0_4
12293,12526,dispatched,-12.4119,1,PASS,35,,n_v,dispatch,FORM,,MASTER,0,0,0,,,,,0,0,0,ESDB_V0_4
12294,12527,dl,-12.4119,0,NOT_EXACT_EN_US,,,,,,,REJECTED_AUTO,0,0,0,,,,,0,0,0,ESDB_V0_4
12295,12528,eligibility,-12.4119,1,PASS,35,,n,eligibility,LEMMA,,MASTER,0,0,0,,,,,0,0,0,ESDB_V0_4
12296,12529,endured,-12.4119,1,PASS,35,,v,endure,FORM,,MASTER,0,1,0,,endure,,,1,0,0,ESDB_V0_4
12297,12530,erase,-12.4119,1,PASS,35,,v,erase,LEMMA,,MASTER,0,1,1,,,,erased,0,1,1,ESDB_V0_4
12298,12532,explores,-12.4119,1,PASS,35,,v,explore,FORM,,MASTER,0,1,0,,explore,,,1,0,0,ESDB_V0_4
12299,12533,fats,-12.4119,1,PASS,35,,n,fat,FORM,,MASTER,0,1,0,,fat,,,1,0,0,ESDB_V0_4
12300,12534,fcc,-12.4119,0,NOT_EXACT_EN_US,,,,,,,REJECTED_AUTO,0,0,0,,,,,0,0,0,ESDB_V0_4
12301,12535,felony,-12.4119,1,PASS,35,,n,felony,LEMMA,,MASTER,0,0,0,,,,,0,0,0,ESDB_V0_4
12302,12536,ferdinand,-12.4119,0,NOT_EXACT_EN_US,,,,,,,REJECTED_AUTO,0,0,0,,,,,0,0,0,ESDB_V0_4
12303,12537,firefighters,-12.4119,1,PASS,35,,n,firefighter,FORM,,MASTER,0,1,0,,firefighter,,,1,0,0,ESDB_V0_4
12304,12538,fixtures,-12.4119,1,PASS,35,,n,fixture,FORM,,MASTER,0,1,0,,fixture,,,1,0,0,ESDB_V0_4
12305,12539,fleeing,-12.4119,1,PASS,35,,v,flee,FORM,,MASTER,0,0,0,,,,,0,0,0,ESDB_V0_4
12306,12540,fowler,-12.4119,0,NOT_EXACT_EN_US,,,,,,,REJECTED_AUTO,0,0,0,,,,,0,0,0,ESDB_V0_4
12307,12541,freelance,-12.4119,1,PASS,35,,n;v;aj,freelance,LEMMA,,MASTER,0,0,0,,,,,0,0,0,ESDB_V0_4
12308,12542,friendships,-12.4119,1,PASS,35,,n,friendship,FORM,,MASTER,0,1,0,,friendship,,,1,0,0,ESDB_V0_4
12309,12543,generators,-12.4119,1,PASS,35,,n,generator,FORM,,MASTER,0,1,0,,generator,,,1,0,0,ESDB_V0_4
12310,12544,georgian,-12.4119,0,NOT_EXACT_EN_US,,,,,,,REJECTED_AUTO,0,0,0,,,,,0,0,0,ESDB_V0_4
12311,12545,gestures,-12.4119,1,PASS,35,,n_v,gesture,FORM,,MASTER,0,1,0,,gesture,,,1,0,0,ESDB_V0_4
12312,12546,giveaway,-12.4119,1,PASS,40,,n;a,giveaway,LEMMA,,MASTER,0,0,0,,,,,0,0,0,ESDB_V0_4
12313,12547,harriet,-12.4119,0,NOT_EXACT_EN_US,,,,,,,REJECTED_AUTO,0,0,0,,,,,0,0,0,ESDB_V0_4
12314,12548,herman,-12.4119,0,NOT_EXACT_EN_US,,,,,,,REJECTED_AUTO,0,0,0,,,,,0,0,0,ESDB_V0_4
12315,12549,higgins,-12.4119,0,NOT_EXACT_EN_US,,,,,,,REJECTED_AUTO,0,0,0,,,,,0,0,0,ESDB_V0_4
12316,12550,highland,-12.4119,1,PASS,35,,n;aj,highland,LEMMA,,MASTER,0,1,1,,,,highlands,0,1,1,ESDB_V0_4
12317,12551,highlighting,-12.4119,1,PASS,35,,n_v;n,highlight;highlighting,FORM;LEMMA,,MASTER,0,0,0,,,,,0,0,0,ESDB_V0_4
12318,12552,homo,-12.4119,1,PASS,60,,n,homo,LEMMA,,MASTER,0,0,0,,,,,0,0,0,ESDB_V0_4
12319,12553,hs,-12.4119,0,NOT_EXACT_EN_US,,,,,,,REJECTED_AUTO,0,0,0,,,,,0,0,0,ESDB_V0_4
12320,12554,hussein,-12.4119,0,NOT_EXACT_EN_US,,,,,,,REJECTED_AUTO,0,0,0,,,,,0,0,0,ESDB_V0_4
12321,12555,hustle,-12.4119,1,PASS,35,,n_v,hustle,LEMMA,,MASTER,0,0,0,,,,,0,0,0,ESDB_V0_4
12322,12556,ibn,-12.4119,0,NOT_EXACT_EN_US,,,,,,,REJECTED_AUTO,0,0,0,,,,,0,0,0,ESDB_V0_4
12323,12557,imagining,-12.4119,1,PASS,35,,v;n,imagine;imagining,FORM;LEMMA,,MASTER,0,0,0,,,,,0,0,0,ESDB_V0_4
12324,12558,impairment,-12.4119,1,PASS,35,,n,impairment,LEMMA,,MASTER,0,0,0,,,,,0,0,0,ESDB_V0_4
12325,12559,inactive,-12.4119,1,PASS,35,,aj,inactive,LEMMA,,MASTER,0,0,0,,,,,0,0,0,ESDB_V0_4
12326,12560,insignificant,-12.4119,1,PASS,35,,aj,insignificant,LEMMA,,MASTER,0,0,0,,,,,0,0,0,ESDB_V0_4
12327,12561,interestingly,-12.4119,1,PASS,35,,av,interestingly,LEMMA,,MASTER,0,0,0,,,,,0,0,0,ESDB_V0_4
12328,12562,intern,-12.4119,1,PASS,35,,n;v,intern,LEMMA,,MASTER,0,1,1,,inter,,interns,1,1,1,ESDB_V0_4
12329,12563,invent,-12.4119,1,PASS,35,,v,invent,LEMMA,,MASTER,0,0,0,,,,,0,0,0,ESDB_V0_4
12330,12564,inventions,-12.4119,1,PASS,35,,n,invention,FORM,,MASTER,0,1,0,,invention,,,1,0,0,ESDB_V0_4
12331,12565,iq,-12.4119,0,NOT_EXACT_EN_US,,,,,,,REJECTED_AUTO,0,0,0,,,,,0,0,0,ESDB_V0_4
12332,12566,isa,-12.4119,0,NOT_EXACT_EN_US,,,,,,,REJECTED_AUTO,0,0,0,,,,,0,0,0,ESDB_V0_4
12333,12567,isolate,-12.4119,1,PASS,35,,n_v,isolate,LEMMA,,MASTER,0,1,1,,,,isolated,0,1,1,ESDB_V0_4
12334,12568,jp,-12.4119,0,NOT_EXACT_EN_US,,,,,,,REJECTED_AUTO,0,0,0,,,,,0,0,0,ESDB_V0_4
12335,12569,kathy,-12.4119,0,NOT_EXACT_EN_US,,,,,,,REJECTED_AUTO,0,0,0,,,,,0,0,0,ESDB_V0_4
12336,12570,kazakhstan,-12.4119,0,NOT_EXACT_EN_US,,,,,,,REJECTED_AUTO,0,0,0,,,,,0,0,0,ESDB_V0_4
12337,12571,latino,-12.4119,0,NOT_EXACT_EN_US,,,,,,,REJECTED_AUTO,0,0,0,,,,,0,0,0,ESDB_V0_4
12338,12572,leaking,-12.4119,1,PASS,35,,n_v,leak,FORM,,MASTER,0,0,0,,,,,0,0,0,ESDB_V0_4
12339,12573,leopard,-12.4119,1,PASS,35,,n,leopard,LEMMA,,MASTER,0,0,0,,,,,0,0,0,ESDB_V0_4
12340,12574,logged,-12.4119,1,PASS,35,,n_v,log,FORM,,MASTER,0,0,0,,,,,0,0,0,ESDB_V0_4
12341,12575,loosely,-12.4119,1,PASS,35,,av,loosely,LEMMA,,MASTER,0,0,0,,,,,0,0,0,ESDB_V0_4
12342,12576,mal,-12.4119,0,NOT_EXACT_EN_US,,,,,,,REJECTED_AUTO,0,0,0,,,,,0,0,0,ESDB_V0_4
12343,12577,mare,-12.4119,1,PASS,35,,n,mare,LEMMA,,MASTER,0,1,0,are,mar,,,2,0,0,ESDB_V0_4
12344,12578,mattress,-12.4119,1,PASS,35,,n,mattress,LEMMA,,MASTER,0,0,0,,,,,0,0,0,ESDB_V0_4
12345,12579,midlands,-12.4119,1,PASS,50,60,n,midland,FORM,,MASTER,0,0,0,,,,,0,0,0,ESDB_V0_4
12346,12580,misunderstood,-12.4119,1,PASS,35,,v;aj,misunderstand;misunderstood,FORM;LEMMA,,MASTER,0,0,0,,,,,0,0,0,ESDB_V0_4
12347,12581,moose,-12.4119,1,PASS,35,,n,moose,LEMMA;FORM,,MASTER,0,0,0,,,,,0,0,0,ESDB_V0_4
12348,12582,morton,-12.4119,0,NOT_EXACT_EN_US,,,,,,,REJECTED_AUTO,0,0,0,,,,,0,0,0,ESDB_V0_4
12349,12583,multimedia,-12.4119,1,PASS,40,,n;a,multimedia,LEMMA,,MASTER,0,0,0,,,,,0,0,0,ESDB_V0_4
12350,12584,mutant,-12.4119,1,PASS,35,,n;aj,mutant,LEMMA,,MASTER,0,1,1,,,,mutants,0,1,1,ESDB_V0_4
12351,12585,mutations,-12.4119,1,PASS,35,,n,mutation,FORM,,MASTER,0,1,0,,mutation,,,1,0,0,ESDB_V0_4
12352,12586,myers,-12.4119,0,NOT_EXACT_EN_US,,,,,,,REJECTED_AUTO,0,0,0,,,,,0,0,0,ESDB_V0_4
12353,12587,negligence,-12.4119,1,PASS,35,,n,negligence,LEMMA,,MASTER,0,0,0,,,,,0,0,0,ESDB_V0_4
12354,12588,nigga,-12.4119,0,SPECIAL_ONLY,50,,n,nigga,LEMMA,offensive-1,REJECTED_AUTO,0,0,0,,,,,0,0,0,ESDB_V0_4
12355,12589,nikki,-12.4119,0,NOT_EXACT_EN_US,,,,,,,REJECTED_AUTO,0,0,0,,,,,0,0,0,ESDB_V0_4
12356,12590,nissan,-12.4119,0,NOT_EXACT_EN_US,,,,,,,REJECTED_AUTO,0,0,0,,,,,0,0,0,ESDB_V0_4
12357,12592,noel,-12.4119,0,CASE_FREQ_COLLISION,50,50,n,noel,LEMMA,,REJECTED_AUTO,0,0,0,,,,,0,0,0,ESDB_V0_4
12358,12593,optic,-12.4119,1,PASS,35,,n;aj,optic,LEMMA,,MASTER,0,1,1,,,,optics,0,1,1,ESDB_V0_4
12359,12594,originating,-12.4119,1,PASS,35,,v,originate,FORM,,MASTER,0,0,0,,,,,0,0,0,ESDB_V0_4
12360,12595,outdated,-12.4119,1,PASS,35,,aj,outdated,LEMMA,,MASTER,0,0,0,,,,,0,0,0,ESDB_V0_4
12361,12596,paints,-12.4119,1,PASS,35,,n_v,paint,FORM,,MASTER,0,1,0,,paint,,,1,0,0,ESDB_V0_4
12362,12597,panda,-12.4119,1,PASS,35,,n,panda,LEMMA,,MASTER,0,0,0,,,,,0,0,0,ESDB_V0_4
12363,12598,paradigm,-12.4119,1,PASS,35,,n,paradigm,LEMMA,,MASTER,0,0,0,,,,,0,0,0,ESDB_V0_4
12364,12599,patrons,-12.4119,1,PASS,35,,n,patron,FORM,,MASTER,0,1,0,,patron,,,1,0,0,ESDB_V0_4
12365,12601,pavement,-12.4119,1,PASS,35,,n,pavement,LEMMA,,MASTER,0,0,0,,,,,0,0,0,ESDB_V0_4
12366,12602,periodically,-12.4119,1,PASS,35,,av,periodically,LEMMA,,MASTER,0,0,0,,,,,0,0,0,ESDB_V0_4
12367,12603,perpetual,-12.4119,1,PASS,35,,n;aj,perpetual,LEMMA,,MASTER,0,0,0,,,,,0,0,0,ESDB_V0_4
12368,12604,pleaded,-12.4119,1,PASS,35,,v,plead,FORM,,MASTER,0,0,0,,,,,0,0,0,ESDB_V0_4
12369,12605,pneumonia,-12.4119,1,PASS,35,,n,pneumonia,LEMMA,,MASTER,0,0,0,,,,,0,0,0,ESDB_V0_4
12370,12606,posing,-12.4119,1,PASS,35,,n_v;n,pose;posing,FORM;LEMMA,,MASTER,0,0,0,,,,,0,0,0,ESDB_V0_4
12371,12607,posture,-12.4119,1,PASS,35,,n_v,posture,LEMMA,,MASTER,0,0,0,,,,,0,0,0,ESDB_V0_4
12372,12608,predecessors,-12.4119,1,PASS,35,,n,predecessor,FORM,,MASTER,0,1,0,,predecessor,,,1,0,0,ESDB_V0_4
12373,12609,premiums,-12.4119,1,PASS,35,,n,premium,FORM,,MASTER,0,1,0,,premium,,,1,0,0,ESDB_V0_4
12374,12610,prick,-12.4119,1,PASS,35,,n_v,prick,LEMMA,,MASTER,0,0,0,,,,,0,0,0,ESDB_V0_4
12375,12611,printers,-12.4119,1,PASS,35,,n,printer,FORM,,MASTER,0,1,0,,printer,,,1,0,0,ESDB_V0_4
12376,12612,privy,-12.4119,1,PASS,35,,n;aj,privy,LEMMA,,MASTER,0,0,0,,,,,0,0,0,ESDB_V0_4
12377,12613,prosecuted,-12.4119,1,PASS,35,,v,prosecute,FORM,,MASTER,0,1,0,,prosecute,,,1,0,0,ESDB_V0_4
12378,12614,prostate,-12.4119,1,PASS,50,,n;aj,prostate,LEMMA,,MASTER,0,0,0,,,,,0,0,0,ESDB_V0_4
12379,12615,prostitute,-12.4119,1,PASS,35,,n_v,prostitute,LEMMA,,MASTER,0,1,1,,,,prostitutes,0,1,1,ESDB_V0_4
12380,12616,protested,-12.4119,1,PASS,35,,n_v,protest,FORM,,MASTER,0,0,0,,,,,0,0,0,ESDB_V0_4
12381,12617,queer,-12.4119,1,PASS,35,,n_v;aj,queer,LEMMA,,MASTER,0,0,0,,,,,0,0,0,ESDB_V0_4
12382,12618,randall,-12.4119,0,NOT_EXACT_EN_US,,,,,,,REJECTED_AUTO,0,0,0,,,,,0,0,0,ESDB_V0_4
12383,12619,remarked,-12.4119,1,PASS,35,,n_v,remark,FORM,,MASTER,0,0,0,,,,,0,0,0,ESDB_V0_4
12384,12620,reviewer,-12.4119,1,PASS,35,,n,reviewer,LEMMA,,MASTER,0,1,1,,,,reviewers,0,1,1,ESDB_V0_4
12385,12621,ripe,-12.4119,1,PASS,35,,aj,ripe,LEMMA,,MASTER,0,1,0,,rip,,,1,0,0,ESDB_V0_4
12386,12622,rot,-12.4119,1,PASS,35,,n;v,rot,LEMMA,,MASTER,0,0,0,,,,,0,0,0,ESDB_V0_4
12387,12623,rusty,-12.4119,1,PASS,35,50,aj,rusty,LEMMA,,MASTER,0,1,0,,rust,,,1,0,0,ESDB_V0_4
12388,12624,sac,-12.4119,1,PASS,35,60,n,sac,LEMMA,,MASTER,0,1,1,,,,sack,0,1,0,ESDB_V0_4
12389,12625,sacked,-12.4119,1,PASS,35,,n_v;aj,sack;sacked,FORM;LEMMA,,MASTER,0,0,0,,,,,0,0,0,ESDB_V0_4
12390,12626,samurai,-12.4119,1,PASS,50,,n;a,samurai,LEMMA;FORM,,MASTER,0,0,0,,,,,0,0,0,ESDB_V0_4
12391,12627,scanner,-12.4119,1,PASS,35,,n,scanner,LEMMA,,MASTER,0,1,1,,,,scanners,0,1,1,ESDB_V0_4
12392,12628,scholarly,-12.4119,1,PASS,35,,aj,scholarly,LEMMA,,MASTER,0,0,0,,,,,0,0,0,ESDB_V0_4
12393,12629,scoop,-12.4119,1,PASS,35,,n_v,scoop,LEMMA,,MASTER,0,1,0,coop,,,,1,0,0,ESDB_V0_4
12394,12630,seekers,-12.4119,1,PASS,50,,n,seeker,FORM,,MASTER,0,1,0,,seeker,,,1,0,0,ESDB_V0_4
12395,12631,segregation,-12.4119,1,PASS,35,,n,segregation,LEMMA,,MASTER,0,0,0,,,,,0,0,0,ESDB_V0_4
12396,12632,seizures,-12.4119,1,PASS,35,,n,seizure,FORM,,MASTER,0,1,0,,seizure,,,1,0,0,ESDB_V0_4
12397,12633,sentimental,-12.4119,1,PASS,35,,aj,sentimental,LEMMA,,MASTER,0,0,0,,,,,0,0,0,ESDB_V0_4
12398,12634,ser,-12.4119,0,NOT_EXACT_EN_US,,,,,,,REJECTED_AUTO,0,0,0,,,,,0,0,0,ESDB_V0_4
12399,12635,sewage,-12.4119,1,PASS,35,,n,sewage,LEMMA,,MASTER,0,0,0,,,,,0,0,0,ESDB_V0_4
12400,12636,shaved,-12.4119,1,PASS,35,,n_v;aj,shave;shaved,FORM;LEMMA,,MASTER,0,1,0,,shave,,,1,0,0,ESDB_V0_4
12401,12637,sic,-12.4119,1,PASS,35,,v;av,sic,LEMMA,,MASTER,0,1,1,,,,sick,0,1,0,ESDB_V0_4
12402,12638,simplest,-12.4119,1,PASS,35,,aj,simple,FORM,,MASTER,0,0,0,,,,,0,0,0,ESDB_V0_4
12403,12639,smack,-12.4119,1,PASS,35,,n_v;av,smack,LEMMA,,MASTER,0,0,0,,,,,0,0,0,ESDB_V0_4
12404,12640,smuggling,-12.4119,1,PASS,35,,v;n,smuggle;smuggling,FORM;LEMMA,,MASTER,0,0,0,,,,,0,0,0,ESDB_V0_4
12405,12641,sorting,-12.4119,1,PASS,35,,n_v;n,sort;sorting,FORM;LEMMA,,MASTER,0,0,0,,,,,0,0,0,ESDB_V0_4
12406,12642,spaghetti,-12.4119,1,PASS,35,,n,spaghetti,LEMMA,,MASTER,0,0,0,,,,,0,0,0,ESDB_V0_4
12407,12643,stain,-12.4119,1,PASS,35,,n_v,stain,LEMMA,,MASTER,0,1,1,,,,stains,0,1,1,ESDB_V0_4
12408,12644,stellar,-12.4119,1,PASS,35,,aj,stellar,LEMMA,,MASTER,0,0,0,,,,,0,0,0,ESDB_V0_4
12409,12645,stimulation,-12.4119,1,PASS,35,,n,stimulation,LEMMA,,MASTER,0,0,0,,,,,0,0,0,ESDB_V0_4
12410,12646,stupidity,-12.4119,1,PASS,35,,n,stupidity,LEMMA,,MASTER,0,0,0,,,,,0,0,0,ESDB_V0_4
12411,12647,swallowed,-12.4119,1,PASS,35,,n_v,swallow,FORM,,MASTER,0,0,0,,,,,0,0,0,ESDB_V0_4
12412,12648,sway,-12.4119,1,PASS,35,,n;v,sway,LEMMA,,MASTER,0,1,0,way,,,,1,0,0,ESDB_V0_4
12413,12649,sweets,-12.4119,1,PASS,35,,n,sweet,FORM,,MASTER,0,1,0,,sweet,,,1,0,0,ESDB_V0_4
12414,12650,tesla,-12.4119,0,NOT_EXACT_EN_US,,,,,,,REJECTED_AUTO,0,0,0,,,,,0,0,0,ESDB_V0_4
12415,12651,thighs,-12.4119,1,PASS,35,,n,thigh,FORM,,MASTER,0,1,0,highs,thigh,,,2,0,0,ESDB_V0_4
12416,12652,tolerated,-12.4119,1,PASS,35,,v,tolerate,FORM,,MASTER,0,1,0,,tolerate,,,1,0,0,ESDB_V0_4
12417,12653,tougher,-12.4119,1,PASS,35,,aj,tough,FORM,,MASTER,0,0,0,,,,,0,0,0,ESDB_V0_4
12418,12654,tx,-12.4119,0,NOT_EXACT_EN_US,,,,,,,REJECTED_AUTO,0,0,0,,,,,0,0,0,ESDB_V0_4
12419,12655,unarmed,-12.4119,1,PASS,35,,aj,unarmed,LEMMA,,MASTER,0,0,0,,,,,0,0,0,ESDB_V0_4
12420,12656,upstream,-12.4119,1,PASS,35,,aj_av,upstream,LEMMA,,MASTER,0,0,0,,,,,0,0,0,ESDB_V0_4
12421,12657,urgency,-12.4119,1,PASS,35,,n,urgency,LEMMA,,MASTER,0,0,0,,,,,0,0,0,ESDB_V0_4
12422,12658,veto,-12.4119,1,PASS,35,,n_v,veto,LEMMA,,MASTER,0,1,0,,vet,,,1,0,0,ESDB_V0_4
12423,12659,whisky,-12.4119,0,NOT_EXACT_EN_US,,,,,,,REJECTED_AUTO,0,0,0,,,,,0,0,0,ESDB_V0_4
12424,12660,wickets,-12.4119,1,PASS,35,,n,wicket,FORM,,MASTER,0,1,0,,wicket,,,1,0,0,ESDB_V0_4
12425,12661,wildly,-12.4119,1,PASS,35,,av,wildly,LEMMA,,MASTER,0,0,0,,,,,0,0,0,ESDB_V0_4
12426,12662,willow,-12.4119,1,PASS,35,,n,willow,LEMMA,,MASTER,0,0,0,,,,,0,0,0,ESDB_V0_4
12427,12663,wills,-12.4119,1,PASS,35,,n_v,will,FORM,,MASTER,0,1,0,,will,,,1,0,0,ESDB_V0_4
12428,12664,winters,-12.4119,1,PASS,35,50,n_v,winter,FORM,,MASTER,0,1,0,,winter,,,1,0,0,ESDB_V0_4
12429,12666,yr,-12.4119,0,NO_ESDB_GENERAL_EVIDENCE,,,,,,,REJECTED_AUTO,0,0,0,,,,,0,0,0,ESDB_V0_4
12430,12668,abduction,-12.4342,1,PASS,40,,n,abduction,LEMMA,,MASTER,0,0,0,,,,,0,0,0,ESDB_V0_4
12431,12669,abe,-12.4342,0,NOT_EXACT_EN_US,,,,,,,REJECTED_AUTO,0,0,0,,,,,0,0,0,ESDB_V0_4
12432,12670,acknowledges,-12.4342,1,PASS,35,,v,acknowledge,FORM,,MASTER,0,1,0,,acknowledge,,,1,0,0,ESDB_V0_4
12433,12671,activism,-12.4342,1,PASS,40,,n,activism,LEMMA,,MASTER,0,0,0,,,,,0,0,0,ESDB_V0_4
12434,12673,alicia,-12.4342,0,NOT_EXACT_EN_US,,,,,,,REJECTED_AUTO,0,0,0,,,,,0,0,0,ESDB_V0_4
12435,12674,alt,-12.4342,0,NO_ESDB_GENERAL_EVIDENCE,,,,,,,REJECTED_AUTO,0,0,0,,,,,0,0,0,ESDB_V0_4
12436,12675,ambiguous,-12.4342,1,PASS,35,,aj,ambiguous,LEMMA,,MASTER,0,0,0,,,,,0,0,0,ESDB_V0_4
12437,12676,anita,-12.4342,0,NOT_EXACT_EN_US,,,,,,,REJECTED_AUTO,0,0,0,,,,,0,0,0,ESDB_V0_4
12438,12677,apartheid,-12.4342,1,PASS,35,,n,apartheid,LEMMA,,MASTER,0,0,0,,,,,0,0,0,ESDB_V0_4
12439,12678,apostolic,-12.4342,1,PASS,40,,aj,apostolic,LEMMA,,MASTER,0,0,0,,,,,0,0,0,ESDB_V0_4
12440,12679,applicant,-12.4342,1,PASS,35,,n,applicant,LEMMA,,MASTER,0,1,1,,,,applicants,0,1,1,ESDB_V0_4
12441,12680,archaeology,-12.4342,1,PASS,35,,n,archaeology,LEMMA,,MASTER,0,0,0,,,,,0,0,0,ESDB_V0_4
12442,12681,arlington,-12.4342,0,NOT_EXACT_EN_US,,,,,,,REJECTED_AUTO,0,0,0,,,,,0,0,0,ESDB_V0_4
12443,12682,attic,-12.4342,1,PASS,35,50,n,attic,LEMMA,,MASTER,0,0,0,,,,,0,0,0,ESDB_V0_4
12444,12683,azerbaijan,-12.4342,0,NOT_EXACT_EN_US,,,,,,,REJECTED_AUTO,0,0,0,,,,,0,0,0,ESDB_V0_4
12445,12684,baba,-12.4342,1,PASS,60,,n,baba,LEMMA,,MASTER,0,0,0,,,,,0,0,0,ESDB_V0_4
12446,12685,banquet,-12.4342,1,PASS,35,,n_v,banquet,LEMMA,,MASTER,0,0,0,,,,,0,0,0,ESDB_V0_4
12447,12686,barred,-12.4342,1,PASS,35,,n_v;aj,bar;barred,FORM;LEMMA,,MASTER,0,0,0,,,,,0,0,0,ESDB_V0_4
12448,12687,bauer,-12.4342,0,NOT_EXACT_EN_US,,,,,,,REJECTED_AUTO,0,0,0,,,,,0,0,0,ESDB_V0_4
12449,12688,blossom,-12.4342,1,PASS,35,,n_v,blossom,LEMMA,,MASTER,0,1,1,,,,blossoms,0,1,1,ESDB_V0_4
12450,12689,bonding,-12.4342,1,PASS,35,,n_v;n,bond;bonding,FORM;LEMMA,,MASTER,0,0,0,,,,,0,0,0,ESDB_V0_4
12451,12690,brackets,-12.4342,1,PASS,35,,n_v,bracket,FORM,,MASTER,0,1,0,,bracket,,,1,0,0,ESDB_V0_4
12452,12691,breakup,-12.4342,1,PASS,40,,n,breakup,LEMMA,,MASTER,0,0,0,,,,,0,0,0,ESDB_V0_4
12453,12692,bruins,-12.4342,1,PASS,50,,n,bruin,FORM,,MASTER,0,1,0,ruins,,,,1,0,0,ESDB_V0_4
12454,12693,capacities,-12.4342,1,PASS,35,,n,capacity,FORM,,MASTER,0,0,0,,,,,0,0,0,ESDB_V0_4
12455,12694,ceremonial,-12.4342,1,PASS,35,,n;aj,ceremonial,LEMMA,,MASTER,0,0,0,,,,,0,0,0,ESDB_V0_4
12456,12695,circulated,-12.4342,1,PASS,35,,v,circulate,FORM,,MASTER,0,0,0,,,,,0,0,0,ESDB_V0_4
12457,12696,coated,-12.4342,1,PASS,35,,n_v;aj,coat;coated,FORM;LEMMA,,MASTER,0,0,0,,,,,0,0,0,ESDB_V0_4
12458,12697,coded,-12.4342,1,PASS,35,,n_v,code,FORM,,MASTER,0,1,0,,code,,,1,0,0,ESDB_V0_4
12459,12698,collects,-12.4342,1,PASS,35,,n_v,collect,FORM,,MASTER,0,1,0,,collect,,,1,0,0,ESDB_V0_4
12460,12699,confederate,-12.4342,1,PASS,35,40,n_v;aj,confederate,LEMMA,,MASTER,0,0,0,,,,,0,0,0,ESDB_V0_4
12461,12700,confiscated,-12.4342,1,PASS,35,,v,confiscate,FORM,,MASTER,0,0,0,,,,,0,0,0,ESDB_V0_4
12462,12701,consul,-12.4342,1,PASS,35,,n,consul,LEMMA,,MASTER,0,1,1,,,,consult,0,1,0,ESDB_V0_4
12463,12702,contradiction,-12.4342,1,PASS,35,,n,contradiction,LEMMA,,MASTER,0,1,1,,,,contradictions,0,1,1,ESDB_V0_4
12464,12703,convergence,-12.4342,1,PASS,35,,n,convergence,LEMMA,,MASTER,0,0,0,,,,,0,0,0,ESDB_V0_4
12465,12704,cornell,-12.4342,0,NOT_EXACT_EN_US,,,,,,,REJECTED_AUTO,0,0,0,,,,,0,0,0,ESDB_V0_4
12466,12705,crunch,-12.4342,1,PASS,35,,n_v,crunch,LEMMA,,MASTER,0,0,0,,,,,0,0,0,ESDB_V0_4
12467,12706,cutter,-12.4342,1,PASS,35,,n,cutter,LEMMA,,MASTER,0,1,0,utter,,,,1,0,0,ESDB_V0_4
12468,12707,cynical,-12.4342,1,PASS,35,,aj,cynical,LEMMA,,MASTER,0,0,0,,,,,0,0,0,ESDB_V0_4
12469,12708,dang,-12.4342,1,PASS,60,,v;a;i,dang,LEMMA,,MASTER,0,0,0,,,,,0,0,0,ESDB_V0_4
12470,12709,deluxe,-12.4342,1,PASS,35,,aj,deluxe,LEMMA,,MASTER,0,0,0,,,,,0,0,0,ESDB_V0_4
12471,12710,dementia,-12.4342,1,PASS,35,,n,dementia,LEMMA,,MASTER,0,0,0,,,,,0,0,0,ESDB_V0_4
12472,12711,diaries,-12.4342,1,PASS,35,,n,diary,FORM,,MASTER,0,0,0,,,,,0,0,0,ESDB_V0_4
12473,12712,distributor,-12.4342,1,PASS,35,,n,distributor,LEMMA,,MASTER,0,1,1,,,,distributors,0,1,1,ESDB_V0_4
12474,12713,dunn,-12.4342,0,NOT_EXACT_EN_US,,,,,,,REJECTED_AUTO,0,0,0,,,,,0,0,0,ESDB_V0_4
12475,12714,edt,-12.4342,0,NOT_EXACT_EN_US,,,,,,,REJECTED_AUTO,0,0,0,,,,,0,0,0,ESDB_V0_4
12476,12715,elf,-12.4342,1,PASS,35,60,n,elf,LEMMA,,MASTER,0,1,1,,,self,,0,1,0,ESDB_V0_4
12477,12716,embracing,-12.4342,1,PASS,35,,n_v;n,embrace;embracing,FORM;LEMMA,,MASTER,0,0,0,,,,,0,0,0,ESDB_V0_4
12478,12717,encryption,-12.4342,1,PASS,35,,n,encryption,LEMMA,,MASTER,0,0,0,,,,,0,0,0,ESDB_V0_4
12479,12718,entrusted,-12.4342,1,PASS,35,,v,entrust,FORM,,MASTER,0,0,0,,,,,0,0,0,ESDB_V0_4
12480,12719,enzymes,-12.4342,1,PASS,35,,n,enzyme,FORM,,MASTER,0,1,0,,enzyme,,,1,0,0,ESDB_V0_4
12481,12720,erin,-12.4342,0,NOT_EXACT_EN_US,,,,,,,REJECTED_AUTO,0,0,0,,,,,0,0,0,ESDB_V0_4
12482,12721,flex,-12.4342,1,PASS,35,,n_v,flex,LEMMA,,MASTER,0,0,0,,,,,0,0,0,ESDB_V0_4
12483,12722,francs,-12.4342,1,PASS,35,,n,franc,FORM,,MASTER,0,0,0,,,,,0,0,0,ESDB_V0_4
12484,12723,franz,-12.4342,0,NOT_EXACT_EN_US,,,,,,,REJECTED_AUTO,0,0,0,,,,,0,0,0,ESDB_V0_4
12485,12724,furnace,-12.4342,1,PASS,35,,n,furnace,LEMMA,,MASTER,0,0,0,,,,,0,0,0,ESDB_V0_4
12486,12725,fuzzy,-12.4342,1,PASS,35,,aj,fuzzy,LEMMA,,MASTER,0,0,0,,,,,0,0,0,ESDB_V0_4
12487,12726,gallons,-12.4342,1,PASS,35,,n,gallon,FORM,,MASTER,0,1,0,,gallon,,,1,0,0,ESDB_V0_4
12488,12728,gerry,-12.4342,0,NOT_EXACT_EN_US,,,,,,,REJECTED_AUTO,0,0,0,,,,,0,0,0,ESDB_V0_4
12489,12729,glacier,-12.4342,1,PASS,35,,n,glacier,LEMMA,,MASTER,0,1,1,,,,glaciers,0,1,1,ESDB_V0_4
12490,12730,gluten,-12.4342,1,PASS,50,,n,gluten,LEMMA,,MASTER,0,0,0,,,,,0,0,0,ESDB_V0_4
12491,12731,goodman,-12.4342,0,NOT_EXACT_EN_US,,,,,,,REJECTED_AUTO,0,0,0,,,,,0,0,0,ESDB_V0_4
12492,12732,grammy,-12.4342,0,NOT_EXACT_EN_US,,,,,,,REJECTED_AUTO,0,0,0,,,,,0,0,0,ESDB_V0_4
12493,12733,grilled,-12.4342,1,PASS,35,,n_v;aj,grill;grilled,FORM;LEMMA,,MASTER,0,0,0,,,,,0,0,0,ESDB_V0_4
12494,12734,hanged,-12.4342,1,PASS,35,,v,hang,FORM,,MASTER,0,1,1,,,changed,,0,1,0,ESDB_V0_4
12495,12735,helena,-12.4342,0,NOT_EXACT_EN_US,,,,,,,REJECTED_AUTO,0,0,0,,,,,0,0,0,ESDB_V0_4
12496,12736,hoffman,-12.4342,0,NOT_EXACT_EN_US,,,,,,,REJECTED_AUTO,0,0,0,,,,,0,0,0,ESDB_V0_4
12497,12737,holden,-12.4342,0,NOT_EXACT_EN_US,,,,,,,REJECTED_AUTO,0,0,0,,,,,0,0,0,ESDB_V0_4
12498,12738,holiness,-12.4342,1,PASS,35,60,n,holiness,LEMMA,,MASTER,0,0,0,,,,,0,0,0,ESDB_V0_4
12499,12739,hooks,-12.4342,1,PASS,35,,n_v;n,hook;hooks,FORM;LEMMA,,MASTER,0,1,0,,hook,,,1,0,0,ESDB_V0_4
12500,12740,hugs,-12.4342,1,PASS,35,,n_v,hug,FORM,,MASTER,0,1,1,,hug,thugs,,1,1,0,ESDB_V0_4
12501,12741,humane,-12.4342,1,PASS,35,,aj,humane,LEMMA,,MASTER,0,1,0,,human,,,1,0,0,ESDB_V0_4
12502,12742,hydro,-12.4342,1,PASS,60,,n,hydro,LEMMA,,MASTER,0,0,0,,,,,0,0,0,ESDB_V0_4
12503,12743,ibrahim,-12.4342,0,NOT_EXACT_EN_US,,,,,,,REJECTED_AUTO,0,0,0,,,,,0,0,0,ESDB_V0_4
12504,12744,impatient,-12.4342,1,PASS,35,,aj,impatient,LEMMA,,MASTER,0,0,0,,,,,0,0,0,ESDB_V0_4
12505,12745,implying,-12.4342,1,PASS,35,,v,imply,FORM,,MASTER,0,0,0,,,,,0,0,0,ESDB_V0_4
12506,12746,indicative,-12.4342,1,PASS,35,,n;aj,indicative,LEMMA,,MASTER,0,0,0,,,,,0,0,0,ESDB_V0_4
12507,12747,inspect,-12.4342,1,PASS,35,,v,inspect,LEMMA,,MASTER,0,0,0,,,,,0,0,0,ESDB_V0_4
12508,12748,insulation,-12.4342,1,PASS,35,,n,insulation,LEMMA,,MASTER,0,0,0,,,,,0,0,0,ESDB_V0_4
12509,12749,interrogation,-12.4342,1,PASS,35,,n,interrogation,LEMMA,,MASTER,0,0,0,,,,,0,0,0,ESDB_V0_4
12510,12750,intimacy,-12.4342,1,PASS,35,,n,intimacy,LEMMA,,MASTER,0,0,0,,,,,0,0,0,ESDB_V0_4
12511,12751,intriguing,-12.4342,1,PASS,35,,n_v;aj,intrigue;intriguing,FORM;LEMMA,,MASTER,0,0,0,,,,,0,0,0,ESDB_V0_4
12512,12752,irrational,-12.4342,1,PASS,35,,n;aj,irrational,LEMMA,,MASTER,0,0,0,,,,,0,0,0,ESDB_V0_4
12513,12753,jong,-12.4342,0,NOT_EXACT_EN_US,,,,,,,REJECTED_AUTO,0,0,0,,,,,0,0,0,ESDB_V0_4
12514,12754,judgments,-12.4342,1,PASS,35,,n,judgment,FORM,,MASTER,0,1,0,,judgment,,,1,0,0,ESDB_V0_4
12515,12755,kingdoms,-12.4342,1,PASS,35,,n,kingdom,FORM,,MASTER,0,1,0,,kingdom,,,1,0,0,ESDB_V0_4
12516,12756,kobe,-12.4342,0,NOT_EXACT_EN_US,,,,,,,REJECTED_AUTO,0,0,0,,,,,0,0,0,ESDB_V0_4
12517,12757,kyoto,-12.4342,0,NOT_EXACT_EN_US,,,,,,,REJECTED_AUTO,0,0,0,,,,,0,0,0,ESDB_V0_4
12518,12758,lana,-12.4342,0,NOT_EXACT_EN_US,,,,,,,REJECTED_AUTO,0,0,0,,,,,0,0,0,ESDB_V0_4
12519,12759,laurie,-12.4342,0,NOT_EXACT_EN_US,,,,,,,REJECTED_AUTO,0,0,0,,,,,0,0,0,ESDB_V0_4
12520,12760,lima,-12.4342,0,NOT_EXACT_EN_US,,,,,,,REJECTED_AUTO,0,0,0,,,,,0,0,0,ESDB_V0_4
12521,12761,ls,-12.4342,0,NOT_EXACT_EN_US,,,,,,,REJECTED_AUTO,0,0,0,,,,,0,0,0,ESDB_V0_4
12522,12762,mae,-12.4342,0,NOT_EXACT_EN_US,,,,,,,REJECTED_AUTO,0,0,0,,,,,0,0,0,ESDB_V0_4
12523,12763,mai,-12.4342,0,NOT_EXACT_EN_US,,,,,,,REJECTED_AUTO,0,0,0,,,,,0,0,0,ESDB_V0_4
12524,12764,marital,-12.4342,1,PASS,35,,aj,marital,LEMMA,,MASTER,0,0,0,,,,,0,0,0,ESDB_V0_4
12525,12765,mayer,-12.4342,0,NOT_EXACT_EN_US,,,,,,,REJECTED_AUTO,0,0,0,,,,,0,0,0,ESDB_V0_4
12526,12766,mis,-12.4342,0,NOT_EXACT_EN_US,,,,,,,REJECTED_AUTO,0,0,0,,,,,0,0,0,ESDB_V0_4
12527,12767,moderately,-12.4342,1,PASS,35,,av,moderately,LEMMA,,MASTER,0,0,0,,,,,0,0,0,ESDB_V0_4
12528,12768,mohamed,-12.4342,0,NOT_EXACT_EN_US,,,,,,,REJECTED_AUTO,0,0,0,,,,,0,0,0,ESDB_V0_4
12529,12769,mu,-12.4342,1,PASS,35,,n,mu,LEMMA,,MASTER,0,1,1,,,,mum;mud;mug,0,3,0,ESDB_V0_4
12530,12770,nairobi,-12.4342,0,NOT_EXACT_EN_US,,,,,,,REJECTED_AUTO,0,0,0,,,,,0,0,0,ESDB_V0_4
12531,12771,needless,-12.4342,1,PASS,35,,aj,needless,LEMMA,,MASTER,0,1,0,,needles,,,1,0,0,ESDB_V0_4
12532,12772,nokia,-12.4342,0,NOT_EXACT_EN_US,,,,,,,REJECTED_AUTO,0,0,0,,,,,0,0,0,ESDB_V0_4
12533,12773,noticing,-12.4342,1,PASS,35,,n_v,notice,FORM,,MASTER,0,0,0,,,,,0,0,0,ESDB_V0_4
12534,12774,nuns,-12.4342,1,PASS,35,,n,nun,FORM,,MASTER,0,1,0,,nun,,,1,0,0,ESDB_V0_4
12535,12775,oasis,-12.4342,1,PASS,35,,n,oasis,LEMMA,,MASTER,0,0,0,,,,,0,0,0,ESDB_V0_4
12536,12776,occupies,-12.4342,1,PASS,35,,v,occupy,FORM,,MASTER,0,0,0,,,,,0,0,0,ESDB_V0_4
12537,12777,painters,-12.4342,1,PASS,40,,n,painter,FORM,,MASTER,0,1,0,,painter,,,1,0,0,ESDB_V0_4
12538,12778,patterson,-12.4342,0,NOT_EXACT_EN_US,,,,,,,REJECTED_AUTO,0,0,0,,,,,0,0,0,ESDB_V0_4
12539,12779,paypal,-12.4342,0,NOT_EXACT_EN_US,,,,,,,REJECTED_AUTO,0,0,0,,,,,0,0,0,ESDB_V0_4
12540,12780,penal,-12.4342,1,PASS,35,,aj,penal,LEMMA,,MASTER,0,0,0,,,,,0,0,0,ESDB_V0_4
12541,12781,peyton,-12.4342,0,NOT_EXACT_EN_US,,,,,,,REJECTED_AUTO,0,0,0,,,,,0,0,0,ESDB_V0_4
12542,12782,pigeon,-12.4342,1,PASS,35,,n,pigeon,LEMMA,,MASTER,0,1,1,,,,pigeons,0,1,1,ESDB_V0_4
12543,12783,pike,-12.4342,1,PASS,35,50,v;n,pike,LEMMA;FORM,,MASTER,0,1,1,,,spike,,0,1,0,ESDB_V0_4
12544,12784,policemen,-12.4342,1,PASS,35,,n,policeman,FORM,,MASTER,0,0,0,,,,,0,0,0,ESDB_V0_4
12545,12785,potassium,-12.4342,1,PASS,35,,n,potassium,LEMMA,,MASTER,0,0,0,,,,,0,0,0,ESDB_V0_4
12546,12786,practise,-12.4342,0,NOT_EXACT_EN_US,,,,,,,REJECTED_AUTO,0,0,0,,,,,0,0,0,ESDB_V0_4
12547,12787,professions,-12.4342,1,PASS,35,,n,profession,FORM,,MASTER,0,1,0,,profession,,,1,0,0,ESDB_V0_4
12548,12788,prostitutes,-12.4342,1,PASS,35,,n_v,prostitute,FORM,,MASTER,0,1,0,,prostitute,,,1,0,0,ESDB_V0_4
12549,12789,protesting,-12.4342,1,PASS,35,,n_v,protest,FORM,,MASTER,0,0,0,,,,,0,0,0,ESDB_V0_4
12550,12790,provoke,-12.4342,1,PASS,35,,v,provoke,LEMMA,,MASTER,0,1,1,,,,provoked,0,1,1,ESDB_V0_4
12551,12791,pudding,-12.4342,1,PASS,35,,n,pudding,LEMMA,,MASTER,0,0,0,,,,,0,0,0,ESDB_V0_4
12552,12792,punches,-12.4342,1,PASS,35,,n_v,punch,FORM,,MASTER,0,0,0,,,,,0,0,0,ESDB_V0_4
12553,12793,qualitative,-12.4342,1,PASS,35,,aj,qualitative,LEMMA,,MASTER,0,0,0,,,,,0,0,0,ESDB_V0_4
12554,12794,qui,-12.4342,0,NOT_EXACT_EN_US,,,,,,,REJECTED_AUTO,0,0,0,,,,,0,0,0,ESDB_V0_4
12555,12795,quota,-12.4342,1,PASS,35,,n,quota,LEMMA,,MASTER,0,1,1,,,,quotas,0,1,1,ESDB_V0_4
12556,12796,raf,-12.4342,0,NOT_EXACT_EN_US,,,,,,,REJECTED_AUTO,0,0,0,,,,,0,0,0,ESDB_V0_4
12557,12797,refresh,-12.4342,1,PASS,35,,v,refresh,LEMMA,,MASTER,0,0,0,,,,,0,0,0,ESDB_V0_4
12558,12798,reminiscent,-12.4342,1,PASS,35,,aj,reminiscent,LEMMA,,MASTER,0,0,0,,,,,0,0,0,ESDB_V0_4
12559,12799,salty,-12.4342,1,PASS,35,,aj,salty,LEMMA,,MASTER,0,1,0,,salt,,,1,0,0,ESDB_V0_4
12560,12800,seaside,-12.4342,1,PASS,35,60,n;a,seaside,LEMMA,,MASTER,0,0,0,,,,,0,0,0,ESDB_V0_4
12561,12801,seminary,-12.4342,1,PASS,35,,n,seminary,LEMMA,,MASTER,0,1,0,,seminar,,,1,0,0,ESDB_V0_4
12562,12802,sensory,-12.4342,1,PASS,35,,aj,sensory,LEMMA,,MASTER,0,1,0,,sensor,,,1,0,0,ESDB_V0_4
12563,12803,sidewalk,-12.4342,1,PASS,35,,n,sidewalk,LEMMA,,MASTER,0,0,0,,,,,0,0,0,ESDB_V0_4
12564,12804,simulator,-12.4342,1,PASS,35,,n,simulator,LEMMA,,MASTER,0,0,0,,,,,0,0,0,ESDB_V0_4
12565,12805,slips,-12.4342,1,PASS,35,,n_v,slip,FORM,,MASTER,0,1,0,lips,slip,,,2,0,0,ESDB_V0_4
12566,12806,sm,-12.4342,0,NOT_EXACT_EN_US,,,,,,,REJECTED_AUTO,0,0,0,,,,,0,0,0,ESDB_V0_4
12567,12807,spilled,-12.4342,1,PASS,35,,n_v,spill,FORM,,MASTER,0,0,0,,,,,0,0,0,ESDB_V0_4
12568,12808,stalking,-12.4342,1,PASS,35,,n_v;n,stalk;stalking,FORM;LEMMA,,MASTER,0,1,0,talking,,,,1,0,0,ESDB_V0_4
12569,12809,succeeding,-12.4342,1,PASS,35,,v;aj,succeed;succeeding,FORM;LEMMA,,MASTER,0,0,0,,,,,0,0,0,ESDB_V0_4
12570,12810,summarized,-12.4342,1,PASS,35,,v,summarize,FORM,,MASTER,0,1,0,,summarize,,,1,0,0,ESDB_V0_4
12571,12811,summed,-12.4342,1,PASS,35,,n_v,sum,FORM,,MASTER,0,0,0,,,,,0,0,0,ESDB_V0_4
12572,12812,superiority,-12.4342,1,PASS,35,,n,superiority,LEMMA,,MASTER,0,0,0,,,,,0,0,0,ESDB_V0_4
12573,12813,sylvia,-12.4342,0,NOT_EXACT_EN_US,,,,,,,REJECTED_AUTO,0,0,0,,,,,0,0,0,ESDB_V0_4
12574,12814,tamil,-12.4342,0,NOT_EXACT_EN_US,,,,,,,REJECTED_AUTO,0,0,0,,,,,0,0,0,ESDB_V0_4
12575,12815,taxed,-12.4342,1,PASS,35,,n_v,tax,FORM,,MASTER,0,0,0,,,,,0,0,0,ESDB_V0_4
12576,12816,tc,-12.4342,0,NOT_EXACT_EN_US,,,,,,,REJECTED_AUTO,0,0,0,,,,,0,0,0,ESDB_V0_4
12577,12817,termed,-12.4342,1,PASS,35,,n_v,term,FORM,,MASTER,0,0,0,,,,,0,0,0,ESDB_V0_4
12578,12818,tha,-12.4342,0,NOT_EXACT_EN_US,,,,,,,REJECTED_AUTO,0,0,0,,,,,0,0,0,ESDB_V0_4
12579,12819,tibet,-12.4342,0,NOT_EXACT_EN_US,,,,,,,REJECTED_AUTO,0,0,0,,,,,0,0,0,ESDB_V0_4
12580,12820,tilt,-12.4342,1,PASS,35,,n_v,tilt,LEMMA,,MASTER,0,1,0,,til,,,1,0,0,ESDB_V0_4
12581,12821,tor,-12.4342,1,PASS,50,,n,tor,LEMMA,,MASTER,0,1,1,or,to,,torn;tore,2,2,0,ESDB_V0_4
12582,12822,troll,-12.4342,1,PASS,35,,n_v,troll,LEMMA,,MASTER,0,1,1,roll,,stroll,trolls,1,2,1,ESDB_V0_4
12583,12823,trumpet,-12.4342,1,PASS,35,,n_v,trumpet,LEMMA,,MASTER,0,0,0,,,,,0,0,0,ESDB_V0_4
12584,12824,vastly,-12.4342,1,PASS,35,,av,vastly,LEMMA,,MASTER,0,0,0,,,,,0,0,0,ESDB_V0_4
12585,12825,vibration,-12.4342,1,PASS,35,,n,vibration,LEMMA,,MASTER,0,1,1,,,,vibrations,0,1,1,ESDB_V0_4
12586,12826,violently,-12.4342,1,PASS,35,,av,violently,LEMMA,,MASTER,0,0,0,,,,,0,0,0,ESDB_V0_4
12587,12827,wal,-12.4342,0,NOT_EXACT_EN_US,,,,,,,REJECTED_AUTO,0,0,0,,,,,0,0,0,ESDB_V0_4
12588,12828,warp,-12.4342,1,PASS,35,,n_v,warp,LEMMA,,MASTER,0,1,0,,war,,,1,0,0,ESDB_V0_4
12589,12829,wasnt,-12.4342,0,NOT_EXACT_EN_US,,,,,,,REJECTED_AUTO,0,0,0,,,,,0,0,0,ESDB_V0_4
12590,12830,weary,-12.4342,1,PASS,35,,v;aj,weary,LEMMA,,MASTER,0,1,0,,wear,,,1,0,0,ESDB_V0_4
12591,12831,wh,-12.4342,0,NOT_EXACT_EN_US,,,,,,,REJECTED_AUTO,0,0,0,,,,,0,0,0,ESDB_V0_4
12592,12832,accession,-12.4571,1,PASS,50,,n,accession,LEMMA,,MASTER,0,0,0,,,,,0,0,0,ESDB_V0_4
12593,12833,accreditation,-12.4571,1,PASS,40,,n,accreditation,LEMMA,,MASTER,0,0,0,,,,,0,0,0,ESDB_V0_4
12594,12834,adhere,-12.4571,1,PASS,35,,v,adhere,LEMMA,,MASTER,0,0,0,,,,,0,0,0,ESDB_V0_4
12595,12835,admiration,-12.4571,1,PASS,35,,n,admiration,LEMMA,,MASTER,0,0,0,,,,,0,0,0,ESDB_V0_4
12596,12836,adolescents,-12.4571,1,PASS,35,,n,adolescent,FORM,,MASTER,0,1,0,,adolescent,,,1,0,0,ESDB_V0_4
12597,12837,advising,-12.4571,1,PASS,35,,v,advise,FORM,,MASTER,0,0,0,,,,,0,0,0,ESDB_V0_4
12598,12838,alec,-12.4571,0,NOT_EXACT_EN_US,,,,,,,REJECTED_AUTO,0,0,0,,,,,0,0,0,ESDB_V0_4
12599,12839,alloy,-12.4571,1,PASS,35,,n_v,alloy,LEMMA,,MASTER,0,0,0,,,,,0,0,0,ESDB_V0_4
12600,12840,angus,-12.4571,0,NOT_EXACT_EN_US,,,,,,,REJECTED_AUTO,0,0,0,,,,,0,0,0,ESDB_V0_4
12601,12841,anton,-12.4571,0,NOT_EXACT_EN_US,,,,,,,REJECTED_AUTO,0,0,0,,,,,0,0,0,ESDB_V0_4
12602,12842,aux,-12.4571,0,NO_ESDB_GENERAL_EVIDENCE,,,,,,,REJECTED_AUTO,0,0,0,,,,,0,0,0,ESDB_V0_4
12603,12843,bale,-12.4571,1,PASS,35,,n_v,bale,LEMMA,,MASTER,0,1,0,ale,,,,1,0,0,ESDB_V0_4
12604,12844,barley,-12.4571,1,PASS,35,,n,barley,LEMMA,,MASTER,0,0,0,,,,,0,0,0,ESDB_V0_4
12605,12845,benny,-12.4571,0,NOT_EXACT_EN_US,,,,,,,REJECTED_AUTO,0,0,0,,,,,0,0,0,ESDB_V0_4
12606,12846,bing,-12.4571,0,NOT_EXACT_EN_US,,,,,,,REJECTED_AUTO,0,0,0,,,,,0,0,0,ESDB_V0_4
12607,12847,bisexual,-12.4571,1,PASS,35,,n;aj,bisexual,LEMMA,,MASTER,0,0,0,,,,,0,0,0,ESDB_V0_4
12608,12848,blackberry,-12.4571,1,PASS,35,60,n,blackberry,LEMMA,,MASTER,0,0,0,,,,,0,0,0,ESDB_V0_4
12609,12849,braves,-12.4571,1,PASS,35,,n_v,brave,FORM,,MASTER,0,1,0,,brave,,,1,0,0,ESDB_V0_4
12610,12850,bullied,-12.4571,1,PASS,35,,n_v,bully,FORM,,MASTER,0,0,0,,,,,0,0,0,ESDB_V0_4
12611,12851,bumper,-12.4571,1,PASS,35,,n;a,bumper,LEMMA,,MASTER,0,0,0,,,,,0,0,0,ESDB_V0_4
12612,12852,calculator,-12.4571,1,PASS,35,,n,calculator,LEMMA,,MASTER,0,0,0,,,,,0,0,0,ESDB_V0_4
12613,12853,catastrophic,-12.4571,1,PASS,35,,aj,catastrophic,LEMMA,,MASTER,0,0,0,,,,,0,0,0,ESDB_V0_4
12614,12854,chamberlain,-12.4571,0,CASE_FREQ_COLLISION,50,50,n,chamberlain,LEMMA,,REJECTED_AUTO,0,0,0,,,,,0,0,0,ESDB_V0_4
12615,12855,climax,-12.4571,1,PASS,35,,n_v,climax,LEMMA,,MASTER,0,0,0,,,,,0,0,0,ESDB_V0_4
12616,12856,clocks,-12.4571,1,PASS,35,,n_v,clock,FORM,,MASTER,0,1,0,locks,clock,,,2,0,0,ESDB_V0_4
12617,12857,clone,-12.4571,1,PASS,35,,n;v,clone,LEMMA,,MASTER,0,1,1,lone,,,clones,1,1,1,ESDB_V0_4
12618,12858,coaster,-12.4571,1,PASS,35,,n,coaster,LEMMA,,MASTER,0,0,0,,,,,0,0,0,ESDB_V0_4
12619,12859,compatibility,-12.4571,1,PASS,35,,n,compatibility,LEMMA,,MASTER,0,0,0,,,,,0,0,0,ESDB_V0_4
12620,12860,conceded,-12.4571,1,PASS,35,,v,concede,FORM,,MASTER,0,1,0,,concede,,,1,0,0,ESDB_V0_4
12621,12861,cons,-12.4571,1,PASS,35,,n_v,con,FORM,,MASTER,0,1,1,,con,icons,,1,1,0,ESDB_V0_4
12622,12862,consulate,-12.4571,1,PASS,35,,n,consulate,LEMMA,,MASTER,0,0,0,,,,,0,0,0,ESDB_V0_4
12623,12863,converts,-12.4571,1,PASS,35,,n_v,convert,FORM,,MASTER,0,1,0,,convert,,,1,0,0,ESDB_V0_4
12624,12864,currencies,-12.4571,1,PASS,35,,n,currency,FORM,,MASTER,0,0,0,,,,,0,0,0,ESDB_V0_4
12625,12865,cv,-12.4571,0,NOT_EXACT_EN_US,,,,,,,REJECTED_AUTO,0,0,0,,,,,0,0,0,ESDB_V0_4
12626,12866,deferred,-12.4571,1,PASS,35,,v,defer,FORM,,MASTER,0,0,0,,,,,0,0,0,ESDB_V0_4
12627,12867,derive,-12.4571,1,PASS,35,,v,derive,LEMMA,,MASTER,0,1,1,,,,derived;derives,0,2,2,ESDB_V0_4
12628,12868,detachment,-12.4571,1,PASS,35,,n,detachment,LEMMA,,MASTER,0,0,0,,,,,0,0,0,ESDB_V0_4
12629,12869,dictate,-12.4571,1,PASS,35,,n_v,dictate,LEMMA,,MASTER,0,1,1,,,,dictated;dictates,0,2,2,ESDB_V0_4
12630,12870,dictator,-12.4571,1,PASS,35,,n,dictator,LEMMA,,MASTER,0,0,0,,,,,0,0,0,ESDB_V0_4
12631,12871,ding,-12.4571,1,PASS,50,,n_v,ding,LEMMA,,MASTER,0,1,0,,din,,,1,0,0,ESDB_V0_4
12632,12872,disappearing,-12.4571,1,PASS,35,,v;n,disappear;disappearing,FORM;LEMMA,,MASTER,0,0,0,,,,,0,0,0,ESDB_V0_4
12633,12873,distract,-12.4571,1,PASS,35,,v,distract,LEMMA,,MASTER,0,0,0,,,,,0,0,0,ESDB_V0_4
12634,12874,diversion,-12.4571,1,PASS,35,,n,diversion,LEMMA,,MASTER,0,0,0,,,,,0,0,0,ESDB_V0_4
12635,12875,dominic,-12.4571,0,NOT_EXACT_EN_US,,,,,,,REJECTED_AUTO,0,0,0,,,,,0,0,0,ESDB_V0_4
12636,12876,doubling,-12.4571,1,PASS,35,,n_v;n,double;doubling,FORM;LEMMA,,MASTER,0,0,0,,,,,0,0,0,ESDB_V0_4
12637,12877,drastically,-12.4571,1,PASS,35,,av,drastically,LEMMA,,MASTER,0,0,0,,,,,0,0,0,ESDB_V0_4
12638,12878,echoes,-12.4571,1,PASS,35,,n_v,echo,FORM,,MASTER,0,0,0,,,,,0,0,0,ESDB_V0_4
12639,12879,educating,-12.4571,1,PASS,35,,v,educate,FORM,,MASTER,0,0,0,,,,,0,0,0,ESDB_V0_4
12640,12880,eg,-12.4571,0,NOT_EXACT_EN_US,,,,,,,REJECTED_AUTO,0,0,0,,,,,0,0,0,ESDB_V0_4
12641,12881,electromagnetic,-12.4571,1,PASS,35,,aj,electromagnetic,LEMMA,,MASTER,0,0,0,,,,,0,0,0,ESDB_V0_4
12642,12882,eminent,-12.4571,1,PASS,35,,aj,eminent,LEMMA,,MASTER,0,0,0,,,,,0,0,0,ESDB_V0_4
12643,12883,enclosure,-12.4571,1,PASS,35,,n,enclosure,LEMMA,,MASTER,0,0,0,,,,,0,0,0,ESDB_V0_4
12644,12884,ensures,-12.4571,1,PASS,35,,v,ensure,FORM,,MASTER,0,1,0,,ensure,,,1,0,0,ESDB_V0_4
12645,12885,evelyn,-12.4571,0,NOT_EXACT_EN_US,,,,,,,REJECTED_AUTO,0,0,0,,,,,0,0,0,ESDB_V0_4
12646,12886,examines,-12.4571,1,PASS,35,,v,examine,FORM,,MASTER,0,1,0,,examine,,,1,0,0,ESDB_V0_4
12647,12887,exposition,-12.4571,1,PASS,35,,n,exposition,LEMMA,,MASTER,0,0,0,,,,,0,0,0,ESDB_V0_4
12648,12888,fest,-12.4571,1,PASS,40,,n,fest,LEMMA,,MASTER,0,0,0,,,,,0,0,0,ESDB_V0_4
12649,12889,filipino,-12.4571,0,NOT_EXACT_EN_US,,,,,,,REJECTED_AUTO,0,0,0,,,,,0,0,0,ESDB_V0_4
12650,12890,fitzgerald,-12.4571,0,NOT_EXACT_EN_US,,,,,,,REJECTED_AUTO,0,0,0,,,,,0,0,0,ESDB_V0_4
12651,12891,flaw,-12.4571,1,PASS,35,,n_v,flaw,LEMMA,,MASTER,0,1,1,law,,,flaws,1,1,1,ESDB_V0_4
12652,12892,forrest,-12.4571,0,NOT_EXACT_EN_US,,,,,,,REJECTED_AUTO,0,0,0,,,,,0,0,0,ESDB_V0_4
12653,12893,fx,-12.4571,0,NOT_EXACT_EN_US,,,,,,,REJECTED_AUTO,0,0,0,,,,,0,0,0,ESDB_V0_4
12654,12894,geo,-12.4571,0,NOT_EXACT_EN_US,,,,,,,REJECTED_AUTO,0,0,0,,,,,0,0,0,ESDB_V0_4
12655,12895,georges,-12.4571,0,NOT_EXACT_EN_US,,,,,,,REJECTED_AUTO,0,0,0,,,,,0,0,0,ESDB_V0_4
12656,12896,handicap,-12.4571,1,PASS,35,,n_v,handicap,LEMMA,,MASTER,0,0,0,,,,,0,0,0,ESDB_V0_4
12657,12897,hardship,-12.4571,1,PASS,35,,n,hardship,LEMMA,,MASTER,0,1,1,,,,hardships,0,1,1,ESDB_V0_4
12658,12898,hash,-12.4571,1,PASS,35,,n_v,hash,LEMMA,,MASTER,0,1,0,ash,has,,,2,0,0,ESDB_V0_4
12659,12899,hernandez,-12.4571,0,NOT_EXACT_EN_US,,,,,,,REJECTED_AUTO,0,0,0,,,,,0,0,0,ESDB_V0_4
12660,12900,hum,-12.4571,1,PASS,35,,n_v;i,hum,LEMMA,,MASTER,0,1,1,um,,,hump,1,1,0,ESDB_V0_4
12661,12901,humanities,-12.4571,1,PASS,35,,n,humanities,LEMMA,,MASTER,0,0,0,,,,,0,0,0,ESDB_V0_4
12662,12902,humility,-12.4571,1,PASS,35,,n,humility,LEMMA,,MASTER,0,0,0,,,,,0,0,0,ESDB_V0_4
12663,12903,hunted,-12.4571,1,PASS,35,,n_v;aj,hunt;hunted,FORM;LEMMA,,MASTER,0,0,0,,,,,0,0,0,ESDB_V0_4
12664,12904,hyper,-12.4571,1,PASS,40,,a,hyper,LEMMA,,MASTER,0,1,0,,hype,,,1,0,0,ESDB_V0_4
12665,12905,influx,-12.4571,1,PASS,35,,n,influx,LEMMA,,MASTER,0,0,0,,,,,0,0,0,ESDB_V0_4
12666,12906,insecurity,-12.4571,1,PASS,35,,n,insecurity,LEMMA,,MASTER,0,0,0,,,,,0,0,0,ESDB_V0_4
12667,12907,instituted,-12.4571,1,PASS,35,,n_v,institute,FORM,,MASTER,0,1,0,,institute,,,1,0,0,ESDB_V0_4
12668,12908,interacting,-12.4571,1,PASS,35,,v,interact,FORM,,MASTER,0,0,0,,,,,0,0,0,ESDB_V0_4
12669,12909,intercept,-12.4571,1,PASS,35,,n_v,intercept,LEMMA,,MASTER,0,0,0,,,,,0,0,0,ESDB_V0_4
12670,12910,jorge,-12.4571,0,NOT_EXACT_EN_US,,,,,,,REJECTED_AUTO,0,0,0,,,,,0,0,0,ESDB_V0_4
12671,12911,juliet,-12.4571,0,NOT_EXACT_EN_US,,,,,,,REJECTED_AUTO,0,0,0,,,,,0,0,0,ESDB_V0_4
12672,12912,kashmir,-12.4571,0,NOT_EXACT_EN_US,,,,,,,REJECTED_AUTO,0,0,0,,,,,0,0,0,ESDB_V0_4
12673,12913,kirby,-12.4571,0,NOT_EXACT_EN_US,,,,,,,REJECTED_AUTO,0,0,0,,,,,0,0,0,ESDB_V0_4
12674,12914,knocks,-12.4571,1,PASS,35,,n_v,knock,FORM,,MASTER,0,1,0,,knock,,,1,0,0,ESDB_V0_4
12675,12915,lagos,-12.4571,0,NOT_EXACT_EN_US,,,,,,,REJECTED_AUTO,0,0,0,,,,,0,0,0,ESDB_V0_4
12676,12916,lest,-12.4571,1,PASS,35,,c,lest,LEMMA,,MASTER,0,0,0,,,,,0,0,0,ESDB_V0_4
12677,12917,liberia,-12.4571,0,NOT_EXACT_EN_US,,,,,,,REJECTED_AUTO,0,0,0,,,,,0,0,0,ESDB_V0_4
12678,12918,lithuania,-12.4571,0,NOT_EXACT_EN_US,,,,,,,REJECTED_AUTO,0,0,0,,,,,0,0,0,ESDB_V0_4
12679,12919,lizard,-12.4571,1,PASS,35,,n,lizard,LEMMA,,MASTER,0,0,0,,,,,0,0,0,ESDB_V0_4
12680,12921,madam,-12.4571,1,PASS,35,60,n,madam,LEMMA,,MASTER,0,1,1,,,,madame,0,1,0,ESDB_V0_4
12681,12922,mails,-12.4571,1,PASS,35,,n_v,mail,FORM,,MASTER,0,1,1,,mail,emails,,1,1,0,ESDB_V0_4
12682,12923,mao,-12.4571,0,NOT_EXACT_EN_US,,,,,,,REJECTED_AUTO,0,0,0,,,,,0,0,0,ESDB_V0_4
12683,12924,maternity,-12.4571,1,PASS,35,,n;a,maternity,LEMMA,,MASTER,0,0,0,,,,,0,0,0,ESDB_V0_4
12684,12925,mccoy,-12.4571,0,NOT_EXACT_EN_US,,,,,,,REJECTED_AUTO,0,0,0,,,,,0,0,0,ESDB_V0_4
12685,12926,militants,-12.4571,1,PASS,35,,n,militant,FORM,,MASTER,0,1,0,,militant,,,1,0,0,ESDB_V0_4
12686,12927,mohammad,-12.4571,0,NOT_EXACT_EN_US,,,,,,,REJECTED_AUTO,0,0,0,,,,,0,0,0,ESDB_V0_4
12687,12928,mosquito,-12.4571,1,PASS,35,,n,mosquito,LEMMA,,MASTER,0,0,0,,,,,0,0,0,ESDB_V0_4
12688,12929,mushroom,-12.4571,1,PASS,35,,n_v;a,mushroom,LEMMA,,MASTER,0,1,1,,,,mushrooms,0,1,1,ESDB_V0_4
12689,12930,niger,-12.4571,0,NOT_EXACT_EN_US,,,,,,,REJECTED_AUTO,0,0,0,,,,,0,0,0,ESDB_V0_4
12690,12931,normandy,-12.4571,0,NOT_EXACT_EN_US,,,,,,,REJECTED_AUTO,0,0,0,,,,,0,0,0,ESDB_V0_4
12691,12932,np,-12.4571,0,NOT_EXACT_EN_US,,,,,,,REJECTED_AUTO,0,0,0,,,,,0,0,0,ESDB_V0_4
12692,12933,nw,-12.4571,0,NOT_EXACT_EN_US,,,,,,,REJECTED_AUTO,0,0,0,,,,,0,0,0,ESDB_V0_4
12693,12934,obedience,-12.4571,1,PASS,35,,n,obedience,LEMMA,,MASTER,0,0,0,,,,,0,0,0,ESDB_V0_4
12694,12935,offend,-12.4571,1,PASS,35,,v,offend,LEMMA,,MASTER,0,0,0,,,,,0,0,0,ESDB_V0_4
12695,12936,outset,-12.4571,1,PASS,35,,n,outset,LEMMA,,MASTER,0,0,0,,,,,0,0,0,ESDB_V0_4
12696,12937,pagan,-12.4571,1,PASS,35,,n;aj,pagan,LEMMA,,MASTER,0,0,0,,,,,0,0,0,ESDB_V0_4
12697,12938,pd,-12.4571,0,NO_ESDB_GENERAL_EVIDENCE,,,,,,,REJECTED_AUTO,0,0,0,,,,,0,0,0,ESDB_V0_4
12698,12939,peacefully,-12.4571,1,PASS,35,,av,peacefully,LEMMA,,MASTER,0,0,0,,,,,0,0,0,ESDB_V0_4
12699,12940,peas,-12.4571,1,PASS,35,,n;v,pea;peas,FORM;LEMMA,,MASTER,0,1,0,,pea,,,1,0,0,ESDB_V0_4
12700,12941,penetrate,-12.4571,1,PASS,35,,v,penetrate,LEMMA,,MASTER,0,1,1,,,,penetrated,0,1,1,ESDB_V0_4
12701,12942,peppers,-12.4571,1,PASS,35,,n_v,pepper,FORM,,MASTER,0,1,0,,pepper,,,1,0,0,ESDB_V0_4
12702,12943,personalized,-12.4571,1,PASS,35,,v;aj,personalize;personalized,FORM;LEMMA,,MASTER,0,0,0,,,,,0,0,0,ESDB_V0_4
12703,12944,pilgrims,-12.4571,1,PASS,35,60,n,pilgrim,FORM,,MASTER,0,1,0,,pilgrim,,,1,0,0,ESDB_V0_4
12704,12945,plaque,-12.4571,1,PASS,35,,n,plaque,LEMMA,,MASTER,0,0,0,,,,,0,0,0,ESDB_V0_4
12705,12946,plead,-12.4571,1,PASS,35,,v,plead,LEMMA,,MASTER,0,1,0,lead,plea,,,2,0,0,ESDB_V0_4
12706,12947,poultry,-12.4571,1,PASS,35,,n,poultry,LEMMA,,MASTER,0,0,0,,,,,0,0,0,ESDB_V0_4
12707,12948,presume,-12.4571,1,PASS,35,,v,presume,LEMMA,,MASTER,0,1,1,resume,,,presumed,1,1,1,ESDB_V0_4
12708,12949,pseudo,-12.4571,1,PASS,35,,aj,pseudo,LEMMA,,MASTER,0,0,0,,,,,0,0,0,ESDB_V0_4
12709,12950,publishes,-12.4571,1,PASS,35,,v,publish,FORM,,MASTER,0,0,0,,,,,0,0,0,ESDB_V0_4
12710,12951,puppies,-12.4571,1,PASS,35,,n,puppy,FORM,,MASTER,0,0,0,,,,,0,0,0,ESDB_V0_4
12711,12952,receptors,-12.4571,1,PASS,50,,n,receptor,FORM,,MASTER,0,1,0,,receptor,,,1,0,0,ESDB_V0_4
12712,12953,redundant,-12.4571,1,PASS,35,,aj,redundant,LEMMA,,MASTER,0,0,0,,,,,0,0,0,ESDB_V0_4
12713,12954,refrigerator,-12.4571,1,PASS,35,,n,refrigerator,LEMMA,,MASTER,0,0,0,,,,,0,0,0,ESDB_V0_4
12714,12955,reich,-12.4571,0,NOT_EXACT_EN_US,,,,,,,REJECTED_AUTO,0,0,0,,,,,0,0,0,ESDB_V0_4
12715,12956,researching,-12.4571,1,PASS,35,,n_v,research,FORM,,MASTER,0,0,0,,,,,0,0,0,ESDB_V0_4
12716,12957,resemblance,-12.4571,1,PASS,35,,n,resemblance,LEMMA,,MASTER,0,0,0,,,,,0,0,0,ESDB_V0_4
12717,12958,rested,-12.4571,1,PASS,35,,n_v;aj,rest;rested,FORM;LEMMA,,MASTER,0,0,0,,,,,0,0,0,ESDB_V0_4
12718,12959,retailer,-12.4571,1,PASS,35,,n,retailer,LEMMA,,MASTER,0,1,1,,,,retailers,0,1,1,ESDB_V0_4
12719,12960,ri,-12.4571,0,NOT_EXACT_EN_US,,,,,,,REJECTED_AUTO,0,0,0,,,,,0,0,0,ESDB_V0_4
12720,12961,ro,-12.4571,0,NOT_EXACT_EN_US,,,,,,,REJECTED_AUTO,0,0,0,,,,,0,0,0,ESDB_V0_4
12721,12962,rust,-12.4571,1,PASS,35,,n;v,rust,LEMMA,,MASTER,0,1,1,,,trust;crust,rusty,0,3,0,ESDB_V0_4
12722,12963,salesman,-12.4571,1,PASS,35,,n,salesman,LEMMA,,MASTER,0,0,0,,,,,0,0,0,ESDB_V0_4
12723,12964,salts,-12.4571,1,PASS,35,,n_v,salt,FORM,,MASTER,0,1,0,,salt,,,1,0,0,ESDB_V0_4
12724,12965,scarlet,-12.4571,1,PASS,35,,n;aj,scarlet,LEMMA,,MASTER,0,0,0,,,,,0,0,0,ESDB_V0_4
12725,12966,schizophrenia,-12.4571,1,PASS,35,,n,schizophrenia,LEMMA,,MASTER,0,0,0,,,,,0,0,0,ESDB_V0_4
12726,12967,serum,-12.4571,1,PASS,35,,n,serum,LEMMA,,MASTER,0,0,0,,,,,0,0,0,ESDB_V0_4
12727,12968,shaving,-12.4571,1,PASS,35,,n_v;n,shave;shaving,FORM;LEMMA,,MASTER,0,1,0,having,,,,1,0,0,ESDB_V0_4
12728,12969,shipments,-12.4571,1,PASS,35,,n,shipment,FORM,,MASTER,0,1,0,,shipment,,,1,0,0,ESDB_V0_4
12729,12970,shits,-12.4571,1,PASS,40,,n;v,shit,FORM,vulgar-1,MASTER,0,1,0,hits,shit,,,2,0,0,ESDB_V0_4
12730,12971,similarity,-12.4571,1,PASS,35,,n,similarity,LEMMA,,MASTER,0,0,0,,,,,0,0,0,ESDB_V0_4
12731,12972,sinister,-12.4571,1,PASS,35,,aj,sinister,LEMMA,,MASTER,0,0,0,,,,,0,0,0,ESDB_V0_4
12732,12973,slain,-12.4571,1,PASS,35,,n;aj;v,slain;slay,LEMMA;FORM,,MASTER,0,0,0,,,,,0,0,0,ESDB_V0_4
12733,12974,spun,-12.4571,1,PASS,35,,n_v,spin,FORM,,MASTER,0,1,0,pun,,,,1,0,0,ESDB_V0_4
12734,12975,steelers,-12.4571,0,NOT_EXACT_EN_US,,,,,,,REJECTED_AUTO,0,0,0,,,,,0,0,0,ESDB_V0_4
12735,12976,stitch,-12.4571,1,PASS,35,,n_v,stitch,LEMMA,,MASTER,0,0,0,,,,,0,0,0,ESDB_V0_4
12736,12977,sustaining,-12.4571,1,PASS,35,,v;n,sustain;sustaining,FORM;LEMMA,,MASTER,0,0,0,,,,,0,0,0,ESDB_V0_4
12737,12978,tally,-12.4571,1,PASS,35,,n_v,tally,LEMMA,,MASTER,0,1,0,ally,tall,,,2,0,0,ESDB_V0_4
12738,12979,tapped,-12.4571,1,PASS,35,,n_v;aj,tap;tapped,FORM;LEMMA,,MASTER,0,0,0,,,,,0,0,0,ESDB_V0_4
12739,12980,textbooks,-12.4571,1,PASS,35,,n,textbook,FORM,,MASTER,0,1,0,,textbook,,,1,0,0,ESDB_V0_4
12740,12981,thankfully,-12.4571,1,PASS,35,,av,thankfully,LEMMA,,MASTER,0,0,0,,,,,0,0,0,ESDB_V0_4
12741,12982,theorem,-12.4571,1,PASS,35,,n,theorem,LEMMA,,MASTER,0,0,0,,,,,0,0,0,ESDB_V0_4
12742,12983,tis,-12.4571,0,NOT_EXACT_EN_US,,,,,,,REJECTED_AUTO,0,0,0,,,,,0,0,0,ESDB_V0_4
12743,12985,toxicity,-12.4571,1,PASS,40,,n,toxicity,LEMMA,,MASTER,0,0,0,,,,,0,0,0,ESDB_V0_4
12744,12986,trajectory,-12.4571,1,PASS,40,,n,trajectory,LEMMA,,MASTER,0,0,0,,,,,0,0,0,ESDB_V0_4
12745,12987,traveller,-12.4571,0,NOT_EXACT_EN_US,,,,,,,REJECTED_AUTO,0,0,0,,,,,0,0,0,ESDB_V0_4
12746,12988,trophies,-12.4571,1,PASS,35,,n,trophy,FORM,,MASTER,0,0,0,,,,,0,0,0,ESDB_V0_4
12747,12989,typhoon,-12.4571,1,PASS,35,,n,typhoon,LEMMA,,MASTER,0,0,0,,,,,0,0,0,ESDB_V0_4
12748,12990,uc,-12.4571,0,NOT_EXACT_EN_US,,,,,,,REJECTED_AUTO,0,0,0,,,,,0,0,0,ESDB_V0_4
12749,12991,viking,-12.4571,0,CASE_FREQ_COLLISION,60,50,n,viking,LEMMA,,REJECTED_AUTO,0,0,0,,,,,0,0,0,ESDB_V0_4
12750,12992,vita,-12.4571,1,PASS,60,,n,vita,LEMMA,,MASTER,0,1,1,,,,vital,0,1,0,ESDB_V0_4
12751,12993,vow,-12.4571,1,PASS,35,,n_v,vow,LEMMA,,MASTER,0,1,1,ow,,,vows,1,1,1,ESDB_V0_4
12752,12994,waiter,-12.4571,1,PASS,35,,n,waiter,LEMMA,,MASTER,0,0,0,,,,,0,0,0,ESDB_V0_4
12753,12995,weber,-12.4571,0,NOT_EXACT_EN_US,,,,,,,REJECTED_AUTO,0,0,0,,,,,0,0,0,ESDB_V0_4
12754,12996,wisely,-12.4571,1,PASS,35,,av,wisely,LEMMA,,MASTER,0,0,0,,,,,0,0,0,ESDB_V0_4
12755,12997,adolescent,-12.4805,1,PASS,35,,n;aj,adolescent,LEMMA,,MASTER,0,1,1,,,,adolescents,0,1,1,ESDB_V0_4
12756,12998,adore,-12.4805,1,PASS,35,,v,adore,LEMMA,,MASTER,0,1,1,,,,adored,0,1,1,ESDB_V0_4
12757,12999,advisors,-12.4805,1,PASS,35,,n,advisor,FORM,,MASTER,0,1,0,,advisor,,,1,0,0,ESDB_V0_4
12758,13000,algae,-12.4805,0,NO_ESDB_GENERAL_EVIDENCE,,,,,,,REJECTED_AUTO,0,0,0,,,,,0,0,0,ESDB_V0_4
12759,13001,armored,-12.4805,1,PASS,35,,v;aj,armor;armored,FORM;LEMMA,,MASTER,0,0,0,,,,,0,0,0,ESDB_V0_4
12760,13002,assemblies,-12.4805,1,PASS,35,,n,assembly,FORM,,MASTER,0,0,0,,,,,0,0,0,ESDB_V0_4
12761,13003,australians,-12.4805,0,NOT_EXACT_EN_US,,,,,,,REJECTED_AUTO,0,0,0,,,,,0,0,0,ESDB_V0_4
12762,13004,awaits,-12.4805,1,PASS,35,,v,await,FORM,,MASTER,0,1,0,waits,await,,,2,0,0,ESDB_V0_4
12763,13006,bach,-12.4805,0,NOT_EXACT_EN_US,,,,,,,REJECTED_AUTO,0,0,0,,,,,0,0,0,ESDB_V0_4
12764,13007,baden,-12.4805,0,NOT_EXACT_EN_US,,,,,,,REJECTED_AUTO,0,0,0,,,,,0,0,0,ESDB_V0_4
12765,13008,bathrooms,-12.4805,1,PASS,35,,n,bathroom,FORM,,MASTER,0,1,0,,bathroom,,,1,0,0,ESDB_V0_4
12766,13009,begged,-12.4805,1,PASS,35,,v,beg,FORM,,MASTER,0,0,0,,,,,0,0,0,ESDB_V0_4
12767,13010,bladder,-12.4805,1,PASS,35,,n,bladder,LEMMA,,MASTER,0,1,0,ladder,,,,1,0,0,ESDB_V0_4
12768,13012,bolton,-12.4805,0,NOT_EXACT_EN_US,,,,,,,REJECTED_AUTO,0,0,0,,,,,0,0,0,ESDB_V0_4
12769,13013,bombed,-12.4805,1,PASS,35,,n_v,bomb,FORM,,MASTER,0,0,0,,,,,0,0,0,ESDB_V0_4
12770,13014,bracelet,-12.4805,1,PASS,35,,n,bracelet,LEMMA,,MASTER,0,1,1,,,,bracelets,0,1,1,ESDB_V0_4
12771,13015,brennan,-12.4805,0,NOT_EXACT_EN_US,,,,,,,REJECTED_AUTO,0,0,0,,,,,0,0,0,ESDB_V0_4
12772,13016,buds,-12.4805,1,PASS,35,,n_v,bud,FORM,,MASTER,0,1,0,,bud,,,1,0,0,ESDB_V0_4
12773,13017,buff,-12.4805,1,PASS,35,,n_v;aj,buff,LEMMA,,MASTER,0,0,0,,,,,0,0,0,ESDB_V0_4
12774,13018,bulldogs,-12.4805,1,PASS,35,,n_v,bulldog,FORM,,MASTER,0,1,0,,bulldog,,,1,0,0,ESDB_V0_4
12775,13019,calculus,-12.4805,1,PASS,35,,n,calculus,LEMMA,,MASTER,0,0,0,,,,,0,0,0,ESDB_V0_4
12776,13020,canberra,-12.4805,0,NOT_EXACT_EN_US,,,,,,,REJECTED_AUTO,0,0,0,,,,,0,0,0,ESDB_V0_4
12777,13021,cannes,-12.4805,0,NOT_EXACT_EN_US,,,,,,,REJECTED_AUTO,0,0,0,,,,,0,0,0,ESDB_V0_4
12778,13022,canton,-12.4805,0,CASE_FREQ_COLLISION,50,50,n,canton,LEMMA,,REJECTED_AUTO,0,0,0,,,,,0,0,0,ESDB_V0_4
12779,13023,careless,-12.4805,1,PASS,35,,aj,careless,LEMMA,,MASTER,0,0,0,,,,,0,0,0,ESDB_V0_4
12780,13024,cedar,-12.4805,1,PASS,35,,n;a,cedar,LEMMA,,MASTER,0,0,0,,,,,0,0,0,ESDB_V0_4
12781,13025,chronicles,-12.4805,1,PASS,35,60,n_v,chronicle,FORM,,MASTER,0,1,0,,chronicle,,,1,0,0,ESDB_V0_4
12782,13026,clans,-12.4805,1,PASS,35,,n,clan,FORM,,MASTER,0,1,0,,clan,,,1,0,0,ESDB_V0_4
12783,13027,clashes,-12.4805,1,PASS,35,,n_v,clash,FORM,,MASTER,0,1,0,lashes,,,,1,0,0,ESDB_V0_4
12784,13028,classmates,-12.4805,1,PASS,35,,n,classmate,FORM,,MASTER,0,1,0,,classmate,,,1,0,0,ESDB_V0_4
12785,13029,colt,-12.4805,1,PASS,35,50,n,colt,LEMMA,,MASTER,0,1,1,,col,,colts,1,1,1,ESDB_V0_4
12786,13030,compose,-12.4805,1,PASS,35,,v,compose,LEMMA,,MASTER,0,1,1,,,,composed;composer,0,2,1,ESDB_V0_4
12787,13031,contestants,-12.4805,1,PASS,35,,n,contestant,FORM,,MASTER,0,1,0,,contestant,,,1,0,0,ESDB_V0_4
12788,13032,coolest,-12.4805,1,PASS,35,,aj,cool,FORM,,MASTER,0,0,0,,,,,0,0,0,ESDB_V0_4
12789,13033,courtroom,-12.4805,1,PASS,35,,n,courtroom,LEMMA,,MASTER,0,0,0,,,,,0,0,0,ESDB_V0_4
12790,13034,cove,-12.4805,1,PASS,35,,n,cove,LEMMA,,MASTER,0,1,1,,,,cover,0,1,0,ESDB_V0_4
12791,13035,coward,-12.4805,1,PASS,35,50,n;a,coward,LEMMA,,MASTER,0,0,0,,,,,0,0,0,ESDB_V0_4
12792,13036,crafted,-12.4805,1,PASS,35,,n_v,craft,FORM,,MASTER,0,0,0,,,,,0,0,0,ESDB_V0_4
12793,13037,creations,-12.4805,1,PASS,35,,n,creation,FORM,,MASTER,0,1,0,,creation,,,1,0,0,ESDB_V0_4
12794,13038,crooked,-12.4805,1,PASS,35,,n_v;aj,crook;crooked,FORM;LEMMA,,MASTER,0,0,0,,,,,0,0,0,ESDB_V0_4
12795,13039,dans,-12.4805,0,NOT_EXACT_EN_US,,,,,,,REJECTED_AUTO,0,0,0,,,,,0,0,0,ESDB_V0_4
12796,13040,darn,-12.4805,1,PASS,35,,n_v;a;i,darn,LEMMA,,MASTER,0,0,0,,,,,0,0,0,ESDB_V0_4
12797,13041,dealings,-12.4805,1,PASS,35,,n,dealing,FORM,,MASTER,0,1,0,,dealing,,,1,0,0,ESDB_V0_4
12798,13042,deficits,-12.4805,1,PASS,35,,n,deficit,FORM,,MASTER,0,1,0,,deficit,,,1,0,0,ESDB_V0_4
12799,13043,demolition,-12.4805,1,PASS,35,,n,demolition,LEMMA,,MASTER,0,0,0,,,,,0,0,0,ESDB_V0_4
12800,13044,descending,-12.4805,1,PASS,35,,v;aj,descend;descending,FORM;LEMMA,,MASTER,0,0,0,,,,,0,0,0,ESDB_V0_4
12801,13045,dew,-12.4805,1,PASS,35,,n,dew,LEMMA,,MASTER,0,0,0,,,,,0,0,0,ESDB_V0_4
12802,13046,dialect,-12.4805,1,PASS,35,,n,dialect,LEMMA,,MASTER,0,1,1,,,,dialects,0,1,1,ESDB_V0_4
12803,13047,discontinued,-12.4805,1,PASS,35,,v;aj,discontinue;discontinued,FORM;LEMMA,,MASTER,0,0,0,,,,,0,0,0,ESDB_V0_4
12804,13048,dispose,-12.4805,1,PASS,35,,v,dispose,LEMMA,,MASTER,0,1,1,,,,disposed,0,1,1,ESDB_V0_4
12805,13049,doctoral,-12.4805,1,PASS,50,,aj,doctoral,LEMMA,,MASTER,0,0,0,,,,,0,0,0,ESDB_V0_4
12806,13050,dorm,-12.4805,1,PASS,40,,n,dorm,LEMMA,,MASTER,0,0,0,,,,,0,0,0,ESDB_V0_4
12807,13051,driveway,-12.4805,1,PASS,35,,n,driveway,LEMMA,,MASTER,0,0,0,,,,,0,0,0,ESDB_V0_4
12808,13052,economical,-12.4805,1,PASS,35,,aj,economical,LEMMA,,MASTER,0,0,0,,,,,0,0,0,ESDB_V0_4
12809,13053,electro,-12.4805,0,NOT_EXACT_EN_US,,,,,,,REJECTED_AUTO,0,0,0,,,,,0,0,0,ESDB_V0_4
12810,13054,empathy,-12.4805,1,PASS,35,,n,empathy,LEMMA,,MASTER,0,0,0,,,,,0,0,0,ESDB_V0_4
12811,13055,entertained,-12.4805,1,PASS,35,,v;aj,entertain;entertained,FORM;LEMMA,,MASTER,0,0,0,,,,,0,0,0,ESDB_V0_4
12812,13056,erection,-12.4805,1,PASS,35,,n,erection,LEMMA,,MASTER,0,0,0,,,,,0,0,0,ESDB_V0_4
12813,13057,escapes,-12.4805,1,PASS,35,,n_v,escape,FORM,,MASTER,0,1,0,,escape,,,1,0,0,ESDB_V0_4
12814,13058,ethan,-12.4805,0,NOT_EXACT_EN_US,,,,,,,REJECTED_AUTO,0,0,0,,,,,0,0,0,ESDB_V0_4
12815,13059,examiner,-12.4805,1,PASS,35,,n,examiner,LEMMA,,MASTER,0,1,0,,examine,,,1,0,0,ESDB_V0_4
12816,13060,excellency,-12.4805,0,CASE_FREQ_COLLISION,60,50,n,excellency,LEMMA,,REJECTED_AUTO,0,0,0,,,,,0,0,0,ESDB_V0_4
12817,13061,executions,-12.4805,1,PASS,35,,n,execution,FORM,,MASTER,0,1,0,,execution,,,1,0,0,ESDB_V0_4
12818,13062,expands,-12.4805,1,PASS,35,,v,expand,FORM,,MASTER,0,1,0,,expand,,,1,0,0,ESDB_V0_4
12819,13063,fading,-12.4805,1,PASS,35,,n_v;n,fade;fading,FORM;LEMMA,,MASTER,0,0,0,,,,,0,0,0,ESDB_V0_4
12820,13064,fantasies,-12.4805,1,PASS,35,,n_v,fantasy,FORM,,MASTER,0,0,0,,,,,0,0,0,ESDB_V0_4
12821,13065,fauna,-12.4805,1,PASS,35,,n,fauna,LEMMA,,MASTER,0,0,0,,,,,0,0,0,ESDB_V0_4
12822,13066,feminists,-12.4805,1,PASS,35,,n,feminist,FORM,,MASTER,0,1,0,,feminist,,,1,0,0,ESDB_V0_4
12823,13067,fiery,-12.4805,1,PASS,35,,aj,fiery,LEMMA,,MASTER,0,0,0,,,,,0,0,0,ESDB_V0_4
12824,13068,fiji,-12.4805,0,NOT_EXACT_EN_US,,,,,,,REJECTED_AUTO,0,0,0,,,,,0,0,0,ESDB_V0_4
12825,13069,fireplace,-12.4805,1,PASS,35,,n,fireplace,LEMMA,,MASTER,0,0,0,,,,,0,0,0,ESDB_V0_4
12826,13070,flipped,-12.4805,1,PASS,35,,n_v,flip,FORM,,MASTER,0,0,0,,,,,0,0,0,ESDB_V0_4
12827,13071,flynn,-12.4805,0,NOT_EXACT_EN_US,,,,,,,REJECTED_AUTO,0,0,0,,,,,0,0,0,ESDB_V0_4
12828,13072,fuss,-12.4805,1,PASS,35,,n_v,fuss,LEMMA,,MASTER,0,0,0,,,,,0,0,0,ESDB_V0_4
12829,13073,gangster,-12.4805,1,PASS,35,,n,gangster,LEMMA,,MASTER,0,0,0,,,,,0,0,0,ESDB_V0_4
12830,13074,gears,-12.4805,1,PASS,35,,n_v,gear,FORM,,MASTER,0,1,0,ears,gear,,,2,0,0,ESDB_V0_4
12831,13075,gigs,-12.4805,1,PASS,35,,n_v,gig,FORM,,MASTER,0,1,0,,gig,,,1,0,0,ESDB_V0_4
12832,13076,gill,-12.4805,1,PASS,35,50,n,gill,LEMMA,,MASTER,0,1,0,ill,,,,1,0,0,ESDB_V0_4
12833,13077,groceries,-12.4805,1,PASS,35,,n,grocery,FORM,,MASTER,0,0,0,,,,,0,0,0,ESDB_V0_4
12834,13078,groom,-12.4805,1,PASS,35,,n_v,groom,LEMMA,,MASTER,0,1,0,room,,,,1,0,0,ESDB_V0_4
12835,13079,handwriting,-12.4805,1,PASS,35,,n,handwriting,LEMMA,,MASTER,0,0,0,,,,,0,0,0,ESDB_V0_4
12836,13080,havana,-12.4805,0,NOT_EXACT_EN_US,,,,,,,REJECTED_AUTO,0,0,0,,,,,0,0,0,ESDB_V0_4
12837,13081,hawkins,-12.4805,0,NOT_EXACT_EN_US,,,,,,,REJECTED_AUTO,0,0,0,,,,,0,0,0,ESDB_V0_4
12838,13082,hoc,-12.4805,0,NO_ESDB_GENERAL_EVIDENCE,,,,,,,REJECTED_AUTO,0,0,0,,,,,0,0,0,ESDB_V0_4
12839,13083,hogan,-12.4805,0,CASE_FREQ_COLLISION,50,50,n,hogan,LEMMA,,REJECTED_AUTO,0,0,0,,,,,0,0,0,ESDB_V0_4
12840,13084,horny,-12.4805,1,PASS,35,,aj,horny,LEMMA,,MASTER,0,1,0,,horn,,,1,0,0,ESDB_V0_4
12841,13085,horrific,-12.4805,1,PASS,35,,aj,horrific,LEMMA,,MASTER,0,0,0,,,,,0,0,0,ESDB_V0_4
12842,13086,humiliation,-12.4805,1,PASS,35,,n,humiliation,LEMMA,,MASTER,0,0,0,,,,,0,0,0,ESDB_V0_4
12843,13087,indoors,-12.4805,1,PASS,35,,av,indoors,LEMMA,,MASTER,0,1,0,,indoor,,,1,0,0,ESDB_V0_4
12844,13088,informative,-12.4805,1,PASS,35,,aj,informative,LEMMA,,MASTER,0,0,0,,,,,0,0,0,ESDB_V0_4
12845,13089,informing,-12.4805,1,PASS,35,,v;n,inform;informing,FORM;LEMMA,,MASTER,0,0,0,,,,,0,0,0,ESDB_V0_4
12846,13090,informs,-12.4805,1,PASS,35,,v,inform,FORM,,MASTER,0,1,0,,inform,,,1,0,0,ESDB_V0_4
12847,13091,infringement,-12.4805,1,PASS,35,,n,infringement,LEMMA,,MASTER,0,0,0,,,,,0,0,0,ESDB_V0_4
12848,13092,inherently,-12.4805,1,PASS,35,,av,inherently,LEMMA,,MASTER,0,0,0,,,,,0,0,0,ESDB_V0_4
12849,13093,interpreting,-12.4805,1,PASS,35,,v;n,interpret;interpreting,FORM;LEMMA,,MASTER,0,0,0,,,,,0,0,0,ESDB_V0_4
12850,13094,interviewing,-12.4805,1,PASS,35,,n_v,interview,FORM,,MASTER,0,0,0,,,,,0,0,0,ESDB_V0_4
12851,13095,irritating,-12.4805,1,PASS,35,,v;aj,irritate;irritating,FORM;LEMMA,,MASTER,0,0,0,,,,,0,0,0,ESDB_V0_4
12852,13096,isles,-12.4805,1,PASS,35,,n,isle,FORM,,MASTER,0,1,0,,isle,,,1,0,0,ESDB_V0_4
12853,13097,janeiro,-12.4805,0,NOT_EXACT_EN_US,,,,,,,REJECTED_AUTO,0,0,0,,,,,0,0,0,ESDB_V0_4
12854,13098,jurisdictions,-12.4805,1,PASS,35,,n,jurisdiction,FORM,,MASTER,0,1,0,,jurisdiction,,,1,0,0,ESDB_V0_4
12855,13099,kerr,-12.4805,0,NOT_EXACT_EN_US,,,,,,,REJECTED_AUTO,0,0,0,,,,,0,0,0,ESDB_V0_4
12856,13100,kite,-12.4805,1,PASS,35,,n_v,kite,LEMMA,,MASTER,0,1,0,,kit,,,1,0,0,ESDB_V0_4
12857,13101,koch,-12.4805,0,NOT_EXACT_EN_US,,,,,,,REJECTED_AUTO,0,0,0,,,,,0,0,0,ESDB_V0_4
12858,13102,kris,-12.4805,0,NOT_EXACT_EN_US,,,,,,,REJECTED_AUTO,0,0,0,,,,,0,0,0,ESDB_V0_4
12859,13103,levi,-12.4805,0,NOT_EXACT_EN_US,,,,,,,REJECTED_AUTO,0,0,0,,,,,0,0,0,ESDB_V0_4
12860,13104,listens,-12.4805,1,PASS,35,,n_v,listen,FORM,,MASTER,0,1,0,,listen,,,1,0,0,ESDB_V0_4
12861,13105,lodged,-12.4805,1,PASS,35,,n_v,lodge,FORM,,MASTER,0,1,0,,lodge,,,1,0,0,ESDB_V0_4
12862,13106,longtime,-12.4805,1,PASS,40,,aj,longtime,LEMMA,,MASTER,0,0,0,,,,,0,0,0,ESDB_V0_4
12863,13107,lumber,-12.4805,1,PASS,35,,n_v,lumber,LEMMA,,MASTER,0,0,0,,,,,0,0,0,ESDB_V0_4
12864,13108,lydia,-12.4805,0,NOT_EXACT_EN_US,,,,,,,REJECTED_AUTO,0,0,0,,,,,0,0,0,ESDB_V0_4
12865,13109,majestic,-12.4805,1,PASS,35,,aj,majestic,LEMMA,,MASTER,0,0,0,,,,,0,0,0,ESDB_V0_4
12866,13110,mariners,-12.4805,1,PASS,35,,n,mariner,FORM,,MASTER,0,0,0,,,,,0,0,0,ESDB_V0_4
12867,13111,mets,-12.4805,0,NOT_EXACT_EN_US,,,,,,,REJECTED_AUTO,0,0,0,,,,,0,0,0,ESDB_V0_4
12868,13112,mister,-12.4805,0,CASE_FREQ_COLLISION,40,35,n,mister,LEMMA,,REJECTED_AUTO,0,0,0,,,,,0,0,0,ESDB_V0_4
12869,13113,moonlight,-12.4805,1,PASS,35,,n;v,moonlight,LEMMA,,MASTER,0,0,0,,,,,0,0,0,ESDB_V0_4
12870,13114,naomi,-12.4805,0,NOT_EXACT_EN_US,,,,,,,REJECTED_AUTO,0,0,0,,,,,0,0,0,ESDB_V0_4
12871,13115,nd,-12.4805,0,NOT_EXACT_EN_US,,,,,,,REJECTED_AUTO,0,0,0,,,,,0,0,0,ESDB_V0_4
12872,13116,needy,-12.4805,1,PASS,35,,aj,needy,LEMMA,,MASTER,0,1,0,,need,,,1,0,0,ESDB_V0_4
12873,13117,ness,-12.4805,0,NOT_EXACT_EN_US,,,,,,,REJECTED_AUTO,0,0,0,,,,,0,0,0,ESDB_V0_4
12874,13118,nightclub,-12.4805,1,PASS,35,,n;v,nightclub,LEMMA,,MASTER,0,0,0,,,,,0,0,0,ESDB_V0_4
12875,13119,norris,-12.4805,0,NOT_EXACT_EN_US,,,,,,,REJECTED_AUTO,0,0,0,,,,,0,0,0,ESDB_V0_4
12876,13120,optimum,-12.4805,1,PASS,35,,n;aj,optimum,LEMMA,,MASTER,0,0,0,,,,,0,0,0,ESDB_V0_4
12877,13121,orbital,-12.4805,1,PASS,35,,n;aj,orbital,LEMMA,,MASTER,0,0,0,,,,,0,0,0,ESDB_V0_4
12878,13122,organising,-12.4805,0,NOT_EXACT_EN_US,,,,,,,REJECTED_AUTO,0,0,0,,,,,0,0,0,ESDB_V0_4
12879,13123,orphan,-12.4805,1,PASS,35,,n_v;a,orphan,LEMMA,,MASTER,0,1,1,,,,orphans,0,1,1,ESDB_V0_4
12880,13124,osborne,-12.4805,0,NOT_EXACT_EN_US,,,,,,,REJECTED_AUTO,0,0,0,,,,,0,0,0,ESDB_V0_4
12881,13125,outsiders,-12.4805,1,PASS,35,,n,outsider,FORM,,MASTER,0,1,0,,outsider,,,1,0,0,ESDB_V0_4
12882,13126,passwords,-12.4805,1,PASS,35,,n,password,FORM,,MASTER,0,1,0,,password,,,1,0,0,ESDB_V0_4
12883,13127,perkins,-12.4805,0,NOT_EXACT_EN_US,,,,,,,REJECTED_AUTO,0,0,0,,,,,0,0,0,ESDB_V0_4
12884,13128,pertaining,-12.4805,1,PASS,35,,v,pertain,FORM,,MASTER,0,0,0,,,,,0,0,0,ESDB_V0_4
12885,13129,pest,-12.4805,1,PASS,35,,n,pest,LEMMA,,MASTER,0,1,1,,,,pests,0,1,1,ESDB_V0_4
12886,13130,plural,-12.4805,1,PASS,35,,n;aj,plural,LEMMA,,MASTER,0,0,0,,,,,0,0,0,ESDB_V0_4
12887,13131,plymouth,-12.4805,0,NOT_EXACT_EN_US,,,,,,,REJECTED_AUTO,0,0,0,,,,,0,0,0,ESDB_V0_4
12888,13132,procedural,-12.4805,1,PASS,35,,aj,procedural,LEMMA,,MASTER,0,0,0,,,,,0,0,0,ESDB_V0_4
12889,13133,processors,-12.4805,1,PASS,35,,n,processor,FORM,,MASTER,0,1,0,,processor,,,1,0,0,ESDB_V0_4
12890,13134,procurement,-12.4805,1,PASS,35,,n,procurement,LEMMA,,MASTER,0,0,0,,,,,0,0,0,ESDB_V0_4
12891,13135,promo,-12.4805,1,PASS,40,,n;a,promo,LEMMA,,MASTER,0,1,0,,prom,,,1,0,0,ESDB_V0_4
12892,13136,rams,-12.4805,1,PASS,35,,n_v,ram,FORM,,MASTER,0,1,1,,ram,grams,,1,1,0,ESDB_V0_4
12893,13137,rant,-12.4805,1,PASS,35,,n_v,rant,LEMMA,,MASTER,0,1,1,ant,ran,grant,,2,1,0,ESDB_V0_4
12894,13138,rc,-12.4805,0,NOT_EXACT_EN_US,,,,,,,REJECTED_AUTO,0,0,0,,,,,0,0,0,ESDB_V0_4
12895,13139,reacting,-12.4805,1,PASS,35,,v,react,FORM,,MASTER,0,0,0,,,,,0,0,0,ESDB_V0_4
12896,13140,receivers,-12.4805,1,PASS,35,,n,receiver,FORM,,MASTER,0,1,0,,receiver,,,1,0,0,ESDB_V0_4
12897,13141,retro,-12.4805,1,PASS,60,,n;aj,retro,LEMMA,,MASTER,0,0,0,,,,,0,0,0,ESDB_V0_4
12898,13142,rhyme,-12.4805,1,PASS,35,,n_v,rhyme,LEMMA,,MASTER,0,1,1,,,,rhymes,0,1,1,ESDB_V0_4
12899,13143,rm,-12.4805,0,NO_ESDB_GENERAL_EVIDENCE,,,,,,,REJECTED_AUTO,0,0,0,,,,,0,0,0,ESDB_V0_4
12900,13144,roasted,-12.4805,1,PASS,35,,n_v,roast,FORM,,MASTER,0,0,0,,,,,0,0,0,ESDB_V0_4
12901,13145,sane,-12.4805,1,PASS,35,,aj,sane,LEMMA,,MASTER,0,0,0,,,,,0,0,0,ESDB_V0_4
12902,13146,scaling,-12.4805,1,PASS,35,,n_v;n,scale;scaling,FORM;LEMMA,,MASTER,0,0,0,,,,,0,0,0,ESDB_V0_4
12903,13147,screws,-12.4805,1,PASS,35,,n_v,screw,FORM,,MASTER,0,1,0,crews,screw,,,2,0,0,ESDB_V0_4
12904,13148,scriptures,-12.4805,1,PASS,35,60,n,scripture,FORM,,MASTER,0,1,0,,scripture,,,1,0,0,ESDB_V0_4
12905,13149,sediment,-12.4805,1,PASS,35,,n,sediment,LEMMA,,MASTER,0,1,1,,,,sediments,0,1,1,ESDB_V0_4
12906,13150,senegal,-12.4805,0,NOT_EXACT_EN_US,,,,,,,REJECTED_AUTO,0,0,0,,,,,0,0,0,ESDB_V0_4
12907,13152,sicily,-12.4805,0,NOT_EXACT_EN_US,,,,,,,REJECTED_AUTO,0,0,0,,,,,0,0,0,ESDB_V0_4
12908,13153,sis,-12.4805,1,PASS,50,,n,sis,LEMMA,,MASTER,0,1,0,is,,,,1,0,0,ESDB_V0_4
12909,13154,slippery,-12.4805,1,PASS,35,,aj,slippery,LEMMA,,MASTER,0,0,0,,,,,0,0,0,ESDB_V0_4
12910,13155,snaps,-12.4805,1,PASS,35,,n_v,snap,FORM,,MASTER,0,1,0,,snap,,,1,0,0,ESDB_V0_4
12911,13156,speedy,-12.4805,1,PASS,35,,aj,speedy,LEMMA,,MASTER,0,1,0,,speed,,,1,0,0,ESDB_V0_4
12912,13157,springfield,-12.4805,0,NOT_EXACT_EN_US,,,,,,,REJECTED_AUTO,0,0,0,,,,,0,0,0,ESDB_V0_4
12913,13158,stimulating,-12.4805,1,PASS,35,,v;aj,stimulate;stimulating,FORM;LEMMA,,MASTER,0,0,0,,,,,0,0,0,ESDB_V0_4
12914,13159,storing,-12.4805,1,PASS,35,,n_v,store,FORM,,MASTER,0,0,0,,,,,0,0,0,ESDB_V0_4
12915,13160,stumbled,-12.4805,1,PASS,35,,n_v,stumble,FORM,,MASTER,0,1,0,,stumble,,,1,0,0,ESDB_V0_4
12916,13161,stunned,-12.4805,1,PASS,35,,v;aj,stun;stunned,FORM;LEMMA,,MASTER,0,0,0,,,,,0,0,0,ESDB_V0_4
12917,13162,superficial,-12.4805,1,PASS,35,,aj,superficial,LEMMA,,MASTER,0,0,0,,,,,0,0,0,ESDB_V0_4
12918,13163,suppressed,-12.4805,1,PASS,35,,v;aj,suppress;suppressed,FORM;LEMMA,,MASTER,0,0,0,,,,,0,0,0,ESDB_V0_4
12919,13164,syntax,-12.4805,1,PASS,35,,n,syntax,LEMMA,,MASTER,0,0,0,,,,,0,0,0,ESDB_V0_4
12920,13165,tolerant,-12.4805,1,PASS,35,,aj,tolerant,LEMMA,,MASTER,0,0,0,,,,,0,0,0,ESDB_V0_4
12921,13166,tt,-12.4805,0,NOT_EXACT_EN_US,,,,,,,REJECTED_AUTO,0,0,0,,,,,0,0,0,ESDB_V0_4
12922,13168,umm,-12.4805,0,NOT_EXACT_EN_US,,,,,,,REJECTED_AUTO,0,0,0,,,,,0,0,0,ESDB_V0_4
12923,13169,unseen,-12.4805,1,PASS,35,,n;aj,unseen,LEMMA,,MASTER,0,0,0,,,,,0,0,0,ESDB_V0_4
12924,13170,validation,-12.4805,1,PASS,35,,n,validation,LEMMA,,MASTER,0,0,0,,,,,0,0,0,ESDB_V0_4
12925,13171,vile,-12.4805,1,PASS,35,,aj,vile,LEMMA,,MASTER,0,0,0,,,,,0,0,0,ESDB_V0_4
12926,13172,watershed,-12.4805,1,PASS,35,,n,watershed,LEMMA,,MASTER,0,0,0,,,,,0,0,0,ESDB_V0_4
12927,13173,whispers,-12.4805,1,PASS,35,,n_v,whisper,FORM,,MASTER,0,1,0,,whisper,,,1,0,0,ESDB_V0_4
12928,13174,woah,-12.4805,0,NOT_EXACT_EN_US,,,,,,,REJECTED_AUTO,0,0,0,,,,,0,0,0,ESDB_V0_4
12929,13176,abducted,-12.5018,1,PASS,35,,v,abduct,FORM,,MASTER,0,0,0,,,,,0,0,0,ESDB_V0_4
12930,13177,abdullah,-12.5018,0,NOT_EXACT_EN_US,,,,,,,REJECTED_AUTO,0,0,0,,,,,0,0,0,ESDB_V0_4
12931,13178,abusing,-12.5018,1,PASS,35,,n_v,abuse,FORM,,MASTER,0,0,0,,,,,0,0,0,ESDB_V0_4
12932,13179,adulthood,-12.5018,1,PASS,35,,n,adulthood,LEMMA,,MASTER,0,0,0,,,,,0,0,0,ESDB_V0_4
12933,13180,advertise,-12.5018,1,PASS,35,,v,advertise,LEMMA,,MASTER,0,1,1,,,,advertised;advertiser,0,2,1,ESDB_V0_4
12934,13181,aesthetics,-12.5018,1,PASS,40,,n,aesthetics,LEMMA,,MASTER,0,1,0,,aesthetic,,,1,0,0,ESDB_V0_4
12935,13182,agony,-12.5018,1,PASS,35,,n,agony,LEMMA,,MASTER,0,0,0,,,,,0,0,0,ESDB_V0_4
12936,13183,aha,-12.5018,1,PASS,40,,i,aha,LEMMA,,MASTER,0,1,0,ha,ah,,,2,0,0,ESDB_V0_4
12937,13184,amused,-12.5018,1,PASS,35,,v;aj,amuse;amused,FORM;LEMMA,,MASTER,0,0,0,,,,,0,0,0,ESDB_V0_4
12938,13185,angelo,-12.5018,0,NOT_EXACT_EN_US,,,,,,,REJECTED_AUTO,0,0,0,,,,,0,0,0,ESDB_V0_4
12939,13186,ankara,-12.5018,0,NOT_EXACT_EN_US,,,,,,,REJECTED_AUTO,0,0,0,,,,,0,0,0,ESDB_V0_4
12940,13187,announcer,-12.5018,1,PASS,35,,n,announcer,LEMMA,,MASTER,0,1,0,,announce,,,1,0,0,ESDB_V0_4
12941,13188,antoine,-12.5018,0,NOT_EXACT_EN_US,,,,,,,REJECTED_AUTO,0,0,0,,,,,0,0,0,ESDB_V0_4
12942,13189,apache,-12.5018,0,NOT_EXACT_EN_US,,,,,,,REJECTED_AUTO,0,0,0,,,,,0,0,0,ESDB_V0_4
12943,13190,auckland,-12.5018,0,NOT_EXACT_EN_US,,,,,,,REJECTED_AUTO,0,0,0,,,,,0,0,0,ESDB_V0_4
12944,13191,audi,-12.5018,0,NOT_EXACT_EN_US,,,,,,,REJECTED_AUTO,0,0,0,,,,,0,0,0,ESDB_V0_4
12945,13192,authorised,-12.5018,0,NOT_EXACT_EN_US,,,,,,,REJECTED_AUTO,0,0,0,,,,,0,0,0,ESDB_V0_4
12946,13193,barney,-12.5018,0,CASE_FREQ_COLLISION,50,50,n,barney,LEMMA,,REJECTED_AUTO,0,0,0,,,,,0,0,0,ESDB_V0_4
12947,13194,bates,-12.5018,0,CASE_FREQ_COLLISION,60,50,v,bate,FORM,,REJECTED_AUTO,0,0,0,,,,,0,0,0,ESDB_V0_4
12948,13195,beaver,-12.5018,1,PASS,35,,n;v,beaver,LEMMA;FORM,,MASTER,0,0,0,,,,,0,0,0,ESDB_V0_4
12949,13196,biscuits,-12.5018,1,PASS,35,,n,biscuit,FORM,,MASTER,0,1,0,,biscuit,,,1,0,0,ESDB_V0_4
12950,13197,brewery,-12.5018,1,PASS,35,,n,brewery,LEMMA,,MASTER,0,1,0,,brewer,,,1,0,0,ESDB_V0_4
12951,13199,bulbs,-12.5018,1,PASS,35,,n,bulb,FORM,,MASTER,0,1,0,,bulb,,,1,0,0,ESDB_V0_4
12952,13200,caliber,-12.5018,1,PASS,35,,n,caliber,LEMMA,,MASTER,0,0,0,,,,,0,0,0,ESDB_V0_4
12953,13201,canoe,-12.5018,1,PASS,35,,n_v,canoe,LEMMA,,MASTER,0,0,0,,,,,0,0,0,ESDB_V0_4
12954,13202,chargers,-12.5018,1,PASS,50,,n,charger,FORM,,MASTER,0,1,0,,charger,,,1,0,0,ESDB_V0_4
12955,13203,claudia,-12.5018,0,NOT_EXACT_EN_US,,,,,,,REJECTED_AUTO,0,0,0,,,,,0,0,0,ESDB_V0_4
12956,13204,clauses,-12.5018,1,PASS,35,,n,clause,FORM,,MASTER,0,1,0,,clause,,,1,0,0,ESDB_V0_4
12957,13205,clicks,-12.5018,1,PASS,35,,n_v,click,FORM,,MASTER,0,1,0,,click,,,1,0,0,ESDB_V0_4
12958,13206,concentrating,-12.5018,1,PASS,35,,n_v,concentrate,FORM,,MASTER,0,0,0,,,,,0,0,0,ESDB_V0_4
12959,13207,contradictory,-12.5018,1,PASS,35,,aj,contradictory,LEMMA,,MASTER,0,0,0,,,,,0,0,0,ESDB_V0_4
12960,13208,conversely,-12.5018,1,PASS,35,,av,conversely,LEMMA,,MASTER,0,0,0,,,,,0,0,0,ESDB_V0_4
12961,13209,cooks,-12.5018,1,PASS,35,,n_v,cook,FORM,,MASTER,0,1,0,,cook,,,1,0,0,ESDB_V0_4
12962,13210,corey,-12.5018,0,NOT_EXACT_EN_US,,,,,,,REJECTED_AUTO,0,0,0,,,,,0,0,0,ESDB_V0_4
12963,13211,countess,-12.5018,1,PASS,35,,n,countess,LEMMA,,MASTER,0,0,0,,,,,0,0,0,ESDB_V0_4
12964,13212,cozy,-12.5018,1,PASS,35,,n;aj,cozy,LEMMA,,MASTER,0,0,0,,,,,0,0,0,ESDB_V0_4
12965,13213,crawling,-12.5018,1,PASS,35,,n_v;n,crawl;crawling,FORM;LEMMA,,MASTER,0,0,0,,,,,0,0,0,ESDB_V0_4
12966,13214,croatian,-12.5018,0,NOT_EXACT_EN_US,,,,,,,REJECTED_AUTO,0,0,0,,,,,0,0,0,ESDB_V0_4
12967,13215,culinary,-12.5018,1,PASS,35,,aj,culinary,LEMMA,,MASTER,0,0,0,,,,,0,0,0,ESDB_V0_4
12968,13216,damp,-12.5018,1,PASS,35,,n;v;aj,damp,LEMMA,,MASTER,0,1,0,amp,dam,,,2,0,0,ESDB_V0_4
12969,13217,declines,-12.5018,1,PASS,35,,n_v,decline,FORM,,MASTER,0,1,0,,decline,,,1,0,0,ESDB_V0_4
12970,13218,defeating,-12.5018,1,PASS,35,,n_v,defeat,FORM,,MASTER,0,0,0,,,,,0,0,0,ESDB_V0_4
12971,13219,deliveries,-12.5018,1,PASS,35,,n,delivery,FORM,,MASTER,0,0,0,,,,,0,0,0,ESDB_V0_4
12972,13220,deposition,-12.5018,1,PASS,50,,n,deposition,LEMMA,,MASTER,0,0,0,,,,,0,0,0,ESDB_V0_4
12973,13221,detailing,-12.5018,1,PASS,35,,n_v;n,detail;detailing,FORM;LEMMA,,MASTER,0,0,0,,,,,0,0,0,ESDB_V0_4
12974,13222,deterioration,-12.5018,1,PASS,35,,n,deterioration,LEMMA,,MASTER,0,0,0,,,,,0,0,0,ESDB_V0_4
12975,13223,detrimental,-12.5018,1,PASS,35,,aj,detrimental,LEMMA,,MASTER,0,0,0,,,,,0,0,0,ESDB_V0_4
12976,13225,diarrhea,-12.5018,1,PASS,35,,n,diarrhea,LEMMA,,MASTER,0,0,0,,,,,0,0,0,ESDB_V0_4
12977,13226,dim,-12.5018,1,PASS,35,,v;aj,dim,LEMMA,,MASTER,0,1,1,,,,dime,0,1,0,ESDB_V0_4
12978,13227,diplomats,-12.5018,1,PASS,35,,n,diplomat,FORM,,MASTER,0,1,0,,diplomat,,,1,0,0,ESDB_V0_4
12979,13228,discarded,-12.5018,1,PASS,35,,n_v;aj,discard;discarded,FORM;LEMMA,,MASTER,0,0,0,,,,,0,0,0,ESDB_V0_4
12980,13229,discovers,-12.5018,1,PASS,35,,v,discover,FORM,,MASTER,0,1,0,,discover,,,1,0,0,ESDB_V0_4
12981,13230,disgust,-12.5018,1,PASS,35,,n;v,disgust,LEMMA,,MASTER,0,0,0,,,,,0,0,0,ESDB_V0_4
12982,13231,disgusted,-12.5018,1,PASS,35,,v;aj,disgust;disgusted,FORM;LEMMA,,MASTER,0,0,0,,,,,0,0,0,ESDB_V0_4
12983,13232,domingo,-12.5018,0,NOT_EXACT_EN_US,,,,,,,REJECTED_AUTO,0,0,0,,,,,0,0,0,ESDB_V0_4
12984,13233,donovan,-12.5018,0,NOT_EXACT_EN_US,,,,,,,REJECTED_AUTO,0,0,0,,,,,0,0,0,ESDB_V0_4
12985,13234,drafts,-12.5018,1,PASS,35,,v;n,draft,FORM,,MASTER,0,1,0,,draft,,,1,0,0,ESDB_V0_4
12986,13235,dread,-12.5018,1,PASS,35,,n;v;aj,dread,LEMMA,,MASTER,0,1,0,read,,,,1,0,0,ESDB_V0_4
12987,13236,dryer,-12.5018,1,PASS,35,,aj;n,dry;dryer,FORM;LEMMA,,MASTER,0,0,0,,,,,0,0,0,ESDB_V0_4
12988,13237,dub,-12.5018,1,PASS,35,,n_v,dub,LEMMA,,MASTER,0,0,0,,,,,0,0,0,ESDB_V0_4
12989,13238,duplicate,-12.5018,1,PASS,35,,n_v;aj,duplicate,LEMMA,,MASTER,0,0,0,,,,,0,0,0,ESDB_V0_4
12990,13239,ecclesiastical,-12.5018,1,PASS,35,,aj,ecclesiastical,LEMMA,,MASTER,0,0,0,,,,,0,0,0,ESDB_V0_4
12991,13240,edible,-12.5018,1,PASS,35,,n;aj,edible,LEMMA,,MASTER,0,0,0,,,,,0,0,0,ESDB_V0_4
12992,13241,edith,-12.5018,0,NOT_EXACT_EN_US,,,,,,,REJECTED_AUTO,0,0,0,,,,,0,0,0,ESDB_V0_4
12993,13242,edwin,-12.5018,0,NOT_EXACT_EN_US,,,,,,,REJECTED_AUTO,0,0,0,,,,,0,0,0,ESDB_V0_4
12994,13243,elaine,-12.5018,0,NOT_EXACT_EN_US,,,,,,,REJECTED_AUTO,0,0,0,,,,,0,0,0,ESDB_V0_4
12995,13244,embarked,-12.5018,1,PASS,35,,v,embark,FORM,,MASTER,0,0,0,,,,,0,0,0,ESDB_V0_4
12996,13245,ensuing,-12.5018,1,PASS,35,,v;aj,ensue;ensuing,FORM;LEMMA,,MASTER,0,0,0,,,,,0,0,0,ESDB_V0_4
12997,13246,ernst,-12.5018,0,NOT_EXACT_EN_US,,,,,,,REJECTED_AUTO,0,0,0,,,,,0,0,0,ESDB_V0_4
12998,13247,ev,-12.5018,0,NOT_EXACT_EN_US,,,,,,,REJECTED_AUTO,0,0,0,,,,,0,0,0,ESDB_V0_4
12999,13248,exp,-12.5018,0,NO_ESDB_GENERAL_EVIDENCE,,,,,,,REJECTED_AUTO,0,0,0,,,,,0,0,0,ESDB_V0_4
13000,13249,faggot,-12.5018,1,PASS,35,,n,faggot,LEMMA,,MASTER,0,0,0,,,,,0,0,0,ESDB_V0_4
13001,13250,favourites,-12.5018,0,NOT_EXACT_EN_US,,,,,,,REJECTED_AUTO,0,0,0,,,,,0,0,0,ESDB_V0_4
13002,13251,fearful,-12.5018,1,PASS,35,,aj,fearful,LEMMA,,MASTER,0,0,0,,,,,0,0,0,ESDB_V0_4
13003,13252,fiona,-12.5018,0,NOT_EXACT_EN_US,,,,,,,REJECTED_AUTO,0,0,0,,,,,0,0,0,ESDB_V0_4
13004,13253,flare,-12.5018,1,PASS,35,,n_v,flare,LEMMA,,MASTER,0,1,1,,,,flares,0,1,1,ESDB_V0_4
13005,13254,floral,-12.5018,1,PASS,35,,aj,floral,LEMMA,,MASTER,0,1,0,,flora,,,1,0,0,ESDB_V0_4
13006,13255,fluctuations,-12.5018,1,PASS,35,,n,fluctuation,FORM,,MASTER,0,0,0,,,,,0,0,0,ESDB_V0_4
13007,13256,fo,-12.5018,0,NOT_EXACT_EN_US,,,,,,,REJECTED_AUTO,0,0,0,,,,,0,0,0,ESDB_V0_4
13008,13257,fortified,-12.5018,1,PASS,35,,aj;v,fortified;fortify,LEMMA;FORM,,MASTER,0,0,0,,,,,0,0,0,ESDB_V0_4
13009,13258,freeway,-12.5018,1,PASS,35,,n,freeway,LEMMA,,MASTER,0,0,0,,,,,0,0,0,ESDB_V0_4
13010,13259,freshly,-12.5018,1,PASS,35,,av,freshly,LEMMA,,MASTER,0,0,0,,,,,0,0,0,ESDB_V0_4
13011,13260,fronts,-12.5018,1,PASS,35,,n_v,front,FORM,,MASTER,0,1,0,,front,,,1,0,0,ESDB_V0_4
13012,13261,fugitive,-12.5018,1,PASS,35,,n;aj,fugitive,LEMMA,,MASTER,0,0,0,,,,,0,0,0,ESDB_V0_4
13013,13262,fuse,-12.5018,1,PASS,35,,n_v,fuse,LEMMA,,MASTER,0,1,1,use,,,fused,1,1,1,ESDB_V0_4
13014,13263,garrett,-12.5018,0,NOT_EXACT_EN_US,,,,,,,REJECTED_AUTO,0,0,0,,,,,0,0,0,ESDB_V0_4
13015,13264,geared,-12.5018,1,PASS,35,,n_v;aj,gear;geared,FORM;LEMMA,,MASTER,0,0,0,,,,,0,0,0,ESDB_V0_4
13016,13265,geek,-12.5018,1,PASS,40,,n,geek,LEMMA,,MASTER,0,1,0,,gee,,,1,0,0,ESDB_V0_4
13017,13266,govt,-12.5018,0,NO_ESDB_GENERAL_EVIDENCE,,,,,,,REJECTED_AUTO,0,0,0,,,,,0,0,0,ESDB_V0_4
13018,13267,hackers,-12.5018,1,PASS,35,,n,hacker,FORM,,MASTER,0,1,0,,hacker,,,1,0,0,ESDB_V0_4
13019,13268,happiest,-12.5018,1,PASS,35,,aj,happy,FORM,,MASTER,0,0,0,,,,,0,0,0,ESDB_V0_4
13020,13269,harlem,-12.5018,0,NOT_EXACT_EN_US,,,,,,,REJECTED_AUTO,0,0,0,,,,,0,0,0,ESDB_V0_4
13021,13270,hashtag,-12.5018,0,SPECIAL_ONLY,50,,n,hashtag,LEMMA,,REJECTED_AUTO,0,0,0,,,,,0,0,0,ESDB_V0_4
13022,13271,heap,-12.5018,1,PASS,35,,n_v;a,heap,LEMMA,,MASTER,0,1,1,,,cheap,heaps,0,2,1,ESDB_V0_4
13023,13272,hector,-12.5018,0,CASE_FREQ_COLLISION,50,50,n_v,hector,LEMMA,,REJECTED_AUTO,0,0,0,,,,,0,0,0,ESDB_V0_4
13024,13273,heirs,-12.5018,1,PASS,35,,n,heir,FORM,,MASTER,0,1,1,,heir,theirs,,1,1,0,ESDB_V0_4
13025,13274,hotter,-12.5018,1,PASS,35,,aj;m,hot;hotter,FORM;LEMMA,,MASTER,0,1,0,otter,,,,1,0,0,ESDB_V0_4
13026,13275,hu,-12.5018,0,NOT_EXACT_EN_US,,,,,,,REJECTED_AUTO,0,0,0,,,,,0,0,0,ESDB_V0_4
13027,13276,humorous,-12.5018,1,PASS,35,,aj,humorous,LEMMA,,MASTER,0,0,0,,,,,0,0,0,ESDB_V0_4
13028,13277,illicit,-12.5018,1,PASS,35,,aj,illicit,LEMMA,,MASTER,0,0,0,,,,,0,0,0,ESDB_V0_4
13029,13278,imo,-12.5018,0,NOT_EXACT_EN_US,,,,,,,REJECTED_AUTO,0,0,0,,,,,0,0,0,ESDB_V0_4
13030,13279,insults,-12.5018,1,PASS,35,,n_v,insult,FORM,,MASTER,0,1,0,,insult,,,1,0,0,ESDB_V0_4
13031,13280,intellectuals,-12.5018,1,PASS,35,,n,intellectual,FORM,,MASTER,0,1,0,,intellectual,,,1,0,0,ESDB_V0_4
13032,13281,intensified,-12.5018,1,PASS,35,,v,intensify,FORM,,MASTER,0,0,0,,,,,0,0,0,ESDB_V0_4
13033,13282,invaluable,-12.5018,1,PASS,35,,aj,invaluable,LEMMA,,MASTER,0,0,0,,,,,0,0,0,ESDB_V0_4
13034,13283,isabel,-12.5018,0,NOT_EXACT_EN_US,,,,,,,REJECTED_AUTO,0,0,0,,,,,0,0,0,ESDB_V0_4
13035,13284,isaiah,-12.5018,0,NOT_EXACT_EN_US,,,,,,,REJECTED_AUTO,0,0,0,,,,,0,0,0,ESDB_V0_4
13036,13285,israelis,-12.5018,0,NOT_EXACT_EN_US,,,,,,,REJECTED_AUTO,0,0,0,,,,,0,0,0,ESDB_V0_4
13037,13286,knowledgeable,-12.5018,1,PASS,35,,aj,knowledgeable,LEMMA,,MASTER,0,0,0,,,,,0,0,0,ESDB_V0_4
13038,13287,krishna,-12.5018,0,NOT_EXACT_EN_US,,,,,,,REJECTED_AUTO,0,0,0,,,,,0,0,0,ESDB_V0_4
13039,13288,larvae,-12.5018,1,PASS,35,,n,larva,FORM,,MASTER,0,0,0,,,,,0,0,0,ESDB_V0_4
13040,13289,leafs,-12.5018,1,PASS,35,,v,leaf,FORM,,MASTER,0,1,0,,leaf,,,1,0,0,ESDB_V0_4
13041,13290,lennon,-12.5018,0,NOT_EXACT_EN_US,,,,,,,REJECTED_AUTO,0,0,0,,,,,0,0,0,ESDB_V0_4
13042,13291,lorenzo,-12.5018,0,NOT_EXACT_EN_US,,,,,,,REJECTED_AUTO,0,0,0,,,,,0,0,0,ESDB_V0_4
13043,13292,luxurious,-12.5018,1,PASS,35,,aj,luxurious,LEMMA,,MASTER,0,0,0,,,,,0,0,0,ESDB_V0_4
13044,13293,mandated,-12.5018,1,PASS,35,,n_v,mandate,FORM,,MASTER,0,1,0,,mandate,,,1,0,0,ESDB_V0_4
13045,13294,mantle,-12.5018,1,PASS,35,50,n_v,mantle,LEMMA,,MASTER,0,0,0,,,,,0,0,0,ESDB_V0_4
13046,13295,mccartney,-12.5018,0,NOT_EXACT_EN_US,,,,,,,REJECTED_AUTO,0,0,0,,,,,0,0,0,ESDB_V0_4
13047,13296,meadows,-12.5018,1,PASS,35,50,n,meadow,FORM,,MASTER,0,1,0,,meadow,,,1,0,0,ESDB_V0_4
13048,13297,mediation,-12.5018,1,PASS,35,,n,mediation,LEMMA,,MASTER,0,0,0,,,,,0,0,0,ESDB_V0_4
13049,13298,mexicans,-12.5018,0,NOT_EXACT_EN_US,,,,,,,REJECTED_AUTO,0,0,0,,,,,0,0,0,ESDB_V0_4
13050,13299,monumental,-12.5018,1,PASS,35,,aj,monumental,LEMMA,,MASTER,0,0,0,,,,,0,0,0,ESDB_V0_4
13051,13300,motivate,-12.5018,1,PASS,35,,v,motivate,LEMMA,,MASTER,0,1,1,,,,motivated,0,1,1,ESDB_V0_4
13052,13301,mound,-12.5018,1,PASS,35,,n_v,mound,LEMMA,,MASTER,0,0,0,,,,,0,0,0,ESDB_V0_4
13053,13302,multiply,-12.5018,1,PASS,35,,v,multiply,LEMMA,,MASTER,0,0,0,,,,,0,0,0,ESDB_V0_4
13054,13303,nausea,-12.5018,1,PASS,35,,n,nausea,LEMMA,,MASTER,0,0,0,,,,,0,0,0,ESDB_V0_4
13055,13304,neal,-12.5018,0,NOT_EXACT_EN_US,,,,,,,REJECTED_AUTO,0,0,0,,,,,0,0,0,ESDB_V0_4
13056,13305,neville,-12.5018,0,NOT_EXACT_EN_US,,,,,,,REJECTED_AUTO,0,0,0,,,,,0,0,0,ESDB_V0_4
13057,13306,nineteen,-12.5018,1,PASS,35,,n,nineteen,LEMMA,,MASTER,0,0,0,,,,,0,0,0,ESDB_V0_4
13058,13307,nostalgia,-12.5018,1,PASS,35,,n,nostalgia,LEMMA,,MASTER,0,0,0,,,,,0,0,0,ESDB_V0_4
13059,13309,om,-12.5018,1,PASS,60,,n,om,LEMMA,,MASTER,0,1,1,,,mom,,0,1,0,ESDB_V0_4
13060,13310,omitted,-12.5018,1,PASS,35,,v,omit,FORM,,MASTER,0,0,0,,,,,0,0,0,ESDB_V0_4
13061,13311,ordinance,-12.5018,1,PASS,35,,n,ordinance,LEMMA,,MASTER,0,0,0,,,,,0,0,0,ESDB_V0_4
13062,13312,overcoming,-12.5018,1,PASS,35,,v,overcome,FORM,,MASTER,0,0,0,,,,,0,0,0,ESDB_V0_4
13063,13313,overhaul,-12.5018,1,PASS,35,,n_v,overhaul,LEMMA,,MASTER,0,0,0,,,,,0,0,0,ESDB_V0_4
13064,13314,overlapping,-12.5018,1,PASS,35,,n_v;n,overlap;overlapping,FORM;LEMMA,,MASTER,0,0,0,,,,,0,0,0,ESDB_V0_4
13065,13315,oversee,-12.5018,1,PASS,35,,v,oversee,LEMMA,,MASTER,0,1,1,,,,oversees,0,1,1,ESDB_V0_4
13066,13316,packets,-12.5018,1,PASS,35,,n,packet,FORM,,MASTER,0,1,0,,packet,,,1,0,0,ESDB_V0_4
13067,13317,parsons,-12.5018,1,PASS,35,50,n,parson,FORM,,MASTER,0,0,0,,,,,0,0,0,ESDB_V0_4
13068,13318,persist,-12.5018,1,PASS,35,,v,persist,LEMMA,,MASTER,0,1,1,,,,persists,0,1,1,ESDB_V0_4
13069,13319,physiological,-12.5018,1,PASS,35,,aj,physiological,LEMMA,,MASTER,0,0,0,,,,,0,0,0,ESDB_V0_4
13070,13320,picturesque,-12.5018,1,PASS,35,,aj,picturesque,LEMMA,,MASTER,0,0,0,,,,,0,0,0,ESDB_V0_4
13071,13321,piercing,-12.5018,1,PASS,35,,v;n,pierce;piercing,FORM;LEMMA,,MASTER,0,0,0,,,,,0,0,0,ESDB_V0_4
13072,13322,pinned,-12.5018,1,PASS,35,,n_v,pin,FORM,,MASTER,0,0,0,,,,,0,0,0,ESDB_V0_4
13073,13323,poisoned,-12.5018,1,PASS,35,,n_v,poison,FORM,,MASTER,0,0,0,,,,,0,0,0,ESDB_V0_4
13074,13324,poisonous,-12.5018,1,PASS,35,,aj,poisonous,LEMMA,,MASTER,0,0,0,,,,,0,0,0,ESDB_V0_4
13075,13325,portray,-12.5018,1,PASS,35,,v,portray,LEMMA,,MASTER,0,1,1,,,,portrays,0,1,1,ESDB_V0_4
13076,13326,predicting,-12.5018,1,PASS,35,,v,predict,FORM,,MASTER,0,0,0,,,,,0,0,0,ESDB_V0_4
13077,13327,progressively,-12.5018,1,PASS,35,,av,progressively,LEMMA,,MASTER,0,0,0,,,,,0,0,0,ESDB_V0_4
13078,13328,prominence,-12.5018,1,PASS,35,,n,prominence,LEMMA,,MASTER,0,0,0,,,,,0,0,0,ESDB_V0_4
13079,13329,quran,-12.5018,0,NOT_EXACT_EN_US,,,,,,,REJECTED_AUTO,0,0,0,,,,,0,0,0,ESDB_V0_4
13080,13330,reconsider,-12.5018,1,PASS,35,,v,reconsider,LEMMA,,MASTER,0,0,0,,,,,0,0,0,ESDB_V0_4
13081,13331,referral,-12.5018,1,PASS,50,,n,referral,LEMMA,,MASTER,0,0,0,,,,,0,0,0,ESDB_V0_4
13082,13332,reflective,-12.5018,1,PASS,35,,aj,reflective,LEMMA,,MASTER,0,0,0,,,,,0,0,0,ESDB_V0_4
13083,13333,renting,-12.5018,1,PASS,35,,n_v;n,rent;renting,FORM;LEMMA,,MASTER,0,0,0,,,,,0,0,0,ESDB_V0_4
13084,13334,restless,-12.5018,1,PASS,35,,aj,restless,LEMMA,,MASTER,0,0,0,,,,,0,0,0,ESDB_V0_4
13085,13335,revelations,-12.5018,1,PASS,35,50,n,revelation,FORM,,MASTER,0,1,0,,revelation,,,1,0,0,ESDB_V0_4
13086,13336,rf,-12.5018,0,NOT_EXACT_EN_US,,,,,,,REJECTED_AUTO,0,0,0,,,,,0,0,0,ESDB_V0_4
13087,13337,roofs,-12.5018,1,PASS,35,,n;v,roof,FORM,,MASTER,0,1,1,,roof,proofs,,1,1,0,ESDB_V0_4
13088,13338,rosie,-12.5018,0,NOT_EXACT_EN_US,,,,,,,REJECTED_AUTO,0,0,0,,,,,0,0,0,ESDB_V0_4
13089,13339,routing,-12.5018,1,PASS,35,,n_v;v;n,rout;route;routing,FORM;LEMMA,,MASTER,0,1,0,outing,,,,1,0,0,ESDB_V0_4
13090,13340,royce,-12.5018,0,NOT_EXACT_EN_US,,,,,,,REJECTED_AUTO,0,0,0,,,,,0,0,0,ESDB_V0_4
13091,13341,rugged,-12.5018,1,PASS,35,,aj,rugged,LEMMA,,MASTER,0,0,0,,,,,0,0,0,ESDB_V0_4
13092,13342,sanitation,-12.5018,1,PASS,35,,n,sanitation,LEMMA,,MASTER,0,0,0,,,,,0,0,0,ESDB_V0_4
13093,13343,scissors,-12.5018,1,PASS,60,,v,scissor,FORM,,MASTER,0,0,0,,,,,0,0,0,ESDB_V0_4
13094,13344,sect,-12.5018,1,PASS,35,,n,sect,LEMMA,,MASTER,0,1,0,,sec,,,1,0,0,ESDB_V0_4
13095,13345,separates,-12.5018,1,PASS,35,,n_v,separate,FORM,,MASTER,0,1,0,,separate,,,1,0,0,ESDB_V0_4
13096,13346,sergio,-12.5018,0,NOT_EXACT_EN_US,,,,,,,REJECTED_AUTO,0,0,0,,,,,0,0,0,ESDB_V0_4
13097,13347,seymour,-12.5018,0,NOT_EXACT_EN_US,,,,,,,REJECTED_AUTO,0,0,0,,,,,0,0,0,ESDB_V0_4
13098,13348,shameful,-12.5018,1,PASS,35,,aj,shameful,LEMMA,,MASTER,0,0,0,,,,,0,0,0,ESDB_V0_4
13099,13349,shines,-12.5018,1,PASS,35,,n_v;v,shine,FORM,,MASTER,0,1,0,,shine,,,1,0,0,ESDB_V0_4
13100,13350,shortages,-12.5018,1,PASS,35,,n,shortage,FORM,,MASTER,0,1,0,,shortage,,,1,0,0,ESDB_V0_4
13101,13351,shortest,-12.5018,1,PASS,35,,aj_av,short,FORM,,MASTER,0,0,0,,,,,0,0,0,ESDB_V0_4
13102,13352,shouts,-12.5018,1,PASS,35,,n_v,shout,FORM,,MASTER,0,1,0,,shout,,,1,0,0,ESDB_V0_4
13103,13353,shutdown,-12.5018,1,PASS,35,,n,shutdown,LEMMA,,MASTER,0,0,0,,,,,0,0,0,ESDB_V0_4
13104,13354,sighted,-12.5018,1,PASS,35,,n_v;aj,sight;sighted,FORM;LEMMA,,MASTER,0,0,0,,,,,0,0,0,ESDB_V0_4
13105,13355,simpsons,-12.5018,0,NOT_EXACT_EN_US,,,,,,,REJECTED_AUTO,0,0,0,,,,,0,0,0,ESDB_V0_4
13106,13356,skipped,-12.5018,1,PASS,35,,n_v,skip,FORM,,MASTER,0,0,0,,,,,0,0,0,ESDB_V0_4
13107,13357,skipper,-12.5018,1,PASS,35,,n_v,skipper,LEMMA,,MASTER,0,0,0,,,,,0,0,0,ESDB_V0_4
13108,13358,somethin,-12.5018,0,NOT_EXACT_EN_US,,,,,,,REJECTED_AUTO,0,0,0,,,,,0,0,0,ESDB_V0_4
13109,13359,spices,-12.5018,1,PASS,35,,n_v,spice,FORM,,MASTER,0,1,0,,spice,,,1,0,0,ESDB_V0_4
13110,13360,stein,-12.5018,0,CASE_FREQ_COLLISION,50,50,n,stein,LEMMA,,REJECTED_AUTO,0,0,0,,,,,0,0,0,ESDB_V0_4
13111,13361,stickers,-12.5018,1,PASS,35,,n,sticker,FORM,,MASTER,0,1,0,,sticker,,,1,0,0,ESDB_V0_4
13112,13362,substantive,-12.5018,1,PASS,50,,n;aj,substantive,LEMMA,,MASTER,0,0,0,,,,,0,0,0,ESDB_V0_4
13113,13363,tailored,-12.5018,1,PASS,35,,n_v;aj,tailor;tailored,FORM;LEMMA,,MASTER,0,0,0,,,,,0,0,0,ESDB_V0_4
13114,13364,thru,-12.5018,1,PASS,35,,aj_av;pp,thru,LEMMA,,MASTER,0,0,0,,,,,0,0,0,ESDB_V0_4
13115,13365,titanic,-12.5018,0,CASE_FREQ_COLLISION,50,50,aj,titanic,LEMMA,,REJECTED_AUTO,0,0,0,,,,,0,0,0,ESDB_V0_4
13116,13367,transporting,-12.5018,1,PASS,35,,n_v;n,transport;transporting,FORM;LEMMA,,MASTER,0,0,0,,,,,0,0,0,ESDB_V0_4
13117,13368,truman,-12.5018,0,NOT_EXACT_EN_US,,,,,,,REJECTED_AUTO,0,0,0,,,,,0,0,0,ESDB_V0_4
13118,13369,twelfth,-12.5018,1,PASS,35,,n,twelfth,LEMMA,,MASTER,0,0,0,,,,,0,0,0,ESDB_V0_4
13119,13370,uae,-12.5018,0,NOT_EXACT_EN_US,,,,,,,REJECTED_AUTO,0,0,0,,,,,0,0,0,ESDB_V0_4
13120,13371,unidentified,-12.5018,1,PASS,35,,aj,unidentified,LEMMA,,MASTER,0,0,0,,,,,0,0,0,ESDB_V0_4
13121,13372,utilizing,-12.5018,1,PASS,35,,v,utilize,FORM,,MASTER,0,0,0,,,,,0,0,0,ESDB_V0_4
13122,13373,vanguard,-12.5018,1,PASS,35,,n,vanguard,LEMMA,,MASTER,0,0,0,,,,,0,0,0,ESDB_V0_4
13123,13374,vp,-12.5018,0,NOT_EXACT_EN_US,,,,,,,REJECTED_AUTO,0,0,0,,,,,0,0,0,ESDB_V0_4
13124,13375,wedge,-12.5018,1,PASS,35,,n_v,wedge,LEMMA,,MASTER,0,1,0,edge,,,,1,0,0,ESDB_V0_4
13125,13376,wembley,-12.5018,0,NOT_EXACT_EN_US,,,,,,,REJECTED_AUTO,0,0,0,,,,,0,0,0,ESDB_V0_4
13126,13377,xvi,-12.5018,0,NO_ESDB_GENERAL_EVIDENCE,,,,,,,REJECTED_AUTO,0,0,0,,,,,0,0,0,ESDB_V0_4
13127,13378,yah,-12.5018,0,NOT_EXACT_EN_US,,,,,,,REJECTED_AUTO,0,0,0,,,,,0,0,0,ESDB_V0_4
13128,13380,abdomen,-12.5263,1,PASS,35,,n,abdomen,LEMMA,,MASTER,0,0,0,,,,,0,0,0,ESDB_V0_4
13129,13381,addictive,-12.5263,1,PASS,35,,aj,addictive,LEMMA,,MASTER,0,0,0,,,,,0,0,0,ESDB_V0_4
13130,13382,affiliates,-12.5263,1,PASS,35,,n_v,affiliate,FORM,,MASTER,0,1,0,,affiliate,,,1,0,0,ESDB_V0_4
13131,13383,affirmative,-12.5263,1,PASS,35,,n;aj,affirmative,LEMMA,,MASTER,0,0,0,,,,,0,0,0,ESDB_V0_4
13132,13384,alarms,-12.5263,1,PASS,35,,n_v,alarm,FORM,,MASTER,0,1,0,,alarm,,,1,0,0,ESDB_V0_4
13133,13385,align,-12.5263,1,PASS,35,,v,align,LEMMA,,MASTER,0,0,0,,,,,0,0,0,ESDB_V0_4
13134,13386,altering,-12.5263,1,PASS,35,,v;n,alter;altering,FORM;LEMMA,,MASTER,0,0,0,,,,,0,0,0,ESDB_V0_4
13135,13387,antarctic,-12.5263,0,CASE_FREQ_COLLISION,50,40,a,antarctic,LEMMA,,REJECTED_AUTO,0,0,0,,,,,0,0,0,ESDB_V0_4
13136,13388,aquarium,-12.5263,1,PASS,35,,n,aquarium,LEMMA,,MASTER,0,0,0,,,,,0,0,0,ESDB_V0_4
13137,13389,atop,-12.5263,1,PASS,50,,av,atop,LEMMA,,MASTER,0,1,0,top,,,,1,0,0,ESDB_V0_4
13138,13390,austerity,-12.5263,1,PASS,35,,n,austerity,LEMMA,,MASTER,0,0,0,,,,,0,0,0,ESDB_V0_4
13139,13391,aviv,-12.5263,0,NOT_EXACT_EN_US,,,,,,,REJECTED_AUTO,0,0,0,,,,,0,0,0,ESDB_V0_4
13140,13392,awaited,-12.5263,1,PASS,35,,v;aj,await;awaited,FORM;LEMMA,,MASTER,0,1,0,waited,,,,1,0,0,ESDB_V0_4
13141,13393,basque,-12.5263,0,CASE_FREQ_COLLISION,60,50,n,basque,LEMMA,,REJECTED_AUTO,0,0,0,,,,,0,0,0,ESDB_V0_4
13142,13394,beau,-12.5263,0,CASE_FREQ_COLLISION,50,50,n,beau,LEMMA,,REJECTED_AUTO,0,0,0,,,,,0,0,0,ESDB_V0_4
13143,13395,belarus,-12.5263,0,NOT_EXACT_EN_US,,,,,,,REJECTED_AUTO,0,0,0,,,,,0,0,0,ESDB_V0_4
13144,13396,billed,-12.5263,1,PASS,35,,n_v;aj,bill;billed,FORM;LEMMA,,MASTER,0,0,0,,,,,0,0,0,ESDB_V0_4
13145,13397,billing,-12.5263,1,PASS,35,,n_v;n,bill;billing,FORM;LEMMA,,MASTER,0,0,0,,,,,0,0,0,ESDB_V0_4
13146,13398,blanc,-12.5263,0,NOT_EXACT_EN_US,,,,,,,REJECTED_AUTO,0,0,0,,,,,0,0,0,ESDB_V0_4
13147,13399,blond,-12.5263,1,PASS,35,,n;aj,blond,LEMMA,,MASTER,0,1,1,,,,blonde,0,1,0,ESDB_V0_4
13148,13400,bluetooth,-12.5263,0,NOT_EXACT_EN_US,,,,,,,REJECTED_AUTO,0,0,0,,,,,0,0,0,ESDB_V0_4
13149,13401,bolts,-12.5263,1,PASS,35,,n_v,bolt,FORM,,MASTER,0,1,0,,bolt,,,1,0,0,ESDB_V0_4
13150,13402,brit,-12.5263,0,NOT_EXACT_EN_US,,,,,,,REJECTED_AUTO,0,0,0,,,,,0,0,0,ESDB_V0_4
13151,13403,brokers,-12.5263,1,PASS,35,,n_v,broker,FORM,,MASTER,0,1,0,,broker,,,1,0,0,ESDB_V0_4
13152,13404,buffet,-12.5263,1,PASS,35,,n_v,buffet,LEMMA,,MASTER,0,0,0,,,,,0,0,0,ESDB_V0_4
13153,13405,bushes,-12.5263,1,PASS,35,,n_v,bush,FORM,,MASTER,0,0,0,,,,,0,0,0,ESDB_V0_4
13154,13406,carrot,-12.5263,1,PASS,35,,n,carrot,LEMMA,,MASTER,0,1,1,,,,carrots,0,1,1,ESDB_V0_4
13155,13407,cartel,-12.5263,1,PASS,35,,n,cartel,LEMMA,,MASTER,0,0,0,,,,,0,0,0,ESDB_V0_4
13156,13408,cas,-12.5263,0,NOT_EXACT_EN_US,,,,,,,REJECTED_AUTO,0,0,0,,,,,0,0,0,ESDB_V0_4
13157,13409,caste,-12.5263,1,PASS,35,,n,caste,LEMMA,,MASTER,0,1,0,,cast,,,1,0,0,ESDB_V0_4
13158,13410,chanting,-12.5263,1,PASS,35,,n_v;n,chant;chanting,FORM;LEMMA,,MASTER,0,0,0,,,,,0,0,0,ESDB_V0_4
13159,13411,chartered,-12.5263,1,PASS,35,,n_v;aj,charter;chartered,FORM;LEMMA,,MASTER,0,0,0,,,,,0,0,0,ESDB_V0_4
13160,13412,chu,-12.5263,0,NOT_EXACT_EN_US,,,,,,,REJECTED_AUTO,0,0,0,,,,,0,0,0,ESDB_V0_4
13161,13413,chunk,-12.5263,1,PASS,35,,n,chunk,LEMMA,,MASTER,0,1,1,,,,chunks,0,1,1,ESDB_V0_4
13162,13414,cis,-12.5263,0,NO_ESDB_GENERAL_EVIDENCE,,,,,,,REJECTED_AUTO,0,0,0,,,,,0,0,0,ESDB_V0_4
13163,13415,cloak,-12.5263,1,PASS,35,,n_v,cloak,LEMMA,,MASTER,0,0,0,,,,,0,0,0,ESDB_V0_4
13164,13416,colon,-12.5263,1,PASS,35,50,n,colon,LEMMA,,MASTER,0,1,1,,,,colony,0,1,0,ESDB_V0_4
13165,13417,comrade,-12.5263,1,PASS,35,,n,comrade,LEMMA,,MASTER,0,1,1,,,,comrades,0,1,1,ESDB_V0_4
13166,13418,confessions,-12.5263,1,PASS,35,,n,confession,FORM,,MASTER,0,1,0,,confession,,,1,0,0,ESDB_V0_4
13167,13419,constructing,-12.5263,1,PASS,35,,n_v,construct,FORM,,MASTER,0,0,0,,,,,0,0,0,ESDB_V0_4
13168,13420,curly,-12.5263,1,PASS,35,,aj,curly,LEMMA,,MASTER,0,1,0,,curl,,,1,0,0,ESDB_V0_4
13169,13421,customized,-12.5263,1,PASS,35,,v,customize,FORM,,MASTER,0,1,0,,customize,,,1,0,0,ESDB_V0_4
13170,13422,dicks,-12.5263,1,PASS,40,,n,dick,FORM,vulgar-3,MASTER,0,1,0,,dick,,,1,0,0,ESDB_V0_4
13171,13423,disguised,-12.5263,1,PASS,35,,n_v;aj,disguise;disguised,FORM;LEMMA,,MASTER,0,1,0,,disguise,,,1,0,0,ESDB_V0_4
13172,13424,disrespect,-12.5263,1,PASS,35,,n;v,disrespect,LEMMA,,MASTER,0,0,0,,,,,0,0,0,ESDB_V0_4
13173,13425,dissent,-12.5263,1,PASS,35,,n_v,dissent,LEMMA,,MASTER,0,0,0,,,,,0,0,0,ESDB_V0_4
13174,13426,dominating,-12.5263,1,PASS,35,,v;aj,dominate;dominating,FORM;LEMMA,,MASTER,0,0,0,,,,,0,0,0,ESDB_V0_4
13175,13427,downfall,-12.5263,1,PASS,35,,n,downfall,LEMMA,,MASTER,0,0,0,,,,,0,0,0,ESDB_V0_4
13176,13428,duly,-12.5263,1,PASS,35,,av,duly,LEMMA,,MASTER,0,0,0,,,,,0,0,0,ESDB_V0_4
13177,13429,eccentric,-12.5263,1,PASS,35,,n;aj,eccentric,LEMMA,,MASTER,0,0,0,,,,,0,0,0,ESDB_V0_4
13178,13430,endeavour,-12.5263,0,NOT_EXACT_EN_US,,,,,,,REJECTED_AUTO,0,0,0,,,,,0,0,0,ESDB_V0_4
13179,13431,enforcing,-12.5263,1,PASS,35,,v,enforce,FORM,,MASTER,0,0,0,,,,,0,0,0,ESDB_V0_4
13180,13432,enthusiasts,-12.5263,1,PASS,35,,n,enthusiast,FORM,,MASTER,0,1,0,,enthusiast,,,1,0,0,ESDB_V0_4
13181,13433,essentials,-12.5263,1,PASS,35,,n,essential,FORM,,MASTER,0,1,0,,essential,,,1,0,0,ESDB_V0_4
13182,13434,exits,-12.5263,1,PASS,35,,n_v,exit,FORM,,MASTER,0,1,0,,exit,,,1,0,0,ESDB_V0_4
13183,13435,expressly,-12.5263,1,PASS,35,,av,expressly,LEMMA,,MASTER,0,0,0,,,,,0,0,0,ESDB_V0_4
13184,13436,exquisite,-12.5263,1,PASS,35,,aj,exquisite,LEMMA,,MASTER,0,0,0,,,,,0,0,0,ESDB_V0_4
13185,13437,fallout,-12.5263,1,PASS,35,,n,fallout,LEMMA,,MASTER,0,0,0,,,,,0,0,0,ESDB_V0_4
13186,13438,fiat,-12.5263,1,PASS,40,50,n,fiat,LEMMA,,MASTER,0,0,0,,,,,0,0,0,ESDB_V0_4
13187,13439,figuring,-12.5263,1,PASS,35,,n_v;n,figure;figuring,FORM;LEMMA,,MASTER,0,0,0,,,,,0,0,0,ESDB_V0_4
13188,13440,foreman,-12.5263,1,PASS,35,50,n,foreman,LEMMA,,MASTER,0,0,0,,,,,0,0,0,ESDB_V0_4
13189,13441,freaks,-12.5263,1,PASS,35,,n_v,freak,FORM,,MASTER,0,1,0,,freak,,,1,0,0,ESDB_V0_4
13190,13442,fundamentals,-12.5263,1,PASS,35,,n,fundamental,FORM,,MASTER,0,1,0,,fundamental,,,1,0,0,ESDB_V0_4
13191,13443,gag,-12.5263,1,PASS,35,,n_v,gag,LEMMA,,MASTER,0,1,1,,,,gaga,0,1,0,ESDB_V0_4
13192,13444,galaxies,-12.5263,1,PASS,35,,n,galaxy,FORM,,MASTER,0,0,0,,,,,0,0,0,ESDB_V0_4
13193,13445,gareth,-12.5263,0,NOT_EXACT_EN_US,,,,,,,REJECTED_AUTO,0,0,0,,,,,0,0,0,ESDB_V0_4
13194,13446,geometric,-12.5263,1,PASS,35,,aj,geometric,LEMMA,,MASTER,0,0,0,,,,,0,0,0,ESDB_V0_4
13195,13447,giles,-12.5263,0,NOT_EXACT_EN_US,,,,,,,REJECTED_AUTO,0,0,0,,,,,0,0,0,ESDB_V0_4
13196,13448,giovanni,-12.5263,0,NOT_EXACT_EN_US,,,,,,,REJECTED_AUTO,0,0,0,,,,,0,0,0,ESDB_V0_4
13197,13449,gomez,-12.5263,0,NOT_EXACT_EN_US,,,,,,,REJECTED_AUTO,0,0,0,,,,,0,0,0,ESDB_V0_4
13198,13450,grin,-12.5263,1,PASS,35,,n_v,grin,LEMMA,,MASTER,0,1,1,,,,grind,0,1,0,ESDB_V0_4
13199,13451,hepatitis,-12.5263,1,PASS,35,,n,hepatitis,LEMMA,,MASTER,0,0,0,,,,,0,0,0,ESDB_V0_4
13200,13452,hypocrisy,-12.5263,1,PASS,35,,n,hypocrisy,LEMMA,,MASTER,0,0,0,,,,,0,0,0,ESDB_V0_4
13201,13453,ia,-12.5263,0,NOT_EXACT_EN_US,,,,,,,REJECTED_AUTO,0,0,0,,,,,0,0,0,ESDB_V0_4
13202,13454,ib,-12.5263,0,NOT_EXACT_EN_US,,,,,,,REJECTED_AUTO,0,0,0,,,,,0,0,0,ESDB_V0_4
13203,13455,impending,-12.5263,1,PASS,35,,v;aj,impend;impending,FORM;LEMMA,,MASTER,0,0,0,,,,,0,0,0,ESDB_V0_4
13204,13456,inauguration,-12.5263,1,PASS,35,,n,inauguration,LEMMA,,MASTER,0,0,0,,,,,0,0,0,ESDB_V0_4
13205,13457,incidentally,-12.5263,1,PASS,35,,av,incidentally,LEMMA,,MASTER,0,0,0,,,,,0,0,0,ESDB_V0_4
13206,13458,incorrectly,-12.5263,1,PASS,35,,av,incorrectly,LEMMA,,MASTER,0,0,0,,,,,0,0,0,ESDB_V0_4
13207,13459,inherit,-12.5263,1,PASS,35,,v,inherit,LEMMA,,MASTER,0,0,0,,,,,0,0,0,ESDB_V0_4
13208,13460,insisting,-12.5263,1,PASS,35,,v;n,insist;insisting,FORM;LEMMA,,MASTER,0,0,0,,,,,0,0,0,ESDB_V0_4
13209,13461,kat,-12.5263,0,NOT_EXACT_EN_US,,,,,,,REJECTED_AUTO,0,0,0,,,,,0,0,0,ESDB_V0_4
13210,13462,kenyan,-12.5263,0,NOT_EXACT_EN_US,,,,,,,REJECTED_AUTO,0,0,0,,,,,0,0,0,ESDB_V0_4
13211,13463,klaus,-12.5263,0,NOT_EXACT_EN_US,,,,,,,REJECTED_AUTO,0,0,0,,,,,0,0,0,ESDB_V0_4
13212,13464,knicks,-12.5263,0,NOT_EXACT_EN_US,,,,,,,REJECTED_AUTO,0,0,0,,,,,0,0,0,ESDB_V0_4
13213,13465,lama,-12.5263,1,PASS,50,,n,lama,LEMMA,,MASTER,0,1,0,,lam,,,1,0,0,ESDB_V0_4
13214,13466,lantern,-12.5263,1,PASS,35,,n,lantern,LEMMA,,MASTER,0,0,0,,,,,0,0,0,ESDB_V0_4
13215,13467,laurel,-12.5263,1,PASS,35,50,n,laurel,LEMMA,,MASTER,0,0,0,,,,,0,0,0,ESDB_V0_4
13216,13468,locality,-12.5263,1,PASS,35,,n,locality,LEMMA,,MASTER,0,0,0,,,,,0,0,0,ESDB_V0_4
13217,13469,login,-12.5263,0,SPECIAL_ONLY,50,,n,login,LEMMA,,REJECTED_AUTO,0,0,0,,,,,0,0,0,ESDB_V0_4
13218,13470,logos,-12.5263,1,PASS,40,,n,logo,FORM,,MASTER,0,1,0,,logo,,,1,0,0,ESDB_V0_4
13219,13471,lookout,-12.5263,1,PASS,35,,n,lookout,LEMMA,,MASTER,0,0,0,,,,,0,0,0,ESDB_V0_4
13220,13472,macmillan,-12.5263,0,NOT_EXACT_EN_US,,,,,,,REJECTED_AUTO,0,0,0,,,,,0,0,0,ESDB_V0_4
13221,13473,madagascar,-12.5263,0,NOT_EXACT_EN_US,,,,,,,REJECTED_AUTO,0,0,0,,,,,0,0,0,ESDB_V0_4
13222,13474,magistrates,-12.5263,1,PASS,35,,n,magistrate,FORM,,MASTER,0,1,0,,magistrate,,,1,0,0,ESDB_V0_4
13223,13475,malik,-12.5263,0,NOT_EXACT_EN_US,,,,,,,REJECTED_AUTO,0,0,0,,,,,0,0,0,ESDB_V0_4
13224,13476,managerial,-12.5263,1,PASS,35,,aj,managerial,LEMMA,,MASTER,0,0,0,,,,,0,0,0,ESDB_V0_4
13225,13478,mas,-12.5263,1,PASS,35,,n,ma,FORM,,MASTER,0,1,1,as,ma,,mass;mask;mast;mash,2,4,0,ESDB_V0_4
13226,13479,masked,-12.5263,1,PASS,35,,n_v;aj,mask;masked,FORM;LEMMA,,MASTER,0,1,0,asked,,,,1,0,0,ESDB_V0_4
13227,13480,methodist,-12.5263,0,NOT_EXACT_EN_US,,,,,,,REJECTED_AUTO,0,0,0,,,,,0,0,0,ESDB_V0_4
13228,13481,mk,-12.5263,0,NOT_EXACT_EN_US,,,,,,,REJECTED_AUTO,0,0,0,,,,,0,0,0,ESDB_V0_4
13229,13482,mn,-12.5263,0,NOT_EXACT_EN_US,,,,,,,REJECTED_AUTO,0,0,0,,,,,0,0,0,ESDB_V0_4
13230,13483,modular,-12.5263,1,PASS,35,,aj,modular,LEMMA,,MASTER,0,0,0,,,,,0,0,0,ESDB_V0_4
13231,13484,motions,-12.5263,1,PASS,35,,n_v,motion,FORM,,MASTER,0,1,1,,motion,emotions,,1,1,0,ESDB_V0_4
13232,13485,mummy,-12.5263,1,PASS,35,,n,mummy,LEMMA,,MASTER,0,0,0,,,,,0,0,0,ESDB_V0_4
13233,13486,muse,-12.5263,1,PASS,35,50,n_v,muse,LEMMA,,MASTER,0,1,0,use,,,,1,0,0,ESDB_V0_4
13234,13487,neon,-12.5263,1,PASS,35,,n;a,neon,LEMMA,,MASTER,0,0,0,,,,,0,0,0,ESDB_V0_4
13235,13488,neurological,-12.5263,1,PASS,40,,aj,neurological,LEMMA,,MASTER,0,0,0,,,,,0,0,0,ESDB_V0_4
13236,13489,newark,-12.5263,0,NOT_EXACT_EN_US,,,,,,,REJECTED_AUTO,0,0,0,,,,,0,0,0,ESDB_V0_4
13237,13490,nipples,-12.5263,1,PASS,35,,n,nipple,FORM,,MASTER,0,1,0,,nipple,,,1,0,0,ESDB_V0_4
13238,13491,nominees,-12.5263,1,PASS,35,,n,nominee,FORM,,MASTER,0,1,0,,nominee,,,1,0,0,ESDB_V0_4
13239,13492,northeastern,-12.5263,1,PASS,35,,aj,northeastern,LEMMA,,MASTER,0,0,0,,,,,0,0,0,ESDB_V0_4
13240,13493,oo,-12.5263,0,NOT_EXACT_EN_US,,,,,,,REJECTED_AUTO,0,0,0,,,,,0,0,0,ESDB_V0_4
13241,13494,ordination,-12.5263,1,PASS,35,,n,ordination,LEMMA,,MASTER,0,0,0,,,,,0,0,0,ESDB_V0_4
13242,13495,papal,-12.5263,1,PASS,35,,aj,papal,LEMMA,,MASTER,0,1,0,,papa,,,1,0,0,ESDB_V0_4
13243,13496,persistence,-12.5263,1,PASS,35,,n,persistence,LEMMA,,MASTER,0,0,0,,,,,0,0,0,ESDB_V0_4
13244,13497,physiology,-12.5263,1,PASS,35,,n,physiology,LEMMA,,MASTER,0,0,0,,,,,0,0,0,ESDB_V0_4
13245,13498,pioneers,-12.5263,1,PASS,35,,n_v,pioneer,FORM,,MASTER,0,1,0,,pioneer,,,1,0,0,ESDB_V0_4
13246,13499,porcelain,-12.5263,1,PASS,35,,n,porcelain,LEMMA,,MASTER,0,0,0,,,,,0,0,0,ESDB_V0_4
13247,13500,principally,-12.5263,1,PASS,35,,av,principally,LEMMA,,MASTER,0,0,0,,,,,0,0,0,ESDB_V0_4
13248,13501,profitability,-12.5263,1,PASS,40,,n,profitability,LEMMA,,MASTER,0,0,0,,,,,0,0,0,ESDB_V0_4
13249,13502,pubs,-12.5263,1,PASS,40,,n,pub,FORM,,MASTER,0,1,0,,pub,,,1,0,0,ESDB_V0_4
13250,13503,pun,-12.5263,1,PASS,35,,n_v,pun,LEMMA,,MASTER,0,1,1,,,spun,punk;punt,0,3,0,ESDB_V0_4
13251,13504,punjab,-12.5263,0,NOT_EXACT_EN_US,,,,,,,REJECTED_AUTO,0,0,0,,,,,0,0,0,ESDB_V0_4
13252,13505,questionnaire,-12.5263,1,PASS,35,,n,questionnaire,LEMMA,,MASTER,0,0,0,,,,,0,0,0,ESDB_V0_4
13253,13506,radically,-12.5263,1,PASS,35,,av,radically,LEMMA,,MASTER,0,0,0,,,,,0,0,0,ESDB_V0_4
13254,13507,reactors,-12.5263,1,PASS,35,,n,reactor,FORM,,MASTER,0,1,0,,reactor,,,1,0,0,ESDB_V0_4
13255,13508,rebounds,-12.5263,1,PASS,35,,n_v,rebound,FORM,,MASTER,0,1,0,,rebound,,,1,0,0,ESDB_V0_4
13256,13509,reconcile,-12.5263,1,PASS,35,,v,reconcile,LEMMA,,MASTER,0,1,1,,,,reconciled,0,1,1,ESDB_V0_4
13257,13510,reggie,-12.5263,0,NOT_EXACT_EN_US,,,,,,,REJECTED_AUTO,0,0,0,,,,,0,0,0,ESDB_V0_4
13258,13511,remnants,-12.5263,1,PASS,35,,n,remnant,FORM,,MASTER,0,1,0,,remnant,,,1,0,0,ESDB_V0_4
13259,13512,renault,-12.5263,0,NOT_EXACT_EN_US,,,,,,,REJECTED_AUTO,0,0,0,,,,,0,0,0,ESDB_V0_4
13260,13513,reprinted,-12.5263,0,NO_ESDB_GENERAL_EVIDENCE,,,,,,,REJECTED_AUTO,0,0,0,,,,,0,0,0,ESDB_V0_4
13261,13514,resentment,-12.5263,1,PASS,35,,n,resentment,LEMMA,,MASTER,0,0,0,,,,,0,0,0,ESDB_V0_4
13262,13515,resonance,-12.5263,1,PASS,35,,n,resonance,LEMMA,,MASTER,0,0,0,,,,,0,0,0,ESDB_V0_4
13263,13516,rhino,-12.5263,1,PASS,35,,n,rhino,LEMMA,,MASTER,0,0,0,,,,,0,0,0,ESDB_V0_4
13264,13517,rib,-12.5263,1,PASS,35,,n_v,rib,LEMMA,,MASTER,0,1,1,,,crib,ribs,0,2,1,ESDB_V0_4
13265,13518,rna,-12.5263,0,NOT_EXACT_EN_US,,,,,,,REJECTED_AUTO,0,0,0,,,,,0,0,0,ESDB_V0_4
13266,13519,rods,-12.5263,1,PASS,35,,n,rod,FORM,,MASTER,0,1,0,,rod,,,1,0,0,ESDB_V0_4
13267,13521,sayin,-12.5263,0,NOT_EXACT_EN_US,,,,,,,REJECTED_AUTO,0,0,0,,,,,0,0,0,ESDB_V0_4
13268,13522,scans,-12.5263,1,PASS,35,,n_v,scan,FORM,,MASTER,0,1,0,cans,scan,,,2,0,0,ESDB_V0_4
13269,13523,scum,-12.5263,1,PASS,35,,n;v,scum,LEMMA,,MASTER,0,0,0,,,,,0,0,0,ESDB_V0_4
13270,13524,severed,-12.5263,1,PASS,35,,v;aj,sever;severed,FORM;LEMMA,,MASTER,0,1,0,,severe,,,1,0,0,ESDB_V0_4
13271,13525,sewer,-12.5263,1,PASS,35,,n,sewer,LEMMA,,MASTER,0,0,0,,,,,0,0,0,ESDB_V0_4
13272,13526,shocks,-12.5263,1,PASS,35,,n_v,shock,FORM,,MASTER,0,1,0,,shock,,,1,0,0,ESDB_V0_4
13273,13527,sinclair,-12.5263,0,NOT_EXACT_EN_US,,,,,,,REJECTED_AUTO,0,0,0,,,,,0,0,0,ESDB_V0_4
13274,13528,sloppy,-12.5263,1,PASS,35,,aj,sloppy,LEMMA,,MASTER,0,0,0,,,,,0,0,0,ESDB_V0_4
13275,13529,sock,-12.5263,1,PASS,35,,n;v,sock,LEMMA,,MASTER,0,1,1,,,,socks,0,1,1,ESDB_V0_4
13276,13530,storyline,-12.5263,1,PASS,60,,n,storyline,LEMMA,,MASTER,0,0,0,,,,,0,0,0,ESDB_V0_4
13277,13531,subdivision,-12.5263,1,PASS,35,,n,subdivision,LEMMA,,MASTER,0,0,0,,,,,0,0,0,ESDB_V0_4
13278,13532,survives,-12.5263,1,PASS,35,,v,survive,FORM,,MASTER,0,1,0,,survive,,,1,0,0,ESDB_V0_4
13279,13533,swiftly,-12.5263,1,PASS,35,,av,swiftly,LEMMA,,MASTER,0,0,0,,,,,0,0,0,ESDB_V0_4
13280,13534,swollen,-12.5263,1,PASS,35,,n_v,swell,FORM,,MASTER,0,0,0,,,,,0,0,0,ESDB_V0_4
13281,13535,theresa,-12.5263,0,NOT_EXACT_EN_US,,,,,,,REJECTED_AUTO,0,0,0,,,,,0,0,0,ESDB_V0_4
13282,13536,tibetan,-12.5263,0,NOT_EXACT_EN_US,,,,,,,REJECTED_AUTO,0,0,0,,,,,0,0,0,ESDB_V0_4
13283,13537,tighter,-12.5263,1,PASS,35,,aj_av,tight,FORM,,MASTER,0,0,0,,,,,0,0,0,ESDB_V0_4
13284,13538,timed,-12.5263,1,PASS,35,,n_v;aj,time;timed,FORM;LEMMA,,MASTER,0,1,0,,time,,,1,0,0,ESDB_V0_4
13285,13539,timer,-12.5263,1,PASS,35,,n,timer,LEMMA,,MASTER,0,1,0,,time,,,1,0,0,ESDB_V0_4
13286,13540,trance,-12.5263,1,PASS,35,,n,trance,LEMMA,,MASTER,0,0,0,,,,,0,0,0,ESDB_V0_4
13287,13541,truce,-12.5263,1,PASS,35,,n,truce,LEMMA,,MASTER,0,0,0,,,,,0,0,0,ESDB_V0_4
13288,13542,unconstitutional,-12.5263,1,PASS,35,,aj,unconstitutional,LEMMA,,MASTER,0,0,0,,,,,0,0,0,ESDB_V0_4
13289,13543,undefeated,-12.5263,1,PASS,50,,aj,undefeated,LEMMA,,MASTER,0,0,0,,,,,0,0,0,ESDB_V0_4
13290,13544,uphold,-12.5263,1,PASS,35,,v,uphold,LEMMA,,MASTER,0,0,0,,,,,0,0,0,ESDB_V0_4
13291,13545,vapor,-12.5263,1,PASS,35,,n,vapor,LEMMA,,MASTER,0,0,0,,,,,0,0,0,ESDB_V0_4
13292,13547,watering,-12.5263,1,PASS,35,,v;n,water;watering,FORM;LEMMA,,MASTER,0,0,0,,,,,0,0,0,ESDB_V0_4
13293,13548,waterloo,-12.5263,0,NOT_EXACT_EN_US,,,,,,,REJECTED_AUTO,0,0,0,,,,,0,0,0,ESDB_V0_4
13294,13549,weakest,-12.5263,1,PASS,35,,aj,weak,FORM,,MASTER,0,0,0,,,,,0,0,0,ESDB_V0_4
13295,13550,weaver,-12.5263,1,PASS,35,50,n,weaver,LEMMA,,MASTER,0,1,0,,weave,,,1,0,0,ESDB_V0_4
13296,13551,whereabouts,-12.5263,1,PASS,35,,n;a,whereabouts,LEMMA;FORM,,MASTER,0,0,0,,,,,0,0,0,ESDB_V0_4
13297,13552,wherein,-12.5263,1,PASS,35,,a,wherein,LEMMA,,MASTER,0,1,0,herein,,,,1,0,0,ESDB_V0_4
13298,13553,willingly,-12.5263,1,PASS,35,,av,willingly,LEMMA,,MASTER,0,0,0,,,,,0,0,0,ESDB_V0_4
13299,13554,wimbledon,-12.5263,0,NOT_EXACT_EN_US,,,,,,,REJECTED_AUTO,0,0,0,,,,,0,0,0,ESDB_V0_4
13300,13555,witches,-12.5263,1,PASS,35,,n_v,witch,FORM,,MASTER,0,1,1,,,switches,,0,1,0,ESDB_V0_4
13301,13556,woven,-12.5263,1,PASS,35,,v,weave,FORM,,MASTER,0,1,0,oven,,,,1,0,0,ESDB_V0_4
13302,13557,wyoming,-12.5263,0,NOT_EXACT_EN_US,,,,,,,REJECTED_AUTO,0,0,0,,,,,0,0,0,ESDB_V0_4
13303,13558,yan,-12.5263,0,NOT_EXACT_EN_US,,,,,,,REJECTED_AUTO,0,0,0,,,,,0,0,0,ESDB_V0_4
13304,13559,yarn,-12.5263,1,PASS,35,,n,yarn,LEMMA,,MASTER,0,0,0,,,,,0,0,0,ESDB_V0_4
13305,13560,yielded,-12.5263,1,PASS,35,,n_v,yield,FORM,,MASTER,0,0,0,,,,,0,0,0,ESDB_V0_4
13306,13561,zeus,-12.5263,0,NOT_EXACT_EN_US,,,,,,,REJECTED_AUTO,0,0,0,,,,,0,0,0,ESDB_V0_4
13307,13564,abandoning,-12.5486,1,PASS,35,,v,abandon,FORM,,MASTER,0,0,0,,,,,0,0,0,ESDB_V0_4
13308,13565,acquaintance,-12.5486,1,PASS,35,,n,acquaintance,LEMMA,,MASTER,0,1,1,,,,acquaintances,0,1,1,ESDB_V0_4
13309,13566,advisers,-12.5486,1,PASS,35,,n,adviser,FORM,,MASTER,0,1,0,,adviser,,,1,0,0,ESDB_V0_4
13310,13567,agnes,-12.5486,0,NOT_EXACT_EN_US,,,,,,,REJECTED_AUTO,0,0,0,,,,,0,0,0,ESDB_V0_4
13311,13568,ammonia,-12.5486,1,PASS,35,,n,ammonia,LEMMA,,MASTER,0,0,0,,,,,0,0,0,ESDB_V0_4
13312,13569,analysed,-12.5486,0,NOT_EXACT_EN_US,,,,,,,REJECTED_AUTO,0,0,0,,,,,0,0,0,ESDB_V0_4
13313,13571,arabian,-12.5486,0,NOT_EXACT_EN_US,,,,,,,REJECTED_AUTO,0,0,0,,,,,0,0,0,ESDB_V0_4
13314,13572,archie,-12.5486,0,NOT_EXACT_EN_US,,,,,,,REJECTED_AUTO,0,0,0,,,,,0,0,0,ESDB_V0_4
13315,13573,arrogance,-12.5486,1,PASS,35,,n,arrogance,LEMMA,,MASTER,0,0,0,,,,,0,0,0,ESDB_V0_4
13316,13574,arse,-12.5486,0,NOT_EXACT_EN_US,,,,,,,REJECTED_AUTO,0,0,0,,,,,0,0,0,ESDB_V0_4
13317,13575,ashore,-12.5486,1,PASS,35,,av,ashore,LEMMA,,MASTER,0,1,0,shore,,,,1,0,0,ESDB_V0_4
13318,13576,autopsy,-12.5486,1,PASS,35,,n_v,autopsy,LEMMA,,MASTER,0,0,0,,,,,0,0,0,ESDB_V0_4
13319,13577,backstage,-12.5486,1,PASS,35,,n;aj_av,backstage,LEMMA,,MASTER,0,0,0,,,,,0,0,0,ESDB_V0_4
13320,13578,baptized,-12.5486,1,PASS,35,,v;aj,baptize;baptized,FORM;LEMMA,,MASTER,0,0,0,,,,,0,0,0,ESDB_V0_4
13321,13579,barrett,-12.5486,0,NOT_EXACT_EN_US,,,,,,,REJECTED_AUTO,0,0,0,,,,,0,0,0,ESDB_V0_4
13322,13580,batter,-12.5486,1,PASS,35,,n_v,batter,LEMMA,,MASTER,0,1,1,,,,battery,0,1,0,ESDB_V0_4
13323,13581,battling,-12.5486,1,PASS,35,,n_v,battle,FORM,,MASTER,0,0,0,,,,,0,0,0,ESDB_V0_4
13324,13582,behaved,-12.5486,1,PASS,35,,v,behave,FORM,,MASTER,0,1,0,,behave,,,1,0,0,ESDB_V0_4
13325,13583,beverages,-12.5486,1,PASS,35,,n,beverage,FORM,,MASTER,0,1,0,,beverage,,,1,0,0,ESDB_V0_4
13326,13584,bilingual,-12.5486,1,PASS,35,,n;aj,bilingual,LEMMA,,MASTER,0,0,0,,,,,0,0,0,ESDB_V0_4
13327,13585,blackout,-12.5486,1,PASS,35,,n,blackout,LEMMA,,MASTER,0,0,0,,,,,0,0,0,ESDB_V0_4
13328,13586,bloggers,-12.5486,0,SPECIAL_ONLY,35,,n,blogger,FORM,,REJECTED_AUTO,0,0,0,,,,,0,0,0,ESDB_V0_4
13329,13587,bluff,-12.5486,1,PASS,35,,n_v;aj,bluff,LEMMA,,MASTER,0,0,0,,,,,0,0,0,ESDB_V0_4
13330,13588,blurred,-12.5486,1,PASS,35,,n_v;aj,blur;blurred,FORM;LEMMA,,MASTER,0,0,0,,,,,0,0,0,ESDB_V0_4
13331,13589,breaker,-12.5486,1,PASS,50,,n,breaker,LEMMA,,MASTER,0,1,1,,,,breakers,0,1,1,ESDB_V0_4
13332,13590,caller,-12.5486,1,PASS,35,,n,caller,LEMMA,,MASTER,0,0,0,,,,,0,0,0,ESDB_V0_4
13333,13591,carnegie,-12.5486,0,NOT_EXACT_EN_US,,,,,,,REJECTED_AUTO,0,0,0,,,,,0,0,0,ESDB_V0_4
13334,13592,castles,-12.5486,1,PASS,35,,n_v,castle,FORM,,MASTER,0,1,0,,castle,,,1,0,0,ESDB_V0_4
13335,13593,celestial,-12.5486,1,PASS,35,,aj,celestial,LEMMA,,MASTER,0,0,0,,,,,0,0,0,ESDB_V0_4
13336,13594,cerebral,-12.5486,1,PASS,35,,aj,cerebral,LEMMA,,MASTER,0,0,0,,,,,0,0,0,ESDB_V0_4
13337,13595,charger,-12.5486,1,PASS,35,,n,charger,LEMMA,,MASTER,0,1,1,,charge,,chargers,1,1,1,ESDB_V0_4
13338,13596,chefs,-12.5486,1,PASS,35,,n,chef,FORM,,MASTER,0,1,0,,chef,,,1,0,0,ESDB_V0_4
13339,13597,circulating,-12.5486,1,PASS,35,,v;aj,circulate;circulating,FORM;LEMMA,,MASTER,0,0,0,,,,,0,0,0,ESDB_V0_4
13340,13598,claw,-12.5486,1,PASS,35,,n_v,claw,LEMMA,,MASTER,0,1,1,law,,,claws,1,1,1,ESDB_V0_4
13341,13599,colder,-12.5486,1,PASS,35,,aj,cold,FORM,,MASTER,0,1,0,older,,,,1,0,0,ESDB_V0_4
13342,13600,comforting,-12.5486,1,PASS,35,,n_v;aj,comfort;comforting,FORM;LEMMA,,MASTER,0,0,0,,,,,0,0,0,ESDB_V0_4
13343,13601,commune,-12.5486,1,PASS,35,,n_v,commune,LEMMA,,MASTER,0,0,0,,,,,0,0,0,ESDB_V0_4
13344,13602,condemnation,-12.5486,1,PASS,35,,n,condemnation,LEMMA,,MASTER,0,0,0,,,,,0,0,0,ESDB_V0_4
13345,13603,contend,-12.5486,1,PASS,35,,v,contend,LEMMA,,MASTER,0,0,0,,,,,0,0,0,ESDB_V0_4
13346,13604,cosmetics,-12.5486,1,PASS,35,,n,cosmetic,FORM,,MASTER,0,1,0,,cosmetic,,,1,0,0,ESDB_V0_4
13347,13605,cosmos,-12.5486,1,PASS,35,,n,cosmos,LEMMA;FORM,,MASTER,0,0,0,,,,,0,0,0,ESDB_V0_4
13348,13606,courthouse,-12.5486,1,PASS,35,,n,courthouse,LEMMA,,MASTER,0,0,0,,,,,0,0,0,ESDB_V0_4
13349,13607,crimson,-12.5486,1,PASS,35,,n;v;aj,crimson,LEMMA,,MASTER,0,0,0,,,,,0,0,0,ESDB_V0_4
13350,13608,dagger,-12.5486,1,PASS,35,,n,dagger,LEMMA,,MASTER,0,0,0,,,,,0,0,0,ESDB_V0_4
13351,13609,dalton,-12.5486,0,NOT_EXACT_EN_US,,,,,,,REJECTED_AUTO,0,0,0,,,,,0,0,0,ESDB_V0_4
13352,13610,danielle,-12.5486,0,NOT_EXACT_EN_US,,,,,,,REJECTED_AUTO,0,0,0,,,,,0,0,0,ESDB_V0_4
13353,13611,deborah,-12.5486,0,NOT_EXACT_EN_US,,,,,,,REJECTED_AUTO,0,0,0,,,,,0,0,0,ESDB_V0_4
13354,13612,defective,-12.5486,1,PASS,35,,n;aj,defective,LEMMA,,MASTER,0,0,0,,,,,0,0,0,ESDB_V0_4
13355,13613,defences,-12.5486,0,NOT_EXACT_EN_US,,,,,,,REJECTED_AUTO,0,0,0,,,,,0,0,0,ESDB_V0_4
13356,13614,dependency,-12.5486,1,PASS,35,,n,dependency,LEMMA,,MASTER,0,0,0,,,,,0,0,0,ESDB_V0_4
13357,13615,discounted,-12.5486,1,PASS,35,,n_v,discount,FORM,,MASTER,0,0,0,,,,,0,0,0,ESDB_V0_4
13358,13616,dispersed,-12.5486,1,PASS,35,,v;aj,disperse;dispersed,FORM;LEMMA,,MASTER,0,1,0,,disperse,,,1,0,0,ESDB_V0_4
13359,13617,diverted,-12.5486,1,PASS,35,,v;aj,divert;diverted,FORM;LEMMA,,MASTER,0,0,0,,,,,0,0,0,ESDB_V0_4
13360,13618,drifting,-12.5486,1,PASS,35,,n_v;n;aj,drift;drifting,FORM;LEMMA,,MASTER,0,0,0,,,,,0,0,0,ESDB_V0_4
13361,13619,duh,-12.5486,1,PASS,60,,i,duh,LEMMA,,MASTER,0,1,0,uh,,,,1,0,0,ESDB_V0_4
13362,13620,elijah,-12.5486,0,NOT_EXACT_EN_US,,,,,,,REJECTED_AUTO,0,0,0,,,,,0,0,0,ESDB_V0_4
13363,13621,emphasizes,-12.5486,1,PASS,35,,v,emphasize,FORM,,MASTER,0,1,0,,emphasize,,,1,0,0,ESDB_V0_4
13364,13622,establishes,-12.5486,1,PASS,35,,v,establish,FORM,,MASTER,0,0,0,,,,,0,0,0,ESDB_V0_4
13365,13623,evacuate,-12.5486,1,PASS,35,,v,evacuate,LEMMA,,MASTER,0,1,1,,,,evacuated,0,1,1,ESDB_V0_4
13366,13624,existent,-12.5486,1,PASS,35,,aj,existent,LEMMA,,MASTER,0,0,0,,,,,0,0,0,ESDB_V0_4
13367,13625,falcons,-12.5486,1,PASS,35,,n,falcon,FORM,,MASTER,0,1,0,,falcon,,,1,0,0,ESDB_V0_4
13368,13626,flirting,-12.5486,1,PASS,35,,n_v,flirt,FORM,,MASTER,0,0,0,,,,,0,0,0,ESDB_V0_4
13369,13627,flowering,-12.5486,1,PASS,35,,n_v,flower,FORM,,MASTER,0,1,0,lowering,,,,1,0,0,ESDB_V0_4
13370,13628,formulated,-12.5486,1,PASS,35,,v;aj,formulate;formulated,FORM;LEMMA,,MASTER,0,1,0,,formulate,,,1,0,0,ESDB_V0_4
13371,13629,funky,-12.5486,1,PASS,40,,aj,funky,LEMMA,,MASTER,0,1,0,,funk,,,1,0,0,ESDB_V0_4
13372,13630,garment,-12.5486,1,PASS,35,,n,garment,LEMMA,,MASTER,0,1,1,,,,garments,0,1,1,ESDB_V0_4
13373,13631,gracious,-12.5486,1,PASS,35,,aj;i,gracious,LEMMA,,MASTER,0,0,0,,,,,0,0,0,ESDB_V0_4
13374,13632,graveyard,-12.5486,1,PASS,35,,n,graveyard,LEMMA,,MASTER,0,0,0,,,,,0,0,0,ESDB_V0_4
13375,13633,grouping,-12.5486,1,PASS,35,,n_v;n,group;grouping,FORM;LEMMA,,MASTER,0,0,0,,,,,0,0,0,ESDB_V0_4
13376,13634,gypsy,-12.5486,1,PASS,40,50,n,gypsy,LEMMA,,MASTER,0,0,0,,,,,0,0,0,ESDB_V0_4
13377,13635,hai,-12.5486,0,NOT_EXACT_EN_US,,,,,,,REJECTED_AUTO,0,0,0,,,,,0,0,0,ESDB_V0_4
13378,13636,halted,-12.5486,1,PASS,35,,n_v,halt,FORM,,MASTER,0,0,0,,,,,0,0,0,ESDB_V0_4
13379,13637,hanna,-12.5486,0,NOT_EXACT_EN_US,,,,,,,REJECTED_AUTO,0,0,0,,,,,0,0,0,ESDB_V0_4
13380,13638,hansen,-12.5486,0,NOT_EXACT_EN_US,,,,,,,REJECTED_AUTO,0,0,0,,,,,0,0,0,ESDB_V0_4
13381,13639,hawaiian,-12.5486,0,NOT_EXACT_EN_US,,,,,,,REJECTED_AUTO,0,0,0,,,,,0,0,0,ESDB_V0_4
13382,13640,helmets,-12.5486,1,PASS,35,,n,helmet,FORM,,MASTER,0,1,0,,helmet,,,1,0,0,ESDB_V0_4
13383,13642,implication,-12.5486,1,PASS,35,,n,implication,LEMMA,,MASTER,0,1,1,,,,implications,0,1,1,ESDB_V0_4
13384,13643,incorporation,-12.5486,1,PASS,35,,n,incorporation,LEMMA,,MASTER,0,0,0,,,,,0,0,0,ESDB_V0_4
13385,13644,ind,-12.5486,0,NO_ESDB_GENERAL_EVIDENCE,,,,,,,REJECTED_AUTO,0,0,0,,,,,0,0,0,ESDB_V0_4
13386,13645,indispensable,-12.5486,1,PASS,35,,n;aj,indispensable,LEMMA,,MASTER,0,0,0,,,,,0,0,0,ESDB_V0_4
13387,13646,induce,-12.5486,1,PASS,35,,v,induce,LEMMA,,MASTER,0,1,1,,,,induced,0,1,1,ESDB_V0_4
13388,13647,instructors,-12.5486,1,PASS,35,,n,instructor,FORM,,MASTER,0,1,0,,instructor,,,1,0,0,ESDB_V0_4
13389,13648,itv,-12.5486,0,NOT_EXACT_EN_US,,,,,,,REJECTED_AUTO,0,0,0,,,,,0,0,0,ESDB_V0_4
13390,13649,jasper,-12.5486,0,CASE_FREQ_COLLISION,50,50,n,jasper,LEMMA,,REJECTED_AUTO,0,0,0,,,,,0,0,0,ESDB_V0_4
13391,13650,jen,-12.5486,0,NOT_EXACT_EN_US,,,,,,,REJECTED_AUTO,0,0,0,,,,,0,0,0,ESDB_V0_4
13392,13651,ju,-12.5486,0,NOT_EXACT_EN_US,,,,,,,REJECTED_AUTO,0,0,0,,,,,0,0,0,ESDB_V0_4
13393,13652,knockout,-12.5486,1,PASS,35,,n;aj,knockout,LEMMA,,MASTER,0,0,0,,,,,0,0,0,ESDB_V0_4
13394,13653,ky,-12.5486,0,NOT_EXACT_EN_US,,,,,,,REJECTED_AUTO,0,0,0,,,,,0,0,0,ESDB_V0_4
13395,13654,latvia,-12.5486,0,NOT_EXACT_EN_US,,,,,,,REJECTED_AUTO,0,0,0,,,,,0,0,0,ESDB_V0_4
13396,13655,laundering,-12.5486,1,PASS,35,,v,launder,FORM,,MASTER,0,0,0,,,,,0,0,0,ESDB_V0_4
13397,13656,lawson,-12.5486,0,NOT_EXACT_EN_US,,,,,,,REJECTED_AUTO,0,0,0,,,,,0,0,0,ESDB_V0_4
13398,13657,lax,-12.5486,1,PASS,35,,aj,lax,LEMMA,,MASTER,0,1,0,ax,,,,1,0,0,ESDB_V0_4
13399,13658,lea,-12.5486,0,CASE_FREQ_COLLISION,50,50,n,lea,LEMMA,,REJECTED_AUTO,0,0,0,,,,,0,0,0,ESDB_V0_4
13400,13659,liberated,-12.5486,1,PASS,35,,v;aj,liberate;liberated,FORM;LEMMA,,MASTER,0,1,0,,liberate,,,1,0,0,ESDB_V0_4
13401,13660,liquids,-12.5486,1,PASS,35,,n,liquid,FORM,,MASTER,0,1,0,,liquid,,,1,0,0,ESDB_V0_4
13402,13661,luna,-12.5486,0,NOT_EXACT_EN_US,,,,,,,REJECTED_AUTO,0,0,0,,,,,0,0,0,ESDB_V0_4
13403,13662,mast,-12.5486,1,PASS,35,,n,mast,LEMMA,,MASTER,0,1,0,,mas,,,1,0,0,ESDB_V0_4
13404,13663,mastered,-12.5486,1,PASS,35,,n_v;aj,master;mastered,FORM;LEMMA,,MASTER,0,0,0,,,,,0,0,0,ESDB_V0_4
13405,13664,meadow,-12.5486,1,PASS,35,,n,meadow,LEMMA,,MASTER,0,1,1,,,,meadows,0,1,1,ESDB_V0_4
13406,13665,meg,-12.5486,1,PASS,40,50,n,meg,LEMMA,,MASTER,0,1,1,,me,,mega,1,1,0,ESDB_V0_4
13407,13666,meme,-12.5486,0,SPECIAL_ONLY,50,,n,meme,LEMMA,,REJECTED_AUTO,0,0,0,,,,,0,0,0,ESDB_V0_4
13408,13667,metabolic,-12.5486,1,PASS,35,,aj,metabolic,LEMMA,,MASTER,0,0,0,,,,,0,0,0,ESDB_V0_4
13409,13668,metropolis,-12.5486,1,PASS,35,,n,metropolis,LEMMA,,MASTER,0,0,0,,,,,0,0,0,ESDB_V0_4
13410,13669,ming,-12.5486,0,NOT_EXACT_EN_US,,,,,,,REJECTED_AUTO,0,0,0,,,,,0,0,0,ESDB_V0_4
13411,13670,misuse,-12.5486,1,PASS,35,,n_v,misuse,LEMMA,,MASTER,0,0,0,,,,,0,0,0,ESDB_V0_4
13412,13671,muddy,-12.5486,1,PASS,35,,v;aj,muddy,LEMMA,,MASTER,0,0,0,,,,,0,0,0,ESDB_V0_4
13413,13672,mystical,-12.5486,1,PASS,35,,aj,mystical,LEMMA,,MASTER,0,0,0,,,,,0,0,0,ESDB_V0_4
13414,13673,nan,-12.5486,0,NOT_EXACT_EN_US,,,,,,,REJECTED_AUTO,0,0,0,,,,,0,0,0,ESDB_V0_4
13415,13674,negligible,-12.5486,1,PASS,35,,aj,negligible,LEMMA,,MASTER,0,0,0,,,,,0,0,0,ESDB_V0_4
13416,13675,notions,-12.5486,1,PASS,35,,n,notion,FORM,,MASTER,0,1,0,,notion,,,1,0,0,ESDB_V0_4
13417,13676,orgasm,-12.5486,1,PASS,35,,n,orgasm,LEMMA,,MASTER,0,0,0,,,,,0,0,0,ESDB_V0_4
13418,13677,oyster,-12.5486,1,PASS,35,,n,oyster,LEMMA,,MASTER,0,1,1,,,,oysters,0,1,1,ESDB_V0_4
13419,13678,patty,-12.5486,1,PASS,35,50,n,patty,LEMMA,,MASTER,0,0,0,,,,,0,0,0,ESDB_V0_4
13420,13679,peek,-12.5486,1,PASS,35,,n_v,peek,LEMMA,,MASTER,0,1,0,,pee,,,1,0,0,ESDB_V0_4
13421,13680,peggy,-12.5486,0,NOT_EXACT_EN_US,,,,,,,REJECTED_AUTO,0,0,0,,,,,0,0,0,ESDB_V0_4
13422,13681,percentages,-12.5486,1,PASS,35,,n,percentage,FORM,,MASTER,0,1,0,,percentage,,,1,0,0,ESDB_V0_4
13423,13682,perez,-12.5486,0,NOT_EXACT_EN_US,,,,,,,REJECTED_AUTO,0,0,0,,,,,0,0,0,ESDB_V0_4
13424,13683,permitting,-12.5486,1,PASS,35,,n_v,permit,FORM,,MASTER,0,0,0,,,,,0,0,0,ESDB_V0_4
13425,13684,piles,-12.5486,1,PASS,35,,n_v,pile,FORM,,MASTER,0,1,0,,pile,,,1,0,0,ESDB_V0_4
13426,13685,piracy,-12.5486,1,PASS,35,,n,piracy,LEMMA,,MASTER,0,0,0,,,,,0,0,0,ESDB_V0_4
13427,13686,pitches,-12.5486,1,PASS,35,,n_v,pitch,FORM,,MASTER,0,0,0,,,,,0,0,0,ESDB_V0_4
13428,13687,placebo,-12.5486,1,PASS,40,,n,placebo,LEMMA,,MASTER,0,0,0,,,,,0,0,0,ESDB_V0_4
13429,13688,planners,-12.5486,0,NO_ESDB_GENERAL_EVIDENCE,,,,,,,REJECTED_AUTO,0,0,0,,,,,0,0,0,ESDB_V0_4
13430,13689,plotting,-12.5486,1,PASS,35,,n_v,plot,FORM,,MASTER,0,0,0,,,,,0,0,0,ESDB_V0_4
13431,13690,poo,-12.5486,1,PASS,60,,m,poo,LEMMA,,MASTER,0,1,1,,,,poor;pool;poop,0,3,0,ESDB_V0_4
13432,13691,poppy,-12.5486,1,PASS,35,,n,poppy,LEMMA,,MASTER,0,0,0,,,,,0,0,0,ESDB_V0_4
13433,13692,presbyterian,-12.5486,0,NOT_EXACT_EN_US,,,,,,,REJECTED_AUTO,0,0,0,,,,,0,0,0,ESDB_V0_4
13434,13693,presses,-12.5486,1,PASS,35,,n_v,press,FORM,,MASTER,0,0,0,,,,,0,0,0,ESDB_V0_4
13435,13694,priceless,-12.5486,1,PASS,35,,aj,priceless,LEMMA,,MASTER,0,0,0,,,,,0,0,0,ESDB_V0_4
13436,13695,profoundly,-12.5486,1,PASS,35,,av,profoundly,LEMMA,,MASTER,0,0,0,,,,,0,0,0,ESDB_V0_4
13437,13696,programmer,-12.5486,1,PASS,35,,n,programmer,LEMMA,,MASTER,0,1,1,,,,programmers,0,1,1,ESDB_V0_4
13438,13697,prohibit,-12.5486,1,PASS,35,,v,prohibit,LEMMA,,MASTER,0,1,1,,,,prohibits,0,1,1,ESDB_V0_4
13439,13698,promoter,-12.5486,1,PASS,40,,n,promoter,LEMMA,,MASTER,0,1,1,,promote,,promoters,1,1,1,ESDB_V0_4
13440,13699,protagonist,-12.5486,1,PASS,40,,n,protagonist,LEMMA,,MASTER,0,0,0,,,,,0,0,0,ESDB_V0_4
13441,13700,pup,-12.5486,1,PASS,35,,n_v,pup,LEMMA,,MASTER,0,1,0,up,,,,1,0,0,ESDB_V0_4
13442,13701,qc,-12.5486,0,NOT_EXACT_EN_US,,,,,,,REJECTED_AUTO,0,0,0,,,,,0,0,0,ESDB_V0_4
13443,13702,raced,-12.5486,1,PASS,35,,n_v,race,FORM,,MASTER,0,1,1,,race,traced,,1,1,0,ESDB_V0_4
13444,13703,recalling,-12.5486,1,PASS,35,,n_v,recall,FORM,,MASTER,0,0,0,,,,,0,0,0,ESDB_V0_4
13445,13704,regained,-12.5486,1,PASS,35,,v,regain,FORM,,MASTER,0,0,0,,,,,0,0,0,ESDB_V0_4
13446,13705,rejoice,-12.5486,1,PASS,35,,v,rejoice,LEMMA,,MASTER,0,0,0,,,,,0,0,0,ESDB_V0_4
13447,13706,resides,-12.5486,1,PASS,35,,v,reside,FORM,,MASTER,0,1,0,,reside,,,1,0,0,ESDB_V0_4
13448,13707,resisting,-12.5486,1,PASS,35,,n_v,resist,FORM,,MASTER,0,0,0,,,,,0,0,0,ESDB_V0_4
13449,13708,restricting,-12.5486,1,PASS,35,,v;aj,restrict;restricting,FORM;LEMMA,,MASTER,0,0,0,,,,,0,0,0,ESDB_V0_4
13450,13709,rhode,-12.5486,0,NOT_EXACT_EN_US,,,,,,,REJECTED_AUTO,0,0,0,,,,,0,0,0,ESDB_V0_4
13451,13710,roaming,-12.5486,1,PASS,35,,v;n,roam;roaming,FORM;LEMMA,,MASTER,0,0,0,,,,,0,0,0,ESDB_V0_4
13452,13711,rotate,-12.5486,1,PASS,35,,v,rotate,LEMMA,,MASTER,0,1,1,,,,rotated,0,1,1,ESDB_V0_4
13453,13712,roth,-12.5486,0,NOT_EXACT_EN_US,,,,,,,REJECTED_AUTO,0,0,0,,,,,0,0,0,ESDB_V0_4
13454,13713,runaway,-12.5486,1,PASS,35,,n;aj,runaway,LEMMA,,MASTER,0,0,0,,,,,0,0,0,ESDB_V0_4
13455,13714,sabotage,-12.5486,1,PASS,35,,n;v,sabotage,LEMMA,,MASTER,0,0,0,,,,,0,0,0,ESDB_V0_4
13456,13715,salem,-12.5486,0,NOT_EXACT_EN_US,,,,,,,REJECTED_AUTO,0,0,0,,,,,0,0,0,ESDB_V0_4
13457,13716,sanction,-12.5486,1,PASS,35,,n_v,sanction,LEMMA,,MASTER,0,1,1,,,,sanctions,0,1,1,ESDB_V0_4
13458,13717,scorer,-12.5486,1,PASS,50,,n,scorer,LEMMA,,MASTER,0,1,0,,score,,,1,0,0,ESDB_V0_4
13459,13718,secretariat,-12.5486,0,CASE_FREQ_COLLISION,50,50,n,secretariat,LEMMA,,REJECTED_AUTO,0,0,0,,,,,0,0,0,ESDB_V0_4
13460,13719,sensing,-12.5486,1,PASS,35,,n_v;n,sense;sensing,FORM;LEMMA,,MASTER,0,0,0,,,,,0,0,0,ESDB_V0_4
13461,13720,sheila,-12.5486,0,CASE_FREQ_COLLISION,60,50,n,sheila,LEMMA,,REJECTED_AUTO,0,0,0,,,,,0,0,0,ESDB_V0_4
13462,13721,shooters,-12.5486,1,PASS,50,,n,shooter,FORM,,MASTER,0,1,0,,shooter,,,1,0,0,ESDB_V0_4
13463,13722,sid,-12.5486,0,NOT_EXACT_EN_US,,,,,,,REJECTED_AUTO,0,0,0,,,,,0,0,0,ESDB_V0_4
13464,13723,skirts,-12.5486,1,PASS,35,,n_v,skirt,FORM,,MASTER,0,1,0,,skirt,,,1,0,0,ESDB_V0_4
13465,13724,slammed,-12.5486,1,PASS,35,,n_v,slam,FORM,,MASTER,0,0,0,,,,,0,0,0,ESDB_V0_4
13466,13725,slender,-12.5486,1,PASS,35,,aj,slender,LEMMA,,MASTER,0,1,0,lender,,,,1,0,0,ESDB_V0_4
13467,13726,smelling,-12.5486,1,PASS,35,,n_v;n;aj,smell;smelling,FORM;LEMMA,,MASTER,0,0,0,,,,,0,0,0,ESDB_V0_4
13468,13727,southeastern,-12.5486,1,PASS,35,,aj,southeastern,LEMMA,,MASTER,0,0,0,,,,,0,0,0,ESDB_V0_4
13469,13728,spokesperson,-12.5486,1,PASS,35,,n,spokesperson,LEMMA,,MASTER,0,0,0,,,,,0,0,0,ESDB_V0_4
13470,13729,stevenson,-12.5486,0,NOT_EXACT_EN_US,,,,,,,REJECTED_AUTO,0,0,0,,,,,0,0,0,ESDB_V0_4
13471,13730,substitution,-12.5486,1,PASS,35,,n,substitution,LEMMA,,MASTER,0,0,0,,,,,0,0,0,ESDB_V0_4
13472,13731,suspicions,-12.5486,1,PASS,35,,n,suspicion,FORM,,MASTER,0,1,0,,suspicion,,,1,0,0,ESDB_V0_4
13473,13732,taxable,-12.5486,1,PASS,35,,aj,taxable,LEMMA,,MASTER,0,0,0,,,,,0,0,0,ESDB_V0_4
13474,13733,theatres,-12.5486,0,NOT_EXACT_EN_US,,,,,,,REJECTED_AUTO,0,0,0,,,,,0,0,0,ESDB_V0_4
13475,13734,toddler,-12.5486,1,PASS,35,,n,toddler,LEMMA,,MASTER,0,0,0,,,,,0,0,0,ESDB_V0_4
13476,13735,turmoil,-12.5486,1,PASS,35,,n,turmoil,LEMMA,,MASTER,0,0,0,,,,,0,0,0,ESDB_V0_4
13477,13736,uniquely,-12.5486,1,PASS,35,,av,uniquely,LEMMA,,MASTER,0,0,0,,,,,0,0,0,ESDB_V0_4
13478,13737,unjust,-12.5486,1,PASS,35,,aj,unjust,LEMMA,,MASTER,0,0,0,,,,,0,0,0,ESDB_V0_4
13479,13738,unreliable,-12.5486,1,PASS,35,,aj,unreliable,LEMMA,,MASTER,0,0,0,,,,,0,0,0,ESDB_V0_4
13480,13739,virtues,-12.5486,1,PASS,35,,n,virtue,FORM,,MASTER,0,1,0,,virtue,,,1,0,0,ESDB_V0_4
13481,13740,wary,-12.5486,1,PASS,35,,aj,wary,LEMMA,,MASTER,0,1,0,,war,,,1,0,0,ESDB_V0_4
13482,13741,wiring,-12.5486,1,PASS,35,,n_v;n,wire;wiring,FORM;LEMMA,,MASTER,0,0,0,,,,,0,0,0,ESDB_V0_4
13483,13742,woodland,-12.5486,1,PASS,35,60,n,woodland,LEMMA,,MASTER,0,0,0,,,,,0,0,0,ESDB_V0_4
13484,13743,wrapping,-12.5486,1,PASS,35,,n_v;n,wrap;wrapping,FORM;LEMMA,,MASTER,0,0,0,,,,,0,0,0,ESDB_V0_4
13485,13744,youngsters,-12.5486,1,PASS,35,,n,youngster,FORM,,MASTER,0,0,0,,,,,0,0,0,ESDB_V0_4
13486,13745,yuri,-12.5486,0,NOT_EXACT_EN_US,,,,,,,REJECTED_AUTO,0,0,0,,,,,0,0,0,ESDB_V0_4
13487,13746,zimmerman,-12.5486,0,NOT_EXACT_EN_US,,,,,,,REJECTED_AUTO,0,0,0,,,,,0,0,0,ESDB_V0_4
13488,13748,acquainted,-12.5714,1,PASS,35,,v;aj,acquaint;acquainted,FORM;LEMMA,,MASTER,0,0,0,,,,,0,0,0,ESDB_V0_4
13489,13749,adaptive,-12.5714,1,PASS,35,,aj,adaptive,LEMMA,,MASTER,0,0,0,,,,,0,0,0,ESDB_V0_4
13490,13750,ama,-12.5714,0,NOT_EXACT_EN_US,,,,,,,REJECTED_AUTO,0,0,0,,,,,0,0,0,ESDB_V0_4
13491,13751,ambush,-12.5714,1,PASS,35,,n_v,ambush,LEMMA,,MASTER,0,0,0,,,,,0,0,0,ESDB_V0_4
13492,13752,andreas,-12.5714,0,NOT_EXACT_EN_US,,,,,,,REJECTED_AUTO,0,0,0,,,,,0,0,0,ESDB_V0_4
13493,13753,annex,-12.5714,1,PASS,35,,n_v,annex,LEMMA,,MASTER,0,0,0,,,,,0,0,0,ESDB_V0_4
13494,13754,apex,-12.5714,1,PASS,35,,n,apex,LEMMA,,MASTER,0,1,0,,ape,,,1,0,0,ESDB_V0_4
13495,13755,apologized,-12.5714,1,PASS,35,,v,apologize,FORM,,MASTER,0,1,0,,apologize,,,1,0,0,ESDB_V0_4
13496,13756,ariel,-12.5714,0,NOT_EXACT_EN_US,,,,,,,REJECTED_AUTO,0,0,0,,,,,0,0,0,ESDB_V0_4
13497,13757,asteroid,-12.5714,1,PASS,35,,n,asteroid,LEMMA,,MASTER,0,1,0,steroid,,,,1,0,0,ESDB_V0_4
13498,13758,attacker,-12.5714,1,PASS,35,,n,attacker,LEMMA,,MASTER,0,1,1,,,,attackers,0,1,1,ESDB_V0_4
13499,13759,authoritarian,-12.5714,1,PASS,35,,n;aj,authoritarian,LEMMA,,MASTER,0,0,0,,,,,0,0,0,ESDB_V0_4
13500,13760,avail,-12.5714,1,PASS,35,,n;v,avail,LEMMA,,MASTER,0,0,0,,,,,0,0,0,ESDB_V0_4
13501,13761,bae,-12.5714,0,NOT_EXACT_EN_US,,,,,,,REJECTED_AUTO,0,0,0,,,,,0,0,0,ESDB_V0_4
13502,13762,ballots,-12.5714,1,PASS,35,,n_v,ballot,FORM,,MASTER,0,1,0,,ballot,,,1,0,0,ESDB_V0_4
13503,13763,barbie,-12.5714,0,CASE_FREQ_COLLISION,60,50,n,barbie,LEMMA,,REJECTED_AUTO,0,0,0,,,,,0,0,0,ESDB_V0_4
13504,13764,barker,-12.5714,0,CASE_FREQ_COLLISION,50,50,n,barker,LEMMA,,REJECTED_AUTO,0,0,0,,,,,0,0,0,ESDB_V0_4
13505,13765,baton,-12.5714,1,PASS,35,,n,baton,LEMMA,,MASTER,0,0,0,,,,,0,0,0,ESDB_V0_4
13506,13766,becky,-12.5714,0,NOT_EXACT_EN_US,,,,,,,REJECTED_AUTO,0,0,0,,,,,0,0,0,ESDB_V0_4
13507,13767,beginners,-12.5714,1,PASS,35,,n,beginner,FORM,,MASTER,0,1,0,,beginner,,,1,0,0,ESDB_V0_4
13508,13768,benson,-12.5714,0,NOT_EXACT_EN_US,,,,,,,REJECTED_AUTO,0,0,0,,,,,0,0,0,ESDB_V0_4
13509,13769,bentley,-12.5714,0,NOT_EXACT_EN_US,,,,,,,REJECTED_AUTO,0,0,0,,,,,0,0,0,ESDB_V0_4
13510,13770,berries,-12.5714,1,PASS,35,,n_v,berry,FORM,,MASTER,0,0,0,,,,,0,0,0,ESDB_V0_4
13511,13771,bingo,-12.5714,1,PASS,35,,n;i,bingo,LEMMA,,MASTER,0,0,0,,,,,0,0,0,ESDB_V0_4
13512,13772,biodiversity,-12.5714,1,PASS,60,,n,biodiversity,LEMMA,,MASTER,0,0,0,,,,,0,0,0,ESDB_V0_4
13513,13773,blitz,-12.5714,1,PASS,35,,n_v,blitz,LEMMA,,MASTER,0,0,0,,,,,0,0,0,ESDB_V0_4
13514,13774,booty,-12.5714,1,PASS,35,,n,booty,LEMMA,,MASTER,0,1,0,,boot,,,1,0,0,ESDB_V0_4
13515,13775,bordeaux,-12.5714,0,NOT_EXACT_EN_US,,,,,,,REJECTED_AUTO,0,0,0,,,,,0,0,0,ESDB_V0_4
13516,13776,bothers,-12.5714,1,PASS,35,,n_v,bother,FORM,,MASTER,0,1,0,others,bother,,,2,0,0,ESDB_V0_4
13517,13777,bouncing,-12.5714,1,PASS,35,,n_v;n;aj,bounce;bouncing,FORM;LEMMA,,MASTER,0,0,0,,,,,0,0,0,ESDB_V0_4
13518,13778,boutique,-12.5714,1,PASS,35,,n,boutique,LEMMA,,MASTER,0,0,0,,,,,0,0,0,ESDB_V0_4
13519,13779,casts,-12.5714,1,PASS,35,,n_v,cast,FORM,,MASTER,0,1,0,,cast,,,1,0,0,ESDB_V0_4
13520,13780,cheerful,-12.5714,1,PASS,35,,aj,cheerful,LEMMA,,MASTER,0,0,0,,,,,0,0,0,ESDB_V0_4
13521,13781,chilean,-12.5714,0,NOT_EXACT_EN_US,,,,,,,REJECTED_AUTO,0,0,0,,,,,0,0,0,ESDB_V0_4
13522,13783,ci,-12.5714,0,NOT_EXACT_EN_US,,,,,,,REJECTED_AUTO,0,0,0,,,,,0,0,0,ESDB_V0_4
13523,13784,cindy,-12.5714,0,NOT_EXACT_EN_US,,,,,,,REJECTED_AUTO,0,0,0,,,,,0,0,0,ESDB_V0_4
13524,13785,civilized,-12.5714,1,PASS,35,,v;aj,civilize;civilized,FORM;LEMMA,,MASTER,0,0,0,,,,,0,0,0,ESDB_V0_4
13525,13786,clad,-12.5714,1,PASS,35,,aj;v,clad;clothe,LEMMA;FORM,,MASTER,0,1,0,lad,,,,1,0,0,ESDB_V0_4
13526,13787,clarkson,-12.5714,0,NOT_EXACT_EN_US,,,,,,,REJECTED_AUTO,0,0,0,,,,,0,0,0,ESDB_V0_4
13527,13788,cleansing,-12.5714,1,PASS,35,,v,cleanse,FORM,,MASTER,0,0,0,,,,,0,0,0,ESDB_V0_4
13528,13789,clears,-12.5714,1,PASS,35,,n_v,clear,FORM,,MASTER,0,1,0,,clear,,,1,0,0,ESDB_V0_4
13529,13790,coincide,-12.5714,1,PASS,35,,v,coincide,LEMMA,,MASTER,0,1,1,,,,coincided;coincides,0,2,2,ESDB_V0_4
13530,13791,conceal,-12.5714,1,PASS,35,,v,conceal,LEMMA,,MASTER,0,0,0,,,,,0,0,0,ESDB_V0_4
13531,13792,conformity,-12.5714,1,PASS,35,,n,conformity,LEMMA,,MASTER,0,0,0,,,,,0,0,0,ESDB_V0_4
13532,13793,connectivity,-12.5714,1,PASS,35,,n,connectivity,LEMMA,,MASTER,0,0,0,,,,,0,0,0,ESDB_V0_4
13533,13794,consolation,-12.5714,1,PASS,35,,n,consolation,LEMMA,,MASTER,0,0,0,,,,,0,0,0,ESDB_V0_4
13534,13795,contacting,-12.5714,1,PASS,35,,n_v,contact,FORM,,MASTER,0,0,0,,,,,0,0,0,ESDB_V0_4
13535,13796,contingency,-12.5714,1,PASS,35,,n,contingency,LEMMA,,MASTER,0,0,0,,,,,0,0,0,ESDB_V0_4
13536,13797,conveniently,-12.5714,1,PASS,35,,av,conveniently,LEMMA,,MASTER,0,0,0,,,,,0,0,0,ESDB_V0_4
13537,13798,convertible,-12.5714,1,PASS,35,,n;aj,convertible,LEMMA,,MASTER,0,0,0,,,,,0,0,0,ESDB_V0_4
13538,13799,coordinating,-12.5714,1,PASS,35,,n_v;aj,coordinate;coordinating,FORM;LEMMA,,MASTER,0,0,0,,,,,0,0,0,ESDB_V0_4
13539,13800,councillors,-12.5714,0,NOT_EXACT_EN_US,,,,,,,REJECTED_AUTO,0,0,0,,,,,0,0,0,ESDB_V0_4
13540,13801,covert,-12.5714,1,PASS,35,,n;aj,covert,LEMMA,,MASTER,0,1,0,overt,cover,,,2,0,0,ESDB_V0_4
13541,13802,creeping,-12.5714,1,PASS,35,,n_v;n,creep;creeping,FORM;LEMMA,,MASTER,0,0,0,,,,,0,0,0,ESDB_V0_4
13542,13803,cushion,-12.5714,1,PASS,35,,n_v,cushion,LEMMA,,MASTER,0,0,0,,,,,0,0,0,ESDB_V0_4
13543,13804,denise,-12.5714,0,NOT_EXACT_EN_US,,,,,,,REJECTED_AUTO,0,0,0,,,,,0,0,0,ESDB_V0_4
13544,13805,derives,-12.5714,1,PASS,35,,v,derive,FORM,,MASTER,0,1,0,,derive,,,1,0,0,ESDB_V0_4
13545,13806,dialog,-12.5714,1,PASS,35,,n,dialog,LEMMA,,MASTER,0,0,0,,,,,0,0,0,ESDB_V0_4
13546,13807,diaz,-12.5714,0,NOT_EXACT_EN_US,,,,,,,REJECTED_AUTO,0,0,0,,,,,0,0,0,ESDB_V0_4
13547,13808,disadvantaged,-12.5714,1,PASS,35,,n_v;aj,disadvantage;disadvantaged,FORM;LEMMA,,MASTER,0,1,0,,disadvantage,,,1,0,0,ESDB_V0_4
13548,13809,discrete,-12.5714,1,PASS,35,,aj,discrete,LEMMA,,MASTER,0,0,0,,,,,0,0,0,ESDB_V0_4
13549,13810,disposable,-12.5714,1,PASS,35,,n;aj,disposable,LEMMA,,MASTER,0,0,0,,,,,0,0,0,ESDB_V0_4
13550,13811,distortion,-12.5714,1,PASS,35,,n,distortion,LEMMA,,MASTER,0,0,0,,,,,0,0,0,ESDB_V0_4
13551,13812,distributions,-12.5714,1,PASS,35,,n,distribution,FORM,,MASTER,0,1,0,,distribution,,,1,0,0,ESDB_V0_4
13552,13813,diy,-12.5714,0,NOT_EXACT_EN_US,,,,,,,REJECTED_AUTO,0,0,0,,,,,0,0,0,ESDB_V0_4
13553,13814,doris,-12.5714,0,NOT_EXACT_EN_US,,,,,,,REJECTED_AUTO,0,0,0,,,,,0,0,0,ESDB_V0_4
13554,13815,duct,-12.5714,1,PASS,35,,n,duct,LEMMA,,MASTER,0,0,0,,,,,0,0,0,ESDB_V0_4
13555,13816,dundee,-12.5714,0,NOT_EXACT_EN_US,,,,,,,REJECTED_AUTO,0,0,0,,,,,0,0,0,ESDB_V0_4
13556,13817,emergencies,-12.5714,1,PASS,35,,n,emergency,FORM,,MASTER,0,0,0,,,,,0,0,0,ESDB_V0_4
13557,13818,emmy,-12.5714,0,NOT_EXACT_EN_US,,,,,,,REJECTED_AUTO,0,0,0,,,,,0,0,0,ESDB_V0_4
13558,13819,enriched,-12.5714,1,PASS,35,,v,enrich,FORM,,MASTER,0,0,0,,,,,0,0,0,ESDB_V0_4
13559,13820,entrepreneurship,-12.5714,1,PASS,60,,n,entrepreneurship,LEMMA,,MASTER,0,0,0,,,,,0,0,0,ESDB_V0_4
13560,13821,ew,-12.5714,0,NOT_EXACT_EN_US,,,,,,,REJECTED_AUTO,0,0,0,,,,,0,0,0,ESDB_V0_4
13561,13822,expectancy,-12.5714,1,PASS,35,,n,expectancy,LEMMA,,MASTER,0,0,0,,,,,0,0,0,ESDB_V0_4
13562,13823,exploits,-12.5714,1,PASS,35,,n_v,exploit,FORM,,MASTER,0,1,0,,exploit,,,1,0,0,ESDB_V0_4
13563,13824,facade,-12.5714,1,PASS,35,,n,facade,LEMMA,,MASTER,0,0,0,,,,,0,0,0,ESDB_V0_4
13564,13825,fidelity,-12.5714,1,PASS,35,,n,fidelity,LEMMA,,MASTER,0,0,0,,,,,0,0,0,ESDB_V0_4
13565,13826,flashes,-12.5714,1,PASS,35,,n_v,flash,FORM,,MASTER,0,1,0,lashes,,,,1,0,0,ESDB_V0_4
13566,13827,flourish,-12.5714,1,PASS,35,,n_v,flourish,LEMMA,,MASTER,0,0,0,,,,,0,0,0,ESDB_V0_4
13567,13828,flyer,-12.5714,0,NOT_EXACT_EN_US,,,,,,,REJECTED_AUTO,0,0,0,,,,,0,0,0,ESDB_V0_4
13568,13829,fore,-12.5714,1,PASS,35,,n;aj_av;i,fore,LEMMA,,MASTER,0,1,0,ore,for,,,2,0,0,ESDB_V0_4
13569,13830,fragment,-12.5714,1,PASS,35,,n_v,fragment,LEMMA,,MASTER,0,1,1,,,,fragments,0,1,1,ESDB_V0_4
13570,13831,fraudulent,-12.5714,1,PASS,35,,aj,fraudulent,LEMMA,,MASTER,0,0,0,,,,,0,0,0,ESDB_V0_4
13571,13832,frogs,-12.5714,1,PASS,35,,n,frog,FORM,,MASTER,0,1,0,,frog,,,1,0,0,ESDB_V0_4
13572,13833,funniest,-12.5714,1,PASS,35,,aj,funny,FORM,,MASTER,0,0,0,,,,,0,0,0,ESDB_V0_4
13573,13834,gamer,-12.5714,1,PASS,35,,aj,game,FORM,,MASTER,0,1,0,,game,,,1,0,0,ESDB_V0_4
13574,13835,geoff,-12.5714,0,NOT_EXACT_EN_US,,,,,,,REJECTED_AUTO,0,0,0,,,,,0,0,0,ESDB_V0_4
13575,13838,gil,-12.5714,0,NOT_EXACT_EN_US,,,,,,,REJECTED_AUTO,0,0,0,,,,,0,0,0,ESDB_V0_4
13576,13839,gorilla,-12.5714,1,PASS,35,,n,gorilla,LEMMA,,MASTER,0,0,0,,,,,0,0,0,ESDB_V0_4
13577,13840,hale,-12.5714,1,PASS,35,50,v;aj,hale,LEMMA,,MASTER,0,1,1,ale,,whale;shale,,1,2,0,ESDB_V0_4
13578,13841,heightened,-12.5714,1,PASS,35,,v,heighten,FORM,,MASTER,0,0,0,,,,,0,0,0,ESDB_V0_4
13579,13842,hen,-12.5714,1,PASS,35,,n,hen,LEMMA,,MASTER,0,1,1,en,he,when;then,,2,2,0,ESDB_V0_4
13580,13843,herring,-12.5714,1,PASS,35,50,n,herring,LEMMA;FORM,,MASTER,0,0,0,,,,,0,0,0,ESDB_V0_4
13581,13844,howe,-12.5714,0,NOT_EXACT_EN_US,,,,,,,REJECTED_AUTO,0,0,0,,,,,0,0,0,ESDB_V0_4
13582,13845,incompatible,-12.5714,1,PASS,35,,n;aj,incompatible,LEMMA,,MASTER,0,0,0,,,,,0,0,0,ESDB_V0_4
13583,13846,infinitely,-12.5714,1,PASS,35,,av,infinitely,LEMMA,,MASTER,0,0,0,,,,,0,0,0,ESDB_V0_4
13584,13847,inmate,-12.5714,1,PASS,35,,n,inmate,LEMMA,,MASTER,0,1,1,,,,inmates,0,1,1,ESDB_V0_4
13585,13848,interfaces,-12.5714,1,PASS,35,,n;v,interface,FORM,,MASTER,0,1,0,,interface,,,1,0,0,ESDB_V0_4
13586,13849,irwin,-12.5714,0,NOT_EXACT_EN_US,,,,,,,REJECTED_AUTO,0,0,0,,,,,0,0,0,ESDB_V0_4
13587,13850,jasmine,-12.5714,0,CASE_FREQ_COLLISION,50,50,n,jasmine,LEMMA,,REJECTED_AUTO,0,0,0,,,,,0,0,0,ESDB_V0_4
13588,13851,jockey,-12.5714,1,PASS,35,50,n_v,jockey,LEMMA,,MASTER,0,0,0,,,,,0,0,0,ESDB_V0_4
13589,13852,kendall,-12.5714,0,NOT_EXACT_EN_US,,,,,,,REJECTED_AUTO,0,0,0,,,,,0,0,0,ESDB_V0_4
13590,13853,kickstarter,-12.5714,0,NOT_EXACT_EN_US,,,,,,,REJECTED_AUTO,0,0,0,,,,,0,0,0,ESDB_V0_4
13591,13854,lg,-12.5714,0,NO_ESDB_GENERAL_EVIDENCE,,,,,,,REJECTED_AUTO,0,0,0,,,,,0,0,0,ESDB_V0_4
13592,13855,libyan,-12.5714,0,NOT_EXACT_EN_US,,,,,,,REJECTED_AUTO,0,0,0,,,,,0,0,0,ESDB_V0_4
13593,13856,logically,-12.5714,1,PASS,35,,av,logically,LEMMA,,MASTER,0,0,0,,,,,0,0,0,ESDB_V0_4
13594,13857,marquis,-12.5714,0,CASE_FREQ_COLLISION,50,50,n,marquis,LEMMA;FORM,,REJECTED_AUTO,0,0,0,,,,,0,0,0,ESDB_V0_4
13595,13858,miley,-12.5714,0,NOT_EXACT_EN_US,,,,,,,REJECTED_AUTO,0,0,0,,,,,0,0,0,ESDB_V0_4
13596,13859,monty,-12.5714,0,NOT_EXACT_EN_US,,,,,,,REJECTED_AUTO,0,0,0,,,,,0,0,0,ESDB_V0_4
13597,13860,motorway,-12.5714,1,PASS,35,,n,motorway,LEMMA,,MASTER,0,0,0,,,,,0,0,0,ESDB_V0_4
13598,13861,mystic,-12.5714,1,PASS,35,,n;aj,mystic,LEMMA,,MASTER,0,0,0,,,,,0,0,0,ESDB_V0_4
13599,13862,niagara,-12.5714,0,NOT_EXACT_EN_US,,,,,,,REJECTED_AUTO,0,0,0,,,,,0,0,0,ESDB_V0_4
13600,13863,nominate,-12.5714,1,PASS,35,,v,nominate,LEMMA,,MASTER,0,1,1,,,,nominated,0,1,1,ESDB_V0_4
13601,13864,notifications,-12.5714,1,PASS,35,,n,notification,FORM,,MASTER,0,1,0,,notification,,,1,0,0,ESDB_V0_4
13602,13865,oc,-12.5714,0,NOT_EXACT_EN_US,,,,,,,REJECTED_AUTO,0,0,0,,,,,0,0,0,ESDB_V0_4
13603,13866,occupations,-12.5714,1,PASS,35,,n,occupation,FORM,,MASTER,0,1,0,,occupation,,,1,0,0,ESDB_V0_4
13604,13867,olivier,-12.5714,0,NOT_EXACT_EN_US,,,,,,,REJECTED_AUTO,0,0,0,,,,,0,0,0,ESDB_V0_4
13605,13868,onboard,-12.5714,0,NO_ESDB_GENERAL_EVIDENCE,,,,,,,REJECTED_AUTO,0,0,0,,,,,0,0,0,ESDB_V0_4
13606,13869,organise,-12.5714,0,NOT_EXACT_EN_US,,,,,,,REJECTED_AUTO,0,0,0,,,,,0,0,0,ESDB_V0_4
13607,13870,outward,-12.5714,1,PASS,35,,aj_av,outward,LEMMA,,MASTER,0,0,0,,,,,0,0,0,ESDB_V0_4
13608,13871,palette,-12.5714,1,PASS,35,,n,palette,LEMMA,,MASTER,0,0,0,,,,,0,0,0,ESDB_V0_4
13609,13872,pancakes,-12.5714,1,PASS,35,,n_v,pancake,FORM,,MASTER,0,1,0,,pancake,,,1,0,0,ESDB_V0_4
13610,13873,perks,-12.5714,1,PASS,35,,n_v,perk,FORM,,MASTER,0,0,0,,,,,0,0,0,ESDB_V0_4
13611,13874,petitions,-12.5714,1,PASS,35,,n_v,petition,FORM,,MASTER,0,1,0,,petition,,,1,0,0,ESDB_V0_4
13612,13875,pga,-12.5714,0,NOT_EXACT_EN_US,,,,,,,REJECTED_AUTO,0,0,0,,,,,0,0,0,ESDB_V0_4
13613,13876,plaster,-12.5714,1,PASS,35,,n_v,plaster,LEMMA,,MASTER,0,0,0,,,,,0,0,0,ESDB_V0_4
13614,13877,platoon,-12.5714,1,PASS,35,,n_v,platoon,LEMMA,,MASTER,0,0,0,,,,,0,0,0,ESDB_V0_4
13615,13878,poke,-12.5714,1,PASS,35,,n_v,poke,LEMMA,,MASTER,0,1,1,,,spoke,poker,0,2,0,ESDB_V0_4
13616,13879,pratt,-12.5714,0,NOT_EXACT_EN_US,,,,,,,REJECTED_AUTO,0,0,0,,,,,0,0,0,ESDB_V0_4
13617,13880,preferable,-12.5714,1,PASS,35,,aj,preferable,LEMMA,,MASTER,0,0,0,,,,,0,0,0,ESDB_V0_4
13618,13881,premiership,-12.5714,1,PASS,60,,n,premiership,LEMMA,,MASTER,0,0,0,,,,,0,0,0,ESDB_V0_4
13619,13882,preparatory,-12.5714,1,PASS,35,,aj,preparatory,LEMMA,,MASTER,0,0,0,,,,,0,0,0,ESDB_V0_4
13620,13883,proclamation,-12.5714,1,PASS,35,,n,proclamation,LEMMA,,MASTER,0,0,0,,,,,0,0,0,ESDB_V0_4
13621,13884,prosecute,-12.5714,1,PASS,35,,v,prosecute,LEMMA,,MASTER,0,1,1,,,,prosecuted,0,1,1,ESDB_V0_4
13622,13885,psalm,-12.5714,1,PASS,35,,n,psalm,LEMMA,,MASTER,0,1,1,,,,psalms,0,1,1,ESDB_V0_4
13623,13886,purge,-12.5714,1,PASS,35,,n_v,purge,LEMMA,,MASTER,0,1,0,urge,,,,1,0,0,ESDB_V0_4
13624,13887,quasi,-12.5714,1,PASS,50,,aj,quasi,LEMMA,,MASTER,0,0,0,,,,,0,0,0,ESDB_V0_4
13625,13888,rag,-12.5714,1,PASS,35,,n_v,rag,LEMMA,,MASTER,0,1,1,,,drag;brag,rage;rags,0,4,1,ESDB_V0_4
13626,13889,recycled,-12.5714,1,PASS,35,,v,recycle,FORM,,MASTER,0,1,0,,recycle,,,1,0,0,ESDB_V0_4
13627,13890,repetitive,-12.5714,1,PASS,35,,aj,repetitive,LEMMA,,MASTER,0,0,0,,,,,0,0,0,ESDB_V0_4
13628,13891,retaliation,-12.5714,1,PASS,35,,n,retaliation,LEMMA,,MASTER,0,0,0,,,,,0,0,0,ESDB_V0_4
13629,13892,retrieved,-12.5714,1,PASS,35,,n_v,retrieve,FORM,,MASTER,0,1,0,,retrieve,,,1,0,0,ESDB_V0_4
13630,13893,sacks,-12.5714,1,PASS,35,,n_v,sack,FORM,,MASTER,0,1,0,,sack,,,1,0,0,ESDB_V0_4
13631,13894,safeguard,-12.5714,1,PASS,35,,n_v,safeguard,LEMMA,,MASTER,0,1,1,,,,safeguards,0,1,1,ESDB_V0_4
13632,13895,sb,-12.5714,0,NOT_EXACT_EN_US,,,,,,,REJECTED_AUTO,0,0,0,,,,,0,0,0,ESDB_V0_4
13633,13896,serena,-12.5714,0,NOT_EXACT_EN_US,,,,,,,REJECTED_AUTO,0,0,0,,,,,0,0,0,ESDB_V0_4
13634,13897,sermon,-12.5714,1,PASS,35,,n,sermon,LEMMA,,MASTER,0,1,1,,,,sermons,0,1,1,ESDB_V0_4
13635,13898,shaun,-12.5714,0,NOT_EXACT_EN_US,,,,,,,REJECTED_AUTO,0,0,0,,,,,0,0,0,ESDB_V0_4
13636,13899,shelley,-12.5714,0,NOT_EXACT_EN_US,,,,,,,REJECTED_AUTO,0,0,0,,,,,0,0,0,ESDB_V0_4
13637,13901,sk,-12.5714,0,NOT_EXACT_EN_US,,,,,,,REJECTED_AUTO,0,0,0,,,,,0,0,0,ESDB_V0_4
13638,13902,slang,-12.5714,1,PASS,35,,n,slang,LEMMA,,MASTER,0,0,0,,,,,0,0,0,ESDB_V0_4
13639,13903,solemn,-12.5714,1,PASS,35,,aj,solemn,LEMMA,,MASTER,0,0,0,,,,,0,0,0,ESDB_V0_4
13640,13904,songwriter,-12.5714,1,PASS,40,,n,songwriter,LEMMA,,MASTER,0,0,0,,,,,0,0,0,ESDB_V0_4
13641,13905,sparkling,-12.5714,1,PASS,35,,n_v;aj,sparkle;sparkling,FORM;LEMMA,,MASTER,0,0,0,,,,,0,0,0,ESDB_V0_4
13642,13906,squash,-12.5714,1,PASS,35,,n;v,squash,LEMMA;FORM,,MASTER,0,0,0,,,,,0,0,0,ESDB_V0_4
13643,13907,starve,-12.5714,1,PASS,35,,v,starve,LEMMA,,MASTER,0,1,1,,,,starved,0,1,1,ESDB_V0_4
13644,13908,stint,-12.5714,1,PASS,35,,n_v,stint,LEMMA,,MASTER,0,0,0,,,,,0,0,0,ESDB_V0_4
13645,13909,stitches,-12.5714,1,PASS,35,,n_v,stitch,FORM,,MASTER,0,0,0,,,,,0,0,0,ESDB_V0_4
13646,13910,strained,-12.5714,1,PASS,35,,n_v;aj,strain;strained,FORM;LEMMA,,MASTER,0,1,0,trained,,,,1,0,0,ESDB_V0_4
13647,13911,strauss,-12.5714,0,NOT_EXACT_EN_US,,,,,,,REJECTED_AUTO,0,0,0,,,,,0,0,0,ESDB_V0_4
13648,13912,stressing,-12.5714,1,PASS,35,,n_v,stress,FORM,,MASTER,0,0,0,,,,,0,0,0,ESDB_V0_4
13649,13913,submerged,-12.5714,1,PASS,35,,v;aj,submerge;submerged,FORM;LEMMA,,MASTER,0,0,0,,,,,0,0,0,ESDB_V0_4
13650,13914,suitcase,-12.5714,1,PASS,35,,n,suitcase,LEMMA,,MASTER,0,0,0,,,,,0,0,0,ESDB_V0_4
13651,13915,summon,-12.5714,1,PASS,35,,v,summon,LEMMA,,MASTER,0,1,1,,,,summons,0,1,1,ESDB_V0_4
13652,13916,suns,-12.5714,1,PASS,35,,n_v,sun,FORM,,MASTER,0,1,0,,sun,,,1,0,0,ESDB_V0_4
13653,13917,swearing,-12.5714,1,PASS,35,,v;n,swear;swearing,FORM;LEMMA,,MASTER,0,1,0,wearing,,,,1,0,0,ESDB_V0_4
13654,13918,swore,-12.5714,1,PASS,35,,v,swear,FORM,,MASTER,0,1,0,wore,,,,1,0,0,ESDB_V0_4
13655,13919,tame,-12.5714,1,PASS,35,,v;aj,tame,LEMMA,,MASTER,0,0,0,,,,,0,0,0,ESDB_V0_4
13656,13920,tariffs,-12.5714,1,PASS,35,,n,tariff,FORM,,MASTER,0,1,0,,tariff,,,1,0,0,ESDB_V0_4
13657,13921,tease,-12.5714,1,PASS,35,,n_v,tease,LEMMA,,MASTER,0,1,1,ease,,,teaser,1,1,0,ESDB_V0_4
13658,13922,technicians,-12.5714,1,PASS,35,,n,technician,FORM,,MASTER,0,1,0,,technician,,,1,0,0,ESDB_V0_4
13659,13923,thicker,-12.5714,1,PASS,35,,aj_av,thick,FORM,,MASTER,0,0,0,,,,,0,0,0,ESDB_V0_4
13660,13924,thugs,-12.5714,1,PASS,35,,n,thug,FORM,,MASTER,0,1,0,hugs,thug,,,2,0,0,ESDB_V0_4
13661,13925,tm,-12.5714,0,NOT_EXACT_EN_US,,,,,,,REJECTED_AUTO,0,0,0,,,,,0,0,0,ESDB_V0_4
13662,13926,toni,-12.5714,0,NOT_EXACT_EN_US,,,,,,,REJECTED_AUTO,0,0,0,,,,,0,0,0,ESDB_V0_4
13663,13927,tottenham,-12.5714,0,NOT_EXACT_EN_US,,,,,,,REJECTED_AUTO,0,0,0,,,,,0,0,0,ESDB_V0_4
13664,13928,triggers,-12.5714,1,PASS,35,,n_v,trigger,FORM,,MASTER,0,1,0,,trigger,,,1,0,0,ESDB_V0_4
13665,13929,turbines,-12.5714,1,PASS,35,,n,turbine,FORM,,MASTER,0,1,0,,turbine,,,1,0,0,ESDB_V0_4
13666,13930,ulster,-12.5714,0,CASE_FREQ_COLLISION,60,50,n,ulster,LEMMA,,REJECTED_AUTO,0,0,0,,,,,0,0,0,ESDB_V0_4
13667,13931,unreal,-12.5714,1,PASS,35,,aj,unreal,LEMMA,,MASTER,0,0,0,,,,,0,0,0,ESDB_V0_4
13668,13932,unrealistic,-12.5714,1,PASS,35,,aj,unrealistic,LEMMA,,MASTER,0,0,0,,,,,0,0,0,ESDB_V0_4
13669,13933,upsetting,-12.5714,1,PASS,35,,n_v;aj,upset;upsetting,FORM;LEMMA,,MASTER,0,0,0,,,,,0,0,0,ESDB_V0_4
13670,13934,urgently,-12.5714,1,PASS,35,,av,urgently,LEMMA,,MASTER,0,0,0,,,,,0,0,0,ESDB_V0_4
13671,13935,vigorous,-12.5714,1,PASS,35,,aj,vigorous,LEMMA,,MASTER,0,0,0,,,,,0,0,0,ESDB_V0_4
13672,13936,vineyard,-12.5714,1,PASS,35,,n,vineyard,LEMMA,,MASTER,0,1,1,,,,vineyards,0,1,1,ESDB_V0_4
13673,13937,warden,-12.5714,1,PASS,35,,n,warden,LEMMA,,MASTER,0,0,0,,,,,0,0,0,ESDB_V0_4
13674,13938,weaken,-12.5714,1,PASS,35,,v,weaken,LEMMA,,MASTER,0,0,0,,,,,0,0,0,ESDB_V0_4
13675,13939,weeds,-12.5714,1,PASS,35,,n_v;n,weed;weeds,FORM;LEMMA,,MASTER,0,1,0,,weed,,,1,0,0,ESDB_V0_4
13676,13940,wes,-12.5714,0,NOT_EXACT_EN_US,,,,,,,REJECTED_AUTO,0,0,0,,,,,0,0,0,ESDB_V0_4
13677,13942,wicket,-12.5714,1,PASS,35,,n,wicket,LEMMA,,MASTER,0,1,1,,,,wickets,0,1,1,ESDB_V0_4
13678,13943,witty,-12.5714,1,PASS,35,,aj,witty,LEMMA,,MASTER,0,0,0,,,,,0,0,0,ESDB_V0_4
13679,13944,wyatt,-12.5714,0,NOT_EXACT_EN_US,,,,,,,REJECTED_AUTO,0,0,0,,,,,0,0,0,ESDB_V0_4
13680,13945,xii,-12.5714,0,NO_ESDB_GENERAL_EVIDENCE,,,,,,,REJECTED_AUTO,0,0,0,,,,,0,0,0,ESDB_V0_4
13681,13949,abdominal,-12.5947,1,PASS,35,,aj,abdominal,LEMMA,,MASTER,0,0,0,,,,,0,0,0,ESDB_V0_4
13682,13950,accents,-12.5947,1,PASS,35,,n_v,accent,FORM,,MASTER,0,1,0,,accent,,,1,0,0,ESDB_V0_4
13683,13951,acclaimed,-12.5947,1,PASS,35,,v,acclaim,FORM,,MASTER,0,0,0,,,,,0,0,0,ESDB_V0_4
13684,13952,aforementioned,-12.5947,1,PASS,35,,aj,aforementioned,LEMMA,,MASTER,0,0,0,,,,,0,0,0,ESDB_V0_4
13685,13953,aggressively,-12.5947,1,PASS,35,,av,aggressively,LEMMA,,MASTER,0,0,0,,,,,0,0,0,ESDB_V0_4
13686,13954,airing,-12.5947,1,PASS,35,,n_v;n,air;airing,FORM;LEMMA,,MASTER,0,1,1,,,pairing,,0,1,0,ESDB_V0_4
13687,13955,alerts,-12.5947,1,PASS,35,,n_v,alert,FORM,,MASTER,0,1,0,,alert,,,1,0,0,ESDB_V0_4
13688,13956,alterations,-12.5947,1,PASS,35,,n,alteration,FORM,,MASTER,0,1,0,,alteration,,,1,0,0,ESDB_V0_4
13689,13957,ape,-12.5947,1,PASS,35,,n_v,ape,LEMMA,,MASTER,0,1,1,,,rape;tape;cape,apex;apes,0,5,1,ESDB_V0_4
13690,13958,atrocities,-12.5947,1,PASS,35,,n,atrocity,FORM,,MASTER,0,0,0,,,,,0,0,0,ESDB_V0_4
13691,13959,auditor,-12.5947,1,PASS,35,,n,auditor,LEMMA,,MASTER,0,1,1,,,,auditors,0,1,1,ESDB_V0_4
13692,13960,backbone,-12.5947,1,PASS,35,,n,backbone,LEMMA,,MASTER,0,0,0,,,,,0,0,0,ESDB_V0_4
13693,13961,badger,-12.5947,1,PASS,35,,n_v,badger,LEMMA,,MASTER,0,1,0,,badge,,,1,0,0,ESDB_V0_4
13694,13962,bahamas,-12.5947,0,NOT_EXACT_EN_US,,,,,,,REJECTED_AUTO,0,0,0,,,,,0,0,0,ESDB_V0_4
13695,13964,barge,-12.5947,1,PASS,35,,n_v,barge,LEMMA,,MASTER,0,0,0,,,,,0,0,0,ESDB_V0_4
13696,13965,baxter,-12.5947,0,NOT_EXACT_EN_US,,,,,,,REJECTED_AUTO,0,0,0,,,,,0,0,0,ESDB_V0_4
13697,13966,blogging,-12.5947,0,SPECIAL_ONLY,35,,n_v,blog,FORM,,REJECTED_AUTO,0,0,0,,,,,0,0,0,ESDB_V0_4
13698,13967,boasts,-12.5947,1,PASS,35,,n_v,boast,FORM,,MASTER,0,1,0,,boast,,,1,0,0,ESDB_V0_4
13699,13968,bong,-12.5947,1,PASS,50,,n_v,bong,LEMMA,,MASTER,0,0,0,,,,,0,0,0,ESDB_V0_4
13700,13969,booster,-12.5947,1,PASS,35,,n,booster,LEMMA,,MASTER,0,0,0,,,,,0,0,0,ESDB_V0_4
13701,13970,brew,-12.5947,1,PASS,35,,n_v,brew,LEMMA,,MASTER,0,0,0,,,,,0,0,0,ESDB_V0_4
13702,13971,brightness,-12.5947,1,PASS,35,,n,brightness,LEMMA,,MASTER,0,0,0,,,,,0,0,0,ESDB_V0_4
13703,13972,bronx,-12.5947,0,NOT_EXACT_EN_US,,,,,,,REJECTED_AUTO,0,0,0,,,,,0,0,0,ESDB_V0_4
13704,13973,cain,-12.5947,0,NOT_EXACT_EN_US,,,,,,,REJECTED_AUTO,0,0,0,,,,,0,0,0,ESDB_V0_4
13705,13974,campaigning,-12.5947,1,PASS,35,,n_v;n,campaign;campaigning,FORM;LEMMA,,MASTER,0,0,0,,,,,0,0,0,ESDB_V0_4
13706,13975,canned,-12.5947,1,PASS,35,,v;aj,can;canned,FORM;LEMMA,,MASTER,0,1,1,,,scanned,,0,1,0,ESDB_V0_4
13707,13976,casualty,-12.5947,1,PASS,35,,n,casualty,LEMMA,,MASTER,0,0,0,,,,,0,0,0,ESDB_V0_4
13708,13977,catalan,-12.5947,0,NOT_EXACT_EN_US,,,,,,,REJECTED_AUTO,0,0,0,,,,,0,0,0,ESDB_V0_4
13709,13978,cavity,-12.5947,1,PASS,35,,n,cavity,LEMMA,,MASTER,0,0,0,,,,,0,0,0,ESDB_V0_4
13710,13979,centralized,-12.5947,1,PASS,35,,v;aj,centralize;centralized,FORM;LEMMA,,MASTER,0,0,0,,,,,0,0,0,ESDB_V0_4
13711,13980,charcoal,-12.5947,1,PASS,35,,n,charcoal,LEMMA,,MASTER,0,0,0,,,,,0,0,0,ESDB_V0_4
13712,13981,cheque,-12.5947,0,NOT_EXACT_EN_US,,,,,,,REJECTED_AUTO,0,0,0,,,,,0,0,0,ESDB_V0_4
13713,13982,chimney,-12.5947,1,PASS,35,,n,chimney,LEMMA,,MASTER,0,0,0,,,,,0,0,0,ESDB_V0_4
13714,13983,choking,-12.5947,1,PASS,35,,n_v;n,choke;choking,FORM;LEMMA,,MASTER,0,0,0,,,,,0,0,0,ESDB_V0_4
13715,13984,claws,-12.5947,1,PASS,35,,n_v,claw,FORM,,MASTER,0,1,0,laws,claw,,,2,0,0,ESDB_V0_4
13716,13985,coastline,-12.5947,1,PASS,35,,n,coastline,LEMMA,,MASTER,0,0,0,,,,,0,0,0,ESDB_V0_4
13717,13986,colourful,-12.5947,0,NOT_EXACT_EN_US,,,,,,,REJECTED_AUTO,0,0,0,,,,,0,0,0,ESDB_V0_4
13718,13987,columnist,-12.5947,1,PASS,40,,n,columnist,LEMMA,,MASTER,0,0,0,,,,,0,0,0,ESDB_V0_4
13719,13988,commemorate,-12.5947,1,PASS,35,,v,commemorate,LEMMA,,MASTER,0,0,0,,,,,0,0,0,ESDB_V0_4
13720,13989,condolences,-12.5947,1,PASS,35,,n,condolence,FORM,,MASTER,0,0,0,,,,,0,0,0,ESDB_V0_4
13721,13990,coupon,-12.5947,1,PASS,35,,n,coupon,LEMMA,,MASTER,0,1,1,,,,coupons,0,1,1,ESDB_V0_4
13722,13992,cradle,-12.5947,1,PASS,35,,n_v,cradle,LEMMA,,MASTER,0,0,0,,,,,0,0,0,ESDB_V0_4
13723,13993,crescent,-12.5947,1,PASS,35,,n;aj,crescent,LEMMA,,MASTER,0,0,0,,,,,0,0,0,ESDB_V0_4
13724,13994,cyclist,-12.5947,1,PASS,35,,n,cyclist,LEMMA,,MASTER,0,1,1,,,,cyclists,0,1,1,ESDB_V0_4
13725,13995,debbie,-12.5947,0,NOT_EXACT_EN_US,,,,,,,REJECTED_AUTO,0,0,0,,,,,0,0,0,ESDB_V0_4
13726,13996,dedicate,-12.5947,1,PASS,35,,v,dedicate,LEMMA,,MASTER,0,1,1,,,,dedicated,0,1,1,ESDB_V0_4
13727,13997,dei,-12.5947,0,NOT_EXACT_EN_US,,,,,,,REJECTED_AUTO,0,0,0,,,,,0,0,0,ESDB_V0_4
13728,13998,deported,-12.5947,1,PASS,35,,v,deport,FORM,,MASTER,0,0,0,,,,,0,0,0,ESDB_V0_4
13729,13999,dept,-12.5947,0,NO_ESDB_GENERAL_EVIDENCE,,,,,,,REJECTED_AUTO,0,0,0,,,,,0,0,0,ESDB_V0_4
13730,14000,doubtful,-12.5947,1,PASS,35,,aj,doubtful,LEMMA,,MASTER,0,0,0,,,,,0,0,0,ESDB_V0_4
13731,14001,dramas,-12.5947,1,PASS,35,,n,drama,FORM,,MASTER,0,1,0,,drama,,,1,0,0,ESDB_V0_4
13732,14002,elites,-12.5947,1,PASS,35,,n,elite,FORM,,MASTER,0,1,0,,elite,,,1,0,0,ESDB_V0_4
13733,14003,emerald,-12.5947,1,PASS,35,,n;a,emerald,LEMMA,,MASTER,0,0,0,,,,,0,0,0,ESDB_V0_4
13734,14004,enlightened,-12.5947,1,PASS,35,,v;n;aj,enlighten;enlightened,FORM;LEMMA,,MASTER,0,0,0,,,,,0,0,0,ESDB_V0_4
13735,14005,eruption,-12.5947,1,PASS,35,,n,eruption,LEMMA,,MASTER,0,0,0,,,,,0,0,0,ESDB_V0_4
13736,14006,estonia,-12.5947,0,NOT_EXACT_EN_US,,,,,,,REJECTED_AUTO,0,0,0,,,,,0,0,0,ESDB_V0_4
13737,14007,ethic,-12.5947,1,PASS,35,,n;a,ethic,LEMMA,,MASTER,0,1,1,,,,ethics,0,1,1,ESDB_V0_4
13738,14008,ethiopian,-12.5947,0,NOT_EXACT_EN_US,,,,,,,REJECTED_AUTO,0,0,0,,,,,0,0,0,ESDB_V0_4
13739,14009,everlasting,-12.5947,1,PASS,35,,n;aj,everlasting,LEMMA,,MASTER,0,0,0,,,,,0,0,0,ESDB_V0_4
13740,14010,fasting,-12.5947,1,PASS,35,,n_v;n,fast;fasting,FORM;LEMMA,,MASTER,0,0,0,,,,,0,0,0,ESDB_V0_4
13741,14011,fences,-12.5947,1,PASS,35,,n_v,fence,FORM,,MASTER,0,1,0,,fence,,,1,0,0,ESDB_V0_4
13742,14012,fibers,-12.5947,1,PASS,35,,n,fiber,FORM,,MASTER,0,1,0,,fiber,,,1,0,0,ESDB_V0_4
13743,14013,filmmaker,-12.5947,1,PASS,40,,n,filmmaker,LEMMA,,MASTER,0,1,1,,,,filmmakers,0,1,1,ESDB_V0_4
13744,14014,filtering,-12.5947,1,PASS,35,,n_v,filter,FORM,,MASTER,0,0,0,,,,,0,0,0,ESDB_V0_4
13745,14015,finalists,-12.5947,1,PASS,35,,n,finalist,FORM,,MASTER,0,1,0,,finalist,,,1,0,0,ESDB_V0_4
13746,14016,fischer,-12.5947,0,NOT_EXACT_EN_US,,,,,,,REJECTED_AUTO,0,0,0,,,,,0,0,0,ESDB_V0_4
13747,14017,fleming,-12.5947,0,NOT_EXACT_EN_US,,,,,,,REJECTED_AUTO,0,0,0,,,,,0,0,0,ESDB_V0_4
13748,14018,flop,-12.5947,1,PASS,35,,n_v;av,flop,LEMMA,,MASTER,0,0,0,,,,,0,0,0,ESDB_V0_4
13749,14019,granny,-12.5947,1,PASS,35,,n;a,granny,LEMMA,,MASTER,0,0,0,,,,,0,0,0,ESDB_V0_4
13750,14020,graphical,-12.5947,1,PASS,35,,aj,graphical,LEMMA,,MASTER,0,0,0,,,,,0,0,0,ESDB_V0_4
13751,14021,guitarist,-12.5947,1,PASS,35,,n,guitarist,LEMMA,,MASTER,0,0,0,,,,,0,0,0,ESDB_V0_4
13752,14022,gunfire,-12.5947,1,PASS,35,,n,gunfire,LEMMA,,MASTER,0,0,0,,,,,0,0,0,ESDB_V0_4
13753,14023,halftime,-12.5947,1,PASS,40,,n;a,halftime,LEMMA,,MASTER,0,0,0,,,,,0,0,0,ESDB_V0_4
13754,14024,hicks,-12.5947,1,PASS,35,50,n,hick,FORM,,MASTER,0,1,1,,,chicks,,0,1,0,ESDB_V0_4
13755,14025,hoover,-12.5947,0,CASE_FREQ_COLLISION,60,50,v,hoover,LEMMA,,REJECTED_AUTO,0,0,0,,,,,0,0,0,ESDB_V0_4
13756,14026,icy,-12.5947,1,PASS,35,,aj,icy,LEMMA,,MASTER,0,0,0,,,,,0,0,0,ESDB_V0_4
13757,14027,idols,-12.5947,1,PASS,35,,n,idol,FORM,,MASTER,0,1,0,,idol,,,1,0,0,ESDB_V0_4
13758,14028,incompetent,-12.5947,1,PASS,35,,n;aj,incompetent,LEMMA,,MASTER,0,0,0,,,,,0,0,0,ESDB_V0_4
13759,14029,inefficient,-12.5947,1,PASS,35,,aj,inefficient,LEMMA,,MASTER,0,0,0,,,,,0,0,0,ESDB_V0_4
13760,14030,influencing,-12.5947,1,PASS,35,,n_v,influence,FORM,,MASTER,0,0,0,,,,,0,0,0,ESDB_V0_4
13761,14031,integrating,-12.5947,1,PASS,35,,v;n,integrate;integrating,FORM;LEMMA,,MASTER,0,0,0,,,,,0,0,0,ESDB_V0_4
13762,14032,invading,-12.5947,1,PASS,35,,v;aj,invade;invading,FORM;LEMMA,,MASTER,0,0,0,,,,,0,0,0,ESDB_V0_4
13763,14033,isbn,-12.5947,0,NOT_EXACT_EN_US,,,,,,,REJECTED_AUTO,0,0,0,,,,,0,0,0,ESDB_V0_4
13764,14034,jailed,-12.5947,1,PASS,35,,n_v;aj,jail;jailed,FORM;LEMMA,,MASTER,0,0,0,,,,,0,0,0,ESDB_V0_4
13765,14035,jamaican,-12.5947,0,NOT_EXACT_EN_US,,,,,,,REJECTED_AUTO,0,0,0,,,,,0,0,0,ESDB_V0_4
13766,14036,javascript,-12.5947,0,NOT_EXACT_EN_US,,,,,,,REJECTED_AUTO,0,0,0,,,,,0,0,0,ESDB_V0_4
13767,14037,jaws,-12.5947,1,PASS,35,,n_v,jaw,FORM,,MASTER,0,1,0,,jaw,,,1,0,0,ESDB_V0_4
13768,14038,juicy,-12.5947,1,PASS,35,,aj,juicy,LEMMA,,MASTER,0,0,0,,,,,0,0,0,ESDB_V0_4
13769,14039,karachi,-12.5947,0,NOT_EXACT_EN_US,,,,,,,REJECTED_AUTO,0,0,0,,,,,0,0,0,ESDB_V0_4
13770,14040,kathleen,-12.5947,0,NOT_EXACT_EN_US,,,,,,,REJECTED_AUTO,0,0,0,,,,,0,0,0,ESDB_V0_4
13771,14041,keller,-12.5947,0,NOT_EXACT_EN_US,,,,,,,REJECTED_AUTO,0,0,0,,,,,0,0,0,ESDB_V0_4
13772,14042,kettle,-12.5947,1,PASS,35,,n,kettle,LEMMA,,MASTER,0,0,0,,,,,0,0,0,ESDB_V0_4
13773,14043,kidneys,-12.5947,1,PASS,35,,n,kidney,FORM,,MASTER,0,1,0,,kidney,,,1,0,0,ESDB_V0_4
13774,14044,ku,-12.5947,0,NOT_EXACT_EN_US,,,,,,,REJECTED_AUTO,0,0,0,,,,,0,0,0,ESDB_V0_4
13775,14045,labrador,-12.5947,0,NOT_EXACT_EN_US,,,,,,,REJECTED_AUTO,0,0,0,,,,,0,0,0,ESDB_V0_4
13776,14046,lesbians,-12.5947,1,PASS,35,,n,lesbian,FORM,,MASTER,0,1,0,,lesbian,,,1,0,0,ESDB_V0_4
13777,14047,librarian,-12.5947,1,PASS,35,,n,librarian,LEMMA,,MASTER,0,0,0,,,,,0,0,0,ESDB_V0_4
13778,14048,lighthouse,-12.5947,1,PASS,35,,n,lighthouse,LEMMA,,MASTER,0,0,0,,,,,0,0,0,ESDB_V0_4
13779,14049,liquidity,-12.5947,1,PASS,50,,n,liquidity,LEMMA,,MASTER,0,0,0,,,,,0,0,0,ESDB_V0_4
13780,14050,litre,-12.5947,0,NOT_EXACT_EN_US,,,,,,,REJECTED_AUTO,0,0,0,,,,,0,0,0,ESDB_V0_4
13781,14051,lorraine,-12.5947,0,NOT_EXACT_EN_US,,,,,,,REJECTED_AUTO,0,0,0,,,,,0,0,0,ESDB_V0_4
13782,14052,lucia,-12.5947,0,NOT_EXACT_EN_US,,,,,,,REJECTED_AUTO,0,0,0,,,,,0,0,0,ESDB_V0_4
13783,14053,markings,-12.5947,1,PASS,35,,n,marking,FORM,,MASTER,0,1,0,,marking,,,1,0,0,ESDB_V0_4
13784,14054,marseille,-12.5947,0,NOT_EXACT_EN_US,,,,,,,REJECTED_AUTO,0,0,0,,,,,0,0,0,ESDB_V0_4
13785,14055,mastery,-12.5947,1,PASS,35,,n,mastery,LEMMA,,MASTER,0,1,0,,master,,,1,0,0,ESDB_V0_4
13786,14056,mba,-12.5947,0,NOT_EXACT_EN_US,,,,,,,REJECTED_AUTO,0,0,0,,,,,0,0,0,ESDB_V0_4
13787,14057,menace,-12.5947,1,PASS,35,,n_v,menace,LEMMA,,MASTER,0,0,0,,,,,0,0,0,ESDB_V0_4
13788,14058,mixes,-12.5947,1,PASS,35,,n_v,mix,FORM,,MASTER,0,0,0,,,,,0,0,0,ESDB_V0_4
13789,14059,monsieur,-12.5947,1,PASS,50,60,n,monsieur,LEMMA,,MASTER,0,0,0,,,,,0,0,0,ESDB_V0_4
13790,14060,murderers,-12.5947,1,PASS,35,,n,murderer,FORM,,MASTER,0,1,0,,murderer,,,1,0,0,ESDB_V0_4
13791,14061,nl,-12.5947,0,NOT_EXACT_EN_US,,,,,,,REJECTED_AUTO,0,0,0,,,,,0,0,0,ESDB_V0_4
13792,14062,noun,-12.5947,1,PASS,35,,n,noun,LEMMA,,MASTER,0,1,1,,,,nouns,0,1,1,ESDB_V0_4
13793,14063,nutrient,-12.5947,1,PASS,35,,n;aj,nutrient,LEMMA,,MASTER,0,1,1,,,,nutrients,0,1,1,ESDB_V0_4
13794,14064,oaks,-12.5947,1,PASS,35,,n,oak,FORM,,MASTER,0,1,0,,oak,,,1,0,0,ESDB_V0_4
13795,14065,objected,-12.5947,1,PASS,35,,n_v,object,FORM,,MASTER,0,0,0,,,,,0,0,0,ESDB_V0_4
13796,14066,oecd,-12.5947,0,NOT_EXACT_EN_US,,,,,,,REJECTED_AUTO,0,0,0,,,,,0,0,0,ESDB_V0_4
13797,14067,offending,-12.5947,1,PASS,35,,v;aj,offend;offending,FORM;LEMMA,,MASTER,0,0,0,,,,,0,0,0,ESDB_V0_4
13798,14068,organizer,-12.5947,1,PASS,35,,n,organizer,LEMMA,,MASTER,0,1,1,,organize,,organizers,1,1,1,ESDB_V0_4
13799,14069,oslo,-12.5947,0,NOT_EXACT_EN_US,,,,,,,REJECTED_AUTO,0,0,0,,,,,0,0,0,ESDB_V0_4
13800,14070,overload,-12.5947,1,PASS,35,,n_v,overload,LEMMA,,MASTER,0,0,0,,,,,0,0,0,ESDB_V0_4
13801,14071,pam,-12.5947,0,NOT_EXACT_EN_US,,,,,,,REJECTED_AUTO,0,0,0,,,,,0,0,0,ESDB_V0_4
13802,14072,pamela,-12.5947,0,NOT_EXACT_EN_US,,,,,,,REJECTED_AUTO,0,0,0,,,,,0,0,0,ESDB_V0_4
13803,14073,parallels,-12.5947,1,PASS,35,,n_v,parallel,FORM,,MASTER,0,1,0,,parallel,,,1,0,0,ESDB_V0_4
13804,14074,parasite,-12.5947,1,PASS,35,,n,parasite,LEMMA,,MASTER,0,1,1,,,,parasites,0,1,1,ESDB_V0_4
13805,14075,parasites,-12.5947,1,PASS,35,,n,parasite,FORM,,MASTER,0,1,0,,parasite,,,1,0,0,ESDB_V0_4
13806,14077,patrols,-12.5947,1,PASS,35,,n_v,patrol,FORM,,MASTER,0,1,0,,patrol,,,1,0,0,ESDB_V0_4
13807,14078,philly,-12.5947,0,NOT_EXACT_EN_US,,,,,,,REJECTED_AUTO,0,0,0,,,,,0,0,0,ESDB_V0_4
13808,14079,php,-12.5947,0,NOT_EXACT_EN_US,,,,,,,REJECTED_AUTO,0,0,0,,,,,0,0,0,ESDB_V0_4
13809,14080,pies,-12.5947,1,PASS,35,,v;n,pi;pie,FORM,,MASTER,0,1,1,,pie,spies,,1,1,0,ESDB_V0_4
13810,14081,pioneering,-12.5947,1,PASS,35,,n_v,pioneer,FORM,,MASTER,0,0,0,,,,,0,0,0,ESDB_V0_4
13811,14082,pissing,-12.5947,1,PASS,40,,n_v,piss,FORM,vulgar-3,MASTER,0,0,0,,,,,0,0,0,ESDB_V0_4
13812,14083,planetary,-12.5947,1,PASS,35,,aj,planetary,LEMMA,,MASTER,0,0,0,,,,,0,0,0,ESDB_V0_4
13813,14084,preventive,-12.5947,1,PASS,35,,n;aj,preventive,LEMMA,,MASTER,0,0,0,,,,,0,0,0,ESDB_V0_4
13814,14085,primer,-12.5947,1,PASS,35,,n,primer,LEMMA,,MASTER,0,1,0,,prime,,,1,0,0,ESDB_V0_4
13815,14086,prolific,-12.5947,1,PASS,35,,aj,prolific,LEMMA,,MASTER,0,0,0,,,,,0,0,0,ESDB_V0_4
13816,14087,proponents,-12.5947,1,PASS,35,,n,proponent,FORM,,MASTER,0,1,0,,proponent,,,1,0,0,ESDB_V0_4
13817,14088,psychologists,-12.5947,1,PASS,35,,n,psychologist,FORM,,MASTER,0,1,0,,psychologist,,,1,0,0,ESDB_V0_4
13818,14089,quartet,-12.5947,1,PASS,35,,n,quartet,LEMMA,,MASTER,0,0,0,,,,,0,0,0,ESDB_V0_4
13819,14090,reacts,-12.5947,1,PASS,35,,v,react,FORM,,MASTER,0,1,0,,react,,,1,0,0,ESDB_V0_4
13820,14091,reformation,-12.5947,1,PASS,35,60,n,reformation,LEMMA,,MASTER,0,0,0,,,,,0,0,0,ESDB_V0_4
13821,14092,registers,-12.5947,1,PASS,35,,n_v,register,FORM,,MASTER,0,1,0,,register,,,1,0,0,ESDB_V0_4
13822,14093,reinforcements,-12.5947,1,PASS,35,,n,reinforcement,FORM,,MASTER,0,1,0,,reinforcement,,,1,0,0,ESDB_V0_4
13823,14094,renamed,-12.5947,1,PASS,35,,v,rename,FORM,,MASTER,0,0,0,,,,,0,0,0,ESDB_V0_4
13824,14095,rents,-12.5947,1,PASS,35,,n_v,rent,FORM,,MASTER,0,1,0,,rent,,,1,0,0,ESDB_V0_4
13825,14096,replica,-12.5947,1,PASS,35,,n,replica,LEMMA,,MASTER,0,0,0,,,,,0,0,0,ESDB_V0_4
13826,14097,resin,-12.5947,1,PASS,35,,n,resin,LEMMA,,MASTER,0,0,0,,,,,0,0,0,ESDB_V0_4
13827,14098,resolving,-12.5947,1,PASS,35,,n_v;n,resolve;resolving,FORM;LEMMA,,MASTER,0,0,0,,,,,0,0,0,ESDB_V0_4
13828,14099,reversal,-12.5947,1,PASS,35,,n,reversal,LEMMA,,MASTER,0,0,0,,,,,0,0,0,ESDB_V0_4
13829,14100,revise,-12.5947,1,PASS,35,,n_v,revise,LEMMA,,MASTER,0,1,1,,,,revised,0,1,1,ESDB_V0_4
13830,14101,rug,-12.5947,1,PASS,35,,n,rug,LEMMA,,MASTER,0,1,1,,,drug,,0,1,0,ESDB_V0_4
13831,14102,sahara,-12.5947,0,NOT_EXACT_EN_US,,,,,,,REJECTED_AUTO,0,0,0,,,,,0,0,0,ESDB_V0_4
13832,14103,saturdays,-12.5947,0,NOT_EXACT_EN_US,,,,,,,REJECTED_AUTO,0,0,0,,,,,0,0,0,ESDB_V0_4
13833,14104,saturn,-12.5947,0,NOT_EXACT_EN_US,,,,,,,REJECTED_AUTO,0,0,0,,,,,0,0,0,ESDB_V0_4
13834,14105,savannah,-12.5947,0,NOT_EXACT_EN_US,,,,,,,REJECTED_AUTO,0,0,0,,,,,0,0,0,ESDB_V0_4
13835,14106,seismic,-12.5947,1,PASS,50,,aj,seismic,LEMMA,,MASTER,0,0,0,,,,,0,0,0,ESDB_V0_4
13836,14107,seo,-12.5947,0,NOT_EXACT_EN_US,,,,,,,REJECTED_AUTO,0,0,0,,,,,0,0,0,ESDB_V0_4
13837,14108,sergei,-12.5947,0,NOT_EXACT_EN_US,,,,,,,REJECTED_AUTO,0,0,0,,,,,0,0,0,ESDB_V0_4
13838,14109,sibling,-12.5947,1,PASS,35,,n,sibling,LEMMA,,MASTER,0,1,1,,,,siblings,0,1,1,ESDB_V0_4
13839,14110,sideways,-12.5947,1,PASS,35,,aj_av,sideways,LEMMA,,MASTER,0,0,0,,,,,0,0,0,ESDB_V0_4
13840,14111,sinai,-12.5947,0,NOT_EXACT_EN_US,,,,,,,REJECTED_AUTO,0,0,0,,,,,0,0,0,ESDB_V0_4
13841,14112,slovakia,-12.5947,0,NOT_EXACT_EN_US,,,,,,,REJECTED_AUTO,0,0,0,,,,,0,0,0,ESDB_V0_4
13842,14113,spectator,-12.5947,1,PASS,35,,n,spectator,LEMMA,,MASTER,0,1,1,,,,spectators,0,1,1,ESDB_V0_4
13843,14114,sponge,-12.5947,1,PASS,35,,n_v,sponge,LEMMA,,MASTER,0,0,0,,,,,0,0,0,ESDB_V0_4
13844,14115,spree,-12.5947,1,PASS,35,,n,spree,LEMMA,,MASTER,0,0,0,,,,,0,0,0,ESDB_V0_4
13845,14116,stacked,-12.5947,1,PASS,35,,n_v;aj,stack;stacked,FORM;LEMMA,,MASTER,0,0,0,,,,,0,0,0,ESDB_V0_4
13846,14117,starvation,-12.5947,1,PASS,35,,n,starvation,LEMMA,,MASTER,0,0,0,,,,,0,0,0,ESDB_V0_4
13847,14118,steroids,-12.5947,1,PASS,40,,n,steroid,FORM,,MASTER,0,1,0,,steroid,,,1,0,0,ESDB_V0_4
13848,14119,stricken,-12.5947,1,PASS,35,,aj;n_v,stricken;strike,LEMMA;FORM,,MASTER,0,0,0,,,,,0,0,0,ESDB_V0_4
13849,14120,stroll,-12.5947,1,PASS,35,,n_v,stroll,LEMMA,,MASTER,0,1,0,troll,,,,1,0,0,ESDB_V0_4
13850,14121,subsidiaries,-12.5947,1,PASS,35,,n,subsidiary,FORM,,MASTER,0,0,0,,,,,0,0,0,ESDB_V0_4
13851,14122,sunni,-12.5947,0,NOT_EXACT_EN_US,,,,,,,REJECTED_AUTO,0,0,0,,,,,0,0,0,ESDB_V0_4
13852,14123,surreal,-12.5947,1,PASS,35,,aj,surreal,LEMMA,,MASTER,0,0,0,,,,,0,0,0,ESDB_V0_4
13853,14124,timetable,-12.5947,1,PASS,35,,n_v,timetable,LEMMA,,MASTER,0,0,0,,,,,0,0,0,ESDB_V0_4
13854,14125,traveler,-12.5947,1,PASS,35,,n,traveler,LEMMA,,MASTER,0,1,1,,,,travelers,0,1,1,ESDB_V0_4
13855,14126,tucked,-12.5947,1,PASS,35,,n_v;aj,tuck;tucked,FORM;LEMMA,,MASTER,0,0,0,,,,,0,0,0,ESDB_V0_4
13856,14127,tug,-12.5947,1,PASS,35,,n_v,tug,LEMMA,,MASTER,0,0,0,,,,,0,0,0,ESDB_V0_4
13857,14128,twitch,-12.5947,1,PASS,35,,n_v,twitch,LEMMA,,MASTER,0,1,0,witch,,,,1,0,0,ESDB_V0_4
13858,14129,uneven,-12.5947,1,PASS,35,,aj,uneven,LEMMA,,MASTER,0,0,0,,,,,0,0,0,ESDB_V0_4
13859,14130,vacancy,-12.5947,1,PASS,35,,n,vacancy,LEMMA,,MASTER,0,0,0,,,,,0,0,0,ESDB_V0_4
13860,14131,vaccination,-12.5947,1,PASS,35,,n,vaccination,LEMMA,,MASTER,0,0,0,,,,,0,0,0,ESDB_V0_4
13861,14132,valerie,-12.5947,0,NOT_EXACT_EN_US,,,,,,,REJECTED_AUTO,0,0,0,,,,,0,0,0,ESDB_V0_4
13862,14133,variability,-12.5947,1,PASS,40,,n,variability,LEMMA,,MASTER,0,0,0,,,,,0,0,0,ESDB_V0_4
13863,14134,veronica,-12.5947,0,CASE_FREQ_COLLISION,60,50,n,veronica,LEMMA,,REJECTED_AUTO,0,0,0,,,,,0,0,0,ESDB_V0_4
13864,14135,viktor,-12.5947,0,NOT_EXACT_EN_US,,,,,,,REJECTED_AUTO,0,0,0,,,,,0,0,0,ESDB_V0_4
13865,14136,villains,-12.5947,1,PASS,35,,n,villain,FORM,,MASTER,0,1,0,,villain,,,1,0,0,ESDB_V0_4
13866,14137,wig,-12.5947,1,PASS,35,,n_v,wig,LEMMA,,MASTER,0,0,0,,,,,0,0,0,ESDB_V0_4
13867,14138,wonderfully,-12.5947,1,PASS,35,,av,wonderfully,LEMMA,,MASTER,0,0,0,,,,,0,0,0,ESDB_V0_4
13868,14142,academia,-12.6186,1,PASS,60,,n,academia,LEMMA,,MASTER,0,0,0,,,,,0,0,0,ESDB_V0_4
13869,14143,accumulate,-12.6186,1,PASS,35,,v,accumulate,LEMMA,,MASTER,0,1,1,,,,accumulated,0,1,1,ESDB_V0_4
13870,14144,adjustable,-12.6186,1,PASS,35,,aj,adjustable,LEMMA,,MASTER,0,0,0,,,,,0,0,0,ESDB_V0_4
13871,14145,affirmed,-12.6186,1,PASS,35,,v,affirm,FORM,,MASTER,0,0,0,,,,,0,0,0,ESDB_V0_4
13872,14146,afforded,-12.6186,1,PASS,35,,v,afford,FORM,,MASTER,0,0,0,,,,,0,0,0,ESDB_V0_4
13873,14147,airplanes,-12.6186,1,PASS,35,,n,airplane,FORM,,MASTER,0,1,0,,airplane,,,1,0,0,ESDB_V0_4
13874,14148,albania,-12.6186,0,NOT_EXACT_EN_US,,,,,,,REJECTED_AUTO,0,0,0,,,,,0,0,0,ESDB_V0_4
13875,14149,alleviate,-12.6186,1,PASS,35,,v,alleviate,LEMMA,,MASTER,0,0,0,,,,,0,0,0,ESDB_V0_4
13876,14150,allowances,-12.6186,1,PASS,35,,n,allowance,FORM,,MASTER,0,1,0,,allowance,,,1,0,0,ESDB_V0_4
13877,14151,alma,-12.6186,0,NOT_EXACT_EN_US,,,,,,,REJECTED_AUTO,0,0,0,,,,,0,0,0,ESDB_V0_4
13878,14152,amazingly,-12.6186,1,PASS,35,,av,amazingly,LEMMA,,MASTER,0,0,0,,,,,0,0,0,ESDB_V0_4
13879,14153,analyse,-12.6186,0,NOT_EXACT_EN_US,,,,,,,REJECTED_AUTO,0,0,0,,,,,0,0,0,ESDB_V0_4
13880,14154,ancestor,-12.6186,1,PASS,35,,n,ancestor,LEMMA,,MASTER,0,1,1,,,,ancestors,0,1,1,ESDB_V0_4
13881,14155,ascent,-12.6186,1,PASS,35,,n,ascent,LEMMA,,MASTER,0,1,0,scent,,,,1,0,0,ESDB_V0_4
13882,14156,augustine,-12.6186,0,NOT_EXACT_EN_US,,,,,,,REJECTED_AUTO,0,0,0,,,,,0,0,0,ESDB_V0_4
13883,14157,augustus,-12.6186,0,NOT_EXACT_EN_US,,,,,,,REJECTED_AUTO,0,0,0,,,,,0,0,0,ESDB_V0_4
13884,14158,aura,-12.6186,1,PASS,35,,n,aura,LEMMA,,MASTER,0,0,0,,,,,0,0,0,ESDB_V0_4
13885,14159,avant,-12.6186,0,NOT_EXACT_EN_US,,,,,,,REJECTED_AUTO,0,0,0,,,,,0,0,0,ESDB_V0_4
13886,14160,avenues,-12.6186,1,PASS,35,,n,avenue,FORM,,MASTER,0,1,0,venues,avenue,,,2,0,0,ESDB_V0_4
13887,14161,avery,-12.6186,0,NOT_EXACT_EN_US,,,,,,,REJECTED_AUTO,0,0,0,,,,,0,0,0,ESDB_V0_4
13888,14162,barton,-12.6186,0,NOT_EXACT_EN_US,,,,,,,REJECTED_AUTO,0,0,0,,,,,0,0,0,ESDB_V0_4
13889,14163,benghazi,-12.6186,0,NOT_EXACT_EN_US,,,,,,,REJECTED_AUTO,0,0,0,,,,,0,0,0,ESDB_V0_4
13890,14164,billionaire,-12.6186,1,PASS,40,,n,billionaire,LEMMA,,MASTER,0,0,0,,,,,0,0,0,ESDB_V0_4
13891,14165,boast,-12.6186,1,PASS,35,,n_v,boast,LEMMA,,MASTER,0,1,1,,,,boasts,0,1,1,ESDB_V0_4
13892,14166,browsing,-12.6186,1,PASS,35,,n_v;n,browse;browsing,FORM;LEMMA,,MASTER,0,0,0,,,,,0,0,0,ESDB_V0_4
13893,14167,buckingham,-12.6186,0,NOT_EXACT_EN_US,,,,,,,REJECTED_AUTO,0,0,0,,,,,0,0,0,ESDB_V0_4
13894,14168,calmly,-12.6186,1,PASS,35,,av,calmly,LEMMA,,MASTER,0,0,0,,,,,0,0,0,ESDB_V0_4
13895,14169,calorie,-12.6186,1,PASS,35,,n,calorie,LEMMA,,MASTER,0,1,1,,,,calories,0,1,1,ESDB_V0_4
13896,14170,canals,-12.6186,1,PASS,35,,n,canal,FORM,,MASTER,0,1,0,,canal,,,1,0,0,ESDB_V0_4
13897,14171,characterised,-12.6186,0,NOT_EXACT_EN_US,,,,,,,REJECTED_AUTO,0,0,0,,,,,0,0,0,ESDB_V0_4
13898,14172,charms,-12.6186,1,PASS,35,,n_v,charm,FORM,,MASTER,0,1,0,harms,charm,,,2,0,0,ESDB_V0_4
13899,14173,chem,-12.6186,0,NO_ESDB_GENERAL_EVIDENCE,,,,,,,REJECTED_AUTO,0,0,0,,,,,0,0,0,ESDB_V0_4
13900,14174,cheryl,-12.6186,0,NOT_EXACT_EN_US,,,,,,,REJECTED_AUTO,0,0,0,,,,,0,0,0,ESDB_V0_4
13901,14175,chic,-12.6186,1,PASS,35,,n;aj,chic,LEMMA,,MASTER,0,1,1,,chi,,chick,1,1,0,ESDB_V0_4
13902,14176,chlorine,-12.6186,1,PASS,35,,n,chlorine,LEMMA,,MASTER,0,0,0,,,,,0,0,0,ESDB_V0_4
13903,14177,cocktails,-12.6186,1,PASS,35,,n,cocktail,FORM,,MASTER,0,1,0,,cocktail,,,1,0,0,ESDB_V0_4
13904,14178,compassionate,-12.6186,1,PASS,35,,aj,compassionate,LEMMA,,MASTER,0,0,0,,,,,0,0,0,ESDB_V0_4
13905,14179,competitiveness,-12.6186,1,PASS,40,,n,competitiveness,LEMMA,,MASTER,0,0,0,,,,,0,0,0,ESDB_V0_4
13906,14180,comprehension,-12.6186,1,PASS,35,,n,comprehension,LEMMA,,MASTER,0,0,0,,,,,0,0,0,ESDB_V0_4
13907,14181,conferred,-12.6186,1,PASS,35,,v,confer,FORM,,MASTER,0,0,0,,,,,0,0,0,ESDB_V0_4
13908,14182,consciously,-12.6186,1,PASS,35,,av,consciously,LEMMA,,MASTER,0,0,0,,,,,0,0,0,ESDB_V0_4
13909,14183,convict,-12.6186,1,PASS,35,,n_v,convict,LEMMA,,MASTER,0,1,1,,,,convicts,0,1,1,ESDB_V0_4
13910,14184,corpses,-12.6186,1,PASS,35,,n,corpse,FORM,,MASTER,0,1,0,,corpse,,,1,0,0,ESDB_V0_4
13911,14185,cory,-12.6186,0,NOT_EXACT_EN_US,,,,,,,REJECTED_AUTO,0,0,0,,,,,0,0,0,ESDB_V0_4
13912,14186,crimea,-12.6186,0,NOT_EXACT_EN_US,,,,,,,REJECTED_AUTO,0,0,0,,,,,0,0,0,ESDB_V0_4
13913,14187,criticizing,-12.6186,1,PASS,35,,v,criticize,FORM,,MASTER,0,0,0,,,,,0,0,0,ESDB_V0_4
13914,14188,cylinders,-12.6186,1,PASS,35,,n,cylinder,FORM,,MASTER,0,1,0,,cylinder,,,1,0,0,ESDB_V0_4
13915,14189,dads,-12.6186,1,PASS,35,,n,dad,FORM,,MASTER,0,1,0,ads,dad,,,2,0,0,ESDB_V0_4
13916,14190,demolished,-12.6186,1,PASS,35,,v;aj,demolish;demolished,FORM;LEMMA,,MASTER,0,0,0,,,,,0,0,0,ESDB_V0_4
13917,14191,deserving,-12.6186,1,PASS,35,,v;aj,deserve;deserving,FORM;LEMMA,,MASTER,0,0,0,,,,,0,0,0,ESDB_V0_4
13918,14192,despise,-12.6186,1,PASS,35,,v,despise,LEMMA,,MASTER,0,1,1,,,,despised,0,1,1,ESDB_V0_4
13919,14193,detainees,-12.6186,1,PASS,50,,n,detainee,FORM,,MASTER,0,0,0,,,,,0,0,0,ESDB_V0_4
13920,14194,diaspora,-12.6186,0,CASE_FREQ_COLLISION,60,50,n,diaspora,LEMMA,,REJECTED_AUTO,0,0,0,,,,,0,0,0,ESDB_V0_4
13921,14195,directorate,-12.6186,1,PASS,50,,n,directorate,LEMMA,,MASTER,0,0,0,,,,,0,0,0,ESDB_V0_4
13922,14196,disagreed,-12.6186,1,PASS,35,,v,disagree,FORM,,MASTER,0,1,0,,disagree,,,1,0,0,ESDB_V0_4
13923,14197,disciplined,-12.6186,1,PASS,35,,n_v;aj,discipline;disciplined,FORM;LEMMA,,MASTER,0,1,0,,discipline,,,1,0,0,ESDB_V0_4
13924,14198,disconnected,-12.6186,1,PASS,35,,v;aj,disconnect;disconnected,FORM;LEMMA,,MASTER,0,0,0,,,,,0,0,0,ESDB_V0_4
13925,14199,disrespectful,-12.6186,1,PASS,35,,aj,disrespectful,LEMMA,,MASTER,0,0,0,,,,,0,0,0,ESDB_V0_4
13926,14200,disrupt,-12.6186,1,PASS,35,,v,disrupt,LEMMA,,MASTER,0,0,0,,,,,0,0,0,ESDB_V0_4
13927,14201,dissolve,-12.6186,1,PASS,35,,v,dissolve,LEMMA,,MASTER,0,1,1,,,,dissolved,0,1,1,ESDB_V0_4
13928,14202,docks,-12.6186,1,PASS,35,,n_v,dock,FORM,,MASTER,0,1,0,,dock,,,1,0,0,ESDB_V0_4
13929,14203,dosage,-12.6186,1,PASS,40,,n,dosage,LEMMA,,MASTER,0,0,0,,,,,0,0,0,ESDB_V0_4
13930,14204,dotted,-12.6186,1,PASS,35,,n_v;aj,dot;dotted,FORM;LEMMA,,MASTER,0,0,0,,,,,0,0,0,ESDB_V0_4
13931,14205,dow,-12.6186,0,NOT_EXACT_EN_US,,,,,,,REJECTED_AUTO,0,0,0,,,,,0,0,0,ESDB_V0_4
13932,14206,dt,-12.6186,0,NOT_EXACT_EN_US,,,,,,,REJECTED_AUTO,0,0,0,,,,,0,0,0,ESDB_V0_4
13933,14207,dvds,-12.6186,0,NOT_EXACT_EN_US,,,,,,,REJECTED_AUTO,0,0,0,,,,,0,0,0,ESDB_V0_4
13934,14208,dysfunction,-12.6186,1,PASS,40,,n,dysfunction,LEMMA,,MASTER,0,0,0,,,,,0,0,0,ESDB_V0_4
13935,14210,ecstasy,-12.6186,1,PASS,35,60,n,ecstasy,LEMMA,,MASTER,0,0,0,,,,,0,0,0,ESDB_V0_4
13936,14211,elle,-12.6186,0,NOT_EXACT_EN_US,,,,,,,REJECTED_AUTO,0,0,0,,,,,0,0,0,ESDB_V0_4
13937,14212,emblem,-12.6186,1,PASS,35,,n,emblem,LEMMA,,MASTER,0,0,0,,,,,0,0,0,ESDB_V0_4
13938,14213,empowered,-12.6186,1,PASS,35,,v;aj,empower;empowered,FORM;LEMMA,,MASTER,0,0,0,,,,,0,0,0,ESDB_V0_4
13939,14214,evidenced,-12.6186,1,PASS,35,,v;aj,evidence;evidenced,FORM;LEMMA,,MASTER,0,1,0,,evidence,,,1,0,0,ESDB_V0_4
13940,14215,executing,-12.6186,1,PASS,35,,v;n,execute;executing,FORM;LEMMA,,MASTER,0,0,0,,,,,0,0,0,ESDB_V0_4
13941,14216,expulsion,-12.6186,1,PASS,35,,n,expulsion,LEMMA,,MASTER,0,0,0,,,,,0,0,0,ESDB_V0_4
13942,14217,extras,-12.6186,1,PASS,35,,n,extra,FORM,,MASTER,0,1,0,,extra,,,1,0,0,ESDB_V0_4
13943,14218,facilitated,-12.6186,1,PASS,35,,v,facilitate,FORM,,MASTER,0,1,0,,facilitate,,,1,0,0,ESDB_V0_4
13944,14219,fanny,-12.6186,1,PASS,40,50,n,fanny,LEMMA,,MASTER,0,0,0,,,,,0,0,0,ESDB_V0_4
13945,14220,fascism,-12.6186,1,PASS,35,,n,fascism,LEMMA,,MASTER,0,0,0,,,,,0,0,0,ESDB_V0_4
13946,14221,fearless,-12.6186,1,PASS,35,,aj,fearless,LEMMA,,MASTER,0,0,0,,,,,0,0,0,ESDB_V0_4
13947,14222,feud,-12.6186,1,PASS,35,,n_v,feud,LEMMA,,MASTER,0,0,0,,,,,0,0,0,ESDB_V0_4
13948,14223,filtered,-12.6186,1,PASS,35,,n_v,filter,FORM,,MASTER,0,0,0,,,,,0,0,0,ESDB_V0_4
13949,14224,finch,-12.6186,1,PASS,35,50,n,finch,LEMMA,,MASTER,0,1,0,inch,,,,1,0,0,ESDB_V0_4
13950,14225,fixes,-12.6186,1,PASS,35,,n_v,fix,FORM,,MASTER,0,0,0,,,,,0,0,0,ESDB_V0_4
13951,14226,flavors,-12.6186,1,PASS,35,,n_v,flavor,FORM,,MASTER,0,1,0,,flavor,,,1,0,0,ESDB_V0_4
13952,14227,flute,-12.6186,1,PASS,35,,n_v,flute,LEMMA,,MASTER,0,0,0,,,,,0,0,0,ESDB_V0_4
13953,14228,fooled,-12.6186,1,PASS,35,,n_v,fool,FORM,,MASTER,0,0,0,,,,,0,0,0,ESDB_V0_4
13954,14229,forefront,-12.6186,1,PASS,35,,n,forefront,LEMMA,,MASTER,0,0,0,,,,,0,0,0,ESDB_V0_4
13955,14230,freaked,-12.6186,1,PASS,35,,n_v,freak,FORM,,MASTER,0,0,0,,,,,0,0,0,ESDB_V0_4
13956,14231,gaga,-12.6186,1,PASS,60,,aj,gaga,LEMMA,,MASTER,0,1,0,,gag,,,1,0,0,ESDB_V0_4
13957,14232,glee,-12.6186,1,PASS,35,,n,glee,LEMMA,,MASTER,0,1,0,lee,,,,1,0,0,ESDB_V0_4
13958,14233,granddaughter,-12.6186,1,PASS,35,,n,granddaughter,LEMMA,,MASTER,0,0,0,,,,,0,0,0,ESDB_V0_4
13959,14234,guarding,-12.6186,1,PASS,35,,n_v,guard,FORM,,MASTER,0,0,0,,,,,0,0,0,ESDB_V0_4
13960,14235,harassed,-12.6186,1,PASS,35,,v;aj,harass;harassed,FORM;LEMMA,,MASTER,0,0,0,,,,,0,0,0,ESDB_V0_4
13961,14236,harvesting,-12.6186,1,PASS,35,,n_v,harvest,FORM,,MASTER,0,0,0,,,,,0,0,0,ESDB_V0_4
13962,14237,haunt,-12.6186,1,PASS,35,,n_v,haunt,LEMMA,,MASTER,0,1,0,aunt,,,,1,0,0,ESDB_V0_4
13963,14238,havent,-12.6186,0,NOT_EXACT_EN_US,,,,,,,REJECTED_AUTO,0,0,0,,,,,0,0,0,ESDB_V0_4
13964,14239,hazel,-12.6186,1,PASS,35,50,n;aj,hazel,LEMMA,,MASTER,0,1,0,,haze,,,1,0,0,ESDB_V0_4
13965,14240,heavyweight,-12.6186,1,PASS,35,,n;a,heavyweight,LEMMA,,MASTER,0,0,0,,,,,0,0,0,ESDB_V0_4
13966,14241,hereditary,-12.6186,1,PASS,35,,aj,hereditary,LEMMA,,MASTER,0,0,0,,,,,0,0,0,ESDB_V0_4
13967,14242,hindus,-12.6186,0,NOT_EXACT_EN_US,,,,,,,REJECTED_AUTO,0,0,0,,,,,0,0,0,ESDB_V0_4
13968,14243,hrs,-12.6186,0,NO_ESDB_GENERAL_EVIDENCE,,,,,,,REJECTED_AUTO,0,0,0,,,,,0,0,0,ESDB_V0_4
13969,14244,hugely,-12.6186,1,PASS,35,,av,hugely,LEMMA,,MASTER,0,0,0,,,,,0,0,0,ESDB_V0_4
13970,14245,humid,-12.6186,1,PASS,35,,aj,humid,LEMMA,,MASTER,0,0,0,,,,,0,0,0,ESDB_V0_4
13971,14246,hush,-12.6186,1,PASS,35,,n_v,hush,LEMMA,,MASTER,0,0,0,,,,,0,0,0,ESDB_V0_4
13972,14247,illusions,-12.6186,1,PASS,35,,n,illusion,FORM,,MASTER,0,1,0,,illusion,,,1,0,0,ESDB_V0_4
13973,14248,immensely,-12.6186,1,PASS,35,,av,immensely,LEMMA,,MASTER,0,0,0,,,,,0,0,0,ESDB_V0_4
13974,14249,implants,-12.6186,1,PASS,35,,n_v,implant,FORM,,MASTER,0,1,0,,implant,,,1,0,0,ESDB_V0_4
13975,14250,incorporates,-12.6186,1,PASS,35,,v,incorporate,FORM,,MASTER,0,1,0,,incorporate,,,1,0,0,ESDB_V0_4
13976,14251,indo,-12.6186,0,NOT_EXACT_EN_US,,,,,,,REJECTED_AUTO,0,0,0,,,,,0,0,0,ESDB_V0_4
13977,14252,inlet,-12.6186,1,PASS,35,,n,inlet,LEMMA,,MASTER,0,0,0,,,,,0,0,0,ESDB_V0_4
13978,14253,inspections,-12.6186,1,PASS,35,,n,inspection,FORM,,MASTER,0,1,0,,inspection,,,1,0,0,ESDB_V0_4
13979,14254,inspirational,-12.6186,1,PASS,40,,aj,inspirational,LEMMA,,MASTER,0,0,0,,,,,0,0,0,ESDB_V0_4
13980,14255,intercepted,-12.6186,1,PASS,35,,n_v,intercept,FORM,,MASTER,0,0,0,,,,,0,0,0,ESDB_V0_4
13981,14256,interfering,-12.6186,1,PASS,35,,v;aj,interfere;interfering,FORM;LEMMA,,MASTER,0,0,0,,,,,0,0,0,ESDB_V0_4
13982,14257,javier,-12.6186,0,NOT_EXACT_EN_US,,,,,,,REJECTED_AUTO,0,0,0,,,,,0,0,0,ESDB_V0_4
13983,14258,jedi,-12.6186,0,NOT_EXACT_EN_US,,,,,,,REJECTED_AUTO,0,0,0,,,,,0,0,0,ESDB_V0_4
13984,14259,jubilee,-12.6186,1,PASS,35,,n,jubilee,LEMMA,,MASTER,0,0,0,,,,,0,0,0,ESDB_V0_4
13985,14260,kara,-12.6186,0,NOT_EXACT_EN_US,,,,,,,REJECTED_AUTO,0,0,0,,,,,0,0,0,ESDB_V0_4
13986,14261,koreans,-12.6186,0,NOT_EXACT_EN_US,,,,,,,REJECTED_AUTO,0,0,0,,,,,0,0,0,ESDB_V0_4
13987,14262,liga,-12.6186,0,NOT_EXACT_EN_US,,,,,,,REJECTED_AUTO,0,0,0,,,,,0,0,0,ESDB_V0_4
13988,14263,lindsey,-12.6186,0,NOT_EXACT_EN_US,,,,,,,REJECTED_AUTO,0,0,0,,,,,0,0,0,ESDB_V0_4
13989,14264,lowe,-12.6186,0,NOT_EXACT_EN_US,,,,,,,REJECTED_AUTO,0,0,0,,,,,0,0,0,ESDB_V0_4
13990,14265,lucrative,-12.6186,1,PASS,35,,aj,lucrative,LEMMA,,MASTER,0,0,0,,,,,0,0,0,ESDB_V0_4
13991,14267,magician,-12.6186,1,PASS,35,,n,magician,LEMMA,,MASTER,0,0,0,,,,,0,0,0,ESDB_V0_4
13992,14268,maneuver,-12.6186,1,PASS,35,,n;v,maneuver,LEMMA,,MASTER,0,1,1,,,,maneuvers,0,1,1,ESDB_V0_4
13993,14269,marvellous,-12.6186,0,NOT_EXACT_EN_US,,,,,,,REJECTED_AUTO,0,0,0,,,,,0,0,0,ESDB_V0_4
13994,14270,mata,-12.6186,0,NOT_EXACT_EN_US,,,,,,,REJECTED_AUTO,0,0,0,,,,,0,0,0,ESDB_V0_4
13995,14271,mccain,-12.6186,0,NOT_EXACT_EN_US,,,,,,,REJECTED_AUTO,0,0,0,,,,,0,0,0,ESDB_V0_4
13996,14272,medicinal,-12.6186,1,PASS,35,,aj,medicinal,LEMMA,,MASTER,0,0,0,,,,,0,0,0,ESDB_V0_4
13997,14273,melodies,-12.6186,1,PASS,35,,n,melody,FORM,,MASTER,0,0,0,,,,,0,0,0,ESDB_V0_4
13998,14274,methane,-12.6186,1,PASS,40,,n,methane,LEMMA,,MASTER,0,0,0,,,,,0,0,0,ESDB_V0_4
13999,14275,mma,-12.6186,0,NOT_EXACT_EN_US,,,,,,,REJECTED_AUTO,0,0,0,,,,,0,0,0,ESDB_V0_4
14000,14276,modem,-12.6186,1,PASS,40,,n,modem,LEMMA,,MASTER,0,1,0,,mode,,,1,0,0,ESDB_V0_4
14001,14277,moderation,-12.6186,1,PASS,35,,n,moderation,LEMMA,,MASTER,0,0,0,,,,,0,0,0,ESDB_V0_4
14002,14278,mona,-12.6186,0,NOT_EXACT_EN_US,,,,,,,REJECTED_AUTO,0,0,0,,,,,0,0,0,ESDB_V0_4
14003,14279,mri,-12.6186,0,NOT_EXACT_EN_US,,,,,,,REJECTED_AUTO,0,0,0,,,,,0,0,0,ESDB_V0_4
14004,14280,mustang,-12.6186,1,PASS,35,,n,mustang,LEMMA,,MASTER,0,0,0,,,,,0,0,0,ESDB_V0_4
14005,14281,mw,-12.6186,0,NOT_EXACT_EN_US,,,,,,,REJECTED_AUTO,0,0,0,,,,,0,0,0,ESDB_V0_4
14006,14282,notation,-12.6186,1,PASS,35,,n,notation,LEMMA,,MASTER,0,0,0,,,,,0,0,0,ESDB_V0_4
14007,14283,ns,-12.6186,0,NOT_EXACT_EN_US,,,,,,,REJECTED_AUTO,0,0,0,,,,,0,0,0,ESDB_V0_4
14008,14284,obligatory,-12.6186,1,PASS,35,,aj,obligatory,LEMMA,,MASTER,0,0,0,,,,,0,0,0,ESDB_V0_4
14009,14285,offenses,-12.6186,1,PASS,35,,n,offense,FORM,,MASTER,0,1,0,,offense,,,1,0,0,ESDB_V0_4
14010,14286,ounces,-12.6186,1,PASS,35,,n,ounce,FORM,,MASTER,0,1,0,,ounce,,,1,0,0,ESDB_V0_4
14011,14287,parachute,-12.6186,1,PASS,35,,n_v,parachute,LEMMA,,MASTER,0,0,0,,,,,0,0,0,ESDB_V0_4
14012,14288,pascal,-12.6186,0,CASE_FREQ_COLLISION,60,50,n,pascal,LEMMA,,REJECTED_AUTO,0,0,0,,,,,0,0,0,ESDB_V0_4
14013,14289,picasso,-12.6186,0,NOT_EXACT_EN_US,,,,,,,REJECTED_AUTO,0,0,0,,,,,0,0,0,ESDB_V0_4
14014,14290,plaintiffs,-12.6186,1,PASS,35,,n,plaintiff,FORM,,MASTER,0,1,0,,plaintiff,,,1,0,0,ESDB_V0_4
14015,14291,plantations,-12.6186,1,PASS,35,,n,plantation,FORM,,MASTER,0,1,0,,plantation,,,1,0,0,ESDB_V0_4
14016,14292,pounding,-12.6186,1,PASS,35,,v;n,pound;pounding,FORM;LEMMA,,MASTER,0,0,0,,,,,0,0,0,ESDB_V0_4
14017,14293,presiding,-12.6186,1,PASS,35,,v,preside,FORM,,MASTER,0,1,0,residing,,,,1,0,0,ESDB_V0_4
14018,14294,psa,-12.6186,0,NOT_EXACT_EN_US,,,,,,,REJECTED_AUTO,0,0,0,,,,,0,0,0,ESDB_V0_4
14019,14295,psychiatry,-12.6186,1,PASS,35,,n,psychiatry,LEMMA,,MASTER,0,0,0,,,,,0,0,0,ESDB_V0_4
14020,14296,puberty,-12.6186,1,PASS,35,,n,puberty,LEMMA,,MASTER,0,0,0,,,,,0,0,0,ESDB_V0_4
14021,14297,puff,-12.6186,1,PASS,35,,n_v,puff,LEMMA,,MASTER,0,0,0,,,,,0,0,0,ESDB_V0_4
14022,14298,rad,-12.6186,1,PASS,60,,n;a,rad,LEMMA,,MASTER,0,1,1,ad,,grad,,1,1,0,ESDB_V0_4
14023,14299,railroads,-12.6186,1,PASS,35,,n_v,railroad,FORM,,MASTER,0,1,0,,railroad,,,1,0,0,ESDB_V0_4
14024,14300,reap,-12.6186,1,PASS,35,,v,reap,LEMMA,,MASTER,0,0,0,,,,,0,0,0,ESDB_V0_4
14025,14302,repeats,-12.6186,1,PASS,35,,n_v,repeat,FORM,,MASTER,0,1,0,,repeat,,,1,0,0,ESDB_V0_4
14026,14303,replicate,-12.6186,1,PASS,35,,v,replicate,LEMMA,,MASTER,0,0,0,,,,,0,0,0,ESDB_V0_4
14027,14304,replying,-12.6186,1,PASS,35,,n_v,reply,FORM,,MASTER,0,0,0,,,,,0,0,0,ESDB_V0_4
14028,14305,reproduced,-12.6186,1,PASS,35,,v,reproduce,FORM,,MASTER,0,1,0,,reproduce,,,1,0,0,ESDB_V0_4
14029,14306,researched,-12.6186,1,PASS,35,,n_v,research,FORM,,MASTER,0,0,0,,,,,0,0,0,ESDB_V0_4
14030,14307,residing,-12.6186,1,PASS,35,,v,reside,FORM,,MASTER,0,1,1,,,presiding,,0,1,0,ESDB_V0_4
14031,14308,reviewers,-12.6186,1,PASS,35,,n,reviewer,FORM,,MASTER,0,1,0,,reviewer,,,1,0,0,ESDB_V0_4
14032,14309,rhine,-12.6186,0,NOT_EXACT_EN_US,,,,,,,REJECTED_AUTO,0,0,0,,,,,0,0,0,ESDB_V0_4
14033,14310,risking,-12.6186,1,PASS,35,,n_v,risk,FORM,,MASTER,0,0,0,,,,,0,0,0,ESDB_V0_4
14034,14311,robe,-12.6186,1,PASS,35,,n_v,robe,LEMMA,,MASTER,0,1,1,,rob,probe,robes,1,2,1,ESDB_V0_4
14035,14312,rooting,-12.6186,1,PASS,35,,n_v;n,root;rooting,FORM;LEMMA,,MASTER,0,0,0,,,,,0,0,0,ESDB_V0_4
14036,14313,rosemary,-12.6186,1,PASS,35,50,n,rosemary,LEMMA,,MASTER,0,0,0,,,,,0,0,0,ESDB_V0_4
14037,14314,runoff,-12.6186,1,PASS,50,,n,runoff,LEMMA,,MASTER,0,0,0,,,,,0,0,0,ESDB_V0_4
14038,14315,santo,-12.6186,0,NOT_EXACT_EN_US,,,,,,,REJECTED_AUTO,0,0,0,,,,,0,0,0,ESDB_V0_4
14039,14316,sentiments,-12.6186,1,PASS,35,,n,sentiment,FORM,,MASTER,0,1,0,,sentiment,,,1,0,0,ESDB_V0_4
14040,14317,sg,-12.6186,0,NOT_EXACT_EN_US,,,,,,,REJECTED_AUTO,0,0,0,,,,,0,0,0,ESDB_V0_4
14041,14318,sgt,-12.6186,0,NOT_EXACT_EN_US,,,,,,,REJECTED_AUTO,0,0,0,,,,,0,0,0,ESDB_V0_4
14042,14319,sinners,-12.6186,1,PASS,35,,n,sinner,FORM,,MASTER,0,1,0,,sinner,,,1,0,0,ESDB_V0_4
14043,14320,skinned,-12.6186,1,PASS,35,,n_v;aj,skin;skinned,FORM;LEMMA,,MASTER,0,0,0,,,,,0,0,0,ESDB_V0_4
14044,14321,skipping,-12.6186,1,PASS,35,,n_v,skip,FORM,,MASTER,0,0,0,,,,,0,0,0,ESDB_V0_4
14045,14322,slid,-12.6186,1,PASS,35,,n_v,slide,FORM,,MASTER,0,1,1,lid,,,slide,1,1,0,ESDB_V0_4
14046,14324,soak,-12.6186,1,PASS,35,,n_v,soak,LEMMA,,MASTER,0,1,0,oak,,,,1,0,0,ESDB_V0_4
14047,14325,southwestern,-12.6186,1,PASS,35,,aj,southwestern,LEMMA,,MASTER,0,0,0,,,,,0,0,0,ESDB_V0_4
14048,14326,spheres,-12.6186,1,PASS,35,,n,sphere,FORM,,MASTER,0,1,0,,sphere,,,1,0,0,ESDB_V0_4
14049,14327,stared,-12.6186,1,PASS,35,,n_v,stare,FORM,,MASTER,0,1,0,,stare,,,1,0,0,ESDB_V0_4
14050,14328,storytelling,-12.6186,1,PASS,60,,n,storytelling,LEMMA,,MASTER,0,0,0,,,,,0,0,0,ESDB_V0_4
14051,14329,subset,-12.6186,1,PASS,35,,n,subset,LEMMA,,MASTER,0,0,0,,,,,0,0,0,ESDB_V0_4
14052,14330,suffice,-12.6186,1,PASS,35,,v,suffice,LEMMA,,MASTER,0,0,0,,,,,0,0,0,ESDB_V0_4
14053,14331,suzanne,-12.6186,0,NOT_EXACT_EN_US,,,,,,,REJECTED_AUTO,0,0,0,,,,,0,0,0,ESDB_V0_4
14054,14332,symmetry,-12.6186,1,PASS,35,,n,symmetry,LEMMA,,MASTER,0,0,0,,,,,0,0,0,ESDB_V0_4
14055,14333,synagogue,-12.6186,1,PASS,35,,n,synagogue,LEMMA,,MASTER,0,0,0,,,,,0,0,0,ESDB_V0_4
14056,14334,testosterone,-12.6186,1,PASS,50,,n,testosterone,LEMMA,,MASTER,0,0,0,,,,,0,0,0,ESDB_V0_4
14057,14335,textiles,-12.6186,1,PASS,35,,n,textile,FORM,,MASTER,0,1,0,,textile,,,1,0,0,ESDB_V0_4
14058,14336,tn,-12.6186,0,NO_ESDB_GENERAL_EVIDENCE,,,,,,,REJECTED_AUTO,0,0,0,,,,,0,0,0,ESDB_V0_4
14059,14337,totals,-12.6186,1,PASS,35,,n_v,total,FORM,,MASTER,0,1,0,,total,,,1,0,0,ESDB_V0_4
14060,14338,tracker,-12.6186,1,PASS,50,,n,tracker,LEMMA,,MASTER,0,0,0,,,,,0,0,0,ESDB_V0_4
14061,14339,trailers,-12.6186,1,PASS,35,,n,trailer,FORM,,MASTER,0,1,0,,trailer,,,1,0,0,ESDB_V0_4
14062,14340,trailing,-12.6186,1,PASS,35,,n_v;n,trail;trailing,FORM;LEMMA,,MASTER,0,0,0,,,,,0,0,0,ESDB_V0_4
14063,14341,transformers,-12.6186,1,PASS,35,,n,transformer,FORM,,MASTER,0,1,0,,transformer,,,1,0,0,ESDB_V0_4
14064,14342,translating,-12.6186,1,PASS,35,,v,translate,FORM,,MASTER,0,0,0,,,,,0,0,0,ESDB_V0_4
14065,14343,unnamed,-12.6186,1,PASS,35,,aj,unnamed,LEMMA,,MASTER,0,0,0,,,,,0,0,0,ESDB_V0_4
14066,14344,variance,-12.6186,1,PASS,35,,n,variance,LEMMA,,MASTER,0,0,0,,,,,0,0,0,ESDB_V0_4
14067,14345,vat,-12.6186,1,PASS,35,50,n_v,vat,LEMMA,,MASTER,0,1,0,at,,,,1,0,0,ESDB_V0_4
14068,14346,vc,-12.6186,0,NOT_EXACT_EN_US,,,,,,,REJECTED_AUTO,0,0,0,,,,,0,0,0,ESDB_V0_4
14069,14347,vitality,-12.6186,1,PASS,35,,n,vitality,LEMMA,,MASTER,0,0,0,,,,,0,0,0,ESDB_V0_4
14070,14348,volunteering,-12.6186,1,PASS,35,,n_v,volunteer,FORM,,MASTER,0,0,0,,,,,0,0,0,ESDB_V0_4
14071,14349,vomit,-12.6186,1,PASS,35,,n;v,vomit,LEMMA,,MASTER,0,0,0,,,,,0,0,0,ESDB_V0_4
14072,14350,welcomes,-12.6186,1,PASS,35,,n_v,welcome,FORM,,MASTER,0,1,0,,welcome,,,1,0,0,ESDB_V0_4
14073,14351,wellness,-12.6186,1,PASS,60,,n,wellness,LEMMA,,MASTER,0,0,0,,,,,0,0,0,ESDB_V0_4
14074,14353,windy,-12.6186,1,PASS,35,,aj,windy,LEMMA,,MASTER,0,1,0,,wind,,,1,0,0,ESDB_V0_4
14075,14354,xiii,-12.6186,0,NO_ESDB_GENERAL_EVIDENCE,,,,,,,REJECTED_AUTO,0,0,0,,,,,0,0,0,ESDB_V0_4
14076,14357,abruptly,-12.6399,1,PASS,35,,av,abruptly,LEMMA,,MASTER,0,0,0,,,,,0,0,0,ESDB_V0_4
14077,14358,adjoining,-12.6399,1,PASS,35,,v,adjoin,FORM,,MASTER,0,0,0,,,,,0,0,0,ESDB_V0_4
14078,14359,affinity,-12.6399,1,PASS,35,,n,affinity,LEMMA,,MASTER,0,0,0,,,,,0,0,0,ESDB_V0_4
14079,14360,aggravated,-12.6399,1,PASS,35,,v;aj,aggravate;aggravated,FORM;LEMMA,,MASTER,0,0,0,,,,,0,0,0,ESDB_V0_4
14080,14361,ain,-12.6399,0,NOT_EXACT_EN_US,,,,,,,REJECTED_AUTO,0,0,0,,,,,0,0,0,ESDB_V0_4
14081,14362,airs,-12.6399,1,PASS,35,,n_v;n,air;airs,FORM;LEMMA,,MASTER,0,1,1,,air,pairs;hairs;fairs,,1,3,0,ESDB_V0_4
14082,14363,alberto,-12.6399,0,NOT_EXACT_EN_US,,,,,,,REJECTED_AUTO,0,0,0,,,,,0,0,0,ESDB_V0_4
14083,14364,amenities,-12.6399,1,PASS,35,,n,amenity,FORM,,MASTER,0,0,0,,,,,0,0,0,ESDB_V0_4
14084,14365,antibiotic,-12.6399,1,PASS,35,,n;aj,antibiotic,LEMMA,,MASTER,0,1,1,,,,antibiotics,0,1,1,ESDB_V0_4
14085,14366,apes,-12.6399,1,PASS,35,,n_v,ape,FORM,,MASTER,0,1,1,,ape,tapes;rapes,,1,2,0,ESDB_V0_4
14086,14367,arches,-12.6399,1,PASS,35,,n_v,arch,FORM,,MASTER,0,1,1,,,marches,,0,1,0,ESDB_V0_4
14087,14368,ari,-12.6399,0,NOT_EXACT_EN_US,,,,,,,REJECTED_AUTO,0,0,0,,,,,0,0,0,ESDB_V0_4
14088,14369,arranging,-12.6399,1,PASS,35,,v;n,arrange;arranging,FORM;LEMMA,,MASTER,0,0,0,,,,,0,0,0,ESDB_V0_4
14089,14370,articulate,-12.6399,1,PASS,35,,v;aj,articulate,LEMMA,,MASTER,0,1,1,,,,articulated,0,1,1,ESDB_V0_4
14090,14371,articulated,-12.6399,1,PASS,35,,v;aj,articulate;articulated,FORM;LEMMA,,MASTER,0,1,0,,articulate,,,1,0,0,ESDB_V0_4
14091,14373,assaults,-12.6399,1,PASS,35,,n_v,assault,FORM,,MASTER,0,1,0,,assault,,,1,0,0,ESDB_V0_4
14092,14374,atleast,-12.6399,0,NOT_EXACT_EN_US,,,,,,,REJECTED_AUTO,0,0,0,,,,,0,0,0,ESDB_V0_4
14093,14375,baroque,-12.6399,1,PASS,35,,n;aj,baroque,LEMMA,,MASTER,0,0,0,,,,,0,0,0,ESDB_V0_4
14094,14376,benz,-12.6399,0,NOT_EXACT_EN_US,,,,,,,REJECTED_AUTO,0,0,0,,,,,0,0,0,ESDB_V0_4
14095,14377,blur,-12.6399,1,PASS,35,,n_v,blur,LEMMA,,MASTER,0,0,0,,,,,0,0,0,ESDB_V0_4
14096,14378,brawl,-12.6399,1,PASS,35,,n_v,brawl,LEMMA,,MASTER,0,0,0,,,,,0,0,0,ESDB_V0_4
14097,14379,breadth,-12.6399,1,PASS,35,,n,breadth,LEMMA,,MASTER,0,0,0,,,,,0,0,0,ESDB_V0_4
14098,14380,brightest,-12.6399,1,PASS,35,,aj_av,bright,FORM,,MASTER,0,0,0,,,,,0,0,0,ESDB_V0_4
14099,14381,brink,-12.6399,1,PASS,35,,n,brink,LEMMA,,MASTER,0,1,0,rink,,,,1,0,0,ESDB_V0_4
14100,14382,brutality,-12.6399,1,PASS,35,,n,brutality,LEMMA,,MASTER,0,0,0,,,,,0,0,0,ESDB_V0_4
14101,14383,carving,-12.6399,1,PASS,35,,v;n,carve;carving,FORM;LEMMA,,MASTER,0,0,0,,,,,0,0,0,ESDB_V0_4
14102,14384,cathy,-12.6399,0,NOT_EXACT_EN_US,,,,,,,REJECTED_AUTO,0,0,0,,,,,0,0,0,ESDB_V0_4
14103,14385,chloride,-12.6399,1,PASS,50,,n,chloride,LEMMA,,MASTER,0,0,0,,,,,0,0,0,ESDB_V0_4
14104,14386,chores,-12.6399,1,PASS,35,,n,chore,FORM,,MASTER,0,0,0,,,,,0,0,0,ESDB_V0_4
14105,14388,cider,-12.6399,1,PASS,35,,n,cider,LEMMA,,MASTER,0,0,0,,,,,0,0,0,ESDB_V0_4
14106,14389,clarified,-12.6399,1,PASS,35,,v,clarify,FORM,,MASTER,0,0,0,,,,,0,0,0,ESDB_V0_4
14107,14390,coloring,-12.6399,1,PASS,35,,n_v;n,color;coloring,FORM;LEMMA,,MASTER,0,0,0,,,,,0,0,0,ESDB_V0_4
14108,14391,comcast,-12.6399,0,NOT_EXACT_EN_US,,,,,,,REJECTED_AUTO,0,0,0,,,,,0,0,0,ESDB_V0_4
14109,14392,comparatively,-12.6399,1,PASS,35,,av,comparatively,LEMMA,,MASTER,0,0,0,,,,,0,0,0,ESDB_V0_4
14110,14393,completes,-12.6399,1,PASS,35,,v,complete,FORM,,MASTER,0,1,0,,complete,,,1,0,0,ESDB_V0_4
14111,14394,concurrent,-12.6399,1,PASS,35,,aj,concurrent,LEMMA,,MASTER,0,0,0,,,,,0,0,0,ESDB_V0_4
14112,14395,confinement,-12.6399,1,PASS,35,,n,confinement,LEMMA,,MASTER,0,0,0,,,,,0,0,0,ESDB_V0_4
14113,14396,contagious,-12.6399,1,PASS,35,,aj,contagious,LEMMA,,MASTER,0,0,0,,,,,0,0,0,ESDB_V0_4
14114,14397,contemplating,-12.6399,1,PASS,35,,v,contemplate,FORM,,MASTER,0,0,0,,,,,0,0,0,ESDB_V0_4
14115,14398,continuum,-12.6399,1,PASS,35,,n,continuum,LEMMA,,MASTER,0,0,0,,,,,0,0,0,ESDB_V0_4
14116,14399,crater,-12.6399,1,PASS,35,50,n_v,crater,LEMMA,,MASTER,0,1,0,,crate,,,1,0,0,ESDB_V0_4
14117,14400,crossover,-12.6399,1,PASS,40,,n;a,crossover,LEMMA,,MASTER,0,0,0,,,,,0,0,0,ESDB_V0_4
14118,14401,crossroads,-12.6399,1,PASS,50,,n,crossroad,FORM,,MASTER,0,0,0,,,,,0,0,0,ESDB_V0_4
14119,14402,cruising,-12.6399,1,PASS,35,,n_v;n,cruise;cruising,FORM;LEMMA,,MASTER,0,0,0,,,,,0,0,0,ESDB_V0_4
14120,14403,cues,-12.6399,1,PASS,35,,n_v,cue,FORM,,MASTER,0,1,0,,cue,,,1,0,0,ESDB_V0_4
14121,14404,darkest,-12.6399,1,PASS,35,,aj,dark,FORM,,MASTER,0,0,0,,,,,0,0,0,ESDB_V0_4
14122,14405,defends,-12.6399,1,PASS,35,,v,defend,FORM,,MASTER,0,1,0,,defend,,,1,0,0,ESDB_V0_4
14123,14406,depicting,-12.6399,1,PASS,35,,v;n,depict;depicting,FORM;LEMMA,,MASTER,0,0,0,,,,,0,0,0,ESDB_V0_4
14124,14407,depicts,-12.6399,1,PASS,35,,v,depict,FORM,,MASTER,0,1,0,,depict,,,1,0,0,ESDB_V0_4
14125,14408,descriptive,-12.6399,1,PASS,35,,aj,descriptive,LEMMA,,MASTER,0,0,0,,,,,0,0,0,ESDB_V0_4
14126,14409,detecting,-12.6399,1,PASS,35,,v;n,detect;detecting,FORM;LEMMA,,MASTER,0,0,0,,,,,0,0,0,ESDB_V0_4
14127,14410,dinners,-12.6399,1,PASS,35,,n_v,dinner,FORM,,MASTER,0,1,0,,dinner,,,1,0,0,ESDB_V0_4
14128,14411,distributors,-12.6399,1,PASS,35,,n,distributor,FORM,,MASTER,0,1,0,,distributor,,,1,0,0,ESDB_V0_4
14129,14412,donating,-12.6399,1,PASS,35,,v,donate,FORM,,MASTER,0,0,0,,,,,0,0,0,ESDB_V0_4
14130,14413,dubious,-12.6399,1,PASS,35,,aj,dubious,LEMMA,,MASTER,0,0,0,,,,,0,0,0,ESDB_V0_4
14131,14414,eighteenth,-12.6399,1,PASS,35,,n,eighteenth,LEMMA,,MASTER,0,0,0,,,,,0,0,0,ESDB_V0_4
14132,14415,empowerment,-12.6399,1,PASS,40,,n,empowerment,LEMMA,,MASTER,0,0,0,,,,,0,0,0,ESDB_V0_4
14133,14416,endemic,-12.6399,1,PASS,35,,n;aj,endemic,LEMMA,,MASTER,0,0,0,,,,,0,0,0,ESDB_V0_4
14134,14417,endings,-12.6399,1,PASS,35,,n,ending,FORM,,MASTER,0,1,0,,ending,,,1,0,0,ESDB_V0_4
14135,14418,endorse,-12.6399,1,PASS,35,,v,endorse,LEMMA,,MASTER,0,1,1,,,,endorsed,0,1,1,ESDB_V0_4
14136,14419,enrichment,-12.6399,1,PASS,35,,n,enrichment,LEMMA,,MASTER,0,0,0,,,,,0,0,0,ESDB_V0_4
14137,14420,enrique,-12.6399,0,NOT_EXACT_EN_US,,,,,,,REJECTED_AUTO,0,0,0,,,,,0,0,0,ESDB_V0_4
14138,14421,entitlement,-12.6399,1,PASS,40,,n,entitlement,LEMMA,,MASTER,0,0,0,,,,,0,0,0,ESDB_V0_4
14139,14422,envoy,-12.6399,1,PASS,35,,n,envoy,LEMMA,,MASTER,0,0,0,,,,,0,0,0,ESDB_V0_4
14140,14423,equitable,-12.6399,1,PASS,35,,aj,equitable,LEMMA,,MASTER,0,0,0,,,,,0,0,0,ESDB_V0_4
14141,14424,esp,-12.6399,0,NO_ESDB_GENERAL_EVIDENCE,,,,,,,REJECTED_AUTO,0,0,0,,,,,0,0,0,ESDB_V0_4
14142,14425,exploiting,-12.6399,1,PASS,35,,n_v,exploit,FORM,,MASTER,0,0,0,,,,,0,0,0,ESDB_V0_4
14143,14426,extremes,-12.6399,1,PASS,35,,n,extreme,FORM,,MASTER,0,1,0,,extreme,,,1,0,0,ESDB_V0_4
14144,14427,extremist,-12.6399,1,PASS,35,,n;aj,extremist,LEMMA,,MASTER,0,1,1,,,,extremists,0,1,1,ESDB_V0_4
14145,14428,faa,-12.6399,0,NOT_EXACT_EN_US,,,,,,,REJECTED_AUTO,0,0,0,,,,,0,0,0,ESDB_V0_4
14146,14429,fertilizer,-12.6399,1,PASS,35,,n,fertilizer,LEMMA,,MASTER,0,0,0,,,,,0,0,0,ESDB_V0_4
14147,14430,finely,-12.6399,1,PASS,35,,av,finely,LEMMA,,MASTER,0,0,0,,,,,0,0,0,ESDB_V0_4
14148,14431,fisherman,-12.6399,1,PASS,35,,n,fisherman,LEMMA,,MASTER,0,0,0,,,,,0,0,0,ESDB_V0_4
14149,14432,floats,-12.6399,1,PASS,35,,n_v,float,FORM,,MASTER,0,1,0,,float,,,1,0,0,ESDB_V0_4
14150,14433,flux,-12.6399,1,PASS,35,,n_v,flux,LEMMA,,MASTER,0,1,0,lux,flu,,,2,0,0,ESDB_V0_4
14151,14434,footing,-12.6399,1,PASS,35,,v;n,foot;footing,FORM;LEMMA,,MASTER,0,0,0,,,,,0,0,0,ESDB_V0_4
14152,14435,fossils,-12.6399,1,PASS,35,,n,fossil,FORM,,MASTER,0,1,0,,fossil,,,1,0,0,ESDB_V0_4
14153,14436,gc,-12.6399,0,NOT_EXACT_EN_US,,,,,,,REJECTED_AUTO,0,0,0,,,,,0,0,0,ESDB_V0_4
14154,14437,goldman,-12.6399,0,NOT_EXACT_EN_US,,,,,,,REJECTED_AUTO,0,0,0,,,,,0,0,0,ESDB_V0_4
14155,14438,gong,-12.6399,1,PASS,35,,n_v,gong,LEMMA,,MASTER,0,0,0,,,,,0,0,0,ESDB_V0_4
14156,14439,grad,-12.6399,1,PASS,40,,n;a,grad,LEMMA,,MASTER,0,1,1,rad,,,grade,1,1,0,ESDB_V0_4
14157,14440,graphs,-12.6399,1,PASS,35,,n_v,graph,FORM,,MASTER,0,1,0,,graph,,,1,0,0,ESDB_V0_4
14158,14441,grazing,-12.6399,1,PASS,35,,n_v,graze,FORM,,MASTER,0,0,0,,,,,0,0,0,ESDB_V0_4
14159,14442,handicapped,-12.6399,1,PASS,35,,n_v;n;aj,handicap;handicapped,FORM;LEMMA,,MASTER,0,0,0,,,,,0,0,0,ESDB_V0_4
14160,14443,hangover,-12.6399,1,PASS,35,,n,hangover,LEMMA,,MASTER,0,0,0,,,,,0,0,0,ESDB_V0_4
14161,14444,hardened,-12.6399,1,PASS,35,,v;aj,harden;hardened,FORM;LEMMA,,MASTER,0,0,0,,,,,0,0,0,ESDB_V0_4
14162,14445,heater,-12.6399,1,PASS,35,,n,heater,LEMMA,,MASTER,0,1,1,eater,,theater,,1,1,0,ESDB_V0_4
14163,14446,hesitation,-12.6399,1,PASS,35,,n,hesitation,LEMMA,,MASTER,0,0,0,,,,,0,0,0,ESDB_V0_4
14164,14447,homepage,-12.6399,1,PASS,40,,n,homepage,LEMMA,,MASTER,0,0,0,,,,,0,0,0,ESDB_V0_4
14165,14448,horrors,-12.6399,1,PASS,35,,n,horror,FORM,,MASTER,0,1,0,,horror,,,1,0,0,ESDB_V0_4
14166,14449,hostilities,-12.6399,1,PASS,40,,n,hostilities,LEMMA,,MASTER,0,0,0,,,,,0,0,0,ESDB_V0_4
14167,14450,hurricanes,-12.6399,1,PASS,35,,n,hurricane,FORM,,MASTER,0,1,0,,hurricane,,,1,0,0,ESDB_V0_4
14168,14451,implant,-12.6399,1,PASS,35,,n_v,implant,LEMMA,,MASTER,0,1,1,,,,implants,0,1,1,ESDB_V0_4
14169,14452,implicated,-12.6399,1,PASS,35,,v;aj,implicate;implicated,FORM;LEMMA,,MASTER,0,0,0,,,,,0,0,0,ESDB_V0_4
14170,14453,implicit,-12.6399,1,PASS,35,,aj,implicit,LEMMA,,MASTER,0,0,0,,,,,0,0,0,ESDB_V0_4
14171,14454,insulted,-12.6399,1,PASS,35,,n_v,insult,FORM,,MASTER,0,0,0,,,,,0,0,0,ESDB_V0_4
14172,14455,intimidation,-12.6399,1,PASS,35,,n,intimidation,LEMMA,,MASTER,0,0,0,,,,,0,0,0,ESDB_V0_4
14173,14456,intuition,-12.6399,1,PASS,35,,n,intuition,LEMMA,,MASTER,0,0,0,,,,,0,0,0,ESDB_V0_4
14174,14457,jackpot,-12.6399,1,PASS,35,,n,jackpot,LEMMA,,MASTER,0,0,0,,,,,0,0,0,ESDB_V0_4
14175,14458,jeremiah,-12.6399,0,NOT_EXACT_EN_US,,,,,,,REJECTED_AUTO,0,0,0,,,,,0,0,0,ESDB_V0_4
14176,14459,jihad,-12.6399,1,PASS,50,,n,jihad,LEMMA,,MASTER,0,0,0,,,,,0,0,0,ESDB_V0_4
14177,14460,jj,-12.6399,0,NOT_EXACT_EN_US,,,,,,,REJECTED_AUTO,0,0,0,,,,,0,0,0,ESDB_V0_4
14178,14461,kang,-12.6399,0,NOT_EXACT_EN_US,,,,,,,REJECTED_AUTO,0,0,0,,,,,0,0,0,ESDB_V0_4
14179,14462,katrina,-12.6399,0,NOT_EXACT_EN_US,,,,,,,REJECTED_AUTO,0,0,0,,,,,0,0,0,ESDB_V0_4
14180,14463,kindle,-12.6399,1,PASS,35,,v,kindle,LEMMA,,MASTER,0,0,0,,,,,0,0,0,ESDB_V0_4
14181,14464,kumar,-12.6399,0,NOT_EXACT_EN_US,,,,,,,REJECTED_AUTO,0,0,0,,,,,0,0,0,ESDB_V0_4
14182,14465,lancashire,-12.6399,0,NOT_EXACT_EN_US,,,,,,,REJECTED_AUTO,0,0,0,,,,,0,0,0,ESDB_V0_4
14183,14466,lara,-12.6399,0,NOT_EXACT_EN_US,,,,,,,REJECTED_AUTO,0,0,0,,,,,0,0,0,ESDB_V0_4
14184,14467,lawsuits,-12.6399,1,PASS,35,,n,lawsuit,FORM,,MASTER,0,1,0,,lawsuit,,,1,0,0,ESDB_V0_4
14185,14468,lcd,-12.6399,0,NOT_EXACT_EN_US,,,,,,,REJECTED_AUTO,0,0,0,,,,,0,0,0,ESDB_V0_4
14186,14469,learners,-12.6399,1,PASS,50,,n,learner,FORM,,MASTER,0,1,0,,learner,,,1,0,0,ESDB_V0_4
14187,14470,leased,-12.6399,1,PASS,35,,n_v,lease,FORM,,MASTER,0,1,1,,lease,pleased,,1,1,0,ESDB_V0_4
14188,14471,lena,-12.6399,0,NOT_EXACT_EN_US,,,,,,,REJECTED_AUTO,0,0,0,,,,,0,0,0,ESDB_V0_4
14189,14472,lex,-12.6399,0,NOT_EXACT_EN_US,,,,,,,REJECTED_AUTO,0,0,0,,,,,0,0,0,ESDB_V0_4
14190,14473,libertarian,-12.6399,1,PASS,35,,n;a,libertarian,LEMMA,,MASTER,0,0,0,,,,,0,0,0,ESDB_V0_4
14191,14474,listener,-12.6399,1,PASS,35,,n,listener,LEMMA,,MASTER,0,1,1,,,,listeners,0,1,1,ESDB_V0_4
14192,14475,locke,-12.6399,0,NOT_EXACT_EN_US,,,,,,,REJECTED_AUTO,0,0,0,,,,,0,0,0,ESDB_V0_4
14193,14476,lush,-12.6399,1,PASS,35,,n;aj,lush,LEMMA,,MASTER,0,1,1,,,flush;blush,,0,2,0,ESDB_V0_4
14194,14477,marvelous,-12.6399,1,PASS,35,,aj,marvelous,LEMMA,,MASTER,0,0,0,,,,,0,0,0,ESDB_V0_4
14195,14478,milky,-12.6399,1,PASS,35,,aj,milky,LEMMA,,MASTER,0,1,0,,milk,,,1,0,0,ESDB_V0_4
14196,14479,miner,-12.6399,1,PASS,35,,n,miner,LEMMA,,MASTER,0,1,1,,mine,,miners,1,1,1,ESDB_V0_4
14197,14480,misconduct,-12.6399,1,PASS,35,,n;v,misconduct,LEMMA,,MASTER,0,0,0,,,,,0,0,0,ESDB_V0_4
14198,14481,mocking,-12.6399,1,PASS,35,,v;aj,mock;mocking,FORM;LEMMA,,MASTER,0,0,0,,,,,0,0,0,ESDB_V0_4
14199,14482,mont,-12.6399,0,NOT_EXACT_EN_US,,,,,,,REJECTED_AUTO,0,0,0,,,,,0,0,0,ESDB_V0_4
14200,14483,mould,-12.6399,0,NOT_EXACT_EN_US,,,,,,,REJECTED_AUTO,0,0,0,,,,,0,0,0,ESDB_V0_4
14201,14484,mozart,-12.6399,0,NOT_EXACT_EN_US,,,,,,,REJECTED_AUTO,0,0,0,,,,,0,0,0,ESDB_V0_4
14202,14485,multiplayer,-12.6399,0,SPECIAL_ONLY,50,,a,multiplayer,LEMMA,,REJECTED_AUTO,0,0,0,,,,,0,0,0,ESDB_V0_4
14203,14487,nanny,-12.6399,1,PASS,40,,n,nanny,LEMMA,,MASTER,0,0,0,,,,,0,0,0,ESDB_V0_4
14204,14488,nationalists,-12.6399,1,PASS,35,,n,nationalist,FORM,,MASTER,0,1,0,,nationalist,,,1,0,0,ESDB_V0_4
14205,14489,nicky,-12.6399,0,NOT_EXACT_EN_US,,,,,,,REJECTED_AUTO,0,0,0,,,,,0,0,0,ESDB_V0_4
14206,14490,nicola,-12.6399,0,NOT_EXACT_EN_US,,,,,,,REJECTED_AUTO,0,0,0,,,,,0,0,0,ESDB_V0_4
14207,14491,noteworthy,-12.6399,1,PASS,35,,aj,noteworthy,LEMMA,,MASTER,0,0,0,,,,,0,0,0,ESDB_V0_4
14208,14492,nu,-12.6399,1,PASS,50,,n,nu,LEMMA,,MASTER,0,1,1,,,,nut;nun,0,2,0,ESDB_V0_4
14209,14493,operatives,-12.6399,1,PASS,35,,n,operative,FORM,,MASTER,0,1,0,,operative,,,1,0,0,ESDB_V0_4
14210,14494,oranges,-12.6399,1,PASS,35,,n,orange,FORM,,MASTER,0,1,0,ranges,orange,,,2,0,0,ESDB_V0_4
14211,14495,orderly,-12.6399,1,PASS,35,,n;aj,orderly,LEMMA,,MASTER,0,0,0,,,,,0,0,0,ESDB_V0_4
14212,14496,orient,-12.6399,1,PASS,35,40,n;v;a,orient,LEMMA,,MASTER,0,0,0,,,,,0,0,0,ESDB_V0_4
14213,14497,outsider,-12.6399,1,PASS,35,,n,outsider,LEMMA,,MASTER,0,1,1,,outside,,outsiders,1,1,1,ESDB_V0_4
14214,14498,packaged,-12.6399,1,PASS,35,,n_v;aj,package;packaged,FORM;LEMMA,,MASTER,0,1,0,,package,,,1,0,0,ESDB_V0_4
14215,14499,paige,-12.6399,0,NOT_EXACT_EN_US,,,,,,,REJECTED_AUTO,0,0,0,,,,,0,0,0,ESDB_V0_4
14216,14500,panorama,-12.6399,1,PASS,35,,n,panorama,LEMMA,,MASTER,0,0,0,,,,,0,0,0,ESDB_V0_4
14217,14501,paralysis,-12.6399,1,PASS,35,,n,paralysis,LEMMA,,MASTER,0,0,0,,,,,0,0,0,ESDB_V0_4
14218,14502,patronage,-12.6399,1,PASS,35,,n,patronage,LEMMA,,MASTER,0,0,0,,,,,0,0,0,ESDB_V0_4
14219,14503,pauline,-12.6399,0,NOT_EXACT_EN_US,,,,,,,REJECTED_AUTO,0,0,0,,,,,0,0,0,ESDB_V0_4
14220,14504,pearls,-12.6399,1,PASS,35,,n_v,pearl,FORM,,MASTER,0,1,0,,pearl,,,1,0,0,ESDB_V0_4
14221,14505,perpetrators,-12.6399,1,PASS,35,,n,perpetrator,FORM,,MASTER,0,1,0,,perpetrator,,,1,0,0,ESDB_V0_4
14222,14506,pertinent,-12.6399,1,PASS,35,,aj,pertinent,LEMMA,,MASTER,0,0,0,,,,,0,0,0,ESDB_V0_4
14223,14507,pineapple,-12.6399,1,PASS,35,,n,pineapple,LEMMA,,MASTER,0,0,0,,,,,0,0,0,ESDB_V0_4
14224,14508,playboy,-12.6399,1,PASS,40,50,n,playboy,LEMMA,,MASTER,0,0,0,,,,,0,0,0,ESDB_V0_4
14225,14510,playlist,-12.6399,0,SPECIAL_ONLY,50,,n,playlist,LEMMA,,REJECTED_AUTO,0,0,0,,,,,0,0,0,ESDB_V0_4
14226,14511,plc,-12.6399,0,NOT_EXACT_EN_US,,,,,,,REJECTED_AUTO,0,0,0,,,,,0,0,0,ESDB_V0_4
14227,14512,pleasures,-12.6399,1,PASS,35,,n_v,pleasure,FORM,,MASTER,0,1,0,,pleasure,,,1,0,0,ESDB_V0_4
14228,14513,plight,-12.6399,1,PASS,35,,n_v,plight,LEMMA,,MASTER,0,1,0,light,,,,1,0,0,ESDB_V0_4
14229,14514,portsmouth,-12.6399,0,NOT_EXACT_EN_US,,,,,,,REJECTED_AUTO,0,0,0,,,,,0,0,0,ESDB_V0_4
14230,14515,praising,-12.6399,1,PASS,35,,v;aj,praise;praising,FORM;LEMMA,,MASTER,0,1,0,raising,,,,1,0,0,ESDB_V0_4
14231,14516,pretended,-12.6399,1,PASS,35,,v;aj,pretend;pretended,FORM;LEMMA,,MASTER,0,0,0,,,,,0,0,0,ESDB_V0_4
14232,14517,protections,-12.6399,1,PASS,35,,n,protection,FORM,,MASTER,0,1,0,,protection,,,1,0,0,ESDB_V0_4
14233,14518,prudent,-12.6399,1,PASS,35,,aj,prudent,LEMMA,,MASTER,0,0,0,,,,,0,0,0,ESDB_V0_4
14234,14519,pursuant,-12.6399,1,PASS,50,,aj,pursuant,LEMMA,,MASTER,0,0,0,,,,,0,0,0,ESDB_V0_4
14235,14520,quartz,-12.6399,1,PASS,35,,n,quartz,LEMMA,,MASTER,0,0,0,,,,,0,0,0,ESDB_V0_4
14236,14521,ratified,-12.6399,1,PASS,35,,aj;v,ratified;ratify,LEMMA;FORM,,MASTER,0,0,0,,,,,0,0,0,ESDB_V0_4
14237,14522,recourse,-12.6399,1,PASS,35,,n,recourse,LEMMA,,MASTER,0,0,0,,,,,0,0,0,ESDB_V0_4
14238,14523,redeem,-12.6399,1,PASS,35,,v,redeem,LEMMA,,MASTER,0,0,0,,,,,0,0,0,ESDB_V0_4
14239,14524,repetition,-12.6399,1,PASS,35,,n,repetition,LEMMA,,MASTER,0,0,0,,,,,0,0,0,ESDB_V0_4
14240,14525,rhythms,-12.6399,1,PASS,35,,n,rhythm,FORM,,MASTER,0,1,0,,rhythm,,,1,0,0,ESDB_V0_4
14241,14526,sasha,-12.6399,0,NOT_EXACT_EN_US,,,,,,,REJECTED_AUTO,0,0,0,,,,,0,0,0,ESDB_V0_4
14242,14527,scaled,-12.6399,1,PASS,35,,n_v;aj,scale;scaled,FORM;LEMMA,,MASTER,0,1,0,,scale,,,1,0,0,ESDB_V0_4
14243,14528,scientifically,-12.6399,1,PASS,35,,av,scientifically,LEMMA,,MASTER,0,0,0,,,,,0,0,0,ESDB_V0_4
14244,14529,scratching,-12.6399,1,PASS,35,,n_v;n,scratch;scratching,FORM;LEMMA,,MASTER,0,0,0,,,,,0,0,0,ESDB_V0_4
14245,14530,sexist,-12.6399,1,PASS,35,,n;aj,sexist,LEMMA,,MASTER,0,1,0,exist,,,,1,0,0,ESDB_V0_4
14246,14531,shale,-12.6399,1,PASS,50,,n,shale,LEMMA,,MASTER,0,1,0,hale,,,,1,0,0,ESDB_V0_4
14247,14532,shalt,-12.6399,0,NOT_EXACT_EN_US,,,,,,,REJECTED_AUTO,0,0,0,,,,,0,0,0,ESDB_V0_4
14248,14533,shampoo,-12.6399,1,PASS,35,,n_v,shampoo,LEMMA,,MASTER,0,0,0,,,,,0,0,0,ESDB_V0_4
14249,14534,sheldon,-12.6399,0,NOT_EXACT_EN_US,,,,,,,REJECTED_AUTO,0,0,0,,,,,0,0,0,ESDB_V0_4
14250,14535,sheltered,-12.6399,1,PASS,35,,n_v;aj,shelter;sheltered,FORM;LEMMA,,MASTER,0,0,0,,,,,0,0,0,ESDB_V0_4
14251,14536,shortcomings,-12.6399,1,PASS,35,,n,shortcoming,FORM,,MASTER,0,0,0,,,,,0,0,0,ESDB_V0_4
14252,14537,shortened,-12.6399,1,PASS,35,,v;aj,shorten;shortened,FORM;LEMMA,,MASTER,0,0,0,,,,,0,0,0,ESDB_V0_4
14253,14538,slams,-12.6399,1,PASS,35,,n_v,slam,FORM,,MASTER,0,1,0,,slam,,,1,0,0,ESDB_V0_4
14254,14539,sliced,-12.6399,1,PASS,35,,n_v;aj,slice;sliced,FORM;LEMMA,,MASTER,0,1,0,,slice,,,1,0,0,ESDB_V0_4
14255,14540,smartphones,-12.6399,0,SPECIAL_ONLY,50,,n,smartphone,FORM,,REJECTED_AUTO,0,0,0,,,,,0,0,0,ESDB_V0_4
14256,14541,sonia,-12.6399,0,NOT_EXACT_EN_US,,,,,,,REJECTED_AUTO,0,0,0,,,,,0,0,0,ESDB_V0_4
14257,14542,speculative,-12.6399,1,PASS,35,,aj,speculative,LEMMA,,MASTER,0,0,0,,,,,0,0,0,ESDB_V0_4
14258,14543,spouses,-12.6399,1,PASS,35,,n,spouse,FORM,,MASTER,0,1,0,,spouse,,,1,0,0,ESDB_V0_4
14259,14544,sql,-12.6399,0,NOT_EXACT_EN_US,,,,,,,REJECTED_AUTO,0,0,0,,,,,0,0,0,ESDB_V0_4
14260,14545,stabbing,-12.6399,1,PASS,35,,n_v;n,stab;stabbing,FORM;LEMMA,,MASTER,0,0,0,,,,,0,0,0,ESDB_V0_4
14261,14546,stakeholders,-12.6399,1,PASS,60,,n,stakeholder,FORM,,MASTER,0,0,0,,,,,0,0,0,ESDB_V0_4
14262,14547,stoned,-12.6399,1,PASS,35,,v;aj,stone;stoned,FORM;LEMMA,,MASTER,0,1,0,toned,stone,,,2,0,0,ESDB_V0_4
14263,14548,striving,-12.6399,1,PASS,35,,v;n,strive;striving,FORM;LEMMA,,MASTER,0,0,0,,,,,0,0,0,ESDB_V0_4
14264,14549,sublime,-12.6399,1,PASS,35,,v;aj,sublime,LEMMA,,MASTER,0,0,0,,,,,0,0,0,ESDB_V0_4
14265,14550,suites,-12.6399,1,PASS,35,,n,suite,FORM,,MASTER,0,1,0,,suite,,,1,0,0,ESDB_V0_4
14266,14551,surpassed,-12.6399,1,PASS,35,,v,surpass,FORM,,MASTER,0,0,0,,,,,0,0,0,ESDB_V0_4
14267,14552,tasked,-12.6399,1,PASS,35,,n_v,task,FORM,,MASTER,0,1,0,asked,,,,1,0,0,ESDB_V0_4
14268,14553,tavern,-12.6399,1,PASS,35,,n,tavern,LEMMA,,MASTER,0,0,0,,,,,0,0,0,ESDB_V0_4
14269,14554,therapies,-12.6399,1,PASS,35,,n,therapy,FORM,,MASTER,0,0,0,,,,,0,0,0,ESDB_V0_4
14270,14555,thinner,-12.6399,1,PASS,35,,aj_av;n,thin;thinner,FORM;LEMMA,,MASTER,0,0,0,,,,,0,0,0,ESDB_V0_4
14271,14556,thriving,-12.6399,1,PASS,35,,v;aj,thrive;thriving,FORM;LEMMA,,MASTER,0,0,0,,,,,0,0,0,ESDB_V0_4
14272,14557,titanium,-12.6399,1,PASS,50,,n,titanium,LEMMA,,MASTER,0,0,0,,,,,0,0,0,ESDB_V0_4
14273,14558,tram,-12.6399,1,PASS,50,,n_v,tram,LEMMA,,MASTER,0,1,1,ram,,,tramp,1,1,0,ESDB_V0_4
14274,14559,transitions,-12.6399,1,PASS,35,,n_v,transition,FORM,,MASTER,0,1,0,,transition,,,1,0,0,ESDB_V0_4
14275,14560,tuck,-12.6399,1,PASS,35,,n_v,tuck,LEMMA,,MASTER,0,1,1,,,stuck,,0,1,0,ESDB_V0_4
14276,14561,tumors,-12.6399,1,PASS,35,,n,tumor,FORM,,MASTER,0,1,0,,tumor,,,1,0,0,ESDB_V0_4
14277,14562,turin,-12.6399,0,NOT_EXACT_EN_US,,,,,,,REJECTED_AUTO,0,0,0,,,,,0,0,0,ESDB_V0_4
14278,14563,uncover,-12.6399,1,PASS,35,,v,uncover,LEMMA,,MASTER,0,0,0,,,,,0,0,0,ESDB_V0_4
14279,14564,unification,-12.6399,1,PASS,35,,n,unification,LEMMA,,MASTER,0,0,0,,,,,0,0,0,ESDB_V0_4
14280,14565,varsity,-12.6399,1,PASS,35,,n;a,varsity,LEMMA,,MASTER,0,0,0,,,,,0,0,0,ESDB_V0_4
14281,14566,vase,-12.6399,1,PASS,35,,n,vase,LEMMA,,MASTER,0,0,0,,,,,0,0,0,ESDB_V0_4
14282,14567,venom,-12.6399,1,PASS,35,,n,venom,LEMMA,,MASTER,0,0,0,,,,,0,0,0,ESDB_V0_4
14283,14568,vested,-12.6399,1,PASS,35,,n_v;aj,vest;vested,FORM;LEMMA,,MASTER,0,0,0,,,,,0,0,0,ESDB_V0_4
14284,14569,vibrations,-12.6399,1,PASS,35,,n,vibration,FORM,,MASTER,0,1,0,,vibration,,,1,0,0,ESDB_V0_4
14285,14570,vie,-12.6399,1,PASS,35,,v,vie,LEMMA,,MASTER,0,1,1,,,,view,0,1,0,ESDB_V0_4
14286,14571,waterfront,-12.6399,1,PASS,35,,n,waterfront,LEMMA,,MASTER,0,0,0,,,,,0,0,0,ESDB_V0_4
14287,14572,whoops,-12.6399,1,PASS,35,,n_v;i,whoop;whoops,FORM;LEMMA,,MASTER,0,1,0,hoops,,,,1,0,0,ESDB_V0_4
14288,14573,winchester,-12.6399,0,NOT_EXACT_EN_US,,,,,,,REJECTED_AUTO,0,0,0,,,,,0,0,0,ESDB_V0_4
14289,14574,wouldnt,-12.6399,0,NOT_EXACT_EN_US,,,,,,,REJECTED_AUTO,0,0,0,,,,,0,0,0,ESDB_V0_4
14290,14575,wraps,-12.6399,1,PASS,35,,n_v,wrap,FORM,,MASTER,0,1,0,,wrap,,,1,0,0,ESDB_V0_4
14291,14576,xavier,-12.6399,0,NOT_EXACT_EN_US,,,,,,,REJECTED_AUTO,0,0,0,,,,,0,0,0,ESDB_V0_4
14292,14577,zionist,-12.6399,0,NOT_EXACT_EN_US,,,,,,,REJECTED_AUTO,0,0,0,,,,,0,0,0,ESDB_V0_4
14293,14580,abbot,-12.6649,1,PASS,35,,n,abbot,LEMMA,,MASTER,0,0,0,,,,,0,0,0,ESDB_V0_4
14294,14581,abby,-12.6649,0,NOT_EXACT_EN_US,,,,,,,REJECTED_AUTO,0,0,0,,,,,0,0,0,ESDB_V0_4
14295,14582,abel,-12.6649,0,NOT_EXACT_EN_US,,,,,,,REJECTED_AUTO,0,0,0,,,,,0,0,0,ESDB_V0_4
14296,14583,accelerating,-12.6649,1,PASS,35,,v,accelerate,FORM,,MASTER,0,0,0,,,,,0,0,0,ESDB_V0_4
14297,14584,accessing,-12.6649,1,PASS,35,,n_v,access,FORM,,MASTER,0,0,0,,,,,0,0,0,ESDB_V0_4
14298,14585,adapting,-12.6649,1,PASS,35,,v,adapt,FORM,,MASTER,0,0,0,,,,,0,0,0,ESDB_V0_4
14299,14586,ae,-12.6649,0,NOT_EXACT_EN_US,,,,,,,REJECTED_AUTO,0,0,0,,,,,0,0,0,ESDB_V0_4
14300,14587,ahhh,-12.6649,0,NOT_EXACT_EN_US,,,,,,,REJECTED_AUTO,0,0,0,,,,,0,0,0,ESDB_V0_4
14301,14588,ala,-12.6649,0,NOT_EXACT_EN_US,,,,,,,REJECTED_AUTO,0,0,0,,,,,0,0,0,ESDB_V0_4
14302,14589,alarmed,-12.6649,1,PASS,35,,n_v;aj,alarm;alarmed,FORM;LEMMA,,MASTER,0,0,0,,,,,0,0,0,ESDB_V0_4
14303,14590,alarming,-12.6649,1,PASS,35,,n_v;aj,alarm;alarming,FORM;LEMMA,,MASTER,0,0,0,,,,,0,0,0,ESDB_V0_4
14304,14591,alternating,-12.6649,1,PASS,35,,n_v;aj,alternate;alternating,FORM;LEMMA,,MASTER,0,0,0,,,,,0,0,0,ESDB_V0_4
14305,14592,amend,-12.6649,1,PASS,35,,v,amend,LEMMA,,MASTER,0,1,1,mend,amen,,amends,2,1,1,ESDB_V0_4
14306,14593,anchored,-12.6649,1,PASS,35,,n_v,anchor,FORM,,MASTER,0,0,0,,,,,0,0,0,ESDB_V0_4
14307,14594,antarctica,-12.6649,0,NOT_EXACT_EN_US,,,,,,,REJECTED_AUTO,0,0,0,,,,,0,0,0,ESDB_V0_4
14308,14595,anyhow,-12.6649,1,PASS,35,,av,anyhow,LEMMA,,MASTER,0,0,0,,,,,0,0,0,ESDB_V0_4
14309,14596,approves,-12.6649,1,PASS,35,,v,approve,FORM,,MASTER,0,1,0,,approve,,,1,0,0,ESDB_V0_4
14310,14597,astronomical,-12.6649,1,PASS,35,,aj,astronomical,LEMMA,,MASTER,0,0,0,,,,,0,0,0,ESDB_V0_4
14311,14598,audrey,-12.6649,0,NOT_EXACT_EN_US,,,,,,,REJECTED_AUTO,0,0,0,,,,,0,0,0,ESDB_V0_4
14312,14599,aussie,-12.6649,0,NOT_EXACT_EN_US,,,,,,,REJECTED_AUTO,0,0,0,,,,,0,0,0,ESDB_V0_4
14313,14600,avoids,-12.6649,1,PASS,35,,v,avoid,FORM,,MASTER,0,1,0,,avoid,,,1,0,0,ESDB_V0_4
14314,14601,banners,-12.6649,1,PASS,35,,n,banner,FORM,,MASTER,0,1,0,,banner,,,1,0,0,ESDB_V0_4
14315,14602,barbados,-12.6649,0,NOT_EXACT_EN_US,,,,,,,REJECTED_AUTO,0,0,0,,,,,0,0,0,ESDB_V0_4
14316,14603,bearings,-12.6649,1,PASS,35,,n,bearing,FORM,,MASTER,0,1,0,,bearing,,,1,0,0,ESDB_V0_4
14317,14604,bitten,-12.6649,1,PASS,35,,n_v,bite,FORM,,MASTER,0,0,0,,,,,0,0,0,ESDB_V0_4
14318,14605,blended,-12.6649,1,PASS,35,,n_v,blend,FORM,,MASTER,0,0,0,,,,,0,0,0,ESDB_V0_4
14319,14606,bowel,-12.6649,1,PASS,35,,n,bowel,LEMMA,,MASTER,0,0,0,,,,,0,0,0,ESDB_V0_4
14320,14607,boyle,-12.6649,0,NOT_EXACT_EN_US,,,,,,,REJECTED_AUTO,0,0,0,,,,,0,0,0,ESDB_V0_4
14321,14608,brandy,-12.6649,1,PASS,35,50,n_v,brandy,LEMMA,,MASTER,0,1,0,,brand,,,1,0,0,ESDB_V0_4
14322,14609,breathtaking,-12.6649,1,PASS,35,,aj,breathtaking,LEMMA,,MASTER,0,0,0,,,,,0,0,0,ESDB_V0_4
14323,14610,buchanan,-12.6649,0,NOT_EXACT_EN_US,,,,,,,REJECTED_AUTO,0,0,0,,,,,0,0,0,ESDB_V0_4
14324,14611,bun,-12.6649,1,PASS,35,,n,bun,LEMMA,,MASTER,0,1,1,,,,bunk;buns,0,2,1,ESDB_V0_4
14325,14612,bundles,-12.6649,1,PASS,35,,n_v,bundle,FORM,,MASTER,0,1,0,,bundle,,,1,0,0,ESDB_V0_4
14326,14613,bureaucratic,-12.6649,1,PASS,35,,aj,bureaucratic,LEMMA,,MASTER,0,0,0,,,,,0,0,0,ESDB_V0_4
14327,14614,butts,-12.6649,1,PASS,35,,n_v,butt,FORM,,MASTER,0,1,0,,butt,,,1,0,0,ESDB_V0_4
14328,14615,byzantine,-12.6649,0,CASE_FREQ_COLLISION,60,50,a,byzantine,LEMMA,,REJECTED_AUTO,0,0,0,,,,,0,0,0,ESDB_V0_4
14329,14616,cabbage,-12.6649,1,PASS,35,,n,cabbage,LEMMA,,MASTER,0,0,0,,,,,0,0,0,ESDB_V0_4
14330,14617,calcutta,-12.6649,0,NOT_EXACT_EN_US,,,,,,,REJECTED_AUTO,0,0,0,,,,,0,0,0,ESDB_V0_4
14331,14618,cartridge,-12.6649,1,PASS,35,,n,cartridge,LEMMA,,MASTER,0,1,1,,,,cartridges,0,1,1,ESDB_V0_4
14332,14619,caucus,-12.6649,1,PASS,35,,n_v,caucus,LEMMA,,MASTER,0,0,0,,,,,0,0,0,ESDB_V0_4
14333,14620,characterization,-12.6649,1,PASS,35,,n,characterization,LEMMA,,MASTER,0,0,0,,,,,0,0,0,ESDB_V0_4
14334,14621,cheesy,-12.6649,1,PASS,50,,aj,cheesy,LEMMA,,MASTER,0,0,0,,,,,0,0,0,ESDB_V0_4
14335,14622,chemotherapy,-12.6649,1,PASS,40,,n,chemotherapy,LEMMA,,MASTER,0,0,0,,,,,0,0,0,ESDB_V0_4
14336,14623,cho,-12.6649,0,NOT_EXACT_EN_US,,,,,,,REJECTED_AUTO,0,0,0,,,,,0,0,0,ESDB_V0_4
14337,14624,cisco,-12.6649,0,NOT_EXACT_EN_US,,,,,,,REJECTED_AUTO,0,0,0,,,,,0,0,0,ESDB_V0_4
14338,14625,claus,-12.6649,0,NOT_EXACT_EN_US,,,,,,,REJECTED_AUTO,0,0,0,,,,,0,0,0,ESDB_V0_4
14339,14626,coasts,-12.6649,1,PASS,35,,n_v,coast,FORM,,MASTER,0,1,0,,coast,,,1,0,0,ESDB_V0_4
14340,14627,cobb,-12.6649,0,NOT_EXACT_EN_US,,,,,,,REJECTED_AUTO,0,0,0,,,,,0,0,0,ESDB_V0_4
14341,14628,commandments,-12.6649,1,PASS,35,,n,commandment,FORM,,MASTER,0,1,0,,commandment,,,1,0,0,ESDB_V0_4
14342,14629,composers,-12.6649,1,PASS,35,,n,composer,FORM,,MASTER,0,1,0,,composer,,,1,0,0,ESDB_V0_4
14343,14630,constantinople,-12.6649,0,NOT_EXACT_EN_US,,,,,,,REJECTED_AUTO,0,0,0,,,,,0,0,0,ESDB_V0_4
14344,14631,contraction,-12.6649,1,PASS,35,,n,contraction,LEMMA,,MASTER,0,0,0,,,,,0,0,0,ESDB_V0_4
14345,14632,corridors,-12.6649,1,PASS,35,,n,corridor,FORM,,MASTER,0,1,0,,corridor,,,1,0,0,ESDB_V0_4
14346,14633,craving,-12.6649,1,PASS,35,,v;n,crave;craving,FORM;LEMMA,,MASTER,0,0,0,,,,,0,0,0,ESDB_V0_4
14347,14634,crippled,-12.6649,1,PASS,35,,n_v;aj,cripple;crippled,FORM;LEMMA,,MASTER,0,0,0,,,,,0,0,0,ESDB_V0_4
14348,14635,crocodile,-12.6649,1,PASS,35,,n,crocodile,LEMMA,,MASTER,0,0,0,,,,,0,0,0,ESDB_V0_4
14349,14636,curling,-12.6649,1,PASS,35,,n_v;n,curl;curling,FORM;LEMMA,,MASTER,0,0,0,,,,,0,0,0,ESDB_V0_4
14350,14637,cyclone,-12.6649,1,PASS,35,,n,cyclone,LEMMA,,MASTER,0,0,0,,,,,0,0,0,ESDB_V0_4
14351,14639,dams,-12.6649,1,PASS,35,,n_v,dam,FORM,,MASTER,0,1,0,,dam,,,1,0,0,ESDB_V0_4
14352,14640,decks,-12.6649,1,PASS,35,,n_v,deck,FORM,,MASTER,0,1,0,,deck,,,1,0,0,ESDB_V0_4
14353,14641,deficiencies,-12.6649,1,PASS,35,,n,deficiency,FORM,,MASTER,0,0,0,,,,,0,0,0,ESDB_V0_4
14354,14642,deleting,-12.6649,1,PASS,35,,v,delete,FORM,,MASTER,0,0,0,,,,,0,0,0,ESDB_V0_4
14355,14643,deviation,-12.6649,1,PASS,35,,n,deviation,LEMMA,,MASTER,0,1,1,,,,deviations,0,1,1,ESDB_V0_4
14356,14644,diminish,-12.6649,1,PASS,35,,v,diminish,LEMMA,,MASTER,0,0,0,,,,,0,0,0,ESDB_V0_4
14357,14645,discriminate,-12.6649,1,PASS,35,,v,discriminate,LEMMA,,MASTER,0,0,0,,,,,0,0,0,ESDB_V0_4
14358,14646,dissertation,-12.6649,1,PASS,35,,n,dissertation,LEMMA,,MASTER,0,0,0,,,,,0,0,0,ESDB_V0_4
14359,14647,distinctly,-12.6649,1,PASS,35,,av,distinctly,LEMMA,,MASTER,0,0,0,,,,,0,0,0,ESDB_V0_4
14360,14648,documentaries,-12.6649,1,PASS,35,,n,documentary,FORM,,MASTER,0,0,0,,,,,0,0,0,ESDB_V0_4
14361,14649,draining,-12.6649,1,PASS,35,,n_v;aj,drain;draining,FORM;LEMMA,,MASTER,0,1,0,raining,,,,1,0,0,ESDB_V0_4
14362,14650,dun,-12.6649,1,PASS,50,,n;v;aj,dun,LEMMA,,MASTER,0,1,1,,,,dunk;dune;dung,0,3,0,ESDB_V0_4
14363,14651,edged,-12.6649,1,PASS,35,,n_v;aj,edge;edged,FORM;LEMMA,,MASTER,0,1,0,,edge,,,1,0,0,ESDB_V0_4
14364,14652,engraved,-12.6649,1,PASS,35,,v;aj,engrave;engraved,FORM;LEMMA,,MASTER,0,0,0,,,,,0,0,0,ESDB_V0_4
14365,14653,evasion,-12.6649,1,PASS,35,,n,evasion,LEMMA,,MASTER,0,0,0,,,,,0,0,0,ESDB_V0_4
14366,14654,excerpt,-12.6649,1,PASS,35,,n_v,excerpt,LEMMA,,MASTER,0,1,1,,,,excerpts,0,1,1,ESDB_V0_4
14367,14655,exhausting,-12.6649,1,PASS,35,,n_v;aj,exhaust;exhausting,FORM;LEMMA,,MASTER,0,0,0,,,,,0,0,0,ESDB_V0_4
14368,14656,experimentation,-12.6649,1,PASS,35,,n,experimentation,LEMMA,,MASTER,0,0,0,,,,,0,0,0,ESDB_V0_4
14369,14657,expiration,-12.6649,1,PASS,35,,n,expiration,LEMMA,,MASTER,0,0,0,,,,,0,0,0,ESDB_V0_4
14370,14658,ezra,-12.6649,0,NOT_EXACT_EN_US,,,,,,,REJECTED_AUTO,0,0,0,,,,,0,0,0,ESDB_V0_4
14371,14659,fibres,-12.6649,0,NOT_EXACT_EN_US,,,,,,,REJECTED_AUTO,0,0,0,,,,,0,0,0,ESDB_V0_4
14372,14660,fishes,-12.6649,1,PASS,35,,n;v,fish,FORM,,MASTER,0,0,0,,,,,0,0,0,ESDB_V0_4
14373,14661,flap,-12.6649,1,PASS,35,,n_v,flap,LEMMA,,MASTER,0,1,1,lap,,,flaps,1,1,1,ESDB_V0_4
14374,14662,fluent,-12.6649,1,PASS,35,,aj,fluent,LEMMA,,MASTER,0,0,0,,,,,0,0,0,ESDB_V0_4
14375,14663,folklore,-12.6649,1,PASS,35,,n,folklore,LEMMA,,MASTER,0,0,0,,,,,0,0,0,ESDB_V0_4
14376,14664,follower,-12.6649,1,PASS,35,,n,follower,LEMMA,,MASTER,0,1,1,,,,followers,0,1,1,ESDB_V0_4
14377,14665,footprint,-12.6649,1,PASS,35,,n,footprint,LEMMA,,MASTER,0,1,1,,,,footprints,0,1,1,ESDB_V0_4
14378,14666,forecasting,-12.6649,1,PASS,35,,n_v;n,forecast;forecasting,FORM;LEMMA,,MASTER,0,0,0,,,,,0,0,0,ESDB_V0_4
14379,14667,fragrance,-12.6649,1,PASS,35,,n,fragrance,LEMMA,,MASTER,0,0,0,,,,,0,0,0,ESDB_V0_4
14380,14668,gallagher,-12.6649,0,NOT_EXACT_EN_US,,,,,,,REJECTED_AUTO,0,0,0,,,,,0,0,0,ESDB_V0_4
14381,14669,genital,-12.6649,1,PASS,35,,aj,genital,LEMMA,,MASTER,0,0,0,,,,,0,0,0,ESDB_V0_4
14382,14670,genoa,-12.6649,0,NOT_EXACT_EN_US,,,,,,,REJECTED_AUTO,0,0,0,,,,,0,0,0,ESDB_V0_4
14383,14671,gravitational,-12.6649,1,PASS,35,,aj,gravitational,LEMMA,,MASTER,0,0,0,,,,,0,0,0,ESDB_V0_4
14384,14672,grenades,-12.6649,1,PASS,35,,n,grenade,FORM,,MASTER,0,1,0,,grenade,,,1,0,0,ESDB_V0_4
14385,14673,growers,-12.6649,1,PASS,35,,n,grower,FORM,,MASTER,0,0,0,,,,,0,0,0,ESDB_V0_4
14386,14674,hampton,-12.6649,0,NOT_EXACT_EN_US,,,,,,,REJECTED_AUTO,0,0,0,,,,,0,0,0,ESDB_V0_4
14387,14675,hancock,-12.6649,0,NOT_EXACT_EN_US,,,,,,,REJECTED_AUTO,0,0,0,,,,,0,0,0,ESDB_V0_4
14388,14676,hee,-12.6649,0,NOT_EXACT_EN_US,,,,,,,REJECTED_AUTO,0,0,0,,,,,0,0,0,ESDB_V0_4
14389,14677,heroine,-12.6649,1,PASS,35,,n,heroine,LEMMA,,MASTER,0,1,0,,heroin,,,1,0,0,ESDB_V0_4
14390,14678,horace,-12.6649,0,NOT_EXACT_EN_US,,,,,,,REJECTED_AUTO,0,0,0,,,,,0,0,0,ESDB_V0_4
14391,14679,horseback,-12.6649,1,PASS,35,,n;av,horseback,LEMMA,,MASTER,0,0,0,,,,,0,0,0,ESDB_V0_4
14392,14680,ic,-12.6649,0,NOT_EXACT_EN_US,,,,,,,REJECTED_AUTO,0,0,0,,,,,0,0,0,ESDB_V0_4
14393,14681,ida,-12.6649,0,NOT_EXACT_EN_US,,,,,,,REJECTED_AUTO,0,0,0,,,,,0,0,0,ESDB_V0_4
14394,14682,immersion,-12.6649,1,PASS,35,,n,immersion,LEMMA,,MASTER,0,0,0,,,,,0,0,0,ESDB_V0_4
14395,14683,imperialism,-12.6649,1,PASS,35,,n,imperialism,LEMMA,,MASTER,0,0,0,,,,,0,0,0,ESDB_V0_4
14396,14684,incarnation,-12.6649,1,PASS,35,,n,incarnation,LEMMA,,MASTER,0,0,0,,,,,0,0,0,ESDB_V0_4
14397,14685,indefinite,-12.6649,1,PASS,35,,aj,indefinite,LEMMA,,MASTER,0,0,0,,,,,0,0,0,ESDB_V0_4
14398,14686,indy,-12.6649,0,NOT_EXACT_EN_US,,,,,,,REJECTED_AUTO,0,0,0,,,,,0,0,0,ESDB_V0_4
14399,14687,introductory,-12.6649,1,PASS,35,,aj,introductory,LEMMA,,MASTER,0,0,0,,,,,0,0,0,ESDB_V0_4
14400,14688,jensen,-12.6649,0,NOT_EXACT_EN_US,,,,,,,REJECTED_AUTO,0,0,0,,,,,0,0,0,ESDB_V0_4
14401,14689,kaiser,-12.6649,0,CASE_FREQ_COLLISION,60,50,n,kaiser,LEMMA,,REJECTED_AUTO,0,0,0,,,,,0,0,0,ESDB_V0_4
14402,14690,karate,-12.6649,1,PASS,35,,n,karate,LEMMA,,MASTER,0,0,0,,,,,0,0,0,ESDB_V0_4
14403,14691,kb,-12.6649,0,NOT_EXACT_EN_US,,,,,,,REJECTED_AUTO,0,0,0,,,,,0,0,0,ESDB_V0_4
14404,14692,labeling,-12.6649,1,PASS,35,,n_v,label,FORM,,MASTER,0,0,0,,,,,0,0,0,ESDB_V0_4
14405,14693,lilly,-12.6649,0,NOT_EXACT_EN_US,,,,,,,REJECTED_AUTO,0,0,0,,,,,0,0,0,ESDB_V0_4
14406,14694,lithium,-12.6649,1,PASS,35,,n,lithium,LEMMA,,MASTER,0,0,0,,,,,0,0,0,ESDB_V0_4
14407,14695,lois,-12.6649,0,NOT_EXACT_EN_US,,,,,,,REJECTED_AUTO,0,0,0,,,,,0,0,0,ESDB_V0_4
14408,14697,longevity,-12.6649,1,PASS,35,,n,longevity,LEMMA,,MASTER,0,0,0,,,,,0,0,0,ESDB_V0_4
14409,14698,lurking,-12.6649,1,PASS,35,,v;n,lurk;lurking,FORM;LEMMA,,MASTER,0,0,0,,,,,0,0,0,ESDB_V0_4
14410,14699,maize,-12.6649,1,PASS,35,,n,maize,LEMMA,,MASTER,0,0,0,,,,,0,0,0,ESDB_V0_4
14411,14700,martyr,-12.6649,1,PASS,35,,n_v,martyr,LEMMA,,MASTER,0,1,1,,,,martyrs,0,1,1,ESDB_V0_4
14412,14701,mating,-12.6649,1,PASS,35,,n_v;n,mate;mating,FORM;LEMMA,,MASTER,0,0,0,,,,,0,0,0,ESDB_V0_4
14413,14702,mats,-12.6649,1,PASS,35,,n_v,mat,FORM,,MASTER,0,1,0,,mat,,,1,0,0,ESDB_V0_4
14414,14703,meh,-12.6649,0,SPECIAL_ONLY,50,,i,meh,LEMMA,,REJECTED_AUTO,0,0,0,,,,,0,0,0,ESDB_V0_4
14415,14704,menus,-12.6649,1,PASS,35,,n,menu,FORM,,MASTER,0,1,0,,menu,,,1,0,0,ESDB_V0_4
14416,14705,modernization,-12.6649,1,PASS,35,,n,modernization,LEMMA,,MASTER,0,0,0,,,,,0,0,0,ESDB_V0_4
14417,14706,mythical,-12.6649,1,PASS,35,,aj,mythical,LEMMA,,MASTER,0,0,0,,,,,0,0,0,ESDB_V0_4
14418,14707,nana,-12.6649,0,NOT_EXACT_EN_US,,,,,,,REJECTED_AUTO,0,0,0,,,,,0,0,0,ESDB_V0_4
14419,14708,nautical,-12.6649,1,PASS,35,,aj,nautical,LEMMA,,MASTER,0,0,0,,,,,0,0,0,ESDB_V0_4
14420,14709,nicaragua,-12.6649,0,NOT_EXACT_EN_US,,,,,,,REJECTED_AUTO,0,0,0,,,,,0,0,0,ESDB_V0_4
14421,14710,nordic,-12.6649,0,NOT_EXACT_EN_US,,,,,,,REJECTED_AUTO,0,0,0,,,,,0,0,0,ESDB_V0_4
14422,14711,nuisance,-12.6649,1,PASS,35,,n,nuisance,LEMMA,,MASTER,0,0,0,,,,,0,0,0,ESDB_V0_4
14423,14712,numb,-12.6649,1,PASS,35,,v;aj,numb,LEMMA,,MASTER,0,0,0,,,,,0,0,0,ESDB_V0_4
14424,14713,occupants,-12.6649,1,PASS,35,,n,occupant,FORM,,MASTER,0,0,0,,,,,0,0,0,ESDB_V0_4
14425,14714,oddly,-12.6649,1,PASS,35,,av,oddly,LEMMA,,MASTER,0,0,0,,,,,0,0,0,ESDB_V0_4
14426,14715,orchard,-12.6649,1,PASS,35,,n,orchard,LEMMA,,MASTER,0,0,0,,,,,0,0,0,ESDB_V0_4
14427,14716,orphans,-12.6649,1,PASS,35,,n_v,orphan,FORM,,MASTER,0,1,0,,orphan,,,1,0,0,ESDB_V0_4
14428,14717,overdose,-12.6649,1,PASS,35,,n_v,overdose,LEMMA,,MASTER,0,0,0,,,,,0,0,0,ESDB_V0_4
14429,14719,palms,-12.6649,1,PASS,35,,n_v,palm,FORM,,MASTER,0,1,0,,palm,,,1,0,0,ESDB_V0_4
14430,14720,patiently,-12.6649,1,PASS,35,,av,patiently,LEMMA,,MASTER,0,0,0,,,,,0,0,0,ESDB_V0_4
14431,14721,pawn,-12.6649,1,PASS,35,,n_v,pawn,LEMMA,,MASTER,0,1,1,,paw,spawn,,1,1,0,ESDB_V0_4
14432,14722,pea,-12.6649,1,PASS,35,,n;a,pea,LEMMA,,MASTER,0,1,1,,,,peak;peas;pear;peat,0,4,1,ESDB_V0_4
14433,14723,petit,-12.6649,0,NOT_EXACT_EN_US,,,,,,,REJECTED_AUTO,0,0,0,,,,,0,0,0,ESDB_V0_4
14434,14724,pharmaceuticals,-12.6649,1,PASS,35,,n,pharmaceutical,FORM,,MASTER,0,1,0,,pharmaceutical,,,1,0,0,ESDB_V0_4
14435,14725,planner,-12.6649,1,PASS,40,,n,planner,LEMMA,,MASTER,0,0,0,,,,,0,0,0,ESDB_V0_4
14436,14726,plastics,-12.6649,1,PASS,35,,n,plastic,FORM,,MASTER,0,1,0,,plastic,,,1,0,0,ESDB_V0_4
14437,14727,plumbing,-12.6649,1,PASS,35,,n_v;n,plumb;plumbing,FORM;LEMMA,,MASTER,0,0,0,,,,,0,0,0,ESDB_V0_4
14438,14728,poe,-12.6649,0,NOT_EXACT_EN_US,,,,,,,REJECTED_AUTO,0,0,0,,,,,0,0,0,ESDB_V0_4
14439,14729,pollen,-12.6649,1,PASS,35,,n,pollen,LEMMA,,MASTER,0,0,0,,,,,0,0,0,ESDB_V0_4
14440,14730,poly,-12.6649,1,PASS,60,,n,poly,LEMMA,,MASTER,0,1,0,,pol,,,1,0,0,ESDB_V0_4
14441,14731,polymer,-12.6649,1,PASS,40,,n,polymer,LEMMA,,MASTER,0,1,1,,,,polymers,0,1,1,ESDB_V0_4
14442,14732,pos,-12.6649,0,NOT_EXACT_EN_US,,,,,,,REJECTED_AUTO,0,0,0,,,,,0,0,0,ESDB_V0_4
14443,14733,powerless,-12.6649,1,PASS,35,,aj,powerless,LEMMA,,MASTER,0,0,0,,,,,0,0,0,ESDB_V0_4
14444,14734,pragmatic,-12.6649,1,PASS,35,,n;aj,pragmatic,LEMMA,,MASTER,0,0,0,,,,,0,0,0,ESDB_V0_4
14445,14735,precinct,-12.6649,1,PASS,35,,n,precinct,LEMMA,,MASTER,0,0,0,,,,,0,0,0,ESDB_V0_4
14446,14736,precursor,-12.6649,1,PASS,35,,n,precursor,LEMMA,,MASTER,0,0,0,,,,,0,0,0,ESDB_V0_4
14447,14737,preseason,-12.6649,1,PASS,60,,n;a,preseason,LEMMA,,MASTER,0,0,0,,,,,0,0,0,ESDB_V0_4
14448,14738,presided,-12.6649,1,PASS,35,,v,preside,FORM,,MASTER,0,1,0,resided,,,,1,0,0,ESDB_V0_4
14449,14739,projecting,-12.6649,1,PASS,35,,n_v;aj,project;projecting,FORM;LEMMA,,MASTER,0,0,0,,,,,0,0,0,ESDB_V0_4
14450,14740,prosper,-12.6649,1,PASS,35,,v,prosper,LEMMA,,MASTER,0,0,0,,,,,0,0,0,ESDB_V0_4
14451,14741,prussia,-12.6649,0,NOT_EXACT_EN_US,,,,,,,REJECTED_AUTO,0,0,0,,,,,0,0,0,ESDB_V0_4
14452,14742,punishing,-12.6649,1,PASS,35,,v;aj,punish;punishing,FORM;LEMMA,,MASTER,0,0,0,,,,,0,0,0,ESDB_V0_4
14453,14743,puzzles,-12.6649,1,PASS,35,,n_v,puzzle,FORM,,MASTER,0,1,0,,puzzle,,,1,0,0,ESDB_V0_4
14454,14744,quarantine,-12.6649,1,PASS,35,,n_v,quarantine,LEMMA,,MASTER,0,0,0,,,,,0,0,0,ESDB_V0_4
14455,14745,quarry,-12.6649,1,PASS,35,,n_v,quarry,LEMMA,,MASTER,0,0,0,,,,,0,0,0,ESDB_V0_4
14456,14746,quentin,-12.6649,0,NOT_EXACT_EN_US,,,,,,,REJECTED_AUTO,0,0,0,,,,,0,0,0,ESDB_V0_4
14457,14747,reactive,-12.6649,1,PASS,35,,aj,reactive,LEMMA,,MASTER,0,0,0,,,,,0,0,0,ESDB_V0_4
14458,14748,recommending,-12.6649,1,PASS,35,,v,recommend,FORM,,MASTER,0,0,0,,,,,0,0,0,ESDB_V0_4
14459,14749,reigns,-12.6649,1,PASS,35,,n_v,reign,FORM,,MASTER,0,1,0,,reign,,,1,0,0,ESDB_V0_4
14460,14750,resilience,-12.6649,1,PASS,35,,n,resilience,LEMMA,,MASTER,0,0,0,,,,,0,0,0,ESDB_V0_4
14461,14751,rigged,-12.6649,1,PASS,35,,n_v;aj,rig;rigged,FORM;LEMMA,,MASTER,0,0,0,,,,,0,0,0,ESDB_V0_4
14462,14752,ripping,-12.6649,1,PASS,35,,n_v;aj,rip;ripping,FORM;LEMMA,,MASTER,0,1,1,,,tripping;dripping,,0,2,0,ESDB_V0_4
14463,14753,riverside,-12.6649,1,PASS,40,60,n;a,riverside,LEMMA,,MASTER,0,0,0,,,,,0,0,0,ESDB_V0_4
14464,14754,rocked,-12.6649,1,PASS,35,,n_v,rock,FORM,,MASTER,0,0,0,,,,,0,0,0,ESDB_V0_4
14465,14755,routines,-12.6649,1,PASS,35,,n,routine,FORM,,MASTER,0,1,0,,routine,,,1,0,0,ESDB_V0_4
14466,14757,safest,-12.6649,1,PASS,35,,aj,safe,FORM,,MASTER,0,0,0,,,,,0,0,0,ESDB_V0_4
14467,14758,sails,-12.6649,1,PASS,35,,n_v,sail,FORM,,MASTER,0,1,0,,sail,,,1,0,0,ESDB_V0_4
14468,14759,salsa,-12.6649,1,PASS,40,,n,salsa,LEMMA,,MASTER,0,0,0,,,,,0,0,0,ESDB_V0_4
14469,14760,scooter,-12.6649,1,PASS,35,,n,scooter,LEMMA,,MASTER,0,0,0,,,,,0,0,0,ESDB_V0_4
14470,14761,secretaries,-12.6649,1,PASS,35,,n,secretary,FORM,,MASTER,0,0,0,,,,,0,0,0,ESDB_V0_4
14471,14762,siberia,-12.6649,0,NOT_EXACT_EN_US,,,,,,,REJECTED_AUTO,0,0,0,,,,,0,0,0,ESDB_V0_4
14472,14763,sighs,-12.6649,1,PASS,35,,n_v,sigh,FORM,,MASTER,0,1,0,,sigh,,,1,0,0,ESDB_V0_4
14473,14764,silently,-12.6649,1,PASS,35,,av,silently,LEMMA,,MASTER,0,0,0,,,,,0,0,0,ESDB_V0_4
14474,14765,simone,-12.6649,0,NOT_EXACT_EN_US,,,,,,,REJECTED_AUTO,0,0,0,,,,,0,0,0,ESDB_V0_4
14475,14766,simulated,-12.6649,1,PASS,35,,v;aj,simulate;simulated,FORM;LEMMA,,MASTER,0,1,0,,simulate,,,1,0,0,ESDB_V0_4
14476,14767,sl,-12.6649,0,NOT_EXACT_EN_US,,,,,,,REJECTED_AUTO,0,0,0,,,,,0,0,0,ESDB_V0_4
14477,14768,slaughtered,-12.6649,1,PASS,35,,n_v,slaughter,FORM,,MASTER,0,0,0,,,,,0,0,0,ESDB_V0_4
14478,14769,snowden,-12.6649,0,NOT_EXACT_EN_US,,,,,,,REJECTED_AUTO,0,0,0,,,,,0,0,0,ESDB_V0_4
14479,14770,socket,-12.6649,1,PASS,35,,n,socket,LEMMA,,MASTER,0,0,0,,,,,0,0,0,ESDB_V0_4
14480,14771,softer,-12.6649,1,PASS,35,,aj_av,soft,FORM,,MASTER,0,0,0,,,,,0,0,0,ESDB_V0_4
14481,14772,somali,-12.6649,0,NOT_EXACT_EN_US,,,,,,,REJECTED_AUTO,0,0,0,,,,,0,0,0,ESDB_V0_4
14482,14773,stokes,-12.6649,1,PASS,35,50,v,stoke,FORM,,MASTER,0,1,0,,stoke,,,1,0,0,ESDB_V0_4
14483,14774,subordinate,-12.6649,1,PASS,35,,n_v;aj,subordinate,LEMMA,,MASTER,0,0,0,,,,,0,0,0,ESDB_V0_4
14484,14775,sulphur,-12.6649,0,NOT_EXACT_EN_US,,,,,,,REJECTED_AUTO,0,0,0,,,,,0,0,0,ESDB_V0_4
14485,14776,supplementary,-12.6649,1,PASS,35,,aj,supplementary,LEMMA,,MASTER,0,0,0,,,,,0,0,0,ESDB_V0_4
14486,14777,sw,-12.6649,0,NOT_EXACT_EN_US,,,,,,,REJECTED_AUTO,0,0,0,,,,,0,0,0,ESDB_V0_4
14487,14778,synonymous,-12.6649,1,PASS,35,,aj,synonymous,LEMMA,,MASTER,0,0,0,,,,,0,0,0,ESDB_V0_4
14488,14779,televised,-12.6649,1,PASS,35,,v,televise,FORM,,MASTER,0,0,0,,,,,0,0,0,ESDB_V0_4
14489,14780,teller,-12.6649,1,PASS,35,50,n,teller,LEMMA,,MASTER,0,0,0,,,,,0,0,0,ESDB_V0_4
14490,14781,tertiary,-12.6649,0,CASE_FREQ_COLLISION,50,50,aj,tertiary,LEMMA,,REJECTED_AUTO,0,0,0,,,,,0,0,0,ESDB_V0_4
14491,14782,thanking,-12.6649,1,PASS,35,,v,thank,FORM,,MASTER,0,0,0,,,,,0,0,0,ESDB_V0_4
14492,14783,tipping,-12.6649,1,PASS,35,,n_v,tip,FORM,,MASTER,0,0,0,,,,,0,0,0,ESDB_V0_4
14493,14784,tongues,-12.6649,1,PASS,35,,n_v,tongue,FORM,,MASTER,0,1,0,,tongue,,,1,0,0,ESDB_V0_4
14494,14785,toulouse,-12.6649,0,NOT_EXACT_EN_US,,,,,,,REJECTED_AUTO,0,0,0,,,,,0,0,0,ESDB_V0_4
14495,14786,traitor,-12.6649,1,PASS,35,,n,traitor,LEMMA,,MASTER,0,0,0,,,,,0,0,0,ESDB_V0_4
14496,14787,trenches,-12.6649,1,PASS,35,,n_v,trench,FORM,,MASTER,0,0,0,,,,,0,0,0,ESDB_V0_4
14497,14788,typed,-12.6649,1,PASS,35,,n_v,type,FORM,,MASTER,0,1,0,,type,,,1,0,0,ESDB_V0_4
14498,14789,tyre,-12.6649,0,NOT_EXACT_EN_US,,,,,,,REJECTED_AUTO,0,0,0,,,,,0,0,0,ESDB_V0_4
14499,14790,ultrasound,-12.6649,1,PASS,40,,n,ultrasound,LEMMA,,MASTER,0,0,0,,,,,0,0,0,ESDB_V0_4
14500,14791,usher,-12.6649,1,PASS,35,,n_v,usher,LEMMA,,MASTER,0,0,0,,,,,0,0,0,ESDB_V0_4
14501,14792,virginity,-12.6649,1,PASS,35,,n,virginity,LEMMA,,MASTER,0,0,0,,,,,0,0,0,ESDB_V0_4
14502,14793,waitress,-12.6649,1,PASS,35,,n,waitress,LEMMA,,MASTER,0,0,0,,,,,0,0,0,ESDB_V0_4
14503,14794,waved,-12.6649,1,PASS,35,,n_v,wave,FORM,,MASTER,0,1,0,,wave,,,1,0,0,ESDB_V0_4
14504,14795,wwii,-12.6649,0,NOT_EXACT_EN_US,,,,,,,REJECTED_AUTO,0,0,0,,,,,0,0,0,ESDB_V0_4
14505,14799,acne,-12.6873,1,PASS,35,,n,acne,LEMMA,,MASTER,0,0,0,,,,,0,0,0,ESDB_V0_4
14506,14800,acquitted,-12.6873,1,PASS,35,,v;aj,acquit;acquitted,FORM;LEMMA,,MASTER,0,0,0,,,,,0,0,0,ESDB_V0_4
14507,14801,advises,-12.6873,1,PASS,35,,v,advise,FORM,,MASTER,0,1,0,,advise,,,1,0,0,ESDB_V0_4
14508,14802,aj,-12.6873,0,NOT_EXACT_EN_US,,,,,,,REJECTED_AUTO,0,0,0,,,,,0,0,0,ESDB_V0_4
14509,14803,alexandra,-12.6873,0,NOT_EXACT_EN_US,,,,,,,REJECTED_AUTO,0,0,0,,,,,0,0,0,ESDB_V0_4
14510,14804,algerian,-12.6873,0,NOT_EXACT_EN_US,,,,,,,REJECTED_AUTO,0,0,0,,,,,0,0,0,ESDB_V0_4
14511,14805,alias,-12.6873,1,PASS,35,,n_v;pp,alias,LEMMA,,MASTER,0,0,0,,,,,0,0,0,ESDB_V0_4
14512,14806,almond,-12.6873,1,PASS,35,,n,almond,LEMMA,,MASTER,0,1,1,,,,almonds,0,1,1,ESDB_V0_4
14513,14807,alonso,-12.6873,0,NOT_EXACT_EN_US,,,,,,,REJECTED_AUTO,0,0,0,,,,,0,0,0,ESDB_V0_4
14514,14808,ambrose,-12.6873,0,NOT_EXACT_EN_US,,,,,,,REJECTED_AUTO,0,0,0,,,,,0,0,0,ESDB_V0_4
14515,14809,amidst,-12.6873,0,NOT_EXACT_EN_US,,,,,,,REJECTED_AUTO,0,0,0,,,,,0,0,0,ESDB_V0_4
14516,14811,angola,-12.6873,0,NOT_EXACT_EN_US,,,,,,,REJECTED_AUTO,0,0,0,,,,,0,0,0,ESDB_V0_4
14517,14812,appraisal,-12.6873,1,PASS,35,,n,appraisal,LEMMA,,MASTER,0,0,0,,,,,0,0,0,ESDB_V0_4
14518,14813,arent,-12.6873,0,NOT_EXACT_EN_US,,,,,,,REJECTED_AUTO,0,0,0,,,,,0,0,0,ESDB_V0_4
14519,14814,arresting,-12.6873,1,PASS,35,,n_v;aj,arrest;arresting,FORM;LEMMA,,MASTER,0,0,0,,,,,0,0,0,ESDB_V0_4
14520,14815,astronauts,-12.6873,1,PASS,35,,n,astronaut,FORM,,MASTER,0,1,0,,astronaut,,,1,0,0,ESDB_V0_4
14521,14816,autograph,-12.6873,1,PASS,35,,n_v,autograph,LEMMA,,MASTER,0,0,0,,,,,0,0,0,ESDB_V0_4
14522,14817,axes,-12.6873,1,PASS,35,,n_v;n,axe;ax;axis,FORM,,MASTER,0,1,1,,axe,taxes,,1,1,0,ESDB_V0_4
14523,14818,backdrop,-12.6873,1,PASS,40,,n,backdrop,LEMMA,,MASTER,0,0,0,,,,,0,0,0,ESDB_V0_4
14524,14819,beckham,-12.6873,0,NOT_EXACT_EN_US,,,,,,,REJECTED_AUTO,0,0,0,,,,,0,0,0,ESDB_V0_4
14525,14820,belongings,-12.6873,0,NO_ESDB_GENERAL_EVIDENCE,,,,,,,REJECTED_AUTO,0,0,0,,,,,0,0,0,ESDB_V0_4
14526,14821,bloke,-12.6873,1,PASS,60,,n,bloke,LEMMA,,MASTER,0,0,0,,,,,0,0,0,ESDB_V0_4
14527,14822,boarded,-12.6873,1,PASS,35,,n_v,board,FORM,,MASTER,0,0,0,,,,,0,0,0,ESDB_V0_4
14528,14823,boredom,-12.6873,1,PASS,35,,n,boredom,LEMMA,,MASTER,0,0,0,,,,,0,0,0,ESDB_V0_4
14529,14824,bottled,-12.6873,1,PASS,35,,n_v,bottle,FORM,,MASTER,0,1,0,,bottle,,,1,0,0,ESDB_V0_4
14530,14825,bryce,-12.6873,0,NOT_EXACT_EN_US,,,,,,,REJECTED_AUTO,0,0,0,,,,,0,0,0,ESDB_V0_4
14531,14826,bumps,-12.6873,1,PASS,35,,n_v,bump,FORM,,MASTER,0,1,0,,bump,,,1,0,0,ESDB_V0_4
14532,14827,burgundy,-12.6873,0,CASE_FREQ_COLLISION,60,50,n,burgundy,LEMMA,,REJECTED_AUTO,0,0,0,,,,,0,0,0,ESDB_V0_4
14533,14828,canary,-12.6873,1,PASS,35,,n,canary,LEMMA,,MASTER,0,0,0,,,,,0,0,0,ESDB_V0_4
14534,14829,cater,-12.6873,1,PASS,35,,v,cater,LEMMA,,MASTER,0,0,0,,,,,0,0,0,ESDB_V0_4
14535,14830,cdc,-12.6873,0,NOT_EXACT_EN_US,,,,,,,REJECTED_AUTO,0,0,0,,,,,0,0,0,ESDB_V0_4
14536,14831,cecil,-12.6873,0,NOT_EXACT_EN_US,,,,,,,REJECTED_AUTO,0,0,0,,,,,0,0,0,ESDB_V0_4
14537,14832,chassis,-12.6873,1,PASS,35,,n,chassis,LEMMA;FORM,,MASTER,0,0,0,,,,,0,0,0,ESDB_V0_4
14538,14833,checklist,-12.6873,1,PASS,40,,n,checklist,LEMMA,,MASTER,0,0,0,,,,,0,0,0,ESDB_V0_4
14539,14834,choked,-12.6873,1,PASS,35,,n_v;aj,choke;choked,FORM;LEMMA,,MASTER,0,1,0,,choke,,,1,0,0,ESDB_V0_4
14540,14835,clap,-12.6873,1,PASS,35,,n_v,clap,LEMMA,,MASTER,0,1,0,lap,,,,1,0,0,ESDB_V0_4
14541,14836,cloudy,-12.6873,1,PASS,35,,aj,cloudy,LEMMA,,MASTER,0,1,0,,cloud,,,1,0,0,ESDB_V0_4
14542,14837,comb,-12.6873,1,PASS,35,,n_v,comb,LEMMA,,MASTER,0,1,1,,,,combo,0,1,0,ESDB_V0_4
14543,14838,compensated,-12.6873,1,PASS,35,,v;aj,compensate;compensated,FORM;LEMMA,,MASTER,0,1,0,,compensate,,,1,0,0,ESDB_V0_4
14544,14839,correcting,-12.6873,1,PASS,35,,v,correct,FORM,,MASTER,0,0,0,,,,,0,0,0,ESDB_V0_4
14545,14840,corrosion,-12.6873,1,PASS,35,,n,corrosion,LEMMA,,MASTER,0,0,0,,,,,0,0,0,ESDB_V0_4
14546,14841,corrupted,-12.6873,1,PASS,35,,v;aj,corrupt;corrupted,FORM;LEMMA,,MASTER,0,0,0,,,,,0,0,0,ESDB_V0_4
14547,14842,crosby,-12.6873,0,NOT_EXACT_EN_US,,,,,,,REJECTED_AUTO,0,0,0,,,,,0,0,0,ESDB_V0_4
14548,14843,dared,-12.6873,1,PASS,35,,v,dare,FORM,,MASTER,0,1,0,,dare,,,1,0,0,ESDB_V0_4
14549,14844,defiance,-12.6873,1,PASS,35,,n,defiance,LEMMA,,MASTER,0,0,0,,,,,0,0,0,ESDB_V0_4
14550,14845,desperation,-12.6873,1,PASS,35,,n,desperation,LEMMA,,MASTER,0,0,0,,,,,0,0,0,ESDB_V0_4
14551,14846,deter,-12.6873,1,PASS,35,,v,deter,LEMMA,,MASTER,0,0,0,,,,,0,0,0,ESDB_V0_4
14552,14847,disadvantages,-12.6873,1,PASS,35,,n_v,disadvantage,FORM,,MASTER,0,1,0,,disadvantage,,,1,0,0,ESDB_V0_4
14553,14848,disciple,-12.6873,1,PASS,35,,n,disciple,LEMMA,,MASTER,0,1,1,,,,disciples,0,1,1,ESDB_V0_4
14554,14849,dizzy,-12.6873,1,PASS,35,,v;aj,dizzy,LEMMA,,MASTER,0,0,0,,,,,0,0,0,ESDB_V0_4
14555,14851,drills,-12.6873,1,PASS,35,,n_v,drill,FORM,,MASTER,0,1,0,,drill,,,1,0,0,ESDB_V0_4
14556,14852,ecosystems,-12.6873,1,PASS,35,,n,ecosystem,FORM,,MASTER,0,1,0,,ecosystem,,,1,0,0,ESDB_V0_4
14557,14853,eleventh,-12.6873,1,PASS,35,,n,eleventh,LEMMA,,MASTER,0,0,0,,,,,0,0,0,ESDB_V0_4
14558,14854,empress,-12.6873,1,PASS,35,,n,empress,LEMMA,,MASTER,0,0,0,,,,,0,0,0,ESDB_V0_4
14559,14855,engagements,-12.6873,1,PASS,35,,n,engagement,FORM,,MASTER,0,1,0,,engagement,,,1,0,0,ESDB_V0_4
14560,14856,episcopal,-12.6873,1,PASS,50,60,aj,episcopal,LEMMA,,MASTER,0,0,0,,,,,0,0,0,ESDB_V0_4
14561,14857,erect,-12.6873,1,PASS,35,,v;aj,erect,LEMMA,,MASTER,0,0,0,,,,,0,0,0,ESDB_V0_4
14562,14858,escorted,-12.6873,1,PASS,35,,n_v,escort,FORM,,MASTER,0,0,0,,,,,0,0,0,ESDB_V0_4
14563,14859,estimation,-12.6873,1,PASS,35,,n,estimation,LEMMA,,MASTER,0,0,0,,,,,0,0,0,ESDB_V0_4
14564,14860,ethanol,-12.6873,1,PASS,60,,n,ethanol,LEMMA,,MASTER,0,0,0,,,,,0,0,0,ESDB_V0_4
14565,14861,exploding,-12.6873,1,PASS,35,,v,explode,FORM,,MASTER,0,0,0,,,,,0,0,0,ESDB_V0_4
14566,14862,fabrics,-12.6873,1,PASS,35,,n,fabric,FORM,,MASTER,0,1,0,,fabric,,,1,0,0,ESDB_V0_4
14567,14863,falsely,-12.6873,1,PASS,35,,av,falsely,LEMMA,,MASTER,0,0,0,,,,,0,0,0,ESDB_V0_4
14568,14864,fatalities,-12.6873,1,PASS,35,,n,fatality,FORM,,MASTER,0,0,0,,,,,0,0,0,ESDB_V0_4
14569,14865,flawless,-12.6873,1,PASS,35,,aj,flawless,LEMMA,,MASTER,0,0,0,,,,,0,0,0,ESDB_V0_4
14570,14866,foreigner,-12.6873,1,PASS,35,,n,foreigner,LEMMA,,MASTER,0,1,1,,,,foreigners,0,1,1,ESDB_V0_4
14571,14867,framing,-12.6873,1,PASS,35,,n_v,frame,FORM,,MASTER,0,0,0,,,,,0,0,0,ESDB_V0_4
14572,14869,gatherings,-12.6873,1,PASS,35,,n,gathering,FORM,,MASTER,0,1,0,,gathering,,,1,0,0,ESDB_V0_4
14573,14870,globalization,-12.6873,1,PASS,50,,n,globalization,LEMMA,,MASTER,0,0,0,,,,,0,0,0,ESDB_V0_4
14574,14871,goalie,-12.6873,1,PASS,35,,n,goalie,LEMMA,,MASTER,0,0,0,,,,,0,0,0,ESDB_V0_4
14575,14872,gr,-12.6873,0,NO_ESDB_GENERAL_EVIDENCE,,,,,,,REJECTED_AUTO,0,0,0,,,,,0,0,0,ESDB_V0_4
14576,14873,grassroots,-12.6873,1,PASS,40,,aj,grassroots,LEMMA,,MASTER,0,0,0,,,,,0,0,0,ESDB_V0_4
14577,14874,greenland,-12.6873,0,NOT_EXACT_EN_US,,,,,,,REJECTED_AUTO,0,0,0,,,,,0,0,0,ESDB_V0_4
14578,14875,grievances,-12.6873,1,PASS,35,,n,grievance,FORM,,MASTER,0,1,0,,grievance,,,1,0,0,ESDB_V0_4
14579,14876,guerrilla,-12.6873,1,PASS,35,,n,guerrilla,LEMMA,,MASTER,0,0,0,,,,,0,0,0,ESDB_V0_4
14580,14877,guise,-12.6873,1,PASS,35,,n,guise,LEMMA,,MASTER,0,0,0,,,,,0,0,0,ESDB_V0_4
14581,14878,guitars,-12.6873,1,PASS,35,,n,guitar,FORM,,MASTER,0,1,0,,guitar,,,1,0,0,ESDB_V0_4
14582,14879,hailed,-12.6873,1,PASS,35,,n_v,hail,FORM,,MASTER,0,0,0,,,,,0,0,0,ESDB_V0_4
14583,14880,icing,-12.6873,1,PASS,35,,n_v;n,ice;icing,FORM;LEMMA,,MASTER,0,0,0,,,,,0,0,0,ESDB_V0_4
14584,14881,imbalance,-12.6873,1,PASS,35,,n,imbalance,LEMMA,,MASTER,0,0,0,,,,,0,0,0,ESDB_V0_4
14585,14882,immoral,-12.6873,1,PASS,35,,aj,immoral,LEMMA,,MASTER,0,0,0,,,,,0,0,0,ESDB_V0_4
14586,14883,indulge,-12.6873,1,PASS,35,,v,indulge,LEMMA,,MASTER,0,0,0,,,,,0,0,0,ESDB_V0_4
14587,14884,inspected,-12.6873,1,PASS,35,,v,inspect,FORM,,MASTER,0,0,0,,,,,0,0,0,ESDB_V0_4
14588,14885,intensely,-12.6873,1,PASS,35,,av,intensely,LEMMA,,MASTER,0,0,0,,,,,0,0,0,ESDB_V0_4
14589,14886,interchange,-12.6873,1,PASS,35,,n_v,interchange,LEMMA,,MASTER,0,0,0,,,,,0,0,0,ESDB_V0_4
14590,14887,interviewer,-12.6873,1,PASS,35,,n,interviewer,LEMMA,,MASTER,0,0,0,,,,,0,0,0,ESDB_V0_4
14591,14888,intricate,-12.6873,1,PASS,35,,aj,intricate,LEMMA,,MASTER,0,0,0,,,,,0,0,0,ESDB_V0_4
14592,14889,irritated,-12.6873,1,PASS,35,,v;aj,irritate;irritated,FORM;LEMMA,,MASTER,0,0,0,,,,,0,0,0,ESDB_V0_4
14593,14890,iss,-12.6873,0,NOT_EXACT_EN_US,,,,,,,REJECTED_AUTO,0,0,0,,,,,0,0,0,ESDB_V0_4
14594,14891,juices,-12.6873,1,PASS,35,,n_v,juice,FORM,,MASTER,0,1,0,,juice,,,1,0,0,ESDB_V0_4
14595,14892,ke,-12.6873,0,NOT_EXACT_EN_US,,,,,,,REJECTED_AUTO,0,0,0,,,,,0,0,0,ESDB_V0_4
14596,14893,landings,-12.6873,1,PASS,35,,n,landing,FORM,,MASTER,0,1,0,,landing,,,1,0,0,ESDB_V0_4
14597,14894,landlords,-12.6873,1,PASS,35,,n,landlord,FORM,,MASTER,0,1,0,,landlord,,,1,0,0,ESDB_V0_4
14598,14895,landowners,-12.6873,0,NO_ESDB_GENERAL_EVIDENCE,,,,,,,REJECTED_AUTO,0,0,0,,,,,0,0,0,ESDB_V0_4
14599,14896,lapse,-12.6873,1,PASS,35,,n_v,lapse,LEMMA,,MASTER,0,1,0,,laps,,,1,0,0,ESDB_V0_4
14600,14898,lieu,-12.6873,1,PASS,35,,n,lieu,LEMMA,,MASTER,0,1,0,,lie,,,1,0,0,ESDB_V0_4
14601,14899,ling,-12.6873,1,PASS,60,,n,ling,LEMMA;FORM,,MASTER,0,1,1,,,cling;fling;sling,,0,3,0,ESDB_V0_4
14602,14900,manny,-12.6873,0,NOT_EXACT_EN_US,,,,,,,REJECTED_AUTO,0,0,0,,,,,0,0,0,ESDB_V0_4
14603,14901,marrow,-12.6873,1,PASS,35,,n,marrow,LEMMA,,MASTER,0,1,0,arrow,,,,1,0,0,ESDB_V0_4
14604,14902,mash,-12.6873,1,PASS,35,60,n;v,mash,LEMMA,,MASTER,0,1,1,ash,mas,smash,,2,1,0,ESDB_V0_4
14605,14903,mistakenly,-12.6873,1,PASS,35,,av,mistakenly,LEMMA,,MASTER,0,0,0,,,,,0,0,0,ESDB_V0_4
14606,14904,mortgages,-12.6873,1,PASS,35,,n_v,mortgage,FORM,,MASTER,0,1,0,,mortgage,,,1,0,0,ESDB_V0_4
14607,14905,motel,-12.6873,1,PASS,35,,n,motel,LEMMA,,MASTER,0,0,0,,,,,0,0,0,ESDB_V0_4
14608,14906,mourinho,-12.6873,0,NOT_EXACT_EN_US,,,,,,,REJECTED_AUTO,0,0,0,,,,,0,0,0,ESDB_V0_4
14609,14907,nay,-12.6873,1,PASS,35,,n;av;c,nay,LEMMA,,MASTER,0,0,0,,,,,0,0,0,ESDB_V0_4
14610,14908,newcomers,-12.6873,1,PASS,35,,n,newcomer,FORM,,MASTER,0,1,0,,newcomer,,,1,0,0,ESDB_V0_4
14611,14909,ngos,-12.6873,0,NOT_EXACT_EN_US,,,,,,,REJECTED_AUTO,0,0,0,,,,,0,0,0,ESDB_V0_4
14612,14910,nicest,-12.6873,1,PASS,35,,aj,nice,FORM,,MASTER,0,0,0,,,,,0,0,0,ESDB_V0_4
14613,14912,obstruction,-12.6873,1,PASS,35,,n,obstruction,LEMMA,,MASTER,0,0,0,,,,,0,0,0,ESDB_V0_4
14614,14913,openness,-12.6873,1,PASS,35,,n,openness,LEMMA,,MASTER,0,0,0,,,,,0,0,0,ESDB_V0_4
14615,14914,opium,-12.6873,1,PASS,35,,n,opium,LEMMA,,MASTER,0,0,0,,,,,0,0,0,ESDB_V0_4
14616,14915,ordeal,-12.6873,1,PASS,35,,n,ordeal,LEMMA,,MASTER,0,0,0,,,,,0,0,0,ESDB_V0_4
14617,14916,outlaw,-12.6873,1,PASS,35,,n_v;aj,outlaw,LEMMA,,MASTER,0,0,0,,,,,0,0,0,ESDB_V0_4
14618,14917,overlook,-12.6873,1,PASS,35,,n_v,overlook,LEMMA,,MASTER,0,0,0,,,,,0,0,0,ESDB_V0_4
14619,14918,overs,-12.6873,1,PASS,35,,n,over,FORM,,MASTER,0,1,1,,over,covers;lovers;rovers,,1,3,0,ESDB_V0_4
14620,14919,overturned,-12.6873,1,PASS,35,,v;aj,overturn;overturned,FORM;LEMMA,,MASTER,0,0,0,,,,,0,0,0,ESDB_V0_4
14621,14921,passions,-12.6873,1,PASS,35,,n,passion,FORM,,MASTER,0,1,0,,passion,,,1,0,0,ESDB_V0_4
14622,14922,pathology,-12.6873,1,PASS,35,,n,pathology,LEMMA,,MASTER,0,0,0,,,,,0,0,0,ESDB_V0_4
14623,14923,pediatric,-12.6873,1,PASS,50,,aj,pediatric,LEMMA,,MASTER,0,0,0,,,,,0,0,0,ESDB_V0_4
14624,14924,persecuted,-12.6873,1,PASS,35,,v,persecute,FORM,,MASTER,0,0,0,,,,,0,0,0,ESDB_V0_4
14625,14925,pickles,-12.6873,1,PASS,35,,n_v,pickle,FORM,,MASTER,0,1,0,,pickle,,,1,0,0,ESDB_V0_4
14626,14926,piled,-12.6873,1,PASS,35,,n_v,pile,FORM,,MASTER,0,1,0,,pile,,,1,0,0,ESDB_V0_4
14627,14927,pivotal,-12.6873,1,PASS,35,,aj,pivotal,LEMMA,,MASTER,0,0,0,,,,,0,0,0,ESDB_V0_4
14628,14928,pixel,-12.6873,1,PASS,40,,n,pixel,LEMMA,,MASTER,0,1,1,,,,pixels,0,1,1,ESDB_V0_4
14629,14929,playful,-12.6873,1,PASS,35,,aj,playful,LEMMA,,MASTER,0,0,0,,,,,0,0,0,ESDB_V0_4
14630,14930,ponds,-12.6873,1,PASS,35,,n,pond,FORM,,MASTER,0,1,0,,pond,,,1,0,0,ESDB_V0_4
14631,14931,practised,-12.6873,0,NOT_EXACT_EN_US,,,,,,,REJECTED_AUTO,0,0,0,,,,,0,0,0,ESDB_V0_4
14632,14932,prevailed,-12.6873,1,PASS,35,,v,prevail,FORM,,MASTER,0,0,0,,,,,0,0,0,ESDB_V0_4
14633,14933,pronunciation,-12.6873,1,PASS,35,,n,pronunciation,LEMMA,,MASTER,0,0,0,,,,,0,0,0,ESDB_V0_4
14634,14934,pts,-12.6873,0,NOT_EXACT_EN_US,,,,,,,REJECTED_AUTO,0,0,0,,,,,0,0,0,ESDB_V0_4
14635,14935,queries,-12.6873,1,PASS,35,,n_v,query,FORM,,MASTER,0,0,0,,,,,0,0,0,ESDB_V0_4
14636,14936,raft,-12.6873,1,PASS,35,,n_v,raft,LEMMA,,MASTER,0,1,1,aft,,draft;craft;graft,,1,3,0,ESDB_V0_4
14637,14937,raj,-12.6873,0,NOT_EXACT_EN_US,,,,,,,REJECTED_AUTO,0,0,0,,,,,0,0,0,ESDB_V0_4
14638,14938,relocation,-12.6873,1,PASS,35,,n,relocation,LEMMA,,MASTER,0,0,0,,,,,0,0,0,ESDB_V0_4
14639,14939,resembling,-12.6873,1,PASS,35,,v,resemble,FORM,,MASTER,0,0,0,,,,,0,0,0,ESDB_V0_4
14640,14940,rhymes,-12.6873,1,PASS,35,,n_v,rhyme,FORM,,MASTER,0,1,0,,rhyme,,,1,0,0,ESDB_V0_4
14641,14941,ricardo,-12.6873,0,NOT_EXACT_EN_US,,,,,,,REJECTED_AUTO,0,0,0,,,,,0,0,0,ESDB_V0_4
14642,14942,rye,-12.6873,1,PASS,35,,n,rye,LEMMA,,MASTER,0,1,0,ye,,,,1,0,0,ESDB_V0_4
14643,14943,scanned,-12.6873,1,PASS,35,,n_v,scan,FORM,,MASTER,0,1,0,canned,,,,1,0,0,ESDB_V0_4
14644,14944,seminars,-12.6873,1,PASS,35,,n,seminar,FORM,,MASTER,0,1,0,,seminar,,,1,0,0,ESDB_V0_4
14645,14945,sexes,-12.6873,1,PASS,35,,n_v,sex,FORM,,MASTER,0,0,0,,,,,0,0,0,ESDB_V0_4
14646,14946,solvent,-12.6873,1,PASS,35,,n;aj,solvent,LEMMA,,MASTER,0,0,0,,,,,0,0,0,ESDB_V0_4
14647,14947,specialised,-12.6873,0,NOT_EXACT_EN_US,,,,,,,REJECTED_AUTO,0,0,0,,,,,0,0,0,ESDB_V0_4
14648,14948,specials,-12.6873,1,PASS,35,,n,special,FORM,,MASTER,0,1,0,,special,,,1,0,0,ESDB_V0_4
14649,14949,staffing,-12.6873,1,PASS,35,,v;n,staff;staffing,FORM;LEMMA,,MASTER,0,0,0,,,,,0,0,0,ESDB_V0_4
14650,14950,stamped,-12.6873,1,PASS,35,,n_v,stamp,FORM,,MASTER,0,0,0,,,,,0,0,0,ESDB_V0_4
14651,14951,steele,-12.6873,0,NOT_EXACT_EN_US,,,,,,,REJECTED_AUTO,0,0,0,,,,,0,0,0,ESDB_V0_4
14652,14952,striped,-12.6873,1,PASS,35,,n_v;aj,stripe;striped,FORM;LEMMA,,MASTER,0,1,0,,stripe,,,1,0,0,ESDB_V0_4
14653,14953,styled,-12.6873,1,PASS,35,,n_v,style,FORM,,MASTER,0,1,0,,style,,,1,0,0,ESDB_V0_4
14654,14954,substituted,-12.6873,1,PASS,35,,n_v,substitute,FORM,,MASTER,0,1,0,,substitute,,,1,0,0,ESDB_V0_4
14655,14955,succeeds,-12.6873,1,PASS,35,,v,succeed,FORM,,MASTER,0,1,0,,succeed,,,1,0,0,ESDB_V0_4
14656,14956,summons,-12.6873,1,PASS,35,,v;n_v,summon;summons,FORM;LEMMA,,MASTER,0,1,0,,summon,,,1,0,0,ESDB_V0_4
14657,14957,surrounds,-12.6873,1,PASS,35,,v,surround,FORM,,MASTER,0,1,0,,surround,,,1,0,0,ESDB_V0_4
14658,14958,tao,-12.6873,0,NOT_EXACT_EN_US,,,,,,,REJECTED_AUTO,0,0,0,,,,,0,0,0,ESDB_V0_4
14659,14959,taped,-12.6873,1,PASS,35,,n_v;aj,tape;taped,FORM;LEMMA,,MASTER,0,1,0,,tape,,,1,0,0,ESDB_V0_4
14660,14960,teasing,-12.6873,1,PASS,35,,n_v;n;aj,tease;teasing,FORM;LEMMA,,MASTER,0,0,0,,,,,0,0,0,ESDB_V0_4
14661,14961,thyroid,-12.6873,1,PASS,35,,n;aj,thyroid,LEMMA,,MASTER,0,0,0,,,,,0,0,0,ESDB_V0_4
14662,14962,tiffany,-12.6873,0,NOT_EXACT_EN_US,,,,,,,REJECTED_AUTO,0,0,0,,,,,0,0,0,ESDB_V0_4
14663,14963,tighten,-12.6873,1,PASS,35,,v,tighten,LEMMA,,MASTER,0,0,0,,,,,0,0,0,ESDB_V0_4
14664,14964,toughest,-12.6873,1,PASS,35,,aj,tough,FORM,,MASTER,0,0,0,,,,,0,0,0,ESDB_V0_4
14665,14965,tripping,-12.6873,1,PASS,35,,n_v;aj,trip;tripping,FORM;LEMMA,,MASTER,0,1,1,ripping,,stripping,,1,1,0,ESDB_V0_4
14666,14966,twenties,-12.6873,1,PASS,35,,n,twenty,FORM,,MASTER,0,0,0,,,,,0,0,0,ESDB_V0_4
14667,14967,tyres,-12.6873,0,NOT_EXACT_EN_US,,,,,,,REJECTED_AUTO,0,0,0,,,,,0,0,0,ESDB_V0_4
14668,14968,uefa,-12.6873,0,NOT_EXACT_EN_US,,,,,,,REJECTED_AUTO,0,0,0,,,,,0,0,0,ESDB_V0_4
14669,14969,ufo,-12.6873,0,NOT_EXACT_EN_US,,,,,,,REJECTED_AUTO,0,0,0,,,,,0,0,0,ESDB_V0_4
14670,14970,unauthorized,-12.6873,1,PASS,35,,aj,unauthorized,LEMMA,,MASTER,0,0,0,,,,,0,0,0,ESDB_V0_4
14671,14971,uncertainties,-12.6873,1,PASS,35,,n,uncertainty,FORM,,MASTER,0,0,0,,,,,0,0,0,ESDB_V0_4
14672,14972,unconditional,-12.6873,1,PASS,35,,aj,unconditional,LEMMA,,MASTER,0,0,0,,,,,0,0,0,ESDB_V0_4
14673,14973,unicorn,-12.6873,1,PASS,35,,n,unicorn,LEMMA,,MASTER,0,0,0,,,,,0,0,0,ESDB_V0_4
14674,14974,unix,-12.6873,0,NOT_EXACT_EN_US,,,,,,,REJECTED_AUTO,0,0,0,,,,,0,0,0,ESDB_V0_4
14675,14975,usable,-12.6873,1,PASS,35,,aj,usable,LEMMA,,MASTER,0,0,0,,,,,0,0,0,ESDB_V0_4
14676,14976,vaguely,-12.6873,1,PASS,35,,av,vaguely,LEMMA,,MASTER,0,0,0,,,,,0,0,0,ESDB_V0_4
14677,14977,vampires,-12.6873,1,PASS,35,,n,vampire,FORM,,MASTER,0,1,0,,vampire,,,1,0,0,ESDB_V0_4
14678,14978,var,-12.6873,1,PASS,50,,n,var,LEMMA,,MASTER,0,1,1,,,,vary,0,1,0,ESDB_V0_4
14679,14979,vertically,-12.6873,1,PASS,35,,av,vertically,LEMMA,,MASTER,0,0,0,,,,,0,0,0,ESDB_V0_4
14680,14980,volatility,-12.6873,1,PASS,40,,n,volatility,LEMMA,,MASTER,0,0,0,,,,,0,0,0,ESDB_V0_4
14681,14981,ware,-12.6873,1,PASS,40,50,n,ware,LEMMA,,MASTER,0,1,1,are,war,aware,,2,1,0,ESDB_V0_4
14682,14982,wc,-12.6873,0,NOT_EXACT_EN_US,,,,,,,REJECTED_AUTO,0,0,0,,,,,0,0,0,ESDB_V0_4
14683,14983,welding,-12.6873,1,PASS,35,,n_v;n,weld;welding,FORM;LEMMA,,MASTER,0,0,0,,,,,0,0,0,ESDB_V0_4
14684,14984,wiki,-12.6873,0,SPECIAL_ONLY,50,,n,wiki,LEMMA,,REJECTED_AUTO,0,0,0,,,,,0,0,0,ESDB_V0_4
14685,14985,wilkinson,-12.6873,0,NOT_EXACT_EN_US,,,,,,,REJECTED_AUTO,0,0,0,,,,,0,0,0,ESDB_V0_4
14686,14986,williamson,-12.6873,0,NOT_EXACT_EN_US,,,,,,,REJECTED_AUTO,0,0,0,,,,,0,0,0,ESDB_V0_4
14687,14987,witnessing,-12.6873,1,PASS,35,,n_v,witness,FORM,,MASTER,0,0,0,,,,,0,0,0,ESDB_V0_4
14688,14990,abandonment,-12.7103,1,PASS,35,,n,abandonment,LEMMA,,MASTER,0,0,0,,,,,0,0,0,ESDB_V0_4
14689,14991,abbas,-12.7103,0,NOT_EXACT_EN_US,,,,,,,REJECTED_AUTO,0,0,0,,,,,0,0,0,ESDB_V0_4
14690,14992,acquaintances,-12.7103,1,PASS,35,,n,acquaintance,FORM,,MASTER,0,1,0,,acquaintance,,,1,0,0,ESDB_V0_4
14691,14993,addicts,-12.7103,1,PASS,35,,n_v,addict,FORM,,MASTER,0,1,0,,addict,,,1,0,0,ESDB_V0_4
14692,14994,admittedly,-12.7103,1,PASS,35,,av,admittedly,LEMMA,,MASTER,0,0,0,,,,,0,0,0,ESDB_V0_4
14693,14996,ajax,-12.7103,0,NOT_EXACT_EN_US,,,,,,,REJECTED_AUTO,0,0,0,,,,,0,0,0,ESDB_V0_4
14694,14997,alain,-12.7103,0,NOT_EXACT_EN_US,,,,,,,REJECTED_AUTO,0,0,0,,,,,0,0,0,ESDB_V0_4
14695,14998,aloud,-12.7103,1,PASS,35,,av,aloud,LEMMA,,MASTER,0,1,0,loud,,,,1,0,0,ESDB_V0_4
14696,14999,alto,-12.7103,1,PASS,35,,n;aj,alto,LEMMA,,MASTER,0,0,0,,,,,0,0,0,ESDB_V0_4
14697,15000,amelia,-12.7103,0,NOT_EXACT_EN_US,,,,,,,REJECTED_AUTO,0,0,0,,,,,0,0,0,ESDB_V0_4
14698,15001,amos,-12.7103,0,NOT_EXACT_EN_US,,,,,,,REJECTED_AUTO,0,0,0,,,,,0,0,0,ESDB_V0_4
14699,15002,ancestral,-12.7103,1,PASS,35,,aj,ancestral,LEMMA,,MASTER,0,0,0,,,,,0,0,0,ESDB_V0_4
14700,15003,ankles,-12.7103,1,PASS,35,,n,ankle,FORM,,MASTER,0,1,0,,ankle,,,1,0,0,ESDB_V0_4
14701,15004,annexed,-12.7103,1,PASS,35,,n_v,annex,FORM,,MASTER,0,0,0,,,,,0,0,0,ESDB_V0_4
14702,15005,arrivals,-12.7103,1,PASS,35,,n,arrival,FORM,,MASTER,0,1,0,,arrival,,,1,0,0,ESDB_V0_4
14703,15006,attends,-12.7103,1,PASS,35,,v,attend,FORM,,MASTER,0,1,0,,attend,,,1,0,0,ESDB_V0_4
14704,15007,avid,-12.7103,1,PASS,35,,aj,avid,LEMMA,,MASTER,0,0,0,,,,,0,0,0,ESDB_V0_4
14705,15008,az,-12.7103,0,NOT_EXACT_EN_US,,,,,,,REJECTED_AUTO,0,0,0,,,,,0,0,0,ESDB_V0_4
14706,15009,barking,-12.7103,1,PASS,35,,v,bark,FORM,,MASTER,0,0,0,,,,,0,0,0,ESDB_V0_4
14707,15010,bartender,-12.7103,1,PASS,35,,n,bartender,LEMMA,,MASTER,0,0,0,,,,,0,0,0,ESDB_V0_4
14708,15011,bedford,-12.7103,0,NOT_EXACT_EN_US,,,,,,,REJECTED_AUTO,0,0,0,,,,,0,0,0,ESDB_V0_4
14709,15012,bedtime,-12.7103,1,PASS,35,,n,bedtime,LEMMA,,MASTER,0,0,0,,,,,0,0,0,ESDB_V0_4
14710,15013,beethoven,-12.7103,0,NOT_EXACT_EN_US,,,,,,,REJECTED_AUTO,0,0,0,,,,,0,0,0,ESDB_V0_4
14711,15014,behaving,-12.7103,1,PASS,35,,v,behave,FORM,,MASTER,0,0,0,,,,,0,0,0,ESDB_V0_4
14712,15015,beneficiaries,-12.7103,1,PASS,35,,n,beneficiary,FORM,,MASTER,0,0,0,,,,,0,0,0,ESDB_V0_4
14713,15016,benign,-12.7103,1,PASS,35,,aj,benign,LEMMA,,MASTER,0,0,0,,,,,0,0,0,ESDB_V0_4
14714,15017,bows,-12.7103,1,PASS,35,,n_v,bow,FORM,,MASTER,0,1,0,,bow,,,1,0,0,ESDB_V0_4
14715,15018,brewer,-12.7103,1,PASS,40,50,n,brewer,LEMMA,,MASTER,0,1,1,,,,brewery;brewers,0,2,1,ESDB_V0_4
14716,15019,bursts,-12.7103,1,PASS,35,,n_v,burst,FORM,,MASTER,0,1,0,,burst,,,1,0,0,ESDB_V0_4
14717,15020,caleb,-12.7103,0,NOT_EXACT_EN_US,,,,,,,REJECTED_AUTO,0,0,0,,,,,0,0,0,ESDB_V0_4
14718,15021,campuses,-12.7103,1,PASS,35,,n,campus,FORM,,MASTER,0,0,0,,,,,0,0,0,ESDB_V0_4
14719,15022,catholicism,-12.7103,0,NOT_EXACT_EN_US,,,,,,,REJECTED_AUTO,0,0,0,,,,,0,0,0,ESDB_V0_4
14720,15023,cherish,-12.7103,1,PASS,35,,v,cherish,LEMMA,,MASTER,0,0,0,,,,,0,0,0,ESDB_V0_4
14721,15024,clint,-12.7103,0,NOT_EXACT_EN_US,,,,,,,REJECTED_AUTO,0,0,0,,,,,0,0,0,ESDB_V0_4
14722,15025,clumsy,-12.7103,1,PASS,35,,aj,clumsy,LEMMA,,MASTER,0,0,0,,,,,0,0,0,ESDB_V0_4
14723,15026,coached,-12.7103,1,PASS,35,,n_v,coach,FORM,,MASTER,0,0,0,,,,,0,0,0,ESDB_V0_4
14724,15027,collaborate,-12.7103,1,PASS,35,,v,collaborate,LEMMA,,MASTER,0,1,1,,,,collaborated,0,1,1,ESDB_V0_4
14725,15028,complexes,-12.7103,1,PASS,35,,n,complex,FORM,,MASTER,0,0,0,,,,,0,0,0,ESDB_V0_4
14726,15029,concede,-12.7103,1,PASS,35,,v,concede,LEMMA,,MASTER,0,1,1,,,,conceded,0,1,1,ESDB_V0_4
14727,15030,concussion,-12.7103,1,PASS,35,,n,concussion,LEMMA,,MASTER,0,0,0,,,,,0,0,0,ESDB_V0_4
14728,15031,confronting,-12.7103,1,PASS,35,,v,confront,FORM,,MASTER,0,0,0,,,,,0,0,0,ESDB_V0_4
14729,15032,connector,-12.7103,1,PASS,35,,n,connector,LEMMA,,MASTER,0,0,0,,,,,0,0,0,ESDB_V0_4
14730,15033,coronation,-12.7103,1,PASS,35,,n,coronation,LEMMA,,MASTER,0,0,0,,,,,0,0,0,ESDB_V0_4
14731,15034,cortex,-12.7103,1,PASS,35,,n,cortex,LEMMA,,MASTER,0,0,0,,,,,0,0,0,ESDB_V0_4
14732,15036,counselling,-12.7103,0,NOT_EXACT_EN_US,,,,,,,REJECTED_AUTO,0,0,0,,,,,0,0,0,ESDB_V0_4
14733,15037,crank,-12.7103,1,PASS,35,,n_v;aj,crank,LEMMA,,MASTER,0,1,0,rank,,,,1,0,0,ESDB_V0_4
14734,15038,crossings,-12.7103,1,PASS,35,,n,crossing,FORM,,MASTER,0,1,0,,crossing,,,1,0,0,ESDB_V0_4
14735,15039,crows,-12.7103,1,PASS,35,,n_v,crow,FORM,,MASTER,0,1,0,rows,crow,,,2,0,0,ESDB_V0_4
14736,15040,cu,-12.7103,0,NO_ESDB_GENERAL_EVIDENCE,,,,,,,REJECTED_AUTO,0,0,0,,,,,0,0,0,ESDB_V0_4
14737,15041,cunningham,-12.7103,0,NOT_EXACT_EN_US,,,,,,,REJECTED_AUTO,0,0,0,,,,,0,0,0,ESDB_V0_4
14738,15042,curator,-12.7103,1,PASS,35,,n,curator,LEMMA,,MASTER,0,0,0,,,,,0,0,0,ESDB_V0_4
14739,15043,dart,-12.7103,1,PASS,35,,n_v,dart,LEMMA,,MASTER,0,1,1,art,,,darts,1,1,1,ESDB_V0_4
14740,15044,depended,-12.7103,1,PASS,35,,v,depend,FORM,,MASTER,0,0,0,,,,,0,0,0,ESDB_V0_4
14741,15045,deportation,-12.7103,1,PASS,35,,n,deportation,LEMMA,,MASTER,0,0,0,,,,,0,0,0,ESDB_V0_4
14742,15046,deprivation,-12.7103,1,PASS,35,,n,deprivation,LEMMA,,MASTER,0,0,0,,,,,0,0,0,ESDB_V0_4
14743,15047,designate,-12.7103,1,PASS,35,,v;a,designate,LEMMA,,MASTER,0,1,1,,,,designated,0,1,1,ESDB_V0_4
14744,15048,destroyer,-12.7103,1,PASS,35,,n,destroyer,LEMMA,,MASTER,0,0,0,,,,,0,0,0,ESDB_V0_4
14745,15049,dickens,-12.7103,0,CASE_FREQ_COLLISION,60,50,n,dickens,LEMMA,vulgar-3,REJECTED_AUTO,0,0,0,,,,,0,0,0,ESDB_V0_4
14746,15050,digestive,-12.7103,1,PASS,35,,aj,digestive,LEMMA,,MASTER,0,0,0,,,,,0,0,0,ESDB_V0_4
14747,15051,directs,-12.7103,1,PASS,35,,v,direct,FORM,,MASTER,0,1,0,,direct,,,1,0,0,ESDB_V0_4
14748,15052,discriminatory,-12.7103,1,PASS,35,,aj,discriminatory,LEMMA,,MASTER,0,0,0,,,,,0,0,0,ESDB_V0_4
14749,15053,disks,-12.7103,1,PASS,35,,n,disk,FORM,,MASTER,0,1,0,,disk,,,1,0,0,ESDB_V0_4
14750,15054,distressed,-12.7103,1,PASS,35,,v;aj,distress;distressed,FORM;LEMMA,,MASTER,0,0,0,,,,,0,0,0,ESDB_V0_4
14751,15055,divergent,-12.7103,1,PASS,35,,aj,divergent,LEMMA,,MASTER,0,0,0,,,,,0,0,0,ESDB_V0_4
14752,15056,dolly,-12.7103,1,PASS,35,50,n,dolly,LEMMA,,MASTER,0,1,0,,doll,,,1,0,0,ESDB_V0_4
14753,15057,doorway,-12.7103,1,PASS,35,,n,doorway,LEMMA,,MASTER,0,0,0,,,,,0,0,0,ESDB_V0_4
14754,15058,drip,-12.7103,1,PASS,35,,n_v,drip,LEMMA,,MASTER,0,1,0,rip,,,,1,0,0,ESDB_V0_4
14755,15059,dungeon,-12.7103,1,PASS,35,,n,dungeon,LEMMA,,MASTER,0,1,1,,,,dungeons,0,1,1,ESDB_V0_4
14756,15060,elastic,-12.7103,1,PASS,35,,n;aj,elastic,LEMMA,,MASTER,0,0,0,,,,,0,0,0,ESDB_V0_4
14757,15061,eliot,-12.7103,0,NOT_EXACT_EN_US,,,,,,,REJECTED_AUTO,0,0,0,,,,,0,0,0,ESDB_V0_4
14758,15062,encyclopedia,-12.7103,1,PASS,35,,n,encyclopedia,LEMMA,,MASTER,0,0,0,,,,,0,0,0,ESDB_V0_4
14759,15063,eps,-12.7103,0,NOT_EXACT_EN_US,,,,,,,REJECTED_AUTO,0,0,0,,,,,0,0,0,ESDB_V0_4
14760,15064,experimenting,-12.7103,1,PASS,35,,n_v,experiment,FORM,,MASTER,0,0,0,,,,,0,0,0,ESDB_V0_4
14761,15065,expire,-12.7103,1,PASS,35,,v,expire,LEMMA,,MASTER,0,1,1,,,,expired;expires,0,2,2,ESDB_V0_4
14762,15066,feudal,-12.7103,1,PASS,35,,aj,feudal,LEMMA,,MASTER,0,0,0,,,,,0,0,0,ESDB_V0_4
14763,15067,fixture,-12.7103,1,PASS,35,,n,fixture,LEMMA,,MASTER,0,1,1,,,,fixtures,0,1,1,ESDB_V0_4
14764,15068,foe,-12.7103,1,PASS,35,,n,foe,LEMMA,,MASTER,0,1,1,,,,foes,0,1,1,ESDB_V0_4
14765,15069,forgiving,-12.7103,1,PASS,35,,v;aj,forgive;forgiving,FORM;LEMMA,,MASTER,0,0,0,,,,,0,0,0,ESDB_V0_4
14766,15070,fractures,-12.7103,1,PASS,35,,n_v,fracture,FORM,,MASTER,0,1,0,,fracture,,,1,0,0,ESDB_V0_4
14767,15071,francois,-12.7103,0,NOT_EXACT_EN_US,,,,,,,REJECTED_AUTO,0,0,0,,,,,0,0,0,ESDB_V0_4
14768,15072,gifs,-12.7103,0,NOT_EXACT_EN_US,,,,,,,REJECTED_AUTO,0,0,0,,,,,0,0,0,ESDB_V0_4
14769,15073,gonzalez,-12.7103,0,NOT_EXACT_EN_US,,,,,,,REJECTED_AUTO,0,0,0,,,,,0,0,0,ESDB_V0_4
14770,15074,gradient,-12.7103,1,PASS,35,,n,gradient,LEMMA,,MASTER,0,0,0,,,,,0,0,0,ESDB_V0_4
14771,15075,gs,-12.7103,0,NOT_EXACT_EN_US,,,,,,,REJECTED_AUTO,0,0,0,,,,,0,0,0,ESDB_V0_4
14772,15076,guinness,-12.7103,0,NOT_EXACT_EN_US,,,,,,,REJECTED_AUTO,0,0,0,,,,,0,0,0,ESDB_V0_4
14773,15077,haitian,-12.7103,0,NOT_EXACT_EN_US,,,,,,,REJECTED_AUTO,0,0,0,,,,,0,0,0,ESDB_V0_4
14774,15078,hanoi,-12.7103,0,NOT_EXACT_EN_US,,,,,,,REJECTED_AUTO,0,0,0,,,,,0,0,0,ESDB_V0_4
14775,15079,hilary,-12.7103,0,NOT_EXACT_EN_US,,,,,,,REJECTED_AUTO,0,0,0,,,,,0,0,0,ESDB_V0_4
14776,15080,hog,-12.7103,1,PASS,35,,n;v,hog,LEMMA;FORM,,MASTER,0,1,0,,ho,,,1,0,0,ESDB_V0_4
14777,15081,horizons,-12.7103,1,PASS,35,,n,horizon,FORM,,MASTER,0,1,0,,horizon,,,1,0,0,ESDB_V0_4
14778,15082,illegitimate,-12.7103,1,PASS,35,,aj,illegitimate,LEMMA,,MASTER,0,0,0,,,,,0,0,0,ESDB_V0_4
14779,15083,illuminated,-12.7103,1,PASS,35,,v;aj,illuminate;illuminated,FORM;LEMMA,,MASTER,0,0,0,,,,,0,0,0,ESDB_V0_4
14780,15084,imam,-12.7103,1,PASS,50,,n,imam,LEMMA,,MASTER,0,0,0,,,,,0,0,0,ESDB_V0_4
14781,15085,inaugurated,-12.7103,1,PASS,35,,v,inaugurate,FORM,,MASTER,0,0,0,,,,,0,0,0,ESDB_V0_4
14782,15086,influenza,-12.7103,1,PASS,35,,n,influenza,LEMMA,,MASTER,0,0,0,,,,,0,0,0,ESDB_V0_4
14783,15087,intellect,-12.7103,1,PASS,35,,n,intellect,LEMMA,,MASTER,0,0,0,,,,,0,0,0,ESDB_V0_4
14784,15088,ions,-12.7103,1,PASS,35,,n,ion,FORM,,MASTER,0,1,1,,ion,lions,,1,1,0,ESDB_V0_4
14785,15089,isabella,-12.7103,0,NOT_EXACT_EN_US,,,,,,,REJECTED_AUTO,0,0,0,,,,,0,0,0,ESDB_V0_4
14786,15090,jaime,-12.7103,0,NOT_EXACT_EN_US,,,,,,,REJECTED_AUTO,0,0,0,,,,,0,0,0,ESDB_V0_4
14787,15091,jeanne,-12.7103,0,NOT_EXACT_EN_US,,,,,,,REJECTED_AUTO,0,0,0,,,,,0,0,0,ESDB_V0_4
14788,15092,jenna,-12.7103,0,NOT_EXACT_EN_US,,,,,,,REJECTED_AUTO,0,0,0,,,,,0,0,0,ESDB_V0_4
14789,15093,joanna,-12.7103,0,NOT_EXACT_EN_US,,,,,,,REJECTED_AUTO,0,0,0,,,,,0,0,0,ESDB_V0_4
14790,15094,jonah,-12.7103,0,NOT_EXACT_EN_US,,,,,,,REJECTED_AUTO,0,0,0,,,,,0,0,0,ESDB_V0_4
14791,15095,julio,-12.7103,0,NOT_EXACT_EN_US,,,,,,,REJECTED_AUTO,0,0,0,,,,,0,0,0,ESDB_V0_4
14792,15096,jurassic,-12.7103,0,NOT_EXACT_EN_US,,,,,,,REJECTED_AUTO,0,0,0,,,,,0,0,0,ESDB_V0_4
14793,15097,kidnap,-12.7103,1,PASS,35,,v,kidnap,LEMMA,,MASTER,0,0,0,,,,,0,0,0,ESDB_V0_4
14794,15098,legged,-12.7103,1,PASS,35,,n_v;aj,leg;legged,FORM;LEMMA,,MASTER,0,0,0,,,,,0,0,0,ESDB_V0_4
14795,15099,lf,-12.7103,0,NOT_EXACT_EN_US,,,,,,,REJECTED_AUTO,0,0,0,,,,,0,0,0,ESDB_V0_4
14796,15100,livelihood,-12.7103,1,PASS,35,,n,livelihood,LEMMA,,MASTER,0,0,0,,,,,0,0,0,ESDB_V0_4
14797,15101,madden,-12.7103,1,PASS,35,50,v,madden,LEMMA,,MASTER,0,0,0,,,,,0,0,0,ESDB_V0_4
14798,15102,madeleine,-12.7103,0,NOT_EXACT_EN_US,,,,,,,REJECTED_AUTO,0,0,0,,,,,0,0,0,ESDB_V0_4
14799,15103,mailing,-12.7103,1,PASS,35,,n_v;n,mail;mailing,FORM;LEMMA,,MASTER,0,0,0,,,,,0,0,0,ESDB_V0_4
14800,15104,malware,-12.7103,0,SPECIAL_ONLY,50,,n,malware,LEMMA,,REJECTED_AUTO,0,0,0,,,,,0,0,0,ESDB_V0_4
14801,15105,mandarin,-12.7103,0,CASE_FREQ_COLLISION,40,40,n,mandarin,LEMMA,,REJECTED_AUTO,0,0,0,,,,,0,0,0,ESDB_V0_4
14802,15106,manifestation,-12.7103,1,PASS,35,,n,manifestation,LEMMA,,MASTER,0,1,1,,,,manifestations,0,1,1,ESDB_V0_4
14803,15107,manned,-12.7103,1,PASS,35,,v;aj,man;manned,FORM;LEMMA,,MASTER,0,0,0,,,,,0,0,0,ESDB_V0_4
14804,15108,martyrs,-12.7103,1,PASS,35,,n_v,martyr,FORM,,MASTER,0,1,0,,martyr,,,1,0,0,ESDB_V0_4
14805,15109,michele,-12.7103,0,NOT_EXACT_EN_US,,,,,,,REJECTED_AUTO,0,0,0,,,,,0,0,0,ESDB_V0_4
14806,15110,microscope,-12.7103,1,PASS,35,,n,microscope,LEMMA,,MASTER,0,0,0,,,,,0,0,0,ESDB_V0_4
14807,15111,midfield,-12.7103,1,PASS,60,,n,midfield,LEMMA,,MASTER,0,0,0,,,,,0,0,0,ESDB_V0_4
14808,15112,mitigate,-12.7103,1,PASS,35,,v,mitigate,LEMMA,,MASTER,0,0,0,,,,,0,0,0,ESDB_V0_4
14809,15113,mixer,-12.7103,1,PASS,35,,n,mixer,LEMMA,,MASTER,0,0,0,,,,,0,0,0,ESDB_V0_4
14810,15114,murdoch,-12.7103,0,NOT_EXACT_EN_US,,,,,,,REJECTED_AUTO,0,0,0,,,,,0,0,0,ESDB_V0_4
14811,15115,mustache,-12.7103,1,PASS,35,,n,mustache,LEMMA,,MASTER,0,0,0,,,,,0,0,0,ESDB_V0_4
14812,15116,myriad,-12.7103,1,PASS,35,,n;aj,myriad,LEMMA,,MASTER,0,0,0,,,,,0,0,0,ESDB_V0_4
14813,15117,narcotics,-12.7103,1,PASS,35,,n,narcotic,FORM,,MASTER,0,0,0,,,,,0,0,0,ESDB_V0_4
14814,15118,nests,-12.7103,1,PASS,35,,n_v,nest,FORM,,MASTER,0,1,0,,nest,,,1,0,0,ESDB_V0_4
14815,15119,nichols,-12.7103,0,NOT_EXACT_EN_US,,,,,,,REJECTED_AUTO,0,0,0,,,,,0,0,0,ESDB_V0_4
14816,15120,nora,-12.7103,0,NOT_EXACT_EN_US,,,,,,,REJECTED_AUTO,0,0,0,,,,,0,0,0,ESDB_V0_4
14817,15121,ozone,-12.7103,1,PASS,35,,n,ozone,LEMMA,,MASTER,0,1,0,zone,,,,1,0,0,ESDB_V0_4
14818,15122,paced,-12.7103,1,PASS,35,,n_v,pace,FORM,,MASTER,0,1,1,,pace,spaced,,1,1,0,ESDB_V0_4
14819,15123,parrot,-12.7103,1,PASS,35,,n_v,parrot,LEMMA,,MASTER,0,0,0,,,,,0,0,0,ESDB_V0_4
14820,15124,patented,-12.7103,1,PASS,35,,n_v;aj,patent;patented,FORM;LEMMA,,MASTER,0,0,0,,,,,0,0,0,ESDB_V0_4
14821,15125,peanuts,-12.7103,1,PASS,35,,n,peanut,FORM,,MASTER,0,1,0,,peanut,,,1,0,0,ESDB_V0_4
14822,15126,phosphorus,-12.7103,1,PASS,35,,n,phosphorus,LEMMA,,MASTER,0,0,0,,,,,0,0,0,ESDB_V0_4
14823,15127,pierced,-12.7103,1,PASS,35,,v,pierce,FORM,,MASTER,0,1,0,,pierce,,,1,0,0,ESDB_V0_4
14824,15128,pimp,-12.7103,1,PASS,40,,n_v,pimp,LEMMA,,MASTER,0,0,0,,,,,0,0,0,ESDB_V0_4
14825,15129,pleading,-12.7103,1,PASS,35,,v;n,plead;pleading,FORM;LEMMA,,MASTER,0,1,0,leading,,,,1,0,0,ESDB_V0_4
14826,15130,pleas,-12.7103,1,PASS,35,,n,plea,FORM,,MASTER,0,1,1,,plea,,please,1,1,0,ESDB_V0_4
14827,15131,praises,-12.7103,1,PASS,35,,v,praise,FORM,,MASTER,0,1,0,raises,praise,,,2,0,0,ESDB_V0_4
14828,15132,precaution,-12.7103,1,PASS,35,,n,precaution,LEMMA,,MASTER,0,1,1,,,,precautions,0,1,1,ESDB_V0_4
14829,15133,programmers,-12.7103,1,PASS,35,,n,programmer,FORM,,MASTER,0,1,0,,programmer,,,1,0,0,ESDB_V0_4
14830,15134,progressing,-12.7103,1,PASS,35,,v,progress,FORM,,MASTER,0,0,0,,,,,0,0,0,ESDB_V0_4
14831,15135,provoking,-12.7103,1,PASS,35,,v;aj,provoke;provoking,FORM;LEMMA,,MASTER,0,0,0,,,,,0,0,0,ESDB_V0_4
14832,15136,qur,-12.7103,0,NOT_EXACT_EN_US,,,,,,,REJECTED_AUTO,0,0,0,,,,,0,0,0,ESDB_V0_4
14833,15137,radicals,-12.7103,1,PASS,35,,n,radical,FORM,,MASTER,0,1,0,,radical,,,1,0,0,ESDB_V0_4
14834,15138,rampant,-12.7103,1,PASS,35,,aj,rampant,LEMMA,,MASTER,0,0,0,,,,,0,0,0,ESDB_V0_4
14835,15139,reluctance,-12.7103,1,PASS,35,,n,reluctance,LEMMA,,MASTER,0,0,0,,,,,0,0,0,ESDB_V0_4
14836,15140,remorse,-12.7103,1,PASS,35,,n,remorse,LEMMA,,MASTER,0,0,0,,,,,0,0,0,ESDB_V0_4
14837,15141,repercussions,-12.7103,1,PASS,35,,n,repercussion,FORM,,MASTER,0,0,0,,,,,0,0,0,ESDB_V0_4
14838,15142,revolutions,-12.7103,1,PASS,35,,n,revolution,FORM,,MASTER,0,1,0,,revolution,,,1,0,0,ESDB_V0_4
14839,15143,roaring,-12.7103,1,PASS,35,,n_v;n,roar;roaring,FORM;LEMMA,,MASTER,0,0,0,,,,,0,0,0,ESDB_V0_4
14840,15144,rovers,-12.7103,1,PASS,50,,n,rover,FORM,,MASTER,0,1,0,overs,,,,1,0,0,ESDB_V0_4
14841,15145,rpm,-12.7103,0,NO_ESDB_GENERAL_EVIDENCE,,,,,,,REJECTED_AUTO,0,0,0,,,,,0,0,0,ESDB_V0_4
14842,15146,sas,-12.7103,0,NOT_EXACT_EN_US,,,,,,,REJECTED_AUTO,0,0,0,,,,,0,0,0,ESDB_V0_4
14843,15147,schneider,-12.7103,0,NOT_EXACT_EN_US,,,,,,,REJECTED_AUTO,0,0,0,,,,,0,0,0,ESDB_V0_4
14844,15148,shelby,-12.7103,0,NOT_EXACT_EN_US,,,,,,,REJECTED_AUTO,0,0,0,,,,,0,0,0,ESDB_V0_4
14845,15149,simulations,-12.7103,1,PASS,35,,n,simulation,FORM,,MASTER,0,1,0,,simulation,,,1,0,0,ESDB_V0_4
14846,15150,sinks,-12.7103,1,PASS,35,,n_v,sink,FORM,,MASTER,0,1,0,,sink,,,1,0,0,ESDB_V0_4
14847,15151,sinner,-12.7103,1,PASS,35,,n,sinner,LEMMA,,MASTER,0,1,1,inner,,,sinners,1,1,1,ESDB_V0_4
14848,15152,sioux,-12.7103,0,NOT_EXACT_EN_US,,,,,,,REJECTED_AUTO,0,0,0,,,,,0,0,0,ESDB_V0_4
14849,15153,skinner,-12.7103,0,NOT_EXACT_EN_US,,,,,,,REJECTED_AUTO,0,0,0,,,,,0,0,0,ESDB_V0_4
14850,15154,smelled,-12.7103,1,PASS,35,,n_v,smell,FORM,,MASTER,0,0,0,,,,,0,0,0,ESDB_V0_4
14851,15155,speculate,-12.7103,1,PASS,35,,v,speculate,LEMMA,,MASTER,0,1,1,,,,speculated,0,1,1,ESDB_V0_4
14852,15156,spirited,-12.7103,1,PASS,35,,n_v;aj,spirit;spirited,FORM;LEMMA,,MASTER,0,0,0,,,,,0,0,0,ESDB_V0_4
14853,15157,squads,-12.7103,1,PASS,35,,n,squad,FORM,,MASTER,0,1,0,,squad,,,1,0,0,ESDB_V0_4
14854,15158,squeezed,-12.7103,1,PASS,35,,n_v,squeeze,FORM,,MASTER,0,1,0,,squeeze,,,1,0,0,ESDB_V0_4
14855,15159,stables,-12.7103,1,PASS,35,,n_v,stable,FORM,,MASTER,0,1,0,tables,stable,,,2,0,0,ESDB_V0_4
14856,15160,stadiums,-12.7103,1,PASS,35,,n,stadium,FORM,,MASTER,0,1,0,,stadium,,,1,0,0,ESDB_V0_4
14857,15161,stalker,-12.7103,1,PASS,40,,n,stalker,LEMMA,,MASTER,0,0,0,,,,,0,0,0,ESDB_V0_4
14858,15162,stalls,-12.7103,1,PASS,35,,n_v,stall,FORM,,MASTER,0,1,0,,stall,,,1,0,0,ESDB_V0_4
14859,15163,stanton,-12.7103,0,NOT_EXACT_EN_US,,,,,,,REJECTED_AUTO,0,0,0,,,,,0,0,0,ESDB_V0_4
14860,15164,statesman,-12.7103,1,PASS,35,,n,statesman,LEMMA,,MASTER,0,0,0,,,,,0,0,0,ESDB_V0_4
14861,15165,stout,-12.7103,1,PASS,35,50,n;aj,stout,LEMMA,,MASTER,0,1,0,tout,,,,1,0,0,ESDB_V0_4
14862,15166,strawberries,-12.7103,1,PASS,35,,n,strawberry,FORM,,MASTER,0,0,0,,,,,0,0,0,ESDB_V0_4
14863,15167,stripper,-12.7103,1,PASS,40,,n,stripper,LEMMA,,MASTER,0,0,0,,,,,0,0,0,ESDB_V0_4
14864,15168,suffolk,-12.7103,0,NOT_EXACT_EN_US,,,,,,,REJECTED_AUTO,0,0,0,,,,,0,0,0,ESDB_V0_4
14865,15169,surname,-12.7103,1,PASS,35,,n,surname,LEMMA,,MASTER,0,0,0,,,,,0,0,0,ESDB_V0_4
14866,15170,sweaty,-12.7103,1,PASS,35,,a,sweaty,LEMMA,,MASTER,0,1,0,,sweat,,,1,0,0,ESDB_V0_4
14867,15171,syracuse,-12.7103,0,NOT_EXACT_EN_US,,,,,,,REJECTED_AUTO,0,0,0,,,,,0,0,0,ESDB_V0_4
14868,15172,tackling,-12.7103,1,PASS,35,,n_v;n,tackle;tackling,FORM;LEMMA,,MASTER,0,0,0,,,,,0,0,0,ESDB_V0_4
14869,15173,tanner,-12.7103,1,PASS,35,50,aj;n,tan;tanner,FORM;LEMMA,,MASTER,0,0,0,,,,,0,0,0,ESDB_V0_4
14870,15174,telegram,-12.7103,1,PASS,35,,n,telegram,LEMMA,,MASTER,0,0,0,,,,,0,0,0,ESDB_V0_4
14871,15175,texans,-12.7103,0,NOT_EXACT_EN_US,,,,,,,REJECTED_AUTO,0,0,0,,,,,0,0,0,ESDB_V0_4
14872,15176,thorn,-12.7103,1,PASS,35,,n,thorn,LEMMA,,MASTER,0,1,1,horn,,,thorns,1,1,1,ESDB_V0_4
14873,15177,tides,-12.7103,1,PASS,35,,n_v,tide,FORM,,MASTER,0,1,0,,tide,,,1,0,0,ESDB_V0_4
14874,15178,timeless,-12.7103,1,PASS,35,,aj,timeless,LEMMA,,MASTER,0,0,0,,,,,0,0,0,ESDB_V0_4
14875,15179,tit,-12.7103,1,PASS,35,,n,tit,LEMMA,,MASTER,0,1,1,it,,,tits,1,1,1,ESDB_V0_4
14876,15180,tp,-12.7103,0,NOT_EXACT_EN_US,,,,,,,REJECTED_AUTO,0,0,0,,,,,0,0,0,ESDB_V0_4
14877,15181,tread,-12.7103,1,PASS,35,,n_v,tread,LEMMA,,MASTER,0,1,0,read,,,,1,0,0,ESDB_V0_4
14878,15182,trustworthy,-12.7103,1,PASS,35,,aj,trustworthy,LEMMA,,MASTER,0,0,0,,,,,0,0,0,ESDB_V0_4
14879,15183,turbulence,-12.7103,1,PASS,35,,n,turbulence,LEMMA,,MASTER,0,0,0,,,,,0,0,0,ESDB_V0_4
14880,15184,unmarried,-12.7103,1,PASS,35,,aj,unmarried,LEMMA,,MASTER,0,0,0,,,,,0,0,0,ESDB_V0_4
14881,15186,vans,-12.7103,1,PASS,35,,n_v,van,FORM,,MASTER,0,1,0,,van,,,1,0,0,ESDB_V0_4
14882,15187,wastes,-12.7103,1,PASS,35,,n_v,waste,FORM,,MASTER,0,1,0,,waste,,,1,0,0,ESDB_V0_4
14883,15188,weakening,-12.7103,1,PASS,35,,v;n;aj,weaken;weakening,FORM;LEMMA,,MASTER,0,0,0,,,,,0,0,0,ESDB_V0_4
14884,15189,weaving,-12.7103,1,PASS,35,,v;n,weave;weaving,FORM;LEMMA,,MASTER,0,0,0,,,,,0,0,0,ESDB_V0_4
14885,15190,widening,-12.7103,1,PASS,35,,v;n,widen;widening,FORM;LEMMA,,MASTER,0,0,0,,,,,0,0,0,ESDB_V0_4
14886,15191,wr,-12.7103,0,NOT_EXACT_EN_US,,,,,,,REJECTED_AUTO,0,0,0,,,,,0,0,0,ESDB_V0_4
14887,15192,wreckage,-12.7103,1,PASS,35,,n,wreckage,LEMMA,,MASTER,0,0,0,,,,,0,0,0,ESDB_V0_4
14888,15193,xml,-12.7103,0,NOT_EXACT_EN_US,,,,,,,REJECTED_AUTO,0,0,0,,,,,0,0,0,ESDB_V0_4
14889,15194,xv,-12.7103,0,NO_ESDB_GENERAL_EVIDENCE,,,,,,,REJECTED_AUTO,0,0,0,,,,,0,0,0,ESDB_V0_4
14890,15195,youthful,-12.7103,1,PASS,35,,aj,youthful,LEMMA,,MASTER,0,0,0,,,,,0,0,0,ESDB_V0_4
14891,15196,zambia,-12.7103,0,NOT_EXACT_EN_US,,,,,,,REJECTED_AUTO,0,0,0,,,,,0,0,0,ESDB_V0_4
14892,15198,aap,-12.7337,0,NOT_EXACT_EN_US,,,,,,,REJECTED_AUTO,0,0,0,,,,,0,0,0,ESDB_V0_4
14893,15199,abortions,-12.7337,1,PASS,35,,n,abortion,FORM,,MASTER,0,1,0,,abortion,,,1,0,0,ESDB_V0_4
14894,15200,aft,-12.7337,1,PASS,50,60,aj_av,aft,LEMMA,,MASTER,0,1,1,,,raft;daft,,0,2,0,ESDB_V0_4
14895,15201,ageing,-12.7337,0,NOT_EXACT_EN_US,,,,,,,REJECTED_AUTO,0,0,0,,,,,0,0,0,ESDB_V0_4
14896,15202,ang,-12.7337,0,NOT_EXACT_EN_US,,,,,,,REJECTED_AUTO,0,0,0,,,,,0,0,0,ESDB_V0_4
14897,15203,antiquity,-12.7337,1,PASS,35,,n,antiquity,LEMMA,,MASTER,0,0,0,,,,,0,0,0,ESDB_V0_4
14898,15204,ao,-12.7337,0,NOT_EXACT_EN_US,,,,,,,REJECTED_AUTO,0,0,0,,,,,0,0,0,ESDB_V0_4
14899,15205,apprenticeship,-12.7337,1,PASS,35,,n,apprenticeship,LEMMA,,MASTER,0,0,0,,,,,0,0,0,ESDB_V0_4
14900,15206,artificially,-12.7337,1,PASS,35,,av,artificially,LEMMA,,MASTER,0,0,0,,,,,0,0,0,ESDB_V0_4
14901,15207,asbestos,-12.7337,1,PASS,35,,n,asbestos,LEMMA,,MASTER,0,0,0,,,,,0,0,0,ESDB_V0_4
14902,15208,aspire,-12.7337,1,PASS,35,,v,aspire,LEMMA,,MASTER,0,0,0,,,,,0,0,0,ESDB_V0_4
14903,15209,atp,-12.7337,0,NOT_EXACT_EN_US,,,,,,,REJECTED_AUTO,0,0,0,,,,,0,0,0,ESDB_V0_4
14904,15210,auditorium,-12.7337,1,PASS,35,,n,auditorium,LEMMA,,MASTER,0,0,0,,,,,0,0,0,ESDB_V0_4
14905,15211,automobiles,-12.7337,1,PASS,35,,n,automobile,FORM,,MASTER,0,1,0,,automobile,,,1,0,0,ESDB_V0_4
14906,15212,ava,-12.7337,0,NOT_EXACT_EN_US,,,,,,,REJECTED_AUTO,0,0,0,,,,,0,0,0,ESDB_V0_4
14907,15213,avalanche,-12.7337,1,PASS,35,,n,avalanche,LEMMA,,MASTER,0,0,0,,,,,0,0,0,ESDB_V0_4
14908,15214,bbq,-12.7337,0,NOT_EXACT_EN_US,,,,,,,REJECTED_AUTO,0,0,0,,,,,0,0,0,ESDB_V0_4
14909,15215,becker,-12.7337,0,NOT_EXACT_EN_US,,,,,,,REJECTED_AUTO,0,0,0,,,,,0,0,0,ESDB_V0_4
14910,15216,bert,-12.7337,0,NOT_EXACT_EN_US,,,,,,,REJECTED_AUTO,0,0,0,,,,,0,0,0,ESDB_V0_4
14911,15217,binge,-12.7337,1,PASS,40,,n_v,binge,LEMMA,,MASTER,0,0,0,,,,,0,0,0,ESDB_V0_4
14912,15218,blush,-12.7337,1,PASS,35,,n_v;a,blush,LEMMA,,MASTER,0,1,0,lush,,,,1,0,0,ESDB_V0_4
14913,15219,bombings,-12.7337,1,PASS,35,,n,bombing,FORM,,MASTER,0,1,0,,bombing,,,1,0,0,ESDB_V0_4
14914,15220,bribe,-12.7337,1,PASS,35,,n_v,bribe,LEMMA,,MASTER,0,1,1,,,,bribes,0,1,1,ESDB_V0_4
14915,15221,brow,-12.7337,1,PASS,35,,n,brow,LEMMA,,MASTER,0,1,1,row,bro,,brown;brows,2,2,1,ESDB_V0_4
14916,15222,brushed,-12.7337,1,PASS,35,,n_v;aj,brush;brushed,FORM;LEMMA,,MASTER,0,1,0,rushed,,,,1,0,0,ESDB_V0_4
14917,15223,burgess,-12.7337,0,NOT_EXACT_EN_US,,,,,,,REJECTED_AUTO,0,0,0,,,,,0,0,0,ESDB_V0_4
14918,15224,burner,-12.7337,1,PASS,35,,n,burner,LEMMA,,MASTER,0,0,0,,,,,0,0,0,ESDB_V0_4
14919,15225,chilled,-12.7337,1,PASS,35,,n_v,chill,FORM,,MASTER,0,0,0,,,,,0,0,0,ESDB_V0_4
14920,15226,chords,-12.7337,1,PASS,35,,n,chord,FORM,,MASTER,0,1,0,,chord,,,1,0,0,ESDB_V0_4
14921,15227,clement,-12.7337,0,CASE_FREQ_COLLISION,50,50,aj,clement,LEMMA,,REJECTED_AUTO,0,0,0,,,,,0,0,0,ESDB_V0_4
14922,15228,cn,-12.7337,0,NOT_EXACT_EN_US,,,,,,,REJECTED_AUTO,0,0,0,,,,,0,0,0,ESDB_V0_4
14923,15229,como,-12.7337,0,NOT_EXACT_EN_US,,,,,,,REJECTED_AUTO,0,0,0,,,,,0,0,0,ESDB_V0_4
14924,15230,competed,-12.7337,1,PASS,35,,v,compete,FORM,,MASTER,0,1,0,,compete,,,1,0,0,ESDB_V0_4
14925,15231,conducts,-12.7337,1,PASS,35,,v,conduct,FORM,,MASTER,0,1,0,,conduct,,,1,0,0,ESDB_V0_4
14926,15232,consoles,-12.7337,1,PASS,35,,n_v,console,FORM,,MASTER,0,1,0,,console,,,1,0,0,ESDB_V0_4
14927,15233,containment,-12.7337,1,PASS,50,,n,containment,LEMMA,,MASTER,0,0,0,,,,,0,0,0,ESDB_V0_4
14928,15234,convened,-12.7337,1,PASS,35,,v,convene,FORM,,MASTER,0,0,0,,,,,0,0,0,ESDB_V0_4
14929,15235,conveyed,-12.7337,1,PASS,35,,v,convey,FORM,,MASTER,0,0,0,,,,,0,0,0,ESDB_V0_4
14930,15236,coughing,-12.7337,1,PASS,35,,n_v;n,cough;coughing,FORM;LEMMA,,MASTER,0,0,0,,,,,0,0,0,ESDB_V0_4
14931,15237,cuff,-12.7337,1,PASS,35,,n_v,cuff,LEMMA,,MASTER,0,0,0,,,,,0,0,0,ESDB_V0_4
14932,15238,daft,-12.7337,1,PASS,35,,aj,daft,LEMMA,,MASTER,0,1,0,aft,,,,1,0,0,ESDB_V0_4
14933,15239,dar,-12.7337,0,NOT_EXACT_EN_US,,,,,,,REJECTED_AUTO,0,0,0,,,,,0,0,0,ESDB_V0_4
14934,15240,det,-12.7337,0,NOT_EXACT_EN_US,,,,,,,REJECTED_AUTO,0,0,0,,,,,0,0,0,ESDB_V0_4
14935,15241,diligence,-12.7337,1,PASS,35,,n,diligence,LEMMA,,MASTER,0,0,0,,,,,0,0,0,ESDB_V0_4
14936,15242,dipped,-12.7337,1,PASS,35,,n_v;aj,dip;dipped,FORM;LEMMA,,MASTER,0,0,0,,,,,0,0,0,ESDB_V0_4
14937,15243,divert,-12.7337,1,PASS,35,,v,divert,LEMMA,,MASTER,0,1,0,,diver,,,1,0,0,ESDB_V0_4
14938,15244,divides,-12.7337,1,PASS,35,,n_v,divide,FORM,,MASTER,0,1,0,,divide,,,1,0,0,ESDB_V0_4
14939,15245,dp,-12.7337,0,NOT_EXACT_EN_US,,,,,,,REJECTED_AUTO,0,0,0,,,,,0,0,0,ESDB_V0_4
14940,15246,dunk,-12.7337,1,PASS,35,,n_v,dunk,LEMMA,,MASTER,0,1,0,,dun,,,1,0,0,ESDB_V0_4
14941,15247,eisenhower,-12.7337,0,NOT_EXACT_EN_US,,,,,,,REJECTED_AUTO,0,0,0,,,,,0,0,0,ESDB_V0_4
14942,15248,encompasses,-12.7337,1,PASS,35,,v,encompass,FORM,,MASTER,0,0,0,,,,,0,0,0,ESDB_V0_4
14943,15249,erie,-12.7337,0,NOT_EXACT_EN_US,,,,,,,REJECTED_AUTO,0,0,0,,,,,0,0,0,ESDB_V0_4
14944,15250,eur,-12.7337,0,NOT_EXACT_EN_US,,,,,,,REJECTED_AUTO,0,0,0,,,,,0,0,0,ESDB_V0_4
14945,15251,evaluations,-12.7337,1,PASS,35,,n,evaluation,FORM,,MASTER,0,1,0,,evaluation,,,1,0,0,ESDB_V0_4
14946,15252,excavation,-12.7337,1,PASS,35,,n,excavation,LEMMA,,MASTER,0,1,1,,,,excavations,0,1,1,ESDB_V0_4
14947,15253,famed,-12.7337,1,PASS,35,,aj,famed,LEMMA,,MASTER,0,1,0,,fame,,,1,0,0,ESDB_V0_4
14948,15254,fargo,-12.7337,0,NOT_EXACT_EN_US,,,,,,,REJECTED_AUTO,0,0,0,,,,,0,0,0,ESDB_V0_4
14949,15255,fascination,-12.7337,1,PASS,35,,n,fascination,LEMMA,,MASTER,0,0,0,,,,,0,0,0,ESDB_V0_4
14950,15256,festive,-12.7337,1,PASS,35,,aj,festive,LEMMA,,MASTER,0,0,0,,,,,0,0,0,ESDB_V0_4
14951,15257,festivities,-12.7337,1,PASS,35,,n,festivity,FORM,,MASTER,0,0,0,,,,,0,0,0,ESDB_V0_4
14952,15258,fetish,-12.7337,1,PASS,35,,n,fetish,LEMMA,,MASTER,0,0,0,,,,,0,0,0,ESDB_V0_4
14953,15259,fielding,-12.7337,1,PASS,35,50,n_v;n,field;fielding,FORM;LEMMA,,MASTER,0,0,0,,,,,0,0,0,ESDB_V0_4
14954,15260,flipping,-12.7337,1,PASS,35,,n_v,flip,FORM,,MASTER,0,0,0,,,,,0,0,0,ESDB_V0_4
14955,15261,formulas,-12.7337,1,PASS,35,,n,formula,FORM,,MASTER,0,1,0,,formula,,,1,0,0,ESDB_V0_4
14956,15262,freud,-12.7337,0,NOT_EXACT_EN_US,,,,,,,REJECTED_AUTO,0,0,0,,,,,0,0,0,ESDB_V0_4
14957,15263,frontal,-12.7337,1,PASS,35,,aj,frontal,LEMMA,,MASTER,0,0,0,,,,,0,0,0,ESDB_V0_4
14958,15264,fuckers,-12.7337,1,PASS,40,,n,fucker,FORM,vulgar-1,MASTER,0,1,0,,fucker,,,1,0,0,ESDB_V0_4
14959,15265,fulfillment,-12.7337,1,PASS,35,,n,fulfillment,LEMMA,,MASTER,0,0,0,,,,,0,0,0,ESDB_V0_4
14960,15266,fungus,-12.7337,1,PASS,35,,n,fungus,LEMMA,,MASTER,0,0,0,,,,,0,0,0,ESDB_V0_4
14961,15267,gadgets,-12.7337,1,PASS,35,,n,gadget,FORM,,MASTER,0,1,0,,gadget,,,1,0,0,ESDB_V0_4
14962,15268,gerrard,-12.7337,0,NOT_EXACT_EN_US,,,,,,,REJECTED_AUTO,0,0,0,,,,,0,0,0,ESDB_V0_4
14963,15269,gloucester,-12.7337,0,NOT_EXACT_EN_US,,,,,,,REJECTED_AUTO,0,0,0,,,,,0,0,0,ESDB_V0_4
14964,15270,groundwater,-12.7337,1,PASS,60,,n,groundwater,LEMMA,,MASTER,0,0,0,,,,,0,0,0,ESDB_V0_4
14965,15271,hamburger,-12.7337,1,PASS,35,,n,hamburger,LEMMA,,MASTER,0,0,0,,,,,0,0,0,ESDB_V0_4
14966,15272,harding,-12.7337,0,NOT_EXACT_EN_US,,,,,,,REJECTED_AUTO,0,0,0,,,,,0,0,0,ESDB_V0_4
14967,15273,harmed,-12.7337,1,PASS,35,,v,harm,FORM,,MASTER,0,1,1,armed,,charmed,,1,1,0,ESDB_V0_4
14968,15274,hayden,-12.7337,0,NOT_EXACT_EN_US,,,,,,,REJECTED_AUTO,0,0,0,,,,,0,0,0,ESDB_V0_4
14969,15275,heed,-12.7337,1,PASS,35,,n;v,heed,LEMMA,,MASTER,0,0,0,,,,,0,0,0,ESDB_V0_4
14970,15276,heterosexual,-12.7337,1,PASS,35,,n;aj,heterosexual,LEMMA,,MASTER,0,0,0,,,,,0,0,0,ESDB_V0_4
14971,15277,hinder,-12.7337,1,PASS,35,,v;aj,hinder,LEMMA,,MASTER,0,0,0,,,,,0,0,0,ESDB_V0_4
14972,15278,humphrey,-12.7337,0,NOT_EXACT_EN_US,,,,,,,REJECTED_AUTO,0,0,0,,,,,0,0,0,ESDB_V0_4
14973,15279,imitation,-12.7337,1,PASS,35,,n;aj,imitation,LEMMA,,MASTER,0,1,1,,,limitation,,0,1,0,ESDB_V0_4
14974,15280,impartial,-12.7337,1,PASS,35,,aj,impartial,LEMMA,,MASTER,0,0,0,,,,,0,0,0,ESDB_V0_4
14975,15281,imperfect,-12.7337,1,PASS,35,,n;aj,imperfect,LEMMA,,MASTER,0,0,0,,,,,0,0,0,ESDB_V0_4
14976,15282,implements,-12.7337,1,PASS,35,,n_v,implement,FORM,,MASTER,0,1,0,,implement,,,1,0,0,ESDB_V0_4
14977,15283,inadvertently,-12.7337,1,PASS,35,,av,inadvertently,LEMMA,,MASTER,0,0,0,,,,,0,0,0,ESDB_V0_4
14978,15284,indifferent,-12.7337,1,PASS,35,,aj,indifferent,LEMMA,,MASTER,0,0,0,,,,,0,0,0,ESDB_V0_4
14979,15285,inexperienced,-12.7337,1,PASS,35,,aj,inexperienced,LEMMA,,MASTER,0,0,0,,,,,0,0,0,ESDB_V0_4
14980,15286,inflated,-12.7337,1,PASS,35,,v;aj,inflate;inflated,FORM;LEMMA,,MASTER,0,0,0,,,,,0,0,0,ESDB_V0_4
14981,15287,informant,-12.7337,1,PASS,35,,n,informant,LEMMA,,MASTER,0,1,1,,,,informants,0,1,1,ESDB_V0_4
14982,15288,inscribed,-12.7337,1,PASS,35,,v;aj,inscribe;inscribed,FORM;LEMMA,,MASTER,0,0,0,,,,,0,0,0,ESDB_V0_4
14983,15289,insurgents,-12.7337,1,PASS,35,,n,insurgent,FORM,,MASTER,0,1,0,,insurgent,,,1,0,0,ESDB_V0_4
14984,15290,intending,-12.7337,1,PASS,35,,v,intend,FORM,,MASTER,0,0,0,,,,,0,0,0,ESDB_V0_4
14985,15291,intolerance,-12.7337,1,PASS,35,,n,intolerance,LEMMA,,MASTER,0,0,0,,,,,0,0,0,ESDB_V0_4
14986,15292,intrinsic,-12.7337,1,PASS,35,,aj,intrinsic,LEMMA,,MASTER,0,0,0,,,,,0,0,0,ESDB_V0_4
14987,15293,invaders,-12.7337,1,PASS,35,,n,invader,FORM,,MASTER,0,0,0,,,,,0,0,0,ESDB_V0_4
14988,15294,johann,-12.7337,0,NOT_EXACT_EN_US,,,,,,,REJECTED_AUTO,0,0,0,,,,,0,0,0,ESDB_V0_4
14989,15295,kc,-12.7337,0,NO_ESDB_GENERAL_EVIDENCE,,,,,,,REJECTED_AUTO,0,0,0,,,,,0,0,0,ESDB_V0_4
14990,15296,kuala,-12.7337,0,NOT_EXACT_EN_US,,,,,,,REJECTED_AUTO,0,0,0,,,,,0,0,0,ESDB_V0_4
14991,15297,lagoon,-12.7337,1,PASS,35,,n,lagoon,LEMMA,,MASTER,0,0,0,,,,,0,0,0,ESDB_V0_4
14992,15298,lamar,-12.7337,0,NOT_EXACT_EN_US,,,,,,,REJECTED_AUTO,0,0,0,,,,,0,0,0,ESDB_V0_4
14993,15299,lettuce,-12.7337,1,PASS,35,,n,lettuce,LEMMA,,MASTER,0,0,0,,,,,0,0,0,ESDB_V0_4
14994,15300,lexington,-12.7337,0,NOT_EXACT_EN_US,,,,,,,REJECTED_AUTO,0,0,0,,,,,0,0,0,ESDB_V0_4
14995,15301,lineage,-12.7337,1,PASS,35,,n,lineage,LEMMA,,MASTER,0,0,0,,,,,0,0,0,ESDB_V0_4
14996,15302,loaf,-12.7337,1,PASS,35,,n;v,loaf,LEMMA,,MASTER,0,0,0,,,,,0,0,0,ESDB_V0_4
14997,15303,lsu,-12.7337,0,NOT_EXACT_EN_US,,,,,,,REJECTED_AUTO,0,0,0,,,,,0,0,0,ESDB_V0_4
14998,15305,mattered,-12.7337,1,PASS,35,,n_v,matter,FORM,,MASTER,0,0,0,,,,,0,0,0,ESDB_V0_4
14999,15306,mayors,-12.7337,1,PASS,35,,n,mayor,FORM,,MASTER,0,1,0,,mayor,,,1,0,0,ESDB_V0_4
15000,15307,mckay,-12.7337,0,NOT_EXACT_EN_US,,,,,,,REJECTED_AUTO,0,0,0,,,,,0,0,0,ESDB_V0_4