alpha_rank,source_rank,word,log_frequency,esdb_admit,reject_reason,esdb_size,proper_size,pos,lemmas,evidence_kinds,usage,teaching_mode,target500,stage0_graph_member,stage0_seed_candidate,parent_L,parent_R,children_L,children_R,in_degree,out_degree,morph_out_degree,data_status
15001,15308,meds,-12.7337,0,NOT_EXACT_EN_US,,,,,,,REJECTED_AUTO,0,0,0,,,,,0,0,0,ESDB_V0_4
15002,15309,melanie,-12.7337,0,NOT_EXACT_EN_US,,,,,,,REJECTED_AUTO,0,0,0,,,,,0,0,0,ESDB_V0_4
15003,15310,middleton,-12.7337,0,NOT_EXACT_EN_US,,,,,,,REJECTED_AUTO,0,0,0,,,,,0,0,0,ESDB_V0_4
15004,15311,moe,-12.7337,0,NOT_EXACT_EN_US,,,,,,,REJECTED_AUTO,0,0,0,,,,,0,0,0,ESDB_V0_4
15005,15312,motorcycles,-12.7337,1,PASS,35,,n_v,motorcycle,FORM,,MASTER,0,1,0,,motorcycle,,,1,0,0,ESDB_V0_4
15006,15313,mountainous,-12.7337,1,PASS,35,,aj,mountainous,LEMMA,,MASTER,0,0,0,,,,,0,0,0,ESDB_V0_4
15007,15314,ngo,-12.7337,0,NOT_EXACT_EN_US,,,,,,,REJECTED_AUTO,0,0,0,,,,,0,0,0,ESDB_V0_4
15008,15315,nico,-12.7337,0,NOT_EXACT_EN_US,,,,,,,REJECTED_AUTO,0,0,0,,,,,0,0,0,ESDB_V0_4
15009,15316,nicotine,-12.7337,1,PASS,35,,n,nicotine,LEMMA,,MASTER,0,0,0,,,,,0,0,0,ESDB_V0_4
15010,15317,nord,-12.7337,0,NOT_EXACT_EN_US,,,,,,,REJECTED_AUTO,0,0,0,,,,,0,0,0,ESDB_V0_4
15011,15318,ont,-12.7337,0,NOT_EXACT_EN_US,,,,,,,REJECTED_AUTO,0,0,0,,,,,0,0,0,ESDB_V0_4
15012,15319,originals,-12.7337,1,PASS,35,,n,original,FORM,,MASTER,0,1,0,,original,,,1,0,0,ESDB_V0_4
15013,15320,outbreaks,-12.7337,1,PASS,35,,n,outbreak,FORM,,MASTER,0,1,0,,outbreak,,,1,0,0,ESDB_V0_4
15014,15321,ox,-12.7337,1,PASS,35,,n,ox,LEMMA;FORM,,MASTER,0,1,1,,,box;fox;cox,,0,3,0,ESDB_V0_4
15015,15322,paddle,-12.7337,1,PASS,35,,n_v,paddle,LEMMA,,MASTER,0,0,0,,,,,0,0,0,ESDB_V0_4
15016,15323,pageant,-12.7337,1,PASS,35,,n,pageant,LEMMA,,MASTER,0,0,0,,,,,0,0,0,ESDB_V0_4
15017,15324,paolo,-12.7337,0,NOT_EXACT_EN_US,,,,,,,REJECTED_AUTO,0,0,0,,,,,0,0,0,ESDB_V0_4
15018,15325,paperback,-12.7337,1,PASS,35,,n;aj,paperback,LEMMA,,MASTER,0,0,0,,,,,0,0,0,ESDB_V0_4
15019,15326,pastry,-12.7337,1,PASS,35,,n,pastry,LEMMA,,MASTER,0,0,0,,,,,0,0,0,ESDB_V0_4
15020,15327,patio,-12.7337,1,PASS,35,,n,patio,LEMMA,,MASTER,0,0,0,,,,,0,0,0,ESDB_V0_4
15021,15328,patriarch,-12.7337,1,PASS,35,,n,patriarch,LEMMA,,MASTER,0,0,0,,,,,0,0,0,ESDB_V0_4
15022,15329,payday,-12.7337,1,PASS,40,,n,payday,LEMMA,,MASTER,0,0,0,,,,,0,0,0,ESDB_V0_4
15023,15331,pf,-12.7337,0,NO_ESDB_GENERAL_EVIDENCE,,,,,,,REJECTED_AUTO,0,0,0,,,,,0,0,0,ESDB_V0_4
15024,15332,physicist,-12.7337,1,PASS,35,,n,physicist,LEMMA,,MASTER,0,1,1,,,,physicists,0,1,1,ESDB_V0_4
15025,15333,pisses,-12.7337,1,PASS,40,,n_v,piss,FORM,vulgar-3,MASTER,0,0,0,,,,,0,0,0,ESDB_V0_4
15026,15334,plum,-12.7337,1,PASS,35,,n;av,plum,LEMMA,,MASTER,0,1,1,,,,plume,0,1,0,ESDB_V0_4
15027,15335,plunge,-12.7337,1,PASS,35,,n_v,plunge,LEMMA,,MASTER,0,1,1,,,,plunged,0,1,1,ESDB_V0_4
15028,15336,practising,-12.7337,0,NOT_EXACT_EN_US,,,,,,,REJECTED_AUTO,0,0,0,,,,,0,0,0,ESDB_V0_4
15029,15337,prehistoric,-12.7337,1,PASS,35,,aj,prehistoric,LEMMA,,MASTER,0,0,0,,,,,0,0,0,ESDB_V0_4
15030,15338,priesthood,-12.7337,1,PASS,35,,n,priesthood,LEMMA,,MASTER,0,0,0,,,,,0,0,0,ESDB_V0_4
15031,15339,rapids,-12.7337,1,PASS,35,,n,rapid,FORM,,MASTER,0,1,0,,rapid,,,1,0,0,ESDB_V0_4
15032,15340,rave,-12.7337,1,PASS,35,,n_v;a,rave,LEMMA,,MASTER,0,1,1,,,grave;brave;crave,raven,0,4,0,ESDB_V0_4
15033,15341,recess,-12.7337,1,PASS,35,,n_v,recess,LEMMA,,MASTER,0,0,0,,,,,0,0,0,ESDB_V0_4
15034,15342,reconnaissance,-12.7337,1,PASS,35,,n,reconnaissance,LEMMA,,MASTER,0,0,0,,,,,0,0,0,ESDB_V0_4
15035,15343,refining,-12.7337,1,PASS,35,,v;n,refine;refining,FORM;LEMMA,,MASTER,0,0,0,,,,,0,0,0,ESDB_V0_4
15036,15344,reinforcement,-12.7337,1,PASS,35,,n,reinforcement,LEMMA,,MASTER,0,1,1,,,,reinforcements,0,1,1,ESDB_V0_4
15037,15345,repairing,-12.7337,1,PASS,35,,n_v,repair,FORM,,MASTER,0,0,0,,,,,0,0,0,ESDB_V0_4
15038,15346,repertoire,-12.7337,1,PASS,35,,n,repertoire,LEMMA,,MASTER,0,0,0,,,,,0,0,0,ESDB_V0_4
15039,15347,retrospective,-12.7337,1,PASS,35,,n;aj,retrospective,LEMMA,,MASTER,0,0,0,,,,,0,0,0,ESDB_V0_4
15040,15348,revoked,-12.7337,1,PASS,35,,v,revoke,FORM,,MASTER,0,0,0,,,,,0,0,0,ESDB_V0_4
15041,15349,sao,-12.7337,0,NOT_EXACT_EN_US,,,,,,,REJECTED_AUTO,0,0,0,,,,,0,0,0,ESDB_V0_4
15042,15350,sawyer,-12.7337,0,CASE_FREQ_COLLISION,50,50,n,sawyer,LEMMA,,REJECTED_AUTO,0,0,0,,,,,0,0,0,ESDB_V0_4
15043,15351,scandinavian,-12.7337,0,NOT_EXACT_EN_US,,,,,,,REJECTED_AUTO,0,0,0,,,,,0,0,0,ESDB_V0_4
15044,15352,scenic,-12.7337,1,PASS,35,,aj,scenic,LEMMA,,MASTER,0,0,0,,,,,0,0,0,ESDB_V0_4
15045,15353,scratched,-12.7337,1,PASS,35,,n_v,scratch,FORM,,MASTER,0,0,0,,,,,0,0,0,ESDB_V0_4
15046,15354,screenshots,-12.7337,0,SPECIAL_ONLY,50,,n,screenshot,FORM,,REJECTED_AUTO,0,0,0,,,,,0,0,0,ESDB_V0_4
15047,15355,scrolls,-12.7337,1,PASS,35,,n_v,scroll,FORM,,MASTER,0,1,0,,scroll,,,1,0,0,ESDB_V0_4
15048,15356,sedan,-12.7337,1,PASS,35,,n,sedan,LEMMA,,MASTER,0,0,0,,,,,0,0,0,ESDB_V0_4
15049,15357,semen,-12.7337,1,PASS,35,,n,semen,LEMMA,,MASTER,0,0,0,,,,,0,0,0,ESDB_V0_4
15050,15358,serpent,-12.7337,1,PASS,35,,n,serpent,LEMMA,,MASTER,0,0,0,,,,,0,0,0,ESDB_V0_4
15051,15359,shootout,-12.7337,1,PASS,50,,n,shootout,LEMMA,,MASTER,0,0,0,,,,,0,0,0,ESDB_V0_4
15052,15360,simplify,-12.7337,1,PASS,35,,v,simplify,LEMMA,,MASTER,0,0,0,,,,,0,0,0,ESDB_V0_4
15053,15361,slit,-12.7337,1,PASS,35,,n;v,slit,LEMMA;FORM,,MASTER,0,1,0,lit,,,,1,0,0,ESDB_V0_4
15054,15362,snatch,-12.7337,1,PASS,35,,n_v,snatch,LEMMA,,MASTER,0,0,0,,,,,0,0,0,ESDB_V0_4
15055,15363,sparked,-12.7337,1,PASS,35,,n_v,spark,FORM,,MASTER,0,1,0,parked,,,,1,0,0,ESDB_V0_4
15056,15364,spikes,-12.7337,1,PASS,35,,n_v,spike,FORM,,MASTER,0,1,0,,spike,,,1,0,0,ESDB_V0_4
15057,15365,stabilize,-12.7337,1,PASS,35,,v,stabilize,LEMMA,,MASTER,0,1,1,,,,stabilized,0,1,1,ESDB_V0_4
15058,15366,stafford,-12.7337,0,NOT_EXACT_EN_US,,,,,,,REJECTED_AUTO,0,0,0,,,,,0,0,0,ESDB_V0_4
15059,15367,staples,-12.7337,1,PASS,35,50,n_v,staple,FORM,,MASTER,0,1,0,,staple,,,1,0,0,ESDB_V0_4
15060,15368,sterile,-12.7337,1,PASS,35,,aj,sterile,LEMMA,,MASTER,0,0,0,,,,,0,0,0,ESDB_V0_4
15061,15369,stink,-12.7337,1,PASS,35,,n_v,stink,LEMMA,,MASTER,0,0,0,,,,,0,0,0,ESDB_V0_4
15062,15370,stronghold,-12.7337,1,PASS,35,,n,stronghold,LEMMA,,MASTER,0,0,0,,,,,0,0,0,ESDB_V0_4
15063,15371,sturdy,-12.7337,1,PASS,35,,aj,sturdy,LEMMA,,MASTER,0,0,0,,,,,0,0,0,ESDB_V0_4
15064,15372,subcommittee,-12.7337,1,PASS,35,,n,subcommittee,LEMMA,,MASTER,0,0,0,,,,,0,0,0,ESDB_V0_4
15065,15373,substrate,-12.7337,1,PASS,50,,n,substrate,LEMMA,,MASTER,0,0,0,,,,,0,0,0,ESDB_V0_4
15066,15374,suffrage,-12.7337,1,PASS,35,,n,suffrage,LEMMA,,MASTER,0,0,0,,,,,0,0,0,ESDB_V0_4
15067,15375,teamwork,-12.7337,1,PASS,35,,n,teamwork,LEMMA,,MASTER,0,0,0,,,,,0,0,0,ESDB_V0_4
15068,15376,throttle,-12.7337,1,PASS,35,,n_v,throttle,LEMMA,,MASTER,0,0,0,,,,,0,0,0,ESDB_V0_4
15069,15377,touchdowns,-12.7337,1,PASS,35,,n,touchdown,FORM,,MASTER,0,1,0,,touchdown,,,1,0,0,ESDB_V0_4
15070,15378,trending,-12.7337,1,PASS,35,,n_v,trend,FORM,,MASTER,0,0,0,,,,,0,0,0,ESDB_V0_4
15071,15379,tryin,-12.7337,0,NOT_EXACT_EN_US,,,,,,,REJECTED_AUTO,0,0,0,,,,,0,0,0,ESDB_V0_4
15072,15380,turbulent,-12.7337,1,PASS,35,,aj,turbulent,LEMMA,,MASTER,0,0,0,,,,,0,0,0,ESDB_V0_4
15073,15381,tyranny,-12.7337,1,PASS,35,,n,tyranny,LEMMA,,MASTER,0,0,0,,,,,0,0,0,ESDB_V0_4
15074,15382,unbearable,-12.7337,1,PASS,35,,aj,unbearable,LEMMA,,MASTER,0,0,0,,,,,0,0,0,ESDB_V0_4
15075,15383,undo,-12.7337,1,PASS,35,,v,undo,LEMMA,,MASTER,0,0,0,,,,,0,0,0,ESDB_V0_4
15076,15384,unforgettable,-12.7337,1,PASS,35,,aj,unforgettable,LEMMA,,MASTER,0,0,0,,,,,0,0,0,ESDB_V0_4
15077,15385,utc,-12.7337,0,NOT_EXACT_EN_US,,,,,,,REJECTED_AUTO,0,0,0,,,,,0,0,0,ESDB_V0_4
15078,15386,versailles,-12.7337,0,NOT_EXACT_EN_US,,,,,,,REJECTED_AUTO,0,0,0,,,,,0,0,0,ESDB_V0_4
15079,15387,violates,-12.7337,1,PASS,35,,v,violate,FORM,,MASTER,0,1,0,,violate,,,1,0,0,ESDB_V0_4
15080,15388,warwick,-12.7337,0,NOT_EXACT_EN_US,,,,,,,REJECTED_AUTO,0,0,0,,,,,0,0,0,ESDB_V0_4
15081,15389,waterfall,-12.7337,1,PASS,35,,n,waterfall,LEMMA,,MASTER,0,0,0,,,,,0,0,0,ESDB_V0_4
15082,15390,weir,-12.7337,1,PASS,50,,n,weir,LEMMA,,MASTER,0,1,1,,,,weird,0,1,0,ESDB_V0_4
15083,15391,wen,-12.7337,1,PASS,50,,n,wen,LEMMA,,MASTER,0,1,1,en,we,,went,2,1,0,ESDB_V0_4
15084,15392,wink,-12.7337,1,PASS,35,,n_v,wink,LEMMA,,MASTER,0,1,0,ink,win,,,2,0,0,ESDB_V0_4
15085,15393,wonderland,-12.7337,1,PASS,35,,n,wonderland,LEMMA,,MASTER,0,0,0,,,,,0,0,0,ESDB_V0_4
15086,15394,zack,-12.7337,0,NOT_EXACT_EN_US,,,,,,,REJECTED_AUTO,0,0,0,,,,,0,0,0,ESDB_V0_4
15087,15399,abolish,-12.7577,1,PASS,35,,v,abolish,LEMMA,,MASTER,0,0,0,,,,,0,0,0,ESDB_V0_4
15088,15400,adherence,-12.7577,1,PASS,35,,n,adherence,LEMMA,,MASTER,0,0,0,,,,,0,0,0,ESDB_V0_4
15089,15401,adventurous,-12.7577,1,PASS,35,,aj,adventurous,LEMMA,,MASTER,0,0,0,,,,,0,0,0,ESDB_V0_4
15090,15402,afro,-12.7577,0,NOT_EXACT_EN_US,,,,,,,REJECTED_AUTO,0,0,0,,,,,0,0,0,ESDB_V0_4
15091,15403,airspace,-12.7577,1,PASS,40,,n,airspace,LEMMA,,MASTER,0,0,0,,,,,0,0,0,ESDB_V0_4
15092,15404,als,-12.7577,0,NOT_EXACT_EN_US,,,,,,,REJECTED_AUTO,0,0,0,,,,,0,0,0,ESDB_V0_4
15093,15405,anglican,-12.7577,0,NOT_EXACT_EN_US,,,,,,,REJECTED_AUTO,0,0,0,,,,,0,0,0,ESDB_V0_4
15094,15406,anomaly,-12.7577,1,PASS,35,,n,anomaly,LEMMA,,MASTER,0,0,0,,,,,0,0,0,ESDB_V0_4
15095,15407,appropriations,-12.7577,1,PASS,35,,n,appropriation,FORM,,MASTER,0,1,0,,appropriation,,,1,0,0,ESDB_V0_4
15096,15408,archipelago,-12.7577,1,PASS,35,,n,archipelago,LEMMA,,MASTER,0,0,0,,,,,0,0,0,ESDB_V0_4
15097,15409,ascertain,-12.7577,1,PASS,35,,v,ascertain,LEMMA,,MASTER,0,0,0,,,,,0,0,0,ESDB_V0_4
15098,15410,aspiring,-12.7577,1,PASS,35,,v;aj,aspire;aspiring,FORM;LEMMA,,MASTER,0,1,0,,aspirin,,,1,0,0,ESDB_V0_4
15099,15411,assassins,-12.7577,1,PASS,35,,n,assassin,FORM,,MASTER,0,1,0,,assassin,,,1,0,0,ESDB_V0_4
15100,15412,attributable,-12.7577,1,PASS,35,,aj,attributable,LEMMA,,MASTER,0,0,0,,,,,0,0,0,ESDB_V0_4
15101,15413,backlash,-12.7577,1,PASS,35,,n,backlash,LEMMA,,MASTER,0,0,0,,,,,0,0,0,ESDB_V0_4
15102,15414,bangalore,-12.7577,0,NOT_EXACT_EN_US,,,,,,,REJECTED_AUTO,0,0,0,,,,,0,0,0,ESDB_V0_4
15103,15415,baskets,-12.7577,1,PASS,35,,n,basket,FORM,,MASTER,0,1,0,,basket,,,1,0,0,ESDB_V0_4
15104,15416,bearer,-12.7577,1,PASS,35,,n,bearer,LEMMA,,MASTER,0,0,0,,,,,0,0,0,ESDB_V0_4
15105,15417,beneficiary,-12.7577,1,PASS,35,,n;aj,beneficiary,LEMMA,,MASTER,0,0,0,,,,,0,0,0,ESDB_V0_4
15106,15418,bermuda,-12.7577,0,NOT_EXACT_EN_US,,,,,,,REJECTED_AUTO,0,0,0,,,,,0,0,0,ESDB_V0_4
15107,15419,betray,-12.7577,1,PASS,35,,v,betray,LEMMA,,MASTER,0,0,0,,,,,0,0,0,ESDB_V0_4
15108,15420,bien,-12.7577,0,NOT_EXACT_EN_US,,,,,,,REJECTED_AUTO,0,0,0,,,,,0,0,0,ESDB_V0_4
15109,15421,blueprint,-12.7577,1,PASS,35,,n_v,blueprint,LEMMA,,MASTER,0,0,0,,,,,0,0,0,ESDB_V0_4
15110,15422,bondage,-12.7577,1,PASS,35,,n,bondage,LEMMA,,MASTER,0,0,0,,,,,0,0,0,ESDB_V0_4
15111,15423,bonded,-12.7577,1,PASS,35,,n_v,bond,FORM,,MASTER,0,0,0,,,,,0,0,0,ESDB_V0_4
15112,15424,booklet,-12.7577,1,PASS,35,,n,booklet,LEMMA,,MASTER,0,0,0,,,,,0,0,0,ESDB_V0_4
15113,15425,boxers,-12.7577,1,PASS,35,,n,boxer,FORM,,MASTER,0,1,0,,boxer,,,1,0,0,ESDB_V0_4
15114,15426,brenda,-12.7577,0,NOT_EXACT_EN_US,,,,,,,REJECTED_AUTO,0,0,0,,,,,0,0,0,ESDB_V0_4
15115,15427,bruises,-12.7577,1,PASS,35,,n_v,bruise,FORM,,MASTER,0,0,0,,,,,0,0,0,ESDB_V0_4
15116,15428,brushes,-12.7577,1,PASS,35,,n_v,brush,FORM,,MASTER,0,1,0,rushes,,,,1,0,0,ESDB_V0_4
15117,15429,brutally,-12.7577,1,PASS,35,,av,brutally,LEMMA,,MASTER,0,0,0,,,,,0,0,0,ESDB_V0_4
15118,15430,cafeteria,-12.7577,1,PASS,35,,n,cafeteria,LEMMA,,MASTER,0,0,0,,,,,0,0,0,ESDB_V0_4
15119,15431,canopy,-12.7577,1,PASS,35,,n_v,canopy,LEMMA,,MASTER,0,0,0,,,,,0,0,0,ESDB_V0_4
15120,15432,casinos,-12.7577,1,PASS,35,,n,casino,FORM,,MASTER,0,1,0,,casino,,,1,0,0,ESDB_V0_4
15121,15433,cass,-12.7577,0,NOT_EXACT_EN_US,,,,,,,REJECTED_AUTO,0,0,0,,,,,0,0,0,ESDB_V0_4
15122,15434,catcher,-12.7577,1,PASS,50,,n,catcher,LEMMA,,MASTER,0,0,0,,,,,0,0,0,ESDB_V0_4
15123,15435,ceramics,-12.7577,1,PASS,40,,n,ceramics,LEMMA,,MASTER,0,1,0,,ceramic,,,1,0,0,ESDB_V0_4
15124,15436,chiefly,-12.7577,1,PASS,35,,av,chiefly,LEMMA,,MASTER,0,0,0,,,,,0,0,0,ESDB_V0_4
15125,15437,choi,-12.7577,0,NOT_EXACT_EN_US,,,,,,,REJECTED_AUTO,0,0,0,,,,,0,0,0,ESDB_V0_4
15126,15438,chuckle,-12.7577,1,PASS,35,,n_v,chuckle,LEMMA,,MASTER,0,0,0,,,,,0,0,0,ESDB_V0_4
15127,15439,citrus,-12.7577,1,PASS,35,,n;a,citrus,LEMMA;FORM,,MASTER,0,0,0,,,,,0,0,0,ESDB_V0_4
15128,15440,commits,-12.7577,1,PASS,35,,v,commit,FORM,,MASTER,0,1,0,,commit,,,1,0,0,ESDB_V0_4
15129,15441,commute,-12.7577,1,PASS,35,,n_v,commute,LEMMA,,MASTER,0,1,1,,,,commuter,0,1,0,ESDB_V0_4
15130,15442,concise,-12.7577,1,PASS,35,,aj,concise,LEMMA,,MASTER,0,0,0,,,,,0,0,0,ESDB_V0_4
15131,15443,configurations,-12.7577,1,PASS,35,,n,configuration,FORM,,MASTER,0,1,0,,configuration,,,1,0,0,ESDB_V0_4
15132,15444,contender,-12.7577,1,PASS,35,,n,contender,LEMMA,,MASTER,0,1,1,,,,contenders,0,1,1,ESDB_V0_4
15133,15445,contradictions,-12.7577,1,PASS,35,,n,contradiction,FORM,,MASTER,0,1,0,,contradiction,,,1,0,0,ESDB_V0_4
15134,15446,converse,-12.7577,1,PASS,35,,n_v;aj,converse,LEMMA,,MASTER,0,0,0,,,,,0,0,0,ESDB_V0_4
15135,15447,curl,-12.7577,1,PASS,35,,n_v,curl,LEMMA,,MASTER,0,1,1,,,,curly;curls,0,2,1,ESDB_V0_4
15136,15448,dane,-12.7577,0,NOT_EXACT_EN_US,,,,,,,REJECTED_AUTO,0,0,0,,,,,0,0,0,ESDB_V0_4
15137,15449,depleted,-12.7577,1,PASS,35,,v,deplete,FORM,,MASTER,0,0,0,,,,,0,0,0,ESDB_V0_4
15138,15450,dictated,-12.7577,1,PASS,35,,n_v;aj,dictate;dictated,FORM;LEMMA,,MASTER,0,1,0,,dictate,,,1,0,0,ESDB_V0_4
15139,15451,diffusion,-12.7577,1,PASS,35,,n,diffusion,LEMMA,,MASTER,0,0,0,,,,,0,0,0,ESDB_V0_4
15140,15452,disrupted,-12.7577,1,PASS,35,,v;aj,disrupt;disrupted,FORM;LEMMA,,MASTER,0,0,0,,,,,0,0,0,ESDB_V0_4
15141,15453,divinity,-12.7577,1,PASS,35,,n,divinity,LEMMA,,MASTER,0,0,0,,,,,0,0,0,ESDB_V0_4
15142,15454,dominates,-12.7577,1,PASS,35,,v,dominate,FORM,,MASTER,0,1,0,,dominate,,,1,0,0,ESDB_V0_4
15143,15455,dover,-12.7577,0,NOT_EXACT_EN_US,,,,,,,REJECTED_AUTO,0,0,0,,,,,0,0,0,ESDB_V0_4
15144,15456,drilled,-12.7577,1,PASS,35,,n_v;aj,drill;drilled,FORM;LEMMA,,MASTER,0,0,0,,,,,0,0,0,ESDB_V0_4
15145,15457,earns,-12.7577,1,PASS,35,,v,earn,FORM,,MASTER,0,1,1,,earn,learns,,1,1,0,ESDB_V0_4
15146,15458,echoed,-12.7577,1,PASS,35,,n_v,echo,FORM,,MASTER,0,0,0,,,,,0,0,0,ESDB_V0_4
15147,15459,elegance,-12.7577,1,PASS,35,,n,elegance,LEMMA,,MASTER,0,0,0,,,,,0,0,0,ESDB_V0_4
15148,15460,elsa,-12.7577,0,NOT_EXACT_EN_US,,,,,,,REJECTED_AUTO,0,0,0,,,,,0,0,0,ESDB_V0_4
15149,15461,enchanted,-12.7577,1,PASS,35,,v;aj,enchant;enchanted,FORM;LEMMA,,MASTER,0,0,0,,,,,0,0,0,ESDB_V0_4
15150,15462,encrypted,-12.7577,0,NO_ESDB_GENERAL_EVIDENCE,,,,,,,REJECTED_AUTO,0,0,0,,,,,0,0,0,ESDB_V0_4
15151,15463,ernie,-12.7577,0,NOT_EXACT_EN_US,,,,,,,REJECTED_AUTO,0,0,0,,,,,0,0,0,ESDB_V0_4
15152,15464,espionage,-12.7577,1,PASS,35,,n,espionage,LEMMA,,MASTER,0,0,0,,,,,0,0,0,ESDB_V0_4
15153,15465,exeter,-12.7577,0,NOT_EXACT_EN_US,,,,,,,REJECTED_AUTO,0,0,0,,,,,0,0,0,ESDB_V0_4
15154,15466,exhaustion,-12.7577,1,PASS,35,,n,exhaustion,LEMMA,,MASTER,0,0,0,,,,,0,0,0,ESDB_V0_4
15155,15467,extracts,-12.7577,1,PASS,35,,n_v,extract,FORM,,MASTER,0,1,0,,extract,,,1,0,0,ESDB_V0_4
15156,15468,fairfax,-12.7577,0,NOT_EXACT_EN_US,,,,,,,REJECTED_AUTO,0,0,0,,,,,0,0,0,ESDB_V0_4
15157,15470,fir,-12.7577,1,PASS,35,,n,fir,LEMMA,,MASTER,0,1,1,,,,fire;firm,0,2,0,ESDB_V0_4
15158,15471,fractured,-12.7577,1,PASS,35,,n_v,fracture,FORM,,MASTER,0,1,0,,fracture,,,1,0,0,ESDB_V0_4
15159,15472,friedrich,-12.7577,0,NOT_EXACT_EN_US,,,,,,,REJECTED_AUTO,0,0,0,,,,,0,0,0,ESDB_V0_4
15160,15473,fungi,-12.7577,1,PASS,35,,n,fungus,FORM,,MASTER,0,0,0,,,,,0,0,0,ESDB_V0_4
15161,15474,garments,-12.7577,1,PASS,35,,n,garment,FORM,,MASTER,0,1,0,,garment,,,1,0,0,ESDB_V0_4
15162,15475,garner,-12.7577,0,CASE_FREQ_COLLISION,50,50,v,garner,LEMMA,,REJECTED_AUTO,0,0,0,,,,,0,0,0,ESDB_V0_4
15163,15476,georgetown,-12.7577,0,NOT_EXACT_EN_US,,,,,,,REJECTED_AUTO,0,0,0,,,,,0,0,0,ESDB_V0_4
15164,15477,gg,-12.7577,0,NOT_EXACT_EN_US,,,,,,,REJECTED_AUTO,0,0,0,,,,,0,0,0,ESDB_V0_4
15165,15478,gotcha,-12.7577,1,PASS,60,,i,gotcha,LEMMA,,MASTER,0,0,0,,,,,0,0,0,ESDB_V0_4
15166,15479,gpa,-12.7577,0,NOT_EXACT_EN_US,,,,,,,REJECTED_AUTO,0,0,0,,,,,0,0,0,ESDB_V0_4
15167,15480,greenwich,-12.7577,0,NOT_EXACT_EN_US,,,,,,,REJECTED_AUTO,0,0,0,,,,,0,0,0,ESDB_V0_4
15168,15481,griffith,-12.7577,0,NOT_EXACT_EN_US,,,,,,,REJECTED_AUTO,0,0,0,,,,,0,0,0,ESDB_V0_4
15169,15482,halves,-12.7577,1,PASS,35,,n;v,half;halve,FORM,,MASTER,0,0,0,,,,,0,0,0,ESDB_V0_4
15170,15483,haunting,-12.7577,1,PASS,35,,n_v;aj,haunt;haunting,FORM;LEMMA,,MASTER,0,0,0,,,,,0,0,0,ESDB_V0_4
15171,15484,havoc,-12.7577,1,PASS,35,,n,havoc,LEMMA,,MASTER,0,0,0,,,,,0,0,0,ESDB_V0_4
15172,15485,hideous,-12.7577,1,PASS,35,,aj,hideous,LEMMA,,MASTER,0,0,0,,,,,0,0,0,ESDB_V0_4
15173,15486,highness,-12.7577,0,CASE_FREQ_COLLISION,50,40,n,highness,LEMMA,,REJECTED_AUTO,0,0,0,,,,,0,0,0,ESDB_V0_4
15174,15487,homecoming,-12.7577,1,PASS,40,,n,homecoming,LEMMA,,MASTER,0,0,0,,,,,0,0,0,ESDB_V0_4
15175,15488,homosexuals,-12.7577,1,PASS,35,,n,homosexual,FORM,,MASTER,0,1,0,,homosexual,,,1,0,0,ESDB_V0_4
15176,15489,hostel,-12.7577,1,PASS,35,,n_v,hostel,LEMMA,,MASTER,0,0,0,,,,,0,0,0,ESDB_V0_4
15177,15490,humiliating,-12.7577,1,PASS,35,,v;aj,humiliate;humiliating,FORM;LEMMA,,MASTER,0,0,0,,,,,0,0,0,ESDB_V0_4
15178,15491,hymn,-12.7577,1,PASS,35,,n_v,hymn,LEMMA,,MASTER,0,1,1,,,,hymns,0,1,1,ESDB_V0_4
15179,15492,hysterical,-12.7577,1,PASS,35,,aj,hysterical,LEMMA,,MASTER,0,0,0,,,,,0,0,0,ESDB_V0_4
15180,15493,initials,-12.7577,1,PASS,35,,n_v,initial,FORM,,MASTER,0,1,0,,initial,,,1,0,0,ESDB_V0_4
15181,15494,injections,-12.7577,1,PASS,35,,n,injection,FORM,,MASTER,0,1,0,,injection,,,1,0,0,ESDB_V0_4
15182,15495,injunction,-12.7577,1,PASS,35,,n,injunction,LEMMA,,MASTER,0,0,0,,,,,0,0,0,ESDB_V0_4
15183,15496,intimidating,-12.7577,1,PASS,35,,v;aj,intimidate;intimidating,FORM;LEMMA,,MASTER,0,0,0,,,,,0,0,0,ESDB_V0_4
15184,15497,invariably,-12.7577,1,PASS,35,,av,invariably,LEMMA,,MASTER,0,0,0,,,,,0,0,0,ESDB_V0_4
15185,15498,islanders,-12.7577,1,PASS,35,,n,islander,FORM,,MASTER,0,0,0,,,,,0,0,0,ESDB_V0_4
15186,15499,italia,-12.7577,0,NOT_EXACT_EN_US,,,,,,,REJECTED_AUTO,0,0,0,,,,,0,0,0,ESDB_V0_4
15187,15500,jeopardy,-12.7577,1,PASS,35,,n,jeopardy,LEMMA,,MASTER,0,0,0,,,,,0,0,0,ESDB_V0_4
15188,15501,jude,-12.7577,0,NOT_EXACT_EN_US,,,,,,,REJECTED_AUTO,0,0,0,,,,,0,0,0,ESDB_V0_4
15189,15502,jul,-12.7577,0,NOT_EXACT_EN_US,,,,,,,REJECTED_AUTO,0,0,0,,,,,0,0,0,ESDB_V0_4
15190,15503,ketchup,-12.7577,1,PASS,35,,n,ketchup,LEMMA,,MASTER,0,0,0,,,,,0,0,0,ESDB_V0_4
15191,15504,keynote,-12.7577,1,PASS,35,,n_v,keynote,LEMMA,,MASTER,0,0,0,,,,,0,0,0,ESDB_V0_4
15192,15506,levine,-12.7577,0,NOT_EXACT_EN_US,,,,,,,REJECTED_AUTO,0,0,0,,,,,0,0,0,ESDB_V0_4
15193,15507,mailed,-12.7577,1,PASS,35,,n_v;aj,mail;mailed,FORM;LEMMA,,MASTER,0,1,1,,,emailed,,0,1,0,ESDB_V0_4
15194,15508,mango,-12.7577,1,PASS,35,,n,mango,LEMMA,,MASTER,0,0,0,,,,,0,0,0,ESDB_V0_4
15195,15509,manifested,-12.7577,1,PASS,35,,n_v,manifest,FORM,,MASTER,0,0,0,,,,,0,0,0,ESDB_V0_4
15196,15510,mapped,-12.7577,1,PASS,35,,n_v,map,FORM,,MASTER,0,0,0,,,,,0,0,0,ESDB_V0_4
15197,15511,marches,-12.7577,1,PASS,35,,n_v,march,FORM,,MASTER,0,1,0,arches,,,,1,0,0,ESDB_V0_4
15198,15512,marian,-12.7577,0,NOT_EXACT_EN_US,,,,,,,REJECTED_AUTO,0,0,0,,,,,0,0,0,ESDB_V0_4
15199,15513,meats,-12.7577,1,PASS,35,,n,meat,FORM,,MASTER,0,1,0,eats,meat,,,2,0,0,ESDB_V0_4
15200,15514,meteor,-12.7577,1,PASS,35,,n,meteor,LEMMA,,MASTER,0,0,0,,,,,0,0,0,ESDB_V0_4
15201,15515,metrics,-12.7577,1,PASS,50,,n,metrics,LEMMA,,MASTER,0,1,0,,metric,,,1,0,0,ESDB_V0_4
15202,15516,midi,-12.7577,0,CASE_FREQ_COLLISION,60,60,n;aj,midi,LEMMA,,REJECTED_AUTO,0,0,0,,,,,0,0,0,ESDB_V0_4
15203,15517,miraculous,-12.7577,1,PASS,35,,aj,miraculous,LEMMA,,MASTER,0,0,0,,,,,0,0,0,ESDB_V0_4
15204,15518,miriam,-12.7577,0,NOT_EXACT_EN_US,,,,,,,REJECTED_AUTO,0,0,0,,,,,0,0,0,ESDB_V0_4
15205,15519,mono,-12.7577,1,PASS,40,,n;aj,mono,LEMMA,,MASTER,0,0,0,,,,,0,0,0,ESDB_V0_4
15206,15520,multiplied,-12.7577,1,PASS,35,,aj;v,multiplied;multiply,LEMMA;FORM,,MASTER,0,0,0,,,,,0,0,0,ESDB_V0_4
15207,15521,mv,-12.7577,0,NOT_EXACT_EN_US,,,,,,,REJECTED_AUTO,0,0,0,,,,,0,0,0,ESDB_V0_4
15208,15522,nasal,-12.7577,1,PASS,35,,n;aj,nasal,LEMMA,,MASTER,0,0,0,,,,,0,0,0,ESDB_V0_4
15209,15523,nic,-12.7577,0,NOT_EXACT_EN_US,,,,,,,REJECTED_AUTO,0,0,0,,,,,0,0,0,ESDB_V0_4
15210,15524,nigger,-12.7577,1,PASS,40,,n,nigger,LEMMA,offensive-1,MASTER,0,0,0,,,,,0,0,0,ESDB_V0_4
15211,15525,nobles,-12.7577,1,PASS,35,,n,noble,FORM,,MASTER,0,1,0,,noble,,,1,0,0,ESDB_V0_4
15212,15526,obligated,-12.7577,1,PASS,35,,v;aj,obligate;obligated,FORM;LEMMA,,MASTER,0,0,0,,,,,0,0,0,ESDB_V0_4
15213,15527,originate,-12.7577,1,PASS,35,,v,originate,LEMMA,,MASTER,0,1,1,,,,originated;originates,0,2,2,ESDB_V0_4
15214,15528,overwhelmingly,-12.7577,1,PASS,35,,av,overwhelmingly,LEMMA,,MASTER,0,0,0,,,,,0,0,0,ESDB_V0_4
15215,15530,painfully,-12.7577,1,PASS,35,,av,painfully,LEMMA,,MASTER,0,0,0,,,,,0,0,0,ESDB_V0_4
15216,15531,partying,-12.7577,1,PASS,35,,n_v,party,FORM,,MASTER,0,0,0,,,,,0,0,0,ESDB_V0_4
15217,15532,pbs,-12.7577,0,NOT_EXACT_EN_US,,,,,,,REJECTED_AUTO,0,0,0,,,,,0,0,0,ESDB_V0_4
15218,15533,pesticides,-12.7577,1,PASS,35,,n,pesticide,FORM,,MASTER,0,0,0,,,,,0,0,0,ESDB_V0_4
15219,15534,pistols,-12.7577,1,PASS,35,,n,pistol,FORM,,MASTER,0,1,0,,pistol,,,1,0,0,ESDB_V0_4
15220,15535,piston,-12.7577,1,PASS,35,,n,piston,LEMMA,,MASTER,0,1,1,,,,pistons,0,1,1,ESDB_V0_4
15221,15536,pixels,-12.7577,1,PASS,40,,n,pixel,FORM,,MASTER,0,1,0,,pixel,,,1,0,0,ESDB_V0_4
15222,15537,plaintiff,-12.7577,1,PASS,35,,n,plaintiff,LEMMA,,MASTER,0,1,1,,,,plaintiffs,0,1,1,ESDB_V0_4
15223,15538,ppl,-12.7577,0,NOT_EXACT_EN_US,,,,,,,REJECTED_AUTO,0,0,0,,,,,0,0,0,ESDB_V0_4
15224,15539,precedence,-12.7577,1,PASS,35,,n,precedence,LEMMA,,MASTER,0,0,0,,,,,0,0,0,ESDB_V0_4
15225,15540,progresses,-12.7577,1,PASS,35,,v,progress,FORM,,MASTER,0,0,0,,,,,0,0,0,ESDB_V0_4
15226,15541,psych,-12.7577,1,PASS,40,50,n;v;a,psych,LEMMA,,MASTER,0,1,1,,,,psycho;psyche,0,2,0,ESDB_V0_4
15227,15542,psychotic,-12.7577,1,PASS,35,,n;aj,psychotic,LEMMA,,MASTER,0,0,0,,,,,0,0,0,ESDB_V0_4
15228,15543,pulmonary,-12.7577,1,PASS,35,,aj,pulmonary,LEMMA,,MASTER,0,0,0,,,,,0,0,0,ESDB_V0_4
15229,15545,raleigh,-12.7577,0,NOT_EXACT_EN_US,,,,,,,REJECTED_AUTO,0,0,0,,,,,0,0,0,ESDB_V0_4
15230,15546,ramsay,-12.7577,0,NOT_EXACT_EN_US,,,,,,,REJECTED_AUTO,0,0,0,,,,,0,0,0,ESDB_V0_4
15231,15547,randolph,-12.7577,0,NOT_EXACT_EN_US,,,,,,,REJECTED_AUTO,0,0,0,,,,,0,0,0,ESDB_V0_4
15232,15548,rebound,-12.7577,1,PASS,35,,n_v,rebound,LEMMA,,MASTER,0,1,1,,,,rebounds,0,1,1,ESDB_V0_4
15233,15549,rec,-12.7577,0,CASE_FREQ_COLLISION,60,60,n,rec,LEMMA,,REJECTED_AUTO,0,0,0,,,,,0,0,0,ESDB_V0_4
15234,15550,reeves,-12.7577,0,CASE_FREQ_COLLISION,60,50,n_v,reeve,FORM,,REJECTED_AUTO,0,0,0,,,,,0,0,0,ESDB_V0_4
15235,15551,refinery,-12.7577,1,PASS,35,,n,refinery,LEMMA,,MASTER,0,0,0,,,,,0,0,0,ESDB_V0_4
15236,15552,regent,-12.7577,1,PASS,35,,n;a,regent,LEMMA,,MASTER,0,0,0,,,,,0,0,0,ESDB_V0_4
15237,15553,reggae,-12.7577,1,PASS,40,,n,reggae,LEMMA,,MASTER,0,0,0,,,,,0,0,0,ESDB_V0_4
15238,15554,reiterated,-12.7577,1,PASS,35,,v,reiterate,FORM,,MASTER,0,0,0,,,,,0,0,0,ESDB_V0_4
15239,15555,relegated,-12.7577,1,PASS,35,,v,relegate,FORM,,MASTER,0,0,0,,,,,0,0,0,ESDB_V0_4
15240,15556,relics,-12.7577,1,PASS,35,,n,relic,FORM,,MASTER,0,1,0,,relic,,,1,0,0,ESDB_V0_4
15241,15557,reorganization,-12.7577,1,PASS,35,,n,reorganization,LEMMA,,MASTER,0,0,0,,,,,0,0,0,ESDB_V0_4
15242,15558,ridiculously,-12.7577,1,PASS,35,,av,ridiculously,LEMMA,,MASTER,0,0,0,,,,,0,0,0,ESDB_V0_4
15243,15559,rites,-12.7577,1,PASS,35,,n,rite,FORM,,MASTER,0,1,1,,rite,writes,,1,1,0,ESDB_V0_4
15244,15560,rivera,-12.7577,0,NOT_EXACT_EN_US,,,,,,,REJECTED_AUTO,0,0,0,,,,,0,0,0,ESDB_V0_4
15245,15561,royalties,-12.7577,1,PASS,35,,n,royalties,LEMMA,,MASTER,0,0,0,,,,,0,0,0,ESDB_V0_4
15246,15562,salisbury,-12.7577,0,NOT_EXACT_EN_US,,,,,,,REJECTED_AUTO,0,0,0,,,,,0,0,0,ESDB_V0_4
15247,15563,sanitary,-12.7577,1,PASS,35,,aj,sanitary,LEMMA,,MASTER,0,0,0,,,,,0,0,0,ESDB_V0_4
15248,15564,scarlett,-12.7577,0,NOT_EXACT_EN_US,,,,,,,REJECTED_AUTO,0,0,0,,,,,0,0,0,ESDB_V0_4
15249,15565,schwartz,-12.7577,0,NOT_EXACT_EN_US,,,,,,,REJECTED_AUTO,0,0,0,,,,,0,0,0,ESDB_V0_4
15250,15566,scouting,-12.7577,1,PASS,35,,n_v;n,scout;scouting,FORM;LEMMA,,MASTER,0,0,0,,,,,0,0,0,ESDB_V0_4
15251,15567,semitic,-12.7577,0,NOT_EXACT_EN_US,,,,,,,REJECTED_AUTO,0,0,0,,,,,0,0,0,ESDB_V0_4
15252,15568,sherwood,-12.7577,0,NOT_EXACT_EN_US,,,,,,,REJECTED_AUTO,0,0,0,,,,,0,0,0,ESDB_V0_4
15253,15569,shia,-12.7577,0,NOT_EXACT_EN_US,,,,,,,REJECTED_AUTO,0,0,0,,,,,0,0,0,ESDB_V0_4
15254,15570,shootings,-12.7577,1,PASS,40,,n,shooting,FORM,,MASTER,0,1,0,,shooting,,,1,0,0,ESDB_V0_4
15255,15571,shuffle,-12.7577,1,PASS,35,,n_v,shuffle,LEMMA,,MASTER,0,0,0,,,,,0,0,0,ESDB_V0_4
15256,15572,simulate,-12.7577,1,PASS,35,,v,simulate,LEMMA,,MASTER,0,1,1,,,,simulated,0,1,1,ESDB_V0_4
15257,15573,sly,-12.7577,1,PASS,35,,aj,sly,LEMMA,,MASTER,0,0,0,,,,,0,0,0,ESDB_V0_4
15258,15574,snyder,-12.7577,0,NOT_EXACT_EN_US,,,,,,,REJECTED_AUTO,0,0,0,,,,,0,0,0,ESDB_V0_4
15259,15576,specializes,-12.7577,1,PASS,35,,v,specialize,FORM,,MASTER,0,1,0,,specialize,,,1,0,0,ESDB_V0_4
15260,15577,spins,-12.7577,1,PASS,35,,n_v,spin,FORM,,MASTER,0,1,0,pins,spin,,,2,0,0,ESDB_V0_4
15261,15578,starved,-12.7577,1,PASS,35,,v;aj,starve;starved,FORM;LEMMA,,MASTER,0,1,0,,starve,,,1,0,0,ESDB_V0_4
15262,15579,statistic,-12.7577,1,PASS,35,,n,statistic,LEMMA,,MASTER,0,1,1,,,,statistics,0,1,1,ESDB_V0_4
15263,15580,stature,-12.7577,1,PASS,35,,n,stature,LEMMA,,MASTER,0,0,0,,,,,0,0,0,ESDB_V0_4
15264,15581,submarines,-12.7577,1,PASS,35,,n,submarine,FORM,,MASTER,0,1,0,,submarine,,,1,0,0,ESDB_V0_4
15265,15582,subsection,-12.7577,1,PASS,35,,n,subsection,LEMMA,,MASTER,0,0,0,,,,,0,0,0,ESDB_V0_4
15266,15583,superiors,-12.7577,1,PASS,35,,n,superior,FORM,,MASTER,0,1,0,,superior,,,1,0,0,ESDB_V0_4
15267,15584,supremacy,-12.7577,1,PASS,35,,n,supremacy,LEMMA,,MASTER,0,0,0,,,,,0,0,0,ESDB_V0_4
15268,15585,suspense,-12.7577,1,PASS,35,,n,suspense,LEMMA,,MASTER,0,0,0,,,,,0,0,0,ESDB_V0_4
15269,15586,symbolism,-12.7577,1,PASS,35,,n,symbolism,LEMMA,,MASTER,0,0,0,,,,,0,0,0,ESDB_V0_4
15270,15587,syndicate,-12.7577,1,PASS,35,,n_v,syndicate,LEMMA,,MASTER,0,0,0,,,,,0,0,0,ESDB_V0_4
15271,15588,taboo,-12.7577,1,PASS,35,,n_v;aj,taboo,LEMMA,,MASTER,0,0,0,,,,,0,0,0,ESDB_V0_4
15272,15589,tabs,-12.7577,1,PASS,35,,n_v,tab,FORM,,MASTER,0,1,0,,tab,,,1,0,0,ESDB_V0_4
15273,15590,tai,-12.7577,0,NOT_EXACT_EN_US,,,,,,,REJECTED_AUTO,0,0,0,,,,,0,0,0,ESDB_V0_4
15274,15591,tedious,-12.7577,1,PASS,35,,aj,tedious,LEMMA,,MASTER,0,0,0,,,,,0,0,0,ESDB_V0_4
15275,15592,tempered,-12.7577,1,PASS,35,,n_v;aj,temper;tempered,FORM;LEMMA,,MASTER,0,0,0,,,,,0,0,0,ESDB_V0_4
15276,15593,thatcher,-12.7577,1,PASS,35,50,n,thatcher,LEMMA,,MASTER,0,0,0,,,,,0,0,0,ESDB_V0_4
15277,15594,thine,-12.7577,1,PASS,50,,pn,thou,FORM,,MASTER,0,1,0,,thin,,,1,0,0,ESDB_V0_4
15278,15595,thornton,-12.7577,0,NOT_EXACT_EN_US,,,,,,,REJECTED_AUTO,0,0,0,,,,,0,0,0,ESDB_V0_4
15279,15596,tracing,-12.7577,1,PASS,35,,n_v;n,trace;tracing,FORM;LEMMA,,MASTER,0,1,0,racing,,,,1,0,0,ESDB_V0_4
15280,15597,transmitting,-12.7577,1,PASS,35,,v;n,transmit;transmitting,FORM;LEMMA,,MASTER,0,0,0,,,,,0,0,0,ESDB_V0_4
15281,15599,uhh,-12.7577,0,NOT_EXACT_EN_US,,,,,,,REJECTED_AUTO,0,0,0,,,,,0,0,0,ESDB_V0_4
15282,15600,wagons,-12.7577,1,PASS,35,,n,wagon,FORM,,MASTER,0,1,0,,wagon,,,1,0,0,ESDB_V0_4
15283,15601,whining,-12.7577,1,PASS,35,,n_v;n,whine;whining,FORM;LEMMA,,MASTER,0,0,0,,,,,0,0,0,ESDB_V0_4
15284,15602,wilde,-12.7577,0,NOT_EXACT_EN_US,,,,,,,REJECTED_AUTO,0,0,0,,,,,0,0,0,ESDB_V0_4
15285,15603,wilhelm,-12.7577,0,NOT_EXACT_EN_US,,,,,,,REJECTED_AUTO,0,0,0,,,,,0,0,0,ESDB_V0_4
15286,15604,winger,-12.7577,1,PASS,50,,n,winger,LEMMA,,MASTER,0,0,0,,,,,0,0,0,ESDB_V0_4
15287,15605,wiser,-12.7577,1,PASS,35,,aj,wise,FORM,,MASTER,0,1,0,,wise,,,1,0,0,ESDB_V0_4
15288,15606,wrongly,-12.7577,1,PASS,35,,av,wrongly,LEMMA,,MASTER,0,0,0,,,,,0,0,0,ESDB_V0_4
15289,15608,absorbing,-12.7788,1,PASS,35,,v;aj,absorb;absorbing,FORM;LEMMA,,MASTER,0,0,0,,,,,0,0,0,ESDB_V0_4
15290,15609,accessibility,-12.7788,1,PASS,35,,n,accessibility,LEMMA,,MASTER,0,0,0,,,,,0,0,0,ESDB_V0_4
15291,15610,achilles,-12.7788,0,NOT_EXACT_EN_US,,,,,,,REJECTED_AUTO,0,0,0,,,,,0,0,0,ESDB_V0_4
15292,15611,adamant,-12.7788,1,PASS,35,,n;aj,adamant,LEMMA,,MASTER,0,0,0,,,,,0,0,0,ESDB_V0_4
15293,15612,adultery,-12.7788,1,PASS,35,,n,adultery,LEMMA,,MASTER,0,0,0,,,,,0,0,0,ESDB_V0_4
15294,15613,alteration,-12.7788,1,PASS,35,,n,alteration,LEMMA,,MASTER,0,1,1,,,,alterations,0,1,1,ESDB_V0_4
15295,15614,angelina,-12.7788,0,NOT_EXACT_EN_US,,,,,,,REJECTED_AUTO,0,0,0,,,,,0,0,0,ESDB_V0_4
15296,15615,annoy,-12.7788,1,PASS,35,,v,annoy,LEMMA,,MASTER,0,1,1,,,,annoys,0,1,1,ESDB_V0_4
15297,15616,ascension,-12.7788,1,PASS,35,60,n,ascension,LEMMA,,MASTER,0,0,0,,,,,0,0,0,ESDB_V0_4
15298,15617,assassinated,-12.7788,1,PASS,35,,v,assassinate,FORM,,MASTER,0,0,0,,,,,0,0,0,ESDB_V0_4
15299,15618,attendees,-12.7788,1,PASS,60,,n,attendee,FORM,,MASTER,0,0,0,,,,,0,0,0,ESDB_V0_4
15300,15619,birch,-12.7788,1,PASS,35,,n_v;aj,birch,LEMMA,,MASTER,0,0,0,,,,,0,0,0,ESDB_V0_4
15301,15620,biscuit,-12.7788,1,PASS,35,,n,biscuit,LEMMA;FORM,,MASTER,0,1,1,,,,biscuits,0,1,1,ESDB_V0_4
15302,15621,blasting,-12.7788,1,PASS,35,,n_v;aj,blast;blasting,FORM;LEMMA,,MASTER,0,1,0,lasting,,,,1,0,0,ESDB_V0_4
15303,15622,blending,-12.7788,1,PASS,35,,n_v;n,blend;blending,FORM;LEMMA,,MASTER,0,1,0,lending,,,,1,0,0,ESDB_V0_4
15304,15623,blinded,-12.7788,1,PASS,35,,n_v;aj,blind;blinded,FORM;LEMMA,,MASTER,0,0,0,,,,,0,0,0,ESDB_V0_4
15305,15624,blindness,-12.7788,1,PASS,35,,n,blindness,LEMMA,,MASTER,0,0,0,,,,,0,0,0,ESDB_V0_4
15306,15625,blizzard,-12.7788,1,PASS,35,,n,blizzard,LEMMA,,MASTER,0,0,0,,,,,0,0,0,ESDB_V0_4
15307,15626,booker,-12.7788,0,NOT_EXACT_EN_US,,,,,,,REJECTED_AUTO,0,0,0,,,,,0,0,0,ESDB_V0_4
15308,15627,bottoms,-12.7788,1,PASS,35,,n_v,bottom,FORM,,MASTER,0,1,0,,bottom,,,1,0,0,ESDB_V0_4
15309,15628,bowie,-12.7788,0,NOT_EXACT_EN_US,,,,,,,REJECTED_AUTO,0,0,0,,,,,0,0,0,ESDB_V0_4
15310,15629,breastfeeding,-12.7788,1,PASS,60,,v,breastfeed,FORM,,MASTER,0,0,0,,,,,0,0,0,ESDB_V0_4
15311,15630,briggs,-12.7788,0,NOT_EXACT_EN_US,,,,,,,REJECTED_AUTO,0,0,0,,,,,0,0,0,ESDB_V0_4
15312,15631,broom,-12.7788,1,PASS,35,,n,broom,LEMMA,,MASTER,0,1,0,room,,,,1,0,0,ESDB_V0_4
15313,15632,bumped,-12.7788,1,PASS,35,,n_v,bump,FORM,,MASTER,0,0,0,,,,,0,0,0,ESDB_V0_4
15314,15633,capitalists,-12.7788,1,PASS,35,,n,capitalist,FORM,,MASTER,0,1,0,,capitalist,,,1,0,0,ESDB_V0_4
15315,15634,cassidy,-12.7788,0,NOT_EXACT_EN_US,,,,,,,REJECTED_AUTO,0,0,0,,,,,0,0,0,ESDB_V0_4
15316,15635,catalonia,-12.7788,0,NOT_EXACT_EN_US,,,,,,,REJECTED_AUTO,0,0,0,,,,,0,0,0,ESDB_V0_4
15317,15636,causal,-12.7788,1,PASS,35,,aj,causal,LEMMA,,MASTER,0,0,0,,,,,0,0,0,ESDB_V0_4
15318,15637,cgi,-12.7788,0,NOT_EXACT_EN_US,,,,,,,REJECTED_AUTO,0,0,0,,,,,0,0,0,ESDB_V0_4
15319,15638,chilly,-12.7788,1,PASS,35,,aj,chilly,LEMMA,,MASTER,0,1,0,,chill,,,1,0,0,ESDB_V0_4
15320,15639,chrysler,-12.7788,0,NOT_EXACT_EN_US,,,,,,,REJECTED_AUTO,0,0,0,,,,,0,0,0,ESDB_V0_4
15321,15640,circa,-12.7788,1,PASS,35,,a;c,circa,LEMMA,,MASTER,0,0,0,,,,,0,0,0,ESDB_V0_4
15322,15641,citations,-12.7788,1,PASS,35,,n,citation,FORM,,MASTER,0,1,0,,citation,,,1,0,0,ESDB_V0_4
15323,15642,climbs,-12.7788,1,PASS,35,,n_v,climb,FORM,,MASTER,0,1,0,limbs,climb,,,2,0,0,ESDB_V0_4
15324,15643,cling,-12.7788,1,PASS,35,,n;v,cling,LEMMA,,MASTER,0,1,0,ling,,,,1,0,0,ESDB_V0_4
15325,15644,cobra,-12.7788,1,PASS,35,,n,cobra,LEMMA,,MASTER,0,0,0,,,,,0,0,0,ESDB_V0_4
15326,15645,complains,-12.7788,1,PASS,35,,v,complain,FORM,,MASTER,0,1,0,,complain,,,1,0,0,ESDB_V0_4
15327,15646,condo,-12.7788,1,PASS,40,,n,condo,LEMMA,,MASTER,0,1,1,,,,condom,0,1,0,ESDB_V0_4
15328,15647,consolidate,-12.7788,1,PASS,35,,v,consolidate,LEMMA,,MASTER,0,1,1,,,,consolidated,0,1,1,ESDB_V0_4
15329,15648,constantine,-12.7788,0,NOT_EXACT_EN_US,,,,,,,REJECTED_AUTO,0,0,0,,,,,0,0,0,ESDB_V0_4
15330,15649,constrained,-12.7788,1,PASS,35,,v;aj,constrain;constrained,FORM;LEMMA,,MASTER,0,0,0,,,,,0,0,0,ESDB_V0_4
15331,15650,correctional,-12.7788,1,PASS,50,,aj,correctional,LEMMA,,MASTER,0,0,0,,,,,0,0,0,ESDB_V0_4
15332,15651,counters,-12.7788,1,PASS,35,,n_v,counter,FORM,,MASTER,0,1,0,,counter,,,1,0,0,ESDB_V0_4
15333,15652,cruiser,-12.7788,1,PASS,35,,n,cruiser,LEMMA,,MASTER,0,1,0,,cruise,,,1,0,0,ESDB_V0_4
15334,15653,damien,-12.7788,0,NOT_EXACT_EN_US,,,,,,,REJECTED_AUTO,0,0,0,,,,,0,0,0,ESDB_V0_4
15335,15654,darius,-12.7788,0,NOT_EXACT_EN_US,,,,,,,REJECTED_AUTO,0,0,0,,,,,0,0,0,ESDB_V0_4
15336,15655,dearly,-12.7788,1,PASS,35,,av,dearly,LEMMA,,MASTER,0,1,0,early,,,,1,0,0,ESDB_V0_4
15337,15656,deceived,-12.7788,1,PASS,35,,v,deceive,FORM,,MASTER,0,1,0,,deceive,,,1,0,0,ESDB_V0_4
15338,15657,deductions,-12.7788,1,PASS,35,,n,deduction,FORM,,MASTER,0,1,0,,deduction,,,1,0,0,ESDB_V0_4
15339,15658,demographics,-12.7788,1,PASS,40,,n,demographic;demographics,FORM;LEMMA,,MASTER,0,1,0,,demographic,,,1,0,0,ESDB_V0_4
15340,15659,dine,-12.7788,1,PASS,35,,v,dine,LEMMA,,MASTER,0,1,1,,din,,diner,1,1,0,ESDB_V0_4
15341,15660,dwellings,-12.7788,1,PASS,35,,n,dwelling,FORM,,MASTER,0,1,0,,dwelling,,,1,0,0,ESDB_V0_4
15342,15661,eddy,-12.7788,1,PASS,35,50,n_v,eddy,LEMMA,,MASTER,0,0,0,,,,,0,0,0,ESDB_V0_4
15343,15662,edison,-12.7788,0,NOT_EXACT_EN_US,,,,,,,REJECTED_AUTO,0,0,0,,,,,0,0,0,ESDB_V0_4
15344,15663,empower,-12.7788,1,PASS,35,,v,empower,LEMMA,,MASTER,0,0,0,,,,,0,0,0,ESDB_V0_4
15345,15664,endowment,-12.7788,1,PASS,35,,n,endowment,LEMMA,,MASTER,0,0,0,,,,,0,0,0,ESDB_V0_4
15346,15665,enlargement,-12.7788,1,PASS,35,,n,enlargement,LEMMA,,MASTER,0,0,0,,,,,0,0,0,ESDB_V0_4
15347,15666,expeditions,-12.7788,1,PASS,35,,n,expedition,FORM,,MASTER,0,1,0,,expedition,,,1,0,0,ESDB_V0_4
15348,15667,exporting,-12.7788,1,PASS,35,,n_v;n,export;exporting,FORM;LEMMA,,MASTER,0,0,0,,,,,0,0,0,ESDB_V0_4
15349,15668,fluffy,-12.7788,1,PASS,35,,aj,fluffy,LEMMA,,MASTER,0,0,0,,,,,0,0,0,ESDB_V0_4
15350,15669,forcibly,-12.7788,1,PASS,35,,av,forcibly,LEMMA,,MASTER,0,0,0,,,,,0,0,0,ESDB_V0_4
15351,15670,fritz,-12.7788,0,CASE_FREQ_COLLISION,60,50,n,fritz,LEMMA,,REJECTED_AUTO,0,0,0,,,,,0,0,0,ESDB_V0_4
15352,15671,gail,-12.7788,0,NOT_EXACT_EN_US,,,,,,,REJECTED_AUTO,0,0,0,,,,,0,0,0,ESDB_V0_4
15353,15672,generalized,-12.7788,1,PASS,35,,v;aj,generalize;generalized,FORM;LEMMA,,MASTER,0,0,0,,,,,0,0,0,ESDB_V0_4
15354,15673,goofy,-12.7788,1,PASS,35,,aj,goofy,LEMMA,,MASTER,0,0,0,,,,,0,0,0,ESDB_V0_4
15355,15675,grading,-12.7788,1,PASS,35,,n_v;n,grade;grading,FORM;LEMMA,,MASTER,0,0,0,,,,,0,0,0,ESDB_V0_4
15356,15676,granada,-12.7788,0,NOT_EXACT_EN_US,,,,,,,REJECTED_AUTO,0,0,0,,,,,0,0,0,ESDB_V0_4
15357,15677,grayson,-12.7788,0,NOT_EXACT_EN_US,,,,,,,REJECTED_AUTO,0,0,0,,,,,0,0,0,ESDB_V0_4
15358,15678,groves,-12.7788,1,PASS,35,,n,grove,FORM,,MASTER,0,1,0,,grove,,,1,0,0,ESDB_V0_4
15359,15679,hanson,-12.7788,0,NOT_EXACT_EN_US,,,,,,,REJECTED_AUTO,0,0,0,,,,,0,0,0,ESDB_V0_4
15360,15680,harden,-12.7788,1,PASS,35,,v,harden,LEMMA,,MASTER,0,0,0,,,,,0,0,0,ESDB_V0_4
15361,15681,hobbies,-12.7788,1,PASS,35,,n,hobby,FORM,,MASTER,0,0,0,,,,,0,0,0,ESDB_V0_4
15362,15682,ieee,-12.7788,0,NOT_EXACT_EN_US,,,,,,,REJECTED_AUTO,0,0,0,,,,,0,0,0,ESDB_V0_4
15363,15683,insistence,-12.7788,1,PASS,35,,n,insistence,LEMMA,,MASTER,0,0,0,,,,,0,0,0,ESDB_V0_4
15364,15684,interruption,-12.7788,1,PASS,35,,n,interruption,LEMMA,,MASTER,0,0,0,,,,,0,0,0,ESDB_V0_4
15365,15686,jaguar,-12.7788,1,PASS,35,50,n,jaguar,LEMMA,,MASTER,0,0,0,,,,,0,0,0,ESDB_V0_4
15366,15687,jerseys,-12.7788,1,PASS,35,,n,jersey,FORM,,MASTER,0,1,0,,jersey,,,1,0,0,ESDB_V0_4
15367,15688,judah,-12.7788,0,NOT_EXACT_EN_US,,,,,,,REJECTED_AUTO,0,0,0,,,,,0,0,0,ESDB_V0_4
15368,15689,kittens,-12.7788,1,PASS,35,,n,kitten,FORM,,MASTER,0,1,0,,kitten,,,1,0,0,ESDB_V0_4
15369,15690,laptops,-12.7788,1,PASS,40,,n,laptop,FORM,,MASTER,0,1,0,,laptop,,,1,0,0,ESDB_V0_4
15370,15691,leases,-12.7788,1,PASS,35,,n_v,lease,FORM,,MASTER,0,1,1,,lease,pleases,,1,1,0,ESDB_V0_4
15371,15692,lender,-12.7788,1,PASS,40,,n,lender,LEMMA,,MASTER,0,1,1,,,slender;blender,lenders,0,3,1,ESDB_V0_4
15372,15693,localized,-12.7788,1,PASS,35,,v;aj,localize;localized,FORM;LEMMA,,MASTER,0,0,0,,,,,0,0,0,ESDB_V0_4
15373,15694,longing,-12.7788,1,PASS,35,,n_v;n,long;longing,FORM;LEMMA,,MASTER,0,0,0,,,,,0,0,0,ESDB_V0_4
15374,15695,malone,-12.7788,0,NOT_EXACT_EN_US,,,,,,,REJECTED_AUTO,0,0,0,,,,,0,0,0,ESDB_V0_4
15375,15696,marcos,-12.7788,0,NOT_EXACT_EN_US,,,,,,,REJECTED_AUTO,0,0,0,,,,,0,0,0,ESDB_V0_4
15376,15697,meteorological,-12.7788,1,PASS,40,,aj,meteorological,LEMMA,,MASTER,0,0,0,,,,,0,0,0,ESDB_V0_4
15377,15699,miscellaneous,-12.7788,1,PASS,35,,aj,miscellaneous,LEMMA,,MASTER,0,0,0,,,,,0,0,0,ESDB_V0_4
15378,15700,mobilization,-12.7788,1,PASS,35,,n,mobilization,LEMMA,,MASTER,0,0,0,,,,,0,0,0,ESDB_V0_4
15379,15701,modeled,-12.7788,1,PASS,35,,n_v;aj,model;modeled,FORM;LEMMA,,MASTER,0,0,0,,,,,0,0,0,ESDB_V0_4
15380,15702,morse,-12.7788,0,NOT_EXACT_EN_US,,,,,,,REJECTED_AUTO,0,0,0,,,,,0,0,0,ESDB_V0_4
15381,15703,nicholson,-12.7788,0,NOT_EXACT_EN_US,,,,,,,REJECTED_AUTO,0,0,0,,,,,0,0,0,ESDB_V0_4
15382,15704,nicknamed,-12.7788,1,PASS,35,,n_v,nickname,FORM,,MASTER,0,1,0,,nickname,,,1,0,0,ESDB_V0_4
15383,15705,octopus,-12.7788,1,PASS,35,,n,octopus,LEMMA,,MASTER,0,0,0,,,,,0,0,0,ESDB_V0_4
15384,15706,odyssey,-12.7788,1,PASS,40,50,n,odyssey,LEMMA,,MASTER,0,0,0,,,,,0,0,0,ESDB_V0_4
15385,15707,omaha,-12.7788,0,NOT_EXACT_EN_US,,,,,,,REJECTED_AUTO,0,0,0,,,,,0,0,0,ESDB_V0_4
15386,15708,onward,-12.7788,1,PASS,35,,av,onward,LEMMA,,MASTER,0,0,0,,,,,0,0,0,ESDB_V0_4
15387,15709,outputs,-12.7788,1,PASS,35,,n_v,output,FORM,,MASTER,0,1,0,,output,,,1,0,0,ESDB_V0_4
15388,15710,pals,-12.7788,1,PASS,35,,n_v,pal,FORM,,MASTER,0,1,0,,pal,,,1,0,0,ESDB_V0_4
15389,15711,panther,-12.7788,1,PASS,35,,n,panther,LEMMA;FORM,,MASTER,0,1,1,,,,panthers,0,1,1,ESDB_V0_4
15390,15712,paralyzed,-12.7788,1,PASS,35,,v;aj,paralyze;paralyzed,FORM;LEMMA,,MASTER,0,0,0,,,,,0,0,0,ESDB_V0_4
15391,15713,peaches,-12.7788,1,PASS,35,,n,peach,FORM,,MASTER,0,0,0,,,,,0,0,0,ESDB_V0_4
15392,15714,peg,-12.7788,1,PASS,35,50,n_v,peg,LEMMA,,MASTER,0,0,0,,,,,0,0,0,ESDB_V0_4
15393,15715,perennial,-12.7788,1,PASS,35,,n;aj,perennial,LEMMA,,MASTER,0,0,0,,,,,0,0,0,ESDB_V0_4
15394,15716,peruvian,-12.7788,0,NOT_EXACT_EN_US,,,,,,,REJECTED_AUTO,0,0,0,,,,,0,0,0,ESDB_V0_4
15395,15717,pianist,-12.7788,1,PASS,35,,n,pianist,LEMMA,,MASTER,0,0,0,,,,,0,0,0,ESDB_V0_4
15396,15718,pointers,-12.7788,1,PASS,35,,n,pointer,FORM,,MASTER,0,1,0,,pointer,,,1,0,0,ESDB_V0_4
15397,15719,politely,-12.7788,1,PASS,35,,av,politely,LEMMA,,MASTER,0,0,0,,,,,0,0,0,ESDB_V0_4
15398,15720,pradesh,-12.7788,0,NOT_EXACT_EN_US,,,,,,,REJECTED_AUTO,0,0,0,,,,,0,0,0,ESDB_V0_4
15399,15721,prescribe,-12.7788,1,PASS,35,,v,prescribe,LEMMA,,MASTER,0,1,1,,,,prescribed,0,1,1,ESDB_V0_4
15400,15722,principals,-12.7788,1,PASS,35,,n,principal,FORM,,MASTER,0,1,0,,principal,,,1,0,0,ESDB_V0_4
15401,15723,probes,-12.7788,1,PASS,35,,n_v,probe,FORM,,MASTER,0,1,0,robes,probe,,,2,0,0,ESDB_V0_4
15402,15724,propelled,-12.7788,1,PASS,35,,v,propel,FORM,,MASTER,0,0,0,,,,,0,0,0,ESDB_V0_4
15403,15725,propeller,-12.7788,1,PASS,35,,n,propeller,LEMMA,,MASTER,0,0,0,,,,,0,0,0,ESDB_V0_4
15404,15726,reddit,-12.7788,0,NOT_EXACT_EN_US,,,,,,,REJECTED_AUTO,0,0,0,,,,,0,0,0,ESDB_V0_4
15405,15727,reflex,-12.7788,1,PASS,35,,n;aj,reflex,LEMMA,,MASTER,0,0,0,,,,,0,0,0,ESDB_V0_4
15406,15728,refs,-12.7788,1,PASS,40,,n_v,ref,FORM,,MASTER,0,1,0,,ref,,,1,0,0,ESDB_V0_4
15407,15729,reopened,-12.7788,1,PASS,35,,v,reopen,FORM,,MASTER,0,0,0,,,,,0,0,0,ESDB_V0_4
15408,15730,replacements,-12.7788,1,PASS,35,,n,replacement,FORM,,MASTER,0,1,0,,replacement,,,1,0,0,ESDB_V0_4
15409,15731,residences,-12.7788,1,PASS,35,,n,residence,FORM,,MASTER,0,1,0,,residence,,,1,0,0,ESDB_V0_4
15410,15732,restraining,-12.7788,1,PASS,35,,v,restrain,FORM,,MASTER,0,0,0,,,,,0,0,0,ESDB_V0_4
15411,15733,retina,-12.7788,1,PASS,35,,n,retina,LEMMA,,MASTER,0,0,0,,,,,0,0,0,ESDB_V0_4
15412,15734,rhythmic,-12.7788,1,PASS,35,,aj,rhythmic,LEMMA,,MASTER,0,0,0,,,,,0,0,0,ESDB_V0_4
15413,15735,rotor,-12.7788,1,PASS,35,,n,rotor,LEMMA,,MASTER,0,0,0,,,,,0,0,0,ESDB_V0_4
15414,15736,router,-12.7788,1,PASS,35,,n,router,LEMMA,,MASTER,0,1,0,outer,route,,,2,0,0,ESDB_V0_4
15415,15737,rubbed,-12.7788,1,PASS,35,,n_v,rub,FORM,,MASTER,0,0,0,,,,,0,0,0,ESDB_V0_4
15416,15738,sampled,-12.7788,1,PASS,35,,n_v,sample,FORM,,MASTER,0,1,0,,sample,,,1,0,0,ESDB_V0_4
15417,15739,scalp,-12.7788,1,PASS,35,,n_v,scalp,LEMMA,,MASTER,0,0,0,,,,,0,0,0,ESDB_V0_4
15418,15740,scrapped,-12.7788,1,PASS,35,,n_v,scrap,FORM,,MASTER,0,0,0,,,,,0,0,0,ESDB_V0_4
15419,15741,seine,-12.7788,0,CASE_FREQ_COLLISION,60,50,n_v,seine,LEMMA,,REJECTED_AUTO,0,0,0,,,,,0,0,0,ESDB_V0_4
15420,15742,sensational,-12.7788,1,PASS,35,,aj,sensational,LEMMA,,MASTER,0,0,0,,,,,0,0,0,ESDB_V0_4
15421,15743,shovel,-12.7788,1,PASS,35,,n_v,shovel,LEMMA,,MASTER,0,1,0,,shove,,,1,0,0,ESDB_V0_4
15422,15744,shrinking,-12.7788,1,PASS,35,,n_v;n,shrink;shrinking,FORM;LEMMA,,MASTER,0,0,0,,,,,0,0,0,ESDB_V0_4
15423,15745,signaling,-12.7788,1,PASS,35,,n_v;n,signal;signaling,FORM;LEMMA,,MASTER,0,0,0,,,,,0,0,0,ESDB_V0_4
15424,15746,sirens,-12.7788,1,PASS,35,,n,siren,FORM,,MASTER,0,1,0,,siren,,,1,0,0,ESDB_V0_4
15425,15747,sneaky,-12.7788,1,PASS,35,,aj,sneaky,LEMMA,,MASTER,0,1,0,,sneak,,,1,0,0,ESDB_V0_4
15426,15748,spacious,-12.7788,1,PASS,35,,aj,spacious,LEMMA,,MASTER,0,0,0,,,,,0,0,0,ESDB_V0_4
15427,15749,specifics,-12.7788,1,PASS,35,,n,specific,FORM,,MASTER,0,1,0,,specific,,,1,0,0,ESDB_V0_4
15428,15750,spinach,-12.7788,1,PASS,35,,n,spinach,LEMMA,,MASTER,0,0,0,,,,,0,0,0,ESDB_V0_4
15429,15751,splits,-12.7788,1,PASS,35,,n_v,split,FORM,,MASTER,0,1,0,,split,,,1,0,0,ESDB_V0_4
15430,15752,spotify,-12.7788,0,NOT_EXACT_EN_US,,,,,,,REJECTED_AUTO,0,0,0,,,,,0,0,0,ESDB_V0_4
15431,15753,springer,-12.7788,0,NOT_EXACT_EN_US,,,,,,,REJECTED_AUTO,0,0,0,,,,,0,0,0,ESDB_V0_4
15432,15754,squat,-12.7788,1,PASS,35,,n_v;aj,squat,LEMMA,,MASTER,0,1,1,,,,squats,0,1,1,ESDB_V0_4
15433,15755,stains,-12.7788,1,PASS,35,,n_v,stain,FORM,,MASTER,0,1,0,,stain,,,1,0,0,ESDB_V0_4
15434,15756,stealth,-12.7788,1,PASS,35,,n;a,stealth,LEMMA,,MASTER,0,0,0,,,,,0,0,0,ESDB_V0_4
15435,15757,stephens,-12.7788,0,NOT_EXACT_EN_US,,,,,,,REJECTED_AUTO,0,0,0,,,,,0,0,0,ESDB_V0_4
15436,15758,stirred,-12.7788,1,PASS,35,,n_v;aj,stir;stirred,FORM;LEMMA,,MASTER,0,0,0,,,,,0,0,0,ESDB_V0_4
15437,15759,stool,-12.7788,1,PASS,35,,n,stool,LEMMA,,MASTER,0,1,0,tool,,,,1,0,0,ESDB_V0_4
15438,15760,strasbourg,-12.7788,0,NOT_EXACT_EN_US,,,,,,,REJECTED_AUTO,0,0,0,,,,,0,0,0,ESDB_V0_4
15439,15761,strife,-12.7788,1,PASS,35,,n,strife,LEMMA,,MASTER,0,0,0,,,,,0,0,0,ESDB_V0_4
15440,15762,stringent,-12.7788,1,PASS,35,,aj,stringent,LEMMA,,MASTER,0,0,0,,,,,0,0,0,ESDB_V0_4
15441,15763,supermarkets,-12.7788,1,PASS,35,,n,supermarket,FORM,,MASTER,0,1,0,,supermarket,,,1,0,0,ESDB_V0_4
15442,15764,supplemented,-12.7788,1,PASS,35,,n_v,supplement,FORM,,MASTER,0,0,0,,,,,0,0,0,ESDB_V0_4
15443,15765,swipe,-12.7788,1,PASS,35,,n_v,swipe,LEMMA,,MASTER,0,1,0,wipe,,,,1,0,0,ESDB_V0_4
15444,15766,tallest,-12.7788,1,PASS,35,,aj,tall,FORM,,MASTER,0,0,0,,,,,0,0,0,ESDB_V0_4
15445,15767,tandem,-12.7788,1,PASS,35,,n;av,tandem,LEMMA,,MASTER,0,0,0,,,,,0,0,0,ESDB_V0_4
15446,15768,teamed,-12.7788,1,PASS,35,,n_v,team,FORM,,MASTER,0,1,1,,,steamed,,0,1,0,ESDB_V0_4
15447,15769,techno,-12.7788,1,PASS,50,,n,techno,LEMMA,,MASTER,0,0,0,,,,,0,0,0,ESDB_V0_4
15448,15770,temperate,-12.7788,1,PASS,35,,aj,temperate,LEMMA,,MASTER,0,0,0,,,,,0,0,0,ESDB_V0_4
15449,15771,terra,-12.7788,0,NOT_EXACT_EN_US,,,,,,,REJECTED_AUTO,0,0,0,,,,,0,0,0,ESDB_V0_4
15450,15772,tex,-12.7788,0,NOT_EXACT_EN_US,,,,,,,REJECTED_AUTO,0,0,0,,,,,0,0,0,ESDB_V0_4
15451,15773,thug,-12.7788,1,PASS,35,,n,thug,LEMMA,,MASTER,0,1,1,hug,,,thugs,1,1,1,ESDB_V0_4
15452,15774,tombs,-12.7788,1,PASS,35,,n_v,tomb,FORM,,MASTER,0,1,0,,tomb,,,1,0,0,ESDB_V0_4
15453,15775,townsend,-12.7788,0,NOT_EXACT_EN_US,,,,,,,REJECTED_AUTO,0,0,0,,,,,0,0,0,ESDB_V0_4
15454,15776,transcription,-12.7788,1,PASS,35,,n,transcription,LEMMA,,MASTER,0,0,0,,,,,0,0,0,ESDB_V0_4
15455,15777,translators,-12.7788,1,PASS,35,,n,translator,FORM,,MASTER,0,1,0,,translator,,,1,0,0,ESDB_V0_4
15456,15778,trough,-12.7788,1,PASS,35,,n,trough,LEMMA,,MASTER,0,1,0,rough,,,,1,0,0,ESDB_V0_4
15457,15780,unnoticed,-12.7788,1,PASS,35,,aj,unnoticed,LEMMA,,MASTER,0,0,0,,,,,0,0,0,ESDB_V0_4
15458,15781,upbeat,-12.7788,1,PASS,35,,n;aj,upbeat,LEMMA,,MASTER,0,0,0,,,,,0,0,0,ESDB_V0_4
15459,15782,venetian,-12.7788,0,NOT_EXACT_EN_US,,,,,,,REJECTED_AUTO,0,0,0,,,,,0,0,0,ESDB_V0_4
15460,15783,venezuelan,-12.7788,0,NOT_EXACT_EN_US,,,,,,,REJECTED_AUTO,0,0,0,,,,,0,0,0,ESDB_V0_4
15461,15785,visionary,-12.7788,1,PASS,35,,n;aj,visionary,LEMMA,,MASTER,0,0,0,,,,,0,0,0,ESDB_V0_4
15462,15786,vivo,-12.7788,0,NOT_EXACT_EN_US,,,,,,,REJECTED_AUTO,0,0,0,,,,,0,0,0,ESDB_V0_4
15463,15787,vortex,-12.7788,1,PASS,35,,n,vortex,LEMMA,,MASTER,0,0,0,,,,,0,0,0,ESDB_V0_4
15464,15788,vous,-12.7788,0,NOT_EXACT_EN_US,,,,,,,REJECTED_AUTO,0,0,0,,,,,0,0,0,ESDB_V0_4
15465,15789,walkers,-12.7788,1,PASS,35,,n,walker,FORM,,MASTER,0,1,0,,walker,,,1,0,0,ESDB_V0_4
15466,15790,wanderers,-12.7788,1,PASS,35,,n,wanderer,FORM,,MASTER,0,0,0,,,,,0,0,0,ESDB_V0_4
15467,15791,warranted,-12.7788,1,PASS,35,,n_v,warrant,FORM,,MASTER,0,0,0,,,,,0,0,0,ESDB_V0_4
15468,15792,weiss,-12.7788,0,NOT_EXACT_EN_US,,,,,,,REJECTED_AUTO,0,0,0,,,,,0,0,0,ESDB_V0_4
15469,15793,werner,-12.7788,0,NOT_EXACT_EN_US,,,,,,,REJECTED_AUTO,0,0,0,,,,,0,0,0,ESDB_V0_4
15470,15794,xiv,-12.7788,0,NO_ESDB_GENERAL_EVIDENCE,,,,,,,REJECTED_AUTO,0,0,0,,,,,0,0,0,ESDB_V0_4
15471,15795,yells,-12.7788,1,PASS,35,,n_v,yell,FORM,,MASTER,0,1,0,,yell,,,1,0,0,ESDB_V0_4
15472,15796,yoo,-12.7788,0,NOT_EXACT_EN_US,,,,,,,REJECTED_AUTO,0,0,0,,,,,0,0,0,ESDB_V0_4
15473,15797,zion,-12.7788,0,NOT_EXACT_EN_US,,,,,,,REJECTED_AUTO,0,0,0,,,,,0,0,0,ESDB_V0_4
15474,15799,abyss,-12.8039,1,PASS,35,,n,abyss,LEMMA,,MASTER,0,0,0,,,,,0,0,0,ESDB_V0_4
15475,15800,admirable,-12.8039,1,PASS,35,,aj,admirable,LEMMA,,MASTER,0,0,0,,,,,0,0,0,ESDB_V0_4
15476,15801,advertisers,-12.8039,0,NO_ESDB_GENERAL_EVIDENCE,,,,,,,REJECTED_AUTO,0,0,0,,,,,0,0,0,ESDB_V0_4
15477,15802,amir,-12.8039,0,NOT_EXACT_EN_US,,,,,,,REJECTED_AUTO,0,0,0,,,,,0,0,0,ESDB_V0_4
15478,15803,anarchist,-12.8039,1,PASS,35,,n,anarchist,LEMMA,,MASTER,0,0,0,,,,,0,0,0,ESDB_V0_4
15479,15804,annexation,-12.8039,1,PASS,35,,n,annexation,LEMMA,,MASTER,0,0,0,,,,,0,0,0,ESDB_V0_4
15480,15805,appalling,-12.8039,1,PASS,35,,v;n;aj,appall;appal;appalling,FORM;LEMMA,,MASTER,0,0,0,,,,,0,0,0,ESDB_V0_4
15481,15806,approx,-12.8039,0,NO_ESDB_GENERAL_EVIDENCE,,,,,,,REJECTED_AUTO,0,0,0,,,,,0,0,0,ESDB_V0_4
15482,15807,atlantis,-12.8039,0,NOT_EXACT_EN_US,,,,,,,REJECTED_AUTO,0,0,0,,,,,0,0,0,ESDB_V0_4
15483,15808,attackers,-12.8039,1,PASS,40,,n,attacker,FORM,,MASTER,0,1,0,,attacker,,,1,0,0,ESDB_V0_4
15484,15809,balkans,-12.8039,0,NOT_EXACT_EN_US,,,,,,,REJECTED_AUTO,0,0,0,,,,,0,0,0,ESDB_V0_4
15485,15810,ballroom,-12.8039,1,PASS,35,,n,ballroom,LEMMA,,MASTER,0,0,0,,,,,0,0,0,ESDB_V0_4
15486,15811,bandits,-12.8039,1,PASS,35,,n,bandit,FORM,,MASTER,0,1,0,,bandit,,,1,0,0,ESDB_V0_4
15487,15812,berth,-12.8039,1,PASS,35,,n_v,berth,LEMMA,,MASTER,0,0,0,,,,,0,0,0,ESDB_V0_4
15488,15813,blames,-12.8039,1,PASS,35,,v,blame,FORM,,MASTER,0,1,0,,blame,,,1,0,0,ESDB_V0_4
15489,15814,blazing,-12.8039,1,PASS,35,,n_v;n;aj,blaze;blazing,FORM;LEMMA,,MASTER,0,0,0,,,,,0,0,0,ESDB_V0_4
15490,15815,bleach,-12.8039,1,PASS,35,,n_v,bleach,LEMMA,,MASTER,0,0,0,,,,,0,0,0,ESDB_V0_4
15491,15816,bowler,-12.8039,1,PASS,35,,n,bowler,LEMMA,,MASTER,0,0,0,,,,,0,0,0,ESDB_V0_4
15492,15817,brushing,-12.8039,1,PASS,35,,n_v;n,brush;brushing,FORM;LEMMA,,MASTER,0,1,0,rushing,,,,1,0,0,ESDB_V0_4
15493,15818,buckets,-12.8039,1,PASS,35,,n_v,bucket,FORM,,MASTER,0,1,0,,bucket,,,1,0,0,ESDB_V0_4
15494,15819,bursting,-12.8039,1,PASS,35,,n_v,burst,FORM,,MASTER,0,0,0,,,,,0,0,0,ESDB_V0_4
15495,15820,cabinets,-12.8039,1,PASS,35,,n,cabinet,FORM,,MASTER,0,1,0,,cabinet,,,1,0,0,ESDB_V0_4
15496,15821,cannons,-12.8039,1,PASS,35,,n;v,cannon,FORM,,MASTER,0,1,0,,cannon,,,1,0,0,ESDB_V0_4
15497,15822,cervical,-12.8039,1,PASS,35,,aj,cervical,LEMMA,,MASTER,0,0,0,,,,,0,0,0,ESDB_V0_4
15498,15823,char,-12.8039,1,PASS,35,,v;n,char,LEMMA;FORM,,MASTER,0,1,1,,,,chart;charm,0,2,0,ESDB_V0_4
15499,15824,cholera,-12.8039,1,PASS,35,,n,cholera,LEMMA,,MASTER,0,0,0,,,,,0,0,0,ESDB_V0_4
15500,15825,chromosome,-12.8039,1,PASS,35,,n,chromosome,LEMMA,,MASTER,0,1,1,,,,chromosomes,0,1,1,ESDB_V0_4
15501,15826,cinemas,-12.8039,1,PASS,35,,n,cinema,FORM,,MASTER,0,1,0,,cinema,,,1,0,0,ESDB_V0_4
15502,15827,civilizations,-12.8039,1,PASS,35,,n,civilization,FORM,,MASTER,0,1,0,,civilization,,,1,0,0,ESDB_V0_4
15503,15828,cj,-12.8039,0,NOT_EXACT_EN_US,,,,,,,REJECTED_AUTO,0,0,0,,,,,0,0,0,ESDB_V0_4
15504,15829,classify,-12.8039,1,PASS,35,,v,classify,LEMMA,,MASTER,0,0,0,,,,,0,0,0,ESDB_V0_4
15505,15830,collisions,-12.8039,1,PASS,35,,n,collision,FORM,,MASTER,0,1,0,,collision,,,1,0,0,ESDB_V0_4
15506,15831,confidentiality,-12.8039,1,PASS,35,,n,confidentiality,LEMMA,,MASTER,0,0,0,,,,,0,0,0,ESDB_V0_4
15507,15832,contestant,-12.8039,1,PASS,35,,n,contestant,LEMMA,,MASTER,0,1,1,,,,contestants,0,1,1,ESDB_V0_4
15508,15833,continual,-12.8039,1,PASS,35,,aj,continual,LEMMA,,MASTER,0,0,0,,,,,0,0,0,ESDB_V0_4
15509,15834,crackers,-12.8039,1,PASS,35,,n;aj,cracker;crackers,FORM;LEMMA,,MASTER,0,1,0,,cracker,,,1,0,0,ESDB_V0_4
15510,15835,crappy,-12.8039,1,PASS,40,,aj,crappy,LEMMA,,MASTER,0,0,0,,,,,0,0,0,ESDB_V0_4
15511,15836,crochet,-12.8039,1,PASS,35,,n;v,crochet,LEMMA,,MASTER,0,0,0,,,,,0,0,0,ESDB_V0_4
15512,15837,cub,-12.8039,1,PASS,35,,n,cub,LEMMA,,MASTER,0,1,1,,,,cube;cubs,0,2,1,ESDB_V0_4
15513,15838,cultivate,-12.8039,1,PASS,35,,v,cultivate,LEMMA,,MASTER,0,1,1,,,,cultivated,0,1,1,ESDB_V0_4
15514,15839,decency,-12.8039,1,PASS,35,,n,decency,LEMMA,,MASTER,0,0,0,,,,,0,0,0,ESDB_V0_4
15515,15840,dems,-12.8039,0,NOT_EXACT_EN_US,,,,,,,REJECTED_AUTO,0,0,0,,,,,0,0,0,ESDB_V0_4
15516,15841,derrick,-12.8039,1,PASS,35,50,n,derrick,LEMMA,,MASTER,0,0,0,,,,,0,0,0,ESDB_V0_4
15517,15842,detectors,-12.8039,1,PASS,35,,n,detector,FORM,,MASTER,0,1,0,,detector,,,1,0,0,ESDB_V0_4
15518,15843,deteriorated,-12.8039,1,PASS,35,,v,deteriorate,FORM,,MASTER,0,0,0,,,,,0,0,0,ESDB_V0_4
15519,15844,diluted,-12.8039,1,PASS,35,,v;aj,dilute;diluted,FORM;LEMMA,,MASTER,0,0,0,,,,,0,0,0,ESDB_V0_4
15520,15845,disturbances,-12.8039,1,PASS,35,,n,disturbance,FORM,,MASTER,0,1,0,,disturbance,,,1,0,0,ESDB_V0_4
15521,15846,diversified,-12.8039,1,PASS,35,,aj;v,diversified;diversify,LEMMA;FORM,,MASTER,0,0,0,,,,,0,0,0,ESDB_V0_4
15522,15847,drains,-12.8039,1,PASS,35,,n_v,drain,FORM,,MASTER,0,1,0,rains,drain,,,2,0,0,ESDB_V0_4
15523,15848,dudley,-12.8039,0,NOT_EXACT_EN_US,,,,,,,REJECTED_AUTO,0,0,0,,,,,0,0,0,ESDB_V0_4
15524,15849,earthly,-12.8039,1,PASS,35,,aj,earthly,LEMMA,,MASTER,0,0,0,,,,,0,0,0,ESDB_V0_4
15525,15850,elusive,-12.8039,1,PASS,35,,aj,elusive,LEMMA,,MASTER,0,0,0,,,,,0,0,0,ESDB_V0_4
15526,15851,emmanuel,-12.8039,0,NOT_EXACT_EN_US,,,,,,,REJECTED_AUTO,0,0,0,,,,,0,0,0,ESDB_V0_4
15527,15852,enact,-12.8039,1,PASS,35,,v,enact,LEMMA,,MASTER,0,0,0,,,,,0,0,0,ESDB_V0_4
15528,15853,endeavor,-12.8039,1,PASS,35,,n_v,endeavor,LEMMA,,MASTER,0,1,1,,,,endeavors,0,1,1,ESDB_V0_4
15529,15854,extraordinarily,-12.8039,1,PASS,35,,av,extraordinarily,LEMMA,,MASTER,0,0,0,,,,,0,0,0,ESDB_V0_4
15530,15855,fares,-12.8039,1,PASS,35,,n_v,fare,FORM,,MASTER,0,1,0,,fare,,,1,0,0,ESDB_V0_4
15531,15856,feds,-12.8039,1,PASS,35,50,n,fed,FORM,,MASTER,0,1,0,eds,fed,,,2,0,0,ESDB_V0_4
15532,15857,felipe,-12.8039,0,NOT_EXACT_EN_US,,,,,,,REJECTED_AUTO,0,0,0,,,,,0,0,0,ESDB_V0_4
15533,15858,flaming,-12.8039,1,PASS,35,,n_v;n;aj,flame;flaming,FORM;LEMMA,,MASTER,0,0,0,,,,,0,0,0,ESDB_V0_4
15534,15859,flanders,-12.8039,0,NOT_EXACT_EN_US,,,,,,,REJECTED_AUTO,0,0,0,,,,,0,0,0,ESDB_V0_4
15535,15860,foes,-12.8039,1,PASS,35,,n,foe,FORM,,MASTER,0,1,0,,foe,,,1,0,0,ESDB_V0_4
15536,15861,foley,-12.8039,0,NOT_EXACT_EN_US,,,,,,,REJECTED_AUTO,0,0,0,,,,,0,0,0,ESDB_V0_4
15537,15862,friedman,-12.8039,0,NOT_EXACT_EN_US,,,,,,,REJECTED_AUTO,0,0,0,,,,,0,0,0,ESDB_V0_4
15538,15863,galactic,-12.8039,1,PASS,35,,aj,galactic,LEMMA,,MASTER,0,0,0,,,,,0,0,0,ESDB_V0_4
15539,15864,gardener,-12.8039,1,PASS,35,,n,gardener,LEMMA,,MASTER,0,0,0,,,,,0,0,0,ESDB_V0_4
15540,15865,glamour,-12.8039,1,PASS,35,,n;a,glamour,LEMMA,,MASTER,0,0,0,,,,,0,0,0,ESDB_V0_4
15541,15866,goa,-12.8039,0,NOT_EXACT_EN_US,,,,,,,REJECTED_AUTO,0,0,0,,,,,0,0,0,ESDB_V0_4
15542,15867,goldberg,-12.8039,0,NOT_EXACT_EN_US,,,,,,,REJECTED_AUTO,0,0,0,,,,,0,0,0,ESDB_V0_4
15543,15869,gotham,-12.8039,0,NOT_EXACT_EN_US,,,,,,,REJECTED_AUTO,0,0,0,,,,,0,0,0,ESDB_V0_4
15544,15870,greasy,-12.8039,1,PASS,35,,aj,greasy,LEMMA,,MASTER,0,0,0,,,,,0,0,0,ESDB_V0_4
15545,15871,hannibal,-12.8039,0,NOT_EXACT_EN_US,,,,,,,REJECTED_AUTO,0,0,0,,,,,0,0,0,ESDB_V0_4
15546,15872,heartbreaking,-12.8039,1,PASS,40,,aj,heartbreaking,LEMMA,,MASTER,0,0,0,,,,,0,0,0,ESDB_V0_4
15547,15873,helium,-12.8039,1,PASS,35,,n,helium,LEMMA,,MASTER,0,0,0,,,,,0,0,0,ESDB_V0_4
15548,15874,hive,-12.8039,1,PASS,35,,n_v,hive,LEMMA,,MASTER,0,0,0,,,,,0,0,0,ESDB_V0_4
15549,15875,hound,-12.8039,1,PASS,35,,n_v,hound,LEMMA,,MASTER,0,0,0,,,,,0,0,0,ESDB_V0_4
15550,15876,htc,-12.8039,0,NOT_EXACT_EN_US,,,,,,,REJECTED_AUTO,0,0,0,,,,,0,0,0,ESDB_V0_4
15551,15877,hugging,-12.8039,1,PASS,35,,n_v;n,hug;hugging,FORM;LEMMA,,MASTER,0,0,0,,,,,0,0,0,ESDB_V0_4
15552,15878,ig,-12.8039,0,NOT_EXACT_EN_US,,,,,,,REJECTED_AUTO,0,0,0,,,,,0,0,0,ESDB_V0_4
15553,15879,initiating,-12.8039,1,PASS,35,,n_v,initiate,FORM,,MASTER,0,0,0,,,,,0,0,0,ESDB_V0_4
15554,15880,innate,-12.8039,1,PASS,35,,aj,innate,LEMMA,,MASTER,0,0,0,,,,,0,0,0,ESDB_V0_4
15555,15881,insurer,-12.8039,1,PASS,50,,n,insurer,LEMMA,,MASTER,0,1,0,,insure,,,1,0,0,ESDB_V0_4
15556,15882,interception,-12.8039,1,PASS,35,,n,interception,LEMMA,,MASTER,0,0,0,,,,,0,0,0,ESDB_V0_4
15557,15883,intervened,-12.8039,1,PASS,35,,v,intervene,FORM,,MASTER,0,1,0,,intervene,,,1,0,0,ESDB_V0_4
15558,15884,intrusion,-12.8039,1,PASS,35,,n,intrusion,LEMMA,,MASTER,0,0,0,,,,,0,0,0,ESDB_V0_4
15559,15885,invincible,-12.8039,1,PASS,35,,aj,invincible,LEMMA,,MASTER,0,0,0,,,,,0,0,0,ESDB_V0_4
15560,15886,invitations,-12.8039,1,PASS,35,,n,invitation,FORM,,MASTER,0,1,0,,invitation,,,1,0,0,ESDB_V0_4
15561,15887,irrespective,-12.8039,1,PASS,35,,av,irrespective,LEMMA,,MASTER,0,0,0,,,,,0,0,0,ESDB_V0_4
15562,15888,irvine,-12.8039,0,NOT_EXACT_EN_US,,,,,,,REJECTED_AUTO,0,0,0,,,,,0,0,0,ESDB_V0_4
15563,15889,judas,-12.8039,0,NOT_EXACT_EN_US,,,,,,,REJECTED_AUTO,0,0,0,,,,,0,0,0,ESDB_V0_4
15564,15890,kangaroo,-12.8039,1,PASS,35,,n,kangaroo,LEMMA;FORM,,MASTER,0,0,0,,,,,0,0,0,ESDB_V0_4
15565,15891,keepers,-12.8039,1,PASS,35,,n,keeper,FORM,,MASTER,0,1,0,,keeper,,,1,0,0,ESDB_V0_4
15566,15892,knob,-12.8039,1,PASS,35,,n,knob,LEMMA,,MASTER,0,0,0,,,,,0,0,0,ESDB_V0_4
15567,15893,kylie,-12.8039,0,NOT_EXACT_EN_US,,,,,,,REJECTED_AUTO,0,0,0,,,,,0,0,0,ESDB_V0_4
15568,15894,lac,-12.8039,1,PASS,60,,n,lac,LEMMA,,MASTER,0,1,1,,,,lack;lace;lacy,0,3,0,ESDB_V0_4
15569,15895,lasers,-12.8039,1,PASS,35,,n,laser,FORM,,MASTER,0,1,0,,laser,,,1,0,0,ESDB_V0_4
15570,15896,lenders,-12.8039,1,PASS,40,,n,lender,FORM,,MASTER,0,1,0,,lender,,,1,0,0,ESDB_V0_4
15571,15897,licences,-12.8039,0,NOT_EXACT_EN_US,,,,,,,REJECTED_AUTO,0,0,0,,,,,0,0,0,ESDB_V0_4
15572,15898,limp,-12.8039,1,PASS,35,,n_v;aj,limp,LEMMA,,MASTER,0,0,0,,,,,0,0,0,ESDB_V0_4
15573,15899,linguistics,-12.8039,1,PASS,35,,n,linguistics,LEMMA,,MASTER,0,1,0,,linguistic,,,1,0,0,ESDB_V0_4
15574,15900,lodging,-12.8039,1,PASS,35,,n_v;n,lodge;lodging,FORM;LEMMA,,MASTER,0,0,0,,,,,0,0,0,ESDB_V0_4
15575,15901,luc,-12.8039,0,NOT_EXACT_EN_US,,,,,,,REJECTED_AUTO,0,0,0,,,,,0,0,0,ESDB_V0_4
15576,15902,lyons,-12.8039,0,NOT_EXACT_EN_US,,,,,,,REJECTED_AUTO,0,0,0,,,,,0,0,0,ESDB_V0_4
15577,15903,magnesium,-12.8039,1,PASS,35,,n,magnesium,LEMMA,,MASTER,0,0,0,,,,,0,0,0,ESDB_V0_4
15578,15904,manipulating,-12.8039,1,PASS,35,,v,manipulate,FORM,,MASTER,0,0,0,,,,,0,0,0,ESDB_V0_4
15579,15905,mcdonalds,-12.8039,0,NOT_EXACT_EN_US,,,,,,,REJECTED_AUTO,0,0,0,,,,,0,0,0,ESDB_V0_4
15580,15906,mcgill,-12.8039,0,NOT_EXACT_EN_US,,,,,,,REJECTED_AUTO,0,0,0,,,,,0,0,0,ESDB_V0_4
15581,15907,mediocre,-12.8039,1,PASS,35,,aj,mediocre,LEMMA,,MASTER,0,0,0,,,,,0,0,0,ESDB_V0_4
15582,15908,merging,-12.8039,1,PASS,35,,v;n;aj,merge;merging,FORM;LEMMA,,MASTER,0,1,1,,,emerging,,0,1,0,ESDB_V0_4
15583,15909,migrate,-12.8039,1,PASS,35,,v,migrate,LEMMA,,MASTER,0,1,1,,,,migrated,0,1,1,ESDB_V0_4
15584,15910,modifying,-12.8039,1,PASS,35,,v,modify,FORM,,MASTER,0,0,0,,,,,0,0,0,ESDB_V0_4
15585,15911,morrow,-12.8039,0,CASE_FREQ_COLLISION,50,50,n,morrow,LEMMA,,REJECTED_AUTO,0,0,0,,,,,0,0,0,ESDB_V0_4
15586,15912,motivations,-12.8039,1,PASS,35,,n,motivation,FORM,,MASTER,0,1,0,,motivation,,,1,0,0,ESDB_V0_4
15587,15913,mounts,-12.8039,1,PASS,35,,n_v,mount,FORM,,MASTER,0,1,1,,mount,amounts,,1,1,0,ESDB_V0_4
15588,15914,mule,-12.8039,1,PASS,35,,n,mule,LEMMA,,MASTER,0,0,0,,,,,0,0,0,ESDB_V0_4
15589,15915,natasha,-12.8039,0,NOT_EXACT_EN_US,,,,,,,REJECTED_AUTO,0,0,0,,,,,0,0,0,ESDB_V0_4
15590,15916,necks,-12.8039,1,PASS,35,,n_v,neck,FORM,,MASTER,0,1,0,,neck,,,1,0,0,ESDB_V0_4
15591,15917,novice,-12.8039,1,PASS,35,,n,novice,LEMMA,,MASTER,0,0,0,,,,,0,0,0,ESDB_V0_4
15592,15918,ons,-12.8039,0,NOT_EXACT_EN_US,,,,,,,REJECTED_AUTO,0,0,0,,,,,0,0,0,ESDB_V0_4
15593,15919,onstage,-12.8039,1,PASS,60,,aj_av,onstage,LEMMA,,MASTER,0,0,0,,,,,0,0,0,ESDB_V0_4
15594,15920,oooh,-12.8039,0,NOT_EXACT_EN_US,,,,,,,REJECTED_AUTO,0,0,0,,,,,0,0,0,ESDB_V0_4
15595,15921,oprah,-12.8039,0,NOT_EXACT_EN_US,,,,,,,REJECTED_AUTO,0,0,0,,,,,0,0,0,ESDB_V0_4
15596,15922,optics,-12.8039,1,PASS,35,,n,optic;optics,FORM;LEMMA,,MASTER,0,1,0,,optic,,,1,0,0,ESDB_V0_4
15597,15923,outraged,-12.8039,1,PASS,35,,n_v;aj,outrage;outraged,FORM;LEMMA,,MASTER,0,1,0,,outrage,,,1,0,0,ESDB_V0_4
15598,15924,overboard,-12.8039,1,PASS,35,,av,overboard,LEMMA,,MASTER,0,0,0,,,,,0,0,0,ESDB_V0_4
15599,15925,override,-12.8039,1,PASS,35,,n_v,override,LEMMA,,MASTER,0,0,0,,,,,0,0,0,ESDB_V0_4
15600,15926,pairing,-12.8039,1,PASS,35,,v,pair,FORM,,MASTER,0,1,0,airing,,,,1,0,0,ESDB_V0_4
15601,15927,palaces,-12.8039,1,PASS,35,,n,palace,FORM,,MASTER,0,1,0,,palace,,,1,0,0,ESDB_V0_4
15602,15928,patriotism,-12.8039,1,PASS,35,,n,patriotism,LEMMA,,MASTER,0,0,0,,,,,0,0,0,ESDB_V0_4
15603,15929,pep,-12.8039,1,PASS,35,,n;v,pep,LEMMA,,MASTER,0,0,0,,,,,0,0,0,ESDB_V0_4
15604,15930,pepsi,-12.8039,0,NOT_EXACT_EN_US,,,,,,,REJECTED_AUTO,0,0,0,,,,,0,0,0,ESDB_V0_4
15605,15931,pilgrim,-12.8039,1,PASS,35,40,n,pilgrim,LEMMA,,MASTER,0,1,1,,,,pilgrims,0,1,1,ESDB_V0_4
15606,15932,plagued,-12.8039,1,PASS,35,,n_v,plague,FORM,,MASTER,0,1,0,,plague,,,1,0,0,ESDB_V0_4
15607,15933,plunged,-12.8039,1,PASS,35,,n_v,plunge,FORM,,MASTER,0,1,0,,plunge,,,1,0,0,ESDB_V0_4
15608,15934,pong,-12.8039,1,PASS,60,,n,pong,LEMMA,,MASTER,0,0,0,,,,,0,0,0,ESDB_V0_4
15609,15935,postpone,-12.8039,1,PASS,35,,v,postpone,LEMMA,,MASTER,0,1,1,,,,postponed,0,1,1,ESDB_V0_4
15610,15936,pow,-12.8039,0,CASE_FREQ_COLLISION,60,40,n,pow,LEMMA,,REJECTED_AUTO,0,0,0,,,,,0,0,0,ESDB_V0_4
15611,15937,proprietor,-12.8039,1,PASS,35,,n,proprietor,LEMMA,,MASTER,0,0,0,,,,,0,0,0,ESDB_V0_4
15612,15938,prussian,-12.8039,0,NOT_EXACT_EN_US,,,,,,,REJECTED_AUTO,0,0,0,,,,,0,0,0,ESDB_V0_4
15613,15939,pst,-12.8039,0,NOT_EXACT_EN_US,,,,,,,REJECTED_AUTO,0,0,0,,,,,0,0,0,ESDB_V0_4
15614,15940,quake,-12.8039,1,PASS,35,,n_v,quake,LEMMA,,MASTER,0,0,0,,,,,0,0,0,ESDB_V0_4
15615,15942,rae,-12.8039,0,NOT_EXACT_EN_US,,,,,,,REJECTED_AUTO,0,0,0,,,,,0,0,0,ESDB_V0_4
15616,15943,raided,-12.8039,1,PASS,35,,n_v,raid,FORM,,MASTER,0,1,0,aided,,,,1,0,0,ESDB_V0_4
15617,15944,raping,-12.8039,1,PASS,35,,n_v,rape,FORM,,MASTER,0,0,0,,,,,0,0,0,ESDB_V0_4
15618,15945,realms,-12.8039,1,PASS,35,,n,realm,FORM,,MASTER,0,1,0,,realm,,,1,0,0,ESDB_V0_4
15619,15946,recognizable,-12.8039,1,PASS,35,,aj,recognizable,LEMMA,,MASTER,0,0,0,,,,,0,0,0,ESDB_V0_4
15620,15947,reese,-12.8039,0,NOT_EXACT_EN_US,,,,,,,REJECTED_AUTO,0,0,0,,,,,0,0,0,ESDB_V0_4
15621,15948,regression,-12.8039,1,PASS,35,,n,regression,LEMMA,,MASTER,0,0,0,,,,,0,0,0,ESDB_V0_4
15622,15949,relentless,-12.8039,1,PASS,35,,aj,relentless,LEMMA,,MASTER,0,0,0,,,,,0,0,0,ESDB_V0_4
15623,15950,repealed,-12.8039,1,PASS,35,,n_v,repeal,FORM,,MASTER,0,0,0,,,,,0,0,0,ESDB_V0_4
15624,15951,restrained,-12.8039,1,PASS,35,,v;aj,restrain;restrained,FORM;LEMMA,,MASTER,0,0,0,,,,,0,0,0,ESDB_V0_4
15625,15952,rewrite,-12.8039,1,PASS,35,,n_v,rewrite,LEMMA,,MASTER,0,0,0,,,,,0,0,0,ESDB_V0_4
15626,15953,robbers,-12.8039,1,PASS,35,,n,robber,FORM,,MASTER,0,1,0,,robber,,,1,0,0,ESDB_V0_4
15627,15954,robotic,-12.8039,1,PASS,50,,aj,robotic,LEMMA,,MASTER,0,1,1,,,,robotics,0,1,0,ESDB_V0_4
15628,15955,rockefeller,-12.8039,0,NOT_EXACT_EN_US,,,,,,,REJECTED_AUTO,0,0,0,,,,,0,0,0,ESDB_V0_4
15629,15956,rotary,-12.8039,1,PASS,35,,n;aj,rotary,LEMMA,,MASTER,0,0,0,,,,,0,0,0,ESDB_V0_4
15630,15957,rudy,-12.8039,0,NOT_EXACT_EN_US,,,,,,,REJECTED_AUTO,0,0,0,,,,,0,0,0,ESDB_V0_4
15631,15958,russ,-12.8039,0,NOT_EXACT_EN_US,,,,,,,REJECTED_AUTO,0,0,0,,,,,0,0,0,ESDB_V0_4
15632,15959,screenplay,-12.8039,1,PASS,40,,n,screenplay,LEMMA,,MASTER,0,0,0,,,,,0,0,0,ESDB_V0_4
15633,15961,seasoned,-12.8039,1,PASS,35,,n_v;aj,season;seasoned,FORM;LEMMA,,MASTER,0,0,0,,,,,0,0,0,ESDB_V0_4
15634,15962,sediments,-12.8039,1,PASS,35,,n,sediment,FORM,,MASTER,0,1,0,,sediment,,,1,0,0,ESDB_V0_4
15635,15963,seeded,-12.8039,1,PASS,35,,n_v,seed,FORM,,MASTER,0,0,0,,,,,0,0,0,ESDB_V0_4
15636,15965,shri,-12.8039,0,NOT_EXACT_EN_US,,,,,,,REJECTED_AUTO,0,0,0,,,,,0,0,0,ESDB_V0_4
15637,15966,siren,-12.8039,1,PASS,35,,n,siren,LEMMA,,MASTER,0,1,1,,sire,,sirens,1,1,1,ESDB_V0_4
15638,15967,sitcom,-12.8039,1,PASS,40,,n,sitcom,LEMMA,,MASTER,0,0,0,,,,,0,0,0,ESDB_V0_4
15639,15968,skepticism,-12.8039,1,PASS,35,,n,skepticism,LEMMA,,MASTER,0,0,0,,,,,0,0,0,ESDB_V0_4
15640,15969,slayer,-12.8039,1,PASS,50,,n,slayer,LEMMA,,MASTER,0,1,0,layer,,,,1,0,0,ESDB_V0_4
15641,15970,snapping,-12.8039,1,PASS,35,,n_v;n,snap;snapping,FORM;LEMMA,,MASTER,0,0,0,,,,,0,0,0,ESDB_V0_4
15642,15971,sparrow,-12.8039,1,PASS,35,,n,sparrow,LEMMA,,MASTER,0,0,0,,,,,0,0,0,ESDB_V0_4
15643,15972,stalk,-12.8039,1,PASS,35,,n_v,stalk,LEMMA,,MASTER,0,1,0,talk,,,,1,0,0,ESDB_V0_4
15644,15973,standby,-12.8039,1,PASS,35,,n;aj,standby,LEMMA,,MASTER,0,0,0,,,,,0,0,0,ESDB_V0_4
15645,15974,standings,-12.8039,1,PASS,35,,n,standing,FORM,,MASTER,0,1,0,,standing,,,1,0,0,ESDB_V0_4
15646,15975,stew,-12.8039,1,PASS,35,,n_v,stew,LEMMA,,MASTER,0,0,0,,,,,0,0,0,ESDB_V0_4
15647,15976,steward,-12.8039,1,PASS,35,,n_v,steward,LEMMA,,MASTER,0,0,0,,,,,0,0,0,ESDB_V0_4
15648,15977,stirling,-12.8039,0,NOT_EXACT_EN_US,,,,,,,REJECTED_AUTO,0,0,0,,,,,0,0,0,ESDB_V0_4
15649,15978,stocking,-12.8039,1,PASS,35,,n_v;n,stock;stocking,FORM;LEMMA,,MASTER,0,1,1,,,,stockings,0,1,1,ESDB_V0_4
15650,15979,strategically,-12.8039,1,PASS,40,,av,strategically,LEMMA,,MASTER,0,0,0,,,,,0,0,0,ESDB_V0_4
15651,15980,subdued,-12.8039,1,PASS,35,,v;aj,subdue;subdued,FORM;LEMMA,,MASTER,0,0,0,,,,,0,0,0,ESDB_V0_4
15652,15981,subscribed,-12.8039,1,PASS,35,,v,subscribe,FORM,,MASTER,0,1,0,,subscribe,,,1,0,0,ESDB_V0_4
15653,15982,substitutes,-12.8039,1,PASS,35,,n_v,substitute,FORM,,MASTER,0,1,0,,substitute,,,1,0,0,ESDB_V0_4
15654,15983,swat,-12.8039,1,PASS,35,50,n_v,swat,LEMMA,,MASTER,0,0,0,,,,,0,0,0,ESDB_V0_4
15655,15984,tad,-12.8039,1,PASS,40,50,n,tad,LEMMA,,MASTER,0,1,0,ad,,,,1,0,0,ESDB_V0_4
15656,15985,tanker,-12.8039,1,PASS,35,,n,tanker,LEMMA,,MASTER,0,0,0,,,,,0,0,0,ESDB_V0_4
15657,15986,taps,-12.8039,1,PASS,35,,n_v;n,tap;taps,FORM;LEMMA,,MASTER,0,1,0,,tap,,,1,0,0,ESDB_V0_4
15658,15987,tasmania,-12.8039,0,NOT_EXACT_EN_US,,,,,,,REJECTED_AUTO,0,0,0,,,,,0,0,0,ESDB_V0_4
15659,15988,tequila,-12.8039,1,PASS,40,,n,tequila,LEMMA,,MASTER,0,0,0,,,,,0,0,0,ESDB_V0_4
15660,15989,thrilling,-12.8039,1,PASS,35,,n_v;aj,thrill;thrilling,FORM;LEMMA,,MASTER,0,0,0,,,,,0,0,0,ESDB_V0_4
15661,15990,torment,-12.8039,1,PASS,35,,n_v,torment,LEMMA,,MASTER,0,0,0,,,,,0,0,0,ESDB_V0_4
15662,15991,transformations,-12.8039,1,PASS,35,,n,transformation,FORM,,MASTER,0,1,0,,transformation,,,1,0,0,ESDB_V0_4
15663,15992,transforms,-12.8039,1,PASS,35,,n_v,transform,FORM,,MASTER,0,1,0,,transform,,,1,0,0,ESDB_V0_4
15664,15993,trendy,-12.8039,1,PASS,35,,n;aj,trendy,LEMMA,,MASTER,0,1,0,,trend,,,1,0,0,ESDB_V0_4
15665,15994,troubling,-12.8039,1,PASS,35,,n_v,trouble,FORM,,MASTER,0,0,0,,,,,0,0,0,ESDB_V0_4
15666,15995,tumour,-12.8039,0,NOT_EXACT_EN_US,,,,,,,REJECTED_AUTO,0,0,0,,,,,0,0,0,ESDB_V0_4
15667,15996,ul,-12.8039,0,NOT_EXACT_EN_US,,,,,,,REJECTED_AUTO,0,0,0,,,,,0,0,0,ESDB_V0_4
15668,15997,undue,-12.8039,1,PASS,35,,aj,undue,LEMMA,,MASTER,0,0,0,,,,,0,0,0,ESDB_V0_4
15669,15998,unnatural,-12.8039,1,PASS,35,,aj,unnatural,LEMMA,,MASTER,0,0,0,,,,,0,0,0,ESDB_V0_4
15670,15999,untouched,-12.8039,1,PASS,35,,aj,untouched,LEMMA,,MASTER,0,0,0,,,,,0,0,0,ESDB_V0_4
15671,16000,utopia,-12.8039,1,PASS,40,50,n,utopia,LEMMA,,MASTER,0,0,0,,,,,0,0,0,ESDB_V0_4
15672,16001,vacations,-12.8039,1,PASS,35,,n_v,vacation,FORM,,MASTER,0,1,0,,vacation,,,1,0,0,ESDB_V0_4
15673,16002,vaginal,-12.8039,1,PASS,35,,aj,vaginal,LEMMA,,MASTER,0,1,0,,vagina,,,1,0,0,ESDB_V0_4
15674,16003,viability,-12.8039,1,PASS,35,,n,viability,LEMMA,,MASTER,0,0,0,,,,,0,0,0,ESDB_V0_4
15675,16004,vicar,-12.8039,1,PASS,35,,n,vicar,LEMMA,,MASTER,0,0,0,,,,,0,0,0,ESDB_V0_4
15676,16005,vols,-12.8039,0,NO_ESDB_GENERAL_EVIDENCE,,,,,,,REJECTED_AUTO,0,0,0,,,,,0,0,0,ESDB_V0_4
15677,16006,wei,-12.8039,0,NOT_EXACT_EN_US,,,,,,,REJECTED_AUTO,0,0,0,,,,,0,0,0,ESDB_V0_4
15678,16007,wetlands,-12.8039,1,PASS,50,,n,wetland,FORM,,MASTER,0,0,0,,,,,0,0,0,ESDB_V0_4
15679,16008,withheld,-12.8039,1,PASS,35,,v,withhold,FORM,,MASTER,0,0,0,,,,,0,0,0,ESDB_V0_4
15680,16011,accountants,-12.826,1,PASS,35,,n,accountant,FORM,,MASTER,0,1,0,,accountant,,,1,0,0,ESDB_V0_4
15681,16012,adaptations,-12.826,1,PASS,35,,n,adaptation,FORM,,MASTER,0,1,0,,adaptation,,,1,0,0,ESDB_V0_4
15682,16013,adele,-12.826,0,NOT_EXACT_EN_US,,,,,,,REJECTED_AUTO,0,0,0,,,,,0,0,0,ESDB_V0_4
15683,16014,adrenaline,-12.826,1,PASS,40,,n,adrenaline,LEMMA,,MASTER,0,0,0,,,,,0,0,0,ESDB_V0_4
15684,16015,alcoholism,-12.826,1,PASS,35,,n,alcoholism,LEMMA,,MASTER,0,0,0,,,,,0,0,0,ESDB_V0_4
15685,16016,analogous,-12.826,1,PASS,35,,aj,analogous,LEMMA,,MASTER,0,0,0,,,,,0,0,0,ESDB_V0_4
15686,16017,ancestry,-12.826,1,PASS,35,,n,ancestry,LEMMA,,MASTER,0,0,0,,,,,0,0,0,ESDB_V0_4
15687,16018,anterior,-12.826,1,PASS,50,,aj,anterior,LEMMA,,MASTER,0,0,0,,,,,0,0,0,ESDB_V0_4
15688,16019,appropriation,-12.826,1,PASS,35,,n,appropriation,LEMMA,,MASTER,0,1,1,,,,appropriations,0,1,1,ESDB_V0_4
15689,16020,aristotle,-12.826,0,NOT_EXACT_EN_US,,,,,,,REJECTED_AUTO,0,0,0,,,,,0,0,0,ESDB_V0_4
15690,16021,asa,-12.826,0,NOT_EXACT_EN_US,,,,,,,REJECTED_AUTO,0,0,0,,,,,0,0,0,ESDB_V0_4
15691,16022,asians,-12.826,0,NOT_EXACT_EN_US,,,,,,,REJECTED_AUTO,0,0,0,,,,,0,0,0,ESDB_V0_4
15692,16023,asphalt,-12.826,1,PASS,35,,n;v,asphalt,LEMMA,,MASTER,0,0,0,,,,,0,0,0,ESDB_V0_4
15693,16024,asserts,-12.826,1,PASS,35,,v,assert,FORM,,MASTER,0,1,0,,assert,,,1,0,0,ESDB_V0_4
15694,16025,astronomers,-12.826,1,PASS,35,,n,astronomer,FORM,,MASTER,0,0,0,,,,,0,0,0,ESDB_V0_4
15695,16026,attire,-12.826,1,PASS,35,,n;v,attire,LEMMA,,MASTER,0,0,0,,,,,0,0,0,ESDB_V0_4
15696,16027,audible,-12.826,1,PASS,35,,n;aj,audible,LEMMA,,MASTER,0,0,0,,,,,0,0,0,ESDB_V0_4
15697,16029,beetle,-12.826,1,PASS,35,,n_v;aj,beetle,LEMMA,,MASTER,0,1,1,,,,beetles,0,1,1,ESDB_V0_4
15698,16030,benches,-12.826,1,PASS,35,,n_v,bench,FORM,,MASTER,0,0,0,,,,,0,0,0,ESDB_V0_4
15699,16031,bestowed,-12.826,1,PASS,35,,v,bestow,FORM,,MASTER,0,0,0,,,,,0,0,0,ESDB_V0_4
15700,16032,bethlehem,-12.826,0,NOT_EXACT_EN_US,,,,,,,REJECTED_AUTO,0,0,0,,,,,0,0,0,ESDB_V0_4
15701,16033,beyonce,-12.826,0,NOT_EXACT_EN_US,,,,,,,REJECTED_AUTO,0,0,0,,,,,0,0,0,ESDB_V0_4
15702,16034,bicycles,-12.826,1,PASS,35,,n_v,bicycle,FORM,,MASTER,0,1,0,,bicycle,,,1,0,0,ESDB_V0_4
15703,16035,biotechnology,-12.826,1,PASS,50,,n,biotechnology,LEMMA,,MASTER,0,0,0,,,,,0,0,0,ESDB_V0_4
15704,16036,bland,-12.826,1,PASS,35,,aj,bland,LEMMA,,MASTER,0,1,0,land,,,,1,0,0,ESDB_V0_4
15705,16037,blasted,-12.826,1,PASS,35,,n_v;aj,blast;blasted,FORM;LEMMA,,MASTER,0,1,0,lasted,,,,1,0,0,ESDB_V0_4
15706,16038,bounded,-12.826,1,PASS,35,,n_v;aj,bound;bounded,FORM;LEMMA,,MASTER,0,0,0,,,,,0,0,0,ESDB_V0_4
15707,16039,bowen,-12.826,0,NOT_EXACT_EN_US,,,,,,,REJECTED_AUTO,0,0,0,,,,,0,0,0,ESDB_V0_4
15708,16040,buckley,-12.826,0,NOT_EXACT_EN_US,,,,,,,REJECTED_AUTO,0,0,0,,,,,0,0,0,ESDB_V0_4
15709,16041,camden,-12.826,0,NOT_EXACT_EN_US,,,,,,,REJECTED_AUTO,0,0,0,,,,,0,0,0,ESDB_V0_4
15710,16042,charismatic,-12.826,1,PASS,35,,n;aj,charismatic,LEMMA,,MASTER,0,0,0,,,,,0,0,0,ESDB_V0_4
15711,16043,chemist,-12.826,1,PASS,35,,n,chemist,LEMMA,,MASTER,0,0,0,,,,,0,0,0,ESDB_V0_4
15712,16044,chevrolet,-12.826,0,NOT_EXACT_EN_US,,,,,,,REJECTED_AUTO,0,0,0,,,,,0,0,0,ESDB_V0_4
15713,16045,chow,-12.826,1,PASS,35,,n_v,chow,LEMMA,,MASTER,0,1,0,how,,,,1,0,0,ESDB_V0_4
15714,16046,civilisation,-12.826,0,NOT_EXACT_EN_US,,,,,,,REJECTED_AUTO,0,0,0,,,,,0,0,0,ESDB_V0_4
15715,16047,coarse,-12.826,1,PASS,35,,aj,coarse,LEMMA,,MASTER,0,0,0,,,,,0,0,0,ESDB_V0_4
15716,16048,coefficient,-12.826,1,PASS,35,,n,coefficient,LEMMA,,MASTER,0,0,0,,,,,0,0,0,ESDB_V0_4
15717,16049,colonization,-12.826,1,PASS,35,,n,colonization,LEMMA,,MASTER,0,0,0,,,,,0,0,0,ESDB_V0_4
15718,16050,commuter,-12.826,1,PASS,35,,n,commuter,LEMMA,,MASTER,0,1,0,,commute,,,1,0,0,ESDB_V0_4
15719,16051,computational,-12.826,1,PASS,35,,aj,computational,LEMMA,,MASTER,0,0,0,,,,,0,0,0,ESDB_V0_4
15720,16052,connie,-12.826,0,NOT_EXACT_EN_US,,,,,,,REJECTED_AUTO,0,0,0,,,,,0,0,0,ESDB_V0_4
15721,16053,consecrated,-12.826,1,PASS,35,,v;aj,consecrate;consecrated,FORM;LEMMA,,MASTER,0,0,0,,,,,0,0,0,ESDB_V0_4
15722,16054,constituencies,-12.826,1,PASS,35,,n,constituency,FORM,,MASTER,0,0,0,,,,,0,0,0,ESDB_V0_4
15723,16055,contractual,-12.826,1,PASS,35,,aj,contractual,LEMMA,,MASTER,0,0,0,,,,,0,0,0,ESDB_V0_4
15724,16056,contradict,-12.826,1,PASS,35,,v,contradict,LEMMA,,MASTER,0,0,0,,,,,0,0,0,ESDB_V0_4
15725,16057,converter,-12.826,1,PASS,35,,n,converter,LEMMA,,MASTER,0,0,0,,,,,0,0,0,ESDB_V0_4
15726,16058,coupling,-12.826,1,PASS,35,,n_v;n,couple;coupling,FORM;LEMMA,,MASTER,0,0,0,,,,,0,0,0,ESDB_V0_4
15727,16059,crowns,-12.826,1,PASS,35,,n_v,crown,FORM,,MASTER,0,1,0,,crown,,,1,0,0,ESDB_V0_4
15728,16060,dangerously,-12.826,1,PASS,35,,av,dangerously,LEMMA,,MASTER,0,0,0,,,,,0,0,0,ESDB_V0_4
15729,16061,depiction,-12.826,1,PASS,35,,n,depiction,LEMMA,,MASTER,0,0,0,,,,,0,0,0,ESDB_V0_4
15730,16062,depreciation,-12.826,1,PASS,35,,n,depreciation,LEMMA,,MASTER,0,0,0,,,,,0,0,0,ESDB_V0_4
15731,16063,dir,-12.826,0,NOT_EXACT_EN_US,,,,,,,REJECTED_AUTO,0,0,0,,,,,0,0,0,ESDB_V0_4
15732,16064,disagreements,-12.826,1,PASS,35,,n,disagreement,FORM,,MASTER,0,1,0,,disagreement,,,1,0,0,ESDB_V0_4
15733,16065,discontent,-12.826,1,PASS,35,,n;v;aj,discontent,LEMMA,,MASTER,0,0,0,,,,,0,0,0,ESDB_V0_4
15734,16066,disliked,-12.826,1,PASS,35,,n_v;aj,dislike;disliked,FORM;LEMMA,,MASTER,0,1,0,,dislike,,,1,0,0,ESDB_V0_4
15735,16067,disparity,-12.826,1,PASS,35,,n,disparity,LEMMA,,MASTER,0,0,0,,,,,0,0,0,ESDB_V0_4
15736,16068,djs,-12.826,0,NOT_EXACT_EN_US,,,,,,,REJECTED_AUTO,0,0,0,,,,,0,0,0,ESDB_V0_4
15737,16069,dora,-12.826,0,NOT_EXACT_EN_US,,,,,,,REJECTED_AUTO,0,0,0,,,,,0,0,0,ESDB_V0_4
15738,16070,downing,-12.826,1,PASS,35,,n_v,down,FORM,,MASTER,0,1,0,owning,,,,1,0,0,ESDB_V0_4
15739,16071,downside,-12.826,1,PASS,60,,n,downside,LEMMA,,MASTER,0,0,0,,,,,0,0,0,ESDB_V0_4
15740,16072,dumbass,-12.826,1,PASS,60,,n,dumbass,LEMMA,,MASTER,0,0,0,,,,,0,0,0,ESDB_V0_4
15741,16073,durant,-12.826,0,NOT_EXACT_EN_US,,,,,,,REJECTED_AUTO,0,0,0,,,,,0,0,0,ESDB_V0_4
15742,16074,earrings,-12.826,1,PASS,35,,n,earring,FORM,,MASTER,0,0,0,,,,,0,0,0,ESDB_V0_4
15743,16075,ein,-12.826,0,NOT_EXACT_EN_US,,,,,,,REJECTED_AUTO,0,0,0,,,,,0,0,0,ESDB_V0_4
15744,16076,emitted,-12.826,1,PASS,35,,v,emit,FORM,,MASTER,0,0,0,,,,,0,0,0,ESDB_V0_4
15745,16077,endlessly,-12.826,1,PASS,35,,av,endlessly,LEMMA,,MASTER,0,0,0,,,,,0,0,0,ESDB_V0_4
15746,16078,entails,-12.826,1,PASS,35,,v,entail,FORM,,MASTER,0,1,0,,entail,,,1,0,0,ESDB_V0_4
15747,16079,entrepreneurial,-12.826,1,PASS,40,,aj,entrepreneurial,LEMMA,,MASTER,0,0,0,,,,,0,0,0,ESDB_V0_4
15748,16080,erased,-12.826,1,PASS,35,,v,erase,FORM,,MASTER,0,1,0,,erase,,,1,0,0,ESDB_V0_4
15749,16081,err,-12.826,1,PASS,35,,v,err,LEMMA,,MASTER,0,0,0,,,,,0,0,0,ESDB_V0_4
15750,16082,eta,-12.826,0,CASE_FREQ_COLLISION,50,50,n,eta,LEMMA,,REJECTED_AUTO,0,0,0,,,,,0,0,0,ESDB_V0_4
15751,16083,exert,-12.826,1,PASS,35,,v,exert,LEMMA,,MASTER,0,0,0,,,,,0,0,0,ESDB_V0_4
15752,16084,exiled,-12.826,1,PASS,35,,n_v,exile,FORM,,MASTER,0,1,0,,exile,,,1,0,0,ESDB_V0_4
15753,16085,expires,-12.826,1,PASS,35,,v,expire,FORM,,MASTER,0,1,0,,expire,,,1,0,0,ESDB_V0_4
15754,16086,extremists,-12.826,1,PASS,35,,n,extremist,FORM,,MASTER,0,1,0,,extremist,,,1,0,0,ESDB_V0_4
15755,16087,fabricated,-12.826,1,PASS,35,,v;aj,fabricate;fabricated,FORM;LEMMA,,MASTER,0,0,0,,,,,0,0,0,ESDB_V0_4
15756,16088,feasibility,-12.826,1,PASS,35,,n,feasibility,LEMMA,,MASTER,0,0,0,,,,,0,0,0,ESDB_V0_4
15757,16089,fella,-12.826,1,PASS,60,,n,fella,LEMMA,,MASTER,0,1,1,,fell,,fellas,1,1,1,ESDB_V0_4
15758,16090,fellas,-12.826,1,PASS,60,,n,fella,FORM,,MASTER,0,1,0,,fella,,,1,0,0,ESDB_V0_4
15759,16091,filmmakers,-12.826,1,PASS,40,,n,filmmaker,FORM,,MASTER,0,1,0,,filmmaker,,,1,0,0,ESDB_V0_4
15760,16092,flair,-12.826,1,PASS,35,,n,flair,LEMMA,,MASTER,0,1,0,lair,,,,1,0,0,ESDB_V0_4
15761,16093,flashlight,-12.826,1,PASS,35,,n,flashlight,LEMMA,,MASTER,0,0,0,,,,,0,0,0,ESDB_V0_4
15762,16094,footballers,-12.826,1,PASS,50,,n,footballer,FORM,,MASTER,0,1,0,,footballer,,,1,0,0,ESDB_V0_4
15763,16095,fueled,-12.826,1,PASS,35,,n_v,fuel,FORM,,MASTER,0,0,0,,,,,0,0,0,ESDB_V0_4
15764,16096,gamers,-12.826,0,NOT_EXACT_EN_US,,,,,,,REJECTED_AUTO,0,0,0,,,,,0,0,0,ESDB_V0_4
15765,16097,germain,-12.826,0,NOT_EXACT_EN_US,,,,,,,REJECTED_AUTO,0,0,0,,,,,0,0,0,ESDB_V0_4
15766,16098,godfather,-12.826,1,PASS,35,,n,godfather,LEMMA,,MASTER,0,0,0,,,,,0,0,0,ESDB_V0_4
15767,16099,grail,-12.826,0,CASE_FREQ_COLLISION,50,50,n,grail,LEMMA,,REJECTED_AUTO,0,0,0,,,,,0,0,0,ESDB_V0_4
15768,16100,gravy,-12.826,1,PASS,35,,n,gravy,LEMMA,,MASTER,0,0,0,,,,,0,0,0,ESDB_V0_4
15769,16101,gunshot,-12.826,1,PASS,35,,n,gunshot,LEMMA,,MASTER,0,0,0,,,,,0,0,0,ESDB_V0_4
15770,16102,haley,-12.826,0,NOT_EXACT_EN_US,,,,,,,REJECTED_AUTO,0,0,0,,,,,0,0,0,ESDB_V0_4
15771,16103,hast,-12.826,0,NOT_EXACT_EN_US,,,,,,,REJECTED_AUTO,0,0,0,,,,,0,0,0,ESDB_V0_4
15772,16104,haters,-12.826,1,PASS,50,,n,hater,FORM,,MASTER,0,0,0,,,,,0,0,0,ESDB_V0_4
15773,16105,headset,-12.826,1,PASS,50,,n,headset,LEMMA,,MASTER,0,0,0,,,,,0,0,0,ESDB_V0_4
15774,16106,helsinki,-12.826,0,NOT_EXACT_EN_US,,,,,,,REJECTED_AUTO,0,0,0,,,,,0,0,0,ESDB_V0_4
15775,16107,herbal,-12.826,1,PASS,40,,aj,herbal,LEMMA,,MASTER,0,0,0,,,,,0,0,0,ESDB_V0_4
15776,16108,herzegovina,-12.826,0,NOT_EXACT_EN_US,,,,,,,REJECTED_AUTO,0,0,0,,,,,0,0,0,ESDB_V0_4
15777,16109,highs,-12.826,1,PASS,35,,n,high,FORM,,MASTER,0,1,1,,high,thighs,,1,1,0,ESDB_V0_4
15778,16110,hk,-12.826,0,NOT_EXACT_EN_US,,,,,,,REJECTED_AUTO,0,0,0,,,,,0,0,0,ESDB_V0_4
15779,16111,hoax,-12.826,1,PASS,35,,n_v,hoax,LEMMA,,MASTER,0,0,0,,,,,0,0,0,ESDB_V0_4
15780,16112,hurdles,-12.826,1,PASS,35,,n_v,hurdle,FORM,,MASTER,0,1,0,,hurdle,,,1,0,0,ESDB_V0_4
15781,16113,idf,-12.826,0,NOT_EXACT_EN_US,,,,,,,REJECTED_AUTO,0,0,0,,,,,0,0,0,ESDB_V0_4
15782,16114,impoverished,-12.826,1,PASS,35,,v;aj,impoverish;impoverished,FORM;LEMMA,,MASTER,0,0,0,,,,,0,0,0,ESDB_V0_4
15783,16115,inject,-12.826,1,PASS,35,,v,inject,LEMMA,,MASTER,0,0,0,,,,,0,0,0,ESDB_V0_4
15784,16116,insensitive,-12.826,1,PASS,35,,aj,insensitive,LEMMA,,MASTER,0,0,0,,,,,0,0,0,ESDB_V0_4
15785,16117,integer,-12.826,1,PASS,35,,n,integer,LEMMA,,MASTER,0,0,0,,,,,0,0,0,ESDB_V0_4
15786,16118,inverted,-12.826,1,PASS,35,,n_v;aj,invert;inverted,FORM;LEMMA,,MASTER,0,0,0,,,,,0,0,0,ESDB_V0_4
15787,16119,jamal,-12.826,0,NOT_EXACT_EN_US,,,,,,,REJECTED_AUTO,0,0,0,,,,,0,0,0,ESDB_V0_4
15788,16120,kabul,-12.826,0,NOT_EXACT_EN_US,,,,,,,REJECTED_AUTO,0,0,0,,,,,0,0,0,ESDB_V0_4
15789,16121,kathryn,-12.826,0,NOT_EXACT_EN_US,,,,,,,REJECTED_AUTO,0,0,0,,,,,0,0,0,ESDB_V0_4
15790,16122,kramer,-12.826,0,NOT_EXACT_EN_US,,,,,,,REJECTED_AUTO,0,0,0,,,,,0,0,0,ESDB_V0_4
15791,16123,landmarks,-12.826,1,PASS,35,,n,landmark,FORM,,MASTER,0,1,0,,landmark,,,1,0,0,ESDB_V0_4
15792,16124,laurence,-12.826,0,NOT_EXACT_EN_US,,,,,,,REJECTED_AUTO,0,0,0,,,,,0,0,0,ESDB_V0_4
15793,16125,leah,-12.826,0,NOT_EXACT_EN_US,,,,,,,REJECTED_AUTO,0,0,0,,,,,0,0,0,ESDB_V0_4
15794,16126,legality,-12.826,1,PASS,35,,n,legality,LEMMA,,MASTER,0,0,0,,,,,0,0,0,ESDB_V0_4
15795,16127,leipzig,-12.826,0,NOT_EXACT_EN_US,,,,,,,REJECTED_AUTO,0,0,0,,,,,0,0,0,ESDB_V0_4
15796,16128,liter,-12.826,1,PASS,35,,n,liter,LEMMA,,MASTER,0,1,0,,lite,,,1,0,0,ESDB_V0_4
15797,16129,localities,-12.826,1,PASS,35,,n,locality,FORM,,MASTER,0,0,0,,,,,0,0,0,ESDB_V0_4
15798,16130,longitudinal,-12.826,1,PASS,35,,aj,longitudinal,LEMMA,,MASTER,0,0,0,,,,,0,0,0,ESDB_V0_4
15799,16131,mackay,-12.826,0,NOT_EXACT_EN_US,,,,,,,REJECTED_AUTO,0,0,0,,,,,0,0,0,ESDB_V0_4
15800,16132,manpower,-12.826,1,PASS,35,,n,manpower,LEMMA,,MASTER,0,0,0,,,,,0,0,0,ESDB_V0_4
15801,16133,mater,-12.826,1,PASS,60,,n,mater,LEMMA,,MASTER,0,1,0,,mate,,,1,0,0,ESDB_V0_4
15802,16134,maureen,-12.826,0,NOT_EXACT_EN_US,,,,,,,REJECTED_AUTO,0,0,0,,,,,0,0,0,ESDB_V0_4
15803,16135,mclaren,-12.826,0,NOT_EXACT_EN_US,,,,,,,REJECTED_AUTO,0,0,0,,,,,0,0,0,ESDB_V0_4
15804,16136,merrill,-12.826,0,NOT_EXACT_EN_US,,,,,,,REJECTED_AUTO,0,0,0,,,,,0,0,0,ESDB_V0_4
15805,16137,monde,-12.826,0,NOT_EXACT_EN_US,,,,,,,REJECTED_AUTO,0,0,0,,,,,0,0,0,ESDB_V0_4
15806,16138,mozambique,-12.826,0,NOT_EXACT_EN_US,,,,,,,REJECTED_AUTO,0,0,0,,,,,0,0,0,ESDB_V0_4
15807,16139,nfc,-12.826,0,NOT_EXACT_EN_US,,,,,,,REJECTED_AUTO,0,0,0,,,,,0,0,0,ESDB_V0_4
15808,16140,nipple,-12.826,1,PASS,35,,n,nipple,LEMMA,,MASTER,0,1,1,,,,nipples,0,1,1,ESDB_V0_4
15809,16141,obscene,-12.826,1,PASS,35,,aj,obscene,LEMMA,,MASTER,0,0,0,,,,,0,0,0,ESDB_V0_4
15810,16142,occurrences,-12.826,1,PASS,35,,n,occurrence,FORM,,MASTER,0,1,0,,occurrence,,,1,0,0,ESDB_V0_4
15811,16143,oppressive,-12.826,1,PASS,35,,aj,oppressive,LEMMA,,MASTER,0,0,0,,,,,0,0,0,ESDB_V0_4
15812,16144,orion,-12.826,0,NOT_EXACT_EN_US,,,,,,,REJECTED_AUTO,0,0,0,,,,,0,0,0,ESDB_V0_4
15813,16145,overdue,-12.826,1,PASS,35,,aj,overdue,LEMMA,,MASTER,0,0,0,,,,,0,0,0,ESDB_V0_4
15814,16146,peaked,-12.826,1,PASS,35,,n_v;aj,peak;peaked,FORM;LEMMA,,MASTER,0,0,0,,,,,0,0,0,ESDB_V0_4
15815,16147,pharaoh,-12.826,0,CASE_FREQ_COLLISION,50,40,n,pharaoh,LEMMA,,REJECTED_AUTO,0,0,0,,,,,0,0,0,ESDB_V0_4
15816,16148,phelps,-12.826,0,NOT_EXACT_EN_US,,,,,,,REJECTED_AUTO,0,0,0,,,,,0,0,0,ESDB_V0_4
15817,16149,piers,-12.826,1,PASS,35,,n,pier,FORM,,MASTER,0,1,0,,pier,,,1,0,0,ESDB_V0_4
15818,16150,plugin,-12.826,0,SPECIAL_ONLY,50,,n,plugin,LEMMA,,REJECTED_AUTO,0,0,0,,,,,0,0,0,ESDB_V0_4
15819,16151,preached,-12.826,1,PASS,35,,v,preach,FORM,,MASTER,0,1,0,reached,,,,1,0,0,ESDB_V0_4
15820,16152,preschool,-12.826,1,PASS,40,,n;a,preschool,LEMMA,,MASTER,0,0,0,,,,,0,0,0,ESDB_V0_4
15821,16153,prism,-12.826,1,PASS,35,,n,prism,LEMMA,,MASTER,0,0,0,,,,,0,0,0,ESDB_V0_4
15822,16154,propulsion,-12.826,1,PASS,35,,n,propulsion,LEMMA,,MASTER,0,0,0,,,,,0,0,0,ESDB_V0_4
15823,16155,prosecutions,-12.826,1,PASS,35,,n,prosecution,FORM,,MASTER,0,1,0,,prosecution,,,1,0,0,ESDB_V0_4
15824,16156,punt,-12.826,1,PASS,35,,n_v;n,punt,LEMMA;FORM,,MASTER,0,1,0,,pun,,,1,0,0,ESDB_V0_4
15825,16157,radios,-12.826,1,PASS,35,,n_v,radio,FORM,,MASTER,0,1,0,,radio,,,1,0,0,ESDB_V0_4
15826,16158,raphael,-12.826,0,NOT_EXACT_EN_US,,,,,,,REJECTED_AUTO,0,0,0,,,,,0,0,0,ESDB_V0_4
15827,16159,rapist,-12.826,1,PASS,35,,n,rapist,LEMMA,,MASTER,0,0,0,,,,,0,0,0,ESDB_V0_4
15828,16160,reigning,-12.826,1,PASS,35,,n_v,reign,FORM,,MASTER,0,0,0,,,,,0,0,0,ESDB_V0_4
15829,16161,relativity,-12.826,1,PASS,35,,n,relativity,LEMMA,,MASTER,0,0,0,,,,,0,0,0,ESDB_V0_4
15830,16162,relocate,-12.826,1,PASS,35,,v,relocate,LEMMA,,MASTER,0,1,1,,,,relocated,0,1,1,ESDB_V0_4
15831,16163,rethink,-12.826,1,PASS,35,,n_v,rethink,LEMMA,,MASTER,0,0,0,,,,,0,0,0,ESDB_V0_4
15832,16164,revisions,-12.826,1,PASS,35,,n,revision,FORM,,MASTER,0,1,0,,revision,,,1,0,0,ESDB_V0_4
15833,16165,revolutionaries,-12.826,1,PASS,35,,n,revolutionary,FORM,,MASTER,0,0,0,,,,,0,0,0,ESDB_V0_4
15834,16166,rubble,-12.826,1,PASS,35,,n,rubble,LEMMA,,MASTER,0,0,0,,,,,0,0,0,ESDB_V0_4
15835,16167,rupture,-12.826,1,PASS,35,,n_v,rupture,LEMMA,,MASTER,0,0,0,,,,,0,0,0,ESDB_V0_4
15836,16168,ryder,-12.826,0,NOT_EXACT_EN_US,,,,,,,REJECTED_AUTO,0,0,0,,,,,0,0,0,ESDB_V0_4
15837,16169,sacrificing,-12.826,1,PASS,35,,n_v,sacrifice,FORM,,MASTER,0,0,0,,,,,0,0,0,ESDB_V0_4
15838,16170,scatter,-12.826,1,PASS,35,,n_v,scatter,LEMMA,,MASTER,0,0,0,,,,,0,0,0,ESDB_V0_4
15839,16171,sexism,-12.826,1,PASS,35,,n,sexism,LEMMA,,MASTER,0,0,0,,,,,0,0,0,ESDB_V0_4
15840,16172,shuts,-12.826,1,PASS,35,,v,shut,FORM,,MASTER,0,1,0,huts,shut,,,2,0,0,ESDB_V0_4
15841,16173,shutter,-12.826,1,PASS,35,,n_v,shutter,LEMMA,,MASTER,0,0,0,,,,,0,0,0,ESDB_V0_4
15842,16174,sixties,-12.826,1,PASS,35,,n,sixty,FORM,,MASTER,0,0,0,,,,,0,0,0,ESDB_V0_4
15843,16175,skyline,-12.826,1,PASS,35,,n,skyline,LEMMA,,MASTER,0,0,0,,,,,0,0,0,ESDB_V0_4
15844,16176,spanning,-12.826,1,PASS,35,,n_v,span,FORM,,MASTER,0,0,0,,,,,0,0,0,ESDB_V0_4
15845,16177,spans,-12.826,1,PASS,35,,n_v,span,FORM,,MASTER,0,1,0,pans,span,,,2,0,0,ESDB_V0_4
15846,16178,spawned,-12.826,1,PASS,35,,n_v,spawn,FORM,,MASTER,0,0,0,,,,,0,0,0,ESDB_V0_4
15847,16179,stacks,-12.826,1,PASS,35,,n_v,stack,FORM,,MASTER,0,1,0,,stack,,,1,0,0,ESDB_V0_4
15848,16180,straits,-12.826,1,PASS,35,,n,strait,FORM,,MASTER,0,1,0,traits,strait,,,2,0,0,ESDB_V0_4
15849,16181,strapped,-12.826,1,PASS,35,,n_v,strap,FORM,,MASTER,0,1,0,trapped,,,,1,0,0,ESDB_V0_4
15850,16182,subtitles,-12.826,1,PASS,50,,n_v,subtitle,FORM,,MASTER,0,0,0,,,,,0,0,0,ESDB_V0_4
15851,16183,sugars,-12.826,1,PASS,35,,n_v,sugar,FORM,,MASTER,0,1,0,,sugar,,,1,0,0,ESDB_V0_4
15852,16184,sutherland,-12.826,0,NOT_EXACT_EN_US,,,,,,,REJECTED_AUTO,0,0,0,,,,,0,0,0,ESDB_V0_4
15853,16185,suv,-12.826,0,NOT_EXACT_EN_US,,,,,,,REJECTED_AUTO,0,0,0,,,,,0,0,0,ESDB_V0_4
15854,16186,swung,-12.826,1,PASS,35,,n_v,swing,FORM,,MASTER,0,0,0,,,,,0,0,0,ESDB_V0_4
15855,16187,tangled,-12.826,1,PASS,35,,n_v;aj,tangle;tangled,FORM;LEMMA,,MASTER,0,0,0,,,,,0,0,0,ESDB_V0_4
15856,16188,theorists,-12.826,1,PASS,35,,n,theorist,FORM,,MASTER,0,0,0,,,,,0,0,0,ESDB_V0_4
15857,16189,thinkers,-12.826,0,NO_ESDB_GENERAL_EVIDENCE,,,,,,,REJECTED_AUTO,0,0,0,,,,,0,0,0,ESDB_V0_4
15858,16190,tobago,-12.826,0,NOT_EXACT_EN_US,,,,,,,REJECTED_AUTO,0,0,0,,,,,0,0,0,ESDB_V0_4
15859,16191,torrent,-12.826,1,PASS,35,,n,torrent,LEMMA,,MASTER,0,0,0,,,,,0,0,0,ESDB_V0_4
15860,16192,transports,-12.826,1,PASS,35,,n_v,transport,FORM,,MASTER,0,1,0,,transport,,,1,0,0,ESDB_V0_4
15861,16193,tripped,-12.826,1,PASS,35,,n_v,trip,FORM,,MASTER,0,1,1,ripped,,stripped,,1,1,0,ESDB_V0_4
15862,16194,tvs,-12.826,0,NOT_EXACT_EN_US,,,,,,,REJECTED_AUTO,0,0,0,,,,,0,0,0,ESDB_V0_4
15863,16196,underestimated,-12.826,1,PASS,35,,n_v,underestimate,FORM,,MASTER,0,1,0,,underestimate,,,1,0,0,ESDB_V0_4
15864,16197,undermined,-12.826,1,PASS,35,,v,undermine,FORM,,MASTER,0,1,0,,undermine,,,1,0,0,ESDB_V0_4
15865,16198,underworld,-12.826,1,PASS,35,,n,underworld,LEMMA,,MASTER,0,0,0,,,,,0,0,0,ESDB_V0_4
15866,16199,uneasy,-12.826,1,PASS,35,,aj,uneasy,LEMMA,,MASTER,0,0,0,,,,,0,0,0,ESDB_V0_4
15867,16200,unfit,-12.826,1,PASS,35,,v;aj,unfit,LEMMA,,MASTER,0,0,0,,,,,0,0,0,ESDB_V0_4
15868,16201,unpublished,-12.826,1,PASS,35,,aj,unpublished,LEMMA,,MASTER,0,0,0,,,,,0,0,0,ESDB_V0_4
15869,16202,usefulness,-12.826,1,PASS,35,,n,usefulness,LEMMA,,MASTER,0,0,0,,,,,0,0,0,ESDB_V0_4
15870,16203,vigorously,-12.826,1,PASS,35,,av,vigorously,LEMMA,,MASTER,0,0,0,,,,,0,0,0,ESDB_V0_4
15871,16204,villas,-12.826,1,PASS,35,60,n,villa,FORM,,MASTER,0,1,0,,villa,,,1,0,0,ESDB_V0_4
15872,16205,ville,-12.826,0,NOT_EXACT_EN_US,,,,,,,REJECTED_AUTO,0,0,0,,,,,0,0,0,ESDB_V0_4
15873,16206,volvo,-12.826,0,NOT_EXACT_EN_US,,,,,,,REJECTED_AUTO,0,0,0,,,,,0,0,0,ESDB_V0_4
15874,16207,voodoo,-12.826,1,PASS,35,,n;v;a,voodoo,LEMMA,,MASTER,0,0,0,,,,,0,0,0,ESDB_V0_4
15875,16208,wah,-12.826,0,NOT_EXACT_EN_US,,,,,,,REJECTED_AUTO,0,0,0,,,,,0,0,0,ESDB_V0_4
15876,16209,waiver,-12.826,1,PASS,35,,n,waiver,LEMMA,,MASTER,0,0,0,,,,,0,0,0,ESDB_V0_4
15877,16210,wally,-12.826,1,PASS,60,,n,wally,LEMMA,,MASTER,0,1,0,ally,wall,,,2,0,0,ESDB_V0_4
15878,16211,wat,-12.826,0,NOT_EXACT_EN_US,,,,,,,REJECTED_AUTO,0,0,0,,,,,0,0,0,ESDB_V0_4
15879,16212,watkins,-12.826,0,NOT_EXACT_EN_US,,,,,,,REJECTED_AUTO,0,0,0,,,,,0,0,0,ESDB_V0_4
15880,16213,weave,-12.826,1,PASS,35,,n;v,weave,LEMMA,,MASTER,0,1,1,,,,weaver,0,1,0,ESDB_V0_4
15881,16214,weep,-12.826,1,PASS,35,,n_v,weep,LEMMA,,MASTER,0,1,1,,wee,sweep,,1,1,0,ESDB_V0_4
15882,16215,weeping,-12.826,1,PASS,35,,n_v;n;aj,weep;weeping,FORM;LEMMA,,MASTER,0,1,1,,,sweeping,,0,1,0,ESDB_V0_4
15883,16216,wenger,-12.826,0,NOT_EXACT_EN_US,,,,,,,REJECTED_AUTO,0,0,0,,,,,0,0,0,ESDB_V0_4
15884,16217,wharf,-12.826,1,PASS,35,,n,wharf,LEMMA,,MASTER,0,0,0,,,,,0,0,0,ESDB_V0_4
15885,16218,withdrawing,-12.826,1,PASS,35,,v,withdraw,FORM,,MASTER,0,0,0,,,,,0,0,0,ESDB_V0_4
15886,16219,yearbook,-12.826,1,PASS,40,,n,yearbook,LEMMA,,MASTER,0,0,0,,,,,0,0,0,ESDB_V0_4
15887,16220,yum,-12.826,1,PASS,40,,i,yum,LEMMA,,MASTER,0,1,0,um,,,,1,0,0,ESDB_V0_4
15888,16224,accommodations,-12.8485,1,PASS,35,,n,accommodation,FORM,,MASTER,0,1,0,,accommodation,,,1,0,0,ESDB_V0_4
15889,16225,addison,-12.8485,0,NOT_EXACT_EN_US,,,,,,,REJECTED_AUTO,0,0,0,,,,,0,0,0,ESDB_V0_4
15890,16226,amin,-12.8485,0,NOT_EXACT_EN_US,,,,,,,REJECTED_AUTO,0,0,0,,,,,0,0,0,ESDB_V0_4
15891,16227,anchors,-12.8485,1,PASS,35,,n_v,anchor,FORM,,MASTER,0,1,0,,anchor,,,1,0,0,ESDB_V0_4
15892,16228,anomalies,-12.8485,1,PASS,35,,n,anomaly,FORM,,MASTER,0,0,0,,,,,0,0,0,ESDB_V0_4
15893,16229,aria,-12.8485,1,PASS,35,,n,aria,LEMMA,,MASTER,0,1,1,,,maria,,0,1,0,ESDB_V0_4
15894,16230,auschwitz,-12.8485,0,NOT_EXACT_EN_US,,,,,,,REJECTED_AUTO,0,0,0,,,,,0,0,0,ESDB_V0_4
15895,16231,bangs,-12.8485,1,PASS,35,,n_v,bang,FORM,,MASTER,0,1,0,,bang,,,1,0,0,ESDB_V0_4
15896,16232,battered,-12.8485,1,PASS,35,,n_v;aj,batter;battered,FORM;LEMMA,,MASTER,0,0,0,,,,,0,0,0,ESDB_V0_4
15897,16233,beckett,-12.8485,0,NOT_EXACT_EN_US,,,,,,,REJECTED_AUTO,0,0,0,,,,,0,0,0,ESDB_V0_4
15898,16234,bel,-12.8485,0,NOT_EXACT_EN_US,,,,,,,REJECTED_AUTO,0,0,0,,,,,0,0,0,ESDB_V0_4
15899,16235,bernstein,-12.8485,0,NOT_EXACT_EN_US,,,,,,,REJECTED_AUTO,0,0,0,,,,,0,0,0,ESDB_V0_4
15900,16236,besieged,-12.8485,1,PASS,35,,v;aj,besiege;besieged,FORM;LEMMA,,MASTER,0,0,0,,,,,0,0,0,ESDB_V0_4
15901,16237,biking,-12.8485,1,PASS,35,,n_v,bike,FORM,,MASTER,0,0,0,,,,,0,0,0,ESDB_V0_4
15902,16238,billie,-12.8485,0,NOT_EXACT_EN_US,,,,,,,REJECTED_AUTO,0,0,0,,,,,0,0,0,ESDB_V0_4
15903,16239,bitterness,-12.8485,1,PASS,35,,n,bitterness,LEMMA,,MASTER,0,0,0,,,,,0,0,0,ESDB_V0_4
15904,16240,blackburn,-12.8485,0,NOT_EXACT_EN_US,,,,,,,REJECTED_AUTO,0,0,0,,,,,0,0,0,ESDB_V0_4
15905,16241,blanche,-12.8485,0,NOT_EXACT_EN_US,,,,,,,REJECTED_AUTO,0,0,0,,,,,0,0,0,ESDB_V0_4
15906,16242,bleak,-12.8485,1,PASS,35,,aj,bleak,LEMMA,,MASTER,0,1,0,leak,,,,1,0,0,ESDB_V0_4
15907,16243,botanical,-12.8485,1,PASS,35,,aj,botanical,LEMMA,,MASTER,0,0,0,,,,,0,0,0,ESDB_V0_4
15908,16244,boyfriends,-12.8485,1,PASS,35,,n,boyfriend,FORM,,MASTER,0,1,0,,boyfriend,,,1,0,0,ESDB_V0_4
15909,16245,brat,-12.8485,1,PASS,35,,n,brat,LEMMA,,MASTER,0,1,0,rat,bra,,,2,0,0,ESDB_V0_4
15910,16246,bruised,-12.8485,1,PASS,35,,n_v,bruise,FORM,,MASTER,0,0,0,,,,,0,0,0,ESDB_V0_4
15911,16247,bu,-12.8485,0,NO_ESDB_GENERAL_EVIDENCE,,,,,,,REJECTED_AUTO,0,0,0,,,,,0,0,0,ESDB_V0_4
15912,16248,buffy,-12.8485,0,NOT_EXACT_EN_US,,,,,,,REJECTED_AUTO,0,0,0,,,,,0,0,0,ESDB_V0_4
15913,16249,buster,-12.8485,1,PASS,40,,n,buster,LEMMA,,MASTER,0,0,0,,,,,0,0,0,ESDB_V0_4
15914,16250,byrne,-12.8485,0,NOT_EXACT_EN_US,,,,,,,REJECTED_AUTO,0,0,0,,,,,0,0,0,ESDB_V0_4
15915,16251,cadillac,-12.8485,0,NOT_EXACT_EN_US,,,,,,,REJECTED_AUTO,0,0,0,,,,,0,0,0,ESDB_V0_4
15916,16252,candidacy,-12.8485,1,PASS,35,,n,candidacy,LEMMA,,MASTER,0,0,0,,,,,0,0,0,ESDB_V0_4
15917,16254,carla,-12.8485,0,NOT_EXACT_EN_US,,,,,,,REJECTED_AUTO,0,0,0,,,,,0,0,0,ESDB_V0_4
15918,16255,caucasus,-12.8485,0,NOT_EXACT_EN_US,,,,,,,REJECTED_AUTO,0,0,0,,,,,0,0,0,ESDB_V0_4
15919,16256,ceilings,-12.8485,1,PASS,35,,n,ceiling,FORM,,MASTER,0,1,0,,ceiling,,,1,0,0,ESDB_V0_4
15920,16257,characterize,-12.8485,1,PASS,35,,v,characterize,LEMMA,,MASTER,0,1,1,,,,characterized,0,1,1,ESDB_V0_4
15921,16258,cheeky,-12.8485,1,PASS,50,,aj,cheeky,LEMMA,,MASTER,0,1,0,,cheek,,,1,0,0,ESDB_V0_4
15922,16259,cinderella,-12.8485,0,NOT_EXACT_EN_US,,,,,,,REJECTED_AUTO,0,0,0,,,,,0,0,0,ESDB_V0_4
15923,16260,cinematic,-12.8485,1,PASS,50,,aj,cinematic,LEMMA,,MASTER,0,0,0,,,,,0,0,0,ESDB_V0_4
15924,16261,clowns,-12.8485,1,PASS,35,,n_v,clown,FORM,,MASTER,0,1,0,,clown,,,1,0,0,ESDB_V0_4
15925,16262,collaborators,-12.8485,1,PASS,35,,n,collaborator,FORM,,MASTER,0,0,0,,,,,0,0,0,ESDB_V0_4
15926,16263,comedians,-12.8485,1,PASS,35,,n,comedian,FORM,,MASTER,0,1,0,,comedian,,,1,0,0,ESDB_V0_4
15927,16264,compile,-12.8485,1,PASS,35,,v,compile,LEMMA,,MASTER,0,1,1,,,,compiled;compiler,0,2,1,ESDB_V0_4
15928,16265,contemporaries,-12.8485,1,PASS,35,,n,contemporary,FORM,,MASTER,0,0,0,,,,,0,0,0,ESDB_V0_4
15929,16266,corinthians,-12.8485,0,NOT_EXACT_EN_US,,,,,,,REJECTED_AUTO,0,0,0,,,,,0,0,0,ESDB_V0_4
15930,16267,coupe,-12.8485,1,PASS,50,,n,coupe,LEMMA,,MASTER,0,1,0,,coup,,,1,0,0,ESDB_V0_4
15931,16268,cruises,-12.8485,1,PASS,35,,n_v,cruise,FORM,,MASTER,0,1,0,,cruise,,,1,0,0,ESDB_V0_4
15932,16269,cunning,-12.8485,1,PASS,35,,n;aj,cunning,LEMMA,,MASTER,0,0,0,,,,,0,0,0,ESDB_V0_4
15933,16270,cyril,-12.8485,0,NOT_EXACT_EN_US,,,,,,,REJECTED_AUTO,0,0,0,,,,,0,0,0,ESDB_V0_4
15934,16271,daly,-12.8485,0,NOT_EXACT_EN_US,,,,,,,REJECTED_AUTO,0,0,0,,,,,0,0,0,ESDB_V0_4
15935,16272,dearest,-12.8485,1,PASS,35,,aj_av;n,dear;dearest,FORM;LEMMA,,MASTER,0,0,0,,,,,0,0,0,ESDB_V0_4
15936,16273,decker,-12.8485,0,NOT_EXACT_EN_US,,,,,,,REJECTED_AUTO,0,0,0,,,,,0,0,0,ESDB_V0_4
15937,16274,degraded,-12.8485,1,PASS,35,,v;aj,degrade;degraded,FORM;LEMMA,,MASTER,0,1,0,,degrade,,,1,0,0,ESDB_V0_4
15938,16275,deletion,-12.8485,1,PASS,35,,n,deletion,LEMMA,,MASTER,0,0,0,,,,,0,0,0,ESDB_V0_4
15939,16276,denotes,-12.8485,1,PASS,35,,v,denote,FORM,,MASTER,0,1,0,,denote,,,1,0,0,ESDB_V0_4
15940,16277,depict,-12.8485,1,PASS,35,,v,depict,LEMMA,,MASTER,0,1,1,,,,depicts,0,1,1,ESDB_V0_4
15941,16278,desmond,-12.8485,0,NOT_EXACT_EN_US,,,,,,,REJECTED_AUTO,0,0,0,,,,,0,0,0,ESDB_V0_4
15942,16279,dewey,-12.8485,0,NOT_EXACT_EN_US,,,,,,,REJECTED_AUTO,0,0,0,,,,,0,0,0,ESDB_V0_4
15943,16280,diagnose,-12.8485,1,PASS,35,,v,diagnose,LEMMA,,MASTER,0,1,1,,,,diagnosed,0,1,1,ESDB_V0_4
15944,16281,differentiation,-12.8485,1,PASS,35,,n,differentiation,LEMMA,,MASTER,0,0,0,,,,,0,0,0,ESDB_V0_4
15945,16282,diner,-12.8485,1,PASS,35,,n,diner,LEMMA,,MASTER,0,1,0,,dine,,,1,0,0,ESDB_V0_4
15946,16283,dipping,-12.8485,1,PASS,35,,n_v,dip,FORM,,MASTER,0,0,0,,,,,0,0,0,ESDB_V0_4
15947,16284,distinguishing,-12.8485,1,PASS,35,,v,distinguish,FORM,,MASTER,0,0,0,,,,,0,0,0,ESDB_V0_4
15948,16285,documenting,-12.8485,1,PASS,35,,n_v,document,FORM,,MASTER,0,0,0,,,,,0,0,0,ESDB_V0_4
15949,16286,doncaster,-12.8485,0,NOT_EXACT_EN_US,,,,,,,REJECTED_AUTO,0,0,0,,,,,0,0,0,ESDB_V0_4
15950,16287,doorstep,-12.8485,1,PASS,35,,n_v,doorstep,LEMMA,,MASTER,0,0,0,,,,,0,0,0,ESDB_V0_4
15951,16288,doubted,-12.8485,1,PASS,35,,n_v,doubt,FORM,,MASTER,0,0,0,,,,,0,0,0,ESDB_V0_4
15952,16289,douche,-12.8485,1,PASS,50,,n_v,douche,LEMMA,,MASTER,0,0,0,,,,,0,0,0,ESDB_V0_4
15953,16290,dripping,-12.8485,1,PASS,35,,n_v;n,drip;dripping,FORM;LEMMA,,MASTER,0,1,0,ripping,,,,1,0,0,ESDB_V0_4
15954,16291,elias,-12.8485,0,NOT_EXACT_EN_US,,,,,,,REJECTED_AUTO,0,0,0,,,,,0,0,0,ESDB_V0_4
15955,16292,embryo,-12.8485,1,PASS,35,,n,embryo,LEMMA,,MASTER,0,1,1,,,,embryos,0,1,1,ESDB_V0_4
15956,16293,emphasizing,-12.8485,1,PASS,35,,v;n,emphasize;emphasizing,FORM;LEMMA,,MASTER,0,0,0,,,,,0,0,0,ESDB_V0_4
15957,16294,empires,-12.8485,1,PASS,35,,n,empire,FORM,,MASTER,0,1,0,,empire,,,1,0,0,ESDB_V0_4
15958,16295,encore,-12.8485,1,PASS,35,,n_v;i,encore,LEMMA,,MASTER,0,0,0,,,,,0,0,0,ESDB_V0_4
15959,16296,endowed,-12.8485,1,PASS,35,,v;aj,endow;endowed,FORM;LEMMA,,MASTER,0,0,0,,,,,0,0,0,ESDB_V0_4
15960,16297,englishman,-12.8485,0,NOT_EXACT_EN_US,,,,,,,REJECTED_AUTO,0,0,0,,,,,0,0,0,ESDB_V0_4
15961,16298,enormously,-12.8485,1,PASS,35,,av,enormously,LEMMA,,MASTER,0,0,0,,,,,0,0,0,ESDB_V0_4
15962,16299,epilepsy,-12.8485,1,PASS,35,,n,epilepsy,LEMMA,,MASTER,0,0,0,,,,,0,0,0,ESDB_V0_4
15963,16300,equip,-12.8485,1,PASS,35,,v,equip,LEMMA,,MASTER,0,0,0,,,,,0,0,0,ESDB_V0_4
15964,16301,ethernet,-12.8485,0,NOT_EXACT_EN_US,,,,,,,REJECTED_AUTO,0,0,0,,,,,0,0,0,ESDB_V0_4
15965,16302,excerpts,-12.8485,1,PASS,35,,n_v,excerpt,FORM,,MASTER,0,1,0,,excerpt,,,1,0,0,ESDB_V0_4
15966,16303,fn,-12.8485,0,NOT_EXACT_EN_US,,,,,,,REJECTED_AUTO,0,0,0,,,,,0,0,0,ESDB_V0_4
15967,16304,francesco,-12.8485,0,NOT_EXACT_EN_US,,,,,,,REJECTED_AUTO,0,0,0,,,,,0,0,0,ESDB_V0_4
15968,16305,freeing,-12.8485,1,PASS,35,,v;n,free;freeing,FORM;LEMMA,,MASTER,0,0,0,,,,,0,0,0,ESDB_V0_4
15969,16306,frenchman,-12.8485,0,NOT_EXACT_EN_US,,,,,,,REJECTED_AUTO,0,0,0,,,,,0,0,0,ESDB_V0_4
15970,16307,fri,-12.8485,0,NOT_EXACT_EN_US,,,,,,,REJECTED_AUTO,0,0,0,,,,,0,0,0,ESDB_V0_4
15971,16308,fullest,-12.8485,1,PASS,35,,aj_av,full,FORM,,MASTER,0,0,0,,,,,0,0,0,ESDB_V0_4
15972,16309,fundraiser,-12.8485,1,PASS,60,,n,fundraiser,LEMMA,,MASTER,0,0,0,,,,,0,0,0,ESDB_V0_4
15973,16310,giggles,-12.8485,1,PASS,35,,n_v,giggle,FORM,,MASTER,0,1,0,,giggle,,,1,0,0,ESDB_V0_4
15974,16311,gorge,-12.8485,1,PASS,35,,n_v,gorge,LEMMA,,MASTER,0,0,0,,,,,0,0,0,ESDB_V0_4
15975,16312,hemp,-12.8485,1,PASS,35,,n,hemp,LEMMA,,MASTER,0,0,0,,,,,0,0,0,ESDB_V0_4
15976,16313,herr,-12.8485,0,NOT_EXACT_EN_US,,,,,,,REJECTED_AUTO,0,0,0,,,,,0,0,0,ESDB_V0_4
15977,16314,hitter,-12.8485,1,PASS,50,,n,hitter,LEMMA,,MASTER,0,0,0,,,,,0,0,0,ESDB_V0_4
15978,16315,hobbit,-12.8485,1,PASS,35,,n,hobbit,LEMMA,,MASTER,0,0,0,,,,,0,0,0,ESDB_V0_4
15979,16316,iced,-12.8485,1,PASS,35,,n_v,ice,FORM,,MASTER,0,1,0,,ice,,,1,0,0,ESDB_V0_4
15980,16317,ich,-12.8485,0,NOT_EXACT_EN_US,,,,,,,REJECTED_AUTO,0,0,0,,,,,0,0,0,ESDB_V0_4
15981,16318,immersed,-12.8485,1,PASS,35,,v,immerse,FORM,,MASTER,0,0,0,,,,,0,0,0,ESDB_V0_4
15982,16319,immortality,-12.8485,1,PASS,35,,n,immortality,LEMMA,,MASTER,0,0,0,,,,,0,0,0,ESDB_V0_4
15983,16320,importing,-12.8485,1,PASS,35,,n_v;n,import;importing,FORM;LEMMA,,MASTER,0,0,0,,,,,0,0,0,ESDB_V0_4
15984,16321,indifference,-12.8485,1,PASS,35,,n,indifference,LEMMA,,MASTER,0,0,0,,,,,0,0,0,ESDB_V0_4
15985,16322,instructional,-12.8485,1,PASS,50,,aj,instructional,LEMMA,,MASTER,0,0,0,,,,,0,0,0,ESDB_V0_4
15986,16323,interiors,-12.8485,1,PASS,35,,n,interior,FORM,,MASTER,0,1,0,,interior,,,1,0,0,ESDB_V0_4
15987,16324,intimidated,-12.8485,1,PASS,35,,v;aj,intimidate;intimidated,FORM;LEMMA,,MASTER,0,1,0,,intimidate,,,1,0,0,ESDB_V0_4
15988,16325,invoked,-12.8485,1,PASS,35,,v,invoke,FORM,,MASTER,0,1,0,,invoke,,,1,0,0,ESDB_V0_4
15989,16326,io,-12.8485,0,NOT_EXACT_EN_US,,,,,,,REJECTED_AUTO,0,0,0,,,,,0,0,0,ESDB_V0_4
15990,16327,irresistible,-12.8485,1,PASS,35,,aj,irresistible,LEMMA,,MASTER,0,0,0,,,,,0,0,0,ESDB_V0_4
15991,16329,joyful,-12.8485,1,PASS,35,,aj,joyful,LEMMA,,MASTER,0,0,0,,,,,0,0,0,ESDB_V0_4
15992,16330,juniors,-12.8485,1,PASS,35,,n,junior,FORM,,MASTER,0,1,0,,junior,,,1,0,0,ESDB_V0_4
15993,16331,kensington,-12.8485,0,NOT_EXACT_EN_US,,,,,,,REJECTED_AUTO,0,0,0,,,,,0,0,0,ESDB_V0_4
15994,16332,knitting,-12.8485,1,PASS,35,,n_v;n,knit;knitting,FORM;LEMMA,,MASTER,0,0,0,,,,,0,0,0,ESDB_V0_4
15995,16333,kurdistan,-12.8485,0,NOT_EXACT_EN_US,,,,,,,REJECTED_AUTO,0,0,0,,,,,0,0,0,ESDB_V0_4
15996,16334,kurds,-12.8485,0,NOT_EXACT_EN_US,,,,,,,REJECTED_AUTO,0,0,0,,,,,0,0,0,ESDB_V0_4
15997,16335,latex,-12.8485,1,PASS,35,,n,latex,LEMMA,,MASTER,0,1,0,,late,,,1,0,0,ESDB_V0_4
15998,16336,liberalism,-12.8485,1,PASS,35,,n,liberalism,LEMMA,,MASTER,0,0,0,,,,,0,0,0,ESDB_V0_4
15999,16337,loch,-12.8485,1,PASS,60,,n,loch,LEMMA,,MASTER,0,0,0,,,,,0,0,0,ESDB_V0_4
16000,16338,loft,-12.8485,1,PASS,35,,n_v,loft,LEMMA,,MASTER,0,1,1,,,,lofty,0,1,0,ESDB_V0_4
16001,16339,lore,-12.8485,1,PASS,35,,n,lore,LEMMA,,MASTER,0,1,0,ore,,,,1,0,0,ESDB_V0_4
16002,16340,louie,-12.8485,0,NOT_EXACT_EN_US,,,,,,,REJECTED_AUTO,0,0,0,,,,,0,0,0,ESDB_V0_4
16003,16341,malawi,-12.8485,0,NOT_EXACT_EN_US,,,,,,,REJECTED_AUTO,0,0,0,,,,,0,0,0,ESDB_V0_4
16004,16342,manufactures,-12.8485,1,PASS,35,,v,manufacture,FORM,,MASTER,0,1,0,,manufacture,,,1,0,0,ESDB_V0_4
16005,16343,mara,-12.8485,0,NOT_EXACT_EN_US,,,,,,,REJECTED_AUTO,0,0,0,,,,,0,0,0,ESDB_V0_4
16006,16344,marley,-12.8485,0,NOT_EXACT_EN_US,,,,,,,REJECTED_AUTO,0,0,0,,,,,0,0,0,ESDB_V0_4
16007,16345,massively,-12.8485,1,PASS,35,,av,massively,LEMMA,,MASTER,0,0,0,,,,,0,0,0,ESDB_V0_4
16008,16346,medicaid,-12.8485,0,CASE_FREQ_COLLISION,60,40,n,medicaid,LEMMA,,REJECTED_AUTO,0,0,0,,,,,0,0,0,ESDB_V0_4
16009,16347,medically,-12.8485,1,PASS,35,,av,medically,LEMMA,,MASTER,0,0,0,,,,,0,0,0,ESDB_V0_4
16010,16348,merciful,-12.8485,1,PASS,35,,aj,merciful,LEMMA,,MASTER,0,0,0,,,,,0,0,0,ESDB_V0_4
16011,16349,mikhail,-12.8485,0,NOT_EXACT_EN_US,,,,,,,REJECTED_AUTO,0,0,0,,,,,0,0,0,ESDB_V0_4
16012,16350,mimic,-12.8485,1,PASS,35,,n_v;aj,mimic,LEMMA,,MASTER,0,0,0,,,,,0,0,0,ESDB_V0_4
16013,16351,misfortune,-12.8485,1,PASS,35,,n,misfortune,LEMMA,,MASTER,0,0,0,,,,,0,0,0,ESDB_V0_4
16014,16352,morons,-12.8485,1,PASS,35,,n,moron,FORM,,MASTER,0,1,0,,moron,,,1,0,0,ESDB_V0_4
16015,16353,mosquitoes,-12.8485,1,PASS,35,,n,mosquito,FORM,,MASTER,0,0,0,,,,,0,0,0,ESDB_V0_4
16016,16354,moth,-12.8485,1,PASS,35,,n,moth,LEMMA,,MASTER,0,0,0,,,,,0,0,0,ESDB_V0_4
16017,16355,motif,-12.8485,1,PASS,35,,n,motif,LEMMA,,MASTER,0,1,1,,,,motifs,0,1,1,ESDB_V0_4
16018,16356,mourn,-12.8485,1,PASS,35,,v,mourn,LEMMA,,MASTER,0,0,0,,,,,0,0,0,ESDB_V0_4
16019,16358,neighbourhoods,-12.8485,0,NOT_EXACT_EN_US,,,,,,,REJECTED_AUTO,0,0,0,,,,,0,0,0,ESDB_V0_4
16020,16359,nr,-12.8485,0,NOT_EXACT_EN_US,,,,,,,REJECTED_AUTO,0,0,0,,,,,0,0,0,ESDB_V0_4
16021,16360,oswald,-12.8485,0,NOT_EXACT_EN_US,,,,,,,REJECTED_AUTO,0,0,0,,,,,0,0,0,ESDB_V0_4
16022,16361,overrated,-12.8485,1,PASS,35,,v,overrate,FORM,,MASTER,0,0,0,,,,,0,0,0,ESDB_V0_4
16023,16362,owens,-12.8485,0,NOT_EXACT_EN_US,,,,,,,REJECTED_AUTO,0,0,0,,,,,0,0,0,ESDB_V0_4
16024,16363,pamphlet,-12.8485,1,PASS,35,,n,pamphlet,LEMMA,,MASTER,0,1,1,,,,pamphlets,0,1,1,ESDB_V0_4
16025,16364,papua,-12.8485,0,NOT_EXACT_EN_US,,,,,,,REJECTED_AUTO,0,0,0,,,,,0,0,0,ESDB_V0_4
16026,16365,paralympic,-12.8485,0,NOT_EXACT_EN_US,,,,,,,REJECTED_AUTO,0,0,0,,,,,0,0,0,ESDB_V0_4
16027,16366,parity,-12.8485,1,PASS,35,,n,parity,LEMMA,,MASTER,0,0,0,,,,,0,0,0,ESDB_V0_4
16028,16367,payout,-12.8485,1,PASS,60,,n,payout,LEMMA,,MASTER,0,0,0,,,,,0,0,0,ESDB_V0_4
16029,16368,peacock,-12.8485,1,PASS,35,,n,peacock,LEMMA;FORM,,MASTER,0,0,0,,,,,0,0,0,ESDB_V0_4
16030,16369,peck,-12.8485,1,PASS,35,50,n_v,peck,LEMMA,,MASTER,0,0,0,,,,,0,0,0,ESDB_V0_4
16031,16370,pence,-12.8485,1,PASS,35,,n,penny,FORM,,MASTER,0,0,0,,,,,0,0,0,ESDB_V0_4
16032,16371,perish,-12.8485,1,PASS,35,,v,perish,LEMMA,,MASTER,0,0,0,,,,,0,0,0,ESDB_V0_4
16033,16372,persia,-12.8485,0,NOT_EXACT_EN_US,,,,,,,REJECTED_AUTO,0,0,0,,,,,0,0,0,ESDB_V0_4
16034,16373,pillows,-12.8485,1,PASS,35,,n_v,pillow,FORM,,MASTER,0,1,0,,pillow,,,1,0,0,ESDB_V0_4
16035,16375,punitive,-12.8485,1,PASS,35,,aj,punitive,LEMMA,,MASTER,0,0,0,,,,,0,0,0,ESDB_V0_4
16036,16376,quotas,-12.8485,1,PASS,35,,n,quota,FORM,,MASTER,0,1,0,,quota,,,1,0,0,ESDB_V0_4
16037,16377,radiant,-12.8485,1,PASS,35,,aj,radiant,LEMMA,,MASTER,0,0,0,,,,,0,0,0,ESDB_V0_4
16038,16378,ramos,-12.8485,0,NOT_EXACT_EN_US,,,,,,,REJECTED_AUTO,0,0,0,,,,,0,0,0,ESDB_V0_4
16039,16379,reassuring,-12.8485,1,PASS,35,,v;aj,reassure;reassuring,FORM;LEMMA,,MASTER,0,0,0,,,,,0,0,0,ESDB_V0_4
16040,16380,recreate,-12.8485,1,PASS,35,,v,recreate,LEMMA,,MASTER,0,0,0,,,,,0,0,0,ESDB_V0_4
16041,16381,regiments,-12.8485,1,PASS,35,,n_v,regiment,FORM,,MASTER,0,1,0,,regiment,,,1,0,0,ESDB_V0_4
16042,16382,registering,-12.8485,1,PASS,35,,n_v,register,FORM,,MASTER,0,0,0,,,,,0,0,0,ESDB_V0_4
16043,16383,reinforcing,-12.8485,1,PASS,35,,v,reinforce,FORM,,MASTER,0,0,0,,,,,0,0,0,ESDB_V0_4
16044,16384,reliably,-12.8485,1,PASS,35,,av,reliably,LEMMA,,MASTER,0,0,0,,,,,0,0,0,ESDB_V0_4
16045,16385,rene,-12.8485,0,NOT_EXACT_EN_US,,,,,,,REJECTED_AUTO,0,0,0,,,,,0,0,0,ESDB_V0_4
16046,16386,respondent,-12.8485,1,PASS,50,,n;aj,respondent,LEMMA,,MASTER,0,1,1,,,,respondents,0,1,1,ESDB_V0_4
16047,16387,resumes,-12.8485,1,PASS,35,,v;n,resume,FORM,,MASTER,0,1,0,,resume,,,1,0,0,ESDB_V0_4
16048,16388,retreated,-12.8485,1,PASS,35,,n_v,retreat,FORM,,MASTER,0,0,0,,,,,0,0,0,ESDB_V0_4
16049,16389,retribution,-12.8485,1,PASS,35,,n,retribution,LEMMA,,MASTER,0,0,0,,,,,0,0,0,ESDB_V0_4
16050,16390,revolver,-12.8485,1,PASS,35,,n,revolver,LEMMA,,MASTER,0,0,0,,,,,0,0,0,ESDB_V0_4
16051,16391,riddle,-12.8485,1,PASS,35,50,n_v,riddle,LEMMA,,MASTER,0,0,0,,,,,0,0,0,ESDB_V0_4
16052,16392,roam,-12.8485,1,PASS,35,,v,roam,LEMMA,,MASTER,0,0,0,,,,,0,0,0,ESDB_V0_4
16053,16393,roe,-12.8485,1,PASS,35,,n,roe,LEMMA;FORM,,MASTER,0,0,0,,,,,0,0,0,ESDB_V0_4
16054,16394,rooftop,-12.8485,1,PASS,40,,n,rooftop,LEMMA,,MASTER,0,0,0,,,,,0,0,0,ESDB_V0_4
16055,16395,rumble,-12.8485,1,PASS,35,,n_v,rumble,LEMMA,,MASTER,0,0,0,,,,,0,0,0,ESDB_V0_4
16056,16397,sandstone,-12.8485,1,PASS,35,,n,sandstone,LEMMA,,MASTER,0,0,0,,,,,0,0,0,ESDB_V0_4
16057,16398,sapphire,-12.8485,1,PASS,35,,n;aj,sapphire,LEMMA,,MASTER,0,0,0,,,,,0,0,0,ESDB_V0_4
16058,16399,scarcity,-12.8485,1,PASS,35,,n,scarcity,LEMMA,,MASTER,0,0,0,,,,,0,0,0,ESDB_V0_4
16059,16400,schultz,-12.8485,0,NOT_EXACT_EN_US,,,,,,,REJECTED_AUTO,0,0,0,,,,,0,0,0,ESDB_V0_4
16060,16401,scrambled,-12.8485,1,PASS,35,,n_v;aj,scramble;scrambled,FORM;LEMMA,,MASTER,0,1,0,,scramble,,,1,0,0,ESDB_V0_4
16061,16402,screwing,-12.8485,1,PASS,35,,n_v;n,screw;screwing,FORM;LEMMA,,MASTER,0,0,0,,,,,0,0,0,ESDB_V0_4
16062,16403,sculptor,-12.8485,1,PASS,35,,n,sculptor,LEMMA,,MASTER,0,0,0,,,,,0,0,0,ESDB_V0_4
16063,16404,sears,-12.8485,1,PASS,35,50,n_v,sear,FORM,,MASTER,0,1,0,ears,,,,1,0,0,ESDB_V0_4
16064,16405,shack,-12.8485,1,PASS,35,,n,shack,LEMMA,,MASTER,0,1,0,hack,,,,1,0,0,ESDB_V0_4
16065,16406,sham,-12.8485,1,PASS,35,,n_v;aj,sham,LEMMA,,MASTER,0,1,1,ham,,,shame,1,1,0,ESDB_V0_4
16066,16407,sheridan,-12.8485,0,NOT_EXACT_EN_US,,,,,,,REJECTED_AUTO,0,0,0,,,,,0,0,0,ESDB_V0_4
16067,16408,shes,-12.8485,0,NOT_EXACT_EN_US,,,,,,,REJECTED_AUTO,0,0,0,,,,,0,0,0,ESDB_V0_4
16068,16409,shire,-12.8485,1,PASS,35,,n,shire,LEMMA,,MASTER,0,1,0,hire,,,,1,0,0,ESDB_V0_4
16069,16410,slater,-12.8485,0,NOT_EXACT_EN_US,,,,,,,REJECTED_AUTO,0,0,0,,,,,0,0,0,ESDB_V0_4
16070,16411,smokes,-12.8485,1,PASS,35,,n_v,smoke,FORM,,MASTER,0,1,0,,smoke,,,1,0,0,ESDB_V0_4
16071,16412,snapshot,-12.8485,1,PASS,35,,n,snapshot,LEMMA,,MASTER,0,0,0,,,,,0,0,0,ESDB_V0_4
16072,16413,snowy,-12.8485,1,PASS,35,,aj,snowy,LEMMA,,MASTER,0,1,0,,snow,,,1,0,0,ESDB_V0_4
16073,16414,sobbing,-12.8485,1,PASS,35,,n_v,sob,FORM,,MASTER,0,0,0,,,,,0,0,0,ESDB_V0_4
16074,16416,spitting,-12.8485,1,PASS,35,,v;n,spit;spitting,FORM;LEMMA,,MASTER,0,0,0,,,,,0,0,0,ESDB_V0_4
16075,16417,stash,-12.8485,1,PASS,40,,n_v,stash,LEMMA,,MASTER,0,0,0,,,,,0,0,0,ESDB_V0_4
16076,16418,stockings,-12.8485,1,PASS,35,,n,stocking,FORM,,MASTER,0,1,0,,stocking,,,1,0,0,ESDB_V0_4
16077,16419,stripping,-12.8485,1,PASS,35,,n_v;n,strip;stripping,FORM;LEMMA,,MASTER,0,1,0,tripping,,,,1,0,0,ESDB_V0_4
16078,16420,styling,-12.8485,1,PASS,35,,n_v;n,style;styling,FORM;LEMMA,,MASTER,0,0,0,,,,,0,0,0,ESDB_V0_4
16079,16421,subscriber,-12.8485,1,PASS,35,,n,subscriber,LEMMA,,MASTER,0,1,1,,subscribe,,subscribers,1,1,1,ESDB_V0_4
16080,16422,subscriptions,-12.8485,1,PASS,35,,n,subscription,FORM,,MASTER,0,1,0,,subscription,,,1,0,0,ESDB_V0_4
16081,16423,sweetness,-12.8485,1,PASS,35,,n,sweetness,LEMMA,,MASTER,0,0,0,,,,,0,0,0,ESDB_V0_4
16082,16424,synod,-12.8485,1,PASS,40,,n,synod,LEMMA,,MASTER,0,0,0,,,,,0,0,0,ESDB_V0_4
16083,16425,temps,-12.8485,1,PASS,40,,n_v,temp,FORM,,MASTER,0,1,0,,temp,,,1,0,0,ESDB_V0_4
16084,16426,tidy,-12.8485,1,PASS,35,,n_v;aj,tidy,LEMMA,,MASTER,0,0,0,,,,,0,0,0,ESDB_V0_4
16085,16427,toxins,-12.8485,1,PASS,35,,n,toxin,FORM,,MASTER,0,1,0,,toxin,,,1,0,0,ESDB_V0_4
16086,16428,trainee,-12.8485,1,PASS,35,,n,trainee,LEMMA,,MASTER,0,0,0,,,,,0,0,0,ESDB_V0_4
16087,16429,trimmed,-12.8485,1,PASS,35,,n_v;aj,trim;trimmed,FORM;LEMMA,,MASTER,0,0,0,,,,,0,0,0,ESDB_V0_4
16088,16430,trivia,-12.8485,1,PASS,35,,n,trivia,LEMMA;FORM,,MASTER,0,1,1,,,,trivial,0,1,0,ESDB_V0_4
16089,16431,turret,-12.8485,1,PASS,35,,n,turret,LEMMA,,MASTER,0,0,0,,,,,0,0,0,ESDB_V0_4
16090,16432,ui,-12.8485,0,NOT_EXACT_EN_US,,,,,,,REJECTED_AUTO,0,0,0,,,,,0,0,0,ESDB_V0_4
16091,16433,underwood,-12.8485,0,NOT_EXACT_EN_US,,,,,,,REJECTED_AUTO,0,0,0,,,,,0,0,0,ESDB_V0_4
16092,16434,upbringing,-12.8485,1,PASS,35,,n,upbringing,LEMMA,,MASTER,0,0,0,,,,,0,0,0,ESDB_V0_4
16093,16435,visas,-12.8485,1,PASS,35,,n_v,visa,FORM,,MASTER,0,1,0,,visa,,,1,0,0,ESDB_V0_4
16094,16436,vulgar,-12.8485,1,PASS,35,,aj,vulgar,LEMMA,,MASTER,0,0,0,,,,,0,0,0,ESDB_V0_4
16095,16437,walton,-12.8485,0,NOT_EXACT_EN_US,,,,,,,REJECTED_AUTO,0,0,0,,,,,0,0,0,ESDB_V0_4
16096,16438,warehouses,-12.8485,1,PASS,35,,n_v,warehouse,FORM,,MASTER,0,1,0,,warehouse,,,1,0,0,ESDB_V0_4
16097,16439,witchcraft,-12.8485,1,PASS,35,,n,witchcraft,LEMMA,,MASTER,0,0,0,,,,,0,0,0,ESDB_V0_4
16098,16440,worcester,-12.8485,0,NOT_EXACT_EN_US,,,,,,,REJECTED_AUTO,0,0,0,,,,,0,0,0,ESDB_V0_4
16099,16441,yielding,-12.8485,1,PASS,35,,n_v;n;aj,yield;yielding,FORM;LEMMA,,MASTER,0,0,0,,,,,0,0,0,ESDB_V0_4
16100,16442,yorker,-12.8485,0,NOT_EXACT_EN_US,,,,,,,REJECTED_AUTO,0,0,0,,,,,0,0,0,ESDB_V0_4
16101,16447,abiding,-12.8716,1,PASS,35,,v;aj,abide;abiding,FORM;LEMMA,,MASTER,0,0,0,,,,,0,0,0,ESDB_V0_4
16102,16448,academies,-12.8716,1,PASS,35,,n,academy,FORM,,MASTER,0,0,0,,,,,0,0,0,ESDB_V0_4
16103,16449,administering,-12.8716,1,PASS,35,,v,administer,FORM,,MASTER,0,0,0,,,,,0,0,0,ESDB_V0_4
16104,16450,advert,-12.8716,1,PASS,35,,n;v,advert,LEMMA,,MASTER,0,0,0,,,,,0,0,0,ESDB_V0_4
16105,16451,affluent,-12.8716,1,PASS,35,,aj,affluent,LEMMA,,MASTER,0,0,0,,,,,0,0,0,ESDB_V0_4
16106,16452,ambiguity,-12.8716,1,PASS,35,,n,ambiguity,LEMMA,,MASTER,0,0,0,,,,,0,0,0,ESDB_V0_4
16107,16453,amd,-12.8716,0,NOT_EXACT_EN_US,,,,,,,REJECTED_AUTO,0,0,0,,,,,0,0,0,ESDB_V0_4
16108,16454,amnesia,-12.8716,1,PASS,35,,n,amnesia,LEMMA,,MASTER,0,0,0,,,,,0,0,0,ESDB_V0_4
16109,16455,anonymity,-12.8716,1,PASS,35,,n,anonymity,LEMMA,,MASTER,0,0,0,,,,,0,0,0,ESDB_V0_4
16110,16456,aperture,-12.8716,1,PASS,35,,n,aperture,LEMMA,,MASTER,0,0,0,,,,,0,0,0,ESDB_V0_4
16111,16457,applaud,-12.8716,1,PASS,35,,v,applaud,LEMMA,,MASTER,0,0,0,,,,,0,0,0,ESDB_V0_4
16112,16458,archaic,-12.8716,1,PASS,35,,aj,archaic,LEMMA,,MASTER,0,0,0,,,,,0,0,0,ESDB_V0_4
16113,16459,arithmetic,-12.8716,1,PASS,35,,n;aj,arithmetic,LEMMA,,MASTER,0,0,0,,,,,0,0,0,ESDB_V0_4
16114,16460,aroused,-12.8716,1,PASS,35,,v;aj,arouse;aroused,FORM;LEMMA,,MASTER,0,0,0,,,,,0,0,0,ESDB_V0_4
16115,16461,arteries,-12.8716,1,PASS,35,,n,artery,FORM,,MASTER,0,0,0,,,,,0,0,0,ESDB_V0_4
16116,16462,artifact,-12.8716,1,PASS,35,,n,artifact,LEMMA,,MASTER,0,1,1,,,,artifacts,0,1,1,ESDB_V0_4
16117,16463,badges,-12.8716,1,PASS,35,,n,badge,FORM,,MASTER,0,1,0,,badge,,,1,0,0,ESDB_V0_4
16118,16464,ballad,-12.8716,1,PASS,35,,n,ballad,LEMMA,,MASTER,0,0,0,,,,,0,0,0,ESDB_V0_4
16119,16465,bathtub,-12.8716,1,PASS,35,,n,bathtub,LEMMA,,MASTER,0,0,0,,,,,0,0,0,ESDB_V0_4
16120,16466,beatrice,-12.8716,0,NOT_EXACT_EN_US,,,,,,,REJECTED_AUTO,0,0,0,,,,,0,0,0,ESDB_V0_4
16121,16467,belgrade,-12.8716,0,NOT_EXACT_EN_US,,,,,,,REJECTED_AUTO,0,0,0,,,,,0,0,0,ESDB_V0_4
16122,16468,bis,-12.8716,1,PASS,60,,n,bi,FORM,,MASTER,0,1,0,is,,,,1,0,0,ESDB_V0_4
16123,16469,bjp,-12.8716,0,NOT_EXACT_EN_US,,,,,,,REJECTED_AUTO,0,0,0,,,,,0,0,0,ESDB_V0_4
16124,16470,bookstore,-12.8716,1,PASS,40,,n,bookstore,LEMMA,,MASTER,0,0,0,,,,,0,0,0,ESDB_V0_4
16125,16471,boosting,-12.8716,1,PASS,35,,n_v,boost,FORM,,MASTER,0,0,0,,,,,0,0,0,ESDB_V0_4
16126,16472,bounced,-12.8716,1,PASS,35,,n_v,bounce,FORM,,MASTER,0,1,0,,bounce,,,1,0,0,ESDB_V0_4
16127,16473,brightly,-12.8716,1,PASS,35,,av,brightly,LEMMA,,MASTER,0,1,0,rightly,,,,1,0,0,ESDB_V0_4
16128,16474,brilliantly,-12.8716,1,PASS,35,,av,brilliantly,LEMMA,,MASTER,0,0,0,,,,,0,0,0,ESDB_V0_4
16129,16476,brute,-12.8716,1,PASS,35,,n;aj,brute,LEMMA,,MASTER,0,0,0,,,,,0,0,0,ESDB_V0_4
16130,16477,bunk,-12.8716,1,PASS,35,,n_v,bunk,LEMMA,,MASTER,0,1,0,,bun,,,1,0,0,ESDB_V0_4
16131,16478,buzzer,-12.8716,1,PASS,35,,n,buzzer,LEMMA,,MASTER,0,0,0,,,,,0,0,0,ESDB_V0_4
16132,16479,cabins,-12.8716,1,PASS,35,,n,cabin,FORM,,MASTER,0,1,0,,cabin,,,1,0,0,ESDB_V0_4
16133,16480,chevy,-12.8716,0,NOT_EXACT_EN_US,,,,,,,REJECTED_AUTO,0,0,0,,,,,0,0,0,ESDB_V0_4
16134,16481,childbirth,-12.8716,1,PASS,35,,n,childbirth,LEMMA,,MASTER,0,0,0,,,,,0,0,0,ESDB_V0_4
16135,16482,citadel,-12.8716,1,PASS,50,,n,citadel,LEMMA,,MASTER,0,0,0,,,,,0,0,0,ESDB_V0_4
16136,16483,cleanup,-12.8716,1,PASS,40,,n;a,cleanup,LEMMA,,MASTER,0,0,0,,,,,0,0,0,ESDB_V0_4
16137,16484,clicked,-12.8716,1,PASS,35,,n_v,click,FORM,,MASTER,0,0,0,,,,,0,0,0,ESDB_V0_4
16138,16485,coco,-12.8716,1,PASS,60,,n,coco,LEMMA,,MASTER,0,1,1,,,,cocoa,0,1,0,ESDB_V0_4
16139,16486,cohesion,-12.8716,1,PASS,40,,n,cohesion,LEMMA,,MASTER,0,0,0,,,,,0,0,0,ESDB_V0_4
16140,16487,coincided,-12.8716,1,PASS,35,,v,coincide,FORM,,MASTER,0,1,0,,coincide,,,1,0,0,ESDB_V0_4
16141,16488,collaborated,-12.8716,1,PASS,35,,v,collaborate,FORM,,MASTER,0,1,0,,collaborate,,,1,0,0,ESDB_V0_4
16142,16489,commemoration,-12.8716,1,PASS,35,,n,commemoration,LEMMA,,MASTER,0,0,0,,,,,0,0,0,ESDB_V0_4
16143,16490,condemning,-12.8716,1,PASS,35,,v;aj,condemn;condemning,FORM;LEMMA,,MASTER,0,0,0,,,,,0,0,0,ESDB_V0_4
16144,16491,contrasts,-12.8716,1,PASS,35,,n_v,contrast,FORM,,MASTER,0,1,0,,contrast,,,1,0,0,ESDB_V0_4
16145,16492,correlated,-12.8716,1,PASS,35,,n_v;aj,correlate;correlated,FORM;LEMMA,,MASTER,0,0,0,,,,,0,0,0,ESDB_V0_4
16146,16493,coupons,-12.8716,1,PASS,35,,n,coupon,FORM,,MASTER,0,1,0,,coupon,,,1,0,0,ESDB_V0_4
16147,16494,cpr,-12.8716,0,NOT_EXACT_EN_US,,,,,,,REJECTED_AUTO,0,0,0,,,,,0,0,0,ESDB_V0_4
16148,16495,cracker,-12.8716,1,PASS,35,,n,cracker,LEMMA,,MASTER,0,1,1,,,,crackers,0,1,1,ESDB_V0_4
16149,16496,css,-12.8716,0,NOT_EXACT_EN_US,,,,,,,REJECTED_AUTO,0,0,0,,,,,0,0,0,ESDB_V0_4
16150,16497,defy,-12.8716,1,PASS,35,,v,defy,LEMMA,,MASTER,0,0,0,,,,,0,0,0,ESDB_V0_4
16151,16498,dh,-12.8716,0,NOT_EXACT_EN_US,,,,,,,REJECTED_AUTO,0,0,0,,,,,0,0,0,ESDB_V0_4
16152,16499,diabetic,-12.8716,1,PASS,35,,n;aj,diabetic,LEMMA,,MASTER,0,0,0,,,,,0,0,0,ESDB_V0_4
16153,16500,dillon,-12.8716,0,NOT_EXACT_EN_US,,,,,,,REJECTED_AUTO,0,0,0,,,,,0,0,0,ESDB_V0_4
16154,16501,diminishing,-12.8716,1,PASS,35,,v;aj,diminish;diminishing,FORM;LEMMA,,MASTER,0,0,0,,,,,0,0,0,ESDB_V0_4
16155,16502,disbelief,-12.8716,1,PASS,35,,n,disbelief,LEMMA,,MASTER,0,0,0,,,,,0,0,0,ESDB_V0_4
16156,16503,discreet,-12.8716,1,PASS,35,,aj,discreet,LEMMA,,MASTER,0,0,0,,,,,0,0,0,ESDB_V0_4
16157,16504,disneyland,-12.8716,0,NOT_EXACT_EN_US,,,,,,,REJECTED_AUTO,0,0,0,,,,,0,0,0,ESDB_V0_4
16158,16505,distrust,-12.8716,1,PASS,35,,n;v,distrust,LEMMA,,MASTER,0,0,0,,,,,0,0,0,ESDB_V0_4
16159,16506,doctorate,-12.8716,1,PASS,35,,n,doctorate,LEMMA,,MASTER,0,0,0,,,,,0,0,0,ESDB_V0_4
16160,16507,drifted,-12.8716,1,PASS,35,,n_v,drift,FORM,,MASTER,0,0,0,,,,,0,0,0,ESDB_V0_4
16161,16508,dunes,-12.8716,1,PASS,35,,n,dune,FORM,,MASTER,0,1,0,,dune,,,1,0,0,ESDB_V0_4
16162,16509,effected,-12.8716,1,PASS,35,,n_v;aj,effect;effected,FORM;LEMMA,,MASTER,0,0,0,,,,,0,0,0,ESDB_V0_4
16163,16510,elbows,-12.8716,1,PASS,35,,n_v,elbow,FORM,,MASTER,0,1,0,,elbow,,,1,0,0,ESDB_V0_4
16164,16511,eliza,-12.8716,0,NOT_EXACT_EN_US,,,,,,,REJECTED_AUTO,0,0,0,,,,,0,0,0,ESDB_V0_4
16165,16512,embark,-12.8716,1,PASS,35,,v,embark,LEMMA,,MASTER,0,0,0,,,,,0,0,0,ESDB_V0_4
16166,16513,environmentally,-12.8716,1,PASS,35,,av,environmentally,LEMMA,,MASTER,0,0,0,,,,,0,0,0,ESDB_V0_4
16167,16514,estimating,-12.8716,1,PASS,35,,n_v,estimate,FORM,,MASTER,0,0,0,,,,,0,0,0,ESDB_V0_4
16168,16515,everett,-12.8716,0,NOT_EXACT_EN_US,,,,,,,REJECTED_AUTO,0,0,0,,,,,0,0,0,ESDB_V0_4
16169,16516,exemplary,-12.8716,1,PASS,35,,aj,exemplary,LEMMA,,MASTER,0,0,0,,,,,0,0,0,ESDB_V0_4
16170,16517,explorers,-12.8716,1,PASS,35,,n,explorer,FORM,,MASTER,0,1,0,,explorer,,,1,0,0,ESDB_V0_4
16171,16518,facilitating,-12.8716,1,PASS,35,,v,facilitate,FORM,,MASTER,0,0,0,,,,,0,0,0,ESDB_V0_4
16172,16519,faculties,-12.8716,1,PASS,35,,n,faculty,FORM,,MASTER,0,0,0,,,,,0,0,0,ESDB_V0_4
16173,16520,fades,-12.8716,1,PASS,35,,n_v,fade,FORM,,MASTER,0,1,0,,fade,,,1,0,0,ESDB_V0_4
16174,16521,fairs,-12.8716,1,PASS,35,,n,fair,FORM,,MASTER,0,1,0,airs,fair,,,2,0,0,ESDB_V0_4
16175,16522,familiarity,-12.8716,1,PASS,35,,n,familiarity,LEMMA,,MASTER,0,0,0,,,,,0,0,0,ESDB_V0_4
16176,16523,fetal,-12.8716,1,PASS,35,,aj,fetal,LEMMA,,MASTER,0,0,0,,,,,0,0,0,ESDB_V0_4
16177,16524,fiddle,-12.8716,1,PASS,35,,n_v,fiddle,LEMMA,,MASTER,0,0,0,,,,,0,0,0,ESDB_V0_4
16178,16525,fists,-12.8716,1,PASS,35,,n,fist,FORM,,MASTER,0,1,0,,fist,,,1,0,0,ESDB_V0_4
16179,16526,floated,-12.8716,1,PASS,35,,n_v,float,FORM,,MASTER,0,0,0,,,,,0,0,0,ESDB_V0_4
16180,16527,fran,-12.8716,0,NOT_EXACT_EN_US,,,,,,,REJECTED_AUTO,0,0,0,,,,,0,0,0,ESDB_V0_4
16181,16528,freddy,-12.8716,0,NOT_EXACT_EN_US,,,,,,,REJECTED_AUTO,0,0,0,,,,,0,0,0,ESDB_V0_4
16182,16529,frenzy,-12.8716,1,PASS,35,,n,frenzy,LEMMA,,MASTER,0,0,0,,,,,0,0,0,ESDB_V0_4
16183,16530,fruitful,-12.8716,1,PASS,35,,aj,fruitful,LEMMA,,MASTER,0,0,0,,,,,0,0,0,ESDB_V0_4
16184,16531,garde,-12.8716,0,NOT_EXACT_EN_US,,,,,,,REJECTED_AUTO,0,0,0,,,,,0,0,0,ESDB_V0_4
16185,16532,getaway,-12.8716,1,PASS,35,,n,getaway,LEMMA,,MASTER,0,0,0,,,,,0,0,0,ESDB_V0_4
16186,16533,glitter,-12.8716,1,PASS,35,,n_v,glitter,LEMMA,,MASTER,0,1,0,litter,,,,1,0,0,ESDB_V0_4
16187,16534,gould,-12.8716,0,NOT_EXACT_EN_US,,,,,,,REJECTED_AUTO,0,0,0,,,,,0,0,0,ESDB_V0_4
16188,16535,grips,-12.8716,1,PASS,35,,n_v,grip,FORM,,MASTER,0,1,0,,grip,,,1,0,0,ESDB_V0_4
16189,16536,grumpy,-12.8716,1,PASS,35,,aj,grumpy,LEMMA,,MASTER,0,0,0,,,,,0,0,0,ESDB_V0_4
16190,16537,hammered,-12.8716,1,PASS,35,,n_v;aj,hammer;hammered,FORM;LEMMA,,MASTER,0,0,0,,,,,0,0,0,ESDB_V0_4
16191,16538,harp,-12.8716,1,PASS,35,,n_v,harp,LEMMA,,MASTER,0,1,1,,,sharp,,0,1,0,ESDB_V0_4
16192,16539,haste,-12.8716,1,PASS,35,,n;v,haste,LEMMA,,MASTER,0,0,0,,,,,0,0,0,ESDB_V0_4
16193,16540,haze,-12.8716,1,PASS,35,,n_v,haze,LEMMA,,MASTER,0,1,1,,,,hazel,0,1,0,ESDB_V0_4
16194,16541,horrendous,-12.8716,1,PASS,35,,aj,horrendous,LEMMA,,MASTER,0,0,0,,,,,0,0,0,ESDB_V0_4
16195,16542,hospitalized,-12.8716,1,PASS,35,,v,hospitalize,FORM,,MASTER,0,0,0,,,,,0,0,0,ESDB_V0_4
16196,16543,hover,-12.8716,1,PASS,35,,v,hover,LEMMA,,MASTER,0,1,0,over,,,,1,0,0,ESDB_V0_4
16197,16544,incremental,-12.8716,1,PASS,35,,aj,incremental,LEMMA,,MASTER,0,0,0,,,,,0,0,0,ESDB_V0_4
16198,16545,indices,-12.8716,1,PASS,35,,n,index,FORM,,MASTER,0,0,0,,,,,0,0,0,ESDB_V0_4
16199,16546,indicted,-12.8716,1,PASS,35,,v,indict,FORM,,MASTER,0,0,0,,,,,0,0,0,ESDB_V0_4
16200,16547,insomnia,-12.8716,1,PASS,35,,n,insomnia,LEMMA,,MASTER,0,0,0,,,,,0,0,0,ESDB_V0_4
16201,16548,inspires,-12.8716,1,PASS,35,,v,inspire,FORM,,MASTER,0,1,0,,inspire,,,1,0,0,ESDB_V0_4
16202,16549,intrigued,-12.8716,1,PASS,35,,n_v,intrigue,FORM,,MASTER,0,1,0,,intrigue,,,1,0,0,ESDB_V0_4
16203,16550,invoke,-12.8716,1,PASS,35,,v,invoke,LEMMA,,MASTER,0,1,1,,,,invoked,0,1,1,ESDB_V0_4
16204,16551,iphones,-12.8716,0,NOT_EXACT_EN_US,,,,,,,REJECTED_AUTO,0,0,0,,,,,0,0,0,ESDB_V0_4
16205,16552,itching,-12.8716,1,PASS,35,,n_v;n,itch;itching,FORM;LEMMA,,MASTER,0,1,1,,,pitching,,0,1,0,ESDB_V0_4
16206,16553,jams,-12.8716,1,PASS,35,,n_v,jam,FORM,,MASTER,0,1,0,,jam,,,1,0,0,ESDB_V0_4
16207,16554,jeez,-12.8716,1,PASS,40,,i,jeez,LEMMA,,MASTER,0,0,0,,,,,0,0,0,ESDB_V0_4
16208,16555,kan,-12.8716,0,NOT_EXACT_EN_US,,,,,,,REJECTED_AUTO,0,0,0,,,,,0,0,0,ESDB_V0_4
16209,16556,kappa,-12.8716,1,PASS,60,,n,kappa,LEMMA,,MASTER,0,0,0,,,,,0,0,0,ESDB_V0_4
16210,16557,kemp,-12.8716,0,NOT_EXACT_EN_US,,,,,,,REJECTED_AUTO,0,0,0,,,,,0,0,0,ESDB_V0_4
16211,16558,knowingly,-12.8716,1,PASS,35,,av,knowingly,LEMMA,,MASTER,0,0,0,,,,,0,0,0,ESDB_V0_4
16212,16559,lam,-12.8716,1,PASS,50,,n_v,lam,LEMMA,,MASTER,0,1,1,am,,slam,lamb;lamp;lame;lama,1,5,0,ESDB_V0_4
16213,16560,leasing,-12.8716,1,PASS,35,,n_v,lease,FORM,,MASTER,0,1,1,,,pleasing,,0,1,0,ESDB_V0_4
16214,16561,leukemia,-12.8716,1,PASS,35,,n,leukemia,LEMMA,,MASTER,0,0,0,,,,,0,0,0,ESDB_V0_4
16215,16562,licking,-12.8716,1,PASS,35,,n_v;n,lick;licking,FORM;LEMMA,,MASTER,0,1,1,,,clicking,,0,1,0,ESDB_V0_4
16216,16563,lite,-12.8716,1,PASS,40,,aj,lite,LEMMA,,MASTER,0,1,1,,lit,elite,liter,1,2,0,ESDB_V0_4
16217,16564,lola,-12.8716,0,NOT_EXACT_EN_US,,,,,,,REJECTED_AUTO,0,0,0,,,,,0,0,0,ESDB_V0_4
16218,16565,ludwig,-12.8716,0,NOT_EXACT_EN_US,,,,,,,REJECTED_AUTO,0,0,0,,,,,0,0,0,ESDB_V0_4
16219,16566,mead,-12.8716,0,CASE_FREQ_COLLISION,50,50,n,mead,LEMMA,,REJECTED_AUTO,0,0,0,,,,,0,0,0,ESDB_V0_4
16220,16567,mergers,-12.8716,1,PASS,35,,n,merger,FORM,,MASTER,0,1,0,,merger,,,1,0,0,ESDB_V0_4
16221,16568,mermaid,-12.8716,1,PASS,35,,n,mermaid,LEMMA,,MASTER,0,0,0,,,,,0,0,0,ESDB_V0_4
16222,16569,mhz,-12.8716,0,NOT_EXACT_EN_US,,,,,,,REJECTED_AUTO,0,0,0,,,,,0,0,0,ESDB_V0_4
16223,16570,miliband,-12.8716,0,NOT_EXACT_EN_US,,,,,,,REJECTED_AUTO,0,0,0,,,,,0,0,0,ESDB_V0_4
16224,16571,mongolia,-12.8716,0,NOT_EXACT_EN_US,,,,,,,REJECTED_AUTO,0,0,0,,,,,0,0,0,ESDB_V0_4
16225,16572,moods,-12.8716,1,PASS,35,,n,mood,FORM,,MASTER,0,1,0,,mood,,,1,0,0,ESDB_V0_4
16226,16573,mosques,-12.8716,1,PASS,35,,n,mosque,FORM,,MASTER,0,1,0,,mosque,,,1,0,0,ESDB_V0_4
16227,16574,moto,-12.8716,0,NOT_EXACT_EN_US,,,,,,,REJECTED_AUTO,0,0,0,,,,,0,0,0,ESDB_V0_4
16228,16576,narratives,-12.8716,1,PASS,35,,n,narrative,FORM,,MASTER,0,1,0,,narrative,,,1,0,0,ESDB_V0_4
16229,16577,nationalities,-12.8716,1,PASS,35,,n,nationality,FORM,,MASTER,0,0,0,,,,,0,0,0,ESDB_V0_4
16230,16578,nb,-12.8716,0,NOT_EXACT_EN_US,,,,,,,REJECTED_AUTO,0,0,0,,,,,0,0,0,ESDB_V0_4
16231,16579,nearer,-12.8716,1,PASS,35,,aj_av,near,FORM,,MASTER,0,0,0,,,,,0,0,0,ESDB_V0_4
16232,16580,nesting,-12.8716,1,PASS,35,,n_v,nest,FORM,,MASTER,0,0,0,,,,,0,0,0,ESDB_V0_4
16233,16581,nightly,-12.8716,1,PASS,35,,aj_av,nightly,LEMMA,,MASTER,0,0,0,,,,,0,0,0,ESDB_V0_4
16234,16582,nk,-12.8716,0,NOT_EXACT_EN_US,,,,,,,REJECTED_AUTO,0,0,0,,,,,0,0,0,ESDB_V0_4
16235,16583,noses,-12.8716,1,PASS,35,,n_v,nose,FORM,,MASTER,0,1,0,,nose,,,1,0,0,ESDB_V0_4
16236,16584,originality,-12.8716,1,PASS,35,,n,originality,LEMMA,,MASTER,0,0,0,,,,,0,0,0,ESDB_V0_4
16237,16585,overheard,-12.8716,1,PASS,35,,v,overhear,FORM,,MASTER,0,0,0,,,,,0,0,0,ESDB_V0_4
16238,16586,pans,-12.8716,1,PASS,35,,n_v,pan,FORM,,MASTER,0,1,1,,pan,spans,,1,1,0,ESDB_V0_4
16239,16587,parted,-12.8716,1,PASS,35,,n_v;aj,part;parted,FORM;LEMMA,,MASTER,0,0,0,,,,,0,0,0,ESDB_V0_4
16240,16588,pasture,-12.8716,1,PASS,35,,n_v,pasture,LEMMA,,MASTER,0,1,1,,,,pastures,0,1,1,ESDB_V0_4
16241,16589,pb,-12.8716,0,NOT_EXACT_EN_US,,,,,,,REJECTED_AUTO,0,0,0,,,,,0,0,0,ESDB_V0_4
16242,16590,pear,-12.8716,1,PASS,35,,n,pear,LEMMA,,MASTER,0,1,1,ear,pea,spear,pearl,2,2,0,ESDB_V0_4
16243,16591,pearce,-12.8716,0,NOT_EXACT_EN_US,,,,,,,REJECTED_AUTO,0,0,0,,,,,0,0,0,ESDB_V0_4
16244,16592,phosphate,-12.8716,1,PASS,40,,n,phosphate,LEMMA,,MASTER,0,0,0,,,,,0,0,0,ESDB_V0_4
16245,16593,plato,-12.8716,0,NOT_EXACT_EN_US,,,,,,,REJECTED_AUTO,0,0,0,,,,,0,0,0,ESDB_V0_4
16246,16594,populace,-12.8716,1,PASS,35,,n,populace,LEMMA,,MASTER,0,0,0,,,,,0,0,0,ESDB_V0_4
16247,16595,postage,-12.8716,1,PASS,35,,n,postage,LEMMA,,MASTER,0,0,0,,,,,0,0,0,ESDB_V0_4
16248,16596,prescriptions,-12.8716,1,PASS,35,,n,prescription,FORM,,MASTER,0,1,0,,prescription,,,1,0,0,ESDB_V0_4
16249,16597,pressured,-12.8716,1,PASS,35,,n_v,pressure,FORM,,MASTER,0,1,0,,pressure,,,1,0,0,ESDB_V0_4
16250,16598,pretext,-12.8716,1,PASS,35,,n,pretext,LEMMA,,MASTER,0,0,0,,,,,0,0,0,ESDB_V0_4
16251,16599,prohibits,-12.8716,1,PASS,35,,v,prohibit,FORM,,MASTER,0,1,0,,prohibit,,,1,0,0,ESDB_V0_4
16252,16600,projector,-12.8716,1,PASS,35,,n,projector,LEMMA,,MASTER,0,0,0,,,,,0,0,0,ESDB_V0_4
16253,16601,provocative,-12.8716,1,PASS,35,,aj,provocative,LEMMA,,MASTER,0,0,0,,,,,0,0,0,ESDB_V0_4
16254,16602,psi,-12.8716,1,PASS,60,,n,psi,LEMMA,,MASTER,0,0,0,,,,,0,0,0,ESDB_V0_4
16255,16603,ptsd,-12.8716,0,NOT_EXACT_EN_US,,,,,,,REJECTED_AUTO,0,0,0,,,,,0,0,0,ESDB_V0_4
16256,16604,purchaser,-12.8716,1,PASS,40,,n,purchaser,LEMMA,,MASTER,0,1,0,,purchase,,,1,0,0,ESDB_V0_4
16257,16605,quotation,-12.8716,1,PASS,35,,n,quotation,LEMMA,,MASTER,0,1,1,,,,quotations,0,1,1,ESDB_V0_4
16258,16606,raspberry,-12.8716,1,PASS,35,,n,raspberry,LEMMA,,MASTER,0,0,0,,,,,0,0,0,ESDB_V0_4
16259,16607,rebellious,-12.8716,1,PASS,35,,aj,rebellious,LEMMA,,MASTER,0,0,0,,,,,0,0,0,ESDB_V0_4
16260,16608,regretted,-12.8716,1,PASS,35,,n_v,regret,FORM,,MASTER,0,0,0,,,,,0,0,0,ESDB_V0_4
16261,16609,repository,-12.8716,1,PASS,35,,n,repository,LEMMA,,MASTER,0,0,0,,,,,0,0,0,ESDB_V0_4
16262,16610,rican,-12.8716,0,NOT_EXACT_EN_US,,,,,,,REJECTED_AUTO,0,0,0,,,,,0,0,0,ESDB_V0_4
16263,16611,rink,-12.8716,1,PASS,35,,n,rink,LEMMA,,MASTER,0,1,1,ink,,drink;brink,,1,2,0,ESDB_V0_4
16264,16612,roach,-12.8716,1,PASS,35,50,n,roach,LEMMA;FORM,,MASTER,0,0,0,,,,,0,0,0,ESDB_V0_4
16265,16613,rulings,-12.8716,1,PASS,35,,n,ruling,FORM,,MASTER,0,1,0,,ruling,,,1,0,0,ESDB_V0_4
16266,16614,safeguards,-12.8716,1,PASS,35,,n_v,safeguard,FORM,,MASTER,0,1,0,,safeguard,,,1,0,0,ESDB_V0_4
16267,16615,samson,-12.8716,0,NOT_EXACT_EN_US,,,,,,,REJECTED_AUTO,0,0,0,,,,,0,0,0,ESDB_V0_4
16268,16616,sanity,-12.8716,1,PASS,35,,n,sanity,LEMMA,,MASTER,0,0,0,,,,,0,0,0,ESDB_V0_4
16269,16617,sealing,-12.8716,1,PASS,35,,n_v;n,seal;sealing,FORM;LEMMA,,MASTER,0,0,0,,,,,0,0,0,ESDB_V0_4
16270,16618,sesame,-12.8716,1,PASS,50,,n,sesame,LEMMA,,MASTER,0,0,0,,,,,0,0,0,ESDB_V0_4
16271,16619,shaky,-12.8716,1,PASS,35,,aj,shaky,LEMMA,,MASTER,0,0,0,,,,,0,0,0,ESDB_V0_4
16272,16620,shedding,-12.8716,1,PASS,35,,n_v;n,shed;shedding,FORM;LEMMA,,MASTER,0,0,0,,,,,0,0,0,ESDB_V0_4
16273,16621,sigma,-12.8716,1,PASS,35,,n,sigma,LEMMA,,MASTER,0,0,0,,,,,0,0,0,ESDB_V0_4
16274,16622,sixteenth,-12.8716,1,PASS,35,,n,sixteenth,LEMMA,,MASTER,0,0,0,,,,,0,0,0,ESDB_V0_4
16275,16623,slab,-12.8716,1,PASS,35,,n_v,slab,LEMMA,,MASTER,0,1,0,lab,,,,1,0,0,ESDB_V0_4
16276,16624,smartest,-12.8716,1,PASS,35,,aj,smart,FORM,,MASTER,0,0,0,,,,,0,0,0,ESDB_V0_4
16277,16625,snail,-12.8716,1,PASS,35,,n,snail,LEMMA,,MASTER,0,1,0,nail,,,,1,0,0,ESDB_V0_4
16278,16626,snoop,-12.8716,1,PASS,35,,n_v,snoop,LEMMA,,MASTER,0,0,0,,,,,0,0,0,ESDB_V0_4
16279,16627,solitude,-12.8716,1,PASS,35,,n,solitude,LEMMA,,MASTER,0,0,0,,,,,0,0,0,ESDB_V0_4
16280,16629,sooo,-12.8716,0,NOT_EXACT_EN_US,,,,,,,REJECTED_AUTO,0,0,0,,,,,0,0,0,ESDB_V0_4
16281,16630,sourced,-12.8716,1,PASS,35,,n_v,source,FORM,,MASTER,0,1,0,,source,,,1,0,0,ESDB_V0_4
16282,16631,spartan,-12.8716,0,CASE_FREQ_COLLISION,50,40,aj,spartan,LEMMA,,REJECTED_AUTO,0,0,0,,,,,0,0,0,ESDB_V0_4
16283,16632,spontaneously,-12.8716,1,PASS,35,,av,spontaneously,LEMMA,,MASTER,0,0,0,,,,,0,0,0,ESDB_V0_4
16284,16633,squid,-12.8716,1,PASS,35,,n,squid,LEMMA;FORM,,MASTER,0,1,0,quid,,,,1,0,0,ESDB_V0_4
16285,16634,stacy,-12.8716,0,NOT_EXACT_EN_US,,,,,,,REJECTED_AUTO,0,0,0,,,,,0,0,0,ESDB_V0_4
16286,16635,stereotype,-12.8716,1,PASS,35,,n_v,stereotype,LEMMA,,MASTER,0,1,1,,,,stereotypes,0,1,1,ESDB_V0_4
16287,16636,stormy,-12.8716,1,PASS,35,,aj,stormy,LEMMA,,MASTER,0,1,0,,storm,,,1,0,0,ESDB_V0_4
16288,16637,strikers,-12.8716,1,PASS,35,,n,striker,FORM,,MASTER,0,1,0,,striker,,,1,0,0,ESDB_V0_4
16289,16638,successors,-12.8716,1,PASS,35,,n,successor,FORM,,MASTER,0,1,0,,successor,,,1,0,0,ESDB_V0_4
16290,16639,suicides,-12.8716,1,PASS,35,,n,suicide,FORM,,MASTER,0,1,0,,suicide,,,1,0,0,ESDB_V0_4
16291,16640,swarm,-12.8716,1,PASS,35,,n_v,swarm,LEMMA,,MASTER,0,1,0,warm,,,,1,0,0,ESDB_V0_4
16292,16642,tomas,-12.8716,0,NOT_EXACT_EN_US,,,,,,,REJECTED_AUTO,0,0,0,,,,,0,0,0,ESDB_V0_4
16293,16643,tunisian,-12.8716,0,NOT_EXACT_EN_US,,,,,,,REJECTED_AUTO,0,0,0,,,,,0,0,0,ESDB_V0_4
16294,16644,tweeting,-12.8716,1,PASS,35,,n_v,tweet,FORM,,MASTER,0,0,0,,,,,0,0,0,ESDB_V0_4
16295,16645,twisting,-12.8716,1,PASS,35,,n_v;n;aj,twist;twisting,FORM;LEMMA,,MASTER,0,0,0,,,,,0,0,0,ESDB_V0_4
16296,16647,unavoidable,-12.8716,1,PASS,35,,aj,unavoidable,LEMMA,,MASTER,0,0,0,,,,,0,0,0,ESDB_V0_4
16297,16648,unilateral,-12.8716,1,PASS,35,,aj,unilateral,LEMMA,,MASTER,0,0,0,,,,,0,0,0,ESDB_V0_4
16298,16649,unstoppable,-12.8716,1,PASS,40,,aj,unstoppable,LEMMA,,MASTER,0,0,0,,,,,0,0,0,ESDB_V0_4
16299,16650,vascular,-12.8716,1,PASS,50,,aj,vascular,LEMMA,,MASTER,0,0,0,,,,,0,0,0,ESDB_V0_4
16300,16651,verbally,-12.8716,1,PASS,35,,av,verbally,LEMMA,,MASTER,0,0,0,,,,,0,0,0,ESDB_V0_4
16301,16652,volkswagen,-12.8716,0,NOT_EXACT_EN_US,,,,,,,REJECTED_AUTO,0,0,0,,,,,0,0,0,ESDB_V0_4
16302,16653,voucher,-12.8716,1,PASS,35,,n,voucher,LEMMA,,MASTER,0,1,1,,,,vouchers,0,1,1,ESDB_V0_4
16303,16654,vr,-12.8716,0,NOT_EXACT_EN_US,,,,,,,REJECTED_AUTO,0,0,0,,,,,0,0,0,ESDB_V0_4
16304,16655,vu,-12.8716,0,NOT_EXACT_EN_US,,,,,,,REJECTED_AUTO,0,0,0,,,,,0,0,0,ESDB_V0_4
16305,16656,wandered,-12.8716,1,PASS,35,,v,wander,FORM,,MASTER,0,0,0,,,,,0,0,0,ESDB_V0_4
16306,16657,warmed,-12.8716,1,PASS,35,,v;aj,warm;warmed,FORM;LEMMA,,MASTER,0,1,0,armed,,,,1,0,0,ESDB_V0_4
16307,16658,westward,-12.8716,1,PASS,35,,aj_av,westward,LEMMA,,MASTER,0,0,0,,,,,0,0,0,ESDB_V0_4
16308,16659,wigan,-12.8716,0,NOT_EXACT_EN_US,,,,,,,REJECTED_AUTO,0,0,0,,,,,0,0,0,ESDB_V0_4
16309,16660,wiley,-12.8716,0,NOT_EXACT_EN_US,,,,,,,REJECTED_AUTO,0,0,0,,,,,0,0,0,ESDB_V0_4
16310,16661,withholding,-12.8716,1,PASS,35,,v;n,withhold;withholding,FORM;LEMMA,,MASTER,0,0,0,,,,,0,0,0,ESDB_V0_4
16311,16662,woe,-12.8716,1,PASS,35,,n,woe,LEMMA,,MASTER,0,1,1,,,,woes,0,1,1,ESDB_V0_4
16312,16663,workouts,-12.8716,1,PASS,35,,n,workout,FORM,,MASTER,0,1,0,,workout,,,1,0,0,ESDB_V0_4
16313,16664,xxx,-12.8716,0,NO_ESDB_GENERAL_EVIDENCE,,,,,,,REJECTED_AUTO,0,0,0,,,,,0,0,0,ESDB_V0_4
16314,16667,abrupt,-12.8952,1,PASS,35,,aj,abrupt,LEMMA,,MASTER,0,0,0,,,,,0,0,0,ESDB_V0_4
16315,16668,adolf,-12.8952,0,NOT_EXACT_EN_US,,,,,,,REJECTED_AUTO,0,0,0,,,,,0,0,0,ESDB_V0_4
16316,16669,affidavit,-12.8952,1,PASS,35,,n,affidavit,LEMMA,,MASTER,0,0,0,,,,,0,0,0,ESDB_V0_4
16317,16670,allegation,-12.8952,1,PASS,35,,n,allegation,LEMMA,,MASTER,0,1,1,,,,allegations,0,1,1,ESDB_V0_4
16318,16671,alvarez,-12.8952,0,NOT_EXACT_EN_US,,,,,,,REJECTED_AUTO,0,0,0,,,,,0,0,0,ESDB_V0_4
16319,16672,amateurs,-12.8952,1,PASS,35,,n,amateur,FORM,,MASTER,0,1,0,,amateur,,,1,0,0,ESDB_V0_4
16320,16673,anders,-12.8952,0,NOT_EXACT_EN_US,,,,,,,REJECTED_AUTO,0,0,0,,,,,0,0,0,ESDB_V0_4
16321,16674,angular,-12.8952,1,PASS,35,,aj,angular,LEMMA,,MASTER,0,0,0,,,,,0,0,0,ESDB_V0_4
16322,16675,arbor,-12.8952,1,PASS,35,,n,arbor,LEMMA,,MASTER,0,1,1,,,harbor,,0,1,0,ESDB_V0_4
16323,16676,archaeologists,-12.8952,1,PASS,35,,n,archaeologist,FORM,,MASTER,0,0,0,,,,,0,0,0,ESDB_V0_4
16324,16677,arid,-12.8952,1,PASS,35,,aj,arid,LEMMA,,MASTER,0,1,0,rid,,,,1,0,0,ESDB_V0_4
16325,16678,armoured,-12.8952,0,NOT_EXACT_EN_US,,,,,,,REJECTED_AUTO,0,0,0,,,,,0,0,0,ESDB_V0_4
16326,16680,augmented,-12.8952,1,PASS,35,,v;aj,augment;augmented,FORM;LEMMA,,MASTER,0,0,0,,,,,0,0,0,ESDB_V0_4
16327,16681,authentication,-12.8952,1,PASS,50,,n,authentication,LEMMA,,MASTER,0,0,0,,,,,0,0,0,ESDB_V0_4
16328,16682,authoritative,-12.8952,1,PASS,35,,aj,authoritative,LEMMA,,MASTER,0,0,0,,,,,0,0,0,ESDB_V0_4
16329,16683,authorize,-12.8952,1,PASS,35,,v,authorize,LEMMA,,MASTER,0,1,1,,,,authorized,0,1,1,ESDB_V0_4
16330,16684,avec,-12.8952,0,NOT_EXACT_EN_US,,,,,,,REJECTED_AUTO,0,0,0,,,,,0,0,0,ESDB_V0_4
16331,16685,ballistic,-12.8952,1,PASS,40,,aj,ballistic,LEMMA,,MASTER,0,0,0,,,,,0,0,0,ESDB_V0_4
16332,16686,barren,-12.8952,1,PASS,35,,n;aj,barren,LEMMA,,MASTER,0,0,0,,,,,0,0,0,ESDB_V0_4
16333,16687,bd,-12.8952,0,NOT_EXACT_EN_US,,,,,,,REJECTED_AUTO,0,0,0,,,,,0,0,0,ESDB_V0_4
16334,16688,birthplace,-12.8952,1,PASS,35,,n,birthplace,LEMMA,,MASTER,0,0,0,,,,,0,0,0,ESDB_V0_4
16335,16689,bollywood,-12.8952,0,NOT_EXACT_EN_US,,,,,,,REJECTED_AUTO,0,0,0,,,,,0,0,0,ESDB_V0_4
16336,16690,bologna,-12.8952,1,PASS,35,50,n,bologna,LEMMA,,MASTER,0,0,0,,,,,0,0,0,ESDB_V0_4
16337,16691,bordering,-12.8952,1,PASS,35,,n_v,border,FORM,,MASTER,0,1,0,ordering,,,,1,0,0,ESDB_V0_4
16338,16692,braces,-12.8952,1,PASS,35,,n_v;n,brace;braces,FORM;LEMMA,,MASTER,0,1,0,races,brace,,,2,0,0,ESDB_V0_4
16339,16693,breached,-12.8952,1,PASS,35,,n_v,breach,FORM,,MASTER,0,1,0,reached,,,,1,0,0,ESDB_V0_4
16340,16694,breaches,-12.8952,1,PASS,35,,n_v,breach,FORM,,MASTER,0,1,0,reaches,,,,1,0,0,ESDB_V0_4
16341,16695,bucharest,-12.8952,0,NOT_EXACT_EN_US,,,,,,,REJECTED_AUTO,0,0,0,,,,,0,0,0,ESDB_V0_4
16342,16696,burdens,-12.8952,1,PASS,35,,n_v,burden,FORM,,MASTER,0,1,0,,burden,,,1,0,0,ESDB_V0_4
16343,16697,bytes,-12.8952,1,PASS,35,,n,byte,FORM,,MASTER,0,0,0,,,,,0,0,0,ESDB_V0_4
16344,16698,cad,-12.8952,1,PASS,35,60,n,cad,LEMMA,,MASTER,0,1,0,ad,,,,1,0,0,ESDB_V0_4
16345,16699,calif,-12.8952,0,NOT_EXACT_EN_US,,,,,,,REJECTED_AUTO,0,0,0,,,,,0,0,0,ESDB_V0_4
16346,16700,caretaker,-12.8952,1,PASS,35,,n;a,caretaker,LEMMA,,MASTER,0,0,0,,,,,0,0,0,ESDB_V0_4
16347,16701,carolyn,-12.8952,0,NOT_EXACT_EN_US,,,,,,,REJECTED_AUTO,0,0,0,,,,,0,0,0,ESDB_V0_4
16348,16702,centenary,-12.8952,1,PASS,40,,n;aj,centenary,LEMMA,,MASTER,0,0,0,,,,,0,0,0,ESDB_V0_4
16349,16703,cessation,-12.8952,1,PASS,35,,n,cessation,LEMMA,,MASTER,0,0,0,,,,,0,0,0,ESDB_V0_4
16350,16704,chaplain,-12.8952,1,PASS,35,,n,chaplain,LEMMA,,MASTER,0,0,0,,,,,0,0,0,ESDB_V0_4
16351,16705,cheney,-12.8952,0,NOT_EXACT_EN_US,,,,,,,REJECTED_AUTO,0,0,0,,,,,0,0,0,ESDB_V0_4
16352,16706,chills,-12.8952,1,PASS,35,,n_v,chill,FORM,,MASTER,0,1,0,hills,chill,,,2,0,0,ESDB_V0_4
16353,16707,chunks,-12.8952,1,PASS,35,,n,chunk,FORM,,MASTER,0,1,0,,chunk,,,1,0,0,ESDB_V0_4
16354,16708,cigars,-12.8952,1,PASS,35,,n,cigar,FORM,,MASTER,0,1,0,,cigar,,,1,0,0,ESDB_V0_4
16355,16709,cleavage,-12.8952,1,PASS,35,,n,cleavage,LEMMA,,MASTER,0,0,0,,,,,0,0,0,ESDB_V0_4
16356,16710,climatic,-12.8952,1,PASS,40,,aj,climatic,LEMMA,,MASTER,0,0,0,,,,,0,0,0,ESDB_V0_4
16357,16711,collaborating,-12.8952,1,PASS,35,,v,collaborate,FORM,,MASTER,0,0,0,,,,,0,0,0,ESDB_V0_4
16358,16712,colonists,-12.8952,1,PASS,40,,n,colonist,FORM,,MASTER,0,0,0,,,,,0,0,0,ESDB_V0_4
16359,16714,commonplace,-12.8952,1,PASS,35,,n;aj,commonplace,LEMMA,,MASTER,0,0,0,,,,,0,0,0,ESDB_V0_4
16360,16715,compiler,-12.8952,1,PASS,35,,n,compiler,LEMMA,,MASTER,0,1,0,,compile,,,1,0,0,ESDB_V0_4
16361,16716,conceive,-12.8952,1,PASS,35,,v,conceive,LEMMA,,MASTER,0,1,1,,,,conceived,0,1,1,ESDB_V0_4
16362,16717,contemplate,-12.8952,1,PASS,35,,v,contemplate,LEMMA,,MASTER,0,1,1,,,,contemplated,0,1,1,ESDB_V0_4
16363,16718,contrasting,-12.8952,1,PASS,35,,n_v;aj,contrast;contrasting,FORM;LEMMA,,MASTER,0,0,0,,,,,0,0,0,ESDB_V0_4
16364,16719,controversies,-12.8952,1,PASS,35,,n,controversy,FORM,,MASTER,0,0,0,,,,,0,0,0,ESDB_V0_4
16365,16720,crib,-12.8952,1,PASS,35,,n_v,crib,LEMMA,,MASTER,0,1,0,rib,,,,1,0,0,ESDB_V0_4
16366,16721,cubes,-12.8952,1,PASS,35,,n_v,cube,FORM,,MASTER,0,1,0,,cube,,,1,0,0,ESDB_V0_4
16367,16722,czechoslovakia,-12.8952,0,NOT_EXACT_EN_US,,,,,,,REJECTED_AUTO,0,0,0,,,,,0,0,0,ESDB_V0_4
16368,16723,deceive,-12.8952,1,PASS,35,,v,deceive,LEMMA,,MASTER,0,1,1,,,,deceived,0,1,1,ESDB_V0_4
16369,16724,declarations,-12.8952,1,PASS,35,,n,declaration,FORM,,MASTER,0,1,0,,declaration,,,1,0,0,ESDB_V0_4
16370,16725,decorate,-12.8952,1,PASS,35,,v,decorate,LEMMA,,MASTER,0,1,1,,,,decorated,0,1,1,ESDB_V0_4
16371,16726,densely,-12.8952,1,PASS,35,,av,densely,LEMMA,,MASTER,0,0,0,,,,,0,0,0,ESDB_V0_4
16372,16727,disconnect,-12.8952,1,PASS,35,,v,disconnect,LEMMA,,MASTER,0,0,0,,,,,0,0,0,ESDB_V0_4
16373,16728,dishonest,-12.8952,1,PASS,35,,aj,dishonest,LEMMA,,MASTER,0,0,0,,,,,0,0,0,ESDB_V0_4
16374,16729,disproportionate,-12.8952,1,PASS,35,,aj,disproportionate,LEMMA,,MASTER,0,0,0,,,,,0,0,0,ESDB_V0_4
16375,16730,dormant,-12.8952,1,PASS,35,,aj,dormant,LEMMA,,MASTER,0,0,0,,,,,0,0,0,ESDB_V0_4
16376,16731,dorsal,-12.8952,1,PASS,35,,aj,dorsal,LEMMA,,MASTER,0,0,0,,,,,0,0,0,ESDB_V0_4
16377,16732,duff,-12.8952,1,PASS,35,,n;a,duff,LEMMA,,MASTER,0,0,0,,,,,0,0,0,ESDB_V0_4
16378,16733,dusk,-12.8952,1,PASS,35,,n,dusk,LEMMA,,MASTER,0,0,0,,,,,0,0,0,ESDB_V0_4
16379,16734,dynamite,-12.8952,1,PASS,35,,n;v;a,dynamite,LEMMA,,MASTER,0,0,0,,,,,0,0,0,ESDB_V0_4
16380,16735,eagerly,-12.8952,1,PASS,35,,av,eagerly,LEMMA,,MASTER,0,0,0,,,,,0,0,0,ESDB_V0_4
16381,16736,educator,-12.8952,1,PASS,35,,n,educator,LEMMA,,MASTER,0,1,1,,,,educators,0,1,1,ESDB_V0_4
16382,16737,embarrass,-12.8952,1,PASS,35,,v,embarrass,LEMMA,,MASTER,0,0,0,,,,,0,0,0,ESDB_V0_4
16383,16738,empowering,-12.8952,1,PASS,35,,v,empower,FORM,,MASTER,0,0,0,,,,,0,0,0,ESDB_V0_4
16384,16740,enquiry,-12.8952,0,NOT_EXACT_EN_US,,,,,,,REJECTED_AUTO,0,0,0,,,,,0,0,0,ESDB_V0_4
16385,16741,esa,-12.8952,0,NOT_EXACT_EN_US,,,,,,,REJECTED_AUTO,0,0,0,,,,,0,0,0,ESDB_V0_4
16386,16742,escalated,-12.8952,1,PASS,35,,v,escalate,FORM,,MASTER,0,1,0,,escalate,,,1,0,0,ESDB_V0_4
16387,16743,exchanging,-12.8952,1,PASS,35,,n_v,exchange,FORM,,MASTER,0,0,0,,,,,0,0,0,ESDB_V0_4
16388,16744,exposes,-12.8952,1,PASS,35,,n_v,expose,FORM,,MASTER,0,1,0,,expose,,,1,0,0,ESDB_V0_4
16389,16745,fabrication,-12.8952,1,PASS,35,,n,fabrication,LEMMA,,MASTER,0,0,0,,,,,0,0,0,ESDB_V0_4
16390,16746,faire,-12.8952,0,NOT_EXACT_EN_US,,,,,,,REJECTED_AUTO,0,0,0,,,,,0,0,0,ESDB_V0_4
16391,16747,faking,-12.8952,1,PASS,35,,n_v,fake,FORM,,MASTER,0,0,0,,,,,0,0,0,ESDB_V0_4
16392,16748,fallon,-12.8952,0,NOT_EXACT_EN_US,,,,,,,REJECTED_AUTO,0,0,0,,,,,0,0,0,ESDB_V0_4
16393,16749,farmhouse,-12.8952,1,PASS,40,,n,farmhouse,LEMMA,,MASTER,0,0,0,,,,,0,0,0,ESDB_V0_4
16394,16750,farrell,-12.8952,0,NOT_EXACT_EN_US,,,,,,,REJECTED_AUTO,0,0,0,,,,,0,0,0,ESDB_V0_4
16395,16751,faux,-12.8952,1,PASS,60,,n;aj,faux,LEMMA,,MASTER,0,0,0,,,,,0,0,0,ESDB_V0_4
16396,16752,favours,-12.8952,0,NOT_EXACT_EN_US,,,,,,,REJECTED_AUTO,0,0,0,,,,,0,0,0,ESDB_V0_4
16397,16753,fencing,-12.8952,1,PASS,35,,n_v;n,fence;fencing,FORM;LEMMA,,MASTER,0,0,0,,,,,0,0,0,ESDB_V0_4
16398,16754,fiance,-12.8952,1,PASS,35,,n,fiance,LEMMA,,MASTER,0,1,1,,,,fiancee,0,1,0,ESDB_V0_4
16399,16755,fingerprint,-12.8952,1,PASS,35,,n_v,fingerprint,LEMMA,,MASTER,0,1,1,,,,fingerprints,0,1,1,ESDB_V0_4
16400,16756,flattering,-12.8952,1,PASS,35,,v;aj,flatter;flattering,FORM;LEMMA,,MASTER,0,0,0,,,,,0,0,0,ESDB_V0_4
16401,16757,flavours,-12.8952,0,NOT_EXACT_EN_US,,,,,,,REJECTED_AUTO,0,0,0,,,,,0,0,0,ESDB_V0_4
16402,16758,folds,-12.8952,1,PASS,35,,n_v,fold,FORM,,MASTER,0,1,0,,fold,,,1,0,0,ESDB_V0_4
16403,16759,fortnight,-12.8952,1,PASS,35,,n,fortnight,LEMMA,,MASTER,0,0,0,,,,,0,0,0,ESDB_V0_4
16404,16760,foxes,-12.8952,1,PASS,35,,n_v,fox,FORM,,MASTER,0,0,0,,,,,0,0,0,ESDB_V0_4
16405,16761,froze,-12.8952,1,PASS,35,,n_v,freeze,FORM,,MASTER,0,1,1,,,,frozen,0,1,0,ESDB_V0_4
16406,16762,frying,-12.8952,1,PASS,35,,v;n,fry;frying,FORM;LEMMA,,MASTER,0,0,0,,,,,0,0,0,ESDB_V0_4
16407,16763,futile,-12.8952,1,PASS,35,,aj,futile,LEMMA,,MASTER,0,0,0,,,,,0,0,0,ESDB_V0_4
16408,16764,fyi,-12.8952,0,NOT_EXACT_EN_US,,,,,,,REJECTED_AUTO,0,0,0,,,,,0,0,0,ESDB_V0_4
16409,16765,geese,-12.8952,1,PASS,35,,n,goose,FORM,,MASTER,0,0,0,,,,,0,0,0,ESDB_V0_4
16410,16766,gloss,-12.8952,1,PASS,35,,n_v,gloss,LEMMA,,MASTER,0,1,1,loss,,,glossy,1,1,0,ESDB_V0_4
16411,16767,graft,-12.8952,1,PASS,35,,n_v,graft,LEMMA,,MASTER,0,1,0,raft,,,,1,0,0,ESDB_V0_4
16412,16768,gwen,-12.8952,0,NOT_EXACT_EN_US,,,,,,,REJECTED_AUTO,0,0,0,,,,,0,0,0,ESDB_V0_4
16413,16769,handler,-12.8952,1,PASS,35,,n,handler,LEMMA,,MASTER,0,1,0,,handle,,,1,0,0,ESDB_V0_4
16414,16770,hauled,-12.8952,1,PASS,35,,n_v,haul,FORM,,MASTER,0,0,0,,,,,0,0,0,ESDB_V0_4
16415,16771,hipster,-12.8952,1,PASS,60,,n,hipster,LEMMA,,MASTER,0,0,0,,,,,0,0,0,ESDB_V0_4
16416,16772,hires,-12.8952,1,PASS,35,,n_v,hire,FORM,,MASTER,0,1,0,,hire,,,1,0,0,ESDB_V0_4
16417,16773,horribly,-12.8952,1,PASS,35,,av,horribly,LEMMA,,MASTER,0,0,0,,,,,0,0,0,ESDB_V0_4
16418,16774,horrified,-12.8952,1,PASS,35,,aj;v,horrified;horrify,LEMMA;FORM,,MASTER,0,0,0,,,,,0,0,0,ESDB_V0_4
16419,16775,huntington,-12.8952,0,NOT_EXACT_EN_US,,,,,,,REJECTED_AUTO,0,0,0,,,,,0,0,0,ESDB_V0_4
16420,16776,hypertension,-12.8952,1,PASS,35,,n,hypertension,LEMMA,,MASTER,0,0,0,,,,,0,0,0,ESDB_V0_4
16421,16777,identifiable,-12.8952,1,PASS,35,,aj,identifiable,LEMMA,,MASTER,0,0,0,,,,,0,0,0,ESDB_V0_4
16422,16778,ike,-12.8952,0,NOT_EXACT_EN_US,,,,,,,REJECTED_AUTO,0,0,0,,,,,0,0,0,ESDB_V0_4
16423,16779,illiterate,-12.8952,1,PASS,35,,n;aj,illiterate,LEMMA,,MASTER,0,0,0,,,,,0,0,0,ESDB_V0_4
16424,16780,impetus,-12.8952,1,PASS,35,,n,impetus,LEMMA,,MASTER,0,0,0,,,,,0,0,0,ESDB_V0_4
16425,16781,inducing,-12.8952,1,PASS,35,,v;n,induce;inducing,FORM;LEMMA,,MASTER,0,0,0,,,,,0,0,0,ESDB_V0_4
16426,16782,intervening,-12.8952,1,PASS,35,,v;aj,intervene;intervening,FORM;LEMMA,,MASTER,0,0,0,,,,,0,0,0,ESDB_V0_4
16427,16783,irritation,-12.8952,1,PASS,35,,n,irritation,LEMMA,,MASTER,0,0,0,,,,,0,0,0,ESDB_V0_4
16428,16784,ist,-12.8952,0,NOT_EXACT_EN_US,,,,,,,REJECTED_AUTO,0,0,0,,,,,0,0,0,ESDB_V0_4
16429,16785,jars,-12.8952,1,PASS,35,,n_v,jar,FORM,,MASTER,0,1,0,,jar,,,1,0,0,ESDB_V0_4
16430,16786,jesuit,-12.8952,0,NOT_EXACT_EN_US,,,,,,,REJECTED_AUTO,0,0,0,,,,,0,0,0,ESDB_V0_4
16431,16787,kristen,-12.8952,0,NOT_EXACT_EN_US,,,,,,,REJECTED_AUTO,0,0,0,,,,,0,0,0,ESDB_V0_4
16432,16788,ledger,-12.8952,1,PASS,35,,n,ledger,LEMMA,,MASTER,0,1,0,,ledge,,,1,0,0,ESDB_V0_4
16433,16789,leftist,-12.8952,1,PASS,50,,n;aj,leftist,LEMMA,,MASTER,0,0,0,,,,,0,0,0,ESDB_V0_4
16434,16790,lemonade,-12.8952,1,PASS,35,,n,lemonade,LEMMA,,MASTER,0,0,0,,,,,0,0,0,ESDB_V0_4
16435,16791,len,-12.8952,0,NOT_EXACT_EN_US,,,,,,,REJECTED_AUTO,0,0,0,,,,,0,0,0,ESDB_V0_4
16436,16792,lesions,-12.8952,1,PASS,35,,n,lesion,FORM,,MASTER,0,0,0,,,,,0,0,0,ESDB_V0_4
16437,16793,liars,-12.8952,1,PASS,35,,n,liar,FORM,,MASTER,0,1,0,,liar,,,1,0,0,ESDB_V0_4
16438,16794,lingerie,-12.8952,1,PASS,35,,n,lingerie,LEMMA,,MASTER,0,0,0,,,,,0,0,0,ESDB_V0_4
16439,16795,lowell,-12.8952,0,NOT_EXACT_EN_US,,,,,,,REJECTED_AUTO,0,0,0,,,,,0,0,0,ESDB_V0_4
16440,16796,lulu,-12.8952,0,CASE_FREQ_COLLISION,60,50,n,lulu,LEMMA,,REJECTED_AUTO,0,0,0,,,,,0,0,0,ESDB_V0_4
16441,16797,mania,-12.8952,1,PASS,35,,n,mania,LEMMA,,MASTER,0,0,0,,,,,0,0,0,ESDB_V0_4
16442,16798,mantra,-12.8952,1,PASS,40,,n,mantra,LEMMA,,MASTER,0,0,0,,,,,0,0,0,ESDB_V0_4
16443,16799,marxism,-12.8952,0,NOT_EXACT_EN_US,,,,,,,REJECTED_AUTO,0,0,0,,,,,0,0,0,ESDB_V0_4
16444,16800,measles,-12.8952,1,PASS,35,,n,measles,LEMMA,,MASTER,0,0,0,,,,,0,0,0,ESDB_V0_4
16445,16801,mei,-12.8952,0,NOT_EXACT_EN_US,,,,,,,REJECTED_AUTO,0,0,0,,,,,0,0,0,ESDB_V0_4
16446,16802,midday,-12.8952,1,PASS,35,,n;a,midday,LEMMA,,MASTER,0,0,0,,,,,0,0,0,ESDB_V0_4
16447,16803,mikey,-12.8952,0,NOT_EXACT_EN_US,,,,,,,REJECTED_AUTO,0,0,0,,,,,0,0,0,ESDB_V0_4
16448,16804,mildly,-12.8952,1,PASS,35,,av,mildly,LEMMA,,MASTER,0,0,0,,,,,0,0,0,ESDB_V0_4
16449,16805,mindful,-12.8952,1,PASS,35,,aj,mindful,LEMMA,,MASTER,0,0,0,,,,,0,0,0,ESDB_V0_4
16450,16806,motorola,-12.8952,0,NOT_EXACT_EN_US,,,,,,,REJECTED_AUTO,0,0,0,,,,,0,0,0,ESDB_V0_4
16451,16807,multicultural,-12.8952,1,PASS,40,,aj,multicultural,LEMMA,,MASTER,0,0,0,,,,,0,0,0,ESDB_V0_4
16452,16808,muster,-12.8952,1,PASS,35,,n_v,muster,LEMMA,,MASTER,0,0,0,,,,,0,0,0,ESDB_V0_4
16453,16809,narrowed,-12.8952,1,PASS,35,,n_v;aj,narrow;narrowed,FORM;LEMMA,,MASTER,0,0,0,,,,,0,0,0,ESDB_V0_4
16454,16810,neymar,-12.8952,0,NOT_EXACT_EN_US,,,,,,,REJECTED_AUTO,0,0,0,,,,,0,0,0,ESDB_V0_4
16455,16811,northampton,-12.8952,0,NOT_EXACT_EN_US,,,,,,,REJECTED_AUTO,0,0,0,,,,,0,0,0,ESDB_V0_4
16456,16812,obsessive,-12.8952,1,PASS,35,,n;aj,obsessive,LEMMA,,MASTER,0,0,0,,,,,0,0,0,ESDB_V0_4
16457,16814,overseeing,-12.8952,1,PASS,35,,v,oversee,FORM,,MASTER,0,0,0,,,,,0,0,0,ESDB_V0_4
16458,16815,owls,-12.8952,1,PASS,35,,n,owl,FORM,,MASTER,0,1,1,,owl,bowls,,1,1,0,ESDB_V0_4
16459,16816,paw,-12.8952,1,PASS,35,,n_v,paw,LEMMA,,MASTER,0,1,1,aw,pa,,pawn;paws,2,2,1,ESDB_V0_4
16460,16817,pedestrians,-12.8952,1,PASS,35,,n,pedestrian,FORM,,MASTER,0,1,0,,pedestrian,,,1,0,0,ESDB_V0_4
16461,16818,permissible,-12.8952,1,PASS,35,,aj,permissible,LEMMA,,MASTER,0,0,0,,,,,0,0,0,ESDB_V0_4
16462,16819,postcard,-12.8952,1,PASS,35,,n,postcard,LEMMA,,MASTER,0,1,1,,,,postcards,0,1,1,ESDB_V0_4
16463,16820,postwar,-12.8952,1,PASS,40,,aj,postwar,LEMMA,,MASTER,0,0,0,,,,,0,0,0,ESDB_V0_4
16464,16821,precarious,-12.8952,1,PASS,35,,aj,precarious,LEMMA,,MASTER,0,0,0,,,,,0,0,0,ESDB_V0_4
16465,16822,prima,-12.8952,0,NOT_EXACT_EN_US,,,,,,,REJECTED_AUTO,0,0,0,,,,,0,0,0,ESDB_V0_4
16466,16823,professionalism,-12.8952,1,PASS,40,,n,professionalism,LEMMA,,MASTER,0,0,0,,,,,0,0,0,ESDB_V0_4
16467,16824,prohibiting,-12.8952,1,PASS,35,,v,prohibit,FORM,,MASTER,0,0,0,,,,,0,0,0,ESDB_V0_4
16468,16825,prominently,-12.8952,1,PASS,35,,av,prominently,LEMMA,,MASTER,0,0,0,,,,,0,0,0,ESDB_V0_4
16469,16826,promoters,-12.8952,1,PASS,40,,n,promoter,FORM,,MASTER,0,1,0,,promoter,,,1,0,0,ESDB_V0_4
16470,16827,prompting,-12.8952,1,PASS,35,,n_v;n,prompt;prompting,FORM;LEMMA,,MASTER,0,0,0,,,,,0,0,0,ESDB_V0_4
16471,16828,protestants,-12.8952,0,NO_ESDB_GENERAL_EVIDENCE,,,,,,,REJECTED_AUTO,0,0,0,,,,,0,0,0,ESDB_V0_4
16472,16829,punishments,-12.8952,1,PASS,35,,n,punishment,FORM,,MASTER,0,1,0,,punishment,,,1,0,0,ESDB_V0_4
16473,16830,qu,-12.8952,0,NOT_EXACT_EN_US,,,,,,,REJECTED_AUTO,0,0,0,,,,,0,0,0,ESDB_V0_4
16474,16831,racer,-12.8952,1,PASS,35,,n,racer,LEMMA,,MASTER,0,1,0,,race,,,1,0,0,ESDB_V0_4
16475,16832,rappers,-12.8952,1,PASS,50,,n,rapper,FORM,,MASTER,0,1,0,,rapper,,,1,0,0,ESDB_V0_4
16476,16833,reasoned,-12.8952,1,PASS,35,,n_v;aj,reason;reasoned,FORM;LEMMA,,MASTER,0,0,0,,,,,0,0,0,ESDB_V0_4
16477,16834,rebirth,-12.8952,1,PASS,35,,n,rebirth,LEMMA,,MASTER,0,0,0,,,,,0,0,0,ESDB_V0_4
16478,16835,registrar,-12.8952,1,PASS,35,,n,registrar,LEMMA,,MASTER,0,0,0,,,,,0,0,0,ESDB_V0_4
16479,16836,renal,-12.8952,1,PASS,50,,aj,renal,LEMMA,,MASTER,0,0,0,,,,,0,0,0,ESDB_V0_4
16480,16837,reps,-12.8952,1,PASS,40,,n,rep,FORM,,MASTER,0,0,0,,,,,0,0,0,ESDB_V0_4
16481,16838,reservoirs,-12.8952,1,PASS,35,,n,reservoir,FORM,,MASTER,0,1,0,,reservoir,,,1,0,0,ESDB_V0_4
16482,16839,residues,-12.8952,1,PASS,35,,n,residue,FORM,,MASTER,0,1,0,,residue,,,1,0,0,ESDB_V0_4
16483,16840,retard,-12.8952,1,PASS,35,,n_v,retard,LEMMA,,MASTER,0,0,0,,,,,0,0,0,ESDB_V0_4
16484,16841,revolving,-12.8952,1,PASS,35,,v;n,revolve;revolving,FORM;LEMMA,,MASTER,0,1,0,evolving,,,,1,0,0,ESDB_V0_4
16485,16842,rihanna,-12.8952,0,NOT_EXACT_EN_US,,,,,,,REJECTED_AUTO,0,0,0,,,,,0,0,0,ESDB_V0_4
16486,16843,robber,-12.8952,1,PASS,35,,n,robber,LEMMA,,MASTER,0,1,1,,,,robbery;robbers,0,2,1,ESDB_V0_4
16487,16844,rossi,-12.8952,0,NOT_EXACT_EN_US,,,,,,,REJECTED_AUTO,0,0,0,,,,,0,0,0,ESDB_V0_4
16488,16845,rumour,-12.8952,0,NOT_EXACT_EN_US,,,,,,,REJECTED_AUTO,0,0,0,,,,,0,0,0,ESDB_V0_4
16489,16846,rustic,-12.8952,1,PASS,35,,n;aj,rustic,LEMMA,,MASTER,0,0,0,,,,,0,0,0,ESDB_V0_4
16490,16847,sal,-12.8952,0,NOT_EXACT_EN_US,,,,,,,REJECTED_AUTO,0,0,0,,,,,0,0,0,ESDB_V0_4
16491,16848,sentinel,-12.8952,1,PASS,50,,n,sentinel,LEMMA,,MASTER,0,0,0,,,,,0,0,0,ESDB_V0_4
16492,16849,shepard,-12.8952,0,NOT_EXACT_EN_US,,,,,,,REJECTED_AUTO,0,0,0,,,,,0,0,0,ESDB_V0_4
16493,16850,shoved,-12.8952,1,PASS,35,,n_v,shove,FORM,,MASTER,0,1,0,,shove,,,1,0,0,ESDB_V0_4
16494,16851,showdown,-12.8952,1,PASS,35,,n,showdown,LEMMA,,MASTER,0,0,0,,,,,0,0,0,ESDB_V0_4
16495,16852,skulls,-12.8952,1,PASS,35,,n,skull,FORM,,MASTER,0,1,0,,skull,,,1,0,0,ESDB_V0_4
16496,16853,smiley,-12.8952,1,PASS,50,,n,smiley,LEMMA,,MASTER,0,1,0,,smile,,,1,0,0,ESDB_V0_4
16497,16854,solids,-12.8952,1,PASS,35,,n,solid,FORM,,MASTER,0,1,0,,solid,,,1,0,0,ESDB_V0_4
16498,16855,soothing,-12.8952,1,PASS,35,,v;aj,soothe;soothing,FORM;LEMMA,,MASTER,0,0,0,,,,,0,0,0,ESDB_V0_4
16499,16856,sos,-12.8952,0,NOT_EXACT_EN_US,,,,,,,REJECTED_AUTO,0,0,0,,,,,0,0,0,ESDB_V0_4
16500,16857,sprayed,-12.8952,1,PASS,35,,n_v,spray,FORM,,MASTER,0,1,0,prayed,,,,1,0,0,ESDB_V0_4
16501,16858,sprung,-12.8952,1,PASS,35,,n_v,spring,FORM,,MASTER,0,0,0,,,,,0,0,0,ESDB_V0_4
16502,16859,stabilization,-12.8952,1,PASS,50,,n,stabilization,LEMMA,,MASTER,0,0,0,,,,,0,0,0,ESDB_V0_4
16503,16860,staggering,-12.8952,1,PASS,35,,n_v;aj,stagger;staggering,FORM;LEMMA,,MASTER,0,0,0,,,,,0,0,0,ESDB_V0_4
16504,16861,starboard,-12.8952,1,PASS,35,,n;aj,starboard,LEMMA,,MASTER,0,0,0,,,,,0,0,0,ESDB_V0_4
16505,16862,stump,-12.8952,1,PASS,35,,n_v,stump,LEMMA,,MASTER,0,0,0,,,,,0,0,0,ESDB_V0_4
16506,16863,subsidized,-12.8952,1,PASS,35,,v;aj,subsidize;subsidized,FORM;LEMMA,,MASTER,0,0,0,,,,,0,0,0,ESDB_V0_4
16507,16865,supplemental,-12.8952,1,PASS,40,,aj,supplemental,LEMMA,,MASTER,0,0,0,,,,,0,0,0,ESDB_V0_4
16508,16866,surfaced,-12.8952,1,PASS,35,,n_v,surface,FORM,,MASTER,0,1,0,,surface,,,1,0,0,ESDB_V0_4
16509,16867,surgeries,-12.8952,1,PASS,35,,n,surgery,FORM,,MASTER,0,0,0,,,,,0,0,0,ESDB_V0_4
16510,16868,swine,-12.8952,1,PASS,35,,n,swine,LEMMA;FORM,,MASTER,0,1,0,wine,,,,1,0,0,ESDB_V0_4
16511,16869,takeoff,-12.8952,1,PASS,35,,n,takeoff,LEMMA,,MASTER,0,0,0,,,,,0,0,0,ESDB_V0_4
16512,16870,tenor,-12.8952,1,PASS,35,,n;aj,tenor,LEMMA,,MASTER,0,0,0,,,,,0,0,0,ESDB_V0_4
16513,16871,ter,-12.8952,0,NOT_EXACT_EN_US,,,,,,,REJECTED_AUTO,0,0,0,,,,,0,0,0,ESDB_V0_4
16514,16872,thirteenth,-12.8952,1,PASS,35,,n,thirteenth,LEMMA,,MASTER,0,0,0,,,,,0,0,0,ESDB_V0_4
16515,16873,topical,-12.8952,1,PASS,35,,aj,topical,LEMMA,,MASTER,0,0,0,,,,,0,0,0,ESDB_V0_4
16516,16874,trapping,-12.8952,1,PASS,35,,n_v;n,trap;trapping,FORM;LEMMA,,MASTER,0,0,0,,,,,0,0,0,ESDB_V0_4
16517,16875,triangular,-12.8952,1,PASS,35,,aj,triangular,LEMMA,,MASTER,0,0,0,,,,,0,0,0,ESDB_V0_4
16518,16876,trojan,-12.8952,0,NOT_EXACT_EN_US,,,,,,,REJECTED_AUTO,0,0,0,,,,,0,0,0,ESDB_V0_4
16519,16877,trolls,-12.8952,1,PASS,35,,n_v,troll,FORM,,MASTER,0,1,0,rolls,troll,,,2,0,0,ESDB_V0_4
16520,16878,twain,-12.8952,0,CASE_FREQ_COLLISION,50,50,n;a,twain,LEMMA,,REJECTED_AUTO,0,0,0,,,,,0,0,0,ESDB_V0_4
16521,16879,twists,-12.8952,1,PASS,35,,n_v,twist,FORM,,MASTER,0,1,0,,twist,,,1,0,0,ESDB_V0_4
16522,16880,underage,-12.8952,1,PASS,40,,aj,underage,LEMMA,,MASTER,0,0,0,,,,,0,0,0,ESDB_V0_4
16523,16882,unnecessarily,-12.8952,1,PASS,35,,av,unnecessarily,LEMMA,,MASTER,0,0,0,,,,,0,0,0,ESDB_V0_4
16524,16883,uss,-12.8952,0,NOT_EXACT_EN_US,,,,,,,REJECTED_AUTO,0,0,0,,,,,0,0,0,ESDB_V0_4
16525,16884,vectors,-12.8952,1,PASS,35,,n;v,vector,FORM,,MASTER,0,1,0,,vector,,,1,0,0,ESDB_V0_4
16526,16885,viva,-12.8952,1,PASS,50,,n;i,viva,LEMMA,,MASTER,0,0,0,,,,,0,0,0,ESDB_V0_4
16527,16886,walled,-12.8952,1,PASS,35,,n_v,wall,FORM,,MASTER,0,0,0,,,,,0,0,0,ESDB_V0_4
16528,16887,walnut,-12.8952,1,PASS,35,,n,walnut,LEMMA,,MASTER,0,0,0,,,,,0,0,0,ESDB_V0_4
16529,16888,walters,-12.8952,0,NOT_EXACT_EN_US,,,,,,,REJECTED_AUTO,0,0,0,,,,,0,0,0,ESDB_V0_4
16530,16889,wand,-12.8952,1,PASS,35,,n,wand,LEMMA,,MASTER,0,1,0,and,wan,,,2,0,0,ESDB_V0_4
16531,16890,waterproof,-12.8952,1,PASS,35,,n_v;aj,waterproof,LEMMA,,MASTER,0,0,0,,,,,0,0,0,ESDB_V0_4
16532,16891,winged,-12.8952,1,PASS,35,,n_v;aj,wing;winged,FORM;LEMMA,,MASTER,0,0,0,,,,,0,0,0,ESDB_V0_4
16533,16892,woes,-12.8952,1,PASS,35,,n,woe,FORM,,MASTER,0,1,0,,woe,,,1,0,0,ESDB_V0_4
16534,16893,workings,-12.8952,1,PASS,35,,n,working;workings,FORM;LEMMA,,MASTER,0,1,0,,working,,,1,0,0,ESDB_V0_4
16535,16894,wrestle,-12.8952,1,PASS,35,,n_v,wrestle,LEMMA,,MASTER,0,1,1,,,,wrestler,0,1,0,ESDB_V0_4
16536,16895,wrists,-12.8952,1,PASS,35,,n,wrist,FORM,,MASTER,0,1,0,,wrist,,,1,0,0,ESDB_V0_4
16537,16897,yummy,-12.8952,1,PASS,40,,aj,yummy,LEMMA,,MASTER,0,0,0,,,,,0,0,0,ESDB_V0_4
16538,16901,adhd,-12.9194,0,NOT_EXACT_EN_US,,,,,,,REJECTED_AUTO,0,0,0,,,,,0,0,0,ESDB_V0_4
16539,16902,ammo,-12.9194,1,PASS,40,,n,ammo,LEMMA,,MASTER,0,0,0,,,,,0,0,0,ESDB_V0_4
16540,16903,anguish,-12.9194,1,PASS,35,,n;v,anguish,LEMMA,,MASTER,0,0,0,,,,,0,0,0,ESDB_V0_4
16541,16904,anticipating,-12.9194,1,PASS,35,,v,anticipate,FORM,,MASTER,0,0,0,,,,,0,0,0,ESDB_V0_4
16542,16905,antony,-12.9194,0,NOT_EXACT_EN_US,,,,,,,REJECTED_AUTO,0,0,0,,,,,0,0,0,ESDB_V0_4
16543,16906,attribution,-12.9194,1,PASS,35,,n,attribution,LEMMA,,MASTER,0,0,0,,,,,0,0,0,ESDB_V0_4
16544,16907,auctions,-12.9194,1,PASS,35,,n_v,auction,FORM,,MASTER,0,1,0,,auction,,,1,0,0,ESDB_V0_4
16545,16908,awfully,-12.9194,1,PASS,35,,av,awfully,LEMMA,,MASTER,0,0,0,,,,,0,0,0,ESDB_V0_4
16546,16909,axle,-12.9194,1,PASS,35,,n,axle,LEMMA,,MASTER,0,0,0,,,,,0,0,0,ESDB_V0_4
16547,16910,bandit,-12.9194,1,PASS,35,,n,bandit,LEMMA,,MASTER,0,1,1,,,,bandits,0,1,1,ESDB_V0_4
16548,16911,barefoot,-12.9194,1,PASS,35,,aj_av,barefoot,LEMMA,,MASTER,0,0,0,,,,,0,0,0,ESDB_V0_4
16549,16912,bays,-12.9194,1,PASS,35,,n_v,bay,FORM,,MASTER,0,1,0,,bay,,,1,0,0,ESDB_V0_4
16550,16913,behavioural,-12.9194,0,NOT_EXACT_EN_US,,,,,,,REJECTED_AUTO,0,0,0,,,,,0,0,0,ESDB_V0_4
16551,16914,bender,-12.9194,1,PASS,35,50,n,bender,LEMMA,,MASTER,0,0,0,,,,,0,0,0,ESDB_V0_4
16552,16915,biographical,-12.9194,1,PASS,35,,aj,biographical,LEMMA,,MASTER,0,0,0,,,,,0,0,0,ESDB_V0_4
16553,16916,biomedical,-12.9194,0,SPECIAL_ONLY,50,,aj,biomedical,LEMMA,,REJECTED_AUTO,0,0,0,,,,,0,0,0,ESDB_V0_4
16554,16917,bodied,-12.9194,1,PASS,60,,aj,bodied,LEMMA,,MASTER,0,0,0,,,,,0,0,0,ESDB_V0_4
16555,16918,bohemian,-12.9194,1,PASS,40,50,n;aj,bohemian,LEMMA,,MASTER,0,0,0,,,,,0,0,0,ESDB_V0_4
16556,16919,boon,-12.9194,1,PASS,35,,n;aj,boon,LEMMA,,MASTER,0,1,0,,boo,,,1,0,0,ESDB_V0_4
16557,16920,bowman,-12.9194,0,CASE_FREQ_COLLISION,50,50,n,bowman,LEMMA,,REJECTED_AUTO,0,0,0,,,,,0,0,0,ESDB_V0_4
16558,16921,brag,-12.9194,1,PASS,35,,n_v,brag,LEMMA,,MASTER,0,1,0,rag,bra,,,2,0,0,ESDB_V0_4
16559,16922,bras,-12.9194,1,PASS,35,,n,bra,FORM,,MASTER,0,1,1,,bra,,brass,1,1,0,ESDB_V0_4
16560,16923,breeders,-12.9194,1,PASS,35,,n,breeder,FORM,,MASTER,0,1,0,,breeder,,,1,0,0,ESDB_V0_4
16561,16924,brewers,-12.9194,1,PASS,40,,n,brewer,FORM,,MASTER,0,1,0,,brewer,,,1,0,0,ESDB_V0_4
16562,16925,broccoli,-12.9194,1,PASS,35,,n,broccoli,LEMMA,,MASTER,0,0,0,,,,,0,0,0,ESDB_V0_4
16563,16926,buckle,-12.9194,1,PASS,35,,n_v,buckle,LEMMA,,MASTER,0,0,0,,,,,0,0,0,ESDB_V0_4
16564,16927,bullies,-12.9194,1,PASS,35,,n_v,bully,FORM,,MASTER,0,0,0,,,,,0,0,0,ESDB_V0_4
16565,16928,bullock,-12.9194,0,CASE_FREQ_COLLISION,50,50,n,bullock,LEMMA,,REJECTED_AUTO,0,0,0,,,,,0,0,0,ESDB_V0_4
16566,16929,burkina,-12.9194,0,NOT_EXACT_EN_US,,,,,,,REJECTED_AUTO,0,0,0,,,,,0,0,0,ESDB_V0_4
16567,16930,burt,-12.9194,0,NOT_EXACT_EN_US,,,,,,,REJECTED_AUTO,0,0,0,,,,,0,0,0,ESDB_V0_4
16568,16931,cages,-12.9194,1,PASS,35,,n_v,cage,FORM,,MASTER,0,1,0,ages,cage,,,2,0,0,ESDB_V0_4
16569,16932,carriages,-12.9194,1,PASS,35,,n,carriage,FORM,,MASTER,0,1,0,,carriage,,,1,0,0,ESDB_V0_4
16570,16933,catchy,-12.9194,1,PASS,35,,aj,catchy,LEMMA,,MASTER,0,1,0,,catch,,,1,0,0,ESDB_V0_4
16571,16934,ceasefire,-12.9194,1,PASS,35,,n,ceasefire,LEMMA,,MASTER,0,0,0,,,,,0,0,0,ESDB_V0_4
16572,16935,ceases,-12.9194,1,PASS,35,,v,cease,FORM,,MASTER,0,1,0,,cease,,,1,0,0,ESDB_V0_4
16573,16936,chung,-12.9194,0,NOT_EXACT_EN_US,,,,,,,REJECTED_AUTO,0,0,0,,,,,0,0,0,ESDB_V0_4
16574,16937,cleaners,-12.9194,1,PASS,35,,n,cleaner,FORM,,MASTER,0,1,0,,cleaner,,,1,0,0,ESDB_V0_4
16575,16938,coils,-12.9194,1,PASS,35,,n_v,coil,FORM,,MASTER,0,1,0,oils,coil,,,2,0,0,ESDB_V0_4
16576,16939,comfy,-12.9194,1,PASS,40,,aj,comfy,LEMMA,,MASTER,0,0,0,,,,,0,0,0,ESDB_V0_4
16577,16940,compounded,-12.9194,1,PASS,35,,n_v;aj,compound;compounded,FORM;LEMMA,,MASTER,0,0,0,,,,,0,0,0,ESDB_V0_4
16578,16941,condensed,-12.9194,1,PASS,35,,v,condense,FORM,,MASTER,0,0,0,,,,,0,0,0,ESDB_V0_4
16579,16942,conspicuous,-12.9194,1,PASS,35,,aj,conspicuous,LEMMA,,MASTER,0,0,0,,,,,0,0,0,ESDB_V0_4
16580,16943,constructions,-12.9194,1,PASS,35,,n,construction,FORM,,MASTER,0,1,0,,construction,,,1,0,0,ESDB_V0_4
16581,16944,contra,-12.9194,1,PASS,60,,n,contra,LEMMA,,MASTER,0,0,0,,,,,0,0,0,ESDB_V0_4
16582,16945,cooperating,-12.9194,1,PASS,35,,v,cooperate,FORM,,MASTER,0,0,0,,,,,0,0,0,ESDB_V0_4
16583,16946,cores,-12.9194,1,PASS,35,,n_v,core,FORM,,MASTER,0,1,1,,core,scores,,1,1,0,ESDB_V0_4
16584,16947,cornerstone,-12.9194,1,PASS,40,,n,cornerstone,LEMMA,,MASTER,0,0,0,,,,,0,0,0,ESDB_V0_4
16585,16948,couldnt,-12.9194,0,NOT_EXACT_EN_US,,,,,,,REJECTED_AUTO,0,0,0,,,,,0,0,0,ESDB_V0_4
16586,16949,counterfeit,-12.9194,1,PASS,35,,n_v;aj,counterfeit,LEMMA,,MASTER,0,0,0,,,,,0,0,0,ESDB_V0_4
16587,16950,crabs,-12.9194,1,PASS,35,,n_v,crab,FORM,,MASTER,0,1,0,,crab,,,1,0,0,ESDB_V0_4
16588,16951,creamy,-12.9194,1,PASS,35,,aj,creamy,LEMMA,,MASTER,0,1,0,,cream,,,1,0,0,ESDB_V0_4
16589,16952,creeps,-12.9194,1,PASS,35,,n_v,creep,FORM,,MASTER,0,1,0,,creep,,,1,0,0,ESDB_V0_4
16590,16953,cutler,-12.9194,1,PASS,60,,n,cutler,LEMMA,,MASTER,0,0,0,,,,,0,0,0,ESDB_V0_4
16591,16954,dani,-12.9194,0,NOT_EXACT_EN_US,,,,,,,REJECTED_AUTO,0,0,0,,,,,0,0,0,ESDB_V0_4
16592,16955,darts,-12.9194,1,PASS,35,,n_v,dart,FORM,,MASTER,0,1,0,arts,dart,,,2,0,0,ESDB_V0_4
16593,16956,dea,-12.9194,0,NOT_EXACT_EN_US,,,,,,,REJECTED_AUTO,0,0,0,,,,,0,0,0,ESDB_V0_4
16594,16957,degrading,-12.9194,1,PASS,35,,v;aj,degrade;degrading,FORM;LEMMA,,MASTER,0,0,0,,,,,0,0,0,ESDB_V0_4
16595,16958,denim,-12.9194,1,PASS,35,,n,denim,LEMMA,,MASTER,0,0,0,,,,,0,0,0,ESDB_V0_4
16596,16959,departmental,-12.9194,1,PASS,35,,aj,departmental,LEMMA,,MASTER,0,0,0,,,,,0,0,0,ESDB_V0_4
16597,16960,diagrams,-12.9194,1,PASS,35,,n_v,diagram,FORM,,MASTER,0,1,0,,diagram,,,1,0,0,ESDB_V0_4
16598,16961,disable,-12.9194,1,PASS,35,,v,disable,LEMMA,,MASTER,0,1,1,,,,disabled,0,1,1,ESDB_V0_4
16599,16962,disruptive,-12.9194,1,PASS,35,,aj,disruptive,LEMMA,,MASTER,0,0,0,,,,,0,0,0,ESDB_V0_4
16600,16963,diver,-12.9194,1,PASS,35,,n,diver,LEMMA,,MASTER,0,1,1,,dive,,divers;divert,1,2,1,ESDB_V0_4
16601,16964,dorset,-12.9194,0,NOT_EXACT_EN_US,,,,,,,REJECTED_AUTO,0,0,0,,,,,0,0,0,ESDB_V0_4
16602,16965,dortmund,-12.9194,0,NOT_EXACT_EN_US,,,,,,,REJECTED_AUTO,0,0,0,,,,,0,0,0,ESDB_V0_4
16603,16966,dues,-12.9194,1,PASS,35,,n,due,FORM,,MASTER,0,1,0,,due,,,1,0,0,ESDB_V0_4
16604,16967,duet,-12.9194,1,PASS,35,,n,duet,LEMMA,,MASTER,0,1,0,,due,,,1,0,0,ESDB_V0_4
16605,16968,durability,-12.9194,1,PASS,35,,n,durability,LEMMA,,MASTER,0,0,0,,,,,0,0,0,ESDB_V0_4
16606,16969,electors,-12.9194,1,PASS,35,,n,elector,FORM,,MASTER,0,1,0,,elector,,,1,0,0,ESDB_V0_4
16607,16970,encoding,-12.9194,1,PASS,35,,v;n,encode;encoding,FORM;LEMMA,,MASTER,0,0,0,,,,,0,0,0,ESDB_V0_4
16608,16971,enthusiast,-12.9194,1,PASS,35,,n,enthusiast,LEMMA,,MASTER,0,1,1,,,,enthusiasts,0,1,1,ESDB_V0_4
16609,16972,entrenched,-12.9194,1,PASS,35,,v;aj,entrench;entrenched,FORM;LEMMA,,MASTER,0,0,0,,,,,0,0,0,ESDB_V0_4
16610,16973,envisioned,-12.9194,1,PASS,40,,v,envision,FORM,,MASTER,0,0,0,,,,,0,0,0,ESDB_V0_4
16611,16974,erica,-12.9194,0,NOT_EXACT_EN_US,,,,,,,REJECTED_AUTO,0,0,0,,,,,0,0,0,ESDB_V0_4
16612,16975,erupted,-12.9194,1,PASS,35,,v,erupt,FORM,,MASTER,0,0,0,,,,,0,0,0,ESDB_V0_4
16613,16976,etiquette,-12.9194,1,PASS,35,,n,etiquette,LEMMA,,MASTER,0,0,0,,,,,0,0,0,ESDB_V0_4
16614,16978,existential,-12.9194,1,PASS,35,,aj,existential,LEMMA,,MASTER,0,0,0,,,,,0,0,0,ESDB_V0_4
16615,16979,extradition,-12.9194,1,PASS,35,,n,extradition,LEMMA,,MASTER,0,0,0,,,,,0,0,0,ESDB_V0_4
16616,16980,federally,-12.9194,1,PASS,50,,av,federally,LEMMA,,MASTER,0,0,0,,,,,0,0,0,ESDB_V0_4
16617,16981,fermentation,-12.9194,1,PASS,35,,n,fermentation,LEMMA,,MASTER,0,0,0,,,,,0,0,0,ESDB_V0_4
16618,16982,flakes,-12.9194,1,PASS,35,,n_v,flake,FORM,,MASTER,0,1,0,lakes,,,,1,0,0,ESDB_V0_4
16619,16983,flea,-12.9194,1,PASS,35,,n,flea,LEMMA,,MASTER,0,0,0,,,,,0,0,0,ESDB_V0_4
16620,16984,forgets,-12.9194,1,PASS,35,,v,forget,FORM,,MASTER,0,1,0,,forget,,,1,0,0,ESDB_V0_4
16621,16985,fragmented,-12.9194,1,PASS,35,,n_v;aj,fragment;fragmented,FORM;LEMMA,,MASTER,0,0,0,,,,,0,0,0,ESDB_V0_4
16622,16986,franchises,-12.9194,1,PASS,35,,n_v,franchise,FORM,,MASTER,0,1,0,,franchise,,,1,0,0,ESDB_V0_4
16623,16987,freakin,-12.9194,0,NOT_EXACT_EN_US,,,,,,,REJECTED_AUTO,0,0,0,,,,,0,0,0,ESDB_V0_4
16624,16988,fridays,-12.9194,0,NOT_EXACT_EN_US,,,,,,,REJECTED_AUTO,0,0,0,,,,,0,0,0,ESDB_V0_4
16625,16989,funnel,-12.9194,1,PASS,35,,n_v,funnel,LEMMA,,MASTER,0,0,0,,,,,0,0,0,ESDB_V0_4
16626,16990,gasp,-12.9194,1,PASS,35,,n_v,gasp,LEMMA,,MASTER,0,1,0,,gas,,,1,0,0,ESDB_V0_4
16627,16991,geographically,-12.9194,1,PASS,35,,av,geographically,LEMMA,,MASTER,0,0,0,,,,,0,0,0,ESDB_V0_4
16628,16992,gibraltar,-12.9194,0,NOT_EXACT_EN_US,,,,,,,REJECTED_AUTO,0,0,0,,,,,0,0,0,ESDB_V0_4
16629,16993,glaciers,-12.9194,1,PASS,35,,n,glacier,FORM,,MASTER,0,1,0,,glacier,,,1,0,0,ESDB_V0_4
16630,16994,goo,-12.9194,1,PASS,35,,n,goo,LEMMA,,MASTER,0,1,1,,go,,good,1,1,0,ESDB_V0_4
16631,16995,gourmet,-12.9194,1,PASS,35,,n;a,gourmet,LEMMA,,MASTER,0,0,0,,,,,0,0,0,ESDB_V0_4
16632,16996,gu,-12.9194,0,NOT_EXACT_EN_US,,,,,,,REJECTED_AUTO,0,0,0,,,,,0,0,0,ESDB_V0_4
16633,16997,hampered,-12.9194,1,PASS,35,,n_v,hamper,FORM,,MASTER,0,0,0,,,,,0,0,0,ESDB_V0_4
16634,16998,haram,-12.9194,0,NOT_EXACT_EN_US,,,,,,,REJECTED_AUTO,0,0,0,,,,,0,0,0,ESDB_V0_4
16635,16999,helper,-12.9194,1,PASS,35,,n,helper,LEMMA,,MASTER,0,0,0,,,,,0,0,0,ESDB_V0_4
16636,17000,highschool,-12.9194,0,NOT_EXACT_EN_US,,,,,,,REJECTED_AUTO,0,0,0,,,,,0,0,0,ESDB_V0_4
16637,17001,hopper,-12.9194,1,PASS,35,50,n,hopper,LEMMA,,MASTER,0,1,1,,,chopper,,0,1,0,ESDB_V0_4
16638,17002,hopping,-12.9194,1,PASS,35,,n_v;n,hop;hopping,FORM;LEMMA,,MASTER,0,1,1,,,shopping;chopping,,0,2,0,ESDB_V0_4
16639,17003,hyped,-12.9194,1,PASS,40,,v,hype,FORM,,MASTER,0,1,0,,hype,,,1,0,0,ESDB_V0_4
16640,17004,igor,-12.9194,0,NOT_EXACT_EN_US,,,,,,,REJECTED_AUTO,0,0,0,,,,,0,0,0,ESDB_V0_4
16641,17005,improvised,-12.9194,1,PASS,35,,v;aj,improvise;improvised,FORM;LEMMA,,MASTER,0,0,0,,,,,0,0,0,ESDB_V0_4
16642,17006,incidental,-12.9194,1,PASS,35,,n;aj,incidental,LEMMA,,MASTER,0,0,0,,,,,0,0,0,ESDB_V0_4
16643,17007,inclination,-12.9194,1,PASS,35,,n,inclination,LEMMA,,MASTER,0,0,0,,,,,0,0,0,ESDB_V0_4
16644,17008,inscriptions,-12.9194,1,PASS,35,,n,inscription,FORM,,MASTER,0,1,0,,inscription,,,1,0,0,ESDB_V0_4
16645,17009,insertion,-12.9194,1,PASS,35,,n,insertion,LEMMA,,MASTER,0,0,0,,,,,0,0,0,ESDB_V0_4
16646,17010,installment,-12.9194,1,PASS,35,,n,installment,LEMMA,,MASTER,0,0,0,,,,,0,0,0,ESDB_V0_4
16647,17011,inverse,-12.9194,1,PASS,35,,n;aj,inverse,LEMMA,,MASTER,0,0,0,,,,,0,0,0,ESDB_V0_4
16648,17012,irregularities,-12.9194,1,PASS,35,,n,irregularity,FORM,,MASTER,0,0,0,,,,,0,0,0,ESDB_V0_4
16649,17013,jacksonville,-12.9194,0,NOT_EXACT_EN_US,,,,,,,REJECTED_AUTO,0,0,0,,,,,0,0,0,ESDB_V0_4
16650,17014,jays,-12.9194,1,PASS,35,,n,jay,FORM,,MASTER,0,1,0,,jay,,,1,0,0,ESDB_V0_4
16651,17015,juventus,-12.9194,0,NOT_EXACT_EN_US,,,,,,,REJECTED_AUTO,0,0,0,,,,,0,0,0,ESDB_V0_4
16652,17016,kinetic,-12.9194,1,PASS,50,,aj,kinetic,LEMMA,,MASTER,0,0,0,,,,,0,0,0,ESDB_V0_4
16653,17017,lmao,-12.9194,0,NOT_EXACT_EN_US,,,,,,,REJECTED_AUTO,0,0,0,,,,,0,0,0,ESDB_V0_4
16654,17018,locating,-12.9194,1,PASS,35,,v;n,locate;locating,FORM;LEMMA,,MASTER,0,0,0,,,,,0,0,0,ESDB_V0_4
16655,17019,maldives,-12.9194,0,NOT_EXACT_EN_US,,,,,,,REJECTED_AUTO,0,0,0,,,,,0,0,0,ESDB_V0_4
16656,17020,manuals,-12.9194,1,PASS,35,,n,manual,FORM,,MASTER,0,1,0,,manual,,,1,0,0,ESDB_V0_4
16657,17021,marianne,-12.9194,0,NOT_EXACT_EN_US,,,,,,,REJECTED_AUTO,0,0,0,,,,,0,0,0,ESDB_V0_4
16658,17022,maxim,-12.9194,1,PASS,35,,n,maxim,LEMMA,,MASTER,0,0,0,,,,,0,0,0,ESDB_V0_4
16659,17023,mclean,-12.9194,0,NOT_EXACT_EN_US,,,,,,,REJECTED_AUTO,0,0,0,,,,,0,0,0,ESDB_V0_4
16660,17024,mecca,-12.9194,0,CASE_FREQ_COLLISION,40,40,n,mecca,LEMMA,,REJECTED_AUTO,0,0,0,,,,,0,0,0,ESDB_V0_4
16661,17025,medic,-12.9194,1,PASS,50,,n,medic,LEMMA,,MASTER,0,0,0,,,,,0,0,0,ESDB_V0_4
16662,17026,merlin,-12.9194,0,NOT_EXACT_EN_US,,,,,,,REJECTED_AUTO,0,0,0,,,,,0,0,0,ESDB_V0_4
16663,17027,metadata,-12.9194,1,PASS,60,,n,metadata,LEMMA,,MASTER,0,0,0,,,,,0,0,0,ESDB_V0_4
16664,17028,misguided,-12.9194,1,PASS,35,,v;aj,misguide;misguided,FORM;LEMMA,,MASTER,0,0,0,,,,,0,0,0,ESDB_V0_4
16665,17029,monstrous,-12.9194,1,PASS,35,,aj,monstrous,LEMMA,,MASTER,0,0,0,,,,,0,0,0,ESDB_V0_4
16666,17030,morphine,-12.9194,1,PASS,35,,n,morphine,LEMMA,,MASTER,0,0,0,,,,,0,0,0,ESDB_V0_4
16667,17031,motivational,-12.9194,1,PASS,50,,aj,motivational,LEMMA,,MASTER,0,0,0,,,,,0,0,0,ESDB_V0_4
16668,17032,mundane,-12.9194,1,PASS,35,,aj,mundane,LEMMA,,MASTER,0,0,0,,,,,0,0,0,ESDB_V0_4
16669,17033,nathaniel,-12.9194,0,NOT_EXACT_EN_US,,,,,,,REJECTED_AUTO,0,0,0,,,,,0,0,0,ESDB_V0_4
16670,17034,neatly,-12.9194,1,PASS,35,,av,neatly,LEMMA,,MASTER,0,0,0,,,,,0,0,0,ESDB_V0_4
16671,17035,newcomer,-12.9194,1,PASS,35,,n,newcomer,LEMMA,,MASTER,0,1,1,,,,newcomers,0,1,1,ESDB_V0_4
16672,17036,nh,-12.9194,0,NOT_EXACT_EN_US,,,,,,,REJECTED_AUTO,0,0,0,,,,,0,0,0,ESDB_V0_4
16673,17037,nirvana,-12.9194,0,CASE_FREQ_COLLISION,50,50,n,nirvana,LEMMA,,REJECTED_AUTO,0,0,0,,,,,0,0,0,ESDB_V0_4
16674,17038,nylon,-12.9194,1,PASS,35,,n,nylon,LEMMA,,MASTER,0,0,0,,,,,0,0,0,ESDB_V0_4
16675,17039,oats,-12.9194,1,PASS,40,,n,oats,LEMMA,,MASTER,0,1,1,,,boats;goats;coats,,0,3,0,ESDB_V0_4
16676,17040,ominous,-12.9194,1,PASS,35,,aj,ominous,LEMMA,,MASTER,0,0,0,,,,,0,0,0,ESDB_V0_4
16677,17041,omission,-12.9194,1,PASS,35,,n,omission,LEMMA,,MASTER,0,1,0,mission,,,,1,0,0,ESDB_V0_4
16678,17042,optimized,-12.9194,1,PASS,35,,v,optimize,FORM,,MASTER,0,1,0,,optimize,,,1,0,0,ESDB_V0_4
16679,17043,overrun,-12.9194,1,PASS,35,,n_v,overrun,LEMMA;FORM,,MASTER,0,0,0,,,,,0,0,0,ESDB_V0_4
16680,17044,paranoia,-12.9194,1,PASS,35,,n,paranoia,LEMMA,,MASTER,0,0,0,,,,,0,0,0,ESDB_V0_4
16681,17045,parisian,-12.9194,0,NOT_EXACT_EN_US,,,,,,,REJECTED_AUTO,0,0,0,,,,,0,0,0,ESDB_V0_4
16682,17046,phased,-12.9194,1,PASS,35,,n_v,phase,FORM,,MASTER,0,1,0,,phase,,,1,0,0,ESDB_V0_4
16683,17047,pigeons,-12.9194,1,PASS,35,,n,pigeon,FORM,,MASTER,0,1,0,,pigeon,,,1,0,0,ESDB_V0_4
16684,17048,pines,-12.9194,1,PASS,35,,n_v,pine,FORM,,MASTER,0,1,0,,pine,,,1,0,0,ESDB_V0_4
16685,17049,pinnacle,-12.9194,1,PASS,35,,n,pinnacle,LEMMA,,MASTER,0,0,0,,,,,0,0,0,ESDB_V0_4
16686,17050,pledges,-12.9194,1,PASS,35,,n_v,pledge,FORM,,MASTER,0,1,0,,pledge,,,1,0,0,ESDB_V0_4
16687,17051,predominant,-12.9194,1,PASS,35,,aj,predominant,LEMMA,,MASTER,0,0,0,,,,,0,0,0,ESDB_V0_4
16688,17052,preserves,-12.9194,1,PASS,35,,n_v,preserve,FORM,,MASTER,0,1,0,reserves,preserve,,,2,0,0,ESDB_V0_4
16689,17053,privatization,-12.9194,1,PASS,35,,n,privatization,LEMMA,,MASTER,0,0,0,,,,,0,0,0,ESDB_V0_4
16690,17054,proofs,-12.9194,1,PASS,35,,n_v,proof,FORM,,MASTER,0,1,0,roofs,proof,,,2,0,0,ESDB_V0_4
16691,17055,purposely,-12.9194,1,PASS,40,,av,purposely,LEMMA,,MASTER,0,0,0,,,,,0,0,0,ESDB_V0_4
16692,17056,pv,-12.9194,0,NOT_EXACT_EN_US,,,,,,,REJECTED_AUTO,0,0,0,,,,,0,0,0,ESDB_V0_4
16693,17057,rehearsals,-12.9194,1,PASS,35,,n,rehearsal,FORM,,MASTER,0,1,0,,rehearsal,,,1,0,0,ESDB_V0_4
16694,17058,relegation,-12.9194,1,PASS,50,,n,relegation,LEMMA,,MASTER,0,0,0,,,,,0,0,0,ESDB_V0_4
16695,17059,reluctantly,-12.9194,1,PASS,35,,av,reluctantly,LEMMA,,MASTER,0,0,0,,,,,0,0,0,ESDB_V0_4
16696,17060,reno,-12.9194,0,NOT_EXACT_EN_US,,,,,,,REJECTED_AUTO,0,0,0,,,,,0,0,0,ESDB_V0_4
16697,17061,reptiles,-12.9194,1,PASS,35,,n,reptile,FORM,,MASTER,0,0,0,,,,,0,0,0,ESDB_V0_4
16698,17062,rightful,-12.9194,1,PASS,35,,aj,rightful,LEMMA,,MASTER,0,0,0,,,,,0,0,0,ESDB_V0_4
16699,17063,robbins,-12.9194,0,NOT_EXACT_EN_US,,,,,,,REJECTED_AUTO,0,0,0,,,,,0,0,0,ESDB_V0_4
16700,17064,rounding,-12.9194,1,PASS,35,,n_v;n,round;rounding,FORM;LEMMA,,MASTER,0,1,1,,,grounding,,0,1,0,ESDB_V0_4
16701,17065,rss,-12.9194,0,NOT_EXACT_EN_US,,,,,,,REJECTED_AUTO,0,0,0,,,,,0,0,0,ESDB_V0_4
16702,17066,rv,-12.9194,0,NOT_EXACT_EN_US,,,,,,,REJECTED_AUTO,0,0,0,,,,,0,0,0,ESDB_V0_4
16703,17067,saharan,-12.9194,0,NOT_EXACT_EN_US,,,,,,,REJECTED_AUTO,0,0,0,,,,,0,0,0,ESDB_V0_4
16704,17068,scarcely,-12.9194,1,PASS,35,,av,scarcely,LEMMA,,MASTER,0,0,0,,,,,0,0,0,ESDB_V0_4
16705,17069,scratches,-12.9194,1,PASS,35,,n_v,scratch,FORM,,MASTER,0,0,0,,,,,0,0,0,ESDB_V0_4
16706,17070,seizing,-12.9194,1,PASS,35,,v;n,seize;seizing,FORM;LEMMA,,MASTER,0,0,0,,,,,0,0,0,ESDB_V0_4
16707,17071,semantics,-12.9194,1,PASS,35,,n,semantics,LEMMA,,MASTER,0,1,0,,semantic,,,1,0,0,ESDB_V0_4
16708,17072,serie,-12.9194,0,NOT_EXACT_EN_US,,,,,,,REJECTED_AUTO,0,0,0,,,,,0,0,0,ESDB_V0_4
16709,17073,sheds,-12.9194,1,PASS,35,,n_v,shed,FORM,,MASTER,0,1,0,,shed,,,1,0,0,ESDB_V0_4
16710,17074,shipbuilding,-12.9194,1,PASS,50,,n,shipbuilding,LEMMA,,MASTER,0,0,0,,,,,0,0,0,ESDB_V0_4
16711,17075,shitting,-12.9194,1,PASS,40,,v,shit,FORM,vulgar-1,MASTER,0,1,0,hitting,,,,1,0,0,ESDB_V0_4
16712,17076,skeletons,-12.9194,1,PASS,35,,n,skeleton,FORM,,MASTER,0,1,0,,skeleton,,,1,0,0,ESDB_V0_4
16713,17077,soaring,-12.9194,1,PASS,35,,n_v;aj,soar;soaring,FORM;LEMMA,,MASTER,0,0,0,,,,,0,0,0,ESDB_V0_4
16714,17078,souvenir,-12.9194,1,PASS,35,,n,souvenir,LEMMA,,MASTER,0,0,0,,,,,0,0,0,ESDB_V0_4
16715,17079,sow,-12.9194,1,PASS,35,,n_v,sow,LEMMA,,MASTER,0,1,0,ow,so,,,2,0,0,ESDB_V0_4
16716,17080,specializing,-12.9194,1,PASS,35,,v,specialize,FORM,,MASTER,0,0,0,,,,,0,0,0,ESDB_V0_4
16717,17081,spoiler,-12.9194,1,PASS,50,,n,spoiler,LEMMA,,MASTER,0,1,1,,,,spoilers,0,1,1,ESDB_V0_4
16718,17082,spraying,-12.9194,1,PASS,35,,n_v;n,spray;spraying,FORM;LEMMA,,MASTER,0,1,0,praying,,,,1,0,0,ESDB_V0_4
16719,17083,stocked,-12.9194,1,PASS,35,,n_v;aj,stock;stocked,FORM;LEMMA,,MASTER,0,0,0,,,,,0,0,0,ESDB_V0_4
16720,17084,stride,-12.9194,1,PASS,35,,n_v,stride,LEMMA,,MASTER,0,1,1,,,,strides,0,1,1,ESDB_V0_4
16721,17085,stripe,-12.9194,1,PASS,35,,n_v,stripe,LEMMA,,MASTER,0,1,1,,strip,,stripes;striped,1,2,2,ESDB_V0_4
16722,17086,sulfur,-12.9194,1,PASS,35,,n;v,sulfur,LEMMA,,MASTER,0,0,0,,,,,0,0,0,ESDB_V0_4
16723,17087,tat,-12.9194,1,PASS,50,,v,tat,LEMMA,,MASTER,0,1,1,at,,stat,,1,1,0,ESDB_V0_4
16724,17089,timid,-12.9194,1,PASS,35,,aj,timid,LEMMA,,MASTER,0,0,0,,,,,0,0,0,ESDB_V0_4
16725,17090,tokens,-12.9194,1,PASS,35,,n,token,FORM,,MASTER,0,1,0,,token,,,1,0,0,ESDB_V0_4
16726,17091,topping,-12.9194,1,PASS,35,,n_v;n,top;topping,FORM;LEMMA,,MASTER,0,1,1,,,stopping,,0,1,0,ESDB_V0_4
16727,17092,treatise,-12.9194,1,PASS,35,,n,treatise,LEMMA,,MASTER,0,0,0,,,,,0,0,0,ESDB_V0_4
16728,17093,truthful,-12.9194,1,PASS,35,,aj,truthful,LEMMA,,MASTER,0,0,0,,,,,0,0,0,ESDB_V0_4
16729,17094,unattractive,-12.9194,1,PASS,35,,aj,unattractive,LEMMA,,MASTER,0,0,0,,,,,0,0,0,ESDB_V0_4
16730,17095,unconventional,-12.9194,1,PASS,35,,aj,unconventional,LEMMA,,MASTER,0,0,0,,,,,0,0,0,ESDB_V0_4
16731,17096,undesirable,-12.9194,1,PASS,35,,n;aj,undesirable,LEMMA,,MASTER,0,0,0,,,,,0,0,0,ESDB_V0_4
16732,17097,vacancies,-12.9194,1,PASS,35,,n,vacancy,FORM,,MASTER,0,0,0,,,,,0,0,0,ESDB_V0_4
16733,17098,verbs,-12.9194,1,PASS,35,,n,verb,FORM,,MASTER,0,1,0,,verb,,,1,0,0,ESDB_V0_4
16734,17099,vid,-12.9194,0,NOT_EXACT_EN_US,,,,,,,REJECTED_AUTO,0,0,0,,,,,0,0,0,ESDB_V0_4
16735,17100,vineyards,-12.9194,1,PASS,35,,n,vineyard,FORM,,MASTER,0,1,0,,vineyard,,,1,0,0,ESDB_V0_4
16736,17101,waltz,-12.9194,1,PASS,35,,n_v,waltz,LEMMA,,MASTER,0,0,0,,,,,0,0,0,ESDB_V0_4
16737,17102,wavelength,-12.9194,1,PASS,35,,n,wavelength,LEMMA,,MASTER,0,0,0,,,,,0,0,0,ESDB_V0_4
16738,17103,weston,-12.9194,0,NOT_EXACT_EN_US,,,,,,,REJECTED_AUTO,0,0,0,,,,,0,0,0,ESDB_V0_4
16739,17104,whispering,-12.9194,1,PASS,35,,n_v;n;aj,whisper;whispering,FORM;LEMMA,,MASTER,0,0,0,,,,,0,0,0,ESDB_V0_4
16740,17105,wolfe,-12.9194,0,NOT_EXACT_EN_US,,,,,,,REJECTED_AUTO,0,0,0,,,,,0,0,0,ESDB_V0_4
16741,17106,woodward,-12.9194,0,NOT_EXACT_EN_US,,,,,,,REJECTED_AUTO,0,0,0,,,,,0,0,0,ESDB_V0_4
16742,17107,workload,-12.9194,1,PASS,35,,n,workload,LEMMA,,MASTER,0,0,0,,,,,0,0,0,ESDB_V0_4
16743,17112,actresses,-12.94,1,PASS,35,,n,actress,FORM,,MASTER,0,0,0,,,,,0,0,0,ESDB_V0_4
16744,17113,adler,-12.94,0,NOT_EXACT_EN_US,,,,,,,REJECTED_AUTO,0,0,0,,,,,0,0,0,ESDB_V0_4
16745,17114,aiding,-12.94,1,PASS,35,,n_v,aid,FORM,,MASTER,0,1,1,,,raiding,,0,1,0,ESDB_V0_4
16746,17115,amor,-12.94,0,NOT_EXACT_EN_US,,,,,,,REJECTED_AUTO,0,0,0,,,,,0,0,0,ESDB_V0_4
16747,17116,annuity,-12.94,1,PASS,35,,n,annuity,LEMMA,,MASTER,0,0,0,,,,,0,0,0,ESDB_V0_4
16748,17117,anonymously,-12.94,1,PASS,35,,av,anonymously,LEMMA,,MASTER,0,0,0,,,,,0,0,0,ESDB_V0_4
16749,17118,apocalyptic,-12.94,1,PASS,40,,aj,apocalyptic,LEMMA,,MASTER,0,0,0,,,,,0,0,0,ESDB_V0_4
16750,17119,appointing,-12.94,1,PASS,35,,v,appoint,FORM,,MASTER,0,0,0,,,,,0,0,0,ESDB_V0_4
16751,17120,archived,-12.94,1,PASS,35,,n_v,archive,FORM,,MASTER,0,1,0,,archive,,,1,0,0,ESDB_V0_4
16752,17121,arsenic,-12.94,1,PASS,35,,n;a,arsenic,LEMMA,,MASTER,0,0,0,,,,,0,0,0,ESDB_V0_4
16753,17122,auspices,-12.94,1,PASS,60,,n,auspice,FORM,,MASTER,0,0,0,,,,,0,0,0,ESDB_V0_4
16754,17123,banished,-12.94,1,PASS,35,,v,banish,FORM,,MASTER,0,0,0,,,,,0,0,0,ESDB_V0_4
16755,17124,bearded,-12.94,1,PASS,35,,n_v;aj,beard;bearded,FORM;LEMMA,,MASTER,0,0,0,,,,,0,0,0,ESDB_V0_4
16756,17125,berkshire,-12.94,0,NOT_EXACT_EN_US,,,,,,,REJECTED_AUTO,0,0,0,,,,,0,0,0,ESDB_V0_4
16757,17126,bogus,-12.94,1,PASS,35,,aj,bogus,LEMMA,,MASTER,0,0,0,,,,,0,0,0,ESDB_V0_4
16758,17127,boogie,-12.94,1,PASS,40,,n;v,boogie,LEMMA,,MASTER,0,0,0,,,,,0,0,0,ESDB_V0_4
16759,17128,braking,-12.94,1,PASS,35,,n_v,brake,FORM,,MASTER,0,0,0,,,,,0,0,0,ESDB_V0_4
16760,17129,calais,-12.94,0,NOT_EXACT_EN_US,,,,,,,REJECTED_AUTO,0,0,0,,,,,0,0,0,ESDB_V0_4
16761,17130,cambodian,-12.94,0,NOT_EXACT_EN_US,,,,,,,REJECTED_AUTO,0,0,0,,,,,0,0,0,ESDB_V0_4
16762,17131,camouflage,-12.94,1,PASS,35,,n;v,camouflage,LEMMA,,MASTER,0,0,0,,,,,0,0,0,ESDB_V0_4
16763,17132,canucks,-12.94,0,NOT_EXACT_EN_US,,,,,,,REJECTED_AUTO,0,0,0,,,,,0,0,0,ESDB_V0_4
16764,17133,carlisle,-12.94,0,NOT_EXACT_EN_US,,,,,,,REJECTED_AUTO,0,0,0,,,,,0,0,0,ESDB_V0_4
16765,17134,carts,-12.94,1,PASS,35,,n_v,cart,FORM,,MASTER,0,1,0,arts,cart,,,2,0,0,ESDB_V0_4
16766,17135,cascade,-12.94,1,PASS,35,,n_v,cascade,LEMMA,,MASTER,0,0,0,,,,,0,0,0,ESDB_V0_4
16767,17136,cassette,-12.94,1,PASS,35,,n,cassette,LEMMA,,MASTER,0,0,0,,,,,0,0,0,ESDB_V0_4
16768,17137,cctv,-12.94,0,NOT_EXACT_EN_US,,,,,,,REJECTED_AUTO,0,0,0,,,,,0,0,0,ESDB_V0_4
16769,17138,celsius,-12.94,0,NOT_EXACT_EN_US,,,,,,,REJECTED_AUTO,0,0,0,,,,,0,0,0,ESDB_V0_4
16770,17139,chanel,-12.94,0,NOT_EXACT_EN_US,,,,,,,REJECTED_AUTO,0,0,0,,,,,0,0,0,ESDB_V0_4
16771,17140,chateau,-12.94,1,PASS,40,,n,chateau,LEMMA,,MASTER,0,0,0,,,,,0,0,0,ESDB_V0_4
16772,17141,chestnut,-12.94,1,PASS,35,,n;aj,chestnut,LEMMA,,MASTER,0,0,0,,,,,0,0,0,ESDB_V0_4
16773,17142,ching,-12.94,0,NOT_EXACT_EN_US,,,,,,,REJECTED_AUTO,0,0,0,,,,,0,0,0,ESDB_V0_4
16774,17143,clamp,-12.94,1,PASS,35,,n_v,clamp,LEMMA,,MASTER,0,1,0,lamp,,,,1,0,0,ESDB_V0_4
16775,17144,cohort,-12.94,1,PASS,50,,n,cohort,LEMMA,,MASTER,0,0,0,,,,,0,0,0,ESDB_V0_4
16776,17145,compliant,-12.94,1,PASS,35,,aj,compliant,LEMMA,,MASTER,0,0,0,,,,,0,0,0,ESDB_V0_4
16777,17146,conan,-12.94,0,NOT_EXACT_EN_US,,,,,,,REJECTED_AUTO,0,0,0,,,,,0,0,0,ESDB_V0_4
16778,17147,concord,-12.94,1,PASS,35,50,n,concord,LEMMA,,MASTER,0,0,0,,,,,0,0,0,ESDB_V0_4
16779,17148,contraception,-12.94,1,PASS,35,,n,contraception,LEMMA,,MASTER,0,0,0,,,,,0,0,0,ESDB_V0_4
16780,17149,coventry,-12.94,0,NOT_EXACT_EN_US,,,,,,,REJECTED_AUTO,0,0,0,,,,,0,0,0,ESDB_V0_4
16781,17150,cowardly,-12.94,1,PASS,35,,aj,cowardly,LEMMA,,MASTER,0,0,0,,,,,0,0,0,ESDB_V0_4
16782,17151,cristina,-12.94,0,NOT_EXACT_EN_US,,,,,,,REJECTED_AUTO,0,0,0,,,,,0,0,0,ESDB_V0_4
16783,17152,daryl,-12.94,0,NOT_EXACT_EN_US,,,,,,,REJECTED_AUTO,0,0,0,,,,,0,0,0,ESDB_V0_4
16784,17153,deacon,-12.94,1,PASS,35,,n,deacon,LEMMA,,MASTER,0,0,0,,,,,0,0,0,ESDB_V0_4
16785,17154,demonstrators,-12.94,1,PASS,35,,n,demonstrator,FORM,,MASTER,0,0,0,,,,,0,0,0,ESDB_V0_4
16786,17155,despicable,-12.94,1,PASS,35,,aj,despicable,LEMMA,,MASTER,0,0,0,,,,,0,0,0,ESDB_V0_4
16787,17156,deterrent,-12.94,1,PASS,35,,n;aj,deterrent,LEMMA,,MASTER,0,0,0,,,,,0,0,0,ESDB_V0_4
16788,17157,devoid,-12.94,1,PASS,35,,aj,devoid,LEMMA,,MASTER,0,0,0,,,,,0,0,0,ESDB_V0_4
16789,17158,dissatisfaction,-12.94,1,PASS,35,,n,dissatisfaction,LEMMA,,MASTER,0,0,0,,,,,0,0,0,ESDB_V0_4
16790,17159,distracting,-12.94,1,PASS,35,,v,distract,FORM,,MASTER,0,0,0,,,,,0,0,0,ESDB_V0_4
16791,17160,dre,-12.94,0,NOT_EXACT_EN_US,,,,,,,REJECTED_AUTO,0,0,0,,,,,0,0,0,ESDB_V0_4
16792,17161,eater,-12.94,1,PASS,35,,n,eater,LEMMA,,MASTER,0,1,1,,,heater,,0,1,0,ESDB_V0_4
16793,17162,emulate,-12.94,1,PASS,35,,v,emulate,LEMMA,,MASTER,0,0,0,,,,,0,0,0,ESDB_V0_4
16794,17163,enactment,-12.94,1,PASS,35,,n,enactment,LEMMA,,MASTER,0,0,0,,,,,0,0,0,ESDB_V0_4
16795,17164,engages,-12.94,1,PASS,35,,v,engage,FORM,,MASTER,0,1,0,,engage,,,1,0,0,ESDB_V0_4
16796,17165,escalation,-12.94,1,PASS,35,,n,escalation,LEMMA,,MASTER,0,0,0,,,,,0,0,0,ESDB_V0_4
16797,17166,espresso,-12.94,1,PASS,40,,n,espresso,LEMMA,,MASTER,0,0,0,,,,,0,0,0,ESDB_V0_4
16798,17167,everest,-12.94,0,NOT_EXACT_EN_US,,,,,,,REJECTED_AUTO,0,0,0,,,,,0,0,0,ESDB_V0_4
16799,17168,finer,-12.94,1,PASS,35,,aj_av,fine,FORM,,MASTER,0,1,0,,fine,,,1,0,0,ESDB_V0_4
16800,17169,flourished,-12.94,1,PASS,35,,n_v,flourish,FORM,,MASTER,0,0,0,,,,,0,0,0,ESDB_V0_4
16801,17170,forwarded,-12.94,1,PASS,35,,n_v,forward,FORM,,MASTER,0,0,0,,,,,0,0,0,ESDB_V0_4
16802,17171,fractions,-12.94,1,PASS,35,,n,fraction,FORM,,MASTER,0,1,0,,fraction,,,1,0,0,ESDB_V0_4
16803,17172,glossy,-12.94,1,PASS,35,,n;aj,glossy,LEMMA,,MASTER,0,1,0,,gloss,,,1,0,0,ESDB_V0_4
16804,17173,graded,-12.94,1,PASS,35,,n_v;aj,grade;graded,FORM;LEMMA,,MASTER,0,1,0,,grade,,,1,0,0,ESDB_V0_4
16805,17174,gst,-12.94,0,NOT_EXACT_EN_US,,,,,,,REJECTED_AUTO,0,0,0,,,,,0,0,0,ESDB_V0_4
16806,17175,hateful,-12.94,1,PASS,35,,aj,hateful,LEMMA,,MASTER,0,0,0,,,,,0,0,0,ESDB_V0_4
16807,17176,hayley,-12.94,0,NOT_EXACT_EN_US,,,,,,,REJECTED_AUTO,0,0,0,,,,,0,0,0,ESDB_V0_4
16808,17177,heidi,-12.94,0,NOT_EXACT_EN_US,,,,,,,REJECTED_AUTO,0,0,0,,,,,0,0,0,ESDB_V0_4
16809,17178,herein,-12.94,1,PASS,35,,av,herein,LEMMA,,MASTER,0,1,1,,,therein;wherein,,0,2,0,ESDB_V0_4
16810,17179,hinted,-12.94,1,PASS,35,,n_v,hint,FORM,,MASTER,0,0,0,,,,,0,0,0,ESDB_V0_4
16811,17180,homophobic,-12.94,1,PASS,35,,aj,homophobic,LEMMA,,MASTER,0,0,0,,,,,0,0,0,ESDB_V0_4
16812,17181,hoops,-12.94,1,PASS,35,,n_v,hoop,FORM,,MASTER,0,1,1,oops,hoop,whoops,,2,1,0,ESDB_V0_4
16813,17182,inbox,-12.94,0,SPECIAL_ONLY,50,,n,inbox,LEMMA,,REJECTED_AUTO,0,0,0,,,,,0,0,0,ESDB_V0_4
16814,17183,infect,-12.94,1,PASS,35,,v,infect,LEMMA,,MASTER,0,0,0,,,,,0,0,0,ESDB_V0_4
16815,17184,insurers,-12.94,0,NO_ESDB_GENERAL_EVIDENCE,,,,,,,REJECTED_AUTO,0,0,0,,,,,0,0,0,ESDB_V0_4
16816,17185,interdisciplinary,-12.94,1,PASS,50,,aj,interdisciplinary,LEMMA,,MASTER,0,0,0,,,,,0,0,0,ESDB_V0_4
16817,17186,intermittent,-12.94,1,PASS,35,,aj,intermittent,LEMMA,,MASTER,0,0,0,,,,,0,0,0,ESDB_V0_4
16818,17187,interstellar,-12.94,1,PASS,35,,aj,interstellar,LEMMA,,MASTER,0,0,0,,,,,0,0,0,ESDB_V0_4
16819,17188,inward,-12.94,1,PASS,35,,aj;av,inward,LEMMA,,MASTER,0,0,0,,,,,0,0,0,ESDB_V0_4
16820,17189,islamist,-12.94,0,NOT_EXACT_EN_US,,,,,,,REJECTED_AUTO,0,0,0,,,,,0,0,0,ESDB_V0_4
16821,17190,jang,-12.94,0,NOT_EXACT_EN_US,,,,,,,REJECTED_AUTO,0,0,0,,,,,0,0,0,ESDB_V0_4
16822,17191,jax,-12.94,0,NOT_EXACT_EN_US,,,,,,,REJECTED_AUTO,0,0,0,,,,,0,0,0,ESDB_V0_4
16823,17192,kendrick,-12.94,0,NOT_EXACT_EN_US,,,,,,,REJECTED_AUTO,0,0,0,,,,,0,0,0,ESDB_V0_4
16824,17193,kitchens,-12.94,1,PASS,35,,n,kitchen,FORM,,MASTER,0,1,0,,kitchen,,,1,0,0,ESDB_V0_4
16825,17194,lafayette,-12.94,0,NOT_EXACT_EN_US,,,,,,,REJECTED_AUTO,0,0,0,,,,,0,0,0,ESDB_V0_4
16826,17195,lavender,-12.94,1,PASS,35,,n;aj,lavender,LEMMA,,MASTER,0,0,0,,,,,0,0,0,ESDB_V0_4
16827,17196,leash,-12.94,1,PASS,35,,n_v,leash,LEMMA,,MASTER,0,0,0,,,,,0,0,0,ESDB_V0_4
16828,17197,ledge,-12.94,1,PASS,35,,n,ledge,LEMMA,,MASTER,0,1,1,edge,,pledge;sledge,ledger,1,3,0,ESDB_V0_4
16829,17198,lingering,-12.94,1,PASS,35,,v;n,linger;lingering,FORM;LEMMA,,MASTER,0,0,0,,,,,0,0,0,ESDB_V0_4
16830,17199,locomotives,-12.94,1,PASS,35,,n,locomotive,FORM,,MASTER,0,1,0,,locomotive,,,1,0,0,ESDB_V0_4
16831,17200,lumpur,-12.94,0,NOT_EXACT_EN_US,,,,,,,REJECTED_AUTO,0,0,0,,,,,0,0,0,ESDB_V0_4
16832,17201,magnus,-12.94,0,NOT_EXACT_EN_US,,,,,,,REJECTED_AUTO,0,0,0,,,,,0,0,0,ESDB_V0_4
16833,17202,malay,-12.94,0,NOT_EXACT_EN_US,,,,,,,REJECTED_AUTO,0,0,0,,,,,0,0,0,ESDB_V0_4
16834,17203,malt,-12.94,1,PASS,35,,n_v;a,malt,LEMMA,,MASTER,0,0,0,,,,,0,0,0,ESDB_V0_4
16835,17204,mandela,-12.94,0,NOT_EXACT_EN_US,,,,,,,REJECTED_AUTO,0,0,0,,,,,0,0,0,ESDB_V0_4
16836,17205,mariah,-12.94,0,NOT_EXACT_EN_US,,,,,,,REJECTED_AUTO,0,0,0,,,,,0,0,0,ESDB_V0_4
16837,17206,mediator,-12.94,1,PASS,35,,n,mediator,LEMMA,,MASTER,0,0,0,,,,,0,0,0,ESDB_V0_4
16838,17207,mesa,-12.94,0,CASE_FREQ_COLLISION,50,50,n,mesa,LEMMA,,REJECTED_AUTO,0,0,0,,,,,0,0,0,ESDB_V0_4
16839,17208,moi,-12.94,0,NO_ESDB_GENERAL_EVIDENCE,,,,,,,REJECTED_AUTO,0,0,0,,,,,0,0,0,ESDB_V0_4
16840,17210,moran,-12.94,0,NOT_EXACT_EN_US,,,,,,,REJECTED_AUTO,0,0,0,,,,,0,0,0,ESDB_V0_4
16841,17211,mural,-12.94,1,PASS,35,,n;aj,mural,LEMMA,,MASTER,0,0,0,,,,,0,0,0,ESDB_V0_4
16842,17212,nadal,-12.94,0,NOT_EXACT_EN_US,,,,,,,REJECTED_AUTO,0,0,0,,,,,0,0,0,ESDB_V0_4
16843,17213,nil,-12.94,1,PASS,35,,n;a,nil,LEMMA,,MASTER,0,0,0,,,,,0,0,0,ESDB_V0_4
16844,17214,nuggets,-12.94,1,PASS,35,,n,nugget,FORM,,MASTER,0,0,0,,,,,0,0,0,ESDB_V0_4
16845,17215,nypd,-12.94,0,NOT_EXACT_EN_US,,,,,,,REJECTED_AUTO,0,0,0,,,,,0,0,0,ESDB_V0_4
16846,17216,objectively,-12.94,1,PASS,35,,av,objectively,LEMMA,,MASTER,0,0,0,,,,,0,0,0,ESDB_V0_4
16847,17217,olives,-12.94,1,PASS,35,,n,olive,FORM,,MASTER,0,1,0,lives,olive,,,2,0,0,ESDB_V0_4
16848,17218,ooo,-12.94,0,NOT_EXACT_EN_US,,,,,,,REJECTED_AUTO,0,0,0,,,,,0,0,0,ESDB_V0_4
16849,17219,oxidation,-12.94,1,PASS,35,,n,oxidation,LEMMA,,MASTER,0,0,0,,,,,0,0,0,ESDB_V0_4
16850,17220,oysters,-12.94,1,PASS,35,,n,oyster,FORM,,MASTER,0,1,0,,oyster,,,1,0,0,ESDB_V0_4
16851,17221,parishes,-12.94,1,PASS,35,,n,parish,FORM,,MASTER,0,0,0,,,,,0,0,0,ESDB_V0_4
16852,17222,paso,-12.94,0,NOT_EXACT_EN_US,,,,,,,REJECTED_AUTO,0,0,0,,,,,0,0,0,ESDB_V0_4
16853,17223,patton,-12.94,0,NOT_EXACT_EN_US,,,,,,,REJECTED_AUTO,0,0,0,,,,,0,0,0,ESDB_V0_4
16854,17224,paycheck,-12.94,1,PASS,40,,n,paycheck,LEMMA,,MASTER,0,0,0,,,,,0,0,0,ESDB_V0_4
16855,17225,pencils,-12.94,1,PASS,35,,n_v,pencil,FORM,,MASTER,0,1,0,,pencil,,,1,0,0,ESDB_V0_4
16856,17226,phi,-12.94,1,PASS,60,,n,phi,LEMMA,,MASTER,0,1,0,hi,,,,1,0,0,ESDB_V0_4
16857,17227,phoebe,-12.94,0,CASE_FREQ_COLLISION,50,50,n,phoebe,LEMMA,,REJECTED_AUTO,0,0,0,,,,,0,0,0,ESDB_V0_4
16858,17228,physicists,-12.94,1,PASS,35,,n,physicist,FORM,,MASTER,0,1,0,,physicist,,,1,0,0,ESDB_V0_4
16859,17229,pinky,-12.94,0,NOT_EXACT_EN_US,,,,,,,REJECTED_AUTO,0,0,0,,,,,0,0,0,ESDB_V0_4
16860,17230,plank,-12.94,1,PASS,35,,n_v,plank,LEMMA,,MASTER,0,1,0,,plan,,,1,0,0,ESDB_V0_4
16861,17231,polly,-12.94,0,NOT_EXACT_EN_US,,,,,,,REJECTED_AUTO,0,0,0,,,,,0,0,0,ESDB_V0_4
16862,17232,posterior,-12.94,1,PASS,35,,n;aj,posterior,LEMMA,,MASTER,0,0,0,,,,,0,0,0,ESDB_V0_4
16863,17233,pouch,-12.94,1,PASS,35,,n_v,pouch,LEMMA,,MASTER,0,1,0,ouch,,,,1,0,0,ESDB_V0_4
16864,17234,predicts,-12.94,1,PASS,35,,v,predict,FORM,,MASTER,0,1,0,,predict,,,1,0,0,ESDB_V0_4
16865,17235,preface,-12.94,1,PASS,35,,n_v,preface,LEMMA,,MASTER,0,0,0,,,,,0,0,0,ESDB_V0_4
16866,17236,proactive,-12.94,1,PASS,50,,aj,proactive,LEMMA,,MASTER,0,0,0,,,,,0,0,0,ESDB_V0_4
16867,17237,proficiency,-12.94,1,PASS,35,,n,proficiency,LEMMA,,MASTER,0,0,0,,,,,0,0,0,ESDB_V0_4
16868,17238,rainforest,-12.94,0,NOT_EXACT_EN_US,,,,,,,REJECTED_AUTO,0,0,0,,,,,0,0,0,ESDB_V0_4
16869,17239,rallies,-12.94,1,PASS,35,,n_v,rally,FORM,,MASTER,0,1,0,allies,,,,1,0,0,ESDB_V0_4
16870,17240,reclaim,-12.94,1,PASS,35,,v,reclaim,LEMMA,,MASTER,0,0,0,,,,,0,0,0,ESDB_V0_4
16871,17241,redesign,-12.94,1,PASS,35,,v,redesign,LEMMA,,MASTER,0,0,0,,,,,0,0,0,ESDB_V0_4
16872,17242,redistribution,-12.94,1,PASS,35,,n,redistribution,LEMMA,,MASTER,0,0,0,,,,,0,0,0,ESDB_V0_4
16873,17243,reliant,-12.94,1,PASS,35,,aj,reliant,LEMMA,,MASTER,0,0,0,,,,,0,0,0,ESDB_V0_4
16874,17244,relocated,-12.94,1,PASS,35,,v;aj,relocate;relocated,FORM;LEMMA,,MASTER,0,1,0,,relocate,,,1,0,0,ESDB_V0_4
16875,17245,rematch,-12.94,1,PASS,50,,n,rematch,LEMMA,,MASTER,0,0,0,,,,,0,0,0,ESDB_V0_4
16876,17246,remnant,-12.94,1,PASS,35,,n,remnant,LEMMA,,MASTER,0,1,1,,,,remnants,0,1,1,ESDB_V0_4
16877,17247,repayment,-12.94,1,PASS,35,,n,repayment,LEMMA,,MASTER,0,0,0,,,,,0,0,0,ESDB_V0_4
16878,17248,repent,-12.94,1,PASS,35,,v,repent,LEMMA,,MASTER,0,0,0,,,,,0,0,0,ESDB_V0_4
16879,17249,resent,-12.94,1,PASS,35,,v,resent,LEMMA,,MASTER,0,1,1,,,present,,0,1,0,ESDB_V0_4
16880,17250,respectfully,-12.94,1,PASS,35,,av,respectfully,LEMMA,,MASTER,0,0,0,,,,,0,0,0,ESDB_V0_4
16881,17251,rigging,-12.94,1,PASS,35,,n_v;n,rig;rigging,FORM;LEMMA,,MASTER,0,0,0,,,,,0,0,0,ESDB_V0_4
16882,17252,rinse,-12.94,1,PASS,35,,n_v,rinse,LEMMA,,MASTER,0,0,0,,,,,0,0,0,ESDB_V0_4
16883,17253,robotics,-12.94,1,PASS,40,,n,robotics,LEMMA,,MASTER,0,1,0,,robotic,,,1,0,0,ESDB_V0_4
16884,17254,saloon,-12.94,1,PASS,35,,n,saloon,LEMMA,,MASTER,0,0,0,,,,,0,0,0,ESDB_V0_4
16885,17255,sar,-12.94,0,NOT_EXACT_EN_US,,,,,,,REJECTED_AUTO,0,0,0,,,,,0,0,0,ESDB_V0_4
16886,17256,saviour,-12.94,0,NOT_EXACT_EN_US,,,,,,,REJECTED_AUTO,0,0,0,,,,,0,0,0,ESDB_V0_4
16887,17257,savvy,-12.94,1,PASS,35,,n;v;a,savvy,LEMMA,,MASTER,0,0,0,,,,,0,0,0,ESDB_V0_4
16888,17258,seeker,-12.94,1,PASS,50,,n,seeker,LEMMA,,MASTER,0,1,1,,,,seekers,0,1,1,ESDB_V0_4
16889,17259,seeming,-12.94,1,PASS,35,,v;aj,seem;seeming,FORM;LEMMA,,MASTER,0,0,0,,,,,0,0,0,ESDB_V0_4
16890,17260,segregated,-12.94,1,PASS,35,,v,segregate,FORM,,MASTER,0,0,0,,,,,0,0,0,ESDB_V0_4
16891,17261,selfies,-12.94,0,SPECIAL_ONLY,50,,n,selfie,FORM,,REJECTED_AUTO,0,0,0,,,,,0,0,0,ESDB_V0_4
16892,17262,semiconductor,-12.94,1,PASS,35,,n,semiconductor,LEMMA,,MASTER,0,0,0,,,,,0,0,0,ESDB_V0_4
16893,17263,sew,-12.94,1,PASS,35,,v,sew,LEMMA,,MASTER,0,0,0,,,,,0,0,0,ESDB_V0_4
16894,17264,shameless,-12.94,1,PASS,35,,aj,shameless,LEMMA,,MASTER,0,0,0,,,,,0,0,0,ESDB_V0_4
16895,17265,siding,-12.94,1,PASS,35,,n_v;n,side;siding,FORM;LEMMA,,MASTER,0,0,0,,,,,0,0,0,ESDB_V0_4
16896,17266,slows,-12.94,1,PASS,35,,v,slow,FORM,,MASTER,0,1,0,lows,slow,,,2,0,0,ESDB_V0_4
16897,17267,smear,-12.94,1,PASS,35,,n_v,smear,LEMMA,,MASTER,0,0,0,,,,,0,0,0,ESDB_V0_4
16898,17268,snatched,-12.94,1,PASS,35,,n_v,snatch,FORM,,MASTER,0,0,0,,,,,0,0,0,ESDB_V0_4
16899,17269,sneaking,-12.94,1,PASS,35,,n_v;aj,sneak;sneaking,FORM;LEMMA,,MASTER,0,0,0,,,,,0,0,0,ESDB_V0_4
16900,17270,spacing,-12.94,1,PASS,35,,n_v;n,space;spacing,FORM;LEMMA,,MASTER,0,1,0,pacing,,,,1,0,0,ESDB_V0_4
16901,17271,spaniards,-12.94,0,NOT_EXACT_EN_US,,,,,,,REJECTED_AUTO,0,0,0,,,,,0,0,0,ESDB_V0_4
16902,17272,specifies,-12.94,1,PASS,35,,v,specify,FORM,,MASTER,0,0,0,,,,,0,0,0,ESDB_V0_4
16903,17273,squirrels,-12.94,1,PASS,35,,n;v,squirrel,FORM,,MASTER,0,1,0,,squirrel,,,1,0,0,ESDB_V0_4
16904,17274,staffed,-12.94,1,PASS,35,,v,staff,FORM,,MASTER,0,0,0,,,,,0,0,0,ESDB_V0_4
16905,17275,stalled,-12.94,1,PASS,35,,n_v,stall,FORM,,MASTER,0,0,0,,,,,0,0,0,ESDB_V0_4
16906,17276,starr,-12.94,0,NOT_EXACT_EN_US,,,,,,,REJECTED_AUTO,0,0,0,,,,,0,0,0,ESDB_V0_4
16907,17278,suing,-12.94,1,PASS,35,,v,sue,FORM,,MASTER,0,0,0,,,,,0,0,0,ESDB_V0_4
16908,17279,tentative,-12.94,1,PASS,35,,aj,tentative,LEMMA,,MASTER,0,0,0,,,,,0,0,0,ESDB_V0_4
16909,17280,textures,-12.94,1,PASS,35,,n_v,texture,FORM,,MASTER,0,1,0,,texture,,,1,0,0,ESDB_V0_4
16910,17281,ticking,-12.94,1,PASS,35,,n_v;n,tick;ticking,FORM;LEMMA,,MASTER,0,1,1,,,sticking,,0,1,0,ESDB_V0_4
16911,17282,timor,-12.94,0,NOT_EXACT_EN_US,,,,,,,REJECTED_AUTO,0,0,0,,,,,0,0,0,ESDB_V0_4
16912,17283,toledo,-12.94,0,NOT_EXACT_EN_US,,,,,,,REJECTED_AUTO,0,0,0,,,,,0,0,0,ESDB_V0_4
16913,17284,torpedo,-12.94,1,PASS,35,,n_v,torpedo,LEMMA,,MASTER,0,0,0,,,,,0,0,0,ESDB_V0_4
16914,17285,torso,-12.94,1,PASS,35,,n,torso,LEMMA,,MASTER,0,0,0,,,,,0,0,0,ESDB_V0_4
16915,17286,triggering,-12.94,1,PASS,35,,n_v,trigger,FORM,,MASTER,0,0,0,,,,,0,0,0,ESDB_V0_4
16916,17287,tripoli,-12.94,0,NOT_EXACT_EN_US,,,,,,,REJECTED_AUTO,0,0,0,,,,,0,0,0,ESDB_V0_4
16917,17288,trooper,-12.94,1,PASS,35,,n,trooper,LEMMA,,MASTER,0,1,1,,,,troopers,0,1,1,ESDB_V0_4
16918,17289,unheard,-12.94,1,PASS,35,,aj,unheard,LEMMA,,MASTER,0,0,0,,,,,0,0,0,ESDB_V0_4
16919,17290,untrue,-12.94,1,PASS,35,,aj,untrue,LEMMA,,MASTER,0,0,0,,,,,0,0,0,ESDB_V0_4
16920,17291,uptake,-12.94,1,PASS,35,,n,uptake,LEMMA,,MASTER,0,0,0,,,,,0,0,0,ESDB_V0_4
16921,17292,vanish,-12.94,1,PASS,35,,v,vanish,LEMMA,,MASTER,0,0,0,,,,,0,0,0,ESDB_V0_4
16922,17293,vaughan,-12.94,0,NOT_EXACT_EN_US,,,,,,,REJECTED_AUTO,0,0,0,,,,,0,0,0,ESDB_V0_4
16923,17294,vicky,-12.94,0,NOT_EXACT_EN_US,,,,,,,REJECTED_AUTO,0,0,0,,,,,0,0,0,ESDB_V0_4
16924,17295,virgil,-12.94,0,NOT_EXACT_EN_US,,,,,,,REJECTED_AUTO,0,0,0,,,,,0,0,0,ESDB_V0_4
16925,17296,vitro,-12.94,0,NOT_EXACT_EN_US,,,,,,,REJECTED_AUTO,0,0,0,,,,,0,0,0,ESDB_V0_4
16926,17297,weaponry,-12.94,1,PASS,35,,n,weaponry,LEMMA,,MASTER,0,0,0,,,,,0,0,0,ESDB_V0_4
16927,17298,wildcats,-12.94,1,PASS,35,,n;v,wildcat,FORM,,MASTER,0,0,0,,,,,0,0,0,ESDB_V0_4
16928,17299,wiping,-12.94,1,PASS,35,,n_v;n,wipe;wiping,FORM;LEMMA,,MASTER,0,0,0,,,,,0,0,0,ESDB_V0_4
16929,17300,withdrawals,-12.94,1,PASS,35,,n,withdrawal,FORM,,MASTER,0,1,0,,withdrawal,,,1,0,0,ESDB_V0_4
16930,17301,wrestler,-12.94,1,PASS,35,,n,wrestler,LEMMA,,MASTER,0,1,0,,wrestle,,,1,0,0,ESDB_V0_4
16931,17302,wrought,-12.94,1,PASS,35,,n_v;aj,work;wrought,FORM;LEMMA,,MASTER,0,0,0,,,,,0,0,0,ESDB_V0_4
16932,17303,yer,-12.94,0,NO_ESDB_GENERAL_EVIDENCE,,,,,,,REJECTED_AUTO,0,0,0,,,,,0,0,0,ESDB_V0_4
16933,17304,zac,-12.94,0,NOT_EXACT_EN_US,,,,,,,REJECTED_AUTO,0,0,0,,,,,0,0,0,ESDB_V0_4
16934,17305,zebra,-12.94,1,PASS,35,,n,zebra,LEMMA;FORM,,MASTER,0,0,0,,,,,0,0,0,ESDB_V0_4
16935,17306,zoning,-12.94,1,PASS,35,,n_v;n,zone;zoning,FORM;LEMMA,,MASTER,0,0,0,,,,,0,0,0,ESDB_V0_4
16936,17308,aca,-12.9654,0,NOT_EXACT_EN_US,,,,,,,REJECTED_AUTO,0,0,0,,,,,0,0,0,ESDB_V0_4
16937,17309,ache,-12.9654,1,PASS,35,,n_v,ache,LEMMA,,MASTER,0,1,1,,,cache,,0,1,0,ESDB_V0_4
16938,17310,acquires,-12.9654,1,PASS,35,,v,acquire,FORM,,MASTER,0,1,0,,acquire,,,1,0,0,ESDB_V0_4
16939,17311,acronym,-12.9654,1,PASS,35,,n,acronym,LEMMA,,MASTER,0,0,0,,,,,0,0,0,ESDB_V0_4
16940,17312,acrylic,-12.9654,1,PASS,35,,n;a,acrylic,LEMMA,,MASTER,0,0,0,,,,,0,0,0,ESDB_V0_4
16941,17313,admiralty,-12.9654,1,PASS,50,60,n,admiralty,LEMMA,,MASTER,0,0,0,,,,,0,0,0,ESDB_V0_4
16942,17314,adolescence,-12.9654,1,PASS,35,,n,adolescence,LEMMA,,MASTER,0,0,0,,,,,0,0,0,ESDB_V0_4
16943,17315,advantageous,-12.9654,1,PASS,35,,aj,advantageous,LEMMA,,MASTER,0,0,0,,,,,0,0,0,ESDB_V0_4
16944,17316,airbus,-12.9654,1,PASS,60,,n,airbus,LEMMA,,MASTER,0,0,0,,,,,0,0,0,ESDB_V0_4
16945,17317,angrily,-12.9654,1,PASS,35,,av,angrily,LEMMA,,MASTER,0,0,0,,,,,0,0,0,ESDB_V0_4
16946,17318,antiques,-12.9654,1,PASS,35,,n_v,antique,FORM,,MASTER,0,1,0,,antique,,,1,0,0,ESDB_V0_4
16947,17319,asserting,-12.9654,1,PASS,35,,v;aj,assert;asserting,FORM;LEMMA,,MASTER,0,0,0,,,,,0,0,0,ESDB_V0_4
16948,17320,attachments,-12.9654,1,PASS,35,,n,attachment,FORM,,MASTER,0,1,0,,attachment,,,1,0,0,ESDB_V0_4
16949,17321,baird,-12.9654,0,NOT_EXACT_EN_US,,,,,,,REJECTED_AUTO,0,0,0,,,,,0,0,0,ESDB_V0_4
16950,17322,banter,-12.9654,1,PASS,35,,n;v,banter,LEMMA,,MASTER,0,0,0,,,,,0,0,0,ESDB_V0_4
16951,17323,barnett,-12.9654,0,NOT_EXACT_EN_US,,,,,,,REJECTED_AUTO,0,0,0,,,,,0,0,0,ESDB_V0_4
16952,17324,baroness,-12.9654,1,PASS,50,,n,baroness,LEMMA,,MASTER,0,0,0,,,,,0,0,0,ESDB_V0_4
16953,17325,basilica,-12.9654,1,PASS,50,,n,basilica,LEMMA,,MASTER,0,0,0,,,,,0,0,0,ESDB_V0_4
16954,17326,batsman,-12.9654,1,PASS,35,,n,batsman,LEMMA,,MASTER,0,0,0,,,,,0,0,0,ESDB_V0_4
16955,17327,benchmarks,-12.9654,1,PASS,40,,n,benchmark,FORM,,MASTER,0,1,0,,benchmark,,,1,0,0,ESDB_V0_4
16956,17328,benefiting,-12.9654,1,PASS,35,,n_v,benefit,FORM,,MASTER,0,0,0,,,,,0,0,0,ESDB_V0_4
16957,17329,birthdays,-12.9654,1,PASS,35,,n,birthday,FORM,,MASTER,0,1,0,,birthday,,,1,0,0,ESDB_V0_4
16958,17330,blasts,-12.9654,1,PASS,35,,n_v,blast,FORM,,MASTER,0,1,0,lasts,blast,,,2,0,0,ESDB_V0_4
16959,17331,bloodshed,-12.9654,1,PASS,35,,n,bloodshed,LEMMA,,MASTER,0,0,0,,,,,0,0,0,ESDB_V0_4
16960,17332,bmi,-12.9654,0,NOT_EXACT_EN_US,,,,,,,REJECTED_AUTO,0,0,0,,,,,0,0,0,ESDB_V0_4
16961,17333,bodyguard,-12.9654,1,PASS,35,,n,bodyguard,LEMMA,,MASTER,0,0,0,,,,,0,0,0,ESDB_V0_4
16962,17334,bombardment,-12.9654,1,PASS,35,,n,bombardment,LEMMA,,MASTER,0,0,0,,,,,0,0,0,ESDB_V0_4
16963,17335,breakers,-12.9654,1,PASS,50,,n,breaker,FORM,,MASTER,0,1,0,,breaker,,,1,0,0,ESDB_V0_4
16964,17336,bribery,-12.9654,1,PASS,35,,n,bribery,LEMMA,,MASTER,0,0,0,,,,,0,0,0,ESDB_V0_4
16965,17337,bridget,-12.9654,0,NOT_EXACT_EN_US,,,,,,,REJECTED_AUTO,0,0,0,,,,,0,0,0,ESDB_V0_4
16966,17338,brigades,-12.9654,1,PASS,35,,n,brigade,FORM,,MASTER,0,1,0,,brigade,,,1,0,0,ESDB_V0_4
16967,17339,brilliance,-12.9654,1,PASS,35,,n,brilliance,LEMMA,,MASTER,0,0,0,,,,,0,0,0,ESDB_V0_4
16968,17340,browne,-12.9654,0,NOT_EXACT_EN_US,,,,,,,REJECTED_AUTO,0,0,0,,,,,0,0,0,ESDB_V0_4
16969,17341,browning,-12.9654,1,PASS,35,50,n_v;n,brown;browning,FORM;LEMMA,,MASTER,0,0,0,,,,,0,0,0,ESDB_V0_4
16970,17343,burnley,-12.9654,0,NOT_EXACT_EN_US,,,,,,,REJECTED_AUTO,0,0,0,,,,,0,0,0,ESDB_V0_4
16971,17344,cactus,-12.9654,1,PASS,35,,n,cactus,LEMMA;FORM,,MASTER,0,0,0,,,,,0,0,0,ESDB_V0_4
16972,17345,cara,-12.9654,0,NOT_EXACT_EN_US,,,,,,,REJECTED_AUTO,0,0,0,,,,,0,0,0,ESDB_V0_4
16973,17346,carpets,-12.9654,1,PASS,35,,n_v,carpet,FORM,,MASTER,0,1,0,,carpet,,,1,0,0,ESDB_V0_4
16974,17347,celtics,-12.9654,0,NOT_EXACT_EN_US,,,,,,,REJECTED_AUTO,0,0,0,,,,,0,0,0,ESDB_V0_4
16975,17348,checkpoint,-12.9654,1,PASS,35,,n,checkpoint,LEMMA,,MASTER,0,0,0,,,,,0,0,0,ESDB_V0_4
16976,17349,cheshire,-12.9654,0,NOT_EXACT_EN_US,,,,,,,REJECTED_AUTO,0,0,0,,,,,0,0,0,ESDB_V0_4
16977,17350,chopper,-12.9654,1,PASS,35,,n_v,chopper,LEMMA,,MASTER,0,1,0,hopper,,,,1,0,0,ESDB_V0_4
16978,17351,chronological,-12.9654,1,PASS,35,,aj,chronological,LEMMA,,MASTER,0,0,0,,,,,0,0,0,ESDB_V0_4
16979,17352,cleanse,-12.9654,1,PASS,35,,v,cleanse,LEMMA,,MASTER,0,0,0,,,,,0,0,0,ESDB_V0_4
16980,17353,clerks,-12.9654,1,PASS,35,,n_v,clerk,FORM,,MASTER,0,1,0,,clerk,,,1,0,0,ESDB_V0_4
16981,17354,climates,-12.9654,1,PASS,35,,n,climate,FORM,,MASTER,0,1,0,,climate,,,1,0,0,ESDB_V0_4
16982,17355,clueless,-12.9654,1,PASS,35,,aj,clueless,LEMMA,,MASTER,0,0,0,,,,,0,0,0,ESDB_V0_4
16983,17356,cms,-12.9654,0,NOT_EXACT_EN_US,,,,,,,REJECTED_AUTO,0,0,0,,,,,0,0,0,ESDB_V0_4
16984,17357,coined,-12.9654,1,PASS,35,,n_v,coin,FORM,,MASTER,0,0,0,,,,,0,0,0,ESDB_V0_4
16985,17358,collaborations,-12.9654,1,PASS,35,,n,collaboration,FORM,,MASTER,0,1,0,,collaboration,,,1,0,0,ESDB_V0_4
16986,17359,colossal,-12.9654,1,PASS,35,,aj,colossal,LEMMA,,MASTER,0,0,0,,,,,0,0,0,ESDB_V0_4
16987,17360,commodore,-12.9654,1,PASS,35,,n,commodore,LEMMA,,MASTER,0,0,0,,,,,0,0,0,ESDB_V0_4
16988,17361,conclusive,-12.9654,1,PASS,35,,aj,conclusive,LEMMA,,MASTER,0,0,0,,,,,0,0,0,ESDB_V0_4
16989,17362,conducive,-12.9654,1,PASS,35,,aj,conducive,LEMMA,,MASTER,0,0,0,,,,,0,0,0,ESDB_V0_4
16990,17363,congregations,-12.9654,1,PASS,35,,n,congregation,FORM,,MASTER,0,1,0,,congregation,,,1,0,0,ESDB_V0_4
16991,17364,consultancy,-12.9654,1,PASS,35,,n,consultancy,LEMMA,,MASTER,0,0,0,,,,,0,0,0,ESDB_V0_4
16992,17365,contemplated,-12.9654,1,PASS,35,,v,contemplate,FORM,,MASTER,0,1,0,,contemplate,,,1,0,0,ESDB_V0_4
16993,17366,corrective,-12.9654,1,PASS,35,,n;aj,corrective,LEMMA,,MASTER,0,0,0,,,,,0,0,0,ESDB_V0_4
16994,17367,cosmopolitan,-12.9654,1,PASS,35,,n;aj,cosmopolitan,LEMMA,,MASTER,0,0,0,,,,,0,0,0,ESDB_V0_4
16995,17368,culprit,-12.9654,1,PASS,35,,n,culprit,LEMMA,,MASTER,0,0,0,,,,,0,0,0,ESDB_V0_4
16996,17369,cw,-12.9654,0,NO_ESDB_GENERAL_EVIDENCE,,,,,,,REJECTED_AUTO,0,0,0,,,,,0,0,0,ESDB_V0_4
16997,17370,decor,-12.9654,1,PASS,40,,n,decor,LEMMA,,MASTER,0,0,0,,,,,0,0,0,ESDB_V0_4
16998,17371,deem,-12.9654,1,PASS,35,,v,deem,LEMMA,,MASTER,0,0,0,,,,,0,0,0,ESDB_V0_4
16999,17372,delaying,-12.9654,1,PASS,35,,n_v,delay,FORM,,MASTER,0,0,0,,,,,0,0,0,ESDB_V0_4
17000,17373,delusion,-12.9654,1,PASS,35,,n,delusion,LEMMA,,MASTER,0,1,1,,,,delusions,0,1,1,ESDB_V0_4
17001,17374,delusional,-12.9654,1,PASS,60,,aj,delusional,LEMMA,,MASTER,0,0,0,,,,,0,0,0,ESDB_V0_4
17002,17375,denomination,-12.9654,1,PASS,35,,n,denomination,LEMMA,,MASTER,0,1,1,,,,denominations,0,1,1,ESDB_V0_4
17003,17376,directional,-12.9654,1,PASS,50,,aj,directional,LEMMA,,MASTER,0,0,0,,,,,0,0,0,ESDB_V0_4
17004,17377,discard,-12.9654,1,PASS,35,,n_v,discard,LEMMA,,MASTER,0,0,0,,,,,0,0,0,ESDB_V0_4
17005,17378,discrepancy,-12.9654,1,PASS,35,,n,discrepancy,LEMMA,,MASTER,0,0,0,,,,,0,0,0,ESDB_V0_4
17006,17379,distinctions,-12.9654,1,PASS,35,,n,distinction,FORM,,MASTER,0,1,0,,distinction,,,1,0,0,ESDB_V0_4
17007,17380,distractions,-12.9654,1,PASS,35,,n,distraction,FORM,,MASTER,0,1,0,,distraction,,,1,0,0,ESDB_V0_4
17008,17381,divisional,-12.9654,1,PASS,50,,aj,divisional,LEMMA,,MASTER,0,0,0,,,,,0,0,0,ESDB_V0_4
17009,17382,dominique,-12.9654,0,NOT_EXACT_EN_US,,,,,,,REJECTED_AUTO,0,0,0,,,,,0,0,0,ESDB_V0_4
17010,17383,donuts,-12.9654,1,PASS,35,,n,donut,FORM,,MASTER,0,0,0,,,,,0,0,0,ESDB_V0_4
17011,17384,drawers,-12.9654,1,PASS,35,,n,drawer,FORM,,MASTER,0,1,0,,drawer,,,1,0,0,ESDB_V0_4
17012,17385,eduardo,-12.9654,0,NOT_EXACT_EN_US,,,,,,,REJECTED_AUTO,0,0,0,,,,,0,0,0,ESDB_V0_4
17013,17386,elevators,-12.9654,1,PASS,35,,n,elevator,FORM,,MASTER,0,1,0,,elevator,,,1,0,0,ESDB_V0_4
17014,17387,elton,-12.9654,0,NOT_EXACT_EN_US,,,,,,,REJECTED_AUTO,0,0,0,,,,,0,0,0,ESDB_V0_4
17015,17388,emailed,-12.9654,1,PASS,35,,n_v,email,FORM,,MASTER,0,1,0,mailed,,,,1,0,0,ESDB_V0_4
17016,17389,embodied,-12.9654,1,PASS,35,,aj;v,embodied;embody,LEMMA;FORM,,MASTER,0,0,0,,,,,0,0,0,ESDB_V0_4
17017,17390,ems,-12.9654,1,PASS,50,,n,em,FORM,,MASTER,0,1,1,,em,gems,,1,1,0,ESDB_V0_4
17018,17391,ensued,-12.9654,1,PASS,35,,v,ensue,FORM,,MASTER,0,0,0,,,,,0,0,0,ESDB_V0_4
17019,17392,entertainer,-12.9654,1,PASS,35,,n,entertainer,LEMMA,,MASTER,0,0,0,,,,,0,0,0,ESDB_V0_4
17020,17393,evade,-12.9654,1,PASS,35,,v,evade,LEMMA,,MASTER,0,0,0,,,,,0,0,0,ESDB_V0_4
17021,17394,excludes,-12.9654,1,PASS,35,,v,exclude,FORM,,MASTER,0,1,0,,exclude,,,1,0,0,ESDB_V0_4
17022,17395,exhaustive,-12.9654,1,PASS,35,,aj,exhaustive,LEMMA,,MASTER,0,0,0,,,,,0,0,0,ESDB_V0_4
17023,17396,explanatory,-12.9654,1,PASS,35,,aj,explanatory,LEMMA,,MASTER,0,0,0,,,,,0,0,0,ESDB_V0_4
17024,17397,expressive,-12.9654,1,PASS,35,,aj,expressive,LEMMA,,MASTER,0,0,0,,,,,0,0,0,ESDB_V0_4
17025,17398,fag,-12.9654,1,PASS,40,,n_v,fag,LEMMA,,MASTER,0,1,0,,fa,,,1,0,0,ESDB_V0_4
17026,17399,farmland,-12.9654,1,PASS,35,,n,farmland,LEMMA,,MASTER,0,0,0,,,,,0,0,0,ESDB_V0_4
17027,17400,feeder,-12.9654,1,PASS,35,,n,feeder,LEMMA,,MASTER,0,0,0,,,,,0,0,0,ESDB_V0_4
17028,17401,ferris,-12.9654,0,NOT_EXACT_EN_US,,,,,,,REJECTED_AUTO,0,0,0,,,,,0,0,0,ESDB_V0_4
17029,17402,fleets,-12.9654,1,PASS,35,,n_v,fleet,FORM,,MASTER,0,1,0,,fleet,,,1,0,0,ESDB_V0_4
17030,17403,flirt,-12.9654,1,PASS,35,,n_v,flirt,LEMMA,,MASTER,0,0,0,,,,,0,0,0,ESDB_V0_4
17031,17404,fodder,-12.9654,1,PASS,35,,n,fodder,LEMMA,,MASTER,0,0,0,,,,,0,0,0,ESDB_V0_4
17032,17405,forks,-12.9654,1,PASS,35,,n_v,fork,FORM,,MASTER,0,1,0,,fork,,,1,0,0,ESDB_V0_4
17033,17406,fourteenth,-12.9654,1,PASS,35,,n,fourteenth,LEMMA,,MASTER,0,0,0,,,,,0,0,0,ESDB_V0_4
17034,17407,freaky,-12.9654,1,PASS,50,,aj,freaky,LEMMA,,MASTER,0,1,0,,freak,,,1,0,0,ESDB_V0_4
17035,17408,fumes,-12.9654,1,PASS,35,,n_v,fume,FORM,,MASTER,0,0,0,,,,,0,0,0,ESDB_V0_4
17036,17409,funnier,-12.9654,1,PASS,35,,aj,funny,FORM,,MASTER,0,0,0,,,,,0,0,0,ESDB_V0_4
17037,17410,furry,-12.9654,1,PASS,35,,aj,furry,LEMMA,,MASTER,0,0,0,,,,,0,0,0,ESDB_V0_4
17038,17411,gadget,-12.9654,1,PASS,35,,n,gadget,LEMMA,,MASTER,0,1,1,,,,gadgets,0,1,1,ESDB_V0_4
17039,17412,gao,-12.9654,0,NOT_EXACT_EN_US,,,,,,,REJECTED_AUTO,0,0,0,,,,,0,0,0,ESDB_V0_4
17040,17413,genie,-12.9654,1,PASS,35,,n,genie,LEMMA,,MASTER,0,0,0,,,,,0,0,0,ESDB_V0_4
17041,17414,gland,-12.9654,1,PASS,35,,n,gland,LEMMA,,MASTER,0,1,1,land,,,glands,1,1,1,ESDB_V0_4
17042,17415,gloomy,-12.9654,1,PASS,35,,aj,gloomy,LEMMA,,MASTER,0,1,0,,gloom,,,1,0,0,ESDB_V0_4
17043,17416,glued,-12.9654,1,PASS,35,,n_v;aj,glue;glued,FORM;LEMMA,,MASTER,0,1,0,,glue,,,1,0,0,ESDB_V0_4
17044,17417,gujarat,-12.9654,0,NOT_EXACT_EN_US,,,,,,,REJECTED_AUTO,0,0,0,,,,,0,0,0,ESDB_V0_4
17045,17418,gymnastics,-12.9654,1,PASS,35,,n,gymnastics,LEMMA,,MASTER,0,0,0,,,,,0,0,0,ESDB_V0_4
17046,17419,heinrich,-12.9654,0,NOT_EXACT_EN_US,,,,,,,REJECTED_AUTO,0,0,0,,,,,0,0,0,ESDB_V0_4
17047,17420,hiatus,-12.9654,1,PASS,35,,n,hiatus,LEMMA;FORM,,MASTER,0,0,0,,,,,0,0,0,ESDB_V0_4
17048,17421,hobart,-12.9654,0,NOT_EXACT_EN_US,,,,,,,REJECTED_AUTO,0,0,0,,,,,0,0,0,ESDB_V0_4
17049,17422,homelessness,-12.9654,1,PASS,40,,n,homelessness,LEMMA,,MASTER,0,0,0,,,,,0,0,0,ESDB_V0_4
17050,17423,hoo,-12.9654,0,NOT_EXACT_EN_US,,,,,,,REJECTED_AUTO,0,0,0,,,,,0,0,0,ESDB_V0_4
17051,17424,hoop,-12.9654,1,PASS,35,,n_v,hoop,LEMMA,,MASTER,0,1,1,,,,hoops,0,1,1,ESDB_V0_4
17052,17425,horsepower,-12.9654,1,PASS,35,,n,horsepower,LEMMA;FORM,,MASTER,0,0,0,,,,,0,0,0,ESDB_V0_4
17053,17426,hotline,-12.9654,1,PASS,40,,n,hotline,LEMMA,,MASTER,0,0,0,,,,,0,0,0,ESDB_V0_4
17054,17427,housewife,-12.9654,1,PASS,35,,n,housewife,LEMMA,,MASTER,0,0,0,,,,,0,0,0,ESDB_V0_4
17055,17428,hovering,-12.9654,1,PASS,35,,v,hover,FORM,,MASTER,0,0,0,,,,,0,0,0,ESDB_V0_4
17056,17429,hubert,-12.9654,0,NOT_EXACT_EN_US,,,,,,,REJECTED_AUTO,0,0,0,,,,,0,0,0,ESDB_V0_4
17057,17430,hugged,-12.9654,1,PASS,35,,n_v,hug,FORM,,MASTER,0,0,0,,,,,0,0,0,ESDB_V0_4
17058,17431,hutchinson,-12.9654,0,NOT_EXACT_EN_US,,,,,,,REJECTED_AUTO,0,0,0,,,,,0,0,0,ESDB_V0_4
17059,17432,imaginative,-12.9654,1,PASS,35,,aj,imaginative,LEMMA,,MASTER,0,0,0,,,,,0,0,0,ESDB_V0_4
17060,17433,inaccessible,-12.9654,1,PASS,35,,aj,inaccessible,LEMMA,,MASTER,0,0,0,,,,,0,0,0,ESDB_V0_4
17061,17434,independents,-12.9654,1,PASS,35,,n,independent,FORM,,MASTER,0,1,0,,independent,,,1,0,0,ESDB_V0_4
17062,17435,infancy,-12.9654,1,PASS,35,,n,infancy,LEMMA,,MASTER,0,0,0,,,,,0,0,0,ESDB_V0_4
17063,17436,intellectually,-12.9654,1,PASS,35,,av,intellectually,LEMMA,,MASTER,0,0,0,,,,,0,0,0,ESDB_V0_4
17064,17437,intra,-12.9654,0,NOT_EXACT_EN_US,,,,,,,REJECTED_AUTO,0,0,0,,,,,0,0,0,ESDB_V0_4
17065,17438,joys,-12.9654,1,PASS,35,,n_v,joy,FORM,,MASTER,0,1,0,,joy,,,1,0,0,ESDB_V0_4
17066,17439,julien,-12.9654,0,NOT_EXACT_EN_US,,,,,,,REJECTED_AUTO,0,0,0,,,,,0,0,0,ESDB_V0_4
17067,17440,kaplan,-12.9654,0,NOT_EXACT_EN_US,,,,,,,REJECTED_AUTO,0,0,0,,,,,0,0,0,ESDB_V0_4
17068,17441,karaoke,-12.9654,1,PASS,50,,n,karaoke,LEMMA,,MASTER,0,0,0,,,,,0,0,0,ESDB_V0_4
17069,17442,lars,-12.9654,0,NOT_EXACT_EN_US,,,,,,,REJECTED_AUTO,0,0,0,,,,,0,0,0,ESDB_V0_4
17070,17443,layered,-12.9654,1,PASS,35,,n_v;aj,layer;layered,FORM;LEMMA,,MASTER,0,0,0,,,,,0,0,0,ESDB_V0_4
17071,17444,lc,-12.9654,0,NOT_EXACT_EN_US,,,,,,,REJECTED_AUTO,0,0,0,,,,,0,0,0,ESDB_V0_4
17072,17445,loot,-12.9654,1,PASS,35,,n;v,loot,LEMMA,,MASTER,0,0,0,,,,,0,0,0,ESDB_V0_4
17073,17446,luca,-12.9654,0,NOT_EXACT_EN_US,,,,,,,REJECTED_AUTO,0,0,0,,,,,0,0,0,ESDB_V0_4
17074,17447,magnum,-12.9654,1,PASS,35,,n;a,magnum,LEMMA,,MASTER,0,0,0,,,,,0,0,0,ESDB_V0_4
17075,17448,mana,-12.9654,1,PASS,60,,n,mana,LEMMA,,MASTER,0,1,0,,man,,,1,0,0,ESDB_V0_4
17076,17449,manure,-12.9654,1,PASS,35,,n;v,manure,LEMMA,,MASTER,0,0,0,,,,,0,0,0,ESDB_V0_4
17077,17450,measurable,-12.9654,1,PASS,35,,aj,measurable,LEMMA,,MASTER,0,0,0,,,,,0,0,0,ESDB_V0_4
17078,17451,michaels,-12.9654,0,NOT_EXACT_EN_US,,,,,,,REJECTED_AUTO,0,0,0,,,,,0,0,0,ESDB_V0_4
17079,17452,misty,-12.9654,1,PASS,35,50,aj,misty,LEMMA,,MASTER,0,1,0,,mist,,,1,0,0,ESDB_V0_4
17080,17453,moderator,-12.9654,1,PASS,35,,n,moderator,LEMMA,,MASTER,0,0,0,,,,,0,0,0,ESDB_V0_4
17081,17454,nielsen,-12.9654,0,NOT_EXACT_EN_US,,,,,,,REJECTED_AUTO,0,0,0,,,,,0,0,0,ESDB_V0_4
17082,17455,nitrate,-12.9654,1,PASS,35,,n_v,nitrate,LEMMA,,MASTER,0,0,0,,,,,0,0,0,ESDB_V0_4
17083,17456,noir,-12.9654,1,PASS,60,,n,noir,LEMMA,,MASTER,0,0,0,,,,,0,0,0,ESDB_V0_4
17084,17457,nostalgic,-12.9654,1,PASS,35,,aj,nostalgic,LEMMA,,MASTER,0,0,0,,,,,0,0,0,ESDB_V0_4
17085,17458,observes,-12.9654,1,PASS,35,,v,observe,FORM,,MASTER,0,1,0,,observe,,,1,0,0,ESDB_V0_4
17086,17459,od,-12.9654,0,NOT_EXACT_EN_US,,,,,,,REJECTED_AUTO,0,0,0,,,,,0,0,0,ESDB_V0_4
17087,17460,odor,-12.9654,1,PASS,35,,n,odor,LEMMA,,MASTER,0,0,0,,,,,0,0,0,ESDB_V0_4
17088,17461,opposes,-12.9654,1,PASS,35,,v,oppose,FORM,,MASTER,0,1,0,,oppose,,,1,0,0,ESDB_V0_4
17089,17462,ornamental,-12.9654,1,PASS,35,,aj,ornamental,LEMMA,,MASTER,0,0,0,,,,,0,0,0,ESDB_V0_4
17090,17463,otis,-12.9654,0,NOT_EXACT_EN_US,,,,,,,REJECTED_AUTO,0,0,0,,,,,0,0,0,ESDB_V0_4
17091,17464,outing,-12.9654,1,PASS,35,,n_v;n,out;outing,FORM;LEMMA,,MASTER,0,1,1,,,routing,,0,1,0,ESDB_V0_4
17092,17465,outsourcing,-12.9654,1,PASS,40,,v;n,outsource;outsourcing,FORM;LEMMA,,MASTER,0,0,0,,,,,0,0,0,ESDB_V0_4
17093,17466,pandora,-12.9654,0,NOT_EXACT_EN_US,,,,,,,REJECTED_AUTO,0,0,0,,,,,0,0,0,ESDB_V0_4
17094,17467,parry,-12.9654,1,PASS,50,,n_v,parry,LEMMA,,MASTER,0,0,0,,,,,0,0,0,ESDB_V0_4
17095,17468,participates,-12.9654,1,PASS,35,,v,participate,FORM,,MASTER,0,1,0,,participate,,,1,0,0,ESDB_V0_4
17096,17469,peacekeeping,-12.9654,1,PASS,40,,n,peacekeeping,LEMMA,,MASTER,0,0,0,,,,,0,0,0,ESDB_V0_4
17097,17470,pebble,-12.9654,1,PASS,35,,n_v,pebble,LEMMA,,MASTER,0,0,0,,,,,0,0,0,ESDB_V0_4
17098,17471,peril,-12.9654,1,PASS,35,,n_v,peril,LEMMA,,MASTER,0,0,0,,,,,0,0,0,ESDB_V0_4
17099,17472,pervasive,-12.9654,1,PASS,35,,aj,pervasive,LEMMA,,MASTER,0,0,0,,,,,0,0,0,ESDB_V0_4
17100,17473,pickle,-12.9654,1,PASS,35,,n_v,pickle,LEMMA,,MASTER,0,1,1,,,,pickles,0,1,1,ESDB_V0_4
17101,17474,pivot,-12.9654,1,PASS,35,,n_v,pivot,LEMMA,,MASTER,0,0,0,,,,,0,0,0,ESDB_V0_4
17102,17475,playwright,-12.9654,1,PASS,35,,n,playwright,LEMMA,,MASTER,0,0,0,,,,,0,0,0,ESDB_V0_4
17103,17476,portfolios,-12.9654,1,PASS,35,,n,portfolio,FORM,,MASTER,0,1,0,,portfolio,,,1,0,0,ESDB_V0_4
17104,17477,proclaim,-12.9654,1,PASS,35,,v,proclaim,LEMMA,,MASTER,0,0,0,,,,,0,0,0,ESDB_V0_4
17105,17478,propagation,-12.9654,1,PASS,35,,n,propagation,LEMMA,,MASTER,0,0,0,,,,,0,0,0,ESDB_V0_4
17106,17479,psyche,-12.9654,1,PASS,35,50,n_v,psyche,LEMMA,,MASTER,0,1,0,,psych,,,1,0,0,ESDB_V0_4
17107,17480,psychologically,-12.9654,1,PASS,35,,av,psychologically,LEMMA,,MASTER,0,0,0,,,,,0,0,0,ESDB_V0_4
17108,17481,pyramids,-12.9654,1,PASS,35,,n_v,pyramid,FORM,,MASTER,0,1,0,,pyramid,,,1,0,0,ESDB_V0_4
17109,17482,qualifier,-12.9654,1,PASS,35,,n,qualifier,LEMMA,,MASTER,0,0,0,,,,,0,0,0,ESDB_V0_4
17110,17483,qualifies,-12.9654,1,PASS,35,,v,qualify,FORM,,MASTER,0,0,0,,,,,0,0,0,ESDB_V0_4
17111,17484,ramon,-12.9654,0,NOT_EXACT_EN_US,,,,,,,REJECTED_AUTO,0,0,0,,,,,0,0,0,ESDB_V0_4
17112,17485,rector,-12.9654,1,PASS,35,,n,rector,LEMMA,,MASTER,0,0,0,,,,,0,0,0,ESDB_V0_4
17113,17486,recurrent,-12.9654,1,PASS,35,,aj,recurrent,LEMMA,,MASTER,0,0,0,,,,,0,0,0,ESDB_V0_4
17114,17487,redundancy,-12.9654,1,PASS,35,,n,redundancy,LEMMA,,MASTER,0,0,0,,,,,0,0,0,ESDB_V0_4
17115,17488,reefs,-12.9654,1,PASS,35,,n_v,reef,FORM,,MASTER,0,1,0,,reef,,,1,0,0,ESDB_V0_4
17116,17489,regulars,-12.9654,1,PASS,35,,n,regular,FORM,,MASTER,0,1,0,,regular,,,1,0,0,ESDB_V0_4
17117,17490,relic,-12.9654,1,PASS,35,,n,relic,LEMMA,,MASTER,0,1,1,,,,relics,0,1,1,ESDB_V0_4
17118,17491,rendition,-12.9654,1,PASS,35,,n,rendition,LEMMA,,MASTER,0,0,0,,,,,0,0,0,ESDB_V0_4
17119,17492,republics,-12.9654,1,PASS,35,,n,republic,FORM,,MASTER,0,1,0,,republic,,,1,0,0,ESDB_V0_4
17120,17493,reversing,-12.9654,1,PASS,35,,n_v;n,reverse;reversing,FORM;LEMMA,,MASTER,0,0,0,,,,,0,0,0,ESDB_V0_4
17121,17494,richness,-12.9654,1,PASS,35,,n,richness,LEMMA,,MASTER,0,0,0,,,,,0,0,0,ESDB_V0_4
17122,17495,ridicule,-12.9654,1,PASS,35,,n;v,ridicule,LEMMA,,MASTER,0,0,0,,,,,0,0,0,ESDB_V0_4
17123,17496,risked,-12.9654,1,PASS,35,,n_v,risk,FORM,,MASTER,0,0,0,,,,,0,0,0,ESDB_V0_4
17124,17497,roadside,-12.9654,1,PASS,35,,n;a,roadside,LEMMA,,MASTER,0,0,0,,,,,0,0,0,ESDB_V0_4
17125,17498,rosen,-12.9654,0,NOT_EXACT_EN_US,,,,,,,REJECTED_AUTO,0,0,0,,,,,0,0,0,ESDB_V0_4
17126,17499,rpg,-12.9654,0,NOT_EXACT_EN_US,,,,,,,REJECTED_AUTO,0,0,0,,,,,0,0,0,ESDB_V0_4
17127,17501,sainte,-12.9654,0,NOT_EXACT_EN_US,,,,,,,REJECTED_AUTO,0,0,0,,,,,0,0,0,ESDB_V0_4
17128,17502,schoolboy,-12.9654,1,PASS,35,,n,schoolboy,LEMMA,,MASTER,0,0,0,,,,,0,0,0,ESDB_V0_4
17129,17503,sclerosis,-12.9654,1,PASS,50,,n,sclerosis,LEMMA,,MASTER,0,0,0,,,,,0,0,0,ESDB_V0_4
17130,17504,semantic,-12.9654,1,PASS,35,,aj,semantic,LEMMA,,MASTER,0,1,1,,,,semantics,0,1,0,ESDB_V0_4
17131,17505,semitism,-12.9654,0,NOT_EXACT_EN_US,,,,,,,REJECTED_AUTO,0,0,0,,,,,0,0,0,ESDB_V0_4
17132,17506,settles,-12.9654,1,PASS,35,,n_v,settle,FORM,,MASTER,0,1,0,,settle,,,1,0,0,ESDB_V0_4
17133,17507,seventeenth,-12.9654,1,PASS,35,,n,seventeenth,LEMMA,,MASTER,0,0,0,,,,,0,0,0,ESDB_V0_4
17134,17508,seville,-12.9654,0,NOT_EXACT_EN_US,,,,,,,REJECTED_AUTO,0,0,0,,,,,0,0,0,ESDB_V0_4
17135,17509,sharma,-12.9654,0,NOT_EXACT_EN_US,,,,,,,REJECTED_AUTO,0,0,0,,,,,0,0,0,ESDB_V0_4
17136,17510,shear,-12.9654,1,PASS,35,,n_v,shear,LEMMA,,MASTER,0,1,0,hear,,,,1,0,0,ESDB_V0_4
17137,17511,silicone,-12.9654,1,PASS,50,,n,silicone,LEMMA,,MASTER,0,1,0,,silicon,,,1,0,0,ESDB_V0_4
17138,17512,sire,-12.9654,1,PASS,35,,n_v,sire,LEMMA,,MASTER,0,1,1,,sir,,siren,1,1,0,ESDB_V0_4
17139,17513,sleeper,-12.9654,1,PASS,35,,n,sleeper,LEMMA,,MASTER,0,0,0,,,,,0,0,0,ESDB_V0_4
17140,17514,slovenian,-12.9654,0,NOT_EXACT_EN_US,,,,,,,REJECTED_AUTO,0,0,0,,,,,0,0,0,ESDB_V0_4
17141,17515,smoker,-12.9654,1,PASS,35,,n,smoker,LEMMA,,MASTER,0,1,1,,smoke,,smokers,1,1,1,ESDB_V0_4
17142,17516,sniff,-12.9654,1,PASS,35,,n_v,sniff,LEMMA,,MASTER,0,0,0,,,,,0,0,0,ESDB_V0_4
17143,17517,soaking,-12.9654,1,PASS,35,,n_v;n,soak;soaking,FORM;LEMMA,,MASTER,0,0,0,,,,,0,0,0,ESDB_V0_4
17144,17518,soluble,-12.9654,1,PASS,35,,n;aj,soluble,LEMMA,,MASTER,0,0,0,,,,,0,0,0,ESDB_V0_4
17145,17519,soooo,-12.9654,0,NOT_EXACT_EN_US,,,,,,,REJECTED_AUTO,0,0,0,,,,,0,0,0,ESDB_V0_4
17146,17520,spaced,-12.9654,1,PASS,35,,n_v;aj,space;spaced,FORM;LEMMA,,MASTER,0,1,0,paced,space,,,2,0,0,ESDB_V0_4
17147,17521,spawning,-12.9654,1,PASS,35,,n_v;n,spawn;spawning,FORM;LEMMA,,MASTER,0,0,0,,,,,0,0,0,ESDB_V0_4
17148,17522,sporadic,-12.9654,1,PASS,35,,aj,sporadic,LEMMA,,MASTER,0,0,0,,,,,0,0,0,ESDB_V0_4
17149,17523,sprinkle,-12.9654,1,PASS,35,,n_v,sprinkle,LEMMA,,MASTER,0,0,0,,,,,0,0,0,ESDB_V0_4
17150,17524,stamford,-12.9654,0,NOT_EXACT_EN_US,,,,,,,REJECTED_AUTO,0,0,0,,,,,0,0,0,ESDB_V0_4
17151,17525,statewide,-12.9654,1,PASS,40,,aj,statewide,LEMMA,,MASTER,0,0,0,,,,,0,0,0,ESDB_V0_4
17152,17526,stemming,-12.9654,1,PASS,35,,n_v,stem,FORM,,MASTER,0,0,0,,,,,0,0,0,ESDB_V0_4
17153,17527,stoked,-12.9654,1,PASS,35,,v,stoke,FORM,,MASTER,0,1,0,,stoke,,,1,0,0,ESDB_V0_4
17154,17528,stumble,-12.9654,1,PASS,35,,n_v,stumble,LEMMA,,MASTER,0,1,1,tumble,,,stumbled,1,1,1,ESDB_V0_4
17155,17529,subconscious,-12.9654,1,PASS,35,,n;aj,subconscious,LEMMA,,MASTER,0,0,0,,,,,0,0,0,ESDB_V0_4
17156,17530,supervise,-12.9654,1,PASS,35,,v,supervise,LEMMA,,MASTER,0,1,1,,,,supervised,0,1,1,ESDB_V0_4
17157,17531,swimmer,-12.9654,1,PASS,40,,n,swimmer,LEMMA,,MASTER,0,1,1,,,,swimmers,0,1,1,ESDB_V0_4
17158,17533,talbot,-12.9654,0,NOT_EXACT_EN_US,,,,,,,REJECTED_AUTO,0,0,0,,,,,0,0,0,ESDB_V0_4
17159,17534,tanya,-12.9654,0,NOT_EXACT_EN_US,,,,,,,REJECTED_AUTO,0,0,0,,,,,0,0,0,ESDB_V0_4
17160,17535,tattooed,-12.9654,1,PASS,35,,n_v,tattoo,FORM,,MASTER,0,0,0,,,,,0,0,0,ESDB_V0_4
17161,17536,texted,-12.9654,1,PASS,35,,n_v,text,FORM,,MASTER,0,0,0,,,,,0,0,0,ESDB_V0_4
17162,17537,thematic,-12.9654,1,PASS,40,,aj,thematic,LEMMA,,MASTER,0,0,0,,,,,0,0,0,ESDB_V0_4
17163,17538,tricked,-12.9654,1,PASS,35,,n_v,trick,FORM,,MASTER,0,0,0,,,,,0,0,0,ESDB_V0_4
17164,17539,trunks,-12.9654,1,PASS,35,,n,trunk,FORM,,MASTER,0,1,0,,trunk,,,1,0,0,ESDB_V0_4
17165,17540,tucson,-12.9654,0,NOT_EXACT_EN_US,,,,,,,REJECTED_AUTO,0,0,0,,,,,0,0,0,ESDB_V0_4
17166,17541,ubiquitous,-12.9654,1,PASS,35,,aj,ubiquitous,LEMMA,,MASTER,0,0,0,,,,,0,0,0,ESDB_V0_4
17167,17542,uncles,-12.9654,1,PASS,35,,n,uncle,FORM,,MASTER,0,1,0,,uncle,,,1,0,0,ESDB_V0_4
17168,17543,unfold,-12.9654,1,PASS,35,,v,unfold,LEMMA,,MASTER,0,0,0,,,,,0,0,0,ESDB_V0_4
17169,17544,unresolved,-12.9654,1,PASS,35,,aj,unresolved,LEMMA,,MASTER,0,0,0,,,,,0,0,0,ESDB_V0_4
17170,17545,upton,-12.9654,0,NOT_EXACT_EN_US,,,,,,,REJECTED_AUTO,0,0,0,,,,,0,0,0,ESDB_V0_4
17171,17546,uterus,-12.9654,1,PASS,35,,n,uterus,LEMMA,,MASTER,0,0,0,,,,,0,0,0,ESDB_V0_4
17172,17547,verde,-12.9654,0,NOT_EXACT_EN_US,,,,,,,REJECTED_AUTO,0,0,0,,,,,0,0,0,ESDB_V0_4
17173,17548,vin,-12.9654,0,NOT_EXACT_EN_US,,,,,,,REJECTED_AUTO,0,0,0,,,,,0,0,0,ESDB_V0_4
17174,17549,visibly,-12.9654,1,PASS,35,,av,visibly,LEMMA,,MASTER,0,0,0,,,,,0,0,0,ESDB_V0_4
17175,17550,vivian,-12.9654,0,NOT_EXACT_EN_US,,,,,,,REJECTED_AUTO,0,0,0,,,,,0,0,0,ESDB_V0_4
17176,17551,vowed,-12.9654,1,PASS,35,,n_v,vow,FORM,,MASTER,0,1,0,owed,,,,1,0,0,ESDB_V0_4
17177,17552,vowel,-12.9654,1,PASS,35,,n,vowel,LEMMA,,MASTER,0,0,0,,,,,0,0,0,ESDB_V0_4
17178,17553,vt,-12.9654,0,NOT_EXACT_EN_US,,,,,,,REJECTED_AUTO,0,0,0,,,,,0,0,0,ESDB_V0_4
17179,17554,vw,-12.9654,0,NOT_EXACT_EN_US,,,,,,,REJECTED_AUTO,0,0,0,,,,,0,0,0,ESDB_V0_4
17180,17555,whack,-12.9654,1,PASS,35,,n_v,whack,LEMMA,,MASTER,0,1,0,hack,,,,1,0,0,ESDB_V0_4
17181,17556,widows,-12.9654,1,PASS,35,,n_v,widow,FORM,,MASTER,0,1,0,,widow,,,1,0,0,ESDB_V0_4
17182,17557,wolfgang,-12.9654,0,NOT_EXACT_EN_US,,,,,,,REJECTED_AUTO,0,0,0,,,,,0,0,0,ESDB_V0_4
17183,17558,wolverine,-12.9654,1,PASS,50,,n,wolverine,LEMMA;FORM,,MASTER,0,0,0,,,,,0,0,0,ESDB_V0_4
17184,17559,worldly,-12.9654,1,PASS,35,,aj,worldly,LEMMA,,MASTER,0,0,0,,,,,0,0,0,ESDB_V0_4
17185,17560,wretched,-12.9654,1,PASS,35,,aj,wretched,LEMMA,,MASTER,0,0,0,,,,,0,0,0,ESDB_V0_4
17186,17562,administrations,-12.987,1,PASS,35,,n,administration,FORM,,MASTER,0,1,0,,administration,,,1,0,0,ESDB_V0_4
17187,17563,afar,-12.987,1,PASS,35,,av,afar,LEMMA,,MASTER,0,1,0,far,,,,1,0,0,ESDB_V0_4
17188,17564,afp,-12.987,0,NOT_EXACT_EN_US,,,,,,,REJECTED_AUTO,0,0,0,,,,,0,0,0,ESDB_V0_4
17189,17565,agile,-12.987,1,PASS,35,,aj,agile,LEMMA,,MASTER,0,0,0,,,,,0,0,0,ESDB_V0_4
17190,17566,ames,-12.987,0,NOT_EXACT_EN_US,,,,,,,REJECTED_AUTO,0,0,0,,,,,0,0,0,ESDB_V0_4
17191,17567,annals,-12.987,1,PASS,35,,n,annals,LEMMA,,MASTER,0,0,0,,,,,0,0,0,ESDB_V0_4
17192,17568,antitrust,-12.987,1,PASS,40,,aj,antitrust,LEMMA,,MASTER,0,0,0,,,,,0,0,0,ESDB_V0_4
17193,17569,aromatic,-12.987,1,PASS,35,,n;aj,aromatic,LEMMA,,MASTER,0,0,0,,,,,0,0,0,ESDB_V0_4
17194,17570,assurances,-12.987,1,PASS,35,,n,assurance,FORM,,MASTER,0,1,0,,assurance,,,1,0,0,ESDB_V0_4
17195,17571,attendants,-12.987,1,PASS,35,,n,attendant,FORM,,MASTER,0,1,0,,attendant,,,1,0,0,ESDB_V0_4
17196,17572,avon,-12.987,0,NOT_EXACT_EN_US,,,,,,,REJECTED_AUTO,0,0,0,,,,,0,0,0,ESDB_V0_4
17197,17573,awarding,-12.987,1,PASS,35,,n_v;n,award;awarding,FORM;LEMMA,,MASTER,0,0,0,,,,,0,0,0,ESDB_V0_4
17198,17574,ax,-12.987,1,PASS,35,,n_v,ax,LEMMA,,MASTER,0,1,1,,a,tax;wax;fax;lax,axe,1,5,0,ESDB_V0_4
17199,17575,basins,-12.987,1,PASS,35,,n,basin,FORM,,MASTER,0,1,0,,basin,,,1,0,0,ESDB_V0_4
17200,17576,beauties,-12.987,1,PASS,35,,n,beauty,FORM,,MASTER,0,0,0,,,,,0,0,0,ESDB_V0_4
17201,17577,berger,-12.987,0,NOT_EXACT_EN_US,,,,,,,REJECTED_AUTO,0,0,0,,,,,0,0,0,ESDB_V0_4
17202,17578,bianca,-12.987,0,NOT_EXACT_EN_US,,,,,,,REJECTED_AUTO,0,0,0,,,,,0,0,0,ESDB_V0_4
17203,17579,biologist,-12.987,1,PASS,35,,n,biologist,LEMMA,,MASTER,0,1,1,,,,biologists,0,1,1,ESDB_V0_4
17204,17580,biomass,-12.987,1,PASS,60,,n,biomass,LEMMA,,MASTER,0,0,0,,,,,0,0,0,ESDB_V0_4
17205,17581,bl,-12.987,0,NO_ESDB_GENERAL_EVIDENCE,,,,,,,REJECTED_AUTO,0,0,0,,,,,0,0,0,ESDB_V0_4
17206,17582,blackmail,-12.987,1,PASS,35,,n;v,blackmail,LEMMA,,MASTER,0,0,0,,,,,0,0,0,ESDB_V0_4
17207,17583,blackpool,-12.987,0,NOT_EXACT_EN_US,,,,,,,REJECTED_AUTO,0,0,0,,,,,0,0,0,ESDB_V0_4
17208,17584,blooded,-12.987,1,PASS,35,,v;aj,blood;blooded,FORM;LEMMA,,MASTER,0,0,0,,,,,0,0,0,ESDB_V0_4
17209,17585,bnp,-12.987,0,NOT_EXACT_EN_US,,,,,,,REJECTED_AUTO,0,0,0,,,,,0,0,0,ESDB_V0_4
17210,17586,bono,-12.987,0,NOT_EXACT_EN_US,,,,,,,REJECTED_AUTO,0,0,0,,,,,0,0,0,ESDB_V0_4
17211,17587,boob,-12.987,1,PASS,40,,n_v,boob,LEMMA,,MASTER,0,1,1,,boo,,boobs,1,1,1,ESDB_V0_4
17212,17588,booming,-12.987,1,PASS,35,,n_v;aj,boom;booming,FORM;LEMMA,,MASTER,0,0,0,,,,,0,0,0,ESDB_V0_4
17213,17589,bouquet,-12.987,1,PASS,35,,n,bouquet,LEMMA,,MASTER,0,0,0,,,,,0,0,0,ESDB_V0_4
17214,17590,britney,-12.987,0,NOT_EXACT_EN_US,,,,,,,REJECTED_AUTO,0,0,0,,,,,0,0,0,ESDB_V0_4
17215,17591,busting,-12.987,1,PASS,35,,n_v,bust,FORM,,MASTER,0,0,0,,,,,0,0,0,ESDB_V0_4
17216,17592,calibration,-12.987,1,PASS,35,,n,calibration,LEMMA,,MASTER,0,0,0,,,,,0,0,0,ESDB_V0_4
17217,17593,cameo,-12.987,1,PASS,35,,n;a,cameo,LEMMA,,MASTER,0,1,0,,came,,,1,0,0,ESDB_V0_4
17218,17594,candid,-12.987,1,PASS,35,,aj,candid,LEMMA,,MASTER,0,0,0,,,,,0,0,0,ESDB_V0_4
17219,17595,caracas,-12.987,0,NOT_EXACT_EN_US,,,,,,,REJECTED_AUTO,0,0,0,,,,,0,0,0,ESDB_V0_4
17220,17596,cardio,-12.987,1,PASS,50,,n,cardio,LEMMA,,MASTER,0,0,0,,,,,0,0,0,ESDB_V0_4
17221,17597,carve,-12.987,1,PASS,35,,v,carve,LEMMA,,MASTER,0,1,1,,,,carved,0,1,1,ESDB_V0_4
17222,17598,cashier,-12.987,1,PASS,35,,n_v,cashier,LEMMA,,MASTER,0,0,0,,,,,0,0,0,ESDB_V0_4
17223,17599,caucasian,-12.987,0,NOT_EXACT_EN_US,,,,,,,REJECTED_AUTO,0,0,0,,,,,0,0,0,ESDB_V0_4
17224,17600,checkout,-12.987,1,PASS,35,,n,checkout,LEMMA,,MASTER,0,0,0,,,,,0,0,0,ESDB_V0_4
17225,17601,chubby,-12.987,1,PASS,35,,aj,chubby,LEMMA,,MASTER,0,0,0,,,,,0,0,0,ESDB_V0_4
17226,17602,clerical,-12.987,1,PASS,35,,aj,clerical,LEMMA,,MASTER,0,0,0,,,,,0,0,0,ESDB_V0_4
17227,17603,clinically,-12.987,1,PASS,35,,av,clinically,LEMMA,,MASTER,0,0,0,,,,,0,0,0,ESDB_V0_4
17228,17604,cocky,-12.987,1,PASS,35,,aj,cocky,LEMMA,,MASTER,0,1,0,,cock,,,1,0,0,ESDB_V0_4
17229,17605,coercion,-12.987,1,PASS,35,,n,coercion,LEMMA,,MASTER,0,0,0,,,,,0,0,0,ESDB_V0_4
17230,17606,colbert,-12.987,0,NOT_EXACT_EN_US,,,,,,,REJECTED_AUTO,0,0,0,,,,,0,0,0,ESDB_V0_4
17231,17607,composing,-12.987,1,PASS,35,,v;n,compose;composing,FORM;LEMMA,,MASTER,0,0,0,,,,,0,0,0,ESDB_V0_4
17232,17608,concerted,-12.987,1,PASS,35,,n_v;aj,concert;concerted,FORM;LEMMA,,MASTER,0,0,0,,,,,0,0,0,ESDB_V0_4
17233,17609,cones,-12.987,1,PASS,35,,n,cone,FORM,,MASTER,0,1,0,ones,cone,,,2,0,0,ESDB_V0_4
17234,17610,conjecture,-12.987,1,PASS,35,,n_v,conjecture,LEMMA,,MASTER,0,0,0,,,,,0,0,0,ESDB_V0_4
17235,17611,conserve,-12.987,1,PASS,35,,n_v,conserve,LEMMA,,MASTER,0,0,0,,,,,0,0,0,ESDB_V0_4
17236,17612,constellation,-12.987,1,PASS,35,,n,constellation,LEMMA,,MASTER,0,0,0,,,,,0,0,0,ESDB_V0_4
17237,17613,consular,-12.987,1,PASS,35,,aj,consular,LEMMA,,MASTER,0,0,0,,,,,0,0,0,ESDB_V0_4
17238,17614,consultations,-12.987,1,PASS,35,,n,consultation,FORM,,MASTER,0,1,0,,consultation,,,1,0,0,ESDB_V0_4
17239,17615,counsellor,-12.987,0,NOT_EXACT_EN_US,,,,,,,REJECTED_AUTO,0,0,0,,,,,0,0,0,ESDB_V0_4
17240,17616,crete,-12.987,0,NOT_EXACT_EN_US,,,,,,,REJECTED_AUTO,0,0,0,,,,,0,0,0,ESDB_V0_4
17241,17617,crusaders,-12.987,1,PASS,35,,n,crusader,FORM,,MASTER,0,0,0,,,,,0,0,0,ESDB_V0_4
17242,17618,cupboard,-12.987,1,PASS,35,,n,cupboard,LEMMA,,MASTER,0,0,0,,,,,0,0,0,ESDB_V0_4
17243,17619,curls,-12.987,1,PASS,35,,n_v,curl,FORM,,MASTER,0,1,0,,curl,,,1,0,0,ESDB_V0_4
17244,17620,dashboard,-12.987,1,PASS,35,,n,dashboard,LEMMA,,MASTER,0,0,0,,,,,0,0,0,ESDB_V0_4
17245,17621,denominations,-12.987,1,PASS,35,,n,denomination,FORM,,MASTER,0,1,0,,denomination,,,1,0,0,ESDB_V0_4
17246,17622,departures,-12.987,1,PASS,35,,n,departure,FORM,,MASTER,0,1,0,,departure,,,1,0,0,ESDB_V0_4
17247,17623,deteriorating,-12.987,1,PASS,35,,v,deteriorate,FORM,,MASTER,0,0,0,,,,,0,0,0,ESDB_V0_4
17248,17624,devastation,-12.987,1,PASS,35,,n,devastation,LEMMA,,MASTER,0,0,0,,,,,0,0,0,ESDB_V0_4
17249,17625,dickinson,-12.987,0,NOT_EXACT_EN_US,,,,,,,REJECTED_AUTO,0,0,0,,,,,0,0,0,ESDB_V0_4
17250,17626,differed,-12.987,1,PASS,35,,v,differ,FORM,,MASTER,0,0,0,,,,,0,0,0,ESDB_V0_4
17251,17627,disqualified,-12.987,1,PASS,35,,aj;v,disqualified;disqualify,LEMMA;FORM,,MASTER,0,0,0,,,,,0,0,0,ESDB_V0_4
17252,17628,diva,-12.987,1,PASS,50,,n,diva,LEMMA,,MASTER,0,0,0,,,,,0,0,0,ESDB_V0_4
17253,17629,dogma,-12.987,1,PASS,35,,n,dogma,LEMMA,,MASTER,0,0,0,,,,,0,0,0,ESDB_V0_4
17254,17630,doping,-12.987,1,PASS,35,,n_v;n,dope;doping,FORM;LEMMA,,MASTER,0,0,0,,,,,0,0,0,ESDB_V0_4
17255,17631,dreamt,-12.987,0,NOT_EXACT_EN_US,,,,,,,REJECTED_AUTO,0,0,0,,,,,0,0,0,ESDB_V0_4
17256,17632,dresden,-12.987,0,NOT_EXACT_EN_US,,,,,,,REJECTED_AUTO,0,0,0,,,,,0,0,0,ESDB_V0_4
17257,17633,echoing,-12.987,1,PASS,35,,n_v;aj,echo;echoing,FORM;LEMMA,,MASTER,0,0,0,,,,,0,0,0,ESDB_V0_4
17258,17634,ei,-12.987,0,NOT_EXACT_EN_US,,,,,,,REJECTED_AUTO,0,0,0,,,,,0,0,0,ESDB_V0_4
17259,17635,eliminates,-12.987,1,PASS,35,,v,eliminate,FORM,,MASTER,0,1,0,,eliminate,,,1,0,0,ESDB_V0_4
17260,17636,emancipation,-12.987,1,PASS,35,,n,emancipation,LEMMA,,MASTER,0,0,0,,,,,0,0,0,ESDB_V0_4
17261,17637,embargo,-12.987,1,PASS,35,,n_v,embargo,LEMMA,,MASTER,0,0,0,,,,,0,0,0,ESDB_V0_4
17262,17638,emigration,-12.987,1,PASS,35,,n,emigration,LEMMA,,MASTER,0,1,0,migration,,,,1,0,0,ESDB_V0_4
17263,17639,encompassing,-12.987,1,PASS,35,,v,encompass,FORM,,MASTER,0,0,0,,,,,0,0,0,ESDB_V0_4
17264,17640,entrances,-12.987,1,PASS,35,,n_v,entrance,FORM,,MASTER,0,1,0,,entrance,,,1,0,0,ESDB_V0_4
17265,17641,eroded,-12.987,1,PASS,35,,v;aj,erode;eroded,FORM;LEMMA,,MASTER,0,0,0,,,,,0,0,0,ESDB_V0_4
17266,17642,evils,-12.987,1,PASS,35,,n,evil,FORM,,MASTER,0,1,1,,evil,devils,,1,1,0,ESDB_V0_4
17267,17643,exceedingly,-12.987,1,PASS,35,,av,exceedingly,LEMMA,,MASTER,0,0,0,,,,,0,0,0,ESDB_V0_4
17268,17644,excise,-12.987,1,PASS,35,,n_v,excise,LEMMA,,MASTER,0,0,0,,,,,0,0,0,ESDB_V0_4
17269,17645,excursion,-12.987,1,PASS,35,,n;a,excursion,LEMMA,,MASTER,0,1,1,,,,excursions,0,1,1,ESDB_V0_4
17270,17646,exemptions,-12.987,1,PASS,35,,n,exemption,FORM,,MASTER,0,1,0,,exemption,,,1,0,0,ESDB_V0_4
17271,17647,explodes,-12.987,1,PASS,35,,v,explode,FORM,,MASTER,0,1,0,,explode,,,1,0,0,ESDB_V0_4
17272,17649,famously,-12.987,1,PASS,40,,av,famously,LEMMA,,MASTER,0,0,0,,,,,0,0,0,ESDB_V0_4
17273,17650,faso,-12.987,0,NOT_EXACT_EN_US,,,,,,,REJECTED_AUTO,0,0,0,,,,,0,0,0,ESDB_V0_4
17274,17651,fife,-12.987,1,PASS,50,,n,fife,LEMMA,,MASTER,0,0,0,,,,,0,0,0,ESDB_V0_4
17275,17652,flashback,-12.987,1,PASS,35,,n,flashback,LEMMA,,MASTER,0,1,1,,,,flashbacks,0,1,1,ESDB_V0_4
17276,17653,flushing,-12.987,1,PASS,35,,n_v;n,flush;flushing,FORM;LEMMA,,MASTER,0,0,0,,,,,0,0,0,ESDB_V0_4
17277,17654,folly,-12.987,1,PASS,35,,n,folly,LEMMA,,MASTER,0,0,0,,,,,0,0,0,ESDB_V0_4
17278,17655,footnote,-12.987,1,PASS,35,,n_v,footnote,LEMMA,,MASTER,0,1,1,,,,footnotes,0,1,1,ESDB_V0_4
17279,17656,foregoing,-12.987,1,PASS,35,,v;aj,forego;foregoing,FORM;LEMMA,,MASTER,0,0,0,,,,,0,0,0,ESDB_V0_4
17280,17657,freshmen,-12.987,1,PASS,35,,n,freshman,FORM,,MASTER,0,0,0,,,,,0,0,0,ESDB_V0_4
17281,17658,fukushima,-12.987,0,NOT_EXACT_EN_US,,,,,,,REJECTED_AUTO,0,0,0,,,,,0,0,0,ESDB_V0_4
17282,17659,germs,-12.987,1,PASS,35,,n,germ,FORM,,MASTER,0,0,0,,,,,0,0,0,ESDB_V0_4
17283,17660,glands,-12.987,1,PASS,35,,n,gland,FORM,,MASTER,0,1,0,lands,gland,,,2,0,0,ESDB_V0_4
17284,17661,glitch,-12.987,1,PASS,40,,n,glitch,LEMMA,,MASTER,0,0,0,,,,,0,0,0,ESDB_V0_4
17285,17662,grudge,-12.987,1,PASS,35,,n_v,grudge,LEMMA,,MASTER,0,0,0,,,,,0,0,0,ESDB_V0_4
17286,17663,hartley,-12.987,0,NOT_EXACT_EN_US,,,,,,,REJECTED_AUTO,0,0,0,,,,,0,0,0,ESDB_V0_4
17287,17664,hassle,-12.987,1,PASS,35,,n_v,hassle,LEMMA,,MASTER,0,0,0,,,,,0,0,0,ESDB_V0_4
17288,17665,hehe,-12.987,0,NOT_EXACT_EN_US,,,,,,,REJECTED_AUTO,0,0,0,,,,,0,0,0,ESDB_V0_4
17289,17666,hewitt,-12.987,0,NOT_EXACT_EN_US,,,,,,,REJECTED_AUTO,0,0,0,,,,,0,0,0,ESDB_V0_4
17290,17667,hippie,-12.987,1,PASS,35,,n,hippie,LEMMA,,MASTER,0,0,0,,,,,0,0,0,ESDB_V0_4
17291,17668,honolulu,-12.987,0,NOT_EXACT_EN_US,,,,,,,REJECTED_AUTO,0,0,0,,,,,0,0,0,ESDB_V0_4
17292,17669,huang,-12.987,0,NOT_EXACT_EN_US,,,,,,,REJECTED_AUTO,0,0,0,,,,,0,0,0,ESDB_V0_4
17293,17670,humiliated,-12.987,1,PASS,35,,v;aj,humiliate;humiliated,FORM;LEMMA,,MASTER,0,0,0,,,,,0,0,0,ESDB_V0_4
17294,17671,hump,-12.987,1,PASS,35,,n_v,hump,LEMMA,,MASTER,0,1,0,,hum,,,1,0,0,ESDB_V0_4
17295,17672,hyun,-12.987,0,NOT_EXACT_EN_US,,,,,,,REJECTED_AUTO,0,0,0,,,,,0,0,0,ESDB_V0_4
17296,17673,imposition,-12.987,1,PASS,35,,n,imposition,LEMMA,,MASTER,0,0,0,,,,,0,0,0,ESDB_V0_4
17297,17674,inconvenient,-12.987,1,PASS,35,,aj,inconvenient,LEMMA,,MASTER,0,0,0,,,,,0,0,0,ESDB_V0_4
17298,17675,inequalities,-12.987,1,PASS,35,,n,inequality,FORM,,MASTER,0,0,0,,,,,0,0,0,ESDB_V0_4
17299,17676,inhabit,-12.987,1,PASS,35,,v,inhabit,LEMMA,,MASTER,0,0,0,,,,,0,0,0,ESDB_V0_4
17300,17677,institut,-12.987,0,NOT_EXACT_EN_US,,,,,,,REJECTED_AUTO,0,0,0,,,,,0,0,0,ESDB_V0_4
17301,17678,instruct,-12.987,1,PASS,35,,v,instruct,LEMMA,,MASTER,0,0,0,,,,,0,0,0,ESDB_V0_4
17302,17679,intruder,-12.987,1,PASS,35,,n,intruder,LEMMA,,MASTER,0,0,0,,,,,0,0,0,ESDB_V0_4
17303,17680,irreversible,-12.987,1,PASS,35,,aj,irreversible,LEMMA,,MASTER,0,0,0,,,,,0,0,0,ESDB_V0_4
17304,17681,jogging,-12.987,1,PASS,35,,n_v;n,jog;jogging,FORM;LEMMA,,MASTER,0,0,0,,,,,0,0,0,ESDB_V0_4
17305,17682,js,-12.987,0,NOT_EXACT_EN_US,,,,,,,REJECTED_AUTO,0,0,0,,,,,0,0,0,ESDB_V0_4
17306,17683,jug,-12.987,1,PASS,35,,n_v,jug,LEMMA,,MASTER,0,0,0,,,,,0,0,0,ESDB_V0_4
17307,17684,keyboards,-12.987,1,PASS,35,,n_v,keyboard,FORM,,MASTER,0,1,0,,keyboard,,,1,0,0,ESDB_V0_4
17308,17685,kicker,-12.987,1,PASS,50,,n,kicker,LEMMA,,MASTER,0,0,0,,,,,0,0,0,ESDB_V0_4
17309,17686,kilometre,-12.987,0,NOT_EXACT_EN_US,,,,,,,REJECTED_AUTO,0,0,0,,,,,0,0,0,ESDB_V0_4
17310,17687,koran,-12.987,0,NOT_EXACT_EN_US,,,,,,,REJECTED_AUTO,0,0,0,,,,,0,0,0,ESDB_V0_4
17311,17688,lacrosse,-12.987,1,PASS,35,,n,lacrosse,LEMMA,,MASTER,0,0,0,,,,,0,0,0,ESDB_V0_4
17312,17690,leaflets,-12.987,1,PASS,35,,n_v,leaflet,FORM,,MASTER,0,0,0,,,,,0,0,0,ESDB_V0_4
17313,17691,libel,-12.987,1,PASS,35,,n_v,libel,LEMMA,,MASTER,0,0,0,,,,,0,0,0,ESDB_V0_4
17314,17692,likeness,-12.987,1,PASS,35,,n,likeness,LEMMA,,MASTER,0,0,0,,,,,0,0,0,ESDB_V0_4
17315,17693,liturgy,-12.987,1,PASS,35,,n,liturgy,LEMMA,,MASTER,0,0,0,,,,,0,0,0,ESDB_V0_4
17316,17694,lowers,-12.987,1,PASS,35,,v,lower,FORM,,MASTER,0,1,1,,lower,flowers,,1,1,0,ESDB_V0_4
17317,17696,mammal,-12.987,1,PASS,35,,n,mammal,LEMMA,,MASTER,0,1,1,,mamma,,mammals,1,1,1,ESDB_V0_4
17318,17697,mammoth,-12.987,1,PASS,35,,n;aj,mammoth,LEMMA,,MASTER,0,0,0,,,,,0,0,0,ESDB_V0_4
17319,17698,masonry,-12.987,1,PASS,35,,n,masonry,LEMMA,,MASTER,0,0,0,,,,,0,0,0,ESDB_V0_4
17320,17699,mastering,-12.987,1,PASS,35,,n_v,master,FORM,,MASTER,0,0,0,,,,,0,0,0,ESDB_V0_4
17321,17700,materially,-12.987,1,PASS,50,,av,materially,LEMMA,,MASTER,0,0,0,,,,,0,0,0,ESDB_V0_4
17322,17701,mckenzie,-12.987,0,NOT_EXACT_EN_US,,,,,,,REJECTED_AUTO,0,0,0,,,,,0,0,0,ESDB_V0_4
17323,17702,meltdown,-12.987,1,PASS,40,,n,meltdown,LEMMA,,MASTER,0,0,0,,,,,0,0,0,ESDB_V0_4
17324,17703,mf,-12.987,0,NOT_EXACT_EN_US,,,,,,,REJECTED_AUTO,0,0,0,,,,,0,0,0,ESDB_V0_4
17325,17704,microscopic,-12.987,1,PASS,35,,aj,microscopic,LEMMA,,MASTER,0,0,0,,,,,0,0,0,ESDB_V0_4
17326,17705,midget,-12.987,1,PASS,35,,n;aj,midget,LEMMA,,MASTER,0,0,0,,,,,0,0,0,ESDB_V0_4
17327,17706,mileage,-12.987,1,PASS,35,,n,mileage,LEMMA,,MASTER,0,0,0,,,,,0,0,0,ESDB_V0_4
17328,17707,mischief,-12.987,1,PASS,35,,n,mischief,LEMMA,,MASTER,0,0,0,,,,,0,0,0,ESDB_V0_4
17329,17708,molten,-12.987,1,PASS,35,,n_v;aj,melt;molten,FORM;LEMMA,,MASTER,0,0,0,,,,,0,0,0,ESDB_V0_4
17330,17709,mop,-12.987,1,PASS,35,,n_v,mop,LEMMA,,MASTER,0,1,0,op,,,,1,0,0,ESDB_V0_4
17331,17710,motivating,-12.987,1,PASS,35,,v;n;aj,motivate;motivating,FORM;LEMMA,,MASTER,0,0,0,,,,,0,0,0,ESDB_V0_4
17332,17711,murderous,-12.987,1,PASS,35,,aj,murderous,LEMMA,,MASTER,0,0,0,,,,,0,0,0,ESDB_V0_4
17333,17712,nano,-12.987,0,NOT_EXACT_EN_US,,,,,,,REJECTED_AUTO,0,0,0,,,,,0,0,0,ESDB_V0_4
17334,17713,natal,-12.987,1,PASS,50,,aj,natal,LEMMA,,MASTER,0,0,0,,,,,0,0,0,ESDB_V0_4
17335,17714,neutron,-12.987,1,PASS,35,,n,neutron,LEMMA,,MASTER,0,0,0,,,,,0,0,0,ESDB_V0_4
17336,17715,nods,-12.987,1,PASS,35,,n_v,nod,FORM,,MASTER,0,1,0,,nod,,,1,0,0,ESDB_V0_4
17337,17717,orphanage,-12.987,1,PASS,35,,n,orphanage,LEMMA,,MASTER,0,0,0,,,,,0,0,0,ESDB_V0_4
17338,17718,osama,-12.987,0,NOT_EXACT_EN_US,,,,,,,REJECTED_AUTO,0,0,0,,,,,0,0,0,ESDB_V0_4
17339,17719,outnumbered,-12.987,1,PASS,35,,v,outnumber,FORM,,MASTER,0,0,0,,,,,0,0,0,ESDB_V0_4
17340,17720,outpost,-12.987,1,PASS,35,,n,outpost,LEMMA,,MASTER,0,0,0,,,,,0,0,0,ESDB_V0_4
17341,17721,overflow,-12.987,1,PASS,35,,n_v,overflow,LEMMA,,MASTER,0,0,0,,,,,0,0,0,ESDB_V0_4
17342,17722,parting,-12.987,1,PASS,35,,n_v;n,part;parting,FORM;LEMMA,,MASTER,0,0,0,,,,,0,0,0,ESDB_V0_4
17343,17723,partnered,-12.987,1,PASS,35,,n_v,partner,FORM,,MASTER,0,0,0,,,,,0,0,0,ESDB_V0_4
17344,17724,paws,-12.987,1,PASS,35,,n_v,paw,FORM,,MASTER,0,1,0,,paw,,,1,0,0,ESDB_V0_4
17345,17725,pipelines,-12.987,1,PASS,35,,n,pipeline,FORM,,MASTER,0,1,0,,pipeline,,,1,0,0,ESDB_V0_4
17346,17726,piping,-12.987,1,PASS,35,,n_v;n,pipe;piping,FORM;LEMMA,,MASTER,0,0,0,,,,,0,0,0,ESDB_V0_4
17347,17727,plainly,-12.987,1,PASS,35,,av,plainly,LEMMA,,MASTER,0,0,0,,,,,0,0,0,ESDB_V0_4
17348,17728,plugged,-12.987,1,PASS,35,,n_v;aj,plug;plugged,FORM;LEMMA,,MASTER,0,0,0,,,,,0,0,0,ESDB_V0_4
17349,17729,plugs,-12.987,1,PASS,35,,n_v,plug,FORM,,MASTER,0,1,0,,plug,,,1,0,0,ESDB_V0_4
17350,17730,png,-12.987,0,NOT_EXACT_EN_US,,,,,,,REJECTED_AUTO,0,0,0,,,,,0,0,0,ESDB_V0_4
17351,17731,poking,-12.987,1,PASS,35,,n_v;n,poke;poking,FORM;LEMMA,,MASTER,0,0,0,,,,,0,0,0,ESDB_V0_4
17352,17732,populous,-12.987,1,PASS,35,,aj,populous,LEMMA,,MASTER,0,0,0,,,,,0,0,0,ESDB_V0_4
17353,17733,postseason,-12.987,1,PASS,60,,n;a,postseason,LEMMA,,MASTER,0,0,0,,,,,0,0,0,ESDB_V0_4
17354,17734,previews,-12.987,1,PASS,35,,n_v;n,preview,FORM,,MASTER,0,1,0,reviews,preview,,,2,0,0,ESDB_V0_4
17355,17735,prob,-12.987,0,NO_ESDB_GENERAL_EVIDENCE,,,,,,,REJECTED_AUTO,0,0,0,,,,,0,0,0,ESDB_V0_4
17356,17736,puke,-12.987,1,PASS,35,,n;v,puke,LEMMA,,MASTER,0,0,0,,,,,0,0,0,ESDB_V0_4
17357,17737,purification,-12.987,1,PASS,35,,n,purification,LEMMA,,MASTER,0,0,0,,,,,0,0,0,ESDB_V0_4
17358,17738,quid,-12.987,1,PASS,50,,n,quid,LEMMA;FORM,,MASTER,0,1,1,,,squid,,0,1,0,ESDB_V0_4
17359,17739,quits,-12.987,1,PASS,35,,v;aj,quit;quits,FORM;LEMMA,,MASTER,0,1,0,,quit,,,1,0,0,ESDB_V0_4
17360,17740,radial,-12.987,1,PASS,35,,n;aj,radial,LEMMA,,MASTER,0,0,0,,,,,0,0,0,ESDB_V0_4
17361,17741,raptors,-12.987,1,PASS,60,,n,raptor,FORM,,MASTER,0,0,0,,,,,0,0,0,ESDB_V0_4
17362,17742,reboot,-12.987,1,PASS,60,,v,reboot,LEMMA,,MASTER,0,0,0,,,,,0,0,0,ESDB_V0_4
17363,17743,reborn,-12.987,1,PASS,35,,aj,reborn,LEMMA,,MASTER,0,0,0,,,,,0,0,0,ESDB_V0_4
17364,17744,reforming,-12.987,1,PASS,35,,n_v,reform,FORM,,MASTER,0,0,0,,,,,0,0,0,ESDB_V0_4
17365,17745,resilient,-12.987,1,PASS,35,,aj,resilient,LEMMA,,MASTER,0,0,0,,,,,0,0,0,ESDB_V0_4
17366,17746,retrieval,-12.987,1,PASS,35,,n,retrieval,LEMMA,,MASTER,0,0,0,,,,,0,0,0,ESDB_V0_4
17367,17747,riff,-12.987,1,PASS,50,,n_v,riff,LEMMA,,MASTER,0,0,0,,,,,0,0,0,ESDB_V0_4
17368,17748,rn,-12.987,0,NOT_EXACT_EN_US,,,,,,,REJECTED_AUTO,0,0,0,,,,,0,0,0,ESDB_V0_4
17369,17749,robbing,-12.987,1,PASS,35,,v,rob,FORM,,MASTER,0,0,0,,,,,0,0,0,ESDB_V0_4
17370,17750,roche,-12.987,0,NOT_EXACT_EN_US,,,,,,,REJECTED_AUTO,0,0,0,,,,,0,0,0,ESDB_V0_4
17371,17751,routed,-12.987,1,PASS,35,,n_v;v,rout;route,FORM,,MASTER,0,1,0,,route,,,1,0,0,ESDB_V0_4
17372,17752,rowing,-12.987,1,PASS,35,,n_v;n,row;rowing,FORM;LEMMA,,MASTER,0,1,1,owing,,growing,,1,1,0,ESDB_V0_4
17373,17753,sachs,-12.987,0,NOT_EXACT_EN_US,,,,,,,REJECTED_AUTO,0,0,0,,,,,0,0,0,ESDB_V0_4
17374,17754,sandals,-12.987,1,PASS,35,,n,sandal,FORM,,MASTER,0,0,0,,,,,0,0,0,ESDB_V0_4
17375,17755,scandals,-12.987,1,PASS,35,,n,scandal,FORM,,MASTER,0,1,0,,scandal,,,1,0,0,ESDB_V0_4
17376,17756,scientology,-12.987,0,NOT_EXACT_EN_US,,,,,,,REJECTED_AUTO,0,0,0,,,,,0,0,0,ESDB_V0_4
17377,17757,scorpion,-12.987,1,PASS,35,,n,scorpion,LEMMA,,MASTER,0,0,0,,,,,0,0,0,ESDB_V0_4
17378,17758,scramble,-12.987,1,PASS,35,,n_v,scramble,LEMMA,,MASTER,0,1,1,,,,scrambled,0,1,1,ESDB_V0_4
17379,17759,serenity,-12.987,1,PASS,35,,n,serenity,LEMMA,,MASTER,0,0,0,,,,,0,0,0,ESDB_V0_4
17380,17760,servicing,-12.987,1,PASS,35,,n_v;n,service;servicing,FORM;LEMMA,,MASTER,0,0,0,,,,,0,0,0,ESDB_V0_4
17381,17761,sha,-12.987,0,NOT_EXACT_EN_US,,,,,,,REJECTED_AUTO,0,0,0,,,,,0,0,0,ESDB_V0_4
17382,17762,sherry,-12.987,1,PASS,35,50,n,sherry,LEMMA,,MASTER,0,0,0,,,,,0,0,0,ESDB_V0_4
17383,17763,shorten,-12.987,1,PASS,35,,v,shorten,LEMMA,,MASTER,0,0,0,,,,,0,0,0,ESDB_V0_4
17384,17764,shrubs,-12.987,1,PASS,35,,n,shrub,FORM,,MASTER,0,0,0,,,,,0,0,0,ESDB_V0_4
17385,17765,sincerity,-12.987,1,PASS,35,,n,sincerity,LEMMA,,MASTER,0,0,0,,,,,0,0,0,ESDB_V0_4
17386,17766,sinful,-12.987,1,PASS,35,,aj,sinful,LEMMA,,MASTER,0,0,0,,,,,0,0,0,ESDB_V0_4
17387,17767,sloan,-12.987,0,NOT_EXACT_EN_US,,,,,,,REJECTED_AUTO,0,0,0,,,,,0,0,0,ESDB_V0_4
17388,17768,slogans,-12.987,1,PASS,35,,n,slogan,FORM,,MASTER,0,1,0,,slogan,,,1,0,0,ESDB_V0_4
17389,17769,sneakers,-12.987,1,PASS,35,,n,sneaker,FORM,,MASTER,0,0,0,,,,,0,0,0,ESDB_V0_4
17390,17770,socioeconomic,-12.987,1,PASS,40,,aj,socioeconomic,LEMMA,,MASTER,0,0,0,,,,,0,0,0,ESDB_V0_4
17391,17771,spaceship,-12.987,1,PASS,35,,n,spaceship,LEMMA,,MASTER,0,0,0,,,,,0,0,0,ESDB_V0_4
17392,17772,spectral,-12.987,1,PASS,50,,aj,spectral,LEMMA,,MASTER,0,0,0,,,,,0,0,0,ESDB_V0_4
17393,17773,speculated,-12.987,1,PASS,35,,v,speculate,FORM,,MASTER,0,1,0,,speculate,,,1,0,0,ESDB_V0_4
17394,17774,sponsoring,-12.987,1,PASS,35,,n_v,sponsor,FORM,,MASTER,0,0,0,,,,,0,0,0,ESDB_V0_4
17395,17775,stale,-12.987,1,PASS,35,,v;aj,stale,LEMMA,,MASTER,0,1,0,tale,,,,1,0,0,ESDB_V0_4
17396,17776,startling,-12.987,1,PASS,35,,v;aj,startle;startling,FORM;LEMMA,,MASTER,0,0,0,,,,,0,0,0,ESDB_V0_4
17397,17777,stipulated,-12.987,1,PASS,35,,v,stipulate,FORM,,MASTER,0,0,0,,,,,0,0,0,ESDB_V0_4
17398,17778,straps,-12.987,1,PASS,35,,n_v,strap,FORM,,MASTER,0,1,0,traps,strap,,,2,0,0,ESDB_V0_4
17399,17779,sturgeon,-12.987,1,PASS,50,,n,sturgeon,LEMMA;FORM,,MASTER,0,0,0,,,,,0,0,0,ESDB_V0_4
17400,17780,supervisory,-12.987,1,PASS,35,,aj,supervisory,LEMMA,,MASTER,0,1,0,,supervisor,,,1,0,0,ESDB_V0_4
17401,17781,tae,-12.987,0,NOT_EXACT_EN_US,,,,,,,REJECTED_AUTO,0,0,0,,,,,0,0,0,ESDB_V0_4
17402,17782,therapists,-12.987,1,PASS,35,,n,therapist,FORM,,MASTER,0,1,0,,therapist,,,1,0,0,ESDB_V0_4
17403,17783,toad,-12.987,1,PASS,35,,n;v,toad,LEMMA,,MASTER,0,0,0,,,,,0,0,0,ESDB_V0_4
17404,17784,tonic,-12.987,1,PASS,35,,n;aj,tonic,LEMMA,,MASTER,0,0,0,,,,,0,0,0,ESDB_V0_4
17405,17785,totaled,-12.987,1,PASS,35,,n_v,total,FORM,,MASTER,0,0,0,,,,,0,0,0,ESDB_V0_4
17406,17786,transformer,-12.987,1,PASS,35,,n,transformer,LEMMA,,MASTER,0,1,1,,,,transformers,0,1,1,ESDB_V0_4
17407,17787,transient,-12.987,1,PASS,35,,n;aj,transient,LEMMA,,MASTER,0,0,0,,,,,0,0,0,ESDB_V0_4
17408,17788,transmissions,-12.987,1,PASS,35,,n,transmission,FORM,,MASTER,0,1,0,,transmission,,,1,0,0,ESDB_V0_4
17409,17789,trey,-12.987,0,CASE_FREQ_COLLISION,60,50,n,trey,LEMMA,,REJECTED_AUTO,0,0,0,,,,,0,0,0,ESDB_V0_4
17410,17790,tristan,-12.987,0,NOT_EXACT_EN_US,,,,,,,REJECTED_AUTO,0,0,0,,,,,0,0,0,ESDB_V0_4
17411,17791,tumble,-12.987,1,PASS,35,,n_v,tumble,LEMMA,,MASTER,0,1,1,,,stumble,,0,1,0,ESDB_V0_4
17412,17792,underrated,-12.987,1,PASS,35,,v,underrate,FORM,,MASTER,0,0,0,,,,,0,0,0,ESDB_V0_4
17413,17793,unequal,-12.987,1,PASS,35,,aj,unequal,LEMMA,,MASTER,0,0,0,,,,,0,0,0,ESDB_V0_4
17414,17795,vending,-12.987,1,PASS,35,,v;n,vend;vending,FORM;LEMMA,,MASTER,0,1,0,ending,,,,1,0,0,ESDB_V0_4
17415,17796,vigilant,-12.987,1,PASS,35,,aj,vigilant,LEMMA,,MASTER,0,0,0,,,,,0,0,0,ESDB_V0_4
17416,17797,vinci,-12.987,0,NOT_EXACT_EN_US,,,,,,,REJECTED_AUTO,0,0,0,,,,,0,0,0,ESDB_V0_4
17417,17798,volcanoes,-12.987,1,PASS,35,,n,volcano,FORM,,MASTER,0,0,0,,,,,0,0,0,ESDB_V0_4
17418,17799,voyager,-12.987,1,PASS,35,50,n,voyager,LEMMA,,MASTER,0,1,0,,voyage,,,1,0,0,ESDB_V0_4
17419,17800,wager,-12.987,1,PASS,35,,n_v,wager,LEMMA,,MASTER,0,1,0,,wage,,,1,0,0,ESDB_V0_4
17420,17801,warped,-12.987,1,PASS,35,,n_v;aj,warp;warped,FORM;LEMMA,,MASTER,0,0,0,,,,,0,0,0,ESDB_V0_4
17421,17802,waterways,-12.987,1,PASS,35,,n,waterway,FORM,,MASTER,0,0,0,,,,,0,0,0,ESDB_V0_4
17422,17803,wd,-12.987,0,NOT_EXACT_EN_US,,,,,,,REJECTED_AUTO,0,0,0,,,,,0,0,0,ESDB_V0_4
17423,17804,wooded,-12.987,1,PASS,35,,n_v;aj,wood;wooded,FORM;LEMMA,,MASTER,0,0,0,,,,,0,0,0,ESDB_V0_4
17424,17805,wrecking,-12.987,1,PASS,35,,n_v;n,wreck;wrecking,FORM;LEMMA,,MASTER,0,0,0,,,,,0,0,0,ESDB_V0_4
17425,17806,yin,-12.987,1,PASS,60,,n,yin,LEMMA,,MASTER,0,1,0,in,,,,1,0,0,ESDB_V0_4
17426,17807,yukon,-12.987,0,NOT_EXACT_EN_US,,,,,,,REJECTED_AUTO,0,0,0,,,,,0,0,0,ESDB_V0_4
17427,17808,yun,-12.987,0,NOT_EXACT_EN_US,,,,,,,REJECTED_AUTO,0,0,0,,,,,0,0,0,ESDB_V0_4
17428,17809,zhou,-12.987,0,NOT_EXACT_EN_US,,,,,,,REJECTED_AUTO,0,0,0,,,,,0,0,0,ESDB_V0_4
17429,17810,accelerator,-13.009,1,PASS,35,,n,accelerator,LEMMA,,MASTER,0,0,0,,,,,0,0,0,ESDB_V0_4
17430,17811,adhesive,-13.009,1,PASS,35,,n;aj,adhesive,LEMMA,,MASTER,0,0,0,,,,,0,0,0,ESDB_V0_4
17431,17812,albanian,-13.009,0,NOT_EXACT_EN_US,,,,,,,REJECTED_AUTO,0,0,0,,,,,0,0,0,ESDB_V0_4
17432,17813,albuquerque,-13.009,0,NOT_EXACT_EN_US,,,,,,,REJECTED_AUTO,0,0,0,,,,,0,0,0,ESDB_V0_4
17433,17814,alerted,-13.009,1,PASS,35,,n_v,alert,FORM,,MASTER,0,0,0,,,,,0,0,0,ESDB_V0_4
17434,17815,anaheim,-13.009,0,NOT_EXACT_EN_US,,,,,,,REJECTED_AUTO,0,0,0,,,,,0,0,0,ESDB_V0_4
17435,17816,ante,-13.009,1,PASS,40,,n;v;a,ante,LEMMA,,MASTER,0,1,0,,ant,,,1,0,0,ESDB_V0_4
17436,17817,antwerp,-13.009,0,NOT_EXACT_EN_US,,,,,,,REJECTED_AUTO,0,0,0,,,,,0,0,0,ESDB_V0_4
17437,17818,apprehended,-13.009,1,PASS,35,,v,apprehend,FORM,,MASTER,0,0,0,,,,,0,0,0,ESDB_V0_4
17438,17819,aspirin,-13.009,1,PASS,35,,n,aspirin,LEMMA;FORM,,MASTER,0,1,1,,,,aspiring,0,1,0,ESDB_V0_4
17439,17820,attentive,-13.009,1,PASS,35,,aj,attentive,LEMMA,,MASTER,0,0,0,,,,,0,0,0,ESDB_V0_4
17440,17822,barlow,-13.009,0,NOT_EXACT_EN_US,,,,,,,REJECTED_AUTO,0,0,0,,,,,0,0,0,ESDB_V0_4
17441,17823,barrage,-13.009,1,PASS,35,,n_v,barrage,LEMMA,,MASTER,0,0,0,,,,,0,0,0,ESDB_V0_4
17442,17824,barring,-13.009,1,PASS,35,,n_v;pp,bar;barring,FORM;LEMMA,,MASTER,0,0,0,,,,,0,0,0,ESDB_V0_4
17443,17825,baylor,-13.009,0,NOT_EXACT_EN_US,,,,,,,REJECTED_AUTO,0,0,0,,,,,0,0,0,ESDB_V0_4
17444,17826,bedding,-13.009,1,PASS,35,,n_v;n,bed;bedding,FORM;LEMMA,,MASTER,0,0,0,,,,,0,0,0,ESDB_V0_4
17445,17827,beginner,-13.009,1,PASS,35,,n,beginner,LEMMA,,MASTER,0,1,1,,,,beginners,0,1,1,ESDB_V0_4
17446,17828,bidder,-13.009,1,PASS,40,,n,bidder,LEMMA,,MASTER,0,0,0,,,,,0,0,0,ESDB_V0_4
17447,17829,binds,-13.009,1,PASS,35,,n_v,bind,FORM,,MASTER,0,1,0,,bind,,,1,0,0,ESDB_V0_4
17448,17830,bk,-13.009,0,NO_ESDB_GENERAL_EVIDENCE,,,,,,,REJECTED_AUTO,0,0,0,,,,,0,0,0,ESDB_V0_4
17449,17831,blatant,-13.009,1,PASS,35,,aj,blatant,LEMMA,,MASTER,0,0,0,,,,,0,0,0,ESDB_V0_4
17450,17832,blends,-13.009,1,PASS,35,,n_v,blend,FORM,,MASTER,0,1,0,lends,blend,,,2,0,0,ESDB_V0_4
17451,17833,bourgeoisie,-13.009,1,PASS,35,,n,bourgeoisie,LEMMA,,MASTER,0,0,0,,,,,0,0,0,ESDB_V0_4
17452,17834,bragging,-13.009,1,PASS,35,,n_v,brag,FORM,,MASTER,0,0,0,,,,,0,0,0,ESDB_V0_4
17453,17835,broth,-13.009,1,PASS,35,,n,broth,LEMMA,,MASTER,0,0,0,,,,,0,0,0,ESDB_V0_4
17454,17836,bulldog,-13.009,1,PASS,35,,n_v;a,bulldog,LEMMA,,MASTER,0,1,1,,,,bulldogs,0,1,1,ESDB_V0_4
17455,17837,busiest,-13.009,1,PASS,35,,aj,busy,FORM,,MASTER,0,0,0,,,,,0,0,0,ESDB_V0_4
17456,17838,camille,-13.009,0,NOT_EXACT_EN_US,,,,,,,REJECTED_AUTO,0,0,0,,,,,0,0,0,ESDB_V0_4
17457,17839,canadiens,-13.009,0,NOT_EXACT_EN_US,,,,,,,REJECTED_AUTO,0,0,0,,,,,0,0,0,ESDB_V0_4
17458,17840,casing,-13.009,1,PASS,35,,n_v;n,case;casing,FORM;LEMMA,,MASTER,0,0,0,,,,,0,0,0,ESDB_V0_4
17459,17841,chants,-13.009,1,PASS,35,,n_v,chant,FORM,,MASTER,0,1,0,,chant,,,1,0,0,ESDB_V0_4
17460,17842,cheered,-13.009,1,PASS,35,,n_v,cheer,FORM,,MASTER,0,0,0,,,,,0,0,0,ESDB_V0_4
17461,17843,clones,-13.009,1,PASS,35,,n;v,clone,FORM,,MASTER,0,1,0,,clone,,,1,0,0,ESDB_V0_4
17462,17844,constance,-13.009,0,NOT_EXACT_EN_US,,,,,,,REJECTED_AUTO,0,0,0,,,,,0,0,0,ESDB_V0_4
17463,17845,construed,-13.009,1,PASS,35,,v,construe,FORM,,MASTER,0,0,0,,,,,0,0,0,ESDB_V0_4
17464,17846,conway,-13.009,0,NOT_EXACT_EN_US,,,,,,,REJECTED_AUTO,0,0,0,,,,,0,0,0,ESDB_V0_4
17465,17847,correctness,-13.009,1,PASS,35,,n,correctness,LEMMA,,MASTER,0,0,0,,,,,0,0,0,ESDB_V0_4
17466,17848,crave,-13.009,1,PASS,35,,v,crave,LEMMA,,MASTER,0,1,0,rave,,,,1,0,0,ESDB_V0_4
17467,17849,crook,-13.009,1,PASS,35,,n_v;a,crook,LEMMA,,MASTER,0,0,0,,,,,0,0,0,ESDB_V0_4
17468,17850,cucumber,-13.009,1,PASS,35,,n,cucumber,LEMMA,,MASTER,0,0,0,,,,,0,0,0,ESDB_V0_4
17469,17852,decimal,-13.009,1,PASS,35,,n;aj,decimal,LEMMA,,MASTER,0,0,0,,,,,0,0,0,ESDB_V0_4
17470,17853,defamation,-13.009,1,PASS,35,,n,defamation,LEMMA,,MASTER,0,0,0,,,,,0,0,0,ESDB_V0_4
17471,17854,demos,-13.009,1,PASS,40,,n,demo;demos,FORM;LEMMA,,MASTER,0,1,0,,demo,,,1,0,0,ESDB_V0_4
17472,17855,denny,-13.009,0,NOT_EXACT_EN_US,,,,,,,REJECTED_AUTO,0,0,0,,,,,0,0,0,ESDB_V0_4
17473,17856,desks,-13.009,1,PASS,35,,n,desk,FORM,,MASTER,0,1,0,,desk,,,1,0,0,ESDB_V0_4
17474,17857,diagonal,-13.009,1,PASS,35,,n;aj,diagonal,LEMMA,,MASTER,0,0,0,,,,,0,0,0,ESDB_V0_4
17475,17858,diaper,-13.009,1,PASS,35,,n_v,diaper,LEMMA,,MASTER,0,1,1,,,,diapers,0,1,1,ESDB_V0_4
17476,17859,dictates,-13.009,1,PASS,35,,n_v,dictate,FORM,,MASTER,0,1,0,,dictate,,,1,0,0,ESDB_V0_4
17477,17860,dion,-13.009,0,NOT_EXACT_EN_US,,,,,,,REJECTED_AUTO,0,0,0,,,,,0,0,0,ESDB_V0_4
17478,17861,disarmament,-13.009,1,PASS,35,,n,disarmament,LEMMA,,MASTER,0,0,0,,,,,0,0,0,ESDB_V0_4
17479,17862,discredit,-13.009,1,PASS,35,,n;v,discredit,LEMMA,,MASTER,0,0,0,,,,,0,0,0,ESDB_V0_4
17480,17863,dismantled,-13.009,1,PASS,35,,v;aj,dismantle;dismantled,FORM;LEMMA,,MASTER,0,0,0,,,,,0,0,0,ESDB_V0_4
17481,17864,disperse,-13.009,1,PASS,35,,v,disperse,LEMMA,,MASTER,0,1,1,,,,dispersed,0,1,1,ESDB_V0_4
17482,17865,dissatisfied,-13.009,1,PASS,35,,aj;v,dissatisfied;dissatisfy,LEMMA;FORM,,MASTER,0,0,0,,,,,0,0,0,ESDB_V0_4
17483,17866,doctrines,-13.009,1,PASS,35,,n,doctrine,FORM,,MASTER,0,1,0,,doctrine,,,1,0,0,ESDB_V0_4
17484,17867,doha,-13.009,0,NOT_EXACT_EN_US,,,,,,,REJECTED_AUTO,0,0,0,,,,,0,0,0,ESDB_V0_4
17485,17868,duffy,-13.009,0,NOT_EXACT_EN_US,,,,,,,REJECTED_AUTO,0,0,0,,,,,0,0,0,ESDB_V0_4
17486,17869,dyed,-13.009,1,PASS,35,,n_v,dye,FORM,,MASTER,0,1,0,,dye,,,1,0,0,ESDB_V0_4
17487,17870,edits,-13.009,1,PASS,35,,n_v,edit,FORM,,MASTER,0,1,0,,edit,,,1,0,0,ESDB_V0_4
17488,17871,elemental,-13.009,1,PASS,35,,aj,elemental,LEMMA,,MASTER,0,0,0,,,,,0,0,0,ESDB_V0_4
17489,17872,elisabeth,-13.009,0,NOT_EXACT_EN_US,,,,,,,REJECTED_AUTO,0,0,0,,,,,0,0,0,ESDB_V0_4
17490,17873,elves,-13.009,1,PASS,35,,n,elf,FORM,,MASTER,0,1,1,,,selves,,0,1,0,ESDB_V0_4
17491,17874,epidemiology,-13.009,1,PASS,50,,n,epidemiology,LEMMA,,MASTER,0,0,0,,,,,0,0,0,ESDB_V0_4
17492,17875,epoch,-13.009,1,PASS,35,,n,epoch,LEMMA,,MASTER,0,0,0,,,,,0,0,0,ESDB_V0_4
17493,17876,eradicate,-13.009,1,PASS,35,,v,eradicate,LEMMA,,MASTER,0,0,0,,,,,0,0,0,ESDB_V0_4
17494,17877,excavations,-13.009,1,PASS,35,,n,excavation,FORM,,MASTER,0,1,0,,excavation,,,1,0,0,ESDB_V0_4
17495,17878,exited,-13.009,1,PASS,35,,n_v,exit,FORM,,MASTER,0,0,0,,,,,0,0,0,ESDB_V0_4
17496,17879,faulkner,-13.009,0,NOT_EXACT_EN_US,,,,,,,REJECTED_AUTO,0,0,0,,,,,0,0,0,ESDB_V0_4
17497,17880,feng,-13.009,0,NOT_EXACT_EN_US,,,,,,,REJECTED_AUTO,0,0,0,,,,,0,0,0,ESDB_V0_4
17498,17881,fernandez,-13.009,0,NOT_EXACT_EN_US,,,,,,,REJECTED_AUTO,0,0,0,,,,,0,0,0,ESDB_V0_4
17499,17882,fiercely,-13.009,1,PASS,35,,av,fiercely,LEMMA,,MASTER,0,0,0,,,,,0,0,0,ESDB_V0_4
17500,17883,fifteenth,-13.009,1,PASS,35,,n,fifteenth,LEMMA,,MASTER,0,0,0,,,,,0,0,0,ESDB_V0_4
17501,17884,filth,-13.009,1,PASS,35,,n,filth,LEMMA,,MASTER,0,1,1,,,,filthy,0,1,0,ESDB_V0_4
17502,17885,fishery,-13.009,1,PASS,35,,n,fishery,LEMMA,,MASTER,0,1,0,,fisher,,,1,0,0,ESDB_V0_4
17503,17886,fleeting,-13.009,1,PASS,35,,n_v;aj,fleet;fleeting,FORM;LEMMA,,MASTER,0,0,0,,,,,0,0,0,ESDB_V0_4
17504,17887,flickr,-13.009,0,NOT_EXACT_EN_US,,,,,,,REJECTED_AUTO,0,0,0,,,,,0,0,0,ESDB_V0_4
17505,17888,flowed,-13.009,1,PASS,35,,n_v,flow,FORM,,MASTER,0,0,0,,,,,0,0,0,ESDB_V0_4
17506,17889,folders,-13.009,1,PASS,35,,n,folder,FORM,,MASTER,0,1,0,,folder,,,1,0,0,ESDB_V0_4
17507,17890,foliage,-13.009,1,PASS,35,,n,foliage,LEMMA,,MASTER,0,0,0,,,,,0,0,0,ESDB_V0_4
17508,17891,fonts,-13.009,1,PASS,35,,n,font,FORM,,MASTER,0,1,0,,font,,,1,0,0,ESDB_V0_4
17509,17892,footwear,-13.009,1,PASS,35,,n,footwear,LEMMA,,MASTER,0,0,0,,,,,0,0,0,ESDB_V0_4
17510,17893,formulate,-13.009,1,PASS,35,,v,formulate,LEMMA,,MASTER,0,1,1,,,,formulated,0,1,1,ESDB_V0_4
17511,17894,fro,-13.009,1,PASS,35,,a,fro,LEMMA,,MASTER,0,1,1,,,,from;frog,0,2,0,ESDB_V0_4
17512,17895,garland,-13.009,1,PASS,35,50,n_v,garland,LEMMA,,MASTER,0,0,0,,,,,0,0,0,ESDB_V0_4
17513,17896,garry,-13.009,0,NOT_EXACT_EN_US,,,,,,,REJECTED_AUTO,0,0,0,,,,,0,0,0,ESDB_V0_4
17514,17897,geez,-13.009,0,NOT_EXACT_EN_US,,,,,,,REJECTED_AUTO,0,0,0,,,,,0,0,0,ESDB_V0_4
17515,17898,gemma,-13.009,0,NOT_EXACT_EN_US,,,,,,,REJECTED_AUTO,0,0,0,,,,,0,0,0,ESDB_V0_4
17516,17899,gl,-13.009,0,NOT_EXACT_EN_US,,,,,,,REJECTED_AUTO,0,0,0,,,,,0,0,0,ESDB_V0_4
17517,17900,glamorous,-13.009,1,PASS,35,,aj,glamorous,LEMMA,,MASTER,0,0,0,,,,,0,0,0,ESDB_V0_4
17518,17901,glide,-13.009,1,PASS,35,,n_v,glide,LEMMA,,MASTER,0,0,0,,,,,0,0,0,ESDB_V0_4
17519,17902,graders,-13.009,1,PASS,40,,n,grader,FORM,,MASTER,0,0,0,,,,,0,0,0,ESDB_V0_4
17520,17903,grammatical,-13.009,1,PASS,35,,aj,grammatical,LEMMA,,MASTER,0,0,0,,,,,0,0,0,ESDB_V0_4
17521,17904,gregg,-13.009,0,NOT_EXACT_EN_US,,,,,,,REJECTED_AUTO,0,0,0,,,,,0,0,0,ESDB_V0_4
17522,17905,grimm,-13.009,0,NOT_EXACT_EN_US,,,,,,,REJECTED_AUTO,0,0,0,,,,,0,0,0,ESDB_V0_4
17523,17906,handshake,-13.009,1,PASS,35,,n,handshake,LEMMA,,MASTER,0,0,0,,,,,0,0,0,ESDB_V0_4
17524,17907,hangar,-13.009,1,PASS,35,,n,hangar,LEMMA,,MASTER,0,0,0,,,,,0,0,0,ESDB_V0_4
17525,17908,hartford,-13.009,0,NOT_EXACT_EN_US,,,,,,,REJECTED_AUTO,0,0,0,,,,,0,0,0,ESDB_V0_4
17526,17909,haute,-13.009,0,NOT_EXACT_EN_US,,,,,,,REJECTED_AUTO,0,0,0,,,,,0,0,0,ESDB_V0_4
17527,17910,herrera,-13.009,0,NOT_EXACT_EN_US,,,,,,,REJECTED_AUTO,0,0,0,,,,,0,0,0,ESDB_V0_4
17528,17911,hillside,-13.009,1,PASS,35,,n,hillside,LEMMA,,MASTER,0,0,0,,,,,0,0,0,ESDB_V0_4
17529,17912,hind,-13.009,1,PASS,35,,n;aj,hind,LEMMA;FORM,,MASTER,0,0,0,,,,,0,0,0,ESDB_V0_4
17530,17913,hitch,-13.009,1,PASS,35,,n_v,hitch,LEMMA,,MASTER,0,1,0,itch,,,,1,0,0,ESDB_V0_4
17531,17915,holistic,-13.009,1,PASS,40,,aj,holistic,LEMMA,,MASTER,0,0,0,,,,,0,0,0,ESDB_V0_4
17532,17916,honoring,-13.009,1,PASS,35,,n_v,honor,FORM,,MASTER,0,0,0,,,,,0,0,0,ESDB_V0_4
17533,17917,hormonal,-13.009,1,PASS,50,,aj,hormonal,LEMMA,,MASTER,0,0,0,,,,,0,0,0,ESDB_V0_4
17534,17918,howell,-13.009,0,NOT_EXACT_EN_US,,,,,,,REJECTED_AUTO,0,0,0,,,,,0,0,0,ESDB_V0_4
17535,17919,hybrids,-13.009,1,PASS,35,,n,hybrid,FORM,,MASTER,0,1,0,,hybrid,,,1,0,0,ESDB_V0_4
17536,17920,hymns,-13.009,1,PASS,35,,n_v,hymn,FORM,,MASTER,0,1,0,,hymn,,,1,0,0,ESDB_V0_4
17537,17921,hypocrite,-13.009,1,PASS,35,,n,hypocrite,LEMMA,,MASTER,0,0,0,,,,,0,0,0,ESDB_V0_4
17538,17922,hz,-13.009,0,NOT_EXACT_EN_US,,,,,,,REJECTED_AUTO,0,0,0,,,,,0,0,0,ESDB_V0_4
17539,17923,ids,-13.009,1,PASS,50,,n,id,FORM,,MASTER,0,1,1,,id,kids;aids;bids,,1,3,0,ESDB_V0_4
17540,17924,immaculate,-13.009,1,PASS,35,,aj,immaculate,LEMMA,,MASTER,0,0,0,,,,,0,0,0,ESDB_V0_4
17541,17925,improbable,-13.009,1,PASS,35,,aj,improbable,LEMMA,,MASTER,0,0,0,,,,,0,0,0,ESDB_V0_4
17542,17926,incarceration,-13.009,1,PASS,35,,n,incarceration,LEMMA,,MASTER,0,0,0,,,,,0,0,0,ESDB_V0_4
17543,17927,incompetence,-13.009,1,PASS,35,,n,incompetence,LEMMA,,MASTER,0,0,0,,,,,0,0,0,ESDB_V0_4
17544,17928,inferno,-13.009,1,PASS,35,,n,inferno,LEMMA,,MASTER,0,0,0,,,,,0,0,0,ESDB_V0_4
17545,17929,ingenious,-13.009,1,PASS,35,,aj,ingenious,LEMMA,,MASTER,0,0,0,,,,,0,0,0,ESDB_V0_4
17546,17930,involuntary,-13.009,1,PASS,35,,aj,involuntary,LEMMA,,MASTER,0,0,0,,,,,0,0,0,ESDB_V0_4
17547,17931,jacks,-13.009,1,PASS,35,,n_v,jack,FORM,,MASTER,0,1,0,,jack,,,1,0,0,ESDB_V0_4
17548,17932,jai,-13.009,0,NOT_EXACT_EN_US,,,,,,,REJECTED_AUTO,0,0,0,,,,,0,0,0,ESDB_V0_4
17549,17933,jarvis,-13.009,0,NOT_EXACT_EN_US,,,,,,,REJECTED_AUTO,0,0,0,,,,,0,0,0,ESDB_V0_4
17550,17934,jd,-13.009,0,NOT_EXACT_EN_US,,,,,,,REJECTED_AUTO,0,0,0,,,,,0,0,0,ESDB_V0_4
17551,17935,jk,-13.009,0,NOT_EXACT_EN_US,,,,,,,REJECTED_AUTO,0,0,0,,,,,0,0,0,ESDB_V0_4
17552,17936,journalistic,-13.009,1,PASS,50,,aj,journalistic,LEMMA,,MASTER,0,0,0,,,,,0,0,0,ESDB_V0_4
17553,17937,judd,-13.009,0,NOT_EXACT_EN_US,,,,,,,REJECTED_AUTO,0,0,0,,,,,0,0,0,ESDB_V0_4
17554,17938,jurors,-13.009,1,PASS,35,,n,juror,FORM,,MASTER,0,0,0,,,,,0,0,0,ESDB_V0_4
17555,17939,katz,-13.009,0,NOT_EXACT_EN_US,,,,,,,REJECTED_AUTO,0,0,0,,,,,0,0,0,ESDB_V0_4
17556,17940,launcher,-13.009,1,PASS,50,,n,launcher,LEMMA,,MASTER,0,0,0,,,,,0,0,0,ESDB_V0_4
17557,17941,lavish,-13.009,1,PASS,35,,v;aj,lavish,LEMMA,,MASTER,0,0,0,,,,,0,0,0,ESDB_V0_4
17558,17942,lawmakers,-13.009,1,PASS,35,,n,lawmaker,FORM,,MASTER,0,0,0,,,,,0,0,0,ESDB_V0_4
17559,17944,lends,-13.009,1,PASS,35,,v,lend,FORM,,MASTER,0,1,1,ends,lend,blends,,2,1,0,ESDB_V0_4
17560,17945,lifestyles,-13.009,1,PASS,35,,n,lifestyle,FORM,,MASTER,0,1,0,,lifestyle,,,1,0,0,ESDB_V0_4
17561,17946,ligament,-13.009,1,PASS,35,,n,ligament,LEMMA,,MASTER,0,0,0,,,,,0,0,0,ESDB_V0_4
17562,17947,litres,-13.009,0,NOT_EXACT_EN_US,,,,,,,REJECTED_AUTO,0,0,0,,,,,0,0,0,ESDB_V0_4
17563,17948,liv,-13.009,0,NOT_EXACT_EN_US,,,,,,,REJECTED_AUTO,0,0,0,,,,,0,0,0,ESDB_V0_4
17564,17949,lockdown,-13.009,1,PASS,60,,n,lockdown,LEMMA,,MASTER,0,0,0,,,,,0,0,0,ESDB_V0_4
17565,17950,looting,-13.009,1,PASS,35,,v;n,loot;looting,FORM;LEMMA,,MASTER,0,0,0,,,,,0,0,0,ESDB_V0_4
17566,17951,lotion,-13.009,1,PASS,35,,n,lotion,LEMMA,,MASTER,0,0,0,,,,,0,0,0,ESDB_V0_4
17567,17952,louvre,-13.009,0,NOT_EXACT_EN_US,,,,,,,REJECTED_AUTO,0,0,0,,,,,0,0,0,ESDB_V0_4
17568,17953,lutheran,-13.009,0,NOT_EXACT_EN_US,,,,,,,REJECTED_AUTO,0,0,0,,,,,0,0,0,ESDB_V0_4
17569,17954,lux,-13.009,1,PASS,60,,n,lux,LEMMA,,MASTER,0,1,1,,,flux,,0,1,0,ESDB_V0_4
17570,17955,lyrical,-13.009,1,PASS,35,,aj,lyrical,LEMMA,,MASTER,0,0,0,,,,,0,0,0,ESDB_V0_4
17571,17956,macbook,-13.009,0,NOT_EXACT_EN_US,,,,,,,REJECTED_AUTO,0,0,0,,,,,0,0,0,ESDB_V0_4
17572,17957,magnets,-13.009,1,PASS,35,,n,magnet,FORM,,MASTER,0,1,0,,magnet,,,1,0,0,ESDB_V0_4
17573,17958,malfunction,-13.009,1,PASS,35,,n_v,malfunction,LEMMA,,MASTER,0,0,0,,,,,0,0,0,ESDB_V0_4
17574,17959,manageable,-13.009,1,PASS,35,,aj,manageable,LEMMA,,MASTER,0,0,0,,,,,0,0,0,ESDB_V0_4
17575,17960,manifold,-13.009,1,PASS,35,,n_v;aj,manifold,LEMMA,,MASTER,0,0,0,,,,,0,0,0,ESDB_V0_4
17576,17961,manu,-13.009,0,NOT_EXACT_EN_US,,,,,,,REJECTED_AUTO,0,0,0,,,,,0,0,0,ESDB_V0_4
17577,17962,martian,-13.009,0,CASE_FREQ_COLLISION,50,40,n,martian,LEMMA,,REJECTED_AUTO,0,0,0,,,,,0,0,0,ESDB_V0_4
17578,17963,mein,-13.009,0,NOT_EXACT_EN_US,,,,,,,REJECTED_AUTO,0,0,0,,,,,0,0,0,ESDB_V0_4
17579,17964,melts,-13.009,1,PASS,35,,n_v,melt,FORM,,MASTER,0,1,0,,melt,,,1,0,0,ESDB_V0_4
17580,17965,meps,-13.009,0,NOT_EXACT_EN_US,,,,,,,REJECTED_AUTO,0,0,0,,,,,0,0,0,ESDB_V0_4
17581,17966,mercer,-13.009,0,CASE_FREQ_COLLISION,60,50,n,mercer,LEMMA,,REJECTED_AUTO,0,0,0,,,,,0,0,0,ESDB_V0_4
17582,17967,mimi,-13.009,0,NOT_EXACT_EN_US,,,,,,,REJECTED_AUTO,0,0,0,,,,,0,0,0,ESDB_V0_4
17583,17968,mined,-13.009,1,PASS,35,,n_v,mine,FORM,,MASTER,0,1,0,,mine,,,1,0,0,ESDB_V0_4
17584,17969,mitigation,-13.009,1,PASS,40,,n,mitigation,LEMMA,,MASTER,0,0,0,,,,,0,0,0,ESDB_V0_4
17585,17970,moaning,-13.009,1,PASS,35,,n_v,moan,FORM,,MASTER,0,0,0,,,,,0,0,0,ESDB_V0_4
17586,17971,modernity,-13.009,1,PASS,35,,n,modernity,LEMMA,,MASTER,0,0,0,,,,,0,0,0,ESDB_V0_4
17587,17972,mondays,-13.009,0,NOT_EXACT_EN_US,,,,,,,REJECTED_AUTO,0,0,0,,,,,0,0,0,ESDB_V0_4
17588,17973,moons,-13.009,1,PASS,35,,n_v,moon,FORM,,MASTER,0,1,0,,moon,,,1,0,0,ESDB_V0_4
17589,17974,moreno,-13.009,0,NOT_EXACT_EN_US,,,,,,,REJECTED_AUTO,0,0,0,,,,,0,0,0,ESDB_V0_4
17590,17975,naruto,-13.009,0,NOT_EXACT_EN_US,,,,,,,REJECTED_AUTO,0,0,0,,,,,0,0,0,ESDB_V0_4
17591,17976,ndp,-13.009,0,NOT_EXACT_EN_US,,,,,,,REJECTED_AUTO,0,0,0,,,,,0,0,0,ESDB_V0_4
17592,17977,nearing,-13.009,1,PASS,35,,v,near,FORM,,MASTER,0,0,0,,,,,0,0,0,ESDB_V0_4
17593,17978,novak,-13.009,0,NOT_EXACT_EN_US,,,,,,,REJECTED_AUTO,0,0,0,,,,,0,0,0,ESDB_V0_4
17594,17979,numbering,-13.009,1,PASS,35,,n_v;n,number;numbering,FORM;LEMMA,,MASTER,0,0,0,,,,,0,0,0,ESDB_V0_4
17595,17980,ob,-13.009,0,NO_ESDB_GENERAL_EVIDENCE,,,,,,,REJECTED_AUTO,0,0,0,,,,,0,0,0,ESDB_V0_4
17596,17981,oblivion,-13.009,1,PASS,35,,n,oblivion,LEMMA,,MASTER,0,0,0,,,,,0,0,0,ESDB_V0_4
17597,17982,obnoxious,-13.009,1,PASS,35,,aj,obnoxious,LEMMA,,MASTER,0,0,0,,,,,0,0,0,ESDB_V0_4
17598,17983,olga,-13.009,0,NOT_EXACT_EN_US,,,,,,,REJECTED_AUTO,0,0,0,,,,,0,0,0,ESDB_V0_4
17599,17984,oman,-13.009,0,NOT_EXACT_EN_US,,,,,,,REJECTED_AUTO,0,0,0,,,,,0,0,0,ESDB_V0_4
17600,17985,osaka,-13.009,0,NOT_EXACT_EN_US,,,,,,,REJECTED_AUTO,0,0,0,,,,,0,0,0,ESDB_V0_4
17601,17986,outlining,-13.009,1,PASS,35,,n_v,outline,FORM,,MASTER,0,0,0,,,,,0,0,0,ESDB_V0_4
17602,17987,outspoken,-13.009,1,PASS,35,,aj,outspoken,LEMMA,,MASTER,0,0,0,,,,,0,0,0,ESDB_V0_4
17603,17989,paranormal,-13.009,1,PASS,50,,aj,paranormal,LEMMA,,MASTER,0,0,0,,,,,0,0,0,ESDB_V0_4
17604,17990,pastors,-13.009,1,PASS,35,,n,pastor,FORM,,MASTER,0,1,0,,pastor,,,1,0,0,ESDB_V0_4
17605,17991,paterson,-13.009,0,NOT_EXACT_EN_US,,,,,,,REJECTED_AUTO,0,0,0,,,,,0,0,0,ESDB_V0_4
17606,17992,pathogens,-13.009,1,PASS,50,,n,pathogen,FORM,,MASTER,0,0,0,,,,,0,0,0,ESDB_V0_4
17607,17993,perished,-13.009,1,PASS,35,,v,perish,FORM,,MASTER,0,0,0,,,,,0,0,0,ESDB_V0_4
17608,17994,perseverance,-13.009,1,PASS,35,,n,perseverance,LEMMA,,MASTER,0,0,0,,,,,0,0,0,ESDB_V0_4
17609,17995,persisted,-13.009,1,PASS,35,,v,persist,FORM,,MASTER,0,0,0,,,,,0,0,0,ESDB_V0_4
17610,17996,piazza,-13.009,1,PASS,50,,n,piazza,LEMMA,,MASTER,0,0,0,,,,,0,0,0,ESDB_V0_4
17611,17997,pods,-13.009,1,PASS,35,,n_v,pod,FORM,,MASTER,0,1,0,,pod,,,1,0,0,ESDB_V0_4
17612,17998,polluted,-13.009,1,PASS,35,,v;aj,pollute;polluted,FORM;LEMMA,,MASTER,0,0,0,,,,,0,0,0,ESDB_V0_4
17613,17999,ponder,-13.009,1,PASS,35,,v,ponder,LEMMA,,MASTER,0,0,0,,,,,0,0,0,ESDB_V0_4
17614,18000,predatory,-13.009,1,PASS,35,,aj,predatory,LEMMA,,MASTER,0,1,0,,predator,,,1,0,0,ESDB_V0_4
17615,18001,preferring,-13.009,1,PASS,35,,v,prefer,FORM,,MASTER,0,1,0,referring,,,,1,0,0,ESDB_V0_4
17616,18002,prescott,-13.009,0,NOT_EXACT_EN_US,,,,,,,REJECTED_AUTO,0,0,0,,,,,0,0,0,ESDB_V0_4
17617,18003,presumption,-13.009,1,PASS,35,,n,presumption,LEMMA,,MASTER,0,0,0,,,,,0,0,0,ESDB_V0_4
17618,18004,proton,-13.009,1,PASS,35,,n,proton,LEMMA,,MASTER,0,0,0,,,,,0,0,0,ESDB_V0_4
17619,18005,provence,-13.009,0,NOT_EXACT_EN_US,,,,,,,REJECTED_AUTO,0,0,0,,,,,0,0,0,ESDB_V0_4
17620,18006,pulses,-13.009,1,PASS,35,,n_v,pulse,FORM,,MASTER,0,1,0,,pulse,,,1,0,0,ESDB_V0_4
17621,18007,puppets,-13.009,1,PASS,35,,n,puppet,FORM,,MASTER,0,1,0,,puppet,,,1,0,0,ESDB_V0_4
17622,18008,rbi,-13.009,0,NOT_EXACT_EN_US,,,,,,,REJECTED_AUTO,0,0,0,,,,,0,0,0,ESDB_V0_4
17623,18009,reactionary,-13.009,1,PASS,35,,n;aj,reactionary,LEMMA,,MASTER,0,0,0,,,,,0,0,0,ESDB_V0_4
17624,18010,realising,-13.009,0,NOT_EXACT_EN_US,,,,,,,REJECTED_AUTO,0,0,0,,,,,0,0,0,ESDB_V0_4
17625,18011,reciprocal,-13.009,1,PASS,35,,n;aj,reciprocal,LEMMA,,MASTER,0,0,0,,,,,0,0,0,ESDB_V0_4
17626,18012,redress,-13.009,1,PASS,35,,n;v,redress,LEMMA,,MASTER,0,0,0,,,,,0,0,0,ESDB_V0_4
17627,18013,reigned,-13.009,1,PASS,35,,n_v,reign,FORM,,MASTER,0,0,0,,,,,0,0,0,ESDB_V0_4
17628,18014,remuneration,-13.009,1,PASS,35,,n,remuneration,LEMMA,,MASTER,0,0,0,,,,,0,0,0,ESDB_V0_4
17629,18015,rendezvous,-13.009,1,PASS,35,,n;v,rendezvous,LEMMA;FORM,,MASTER,0,0,0,,,,,0,0,0,ESDB_V0_4
17630,18016,replication,-13.009,1,PASS,35,,n,replication,LEMMA,,MASTER,0,0,0,,,,,0,0,0,ESDB_V0_4
17631,18017,rhetorical,-13.009,1,PASS,35,,aj,rhetorical,LEMMA,,MASTER,0,0,0,,,,,0,0,0,ESDB_V0_4
17632,18018,ridley,-13.009,0,NOT_EXACT_EN_US,,,,,,,REJECTED_AUTO,0,0,0,,,,,0,0,0,ESDB_V0_4
17633,18019,roc,-13.009,0,NOT_EXACT_EN_US,,,,,,,REJECTED_AUTO,0,0,0,,,,,0,0,0,ESDB_V0_4
17634,18020,roi,-13.009,0,NOT_EXACT_EN_US,,,,,,,REJECTED_AUTO,0,0,0,,,,,0,0,0,ESDB_V0_4
17635,18021,roommates,-13.009,1,PASS,35,,n,roommate,FORM,,MASTER,0,1,0,,roommate,,,1,0,0,ESDB_V0_4
17636,18022,roundabout,-13.009,1,PASS,35,,n;aj,roundabout,LEMMA,,MASTER,0,0,0,,,,,0,0,0,ESDB_V0_4
17637,18023,rr,-13.009,0,NOT_EXACT_EN_US,,,,,,,REJECTED_AUTO,0,0,0,,,,,0,0,0,ESDB_V0_4
17638,18024,rupees,-13.009,1,PASS,50,,n,rupee,FORM,,MASTER,0,0,0,,,,,0,0,0,ESDB_V0_4
17639,18025,rutherford,-13.009,0,NOT_EXACT_EN_US,,,,,,,REJECTED_AUTO,0,0,0,,,,,0,0,0,ESDB_V0_4
17640,18026,satirical,-13.009,1,PASS,35,,aj,satirical,LEMMA,,MASTER,0,0,0,,,,,0,0,0,ESDB_V0_4
17641,18027,sbs,-13.009,0,NOT_EXACT_EN_US,,,,,,,REJECTED_AUTO,0,0,0,,,,,0,0,0,ESDB_V0_4
17642,18028,scrolling,-13.009,1,PASS,35,,n_v,scroll,FORM,,MASTER,0,0,0,,,,,0,0,0,ESDB_V0_4
17643,18029,sectarian,-13.009,1,PASS,50,,n;aj,sectarian,LEMMA,,MASTER,0,0,0,,,,,0,0,0,ESDB_V0_4
17644,18030,setback,-13.009,1,PASS,35,,n,setback,LEMMA,,MASTER,0,0,0,,,,,0,0,0,ESDB_V0_4
17645,18031,signalling,-13.009,0,NOT_EXACT_EN_US,,,,,,,REJECTED_AUTO,0,0,0,,,,,0,0,0,ESDB_V0_4
17646,18032,spec,-13.009,1,PASS,50,,n_v,spec,LEMMA,,MASTER,0,1,1,,,,specs,0,1,1,ESDB_V0_4
17647,18033,spiritually,-13.009,1,PASS,35,,av,spiritually,LEMMA,,MASTER,0,0,0,,,,,0,0,0,ESDB_V0_4
17648,18034,stabilized,-13.009,1,PASS,35,,v;aj,stabilize;stabilized,FORM;LEMMA,,MASTER,0,1,0,,stabilize,,,1,0,0,ESDB_V0_4
17649,18035,std,-13.009,0,NO_ESDB_GENERAL_EVIDENCE,,,,,,,REJECTED_AUTO,0,0,0,,,,,0,0,0,ESDB_V0_4
17650,18036,stimulated,-13.009,1,PASS,35,,v;aj,stimulate;stimulated,FORM;LEMMA,,MASTER,0,1,0,,stimulate,,,1,0,0,ESDB_V0_4
17651,18037,stimuli,-13.009,1,PASS,35,,n,stimulus,FORM,,MASTER,0,0,0,,,,,0,0,0,ESDB_V0_4
17652,18038,stoner,-13.009,0,SPECIAL_ONLY,50,,n,stoner,LEMMA,,REJECTED_AUTO,0,0,0,,,,,0,0,0,ESDB_V0_4
17653,18039,strands,-13.009,1,PASS,35,,n_v,strand,FORM,,MASTER,0,1,0,,strand,,,1,0,0,ESDB_V0_4
17654,18040,stuffing,-13.009,1,PASS,35,,v;n,stuff;stuffing,FORM;LEMMA,,MASTER,0,0,0,,,,,0,0,0,ESDB_V0_4
17655,18041,stumbling,-13.009,1,PASS,35,,n_v,stumble,FORM,,MASTER,0,0,0,,,,,0,0,0,ESDB_V0_4
17656,18042,stuttgart,-13.009,0,NOT_EXACT_EN_US,,,,,,,REJECTED_AUTO,0,0,0,,,,,0,0,0,ESDB_V0_4
17657,18043,surrogate,-13.009,1,PASS,40,,n;aj,surrogate,LEMMA,,MASTER,0,0,0,,,,,0,0,0,ESDB_V0_4
17658,18044,swans,-13.009,1,PASS,35,,n,swan,FORM,,MASTER,0,1,0,,swan,,,1,0,0,ESDB_V0_4
17659,18045,sweetest,-13.009,1,PASS,35,,aj_av,sweet,FORM,,MASTER,0,0,0,,,,,0,0,0,ESDB_V0_4
17660,18046,tackled,-13.009,1,PASS,35,,n_v,tackle,FORM,,MASTER,0,1,0,,tackle,,,1,0,0,ESDB_V0_4
17661,18047,tagging,-13.009,1,PASS,35,,n_v,tag,FORM,,MASTER,0,0,0,,,,,0,0,0,ESDB_V0_4
17662,18048,taxing,-13.009,1,PASS,35,,n_v;aj,tax;taxing,FORM;LEMMA,,MASTER,0,0,0,,,,,0,0,0,ESDB_V0_4
17663,18049,taxis,-13.009,1,PASS,35,,n_v;n,taxi;taxis,FORM;LEMMA,,MASTER,0,1,0,axis,taxi,,,2,0,0,ESDB_V0_4
17664,18050,tf,-13.009,0,NOT_EXACT_EN_US,,,,,,,REJECTED_AUTO,0,0,0,,,,,0,0,0,ESDB_V0_4
17665,18051,thinkin,-13.009,0,NOT_EXACT_EN_US,,,,,,,REJECTED_AUTO,0,0,0,,,,,0,0,0,ESDB_V0_4
17666,18052,toned,-13.009,1,PASS,35,,n_v;aj,tone;toned,FORM;LEMMA,,MASTER,0,1,1,,tone,stoned,,1,1,0,ESDB_V0_4
17667,18053,toured,-13.009,1,PASS,35,,n_v,tour,FORM,,MASTER,0,0,0,,,,,0,0,0,ESDB_V0_4
17668,18054,towed,-13.009,1,PASS,35,,n_v,tow,FORM,,MASTER,0,1,0,owed,,,,1,0,0,ESDB_V0_4
17669,18055,transcripts,-13.009,1,PASS,35,,n,transcript,FORM,,MASTER,0,1,0,,transcript,,,1,0,0,ESDB_V0_4
17670,18056,tuscany,-13.009,0,NOT_EXACT_EN_US,,,,,,,REJECTED_AUTO,0,0,0,,,,,0,0,0,ESDB_V0_4
17671,18058,ultraviolet,-13.009,1,PASS,35,,n;aj,ultraviolet,LEMMA,,MASTER,0,0,0,,,,,0,0,0,ESDB_V0_4
17672,18059,unaffected,-13.009,1,PASS,35,,aj,unaffected,LEMMA,,MASTER,0,0,0,,,,,0,0,0,ESDB_V0_4
17673,18060,unanswered,-13.009,1,PASS,35,,aj,unanswered,LEMMA,,MASTER,0,0,0,,,,,0,0,0,ESDB_V0_4
17674,18061,unfolding,-13.009,1,PASS,35,,v,unfold,FORM,,MASTER,0,0,0,,,,,0,0,0,ESDB_V0_4
17675,18062,unintended,-13.009,1,PASS,35,,aj,unintended,LEMMA,,MASTER,0,0,0,,,,,0,0,0,ESDB_V0_4
17676,18063,unleashed,-13.009,1,PASS,35,,v,unleash,FORM,,MASTER,0,0,0,,,,,0,0,0,ESDB_V0_4
17677,18064,uzbekistan,-13.009,0,NOT_EXACT_EN_US,,,,,,,REJECTED_AUTO,0,0,0,,,,,0,0,0,ESDB_V0_4
17678,18065,vargas,-13.009,0,NOT_EXACT_EN_US,,,,,,,REJECTED_AUTO,0,0,0,,,,,0,0,0,ESDB_V0_4
17679,18066,vega,-13.009,0,NOT_EXACT_EN_US,,,,,,,REJECTED_AUTO,0,0,0,,,,,0,0,0,ESDB_V0_4
17680,18067,vocation,-13.009,1,PASS,35,,n,vocation,LEMMA,,MASTER,0,0,0,,,,,0,0,0,ESDB_V0_4
17681,18068,vouchers,-13.009,1,PASS,35,,n,voucher,FORM,,MASTER,0,1,0,,voucher,,,1,0,0,ESDB_V0_4
17682,18069,waged,-13.009,1,PASS,35,,n_v,wage,FORM,,MASTER,0,1,0,aged,wage,,,2,0,0,ESDB_V0_4
17683,18070,webber,-13.009,0,NOT_EXACT_EN_US,,,,,,,REJECTED_AUTO,0,0,0,,,,,0,0,0,ESDB_V0_4
17684,18071,whispered,-13.009,1,PASS,35,,n_v;aj,whisper;whispered,FORM;LEMMA,,MASTER,0,0,0,,,,,0,0,0,ESDB_V0_4
17685,18072,widened,-13.009,1,PASS,35,,v,widen,FORM,,MASTER,0,0,0,,,,,0,0,0,ESDB_V0_4
17686,18073,windshield,-13.009,1,PASS,35,,n,windshield,LEMMA,,MASTER,0,0,0,,,,,0,0,0,ESDB_V0_4
17687,18074,wordpress,-13.009,0,NOT_EXACT_EN_US,,,,,,,REJECTED_AUTO,0,0,0,,,,,0,0,0,ESDB_V0_4
17688,18075,wp,-13.009,0,NOT_EXACT_EN_US,,,,,,,REJECTED_AUTO,0,0,0,,,,,0,0,0,ESDB_V0_4
17689,18080,achieves,-13.0316,1,PASS,35,,v,achieve,FORM,,MASTER,0,1,0,,achieve,,,1,0,0,ESDB_V0_4
17690,18081,acidic,-13.0316,1,PASS,40,,aj,acidic,LEMMA,,MASTER,0,0,0,,,,,0,0,0,ESDB_V0_4
17691,18082,advisable,-13.0316,1,PASS,35,,aj,advisable,LEMMA,,MASTER,0,0,0,,,,,0,0,0,ESDB_V0_4
17692,18083,afflicted,-13.0316,1,PASS,35,,v;aj,afflict;afflicted,FORM;LEMMA,,MASTER,0,0,0,,,,,0,0,0,ESDB_V0_4
17693,18084,alba,-13.0316,0,NOT_EXACT_EN_US,,,,,,,REJECTED_AUTO,0,0,0,,,,,0,0,0,ESDB_V0_4
17694,18085,alvin,-13.0316,0,NOT_EXACT_EN_US,,,,,,,REJECTED_AUTO,0,0,0,,,,,0,0,0,ESDB_V0_4
17695,18086,anchorage,-13.0316,1,PASS,35,50,n,anchorage,LEMMA,,MASTER,0,0,0,,,,,0,0,0,ESDB_V0_4
17696,18087,anecdotes,-13.0316,1,PASS,35,,n,anecdote,FORM,,MASTER,0,1,0,,anecdote,,,1,0,0,ESDB_V0_4
17697,18088,anthology,-13.0316,1,PASS,35,,n,anthology,LEMMA,,MASTER,0,0,0,,,,,0,0,0,ESDB_V0_4
17698,18089,appellate,-13.0316,1,PASS,50,,aj,appellate,LEMMA,,MASTER,0,0,0,,,,,0,0,0,ESDB_V0_4
17699,18090,appreciates,-13.0316,1,PASS,35,,v,appreciate,FORM,,MASTER,0,1,0,,appreciate,,,1,0,0,ESDB_V0_4
17700,18091,aqua,-13.0316,1,PASS,50,,n;a,aqua,LEMMA,,MASTER,0,0,0,,,,,0,0,0,ESDB_V0_4
17701,18092,arson,-13.0316,1,PASS,35,,n,arson,LEMMA,,MASTER,0,0,0,,,,,0,0,0,ESDB_V0_4
17702,18093,assigning,-13.0316,1,PASS,35,,n_v;n,assign;assigning,FORM;LEMMA,,MASTER,0,0,0,,,,,0,0,0,ESDB_V0_4
17703,18094,astrology,-13.0316,1,PASS,35,,n,astrology,LEMMA,,MASTER,0,0,0,,,,,0,0,0,ESDB_V0_4
17704,18095,auditions,-13.0316,1,PASS,35,,n_v,audition,FORM,,MASTER,0,1,0,,audition,,,1,0,0,ESDB_V0_4
17705,18096,authored,-13.0316,1,PASS,35,,n_v,author,FORM,,MASTER,0,0,0,,,,,0,0,0,ESDB_V0_4
17706,18097,awaken,-13.0316,1,PASS,35,,v,awaken,LEMMA,,MASTER,0,1,0,,awake,,,1,0,0,ESDB_V0_4
17707,18098,balkan,-13.0316,0,NOT_EXACT_EN_US,,,,,,,REJECTED_AUTO,0,0,0,,,,,0,0,0,ESDB_V0_4
17708,18099,banged,-13.0316,1,PASS,35,,n_v,bang,FORM,,MASTER,0,0,0,,,,,0,0,0,ESDB_V0_4
17709,18100,bas,-13.0316,0,NOT_EXACT_EN_US,,,,,,,REJECTED_AUTO,0,0,0,,,,,0,0,0,ESDB_V0_4
17710,18101,beards,-13.0316,1,PASS,35,,n_v,beard,FORM,,MASTER,0,1,0,,beard,,,1,0,0,ESDB_V0_4
17711,18102,begs,-13.0316,1,PASS,35,,v,beg,FORM,,MASTER,0,1,0,,beg,,,1,0,0,ESDB_V0_4
17712,18103,benevolent,-13.0316,1,PASS,35,,aj,benevolent,LEMMA,,MASTER,0,0,0,,,,,0,0,0,ESDB_V0_4
17713,18104,bey,-13.0316,1,PASS,60,,n,bey,LEMMA,,MASTER,0,1,1,,be,obey,,1,1,0,ESDB_V0_4
17714,18105,bloomberg,-13.0316,0,NOT_EXACT_EN_US,,,,,,,REJECTED_AUTO,0,0,0,,,,,0,0,0,ESDB_V0_4
17715,18106,blvd,-13.0316,0,NO_ESDB_GENERAL_EVIDENCE,,,,,,,REJECTED_AUTO,0,0,0,,,,,0,0,0,ESDB_V0_4
17716,18107,bonfire,-13.0316,1,PASS,35,,n,bonfire,LEMMA,,MASTER,0,0,0,,,,,0,0,0,ESDB_V0_4
17717,18108,boosted,-13.0316,1,PASS,35,,n_v,boost,FORM,,MASTER,0,0,0,,,,,0,0,0,ESDB_V0_4
17718,18109,bowed,-13.0316,1,PASS,35,,n_v;aj,bow;bowed,FORM;LEMMA,,MASTER,0,1,0,owed,,,,1,0,0,ESDB_V0_4
17719,18110,breakout,-13.0316,1,PASS,60,,n,breakout,LEMMA,,MASTER,0,0,0,,,,,0,0,0,ESDB_V0_4
17720,18111,broaden,-13.0316,1,PASS,35,,v,broaden,LEMMA,,MASTER,0,0,0,,,,,0,0,0,ESDB_V0_4
17721,18112,brody,-13.0316,0,NOT_EXACT_EN_US,,,,,,,REJECTED_AUTO,0,0,0,,,,,0,0,0,ESDB_V0_4
17722,18113,browsers,-13.0316,1,PASS,40,,n,browser,FORM,,MASTER,0,1,0,,browser,,,1,0,0,ESDB_V0_4
17723,18114,burying,-13.0316,1,PASS,35,,v;n,bury;burying,FORM;LEMMA,,MASTER,0,0,0,,,,,0,0,0,ESDB_V0_4
17724,18115,cafes,-13.0316,1,PASS,35,,n,cafe,FORM,,MASTER,0,1,0,,cafe,,,1,0,0,ESDB_V0_4
17725,18116,capitalize,-13.0316,1,PASS,35,,v,capitalize,LEMMA,,MASTER,0,0,0,,,,,0,0,0,ESDB_V0_4
17726,18117,carbohydrates,-13.0316,1,PASS,35,,n,carbohydrate,FORM,,MASTER,0,0,0,,,,,0,0,0,ESDB_V0_4
17727,18118,cary,-13.0316,0,NOT_EXACT_EN_US,,,,,,,REJECTED_AUTO,0,0,0,,,,,0,0,0,ESDB_V0_4
17728,18119,circumcision,-13.0316,1,PASS,35,,n,circumcision,LEMMA,,MASTER,0,0,0,,,,,0,0,0,ESDB_V0_4
17729,18120,compel,-13.0316,1,PASS,35,,v,compel,LEMMA,,MASTER,0,0,0,,,,,0,0,0,ESDB_V0_4
17730,18121,complied,-13.0316,1,PASS,35,,v,comply,FORM,,MASTER,0,0,0,,,,,0,0,0,ESDB_V0_4
17731,18122,complimentary,-13.0316,1,PASS,35,,aj,complimentary,LEMMA,,MASTER,0,0,0,,,,,0,0,0,ESDB_V0_4
17732,18123,compromises,-13.0316,1,PASS,35,,n_v,compromise,FORM,,MASTER,0,1,0,,compromise,,,1,0,0,ESDB_V0_4
17733,18124,compton,-13.0316,0,NOT_EXACT_EN_US,,,,,,,REJECTED_AUTO,0,0,0,,,,,0,0,0,ESDB_V0_4
17734,18125,computation,-13.0316,1,PASS,35,,n,computation,LEMMA,,MASTER,0,0,0,,,,,0,0,0,ESDB_V0_4
17735,18126,conductors,-13.0316,1,PASS,35,,n,conductor,FORM,,MASTER,0,1,0,,conductor,,,1,0,0,ESDB_V0_4
17736,18127,conn,-13.0316,0,NOT_EXACT_EN_US,,,,,,,REJECTED_AUTO,0,0,0,,,,,0,0,0,ESDB_V0_4
17737,18128,constraint,-13.0316,1,PASS,35,,n,constraint,LEMMA,,MASTER,0,1,1,,,,constraints,0,1,1,ESDB_V0_4
17738,18129,conversions,-13.0316,1,PASS,35,,n,conversion,FORM,,MASTER,0,1,0,,conversion,,,1,0,0,ESDB_V0_4
17739,18130,cor,-13.0316,0,NO_ESDB_GENERAL_EVIDENCE,,,,,,,REJECTED_AUTO,0,0,0,,,,,0,0,0,ESDB_V0_4
17740,18131,coroner,-13.0316,1,PASS,35,,n,coroner,LEMMA,,MASTER,0,0,0,,,,,0,0,0,ESDB_V0_4
17741,18132,correspondents,-13.0316,1,PASS,35,,n,correspondent,FORM,,MASTER,0,1,0,,correspondent,,,1,0,0,ESDB_V0_4
17742,18133,cottages,-13.0316,1,PASS,35,,n,cottage,FORM,,MASTER,0,1,0,,cottage,,,1,0,0,ESDB_V0_4
17743,18134,countered,-13.0316,1,PASS,35,,n_v,counter,FORM,,MASTER,0,0,0,,,,,0,0,0,ESDB_V0_4
17744,18135,coworkers,-13.0316,1,PASS,40,,n,coworker,FORM,,MASTER,0,0,0,,,,,0,0,0,ESDB_V0_4
17745,18136,cromwell,-13.0316,0,NOT_EXACT_EN_US,,,,,,,REJECTED_AUTO,0,0,0,,,,,0,0,0,ESDB_V0_4
17746,18137,crucified,-13.0316,1,PASS,35,,v,crucify,FORM,,MASTER,0,0,0,,,,,0,0,0,ESDB_V0_4
17747,18138,cuddle,-13.0316,1,PASS,35,,n_v,cuddle,LEMMA,,MASTER,0,0,0,,,,,0,0,0,ESDB_V0_4
17748,18139,cummings,-13.0316,0,NOT_EXACT_EN_US,,,,,,,REJECTED_AUTO,0,0,0,,,,,0,0,0,ESDB_V0_4
17749,18140,cures,-13.0316,1,PASS,35,,n_v,cure,FORM,,MASTER,0,1,0,,cure,,,1,0,0,ESDB_V0_4
17750,18141,devout,-13.0316,1,PASS,35,,aj,devout,LEMMA,,MASTER,0,0,0,,,,,0,0,0,ESDB_V0_4
17751,18142,dialogues,-13.0316,1,PASS,35,,n,dialogue,FORM,,MASTER,0,1,0,,dialogue,,,1,0,0,ESDB_V0_4
17752,18143,dirk,-13.0316,0,CASE_FREQ_COLLISION,50,50,n,dirk,LEMMA,,REJECTED_AUTO,0,0,0,,,,,0,0,0,ESDB_V0_4
17753,18144,discretionary,-13.0316,1,PASS,35,,aj,discretionary,LEMMA,,MASTER,0,0,0,,,,,0,0,0,ESDB_V0_4
17754,18145,disobedience,-13.0316,1,PASS,35,,n,disobedience,LEMMA,,MASTER,0,0,0,,,,,0,0,0,ESDB_V0_4
17755,18146,dyke,-13.0316,1,PASS,35,,n;v,dyke,LEMMA,,MASTER,0,0,0,,,,,0,0,0,ESDB_V0_4
17756,18147,eastward,-13.0316,1,PASS,35,,aj_av,eastward,LEMMA,,MASTER,0,0,0,,,,,0,0,0,ESDB_V0_4
17757,18148,ejected,-13.0316,1,PASS,35,,v,eject,FORM,,MASTER,0,1,1,,,rejected,,0,1,0,ESDB_V0_4
17758,18149,elk,-13.0316,1,PASS,35,,n,elk,LEMMA;FORM,,MASTER,0,0,0,,,,,0,0,0,ESDB_V0_4
17759,18150,emphasised,-13.0316,0,NOT_EXACT_EN_US,,,,,,,REJECTED_AUTO,0,0,0,,,,,0,0,0,ESDB_V0_4
17760,18151,enhances,-13.0316,1,PASS,35,,v,enhance,FORM,,MASTER,0,1,0,,enhance,,,1,0,0,ESDB_V0_4
17761,18152,enlarge,-13.0316,1,PASS,35,,v,enlarge,LEMMA,,MASTER,0,1,1,,,,enlarged,0,1,1,ESDB_V0_4
17762,18153,equivalents,-13.0316,1,PASS,35,,n,equivalent,FORM,,MASTER,0,1,0,,equivalent,,,1,0,0,ESDB_V0_4
17763,18154,excessively,-13.0316,1,PASS,35,,av,excessively,LEMMA,,MASTER,0,0,0,,,,,0,0,0,ESDB_V0_4
17764,18155,exhibiting,-13.0316,1,PASS,35,,n_v,exhibit,FORM,,MASTER,0,0,0,,,,,0,0,0,ESDB_V0_4
17765,18156,felicity,-13.0316,0,CASE_FREQ_COLLISION,50,50,n,felicity,LEMMA,,REJECTED_AUTO,0,0,0,,,,,0,0,0,ESDB_V0_4
17766,18157,fetched,-13.0316,1,PASS,35,,v,fetch,FORM,,MASTER,0,0,0,,,,,0,0,0,ESDB_V0_4
17767,18159,firewall,-13.0316,1,PASS,40,,n,firewall,LEMMA,,MASTER,0,0,0,,,,,0,0,0,ESDB_V0_4
17768,18160,foreground,-13.0316,1,PASS,35,,n_v,foreground,LEMMA,,MASTER,0,0,0,,,,,0,0,0,ESDB_V0_4
17769,18161,foreseeable,-13.0316,1,PASS,35,,aj,foreseeable,LEMMA,,MASTER,0,0,0,,,,,0,0,0,ESDB_V0_4
17770,18162,fostering,-13.0316,1,PASS,35,,v,foster,FORM,,MASTER,0,0,0,,,,,0,0,0,ESDB_V0_4
17771,18163,fright,-13.0316,1,PASS,35,,n_v,fright,LEMMA,,MASTER,0,1,0,right,,,,1,0,0,ESDB_V0_4
17772,18164,fulham,-13.0316,0,NOT_EXACT_EN_US,,,,,,,REJECTED_AUTO,0,0,0,,,,,0,0,0,ESDB_V0_4
17773,18165,galileo,-13.0316,0,NOT_EXACT_EN_US,,,,,,,REJECTED_AUTO,0,0,0,,,,,0,0,0,ESDB_V0_4
17774,18166,garfield,-13.0316,0,NOT_EXACT_EN_US,,,,,,,REJECTED_AUTO,0,0,0,,,,,0,0,0,ESDB_V0_4
17775,18167,glacial,-13.0316,1,PASS,35,,aj,glacial,LEMMA,,MASTER,0,0,0,,,,,0,0,0,ESDB_V0_4
17776,18168,glazed,-13.0316,1,PASS,35,,n_v;aj,glaze;glazed,FORM;LEMMA,,MASTER,0,1,0,,glaze,,,1,0,0,ESDB_V0_4
17777,18169,goodwin,-13.0316,0,NOT_EXACT_EN_US,,,,,,,REJECTED_AUTO,0,0,0,,,,,0,0,0,ESDB_V0_4
17778,18170,gunner,-13.0316,1,PASS,35,,n,gunner,LEMMA,,MASTER,0,1,1,,,,gunners,0,1,1,ESDB_V0_4
17779,18171,gutted,-13.0316,1,PASS,35,,n_v,gut,FORM,,MASTER,0,0,0,,,,,0,0,0,ESDB_V0_4
17780,18172,handmade,-13.0316,1,PASS,35,,aj,handmade,LEMMA,,MASTER,0,0,0,,,,,0,0,0,ESDB_V0_4
17781,18173,hara,-13.0316,0,NOT_EXACT_EN_US,,,,,,,REJECTED_AUTO,0,0,0,,,,,0,0,0,ESDB_V0_4
17782,18174,harmonious,-13.0316,1,PASS,35,,aj,harmonious,LEMMA,,MASTER,0,0,0,,,,,0,0,0,ESDB_V0_4
17783,18175,heartbroken,-13.0316,1,PASS,35,,aj,heartbroken,LEMMA,,MASTER,0,0,0,,,,,0,0,0,ESDB_V0_4
17784,18176,heats,-13.0316,1,PASS,35,,n_v,heat,FORM,,MASTER,0,1,1,eats,heat,cheats,,2,1,0,ESDB_V0_4
17785,18177,heist,-13.0316,1,PASS,40,,n_v,heist,LEMMA,,MASTER,0,0,0,,,,,0,0,0,ESDB_V0_4
17786,18178,horizontally,-13.0316,1,PASS,35,,av,horizontally,LEMMA,,MASTER,0,0,0,,,,,0,0,0,ESDB_V0_4
17787,18179,housewives,-13.0316,1,PASS,35,,n,housewife,FORM,,MASTER,0,0,0,,,,,0,0,0,ESDB_V0_4
17788,18180,hun,-13.0316,0,NOT_EXACT_EN_US,,,,,,,REJECTED_AUTO,0,0,0,,,,,0,0,0,ESDB_V0_4
17789,18181,ict,-13.0316,0,NOT_EXACT_EN_US,,,,,,,REJECTED_AUTO,0,0,0,,,,,0,0,0,ESDB_V0_4
17790,18182,ideologies,-13.0316,1,PASS,35,,n,ideology,FORM,,MASTER,0,0,0,,,,,0,0,0,ESDB_V0_4
17791,18183,ik,-13.0316,0,NOT_EXACT_EN_US,,,,,,,REJECTED_AUTO,0,0,0,,,,,0,0,0,ESDB_V0_4
17792,18184,ikea,-13.0316,0,NOT_EXACT_EN_US,,,,,,,REJECTED_AUTO,0,0,0,,,,,0,0,0,ESDB_V0_4
17793,18185,illumination,-13.0316,1,PASS,35,,n,illumination,LEMMA,,MASTER,0,0,0,,,,,0,0,0,ESDB_V0_4
17794,18186,improperly,-13.0316,1,PASS,35,,av,improperly,LEMMA,,MASTER,0,0,0,,,,,0,0,0,ESDB_V0_4
17795,18187,incest,-13.0316,1,PASS,35,,n,incest,LEMMA,,MASTER,0,0,0,,,,,0,0,0,ESDB_V0_4
17796,18188,inflict,-13.0316,1,PASS,35,,v,inflict,LEMMA,,MASTER,0,0,0,,,,,0,0,0,ESDB_V0_4
17797,18189,inorganic,-13.0316,1,PASS,40,,aj,inorganic,LEMMA,,MASTER,0,0,0,,,,,0,0,0,ESDB_V0_4
17798,18190,inquire,-13.0316,1,PASS,35,,v,inquire,LEMMA,,MASTER,0,0,0,,,,,0,0,0,ESDB_V0_4
17799,18191,insure,-13.0316,1,PASS,35,,v,insure,LEMMA,,MASTER,0,1,1,,,,insured;insurer,0,2,1,ESDB_V0_4
17800,18192,interpersonal,-13.0316,1,PASS,40,,aj,interpersonal,LEMMA,,MASTER,0,0,0,,,,,0,0,0,ESDB_V0_4
17801,18193,intoxicated,-13.0316,1,PASS,35,,v;aj,intoxicate;intoxicated,FORM;LEMMA,,MASTER,0,0,0,,,,,0,0,0,ESDB_V0_4
17802,18194,inventories,-13.0316,1,PASS,35,,n_v,inventory,FORM,,MASTER,0,0,0,,,,,0,0,0,ESDB_V0_4
17803,18195,ipo,-13.0316,0,NOT_EXACT_EN_US,,,,,,,REJECTED_AUTO,0,0,0,,,,,0,0,0,ESDB_V0_4
17804,18196,issuance,-13.0316,1,PASS,50,,n,issuance,LEMMA,,MASTER,0,0,0,,,,,0,0,0,ESDB_V0_4
17805,18198,jacqueline,-13.0316,0,NOT_EXACT_EN_US,,,,,,,REJECTED_AUTO,0,0,0,,,,,0,0,0,ESDB_V0_4
17806,18199,joanne,-13.0316,0,NOT_EXACT_EN_US,,,,,,,REJECTED_AUTO,0,0,0,,,,,0,0,0,ESDB_V0_4
17807,18201,jpg,-13.0316,0,NOT_EXACT_EN_US,,,,,,,REJECTED_AUTO,0,0,0,,,,,0,0,0,ESDB_V0_4
17808,18202,keystone,-13.0316,1,PASS,35,,n,keystone,LEMMA,,MASTER,0,0,0,,,,,0,0,0,ESDB_V0_4
17809,18203,keywords,-13.0316,1,PASS,35,,n,keyword,FORM,,MASTER,0,1,0,,keyword,,,1,0,0,ESDB_V0_4
17810,18204,ks,-13.0316,0,NOT_EXACT_EN_US,,,,,,,REJECTED_AUTO,0,0,0,,,,,0,0,0,ESDB_V0_4
17811,18205,lahore,-13.0316,0,NOT_EXACT_EN_US,,,,,,,REJECTED_AUTO,0,0,0,,,,,0,0,0,ESDB_V0_4
17812,18206,landslide,-13.0316,1,PASS,35,,n_v,landslide,LEMMA,,MASTER,0,0,0,,,,,0,0,0,ESDB_V0_4
17813,18207,langley,-13.0316,0,NOT_EXACT_EN_US,,,,,,,REJECTED_AUTO,0,0,0,,,,,0,0,0,ESDB_V0_4
17814,18208,laos,-13.0316,0,NOT_EXACT_EN_US,,,,,,,REJECTED_AUTO,0,0,0,,,,,0,0,0,ESDB_V0_4
17815,18209,legitimately,-13.0316,1,PASS,35,,av,legitimately,LEMMA,,MASTER,0,0,0,,,,,0,0,0,ESDB_V0_4
17816,18210,lenny,-13.0316,0,NOT_EXACT_EN_US,,,,,,,REJECTED_AUTO,0,0,0,,,,,0,0,0,ESDB_V0_4
17817,18211,lessen,-13.0316,1,PASS,35,,v,lessen,LEMMA,,MASTER,0,0,0,,,,,0,0,0,ESDB_V0_4
17818,18212,lighten,-13.0316,1,PASS,35,,v,lighten,LEMMA,,MASTER,0,0,0,,,,,0,0,0,ESDB_V0_4
17819,18213,loom,-13.0316,1,PASS,35,,n_v,loom,LEMMA,,MASTER,0,1,1,,,bloom;gloom,,0,2,0,ESDB_V0_4
17820,18214,mailbox,-13.0316,1,PASS,35,,n,mailbox,LEMMA,,MASTER,0,0,0,,,,,0,0,0,ESDB_V0_4
17821,18215,malls,-13.0316,1,PASS,35,,n,mall,FORM,,MASTER,0,1,0,,mall,,,1,0,0,ESDB_V0_4
17822,18216,markedly,-13.0316,1,PASS,35,,av,markedly,LEMMA,,MASTER,0,0,0,,,,,0,0,0,ESDB_V0_4
17823,18217,mayhem,-13.0316,1,PASS,35,,n,mayhem,LEMMA,,MASTER,0,0,0,,,,,0,0,0,ESDB_V0_4
17824,18218,mcgraw,-13.0316,0,NOT_EXACT_EN_US,,,,,,,REJECTED_AUTO,0,0,0,,,,,0,0,0,ESDB_V0_4
17825,18219,mediated,-13.0316,1,PASS,35,,v,mediate,FORM,,MASTER,0,0,0,,,,,0,0,0,ESDB_V0_4
17826,18220,medina,-13.0316,0,NOT_EXACT_EN_US,,,,,,,REJECTED_AUTO,0,0,0,,,,,0,0,0,ESDB_V0_4
17827,18221,mich,-13.0316,0,NOT_EXACT_EN_US,,,,,,,REJECTED_AUTO,0,0,0,,,,,0,0,0,ESDB_V0_4
17828,18222,mitt,-13.0316,1,PASS,35,,n,mitt,LEMMA,,MASTER,0,0,0,,,,,0,0,0,ESDB_V0_4
17829,18223,monasteries,-13.0316,1,PASS,35,,n,monastery,FORM,,MASTER,0,0,0,,,,,0,0,0,ESDB_V0_4
17830,18224,monograph,-13.0316,1,PASS,50,,n,monograph,LEMMA,,MASTER,0,0,0,,,,,0,0,0,ESDB_V0_4
17831,18225,montenegro,-13.0316,0,NOT_EXACT_EN_US,,,,,,,REJECTED_AUTO,0,0,0,,,,,0,0,0,ESDB_V0_4
17832,18226,motherfucking,-13.0316,1,PASS,60,,a,motherfucking,LEMMA,vulgar-1,MASTER,0,0,0,,,,,0,0,0,ESDB_V0_4
17833,18227,moyes,-13.0316,0,NOT_EXACT_EN_US,,,,,,,REJECTED_AUTO,0,0,0,,,,,0,0,0,ESDB_V0_4
17834,18228,munitions,-13.0316,1,PASS,60,,n_v,munition,FORM,,MASTER,0,0,0,,,,,0,0,0,ESDB_V0_4
17835,18229,mx,-13.0316,0,NOT_EXACT_EN_US,,,,,,,REJECTED_AUTO,0,0,0,,,,,0,0,0,ESDB_V0_4
17836,18230,necessities,-13.0316,1,PASS,35,,n,necessity,FORM,,MASTER,0,0,0,,,,,0,0,0,ESDB_V0_4
17837,18231,negatives,-13.0316,1,PASS,35,,n_v,negative,FORM,,MASTER,0,1,0,,negative,,,1,0,0,ESDB_V0_4
17838,18232,negativity,-13.0316,1,PASS,50,,n,negativity,LEMMA,,MASTER,0,0,0,,,,,0,0,0,ESDB_V0_4
17839,18233,nerds,-13.0316,1,PASS,40,,n,nerd,FORM,,MASTER,0,1,0,,nerd,,,1,0,0,ESDB_V0_4
17840,18234,neuroscience,-13.0316,1,PASS,60,,n,neuroscience,LEMMA,,MASTER,0,0,0,,,,,0,0,0,ESDB_V0_4
17841,18235,nevermind,-13.0316,0,NOT_EXACT_EN_US,,,,,,,REJECTED_AUTO,0,0,0,,,,,0,0,0,ESDB_V0_4
17842,18236,nurture,-13.0316,1,PASS,35,,n;v,nurture,LEMMA,,MASTER,0,0,0,,,,,0,0,0,ESDB_V0_4
17843,18237,oceanic,-13.0316,1,PASS,35,,n,oceanic,LEMMA,,MASTER,0,0,0,,,,,0,0,0,ESDB_V0_4
17844,18238,olsen,-13.0316,0,NOT_EXACT_EN_US,,,,,,,REJECTED_AUTO,0,0,0,,,,,0,0,0,ESDB_V0_4
17845,18239,ostensibly,-13.0316,1,PASS,35,,av,ostensibly,LEMMA,,MASTER,0,0,0,,,,,0,0,0,ESDB_V0_4
17846,18240,otter,-13.0316,1,PASS,35,,n,otter,LEMMA;FORM,,MASTER,0,1,1,,,potter;hotter,,0,2,0,ESDB_V0_4
17847,18241,panicked,-13.0316,1,PASS,35,,n_v;aj,panic;panicked,FORM;LEMMA,,MASTER,0,0,0,,,,,0,0,0,ESDB_V0_4
17848,18242,parcels,-13.0316,1,PASS,35,,n_v,parcel,FORM,,MASTER,0,1,0,,parcel,,,1,0,0,ESDB_V0_4
17849,18243,particulars,-13.0316,1,PASS,35,,n,particular,FORM,,MASTER,0,1,0,,particular,,,1,0,0,ESDB_V0_4
17850,18244,paternal,-13.0316,1,PASS,35,,aj,paternal,LEMMA,,MASTER,0,0,0,,,,,0,0,0,ESDB_V0_4
17851,18245,paving,-13.0316,1,PASS,35,,v;n,pave;paving,FORM;LEMMA,,MASTER,0,0,0,,,,,0,0,0,ESDB_V0_4
17852,18246,peat,-13.0316,1,PASS,35,,n,peat,LEMMA,,MASTER,0,1,0,eat,pea,,,2,0,0,ESDB_V0_4
17853,18247,perpetrator,-13.0316,1,PASS,35,,n,perpetrator,LEMMA,,MASTER,0,1,1,,,,perpetrators,0,1,1,ESDB_V0_4
17854,18248,pests,-13.0316,1,PASS,35,,n,pest,FORM,,MASTER,0,1,0,,pest,,,1,0,0,ESDB_V0_4
17855,18249,petals,-13.0316,1,PASS,35,,n,petal,FORM,,MASTER,0,0,0,,,,,0,0,0,ESDB_V0_4
17856,18250,philips,-13.0316,0,NOT_EXACT_EN_US,,,,,,,REJECTED_AUTO,0,0,0,,,,,0,0,0,ESDB_V0_4
17857,18251,pitchers,-13.0316,1,PASS,35,,n,pitcher,FORM,,MASTER,0,1,0,,pitcher,,,1,0,0,ESDB_V0_4
17858,18252,poised,-13.0316,1,PASS,35,,v;aj,poise;poised,FORM;LEMMA,,MASTER,0,0,0,,,,,0,0,0,ESDB_V0_4
17859,18253,prejudices,-13.0316,1,PASS,35,,n_v,prejudice,FORM,,MASTER,0,1,0,,prejudice,,,1,0,0,ESDB_V0_4
17860,18254,prelude,-13.0316,1,PASS,35,,n,prelude,LEMMA,,MASTER,0,0,0,,,,,0,0,0,ESDB_V0_4
17861,18255,prematurely,-13.0316,1,PASS,35,,av,prematurely,LEMMA,,MASTER,0,0,0,,,,,0,0,0,ESDB_V0_4
17862,18256,primal,-13.0316,1,PASS,35,,aj,primal,LEMMA,,MASTER,0,0,0,,,,,0,0,0,ESDB_V0_4
17863,18257,punishable,-13.0316,1,PASS,35,,aj,punishable,LEMMA,,MASTER,0,0,0,,,,,0,0,0,ESDB_V0_4
17864,18258,quarrel,-13.0316,1,PASS,35,,n_v,quarrel,LEMMA,,MASTER,0,0,0,,,,,0,0,0,ESDB_V0_4
17865,18259,quickest,-13.0316,1,PASS,35,,aj_av,quick,FORM,,MASTER,0,0,0,,,,,0,0,0,ESDB_V0_4
17866,18260,raja,-13.0316,0,NOT_EXACT_EN_US,,,,,,,REJECTED_AUTO,0,0,0,,,,,0,0,0,ESDB_V0_4
17867,18261,rampage,-13.0316,1,PASS,35,,n_v,rampage,LEMMA,,MASTER,0,0,0,,,,,0,0,0,ESDB_V0_4
17868,18262,ratification,-13.0316,1,PASS,35,,n,ratification,LEMMA,,MASTER,0,0,0,,,,,0,0,0,ESDB_V0_4
17869,18263,realist,-13.0316,1,PASS,35,,n;a,realist,LEMMA,,MASTER,0,0,0,,,,,0,0,0,ESDB_V0_4
17870,18264,reassure,-13.0316,1,PASS,35,,v,reassure,LEMMA,,MASTER,0,0,0,,,,,0,0,0,ESDB_V0_4
17871,18265,recite,-13.0316,1,PASS,35,,v,recite,LEMMA,,MASTER,0,0,0,,,,,0,0,0,ESDB_V0_4
17872,18266,reconstructed,-13.0316,1,PASS,35,,v;aj,reconstruct;reconstructed,FORM;LEMMA,,MASTER,0,0,0,,,,,0,0,0,ESDB_V0_4
17873,18267,referees,-13.0316,1,PASS,35,,n_v,referee,FORM,,MASTER,0,1,0,,referee,,,1,0,0,ESDB_V0_4
17874,18268,refurbished,-13.0316,1,PASS,35,,v,refurbish,FORM,,MASTER,0,0,0,,,,,0,0,0,ESDB_V0_4
17875,18269,reinstated,-13.0316,1,PASS,35,,v,reinstate,FORM,,MASTER,0,0,0,,,,,0,0,0,ESDB_V0_4
17876,18270,renders,-13.0316,1,PASS,35,,n_v,render,FORM,,MASTER,0,1,0,,render,,,1,0,0,ESDB_V0_4
17877,18271,reprint,-13.0316,1,PASS,40,,n_v,reprint,LEMMA,,MASTER,0,0,0,,,,,0,0,0,ESDB_V0_4
17878,18272,revert,-13.0316,1,PASS,35,,v,revert,LEMMA,,MASTER,0,0,0,,,,,0,0,0,ESDB_V0_4
17879,18273,ridges,-13.0316,1,PASS,35,,n_v,ridge,FORM,,MASTER,0,1,1,,ridge,bridges,,1,1,0,ESDB_V0_4
17880,18274,robes,-13.0316,1,PASS,35,,n_v,robe,FORM,,MASTER,0,1,1,,robe,probes,,1,1,0,ESDB_V0_4
17881,18275,rollins,-13.0316,0,NOT_EXACT_EN_US,,,,,,,REJECTED_AUTO,0,0,0,,,,,0,0,0,ESDB_V0_4
17882,18276,routledge,-13.0316,0,NOT_EXACT_EN_US,,,,,,,REJECTED_AUTO,0,0,0,,,,,0,0,0,ESDB_V0_4
17883,18277,saturation,-13.0316,1,PASS,35,,n,saturation,LEMMA,,MASTER,0,0,0,,,,,0,0,0,ESDB_V0_4
17884,18278,savages,-13.0316,1,PASS,35,,n_v,savage,FORM,,MASTER,0,1,0,,savage,,,1,0,0,ESDB_V0_4
17885,18279,senseless,-13.0316,1,PASS,35,,aj,senseless,LEMMA,,MASTER,0,0,0,,,,,0,0,0,ESDB_V0_4
17886,18280,seventies,-13.0316,1,PASS,35,,n,seventy,FORM,,MASTER,0,0,0,,,,,0,0,0,ESDB_V0_4
17887,18281,shoreline,-13.0316,1,PASS,50,,n,shoreline,LEMMA,,MASTER,0,0,0,,,,,0,0,0,ESDB_V0_4
17888,18282,shortcut,-13.0316,1,PASS,40,,n,shortcut,LEMMA,,MASTER,0,0,0,,,,,0,0,0,ESDB_V0_4
17889,18283,shredded,-13.0316,1,PASS,35,,n_v;aj,shred;shredded,FORM;LEMMA,,MASTER,0,0,0,,,,,0,0,0,ESDB_V0_4
17890,18284,slew,-13.0316,1,PASS,35,,v;n_v,slay;slew,FORM;LEMMA,,MASTER,0,0,0,,,,,0,0,0,ESDB_V0_4
17891,18285,slippers,-13.0316,1,PASS,35,,n,slipper,FORM,,MASTER,0,0,0,,,,,0,0,0,ESDB_V0_4
17892,18286,soar,-13.0316,1,PASS,35,,n_v,soar,LEMMA,,MASTER,0,0,0,,,,,0,0,0,ESDB_V0_4
17893,18287,socrates,-13.0316,0,NOT_EXACT_EN_US,,,,,,,REJECTED_AUTO,0,0,0,,,,,0,0,0,ESDB_V0_4
17894,18288,spamming,-13.0316,1,PASS,50,,n_v,spam,FORM,,MASTER,0,0,0,,,,,0,0,0,ESDB_V0_4
17895,18289,squared,-13.0316,1,PASS,35,,n_v;aj,square;squared,FORM;LEMMA,,MASTER,0,1,0,,square,,,1,0,0,ESDB_V0_4
17896,18290,stacey,-13.0316,0,NOT_EXACT_EN_US,,,,,,,REJECTED_AUTO,0,0,0,,,,,0,0,0,ESDB_V0_4
17897,18291,subsistence,-13.0316,1,PASS,35,,n,subsistence,LEMMA,,MASTER,0,0,0,,,,,0,0,0,ESDB_V0_4
17898,18292,suez,-13.0316,0,NOT_EXACT_EN_US,,,,,,,REJECTED_AUTO,0,0,0,,,,,0,0,0,ESDB_V0_4
17899,18293,sup,-13.0316,1,PASS,35,,n_v,sup,LEMMA,,MASTER,0,1,0,up,,,,1,0,0,ESDB_V0_4
17900,18294,supervising,-13.0316,1,PASS,35,,v;n,supervise;supervising,FORM;LEMMA,,MASTER,0,0,0,,,,,0,0,0,ESDB_V0_4
17901,18295,sweeps,-13.0316,1,PASS,35,,n_v,sweep,FORM,,MASTER,0,1,0,,sweep,,,1,0,0,ESDB_V0_4
17902,18296,syllable,-13.0316,1,PASS,35,,n,syllable,LEMMA,,MASTER,0,0,0,,,,,0,0,0,ESDB_V0_4
17903,18297,taipei,-13.0316,0,NOT_EXACT_EN_US,,,,,,,REJECTED_AUTO,0,0,0,,,,,0,0,0,ESDB_V0_4
17904,18298,temperament,-13.0316,1,PASS,35,,n,temperament,LEMMA,,MASTER,0,0,0,,,,,0,0,0,ESDB_V0_4
17905,18300,tj,-13.0316,0,NOT_EXACT_EN_US,,,,,,,REJECTED_AUTO,0,0,0,,,,,0,0,0,ESDB_V0_4
17906,18301,trafford,-13.0316,0,NOT_EXACT_EN_US,,,,,,,REJECTED_AUTO,0,0,0,,,,,0,0,0,ESDB_V0_4
17907,18302,treacherous,-13.0316,1,PASS,35,,aj,treacherous,LEMMA,,MASTER,0,0,0,,,,,0,0,0,ESDB_V0_4
17908,18303,tremendously,-13.0316,1,PASS,35,,av,tremendously,LEMMA,,MASTER,0,0,0,,,,,0,0,0,ESDB_V0_4
17909,18304,troopers,-13.0316,1,PASS,35,,n,trooper,FORM,,MASTER,0,1,0,,trooper,,,1,0,0,ESDB_V0_4
17910,18305,troublesome,-13.0316,1,PASS,35,,aj,troublesome,LEMMA,,MASTER,0,0,0,,,,,0,0,0,ESDB_V0_4
17911,18306,tyrone,-13.0316,0,NOT_EXACT_EN_US,,,,,,,REJECTED_AUTO,0,0,0,,,,,0,0,0,ESDB_V0_4
17912,18307,umpire,-13.0316,1,PASS,35,,n_v,umpire,LEMMA,,MASTER,0,0,0,,,,,0,0,0,ESDB_V0_4
17913,18308,unbelievably,-13.0316,1,PASS,35,,av,unbelievably,LEMMA,,MASTER,0,0,0,,,,,0,0,0,ESDB_V0_4
17914,18309,unborn,-13.0316,1,PASS,35,,aj,unborn,LEMMA,,MASTER,0,0,0,,,,,0,0,0,ESDB_V0_4
17915,18310,unsuitable,-13.0316,1,PASS,35,,aj,unsuitable,LEMMA,,MASTER,0,0,0,,,,,0,0,0,ESDB_V0_4
17916,18311,upfront,-13.0316,1,PASS,40,,aj,upfront,LEMMA,,MASTER,0,0,0,,,,,0,0,0,ESDB_V0_4
17917,18312,uploading,-13.0316,1,PASS,50,,v,upload,FORM,,MASTER,0,0,0,,,,,0,0,0,ESDB_V0_4
17918,18313,validate,-13.0316,1,PASS,35,,v,validate,LEMMA,,MASTER,0,1,1,,,,validated,0,1,1,ESDB_V0_4
17919,18314,vets,-13.0316,1,PASS,35,,n_v,vet,FORM,,MASTER,0,1,0,,vet,,,1,0,0,ESDB_V0_4
17920,18315,vida,-13.0316,0,NOT_EXACT_EN_US,,,,,,,REJECTED_AUTO,0,0,0,,,,,0,0,0,ESDB_V0_4
17921,18316,woken,-13.0316,1,PASS,35,,n_v,wake,FORM,,MASTER,0,1,0,,woke,,,1,0,0,ESDB_V0_4
17922,18317,www,-13.0316,0,NOT_EXACT_EN_US,,,,,,,REJECTED_AUTO,0,0,0,,,,,0,0,0,ESDB_V0_4
17923,18318,yeh,-13.0316,0,NOT_EXACT_EN_US,,,,,,,REJECTED_AUTO,0,0,0,,,,,0,0,0,ESDB_V0_4
17924,18319,yong,-13.0316,0,NOT_EXACT_EN_US,,,,,,,REJECTED_AUTO,0,0,0,,,,,0,0,0,ESDB_V0_4
17925,18320,yves,-13.0316,0,NOT_EXACT_EN_US,,,,,,,REJECTED_AUTO,0,0,0,,,,,0,0,0,ESDB_V0_4
17926,18321,zelda,-13.0316,0,NOT_EXACT_EN_US,,,,,,,REJECTED_AUTO,0,0,0,,,,,0,0,0,ESDB_V0_4
17927,18325,abigail,-13.0547,0,NOT_EXACT_EN_US,,,,,,,REJECTED_AUTO,0,0,0,,,,,0,0,0,ESDB_V0_4
17928,18326,abnormalities,-13.0547,1,PASS,35,,n,abnormality,FORM,,MASTER,0,0,0,,,,,0,0,0,ESDB_V0_4
17929,18327,additive,-13.0547,1,PASS,35,,n;aj,additive,LEMMA,,MASTER,0,0,0,,,,,0,0,0,ESDB_V0_4
17930,18328,adversity,-13.0547,1,PASS,35,,n,adversity,LEMMA,,MASTER,0,0,0,,,,,0,0,0,ESDB_V0_4
17931,18329,afterlife,-13.0547,1,PASS,35,,n,afterlife,LEMMA,,MASTER,0,0,0,,,,,0,0,0,ESDB_V0_4
17932,18330,allotted,-13.0547,1,PASS,35,,v,allot,FORM,,MASTER,0,0,0,,,,,0,0,0,ESDB_V0_4
17933,18331,amc,-13.0547,0,NOT_EXACT_EN_US,,,,,,,REJECTED_AUTO,0,0,0,,,,,0,0,0,ESDB_V0_4
17934,18332,amplifier,-13.0547,1,PASS,35,,n,amplifier,LEMMA,,MASTER,0,0,0,,,,,0,0,0,ESDB_V0_4
17935,18333,approving,-13.0547,1,PASS,35,,v;n;aj,approve;approving,FORM;LEMMA,,MASTER,0,0,0,,,,,0,0,0,ESDB_V0_4
17936,18334,assembling,-13.0547,1,PASS,35,,v;n,assemble;assembling,FORM;LEMMA,,MASTER,0,0,0,,,,,0,0,0,ESDB_V0_4
17937,18335,assertions,-13.0547,1,PASS,35,,n,assertion,FORM,,MASTER,0,1,0,,assertion,,,1,0,0,ESDB_V0_4
17938,18336,astounding,-13.0547,1,PASS,35,,v;aj,astound;astounding,FORM;LEMMA,,MASTER,0,0,0,,,,,0,0,0,ESDB_V0_4
17939,18337,atkinson,-13.0547,0,NOT_EXACT_EN_US,,,,,,,REJECTED_AUTO,0,0,0,,,,,0,0,0,ESDB_V0_4
17940,18338,barbarian,-13.0547,1,PASS,35,,n;aj,barbarian,LEMMA,,MASTER,0,1,1,,,,barbarians,0,1,1,ESDB_V0_4
17941,18339,barrow,-13.0547,1,PASS,50,,n,barrow,LEMMA,,MASTER,0,1,0,arrow,,,,1,0,0,ESDB_V0_4
17942,18340,basal,-13.0547,1,PASS,50,,aj,basal,LEMMA,,MASTER,0,0,0,,,,,0,0,0,ESDB_V0_4
17943,18341,bedside,-13.0547,1,PASS,35,,n;a,bedside,LEMMA,,MASTER,0,0,0,,,,,0,0,0,ESDB_V0_4
17944,18342,berg,-13.0547,0,CASE_FREQ_COLLISION,50,50,n,berg,LEMMA,,REJECTED_AUTO,0,0,0,,,,,0,0,0,ESDB_V0_4
17945,18343,bern,-13.0547,0,NOT_EXACT_EN_US,,,,,,,REJECTED_AUTO,0,0,0,,,,,0,0,0,ESDB_V0_4
17946,18345,blasphemy,-13.0547,1,PASS,35,,n,blasphemy,LEMMA,,MASTER,0,0,0,,,,,0,0,0,ESDB_V0_4
17947,18346,bn,-13.0547,0,NOT_EXACT_EN_US,,,,,,,REJECTED_AUTO,0,0,0,,,,,0,0,0,ESDB_V0_4
17948,18347,bom,-13.0547,0,NOT_EXACT_EN_US,,,,,,,REJECTED_AUTO,0,0,0,,,,,0,0,0,ESDB_V0_4
17949,18348,boone,-13.0547,0,NOT_EXACT_EN_US,,,,,,,REJECTED_AUTO,0,0,0,,,,,0,0,0,ESDB_V0_4
17950,18349,borderline,-13.0547,1,PASS,35,,n;aj,borderline,LEMMA,,MASTER,0,0,0,,,,,0,0,0,ESDB_V0_4
17951,18350,butch,-13.0547,1,PASS,50,,n;aj,butch,LEMMA,,MASTER,0,0,0,,,,,0,0,0,ESDB_V0_4
17952,18351,cadet,-13.0547,1,PASS,35,,n,cadet,LEMMA,,MASTER,0,1,1,,,,cadets,0,1,1,ESDB_V0_4
17953,18352,calves,-13.0547,1,PASS,35,,n;v,calf;calve,FORM,,MASTER,0,0,0,,,,,0,0,0,ESDB_V0_4
17954,18353,campaigned,-13.0547,1,PASS,35,,n_v,campaign,FORM,,MASTER,0,0,0,,,,,0,0,0,ESDB_V0_4
17955,18354,caramel,-13.0547,1,PASS,35,,n,caramel,LEMMA,,MASTER,0,0,0,,,,,0,0,0,ESDB_V0_4
17956,18355,categorized,-13.0547,1,PASS,35,,v;aj,categorize;categorized,FORM;LEMMA,,MASTER,0,0,0,,,,,0,0,0,ESDB_V0_4
17957,18356,cba,-13.0547,0,NOT_EXACT_EN_US,,,,,,,REJECTED_AUTO,0,0,0,,,,,0,0,0,ESDB_V0_4
17958,18357,censored,-13.0547,1,PASS,35,,n_v;aj,censor;censored,FORM;LEMMA,,MASTER,0,0,0,,,,,0,0,0,ESDB_V0_4
17959,18358,centrally,-13.0547,1,PASS,35,,av,centrally,LEMMA,,MASTER,0,0,0,,,,,0,0,0,ESDB_V0_4
17960,18359,centric,-13.0547,1,PASS,60,,aj,centric,LEMMA,,MASTER,0,0,0,,,,,0,0,0,ESDB_V0_4
17961,18360,cesar,-13.0547,0,NOT_EXACT_EN_US,,,,,,,REJECTED_AUTO,0,0,0,,,,,0,0,0,ESDB_V0_4
17962,18361,cherokee,-13.0547,0,NOT_EXACT_EN_US,,,,,,,REJECTED_AUTO,0,0,0,,,,,0,0,0,ESDB_V0_4
17963,18362,cio,-13.0547,0,NOT_EXACT_EN_US,,,,,,,REJECTED_AUTO,0,0,0,,,,,0,0,0,ESDB_V0_4
17964,18364,clinging,-13.0547,1,PASS,35,,v,cling,FORM,,MASTER,0,0,0,,,,,0,0,0,ESDB_V0_4
17965,18365,cobalt,-13.0547,1,PASS,35,,n;a,cobalt,LEMMA,,MASTER,0,0,0,,,,,0,0,0,ESDB_V0_4
17966,18366,coli,-13.0547,0,NO_ESDB_GENERAL_EVIDENCE,,,,,,,REJECTED_AUTO,0,0,0,,,,,0,0,0,ESDB_V0_4
17967,18367,commandment,-13.0547,1,PASS,35,60,n,commandment,LEMMA,,MASTER,0,1,1,,,,commandments,0,1,1,ESDB_V0_4
17968,18368,commemorative,-13.0547,1,PASS,40,,aj,commemorative,LEMMA,,MASTER,0,0,0,,,,,0,0,0,ESDB_V0_4
17969,18369,commentaries,-13.0547,1,PASS,35,,n,commentary,FORM,,MASTER,0,0,0,,,,,0,0,0,ESDB_V0_4
17970,18370,commissioning,-13.0547,1,PASS,35,,n_v;n,commission;commissioning,FORM;LEMMA,,MASTER,0,0,0,,,,,0,0,0,ESDB_V0_4
17971,18371,compressor,-13.0547,1,PASS,50,,n,compressor,LEMMA,,MASTER,0,0,0,,,,,0,0,0,ESDB_V0_4
17972,18372,compromising,-13.0547,1,PASS,35,,n_v;aj,compromise;compromising,FORM;LEMMA,,MASTER,0,0,0,,,,,0,0,0,ESDB_V0_4
17973,18373,computed,-13.0547,1,PASS,35,,v,compute,FORM,,MASTER,0,1,0,,compute,,,1,0,0,ESDB_V0_4
17974,18374,cords,-13.0547,1,PASS,35,,n_v,cord,FORM,,MASTER,0,1,0,,cord,,,1,0,0,ESDB_V0_4
17975,18375,cosy,-13.0547,0,NOT_EXACT_EN_US,,,,,,,REJECTED_AUTO,0,0,0,,,,,0,0,0,ESDB_V0_4
17976,18376,cumberland,-13.0547,0,NOT_EXACT_EN_US,,,,,,,REJECTED_AUTO,0,0,0,,,,,0,0,0,ESDB_V0_4
17977,18377,curfew,-13.0547,1,PASS,35,,n,curfew,LEMMA,,MASTER,0,0,0,,,,,0,0,0,ESDB_V0_4
17978,18379,dalai,-13.0547,0,NOT_EXACT_EN_US,,,,,,,REJECTED_AUTO,0,0,0,,,,,0,0,0,ESDB_V0_4
17979,18380,damian,-13.0547,0,NOT_EXACT_EN_US,,,,,,,REJECTED_AUTO,0,0,0,,,,,0,0,0,ESDB_V0_4
17980,18381,dazzling,-13.0547,1,PASS,35,,v;aj,dazzle;dazzling,FORM;LEMMA,,MASTER,0,0,0,,,,,0,0,0,ESDB_V0_4
17981,18382,decorating,-13.0547,1,PASS,35,,v;n,decorate;decorating,FORM;LEMMA,,MASTER,0,0,0,,,,,0,0,0,ESDB_V0_4
17982,18383,deficient,-13.0547,1,PASS,35,,aj,deficient,LEMMA,,MASTER,0,0,0,,,,,0,0,0,ESDB_V0_4
17983,18384,deities,-13.0547,1,PASS,35,,n,deity,FORM,,MASTER,0,0,0,,,,,0,0,0,ESDB_V0_4
17984,18385,delights,-13.0547,1,PASS,35,,n_v,delight,FORM,,MASTER,0,1,0,,delight,,,1,0,0,ESDB_V0_4
17985,18386,deserts,-13.0547,1,PASS,35,,n_v,desert,FORM,,MASTER,0,1,0,,desert,,,1,0,0,ESDB_V0_4
17986,18387,disclaimer,-13.0547,1,PASS,35,,n,disclaimer,LEMMA,,MASTER,0,0,0,,,,,0,0,0,ESDB_V0_4
17987,18388,dungeons,-13.0547,1,PASS,35,,n,dungeon,FORM,,MASTER,0,1,0,,dungeon,,,1,0,0,ESDB_V0_4
17988,18389,elevate,-13.0547,1,PASS,35,,v,elevate,LEMMA,,MASTER,0,1,1,,,,elevated,0,1,1,ESDB_V0_4
17989,18390,emptied,-13.0547,1,PASS,35,,n_v,empty,FORM,,MASTER,0,0,0,,,,,0,0,0,ESDB_V0_4
17990,18391,enlist,-13.0547,1,PASS,35,,v,enlist,LEMMA,,MASTER,0,0,0,,,,,0,0,0,ESDB_V0_4
17991,18392,entail,-13.0547,1,PASS,35,,v,entail,LEMMA,,MASTER,0,1,1,,,,entails,0,1,1,ESDB_V0_4
17992,18393,erratic,-13.0547,1,PASS,35,,aj,erratic,LEMMA,,MASTER,0,0,0,,,,,0,0,0,ESDB_V0_4
17993,18394,exacerbated,-13.0547,0,NO_ESDB_GENERAL_EVIDENCE,,,,,,,REJECTED_AUTO,0,0,0,,,,,0,0,0,ESDB_V0_4
17994,18395,externally,-13.0547,1,PASS,35,,av,externally,LEMMA,,MASTER,0,0,0,,,,,0,0,0,ESDB_V0_4
17995,18396,extravagant,-13.0547,1,PASS,35,,aj,extravagant,LEMMA,,MASTER,0,0,0,,,,,0,0,0,ESDB_V0_4
17996,18397,eyebrow,-13.0547,1,PASS,35,,n,eyebrow,LEMMA,,MASTER,0,1,1,,,,eyebrows,0,1,1,ESDB_V0_4
17997,18398,fang,-13.0547,1,PASS,35,,n,fang,LEMMA,,MASTER,0,1,0,,fan,,,1,0,0,ESDB_V0_4
17998,18399,farmed,-13.0547,1,PASS,35,,n_v,farm,FORM,,MASTER,0,1,0,armed,,,,1,0,0,ESDB_V0_4
17999,18400,fiesta,-13.0547,1,PASS,35,,n,fiesta,LEMMA,,MASTER,0,0,0,,,,,0,0,0,ESDB_V0_4
18000,18401,finalist,-13.0547,1,PASS,35,,n,finalist,LEMMA,,MASTER,0,1,1,,,,finalists,0,1,1,ESDB_V0_4
18001,18402,fins,-13.0547,1,PASS,35,,n,fin,FORM,,MASTER,0,1,0,ins,fin,,,2,0,0,ESDB_V0_4
18002,18403,flattened,-13.0547,1,PASS,35,,v;aj,flatten;flattened,FORM;LEMMA,,MASTER,0,0,0,,,,,0,0,0,ESDB_V0_4
18003,18404,floppy,-13.0547,1,PASS,35,,n;aj,floppy,LEMMA,,MASTER,0,0,0,,,,,0,0,0,ESDB_V0_4
18004,18405,fluorescent,-13.0547,1,PASS,35,,aj,fluorescent,LEMMA,,MASTER,0,0,0,,,,,0,0,0,ESDB_V0_4
18005,18406,forging,-13.0547,1,PASS,35,,n_v;n,forge;forging,FORM;LEMMA,,MASTER,0,0,0,,,,,0,0,0,ESDB_V0_4
18006,18407,frontiers,-13.0547,1,PASS,35,,n,frontier,FORM,,MASTER,0,1,0,,frontier,,,1,0,0,ESDB_V0_4
18007,18408,funerals,-13.0547,1,PASS,35,,n,funeral,FORM,,MASTER,0,1,0,,funeral,,,1,0,0,ESDB_V0_4
18008,18409,galloway,-13.0547,0,NOT_EXACT_EN_US,,,,,,,REJECTED_AUTO,0,0,0,,,,,0,0,0,ESDB_V0_4
18009,18410,garth,-13.0547,0,NOT_EXACT_EN_US,,,,,,,REJECTED_AUTO,0,0,0,,,,,0,0,0,ESDB_V0_4
18010,18411,glossary,-13.0547,1,PASS,35,,n,glossary,LEMMA,,MASTER,0,0,0,,,,,0,0,0,ESDB_V0_4
18011,18412,grieving,-13.0547,1,PASS,35,,v,grieve,FORM,,MASTER,0,0,0,,,,,0,0,0,ESDB_V0_4
18012,18413,groundbreaking,-13.0547,1,PASS,60,,n,groundbreaking,LEMMA,,MASTER,0,0,0,,,,,0,0,0,ESDB_V0_4
18013,18414,hallucinations,-13.0547,1,PASS,35,,n,hallucination,FORM,,MASTER,0,0,0,,,,,0,0,0,ESDB_V0_4
18014,18415,handheld,-13.0547,0,SPECIAL_ONLY,50,,n,handheld,LEMMA,,REJECTED_AUTO,0,0,0,,,,,0,0,0,ESDB_V0_4
18015,18416,hanover,-13.0547,0,NOT_EXACT_EN_US,,,,,,,REJECTED_AUTO,0,0,0,,,,,0,0,0,ESDB_V0_4
18016,18417,harassing,-13.0547,1,PASS,35,,v,harass,FORM,,MASTER,0,0,0,,,,,0,0,0,ESDB_V0_4
18017,18418,heartless,-13.0547,1,PASS,35,,aj,heartless,LEMMA,,MASTER,0,0,0,,,,,0,0,0,ESDB_V0_4
18018,18419,hesitant,-13.0547,1,PASS,35,,aj,hesitant,LEMMA,,MASTER,0,0,0,,,,,0,0,0,ESDB_V0_4
18019,18420,hezbollah,-13.0547,0,NOT_EXACT_EN_US,,,,,,,REJECTED_AUTO,0,0,0,,,,,0,0,0,ESDB_V0_4
18020,18421,hinges,-13.0547,1,PASS,35,,n_v,hinge,FORM,,MASTER,0,1,0,,hinge,,,1,0,0,ESDB_V0_4
18021,18422,horrifying,-13.0547,1,PASS,35,,v;aj,horrify;horrifying,FORM;LEMMA,,MASTER,0,0,0,,,,,0,0,0,ESDB_V0_4
18022,18423,hostess,-13.0547,1,PASS,35,,n_v,hostess,LEMMA,,MASTER,0,0,0,,,,,0,0,0,ESDB_V0_4
18023,18424,hubs,-13.0547,1,PASS,35,,n,hub,FORM,,MASTER,0,1,0,,hub,,,1,0,0,ESDB_V0_4
18024,18425,hue,-13.0547,1,PASS,35,,n,hue,LEMMA,,MASTER,0,0,0,,,,,0,0,0,ESDB_V0_4
18025,18426,illustrating,-13.0547,1,PASS,35,,v,illustrate,FORM,,MASTER,0,0,0,,,,,0,0,0,ESDB_V0_4
18026,18427,impeachment,-13.0547,1,PASS,40,,n,impeachment,LEMMA,,MASTER,0,0,0,,,,,0,0,0,ESDB_V0_4
18027,18428,imposes,-13.0547,1,PASS,35,,v,impose,FORM,,MASTER,0,1,0,,impose,,,1,0,0,ESDB_V0_4
18028,18429,imprint,-13.0547,1,PASS,35,,n_v,imprint,LEMMA,,MASTER,0,0,0,,,,,0,0,0,ESDB_V0_4
18029,18430,impunity,-13.0547,1,PASS,35,,n,impunity,LEMMA,,MASTER,0,0,0,,,,,0,0,0,ESDB_V0_4
18030,18431,incarcerated,-13.0547,1,PASS,35,,v,incarcerate,FORM,,MASTER,0,0,0,,,,,0,0,0,ESDB_V0_4
18031,18432,inconsistency,-13.0547,1,PASS,35,,n,inconsistency,LEMMA,,MASTER,0,0,0,,,,,0,0,0,ESDB_V0_4
18032,18433,inhibitors,-13.0547,1,PASS,60,,n,inhibitor,FORM,,MASTER,0,1,0,,inhibitor,,,1,0,0,ESDB_V0_4
18033,18434,inhuman,-13.0547,1,PASS,35,,aj,inhuman,LEMMA,,MASTER,0,0,0,,,,,0,0,0,ESDB_V0_4
18034,18435,insurgent,-13.0547,1,PASS,35,,n;aj,insurgent,LEMMA,,MASTER,0,1,1,,,,insurgents,0,1,1,ESDB_V0_4
18035,18436,intestinal,-13.0547,1,PASS,35,,aj,intestinal,LEMMA,,MASTER,0,0,0,,,,,0,0,0,ESDB_V0_4
18036,18437,isil,-13.0547,0,NOT_EXACT_EN_US,,,,,,,REJECTED_AUTO,0,0,0,,,,,0,0,0,ESDB_V0_4
18037,18438,itch,-13.0547,1,PASS,35,,n_v,itch,LEMMA,,MASTER,0,1,1,,,bitch;pitch;witch;ditch;hitch,itchy,0,6,0,ESDB_V0_4
18038,18439,jammed,-13.0547,1,PASS,35,,n_v;aj,jam;jammed,FORM;LEMMA,,MASTER,0,0,0,,,,,0,0,0,ESDB_V0_4
18039,18440,jurisprudence,-13.0547,1,PASS,50,,n,jurisprudence,LEMMA,,MASTER,0,0,0,,,,,0,0,0,ESDB_V0_4
18040,18441,keynes,-13.0547,0,NOT_EXACT_EN_US,,,,,,,REJECTED_AUTO,0,0,0,,,,,0,0,0,ESDB_V0_4
18041,18442,kilograms,-13.0547,1,PASS,35,,n,kilogram,FORM,,MASTER,0,0,0,,,,,0,0,0,ESDB_V0_4
18042,18443,lankan,-13.0547,0,NOT_EXACT_EN_US,,,,,,,REJECTED_AUTO,0,0,0,,,,,0,0,0,ESDB_V0_4
18043,18444,lashes,-13.0547,1,PASS,35,,n_v,lash,FORM,,MASTER,0,1,1,ashes,,clashes;flashes,,1,2,0,ESDB_V0_4
18044,18445,ld,-13.0547,0,NOT_EXACT_EN_US,,,,,,,REJECTED_AUTO,0,0,0,,,,,0,0,0,ESDB_V0_4
18045,18446,leaps,-13.0547,1,PASS,35,,n_v,leap,FORM,,MASTER,0,1,0,,leap,,,1,0,0,ESDB_V0_4
18046,18447,legalization,-13.0547,1,PASS,50,,n,legalization,LEMMA,,MASTER,0,0,0,,,,,0,0,0,ESDB_V0_4
18047,18448,lofty,-13.0547,1,PASS,35,,aj,lofty,LEMMA,,MASTER,0,1,0,,loft,,,1,0,0,ESDB_V0_4
18048,18449,loosen,-13.0547,1,PASS,35,,v,loosen,LEMMA,,MASTER,0,1,0,,loose,,,1,0,0,ESDB_V0_4
18049,18450,lte,-13.0547,0,NOT_EXACT_EN_US,,,,,,,REJECTED_AUTO,0,0,0,,,,,0,0,0,ESDB_V0_4
18050,18451,ludicrous,-13.0547,1,PASS,35,,aj,ludicrous,LEMMA,,MASTER,0,0,0,,,,,0,0,0,ESDB_V0_4
18051,18452,luigi,-13.0547,0,NOT_EXACT_EN_US,,,,,,,REJECTED_AUTO,0,0,0,,,,,0,0,0,ESDB_V0_4
18052,18454,mandates,-13.0547,1,PASS,35,,n_v,mandate,FORM,,MASTER,0,1,0,,mandate,,,1,0,0,ESDB_V0_4
18053,18455,manic,-13.0547,1,PASS,35,,n;aj,manic,LEMMA,,MASTER,0,0,0,,,,,0,0,0,ESDB_V0_4
18054,18456,manslaughter,-13.0547,1,PASS,35,,n,manslaughter,LEMMA,,MASTER,0,0,0,,,,,0,0,0,ESDB_V0_4
18055,18457,masturbation,-13.0547,1,PASS,35,,n,masturbation,LEMMA,,MASTER,0,0,0,,,,,0,0,0,ESDB_V0_4
18056,18458,mathematician,-13.0547,1,PASS,35,,n,mathematician,LEMMA,,MASTER,0,1,1,,,,mathematicians,0,1,1,ESDB_V0_4
18057,18459,matured,-13.0547,1,PASS,35,,v,mature,FORM,,MASTER,0,1,0,,mature,,,1,0,0,ESDB_V0_4
18058,18460,melancholy,-13.0547,1,PASS,35,,n;aj,melancholy,LEMMA,,MASTER,0,0,0,,,,,0,0,0,ESDB_V0_4
18059,18461,mellow,-13.0547,1,PASS,35,,v;aj_av,mellow,LEMMA,,MASTER,0,0,0,,,,,0,0,0,ESDB_V0_4
18060,18462,mer,-13.0547,0,NOT_EXACT_EN_US,,,,,,,REJECTED_AUTO,0,0,0,,,,,0,0,0,ESDB_V0_4
18061,18463,migraine,-13.0547,1,PASS,35,,n,migraine,LEMMA,,MASTER,0,0,0,,,,,0,0,0,ESDB_V0_4
18062,18464,migrated,-13.0547,1,PASS,35,,v,migrate,FORM,,MASTER,0,1,0,,migrate,,,1,0,0,ESDB_V0_4
18063,18465,mir,-13.0547,0,NOT_EXACT_EN_US,,,,,,,REJECTED_AUTO,0,0,0,,,,,0,0,0,ESDB_V0_4
18064,18466,misplaced,-13.0547,1,PASS,35,,v;aj,misplace;misplaced,FORM;LEMMA,,MASTER,0,0,0,,,,,0,0,0,ESDB_V0_4
18065,18467,mocked,-13.0547,1,PASS,35,,v,mock,FORM,,MASTER,0,0,0,,,,,0,0,0,ESDB_V0_4
18066,18468,modelled,-13.0547,0,NOT_EXACT_EN_US,,,,,,,REJECTED_AUTO,0,0,0,,,,,0,0,0,ESDB_V0_4
18067,18469,momma,-13.0547,0,NOT_EXACT_EN_US,,,,,,,REJECTED_AUTO,0,0,0,,,,,0,0,0,ESDB_V0_4
18068,18470,moor,-13.0547,1,PASS,35,50,n_v,moor,LEMMA,,MASTER,0,0,0,,,,,0,0,0,ESDB_V0_4
18069,18471,morales,-13.0547,0,NOT_EXACT_EN_US,,,,,,,REJECTED_AUTO,0,0,0,,,,,0,0,0,ESDB_V0_4
18070,18472,motherhood,-13.0547,1,PASS,35,,n,motherhood,LEMMA,,MASTER,0,0,0,,,,,0,0,0,ESDB_V0_4
18071,18473,muffin,-13.0547,1,PASS,35,,n,muffin,LEMMA,,MASTER,0,0,0,,,,,0,0,0,ESDB_V0_4
18072,18474,muted,-13.0547,1,PASS,35,,n_v;aj,mute;muted,FORM;LEMMA,,MASTER,0,1,0,,mute,,,1,0,0,ESDB_V0_4
18073,18475,muzzle,-13.0547,1,PASS,35,,n_v,muzzle,LEMMA,,MASTER,0,0,0,,,,,0,0,0,ESDB_V0_4
18074,18476,narrated,-13.0547,1,PASS,35,,v,narrate,FORM,,MASTER,0,0,0,,,,,0,0,0,ESDB_V0_4
18075,18477,nemesis,-13.0547,0,CASE_FREQ_COLLISION,50,50,n,nemesis,LEMMA,,REJECTED_AUTO,0,0,0,,,,,0,0,0,ESDB_V0_4
18076,18478,nip,-13.0547,1,PASS,35,,n_v,nip,LEMMA,,MASTER,0,0,0,,,,,0,0,0,ESDB_V0_4
18077,18479,nom,-13.0547,0,NOT_EXACT_EN_US,,,,,,,REJECTED_AUTO,0,0,0,,,,,0,0,0,ESDB_V0_4
18078,18481,nutshell,-13.0547,1,PASS,35,,n,nutshell,LEMMA,,MASTER,0,0,0,,,,,0,0,0,ESDB_V0_4
18079,18482,oem,-13.0547,0,NOT_EXACT_EN_US,,,,,,,REJECTED_AUTO,0,0,0,,,,,0,0,0,ESDB_V0_4
18080,18483,ohhh,-13.0547,0,NOT_EXACT_EN_US,,,,,,,REJECTED_AUTO,0,0,0,,,,,0,0,0,ESDB_V0_4
18081,18484,ollie,-13.0547,0,NOT_EXACT_EN_US,,,,,,,REJECTED_AUTO,0,0,0,,,,,0,0,0,ESDB_V0_4
18082,18485,orbits,-13.0547,1,PASS,35,,n_v,orbit,FORM,,MASTER,0,1,0,,orbit,,,1,0,0,ESDB_V0_4
18083,18486,outweigh,-13.0547,1,PASS,35,,v,outweigh,LEMMA,,MASTER,0,0,0,,,,,0,0,0,ESDB_V0_4
18084,18487,pap,-13.0547,1,PASS,35,,n,pap,LEMMA,,MASTER,0,1,1,,pa,,papa,1,1,0,ESDB_V0_4
18085,18488,patel,-13.0547,0,NOT_EXACT_EN_US,,,,,,,REJECTED_AUTO,0,0,0,,,,,0,0,0,ESDB_V0_4
18086,18489,pats,-13.0547,1,PASS,35,,n_v,pat,FORM,,MASTER,0,1,0,,pat,,,1,0,0,ESDB_V0_4
18087,18490,peep,-13.0547,1,PASS,35,,n_v,peep,LEMMA,,MASTER,0,1,0,,pee,,,1,0,0,ESDB_V0_4
18088,18491,pennies,-13.0547,1,PASS,35,,n,penny,FORM,,MASTER,0,0,0,,,,,0,0,0,ESDB_V0_4
18089,18492,persuasive,-13.0547,1,PASS,35,,aj,persuasive,LEMMA,,MASTER,0,0,0,,,,,0,0,0,ESDB_V0_4
18090,18493,petite,-13.0547,1,PASS,35,,n;aj,petite,LEMMA,,MASTER,0,0,0,,,,,0,0,0,ESDB_V0_4
18091,18494,pew,-13.0547,1,PASS,35,,n;i,pew,LEMMA,,MASTER,0,0,0,,,,,0,0,0,ESDB_V0_4
18092,18495,philanthropy,-13.0547,1,PASS,35,,n,philanthropy,LEMMA,,MASTER,0,0,0,,,,,0,0,0,ESDB_V0_4
18093,18496,pisa,-13.0547,0,NOT_EXACT_EN_US,,,,,,,REJECTED_AUTO,0,0,0,,,,,0,0,0,ESDB_V0_4
18094,18497,plated,-13.0547,1,PASS,35,,n_v;a,plate;plated,FORM;LEMMA,,MASTER,0,1,0,,plate,,,1,0,0,ESDB_V0_4
18095,18498,predictive,-13.0547,1,PASS,50,,aj,predictive,LEMMA,,MASTER,0,0,0,,,,,0,0,0,ESDB_V0_4
18096,18499,prized,-13.0547,1,PASS,35,,v;n_v,prize,FORM,,MASTER,0,1,0,,prize,,,1,0,0,ESDB_V0_4
18097,18500,prowess,-13.0547,1,PASS,35,,n,prowess,LEMMA,,MASTER,0,0,0,,,,,0,0,0,ESDB_V0_4
18098,18501,pu,-13.0547,0,NOT_EXACT_EN_US,,,,,,,REJECTED_AUTO,0,0,0,,,,,0,0,0,ESDB_V0_4
18099,18502,pulitzer,-13.0547,0,NOT_EXACT_EN_US,,,,,,,REJECTED_AUTO,0,0,0,,,,,0,0,0,ESDB_V0_4
18100,18503,racks,-13.0547,1,PASS,35,,n_v,rack,FORM,,MASTER,0,1,1,,rack,tracks;cracks,,1,2,0,ESDB_V0_4
18101,18504,rama,-13.0547,0,NOT_EXACT_EN_US,,,,,,,REJECTED_AUTO,0,0,0,,,,,0,0,0,ESDB_V0_4
18102,18505,rattle,-13.0547,1,PASS,35,,n_v,rattle,LEMMA,,MASTER,0,0,0,,,,,0,0,0,ESDB_V0_4
18103,18506,recycle,-13.0547,1,PASS,35,,n;v,recycle,LEMMA,,MASTER,0,1,1,,,,recycled,0,1,1,ESDB_V0_4
18104,18507,redevelopment,-13.0547,1,PASS,40,,n,redevelopment,LEMMA,,MASTER,0,0,0,,,,,0,0,0,ESDB_V0_4
18105,18508,renovations,-13.0547,1,PASS,35,,n,renovation,FORM,,MASTER,0,1,0,,renovation,,,1,0,0,ESDB_V0_4
18106,18509,rentals,-13.0547,1,PASS,35,,n,rental,FORM,,MASTER,0,1,0,,rental,,,1,0,0,ESDB_V0_4
18107,18510,reuse,-13.0547,1,PASS,35,,n_v,reuse,LEMMA,,MASTER,0,0,0,,,,,0,0,0,ESDB_V0_4
18108,18511,revolves,-13.0547,1,PASS,35,,v,revolve,FORM,,MASTER,0,0,0,,,,,0,0,0,ESDB_V0_4
18109,18512,rodeo,-13.0547,1,PASS,35,,n,rodeo,LEMMA,,MASTER,0,1,0,,rode,,,1,0,0,ESDB_V0_4
18110,18513,rolex,-13.0547,0,NOT_EXACT_EN_US,,,,,,,REJECTED_AUTO,0,0,0,,,,,0,0,0,ESDB_V0_4
18111,18514,ru,-13.0547,0,NOT_EXACT_EN_US,,,,,,,REJECTED_AUTO,0,0,0,,,,,0,0,0,ESDB_V0_4
18112,18516,saliva,-13.0547,1,PASS,35,,n,saliva,LEMMA,,MASTER,0,0,0,,,,,0,0,0,ESDB_V0_4
18113,18517,scrape,-13.0547,1,PASS,35,,n_v,scrape,LEMMA,,MASTER,0,1,0,,scrap,,,1,0,0,ESDB_V0_4
18114,18518,seam,-13.0547,1,PASS,35,,n_v,seam,LEMMA,,MASTER,0,1,0,,sea,,,1,0,0,ESDB_V0_4
18115,18519,sensations,-13.0547,1,PASS,35,,n,sensation,FORM,,MASTER,0,1,0,,sensation,,,1,0,0,ESDB_V0_4
18116,18520,sermons,-13.0547,1,PASS,35,,n,sermon,FORM,,MASTER,0,1,0,,sermon,,,1,0,0,ESDB_V0_4
18117,18521,showtime,-13.0547,1,PASS,60,,n,showtime,LEMMA,,MASTER,0,0,0,,,,,0,0,0,ESDB_V0_4
18118,18522,siemens,-13.0547,0,NOT_EXACT_EN_US,,,,,,,REJECTED_AUTO,0,0,0,,,,,0,0,0,ESDB_V0_4
18119,18523,silenced,-13.0547,1,PASS,35,,n_v,silence,FORM,,MASTER,0,1,0,,silence,,,1,0,0,ESDB_V0_4
18120,18524,slay,-13.0547,1,PASS,35,,v,slay,LEMMA,,MASTER,0,1,0,lay,,,,1,0,0,ESDB_V0_4
18121,18525,sludge,-13.0547,1,PASS,35,,n,sludge,LEMMA,,MASTER,0,0,0,,,,,0,0,0,ESDB_V0_4
18122,18526,slug,-13.0547,1,PASS,35,,n_v,slug,LEMMA,,MASTER,0,0,0,,,,,0,0,0,ESDB_V0_4
18123,18527,soften,-13.0547,1,PASS,35,,v,soften,LEMMA,,MASTER,0,1,0,often,,,,1,0,0,ESDB_V0_4
18124,18528,specifying,-13.0547,1,PASS,35,,v,specify,FORM,,MASTER,0,0,0,,,,,0,0,0,ESDB_V0_4
18125,18529,spruce,-13.0547,1,PASS,35,,n_v;aj,spruce,LEMMA,,MASTER,0,0,0,,,,,0,0,0,ESDB_V0_4
18126,18530,suction,-13.0547,1,PASS,35,,n;v,suction,LEMMA,,MASTER,0,0,0,,,,,0,0,0,ESDB_V0_4
18127,18531,suzuki,-13.0547,0,NOT_EXACT_EN_US,,,,,,,REJECTED_AUTO,0,0,0,,,,,0,0,0,ESDB_V0_4
18128,18532,swam,-13.0547,1,PASS,35,,n_v,swim,FORM,,MASTER,0,1,1,,,,swamp,0,1,0,ESDB_V0_4
18129,18533,symmetrical,-13.0547,1,PASS,35,,aj,symmetrical,LEMMA,,MASTER,0,0,0,,,,,0,0,0,ESDB_V0_4
18130,18534,tainted,-13.0547,1,PASS,35,,n_v;aj,taint;tainted,FORM;LEMMA,,MASTER,0,0,0,,,,,0,0,0,ESDB_V0_4
18131,18535,thierry,-13.0547,0,NOT_EXACT_EN_US,,,,,,,REJECTED_AUTO,0,0,0,,,,,0,0,0,ESDB_V0_4
18132,18536,tightening,-13.0547,1,PASS,35,,v;n,tighten;tightening,FORM;LEMMA,,MASTER,0,0,0,,,,,0,0,0,ESDB_V0_4
18133,18537,ting,-13.0547,0,CASE_FREQ_COLLISION,60,50,n_v,ting,LEMMA,,REJECTED_AUTO,0,0,0,,,,,0,0,0,ESDB_V0_4
18134,18538,tonne,-13.0547,1,PASS,60,,n,tonne,LEMMA,,MASTER,0,0,0,,,,,0,0,0,ESDB_V0_4
18135,18539,tossing,-13.0547,1,PASS,35,,n_v;n,toss;tossing,FORM;LEMMA,,MASTER,0,0,0,,,,,0,0,0,ESDB_V0_4
18136,18540,traverse,-13.0547,1,PASS,35,,n_v;a,traverse,LEMMA,,MASTER,0,0,0,,,,,0,0,0,ESDB_V0_4
18137,18541,triumphant,-13.0547,1,PASS,35,,aj,triumphant,LEMMA,,MASTER,0,0,0,,,,,0,0,0,ESDB_V0_4
18138,18542,trolley,-13.0547,1,PASS,35,,n,trolley,LEMMA,,MASTER,0,0,0,,,,,0,0,0,ESDB_V0_4
18139,18543,turk,-13.0547,0,NOT_EXACT_EN_US,,,,,,,REJECTED_AUTO,0,0,0,,,,,0,0,0,ESDB_V0_4
18140,18545,tyrant,-13.0547,1,PASS,35,,n,tyrant,LEMMA,,MASTER,0,0,0,,,,,0,0,0,ESDB_V0_4
18141,18546,undermining,-13.0547,1,PASS,35,,v;n,undermine;undermining,FORM;LEMMA,,MASTER,0,0,0,,,,,0,0,0,ESDB_V0_4
18142,18547,undone,-13.0547,1,PASS,35,,v;aj,undo;undone,FORM;LEMMA,,MASTER,0,0,0,,,,,0,0,0,ESDB_V0_4
18143,18548,unicef,-13.0547,0,NOT_EXACT_EN_US,,,,,,,REJECTED_AUTO,0,0,0,,,,,0,0,0,ESDB_V0_4
18144,18549,usda,-13.0547,0,NOT_EXACT_EN_US,,,,,,,REJECTED_AUTO,0,0,0,,,,,0,0,0,ESDB_V0_4
18145,18550,vapour,-13.0547,0,NOT_EXACT_EN_US,,,,,,,REJECTED_AUTO,0,0,0,,,,,0,0,0,ESDB_V0_4
18146,18551,viper,-13.0547,1,PASS,35,,n,viper,LEMMA,,MASTER,0,0,0,,,,,0,0,0,ESDB_V0_4
18147,18552,virgins,-13.0547,1,PASS,35,,n,virgin,FORM,,MASTER,0,1,0,,virgin,,,1,0,0,ESDB_V0_4
18148,18553,wheeled,-13.0547,1,PASS,35,,n_v;aj,wheel;wheeled,FORM;LEMMA,,MASTER,0,0,0,,,,,0,0,0,ESDB_V0_4
18149,18554,whitman,-13.0547,0,NOT_EXACT_EN_US,,,,,,,REJECTED_AUTO,0,0,0,,,,,0,0,0,ESDB_V0_4
18150,18555,whores,-13.0547,1,PASS,35,,n,whore,FORM,,MASTER,0,1,0,,whore,,,1,0,0,ESDB_V0_4
18151,18556,withhold,-13.0547,1,PASS,35,,v,withhold,LEMMA,,MASTER,0,0,0,,,,,0,0,0,ESDB_V0_4
18152,18557,yates,-13.0547,0,NOT_EXACT_EN_US,,,,,,,REJECTED_AUTO,0,0,0,,,,,0,0,0,ESDB_V0_4
18153,18558,zeppelin,-13.0547,1,PASS,50,,n,zeppelin,LEMMA,,MASTER,0,0,0,,,,,0,0,0,ESDB_V0_4
18154,18559,zu,-13.0547,0,NOT_EXACT_EN_US,,,,,,,REJECTED_AUTO,0,0,0,,,,,0,0,0,ESDB_V0_4
18155,18566,abstraction,-13.0783,1,PASS,35,,n,abstraction,LEMMA,,MASTER,0,0,0,,,,,0,0,0,ESDB_V0_4
18156,18567,adidas,-13.0783,0,NOT_EXACT_EN_US,,,,,,,REJECTED_AUTO,0,0,0,,,,,0,0,0,ESDB_V0_4
18157,18568,agility,-13.0783,1,PASS,35,,n,agility,LEMMA,,MASTER,0,0,0,,,,,0,0,0,ESDB_V0_4
18158,18569,agrarian,-13.0783,1,PASS,50,,n;aj,agrarian,LEMMA,,MASTER,0,0,0,,,,,0,0,0,ESDB_V0_4
18159,18570,airfield,-13.0783,1,PASS,35,,n,airfield,LEMMA,,MASTER,0,0,0,,,,,0,0,0,ESDB_V0_4
18160,18571,albion,-13.0783,0,NOT_EXACT_EN_US,,,,,,,REJECTED_AUTO,0,0,0,,,,,0,0,0,ESDB_V0_4
18161,18572,allocate,-13.0783,1,PASS,35,,v,allocate,LEMMA,,MASTER,0,1,1,,,,allocated,0,1,1,ESDB_V0_4
18162,18573,apologizing,-13.0783,1,PASS,35,,v,apologize,FORM,,MASTER,0,0,0,,,,,0,0,0,ESDB_V0_4
18163,18574,approximation,-13.0783,1,PASS,35,,n,approximation,LEMMA,,MASTER,0,0,0,,,,,0,0,0,ESDB_V0_4
18164,18575,arbitrarily,-13.0783,1,PASS,35,,av,arbitrarily,LEMMA,,MASTER,0,0,0,,,,,0,0,0,ESDB_V0_4
18165,18576,arenas,-13.0783,1,PASS,35,,n,arena,FORM,,MASTER,0,1,0,,arena,,,1,0,0,ESDB_V0_4
18166,18577,arisen,-13.0783,1,PASS,35,,v,arise,FORM,,MASTER,0,1,0,risen,arise,,,2,0,0,ESDB_V0_4
18167,18578,atheists,-13.0783,1,PASS,35,,n,atheist,FORM,,MASTER,0,1,0,,atheist,,,1,0,0,ESDB_V0_4
18168,18579,auf,-13.0783,0,NOT_EXACT_EN_US,,,,,,,REJECTED_AUTO,0,0,0,,,,,0,0,0,ESDB_V0_4
18169,18580,barca,-13.0783,0,NOT_EXACT_EN_US,,,,,,,REJECTED_AUTO,0,0,0,,,,,0,0,0,ESDB_V0_4
18170,18581,bashing,-13.0783,1,PASS,35,,n_v;n,bash;bashing,FORM;LEMMA,,MASTER,0,0,0,,,,,0,0,0,ESDB_V0_4
18171,18582,bavaria,-13.0783,0,NOT_EXACT_EN_US,,,,,,,REJECTED_AUTO,0,0,0,,,,,0,0,0,ESDB_V0_4
18172,18583,bengals,-13.0783,0,NOT_EXACT_EN_US,,,,,,,REJECTED_AUTO,0,0,0,,,,,0,0,0,ESDB_V0_4
18173,18584,binder,-13.0783,1,PASS,35,,n,binder,LEMMA,,MASTER,0,0,0,,,,,0,0,0,ESDB_V0_4
18174,18585,blackhawks,-13.0783,0,NOT_EXACT_EN_US,,,,,,,REJECTED_AUTO,0,0,0,,,,,0,0,0,ESDB_V0_4
18175,18586,blockbuster,-13.0783,1,PASS,35,50,n,blockbuster,LEMMA,,MASTER,0,0,0,,,,,0,0,0,ESDB_V0_4
18176,18587,bonnet,-13.0783,1,PASS,35,,n,bonnet,LEMMA,,MASTER,0,0,0,,,,,0,0,0,ESDB_V0_4
18177,18588,boxed,-13.0783,1,PASS,35,,v;aj,box;boxed,FORM;LEMMA,,MASTER,0,0,0,,,,,0,0,0,ESDB_V0_4
18178,18589,breton,-13.0783,0,NOT_EXACT_EN_US,,,,,,,REJECTED_AUTO,0,0,0,,,,,0,0,0,ESDB_V0_4
18179,18590,bribes,-13.0783,1,PASS,35,,n_v,bribe,FORM,,MASTER,0,1,0,,bribe,,,1,0,0,ESDB_V0_4
18180,18591,brits,-13.0783,0,NOT_EXACT_EN_US,,,,,,,REJECTED_AUTO,0,0,0,,,,,0,0,0,ESDB_V0_4
18181,18592,bundled,-13.0783,1,PASS,35,,n_v,bundle,FORM,,MASTER,0,1,0,,bundle,,,1,0,0,ESDB_V0_4
18182,18593,buns,-13.0783,1,PASS,35,,n,bun,FORM,,MASTER,0,1,0,,bun,,,1,0,0,ESDB_V0_4
18183,18594,burlington,-13.0783,0,NOT_EXACT_EN_US,,,,,,,REJECTED_AUTO,0,0,0,,,,,0,0,0,ESDB_V0_4
18184,18595,cali,-13.0783,0,NOT_EXACT_EN_US,,,,,,,REJECTED_AUTO,0,0,0,,,,,0,0,0,ESDB_V0_4
18185,18596,camels,-13.0783,1,PASS,35,,n,camel,FORM,,MASTER,0,1,0,,camel,,,1,0,0,ESDB_V0_4
18186,18597,capsules,-13.0783,1,PASS,35,,n_v,capsule,FORM,,MASTER,0,1,0,,capsule,,,1,0,0,ESDB_V0_4
18187,18598,cartridges,-13.0783,1,PASS,35,,n,cartridge,FORM,,MASTER,0,1,0,,cartridge,,,1,0,0,ESDB_V0_4
18188,18599,caterpillar,-13.0783,1,PASS,35,50,n,caterpillar,LEMMA,,MASTER,0,0,0,,,,,0,0,0,ESDB_V0_4
18189,18600,cavaliers,-13.0783,1,PASS,35,,n,cavalier,FORM,,MASTER,0,0,0,,,,,0,0,0,ESDB_V0_4
18190,18601,censor,-13.0783,1,PASS,35,,n_v,censor,LEMMA,,MASTER,0,0,0,,,,,0,0,0,ESDB_V0_4
18191,18602,chocolates,-13.0783,1,PASS,35,,n,chocolate,FORM,,MASTER,0,1,0,,chocolate,,,1,0,0,ESDB_V0_4
18192,18603,chun,-13.0783,0,NOT_EXACT_EN_US,,,,,,,REJECTED_AUTO,0,0,0,,,,,0,0,0,ESDB_V0_4
18193,18604,claimants,-13.0783,1,PASS,50,,n,claimant,FORM,,MASTER,0,1,0,,claimant,,,1,0,0,ESDB_V0_4
18194,18605,classmate,-13.0783,1,PASS,35,,n,classmate,LEMMA,,MASTER,0,1,1,,,,classmates,0,1,1,ESDB_V0_4
18195,18606,clover,-13.0783,1,PASS,35,,n,clover,LEMMA;FORM,,MASTER,0,1,0,lover,,,,1,0,0,ESDB_V0_4
18196,18607,collapses,-13.0783,1,PASS,35,,n_v,collapse,FORM,,MASTER,0,1,0,,collapse,,,1,0,0,ESDB_V0_4
18197,18608,collapsing,-13.0783,1,PASS,35,,n_v,collapse,FORM,,MASTER,0,0,0,,,,,0,0,0,ESDB_V0_4
18198,18609,combatants,-13.0783,1,PASS,35,,n,combatant,FORM,,MASTER,0,0,0,,,,,0,0,0,ESDB_V0_4
18199,18610,comedies,-13.0783,1,PASS,35,,n,comedy,FORM,,MASTER,0,0,0,,,,,0,0,0,ESDB_V0_4
18200,18611,comforts,-13.0783,1,PASS,35,,n_v,comfort,FORM,,MASTER,0,1,0,,comfort,,,1,0,0,ESDB_V0_4
18201,18612,commencing,-13.0783,1,PASS,35,,v,commence,FORM,,MASTER,0,0,0,,,,,0,0,0,ESDB_V0_4
18202,18614,conditioner,-13.0783,1,PASS,40,,n,conditioner,LEMMA,,MASTER,0,0,0,,,,,0,0,0,ESDB_V0_4
18203,18615,conservatism,-13.0783,1,PASS,35,,n,conservatism,LEMMA,,MASTER,0,0,0,,,,,0,0,0,ESDB_V0_4
18204,18616,contour,-13.0783,1,PASS,35,,n_v;a,contour,LEMMA,,MASTER,0,0,0,,,,,0,0,0,ESDB_V0_4
18205,18617,cooke,-13.0783,0,NOT_EXACT_EN_US,,,,,,,REJECTED_AUTO,0,0,0,,,,,0,0,0,ESDB_V0_4
18206,18618,coronary,-13.0783,1,PASS,35,,n;aj,coronary,LEMMA,,MASTER,0,0,0,,,,,0,0,0,ESDB_V0_4
18207,18619,coyote,-13.0783,1,PASS,35,,n,coyote,LEMMA,,MASTER,0,1,1,,,,coyotes,0,1,1,ESDB_V0_4
18208,18620,crimean,-13.0783,0,NOT_EXACT_EN_US,,,,,,,REJECTED_AUTO,0,0,0,,,,,0,0,0,ESDB_V0_4
18209,18621,danube,-13.0783,0,NOT_EXACT_EN_US,,,,,,,REJECTED_AUTO,0,0,0,,,,,0,0,0,ESDB_V0_4
18210,18622,dayton,-13.0783,0,NOT_EXACT_EN_US,,,,,,,REJECTED_AUTO,0,0,0,,,,,0,0,0,ESDB_V0_4
18211,18623,debuted,-13.0783,1,PASS,35,,n_v,debut,FORM,,MASTER,0,0,0,,,,,0,0,0,ESDB_V0_4
18212,18624,decidedly,-13.0783,1,PASS,35,,av,decidedly,LEMMA,,MASTER,0,0,0,,,,,0,0,0,ESDB_V0_4
18213,18625,diapers,-13.0783,1,PASS,35,,n_v,diaper,FORM,,MASTER,0,1,0,,diaper,,,1,0,0,ESDB_V0_4
18214,18626,digitally,-13.0783,1,PASS,35,,av,digitally,LEMMA,,MASTER,0,0,0,,,,,0,0,0,ESDB_V0_4
18215,18627,dissemination,-13.0783,1,PASS,35,,n,dissemination,LEMMA,,MASTER,0,0,0,,,,,0,0,0,ESDB_V0_4
18216,18628,dixie,-13.0783,0,NOT_EXACT_EN_US,,,,,,,REJECTED_AUTO,0,0,0,,,,,0,0,0,ESDB_V0_4
18217,18629,dustin,-13.0783,0,NOT_EXACT_EN_US,,,,,,,REJECTED_AUTO,0,0,0,,,,,0,0,0,ESDB_V0_4
18218,18630,elective,-13.0783,1,PASS,35,,n;aj,elective,LEMMA,,MASTER,0,1,1,,,selective,,0,1,0,ESDB_V0_4
18219,18631,embryos,-13.0783,1,PASS,35,,n,embryo,FORM,,MASTER,0,1,0,,embryo,,,1,0,0,ESDB_V0_4
18220,18632,eminence,-13.0783,1,PASS,35,60,n,eminence,LEMMA,,MASTER,0,0,0,,,,,0,0,0,ESDB_V0_4
18221,18633,enigma,-13.0783,1,PASS,35,,n,enigma,LEMMA,,MASTER,0,0,0,,,,,0,0,0,ESDB_V0_4
18222,18634,enraged,-13.0783,1,PASS,35,,v;aj,enrage;enraged,FORM;LEMMA,,MASTER,0,0,0,,,,,0,0,0,ESDB_V0_4
18223,18635,enroll,-13.0783,1,PASS,35,,v,enroll,LEMMA,,MASTER,0,0,0,,,,,0,0,0,ESDB_V0_4
18224,18636,eq,-13.0783,0,NOT_EXACT_EN_US,,,,,,,REJECTED_AUTO,0,0,0,,,,,0,0,0,ESDB_V0_4
18225,18637,erm,-13.0783,0,NOT_EXACT_EN_US,,,,,,,REJECTED_AUTO,0,0,0,,,,,0,0,0,ESDB_V0_4
18226,18638,erroneous,-13.0783,1,PASS,35,,aj,erroneous,LEMMA,,MASTER,0,0,0,,,,,0,0,0,ESDB_V0_4
18227,18639,estuary,-13.0783,1,PASS,40,,n,estuary,LEMMA,,MASTER,0,0,0,,,,,0,0,0,ESDB_V0_4
18228,18640,evoke,-13.0783,1,PASS,35,,v,evoke,LEMMA,,MASTER,0,0,0,,,,,0,0,0,ESDB_V0_4
18229,18641,exaggeration,-13.0783,1,PASS,35,,n,exaggeration,LEMMA,,MASTER,0,0,0,,,,,0,0,0,ESDB_V0_4
18230,18642,exiting,-13.0783,1,PASS,35,,n_v,exit,FORM,,MASTER,0,0,0,,,,,0,0,0,ESDB_V0_4
18231,18643,exposures,-13.0783,1,PASS,35,,n,exposure,FORM,,MASTER,0,1,0,,exposure,,,1,0,0,ESDB_V0_4
18232,18644,extortion,-13.0783,1,PASS,35,,n,extortion,LEMMA,,MASTER,0,0,0,,,,,0,0,0,ESDB_V0_4
18233,18645,eyewitness,-13.0783,1,PASS,35,,n,eyewitness,LEMMA,,MASTER,0,0,0,,,,,0,0,0,ESDB_V0_4
18234,18646,farce,-13.0783,1,PASS,35,,n,farce,LEMMA,,MASTER,0,0,0,,,,,0,0,0,ESDB_V0_4
18235,18647,fiancee,-13.0783,1,PASS,35,,n,fiancee,LEMMA,,MASTER,0,1,0,,fiance,,,1,0,0,ESDB_V0_4
18236,18648,fingerprints,-13.0783,1,PASS,35,,n_v,fingerprint,FORM,,MASTER,0,1,0,,fingerprint,,,1,0,0,ESDB_V0_4
18237,18650,flavored,-13.0783,1,PASS,35,,n_v,flavor,FORM,,MASTER,0,0,0,,,,,0,0,0,ESDB_V0_4
18238,18651,fling,-13.0783,1,PASS,35,,n_v,fling,LEMMA,,MASTER,0,1,0,ling,,,,1,0,0,ESDB_V0_4
18239,18652,flores,-13.0783,0,NOT_EXACT_EN_US,,,,,,,REJECTED_AUTO,0,0,0,,,,,0,0,0,ESDB_V0_4
18240,18653,foo,-13.0783,1,PASS,50,,n,foo,LEMMA,,MASTER,0,1,1,,,,food;foot;fool,0,3,0,ESDB_V0_4
18241,18654,fountains,-13.0783,1,PASS,35,,n,fountain,FORM,,MASTER,0,1,0,,fountain,,,1,0,0,ESDB_V0_4
18242,18655,frantic,-13.0783,1,PASS,35,,aj,frantic,LEMMA,,MASTER,0,0,0,,,,,0,0,0,ESDB_V0_4
18243,18656,gemini,-13.0783,0,NOT_EXACT_EN_US,,,,,,,REJECTED_AUTO,0,0,0,,,,,0,0,0,ESDB_V0_4
18244,18657,giraffe,-13.0783,1,PASS,35,,n,giraffe,LEMMA,,MASTER,0,0,0,,,,,0,0,0,ESDB_V0_4
18245,18658,godzilla,-13.0783,0,NOT_EXACT_EN_US,,,,,,,REJECTED_AUTO,0,0,0,,,,,0,0,0,ESDB_V0_4
18246,18659,grit,-13.0783,1,PASS,35,,n;v,grit,LEMMA,,MASTER,0,0,0,,,,,0,0,0,ESDB_V0_4
18247,18660,gui,-13.0783,0,NOT_EXACT_EN_US,,,,,,,REJECTED_AUTO,0,0,0,,,,,0,0,0,ESDB_V0_4
18248,18661,gunners,-13.0783,1,PASS,35,,n,gunner,FORM,,MASTER,0,1,0,,gunner,,,1,0,0,ESDB_V0_4
18249,18662,guyana,-13.0783,0,NOT_EXACT_EN_US,,,,,,,REJECTED_AUTO,0,0,0,,,,,0,0,0,ESDB_V0_4
18250,18663,hallelujah,-13.0783,1,PASS,35,,n;i,hallelujah,LEMMA,,MASTER,0,0,0,,,,,0,0,0,ESDB_V0_4
18251,18664,handbag,-13.0783,1,PASS,35,,n,handbag,LEMMA,,MASTER,0,0,0,,,,,0,0,0,ESDB_V0_4
18252,18665,hardships,-13.0783,1,PASS,35,,n,hardship,FORM,,MASTER,0,1,0,,hardship,,,1,0,0,ESDB_V0_4
18253,18666,headquartered,-13.0783,1,PASS,60,,v,headquarter,FORM,,MASTER,0,0,0,,,,,0,0,0,ESDB_V0_4
18254,18667,heaviest,-13.0783,1,PASS,35,,aj_av,heavy,FORM,,MASTER,0,0,0,,,,,0,0,0,ESDB_V0_4
18255,18668,hiroshima,-13.0783,0,NOT_EXACT_EN_US,,,,,,,REJECTED_AUTO,0,0,0,,,,,0,0,0,ESDB_V0_4
18256,18669,hunts,-13.0783,1,PASS,35,,n_v,hunt,FORM,,MASTER,0,1,0,,hunt,,,1,0,0,ESDB_V0_4
18257,18670,hysteria,-13.0783,1,PASS,35,,n,hysteria,LEMMA,,MASTER,0,0,0,,,,,0,0,0,ESDB_V0_4
18258,18671,ignite,-13.0783,1,PASS,35,,v,ignite,LEMMA,,MASTER,0,0,0,,,,,0,0,0,ESDB_V0_4
18259,18672,illustrious,-13.0783,1,PASS,35,,aj,illustrious,LEMMA,,MASTER,0,0,0,,,,,0,0,0,ESDB_V0_4
18260,18673,imitate,-13.0783,1,PASS,35,,v,imitate,LEMMA,,MASTER,0,0,0,,,,,0,0,0,ESDB_V0_4
18261,18674,impulses,-13.0783,1,PASS,35,,n_v,impulse,FORM,,MASTER,0,1,0,,impulse,,,1,0,0,ESDB_V0_4
18262,18675,incense,-13.0783,1,PASS,35,,n;v,incense,LEMMA,,MASTER,0,0,0,,,,,0,0,0,ESDB_V0_4
18263,18676,indexes,-13.0783,1,PASS,35,,n;v,index,FORM,,MASTER,0,0,0,,,,,0,0,0,ESDB_V0_4
18264,18678,industrialized,-13.0783,1,PASS,35,,v;aj,industrialize;industrialized,FORM;LEMMA,,MASTER,0,0,0,,,,,0,0,0,ESDB_V0_4
18265,18679,insofar,-13.0783,0,NO_ESDB_GENERAL_EVIDENCE,,,,,,,REJECTED_AUTO,0,0,0,,,,,0,0,0,ESDB_V0_4
18266,18680,instrumentation,-13.0783,1,PASS,50,,n,instrumentation,LEMMA,,MASTER,0,0,0,,,,,0,0,0,ESDB_V0_4
18267,18681,intrusive,-13.0783,1,PASS,35,,aj,intrusive,LEMMA,,MASTER,0,0,0,,,,,0,0,0,ESDB_V0_4
18268,18682,jfk,-13.0783,0,NOT_EXACT_EN_US,,,,,,,REJECTED_AUTO,0,0,0,,,,,0,0,0,ESDB_V0_4
18269,18683,keyword,-13.0783,1,PASS,35,,n,keyword,LEMMA,,MASTER,0,1,1,,,,keywords,0,1,1,ESDB_V0_4
18270,18684,knuckles,-13.0783,1,PASS,35,,n_v,knuckle,FORM,,MASTER,0,0,0,,,,,0,0,0,ESDB_V0_4
18271,18685,kraft,-13.0783,0,NOT_EXACT_EN_US,,,,,,,REJECTED_AUTO,0,0,0,,,,,0,0,0,ESDB_V0_4
18272,18686,labyrinth,-13.0783,1,PASS,35,,n,labyrinth,LEMMA,,MASTER,0,0,0,,,,,0,0,0,ESDB_V0_4
18273,18687,lifespan,-13.0783,1,PASS,35,,n,lifespan,LEMMA,,MASTER,0,0,0,,,,,0,0,0,ESDB_V0_4
18274,18688,lizzie,-13.0783,0,NOT_EXACT_EN_US,,,,,,,REJECTED_AUTO,0,0,0,,,,,0,0,0,ESDB_V0_4
18275,18689,logistical,-13.0783,1,PASS,40,,aj,logistical,LEMMA,,MASTER,0,0,0,,,,,0,0,0,ESDB_V0_4
18276,18690,longitude,-13.0783,1,PASS,35,,n,longitude,LEMMA,,MASTER,0,0,0,,,,,0,0,0,ESDB_V0_4
18277,18691,lori,-13.0783,0,NOT_EXACT_EN_US,,,,,,,REJECTED_AUTO,0,0,0,,,,,0,0,0,ESDB_V0_4
18278,18692,lows,-13.0783,1,PASS,35,,n_v,low,FORM,,MASTER,0,1,1,,low,flows;blows;slows,,1,3,0,ESDB_V0_4
18279,18693,luncheon,-13.0783,1,PASS,35,,n,luncheon,LEMMA,,MASTER,0,0,0,,,,,0,0,0,ESDB_V0_4
18280,18694,lunches,-13.0783,1,PASS,35,,n_v,lunch,FORM,,MASTER,0,0,0,,,,,0,0,0,ESDB_V0_4
18281,18695,madras,-13.0783,0,CASE_FREQ_COLLISION,50,50,n,madras,LEMMA,,REJECTED_AUTO,0,0,0,,,,,0,0,0,ESDB_V0_4
18282,18696,mains,-13.0783,1,PASS,35,,n,main,FORM,,MASTER,0,1,0,,main,,,1,0,0,ESDB_V0_4
18283,18697,mandy,-13.0783,0,NOT_EXACT_EN_US,,,,,,,REJECTED_AUTO,0,0,0,,,,,0,0,0,ESDB_V0_4
18284,18698,manifestations,-13.0783,1,PASS,35,,n,manifestation,FORM,,MASTER,0,1,0,,manifestation,,,1,0,0,ESDB_V0_4
18285,18699,mashed,-13.0783,1,PASS,35,,v,mash,FORM,,MASTER,0,1,1,,,smashed,,0,1,0,ESDB_V0_4
18286,18700,matte,-13.0783,1,PASS,35,,n_v;aj,matte,LEMMA,,MASTER,0,1,1,,,,matter,0,1,0,ESDB_V0_4
18287,18701,memes,-13.0783,0,SPECIAL_ONLY,50,,n,meme,FORM,,REJECTED_AUTO,0,0,0,,,,,0,0,0,ESDB_V0_4
18288,18702,mentoring,-13.0783,1,PASS,35,,n_v,mentor,FORM,,MASTER,0,0,0,,,,,0,0,0,ESDB_V0_4
18289,18703,mj,-13.0783,0,NOT_EXACT_EN_US,,,,,,,REJECTED_AUTO,0,0,0,,,,,0,0,0,ESDB_V0_4
18290,18704,montage,-13.0783,1,PASS,40,,n,montage,LEMMA,,MASTER,0,0,0,,,,,0,0,0,ESDB_V0_4
18291,18705,morphology,-13.0783,1,PASS,35,,n,morphology,LEMMA,,MASTER,0,0,0,,,,,0,0,0,ESDB_V0_4
18292,18706,motifs,-13.0783,1,PASS,35,,n,motif,FORM,,MASTER,0,1,0,,motif,,,1,0,0,ESDB_V0_4
18293,18707,mundo,-13.0783,0,NOT_EXACT_EN_US,,,,,,,REJECTED_AUTO,0,0,0,,,,,0,0,0,ESDB_V0_4
18294,18708,mutiny,-13.0783,1,PASS,35,,n_v,mutiny,LEMMA,,MASTER,0,0,0,,,,,0,0,0,ESDB_V0_4
18295,18709,namibia,-13.0783,0,NOT_EXACT_EN_US,,,,,,,REJECTED_AUTO,0,0,0,,,,,0,0,0,ESDB_V0_4
18296,18710,narration,-13.0783,1,PASS,35,,n,narration,LEMMA,,MASTER,0,0,0,,,,,0,0,0,ESDB_V0_4
18297,18711,narrower,-13.0783,1,PASS,35,,aj,narrow,FORM,,MASTER,0,0,0,,,,,0,0,0,ESDB_V0_4
18298,18712,neptune,-13.0783,0,NOT_EXACT_EN_US,,,,,,,REJECTED_AUTO,0,0,0,,,,,0,0,0,ESDB_V0_4
18299,18713,nero,-13.0783,0,NOT_EXACT_EN_US,,,,,,,REJECTED_AUTO,0,0,0,,,,,0,0,0,ESDB_V0_4
18300,18714,nightingale,-13.0783,1,PASS,35,50,n,nightingale,LEMMA,,MASTER,0,0,0,,,,,0,0,0,ESDB_V0_4
18301,18715,noticeably,-13.0783,1,PASS,35,,av,noticeably,LEMMA,,MASTER,0,0,0,,,,,0,0,0,ESDB_V0_4
18302,18716,notoriously,-13.0783,1,PASS,35,,av,notoriously,LEMMA,,MASTER,0,0,0,,,,,0,0,0,ESDB_V0_4
18303,18717,nudity,-13.0783,1,PASS,35,,n,nudity,LEMMA,,MASTER,0,0,0,,,,,0,0,0,ESDB_V0_4
18304,18718,occupancy,-13.0783,1,PASS,35,,n,occupancy,LEMMA,,MASTER,0,0,0,,,,,0,0,0,ESDB_V0_4
18305,18719,ode,-13.0783,1,PASS,35,,n,ode,LEMMA,,MASTER,0,1,1,,,code;mode;rode;node,,0,4,0,ESDB_V0_4
18306,18720,offseason,-13.0783,0,NOT_EXACT_EN_US,,,,,,,REJECTED_AUTO,0,0,0,,,,,0,0,0,ESDB_V0_4
18307,18721,oj,-13.0783,0,NOT_EXACT_EN_US,,,,,,,REJECTED_AUTO,0,0,0,,,,,0,0,0,ESDB_V0_4
18308,18722,ombudsman,-13.0783,1,PASS,40,,n,ombudsman,LEMMA,,MASTER,0,0,0,,,,,0,0,0,ESDB_V0_4
18309,18723,opaque,-13.0783,1,PASS,35,,v;aj,opaque,LEMMA,,MASTER,0,0,0,,,,,0,0,0,ESDB_V0_4
18310,18724,originates,-13.0783,1,PASS,35,,v,originate,FORM,,MASTER,0,1,0,,originate,,,1,0,0,ESDB_V0_4
18311,18725,orioles,-13.0783,1,PASS,40,,n,oriole,FORM,,MASTER,0,0,0,,,,,0,0,0,ESDB_V0_4
18312,18726,oversees,-13.0783,1,PASS,35,,v,oversee,FORM,,MASTER,0,1,0,,oversee,,,1,0,0,ESDB_V0_4
18313,18727,overtake,-13.0783,1,PASS,35,,v,overtake,LEMMA,,MASTER,0,0,0,,,,,0,0,0,ESDB_V0_4
18314,18729,pak,-13.0783,0,NOT_EXACT_EN_US,,,,,,,REJECTED_AUTO,0,0,0,,,,,0,0,0,ESDB_V0_4
18315,18730,paraguay,-13.0783,0,NOT_EXACT_EN_US,,,,,,,REJECTED_AUTO,0,0,0,,,,,0,0,0,ESDB_V0_4
18316,18731,parlor,-13.0783,1,PASS,35,,n,parlor,LEMMA,,MASTER,0,0,0,,,,,0,0,0,ESDB_V0_4
18317,18732,passover,-13.0783,0,NOT_EXACT_EN_US,,,,,,,REJECTED_AUTO,0,0,0,,,,,0,0,0,ESDB_V0_4
18318,18733,pastures,-13.0783,1,PASS,35,,n_v,pasture,FORM,,MASTER,0,1,0,,pasture,,,1,0,0,ESDB_V0_4
18319,18734,peeled,-13.0783,1,PASS,35,,n_v,peel,FORM,,MASTER,0,0,0,,,,,0,0,0,ESDB_V0_4
18320,18735,pendulum,-13.0783,1,PASS,35,,n,pendulum,LEMMA,,MASTER,0,0,0,,,,,0,0,0,ESDB_V0_4
18321,18736,periphery,-13.0783,1,PASS,35,,n,periphery,LEMMA,,MASTER,0,0,0,,,,,0,0,0,ESDB_V0_4
18322,18737,persists,-13.0783,1,PASS,35,,v,persist,FORM,,MASTER,0,1,0,,persist,,,1,0,0,ESDB_V0_4
18323,18738,plentiful,-13.0783,1,PASS,35,,aj,plentiful,LEMMA,,MASTER,0,0,0,,,,,0,0,0,ESDB_V0_4
18324,18739,posh,-13.0783,1,PASS,40,,aj,posh,LEMMA,,MASTER,0,0,0,,,,,0,0,0,ESDB_V0_4
18325,18740,preferential,-13.0783,1,PASS,35,,aj,preferential,LEMMA,,MASTER,0,0,0,,,,,0,0,0,ESDB_V0_4
18326,18741,prosecuting,-13.0783,1,PASS,35,,v,prosecute,FORM,,MASTER,0,0,0,,,,,0,0,0,ESDB_V0_4
18327,18742,quincy,-13.0783,0,NOT_EXACT_EN_US,,,,,,,REJECTED_AUTO,0,0,0,,,,,0,0,0,ESDB_V0_4
18328,18743,racket,-13.0783,1,PASS,35,,n_v;n,racket,LEMMA,,MASTER,0,1,1,,,bracket,,0,1,0,ESDB_V0_4
18329,18744,ramirez,-13.0783,0,NOT_EXACT_EN_US,,,,,,,REJECTED_AUTO,0,0,0,,,,,0,0,0,ESDB_V0_4
18330,18745,readable,-13.0783,1,PASS,35,,aj,readable,LEMMA,,MASTER,0,0,0,,,,,0,0,0,ESDB_V0_4
18331,18746,receptive,-13.0783,1,PASS,35,,aj,receptive,LEMMA,,MASTER,0,0,0,,,,,0,0,0,ESDB_V0_4
18332,18747,redeemed,-13.0783,1,PASS,35,,v,redeem,FORM,,MASTER,0,0,0,,,,,0,0,0,ESDB_V0_4
18333,18748,regulates,-13.0783,1,PASS,35,,v,regulate,FORM,,MASTER,0,1,0,,regulate,,,1,0,0,ESDB_V0_4
18334,18749,relapse,-13.0783,1,PASS,35,,n_v,relapse,LEMMA,,MASTER,0,0,0,,,,,0,0,0,ESDB_V0_4
18335,18750,repaid,-13.0783,1,PASS,35,,v,repay,FORM,,MASTER,0,0,0,,,,,0,0,0,ESDB_V0_4
18336,18751,repentance,-13.0783,1,PASS,35,,n,repentance,LEMMA,,MASTER,0,0,0,,,,,0,0,0,ESDB_V0_4
18337,18752,resembled,-13.0783,1,PASS,35,,v,resemble,FORM,,MASTER,0,1,0,,resemble,,,1,0,0,ESDB_V0_4
18338,18753,resided,-13.0783,1,PASS,35,,v,reside,FORM,,MASTER,0,1,1,,reside,presided,,1,1,0,ESDB_V0_4
18339,18754,retrospect,-13.0783,1,PASS,35,,n;v,retrospect,LEMMA,,MASTER,0,0,0,,,,,0,0,0,ESDB_V0_4
18340,18755,revered,-13.0783,1,PASS,35,,v;aj,revere;revered,FORM;LEMMA,,MASTER,0,0,0,,,,,0,0,0,ESDB_V0_4
18341,18756,ribbons,-13.0783,1,PASS,35,,n,ribbon,FORM,,MASTER,0,1,0,,ribbon,,,1,0,0,ESDB_V0_4
18342,18757,rockies,-13.0783,0,NOT_EXACT_EN_US,,,,,,,REJECTED_AUTO,0,0,0,,,,,0,0,0,ESDB_V0_4
18343,18758,romero,-13.0783,0,NOT_EXACT_EN_US,,,,,,,REJECTED_AUTO,0,0,0,,,,,0,0,0,ESDB_V0_4
18344,18759,rotterdam,-13.0783,0,NOT_EXACT_EN_US,,,,,,,REJECTED_AUTO,0,0,0,,,,,0,0,0,ESDB_V0_4
18345,18760,rushes,-13.0783,1,PASS,35,,n_v,rush,FORM,,MASTER,0,1,1,,,brushes,,0,1,0,ESDB_V0_4
18346,18761,salads,-13.0783,1,PASS,35,,n,salad,FORM,,MASTER,0,1,0,,salad,,,1,0,0,ESDB_V0_4
18347,18762,sami,-13.0783,0,NOT_EXACT_EN_US,,,,,,,REJECTED_AUTO,0,0,0,,,,,0,0,0,ESDB_V0_4
18348,18763,scuba,-13.0783,1,PASS,50,,n_v,scuba,LEMMA,,MASTER,0,0,0,,,,,0,0,0,ESDB_V0_4
18349,18764,secession,-13.0783,1,PASS,35,,n,secession,LEMMA,,MASTER,0,0,0,,,,,0,0,0,ESDB_V0_4
18350,18765,selves,-13.0783,1,PASS,35,,n,self,FORM,,MASTER,0,1,0,elves,,,,1,0,0,ESDB_V0_4
18351,18766,sequencing,-13.0783,1,PASS,35,,n_v;n,sequence;sequencing,FORM;LEMMA,,MASTER,0,0,0,,,,,0,0,0,ESDB_V0_4
18352,18767,serge,-13.0783,1,PASS,50,,n,serge,LEMMA,,MASTER,0,0,0,,,,,0,0,0,ESDB_V0_4
18353,18768,sheen,-13.0783,1,PASS,35,,n,sheen,LEMMA,,MASTER,0,0,0,,,,,0,0,0,ESDB_V0_4
18354,18769,situ,-13.0783,0,NO_ESDB_GENERAL_EVIDENCE,,,,,,,REJECTED_AUTO,0,0,0,,,,,0,0,0,ESDB_V0_4
18355,18770,situational,-13.0783,0,NO_ESDB_GENERAL_EVIDENCE,,,,,,,REJECTED_AUTO,0,0,0,,,,,0,0,0,ESDB_V0_4
18356,18771,sizable,-13.0783,1,PASS,35,,aj,sizable,LEMMA,,MASTER,0,0,0,,,,,0,0,0,ESDB_V0_4
18357,18772,slapping,-13.0783,1,PASS,35,,n_v,slap,FORM,,MASTER,0,0,0,,,,,0,0,0,ESDB_V0_4
18358,18773,smallpox,-13.0783,1,PASS,35,,n,smallpox,LEMMA,,MASTER,0,0,0,,,,,0,0,0,ESDB_V0_4
18359,18774,snapchat,-13.0783,0,NOT_EXACT_EN_US,,,,,,,REJECTED_AUTO,0,0,0,,,,,0,0,0,ESDB_V0_4
18360,18775,soho,-13.0783,0,NOT_EXACT_EN_US,,,,,,,REJECTED_AUTO,0,0,0,,,,,0,0,0,ESDB_V0_4
18361,18776,spade,-13.0783,1,PASS,35,,n_v,spade,LEMMA,,MASTER,0,0,0,,,,,0,0,0,ESDB_V0_4
18362,18777,sparse,-13.0783,1,PASS,35,,aj,sparse,LEMMA,,MASTER,0,0,0,,,,,0,0,0,ESDB_V0_4
18363,18778,specialize,-13.0783,1,PASS,35,,v,specialize,LEMMA,,MASTER,0,1,1,,,,specialized;specializes,0,2,2,ESDB_V0_4
18364,18779,spherical,-13.0783,1,PASS,35,,aj,spherical,LEMMA,,MASTER,0,0,0,,,,,0,0,0,ESDB_V0_4
18365,18780,spoilers,-13.0783,1,PASS,50,,n,spoiler,FORM,,MASTER,0,1,0,,spoiler,,,1,0,0,ESDB_V0_4
18366,18781,starch,-13.0783,1,PASS,35,,n_v,starch,LEMMA,,MASTER,0,0,0,,,,,0,0,0,ESDB_V0_4
18367,18782,stun,-13.0783,1,PASS,35,,v,stun,LEMMA,,MASTER,0,1,1,,,,stunt;stung,0,2,0,ESDB_V0_4
18368,18783,sudanese,-13.0783,0,NOT_EXACT_EN_US,,,,,,,REJECTED_AUTO,0,0,0,,,,,0,0,0,ESDB_V0_4
18369,18784,summarize,-13.0783,1,PASS,35,,v,summarize,LEMMA,,MASTER,0,1,1,,,,summarized,0,1,1,ESDB_V0_4
18370,18785,sunflower,-13.0783,1,PASS,35,,n,sunflower,LEMMA,,MASTER,0,0,0,,,,,0,0,0,ESDB_V0_4
18371,18786,surveying,-13.0783,1,PASS,35,,n_v;n,survey;surveying,FORM;LEMMA,,MASTER,0,0,0,,,,,0,0,0,ESDB_V0_4
18372,18787,swallowing,-13.0783,1,PASS,35,,n_v,swallow,FORM,,MASTER,0,0,0,,,,,0,0,0,ESDB_V0_4
18373,18788,tack,-13.0783,1,PASS,35,,n_v,tack,LEMMA,,MASTER,0,1,1,,,stack,,0,1,0,ESDB_V0_4
18374,18789,tailed,-13.0783,1,PASS,35,,n_v,tail,FORM,,MASTER,0,0,0,,,,,0,0,0,ESDB_V0_4
18375,18790,tau,-13.0783,1,PASS,60,,n,tau,LEMMA,,MASTER,0,0,0,,,,,0,0,0,ESDB_V0_4
18376,18791,templates,-13.0783,1,PASS,40,,n,template,FORM,,MASTER,0,1,0,,template,,,1,0,0,ESDB_V0_4
18377,18792,terraces,-13.0783,1,PASS,35,,n_v,terrace,FORM,,MASTER,0,1,0,,terrace,,,1,0,0,ESDB_V0_4
18378,18793,throats,-13.0783,1,PASS,35,,n,throat,FORM,,MASTER,0,1,0,,throat,,,1,0,0,ESDB_V0_4
18379,18794,tnt,-13.0783,0,NOT_EXACT_EN_US,,,,,,,REJECTED_AUTO,0,0,0,,,,,0,0,0,ESDB_V0_4
18380,18795,topless,-13.0783,1,PASS,40,,aj,topless,LEMMA,,MASTER,0,0,0,,,,,0,0,0,ESDB_V0_4
18381,18796,toxin,-13.0783,1,PASS,35,,n,toxin,LEMMA,,MASTER,0,1,1,,,,toxins,0,1,1,ESDB_V0_4
18382,18797,tragedies,-13.0783,1,PASS,35,,n,tragedy,FORM,,MASTER,0,0,0,,,,,0,0,0,ESDB_V0_4
18383,18798,tummy,-13.0783,1,PASS,35,,n,tummy,LEMMA,,MASTER,0,0,0,,,,,0,0,0,ESDB_V0_4
18384,18799,underlined,-13.0783,1,PASS,35,,n_v,underline,FORM,,MASTER,0,0,0,,,,,0,0,0,ESDB_V0_4
18385,18800,unprotected,-13.0783,1,PASS,35,,aj,unprotected,LEMMA,,MASTER,0,0,0,,,,,0,0,0,ESDB_V0_4
18386,18801,unsuccessfully,-13.0783,1,PASS,35,,av,unsuccessfully,LEMMA,,MASTER,0,0,0,,,,,0,0,0,ESDB_V0_4
18387,18802,uphill,-13.0783,1,PASS,35,,n;aj_av,uphill,LEMMA,,MASTER,0,0,0,,,,,0,0,0,ESDB_V0_4
18388,18803,valiant,-13.0783,1,PASS,35,,aj,valiant,LEMMA,,MASTER,0,0,0,,,,,0,0,0,ESDB_V0_4
18389,18804,vance,-13.0783,0,NOT_EXACT_EN_US,,,,,,,REJECTED_AUTO,0,0,0,,,,,0,0,0,ESDB_V0_4
18390,18805,viet,-13.0783,0,NOT_EXACT_EN_US,,,,,,,REJECTED_AUTO,0,0,0,,,,,0,0,0,ESDB_V0_4
18391,18806,viewpoints,-13.0783,1,PASS,35,,n,viewpoint,FORM,,MASTER,0,1,0,,viewpoint,,,1,0,0,ESDB_V0_4
18392,18807,vigilance,-13.0783,1,PASS,35,,n,vigilance,LEMMA,,MASTER,0,0,0,,,,,0,0,0,ESDB_V0_4
18393,18808,visitation,-13.0783,1,PASS,35,,n,visitation,LEMMA,,MASTER,0,0,0,,,,,0,0,0,ESDB_V0_4
18394,18809,wasps,-13.0783,1,PASS,35,,n,wasp,FORM,,MASTER,0,1,0,,wasp,,,1,0,0,ESDB_V0_4
18395,18810,webcam,-13.0783,0,SPECIAL_ONLY,50,,n,webcam,LEMMA,,REJECTED_AUTO,0,0,0,,,,,0,0,0,ESDB_V0_4
18396,18811,webpage,-13.0783,0,NOT_EXACT_EN_US,,,,,,,REJECTED_AUTO,0,0,0,,,,,0,0,0,ESDB_V0_4
18397,18812,whipping,-13.0783,1,PASS,35,,n_v;n,whip;whipping,FORM;LEMMA,,MASTER,0,0,0,,,,,0,0,0,ESDB_V0_4
18398,18813,wilder,-13.0783,1,PASS,35,50,aj_av,wild,FORM,,MASTER,0,0,0,,,,,0,0,0,ESDB_V0_4
18399,18814,wilkins,-13.0783,0,NOT_EXACT_EN_US,,,,,,,REJECTED_AUTO,0,0,0,,,,,0,0,0,ESDB_V0_4
18400,18815,wreath,-13.0783,1,PASS,35,,n,wreath,LEMMA,,MASTER,0,0,0,,,,,0,0,0,ESDB_V0_4
18401,18816,ww,-13.0783,0,NOT_EXACT_EN_US,,,,,,,REJECTED_AUTO,0,0,0,,,,,0,0,0,ESDB_V0_4
18402,18819,accuses,-13.1026,1,PASS,35,,v,accuse,FORM,,MASTER,0,1,0,,accuse,,,1,0,0,ESDB_V0_4
18403,18820,adept,-13.1026,1,PASS,35,,n;aj,adept,LEMMA,,MASTER,0,0,0,,,,,0,0,0,ESDB_V0_4
18404,18821,adopts,-13.1026,1,PASS,35,,v,adopt,FORM,,MASTER,0,1,0,,adopt,,,1,0,0,ESDB_V0_4
18405,18822,adversely,-13.1026,1,PASS,35,,av,adversely,LEMMA,,MASTER,0,0,0,,,,,0,0,0,ESDB_V0_4
18406,18823,agitated,-13.1026,1,PASS,35,,v;aj,agitate;agitated,FORM;LEMMA,,MASTER,0,0,0,,,,,0,0,0,ESDB_V0_4
18407,18824,aleppo,-13.1026,0,NOT_EXACT_EN_US,,,,,,,REJECTED_AUTO,0,0,0,,,,,0,0,0,ESDB_V0_4
18408,18825,alienation,-13.1026,1,PASS,35,,n,alienation,LEMMA,,MASTER,0,0,0,,,,,0,0,0,ESDB_V0_4
18409,18826,anc,-13.1026,0,NOT_EXACT_EN_US,,,,,,,REJECTED_AUTO,0,0,0,,,,,0,0,0,ESDB_V0_4
18410,18827,annoys,-13.1026,1,PASS,35,,v,annoy,FORM,,MASTER,0,1,0,,annoy,,,1,0,0,ESDB_V0_4
18411,18828,antibody,-13.1026,1,PASS,35,,n,antibody,LEMMA,,MASTER,0,0,0,,,,,0,0,0,ESDB_V0_4
18412,18829,armenians,-13.1026,0,NOT_EXACT_EN_US,,,,,,,REJECTED_AUTO,0,0,0,,,,,0,0,0,ESDB_V0_4
18413,18830,artisans,-13.1026,1,PASS,35,,n,artisan,FORM,,MASTER,0,1,0,,artisan,,,1,0,0,ESDB_V0_4
18414,18831,ascended,-13.1026,1,PASS,35,,v,ascend,FORM,,MASTER,0,0,0,,,,,0,0,0,ESDB_V0_4
18415,18832,ascending,-13.1026,1,PASS,35,,v;n;aj,ascend;ascending,FORM;LEMMA,,MASTER,0,0,0,,,,,0,0,0,ESDB_V0_4
18416,18833,asean,-13.1026,0,NOT_EXACT_EN_US,,,,,,,REJECTED_AUTO,0,0,0,,,,,0,0,0,ESDB_V0_4
18417,18834,asl,-13.1026,0,NOT_EXACT_EN_US,,,,,,,REJECTED_AUTO,0,0,0,,,,,0,0,0,ESDB_V0_4
18418,18835,aspiration,-13.1026,1,PASS,35,,n,aspiration,LEMMA,,MASTER,0,1,1,,,,aspirations,0,1,1,ESDB_V0_4
18419,18837,attractiveness,-13.1026,1,PASS,35,,n,attractiveness,LEMMA,,MASTER,0,0,0,,,,,0,0,0,ESDB_V0_4
18420,18838,auntie,-13.1026,1,PASS,60,,n,auntie,LEMMA,,MASTER,0,0,0,,,,,0,0,0,ESDB_V0_4
18421,18839,autistic,-13.1026,1,PASS,40,,aj,autistic,LEMMA,,MASTER,0,0,0,,,,,0,0,0,ESDB_V0_4
18422,18840,awakened,-13.1026,1,PASS,35,,v,awaken,FORM,,MASTER,0,0,0,,,,,0,0,0,ESDB_V0_4
18423,18841,bead,-13.1026,1,PASS,35,,n_v,bead,LEMMA,,MASTER,0,1,1,,,,beads,0,1,1,ESDB_V0_4
18424,18842,benin,-13.1026,0,NOT_EXACT_EN_US,,,,,,,REJECTED_AUTO,0,0,0,,,,,0,0,0,ESDB_V0_4
18425,18843,bertrand,-13.1026,0,NOT_EXACT_EN_US,,,,,,,REJECTED_AUTO,0,0,0,,,,,0,0,0,ESDB_V0_4
18426,18844,blinds,-13.1026,1,PASS,35,,n_v,blind,FORM,,MASTER,0,1,0,,blind,,,1,0,0,ESDB_V0_4
18427,18845,boar,-13.1026,1,PASS,35,,n,boar,LEMMA,,MASTER,0,1,1,,,,board,0,1,0,ESDB_V0_4
18428,18846,bois,-13.1026,0,NOT_EXACT_EN_US,,,,,,,REJECTED_AUTO,0,0,0,,,,,0,0,0,ESDB_V0_4
18429,18847,brasil,-13.1026,0,NOT_EXACT_EN_US,,,,,,,REJECTED_AUTO,0,0,0,,,,,0,0,0,ESDB_V0_4
18430,18848,briefs,-13.1026,1,PASS,35,,n_v,brief,FORM,,MASTER,0,1,0,,brief,,,1,0,0,ESDB_V0_4
18431,18849,brokerage,-13.1026,1,PASS,40,,n,brokerage,LEMMA,,MASTER,0,0,0,,,,,0,0,0,ESDB_V0_4
18432,18850,buildup,-13.1026,1,PASS,40,,n,buildup,LEMMA,,MASTER,0,0,0,,,,,0,0,0,ESDB_V0_4
18433,18851,burglary,-13.1026,1,PASS,35,,n,burglary,LEMMA,,MASTER,0,0,0,,,,,0,0,0,ESDB_V0_4
18434,18852,burmese,-13.1026,0,NOT_EXACT_EN_US,,,,,,,REJECTED_AUTO,0,0,0,,,,,0,0,0,ESDB_V0_4
18435,18853,caldwell,-13.1026,0,NOT_EXACT_EN_US,,,,,,,REJECTED_AUTO,0,0,0,,,,,0,0,0,ESDB_V0_4
18436,18854,carly,-13.1026,0,NOT_EXACT_EN_US,,,,,,,REJECTED_AUTO,0,0,0,,,,,0,0,0,ESDB_V0_4
18437,18855,carver,-13.1026,0,CASE_FREQ_COLLISION,50,50,n,carver,LEMMA,,REJECTED_AUTO,0,0,0,,,,,0,0,0,ESDB_V0_4
18438,18856,chariot,-13.1026,1,PASS,35,,n,chariot,LEMMA,,MASTER,0,0,0,,,,,0,0,0,ESDB_V0_4
18439,18857,chatter,-13.1026,1,PASS,35,,n;v,chatter,LEMMA,,MASTER,0,0,0,,,,,0,0,0,ESDB_V0_4
18440,18858,chavez,-13.1026,0,NOT_EXACT_EN_US,,,,,,,REJECTED_AUTO,0,0,0,,,,,0,0,0,ESDB_V0_4
18441,18859,cheats,-13.1026,1,PASS,35,,n_v,cheat,FORM,,MASTER,0,1,0,heats,cheat,,,2,0,0,ESDB_V0_4
18442,18860,cherished,-13.1026,1,PASS,35,,v;aj,cherish;cherished,FORM;LEMMA,,MASTER,0,0,0,,,,,0,0,0,ESDB_V0_4
18443,18861,chopping,-13.1026,1,PASS,35,,n_v;n,chop;chopping,FORM;LEMMA,,MASTER,0,1,0,hopping,,,,1,0,0,ESDB_V0_4
18444,18862,chops,-13.1026,1,PASS,35,,n_v,chop,FORM,,MASTER,0,1,0,hops,chop,,,2,0,0,ESDB_V0_4
18445,18863,choreography,-13.1026,1,PASS,35,,n,choreography,LEMMA,,MASTER,0,0,0,,,,,0,0,0,ESDB_V0_4
18446,18864,chronology,-13.1026,1,PASS,35,,n,chronology,LEMMA,,MASTER,0,0,0,,,,,0,0,0,ESDB_V0_4
18447,18865,circling,-13.1026,1,PASS,35,,n_v,circle,FORM,,MASTER,0,0,0,,,,,0,0,0,ESDB_V0_4
18448,18866,clarifying,-13.1026,1,PASS,35,,v;aj,clarify;clarifying,FORM;LEMMA,,MASTER,0,0,0,,,,,0,0,0,ESDB_V0_4
18449,18867,cleric,-13.1026,1,PASS,35,,n,cleric,LEMMA,,MASTER,0,0,0,,,,,0,0,0,ESDB_V0_4
18450,18868,clothed,-13.1026,1,PASS,35,,v;aj,clothe;clothed,FORM;LEMMA,,MASTER,0,0,0,,,,,0,0,0,ESDB_V0_4
18451,18869,collier,-13.1026,0,CASE_FREQ_COLLISION,50,50,n,collier,LEMMA,,REJECTED_AUTO,0,0,0,,,,,0,0,0,ESDB_V0_4
18452,18870,comm,-13.1026,0,NO_ESDB_GENERAL_EVIDENCE,,,,,,,REJECTED_AUTO,0,0,0,,,,,0,0,0,ESDB_V0_4
18453,18871,compiling,-13.1026,1,PASS,35,,v;n,compile;compiling,FORM;LEMMA,,MASTER,0,0,0,,,,,0,0,0,ESDB_V0_4
18454,18872,complicate,-13.1026,1,PASS,35,,v,complicate,LEMMA,,MASTER,0,1,1,,,,complicated,0,1,1,ESDB_V0_4
18455,18873,compute,-13.1026,1,PASS,35,,v,compute,LEMMA,,MASTER,0,1,1,,,,computer;computed,0,2,1,ESDB_V0_4
18456,18874,concurrently,-13.1026,1,PASS,35,,av,concurrently,LEMMA,,MASTER,0,0,0,,,,,0,0,0,ESDB_V0_4
18457,18875,congenital,-13.1026,1,PASS,40,,aj,congenital,LEMMA,,MASTER,0,0,0,,,,,0,0,0,ESDB_V0_4
18458,18876,contentious,-13.1026,1,PASS,35,,aj,contentious,LEMMA,,MASTER,0,0,0,,,,,0,0,0,ESDB_V0_4
18459,18877,coop,-13.1026,1,PASS,35,,n;v,coop,LEMMA,,MASTER,0,1,1,,,scoop,,0,1,0,ESDB_V0_4
18460,18878,cps,-13.1026,0,NO_ESDB_GENERAL_EVIDENCE,,,,,,,REJECTED_AUTO,0,0,0,,,,,0,0,0,ESDB_V0_4
18461,18879,cramps,-13.1026,1,PASS,35,,n_v,cramp,FORM,,MASTER,0,0,0,,,,,0,0,0,ESDB_V0_4
18462,18880,crate,-13.1026,1,PASS,35,,n_v,crate,LEMMA,,MASTER,0,1,1,rate,,,crater,1,1,0,ESDB_V0_4
18463,18881,cursing,-13.1026,1,PASS,35,,n_v,curse,FORM,,MASTER,0,0,0,,,,,0,0,0,ESDB_V0_4
18464,18882,dal,-13.1026,0,NOT_EXACT_EN_US,,,,,,,REJECTED_AUTO,0,0,0,,,,,0,0,0,ESDB_V0_4
18465,18883,davey,-13.1026,0,NOT_EXACT_EN_US,,,,,,,REJECTED_AUTO,0,0,0,,,,,0,0,0,ESDB_V0_4
18466,18884,deceptive,-13.1026,1,PASS,35,,aj,deceptive,LEMMA,,MASTER,0,0,0,,,,,0,0,0,ESDB_V0_4
18467,18885,deductible,-13.1026,1,PASS,40,,n;aj,deductible,LEMMA,,MASTER,0,0,0,,,,,0,0,0,ESDB_V0_4
18468,18886,deepening,-13.1026,1,PASS,35,,v,deepen,FORM,,MASTER,0,0,0,,,,,0,0,0,ESDB_V0_4
18469,18887,degrade,-13.1026,1,PASS,35,,v,degrade,LEMMA,,MASTER,0,1,1,,,,degraded,0,1,1,ESDB_V0_4
18470,18888,demi,-13.1026,0,NOT_EXACT_EN_US,,,,,,,REJECTED_AUTO,0,0,0,,,,,0,0,0,ESDB_V0_4
18471,18889,democracies,-13.1026,1,PASS,35,,n,democracy,FORM,,MASTER,0,0,0,,,,,0,0,0,ESDB_V0_4
18472,18890,denote,-13.1026,1,PASS,35,,v,denote,LEMMA,,MASTER,0,1,1,,,,denotes,0,1,1,ESDB_V0_4
18473,18891,deploying,-13.1026,1,PASS,40,,v,deploy,FORM,,MASTER,0,0,0,,,,,0,0,0,ESDB_V0_4
18474,18892,descendant,-13.1026,1,PASS,35,,n;aj,descendant,LEMMA,,MASTER,0,1,1,,,,descendants,0,1,1,ESDB_V0_4
18475,18893,desserts,-13.1026,1,PASS,35,,n,dessert,FORM,,MASTER,0,1,0,,dessert,,,1,0,0,ESDB_V0_4
18476,18894,detriment,-13.1026,1,PASS,35,,n,detriment,LEMMA,,MASTER,0,0,0,,,,,0,0,0,ESDB_V0_4
18477,18895,dialects,-13.1026,1,PASS,35,,n,dialect,FORM,,MASTER,0,1,0,,dialect,,,1,0,0,ESDB_V0_4
18478,18897,ditto,-13.1026,1,PASS,35,,n;v;a;i,ditto,LEMMA,,MASTER,0,0,0,,,,,0,0,0,ESDB_V0_4
18479,18898,dopamine,-13.1026,1,PASS,60,,n,dopamine,LEMMA,,MASTER,0,0,0,,,,,0,0,0,ESDB_V0_4
18480,18899,dwayne,-13.1026,0,NOT_EXACT_EN_US,,,,,,,REJECTED_AUTO,0,0,0,,,,,0,0,0,ESDB_V0_4
18481,18900,eclectic,-13.1026,1,PASS,35,,n;aj,eclectic,LEMMA,,MASTER,0,0,0,,,,,0,0,0,ESDB_V0_4
18482,18901,ecstatic,-13.1026,1,PASS,35,,aj,ecstatic,LEMMA,,MASTER,0,0,0,,,,,0,0,0,ESDB_V0_4
18483,18902,eerie,-13.1026,1,PASS,35,,aj,eerie,LEMMA,,MASTER,0,0,0,,,,,0,0,0,ESDB_V0_4
18484,18903,eiffel,-13.1026,0,NOT_EXACT_EN_US,,,,,,,REJECTED_AUTO,0,0,0,,,,,0,0,0,ESDB_V0_4
18485,18904,eileen,-13.1026,0,NOT_EXACT_EN_US,,,,,,,REJECTED_AUTO,0,0,0,,,,,0,0,0,ESDB_V0_4
18486,18905,elaborated,-13.1026,1,PASS,35,,v,elaborate,FORM,,MASTER,0,1,0,,elaborate,,,1,0,0,ESDB_V0_4
18487,18906,embraces,-13.1026,1,PASS,35,,n_v,embrace,FORM,,MASTER,0,1,0,,embrace,,,1,0,0,ESDB_V0_4
18488,18907,eminem,-13.1026,0,NOT_EXACT_EN_US,,,,,,,REJECTED_AUTO,0,0,0,,,,,0,0,0,ESDB_V0_4
18489,18908,emperors,-13.1026,1,PASS,35,,n,emperor,FORM,,MASTER,0,1,0,,emperor,,,1,0,0,ESDB_V0_4
18490,18909,enquiries,-13.1026,0,NOT_EXACT_EN_US,,,,,,,REJECTED_AUTO,0,0,0,,,,,0,0,0,ESDB_V0_4
18491,18910,envelopes,-13.1026,1,PASS,35,,n,envelope,FORM,,MASTER,0,1,0,,envelope,,,1,0,0,ESDB_V0_4
18492,18911,envisaged,-13.1026,1,PASS,35,,v,envisage,FORM,,MASTER,0,0,0,,,,,0,0,0,ESDB_V0_4
18493,18912,equator,-13.1026,1,PASS,35,,n,equator,LEMMA,,MASTER,0,0,0,,,,,0,0,0,ESDB_V0_4
18494,18913,excavated,-13.1026,1,PASS,35,,v,excavate,FORM,,MASTER,0,0,0,,,,,0,0,0,ESDB_V0_4
18495,18914,expansive,-13.1026,1,PASS,35,,aj,expansive,LEMMA,,MASTER,0,0,0,,,,,0,0,0,ESDB_V0_4
18496,18915,faithfully,-13.1026,1,PASS,35,,av,faithfully,LEMMA,,MASTER,0,0,0,,,,,0,0,0,ESDB_V0_4
18497,18916,faq,-13.1026,0,NOT_EXACT_EN_US,,,,,,,REJECTED_AUTO,0,0,0,,,,,0,0,0,ESDB_V0_4
18498,18917,fatally,-13.1026,1,PASS,35,,av,fatally,LEMMA,,MASTER,0,0,0,,,,,0,0,0,ESDB_V0_4
18499,18918,fedex,-13.1026,0,NOT_EXACT_EN_US,,,,,,,REJECTED_AUTO,0,0,0,,,,,0,0,0,ESDB_V0_4
18500,18919,ferries,-13.1026,1,PASS,35,,n_v,ferry,FORM,,MASTER,0,0,0,,,,,0,0,0,ESDB_V0_4
18501,18920,filtration,-13.1026,1,PASS,50,,n,filtration,LEMMA,,MASTER,0,0,0,,,,,0,0,0,ESDB_V0_4
18502,18921,flatter,-13.1026,1,PASS,35,,aj_av;v,flat;flatter,FORM;LEMMA,,MASTER,0,1,0,latter,,,,1,0,0,ESDB_V0_4
18503,18922,flattered,-13.1026,1,PASS,35,,v,flatter,FORM,,MASTER,0,0,0,,,,,0,0,0,ESDB_V0_4
18504,18923,flemish,-13.1026,0,NOT_EXACT_EN_US,,,,,,,REJECTED_AUTO,0,0,0,,,,,0,0,0,ESDB_V0_4
18505,18924,forster,-13.1026,0,NOT_EXACT_EN_US,,,,,,,REJECTED_AUTO,0,0,0,,,,,0,0,0,ESDB_V0_4
18506,18925,forts,-13.1026,1,PASS,35,,n,fort,FORM,,MASTER,0,1,0,,fort,,,1,0,0,ESDB_V0_4
18507,18926,fragmentation,-13.1026,1,PASS,35,,n,fragmentation,LEMMA,,MASTER,0,0,0,,,,,0,0,0,ESDB_V0_4
18508,18927,frameworks,-13.1026,1,PASS,35,,n,framework,FORM,,MASTER,0,1,0,,framework,,,1,0,0,ESDB_V0_4
18509,18928,fs,-13.1026,0,NOT_EXACT_EN_US,,,,,,,REJECTED_AUTO,0,0,0,,,,,0,0,0,ESDB_V0_4
18510,18929,fulton,-13.1026,0,NOT_EXACT_EN_US,,,,,,,REJECTED_AUTO,0,0,0,,,,,0,0,0,ESDB_V0_4
18511,18930,fumble,-13.1026,1,PASS,35,,n_v,fumble,LEMMA,,MASTER,0,0,0,,,,,0,0,0,ESDB_V0_4
18512,18931,fused,-13.1026,1,PASS,35,,n_v;aj,fuse;fused,FORM;LEMMA,,MASTER,0,1,0,used,fuse,,,2,0,0,ESDB_V0_4
18513,18932,gabe,-13.1026,0,NOT_EXACT_EN_US,,,,,,,REJECTED_AUTO,0,0,0,,,,,0,0,0,ESDB_V0_4
18514,18933,gathers,-13.1026,1,PASS,35,,n_v,gather,FORM,,MASTER,0,1,0,,gather,,,1,0,0,ESDB_V0_4
18515,18934,ghz,-13.1026,0,NOT_EXACT_EN_US,,,,,,,REJECTED_AUTO,0,0,0,,,,,0,0,0,ESDB_V0_4
18516,18935,glare,-13.1026,1,PASS,35,,n_v,glare,LEMMA,,MASTER,0,0,0,,,,,0,0,0,ESDB_V0_4
18517,18936,gma,-13.1026,0,NOT_EXACT_EN_US,,,,,,,REJECTED_AUTO,0,0,0,,,,,0,0,0,ESDB_V0_4
18518,18937,grooming,-13.1026,1,PASS,35,,n_v;n,groom;grooming,FORM;LEMMA,,MASTER,0,0,0,,,,,0,0,0,ESDB_V0_4
18519,18938,grossly,-13.1026,1,PASS,35,,av,grossly,LEMMA,,MASTER,0,0,0,,,,,0,0,0,ESDB_V0_4
18520,18939,hallmark,-13.1026,1,PASS,35,50,n_v,hallmark,LEMMA,,MASTER,0,0,0,,,,,0,0,0,ESDB_V0_4
18521,18940,hardness,-13.1026,1,PASS,50,,n,hardness,LEMMA,,MASTER,0,0,0,,,,,0,0,0,ESDB_V0_4
18522,18941,harming,-13.1026,1,PASS,35,,v,harm,FORM,,MASTER,0,1,1,,,charming,,0,1,0,ESDB_V0_4
18523,18942,harrington,-13.1026,0,NOT_EXACT_EN_US,,,,,,,REJECTED_AUTO,0,0,0,,,,,0,0,0,ESDB_V0_4
18524,18943,heaps,-13.1026,1,PASS,35,,n_v;av,heap;heaps,FORM;LEMMA,,MASTER,0,1,0,,heap,,,1,0,0,ESDB_V0_4
18525,18944,hemingway,-13.1026,0,NOT_EXACT_EN_US,,,,,,,REJECTED_AUTO,0,0,0,,,,,0,0,0,ESDB_V0_4
18526,18945,herpes,-13.1026,1,PASS,35,,n,herpes,LEMMA,,MASTER,0,0,0,,,,,0,0,0,ESDB_V0_4
18527,18946,iceberg,-13.1026,1,PASS,35,,n,iceberg,LEMMA,,MASTER,0,0,0,,,,,0,0,0,ESDB_V0_4
18528,18947,ign,-13.1026,0,NOT_EXACT_EN_US,,,,,,,REJECTED_AUTO,0,0,0,,,,,0,0,0,ESDB_V0_4
18529,18948,implanted,-13.1026,1,PASS,35,,n_v;aj,implant;implanted,FORM;LEMMA,,MASTER,0,0,0,,,,,0,0,0,ESDB_V0_4
18530,18949,impractical,-13.1026,1,PASS,35,,aj,impractical,LEMMA,,MASTER,0,0,0,,,,,0,0,0,ESDB_V0_4
18531,18950,ineligible,-13.1026,1,PASS,35,,n;aj,ineligible,LEMMA,,MASTER,0,0,0,,,,,0,0,0,ESDB_V0_4
18532,18951,infested,-13.1026,1,PASS,35,,v,infest,FORM,,MASTER,0,0,0,,,,,0,0,0,ESDB_V0_4
18533,18952,inhibit,-13.1026,1,PASS,35,,v,inhibit,LEMMA,,MASTER,0,0,0,,,,,0,0,0,ESDB_V0_4
18534,18953,injuring,-13.1026,1,PASS,35,,v,injure,FORM,,MASTER,0,0,0,,,,,0,0,0,ESDB_V0_4
18535,18954,insurgency,-13.1026,1,PASS,40,,n,insurgency,LEMMA,,MASTER,0,0,0,,,,,0,0,0,ESDB_V0_4
18536,18955,insurrection,-13.1026,1,PASS,35,,n,insurrection,LEMMA,,MASTER,0,0,0,,,,,0,0,0,ESDB_V0_4
18537,18956,interns,-13.1026,1,PASS,35,,n;v,intern,FORM,,MASTER,0,1,0,,intern,,,1,0,0,ESDB_V0_4
18538,18957,intimidate,-13.1026,1,PASS,35,,v,intimidate,LEMMA,,MASTER,0,1,1,,,,intimidated,0,1,1,ESDB_V0_4
18539,18958,ipswich,-13.1026,0,NOT_EXACT_EN_US,,,,,,,REJECTED_AUTO,0,0,0,,,,,0,0,0,ESDB_V0_4
18540,18959,isabelle,-13.1026,0,NOT_EXACT_EN_US,,,,,,,REJECTED_AUTO,0,0,0,,,,,0,0,0,ESDB_V0_4
18541,18960,jab,-13.1026,1,PASS,35,,n_v,jab,LEMMA,,MASTER,0,0,0,,,,,0,0,0,ESDB_V0_4
18542,18961,janice,-13.1026,0,NOT_EXACT_EN_US,,,,,,,REJECTED_AUTO,0,0,0,,,,,0,0,0,ESDB_V0_4
18543,18962,joaquin,-13.1026,0,NOT_EXACT_EN_US,,,,,,,REJECTED_AUTO,0,0,0,,,,,0,0,0,ESDB_V0_4
18544,18964,kia,-13.1026,0,NOT_EXACT_EN_US,,,,,,,REJECTED_AUTO,0,0,0,,,,,0,0,0,ESDB_V0_4
18545,18965,kilometer,-13.1026,1,PASS,35,,n,kilometer,LEMMA,,MASTER,0,1,1,,,,kilometers,0,1,1,ESDB_V0_4
18546,18966,lai,-13.1026,0,NOT_EXACT_EN_US,,,,,,,REJECTED_AUTO,0,0,0,,,,,0,0,0,ESDB_V0_4
18547,18967,lash,-13.1026,1,PASS,35,,n_v,lash,LEMMA,,MASTER,0,1,1,ash,,flash;clash;slash,,1,3,0,ESDB_V0_4
18548,18968,lattice,-13.1026,1,PASS,35,,n,lattice,LEMMA,,MASTER,0,0,0,,,,,0,0,0,ESDB_V0_4
18549,18969,lazarus,-13.1026,0,NOT_EXACT_EN_US,,,,,,,REJECTED_AUTO,0,0,0,,,,,0,0,0,ESDB_V0_4
18550,18970,leakage,-13.1026,1,PASS,35,,n,leakage,LEMMA,,MASTER,0,0,0,,,,,0,0,0,ESDB_V0_4
18551,18971,liners,-13.1026,1,PASS,35,,n,liner,FORM,,MASTER,0,1,0,,liner,,,1,0,0,ESDB_V0_4
18552,18972,linkage,-13.1026,1,PASS,35,,n,linkage,LEMMA,,MASTER,0,0,0,,,,,0,0,0,ESDB_V0_4
18553,18973,linkedin,-13.1026,0,NOT_EXACT_EN_US,,,,,,,REJECTED_AUTO,0,0,0,,,,,0,0,0,ESDB_V0_4
18554,18974,livingston,-13.1026,0,NOT_EXACT_EN_US,,,,,,,REJECTED_AUTO,0,0,0,,,,,0,0,0,ESDB_V0_4
18555,18975,malibu,-13.1026,0,NOT_EXACT_EN_US,,,,,,,REJECTED_AUTO,0,0,0,,,,,0,0,0,ESDB_V0_4
18556,18976,mauritius,-13.1026,0,NOT_EXACT_EN_US,,,,,,,REJECTED_AUTO,0,0,0,,,,,0,0,0,ESDB_V0_4
18557,18977,mercenaries,-13.1026,1,PASS,35,,n,mercenary,FORM,,MASTER,0,0,0,,,,,0,0,0,ESDB_V0_4
18558,18978,microbial,-13.1026,1,PASS,60,,aj,microbial,LEMMA,,MASTER,0,0,0,,,,,0,0,0,ESDB_V0_4
18559,18979,migratory,-13.1026,1,PASS,35,,aj,migratory,LEMMA,,MASTER,0,0,0,,,,,0,0,0,ESDB_V0_4
18560,18980,mixtures,-13.1026,1,PASS,35,,n,mixture,FORM,,MASTER,0,1,0,,mixture,,,1,0,0,ESDB_V0_4
18561,18981,muller,-13.1026,0,NOT_EXACT_EN_US,,,,,,,REJECTED_AUTO,0,0,0,,,,,0,0,0,ESDB_V0_4
18562,18982,navigator,-13.1026,1,PASS,35,,n,navigator,LEMMA,,MASTER,0,0,0,,,,,0,0,0,ESDB_V0_4
18563,18983,nih,-13.1026,0,NOT_EXACT_EN_US,,,,,,,REJECTED_AUTO,0,0,0,,,,,0,0,0,ESDB_V0_4
18564,18984,nonstop,-13.1026,1,PASS,35,,aj_av,nonstop,LEMMA,,MASTER,0,0,0,,,,,0,0,0,ESDB_V0_4
18565,18985,noodle,-13.1026,1,PASS,35,,n_v,noodle,LEMMA,,MASTER,0,1,1,,,,noodles,0,1,1,ESDB_V0_4
18566,18986,novo,-13.1026,0,NOT_EXACT_EN_US,,,,,,,REJECTED_AUTO,0,0,0,,,,,0,0,0,ESDB_V0_4
18567,18987,nv,-13.1026,0,NOT_EXACT_EN_US,,,,,,,REJECTED_AUTO,0,0,0,,,,,0,0,0,ESDB_V0_4
18568,18988,nwa,-13.1026,0,NOT_EXACT_EN_US,,,,,,,REJECTED_AUTO,0,0,0,,,,,0,0,0,ESDB_V0_4
18569,18989,obituary,-13.1026,1,PASS,35,,n,obituary,LEMMA,,MASTER,0,0,0,,,,,0,0,0,ESDB_V0_4
18570,18990,oblivious,-13.1026,1,PASS,35,,aj,oblivious,LEMMA,,MASTER,0,0,0,,,,,0,0,0,ESDB_V0_4
18571,18991,ordinarily,-13.1026,1,PASS,35,,av,ordinarily,LEMMA,,MASTER,0,0,0,,,,,0,0,0,ESDB_V0_4
18572,18992,oscars,-13.1026,0,NOT_EXACT_EN_US,,,,,,,REJECTED_AUTO,0,0,0,,,,,0,0,0,ESDB_V0_4
18573,18993,palate,-13.1026,1,PASS,35,,n,palate,LEMMA,,MASTER,0,0,0,,,,,0,0,0,ESDB_V0_4
18574,18994,pantheon,-13.1026,0,CASE_FREQ_COLLISION,50,50,n,pantheon,LEMMA,,REJECTED_AUTO,0,0,0,,,,,0,0,0,ESDB_V0_4
18575,18995,paramilitary,-13.1026,1,PASS,40,,n;aj,paramilitary,LEMMA,,MASTER,0,0,0,,,,,0,0,0,ESDB_V0_4
18576,18996,pasadena,-13.1026,0,NOT_EXACT_EN_US,,,,,,,REJECTED_AUTO,0,0,0,,,,,0,0,0,ESDB_V0_4
18577,18997,passionately,-13.1026,1,PASS,35,,av,passionately,LEMMA,,MASTER,0,0,0,,,,,0,0,0,ESDB_V0_4
18578,18998,penetrating,-13.1026,1,PASS,35,,v;aj,penetrate;penetrating,FORM;LEMMA,,MASTER,0,0,0,,,,,0,0,0,ESDB_V0_4
18579,18999,perpendicular,-13.1026,1,PASS,35,,n;aj,perpendicular,LEMMA,,MASTER,0,0,0,,,,,0,0,0,ESDB_V0_4
18580,19000,pip,-13.1026,1,PASS,50,,n_v,pip,LEMMA,,MASTER,0,1,1,,pi,,pipe,1,1,0,ESDB_V0_4
18581,19001,pleases,-13.1026,1,PASS,35,,v,please,FORM,,MASTER,0,1,0,leases,please,,,2,0,0,ESDB_V0_4
18582,19002,plotted,-13.1026,1,PASS,35,,n_v;aj,plot;plotted,FORM;LEMMA,,MASTER,0,0,0,,,,,0,0,0,ESDB_V0_4
18583,19003,ponies,-13.1026,1,PASS,35,,n,pony,FORM,,MASTER,0,0,0,,,,,0,0,0,ESDB_V0_4
18584,19004,portals,-13.1026,1,PASS,35,,n,portal,FORM,,MASTER,0,1,0,,portal,,,1,0,0,ESDB_V0_4
18585,19005,princesses,-13.1026,1,PASS,35,,n,princess,FORM,,MASTER,0,0,0,,,,,0,0,0,ESDB_V0_4
18586,19006,prompts,-13.1026,1,PASS,35,,n_v,prompt,FORM,,MASTER,0,1,0,,prompt,,,1,0,0,ESDB_V0_4
18587,19007,protracted,-13.1026,1,PASS,35,,v;aj,protract;protracted,FORM;LEMMA,,MASTER,0,0,0,,,,,0,0,0,ESDB_V0_4
18588,19008,quirky,-13.1026,1,PASS,35,,aj,quirky,LEMMA,,MASTER,0,0,0,,,,,0,0,0,ESDB_V0_4
18589,19009,rake,-13.1026,1,PASS,35,,n_v,rake,LEMMA,,MASTER,0,1,1,,,brake;drake,,0,2,0,ESDB_V0_4
18590,19010,randomized,-13.1026,1,PASS,50,,v;aj,randomize;randomized,FORM;LEMMA,,MASTER,0,0,0,,,,,0,0,0,ESDB_V0_4
18591,19011,reins,-13.1026,1,PASS,35,,n_v,rein,FORM,,MASTER,0,0,0,,,,,0,0,0,ESDB_V0_4
18592,19012,requisite,-13.1026,1,PASS,35,,n;aj,requisite,LEMMA,,MASTER,0,0,0,,,,,0,0,0,ESDB_V0_4
18593,19013,restitution,-13.1026,1,PASS,35,,n,restitution,LEMMA,,MASTER,0,0,0,,,,,0,0,0,ESDB_V0_4
18594,19014,reunite,-13.1026,1,PASS,35,,v,reunite,LEMMA,,MASTER,0,1,1,,,,reunited,0,1,1,ESDB_V0_4
18595,19015,revising,-13.1026,1,PASS,35,,n_v;n,revise;revising,FORM;LEMMA,,MASTER,0,0,0,,,,,0,0,0,ESDB_V0_4
18596,19016,reyes,-13.1026,0,NOT_EXACT_EN_US,,,,,,,REJECTED_AUTO,0,0,0,,,,,0,0,0,ESDB_V0_4
18597,19017,rl,-13.1026,0,NOT_EXACT_EN_US,,,,,,,REJECTED_AUTO,0,0,0,,,,,0,0,0,ESDB_V0_4
18598,19018,rubin,-13.1026,0,NOT_EXACT_EN_US,,,,,,,REJECTED_AUTO,0,0,0,,,,,0,0,0,ESDB_V0_4
18599,19019,rudder,-13.1026,1,PASS,35,,n,rudder,LEMMA,,MASTER,0,0,0,,,,,0,0,0,ESDB_V0_4
18600,19020,sai,-13.1026,0,NOT_EXACT_EN_US,,,,,,,REJECTED_AUTO,0,0,0,,,,,0,0,0,ESDB_V0_4
18601,19021,satin,-13.1026,1,PASS,35,,n;a,satin,LEMMA,,MASTER,0,0,0,,,,,0,0,0,ESDB_V0_4
18602,19022,scattering,-13.1026,1,PASS,35,,n_v;n,scatter;scattering,FORM;LEMMA,,MASTER,0,0,0,,,,,0,0,0,ESDB_V0_4
18603,19023,scraps,-13.1026,1,PASS,35,,n_v,scrap,FORM,,MASTER,0,1,0,,scrap,,,1,0,0,ESDB_V0_4
18604,19024,screenings,-13.1026,1,PASS,50,,n,screening,FORM,,MASTER,0,1,0,,screening,,,1,0,0,ESDB_V0_4
18605,19025,selects,-13.1026,1,PASS,35,,v,select,FORM,,MASTER,0,1,0,,select,,,1,0,0,ESDB_V0_4
18606,19026,ses,-13.1026,0,NOT_EXACT_EN_US,,,,,,,REJECTED_AUTO,0,0,0,,,,,0,0,0,ESDB_V0_4
18607,19027,shea,-13.1026,0,NOT_EXACT_EN_US,,,,,,,REJECTED_AUTO,0,0,0,,,,,0,0,0,ESDB_V0_4
18608,19028,sikh,-13.1026,0,NOT_EXACT_EN_US,,,,,,,REJECTED_AUTO,0,0,0,,,,,0,0,0,ESDB_V0_4
18609,19029,singled,-13.1026,1,PASS,35,,n_v,single,FORM,,MASTER,0,1,0,,single,,,1,0,0,ESDB_V0_4
18610,19030,sino,-13.1026,0,NOT_EXACT_EN_US,,,,,,,REJECTED_AUTO,0,0,0,,,,,0,0,0,ESDB_V0_4
18611,19031,skye,-13.1026,0,NOT_EXACT_EN_US,,,,,,,REJECTED_AUTO,0,0,0,,,,,0,0,0,ESDB_V0_4
18612,19032,slander,-13.1026,1,PASS,35,,n_v,slander,LEMMA,,MASTER,0,0,0,,,,,0,0,0,ESDB_V0_4
18613,19033,slated,-13.1026,1,PASS,35,,n_v,slate,FORM,,MASTER,0,1,0,,slate,,,1,0,0,ESDB_V0_4
18614,19034,slime,-13.1026,1,PASS,35,,n,slime,LEMMA,,MASTER,0,1,0,lime,slim,,,2,0,0,ESDB_V0_4
18615,19035,specialization,-13.1026,1,PASS,35,,n,specialization,LEMMA,,MASTER,0,0,0,,,,,0,0,0,ESDB_V0_4
18616,19036,spence,-13.1026,0,NOT_EXACT_EN_US,,,,,,,REJECTED_AUTO,0,0,0,,,,,0,0,0,ESDB_V0_4
18617,19037,spoils,-13.1026,1,PASS,35,,n_v,spoil,FORM,,MASTER,0,1,0,,spoil,,,1,0,0,ESDB_V0_4
18618,19038,squeezing,-13.1026,1,PASS,35,,n_v;n,squeeze;squeezing,FORM;LEMMA,,MASTER,0,0,0,,,,,0,0,0,ESDB_V0_4
18619,19039,stamina,-13.1026,1,PASS,35,,n,stamina,LEMMA,,MASTER,0,0,0,,,,,0,0,0,ESDB_V0_4
18620,19040,stony,-13.1026,1,PASS,35,,aj,stony,LEMMA,,MASTER,0,0,0,,,,,0,0,0,ESDB_V0_4
18621,19041,straighten,-13.1026,1,PASS,35,,v,straighten,LEMMA,,MASTER,0,0,0,,,,,0,0,0,ESDB_V0_4
18622,19042,strung,-13.1026,1,PASS,35,,n_v;aj,string;strung,FORM;LEMMA,,MASTER,0,0,0,,,,,0,0,0,ESDB_V0_4
18623,19043,stung,-13.1026,1,PASS,35,,n_v;aj,sting;stung,FORM;LEMMA,,MASTER,0,1,0,,stun,,,1,0,0,ESDB_V0_4
18624,19044,sweeney,-13.1026,0,NOT_EXACT_EN_US,,,,,,,REJECTED_AUTO,0,0,0,,,,,0,0,0,ESDB_V0_4
18625,19045,tac,-13.1026,0,NOT_EXACT_EN_US,,,,,,,REJECTED_AUTO,0,0,0,,,,,0,0,0,ESDB_V0_4
18626,19046,tacos,-13.1026,1,PASS,35,,n,taco,FORM,,MASTER,0,1,0,,taco,,,1,0,0,ESDB_V0_4
18627,19047,taiwanese,-13.1026,0,NOT_EXACT_EN_US,,,,,,,REJECTED_AUTO,0,0,0,,,,,0,0,0,ESDB_V0_4
18628,19049,teaser,-13.1026,1,PASS,50,,n,teaser,LEMMA,,MASTER,0,1,0,,tease,,,1,0,0,ESDB_V0_4
18629,19050,theologians,-13.1026,1,PASS,35,,n,theologian,FORM,,MASTER,0,0,0,,,,,0,0,0,ESDB_V0_4
18630,19051,tiring,-13.1026,1,PASS,35,,n_v;aj,tire;tiring,FORM;LEMMA,,MASTER,0,0,0,,,,,0,0,0,ESDB_V0_4
18631,19052,toothpaste,-13.1026,1,PASS,35,,n,toothpaste,LEMMA,,MASTER,0,0,0,,,,,0,0,0,ESDB_V0_4
18632,19053,topography,-13.1026,1,PASS,35,,n,topography,LEMMA,,MASTER,0,0,0,,,,,0,0,0,ESDB_V0_4
18633,19054,transverse,-13.1026,1,PASS,35,,n;aj,transverse,LEMMA,,MASTER,0,0,0,,,,,0,0,0,ESDB_V0_4
18634,19055,tue,-13.1026,0,NOT_EXACT_EN_US,,,,,,,REJECTED_AUTO,0,0,0,,,,,0,0,0,ESDB_V0_4
18635,19056,undeniable,-13.1026,1,PASS,35,,aj,undeniable,LEMMA,,MASTER,0,0,0,,,,,0,0,0,ESDB_V0_4
18636,19057,unfounded,-13.1026,1,PASS,35,,aj,unfounded,LEMMA,,MASTER,0,0,0,,,,,0,0,0,ESDB_V0_4
18637,19058,ungrateful,-13.1026,1,PASS,35,,aj,ungrateful,LEMMA,,MASTER,0,0,0,,,,,0,0,0,ESDB_V0_4
18638,19059,uniting,-13.1026,1,PASS,35,,v;n,unite;uniting,FORM;LEMMA,,MASTER,0,0,0,,,,,0,0,0,ESDB_V0_4
18639,19060,uno,-13.1026,0,NOT_EXACT_EN_US,,,,,,,REJECTED_AUTO,0,0,0,,,,,0,0,0,ESDB_V0_4
18640,19061,vernacular,-13.1026,1,PASS,35,,n;aj,vernacular,LEMMA,,MASTER,0,0,0,,,,,0,0,0,ESDB_V0_4
18641,19062,visualization,-13.1026,1,PASS,50,,n,visualization,LEMMA,,MASTER,0,0,0,,,,,0,0,0,ESDB_V0_4
18642,19063,voyages,-13.1026,1,PASS,35,,n_v,voyage,FORM,,MASTER,0,1,0,,voyage,,,1,0,0,ESDB_V0_4
18643,19064,warships,-13.1026,1,PASS,40,,n,warship,FORM,,MASTER,0,0,0,,,,,0,0,0,ESDB_V0_4
18644,19065,weld,-13.1026,1,PASS,35,,n_v,weld,LEMMA,,MASTER,0,0,0,,,,,0,0,0,ESDB_V0_4
18645,19066,worshipped,-13.1026,0,NOT_EXACT_EN_US,,,,,,,REJECTED_AUTO,0,0,0,,,,,0,0,0,ESDB_V0_4
18646,19067,zeal,-13.1026,1,PASS,35,,n,zeal,LEMMA,,MASTER,0,0,0,,,,,0,0,0,ESDB_V0_4
18647,19068,zodiac,-13.1026,1,PASS,35,,n,zodiac,LEMMA,,MASTER,0,0,0,,,,,0,0,0,ESDB_V0_4
18648,19070,accompaniment,-13.1224,1,PASS,35,,n,accompaniment,LEMMA,,MASTER,0,0,0,,,,,0,0,0,ESDB_V0_4
18649,19071,adjective,-13.1224,1,PASS,35,,n;aj,adjective,LEMMA,,MASTER,0,0,0,,,,,0,0,0,ESDB_V0_4
18650,19072,adorned,-13.1224,1,PASS,35,,v,adorn,FORM,,MASTER,0,0,0,,,,,0,0,0,ESDB_V0_4
18651,19073,adversary,-13.1224,1,PASS,35,,n,adversary,LEMMA,,MASTER,0,0,0,,,,,0,0,0,ESDB_V0_4
18652,19074,affirm,-13.1224,1,PASS,35,,v,affirm,LEMMA,,MASTER,0,0,0,,,,,0,0,0,ESDB_V0_4
18653,19075,alfonso,-13.1224,0,NOT_EXACT_EN_US,,,,,,,REJECTED_AUTO,0,0,0,,,,,0,0,0,ESDB_V0_4
18654,19076,alienated,-13.1224,1,PASS,35,,v;aj,alienate;alienated,FORM;LEMMA,,MASTER,0,0,0,,,,,0,0,0,ESDB_V0_4
18655,19077,alligator,-13.1224,1,PASS,35,,n,alligator,LEMMA,,MASTER,0,0,0,,,,,0,0,0,ESDB_V0_4
18656,19078,analogue,-13.1224,1,PASS,35,,n;aj,analogue,LEMMA,,MASTER,0,0,0,,,,,0,0,0,ESDB_V0_4
18657,19079,angered,-13.1224,1,PASS,35,,v,anger,FORM,,MASTER,0,0,0,,,,,0,0,0,ESDB_V0_4
18658,19080,angie,-13.1224,0,NOT_EXACT_EN_US,,,,,,,REJECTED_AUTO,0,0,0,,,,,0,0,0,ESDB_V0_4
18659,19081,ans,-13.1224,0,NO_ESDB_GENERAL_EVIDENCE,,,,,,,REJECTED_AUTO,0,0,0,,,,,0,0,0,ESDB_V0_4
18660,19082,apathy,-13.1224,1,PASS,35,,n,apathy,LEMMA,,MASTER,0,0,0,,,,,0,0,0,ESDB_V0_4
18661,19083,appliance,-13.1224,1,PASS,35,,n,appliance,LEMMA,,MASTER,0,1,1,,,,appliances,0,1,1,ESDB_V0_4
18662,19084,apron,-13.1224,1,PASS,35,,n,apron,LEMMA,,MASTER,0,0,0,,,,,0,0,0,ESDB_V0_4
18663,19086,armistice,-13.1224,1,PASS,35,,n,armistice,LEMMA,,MASTER,0,0,0,,,,,0,0,0,ESDB_V0_4
18664,19087,assortment,-13.1224,1,PASS,35,,n,assortment,LEMMA,,MASTER,0,0,0,,,,,0,0,0,ESDB_V0_4
18665,19088,astonished,-13.1224,1,PASS,35,,v;aj,astonish;astonished,FORM;LEMMA,,MASTER,0,0,0,,,,,0,0,0,ESDB_V0_4
18666,19089,auditors,-13.1224,1,PASS,35,,n,auditor,FORM,,MASTER,0,1,0,,auditor,,,1,0,0,ESDB_V0_4
18667,19090,barbaric,-13.1224,1,PASS,35,,aj,barbaric,LEMMA,,MASTER,0,0,0,,,,,0,0,0,ESDB_V0_4
18668,19091,bard,-13.1224,1,PASS,35,,n,bard,LEMMA,,MASTER,0,1,0,,bar,,,1,0,0,ESDB_V0_4
18669,19092,barrister,-13.1224,1,PASS,50,,n,barrister,LEMMA,,MASTER,0,0,0,,,,,0,0,0,ESDB_V0_4
18670,19093,bastion,-13.1224,1,PASS,50,,n,bastion,LEMMA,,MASTER,0,0,0,,,,,0,0,0,ESDB_V0_4
18671,19094,bea,-13.1224,0,NOT_EXACT_EN_US,,,,,,,REJECTED_AUTO,0,0,0,,,,,0,0,0,ESDB_V0_4
18672,19095,behaviours,-13.1224,0,NOT_EXACT_EN_US,,,,,,,REJECTED_AUTO,0,0,0,,,,,0,0,0,ESDB_V0_4
18673,19096,bends,-13.1224,1,PASS,35,,n_v;n,bend;bends,FORM;LEMMA,,MASTER,0,1,0,ends,bend,,,2,0,0,ESDB_V0_4
18674,19097,biases,-13.1224,1,PASS,35,,n;v,bias,FORM,,MASTER,0,0,0,,,,,0,0,0,ESDB_V0_4
18675,19098,blackwell,-13.1224,0,NOT_EXACT_EN_US,,,,,,,REJECTED_AUTO,0,0,0,,,,,0,0,0,ESDB_V0_4
18676,19099,blouse,-13.1224,1,PASS,35,,n_v,blouse,LEMMA,,MASTER,0,0,0,,,,,0,0,0,ESDB_V0_4
18677,19100,boosts,-13.1224,1,PASS,35,,n_v,boost,FORM,,MASTER,0,1,0,,boost,,,1,0,0,ESDB_V0_4
18678,19101,bourne,-13.1224,0,NOT_EXACT_EN_US,,,,,,,REJECTED_AUTO,0,0,0,,,,,0,0,0,ESDB_V0_4
18679,19102,braun,-13.1224,0,NOT_EXACT_EN_US,,,,,,,REJECTED_AUTO,0,0,0,,,,,0,0,0,ESDB_V0_4
18680,19103,brigadier,-13.1224,1,PASS,60,,n,brigadier,LEMMA,,MASTER,0,0,0,,,,,0,0,0,ESDB_V0_4
18681,19104,brochure,-13.1224,1,PASS,35,,n,brochure,LEMMA,,MASTER,0,0,0,,,,,0,0,0,ESDB_V0_4
18682,19105,bungalow,-13.1224,1,PASS,35,,n,bungalow,LEMMA,,MASTER,0,0,0,,,,,0,0,0,ESDB_V0_4
18683,19106,bureaucrats,-13.1224,1,PASS,35,,n,bureaucrat,FORM,,MASTER,0,0,0,,,,,0,0,0,ESDB_V0_4
18684,19107,burr,-13.1224,1,PASS,35,50,n_v,burr,LEMMA,,MASTER,0,0,0,,,,,0,0,0,ESDB_V0_4
18685,19109,cereals,-13.1224,1,PASS,35,,n,cereal,FORM,,MASTER,0,1,0,,cereal,,,1,0,0,ESDB_V0_4
18686,19110,chained,-13.1224,1,PASS,35,,n_v;aj,chain;chained,FORM;LEMMA,,MASTER,0,0,0,,,,,0,0,0,ESDB_V0_4
18687,19112,cheaply,-13.1224,1,PASS,35,,av,cheaply,LEMMA,,MASTER,0,0,0,,,,,0,0,0,ESDB_V0_4
18688,19113,cheng,-13.1224,0,NOT_EXACT_EN_US,,,,,,,REJECTED_AUTO,0,0,0,,,,,0,0,0,ESDB_V0_4
18689,19114,cher,-13.1224,0,NOT_EXACT_EN_US,,,,,,,REJECTED_AUTO,0,0,0,,,,,0,0,0,ESDB_V0_4
18690,19115,chinatown,-13.1224,0,NOT_EXACT_EN_US,,,,,,,REJECTED_AUTO,0,0,0,,,,,0,0,0,ESDB_V0_4
18691,19116,clandestine,-13.1224,1,PASS,35,,aj,clandestine,LEMMA,,MASTER,0,0,0,,,,,0,0,0,ESDB_V0_4
18692,19117,clapping,-13.1224,1,PASS,35,,n_v;n,clap;clapping,FORM;LEMMA,,MASTER,0,0,0,,,,,0,0,0,ESDB_V0_4
18693,19118,clegg,-13.1224,0,NOT_EXACT_EN_US,,,,,,,REJECTED_AUTO,0,0,0,,,,,0,0,0,ESDB_V0_4
18694,19119,clinicians,-13.1224,1,PASS,40,,n,clinician,FORM,,MASTER,0,0,0,,,,,0,0,0,ESDB_V0_4
18695,19120,cocks,-13.1224,1,PASS,35,,n_v,cock,FORM,,MASTER,0,1,0,,cock,,,1,0,0,ESDB_V0_4
18696,19121,commando,-13.1224,1,PASS,35,,n,commando,LEMMA,,MASTER,0,1,0,,command,,,1,0,0,ESDB_V0_4
18697,19122,commend,-13.1224,1,PASS,35,,v,commend,LEMMA,,MASTER,0,0,0,,,,,0,0,0,ESDB_V0_4
18698,19123,condemns,-13.1224,1,PASS,35,,v,condemn,FORM,,MASTER,0,1,0,,condemn,,,1,0,0,ESDB_V0_4
18699,19124,confer,-13.1224,1,PASS,35,,v,confer,LEMMA,,MASTER,0,0,0,,,,,0,0,0,ESDB_V0_4
18700,19125,configured,-13.1224,1,PASS,35,,v;aj,configure;configured,FORM;LEMMA,,MASTER,0,0,0,,,,,0,0,0,ESDB_V0_4
18701,19126,cranes,-13.1224,1,PASS,35,,n_v,crane,FORM,,MASTER,0,1,0,,crane,,,1,0,0,ESDB_V0_4
18702,19127,culmination,-13.1224,1,PASS,35,,n,culmination,LEMMA,,MASTER,0,0,0,,,,,0,0,0,ESDB_V0_4
18703,19128,cvs,-13.1224,0,NOT_EXACT_EN_US,,,,,,,REJECTED_AUTO,0,0,0,,,,,0,0,0,ESDB_V0_4
18704,19129,debuts,-13.1224,1,PASS,35,,n_v,debut,FORM,,MASTER,0,1,0,,debut,,,1,0,0,ESDB_V0_4
18705,19130,deliberations,-13.1224,1,PASS,35,,n,deliberation,FORM,,MASTER,0,0,0,,,,,0,0,0,ESDB_V0_4
18706,19131,differentiated,-13.1224,1,PASS,35,,v;aj,differentiate;differentiated,FORM;LEMMA,,MASTER,0,1,0,,differentiate,,,1,0,0,ESDB_V0_4
18707,19133,discern,-13.1224,1,PASS,35,,v,discern,LEMMA,,MASTER,0,0,0,,,,,0,0,0,ESDB_V0_4
18708,19134,dismay,-13.1224,1,PASS,35,,n;v,dismay,LEMMA,,MASTER,0,0,0,,,,,0,0,0,ESDB_V0_4
18709,19135,dns,-13.1224,0,NOT_EXACT_EN_US,,,,,,,REJECTED_AUTO,0,0,0,,,,,0,0,0,ESDB_V0_4
18710,19136,domestically,-13.1224,1,PASS,50,,av,domestically,LEMMA,,MASTER,0,0,0,,,,,0,0,0,ESDB_V0_4
18711,19137,doubting,-13.1224,1,PASS,35,,n_v;aj,doubt;doubting,FORM;LEMMA,,MASTER,0,0,0,,,,,0,0,0,ESDB_V0_4
18712,19138,dresser,-13.1224,1,PASS,35,,n,dresser,LEMMA,,MASTER,0,0,0,,,,,0,0,0,ESDB_V0_4
18713,19139,dysfunctional,-13.1224,1,PASS,40,,aj,dysfunctional,LEMMA,,MASTER,0,0,0,,,,,0,0,0,ESDB_V0_4
18714,19140,eighties,-13.1224,1,PASS,35,,n,eighty,FORM,,MASTER,0,0,0,,,,,0,0,0,ESDB_V0_4
18715,19141,elise,-13.1224,0,NOT_EXACT_EN_US,,,,,,,REJECTED_AUTO,0,0,0,,,,,0,0,0,ESDB_V0_4
18716,19142,encoded,-13.1224,1,PASS,35,,v,encode,FORM,,MASTER,0,0,0,,,,,0,0,0,ESDB_V0_4
18717,19143,encompass,-13.1224,1,PASS,35,,v,encompass,LEMMA,,MASTER,0,0,0,,,,,0,0,0,ESDB_V0_4
18718,19144,endanger,-13.1224,1,PASS,35,,v,endanger,LEMMA,,MASTER,0,0,0,,,,,0,0,0,ESDB_V0_4
18719,19145,engraving,-13.1224,1,PASS,35,,v;n,engrave;engraving,FORM;LEMMA,,MASTER,0,0,0,,,,,0,0,0,ESDB_V0_4
18720,19146,enrich,-13.1224,1,PASS,35,,v,enrich,LEMMA,,MASTER,0,0,0,,,,,0,0,0,ESDB_V0_4
18721,19147,entrants,-13.1224,1,PASS,35,,n,entrant,FORM,,MASTER,0,0,0,,,,,0,0,0,ESDB_V0_4
18722,19148,ether,-13.1224,1,PASS,35,,n,ether,LEMMA,,MASTER,0,0,0,,,,,0,0,0,ESDB_V0_4
18723,19149,facets,-13.1224,1,PASS,35,,n_v,facet,FORM,,MASTER,0,0,0,,,,,0,0,0,ESDB_V0_4
18724,19150,facilitates,-13.1224,1,PASS,35,,v,facilitate,FORM,,MASTER,0,1,0,,facilitate,,,1,0,0,ESDB_V0_4
18725,19151,faked,-13.1224,1,PASS,35,,n_v,fake,FORM,,MASTER,0,1,0,,fake,,,1,0,0,ESDB_V0_4
18726,19152,fender,-13.1224,1,PASS,35,,n,fender,LEMMA,,MASTER,0,0,0,,,,,0,0,0,ESDB_V0_4
18727,19153,firefox,-13.1224,0,NOT_EXACT_EN_US,,,,,,,REJECTED_AUTO,0,0,0,,,,,0,0,0,ESDB_V0_4
18728,19154,fitz,-13.1224,0,NOT_EXACT_EN_US,,,,,,,REJECTED_AUTO,0,0,0,,,,,0,0,0,ESDB_V0_4
18729,19155,flashed,-13.1224,1,PASS,35,,n_v,flash,FORM,,MASTER,0,0,0,,,,,0,0,0,ESDB_V0_4
18730,19156,footnotes,-13.1224,1,PASS,35,,n_v,footnote,FORM,,MASTER,0,1,0,,footnote,,,1,0,0,ESDB_V0_4
18731,19157,francesca,-13.1224,0,NOT_EXACT_EN_US,,,,,,,REJECTED_AUTO,0,0,0,,,,,0,0,0,ESDB_V0_4
18732,19158,fray,-13.1224,1,PASS,35,,n_v,fray,LEMMA,,MASTER,0,1,0,ray,,,,1,0,0,ESDB_V0_4
18733,19160,gabrielle,-13.1224,0,NOT_EXACT_EN_US,,,,,,,REJECTED_AUTO,0,0,0,,,,,0,0,0,ESDB_V0_4
18734,19161,generously,-13.1224,1,PASS,35,,av,generously,LEMMA,,MASTER,0,0,0,,,,,0,0,0,ESDB_V0_4
18735,19163,goggles,-13.1224,1,PASS,35,,n_v;n,goggle;goggles,FORM;LEMMA,,MASTER,0,0,0,,,,,0,0,0,ESDB_V0_4
18736,19164,golfer,-13.1224,1,PASS,35,,n,golfer,LEMMA,,MASTER,0,0,0,,,,,0,0,0,ESDB_V0_4
18737,19165,gospels,-13.1224,1,PASS,35,,n,gospel,FORM,,MASTER,0,1,0,,gospel,,,1,0,0,ESDB_V0_4
18738,19166,griffiths,-13.1224,0,NOT_EXACT_EN_US,,,,,,,REJECTED_AUTO,0,0,0,,,,,0,0,0,ESDB_V0_4
18739,19167,guantanamo,-13.1224,0,NOT_EXACT_EN_US,,,,,,,REJECTED_AUTO,0,0,0,,,,,0,0,0,ESDB_V0_4
18740,19168,hacks,-13.1224,1,PASS,35,,n_v,hack,FORM,,MASTER,0,1,0,,hack,,,1,0,0,ESDB_V0_4
18741,19169,harmonic,-13.1224,1,PASS,35,,n;aj,harmonic,LEMMA,,MASTER,0,0,0,,,,,0,0,0,ESDB_V0_4
18742,19170,hasty,-13.1224,1,PASS,35,,aj,hasty,LEMMA,,MASTER,0,0,0,,,,,0,0,0,ESDB_V0_4
18743,19171,hatched,-13.1224,1,PASS,35,,n_v,hatch,FORM,,MASTER,0,0,0,,,,,0,0,0,ESDB_V0_4
18744,19172,heartbreak,-13.1224,1,PASS,35,,n,heartbreak,LEMMA,,MASTER,0,0,0,,,,,0,0,0,ESDB_V0_4
18745,19173,hectic,-13.1224,1,PASS,35,,aj,hectic,LEMMA,,MASTER,0,0,0,,,,,0,0,0,ESDB_V0_4
18746,19174,hendrix,-13.1224,0,NOT_EXACT_EN_US,,,,,,,REJECTED_AUTO,0,0,0,,,,,0,0,0,ESDB_V0_4
18747,19175,herds,-13.1224,1,PASS,35,,n_v,herd,FORM,,MASTER,0,1,0,,herd,,,1,0,0,ESDB_V0_4
18748,19176,homogeneous,-13.1224,1,PASS,35,,aj,homogeneous,LEMMA,,MASTER,0,0,0,,,,,0,0,0,ESDB_V0_4
18749,19177,homophobia,-13.1224,1,PASS,50,,n,homophobia,LEMMA,,MASTER,0,0,0,,,,,0,0,0,ESDB_V0_4
18750,19178,horrid,-13.1224,1,PASS,35,,aj,horrid,LEMMA,,MASTER,0,0,0,,,,,0,0,0,ESDB_V0_4
18751,19179,hospice,-13.1224,1,PASS,40,,n,hospice,LEMMA,,MASTER,0,0,0,,,,,0,0,0,ESDB_V0_4
18752,19180,hume,-13.1224,0,NOT_EXACT_EN_US,,,,,,,REJECTED_AUTO,0,0,0,,,,,0,0,0,ESDB_V0_4
18753,19181,hydra,-13.1224,0,CASE_FREQ_COLLISION,50,50,n,hydra,LEMMA,,REJECTED_AUTO,0,0,0,,,,,0,0,0,ESDB_V0_4
18754,19182,illustrator,-13.1224,1,PASS,35,,n,illustrator,LEMMA,,MASTER,0,0,0,,,,,0,0,0,ESDB_V0_4
18755,19183,implicitly,-13.1224,1,PASS,35,,av,implicitly,LEMMA,,MASTER,0,0,0,,,,,0,0,0,ESDB_V0_4
18756,19184,inconsistencies,-13.1224,1,PASS,35,,n,inconsistency,FORM,,MASTER,0,0,0,,,,,0,0,0,ESDB_V0_4
18757,19185,inquisition,-13.1224,1,PASS,35,50,n,inquisition,LEMMA,,MASTER,0,0,0,,,,,0,0,0,ESDB_V0_4
18758,19186,intrigue,-13.1224,1,PASS,35,,n_v,intrigue,LEMMA,,MASTER,0,1,1,,,,intrigued,0,1,1,ESDB_V0_4
18759,19187,inventing,-13.1224,1,PASS,35,,v,invent,FORM,,MASTER,0,0,0,,,,,0,0,0,ESDB_V0_4
18760,19188,jackass,-13.1224,1,PASS,35,,n,jackass,LEMMA,,MASTER,0,0,0,,,,,0,0,0,ESDB_V0_4
18761,19189,jericho,-13.1224,0,NOT_EXACT_EN_US,,,,,,,REJECTED_AUTO,0,0,0,,,,,0,0,0,ESDB_V0_4
18762,19190,jesuits,-13.1224,0,NOT_EXACT_EN_US,,,,,,,REJECTED_AUTO,0,0,0,,,,,0,0,0,ESDB_V0_4
18763,19191,jumbo,-13.1224,1,PASS,35,,n;aj,jumbo,LEMMA,,MASTER,0,0,0,,,,,0,0,0,ESDB_V0_4
18764,19192,justifying,-13.1224,1,PASS,35,,v,justify,FORM,,MASTER,0,0,0,,,,,0,0,0,ESDB_V0_4
18765,19193,kickoff,-13.1224,1,PASS,35,,n,kickoff,LEMMA,,MASTER,0,0,0,,,,,0,0,0,ESDB_V0_4
18766,19194,kremlin,-13.1224,0,NOT_EXACT_EN_US,,,,,,,REJECTED_AUTO,0,0,0,,,,,0,0,0,ESDB_V0_4
18767,19195,lambs,-13.1224,1,PASS,35,,n_v,lamb,FORM,,MASTER,0,1,0,,lamb,,,1,0,0,ESDB_V0_4
18768,19196,lao,-13.1224,0,NOT_EXACT_EN_US,,,,,,,REJECTED_AUTO,0,0,0,,,,,0,0,0,ESDB_V0_4
18769,19197,leopold,-13.1224,0,NOT_EXACT_EN_US,,,,,,,REJECTED_AUTO,0,0,0,,,,,0,0,0,ESDB_V0_4
18770,19198,lockheed,-13.1224,0,NOT_EXACT_EN_US,,,,,,,REJECTED_AUTO,0,0,0,,,,,0,0,0,ESDB_V0_4
18771,19199,luiz,-13.1224,0,NOT_EXACT_EN_US,,,,,,,REJECTED_AUTO,0,0,0,,,,,0,0,0,ESDB_V0_4
18772,19200,lunatic,-13.1224,1,PASS,35,,n;aj,lunatic,LEMMA,,MASTER,0,0,0,,,,,0,0,0,ESDB_V0_4
18773,19201,maestro,-13.1224,1,PASS,50,,n,maestro,LEMMA,,MASTER,0,0,0,,,,,0,0,0,ESDB_V0_4
18774,19202,mais,-13.1224,0,NOT_EXACT_EN_US,,,,,,,REJECTED_AUTO,0,0,0,,,,,0,0,0,ESDB_V0_4
18775,19203,maj,-13.1224,0,NOT_EXACT_EN_US,,,,,,,REJECTED_AUTO,0,0,0,,,,,0,0,0,ESDB_V0_4
18776,19205,malnutrition,-13.1224,1,PASS,35,,n,malnutrition,LEMMA,,MASTER,0,0,0,,,,,0,0,0,ESDB_V0_4
18777,19206,maroon,-13.1224,1,PASS,35,,n;v;aj,maroon,LEMMA,,MASTER,0,0,0,,,,,0,0,0,ESDB_V0_4
18778,19207,marries,-13.1224,1,PASS,35,,v,marry,FORM,,MASTER,0,0,0,,,,,0,0,0,ESDB_V0_4
18779,19208,melville,-13.1224,0,NOT_EXACT_EN_US,,,,,,,REJECTED_AUTO,0,0,0,,,,,0,0,0,ESDB_V0_4
18780,19209,melvin,-13.1224,0,NOT_EXACT_EN_US,,,,,,,REJECTED_AUTO,0,0,0,,,,,0,0,0,ESDB_V0_4
18781,19210,membranes,-13.1224,1,PASS,35,,n,membrane,FORM,,MASTER,0,1,0,,membrane,,,1,0,0,ESDB_V0_4
18782,19211,methyl,-13.1224,1,PASS,60,,n;a,methyl,LEMMA,,MASTER,0,0,0,,,,,0,0,0,ESDB_V0_4
18783,19212,milano,-13.1224,0,NOT_EXACT_EN_US,,,,,,,REJECTED_AUTO,0,0,0,,,,,0,0,0,ESDB_V0_4
18784,19213,milling,-13.1224,1,PASS,35,,n_v;n,mill;milling,FORM;LEMMA,,MASTER,0,0,0,,,,,0,0,0,ESDB_V0_4
18785,19214,moan,-13.1224,1,PASS,35,,n_v,moan,LEMMA,,MASTER,0,0,0,,,,,0,0,0,ESDB_V0_4
18786,19215,moldova,-13.1224,0,NOT_EXACT_EN_US,,,,,,,REJECTED_AUTO,0,0,0,,,,,0,0,0,ESDB_V0_4
18787,19216,monoxide,-13.1224,1,PASS,50,,n,monoxide,LEMMA,,MASTER,0,0,0,,,,,0,0,0,ESDB_V0_4
18788,19217,moustache,-13.1224,0,NOT_EXACT_EN_US,,,,,,,REJECTED_AUTO,0,0,0,,,,,0,0,0,ESDB_V0_4
18789,19218,nadia,-13.1224,0,NOT_EXACT_EN_US,,,,,,,REJECTED_AUTO,0,0,0,,,,,0,0,0,ESDB_V0_4
18790,19219,nocturnal,-13.1224,1,PASS,35,,aj,nocturnal,LEMMA,,MASTER,0,0,0,,,,,0,0,0,ESDB_V0_4
18791,19220,norma,-13.1224,0,NOT_EXACT_EN_US,,,,,,,REJECTED_AUTO,0,0,0,,,,,0,0,0,ESDB_V0_4
18792,19221,northward,-13.1224,1,PASS,35,,aj_av,northward,LEMMA,,MASTER,0,0,0,,,,,0,0,0,ESDB_V0_4
18793,19222,nwt,-13.1224,0,NOT_EXACT_EN_US,,,,,,,REJECTED_AUTO,0,0,0,,,,,0,0,0,ESDB_V0_4
18794,19223,oatmeal,-13.1224,1,PASS,35,,n,oatmeal,LEMMA,,MASTER,0,0,0,,,,,0,0,0,ESDB_V0_4
18795,19224,optimize,-13.1224,1,PASS,35,,v,optimize,LEMMA,,MASTER,0,1,1,,,,optimized,0,1,1,ESDB_V0_4
18796,19225,palin,-13.1224,0,NOT_EXACT_EN_US,,,,,,,REJECTED_AUTO,0,0,0,,,,,0,0,0,ESDB_V0_4
18797,19227,pci,-13.1224,0,NOT_EXACT_EN_US,,,,,,,REJECTED_AUTO,0,0,0,,,,,0,0,0,ESDB_V0_4
18798,19228,perpetrated,-13.1224,1,PASS,35,,v,perpetrate,FORM,,MASTER,0,0,0,,,,,0,0,0,ESDB_V0_4
18799,19229,persuasion,-13.1224,1,PASS,35,,n,persuasion,LEMMA,,MASTER,0,0,0,,,,,0,0,0,ESDB_V0_4
18800,19230,pessimistic,-13.1224,1,PASS,35,,aj,pessimistic,LEMMA,,MASTER,0,0,0,,,,,0,0,0,ESDB_V0_4
18801,19231,pious,-13.1224,1,PASS,35,,aj,pious,LEMMA,,MASTER,0,0,0,,,,,0,0,0,ESDB_V0_4
18802,19232,pluto,-13.1224,0,NOT_EXACT_EN_US,,,,,,,REJECTED_AUTO,0,0,0,,,,,0,0,0,ESDB_V0_4
18803,19233,plutonium,-13.1224,1,PASS,35,,n,plutonium,LEMMA,,MASTER,0,0,0,,,,,0,0,0,ESDB_V0_4
18804,19234,pollutants,-13.1224,1,PASS,35,,n,pollutant,FORM,,MASTER,0,0,0,,,,,0,0,0,ESDB_V0_4
18805,19235,polymers,-13.1224,1,PASS,40,,n,polymer,FORM,,MASTER,0,1,0,,polymer,,,1,0,0,ESDB_V0_4
18806,19236,powerhouse,-13.1224,1,PASS,35,,n,powerhouse,LEMMA,,MASTER,0,0,0,,,,,0,0,0,ESDB_V0_4
18807,19237,practicable,-13.1224,1,PASS,35,,aj,practicable,LEMMA,,MASTER,0,0,0,,,,,0,0,0,ESDB_V0_4
18808,19238,prettier,-13.1224,1,PASS,35,,aj_av,pretty,FORM,,MASTER,0,0,0,,,,,0,0,0,ESDB_V0_4
18809,19239,pristine,-13.1224,1,PASS,40,,aj,pristine,LEMMA,,MASTER,0,0,0,,,,,0,0,0,ESDB_V0_4
18810,19240,profiling,-13.1224,1,PASS,35,,n_v;n,profile;profiling,FORM;LEMMA,,MASTER,0,0,0,,,,,0,0,0,ESDB_V0_4
18811,19241,protagonists,-13.1224,0,NO_ESDB_GENERAL_EVIDENCE,,,,,,,REJECTED_AUTO,0,0,0,,,,,0,0,0,ESDB_V0_4
18812,19242,punctuation,-13.1224,1,PASS,35,,n,punctuation,LEMMA,,MASTER,0,0,0,,,,,0,0,0,ESDB_V0_4
18813,19243,quieter,-13.1224,1,PASS,35,,aj_av;n,quiet;quieter,FORM;LEMMA,,MASTER,0,0,0,,,,,0,0,0,ESDB_V0_4
18814,19244,rained,-13.1224,1,PASS,35,,n_v,rain,FORM,,MASTER,0,1,1,,,trained;drained,,0,2,0,ESDB_V0_4
18815,19245,rarity,-13.1224,1,PASS,35,,n,rarity,LEMMA,,MASTER,0,0,0,,,,,0,0,0,ESDB_V0_4
18816,19246,raul,-13.1224,0,NOT_EXACT_EN_US,,,,,,,REJECTED_AUTO,0,0,0,,,,,0,0,0,ESDB_V0_4
18817,19247,realisation,-13.1224,0,NOT_EXACT_EN_US,,,,,,,REJECTED_AUTO,0,0,0,,,,,0,0,0,ESDB_V0_4
18818,19248,reddish,-13.1224,1,PASS,40,,aj,reddish,LEMMA,,MASTER,0,0,0,,,,,0,0,0,ESDB_V0_4
18819,19249,regimen,-13.1224,1,PASS,35,,n,regimen,LEMMA,,MASTER,0,1,1,,regime,,regiment,1,1,0,ESDB_V0_4
18820,19250,reindeer,-13.1224,1,PASS,35,,n,reindeer,LEMMA;FORM,,MASTER,0,0,0,,,,,0,0,0,ESDB_V0_4
18821,19251,reminders,-13.1224,1,PASS,35,,n,reminder,FORM,,MASTER,0,1,0,,reminder,,,1,0,0,ESDB_V0_4
18822,19252,restrain,-13.1224,1,PASS,35,,v,restrain,LEMMA,,MASTER,0,1,1,,,,restraint,0,1,0,ESDB_V0_4
18823,19253,retreating,-13.1224,1,PASS,35,,n_v,retreat,FORM,,MASTER,0,0,0,,,,,0,0,0,ESDB_V0_4
18824,19254,ritchie,-13.1224,0,NOT_EXACT_EN_US,,,,,,,REJECTED_AUTO,0,0,0,,,,,0,0,0,ESDB_V0_4
18825,19255,rocker,-13.1224,1,PASS,35,,n,rocker,LEMMA,,MASTER,0,0,0,,,,,0,0,0,ESDB_V0_4
18826,19256,rosenberg,-13.1224,0,NOT_EXACT_EN_US,,,,,,,REJECTED_AUTO,0,0,0,,,,,0,0,0,ESDB_V0_4
18827,19257,rotated,-13.1224,1,PASS,35,,v;aj,rotate;rotated,FORM;LEMMA,,MASTER,0,1,0,,rotate,,,1,0,0,ESDB_V0_4
18828,19258,rotting,-13.1224,1,PASS,35,,v;n,rot;rotting,FORM;LEMMA,,MASTER,0,0,0,,,,,0,0,0,ESDB_V0_4
18829,19259,roulette,-13.1224,1,PASS,35,,n,roulette,LEMMA,,MASTER,0,0,0,,,,,0,0,0,ESDB_V0_4
18830,19260,rumored,-13.1224,1,PASS,35,,n_v,rumor,FORM,,MASTER,0,0,0,,,,,0,0,0,ESDB_V0_4
18831,19261,rutgers,-13.1224,0,NOT_EXACT_EN_US,,,,,,,REJECTED_AUTO,0,0,0,,,,,0,0,0,ESDB_V0_4
18832,19262,sacrament,-13.1224,1,PASS,35,,n,sacrament,LEMMA,,MASTER,0,0,0,,,,,0,0,0,ESDB_V0_4
18833,19263,satisfies,-13.1224,1,PASS,35,,v,satisfy,FORM,,MASTER,0,0,0,,,,,0,0,0,ESDB_V0_4
18834,19264,scanners,-13.1224,1,PASS,35,,n,scanner,FORM,,MASTER,0,1,0,,scanner,,,1,0,0,ESDB_V0_4
18835,19265,securely,-13.1224,1,PASS,35,,av,securely,LEMMA,,MASTER,0,0,0,,,,,0,0,0,ESDB_V0_4
18836,19266,sensual,-13.1224,1,PASS,35,,aj,sensual,LEMMA,,MASTER,0,0,0,,,,,0,0,0,ESDB_V0_4
18837,19267,shafts,-13.1224,1,PASS,35,,n_v,shaft,FORM,,MASTER,0,1,0,,shaft,,,1,0,0,ESDB_V0_4
18838,19268,sharia,-13.1224,1,PASS,50,,n,sharia,LEMMA,,MASTER,0,0,0,,,,,0,0,0,ESDB_V0_4
18839,19269,shepherds,-13.1224,1,PASS,35,,n_v,shepherd,FORM,,MASTER,0,1,0,,shepherd,,,1,0,0,ESDB_V0_4
18840,19270,shoppers,-13.1224,1,PASS,35,,n,shopper,FORM,,MASTER,0,0,0,,,,,0,0,0,ESDB_V0_4
18841,19271,silhouette,-13.1224,1,PASS,35,,n_v,silhouette,LEMMA,,MASTER,0,0,0,,,,,0,0,0,ESDB_V0_4
18842,19272,skeletal,-13.1224,1,PASS,50,,aj,skeletal,LEMMA,,MASTER,0,0,0,,,,,0,0,0,ESDB_V0_4
18843,19273,sorta,-13.1224,1,PASS,35,,s,sorta,LEMMA,,MASTER,0,1,0,,sort,,,1,0,0,ESDB_V0_4
18844,19274,splinter,-13.1224,1,PASS,35,,n_v,splinter,LEMMA,,MASTER,0,0,0,,,,,0,0,0,ESDB_V0_4
18845,19275,spooky,-13.1224,1,PASS,35,,aj,spooky,LEMMA,,MASTER,0,0,0,,,,,0,0,0,ESDB_V0_4
18846,19276,spotting,-13.1224,1,PASS,35,,n_v;n,spot;spotting,FORM;LEMMA,,MASTER,0,0,0,,,,,0,0,0,ESDB_V0_4
18847,19277,steamer,-13.1224,1,PASS,50,,n,steamer,LEMMA,,MASTER,0,0,0,,,,,0,0,0,ESDB_V0_4
18848,19278,steroid,-13.1224,1,PASS,40,,n,steroid,LEMMA,,MASTER,0,1,1,,,asteroid,steroids,0,2,1,ESDB_V0_4
18849,19279,streamed,-13.1224,1,PASS,35,,n_v,stream,FORM,,MASTER,0,0,0,,,,,0,0,0,ESDB_V0_4
18850,19280,strengthens,-13.1224,1,PASS,35,,v,strengthen,FORM,,MASTER,0,1,0,,strengthen,,,1,0,0,ESDB_V0_4
18851,19282,stunts,-13.1224,1,PASS,35,,n_v,stunt,FORM,,MASTER,0,1,0,,stunt,,,1,0,0,ESDB_V0_4
18852,19283,summaries,-13.1224,1,PASS,35,,n,summary,FORM,,MASTER,0,0,0,,,,,0,0,0,ESDB_V0_4
18853,19285,surpass,-13.1224,1,PASS,35,,v,surpass,LEMMA,,MASTER,0,0,0,,,,,0,0,0,ESDB_V0_4
18854,19286,sykes,-13.1224,0,NOT_EXACT_EN_US,,,,,,,REJECTED_AUTO,0,0,0,,,,,0,0,0,ESDB_V0_4
18855,19287,synergy,-13.1224,1,PASS,60,,n,synergy,LEMMA,,MASTER,0,0,0,,,,,0,0,0,ESDB_V0_4
18856,19288,tal,-13.1224,0,NOT_EXACT_EN_US,,,,,,,REJECTED_AUTO,0,0,0,,,,,0,0,0,ESDB_V0_4
18857,19289,theyre,-13.1224,0,NOT_EXACT_EN_US,,,,,,,REJECTED_AUTO,0,0,0,,,,,0,0,0,ESDB_V0_4
18858,19290,thinker,-13.1224,1,PASS,40,,n,thinker,LEMMA,,MASTER,0,0,0,,,,,0,0,0,ESDB_V0_4
18859,19291,thunderstorms,-13.1224,1,PASS,35,,n,thunderstorm,FORM,,MASTER,0,0,0,,,,,0,0,0,ESDB_V0_4
18860,19292,tickle,-13.1224,1,PASS,35,,n_v,tickle,LEMMA,,MASTER,0,0,0,,,,,0,0,0,ESDB_V0_4
18861,19293,titus,-13.1224,0,NOT_EXACT_EN_US,,,,,,,REJECTED_AUTO,0,0,0,,,,,0,0,0,ESDB_V0_4
18862,19294,toaster,-13.1224,1,PASS,35,,n,toaster,LEMMA,,MASTER,0,0,0,,,,,0,0,0,ESDB_V0_4
18863,19295,tudor,-13.1224,0,NOT_EXACT_EN_US,,,,,,,REJECTED_AUTO,0,0,0,,,,,0,0,0,ESDB_V0_4
18864,19296,tutorials,-13.1224,1,PASS,35,,n,tutorial,FORM,,MASTER,0,1,0,,tutorial,,,1,0,0,ESDB_V0_4
18865,19297,unionist,-13.1224,0,CASE_FREQ_COLLISION,60,60,n,unionist,LEMMA,,REJECTED_AUTO,0,0,0,,,,,0,0,0,ESDB_V0_4
18866,19298,unionists,-13.1224,1,PASS,60,,n,unionist,FORM,,MASTER,0,0,0,,,,,0,0,0,ESDB_V0_4
18867,19299,unleash,-13.1224,1,PASS,35,,v,unleash,LEMMA,,MASTER,0,0,0,,,,,0,0,0,ESDB_V0_4
18868,19300,unspecified,-13.1224,1,PASS,35,,aj,unspecified,LEMMA,,MASTER,0,0,0,,,,,0,0,0,ESDB_V0_4
18869,19301,untreated,-13.1224,1,PASS,50,,aj,untreated,LEMMA,,MASTER,0,0,0,,,,,0,0,0,ESDB_V0_4
18870,19303,validated,-13.1224,1,PASS,35,,v,validate,FORM,,MASTER,0,1,0,,validate,,,1,0,0,ESDB_V0_4
18871,19304,vandalism,-13.1224,1,PASS,35,,n,vandalism,LEMMA,,MASTER,0,0,0,,,,,0,0,0,ESDB_V0_4
18872,19305,ver,-13.1224,0,NOT_EXACT_EN_US,,,,,,,REJECTED_AUTO,0,0,0,,,,,0,0,0,ESDB_V0_4
18873,19306,vigil,-13.1224,1,PASS,35,,n,vigil,LEMMA,,MASTER,0,0,0,,,,,0,0,0,ESDB_V0_4
18874,19307,waived,-13.1224,1,PASS,35,,v,waive,FORM,,MASTER,0,0,0,,,,,0,0,0,ESDB_V0_4
18875,19308,warmly,-13.1224,1,PASS,35,,av,warmly,LEMMA,,MASTER,0,0,0,,,,,0,0,0,ESDB_V0_4
18876,19309,watered,-13.1224,1,PASS,35,,v;aj,water;watered,FORM;LEMMA,,MASTER,0,0,0,,,,,0,0,0,ESDB_V0_4
18877,19310,watermelon,-13.1224,1,PASS,35,,n,watermelon,LEMMA,,MASTER,0,0,0,,,,,0,0,0,ESDB_V0_4
18878,19311,wellbeing,-13.1224,0,NOT_EXACT_EN_US,,,,,,,REJECTED_AUTO,0,0,0,,,,,0,0,0,ESDB_V0_4
18879,19312,wipes,-13.1224,1,PASS,35,,n_v,wipe,FORM,,MASTER,0,1,0,,wipe,,,1,0,0,ESDB_V0_4
18880,19313,wits,-13.1224,1,PASS,35,,n,wit;wits,FORM;LEMMA,,MASTER,0,1,0,its,wit,,,2,0,0,ESDB_V0_4
18881,19314,wrinkles,-13.1224,1,PASS,35,,n_v,wrinkle,FORM,,MASTER,0,0,0,,,,,0,0,0,ESDB_V0_4
18882,19315,wrongful,-13.1224,1,PASS,40,,aj,wrongful,LEMMA,,MASTER,0,0,0,,,,,0,0,0,ESDB_V0_4
18883,19316,wrongs,-13.1224,1,PASS,35,,n_v,wrong,FORM,,MASTER,0,1,0,,wrong,,,1,0,0,ESDB_V0_4
18884,19317,zur,-13.1224,0,NOT_EXACT_EN_US,,,,,,,REJECTED_AUTO,0,0,0,,,,,0,0,0,ESDB_V0_4
18885,19319,accompanies,-13.1477,1,PASS,35,,v,accompany,FORM,,MASTER,0,0,0,,,,,0,0,0,ESDB_V0_4
18886,19320,aces,-13.1477,1,PASS,35,,n_v,ace,FORM,,MASTER,0,1,1,,ace,faces;races,,1,2,0,ESDB_V0_4
18887,19321,acl,-13.1477,0,NOT_EXACT_EN_US,,,,,,,REJECTED_AUTO,0,0,0,,,,,0,0,0,ESDB_V0_4
18888,19322,adjourned,-13.1477,1,PASS,35,,v,adjourn,FORM,,MASTER,0,0,0,,,,,0,0,0,ESDB_V0_4
18889,19323,agitation,-13.1477,1,PASS,35,,n,agitation,LEMMA,,MASTER,0,0,0,,,,,0,0,0,ESDB_V0_4
18890,19324,alfredo,-13.1477,0,NOT_EXACT_EN_US,,,,,,,REJECTED_AUTO,0,0,0,,,,,0,0,0,ESDB_V0_4
18891,19325,almonds,-13.1477,1,PASS,35,,n,almond,FORM,,MASTER,0,1,0,,almond,,,1,0,0,ESDB_V0_4
18892,19326,altitudes,-13.1477,1,PASS,35,,n,altitude,FORM,,MASTER,0,1,0,,altitude,,,1,0,0,ESDB_V0_4
18893,19327,annoyance,-13.1477,1,PASS,35,,n,annoyance,LEMMA,,MASTER,0,0,0,,,,,0,0,0,ESDB_V0_4
18894,19328,anus,-13.1477,1,PASS,35,,n,anus,LEMMA,,MASTER,0,0,0,,,,,0,0,0,ESDB_V0_4
18895,19329,approvals,-13.1477,1,PASS,35,,n,approval,FORM,,MASTER,0,1,0,,approval,,,1,0,0,ESDB_V0_4
18896,19330,artisan,-13.1477,1,PASS,35,,n,artisan,LEMMA,,MASTER,0,1,1,,,partisan,artisans,0,2,1,ESDB_V0_4
18897,19331,ascend,-13.1477,1,PASS,35,,v,ascend,LEMMA,,MASTER,0,0,0,,,,,0,0,0,ESDB_V0_4
18898,19332,baffled,-13.1477,1,PASS,35,,n_v;n;aj,baffle;baffled,FORM;LEMMA,,MASTER,0,0,0,,,,,0,0,0,ESDB_V0_4
18899,19333,barbarians,-13.1477,1,PASS,35,,n,barbarian,FORM,,MASTER,0,1,0,,barbarian,,,1,0,0,ESDB_V0_4
18900,19334,barkley,-13.1477,0,NOT_EXACT_EN_US,,,,,,,REJECTED_AUTO,0,0,0,,,,,0,0,0,ESDB_V0_4
18901,19335,bayer,-13.1477,0,NOT_EXACT_EN_US,,,,,,,REJECTED_AUTO,0,0,0,,,,,0,0,0,ESDB_V0_4
18902,19336,beak,-13.1477,1,PASS,35,,n,beak,LEMMA,,MASTER,0,0,0,,,,,0,0,0,ESDB_V0_4
18903,19337,beech,-13.1477,1,PASS,35,,n,beech,LEMMA,,MASTER,0,0,0,,,,,0,0,0,ESDB_V0_4
18904,19338,bins,-13.1477,1,PASS,35,,n_v,bin,FORM,,MASTER,0,1,0,ins,bin,,,2,0,0,ESDB_V0_4
18905,19339,biologists,-13.1477,1,PASS,35,,n,biologist,FORM,,MASTER,0,1,0,,biologist,,,1,0,0,ESDB_V0_4
18906,19340,bitterly,-13.1477,1,PASS,35,,av,bitterly,LEMMA,,MASTER,0,0,0,,,,,0,0,0,ESDB_V0_4
18907,19341,boner,-13.1477,1,PASS,50,,n,boner,LEMMA,,MASTER,0,1,0,,bone,,,1,0,0,ESDB_V0_4
18908,19342,bosnian,-13.1477,0,NOT_EXACT_EN_US,,,,,,,REJECTED_AUTO,0,0,0,,,,,0,0,0,ESDB_V0_4
18909,19343,bridal,-13.1477,1,PASS,35,,n;aj,bridal,LEMMA,,MASTER,0,0,0,,,,,0,0,0,ESDB_V0_4
18910,19344,brood,-13.1477,1,PASS,35,,n_v;a,brood,LEMMA,,MASTER,0,0,0,,,,,0,0,0,ESDB_V0_4
18911,19345,bubba,-13.1477,0,NOT_EXACT_EN_US,,,,,,,REJECTED_AUTO,0,0,0,,,,,0,0,0,ESDB_V0_4
18912,19346,calming,-13.1477,1,PASS,35,,v,calm,FORM,,MASTER,0,0,0,,,,,0,0,0,ESDB_V0_4
18913,19347,cameraman,-13.1477,1,PASS,40,,n,cameraman,LEMMA,,MASTER,0,0,0,,,,,0,0,0,ESDB_V0_4
18914,19348,canonical,-13.1477,1,PASS,35,,aj,canonical,LEMMA,,MASTER,0,0,0,,,,,0,0,0,ESDB_V0_4
18915,19350,catfish,-13.1477,1,PASS,35,,n,catfish,LEMMA;FORM,,MASTER,0,0,0,,,,,0,0,0,ESDB_V0_4
18916,19351,caviar,-13.1477,1,PASS,35,,n,caviar,LEMMA,,MASTER,0,0,0,,,,,0,0,0,ESDB_V0_4
18917,19352,cbd,-13.1477,0,NOT_EXACT_EN_US,,,,,,,REJECTED_AUTO,0,0,0,,,,,0,0,0,ESDB_V0_4
18918,19353,changer,-13.1477,1,PASS,60,,n,changer,LEMMA,,MASTER,0,1,0,,change,,,1,0,0,ESDB_V0_4
18919,19354,charisma,-13.1477,1,PASS,35,,n,charisma,LEMMA,,MASTER,0,0,0,,,,,0,0,0,ESDB_V0_4
18920,19355,cheerleader,-13.1477,1,PASS,40,,n,cheerleader,LEMMA,,MASTER,0,0,0,,,,,0,0,0,ESDB_V0_4
18921,19356,chemically,-13.1477,1,PASS,35,,av,chemically,LEMMA,,MASTER,0,0,0,,,,,0,0,0,ESDB_V0_4
18922,19357,classed,-13.1477,1,PASS,35,,n_v,class,FORM,,MASTER,0,0,0,,,,,0,0,0,ESDB_V0_4
18923,19358,climbers,-13.1477,1,PASS,35,,n,climber,FORM,,MASTER,0,0,0,,,,,0,0,0,ESDB_V0_4
18924,19359,clinch,-13.1477,1,PASS,35,,n_v,clinch,LEMMA,,MASTER,0,0,0,,,,,0,0,0,ESDB_V0_4
18925,19360,cloning,-13.1477,1,PASS,40,,v,clone,FORM,,MASTER,0,0,0,,,,,0,0,0,ESDB_V0_4
18926,19361,cohesive,-13.1477,1,PASS,50,,aj,cohesive,LEMMA,,MASTER,0,0,0,,,,,0,0,0,ESDB_V0_4
18927,19362,commended,-13.1477,1,PASS,35,,v,commend,FORM,,MASTER,0,0,0,,,,,0,0,0,ESDB_V0_4
18928,19363,confidently,-13.1477,1,PASS,35,,av,confidently,LEMMA,,MASTER,0,0,0,,,,,0,0,0,ESDB_V0_4
18929,19364,conquering,-13.1477,1,PASS,35,,v,conquer,FORM,,MASTER,0,0,0,,,,,0,0,0,ESDB_V0_4
18930,19365,consensual,-13.1477,1,PASS,60,,aj,consensual,LEMMA,,MASTER,0,0,0,,,,,0,0,0,ESDB_V0_4
18931,19366,contenders,-13.1477,1,PASS,35,,n,contender,FORM,,MASTER,0,1,0,,contender,,,1,0,0,ESDB_V0_4
18932,19367,cornish,-13.1477,0,NOT_EXACT_EN_US,,,,,,,REJECTED_AUTO,0,0,0,,,,,0,0,0,ESDB_V0_4
18933,19368,cristiano,-13.1477,0,NOT_EXACT_EN_US,,,,,,,REJECTED_AUTO,0,0,0,,,,,0,0,0,ESDB_V0_4
18934,19369,crowley,-13.1477,0,NOT_EXACT_EN_US,,,,,,,REJECTED_AUTO,0,0,0,,,,,0,0,0,ESDB_V0_4
18935,19370,culminated,-13.1477,1,PASS,35,,v,culminate,FORM,,MASTER,0,0,0,,,,,0,0,0,ESDB_V0_4
18936,19371,culminating,-13.1477,1,PASS,35,,v,culminate,FORM,,MASTER,0,0,0,,,,,0,0,0,ESDB_V0_4
18937,19372,curled,-13.1477,1,PASS,35,,n_v;aj,curl;curled,FORM;LEMMA,,MASTER,0,0,0,,,,,0,0,0,ESDB_V0_4
18938,19373,cursor,-13.1477,1,PASS,35,,n,cursor,LEMMA,,MASTER,0,0,0,,,,,0,0,0,ESDB_V0_4
18939,19374,customize,-13.1477,1,PASS,35,,v,customize,LEMMA,,MASTER,0,1,1,,,,customized,0,1,1,ESDB_V0_4
18940,19375,cy,-13.1477,0,NOT_EXACT_EN_US,,,,,,,REJECTED_AUTO,0,0,0,,,,,0,0,0,ESDB_V0_4
18941,19376,cyanide,-13.1477,1,PASS,35,,n,cyanide,LEMMA,,MASTER,0,0,0,,,,,0,0,0,ESDB_V0_4
18942,19377,dae,-13.1477,0,NOT_EXACT_EN_US,,,,,,,REJECTED_AUTO,0,0,0,,,,,0,0,0,ESDB_V0_4
18943,19378,dai,-13.1477,0,NOT_EXACT_EN_US,,,,,,,REJECTED_AUTO,0,0,0,,,,,0,0,0,ESDB_V0_4
18944,19379,dandy,-13.1477,1,PASS,35,,n;aj,dandy,LEMMA,,MASTER,0,0,0,,,,,0,0,0,ESDB_V0_4
18945,19380,deadlines,-13.1477,1,PASS,35,,n,deadline,FORM,,MASTER,0,1,0,,deadline,,,1,0,0,ESDB_V0_4
18946,19381,dehydration,-13.1477,1,PASS,40,,n,dehydration,LEMMA,,MASTER,0,0,0,,,,,0,0,0,ESDB_V0_4
18947,19382,deli,-13.1477,1,PASS,35,,n,deli,LEMMA,,MASTER,0,0,0,,,,,0,0,0,ESDB_V0_4
18948,19383,deprive,-13.1477,1,PASS,35,,v,deprive,LEMMA,,MASTER,0,1,1,,,,deprived,0,1,1,ESDB_V0_4
18949,19384,detain,-13.1477,1,PASS,35,,v,detain,LEMMA,,MASTER,0,0,0,,,,,0,0,0,ESDB_V0_4
18950,19385,dickson,-13.1477,0,NOT_EXACT_EN_US,,,,,,,REJECTED_AUTO,0,0,0,,,,,0,0,0,ESDB_V0_4
18951,19386,disapproval,-13.1477,1,PASS,35,,n,disapproval,LEMMA,,MASTER,0,0,0,,,,,0,0,0,ESDB_V0_4
18952,19387,discharges,-13.1477,1,PASS,35,,n_v,discharge,FORM,,MASTER,0,1,0,,discharge,,,1,0,0,ESDB_V0_4
18953,19388,dishwasher,-13.1477,1,PASS,35,,n,dishwasher,LEMMA,,MASTER,0,0,0,,,,,0,0,0,ESDB_V0_4
18954,19389,diversification,-13.1477,1,PASS,40,,n,diversification,LEMMA,,MASTER,0,0,0,,,,,0,0,0,ESDB_V0_4
18955,19390,docs,-13.1477,1,PASS,50,,n,doc,FORM,,MASTER,0,1,0,,doc,,,1,0,0,ESDB_V0_4
18956,19391,dracula,-13.1477,0,NOT_EXACT_EN_US,,,,,,,REJECTED_AUTO,0,0,0,,,,,0,0,0,ESDB_V0_4
18957,19392,dyes,-13.1477,1,PASS,35,,n_v,dye,FORM,,MASTER,0,1,0,yes,dye,,,2,0,0,ESDB_V0_4
18958,19393,elector,-13.1477,1,PASS,35,,n,elector,LEMMA,,MASTER,0,1,1,,,,electors,0,1,1,ESDB_V0_4
18959,19394,embassies,-13.1477,1,PASS,35,,n,embassy,FORM,,MASTER,0,0,0,,,,,0,0,0,ESDB_V0_4
18960,19395,ent,-13.1477,0,NOT_EXACT_EN_US,,,,,,,REJECTED_AUTO,0,0,0,,,,,0,0,0,ESDB_V0_4
18961,19396,eurozone,-13.1477,0,NOT_EXACT_EN_US,,,,,,,REJECTED_AUTO,0,0,0,,,,,0,0,0,ESDB_V0_4
18962,19397,exponential,-13.1477,1,PASS,35,,aj,exponential,LEMMA,,MASTER,0,0,0,,,,,0,0,0,ESDB_V0_4
18963,19398,extant,-13.1477,1,PASS,35,,aj,extant,LEMMA,,MASTER,0,0,0,,,,,0,0,0,ESDB_V0_4
18964,19399,extremism,-13.1477,1,PASS,40,,n,extremism,LEMMA,,MASTER,0,0,0,,,,,0,0,0,ESDB_V0_4
18965,19400,faiths,-13.1477,1,PASS,35,,n,faith,FORM,,MASTER,0,1,0,,faith,,,1,0,0,ESDB_V0_4
18966,19401,filler,-13.1477,1,PASS,35,,n,filler,LEMMA;FORM,,MASTER,0,0,0,,,,,0,0,0,ESDB_V0_4
18967,19402,finalized,-13.1477,0,NO_ESDB_GENERAL_EVIDENCE,,,,,,,REJECTED_AUTO,0,0,0,,,,,0,0,0,ESDB_V0_4
18968,19403,flagged,-13.1477,1,PASS,35,,n_v,flag,FORM,,MASTER,0,0,0,,,,,0,0,0,ESDB_V0_4
18969,19404,flanked,-13.1477,1,PASS,35,,n_v,flank,FORM,,MASTER,0,0,0,,,,,0,0,0,ESDB_V0_4
18970,19405,fooling,-13.1477,1,PASS,35,,n_v;aj,fool;fooling,FORM;LEMMA,,MASTER,0,0,0,,,,,0,0,0,ESDB_V0_4
18971,19406,forte,-13.1477,1,PASS,35,,n;aj_av,forte,LEMMA,,MASTER,0,1,0,,fort,,,1,0,0,ESDB_V0_4
18972,19407,frankenstein,-13.1477,0,NOT_EXACT_EN_US,,,,,,,REJECTED_AUTO,0,0,0,,,,,0,0,0,ESDB_V0_4
18973,19408,freezes,-13.1477,1,PASS,35,,n_v,freeze,FORM,,MASTER,0,1,0,,freeze,,,1,0,0,ESDB_V0_4
18974,19409,giggle,-13.1477,1,PASS,35,,n_v,giggle,LEMMA,,MASTER,0,1,1,,,,giggles,0,1,1,ESDB_V0_4
18975,19410,gon,-13.1477,0,NOT_EXACT_EN_US,,,,,,,REJECTED_AUTO,0,0,0,,,,,0,0,0,ESDB_V0_4
18976,19411,graceful,-13.1477,1,PASS,35,,aj,graceful,LEMMA,,MASTER,0,0,0,,,,,0,0,0,ESDB_V0_4
18977,19412,greenwood,-13.1477,1,PASS,60,,n,greenwood,LEMMA,,MASTER,0,0,0,,,,,0,0,0,ESDB_V0_4
18978,19413,grieve,-13.1477,1,PASS,35,,v,grieve,LEMMA,,MASTER,0,0,0,,,,,0,0,0,ESDB_V0_4
18979,19414,gunmen,-13.1477,1,PASS,35,,n,gunman,FORM,,MASTER,0,0,0,,,,,0,0,0,ESDB_V0_4
18980,19415,handgun,-13.1477,1,PASS,40,,n,handgun,LEMMA,,MASTER,0,0,0,,,,,0,0,0,ESDB_V0_4
18981,19416,handwritten,-13.1477,1,PASS,40,,aj,handwritten,LEMMA,,MASTER,0,0,0,,,,,0,0,0,ESDB_V0_4
18982,19417,harms,-13.1477,1,PASS,35,,v,harm,FORM,,MASTER,0,1,1,arms,harm,charms,,2,1,0,ESDB_V0_4
18983,19418,hauling,-13.1477,1,PASS,35,,n_v,haul,FORM,,MASTER,0,0,0,,,,,0,0,0,ESDB_V0_4
18984,19419,hb,-13.1477,0,NOT_EXACT_EN_US,,,,,,,REJECTED_AUTO,0,0,0,,,,,0,0,0,ESDB_V0_4
18985,19420,healer,-13.1477,1,PASS,35,,n,healer,LEMMA,,MASTER,0,0,0,,,,,0,0,0,ESDB_V0_4
18986,19421,heartfelt,-13.1477,1,PASS,35,,aj,heartfelt,LEMMA,,MASTER,0,0,0,,,,,0,0,0,ESDB_V0_4
18987,19422,hereafter,-13.1477,1,PASS,35,,n;av,hereafter,LEMMA,,MASTER,0,1,1,,,thereafter,,0,1,0,ESDB_V0_4
18988,19423,hermann,-13.1477,0,NOT_EXACT_EN_US,,,,,,,REJECTED_AUTO,0,0,0,,,,,0,0,0,ESDB_V0_4
18989,19424,het,-13.1477,0,NOT_EXACT_EN_US,,,,,,,REJECTED_AUTO,0,0,0,,,,,0,0,0,ESDB_V0_4
18990,19425,houghton,-13.1477,0,NOT_EXACT_EN_US,,,,,,,REJECTED_AUTO,0,0,0,,,,,0,0,0,ESDB_V0_4
18991,19426,hurdle,-13.1477,1,PASS,35,,n_v,hurdle,LEMMA,,MASTER,0,1,1,,,,hurdles,0,1,1,ESDB_V0_4
18992,19427,huts,-13.1477,1,PASS,35,,n,hut,FORM,,MASTER,0,1,1,,hut,shuts,,1,1,0,ESDB_V0_4
18993,19428,hyundai,-13.1477,0,NOT_EXACT_EN_US,,,,,,,REJECTED_AUTO,0,0,0,,,,,0,0,0,ESDB_V0_4
18994,19429,ifs,-13.1477,1,PASS,35,,n,if,FORM,,MASTER,0,1,0,,if,,,1,0,0,ESDB_V0_4
18995,19430,inertia,-13.1477,1,PASS,35,,n,inertia,LEMMA,,MASTER,0,0,0,,,,,0,0,0,ESDB_V0_4
18996,19431,intangible,-13.1477,1,PASS,35,,n;aj,intangible,LEMMA,,MASTER,0,0,0,,,,,0,0,0,ESDB_V0_4
18997,19432,inventive,-13.1477,1,PASS,35,,aj,inventive,LEMMA,,MASTER,0,0,0,,,,,0,0,0,ESDB_V0_4
18998,19433,investigates,-13.1477,1,PASS,35,,v,investigate,FORM,,MASTER,0,1,0,,investigate,,,1,0,0,ESDB_V0_4
18999,19434,iraqis,-13.1477,0,NOT_EXACT_EN_US,,,,,,,REJECTED_AUTO,0,0,0,,,,,0,0,0,ESDB_V0_4
19000,19435,irons,-13.1477,1,PASS,35,,n_v,iron,FORM,,MASTER,0,1,0,,iron,,,1,0,0,ESDB_V0_4
19001,19436,jock,-13.1477,1,PASS,40,50,n,jock,LEMMA,,MASTER,0,0,0,,,,,0,0,0,ESDB_V0_4
19002,19437,josephine,-13.1477,0,NOT_EXACT_EN_US,,,,,,,REJECTED_AUTO,0,0,0,,,,,0,0,0,ESDB_V0_4
19003,19438,jumpers,-13.1477,1,PASS,35,,n,jumper,FORM,,MASTER,0,1,0,,jumper,,,1,0,0,ESDB_V0_4
19004,19439,junta,-13.1477,1,PASS,35,,n,junta,LEMMA,,MASTER,0,0,0,,,,,0,0,0,ESDB_V0_4
19005,19440,kale,-13.1477,1,PASS,50,,n,kale,LEMMA,,MASTER,0,1,0,ale,,,,1,0,0,ESDB_V0_4
19006,19441,laborers,-13.1477,1,PASS,35,,n,laborer,FORM,,MASTER,0,0,0,,,,,0,0,0,ESDB_V0_4
19007,19442,labourers,-13.1477,0,NOT_EXACT_EN_US,,,,,,,REJECTED_AUTO,0,0,0,,,,,0,0,0,ESDB_V0_4
19008,19443,lausanne,-13.1477,0,NOT_EXACT_EN_US,,,,,,,REJECTED_AUTO,0,0,0,,,,,0,0,0,ESDB_V0_4
19009,19444,leaned,-13.1477,1,PASS,35,,v,lean,FORM,,MASTER,0,1,1,,,cleaned,,0,1,0,ESDB_V0_4
19010,19445,levin,-13.1477,0,NOT_EXACT_EN_US,,,,,,,REJECTED_AUTO,0,0,0,,,,,0,0,0,ESDB_V0_4
19011,19446,liberate,-13.1477,1,PASS,35,,v,liberate,LEMMA,,MASTER,0,1,1,,,,liberated,0,1,1,ESDB_V0_4
19012,19447,linger,-13.1477,1,PASS,35,,v,linger,LEMMA,,MASTER,0,0,0,,,,,0,0,0,ESDB_V0_4
19013,19448,lobbyists,-13.1477,1,PASS,35,,n,lobbyist,FORM,,MASTER,0,0,0,,,,,0,0,0,ESDB_V0_4
19014,19449,ly,-13.1477,0,NOT_EXACT_EN_US,,,,,,,REJECTED_AUTO,0,0,0,,,,,0,0,0,ESDB_V0_4
19015,19450,mace,-13.1477,1,PASS,35,40,n_v,mace,LEMMA,,MASTER,0,1,0,ace,,,,1,0,0,ESDB_V0_4
19016,19451,macho,-13.1477,1,PASS,35,,n;aj,macho,LEMMA,,MASTER,0,0,0,,,,,0,0,0,ESDB_V0_4
19017,19452,makin,-13.1477,0,NOT_EXACT_EN_US,,,,,,,REJECTED_AUTO,0,0,0,,,,,0,0,0,ESDB_V0_4
19018,19455,mcgee,-13.1477,0,NOT_EXACT_EN_US,,,,,,,REJECTED_AUTO,0,0,0,,,,,0,0,0,ESDB_V0_4
19019,19456,mechanically,-13.1477,1,PASS,35,,av,mechanically,LEMMA,,MASTER,0,0,0,,,,,0,0,0,ESDB_V0_4
19020,19457,meek,-13.1477,1,PASS,35,,aj,meek,LEMMA,,MASTER,0,0,0,,,,,0,0,0,ESDB_V0_4
19021,19458,milestones,-13.1477,1,PASS,35,,n,milestone,FORM,,MASTER,0,1,0,,milestone,,,1,0,0,ESDB_V0_4
19022,19459,monastic,-13.1477,1,PASS,35,,n;aj,monastic,LEMMA,,MASTER,0,0,0,,,,,0,0,0,ESDB_V0_4
19023,19460,motherfuckers,-13.1477,1,PASS,40,,n,motherfucker,FORM,vulgar-1,MASTER,0,1,0,,motherfucker,,,1,0,0,ESDB_V0_4
19024,19461,muir,-13.1477,0,NOT_EXACT_EN_US,,,,,,,REJECTED_AUTO,0,0,0,,,,,0,0,0,ESDB_V0_4
19025,19462,mutants,-13.1477,1,PASS,35,,n,mutant,FORM,,MASTER,0,1,0,,mutant,,,1,0,0,ESDB_V0_4
19026,19463,myspace,-13.1477,0,NOT_EXACT_EN_US,,,,,,,REJECTED_AUTO,0,0,0,,,,,0,0,0,ESDB_V0_4
19027,19465,napoli,-13.1477,0,NOT_EXACT_EN_US,,,,,,,REJECTED_AUTO,0,0,0,,,,,0,0,0,ESDB_V0_4
19028,19467,nguyen,-13.1477,0,NOT_EXACT_EN_US,,,,,,,REJECTED_AUTO,0,0,0,,,,,0,0,0,ESDB_V0_4
19029,19468,nye,-13.1477,0,NOT_EXACT_EN_US,,,,,,,REJECTED_AUTO,0,0,0,,,,,0,0,0,ESDB_V0_4
19030,19471,org,-13.1477,0,NO_ESDB_GENERAL_EVIDENCE,,,,,,,REJECTED_AUTO,0,0,0,,,,,0,0,0,ESDB_V0_4
19031,19472,ortiz,-13.1477,0,NOT_EXACT_EN_US,,,,,,,REJECTED_AUTO,0,0,0,,,,,0,0,0,ESDB_V0_4
19032,19473,pacers,-13.1477,1,PASS,60,,n,pacer,FORM,,MASTER,0,0,0,,,,,0,0,0,ESDB_V0_4
19033,19474,pamphlets,-13.1477,1,PASS,35,,n,pamphlet,FORM,,MASTER,0,1,0,,pamphlet,,,1,0,0,ESDB_V0_4
19034,19475,pancake,-13.1477,1,PASS,35,,n_v,pancake,LEMMA,,MASTER,0,1,1,,,,pancakes,0,1,1,ESDB_V0_4
19035,19476,panoramic,-13.1477,1,PASS,35,,aj,panoramic,LEMMA,,MASTER,0,0,0,,,,,0,0,0,ESDB_V0_4
19036,19477,parenthood,-13.1477,1,PASS,35,,n,parenthood,LEMMA,,MASTER,0,0,0,,,,,0,0,0,ESDB_V0_4
19037,19478,partnering,-13.1477,1,PASS,35,,n_v,partner,FORM,,MASTER,0,0,0,,,,,0,0,0,ESDB_V0_4
19038,19479,pedigree,-13.1477,1,PASS,35,,n;aj,pedigree,LEMMA,,MASTER,0,0,0,,,,,0,0,0,ESDB_V0_4
19039,19480,penetrated,-13.1477,1,PASS,35,,v,penetrate,FORM,,MASTER,0,1,0,,penetrate,,,1,0,0,ESDB_V0_4
19040,19481,penned,-13.1477,1,PASS,35,,v,pen,FORM,,MASTER,0,0,0,,,,,0,0,0,ESDB_V0_4
19041,19482,perfected,-13.1477,1,PASS,35,,n_v,perfect,FORM,,MASTER,0,0,0,,,,,0,0,0,ESDB_V0_4
19042,19483,pharmacist,-13.1477,1,PASS,35,,n,pharmacist,LEMMA,,MASTER,0,0,0,,,,,0,0,0,ESDB_V0_4
19043,19484,phoned,-13.1477,1,PASS,35,,n_v,phone,FORM,,MASTER,0,1,0,,phone,,,1,0,0,ESDB_V0_4
19044,19485,pizzas,-13.1477,1,PASS,35,,n,pizza,FORM,,MASTER,0,1,0,,pizza,,,1,0,0,ESDB_V0_4
19045,19486,pk,-13.1477,0,NO_ESDB_GENERAL_EVIDENCE,,,,,,,REJECTED_AUTO,0,0,0,,,,,0,0,0,ESDB_V0_4
19046,19487,playable,-13.1477,1,PASS,35,,aj,playable,LEMMA,,MASTER,0,0,0,,,,,0,0,0,ESDB_V0_4
19047,19488,pol,-13.1477,1,PASS,50,,n,pol,LEMMA,,MASTER,0,1,1,,,,pole;poll;polo;poly,0,4,0,ESDB_V0_4
19048,19489,prefecture,-13.1477,1,PASS,50,,n,prefecture,LEMMA,,MASTER,0,0,0,,,,,0,0,0,ESDB_V0_4
19049,19490,prerequisite,-13.1477,1,PASS,35,,n;aj,prerequisite,LEMMA,,MASTER,0,0,0,,,,,0,0,0,ESDB_V0_4
19050,19491,pretends,-13.1477,1,PASS,35,,v,pretend,FORM,,MASTER,0,1,0,,pretend,,,1,0,0,ESDB_V0_4
19051,19492,primaries,-13.1477,1,PASS,35,,n,primary,FORM,,MASTER,0,0,0,,,,,0,0,0,ESDB_V0_4
19052,19493,prognosis,-13.1477,1,PASS,35,,n,prognosis,LEMMA,,MASTER,0,0,0,,,,,0,0,0,ESDB_V0_4
19053,19494,prototypes,-13.1477,1,PASS,35,,n,prototype,FORM,,MASTER,0,1,0,,prototype,,,1,0,0,ESDB_V0_4
19054,19495,psp,-13.1477,0,NOT_EXACT_EN_US,,,,,,,REJECTED_AUTO,0,0,0,,,,,0,0,0,ESDB_V0_4
19055,19496,pursuits,-13.1477,1,PASS,35,,n,pursuit,FORM,,MASTER,0,1,0,,pursuit,,,1,0,0,ESDB_V0_4
19056,19497,rags,-13.1477,1,PASS,35,,n_v,rag,FORM,,MASTER,0,1,0,,rag,,,1,0,0,ESDB_V0_4
19057,19498,raiding,-13.1477,1,PASS,35,,n_v;aj,raid;raiding,FORM;LEMMA,,MASTER,0,1,0,aiding,,,,1,0,0,ESDB_V0_4
19058,19499,ramifications,-13.1477,1,PASS,35,,n,ramification,FORM,,MASTER,0,0,0,,,,,0,0,0,ESDB_V0_4
19059,19500,realistically,-13.1477,1,PASS,35,,av,realistically,LEMMA,,MASTER,0,0,0,,,,,0,0,0,ESDB_V0_4
19060,19501,recollection,-13.1477,1,PASS,35,,n,recollection,LEMMA,,MASTER,0,0,0,,,,,0,0,0,ESDB_V0_4
19061,19502,reconciled,-13.1477,1,PASS,35,,v;aj,reconcile;reconciled,FORM;LEMMA,,MASTER,0,1,0,,reconcile,,,1,0,0,ESDB_V0_4
19062,19503,regal,-13.1477,1,PASS,35,,aj,regal,LEMMA,,MASTER,0,0,0,,,,,0,0,0,ESDB_V0_4
19063,19504,ren,-13.1477,0,NOT_EXACT_EN_US,,,,,,,REJECTED_AUTO,0,0,0,,,,,0,0,0,ESDB_V0_4
19064,19505,renounce,-13.1477,1,PASS,35,,v,renounce,LEMMA,,MASTER,0,0,0,,,,,0,0,0,ESDB_V0_4
19065,19506,rescuing,-13.1477,1,PASS,35,,n_v,rescue,FORM,,MASTER,0,0,0,,,,,0,0,0,ESDB_V0_4
19066,19507,rollers,-13.1477,1,PASS,35,,n,roller,FORM,,MASTER,0,1,0,,roller,,,1,0,0,ESDB_V0_4
19067,19508,rooster,-13.1477,1,PASS,35,,n,rooster,LEMMA,,MASTER,0,0,0,,,,,0,0,0,ESDB_V0_4
19068,19509,rubio,-13.1477,0,NOT_EXACT_EN_US,,,,,,,REJECTED_AUTO,0,0,0,,,,,0,0,0,ESDB_V0_4
19069,19510,rufus,-13.1477,0,NOT_EXACT_EN_US,,,,,,,REJECTED_AUTO,0,0,0,,,,,0,0,0,ESDB_V0_4
19070,19511,runways,-13.1477,1,PASS,35,,n,runway,FORM,,MASTER,0,1,0,,runway,,,1,0,0,ESDB_V0_4
19071,19512,saline,-13.1477,1,PASS,50,,n;aj,saline,LEMMA,,MASTER,0,0,0,,,,,0,0,0,ESDB_V0_4
19072,19513,sant,-13.1477,0,NOT_EXACT_EN_US,,,,,,,REJECTED_AUTO,0,0,0,,,,,0,0,0,ESDB_V0_4
19073,19514,sausages,-13.1477,1,PASS,35,,n,sausage,FORM,,MASTER,0,1,0,,sausage,,,1,0,0,ESDB_V0_4
19074,19515,scandinavia,-13.1477,0,NOT_EXACT_EN_US,,,,,,,REJECTED_AUTO,0,0,0,,,,,0,0,0,ESDB_V0_4
19075,19516,scarred,-13.1477,1,PASS,35,,n_v,scar,FORM,,MASTER,0,0,0,,,,,0,0,0,ESDB_V0_4
19076,19517,shaded,-13.1477,1,PASS,35,,n_v;aj,shade;shaded,FORM;LEMMA,,MASTER,0,1,0,,shade,,,1,0,0,ESDB_V0_4
19077,19518,shiva,-13.1477,0,NOT_EXACT_EN_US,,,,,,,REJECTED_AUTO,0,0,0,,,,,0,0,0,ESDB_V0_4
19078,19519,sighting,-13.1477,1,PASS,35,,n_v;n,sight;sighting,FORM;LEMMA,,MASTER,0,0,0,,,,,0,0,0,ESDB_V0_4
19079,19520,simmer,-13.1477,1,PASS,35,,n_v,simmer,LEMMA,,MASTER,0,0,0,,,,,0,0,0,ESDB_V0_4
19080,19521,simplistic,-13.1477,1,PASS,35,,aj,simplistic,LEMMA,,MASTER,0,0,0,,,,,0,0,0,ESDB_V0_4
19081,19522,smithsonian,-13.1477,0,NOT_EXACT_EN_US,,,,,,,REJECTED_AUTO,0,0,0,,,,,0,0,0,ESDB_V0_4
19082,19523,sparkle,-13.1477,1,PASS,35,,n_v,sparkle,LEMMA,,MASTER,0,0,0,,,,,0,0,0,ESDB_V0_4
19083,19524,spawn,-13.1477,1,PASS,35,,n_v,spawn,LEMMA,,MASTER,0,1,0,pawn,,,,1,0,0,ESDB_V0_4
19084,19525,spills,-13.1477,1,PASS,35,,n_v,spill,FORM,,MASTER,0,1,0,pills,spill,,,2,0,0,ESDB_V0_4
19085,19526,standalone,-13.1477,1,PASS,60,,a,standalone,LEMMA,,MASTER,0,0,0,,,,,0,0,0,ESDB_V0_4
19086,19527,stares,-13.1477,1,PASS,35,,n_v,stare,FORM,,MASTER,0,1,0,,stare,,,1,0,0,ESDB_V0_4
19087,19528,stormed,-13.1477,1,PASS,35,,n_v,storm,FORM,,MASTER,0,0,0,,,,,0,0,0,ESDB_V0_4
19088,19529,strata,-13.1477,1,PASS,35,,n,stratum,FORM,,MASTER,0,0,0,,,,,0,0,0,ESDB_V0_4
19089,19530,stratford,-13.1477,0,NOT_EXACT_EN_US,,,,,,,REJECTED_AUTO,0,0,0,,,,,0,0,0,ESDB_V0_4
19090,19531,superheroes,-13.1477,1,PASS,60,,n,superhero,FORM,,MASTER,0,0,0,,,,,0,0,0,ESDB_V0_4
19091,19532,swimmers,-13.1477,1,PASS,40,,n,swimmer,FORM,,MASTER,0,1,0,,swimmer,,,1,0,0,ESDB_V0_4
19092,19533,tart,-13.1477,1,PASS,35,,n;aj,tart,LEMMA,,MASTER,0,1,1,art,tar,start,,2,1,0,ESDB_V0_4
19093,19534,tcp,-13.1477,0,NOT_EXACT_EN_US,,,,,,,REJECTED_AUTO,0,0,0,,,,,0,0,0,ESDB_V0_4
19094,19535,tending,-13.1477,1,PASS,35,,v;n;aj,tend;tending,FORM;LEMMA,,MASTER,0,1,0,ending,,,,1,0,0,ESDB_V0_4
19095,19536,thankyou,-13.1477,0,NOT_EXACT_EN_US,,,,,,,REJECTED_AUTO,0,0,0,,,,,0,0,0,ESDB_V0_4
19096,19537,thorpe,-13.1477,0,NOT_EXACT_EN_US,,,,,,,REJECTED_AUTO,0,0,0,,,,,0,0,0,ESDB_V0_4
19097,19538,tightened,-13.1477,1,PASS,35,,v,tighten,FORM,,MASTER,0,0,0,,,,,0,0,0,ESDB_V0_4
19098,19539,tinder,-13.1477,1,PASS,35,,n,tinder,LEMMA,,MASTER,0,0,0,,,,,0,0,0,ESDB_V0_4
19099,19540,tortoise,-13.1477,1,PASS,35,,n,tortoise,LEMMA,,MASTER,0,0,0,,,,,0,0,0,ESDB_V0_4
19100,19541,tout,-13.1477,1,PASS,40,,n_v,tout,LEMMA,,MASTER,0,1,1,out,,stout,,1,1,0,ESDB_V0_4
19101,19542,transnational,-13.1477,1,PASS,50,,n;aj,transnational,LEMMA,,MASTER,0,0,0,,,,,0,0,0,ESDB_V0_4
19102,19543,treadmill,-13.1477,1,PASS,35,,n,treadmill,LEMMA,,MASTER,0,0,0,,,,,0,0,0,ESDB_V0_4
19103,19544,trident,-13.1477,1,PASS,40,50,n;a,trident,LEMMA,,MASTER,0,0,0,,,,,0,0,0,ESDB_V0_4
19104,19545,tsa,-13.1477,0,NOT_EXACT_EN_US,,,,,,,REJECTED_AUTO,0,0,0,,,,,0,0,0,ESDB_V0_4
19105,19546,tsar,-13.1477,0,NOT_EXACT_EN_US,,,,,,,REJECTED_AUTO,0,0,0,,,,,0,0,0,ESDB_V0_4
19106,19547,turnaround,-13.1477,1,PASS,35,,n,turnaround,LEMMA,,MASTER,0,0,0,,,,,0,0,0,ESDB_V0_4
19107,19548,unbeaten,-13.1477,1,PASS,40,,aj,unbeaten,LEMMA,,MASTER,0,0,0,,,,,0,0,0,ESDB_V0_4
19108,19549,uncanny,-13.1477,1,PASS,35,,aj,uncanny,LEMMA,,MASTER,0,0,0,,,,,0,0,0,ESDB_V0_4
19109,19550,unexplained,-13.1477,1,PASS,35,,aj,unexplained,LEMMA,,MASTER,0,0,0,,,,,0,0,0,ESDB_V0_4
19110,19551,unfairly,-13.1477,1,PASS,35,,av,unfairly,LEMMA,,MASTER,0,0,0,,,,,0,0,0,ESDB_V0_4
19111,19552,upsets,-13.1477,1,PASS,35,,n_v,upset,FORM,,MASTER,0,1,0,,upset,,,1,0,0,ESDB_V0_4
19112,19553,venerable,-13.1477,1,PASS,35,,aj,venerable,LEMMA,,MASTER,0,0,0,,,,,0,0,0,ESDB_V0_4
19113,19554,versatility,-13.1477,1,PASS,35,,n,versatility,LEMMA,,MASTER,0,0,0,,,,,0,0,0,ESDB_V0_4
19114,19555,visuals,-13.1477,1,PASS,35,,n,visual,FORM,,MASTER,0,1,0,,visual,,,1,0,0,ESDB_V0_4
19115,19556,wasp,-13.1477,1,PASS,35,40,n,wasp,LEMMA,,MASTER,0,1,1,,was,,wasps,1,1,1,ESDB_V0_4
19116,19557,weirdest,-13.1477,1,PASS,35,,aj,weird,FORM,,MASTER,0,0,0,,,,,0,0,0,ESDB_V0_4
19117,19558,widen,-13.1477,1,PASS,35,,v,widen,LEMMA,,MASTER,0,1,0,,wide,,,1,0,0,ESDB_V0_4
19118,19559,winnie,-13.1477,0,NOT_EXACT_EN_US,,,,,,,REJECTED_AUTO,0,0,0,,,,,0,0,0,ESDB_V0_4
19119,19560,wto,-13.1477,0,NOT_EXACT_EN_US,,,,,,,REJECTED_AUTO,0,0,0,,,,,0,0,0,ESDB_V0_4
19120,19564,abrams,-13.1684,0,NOT_EXACT_EN_US,,,,,,,REJECTED_AUTO,0,0,0,,,,,0,0,0,ESDB_V0_4
19121,19565,acknowledgement,-13.1684,0,NOT_EXACT_EN_US,,,,,,,REJECTED_AUTO,0,0,0,,,,,0,0,0,ESDB_V0_4
19122,19566,afloat,-13.1684,1,PASS,35,,aj,afloat,LEMMA,,MASTER,0,1,0,float,,,,1,0,0,ESDB_V0_4
19123,19567,alleging,-13.1684,1,PASS,35,,v,allege,FORM,,MASTER,0,0,0,,,,,0,0,0,ESDB_V0_4
19124,19568,amends,-13.1684,1,PASS,35,,v,amend,FORM,,MASTER,0,1,0,,amend,,,1,0,0,ESDB_V0_4
19125,19569,amplified,-13.1684,1,PASS,35,,v,amplify,FORM,,MASTER,0,0,0,,,,,0,0,0,ESDB_V0_4
19126,19570,analysing,-13.1684,0,NOT_EXACT_EN_US,,,,,,,REJECTED_AUTO,0,0,0,,,,,0,0,0,ESDB_V0_4
19127,19571,analytic,-13.1684,1,PASS,35,,aj,analytic,LEMMA,,MASTER,0,1,1,,,,analytics,0,1,0,ESDB_V0_4
19128,19572,andrei,-13.1684,0,NOT_EXACT_EN_US,,,,,,,REJECTED_AUTO,0,0,0,,,,,0,0,0,ESDB_V0_4
19129,19573,antics,-13.1684,1,PASS,50,,n,antic,FORM,,MASTER,0,0,0,,,,,0,0,0,ESDB_V0_4
19130,19574,ardent,-13.1684,1,PASS,35,,aj,ardent,LEMMA,,MASTER,0,0,0,,,,,0,0,0,ESDB_V0_4
19131,19575,artworks,-13.1684,1,PASS,40,,n,artwork,FORM,,MASTER,0,1,0,,artwork,,,1,0,0,ESDB_V0_4
19132,19576,aspen,-13.1684,1,PASS,35,50,n,aspen,LEMMA,,MASTER,0,0,0,,,,,0,0,0,ESDB_V0_4
19133,19577,assent,-13.1684,1,PASS,35,,n_v,assent,LEMMA,,MASTER,0,0,0,,,,,0,0,0,ESDB_V0_4
19134,19578,assorted,-13.1684,1,PASS,35,,v;aj,assort;assorted,FORM;LEMMA,,MASTER,0,0,0,,,,,0,0,0,ESDB_V0_4
19135,19579,athena,-13.1684,0,NOT_EXACT_EN_US,,,,,,,REJECTED_AUTO,0,0,0,,,,,0,0,0,ESDB_V0_4
19136,19580,att,-13.1684,0,NOT_EXACT_EN_US,,,,,,,REJECTED_AUTO,0,0,0,,,,,0,0,0,ESDB_V0_4
19137,19581,attainment,-13.1684,1,PASS,35,,n,attainment,LEMMA,,MASTER,0,0,0,,,,,0,0,0,ESDB_V0_4
19138,19582,avenge,-13.1684,1,PASS,35,,v,avenge,LEMMA,,MASTER,0,0,0,,,,,0,0,0,ESDB_V0_4
19139,19583,bah,-13.1684,1,PASS,50,,i,bah,LEMMA,,MASTER,0,1,0,ah,,,,1,0,0,ESDB_V0_4
19140,19584,bartlett,-13.1684,0,NOT_EXACT_EN_US,,,,,,,REJECTED_AUTO,0,0,0,,,,,0,0,0,ESDB_V0_4
19141,19585,bei,-13.1684,0,NOT_EXACT_EN_US,,,,,,,REJECTED_AUTO,0,0,0,,,,,0,0,0,ESDB_V0_4
19142,19586,bethany,-13.1684,0,NOT_EXACT_EN_US,,,,,,,REJECTED_AUTO,0,0,0,,,,,0,0,0,ESDB_V0_4
19143,19587,biologically,-13.1684,1,PASS,35,,av,biologically,LEMMA,,MASTER,0,0,0,,,,,0,0,0,ESDB_V0_4
19144,19588,blaine,-13.1684,0,NOT_EXACT_EN_US,,,,,,,REJECTED_AUTO,0,0,0,,,,,0,0,0,ESDB_V0_4
19145,19589,blindly,-13.1684,1,PASS,35,,av,blindly,LEMMA,,MASTER,0,0,0,,,,,0,0,0,ESDB_V0_4
19146,19590,blossoms,-13.1684,1,PASS,35,,n_v,blossom,FORM,,MASTER,0,1,0,,blossom,,,1,0,0,ESDB_V0_4
19147,19591,boating,-13.1684,1,PASS,35,,n_v;n,boat;boating,FORM;LEMMA,,MASTER,0,0,0,,,,,0,0,0,ESDB_V0_4
19148,19592,bog,-13.1684,1,PASS,35,,n_v,bog,LEMMA,,MASTER,0,0,0,,,,,0,0,0,ESDB_V0_4
19149,19593,booths,-13.1684,1,PASS,35,,n,booth,FORM,,MASTER,0,1,0,,booth,,,1,0,0,ESDB_V0_4
19150,19594,bop,-13.1684,1,PASS,35,,n;v,bop,LEMMA,,MASTER,0,1,0,op,,,,1,0,0,ESDB_V0_4
19151,19595,botswana,-13.1684,0,NOT_EXACT_EN_US,,,,,,,REJECTED_AUTO,0,0,0,,,,,0,0,0,ESDB_V0_4
19152,19596,buggy,-13.1684,1,PASS,35,,n;aj,buggy,LEMMA,,MASTER,0,0,0,,,,,0,0,0,ESDB_V0_4
19153,19597,caitlin,-13.1684,0,NOT_EXACT_EN_US,,,,,,,REJECTED_AUTO,0,0,0,,,,,0,0,0,ESDB_V0_4
19154,19599,canine,-13.1684,1,PASS,35,,n;aj,canine,LEMMA,,MASTER,0,0,0,,,,,0,0,0,ESDB_V0_4
19155,19600,captives,-13.1684,1,PASS,35,,n,captive,FORM,,MASTER,0,1,0,,captive,,,1,0,0,ESDB_V0_4
19156,19601,carnage,-13.1684,1,PASS,35,,n,carnage,LEMMA,,MASTER,0,0,0,,,,,0,0,0,ESDB_V0_4
19157,19602,cello,-13.1684,1,PASS,35,,n,cello,LEMMA,,MASTER,0,1,0,,cell,,,1,0,0,ESDB_V0_4
19158,19603,centennial,-13.1684,1,PASS,35,,n;aj,centennial,LEMMA,,MASTER,0,0,0,,,,,0,0,0,ESDB_V0_4
19159,19604,chiang,-13.1684,0,NOT_EXACT_EN_US,,,,,,,REJECTED_AUTO,0,0,0,,,,,0,0,0,ESDB_V0_4
19160,19605,closures,-13.1684,1,PASS,35,,n,closure,FORM,,MASTER,0,1,0,,closure,,,1,0,0,ESDB_V0_4
19161,19606,codex,-13.1684,1,PASS,50,,n,codex,LEMMA,,MASTER,0,1,0,,code,,,1,0,0,ESDB_V0_4
19162,19607,combating,-13.1684,1,PASS,35,,n_v,combat,FORM,,MASTER,0,0,0,,,,,0,0,0,ESDB_V0_4
19163,19608,commandant,-13.1684,1,PASS,35,,n,commandant,LEMMA,,MASTER,0,0,0,,,,,0,0,0,ESDB_V0_4
19164,19609,conduit,-13.1684,1,PASS,50,,n,conduit,LEMMA,,MASTER,0,0,0,,,,,0,0,0,ESDB_V0_4
19165,19610,confederacy,-13.1684,1,PASS,35,40,n,confederacy,LEMMA,,MASTER,0,0,0,,,,,0,0,0,ESDB_V0_4
19166,19611,conglomerate,-13.1684,1,PASS,35,,n_v;aj,conglomerate,LEMMA,,MASTER,0,0,0,,,,,0,0,0,ESDB_V0_4
19167,19612,conscientious,-13.1684,1,PASS,35,,aj,conscientious,LEMMA,,MASTER,0,0,0,,,,,0,0,0,ESDB_V0_4
19168,19613,corona,-13.1684,1,PASS,50,,n,corona,LEMMA,,MASTER,0,0,0,,,,,0,0,0,ESDB_V0_4
19169,19614,cringe,-13.1684,1,PASS,35,,n_v,cringe,LEMMA,,MASTER,0,0,0,,,,,0,0,0,ESDB_V0_4
19170,19615,csi,-13.1684,0,NOT_EXACT_EN_US,,,,,,,REJECTED_AUTO,0,0,0,,,,,0,0,0,ESDB_V0_4
19171,19616,cullen,-13.1684,0,NOT_EXACT_EN_US,,,,,,,REJECTED_AUTO,0,0,0,,,,,0,0,0,ESDB_V0_4
19172,19617,dank,-13.1684,1,PASS,35,,aj,dank,LEMMA,,MASTER,0,0,0,,,,,0,0,0,ESDB_V0_4
19173,19618,denounce,-13.1684,1,PASS,35,,v,denounce,LEMMA,,MASTER,0,1,1,,,,denounced,0,1,1,ESDB_V0_4
19174,19619,deposed,-13.1684,0,NO_ESDB_GENERAL_EVIDENCE,,,,,,,REJECTED_AUTO,0,0,0,,,,,0,0,0,ESDB_V0_4
19175,19620,deviations,-13.1684,1,PASS,35,,n,deviation,FORM,,MASTER,0,1,0,,deviation,,,1,0,0,ESDB_V0_4
19176,19621,devolution,-13.1684,1,PASS,35,,n,devolution,LEMMA,,MASTER,0,1,0,evolution,,,,1,0,0,ESDB_V0_4
19177,19622,dharma,-13.1684,0,SPECIAL_ONLY,50,,n,dharma,LEMMA,,REJECTED_AUTO,0,0,0,,,,,0,0,0,ESDB_V0_4
19178,19623,diffuse,-13.1684,1,PASS,35,,v;aj,diffuse,LEMMA,,MASTER,0,0,0,,,,,0,0,0,ESDB_V0_4
19179,19624,dignified,-13.1684,1,PASS,35,,aj;v,dignified;dignify,LEMMA;FORM,,MASTER,0,0,0,,,,,0,0,0,ESDB_V0_4
19180,19625,dino,-13.1684,0,NOT_EXACT_EN_US,,,,,,,REJECTED_AUTO,0,0,0,,,,,0,0,0,ESDB_V0_4
19181,19626,directives,-13.1684,1,PASS,35,,n,directive,FORM,,MASTER,0,1,0,,directive,,,1,0,0,ESDB_V0_4
19182,19627,disclosures,-13.1684,1,PASS,35,,n,disclosure,FORM,,MASTER,0,1,0,,disclosure,,,1,0,0,ESDB_V0_4
19183,19628,disdain,-13.1684,1,PASS,35,,n;v,disdain,LEMMA,,MASTER,0,0,0,,,,,0,0,0,ESDB_V0_4
19184,19629,dismal,-13.1684,1,PASS,35,,aj,dismal,LEMMA,,MASTER,0,0,0,,,,,0,0,0,ESDB_V0_4
19185,19630,distinguishes,-13.1684,1,PASS,35,,v,distinguish,FORM,,MASTER,0,0,0,,,,,0,0,0,ESDB_V0_4
19186,19631,dives,-13.1684,1,PASS,35,,n_v,dive,FORM,,MASTER,0,1,0,,dive,,,1,0,0,ESDB_V0_4
19187,19632,docking,-13.1684,1,PASS,35,,n_v,dock,FORM,,MASTER,0,0,0,,,,,0,0,0,ESDB_V0_4
19188,19633,downright,-13.1684,1,PASS,35,,aj_av,downright,LEMMA,,MASTER,0,0,0,,,,,0,0,0,ESDB_V0_4
19189,19634,dreamer,-13.1684,1,PASS,35,,n,dreamer,LEMMA,,MASTER,0,0,0,,,,,0,0,0,ESDB_V0_4
19190,19635,durban,-13.1684,0,NOT_EXACT_EN_US,,,,,,,REJECTED_AUTO,0,0,0,,,,,0,0,0,ESDB_V0_4
19191,19637,eastwood,-13.1684,0,NOT_EXACT_EN_US,,,,,,,REJECTED_AUTO,0,0,0,,,,,0,0,0,ESDB_V0_4
19192,19638,emit,-13.1684,1,PASS,35,,v,emit,LEMMA,,MASTER,0,0,0,,,,,0,0,0,ESDB_V0_4
19193,19639,estrogen,-13.1684,1,PASS,40,,n,estrogen,LEMMA,,MASTER,0,0,0,,,,,0,0,0,ESDB_V0_4
19194,19640,ethel,-13.1684,0,NOT_EXACT_EN_US,,,,,,,REJECTED_AUTO,0,0,0,,,,,0,0,0,ESDB_V0_4
19195,19641,evergreen,-13.1684,1,PASS,35,,n;aj,evergreen,LEMMA,,MASTER,0,0,0,,,,,0,0,0,ESDB_V0_4
19196,19642,excursions,-13.1684,1,PASS,35,,n,excursion,FORM,,MASTER,0,1,0,,excursion,,,1,0,0,ESDB_V0_4
19197,19643,expel,-13.1684,1,PASS,35,,v,expel,LEMMA,,MASTER,0,0,0,,,,,0,0,0,ESDB_V0_4
19198,19644,experimented,-13.1684,1,PASS,35,,n_v,experiment,FORM,,MASTER,0,0,0,,,,,0,0,0,ESDB_V0_4
19199,19645,fairies,-13.1684,1,PASS,35,,n,fairy,FORM,,MASTER,0,0,0,,,,,0,0,0,ESDB_V0_4
19200,19646,fiasco,-13.1684,1,PASS,35,,n,fiasco,LEMMA,,MASTER,0,0,0,,,,,0,0,0,ESDB_V0_4
19201,19647,fictitious,-13.1684,1,PASS,35,,aj,fictitious,LEMMA,,MASTER,0,0,0,,,,,0,0,0,ESDB_V0_4
19202,19648,fide,-13.1684,0,NOT_EXACT_EN_US,,,,,,,REJECTED_AUTO,0,0,0,,,,,0,0,0,ESDB_V0_4
19203,19649,fingertips,-13.1684,1,PASS,35,,n,fingertip,FORM,,MASTER,0,0,0,,,,,0,0,0,ESDB_V0_4
19204,19650,flares,-13.1684,1,PASS,35,,n_v,flare,FORM,,MASTER,0,1,0,,flare,,,1,0,0,ESDB_V0_4
19205,19651,flashbacks,-13.1684,1,PASS,35,,n,flashback,FORM,,MASTER,0,1,0,,flashback,,,1,0,0,ESDB_V0_4
19206,19652,flourishing,-13.1684,1,PASS,35,,n_v;aj,flourish;flourishing,FORM;LEMMA,,MASTER,0,0,0,,,,,0,0,0,ESDB_V0_4
19207,19653,formative,-13.1684,1,PASS,35,,aj,formative,LEMMA,,MASTER,0,0,0,,,,,0,0,0,ESDB_V0_4
19208,19654,fresno,-13.1684,0,NOT_EXACT_EN_US,,,,,,,REJECTED_AUTO,0,0,0,,,,,0,0,0,ESDB_V0_4
19209,19655,frontline,-13.1684,1,PASS,60,,aj,frontline,LEMMA,,MASTER,0,0,0,,,,,0,0,0,ESDB_V0_4
19210,19656,fudge,-13.1684,1,PASS,35,,n;v;i,fudge,LEMMA,,MASTER,0,0,0,,,,,0,0,0,ESDB_V0_4
19211,19657,fundamentalist,-13.1684,1,PASS,35,,n;aj,fundamentalist,LEMMA,,MASTER,0,0,0,,,,,0,0,0,ESDB_V0_4
19212,19658,furnishings,-13.1684,1,PASS,35,,n,furnishings,LEMMA,,MASTER,0,0,0,,,,,0,0,0,ESDB_V0_4
19213,19659,fuselage,-13.1684,1,PASS,35,,n,fuselage,LEMMA,,MASTER,0,0,0,,,,,0,0,0,ESDB_V0_4
19214,19660,garnered,-13.1684,1,PASS,50,,v,garner,FORM,,MASTER,0,0,0,,,,,0,0,0,ESDB_V0_4
19215,19661,gastrointestinal,-13.1684,1,PASS,50,,aj,gastrointestinal,LEMMA,,MASTER,0,0,0,,,,,0,0,0,ESDB_V0_4
19216,19662,genera,-13.1684,1,PASS,35,,n,genus,FORM,,MASTER,0,1,1,,,,general,0,1,0,ESDB_V0_4
19217,19663,generalization,-13.1684,1,PASS,35,,n,generalization,LEMMA,,MASTER,0,0,0,,,,,0,0,0,ESDB_V0_4
19218,19664,gideon,-13.1684,0,NOT_EXACT_EN_US,,,,,,,REJECTED_AUTO,0,0,0,,,,,0,0,0,ESDB_V0_4
19219,19665,giorgio,-13.1684,0,NOT_EXACT_EN_US,,,,,,,REJECTED_AUTO,0,0,0,,,,,0,0,0,ESDB_V0_4
19220,19666,glaring,-13.1684,1,PASS,35,,n_v;aj,glare;glaring,FORM;LEMMA,,MASTER,0,0,0,,,,,0,0,0,ESDB_V0_4
19221,19667,glorified,-13.1684,1,PASS,35,,aj;v,glorified;glorify,LEMMA;FORM,,MASTER,0,0,0,,,,,0,0,0,ESDB_V0_4
19222,19668,gmbh,-13.1684,0,NOT_EXACT_EN_US,,,,,,,REJECTED_AUTO,0,0,0,,,,,0,0,0,ESDB_V0_4
19223,19669,guangzhou,-13.1684,0,NOT_EXACT_EN_US,,,,,,,REJECTED_AUTO,0,0,0,,,,,0,0,0,ESDB_V0_4
19224,19670,gunpowder,-13.1684,1,PASS,35,,n,gunpowder,LEMMA,,MASTER,0,0,0,,,,,0,0,0,ESDB_V0_4
19225,19671,gupta,-13.1684,0,NOT_EXACT_EN_US,,,,,,,REJECTED_AUTO,0,0,0,,,,,0,0,0,ESDB_V0_4
19226,19672,habitual,-13.1684,1,PASS,35,,aj,habitual,LEMMA,,MASTER,0,0,0,,,,,0,0,0,ESDB_V0_4
19227,19673,hamster,-13.1684,1,PASS,35,,n,hamster,LEMMA,,MASTER,0,0,0,,,,,0,0,0,ESDB_V0_4
19228,19675,hastily,-13.1684,1,PASS,35,,av,hastily,LEMMA,,MASTER,0,0,0,,,,,0,0,0,ESDB_V0_4
19229,19676,hindered,-13.1684,1,PASS,35,,v,hinder,FORM,,MASTER,0,0,0,,,,,0,0,0,ESDB_V0_4
19230,19677,hindsight,-13.1684,1,PASS,35,,n,hindsight,LEMMA,,MASTER,0,0,0,,,,,0,0,0,ESDB_V0_4
19231,19678,histoire,-13.1684,0,NOT_EXACT_EN_US,,,,,,,REJECTED_AUTO,0,0,0,,,,,0,0,0,ESDB_V0_4
19232,19679,hms,-13.1684,0,NOT_EXACT_EN_US,,,,,,,REJECTED_AUTO,0,0,0,,,,,0,0,0,ESDB_V0_4
19233,19680,hodges,-13.1684,0,NOT_EXACT_EN_US,,,,,,,REJECTED_AUTO,0,0,0,,,,,0,0,0,ESDB_V0_4
19234,19681,homeowners,-13.1684,1,PASS,40,,n,homeowner,FORM,,MASTER,0,0,0,,,,,0,0,0,ESDB_V0_4
19235,19682,hooper,-13.1684,0,NOT_EXACT_EN_US,,,,,,,REJECTED_AUTO,0,0,0,,,,,0,0,0,ESDB_V0_4
19236,19683,idiotic,-13.1684,1,PASS,35,,aj,idiotic,LEMMA,,MASTER,0,0,0,,,,,0,0,0,ESDB_V0_4
19237,19684,importation,-13.1684,1,PASS,35,,n,importation,LEMMA,,MASTER,0,0,0,,,,,0,0,0,ESDB_V0_4
19238,19685,indexed,-13.1684,1,PASS,35,,v,index,FORM,,MASTER,0,0,0,,,,,0,0,0,ESDB_V0_4
19239,19686,infirmary,-13.1684,1,PASS,35,,n,infirmary,LEMMA,,MASTER,0,0,0,,,,,0,0,0,ESDB_V0_4
19240,19687,inhibitor,-13.1684,1,PASS,60,,n,inhibitor,LEMMA,,MASTER,0,1,1,,,,inhibitors,0,1,1,ESDB_V0_4
19241,19688,intermediary,-13.1684,1,PASS,35,,n;a,intermediary,LEMMA,,MASTER,0,0,0,,,,,0,0,0,ESDB_V0_4
19242,19689,introductions,-13.1684,1,PASS,35,,n,introduction,FORM,,MASTER,0,1,0,,introduction,,,1,0,0,ESDB_V0_4
19243,19690,itchy,-13.1684,1,PASS,35,,aj,itchy,LEMMA,,MASTER,0,1,0,,itch,,,1,0,0,ESDB_V0_4
19244,19691,iteration,-13.1684,1,PASS,35,,n,iteration,LEMMA,,MASTER,0,0,0,,,,,0,0,0,ESDB_V0_4
19245,19692,jamming,-13.1684,1,PASS,35,,n_v;n,jam;jamming,FORM;LEMMA,,MASTER,0,0,0,,,,,0,0,0,ESDB_V0_4
19246,19693,jc,-13.1684,0,NOT_EXACT_EN_US,,,,,,,REJECTED_AUTO,0,0,0,,,,,0,0,0,ESDB_V0_4
19247,19694,jog,-13.1684,1,PASS,35,,n_v,jog,LEMMA,,MASTER,0,0,0,,,,,0,0,0,ESDB_V0_4
19248,19695,jolie,-13.1684,0,NOT_EXACT_EN_US,,,,,,,REJECTED_AUTO,0,0,0,,,,,0,0,0,ESDB_V0_4
19249,19696,joyous,-13.1684,1,PASS,35,,aj,joyous,LEMMA,,MASTER,0,0,0,,,,,0,0,0,ESDB_V0_4
19250,19697,kelley,-13.1684,0,NOT_EXACT_EN_US,,,,,,,REJECTED_AUTO,0,0,0,,,,,0,0,0,ESDB_V0_4
19251,19698,kelvin,-13.1684,0,CASE_FREQ_COLLISION,60,50,n;a,kelvin,LEMMA,,REJECTED_AUTO,0,0,0,,,,,0,0,0,ESDB_V0_4
19252,19699,kgb,-13.1684,0,NOT_EXACT_EN_US,,,,,,,REJECTED_AUTO,0,0,0,,,,,0,0,0,ESDB_V0_4
19253,19700,kimberly,-13.1684,0,NOT_EXACT_EN_US,,,,,,,REJECTED_AUTO,0,0,0,,,,,0,0,0,ESDB_V0_4
19254,19701,kinder,-13.1684,1,PASS,35,,aj,kind,FORM,,MASTER,0,0,0,,,,,0,0,0,ESDB_V0_4
19255,19702,lacy,-13.1684,1,PASS,35,50,aj,lacy,LEMMA,,MASTER,0,1,0,,lac,,,1,0,0,ESDB_V0_4
19256,19703,landfill,-13.1684,1,PASS,40,,n,landfill,LEMMA,,MASTER,0,0,0,,,,,0,0,0,ESDB_V0_4
19257,19704,latent,-13.1684,1,PASS,35,,aj,latent,LEMMA,,MASTER,0,0,0,,,,,0,0,0,ESDB_V0_4
19258,19705,legions,-13.1684,1,PASS,35,,n,legion,FORM,,MASTER,0,1,0,,legion,,,1,0,0,ESDB_V0_4
19259,19706,limbo,-13.1684,1,PASS,35,60,n,limbo,LEMMA,,MASTER,0,1,0,,limb,,,1,0,0,ESDB_V0_4
19260,19707,lordship,-13.1684,1,PASS,50,60,n,lordship,LEMMA,,MASTER,0,0,0,,,,,0,0,0,ESDB_V0_4
19261,19708,lucifer,-13.1684,0,NOT_EXACT_EN_US,,,,,,,REJECTED_AUTO,0,0,0,,,,,0,0,0,ESDB_V0_4
19262,19709,lunchtime,-13.1684,1,PASS,35,,n,lunchtime,LEMMA,,MASTER,0,0,0,,,,,0,0,0,ESDB_V0_4
19263,19710,lv,-13.1684,0,NOT_EXACT_EN_US,,,,,,,REJECTED_AUTO,0,0,0,,,,,0,0,0,ESDB_V0_4
19264,19711,mahmoud,-13.1684,0,NOT_EXACT_EN_US,,,,,,,REJECTED_AUTO,0,0,0,,,,,0,0,0,ESDB_V0_4
19265,19712,makeover,-13.1684,1,PASS,60,,n,makeover,LEMMA,,MASTER,0,0,0,,,,,0,0,0,ESDB_V0_4
19266,19713,mamma,-13.1684,1,PASS,35,,n,mamma,LEMMA,,MASTER,0,1,1,,,,mammal,0,1,0,ESDB_V0_4
19267,19714,mane,-13.1684,1,PASS,35,,n,mane,LEMMA,,MASTER,0,1,0,,man,,,1,0,0,ESDB_V0_4
19268,19715,marta,-13.1684,0,NOT_EXACT_EN_US,,,,,,,REJECTED_AUTO,0,0,0,,,,,0,0,0,ESDB_V0_4
19269,19716,massacres,-13.1684,1,PASS,35,,n_v,massacre,FORM,,MASTER,0,1,0,,massacre,,,1,0,0,ESDB_V0_4
19270,19717,meditate,-13.1684,1,PASS,35,,v,meditate,LEMMA,,MASTER,0,0,0,,,,,0,0,0,ESDB_V0_4
19271,19718,melon,-13.1684,1,PASS,35,,n,melon,LEMMA,,MASTER,0,0,0,,,,,0,0,0,ESDB_V0_4
19272,19719,meridian,-13.1684,1,PASS,35,,n;aj,meridian,LEMMA,,MASTER,0,0,0,,,,,0,0,0,ESDB_V0_4
19273,19720,messengers,-13.1684,1,PASS,35,,n,messenger,FORM,,MASTER,0,1,0,,messenger,,,1,0,0,ESDB_V0_4
19274,19721,milo,-13.1684,0,NOT_EXACT_EN_US,,,,,,,REJECTED_AUTO,0,0,0,,,,,0,0,0,ESDB_V0_4
19275,19722,mina,-13.1684,0,NOT_EXACT_EN_US,,,,,,,REJECTED_AUTO,0,0,0,,,,,0,0,0,ESDB_V0_4
19276,19723,minnie,-13.1684,0,NOT_EXACT_EN_US,,,,,,,REJECTED_AUTO,0,0,0,,,,,0,0,0,ESDB_V0_4
19277,19724,mira,-13.1684,0,NOT_EXACT_EN_US,,,,,,,REJECTED_AUTO,0,0,0,,,,,0,0,0,ESDB_V0_4
19278,19725,mirage,-13.1684,1,PASS,35,,n,mirage,LEMMA,,MASTER,0,0,0,,,,,0,0,0,ESDB_V0_4
19279,19726,mirrored,-13.1684,1,PASS,35,,n_v,mirror,FORM,,MASTER,0,0,0,,,,,0,0,0,ESDB_V0_4
19280,19727,miscarriage,-13.1684,1,PASS,35,,n,miscarriage,LEMMA,,MASTER,0,0,0,,,,,0,0,0,ESDB_V0_4
19281,19728,mobilized,-13.1684,1,PASS,35,,v,mobilize,FORM,,MASTER,0,1,0,,mobilize,,,1,0,0,ESDB_V0_4
19282,19729,mockery,-13.1684,1,PASS,35,,n,mockery,LEMMA,,MASTER,0,0,0,,,,,0,0,0,ESDB_V0_4
19283,19730,mos,-13.1684,0,NO_ESDB_GENERAL_EVIDENCE,,,,,,,REJECTED_AUTO,0,0,0,,,,,0,0,0,ESDB_V0_4
19284,19732,nacional,-13.1684,0,NOT_EXACT_EN_US,,,,,,,REJECTED_AUTO,0,0,0,,,,,0,0,0,ESDB_V0_4
19285,19733,negligent,-13.1684,1,PASS,35,,aj,negligent,LEMMA,,MASTER,0,0,0,,,,,0,0,0,ESDB_V0_4
19286,19734,nouveau,-13.1684,0,NOT_EXACT_EN_US,,,,,,,REJECTED_AUTO,0,0,0,,,,,0,0,0,ESDB_V0_4
19287,19735,npr,-13.1684,0,NOT_EXACT_EN_US,,,,,,,REJECTED_AUTO,0,0,0,,,,,0,0,0,ESDB_V0_4
19288,19736,objectivity,-13.1684,1,PASS,35,,n,objectivity,LEMMA,,MASTER,0,0,0,,,,,0,0,0,ESDB_V0_4
19289,19737,occult,-13.1684,1,PASS,40,,n;aj,occult,LEMMA,,MASTER,0,0,0,,,,,0,0,0,ESDB_V0_4
19290,19738,oilers,-13.1684,0,NOT_EXACT_EN_US,,,,,,,REJECTED_AUTO,0,0,0,,,,,0,0,0,ESDB_V0_4
19291,19739,pacing,-13.1684,1,PASS,35,,n_v;n,pace;pacing,FORM;LEMMA,,MASTER,0,1,1,,,spacing,,0,1,0,ESDB_V0_4
19292,19740,padres,-13.1684,1,PASS,40,,n,padre,FORM,,MASTER,0,0,0,,,,,0,0,0,ESDB_V0_4
19293,19741,parliaments,-13.1684,1,PASS,35,,n,parliament,FORM,,MASTER,0,1,0,,parliament,,,1,0,0,ESDB_V0_4
19294,19742,pepe,-13.1684,0,NOT_EXACT_EN_US,,,,,,,REJECTED_AUTO,0,0,0,,,,,0,0,0,ESDB_V0_4
19295,19743,percussion,-13.1684,1,PASS,35,,n;a,percussion,LEMMA,,MASTER,0,0,0,,,,,0,0,0,ESDB_V0_4
19296,19744,phillies,-13.1684,0,NOT_EXACT_EN_US,,,,,,,REJECTED_AUTO,0,0,0,,,,,0,0,0,ESDB_V0_4
19297,19745,phyllis,-13.1684,0,NOT_EXACT_EN_US,,,,,,,REJECTED_AUTO,0,0,0,,,,,0,0,0,ESDB_V0_4
19298,19746,pinpoint,-13.1684,1,PASS,35,,n_v;a,pinpoint,LEMMA,,MASTER,0,0,0,,,,,0,0,0,ESDB_V0_4
19299,19747,plaid,-13.1684,1,PASS,35,,n;a,plaid,LEMMA,,MASTER,0,1,0,laid,,,,1,0,0,ESDB_V0_4
19300,19748,playback,-13.1684,1,PASS,35,,n,playback,LEMMA,,MASTER,0,0,0,,,,,0,0,0,ESDB_V0_4
19301,19749,pleasantly,-13.1684,1,PASS,35,,av,pleasantly,LEMMA,,MASTER,0,0,0,,,,,0,0,0,ESDB_V0_4
19302,19750,portrays,-13.1684,1,PASS,35,,v,portray,FORM,,MASTER,0,1,0,,portray,,,1,0,0,ESDB_V0_4
19303,19751,positives,-13.1684,1,PASS,35,,n,positive,FORM,,MASTER,0,1,0,,positive,,,1,0,0,ESDB_V0_4
19304,19752,ppm,-13.1684,0,NO_ESDB_GENERAL_EVIDENCE,,,,,,,REJECTED_AUTO,0,0,0,,,,,0,0,0,ESDB_V0_4
19305,19753,pregnancies,-13.1684,1,PASS,35,,n,pregnancy,FORM,,MASTER,0,0,0,,,,,0,0,0,ESDB_V0_4
19306,19754,preoccupied,-13.1684,1,PASS,35,,aj;v,preoccupied;preoccupy,LEMMA;FORM,,MASTER,0,0,0,,,,,0,0,0,ESDB_V0_4
19307,19755,proficient,-13.1684,1,PASS,35,,n;aj,proficient,LEMMA,,MASTER,0,0,0,,,,,0,0,0,ESDB_V0_4
19308,19756,proletariat,-13.1684,1,PASS,35,,n,proletariat,LEMMA,,MASTER,0,0,0,,,,,0,0,0,ESDB_V0_4
19309,19757,proponent,-13.1684,1,PASS,35,,n,proponent,LEMMA,,MASTER,0,1,1,,,,proponents,0,1,1,ESDB_V0_4
19310,19758,provocation,-13.1684,1,PASS,35,,n,provocation,LEMMA,,MASTER,0,0,0,,,,,0,0,0,ESDB_V0_4
19311,19759,quadrant,-13.1684,1,PASS,35,,n,quadrant,LEMMA,,MASTER,0,0,0,,,,,0,0,0,ESDB_V0_4
19312,19761,radiator,-13.1684,1,PASS,35,,n,radiator,LEMMA,,MASTER,0,0,0,,,,,0,0,0,ESDB_V0_4
19313,19762,rahman,-13.1684,0,NOT_EXACT_EN_US,,,,,,,REJECTED_AUTO,0,0,0,,,,,0,0,0,ESDB_V0_4
19314,19763,ramen,-13.1684,1,PASS,60,,n,ramen,LEMMA,,MASTER,0,1,0,amen,,,,1,0,0,ESDB_V0_4
19315,19764,rations,-13.1684,1,PASS,35,,n_v,ration,FORM,,MASTER,0,0,0,,,,,0,0,0,ESDB_V0_4
19316,19765,recorders,-13.1684,1,PASS,35,,n,recorder,FORM,,MASTER,0,1,0,,recorder,,,1,0,0,ESDB_V0_4
19317,19766,referencing,-13.1684,1,PASS,35,,n_v,reference,FORM,,MASTER,0,0,0,,,,,0,0,0,ESDB_V0_4
19318,19767,refinement,-13.1684,1,PASS,35,,n,refinement,LEMMA,,MASTER,0,0,0,,,,,0,0,0,ESDB_V0_4
19319,19768,reinforces,-13.1684,1,PASS,35,,v,reinforce,FORM,,MASTER,0,1,0,,reinforce,,,1,0,0,ESDB_V0_4
19320,19769,remission,-13.1684,1,PASS,35,,n,remission,LEMMA,,MASTER,0,1,0,emission,,,,1,0,0,ESDB_V0_4
19321,19770,renee,-13.1684,0,NOT_EXACT_EN_US,,,,,,,REJECTED_AUTO,0,0,0,,,,,0,0,0,ESDB_V0_4
19322,19771,ros,-13.1684,0,NOT_EXACT_EN_US,,,,,,,REJECTED_AUTO,0,0,0,,,,,0,0,0,ESDB_V0_4
19323,19773,sanskrit,-13.1684,0,NOT_EXACT_EN_US,,,,,,,REJECTED_AUTO,0,0,0,,,,,0,0,0,ESDB_V0_4
19324,19774,santana,-13.1684,0,NOT_EXACT_EN_US,,,,,,,REJECTED_AUTO,0,0,0,,,,,0,0,0,ESDB_V0_4
19325,19775,sardinia,-13.1684,0,NOT_EXACT_EN_US,,,,,,,REJECTED_AUTO,0,0,0,,,,,0,0,0,ESDB_V0_4
19326,19776,scripted,-13.1684,1,PASS,35,,n_v,script,FORM,,MASTER,0,0,0,,,,,0,0,0,ESDB_V0_4
19327,19777,sensed,-13.1684,1,PASS,35,,n_v;aj,sense;sensed,FORM;LEMMA,,MASTER,0,1,0,,sense,,,1,0,0,ESDB_V0_4
19328,19778,serene,-13.1684,1,PASS,35,,aj,serene,LEMMA,,MASTER,0,0,0,,,,,0,0,0,ESDB_V0_4
19329,19779,shan,-13.1684,0,NOT_EXACT_EN_US,,,,,,,REJECTED_AUTO,0,0,0,,,,,0,0,0,ESDB_V0_4
19330,19780,sharif,-13.1684,0,NOT_EXACT_EN_US,,,,,,,REJECTED_AUTO,0,0,0,,,,,0,0,0,ESDB_V0_4
19331,19781,slump,-13.1684,1,PASS,35,,n_v,slump,LEMMA,,MASTER,0,1,0,lump,slum,,,2,0,0,ESDB_V0_4
19332,19782,sociological,-13.1684,1,PASS,35,,aj,sociological,LEMMA,,MASTER,0,0,0,,,,,0,0,0,ESDB_V0_4
19333,19783,sophistication,-13.1684,1,PASS,35,,n,sophistication,LEMMA,,MASTER,0,0,0,,,,,0,0,0,ESDB_V0_4
19334,19784,sourcing,-13.1684,1,PASS,35,,n_v,source,FORM,,MASTER,0,0,0,,,,,0,0,0,ESDB_V0_4
19335,19785,spartans,-13.1684,0,NOT_EXACT_EN_US,,,,,,,REJECTED_AUTO,0,0,0,,,,,0,0,0,ESDB_V0_4
19336,19786,specs,-13.1684,1,PASS,50,,n_v;n,spec;specs,FORM;LEMMA,,MASTER,0,1,0,,spec,,,1,0,0,ESDB_V0_4
19337,19787,spectre,-13.1684,0,NOT_EXACT_EN_US,,,,,,,REJECTED_AUTO,0,0,0,,,,,0,0,0,ESDB_V0_4
19338,19788,spilling,-13.1684,1,PASS,35,,n_v;n,spill;spilling,FORM;LEMMA,,MASTER,0,0,0,,,,,0,0,0,ESDB_V0_4
19339,19789,stagnation,-13.1684,1,PASS,35,,n,stagnation,LEMMA,,MASTER,0,0,0,,,,,0,0,0,ESDB_V0_4
19340,19790,strides,-13.1684,1,PASS,35,,n_v,stride,FORM,,MASTER,0,1,0,,stride,,,1,0,0,ESDB_V0_4
19341,19791,swapped,-13.1684,1,PASS,35,,n_v,swap,FORM,,MASTER,0,0,0,,,,,0,0,0,ESDB_V0_4
19342,19792,sweeter,-13.1684,1,PASS,35,,aj_av,sweet,FORM,,MASTER,0,0,0,,,,,0,0,0,ESDB_V0_4
19343,19793,ticks,-13.1684,1,PASS,35,,n_v,tick,FORM,,MASTER,0,1,1,,tick,sticks,,1,1,0,ESDB_V0_4
19344,19794,tinker,-13.1684,1,PASS,35,,n_v,tinker,LEMMA,,MASTER,0,0,0,,,,,0,0,0,ESDB_V0_4
19345,19795,tito,-13.1684,0,NOT_EXACT_EN_US,,,,,,,REJECTED_AUTO,0,0,0,,,,,0,0,0,ESDB_V0_4
19346,19796,tobias,-13.1684,0,NOT_EXACT_EN_US,,,,,,,REJECTED_AUTO,0,0,0,,,,,0,0,0,ESDB_V0_4
19347,19797,transatlantic,-13.1684,1,PASS,35,,aj,transatlantic,LEMMA,,MASTER,0,0,0,,,,,0,0,0,ESDB_V0_4
19348,19798,treble,-13.1684,1,PASS,35,,n_v;aj,treble,LEMMA,,MASTER,0,0,0,,,,,0,0,0,ESDB_V0_4
19349,19799,unrestricted,-13.1684,1,PASS,35,,aj,unrestricted,LEMMA,,MASTER,0,0,0,,,,,0,0,0,ESDB_V0_4
19350,19800,upstate,-13.1684,1,PASS,40,,n;av,upstate,LEMMA,,MASTER,0,0,0,,,,,0,0,0,ESDB_V0_4
19351,19801,urinary,-13.1684,1,PASS,50,,aj,urinary,LEMMA,,MASTER,0,0,0,,,,,0,0,0,ESDB_V0_4
19352,19802,verlag,-13.1684,0,NOT_EXACT_EN_US,,,,,,,REJECTED_AUTO,0,0,0,,,,,0,0,0,ESDB_V0_4
19353,19803,voicemail,-13.1684,1,PASS,40,,n,voicemail,LEMMA,,MASTER,0,0,0,,,,,0,0,0,ESDB_V0_4
19354,19804,volley,-13.1684,1,PASS,35,,n_v,volley,LEMMA,,MASTER,0,0,0,,,,,0,0,0,ESDB_V0_4
19355,19805,waldo,-13.1684,0,CASE_FREQ_COLLISION,50,50,n,waldo,LEMMA,,REJECTED_AUTO,0,0,0,,,,,0,0,0,ESDB_V0_4
19356,19806,whatsapp,-13.1684,0,NOT_EXACT_EN_US,,,,,,,REJECTED_AUTO,0,0,0,,,,,0,0,0,ESDB_V0_4
19357,19807,whitehall,-13.1684,0,NOT_EXACT_EN_US,,,,,,,REJECTED_AUTO,0,0,0,,,,,0,0,0,ESDB_V0_4
19358,19808,writ,-13.1684,1,PASS,35,,n;v,writ;write,LEMMA;FORM,,MASTER,0,1,1,,,,write,0,1,0,ESDB_V0_4
19359,19809,wrongdoing,-13.1684,1,PASS,35,,n,wrongdoing,LEMMA,,MASTER,0,0,0,,,,,0,0,0,ESDB_V0_4
19360,19810,xu,-13.1684,0,NOT_EXACT_EN_US,,,,,,,REJECTED_AUTO,0,0,0,,,,,0,0,0,ESDB_V0_4
19361,19811,yee,-13.1684,0,NOT_EXACT_EN_US,,,,,,,REJECTED_AUTO,0,0,0,,,,,0,0,0,ESDB_V0_4
19362,19812,yvonne,-13.1684,0,NOT_EXACT_EN_US,,,,,,,REJECTED_AUTO,0,0,0,,,,,0,0,0,ESDB_V0_4
19363,19815,activating,-13.1949,1,PASS,35,,v;n;aj,activate;activating,FORM;LEMMA,,MASTER,0,0,0,,,,,0,0,0,ESDB_V0_4
19364,19816,adhesion,-13.1949,1,PASS,35,,n,adhesion,LEMMA,,MASTER,0,0,0,,,,,0,0,0,ESDB_V0_4
19365,19817,aeroplane,-13.1949,0,NOT_EXACT_EN_US,,,,,,,REJECTED_AUTO,0,0,0,,,,,0,0,0,ESDB_V0_4
19366,19818,affectionate,-13.1949,1,PASS,35,,aj,affectionate,LEMMA,,MASTER,0,0,0,,,,,0,0,0,ESDB_V0_4
19367,19819,alejandro,-13.1949,0,NOT_EXACT_EN_US,,,,,,,REJECTED_AUTO,0,0,0,,,,,0,0,0,ESDB_V0_4
19368,19820,alta,-13.1949,0,NOT_EXACT_EN_US,,,,,,,REJECTED_AUTO,0,0,0,,,,,0,0,0,ESDB_V0_4
19369,19821,ami,-13.1949,0,NOT_EXACT_EN_US,,,,,,,REJECTED_AUTO,0,0,0,,,,,0,0,0,ESDB_V0_4
19370,19822,apa,-13.1949,0,NOT_EXACT_EN_US,,,,,,,REJECTED_AUTO,0,0,0,,,,,0,0,0,ESDB_V0_4
19371,19823,archers,-13.1949,1,PASS,35,,n,archer,FORM,,MASTER,0,1,0,,archer,,,1,0,0,ESDB_V0_4
19372,19824,aristocracy,-13.1949,1,PASS,35,,n,aristocracy,LEMMA,,MASTER,0,0,0,,,,,0,0,0,ESDB_V0_4
19373,19825,attest,-13.1949,1,PASS,35,,v,attest,LEMMA,,MASTER,0,0,0,,,,,0,0,0,ESDB_V0_4
19374,19826,aubrey,-13.1949,0,NOT_EXACT_EN_US,,,,,,,REJECTED_AUTO,0,0,0,,,,,0,0,0,ESDB_V0_4
19375,19827,axel,-13.1949,0,NOT_EXACT_EN_US,,,,,,,REJECTED_AUTO,0,0,0,,,,,0,0,0,ESDB_V0_4
19376,19828,backlog,-13.1949,1,PASS,35,,n_v,backlog,LEMMA,,MASTER,0,0,0,,,,,0,0,0,ESDB_V0_4
19377,19829,bailed,-13.1949,1,PASS,35,,n_v,bail,FORM,,MASTER,0,0,0,,,,,0,0,0,ESDB_V0_4
19378,19830,baptiste,-13.1949,0,NOT_EXACT_EN_US,,,,,,,REJECTED_AUTO,0,0,0,,,,,0,0,0,ESDB_V0_4
19379,19831,bcs,-13.1949,0,NOT_EXACT_EN_US,,,,,,,REJECTED_AUTO,0,0,0,,,,,0,0,0,ESDB_V0_4
19380,19832,bethesda,-13.1949,0,NOT_EXACT_EN_US,,,,,,,REJECTED_AUTO,0,0,0,,,,,0,0,0,ESDB_V0_4
19381,19833,biochemistry,-13.1949,1,PASS,35,,n,biochemistry,LEMMA,,MASTER,0,0,0,,,,,0,0,0,ESDB_V0_4
19382,19834,bitcoins,-13.1949,0,SPECIAL_ONLY,50,,n,bitcoin,FORM,,REJECTED_AUTO,0,0,0,,,,,0,0,0,ESDB_V0_4
19383,19835,blazers,-13.1949,1,PASS,35,,n,blazer,FORM,,MASTER,0,0,0,,,,,0,0,0,ESDB_V0_4
19384,19836,blender,-13.1949,1,PASS,40,,n,blender,LEMMA,,MASTER,0,1,0,lender,,,,1,0,0,ESDB_V0_4
19385,19837,blooming,-13.1949,1,PASS,35,,n_v;n;aj,bloom;blooming,FORM;LEMMA,,MASTER,0,0,0,,,,,0,0,0,ESDB_V0_4
19386,19838,blooms,-13.1949,1,PASS,35,,n_v,bloom,FORM,,MASTER,0,1,0,,bloom,,,1,0,0,ESDB_V0_4
19387,19840,boasted,-13.1949,1,PASS,35,,n_v,boast,FORM,,MASTER,0,0,0,,,,,0,0,0,ESDB_V0_4
19388,19841,bolshevik,-13.1949,0,NOT_EXACT_EN_US,,,,,,,REJECTED_AUTO,0,0,0,,,,,0,0,0,ESDB_V0_4
19389,19842,bolster,-13.1949,1,PASS,35,,n_v,bolster,LEMMA,,MASTER,0,0,0,,,,,0,0,0,ESDB_V0_4
19390,19843,bona,-13.1949,0,NOT_EXACT_EN_US,,,,,,,REJECTED_AUTO,0,0,0,,,,,0,0,0,ESDB_V0_4
19391,19844,bonn,-13.1949,0,NOT_EXACT_EN_US,,,,,,,REJECTED_AUTO,0,0,0,,,,,0,0,0,ESDB_V0_4
19392,19845,bookings,-13.1949,1,PASS,35,,n,booking,FORM,,MASTER,0,1,0,,booking,,,1,0,0,ESDB_V0_4
19393,19846,breeder,-13.1949,1,PASS,35,,n,breeder,LEMMA,,MASTER,0,1,1,,,,breeders,0,1,1,ESDB_V0_4
19394,19847,brides,-13.1949,1,PASS,35,,n,bride,FORM,,MASTER,0,1,0,rides,bride,,,2,0,0,ESDB_V0_4
19395,19848,brows,-13.1949,1,PASS,35,,n,brow,FORM,,MASTER,0,1,1,rows,brow,,browse,2,1,0,ESDB_V0_4
19396,19849,brunch,-13.1949,1,PASS,35,,n_v,brunch,LEMMA,,MASTER,0,0,0,,,,,0,0,0,ESDB_V0_4
19397,19850,cadets,-13.1949,1,PASS,35,,n,cadet,FORM,,MASTER,0,1,0,,cadet,,,1,0,0,ESDB_V0_4
19398,19851,camped,-13.1949,1,PASS,35,,n_v,camp,FORM,,MASTER,0,0,0,,,,,0,0,0,ESDB_V0_4
19399,19852,casket,-13.1949,1,PASS,35,,n,casket,LEMMA,,MASTER,0,0,0,,,,,0,0,0,ESDB_V0_4
19400,19853,cautiously,-13.1949,1,PASS,35,,av,cautiously,LEMMA,,MASTER,0,0,0,,,,,0,0,0,ESDB_V0_4
19401,19854,cecilia,-13.1949,0,NOT_EXACT_EN_US,,,,,,,REJECTED_AUTO,0,0,0,,,,,0,0,0,ESDB_V0_4
19402,19855,celery,-13.1949,1,PASS,35,,n,celery,LEMMA,,MASTER,0,0,0,,,,,0,0,0,ESDB_V0_4
19403,19856,cena,-13.1949,0,NOT_EXACT_EN_US,,,,,,,REJECTED_AUTO,0,0,0,,,,,0,0,0,ESDB_V0_4
19404,19857,ceos,-13.1949,0,NOT_EXACT_EN_US,,,,,,,REJECTED_AUTO,0,0,0,,,,,0,0,0,ESDB_V0_4
19405,19858,cg,-13.1949,0,NO_ESDB_GENERAL_EVIDENCE,,,,,,,REJECTED_AUTO,0,0,0,,,,,0,0,0,ESDB_V0_4
19406,19859,christy,-13.1949,0,NOT_EXACT_EN_US,,,,,,,REJECTED_AUTO,0,0,0,,,,,0,0,0,ESDB_V0_4
19407,19860,chromosomes,-13.1949,1,PASS,35,,n,chromosome,FORM,,MASTER,0,1,0,,chromosome,,,1,0,0,ESDB_V0_4
19408,19861,cir,-13.1949,0,NO_ESDB_GENERAL_EVIDENCE,,,,,,,REJECTED_AUTO,0,0,0,,,,,0,0,0,ESDB_V0_4
19409,19862,claimant,-13.1949,1,PASS,50,,n,claimant,LEMMA,,MASTER,0,1,1,,,,claimants,0,1,1,ESDB_V0_4
19410,19863,clair,-13.1949,0,NOT_EXACT_EN_US,,,,,,,REJECTED_AUTO,0,0,0,,,,,0,0,0,ESDB_V0_4
19411,19864,clubhouse,-13.1949,1,PASS,35,,n,clubhouse,LEMMA,,MASTER,0,0,0,,,,,0,0,0,ESDB_V0_4
19412,19865,coherence,-13.1949,1,PASS,35,,n,coherence,LEMMA,,MASTER,0,0,0,,,,,0,0,0,ESDB_V0_4
19413,19866,colonialism,-13.1949,1,PASS,40,,n,colonialism,LEMMA,,MASTER,0,0,0,,,,,0,0,0,ESDB_V0_4
19414,19868,complication,-13.1949,1,PASS,35,,n,complication,LEMMA,,MASTER,0,1,1,,,,complications,0,1,1,ESDB_V0_4
19415,19869,connolly,-13.1949,0,NOT_EXACT_EN_US,,,,,,,REJECTED_AUTO,0,0,0,,,,,0,0,0,ESDB_V0_4
19416,19870,cooperatives,-13.1949,1,PASS,35,,n,cooperative,FORM,,MASTER,0,1,0,,cooperative,,,1,0,0,ESDB_V0_4
19417,19871,coveted,-13.1949,1,PASS,35,,v,covet,FORM,,MASTER,0,0,0,,,,,0,0,0,ESDB_V0_4
19418,19872,craftsmen,-13.1949,1,PASS,35,,n,craftsman,FORM,,MASTER,0,0,0,,,,,0,0,0,ESDB_V0_4
19419,19873,cramped,-13.1949,1,PASS,35,,n_v;aj,cramp;cramped,FORM;LEMMA,,MASTER,0,0,0,,,,,0,0,0,ESDB_V0_4
19420,19874,crawled,-13.1949,1,PASS,35,,n_v,crawl,FORM,,MASTER,0,0,0,,,,,0,0,0,ESDB_V0_4
19421,19875,cropped,-13.1949,1,PASS,35,,n_v;aj,crop;cropped,FORM;LEMMA,,MASTER,0,0,0,,,,,0,0,0,ESDB_V0_4
19422,19876,cylindrical,-13.1949,1,PASS,35,,aj,cylindrical,LEMMA,,MASTER,0,0,0,,,,,0,0,0,ESDB_V0_4
19423,19878,darcy,-13.1949,0,NOT_EXACT_EN_US,,,,,,,REJECTED_AUTO,0,0,0,,,,,0,0,0,ESDB_V0_4
19424,19879,dawg,-13.1949,0,NOT_EXACT_EN_US,,,,,,,REJECTED_AUTO,0,0,0,,,,,0,0,0,ESDB_V0_4
19425,19880,dealership,-13.1949,1,PASS,40,,n,dealership,LEMMA,,MASTER,0,0,0,,,,,0,0,0,ESDB_V0_4
19426,19881,deco,-13.1949,0,NOT_EXACT_EN_US,,,,,,,REJECTED_AUTO,0,0,0,,,,,0,0,0,ESDB_V0_4
19427,19882,decomposition,-13.1949,1,PASS,35,,n,decomposition,LEMMA,,MASTER,0,0,0,,,,,0,0,0,ESDB_V0_4
19428,19883,depletion,-13.1949,1,PASS,40,,n,depletion,LEMMA,,MASTER,0,0,0,,,,,0,0,0,ESDB_V0_4
19429,19884,determinants,-13.1949,1,PASS,50,,n,determinant,FORM,,MASTER,0,0,0,,,,,0,0,0,ESDB_V0_4
19430,19885,df,-13.1949,0,NOT_EXACT_EN_US,,,,,,,REJECTED_AUTO,0,0,0,,,,,0,0,0,ESDB_V0_4
19431,19886,dhabi,-13.1949,0,NOT_EXACT_EN_US,,,,,,,REJECTED_AUTO,0,0,0,,,,,0,0,0,ESDB_V0_4
19432,19887,digestion,-13.1949,1,PASS,35,,n,digestion,LEMMA,,MASTER,0,0,0,,,,,0,0,0,ESDB_V0_4
19433,19888,discrepancies,-13.1949,1,PASS,35,,n,discrepancy,FORM,,MASTER,0,0,0,,,,,0,0,0,ESDB_V0_4
19434,19889,disgraceful,-13.1949,1,PASS,35,,aj,disgraceful,LEMMA,,MASTER,0,0,0,,,,,0,0,0,ESDB_V0_4
19435,19890,dismissing,-13.1949,1,PASS,35,,v,dismiss,FORM,,MASTER,0,0,0,,,,,0,0,0,ESDB_V0_4
19436,19891,donnie,-13.1949,0,NOT_EXACT_EN_US,,,,,,,REJECTED_AUTO,0,0,0,,,,,0,0,0,ESDB_V0_4
19437,19892,dreaded,-13.1949,1,PASS,35,,v;aj,dread;dreaded,FORM;LEMMA,,MASTER,0,0,0,,,,,0,0,0,ESDB_V0_4
19438,19893,dukes,-13.1949,1,PASS,35,,n,duke,FORM,,MASTER,0,1,0,,duke,,,1,0,0,ESDB_V0_4
19439,19894,dupont,-13.1949,0,NOT_EXACT_EN_US,,,,,,,REJECTED_AUTO,0,0,0,,,,,0,0,0,ESDB_V0_4
19440,19895,endeavors,-13.1949,1,PASS,35,,n_v,endeavor,FORM,,MASTER,0,1,0,,endeavor,,,1,0,0,ESDB_V0_4
19441,19896,entre,-13.1949,0,NOT_EXACT_EN_US,,,,,,,REJECTED_AUTO,0,0,0,,,,,0,0,0,ESDB_V0_4
19442,19897,ethos,-13.1949,1,PASS,35,,n,ethos,LEMMA,,MASTER,0,0,0,,,,,0,0,0,ESDB_V0_4
19443,19898,exalted,-13.1949,1,PASS,35,,v,exalt,FORM,,MASTER,0,0,0,,,,,0,0,0,ESDB_V0_4
19444,19899,exporters,-13.1949,1,PASS,35,,n,exporter,FORM,,MASTER,0,1,0,,exporter,,,1,0,0,ESDB_V0_4
19445,19900,extracting,-13.1949,1,PASS,35,,n_v,extract,FORM,,MASTER,0,0,0,,,,,0,0,0,ESDB_V0_4
19446,19901,fascists,-13.1949,1,PASS,35,,n,fascist,FORM,,MASTER,0,1,0,,fascist,,,1,0,0,ESDB_V0_4
19447,19902,fittings,-13.1949,1,PASS,35,,n,fitting,FORM,,MASTER,0,1,0,,fitting,,,1,0,0,ESDB_V0_4
19448,19903,flung,-13.1949,1,PASS,35,,n_v,fling,FORM,,MASTER,0,1,0,lung,,,,1,0,0,ESDB_V0_4
19449,19904,footprints,-13.1949,1,PASS,35,,n,footprint,FORM,,MASTER,0,1,0,,footprint,,,1,0,0,ESDB_V0_4
19450,19905,forceful,-13.1949,1,PASS,35,,aj,forceful,LEMMA,,MASTER,0,0,0,,,,,0,0,0,ESDB_V0_4
19451,19906,forearm,-13.1949,1,PASS,35,,n_v,forearm,LEMMA,,MASTER,0,0,0,,,,,0,0,0,ESDB_V0_4
19452,19907,forfeit,-13.1949,1,PASS,35,,n_v;aj,forfeit,LEMMA,,MASTER,0,0,0,,,,,0,0,0,ESDB_V0_4
19453,19908,fra,-13.1949,0,NOT_EXACT_EN_US,,,,,,,REJECTED_AUTO,0,0,0,,,,,0,0,0,ESDB_V0_4
19454,19909,frail,-13.1949,1,PASS,35,,aj,frail,LEMMA,,MASTER,0,1,0,rail,,,,1,0,0,ESDB_V0_4
19455,19910,glaze,-13.1949,1,PASS,35,,n_v,glaze,LEMMA,,MASTER,0,1,1,,,,glazed,0,1,1,ESDB_V0_4
19456,19911,godfrey,-13.1949,0,NOT_EXACT_EN_US,,,,,,,REJECTED_AUTO,0,0,0,,,,,0,0,0,ESDB_V0_4
19457,19912,goldfish,-13.1949,1,PASS,35,,n,goldfish,LEMMA;FORM,,MASTER,0,0,0,,,,,0,0,0,ESDB_V0_4
19458,19913,grievance,-13.1949,1,PASS,35,,n,grievance,LEMMA,,MASTER,0,1,1,,,,grievances,0,1,1,ESDB_V0_4
19459,19914,grizzly,-13.1949,1,PASS,35,,n;aj,grizzly,LEMMA,,MASTER,0,0,0,,,,,0,0,0,ESDB_V0_4
19460,19915,grotesque,-13.1949,1,PASS,35,,n;aj,grotesque,LEMMA,,MASTER,0,0,0,,,,,0,0,0,ESDB_V0_4
19461,19916,grounding,-13.1949,1,PASS,35,,n_v;n,ground;grounding,FORM;LEMMA,,MASTER,0,1,0,rounding,,,,1,0,0,ESDB_V0_4
19462,19917,gunman,-13.1949,1,PASS,35,,n,gunman,LEMMA,,MASTER,0,0,0,,,,,0,0,0,ESDB_V0_4
19463,19918,hammers,-13.1949,1,PASS,35,,n_v,hammer,FORM,,MASTER,0,1,0,,hammer,,,1,0,0,ESDB_V0_4
19464,19919,harshly,-13.1949,1,PASS,35,,av,harshly,LEMMA,,MASTER,0,0,0,,,,,0,0,0,ESDB_V0_4
19465,19920,henrik,-13.1949,0,NOT_EXACT_EN_US,,,,,,,REJECTED_AUTO,0,0,0,,,,,0,0,0,ESDB_V0_4
19466,19921,hierarchical,-13.1949,1,PASS,35,,aj,hierarchical,LEMMA,,MASTER,0,0,0,,,,,0,0,0,ESDB_V0_4
19467,19922,hinduism,-13.1949,0,NOT_EXACT_EN_US,,,,,,,REJECTED_AUTO,0,0,0,,,,,0,0,0,ESDB_V0_4
19468,19923,hitherto,-13.1949,1,PASS,35,,av,hitherto,LEMMA,,MASTER,0,0,0,,,,,0,0,0,ESDB_V0_4
19469,19924,homestead,-13.1949,1,PASS,35,,n_v,homestead,LEMMA,,MASTER,0,0,0,,,,,0,0,0,ESDB_V0_4
19470,19925,hurley,-13.1949,0,NOT_EXACT_EN_US,,,,,,,REJECTED_AUTO,0,0,0,,,,,0,0,0,ESDB_V0_4
19471,19926,hydrocarbons,-13.1949,1,PASS,50,,n,hydrocarbon,FORM,,MASTER,0,0,0,,,,,0,0,0,ESDB_V0_4
19472,19927,hypocritical,-13.1949,1,PASS,35,,aj,hypocritical,LEMMA,,MASTER,0,0,0,,,,,0,0,0,ESDB_V0_4
19473,19928,hypotheses,-13.1949,1,PASS,35,,n,hypothesis,FORM,,MASTER,0,0,0,,,,,0,0,0,ESDB_V0_4
19474,19929,imperialist,-13.1949,1,PASS,35,,n;aj,imperialist,LEMMA,,MASTER,0,0,0,,,,,0,0,0,ESDB_V0_4
19475,19930,incur,-13.1949,1,PASS,35,,v,incur,LEMMA,,MASTER,0,0,0,,,,,0,0,0,ESDB_V0_4
19476,19931,infused,-13.1949,1,PASS,35,,v,infuse,FORM,,MASTER,0,0,0,,,,,0,0,0,ESDB_V0_4
19477,19932,insulated,-13.1949,1,PASS,35,,v,insulate,FORM,,MASTER,0,0,0,,,,,0,0,0,ESDB_V0_4
19478,19933,ipa,-13.1949,0,NOT_EXACT_EN_US,,,,,,,REJECTED_AUTO,0,0,0,,,,,0,0,0,ESDB_V0_4
19479,19934,isp,-13.1949,0,NOT_EXACT_EN_US,,,,,,,REJECTED_AUTO,0,0,0,,,,,0,0,0,ESDB_V0_4
19480,19935,isps,-13.1949,0,NOT_EXACT_EN_US,,,,,,,REJECTED_AUTO,0,0,0,,,,,0,0,0,ESDB_V0_4
19481,19936,jb,-13.1949,0,NOT_EXACT_EN_US,,,,,,,REJECTED_AUTO,0,0,0,,,,,0,0,0,ESDB_V0_4
19482,19937,jonny,-13.1949,0,NOT_EXACT_EN_US,,,,,,,REJECTED_AUTO,0,0,0,,,,,0,0,0,ESDB_V0_4
19483,19938,justifies,-13.1949,1,PASS,35,,v,justify,FORM,,MASTER,0,0,0,,,,,0,0,0,ESDB_V0_4
19484,19939,kidd,-13.1949,0,NOT_EXACT_EN_US,,,,,,,REJECTED_AUTO,0,0,0,,,,,0,0,0,ESDB_V0_4
19485,19940,kt,-13.1949,0,NO_ESDB_GENERAL_EVIDENCE,,,,,,,REJECTED_AUTO,0,0,0,,,,,0,0,0,ESDB_V0_4
19486,19941,learner,-13.1949,1,PASS,50,,n,learner,LEMMA,,MASTER,0,1,1,,,,learners,0,1,1,ESDB_V0_4
19487,19942,leftovers,-13.1949,1,PASS,50,,n,leftover,FORM,,MASTER,0,1,0,,leftover,,,1,0,0,ESDB_V0_4
19488,19943,leroy,-13.1949,0,NOT_EXACT_EN_US,,,,,,,REJECTED_AUTO,0,0,0,,,,,0,0,0,ESDB_V0_4
19489,19944,levied,-13.1949,1,PASS,35,,n_v,levy,FORM,,MASTER,0,0,0,,,,,0,0,0,ESDB_V0_4
19490,19945,lexus,-13.1949,0,NOT_EXACT_EN_US,,,,,,,REJECTED_AUTO,0,0,0,,,,,0,0,0,ESDB_V0_4
19491,19946,loaned,-13.1949,1,PASS,35,,n_v,loan,FORM,,MASTER,0,0,0,,,,,0,0,0,ESDB_V0_4
19492,19947,lynne,-13.1949,0,NOT_EXACT_EN_US,,,,,,,REJECTED_AUTO,0,0,0,,,,,0,0,0,ESDB_V0_4
19493,19948,macbeth,-13.1949,0,NOT_EXACT_EN_US,,,,,,,REJECTED_AUTO,0,0,0,,,,,0,0,0,ESDB_V0_4
19494,19949,magically,-13.1949,1,PASS,35,,av,magically,LEMMA,,MASTER,0,0,0,,,,,0,0,0,ESDB_V0_4
19495,19950,malice,-13.1949,1,PASS,35,,n,malice,LEMMA,,MASTER,0,0,0,,,,,0,0,0,ESDB_V0_4
19496,19951,maneuvers,-13.1949,1,PASS,35,,n;v,maneuver,FORM,,MASTER,0,1,0,,maneuver,,,1,0,0,ESDB_V0_4
19497,19952,mansfield,-13.1949,0,NOT_EXACT_EN_US,,,,,,,REJECTED_AUTO,0,0,0,,,,,0,0,0,ESDB_V0_4
19498,19953,marginally,-13.1949,1,PASS,35,,av,marginally,LEMMA,,MASTER,0,0,0,,,,,0,0,0,ESDB_V0_4
19499,19954,martini,-13.1949,1,PASS,50,,n,martini,LEMMA,,MASTER,0,1,0,,martin,,,1,0,0,ESDB_V0_4
19500,19955,matchup,-13.1949,1,PASS,50,,n,matchup,LEMMA,,MASTER,0,0,0,,,,,0,0,0,ESDB_V0_4
19501,19956,maverick,-13.1949,1,PASS,35,,n;aj,maverick,LEMMA,,MASTER,0,0,0,,,,,0,0,0,ESDB_V0_4
19502,19957,mcguire,-13.1949,0,NOT_EXACT_EN_US,,,,,,,REJECTED_AUTO,0,0,0,,,,,0,0,0,ESDB_V0_4
19503,19958,mend,-13.1949,1,PASS,35,,n_v,mend,LEMMA,,MASTER,0,1,1,end,men,amend,,2,1,0,ESDB_V0_4
19504,19959,mentors,-13.1949,1,PASS,35,,n_v,mentor,FORM,,MASTER,0,1,0,,mentor,,,1,0,0,ESDB_V0_4
19505,19960,meow,-13.1949,1,PASS,35,,n_v,meow,LEMMA,,MASTER,0,0,0,,,,,0,0,0,ESDB_V0_4
19506,19961,migrating,-13.1949,1,PASS,35,,v,migrate,FORM,,MASTER,0,0,0,,,,,0,0,0,ESDB_V0_4
19507,19962,multiplication,-13.1949,1,PASS,35,,n,multiplication,LEMMA,,MASTER,0,0,0,,,,,0,0,0,ESDB_V0_4
19508,19964,mutilation,-13.1949,1,PASS,35,,n,mutilation,LEMMA,,MASTER,0,0,0,,,,,0,0,0,ESDB_V0_4
19509,19965,nodded,-13.1949,1,PASS,35,,n_v,nod,FORM,,MASTER,0,0,0,,,,,0,0,0,ESDB_V0_4
19510,19967,observance,-13.1949,1,PASS,35,,n,observance,LEMMA,,MASTER,0,0,0,,,,,0,0,0,ESDB_V0_4
19511,19968,paisley,-13.1949,1,PASS,50,,n;a,paisley,LEMMA,,MASTER,0,0,0,,,,,0,0,0,ESDB_V0_4
19512,19969,paramedics,-13.1949,1,PASS,40,,n,paramedic,FORM,,MASTER,0,0,0,,,,,0,0,0,ESDB_V0_4
19513,19970,pedestal,-13.1949,1,PASS,35,,n,pedestal,LEMMA,,MASTER,0,0,0,,,,,0,0,0,ESDB_V0_4
19514,19971,penelope,-13.1949,0,NOT_EXACT_EN_US,,,,,,,REJECTED_AUTO,0,0,0,,,,,0,0,0,ESDB_V0_4
19515,19972,pigment,-13.1949,1,PASS,35,,n,pigment,LEMMA,,MASTER,0,0,0,,,,,0,0,0,ESDB_V0_4
19516,19973,pistons,-13.1949,1,PASS,35,,n,piston,FORM,,MASTER,0,1,0,,piston,,,1,0,0,ESDB_V0_4
19517,19974,plume,-13.1949,1,PASS,35,,n_v,plume,LEMMA,,MASTER,0,1,0,,plum,,,1,0,0,ESDB_V0_4
19518,19975,polio,-13.1949,1,PASS,35,,n;a,polio,LEMMA,,MASTER,0,0,0,,,,,0,0,0,ESDB_V0_4
19519,19976,populist,-13.1949,1,PASS,50,,n;a,populist,LEMMA,,MASTER,0,0,0,,,,,0,0,0,ESDB_V0_4
19520,19977,postcards,-13.1949,1,PASS,35,,n,postcard,FORM,,MASTER,0,1,0,,postcard,,,1,0,0,ESDB_V0_4
19521,19978,presenters,-13.1949,1,PASS,60,,n,presenter,FORM,,MASTER,0,1,0,,presenter,,,1,0,0,ESDB_V0_4
19522,19979,primates,-13.1949,1,PASS,35,,n,primate,FORM,,MASTER,0,0,0,,,,,0,0,0,ESDB_V0_4
19523,19980,proc,-13.1949,0,NOT_EXACT_EN_US,,,,,,,REJECTED_AUTO,0,0,0,,,,,0,0,0,ESDB_V0_4
19524,19981,projectile,-13.1949,1,PASS,35,,n;aj,projectile,LEMMA,,MASTER,0,0,0,,,,,0,0,0,ESDB_V0_4
19525,19982,proverbs,-13.1949,1,PASS,35,60,n,proverb,FORM,,MASTER,0,0,0,,,,,0,0,0,ESDB_V0_4
19526,19983,racially,-13.1949,1,PASS,35,,av,racially,LEMMA,,MASTER,0,0,0,,,,,0,0,0,ESDB_V0_4
19527,19984,rahul,-13.1949,0,NOT_EXACT_EN_US,,,,,,,REJECTED_AUTO,0,0,0,,,,,0,0,0,ESDB_V0_4
19528,19985,ramadan,-13.1949,0,NOT_EXACT_EN_US,,,,,,,REJECTED_AUTO,0,0,0,,,,,0,0,0,ESDB_V0_4
19529,19986,reelection,-13.1949,1,PASS,40,,n,reelection,LEMMA,,MASTER,0,0,0,,,,,0,0,0,ESDB_V0_4
19530,19987,refine,-13.1949,1,PASS,35,,v,refine,LEMMA,,MASTER,0,1,1,,,,refined,0,1,1,ESDB_V0_4
19531,19988,reilly,-13.1949,0,NOT_EXACT_EN_US,,,,,,,REJECTED_AUTO,0,0,0,,,,,0,0,0,ESDB_V0_4
19532,19990,restraints,-13.1949,1,PASS,35,,n,restraint,FORM,,MASTER,0,1,0,,restraint,,,1,0,0,ESDB_V0_4
19533,19991,resurgence,-13.1949,1,PASS,35,,n,resurgence,LEMMA,,MASTER,0,0,0,,,,,0,0,0,ESDB_V0_4
19534,19992,revisit,-13.1949,1,PASS,50,,v,revisit,LEMMA,,MASTER,0,0,0,,,,,0,0,0,ESDB_V0_4
19535,19993,rhys,-13.1949,0,NOT_EXACT_EN_US,,,,,,,REJECTED_AUTO,0,0,0,,,,,0,0,0,ESDB_V0_4
19536,19994,rodents,-13.1949,1,PASS,35,,n,rodent,FORM,,MASTER,0,0,0,,,,,0,0,0,ESDB_V0_4
19537,19996,sabrina,-13.1949,0,NOT_EXACT_EN_US,,,,,,,REJECTED_AUTO,0,0,0,,,,,0,0,0,ESDB_V0_4
19538,19997,salted,-13.1949,1,PASS,35,,n_v;aj,salt;salted,FORM;LEMMA,,MASTER,0,0,0,,,,,0,0,0,ESDB_V0_4
19539,19999,sauna,-13.1949,1,PASS,35,,n_v,sauna,LEMMA,,MASTER,0,0,0,,,,,0,0,0,ESDB_V0_4
19540,20001,seamless,-13.1949,1,PASS,40,,aj,seamless,LEMMA,,MASTER,0,0,0,,,,,0,0,0,ESDB_V0_4
19541,20002,shattering,-13.1949,1,PASS,35,,n_v;n;aj,shatter;shattering,FORM;LEMMA,,MASTER,0,0,0,,,,,0,0,0,ESDB_V0_4
19542,20003,shen,-13.1949,0,NOT_EXACT_EN_US,,,,,,,REJECTED_AUTO,0,0,0,,,,,0,0,0,ESDB_V0_4
19543,20004,skater,-13.1949,1,PASS,35,,n,skater,LEMMA,,MASTER,0,1,0,,skate,,,1,0,0,ESDB_V0_4
19544,20005,slamming,-13.1949,1,PASS,35,,n_v;n,slam;slamming,FORM;LEMMA,,MASTER,0,0,0,,,,,0,0,0,ESDB_V0_4
19545,20006,sling,-13.1949,1,PASS,35,,n_v,sling,LEMMA,,MASTER,0,1,0,ling,,,,1,0,0,ESDB_V0_4
19546,20007,sonar,-13.1949,1,PASS,50,,n,sonar,LEMMA,,MASTER,0,0,0,,,,,0,0,0,ESDB_V0_4
19547,20008,spores,-13.1949,1,PASS,50,,v,spore,FORM,,MASTER,0,0,0,,,,,0,0,0,ESDB_V0_4
19548,20009,spreadsheet,-13.1949,1,PASS,40,,n,spreadsheet,LEMMA,,MASTER,0,0,0,,,,,0,0,0,ESDB_V0_4
19549,20010,spurred,-13.1949,1,PASS,35,,n_v,spur,FORM,,MASTER,0,0,0,,,,,0,0,0,ESDB_V0_4
19550,20011,squats,-13.1949,1,PASS,35,,n_v,squat,FORM,,MASTER,0,1,0,,squat,,,1,0,0,ESDB_V0_4
19551,20012,squire,-13.1949,1,PASS,35,,n_v,squire,LEMMA,,MASTER,0,0,0,,,,,0,0,0,ESDB_V0_4
19552,20013,stagnant,-13.1949,1,PASS,35,,aj,stagnant,LEMMA,,MASTER,0,0,0,,,,,0,0,0,ESDB_V0_4
19553,20014,standardization,-13.1949,1,PASS,35,,n,standardization,LEMMA,,MASTER,0,0,0,,,,,0,0,0,ESDB_V0_4
19554,20015,startled,-13.1949,1,PASS,35,,v;aj,startle;startled,FORM;LEMMA,,MASTER,0,0,0,,,,,0,0,0,ESDB_V0_4
19555,20016,steamed,-13.1949,1,PASS,35,,v;aj,steam;steamed,FORM;LEMMA,,MASTER,0,1,0,teamed,,,,1,0,0,ESDB_V0_4
19556,20017,steaming,-13.1949,1,PASS,35,,v;aj_av,steam;steaming,FORM;LEMMA,,MASTER,0,0,0,,,,,0,0,0,ESDB_V0_4
19557,20018,studs,-13.1949,1,PASS,35,,n_v,stud,FORM,,MASTER,0,1,0,,stud,,,1,0,0,ESDB_V0_4
19558,20019,subtly,-13.1949,1,PASS,35,,av,subtly,LEMMA,,MASTER,0,0,0,,,,,0,0,0,ESDB_V0_4
19559,20020,surfer,-13.1949,1,PASS,40,,n,surfer,LEMMA,,MASTER,0,0,0,,,,,0,0,0,ESDB_V0_4
19560,20021,telephones,-13.1949,1,PASS,35,,n_v,telephone,FORM,,MASTER,0,1,0,,telephone,,,1,0,0,ESDB_V0_4
19561,20022,tempest,-13.1949,1,PASS,35,,n,tempest,LEMMA,,MASTER,0,0,0,,,,,0,0,0,ESDB_V0_4
19562,20023,tesco,-13.1949,0,NOT_EXACT_EN_US,,,,,,,REJECTED_AUTO,0,0,0,,,,,0,0,0,ESDB_V0_4
19563,20024,textual,-13.1949,1,PASS,35,,aj,textual,LEMMA,,MASTER,0,0,0,,,,,0,0,0,ESDB_V0_4
19564,20025,thc,-13.1949,0,NOT_EXACT_EN_US,,,,,,,REJECTED_AUTO,0,0,0,,,,,0,0,0,ESDB_V0_4
19565,20026,theses,-13.1949,1,PASS,35,,n,thesis,FORM,,MASTER,0,1,0,,these,,,1,0,0,ESDB_V0_4
19566,20027,thorns,-13.1949,1,PASS,35,,n,thorn,FORM,,MASTER,0,1,0,horns,thorn,,,2,0,0,ESDB_V0_4
19567,20028,tolls,-13.1949,1,PASS,35,,n_v,toll,FORM,,MASTER,0,1,0,,toll,,,1,0,0,ESDB_V0_4
19568,20029,toothbrush,-13.1949,1,PASS,35,,n,toothbrush,LEMMA,,MASTER,0,0,0,,,,,0,0,0,ESDB_V0_4
19569,20030,tornadoes,-13.1949,1,PASS,35,,n,tornado,FORM,,MASTER,0,0,0,,,,,0,0,0,ESDB_V0_4
19570,20031,toro,-13.1949,0,NOT_EXACT_EN_US,,,,,,,REJECTED_AUTO,0,0,0,,,,,0,0,0,ESDB_V0_4
19571,20032,tramp,-13.1949,1,PASS,35,,n_v,tramp,LEMMA,,MASTER,0,1,0,ramp,tram,,,2,0,0,ESDB_V0_4
19572,20033,trembling,-13.1949,1,PASS,35,,n_v;n;aj,tremble;trembling,FORM;LEMMA,,MASTER,0,0,0,,,,,0,0,0,ESDB_V0_4
19573,20034,tulsa,-13.1949,0,NOT_EXACT_EN_US,,,,,,,REJECTED_AUTO,0,0,0,,,,,0,0,0,ESDB_V0_4
19574,20035,typo,-13.1949,1,PASS,40,,n,typo,LEMMA,,MASTER,0,0,0,,,,,0,0,0,ESDB_V0_4
19575,20036,ultimatum,-13.1949,1,PASS,35,,n,ultimatum,LEMMA,,MASTER,0,0,0,,,,,0,0,0,ESDB_V0_4
19576,20037,uncontrolled,-13.1949,1,PASS,35,,aj,uncontrolled,LEMMA,,MASTER,0,0,0,,,,,0,0,0,ESDB_V0_4
19577,20038,unmanned,-13.1949,1,PASS,35,,v;aj,unman;unmanned,FORM;LEMMA,,MASTER,0,0,0,,,,,0,0,0,ESDB_V0_4
19578,20039,uptown,-13.1949,1,PASS,35,,n;aj_av,uptown,LEMMA,,MASTER,0,0,0,,,,,0,0,0,ESDB_V0_4
19579,20040,vents,-13.1949,1,PASS,35,,n_v,vent,FORM,,MASTER,0,1,1,,vent,events,,1,1,0,ESDB_V0_4
19580,20041,visualize,-13.1949,1,PASS,35,,v,visualize,LEMMA,,MASTER,0,0,0,,,,,0,0,0,ESDB_V0_4
19581,20042,volt,-13.1949,1,PASS,35,,n,volt,LEMMA,,MASTER,0,0,0,,,,,0,0,0,ESDB_V0_4
19582,20043,wb,-13.1949,0,NOT_EXACT_EN_US,,,,,,,REJECTED_AUTO,0,0,0,,,,,0,0,0,ESDB_V0_4
19583,20044,welch,-13.1949,0,NOT_EXACT_EN_US,,,,,,,REJECTED_AUTO,0,0,0,,,,,0,0,0,ESDB_V0_4
19584,20045,wept,-13.1949,1,PASS,35,,n_v,weep,FORM,,MASTER,0,1,1,,,swept,,0,1,0,ESDB_V0_4
19585,20046,westwood,-13.1949,0,NOT_EXACT_EN_US,,,,,,,REJECTED_AUTO,0,0,0,,,,,0,0,0,ESDB_V0_4
19586,20047,wha,-13.1949,0,NOT_EXACT_EN_US,,,,,,,REJECTED_AUTO,0,0,0,,,,,0,0,0,ESDB_V0_4
19587,20048,whaling,-13.1949,1,PASS,35,,v;n,whale;whaling,FORM;LEMMA,,MASTER,0,0,0,,,,,0,0,0,ESDB_V0_4
19588,20052,advertiser,-13.2167,1,PASS,40,,n,advertiser,LEMMA,,MASTER,0,1,0,,advertise,,,1,0,0,ESDB_V0_4
19589,20053,affirmation,-13.2167,1,PASS,35,,n,affirmation,LEMMA,,MASTER,0,0,0,,,,,0,0,0,ESDB_V0_4
19590,20054,afternoons,-13.2167,1,PASS,35,,n,afternoon,FORM,,MASTER,0,1,0,,afternoon,,,1,0,0,ESDB_V0_4
19591,20055,akbar,-13.2167,0,NOT_EXACT_EN_US,,,,,,,REJECTED_AUTO,0,0,0,,,,,0,0,0,ESDB_V0_4
19592,20056,amounting,-13.2167,1,PASS,35,,n_v,amount,FORM,,MASTER,0,1,0,mounting,,,,1,0,0,ESDB_V0_4
19593,20057,anecdote,-13.2167,1,PASS,35,,n,anecdote,LEMMA,,MASTER,0,1,1,,,,anecdotes,0,1,1,ESDB_V0_4
19594,20058,anew,-13.2167,1,PASS,35,,av,anew,LEMMA,,MASTER,0,1,0,new,,,,1,0,0,ESDB_V0_4
19595,20059,animations,-13.2167,1,PASS,35,,n,animation,FORM,,MASTER,0,1,0,,animation,,,1,0,0,ESDB_V0_4
19596,20060,aol,-13.2167,0,NOT_EXACT_EN_US,,,,,,,REJECTED_AUTO,0,0,0,,,,,0,0,0,ESDB_V0_4
19597,20061,asparagus,-13.2167,1,PASS,35,,n,asparagus,LEMMA,,MASTER,0,0,0,,,,,0,0,0,ESDB_V0_4
19598,20062,assigns,-13.2167,1,PASS,35,,n_v,assign,FORM,,MASTER,0,1,0,,assign,,,1,0,0,ESDB_V0_4
19599,20063,awkwardly,-13.2167,1,PASS,35,,av,awkwardly,LEMMA,,MASTER,0,0,0,,,,,0,0,0,ESDB_V0_4
19600,20065,banjo,-13.2167,1,PASS,35,,n,banjo,LEMMA,,MASTER,0,0,0,,,,,0,0,0,ESDB_V0_4
19601,20066,barbed,-13.2167,1,PASS,35,,n_v;aj,barb;barbed,FORM;LEMMA,,MASTER,0,0,0,,,,,0,0,0,ESDB_V0_4
19602,20067,barr,-13.2167,0,NOT_EXACT_EN_US,,,,,,,REJECTED_AUTO,0,0,0,,,,,0,0,0,ESDB_V0_4
19603,20068,basing,-13.2167,1,PASS,35,,n_v,base,FORM,,MASTER,0,1,0,,basin,,,1,0,0,ESDB_V0_4
19604,20069,bathe,-13.2167,1,PASS,35,,n_v,bathe,LEMMA,,MASTER,0,1,0,,bath,,,1,0,0,ESDB_V0_4
19605,20070,battalions,-13.2167,1,PASS,35,,n,battalion,FORM,,MASTER,0,1,0,,battalion,,,1,0,0,ESDB_V0_4
19606,20071,bazaar,-13.2167,1,PASS,35,,n,bazaar,LEMMA,,MASTER,0,0,0,,,,,0,0,0,ESDB_V0_4
19607,20072,beaumont,-13.2167,0,NOT_EXACT_EN_US,,,,,,,REJECTED_AUTO,0,0,0,,,,,0,0,0,ESDB_V0_4
19608,20073,bg,-13.2167,0,NOT_EXACT_EN_US,,,,,,,REJECTED_AUTO,0,0,0,,,,,0,0,0,ESDB_V0_4
19609,20074,biker,-13.2167,1,PASS,40,,n,biker,LEMMA,,MASTER,0,1,0,,bike,,,1,0,0,ESDB_V0_4
19610,20075,biopsy,-13.2167,1,PASS,40,,n_v,biopsy,LEMMA,,MASTER,0,0,0,,,,,0,0,0,ESDB_V0_4
19611,20076,bj,-13.2167,0,NOT_EXACT_EN_US,,,,,,,REJECTED_AUTO,0,0,0,,,,,0,0,0,ESDB_V0_4
19612,20077,blacked,-13.2167,1,PASS,35,,n_v,black,FORM,,MASTER,0,1,0,lacked,,,,1,0,0,ESDB_V0_4
19613,20078,boko,-13.2167,0,NOT_EXACT_EN_US,,,,,,,REJECTED_AUTO,0,0,0,,,,,0,0,0,ESDB_V0_4
19614,20079,bosch,-13.2167,0,NOT_EXACT_EN_US,,,,,,,REJECTED_AUTO,0,0,0,,,,,0,0,0,ESDB_V0_4
19615,20080,brandt,-13.2167,0,NOT_EXACT_EN_US,,,,,,,REJECTED_AUTO,0,0,0,,,,,0,0,0,ESDB_V0_4
19616,20081,budgetary,-13.2167,1,PASS,50,,aj,budgetary,LEMMA,,MASTER,0,0,0,,,,,0,0,0,ESDB_V0_4
19617,20082,calibre,-13.2167,0,NOT_EXACT_EN_US,,,,,,,REJECTED_AUTO,0,0,0,,,,,0,0,0,ESDB_V0_4
19618,20083,carcass,-13.2167,1,PASS,35,,n,carcass,LEMMA,,MASTER,0,0,0,,,,,0,0,0,ESDB_V0_4
19619,20084,cassie,-13.2167,0,NOT_EXACT_EN_US,,,,,,,REJECTED_AUTO,0,0,0,,,,,0,0,0,ESDB_V0_4
19620,20085,charley,-13.2167,0,NOT_EXACT_EN_US,,,,,,,REJECTED_AUTO,0,0,0,,,,,0,0,0,ESDB_V0_4
19621,20086,chico,-13.2167,0,NOT_EXACT_EN_US,,,,,,,REJECTED_AUTO,0,0,0,,,,,0,0,0,ESDB_V0_4
19622,20087,ck,-13.2167,0,NO_ESDB_GENERAL_EVIDENCE,,,,,,,REJECTED_AUTO,0,0,0,,,,,0,0,0,ESDB_V0_4
19623,20088,cleanliness,-13.2167,1,PASS,35,,n,cleanliness,LEMMA,,MASTER,0,0,0,,,,,0,0,0,ESDB_V0_4
19624,20089,cognition,-13.2167,1,PASS,50,,n,cognition,LEMMA,,MASTER,0,0,0,,,,,0,0,0,ESDB_V0_4
19625,20090,collide,-13.2167,1,PASS,35,,v,collide,LEMMA,,MASTER,0,1,1,,,,collided,0,1,1,ESDB_V0_4
19626,20091,comma,-13.2167,1,PASS,35,,n,comma,LEMMA,,MASTER,0,0,0,,,,,0,0,0,ESDB_V0_4
19627,20092,compartments,-13.2167,1,PASS,35,,n,compartment,FORM,,MASTER,0,1,0,,compartment,,,1,0,0,ESDB_V0_4
19628,20093,complexities,-13.2167,1,PASS,35,,n,complexity,FORM,,MASTER,0,0,0,,,,,0,0,0,ESDB_V0_4
19629,20094,concentrates,-13.2167,1,PASS,35,,n_v,concentrate,FORM,,MASTER,0,1,0,,concentrate,,,1,0,0,ESDB_V0_4
19630,20095,concerto,-13.2167,1,PASS,35,,n,concerto,LEMMA,,MASTER,0,1,0,,concert,,,1,0,0,ESDB_V0_4
19631,20096,converge,-13.2167,1,PASS,35,,v,converge,LEMMA,,MASTER,0,0,0,,,,,0,0,0,ESDB_V0_4
19632,20097,convicts,-13.2167,1,PASS,35,,n_v,convict,FORM,,MASTER,0,1,0,,convict,,,1,0,0,ESDB_V0_4
19633,20098,cookbook,-13.2167,1,PASS,35,,n,cookbook,LEMMA,,MASTER,0,0,0,,,,,0,0,0,ESDB_V0_4
19634,20099,cornelius,-13.2167,0,NOT_EXACT_EN_US,,,,,,,REJECTED_AUTO,0,0,0,,,,,0,0,0,ESDB_V0_4
19635,20100,counselors,-13.2167,1,PASS,35,,n,counselor,FORM,,MASTER,0,1,0,,counselor,,,1,0,0,ESDB_V0_4
19636,20101,couture,-13.2167,1,PASS,60,,n,couture,LEMMA,,MASTER,0,0,0,,,,,0,0,0,ESDB_V0_4
19637,20102,cree,-13.2167,0,NOT_EXACT_EN_US,,,,,,,REJECTED_AUTO,0,0,0,,,,,0,0,0,ESDB_V0_4
19638,20103,crispy,-13.2167,1,PASS,35,,aj,crispy,LEMMA,,MASTER,0,1,0,,crisp,,,1,0,0,ESDB_V0_4
19639,20104,crumbs,-13.2167,1,PASS,35,,n_v;n,crumb;crumbs,FORM;LEMMA,,MASTER,0,0,0,,,,,0,0,0,ESDB_V0_4
19640,20105,cutie,-13.2167,1,PASS,60,,n,cutie,LEMMA,,MASTER,0,0,0,,,,,0,0,0,ESDB_V0_4
19641,20106,dashed,-13.2167,1,PASS,35,,n_v;aj,dash;dashed,FORM;LEMMA,,MASTER,0,0,0,,,,,0,0,0,ESDB_V0_4
19642,20107,dashing,-13.2167,1,PASS,35,,n_v;aj,dash;dashing,FORM;LEMMA,,MASTER,0,0,0,,,,,0,0,0,ESDB_V0_4
19643,20108,defer,-13.2167,1,PASS,35,,v,defer,LEMMA,,MASTER,0,0,0,,,,,0,0,0,ESDB_V0_4
19644,20109,definitively,-13.2167,1,PASS,40,,a,definitively,LEMMA,,MASTER,0,0,0,,,,,0,0,0,ESDB_V0_4
19645,20110,dentists,-13.2167,1,PASS,35,,n,dentist,FORM,,MASTER,0,1,0,,dentist,,,1,0,0,ESDB_V0_4
19646,20111,descends,-13.2167,1,PASS,35,,v,descend,FORM,,MASTER,0,1,0,,descend,,,1,0,0,ESDB_V0_4
19647,20112,deux,-13.2167,0,NOT_EXACT_EN_US,,,,,,,REJECTED_AUTO,0,0,0,,,,,0,0,0,ESDB_V0_4
19648,20113,directories,-13.2167,1,PASS,35,,n,directory,FORM,,MASTER,0,0,0,,,,,0,0,0,ESDB_V0_4
19649,20114,dismantling,-13.2167,1,PASS,35,,v;n,dismantle;dismantling,FORM;LEMMA,,MASTER,0,0,0,,,,,0,0,0,ESDB_V0_4
19650,20115,dodd,-13.2167,0,NOT_EXACT_EN_US,,,,,,,REJECTED_AUTO,0,0,0,,,,,0,0,0,ESDB_V0_4
19651,20116,draper,-13.2167,1,PASS,60,,n,draper,LEMMA,,MASTER,0,0,0,,,,,0,0,0,ESDB_V0_4
19652,20117,dumps,-13.2167,1,PASS,35,,n_v,dump,FORM,,MASTER,0,1,0,,dump,,,1,0,0,ESDB_V0_4
19653,20118,dwellers,-13.2167,1,PASS,35,,n,dweller,FORM,,MASTER,0,0,0,,,,,0,0,0,ESDB_V0_4
19654,20119,electronically,-13.2167,1,PASS,35,,av,electronically,LEMMA,,MASTER,0,0,0,,,,,0,0,0,ESDB_V0_4
19655,20120,emptiness,-13.2167,1,PASS,35,,n,emptiness,LEMMA,,MASTER,0,0,0,,,,,0,0,0,ESDB_V0_4
19656,20121,enslaved,-13.2167,1,PASS,35,,v,enslave,FORM,,MASTER,0,0,0,,,,,0,0,0,ESDB_V0_4
19657,20122,entropy,-13.2167,1,PASS,35,,n,entropy,LEMMA,,MASTER,0,0,0,,,,,0,0,0,ESDB_V0_4
19658,20123,equestrian,-13.2167,1,PASS,35,,n;aj,equestrian,LEMMA,,MASTER,0,0,0,,,,,0,0,0,ESDB_V0_4
19659,20124,eviction,-13.2167,1,PASS,35,,n,eviction,LEMMA,,MASTER,0,0,0,,,,,0,0,0,ESDB_V0_4
19660,20125,excused,-13.2167,1,PASS,35,,n_v;aj,excuse;excused,FORM;LEMMA,,MASTER,0,1,0,,excuse,,,1,0,0,ESDB_V0_4
19661,20126,fay,-13.2167,0,CASE_FREQ_COLLISION,60,50,n;a,fay,LEMMA,,REJECTED_AUTO,0,0,0,,,,,0,0,0,ESDB_V0_4
19662,20127,flaps,-13.2167,1,PASS,35,,n_v,flap,FORM,,MASTER,0,1,0,laps,flap,,,2,0,0,ESDB_V0_4
19663,20128,fluoride,-13.2167,1,PASS,40,,n,fluoride,LEMMA,,MASTER,0,0,0,,,,,0,0,0,ESDB_V0_4
19664,20129,footed,-13.2167,1,PASS,35,,v,foot,FORM,,MASTER,0,0,0,,,,,0,0,0,ESDB_V0_4
19665,20130,forcefully,-13.2167,1,PASS,35,,av,forcefully,LEMMA,,MASTER,0,0,0,,,,,0,0,0,ESDB_V0_4
19666,20131,foresee,-13.2167,1,PASS,35,,v,foresee,LEMMA,,MASTER,0,0,0,,,,,0,0,0,ESDB_V0_4
19667,20132,fracking,-13.2167,0,SPECIAL_ONLY,50,,v;n,frack;fracking,FORM;LEMMA,,REJECTED_AUTO,0,0,0,,,,,0,0,0,ESDB_V0_4
19668,20133,futuristic,-13.2167,1,PASS,35,,aj,futuristic,LEMMA,,MASTER,0,0,0,,,,,0,0,0,ESDB_V0_4
19669,20134,gaelic,-13.2167,0,NOT_EXACT_EN_US,,,,,,,REJECTED_AUTO,0,0,0,,,,,0,0,0,ESDB_V0_4
19670,20135,genealogy,-13.2167,1,PASS,35,,n,genealogy,LEMMA,,MASTER,0,0,0,,,,,0,0,0,ESDB_V0_4
19671,20136,gilded,-13.2167,1,PASS,35,,n_v;aj,gild;gilded,FORM;LEMMA,,MASTER,0,0,0,,,,,0,0,0,ESDB_V0_4
19672,20137,gilles,-13.2167,0,NOT_EXACT_EN_US,,,,,,,REJECTED_AUTO,0,0,0,,,,,0,0,0,ESDB_V0_4
19673,20138,gillian,-13.2167,0,NOT_EXACT_EN_US,,,,,,,REJECTED_AUTO,0,0,0,,,,,0,0,0,ESDB_V0_4
19674,20139,gilmore,-13.2167,0,NOT_EXACT_EN_US,,,,,,,REJECTED_AUTO,0,0,0,,,,,0,0,0,ESDB_V0_4
19675,20140,gloom,-13.2167,1,PASS,35,,n,gloom,LEMMA,,MASTER,0,1,1,loom,,,gloomy,1,1,0,ESDB_V0_4
19676,20141,gmail,-13.2167,0,NOT_EXACT_EN_US,,,,,,,REJECTED_AUTO,0,0,0,,,,,0,0,0,ESDB_V0_4
19677,20142,granger,-13.2167,0,NOT_EXACT_EN_US,,,,,,,REJECTED_AUTO,0,0,0,,,,,0,0,0,ESDB_V0_4
19678,20143,grasses,-13.2167,1,PASS,35,,n_v,grass,FORM,,MASTER,0,0,0,,,,,0,0,0,ESDB_V0_4
19679,20144,greenberg,-13.2167,0,NOT_EXACT_EN_US,,,,,,,REJECTED_AUTO,0,0,0,,,,,0,0,0,ESDB_V0_4
19680,20145,grimes,-13.2167,1,PASS,35,50,v,grime,FORM,,MASTER,0,0,0,,,,,0,0,0,ESDB_V0_4
19681,20146,haifa,-13.2167,0,NOT_EXACT_EN_US,,,,,,,REJECTED_AUTO,0,0,0,,,,,0,0,0,ESDB_V0_4
19682,20147,hinge,-13.2167,1,PASS,35,,n_v,hinge,LEMMA,,MASTER,0,1,1,,,,hinges,0,1,1,ESDB_V0_4
19683,20148,hops,-13.2167,1,PASS,35,,n_v,hop,FORM,,MASTER,0,1,1,ops,hop,shops;chops,,2,2,0,ESDB_V0_4
19684,20149,howling,-13.2167,1,PASS,35,,n_v;n;aj,howl;howling,FORM;LEMMA,,MASTER,0,0,0,,,,,0,0,0,ESDB_V0_4
19685,20150,hypnosis,-13.2167,1,PASS,35,,n,hypnosis,LEMMA,,MASTER,0,0,0,,,,,0,0,0,ESDB_V0_4
19686,20151,indigo,-13.2167,1,PASS,35,,n;aj,indigo,LEMMA,,MASTER,0,0,0,,,,,0,0,0,ESDB_V0_4
19687,20152,ingrid,-13.2167,0,NOT_EXACT_EN_US,,,,,,,REJECTED_AUTO,0,0,0,,,,,0,0,0,ESDB_V0_4
19688,20153,injure,-13.2167,1,PASS,35,,v,injure,LEMMA,,MASTER,0,1,1,,,,injured,0,1,1,ESDB_V0_4
19689,20154,intensify,-13.2167,1,PASS,35,,v,intensify,LEMMA,,MASTER,0,0,0,,,,,0,0,0,ESDB_V0_4
19690,20155,invasions,-13.2167,1,PASS,35,,n,invasion,FORM,,MASTER,0,1,0,,invasion,,,1,0,0,ESDB_V0_4
19691,20156,jeb,-13.2167,0,NOT_EXACT_EN_US,,,,,,,REJECTED_AUTO,0,0,0,,,,,0,0,0,ESDB_V0_4
19692,20157,kali,-13.2167,0,NOT_EXACT_EN_US,,,,,,,REJECTED_AUTO,0,0,0,,,,,0,0,0,ESDB_V0_4
19693,20158,kart,-13.2167,1,PASS,60,,n,kart,LEMMA,,MASTER,0,1,0,art,,,,1,0,0,ESDB_V0_4
19694,20159,kudos,-13.2167,1,PASS,35,,n,kudos,LEMMA,,MASTER,0,0,0,,,,,0,0,0,ESDB_V0_4
19695,20160,kw,-13.2167,0,NO_ESDB_GENERAL_EVIDENCE,,,,,,,REJECTED_AUTO,0,0,0,,,,,0,0,0,ESDB_V0_4
19696,20161,laced,-13.2167,1,PASS,35,,n_v,lace,FORM,,MASTER,0,1,1,,lace,placed,,1,1,0,ESDB_V0_4
19697,20162,leftover,-13.2167,1,PASS,50,,n;aj,leftover,LEMMA,,MASTER,0,1,1,,,,leftovers,0,1,1,ESDB_V0_4
19698,20163,legislatures,-13.2167,1,PASS,35,,n,legislature,FORM,,MASTER,0,1,0,,legislature,,,1,0,0,ESDB_V0_4
19699,20164,lille,-13.2167,0,NOT_EXACT_EN_US,,,,,,,REJECTED_AUTO,0,0,0,,,,,0,0,0,ESDB_V0_4
19700,20165,lim,-13.2167,0,NOT_EXACT_EN_US,,,,,,,REJECTED_AUTO,0,0,0,,,,,0,0,0,ESDB_V0_4
19701,20166,linebacker,-13.2167,1,PASS,50,,n,linebacker,LEMMA,,MASTER,0,0,0,,,,,0,0,0,ESDB_V0_4
19702,20167,liza,-13.2167,0,NOT_EXACT_EN_US,,,,,,,REJECTED_AUTO,0,0,0,,,,,0,0,0,ESDB_V0_4
19703,20168,lng,-13.2167,0,NOT_EXACT_EN_US,,,,,,,REJECTED_AUTO,0,0,0,,,,,0,0,0,ESDB_V0_4
19704,20169,lobe,-13.2167,1,PASS,35,,n,lobe,LEMMA,,MASTER,0,1,1,,,globe,,0,1,0,ESDB_V0_4
19705,20170,lousy,-13.2167,1,PASS,35,,aj,lousy,LEMMA,,MASTER,0,0,0,,,,,0,0,0,ESDB_V0_4
19706,20171,lowly,-13.2167,1,PASS,35,,aj,lowly,LEMMA,,MASTER,0,1,1,,,slowly,,0,1,0,ESDB_V0_4
19707,20172,lsd,-13.2167,0,NOT_EXACT_EN_US,,,,,,,REJECTED_AUTO,0,0,0,,,,,0,0,0,ESDB_V0_4
19708,20173,luminous,-13.2167,1,PASS,35,,aj,luminous,LEMMA,,MASTER,0,0,0,,,,,0,0,0,ESDB_V0_4
19709,20174,lyle,-13.2167,0,NOT_EXACT_EN_US,,,,,,,REJECTED_AUTO,0,0,0,,,,,0,0,0,ESDB_V0_4
19710,20176,macarthur,-13.2167,0,NOT_EXACT_EN_US,,,,,,,REJECTED_AUTO,0,0,0,,,,,0,0,0,ESDB_V0_4
19711,20177,macau,-13.2167,0,NOT_EXACT_EN_US,,,,,,,REJECTED_AUTO,0,0,0,,,,,0,0,0,ESDB_V0_4
19712,20178,manson,-13.2167,0,NOT_EXACT_EN_US,,,,,,,REJECTED_AUTO,0,0,0,,,,,0,0,0,ESDB_V0_4
19713,20179,marino,-13.2167,0,NOT_EXACT_EN_US,,,,,,,REJECTED_AUTO,0,0,0,,,,,0,0,0,ESDB_V0_4
19714,20180,masculinity,-13.2167,1,PASS,40,,n,masculinity,LEMMA,,MASTER,0,0,0,,,,,0,0,0,ESDB_V0_4
19715,20181,mathieu,-13.2167,0,NOT_EXACT_EN_US,,,,,,,REJECTED_AUTO,0,0,0,,,,,0,0,0,ESDB_V0_4
19716,20182,maui,-13.2167,0,NOT_EXACT_EN_US,,,,,,,REJECTED_AUTO,0,0,0,,,,,0,0,0,ESDB_V0_4
19717,20183,mep,-13.2167,0,NOT_EXACT_EN_US,,,,,,,REJECTED_AUTO,0,0,0,,,,,0,0,0,ESDB_V0_4
19718,20184,metaphysical,-13.2167,1,PASS,35,,aj,metaphysical,LEMMA,,MASTER,0,0,0,,,,,0,0,0,ESDB_V0_4
19719,20185,meticulous,-13.2167,1,PASS,35,,aj,meticulous,LEMMA,,MASTER,0,0,0,,,,,0,0,0,ESDB_V0_4
19720,20186,militias,-13.2167,1,PASS,35,,n,militia,FORM,,MASTER,0,1,0,,militia,,,1,0,0,ESDB_V0_4
19721,20187,millionaires,-13.2167,1,PASS,35,,n,millionaire,FORM,,MASTER,0,1,0,,millionaire,,,1,0,0,ESDB_V0_4
19722,20188,misled,-13.2167,1,PASS,35,,v,mislead,FORM,,MASTER,0,0,0,,,,,0,0,0,ESDB_V0_4
19723,20189,mixtape,-13.2167,1,PASS,60,,n,mixtape,LEMMA,,MASTER,0,0,0,,,,,0,0,0,ESDB_V0_4
19724,20190,mobilize,-13.2167,1,PASS,35,,v,mobilize,LEMMA,,MASTER,0,1,1,,,,mobilized,0,1,1,ESDB_V0_4
19725,20191,monologue,-13.2167,1,PASS,35,,n,monologue,LEMMA,,MASTER,0,0,0,,,,,0,0,0,ESDB_V0_4
19726,20192,multiplier,-13.2167,1,PASS,50,,n,multiplier,LEMMA,,MASTER,0,0,0,,,,,0,0,0,ESDB_V0_4
19727,20195,navigating,-13.2167,1,PASS,35,,v,navigate,FORM,,MASTER,0,0,0,,,,,0,0,0,ESDB_V0_4
19728,20196,nightfall,-13.2167,1,PASS,35,,n,nightfall,LEMMA,,MASTER,0,0,0,,,,,0,0,0,ESDB_V0_4
19729,20197,nouns,-13.2167,1,PASS,35,,n,noun,FORM,,MASTER,0,1,0,,noun,,,1,0,0,ESDB_V0_4
19730,20198,nurturing,-13.2167,1,PASS,35,,v,nurture,FORM,,MASTER,0,0,0,,,,,0,0,0,ESDB_V0_4
19731,20200,obi,-13.2167,1,PASS,60,,n,obi,LEMMA;FORM,,MASTER,0,0,0,,,,,0,0,0,ESDB_V0_4
19732,20201,olson,-13.2167,0,NOT_EXACT_EN_US,,,,,,,REJECTED_AUTO,0,0,0,,,,,0,0,0,ESDB_V0_4
19733,20202,operas,-13.2167,1,PASS,35,,n,opera,FORM,,MASTER,0,1,0,,opera,,,1,0,0,ESDB_V0_4
19734,20203,orbiting,-13.2167,1,PASS,35,,n_v,orbit,FORM,,MASTER,0,0,0,,,,,0,0,0,ESDB_V0_4
19735,20204,orchid,-13.2167,1,PASS,35,,n,orchid,LEMMA,,MASTER,0,0,0,,,,,0,0,0,ESDB_V0_4
19736,20205,outlawed,-13.2167,1,PASS,35,,n_v;aj,outlaw;outlawed,FORM;LEMMA,,MASTER,0,0,0,,,,,0,0,0,ESDB_V0_4
19737,20206,oversized,-13.2167,0,NOT_EXACT_EN_US,,,,,,,REJECTED_AUTO,0,0,0,,,,,0,0,0,ESDB_V0_4
19738,20207,overt,-13.2167,1,PASS,35,,aj,overt,LEMMA,,MASTER,0,1,1,,over,covert,,1,1,0,ESDB_V0_4
19739,20208,pajamas,-13.2167,1,PASS,35,,n,pajamas,LEMMA,,MASTER,0,0,0,,,,,0,0,0,ESDB_V0_4
19740,20209,parades,-13.2167,1,PASS,35,,n_v,parade,FORM,,MASTER,0,1,0,,parade,,,1,0,0,ESDB_V0_4
19741,20210,parsley,-13.2167,1,PASS,35,,n,parsley,LEMMA,,MASTER,0,0,0,,,,,0,0,0,ESDB_V0_4
19742,20212,pasha,-13.2167,1,PASS,50,,n,pasha,LEMMA,,MASTER,0,0,0,,,,,0,0,0,ESDB_V0_4
19743,20213,paused,-13.2167,1,PASS,35,,n_v,pause,FORM,,MASTER,0,1,0,,pause,,,1,0,0,ESDB_V0_4
19744,20214,payback,-13.2167,1,PASS,60,,n,payback,LEMMA,,MASTER,0,0,0,,,,,0,0,0,ESDB_V0_4
19745,20215,paz,-13.2167,0,NOT_EXACT_EN_US,,,,,,,REJECTED_AUTO,0,0,0,,,,,0,0,0,ESDB_V0_4
19746,20216,pelvic,-13.2167,1,PASS,35,,aj,pelvic,LEMMA,,MASTER,0,0,0,,,,,0,0,0,ESDB_V0_4
19747,20217,perch,-13.2167,1,PASS,35,,n;v,perch,LEMMA;FORM,,MASTER,0,0,0,,,,,0,0,0,ESDB_V0_4
19748,20218,phony,-13.2167,1,PASS,35,,n;v;aj,phony,LEMMA,,MASTER,0,0,0,,,,,0,0,0,ESDB_V0_4
19749,20219,pius,-13.2167,0,NOT_EXACT_EN_US,,,,,,,REJECTED_AUTO,0,0,0,,,,,0,0,0,ESDB_V0_4
19750,20220,policymakers,-13.2167,1,PASS,60,,n,policymaker,FORM,,MASTER,0,0,0,,,,,0,0,0,ESDB_V0_4
19751,20221,pont,-13.2167,0,NOT_EXACT_EN_US,,,,,,,REJECTED_AUTO,0,0,0,,,,,0,0,0,ESDB_V0_4
19752,20222,poole,-13.2167,0,NOT_EXACT_EN_US,,,,,,,REJECTED_AUTO,0,0,0,,,,,0,0,0,ESDB_V0_4
19753,20223,portraying,-13.2167,1,PASS,35,,v;n,portray;portraying,FORM;LEMMA,,MASTER,0,0,0,,,,,0,0,0,ESDB_V0_4
19754,20224,potency,-13.2167,1,PASS,35,,n,potency,LEMMA,,MASTER,0,0,0,,,,,0,0,0,ESDB_V0_4
19755,20225,potion,-13.2167,1,PASS,35,,n,potion,LEMMA,,MASTER,0,0,0,,,,,0,0,0,ESDB_V0_4
19756,20226,preclude,-13.2167,1,PASS,35,,v,preclude,LEMMA,,MASTER,0,0,0,,,,,0,0,0,ESDB_V0_4
19757,20227,predetermined,-13.2167,1,PASS,40,,v;aj,predetermine;predetermined,FORM;LEMMA,,MASTER,0,0,0,,,,,0,0,0,ESDB_V0_4
19758,20228,predicament,-13.2167,1,PASS,35,,n,predicament,LEMMA,,MASTER,0,0,0,,,,,0,0,0,ESDB_V0_4
19759,20229,prefect,-13.2167,1,PASS,35,,n,prefect,LEMMA,,MASTER,0,0,0,,,,,0,0,0,ESDB_V0_4
19760,20230,pretoria,-13.2167,0,NOT_EXACT_EN_US,,,,,,,REJECTED_AUTO,0,0,0,,,,,0,0,0,ESDB_V0_4
19761,20231,psalms,-13.2167,1,PASS,35,50,n,psalm,FORM,,MASTER,0,1,0,,psalm,,,1,0,0,ESDB_V0_4
19762,20232,quay,-13.2167,1,PASS,35,,n,quay,LEMMA,,MASTER,0,0,0,,,,,0,0,0,ESDB_V0_4
19763,20233,quotations,-13.2167,1,PASS,35,,n,quotation,FORM,,MASTER,0,1,0,,quotation,,,1,0,0,ESDB_V0_4
19764,20234,raider,-13.2167,1,PASS,35,,n,raider,LEMMA,,MASTER,0,1,1,,,,raiders,0,1,1,ESDB_V0_4
19765,20235,rapes,-13.2167,1,PASS,35,,n_v,rape,FORM,,MASTER,0,1,1,apes,rape,grapes,,2,1,0,ESDB_V0_4
19766,20236,rebate,-13.2167,1,PASS,35,,n_v,rebate,LEMMA,,MASTER,0,0,0,,,,,0,0,0,ESDB_V0_4
19767,20237,recap,-13.2167,1,PASS,35,,n_v,recap,LEMMA,,MASTER,0,0,0,,,,,0,0,0,ESDB_V0_4
19768,20238,recharge,-13.2167,1,PASS,40,,n_v,recharge,LEMMA,,MASTER,0,0,0,,,,,0,0,0,ESDB_V0_4
19769,20239,recital,-13.2167,1,PASS,35,,n,recital,LEMMA,,MASTER,0,0,0,,,,,0,0,0,ESDB_V0_4
19770,20240,recognises,-13.2167,0,NOT_EXACT_EN_US,,,,,,,REJECTED_AUTO,0,0,0,,,,,0,0,0,ESDB_V0_4
19771,20241,reflexes,-13.2167,1,PASS,35,,n,reflex,FORM,,MASTER,0,0,0,,,,,0,0,0,ESDB_V0_4
19772,20242,refreshed,-13.2167,1,PASS,35,,v;aj,refresh;refreshed,FORM;LEMMA,,MASTER,0,0,0,,,,,0,0,0,ESDB_V0_4
19773,20243,remedial,-13.2167,1,PASS,35,,aj,remedial,LEMMA,,MASTER,0,0,0,,,,,0,0,0,ESDB_V0_4
19774,20244,reopen,-13.2167,1,PASS,35,,v,reopen,LEMMA,,MASTER,0,0,0,,,,,0,0,0,ESDB_V0_4
19775,20245,restroom,-13.2167,1,PASS,40,,n,restroom,LEMMA,,MASTER,0,0,0,,,,,0,0,0,ESDB_V0_4
19776,20246,riviera,-13.2167,0,CASE_FREQ_COLLISION,60,50,n,riviera,LEMMA,,REJECTED_AUTO,0,0,0,,,,,0,0,0,ESDB_V0_4
19777,20247,robb,-13.2167,0,NOT_EXACT_EN_US,,,,,,,REJECTED_AUTO,0,0,0,,,,,0,0,0,ESDB_V0_4
19778,20248,rolf,-13.2167,0,NOT_EXACT_EN_US,,,,,,,REJECTED_AUTO,0,0,0,,,,,0,0,0,ESDB_V0_4
19779,20249,rudolph,-13.2167,0,NOT_EXACT_EN_US,,,,,,,REJECTED_AUTO,0,0,0,,,,,0,0,0,ESDB_V0_4
19780,20250,samba,-13.2167,1,PASS,50,,n_v,samba,LEMMA,,MASTER,0,0,0,,,,,0,0,0,ESDB_V0_4
19781,20251,scandalous,-13.2167,1,PASS,35,,aj,scandalous,LEMMA,,MASTER,0,0,0,,,,,0,0,0,ESDB_V0_4
19782,20252,scot,-13.2167,0,NOT_EXACT_EN_US,,,,,,,REJECTED_AUTO,0,0,0,,,,,0,0,0,ESDB_V0_4
19783,20253,selfless,-13.2167,1,PASS,40,,aj,selfless,LEMMA,,MASTER,0,0,0,,,,,0,0,0,ESDB_V0_4
19784,20254,semifinals,-13.2167,1,PASS,35,,n,semifinal,FORM,,MASTER,0,0,0,,,,,0,0,0,ESDB_V0_4
19785,20255,sens,-13.2167,0,NOT_EXACT_EN_US,,,,,,,REJECTED_AUTO,0,0,0,,,,,0,0,0,ESDB_V0_4
19786,20256,sera,-13.2167,0,NOT_EXACT_EN_US,,,,,,,REJECTED_AUTO,0,0,0,,,,,0,0,0,ESDB_V0_4
19787,20257,serb,-13.2167,0,NOT_EXACT_EN_US,,,,,,,REJECTED_AUTO,0,0,0,,,,,0,0,0,ESDB_V0_4
19788,20258,shabby,-13.2167,1,PASS,35,,aj,shabby,LEMMA,,MASTER,0,0,0,,,,,0,0,0,ESDB_V0_4
19789,20259,shaman,-13.2167,1,PASS,50,,n,shaman,LEMMA,,MASTER,0,0,0,,,,,0,0,0,ESDB_V0_4
19790,20260,shelly,-13.2167,0,NOT_EXACT_EN_US,,,,,,,REJECTED_AUTO,0,0,0,,,,,0,0,0,ESDB_V0_4
19791,20261,shun,-13.2167,1,PASS,35,,v,shun,LEMMA,,MASTER,0,0,0,,,,,0,0,0,ESDB_V0_4
19792,20262,siberian,-13.2167,0,NOT_EXACT_EN_US,,,,,,,REJECTED_AUTO,0,0,0,,,,,0,0,0,ESDB_V0_4
19793,20263,sickening,-13.2167,1,PASS,35,,v;aj,sicken;sickening,FORM;LEMMA,,MASTER,0,0,0,,,,,0,0,0,ESDB_V0_4
19794,20265,skid,-13.2167,1,PASS,35,,n_v,skid,LEMMA,,MASTER,0,1,0,kid,ski,,,2,0,0,ESDB_V0_4
19795,20266,skiers,-13.2167,1,PASS,40,,n,skier,FORM,,MASTER,0,0,0,,,,,0,0,0,ESDB_V0_4
19796,20267,slaying,-13.2167,1,PASS,35,,v;n,slay;slaying,FORM;LEMMA,,MASTER,0,1,0,laying,,,,1,0,0,ESDB_V0_4
19797,20268,sledge,-13.2167,1,PASS,50,,n_v,sledge,LEMMA,,MASTER,0,1,0,ledge,,,,1,0,0,ESDB_V0_4
19798,20269,slum,-13.2167,1,PASS,35,,n_v,slum,LEMMA,,MASTER,0,1,1,,,,slump,0,1,0,ESDB_V0_4
19799,20270,smelly,-13.2167,1,PASS,35,,aj,smelly,LEMMA,,MASTER,0,1,0,,smell,,,1,0,0,ESDB_V0_4
19800,20271,smog,-13.2167,1,PASS,35,,n,smog,LEMMA,,MASTER,0,0,0,,,,,0,0,0,ESDB_V0_4
19801,20272,sorrows,-13.2167,1,PASS,35,,n_v,sorrow,FORM,,MASTER,0,1,0,,sorrow,,,1,0,0,ESDB_V0_4
19802,20273,spat,-13.2167,1,PASS,35,,v;n,spat;spit,LEMMA;FORM,,MASTER,0,1,0,pat,spa,,,2,0,0,ESDB_V0_4
19803,20274,strangest,-13.2167,1,PASS,35,,aj,strange,FORM,,MASTER,0,0,0,,,,,0,0,0,ESDB_V0_4
19804,20275,stricter,-13.2167,1,PASS,35,,aj,strict,FORM,,MASTER,0,0,0,,,,,0,0,0,ESDB_V0_4
19805,20276,surveyor,-13.2167,1,PASS,35,,n,surveyor,LEMMA,,MASTER,0,0,0,,,,,0,0,0,ESDB_V0_4
19806,20277,sv,-13.2167,0,NOT_EXACT_EN_US,,,,,,,REJECTED_AUTO,0,0,0,,,,,0,0,0,ESDB_V0_4
19807,20278,swedes,-13.2167,1,PASS,60,,n,swede,FORM,,MASTER,0,0,0,,,,,0,0,0,ESDB_V0_4
19808,20279,synopsis,-13.2167,1,PASS,35,,n,synopsis,LEMMA,,MASTER,0,0,0,,,,,0,0,0,ESDB_V0_4
19809,20281,tanaka,-13.2167,0,NOT_EXACT_EN_US,,,,,,,REJECTED_AUTO,0,0,0,,,,,0,0,0,ESDB_V0_4
19810,20282,terminating,-13.2167,1,PASS,35,,v,terminate,FORM,,MASTER,0,0,0,,,,,0,0,0,ESDB_V0_4
19811,20283,thence,-13.2167,1,PASS,35,,av,thence,LEMMA,,MASTER,0,1,0,hence,,,,1,0,0,ESDB_V0_4
19812,20284,thrift,-13.2167,1,PASS,35,,n,thrift,LEMMA,,MASTER,0,0,0,,,,,0,0,0,ESDB_V0_4
19813,20285,timmy,-13.2167,0,NOT_EXACT_EN_US,,,,,,,REJECTED_AUTO,0,0,0,,,,,0,0,0,ESDB_V0_4
19814,20286,towing,-13.2167,1,PASS,35,,n_v;n,tow;towing,FORM;LEMMA,,MASTER,0,1,0,owing,,,,1,0,0,ESDB_V0_4
19815,20287,tracts,-13.2167,1,PASS,35,,n,tract,FORM,,MASTER,0,1,0,,tract,,,1,0,0,ESDB_V0_4
19816,20288,transfusion,-13.2167,1,PASS,35,,n,transfusion,LEMMA,,MASTER,0,0,0,,,,,0,0,0,ESDB_V0_4
19817,20289,transplantation,-13.2167,1,PASS,50,,n,transplantation,LEMMA,,MASTER,0,0,0,,,,,0,0,0,ESDB_V0_4
19818,20290,typewriter,-13.2167,1,PASS,35,,n,typewriter,LEMMA,,MASTER,0,0,0,,,,,0,0,0,ESDB_V0_4
19819,20291,understatement,-13.2167,1,PASS,35,,n,understatement,LEMMA,,MASTER,0,0,0,,,,,0,0,0,ESDB_V0_4
19820,20292,unison,-13.2167,1,PASS,35,,n,unison,LEMMA,,MASTER,0,0,0,,,,,0,0,0,ESDB_V0_4
19821,20293,vaughn,-13.2167,0,NOT_EXACT_EN_US,,,,,,,REJECTED_AUTO,0,0,0,,,,,0,0,0,ESDB_V0_4
19822,20294,vulcan,-13.2167,0,NOT_EXACT_EN_US,,,,,,,REJECTED_AUTO,0,0,0,,,,,0,0,0,ESDB_V0_4
19823,20296,whistles,-13.2167,1,PASS,35,,n_v,whistle,FORM,,MASTER,0,1,0,,whistle,,,1,0,0,ESDB_V0_4
19824,20297,widest,-13.2167,1,PASS,35,,aj_av,wide,FORM,,MASTER,0,0,0,,,,,0,0,0,ESDB_V0_4
19825,20298,wrench,-13.2167,1,PASS,35,,n_v,wrench,LEMMA,,MASTER,0,0,0,,,,,0,0,0,ESDB_V0_4
19826,20299,ying,-13.2167,0,NOT_EXACT_EN_US,,,,,,,REJECTED_AUTO,0,0,0,,,,,0,0,0,ESDB_V0_4
19827,20300,yrs,-13.2167,0,NO_ESDB_GENERAL_EVIDENCE,,,,,,,REJECTED_AUTO,0,0,0,,,,,0,0,0,ESDB_V0_4
19828,20306,abd,-13.2389,0,NOT_EXACT_EN_US,,,,,,,REJECTED_AUTO,0,0,0,,,,,0,0,0,ESDB_V0_4
19829,20307,abort,-13.2389,1,PASS,35,,v,abort,LEMMA,,MASTER,0,0,0,,,,,0,0,0,ESDB_V0_4
19830,20308,accommodating,-13.2389,1,PASS,35,,v;aj,accommodate;accommodating,FORM;LEMMA,,MASTER,0,0,0,,,,,0,0,0,ESDB_V0_4
19831,20309,accrued,-13.2389,1,PASS,35,,v,accrue,FORM,,MASTER,0,0,0,,,,,0,0,0,ESDB_V0_4
19832,20310,adored,-13.2389,1,PASS,35,,v,adore,FORM,,MASTER,0,1,0,,adore,,,1,0,0,ESDB_V0_4
19833,20311,adversaries,-13.2389,1,PASS,35,,n,adversary,FORM,,MASTER,0,0,0,,,,,0,0,0,ESDB_V0_4
19834,20312,agendas,-13.2389,1,PASS,35,,n,agenda,FORM,,MASTER,0,1,0,,agenda,,,1,0,0,ESDB_V0_4
19835,20313,alexandre,-13.2389,0,NOT_EXACT_EN_US,,,,,,,REJECTED_AUTO,0,0,0,,,,,0,0,0,ESDB_V0_4
19836,20314,alia,-13.2389,0,NOT_EXACT_EN_US,,,,,,,REJECTED_AUTO,0,0,0,,,,,0,0,0,ESDB_V0_4
19837,20315,amish,-13.2389,0,NOT_EXACT_EN_US,,,,,,,REJECTED_AUTO,0,0,0,,,,,0,0,0,ESDB_V0_4
19838,20316,anesthesia,-13.2389,1,PASS,35,,n,anesthesia,LEMMA,,MASTER,0,0,0,,,,,0,0,0,ESDB_V0_4
19839,20317,annum,-13.2389,0,NOT_EXACT_EN_US,,,,,,,REJECTED_AUTO,0,0,0,,,,,0,0,0,ESDB_V0_4
19840,20318,antidote,-13.2389,1,PASS,35,,n,antidote,LEMMA,,MASTER,0,0,0,,,,,0,0,0,ESDB_V0_4
19841,20319,antiquities,-13.2389,1,PASS,35,,n,antiquity,FORM,,MASTER,0,0,0,,,,,0,0,0,ESDB_V0_4
19842,20320,aristocratic,-13.2389,1,PASS,35,,aj,aristocratic,LEMMA,,MASTER,0,0,0,,,,,0,0,0,ESDB_V0_4
19843,20321,aroma,-13.2389,1,PASS,35,,n,aroma,LEMMA,,MASTER,0,0,0,,,,,0,0,0,ESDB_V0_4
19844,20322,assimilation,-13.2389,1,PASS,35,,n,assimilation,LEMMA,,MASTER,0,0,0,,,,,0,0,0,ESDB_V0_4
19845,20323,aswell,-13.2389,0,NOT_EXACT_EN_US,,,,,,,REJECTED_AUTO,0,0,0,,,,,0,0,0,ESDB_V0_4
19846,20324,aversion,-13.2389,1,PASS,35,,n,aversion,LEMMA,,MASTER,0,1,0,version,,,,1,0,0,ESDB_V0_4
19847,20325,avg,-13.2389,0,NO_ESDB_GENERAL_EVIDENCE,,,,,,,REJECTED_AUTO,0,0,0,,,,,0,0,0,ESDB_V0_4
19848,20326,avocado,-13.2389,1,PASS,35,,n;aj,avocado,LEMMA,,MASTER,0,0,0,,,,,0,0,0,ESDB_V0_4
19849,20327,beetles,-13.2389,1,PASS,35,,n_v,beetle,FORM,,MASTER,0,1,0,,beetle,,,1,0,0,ESDB_V0_4
19850,20328,bellamy,-13.2389,0,NOT_EXACT_EN_US,,,,,,,REJECTED_AUTO,0,0,0,,,,,0,0,0,ESDB_V0_4
19851,20329,bergen,-13.2389,0,NOT_EXACT_EN_US,,,,,,,REJECTED_AUTO,0,0,0,,,,,0,0,0,ESDB_V0_4
19852,20330,bestseller,-13.2389,1,PASS,40,,n,bestseller,LEMMA,,MASTER,0,0,0,,,,,0,0,0,ESDB_V0_4
19853,20331,betsy,-13.2389,0,NOT_EXACT_EN_US,,,,,,,REJECTED_AUTO,0,0,0,,,,,0,0,0,ESDB_V0_4
19854,20332,biographies,-13.2389,1,PASS,35,,n,biography,FORM,,MASTER,0,0,0,,,,,0,0,0,ESDB_V0_4
19855,20333,birdie,-13.2389,1,PASS,50,,n;v,birdie,LEMMA,,MASTER,0,0,0,,,,,0,0,0,ESDB_V0_4
19856,20334,bison,-13.2389,1,PASS,35,,n,bison,LEMMA;FORM,,MASTER,0,0,0,,,,,0,0,0,ESDB_V0_4
19857,20335,blacksmith,-13.2389,1,PASS,35,,n,blacksmith,LEMMA,,MASTER,0,0,0,,,,,0,0,0,ESDB_V0_4
19858,20336,bm,-13.2389,0,NOT_EXACT_EN_US,,,,,,,REJECTED_AUTO,0,0,0,,,,,0,0,0,ESDB_V0_4
19859,20337,bracelets,-13.2389,1,PASS,35,,n,bracelet,FORM,,MASTER,0,1,0,,bracelet,,,1,0,0,ESDB_V0_4
19860,20338,bridging,-13.2389,1,PASS,35,,n_v,bridge,FORM,,MASTER,0,0,0,,,,,0,0,0,ESDB_V0_4
19861,20339,briefed,-13.2389,1,PASS,35,,n_v,brief,FORM,,MASTER,0,0,0,,,,,0,0,0,ESDB_V0_4
19862,20340,brig,-13.2389,1,PASS,50,,n,brig,LEMMA,,MASTER,0,1,0,rig,,,,1,0,0,ESDB_V0_4
19863,20341,bumping,-13.2389,1,PASS,35,,n_v,bump,FORM,,MASTER,0,0,0,,,,,0,0,0,ESDB_V0_4
19864,20342,burrows,-13.2389,1,PASS,35,,n_v,burrow,FORM,,MASTER,0,0,0,,,,,0,0,0,ESDB_V0_4
19865,20343,bw,-13.2389,0,NOT_EXACT_EN_US,,,,,,,REJECTED_AUTO,0,0,0,,,,,0,0,0,ESDB_V0_4
19866,20344,cairns,-13.2389,1,PASS,50,,n,cairn,FORM,,MASTER,0,0,0,,,,,0,0,0,ESDB_V0_4
19867,20345,canning,-13.2389,1,PASS,35,,v,can,FORM,,MASTER,0,1,1,,,scanning,,0,1,0,ESDB_V0_4
19868,20346,caregivers,-13.2389,1,PASS,50,,n,caregiver,FORM,,MASTER,0,0,0,,,,,0,0,0,ESDB_V0_4
19869,20347,carole,-13.2389,0,NOT_EXACT_EN_US,,,,,,,REJECTED_AUTO,0,0,0,,,,,0,0,0,ESDB_V0_4
19870,20348,charmed,-13.2389,1,PASS,35,,n_v;aj,charm;charmed,FORM;LEMMA,,MASTER,0,1,0,harmed,,,,1,0,0,ESDB_V0_4
19871,20349,cheeses,-13.2389,1,PASS,35,,n,cheese,FORM,,MASTER,0,1,0,,cheese,,,1,0,0,ESDB_V0_4
19872,20350,childcare,-13.2389,1,PASS,40,,n,childcare,LEMMA,,MASTER,0,0,0,,,,,0,0,0,ESDB_V0_4
19873,20351,choo,-13.2389,0,NOT_EXACT_EN_US,,,,,,,REJECTED_AUTO,0,0,0,,,,,0,0,0,ESDB_V0_4
19874,20352,classifications,-13.2389,1,PASS,35,,n,classification,FORM,,MASTER,0,1,0,,classification,,,1,0,0,ESDB_V0_4
19875,20353,clientele,-13.2389,1,PASS,35,,n,clientele,LEMMA,,MASTER,0,0,0,,,,,0,0,0,ESDB_V0_4
19876,20354,clipped,-13.2389,1,PASS,35,,v;aj,clip;clipped,FORM;LEMMA,,MASTER,0,0,0,,,,,0,0,0,ESDB_V0_4
19877,20355,coincides,-13.2389,1,PASS,35,,v,coincide,FORM,,MASTER,0,1,0,,coincide,,,1,0,0,ESDB_V0_4
19878,20356,collided,-13.2389,1,PASS,35,,v,collide,FORM,,MASTER,0,1,0,,collide,,,1,0,0,ESDB_V0_4
19879,20357,colombo,-13.2389,0,NOT_EXACT_EN_US,,,,,,,REJECTED_AUTO,0,0,0,,,,,0,0,0,ESDB_V0_4
19880,20358,confines,-13.2389,1,PASS,35,,n_v;n,confine;confines,FORM;LEMMA,,MASTER,0,0,0,,,,,0,0,0,ESDB_V0_4
19881,20359,contemplation,-13.2389,1,PASS,35,,n,contemplation,LEMMA,,MASTER,0,0,0,,,,,0,0,0,ESDB_V0_4
19882,20360,costello,-13.2389,0,NOT_EXACT_EN_US,,,,,,,REJECTED_AUTO,0,0,0,,,,,0,0,0,ESDB_V0_4
19883,20361,cougar,-13.2389,1,PASS,35,,n,cougar,LEMMA;FORM,,MASTER,0,0,0,,,,,0,0,0,ESDB_V0_4
19884,20362,countrymen,-13.2389,1,PASS,35,,n,countryman,FORM,,MASTER,0,0,0,,,,,0,0,0,ESDB_V0_4
19885,20363,coyotes,-13.2389,1,PASS,35,,n,coyote,FORM,,MASTER,0,1,0,,coyote,,,1,0,0,ESDB_V0_4
19886,20364,crackdown,-13.2389,1,PASS,40,,n,crackdown,LEMMA,,MASTER,0,0,0,,,,,0,0,0,ESDB_V0_4
19887,20365,crippling,-13.2389,1,PASS,35,,n_v;aj,cripple;crippling,FORM;LEMMA,,MASTER,0,0,0,,,,,0,0,0,ESDB_V0_4
19888,20366,crotch,-13.2389,1,PASS,35,,n,crotch,LEMMA,,MASTER,0,0,0,,,,,0,0,0,ESDB_V0_4
19889,20367,cultured,-13.2389,1,PASS,35,,n_v;aj,culture;cultured,FORM;LEMMA,,MASTER,0,1,0,,culture,,,1,0,0,ESDB_V0_4
19890,20368,curing,-13.2389,1,PASS,35,,n_v;n,cure;curing,FORM;LEMMA,,MASTER,0,0,0,,,,,0,0,0,ESDB_V0_4
19891,20369,cyclical,-13.2389,1,PASS,40,,aj,cyclical,LEMMA,,MASTER,0,0,0,,,,,0,0,0,ESDB_V0_4
19892,20371,dab,-13.2389,1,PASS,35,,n_v,dab,LEMMA,,MASTER,0,0,0,,,,,0,0,0,ESDB_V0_4
19893,20372,dangling,-13.2389,1,PASS,35,,v;n,dangle;dangling,FORM;LEMMA,,MASTER,0,0,0,,,,,0,0,0,ESDB_V0_4
19894,20373,dartmouth,-13.2389,0,NOT_EXACT_EN_US,,,,,,,REJECTED_AUTO,0,0,0,,,,,0,0,0,ESDB_V0_4
19895,20374,daunting,-13.2389,1,PASS,35,,v;aj,daunt;daunting,FORM;LEMMA,,MASTER,0,0,0,,,,,0,0,0,ESDB_V0_4
19896,20375,delusions,-13.2389,1,PASS,35,,n,delusion,FORM,,MASTER,0,1,0,,delusion,,,1,0,0,ESDB_V0_4
19897,20376,demonic,-13.2389,1,PASS,40,,aj,demonic,LEMMA,,MASTER,0,0,0,,,,,0,0,0,ESDB_V0_4
19898,20377,despised,-13.2389,1,PASS,35,,v;aj,despise;despised,FORM;LEMMA,,MASTER,0,1,0,,despise,,,1,0,0,ESDB_V0_4
19899,20378,devise,-13.2389,1,PASS,35,,n_v,devise,LEMMA,,MASTER,0,1,1,,,,devised,0,1,1,ESDB_V0_4
19900,20379,dildo,-13.2389,1,PASS,60,,n,dildo,LEMMA,,MASTER,0,0,0,,,,,0,0,0,ESDB_V0_4
19901,20380,disproportionately,-13.2389,1,PASS,40,,av,disproportionately,LEMMA,,MASTER,0,0,0,,,,,0,0,0,ESDB_V0_4
19902,20381,dlc,-13.2389,0,NOT_EXACT_EN_US,,,,,,,REJECTED_AUTO,0,0,0,,,,,0,0,0,ESDB_V0_4
19903,20382,doggy,-13.2389,1,PASS,50,,n;a,doggy,LEMMA,,MASTER,0,0,0,,,,,0,0,0,ESDB_V0_4
19904,20383,dole,-13.2389,1,PASS,35,50,n_v,dole,LEMMA,,MASTER,0,1,0,ole,,,,1,0,0,ESDB_V0_4
19905,20384,downey,-13.2389,0,NOT_EXACT_EN_US,,,,,,,REJECTED_AUTO,0,0,0,,,,,0,0,0,ESDB_V0_4
19906,20385,dui,-13.2389,0,NOT_EXACT_EN_US,,,,,,,REJECTED_AUTO,0,0,0,,,,,0,0,0,ESDB_V0_4
19907,20386,dune,-13.2389,1,PASS,35,,n,dune,LEMMA,,MASTER,0,1,1,,dun,,dunes,1,1,1,ESDB_V0_4
19908,20387,dung,-13.2389,1,PASS,35,,n;v,dung,LEMMA,,MASTER,0,1,0,,dun,,,1,0,0,ESDB_V0_4
19909,20388,eb,-13.2389,0,NOT_EXACT_EN_US,,,,,,,REJECTED_AUTO,0,0,0,,,,,0,0,0,ESDB_V0_4
19910,20389,edna,-13.2389,0,NOT_EXACT_EN_US,,,,,,,REJECTED_AUTO,0,0,0,,,,,0,0,0,ESDB_V0_4
19911,20390,ef,-13.2389,0,NOT_EXACT_EN_US,,,,,,,REJECTED_AUTO,0,0,0,,,,,0,0,0,ESDB_V0_4
19912,20391,electing,-13.2389,1,PASS,35,,v,elect,FORM,,MASTER,0,1,1,,,selecting,,0,1,0,ESDB_V0_4
19913,20392,embroidered,-13.2389,1,PASS,35,,v,embroider,FORM,,MASTER,0,0,0,,,,,0,0,0,ESDB_V0_4
19914,20393,emile,-13.2389,0,NOT_EXACT_EN_US,,,,,,,REJECTED_AUTO,0,0,0,,,,,0,0,0,ESDB_V0_4
19915,20394,equatorial,-13.2389,1,PASS,35,,aj,equatorial,LEMMA,,MASTER,0,0,0,,,,,0,0,0,ESDB_V0_4
19916,20395,escalate,-13.2389,1,PASS,35,,v,escalate,LEMMA,,MASTER,0,1,1,,,,escalated,0,1,1,ESDB_V0_4
19917,20396,escorts,-13.2389,1,PASS,35,,n_v,escort,FORM,,MASTER,0,1,0,,escort,,,1,0,0,ESDB_V0_4
19918,20397,exporter,-13.2389,1,PASS,35,,n,exporter,LEMMA,,MASTER,0,1,1,,,,exporters,0,1,1,ESDB_V0_4
19919,20398,extinguished,-13.2389,1,PASS,35,,v;aj,extinguish;extinguished,FORM;LEMMA,,MASTER,0,0,0,,,,,0,0,0,ESDB_V0_4
19920,20399,fallacy,-13.2389,1,PASS,35,,n,fallacy,LEMMA,,MASTER,0,0,0,,,,,0,0,0,ESDB_V0_4
19921,20400,fanatic,-13.2389,1,PASS,35,,n;aj,fanatic,LEMMA,,MASTER,0,0,0,,,,,0,0,0,ESDB_V0_4
19922,20401,feelin,-13.2389,0,NOT_EXACT_EN_US,,,,,,,REJECTED_AUTO,0,0,0,,,,,0,0,0,ESDB_V0_4
19923,20402,fei,-13.2389,0,NOT_EXACT_EN_US,,,,,,,REJECTED_AUTO,0,0,0,,,,,0,0,0,ESDB_V0_4
19924,20403,fern,-13.2389,1,PASS,35,50,n,fern,LEMMA,,MASTER,0,0,0,,,,,0,0,0,ESDB_V0_4
19925,20404,fidel,-13.2389,0,NOT_EXACT_EN_US,,,,,,,REJECTED_AUTO,0,0,0,,,,,0,0,0,ESDB_V0_4
19926,20405,fifties,-13.2389,1,PASS,35,,n,fifty,FORM,,MASTER,0,0,0,,,,,0,0,0,ESDB_V0_4
19927,20406,firefighter,-13.2389,1,PASS,35,,n,firefighter,LEMMA,,MASTER,0,1,1,,,,firefighters,0,1,1,ESDB_V0_4
19928,20407,formatting,-13.2389,1,PASS,35,,n_v;n,format;formatting,FORM;LEMMA,,MASTER,0,0,0,,,,,0,0,0,ESDB_V0_4
19929,20408,fortifications,-13.2389,1,PASS,35,,n,fortification,FORM,,MASTER,0,0,0,,,,,0,0,0,ESDB_V0_4
19930,20409,franks,-13.2389,1,PASS,35,50,n_v,frank,FORM,,MASTER,0,1,0,ranks,frank,,,2,0,0,ESDB_V0_4
19931,20410,frederic,-13.2389,0,NOT_EXACT_EN_US,,,,,,,REJECTED_AUTO,0,0,0,,,,,0,0,0,ESDB_V0_4
19932,20411,frequented,-13.2389,1,PASS,35,,v,frequent,FORM,,MASTER,0,0,0,,,,,0,0,0,ESDB_V0_4
19933,20412,frown,-13.2389,1,PASS,35,,n_v,frown,LEMMA,,MASTER,0,0,0,,,,,0,0,0,ESDB_V0_4
19934,20413,fruity,-13.2389,1,PASS,35,,aj,fruity,LEMMA,,MASTER,0,1,0,,fruit,,,1,0,0,ESDB_V0_4
19935,20414,fungal,-13.2389,1,PASS,40,,aj,fungal,LEMMA,,MASTER,0,0,0,,,,,0,0,0,ESDB_V0_4
19936,20415,gall,-13.2389,1,PASS,35,50,n_v,gall,LEMMA,,MASTER,0,1,0,all,gal,,,2,0,0,ESDB_V0_4
19937,20416,gaulle,-13.2389,0,NOT_EXACT_EN_US,,,,,,,REJECTED_AUTO,0,0,0,,,,,0,0,0,ESDB_V0_4
19938,20417,gearing,-13.2389,1,PASS,35,,n_v;n,gear;gearing,FORM;LEMMA,,MASTER,0,0,0,,,,,0,0,0,ESDB_V0_4
19939,20418,gis,-13.2389,0,NOT_EXACT_EN_US,,,,,,,REJECTED_AUTO,0,0,0,,,,,0,0,0,ESDB_V0_4
19940,20419,gogh,-13.2389,0,NOT_EXACT_EN_US,,,,,,,REJECTED_AUTO,0,0,0,,,,,0,0,0,ESDB_V0_4
19941,20420,governs,-13.2389,1,PASS,35,,v,govern,FORM,,MASTER,0,1,0,,govern,,,1,0,0,ESDB_V0_4
19942,20421,gras,-13.2389,0,NOT_EXACT_EN_US,,,,,,,REJECTED_AUTO,0,0,0,,,,,0,0,0,ESDB_V0_4
19943,20422,gritty,-13.2389,1,PASS,35,,aj,gritty,LEMMA,,MASTER,0,0,0,,,,,0,0,0,ESDB_V0_4
19944,20423,gsm,-13.2389,0,NOT_EXACT_EN_US,,,,,,,REJECTED_AUTO,0,0,0,,,,,0,0,0,ESDB_V0_4
19945,20424,hari,-13.2389,0,NOT_EXACT_EN_US,,,,,,,REJECTED_AUTO,0,0,0,,,,,0,0,0,ESDB_V0_4
19946,20425,hdmi,-13.2389,0,NOT_EXACT_EN_US,,,,,,,REJECTED_AUTO,0,0,0,,,,,0,0,0,ESDB_V0_4
19947,20426,headlights,-13.2389,1,PASS,35,,n,headlight,FORM,,MASTER,0,0,0,,,,,0,0,0,ESDB_V0_4
19948,20427,headmaster,-13.2389,1,PASS,35,,n,headmaster,LEMMA,,MASTER,0,0,0,,,,,0,0,0,ESDB_V0_4
19949,20428,hearty,-13.2389,1,PASS,35,,n;aj,hearty,LEMMA,,MASTER,0,1,0,,heart,,,1,0,0,ESDB_V0_4
19950,20429,helix,-13.2389,1,PASS,50,,n,helix,LEMMA,,MASTER,0,0,0,,,,,0,0,0,ESDB_V0_4
19951,20430,henceforth,-13.2389,1,PASS,35,,av,henceforth,LEMMA,,MASTER,0,0,0,,,,,0,0,0,ESDB_V0_4
19952,20431,heroism,-13.2389,1,PASS,35,,n,heroism,LEMMA,,MASTER,0,0,0,,,,,0,0,0,ESDB_V0_4
19953,20432,hooray,-13.2389,1,PASS,35,,i;n;v,hooray,LEMMA,,MASTER,0,0,0,,,,,0,0,0,ESDB_V0_4
19954,20433,horton,-13.2389,0,NOT_EXACT_EN_US,,,,,,,REJECTED_AUTO,0,0,0,,,,,0,0,0,ESDB_V0_4
19955,20434,huron,-13.2389,0,NOT_EXACT_EN_US,,,,,,,REJECTED_AUTO,0,0,0,,,,,0,0,0,ESDB_V0_4
19956,20435,impeccable,-13.2389,1,PASS,35,,aj,impeccable,LEMMA,,MASTER,0,0,0,,,,,0,0,0,ESDB_V0_4
19957,20436,indebted,-13.2389,1,PASS,35,,aj,indebted,LEMMA,,MASTER,0,0,0,,,,,0,0,0,ESDB_V0_4
19958,20437,informants,-13.2389,1,PASS,35,,n,informant,FORM,,MASTER,0,1,0,,informant,,,1,0,0,ESDB_V0_4
19959,20438,inhale,-13.2389,1,PASS,35,,v,inhale,LEMMA,,MASTER,0,0,0,,,,,0,0,0,ESDB_V0_4
19960,20439,inserting,-13.2389,1,PASS,35,,n_v,insert,FORM,,MASTER,0,0,0,,,,,0,0,0,ESDB_V0_4
19961,20440,internships,-13.2389,1,PASS,40,,n,internship,FORM,,MASTER,0,1,0,,internship,,,1,0,0,ESDB_V0_4
19962,20441,iroquois,-13.2389,0,NOT_EXACT_EN_US,,,,,,,REJECTED_AUTO,0,0,0,,,,,0,0,0,ESDB_V0_4
19963,20442,itinerary,-13.2389,1,PASS,35,,n,itinerary,LEMMA,,MASTER,0,0,0,,,,,0,0,0,ESDB_V0_4
19964,20444,jehovah,-13.2389,0,NOT_EXACT_EN_US,,,,,,,REJECTED_AUTO,0,0,0,,,,,0,0,0,ESDB_V0_4
19965,20445,jenner,-13.2389,0,NOT_EXACT_EN_US,,,,,,,REJECTED_AUTO,0,0,0,,,,,0,0,0,ESDB_V0_4
19966,20446,johan,-13.2389,0,NOT_EXACT_EN_US,,,,,,,REJECTED_AUTO,0,0,0,,,,,0,0,0,ESDB_V0_4
19967,20447,johannes,-13.2389,0,NOT_EXACT_EN_US,,,,,,,REJECTED_AUTO,0,0,0,,,,,0,0,0,ESDB_V0_4
19968,20448,josef,-13.2389,0,NOT_EXACT_EN_US,,,,,,,REJECTED_AUTO,0,0,0,,,,,0,0,0,ESDB_V0_4
19969,20449,jt,-13.2389,0,NOT_EXACT_EN_US,,,,,,,REJECTED_AUTO,0,0,0,,,,,0,0,0,ESDB_V0_4
19970,20450,kahn,-13.2389,0,NOT_EXACT_EN_US,,,,,,,REJECTED_AUTO,0,0,0,,,,,0,0,0,ESDB_V0_4
19971,20451,kiwi,-13.2389,1,PASS,35,,n,kiwi,LEMMA,,MASTER,0,0,0,,,,,0,0,0,ESDB_V0_4
19972,20452,kodak,-13.2389,0,NOT_EXACT_EN_US,,,,,,,REJECTED_AUTO,0,0,0,,,,,0,0,0,ESDB_V0_4
19973,20453,lair,-13.2389,1,PASS,35,,n,lair,LEMMA,,MASTER,0,1,1,air,,flair,,1,1,0,ESDB_V0_4
19974,20454,latch,-13.2389,1,PASS,35,,n_v,latch,LEMMA,,MASTER,0,0,0,,,,,0,0,0,ESDB_V0_4
19975,20455,lau,-13.2389,0,NOT_EXACT_EN_US,,,,,,,REJECTED_AUTO,0,0,0,,,,,0,0,0,ESDB_V0_4
19976,20456,lew,-13.2389,0,NOT_EXACT_EN_US,,,,,,,REJECTED_AUTO,0,0,0,,,,,0,0,0,ESDB_V0_4
19977,20457,liberating,-13.2389,1,PASS,35,,v,liberate,FORM,,MASTER,0,0,0,,,,,0,0,0,ESDB_V0_4
19978,20458,lice,-13.2389,1,PASS,35,,n,louse,FORM,,MASTER,0,1,1,ice,,slice,,1,1,0,ESDB_V0_4
19979,20459,liquidation,-13.2389,1,PASS,35,,n,liquidation,LEMMA,,MASTER,0,0,0,,,,,0,0,0,ESDB_V0_4
19980,20460,literate,-13.2389,1,PASS,35,,n;aj,literate,LEMMA,,MASTER,0,0,0,,,,,0,0,0,ESDB_V0_4
19981,20461,louisa,-13.2389,0,NOT_EXACT_EN_US,,,,,,,REJECTED_AUTO,0,0,0,,,,,0,0,0,ESDB_V0_4
19982,20462,lucid,-13.2389,1,PASS,35,,aj,lucid,LEMMA,,MASTER,0,0,0,,,,,0,0,0,ESDB_V0_4
19983,20463,marginalized,-13.2389,1,PASS,60,,v,marginalize,FORM,,MASTER,0,0,0,,,,,0,0,0,ESDB_V0_4
19984,20464,marin,-13.2389,0,NOT_EXACT_EN_US,,,,,,,REJECTED_AUTO,0,0,0,,,,,0,0,0,ESDB_V0_4
19985,20465,marshes,-13.2389,1,PASS,35,,n,marsh,FORM,,MASTER,0,0,0,,,,,0,0,0,ESDB_V0_4
19986,20466,mastermind,-13.2389,1,PASS,35,,n_v,mastermind,LEMMA,,MASTER,0,0,0,,,,,0,0,0,ESDB_V0_4
19987,20467,masterpieces,-13.2389,1,PASS,35,,n,masterpiece,FORM,,MASTER,0,1,0,,masterpiece,,,1,0,0,ESDB_V0_4
19988,20468,mathematicians,-13.2389,1,PASS,35,,n,mathematician,FORM,,MASTER,0,1,0,,mathematician,,,1,0,0,ESDB_V0_4
19989,20469,matilda,-13.2389,0,NOT_EXACT_EN_US,,,,,,,REJECTED_AUTO,0,0,0,,,,,0,0,0,ESDB_V0_4
19990,20470,maynard,-13.2389,0,NOT_EXACT_EN_US,,,,,,,REJECTED_AUTO,0,0,0,,,,,0,0,0,ESDB_V0_4
19991,20471,mcbride,-13.2389,0,NOT_EXACT_EN_US,,,,,,,REJECTED_AUTO,0,0,0,,,,,0,0,0,ESDB_V0_4
19992,20472,mcgregor,-13.2389,0,NOT_EXACT_EN_US,,,,,,,REJECTED_AUTO,0,0,0,,,,,0,0,0,ESDB_V0_4
19993,20473,minimizing,-13.2389,1,PASS,35,,v,minimize,FORM,,MASTER,0,0,0,,,,,0,0,0,ESDB_V0_4
19994,20474,mitsubishi,-13.2389,0,NOT_EXACT_EN_US,,,,,,,REJECTED_AUTO,0,0,0,,,,,0,0,0,ESDB_V0_4
19995,20475,modesty,-13.2389,1,PASS,35,,n,modesty,LEMMA,,MASTER,0,1,0,,modest,,,1,0,0,ESDB_V0_4
19996,20476,monsoon,-13.2389,1,PASS,35,,n,monsoon,LEMMA,,MASTER,0,0,0,,,,,0,0,0,ESDB_V0_4
19997,20477,multilateral,-13.2389,1,PASS,40,,aj,multilateral,LEMMA,,MASTER,0,0,0,,,,,0,0,0,ESDB_V0_4
19998,20478,nadine,-13.2389,0,NOT_EXACT_EN_US,,,,,,,REJECTED_AUTO,0,0,0,,,,,0,0,0,ESDB_V0_4
19999,20479,narrowing,-13.2389,1,PASS,35,,n_v;n;aj,narrow;narrowing,FORM;LEMMA,,MASTER,0,0,0,,,,,0,0,0,ESDB_V0_4
20000,20480,nationale,-13.2389,0,NOT_EXACT_EN_US,,,,,,,REJECTED_AUTO,0,0,0,,,,,0,0,0,ESDB_V0_4