alpha_rank,source_rank,word,log_frequency,lexical_filter_pass,stage0_graph_member,stage0_seed_candidate,stage0_has_parent,parent_L,parent_R,children_L,children_R,in_edge_count,out_edge_count,tier,data_status
15001,15308,meds,-12.7337,0,0,0,0,,,,,0,0,F20K,RESEARCH_BASELINE
15002,15309,melanie,-12.7337,0,0,0,0,,,,,0,0,F20K,RESEARCH_BASELINE
15003,15310,middleton,-12.7337,0,0,0,0,,,,,0,0,F20K,RESEARCH_BASELINE
15004,15311,moe,-12.7337,0,0,0,0,,,,,0,0,F20K,RESEARCH_BASELINE
15005,15312,motorcycles,-12.7337,1,1,0,1,,motorcycle,,,1,0,F20K,RESEARCH_BASELINE
15006,15313,mountainous,-12.7337,1,0,0,0,,,,,0,0,F20K,RESEARCH_BASELINE
15007,15314,ngo,-12.7337,0,0,0,0,,,,,0,0,F20K,RESEARCH_BASELINE
15008,15315,nico,-12.7337,0,0,0,0,,,,,0,0,F20K,RESEARCH_BASELINE
15009,15316,nicotine,-12.7337,0,0,0,0,,,,,0,0,F20K,RESEARCH_BASELINE
15010,15317,nord,-12.7337,0,0,0,0,,,,,0,0,F20K,RESEARCH_BASELINE
15011,15318,ont,-12.7337,0,0,0,0,,,,,0,0,F20K,RESEARCH_BASELINE
15012,15319,originals,-12.7337,0,0,0,0,,,,,0,0,F20K,RESEARCH_BASELINE
15013,15320,outbreaks,-12.7337,0,0,0,0,,,,,0,0,F20K,RESEARCH_BASELINE
15014,15321,ox,-12.7337,1,1,1,0,,,box;fox,,0,2,F20K,RESEARCH_BASELINE
15015,15322,paddle,-12.7337,1,0,0,0,,,,,0,0,F20K,RESEARCH_BASELINE
15016,15323,pageant,-12.7337,1,0,0,0,,,,,0,0,F20K,RESEARCH_BASELINE
15017,15324,paolo,-12.7337,0,0,0,0,,,,,0,0,F20K,RESEARCH_BASELINE
15018,15325,paperback,-12.7337,1,0,0,0,,,,,0,0,F20K,RESEARCH_BASELINE
15019,15326,pastry,-12.7337,1,0,0,0,,,,,0,0,F20K,RESEARCH_BASELINE
15020,15327,patio,-12.7337,1,0,0,0,,,,,0,0,F20K,RESEARCH_BASELINE
15021,15328,patriarch,-12.7337,1,0,0,0,,,,,0,0,F20K,RESEARCH_BASELINE
15022,15329,payday,-12.7337,1,0,0,0,,,,,0,0,F20K,RESEARCH_BASELINE
15023,15331,pf,-12.7337,0,0,0,0,,,,,0,0,F20K,RESEARCH_BASELINE
15024,15332,physicist,-12.7337,1,1,1,0,,,,physicists,0,1,F20K,RESEARCH_BASELINE
15025,15333,pisses,-12.7337,0,0,0,0,,,,,0,0,F20K,RESEARCH_BASELINE
15026,15334,plum,-12.7337,1,1,1,0,,,,plume,0,1,F20K,RESEARCH_BASELINE
15027,15335,plunge,-12.7337,1,1,1,0,,,,plunged,0,1,F20K,RESEARCH_BASELINE
15028,15336,practising,-12.7337,0,0,0,0,,,,,0,0,F20K,RESEARCH_BASELINE
15029,15337,prehistoric,-12.7337,1,0,0,0,,,,,0,0,F20K,RESEARCH_BASELINE
15030,15338,priesthood,-12.7337,1,0,0,0,,,,,0,0,F20K,RESEARCH_BASELINE
15031,15339,rapids,-12.7337,1,1,0,1,,rapid,,,1,0,F20K,RESEARCH_BASELINE
15032,15340,rave,-12.7337,1,1,1,0,,,grave;brave;crave,raven,0,4,F20K,RESEARCH_BASELINE
15033,15341,recess,-12.7337,1,0,0,0,,,,,0,0,F20K,RESEARCH_BASELINE
15034,15342,reconnaissance,-12.7337,0,0,0,0,,,,,0,0,F20K,RESEARCH_BASELINE
15035,15343,refining,-12.7337,1,0,0,0,,,,,0,0,F20K,RESEARCH_BASELINE
15036,15344,reinforcement,-12.7337,1,1,1,0,,,,reinforcements,0,1,F20K,RESEARCH_BASELINE
15037,15345,repairing,-12.7337,1,0,0,0,,,,,0,0,F20K,RESEARCH_BASELINE
15038,15346,repertoire,-12.7337,1,0,0,0,,,,,0,0,F20K,RESEARCH_BASELINE
15039,15347,retrospective,-12.7337,1,0,0,0,,,,,0,0,F20K,RESEARCH_BASELINE
15040,15348,revoked,-12.7337,0,0,0,0,,,,,0,0,F20K,RESEARCH_BASELINE
15041,15349,sao,-12.7337,0,0,0,0,,,,,0,0,F20K,RESEARCH_BASELINE
15042,15350,sawyer,-12.7337,0,0,0,0,,,,,0,0,F20K,RESEARCH_BASELINE
15043,15351,scandinavian,-12.7337,0,0,0,0,,,,,0,0,F20K,RESEARCH_BASELINE
15044,15352,scenic,-12.7337,1,0,0,0,,,,,0,0,F20K,RESEARCH_BASELINE
15045,15353,scratched,-12.7337,1,0,0,0,,,,,0,0,F20K,RESEARCH_BASELINE
15046,15354,screenshots,-12.7337,0,0,0,0,,,,,0,0,F20K,RESEARCH_BASELINE
15047,15355,scrolls,-12.7337,1,1,0,1,,scroll,,,1,0,F20K,RESEARCH_BASELINE
15048,15356,sedan,-12.7337,1,0,0,0,,,,,0,0,F20K,RESEARCH_BASELINE
15049,15357,semen,-12.7337,1,0,0,0,,,,,0,0,F20K,RESEARCH_BASELINE
15050,15358,serpent,-12.7337,1,0,0,0,,,,,0,0,F20K,RESEARCH_BASELINE
15051,15359,shootout,-12.7337,1,0,0,0,,,,,0,0,F20K,RESEARCH_BASELINE
15052,15360,simplify,-12.7337,1,0,0,0,,,,,0,0,F20K,RESEARCH_BASELINE
15053,15361,slit,-12.7337,1,1,0,1,lit,,,,1,0,F20K,RESEARCH_BASELINE
15054,15362,snatch,-12.7337,1,0,0,0,,,,,0,0,F20K,RESEARCH_BASELINE
15055,15363,sparked,-12.7337,1,1,0,1,parked,,,,1,0,F20K,RESEARCH_BASELINE
15056,15364,spikes,-12.7337,1,1,0,1,,spike,,,1,0,F20K,RESEARCH_BASELINE
15057,15365,stabilize,-12.7337,1,0,0,0,,,,,0,0,F20K,RESEARCH_BASELINE
15058,15366,stafford,-12.7337,0,0,0,0,,,,,0,0,F20K,RESEARCH_BASELINE
15059,15367,staples,-12.7337,1,1,0,1,,staple,,,1,0,F20K,RESEARCH_BASELINE
15060,15368,sterile,-12.7337,1,0,0,0,,,,,0,0,F20K,RESEARCH_BASELINE
15061,15369,stink,-12.7337,1,0,0,0,,,,,0,0,F20K,RESEARCH_BASELINE
15062,15370,stronghold,-12.7337,1,0,0,0,,,,,0,0,F20K,RESEARCH_BASELINE
15063,15371,sturdy,-12.7337,1,0,0,0,,,,,0,0,F20K,RESEARCH_BASELINE
15064,15372,subcommittee,-12.7337,1,0,0,0,,,,,0,0,F20K,RESEARCH_BASELINE
15065,15373,substrate,-12.7337,1,0,0,0,,,,,0,0,F20K,RESEARCH_BASELINE
15066,15374,suffrage,-12.7337,1,0,0,0,,,,,0,0,F20K,RESEARCH_BASELINE
15067,15375,teamwork,-12.7337,1,0,0,0,,,,,0,0,F20K,RESEARCH_BASELINE
15068,15376,throttle,-12.7337,1,0,0,0,,,,,0,0,F20K,RESEARCH_BASELINE
15069,15377,touchdowns,-12.7337,1,1,0,1,,touchdown,,,1,0,F20K,RESEARCH_BASELINE
15070,15378,trending,-12.7337,0,0,0,0,,,,,0,0,F20K,RESEARCH_BASELINE
15071,15379,tryin,-12.7337,0,0,0,0,,,,,0,0,F20K,RESEARCH_BASELINE
15072,15380,turbulent,-12.7337,1,0,0,0,,,,,0,0,F20K,RESEARCH_BASELINE
15073,15381,tyranny,-12.7337,1,0,0,0,,,,,0,0,F20K,RESEARCH_BASELINE
15074,15382,unbearable,-12.7337,1,0,0,0,,,,,0,0,F20K,RESEARCH_BASELINE
15075,15383,undo,-12.7337,1,0,0,0,,,,,0,0,F20K,RESEARCH_BASELINE
15076,15384,unforgettable,-12.7337,1,0,0,0,,,,,0,0,F20K,RESEARCH_BASELINE
15077,15385,utc,-12.7337,0,0,0,0,,,,,0,0,F20K,RESEARCH_BASELINE
15078,15386,versailles,-12.7337,0,0,0,0,,,,,0,0,F20K,RESEARCH_BASELINE
15079,15387,violates,-12.7337,1,1,0,1,,violate,,,1,0,F20K,RESEARCH_BASELINE
15080,15388,warwick,-12.7337,0,0,0,0,,,,,0,0,F20K,RESEARCH_BASELINE
15081,15389,waterfall,-12.7337,1,0,0,0,,,,,0,0,F20K,RESEARCH_BASELINE
15082,15390,weir,-12.7337,0,0,0,0,,,,,0,0,F20K,RESEARCH_BASELINE
15083,15391,wen,-12.7337,0,0,0,0,,,,,0,0,F20K,RESEARCH_BASELINE
15084,15392,wink,-12.7337,1,1,0,1,ink,win,,,2,0,F20K,RESEARCH_BASELINE
15085,15393,wonderland,-12.7337,1,0,0,0,,,,,0,0,F20K,RESEARCH_BASELINE
15086,15394,zack,-12.7337,0,0,0,0,,,,,0,0,F20K,RESEARCH_BASELINE
15087,15399,abolish,-12.7577,1,0,0,0,,,,,0,0,F20K,RESEARCH_BASELINE
15088,15400,adherence,-12.7577,1,0,0,0,,,,,0,0,F20K,RESEARCH_BASELINE
15089,15401,adventurous,-12.7577,1,0,0,0,,,,,0,0,F20K,RESEARCH_BASELINE
15090,15402,afro,-12.7577,1,1,0,1,fro,,,,1,0,F20K,RESEARCH_BASELINE
15091,15403,airspace,-12.7577,1,0,0,0,,,,,0,0,F20K,RESEARCH_BASELINE
15092,15404,als,-12.7577,0,0,0,0,,,,,0,0,F20K,RESEARCH_BASELINE
15093,15405,anglican,-12.7577,0,0,0,0,,,,,0,0,F20K,RESEARCH_BASELINE
15094,15406,anomaly,-12.7577,1,0,0,0,,,,,0,0,F20K,RESEARCH_BASELINE
15095,15407,appropriations,-12.7577,0,0,0,0,,,,,0,0,F20K,RESEARCH_BASELINE
15096,15408,archipelago,-12.7577,0,0,0,0,,,,,0,0,F20K,RESEARCH_BASELINE
15097,15409,ascertain,-12.7577,1,0,0,0,,,,,0,0,F20K,RESEARCH_BASELINE
15098,15410,aspiring,-12.7577,1,1,0,1,,aspirin,,,1,0,F20K,RESEARCH_BASELINE
15099,15411,assassins,-12.7577,1,1,0,1,,assassin,,,1,0,F20K,RESEARCH_BASELINE
15100,15412,attributable,-12.7577,1,0,0,0,,,,,0,0,F20K,RESEARCH_BASELINE
15101,15413,backlash,-12.7577,1,0,0,0,,,,,0,0,F20K,RESEARCH_BASELINE
15102,15414,bangalore,-12.7577,0,0,0,0,,,,,0,0,F20K,RESEARCH_BASELINE
15103,15415,baskets,-12.7577,1,1,0,1,,basket,,,1,0,F20K,RESEARCH_BASELINE
15104,15416,bearer,-12.7577,1,0,0,0,,,,,0,0,F20K,RESEARCH_BASELINE
15105,15417,beneficiary,-12.7577,1,0,0,0,,,,,0,0,F20K,RESEARCH_BASELINE
15106,15418,bermuda,-12.7577,0,0,0,0,,,,,0,0,F20K,RESEARCH_BASELINE
15107,15419,betray,-12.7577,1,0,0,0,,,,,0,0,F20K,RESEARCH_BASELINE
15108,15420,bien,-12.7577,0,0,0,0,,,,,0,0,F20K,RESEARCH_BASELINE
15109,15421,blueprint,-12.7577,1,0,0,0,,,,,0,0,F20K,RESEARCH_BASELINE
15110,15422,bondage,-12.7577,0,0,0,0,,,,,0,0,F20K,RESEARCH_BASELINE
15111,15423,bonded,-12.7577,1,0,0,0,,,,,0,0,F20K,RESEARCH_BASELINE
15112,15424,booklet,-12.7577,1,0,0,0,,,,,0,0,F20K,RESEARCH_BASELINE
15113,15425,boxers,-12.7577,1,1,0,1,,boxer,,,1,0,F20K,RESEARCH_BASELINE
15114,15426,brenda,-12.7577,0,0,0,0,,,,,0,0,F20K,RESEARCH_BASELINE
15115,15427,bruises,-12.7577,1,0,0,0,,,,,0,0,F20K,RESEARCH_BASELINE
15116,15428,brushes,-12.7577,1,1,0,1,rushes,,,,1,0,F20K,RESEARCH_BASELINE
15117,15429,brutally,-12.7577,1,0,0,0,,,,,0,0,F20K,RESEARCH_BASELINE
15118,15430,cafeteria,-12.7577,1,0,0,0,,,,,0,0,F20K,RESEARCH_BASELINE
15119,15431,canopy,-12.7577,1,0,0,0,,,,,0,0,F20K,RESEARCH_BASELINE
15120,15432,casinos,-12.7577,1,1,0,1,,casino,,,1,0,F20K,RESEARCH_BASELINE
15121,15433,cass,-12.7577,0,0,0,0,,,,,0,0,F20K,RESEARCH_BASELINE
15122,15434,catcher,-12.7577,1,0,0,0,,,,,0,0,F20K,RESEARCH_BASELINE
15123,15435,ceramics,-12.7577,1,1,0,1,,ceramic,,,1,0,F20K,RESEARCH_BASELINE
15124,15436,chiefly,-12.7577,1,0,0,0,,,,,0,0,F20K,RESEARCH_BASELINE
15125,15437,choi,-12.7577,0,0,0,0,,,,,0,0,F20K,RESEARCH_BASELINE
15126,15438,chuckle,-12.7577,1,0,0,0,,,,,0,0,F20K,RESEARCH_BASELINE
15127,15439,citrus,-12.7577,1,0,0,0,,,,,0,0,F20K,RESEARCH_BASELINE
15128,15440,commits,-12.7577,1,1,0,1,,commit,,,1,0,F20K,RESEARCH_BASELINE
15129,15441,commute,-12.7577,1,1,1,0,,,,commuter,0,1,F20K,RESEARCH_BASELINE
15130,15442,concise,-12.7577,1,0,0,0,,,,,0,0,F20K,RESEARCH_BASELINE
15131,15443,configurations,-12.7577,1,1,0,1,,configuration,,,1,0,F20K,RESEARCH_BASELINE
15132,15444,contender,-12.7577,1,0,0,0,,,,,0,0,F20K,RESEARCH_BASELINE
15133,15445,contradictions,-12.7577,0,0,0,0,,,,,0,0,F20K,RESEARCH_BASELINE
15134,15446,converse,-12.7577,1,0,0,0,,,,,0,0,F20K,RESEARCH_BASELINE
15135,15447,curl,-12.7577,1,1,1,0,,,,curly;curls,0,2,F20K,RESEARCH_BASELINE
15136,15448,dane,-12.7577,0,0,0,0,,,,,0,0,F20K,RESEARCH_BASELINE
15137,15449,depleted,-12.7577,1,0,0,0,,,,,0,0,F20K,RESEARCH_BASELINE
15138,15450,dictated,-12.7577,1,1,0,1,,dictate,,,1,0,F20K,RESEARCH_BASELINE
15139,15451,diffusion,-12.7577,1,0,0,0,,,,,0,0,F20K,RESEARCH_BASELINE
15140,15452,disrupted,-12.7577,0,0,0,0,,,,,0,0,F20K,RESEARCH_BASELINE
15141,15453,divinity,-12.7577,1,0,0,0,,,,,0,0,F20K,RESEARCH_BASELINE
15142,15454,dominates,-12.7577,0,0,0,0,,,,,0,0,F20K,RESEARCH_BASELINE
15143,15455,dover,-12.7577,0,0,0,0,,,,,0,0,F20K,RESEARCH_BASELINE
15144,15456,drilled,-12.7577,0,0,0,0,,,,,0,0,F20K,RESEARCH_BASELINE
15145,15457,earns,-12.7577,1,1,1,1,,earn,learns,,1,1,F20K,RESEARCH_BASELINE
15146,15458,echoed,-12.7577,1,0,0,0,,,,,0,0,F20K,RESEARCH_BASELINE
15147,15459,elegance,-12.7577,1,0,0,0,,,,,0,0,F20K,RESEARCH_BASELINE
15148,15460,elsa,-12.7577,0,0,0,0,,,,,0,0,F20K,RESEARCH_BASELINE
15149,15461,enchanted,-12.7577,1,0,0,0,,,,,0,0,F20K,RESEARCH_BASELINE
15150,15462,encrypted,-12.7577,1,0,0,0,,,,,0,0,F20K,RESEARCH_BASELINE
15151,15463,ernie,-12.7577,0,0,0,0,,,,,0,0,F20K,RESEARCH_BASELINE
15152,15464,espionage,-12.7577,1,0,0,0,,,,,0,0,F20K,RESEARCH_BASELINE
15153,15465,exeter,-12.7577,0,0,0,0,,,,,0,0,F20K,RESEARCH_BASELINE
15154,15466,exhaustion,-12.7577,1,0,0,0,,,,,0,0,F20K,RESEARCH_BASELINE
15155,15467,extracts,-12.7577,1,1,0,1,,extract,,,1,0,F20K,RESEARCH_BASELINE
15156,15468,fairfax,-12.7577,0,0,0,0,,,,,0,0,F20K,RESEARCH_BASELINE
15157,15470,fir,-12.7577,1,1,1,0,,,,fire;firm,0,2,F20K,RESEARCH_BASELINE
15158,15471,fractured,-12.7577,1,1,0,1,,fracture,,,1,0,F20K,RESEARCH_BASELINE
15159,15472,friedrich,-12.7577,0,0,0,0,,,,,0,0,F20K,RESEARCH_BASELINE
15160,15473,fungi,-12.7577,1,0,0,0,,,,,0,0,F20K,RESEARCH_BASELINE
15161,15474,garments,-12.7577,1,1,0,1,,garment,,,1,0,F20K,RESEARCH_BASELINE
15162,15475,garner,-12.7577,1,0,0,0,,,,,0,0,F20K,RESEARCH_BASELINE
15163,15476,georgetown,-12.7577,0,0,0,0,,,,,0,0,F20K,RESEARCH_BASELINE
15164,15477,gg,-12.7577,0,0,0,0,,,,,0,0,F20K,RESEARCH_BASELINE
15165,15478,gotcha,-12.7577,0,0,0,0,,,,,0,0,F20K,RESEARCH_BASELINE
15166,15479,gpa,-12.7577,0,0,0,0,,,,,0,0,F20K,RESEARCH_BASELINE
15167,15480,greenwich,-12.7577,0,0,0,0,,,,,0,0,F20K,RESEARCH_BASELINE
15168,15481,griffith,-12.7577,0,0,0,0,,,,,0,0,F20K,RESEARCH_BASELINE
15169,15482,halves,-12.7577,1,0,0,0,,,,,0,0,F20K,RESEARCH_BASELINE
15170,15483,haunting,-12.7577,0,0,0,0,,,,,0,0,F20K,RESEARCH_BASELINE
15171,15484,havoc,-12.7577,1,0,0,0,,,,,0,0,F20K,RESEARCH_BASELINE
15172,15485,hideous,-12.7577,1,0,0,0,,,,,0,0,F20K,RESEARCH_BASELINE
15173,15486,highness,-12.7577,1,0,0,0,,,,,0,0,F20K,RESEARCH_BASELINE
15174,15487,homecoming,-12.7577,1,0,0,0,,,,,0,0,F20K,RESEARCH_BASELINE
15175,15488,homosexuals,-12.7577,0,0,0,0,,,,,0,0,F20K,RESEARCH_BASELINE
15176,15489,hostel,-12.7577,1,0,0,0,,,,,0,0,F20K,RESEARCH_BASELINE
15177,15490,humiliating,-12.7577,1,0,0,0,,,,,0,0,F20K,RESEARCH_BASELINE
15178,15491,hymn,-12.7577,1,1,1,0,,,,hymns,0,1,F20K,RESEARCH_BASELINE
15179,15492,hysterical,-12.7577,1,0,0,0,,,,,0,0,F20K,RESEARCH_BASELINE
15180,15493,initials,-12.7577,1,1,0,1,,initial,,,1,0,F20K,RESEARCH_BASELINE
15181,15494,injections,-12.7577,1,1,0,1,,injection,,,1,0,F20K,RESEARCH_BASELINE
15182,15495,injunction,-12.7577,1,0,0,0,,,,,0,0,F20K,RESEARCH_BASELINE
15183,15496,intimidating,-12.7577,1,0,0,0,,,,,0,0,F20K,RESEARCH_BASELINE
15184,15497,invariably,-12.7577,1,0,0,0,,,,,0,0,F20K,RESEARCH_BASELINE
15185,15498,islanders,-12.7577,0,0,0,0,,,,,0,0,F20K,RESEARCH_BASELINE
15186,15499,italia,-12.7577,0,0,0,0,,,,,0,0,F20K,RESEARCH_BASELINE
15187,15500,jeopardy,-12.7577,1,0,0,0,,,,,0,0,F20K,RESEARCH_BASELINE
15188,15501,jude,-12.7577,0,0,0,0,,,,,0,0,F20K,RESEARCH_BASELINE
15189,15502,jul,-12.7577,0,0,0,0,,,,,0,0,F20K,RESEARCH_BASELINE
15190,15503,ketchup,-12.7577,1,0,0,0,,,,,0,0,F20K,RESEARCH_BASELINE
15191,15504,keynote,-12.7577,1,0,0,0,,,,,0,0,F20K,RESEARCH_BASELINE
15192,15506,levine,-12.7577,0,0,0,0,,,,,0,0,F20K,RESEARCH_BASELINE
15193,15507,mailed,-12.7577,1,0,0,0,,,,,0,0,F20K,RESEARCH_BASELINE
15194,15508,mango,-12.7577,1,0,0,0,,,,,0,0,F20K,RESEARCH_BASELINE
15195,15509,manifested,-12.7577,1,0,0,0,,,,,0,0,F20K,RESEARCH_BASELINE
15196,15510,mapped,-12.7577,1,0,0,0,,,,,0,0,F20K,RESEARCH_BASELINE
15197,15511,marches,-12.7577,1,1,0,1,arches,,,,1,0,F20K,RESEARCH_BASELINE
15198,15512,marian,-12.7577,0,0,0,0,,,,,0,0,F20K,RESEARCH_BASELINE
15199,15513,meats,-12.7577,1,1,0,1,eats,meat,,,2,0,F20K,RESEARCH_BASELINE
15200,15514,meteor,-12.7577,1,0,0,0,,,,,0,0,F20K,RESEARCH_BASELINE
15201,15515,metrics,-12.7577,1,1,0,1,,metric,,,1,0,F20K,RESEARCH_BASELINE
15202,15516,midi,-12.7577,0,0,0,0,,,,,0,0,F20K,RESEARCH_BASELINE
15203,15517,miraculous,-12.7577,1,0,0,0,,,,,0,0,F20K,RESEARCH_BASELINE
15204,15518,miriam,-12.7577,0,0,0,0,,,,,0,0,F20K,RESEARCH_BASELINE
15205,15519,mono,-12.7577,0,0,0,0,,,,,0,0,F20K,RESEARCH_BASELINE
15206,15520,multiplied,-12.7577,0,0,0,0,,,,,0,0,F20K,RESEARCH_BASELINE
15207,15521,mv,-12.7577,0,0,0,0,,,,,0,0,F20K,RESEARCH_BASELINE
15208,15522,nasal,-12.7577,1,0,0,0,,,,,0,0,F20K,RESEARCH_BASELINE
15209,15523,nic,-12.7577,0,0,0,0,,,,,0,0,F20K,RESEARCH_BASELINE
15210,15524,nigger,-12.7577,0,0,0,0,,,,,0,0,F20K,RESEARCH_BASELINE
15211,15525,nobles,-12.7577,1,1,0,1,,noble,,,1,0,F20K,RESEARCH_BASELINE
15212,15526,obligated,-12.7577,1,0,0,0,,,,,0,0,F20K,RESEARCH_BASELINE
15213,15527,originate,-12.7577,1,0,0,0,,,,,0,0,F20K,RESEARCH_BASELINE
15214,15528,overwhelmingly,-12.7577,1,0,0,0,,,,,0,0,F20K,RESEARCH_BASELINE
15215,15530,painfully,-12.7577,1,0,0,0,,,,,0,0,F20K,RESEARCH_BASELINE
15216,15531,partying,-12.7577,1,0,0,0,,,,,0,0,F20K,RESEARCH_BASELINE
15217,15532,pbs,-12.7577,0,0,0,0,,,,,0,0,F20K,RESEARCH_BASELINE
15218,15533,pesticides,-12.7577,0,0,0,0,,,,,0,0,F20K,RESEARCH_BASELINE
15219,15534,pistols,-12.7577,1,1,0,1,,pistol,,,1,0,F20K,RESEARCH_BASELINE
15220,15535,piston,-12.7577,1,1,1,0,,,,pistons,0,1,F20K,RESEARCH_BASELINE
15221,15536,pixels,-12.7577,1,1,0,1,,pixel,,,1,0,F20K,RESEARCH_BASELINE
15222,15537,plaintiff,-12.7577,1,1,1,0,,,,plaintiffs,0,1,F20K,RESEARCH_BASELINE
15223,15538,ppl,-12.7577,0,0,0,0,,,,,0,0,F20K,RESEARCH_BASELINE
15224,15539,precedence,-12.7577,1,0,0,0,,,,,0,0,F20K,RESEARCH_BASELINE
15225,15540,progresses,-12.7577,0,0,0,0,,,,,0,0,F20K,RESEARCH_BASELINE
15226,15541,psych,-12.7577,1,1,1,0,,,,psycho;psyche,0,2,F20K,RESEARCH_BASELINE
15227,15542,psychotic,-12.7577,1,0,0,0,,,,,0,0,F20K,RESEARCH_BASELINE
15228,15543,pulmonary,-12.7577,1,0,0,0,,,,,0,0,F20K,RESEARCH_BASELINE
15229,15545,raleigh,-12.7577,0,0,0,0,,,,,0,0,F20K,RESEARCH_BASELINE
15230,15546,ramsay,-12.7577,0,0,0,0,,,,,0,0,F20K,RESEARCH_BASELINE
15231,15547,randolph,-12.7577,0,0,0,0,,,,,0,0,F20K,RESEARCH_BASELINE
15232,15548,rebound,-12.7577,1,0,0,0,,,,,0,0,F20K,RESEARCH_BASELINE
15233,15549,rec,-12.7577,1,0,0,0,,,,,0,0,F20K,RESEARCH_BASELINE
15234,15550,reeves,-12.7577,0,0,0,0,,,,,0,0,F20K,RESEARCH_BASELINE
15235,15551,refinery,-12.7577,1,0,0,0,,,,,0,0,F20K,RESEARCH_BASELINE
15236,15552,regent,-12.7577,1,0,0,0,,,,,0,0,F20K,RESEARCH_BASELINE
15237,15553,reggae,-12.7577,1,0,0,0,,,,,0,0,F20K,RESEARCH_BASELINE
15238,15554,reiterated,-12.7577,1,0,0,0,,,,,0,0,F20K,RESEARCH_BASELINE
15239,15555,relegated,-12.7577,0,0,0,0,,,,,0,0,F20K,RESEARCH_BASELINE
15240,15556,relics,-12.7577,1,1,0,1,,relic,,,1,0,F20K,RESEARCH_BASELINE
15241,15557,reorganization,-12.7577,1,0,0,0,,,,,0,0,F20K,RESEARCH_BASELINE
15242,15558,ridiculously,-12.7577,1,0,0,0,,,,,0,0,F20K,RESEARCH_BASELINE
15243,15559,rites,-12.7577,1,1,1,1,,rite,writes,,1,1,F20K,RESEARCH_BASELINE
15244,15560,rivera,-12.7577,0,0,0,0,,,,,0,0,F20K,RESEARCH_BASELINE
15245,15561,royalties,-12.7577,0,0,0,0,,,,,0,0,F20K,RESEARCH_BASELINE
15246,15562,salisbury,-12.7577,0,0,0,0,,,,,0,0,F20K,RESEARCH_BASELINE
15247,15563,sanitary,-12.7577,1,0,0,0,,,,,0,0,F20K,RESEARCH_BASELINE
15248,15564,scarlett,-12.7577,0,0,0,0,,,,,0,0,F20K,RESEARCH_BASELINE
15249,15565,schwartz,-12.7577,0,0,0,0,,,,,0,0,F20K,RESEARCH_BASELINE
15250,15566,scouting,-12.7577,1,0,0,0,,,,,0,0,F20K,RESEARCH_BASELINE
15251,15567,semitic,-12.7577,0,0,0,0,,,,,0,0,F20K,RESEARCH_BASELINE
15252,15568,sherwood,-12.7577,0,0,0,0,,,,,0,0,F20K,RESEARCH_BASELINE
15253,15569,shia,-12.7577,0,0,0,0,,,,,0,0,F20K,RESEARCH_BASELINE
15254,15570,shootings,-12.7577,0,0,0,0,,,,,0,0,F20K,RESEARCH_BASELINE
15255,15571,shuffle,-12.7577,1,0,0,0,,,,,0,0,F20K,RESEARCH_BASELINE
15256,15572,simulate,-12.7577,1,1,1,0,,,,simulated,0,1,F20K,RESEARCH_BASELINE
15257,15573,sly,-12.7577,1,0,0,0,,,,,0,0,F20K,RESEARCH_BASELINE
15258,15574,snyder,-12.7577,0,0,0,0,,,,,0,0,F20K,RESEARCH_BASELINE
15259,15576,specializes,-12.7577,1,1,0,1,,specialize,,,1,0,F20K,RESEARCH_BASELINE
15260,15577,spins,-12.7577,1,1,0,1,pins,spin,,,2,0,F20K,RESEARCH_BASELINE
15261,15578,starved,-12.7577,1,1,0,1,,starve,,,1,0,F20K,RESEARCH_BASELINE
15262,15579,statistic,-12.7577,1,1,1,0,,,,statistics,0,1,F20K,RESEARCH_BASELINE
15263,15580,stature,-12.7577,1,0,0,0,,,,,0,0,F20K,RESEARCH_BASELINE
15264,15581,submarines,-12.7577,0,0,0,0,,,,,0,0,F20K,RESEARCH_BASELINE
15265,15582,subsection,-12.7577,1,0,0,0,,,,,0,0,F20K,RESEARCH_BASELINE
15266,15583,superiors,-12.7577,1,1,0,1,,superior,,,1,0,F20K,RESEARCH_BASELINE
15267,15584,supremacy,-12.7577,1,0,0,0,,,,,0,0,F20K,RESEARCH_BASELINE
15268,15585,suspense,-12.7577,1,0,0,0,,,,,0,0,F20K,RESEARCH_BASELINE
15269,15586,symbolism,-12.7577,1,0,0,0,,,,,0,0,F20K,RESEARCH_BASELINE
15270,15587,syndicate,-12.7577,1,0,0,0,,,,,0,0,F20K,RESEARCH_BASELINE
15271,15588,taboo,-12.7577,1,0,0,0,,,,,0,0,F20K,RESEARCH_BASELINE
15272,15589,tabs,-12.7577,1,1,0,1,abs,tab,,,2,0,F20K,RESEARCH_BASELINE
15273,15590,tai,-12.7577,0,0,0,0,,,,,0,0,F20K,RESEARCH_BASELINE
15274,15591,tedious,-12.7577,1,0,0,0,,,,,0,0,F20K,RESEARCH_BASELINE
15275,15592,tempered,-12.7577,1,0,0,0,,,,,0,0,F20K,RESEARCH_BASELINE
15276,15593,thatcher,-12.7577,0,0,0,0,,,,,0,0,F20K,RESEARCH_BASELINE
15277,15594,thine,-12.7577,0,0,0,0,,,,,0,0,F20K,RESEARCH_BASELINE
15278,15595,thornton,-12.7577,0,0,0,0,,,,,0,0,F20K,RESEARCH_BASELINE
15279,15596,tracing,-12.7577,1,1,0,1,racing,,,,1,0,F20K,RESEARCH_BASELINE
15280,15597,transmitting,-12.7577,1,0,0,0,,,,,0,0,F20K,RESEARCH_BASELINE
15281,15599,uhh,-12.7577,0,0,0,0,,,,,0,0,F20K,RESEARCH_BASELINE
15282,15600,wagons,-12.7577,1,1,0,1,,wagon,,,1,0,F20K,RESEARCH_BASELINE
15283,15601,whining,-12.7577,1,0,0,0,,,,,0,0,F20K,RESEARCH_BASELINE
15284,15602,wilde,-12.7577,0,0,0,0,,,,,0,0,F20K,RESEARCH_BASELINE
15285,15603,wilhelm,-12.7577,0,0,0,0,,,,,0,0,F20K,RESEARCH_BASELINE
15286,15604,winger,-12.7577,0,0,0,0,,,,,0,0,F20K,RESEARCH_BASELINE
15287,15605,wiser,-12.7577,1,1,0,1,,wise,,,1,0,F20K,RESEARCH_BASELINE
15288,15606,wrongly,-12.7577,1,0,0,0,,,,,0,0,F20K,RESEARCH_BASELINE
15289,15608,absorbing,-12.7788,1,0,0,0,,,,,0,0,F20K,RESEARCH_BASELINE
15290,15609,accessibility,-12.7788,1,0,0,0,,,,,0,0,F20K,RESEARCH_BASELINE
15291,15610,achilles,-12.7788,0,0,0,0,,,,,0,0,F20K,RESEARCH_BASELINE
15292,15611,adamant,-12.7788,1,0,0,0,,,,,0,0,F20K,RESEARCH_BASELINE
15293,15612,adultery,-12.7788,1,0,0,0,,,,,0,0,F20K,RESEARCH_BASELINE
15294,15613,alteration,-12.7788,1,1,1,0,,,,alterations,0,1,F20K,RESEARCH_BASELINE
15295,15614,angelina,-12.7788,0,0,0,0,,,,,0,0,F20K,RESEARCH_BASELINE
15296,15615,annoy,-12.7788,1,1,1,0,,,,annoys,0,1,F20K,RESEARCH_BASELINE
15297,15616,ascension,-12.7788,1,0,0,0,,,,,0,0,F20K,RESEARCH_BASELINE
15298,15617,assassinated,-12.7788,0,0,0,0,,,,,0,0,F20K,RESEARCH_BASELINE
15299,15618,attendees,-12.7788,0,0,0,0,,,,,0,0,F20K,RESEARCH_BASELINE
15300,15619,birch,-12.7788,1,0,0,0,,,,,0,0,F20K,RESEARCH_BASELINE
15301,15620,biscuit,-12.7788,1,1,1,0,,,,biscuits,0,1,F20K,RESEARCH_BASELINE
15302,15621,blasting,-12.7788,1,1,0,1,lasting,,,,1,0,F20K,RESEARCH_BASELINE
15303,15622,blending,-12.7788,1,1,0,1,lending,,,,1,0,F20K,RESEARCH_BASELINE
15304,15623,blinded,-12.7788,1,0,0,0,,,,,0,0,F20K,RESEARCH_BASELINE
15305,15624,blindness,-12.7788,1,0,0,0,,,,,0,0,F20K,RESEARCH_BASELINE
15306,15625,blizzard,-12.7788,1,0,0,0,,,,,0,0,F20K,RESEARCH_BASELINE
15307,15626,booker,-12.7788,1,0,0,0,,,,,0,0,F20K,RESEARCH_BASELINE
15308,15627,bottoms,-12.7788,1,1,0,1,,bottom,,,1,0,F20K,RESEARCH_BASELINE
15309,15628,bowie,-12.7788,0,0,0,0,,,,,0,0,F20K,RESEARCH_BASELINE
15310,15629,breastfeeding,-12.7788,1,0,0,0,,,,,0,0,F20K,RESEARCH_BASELINE
15311,15630,briggs,-12.7788,0,0,0,0,,,,,0,0,F20K,RESEARCH_BASELINE
15312,15631,broom,-12.7788,1,1,0,1,room,,,,1,0,F20K,RESEARCH_BASELINE
15313,15632,bumped,-12.7788,1,0,0,0,,,,,0,0,F20K,RESEARCH_BASELINE
15314,15633,capitalists,-12.7788,1,1,0,1,,capitalist,,,1,0,F20K,RESEARCH_BASELINE
15315,15634,cassidy,-12.7788,0,0,0,0,,,,,0,0,F20K,RESEARCH_BASELINE
15316,15635,catalonia,-12.7788,0,0,0,0,,,,,0,0,F20K,RESEARCH_BASELINE
15317,15636,causal,-12.7788,1,0,0,0,,,,,0,0,F20K,RESEARCH_BASELINE
15318,15637,cgi,-12.7788,0,0,0,0,,,,,0,0,F20K,RESEARCH_BASELINE
15319,15638,chilly,-12.7788,1,1,0,1,,chill,,,1,0,F20K,RESEARCH_BASELINE
15320,15639,chrysler,-12.7788,0,0,0,0,,,,,0,0,F20K,RESEARCH_BASELINE
15321,15640,circa,-12.7788,1,0,0,0,,,,,0,0,F20K,RESEARCH_BASELINE
15322,15641,citations,-12.7788,1,1,0,1,,citation,,,1,0,F20K,RESEARCH_BASELINE
15323,15642,climbs,-12.7788,1,1,0,1,limbs,climb,,,2,0,F20K,RESEARCH_BASELINE
15324,15643,cling,-12.7788,1,0,0,0,,,,,0,0,F20K,RESEARCH_BASELINE
15325,15644,cobra,-12.7788,1,0,0,0,,,,,0,0,F20K,RESEARCH_BASELINE
15326,15645,complains,-12.7788,0,0,0,0,,,,,0,0,F20K,RESEARCH_BASELINE
15327,15646,condo,-12.7788,1,1,1,0,,,,condom,0,1,F20K,RESEARCH_BASELINE
15328,15647,consolidate,-12.7788,1,1,1,0,,,,consolidated,0,1,F20K,RESEARCH_BASELINE
15329,15648,constantine,-12.7788,0,0,0,0,,,,,0,0,F20K,RESEARCH_BASELINE
15330,15649,constrained,-12.7788,1,0,0,0,,,,,0,0,F20K,RESEARCH_BASELINE
15331,15650,correctional,-12.7788,1,0,0,0,,,,,0,0,F20K,RESEARCH_BASELINE
15332,15651,counters,-12.7788,1,1,0,1,,counter,,,1,0,F20K,RESEARCH_BASELINE
15333,15652,cruiser,-12.7788,1,1,0,1,,cruise,,,1,0,F20K,RESEARCH_BASELINE
15334,15653,damien,-12.7788,0,0,0,0,,,,,0,0,F20K,RESEARCH_BASELINE
15335,15654,darius,-12.7788,0,0,0,0,,,,,0,0,F20K,RESEARCH_BASELINE
15336,15655,dearly,-12.7788,1,1,0,1,early,,,,1,0,F20K,RESEARCH_BASELINE
15337,15656,deceived,-12.7788,1,1,0,1,,deceive,,,1,0,F20K,RESEARCH_BASELINE
15338,15657,deductions,-12.7788,1,1,0,1,,deduction,,,1,0,F20K,RESEARCH_BASELINE
15339,15658,demographics,-12.7788,1,1,0,1,,demographic,,,1,0,F20K,RESEARCH_BASELINE
15340,15659,dine,-12.7788,1,1,1,1,,din,,diner,1,1,F20K,RESEARCH_BASELINE
15341,15660,dwellings,-12.7788,1,1,0,1,,dwelling,,,1,0,F20K,RESEARCH_BASELINE
15342,15661,eddy,-12.7788,0,0,0,0,,,,,0,0,F20K,RESEARCH_BASELINE
15343,15662,edison,-12.7788,0,0,0,0,,,,,0,0,F20K,RESEARCH_BASELINE
15344,15663,empower,-12.7788,1,0,0,0,,,,,0,0,F20K,RESEARCH_BASELINE
15345,15664,endowment,-12.7788,1,0,0,0,,,,,0,0,F20K,RESEARCH_BASELINE
15346,15665,enlargement,-12.7788,1,0,0,0,,,,,0,0,F20K,RESEARCH_BASELINE
15347,15666,expeditions,-12.7788,1,1,0,1,,expedition,,,1,0,F20K,RESEARCH_BASELINE
15348,15667,exporting,-12.7788,1,0,0,0,,,,,0,0,F20K,RESEARCH_BASELINE
15349,15668,fluffy,-12.7788,1,0,0,0,,,,,0,0,F20K,RESEARCH_BASELINE
15350,15669,forcibly,-12.7788,1,0,0,0,,,,,0,0,F20K,RESEARCH_BASELINE
15351,15670,fritz,-12.7788,0,0,0,0,,,,,0,0,F20K,RESEARCH_BASELINE
15352,15671,gail,-12.7788,0,0,0,0,,,,,0,0,F20K,RESEARCH_BASELINE
15353,15672,generalized,-12.7788,1,0,0,0,,,,,0,0,F20K,RESEARCH_BASELINE
15354,15673,goofy,-12.7788,1,0,0,0,,,,,0,0,F20K,RESEARCH_BASELINE
15355,15675,grading,-12.7788,1,0,0,0,,,,,0,0,F20K,RESEARCH_BASELINE
15356,15676,granada,-12.7788,0,0,0,0,,,,,0,0,F20K,RESEARCH_BASELINE
15357,15677,grayson,-12.7788,0,0,0,0,,,,,0,0,F20K,RESEARCH_BASELINE
15358,15678,groves,-12.7788,1,1,0,1,,grove,,,1,0,F20K,RESEARCH_BASELINE
15359,15679,hanson,-12.7788,0,0,0,0,,,,,0,0,F20K,RESEARCH_BASELINE
15360,15680,harden,-12.7788,1,0,0,0,,,,,0,0,F20K,RESEARCH_BASELINE
15361,15681,hobbies,-12.7788,0,0,0,0,,,,,0,0,F20K,RESEARCH_BASELINE
15362,15682,ieee,-12.7788,0,0,0,0,,,,,0,0,F20K,RESEARCH_BASELINE
15363,15683,insistence,-12.7788,1,0,0,0,,,,,0,0,F20K,RESEARCH_BASELINE
15364,15684,interruption,-12.7788,1,0,0,0,,,,,0,0,F20K,RESEARCH_BASELINE
15365,15686,jaguar,-12.7788,1,0,0,0,,,,,0,0,F20K,RESEARCH_BASELINE
15366,15687,jerseys,-12.7788,1,1,0,1,,jersey,,,1,0,F20K,RESEARCH_BASELINE
15367,15688,judah,-12.7788,0,0,0,0,,,,,0,0,F20K,RESEARCH_BASELINE
15368,15689,kittens,-12.7788,1,1,0,1,,kitten,,,1,0,F20K,RESEARCH_BASELINE
15369,15690,laptops,-12.7788,1,1,0,1,,laptop,,,1,0,F20K,RESEARCH_BASELINE
15370,15691,leases,-12.7788,1,1,1,1,,lease,pleases,,1,1,F20K,RESEARCH_BASELINE
15371,15692,lender,-12.7788,1,1,1,0,,,slender;blender,,0,2,F20K,RESEARCH_BASELINE
15372,15693,localized,-12.7788,1,0,0,0,,,,,0,0,F20K,RESEARCH_BASELINE
15373,15694,longing,-12.7788,1,0,0,0,,,,,0,0,F20K,RESEARCH_BASELINE
15374,15695,malone,-12.7788,0,0,0,0,,,,,0,0,F20K,RESEARCH_BASELINE
15375,15696,marcos,-12.7788,0,0,0,0,,,,,0,0,F20K,RESEARCH_BASELINE
15376,15697,meteorological,-12.7788,1,0,0,0,,,,,0,0,F20K,RESEARCH_BASELINE
15377,15699,miscellaneous,-12.7788,1,0,0,0,,,,,0,0,F20K,RESEARCH_BASELINE
15378,15700,mobilization,-12.7788,1,0,0,0,,,,,0,0,F20K,RESEARCH_BASELINE
15379,15701,modeled,-12.7788,0,0,0,0,,,,,0,0,F20K,RESEARCH_BASELINE
15380,15702,morse,-12.7788,0,0,0,0,,,,,0,0,F20K,RESEARCH_BASELINE
15381,15703,nicholson,-12.7788,0,0,0,0,,,,,0,0,F20K,RESEARCH_BASELINE
15382,15704,nicknamed,-12.7788,0,0,0,0,,,,,0,0,F20K,RESEARCH_BASELINE
15383,15705,octopus,-12.7788,1,0,0,0,,,,,0,0,F20K,RESEARCH_BASELINE
15384,15706,odyssey,-12.7788,1,0,0,0,,,,,0,0,F20K,RESEARCH_BASELINE
15385,15707,omaha,-12.7788,0,0,0,0,,,,,0,0,F20K,RESEARCH_BASELINE
15386,15708,onward,-12.7788,1,1,1,0,,,,onwards,0,1,F20K,RESEARCH_BASELINE
15387,15709,outputs,-12.7788,0,0,0,0,,,,,0,0,F20K,RESEARCH_BASELINE
15388,15710,pals,-12.7788,1,1,0,1,,pal,,,1,0,F20K,RESEARCH_BASELINE
15389,15711,panther,-12.7788,1,0,0,0,,,,,0,0,F20K,RESEARCH_BASELINE
15390,15712,paralyzed,-12.7788,1,0,0,0,,,,,0,0,F20K,RESEARCH_BASELINE
15391,15713,peaches,-12.7788,1,0,0,0,,,,,0,0,F20K,RESEARCH_BASELINE
15392,15714,peg,-12.7788,1,0,0,0,,,,,0,0,F20K,RESEARCH_BASELINE
15393,15715,perennial,-12.7788,1,0,0,0,,,,,0,0,F20K,RESEARCH_BASELINE
15394,15716,peruvian,-12.7788,0,0,0,0,,,,,0,0,F20K,RESEARCH_BASELINE
15395,15717,pianist,-12.7788,1,0,0,0,,,,,0,0,F20K,RESEARCH_BASELINE
15396,15718,pointers,-12.7788,1,1,0,1,,pointer,,,1,0,F20K,RESEARCH_BASELINE
15397,15719,politely,-12.7788,1,0,0,0,,,,,0,0,F20K,RESEARCH_BASELINE
15398,15720,pradesh,-12.7788,0,0,0,0,,,,,0,0,F20K,RESEARCH_BASELINE
15399,15721,prescribe,-12.7788,1,1,1,0,,,,prescribed,0,1,F20K,RESEARCH_BASELINE
15400,15722,principals,-12.7788,0,0,0,0,,,,,0,0,F20K,RESEARCH_BASELINE
15401,15723,probes,-12.7788,1,1,0,1,robes,probe,,,2,0,F20K,RESEARCH_BASELINE
15402,15724,propelled,-12.7788,0,0,0,0,,,,,0,0,F20K,RESEARCH_BASELINE
15403,15725,propeller,-12.7788,1,0,0,0,,,,,0,0,F20K,RESEARCH_BASELINE
15404,15726,reddit,-12.7788,0,0,0,0,,,,,0,0,F20K,RESEARCH_BASELINE
15405,15727,reflex,-12.7788,1,0,0,0,,,,,0,0,F20K,RESEARCH_BASELINE
15406,15728,refs,-12.7788,0,0,0,0,,,,,0,0,F20K,RESEARCH_BASELINE
15407,15729,reopened,-12.7788,0,0,0,0,,,,,0,0,F20K,RESEARCH_BASELINE
15408,15730,replacements,-12.7788,0,0,0,0,,,,,0,0,F20K,RESEARCH_BASELINE
15409,15731,residences,-12.7788,0,0,0,0,,,,,0,0,F20K,RESEARCH_BASELINE
15410,15732,restraining,-12.7788,1,0,0,0,,,,,0,0,F20K,RESEARCH_BASELINE
15411,15733,retina,-12.7788,1,0,0,0,,,,,0,0,F20K,RESEARCH_BASELINE
15412,15734,rhythmic,-12.7788,1,0,0,0,,,,,0,0,F20K,RESEARCH_BASELINE
15413,15735,rotor,-12.7788,1,0,0,0,,,,,0,0,F20K,RESEARCH_BASELINE
15414,15736,router,-12.7788,1,1,0,1,outer,route,,,2,0,F20K,RESEARCH_BASELINE
15415,15737,rubbed,-12.7788,1,0,0,0,,,,,0,0,F20K,RESEARCH_BASELINE
15416,15738,sampled,-12.7788,0,0,0,0,,,,,0,0,F20K,RESEARCH_BASELINE
15417,15739,scalp,-12.7788,1,0,0,0,,,,,0,0,F20K,RESEARCH_BASELINE
15418,15740,scrapped,-12.7788,1,0,0,0,,,,,0,0,F20K,RESEARCH_BASELINE
15419,15741,seine,-12.7788,0,0,0,0,,,,,0,0,F20K,RESEARCH_BASELINE
15420,15742,sensational,-12.7788,1,0,0,0,,,,,0,0,F20K,RESEARCH_BASELINE
15421,15743,shovel,-12.7788,1,1,0,1,,shove,,,1,0,F20K,RESEARCH_BASELINE
15422,15744,shrinking,-12.7788,1,0,0,0,,,,,0,0,F20K,RESEARCH_BASELINE
15423,15745,signaling,-12.7788,0,0,0,0,,,,,0,0,F20K,RESEARCH_BASELINE
15424,15746,sirens,-12.7788,1,1,0,1,,siren,,,1,0,F20K,RESEARCH_BASELINE
15425,15747,sneaky,-12.7788,1,1,0,1,,sneak,,,1,0,F20K,RESEARCH_BASELINE
15426,15748,spacious,-12.7788,1,0,0,0,,,,,0,0,F20K,RESEARCH_BASELINE
15427,15749,specifics,-12.7788,1,1,0,1,,specific,,,1,0,F20K,RESEARCH_BASELINE
15428,15750,spinach,-12.7788,1,0,0,0,,,,,0,0,F20K,RESEARCH_BASELINE
15429,15751,splits,-12.7788,1,1,0,1,,split,,,1,0,F20K,RESEARCH_BASELINE
15430,15752,spotify,-12.7788,0,0,0,0,,,,,0,0,F20K,RESEARCH_BASELINE
15431,15753,springer,-12.7788,0,0,0,0,,,,,0,0,F20K,RESEARCH_BASELINE
15432,15754,squat,-12.7788,1,1,1,0,,,,squats,0,1,F20K,RESEARCH_BASELINE
15433,15755,stains,-12.7788,1,1,0,1,,stain,,,1,0,F20K,RESEARCH_BASELINE
15434,15756,stealth,-12.7788,1,0,0,0,,,,,0,0,F20K,RESEARCH_BASELINE
15435,15757,stephens,-12.7788,0,0,0,0,,,,,0,0,F20K,RESEARCH_BASELINE
15436,15758,stirred,-12.7788,1,0,0,0,,,,,0,0,F20K,RESEARCH_BASELINE
15437,15759,stool,-12.7788,1,1,0,1,tool,,,,1,0,F20K,RESEARCH_BASELINE
15438,15760,strasbourg,-12.7788,0,0,0,0,,,,,0,0,F20K,RESEARCH_BASELINE
15439,15761,strife,-12.7788,1,0,0,0,,,,,0,0,F20K,RESEARCH_BASELINE
15440,15762,stringent,-12.7788,1,0,0,0,,,,,0,0,F20K,RESEARCH_BASELINE
15441,15763,supermarkets,-12.7788,0,0,0,0,,,,,0,0,F20K,RESEARCH_BASELINE
15442,15764,supplemented,-12.7788,0,0,0,0,,,,,0,0,F20K,RESEARCH_BASELINE
15443,15765,swipe,-12.7788,1,1,0,1,wipe,,,,1,0,F20K,RESEARCH_BASELINE
15444,15766,tallest,-12.7788,0,0,0,0,,,,,0,0,F20K,RESEARCH_BASELINE
15445,15767,tandem,-12.7788,1,0,0,0,,,,,0,0,F20K,RESEARCH_BASELINE
15446,15768,teamed,-12.7788,1,1,1,0,,,steamed,,0,1,F20K,RESEARCH_BASELINE
15447,15769,techno,-12.7788,1,0,0,0,,,,,0,0,F20K,RESEARCH_BASELINE
15448,15770,temperate,-12.7788,1,0,0,0,,,,,0,0,F20K,RESEARCH_BASELINE
15449,15771,terra,-12.7788,0,0,0,0,,,,,0,0,F20K,RESEARCH_BASELINE
15450,15772,tex,-12.7788,0,0,0,0,,,,,0,0,F20K,RESEARCH_BASELINE
15451,15773,thug,-12.7788,1,1,1,1,hug,,,thugs,1,1,F20K,RESEARCH_BASELINE
15452,15774,tombs,-12.7788,1,1,0,1,,tomb,,,1,0,F20K,RESEARCH_BASELINE
15453,15775,townsend,-12.7788,0,0,0,0,,,,,0,0,F20K,RESEARCH_BASELINE
15454,15776,transcription,-12.7788,1,0,0,0,,,,,0,0,F20K,RESEARCH_BASELINE
15455,15777,translators,-12.7788,1,1,0,1,,translator,,,1,0,F20K,RESEARCH_BASELINE
15456,15778,trough,-12.7788,0,0,0,0,,,,,0,0,F20K,RESEARCH_BASELINE
15457,15780,unnoticed,-12.7788,1,0,0,0,,,,,0,0,F20K,RESEARCH_BASELINE
15458,15781,upbeat,-12.7788,1,0,0,0,,,,,0,0,F20K,RESEARCH_BASELINE
15459,15782,venetian,-12.7788,1,0,0,0,,,,,0,0,F20K,RESEARCH_BASELINE
15460,15783,venezuelan,-12.7788,0,0,0,0,,,,,0,0,F20K,RESEARCH_BASELINE
15461,15785,visionary,-12.7788,1,0,0,0,,,,,0,0,F20K,RESEARCH_BASELINE
15462,15786,vivo,-12.7788,0,0,0,0,,,,,0,0,F20K,RESEARCH_BASELINE
15463,15787,vortex,-12.7788,1,0,0,0,,,,,0,0,F20K,RESEARCH_BASELINE
15464,15788,vous,-12.7788,0,0,0,0,,,,,0,0,F20K,RESEARCH_BASELINE
15465,15789,walkers,-12.7788,0,0,0,0,,,,,0,0,F20K,RESEARCH_BASELINE
15466,15790,wanderers,-12.7788,0,0,0,0,,,,,0,0,F20K,RESEARCH_BASELINE
15467,15791,warranted,-12.7788,1,0,0,0,,,,,0,0,F20K,RESEARCH_BASELINE
15468,15792,weiss,-12.7788,0,0,0,0,,,,,0,0,F20K,RESEARCH_BASELINE
15469,15793,werner,-12.7788,0,0,0,0,,,,,0,0,F20K,RESEARCH_BASELINE
15470,15794,xiv,-12.7788,0,0,0,0,,,,,0,0,F20K,RESEARCH_BASELINE
15471,15795,yells,-12.7788,1,1,0,1,,yell,,,1,0,F20K,RESEARCH_BASELINE
15472,15796,yoo,-12.7788,0,0,0,0,,,,,0,0,F20K,RESEARCH_BASELINE
15473,15797,zion,-12.7788,0,0,0,0,,,,,0,0,F20K,RESEARCH_BASELINE
15474,15799,abyss,-12.8039,1,0,0,0,,,,,0,0,F20K,RESEARCH_BASELINE
15475,15800,admirable,-12.8039,1,0,0,0,,,,,0,0,F20K,RESEARCH_BASELINE
15476,15801,advertisers,-12.8039,0,0,0,0,,,,,0,0,F20K,RESEARCH_BASELINE
15477,15802,amir,-12.8039,0,0,0,0,,,,,0,0,F20K,RESEARCH_BASELINE
15478,15803,anarchist,-12.8039,1,0,0,0,,,,,0,0,F20K,RESEARCH_BASELINE
15479,15804,annexation,-12.8039,0,0,0,0,,,,,0,0,F20K,RESEARCH_BASELINE
15480,15805,appalling,-12.8039,1,0,0,0,,,,,0,0,F20K,RESEARCH_BASELINE
15481,15806,approx,-12.8039,0,0,0,0,,,,,0,0,F20K,RESEARCH_BASELINE
15482,15807,atlantis,-12.8039,0,0,0,0,,,,,0,0,F20K,RESEARCH_BASELINE
15483,15808,attackers,-12.8039,0,0,0,0,,,,,0,0,F20K,RESEARCH_BASELINE
15484,15809,balkans,-12.8039,0,0,0,0,,,,,0,0,F20K,RESEARCH_BASELINE
15485,15810,ballroom,-12.8039,1,0,0,0,,,,,0,0,F20K,RESEARCH_BASELINE
15486,15811,bandits,-12.8039,1,1,0,1,,bandit,,,1,0,F20K,RESEARCH_BASELINE
15487,15812,berth,-12.8039,1,0,0,0,,,,,0,0,F20K,RESEARCH_BASELINE
15488,15813,blames,-12.8039,1,1,0,1,,blame,,,1,0,F20K,RESEARCH_BASELINE
15489,15814,blazing,-12.8039,1,0,0,0,,,,,0,0,F20K,RESEARCH_BASELINE
15490,15815,bleach,-12.8039,1,0,0,0,,,,,0,0,F20K,RESEARCH_BASELINE
15491,15816,bowler,-12.8039,1,0,0,0,,,,,0,0,F20K,RESEARCH_BASELINE
15492,15817,brushing,-12.8039,1,1,0,1,rushing,,,,1,0,F20K,RESEARCH_BASELINE
15493,15818,buckets,-12.8039,1,1,0,1,,bucket,,,1,0,F20K,RESEARCH_BASELINE
15494,15819,bursting,-12.8039,1,0,0,0,,,,,0,0,F20K,RESEARCH_BASELINE
15495,15820,cabinets,-12.8039,1,1,0,1,,cabinet,,,1,0,F20K,RESEARCH_BASELINE
15496,15821,cannons,-12.8039,1,1,0,1,,cannon,,,1,0,F20K,RESEARCH_BASELINE
15497,15822,cervical,-12.8039,1,0,0,0,,,,,0,0,F20K,RESEARCH_BASELINE
15498,15823,char,-12.8039,1,1,1,0,,,,chart;charm,0,2,F20K,RESEARCH_BASELINE
15499,15824,cholera,-12.8039,1,0,0,0,,,,,0,0,F20K,RESEARCH_BASELINE
15500,15825,chromosome,-12.8039,1,0,0,0,,,,,0,0,F20K,RESEARCH_BASELINE
15501,15826,cinemas,-12.8039,0,0,0,0,,,,,0,0,F20K,RESEARCH_BASELINE
15502,15827,civilizations,-12.8039,1,1,0,1,,civilization,,,1,0,F20K,RESEARCH_BASELINE
15503,15828,cj,-12.8039,0,0,0,0,,,,,0,0,F20K,RESEARCH_BASELINE
15504,15829,classify,-12.8039,1,0,0,0,,,,,0,0,F20K,RESEARCH_BASELINE
15505,15830,collisions,-12.8039,0,0,0,0,,,,,0,0,F20K,RESEARCH_BASELINE
15506,15831,confidentiality,-12.8039,1,0,0,0,,,,,0,0,F20K,RESEARCH_BASELINE
15507,15832,contestant,-12.8039,1,0,0,0,,,,,0,0,F20K,RESEARCH_BASELINE
15508,15833,continual,-12.8039,1,0,0,0,,,,,0,0,F20K,RESEARCH_BASELINE
15509,15834,crackers,-12.8039,1,1,0,1,,cracker,,,1,0,F20K,RESEARCH_BASELINE
15510,15835,crappy,-12.8039,0,0,0,0,,,,,0,0,F20K,RESEARCH_BASELINE
15511,15836,crochet,-12.8039,1,0,0,0,,,,,0,0,F20K,RESEARCH_BASELINE
15512,15837,cub,-12.8039,1,1,1,0,,,,cube;cubs,0,2,F20K,RESEARCH_BASELINE
15513,15838,cultivate,-12.8039,1,1,1,0,,,,cultivated,0,1,F20K,RESEARCH_BASELINE
15514,15839,decency,-12.8039,1,0,0,0,,,,,0,0,F20K,RESEARCH_BASELINE
15515,15840,dems,-12.8039,0,0,0,0,,,,,0,0,F20K,RESEARCH_BASELINE
15516,15841,derrick,-12.8039,0,0,0,0,,,,,0,0,F20K,RESEARCH_BASELINE
15517,15842,detectors,-12.8039,1,1,0,1,,detector,,,1,0,F20K,RESEARCH_BASELINE
15518,15843,deteriorated,-12.8039,0,0,0,0,,,,,0,0,F20K,RESEARCH_BASELINE
15519,15844,diluted,-12.8039,1,0,0,0,,,,,0,0,F20K,RESEARCH_BASELINE
15520,15845,disturbances,-12.8039,0,0,0,0,,,,,0,0,F20K,RESEARCH_BASELINE
15521,15846,diversified,-12.8039,1,0,0,0,,,,,0,0,F20K,RESEARCH_BASELINE
15522,15847,drains,-12.8039,0,0,0,0,,,,,0,0,F20K,RESEARCH_BASELINE
15523,15848,dudley,-12.8039,0,0,0,0,,,,,0,0,F20K,RESEARCH_BASELINE
15524,15849,earthly,-12.8039,1,0,0,0,,,,,0,0,F20K,RESEARCH_BASELINE
15525,15850,elusive,-12.8039,1,0,0,0,,,,,0,0,F20K,RESEARCH_BASELINE
15526,15851,emmanuel,-12.8039,0,0,0,0,,,,,0,0,F20K,RESEARCH_BASELINE
15527,15852,enact,-12.8039,1,0,0,0,,,,,0,0,F20K,RESEARCH_BASELINE
15528,15853,endeavor,-12.8039,1,1,1,0,,,,endeavors,0,1,F20K,RESEARCH_BASELINE
15529,15854,extraordinarily,-12.8039,1,0,0,0,,,,,0,0,F20K,RESEARCH_BASELINE
15530,15855,fares,-12.8039,1,1,0,1,,fare,,,1,0,F20K,RESEARCH_BASELINE
15531,15856,feds,-12.8039,0,0,0,0,,,,,0,0,F20K,RESEARCH_BASELINE
15532,15857,felipe,-12.8039,0,0,0,0,,,,,0,0,F20K,RESEARCH_BASELINE
15533,15858,flaming,-12.8039,1,0,0,0,,,,,0,0,F20K,RESEARCH_BASELINE
15534,15859,flanders,-12.8039,0,0,0,0,,,,,0,0,F20K,RESEARCH_BASELINE
15535,15860,foes,-12.8039,1,1,0,1,,foe,,,1,0,F20K,RESEARCH_BASELINE
15536,15861,foley,-12.8039,0,0,0,0,,,,,0,0,F20K,RESEARCH_BASELINE
15537,15862,friedman,-12.8039,0,0,0,0,,,,,0,0,F20K,RESEARCH_BASELINE
15538,15863,galactic,-12.8039,1,0,0,0,,,,,0,0,F20K,RESEARCH_BASELINE
15539,15864,gardener,-12.8039,1,0,0,0,,,,,0,0,F20K,RESEARCH_BASELINE
15540,15865,glamour,-12.8039,0,0,0,0,,,,,0,0,F20K,RESEARCH_BASELINE
15541,15866,goa,-12.8039,0,0,0,0,,,,,0,0,F20K,RESEARCH_BASELINE
15542,15867,goldberg,-12.8039,0,0,0,0,,,,,0,0,F20K,RESEARCH_BASELINE
15543,15869,gotham,-12.8039,0,0,0,0,,,,,0,0,F20K,RESEARCH_BASELINE
15544,15870,greasy,-12.8039,1,0,0,0,,,,,0,0,F20K,RESEARCH_BASELINE
15545,15871,hannibal,-12.8039,0,0,0,0,,,,,0,0,F20K,RESEARCH_BASELINE
15546,15872,heartbreaking,-12.8039,1,0,0,0,,,,,0,0,F20K,RESEARCH_BASELINE
15547,15873,helium,-12.8039,1,0,0,0,,,,,0,0,F20K,RESEARCH_BASELINE
15548,15874,hive,-12.8039,1,0,0,0,,,,,0,0,F20K,RESEARCH_BASELINE
15549,15875,hound,-12.8039,1,0,0,0,,,,,0,0,F20K,RESEARCH_BASELINE
15550,15876,htc,-12.8039,0,0,0,0,,,,,0,0,F20K,RESEARCH_BASELINE
15551,15877,hugging,-12.8039,1,0,0,0,,,,,0,0,F20K,RESEARCH_BASELINE
15552,15878,ig,-12.8039,0,0,0,0,,,,,0,0,F20K,RESEARCH_BASELINE
15553,15879,initiating,-12.8039,0,0,0,0,,,,,0,0,F20K,RESEARCH_BASELINE
15554,15880,innate,-12.8039,1,0,0,0,,,,,0,0,F20K,RESEARCH_BASELINE
15555,15881,insurer,-12.8039,0,0,0,0,,,,,0,0,F20K,RESEARCH_BASELINE
15556,15882,interception,-12.8039,1,0,0,0,,,,,0,0,F20K,RESEARCH_BASELINE
15557,15883,intervened,-12.8039,0,0,0,0,,,,,0,0,F20K,RESEARCH_BASELINE
15558,15884,intrusion,-12.8039,1,0,0,0,,,,,0,0,F20K,RESEARCH_BASELINE
15559,15885,invincible,-12.8039,1,0,0,0,,,,,0,0,F20K,RESEARCH_BASELINE
15560,15886,invitations,-12.8039,1,1,0,1,,invitation,,,1,0,F20K,RESEARCH_BASELINE
15561,15887,irrespective,-12.8039,1,0,0,0,,,,,0,0,F20K,RESEARCH_BASELINE
15562,15888,irvine,-12.8039,0,0,0,0,,,,,0,0,F20K,RESEARCH_BASELINE
15563,15889,judas,-12.8039,0,0,0,0,,,,,0,0,F20K,RESEARCH_BASELINE
15564,15890,kangaroo,-12.8039,1,0,0,0,,,,,0,0,F20K,RESEARCH_BASELINE
15565,15891,keepers,-12.8039,0,0,0,0,,,,,0,0,F20K,RESEARCH_BASELINE
15566,15892,knob,-12.8039,1,0,0,0,,,,,0,0,F20K,RESEARCH_BASELINE
15567,15893,kylie,-12.8039,0,0,0,0,,,,,0,0,F20K,RESEARCH_BASELINE
15568,15894,lac,-12.8039,0,0,0,0,,,,,0,0,F20K,RESEARCH_BASELINE
15569,15895,lasers,-12.8039,1,1,0,1,,laser,,,1,0,F20K,RESEARCH_BASELINE
15570,15896,lenders,-12.8039,0,0,0,0,,,,,0,0,F20K,RESEARCH_BASELINE
15571,15897,licences,-12.8039,0,0,0,0,,,,,0,0,F20K,RESEARCH_BASELINE
15572,15898,limp,-12.8039,1,0,0,0,,,,,0,0,F20K,RESEARCH_BASELINE
15573,15899,linguistics,-12.8039,1,1,0,1,,linguistic,,,1,0,F20K,RESEARCH_BASELINE
15574,15900,lodging,-12.8039,1,0,0,0,,,,,0,0,F20K,RESEARCH_BASELINE
15575,15901,luc,-12.8039,0,0,0,0,,,,,0,0,F20K,RESEARCH_BASELINE
15576,15902,lyons,-12.8039,0,0,0,0,,,,,0,0,F20K,RESEARCH_BASELINE
15577,15903,magnesium,-12.8039,1,0,0,0,,,,,0,0,F20K,RESEARCH_BASELINE
15578,15904,manipulating,-12.8039,1,0,0,0,,,,,0,0,F20K,RESEARCH_BASELINE
15579,15905,mcdonalds,-12.8039,0,0,0,0,,,,,0,0,F20K,RESEARCH_BASELINE
15580,15906,mcgill,-12.8039,0,0,0,0,,,,,0,0,F20K,RESEARCH_BASELINE
15581,15907,mediocre,-12.8039,1,0,0,0,,,,,0,0,F20K,RESEARCH_BASELINE
15582,15908,merging,-12.8039,0,0,0,0,,,,,0,0,F20K,RESEARCH_BASELINE
15583,15909,migrate,-12.8039,1,0,0,0,,,,,0,0,F20K,RESEARCH_BASELINE
15584,15910,modifying,-12.8039,0,0,0,0,,,,,0,0,F20K,RESEARCH_BASELINE
15585,15911,morrow,-12.8039,0,0,0,0,,,,,0,0,F20K,RESEARCH_BASELINE
15586,15912,motivations,-12.8039,0,0,0,0,,,,,0,0,F20K,RESEARCH_BASELINE
15587,15913,mounts,-12.8039,1,1,1,1,,mount,amounts,,1,1,F20K,RESEARCH_BASELINE
15588,15914,mule,-12.8039,1,0,0,0,,,,,0,0,F20K,RESEARCH_BASELINE
15589,15915,natasha,-12.8039,0,0,0,0,,,,,0,0,F20K,RESEARCH_BASELINE
15590,15916,necks,-12.8039,1,1,0,1,,neck,,,1,0,F20K,RESEARCH_BASELINE
15591,15917,novice,-12.8039,1,0,0,0,,,,,0,0,F20K,RESEARCH_BASELINE
15592,15918,ons,-12.8039,0,0,0,0,,,,,0,0,F20K,RESEARCH_BASELINE
15593,15919,onstage,-12.8039,0,0,0,0,,,,,0,0,F20K,RESEARCH_BASELINE
15594,15920,oooh,-12.8039,0,0,0,0,,,,,0,0,F20K,RESEARCH_BASELINE
15595,15921,oprah,-12.8039,0,0,0,0,,,,,0,0,F20K,RESEARCH_BASELINE
15596,15922,optics,-12.8039,1,1,0,1,,optic,,,1,0,F20K,RESEARCH_BASELINE
15597,15923,outraged,-12.8039,1,1,0,1,,outrage,,,1,0,F20K,RESEARCH_BASELINE
15598,15924,overboard,-12.8039,1,0,0,0,,,,,0,0,F20K,RESEARCH_BASELINE
15599,15925,override,-12.8039,1,0,0,0,,,,,0,0,F20K,RESEARCH_BASELINE
15600,15926,pairing,-12.8039,1,1,0,1,airing,,,,1,0,F20K,RESEARCH_BASELINE
15601,15927,palaces,-12.8039,1,1,0,1,,palace,,,1,0,F20K,RESEARCH_BASELINE
15602,15928,patriotism,-12.8039,1,0,0,0,,,,,0,0,F20K,RESEARCH_BASELINE
15603,15929,pep,-12.8039,1,0,0,0,,,,,0,0,F20K,RESEARCH_BASELINE
15604,15930,pepsi,-12.8039,0,0,0,0,,,,,0,0,F20K,RESEARCH_BASELINE
15605,15931,pilgrim,-12.8039,1,1,1,0,,,,pilgrims,0,1,F20K,RESEARCH_BASELINE
15606,15932,plagued,-12.8039,1,1,0,1,,plague,,,1,0,F20K,RESEARCH_BASELINE
15607,15933,plunged,-12.8039,1,1,0,1,,plunge,,,1,0,F20K,RESEARCH_BASELINE
15608,15934,pong,-12.8039,1,0,0,0,,,,,0,0,F20K,RESEARCH_BASELINE
15609,15935,postpone,-12.8039,1,1,1,0,,,,postponed,0,1,F20K,RESEARCH_BASELINE
15610,15936,pow,-12.8039,1,1,0,1,ow,,,,1,0,F20K,RESEARCH_BASELINE
15611,15937,proprietor,-12.8039,1,0,0,0,,,,,0,0,F20K,RESEARCH_BASELINE
15612,15938,prussian,-12.8039,0,0,0,0,,,,,0,0,F20K,RESEARCH_BASELINE
15613,15939,pst,-12.8039,0,0,0,0,,,,,0,0,F20K,RESEARCH_BASELINE
15614,15940,quake,-12.8039,1,0,0,0,,,,,0,0,F20K,RESEARCH_BASELINE
15615,15942,rae,-12.8039,0,0,0,0,,,,,0,0,F20K,RESEARCH_BASELINE
15616,15943,raided,-12.8039,0,0,0,0,,,,,0,0,F20K,RESEARCH_BASELINE
15617,15944,raping,-12.8039,0,0,0,0,,,,,0,0,F20K,RESEARCH_BASELINE
15618,15945,realms,-12.8039,1,1,0,1,,realm,,,1,0,F20K,RESEARCH_BASELINE
15619,15946,recognizable,-12.8039,1,0,0,0,,,,,0,0,F20K,RESEARCH_BASELINE
15620,15947,reese,-12.8039,0,0,0,0,,,,,0,0,F20K,RESEARCH_BASELINE
15621,15948,regression,-12.8039,1,0,0,0,,,,,0,0,F20K,RESEARCH_BASELINE
15622,15949,relentless,-12.8039,1,0,0,0,,,,,0,0,F20K,RESEARCH_BASELINE
15623,15950,repealed,-12.8039,0,0,0,0,,,,,0,0,F20K,RESEARCH_BASELINE
15624,15951,restrained,-12.8039,1,0,0,0,,,,,0,0,F20K,RESEARCH_BASELINE
15625,15952,rewrite,-12.8039,1,0,0,0,,,,,0,0,F20K,RESEARCH_BASELINE
15626,15953,robbers,-12.8039,1,1,0,1,,robber,,,1,0,F20K,RESEARCH_BASELINE
15627,15954,robotic,-12.8039,1,1,1,0,,,,robotics,0,1,F20K,RESEARCH_BASELINE
15628,15955,rockefeller,-12.8039,0,0,0,0,,,,,0,0,F20K,RESEARCH_BASELINE
15629,15956,rotary,-12.8039,1,0,0,0,,,,,0,0,F20K,RESEARCH_BASELINE
15630,15957,rudy,-12.8039,0,0,0,0,,,,,0,0,F20K,RESEARCH_BASELINE
15631,15958,russ,-12.8039,0,0,0,0,,,,,0,0,F20K,RESEARCH_BASELINE
15632,15959,screenplay,-12.8039,1,0,0,0,,,,,0,0,F20K,RESEARCH_BASELINE
15633,15961,seasoned,-12.8039,1,0,0,0,,,,,0,0,F20K,RESEARCH_BASELINE
15634,15962,sediments,-12.8039,0,0,0,0,,,,,0,0,F20K,RESEARCH_BASELINE
15635,15963,seeded,-12.8039,1,0,0,0,,,,,0,0,F20K,RESEARCH_BASELINE
15636,15965,shri,-12.8039,0,0,0,0,,,,,0,0,F20K,RESEARCH_BASELINE
15637,15966,siren,-12.8039,1,1,1,1,,sire,,sirens,1,1,F20K,RESEARCH_BASELINE
15638,15967,sitcom,-12.8039,1,0,0,0,,,,,0,0,F20K,RESEARCH_BASELINE
15639,15968,skepticism,-12.8039,1,0,0,0,,,,,0,0,F20K,RESEARCH_BASELINE
15640,15969,slayer,-12.8039,1,1,0,1,layer,,,,1,0,F20K,RESEARCH_BASELINE
15641,15970,snapping,-12.8039,1,0,0,0,,,,,0,0,F20K,RESEARCH_BASELINE
15642,15971,sparrow,-12.8039,1,0,0,0,,,,,0,0,F20K,RESEARCH_BASELINE
15643,15972,stalk,-12.8039,1,1,0,1,talk,,,,1,0,F20K,RESEARCH_BASELINE
15644,15973,standby,-12.8039,1,0,0,0,,,,,0,0,F20K,RESEARCH_BASELINE
15645,15974,standings,-12.8039,0,0,0,0,,,,,0,0,F20K,RESEARCH_BASELINE
15646,15975,stew,-12.8039,1,0,0,0,,,,,0,0,F20K,RESEARCH_BASELINE
15647,15976,steward,-12.8039,1,0,0,0,,,,,0,0,F20K,RESEARCH_BASELINE
15648,15977,stirling,-12.8039,0,0,0,0,,,,,0,0,F20K,RESEARCH_BASELINE
15649,15978,stocking,-12.8039,1,1,1,0,,,,stockings,0,1,F20K,RESEARCH_BASELINE
15650,15979,strategically,-12.8039,1,0,0,0,,,,,0,0,F20K,RESEARCH_BASELINE
15651,15980,subdued,-12.8039,1,0,0,0,,,,,0,0,F20K,RESEARCH_BASELINE
15652,15981,subscribed,-12.8039,0,0,0,0,,,,,0,0,F20K,RESEARCH_BASELINE
15653,15982,substitutes,-12.8039,1,1,0,1,,substitute,,,1,0,F20K,RESEARCH_BASELINE
15654,15983,swat,-12.8039,1,0,0,0,,,,,0,0,F20K,RESEARCH_BASELINE
15655,15984,tad,-12.8039,1,1,0,1,ad,,,,1,0,F20K,RESEARCH_BASELINE
15656,15985,tanker,-12.8039,1,0,0,0,,,,,0,0,F20K,RESEARCH_BASELINE
15657,15986,taps,-12.8039,1,1,0,1,,tap,,,1,0,F20K,RESEARCH_BASELINE
15658,15987,tasmania,-12.8039,0,0,0,0,,,,,0,0,F20K,RESEARCH_BASELINE
15659,15988,tequila,-12.8039,1,0,0,0,,,,,0,0,F20K,RESEARCH_BASELINE
15660,15989,thrilling,-12.8039,1,0,0,0,,,,,0,0,F20K,RESEARCH_BASELINE
15661,15990,torment,-12.8039,1,0,0,0,,,,,0,0,F20K,RESEARCH_BASELINE
15662,15991,transformations,-12.8039,1,1,0,1,,transformation,,,1,0,F20K,RESEARCH_BASELINE
15663,15992,transforms,-12.8039,1,1,0,1,,transform,,,1,0,F20K,RESEARCH_BASELINE
15664,15993,trendy,-12.8039,1,1,0,1,,trend,,,1,0,F20K,RESEARCH_BASELINE
15665,15994,troubling,-12.8039,1,0,0,0,,,,,0,0,F20K,RESEARCH_BASELINE
15666,15995,tumour,-12.8039,1,0,0,0,,,,,0,0,F20K,RESEARCH_BASELINE
15667,15996,ul,-12.8039,0,0,0,0,,,,,0,0,F20K,RESEARCH_BASELINE
15668,15997,undue,-12.8039,1,0,0,0,,,,,0,0,F20K,RESEARCH_BASELINE
15669,15998,unnatural,-12.8039,1,0,0,0,,,,,0,0,F20K,RESEARCH_BASELINE
15670,15999,untouched,-12.8039,1,0,0,0,,,,,0,0,F20K,RESEARCH_BASELINE
15671,16000,utopia,-12.8039,1,0,0,0,,,,,0,0,F20K,RESEARCH_BASELINE
15672,16001,vacations,-12.8039,1,1,0,1,,vacation,,,1,0,F20K,RESEARCH_BASELINE
15673,16002,vaginal,-12.8039,0,0,0,0,,,,,0,0,F20K,RESEARCH_BASELINE
15674,16003,viability,-12.8039,1,0,0,0,,,,,0,0,F20K,RESEARCH_BASELINE
15675,16004,vicar,-12.8039,0,0,0,0,,,,,0,0,F20K,RESEARCH_BASELINE
15676,16005,vols,-12.8039,0,0,0,0,,,,,0,0,F20K,RESEARCH_BASELINE
15677,16006,wei,-12.8039,0,0,0,0,,,,,0,0,F20K,RESEARCH_BASELINE
15678,16007,wetlands,-12.8039,1,0,0,0,,,,,0,0,F20K,RESEARCH_BASELINE
15679,16008,withheld,-12.8039,1,0,0,0,,,,,0,0,F20K,RESEARCH_BASELINE
15680,16011,accountants,-12.826,1,1,0,1,,accountant,,,1,0,F20K,RESEARCH_BASELINE
15681,16012,adaptations,-12.826,1,1,0,1,,adaptation,,,1,0,F20K,RESEARCH_BASELINE
15682,16013,adele,-12.826,0,0,0,0,,,,,0,0,F20K,RESEARCH_BASELINE
15683,16014,adrenaline,-12.826,1,0,0,0,,,,,0,0,F20K,RESEARCH_BASELINE
15684,16015,alcoholism,-12.826,1,0,0,0,,,,,0,0,F20K,RESEARCH_BASELINE
15685,16016,analogous,-12.826,1,0,0,0,,,,,0,0,F20K,RESEARCH_BASELINE
15686,16017,ancestry,-12.826,1,0,0,0,,,,,0,0,F20K,RESEARCH_BASELINE
15687,16018,anterior,-12.826,1,0,0,0,,,,,0,0,F20K,RESEARCH_BASELINE
15688,16019,appropriation,-12.826,1,0,0,0,,,,,0,0,F20K,RESEARCH_BASELINE
15689,16020,aristotle,-12.826,0,0,0,0,,,,,0,0,F20K,RESEARCH_BASELINE
15690,16021,asa,-12.826,0,0,0,0,,,,,0,0,F20K,RESEARCH_BASELINE
15691,16022,asians,-12.826,0,0,0,0,,,,,0,0,F20K,RESEARCH_BASELINE
15692,16023,asphalt,-12.826,1,0,0,0,,,,,0,0,F20K,RESEARCH_BASELINE
15693,16024,asserts,-12.826,1,1,0,1,,assert,,,1,0,F20K,RESEARCH_BASELINE
15694,16025,astronomers,-12.826,1,0,0,0,,,,,0,0,F20K,RESEARCH_BASELINE
15695,16026,attire,-12.826,1,0,0,0,,,,,0,0,F20K,RESEARCH_BASELINE
15696,16027,audible,-12.826,1,0,0,0,,,,,0,0,F20K,RESEARCH_BASELINE
15697,16029,beetle,-12.826,1,1,1,0,,,,beetles,0,1,F20K,RESEARCH_BASELINE
15698,16030,benches,-12.826,0,0,0,0,,,,,0,0,F20K,RESEARCH_BASELINE
15699,16031,bestowed,-12.826,1,0,0,0,,,,,0,0,F20K,RESEARCH_BASELINE
15700,16032,bethlehem,-12.826,0,0,0,0,,,,,0,0,F20K,RESEARCH_BASELINE
15701,16033,beyonce,-12.826,0,0,0,0,,,,,0,0,F20K,RESEARCH_BASELINE
15702,16034,bicycles,-12.826,1,1,0,1,,bicycle,,,1,0,F20K,RESEARCH_BASELINE
15703,16035,biotechnology,-12.826,1,0,0,0,,,,,0,0,F20K,RESEARCH_BASELINE
15704,16036,bland,-12.826,1,1,0,1,land,,,,1,0,F20K,RESEARCH_BASELINE
15705,16037,blasted,-12.826,1,1,0,1,lasted,,,,1,0,F20K,RESEARCH_BASELINE
15706,16038,bounded,-12.826,1,0,0,0,,,,,0,0,F20K,RESEARCH_BASELINE
15707,16039,bowen,-12.826,0,0,0,0,,,,,0,0,F20K,RESEARCH_BASELINE
15708,16040,buckley,-12.826,0,0,0,0,,,,,0,0,F20K,RESEARCH_BASELINE
15709,16041,camden,-12.826,0,0,0,0,,,,,0,0,F20K,RESEARCH_BASELINE
15710,16042,charismatic,-12.826,1,0,0,0,,,,,0,0,F20K,RESEARCH_BASELINE
15711,16043,chemist,-12.826,1,0,0,0,,,,,0,0,F20K,RESEARCH_BASELINE
15712,16044,chevrolet,-12.826,0,0,0,0,,,,,0,0,F20K,RESEARCH_BASELINE
15713,16045,chow,-12.826,1,1,0,1,how,,,,1,0,F20K,RESEARCH_BASELINE
15714,16046,civilisation,-12.826,0,0,0,0,,,,,0,0,F20K,RESEARCH_BASELINE
15715,16047,coarse,-12.826,1,0,0,0,,,,,0,0,F20K,RESEARCH_BASELINE
15716,16048,coefficient,-12.826,1,0,0,0,,,,,0,0,F20K,RESEARCH_BASELINE
15717,16049,colonization,-12.826,1,0,0,0,,,,,0,0,F20K,RESEARCH_BASELINE
15718,16050,commuter,-12.826,1,1,0,1,,commute,,,1,0,F20K,RESEARCH_BASELINE
15719,16051,computational,-12.826,1,0,0,0,,,,,0,0,F20K,RESEARCH_BASELINE
15720,16052,connie,-12.826,0,0,0,0,,,,,0,0,F20K,RESEARCH_BASELINE
15721,16053,consecrated,-12.826,1,0,0,0,,,,,0,0,F20K,RESEARCH_BASELINE
15722,16054,constituencies,-12.826,1,0,0,0,,,,,0,0,F20K,RESEARCH_BASELINE
15723,16055,contractual,-12.826,1,0,0,0,,,,,0,0,F20K,RESEARCH_BASELINE
15724,16056,contradict,-12.826,1,0,0,0,,,,,0,0,F20K,RESEARCH_BASELINE
15725,16057,converter,-12.826,1,0,0,0,,,,,0,0,F20K,RESEARCH_BASELINE
15726,16058,coupling,-12.826,1,0,0,0,,,,,0,0,F20K,RESEARCH_BASELINE
15727,16059,crowns,-12.826,1,1,0,1,,crown,,,1,0,F20K,RESEARCH_BASELINE
15728,16060,dangerously,-12.826,1,0,0,0,,,,,0,0,F20K,RESEARCH_BASELINE
15729,16061,depiction,-12.826,1,0,0,0,,,,,0,0,F20K,RESEARCH_BASELINE
15730,16062,depreciation,-12.826,1,0,0,0,,,,,0,0,F20K,RESEARCH_BASELINE
15731,16063,dir,-12.826,0,0,0,0,,,,,0,0,F20K,RESEARCH_BASELINE
15732,16064,disagreements,-12.826,1,1,0,1,,disagreement,,,1,0,F20K,RESEARCH_BASELINE
15733,16065,discontent,-12.826,1,0,0,0,,,,,0,0,F20K,RESEARCH_BASELINE
15734,16066,disliked,-12.826,1,1,0,1,,dislike,,,1,0,F20K,RESEARCH_BASELINE
15735,16067,disparity,-12.826,1,0,0,0,,,,,0,0,F20K,RESEARCH_BASELINE
15736,16068,djs,-12.826,0,0,0,0,,,,,0,0,F20K,RESEARCH_BASELINE
15737,16069,dora,-12.826,0,0,0,0,,,,,0,0,F20K,RESEARCH_BASELINE
15738,16070,downing,-12.826,0,0,0,0,,,,,0,0,F20K,RESEARCH_BASELINE
15739,16071,downside,-12.826,1,0,0,0,,,,,0,0,F20K,RESEARCH_BASELINE
15740,16072,dumbass,-12.826,0,0,0,0,,,,,0,0,F20K,RESEARCH_BASELINE
15741,16073,durant,-12.826,0,0,0,0,,,,,0,0,F20K,RESEARCH_BASELINE
15742,16074,earrings,-12.826,1,0,0,0,,,,,0,0,F20K,RESEARCH_BASELINE
15743,16075,ein,-12.826,0,0,0,0,,,,,0,0,F20K,RESEARCH_BASELINE
15744,16076,emitted,-12.826,0,0,0,0,,,,,0,0,F20K,RESEARCH_BASELINE
15745,16077,endlessly,-12.826,1,0,0,0,,,,,0,0,F20K,RESEARCH_BASELINE
15746,16078,entails,-12.826,1,1,0,1,,entail,,,1,0,F20K,RESEARCH_BASELINE
15747,16079,entrepreneurial,-12.826,1,0,0,0,,,,,0,0,F20K,RESEARCH_BASELINE
15748,16080,erased,-12.826,1,1,0,1,,erase,,,1,0,F20K,RESEARCH_BASELINE
15749,16081,err,-12.826,1,0,0,0,,,,,0,0,F20K,RESEARCH_BASELINE
15750,16082,eta,-12.826,0,0,0,0,,,,,0,0,F20K,RESEARCH_BASELINE
15751,16083,exert,-12.826,1,0,0,0,,,,,0,0,F20K,RESEARCH_BASELINE
15752,16084,exiled,-12.826,0,0,0,0,,,,,0,0,F20K,RESEARCH_BASELINE
15753,16085,expires,-12.826,1,1,0,1,,expire,,,1,0,F20K,RESEARCH_BASELINE
15754,16086,extremists,-12.826,1,1,0,1,,extremist,,,1,0,F20K,RESEARCH_BASELINE
15755,16087,fabricated,-12.826,0,0,0,0,,,,,0,0,F20K,RESEARCH_BASELINE
15756,16088,feasibility,-12.826,1,0,0,0,,,,,0,0,F20K,RESEARCH_BASELINE
15757,16089,fella,-12.826,0,0,0,0,,,,,0,0,F20K,RESEARCH_BASELINE
15758,16090,fellas,-12.826,1,0,0,0,,,,,0,0,F20K,RESEARCH_BASELINE
15759,16091,filmmakers,-12.826,1,1,0,1,,filmmaker,,,1,0,F20K,RESEARCH_BASELINE
15760,16092,flair,-12.826,1,1,0,1,lair,,,,1,0,F20K,RESEARCH_BASELINE
15761,16093,flashlight,-12.826,1,0,0,0,,,,,0,0,F20K,RESEARCH_BASELINE
15762,16094,footballers,-12.826,0,0,0,0,,,,,0,0,F20K,RESEARCH_BASELINE
15763,16095,fueled,-12.826,0,0,0,0,,,,,0,0,F20K,RESEARCH_BASELINE
15764,16096,gamers,-12.826,1,1,0,1,,gamer,,,1,0,F20K,RESEARCH_BASELINE
15765,16097,germain,-12.826,0,0,0,0,,,,,0,0,F20K,RESEARCH_BASELINE
15766,16098,godfather,-12.826,1,0,0,0,,,,,0,0,F20K,RESEARCH_BASELINE
15767,16099,grail,-12.826,1,1,0,1,rail,,,,1,0,F20K,RESEARCH_BASELINE
15768,16100,gravy,-12.826,1,0,0,0,,,,,0,0,F20K,RESEARCH_BASELINE
15769,16101,gunshot,-12.826,1,0,0,0,,,,,0,0,F20K,RESEARCH_BASELINE
15770,16102,haley,-12.826,0,0,0,0,,,,,0,0,F20K,RESEARCH_BASELINE
15771,16103,hast,-12.826,0,0,0,0,,,,,0,0,F20K,RESEARCH_BASELINE
15772,16104,haters,-12.826,0,0,0,0,,,,,0,0,F20K,RESEARCH_BASELINE
15773,16105,headset,-12.826,1,0,0,0,,,,,0,0,F20K,RESEARCH_BASELINE
15774,16106,helsinki,-12.826,0,0,0,0,,,,,0,0,F20K,RESEARCH_BASELINE
15775,16107,herbal,-12.826,1,0,0,0,,,,,0,0,F20K,RESEARCH_BASELINE
15776,16108,herzegovina,-12.826,0,0,0,0,,,,,0,0,F20K,RESEARCH_BASELINE
15777,16109,highs,-12.826,1,1,1,1,,high,thighs,,1,1,F20K,RESEARCH_BASELINE
15778,16110,hk,-12.826,0,0,0,0,,,,,0,0,F20K,RESEARCH_BASELINE
15779,16111,hoax,-12.826,1,0,0,0,,,,,0,0,F20K,RESEARCH_BASELINE
15780,16112,hurdles,-12.826,1,1,0,1,,hurdle,,,1,0,F20K,RESEARCH_BASELINE
15781,16113,idf,-12.826,0,0,0,0,,,,,0,0,F20K,RESEARCH_BASELINE
15782,16114,impoverished,-12.826,1,0,0,0,,,,,0,0,F20K,RESEARCH_BASELINE
15783,16115,inject,-12.826,1,0,0,0,,,,,0,0,F20K,RESEARCH_BASELINE
15784,16116,insensitive,-12.826,1,0,0,0,,,,,0,0,F20K,RESEARCH_BASELINE
15785,16117,integer,-12.826,1,0,0,0,,,,,0,0,F20K,RESEARCH_BASELINE
15786,16118,inverted,-12.826,1,0,0,0,,,,,0,0,F20K,RESEARCH_BASELINE
15787,16119,jamal,-12.826,0,0,0,0,,,,,0,0,F20K,RESEARCH_BASELINE
15788,16120,kabul,-12.826,0,0,0,0,,,,,0,0,F20K,RESEARCH_BASELINE
15789,16121,kathryn,-12.826,0,0,0,0,,,,,0,0,F20K,RESEARCH_BASELINE
15790,16122,kramer,-12.826,0,0,0,0,,,,,0,0,F20K,RESEARCH_BASELINE
15791,16123,landmarks,-12.826,0,0,0,0,,,,,0,0,F20K,RESEARCH_BASELINE
15792,16124,laurence,-12.826,0,0,0,0,,,,,0,0,F20K,RESEARCH_BASELINE
15793,16125,leah,-12.826,0,0,0,0,,,,,0,0,F20K,RESEARCH_BASELINE
15794,16126,legality,-12.826,1,0,0,0,,,,,0,0,F20K,RESEARCH_BASELINE
15795,16127,leipzig,-12.826,0,0,0,0,,,,,0,0,F20K,RESEARCH_BASELINE
15796,16128,liter,-12.826,1,0,0,0,,,,,0,0,F20K,RESEARCH_BASELINE
15797,16129,localities,-12.826,0,0,0,0,,,,,0,0,F20K,RESEARCH_BASELINE
15798,16130,longitudinal,-12.826,1,0,0,0,,,,,0,0,F20K,RESEARCH_BASELINE
15799,16131,mackay,-12.826,0,0,0,0,,,,,0,0,F20K,RESEARCH_BASELINE
15800,16132,manpower,-12.826,1,0,0,0,,,,,0,0,F20K,RESEARCH_BASELINE
15801,16133,mater,-12.826,0,0,0,0,,,,,0,0,F20K,RESEARCH_BASELINE
15802,16134,maureen,-12.826,0,0,0,0,,,,,0,0,F20K,RESEARCH_BASELINE
15803,16135,mclaren,-12.826,0,0,0,0,,,,,0,0,F20K,RESEARCH_BASELINE
15804,16136,merrill,-12.826,0,0,0,0,,,,,0,0,F20K,RESEARCH_BASELINE
15805,16137,monde,-12.826,0,0,0,0,,,,,0,0,F20K,RESEARCH_BASELINE
15806,16138,mozambique,-12.826,0,0,0,0,,,,,0,0,F20K,RESEARCH_BASELINE
15807,16139,nfc,-12.826,0,0,0,0,,,,,0,0,F20K,RESEARCH_BASELINE
15808,16140,nipple,-12.826,1,0,0,0,,,,,0,0,F20K,RESEARCH_BASELINE
15809,16141,obscene,-12.826,1,0,0,0,,,,,0,0,F20K,RESEARCH_BASELINE
15810,16142,occurrences,-12.826,1,1,0,1,,occurrence,,,1,0,F20K,RESEARCH_BASELINE
15811,16143,oppressive,-12.826,1,0,0,0,,,,,0,0,F20K,RESEARCH_BASELINE
15812,16144,orion,-12.826,0,0,0,0,,,,,0,0,F20K,RESEARCH_BASELINE
15813,16145,overdue,-12.826,1,0,0,0,,,,,0,0,F20K,RESEARCH_BASELINE
15814,16146,peaked,-12.826,1,0,0,0,,,,,0,0,F20K,RESEARCH_BASELINE
15815,16147,pharaoh,-12.826,1,0,0,0,,,,,0,0,F20K,RESEARCH_BASELINE
15816,16148,phelps,-12.826,0,0,0,0,,,,,0,0,F20K,RESEARCH_BASELINE
15817,16149,piers,-12.826,1,1,0,1,,pier,,,1,0,F20K,RESEARCH_BASELINE
15818,16150,plugin,-12.826,0,0,0,0,,,,,0,0,F20K,RESEARCH_BASELINE
15819,16151,preached,-12.826,1,1,0,1,reached,,,,1,0,F20K,RESEARCH_BASELINE
15820,16152,preschool,-12.826,1,0,0,0,,,,,0,0,F20K,RESEARCH_BASELINE
15821,16153,prism,-12.826,1,0,0,0,,,,,0,0,F20K,RESEARCH_BASELINE
15822,16154,propulsion,-12.826,0,0,0,0,,,,,0,0,F20K,RESEARCH_BASELINE
15823,16155,prosecutions,-12.826,0,0,0,0,,,,,0,0,F20K,RESEARCH_BASELINE
15824,16156,punt,-12.826,1,1,0,1,,pun,,,1,0,F20K,RESEARCH_BASELINE
15825,16157,radios,-12.826,1,1,0,1,,radio,,,1,0,F20K,RESEARCH_BASELINE
15826,16158,raphael,-12.826,0,0,0,0,,,,,0,0,F20K,RESEARCH_BASELINE
15827,16159,rapist,-12.826,0,0,0,0,,,,,0,0,F20K,RESEARCH_BASELINE
15828,16160,reigning,-12.826,1,0,0,0,,,,,0,0,F20K,RESEARCH_BASELINE
15829,16161,relativity,-12.826,1,0,0,0,,,,,0,0,F20K,RESEARCH_BASELINE
15830,16162,relocate,-12.826,1,0,0,0,,,,,0,0,F20K,RESEARCH_BASELINE
15831,16163,rethink,-12.826,1,0,0,0,,,,,0,0,F20K,RESEARCH_BASELINE
15832,16164,revisions,-12.826,0,0,0,0,,,,,0,0,F20K,RESEARCH_BASELINE
15833,16165,revolutionaries,-12.826,0,0,0,0,,,,,0,0,F20K,RESEARCH_BASELINE
15834,16166,rubble,-12.826,1,0,0,0,,,,,0,0,F20K,RESEARCH_BASELINE
15835,16167,rupture,-12.826,1,0,0,0,,,,,0,0,F20K,RESEARCH_BASELINE
15836,16168,ryder,-12.826,0,0,0,0,,,,,0,0,F20K,RESEARCH_BASELINE
15837,16169,sacrificing,-12.826,1,0,0,0,,,,,0,0,F20K,RESEARCH_BASELINE
15838,16170,scatter,-12.826,1,0,0,0,,,,,0,0,F20K,RESEARCH_BASELINE
15839,16171,sexism,-12.826,1,0,0,0,,,,,0,0,F20K,RESEARCH_BASELINE
15840,16172,shuts,-12.826,1,1,0,1,huts,shut,,,2,0,F20K,RESEARCH_BASELINE
15841,16173,shutter,-12.826,1,0,0,0,,,,,0,0,F20K,RESEARCH_BASELINE
15842,16174,sixties,-12.826,1,0,0,0,,,,,0,0,F20K,RESEARCH_BASELINE
15843,16175,skyline,-12.826,1,0,0,0,,,,,0,0,F20K,RESEARCH_BASELINE
15844,16176,spanning,-12.826,0,0,0,0,,,,,0,0,F20K,RESEARCH_BASELINE
15845,16177,spans,-12.826,1,1,0,1,pans,span,,,2,0,F20K,RESEARCH_BASELINE
15846,16178,spawned,-12.826,0,0,0,0,,,,,0,0,F20K,RESEARCH_BASELINE
15847,16179,stacks,-12.826,1,1,0,1,,stack,,,1,0,F20K,RESEARCH_BASELINE
15848,16180,straits,-12.826,1,1,0,1,traits,strait,,,2,0,F20K,RESEARCH_BASELINE
15849,16181,strapped,-12.826,1,1,0,1,trapped,,,,1,0,F20K,RESEARCH_BASELINE
15850,16182,subtitles,-12.826,1,0,0,0,,,,,0,0,F20K,RESEARCH_BASELINE
15851,16183,sugars,-12.826,1,1,0,1,,sugar,,,1,0,F20K,RESEARCH_BASELINE
15852,16184,sutherland,-12.826,0,0,0,0,,,,,0,0,F20K,RESEARCH_BASELINE
15853,16185,suv,-12.826,0,0,0,0,,,,,0,0,F20K,RESEARCH_BASELINE
15854,16186,swung,-12.826,1,0,0,0,,,,,0,0,F20K,RESEARCH_BASELINE
15855,16187,tangled,-12.826,1,0,0,0,,,,,0,0,F20K,RESEARCH_BASELINE
15856,16188,theorists,-12.826,1,0,0,0,,,,,0,0,F20K,RESEARCH_BASELINE
15857,16189,thinkers,-12.826,0,0,0,0,,,,,0,0,F20K,RESEARCH_BASELINE
15858,16190,tobago,-12.826,0,0,0,0,,,,,0,0,F20K,RESEARCH_BASELINE
15859,16191,torrent,-12.826,1,0,0,0,,,,,0,0,F20K,RESEARCH_BASELINE
15860,16192,transports,-12.826,1,1,0,1,,transport,,,1,0,F20K,RESEARCH_BASELINE
15861,16193,tripped,-12.826,1,1,1,1,ripped,,stripped,,1,1,F20K,RESEARCH_BASELINE
15862,16194,tvs,-12.826,0,0,0,0,,,,,0,0,F20K,RESEARCH_BASELINE
15863,16196,underestimated,-12.826,1,1,0,1,,underestimate,,,1,0,F20K,RESEARCH_BASELINE
15864,16197,undermined,-12.826,0,0,0,0,,,,,0,0,F20K,RESEARCH_BASELINE
15865,16198,underworld,-12.826,1,0,0,0,,,,,0,0,F20K,RESEARCH_BASELINE
15866,16199,uneasy,-12.826,1,0,0,0,,,,,0,0,F20K,RESEARCH_BASELINE
15867,16200,unfit,-12.826,1,0,0,0,,,,,0,0,F20K,RESEARCH_BASELINE
15868,16201,unpublished,-12.826,1,0,0,0,,,,,0,0,F20K,RESEARCH_BASELINE
15869,16202,usefulness,-12.826,1,0,0,0,,,,,0,0,F20K,RESEARCH_BASELINE
15870,16203,vigorously,-12.826,1,0,0,0,,,,,0,0,F20K,RESEARCH_BASELINE
15871,16204,villas,-12.826,0,0,0,0,,,,,0,0,F20K,RESEARCH_BASELINE
15872,16205,ville,-12.826,0,0,0,0,,,,,0,0,F20K,RESEARCH_BASELINE
15873,16206,volvo,-12.826,0,0,0,0,,,,,0,0,F20K,RESEARCH_BASELINE
15874,16207,voodoo,-12.826,1,0,0,0,,,,,0,0,F20K,RESEARCH_BASELINE
15875,16208,wah,-12.826,0,0,0,0,,,,,0,0,F20K,RESEARCH_BASELINE
15876,16209,waiver,-12.826,1,0,0,0,,,,,0,0,F20K,RESEARCH_BASELINE
15877,16210,wally,-12.826,0,0,0,0,,,,,0,0,F20K,RESEARCH_BASELINE
15878,16211,wat,-12.826,0,0,0,0,,,,,0,0,F20K,RESEARCH_BASELINE
15879,16212,watkins,-12.826,0,0,0,0,,,,,0,0,F20K,RESEARCH_BASELINE
15880,16213,weave,-12.826,1,1,1,0,,,,weaver,0,1,F20K,RESEARCH_BASELINE
15881,16214,weep,-12.826,1,1,1,1,,wee,sweep,,1,1,F20K,RESEARCH_BASELINE
15882,16215,weeping,-12.826,1,1,1,0,,,sweeping,,0,1,F20K,RESEARCH_BASELINE
15883,16216,wenger,-12.826,0,0,0,0,,,,,0,0,F20K,RESEARCH_BASELINE
15884,16217,wharf,-12.826,1,0,0,0,,,,,0,0,F20K,RESEARCH_BASELINE
15885,16218,withdrawing,-12.826,1,0,0,0,,,,,0,0,F20K,RESEARCH_BASELINE
15886,16219,yearbook,-12.826,1,0,0,0,,,,,0,0,F20K,RESEARCH_BASELINE
15887,16220,yum,-12.826,1,1,0,1,um,,,,1,0,F20K,RESEARCH_BASELINE
15888,16224,accommodations,-12.8485,1,1,0,1,,accommodation,,,1,0,F20K,RESEARCH_BASELINE
15889,16225,addison,-12.8485,0,0,0,0,,,,,0,0,F20K,RESEARCH_BASELINE
15890,16226,amin,-12.8485,0,0,0,0,,,,,0,0,F20K,RESEARCH_BASELINE
15891,16227,anchors,-12.8485,1,1,0,1,,anchor,,,1,0,F20K,RESEARCH_BASELINE
15892,16228,anomalies,-12.8485,0,0,0,0,,,,,0,0,F20K,RESEARCH_BASELINE
15893,16229,aria,-12.8485,0,0,0,0,,,,,0,0,F20K,RESEARCH_BASELINE
15894,16230,auschwitz,-12.8485,0,0,0,0,,,,,0,0,F20K,RESEARCH_BASELINE
15895,16231,bangs,-12.8485,1,1,0,1,,bang,,,1,0,F20K,RESEARCH_BASELINE
15896,16232,battered,-12.8485,1,0,0,0,,,,,0,0,F20K,RESEARCH_BASELINE
15897,16233,beckett,-12.8485,0,0,0,0,,,,,0,0,F20K,RESEARCH_BASELINE
15898,16234,bel,-12.8485,0,0,0,0,,,,,0,0,F20K,RESEARCH_BASELINE
15899,16235,bernstein,-12.8485,0,0,0,0,,,,,0,0,F20K,RESEARCH_BASELINE
15900,16236,besieged,-12.8485,1,0,0,0,,,,,0,0,F20K,RESEARCH_BASELINE
15901,16237,biking,-12.8485,0,0,0,0,,,,,0,0,F20K,RESEARCH_BASELINE
15902,16238,billie,-12.8485,0,0,0,0,,,,,0,0,F20K,RESEARCH_BASELINE
15903,16239,bitterness,-12.8485,1,0,0,0,,,,,0,0,F20K,RESEARCH_BASELINE
15904,16240,blackburn,-12.8485,0,0,0,0,,,,,0,0,F20K,RESEARCH_BASELINE
15905,16241,blanche,-12.8485,0,0,0,0,,,,,0,0,F20K,RESEARCH_BASELINE
15906,16242,bleak,-12.8485,1,1,0,1,leak,,,,1,0,F20K,RESEARCH_BASELINE
15907,16243,botanical,-12.8485,1,0,0,0,,,,,0,0,F20K,RESEARCH_BASELINE
15908,16244,boyfriends,-12.8485,1,1,0,1,,boyfriend,,,1,0,F20K,RESEARCH_BASELINE
15909,16245,brat,-12.8485,1,1,0,1,rat,bra,,,2,0,F20K,RESEARCH_BASELINE
15910,16246,bruised,-12.8485,1,0,0,0,,,,,0,0,F20K,RESEARCH_BASELINE
15911,16247,bu,-12.8485,0,0,0,0,,,,,0,0,F20K,RESEARCH_BASELINE
15912,16248,buffy,-12.8485,0,0,0,0,,,,,0,0,F20K,RESEARCH_BASELINE
15913,16249,buster,-12.8485,1,0,0,0,,,,,0,0,F20K,RESEARCH_BASELINE
15914,16250,byrne,-12.8485,0,0,0,0,,,,,0,0,F20K,RESEARCH_BASELINE
15915,16251,cadillac,-12.8485,0,0,0,0,,,,,0,0,F20K,RESEARCH_BASELINE
15916,16252,candidacy,-12.8485,1,0,0,0,,,,,0,0,F20K,RESEARCH_BASELINE
15917,16254,carla,-12.8485,0,0,0,0,,,,,0,0,F20K,RESEARCH_BASELINE
15918,16255,caucasus,-12.8485,0,0,0,0,,,,,0,0,F20K,RESEARCH_BASELINE
15919,16256,ceilings,-12.8485,1,1,0,1,,ceiling,,,1,0,F20K,RESEARCH_BASELINE
15920,16257,characterize,-12.8485,1,1,1,0,,,,characterized,0,1,F20K,RESEARCH_BASELINE
15921,16258,cheeky,-12.8485,1,1,0,1,,cheek,,,1,0,F20K,RESEARCH_BASELINE
15922,16259,cinderella,-12.8485,0,0,0,0,,,,,0,0,F20K,RESEARCH_BASELINE
15923,16260,cinematic,-12.8485,1,0,0,0,,,,,0,0,F20K,RESEARCH_BASELINE
15924,16261,clowns,-12.8485,1,1,0,1,,clown,,,1,0,F20K,RESEARCH_BASELINE
15925,16262,collaborators,-12.8485,0,0,0,0,,,,,0,0,F20K,RESEARCH_BASELINE
15926,16263,comedians,-12.8485,0,0,0,0,,,,,0,0,F20K,RESEARCH_BASELINE
15927,16264,compile,-12.8485,1,1,1,0,,,,compiled;compiler,0,2,F20K,RESEARCH_BASELINE
15928,16265,contemporaries,-12.8485,1,0,0,0,,,,,0,0,F20K,RESEARCH_BASELINE
15929,16266,corinthians,-12.8485,0,0,0,0,,,,,0,0,F20K,RESEARCH_BASELINE
15930,16267,coupe,-12.8485,1,1,0,1,,coup,,,1,0,F20K,RESEARCH_BASELINE
15931,16268,cruises,-12.8485,1,1,0,1,,cruise,,,1,0,F20K,RESEARCH_BASELINE
15932,16269,cunning,-12.8485,1,0,0,0,,,,,0,0,F20K,RESEARCH_BASELINE
15933,16270,cyril,-12.8485,0,0,0,0,,,,,0,0,F20K,RESEARCH_BASELINE
15934,16271,daly,-12.8485,0,0,0,0,,,,,0,0,F20K,RESEARCH_BASELINE
15935,16272,dearest,-12.8485,1,0,0,0,,,,,0,0,F20K,RESEARCH_BASELINE
15936,16273,decker,-12.8485,0,0,0,0,,,,,0,0,F20K,RESEARCH_BASELINE
15937,16274,degraded,-12.8485,1,1,0,1,,degrade,,,1,0,F20K,RESEARCH_BASELINE
15938,16275,deletion,-12.8485,1,0,0,0,,,,,0,0,F20K,RESEARCH_BASELINE
15939,16276,denotes,-12.8485,1,1,0,1,,denote,,,1,0,F20K,RESEARCH_BASELINE
15940,16277,depict,-12.8485,1,1,1,0,,,,depicts,0,1,F20K,RESEARCH_BASELINE
15941,16278,desmond,-12.8485,0,0,0,0,,,,,0,0,F20K,RESEARCH_BASELINE
15942,16279,dewey,-12.8485,0,0,0,0,,,,,0,0,F20K,RESEARCH_BASELINE
15943,16280,diagnose,-12.8485,1,1,1,0,,,,diagnosed,0,1,F20K,RESEARCH_BASELINE
15944,16281,differentiation,-12.8485,1,0,0,0,,,,,0,0,F20K,RESEARCH_BASELINE
15945,16282,diner,-12.8485,1,1,0,1,,dine,,,1,0,F20K,RESEARCH_BASELINE
15946,16283,dipping,-12.8485,1,0,0,0,,,,,0,0,F20K,RESEARCH_BASELINE
15947,16284,distinguishing,-12.8485,1,0,0,0,,,,,0,0,F20K,RESEARCH_BASELINE
15948,16285,documenting,-12.8485,0,0,0,0,,,,,0,0,F20K,RESEARCH_BASELINE
15949,16286,doncaster,-12.8485,0,0,0,0,,,,,0,0,F20K,RESEARCH_BASELINE
15950,16287,doorstep,-12.8485,1,0,0,0,,,,,0,0,F20K,RESEARCH_BASELINE
15951,16288,doubted,-12.8485,1,0,0,0,,,,,0,0,F20K,RESEARCH_BASELINE
15952,16289,douche,-12.8485,0,0,0,0,,,,,0,0,F20K,RESEARCH_BASELINE
15953,16290,dripping,-12.8485,1,1,0,1,ripping,,,,1,0,F20K,RESEARCH_BASELINE
15954,16291,elias,-12.8485,0,0,0,0,,,,,0,0,F20K,RESEARCH_BASELINE
15955,16292,embryo,-12.8485,1,1,1,0,,,,embryos,0,1,F20K,RESEARCH_BASELINE
15956,16293,emphasizing,-12.8485,0,0,0,0,,,,,0,0,F20K,RESEARCH_BASELINE
15957,16294,empires,-12.8485,1,1,0,1,,empire,,,1,0,F20K,RESEARCH_BASELINE
15958,16295,encore,-12.8485,1,0,0,0,,,,,0,0,F20K,RESEARCH_BASELINE
15959,16296,endowed,-12.8485,1,0,0,0,,,,,0,0,F20K,RESEARCH_BASELINE
15960,16297,englishman,-12.8485,0,0,0,0,,,,,0,0,F20K,RESEARCH_BASELINE
15961,16298,enormously,-12.8485,1,0,0,0,,,,,0,0,F20K,RESEARCH_BASELINE
15962,16299,epilepsy,-12.8485,1,0,0,0,,,,,0,0,F20K,RESEARCH_BASELINE
15963,16300,equip,-12.8485,1,0,0,0,,,,,0,0,F20K,RESEARCH_BASELINE
15964,16301,ethernet,-12.8485,0,0,0,0,,,,,0,0,F20K,RESEARCH_BASELINE
15965,16302,excerpts,-12.8485,1,1,0,1,,excerpt,,,1,0,F20K,RESEARCH_BASELINE
15966,16303,fn,-12.8485,0,0,0,0,,,,,0,0,F20K,RESEARCH_BASELINE
15967,16304,francesco,-12.8485,0,0,0,0,,,,,0,0,F20K,RESEARCH_BASELINE
15968,16305,freeing,-12.8485,1,0,0,0,,,,,0,0,F20K,RESEARCH_BASELINE
15969,16306,frenchman,-12.8485,0,0,0,0,,,,,0,0,F20K,RESEARCH_BASELINE
15970,16307,fri,-12.8485,0,0,0,0,,,,,0,0,F20K,RESEARCH_BASELINE
15971,16308,fullest,-12.8485,1,0,0,0,,,,,0,0,F20K,RESEARCH_BASELINE
15972,16309,fundraiser,-12.8485,1,0,0,0,,,,,0,0,F20K,RESEARCH_BASELINE
15973,16310,giggles,-12.8485,1,1,0,1,,giggle,,,1,0,F20K,RESEARCH_BASELINE
15974,16311,gorge,-12.8485,1,0,0,0,,,,,0,0,F20K,RESEARCH_BASELINE
15975,16312,hemp,-12.8485,1,0,0,0,,,,,0,0,F20K,RESEARCH_BASELINE
15976,16313,herr,-12.8485,0,0,0,0,,,,,0,0,F20K,RESEARCH_BASELINE
15977,16314,hitter,-12.8485,0,0,0,0,,,,,0,0,F20K,RESEARCH_BASELINE
15978,16315,hobbit,-12.8485,1,0,0,0,,,,,0,0,F20K,RESEARCH_BASELINE
15979,16316,iced,-12.8485,1,1,0,1,,ice,,,1,0,F20K,RESEARCH_BASELINE
15980,16317,ich,-12.8485,0,0,0,0,,,,,0,0,F20K,RESEARCH_BASELINE
15981,16318,immersed,-12.8485,0,0,0,0,,,,,0,0,F20K,RESEARCH_BASELINE
15982,16319,immortality,-12.8485,1,0,0,0,,,,,0,0,F20K,RESEARCH_BASELINE
15983,16320,importing,-12.8485,0,0,0,0,,,,,0,0,F20K,RESEARCH_BASELINE
15984,16321,indifference,-12.8485,1,0,0,0,,,,,0,0,F20K,RESEARCH_BASELINE
15985,16322,instructional,-12.8485,1,0,0,0,,,,,0,0,F20K,RESEARCH_BASELINE
15986,16323,interiors,-12.8485,1,1,0,1,,interior,,,1,0,F20K,RESEARCH_BASELINE
15987,16324,intimidated,-12.8485,1,1,0,1,,intimidate,,,1,0,F20K,RESEARCH_BASELINE
15988,16325,invoked,-12.8485,0,0,0,0,,,,,0,0,F20K,RESEARCH_BASELINE
15989,16326,io,-12.8485,0,0,0,0,,,,,0,0,F20K,RESEARCH_BASELINE
15990,16327,irresistible,-12.8485,1,0,0,0,,,,,0,0,F20K,RESEARCH_BASELINE
15991,16329,joyful,-12.8485,1,0,0,0,,,,,0,0,F20K,RESEARCH_BASELINE
15992,16330,juniors,-12.8485,1,1,0,1,,junior,,,1,0,F20K,RESEARCH_BASELINE
15993,16331,kensington,-12.8485,0,0,0,0,,,,,0,0,F20K,RESEARCH_BASELINE
15994,16332,knitting,-12.8485,1,0,0,0,,,,,0,0,F20K,RESEARCH_BASELINE
15995,16333,kurdistan,-12.8485,0,0,0,0,,,,,0,0,F20K,RESEARCH_BASELINE
15996,16334,kurds,-12.8485,0,0,0,0,,,,,0,0,F20K,RESEARCH_BASELINE
15997,16335,latex,-12.8485,1,1,0,1,,late,,,1,0,F20K,RESEARCH_BASELINE
15998,16336,liberalism,-12.8485,1,0,0,0,,,,,0,0,F20K,RESEARCH_BASELINE
15999,16337,loch,-12.8485,0,0,0,0,,,,,0,0,F20K,RESEARCH_BASELINE
16000,16338,loft,-12.8485,1,1,1,0,,,,lofty,0,1,F20K,RESEARCH_BASELINE
16001,16339,lore,-12.8485,1,1,0,1,ore,,,,1,0,F20K,RESEARCH_BASELINE
16002,16340,louie,-12.8485,0,0,0,0,,,,,0,0,F20K,RESEARCH_BASELINE
16003,16341,malawi,-12.8485,0,0,0,0,,,,,0,0,F20K,RESEARCH_BASELINE
16004,16342,manufactures,-12.8485,0,0,0,0,,,,,0,0,F20K,RESEARCH_BASELINE
16005,16343,mara,-12.8485,0,0,0,0,,,,,0,0,F20K,RESEARCH_BASELINE
16006,16344,marley,-12.8485,0,0,0,0,,,,,0,0,F20K,RESEARCH_BASELINE
16007,16345,massively,-12.8485,1,0,0,0,,,,,0,0,F20K,RESEARCH_BASELINE
16008,16346,medicaid,-12.8485,0,0,0,0,,,,,0,0,F20K,RESEARCH_BASELINE
16009,16347,medically,-12.8485,1,0,0,0,,,,,0,0,F20K,RESEARCH_BASELINE
16010,16348,merciful,-12.8485,1,0,0,0,,,,,0,0,F20K,RESEARCH_BASELINE
16011,16349,mikhail,-12.8485,0,0,0,0,,,,,0,0,F20K,RESEARCH_BASELINE
16012,16350,mimic,-12.8485,1,0,0,0,,,,,0,0,F20K,RESEARCH_BASELINE
16013,16351,misfortune,-12.8485,1,0,0,0,,,,,0,0,F20K,RESEARCH_BASELINE
16014,16352,morons,-12.8485,1,1,0,1,,moron,,,1,0,F20K,RESEARCH_BASELINE
16015,16353,mosquitoes,-12.8485,1,0,0,0,,,,,0,0,F20K,RESEARCH_BASELINE
16016,16354,moth,-12.8485,1,0,0,0,,,,,0,0,F20K,RESEARCH_BASELINE
16017,16355,motif,-12.8485,1,1,1,0,,,,motifs,0,1,F20K,RESEARCH_BASELINE
16018,16356,mourn,-12.8485,1,0,0,0,,,,,0,0,F20K,RESEARCH_BASELINE
16019,16358,neighbourhoods,-12.8485,0,0,0,0,,,,,0,0,F20K,RESEARCH_BASELINE
16020,16359,nr,-12.8485,0,0,0,0,,,,,0,0,F20K,RESEARCH_BASELINE
16021,16360,oswald,-12.8485,0,0,0,0,,,,,0,0,F20K,RESEARCH_BASELINE
16022,16361,overrated,-12.8485,1,0,0,0,,,,,0,0,F20K,RESEARCH_BASELINE
16023,16362,owens,-12.8485,0,0,0,0,,,,,0,0,F20K,RESEARCH_BASELINE
16024,16363,pamphlet,-12.8485,1,0,0,0,,,,,0,0,F20K,RESEARCH_BASELINE
16025,16364,papua,-12.8485,0,0,0,0,,,,,0,0,F20K,RESEARCH_BASELINE
16026,16365,paralympic,-12.8485,0,0,0,0,,,,,0,0,F20K,RESEARCH_BASELINE
16027,16366,parity,-12.8485,1,0,0,0,,,,,0,0,F20K,RESEARCH_BASELINE
16028,16367,payout,-12.8485,1,0,0,0,,,,,0,0,F20K,RESEARCH_BASELINE
16029,16368,peacock,-12.8485,1,0,0,0,,,,,0,0,F20K,RESEARCH_BASELINE
16030,16369,peck,-12.8485,1,0,0,0,,,,,0,0,F20K,RESEARCH_BASELINE
16031,16370,pence,-12.8485,0,0,0,0,,,,,0,0,F20K,RESEARCH_BASELINE
16032,16371,perish,-12.8485,1,0,0,0,,,,,0,0,F20K,RESEARCH_BASELINE
16033,16372,persia,-12.8485,0,0,0,0,,,,,0,0,F20K,RESEARCH_BASELINE
16034,16373,pillows,-12.8485,1,1,0,1,,pillow,,,1,0,F20K,RESEARCH_BASELINE
16035,16375,punitive,-12.8485,1,0,0,0,,,,,0,0,F20K,RESEARCH_BASELINE
16036,16376,quotas,-12.8485,1,1,0,1,,quota,,,1,0,F20K,RESEARCH_BASELINE
16037,16377,radiant,-12.8485,1,0,0,0,,,,,0,0,F20K,RESEARCH_BASELINE
16038,16378,ramos,-12.8485,0,0,0,0,,,,,0,0,F20K,RESEARCH_BASELINE
16039,16379,reassuring,-12.8485,1,0,0,0,,,,,0,0,F20K,RESEARCH_BASELINE
16040,16380,recreate,-12.8485,1,0,0,0,,,,,0,0,F20K,RESEARCH_BASELINE
16041,16381,regiments,-12.8485,1,1,0,1,,regiment,,,1,0,F20K,RESEARCH_BASELINE
16042,16382,registering,-12.8485,0,0,0,0,,,,,0,0,F20K,RESEARCH_BASELINE
16043,16383,reinforcing,-12.8485,0,0,0,0,,,,,0,0,F20K,RESEARCH_BASELINE
16044,16384,reliably,-12.8485,1,0,0,0,,,,,0,0,F20K,RESEARCH_BASELINE
16045,16385,rene,-12.8485,0,0,0,0,,,,,0,0,F20K,RESEARCH_BASELINE
16046,16386,respondent,-12.8485,1,1,1,0,,,,respondents,0,1,F20K,RESEARCH_BASELINE
16047,16387,resumes,-12.8485,1,1,0,1,,resume,,,1,0,F20K,RESEARCH_BASELINE
16048,16388,retreated,-12.8485,1,0,0,0,,,,,0,0,F20K,RESEARCH_BASELINE
16049,16389,retribution,-12.8485,1,0,0,0,,,,,0,0,F20K,RESEARCH_BASELINE
16050,16390,revolver,-12.8485,1,0,0,0,,,,,0,0,F20K,RESEARCH_BASELINE
16051,16391,riddle,-12.8485,1,0,0,0,,,,,0,0,F20K,RESEARCH_BASELINE
16052,16392,roam,-12.8485,1,0,0,0,,,,,0,0,F20K,RESEARCH_BASELINE
16053,16393,roe,-12.8485,1,0,0,0,,,,,0,0,F20K,RESEARCH_BASELINE
16054,16394,rooftop,-12.8485,1,0,0,0,,,,,0,0,F20K,RESEARCH_BASELINE
16055,16395,rumble,-12.8485,1,0,0,0,,,,,0,0,F20K,RESEARCH_BASELINE
16056,16397,sandstone,-12.8485,1,0,0,0,,,,,0,0,F20K,RESEARCH_BASELINE
16057,16398,sapphire,-12.8485,1,0,0,0,,,,,0,0,F20K,RESEARCH_BASELINE
16058,16399,scarcity,-12.8485,1,0,0,0,,,,,0,0,F20K,RESEARCH_BASELINE
16059,16400,schultz,-12.8485,0,0,0,0,,,,,0,0,F20K,RESEARCH_BASELINE
16060,16401,scrambled,-12.8485,1,1,0,1,,scramble,,,1,0,F20K,RESEARCH_BASELINE
16061,16402,screwing,-12.8485,1,0,0,0,,,,,0,0,F20K,RESEARCH_BASELINE
16062,16403,sculptor,-12.8485,1,0,0,0,,,,,0,0,F20K,RESEARCH_BASELINE
16063,16404,sears,-12.8485,0,0,0,0,,,,,0,0,F20K,RESEARCH_BASELINE
16064,16405,shack,-12.8485,1,1,0,1,hack,,,,1,0,F20K,RESEARCH_BASELINE
16065,16406,sham,-12.8485,1,1,1,1,ham,,,shame,1,1,F20K,RESEARCH_BASELINE
16066,16407,sheridan,-12.8485,0,0,0,0,,,,,0,0,F20K,RESEARCH_BASELINE
16067,16408,shes,-12.8485,0,0,0,0,,,,,0,0,F20K,RESEARCH_BASELINE
16068,16409,shire,-12.8485,1,1,0,1,hire,,,,1,0,F20K,RESEARCH_BASELINE
16069,16410,slater,-12.8485,0,0,0,0,,,,,0,0,F20K,RESEARCH_BASELINE
16070,16411,smokes,-12.8485,1,1,0,1,,smoke,,,1,0,F20K,RESEARCH_BASELINE
16071,16412,snapshot,-12.8485,1,0,0,0,,,,,0,0,F20K,RESEARCH_BASELINE
16072,16413,snowy,-12.8485,1,1,0,1,,snow,,,1,0,F20K,RESEARCH_BASELINE
16073,16414,sobbing,-12.8485,1,0,0,0,,,,,0,0,F20K,RESEARCH_BASELINE
16074,16416,spitting,-12.8485,1,0,0,0,,,,,0,0,F20K,RESEARCH_BASELINE
16075,16417,stash,-12.8485,1,0,0,0,,,,,0,0,F20K,RESEARCH_BASELINE
16076,16418,stockings,-12.8485,1,1,0,1,,stocking,,,1,0,F20K,RESEARCH_BASELINE
16077,16419,stripping,-12.8485,1,1,0,1,tripping,,,,1,0,F20K,RESEARCH_BASELINE
16078,16420,styling,-12.8485,1,0,0,0,,,,,0,0,F20K,RESEARCH_BASELINE
16079,16421,subscriber,-12.8485,1,1,0,1,,subscribe,,,1,0,F20K,RESEARCH_BASELINE
16080,16422,subscriptions,-12.8485,1,1,0,1,,subscription,,,1,0,F20K,RESEARCH_BASELINE
16081,16423,sweetness,-12.8485,1,0,0,0,,,,,0,0,F20K,RESEARCH_BASELINE
16082,16424,synod,-12.8485,0,0,0,0,,,,,0,0,F20K,RESEARCH_BASELINE
16083,16425,temps,-12.8485,0,0,0,0,,,,,0,0,F20K,RESEARCH_BASELINE
16084,16426,tidy,-12.8485,1,0,0,0,,,,,0,0,F20K,RESEARCH_BASELINE
16085,16427,toxins,-12.8485,1,1,0,1,,toxin,,,1,0,F20K,RESEARCH_BASELINE
16086,16428,trainee,-12.8485,1,0,0,0,,,,,0,0,F20K,RESEARCH_BASELINE
16087,16429,trimmed,-12.8485,0,0,0,0,,,,,0,0,F20K,RESEARCH_BASELINE
16088,16430,trivia,-12.8485,1,1,1,0,,,,trivial,0,1,F20K,RESEARCH_BASELINE
16089,16431,turret,-12.8485,1,0,0,0,,,,,0,0,F20K,RESEARCH_BASELINE
16090,16432,ui,-12.8485,0,0,0,0,,,,,0,0,F20K,RESEARCH_BASELINE
16091,16433,underwood,-12.8485,0,0,0,0,,,,,0,0,F20K,RESEARCH_BASELINE
16092,16434,upbringing,-12.8485,1,0,0,0,,,,,0,0,F20K,RESEARCH_BASELINE
16093,16435,visas,-12.8485,1,1,0,1,,visa,,,1,0,F20K,RESEARCH_BASELINE
16094,16436,vulgar,-12.8485,1,0,0,0,,,,,0,0,F20K,RESEARCH_BASELINE
16095,16437,walton,-12.8485,0,0,0,0,,,,,0,0,F20K,RESEARCH_BASELINE
16096,16438,warehouses,-12.8485,1,1,0,1,,warehouse,,,1,0,F20K,RESEARCH_BASELINE
16097,16439,witchcraft,-12.8485,1,0,0,0,,,,,0,0,F20K,RESEARCH_BASELINE
16098,16440,worcester,-12.8485,0,0,0,0,,,,,0,0,F20K,RESEARCH_BASELINE
16099,16441,yielding,-12.8485,1,0,0,0,,,,,0,0,F20K,RESEARCH_BASELINE
16100,16442,yorker,-12.8485,0,0,0,0,,,,,0,0,F20K,RESEARCH_BASELINE
16101,16447,abiding,-12.8716,1,0,0,0,,,,,0,0,F20K,RESEARCH_BASELINE
16102,16448,academies,-12.8716,1,0,0,0,,,,,0,0,F20K,RESEARCH_BASELINE
16103,16449,administering,-12.8716,0,0,0,0,,,,,0,0,F20K,RESEARCH_BASELINE
16104,16450,advert,-12.8716,1,0,0,0,,,,,0,0,F20K,RESEARCH_BASELINE
16105,16451,affluent,-12.8716,1,0,0,0,,,,,0,0,F20K,RESEARCH_BASELINE
16106,16452,ambiguity,-12.8716,1,0,0,0,,,,,0,0,F20K,RESEARCH_BASELINE
16107,16453,amd,-12.8716,0,0,0,0,,,,,0,0,F20K,RESEARCH_BASELINE
16108,16454,amnesia,-12.8716,1,0,0,0,,,,,0,0,F20K,RESEARCH_BASELINE
16109,16455,anonymity,-12.8716,1,0,0,0,,,,,0,0,F20K,RESEARCH_BASELINE
16110,16456,aperture,-12.8716,1,0,0,0,,,,,0,0,F20K,RESEARCH_BASELINE
16111,16457,applaud,-12.8716,1,0,0,0,,,,,0,0,F20K,RESEARCH_BASELINE
16112,16458,archaic,-12.8716,0,0,0,0,,,,,0,0,F20K,RESEARCH_BASELINE
16113,16459,arithmetic,-12.8716,1,0,0,0,,,,,0,0,F20K,RESEARCH_BASELINE
16114,16460,aroused,-12.8716,0,0,0,0,,,,,0,0,F20K,RESEARCH_BASELINE
16115,16461,arteries,-12.8716,0,0,0,0,,,,,0,0,F20K,RESEARCH_BASELINE
16116,16462,artifact,-12.8716,1,0,0,0,,,,,0,0,F20K,RESEARCH_BASELINE
16117,16463,badges,-12.8716,1,1,0,1,,badge,,,1,0,F20K,RESEARCH_BASELINE
16118,16464,ballad,-12.8716,1,0,0,0,,,,,0,0,F20K,RESEARCH_BASELINE
16119,16465,bathtub,-12.8716,1,0,0,0,,,,,0,0,F20K,RESEARCH_BASELINE
16120,16466,beatrice,-12.8716,0,0,0,0,,,,,0,0,F20K,RESEARCH_BASELINE
16121,16467,belgrade,-12.8716,0,0,0,0,,,,,0,0,F20K,RESEARCH_BASELINE
16122,16468,bis,-12.8716,0,0,0,0,,,,,0,0,F20K,RESEARCH_BASELINE
16123,16469,bjp,-12.8716,0,0,0,0,,,,,0,0,F20K,RESEARCH_BASELINE
16124,16470,bookstore,-12.8716,1,0,0,0,,,,,0,0,F20K,RESEARCH_BASELINE
16125,16471,boosting,-12.8716,0,0,0,0,,,,,0,0,F20K,RESEARCH_BASELINE
16126,16472,bounced,-12.8716,1,1,0,1,,bounce,,,1,0,F20K,RESEARCH_BASELINE
16127,16473,brightly,-12.8716,1,1,0,1,rightly,,,,1,0,F20K,RESEARCH_BASELINE
16128,16474,brilliantly,-12.8716,1,0,0,0,,,,,0,0,F20K,RESEARCH_BASELINE
16129,16476,brute,-12.8716,1,0,0,0,,,,,0,0,F20K,RESEARCH_BASELINE
16130,16477,bunk,-12.8716,1,1,0,1,,bun,,,1,0,F20K,RESEARCH_BASELINE
16131,16478,buzzer,-12.8716,1,0,0,0,,,,,0,0,F20K,RESEARCH_BASELINE
16132,16479,cabins,-12.8716,1,1,0,1,,cabin,,,1,0,F20K,RESEARCH_BASELINE
16133,16480,chevy,-12.8716,0,0,0,0,,,,,0,0,F20K,RESEARCH_BASELINE
16134,16481,childbirth,-12.8716,1,0,0,0,,,,,0,0,F20K,RESEARCH_BASELINE
16135,16482,citadel,-12.8716,1,0,0,0,,,,,0,0,F20K,RESEARCH_BASELINE
16136,16483,cleanup,-12.8716,1,0,0,0,,,,,0,0,F20K,RESEARCH_BASELINE
16137,16484,clicked,-12.8716,1,0,0,0,,,,,0,0,F20K,RESEARCH_BASELINE
16138,16485,coco,-12.8716,1,1,1,0,,,,cocoa,0,1,F20K,RESEARCH_BASELINE
16139,16486,cohesion,-12.8716,1,0,0,0,,,,,0,0,F20K,RESEARCH_BASELINE
16140,16487,coincided,-12.8716,0,0,0,0,,,,,0,0,F20K,RESEARCH_BASELINE
16141,16488,collaborated,-12.8716,0,0,0,0,,,,,0,0,F20K,RESEARCH_BASELINE
16142,16489,commemoration,-12.8716,1,0,0,0,,,,,0,0,F20K,RESEARCH_BASELINE
16143,16490,condemning,-12.8716,1,0,0,0,,,,,0,0,F20K,RESEARCH_BASELINE
16144,16491,contrasts,-12.8716,0,0,0,0,,,,,0,0,F20K,RESEARCH_BASELINE
16145,16492,correlated,-12.8716,1,0,0,0,,,,,0,0,F20K,RESEARCH_BASELINE
16146,16493,coupons,-12.8716,1,1,0,1,,coupon,,,1,0,F20K,RESEARCH_BASELINE
16147,16494,cpr,-12.8716,0,0,0,0,,,,,0,0,F20K,RESEARCH_BASELINE
16148,16495,cracker,-12.8716,1,1,1,0,,,,crackers,0,1,F20K,RESEARCH_BASELINE
16149,16496,css,-12.8716,0,0,0,0,,,,,0,0,F20K,RESEARCH_BASELINE
16150,16497,defy,-12.8716,1,0,0,0,,,,,0,0,F20K,RESEARCH_BASELINE
16151,16498,dh,-12.8716,0,0,0,0,,,,,0,0,F20K,RESEARCH_BASELINE
16152,16499,diabetic,-12.8716,1,0,0,0,,,,,0,0,F20K,RESEARCH_BASELINE
16153,16500,dillon,-12.8716,0,0,0,0,,,,,0,0,F20K,RESEARCH_BASELINE
16154,16501,diminishing,-12.8716,0,0,0,0,,,,,0,0,F20K,RESEARCH_BASELINE
16155,16502,disbelief,-12.8716,1,0,0,0,,,,,0,0,F20K,RESEARCH_BASELINE
16156,16503,discreet,-12.8716,1,0,0,0,,,,,0,0,F20K,RESEARCH_BASELINE
16157,16504,disneyland,-12.8716,0,0,0,0,,,,,0,0,F20K,RESEARCH_BASELINE
16158,16505,distrust,-12.8716,1,0,0,0,,,,,0,0,F20K,RESEARCH_BASELINE
16159,16506,doctorate,-12.8716,1,0,0,0,,,,,0,0,F20K,RESEARCH_BASELINE
16160,16507,drifted,-12.8716,1,0,0,0,,,,,0,0,F20K,RESEARCH_BASELINE
16161,16508,dunes,-12.8716,1,1,0,1,,dune,,,1,0,F20K,RESEARCH_BASELINE
16162,16509,effected,-12.8716,1,0,0,0,,,,,0,0,F20K,RESEARCH_BASELINE
16163,16510,elbows,-12.8716,1,1,0,1,,elbow,,,1,0,F20K,RESEARCH_BASELINE
16164,16511,eliza,-12.8716,0,0,0,0,,,,,0,0,F20K,RESEARCH_BASELINE
16165,16512,embark,-12.8716,1,0,0,0,,,,,0,0,F20K,RESEARCH_BASELINE
16166,16513,environmentally,-12.8716,1,0,0,0,,,,,0,0,F20K,RESEARCH_BASELINE
16167,16514,estimating,-12.8716,0,0,0,0,,,,,0,0,F20K,RESEARCH_BASELINE
16168,16515,everett,-12.8716,0,0,0,0,,,,,0,0,F20K,RESEARCH_BASELINE
16169,16516,exemplary,-12.8716,1,0,0,0,,,,,0,0,F20K,RESEARCH_BASELINE
16170,16517,explorers,-12.8716,0,0,0,0,,,,,0,0,F20K,RESEARCH_BASELINE
16171,16518,facilitating,-12.8716,1,0,0,0,,,,,0,0,F20K,RESEARCH_BASELINE
16172,16519,faculties,-12.8716,1,0,0,0,,,,,0,0,F20K,RESEARCH_BASELINE
16173,16520,fades,-12.8716,1,1,0,1,,fade,,,1,0,F20K,RESEARCH_BASELINE
16174,16521,fairs,-12.8716,1,1,0,1,airs,fair,,,2,0,F20K,RESEARCH_BASELINE
16175,16522,familiarity,-12.8716,1,0,0,0,,,,,0,0,F20K,RESEARCH_BASELINE
16176,16523,fetal,-12.8716,0,0,0,0,,,,,0,0,F20K,RESEARCH_BASELINE
16177,16524,fiddle,-12.8716,1,0,0,0,,,,,0,0,F20K,RESEARCH_BASELINE
16178,16525,fists,-12.8716,1,1,0,1,,fist,,,1,0,F20K,RESEARCH_BASELINE
16179,16526,floated,-12.8716,1,0,0,0,,,,,0,0,F20K,RESEARCH_BASELINE
16180,16527,fran,-12.8716,0,0,0,0,,,,,0,0,F20K,RESEARCH_BASELINE
16181,16528,freddy,-12.8716,0,0,0,0,,,,,0,0,F20K,RESEARCH_BASELINE
16182,16529,frenzy,-12.8716,1,0,0,0,,,,,0,0,F20K,RESEARCH_BASELINE
16183,16530,fruitful,-12.8716,1,0,0,0,,,,,0,0,F20K,RESEARCH_BASELINE
16184,16531,garde,-12.8716,0,0,0,0,,,,,0,0,F20K,RESEARCH_BASELINE
16185,16532,getaway,-12.8716,1,0,0,0,,,,,0,0,F20K,RESEARCH_BASELINE
16186,16533,glitter,-12.8716,1,1,0,1,litter,,,,1,0,F20K,RESEARCH_BASELINE
16187,16534,gould,-12.8716,0,0,0,0,,,,,0,0,F20K,RESEARCH_BASELINE
16188,16535,grips,-12.8716,1,1,0,1,,grip,,,1,0,F20K,RESEARCH_BASELINE
16189,16536,grumpy,-12.8716,1,0,0,0,,,,,0,0,F20K,RESEARCH_BASELINE
16190,16537,hammered,-12.8716,0,0,0,0,,,,,0,0,F20K,RESEARCH_BASELINE
16191,16538,harp,-12.8716,1,1,1,0,,,sharp,,0,1,F20K,RESEARCH_BASELINE
16192,16539,haste,-12.8716,1,0,0,0,,,,,0,0,F20K,RESEARCH_BASELINE
16193,16540,haze,-12.8716,1,1,1,0,,,,hazel,0,1,F20K,RESEARCH_BASELINE
16194,16541,horrendous,-12.8716,1,0,0,0,,,,,0,0,F20K,RESEARCH_BASELINE
16195,16542,hospitalized,-12.8716,0,0,0,0,,,,,0,0,F20K,RESEARCH_BASELINE
16196,16543,hover,-12.8716,1,1,0,1,over,,,,1,0,F20K,RESEARCH_BASELINE
16197,16544,incremental,-12.8716,1,0,0,0,,,,,0,0,F20K,RESEARCH_BASELINE
16198,16545,indices,-12.8716,1,0,0,0,,,,,0,0,F20K,RESEARCH_BASELINE
16199,16546,indicted,-12.8716,0,0,0,0,,,,,0,0,F20K,RESEARCH_BASELINE
16200,16547,insomnia,-12.8716,1,0,0,0,,,,,0,0,F20K,RESEARCH_BASELINE
16201,16548,inspires,-12.8716,0,0,0,0,,,,,0,0,F20K,RESEARCH_BASELINE
16202,16549,intrigued,-12.8716,1,1,0,1,,intrigue,,,1,0,F20K,RESEARCH_BASELINE
16203,16550,invoke,-12.8716,1,0,0,0,,,,,0,0,F20K,RESEARCH_BASELINE
16204,16551,iphones,-12.8716,0,0,0,0,,,,,0,0,F20K,RESEARCH_BASELINE
16205,16552,itching,-12.8716,1,1,1,0,,,pitching,,0,1,F20K,RESEARCH_BASELINE
16206,16553,jams,-12.8716,1,1,0,1,,jam,,,1,0,F20K,RESEARCH_BASELINE
16207,16554,jeez,-12.8716,0,0,0,0,,,,,0,0,F20K,RESEARCH_BASELINE
16208,16555,kan,-12.8716,0,0,0,0,,,,,0,0,F20K,RESEARCH_BASELINE
16209,16556,kappa,-12.8716,0,0,0,0,,,,,0,0,F20K,RESEARCH_BASELINE
16210,16557,kemp,-12.8716,0,0,0,0,,,,,0,0,F20K,RESEARCH_BASELINE
16211,16558,knowingly,-12.8716,1,0,0,0,,,,,0,0,F20K,RESEARCH_BASELINE
16212,16559,lam,-12.8716,0,0,0,0,,,,,0,0,F20K,RESEARCH_BASELINE
16213,16560,leasing,-12.8716,1,1,1,0,,,pleasing,,0,1,F20K,RESEARCH_BASELINE
16214,16561,leukemia,-12.8716,1,0,0,0,,,,,0,0,F20K,RESEARCH_BASELINE
16215,16562,licking,-12.8716,1,1,1,0,,,clicking,,0,1,F20K,RESEARCH_BASELINE
16216,16563,lite,-12.8716,0,0,0,0,,,,,0,0,F20K,RESEARCH_BASELINE
16217,16564,lola,-12.8716,0,0,0,0,,,,,0,0,F20K,RESEARCH_BASELINE
16218,16565,ludwig,-12.8716,0,0,0,0,,,,,0,0,F20K,RESEARCH_BASELINE
16219,16566,mead,-12.8716,1,0,0,0,,,,,0,0,F20K,RESEARCH_BASELINE
16220,16567,mergers,-12.8716,1,1,0,1,,merger,,,1,0,F20K,RESEARCH_BASELINE
16221,16568,mermaid,-12.8716,1,0,0,0,,,,,0,0,F20K,RESEARCH_BASELINE
16222,16569,mhz,-12.8716,0,0,0,0,,,,,0,0,F20K,RESEARCH_BASELINE
16223,16570,miliband,-12.8716,0,0,0,0,,,,,0,0,F20K,RESEARCH_BASELINE
16224,16571,mongolia,-12.8716,0,0,0,0,,,,,0,0,F20K,RESEARCH_BASELINE
16225,16572,moods,-12.8716,1,1,0,1,,mood,,,1,0,F20K,RESEARCH_BASELINE
16226,16573,mosques,-12.8716,1,1,0,1,,mosque,,,1,0,F20K,RESEARCH_BASELINE
16227,16574,moto,-12.8716,0,0,0,0,,,,,0,0,F20K,RESEARCH_BASELINE
16228,16576,narratives,-12.8716,0,0,0,0,,,,,0,0,F20K,RESEARCH_BASELINE
16229,16577,nationalities,-12.8716,0,0,0,0,,,,,0,0,F20K,RESEARCH_BASELINE
16230,16578,nb,-12.8716,0,0,0,0,,,,,0,0,F20K,RESEARCH_BASELINE
16231,16579,nearer,-12.8716,1,0,0,0,,,,,0,0,F20K,RESEARCH_BASELINE
16232,16580,nesting,-12.8716,0,0,0,0,,,,,0,0,F20K,RESEARCH_BASELINE
16233,16581,nightly,-12.8716,1,0,0,0,,,,,0,0,F20K,RESEARCH_BASELINE
16234,16582,nk,-12.8716,0,0,0,0,,,,,0,0,F20K,RESEARCH_BASELINE
16235,16583,noses,-12.8716,1,1,0,1,,nose,,,1,0,F20K,RESEARCH_BASELINE
16236,16584,originality,-12.8716,1,0,0,0,,,,,0,0,F20K,RESEARCH_BASELINE
16237,16585,overheard,-12.8716,1,0,0,0,,,,,0,0,F20K,RESEARCH_BASELINE
16238,16586,pans,-12.8716,1,1,1,1,,pan,spans,,1,1,F20K,RESEARCH_BASELINE
16239,16587,parted,-12.8716,1,0,0,0,,,,,0,0,F20K,RESEARCH_BASELINE
16240,16588,pasture,-12.8716,1,0,0,0,,,,,0,0,F20K,RESEARCH_BASELINE
16241,16589,pb,-12.8716,0,0,0,0,,,,,0,0,F20K,RESEARCH_BASELINE
16242,16590,pear,-12.8716,1,1,1,1,ear,pea,spear,pearl,2,2,F20K,RESEARCH_BASELINE
16243,16591,pearce,-12.8716,0,0,0,0,,,,,0,0,F20K,RESEARCH_BASELINE
16244,16592,phosphate,-12.8716,0,0,0,0,,,,,0,0,F20K,RESEARCH_BASELINE
16245,16593,plato,-12.8716,0,0,0,0,,,,,0,0,F20K,RESEARCH_BASELINE
16246,16594,populace,-12.8716,1,0,0,0,,,,,0,0,F20K,RESEARCH_BASELINE
16247,16595,postage,-12.8716,1,0,0,0,,,,,0,0,F20K,RESEARCH_BASELINE
16248,16596,prescriptions,-12.8716,1,1,0,1,,prescription,,,1,0,F20K,RESEARCH_BASELINE
16249,16597,pressured,-12.8716,0,0,0,0,,,,,0,0,F20K,RESEARCH_BASELINE
16250,16598,pretext,-12.8716,1,0,0,0,,,,,0,0,F20K,RESEARCH_BASELINE
16251,16599,prohibits,-12.8716,0,0,0,0,,,,,0,0,F20K,RESEARCH_BASELINE
16252,16600,projector,-12.8716,1,0,0,0,,,,,0,0,F20K,RESEARCH_BASELINE
16253,16601,provocative,-12.8716,1,0,0,0,,,,,0,0,F20K,RESEARCH_BASELINE
16254,16602,psi,-12.8716,0,0,0,0,,,,,0,0,F20K,RESEARCH_BASELINE
16255,16603,ptsd,-12.8716,0,0,0,0,,,,,0,0,F20K,RESEARCH_BASELINE
16256,16604,purchaser,-12.8716,1,1,0,1,,purchase,,,1,0,F20K,RESEARCH_BASELINE
16257,16605,quotation,-12.8716,1,1,1,0,,,,quotations,0,1,F20K,RESEARCH_BASELINE
16258,16606,raspberry,-12.8716,1,0,0,0,,,,,0,0,F20K,RESEARCH_BASELINE
16259,16607,rebellious,-12.8716,1,0,0,0,,,,,0,0,F20K,RESEARCH_BASELINE
16260,16608,regretted,-12.8716,1,0,0,0,,,,,0,0,F20K,RESEARCH_BASELINE
16261,16609,repository,-12.8716,1,0,0,0,,,,,0,0,F20K,RESEARCH_BASELINE
16262,16610,rican,-12.8716,0,0,0,0,,,,,0,0,F20K,RESEARCH_BASELINE
16263,16611,rink,-12.8716,1,1,1,1,ink,,drink;brink,,1,2,F20K,RESEARCH_BASELINE
16264,16612,roach,-12.8716,1,0,0,0,,,,,0,0,F20K,RESEARCH_BASELINE
16265,16613,rulings,-12.8716,0,0,0,0,,,,,0,0,F20K,RESEARCH_BASELINE
16266,16614,safeguards,-12.8716,0,0,0,0,,,,,0,0,F20K,RESEARCH_BASELINE
16267,16615,samson,-12.8716,0,0,0,0,,,,,0,0,F20K,RESEARCH_BASELINE
16268,16616,sanity,-12.8716,1,0,0,0,,,,,0,0,F20K,RESEARCH_BASELINE
16269,16617,sealing,-12.8716,1,0,0,0,,,,,0,0,F20K,RESEARCH_BASELINE
16270,16618,sesame,-12.8716,1,0,0,0,,,,,0,0,F20K,RESEARCH_BASELINE
16271,16619,shaky,-12.8716,1,0,0,0,,,,,0,0,F20K,RESEARCH_BASELINE
16272,16620,shedding,-12.8716,1,0,0,0,,,,,0,0,F20K,RESEARCH_BASELINE
16273,16621,sigma,-12.8716,1,0,0,0,,,,,0,0,F20K,RESEARCH_BASELINE
16274,16622,sixteenth,-12.8716,1,0,0,0,,,,,0,0,F20K,RESEARCH_BASELINE
16275,16623,slab,-12.8716,1,1,0,1,lab,,,,1,0,F20K,RESEARCH_BASELINE
16276,16624,smartest,-12.8716,1,0,0,0,,,,,0,0,F20K,RESEARCH_BASELINE
16277,16625,snail,-12.8716,1,1,0,1,nail,,,,1,0,F20K,RESEARCH_BASELINE
16278,16626,snoop,-12.8716,1,0,0,0,,,,,0,0,F20K,RESEARCH_BASELINE
16279,16627,solitude,-12.8716,1,0,0,0,,,,,0,0,F20K,RESEARCH_BASELINE
16280,16629,sooo,-12.8716,0,0,0,0,,,,,0,0,F20K,RESEARCH_BASELINE
16281,16630,sourced,-12.8716,0,0,0,0,,,,,0,0,F20K,RESEARCH_BASELINE
16282,16631,spartan,-12.8716,1,0,0,0,,,,,0,0,F20K,RESEARCH_BASELINE
16283,16632,spontaneously,-12.8716,1,0,0,0,,,,,0,0,F20K,RESEARCH_BASELINE
16284,16633,squid,-12.8716,1,0,0,0,,,,,0,0,F20K,RESEARCH_BASELINE
16285,16634,stacy,-12.8716,0,0,0,0,,,,,0,0,F20K,RESEARCH_BASELINE
16286,16635,stereotype,-12.8716,1,1,1,0,,,,stereotypes,0,1,F20K,RESEARCH_BASELINE
16287,16636,stormy,-12.8716,1,1,0,1,,storm,,,1,0,F20K,RESEARCH_BASELINE
16288,16637,strikers,-12.8716,0,0,0,0,,,,,0,0,F20K,RESEARCH_BASELINE
16289,16638,successors,-12.8716,1,1,0,1,,successor,,,1,0,F20K,RESEARCH_BASELINE
16290,16639,suicides,-12.8716,1,1,0,1,,suicide,,,1,0,F20K,RESEARCH_BASELINE
16291,16640,swarm,-12.8716,1,1,0,1,warm,,,,1,0,F20K,RESEARCH_BASELINE
16292,16642,tomas,-12.8716,0,0,0,0,,,,,0,0,F20K,RESEARCH_BASELINE
16293,16643,tunisian,-12.8716,0,0,0,0,,,,,0,0,F20K,RESEARCH_BASELINE
16294,16644,tweeting,-12.8716,1,0,0,0,,,,,0,0,F20K,RESEARCH_BASELINE
16295,16645,twisting,-12.8716,1,0,0,0,,,,,0,0,F20K,RESEARCH_BASELINE
16296,16647,unavoidable,-12.8716,1,0,0,0,,,,,0,0,F20K,RESEARCH_BASELINE
16297,16648,unilateral,-12.8716,1,0,0,0,,,,,0,0,F20K,RESEARCH_BASELINE
16298,16649,unstoppable,-12.8716,1,0,0,0,,,,,0,0,F20K,RESEARCH_BASELINE
16299,16650,vascular,-12.8716,1,0,0,0,,,,,0,0,F20K,RESEARCH_BASELINE
16300,16651,verbally,-12.8716,1,0,0,0,,,,,0,0,F20K,RESEARCH_BASELINE
16301,16652,volkswagen,-12.8716,0,0,0,0,,,,,0,0,F20K,RESEARCH_BASELINE
16302,16653,voucher,-12.8716,1,1,1,0,,,,vouchers,0,1,F20K,RESEARCH_BASELINE
16303,16654,vr,-12.8716,0,0,0,0,,,,,0,0,F20K,RESEARCH_BASELINE
16304,16655,vu,-12.8716,0,0,0,0,,,,,0,0,F20K,RESEARCH_BASELINE
16305,16656,wandered,-12.8716,1,0,0,0,,,,,0,0,F20K,RESEARCH_BASELINE
16306,16657,warmed,-12.8716,1,1,0,1,armed,,,,1,0,F20K,RESEARCH_BASELINE
16307,16658,westward,-12.8716,1,0,0,0,,,,,0,0,F20K,RESEARCH_BASELINE
16308,16659,wigan,-12.8716,0,0,0,0,,,,,0,0,F20K,RESEARCH_BASELINE
16309,16660,wiley,-12.8716,0,0,0,0,,,,,0,0,F20K,RESEARCH_BASELINE
16310,16661,withholding,-12.8716,1,0,0,0,,,,,0,0,F20K,RESEARCH_BASELINE
16311,16662,woe,-12.8716,1,1,1,0,,,,woes,0,1,F20K,RESEARCH_BASELINE
16312,16663,workouts,-12.8716,1,1,0,1,,workout,,,1,0,F20K,RESEARCH_BASELINE
16313,16664,xxx,-12.8716,0,0,0,0,,,,,0,0,F20K,RESEARCH_BASELINE
16314,16667,abrupt,-12.8952,1,0,0,0,,,,,0,0,F20K,RESEARCH_BASELINE
16315,16668,adolf,-12.8952,0,0,0,0,,,,,0,0,F20K,RESEARCH_BASELINE
16316,16669,affidavit,-12.8952,0,0,0,0,,,,,0,0,F20K,RESEARCH_BASELINE
16317,16670,allegation,-12.8952,1,1,1,0,,,,allegations,0,1,F20K,RESEARCH_BASELINE
16318,16671,alvarez,-12.8952,0,0,0,0,,,,,0,0,F20K,RESEARCH_BASELINE
16319,16672,amateurs,-12.8952,1,1,0,1,,amateur,,,1,0,F20K,RESEARCH_BASELINE
16320,16673,anders,-12.8952,0,0,0,0,,,,,0,0,F20K,RESEARCH_BASELINE
16321,16674,angular,-12.8952,1,0,0,0,,,,,0,0,F20K,RESEARCH_BASELINE
16322,16675,arbor,-12.8952,0,0,0,0,,,,,0,0,F20K,RESEARCH_BASELINE
16323,16676,archaeologists,-12.8952,1,0,0,0,,,,,0,0,F20K,RESEARCH_BASELINE
16324,16677,arid,-12.8952,1,1,0,1,rid,,,,1,0,F20K,RESEARCH_BASELINE
16325,16678,armoured,-12.8952,0,0,0,0,,,,,0,0,F20K,RESEARCH_BASELINE
16326,16680,augmented,-12.8952,1,0,0,0,,,,,0,0,F20K,RESEARCH_BASELINE
16327,16681,authentication,-12.8952,1,0,0,0,,,,,0,0,F20K,RESEARCH_BASELINE
16328,16682,authoritative,-12.8952,1,0,0,0,,,,,0,0,F20K,RESEARCH_BASELINE
16329,16683,authorize,-12.8952,1,1,1,0,,,,authorized,0,1,F20K,RESEARCH_BASELINE
16330,16684,avec,-12.8952,0,0,0,0,,,,,0,0,F20K,RESEARCH_BASELINE
16331,16685,ballistic,-12.8952,1,0,0,0,,,,,0,0,F20K,RESEARCH_BASELINE
16332,16686,barren,-12.8952,1,0,0,0,,,,,0,0,F20K,RESEARCH_BASELINE
16333,16687,bd,-12.8952,0,0,0,0,,,,,0,0,F20K,RESEARCH_BASELINE
16334,16688,birthplace,-12.8952,1,0,0,0,,,,,0,0,F20K,RESEARCH_BASELINE
16335,16689,bollywood,-12.8952,0,0,0,0,,,,,0,0,F20K,RESEARCH_BASELINE
16336,16690,bologna,-12.8952,1,0,0,0,,,,,0,0,F20K,RESEARCH_BASELINE
16337,16691,bordering,-12.8952,1,1,0,1,ordering,,,,1,0,F20K,RESEARCH_BASELINE
16338,16692,braces,-12.8952,1,1,0,1,races,brace,,,2,0,F20K,RESEARCH_BASELINE
16339,16693,breached,-12.8952,0,0,0,0,,,,,0,0,F20K,RESEARCH_BASELINE
16340,16694,breaches,-12.8952,0,0,0,0,,,,,0,0,F20K,RESEARCH_BASELINE
16341,16695,bucharest,-12.8952,0,0,0,0,,,,,0,0,F20K,RESEARCH_BASELINE
16342,16696,burdens,-12.8952,1,1,0,1,,burden,,,1,0,F20K,RESEARCH_BASELINE
16343,16697,bytes,-12.8952,1,0,0,0,,,,,0,0,F20K,RESEARCH_BASELINE
16344,16698,cad,-12.8952,0,0,0,0,,,,,0,0,F20K,RESEARCH_BASELINE
16345,16699,calif,-12.8952,0,0,0,0,,,,,0,0,F20K,RESEARCH_BASELINE
16346,16700,caretaker,-12.8952,1,0,0,0,,,,,0,0,F20K,RESEARCH_BASELINE
16347,16701,carolyn,-12.8952,0,0,0,0,,,,,0,0,F20K,RESEARCH_BASELINE
16348,16702,centenary,-12.8952,0,0,0,0,,,,,0,0,F20K,RESEARCH_BASELINE
16349,16703,cessation,-12.8952,1,0,0,0,,,,,0,0,F20K,RESEARCH_BASELINE
16350,16704,chaplain,-12.8952,1,0,0,0,,,,,0,0,F20K,RESEARCH_BASELINE
16351,16705,cheney,-12.8952,0,0,0,0,,,,,0,0,F20K,RESEARCH_BASELINE
16352,16706,chills,-12.8952,1,1,0,1,hills,chill,,,2,0,F20K,RESEARCH_BASELINE
16353,16707,chunks,-12.8952,1,1,0,1,,chunk,,,1,0,F20K,RESEARCH_BASELINE
16354,16708,cigars,-12.8952,1,1,0,1,,cigar,,,1,0,F20K,RESEARCH_BASELINE
16355,16709,cleavage,-12.8952,1,0,0,0,,,,,0,0,F20K,RESEARCH_BASELINE
16356,16710,climatic,-12.8952,1,0,0,0,,,,,0,0,F20K,RESEARCH_BASELINE
16357,16711,collaborating,-12.8952,0,0,0,0,,,,,0,0,F20K,RESEARCH_BASELINE
16358,16712,colonists,-12.8952,1,0,0,0,,,,,0,0,F20K,RESEARCH_BASELINE
16359,16714,commonplace,-12.8952,1,0,0,0,,,,,0,0,F20K,RESEARCH_BASELINE
16360,16715,compiler,-12.8952,1,1,0,1,,compile,,,1,0,F20K,RESEARCH_BASELINE
16361,16716,conceive,-12.8952,1,1,1,0,,,,conceived,0,1,F20K,RESEARCH_BASELINE
16362,16717,contemplate,-12.8952,1,1,1,0,,,,contemplated,0,1,F20K,RESEARCH_BASELINE
16363,16718,contrasting,-12.8952,1,0,0,0,,,,,0,0,F20K,RESEARCH_BASELINE
16364,16719,controversies,-12.8952,0,0,0,0,,,,,0,0,F20K,RESEARCH_BASELINE
16365,16720,crib,-12.8952,1,1,0,1,rib,,,,1,0,F20K,RESEARCH_BASELINE
16366,16721,cubes,-12.8952,1,1,0,1,,cube,,,1,0,F20K,RESEARCH_BASELINE
16367,16722,czechoslovakia,-12.8952,0,0,0,0,,,,,0,0,F20K,RESEARCH_BASELINE
16368,16723,deceive,-12.8952,1,1,1,0,,,,deceived,0,1,F20K,RESEARCH_BASELINE
16369,16724,declarations,-12.8952,0,0,0,0,,,,,0,0,F20K,RESEARCH_BASELINE
16370,16725,decorate,-12.8952,1,1,1,0,,,,decorated,0,1,F20K,RESEARCH_BASELINE
16371,16726,densely,-12.8952,1,0,0,0,,,,,0,0,F20K,RESEARCH_BASELINE
16372,16727,disconnect,-12.8952,1,0,0,0,,,,,0,0,F20K,RESEARCH_BASELINE
16373,16728,dishonest,-12.8952,1,0,0,0,,,,,0,0,F20K,RESEARCH_BASELINE
16374,16729,disproportionate,-12.8952,1,0,0,0,,,,,0,0,F20K,RESEARCH_BASELINE
16375,16730,dormant,-12.8952,1,0,0,0,,,,,0,0,F20K,RESEARCH_BASELINE
16376,16731,dorsal,-12.8952,1,0,0,0,,,,,0,0,F20K,RESEARCH_BASELINE
16377,16732,duff,-12.8952,0,0,0,0,,,,,0,0,F20K,RESEARCH_BASELINE
16378,16733,dusk,-12.8952,1,0,0,0,,,,,0,0,F20K,RESEARCH_BASELINE
16379,16734,dynamite,-12.8952,1,0,0,0,,,,,0,0,F20K,RESEARCH_BASELINE
16380,16735,eagerly,-12.8952,1,0,0,0,,,,,0,0,F20K,RESEARCH_BASELINE
16381,16736,educator,-12.8952,1,1,1,0,,,,educators,0,1,F20K,RESEARCH_BASELINE
16382,16737,embarrass,-12.8952,1,0,0,0,,,,,0,0,F20K,RESEARCH_BASELINE
16383,16738,empowering,-12.8952,0,0,0,0,,,,,0,0,F20K,RESEARCH_BASELINE
16384,16740,enquiry,-12.8952,1,0,0,0,,,,,0,0,F20K,RESEARCH_BASELINE
16385,16741,esa,-12.8952,0,0,0,0,,,,,0,0,F20K,RESEARCH_BASELINE
16386,16742,escalated,-12.8952,0,0,0,0,,,,,0,0,F20K,RESEARCH_BASELINE
16387,16743,exchanging,-12.8952,0,0,0,0,,,,,0,0,F20K,RESEARCH_BASELINE
16388,16744,exposes,-12.8952,1,1,0,1,,expose,,,1,0,F20K,RESEARCH_BASELINE
16389,16745,fabrication,-12.8952,1,0,0,0,,,,,0,0,F20K,RESEARCH_BASELINE
16390,16746,faire,-12.8952,0,0,0,0,,,,,0,0,F20K,RESEARCH_BASELINE
16391,16747,faking,-12.8952,1,0,0,0,,,,,0,0,F20K,RESEARCH_BASELINE
16392,16748,fallon,-12.8952,0,0,0,0,,,,,0,0,F20K,RESEARCH_BASELINE
16393,16749,farmhouse,-12.8952,1,0,0,0,,,,,0,0,F20K,RESEARCH_BASELINE
16394,16750,farrell,-12.8952,0,0,0,0,,,,,0,0,F20K,RESEARCH_BASELINE
16395,16751,faux,-12.8952,1,0,0,0,,,,,0,0,F20K,RESEARCH_BASELINE
16396,16752,favours,-12.8952,0,0,0,0,,,,,0,0,F20K,RESEARCH_BASELINE
16397,16753,fencing,-12.8952,1,0,0,0,,,,,0,0,F20K,RESEARCH_BASELINE
16398,16754,fiance,-12.8952,1,1,1,0,,,,fiancee,0,1,F20K,RESEARCH_BASELINE
16399,16755,fingerprint,-12.8952,1,1,1,0,,,,fingerprints,0,1,F20K,RESEARCH_BASELINE
16400,16756,flattering,-12.8952,1,0,0,0,,,,,0,0,F20K,RESEARCH_BASELINE
16401,16757,flavours,-12.8952,0,0,0,0,,,,,0,0,F20K,RESEARCH_BASELINE
16402,16758,folds,-12.8952,1,1,0,1,,fold,,,1,0,F20K,RESEARCH_BASELINE
16403,16759,fortnight,-12.8952,1,0,0,0,,,,,0,0,F20K,RESEARCH_BASELINE
16404,16760,foxes,-12.8952,1,0,0,0,,,,,0,0,F20K,RESEARCH_BASELINE
16405,16761,froze,-12.8952,1,1,1,0,,,,frozen,0,1,F20K,RESEARCH_BASELINE
16406,16762,frying,-12.8952,0,0,0,0,,,,,0,0,F20K,RESEARCH_BASELINE
16407,16763,futile,-12.8952,1,0,0,0,,,,,0,0,F20K,RESEARCH_BASELINE
16408,16764,fyi,-12.8952,0,0,0,0,,,,,0,0,F20K,RESEARCH_BASELINE
16409,16765,geese,-12.8952,1,0,0,0,,,,,0,0,F20K,RESEARCH_BASELINE
16410,16766,gloss,-12.8952,1,1,1,1,loss,,,glossy,1,1,F20K,RESEARCH_BASELINE
16411,16767,graft,-12.8952,1,1,0,1,raft,,,,1,0,F20K,RESEARCH_BASELINE
16412,16768,gwen,-12.8952,0,0,0,0,,,,,0,0,F20K,RESEARCH_BASELINE
16413,16769,handler,-12.8952,1,1,1,1,,handle,chandler,,1,1,F20K,RESEARCH_BASELINE
16414,16770,hauled,-12.8952,1,0,0,0,,,,,0,0,F20K,RESEARCH_BASELINE
16415,16771,hipster,-12.8952,1,0,0,0,,,,,0,0,F20K,RESEARCH_BASELINE
16416,16772,hires,-12.8952,1,1,0,1,,hire,,,1,0,F20K,RESEARCH_BASELINE
16417,16773,horribly,-12.8952,1,0,0,0,,,,,0,0,F20K,RESEARCH_BASELINE
16418,16774,horrified,-12.8952,1,0,0,0,,,,,0,0,F20K,RESEARCH_BASELINE
16419,16775,huntington,-12.8952,0,0,0,0,,,,,0,0,F20K,RESEARCH_BASELINE
16420,16776,hypertension,-12.8952,1,0,0,0,,,,,0,0,F20K,RESEARCH_BASELINE
16421,16777,identifiable,-12.8952,1,0,0,0,,,,,0,0,F20K,RESEARCH_BASELINE
16422,16778,ike,-12.8952,0,0,0,0,,,,,0,0,F20K,RESEARCH_BASELINE
16423,16779,illiterate,-12.8952,1,0,0,0,,,,,0,0,F20K,RESEARCH_BASELINE
16424,16780,impetus,-12.8952,1,0,0,0,,,,,0,0,F20K,RESEARCH_BASELINE
16425,16781,inducing,-12.8952,1,0,0,0,,,,,0,0,F20K,RESEARCH_BASELINE
16426,16782,intervening,-12.8952,0,0,0,0,,,,,0,0,F20K,RESEARCH_BASELINE
16427,16783,irritation,-12.8952,1,0,0,0,,,,,0,0,F20K,RESEARCH_BASELINE
16428,16784,ist,-12.8952,0,0,0,0,,,,,0,0,F20K,RESEARCH_BASELINE
16429,16785,jars,-12.8952,1,1,0,1,,jar,,,1,0,F20K,RESEARCH_BASELINE
16430,16786,jesuit,-12.8952,0,0,0,0,,,,,0,0,F20K,RESEARCH_BASELINE
16431,16787,kristen,-12.8952,0,0,0,0,,,,,0,0,F20K,RESEARCH_BASELINE
16432,16788,ledger,-12.8952,1,1,0,1,,ledge,,,1,0,F20K,RESEARCH_BASELINE
16433,16789,leftist,-12.8952,0,0,0,0,,,,,0,0,F20K,RESEARCH_BASELINE
16434,16790,lemonade,-12.8952,1,0,0,0,,,,,0,0,F20K,RESEARCH_BASELINE
16435,16791,len,-12.8952,0,0,0,0,,,,,0,0,F20K,RESEARCH_BASELINE
16436,16792,lesions,-12.8952,1,0,0,0,,,,,0,0,F20K,RESEARCH_BASELINE
16437,16793,liars,-12.8952,1,1,0,1,,liar,,,1,0,F20K,RESEARCH_BASELINE
16438,16794,lingerie,-12.8952,1,0,0,0,,,,,0,0,F20K,RESEARCH_BASELINE
16439,16795,lowell,-12.8952,0,0,0,0,,,,,0,0,F20K,RESEARCH_BASELINE
16440,16796,lulu,-12.8952,0,0,0,0,,,,,0,0,F20K,RESEARCH_BASELINE
16441,16797,mania,-12.8952,1,0,0,0,,,,,0,0,F20K,RESEARCH_BASELINE
16442,16798,mantra,-12.8952,1,0,0,0,,,,,0,0,F20K,RESEARCH_BASELINE
16443,16799,marxism,-12.8952,0,0,0,0,,,,,0,0,F20K,RESEARCH_BASELINE
16444,16800,measles,-12.8952,1,0,0,0,,,,,0,0,F20K,RESEARCH_BASELINE
16445,16801,mei,-12.8952,0,0,0,0,,,,,0,0,F20K,RESEARCH_BASELINE
16446,16802,midday,-12.8952,1,0,0,0,,,,,0,0,F20K,RESEARCH_BASELINE
16447,16803,mikey,-12.8952,0,0,0,0,,,,,0,0,F20K,RESEARCH_BASELINE
16448,16804,mildly,-12.8952,1,0,0,0,,,,,0,0,F20K,RESEARCH_BASELINE
16449,16805,mindful,-12.8952,1,0,0,0,,,,,0,0,F20K,RESEARCH_BASELINE
16450,16806,motorola,-12.8952,0,0,0,0,,,,,0,0,F20K,RESEARCH_BASELINE
16451,16807,multicultural,-12.8952,1,0,0,0,,,,,0,0,F20K,RESEARCH_BASELINE
16452,16808,muster,-12.8952,1,0,0,0,,,,,0,0,F20K,RESEARCH_BASELINE
16453,16809,narrowed,-12.8952,1,0,0,0,,,,,0,0,F20K,RESEARCH_BASELINE
16454,16810,neymar,-12.8952,0,0,0,0,,,,,0,0,F20K,RESEARCH_BASELINE
16455,16811,northampton,-12.8952,0,0,0,0,,,,,0,0,F20K,RESEARCH_BASELINE
16456,16812,obsessive,-12.8952,1,0,0,0,,,,,0,0,F20K,RESEARCH_BASELINE
16457,16814,overseeing,-12.8952,1,0,0,0,,,,,0,0,F20K,RESEARCH_BASELINE
16458,16815,owls,-12.8952,1,1,1,1,,owl,bowls,,1,1,F20K,RESEARCH_BASELINE
16459,16816,paw,-12.8952,1,1,1,0,,,,pawn;paws,0,2,F20K,RESEARCH_BASELINE
16460,16817,pedestrians,-12.8952,0,0,0,0,,,,,0,0,F20K,RESEARCH_BASELINE
16461,16818,permissible,-12.8952,1,0,0,0,,,,,0,0,F20K,RESEARCH_BASELINE
16462,16819,postcard,-12.8952,1,1,1,0,,,,postcards,0,1,F20K,RESEARCH_BASELINE
16463,16820,postwar,-12.8952,1,0,0,0,,,,,0,0,F20K,RESEARCH_BASELINE
16464,16821,precarious,-12.8952,1,0,0,0,,,,,0,0,F20K,RESEARCH_BASELINE
16465,16822,prima,-12.8952,0,0,0,0,,,,,0,0,F20K,RESEARCH_BASELINE
16466,16823,professionalism,-12.8952,1,0,0,0,,,,,0,0,F20K,RESEARCH_BASELINE
16467,16824,prohibiting,-12.8952,0,0,0,0,,,,,0,0,F20K,RESEARCH_BASELINE
16468,16825,prominently,-12.8952,1,0,0,0,,,,,0,0,F20K,RESEARCH_BASELINE
16469,16826,promoters,-12.8952,0,0,0,0,,,,,0,0,F20K,RESEARCH_BASELINE
16470,16827,prompting,-12.8952,0,0,0,0,,,,,0,0,F20K,RESEARCH_BASELINE
16471,16828,protestants,-12.8952,0,0,0,0,,,,,0,0,F20K,RESEARCH_BASELINE
16472,16829,punishments,-12.8952,0,0,0,0,,,,,0,0,F20K,RESEARCH_BASELINE
16473,16830,qu,-12.8952,0,0,0,0,,,,,0,0,F20K,RESEARCH_BASELINE
16474,16831,racer,-12.8952,1,1,0,1,,race,,,1,0,F20K,RESEARCH_BASELINE
16475,16832,rappers,-12.8952,1,1,0,1,,rapper,,,1,0,F20K,RESEARCH_BASELINE
16476,16833,reasoned,-12.8952,1,0,0,0,,,,,0,0,F20K,RESEARCH_BASELINE
16477,16834,rebirth,-12.8952,1,0,0,0,,,,,0,0,F20K,RESEARCH_BASELINE
16478,16835,registrar,-12.8952,1,0,0,0,,,,,0,0,F20K,RESEARCH_BASELINE
16479,16836,renal,-12.8952,1,0,0,0,,,,,0,0,F20K,RESEARCH_BASELINE
16480,16837,reps,-12.8952,1,1,0,1,,rep,,,1,0,F20K,RESEARCH_BASELINE
16481,16838,reservoirs,-12.8952,0,0,0,0,,,,,0,0,F20K,RESEARCH_BASELINE
16482,16839,residues,-12.8952,0,0,0,0,,,,,0,0,F20K,RESEARCH_BASELINE
16483,16840,retard,-12.8952,1,0,0,0,,,,,0,0,F20K,RESEARCH_BASELINE
16484,16841,revolving,-12.8952,1,0,0,0,,,,,0,0,F20K,RESEARCH_BASELINE
16485,16842,rihanna,-12.8952,0,0,0,0,,,,,0,0,F20K,RESEARCH_BASELINE
16486,16843,robber,-12.8952,1,1,1,0,,,,robbery;robbers,0,2,F20K,RESEARCH_BASELINE
16487,16844,rossi,-12.8952,0,0,0,0,,,,,0,0,F20K,RESEARCH_BASELINE
16488,16845,rumour,-12.8952,0,0,0,0,,,,,0,0,F20K,RESEARCH_BASELINE
16489,16846,rustic,-12.8952,1,0,0,0,,,,,0,0,F20K,RESEARCH_BASELINE
16490,16847,sal,-12.8952,0,0,0,0,,,,,0,0,F20K,RESEARCH_BASELINE
16491,16848,sentinel,-12.8952,1,0,0,0,,,,,0,0,F20K,RESEARCH_BASELINE
16492,16849,shepard,-12.8952,0,0,0,0,,,,,0,0,F20K,RESEARCH_BASELINE
16493,16850,shoved,-12.8952,1,1,0,1,,shove,,,1,0,F20K,RESEARCH_BASELINE
16494,16851,showdown,-12.8952,1,0,0,0,,,,,0,0,F20K,RESEARCH_BASELINE
16495,16852,skulls,-12.8952,1,1,0,1,,skull,,,1,0,F20K,RESEARCH_BASELINE
16496,16853,smiley,-12.8952,1,1,0,1,,smile,,,1,0,F20K,RESEARCH_BASELINE
16497,16854,solids,-12.8952,1,1,0,1,,solid,,,1,0,F20K,RESEARCH_BASELINE
16498,16855,soothing,-12.8952,1,0,0,0,,,,,0,0,F20K,RESEARCH_BASELINE
16499,16856,sos,-12.8952,0,0,0,0,,,,,0,0,F20K,RESEARCH_BASELINE
16500,16857,sprayed,-12.8952,0,0,0,0,,,,,0,0,F20K,RESEARCH_BASELINE
16501,16858,sprung,-12.8952,1,0,0,0,,,,,0,0,F20K,RESEARCH_BASELINE
16502,16859,stabilization,-12.8952,1,0,0,0,,,,,0,0,F20K,RESEARCH_BASELINE
16503,16860,staggering,-12.8952,1,0,0,0,,,,,0,0,F20K,RESEARCH_BASELINE
16504,16861,starboard,-12.8952,1,0,0,0,,,,,0,0,F20K,RESEARCH_BASELINE
16505,16862,stump,-12.8952,1,0,0,0,,,,,0,0,F20K,RESEARCH_BASELINE
16506,16863,subsidized,-12.8952,1,0,0,0,,,,,0,0,F20K,RESEARCH_BASELINE
16507,16865,supplemental,-12.8952,1,0,0,0,,,,,0,0,F20K,RESEARCH_BASELINE
16508,16866,surfaced,-12.8952,1,1,0,1,,surface,,,1,0,F20K,RESEARCH_BASELINE
16509,16867,surgeries,-12.8952,0,0,0,0,,,,,0,0,F20K,RESEARCH_BASELINE
16510,16868,swine,-12.8952,1,1,0,1,wine,,,,1,0,F20K,RESEARCH_BASELINE
16511,16869,takeoff,-12.8952,1,0,0,0,,,,,0,0,F20K,RESEARCH_BASELINE
16512,16870,tenor,-12.8952,1,0,0,0,,,,,0,0,F20K,RESEARCH_BASELINE
16513,16871,ter,-12.8952,0,0,0,0,,,,,0,0,F20K,RESEARCH_BASELINE
16514,16872,thirteenth,-12.8952,1,0,0,0,,,,,0,0,F20K,RESEARCH_BASELINE
16515,16873,topical,-12.8952,1,0,0,0,,,,,0,0,F20K,RESEARCH_BASELINE
16516,16874,trapping,-12.8952,1,0,0,0,,,,,0,0,F20K,RESEARCH_BASELINE
16517,16875,triangular,-12.8952,1,0,0,0,,,,,0,0,F20K,RESEARCH_BASELINE
16518,16876,trojan,-12.8952,0,0,0,0,,,,,0,0,F20K,RESEARCH_BASELINE
16519,16877,trolls,-12.8952,1,1,0,1,rolls,troll,,,2,0,F20K,RESEARCH_BASELINE
16520,16878,twain,-12.8952,1,0,0,0,,,,,0,0,F20K,RESEARCH_BASELINE
16521,16879,twists,-12.8952,1,1,0,1,,twist,,,1,0,F20K,RESEARCH_BASELINE
16522,16880,underage,-12.8952,1,0,0,0,,,,,0,0,F20K,RESEARCH_BASELINE
16523,16882,unnecessarily,-12.8952,1,0,0,0,,,,,0,0,F20K,RESEARCH_BASELINE
16524,16883,uss,-12.8952,0,0,0,0,,,,,0,0,F20K,RESEARCH_BASELINE
16525,16884,vectors,-12.8952,1,1,0,1,,vector,,,1,0,F20K,RESEARCH_BASELINE
16526,16885,viva,-12.8952,0,0,0,0,,,,,0,0,F20K,RESEARCH_BASELINE
16527,16886,walled,-12.8952,0,0,0,0,,,,,0,0,F20K,RESEARCH_BASELINE
16528,16887,walnut,-12.8952,1,0,0,0,,,,,0,0,F20K,RESEARCH_BASELINE
16529,16888,walters,-12.8952,0,0,0,0,,,,,0,0,F20K,RESEARCH_BASELINE
16530,16889,wand,-12.8952,1,1,0,1,and,wan,,,2,0,F20K,RESEARCH_BASELINE
16531,16890,waterproof,-12.8952,1,0,0,0,,,,,0,0,F20K,RESEARCH_BASELINE
16532,16891,winged,-12.8952,1,0,0,0,,,,,0,0,F20K,RESEARCH_BASELINE
16533,16892,woes,-12.8952,1,1,0,1,,woe,,,1,0,F20K,RESEARCH_BASELINE
16534,16893,workings,-12.8952,1,1,0,1,,working,,,1,0,F20K,RESEARCH_BASELINE
16535,16894,wrestle,-12.8952,1,1,1,0,,,,wrestler,0,1,F20K,RESEARCH_BASELINE
16536,16895,wrists,-12.8952,1,1,0,1,,wrist,,,1,0,F20K,RESEARCH_BASELINE
16537,16897,yummy,-12.8952,1,0,0,0,,,,,0,0,F20K,RESEARCH_BASELINE
16538,16901,adhd,-12.9194,0,0,0,0,,,,,0,0,F20K,RESEARCH_BASELINE
16539,16902,ammo,-12.9194,1,0,0,0,,,,,0,0,F20K,RESEARCH_BASELINE
16540,16903,anguish,-12.9194,1,0,0,0,,,,,0,0,F20K,RESEARCH_BASELINE
16541,16904,anticipating,-12.9194,0,0,0,0,,,,,0,0,F20K,RESEARCH_BASELINE
16542,16905,antony,-12.9194,0,0,0,0,,,,,0,0,F20K,RESEARCH_BASELINE
16543,16906,attribution,-12.9194,1,0,0,0,,,,,0,0,F20K,RESEARCH_BASELINE
16544,16907,auctions,-12.9194,1,1,0,1,,auction,,,1,0,F20K,RESEARCH_BASELINE
16545,16908,awfully,-12.9194,1,0,0,0,,,,,0,0,F20K,RESEARCH_BASELINE
16546,16909,axle,-12.9194,1,0,0,0,,,,,0,0,F20K,RESEARCH_BASELINE
16547,16910,bandit,-12.9194,1,1,1,0,,,,bandits,0,1,F20K,RESEARCH_BASELINE
16548,16911,barefoot,-12.9194,1,0,0,0,,,,,0,0,F20K,RESEARCH_BASELINE
16549,16912,bays,-12.9194,1,1,0,1,,bay,,,1,0,F20K,RESEARCH_BASELINE
16550,16913,behavioural,-12.9194,0,0,0,0,,,,,0,0,F20K,RESEARCH_BASELINE
16551,16914,bender,-12.9194,1,0,0,0,,,,,0,0,F20K,RESEARCH_BASELINE
16552,16915,biographical,-12.9194,1,0,0,0,,,,,0,0,F20K,RESEARCH_BASELINE
16553,16916,biomedical,-12.9194,1,0,0,0,,,,,0,0,F20K,RESEARCH_BASELINE
16554,16917,bodied,-12.9194,1,0,0,0,,,,,0,0,F20K,RESEARCH_BASELINE
16555,16918,bohemian,-12.9194,1,0,0,0,,,,,0,0,F20K,RESEARCH_BASELINE
16556,16919,boon,-12.9194,1,1,0,1,,boo,,,1,0,F20K,RESEARCH_BASELINE
16557,16920,bowman,-12.9194,0,0,0,0,,,,,0,0,F20K,RESEARCH_BASELINE
16558,16921,brag,-12.9194,1,1,0,1,rag,bra,,,2,0,F20K,RESEARCH_BASELINE
16559,16922,bras,-12.9194,1,1,1,1,,bra,,brass,1,1,F20K,RESEARCH_BASELINE
16560,16923,breeders,-12.9194,1,1,0,1,,breeder,,,1,0,F20K,RESEARCH_BASELINE
16561,16924,brewers,-12.9194,0,0,0,0,,,,,0,0,F20K,RESEARCH_BASELINE
16562,16925,broccoli,-12.9194,1,0,0,0,,,,,0,0,F20K,RESEARCH_BASELINE
16563,16926,buckle,-12.9194,1,0,0,0,,,,,0,0,F20K,RESEARCH_BASELINE
16564,16927,bullies,-12.9194,1,0,0,0,,,,,0,0,F20K,RESEARCH_BASELINE
16565,16928,bullock,-12.9194,0,0,0,0,,,,,0,0,F20K,RESEARCH_BASELINE
16566,16929,burkina,-12.9194,0,0,0,0,,,,,0,0,F20K,RESEARCH_BASELINE
16567,16930,burt,-12.9194,0,0,0,0,,,,,0,0,F20K,RESEARCH_BASELINE
16568,16931,cages,-12.9194,1,1,0,1,ages,cage,,,2,0,F20K,RESEARCH_BASELINE
16569,16932,carriages,-12.9194,1,1,0,1,,carriage,,,1,0,F20K,RESEARCH_BASELINE
16570,16933,catchy,-12.9194,1,1,0,1,,catch,,,1,0,F20K,RESEARCH_BASELINE
16571,16934,ceasefire,-12.9194,1,0,0,0,,,,,0,0,F20K,RESEARCH_BASELINE
16572,16935,ceases,-12.9194,1,1,0,1,,cease,,,1,0,F20K,RESEARCH_BASELINE
16573,16936,chung,-12.9194,0,0,0,0,,,,,0,0,F20K,RESEARCH_BASELINE
16574,16937,cleaners,-12.9194,1,1,0,1,,cleaner,,,1,0,F20K,RESEARCH_BASELINE
16575,16938,coils,-12.9194,1,1,0,1,oils,coil,,,2,0,F20K,RESEARCH_BASELINE
16576,16939,comfy,-12.9194,1,0,0,0,,,,,0,0,F20K,RESEARCH_BASELINE
16577,16940,compounded,-12.9194,0,0,0,0,,,,,0,0,F20K,RESEARCH_BASELINE
16578,16941,condensed,-12.9194,1,0,0,0,,,,,0,0,F20K,RESEARCH_BASELINE
16579,16942,conspicuous,-12.9194,1,0,0,0,,,,,0,0,F20K,RESEARCH_BASELINE
16580,16943,constructions,-12.9194,0,0,0,0,,,,,0,0,F20K,RESEARCH_BASELINE
16581,16944,contra,-12.9194,0,0,0,0,,,,,0,0,F20K,RESEARCH_BASELINE
16582,16945,cooperating,-12.9194,0,0,0,0,,,,,0,0,F20K,RESEARCH_BASELINE
16583,16946,cores,-12.9194,1,1,1,1,,core,scores,,1,1,F20K,RESEARCH_BASELINE
16584,16947,cornerstone,-12.9194,1,0,0,0,,,,,0,0,F20K,RESEARCH_BASELINE
16585,16948,couldnt,-12.9194,0,0,0,0,,,,,0,0,F20K,RESEARCH_BASELINE
16586,16949,counterfeit,-12.9194,1,0,0,0,,,,,0,0,F20K,RESEARCH_BASELINE
16587,16950,crabs,-12.9194,1,1,0,1,,crab,,,1,0,F20K,RESEARCH_BASELINE
16588,16951,creamy,-12.9194,1,1,0,1,,cream,,,1,0,F20K,RESEARCH_BASELINE
16589,16952,creeps,-12.9194,1,1,0,1,,creep,,,1,0,F20K,RESEARCH_BASELINE
16590,16953,cutler,-12.9194,0,0,0,0,,,,,0,0,F20K,RESEARCH_BASELINE
16591,16954,dani,-12.9194,0,0,0,0,,,,,0,0,F20K,RESEARCH_BASELINE
16592,16955,darts,-12.9194,1,1,0,1,arts,dart,,,2,0,F20K,RESEARCH_BASELINE
16593,16956,dea,-12.9194,0,0,0,0,,,,,0,0,F20K,RESEARCH_BASELINE
16594,16957,degrading,-12.9194,1,0,0,0,,,,,0,0,F20K,RESEARCH_BASELINE
16595,16958,denim,-12.9194,1,0,0,0,,,,,0,0,F20K,RESEARCH_BASELINE
16596,16959,departmental,-12.9194,1,0,0,0,,,,,0,0,F20K,RESEARCH_BASELINE
16597,16960,diagrams,-12.9194,1,1,0,1,,diagram,,,1,0,F20K,RESEARCH_BASELINE
16598,16961,disable,-12.9194,1,1,1,0,,,,disabled,0,1,F20K,RESEARCH_BASELINE
16599,16962,disruptive,-12.9194,1,0,0,0,,,,,0,0,F20K,RESEARCH_BASELINE
16600,16963,diver,-12.9194,1,1,1,1,,dive,,divers;divert,1,2,F20K,RESEARCH_BASELINE
16601,16964,dorset,-12.9194,0,0,0,0,,,,,0,0,F20K,RESEARCH_BASELINE
16602,16965,dortmund,-12.9194,0,0,0,0,,,,,0,0,F20K,RESEARCH_BASELINE
16603,16966,dues,-12.9194,1,1,0,1,,due,,,1,0,F20K,RESEARCH_BASELINE
16604,16967,duet,-12.9194,1,1,0,1,,due,,,1,0,F20K,RESEARCH_BASELINE
16605,16968,durability,-12.9194,1,0,0,0,,,,,0,0,F20K,RESEARCH_BASELINE
16606,16969,electors,-12.9194,1,1,0,1,,elector,,,1,0,F20K,RESEARCH_BASELINE
16607,16970,encoding,-12.9194,1,0,0,0,,,,,0,0,F20K,RESEARCH_BASELINE
16608,16971,enthusiast,-12.9194,1,0,0,0,,,,,0,0,F20K,RESEARCH_BASELINE
16609,16972,entrenched,-12.9194,1,0,0,0,,,,,0,0,F20K,RESEARCH_BASELINE
16610,16973,envisioned,-12.9194,0,0,0,0,,,,,0,0,F20K,RESEARCH_BASELINE
16611,16974,erica,-12.9194,0,0,0,0,,,,,0,0,F20K,RESEARCH_BASELINE
16612,16975,erupted,-12.9194,0,0,0,0,,,,,0,0,F20K,RESEARCH_BASELINE
16613,16976,etiquette,-12.9194,1,0,0,0,,,,,0,0,F20K,RESEARCH_BASELINE
16614,16978,existential,-12.9194,1,0,0,0,,,,,0,0,F20K,RESEARCH_BASELINE
16615,16979,extradition,-12.9194,1,0,0,0,,,,,0,0,F20K,RESEARCH_BASELINE
16616,16980,federally,-12.9194,1,0,0,0,,,,,0,0,F20K,RESEARCH_BASELINE
16617,16981,fermentation,-12.9194,1,0,0,0,,,,,0,0,F20K,RESEARCH_BASELINE
16618,16982,flakes,-12.9194,1,1,0,1,lakes,,,,1,0,F20K,RESEARCH_BASELINE
16619,16983,flea,-12.9194,1,0,0,0,,,,,0,0,F20K,RESEARCH_BASELINE
16620,16984,forgets,-12.9194,1,1,0,1,,forget,,,1,0,F20K,RESEARCH_BASELINE
16621,16985,fragmented,-12.9194,1,0,0,0,,,,,0,0,F20K,RESEARCH_BASELINE
16622,16986,franchises,-12.9194,1,1,0,1,,franchise,,,1,0,F20K,RESEARCH_BASELINE
16623,16987,freakin,-12.9194,0,0,0,0,,,,,0,0,F20K,RESEARCH_BASELINE
16624,16988,fridays,-12.9194,0,0,0,0,,,,,0,0,F20K,RESEARCH_BASELINE
16625,16989,funnel,-12.9194,1,0,0,0,,,,,0,0,F20K,RESEARCH_BASELINE
16626,16990,gasp,-12.9194,1,1,0,1,,gas,,,1,0,F20K,RESEARCH_BASELINE
16627,16991,geographically,-12.9194,1,0,0,0,,,,,0,0,F20K,RESEARCH_BASELINE
16628,16992,gibraltar,-12.9194,0,0,0,0,,,,,0,0,F20K,RESEARCH_BASELINE
16629,16993,glaciers,-12.9194,1,1,0,1,,glacier,,,1,0,F20K,RESEARCH_BASELINE
16630,16994,goo,-12.9194,1,1,1,1,,go,,good,1,1,F20K,RESEARCH_BASELINE
16631,16995,gourmet,-12.9194,1,0,0,0,,,,,0,0,F20K,RESEARCH_BASELINE
16632,16996,gu,-12.9194,0,0,0,0,,,,,0,0,F20K,RESEARCH_BASELINE
16633,16997,hampered,-12.9194,0,0,0,0,,,,,0,0,F20K,RESEARCH_BASELINE
16634,16998,haram,-12.9194,0,0,0,0,,,,,0,0,F20K,RESEARCH_BASELINE
16635,16999,helper,-12.9194,1,0,0,0,,,,,0,0,F20K,RESEARCH_BASELINE
16636,17000,highschool,-12.9194,0,0,0,0,,,,,0,0,F20K,RESEARCH_BASELINE
16637,17001,hopper,-12.9194,0,0,0,0,,,,,0,0,F20K,RESEARCH_BASELINE
16638,17002,hopping,-12.9194,1,1,1,0,,,shopping;chopping,,0,2,F20K,RESEARCH_BASELINE
16639,17003,hyped,-12.9194,1,1,0,1,,hype,,,1,0,F20K,RESEARCH_BASELINE
16640,17004,igor,-12.9194,0,0,0,0,,,,,0,0,F20K,RESEARCH_BASELINE
16641,17005,improvised,-12.9194,0,0,0,0,,,,,0,0,F20K,RESEARCH_BASELINE
16642,17006,incidental,-12.9194,1,0,0,0,,,,,0,0,F20K,RESEARCH_BASELINE
16643,17007,inclination,-12.9194,1,0,0,0,,,,,0,0,F20K,RESEARCH_BASELINE
16644,17008,inscriptions,-12.9194,1,1,0,1,,inscription,,,1,0,F20K,RESEARCH_BASELINE
16645,17009,insertion,-12.9194,1,0,0,0,,,,,0,0,F20K,RESEARCH_BASELINE
16646,17010,installment,-12.9194,1,0,0,0,,,,,0,0,F20K,RESEARCH_BASELINE
16647,17011,inverse,-12.9194,1,0,0,0,,,,,0,0,F20K,RESEARCH_BASELINE
16648,17012,irregularities,-12.9194,0,0,0,0,,,,,0,0,F20K,RESEARCH_BASELINE
16649,17013,jacksonville,-12.9194,0,0,0,0,,,,,0,0,F20K,RESEARCH_BASELINE
16650,17014,jays,-12.9194,0,0,0,0,,,,,0,0,F20K,RESEARCH_BASELINE
16651,17015,juventus,-12.9194,0,0,0,0,,,,,0,0,F20K,RESEARCH_BASELINE
16652,17016,kinetic,-12.9194,1,0,0,0,,,,,0,0,F20K,RESEARCH_BASELINE
16653,17017,lmao,-12.9194,0,0,0,0,,,,,0,0,F20K,RESEARCH_BASELINE
16654,17018,locating,-12.9194,0,0,0,0,,,,,0,0,F20K,RESEARCH_BASELINE
16655,17019,maldives,-12.9194,0,0,0,0,,,,,0,0,F20K,RESEARCH_BASELINE
16656,17020,manuals,-12.9194,1,1,0,1,,manual,,,1,0,F20K,RESEARCH_BASELINE
16657,17021,marianne,-12.9194,0,0,0,0,,,,,0,0,F20K,RESEARCH_BASELINE
16658,17022,maxim,-12.9194,1,0,0,0,,,,,0,0,F20K,RESEARCH_BASELINE
16659,17023,mclean,-12.9194,0,0,0,0,,,,,0,0,F20K,RESEARCH_BASELINE
16660,17024,mecca,-12.9194,1,0,0,0,,,,,0,0,F20K,RESEARCH_BASELINE
16661,17025,medic,-12.9194,1,0,0,0,,,,,0,0,F20K,RESEARCH_BASELINE
16662,17026,merlin,-12.9194,0,0,0,0,,,,,0,0,F20K,RESEARCH_BASELINE
16663,17027,metadata,-12.9194,1,0,0,0,,,,,0,0,F20K,RESEARCH_BASELINE
16664,17028,misguided,-12.9194,1,0,0,0,,,,,0,0,F20K,RESEARCH_BASELINE
16665,17029,monstrous,-12.9194,1,0,0,0,,,,,0,0,F20K,RESEARCH_BASELINE
16666,17030,morphine,-12.9194,1,0,0,0,,,,,0,0,F20K,RESEARCH_BASELINE
16667,17031,motivational,-12.9194,1,0,0,0,,,,,0,0,F20K,RESEARCH_BASELINE
16668,17032,mundane,-12.9194,1,0,0,0,,,,,0,0,F20K,RESEARCH_BASELINE
16669,17033,nathaniel,-12.9194,0,0,0,0,,,,,0,0,F20K,RESEARCH_BASELINE
16670,17034,neatly,-12.9194,1,0,0,0,,,,,0,0,F20K,RESEARCH_BASELINE
16671,17035,newcomer,-12.9194,1,0,0,0,,,,,0,0,F20K,RESEARCH_BASELINE
16672,17036,nh,-12.9194,0,0,0,0,,,,,0,0,F20K,RESEARCH_BASELINE
16673,17037,nirvana,-12.9194,1,0,0,0,,,,,0,0,F20K,RESEARCH_BASELINE
16674,17038,nylon,-12.9194,1,0,0,0,,,,,0,0,F20K,RESEARCH_BASELINE
16675,17039,oats,-12.9194,1,1,1,0,,,boats;goats;coats,,0,3,F20K,RESEARCH_BASELINE
16676,17040,ominous,-12.9194,1,0,0,0,,,,,0,0,F20K,RESEARCH_BASELINE
16677,17041,omission,-12.9194,1,1,0,1,mission,,,,1,0,F20K,RESEARCH_BASELINE
16678,17042,optimized,-12.9194,1,1,0,1,,optimize,,,1,0,F20K,RESEARCH_BASELINE
16679,17043,overrun,-12.9194,1,0,0,0,,,,,0,0,F20K,RESEARCH_BASELINE
16680,17044,paranoia,-12.9194,1,0,0,0,,,,,0,0,F20K,RESEARCH_BASELINE
16681,17045,parisian,-12.9194,0,0,0,0,,,,,0,0,F20K,RESEARCH_BASELINE
16682,17046,phased,-12.9194,0,0,0,0,,,,,0,0,F20K,RESEARCH_BASELINE
16683,17047,pigeons,-12.9194,1,1,0,1,,pigeon,,,1,0,F20K,RESEARCH_BASELINE
16684,17048,pines,-12.9194,1,1,0,1,,pine,,,1,0,F20K,RESEARCH_BASELINE
16685,17049,pinnacle,-12.9194,1,0,0,0,,,,,0,0,F20K,RESEARCH_BASELINE
16686,17050,pledges,-12.9194,1,1,0,1,,pledge,,,1,0,F20K,RESEARCH_BASELINE
16687,17051,predominant,-12.9194,1,0,0,0,,,,,0,0,F20K,RESEARCH_BASELINE
16688,17052,preserves,-12.9194,0,0,0,0,,,,,0,0,F20K,RESEARCH_BASELINE
16689,17053,privatization,-12.9194,1,0,0,0,,,,,0,0,F20K,RESEARCH_BASELINE
16690,17054,proofs,-12.9194,1,1,0,1,roofs,proof,,,2,0,F20K,RESEARCH_BASELINE
16691,17055,purposely,-12.9194,1,0,0,0,,,,,0,0,F20K,RESEARCH_BASELINE
16692,17056,pv,-12.9194,0,0,0,0,,,,,0,0,F20K,RESEARCH_BASELINE
16693,17057,rehearsals,-12.9194,0,0,0,0,,,,,0,0,F20K,RESEARCH_BASELINE
16694,17058,relegation,-12.9194,1,0,0,0,,,,,0,0,F20K,RESEARCH_BASELINE
16695,17059,reluctantly,-12.9194,1,0,0,0,,,,,0,0,F20K,RESEARCH_BASELINE
16696,17060,reno,-12.9194,0,0,0,0,,,,,0,0,F20K,RESEARCH_BASELINE
16697,17061,reptiles,-12.9194,0,0,0,0,,,,,0,0,F20K,RESEARCH_BASELINE
16698,17062,rightful,-12.9194,1,0,0,0,,,,,0,0,F20K,RESEARCH_BASELINE
16699,17063,robbins,-12.9194,0,0,0,0,,,,,0,0,F20K,RESEARCH_BASELINE
16700,17064,rounding,-12.9194,1,1,1,0,,,grounding,,0,1,F20K,RESEARCH_BASELINE
16701,17065,rss,-12.9194,0,0,0,0,,,,,0,0,F20K,RESEARCH_BASELINE
16702,17066,rv,-12.9194,0,0,0,0,,,,,0,0,F20K,RESEARCH_BASELINE
16703,17067,saharan,-12.9194,0,0,0,0,,,,,0,0,F20K,RESEARCH_BASELINE
16704,17068,scarcely,-12.9194,1,0,0,0,,,,,0,0,F20K,RESEARCH_BASELINE
16705,17069,scratches,-12.9194,1,0,0,0,,,,,0,0,F20K,RESEARCH_BASELINE
16706,17070,seizing,-12.9194,1,0,0,0,,,,,0,0,F20K,RESEARCH_BASELINE
16707,17071,semantics,-12.9194,1,1,0,1,,semantic,,,1,0,F20K,RESEARCH_BASELINE
16708,17072,serie,-12.9194,0,0,0,0,,,,,0,0,F20K,RESEARCH_BASELINE
16709,17073,sheds,-12.9194,1,1,0,1,,shed,,,1,0,F20K,RESEARCH_BASELINE
16710,17074,shipbuilding,-12.9194,0,0,0,0,,,,,0,0,F20K,RESEARCH_BASELINE
16711,17075,shitting,-12.9194,0,0,0,0,,,,,0,0,F20K,RESEARCH_BASELINE
16712,17076,skeletons,-12.9194,0,0,0,0,,,,,0,0,F20K,RESEARCH_BASELINE
16713,17077,soaring,-12.9194,1,0,0,0,,,,,0,0,F20K,RESEARCH_BASELINE
16714,17078,souvenir,-12.9194,1,0,0,0,,,,,0,0,F20K,RESEARCH_BASELINE
16715,17079,sow,-12.9194,1,1,0,1,ow,so,,,2,0,F20K,RESEARCH_BASELINE
16716,17080,specializing,-12.9194,0,0,0,0,,,,,0,0,F20K,RESEARCH_BASELINE
16717,17081,spoiler,-12.9194,1,0,0,0,,,,,0,0,F20K,RESEARCH_BASELINE
16718,17082,spraying,-12.9194,0,0,0,0,,,,,0,0,F20K,RESEARCH_BASELINE
16719,17083,stocked,-12.9194,0,0,0,0,,,,,0,0,F20K,RESEARCH_BASELINE
16720,17084,stride,-12.9194,1,1,1,0,,,,strides,0,1,F20K,RESEARCH_BASELINE
16721,17085,stripe,-12.9194,1,1,1,1,,strip,,stripes;striped,1,2,F20K,RESEARCH_BASELINE
16722,17086,sulfur,-12.9194,1,0,0,0,,,,,0,0,F20K,RESEARCH_BASELINE
16723,17087,tat,-12.9194,0,0,0,0,,,,,0,0,F20K,RESEARCH_BASELINE
16724,17089,timid,-12.9194,1,0,0,0,,,,,0,0,F20K,RESEARCH_BASELINE
16725,17090,tokens,-12.9194,1,1,0,1,,token,,,1,0,F20K,RESEARCH_BASELINE
16726,17091,topping,-12.9194,1,1,1,0,,,stopping,,0,1,F20K,RESEARCH_BASELINE
16727,17092,treatise,-12.9194,1,0,0,0,,,,,0,0,F20K,RESEARCH_BASELINE
16728,17093,truthful,-12.9194,1,0,0,0,,,,,0,0,F20K,RESEARCH_BASELINE
16729,17094,unattractive,-12.9194,1,0,0,0,,,,,0,0,F20K,RESEARCH_BASELINE
16730,17095,unconventional,-12.9194,1,0,0,0,,,,,0,0,F20K,RESEARCH_BASELINE
16731,17096,undesirable,-12.9194,1,0,0,0,,,,,0,0,F20K,RESEARCH_BASELINE
16732,17097,vacancies,-12.9194,0,0,0,0,,,,,0,0,F20K,RESEARCH_BASELINE
16733,17098,verbs,-12.9194,1,1,0,1,,verb,,,1,0,F20K,RESEARCH_BASELINE
16734,17099,vid,-12.9194,0,0,0,0,,,,,0,0,F20K,RESEARCH_BASELINE
16735,17100,vineyards,-12.9194,0,0,0,0,,,,,0,0,F20K,RESEARCH_BASELINE
16736,17101,waltz,-12.9194,1,0,0,0,,,,,0,0,F20K,RESEARCH_BASELINE
16737,17102,wavelength,-12.9194,1,0,0,0,,,,,0,0,F20K,RESEARCH_BASELINE
16738,17103,weston,-12.9194,0,0,0,0,,,,,0,0,F20K,RESEARCH_BASELINE
16739,17104,whispering,-12.9194,1,0,0,0,,,,,0,0,F20K,RESEARCH_BASELINE
16740,17105,wolfe,-12.9194,0,0,0,0,,,,,0,0,F20K,RESEARCH_BASELINE
16741,17106,woodward,-12.9194,0,0,0,0,,,,,0,0,F20K,RESEARCH_BASELINE
16742,17107,workload,-12.9194,1,0,0,0,,,,,0,0,F20K,RESEARCH_BASELINE
16743,17112,actresses,-12.94,0,0,0,0,,,,,0,0,F20K,RESEARCH_BASELINE
16744,17113,adler,-12.94,0,0,0,0,,,,,0,0,F20K,RESEARCH_BASELINE
16745,17114,aiding,-12.94,1,0,0,0,,,,,0,0,F20K,RESEARCH_BASELINE
16746,17115,amor,-12.94,0,0,0,0,,,,,0,0,F20K,RESEARCH_BASELINE
16747,17116,annuity,-12.94,1,0,0,0,,,,,0,0,F20K,RESEARCH_BASELINE
16748,17117,anonymously,-12.94,1,0,0,0,,,,,0,0,F20K,RESEARCH_BASELINE
16749,17118,apocalyptic,-12.94,1,0,0,0,,,,,0,0,F20K,RESEARCH_BASELINE
16750,17119,appointing,-12.94,0,0,0,0,,,,,0,0,F20K,RESEARCH_BASELINE
16751,17120,archived,-12.94,1,1,0,1,,archive,,,1,0,F20K,RESEARCH_BASELINE
16752,17121,arsenic,-12.94,1,0,0,0,,,,,0,0,F20K,RESEARCH_BASELINE
16753,17122,auspices,-12.94,0,0,0,0,,,,,0,0,F20K,RESEARCH_BASELINE
16754,17123,banished,-12.94,1,0,0,0,,,,,0,0,F20K,RESEARCH_BASELINE
16755,17124,bearded,-12.94,1,0,0,0,,,,,0,0,F20K,RESEARCH_BASELINE
16756,17125,berkshire,-12.94,0,0,0,0,,,,,0,0,F20K,RESEARCH_BASELINE
16757,17126,bogus,-12.94,1,0,0,0,,,,,0,0,F20K,RESEARCH_BASELINE
16758,17127,boogie,-12.94,1,0,0,0,,,,,0,0,F20K,RESEARCH_BASELINE
16759,17128,braking,-12.94,0,0,0,0,,,,,0,0,F20K,RESEARCH_BASELINE
16760,17129,calais,-12.94,0,0,0,0,,,,,0,0,F20K,RESEARCH_BASELINE
16761,17130,cambodian,-12.94,0,0,0,0,,,,,0,0,F20K,RESEARCH_BASELINE
16762,17131,camouflage,-12.94,1,0,0,0,,,,,0,0,F20K,RESEARCH_BASELINE
16763,17132,canucks,-12.94,0,0,0,0,,,,,0,0,F20K,RESEARCH_BASELINE
16764,17133,carlisle,-12.94,0,0,0,0,,,,,0,0,F20K,RESEARCH_BASELINE
16765,17134,carts,-12.94,1,1,0,1,arts,cart,,,2,0,F20K,RESEARCH_BASELINE
16766,17135,cascade,-12.94,1,0,0,0,,,,,0,0,F20K,RESEARCH_BASELINE
16767,17136,cassette,-12.94,1,0,0,0,,,,,0,0,F20K,RESEARCH_BASELINE
16768,17137,cctv,-12.94,0,0,0,0,,,,,0,0,F20K,RESEARCH_BASELINE
16769,17138,celsius,-12.94,0,0,0,0,,,,,0,0,F20K,RESEARCH_BASELINE
16770,17139,chanel,-12.94,0,0,0,0,,,,,0,0,F20K,RESEARCH_BASELINE
16771,17140,chateau,-12.94,0,0,0,0,,,,,0,0,F20K,RESEARCH_BASELINE
16772,17141,chestnut,-12.94,1,0,0,0,,,,,0,0,F20K,RESEARCH_BASELINE
16773,17142,ching,-12.94,0,0,0,0,,,,,0,0,F20K,RESEARCH_BASELINE
16774,17143,clamp,-12.94,1,1,0,1,lamp,,,,1,0,F20K,RESEARCH_BASELINE
16775,17144,cohort,-12.94,1,0,0,0,,,,,0,0,F20K,RESEARCH_BASELINE
16776,17145,compliant,-12.94,1,0,0,0,,,,,0,0,F20K,RESEARCH_BASELINE
16777,17146,conan,-12.94,0,0,0,0,,,,,0,0,F20K,RESEARCH_BASELINE
16778,17147,concord,-12.94,1,0,0,0,,,,,0,0,F20K,RESEARCH_BASELINE
16779,17148,contraception,-12.94,1,0,0,0,,,,,0,0,F20K,RESEARCH_BASELINE
16780,17149,coventry,-12.94,0,0,0,0,,,,,0,0,F20K,RESEARCH_BASELINE
16781,17150,cowardly,-12.94,1,0,0,0,,,,,0,0,F20K,RESEARCH_BASELINE
16782,17151,cristina,-12.94,0,0,0,0,,,,,0,0,F20K,RESEARCH_BASELINE
16783,17152,daryl,-12.94,0,0,0,0,,,,,0,0,F20K,RESEARCH_BASELINE
16784,17153,deacon,-12.94,1,0,0,0,,,,,0,0,F20K,RESEARCH_BASELINE
16785,17154,demonstrators,-12.94,1,0,0,0,,,,,0,0,F20K,RESEARCH_BASELINE
16786,17155,despicable,-12.94,1,0,0,0,,,,,0,0,F20K,RESEARCH_BASELINE
16787,17156,deterrent,-12.94,1,0,0,0,,,,,0,0,F20K,RESEARCH_BASELINE
16788,17157,devoid,-12.94,0,0,0,0,,,,,0,0,F20K,RESEARCH_BASELINE
16789,17158,dissatisfaction,-12.94,1,0,0,0,,,,,0,0,F20K,RESEARCH_BASELINE
16790,17159,distracting,-12.94,1,0,0,0,,,,,0,0,F20K,RESEARCH_BASELINE
16791,17160,dre,-12.94,0,0,0,0,,,,,0,0,F20K,RESEARCH_BASELINE
16792,17161,eater,-12.94,1,1,1,0,,,heater,,0,1,F20K,RESEARCH_BASELINE
16793,17162,emulate,-12.94,1,0,0,0,,,,,0,0,F20K,RESEARCH_BASELINE
16794,17163,enactment,-12.94,1,0,0,0,,,,,0,0,F20K,RESEARCH_BASELINE
16795,17164,engages,-12.94,1,1,0,1,,engage,,,1,0,F20K,RESEARCH_BASELINE
16796,17165,escalation,-12.94,1,0,0,0,,,,,0,0,F20K,RESEARCH_BASELINE
16797,17166,espresso,-12.94,1,0,0,0,,,,,0,0,F20K,RESEARCH_BASELINE
16798,17167,everest,-12.94,0,0,0,0,,,,,0,0,F20K,RESEARCH_BASELINE
16799,17168,finer,-12.94,1,1,0,1,,fine,,,1,0,F20K,RESEARCH_BASELINE
16800,17169,flourished,-12.94,0,0,0,0,,,,,0,0,F20K,RESEARCH_BASELINE
16801,17170,forwarded,-12.94,0,0,0,0,,,,,0,0,F20K,RESEARCH_BASELINE
16802,17171,fractions,-12.94,1,1,0,1,,fraction,,,1,0,F20K,RESEARCH_BASELINE
16803,17172,glossy,-12.94,1,1,0,1,,gloss,,,1,0,F20K,RESEARCH_BASELINE
16804,17173,graded,-12.94,1,1,0,1,,grade,,,1,0,F20K,RESEARCH_BASELINE
16805,17174,gst,-12.94,0,0,0,0,,,,,0,0,F20K,RESEARCH_BASELINE
16806,17175,hateful,-12.94,1,0,0,0,,,,,0,0,F20K,RESEARCH_BASELINE
16807,17176,hayley,-12.94,0,0,0,0,,,,,0,0,F20K,RESEARCH_BASELINE
16808,17177,heidi,-12.94,0,0,0,0,,,,,0,0,F20K,RESEARCH_BASELINE
16809,17178,herein,-12.94,0,0,0,0,,,,,0,0,F20K,RESEARCH_BASELINE
16810,17179,hinted,-12.94,0,0,0,0,,,,,0,0,F20K,RESEARCH_BASELINE
16811,17180,homophobic,-12.94,1,0,0,0,,,,,0,0,F20K,RESEARCH_BASELINE
16812,17181,hoops,-12.94,1,1,1,1,oops,hoop,whoops,,2,1,F20K,RESEARCH_BASELINE
16813,17182,inbox,-12.94,1,0,0,0,,,,,0,0,F20K,RESEARCH_BASELINE
16814,17183,infect,-12.94,1,0,0,0,,,,,0,0,F20K,RESEARCH_BASELINE
16815,17184,insurers,-12.94,0,0,0,0,,,,,0,0,F20K,RESEARCH_BASELINE
16816,17185,interdisciplinary,-12.94,1,0,0,0,,,,,0,0,F20K,RESEARCH_BASELINE
16817,17186,intermittent,-12.94,1,0,0,0,,,,,0,0,F20K,RESEARCH_BASELINE
16818,17187,interstellar,-12.94,1,0,0,0,,,,,0,0,F20K,RESEARCH_BASELINE
16819,17188,inward,-12.94,1,0,0,0,,,,,0,0,F20K,RESEARCH_BASELINE
16820,17189,islamist,-12.94,0,0,0,0,,,,,0,0,F20K,RESEARCH_BASELINE
16821,17190,jang,-12.94,0,0,0,0,,,,,0,0,F20K,RESEARCH_BASELINE
16822,17191,jax,-12.94,0,0,0,0,,,,,0,0,F20K,RESEARCH_BASELINE
16823,17192,kendrick,-12.94,0,0,0,0,,,,,0,0,F20K,RESEARCH_BASELINE
16824,17193,kitchens,-12.94,1,1,0,1,,kitchen,,,1,0,F20K,RESEARCH_BASELINE
16825,17194,lafayette,-12.94,0,0,0,0,,,,,0,0,F20K,RESEARCH_BASELINE
16826,17195,lavender,-12.94,1,0,0,0,,,,,0,0,F20K,RESEARCH_BASELINE
16827,17196,leash,-12.94,1,0,0,0,,,,,0,0,F20K,RESEARCH_BASELINE
16828,17197,ledge,-12.94,1,1,1,1,edge,,pledge;sledge,ledger,1,3,F20K,RESEARCH_BASELINE
16829,17198,lingering,-12.94,1,0,0,0,,,,,0,0,F20K,RESEARCH_BASELINE
16830,17199,locomotives,-12.94,1,1,0,1,,locomotive,,,1,0,F20K,RESEARCH_BASELINE
16831,17200,lumpur,-12.94,0,0,0,0,,,,,0,0,F20K,RESEARCH_BASELINE
16832,17201,magnus,-12.94,0,0,0,0,,,,,0,0,F20K,RESEARCH_BASELINE
16833,17202,malay,-12.94,0,0,0,0,,,,,0,0,F20K,RESEARCH_BASELINE
16834,17203,malt,-12.94,1,0,0,0,,,,,0,0,F20K,RESEARCH_BASELINE
16835,17204,mandela,-12.94,0,0,0,0,,,,,0,0,F20K,RESEARCH_BASELINE
16836,17205,mariah,-12.94,0,0,0,0,,,,,0,0,F20K,RESEARCH_BASELINE
16837,17206,mediator,-12.94,1,0,0,0,,,,,0,0,F20K,RESEARCH_BASELINE
16838,17207,mesa,-12.94,1,0,0,0,,,,,0,0,F20K,RESEARCH_BASELINE
16839,17208,moi,-12.94,0,0,0,0,,,,,0,0,F20K,RESEARCH_BASELINE
16840,17210,moran,-12.94,0,0,0,0,,,,,0,0,F20K,RESEARCH_BASELINE
16841,17211,mural,-12.94,1,0,0,0,,,,,0,0,F20K,RESEARCH_BASELINE
16842,17212,nadal,-12.94,0,0,0,0,,,,,0,0,F20K,RESEARCH_BASELINE
16843,17213,nil,-12.94,1,0,0,0,,,,,0,0,F20K,RESEARCH_BASELINE
16844,17214,nuggets,-12.94,1,0,0,0,,,,,0,0,F20K,RESEARCH_BASELINE
16845,17215,nypd,-12.94,0,0,0,0,,,,,0,0,F20K,RESEARCH_BASELINE
16846,17216,objectively,-12.94,1,0,0,0,,,,,0,0,F20K,RESEARCH_BASELINE
16847,17217,olives,-12.94,1,1,0,1,lives,olive,,,2,0,F20K,RESEARCH_BASELINE
16848,17218,ooo,-12.94,0,0,0,0,,,,,0,0,F20K,RESEARCH_BASELINE
16849,17219,oxidation,-12.94,1,0,0,0,,,,,0,0,F20K,RESEARCH_BASELINE
16850,17220,oysters,-12.94,1,1,0,1,,oyster,,,1,0,F20K,RESEARCH_BASELINE
16851,17221,parishes,-12.94,1,0,0,0,,,,,0,0,F20K,RESEARCH_BASELINE
16852,17222,paso,-12.94,0,0,0,0,,,,,0,0,F20K,RESEARCH_BASELINE
16853,17223,patton,-12.94,0,0,0,0,,,,,0,0,F20K,RESEARCH_BASELINE
16854,17224,paycheck,-12.94,1,0,0,0,,,,,0,0,F20K,RESEARCH_BASELINE
16855,17225,pencils,-12.94,1,1,0,1,,pencil,,,1,0,F20K,RESEARCH_BASELINE
16856,17226,phi,-12.94,0,0,0,0,,,,,0,0,F20K,RESEARCH_BASELINE
16857,17227,phoebe,-12.94,0,0,0,0,,,,,0,0,F20K,RESEARCH_BASELINE
16858,17228,physicists,-12.94,1,1,0,1,,physicist,,,1,0,F20K,RESEARCH_BASELINE
16859,17229,pinky,-12.94,1,1,0,1,,pink,,,1,0,F20K,RESEARCH_BASELINE
16860,17230,plank,-12.94,1,1,0,1,,plan,,,1,0,F20K,RESEARCH_BASELINE
16861,17231,polly,-12.94,0,0,0,0,,,,,0,0,F20K,RESEARCH_BASELINE
16862,17232,posterior,-12.94,1,0,0,0,,,,,0,0,F20K,RESEARCH_BASELINE
16863,17233,pouch,-12.94,1,1,0,1,ouch,,,,1,0,F20K,RESEARCH_BASELINE
16864,17234,predicts,-12.94,0,0,0,0,,,,,0,0,F20K,RESEARCH_BASELINE
16865,17235,preface,-12.94,1,0,0,0,,,,,0,0,F20K,RESEARCH_BASELINE
16866,17236,proactive,-12.94,1,0,0,0,,,,,0,0,F20K,RESEARCH_BASELINE
16867,17237,proficiency,-12.94,1,0,0,0,,,,,0,0,F20K,RESEARCH_BASELINE
16868,17238,rainforest,-12.94,1,0,0,0,,,,,0,0,F20K,RESEARCH_BASELINE
16869,17239,rallies,-12.94,0,0,0,0,,,,,0,0,F20K,RESEARCH_BASELINE
16870,17240,reclaim,-12.94,1,0,0,0,,,,,0,0,F20K,RESEARCH_BASELINE
16871,17241,redesign,-12.94,1,0,0,0,,,,,0,0,F20K,RESEARCH_BASELINE
16872,17242,redistribution,-12.94,1,0,0,0,,,,,0,0,F20K,RESEARCH_BASELINE
16873,17243,reliant,-12.94,1,0,0,0,,,,,0,0,F20K,RESEARCH_BASELINE
16874,17244,relocated,-12.94,0,0,0,0,,,,,0,0,F20K,RESEARCH_BASELINE
16875,17245,rematch,-12.94,1,0,0,0,,,,,0,0,F20K,RESEARCH_BASELINE
16876,17246,remnant,-12.94,1,1,1,0,,,,remnants,0,1,F20K,RESEARCH_BASELINE
16877,17247,repayment,-12.94,1,0,0,0,,,,,0,0,F20K,RESEARCH_BASELINE
16878,17248,repent,-12.94,1,0,0,0,,,,,0,0,F20K,RESEARCH_BASELINE
16879,17249,resent,-12.94,1,1,1,0,,,present,,0,1,F20K,RESEARCH_BASELINE
16880,17250,respectfully,-12.94,1,0,0,0,,,,,0,0,F20K,RESEARCH_BASELINE
16881,17251,rigging,-12.94,1,0,0,0,,,,,0,0,F20K,RESEARCH_BASELINE
16882,17252,rinse,-12.94,1,0,0,0,,,,,0,0,F20K,RESEARCH_BASELINE
16883,17253,robotics,-12.94,1,1,0,1,,robotic,,,1,0,F20K,RESEARCH_BASELINE
16884,17254,saloon,-12.94,1,0,0,0,,,,,0,0,F20K,RESEARCH_BASELINE
16885,17255,sar,-12.94,0,0,0,0,,,,,0,0,F20K,RESEARCH_BASELINE
16886,17256,saviour,-12.94,0,0,0,0,,,,,0,0,F20K,RESEARCH_BASELINE
16887,17257,savvy,-12.94,1,0,0,0,,,,,0,0,F20K,RESEARCH_BASELINE
16888,17258,seeker,-12.94,1,0,0,0,,,,,0,0,F20K,RESEARCH_BASELINE
16889,17259,seeming,-12.94,1,0,0,0,,,,,0,0,F20K,RESEARCH_BASELINE
16890,17260,segregated,-12.94,1,0,0,0,,,,,0,0,F20K,RESEARCH_BASELINE
16891,17261,selfies,-12.94,0,0,0,0,,,,,0,0,F20K,RESEARCH_BASELINE
16892,17262,semiconductor,-12.94,1,0,0,0,,,,,0,0,F20K,RESEARCH_BASELINE
16893,17263,sew,-12.94,1,0,0,0,,,,,0,0,F20K,RESEARCH_BASELINE
16894,17264,shameless,-12.94,1,0,0,0,,,,,0,0,F20K,RESEARCH_BASELINE
16895,17265,siding,-12.94,1,0,0,0,,,,,0,0,F20K,RESEARCH_BASELINE
16896,17266,slows,-12.94,1,1,0,1,lows,slow,,,2,0,F20K,RESEARCH_BASELINE
16897,17267,smear,-12.94,1,0,0,0,,,,,0,0,F20K,RESEARCH_BASELINE
16898,17268,snatched,-12.94,1,0,0,0,,,,,0,0,F20K,RESEARCH_BASELINE
16899,17269,sneaking,-12.94,1,0,0,0,,,,,0,0,F20K,RESEARCH_BASELINE
16900,17270,spacing,-12.94,1,0,0,0,,,,,0,0,F20K,RESEARCH_BASELINE
16901,17271,spaniards,-12.94,0,0,0,0,,,,,0,0,F20K,RESEARCH_BASELINE
16902,17272,specifies,-12.94,0,0,0,0,,,,,0,0,F20K,RESEARCH_BASELINE
16903,17273,squirrels,-12.94,0,0,0,0,,,,,0,0,F20K,RESEARCH_BASELINE
16904,17274,staffed,-12.94,1,0,0,0,,,,,0,0,F20K,RESEARCH_BASELINE
16905,17275,stalled,-12.94,0,0,0,0,,,,,0,0,F20K,RESEARCH_BASELINE
16906,17276,starr,-12.94,0,0,0,0,,,,,0,0,F20K,RESEARCH_BASELINE
16907,17278,suing,-12.94,1,0,0,0,,,,,0,0,F20K,RESEARCH_BASELINE
16908,17279,tentative,-12.94,1,0,0,0,,,,,0,0,F20K,RESEARCH_BASELINE
16909,17280,textures,-12.94,1,1,0,1,,texture,,,1,0,F20K,RESEARCH_BASELINE
16910,17281,ticking,-12.94,1,1,1,0,,,sticking,,0,1,F20K,RESEARCH_BASELINE
16911,17282,timor,-12.94,0,0,0,0,,,,,0,0,F20K,RESEARCH_BASELINE
16912,17283,toledo,-12.94,0,0,0,0,,,,,0,0,F20K,RESEARCH_BASELINE
16913,17284,torpedo,-12.94,1,0,0,0,,,,,0,0,F20K,RESEARCH_BASELINE
16914,17285,torso,-12.94,1,0,0,0,,,,,0,0,F20K,RESEARCH_BASELINE
16915,17286,triggering,-12.94,1,0,0,0,,,,,0,0,F20K,RESEARCH_BASELINE
16916,17287,tripoli,-12.94,0,0,0,0,,,,,0,0,F20K,RESEARCH_BASELINE
16917,17288,trooper,-12.94,1,1,1,0,,,,troopers,0,1,F20K,RESEARCH_BASELINE
16918,17289,unheard,-12.94,1,0,0,0,,,,,0,0,F20K,RESEARCH_BASELINE
16919,17290,untrue,-12.94,1,0,0,0,,,,,0,0,F20K,RESEARCH_BASELINE
16920,17291,uptake,-12.94,1,0,0,0,,,,,0,0,F20K,RESEARCH_BASELINE
16921,17292,vanish,-12.94,1,0,0,0,,,,,0,0,F20K,RESEARCH_BASELINE
16922,17293,vaughan,-12.94,0,0,0,0,,,,,0,0,F20K,RESEARCH_BASELINE
16923,17294,vicky,-12.94,0,0,0,0,,,,,0,0,F20K,RESEARCH_BASELINE
16924,17295,virgil,-12.94,0,0,0,0,,,,,0,0,F20K,RESEARCH_BASELINE
16925,17296,vitro,-12.94,0,0,0,0,,,,,0,0,F20K,RESEARCH_BASELINE
16926,17297,weaponry,-12.94,1,0,0,0,,,,,0,0,F20K,RESEARCH_BASELINE
16927,17298,wildcats,-12.94,1,0,0,0,,,,,0,0,F20K,RESEARCH_BASELINE
16928,17299,wiping,-12.94,1,0,0,0,,,,,0,0,F20K,RESEARCH_BASELINE
16929,17300,withdrawals,-12.94,1,1,0,1,,withdrawal,,,1,0,F20K,RESEARCH_BASELINE
16930,17301,wrestler,-12.94,1,1,0,1,,wrestle,,,1,0,F20K,RESEARCH_BASELINE
16931,17302,wrought,-12.94,1,0,0,0,,,,,0,0,F20K,RESEARCH_BASELINE
16932,17303,yer,-12.94,0,0,0,0,,,,,0,0,F20K,RESEARCH_BASELINE
16933,17304,zac,-12.94,0,0,0,0,,,,,0,0,F20K,RESEARCH_BASELINE
16934,17305,zebra,-12.94,1,0,0,0,,,,,0,0,F20K,RESEARCH_BASELINE
16935,17306,zoning,-12.94,1,0,0,0,,,,,0,0,F20K,RESEARCH_BASELINE
16936,17308,aca,-12.9654,0,0,0,0,,,,,0,0,F20K,RESEARCH_BASELINE
16937,17309,ache,-12.9654,1,1,1,0,,,cache,,0,1,F20K,RESEARCH_BASELINE
16938,17310,acquires,-12.9654,1,1,0,1,,acquire,,,1,0,F20K,RESEARCH_BASELINE
16939,17311,acronym,-12.9654,1,0,0,0,,,,,0,0,F20K,RESEARCH_BASELINE
16940,17312,acrylic,-12.9654,1,0,0,0,,,,,0,0,F20K,RESEARCH_BASELINE
16941,17313,admiralty,-12.9654,1,0,0,0,,,,,0,0,F20K,RESEARCH_BASELINE
16942,17314,adolescence,-12.9654,1,0,0,0,,,,,0,0,F20K,RESEARCH_BASELINE
16943,17315,advantageous,-12.9654,1,0,0,0,,,,,0,0,F20K,RESEARCH_BASELINE
16944,17316,airbus,-12.9654,0,0,0,0,,,,,0,0,F20K,RESEARCH_BASELINE
16945,17317,angrily,-12.9654,1,0,0,0,,,,,0,0,F20K,RESEARCH_BASELINE
16946,17318,antiques,-12.9654,1,1,0,1,,antique,,,1,0,F20K,RESEARCH_BASELINE
16947,17319,asserting,-12.9654,0,0,0,0,,,,,0,0,F20K,RESEARCH_BASELINE
16948,17320,attachments,-12.9654,1,1,0,1,,attachment,,,1,0,F20K,RESEARCH_BASELINE
16949,17321,baird,-12.9654,0,0,0,0,,,,,0,0,F20K,RESEARCH_BASELINE
16950,17322,banter,-12.9654,1,0,0,0,,,,,0,0,F20K,RESEARCH_BASELINE
16951,17323,barnett,-12.9654,0,0,0,0,,,,,0,0,F20K,RESEARCH_BASELINE
16952,17324,baroness,-12.9654,0,0,0,0,,,,,0,0,F20K,RESEARCH_BASELINE
16953,17325,basilica,-12.9654,0,0,0,0,,,,,0,0,F20K,RESEARCH_BASELINE
16954,17326,batsman,-12.9654,1,0,0,0,,,,,0,0,F20K,RESEARCH_BASELINE
16955,17327,benchmarks,-12.9654,0,0,0,0,,,,,0,0,F20K,RESEARCH_BASELINE
16956,17328,benefiting,-12.9654,0,0,0,0,,,,,0,0,F20K,RESEARCH_BASELINE
16957,17329,birthdays,-12.9654,0,0,0,0,,,,,0,0,F20K,RESEARCH_BASELINE
16958,17330,blasts,-12.9654,1,1,0,1,lasts,blast,,,2,0,F20K,RESEARCH_BASELINE
16959,17331,bloodshed,-12.9654,1,0,0,0,,,,,0,0,F20K,RESEARCH_BASELINE
16960,17332,bmi,-12.9654,0,0,0,0,,,,,0,0,F20K,RESEARCH_BASELINE
16961,17333,bodyguard,-12.9654,1,0,0,0,,,,,0,0,F20K,RESEARCH_BASELINE
16962,17334,bombardment,-12.9654,1,0,0,0,,,,,0,0,F20K,RESEARCH_BASELINE
16963,17335,breakers,-12.9654,0,0,0,0,,,,,0,0,F20K,RESEARCH_BASELINE
16964,17336,bribery,-12.9654,1,0,0,0,,,,,0,0,F20K,RESEARCH_BASELINE
16965,17337,bridget,-12.9654,0,0,0,0,,,,,0,0,F20K,RESEARCH_BASELINE
16966,17338,brigades,-12.9654,1,1,0,1,,brigade,,,1,0,F20K,RESEARCH_BASELINE
16967,17339,brilliance,-12.9654,1,0,0,0,,,,,0,0,F20K,RESEARCH_BASELINE
16968,17340,browne,-12.9654,0,0,0,0,,,,,0,0,F20K,RESEARCH_BASELINE
16969,17341,browning,-12.9654,1,0,0,0,,,,,0,0,F20K,RESEARCH_BASELINE
16970,17343,burnley,-12.9654,0,0,0,0,,,,,0,0,F20K,RESEARCH_BASELINE
16971,17344,cactus,-12.9654,1,0,0,0,,,,,0,0,F20K,RESEARCH_BASELINE
16972,17345,cara,-12.9654,0,0,0,0,,,,,0,0,F20K,RESEARCH_BASELINE
16973,17346,carpets,-12.9654,1,1,0,1,,carpet,,,1,0,F20K,RESEARCH_BASELINE
16974,17347,celtics,-12.9654,0,0,0,0,,,,,0,0,F20K,RESEARCH_BASELINE
16975,17348,checkpoint,-12.9654,1,0,0,0,,,,,0,0,F20K,RESEARCH_BASELINE
16976,17349,cheshire,-12.9654,0,0,0,0,,,,,0,0,F20K,RESEARCH_BASELINE
16977,17350,chopper,-12.9654,1,0,0,0,,,,,0,0,F20K,RESEARCH_BASELINE
16978,17351,chronological,-12.9654,1,0,0,0,,,,,0,0,F20K,RESEARCH_BASELINE
16979,17352,cleanse,-12.9654,1,0,0,0,,,,,0,0,F20K,RESEARCH_BASELINE
16980,17353,clerks,-12.9654,1,1,0,1,,clerk,,,1,0,F20K,RESEARCH_BASELINE
16981,17354,climates,-12.9654,1,1,0,1,,climate,,,1,0,F20K,RESEARCH_BASELINE
16982,17355,clueless,-12.9654,1,0,0,0,,,,,0,0,F20K,RESEARCH_BASELINE
16983,17356,cms,-12.9654,0,0,0,0,,,,,0,0,F20K,RESEARCH_BASELINE
16984,17357,coined,-12.9654,1,0,0,0,,,,,0,0,F20K,RESEARCH_BASELINE
16985,17358,collaborations,-12.9654,1,1,0,1,,collaboration,,,1,0,F20K,RESEARCH_BASELINE
16986,17359,colossal,-12.9654,1,0,0,0,,,,,0,0,F20K,RESEARCH_BASELINE
16987,17360,commodore,-12.9654,1,0,0,0,,,,,0,0,F20K,RESEARCH_BASELINE
16988,17361,conclusive,-12.9654,1,0,0,0,,,,,0,0,F20K,RESEARCH_BASELINE
16989,17362,conducive,-12.9654,1,0,0,0,,,,,0,0,F20K,RESEARCH_BASELINE
16990,17363,congregations,-12.9654,1,1,0,1,,congregation,,,1,0,F20K,RESEARCH_BASELINE
16991,17364,consultancy,-12.9654,0,0,0,0,,,,,0,0,F20K,RESEARCH_BASELINE
16992,17365,contemplated,-12.9654,1,1,0,1,,contemplate,,,1,0,F20K,RESEARCH_BASELINE
16993,17366,corrective,-12.9654,1,0,0,0,,,,,0,0,F20K,RESEARCH_BASELINE
16994,17367,cosmopolitan,-12.9654,1,0,0,0,,,,,0,0,F20K,RESEARCH_BASELINE
16995,17368,culprit,-12.9654,1,0,0,0,,,,,0,0,F20K,RESEARCH_BASELINE
16996,17369,cw,-12.9654,0,0,0,0,,,,,0,0,F20K,RESEARCH_BASELINE
16997,17370,decor,-12.9654,1,0,0,0,,,,,0,0,F20K,RESEARCH_BASELINE
16998,17371,deem,-12.9654,0,0,0,0,,,,,0,0,F20K,RESEARCH_BASELINE
16999,17372,delaying,-12.9654,1,0,0,0,,,,,0,0,F20K,RESEARCH_BASELINE
17000,17373,delusion,-12.9654,1,1,1,0,,,,delusions,0,1,F20K,RESEARCH_BASELINE
17001,17374,delusional,-12.9654,1,0,0,0,,,,,0,0,F20K,RESEARCH_BASELINE
17002,17375,denomination,-12.9654,1,0,0,0,,,,,0,0,F20K,RESEARCH_BASELINE
17003,17376,directional,-12.9654,1,0,0,0,,,,,0,0,F20K,RESEARCH_BASELINE
17004,17377,discard,-12.9654,1,0,0,0,,,,,0,0,F20K,RESEARCH_BASELINE
17005,17378,discrepancy,-12.9654,1,0,0,0,,,,,0,0,F20K,RESEARCH_BASELINE
17006,17379,distinctions,-12.9654,0,0,0,0,,,,,0,0,F20K,RESEARCH_BASELINE
17007,17380,distractions,-12.9654,1,1,0,1,,distraction,,,1,0,F20K,RESEARCH_BASELINE
17008,17381,divisional,-12.9654,1,0,0,0,,,,,0,0,F20K,RESEARCH_BASELINE
17009,17382,dominique,-12.9654,0,0,0,0,,,,,0,0,F20K,RESEARCH_BASELINE
17010,17383,donuts,-12.9654,1,0,0,0,,,,,0,0,F20K,RESEARCH_BASELINE
17011,17384,drawers,-12.9654,1,1,0,1,,drawer,,,1,0,F20K,RESEARCH_BASELINE
17012,17385,eduardo,-12.9654,0,0,0,0,,,,,0,0,F20K,RESEARCH_BASELINE
17013,17386,elevators,-12.9654,1,1,0,1,,elevator,,,1,0,F20K,RESEARCH_BASELINE
17014,17387,elton,-12.9654,0,0,0,0,,,,,0,0,F20K,RESEARCH_BASELINE
17015,17388,emailed,-12.9654,0,0,0,0,,,,,0,0,F20K,RESEARCH_BASELINE
17016,17389,embodied,-12.9654,0,0,0,0,,,,,0,0,F20K,RESEARCH_BASELINE
17017,17390,ems,-12.9654,0,0,0,0,,,,,0,0,F20K,RESEARCH_BASELINE
17018,17391,ensued,-12.9654,0,0,0,0,,,,,0,0,F20K,RESEARCH_BASELINE
17019,17392,entertainer,-12.9654,1,0,0,0,,,,,0,0,F20K,RESEARCH_BASELINE
17020,17393,evade,-12.9654,1,0,0,0,,,,,0,0,F20K,RESEARCH_BASELINE
17021,17394,excludes,-12.9654,1,1,0,1,,exclude,,,1,0,F20K,RESEARCH_BASELINE
17022,17395,exhaustive,-12.9654,1,0,0,0,,,,,0,0,F20K,RESEARCH_BASELINE
17023,17396,explanatory,-12.9654,1,0,0,0,,,,,0,0,F20K,RESEARCH_BASELINE
17024,17397,expressive,-12.9654,1,0,0,0,,,,,0,0,F20K,RESEARCH_BASELINE
17025,17398,fag,-12.9654,0,0,0,0,,,,,0,0,F20K,RESEARCH_BASELINE
17026,17399,farmland,-12.9654,1,0,0,0,,,,,0,0,F20K,RESEARCH_BASELINE
17027,17400,feeder,-12.9654,1,0,0,0,,,,,0,0,F20K,RESEARCH_BASELINE
17028,17401,ferris,-12.9654,0,0,0,0,,,,,0,0,F20K,RESEARCH_BASELINE
17029,17402,fleets,-12.9654,1,1,0,1,,fleet,,,1,0,F20K,RESEARCH_BASELINE
17030,17403,flirt,-12.9654,1,0,0,0,,,,,0,0,F20K,RESEARCH_BASELINE
17031,17404,fodder,-12.9654,1,0,0,0,,,,,0,0,F20K,RESEARCH_BASELINE
17032,17405,forks,-12.9654,1,1,0,1,,fork,,,1,0,F20K,RESEARCH_BASELINE
17033,17406,fourteenth,-12.9654,1,0,0,0,,,,,0,0,F20K,RESEARCH_BASELINE
17034,17407,freaky,-12.9654,1,1,0,1,,freak,,,1,0,F20K,RESEARCH_BASELINE
17035,17408,fumes,-12.9654,1,0,0,0,,,,,0,0,F20K,RESEARCH_BASELINE
17036,17409,funnier,-12.9654,0,0,0,0,,,,,0,0,F20K,RESEARCH_BASELINE
17037,17410,furry,-12.9654,1,0,0,0,,,,,0,0,F20K,RESEARCH_BASELINE
17038,17411,gadget,-12.9654,1,1,1,0,,,,gadgets,0,1,F20K,RESEARCH_BASELINE
17039,17412,gao,-12.9654,0,0,0,0,,,,,0,0,F20K,RESEARCH_BASELINE
17040,17413,genie,-12.9654,1,0,0,0,,,,,0,0,F20K,RESEARCH_BASELINE
17041,17414,gland,-12.9654,1,1,1,1,land,,,glands,1,1,F20K,RESEARCH_BASELINE
17042,17415,gloomy,-12.9654,1,1,0,1,,gloom,,,1,0,F20K,RESEARCH_BASELINE
17043,17416,glued,-12.9654,1,1,0,1,,glue,,,1,0,F20K,RESEARCH_BASELINE
17044,17417,gujarat,-12.9654,0,0,0,0,,,,,0,0,F20K,RESEARCH_BASELINE
17045,17418,gymnastics,-12.9654,1,0,0,0,,,,,0,0,F20K,RESEARCH_BASELINE
17046,17419,heinrich,-12.9654,0,0,0,0,,,,,0,0,F20K,RESEARCH_BASELINE
17047,17420,hiatus,-12.9654,1,0,0,0,,,,,0,0,F20K,RESEARCH_BASELINE
17048,17421,hobart,-12.9654,0,0,0,0,,,,,0,0,F20K,RESEARCH_BASELINE
17049,17422,homelessness,-12.9654,1,0,0,0,,,,,0,0,F20K,RESEARCH_BASELINE
17050,17423,hoo,-12.9654,0,0,0,0,,,,,0,0,F20K,RESEARCH_BASELINE
17051,17424,hoop,-12.9654,1,1,1,0,,,,hoops,0,1,F20K,RESEARCH_BASELINE
17052,17425,horsepower,-12.9654,1,0,0,0,,,,,0,0,F20K,RESEARCH_BASELINE
17053,17426,hotline,-12.9654,1,0,0,0,,,,,0,0,F20K,RESEARCH_BASELINE
17054,17427,housewife,-12.9654,1,0,0,0,,,,,0,0,F20K,RESEARCH_BASELINE
17055,17428,hovering,-12.9654,1,0,0,0,,,,,0,0,F20K,RESEARCH_BASELINE
17056,17429,hubert,-12.9654,0,0,0,0,,,,,0,0,F20K,RESEARCH_BASELINE
17057,17430,hugged,-12.9654,0,0,0,0,,,,,0,0,F20K,RESEARCH_BASELINE
17058,17431,hutchinson,-12.9654,0,0,0,0,,,,,0,0,F20K,RESEARCH_BASELINE
17059,17432,imaginative,-12.9654,1,0,0,0,,,,,0,0,F20K,RESEARCH_BASELINE
17060,17433,inaccessible,-12.9654,1,0,0,0,,,,,0,0,F20K,RESEARCH_BASELINE
17061,17434,independents,-12.9654,0,0,0,0,,,,,0,0,F20K,RESEARCH_BASELINE
17062,17435,infancy,-12.9654,1,0,0,0,,,,,0,0,F20K,RESEARCH_BASELINE
17063,17436,intellectually,-12.9654,1,0,0,0,,,,,0,0,F20K,RESEARCH_BASELINE
17064,17437,intra,-12.9654,0,0,0,0,,,,,0,0,F20K,RESEARCH_BASELINE
17065,17438,joys,-12.9654,1,1,0,1,,joy,,,1,0,F20K,RESEARCH_BASELINE
17066,17439,julien,-12.9654,0,0,0,0,,,,,0,0,F20K,RESEARCH_BASELINE
17067,17440,kaplan,-12.9654,0,0,0,0,,,,,0,0,F20K,RESEARCH_BASELINE
17068,17441,karaoke,-12.9654,1,0,0,0,,,,,0,0,F20K,RESEARCH_BASELINE
17069,17442,lars,-12.9654,0,0,0,0,,,,,0,0,F20K,RESEARCH_BASELINE
17070,17443,layered,-12.9654,1,0,0,0,,,,,0,0,F20K,RESEARCH_BASELINE
17071,17444,lc,-12.9654,0,0,0,0,,,,,0,0,F20K,RESEARCH_BASELINE
17072,17445,loot,-12.9654,1,0,0,0,,,,,0,0,F20K,RESEARCH_BASELINE
17073,17446,luca,-12.9654,0,0,0,0,,,,,0,0,F20K,RESEARCH_BASELINE
17074,17447,magnum,-12.9654,0,0,0,0,,,,,0,0,F20K,RESEARCH_BASELINE
17075,17448,mana,-12.9654,0,0,0,0,,,,,0,0,F20K,RESEARCH_BASELINE
17076,17449,manure,-12.9654,1,0,0,0,,,,,0,0,F20K,RESEARCH_BASELINE
17077,17450,measurable,-12.9654,1,0,0,0,,,,,0,0,F20K,RESEARCH_BASELINE
17078,17451,michaels,-12.9654,0,0,0,0,,,,,0,0,F20K,RESEARCH_BASELINE
17079,17452,misty,-12.9654,1,1,0,1,,mist,,,1,0,F20K,RESEARCH_BASELINE
17080,17453,moderator,-12.9654,1,0,0,0,,,,,0,0,F20K,RESEARCH_BASELINE
17081,17454,nielsen,-12.9654,0,0,0,0,,,,,0,0,F20K,RESEARCH_BASELINE
17082,17455,nitrate,-12.9654,0,0,0,0,,,,,0,0,F20K,RESEARCH_BASELINE
17083,17456,noir,-12.9654,0,0,0,0,,,,,0,0,F20K,RESEARCH_BASELINE
17084,17457,nostalgic,-12.9654,1,0,0,0,,,,,0,0,F20K,RESEARCH_BASELINE
17085,17458,observes,-12.9654,1,1,0,1,,observe,,,1,0,F20K,RESEARCH_BASELINE
17086,17459,od,-12.9654,0,0,0,0,,,,,0,0,F20K,RESEARCH_BASELINE
17087,17460,odor,-12.9654,1,0,0,0,,,,,0,0,F20K,RESEARCH_BASELINE
17088,17461,opposes,-12.9654,1,1,0,1,,oppose,,,1,0,F20K,RESEARCH_BASELINE
17089,17462,ornamental,-12.9654,1,0,0,0,,,,,0,0,F20K,RESEARCH_BASELINE
17090,17463,otis,-12.9654,0,0,0,0,,,,,0,0,F20K,RESEARCH_BASELINE
17091,17464,outing,-12.9654,1,1,1,0,,,routing,,0,1,F20K,RESEARCH_BASELINE
17092,17465,outsourcing,-12.9654,0,0,0,0,,,,,0,0,F20K,RESEARCH_BASELINE
17093,17466,pandora,-12.9654,0,0,0,0,,,,,0,0,F20K,RESEARCH_BASELINE
17094,17467,parry,-12.9654,1,0,0,0,,,,,0,0,F20K,RESEARCH_BASELINE
17095,17468,participates,-12.9654,0,0,0,0,,,,,0,0,F20K,RESEARCH_BASELINE
17096,17469,peacekeeping,-12.9654,1,0,0,0,,,,,0,0,F20K,RESEARCH_BASELINE
17097,17470,pebble,-12.9654,1,0,0,0,,,,,0,0,F20K,RESEARCH_BASELINE
17098,17471,peril,-12.9654,1,0,0,0,,,,,0,0,F20K,RESEARCH_BASELINE
17099,17472,pervasive,-12.9654,1,0,0,0,,,,,0,0,F20K,RESEARCH_BASELINE
17100,17473,pickle,-12.9654,1,1,1,0,,,,pickles,0,1,F20K,RESEARCH_BASELINE
17101,17474,pivot,-12.9654,1,0,0,0,,,,,0,0,F20K,RESEARCH_BASELINE
17102,17475,playwright,-12.9654,1,0,0,0,,,,,0,0,F20K,RESEARCH_BASELINE
17103,17476,portfolios,-12.9654,0,0,0,0,,,,,0,0,F20K,RESEARCH_BASELINE
17104,17477,proclaim,-12.9654,1,0,0,0,,,,,0,0,F20K,RESEARCH_BASELINE
17105,17478,propagation,-12.9654,1,0,0,0,,,,,0,0,F20K,RESEARCH_BASELINE
17106,17479,psyche,-12.9654,1,1,0,1,,psych,,,1,0,F20K,RESEARCH_BASELINE
17107,17480,psychologically,-12.9654,1,0,0,0,,,,,0,0,F20K,RESEARCH_BASELINE
17108,17481,pyramids,-12.9654,1,1,0,1,,pyramid,,,1,0,F20K,RESEARCH_BASELINE
17109,17482,qualifier,-12.9654,1,0,0,0,,,,,0,0,F20K,RESEARCH_BASELINE
17110,17483,qualifies,-12.9654,0,0,0,0,,,,,0,0,F20K,RESEARCH_BASELINE
17111,17484,ramon,-12.9654,0,0,0,0,,,,,0,0,F20K,RESEARCH_BASELINE
17112,17485,rector,-12.9654,0,0,0,0,,,,,0,0,F20K,RESEARCH_BASELINE
17113,17486,recurrent,-12.9654,1,0,0,0,,,,,0,0,F20K,RESEARCH_BASELINE
17114,17487,redundancy,-12.9654,1,0,0,0,,,,,0,0,F20K,RESEARCH_BASELINE
17115,17488,reefs,-12.9654,1,1,0,1,,reef,,,1,0,F20K,RESEARCH_BASELINE
17116,17489,regulars,-12.9654,1,1,0,1,,regular,,,1,0,F20K,RESEARCH_BASELINE
17117,17490,relic,-12.9654,1,1,1,0,,,,relics,0,1,F20K,RESEARCH_BASELINE
17118,17491,rendition,-12.9654,1,0,0,0,,,,,0,0,F20K,RESEARCH_BASELINE
17119,17492,republics,-12.9654,0,0,0,0,,,,,0,0,F20K,RESEARCH_BASELINE
17120,17493,reversing,-12.9654,1,0,0,0,,,,,0,0,F20K,RESEARCH_BASELINE
17121,17494,richness,-12.9654,1,0,0,0,,,,,0,0,F20K,RESEARCH_BASELINE
17122,17495,ridicule,-12.9654,1,0,0,0,,,,,0,0,F20K,RESEARCH_BASELINE
17123,17496,risked,-12.9654,1,0,0,0,,,,,0,0,F20K,RESEARCH_BASELINE
17124,17497,roadside,-12.9654,1,0,0,0,,,,,0,0,F20K,RESEARCH_BASELINE
17125,17498,rosen,-12.9654,0,0,0,0,,,,,0,0,F20K,RESEARCH_BASELINE
17126,17499,rpg,-12.9654,0,0,0,0,,,,,0,0,F20K,RESEARCH_BASELINE
17127,17501,sainte,-12.9654,0,0,0,0,,,,,0,0,F20K,RESEARCH_BASELINE
17128,17502,schoolboy,-12.9654,1,0,0,0,,,,,0,0,F20K,RESEARCH_BASELINE
17129,17503,sclerosis,-12.9654,0,0,0,0,,,,,0,0,F20K,RESEARCH_BASELINE
17130,17504,semantic,-12.9654,1,1,1,0,,,,semantics,0,1,F20K,RESEARCH_BASELINE
17131,17505,semitism,-12.9654,0,0,0,0,,,,,0,0,F20K,RESEARCH_BASELINE
17132,17506,settles,-12.9654,1,1,0,1,,settle,,,1,0,F20K,RESEARCH_BASELINE
17133,17507,seventeenth,-12.9654,1,0,0,0,,,,,0,0,F20K,RESEARCH_BASELINE
17134,17508,seville,-12.9654,0,0,0,0,,,,,0,0,F20K,RESEARCH_BASELINE
17135,17509,sharma,-12.9654,0,0,0,0,,,,,0,0,F20K,RESEARCH_BASELINE
17136,17510,shear,-12.9654,1,1,0,1,hear,,,,1,0,F20K,RESEARCH_BASELINE
17137,17511,silicone,-12.9654,1,1,0,1,,silicon,,,1,0,F20K,RESEARCH_BASELINE
17138,17512,sire,-12.9654,1,1,1,1,,sir,,siren,1,1,F20K,RESEARCH_BASELINE
17139,17513,sleeper,-12.9654,1,0,0,0,,,,,0,0,F20K,RESEARCH_BASELINE
17140,17514,slovenian,-12.9654,0,0,0,0,,,,,0,0,F20K,RESEARCH_BASELINE
17141,17515,smoker,-12.9654,1,1,1,1,,smoke,,smokers,1,1,F20K,RESEARCH_BASELINE
17142,17516,sniff,-12.9654,1,0,0,0,,,,,0,0,F20K,RESEARCH_BASELINE
17143,17517,soaking,-12.9654,1,0,0,0,,,,,0,0,F20K,RESEARCH_BASELINE
17144,17518,soluble,-12.9654,1,0,0,0,,,,,0,0,F20K,RESEARCH_BASELINE
17145,17519,soooo,-12.9654,0,0,0,0,,,,,0,0,F20K,RESEARCH_BASELINE
17146,17520,spaced,-12.9654,1,1,0,1,paced,space,,,2,0,F20K,RESEARCH_BASELINE
17147,17521,spawning,-12.9654,1,0,0,0,,,,,0,0,F20K,RESEARCH_BASELINE
17148,17522,sporadic,-12.9654,1,0,0,0,,,,,0,0,F20K,RESEARCH_BASELINE
17149,17523,sprinkle,-12.9654,1,0,0,0,,,,,0,0,F20K,RESEARCH_BASELINE
17150,17524,stamford,-12.9654,0,0,0,0,,,,,0,0,F20K,RESEARCH_BASELINE
17151,17525,statewide,-12.9654,1,0,0,0,,,,,0,0,F20K,RESEARCH_BASELINE
17152,17526,stemming,-12.9654,1,0,0,0,,,,,0,0,F20K,RESEARCH_BASELINE
17153,17527,stoked,-12.9654,0,0,0,0,,,,,0,0,F20K,RESEARCH_BASELINE
17154,17528,stumble,-12.9654,1,1,1,1,tumble,,,stumbled,1,1,F20K,RESEARCH_BASELINE
17155,17529,subconscious,-12.9654,1,0,0,0,,,,,0,0,F20K,RESEARCH_BASELINE
17156,17530,supervise,-12.9654,1,0,0,0,,,,,0,0,F20K,RESEARCH_BASELINE
17157,17531,swimmer,-12.9654,1,1,1,0,,,,swimmers,0,1,F20K,RESEARCH_BASELINE
17158,17533,talbot,-12.9654,0,0,0,0,,,,,0,0,F20K,RESEARCH_BASELINE
17159,17534,tanya,-12.9654,0,0,0,0,,,,,0,0,F20K,RESEARCH_BASELINE
17160,17535,tattooed,-12.9654,1,0,0,0,,,,,0,0,F20K,RESEARCH_BASELINE
17161,17536,texted,-12.9654,0,0,0,0,,,,,0,0,F20K,RESEARCH_BASELINE
17162,17537,thematic,-12.9654,1,0,0,0,,,,,0,0,F20K,RESEARCH_BASELINE
17163,17538,tricked,-12.9654,1,0,0,0,,,,,0,0,F20K,RESEARCH_BASELINE
17164,17539,trunks,-12.9654,1,1,0,1,,trunk,,,1,0,F20K,RESEARCH_BASELINE
17165,17540,tucson,-12.9654,0,0,0,0,,,,,0,0,F20K,RESEARCH_BASELINE
17166,17541,ubiquitous,-12.9654,0,0,0,0,,,,,0,0,F20K,RESEARCH_BASELINE
17167,17542,uncles,-12.9654,1,1,0,1,,uncle,,,1,0,F20K,RESEARCH_BASELINE
17168,17543,unfold,-12.9654,1,0,0,0,,,,,0,0,F20K,RESEARCH_BASELINE
17169,17544,unresolved,-12.9654,1,0,0,0,,,,,0,0,F20K,RESEARCH_BASELINE
17170,17545,upton,-12.9654,0,0,0,0,,,,,0,0,F20K,RESEARCH_BASELINE
17171,17546,uterus,-12.9654,1,0,0,0,,,,,0,0,F20K,RESEARCH_BASELINE
17172,17547,verde,-12.9654,0,0,0,0,,,,,0,0,F20K,RESEARCH_BASELINE
17173,17548,vin,-12.9654,0,0,0,0,,,,,0,0,F20K,RESEARCH_BASELINE
17174,17549,visibly,-12.9654,1,0,0,0,,,,,0,0,F20K,RESEARCH_BASELINE
17175,17550,vivian,-12.9654,0,0,0,0,,,,,0,0,F20K,RESEARCH_BASELINE
17176,17551,vowed,-12.9654,1,1,0,1,owed,,,,1,0,F20K,RESEARCH_BASELINE
17177,17552,vowel,-12.9654,1,0,0,0,,,,,0,0,F20K,RESEARCH_BASELINE
17178,17553,vt,-12.9654,0,0,0,0,,,,,0,0,F20K,RESEARCH_BASELINE
17179,17554,vw,-12.9654,0,0,0,0,,,,,0,0,F20K,RESEARCH_BASELINE
17180,17555,whack,-12.9654,1,1,0,1,hack,,,,1,0,F20K,RESEARCH_BASELINE
17181,17556,widows,-12.9654,1,1,0,1,,widow,,,1,0,F20K,RESEARCH_BASELINE
17182,17557,wolfgang,-12.9654,0,0,0,0,,,,,0,0,F20K,RESEARCH_BASELINE
17183,17558,wolverine,-12.9654,1,0,0,0,,,,,0,0,F20K,RESEARCH_BASELINE
17184,17559,worldly,-12.9654,1,0,0,0,,,,,0,0,F20K,RESEARCH_BASELINE
17185,17560,wretched,-12.9654,1,0,0,0,,,,,0,0,F20K,RESEARCH_BASELINE
17186,17562,administrations,-12.987,1,1,0,1,,administration,,,1,0,F20K,RESEARCH_BASELINE
17187,17563,afar,-12.987,1,1,0,1,far,,,,1,0,F20K,RESEARCH_BASELINE
17188,17564,afp,-12.987,0,0,0,0,,,,,0,0,F20K,RESEARCH_BASELINE
17189,17565,agile,-12.987,1,0,0,0,,,,,0,0,F20K,RESEARCH_BASELINE
17190,17566,ames,-12.987,0,0,0,0,,,,,0,0,F20K,RESEARCH_BASELINE
17191,17567,annals,-12.987,1,0,0,0,,,,,0,0,F20K,RESEARCH_BASELINE
17192,17568,antitrust,-12.987,1,0,0,0,,,,,0,0,F20K,RESEARCH_BASELINE
17193,17569,aromatic,-12.987,1,0,0,0,,,,,0,0,F20K,RESEARCH_BASELINE
17194,17570,assurances,-12.987,0,0,0,0,,,,,0,0,F20K,RESEARCH_BASELINE
17195,17571,attendants,-12.987,1,1,0,1,,attendant,,,1,0,F20K,RESEARCH_BASELINE
17196,17572,avon,-12.987,0,0,0,0,,,,,0,0,F20K,RESEARCH_BASELINE
17197,17573,awarding,-12.987,0,0,0,0,,,,,0,0,F20K,RESEARCH_BASELINE
17198,17574,ax,-12.987,1,1,1,1,,a,tax;max;wax;fax;lax,axe,1,6,F20K,RESEARCH_BASELINE
17199,17575,basins,-12.987,1,1,0,1,,basin,,,1,0,F20K,RESEARCH_BASELINE
17200,17576,beauties,-12.987,1,0,0,0,,,,,0,0,F20K,RESEARCH_BASELINE
17201,17577,berger,-12.987,0,0,0,0,,,,,0,0,F20K,RESEARCH_BASELINE
17202,17578,bianca,-12.987,0,0,0,0,,,,,0,0,F20K,RESEARCH_BASELINE
17203,17579,biologist,-12.987,1,1,1,0,,,,biologists,0,1,F20K,RESEARCH_BASELINE
17204,17580,biomass,-12.987,1,0,0,0,,,,,0,0,F20K,RESEARCH_BASELINE
17205,17581,bl,-12.987,0,0,0,0,,,,,0,0,F20K,RESEARCH_BASELINE
17206,17582,blackmail,-12.987,1,0,0,0,,,,,0,0,F20K,RESEARCH_BASELINE
17207,17583,blackpool,-12.987,0,0,0,0,,,,,0,0,F20K,RESEARCH_BASELINE
17208,17584,blooded,-12.987,1,0,0,0,,,,,0,0,F20K,RESEARCH_BASELINE
17209,17585,bnp,-12.987,0,0,0,0,,,,,0,0,F20K,RESEARCH_BASELINE
17210,17586,bono,-12.987,0,0,0,0,,,,,0,0,F20K,RESEARCH_BASELINE
17211,17587,boob,-12.987,0,0,0,0,,,,,0,0,F20K,RESEARCH_BASELINE
17212,17588,booming,-12.987,1,0,0,0,,,,,0,0,F20K,RESEARCH_BASELINE
17213,17589,bouquet,-12.987,1,0,0,0,,,,,0,0,F20K,RESEARCH_BASELINE
17214,17590,britney,-12.987,0,0,0,0,,,,,0,0,F20K,RESEARCH_BASELINE
17215,17591,busting,-12.987,1,0,0,0,,,,,0,0,F20K,RESEARCH_BASELINE
17216,17592,calibration,-12.987,1,0,0,0,,,,,0,0,F20K,RESEARCH_BASELINE
17217,17593,cameo,-12.987,1,1,0,1,,came,,,1,0,F20K,RESEARCH_BASELINE
17218,17594,candid,-12.987,1,0,0,0,,,,,0,0,F20K,RESEARCH_BASELINE
17219,17595,caracas,-12.987,0,0,0,0,,,,,0,0,F20K,RESEARCH_BASELINE
17220,17596,cardio,-12.987,0,0,0,0,,,,,0,0,F20K,RESEARCH_BASELINE
17221,17597,carve,-12.987,1,1,1,0,,,,carved;carver,0,2,F20K,RESEARCH_BASELINE
17222,17598,cashier,-12.987,1,0,0,0,,,,,0,0,F20K,RESEARCH_BASELINE
17223,17599,caucasian,-12.987,0,0,0,0,,,,,0,0,F20K,RESEARCH_BASELINE
17224,17600,checkout,-12.987,1,0,0,0,,,,,0,0,F20K,RESEARCH_BASELINE
17225,17601,chubby,-12.987,1,0,0,0,,,,,0,0,F20K,RESEARCH_BASELINE
17226,17602,clerical,-12.987,1,0,0,0,,,,,0,0,F20K,RESEARCH_BASELINE
17227,17603,clinically,-12.987,1,0,0,0,,,,,0,0,F20K,RESEARCH_BASELINE
17228,17604,cocky,-12.987,1,1,0,1,,cock,,,1,0,F20K,RESEARCH_BASELINE
17229,17605,coercion,-12.987,1,0,0,0,,,,,0,0,F20K,RESEARCH_BASELINE
17230,17606,colbert,-12.987,0,0,0,0,,,,,0,0,F20K,RESEARCH_BASELINE
17231,17607,composing,-12.987,1,0,0,0,,,,,0,0,F20K,RESEARCH_BASELINE
17232,17608,concerted,-12.987,0,0,0,0,,,,,0,0,F20K,RESEARCH_BASELINE
17233,17609,cones,-12.987,1,1,0,1,ones,cone,,,2,0,F20K,RESEARCH_BASELINE
17234,17610,conjecture,-12.987,1,0,0,0,,,,,0,0,F20K,RESEARCH_BASELINE
17235,17611,conserve,-12.987,1,0,0,0,,,,,0,0,F20K,RESEARCH_BASELINE
17236,17612,constellation,-12.987,1,0,0,0,,,,,0,0,F20K,RESEARCH_BASELINE
17237,17613,consular,-12.987,0,0,0,0,,,,,0,0,F20K,RESEARCH_BASELINE
17238,17614,consultations,-12.987,1,1,0,1,,consultation,,,1,0,F20K,RESEARCH_BASELINE
17239,17615,counsellor,-12.987,1,0,0,0,,,,,0,0,F20K,RESEARCH_BASELINE
17240,17616,crete,-12.987,0,0,0,0,,,,,0,0,F20K,RESEARCH_BASELINE
17241,17617,crusaders,-12.987,0,0,0,0,,,,,0,0,F20K,RESEARCH_BASELINE
17242,17618,cupboard,-12.987,1,0,0,0,,,,,0,0,F20K,RESEARCH_BASELINE
17243,17619,curls,-12.987,1,1,0,1,,curl,,,1,0,F20K,RESEARCH_BASELINE
17244,17620,dashboard,-12.987,1,0,0,0,,,,,0,0,F20K,RESEARCH_BASELINE
17245,17621,denominations,-12.987,0,0,0,0,,,,,0,0,F20K,RESEARCH_BASELINE
17246,17622,departures,-12.987,1,1,0,1,,departure,,,1,0,F20K,RESEARCH_BASELINE
17247,17623,deteriorating,-12.987,1,0,0,0,,,,,0,0,F20K,RESEARCH_BASELINE
17248,17624,devastation,-12.987,1,0,0,0,,,,,0,0,F20K,RESEARCH_BASELINE
17249,17625,dickinson,-12.987,0,0,0,0,,,,,0,0,F20K,RESEARCH_BASELINE
17250,17626,differed,-12.987,0,0,0,0,,,,,0,0,F20K,RESEARCH_BASELINE
17251,17627,disqualified,-12.987,0,0,0,0,,,,,0,0,F20K,RESEARCH_BASELINE
17252,17628,diva,-12.987,1,0,0,0,,,,,0,0,F20K,RESEARCH_BASELINE
17253,17629,dogma,-12.987,1,0,0,0,,,,,0,0,F20K,RESEARCH_BASELINE
17254,17630,doping,-12.987,0,0,0,0,,,,,0,0,F20K,RESEARCH_BASELINE
17255,17631,dreamt,-12.987,1,1,0,1,,dream,,,1,0,F20K,RESEARCH_BASELINE
17256,17632,dresden,-12.987,0,0,0,0,,,,,0,0,F20K,RESEARCH_BASELINE
17257,17633,echoing,-12.987,1,0,0,0,,,,,0,0,F20K,RESEARCH_BASELINE
17258,17634,ei,-12.987,0,0,0,0,,,,,0,0,F20K,RESEARCH_BASELINE
17259,17635,eliminates,-12.987,0,0,0,0,,,,,0,0,F20K,RESEARCH_BASELINE
17260,17636,emancipation,-12.987,1,0,0,0,,,,,0,0,F20K,RESEARCH_BASELINE
17261,17637,embargo,-12.987,1,0,0,0,,,,,0,0,F20K,RESEARCH_BASELINE
17262,17638,emigration,-12.987,1,1,0,1,migration,,,,1,0,F20K,RESEARCH_BASELINE
17263,17639,encompassing,-12.987,0,0,0,0,,,,,0,0,F20K,RESEARCH_BASELINE
17264,17640,entrances,-12.987,0,0,0,0,,,,,0,0,F20K,RESEARCH_BASELINE
17265,17641,eroded,-12.987,1,0,0,0,,,,,0,0,F20K,RESEARCH_BASELINE
17266,17642,evils,-12.987,1,1,1,1,,evil,devils,,1,1,F20K,RESEARCH_BASELINE
17267,17643,exceedingly,-12.987,1,0,0,0,,,,,0,0,F20K,RESEARCH_BASELINE
17268,17644,excise,-12.987,1,0,0,0,,,,,0,0,F20K,RESEARCH_BASELINE
17269,17645,excursion,-12.987,1,0,0,0,,,,,0,0,F20K,RESEARCH_BASELINE
17270,17646,exemptions,-12.987,1,1,0,1,,exemption,,,1,0,F20K,RESEARCH_BASELINE
17271,17647,explodes,-12.987,1,1,0,1,,explode,,,1,0,F20K,RESEARCH_BASELINE
17272,17649,famously,-12.987,1,0,0,0,,,,,0,0,F20K,RESEARCH_BASELINE
17273,17650,faso,-12.987,0,0,0,0,,,,,0,0,F20K,RESEARCH_BASELINE
17274,17651,fife,-12.987,0,0,0,0,,,,,0,0,F20K,RESEARCH_BASELINE
17275,17652,flashback,-12.987,1,1,1,0,,,,flashbacks,0,1,F20K,RESEARCH_BASELINE
17276,17653,flushing,-12.987,1,0,0,0,,,,,0,0,F20K,RESEARCH_BASELINE
17277,17654,folly,-12.987,1,0,0,0,,,,,0,0,F20K,RESEARCH_BASELINE
17278,17655,footnote,-12.987,1,1,1,0,,,,footnotes,0,1,F20K,RESEARCH_BASELINE
17279,17656,foregoing,-12.987,1,0,0,0,,,,,0,0,F20K,RESEARCH_BASELINE
17280,17657,freshmen,-12.987,1,0,0,0,,,,,0,0,F20K,RESEARCH_BASELINE
17281,17658,fukushima,-12.987,0,0,0,0,,,,,0,0,F20K,RESEARCH_BASELINE
17282,17659,germs,-12.987,1,0,0,0,,,,,0,0,F20K,RESEARCH_BASELINE
17283,17660,glands,-12.987,1,1,0,1,lands,gland,,,2,0,F20K,RESEARCH_BASELINE
17284,17661,glitch,-12.987,1,0,0,0,,,,,0,0,F20K,RESEARCH_BASELINE
17285,17662,grudge,-12.987,1,0,0,0,,,,,0,0,F20K,RESEARCH_BASELINE
17286,17663,hartley,-12.987,0,0,0,0,,,,,0,0,F20K,RESEARCH_BASELINE
17287,17664,hassle,-12.987,1,0,0,0,,,,,0,0,F20K,RESEARCH_BASELINE
17288,17665,hehe,-12.987,0,0,0,0,,,,,0,0,F20K,RESEARCH_BASELINE
17289,17666,hewitt,-12.987,0,0,0,0,,,,,0,0,F20K,RESEARCH_BASELINE
17290,17667,hippie,-12.987,1,0,0,0,,,,,0,0,F20K,RESEARCH_BASELINE
17291,17668,honolulu,-12.987,0,0,0,0,,,,,0,0,F20K,RESEARCH_BASELINE
17292,17669,huang,-12.987,0,0,0,0,,,,,0,0,F20K,RESEARCH_BASELINE
17293,17670,humiliated,-12.987,1,0,0,0,,,,,0,0,F20K,RESEARCH_BASELINE
17294,17671,hump,-12.987,1,1,0,1,,hum,,,1,0,F20K,RESEARCH_BASELINE
17295,17672,hyun,-12.987,0,0,0,0,,,,,0,0,F20K,RESEARCH_BASELINE
17296,17673,imposition,-12.987,1,0,0,0,,,,,0,0,F20K,RESEARCH_BASELINE
17297,17674,inconvenient,-12.987,1,0,0,0,,,,,0,0,F20K,RESEARCH_BASELINE
17298,17675,inequalities,-12.987,1,0,0,0,,,,,0,0,F20K,RESEARCH_BASELINE
17299,17676,inhabit,-12.987,1,0,0,0,,,,,0,0,F20K,RESEARCH_BASELINE
17300,17677,institut,-12.987,0,0,0,0,,,,,0,0,F20K,RESEARCH_BASELINE
17301,17678,instruct,-12.987,1,0,0,0,,,,,0,0,F20K,RESEARCH_BASELINE
17302,17679,intruder,-12.987,1,0,0,0,,,,,0,0,F20K,RESEARCH_BASELINE
17303,17680,irreversible,-12.987,1,0,0,0,,,,,0,0,F20K,RESEARCH_BASELINE
17304,17681,jogging,-12.987,1,0,0,0,,,,,0,0,F20K,RESEARCH_BASELINE
17305,17682,js,-12.987,0,0,0,0,,,,,0,0,F20K,RESEARCH_BASELINE
17306,17683,jug,-12.987,1,0,0,0,,,,,0,0,F20K,RESEARCH_BASELINE
17307,17684,keyboards,-12.987,0,0,0,0,,,,,0,0,F20K,RESEARCH_BASELINE
17308,17685,kicker,-12.987,1,0,0,0,,,,,0,0,F20K,RESEARCH_BASELINE
17309,17686,kilometre,-12.987,0,0,0,0,,,,,0,0,F20K,RESEARCH_BASELINE
17310,17687,koran,-12.987,0,0,0,0,,,,,0,0,F20K,RESEARCH_BASELINE
17311,17688,lacrosse,-12.987,1,0,0,0,,,,,0,0,F20K,RESEARCH_BASELINE
17312,17690,leaflets,-12.987,0,0,0,0,,,,,0,0,F20K,RESEARCH_BASELINE
17313,17691,libel,-12.987,1,0,0,0,,,,,0,0,F20K,RESEARCH_BASELINE
17314,17692,likeness,-12.987,1,0,0,0,,,,,0,0,F20K,RESEARCH_BASELINE
17315,17693,liturgy,-12.987,1,0,0,0,,,,,0,0,F20K,RESEARCH_BASELINE
17316,17694,lowers,-12.987,1,1,1,1,,lower,flowers,,1,1,F20K,RESEARCH_BASELINE
17317,17696,mammal,-12.987,1,1,1,0,,,,mammals,0,1,F20K,RESEARCH_BASELINE
17318,17697,mammoth,-12.987,1,0,0,0,,,,,0,0,F20K,RESEARCH_BASELINE
17319,17698,masonry,-12.987,1,0,0,0,,,,,0,0,F20K,RESEARCH_BASELINE
17320,17699,mastering,-12.987,0,0,0,0,,,,,0,0,F20K,RESEARCH_BASELINE
17321,17700,materially,-12.987,0,0,0,0,,,,,0,0,F20K,RESEARCH_BASELINE
17322,17701,mckenzie,-12.987,0,0,0,0,,,,,0,0,F20K,RESEARCH_BASELINE
17323,17702,meltdown,-12.987,1,0,0,0,,,,,0,0,F20K,RESEARCH_BASELINE
17324,17703,mf,-12.987,0,0,0,0,,,,,0,0,F20K,RESEARCH_BASELINE
17325,17704,microscopic,-12.987,1,0,0,0,,,,,0,0,F20K,RESEARCH_BASELINE
17326,17705,midget,-12.987,1,0,0,0,,,,,0,0,F20K,RESEARCH_BASELINE
17327,17706,mileage,-12.987,1,0,0,0,,,,,0,0,F20K,RESEARCH_BASELINE
17328,17707,mischief,-12.987,1,0,0,0,,,,,0,0,F20K,RESEARCH_BASELINE
17329,17708,molten,-12.987,1,0,0,0,,,,,0,0,F20K,RESEARCH_BASELINE
17330,17709,mop,-12.987,1,0,0,0,,,,,0,0,F20K,RESEARCH_BASELINE
17331,17710,motivating,-12.987,1,0,0,0,,,,,0,0,F20K,RESEARCH_BASELINE
17332,17711,murderous,-12.987,1,0,0,0,,,,,0,0,F20K,RESEARCH_BASELINE
17333,17712,nano,-12.987,1,0,0,0,,,,,0,0,F20K,RESEARCH_BASELINE
17334,17713,natal,-12.987,1,0,0,0,,,,,0,0,F20K,RESEARCH_BASELINE
17335,17714,neutron,-12.987,1,0,0,0,,,,,0,0,F20K,RESEARCH_BASELINE
17336,17715,nods,-12.987,1,1,0,1,,nod,,,1,0,F20K,RESEARCH_BASELINE
17337,17717,orphanage,-12.987,1,0,0,0,,,,,0,0,F20K,RESEARCH_BASELINE
17338,17718,osama,-12.987,0,0,0,0,,,,,0,0,F20K,RESEARCH_BASELINE
17339,17719,outnumbered,-12.987,1,0,0,0,,,,,0,0,F20K,RESEARCH_BASELINE
17340,17720,outpost,-12.987,1,0,0,0,,,,,0,0,F20K,RESEARCH_BASELINE
17341,17721,overflow,-12.987,1,0,0,0,,,,,0,0,F20K,RESEARCH_BASELINE
17342,17722,parting,-12.987,1,0,0,0,,,,,0,0,F20K,RESEARCH_BASELINE
17343,17723,partnered,-12.987,0,0,0,0,,,,,0,0,F20K,RESEARCH_BASELINE
17344,17724,paws,-12.987,1,1,0,1,,paw,,,1,0,F20K,RESEARCH_BASELINE
17345,17725,pipelines,-12.987,0,0,0,0,,,,,0,0,F20K,RESEARCH_BASELINE
17346,17726,piping,-12.987,1,0,0,0,,,,,0,0,F20K,RESEARCH_BASELINE
17347,17727,plainly,-12.987,1,0,0,0,,,,,0,0,F20K,RESEARCH_BASELINE
17348,17728,plugged,-12.987,1,0,0,0,,,,,0,0,F20K,RESEARCH_BASELINE
17349,17729,plugs,-12.987,1,1,0,1,,plug,,,1,0,F20K,RESEARCH_BASELINE
17350,17730,png,-12.987,0,0,0,0,,,,,0,0,F20K,RESEARCH_BASELINE
17351,17731,poking,-12.987,1,0,0,0,,,,,0,0,F20K,RESEARCH_BASELINE
17352,17732,populous,-12.987,1,0,0,0,,,,,0,0,F20K,RESEARCH_BASELINE
17353,17733,postseason,-12.987,0,0,0,0,,,,,0,0,F20K,RESEARCH_BASELINE
17354,17734,previews,-12.987,0,0,0,0,,,,,0,0,F20K,RESEARCH_BASELINE
17355,17735,prob,-12.987,0,0,0,0,,,,,0,0,F20K,RESEARCH_BASELINE
17356,17736,puke,-12.987,1,0,0,0,,,,,0,0,F20K,RESEARCH_BASELINE
17357,17737,purification,-12.987,1,0,0,0,,,,,0,0,F20K,RESEARCH_BASELINE
17358,17738,quid,-12.987,0,0,0,0,,,,,0,0,F20K,RESEARCH_BASELINE
17359,17739,quits,-12.987,1,1,0,1,,quit,,,1,0,F20K,RESEARCH_BASELINE
17360,17740,radial,-12.987,1,0,0,0,,,,,0,0,F20K,RESEARCH_BASELINE
17361,17741,raptors,-12.987,1,0,0,0,,,,,0,0,F20K,RESEARCH_BASELINE
17362,17742,reboot,-12.987,1,0,0,0,,,,,0,0,F20K,RESEARCH_BASELINE
17363,17743,reborn,-12.987,1,0,0,0,,,,,0,0,F20K,RESEARCH_BASELINE
17364,17744,reforming,-12.987,0,0,0,0,,,,,0,0,F20K,RESEARCH_BASELINE
17365,17745,resilient,-12.987,1,0,0,0,,,,,0,0,F20K,RESEARCH_BASELINE
17366,17746,retrieval,-12.987,1,0,0,0,,,,,0,0,F20K,RESEARCH_BASELINE
17367,17747,riff,-12.987,1,0,0,0,,,,,0,0,F20K,RESEARCH_BASELINE
17368,17748,rn,-12.987,0,0,0,0,,,,,0,0,F20K,RESEARCH_BASELINE
17369,17749,robbing,-12.987,1,0,0,0,,,,,0,0,F20K,RESEARCH_BASELINE
17370,17750,roche,-12.987,0,0,0,0,,,,,0,0,F20K,RESEARCH_BASELINE
17371,17751,routed,-12.987,0,0,0,0,,,,,0,0,F20K,RESEARCH_BASELINE
17372,17752,rowing,-12.987,1,1,1,1,owing,,growing,,1,1,F20K,RESEARCH_BASELINE
17373,17753,sachs,-12.987,0,0,0,0,,,,,0,0,F20K,RESEARCH_BASELINE
17374,17754,sandals,-12.987,1,0,0,0,,,,,0,0,F20K,RESEARCH_BASELINE
17375,17755,scandals,-12.987,1,1,0,1,,scandal,,,1,0,F20K,RESEARCH_BASELINE
17376,17756,scientology,-12.987,0,0,0,0,,,,,0,0,F20K,RESEARCH_BASELINE
17377,17757,scorpion,-12.987,1,0,0,0,,,,,0,0,F20K,RESEARCH_BASELINE
17378,17758,scramble,-12.987,1,1,1,0,,,,scrambled,0,1,F20K,RESEARCH_BASELINE
17379,17759,serenity,-12.987,1,0,0,0,,,,,0,0,F20K,RESEARCH_BASELINE
17380,17760,servicing,-12.987,0,0,0,0,,,,,0,0,F20K,RESEARCH_BASELINE
17381,17761,sha,-12.987,0,0,0,0,,,,,0,0,F20K,RESEARCH_BASELINE
17382,17762,sherry,-12.987,1,0,0,0,,,,,0,0,F20K,RESEARCH_BASELINE
17383,17763,shorten,-12.987,1,0,0,0,,,,,0,0,F20K,RESEARCH_BASELINE
17384,17764,shrubs,-12.987,1,0,0,0,,,,,0,0,F20K,RESEARCH_BASELINE
17385,17765,sincerity,-12.987,1,0,0,0,,,,,0,0,F20K,RESEARCH_BASELINE
17386,17766,sinful,-12.987,1,0,0,0,,,,,0,0,F20K,RESEARCH_BASELINE
17387,17767,sloan,-12.987,0,0,0,0,,,,,0,0,F20K,RESEARCH_BASELINE
17388,17768,slogans,-12.987,1,1,0,1,,slogan,,,1,0,F20K,RESEARCH_BASELINE
17389,17769,sneakers,-12.987,1,0,0,0,,,,,0,0,F20K,RESEARCH_BASELINE
17390,17770,socioeconomic,-12.987,1,0,0,0,,,,,0,0,F20K,RESEARCH_BASELINE
17391,17771,spaceship,-12.987,1,0,0,0,,,,,0,0,F20K,RESEARCH_BASELINE
17392,17772,spectral,-12.987,1,0,0,0,,,,,0,0,F20K,RESEARCH_BASELINE
17393,17773,speculated,-12.987,0,0,0,0,,,,,0,0,F20K,RESEARCH_BASELINE
17394,17774,sponsoring,-12.987,0,0,0,0,,,,,0,0,F20K,RESEARCH_BASELINE
17395,17775,stale,-12.987,1,1,0,1,tale,,,,1,0,F20K,RESEARCH_BASELINE
17396,17776,startling,-12.987,1,0,0,0,,,,,0,0,F20K,RESEARCH_BASELINE
17397,17777,stipulated,-12.987,0,0,0,0,,,,,0,0,F20K,RESEARCH_BASELINE
17398,17778,straps,-12.987,1,1,0,1,traps,strap,,,2,0,F20K,RESEARCH_BASELINE
17399,17779,sturgeon,-12.987,1,0,0,0,,,,,0,0,F20K,RESEARCH_BASELINE
17400,17780,supervisory,-12.987,1,1,0,1,,supervisor,,,1,0,F20K,RESEARCH_BASELINE
17401,17781,tae,-12.987,0,0,0,0,,,,,0,0,F20K,RESEARCH_BASELINE
17402,17782,therapists,-12.987,1,1,0,1,,therapist,,,1,0,F20K,RESEARCH_BASELINE
17403,17783,toad,-12.987,1,0,0,0,,,,,0,0,F20K,RESEARCH_BASELINE
17404,17784,tonic,-12.987,1,0,0,0,,,,,0,0,F20K,RESEARCH_BASELINE
17405,17785,totaled,-12.987,1,0,0,0,,,,,0,0,F20K,RESEARCH_BASELINE
17406,17786,transformer,-12.987,1,1,1,0,,,,transformers,0,1,F20K,RESEARCH_BASELINE
17407,17787,transient,-12.987,1,0,0,0,,,,,0,0,F20K,RESEARCH_BASELINE
17408,17788,transmissions,-12.987,0,0,0,0,,,,,0,0,F20K,RESEARCH_BASELINE
17409,17789,trey,-12.987,0,0,0,0,,,,,0,0,F20K,RESEARCH_BASELINE
17410,17790,tristan,-12.987,0,0,0,0,,,,,0,0,F20K,RESEARCH_BASELINE
17411,17791,tumble,-12.987,1,1,1,0,,,stumble,,0,1,F20K,RESEARCH_BASELINE
17412,17792,underrated,-12.987,1,0,0,0,,,,,0,0,F20K,RESEARCH_BASELINE
17413,17793,unequal,-12.987,1,0,0,0,,,,,0,0,F20K,RESEARCH_BASELINE
17414,17795,vending,-12.987,1,1,0,1,ending,,,,1,0,F20K,RESEARCH_BASELINE
17415,17796,vigilant,-12.987,1,0,0,0,,,,,0,0,F20K,RESEARCH_BASELINE
17416,17797,vinci,-12.987,0,0,0,0,,,,,0,0,F20K,RESEARCH_BASELINE
17417,17798,volcanoes,-12.987,0,0,0,0,,,,,0,0,F20K,RESEARCH_BASELINE
17418,17799,voyager,-12.987,1,1,0,1,,voyage,,,1,0,F20K,RESEARCH_BASELINE
17419,17800,wager,-12.987,1,1,0,1,,wage,,,1,0,F20K,RESEARCH_BASELINE
17420,17801,warped,-12.987,1,0,0,0,,,,,0,0,F20K,RESEARCH_BASELINE
17421,17802,waterways,-12.987,0,0,0,0,,,,,0,0,F20K,RESEARCH_BASELINE
17422,17803,wd,-12.987,0,0,0,0,,,,,0,0,F20K,RESEARCH_BASELINE
17423,17804,wooded,-12.987,1,0,0,0,,,,,0,0,F20K,RESEARCH_BASELINE
17424,17805,wrecking,-12.987,1,0,0,0,,,,,0,0,F20K,RESEARCH_BASELINE
17425,17806,yin,-12.987,0,0,0,0,,,,,0,0,F20K,RESEARCH_BASELINE
17426,17807,yukon,-12.987,0,0,0,0,,,,,0,0,F20K,RESEARCH_BASELINE
17427,17808,yun,-12.987,0,0,0,0,,,,,0,0,F20K,RESEARCH_BASELINE
17428,17809,zhou,-12.987,0,0,0,0,,,,,0,0,F20K,RESEARCH_BASELINE
17429,17810,accelerator,-13.009,1,0,0,0,,,,,0,0,F20K,RESEARCH_BASELINE
17430,17811,adhesive,-13.009,1,0,0,0,,,,,0,0,F20K,RESEARCH_BASELINE
17431,17812,albanian,-13.009,0,0,0,0,,,,,0,0,F20K,RESEARCH_BASELINE
17432,17813,albuquerque,-13.009,0,0,0,0,,,,,0,0,F20K,RESEARCH_BASELINE
17433,17814,alerted,-13.009,0,0,0,0,,,,,0,0,F20K,RESEARCH_BASELINE
17434,17815,anaheim,-13.009,0,0,0,0,,,,,0,0,F20K,RESEARCH_BASELINE
17435,17816,ante,-13.009,0,0,0,0,,,,,0,0,F20K,RESEARCH_BASELINE
17436,17817,antwerp,-13.009,0,0,0,0,,,,,0,0,F20K,RESEARCH_BASELINE
17437,17818,apprehended,-13.009,0,0,0,0,,,,,0,0,F20K,RESEARCH_BASELINE
17438,17819,aspirin,-13.009,1,1,1,0,,,,aspiring,0,1,F20K,RESEARCH_BASELINE
17439,17820,attentive,-13.009,1,0,0,0,,,,,0,0,F20K,RESEARCH_BASELINE
17440,17822,barlow,-13.009,0,0,0,0,,,,,0,0,F20K,RESEARCH_BASELINE
17441,17823,barrage,-13.009,1,0,0,0,,,,,0,0,F20K,RESEARCH_BASELINE
17442,17824,barring,-13.009,1,0,0,0,,,,,0,0,F20K,RESEARCH_BASELINE
17443,17825,baylor,-13.009,0,0,0,0,,,,,0,0,F20K,RESEARCH_BASELINE
17444,17826,bedding,-13.009,1,0,0,0,,,,,0,0,F20K,RESEARCH_BASELINE
17445,17827,beginner,-13.009,1,0,0,0,,,,,0,0,F20K,RESEARCH_BASELINE
17446,17828,bidder,-13.009,1,0,0,0,,,,,0,0,F20K,RESEARCH_BASELINE
17447,17829,binds,-13.009,1,1,0,1,,bind,,,1,0,F20K,RESEARCH_BASELINE
17448,17830,bk,-13.009,0,0,0,0,,,,,0,0,F20K,RESEARCH_BASELINE
17449,17831,blatant,-13.009,1,0,0,0,,,,,0,0,F20K,RESEARCH_BASELINE
17450,17832,blends,-13.009,1,1,0,1,lends,blend,,,2,0,F20K,RESEARCH_BASELINE
17451,17833,bourgeoisie,-13.009,0,0,0,0,,,,,0,0,F20K,RESEARCH_BASELINE
17452,17834,bragging,-13.009,1,0,0,0,,,,,0,0,F20K,RESEARCH_BASELINE
17453,17835,broth,-13.009,1,0,0,0,,,,,0,0,F20K,RESEARCH_BASELINE
17454,17836,bulldog,-13.009,1,1,1,0,,,,bulldogs,0,1,F20K,RESEARCH_BASELINE
17455,17837,busiest,-13.009,0,0,0,0,,,,,0,0,F20K,RESEARCH_BASELINE
17456,17838,camille,-13.009,0,0,0,0,,,,,0,0,F20K,RESEARCH_BASELINE
17457,17839,canadiens,-13.009,0,0,0,0,,,,,0,0,F20K,RESEARCH_BASELINE
17458,17840,casing,-13.009,1,0,0,0,,,,,0,0,F20K,RESEARCH_BASELINE
17459,17841,chants,-13.009,1,1,0,1,,chant,,,1,0,F20K,RESEARCH_BASELINE
17460,17842,cheered,-13.009,1,0,0,0,,,,,0,0,F20K,RESEARCH_BASELINE
17461,17843,clones,-13.009,1,1,0,1,,clone,,,1,0,F20K,RESEARCH_BASELINE
17462,17844,constance,-13.009,0,0,0,0,,,,,0,0,F20K,RESEARCH_BASELINE
17463,17845,construed,-13.009,0,0,0,0,,,,,0,0,F20K,RESEARCH_BASELINE
17464,17846,conway,-13.009,0,0,0,0,,,,,0,0,F20K,RESEARCH_BASELINE
17465,17847,correctness,-13.009,1,0,0,0,,,,,0,0,F20K,RESEARCH_BASELINE
17466,17848,crave,-13.009,1,1,0,1,rave,,,,1,0,F20K,RESEARCH_BASELINE
17467,17849,crook,-13.009,1,0,0,0,,,,,0,0,F20K,RESEARCH_BASELINE
17468,17850,cucumber,-13.009,1,0,0,0,,,,,0,0,F20K,RESEARCH_BASELINE
17469,17852,decimal,-13.009,1,0,0,0,,,,,0,0,F20K,RESEARCH_BASELINE
17470,17853,defamation,-13.009,1,0,0,0,,,,,0,0,F20K,RESEARCH_BASELINE
17471,17854,demos,-13.009,1,1,0,1,,demo,,,1,0,F20K,RESEARCH_BASELINE
17472,17855,denny,-13.009,0,0,0,0,,,,,0,0,F20K,RESEARCH_BASELINE
17473,17856,desks,-13.009,1,1,0,1,,desk,,,1,0,F20K,RESEARCH_BASELINE
17474,17857,diagonal,-13.009,1,0,0,0,,,,,0,0,F20K,RESEARCH_BASELINE
17475,17858,diaper,-13.009,1,1,1,0,,,,diapers,0,1,F20K,RESEARCH_BASELINE
17476,17859,dictates,-13.009,1,1,0,1,,dictate,,,1,0,F20K,RESEARCH_BASELINE
17477,17860,dion,-13.009,0,0,0,0,,,,,0,0,F20K,RESEARCH_BASELINE
17478,17861,disarmament,-13.009,0,0,0,0,,,,,0,0,F20K,RESEARCH_BASELINE
17479,17862,discredit,-13.009,1,0,0,0,,,,,0,0,F20K,RESEARCH_BASELINE
17480,17863,dismantled,-13.009,0,0,0,0,,,,,0,0,F20K,RESEARCH_BASELINE
17481,17864,disperse,-13.009,1,1,1,0,,,,dispersed,0,1,F20K,RESEARCH_BASELINE
17482,17865,dissatisfied,-13.009,1,0,0,0,,,,,0,0,F20K,RESEARCH_BASELINE
17483,17866,doctrines,-13.009,1,1,0,1,,doctrine,,,1,0,F20K,RESEARCH_BASELINE
17484,17867,doha,-13.009,0,0,0,0,,,,,0,0,F20K,RESEARCH_BASELINE
17485,17868,duffy,-13.009,0,0,0,0,,,,,0,0,F20K,RESEARCH_BASELINE
17486,17869,dyed,-13.009,0,0,0,0,,,,,0,0,F20K,RESEARCH_BASELINE
17487,17870,edits,-13.009,1,1,0,1,,edit,,,1,0,F20K,RESEARCH_BASELINE
17488,17871,elemental,-13.009,1,0,0,0,,,,,0,0,F20K,RESEARCH_BASELINE
17489,17872,elisabeth,-13.009,0,0,0,0,,,,,0,0,F20K,RESEARCH_BASELINE
17490,17873,elves,-13.009,1,0,0,0,,,,,0,0,F20K,RESEARCH_BASELINE
17491,17874,epidemiology,-13.009,0,0,0,0,,,,,0,0,F20K,RESEARCH_BASELINE
17492,17875,epoch,-13.009,0,0,0,0,,,,,0,0,F20K,RESEARCH_BASELINE
17493,17876,eradicate,-13.009,1,0,0,0,,,,,0,0,F20K,RESEARCH_BASELINE
17494,17877,excavations,-13.009,1,1,0,1,,excavation,,,1,0,F20K,RESEARCH_BASELINE
17495,17878,exited,-13.009,0,0,0,0,,,,,0,0,F20K,RESEARCH_BASELINE
17496,17879,faulkner,-13.009,0,0,0,0,,,,,0,0,F20K,RESEARCH_BASELINE
17497,17880,feng,-13.009,0,0,0,0,,,,,0,0,F20K,RESEARCH_BASELINE
17498,17881,fernandez,-13.009,0,0,0,0,,,,,0,0,F20K,RESEARCH_BASELINE
17499,17882,fiercely,-13.009,1,0,0,0,,,,,0,0,F20K,RESEARCH_BASELINE
17500,17883,fifteenth,-13.009,1,0,0,0,,,,,0,0,F20K,RESEARCH_BASELINE
17501,17884,filth,-13.009,1,1,1,0,,,,filthy,0,1,F20K,RESEARCH_BASELINE
17502,17885,fishery,-13.009,0,0,0,0,,,,,0,0,F20K,RESEARCH_BASELINE
17503,17886,fleeting,-13.009,1,0,0,0,,,,,0,0,F20K,RESEARCH_BASELINE
17504,17887,flickr,-13.009,0,0,0,0,,,,,0,0,F20K,RESEARCH_BASELINE
17505,17888,flowed,-13.009,1,0,0,0,,,,,0,0,F20K,RESEARCH_BASELINE
17506,17889,folders,-13.009,1,1,0,1,,folder,,,1,0,F20K,RESEARCH_BASELINE
17507,17890,foliage,-13.009,1,0,0,0,,,,,0,0,F20K,RESEARCH_BASELINE
17508,17891,fonts,-13.009,1,1,0,1,,font,,,1,0,F20K,RESEARCH_BASELINE
17509,17892,footwear,-13.009,1,0,0,0,,,,,0,0,F20K,RESEARCH_BASELINE
17510,17893,formulate,-13.009,1,1,1,0,,,,formulated,0,1,F20K,RESEARCH_BASELINE
17511,17894,fro,-13.009,1,1,1,0,,,afro,from;frog,0,3,F20K,RESEARCH_BASELINE
17512,17895,garland,-13.009,1,0,0,0,,,,,0,0,F20K,RESEARCH_BASELINE
17513,17896,garry,-13.009,0,0,0,0,,,,,0,0,F20K,RESEARCH_BASELINE
17514,17897,geez,-13.009,0,0,0,0,,,,,0,0,F20K,RESEARCH_BASELINE
17515,17898,gemma,-13.009,0,0,0,0,,,,,0,0,F20K,RESEARCH_BASELINE
17516,17899,gl,-13.009,0,0,0,0,,,,,0,0,F20K,RESEARCH_BASELINE
17517,17900,glamorous,-13.009,1,0,0,0,,,,,0,0,F20K,RESEARCH_BASELINE
17518,17901,glide,-13.009,1,0,0,0,,,,,0,0,F20K,RESEARCH_BASELINE
17519,17902,graders,-13.009,0,0,0,0,,,,,0,0,F20K,RESEARCH_BASELINE
17520,17903,grammatical,-13.009,1,0,0,0,,,,,0,0,F20K,RESEARCH_BASELINE
17521,17904,gregg,-13.009,0,0,0,0,,,,,0,0,F20K,RESEARCH_BASELINE
17522,17905,grimm,-13.009,0,0,0,0,,,,,0,0,F20K,RESEARCH_BASELINE
17523,17906,handshake,-13.009,1,0,0,0,,,,,0,0,F20K,RESEARCH_BASELINE
17524,17907,hangar,-13.009,0,0,0,0,,,,,0,0,F20K,RESEARCH_BASELINE
17525,17908,hartford,-13.009,0,0,0,0,,,,,0,0,F20K,RESEARCH_BASELINE
17526,17909,haute,-13.009,0,0,0,0,,,,,0,0,F20K,RESEARCH_BASELINE
17527,17910,herrera,-13.009,0,0,0,0,,,,,0,0,F20K,RESEARCH_BASELINE
17528,17911,hillside,-13.009,1,0,0,0,,,,,0,0,F20K,RESEARCH_BASELINE
17529,17912,hind,-13.009,0,0,0,0,,,,,0,0,F20K,RESEARCH_BASELINE
17530,17913,hitch,-13.009,1,1,0,1,itch,,,,1,0,F20K,RESEARCH_BASELINE
17531,17915,holistic,-13.009,1,0,0,0,,,,,0,0,F20K,RESEARCH_BASELINE
17532,17916,honoring,-13.009,0,0,0,0,,,,,0,0,F20K,RESEARCH_BASELINE
17533,17917,hormonal,-13.009,1,0,0,0,,,,,0,0,F20K,RESEARCH_BASELINE
17534,17918,howell,-13.009,0,0,0,0,,,,,0,0,F20K,RESEARCH_BASELINE
17535,17919,hybrids,-13.009,1,1,0,1,,hybrid,,,1,0,F20K,RESEARCH_BASELINE
17536,17920,hymns,-13.009,1,1,0,1,,hymn,,,1,0,F20K,RESEARCH_BASELINE
17537,17921,hypocrite,-13.009,1,0,0,0,,,,,0,0,F20K,RESEARCH_BASELINE
17538,17922,hz,-13.009,0,0,0,0,,,,,0,0,F20K,RESEARCH_BASELINE
17539,17923,ids,-13.009,0,0,0,0,,,,,0,0,F20K,RESEARCH_BASELINE
17540,17924,immaculate,-13.009,1,0,0,0,,,,,0,0,F20K,RESEARCH_BASELINE
17541,17925,improbable,-13.009,1,0,0,0,,,,,0,0,F20K,RESEARCH_BASELINE
17542,17926,incarceration,-13.009,1,0,0,0,,,,,0,0,F20K,RESEARCH_BASELINE
17543,17927,incompetence,-13.009,1,0,0,0,,,,,0,0,F20K,RESEARCH_BASELINE
17544,17928,inferno,-13.009,1,0,0,0,,,,,0,0,F20K,RESEARCH_BASELINE
17545,17929,ingenious,-13.009,1,0,0,0,,,,,0,0,F20K,RESEARCH_BASELINE
17546,17930,involuntary,-13.009,1,0,0,0,,,,,0,0,F20K,RESEARCH_BASELINE
17547,17931,jacks,-13.009,1,1,0,1,,jack,,,1,0,F20K,RESEARCH_BASELINE
17548,17932,jai,-13.009,0,0,0,0,,,,,0,0,F20K,RESEARCH_BASELINE
17549,17933,jarvis,-13.009,0,0,0,0,,,,,0,0,F20K,RESEARCH_BASELINE
17550,17934,jd,-13.009,0,0,0,0,,,,,0,0,F20K,RESEARCH_BASELINE
17551,17935,jk,-13.009,0,0,0,0,,,,,0,0,F20K,RESEARCH_BASELINE
17552,17936,journalistic,-13.009,1,0,0,0,,,,,0,0,F20K,RESEARCH_BASELINE
17553,17937,judd,-13.009,0,0,0,0,,,,,0,0,F20K,RESEARCH_BASELINE
17554,17938,jurors,-13.009,1,0,0,0,,,,,0,0,F20K,RESEARCH_BASELINE
17555,17939,katz,-13.009,0,0,0,0,,,,,0,0,F20K,RESEARCH_BASELINE
17556,17940,launcher,-13.009,1,0,0,0,,,,,0,0,F20K,RESEARCH_BASELINE
17557,17941,lavish,-13.009,1,0,0,0,,,,,0,0,F20K,RESEARCH_BASELINE
17558,17942,lawmakers,-13.009,0,0,0,0,,,,,0,0,F20K,RESEARCH_BASELINE
17559,17944,lends,-13.009,1,1,1,1,ends,lend,blends,,2,1,F20K,RESEARCH_BASELINE
17560,17945,lifestyles,-13.009,0,0,0,0,,,,,0,0,F20K,RESEARCH_BASELINE
17561,17946,ligament,-13.009,1,0,0,0,,,,,0,0,F20K,RESEARCH_BASELINE
17562,17947,litres,-13.009,0,0,0,0,,,,,0,0,F20K,RESEARCH_BASELINE
17563,17948,liv,-13.009,0,0,0,0,,,,,0,0,F20K,RESEARCH_BASELINE
17564,17949,lockdown,-13.009,0,0,0,0,,,,,0,0,F20K,RESEARCH_BASELINE
17565,17950,looting,-13.009,1,0,0,0,,,,,0,0,F20K,RESEARCH_BASELINE
17566,17951,lotion,-13.009,1,0,0,0,,,,,0,0,F20K,RESEARCH_BASELINE
17567,17952,louvre,-13.009,0,0,0,0,,,,,0,0,F20K,RESEARCH_BASELINE
17568,17953,lutheran,-13.009,0,0,0,0,,,,,0,0,F20K,RESEARCH_BASELINE
17569,17954,lux,-13.009,0,0,0,0,,,,,0,0,F20K,RESEARCH_BASELINE
17570,17955,lyrical,-13.009,1,0,0,0,,,,,0,0,F20K,RESEARCH_BASELINE
17571,17956,macbook,-13.009,0,0,0,0,,,,,0,0,F20K,RESEARCH_BASELINE
17572,17957,magnets,-13.009,1,1,0,1,,magnet,,,1,0,F20K,RESEARCH_BASELINE
17573,17958,malfunction,-13.009,1,0,0,0,,,,,0,0,F20K,RESEARCH_BASELINE
17574,17959,manageable,-13.009,1,0,0,0,,,,,0,0,F20K,RESEARCH_BASELINE
17575,17960,manifold,-13.009,1,0,0,0,,,,,0,0,F20K,RESEARCH_BASELINE
17576,17961,manu,-13.009,0,0,0,0,,,,,0,0,F20K,RESEARCH_BASELINE
17577,17962,martian,-13.009,1,0,0,0,,,,,0,0,F20K,RESEARCH_BASELINE
17578,17963,mein,-13.009,0,0,0,0,,,,,0,0,F20K,RESEARCH_BASELINE
17579,17964,melts,-13.009,1,1,0,1,,melt,,,1,0,F20K,RESEARCH_BASELINE
17580,17965,meps,-13.009,0,0,0,0,,,,,0,0,F20K,RESEARCH_BASELINE
17581,17966,mercer,-13.009,0,0,0,0,,,,,0,0,F20K,RESEARCH_BASELINE
17582,17967,mimi,-13.009,0,0,0,0,,,,,0,0,F20K,RESEARCH_BASELINE
17583,17968,mined,-13.009,1,1,0,1,,mine,,,1,0,F20K,RESEARCH_BASELINE
17584,17969,mitigation,-13.009,1,0,0,0,,,,,0,0,F20K,RESEARCH_BASELINE
17585,17970,moaning,-13.009,1,0,0,0,,,,,0,0,F20K,RESEARCH_BASELINE
17586,17971,modernity,-13.009,1,0,0,0,,,,,0,0,F20K,RESEARCH_BASELINE
17587,17972,mondays,-13.009,0,0,0,0,,,,,0,0,F20K,RESEARCH_BASELINE
17588,17973,moons,-13.009,1,1,0,1,,moon,,,1,0,F20K,RESEARCH_BASELINE
17589,17974,moreno,-13.009,0,0,0,0,,,,,0,0,F20K,RESEARCH_BASELINE
17590,17975,naruto,-13.009,0,0,0,0,,,,,0,0,F20K,RESEARCH_BASELINE
17591,17976,ndp,-13.009,0,0,0,0,,,,,0,0,F20K,RESEARCH_BASELINE
17592,17977,nearing,-13.009,0,0,0,0,,,,,0,0,F20K,RESEARCH_BASELINE
17593,17978,novak,-13.009,0,0,0,0,,,,,0,0,F20K,RESEARCH_BASELINE
17594,17979,numbering,-13.009,0,0,0,0,,,,,0,0,F20K,RESEARCH_BASELINE
17595,17980,ob,-13.009,0,0,0,0,,,,,0,0,F20K,RESEARCH_BASELINE
17596,17981,oblivion,-13.009,1,0,0,0,,,,,0,0,F20K,RESEARCH_BASELINE
17597,17982,obnoxious,-13.009,1,0,0,0,,,,,0,0,F20K,RESEARCH_BASELINE
17598,17983,olga,-13.009,0,0,0,0,,,,,0,0,F20K,RESEARCH_BASELINE
17599,17984,oman,-13.009,0,0,0,0,,,,,0,0,F20K,RESEARCH_BASELINE
17600,17985,osaka,-13.009,0,0,0,0,,,,,0,0,F20K,RESEARCH_BASELINE
17601,17986,outlining,-13.009,0,0,0,0,,,,,0,0,F20K,RESEARCH_BASELINE
17602,17987,outspoken,-13.009,1,0,0,0,,,,,0,0,F20K,RESEARCH_BASELINE
17603,17989,paranormal,-13.009,1,0,0,0,,,,,0,0,F20K,RESEARCH_BASELINE
17604,17990,pastors,-13.009,1,1,0,1,,pastor,,,1,0,F20K,RESEARCH_BASELINE
17605,17991,paterson,-13.009,0,0,0,0,,,,,0,0,F20K,RESEARCH_BASELINE
17606,17992,pathogens,-13.009,0,0,0,0,,,,,0,0,F20K,RESEARCH_BASELINE
17607,17993,perished,-13.009,1,0,0,0,,,,,0,0,F20K,RESEARCH_BASELINE
17608,17994,perseverance,-13.009,1,0,0,0,,,,,0,0,F20K,RESEARCH_BASELINE
17609,17995,persisted,-13.009,1,0,0,0,,,,,0,0,F20K,RESEARCH_BASELINE
17610,17996,piazza,-13.009,0,0,0,0,,,,,0,0,F20K,RESEARCH_BASELINE
17611,17997,pods,-13.009,1,1,0,1,,pod,,,1,0,F20K,RESEARCH_BASELINE
17612,17998,polluted,-13.009,1,0,0,0,,,,,0,0,F20K,RESEARCH_BASELINE
17613,17999,ponder,-13.009,1,0,0,0,,,,,0,0,F20K,RESEARCH_BASELINE
17614,18000,predatory,-13.009,1,1,0,1,,predator,,,1,0,F20K,RESEARCH_BASELINE
17615,18001,preferring,-13.009,0,0,0,0,,,,,0,0,F20K,RESEARCH_BASELINE
17616,18002,prescott,-13.009,0,0,0,0,,,,,0,0,F20K,RESEARCH_BASELINE
17617,18003,presumption,-13.009,1,0,0,0,,,,,0,0,F20K,RESEARCH_BASELINE
17618,18004,proton,-13.009,1,0,0,0,,,,,0,0,F20K,RESEARCH_BASELINE
17619,18005,provence,-13.009,0,0,0,0,,,,,0,0,F20K,RESEARCH_BASELINE
17620,18006,pulses,-13.009,1,1,0,1,,pulse,,,1,0,F20K,RESEARCH_BASELINE
17621,18007,puppets,-13.009,1,1,0,1,,puppet,,,1,0,F20K,RESEARCH_BASELINE
17622,18008,rbi,-13.009,0,0,0,0,,,,,0,0,F20K,RESEARCH_BASELINE
17623,18009,reactionary,-13.009,1,0,0,0,,,,,0,0,F20K,RESEARCH_BASELINE
17624,18010,realising,-13.009,0,0,0,0,,,,,0,0,F20K,RESEARCH_BASELINE
17625,18011,reciprocal,-13.009,1,0,0,0,,,,,0,0,F20K,RESEARCH_BASELINE
17626,18012,redress,-13.009,1,0,0,0,,,,,0,0,F20K,RESEARCH_BASELINE
17627,18013,reigned,-13.009,1,0,0,0,,,,,0,0,F20K,RESEARCH_BASELINE
17628,18014,remuneration,-13.009,1,0,0,0,,,,,0,0,F20K,RESEARCH_BASELINE
17629,18015,rendezvous,-13.009,1,0,0,0,,,,,0,0,F20K,RESEARCH_BASELINE
17630,18016,replication,-13.009,1,0,0,0,,,,,0,0,F20K,RESEARCH_BASELINE
17631,18017,rhetorical,-13.009,1,0,0,0,,,,,0,0,F20K,RESEARCH_BASELINE
17632,18018,ridley,-13.009,0,0,0,0,,,,,0,0,F20K,RESEARCH_BASELINE
17633,18019,roc,-13.009,0,0,0,0,,,,,0,0,F20K,RESEARCH_BASELINE
17634,18020,roi,-13.009,0,0,0,0,,,,,0,0,F20K,RESEARCH_BASELINE
17635,18021,roommates,-13.009,1,1,0,1,,roommate,,,1,0,F20K,RESEARCH_BASELINE
17636,18022,roundabout,-13.009,1,0,0,0,,,,,0,0,F20K,RESEARCH_BASELINE
17637,18023,rr,-13.009,0,0,0,0,,,,,0,0,F20K,RESEARCH_BASELINE
17638,18024,rupees,-13.009,0,0,0,0,,,,,0,0,F20K,RESEARCH_BASELINE
17639,18025,rutherford,-13.009,0,0,0,0,,,,,0,0,F20K,RESEARCH_BASELINE
17640,18026,satirical,-13.009,1,0,0,0,,,,,0,0,F20K,RESEARCH_BASELINE
17641,18027,sbs,-13.009,0,0,0,0,,,,,0,0,F20K,RESEARCH_BASELINE
17642,18028,scrolling,-13.009,0,0,0,0,,,,,0,0,F20K,RESEARCH_BASELINE
17643,18029,sectarian,-13.009,0,0,0,0,,,,,0,0,F20K,RESEARCH_BASELINE
17644,18030,setback,-13.009,1,0,0,0,,,,,0,0,F20K,RESEARCH_BASELINE
17645,18031,signalling,-13.009,0,0,0,0,,,,,0,0,F20K,RESEARCH_BASELINE
17646,18032,spec,-13.009,1,1,1,0,,,,specs,0,1,F20K,RESEARCH_BASELINE
17647,18033,spiritually,-13.009,1,0,0,0,,,,,0,0,F20K,RESEARCH_BASELINE
17648,18034,stabilized,-13.009,0,0,0,0,,,,,0,0,F20K,RESEARCH_BASELINE
17649,18035,std,-13.009,0,0,0,0,,,,,0,0,F20K,RESEARCH_BASELINE
17650,18036,stimulated,-13.009,1,1,0,1,,stimulate,,,1,0,F20K,RESEARCH_BASELINE
17651,18037,stimuli,-13.009,1,0,0,0,,,,,0,0,F20K,RESEARCH_BASELINE
17652,18038,stoner,-13.009,1,1,0,1,,stone,,,1,0,F20K,RESEARCH_BASELINE
17653,18039,strands,-13.009,1,1,0,1,,strand,,,1,0,F20K,RESEARCH_BASELINE
17654,18040,stuffing,-13.009,1,0,0,0,,,,,0,0,F20K,RESEARCH_BASELINE
17655,18041,stumbling,-13.009,1,0,0,0,,,,,0,0,F20K,RESEARCH_BASELINE
17656,18042,stuttgart,-13.009,0,0,0,0,,,,,0,0,F20K,RESEARCH_BASELINE
17657,18043,surrogate,-13.009,1,0,0,0,,,,,0,0,F20K,RESEARCH_BASELINE
17658,18044,swans,-13.009,1,1,0,1,,swan,,,1,0,F20K,RESEARCH_BASELINE
17659,18045,sweetest,-13.009,1,0,0,0,,,,,0,0,F20K,RESEARCH_BASELINE
17660,18046,tackled,-13.009,1,1,0,1,,tackle,,,1,0,F20K,RESEARCH_BASELINE
17661,18047,tagging,-13.009,0,0,0,0,,,,,0,0,F20K,RESEARCH_BASELINE
17662,18048,taxing,-13.009,1,0,0,0,,,,,0,0,F20K,RESEARCH_BASELINE
17663,18049,taxis,-13.009,1,1,0,1,axis,taxi,,,2,0,F20K,RESEARCH_BASELINE
17664,18050,tf,-13.009,0,0,0,0,,,,,0,0,F20K,RESEARCH_BASELINE
17665,18051,thinkin,-13.009,0,0,0,0,,,,,0,0,F20K,RESEARCH_BASELINE
17666,18052,toned,-13.009,1,1,1,1,,tone,stoned,,1,1,F20K,RESEARCH_BASELINE
17667,18053,toured,-13.009,0,0,0,0,,,,,0,0,F20K,RESEARCH_BASELINE
17668,18054,towed,-13.009,0,0,0,0,,,,,0,0,F20K,RESEARCH_BASELINE
17669,18055,transcripts,-13.009,1,1,0,1,,transcript,,,1,0,F20K,RESEARCH_BASELINE
17670,18056,tuscany,-13.009,0,0,0,0,,,,,0,0,F20K,RESEARCH_BASELINE
17671,18058,ultraviolet,-13.009,1,0,0,0,,,,,0,0,F20K,RESEARCH_BASELINE
17672,18059,unaffected,-13.009,1,0,0,0,,,,,0,0,F20K,RESEARCH_BASELINE
17673,18060,unanswered,-13.009,1,0,0,0,,,,,0,0,F20K,RESEARCH_BASELINE
17674,18061,unfolding,-13.009,1,0,0,0,,,,,0,0,F20K,RESEARCH_BASELINE
17675,18062,unintended,-13.009,1,0,0,0,,,,,0,0,F20K,RESEARCH_BASELINE
17676,18063,unleashed,-13.009,1,0,0,0,,,,,0,0,F20K,RESEARCH_BASELINE
17677,18064,uzbekistan,-13.009,0,0,0,0,,,,,0,0,F20K,RESEARCH_BASELINE
17678,18065,vargas,-13.009,0,0,0,0,,,,,0,0,F20K,RESEARCH_BASELINE
17679,18066,vega,-13.009,0,0,0,0,,,,,0,0,F20K,RESEARCH_BASELINE
17680,18067,vocation,-13.009,1,0,0,0,,,,,0,0,F20K,RESEARCH_BASELINE
17681,18068,vouchers,-13.009,1,1,0,1,,voucher,,,1,0,F20K,RESEARCH_BASELINE
17682,18069,waged,-13.009,1,1,0,1,aged,wage,,,2,0,F20K,RESEARCH_BASELINE
17683,18070,webber,-13.009,0,0,0,0,,,,,0,0,F20K,RESEARCH_BASELINE
17684,18071,whispered,-13.009,1,0,0,0,,,,,0,0,F20K,RESEARCH_BASELINE
17685,18072,widened,-13.009,1,0,0,0,,,,,0,0,F20K,RESEARCH_BASELINE
17686,18073,windshield,-13.009,1,0,0,0,,,,,0,0,F20K,RESEARCH_BASELINE
17687,18074,wordpress,-13.009,0,0,0,0,,,,,0,0,F20K,RESEARCH_BASELINE
17688,18075,wp,-13.009,0,0,0,0,,,,,0,0,F20K,RESEARCH_BASELINE
17689,18080,achieves,-13.0316,1,1,0,1,,achieve,,,1,0,F20K,RESEARCH_BASELINE
17690,18081,acidic,-13.0316,1,0,0,0,,,,,0,0,F20K,RESEARCH_BASELINE
17691,18082,advisable,-13.0316,1,0,0,0,,,,,0,0,F20K,RESEARCH_BASELINE
17692,18083,afflicted,-13.0316,1,0,0,0,,,,,0,0,F20K,RESEARCH_BASELINE
17693,18084,alba,-13.0316,0,0,0,0,,,,,0,0,F20K,RESEARCH_BASELINE
17694,18085,alvin,-13.0316,0,0,0,0,,,,,0,0,F20K,RESEARCH_BASELINE
17695,18086,anchorage,-13.0316,1,0,0,0,,,,,0,0,F20K,RESEARCH_BASELINE
17696,18087,anecdotes,-13.0316,0,0,0,0,,,,,0,0,F20K,RESEARCH_BASELINE
17697,18088,anthology,-13.0316,1,0,0,0,,,,,0,0,F20K,RESEARCH_BASELINE
17698,18089,appellate,-13.0316,0,0,0,0,,,,,0,0,F20K,RESEARCH_BASELINE
17699,18090,appreciates,-13.0316,1,1,0,1,,appreciate,,,1,0,F20K,RESEARCH_BASELINE
17700,18091,aqua,-13.0316,1,0,0,0,,,,,0,0,F20K,RESEARCH_BASELINE
17701,18092,arson,-13.0316,1,0,0,0,,,,,0,0,F20K,RESEARCH_BASELINE
17702,18093,assigning,-13.0316,1,0,0,0,,,,,0,0,F20K,RESEARCH_BASELINE
17703,18094,astrology,-13.0316,1,0,0,0,,,,,0,0,F20K,RESEARCH_BASELINE
17704,18095,auditions,-13.0316,1,1,0,1,,audition,,,1,0,F20K,RESEARCH_BASELINE
17705,18096,authored,-13.0316,0,0,0,0,,,,,0,0,F20K,RESEARCH_BASELINE
17706,18097,awaken,-13.0316,1,1,0,1,,awake,,,1,0,F20K,RESEARCH_BASELINE
17707,18098,balkan,-13.0316,0,0,0,0,,,,,0,0,F20K,RESEARCH_BASELINE
17708,18099,banged,-13.0316,0,0,0,0,,,,,0,0,F20K,RESEARCH_BASELINE
17709,18100,bas,-13.0316,0,0,0,0,,,,,0,0,F20K,RESEARCH_BASELINE
17710,18101,beards,-13.0316,1,1,0,1,,beard,,,1,0,F20K,RESEARCH_BASELINE
17711,18102,begs,-13.0316,1,1,0,1,,beg,,,1,0,F20K,RESEARCH_BASELINE
17712,18103,benevolent,-13.0316,1,0,0,0,,,,,0,0,F20K,RESEARCH_BASELINE
17713,18104,bey,-13.0316,0,0,0,0,,,,,0,0,F20K,RESEARCH_BASELINE
17714,18105,bloomberg,-13.0316,0,0,0,0,,,,,0,0,F20K,RESEARCH_BASELINE
17715,18106,blvd,-13.0316,0,0,0,0,,,,,0,0,F20K,RESEARCH_BASELINE
17716,18107,bonfire,-13.0316,1,0,0,0,,,,,0,0,F20K,RESEARCH_BASELINE
17717,18108,boosted,-13.0316,0,0,0,0,,,,,0,0,F20K,RESEARCH_BASELINE
17718,18109,bowed,-13.0316,1,1,0,1,owed,,,,1,0,F20K,RESEARCH_BASELINE
17719,18110,breakout,-13.0316,1,0,0,0,,,,,0,0,F20K,RESEARCH_BASELINE
17720,18111,broaden,-13.0316,1,0,0,0,,,,,0,0,F20K,RESEARCH_BASELINE
17721,18112,brody,-13.0316,0,0,0,0,,,,,0,0,F20K,RESEARCH_BASELINE
17722,18113,browsers,-13.0316,0,0,0,0,,,,,0,0,F20K,RESEARCH_BASELINE
17723,18114,burying,-13.0316,1,0,0,0,,,,,0,0,F20K,RESEARCH_BASELINE
17724,18115,cafes,-13.0316,1,1,0,1,,cafe,,,1,0,F20K,RESEARCH_BASELINE
17725,18116,capitalize,-13.0316,1,0,0,0,,,,,0,0,F20K,RESEARCH_BASELINE
17726,18117,carbohydrates,-13.0316,1,0,0,0,,,,,0,0,F20K,RESEARCH_BASELINE
17727,18118,cary,-13.0316,0,0,0,0,,,,,0,0,F20K,RESEARCH_BASELINE
17728,18119,circumcision,-13.0316,1,0,0,0,,,,,0,0,F20K,RESEARCH_BASELINE
17729,18120,compel,-13.0316,1,0,0,0,,,,,0,0,F20K,RESEARCH_BASELINE
17730,18121,complied,-13.0316,0,0,0,0,,,,,0,0,F20K,RESEARCH_BASELINE
17731,18122,complimentary,-13.0316,1,0,0,0,,,,,0,0,F20K,RESEARCH_BASELINE
17732,18123,compromises,-13.0316,1,1,0,1,,compromise,,,1,0,F20K,RESEARCH_BASELINE
17733,18124,compton,-13.0316,0,0,0,0,,,,,0,0,F20K,RESEARCH_BASELINE
17734,18125,computation,-13.0316,1,0,0,0,,,,,0,0,F20K,RESEARCH_BASELINE
17735,18126,conductors,-13.0316,1,1,0,1,,conductor,,,1,0,F20K,RESEARCH_BASELINE
17736,18127,conn,-13.0316,0,0,0,0,,,,,0,0,F20K,RESEARCH_BASELINE
17737,18128,constraint,-13.0316,1,1,1,0,,,,constraints,0,1,F20K,RESEARCH_BASELINE
17738,18129,conversions,-13.0316,1,1,0,1,,conversion,,,1,0,F20K,RESEARCH_BASELINE
17739,18130,cor,-13.0316,0,0,0,0,,,,,0,0,F20K,RESEARCH_BASELINE
17740,18131,coroner,-13.0316,1,0,0,0,,,,,0,0,F20K,RESEARCH_BASELINE
17741,18132,correspondents,-13.0316,0,0,0,0,,,,,0,0,F20K,RESEARCH_BASELINE
17742,18133,cottages,-13.0316,1,1,0,1,,cottage,,,1,0,F20K,RESEARCH_BASELINE
17743,18134,countered,-13.0316,0,0,0,0,,,,,0,0,F20K,RESEARCH_BASELINE
17744,18135,coworkers,-13.0316,0,0,0,0,,,,,0,0,F20K,RESEARCH_BASELINE
17745,18136,cromwell,-13.0316,0,0,0,0,,,,,0,0,F20K,RESEARCH_BASELINE
17746,18137,crucified,-13.0316,1,0,0,0,,,,,0,0,F20K,RESEARCH_BASELINE
17747,18138,cuddle,-13.0316,1,0,0,0,,,,,0,0,F20K,RESEARCH_BASELINE
17748,18139,cummings,-13.0316,0,0,0,0,,,,,0,0,F20K,RESEARCH_BASELINE
17749,18140,cures,-13.0316,1,1,0,1,,cure,,,1,0,F20K,RESEARCH_BASELINE
17750,18141,devout,-13.0316,1,0,0,0,,,,,0,0,F20K,RESEARCH_BASELINE
17751,18142,dialogues,-13.0316,0,0,0,0,,,,,0,0,F20K,RESEARCH_BASELINE
17752,18143,dirk,-13.0316,0,0,0,0,,,,,0,0,F20K,RESEARCH_BASELINE
17753,18144,discretionary,-13.0316,1,0,0,0,,,,,0,0,F20K,RESEARCH_BASELINE
17754,18145,disobedience,-13.0316,1,0,0,0,,,,,0,0,F20K,RESEARCH_BASELINE
17755,18146,dyke,-13.0316,0,0,0,0,,,,,0,0,F20K,RESEARCH_BASELINE
17756,18147,eastward,-13.0316,1,0,0,0,,,,,0,0,F20K,RESEARCH_BASELINE
17757,18148,ejected,-13.0316,0,0,0,0,,,,,0,0,F20K,RESEARCH_BASELINE
17758,18149,elk,-13.0316,1,0,0,0,,,,,0,0,F20K,RESEARCH_BASELINE
17759,18150,emphasised,-13.0316,0,0,0,0,,,,,0,0,F20K,RESEARCH_BASELINE
17760,18151,enhances,-13.0316,1,1,0,1,,enhance,,,1,0,F20K,RESEARCH_BASELINE
17761,18152,enlarge,-13.0316,1,1,1,0,,,,enlarged,0,1,F20K,RESEARCH_BASELINE
17762,18153,equivalents,-13.0316,0,0,0,0,,,,,0,0,F20K,RESEARCH_BASELINE
17763,18154,excessively,-13.0316,1,0,0,0,,,,,0,0,F20K,RESEARCH_BASELINE
17764,18155,exhibiting,-13.0316,0,0,0,0,,,,,0,0,F20K,RESEARCH_BASELINE
17765,18156,felicity,-13.0316,0,0,0,0,,,,,0,0,F20K,RESEARCH_BASELINE
17766,18157,fetched,-13.0316,1,0,0,0,,,,,0,0,F20K,RESEARCH_BASELINE
17767,18159,firewall,-13.0316,1,0,0,0,,,,,0,0,F20K,RESEARCH_BASELINE
17768,18160,foreground,-13.0316,0,0,0,0,,,,,0,0,F20K,RESEARCH_BASELINE
17769,18161,foreseeable,-13.0316,1,0,0,0,,,,,0,0,F20K,RESEARCH_BASELINE
17770,18162,fostering,-13.0316,1,0,0,0,,,,,0,0,F20K,RESEARCH_BASELINE
17771,18163,fright,-13.0316,1,1,0,1,right,,,,1,0,F20K,RESEARCH_BASELINE
17772,18164,fulham,-13.0316,0,0,0,0,,,,,0,0,F20K,RESEARCH_BASELINE
17773,18165,galileo,-13.0316,0,0,0,0,,,,,0,0,F20K,RESEARCH_BASELINE
17774,18166,garfield,-13.0316,0,0,0,0,,,,,0,0,F20K,RESEARCH_BASELINE
17775,18167,glacial,-13.0316,1,0,0,0,,,,,0,0,F20K,RESEARCH_BASELINE
17776,18168,glazed,-13.0316,1,1,0,1,,glaze,,,1,0,F20K,RESEARCH_BASELINE
17777,18169,goodwin,-13.0316,0,0,0,0,,,,,0,0,F20K,RESEARCH_BASELINE
17778,18170,gunner,-13.0316,0,0,0,0,,,,,0,0,F20K,RESEARCH_BASELINE
17779,18171,gutted,-13.0316,1,0,0,0,,,,,0,0,F20K,RESEARCH_BASELINE
17780,18172,handmade,-13.0316,1,0,0,0,,,,,0,0,F20K,RESEARCH_BASELINE
17781,18173,hara,-13.0316,0,0,0,0,,,,,0,0,F20K,RESEARCH_BASELINE
17782,18174,harmonious,-13.0316,1,0,0,0,,,,,0,0,F20K,RESEARCH_BASELINE
17783,18175,heartbroken,-13.0316,1,0,0,0,,,,,0,0,F20K,RESEARCH_BASELINE
17784,18176,heats,-13.0316,1,1,1,1,eats,heat,cheats,,2,1,F20K,RESEARCH_BASELINE
17785,18177,heist,-13.0316,1,0,0,0,,,,,0,0,F20K,RESEARCH_BASELINE
17786,18178,horizontally,-13.0316,1,0,0,0,,,,,0,0,F20K,RESEARCH_BASELINE
17787,18179,housewives,-13.0316,0,0,0,0,,,,,0,0,F20K,RESEARCH_BASELINE
17788,18180,hun,-13.0316,0,0,0,0,,,,,0,0,F20K,RESEARCH_BASELINE
17789,18181,ict,-13.0316,0,0,0,0,,,,,0,0,F20K,RESEARCH_BASELINE
17790,18182,ideologies,-13.0316,0,0,0,0,,,,,0,0,F20K,RESEARCH_BASELINE
17791,18183,ik,-13.0316,0,0,0,0,,,,,0,0,F20K,RESEARCH_BASELINE
17792,18184,ikea,-13.0316,0,0,0,0,,,,,0,0,F20K,RESEARCH_BASELINE
17793,18185,illumination,-13.0316,1,0,0,0,,,,,0,0,F20K,RESEARCH_BASELINE
17794,18186,improperly,-13.0316,1,0,0,0,,,,,0,0,F20K,RESEARCH_BASELINE
17795,18187,incest,-13.0316,0,0,0,0,,,,,0,0,F20K,RESEARCH_BASELINE
17796,18188,inflict,-13.0316,1,0,0,0,,,,,0,0,F20K,RESEARCH_BASELINE
17797,18189,inorganic,-13.0316,1,0,0,0,,,,,0,0,F20K,RESEARCH_BASELINE
17798,18190,inquire,-13.0316,1,0,0,0,,,,,0,0,F20K,RESEARCH_BASELINE
17799,18191,insure,-13.0316,1,1,1,0,,,,insured,0,1,F20K,RESEARCH_BASELINE
17800,18192,interpersonal,-13.0316,1,0,0,0,,,,,0,0,F20K,RESEARCH_BASELINE
17801,18193,intoxicated,-13.0316,1,0,0,0,,,,,0,0,F20K,RESEARCH_BASELINE
17802,18194,inventories,-13.0316,0,0,0,0,,,,,0,0,F20K,RESEARCH_BASELINE
17803,18195,ipo,-13.0316,0,0,0,0,,,,,0,0,F20K,RESEARCH_BASELINE
17804,18196,issuance,-13.0316,0,0,0,0,,,,,0,0,F20K,RESEARCH_BASELINE
17805,18198,jacqueline,-13.0316,0,0,0,0,,,,,0,0,F20K,RESEARCH_BASELINE
17806,18199,joanne,-13.0316,0,0,0,0,,,,,0,0,F20K,RESEARCH_BASELINE
17807,18201,jpg,-13.0316,0,0,0,0,,,,,0,0,F20K,RESEARCH_BASELINE
17808,18202,keystone,-13.0316,1,0,0,0,,,,,0,0,F20K,RESEARCH_BASELINE
17809,18203,keywords,-13.0316,1,1,0,1,,keyword,,,1,0,F20K,RESEARCH_BASELINE
17810,18204,ks,-13.0316,0,0,0,0,,,,,0,0,F20K,RESEARCH_BASELINE
17811,18205,lahore,-13.0316,0,0,0,0,,,,,0,0,F20K,RESEARCH_BASELINE
17812,18206,landslide,-13.0316,1,0,0,0,,,,,0,0,F20K,RESEARCH_BASELINE
17813,18207,langley,-13.0316,0,0,0,0,,,,,0,0,F20K,RESEARCH_BASELINE
17814,18208,laos,-13.0316,0,0,0,0,,,,,0,0,F20K,RESEARCH_BASELINE
17815,18209,legitimately,-13.0316,1,0,0,0,,,,,0,0,F20K,RESEARCH_BASELINE
17816,18210,lenny,-13.0316,0,0,0,0,,,,,0,0,F20K,RESEARCH_BASELINE
17817,18211,lessen,-13.0316,1,0,0,0,,,,,0,0,F20K,RESEARCH_BASELINE
17818,18212,lighten,-13.0316,1,0,0,0,,,,,0,0,F20K,RESEARCH_BASELINE
17819,18213,loom,-13.0316,1,1,1,0,,,bloom;gloom,,0,2,F20K,RESEARCH_BASELINE
17820,18214,mailbox,-13.0316,1,0,0,0,,,,,0,0,F20K,RESEARCH_BASELINE
17821,18215,malls,-13.0316,1,1,0,1,,mall,,,1,0,F20K,RESEARCH_BASELINE
17822,18216,markedly,-13.0316,0,0,0,0,,,,,0,0,F20K,RESEARCH_BASELINE
17823,18217,mayhem,-13.0316,1,0,0,0,,,,,0,0,F20K,RESEARCH_BASELINE
17824,18218,mcgraw,-13.0316,0,0,0,0,,,,,0,0,F20K,RESEARCH_BASELINE
17825,18219,mediated,-13.0316,0,0,0,0,,,,,0,0,F20K,RESEARCH_BASELINE
17826,18220,medina,-13.0316,0,0,0,0,,,,,0,0,F20K,RESEARCH_BASELINE
17827,18221,mich,-13.0316,0,0,0,0,,,,,0,0,F20K,RESEARCH_BASELINE
17828,18222,mitt,-13.0316,1,0,0,0,,,,,0,0,F20K,RESEARCH_BASELINE
17829,18223,monasteries,-13.0316,0,0,0,0,,,,,0,0,F20K,RESEARCH_BASELINE
17830,18224,monograph,-13.0316,1,0,0,0,,,,,0,0,F20K,RESEARCH_BASELINE
17831,18225,montenegro,-13.0316,0,0,0,0,,,,,0,0,F20K,RESEARCH_BASELINE
17832,18226,motherfucking,-13.0316,0,0,0,0,,,,,0,0,F20K,RESEARCH_BASELINE
17833,18227,moyes,-13.0316,0,0,0,0,,,,,0,0,F20K,RESEARCH_BASELINE
17834,18228,munitions,-13.0316,0,0,0,0,,,,,0,0,F20K,RESEARCH_BASELINE
17835,18229,mx,-13.0316,0,0,0,0,,,,,0,0,F20K,RESEARCH_BASELINE
17836,18230,necessities,-13.0316,1,0,0,0,,,,,0,0,F20K,RESEARCH_BASELINE
17837,18231,negatives,-13.0316,0,0,0,0,,,,,0,0,F20K,RESEARCH_BASELINE
17838,18232,negativity,-13.0316,1,0,0,0,,,,,0,0,F20K,RESEARCH_BASELINE
17839,18233,nerds,-13.0316,1,1,0,1,,nerd,,,1,0,F20K,RESEARCH_BASELINE
17840,18234,neuroscience,-13.0316,1,0,0,0,,,,,0,0,F20K,RESEARCH_BASELINE
17841,18235,nevermind,-13.0316,0,0,0,0,,,,,0,0,F20K,RESEARCH_BASELINE
17842,18236,nurture,-13.0316,1,0,0,0,,,,,0,0,F20K,RESEARCH_BASELINE
17843,18237,oceanic,-13.0316,1,0,0,0,,,,,0,0,F20K,RESEARCH_BASELINE
17844,18238,olsen,-13.0316,0,0,0,0,,,,,0,0,F20K,RESEARCH_BASELINE
17845,18239,ostensibly,-13.0316,1,0,0,0,,,,,0,0,F20K,RESEARCH_BASELINE
17846,18240,otter,-13.0316,1,1,1,0,,,potter;hotter,,0,2,F20K,RESEARCH_BASELINE
17847,18241,panicked,-13.0316,0,0,0,0,,,,,0,0,F20K,RESEARCH_BASELINE
17848,18242,parcels,-13.0316,1,1,0,1,,parcel,,,1,0,F20K,RESEARCH_BASELINE
17849,18243,particulars,-13.0316,1,1,0,1,,particular,,,1,0,F20K,RESEARCH_BASELINE
17850,18244,paternal,-13.0316,1,0,0,0,,,,,0,0,F20K,RESEARCH_BASELINE
17851,18245,paving,-13.0316,1,0,0,0,,,,,0,0,F20K,RESEARCH_BASELINE
17852,18246,peat,-13.0316,0,0,0,0,,,,,0,0,F20K,RESEARCH_BASELINE
17853,18247,perpetrator,-13.0316,0,0,0,0,,,,,0,0,F20K,RESEARCH_BASELINE
17854,18248,pests,-13.0316,1,1,0,1,,pest,,,1,0,F20K,RESEARCH_BASELINE
17855,18249,petals,-13.0316,1,0,0,0,,,,,0,0,F20K,RESEARCH_BASELINE
17856,18250,philips,-13.0316,0,0,0,0,,,,,0,0,F20K,RESEARCH_BASELINE
17857,18251,pitchers,-13.0316,0,0,0,0,,,,,0,0,F20K,RESEARCH_BASELINE
17858,18252,poised,-13.0316,1,0,0,0,,,,,0,0,F20K,RESEARCH_BASELINE
17859,18253,prejudices,-13.0316,1,1,0,1,,prejudice,,,1,0,F20K,RESEARCH_BASELINE
17860,18254,prelude,-13.0316,1,0,0,0,,,,,0,0,F20K,RESEARCH_BASELINE
17861,18255,prematurely,-13.0316,1,0,0,0,,,,,0,0,F20K,RESEARCH_BASELINE
17862,18256,primal,-13.0316,1,0,0,0,,,,,0,0,F20K,RESEARCH_BASELINE
17863,18257,punishable,-13.0316,1,0,0,0,,,,,0,0,F20K,RESEARCH_BASELINE
17864,18258,quarrel,-13.0316,1,0,0,0,,,,,0,0,F20K,RESEARCH_BASELINE
17865,18259,quickest,-13.0316,0,0,0,0,,,,,0,0,F20K,RESEARCH_BASELINE
17866,18260,raja,-13.0316,0,0,0,0,,,,,0,0,F20K,RESEARCH_BASELINE
17867,18261,rampage,-13.0316,1,0,0,0,,,,,0,0,F20K,RESEARCH_BASELINE
17868,18262,ratification,-13.0316,1,0,0,0,,,,,0,0,F20K,RESEARCH_BASELINE
17869,18263,realist,-13.0316,1,0,0,0,,,,,0,0,F20K,RESEARCH_BASELINE
17870,18264,reassure,-13.0316,1,0,0,0,,,,,0,0,F20K,RESEARCH_BASELINE
17871,18265,recite,-13.0316,1,0,0,0,,,,,0,0,F20K,RESEARCH_BASELINE
17872,18266,reconstructed,-13.0316,1,0,0,0,,,,,0,0,F20K,RESEARCH_BASELINE
17873,18267,referees,-13.0316,1,1,0,1,,referee,,,1,0,F20K,RESEARCH_BASELINE
17874,18268,refurbished,-13.0316,0,0,0,0,,,,,0,0,F20K,RESEARCH_BASELINE
17875,18269,reinstated,-13.0316,0,0,0,0,,,,,0,0,F20K,RESEARCH_BASELINE
17876,18270,renders,-13.0316,1,1,0,1,,render,,,1,0,F20K,RESEARCH_BASELINE
17877,18271,reprint,-13.0316,1,0,0,0,,,,,0,0,F20K,RESEARCH_BASELINE
17878,18272,revert,-13.0316,1,0,0,0,,,,,0,0,F20K,RESEARCH_BASELINE
17879,18273,ridges,-13.0316,1,1,1,1,,ridge,bridges,,1,1,F20K,RESEARCH_BASELINE
17880,18274,robes,-13.0316,1,1,1,1,,robe,probes,,1,1,F20K,RESEARCH_BASELINE
17881,18275,rollins,-13.0316,0,0,0,0,,,,,0,0,F20K,RESEARCH_BASELINE
17882,18276,routledge,-13.0316,0,0,0,0,,,,,0,0,F20K,RESEARCH_BASELINE
17883,18277,saturation,-13.0316,1,0,0,0,,,,,0,0,F20K,RESEARCH_BASELINE
17884,18278,savages,-13.0316,1,1,0,1,,savage,,,1,0,F20K,RESEARCH_BASELINE
17885,18279,senseless,-13.0316,1,0,0,0,,,,,0,0,F20K,RESEARCH_BASELINE
17886,18280,seventies,-13.0316,1,0,0,0,,,,,0,0,F20K,RESEARCH_BASELINE
17887,18281,shoreline,-13.0316,1,0,0,0,,,,,0,0,F20K,RESEARCH_BASELINE
17888,18282,shortcut,-13.0316,1,0,0,0,,,,,0,0,F20K,RESEARCH_BASELINE
17889,18283,shredded,-13.0316,1,0,0,0,,,,,0,0,F20K,RESEARCH_BASELINE
17890,18284,slew,-13.0316,1,0,0,0,,,,,0,0,F20K,RESEARCH_BASELINE
17891,18285,slippers,-13.0316,1,0,0,0,,,,,0,0,F20K,RESEARCH_BASELINE
17892,18286,soar,-13.0316,1,0,0,0,,,,,0,0,F20K,RESEARCH_BASELINE
17893,18287,socrates,-13.0316,0,0,0,0,,,,,0,0,F20K,RESEARCH_BASELINE
17894,18288,spamming,-13.0316,0,0,0,0,,,,,0,0,F20K,RESEARCH_BASELINE
17895,18289,squared,-13.0316,1,1,0,1,,square,,,1,0,F20K,RESEARCH_BASELINE
17896,18290,stacey,-13.0316,0,0,0,0,,,,,0,0,F20K,RESEARCH_BASELINE
17897,18291,subsistence,-13.0316,1,0,0,0,,,,,0,0,F20K,RESEARCH_BASELINE
17898,18292,suez,-13.0316,0,0,0,0,,,,,0,0,F20K,RESEARCH_BASELINE
17899,18293,sup,-13.0316,1,1,0,1,up,,,,1,0,F20K,RESEARCH_BASELINE
17900,18294,supervising,-13.0316,1,0,0,0,,,,,0,0,F20K,RESEARCH_BASELINE
17901,18295,sweeps,-13.0316,1,1,0,1,,sweep,,,1,0,F20K,RESEARCH_BASELINE
17902,18296,syllable,-13.0316,1,0,0,0,,,,,0,0,F20K,RESEARCH_BASELINE
17903,18297,taipei,-13.0316,0,0,0,0,,,,,0,0,F20K,RESEARCH_BASELINE
17904,18298,temperament,-13.0316,1,0,0,0,,,,,0,0,F20K,RESEARCH_BASELINE
17905,18300,tj,-13.0316,0,0,0,0,,,,,0,0,F20K,RESEARCH_BASELINE
17906,18301,trafford,-13.0316,0,0,0,0,,,,,0,0,F20K,RESEARCH_BASELINE
17907,18302,treacherous,-13.0316,1,0,0,0,,,,,0,0,F20K,RESEARCH_BASELINE
17908,18303,tremendously,-13.0316,1,0,0,0,,,,,0,0,F20K,RESEARCH_BASELINE
17909,18304,troopers,-13.0316,1,1,0,1,,trooper,,,1,0,F20K,RESEARCH_BASELINE
17910,18305,troublesome,-13.0316,1,0,0,0,,,,,0,0,F20K,RESEARCH_BASELINE
17911,18306,tyrone,-13.0316,0,0,0,0,,,,,0,0,F20K,RESEARCH_BASELINE
17912,18307,umpire,-13.0316,1,0,0,0,,,,,0,0,F20K,RESEARCH_BASELINE
17913,18308,unbelievably,-13.0316,1,0,0,0,,,,,0,0,F20K,RESEARCH_BASELINE
17914,18309,unborn,-13.0316,1,0,0,0,,,,,0,0,F20K,RESEARCH_BASELINE
17915,18310,unsuitable,-13.0316,1,0,0,0,,,,,0,0,F20K,RESEARCH_BASELINE
17916,18311,upfront,-13.0316,1,0,0,0,,,,,0,0,F20K,RESEARCH_BASELINE
17917,18312,uploading,-13.0316,1,0,0,0,,,,,0,0,F20K,RESEARCH_BASELINE
17918,18313,validate,-13.0316,1,0,0,0,,,,,0,0,F20K,RESEARCH_BASELINE
17919,18314,vets,-13.0316,1,1,0,1,,vet,,,1,0,F20K,RESEARCH_BASELINE
17920,18315,vida,-13.0316,0,0,0,0,,,,,0,0,F20K,RESEARCH_BASELINE
17921,18316,woken,-13.0316,1,1,0,1,,woke,,,1,0,F20K,RESEARCH_BASELINE
17922,18317,www,-13.0316,0,0,0,0,,,,,0,0,F20K,RESEARCH_BASELINE
17923,18318,yeh,-13.0316,0,0,0,0,,,,,0,0,F20K,RESEARCH_BASELINE
17924,18319,yong,-13.0316,0,0,0,0,,,,,0,0,F20K,RESEARCH_BASELINE
17925,18320,yves,-13.0316,0,0,0,0,,,,,0,0,F20K,RESEARCH_BASELINE
17926,18321,zelda,-13.0316,0,0,0,0,,,,,0,0,F20K,RESEARCH_BASELINE
17927,18325,abigail,-13.0547,0,0,0,0,,,,,0,0,F20K,RESEARCH_BASELINE
17928,18326,abnormalities,-13.0547,0,0,0,0,,,,,0,0,F20K,RESEARCH_BASELINE
17929,18327,additive,-13.0547,1,0,0,0,,,,,0,0,F20K,RESEARCH_BASELINE
17930,18328,adversity,-13.0547,1,0,0,0,,,,,0,0,F20K,RESEARCH_BASELINE
17931,18329,afterlife,-13.0547,1,0,0,0,,,,,0,0,F20K,RESEARCH_BASELINE
17932,18330,allotted,-13.0547,0,0,0,0,,,,,0,0,F20K,RESEARCH_BASELINE
17933,18331,amc,-13.0547,0,0,0,0,,,,,0,0,F20K,RESEARCH_BASELINE
17934,18332,amplifier,-13.0547,1,0,0,0,,,,,0,0,F20K,RESEARCH_BASELINE
17935,18333,approving,-13.0547,1,0,0,0,,,,,0,0,F20K,RESEARCH_BASELINE
17936,18334,assembling,-13.0547,1,0,0,0,,,,,0,0,F20K,RESEARCH_BASELINE
17937,18335,assertions,-13.0547,1,1,0,1,,assertion,,,1,0,F20K,RESEARCH_BASELINE
17938,18336,astounding,-13.0547,1,0,0,0,,,,,0,0,F20K,RESEARCH_BASELINE
17939,18337,atkinson,-13.0547,0,0,0,0,,,,,0,0,F20K,RESEARCH_BASELINE
17940,18338,barbarian,-13.0547,1,0,0,0,,,,,0,0,F20K,RESEARCH_BASELINE
17941,18339,barrow,-13.0547,0,0,0,0,,,,,0,0,F20K,RESEARCH_BASELINE
17942,18340,basal,-13.0547,1,0,0,0,,,,,0,0,F20K,RESEARCH_BASELINE
17943,18341,bedside,-13.0547,1,0,0,0,,,,,0,0,F20K,RESEARCH_BASELINE
17944,18342,berg,-13.0547,0,0,0,0,,,,,0,0,F20K,RESEARCH_BASELINE
17945,18343,bern,-13.0547,0,0,0,0,,,,,0,0,F20K,RESEARCH_BASELINE
17946,18345,blasphemy,-13.0547,1,0,0,0,,,,,0,0,F20K,RESEARCH_BASELINE
17947,18346,bn,-13.0547,0,0,0,0,,,,,0,0,F20K,RESEARCH_BASELINE
17948,18347,bom,-13.0547,0,0,0,0,,,,,0,0,F20K,RESEARCH_BASELINE
17949,18348,boone,-13.0547,0,0,0,0,,,,,0,0,F20K,RESEARCH_BASELINE
17950,18349,borderline,-13.0547,1,0,0,0,,,,,0,0,F20K,RESEARCH_BASELINE
17951,18350,butch,-13.0547,0,0,0,0,,,,,0,0,F20K,RESEARCH_BASELINE
17952,18351,cadet,-13.0547,1,1,1,0,,,,cadets,0,1,F20K,RESEARCH_BASELINE
17953,18352,calves,-13.0547,1,0,0,0,,,,,0,0,F20K,RESEARCH_BASELINE
17954,18353,campaigned,-13.0547,0,0,0,0,,,,,0,0,F20K,RESEARCH_BASELINE
17955,18354,caramel,-13.0547,1,0,0,0,,,,,0,0,F20K,RESEARCH_BASELINE
17956,18355,categorized,-13.0547,0,0,0,0,,,,,0,0,F20K,RESEARCH_BASELINE
17957,18356,cba,-13.0547,0,0,0,0,,,,,0,0,F20K,RESEARCH_BASELINE
17958,18357,censored,-13.0547,0,0,0,0,,,,,0,0,F20K,RESEARCH_BASELINE
17959,18358,centrally,-13.0547,1,0,0,0,,,,,0,0,F20K,RESEARCH_BASELINE
17960,18359,centric,-13.0547,0,0,0,0,,,,,0,0,F20K,RESEARCH_BASELINE
17961,18360,cesar,-13.0547,0,0,0,0,,,,,0,0,F20K,RESEARCH_BASELINE
17962,18361,cherokee,-13.0547,0,0,0,0,,,,,0,0,F20K,RESEARCH_BASELINE
17963,18362,cio,-13.0547,0,0,0,0,,,,,0,0,F20K,RESEARCH_BASELINE
17964,18364,clinging,-13.0547,1,0,0,0,,,,,0,0,F20K,RESEARCH_BASELINE
17965,18365,cobalt,-13.0547,1,0,0,0,,,,,0,0,F20K,RESEARCH_BASELINE
17966,18366,coli,-13.0547,0,0,0,0,,,,,0,0,F20K,RESEARCH_BASELINE
17967,18367,commandment,-13.0547,1,0,0,0,,,,,0,0,F20K,RESEARCH_BASELINE
17968,18368,commemorative,-13.0547,1,0,0,0,,,,,0,0,F20K,RESEARCH_BASELINE
17969,18369,commentaries,-13.0547,1,0,0,0,,,,,0,0,F20K,RESEARCH_BASELINE
17970,18370,commissioning,-13.0547,1,0,0,0,,,,,0,0,F20K,RESEARCH_BASELINE
17971,18371,compressor,-13.0547,1,0,0,0,,,,,0,0,F20K,RESEARCH_BASELINE
17972,18372,compromising,-13.0547,1,0,0,0,,,,,0,0,F20K,RESEARCH_BASELINE
17973,18373,computed,-13.0547,0,0,0,0,,,,,0,0,F20K,RESEARCH_BASELINE
17974,18374,cords,-13.0547,1,1,0,1,,cord,,,1,0,F20K,RESEARCH_BASELINE
17975,18375,cosy,-13.0547,0,0,0,0,,,,,0,0,F20K,RESEARCH_BASELINE
17976,18376,cumberland,-13.0547,0,0,0,0,,,,,0,0,F20K,RESEARCH_BASELINE
17977,18377,curfew,-13.0547,1,0,0,0,,,,,0,0,F20K,RESEARCH_BASELINE
17978,18379,dalai,-13.0547,0,0,0,0,,,,,0,0,F20K,RESEARCH_BASELINE
17979,18380,damian,-13.0547,0,0,0,0,,,,,0,0,F20K,RESEARCH_BASELINE
17980,18381,dazzling,-13.0547,1,0,0,0,,,,,0,0,F20K,RESEARCH_BASELINE
17981,18382,decorating,-13.0547,1,0,0,0,,,,,0,0,F20K,RESEARCH_BASELINE
17982,18383,deficient,-13.0547,1,0,0,0,,,,,0,0,F20K,RESEARCH_BASELINE
17983,18384,deities,-13.0547,1,0,0,0,,,,,0,0,F20K,RESEARCH_BASELINE
17984,18385,delights,-13.0547,1,1,0,1,,delight,,,1,0,F20K,RESEARCH_BASELINE
17985,18386,deserts,-13.0547,1,1,0,1,,desert,,,1,0,F20K,RESEARCH_BASELINE
17986,18387,disclaimer,-13.0547,1,0,0,0,,,,,0,0,F20K,RESEARCH_BASELINE
17987,18388,dungeons,-13.0547,1,1,0,1,,dungeon,,,1,0,F20K,RESEARCH_BASELINE
17988,18389,elevate,-13.0547,1,1,1,0,,,,elevated,0,1,F20K,RESEARCH_BASELINE
17989,18390,emptied,-13.0547,1,0,0,0,,,,,0,0,F20K,RESEARCH_BASELINE
17990,18391,enlist,-13.0547,1,0,0,0,,,,,0,0,F20K,RESEARCH_BASELINE
17991,18392,entail,-13.0547,1,1,1,0,,,,entails,0,1,F20K,RESEARCH_BASELINE
17992,18393,erratic,-13.0547,1,0,0,0,,,,,0,0,F20K,RESEARCH_BASELINE
17993,18394,exacerbated,-13.0547,0,0,0,0,,,,,0,0,F20K,RESEARCH_BASELINE
17994,18395,externally,-13.0547,1,0,0,0,,,,,0,0,F20K,RESEARCH_BASELINE
17995,18396,extravagant,-13.0547,1,0,0,0,,,,,0,0,F20K,RESEARCH_BASELINE
17996,18397,eyebrow,-13.0547,1,1,1,0,,,,eyebrows,0,1,F20K,RESEARCH_BASELINE
17997,18398,fang,-13.0547,1,1,0,1,,fan,,,1,0,F20K,RESEARCH_BASELINE
17998,18399,farmed,-13.0547,0,0,0,0,,,,,0,0,F20K,RESEARCH_BASELINE
17999,18400,fiesta,-13.0547,1,0,0,0,,,,,0,0,F20K,RESEARCH_BASELINE
18000,18401,finalist,-13.0547,1,1,1,0,,,,finalists,0,1,F20K,RESEARCH_BASELINE
18001,18402,fins,-13.0547,1,1,0,1,ins,fin,,,2,0,F20K,RESEARCH_BASELINE
18002,18403,flattened,-13.0547,1,0,0,0,,,,,0,0,F20K,RESEARCH_BASELINE
18003,18404,floppy,-13.0547,1,0,0,0,,,,,0,0,F20K,RESEARCH_BASELINE
18004,18405,fluorescent,-13.0547,1,0,0,0,,,,,0,0,F20K,RESEARCH_BASELINE
18005,18406,forging,-13.0547,1,0,0,0,,,,,0,0,F20K,RESEARCH_BASELINE
18006,18407,frontiers,-13.0547,1,1,0,1,,frontier,,,1,0,F20K,RESEARCH_BASELINE
18007,18408,funerals,-13.0547,1,1,0,1,,funeral,,,1,0,F20K,RESEARCH_BASELINE
18008,18409,galloway,-13.0547,0,0,0,0,,,,,0,0,F20K,RESEARCH_BASELINE
18009,18410,garth,-13.0547,0,0,0,0,,,,,0,0,F20K,RESEARCH_BASELINE
18010,18411,glossary,-13.0547,1,0,0,0,,,,,0,0,F20K,RESEARCH_BASELINE
18011,18412,grieving,-13.0547,1,0,0,0,,,,,0,0,F20K,RESEARCH_BASELINE
18012,18413,groundbreaking,-13.0547,0,0,0,0,,,,,0,0,F20K,RESEARCH_BASELINE
18013,18414,hallucinations,-13.0547,1,0,0,0,,,,,0,0,F20K,RESEARCH_BASELINE
18014,18415,handheld,-13.0547,1,0,0,0,,,,,0,0,F20K,RESEARCH_BASELINE
18015,18416,hanover,-13.0547,0,0,0,0,,,,,0,0,F20K,RESEARCH_BASELINE
18016,18417,harassing,-13.0547,1,0,0,0,,,,,0,0,F20K,RESEARCH_BASELINE
18017,18418,heartless,-13.0547,1,0,0,0,,,,,0,0,F20K,RESEARCH_BASELINE
18018,18419,hesitant,-13.0547,1,0,0,0,,,,,0,0,F20K,RESEARCH_BASELINE
18019,18420,hezbollah,-13.0547,0,0,0,0,,,,,0,0,F20K,RESEARCH_BASELINE
18020,18421,hinges,-13.0547,1,1,0,1,,hinge,,,1,0,F20K,RESEARCH_BASELINE
18021,18422,horrifying,-13.0547,1,0,0,0,,,,,0,0,F20K,RESEARCH_BASELINE
18022,18423,hostess,-13.0547,1,0,0,0,,,,,0,0,F20K,RESEARCH_BASELINE
18023,18424,hubs,-13.0547,1,1,0,1,,hub,,,1,0,F20K,RESEARCH_BASELINE
18024,18425,hue,-13.0547,1,0,0,0,,,,,0,0,F20K,RESEARCH_BASELINE
18025,18426,illustrating,-13.0547,0,0,0,0,,,,,0,0,F20K,RESEARCH_BASELINE
18026,18427,impeachment,-13.0547,1,0,0,0,,,,,0,0,F20K,RESEARCH_BASELINE
18027,18428,imposes,-13.0547,1,1,0,1,,impose,,,1,0,F20K,RESEARCH_BASELINE
18028,18429,imprint,-13.0547,1,0,0,0,,,,,0,0,F20K,RESEARCH_BASELINE
18029,18430,impunity,-13.0547,1,0,0,0,,,,,0,0,F20K,RESEARCH_BASELINE
18030,18431,incarcerated,-13.0547,0,0,0,0,,,,,0,0,F20K,RESEARCH_BASELINE
18031,18432,inconsistency,-13.0547,1,0,0,0,,,,,0,0,F20K,RESEARCH_BASELINE
18032,18433,inhibitors,-13.0547,0,0,0,0,,,,,0,0,F20K,RESEARCH_BASELINE
18033,18434,inhuman,-13.0547,0,0,0,0,,,,,0,0,F20K,RESEARCH_BASELINE
18034,18435,insurgent,-13.0547,1,1,1,0,,,,insurgents,0,1,F20K,RESEARCH_BASELINE
18035,18436,intestinal,-13.0547,1,0,0,0,,,,,0,0,F20K,RESEARCH_BASELINE
18036,18437,isil,-13.0547,0,0,0,0,,,,,0,0,F20K,RESEARCH_BASELINE
18037,18438,itch,-13.0547,1,1,1,0,,,pitch;witch;ditch;hitch,itchy,0,5,F20K,RESEARCH_BASELINE
18038,18439,jammed,-13.0547,1,0,0,0,,,,,0,0,F20K,RESEARCH_BASELINE
18039,18440,jurisprudence,-13.0547,0,0,0,0,,,,,0,0,F20K,RESEARCH_BASELINE
18040,18441,keynes,-13.0547,0,0,0,0,,,,,0,0,F20K,RESEARCH_BASELINE
18041,18442,kilograms,-13.0547,0,0,0,0,,,,,0,0,F20K,RESEARCH_BASELINE
18042,18443,lankan,-13.0547,0,0,0,0,,,,,0,0,F20K,RESEARCH_BASELINE
18043,18444,lashes,-13.0547,1,1,1,1,ashes,,flashes,,1,1,F20K,RESEARCH_BASELINE
18044,18445,ld,-13.0547,0,0,0,0,,,,,0,0,F20K,RESEARCH_BASELINE
18045,18446,leaps,-13.0547,1,1,0,1,,leap,,,1,0,F20K,RESEARCH_BASELINE
18046,18447,legalization,-13.0547,1,0,0,0,,,,,0,0,F20K,RESEARCH_BASELINE
18047,18448,lofty,-13.0547,1,1,0,1,,loft,,,1,0,F20K,RESEARCH_BASELINE
18048,18449,loosen,-13.0547,1,1,0,1,,loose,,,1,0,F20K,RESEARCH_BASELINE
18049,18450,lte,-13.0547,0,0,0,0,,,,,0,0,F20K,RESEARCH_BASELINE
18050,18451,ludicrous,-13.0547,1,0,0,0,,,,,0,0,F20K,RESEARCH_BASELINE
18051,18452,luigi,-13.0547,0,0,0,0,,,,,0,0,F20K,RESEARCH_BASELINE
18052,18454,mandates,-13.0547,1,1,0,1,,mandate,,,1,0,F20K,RESEARCH_BASELINE
18053,18455,manic,-13.0547,1,0,0,0,,,,,0,0,F20K,RESEARCH_BASELINE
18054,18456,manslaughter,-13.0547,1,0,0,0,,,,,0,0,F20K,RESEARCH_BASELINE
18055,18457,masturbation,-13.0547,0,0,0,0,,,,,0,0,F20K,RESEARCH_BASELINE
18056,18458,mathematician,-13.0547,1,1,1,0,,,,mathematicians,0,1,F20K,RESEARCH_BASELINE
18057,18459,matured,-13.0547,0,0,0,0,,,,,0,0,F20K,RESEARCH_BASELINE
18058,18460,melancholy,-13.0547,1,0,0,0,,,,,0,0,F20K,RESEARCH_BASELINE
18059,18461,mellow,-13.0547,1,0,0,0,,,,,0,0,F20K,RESEARCH_BASELINE
18060,18462,mer,-13.0547,0,0,0,0,,,,,0,0,F20K,RESEARCH_BASELINE
18061,18463,migraine,-13.0547,1,0,0,0,,,,,0,0,F20K,RESEARCH_BASELINE
18062,18464,migrated,-13.0547,0,0,0,0,,,,,0,0,F20K,RESEARCH_BASELINE
18063,18465,mir,-13.0547,0,0,0,0,,,,,0,0,F20K,RESEARCH_BASELINE
18064,18466,misplaced,-13.0547,1,0,0,0,,,,,0,0,F20K,RESEARCH_BASELINE
18065,18467,mocked,-13.0547,0,0,0,0,,,,,0,0,F20K,RESEARCH_BASELINE
18066,18468,modelled,-13.0547,0,0,0,0,,,,,0,0,F20K,RESEARCH_BASELINE
18067,18469,momma,-13.0547,1,0,0,0,,,,,0,0,F20K,RESEARCH_BASELINE
18068,18470,moor,-13.0547,1,0,0,0,,,,,0,0,F20K,RESEARCH_BASELINE
18069,18471,morales,-13.0547,0,0,0,0,,,,,0,0,F20K,RESEARCH_BASELINE
18070,18472,motherhood,-13.0547,1,0,0,0,,,,,0,0,F20K,RESEARCH_BASELINE
18071,18473,muffin,-13.0547,1,0,0,0,,,,,0,0,F20K,RESEARCH_BASELINE
18072,18474,muted,-13.0547,1,1,0,1,,mute,,,1,0,F20K,RESEARCH_BASELINE
18073,18475,muzzle,-13.0547,1,0,0,0,,,,,0,0,F20K,RESEARCH_BASELINE
18074,18476,narrated,-13.0547,0,0,0,0,,,,,0,0,F20K,RESEARCH_BASELINE
18075,18477,nemesis,-13.0547,1,0,0,0,,,,,0,0,F20K,RESEARCH_BASELINE
18076,18478,nip,-13.0547,1,0,0,0,,,,,0,0,F20K,RESEARCH_BASELINE
18077,18479,nom,-13.0547,0,0,0,0,,,,,0,0,F20K,RESEARCH_BASELINE
18078,18481,nutshell,-13.0547,1,0,0,0,,,,,0,0,F20K,RESEARCH_BASELINE
18079,18482,oem,-13.0547,0,0,0,0,,,,,0,0,F20K,RESEARCH_BASELINE
18080,18483,ohhh,-13.0547,0,0,0,0,,,,,0,0,F20K,RESEARCH_BASELINE
18081,18484,ollie,-13.0547,0,0,0,0,,,,,0,0,F20K,RESEARCH_BASELINE
18082,18485,orbits,-13.0547,1,1,0,1,,orbit,,,1,0,F20K,RESEARCH_BASELINE
18083,18486,outweigh,-13.0547,1,0,0,0,,,,,0,0,F20K,RESEARCH_BASELINE
18084,18487,pap,-13.0547,0,0,0,0,,,,,0,0,F20K,RESEARCH_BASELINE
18085,18488,patel,-13.0547,0,0,0,0,,,,,0,0,F20K,RESEARCH_BASELINE
18086,18489,pats,-13.0547,1,1,0,1,,pat,,,1,0,F20K,RESEARCH_BASELINE
18087,18490,peep,-13.0547,1,1,0,1,,pee,,,1,0,F20K,RESEARCH_BASELINE
18088,18491,pennies,-13.0547,1,0,0,0,,,,,0,0,F20K,RESEARCH_BASELINE
18089,18492,persuasive,-13.0547,1,0,0,0,,,,,0,0,F20K,RESEARCH_BASELINE
18090,18493,petite,-13.0547,1,1,0,1,,petit,,,1,0,F20K,RESEARCH_BASELINE
18091,18494,pew,-13.0547,1,0,0,0,,,,,0,0,F20K,RESEARCH_BASELINE
18092,18495,philanthropy,-13.0547,1,0,0,0,,,,,0,0,F20K,RESEARCH_BASELINE
18093,18496,pisa,-13.0547,0,0,0,0,,,,,0,0,F20K,RESEARCH_BASELINE
18094,18497,plated,-13.0547,1,1,0,1,,plate,,,1,0,F20K,RESEARCH_BASELINE
18095,18498,predictive,-13.0547,1,0,0,0,,,,,0,0,F20K,RESEARCH_BASELINE
18096,18499,prized,-13.0547,1,1,0,1,,prize,,,1,0,F20K,RESEARCH_BASELINE
18097,18500,prowess,-13.0547,0,0,0,0,,,,,0,0,F20K,RESEARCH_BASELINE
18098,18501,pu,-13.0547,0,0,0,0,,,,,0,0,F20K,RESEARCH_BASELINE
18099,18502,pulitzer,-13.0547,0,0,0,0,,,,,0,0,F20K,RESEARCH_BASELINE
18100,18503,racks,-13.0547,1,1,1,1,,rack,tracks;cracks,,1,2,F20K,RESEARCH_BASELINE
18101,18504,rama,-13.0547,0,0,0,0,,,,,0,0,F20K,RESEARCH_BASELINE
18102,18505,rattle,-13.0547,1,0,0,0,,,,,0,0,F20K,RESEARCH_BASELINE
18103,18506,recycle,-13.0547,1,1,1,0,,,,recycled,0,1,F20K,RESEARCH_BASELINE
18104,18507,redevelopment,-13.0547,1,0,0,0,,,,,0,0,F20K,RESEARCH_BASELINE
18105,18508,renovations,-13.0547,0,0,0,0,,,,,0,0,F20K,RESEARCH_BASELINE
18106,18509,rentals,-13.0547,1,1,0,1,,rental,,,1,0,F20K,RESEARCH_BASELINE
18107,18510,reuse,-13.0547,1,0,0,0,,,,,0,0,F20K,RESEARCH_BASELINE
18108,18511,revolves,-13.0547,0,0,0,0,,,,,0,0,F20K,RESEARCH_BASELINE
18109,18512,rodeo,-13.0547,1,1,0,1,,rode,,,1,0,F20K,RESEARCH_BASELINE
18110,18513,rolex,-13.0547,0,0,0,0,,,,,0,0,F20K,RESEARCH_BASELINE
18111,18514,ru,-13.0547,0,0,0,0,,,,,0,0,F20K,RESEARCH_BASELINE
18112,18516,saliva,-13.0547,1,0,0,0,,,,,0,0,F20K,RESEARCH_BASELINE
18113,18517,scrape,-13.0547,1,1,0,1,,scrap,,,1,0,F20K,RESEARCH_BASELINE
18114,18518,seam,-13.0547,1,1,0,1,,sea,,,1,0,F20K,RESEARCH_BASELINE
18115,18519,sensations,-13.0547,1,1,0,1,,sensation,,,1,0,F20K,RESEARCH_BASELINE
18116,18520,sermons,-13.0547,1,1,0,1,,sermon,,,1,0,F20K,RESEARCH_BASELINE
18117,18521,showtime,-13.0547,1,0,0,0,,,,,0,0,F20K,RESEARCH_BASELINE
18118,18522,siemens,-13.0547,0,0,0,0,,,,,0,0,F20K,RESEARCH_BASELINE
18119,18523,silenced,-13.0547,1,1,0,1,,silence,,,1,0,F20K,RESEARCH_BASELINE
18120,18524,slay,-13.0547,1,1,0,1,lay,,,,1,0,F20K,RESEARCH_BASELINE
18121,18525,sludge,-13.0547,1,0,0,0,,,,,0,0,F20K,RESEARCH_BASELINE
18122,18526,slug,-13.0547,1,0,0,0,,,,,0,0,F20K,RESEARCH_BASELINE
18123,18527,soften,-13.0547,1,1,0,1,often,,,,1,0,F20K,RESEARCH_BASELINE
18124,18528,specifying,-13.0547,1,0,0,0,,,,,0,0,F20K,RESEARCH_BASELINE
18125,18529,spruce,-13.0547,1,0,0,0,,,,,0,0,F20K,RESEARCH_BASELINE
18126,18530,suction,-13.0547,1,0,0,0,,,,,0,0,F20K,RESEARCH_BASELINE
18127,18531,suzuki,-13.0547,0,0,0,0,,,,,0,0,F20K,RESEARCH_BASELINE
18128,18532,swam,-13.0547,1,1,1,0,,,,swamp,0,1,F20K,RESEARCH_BASELINE
18129,18533,symmetrical,-13.0547,1,0,0,0,,,,,0,0,F20K,RESEARCH_BASELINE
18130,18534,tainted,-13.0547,1,0,0,0,,,,,0,0,F20K,RESEARCH_BASELINE
18131,18535,thierry,-13.0547,0,0,0,0,,,,,0,0,F20K,RESEARCH_BASELINE
18132,18536,tightening,-13.0547,1,0,0,0,,,,,0,0,F20K,RESEARCH_BASELINE
18133,18537,ting,-13.0547,1,1,1,1,,tin,sting,,1,1,F20K,RESEARCH_BASELINE
18134,18538,tonne,-13.0547,0,0,0,0,,,,,0,0,F20K,RESEARCH_BASELINE
18135,18539,tossing,-13.0547,1,0,0,0,,,,,0,0,F20K,RESEARCH_BASELINE
18136,18540,traverse,-13.0547,1,0,0,0,,,,,0,0,F20K,RESEARCH_BASELINE
18137,18541,triumphant,-13.0547,1,0,0,0,,,,,0,0,F20K,RESEARCH_BASELINE
18138,18542,trolley,-13.0547,1,0,0,0,,,,,0,0,F20K,RESEARCH_BASELINE
18139,18543,turk,-13.0547,0,0,0,0,,,,,0,0,F20K,RESEARCH_BASELINE
18140,18545,tyrant,-13.0547,1,0,0,0,,,,,0,0,F20K,RESEARCH_BASELINE
18141,18546,undermining,-13.0547,1,0,0,0,,,,,0,0,F20K,RESEARCH_BASELINE
18142,18547,undone,-13.0547,1,0,0,0,,,,,0,0,F20K,RESEARCH_BASELINE
18143,18548,unicef,-13.0547,0,0,0,0,,,,,0,0,F20K,RESEARCH_BASELINE
18144,18549,usda,-13.0547,0,0,0,0,,,,,0,0,F20K,RESEARCH_BASELINE
18145,18550,vapour,-13.0547,0,0,0,0,,,,,0,0,F20K,RESEARCH_BASELINE
18146,18551,viper,-13.0547,1,0,0,0,,,,,0,0,F20K,RESEARCH_BASELINE
18147,18552,virgins,-13.0547,1,1,0,1,,virgin,,,1,0,F20K,RESEARCH_BASELINE
18148,18553,wheeled,-13.0547,1,0,0,0,,,,,0,0,F20K,RESEARCH_BASELINE
18149,18554,whitman,-13.0547,0,0,0,0,,,,,0,0,F20K,RESEARCH_BASELINE
18150,18555,whores,-13.0547,0,0,0,0,,,,,0,0,F20K,RESEARCH_BASELINE
18151,18556,withhold,-13.0547,1,0,0,0,,,,,0,0,F20K,RESEARCH_BASELINE
18152,18557,yates,-13.0547,0,0,0,0,,,,,0,0,F20K,RESEARCH_BASELINE
18153,18558,zeppelin,-13.0547,1,0,0,0,,,,,0,0,F20K,RESEARCH_BASELINE
18154,18559,zu,-13.0547,0,0,0,0,,,,,0,0,F20K,RESEARCH_BASELINE
18155,18566,abstraction,-13.0783,1,0,0,0,,,,,0,0,F20K,RESEARCH_BASELINE
18156,18567,adidas,-13.0783,0,0,0,0,,,,,0,0,F20K,RESEARCH_BASELINE
18157,18568,agility,-13.0783,1,0,0,0,,,,,0,0,F20K,RESEARCH_BASELINE
18158,18569,agrarian,-13.0783,0,0,0,0,,,,,0,0,F20K,RESEARCH_BASELINE
18159,18570,airfield,-13.0783,1,0,0,0,,,,,0,0,F20K,RESEARCH_BASELINE
18160,18571,albion,-13.0783,0,0,0,0,,,,,0,0,F20K,RESEARCH_BASELINE
18161,18572,allocate,-13.0783,1,1,1,0,,,,allocated,0,1,F20K,RESEARCH_BASELINE
18162,18573,apologizing,-13.0783,1,0,0,0,,,,,0,0,F20K,RESEARCH_BASELINE
18163,18574,approximation,-13.0783,1,0,0,0,,,,,0,0,F20K,RESEARCH_BASELINE
18164,18575,arbitrarily,-13.0783,1,0,0,0,,,,,0,0,F20K,RESEARCH_BASELINE
18165,18576,arenas,-13.0783,1,1,0,1,,arena,,,1,0,F20K,RESEARCH_BASELINE
18166,18577,arisen,-13.0783,1,1,0,1,risen,arise,,,2,0,F20K,RESEARCH_BASELINE
18167,18578,atheists,-13.0783,1,1,0,1,,atheist,,,1,0,F20K,RESEARCH_BASELINE
18168,18579,auf,-13.0783,0,0,0,0,,,,,0,0,F20K,RESEARCH_BASELINE
18169,18580,barca,-13.0783,0,0,0,0,,,,,0,0,F20K,RESEARCH_BASELINE
18170,18581,bashing,-13.0783,0,0,0,0,,,,,0,0,F20K,RESEARCH_BASELINE
18171,18582,bavaria,-13.0783,0,0,0,0,,,,,0,0,F20K,RESEARCH_BASELINE
18172,18583,bengals,-13.0783,0,0,0,0,,,,,0,0,F20K,RESEARCH_BASELINE
18173,18584,binder,-13.0783,1,0,0,0,,,,,0,0,F20K,RESEARCH_BASELINE
18174,18585,blackhawks,-13.0783,0,0,0,0,,,,,0,0,F20K,RESEARCH_BASELINE
18175,18586,blockbuster,-13.0783,1,0,0,0,,,,,0,0,F20K,RESEARCH_BASELINE
18176,18587,bonnet,-13.0783,1,0,0,0,,,,,0,0,F20K,RESEARCH_BASELINE
18177,18588,boxed,-13.0783,1,0,0,0,,,,,0,0,F20K,RESEARCH_BASELINE
18178,18589,breton,-13.0783,0,0,0,0,,,,,0,0,F20K,RESEARCH_BASELINE
18179,18590,bribes,-13.0783,1,1,0,1,,bribe,,,1,0,F20K,RESEARCH_BASELINE
18180,18591,brits,-13.0783,0,0,0,0,,,,,0,0,F20K,RESEARCH_BASELINE
18181,18592,bundled,-13.0783,0,0,0,0,,,,,0,0,F20K,RESEARCH_BASELINE
18182,18593,buns,-13.0783,1,1,0,1,,bun,,,1,0,F20K,RESEARCH_BASELINE
18183,18594,burlington,-13.0783,0,0,0,0,,,,,0,0,F20K,RESEARCH_BASELINE
18184,18595,cali,-13.0783,0,0,0,0,,,,,0,0,F20K,RESEARCH_BASELINE
18185,18596,camels,-13.0783,1,1,0,1,,camel,,,1,0,F20K,RESEARCH_BASELINE
18186,18597,capsules,-13.0783,1,1,0,1,,capsule,,,1,0,F20K,RESEARCH_BASELINE
18187,18598,cartridges,-13.0783,0,0,0,0,,,,,0,0,F20K,RESEARCH_BASELINE
18188,18599,caterpillar,-13.0783,1,0,0,0,,,,,0,0,F20K,RESEARCH_BASELINE
18189,18600,cavaliers,-13.0783,0,0,0,0,,,,,0,0,F20K,RESEARCH_BASELINE
18190,18601,censor,-13.0783,1,0,0,0,,,,,0,0,F20K,RESEARCH_BASELINE
18191,18602,chocolates,-13.0783,1,1,0,1,,chocolate,,,1,0,F20K,RESEARCH_BASELINE
18192,18603,chun,-13.0783,0,0,0,0,,,,,0,0,F20K,RESEARCH_BASELINE
18193,18604,claimants,-13.0783,0,0,0,0,,,,,0,0,F20K,RESEARCH_BASELINE
18194,18605,classmate,-13.0783,1,0,0,0,,,,,0,0,F20K,RESEARCH_BASELINE
18195,18606,clover,-13.0783,1,1,0,1,lover,,,,1,0,F20K,RESEARCH_BASELINE
18196,18607,collapses,-13.0783,0,0,0,0,,,,,0,0,F20K,RESEARCH_BASELINE
18197,18608,collapsing,-13.0783,0,0,0,0,,,,,0,0,F20K,RESEARCH_BASELINE
18198,18609,combatants,-13.0783,0,0,0,0,,,,,0,0,F20K,RESEARCH_BASELINE
18199,18610,comedies,-13.0783,0,0,0,0,,,,,0,0,F20K,RESEARCH_BASELINE
18200,18611,comforts,-13.0783,1,1,0,1,,comfort,,,1,0,F20K,RESEARCH_BASELINE
18201,18612,commencing,-13.0783,0,0,0,0,,,,,0,0,F20K,RESEARCH_BASELINE
18202,18614,conditioner,-13.0783,1,0,0,0,,,,,0,0,F20K,RESEARCH_BASELINE
18203,18615,conservatism,-13.0783,0,0,0,0,,,,,0,0,F20K,RESEARCH_BASELINE
18204,18616,contour,-13.0783,1,0,0,0,,,,,0,0,F20K,RESEARCH_BASELINE
18205,18617,cooke,-13.0783,0,0,0,0,,,,,0,0,F20K,RESEARCH_BASELINE
18206,18618,coronary,-13.0783,1,0,0,0,,,,,0,0,F20K,RESEARCH_BASELINE
18207,18619,coyote,-13.0783,1,1,1,0,,,,coyotes,0,1,F20K,RESEARCH_BASELINE
18208,18620,crimean,-13.0783,0,0,0,0,,,,,0,0,F20K,RESEARCH_BASELINE
18209,18621,danube,-13.0783,0,0,0,0,,,,,0,0,F20K,RESEARCH_BASELINE
18210,18622,dayton,-13.0783,0,0,0,0,,,,,0,0,F20K,RESEARCH_BASELINE
18211,18623,debuted,-13.0783,0,0,0,0,,,,,0,0,F20K,RESEARCH_BASELINE
18212,18624,decidedly,-13.0783,1,0,0,0,,,,,0,0,F20K,RESEARCH_BASELINE
18213,18625,diapers,-13.0783,1,1,0,1,,diaper,,,1,0,F20K,RESEARCH_BASELINE
18214,18626,digitally,-13.0783,1,0,0,0,,,,,0,0,F20K,RESEARCH_BASELINE
18215,18627,dissemination,-13.0783,1,0,0,0,,,,,0,0,F20K,RESEARCH_BASELINE
18216,18628,dixie,-13.0783,0,0,0,0,,,,,0,0,F20K,RESEARCH_BASELINE
18217,18629,dustin,-13.0783,0,0,0,0,,,,,0,0,F20K,RESEARCH_BASELINE
18218,18630,elective,-13.0783,1,1,1,0,,,selective,,0,1,F20K,RESEARCH_BASELINE
18219,18631,embryos,-13.0783,1,1,0,1,,embryo,,,1,0,F20K,RESEARCH_BASELINE
18220,18632,eminence,-13.0783,1,0,0,0,,,,,0,0,F20K,RESEARCH_BASELINE
18221,18633,enigma,-13.0783,1,0,0,0,,,,,0,0,F20K,RESEARCH_BASELINE
18222,18634,enraged,-13.0783,1,0,0,0,,,,,0,0,F20K,RESEARCH_BASELINE
18223,18635,enroll,-13.0783,1,0,0,0,,,,,0,0,F20K,RESEARCH_BASELINE
18224,18636,eq,-13.0783,0,0,0,0,,,,,0,0,F20K,RESEARCH_BASELINE
18225,18637,erm,-13.0783,0,0,0,0,,,,,0,0,F20K,RESEARCH_BASELINE
18226,18638,erroneous,-13.0783,1,0,0,0,,,,,0,0,F20K,RESEARCH_BASELINE
18227,18639,estuary,-13.0783,1,0,0,0,,,,,0,0,F20K,RESEARCH_BASELINE
18228,18640,evoke,-13.0783,1,0,0,0,,,,,0,0,F20K,RESEARCH_BASELINE
18229,18641,exaggeration,-13.0783,1,0,0,0,,,,,0,0,F20K,RESEARCH_BASELINE
18230,18642,exiting,-13.0783,0,0,0,0,,,,,0,0,F20K,RESEARCH_BASELINE
18231,18643,exposures,-13.0783,0,0,0,0,,,,,0,0,F20K,RESEARCH_BASELINE
18232,18644,extortion,-13.0783,1,0,0,0,,,,,0,0,F20K,RESEARCH_BASELINE
18233,18645,eyewitness,-13.0783,1,0,0,0,,,,,0,0,F20K,RESEARCH_BASELINE
18234,18646,farce,-13.0783,1,0,0,0,,,,,0,0,F20K,RESEARCH_BASELINE
18235,18647,fiancee,-13.0783,1,1,0,1,,fiance,,,1,0,F20K,RESEARCH_BASELINE
18236,18648,fingerprints,-13.0783,1,1,0,1,,fingerprint,,,1,0,F20K,RESEARCH_BASELINE
18237,18650,flavored,-13.0783,1,0,0,0,,,,,0,0,F20K,RESEARCH_BASELINE
18238,18651,fling,-13.0783,1,0,0,0,,,,,0,0,F20K,RESEARCH_BASELINE
18239,18652,flores,-13.0783,0,0,0,0,,,,,0,0,F20K,RESEARCH_BASELINE
18240,18653,foo,-13.0783,0,0,0,0,,,,,0,0,F20K,RESEARCH_BASELINE
18241,18654,fountains,-13.0783,1,1,0,1,,fountain,,,1,0,F20K,RESEARCH_BASELINE
18242,18655,frantic,-13.0783,1,0,0,0,,,,,0,0,F20K,RESEARCH_BASELINE
18243,18656,gemini,-13.0783,0,0,0,0,,,,,0,0,F20K,RESEARCH_BASELINE
18244,18657,giraffe,-13.0783,1,0,0,0,,,,,0,0,F20K,RESEARCH_BASELINE
18245,18658,godzilla,-13.0783,0,0,0,0,,,,,0,0,F20K,RESEARCH_BASELINE
18246,18659,grit,-13.0783,1,0,0,0,,,,,0,0,F20K,RESEARCH_BASELINE
18247,18660,gui,-13.0783,0,0,0,0,,,,,0,0,F20K,RESEARCH_BASELINE
18248,18661,gunners,-13.0783,0,0,0,0,,,,,0,0,F20K,RESEARCH_BASELINE
18249,18662,guyana,-13.0783,0,0,0,0,,,,,0,0,F20K,RESEARCH_BASELINE
18250,18663,hallelujah,-13.0783,1,0,0,0,,,,,0,0,F20K,RESEARCH_BASELINE
18251,18664,handbag,-13.0783,1,0,0,0,,,,,0,0,F20K,RESEARCH_BASELINE
18252,18665,hardships,-13.0783,0,0,0,0,,,,,0,0,F20K,RESEARCH_BASELINE
18253,18666,headquartered,-13.0783,0,0,0,0,,,,,0,0,F20K,RESEARCH_BASELINE
18254,18667,heaviest,-13.0783,1,0,0,0,,,,,0,0,F20K,RESEARCH_BASELINE
18255,18668,hiroshima,-13.0783,0,0,0,0,,,,,0,0,F20K,RESEARCH_BASELINE
18256,18669,hunts,-13.0783,1,1,0,1,,hunt,,,1,0,F20K,RESEARCH_BASELINE
18257,18670,hysteria,-13.0783,1,0,0,0,,,,,0,0,F20K,RESEARCH_BASELINE
18258,18671,ignite,-13.0783,1,0,0,0,,,,,0,0,F20K,RESEARCH_BASELINE
18259,18672,illustrious,-13.0783,1,0,0,0,,,,,0,0,F20K,RESEARCH_BASELINE
18260,18673,imitate,-13.0783,1,0,0,0,,,,,0,0,F20K,RESEARCH_BASELINE
18261,18674,impulses,-13.0783,1,1,0,1,,impulse,,,1,0,F20K,RESEARCH_BASELINE
18262,18675,incense,-13.0783,1,0,0,0,,,,,0,0,F20K,RESEARCH_BASELINE
18263,18676,indexes,-13.0783,1,0,0,0,,,,,0,0,F20K,RESEARCH_BASELINE
18264,18678,industrialized,-13.0783,1,0,0,0,,,,,0,0,F20K,RESEARCH_BASELINE
18265,18679,insofar,-13.0783,0,0,0,0,,,,,0,0,F20K,RESEARCH_BASELINE
18266,18680,instrumentation,-13.0783,1,0,0,0,,,,,0,0,F20K,RESEARCH_BASELINE
18267,18681,intrusive,-13.0783,1,0,0,0,,,,,0,0,F20K,RESEARCH_BASELINE
18268,18682,jfk,-13.0783,0,0,0,0,,,,,0,0,F20K,RESEARCH_BASELINE
18269,18683,keyword,-13.0783,1,1,1,0,,,,keywords,0,1,F20K,RESEARCH_BASELINE
18270,18684,knuckles,-13.0783,1,0,0,0,,,,,0,0,F20K,RESEARCH_BASELINE
18271,18685,kraft,-13.0783,0,0,0,0,,,,,0,0,F20K,RESEARCH_BASELINE
18272,18686,labyrinth,-13.0783,1,0,0,0,,,,,0,0,F20K,RESEARCH_BASELINE
18273,18687,lifespan,-13.0783,1,0,0,0,,,,,0,0,F20K,RESEARCH_BASELINE
18274,18688,lizzie,-13.0783,0,0,0,0,,,,,0,0,F20K,RESEARCH_BASELINE
18275,18689,logistical,-13.0783,1,0,0,0,,,,,0,0,F20K,RESEARCH_BASELINE
18276,18690,longitude,-13.0783,1,0,0,0,,,,,0,0,F20K,RESEARCH_BASELINE
18277,18691,lori,-13.0783,0,0,0,0,,,,,0,0,F20K,RESEARCH_BASELINE
18278,18692,lows,-13.0783,1,1,1,1,,low,flows;blows;slows,,1,3,F20K,RESEARCH_BASELINE
18279,18693,luncheon,-13.0783,1,0,0,0,,,,,0,0,F20K,RESEARCH_BASELINE
18280,18694,lunches,-13.0783,1,0,0,0,,,,,0,0,F20K,RESEARCH_BASELINE
18281,18695,madras,-13.0783,0,0,0,0,,,,,0,0,F20K,RESEARCH_BASELINE
18282,18696,mains,-13.0783,1,1,0,1,,main,,,1,0,F20K,RESEARCH_BASELINE
18283,18697,mandy,-13.0783,0,0,0,0,,,,,0,0,F20K,RESEARCH_BASELINE
18284,18698,manifestations,-13.0783,1,1,0,1,,manifestation,,,1,0,F20K,RESEARCH_BASELINE
18285,18699,mashed,-13.0783,1,1,1,0,,,smashed,,0,1,F20K,RESEARCH_BASELINE
18286,18700,matte,-13.0783,1,1,1,0,,,,matter,0,1,F20K,RESEARCH_BASELINE
18287,18701,memes,-13.0783,1,1,0,1,,meme,,,1,0,F20K,RESEARCH_BASELINE
18288,18702,mentoring,-13.0783,0,0,0,0,,,,,0,0,F20K,RESEARCH_BASELINE
18289,18703,mj,-13.0783,0,0,0,0,,,,,0,0,F20K,RESEARCH_BASELINE
18290,18704,montage,-13.0783,1,0,0,0,,,,,0,0,F20K,RESEARCH_BASELINE
18291,18705,morphology,-13.0783,1,0,0,0,,,,,0,0,F20K,RESEARCH_BASELINE
18292,18706,motifs,-13.0783,1,1,0,1,,motif,,,1,0,F20K,RESEARCH_BASELINE
18293,18707,mundo,-13.0783,0,0,0,0,,,,,0,0,F20K,RESEARCH_BASELINE
18294,18708,mutiny,-13.0783,1,0,0,0,,,,,0,0,F20K,RESEARCH_BASELINE
18295,18709,namibia,-13.0783,0,0,0,0,,,,,0,0,F20K,RESEARCH_BASELINE
18296,18710,narration,-13.0783,1,0,0,0,,,,,0,0,F20K,RESEARCH_BASELINE
18297,18711,narrower,-13.0783,1,0,0,0,,,,,0,0,F20K,RESEARCH_BASELINE
18298,18712,neptune,-13.0783,0,0,0,0,,,,,0,0,F20K,RESEARCH_BASELINE
18299,18713,nero,-13.0783,0,0,0,0,,,,,0,0,F20K,RESEARCH_BASELINE
18300,18714,nightingale,-13.0783,1,0,0,0,,,,,0,0,F20K,RESEARCH_BASELINE
18301,18715,noticeably,-13.0783,1,0,0,0,,,,,0,0,F20K,RESEARCH_BASELINE
18302,18716,notoriously,-13.0783,1,0,0,0,,,,,0,0,F20K,RESEARCH_BASELINE
18303,18717,nudity,-13.0783,1,0,0,0,,,,,0,0,F20K,RESEARCH_BASELINE
18304,18718,occupancy,-13.0783,1,0,0,0,,,,,0,0,F20K,RESEARCH_BASELINE
18305,18719,ode,-13.0783,1,1,1,0,,,code;mode;rode;node,,0,4,F20K,RESEARCH_BASELINE
18306,18720,offseason,-13.0783,0,0,0,0,,,,,0,0,F20K,RESEARCH_BASELINE
18307,18721,oj,-13.0783,0,0,0,0,,,,,0,0,F20K,RESEARCH_BASELINE
18308,18722,ombudsman,-13.0783,0,0,0,0,,,,,0,0,F20K,RESEARCH_BASELINE
18309,18723,opaque,-13.0783,1,0,0,0,,,,,0,0,F20K,RESEARCH_BASELINE
18310,18724,originates,-13.0783,0,0,0,0,,,,,0,0,F20K,RESEARCH_BASELINE
18311,18725,orioles,-13.0783,0,0,0,0,,,,,0,0,F20K,RESEARCH_BASELINE
18312,18726,oversees,-13.0783,1,1,0,1,,oversee,,,1,0,F20K,RESEARCH_BASELINE
18313,18727,overtake,-13.0783,1,0,0,0,,,,,0,0,F20K,RESEARCH_BASELINE
18314,18729,pak,-13.0783,0,0,0,0,,,,,0,0,F20K,RESEARCH_BASELINE
18315,18730,paraguay,-13.0783,0,0,0,0,,,,,0,0,F20K,RESEARCH_BASELINE
18316,18731,parlor,-13.0783,1,0,0,0,,,,,0,0,F20K,RESEARCH_BASELINE
18317,18732,passover,-13.0783,1,0,0,0,,,,,0,0,F20K,RESEARCH_BASELINE
18318,18733,pastures,-13.0783,0,0,0,0,,,,,0,0,F20K,RESEARCH_BASELINE
18319,18734,peeled,-13.0783,1,0,0,0,,,,,0,0,F20K,RESEARCH_BASELINE
18320,18735,pendulum,-13.0783,1,0,0,0,,,,,0,0,F20K,RESEARCH_BASELINE
18321,18736,periphery,-13.0783,1,0,0,0,,,,,0,0,F20K,RESEARCH_BASELINE
18322,18737,persists,-13.0783,1,1,0,1,,persist,,,1,0,F20K,RESEARCH_BASELINE
18323,18738,plentiful,-13.0783,1,0,0,0,,,,,0,0,F20K,RESEARCH_BASELINE
18324,18739,posh,-13.0783,1,0,0,0,,,,,0,0,F20K,RESEARCH_BASELINE
18325,18740,preferential,-13.0783,1,0,0,0,,,,,0,0,F20K,RESEARCH_BASELINE
18326,18741,prosecuting,-13.0783,0,0,0,0,,,,,0,0,F20K,RESEARCH_BASELINE
18327,18742,quincy,-13.0783,0,0,0,0,,,,,0,0,F20K,RESEARCH_BASELINE
18328,18743,racket,-13.0783,1,1,1,0,,,bracket,,0,1,F20K,RESEARCH_BASELINE
18329,18744,ramirez,-13.0783,0,0,0,0,,,,,0,0,F20K,RESEARCH_BASELINE
18330,18745,readable,-13.0783,1,0,0,0,,,,,0,0,F20K,RESEARCH_BASELINE
18331,18746,receptive,-13.0783,1,0,0,0,,,,,0,0,F20K,RESEARCH_BASELINE
18332,18747,redeemed,-13.0783,0,0,0,0,,,,,0,0,F20K,RESEARCH_BASELINE
18333,18748,regulates,-13.0783,0,0,0,0,,,,,0,0,F20K,RESEARCH_BASELINE
18334,18749,relapse,-13.0783,1,0,0,0,,,,,0,0,F20K,RESEARCH_BASELINE
18335,18750,repaid,-13.0783,1,0,0,0,,,,,0,0,F20K,RESEARCH_BASELINE
18336,18751,repentance,-13.0783,1,0,0,0,,,,,0,0,F20K,RESEARCH_BASELINE
18337,18752,resembled,-13.0783,1,1,0,1,,resemble,,,1,0,F20K,RESEARCH_BASELINE
18338,18753,resided,-13.0783,0,0,0,0,,,,,0,0,F20K,RESEARCH_BASELINE
18339,18754,retrospect,-13.0783,1,0,0,0,,,,,0,0,F20K,RESEARCH_BASELINE
18340,18755,revered,-13.0783,1,0,0,0,,,,,0,0,F20K,RESEARCH_BASELINE
18341,18756,ribbons,-13.0783,1,1,0,1,,ribbon,,,1,0,F20K,RESEARCH_BASELINE
18342,18757,rockies,-13.0783,0,0,0,0,,,,,0,0,F20K,RESEARCH_BASELINE
18343,18758,romero,-13.0783,0,0,0,0,,,,,0,0,F20K,RESEARCH_BASELINE
18344,18759,rotterdam,-13.0783,0,0,0,0,,,,,0,0,F20K,RESEARCH_BASELINE
18345,18760,rushes,-13.0783,1,1,1,0,,,brushes,,0,1,F20K,RESEARCH_BASELINE
18346,18761,salads,-13.0783,1,1,0,1,,salad,,,1,0,F20K,RESEARCH_BASELINE
18347,18762,sami,-13.0783,0,0,0,0,,,,,0,0,F20K,RESEARCH_BASELINE
18348,18763,scuba,-13.0783,1,0,0,0,,,,,0,0,F20K,RESEARCH_BASELINE
18349,18764,secession,-13.0783,1,0,0,0,,,,,0,0,F20K,RESEARCH_BASELINE
18350,18765,selves,-13.0783,0,0,0,0,,,,,0,0,F20K,RESEARCH_BASELINE
18351,18766,sequencing,-13.0783,1,0,0,0,,,,,0,0,F20K,RESEARCH_BASELINE
18352,18767,serge,-13.0783,0,0,0,0,,,,,0,0,F20K,RESEARCH_BASELINE
18353,18768,sheen,-13.0783,1,0,0,0,,,,,0,0,F20K,RESEARCH_BASELINE
18354,18769,situ,-13.0783,0,0,0,0,,,,,0,0,F20K,RESEARCH_BASELINE
18355,18770,situational,-13.0783,1,0,0,0,,,,,0,0,F20K,RESEARCH_BASELINE
18356,18771,sizable,-13.0783,1,0,0,0,,,,,0,0,F20K,RESEARCH_BASELINE
18357,18772,slapping,-13.0783,1,0,0,0,,,,,0,0,F20K,RESEARCH_BASELINE
18358,18773,smallpox,-13.0783,1,0,0,0,,,,,0,0,F20K,RESEARCH_BASELINE
18359,18774,snapchat,-13.0783,0,0,0,0,,,,,0,0,F20K,RESEARCH_BASELINE
18360,18775,soho,-13.0783,0,0,0,0,,,,,0,0,F20K,RESEARCH_BASELINE
18361,18776,spade,-13.0783,1,0,0,0,,,,,0,0,F20K,RESEARCH_BASELINE
18362,18777,sparse,-13.0783,1,0,0,0,,,,,0,0,F20K,RESEARCH_BASELINE
18363,18778,specialize,-13.0783,1,1,1,0,,,,specialized;specializes,0,2,F20K,RESEARCH_BASELINE
18364,18779,spherical,-13.0783,1,0,0,0,,,,,0,0,F20K,RESEARCH_BASELINE
18365,18780,spoilers,-13.0783,0,0,0,0,,,,,0,0,F20K,RESEARCH_BASELINE
18366,18781,starch,-13.0783,1,0,0,0,,,,,0,0,F20K,RESEARCH_BASELINE
18367,18782,stun,-13.0783,1,1,1,0,,,,stunt;stung,0,2,F20K,RESEARCH_BASELINE
18368,18783,sudanese,-13.0783,0,0,0,0,,,,,0,0,F20K,RESEARCH_BASELINE
18369,18784,summarize,-13.0783,1,0,0,0,,,,,0,0,F20K,RESEARCH_BASELINE
18370,18785,sunflower,-13.0783,1,0,0,0,,,,,0,0,F20K,RESEARCH_BASELINE
18371,18786,surveying,-13.0783,1,0,0,0,,,,,0,0,F20K,RESEARCH_BASELINE
18372,18787,swallowing,-13.0783,1,0,0,0,,,,,0,0,F20K,RESEARCH_BASELINE
18373,18788,tack,-13.0783,1,1,1,0,,,stack,,0,1,F20K,RESEARCH_BASELINE
18374,18789,tailed,-13.0783,1,0,0,0,,,,,0,0,F20K,RESEARCH_BASELINE
18375,18790,tau,-13.0783,0,0,0,0,,,,,0,0,F20K,RESEARCH_BASELINE
18376,18791,templates,-13.0783,0,0,0,0,,,,,0,0,F20K,RESEARCH_BASELINE
18377,18792,terraces,-13.0783,1,1,0,1,,terrace,,,1,0,F20K,RESEARCH_BASELINE
18378,18793,throats,-13.0783,1,1,0,1,,throat,,,1,0,F20K,RESEARCH_BASELINE
18379,18794,tnt,-13.0783,0,0,0,0,,,,,0,0,F20K,RESEARCH_BASELINE
18380,18795,topless,-13.0783,1,0,0,0,,,,,0,0,F20K,RESEARCH_BASELINE
18381,18796,toxin,-13.0783,1,1,1,0,,,,toxins,0,1,F20K,RESEARCH_BASELINE
18382,18797,tragedies,-13.0783,0,0,0,0,,,,,0,0,F20K,RESEARCH_BASELINE
18383,18798,tummy,-13.0783,1,0,0,0,,,,,0,0,F20K,RESEARCH_BASELINE
18384,18799,underlined,-13.0783,1,0,0,0,,,,,0,0,F20K,RESEARCH_BASELINE
18385,18800,unprotected,-13.0783,1,0,0,0,,,,,0,0,F20K,RESEARCH_BASELINE
18386,18801,unsuccessfully,-13.0783,1,0,0,0,,,,,0,0,F20K,RESEARCH_BASELINE
18387,18802,uphill,-13.0783,1,0,0,0,,,,,0,0,F20K,RESEARCH_BASELINE
18388,18803,valiant,-13.0783,1,0,0,0,,,,,0,0,F20K,RESEARCH_BASELINE
18389,18804,vance,-13.0783,0,0,0,0,,,,,0,0,F20K,RESEARCH_BASELINE
18390,18805,viet,-13.0783,0,0,0,0,,,,,0,0,F20K,RESEARCH_BASELINE
18391,18806,viewpoints,-13.0783,1,1,0,1,,viewpoint,,,1,0,F20K,RESEARCH_BASELINE
18392,18807,vigilance,-13.0783,1,0,0,0,,,,,0,0,F20K,RESEARCH_BASELINE
18393,18808,visitation,-13.0783,1,0,0,0,,,,,0,0,F20K,RESEARCH_BASELINE
18394,18809,wasps,-13.0783,1,1,0,1,,wasp,,,1,0,F20K,RESEARCH_BASELINE
18395,18810,webcam,-13.0783,1,0,0,0,,,,,0,0,F20K,RESEARCH_BASELINE
18396,18811,webpage,-13.0783,1,0,0,0,,,,,0,0,F20K,RESEARCH_BASELINE
18397,18812,whipping,-13.0783,1,0,0,0,,,,,0,0,F20K,RESEARCH_BASELINE
18398,18813,wilder,-13.0783,1,0,0,0,,,,,0,0,F20K,RESEARCH_BASELINE
18399,18814,wilkins,-13.0783,0,0,0,0,,,,,0,0,F20K,RESEARCH_BASELINE
18400,18815,wreath,-13.0783,1,0,0,0,,,,,0,0,F20K,RESEARCH_BASELINE
18401,18816,ww,-13.0783,0,0,0,0,,,,,0,0,F20K,RESEARCH_BASELINE
18402,18819,accuses,-13.1026,1,1,0,1,,accuse,,,1,0,F20K,RESEARCH_BASELINE
18403,18820,adept,-13.1026,1,0,0,0,,,,,0,0,F20K,RESEARCH_BASELINE
18404,18821,adopts,-13.1026,1,1,0,1,,adopt,,,1,0,F20K,RESEARCH_BASELINE
18405,18822,adversely,-13.1026,1,0,0,0,,,,,0,0,F20K,RESEARCH_BASELINE
18406,18823,agitated,-13.1026,1,0,0,0,,,,,0,0,F20K,RESEARCH_BASELINE
18407,18824,aleppo,-13.1026,0,0,0,0,,,,,0,0,F20K,RESEARCH_BASELINE
18408,18825,alienation,-13.1026,1,0,0,0,,,,,0,0,F20K,RESEARCH_BASELINE
18409,18826,anc,-13.1026,0,0,0,0,,,,,0,0,F20K,RESEARCH_BASELINE
18410,18827,annoys,-13.1026,1,1,0,1,,annoy,,,1,0,F20K,RESEARCH_BASELINE
18411,18828,antibody,-13.1026,1,0,0,0,,,,,0,0,F20K,RESEARCH_BASELINE
18412,18829,armenians,-13.1026,0,0,0,0,,,,,0,0,F20K,RESEARCH_BASELINE
18413,18830,artisans,-13.1026,0,0,0,0,,,,,0,0,F20K,RESEARCH_BASELINE
18414,18831,ascended,-13.1026,1,0,0,0,,,,,0,0,F20K,RESEARCH_BASELINE
18415,18832,ascending,-13.1026,1,0,0,0,,,,,0,0,F20K,RESEARCH_BASELINE
18416,18833,asean,-13.1026,0,0,0,0,,,,,0,0,F20K,RESEARCH_BASELINE
18417,18834,asl,-13.1026,0,0,0,0,,,,,0,0,F20K,RESEARCH_BASELINE
18418,18835,aspiration,-13.1026,1,1,1,0,,,,aspirations,0,1,F20K,RESEARCH_BASELINE
18419,18837,attractiveness,-13.1026,1,0,0,0,,,,,0,0,F20K,RESEARCH_BASELINE
18420,18838,auntie,-13.1026,0,0,0,0,,,,,0,0,F20K,RESEARCH_BASELINE
18421,18839,autistic,-13.1026,1,0,0,0,,,,,0,0,F20K,RESEARCH_BASELINE
18422,18840,awakened,-13.1026,1,0,0,0,,,,,0,0,F20K,RESEARCH_BASELINE
18423,18841,bead,-13.1026,1,1,1,0,,,,beads,0,1,F20K,RESEARCH_BASELINE
18424,18842,benin,-13.1026,0,0,0,0,,,,,0,0,F20K,RESEARCH_BASELINE
18425,18843,bertrand,-13.1026,0,0,0,0,,,,,0,0,F20K,RESEARCH_BASELINE
18426,18844,blinds,-13.1026,1,1,0,1,,blind,,,1,0,F20K,RESEARCH_BASELINE
18427,18845,boar,-13.1026,1,1,1,0,,,,board,0,1,F20K,RESEARCH_BASELINE
18428,18846,bois,-13.1026,0,0,0,0,,,,,0,0,F20K,RESEARCH_BASELINE
18429,18847,brasil,-13.1026,0,0,0,0,,,,,0,0,F20K,RESEARCH_BASELINE
18430,18848,briefs,-13.1026,1,1,0,1,,brief,,,1,0,F20K,RESEARCH_BASELINE
18431,18849,brokerage,-13.1026,1,0,0,0,,,,,0,0,F20K,RESEARCH_BASELINE
18432,18850,buildup,-13.1026,1,0,0,0,,,,,0,0,F20K,RESEARCH_BASELINE
18433,18851,burglary,-13.1026,1,0,0,0,,,,,0,0,F20K,RESEARCH_BASELINE
18434,18852,burmese,-13.1026,0,0,0,0,,,,,0,0,F20K,RESEARCH_BASELINE
18435,18853,caldwell,-13.1026,0,0,0,0,,,,,0,0,F20K,RESEARCH_BASELINE
18436,18854,carly,-13.1026,0,0,0,0,,,,,0,0,F20K,RESEARCH_BASELINE
18437,18855,carver,-13.1026,1,1,0,1,,carve,,,1,0,F20K,RESEARCH_BASELINE
18438,18856,chariot,-13.1026,1,0,0,0,,,,,0,0,F20K,RESEARCH_BASELINE
18439,18857,chatter,-13.1026,1,0,0,0,,,,,0,0,F20K,RESEARCH_BASELINE
18440,18858,chavez,-13.1026,0,0,0,0,,,,,0,0,F20K,RESEARCH_BASELINE
18441,18859,cheats,-13.1026,1,1,0,1,heats,cheat,,,2,0,F20K,RESEARCH_BASELINE
18442,18860,cherished,-13.1026,1,0,0,0,,,,,0,0,F20K,RESEARCH_BASELINE
18443,18861,chopping,-13.1026,1,1,0,1,hopping,,,,1,0,F20K,RESEARCH_BASELINE
18444,18862,chops,-13.1026,1,1,0,1,hops,chop,,,2,0,F20K,RESEARCH_BASELINE
18445,18863,choreography,-13.1026,1,0,0,0,,,,,0,0,F20K,RESEARCH_BASELINE
18446,18864,chronology,-13.1026,1,0,0,0,,,,,0,0,F20K,RESEARCH_BASELINE
18447,18865,circling,-13.1026,1,0,0,0,,,,,0,0,F20K,RESEARCH_BASELINE
18448,18866,clarifying,-13.1026,0,0,0,0,,,,,0,0,F20K,RESEARCH_BASELINE
18449,18867,cleric,-13.1026,1,0,0,0,,,,,0,0,F20K,RESEARCH_BASELINE
18450,18868,clothed,-13.1026,1,0,0,0,,,,,0,0,F20K,RESEARCH_BASELINE
18451,18869,collier,-13.1026,0,0,0,0,,,,,0,0,F20K,RESEARCH_BASELINE
18452,18870,comm,-13.1026,0,0,0,0,,,,,0,0,F20K,RESEARCH_BASELINE
18453,18871,compiling,-13.1026,1,0,0,0,,,,,0,0,F20K,RESEARCH_BASELINE
18454,18872,complicate,-13.1026,1,1,1,0,,,,complicated,0,1,F20K,RESEARCH_BASELINE
18455,18873,compute,-13.1026,1,1,1,0,,,,computer,0,1,F20K,RESEARCH_BASELINE
18456,18874,concurrently,-13.1026,1,0,0,0,,,,,0,0,F20K,RESEARCH_BASELINE
18457,18875,congenital,-13.1026,1,0,0,0,,,,,0,0,F20K,RESEARCH_BASELINE
18458,18876,contentious,-13.1026,1,0,0,0,,,,,0,0,F20K,RESEARCH_BASELINE
18459,18877,coop,-13.1026,1,1,1,0,,,scoop,,0,1,F20K,RESEARCH_BASELINE
18460,18878,cps,-13.1026,0,0,0,0,,,,,0,0,F20K,RESEARCH_BASELINE
18461,18879,cramps,-13.1026,1,0,0,0,,,,,0,0,F20K,RESEARCH_BASELINE
18462,18880,crate,-13.1026,1,1,1,1,rate,,,crater,1,1,F20K,RESEARCH_BASELINE
18463,18881,cursing,-13.1026,1,0,0,0,,,,,0,0,F20K,RESEARCH_BASELINE
18464,18882,dal,-13.1026,0,0,0,0,,,,,0,0,F20K,RESEARCH_BASELINE
18465,18883,davey,-13.1026,0,0,0,0,,,,,0,0,F20K,RESEARCH_BASELINE
18466,18884,deceptive,-13.1026,1,0,0,0,,,,,0,0,F20K,RESEARCH_BASELINE
18467,18885,deductible,-13.1026,1,0,0,0,,,,,0,0,F20K,RESEARCH_BASELINE
18468,18886,deepening,-13.1026,1,0,0,0,,,,,0,0,F20K,RESEARCH_BASELINE
18469,18887,degrade,-13.1026,1,1,1,0,,,,degraded,0,1,F20K,RESEARCH_BASELINE
18470,18888,demi,-13.1026,0,0,0,0,,,,,0,0,F20K,RESEARCH_BASELINE
18471,18889,democracies,-13.1026,0,0,0,0,,,,,0,0,F20K,RESEARCH_BASELINE
18472,18890,denote,-13.1026,1,1,1,0,,,,denotes,0,1,F20K,RESEARCH_BASELINE
18473,18891,deploying,-13.1026,0,0,0,0,,,,,0,0,F20K,RESEARCH_BASELINE
18474,18892,descendant,-13.1026,1,1,1,0,,,,descendants,0,1,F20K,RESEARCH_BASELINE
18475,18893,desserts,-13.1026,1,1,0,1,,dessert,,,1,0,F20K,RESEARCH_BASELINE
18476,18894,detriment,-13.1026,1,0,0,0,,,,,0,0,F20K,RESEARCH_BASELINE
18477,18895,dialects,-13.1026,1,1,0,1,,dialect,,,1,0,F20K,RESEARCH_BASELINE
18478,18897,ditto,-13.1026,1,0,0,0,,,,,0,0,F20K,RESEARCH_BASELINE
18479,18898,dopamine,-13.1026,1,0,0,0,,,,,0,0,F20K,RESEARCH_BASELINE
18480,18899,dwayne,-13.1026,0,0,0,0,,,,,0,0,F20K,RESEARCH_BASELINE
18481,18900,eclectic,-13.1026,1,0,0,0,,,,,0,0,F20K,RESEARCH_BASELINE
18482,18901,ecstatic,-13.1026,1,0,0,0,,,,,0,0,F20K,RESEARCH_BASELINE
18483,18902,eerie,-13.1026,1,0,0,0,,,,,0,0,F20K,RESEARCH_BASELINE
18484,18903,eiffel,-13.1026,0,0,0,0,,,,,0,0,F20K,RESEARCH_BASELINE
18485,18904,eileen,-13.1026,0,0,0,0,,,,,0,0,F20K,RESEARCH_BASELINE
18486,18905,elaborated,-13.1026,0,0,0,0,,,,,0,0,F20K,RESEARCH_BASELINE
18487,18906,embraces,-13.1026,1,1,0,1,,embrace,,,1,0,F20K,RESEARCH_BASELINE
18488,18907,eminem,-13.1026,0,0,0,0,,,,,0,0,F20K,RESEARCH_BASELINE
18489,18908,emperors,-13.1026,1,1,0,1,,emperor,,,1,0,F20K,RESEARCH_BASELINE
18490,18909,enquiries,-13.1026,1,0,0,0,,,,,0,0,F20K,RESEARCH_BASELINE
18491,18910,envelopes,-13.1026,0,0,0,0,,,,,0,0,F20K,RESEARCH_BASELINE
18492,18911,envisaged,-13.1026,1,0,0,0,,,,,0,0,F20K,RESEARCH_BASELINE
18493,18912,equator,-13.1026,1,0,0,0,,,,,0,0,F20K,RESEARCH_BASELINE
18494,18913,excavated,-13.1026,0,0,0,0,,,,,0,0,F20K,RESEARCH_BASELINE
18495,18914,expansive,-13.1026,1,0,0,0,,,,,0,0,F20K,RESEARCH_BASELINE
18496,18915,faithfully,-13.1026,1,0,0,0,,,,,0,0,F20K,RESEARCH_BASELINE
18497,18916,faq,-13.1026,0,0,0,0,,,,,0,0,F20K,RESEARCH_BASELINE
18498,18917,fatally,-13.1026,1,0,0,0,,,,,0,0,F20K,RESEARCH_BASELINE
18499,18918,fedex,-13.1026,0,0,0,0,,,,,0,0,F20K,RESEARCH_BASELINE
18500,18919,ferries,-13.1026,0,0,0,0,,,,,0,0,F20K,RESEARCH_BASELINE
18501,18920,filtration,-13.1026,1,0,0,0,,,,,0,0,F20K,RESEARCH_BASELINE
18502,18921,flatter,-13.1026,1,1,0,1,latter,,,,1,0,F20K,RESEARCH_BASELINE
18503,18922,flattered,-13.1026,1,0,0,0,,,,,0,0,F20K,RESEARCH_BASELINE
18504,18923,flemish,-13.1026,0,0,0,0,,,,,0,0,F20K,RESEARCH_BASELINE
18505,18924,forster,-13.1026,0,0,0,0,,,,,0,0,F20K,RESEARCH_BASELINE
18506,18925,forts,-13.1026,1,1,0,1,,fort,,,1,0,F20K,RESEARCH_BASELINE
18507,18926,fragmentation,-13.1026,1,0,0,0,,,,,0,0,F20K,RESEARCH_BASELINE
18508,18927,frameworks,-13.1026,0,0,0,0,,,,,0,0,F20K,RESEARCH_BASELINE
18509,18928,fs,-13.1026,0,0,0,0,,,,,0,0,F20K,RESEARCH_BASELINE
18510,18929,fulton,-13.1026,0,0,0,0,,,,,0,0,F20K,RESEARCH_BASELINE
18511,18930,fumble,-13.1026,1,0,0,0,,,,,0,0,F20K,RESEARCH_BASELINE
18512,18931,fused,-13.1026,1,1,0,1,used,fuse,,,2,0,F20K,RESEARCH_BASELINE
18513,18932,gabe,-13.1026,0,0,0,0,,,,,0,0,F20K,RESEARCH_BASELINE
18514,18933,gathers,-13.1026,1,1,0,1,,gather,,,1,0,F20K,RESEARCH_BASELINE
18515,18934,ghz,-13.1026,0,0,0,0,,,,,0,0,F20K,RESEARCH_BASELINE
18516,18935,glare,-13.1026,1,0,0,0,,,,,0,0,F20K,RESEARCH_BASELINE
18517,18936,gma,-13.1026,0,0,0,0,,,,,0,0,F20K,RESEARCH_BASELINE
18518,18937,grooming,-13.1026,1,0,0,0,,,,,0,0,F20K,RESEARCH_BASELINE
18519,18938,grossly,-13.1026,1,0,0,0,,,,,0,0,F20K,RESEARCH_BASELINE
18520,18939,hallmark,-13.1026,1,0,0,0,,,,,0,0,F20K,RESEARCH_BASELINE
18521,18940,hardness,-13.1026,1,0,0,0,,,,,0,0,F20K,RESEARCH_BASELINE
18522,18941,harming,-13.1026,0,0,0,0,,,,,0,0,F20K,RESEARCH_BASELINE
18523,18942,harrington,-13.1026,0,0,0,0,,,,,0,0,F20K,RESEARCH_BASELINE
18524,18943,heaps,-13.1026,1,1,0,1,,heap,,,1,0,F20K,RESEARCH_BASELINE
18525,18944,hemingway,-13.1026,0,0,0,0,,,,,0,0,F20K,RESEARCH_BASELINE
18526,18945,herpes,-13.1026,0,0,0,0,,,,,0,0,F20K,RESEARCH_BASELINE
18527,18946,iceberg,-13.1026,1,0,0,0,,,,,0,0,F20K,RESEARCH_BASELINE
18528,18947,ign,-13.1026,0,0,0,0,,,,,0,0,F20K,RESEARCH_BASELINE
18529,18948,implanted,-13.1026,0,0,0,0,,,,,0,0,F20K,RESEARCH_BASELINE
18530,18949,impractical,-13.1026,1,0,0,0,,,,,0,0,F20K,RESEARCH_BASELINE
18531,18950,ineligible,-13.1026,1,0,0,0,,,,,0,0,F20K,RESEARCH_BASELINE
18532,18951,infested,-13.1026,0,0,0,0,,,,,0,0,F20K,RESEARCH_BASELINE
18533,18952,inhibit,-13.1026,1,0,0,0,,,,,0,0,F20K,RESEARCH_BASELINE
18534,18953,injuring,-13.1026,0,0,0,0,,,,,0,0,F20K,RESEARCH_BASELINE
18535,18954,insurgency,-13.1026,1,0,0,0,,,,,0,0,F20K,RESEARCH_BASELINE
18536,18955,insurrection,-13.1026,1,0,0,0,,,,,0,0,F20K,RESEARCH_BASELINE
18537,18956,interns,-13.1026,1,1,0,1,,intern,,,1,0,F20K,RESEARCH_BASELINE
18538,18957,intimidate,-13.1026,1,1,1,0,,,,intimidated,0,1,F20K,RESEARCH_BASELINE
18539,18958,ipswich,-13.1026,0,0,0,0,,,,,0,0,F20K,RESEARCH_BASELINE
18540,18959,isabelle,-13.1026,0,0,0,0,,,,,0,0,F20K,RESEARCH_BASELINE
18541,18960,jab,-13.1026,1,0,0,0,,,,,0,0,F20K,RESEARCH_BASELINE
18542,18961,janice,-13.1026,0,0,0,0,,,,,0,0,F20K,RESEARCH_BASELINE
18543,18962,joaquin,-13.1026,0,0,0,0,,,,,0,0,F20K,RESEARCH_BASELINE
18544,18964,kia,-13.1026,0,0,0,0,,,,,0,0,F20K,RESEARCH_BASELINE
18545,18965,kilometer,-13.1026,1,1,1,0,,,,kilometers,0,1,F20K,RESEARCH_BASELINE
18546,18966,lai,-13.1026,0,0,0,0,,,,,0,0,F20K,RESEARCH_BASELINE
18547,18967,lash,-13.1026,1,1,1,1,ash,,flash;clash;slash,,1,3,F20K,RESEARCH_BASELINE
18548,18968,lattice,-13.1026,1,0,0,0,,,,,0,0,F20K,RESEARCH_BASELINE
18549,18969,lazarus,-13.1026,0,0,0,0,,,,,0,0,F20K,RESEARCH_BASELINE
18550,18970,leakage,-13.1026,1,0,0,0,,,,,0,0,F20K,RESEARCH_BASELINE
18551,18971,liners,-13.1026,1,1,0,1,,liner,,,1,0,F20K,RESEARCH_BASELINE
18552,18972,linkage,-13.1026,0,0,0,0,,,,,0,0,F20K,RESEARCH_BASELINE
18553,18973,linkedin,-13.1026,0,0,0,0,,,,,0,0,F20K,RESEARCH_BASELINE
18554,18974,livingston,-13.1026,0,0,0,0,,,,,0,0,F20K,RESEARCH_BASELINE
18555,18975,malibu,-13.1026,0,0,0,0,,,,,0,0,F20K,RESEARCH_BASELINE
18556,18976,mauritius,-13.1026,0,0,0,0,,,,,0,0,F20K,RESEARCH_BASELINE
18557,18977,mercenaries,-13.1026,0,0,0,0,,,,,0,0,F20K,RESEARCH_BASELINE
18558,18978,microbial,-13.1026,0,0,0,0,,,,,0,0,F20K,RESEARCH_BASELINE
18559,18979,migratory,-13.1026,1,0,0,0,,,,,0,0,F20K,RESEARCH_BASELINE
18560,18980,mixtures,-13.1026,0,0,0,0,,,,,0,0,F20K,RESEARCH_BASELINE
18561,18981,muller,-13.1026,0,0,0,0,,,,,0,0,F20K,RESEARCH_BASELINE
18562,18982,navigator,-13.1026,1,0,0,0,,,,,0,0,F20K,RESEARCH_BASELINE
18563,18983,nih,-13.1026,0,0,0,0,,,,,0,0,F20K,RESEARCH_BASELINE
18564,18984,nonstop,-13.1026,1,0,0,0,,,,,0,0,F20K,RESEARCH_BASELINE
18565,18985,noodle,-13.1026,1,1,1,0,,,,noodles,0,1,F20K,RESEARCH_BASELINE
18566,18986,novo,-13.1026,0,0,0,0,,,,,0,0,F20K,RESEARCH_BASELINE
18567,18987,nv,-13.1026,0,0,0,0,,,,,0,0,F20K,RESEARCH_BASELINE
18568,18988,nwa,-13.1026,0,0,0,0,,,,,0,0,F20K,RESEARCH_BASELINE
18569,18989,obituary,-13.1026,1,0,0,0,,,,,0,0,F20K,RESEARCH_BASELINE
18570,18990,oblivious,-13.1026,1,0,0,0,,,,,0,0,F20K,RESEARCH_BASELINE
18571,18991,ordinarily,-13.1026,1,0,0,0,,,,,0,0,F20K,RESEARCH_BASELINE
18572,18992,oscars,-13.1026,0,0,0,0,,,,,0,0,F20K,RESEARCH_BASELINE
18573,18993,palate,-13.1026,1,0,0,0,,,,,0,0,F20K,RESEARCH_BASELINE
18574,18994,pantheon,-13.1026,1,0,0,0,,,,,0,0,F20K,RESEARCH_BASELINE
18575,18995,paramilitary,-13.1026,0,0,0,0,,,,,0,0,F20K,RESEARCH_BASELINE
18576,18996,pasadena,-13.1026,0,0,0,0,,,,,0,0,F20K,RESEARCH_BASELINE
18577,18997,passionately,-13.1026,1,0,0,0,,,,,0,0,F20K,RESEARCH_BASELINE
18578,18998,penetrating,-13.1026,1,0,0,0,,,,,0,0,F20K,RESEARCH_BASELINE
18579,18999,perpendicular,-13.1026,1,0,0,0,,,,,0,0,F20K,RESEARCH_BASELINE
18580,19000,pip,-13.1026,1,1,1,1,,pi,,pipe,1,1,F20K,RESEARCH_BASELINE
18581,19001,pleases,-13.1026,1,1,0,1,leases,please,,,2,0,F20K,RESEARCH_BASELINE
18582,19002,plotted,-13.1026,1,0,0,0,,,,,0,0,F20K,RESEARCH_BASELINE
18583,19003,ponies,-13.1026,0,0,0,0,,,,,0,0,F20K,RESEARCH_BASELINE
18584,19004,portals,-13.1026,1,1,0,1,,portal,,,1,0,F20K,RESEARCH_BASELINE
18585,19005,princesses,-13.1026,0,0,0,0,,,,,0,0,F20K,RESEARCH_BASELINE
18586,19006,prompts,-13.1026,1,1,0,1,,prompt,,,1,0,F20K,RESEARCH_BASELINE
18587,19007,protracted,-13.1026,1,0,0,0,,,,,0,0,F20K,RESEARCH_BASELINE
18588,19008,quirky,-13.1026,1,0,0,0,,,,,0,0,F20K,RESEARCH_BASELINE
18589,19009,rake,-13.1026,1,1,1,0,,,brake,,0,1,F20K,RESEARCH_BASELINE
18590,19010,randomized,-13.1026,0,0,0,0,,,,,0,0,F20K,RESEARCH_BASELINE
18591,19011,reins,-13.1026,1,0,0,0,,,,,0,0,F20K,RESEARCH_BASELINE
18592,19012,requisite,-13.1026,1,0,0,0,,,,,0,0,F20K,RESEARCH_BASELINE
18593,19013,restitution,-13.1026,0,0,0,0,,,,,0,0,F20K,RESEARCH_BASELINE
18594,19014,reunite,-13.1026,1,0,0,0,,,,,0,0,F20K,RESEARCH_BASELINE
18595,19015,revising,-13.1026,0,0,0,0,,,,,0,0,F20K,RESEARCH_BASELINE
18596,19016,reyes,-13.1026,0,0,0,0,,,,,0,0,F20K,RESEARCH_BASELINE
18597,19017,rl,-13.1026,0,0,0,0,,,,,0,0,F20K,RESEARCH_BASELINE
18598,19018,rubin,-13.1026,0,0,0,0,,,,,0,0,F20K,RESEARCH_BASELINE
18599,19019,rudder,-13.1026,1,0,0,0,,,,,0,0,F20K,RESEARCH_BASELINE
18600,19020,sai,-13.1026,0,0,0,0,,,,,0,0,F20K,RESEARCH_BASELINE
18601,19021,satin,-13.1026,1,0,0,0,,,,,0,0,F20K,RESEARCH_BASELINE
18602,19022,scattering,-13.1026,1,0,0,0,,,,,0,0,F20K,RESEARCH_BASELINE
18603,19023,scraps,-13.1026,1,1,0,1,,scrap,,,1,0,F20K,RESEARCH_BASELINE
18604,19024,screenings,-13.1026,0,0,0,0,,,,,0,0,F20K,RESEARCH_BASELINE
18605,19025,selects,-13.1026,1,1,0,1,,select,,,1,0,F20K,RESEARCH_BASELINE
18606,19026,ses,-13.1026,0,0,0,0,,,,,0,0,F20K,RESEARCH_BASELINE
18607,19027,shea,-13.1026,0,0,0,0,,,,,0,0,F20K,RESEARCH_BASELINE
18608,19028,sikh,-13.1026,0,0,0,0,,,,,0,0,F20K,RESEARCH_BASELINE
18609,19029,singled,-13.1026,1,1,0,1,,single,,,1,0,F20K,RESEARCH_BASELINE
18610,19030,sino,-13.1026,0,0,0,0,,,,,0,0,F20K,RESEARCH_BASELINE
18611,19031,skye,-13.1026,0,0,0,0,,,,,0,0,F20K,RESEARCH_BASELINE
18612,19032,slander,-13.1026,1,0,0,0,,,,,0,0,F20K,RESEARCH_BASELINE
18613,19033,slated,-13.1026,1,1,0,1,,slate,,,1,0,F20K,RESEARCH_BASELINE
18614,19034,slime,-13.1026,1,1,0,1,lime,slim,,,2,0,F20K,RESEARCH_BASELINE
18615,19035,specialization,-13.1026,1,0,0,0,,,,,0,0,F20K,RESEARCH_BASELINE
18616,19036,spence,-13.1026,0,0,0,0,,,,,0,0,F20K,RESEARCH_BASELINE
18617,19037,spoils,-13.1026,1,1,0,1,,spoil,,,1,0,F20K,RESEARCH_BASELINE
18618,19038,squeezing,-13.1026,1,0,0,0,,,,,0,0,F20K,RESEARCH_BASELINE
18619,19039,stamina,-13.1026,1,0,0,0,,,,,0,0,F20K,RESEARCH_BASELINE
18620,19040,stony,-13.1026,1,0,0,0,,,,,0,0,F20K,RESEARCH_BASELINE
18621,19041,straighten,-13.1026,1,0,0,0,,,,,0,0,F20K,RESEARCH_BASELINE
18622,19042,strung,-13.1026,1,0,0,0,,,,,0,0,F20K,RESEARCH_BASELINE
18623,19043,stung,-13.1026,1,1,0,1,,stun,,,1,0,F20K,RESEARCH_BASELINE
18624,19044,sweeney,-13.1026,0,0,0,0,,,,,0,0,F20K,RESEARCH_BASELINE
18625,19045,tac,-13.1026,0,0,0,0,,,,,0,0,F20K,RESEARCH_BASELINE
18626,19046,tacos,-13.1026,1,1,0,1,,taco,,,1,0,F20K,RESEARCH_BASELINE
18627,19047,taiwanese,-13.1026,0,0,0,0,,,,,0,0,F20K,RESEARCH_BASELINE
18628,19049,teaser,-13.1026,1,1,0,1,,tease,,,1,0,F20K,RESEARCH_BASELINE
18629,19050,theologians,-13.1026,0,0,0,0,,,,,0,0,F20K,RESEARCH_BASELINE
18630,19051,tiring,-13.1026,1,0,0,0,,,,,0,0,F20K,RESEARCH_BASELINE
18631,19052,toothpaste,-13.1026,1,0,0,0,,,,,0,0,F20K,RESEARCH_BASELINE
18632,19053,topography,-13.1026,1,0,0,0,,,,,0,0,F20K,RESEARCH_BASELINE
18633,19054,transverse,-13.1026,1,0,0,0,,,,,0,0,F20K,RESEARCH_BASELINE
18634,19055,tue,-13.1026,0,0,0,0,,,,,0,0,F20K,RESEARCH_BASELINE
18635,19056,undeniable,-13.1026,1,0,0,0,,,,,0,0,F20K,RESEARCH_BASELINE
18636,19057,unfounded,-13.1026,1,0,0,0,,,,,0,0,F20K,RESEARCH_BASELINE
18637,19058,ungrateful,-13.1026,1,0,0,0,,,,,0,0,F20K,RESEARCH_BASELINE
18638,19059,uniting,-13.1026,1,0,0,0,,,,,0,0,F20K,RESEARCH_BASELINE
18639,19060,uno,-13.1026,0,0,0,0,,,,,0,0,F20K,RESEARCH_BASELINE
18640,19061,vernacular,-13.1026,1,0,0,0,,,,,0,0,F20K,RESEARCH_BASELINE
18641,19062,visualization,-13.1026,1,0,0,0,,,,,0,0,F20K,RESEARCH_BASELINE
18642,19063,voyages,-13.1026,1,1,0,1,,voyage,,,1,0,F20K,RESEARCH_BASELINE
18643,19064,warships,-13.1026,1,0,0,0,,,,,0,0,F20K,RESEARCH_BASELINE
18644,19065,weld,-13.1026,1,0,0,0,,,,,0,0,F20K,RESEARCH_BASELINE
18645,19066,worshipped,-13.1026,1,0,0,0,,,,,0,0,F20K,RESEARCH_BASELINE
18646,19067,zeal,-13.1026,1,0,0,0,,,,,0,0,F20K,RESEARCH_BASELINE
18647,19068,zodiac,-13.1026,1,0,0,0,,,,,0,0,F20K,RESEARCH_BASELINE
18648,19070,accompaniment,-13.1224,1,0,0,0,,,,,0,0,F20K,RESEARCH_BASELINE
18649,19071,adjective,-13.1224,1,0,0,0,,,,,0,0,F20K,RESEARCH_BASELINE
18650,19072,adorned,-13.1224,1,0,0,0,,,,,0,0,F20K,RESEARCH_BASELINE
18651,19073,adversary,-13.1224,1,0,0,0,,,,,0,0,F20K,RESEARCH_BASELINE
18652,19074,affirm,-13.1224,1,0,0,0,,,,,0,0,F20K,RESEARCH_BASELINE
18653,19075,alfonso,-13.1224,0,0,0,0,,,,,0,0,F20K,RESEARCH_BASELINE
18654,19076,alienated,-13.1224,0,0,0,0,,,,,0,0,F20K,RESEARCH_BASELINE
18655,19077,alligator,-13.1224,1,0,0,0,,,,,0,0,F20K,RESEARCH_BASELINE
18656,19078,analogue,-13.1224,1,0,0,0,,,,,0,0,F20K,RESEARCH_BASELINE
18657,19079,angered,-13.1224,0,0,0,0,,,,,0,0,F20K,RESEARCH_BASELINE
18658,19080,angie,-13.1224,0,0,0,0,,,,,0,0,F20K,RESEARCH_BASELINE
18659,19081,ans,-13.1224,0,0,0,0,,,,,0,0,F20K,RESEARCH_BASELINE
18660,19082,apathy,-13.1224,1,0,0,0,,,,,0,0,F20K,RESEARCH_BASELINE
18661,19083,appliance,-13.1224,1,0,0,0,,,,,0,0,F20K,RESEARCH_BASELINE
18662,19084,apron,-13.1224,1,0,0,0,,,,,0,0,F20K,RESEARCH_BASELINE
18663,19086,armistice,-13.1224,1,0,0,0,,,,,0,0,F20K,RESEARCH_BASELINE
18664,19087,assortment,-13.1224,1,0,0,0,,,,,0,0,F20K,RESEARCH_BASELINE
18665,19088,astonished,-13.1224,1,0,0,0,,,,,0,0,F20K,RESEARCH_BASELINE
18666,19089,auditors,-13.1224,1,1,0,1,,auditor,,,1,0,F20K,RESEARCH_BASELINE
18667,19090,barbaric,-13.1224,1,0,0,0,,,,,0,0,F20K,RESEARCH_BASELINE
18668,19091,bard,-13.1224,1,1,0,1,,bar,,,1,0,F20K,RESEARCH_BASELINE
18669,19092,barrister,-13.1224,1,0,0,0,,,,,0,0,F20K,RESEARCH_BASELINE
18670,19093,bastion,-13.1224,0,0,0,0,,,,,0,0,F20K,RESEARCH_BASELINE
18671,19094,bea,-13.1224,0,0,0,0,,,,,0,0,F20K,RESEARCH_BASELINE
18672,19095,behaviours,-13.1224,0,0,0,0,,,,,0,0,F20K,RESEARCH_BASELINE
18673,19096,bends,-13.1224,1,1,0,1,ends,bend,,,2,0,F20K,RESEARCH_BASELINE
18674,19097,biases,-13.1224,1,0,0,0,,,,,0,0,F20K,RESEARCH_BASELINE
18675,19098,blackwell,-13.1224,0,0,0,0,,,,,0,0,F20K,RESEARCH_BASELINE
18676,19099,blouse,-13.1224,1,0,0,0,,,,,0,0,F20K,RESEARCH_BASELINE
18677,19100,boosts,-13.1224,1,1,0,1,,boost,,,1,0,F20K,RESEARCH_BASELINE
18678,19101,bourne,-13.1224,0,0,0,0,,,,,0,0,F20K,RESEARCH_BASELINE
18679,19102,braun,-13.1224,0,0,0,0,,,,,0,0,F20K,RESEARCH_BASELINE
18680,19103,brigadier,-13.1224,0,0,0,0,,,,,0,0,F20K,RESEARCH_BASELINE
18681,19104,brochure,-13.1224,1,0,0,0,,,,,0,0,F20K,RESEARCH_BASELINE
18682,19105,bungalow,-13.1224,1,0,0,0,,,,,0,0,F20K,RESEARCH_BASELINE
18683,19106,bureaucrats,-13.1224,1,0,0,0,,,,,0,0,F20K,RESEARCH_BASELINE
18684,19107,burr,-13.1224,0,0,0,0,,,,,0,0,F20K,RESEARCH_BASELINE
18685,19109,cereals,-13.1224,1,1,0,1,,cereal,,,1,0,F20K,RESEARCH_BASELINE
18686,19110,chained,-13.1224,1,0,0,0,,,,,0,0,F20K,RESEARCH_BASELINE
18687,19112,cheaply,-13.1224,1,0,0,0,,,,,0,0,F20K,RESEARCH_BASELINE
18688,19113,cheng,-13.1224,0,0,0,0,,,,,0,0,F20K,RESEARCH_BASELINE
18689,19114,cher,-13.1224,0,0,0,0,,,,,0,0,F20K,RESEARCH_BASELINE
18690,19115,chinatown,-13.1224,0,0,0,0,,,,,0,0,F20K,RESEARCH_BASELINE
18691,19116,clandestine,-13.1224,1,0,0,0,,,,,0,0,F20K,RESEARCH_BASELINE
18692,19117,clapping,-13.1224,1,0,0,0,,,,,0,0,F20K,RESEARCH_BASELINE
18693,19118,clegg,-13.1224,0,0,0,0,,,,,0,0,F20K,RESEARCH_BASELINE
18694,19119,clinicians,-13.1224,0,0,0,0,,,,,0,0,F20K,RESEARCH_BASELINE
18695,19120,cocks,-13.1224,1,1,0,1,,cock,,,1,0,F20K,RESEARCH_BASELINE
18696,19121,commando,-13.1224,0,0,0,0,,,,,0,0,F20K,RESEARCH_BASELINE
18697,19122,commend,-13.1224,1,0,0,0,,,,,0,0,F20K,RESEARCH_BASELINE
18698,19123,condemns,-13.1224,1,1,0,1,,condemn,,,1,0,F20K,RESEARCH_BASELINE
18699,19124,confer,-13.1224,1,0,0,0,,,,,0,0,F20K,RESEARCH_BASELINE
18700,19125,configured,-13.1224,0,0,0,0,,,,,0,0,F20K,RESEARCH_BASELINE
18701,19126,cranes,-13.1224,1,1,0,1,,crane,,,1,0,F20K,RESEARCH_BASELINE
18702,19127,culmination,-13.1224,1,0,0,0,,,,,0,0,F20K,RESEARCH_BASELINE
18703,19128,cvs,-13.1224,0,0,0,0,,,,,0,0,F20K,RESEARCH_BASELINE
18704,19129,debuts,-13.1224,1,1,0,1,,debut,,,1,0,F20K,RESEARCH_BASELINE
18705,19130,deliberations,-13.1224,0,0,0,0,,,,,0,0,F20K,RESEARCH_BASELINE
18706,19131,differentiated,-13.1224,0,0,0,0,,,,,0,0,F20K,RESEARCH_BASELINE
18707,19133,discern,-13.1224,1,0,0,0,,,,,0,0,F20K,RESEARCH_BASELINE
18708,19134,dismay,-13.1224,1,0,0,0,,,,,0,0,F20K,RESEARCH_BASELINE
18709,19135,dns,-13.1224,0,0,0,0,,,,,0,0,F20K,RESEARCH_BASELINE
18710,19136,domestically,-13.1224,1,0,0,0,,,,,0,0,F20K,RESEARCH_BASELINE
18711,19137,doubting,-13.1224,1,0,0,0,,,,,0,0,F20K,RESEARCH_BASELINE
18712,19138,dresser,-13.1224,1,0,0,0,,,,,0,0,F20K,RESEARCH_BASELINE
18713,19139,dysfunctional,-13.1224,1,0,0,0,,,,,0,0,F20K,RESEARCH_BASELINE
18714,19140,eighties,-13.1224,1,0,0,0,,,,,0,0,F20K,RESEARCH_BASELINE
18715,19141,elise,-13.1224,0,0,0,0,,,,,0,0,F20K,RESEARCH_BASELINE
18716,19142,encoded,-13.1224,1,0,0,0,,,,,0,0,F20K,RESEARCH_BASELINE
18717,19143,encompass,-13.1224,1,0,0,0,,,,,0,0,F20K,RESEARCH_BASELINE
18718,19144,endanger,-13.1224,1,0,0,0,,,,,0,0,F20K,RESEARCH_BASELINE
18719,19145,engraving,-13.1224,1,0,0,0,,,,,0,0,F20K,RESEARCH_BASELINE
18720,19146,enrich,-13.1224,1,0,0,0,,,,,0,0,F20K,RESEARCH_BASELINE
18721,19147,entrants,-13.1224,0,0,0,0,,,,,0,0,F20K,RESEARCH_BASELINE
18722,19148,ether,-13.1224,1,0,0,0,,,,,0,0,F20K,RESEARCH_BASELINE
18723,19149,facets,-13.1224,0,0,0,0,,,,,0,0,F20K,RESEARCH_BASELINE
18724,19150,facilitates,-13.1224,0,0,0,0,,,,,0,0,F20K,RESEARCH_BASELINE
18725,19151,faked,-13.1224,1,1,0,1,,fake,,,1,0,F20K,RESEARCH_BASELINE
18726,19152,fender,-13.1224,1,0,0,0,,,,,0,0,F20K,RESEARCH_BASELINE
18727,19153,firefox,-13.1224,0,0,0,0,,,,,0,0,F20K,RESEARCH_BASELINE
18728,19154,fitz,-13.1224,0,0,0,0,,,,,0,0,F20K,RESEARCH_BASELINE
18729,19155,flashed,-13.1224,1,0,0,0,,,,,0,0,F20K,RESEARCH_BASELINE
18730,19156,footnotes,-13.1224,1,1,0,1,,footnote,,,1,0,F20K,RESEARCH_BASELINE
18731,19157,francesca,-13.1224,0,0,0,0,,,,,0,0,F20K,RESEARCH_BASELINE
18732,19158,fray,-13.1224,1,1,0,1,ray,,,,1,0,F20K,RESEARCH_BASELINE
18733,19160,gabrielle,-13.1224,0,0,0,0,,,,,0,0,F20K,RESEARCH_BASELINE
18734,19161,generously,-13.1224,1,0,0,0,,,,,0,0,F20K,RESEARCH_BASELINE
18735,19163,goggles,-13.1224,1,0,0,0,,,,,0,0,F20K,RESEARCH_BASELINE
18736,19164,golfer,-13.1224,1,0,0,0,,,,,0,0,F20K,RESEARCH_BASELINE
18737,19165,gospels,-13.1224,0,0,0,0,,,,,0,0,F20K,RESEARCH_BASELINE
18738,19166,griffiths,-13.1224,0,0,0,0,,,,,0,0,F20K,RESEARCH_BASELINE
18739,19167,guantanamo,-13.1224,0,0,0,0,,,,,0,0,F20K,RESEARCH_BASELINE
18740,19168,hacks,-13.1224,1,1,0,1,,hack,,,1,0,F20K,RESEARCH_BASELINE
18741,19169,harmonic,-13.1224,1,0,0,0,,,,,0,0,F20K,RESEARCH_BASELINE
18742,19170,hasty,-13.1224,1,0,0,0,,,,,0,0,F20K,RESEARCH_BASELINE
18743,19171,hatched,-13.1224,0,0,0,0,,,,,0,0,F20K,RESEARCH_BASELINE
18744,19172,heartbreak,-13.1224,1,0,0,0,,,,,0,0,F20K,RESEARCH_BASELINE
18745,19173,hectic,-13.1224,1,0,0,0,,,,,0,0,F20K,RESEARCH_BASELINE
18746,19174,hendrix,-13.1224,0,0,0,0,,,,,0,0,F20K,RESEARCH_BASELINE
18747,19175,herds,-13.1224,1,1,0,1,,herd,,,1,0,F20K,RESEARCH_BASELINE
18748,19176,homogeneous,-13.1224,1,0,0,0,,,,,0,0,F20K,RESEARCH_BASELINE
18749,19177,homophobia,-13.1224,1,0,0,0,,,,,0,0,F20K,RESEARCH_BASELINE
18750,19178,horrid,-13.1224,1,0,0,0,,,,,0,0,F20K,RESEARCH_BASELINE
18751,19179,hospice,-13.1224,1,0,0,0,,,,,0,0,F20K,RESEARCH_BASELINE
18752,19180,hume,-13.1224,0,0,0,0,,,,,0,0,F20K,RESEARCH_BASELINE
18753,19181,hydra,-13.1224,0,0,0,0,,,,,0,0,F20K,RESEARCH_BASELINE
18754,19182,illustrator,-13.1224,1,0,0,0,,,,,0,0,F20K,RESEARCH_BASELINE
18755,19183,implicitly,-13.1224,1,0,0,0,,,,,0,0,F20K,RESEARCH_BASELINE
18756,19184,inconsistencies,-13.1224,0,0,0,0,,,,,0,0,F20K,RESEARCH_BASELINE
18757,19185,inquisition,-13.1224,1,0,0,0,,,,,0,0,F20K,RESEARCH_BASELINE
18758,19186,intrigue,-13.1224,1,1,1,0,,,,intrigued,0,1,F20K,RESEARCH_BASELINE
18759,19187,inventing,-13.1224,0,0,0,0,,,,,0,0,F20K,RESEARCH_BASELINE
18760,19188,jackass,-13.1224,0,0,0,0,,,,,0,0,F20K,RESEARCH_BASELINE
18761,19189,jericho,-13.1224,0,0,0,0,,,,,0,0,F20K,RESEARCH_BASELINE
18762,19190,jesuits,-13.1224,0,0,0,0,,,,,0,0,F20K,RESEARCH_BASELINE
18763,19191,jumbo,-13.1224,1,0,0,0,,,,,0,0,F20K,RESEARCH_BASELINE
18764,19192,justifying,-13.1224,1,0,0,0,,,,,0,0,F20K,RESEARCH_BASELINE
18765,19193,kickoff,-13.1224,1,0,0,0,,,,,0,0,F20K,RESEARCH_BASELINE
18766,19194,kremlin,-13.1224,0,0,0,0,,,,,0,0,F20K,RESEARCH_BASELINE
18767,19195,lambs,-13.1224,1,1,0,1,,lamb,,,1,0,F20K,RESEARCH_BASELINE
18768,19196,lao,-13.1224,0,0,0,0,,,,,0,0,F20K,RESEARCH_BASELINE
18769,19197,leopold,-13.1224,0,0,0,0,,,,,0,0,F20K,RESEARCH_BASELINE
18770,19198,lockheed,-13.1224,0,0,0,0,,,,,0,0,F20K,RESEARCH_BASELINE
18771,19199,luiz,-13.1224,0,0,0,0,,,,,0,0,F20K,RESEARCH_BASELINE
18772,19200,lunatic,-13.1224,1,0,0,0,,,,,0,0,F20K,RESEARCH_BASELINE
18773,19201,maestro,-13.1224,0,0,0,0,,,,,0,0,F20K,RESEARCH_BASELINE
18774,19202,mais,-13.1224,0,0,0,0,,,,,0,0,F20K,RESEARCH_BASELINE
18775,19203,maj,-13.1224,0,0,0,0,,,,,0,0,F20K,RESEARCH_BASELINE
18776,19205,malnutrition,-13.1224,1,0,0,0,,,,,0,0,F20K,RESEARCH_BASELINE
18777,19206,maroon,-13.1224,1,0,0,0,,,,,0,0,F20K,RESEARCH_BASELINE
18778,19207,marries,-13.1224,1,0,0,0,,,,,0,0,F20K,RESEARCH_BASELINE
18779,19208,melville,-13.1224,0,0,0,0,,,,,0,0,F20K,RESEARCH_BASELINE
18780,19209,melvin,-13.1224,0,0,0,0,,,,,0,0,F20K,RESEARCH_BASELINE
18781,19210,membranes,-13.1224,0,0,0,0,,,,,0,0,F20K,RESEARCH_BASELINE
18782,19211,methyl,-13.1224,0,0,0,0,,,,,0,0,F20K,RESEARCH_BASELINE
18783,19212,milano,-13.1224,0,0,0,0,,,,,0,0,F20K,RESEARCH_BASELINE
18784,19213,milling,-13.1224,1,0,0,0,,,,,0,0,F20K,RESEARCH_BASELINE
18785,19214,moan,-13.1224,1,0,0,0,,,,,0,0,F20K,RESEARCH_BASELINE
18786,19215,moldova,-13.1224,0,0,0,0,,,,,0,0,F20K,RESEARCH_BASELINE
18787,19216,monoxide,-13.1224,0,0,0,0,,,,,0,0,F20K,RESEARCH_BASELINE
18788,19217,moustache,-13.1224,1,0,0,0,,,,,0,0,F20K,RESEARCH_BASELINE
18789,19218,nadia,-13.1224,0,0,0,0,,,,,0,0,F20K,RESEARCH_BASELINE
18790,19219,nocturnal,-13.1224,1,0,0,0,,,,,0,0,F20K,RESEARCH_BASELINE
18791,19220,norma,-13.1224,0,0,0,0,,,,,0,0,F20K,RESEARCH_BASELINE
18792,19221,northward,-13.1224,1,0,0,0,,,,,0,0,F20K,RESEARCH_BASELINE
18793,19222,nwt,-13.1224,0,0,0,0,,,,,0,0,F20K,RESEARCH_BASELINE
18794,19223,oatmeal,-13.1224,1,0,0,0,,,,,0,0,F20K,RESEARCH_BASELINE
18795,19224,optimize,-13.1224,1,1,1,0,,,,optimized,0,1,F20K,RESEARCH_BASELINE
18796,19225,palin,-13.1224,0,0,0,0,,,,,0,0,F20K,RESEARCH_BASELINE
18797,19227,pci,-13.1224,0,0,0,0,,,,,0,0,F20K,RESEARCH_BASELINE
18798,19228,perpetrated,-13.1224,0,0,0,0,,,,,0,0,F20K,RESEARCH_BASELINE
18799,19229,persuasion,-13.1224,1,0,0,0,,,,,0,0,F20K,RESEARCH_BASELINE
18800,19230,pessimistic,-13.1224,1,0,0,0,,,,,0,0,F20K,RESEARCH_BASELINE
18801,19231,pious,-13.1224,1,0,0,0,,,,,0,0,F20K,RESEARCH_BASELINE
18802,19232,pluto,-13.1224,0,0,0,0,,,,,0,0,F20K,RESEARCH_BASELINE
18803,19233,plutonium,-13.1224,1,0,0,0,,,,,0,0,F20K,RESEARCH_BASELINE
18804,19234,pollutants,-13.1224,0,0,0,0,,,,,0,0,F20K,RESEARCH_BASELINE
18805,19235,polymers,-13.1224,1,1,0,1,,polymer,,,1,0,F20K,RESEARCH_BASELINE
18806,19236,powerhouse,-13.1224,1,0,0,0,,,,,0,0,F20K,RESEARCH_BASELINE
18807,19237,practicable,-13.1224,0,0,0,0,,,,,0,0,F20K,RESEARCH_BASELINE
18808,19238,prettier,-13.1224,1,0,0,0,,,,,0,0,F20K,RESEARCH_BASELINE
18809,19239,pristine,-13.1224,1,0,0,0,,,,,0,0,F20K,RESEARCH_BASELINE
18810,19240,profiling,-13.1224,1,0,0,0,,,,,0,0,F20K,RESEARCH_BASELINE
18811,19241,protagonists,-13.1224,0,0,0,0,,,,,0,0,F20K,RESEARCH_BASELINE
18812,19242,punctuation,-13.1224,1,0,0,0,,,,,0,0,F20K,RESEARCH_BASELINE
18813,19243,quieter,-13.1224,1,0,0,0,,,,,0,0,F20K,RESEARCH_BASELINE
18814,19244,rained,-13.1224,0,0,0,0,,,,,0,0,F20K,RESEARCH_BASELINE
18815,19245,rarity,-13.1224,1,0,0,0,,,,,0,0,F20K,RESEARCH_BASELINE
18816,19246,raul,-13.1224,0,0,0,0,,,,,0,0,F20K,RESEARCH_BASELINE
18817,19247,realisation,-13.1224,0,0,0,0,,,,,0,0,F20K,RESEARCH_BASELINE
18818,19248,reddish,-13.1224,1,0,0,0,,,,,0,0,F20K,RESEARCH_BASELINE
18819,19249,regimen,-13.1224,1,1,1,1,,regime,,regiment,1,1,F20K,RESEARCH_BASELINE
18820,19250,reindeer,-13.1224,1,0,0,0,,,,,0,0,F20K,RESEARCH_BASELINE
18821,19251,reminders,-13.1224,0,0,0,0,,,,,0,0,F20K,RESEARCH_BASELINE
18822,19252,restrain,-13.1224,1,1,1,0,,,,restraint,0,1,F20K,RESEARCH_BASELINE
18823,19253,retreating,-13.1224,1,0,0,0,,,,,0,0,F20K,RESEARCH_BASELINE
18824,19254,ritchie,-13.1224,0,0,0,0,,,,,0,0,F20K,RESEARCH_BASELINE
18825,19255,rocker,-13.1224,1,0,0,0,,,,,0,0,F20K,RESEARCH_BASELINE
18826,19256,rosenberg,-13.1224,0,0,0,0,,,,,0,0,F20K,RESEARCH_BASELINE
18827,19257,rotated,-13.1224,1,1,0,1,,rotate,,,1,0,F20K,RESEARCH_BASELINE
18828,19258,rotting,-13.1224,1,0,0,0,,,,,0,0,F20K,RESEARCH_BASELINE
18829,19259,roulette,-13.1224,1,0,0,0,,,,,0,0,F20K,RESEARCH_BASELINE
18830,19260,rumored,-13.1224,0,0,0,0,,,,,0,0,F20K,RESEARCH_BASELINE
18831,19261,rutgers,-13.1224,0,0,0,0,,,,,0,0,F20K,RESEARCH_BASELINE
18832,19262,sacrament,-13.1224,1,0,0,0,,,,,0,0,F20K,RESEARCH_BASELINE
18833,19263,satisfies,-13.1224,0,0,0,0,,,,,0,0,F20K,RESEARCH_BASELINE
18834,19264,scanners,-13.1224,1,1,0,1,,scanner,,,1,0,F20K,RESEARCH_BASELINE
18835,19265,securely,-13.1224,1,0,0,0,,,,,0,0,F20K,RESEARCH_BASELINE
18836,19266,sensual,-13.1224,1,0,0,0,,,,,0,0,F20K,RESEARCH_BASELINE
18837,19267,shafts,-13.1224,1,1,0,1,,shaft,,,1,0,F20K,RESEARCH_BASELINE
18838,19268,sharia,-13.1224,0,0,0,0,,,,,0,0,F20K,RESEARCH_BASELINE
18839,19269,shepherds,-13.1224,1,1,0,1,,shepherd,,,1,0,F20K,RESEARCH_BASELINE
18840,19270,shoppers,-13.1224,1,0,0,0,,,,,0,0,F20K,RESEARCH_BASELINE
18841,19271,silhouette,-13.1224,1,0,0,0,,,,,0,0,F20K,RESEARCH_BASELINE
18842,19272,skeletal,-13.1224,1,0,0,0,,,,,0,0,F20K,RESEARCH_BASELINE
18843,19273,sorta,-13.1224,0,0,0,0,,,,,0,0,F20K,RESEARCH_BASELINE
18844,19274,splinter,-13.1224,1,0,0,0,,,,,0,0,F20K,RESEARCH_BASELINE
18845,19275,spooky,-13.1224,1,0,0,0,,,,,0,0,F20K,RESEARCH_BASELINE
18846,19276,spotting,-13.1224,1,0,0,0,,,,,0,0,F20K,RESEARCH_BASELINE
18847,19277,steamer,-13.1224,1,0,0,0,,,,,0,0,F20K,RESEARCH_BASELINE
18848,19278,steroid,-13.1224,1,1,1,0,,,asteroid,steroids,0,2,F20K,RESEARCH_BASELINE
18849,19279,streamed,-13.1224,0,0,0,0,,,,,0,0,F20K,RESEARCH_BASELINE
18850,19280,strengthens,-13.1224,1,1,0,1,,strengthen,,,1,0,F20K,RESEARCH_BASELINE
18851,19282,stunts,-13.1224,1,1,0,1,,stunt,,,1,0,F20K,RESEARCH_BASELINE
18852,19283,summaries,-13.1224,0,0,0,0,,,,,0,0,F20K,RESEARCH_BASELINE
18853,19285,surpass,-13.1224,1,0,0,0,,,,,0,0,F20K,RESEARCH_BASELINE
18854,19286,sykes,-13.1224,0,0,0,0,,,,,0,0,F20K,RESEARCH_BASELINE
18855,19287,synergy,-13.1224,1,0,0,0,,,,,0,0,F20K,RESEARCH_BASELINE
18856,19288,tal,-13.1224,0,0,0,0,,,,,0,0,F20K,RESEARCH_BASELINE
18857,19289,theyre,-13.1224,0,0,0,0,,,,,0,0,F20K,RESEARCH_BASELINE
18858,19290,thinker,-13.1224,1,0,0,0,,,,,0,0,F20K,RESEARCH_BASELINE
18859,19291,thunderstorms,-13.1224,1,0,0,0,,,,,0,0,F20K,RESEARCH_BASELINE
18860,19292,tickle,-13.1224,1,0,0,0,,,,,0,0,F20K,RESEARCH_BASELINE
18861,19293,titus,-13.1224,0,0,0,0,,,,,0,0,F20K,RESEARCH_BASELINE
18862,19294,toaster,-13.1224,1,0,0,0,,,,,0,0,F20K,RESEARCH_BASELINE
18863,19295,tudor,-13.1224,0,0,0,0,,,,,0,0,F20K,RESEARCH_BASELINE
18864,19296,tutorials,-13.1224,0,0,0,0,,,,,0,0,F20K,RESEARCH_BASELINE
18865,19297,unionist,-13.1224,1,1,1,0,,,,unionists,0,1,F20K,RESEARCH_BASELINE
18866,19298,unionists,-13.1224,1,1,0,1,,unionist,,,1,0,F20K,RESEARCH_BASELINE
18867,19299,unleash,-13.1224,1,0,0,0,,,,,0,0,F20K,RESEARCH_BASELINE
18868,19300,unspecified,-13.1224,1,0,0,0,,,,,0,0,F20K,RESEARCH_BASELINE
18869,19301,untreated,-13.1224,1,0,0,0,,,,,0,0,F20K,RESEARCH_BASELINE
18870,19303,validated,-13.1224,0,0,0,0,,,,,0,0,F20K,RESEARCH_BASELINE
18871,19304,vandalism,-13.1224,1,0,0,0,,,,,0,0,F20K,RESEARCH_BASELINE
18872,19305,ver,-13.1224,0,0,0,0,,,,,0,0,F20K,RESEARCH_BASELINE
18873,19306,vigil,-13.1224,1,0,0,0,,,,,0,0,F20K,RESEARCH_BASELINE
18874,19307,waived,-13.1224,0,0,0,0,,,,,0,0,F20K,RESEARCH_BASELINE
18875,19308,warmly,-13.1224,1,0,0,0,,,,,0,0,F20K,RESEARCH_BASELINE
18876,19309,watered,-13.1224,1,0,0,0,,,,,0,0,F20K,RESEARCH_BASELINE
18877,19310,watermelon,-13.1224,1,0,0,0,,,,,0,0,F20K,RESEARCH_BASELINE
18878,19311,wellbeing,-13.1224,0,0,0,0,,,,,0,0,F20K,RESEARCH_BASELINE
18879,19312,wipes,-13.1224,1,1,0,1,,wipe,,,1,0,F20K,RESEARCH_BASELINE
18880,19313,wits,-13.1224,1,1,0,1,its,wit,,,2,0,F20K,RESEARCH_BASELINE
18881,19314,wrinkles,-13.1224,1,0,0,0,,,,,0,0,F20K,RESEARCH_BASELINE
18882,19315,wrongful,-13.1224,1,0,0,0,,,,,0,0,F20K,RESEARCH_BASELINE
18883,19316,wrongs,-13.1224,1,1,0,1,,wrong,,,1,0,F20K,RESEARCH_BASELINE
18884,19317,zur,-13.1224,0,0,0,0,,,,,0,0,F20K,RESEARCH_BASELINE
18885,19319,accompanies,-13.1477,1,0,0,0,,,,,0,0,F20K,RESEARCH_BASELINE
18886,19320,aces,-13.1477,1,1,1,1,,ace,faces;races,,1,2,F20K,RESEARCH_BASELINE
18887,19321,acl,-13.1477,0,0,0,0,,,,,0,0,F20K,RESEARCH_BASELINE
18888,19322,adjourned,-13.1477,1,0,0,0,,,,,0,0,F20K,RESEARCH_BASELINE
18889,19323,agitation,-13.1477,1,0,0,0,,,,,0,0,F20K,RESEARCH_BASELINE
18890,19324,alfredo,-13.1477,0,0,0,0,,,,,0,0,F20K,RESEARCH_BASELINE
18891,19325,almonds,-13.1477,1,1,0,1,,almond,,,1,0,F20K,RESEARCH_BASELINE
18892,19326,altitudes,-13.1477,0,0,0,0,,,,,0,0,F20K,RESEARCH_BASELINE
18893,19327,annoyance,-13.1477,1,0,0,0,,,,,0,0,F20K,RESEARCH_BASELINE
18894,19328,anus,-13.1477,0,0,0,0,,,,,0,0,F20K,RESEARCH_BASELINE
18895,19329,approvals,-13.1477,0,0,0,0,,,,,0,0,F20K,RESEARCH_BASELINE
18896,19330,artisan,-13.1477,1,1,1,0,,,partisan,,0,1,F20K,RESEARCH_BASELINE
18897,19331,ascend,-13.1477,1,0,0,0,,,,,0,0,F20K,RESEARCH_BASELINE
18898,19332,baffled,-13.1477,1,0,0,0,,,,,0,0,F20K,RESEARCH_BASELINE
18899,19333,barbarians,-13.1477,0,0,0,0,,,,,0,0,F20K,RESEARCH_BASELINE
18900,19334,barkley,-13.1477,0,0,0,0,,,,,0,0,F20K,RESEARCH_BASELINE
18901,19335,bayer,-13.1477,0,0,0,0,,,,,0,0,F20K,RESEARCH_BASELINE
18902,19336,beak,-13.1477,1,0,0,0,,,,,0,0,F20K,RESEARCH_BASELINE
18903,19337,beech,-13.1477,1,0,0,0,,,,,0,0,F20K,RESEARCH_BASELINE
18904,19338,bins,-13.1477,1,1,0,1,ins,bin,,,2,0,F20K,RESEARCH_BASELINE
18905,19339,biologists,-13.1477,1,1,0,1,,biologist,,,1,0,F20K,RESEARCH_BASELINE
18906,19340,bitterly,-13.1477,1,0,0,0,,,,,0,0,F20K,RESEARCH_BASELINE
18907,19341,boner,-13.1477,0,0,0,0,,,,,0,0,F20K,RESEARCH_BASELINE
18908,19342,bosnian,-13.1477,0,0,0,0,,,,,0,0,F20K,RESEARCH_BASELINE
18909,19343,bridal,-13.1477,1,0,0,0,,,,,0,0,F20K,RESEARCH_BASELINE
18910,19344,brood,-13.1477,1,0,0,0,,,,,0,0,F20K,RESEARCH_BASELINE
18911,19345,bubba,-13.1477,0,0,0,0,,,,,0,0,F20K,RESEARCH_BASELINE
18912,19346,calming,-13.1477,0,0,0,0,,,,,0,0,F20K,RESEARCH_BASELINE
18913,19347,cameraman,-13.1477,1,0,0,0,,,,,0,0,F20K,RESEARCH_BASELINE
18914,19348,canonical,-13.1477,1,0,0,0,,,,,0,0,F20K,RESEARCH_BASELINE
18915,19350,catfish,-13.1477,1,0,0,0,,,,,0,0,F20K,RESEARCH_BASELINE
18916,19351,caviar,-13.1477,1,0,0,0,,,,,0,0,F20K,RESEARCH_BASELINE
18917,19352,cbd,-13.1477,0,0,0,0,,,,,0,0,F20K,RESEARCH_BASELINE
18918,19353,changer,-13.1477,0,0,0,0,,,,,0,0,F20K,RESEARCH_BASELINE
18919,19354,charisma,-13.1477,1,0,0,0,,,,,0,0,F20K,RESEARCH_BASELINE
18920,19355,cheerleader,-13.1477,1,0,0,0,,,,,0,0,F20K,RESEARCH_BASELINE
18921,19356,chemically,-13.1477,1,0,0,0,,,,,0,0,F20K,RESEARCH_BASELINE
18922,19357,classed,-13.1477,1,0,0,0,,,,,0,0,F20K,RESEARCH_BASELINE
18923,19358,climbers,-13.1477,1,0,0,0,,,,,0,0,F20K,RESEARCH_BASELINE
18924,19359,clinch,-13.1477,1,0,0,0,,,,,0,0,F20K,RESEARCH_BASELINE
18925,19360,cloning,-13.1477,1,0,0,0,,,,,0,0,F20K,RESEARCH_BASELINE
18926,19361,cohesive,-13.1477,1,0,0,0,,,,,0,0,F20K,RESEARCH_BASELINE
18927,19362,commended,-13.1477,0,0,0,0,,,,,0,0,F20K,RESEARCH_BASELINE
18928,19363,confidently,-13.1477,1,0,0,0,,,,,0,0,F20K,RESEARCH_BASELINE
18929,19364,conquering,-13.1477,1,0,0,0,,,,,0,0,F20K,RESEARCH_BASELINE
18930,19365,consensual,-13.1477,1,0,0,0,,,,,0,0,F20K,RESEARCH_BASELINE
18931,19366,contenders,-13.1477,0,0,0,0,,,,,0,0,F20K,RESEARCH_BASELINE
18932,19367,cornish,-13.1477,0,0,0,0,,,,,0,0,F20K,RESEARCH_BASELINE
18933,19368,cristiano,-13.1477,0,0,0,0,,,,,0,0,F20K,RESEARCH_BASELINE
18934,19369,crowley,-13.1477,0,0,0,0,,,,,0,0,F20K,RESEARCH_BASELINE
18935,19370,culminated,-13.1477,1,0,0,0,,,,,0,0,F20K,RESEARCH_BASELINE
18936,19371,culminating,-13.1477,0,0,0,0,,,,,0,0,F20K,RESEARCH_BASELINE
18937,19372,curled,-13.1477,1,0,0,0,,,,,0,0,F20K,RESEARCH_BASELINE
18938,19373,cursor,-13.1477,1,0,0,0,,,,,0,0,F20K,RESEARCH_BASELINE
18939,19374,customize,-13.1477,1,1,1,0,,,,customized,0,1,F20K,RESEARCH_BASELINE
18940,19375,cy,-13.1477,0,0,0,0,,,,,0,0,F20K,RESEARCH_BASELINE
18941,19376,cyanide,-13.1477,1,0,0,0,,,,,0,0,F20K,RESEARCH_BASELINE
18942,19377,dae,-13.1477,0,0,0,0,,,,,0,0,F20K,RESEARCH_BASELINE
18943,19378,dai,-13.1477,0,0,0,0,,,,,0,0,F20K,RESEARCH_BASELINE
18944,19379,dandy,-13.1477,1,0,0,0,,,,,0,0,F20K,RESEARCH_BASELINE
18945,19380,deadlines,-13.1477,0,0,0,0,,,,,0,0,F20K,RESEARCH_BASELINE
18946,19381,dehydration,-13.1477,1,0,0,0,,,,,0,0,F20K,RESEARCH_BASELINE
18947,19382,deli,-13.1477,1,0,0,0,,,,,0,0,F20K,RESEARCH_BASELINE
18948,19383,deprive,-13.1477,1,1,1,0,,,,deprived,0,1,F20K,RESEARCH_BASELINE
18949,19384,detain,-13.1477,1,0,0,0,,,,,0,0,F20K,RESEARCH_BASELINE
18950,19385,dickson,-13.1477,0,0,0,0,,,,,0,0,F20K,RESEARCH_BASELINE
18951,19386,disapproval,-13.1477,1,0,0,0,,,,,0,0,F20K,RESEARCH_BASELINE
18952,19387,discharges,-13.1477,0,0,0,0,,,,,0,0,F20K,RESEARCH_BASELINE
18953,19388,dishwasher,-13.1477,1,0,0,0,,,,,0,0,F20K,RESEARCH_BASELINE
18954,19389,diversification,-13.1477,1,0,0,0,,,,,0,0,F20K,RESEARCH_BASELINE
18955,19390,docs,-13.1477,0,0,0,0,,,,,0,0,F20K,RESEARCH_BASELINE
18956,19391,dracula,-13.1477,0,0,0,0,,,,,0,0,F20K,RESEARCH_BASELINE
18957,19392,dyes,-13.1477,1,1,0,1,yes,dye,,,2,0,F20K,RESEARCH_BASELINE
18958,19393,elector,-13.1477,1,1,1,0,,,,electors,0,1,F20K,RESEARCH_BASELINE
18959,19394,embassies,-13.1477,0,0,0,0,,,,,0,0,F20K,RESEARCH_BASELINE
18960,19395,ent,-13.1477,0,0,0,0,,,,,0,0,F20K,RESEARCH_BASELINE
18961,19396,eurozone,-13.1477,0,0,0,0,,,,,0,0,F20K,RESEARCH_BASELINE
18962,19397,exponential,-13.1477,1,0,0,0,,,,,0,0,F20K,RESEARCH_BASELINE
18963,19398,extant,-13.1477,0,0,0,0,,,,,0,0,F20K,RESEARCH_BASELINE
18964,19399,extremism,-13.1477,1,0,0,0,,,,,0,0,F20K,RESEARCH_BASELINE
18965,19400,faiths,-13.1477,1,1,0,1,,faith,,,1,0,F20K,RESEARCH_BASELINE
18966,19401,filler,-13.1477,1,0,0,0,,,,,0,0,F20K,RESEARCH_BASELINE
18967,19402,finalized,-13.1477,0,0,0,0,,,,,0,0,F20K,RESEARCH_BASELINE
18968,19403,flagged,-13.1477,0,0,0,0,,,,,0,0,F20K,RESEARCH_BASELINE
18969,19404,flanked,-13.1477,1,0,0,0,,,,,0,0,F20K,RESEARCH_BASELINE
18970,19405,fooling,-13.1477,1,0,0,0,,,,,0,0,F20K,RESEARCH_BASELINE
18971,19406,forte,-13.1477,1,1,0,1,,fort,,,1,0,F20K,RESEARCH_BASELINE
18972,19407,frankenstein,-13.1477,0,0,0,0,,,,,0,0,F20K,RESEARCH_BASELINE
18973,19408,freezes,-13.1477,1,1,0,1,,freeze,,,1,0,F20K,RESEARCH_BASELINE
18974,19409,giggle,-13.1477,1,1,1,0,,,,giggles,0,1,F20K,RESEARCH_BASELINE
18975,19410,gon,-13.1477,0,0,0,0,,,,,0,0,F20K,RESEARCH_BASELINE
18976,19411,graceful,-13.1477,1,0,0,0,,,,,0,0,F20K,RESEARCH_BASELINE
18977,19412,greenwood,-13.1477,0,0,0,0,,,,,0,0,F20K,RESEARCH_BASELINE
18978,19413,grieve,-13.1477,1,0,0,0,,,,,0,0,F20K,RESEARCH_BASELINE
18979,19414,gunmen,-13.1477,0,0,0,0,,,,,0,0,F20K,RESEARCH_BASELINE
18980,19415,handgun,-13.1477,1,0,0,0,,,,,0,0,F20K,RESEARCH_BASELINE
18981,19416,handwritten,-13.1477,1,0,0,0,,,,,0,0,F20K,RESEARCH_BASELINE
18982,19417,harms,-13.1477,1,1,1,1,arms,harm,charms,,2,1,F20K,RESEARCH_BASELINE
18983,19418,hauling,-13.1477,0,0,0,0,,,,,0,0,F20K,RESEARCH_BASELINE
18984,19419,hb,-13.1477,0,0,0,0,,,,,0,0,F20K,RESEARCH_BASELINE
18985,19420,healer,-13.1477,1,0,0,0,,,,,0,0,F20K,RESEARCH_BASELINE
18986,19421,heartfelt,-13.1477,1,0,0,0,,,,,0,0,F20K,RESEARCH_BASELINE
18987,19422,hereafter,-13.1477,1,1,1,0,,,thereafter,,0,1,F20K,RESEARCH_BASELINE
18988,19423,hermann,-13.1477,0,0,0,0,,,,,0,0,F20K,RESEARCH_BASELINE
18989,19424,het,-13.1477,0,0,0,0,,,,,0,0,F20K,RESEARCH_BASELINE
18990,19425,houghton,-13.1477,0,0,0,0,,,,,0,0,F20K,RESEARCH_BASELINE
18991,19426,hurdle,-13.1477,1,1,1,0,,,,hurdles,0,1,F20K,RESEARCH_BASELINE
18992,19427,huts,-13.1477,1,1,1,1,,hut,shuts,,1,1,F20K,RESEARCH_BASELINE
18993,19428,hyundai,-13.1477,0,0,0,0,,,,,0,0,F20K,RESEARCH_BASELINE
18994,19429,ifs,-13.1477,1,1,0,1,,if,,,1,0,F20K,RESEARCH_BASELINE
18995,19430,inertia,-13.1477,1,0,0,0,,,,,0,0,F20K,RESEARCH_BASELINE
18996,19431,intangible,-13.1477,1,0,0,0,,,,,0,0,F20K,RESEARCH_BASELINE
18997,19432,inventive,-13.1477,1,0,0,0,,,,,0,0,F20K,RESEARCH_BASELINE
18998,19433,investigates,-13.1477,0,0,0,0,,,,,0,0,F20K,RESEARCH_BASELINE
18999,19434,iraqis,-13.1477,0,0,0,0,,,,,0,0,F20K,RESEARCH_BASELINE
19000,19435,irons,-13.1477,1,1,0,1,,iron,,,1,0,F20K,RESEARCH_BASELINE
19001,19436,jock,-13.1477,1,0,0,0,,,,,0,0,F20K,RESEARCH_BASELINE
19002,19437,josephine,-13.1477,0,0,0,0,,,,,0,0,F20K,RESEARCH_BASELINE
19003,19438,jumpers,-13.1477,1,1,0,1,,jumper,,,1,0,F20K,RESEARCH_BASELINE
19004,19439,junta,-13.1477,0,0,0,0,,,,,0,0,F20K,RESEARCH_BASELINE
19005,19440,kale,-13.1477,1,1,0,1,ale,,,,1,0,F20K,RESEARCH_BASELINE
19006,19441,laborers,-13.1477,0,0,0,0,,,,,0,0,F20K,RESEARCH_BASELINE
19007,19442,labourers,-13.1477,0,0,0,0,,,,,0,0,F20K,RESEARCH_BASELINE
19008,19443,lausanne,-13.1477,0,0,0,0,,,,,0,0,F20K,RESEARCH_BASELINE
19009,19444,leaned,-13.1477,1,1,1,0,,,cleaned,,0,1,F20K,RESEARCH_BASELINE
19010,19445,levin,-13.1477,0,0,0,0,,,,,0,0,F20K,RESEARCH_BASELINE
19011,19446,liberate,-13.1477,1,1,1,0,,,,liberated,0,1,F20K,RESEARCH_BASELINE
19012,19447,linger,-13.1477,1,0,0,0,,,,,0,0,F20K,RESEARCH_BASELINE
19013,19448,lobbyists,-13.1477,1,0,0,0,,,,,0,0,F20K,RESEARCH_BASELINE
19014,19449,ly,-13.1477,0,0,0,0,,,,,0,0,F20K,RESEARCH_BASELINE
19015,19450,mace,-13.1477,1,1,0,1,ace,,,,1,0,F20K,RESEARCH_BASELINE
19016,19451,macho,-13.1477,1,0,0,0,,,,,0,0,F20K,RESEARCH_BASELINE
19017,19452,makin,-13.1477,0,0,0,0,,,,,0,0,F20K,RESEARCH_BASELINE
19018,19455,mcgee,-13.1477,0,0,0,0,,,,,0,0,F20K,RESEARCH_BASELINE
19019,19456,mechanically,-13.1477,1,0,0,0,,,,,0,0,F20K,RESEARCH_BASELINE
19020,19457,meek,-13.1477,1,0,0,0,,,,,0,0,F20K,RESEARCH_BASELINE
19021,19458,milestones,-13.1477,0,0,0,0,,,,,0,0,F20K,RESEARCH_BASELINE
19022,19459,monastic,-13.1477,0,0,0,0,,,,,0,0,F20K,RESEARCH_BASELINE
19023,19460,motherfuckers,-13.1477,0,0,0,0,,,,,0,0,F20K,RESEARCH_BASELINE
19024,19461,muir,-13.1477,0,0,0,0,,,,,0,0,F20K,RESEARCH_BASELINE
19025,19462,mutants,-13.1477,1,1,0,1,,mutant,,,1,0,F20K,RESEARCH_BASELINE
19026,19463,myspace,-13.1477,0,0,0,0,,,,,0,0,F20K,RESEARCH_BASELINE
19027,19465,napoli,-13.1477,0,0,0,0,,,,,0,0,F20K,RESEARCH_BASELINE
19028,19467,nguyen,-13.1477,0,0,0,0,,,,,0,0,F20K,RESEARCH_BASELINE
19029,19468,nye,-13.1477,0,0,0,0,,,,,0,0,F20K,RESEARCH_BASELINE
19030,19471,org,-13.1477,0,0,0,0,,,,,0,0,F20K,RESEARCH_BASELINE
19031,19472,ortiz,-13.1477,0,0,0,0,,,,,0,0,F20K,RESEARCH_BASELINE
19032,19473,pacers,-13.1477,0,0,0,0,,,,,0,0,F20K,RESEARCH_BASELINE
19033,19474,pamphlets,-13.1477,0,0,0,0,,,,,0,0,F20K,RESEARCH_BASELINE
19034,19475,pancake,-13.1477,1,1,1,0,,,,pancakes,0,1,F20K,RESEARCH_BASELINE
19035,19476,panoramic,-13.1477,1,0,0,0,,,,,0,0,F20K,RESEARCH_BASELINE
19036,19477,parenthood,-13.1477,1,0,0,0,,,,,0,0,F20K,RESEARCH_BASELINE
19037,19478,partnering,-13.1477,0,0,0,0,,,,,0,0,F20K,RESEARCH_BASELINE
19038,19479,pedigree,-13.1477,1,0,0,0,,,,,0,0,F20K,RESEARCH_BASELINE
19039,19480,penetrated,-13.1477,1,1,0,1,,penetrate,,,1,0,F20K,RESEARCH_BASELINE
19040,19481,penned,-13.1477,0,0,0,0,,,,,0,0,F20K,RESEARCH_BASELINE
19041,19482,perfected,-13.1477,1,0,0,0,,,,,0,0,F20K,RESEARCH_BASELINE
19042,19483,pharmacist,-13.1477,1,0,0,0,,,,,0,0,F20K,RESEARCH_BASELINE
19043,19484,phoned,-13.1477,1,1,0,1,,phone,,,1,0,F20K,RESEARCH_BASELINE
19044,19485,pizzas,-13.1477,1,1,0,1,,pizza,,,1,0,F20K,RESEARCH_BASELINE
19045,19486,pk,-13.1477,0,0,0,0,,,,,0,0,F20K,RESEARCH_BASELINE
19046,19487,playable,-13.1477,1,0,0,0,,,,,0,0,F20K,RESEARCH_BASELINE
19047,19488,pol,-13.1477,0,0,0,0,,,,,0,0,F20K,RESEARCH_BASELINE
19048,19489,prefecture,-13.1477,1,0,0,0,,,,,0,0,F20K,RESEARCH_BASELINE
19049,19490,prerequisite,-13.1477,1,0,0,0,,,,,0,0,F20K,RESEARCH_BASELINE
19050,19491,pretends,-13.1477,1,1,0,1,,pretend,,,1,0,F20K,RESEARCH_BASELINE
19051,19492,primaries,-13.1477,0,0,0,0,,,,,0,0,F20K,RESEARCH_BASELINE
19052,19493,prognosis,-13.1477,1,0,0,0,,,,,0,0,F20K,RESEARCH_BASELINE
19053,19494,prototypes,-13.1477,0,0,0,0,,,,,0,0,F20K,RESEARCH_BASELINE
19054,19495,psp,-13.1477,0,0,0,0,,,,,0,0,F20K,RESEARCH_BASELINE
19055,19496,pursuits,-13.1477,0,0,0,0,,,,,0,0,F20K,RESEARCH_BASELINE
19056,19497,rags,-13.1477,1,1,0,1,,rag,,,1,0,F20K,RESEARCH_BASELINE
19057,19498,raiding,-13.1477,0,0,0,0,,,,,0,0,F20K,RESEARCH_BASELINE
19058,19499,ramifications,-13.1477,0,0,0,0,,,,,0,0,F20K,RESEARCH_BASELINE
19059,19500,realistically,-13.1477,1,0,0,0,,,,,0,0,F20K,RESEARCH_BASELINE
19060,19501,recollection,-13.1477,1,0,0,0,,,,,0,0,F20K,RESEARCH_BASELINE
19061,19502,reconciled,-13.1477,1,1,0,1,,reconcile,,,1,0,F20K,RESEARCH_BASELINE
19062,19503,regal,-13.1477,1,0,0,0,,,,,0,0,F20K,RESEARCH_BASELINE
19063,19504,ren,-13.1477,0,0,0,0,,,,,0,0,F20K,RESEARCH_BASELINE
19064,19505,renounce,-13.1477,1,0,0,0,,,,,0,0,F20K,RESEARCH_BASELINE
19065,19506,rescuing,-13.1477,1,0,0,0,,,,,0,0,F20K,RESEARCH_BASELINE
19066,19507,rollers,-13.1477,0,0,0,0,,,,,0,0,F20K,RESEARCH_BASELINE
19067,19508,rooster,-13.1477,1,0,0,0,,,,,0,0,F20K,RESEARCH_BASELINE
19068,19509,rubio,-13.1477,0,0,0,0,,,,,0,0,F20K,RESEARCH_BASELINE
19069,19510,rufus,-13.1477,0,0,0,0,,,,,0,0,F20K,RESEARCH_BASELINE
19070,19511,runways,-13.1477,0,0,0,0,,,,,0,0,F20K,RESEARCH_BASELINE
19071,19512,saline,-13.1477,1,0,0,0,,,,,0,0,F20K,RESEARCH_BASELINE
19072,19513,sant,-13.1477,0,0,0,0,,,,,0,0,F20K,RESEARCH_BASELINE
19073,19514,sausages,-13.1477,1,1,0,1,,sausage,,,1,0,F20K,RESEARCH_BASELINE
19074,19515,scandinavia,-13.1477,0,0,0,0,,,,,0,0,F20K,RESEARCH_BASELINE
19075,19516,scarred,-13.1477,1,0,0,0,,,,,0,0,F20K,RESEARCH_BASELINE
19076,19517,shaded,-13.1477,1,1,0,1,,shade,,,1,0,F20K,RESEARCH_BASELINE
19077,19518,shiva,-13.1477,0,0,0,0,,,,,0,0,F20K,RESEARCH_BASELINE
19078,19519,sighting,-13.1477,1,0,0,0,,,,,0,0,F20K,RESEARCH_BASELINE
19079,19520,simmer,-13.1477,1,0,0,0,,,,,0,0,F20K,RESEARCH_BASELINE
19080,19521,simplistic,-13.1477,1,0,0,0,,,,,0,0,F20K,RESEARCH_BASELINE
19081,19522,smithsonian,-13.1477,0,0,0,0,,,,,0,0,F20K,RESEARCH_BASELINE
19082,19523,sparkle,-13.1477,1,0,0,0,,,,,0,0,F20K,RESEARCH_BASELINE
19083,19524,spawn,-13.1477,1,1,0,1,pawn,,,,1,0,F20K,RESEARCH_BASELINE
19084,19525,spills,-13.1477,1,1,0,1,pills,spill,,,2,0,F20K,RESEARCH_BASELINE
19085,19526,standalone,-13.1477,0,0,0,0,,,,,0,0,F20K,RESEARCH_BASELINE
19086,19527,stares,-13.1477,1,1,0,1,,stare,,,1,0,F20K,RESEARCH_BASELINE
19087,19528,stormed,-13.1477,0,0,0,0,,,,,0,0,F20K,RESEARCH_BASELINE
19088,19529,strata,-13.1477,0,0,0,0,,,,,0,0,F20K,RESEARCH_BASELINE
19089,19530,stratford,-13.1477,0,0,0,0,,,,,0,0,F20K,RESEARCH_BASELINE
19090,19531,superheroes,-13.1477,0,0,0,0,,,,,0,0,F20K,RESEARCH_BASELINE
19091,19532,swimmers,-13.1477,1,1,0,1,,swimmer,,,1,0,F20K,RESEARCH_BASELINE
19092,19533,tart,-13.1477,1,1,1,1,art,tar,start,,2,1,F20K,RESEARCH_BASELINE
19093,19534,tcp,-13.1477,0,0,0,0,,,,,0,0,F20K,RESEARCH_BASELINE
19094,19535,tending,-13.1477,1,1,0,1,ending,,,,1,0,F20K,RESEARCH_BASELINE
19095,19536,thankyou,-13.1477,0,0,0,0,,,,,0,0,F20K,RESEARCH_BASELINE
19096,19537,thorpe,-13.1477,0,0,0,0,,,,,0,0,F20K,RESEARCH_BASELINE
19097,19538,tightened,-13.1477,1,0,0,0,,,,,0,0,F20K,RESEARCH_BASELINE
19098,19539,tinder,-13.1477,1,0,0,0,,,,,0,0,F20K,RESEARCH_BASELINE
19099,19540,tortoise,-13.1477,1,0,0,0,,,,,0,0,F20K,RESEARCH_BASELINE
19100,19541,tout,-13.1477,1,1,1,1,out,,stout,,1,1,F20K,RESEARCH_BASELINE
19101,19542,transnational,-13.1477,0,0,0,0,,,,,0,0,F20K,RESEARCH_BASELINE
19102,19543,treadmill,-13.1477,1,0,0,0,,,,,0,0,F20K,RESEARCH_BASELINE
19103,19544,trident,-13.1477,1,0,0,0,,,,,0,0,F20K,RESEARCH_BASELINE
19104,19545,tsa,-13.1477,0,0,0,0,,,,,0,0,F20K,RESEARCH_BASELINE
19105,19546,tsar,-13.1477,0,0,0,0,,,,,0,0,F20K,RESEARCH_BASELINE
19106,19547,turnaround,-13.1477,1,0,0,0,,,,,0,0,F20K,RESEARCH_BASELINE
19107,19548,unbeaten,-13.1477,1,0,0,0,,,,,0,0,F20K,RESEARCH_BASELINE
19108,19549,uncanny,-13.1477,1,0,0,0,,,,,0,0,F20K,RESEARCH_BASELINE
19109,19550,unexplained,-13.1477,1,0,0,0,,,,,0,0,F20K,RESEARCH_BASELINE
19110,19551,unfairly,-13.1477,1,0,0,0,,,,,0,0,F20K,RESEARCH_BASELINE
19111,19552,upsets,-13.1477,1,1,0,1,,upset,,,1,0,F20K,RESEARCH_BASELINE
19112,19553,venerable,-13.1477,1,0,0,0,,,,,0,0,F20K,RESEARCH_BASELINE
19113,19554,versatility,-13.1477,1,0,0,0,,,,,0,0,F20K,RESEARCH_BASELINE
19114,19555,visuals,-13.1477,0,0,0,0,,,,,0,0,F20K,RESEARCH_BASELINE
19115,19556,wasp,-13.1477,1,1,1,1,,was,,wasps,1,1,F20K,RESEARCH_BASELINE
19116,19557,weirdest,-13.1477,1,0,0,0,,,,,0,0,F20K,RESEARCH_BASELINE
19117,19558,widen,-13.1477,1,1,0,1,,wide,,,1,0,F20K,RESEARCH_BASELINE
19118,19559,winnie,-13.1477,0,0,0,0,,,,,0,0,F20K,RESEARCH_BASELINE
19119,19560,wto,-13.1477,0,0,0,0,,,,,0,0,F20K,RESEARCH_BASELINE
19120,19564,abrams,-13.1684,0,0,0,0,,,,,0,0,F20K,RESEARCH_BASELINE
19121,19565,acknowledgement,-13.1684,1,0,0,0,,,,,0,0,F20K,RESEARCH_BASELINE
19122,19566,afloat,-13.1684,1,1,0,1,float,,,,1,0,F20K,RESEARCH_BASELINE
19123,19567,alleging,-13.1684,0,0,0,0,,,,,0,0,F20K,RESEARCH_BASELINE
19124,19568,amends,-13.1684,1,1,0,1,,amend,,,1,0,F20K,RESEARCH_BASELINE
19125,19569,amplified,-13.1684,0,0,0,0,,,,,0,0,F20K,RESEARCH_BASELINE
19126,19570,analysing,-13.1684,0,0,0,0,,,,,0,0,F20K,RESEARCH_BASELINE
19127,19571,analytic,-13.1684,1,1,1,0,,,,analytics,0,1,F20K,RESEARCH_BASELINE
19128,19572,andrei,-13.1684,0,0,0,0,,,,,0,0,F20K,RESEARCH_BASELINE
19129,19573,antics,-13.1684,1,0,0,0,,,,,0,0,F20K,RESEARCH_BASELINE
19130,19574,ardent,-13.1684,1,0,0,0,,,,,0,0,F20K,RESEARCH_BASELINE
19131,19575,artworks,-13.1684,0,0,0,0,,,,,0,0,F20K,RESEARCH_BASELINE
19132,19576,aspen,-13.1684,1,0,0,0,,,,,0,0,F20K,RESEARCH_BASELINE
19133,19577,assent,-13.1684,1,0,0,0,,,,,0,0,F20K,RESEARCH_BASELINE
19134,19578,assorted,-13.1684,1,0,0,0,,,,,0,0,F20K,RESEARCH_BASELINE
19135,19579,athena,-13.1684,0,0,0,0,,,,,0,0,F20K,RESEARCH_BASELINE
19136,19580,att,-13.1684,0,0,0,0,,,,,0,0,F20K,RESEARCH_BASELINE
19137,19581,attainment,-13.1684,1,0,0,0,,,,,0,0,F20K,RESEARCH_BASELINE
19138,19582,avenge,-13.1684,1,0,0,0,,,,,0,0,F20K,RESEARCH_BASELINE
19139,19583,bah,-13.1684,1,1,0,1,ah,,,,1,0,F20K,RESEARCH_BASELINE
19140,19584,bartlett,-13.1684,0,0,0,0,,,,,0,0,F20K,RESEARCH_BASELINE
19141,19585,bei,-13.1684,0,0,0,0,,,,,0,0,F20K,RESEARCH_BASELINE
19142,19586,bethany,-13.1684,0,0,0,0,,,,,0,0,F20K,RESEARCH_BASELINE
19143,19587,biologically,-13.1684,1,0,0,0,,,,,0,0,F20K,RESEARCH_BASELINE
19144,19588,blaine,-13.1684,0,0,0,0,,,,,0,0,F20K,RESEARCH_BASELINE
19145,19589,blindly,-13.1684,1,0,0,0,,,,,0,0,F20K,RESEARCH_BASELINE
19146,19590,blossoms,-13.1684,1,1,0,1,,blossom,,,1,0,F20K,RESEARCH_BASELINE
19147,19591,boating,-13.1684,1,0,0,0,,,,,0,0,F20K,RESEARCH_BASELINE
19148,19592,bog,-13.1684,1,0,0,0,,,,,0,0,F20K,RESEARCH_BASELINE
19149,19593,booths,-13.1684,0,0,0,0,,,,,0,0,F20K,RESEARCH_BASELINE
19150,19594,bop,-13.1684,1,0,0,0,,,,,0,0,F20K,RESEARCH_BASELINE
19151,19595,botswana,-13.1684,0,0,0,0,,,,,0,0,F20K,RESEARCH_BASELINE
19152,19596,buggy,-13.1684,1,0,0,0,,,,,0,0,F20K,RESEARCH_BASELINE
19153,19597,caitlin,-13.1684,0,0,0,0,,,,,0,0,F20K,RESEARCH_BASELINE
19154,19599,canine,-13.1684,1,0,0,0,,,,,0,0,F20K,RESEARCH_BASELINE
19155,19600,captives,-13.1684,1,1,0,1,,captive,,,1,0,F20K,RESEARCH_BASELINE
19156,19601,carnage,-13.1684,1,0,0,0,,,,,0,0,F20K,RESEARCH_BASELINE
19157,19602,cello,-13.1684,1,1,0,1,,cell,,,1,0,F20K,RESEARCH_BASELINE
19158,19603,centennial,-13.1684,1,0,0,0,,,,,0,0,F20K,RESEARCH_BASELINE
19159,19604,chiang,-13.1684,0,0,0,0,,,,,0,0,F20K,RESEARCH_BASELINE
19160,19605,closures,-13.1684,0,0,0,0,,,,,0,0,F20K,RESEARCH_BASELINE
19161,19606,codex,-13.1684,1,1,0,1,,code,,,1,0,F20K,RESEARCH_BASELINE
19162,19607,combating,-13.1684,0,0,0,0,,,,,0,0,F20K,RESEARCH_BASELINE
19163,19608,commandant,-13.1684,0,0,0,0,,,,,0,0,F20K,RESEARCH_BASELINE
19164,19609,conduit,-13.1684,1,0,0,0,,,,,0,0,F20K,RESEARCH_BASELINE
19165,19610,confederacy,-13.1684,1,0,0,0,,,,,0,0,F20K,RESEARCH_BASELINE
19166,19611,conglomerate,-13.1684,1,0,0,0,,,,,0,0,F20K,RESEARCH_BASELINE
19167,19612,conscientious,-13.1684,1,0,0,0,,,,,0,0,F20K,RESEARCH_BASELINE
19168,19613,corona,-13.1684,0,0,0,0,,,,,0,0,F20K,RESEARCH_BASELINE
19169,19614,cringe,-13.1684,1,0,0,0,,,,,0,0,F20K,RESEARCH_BASELINE
19170,19615,csi,-13.1684,0,0,0,0,,,,,0,0,F20K,RESEARCH_BASELINE
19171,19616,cullen,-13.1684,0,0,0,0,,,,,0,0,F20K,RESEARCH_BASELINE
19172,19617,dank,-13.1684,0,0,0,0,,,,,0,0,F20K,RESEARCH_BASELINE
19173,19618,denounce,-13.1684,1,1,1,0,,,,denounced,0,1,F20K,RESEARCH_BASELINE
19174,19619,deposed,-13.1684,0,0,0,0,,,,,0,0,F20K,RESEARCH_BASELINE
19175,19620,deviations,-13.1684,1,1,0,1,,deviation,,,1,0,F20K,RESEARCH_BASELINE
19176,19621,devolution,-13.1684,0,0,0,0,,,,,0,0,F20K,RESEARCH_BASELINE
19177,19622,dharma,-13.1684,0,0,0,0,,,,,0,0,F20K,RESEARCH_BASELINE
19178,19623,diffuse,-13.1684,1,0,0,0,,,,,0,0,F20K,RESEARCH_BASELINE
19179,19624,dignified,-13.1684,1,0,0,0,,,,,0,0,F20K,RESEARCH_BASELINE
19180,19625,dino,-13.1684,0,0,0,0,,,,,0,0,F20K,RESEARCH_BASELINE
19181,19626,directives,-13.1684,0,0,0,0,,,,,0,0,F20K,RESEARCH_BASELINE
19182,19627,disclosures,-13.1684,0,0,0,0,,,,,0,0,F20K,RESEARCH_BASELINE
19183,19628,disdain,-13.1684,1,0,0,0,,,,,0,0,F20K,RESEARCH_BASELINE
19184,19629,dismal,-13.1684,1,0,0,0,,,,,0,0,F20K,RESEARCH_BASELINE
19185,19630,distinguishes,-13.1684,0,0,0,0,,,,,0,0,F20K,RESEARCH_BASELINE
19186,19631,dives,-13.1684,1,1,0,1,,dive,,,1,0,F20K,RESEARCH_BASELINE
19187,19632,docking,-13.1684,1,0,0,0,,,,,0,0,F20K,RESEARCH_BASELINE
19188,19633,downright,-13.1684,1,0,0,0,,,,,0,0,F20K,RESEARCH_BASELINE
19189,19634,dreamer,-13.1684,1,0,0,0,,,,,0,0,F20K,RESEARCH_BASELINE
19190,19635,durban,-13.1684,0,0,0,0,,,,,0,0,F20K,RESEARCH_BASELINE
19191,19637,eastwood,-13.1684,0,0,0,0,,,,,0,0,F20K,RESEARCH_BASELINE
19192,19638,emit,-13.1684,1,0,0,0,,,,,0,0,F20K,RESEARCH_BASELINE
19193,19639,estrogen,-13.1684,0,0,0,0,,,,,0,0,F20K,RESEARCH_BASELINE
19194,19640,ethel,-13.1684,0,0,0,0,,,,,0,0,F20K,RESEARCH_BASELINE
19195,19641,evergreen,-13.1684,1,0,0,0,,,,,0,0,F20K,RESEARCH_BASELINE
19196,19642,excursions,-13.1684,0,0,0,0,,,,,0,0,F20K,RESEARCH_BASELINE
19197,19643,expel,-13.1684,1,0,0,0,,,,,0,0,F20K,RESEARCH_BASELINE
19198,19644,experimented,-13.1684,1,0,0,0,,,,,0,0,F20K,RESEARCH_BASELINE
19199,19645,fairies,-13.1684,1,0,0,0,,,,,0,0,F20K,RESEARCH_BASELINE
19200,19646,fiasco,-13.1684,1,0,0,0,,,,,0,0,F20K,RESEARCH_BASELINE
19201,19647,fictitious,-13.1684,1,0,0,0,,,,,0,0,F20K,RESEARCH_BASELINE
19202,19648,fide,-13.1684,0,0,0,0,,,,,0,0,F20K,RESEARCH_BASELINE
19203,19649,fingertips,-13.1684,1,0,0,0,,,,,0,0,F20K,RESEARCH_BASELINE
19204,19650,flares,-13.1684,1,1,0,1,,flare,,,1,0,F20K,RESEARCH_BASELINE
19205,19651,flashbacks,-13.1684,1,1,0,1,,flashback,,,1,0,F20K,RESEARCH_BASELINE
19206,19652,flourishing,-13.1684,1,0,0,0,,,,,0,0,F20K,RESEARCH_BASELINE
19207,19653,formative,-13.1684,1,0,0,0,,,,,0,0,F20K,RESEARCH_BASELINE
19208,19654,fresno,-13.1684,0,0,0,0,,,,,0,0,F20K,RESEARCH_BASELINE
19209,19655,frontline,-13.1684,1,0,0,0,,,,,0,0,F20K,RESEARCH_BASELINE
19210,19656,fudge,-13.1684,1,0,0,0,,,,,0,0,F20K,RESEARCH_BASELINE
19211,19657,fundamentalist,-13.1684,1,0,0,0,,,,,0,0,F20K,RESEARCH_BASELINE
19212,19658,furnishings,-13.1684,1,0,0,0,,,,,0,0,F20K,RESEARCH_BASELINE
19213,19659,fuselage,-13.1684,0,0,0,0,,,,,0,0,F20K,RESEARCH_BASELINE
19214,19660,garnered,-13.1684,1,0,0,0,,,,,0,0,F20K,RESEARCH_BASELINE
19215,19661,gastrointestinal,-13.1684,1,0,0,0,,,,,0,0,F20K,RESEARCH_BASELINE
19216,19662,genera,-13.1684,0,0,0,0,,,,,0,0,F20K,RESEARCH_BASELINE
19217,19663,generalization,-13.1684,1,0,0,0,,,,,0,0,F20K,RESEARCH_BASELINE
19218,19664,gideon,-13.1684,0,0,0,0,,,,,0,0,F20K,RESEARCH_BASELINE
19219,19665,giorgio,-13.1684,0,0,0,0,,,,,0,0,F20K,RESEARCH_BASELINE
19220,19666,glaring,-13.1684,1,0,0,0,,,,,0,0,F20K,RESEARCH_BASELINE
19221,19667,glorified,-13.1684,1,0,0,0,,,,,0,0,F20K,RESEARCH_BASELINE
19222,19668,gmbh,-13.1684,0,0,0,0,,,,,0,0,F20K,RESEARCH_BASELINE
19223,19669,guangzhou,-13.1684,0,0,0,0,,,,,0,0,F20K,RESEARCH_BASELINE
19224,19670,gunpowder,-13.1684,0,0,0,0,,,,,0,0,F20K,RESEARCH_BASELINE
19225,19671,gupta,-13.1684,0,0,0,0,,,,,0,0,F20K,RESEARCH_BASELINE
19226,19672,habitual,-13.1684,1,0,0,0,,,,,0,0,F20K,RESEARCH_BASELINE
19227,19673,hamster,-13.1684,1,0,0,0,,,,,0,0,F20K,RESEARCH_BASELINE
19228,19675,hastily,-13.1684,1,0,0,0,,,,,0,0,F20K,RESEARCH_BASELINE
19229,19676,hindered,-13.1684,0,0,0,0,,,,,0,0,F20K,RESEARCH_BASELINE
19230,19677,hindsight,-13.1684,1,0,0,0,,,,,0,0,F20K,RESEARCH_BASELINE
19231,19678,histoire,-13.1684,0,0,0,0,,,,,0,0,F20K,RESEARCH_BASELINE
19232,19679,hms,-13.1684,0,0,0,0,,,,,0,0,F20K,RESEARCH_BASELINE
19233,19680,hodges,-13.1684,0,0,0,0,,,,,0,0,F20K,RESEARCH_BASELINE
19234,19681,homeowners,-13.1684,0,0,0,0,,,,,0,0,F20K,RESEARCH_BASELINE
19235,19682,hooper,-13.1684,0,0,0,0,,,,,0,0,F20K,RESEARCH_BASELINE
19236,19683,idiotic,-13.1684,1,0,0,0,,,,,0,0,F20K,RESEARCH_BASELINE
19237,19684,importation,-13.1684,1,0,0,0,,,,,0,0,F20K,RESEARCH_BASELINE
19238,19685,indexed,-13.1684,0,0,0,0,,,,,0,0,F20K,RESEARCH_BASELINE
19239,19686,infirmary,-13.1684,1,0,0,0,,,,,0,0,F20K,RESEARCH_BASELINE
19240,19687,inhibitor,-13.1684,1,0,0,0,,,,,0,0,F20K,RESEARCH_BASELINE
19241,19688,intermediary,-13.1684,1,0,0,0,,,,,0,0,F20K,RESEARCH_BASELINE
19242,19689,introductions,-13.1684,1,1,0,1,,introduction,,,1,0,F20K,RESEARCH_BASELINE
19243,19690,itchy,-13.1684,1,1,0,1,,itch,,,1,0,F20K,RESEARCH_BASELINE
19244,19691,iteration,-13.1684,1,0,0,0,,,,,0,0,F20K,RESEARCH_BASELINE
19245,19692,jamming,-13.1684,1,0,0,0,,,,,0,0,F20K,RESEARCH_BASELINE
19246,19693,jc,-13.1684,0,0,0,0,,,,,0,0,F20K,RESEARCH_BASELINE
19247,19694,jog,-13.1684,1,0,0,0,,,,,0,0,F20K,RESEARCH_BASELINE
19248,19695,jolie,-13.1684,0,0,0,0,,,,,0,0,F20K,RESEARCH_BASELINE
19249,19696,joyous,-13.1684,1,0,0,0,,,,,0,0,F20K,RESEARCH_BASELINE
19250,19697,kelley,-13.1684,0,0,0,0,,,,,0,0,F20K,RESEARCH_BASELINE
19251,19698,kelvin,-13.1684,0,0,0,0,,,,,0,0,F20K,RESEARCH_BASELINE
19252,19699,kgb,-13.1684,0,0,0,0,,,,,0,0,F20K,RESEARCH_BASELINE
19253,19700,kimberly,-13.1684,0,0,0,0,,,,,0,0,F20K,RESEARCH_BASELINE
19254,19701,kinder,-13.1684,1,0,0,0,,,,,0,0,F20K,RESEARCH_BASELINE
19255,19702,lacy,-13.1684,1,0,0,0,,,,,0,0,F20K,RESEARCH_BASELINE
19256,19703,landfill,-13.1684,1,0,0,0,,,,,0,0,F20K,RESEARCH_BASELINE
19257,19704,latent,-13.1684,1,0,0,0,,,,,0,0,F20K,RESEARCH_BASELINE
19258,19705,legions,-13.1684,1,1,0,1,,legion,,,1,0,F20K,RESEARCH_BASELINE
19259,19706,limbo,-13.1684,1,1,0,1,,limb,,,1,0,F20K,RESEARCH_BASELINE
19260,19707,lordship,-13.1684,1,0,0,0,,,,,0,0,F20K,RESEARCH_BASELINE
19261,19708,lucifer,-13.1684,0,0,0,0,,,,,0,0,F20K,RESEARCH_BASELINE
19262,19709,lunchtime,-13.1684,1,0,0,0,,,,,0,0,F20K,RESEARCH_BASELINE
19263,19710,lv,-13.1684,0,0,0,0,,,,,0,0,F20K,RESEARCH_BASELINE
19264,19711,mahmoud,-13.1684,0,0,0,0,,,,,0,0,F20K,RESEARCH_BASELINE
19265,19712,makeover,-13.1684,1,0,0,0,,,,,0,0,F20K,RESEARCH_BASELINE
19266,19713,mamma,-13.1684,0,0,0,0,,,,,0,0,F20K,RESEARCH_BASELINE
19267,19714,mane,-13.1684,1,1,0,1,,man,,,1,0,F20K,RESEARCH_BASELINE
19268,19715,marta,-13.1684,0,0,0,0,,,,,0,0,F20K,RESEARCH_BASELINE
19269,19716,massacres,-13.1684,0,0,0,0,,,,,0,0,F20K,RESEARCH_BASELINE
19270,19717,meditate,-13.1684,1,0,0,0,,,,,0,0,F20K,RESEARCH_BASELINE
19271,19718,melon,-13.1684,1,0,0,0,,,,,0,0,F20K,RESEARCH_BASELINE
19272,19719,meridian,-13.1684,1,0,0,0,,,,,0,0,F20K,RESEARCH_BASELINE
19273,19720,messengers,-13.1684,1,1,0,1,,messenger,,,1,0,F20K,RESEARCH_BASELINE
19274,19721,milo,-13.1684,0,0,0,0,,,,,0,0,F20K,RESEARCH_BASELINE
19275,19722,mina,-13.1684,0,0,0,0,,,,,0,0,F20K,RESEARCH_BASELINE
19276,19723,minnie,-13.1684,0,0,0,0,,,,,0,0,F20K,RESEARCH_BASELINE
19277,19724,mira,-13.1684,0,0,0,0,,,,,0,0,F20K,RESEARCH_BASELINE
19278,19725,mirage,-13.1684,1,0,0,0,,,,,0,0,F20K,RESEARCH_BASELINE
19279,19726,mirrored,-13.1684,1,0,0,0,,,,,0,0,F20K,RESEARCH_BASELINE
19280,19727,miscarriage,-13.1684,1,0,0,0,,,,,0,0,F20K,RESEARCH_BASELINE
19281,19728,mobilized,-13.1684,0,0,0,0,,,,,0,0,F20K,RESEARCH_BASELINE
19282,19729,mockery,-13.1684,1,0,0,0,,,,,0,0,F20K,RESEARCH_BASELINE
19283,19730,mos,-13.1684,0,0,0,0,,,,,0,0,F20K,RESEARCH_BASELINE
19284,19732,nacional,-13.1684,0,0,0,0,,,,,0,0,F20K,RESEARCH_BASELINE
19285,19733,negligent,-13.1684,1,0,0,0,,,,,0,0,F20K,RESEARCH_BASELINE
19286,19734,nouveau,-13.1684,0,0,0,0,,,,,0,0,F20K,RESEARCH_BASELINE
19287,19735,npr,-13.1684,0,0,0,0,,,,,0,0,F20K,RESEARCH_BASELINE
19288,19736,objectivity,-13.1684,1,0,0,0,,,,,0,0,F20K,RESEARCH_BASELINE
19289,19737,occult,-13.1684,1,0,0,0,,,,,0,0,F20K,RESEARCH_BASELINE
19290,19738,oilers,-13.1684,0,0,0,0,,,,,0,0,F20K,RESEARCH_BASELINE
19291,19739,pacing,-13.1684,0,0,0,0,,,,,0,0,F20K,RESEARCH_BASELINE
19292,19740,padres,-13.1684,0,0,0,0,,,,,0,0,F20K,RESEARCH_BASELINE
19293,19741,parliaments,-13.1684,0,0,0,0,,,,,0,0,F20K,RESEARCH_BASELINE
19294,19742,pepe,-13.1684,0,0,0,0,,,,,0,0,F20K,RESEARCH_BASELINE
19295,19743,percussion,-13.1684,1,0,0,0,,,,,0,0,F20K,RESEARCH_BASELINE
19296,19744,phillies,-13.1684,0,0,0,0,,,,,0,0,F20K,RESEARCH_BASELINE
19297,19745,phyllis,-13.1684,0,0,0,0,,,,,0,0,F20K,RESEARCH_BASELINE
19298,19746,pinpoint,-13.1684,1,0,0,0,,,,,0,0,F20K,RESEARCH_BASELINE
19299,19747,plaid,-13.1684,1,1,0,1,laid,,,,1,0,F20K,RESEARCH_BASELINE
19300,19748,playback,-13.1684,1,0,0,0,,,,,0,0,F20K,RESEARCH_BASELINE
19301,19749,pleasantly,-13.1684,1,0,0,0,,,,,0,0,F20K,RESEARCH_BASELINE
19302,19750,portrays,-13.1684,1,1,0,1,,portray,,,1,0,F20K,RESEARCH_BASELINE
19303,19751,positives,-13.1684,0,0,0,0,,,,,0,0,F20K,RESEARCH_BASELINE
19304,19752,ppm,-13.1684,0,0,0,0,,,,,0,0,F20K,RESEARCH_BASELINE
19305,19753,pregnancies,-13.1684,0,0,0,0,,,,,0,0,F20K,RESEARCH_BASELINE
19306,19754,preoccupied,-13.1684,1,0,0,0,,,,,0,0,F20K,RESEARCH_BASELINE
19307,19755,proficient,-13.1684,1,0,0,0,,,,,0,0,F20K,RESEARCH_BASELINE
19308,19756,proletariat,-13.1684,0,0,0,0,,,,,0,0,F20K,RESEARCH_BASELINE
19309,19757,proponent,-13.1684,1,0,0,0,,,,,0,0,F20K,RESEARCH_BASELINE
19310,19758,provocation,-13.1684,0,0,0,0,,,,,0,0,F20K,RESEARCH_BASELINE
19311,19759,quadrant,-13.1684,1,0,0,0,,,,,0,0,F20K,RESEARCH_BASELINE
19312,19761,radiator,-13.1684,1,0,0,0,,,,,0,0,F20K,RESEARCH_BASELINE
19313,19762,rahman,-13.1684,0,0,0,0,,,,,0,0,F20K,RESEARCH_BASELINE
19314,19763,ramen,-13.1684,1,1,0,1,amen,,,,1,0,F20K,RESEARCH_BASELINE
19315,19764,rations,-13.1684,1,0,0,0,,,,,0,0,F20K,RESEARCH_BASELINE
19316,19765,recorders,-13.1684,0,0,0,0,,,,,0,0,F20K,RESEARCH_BASELINE
19317,19766,referencing,-13.1684,0,0,0,0,,,,,0,0,F20K,RESEARCH_BASELINE
19318,19767,refinement,-13.1684,1,0,0,0,,,,,0,0,F20K,RESEARCH_BASELINE
19319,19768,reinforces,-13.1684,0,0,0,0,,,,,0,0,F20K,RESEARCH_BASELINE
19320,19769,remission,-13.1684,1,1,0,1,emission,,,,1,0,F20K,RESEARCH_BASELINE
19321,19770,renee,-13.1684,0,0,0,0,,,,,0,0,F20K,RESEARCH_BASELINE
19322,19771,ros,-13.1684,0,0,0,0,,,,,0,0,F20K,RESEARCH_BASELINE
19323,19773,sanskrit,-13.1684,0,0,0,0,,,,,0,0,F20K,RESEARCH_BASELINE
19324,19774,santana,-13.1684,0,0,0,0,,,,,0,0,F20K,RESEARCH_BASELINE
19325,19775,sardinia,-13.1684,0,0,0,0,,,,,0,0,F20K,RESEARCH_BASELINE
19326,19776,scripted,-13.1684,0,0,0,0,,,,,0,0,F20K,RESEARCH_BASELINE
19327,19777,sensed,-13.1684,1,1,0,1,,sense,,,1,0,F20K,RESEARCH_BASELINE
19328,19778,serene,-13.1684,1,0,0,0,,,,,0,0,F20K,RESEARCH_BASELINE
19329,19779,shan,-13.1684,0,0,0,0,,,,,0,0,F20K,RESEARCH_BASELINE
19330,19780,sharif,-13.1684,0,0,0,0,,,,,0,0,F20K,RESEARCH_BASELINE
19331,19781,slump,-13.1684,1,1,0,1,lump,slum,,,2,0,F20K,RESEARCH_BASELINE
19332,19782,sociological,-13.1684,1,0,0,0,,,,,0,0,F20K,RESEARCH_BASELINE
19333,19783,sophistication,-13.1684,1,0,0,0,,,,,0,0,F20K,RESEARCH_BASELINE
19334,19784,sourcing,-13.1684,0,0,0,0,,,,,0,0,F20K,RESEARCH_BASELINE
19335,19785,spartans,-13.1684,0,0,0,0,,,,,0,0,F20K,RESEARCH_BASELINE
19336,19786,specs,-13.1684,1,1,0,1,,spec,,,1,0,F20K,RESEARCH_BASELINE
19337,19787,spectre,-13.1684,0,0,0,0,,,,,0,0,F20K,RESEARCH_BASELINE
19338,19788,spilling,-13.1684,1,0,0,0,,,,,0,0,F20K,RESEARCH_BASELINE
19339,19789,stagnation,-13.1684,1,0,0,0,,,,,0,0,F20K,RESEARCH_BASELINE
19340,19790,strides,-13.1684,1,1,0,1,,stride,,,1,0,F20K,RESEARCH_BASELINE
19341,19791,swapped,-13.1684,0,0,0,0,,,,,0,0,F20K,RESEARCH_BASELINE
19342,19792,sweeter,-13.1684,0,0,0,0,,,,,0,0,F20K,RESEARCH_BASELINE
19343,19793,ticks,-13.1684,1,1,1,1,,tick,sticks,,1,1,F20K,RESEARCH_BASELINE
19344,19794,tinker,-13.1684,1,0,0,0,,,,,0,0,F20K,RESEARCH_BASELINE
19345,19795,tito,-13.1684,0,0,0,0,,,,,0,0,F20K,RESEARCH_BASELINE
19346,19796,tobias,-13.1684,0,0,0,0,,,,,0,0,F20K,RESEARCH_BASELINE
19347,19797,transatlantic,-13.1684,1,0,0,0,,,,,0,0,F20K,RESEARCH_BASELINE
19348,19798,treble,-13.1684,1,0,0,0,,,,,0,0,F20K,RESEARCH_BASELINE
19349,19799,unrestricted,-13.1684,1,0,0,0,,,,,0,0,F20K,RESEARCH_BASELINE
19350,19800,upstate,-13.1684,1,0,0,0,,,,,0,0,F20K,RESEARCH_BASELINE
19351,19801,urinary,-13.1684,1,0,0,0,,,,,0,0,F20K,RESEARCH_BASELINE
19352,19802,verlag,-13.1684,0,0,0,0,,,,,0,0,F20K,RESEARCH_BASELINE
19353,19803,voicemail,-13.1684,1,0,0,0,,,,,0,0,F20K,RESEARCH_BASELINE
19354,19804,volley,-13.1684,1,0,0,0,,,,,0,0,F20K,RESEARCH_BASELINE
19355,19805,waldo,-13.1684,0,0,0,0,,,,,0,0,F20K,RESEARCH_BASELINE
19356,19806,whatsapp,-13.1684,0,0,0,0,,,,,0,0,F20K,RESEARCH_BASELINE
19357,19807,whitehall,-13.1684,0,0,0,0,,,,,0,0,F20K,RESEARCH_BASELINE
19358,19808,writ,-13.1684,1,1,1,0,,,,write,0,1,F20K,RESEARCH_BASELINE
19359,19809,wrongdoing,-13.1684,1,0,0,0,,,,,0,0,F20K,RESEARCH_BASELINE
19360,19810,xu,-13.1684,0,0,0,0,,,,,0,0,F20K,RESEARCH_BASELINE
19361,19811,yee,-13.1684,0,0,0,0,,,,,0,0,F20K,RESEARCH_BASELINE
19362,19812,yvonne,-13.1684,0,0,0,0,,,,,0,0,F20K,RESEARCH_BASELINE
19363,19815,activating,-13.1949,0,0,0,0,,,,,0,0,F20K,RESEARCH_BASELINE
19364,19816,adhesion,-13.1949,1,0,0,0,,,,,0,0,F20K,RESEARCH_BASELINE
19365,19817,aeroplane,-13.1949,0,0,0,0,,,,,0,0,F20K,RESEARCH_BASELINE
19366,19818,affectionate,-13.1949,1,0,0,0,,,,,0,0,F20K,RESEARCH_BASELINE
19367,19819,alejandro,-13.1949,0,0,0,0,,,,,0,0,F20K,RESEARCH_BASELINE
19368,19820,alta,-13.1949,0,0,0,0,,,,,0,0,F20K,RESEARCH_BASELINE
19369,19821,ami,-13.1949,0,0,0,0,,,,,0,0,F20K,RESEARCH_BASELINE
19370,19822,apa,-13.1949,0,0,0,0,,,,,0,0,F20K,RESEARCH_BASELINE
19371,19823,archers,-13.1949,1,1,0,1,,archer,,,1,0,F20K,RESEARCH_BASELINE
19372,19824,aristocracy,-13.1949,1,0,0,0,,,,,0,0,F20K,RESEARCH_BASELINE
19373,19825,attest,-13.1949,1,0,0,0,,,,,0,0,F20K,RESEARCH_BASELINE
19374,19826,aubrey,-13.1949,0,0,0,0,,,,,0,0,F20K,RESEARCH_BASELINE
19375,19827,axel,-13.1949,0,0,0,0,,,,,0,0,F20K,RESEARCH_BASELINE
19376,19828,backlog,-13.1949,1,0,0,0,,,,,0,0,F20K,RESEARCH_BASELINE
19377,19829,bailed,-13.1949,1,0,0,0,,,,,0,0,F20K,RESEARCH_BASELINE
19378,19830,baptiste,-13.1949,0,0,0,0,,,,,0,0,F20K,RESEARCH_BASELINE
19379,19831,bcs,-13.1949,0,0,0,0,,,,,0,0,F20K,RESEARCH_BASELINE
19380,19832,bethesda,-13.1949,0,0,0,0,,,,,0,0,F20K,RESEARCH_BASELINE
19381,19833,biochemistry,-13.1949,1,0,0,0,,,,,0,0,F20K,RESEARCH_BASELINE
19382,19834,bitcoins,-13.1949,0,0,0,0,,,,,0,0,F20K,RESEARCH_BASELINE
19383,19835,blazers,-13.1949,1,0,0,0,,,,,0,0,F20K,RESEARCH_BASELINE
19384,19836,blender,-13.1949,1,1,0,1,lender,,,,1,0,F20K,RESEARCH_BASELINE
19385,19837,blooming,-13.1949,1,0,0,0,,,,,0,0,F20K,RESEARCH_BASELINE
19386,19838,blooms,-13.1949,1,1,0,1,,bloom,,,1,0,F20K,RESEARCH_BASELINE
19387,19840,boasted,-13.1949,1,0,0,0,,,,,0,0,F20K,RESEARCH_BASELINE
19388,19841,bolshevik,-13.1949,0,0,0,0,,,,,0,0,F20K,RESEARCH_BASELINE
19389,19842,bolster,-13.1949,1,0,0,0,,,,,0,0,F20K,RESEARCH_BASELINE
19390,19843,bona,-13.1949,0,0,0,0,,,,,0,0,F20K,RESEARCH_BASELINE
19391,19844,bonn,-13.1949,0,0,0,0,,,,,0,0,F20K,RESEARCH_BASELINE
19392,19845,bookings,-13.1949,0,0,0,0,,,,,0,0,F20K,RESEARCH_BASELINE
19393,19846,breeder,-13.1949,1,1,1,0,,,,breeders,0,1,F20K,RESEARCH_BASELINE
19394,19847,brides,-13.1949,1,1,0,1,rides,bride,,,2,0,F20K,RESEARCH_BASELINE
19395,19848,brows,-13.1949,1,1,1,1,rows,brow,,browse,2,1,F20K,RESEARCH_BASELINE
19396,19849,brunch,-13.1949,1,0,0,0,,,,,0,0,F20K,RESEARCH_BASELINE
19397,19850,cadets,-13.1949,1,1,0,1,,cadet,,,1,0,F20K,RESEARCH_BASELINE
19398,19851,camped,-13.1949,0,0,0,0,,,,,0,0,F20K,RESEARCH_BASELINE
19399,19852,casket,-13.1949,1,0,0,0,,,,,0,0,F20K,RESEARCH_BASELINE
19400,19853,cautiously,-13.1949,1,0,0,0,,,,,0,0,F20K,RESEARCH_BASELINE
19401,19854,cecilia,-13.1949,0,0,0,0,,,,,0,0,F20K,RESEARCH_BASELINE
19402,19855,celery,-13.1949,1,0,0,0,,,,,0,0,F20K,RESEARCH_BASELINE
19403,19856,cena,-13.1949,0,0,0,0,,,,,0,0,F20K,RESEARCH_BASELINE
19404,19857,ceos,-13.1949,0,0,0,0,,,,,0,0,F20K,RESEARCH_BASELINE
19405,19858,cg,-13.1949,0,0,0,0,,,,,0,0,F20K,RESEARCH_BASELINE
19406,19859,christy,-13.1949,0,0,0,0,,,,,0,0,F20K,RESEARCH_BASELINE
19407,19860,chromosomes,-13.1949,0,0,0,0,,,,,0,0,F20K,RESEARCH_BASELINE
19408,19861,cir,-13.1949,0,0,0,0,,,,,0,0,F20K,RESEARCH_BASELINE
19409,19862,claimant,-13.1949,0,0,0,0,,,,,0,0,F20K,RESEARCH_BASELINE
19410,19863,clair,-13.1949,0,0,0,0,,,,,0,0,F20K,RESEARCH_BASELINE
19411,19864,clubhouse,-13.1949,1,0,0,0,,,,,0,0,F20K,RESEARCH_BASELINE
19412,19865,coherence,-13.1949,1,0,0,0,,,,,0,0,F20K,RESEARCH_BASELINE
19413,19866,colonialism,-13.1949,1,0,0,0,,,,,0,0,F20K,RESEARCH_BASELINE
19414,19868,complication,-13.1949,1,1,1,0,,,,complications,0,1,F20K,RESEARCH_BASELINE
19415,19869,connolly,-13.1949,0,0,0,0,,,,,0,0,F20K,RESEARCH_BASELINE
19416,19870,cooperatives,-13.1949,0,0,0,0,,,,,0,0,F20K,RESEARCH_BASELINE
19417,19871,coveted,-13.1949,1,0,0,0,,,,,0,0,F20K,RESEARCH_BASELINE
19418,19872,craftsmen,-13.1949,1,0,0,0,,,,,0,0,F20K,RESEARCH_BASELINE
19419,19873,cramped,-13.1949,1,0,0,0,,,,,0,0,F20K,RESEARCH_BASELINE
19420,19874,crawled,-13.1949,1,0,0,0,,,,,0,0,F20K,RESEARCH_BASELINE
19421,19875,cropped,-13.1949,1,0,0,0,,,,,0,0,F20K,RESEARCH_BASELINE
19422,19876,cylindrical,-13.1949,1,0,0,0,,,,,0,0,F20K,RESEARCH_BASELINE
19423,19878,darcy,-13.1949,0,0,0,0,,,,,0,0,F20K,RESEARCH_BASELINE
19424,19879,dawg,-13.1949,0,0,0,0,,,,,0,0,F20K,RESEARCH_BASELINE
19425,19880,dealership,-13.1949,1,0,0,0,,,,,0,0,F20K,RESEARCH_BASELINE
19426,19881,deco,-13.1949,0,0,0,0,,,,,0,0,F20K,RESEARCH_BASELINE
19427,19882,decomposition,-13.1949,1,0,0,0,,,,,0,0,F20K,RESEARCH_BASELINE
19428,19883,depletion,-13.1949,1,0,0,0,,,,,0,0,F20K,RESEARCH_BASELINE
19429,19884,determinants,-13.1949,0,0,0,0,,,,,0,0,F20K,RESEARCH_BASELINE
19430,19885,df,-13.1949,0,0,0,0,,,,,0,0,F20K,RESEARCH_BASELINE
19431,19886,dhabi,-13.1949,0,0,0,0,,,,,0,0,F20K,RESEARCH_BASELINE
19432,19887,digestion,-13.1949,1,0,0,0,,,,,0,0,F20K,RESEARCH_BASELINE
19433,19888,discrepancies,-13.1949,1,0,0,0,,,,,0,0,F20K,RESEARCH_BASELINE
19434,19889,disgraceful,-13.1949,1,0,0,0,,,,,0,0,F20K,RESEARCH_BASELINE
19435,19890,dismissing,-13.1949,0,0,0,0,,,,,0,0,F20K,RESEARCH_BASELINE
19436,19891,donnie,-13.1949,0,0,0,0,,,,,0,0,F20K,RESEARCH_BASELINE
19437,19892,dreaded,-13.1949,1,0,0,0,,,,,0,0,F20K,RESEARCH_BASELINE
19438,19893,dukes,-13.1949,1,1,0,1,,duke,,,1,0,F20K,RESEARCH_BASELINE
19439,19894,dupont,-13.1949,0,0,0,0,,,,,0,0,F20K,RESEARCH_BASELINE
19440,19895,endeavors,-13.1949,1,1,0,1,,endeavor,,,1,0,F20K,RESEARCH_BASELINE
19441,19896,entre,-13.1949,0,0,0,0,,,,,0,0,F20K,RESEARCH_BASELINE
19442,19897,ethos,-13.1949,1,0,0,0,,,,,0,0,F20K,RESEARCH_BASELINE
19443,19898,exalted,-13.1949,1,0,0,0,,,,,0,0,F20K,RESEARCH_BASELINE
19444,19899,exporters,-13.1949,0,0,0,0,,,,,0,0,F20K,RESEARCH_BASELINE
19445,19900,extracting,-13.1949,1,0,0,0,,,,,0,0,F20K,RESEARCH_BASELINE
19446,19901,fascists,-13.1949,1,1,0,1,,fascist,,,1,0,F20K,RESEARCH_BASELINE
19447,19902,fittings,-13.1949,1,1,0,1,,fitting,,,1,0,F20K,RESEARCH_BASELINE
19448,19903,flung,-13.1949,1,1,0,1,lung,,,,1,0,F20K,RESEARCH_BASELINE
19449,19904,footprints,-13.1949,1,1,0,1,,footprint,,,1,0,F20K,RESEARCH_BASELINE
19450,19905,forceful,-13.1949,1,0,0,0,,,,,0,0,F20K,RESEARCH_BASELINE
19451,19906,forearm,-13.1949,1,0,0,0,,,,,0,0,F20K,RESEARCH_BASELINE
19452,19907,forfeit,-13.1949,1,0,0,0,,,,,0,0,F20K,RESEARCH_BASELINE
19453,19908,fra,-13.1949,0,0,0,0,,,,,0,0,F20K,RESEARCH_BASELINE
19454,19909,frail,-13.1949,1,1,0,1,rail,,,,1,0,F20K,RESEARCH_BASELINE
19455,19910,glaze,-13.1949,1,1,1,0,,,,glazed,0,1,F20K,RESEARCH_BASELINE
19456,19911,godfrey,-13.1949,0,0,0,0,,,,,0,0,F20K,RESEARCH_BASELINE
19457,19912,goldfish,-13.1949,1,0,0,0,,,,,0,0,F20K,RESEARCH_BASELINE
19458,19913,grievance,-13.1949,1,0,0,0,,,,,0,0,F20K,RESEARCH_BASELINE
19459,19914,grizzly,-13.1949,1,0,0,0,,,,,0,0,F20K,RESEARCH_BASELINE
19460,19915,grotesque,-13.1949,1,0,0,0,,,,,0,0,F20K,RESEARCH_BASELINE
19461,19916,grounding,-13.1949,1,1,0,1,rounding,,,,1,0,F20K,RESEARCH_BASELINE
19462,19917,gunman,-13.1949,0,0,0,0,,,,,0,0,F20K,RESEARCH_BASELINE
19463,19918,hammers,-13.1949,1,1,0,1,,hammer,,,1,0,F20K,RESEARCH_BASELINE
19464,19919,harshly,-13.1949,1,0,0,0,,,,,0,0,F20K,RESEARCH_BASELINE
19465,19920,henrik,-13.1949,0,0,0,0,,,,,0,0,F20K,RESEARCH_BASELINE
19466,19921,hierarchical,-13.1949,1,0,0,0,,,,,0,0,F20K,RESEARCH_BASELINE
19467,19922,hinduism,-13.1949,0,0,0,0,,,,,0,0,F20K,RESEARCH_BASELINE
19468,19923,hitherto,-13.1949,1,0,0,0,,,,,0,0,F20K,RESEARCH_BASELINE
19469,19924,homestead,-13.1949,1,0,0,0,,,,,0,0,F20K,RESEARCH_BASELINE
19470,19925,hurley,-13.1949,0,0,0,0,,,,,0,0,F20K,RESEARCH_BASELINE
19471,19926,hydrocarbons,-13.1949,0,0,0,0,,,,,0,0,F20K,RESEARCH_BASELINE
19472,19927,hypocritical,-13.1949,1,0,0,0,,,,,0,0,F20K,RESEARCH_BASELINE
19473,19928,hypotheses,-13.1949,1,0,0,0,,,,,0,0,F20K,RESEARCH_BASELINE
19474,19929,imperialist,-13.1949,1,0,0,0,,,,,0,0,F20K,RESEARCH_BASELINE
19475,19930,incur,-13.1949,1,0,0,0,,,,,0,0,F20K,RESEARCH_BASELINE
19476,19931,infused,-13.1949,0,0,0,0,,,,,0,0,F20K,RESEARCH_BASELINE
19477,19932,insulated,-13.1949,1,0,0,0,,,,,0,0,F20K,RESEARCH_BASELINE
19478,19933,ipa,-13.1949,0,0,0,0,,,,,0,0,F20K,RESEARCH_BASELINE
19479,19934,isp,-13.1949,0,0,0,0,,,,,0,0,F20K,RESEARCH_BASELINE
19480,19935,isps,-13.1949,0,0,0,0,,,,,0,0,F20K,RESEARCH_BASELINE
19481,19936,jb,-13.1949,0,0,0,0,,,,,0,0,F20K,RESEARCH_BASELINE
19482,19937,jonny,-13.1949,0,0,0,0,,,,,0,0,F20K,RESEARCH_BASELINE
19483,19938,justifies,-13.1949,0,0,0,0,,,,,0,0,F20K,RESEARCH_BASELINE
19484,19939,kidd,-13.1949,0,0,0,0,,,,,0,0,F20K,RESEARCH_BASELINE
19485,19940,kt,-13.1949,0,0,0,0,,,,,0,0,F20K,RESEARCH_BASELINE
19486,19941,learner,-13.1949,1,0,0,0,,,,,0,0,F20K,RESEARCH_BASELINE
19487,19942,leftovers,-13.1949,1,1,0,1,,leftover,,,1,0,F20K,RESEARCH_BASELINE
19488,19943,leroy,-13.1949,0,0,0,0,,,,,0,0,F20K,RESEARCH_BASELINE
19489,19944,levied,-13.1949,0,0,0,0,,,,,0,0,F20K,RESEARCH_BASELINE
19490,19945,lexus,-13.1949,0,0,0,0,,,,,0,0,F20K,RESEARCH_BASELINE
19491,19946,loaned,-13.1949,0,0,0,0,,,,,0,0,F20K,RESEARCH_BASELINE
19492,19947,lynne,-13.1949,0,0,0,0,,,,,0,0,F20K,RESEARCH_BASELINE
19493,19948,macbeth,-13.1949,0,0,0,0,,,,,0,0,F20K,RESEARCH_BASELINE
19494,19949,magically,-13.1949,1,0,0,0,,,,,0,0,F20K,RESEARCH_BASELINE
19495,19950,malice,-13.1949,1,0,0,0,,,,,0,0,F20K,RESEARCH_BASELINE
19496,19951,maneuvers,-13.1949,0,0,0,0,,,,,0,0,F20K,RESEARCH_BASELINE
19497,19952,mansfield,-13.1949,0,0,0,0,,,,,0,0,F20K,RESEARCH_BASELINE
19498,19953,marginally,-13.1949,1,0,0,0,,,,,0,0,F20K,RESEARCH_BASELINE
19499,19954,martini,-13.1949,1,0,0,0,,,,,0,0,F20K,RESEARCH_BASELINE
19500,19955,matchup,-13.1949,0,0,0,0,,,,,0,0,F20K,RESEARCH_BASELINE
19501,19956,maverick,-13.1949,1,0,0,0,,,,,0,0,F20K,RESEARCH_BASELINE
19502,19957,mcguire,-13.1949,0,0,0,0,,,,,0,0,F20K,RESEARCH_BASELINE
19503,19958,mend,-13.1949,1,1,1,1,end,men,amend,,2,1,F20K,RESEARCH_BASELINE
19504,19959,mentors,-13.1949,1,1,0,1,,mentor,,,1,0,F20K,RESEARCH_BASELINE
19505,19960,meow,-13.1949,1,0,0,0,,,,,0,0,F20K,RESEARCH_BASELINE
19506,19961,migrating,-13.1949,1,0,0,0,,,,,0,0,F20K,RESEARCH_BASELINE
19507,19962,multiplication,-13.1949,1,0,0,0,,,,,0,0,F20K,RESEARCH_BASELINE
19508,19964,mutilation,-13.1949,1,0,0,0,,,,,0,0,F20K,RESEARCH_BASELINE
19509,19965,nodded,-13.1949,0,0,0,0,,,,,0,0,F20K,RESEARCH_BASELINE
19510,19967,observance,-13.1949,1,0,0,0,,,,,0,0,F20K,RESEARCH_BASELINE
19511,19968,paisley,-13.1949,0,0,0,0,,,,,0,0,F20K,RESEARCH_BASELINE
19512,19969,paramedics,-13.1949,1,0,0,0,,,,,0,0,F20K,RESEARCH_BASELINE
19513,19970,pedestal,-13.1949,1,0,0,0,,,,,0,0,F20K,RESEARCH_BASELINE
19514,19971,penelope,-13.1949,0,0,0,0,,,,,0,0,F20K,RESEARCH_BASELINE
19515,19972,pigment,-13.1949,1,0,0,0,,,,,0,0,F20K,RESEARCH_BASELINE
19516,19973,pistons,-13.1949,1,1,0,1,,piston,,,1,0,F20K,RESEARCH_BASELINE
19517,19974,plume,-13.1949,1,1,0,1,,plum,,,1,0,F20K,RESEARCH_BASELINE
19518,19975,polio,-13.1949,1,0,0,0,,,,,0,0,F20K,RESEARCH_BASELINE
19519,19976,populist,-13.1949,1,0,0,0,,,,,0,0,F20K,RESEARCH_BASELINE
19520,19977,postcards,-13.1949,1,1,0,1,,postcard,,,1,0,F20K,RESEARCH_BASELINE
19521,19978,presenters,-13.1949,0,0,0,0,,,,,0,0,F20K,RESEARCH_BASELINE
19522,19979,primates,-13.1949,1,0,0,0,,,,,0,0,F20K,RESEARCH_BASELINE
19523,19980,proc,-13.1949,0,0,0,0,,,,,0,0,F20K,RESEARCH_BASELINE
19524,19981,projectile,-13.1949,1,0,0,0,,,,,0,0,F20K,RESEARCH_BASELINE
19525,19982,proverbs,-13.1949,1,0,0,0,,,,,0,0,F20K,RESEARCH_BASELINE
19526,19983,racially,-13.1949,1,0,0,0,,,,,0,0,F20K,RESEARCH_BASELINE
19527,19984,rahul,-13.1949,0,0,0,0,,,,,0,0,F20K,RESEARCH_BASELINE
19528,19985,ramadan,-13.1949,0,0,0,0,,,,,0,0,F20K,RESEARCH_BASELINE
19529,19986,reelection,-13.1949,0,0,0,0,,,,,0,0,F20K,RESEARCH_BASELINE
19530,19987,refine,-13.1949,1,1,1,0,,,,refined,0,1,F20K,RESEARCH_BASELINE
19531,19988,reilly,-13.1949,0,0,0,0,,,,,0,0,F20K,RESEARCH_BASELINE
19532,19990,restraints,-13.1949,0,0,0,0,,,,,0,0,F20K,RESEARCH_BASELINE
19533,19991,resurgence,-13.1949,0,0,0,0,,,,,0,0,F20K,RESEARCH_BASELINE
19534,19992,revisit,-13.1949,1,0,0,0,,,,,0,0,F20K,RESEARCH_BASELINE
19535,19993,rhys,-13.1949,0,0,0,0,,,,,0,0,F20K,RESEARCH_BASELINE
19536,19994,rodents,-13.1949,1,0,0,0,,,,,0,0,F20K,RESEARCH_BASELINE
19537,19996,sabrina,-13.1949,0,0,0,0,,,,,0,0,F20K,RESEARCH_BASELINE
19538,19997,salted,-13.1949,1,0,0,0,,,,,0,0,F20K,RESEARCH_BASELINE
19539,19999,sauna,-13.1949,1,0,0,0,,,,,0,0,F20K,RESEARCH_BASELINE
19540,20001,seamless,-13.1949,1,0,0,0,,,,,0,0,F20K,RESEARCH_BASELINE
19541,20002,shattering,-13.1949,1,0,0,0,,,,,0,0,F20K,RESEARCH_BASELINE
19542,20003,shen,-13.1949,0,0,0,0,,,,,0,0,F20K,RESEARCH_BASELINE
19543,20004,skater,-13.1949,1,1,0,1,,skate,,,1,0,F20K,RESEARCH_BASELINE
19544,20005,slamming,-13.1949,0,0,0,0,,,,,0,0,F20K,RESEARCH_BASELINE
19545,20006,sling,-13.1949,1,0,0,0,,,,,0,0,F20K,RESEARCH_BASELINE
19546,20007,sonar,-13.1949,1,0,0,0,,,,,0,0,F20K,RESEARCH_BASELINE
19547,20008,spores,-13.1949,1,0,0,0,,,,,0,0,F20K,RESEARCH_BASELINE
19548,20009,spreadsheet,-13.1949,1,0,0,0,,,,,0,0,F20K,RESEARCH_BASELINE
19549,20010,spurred,-13.1949,1,0,0,0,,,,,0,0,F20K,RESEARCH_BASELINE
19550,20011,squats,-13.1949,1,1,0,1,,squat,,,1,0,F20K,RESEARCH_BASELINE
19551,20012,squire,-13.1949,1,0,0,0,,,,,0,0,F20K,RESEARCH_BASELINE
19552,20013,stagnant,-13.1949,1,0,0,0,,,,,0,0,F20K,RESEARCH_BASELINE
19553,20014,standardization,-13.1949,1,0,0,0,,,,,0,0,F20K,RESEARCH_BASELINE
19554,20015,startled,-13.1949,1,0,0,0,,,,,0,0,F20K,RESEARCH_BASELINE
19555,20016,steamed,-13.1949,1,1,0,1,teamed,,,,1,0,F20K,RESEARCH_BASELINE
19556,20017,steaming,-13.1949,1,0,0,0,,,,,0,0,F20K,RESEARCH_BASELINE
19557,20018,studs,-13.1949,1,1,0,1,,stud,,,1,0,F20K,RESEARCH_BASELINE
19558,20019,subtly,-13.1949,1,0,0,0,,,,,0,0,F20K,RESEARCH_BASELINE
19559,20020,surfer,-13.1949,1,0,0,0,,,,,0,0,F20K,RESEARCH_BASELINE
19560,20021,telephones,-13.1949,1,1,0,1,,telephone,,,1,0,F20K,RESEARCH_BASELINE
19561,20022,tempest,-13.1949,1,0,0,0,,,,,0,0,F20K,RESEARCH_BASELINE
19562,20023,tesco,-13.1949,0,0,0,0,,,,,0,0,F20K,RESEARCH_BASELINE
19563,20024,textual,-13.1949,1,0,0,0,,,,,0,0,F20K,RESEARCH_BASELINE
19564,20025,thc,-13.1949,0,0,0,0,,,,,0,0,F20K,RESEARCH_BASELINE
19565,20026,theses,-13.1949,1,1,0,1,,these,,,1,0,F20K,RESEARCH_BASELINE
19566,20027,thorns,-13.1949,1,1,0,1,horns,thorn,,,2,0,F20K,RESEARCH_BASELINE
19567,20028,tolls,-13.1949,1,1,0,1,,toll,,,1,0,F20K,RESEARCH_BASELINE
19568,20029,toothbrush,-13.1949,1,0,0,0,,,,,0,0,F20K,RESEARCH_BASELINE
19569,20030,tornadoes,-13.1949,1,0,0,0,,,,,0,0,F20K,RESEARCH_BASELINE
19570,20031,toro,-13.1949,0,0,0,0,,,,,0,0,F20K,RESEARCH_BASELINE
19571,20032,tramp,-13.1949,1,1,0,1,ramp,tram,,,2,0,F20K,RESEARCH_BASELINE
19572,20033,trembling,-13.1949,1,0,0,0,,,,,0,0,F20K,RESEARCH_BASELINE
19573,20034,tulsa,-13.1949,0,0,0,0,,,,,0,0,F20K,RESEARCH_BASELINE
19574,20035,typo,-13.1949,1,0,0,0,,,,,0,0,F20K,RESEARCH_BASELINE
19575,20036,ultimatum,-13.1949,1,0,0,0,,,,,0,0,F20K,RESEARCH_BASELINE
19576,20037,uncontrolled,-13.1949,1,0,0,0,,,,,0,0,F20K,RESEARCH_BASELINE
19577,20038,unmanned,-13.1949,1,0,0,0,,,,,0,0,F20K,RESEARCH_BASELINE
19578,20039,uptown,-13.1949,1,0,0,0,,,,,0,0,F20K,RESEARCH_BASELINE
19579,20040,vents,-13.1949,1,1,1,1,,vent,events,,1,1,F20K,RESEARCH_BASELINE
19580,20041,visualize,-13.1949,1,0,0,0,,,,,0,0,F20K,RESEARCH_BASELINE
19581,20042,volt,-13.1949,1,0,0,0,,,,,0,0,F20K,RESEARCH_BASELINE
19582,20043,wb,-13.1949,0,0,0,0,,,,,0,0,F20K,RESEARCH_BASELINE
19583,20044,welch,-13.1949,0,0,0,0,,,,,0,0,F20K,RESEARCH_BASELINE
19584,20045,wept,-13.1949,1,1,1,0,,,swept,,0,1,F20K,RESEARCH_BASELINE
19585,20046,westwood,-13.1949,0,0,0,0,,,,,0,0,F20K,RESEARCH_BASELINE
19586,20047,wha,-13.1949,0,0,0,0,,,,,0,0,F20K,RESEARCH_BASELINE
19587,20048,whaling,-13.1949,1,0,0,0,,,,,0,0,F20K,RESEARCH_BASELINE
19588,20052,advertiser,-13.2167,1,1,0,1,,advertise,,,1,0,F20K,RESEARCH_BASELINE
19589,20053,affirmation,-13.2167,1,0,0,0,,,,,0,0,F20K,RESEARCH_BASELINE
19590,20054,afternoons,-13.2167,1,1,0,1,,afternoon,,,1,0,F20K,RESEARCH_BASELINE
19591,20055,akbar,-13.2167,0,0,0,0,,,,,0,0,F20K,RESEARCH_BASELINE
19592,20056,amounting,-13.2167,0,0,0,0,,,,,0,0,F20K,RESEARCH_BASELINE
19593,20057,anecdote,-13.2167,1,0,0,0,,,,,0,0,F20K,RESEARCH_BASELINE
19594,20058,anew,-13.2167,1,1,0,1,new,,,,1,0,F20K,RESEARCH_BASELINE
19595,20059,animations,-13.2167,1,1,0,1,,animation,,,1,0,F20K,RESEARCH_BASELINE
19596,20060,aol,-13.2167,0,0,0,0,,,,,0,0,F20K,RESEARCH_BASELINE
19597,20061,asparagus,-13.2167,1,0,0,0,,,,,0,0,F20K,RESEARCH_BASELINE
19598,20062,assigns,-13.2167,1,1,0,1,,assign,,,1,0,F20K,RESEARCH_BASELINE
19599,20063,awkwardly,-13.2167,1,0,0,0,,,,,0,0,F20K,RESEARCH_BASELINE
19600,20065,banjo,-13.2167,1,0,0,0,,,,,0,0,F20K,RESEARCH_BASELINE
19601,20066,barbed,-13.2167,1,0,0,0,,,,,0,0,F20K,RESEARCH_BASELINE
19602,20067,barr,-13.2167,0,0,0,0,,,,,0,0,F20K,RESEARCH_BASELINE
19603,20068,basing,-13.2167,1,1,0,1,,basin,,,1,0,F20K,RESEARCH_BASELINE
19604,20069,bathe,-13.2167,1,1,0,1,,bath,,,1,0,F20K,RESEARCH_BASELINE
19605,20070,battalions,-13.2167,0,0,0,0,,,,,0,0,F20K,RESEARCH_BASELINE
19606,20071,bazaar,-13.2167,1,0,0,0,,,,,0,0,F20K,RESEARCH_BASELINE
19607,20072,beaumont,-13.2167,0,0,0,0,,,,,0,0,F20K,RESEARCH_BASELINE
19608,20073,bg,-13.2167,0,0,0,0,,,,,0,0,F20K,RESEARCH_BASELINE
19609,20074,biker,-13.2167,1,1,0,1,,bike,,,1,0,F20K,RESEARCH_BASELINE
19610,20075,biopsy,-13.2167,1,0,0,0,,,,,0,0,F20K,RESEARCH_BASELINE
19611,20076,bj,-13.2167,0,0,0,0,,,,,0,0,F20K,RESEARCH_BASELINE
19612,20077,blacked,-13.2167,0,0,0,0,,,,,0,0,F20K,RESEARCH_BASELINE
19613,20078,boko,-13.2167,0,0,0,0,,,,,0,0,F20K,RESEARCH_BASELINE
19614,20079,bosch,-13.2167,0,0,0,0,,,,,0,0,F20K,RESEARCH_BASELINE
19615,20080,brandt,-13.2167,0,0,0,0,,,,,0,0,F20K,RESEARCH_BASELINE
19616,20081,budgetary,-13.2167,0,0,0,0,,,,,0,0,F20K,RESEARCH_BASELINE
19617,20082,calibre,-13.2167,0,0,0,0,,,,,0,0,F20K,RESEARCH_BASELINE
19618,20083,carcass,-13.2167,1,0,0,0,,,,,0,0,F20K,RESEARCH_BASELINE
19619,20084,cassie,-13.2167,0,0,0,0,,,,,0,0,F20K,RESEARCH_BASELINE
19620,20085,charley,-13.2167,0,0,0,0,,,,,0,0,F20K,RESEARCH_BASELINE
19621,20086,chico,-13.2167,0,0,0,0,,,,,0,0,F20K,RESEARCH_BASELINE
19622,20087,ck,-13.2167,0,0,0,0,,,,,0,0,F20K,RESEARCH_BASELINE
19623,20088,cleanliness,-13.2167,1,0,0,0,,,,,0,0,F20K,RESEARCH_BASELINE
19624,20089,cognition,-13.2167,1,0,0,0,,,,,0,0,F20K,RESEARCH_BASELINE
19625,20090,collide,-13.2167,1,0,0,0,,,,,0,0,F20K,RESEARCH_BASELINE
19626,20091,comma,-13.2167,1,0,0,0,,,,,0,0,F20K,RESEARCH_BASELINE
19627,20092,compartments,-13.2167,0,0,0,0,,,,,0,0,F20K,RESEARCH_BASELINE
19628,20093,complexities,-13.2167,0,0,0,0,,,,,0,0,F20K,RESEARCH_BASELINE
19629,20094,concentrates,-13.2167,0,0,0,0,,,,,0,0,F20K,RESEARCH_BASELINE
19630,20095,concerto,-13.2167,0,0,0,0,,,,,0,0,F20K,RESEARCH_BASELINE
19631,20096,converge,-13.2167,1,0,0,0,,,,,0,0,F20K,RESEARCH_BASELINE
19632,20097,convicts,-13.2167,1,1,0,1,,convict,,,1,0,F20K,RESEARCH_BASELINE
19633,20098,cookbook,-13.2167,1,0,0,0,,,,,0,0,F20K,RESEARCH_BASELINE
19634,20099,cornelius,-13.2167,0,0,0,0,,,,,0,0,F20K,RESEARCH_BASELINE
19635,20100,counselors,-13.2167,1,1,0,1,,counselor,,,1,0,F20K,RESEARCH_BASELINE
19636,20101,couture,-13.2167,0,0,0,0,,,,,0,0,F20K,RESEARCH_BASELINE
19637,20102,cree,-13.2167,0,0,0,0,,,,,0,0,F20K,RESEARCH_BASELINE
19638,20103,crispy,-13.2167,1,1,0,1,,crisp,,,1,0,F20K,RESEARCH_BASELINE
19639,20104,crumbs,-13.2167,1,0,0,0,,,,,0,0,F20K,RESEARCH_BASELINE
19640,20105,cutie,-13.2167,1,0,0,0,,,,,0,0,F20K,RESEARCH_BASELINE
19641,20106,dashed,-13.2167,1,0,0,0,,,,,0,0,F20K,RESEARCH_BASELINE
19642,20107,dashing,-13.2167,1,0,0,0,,,,,0,0,F20K,RESEARCH_BASELINE
19643,20108,defer,-13.2167,1,0,0,0,,,,,0,0,F20K,RESEARCH_BASELINE
19644,20109,definitively,-13.2167,1,0,0,0,,,,,0,0,F20K,RESEARCH_BASELINE
19645,20110,dentists,-13.2167,1,1,0,1,,dentist,,,1,0,F20K,RESEARCH_BASELINE
19646,20111,descends,-13.2167,1,1,0,1,,descend,,,1,0,F20K,RESEARCH_BASELINE
19647,20112,deux,-13.2167,0,0,0,0,,,,,0,0,F20K,RESEARCH_BASELINE
19648,20113,directories,-13.2167,0,0,0,0,,,,,0,0,F20K,RESEARCH_BASELINE
19649,20114,dismantling,-13.2167,0,0,0,0,,,,,0,0,F20K,RESEARCH_BASELINE
19650,20115,dodd,-13.2167,0,0,0,0,,,,,0,0,F20K,RESEARCH_BASELINE
19651,20116,draper,-13.2167,0,0,0,0,,,,,0,0,F20K,RESEARCH_BASELINE
19652,20117,dumps,-13.2167,1,1,0,1,,dump,,,1,0,F20K,RESEARCH_BASELINE
19653,20118,dwellers,-13.2167,0,0,0,0,,,,,0,0,F20K,RESEARCH_BASELINE
19654,20119,electronically,-13.2167,1,0,0,0,,,,,0,0,F20K,RESEARCH_BASELINE
19655,20120,emptiness,-13.2167,1,0,0,0,,,,,0,0,F20K,RESEARCH_BASELINE
19656,20121,enslaved,-13.2167,0,0,0,0,,,,,0,0,F20K,RESEARCH_BASELINE
19657,20122,entropy,-13.2167,1,0,0,0,,,,,0,0,F20K,RESEARCH_BASELINE
19658,20123,equestrian,-13.2167,1,0,0,0,,,,,0,0,F20K,RESEARCH_BASELINE
19659,20124,eviction,-13.2167,1,0,0,0,,,,,0,0,F20K,RESEARCH_BASELINE
19660,20125,excused,-13.2167,1,1,0,1,,excuse,,,1,0,F20K,RESEARCH_BASELINE
19661,20126,fay,-13.2167,0,0,0,0,,,,,0,0,F20K,RESEARCH_BASELINE
19662,20127,flaps,-13.2167,1,1,0,1,laps,flap,,,2,0,F20K,RESEARCH_BASELINE
19663,20128,fluoride,-13.2167,1,0,0,0,,,,,0,0,F20K,RESEARCH_BASELINE
19664,20129,footed,-13.2167,1,0,0,0,,,,,0,0,F20K,RESEARCH_BASELINE
19665,20130,forcefully,-13.2167,1,0,0,0,,,,,0,0,F20K,RESEARCH_BASELINE
19666,20131,foresee,-13.2167,1,0,0,0,,,,,0,0,F20K,RESEARCH_BASELINE
19667,20132,fracking,-13.2167,0,0,0,0,,,,,0,0,F20K,RESEARCH_BASELINE
19668,20133,futuristic,-13.2167,1,0,0,0,,,,,0,0,F20K,RESEARCH_BASELINE
19669,20134,gaelic,-13.2167,0,0,0,0,,,,,0,0,F20K,RESEARCH_BASELINE
19670,20135,genealogy,-13.2167,0,0,0,0,,,,,0,0,F20K,RESEARCH_BASELINE
19671,20136,gilded,-13.2167,1,0,0,0,,,,,0,0,F20K,RESEARCH_BASELINE
19672,20137,gilles,-13.2167,0,0,0,0,,,,,0,0,F20K,RESEARCH_BASELINE
19673,20138,gillian,-13.2167,0,0,0,0,,,,,0,0,F20K,RESEARCH_BASELINE
19674,20139,gilmore,-13.2167,0,0,0,0,,,,,0,0,F20K,RESEARCH_BASELINE
19675,20140,gloom,-13.2167,1,1,1,1,loom,,,gloomy,1,1,F20K,RESEARCH_BASELINE
19676,20141,gmail,-13.2167,0,0,0,0,,,,,0,0,F20K,RESEARCH_BASELINE
19677,20142,granger,-13.2167,0,0,0,0,,,,,0,0,F20K,RESEARCH_BASELINE
19678,20143,grasses,-13.2167,0,0,0,0,,,,,0,0,F20K,RESEARCH_BASELINE
19679,20144,greenberg,-13.2167,0,0,0,0,,,,,0,0,F20K,RESEARCH_BASELINE
19680,20145,grimes,-13.2167,0,0,0,0,,,,,0,0,F20K,RESEARCH_BASELINE
19681,20146,haifa,-13.2167,0,0,0,0,,,,,0,0,F20K,RESEARCH_BASELINE
19682,20147,hinge,-13.2167,1,1,1,0,,,,hinges,0,1,F20K,RESEARCH_BASELINE
19683,20148,hops,-13.2167,1,1,1,1,,hop,shops;chops,,1,2,F20K,RESEARCH_BASELINE
19684,20149,howling,-13.2167,1,0,0,0,,,,,0,0,F20K,RESEARCH_BASELINE
19685,20150,hypnosis,-13.2167,1,0,0,0,,,,,0,0,F20K,RESEARCH_BASELINE
19686,20151,indigo,-13.2167,1,0,0,0,,,,,0,0,F20K,RESEARCH_BASELINE
19687,20152,ingrid,-13.2167,0,0,0,0,,,,,0,0,F20K,RESEARCH_BASELINE
19688,20153,injure,-13.2167,1,1,1,0,,,,injured,0,1,F20K,RESEARCH_BASELINE
19689,20154,intensify,-13.2167,1,0,0,0,,,,,0,0,F20K,RESEARCH_BASELINE
19690,20155,invasions,-13.2167,0,0,0,0,,,,,0,0,F20K,RESEARCH_BASELINE
19691,20156,jeb,-13.2167,0,0,0,0,,,,,0,0,F20K,RESEARCH_BASELINE
19692,20157,kali,-13.2167,0,0,0,0,,,,,0,0,F20K,RESEARCH_BASELINE
19693,20158,kart,-13.2167,0,0,0,0,,,,,0,0,F20K,RESEARCH_BASELINE
19694,20159,kudos,-13.2167,1,0,0,0,,,,,0,0,F20K,RESEARCH_BASELINE
19695,20160,kw,-13.2167,0,0,0,0,,,,,0,0,F20K,RESEARCH_BASELINE
19696,20161,laced,-13.2167,1,1,1,1,,lace,placed,,1,1,F20K,RESEARCH_BASELINE
19697,20162,leftover,-13.2167,1,1,1,0,,,,leftovers,0,1,F20K,RESEARCH_BASELINE
19698,20163,legislatures,-13.2167,0,0,0,0,,,,,0,0,F20K,RESEARCH_BASELINE
19699,20164,lille,-13.2167,0,0,0,0,,,,,0,0,F20K,RESEARCH_BASELINE
19700,20165,lim,-13.2167,0,0,0,0,,,,,0,0,F20K,RESEARCH_BASELINE
19701,20166,linebacker,-13.2167,0,0,0,0,,,,,0,0,F20K,RESEARCH_BASELINE
19702,20167,liza,-13.2167,0,0,0,0,,,,,0,0,F20K,RESEARCH_BASELINE
19703,20168,lng,-13.2167,0,0,0,0,,,,,0,0,F20K,RESEARCH_BASELINE
19704,20169,lobe,-13.2167,1,1,1,0,,,globe,,0,1,F20K,RESEARCH_BASELINE
19705,20170,lousy,-13.2167,1,0,0,0,,,,,0,0,F20K,RESEARCH_BASELINE
19706,20171,lowly,-13.2167,1,1,1,0,,,slowly,,0,1,F20K,RESEARCH_BASELINE
19707,20172,lsd,-13.2167,0,0,0,0,,,,,0,0,F20K,RESEARCH_BASELINE
19708,20173,luminous,-13.2167,1,0,0,0,,,,,0,0,F20K,RESEARCH_BASELINE
19709,20174,lyle,-13.2167,0,0,0,0,,,,,0,0,F20K,RESEARCH_BASELINE
19710,20176,macarthur,-13.2167,0,0,0,0,,,,,0,0,F20K,RESEARCH_BASELINE
19711,20177,macau,-13.2167,0,0,0,0,,,,,0,0,F20K,RESEARCH_BASELINE
19712,20178,manson,-13.2167,0,0,0,0,,,,,0,0,F20K,RESEARCH_BASELINE
19713,20179,marino,-13.2167,0,0,0,0,,,,,0,0,F20K,RESEARCH_BASELINE
19714,20180,masculinity,-13.2167,1,0,0,0,,,,,0,0,F20K,RESEARCH_BASELINE
19715,20181,mathieu,-13.2167,0,0,0,0,,,,,0,0,F20K,RESEARCH_BASELINE
19716,20182,maui,-13.2167,0,0,0,0,,,,,0,0,F20K,RESEARCH_BASELINE
19717,20183,mep,-13.2167,0,0,0,0,,,,,0,0,F20K,RESEARCH_BASELINE
19718,20184,metaphysical,-13.2167,1,0,0,0,,,,,0,0,F20K,RESEARCH_BASELINE
19719,20185,meticulous,-13.2167,1,0,0,0,,,,,0,0,F20K,RESEARCH_BASELINE
19720,20186,militias,-13.2167,0,0,0,0,,,,,0,0,F20K,RESEARCH_BASELINE
19721,20187,millionaires,-13.2167,0,0,0,0,,,,,0,0,F20K,RESEARCH_BASELINE
19722,20188,misled,-13.2167,1,0,0,0,,,,,0,0,F20K,RESEARCH_BASELINE
19723,20189,mixtape,-13.2167,0,0,0,0,,,,,0,0,F20K,RESEARCH_BASELINE
19724,20190,mobilize,-13.2167,1,0,0,0,,,,,0,0,F20K,RESEARCH_BASELINE
19725,20191,monologue,-13.2167,1,0,0,0,,,,,0,0,F20K,RESEARCH_BASELINE
19726,20192,multiplier,-13.2167,1,0,0,0,,,,,0,0,F20K,RESEARCH_BASELINE
19727,20195,navigating,-13.2167,1,0,0,0,,,,,0,0,F20K,RESEARCH_BASELINE
19728,20196,nightfall,-13.2167,1,0,0,0,,,,,0,0,F20K,RESEARCH_BASELINE
19729,20197,nouns,-13.2167,1,1,0,1,,noun,,,1,0,F20K,RESEARCH_BASELINE
19730,20198,nurturing,-13.2167,0,0,0,0,,,,,0,0,F20K,RESEARCH_BASELINE
19731,20200,obi,-13.2167,0,0,0,0,,,,,0,0,F20K,RESEARCH_BASELINE
19732,20201,olson,-13.2167,0,0,0,0,,,,,0,0,F20K,RESEARCH_BASELINE
19733,20202,operas,-13.2167,1,1,0,1,,opera,,,1,0,F20K,RESEARCH_BASELINE
19734,20203,orbiting,-13.2167,0,0,0,0,,,,,0,0,F20K,RESEARCH_BASELINE
19735,20204,orchid,-13.2167,1,0,0,0,,,,,0,0,F20K,RESEARCH_BASELINE
19736,20205,outlawed,-13.2167,1,0,0,0,,,,,0,0,F20K,RESEARCH_BASELINE
19737,20206,oversized,-13.2167,1,0,0,0,,,,,0,0,F20K,RESEARCH_BASELINE
19738,20207,overt,-13.2167,1,1,1,1,,over,covert,,1,1,F20K,RESEARCH_BASELINE
19739,20208,pajamas,-13.2167,1,0,0,0,,,,,0,0,F20K,RESEARCH_BASELINE
19740,20209,parades,-13.2167,1,1,0,1,,parade,,,1,0,F20K,RESEARCH_BASELINE
19741,20210,parsley,-13.2167,1,0,0,0,,,,,0,0,F20K,RESEARCH_BASELINE
19742,20212,pasha,-13.2167,0,0,0,0,,,,,0,0,F20K,RESEARCH_BASELINE
19743,20213,paused,-13.2167,1,1,0,1,,pause,,,1,0,F20K,RESEARCH_BASELINE
19744,20214,payback,-13.2167,1,0,0,0,,,,,0,0,F20K,RESEARCH_BASELINE
19745,20215,paz,-13.2167,0,0,0,0,,,,,0,0,F20K,RESEARCH_BASELINE
19746,20216,pelvic,-13.2167,1,0,0,0,,,,,0,0,F20K,RESEARCH_BASELINE
19747,20217,perch,-13.2167,1,0,0,0,,,,,0,0,F20K,RESEARCH_BASELINE
19748,20218,phony,-13.2167,1,0,0,0,,,,,0,0,F20K,RESEARCH_BASELINE
19749,20219,pius,-13.2167,0,0,0,0,,,,,0,0,F20K,RESEARCH_BASELINE
19750,20220,policymakers,-13.2167,0,0,0,0,,,,,0,0,F20K,RESEARCH_BASELINE
19751,20221,pont,-13.2167,0,0,0,0,,,,,0,0,F20K,RESEARCH_BASELINE
19752,20222,poole,-13.2167,0,0,0,0,,,,,0,0,F20K,RESEARCH_BASELINE
19753,20223,portraying,-13.2167,0,0,0,0,,,,,0,0,F20K,RESEARCH_BASELINE
19754,20224,potency,-13.2167,1,0,0,0,,,,,0,0,F20K,RESEARCH_BASELINE
19755,20225,potion,-13.2167,1,0,0,0,,,,,0,0,F20K,RESEARCH_BASELINE
19756,20226,preclude,-13.2167,1,0,0,0,,,,,0,0,F20K,RESEARCH_BASELINE
19757,20227,predetermined,-13.2167,1,0,0,0,,,,,0,0,F20K,RESEARCH_BASELINE
19758,20228,predicament,-13.2167,1,0,0,0,,,,,0,0,F20K,RESEARCH_BASELINE
19759,20229,prefect,-13.2167,1,0,0,0,,,,,0,0,F20K,RESEARCH_BASELINE
19760,20230,pretoria,-13.2167,0,0,0,0,,,,,0,0,F20K,RESEARCH_BASELINE
19761,20231,psalms,-13.2167,1,1,0,1,,psalm,,,1,0,F20K,RESEARCH_BASELINE
19762,20232,quay,-13.2167,0,0,0,0,,,,,0,0,F20K,RESEARCH_BASELINE
19763,20233,quotations,-13.2167,1,1,0,1,,quotation,,,1,0,F20K,RESEARCH_BASELINE
19764,20234,raider,-13.2167,1,1,1,0,,,,raiders,0,1,F20K,RESEARCH_BASELINE
19765,20235,rapes,-13.2167,0,0,0,0,,,,,0,0,F20K,RESEARCH_BASELINE
19766,20236,rebate,-13.2167,1,0,0,0,,,,,0,0,F20K,RESEARCH_BASELINE
19767,20237,recap,-13.2167,1,0,0,0,,,,,0,0,F20K,RESEARCH_BASELINE
19768,20238,recharge,-13.2167,1,0,0,0,,,,,0,0,F20K,RESEARCH_BASELINE
19769,20239,recital,-13.2167,1,0,0,0,,,,,0,0,F20K,RESEARCH_BASELINE
19770,20240,recognises,-13.2167,0,0,0,0,,,,,0,0,F20K,RESEARCH_BASELINE
19771,20241,reflexes,-13.2167,0,0,0,0,,,,,0,0,F20K,RESEARCH_BASELINE
19772,20242,refreshed,-13.2167,0,0,0,0,,,,,0,0,F20K,RESEARCH_BASELINE
19773,20243,remedial,-13.2167,1,0,0,0,,,,,0,0,F20K,RESEARCH_BASELINE
19774,20244,reopen,-13.2167,1,0,0,0,,,,,0,0,F20K,RESEARCH_BASELINE
19775,20245,restroom,-13.2167,1,0,0,0,,,,,0,0,F20K,RESEARCH_BASELINE
19776,20246,riviera,-13.2167,1,0,0,0,,,,,0,0,F20K,RESEARCH_BASELINE
19777,20247,robb,-13.2167,0,0,0,0,,,,,0,0,F20K,RESEARCH_BASELINE
19778,20248,rolf,-13.2167,0,0,0,0,,,,,0,0,F20K,RESEARCH_BASELINE
19779,20249,rudolph,-13.2167,0,0,0,0,,,,,0,0,F20K,RESEARCH_BASELINE
19780,20250,samba,-13.2167,0,0,0,0,,,,,0,0,F20K,RESEARCH_BASELINE
19781,20251,scandalous,-13.2167,1,0,0,0,,,,,0,0,F20K,RESEARCH_BASELINE
19782,20252,scot,-13.2167,0,0,0,0,,,,,0,0,F20K,RESEARCH_BASELINE
19783,20253,selfless,-13.2167,1,0,0,0,,,,,0,0,F20K,RESEARCH_BASELINE
19784,20254,semifinals,-13.2167,0,0,0,0,,,,,0,0,F20K,RESEARCH_BASELINE
19785,20255,sens,-13.2167,0,0,0,0,,,,,0,0,F20K,RESEARCH_BASELINE
19786,20256,sera,-13.2167,0,0,0,0,,,,,0,0,F20K,RESEARCH_BASELINE
19787,20257,serb,-13.2167,0,0,0,0,,,,,0,0,F20K,RESEARCH_BASELINE
19788,20258,shabby,-13.2167,1,0,0,0,,,,,0,0,F20K,RESEARCH_BASELINE
19789,20259,shaman,-13.2167,0,0,0,0,,,,,0,0,F20K,RESEARCH_BASELINE
19790,20260,shelly,-13.2167,0,0,0,0,,,,,0,0,F20K,RESEARCH_BASELINE
19791,20261,shun,-13.2167,1,0,0,0,,,,,0,0,F20K,RESEARCH_BASELINE
19792,20262,siberian,-13.2167,0,0,0,0,,,,,0,0,F20K,RESEARCH_BASELINE
19793,20263,sickening,-13.2167,1,0,0,0,,,,,0,0,F20K,RESEARCH_BASELINE
19794,20265,skid,-13.2167,1,1,0,1,kid,ski,,,2,0,F20K,RESEARCH_BASELINE
19795,20266,skiers,-13.2167,0,0,0,0,,,,,0,0,F20K,RESEARCH_BASELINE
19796,20267,slaying,-13.2167,1,1,0,1,laying,,,,1,0,F20K,RESEARCH_BASELINE
19797,20268,sledge,-13.2167,1,1,0,1,ledge,,,,1,0,F20K,RESEARCH_BASELINE
19798,20269,slum,-13.2167,1,1,1,0,,,,slump,0,1,F20K,RESEARCH_BASELINE
19799,20270,smelly,-13.2167,1,1,0,1,,smell,,,1,0,F20K,RESEARCH_BASELINE
19800,20271,smog,-13.2167,1,0,0,0,,,,,0,0,F20K,RESEARCH_BASELINE
19801,20272,sorrows,-13.2167,1,1,0,1,,sorrow,,,1,0,F20K,RESEARCH_BASELINE
19802,20273,spat,-13.2167,1,1,0,1,pat,spa,,,2,0,F20K,RESEARCH_BASELINE
19803,20274,strangest,-13.2167,1,0,0,0,,,,,0,0,F20K,RESEARCH_BASELINE
19804,20275,stricter,-13.2167,0,0,0,0,,,,,0,0,F20K,RESEARCH_BASELINE
19805,20276,surveyor,-13.2167,1,0,0,0,,,,,0,0,F20K,RESEARCH_BASELINE
19806,20277,sv,-13.2167,0,0,0,0,,,,,0,0,F20K,RESEARCH_BASELINE
19807,20278,swedes,-13.2167,0,0,0,0,,,,,0,0,F20K,RESEARCH_BASELINE
19808,20279,synopsis,-13.2167,1,0,0,0,,,,,0,0,F20K,RESEARCH_BASELINE
19809,20281,tanaka,-13.2167,0,0,0,0,,,,,0,0,F20K,RESEARCH_BASELINE
19810,20282,terminating,-13.2167,1,0,0,0,,,,,0,0,F20K,RESEARCH_BASELINE
19811,20283,thence,-13.2167,1,1,0,1,hence,,,,1,0,F20K,RESEARCH_BASELINE
19812,20284,thrift,-13.2167,1,0,0,0,,,,,0,0,F20K,RESEARCH_BASELINE
19813,20285,timmy,-13.2167,0,0,0,0,,,,,0,0,F20K,RESEARCH_BASELINE
19814,20286,towing,-13.2167,1,1,0,1,owing,,,,1,0,F20K,RESEARCH_BASELINE
19815,20287,tracts,-13.2167,0,0,0,0,,,,,0,0,F20K,RESEARCH_BASELINE
19816,20288,transfusion,-13.2167,1,0,0,0,,,,,0,0,F20K,RESEARCH_BASELINE
19817,20289,transplantation,-13.2167,1,0,0,0,,,,,0,0,F20K,RESEARCH_BASELINE
19818,20290,typewriter,-13.2167,1,0,0,0,,,,,0,0,F20K,RESEARCH_BASELINE
19819,20291,understatement,-13.2167,1,0,0,0,,,,,0,0,F20K,RESEARCH_BASELINE
19820,20292,unison,-13.2167,1,0,0,0,,,,,0,0,F20K,RESEARCH_BASELINE
19821,20293,vaughn,-13.2167,0,0,0,0,,,,,0,0,F20K,RESEARCH_BASELINE
19822,20294,vulcan,-13.2167,0,0,0,0,,,,,0,0,F20K,RESEARCH_BASELINE
19823,20296,whistles,-13.2167,1,1,0,1,,whistle,,,1,0,F20K,RESEARCH_BASELINE
19824,20297,widest,-13.2167,1,0,0,0,,,,,0,0,F20K,RESEARCH_BASELINE
19825,20298,wrench,-13.2167,1,0,0,0,,,,,0,0,F20K,RESEARCH_BASELINE
19826,20299,ying,-13.2167,0,0,0,0,,,,,0,0,F20K,RESEARCH_BASELINE
19827,20300,yrs,-13.2167,0,0,0,0,,,,,0,0,F20K,RESEARCH_BASELINE
19828,20306,abd,-13.2389,0,0,0,0,,,,,0,0,F20K,RESEARCH_BASELINE
19829,20307,abort,-13.2389,1,0,0,0,,,,,0,0,F20K,RESEARCH_BASELINE
19830,20308,accommodating,-13.2389,1,0,0,0,,,,,0,0,F20K,RESEARCH_BASELINE
19831,20309,accrued,-13.2389,1,0,0,0,,,,,0,0,F20K,RESEARCH_BASELINE
19832,20310,adored,-13.2389,1,1,0,1,,adore,,,1,0,F20K,RESEARCH_BASELINE
19833,20311,adversaries,-13.2389,0,0,0,0,,,,,0,0,F20K,RESEARCH_BASELINE
19834,20312,agendas,-13.2389,1,1,0,1,,agenda,,,1,0,F20K,RESEARCH_BASELINE
19835,20313,alexandre,-13.2389,0,0,0,0,,,,,0,0,F20K,RESEARCH_BASELINE
19836,20314,alia,-13.2389,0,0,0,0,,,,,0,0,F20K,RESEARCH_BASELINE
19837,20315,amish,-13.2389,0,0,0,0,,,,,0,0,F20K,RESEARCH_BASELINE
19838,20316,anesthesia,-13.2389,1,0,0,0,,,,,0,0,F20K,RESEARCH_BASELINE
19839,20317,annum,-13.2389,0,0,0,0,,,,,0,0,F20K,RESEARCH_BASELINE
19840,20318,antidote,-13.2389,1,0,0,0,,,,,0,0,F20K,RESEARCH_BASELINE
19841,20319,antiquities,-13.2389,0,0,0,0,,,,,0,0,F20K,RESEARCH_BASELINE
19842,20320,aristocratic,-13.2389,1,0,0,0,,,,,0,0,F20K,RESEARCH_BASELINE
19843,20321,aroma,-13.2389,1,0,0,0,,,,,0,0,F20K,RESEARCH_BASELINE
19844,20322,assimilation,-13.2389,1,0,0,0,,,,,0,0,F20K,RESEARCH_BASELINE
19845,20323,aswell,-13.2389,0,0,0,0,,,,,0,0,F20K,RESEARCH_BASELINE
19846,20324,aversion,-13.2389,1,1,0,1,version,,,,1,0,F20K,RESEARCH_BASELINE
19847,20325,avg,-13.2389,0,0,0,0,,,,,0,0,F20K,RESEARCH_BASELINE
19848,20326,avocado,-13.2389,1,0,0,0,,,,,0,0,F20K,RESEARCH_BASELINE
19849,20327,beetles,-13.2389,1,1,0,1,,beetle,,,1,0,F20K,RESEARCH_BASELINE
19850,20328,bellamy,-13.2389,0,0,0,0,,,,,0,0,F20K,RESEARCH_BASELINE
19851,20329,bergen,-13.2389,0,0,0,0,,,,,0,0,F20K,RESEARCH_BASELINE
19852,20330,bestseller,-13.2389,1,0,0,0,,,,,0,0,F20K,RESEARCH_BASELINE
19853,20331,betsy,-13.2389,0,0,0,0,,,,,0,0,F20K,RESEARCH_BASELINE
19854,20332,biographies,-13.2389,0,0,0,0,,,,,0,0,F20K,RESEARCH_BASELINE
19855,20333,birdie,-13.2389,1,0,0,0,,,,,0,0,F20K,RESEARCH_BASELINE
19856,20334,bison,-13.2389,1,0,0,0,,,,,0,0,F20K,RESEARCH_BASELINE
19857,20335,blacksmith,-13.2389,1,0,0,0,,,,,0,0,F20K,RESEARCH_BASELINE
19858,20336,bm,-13.2389,0,0,0,0,,,,,0,0,F20K,RESEARCH_BASELINE
19859,20337,bracelets,-13.2389,0,0,0,0,,,,,0,0,F20K,RESEARCH_BASELINE
19860,20338,bridging,-13.2389,1,0,0,0,,,,,0,0,F20K,RESEARCH_BASELINE
19861,20339,briefed,-13.2389,0,0,0,0,,,,,0,0,F20K,RESEARCH_BASELINE
19862,20340,brig,-13.2389,1,1,0,1,rig,,,,1,0,F20K,RESEARCH_BASELINE
19863,20341,bumping,-13.2389,1,0,0,0,,,,,0,0,F20K,RESEARCH_BASELINE
19864,20342,burrows,-13.2389,1,0,0,0,,,,,0,0,F20K,RESEARCH_BASELINE
19865,20343,bw,-13.2389,0,0,0,0,,,,,0,0,F20K,RESEARCH_BASELINE
19866,20344,cairns,-13.2389,0,0,0,0,,,,,0,0,F20K,RESEARCH_BASELINE
19867,20345,canning,-13.2389,1,1,1,0,,,scanning,,0,1,F20K,RESEARCH_BASELINE
19868,20346,caregivers,-13.2389,0,0,0,0,,,,,0,0,F20K,RESEARCH_BASELINE
19869,20347,carole,-13.2389,0,0,0,0,,,,,0,0,F20K,RESEARCH_BASELINE
19870,20348,charmed,-13.2389,1,1,0,1,harmed,,,,1,0,F20K,RESEARCH_BASELINE
19871,20349,cheeses,-13.2389,1,1,0,1,,cheese,,,1,0,F20K,RESEARCH_BASELINE
19872,20350,childcare,-13.2389,1,0,0,0,,,,,0,0,F20K,RESEARCH_BASELINE
19873,20351,choo,-13.2389,0,0,0,0,,,,,0,0,F20K,RESEARCH_BASELINE
19874,20352,classifications,-13.2389,1,1,0,1,,classification,,,1,0,F20K,RESEARCH_BASELINE
19875,20353,clientele,-13.2389,1,0,0,0,,,,,0,0,F20K,RESEARCH_BASELINE
19876,20354,clipped,-13.2389,1,0,0,0,,,,,0,0,F20K,RESEARCH_BASELINE
19877,20355,coincides,-13.2389,0,0,0,0,,,,,0,0,F20K,RESEARCH_BASELINE
19878,20356,collided,-13.2389,0,0,0,0,,,,,0,0,F20K,RESEARCH_BASELINE
19879,20357,colombo,-13.2389,0,0,0,0,,,,,0,0,F20K,RESEARCH_BASELINE
19880,20358,confines,-13.2389,1,0,0,0,,,,,0,0,F20K,RESEARCH_BASELINE
19881,20359,contemplation,-13.2389,1,0,0,0,,,,,0,0,F20K,RESEARCH_BASELINE
19882,20360,costello,-13.2389,0,0,0,0,,,,,0,0,F20K,RESEARCH_BASELINE
19883,20361,cougar,-13.2389,1,0,0,0,,,,,0,0,F20K,RESEARCH_BASELINE
19884,20362,countrymen,-13.2389,1,0,0,0,,,,,0,0,F20K,RESEARCH_BASELINE
19885,20363,coyotes,-13.2389,1,1,0,1,,coyote,,,1,0,F20K,RESEARCH_BASELINE
19886,20364,crackdown,-13.2389,1,0,0,0,,,,,0,0,F20K,RESEARCH_BASELINE
19887,20365,crippling,-13.2389,1,0,0,0,,,,,0,0,F20K,RESEARCH_BASELINE
19888,20366,crotch,-13.2389,1,0,0,0,,,,,0,0,F20K,RESEARCH_BASELINE
19889,20367,cultured,-13.2389,1,1,0,1,,culture,,,1,0,F20K,RESEARCH_BASELINE
19890,20368,curing,-13.2389,1,0,0,0,,,,,0,0,F20K,RESEARCH_BASELINE
19891,20369,cyclical,-13.2389,0,0,0,0,,,,,0,0,F20K,RESEARCH_BASELINE
19892,20371,dab,-13.2389,1,0,0,0,,,,,0,0,F20K,RESEARCH_BASELINE
19893,20372,dangling,-13.2389,1,0,0,0,,,,,0,0,F20K,RESEARCH_BASELINE
19894,20373,dartmouth,-13.2389,0,0,0,0,,,,,0,0,F20K,RESEARCH_BASELINE
19895,20374,daunting,-13.2389,1,0,0,0,,,,,0,0,F20K,RESEARCH_BASELINE
19896,20375,delusions,-13.2389,1,1,0,1,,delusion,,,1,0,F20K,RESEARCH_BASELINE
19897,20376,demonic,-13.2389,1,0,0,0,,,,,0,0,F20K,RESEARCH_BASELINE
19898,20377,despised,-13.2389,0,0,0,0,,,,,0,0,F20K,RESEARCH_BASELINE
19899,20378,devise,-13.2389,1,1,1,0,,,,devised,0,1,F20K,RESEARCH_BASELINE
19900,20379,dildo,-13.2389,0,0,0,0,,,,,0,0,F20K,RESEARCH_BASELINE
19901,20380,disproportionately,-13.2389,1,0,0,0,,,,,0,0,F20K,RESEARCH_BASELINE
19902,20381,dlc,-13.2389,0,0,0,0,,,,,0,0,F20K,RESEARCH_BASELINE
19903,20382,doggy,-13.2389,1,0,0,0,,,,,0,0,F20K,RESEARCH_BASELINE
19904,20383,dole,-13.2389,1,0,0,0,,,,,0,0,F20K,RESEARCH_BASELINE
19905,20384,downey,-13.2389,0,0,0,0,,,,,0,0,F20K,RESEARCH_BASELINE
19906,20385,dui,-13.2389,0,0,0,0,,,,,0,0,F20K,RESEARCH_BASELINE
19907,20386,dune,-13.2389,1,1,1,1,,dun,,dunes,1,1,F20K,RESEARCH_BASELINE
19908,20387,dung,-13.2389,1,1,0,1,,dun,,,1,0,F20K,RESEARCH_BASELINE
19909,20388,eb,-13.2389,0,0,0,0,,,,,0,0,F20K,RESEARCH_BASELINE
19910,20389,edna,-13.2389,0,0,0,0,,,,,0,0,F20K,RESEARCH_BASELINE
19911,20390,ef,-13.2389,0,0,0,0,,,,,0,0,F20K,RESEARCH_BASELINE
19912,20391,electing,-13.2389,0,0,0,0,,,,,0,0,F20K,RESEARCH_BASELINE
19913,20392,embroidered,-13.2389,1,0,0,0,,,,,0,0,F20K,RESEARCH_BASELINE
19914,20393,emile,-13.2389,0,0,0,0,,,,,0,0,F20K,RESEARCH_BASELINE
19915,20394,equatorial,-13.2389,1,0,0,0,,,,,0,0,F20K,RESEARCH_BASELINE
19916,20395,escalate,-13.2389,1,0,0,0,,,,,0,0,F20K,RESEARCH_BASELINE
19917,20396,escorts,-13.2389,1,1,0,1,,escort,,,1,0,F20K,RESEARCH_BASELINE
19918,20397,exporter,-13.2389,1,0,0,0,,,,,0,0,F20K,RESEARCH_BASELINE
19919,20398,extinguished,-13.2389,1,0,0,0,,,,,0,0,F20K,RESEARCH_BASELINE
19920,20399,fallacy,-13.2389,1,0,0,0,,,,,0,0,F20K,RESEARCH_BASELINE
19921,20400,fanatic,-13.2389,1,0,0,0,,,,,0,0,F20K,RESEARCH_BASELINE
19922,20401,feelin,-13.2389,0,0,0,0,,,,,0,0,F20K,RESEARCH_BASELINE
19923,20402,fei,-13.2389,0,0,0,0,,,,,0,0,F20K,RESEARCH_BASELINE
19924,20403,fern,-13.2389,1,0,0,0,,,,,0,0,F20K,RESEARCH_BASELINE
19925,20404,fidel,-13.2389,0,0,0,0,,,,,0,0,F20K,RESEARCH_BASELINE
19926,20405,fifties,-13.2389,1,0,0,0,,,,,0,0,F20K,RESEARCH_BASELINE
19927,20406,firefighter,-13.2389,1,1,1,0,,,,firefighters,0,1,F20K,RESEARCH_BASELINE
19928,20407,formatting,-13.2389,1,0,0,0,,,,,0,0,F20K,RESEARCH_BASELINE
19929,20408,fortifications,-13.2389,1,0,0,0,,,,,0,0,F20K,RESEARCH_BASELINE
19930,20409,franks,-13.2389,0,0,0,0,,,,,0,0,F20K,RESEARCH_BASELINE
19931,20410,frederic,-13.2389,0,0,0,0,,,,,0,0,F20K,RESEARCH_BASELINE
19932,20411,frequented,-13.2389,0,0,0,0,,,,,0,0,F20K,RESEARCH_BASELINE
19933,20412,frown,-13.2389,1,0,0,0,,,,,0,0,F20K,RESEARCH_BASELINE
19934,20413,fruity,-13.2389,1,1,0,1,,fruit,,,1,0,F20K,RESEARCH_BASELINE
19935,20414,fungal,-13.2389,1,0,0,0,,,,,0,0,F20K,RESEARCH_BASELINE
19936,20415,gall,-13.2389,1,1,0,1,all,gal,,,2,0,F20K,RESEARCH_BASELINE
19937,20416,gaulle,-13.2389,0,0,0,0,,,,,0,0,F20K,RESEARCH_BASELINE
19938,20417,gearing,-13.2389,1,0,0,0,,,,,0,0,F20K,RESEARCH_BASELINE
19939,20418,gis,-13.2389,0,0,0,0,,,,,0,0,F20K,RESEARCH_BASELINE
19940,20419,gogh,-13.2389,0,0,0,0,,,,,0,0,F20K,RESEARCH_BASELINE
19941,20420,governs,-13.2389,1,1,0,1,,govern,,,1,0,F20K,RESEARCH_BASELINE
19942,20421,gras,-13.2389,0,0,0,0,,,,,0,0,F20K,RESEARCH_BASELINE
19943,20422,gritty,-13.2389,1,0,0,0,,,,,0,0,F20K,RESEARCH_BASELINE
19944,20423,gsm,-13.2389,0,0,0,0,,,,,0,0,F20K,RESEARCH_BASELINE
19945,20424,hari,-13.2389,0,0,0,0,,,,,0,0,F20K,RESEARCH_BASELINE
19946,20425,hdmi,-13.2389,0,0,0,0,,,,,0,0,F20K,RESEARCH_BASELINE
19947,20426,headlights,-13.2389,1,0,0,0,,,,,0,0,F20K,RESEARCH_BASELINE
19948,20427,headmaster,-13.2389,1,0,0,0,,,,,0,0,F20K,RESEARCH_BASELINE
19949,20428,hearty,-13.2389,1,1,0,1,,heart,,,1,0,F20K,RESEARCH_BASELINE
19950,20429,helix,-13.2389,1,0,0,0,,,,,0,0,F20K,RESEARCH_BASELINE
19951,20430,henceforth,-13.2389,1,0,0,0,,,,,0,0,F20K,RESEARCH_BASELINE
19952,20431,heroism,-13.2389,1,0,0,0,,,,,0,0,F20K,RESEARCH_BASELINE
19953,20432,hooray,-13.2389,1,0,0,0,,,,,0,0,F20K,RESEARCH_BASELINE
19954,20433,horton,-13.2389,0,0,0,0,,,,,0,0,F20K,RESEARCH_BASELINE
19955,20434,huron,-13.2389,0,0,0,0,,,,,0,0,F20K,RESEARCH_BASELINE
19956,20435,impeccable,-13.2389,1,0,0,0,,,,,0,0,F20K,RESEARCH_BASELINE
19957,20436,indebted,-13.2389,1,0,0,0,,,,,0,0,F20K,RESEARCH_BASELINE
19958,20437,informants,-13.2389,0,0,0,0,,,,,0,0,F20K,RESEARCH_BASELINE
19959,20438,inhale,-13.2389,1,0,0,0,,,,,0,0,F20K,RESEARCH_BASELINE
19960,20439,inserting,-13.2389,1,0,0,0,,,,,0,0,F20K,RESEARCH_BASELINE
19961,20440,internships,-13.2389,0,0,0,0,,,,,0,0,F20K,RESEARCH_BASELINE
19962,20441,iroquois,-13.2389,0,0,0,0,,,,,0,0,F20K,RESEARCH_BASELINE
19963,20442,itinerary,-13.2389,1,0,0,0,,,,,0,0,F20K,RESEARCH_BASELINE
19964,20444,jehovah,-13.2389,0,0,0,0,,,,,0,0,F20K,RESEARCH_BASELINE
19965,20445,jenner,-13.2389,0,0,0,0,,,,,0,0,F20K,RESEARCH_BASELINE
19966,20446,johan,-13.2389,0,0,0,0,,,,,0,0,F20K,RESEARCH_BASELINE
19967,20447,johannes,-13.2389,0,0,0,0,,,,,0,0,F20K,RESEARCH_BASELINE
19968,20448,josef,-13.2389,0,0,0,0,,,,,0,0,F20K,RESEARCH_BASELINE
19969,20449,jt,-13.2389,0,0,0,0,,,,,0,0,F20K,RESEARCH_BASELINE
19970,20450,kahn,-13.2389,0,0,0,0,,,,,0,0,F20K,RESEARCH_BASELINE
19971,20451,kiwi,-13.2389,1,0,0,0,,,,,0,0,F20K,RESEARCH_BASELINE
19972,20452,kodak,-13.2389,0,0,0,0,,,,,0,0,F20K,RESEARCH_BASELINE
19973,20453,lair,-13.2389,1,1,1,1,air,,flair,,1,1,F20K,RESEARCH_BASELINE
19974,20454,latch,-13.2389,1,0,0,0,,,,,0,0,F20K,RESEARCH_BASELINE
19975,20455,lau,-13.2389,0,0,0,0,,,,,0,0,F20K,RESEARCH_BASELINE
19976,20456,lew,-13.2389,0,0,0,0,,,,,0,0,F20K,RESEARCH_BASELINE
19977,20457,liberating,-13.2389,1,0,0,0,,,,,0,0,F20K,RESEARCH_BASELINE
19978,20458,lice,-13.2389,1,1,1,1,ice,,slice,,1,1,F20K,RESEARCH_BASELINE
19979,20459,liquidation,-13.2389,1,0,0,0,,,,,0,0,F20K,RESEARCH_BASELINE
19980,20460,literate,-13.2389,1,0,0,0,,,,,0,0,F20K,RESEARCH_BASELINE
19981,20461,louisa,-13.2389,0,0,0,0,,,,,0,0,F20K,RESEARCH_BASELINE
19982,20462,lucid,-13.2389,1,0,0,0,,,,,0,0,F20K,RESEARCH_BASELINE
19983,20463,marginalized,-13.2389,0,0,0,0,,,,,0,0,F20K,RESEARCH_BASELINE
19984,20464,marin,-13.2389,0,0,0,0,,,,,0,0,F20K,RESEARCH_BASELINE
19985,20465,marshes,-13.2389,0,0,0,0,,,,,0,0,F20K,RESEARCH_BASELINE
19986,20466,mastermind,-13.2389,1,0,0,0,,,,,0,0,F20K,RESEARCH_BASELINE
19987,20467,masterpieces,-13.2389,0,0,0,0,,,,,0,0,F20K,RESEARCH_BASELINE
19988,20468,mathematicians,-13.2389,1,1,0,1,,mathematician,,,1,0,F20K,RESEARCH_BASELINE
19989,20469,matilda,-13.2389,0,0,0,0,,,,,0,0,F20K,RESEARCH_BASELINE
19990,20470,maynard,-13.2389,0,0,0,0,,,,,0,0,F20K,RESEARCH_BASELINE
19991,20471,mcbride,-13.2389,0,0,0,0,,,,,0,0,F20K,RESEARCH_BASELINE
19992,20472,mcgregor,-13.2389,0,0,0,0,,,,,0,0,F20K,RESEARCH_BASELINE
19993,20473,minimizing,-13.2389,0,0,0,0,,,,,0,0,F20K,RESEARCH_BASELINE
19994,20474,mitsubishi,-13.2389,0,0,0,0,,,,,0,0,F20K,RESEARCH_BASELINE
19995,20475,modesty,-13.2389,1,1,0,1,,modest,,,1,0,F20K,RESEARCH_BASELINE
19996,20476,monsoon,-13.2389,1,0,0,0,,,,,0,0,F20K,RESEARCH_BASELINE
19997,20477,multilateral,-13.2389,1,0,0,0,,,,,0,0,F20K,RESEARCH_BASELINE
19998,20478,nadine,-13.2389,0,0,0,0,,,,,0,0,F20K,RESEARCH_BASELINE
19999,20479,narrowing,-13.2389,0,0,0,0,,,,,0,0,F20K,RESEARCH_BASELINE
20000,20480,nationale,-13.2389,0,0,0,0,,,,,0,0,F20K,RESEARCH_BASELINE