alpha_rank,source_rank,word,log_frequency,esdb_admit,reject_reason,esdb_size,proper_size,pos,lemmas,evidence_kinds,usage,teaching_mode,target500,stage0_graph_member,stage0_seed_candidate,parent_L,parent_R,children_L,children_R,in_degree,out_degree,morph_out_degree,data_status
5001,5113,cattle,-11.0747,1,PASS,35,,n,cattle,LEMMA,,MASTER,0,0,0,,,,,0,0,0,ESDB_V0_4
5002,5114,centres,-11.0747,0,NOT_EXACT_EN_US,,,,,,,REJECTED_AUTO,0,0,0,,,,,0,0,0,ESDB_V0_4
5003,5115,chef,-11.0747,1,PASS,35,,n,chef,LEMMA,,MASTER,0,1,1,,,,chefs,0,1,1,ESDB_V0_4
5004,5116,chile,-11.0747,0,NOT_EXACT_EN_US,,,,,,,REJECTED_AUTO,0,0,0,,,,,0,0,0,ESDB_V0_4
5005,5117,closest,-11.0747,1,PASS,35,,aj_av,close,FORM,,MASTER,0,1,0,,closes,,,1,0,0,ESDB_V0_4
5006,5118,codes,-11.0747,1,PASS,35,,n_v,code,FORM,,MASTER,0,1,0,,code,,,1,0,0,ESDB_V0_4
5007,5119,completion,-11.0747,1,PASS,35,,n,completion,LEMMA,,MASTER,0,0,0,,,,,0,0,0,ESDB_V0_4
5008,5120,conclusions,-11.0747,1,PASS,35,,n,conclusion,FORM,,MASTER,0,1,0,,conclusion,,,1,0,0,ESDB_V0_4
5009,5121,conflicts,-11.0747,1,PASS,35,,n_v,conflict,FORM,,MASTER,0,1,0,,conflict,,,1,0,0,ESDB_V0_4
5010,5122,conscious,-11.0747,1,PASS,35,,aj,conscious,LEMMA,,MASTER,0,0,0,,,,,0,0,0,ESDB_V0_4
5011,5123,controlling,-11.0747,1,PASS,35,,n_v;aj,control;controlling,FORM;LEMMA,,MASTER,0,0,0,,,,,0,0,0,ESDB_V0_4
5012,5124,correctly,-11.0747,1,PASS,35,,av,correctly,LEMMA,,MASTER,0,0,0,,,,,0,0,0,ESDB_V0_4
5013,5125,diagnosis,-11.0747,1,PASS,35,,n,diagnosis,LEMMA,,MASTER,0,0,0,,,,,0,0,0,ESDB_V0_4
5014,5126,diplomatic,-11.0747,1,PASS,35,,aj,diplomatic,LEMMA,,MASTER,0,0,0,,,,,0,0,0,ESDB_V0_4
5015,5127,douglas,-11.0747,0,NOT_EXACT_EN_US,,,,,,,REJECTED_AUTO,0,0,0,,,,,0,0,0,ESDB_V0_4
5016,5128,exercises,-11.0747,1,PASS,35,,n_v,exercise,FORM,,MASTER,0,1,0,,exercise,,,1,0,0,ESDB_V0_4
5017,5129,farms,-11.0747,1,PASS,35,,n_v,farm,FORM,,MASTER,0,1,0,arms,farm,,,2,0,0,ESDB_V0_4
5018,5130,fears,-11.0747,1,PASS,35,,n_v,fear,FORM,,MASTER,0,1,0,ears,fear,,,2,0,0,ESDB_V0_4
5019,5131,flows,-11.0747,1,PASS,35,,n_v,flow,FORM,,MASTER,0,1,0,lows,flow,,,2,0,0,ESDB_V0_4
5020,5132,fluid,-11.0747,1,PASS,35,,n;aj,fluid,LEMMA,,MASTER,0,1,1,,,,fluids,0,1,1,ESDB_V0_4
5021,5133,footage,-11.0747,1,PASS,35,,n,footage,LEMMA,,MASTER,0,0,0,,,,,0,0,0,ESDB_V0_4
5022,5134,greg,-11.0747,0,NOT_EXACT_EN_US,,,,,,,REJECTED_AUTO,0,0,0,,,,,0,0,0,ESDB_V0_4
5023,5135,grows,-11.0747,1,PASS,35,,v,grow,FORM,,MASTER,0,1,0,rows,grow,,,2,0,0,ESDB_V0_4
5024,5136,hated,-11.0747,1,PASS,35,,n_v;aj,hate;hated,FORM;LEMMA,,MASTER,0,1,0,,hate,,,1,0,0,ESDB_V0_4
5025,5137,hiv,-11.0747,0,NOT_EXACT_EN_US,,,,,,,REJECTED_AUTO,0,0,0,,,,,0,0,0,ESDB_V0_4
5026,5138,hosted,-11.0747,1,PASS,35,,n_v,host,FORM,,MASTER,0,0,0,,,,,0,0,0,ESDB_V0_4
5027,5139,juan,-11.0747,0,NOT_EXACT_EN_US,,,,,,,REJECTED_AUTO,0,0,0,,,,,0,0,0,ESDB_V0_4
5028,5140,meals,-11.0747,1,PASS,35,,n,meal,FORM,,MASTER,0,1,0,,meal,,,1,0,0,ESDB_V0_4
5029,5141,metro,-11.0747,1,PASS,40,,n;a,metro,LEMMA,,MASTER,0,0,0,,,,,0,0,0,ESDB_V0_4
5030,5142,mounted,-11.0747,1,PASS,35,,n_v;aj,mount;mounted,FORM;LEMMA,,MASTER,0,1,1,,,amounted,,0,1,0,ESDB_V0_4
5031,5143,narrative,-11.0747,1,PASS,35,,n;aj,narrative,LEMMA,,MASTER,0,1,1,,,,narratives,0,1,1,ESDB_V0_4
5032,5144,nasty,-11.0747,1,PASS,35,,aj,nasty,LEMMA,,MASTER,0,0,0,,,,,0,0,0,ESDB_V0_4
5033,5145,nelson,-11.0747,0,CASE_FREQ_COLLISION,60,50,n,nelson,LEMMA,,REJECTED_AUTO,0,0,0,,,,,0,0,0,ESDB_V0_4
5034,5146,notion,-11.0747,1,PASS,35,,n,notion,LEMMA,,MASTER,0,1,1,,,,notions,0,1,1,ESDB_V0_4
5035,5147,objectives,-11.0747,1,PASS,35,,n,objective,FORM,,MASTER,0,1,0,,objective,,,1,0,0,ESDB_V0_4
5036,5148,offense,-11.0747,1,PASS,35,,n,offense,LEMMA,,MASTER,0,1,1,,,,offenses,0,1,1,ESDB_V0_4
5037,5149,oliver,-11.0747,0,NOT_EXACT_EN_US,,,,,,,REJECTED_AUTO,0,0,0,,,,,0,0,0,ESDB_V0_4
5038,5150,paintings,-11.0747,1,PASS,35,,n,painting,FORM,,MASTER,0,1,0,,painting,,,1,0,0,ESDB_V0_4
5039,5151,palm,-11.0747,1,PASS,35,,n_v,palm,LEMMA,,MASTER,0,1,1,,pal,,palms,1,1,1,ESDB_V0_4
5040,5152,paradise,-11.0747,1,PASS,35,60,n,paradise,LEMMA,,MASTER,0,0,0,,,,,0,0,0,ESDB_V0_4
5041,5153,perception,-11.0747,1,PASS,35,,n,perception,LEMMA,,MASTER,0,1,1,,,,perceptions,0,1,1,ESDB_V0_4
5042,5154,plates,-11.0747,1,PASS,35,,n_v,plate,FORM,,MASTER,0,1,0,,plate,,,1,0,0,ESDB_V0_4
5043,5155,playoffs,-11.0747,1,PASS,40,,n,playoff,FORM,,MASTER,0,1,0,,playoff,,,1,0,0,ESDB_V0_4
5044,5156,pointing,-11.0747,1,PASS,35,,n_v;n,point;pointing,FORM;LEMMA,,MASTER,0,0,0,,,,,0,0,0,ESDB_V0_4
5045,5157,poll,-11.0747,1,PASS,35,,n_v,poll,LEMMA,,MASTER,0,1,1,,pol,,polls,1,1,1,ESDB_V0_4
5046,5158,pollution,-11.0747,1,PASS,35,,n,pollution,LEMMA,,MASTER,0,0,0,,,,,0,0,0,ESDB_V0_4
5047,5159,popularity,-11.0747,1,PASS,35,,n,popularity,LEMMA,,MASTER,0,0,0,,,,,0,0,0,ESDB_V0_4
5048,5160,pupils,-11.0747,1,PASS,35,,n,pupil,FORM,,MASTER,0,1,0,,pupil,,,1,0,0,ESDB_V0_4
5049,5161,reaches,-11.0747,1,PASS,35,,n_v,reach,FORM,,MASTER,0,1,1,,,breaches,,0,1,0,ESDB_V0_4
5050,5162,reads,-11.0747,1,PASS,35,,n;v,read,FORM,,MASTER,0,1,0,,read,,,1,0,0,ESDB_V0_4
5051,5163,registration,-11.0747,1,PASS,35,,n,registration,LEMMA,,MASTER,0,0,0,,,,,0,0,0,ESDB_V0_4
5052,5164,remarks,-11.0747,1,PASS,35,,n_v,remark,FORM,,MASTER,0,1,0,,remark,,,1,0,0,ESDB_V0_4
5053,5165,satisfaction,-11.0747,1,PASS,35,,n,satisfaction,LEMMA,,MASTER,0,0,0,,,,,0,0,0,ESDB_V0_4
5054,5166,sauce,-11.0747,1,PASS,35,,n_v,sauce,LEMMA,,MASTER,0,0,0,,,,,0,0,0,ESDB_V0_4
5055,5167,ski,-11.0747,1,PASS,35,,n;v,ski,LEMMA;FORM,,MASTER,0,1,1,,,,skin;skip;skid,0,3,0,ESDB_V0_4
5056,5168,slept,-11.0747,1,PASS,35,,n_v,sleep,FORM,,MASTER,0,0,0,,,,,0,0,0,ESDB_V0_4
5057,5169,snake,-11.0747,1,PASS,35,50,n_v,snake,LEMMA,,MASTER,0,1,1,,,,snakes,0,1,1,ESDB_V0_4
5058,5170,solely,-11.0747,1,PASS,35,,av,solely,LEMMA,,MASTER,0,0,0,,,,,0,0,0,ESDB_V0_4
5059,5171,steven,-11.0747,0,NOT_EXACT_EN_US,,,,,,,REJECTED_AUTO,0,0,0,,,,,0,0,0,ESDB_V0_4
5060,5172,strictly,-11.0747,1,PASS,35,,av,strictly,LEMMA,,MASTER,0,0,0,,,,,0,0,0,ESDB_V0_4
5061,5173,striking,-11.0747,1,PASS,35,,n_v;n;aj,strike;striking,FORM;LEMMA,,MASTER,0,0,0,,,,,0,0,0,ESDB_V0_4
5062,5174,suspension,-11.0747,1,PASS,35,,n,suspension,LEMMA,,MASTER,0,0,0,,,,,0,0,0,ESDB_V0_4
5063,5175,swedish,-11.0747,0,NOT_EXACT_EN_US,,,,,,,REJECTED_AUTO,0,0,0,,,,,0,0,0,ESDB_V0_4
5064,5176,talented,-11.0747,1,PASS,35,,aj,talented,LEMMA,,MASTER,0,0,0,,,,,0,0,0,ESDB_V0_4
5065,5177,taxi,-11.0747,1,PASS,35,,n_v,taxi,LEMMA,,MASTER,0,1,1,,tax,,taxis,1,1,1,ESDB_V0_4
5066,5178,theories,-11.0747,1,PASS,35,,n,theory,FORM,,MASTER,0,0,0,,,,,0,0,0,ESDB_V0_4
5067,5179,thereby,-11.0747,1,PASS,35,,av,thereby,LEMMA,,MASTER,0,1,0,hereby,,,,1,0,0,ESDB_V0_4
5068,5180,threatening,-11.0747,1,PASS,35,,v;aj,threaten;threatening,FORM;LEMMA,,MASTER,0,0,0,,,,,0,0,0,ESDB_V0_4
5069,5181,toys,-11.0747,1,PASS,35,,n_v,toy,FORM,,MASTER,0,1,0,,toy,,,1,0,0,ESDB_V0_4
5070,5182,traditions,-11.0747,1,PASS,35,,n,tradition,FORM,,MASTER,0,1,0,,tradition,,,1,0,0,ESDB_V0_4
5071,5183,ugh,-11.0747,1,PASS,35,,i,ugh,LEMMA,,MASTER,0,0,0,,,,,0,0,0,ESDB_V0_4
5072,5184,variable,-11.0747,1,PASS,35,,n;aj,variable,LEMMA,,MASTER,0,1,1,,,,variables,0,1,1,ESDB_V0_4
5073,5185,wealthy,-11.0747,1,PASS,35,,aj,wealthy,LEMMA,,MASTER,0,1,0,,wealth,,,1,0,0,ESDB_V0_4
5074,5187,ac,-11.1008,0,NO_ESDB_GENERAL_EVIDENCE,,,,,,,REJECTED_AUTO,0,0,0,,,,,0,0,0,ESDB_V0_4
5075,5188,accomplished,-11.1008,1,PASS,35,,v;aj,accomplish;accomplished,FORM;LEMMA,,MASTER,0,0,0,,,,,0,0,0,ESDB_V0_4
5076,5189,accordingly,-11.1008,1,PASS,35,,av,accordingly,LEMMA,,MASTER,0,0,0,,,,,0,0,0,ESDB_V0_4
5077,5190,advantages,-11.1008,1,PASS,35,,n_v,advantage,FORM,,MASTER,0,1,0,,advantage,,,1,0,0,ESDB_V0_4
5078,5191,advocate,-11.1008,1,PASS,35,,n_v,advocate,LEMMA,,MASTER,0,1,1,,,,advocates;advocated,0,2,2,ESDB_V0_4
5079,5192,backing,-11.1008,1,PASS,35,,n_v;n,back;backing,FORM;LEMMA,,MASTER,0,0,0,,,,,0,0,0,ESDB_V0_4
5080,5193,balanced,-11.1008,1,PASS,35,,n_v;aj,balance;balanced,FORM;LEMMA,,MASTER,0,1,0,,balance,,,1,0,0,ESDB_V0_4
5081,5194,beats,-11.1008,1,PASS,35,,n_v;n,beat;beats,FORM;LEMMA,,MASTER,0,1,0,eats,beat,,,2,0,0,ESDB_V0_4
5082,5195,blown,-11.1008,1,PASS,35,,n_v;aj,blow;blown,FORM;LEMMA,,MASTER,0,1,0,,blow,,,1,0,0,ESDB_V0_4
5083,5196,campaigns,-11.1008,1,PASS,35,,n_v,campaign,FORM,,MASTER,0,1,0,,campaign,,,1,0,0,ESDB_V0_4
5084,5197,challenging,-11.1008,1,PASS,35,,n_v;aj,challenge;challenging,FORM;LEMMA,,MASTER,0,0,0,,,,,0,0,0,ESDB_V0_4
5085,5198,clever,-11.1008,1,PASS,35,,aj,clever,LEMMA,,MASTER,0,1,0,lever,,,,1,0,0,ESDB_V0_4
5086,5199,clouds,-11.1008,1,PASS,35,,n_v,cloud,FORM,,MASTER,0,1,0,,cloud,,,1,0,0,ESDB_V0_4
5087,5200,colony,-11.1008,1,PASS,35,,n,colony,LEMMA,,MASTER,0,1,0,,colon,,,1,0,0,ESDB_V0_4
5088,5201,consecutive,-11.1008,1,PASS,35,,aj_av,consecutive,LEMMA,,MASTER,0,0,0,,,,,0,0,0,ESDB_V0_4
5089,5202,conspiracy,-11.1008,1,PASS,35,,n,conspiracy,LEMMA,,MASTER,0,0,0,,,,,0,0,0,ESDB_V0_4
5090,5203,controversial,-11.1008,1,PASS,35,,aj,controversial,LEMMA,,MASTER,0,0,0,,,,,0,0,0,ESDB_V0_4
5091,5204,convicted,-11.1008,1,PASS,35,,n_v,convict,FORM,,MASTER,0,0,0,,,,,0,0,0,ESDB_V0_4
5092,5205,cookies,-11.1008,1,PASS,35,,n,cookie;cooky,FORM,,MASTER,0,1,0,,cookie,,,1,0,0,ESDB_V0_4
5093,5206,crops,-11.1008,1,PASS,35,,n_v,crop,FORM,,MASTER,0,1,0,,crop,,,1,0,0,ESDB_V0_4
5094,5207,cruise,-11.1008,1,PASS,35,50,n_v,cruise,LEMMA,,MASTER,0,1,1,,,,cruiser;cruises,0,2,1,ESDB_V0_4
5095,5208,dec,-11.1008,0,NOT_EXACT_EN_US,,,,,,,REJECTED_AUTO,0,0,0,,,,,0,0,0,ESDB_V0_4
5096,5209,delayed,-11.1008,1,PASS,35,,n_v;aj,delay;delayed,FORM;LEMMA,,MASTER,0,0,0,,,,,0,0,0,ESDB_V0_4
5097,5210,desired,-11.1008,1,PASS,35,,n_v;aj,desire;desired,FORM;LEMMA,,MASTER,0,1,0,,desire,,,1,0,0,ESDB_V0_4
5098,5211,detective,-11.1008,1,PASS,35,,n;a,detective,LEMMA,,MASTER,0,1,1,,,,detectives,0,1,1,ESDB_V0_4
5099,5212,developers,-11.1008,1,PASS,35,,n,developer,FORM,,MASTER,0,1,0,,developer,,,1,0,0,ESDB_V0_4
5100,5213,discussing,-11.1008,1,PASS,35,,v,discuss,FORM,,MASTER,0,0,0,,,,,0,0,0,ESDB_V0_4
5101,5214,divisions,-11.1008,1,PASS,35,,n,division,FORM,,MASTER,0,1,0,,division,,,1,0,0,ESDB_V0_4
5102,5215,earning,-11.1008,1,PASS,35,,v;n,earn;earning,FORM;LEMMA,,MASTER,0,1,1,,,learning,earnings,0,2,1,ESDB_V0_4
5103,5216,earthquake,-11.1008,1,PASS,35,,n,earthquake,LEMMA,,MASTER,0,1,1,,,,earthquakes,0,1,1,ESDB_V0_4
5104,5217,eighth,-11.1008,1,PASS,35,,n,eighth,LEMMA,,MASTER,0,1,0,,eight,,,1,0,0,ESDB_V0_4
5105,5218,eligible,-11.1008,1,PASS,35,,aj,eligible,LEMMA,,MASTER,0,0,0,,,,,0,0,0,ESDB_V0_4
5106,5219,establishing,-11.1008,1,PASS,35,,v,establish,FORM,,MASTER,0,0,0,,,,,0,0,0,ESDB_V0_4
5107,5220,evans,-11.1008,0,NOT_EXACT_EN_US,,,,,,,REJECTED_AUTO,0,0,0,,,,,0,0,0,ESDB_V0_4
5108,5221,explaining,-11.1008,1,PASS,35,,v,explain,FORM,,MASTER,0,0,0,,,,,0,0,0,ESDB_V0_4
5109,5222,fathers,-11.1008,1,PASS,35,,n_v,father,FORM,,MASTER,0,1,0,,father,,,1,0,0,ESDB_V0_4
5110,5223,fbi,-11.1008,0,NOT_EXACT_EN_US,,,,,,,REJECTED_AUTO,0,0,0,,,,,0,0,0,ESDB_V0_4
5111,5224,fights,-11.1008,1,PASS,35,,n_v,fight,FORM,,MASTER,0,1,0,,fight,,,1,0,0,ESDB_V0_4
5112,5225,fits,-11.1008,1,PASS,35,,n_v,fit,FORM,,MASTER,0,1,0,its,fit,,,2,0,0,ESDB_V0_4
5113,5226,flew,-11.1008,1,PASS,35,,v,fly,FORM,,MASTER,0,0,0,,,,,0,0,0,ESDB_V0_4
5114,5227,forests,-11.1008,1,PASS,35,,n_v,forest,FORM,,MASTER,0,1,0,,forest,,,1,0,0,ESDB_V0_4
5115,5228,formerly,-11.1008,1,PASS,35,,av,formerly,LEMMA,,MASTER,0,0,0,,,,,0,0,0,ESDB_V0_4
5116,5229,gaming,-11.1008,1,PASS,35,,n_v;n,game;gaming,FORM;LEMMA,,MASTER,0,0,0,,,,,0,0,0,ESDB_V0_4
5117,5230,garage,-11.1008,1,PASS,35,,n_v,garage,LEMMA,,MASTER,0,0,0,,,,,0,0,0,ESDB_V0_4
5118,5231,gaza,-11.1008,0,NOT_EXACT_EN_US,,,,,,,REJECTED_AUTO,0,0,0,,,,,0,0,0,ESDB_V0_4
5119,5232,generous,-11.1008,1,PASS,35,,aj,generous,LEMMA,,MASTER,0,0,0,,,,,0,0,0,ESDB_V0_4
5120,5233,governing,-11.1008,1,PASS,35,,v;n;aj,govern;governing,FORM;LEMMA,,MASTER,0,0,0,,,,,0,0,0,ESDB_V0_4
5121,5234,grid,-11.1008,1,PASS,35,,n,grid,LEMMA,,MASTER,0,1,0,rid,,,,1,0,0,ESDB_V0_4
5122,5235,homeless,-11.1008,1,PASS,35,,n;aj,homeless,LEMMA,,MASTER,0,0,0,,,,,0,0,0,ESDB_V0_4
5123,5236,hood,-11.1008,1,PASS,35,50,n_v,hood,LEMMA,,MASTER,0,0,0,,,,,0,0,0,ESDB_V0_4
5124,5237,indiana,-11.1008,0,NOT_EXACT_EN_US,,,,,,,REJECTED_AUTO,0,0,0,,,,,0,0,0,ESDB_V0_4
5125,5238,infected,-11.1008,1,PASS,35,,v;aj,infect;infected,FORM;LEMMA,,MASTER,0,0,0,,,,,0,0,0,ESDB_V0_4
5126,5239,inspector,-11.1008,1,PASS,35,,n,inspector,LEMMA,,MASTER,0,1,1,,,,inspectors,0,1,1,ESDB_V0_4
5127,5240,instantly,-11.1008,1,PASS,35,,av,instantly,LEMMA,,MASTER,0,0,0,,,,,0,0,0,ESDB_V0_4
5128,5241,jumping,-11.1008,1,PASS,35,,n_v;n,jump;jumping,FORM;LEMMA,,MASTER,0,0,0,,,,,0,0,0,ESDB_V0_4
5129,5242,knees,-11.1008,1,PASS,35,,n_v,knee,FORM,,MASTER,0,1,0,,knee,,,1,0,0,ESDB_V0_4
5130,5243,laser,-11.1008,1,PASS,35,,n,laser,LEMMA,,MASTER,0,1,1,,,,lasers,0,1,1,ESDB_V0_4
5131,5244,laura,-11.1008,0,NOT_EXACT_EN_US,,,,,,,REJECTED_AUTO,0,0,0,,,,,0,0,0,ESDB_V0_4
5132,5245,lisa,-11.1008,0,NOT_EXACT_EN_US,,,,,,,REJECTED_AUTO,0,0,0,,,,,0,0,0,ESDB_V0_4
5133,5246,lt,-11.1008,0,NOT_EXACT_EN_US,,,,,,,REJECTED_AUTO,0,0,0,,,,,0,0,0,ESDB_V0_4
5134,5247,marijuana,-11.1008,1,PASS,35,,n,marijuana,LEMMA,,MASTER,0,0,0,,,,,0,0,0,ESDB_V0_4
5135,5248,massachusetts,-11.1008,0,NOT_EXACT_EN_US,,,,,,,REJECTED_AUTO,0,0,0,,,,,0,0,0,ESDB_V0_4
5136,5249,measurement,-11.1008,1,PASS,35,,n,measurement,LEMMA,,MASTER,0,1,1,,,,measurements,0,1,1,ESDB_V0_4
5137,5250,mitchell,-11.1008,0,NOT_EXACT_EN_US,,,,,,,REJECTED_AUTO,0,0,0,,,,,0,0,0,ESDB_V0_4
5138,5251,mortgage,-11.1008,1,PASS,35,,n_v,mortgage,LEMMA,,MASTER,0,1,1,,,,mortgages,0,1,1,ESDB_V0_4
5139,5252,mps,-11.1008,0,NOT_EXACT_EN_US,,,,,,,REJECTED_AUTO,0,0,0,,,,,0,0,0,ESDB_V0_4
5140,5253,norway,-11.1008,0,NOT_EXACT_EN_US,,,,,,,REJECTED_AUTO,0,0,0,,,,,0,0,0,ESDB_V0_4
5141,5254,observations,-11.1008,1,PASS,35,,n,observation,FORM,,MASTER,0,1,0,,observation,,,1,0,0,ESDB_V0_4
5142,5255,oriented,-11.1008,1,PASS,35,,v;aj,orient;oriented,FORM;LEMMA,,MASTER,0,0,0,,,,,0,0,0,ESDB_V0_4
5143,5256,oscar,-11.1008,0,NOT_EXACT_EN_US,,,,,,,REJECTED_AUTO,0,0,0,,,,,0,0,0,ESDB_V0_4
5144,5257,owns,-11.1008,1,PASS,35,,v,own,FORM,,MASTER,0,1,1,,own,towns;downs,,1,2,0,ESDB_V0_4
5145,5258,parker,-11.1008,0,NOT_EXACT_EN_US,,,,,,,REJECTED_AUTO,0,0,0,,,,,0,0,0,ESDB_V0_4
5146,5259,participated,-11.1008,1,PASS,35,,v,participate,FORM,,MASTER,0,1,0,,participate,,,1,0,0,ESDB_V0_4
5147,5260,pie,-11.1008,1,PASS,35,,n,pie,LEMMA,,MASTER,0,1,1,,pi,,pier;pies,1,2,1,ESDB_V0_4
5148,5261,planes,-11.1008,1,PASS,35,,n_v,plane,FORM,,MASTER,0,1,0,lanes,plane,,,2,0,0,ESDB_V0_4
5149,5262,possibilities,-11.1008,1,PASS,35,,n,possibility,FORM,,MASTER,0,0,0,,,,,0,0,0,ESDB_V0_4
5150,5263,precise,-11.1008,1,PASS,35,,aj,precise,LEMMA,,MASTER,0,0,0,,,,,0,0,0,ESDB_V0_4
5151,5264,propaganda,-11.1008,1,PASS,35,,n,propaganda,LEMMA,,MASTER,0,0,0,,,,,0,0,0,ESDB_V0_4
5152,5265,queensland,-11.1008,0,NOT_EXACT_EN_US,,,,,,,REJECTED_AUTO,0,0,0,,,,,0,0,0,ESDB_V0_4
5153,5266,racist,-11.1008,1,PASS,35,,n;aj,racist,LEMMA,,MASTER,0,0,0,,,,,0,0,0,ESDB_V0_4
5154,5267,rally,-11.1008,1,PASS,35,,n_v,rally,LEMMA,,MASTER,0,1,0,ally,,,,1,0,0,ESDB_V0_4
5155,5268,ranging,-11.1008,1,PASS,35,,n_v;aj,range;ranging,FORM;LEMMA,,MASTER,0,0,0,,,,,0,0,0,ESDB_V0_4
5156,5269,receives,-11.1008,1,PASS,35,,v,receive,FORM,,MASTER,0,1,0,,receive,,,1,0,0,ESDB_V0_4
5157,5270,removing,-11.1008,1,PASS,35,,n_v,remove,FORM,,MASTER,0,0,0,,,,,0,0,0,ESDB_V0_4
5158,5271,repeatedly,-11.1008,1,PASS,35,,av,repeatedly,LEMMA,,MASTER,0,0,0,,,,,0,0,0,ESDB_V0_4
5159,5272,requiring,-11.1008,1,PASS,35,,v;n,require;requiring,FORM;LEMMA,,MASTER,0,0,0,,,,,0,0,0,ESDB_V0_4
5160,5273,resolve,-11.1008,1,PASS,35,,n_v,resolve,LEMMA,,MASTER,0,1,1,,,,resolved,0,1,1,ESDB_V0_4
5161,5274,restored,-11.1008,1,PASS,35,,v,restore,FORM,,MASTER,0,1,0,,restore,,,1,0,0,ESDB_V0_4
5162,5275,retain,-11.1008,1,PASS,35,,v,retain,LEMMA,,MASTER,0,1,1,,,,retains,0,1,1,ESDB_V0_4
5163,5276,revenues,-11.1008,1,PASS,35,,n,revenue,FORM,,MASTER,0,1,0,,revenue,,,1,0,0,ESDB_V0_4
5164,5277,robot,-11.1008,1,PASS,35,,n,robot,LEMMA,,MASTER,0,1,1,,,,robots,0,1,1,ESDB_V0_4
5165,5278,shocked,-11.1008,1,PASS,35,,n_v;aj,shock;shocked,FORM;LEMMA,,MASTER,0,0,0,,,,,0,0,0,ESDB_V0_4
5166,5279,sorts,-11.1008,1,PASS,35,,n_v,sort,FORM,,MASTER,0,1,0,,sort,,,1,0,0,ESDB_V0_4
5167,5280,stocks,-11.1008,1,PASS,35,,n_v;n,stock;stocks,FORM;LEMMA,,MASTER,0,1,0,,stock,,,1,0,0,ESDB_V0_4
5168,5281,stole,-11.1008,1,PASS,35,,n_v;n,steal;stole,FORM;LEMMA,,MASTER,0,1,1,,,,stolen,0,1,0,ESDB_V0_4
5169,5282,suite,-11.1008,1,PASS,35,,n,suite,LEMMA,,MASTER,0,1,1,,suit,,suited;suites,1,2,1,ESDB_V0_4
5170,5283,syrian,-11.1008,0,NOT_EXACT_EN_US,,,,,,,REJECTED_AUTO,0,0,0,,,,,0,0,0,ESDB_V0_4
5171,5284,throne,-11.1008,1,PASS,35,,n,throne,LEMMA,,MASTER,0,1,1,,,,thrones,0,1,1,ESDB_V0_4
5172,5285,thunder,-11.1008,1,PASS,35,,n;v,thunder,LEMMA,,MASTER,0,0,0,,,,,0,0,0,ESDB_V0_4
5173,5286,ton,-11.1008,1,PASS,35,,n,ton,LEMMA;FORM,,MASTER,0,1,1,on,to,,tone;tons,2,2,1,ESDB_V0_4
5174,5287,tragedy,-11.1008,1,PASS,35,,n,tragedy,LEMMA,,MASTER,0,0,0,,,,,0,0,0,ESDB_V0_4
5175,5288,transaction,-11.1008,1,PASS,35,,n,transaction,LEMMA,,MASTER,0,1,1,,,,transactions,0,1,1,ESDB_V0_4
5176,5289,vi,-11.1008,0,NO_ESDB_GENERAL_EVIDENCE,,,,,,,REJECTED_AUTO,0,0,0,,,,,0,0,0,ESDB_V0_4
5177,5290,victor,-11.1008,1,PASS,35,50,n,victor,LEMMA,,MASTER,0,1,1,,,,victory,0,1,0,ESDB_V0_4
5178,5291,warned,-11.1008,1,PASS,35,,v,warn,FORM,,MASTER,0,0,0,,,,,0,0,0,ESDB_V0_4
5179,5292,wells,-11.1008,1,PASS,35,50,n_v,well,FORM,,MASTER,0,1,0,,well,,,1,0,0,ESDB_V0_4
5180,5293,woke,-11.1008,1,PASS,35,,n_v;aj,wake;woke,FORM;LEMMA,,MASTER,0,1,1,,,,woken,0,1,0,ESDB_V0_4
5181,5294,yield,-11.1008,1,PASS,35,,n_v,yield,LEMMA,,MASTER,0,1,1,,,,yields,0,1,1,ESDB_V0_4
5182,5296,accepting,-11.1209,1,PASS,35,,v;aj,accept;accepting,FORM;LEMMA,,MASTER,0,0,0,,,,,0,0,0,ESDB_V0_4
5183,5297,accessible,-11.1209,1,PASS,35,,aj,accessible,LEMMA,,MASTER,0,0,0,,,,,0,0,0,ESDB_V0_4
5184,5298,activists,-11.1209,1,PASS,35,,n,activist,FORM,,MASTER,0,1,0,,activist,,,1,0,0,ESDB_V0_4
5185,5299,adoption,-11.1209,1,PASS,35,,n,adoption,LEMMA,,MASTER,0,0,0,,,,,0,0,0,ESDB_V0_4
5186,5300,annually,-11.1209,1,PASS,35,,av,annually,LEMMA,,MASTER,0,0,0,,,,,0,0,0,ESDB_V0_4
5187,5301,appreciated,-11.1209,1,PASS,35,,v;aj,appreciate;appreciated,FORM;LEMMA,,MASTER,0,1,0,,appreciate,,,1,0,0,ESDB_V0_4
5188,5302,auction,-11.1209,1,PASS,35,,n_v,auction,LEMMA,,MASTER,0,1,1,,,,auctions,0,1,1,ESDB_V0_4
5189,5303,barrier,-11.1209,1,PASS,35,,n,barrier,LEMMA,,MASTER,0,1,1,,,,barriers,0,1,1,ESDB_V0_4
5190,5304,beijing,-11.1209,0,NOT_EXACT_EN_US,,,,,,,REJECTED_AUTO,0,0,0,,,,,0,0,0,ESDB_V0_4
5191,5305,bin,-11.1209,1,PASS,35,,n_v,bin,LEMMA,,MASTER,0,1,1,in,,,bind;bins,1,2,1,ESDB_V0_4
5192,5306,blowing,-11.1209,1,PASS,35,,n_v;n,blow;blowing,FORM;LEMMA,,MASTER,0,0,0,,,,,0,0,0,ESDB_V0_4
5193,5307,ceiling,-11.1209,1,PASS,35,,n,ceiling,LEMMA,,MASTER,0,1,1,,,,ceilings,0,1,1,ESDB_V0_4
5194,5308,cents,-11.1209,1,PASS,35,,n,cent,FORM,,MASTER,0,1,0,,cent,,,1,0,0,ESDB_V0_4
5195,5309,chaos,-11.1209,1,PASS,35,,n,chaos,LEMMA,,MASTER,0,0,0,,,,,0,0,0,ESDB_V0_4
5196,5310,cheers,-11.1209,1,PASS,35,,n_v;i,cheer;cheers,FORM;LEMMA,,MASTER,0,1,0,,cheer,,,1,0,0,ESDB_V0_4
5197,5311,chips,-11.1209,1,PASS,35,,n_v;n,chip;chips,FORM;LEMMA,,MASTER,0,1,0,hips,chip,,,2,0,0,ESDB_V0_4
5198,5312,christopher,-11.1209,0,NOT_EXACT_EN_US,,,,,,,REJECTED_AUTO,0,0,0,,,,,0,0,0,ESDB_V0_4
5199,5314,clinic,-11.1209,1,PASS,35,,n,clinic,LEMMA,,MASTER,0,1,1,,,,clinics,0,1,1,ESDB_V0_4
5200,5315,collecting,-11.1209,1,PASS,35,,n_v;n,collect;collecting,FORM;LEMMA,,MASTER,0,0,0,,,,,0,0,0,ESDB_V0_4
5201,5316,commentary,-11.1209,1,PASS,35,,n,commentary,LEMMA,,MASTER,0,0,0,,,,,0,0,0,ESDB_V0_4
5202,5317,compromise,-11.1209,1,PASS,35,,n_v,compromise,LEMMA,,MASTER,0,1,1,,,,compromised;compromises,0,2,2,ESDB_V0_4
5203,5318,creature,-11.1209,1,PASS,35,,n,creature,LEMMA,,MASTER,0,1,1,,,,creatures,0,1,1,ESDB_V0_4
5204,5319,defeated,-11.1209,1,PASS,35,,n_v;n;aj,defeat;defeated,FORM;LEMMA,,MASTER,0,0,0,,,,,0,0,0,ESDB_V0_4
5205,5320,delhi,-11.1209,0,NOT_EXACT_EN_US,,,,,,,REJECTED_AUTO,0,0,0,,,,,0,0,0,ESDB_V0_4
5206,5321,destiny,-11.1209,1,PASS,35,,n,destiny,LEMMA,,MASTER,0,0,0,,,,,0,0,0,ESDB_V0_4
5207,5322,diabetes,-11.1209,1,PASS,35,,n,diabetes,LEMMA,,MASTER,0,0,0,,,,,0,0,0,ESDB_V0_4
5208,5323,dirt,-11.1209,1,PASS,35,,n,dirt,LEMMA,,MASTER,0,1,1,,,,dirty,0,1,0,ESDB_V0_4
5209,5324,dismissed,-11.1209,1,PASS,35,,v;aj,dismiss;dismissed,FORM;LEMMA,,MASTER,0,0,0,,,,,0,0,0,ESDB_V0_4
5210,5325,duration,-11.1209,1,PASS,35,,n,duration,LEMMA,,MASTER,0,0,0,,,,,0,0,0,ESDB_V0_4
5211,5326,emma,-11.1209,0,NOT_EXACT_EN_US,,,,,,,REJECTED_AUTO,0,0,0,,,,,0,0,0,ESDB_V0_4
5212,5327,ep,-11.1209,0,NOT_EXACT_EN_US,,,,,,,REJECTED_AUTO,0,0,0,,,,,0,0,0,ESDB_V0_4
5213,5328,excessive,-11.1209,1,PASS,35,,aj,excessive,LEMMA,,MASTER,0,0,0,,,,,0,0,0,ESDB_V0_4
5214,5329,expanding,-11.1209,1,PASS,35,,v,expand,FORM,,MASTER,0,0,0,,,,,0,0,0,ESDB_V0_4
5215,5330,experiments,-11.1209,1,PASS,35,,n_v,experiment,FORM,,MASTER,0,1,0,,experiment,,,1,0,0,ESDB_V0_4
5216,5331,exploration,-11.1209,1,PASS,35,,n,exploration,LEMMA,,MASTER,0,0,0,,,,,0,0,0,ESDB_V0_4
5217,5332,fighters,-11.1209,1,PASS,35,,n,fighter,FORM,,MASTER,0,1,0,,fighter,,,1,0,0,ESDB_V0_4
5218,5333,filling,-11.1209,1,PASS,35,,v;n,fill;filling,FORM;LEMMA,,MASTER,0,0,0,,,,,0,0,0,ESDB_V0_4
5219,5334,floating,-11.1209,1,PASS,35,,n_v;n;aj,float;floating,FORM;LEMMA,,MASTER,0,0,0,,,,,0,0,0,ESDB_V0_4
5220,5335,forcing,-11.1209,1,PASS,35,,n_v,force,FORM,,MASTER,0,0,0,,,,,0,0,0,ESDB_V0_4
5221,5336,fred,-11.1209,0,NOT_EXACT_EN_US,,,,,,,REJECTED_AUTO,0,0,0,,,,,0,0,0,ESDB_V0_4
5222,5337,genre,-11.1209,1,PASS,35,,n,genre,LEMMA,,MASTER,0,1,1,,,,genres,0,1,1,ESDB_V0_4
5223,5338,habits,-11.1209,1,PASS,35,,n,habit,FORM,,MASTER,0,1,0,,habit,,,1,0,0,ESDB_V0_4
5224,5339,hammer,-11.1209,1,PASS,35,,n_v,hammer,LEMMA,,MASTER,0,1,1,,,,hammers,0,1,1,ESDB_V0_4
5225,5340,hosting,-11.1209,1,PASS,35,,n_v,host,FORM,,MASTER,0,0,0,,,,,0,0,0,ESDB_V0_4
5226,5341,households,-11.1209,1,PASS,35,,n,household,FORM,,MASTER,0,1,0,,household,,,1,0,0,ESDB_V0_4
5227,5342,illinois,-11.1209,0,NOT_EXACT_EN_US,,,,,,,REJECTED_AUTO,0,0,0,,,,,0,0,0,ESDB_V0_4
5228,5343,incorporated,-11.1209,1,PASS,35,60,v;aj,incorporate;incorporated,FORM;LEMMA,,MASTER,0,1,0,,incorporate,,,1,0,0,ESDB_V0_4
5229,5344,infinite,-11.1209,1,PASS,35,,n;aj,infinite,LEMMA,,MASTER,0,0,0,,,,,0,0,0,ESDB_V0_4
5230,5345,ken,-11.1209,1,PASS,35,50,n;v,ken,LEMMA,,MASTER,0,1,0,en,,,,1,0,0,ESDB_V0_4
5231,5346,kg,-11.1209,0,NO_ESDB_GENERAL_EVIDENCE,,,,,,,REJECTED_AUTO,0,0,0,,,,,0,0,0,ESDB_V0_4
5232,5347,khan,-11.1209,0,CASE_FREQ_COLLISION,50,50,n,khan,LEMMA,,REJECTED_AUTO,0,0,0,,,,,0,0,0,ESDB_V0_4
5233,5348,laptop,-11.1209,1,PASS,40,,n;a,laptop,LEMMA,,MASTER,0,1,1,,,,laptops,0,1,1,ESDB_V0_4
5234,5349,leaf,-11.1209,1,PASS,35,,n;v,leaf,LEMMA,,MASTER,0,1,1,,,,leafs,0,1,1,ESDB_V0_4
5235,5350,lesser,-11.1209,1,PASS,35,,aj_av,lesser,LEMMA,,MASTER,0,0,0,,,,,0,0,0,ESDB_V0_4
5236,5351,loads,-11.1209,1,PASS,35,,n_v;n,load;loads,FORM;LEMMA,,MASTER,0,1,0,,load,,,1,0,0,ESDB_V0_4
5237,5352,mediterranean,-11.1209,0,NOT_EXACT_EN_US,,,,,,,REJECTED_AUTO,0,0,0,,,,,0,0,0,ESDB_V0_4
5238,5353,miracle,-11.1209,1,PASS,35,,n,miracle,LEMMA,,MASTER,0,1,1,,,,miracles,0,1,1,ESDB_V0_4
5239,5354,mixture,-11.1209,1,PASS,35,,n,mixture,LEMMA,,MASTER,0,1,1,,,,mixtures,0,1,1,ESDB_V0_4
5240,5355,mo,-11.1209,0,CASE_FREQ_COLLISION,60,35,n,mo,LEMMA,,REJECTED_AUTO,0,0,0,,,,,0,0,0,ESDB_V0_4
5241,5356,nazi,-11.1209,0,NOT_EXACT_EN_US,,,,,,,REJECTED_AUTO,0,0,0,,,,,0,0,0,ESDB_V0_4
5242,5357,organised,-11.1209,0,NOT_EXACT_EN_US,,,,,,,REJECTED_AUTO,0,0,0,,,,,0,0,0,ESDB_V0_4
5243,5358,password,-11.1209,1,PASS,35,,n,password,LEMMA,,MASTER,0,1,1,,,,passwords,0,1,1,ESDB_V0_4
5244,5359,pilots,-11.1209,1,PASS,35,,n_v,pilot,FORM,,MASTER,0,1,0,,pilot,,,1,0,0,ESDB_V0_4
5245,5360,piss,-11.1209,1,PASS,40,,n_v,piss,LEMMA,vulgar-3,MASTER,0,0,0,,,,,0,0,0,ESDB_V0_4
5246,5361,poster,-11.1209,1,PASS,35,,n,poster,LEMMA,,MASTER,0,1,1,,,,posters,0,1,1,ESDB_V0_4
5247,5362,practically,-11.1209,1,PASS,35,,av,practically,LEMMA,,MASTER,0,0,0,,,,,0,0,0,ESDB_V0_4
5248,5363,prayers,-11.1209,1,PASS,35,,n,prayer,FORM,,MASTER,0,1,0,,prayer,,,1,0,0,ESDB_V0_4
5249,5364,priests,-11.1209,1,PASS,35,,n,priest,FORM,,MASTER,0,1,0,,priest,,,1,0,0,ESDB_V0_4
5250,5365,productivity,-11.1209,1,PASS,35,,n,productivity,LEMMA,,MASTER,0,0,0,,,,,0,0,0,ESDB_V0_4
5251,5366,profession,-11.1209,1,PASS,35,,n,profession,LEMMA,,MASTER,0,1,1,,,,professions,0,1,1,ESDB_V0_4
5252,5367,promoted,-11.1209,1,PASS,35,,v,promote,FORM,,MASTER,0,1,0,,promote,,,1,0,0,ESDB_V0_4
5253,5368,protocol,-11.1209,1,PASS,35,,n,protocol,LEMMA,,MASTER,0,1,1,,,,protocols,0,1,1,ESDB_V0_4
5254,5369,raid,-11.1209,1,PASS,35,,n_v,raid,LEMMA,,MASTER,0,1,1,aid,,,raids,1,1,1,ESDB_V0_4
5255,5370,regulatory,-11.1209,1,PASS,50,,aj,regulatory,LEMMA,,MASTER,0,1,0,,regulator,,,1,0,0,ESDB_V0_4
5256,5371,reign,-11.1209,1,PASS,35,,n_v,reign,LEMMA,,MASTER,0,1,1,,,,reigns,0,1,1,ESDB_V0_4
5257,5372,reminded,-11.1209,1,PASS,35,,v,remind,FORM,,MASTER,0,0,0,,,,,0,0,0,ESDB_V0_4
5258,5373,revised,-11.1209,1,PASS,35,,n_v;aj,revise;revised,FORM;LEMMA,,MASTER,0,1,0,,revise,,,1,0,0,ESDB_V0_4
5259,5374,rifle,-11.1209,1,PASS,35,,n_v,rifle,LEMMA,,MASTER,0,1,1,,,,rifles,0,1,1,ESDB_V0_4
5260,5375,rip,-11.1209,1,PASS,35,40,n_v,rip,LEMMA,,MASTER,0,1,1,,,trip;grip;drip,ripe,0,4,0,ESDB_V0_4
5261,5376,rival,-11.1209,1,PASS,35,,n_v;a,rival,LEMMA,,MASTER,0,1,1,,,,rivals,0,1,1,ESDB_V0_4
5262,5377,robinson,-11.1209,0,NOT_EXACT_EN_US,,,,,,,REJECTED_AUTO,0,0,0,,,,,0,0,0,ESDB_V0_4
5263,5378,rolled,-11.1209,1,PASS,35,,n_v;aj,roll;rolled,FORM;LEMMA,,MASTER,0,0,0,,,,,0,0,0,ESDB_V0_4
5264,5379,rolls,-11.1209,1,PASS,35,,n_v,roll,FORM,,MASTER,0,1,1,,roll,trolls,,1,1,0,ESDB_V0_4
5265,5380,samuel,-11.1209,0,NOT_EXACT_EN_US,,,,,,,REJECTED_AUTO,0,0,0,,,,,0,0,0,ESDB_V0_4
5266,5381,sentences,-11.1209,1,PASS,35,,n_v,sentence,FORM,,MASTER,0,1,0,,sentence,,,1,0,0,ESDB_V0_4
5267,5382,servants,-11.1209,1,PASS,35,,n,servant,FORM,,MASTER,0,1,0,,servant,,,1,0,0,ESDB_V0_4
5268,5383,simultaneously,-11.1209,1,PASS,35,,av,simultaneously,LEMMA,,MASTER,0,0,0,,,,,0,0,0,ESDB_V0_4
5269,5384,specified,-11.1209,1,PASS,35,,aj;v,specified;specify,LEMMA;FORM,,MASTER,0,0,0,,,,,0,0,0,ESDB_V0_4
5270,5385,spy,-11.1209,1,PASS,35,,n_v,spy,LEMMA,,MASTER,0,0,0,,,,,0,0,0,ESDB_V0_4
5271,5386,stealing,-11.1209,1,PASS,35,,n_v;n,steal;stealing,FORM;LEMMA,,MASTER,0,0,0,,,,,0,0,0,ESDB_V0_4
5272,5387,substitute,-11.1209,1,PASS,35,,n_v;aj,substitute,LEMMA,,MASTER,0,1,1,,,,substituted;substitutes,0,2,2,ESDB_V0_4
5273,5388,swift,-11.1209,1,PASS,35,50,n;aj,swift,LEMMA,,MASTER,0,0,0,,,,,0,0,0,ESDB_V0_4
5274,5389,swim,-11.1209,1,PASS,35,,n_v,swim,LEMMA,,MASTER,0,0,0,,,,,0,0,0,ESDB_V0_4
5275,5390,teen,-11.1209,1,PASS,40,,n;aj,teen,LEMMA,,MASTER,0,1,1,,tee,,teens,1,1,1,ESDB_V0_4
5276,5391,theft,-11.1209,1,PASS,35,,n,theft,LEMMA,,MASTER,0,0,0,,,,,0,0,0,ESDB_V0_4
5277,5392,toxic,-11.1209,1,PASS,35,,aj,toxic,LEMMA,,MASTER,0,0,0,,,,,0,0,0,ESDB_V0_4
5278,5393,trapped,-11.1209,1,PASS,35,,n_v;aj,trap;trapped,FORM;LEMMA,,MASTER,0,1,1,,,strapped,,0,1,0,ESDB_V0_4
5279,5394,trucks,-11.1209,1,PASS,35,,n_v,truck,FORM,,MASTER,0,1,0,,truck,,,1,0,0,ESDB_V0_4
5280,5395,twist,-11.1209,1,PASS,35,,n_v,twist,LEMMA,,MASTER,0,1,1,,,,twists,0,1,1,ESDB_V0_4
5281,5396,urgent,-11.1209,1,PASS,35,,aj,urgent,LEMMA,,MASTER,0,0,0,,,,,0,0,0,ESDB_V0_4
5282,5397,va,-11.1209,0,NOT_EXACT_EN_US,,,,,,,REJECTED_AUTO,0,0,0,,,,,0,0,0,ESDB_V0_4
5283,5398,wasted,-11.1209,1,PASS,35,,n_v;aj,waste;wasted,FORM;LEMMA,,MASTER,0,1,0,,waste,,,1,0,0,ESDB_V0_4
5284,5401,aboard,-11.1414,1,PASS,35,,av;pp,aboard,LEMMA,,MASTER,0,1,0,board,,,,1,0,0,ESDB_V0_4
5285,5402,acknowledged,-11.1414,1,PASS,35,,v;aj,acknowledge;acknowledged,FORM;LEMMA,,MASTER,0,1,0,,acknowledge,,,1,0,0,ESDB_V0_4
5286,5403,affects,-11.1414,1,PASS,35,,n_v,affect,FORM,,MASTER,0,1,0,,affect,,,1,0,0,ESDB_V0_4
5287,5404,agreements,-11.1414,1,PASS,35,,n,agreement,FORM,,MASTER,0,1,0,,agreement,,,1,0,0,ESDB_V0_4
5288,5405,associations,-11.1414,1,PASS,35,,n,association,FORM,,MASTER,0,1,0,,association,,,1,0,0,ESDB_V0_4
5289,5406,attributed,-11.1414,1,PASS,35,,n_v,attribute,FORM,,MASTER,0,1,0,,attribute,,,1,0,0,ESDB_V0_4
5290,5407,battles,-11.1414,1,PASS,35,,n_v,battle,FORM,,MASTER,0,1,0,,battle,,,1,0,0,ESDB_V0_4
5291,5408,believing,-11.1414,1,PASS,35,,v;n,believe;believing,FORM;LEMMA,,MASTER,0,0,0,,,,,0,0,0,ESDB_V0_4
5292,5409,biology,-11.1414,1,PASS,35,,n,biology,LEMMA,,MASTER,0,0,0,,,,,0,0,0,ESDB_V0_4
5293,5410,boundary,-11.1414,1,PASS,35,,n,boundary,LEMMA,,MASTER,0,0,0,,,,,0,0,0,ESDB_V0_4
5294,5411,boxing,-11.1414,1,PASS,35,,v;n,box;boxing,FORM;LEMMA,,MASTER,0,0,0,,,,,0,0,0,ESDB_V0_4
5295,5412,brooklyn,-11.1414,0,NOT_EXACT_EN_US,,,,,,,REJECTED_AUTO,0,0,0,,,,,0,0,0,ESDB_V0_4
5296,5413,brush,-11.1414,1,PASS,35,,n_v,brush,LEMMA,,MASTER,0,1,0,rush,,,,1,0,0,ESDB_V0_4
5297,5414,brussels,-11.1414,0,NOT_EXACT_EN_US,,,,,,,REJECTED_AUTO,0,0,0,,,,,0,0,0,ESDB_V0_4
5298,5415,burst,-11.1414,1,PASS,35,,n_v,burst,LEMMA;FORM,,MASTER,0,1,1,,,,bursts,0,1,1,ESDB_V0_4
5299,5416,cabin,-11.1414,1,PASS,35,,n,cabin,LEMMA,,MASTER,0,1,1,,,,cabins,0,1,1,ESDB_V0_4
5300,5417,casino,-11.1414,1,PASS,35,,n,casino,LEMMA,,MASTER,0,1,1,,,,casinos,0,1,1,ESDB_V0_4
5301,5418,certificate,-11.1414,1,PASS,35,,n_v,certificate,LEMMA,,MASTER,0,1,1,,,,certificates,0,1,1,ESDB_V0_4
5302,5419,charlotte,-11.1414,0,NOT_EXACT_EN_US,,,,,,,REJECTED_AUTO,0,0,0,,,,,0,0,0,ESDB_V0_4
5303,5420,clip,-11.1414,1,PASS,35,,n;v,clip,LEMMA,,MASTER,0,1,1,lip,,,clips,1,1,1,ESDB_V0_4
5304,5421,coaches,-11.1414,1,PASS,35,,n_v,coach,FORM,,MASTER,0,0,0,,,,,0,0,0,ESDB_V0_4
5305,5422,cole,-11.1414,0,NOT_EXACT_EN_US,,,,,,,REJECTED_AUTO,0,0,0,,,,,0,0,0,ESDB_V0_4
5306,5423,colours,-11.1414,0,NOT_EXACT_EN_US,,,,,,,REJECTED_AUTO,0,0,0,,,,,0,0,0,ESDB_V0_4
5307,5424,compound,-11.1414,1,PASS,35,,n_v;aj,compound,LEMMA,,MASTER,0,1,1,,,,compounds,0,1,1,ESDB_V0_4
5308,5425,consensus,-11.1414,1,PASS,35,,n,consensus,LEMMA,,MASTER,0,0,0,,,,,0,0,0,ESDB_V0_4
5309,5426,contacts,-11.1414,1,PASS,35,,n_v,contact,FORM,,MASTER,0,1,0,,contact,,,1,0,0,ESDB_V0_4
5310,5427,continent,-11.1414,1,PASS,35,50,n;aj,continent,LEMMA,,MASTER,0,1,1,,,,continents,0,1,1,ESDB_V0_4
5311,5428,controller,-11.1414,1,PASS,35,,n,controller,LEMMA,,MASTER,0,1,1,,,,controllers,0,1,1,ESDB_V0_4
5312,5429,decides,-11.1414,1,PASS,35,,v,decide,FORM,,MASTER,0,1,0,,decide,,,1,0,0,ESDB_V0_4
5313,5430,deleted,-11.1414,1,PASS,35,,v,delete,FORM,,MASTER,0,1,0,,delete,,,1,0,0,ESDB_V0_4
5314,5431,demanded,-11.1414,1,PASS,35,,n_v,demand,FORM,,MASTER,0,0,0,,,,,0,0,0,ESDB_V0_4
5315,5432,deposit,-11.1414,1,PASS,35,,n_v,deposit,LEMMA,,MASTER,0,1,1,,,,deposits,0,1,1,ESDB_V0_4
5316,5433,disgusting,-11.1414,1,PASS,35,,v;aj,disgust;disgusting,FORM;LEMMA,,MASTER,0,0,0,,,,,0,0,0,ESDB_V0_4
5317,5434,dish,-11.1414,1,PASS,35,,n_v,dish,LEMMA,,MASTER,0,1,0,,dis,,,1,0,0,ESDB_V0_4
5318,5435,distinction,-11.1414,1,PASS,35,,n,distinction,LEMMA,,MASTER,0,1,1,,,,distinctions,0,1,1,ESDB_V0_4
5319,5436,eagles,-11.1414,1,PASS,35,,n,eagle,FORM,,MASTER,0,1,0,,eagle,,,1,0,0,ESDB_V0_4
5320,5437,earl,-11.1414,1,PASS,35,50,n,earl,LEMMA,,MASTER,0,1,1,,ear,pearl,early,1,2,0,ESDB_V0_4
5321,5438,elderly,-11.1414,1,PASS,35,,aj,elderly,LEMMA,,MASTER,0,0,0,,,,,0,0,0,ESDB_V0_4
5322,5439,emotion,-11.1414,1,PASS,35,,n,emotion,LEMMA,,MASTER,0,1,1,motion,,,emotions,1,1,1,ESDB_V0_4
5323,5440,encouraging,-11.1414,1,PASS,35,,v;aj,encourage;encouraging,FORM;LEMMA,,MASTER,0,0,0,,,,,0,0,0,ESDB_V0_4
5324,5441,essay,-11.1414,1,PASS,35,,n_v,essay,LEMMA,,MASTER,0,1,1,,,,essays,0,1,1,ESDB_V0_4
5325,5442,feb,-11.1414,0,NOT_EXACT_EN_US,,,,,,,REJECTED_AUTO,0,0,0,,,,,0,0,0,ESDB_V0_4
5326,5443,fifteen,-11.1414,1,PASS,35,,n,fifteen,LEMMA,,MASTER,0,0,0,,,,,0,0,0,ESDB_V0_4
5327,5444,fires,-11.1414,1,PASS,35,,n_v,fire,FORM,,MASTER,0,1,0,,fire,,,1,0,0,ESDB_V0_4
5328,5445,franklin,-11.1414,0,NOT_EXACT_EN_US,,,,,,,REJECTED_AUTO,0,0,0,,,,,0,0,0,ESDB_V0_4
5329,5446,helen,-11.1414,0,NOT_EXACT_EN_US,,,,,,,REJECTED_AUTO,0,0,0,,,,,0,0,0,ESDB_V0_4
5330,5447,humor,-11.1414,1,PASS,35,,n;v,humor,LEMMA,,MASTER,0,0,0,,,,,0,0,0,ESDB_V0_4
5331,5448,implement,-11.1414,1,PASS,35,,n_v,implement,LEMMA,,MASTER,0,1,1,,,,implements,0,1,1,ESDB_V0_4
5332,5449,inflation,-11.1414,1,PASS,35,,n,inflation,LEMMA,,MASTER,0,0,0,,,,,0,0,0,ESDB_V0_4
5333,5450,install,-11.1414,1,PASS,35,,v,install,LEMMA,,MASTER,0,0,0,,,,,0,0,0,ESDB_V0_4
5334,5451,invented,-11.1414,1,PASS,35,,v,invent,FORM,,MASTER,0,0,0,,,,,0,0,0,ESDB_V0_4
5335,5452,jose,-11.1414,0,NOT_EXACT_EN_US,,,,,,,REJECTED_AUTO,0,0,0,,,,,0,0,0,ESDB_V0_4
5336,5453,justify,-11.1414,1,PASS,35,,v,justify,LEMMA,,MASTER,0,0,0,,,,,0,0,0,ESDB_V0_4
5337,5454,laying,-11.1414,1,PASS,35,,n_v;n,lay;laying,FORM;LEMMA,,MASTER,0,1,1,,,playing;slaying,,0,2,0,ESDB_V0_4
5338,5455,lit,-11.1414,1,PASS,35,50,n_v;aj,light;lit,FORM;LEMMA,,MASTER,0,1,1,it,,slit,lite,1,2,0,ESDB_V0_4
5339,5456,maker,-11.1414,1,PASS,35,60,n,maker,LEMMA,,MASTER,0,1,1,,make,,makers,1,1,1,ESDB_V0_4
5340,5457,marathon,-11.1414,1,PASS,35,50,n;a,marathon,LEMMA,,MASTER,0,0,0,,,,,0,0,0,ESDB_V0_4
5341,5458,medication,-11.1414,1,PASS,35,,n,medication,LEMMA,,MASTER,0,1,1,,,,medications,0,1,1,ESDB_V0_4
5342,5459,migration,-11.1414,1,PASS,35,,n,migration,LEMMA,,MASTER,0,1,1,,,emigration,,0,1,0,ESDB_V0_4
5343,5460,milan,-11.1414,0,NOT_EXACT_EN_US,,,,,,,REJECTED_AUTO,0,0,0,,,,,0,0,0,ESDB_V0_4
5344,5461,nov,-11.1414,0,NOT_EXACT_EN_US,,,,,,,REJECTED_AUTO,0,0,0,,,,,0,0,0,ESDB_V0_4
5345,5462,operators,-11.1414,1,PASS,35,,n,operator,FORM,,MASTER,0,1,0,,operator,,,1,0,0,ESDB_V0_4
5346,5463,ours,-11.1414,1,PASS,35,,pn,we,FORM,,MASTER,0,1,1,,our,hours;yours;tours,,1,3,0,ESDB_V0_4
5347,5464,peer,-11.1414,1,PASS,35,,n_v,peer,LEMMA,,MASTER,0,1,1,,pee,,peers,1,1,1,ESDB_V0_4
5348,5465,photographer,-11.1414,1,PASS,35,,n,photographer,LEMMA,,MASTER,0,1,1,,,,photographers,0,1,1,ESDB_V0_4
5349,5466,qualify,-11.1414,1,PASS,35,,v,qualify,LEMMA,,MASTER,0,0,0,,,,,0,0,0,ESDB_V0_4
5350,5467,ratings,-11.1414,1,PASS,35,,n,rating,FORM,,MASTER,0,1,0,,rating,,,1,0,0,ESDB_V0_4
5351,5468,realistic,-11.1414,1,PASS,35,,aj,realistic,LEMMA,,MASTER,0,0,0,,,,,0,0,0,ESDB_V0_4
5352,5469,recipe,-11.1414,1,PASS,35,,n,recipe,LEMMA,,MASTER,0,1,1,,,,recipes,0,1,1,ESDB_V0_4
5353,5470,reserved,-11.1414,1,PASS,35,,n_v;aj,reserve;reserved,FORM;LEMMA,,MASTER,0,1,1,,reserve,preserved,,1,1,0,ESDB_V0_4
5354,5471,respected,-11.1414,1,PASS,35,,n_v;aj,respect;respected,FORM;LEMMA,,MASTER,0,0,0,,,,,0,0,0,ESDB_V0_4
5355,5472,respective,-11.1414,1,PASS,35,,aj,respective,LEMMA,,MASTER,0,0,0,,,,,0,0,0,ESDB_V0_4
5356,5473,reviewed,-11.1414,1,PASS,35,,n_v,review,FORM,,MASTER,0,0,0,,,,,0,0,0,ESDB_V0_4
5357,5474,sandy,-11.1414,1,PASS,35,50,aj,sandy,LEMMA,,MASTER,0,1,0,,sand,,,1,0,0,ESDB_V0_4
5358,5475,sentenced,-11.1414,1,PASS,35,,n_v,sentence,FORM,,MASTER,0,1,0,,sentence,,,1,0,0,ESDB_V0_4
5359,5476,servant,-11.1414,1,PASS,35,,n,servant,LEMMA,,MASTER,0,1,1,,,,servants,0,1,1,ESDB_V0_4
5360,5477,shirts,-11.1414,1,PASS,35,,n,shirt,FORM,,MASTER,0,1,0,,shirt,,,1,0,0,ESDB_V0_4
5361,5478,shoe,-11.1414,1,PASS,35,,n;v,shoe,LEMMA,,MASTER,0,1,1,,,,shoes,0,1,1,ESDB_V0_4
5362,5479,sizes,-11.1414,1,PASS,35,,n_v,size,FORM,,MASTER,0,1,0,,size,,,1,0,0,ESDB_V0_4
5363,5480,sony,-11.1414,0,NOT_EXACT_EN_US,,,,,,,REJECTED_AUTO,0,0,0,,,,,0,0,0,ESDB_V0_4
5364,5481,sue,-11.1414,1,PASS,35,50,v,sue,LEMMA,,MASTER,0,1,1,,,,sued,0,1,1,ESDB_V0_4
5365,5482,sustainable,-11.1414,1,PASS,35,,aj,sustainable,LEMMA,,MASTER,0,0,0,,,,,0,0,0,ESDB_V0_4
5366,5483,tl,-11.1414,0,NOT_EXACT_EN_US,,,,,,,REJECTED_AUTO,0,0,0,,,,,0,0,0,ESDB_V0_4
5367,5484,uncomfortable,-11.1414,1,PASS,35,,aj,uncomfortable,LEMMA,,MASTER,0,0,0,,,,,0,0,0,ESDB_V0_4
5368,5485,upgrade,-11.1414,1,PASS,35,,n_v;a,upgrade,LEMMA,,MASTER,0,1,1,,,,upgraded;upgrades,0,2,2,ESDB_V0_4
5369,5486,vincent,-11.1414,0,NOT_EXACT_EN_US,,,,,,,REJECTED_AUTO,0,0,0,,,,,0,0,0,ESDB_V0_4
5370,5487,violation,-11.1414,1,PASS,35,,n,violation,LEMMA,,MASTER,0,1,1,,,,violations,0,1,1,ESDB_V0_4
5371,5488,warren,-11.1414,1,PASS,35,50,n,warren,LEMMA,,MASTER,0,0,0,,,,,0,0,0,ESDB_V0_4
5372,5489,warrior,-11.1414,1,PASS,35,,n,warrior,LEMMA,,MASTER,0,1,1,,,,warriors,0,1,1,ESDB_V0_4
5373,5490,worries,-11.1414,1,PASS,35,,n_v,worry,FORM,,MASTER,0,0,0,,,,,0,0,0,ESDB_V0_4
5374,5492,acknowledge,-11.1693,1,PASS,35,,v,acknowledge,LEMMA,,MASTER,0,1,1,,,,acknowledged;acknowledges,0,2,2,ESDB_V0_4
5375,5493,anonymous,-11.1693,1,PASS,35,,aj,anonymous,LEMMA,,MASTER,0,0,0,,,,,0,0,0,ESDB_V0_4
5376,5494,antonio,-11.1693,0,NOT_EXACT_EN_US,,,,,,,REJECTED_AUTO,0,0,0,,,,,0,0,0,ESDB_V0_4
5377,5495,arrow,-11.1693,1,PASS,35,,n,arrow,LEMMA,,MASTER,0,1,1,,,narrow;marrow;barrow,arrows,0,4,1,ESDB_V0_4
5378,5496,assignment,-11.1693,1,PASS,35,,n,assignment,LEMMA,,MASTER,0,1,1,,,,assignments,0,1,1,ESDB_V0_4
5379,5497,aw,-11.1693,1,PASS,40,,i,aw,LEMMA,,MASTER,0,1,1,,a,law;saw;raw;jaw;paw,awe,1,6,0,ESDB_V0_4
5380,5498,awake,-11.1693,1,PASS,35,,v;aj,awake,LEMMA,,MASTER,0,1,1,wake,,,awaken,1,1,0,ESDB_V0_4
5381,5499,backup,-11.1693,1,PASS,40,,n;a,backup,LEMMA,,MASTER,0,0,0,,,,,0,0,0,ESDB_V0_4
5382,5500,beloved,-11.1693,1,PASS,35,,n,beloved,LEMMA,,MASTER,0,0,0,,,,,0,0,0,ESDB_V0_4
5383,5501,benjamin,-11.1693,0,NOT_EXACT_EN_US,,,,,,,REJECTED_AUTO,0,0,0,,,,,0,0,0,ESDB_V0_4
5384,5502,bias,-11.1693,1,PASS,35,,n;v;aj,bias,LEMMA,,MASTER,0,0,0,,,,,0,0,0,ESDB_V0_4
5385,5503,bits,-11.1693,1,PASS,35,,n,bit,FORM,,MASTER,0,1,0,its,bit,,,2,0,0,ESDB_V0_4
5386,5504,bottles,-11.1693,1,PASS,35,,n_v,bottle,FORM,,MASTER,0,1,0,,bottle,,,1,0,0,ESDB_V0_4
5387,5505,certified,-11.1693,1,PASS,35,,aj;v,certified;certify,LEMMA;FORM,,MASTER,0,0,0,,,,,0,0,0,ESDB_V0_4
5388,5506,civilians,-11.1693,1,PASS,35,,n,civilian,FORM,,MASTER,0,1,0,,civilian,,,1,0,0,ESDB_V0_4
5389,5507,cleveland,-11.1693,0,NOT_EXACT_EN_US,,,,,,,REJECTED_AUTO,0,0,0,,,,,0,0,0,ESDB_V0_4
5390,5508,clue,-11.1693,1,PASS,35,,n_v,clue,LEMMA,,MASTER,0,1,1,,,,clues,0,1,1,ESDB_V0_4
5391,5509,coin,-11.1693,1,PASS,35,,n_v;a,coin,LEMMA,,MASTER,0,1,1,,,,coins,0,1,1,ESDB_V0_4
5392,5510,collections,-11.1693,1,PASS,35,,n,collection,FORM,,MASTER,0,1,0,,collection,,,1,0,0,ESDB_V0_4
5393,5511,consequence,-11.1693,1,PASS,35,,n,consequence,LEMMA,,MASTER,0,1,1,,,,consequences,0,1,1,ESDB_V0_4
5394,5512,craig,-11.1693,0,NOT_EXACT_EN_US,,,,,,,REJECTED_AUTO,0,0,0,,,,,0,0,0,ESDB_V0_4
5395,5513,depressed,-11.1693,1,PASS,35,,v;aj,depress;depressed,FORM;LEMMA,,MASTER,0,0,0,,,,,0,0,0,ESDB_V0_4
5396,5514,dining,-11.1693,1,PASS,35,,v;n,dine;dining,FORM;LEMMA,,MASTER,0,0,0,,,,,0,0,0,ESDB_V0_4
5397,5515,dj,-11.1693,0,NOT_EXACT_EN_US,,,,,,,REJECTED_AUTO,0,0,0,,,,,0,0,0,ESDB_V0_4
5398,5516,earnings,-11.1693,1,PASS,35,,n,earning;earnings,FORM;LEMMA,,MASTER,0,1,0,,earning,,,1,0,0,ESDB_V0_4
5399,5517,farmer,-11.1693,1,PASS,35,50,n,farmer,LEMMA,,MASTER,0,1,1,,,,farmers,0,1,1,ESDB_V0_4
5400,5518,gentleman,-11.1693,1,PASS,35,,n,gentleman,LEMMA,,MASTER,0,0,0,,,,,0,0,0,ESDB_V0_4
5401,5519,glasgow,-11.1693,0,NOT_EXACT_EN_US,,,,,,,REJECTED_AUTO,0,0,0,,,,,0,0,0,ESDB_V0_4
5402,5520,goodness,-11.1693,1,PASS,35,,n;i,goodness,LEMMA,,MASTER,0,0,0,,,,,0,0,0,ESDB_V0_4
5403,5521,harper,-11.1693,0,NOT_EXACT_EN_US,,,,,,,REJECTED_AUTO,0,0,0,,,,,0,0,0,ESDB_V0_4
5404,5522,harsh,-11.1693,1,PASS,35,,aj,harsh,LEMMA,,MASTER,0,0,0,,,,,0,0,0,ESDB_V0_4
5405,5523,holder,-11.1693,1,PASS,35,50,n,holder,LEMMA,,MASTER,0,1,1,older,,,holders,1,1,1,ESDB_V0_4
5406,5524,horn,-11.1693,1,PASS,35,50,n;a,horn,LEMMA,,MASTER,0,1,1,,,thorn,horns;horny,0,3,1,ESDB_V0_4
5407,5525,instruction,-11.1693,1,PASS,35,,n,instruction,LEMMA,,MASTER,0,1,1,,,,instructions,0,1,1,ESDB_V0_4
5408,5526,intensity,-11.1693,1,PASS,35,,n,intensity,LEMMA,,MASTER,0,0,0,,,,,0,0,0,ESDB_V0_4
5409,5527,invested,-11.1693,1,PASS,35,,v,invest,FORM,,MASTER,0,0,0,,,,,0,0,0,ESDB_V0_4
5410,5528,invitation,-11.1693,1,PASS,35,,n,invitation,LEMMA,,MASTER,0,1,1,,,,invitations,0,1,1,ESDB_V0_4
5411,5529,iranian,-11.1693,0,NOT_EXACT_EN_US,,,,,,,REJECTED_AUTO,0,0,0,,,,,0,0,0,ESDB_V0_4
5412,5530,jake,-11.1693,0,NOT_EXACT_EN_US,,,,,,,REJECTED_AUTO,0,0,0,,,,,0,0,0,ESDB_V0_4
5413,5531,lap,-11.1693,1,PASS,35,,n_v,lap,LEMMA,,MASTER,0,1,1,,,slap;flap;clap,laps,0,4,1,ESDB_V0_4
5414,5532,lions,-11.1693,1,PASS,35,,n,lion,FORM,,MASTER,0,1,0,ions,lion,,,2,0,0,ESDB_V0_4
5415,5533,manufacturer,-11.1693,1,PASS,35,,n,manufacturer,LEMMA,,MASTER,0,1,1,,manufacture,,manufacturers,1,1,1,ESDB_V0_4
5416,5534,mere,-11.1693,1,PASS,35,,n;aj,mere,LEMMA,,MASTER,0,0,0,,,,,0,0,0,ESDB_V0_4
5417,5535,mg,-11.1693,0,NO_ESDB_GENERAL_EVIDENCE,,,,,,,REJECTED_AUTO,0,0,0,,,,,0,0,0,ESDB_V0_4
5418,5536,mysterious,-11.1693,1,PASS,35,,aj,mysterious,LEMMA,,MASTER,0,0,0,,,,,0,0,0,ESDB_V0_4
5419,5537,namely,-11.1693,1,PASS,35,,av,namely,LEMMA,,MASTER,0,0,0,,,,,0,0,0,ESDB_V0_4
5420,5538,nova,-11.1693,1,PASS,35,50,n,nova,LEMMA,,MASTER,0,0,0,,,,,0,0,0,ESDB_V0_4
5421,5539,oregon,-11.1693,0,NOT_EXACT_EN_US,,,,,,,REJECTED_AUTO,0,0,0,,,,,0,0,0,ESDB_V0_4
5422,5540,orientation,-11.1693,1,PASS,35,,n,orientation,LEMMA,,MASTER,0,0,0,,,,,0,0,0,ESDB_V0_4
5423,5541,pairs,-11.1693,1,PASS,35,,n;v,pair,FORM,,MASTER,0,1,0,airs,pair,,,2,0,0,ESDB_V0_4
5424,5542,paragraph,-11.1693,1,PASS,35,,n_v,paragraph,LEMMA,,MASTER,0,1,1,,,,paragraphs,0,1,1,ESDB_V0_4
5425,5543,portfolio,-11.1693,1,PASS,35,,n,portfolio,LEMMA,,MASTER,0,1,1,,,,portfolios,0,1,1,ESDB_V0_4
5426,5544,preserved,-11.1693,1,PASS,35,,n_v;aj,preserve;preserved,FORM;LEMMA,,MASTER,0,1,0,reserved,preserve,,,2,0,0,ESDB_V0_4
5427,5545,prevented,-11.1693,1,PASS,35,,v,prevent,FORM,,MASTER,0,0,0,,,,,0,0,0,ESDB_V0_4
5428,5546,programmes,-11.1693,0,NOT_EXACT_EN_US,,,,,,,REJECTED_AUTO,0,0,0,,,,,0,0,0,ESDB_V0_4
5429,5547,prosecution,-11.1693,1,PASS,35,,n,prosecution,LEMMA,,MASTER,0,1,1,,,,prosecutions,0,1,1,ESDB_V0_4
5430,5548,reflects,-11.1693,1,PASS,35,,v,reflect,FORM,,MASTER,0,1,0,,reflect,,,1,0,0,ESDB_V0_4
5431,5549,resist,-11.1693,1,PASS,35,,n_v,resist,LEMMA,,MASTER,0,0,0,,,,,0,0,0,ESDB_V0_4
5432,5550,resolved,-11.1693,1,PASS,35,,n_v;aj,resolve;resolved,FORM;LEMMA,,MASTER,0,1,0,,resolve,,,1,0,0,ESDB_V0_4
5433,5551,responsibilities,-11.1693,1,PASS,35,,n,responsibility,FORM,,MASTER,0,0,0,,,,,0,0,0,ESDB_V0_4
5434,5552,seeks,-11.1693,1,PASS,35,,v,seek,FORM,,MASTER,0,1,0,,seek,,,1,0,0,ESDB_V0_4
5435,5553,sends,-11.1693,1,PASS,35,,v,send,FORM,,MASTER,0,1,0,ends,send,,,2,0,0,ESDB_V0_4
5436,5554,sheets,-11.1693,1,PASS,35,,n,sheet,FORM,,MASTER,0,1,0,,sheet,,,1,0,0,ESDB_V0_4
5437,5555,shoulders,-11.1693,1,PASS,35,,n_v,shoulder,FORM,,MASTER,0,1,0,,shoulder,,,1,0,0,ESDB_V0_4
5438,5556,sink,-11.1693,1,PASS,35,,n_v,sink,LEMMA,,MASTER,0,1,1,ink,sin,,sinks,2,1,1,ESDB_V0_4
5439,5557,soap,-11.1693,1,PASS,35,,n_v,soap,LEMMA,,MASTER,0,0,0,,,,,0,0,0,ESDB_V0_4
5440,5558,spirits,-11.1693,1,PASS,35,,n_v,spirit,FORM,,MASTER,0,1,0,,spirit,,,1,0,0,ESDB_V0_4
5441,5559,stairs,-11.1693,1,PASS,35,,n,stair,FORM,,MASTER,0,0,0,,,,,0,0,0,ESDB_V0_4
5442,5560,stake,-11.1693,1,PASS,35,,n_v,stake,LEMMA,,MASTER,0,1,1,take,,,stakes,1,1,1,ESDB_V0_4
5443,5561,stanley,-11.1693,0,NOT_EXACT_EN_US,,,,,,,REJECTED_AUTO,0,0,0,,,,,0,0,0,ESDB_V0_4
5444,5562,stepped,-11.1693,1,PASS,35,,n_v,step,FORM,,MASTER,0,0,0,,,,,0,0,0,ESDB_V0_4
5445,5563,surrender,-11.1693,1,PASS,35,,n_v,surrender,LEMMA,,MASTER,0,0,0,,,,,0,0,0,ESDB_V0_4
5446,5564,til,-11.1693,1,PASS,60,,m,til,LEMMA,,MASTER,0,1,1,,,,till;tile;tilt,0,3,0,ESDB_V0_4
5447,5565,ultra,-11.1693,1,PASS,35,,n;aj,ultra,LEMMA,,MASTER,0,0,0,,,,,0,0,0,ESDB_V0_4
5448,5566,vegetables,-11.1693,1,PASS,35,,n,vegetable,FORM,,MASTER,0,1,0,,vegetable,,,1,0,0,ESDB_V0_4
5449,5567,wtf,-11.1693,0,NOT_EXACT_EN_US,,,,,,,REJECTED_AUTO,0,0,0,,,,,0,0,0,ESDB_V0_4
5450,5569,accidents,-11.1908,1,PASS,35,,n,accident,FORM,,MASTER,0,1,0,,accident,,,1,0,0,ESDB_V0_4
5451,5570,achievements,-11.1908,1,PASS,35,,n,achievement,FORM,,MASTER,0,1,0,,achievement,,,1,0,0,ESDB_V0_4
5452,5571,amy,-11.1908,0,NOT_EXACT_EN_US,,,,,,,REJECTED_AUTO,0,0,0,,,,,0,0,0,ESDB_V0_4
5453,5572,assumption,-11.1908,1,PASS,35,,n,assumption,LEMMA,,MASTER,0,1,1,,,,assumptions,0,1,1,ESDB_V0_4
5454,5573,baker,-11.1908,1,PASS,35,50,n,baker,LEMMA,,MASTER,0,1,1,,bake,,bakery,1,1,0,ESDB_V0_4
5455,5574,beds,-11.1908,1,PASS,35,,n_v,bed,FORM,,MASTER,0,1,0,eds,bed,,,2,0,0,ESDB_V0_4
5456,5575,blade,-11.1908,1,PASS,35,,n,blade,LEMMA,,MASTER,0,1,1,,,,blades,0,1,1,ESDB_V0_4
5457,5576,bless,-11.1908,1,PASS,35,,v,bless,LEMMA,,MASTER,0,1,0,less,,,,1,0,0,ESDB_V0_4
5458,5577,breakdown,-11.1908,1,PASS,35,,n,breakdown,LEMMA,,MASTER,0,0,0,,,,,0,0,0,ESDB_V0_4
5459,5578,breeding,-11.1908,1,PASS,35,,n_v;n,breed;breeding,FORM;LEMMA,,MASTER,0,0,0,,,,,0,0,0,ESDB_V0_4
5460,5579,cancel,-11.1908,1,PASS,35,,v,cancel,LEMMA,,MASTER,0,0,0,,,,,0,0,0,ESDB_V0_4
5461,5580,caring,-11.1908,1,PASS,35,,n_v;n,care;caring,FORM;LEMMA,,MASTER,0,0,0,,,,,0,0,0,ESDB_V0_4
5462,5581,catherine,-11.1908,0,NOT_EXACT_EN_US,,,,,,,REJECTED_AUTO,0,0,0,,,,,0,0,0,ESDB_V0_4
5463,5582,cc,-11.1908,0,NO_ESDB_GENERAL_EVIDENCE,,,,,,,REJECTED_AUTO,0,0,0,,,,,0,0,0,ESDB_V0_4
5464,5583,charm,-11.1908,1,PASS,35,,n_v,charm,LEMMA,,MASTER,0,1,1,harm,char,,charms,2,1,1,ESDB_V0_4
5465,5584,cheating,-11.1908,1,PASS,35,,n_v;n;aj,cheat;cheating,FORM;LEMMA,,MASTER,0,1,0,heating,,,,1,0,0,ESDB_V0_4
5466,5585,cherry,-11.1908,1,PASS,35,50,n;aj,cherry,LEMMA,,MASTER,0,0,0,,,,,0,0,0,ESDB_V0_4
5467,5586,circles,-11.1908,1,PASS,35,,n_v,circle,FORM,,MASTER,0,1,0,,circle,,,1,0,0,ESDB_V0_4
5468,5587,coaching,-11.1908,1,PASS,35,,n_v,coach,FORM,,MASTER,0,0,0,,,,,0,0,0,ESDB_V0_4
5469,5588,colleges,-11.1908,1,PASS,35,,n,college,FORM,,MASTER,0,1,0,,college,,,1,0,0,ESDB_V0_4
5470,5589,competitors,-11.1908,1,PASS,35,,n,competitor,FORM,,MASTER,0,1,0,,competitor,,,1,0,0,ESDB_V0_4
5471,5590,convert,-11.1908,1,PASS,35,,n_v,convert,LEMMA,,MASTER,0,1,1,,,,converts,0,1,1,ESDB_V0_4
5472,5591,crush,-11.1908,1,PASS,35,,n_v,crush,LEMMA,,MASTER,0,1,0,rush,,,,1,0,0,ESDB_V0_4
5473,5592,curve,-11.1908,1,PASS,35,,n_v,curve,LEMMA,,MASTER,0,1,1,,,,curves;curved,0,2,2,ESDB_V0_4
5474,5593,dealer,-11.1908,1,PASS,35,,n,dealer,LEMMA,,MASTER,0,1,1,,,,dealers,0,1,1,ESDB_V0_4
5475,5594,demanding,-11.1908,1,PASS,35,,n_v;aj,demand;demanding,FORM;LEMMA,,MASTER,0,0,0,,,,,0,0,0,ESDB_V0_4
5476,5595,den,-11.1908,1,PASS,35,,n,den,LEMMA,,MASTER,0,1,1,en,,,deny;dent,1,2,0,ESDB_V0_4
5477,5596,determining,-11.1908,1,PASS,35,,v;aj,determine;determining,FORM;LEMMA,,MASTER,0,0,0,,,,,0,0,0,ESDB_V0_4
5478,5597,developer,-11.1908,1,PASS,35,,n,developer,LEMMA,,MASTER,0,1,1,,,,developers,0,1,1,ESDB_V0_4
5479,5598,dishes,-11.1908,1,PASS,35,,n_v,dish,FORM,,MASTER,0,0,0,,,,,0,0,0,ESDB_V0_4
5480,5599,earliest,-11.1908,1,PASS,35,,aj_av,early,FORM,,MASTER,0,0,0,,,,,0,0,0,ESDB_V0_4
5481,5600,eaten,-11.1908,1,PASS,35,,v,eat,FORM,,MASTER,0,1,1,,,beaten,,0,1,0,ESDB_V0_4
5482,5601,eliminate,-11.1908,1,PASS,35,,v,eliminate,LEMMA,,MASTER,0,1,1,,,,eliminated;eliminates,0,2,2,ESDB_V0_4
5483,5602,enabled,-11.1908,1,PASS,35,,v,enable,FORM,,MASTER,0,1,0,,enable,,,1,0,0,ESDB_V0_4
5484,5603,exports,-11.1908,1,PASS,35,,n_v,export,FORM,,MASTER,0,1,0,,export,,,1,0,0,ESDB_V0_4
5485,5604,generic,-11.1908,1,PASS,35,,n;aj,generic,LEMMA,,MASTER,0,0,0,,,,,0,0,0,ESDB_V0_4
5486,5605,grants,-11.1908,1,PASS,35,,n_v,grant,FORM,,MASTER,0,1,0,,grant,,,1,0,0,ESDB_V0_4
5487,5606,graphics,-11.1908,1,PASS,35,,n,graphic,FORM,,MASTER,0,1,0,,graphic,,,1,0,0,ESDB_V0_4
5488,5607,habitat,-11.1908,1,PASS,35,,n,habitat,LEMMA,,MASTER,0,1,1,,,,habitats,0,1,1,ESDB_V0_4
5489,5608,highlight,-11.1908,1,PASS,35,,n_v,highlight,LEMMA,,MASTER,0,1,1,,,,highlights,0,1,1,ESDB_V0_4
5490,5609,import,-11.1908,1,PASS,35,,n_v,import,LEMMA,,MASTER,0,1,1,,,,imports,0,1,1,ESDB_V0_4
5491,5610,introducing,-11.1908,1,PASS,35,,v,introduce,FORM,,MASTER,0,0,0,,,,,0,0,0,ESDB_V0_4
5492,5611,inventory,-11.1908,1,PASS,35,,n_v,inventory,LEMMA,,MASTER,0,1,0,,inventor,,,1,0,0,ESDB_V0_4
5493,5612,ip,-11.1908,0,NOT_EXACT_EN_US,,,,,,,REJECTED_AUTO,0,0,0,,,,,0,0,0,ESDB_V0_4
5494,5613,jamie,-11.1908,0,NOT_EXACT_EN_US,,,,,,,REJECTED_AUTO,0,0,0,,,,,0,0,0,ESDB_V0_4
5495,5614,jennifer,-11.1908,0,NOT_EXACT_EN_US,,,,,,,REJECTED_AUTO,0,0,0,,,,,0,0,0,ESDB_V0_4
5496,5615,jungle,-11.1908,1,PASS,35,,n,jungle,LEMMA,,MASTER,0,0,0,,,,,0,0,0,ESDB_V0_4
5497,5616,lasted,-11.1908,1,PASS,35,,n_v,last,FORM,,MASTER,0,1,1,,,blasted,,0,1,0,ESDB_V0_4
5498,5617,lecture,-11.1908,1,PASS,35,,n_v,lecture,LEMMA,,MASTER,0,1,1,,,,lectures;lecturer,0,2,1,ESDB_V0_4
5499,5618,legendary,-11.1908,1,PASS,35,,aj,legendary,LEMMA,,MASTER,0,0,0,,,,,0,0,0,ESDB_V0_4
5500,5619,liability,-11.1908,1,PASS,35,,n,liability,LEMMA,,MASTER,0,0,0,,,,,0,0,0,ESDB_V0_4
5501,5620,limitations,-11.1908,1,PASS,35,,n,limitation,FORM,,MASTER,0,1,0,,limitation,,,1,0,0,ESDB_V0_4
5502,5621,mathematics,-11.1908,1,PASS,35,,n,mathematics,LEMMA,,MASTER,0,0,0,,,,,0,0,0,ESDB_V0_4
5503,5622,meaningful,-11.1908,1,PASS,35,,aj,meaningful,LEMMA,,MASTER,0,0,0,,,,,0,0,0,ESDB_V0_4
5504,5623,mentally,-11.1908,1,PASS,35,,av,mentally,LEMMA,,MASTER,0,0,0,,,,,0,0,0,ESDB_V0_4
5505,5624,mighty,-11.1908,1,PASS,35,,aj_av,mighty,LEMMA,,MASTER,0,1,0,,might,,,1,0,0,ESDB_V0_4
5506,5625,nerve,-11.1908,1,PASS,35,,n_v,nerve,LEMMA,,MASTER,0,1,1,,,,nerves,0,1,1,ESDB_V0_4
5507,5626,nurses,-11.1908,1,PASS,35,,n_v,nurse,FORM,,MASTER,0,1,0,,nurse,,,1,0,0,ESDB_V0_4
5508,5627,operates,-11.1908,1,PASS,35,,v,operate,FORM,,MASTER,0,1,0,,operate,,,1,0,0,ESDB_V0_4
5509,5628,os,-11.1908,0,NOT_EXACT_EN_US,,,,,,,REJECTED_AUTO,0,0,0,,,,,0,0,0,ESDB_V0_4
5510,5629,participating,-11.1908,1,PASS,35,,v;aj,participate;participating,FORM;LEMMA,,MASTER,0,0,0,,,,,0,0,0,ESDB_V0_4
5511,5630,picks,-11.1908,1,PASS,35,,n_v,pick,FORM,,MASTER,0,1,0,,pick,,,1,0,0,ESDB_V0_4
5512,5631,pics,-11.1908,1,PASS,60,,n,pic,FORM,,MASTER,0,1,0,,pic,,,1,0,0,ESDB_V0_4
5513,5632,placing,-11.1908,1,PASS,35,,n_v;n,place;placing,FORM;LEMMA,,MASTER,0,0,0,,,,,0,0,0,ESDB_V0_4
5514,5633,presidency,-11.1908,1,PASS,35,,n,presidency,LEMMA,,MASTER,0,1,0,residency,,,,1,0,0,ESDB_V0_4
5515,5634,protective,-11.1908,1,PASS,35,,aj,protective,LEMMA,,MASTER,0,0,0,,,,,0,0,0,ESDB_V0_4
5516,5635,racism,-11.1908,1,PASS,35,,n,racism,LEMMA,,MASTER,0,0,0,,,,,0,0,0,ESDB_V0_4
5517,5636,react,-11.1908,1,PASS,35,,v,react,LEMMA,,MASTER,0,1,1,,,,reacts,0,1,1,ESDB_V0_4
5518,5637,restoration,-11.1908,1,PASS,35,60,n,restoration,LEMMA,,MASTER,0,0,0,,,,,0,0,0,ESDB_V0_4
5519,5638,retained,-11.1908,1,PASS,35,,v;aj,retain;retained,FORM;LEMMA,,MASTER,0,0,0,,,,,0,0,0,ESDB_V0_4
5520,5639,scholars,-11.1908,1,PASS,35,,n,scholar,FORM,,MASTER,0,1,0,,scholar,,,1,0,0,ESDB_V0_4
5521,5640,shy,-11.1908,1,PASS,35,,n_v;aj,shy,LEMMA,,MASTER,0,1,0,,sh,,,1,0,0,ESDB_V0_4
5522,5641,skilled,-11.1908,1,PASS,35,,aj,skilled,LEMMA,,MASTER,0,1,0,killed,,,,1,0,0,ESDB_V0_4
5523,5642,slavery,-11.1908,1,PASS,35,,n,slavery,LEMMA,,MASTER,0,0,0,,,,,0,0,0,ESDB_V0_4
5524,5643,slaves,-11.1908,1,PASS,35,,n_v,slave,FORM,,MASTER,0,1,0,,slave,,,1,0,0,ESDB_V0_4
5525,5644,smiling,-11.1908,1,PASS,35,,n_v;n;aj,smile;smiling,FORM;LEMMA,,MASTER,0,0,0,,,,,0,0,0,ESDB_V0_4
5526,5645,strain,-11.1908,1,PASS,35,,n_v,strain,LEMMA,,MASTER,0,1,1,train,,,strains,1,1,1,ESDB_V0_4
5527,5646,strangers,-11.1908,1,PASS,35,,n,stranger,FORM,,MASTER,0,1,0,,stranger,,,1,0,0,ESDB_V0_4
5528,5647,tends,-11.1908,1,PASS,35,,v,tend,FORM,,MASTER,0,1,0,ends,tend,,,2,0,0,ESDB_V0_4
5529,5648,trusted,-11.1908,1,PASS,35,,n_v;aj,trust;trusted,FORM;LEMMA,,MASTER,0,0,0,,,,,0,0,0,ESDB_V0_4
5530,5649,twins,-11.1908,1,PASS,35,,n_v;n,twin;twins,FORM;LEMMA,,MASTER,0,1,0,wins,twin,,,2,0,0,ESDB_V0_4
5531,5650,unfair,-11.1908,1,PASS,35,,aj,unfair,LEMMA,,MASTER,0,0,0,,,,,0,0,0,ESDB_V0_4
5532,5651,urge,-11.1908,1,PASS,35,,n_v,urge,LEMMA,,MASTER,0,1,1,,,surge;purge,urged;urges,0,4,2,ESDB_V0_4
5533,5652,venue,-11.1908,1,PASS,35,,n,venue,LEMMA,,MASTER,0,1,1,,,avenue,venues,0,2,1,ESDB_V0_4
5534,5653,voluntary,-11.1908,1,PASS,35,,n;aj,voluntary,LEMMA,,MASTER,0,0,0,,,,,0,0,0,ESDB_V0_4
5535,5654,wright,-11.1908,1,PASS,35,50,n,wright,LEMMA,,MASTER,0,1,0,right,,,,1,0,0,ESDB_V0_4
5536,5656,acquire,-11.2128,1,PASS,35,,v,acquire,LEMMA,,MASTER,0,1,1,,,,acquired;acquires,0,2,2,ESDB_V0_4
5537,5657,addresses,-11.2128,1,PASS,35,,n_v,address,FORM,,MASTER,0,0,0,,,,,0,0,0,ESDB_V0_4
5538,5658,advisory,-11.2128,1,PASS,35,,n;aj,advisory,LEMMA,,MASTER,0,1,0,,advisor,,,1,0,0,ESDB_V0_4
5539,5659,anime,-11.2128,0,SPECIAL_ONLY,50,,n,anime,LEMMA,,REJECTED_AUTO,0,0,0,,,,,0,0,0,ESDB_V0_4
5540,5660,apologize,-11.2128,1,PASS,35,,v,apologize,LEMMA,,MASTER,0,1,1,,,,apologized,0,1,1,ESDB_V0_4
5541,5661,ash,-11.2128,1,PASS,35,,n,ash,LEMMA,,MASTER,0,1,1,sh,as,cash;wash;dash;bash;rash;hash;mash;lash,,2,8,0,ESDB_V0_4
5542,5662,baltimore,-11.2128,0,NOT_EXACT_EN_US,,,,,,,REJECTED_AUTO,0,0,0,,,,,0,0,0,ESDB_V0_4
5543,5663,barrel,-11.2128,1,PASS,35,,n_v,barrel,LEMMA,,MASTER,0,1,1,,,,barrels,0,1,1,ESDB_V0_4
5544,5664,basin,-11.2128,1,PASS,35,,n,basin,LEMMA,,MASTER,0,1,1,,,,basins;basing,0,2,1,ESDB_V0_4
5545,5665,beta,-11.2128,1,PASS,35,,n,beta,LEMMA,,MASTER,0,1,0,,bet,,,1,0,0,ESDB_V0_4
5546,5666,binding,-11.2128,1,PASS,35,,n_v;n,bind;binding,FORM;LEMMA,,MASTER,0,0,0,,,,,0,0,0,ESDB_V0_4
5547,5667,catching,-11.2128,1,PASS,35,,n_v;n;aj,catch;catching,FORM;LEMMA,,MASTER,0,0,0,,,,,0,0,0,ESDB_V0_4
5548,5668,chancellor,-11.2128,1,PASS,35,,n,chancellor,LEMMA,,MASTER,0,0,0,,,,,0,0,0,ESDB_V0_4
5549,5669,cheaper,-11.2128,1,PASS,35,,aj,cheap,FORM,,MASTER,0,0,0,,,,,0,0,0,ESDB_V0_4
5550,5670,chemicals,-11.2128,1,PASS,35,,n,chemical,FORM,,MASTER,0,1,0,,chemical,,,1,0,0,ESDB_V0_4
5551,5671,chiefs,-11.2128,1,PASS,35,,n,chief,FORM,,MASTER,0,1,0,,chief,,,1,0,0,ESDB_V0_4
5552,5672,climbing,-11.2128,1,PASS,35,,n_v;n,climb;climbing,FORM;LEMMA,,MASTER,0,0,0,,,,,0,0,0,ESDB_V0_4
5553,5673,convenient,-11.2128,1,PASS,35,,aj,convenient,LEMMA,,MASTER,0,0,0,,,,,0,0,0,ESDB_V0_4
5554,5674,costume,-11.2128,1,PASS,35,,n_v;a,costume,LEMMA,,MASTER,0,1,1,,,,costumes,0,1,1,ESDB_V0_4
5555,5675,cruz,-11.2128,0,NOT_EXACT_EN_US,,,,,,,REJECTED_AUTO,0,0,0,,,,,0,0,0,ESDB_V0_4
5556,5676,demonstration,-11.2128,1,PASS,35,,n,demonstration,LEMMA,,MASTER,0,1,1,,,,demonstrations,0,1,1,ESDB_V0_4
5557,5677,derby,-11.2128,1,PASS,40,50,n,derby,LEMMA,,MASTER,0,0,0,,,,,0,0,0,ESDB_V0_4
5558,5678,dimensions,-11.2128,1,PASS,35,,n,dimension,FORM,,MASTER,0,1,0,,dimension,,,1,0,0,ESDB_V0_4
5559,5679,disorders,-11.2128,1,PASS,35,,n_v,disorder,FORM,,MASTER,0,1,0,,disorder,,,1,0,0,ESDB_V0_4
5560,5680,dragons,-11.2128,1,PASS,35,,n,dragon,FORM,,MASTER,0,1,0,,dragon,,,1,0,0,ESDB_V0_4
5561,5681,eleven,-11.2128,1,PASS,35,,n,eleven,LEMMA,,MASTER,0,0,0,,,,,0,0,0,ESDB_V0_4
5562,5682,emissions,-11.2128,1,PASS,35,,n,emission,FORM,,MASTER,0,1,0,missions,emission,,,2,0,0,ESDB_V0_4
5563,5683,endless,-11.2128,1,PASS,35,,aj,endless,LEMMA,,MASTER,0,0,0,,,,,0,0,0,ESDB_V0_4
5564,5684,excitement,-11.2128,1,PASS,35,,n,excitement,LEMMA,,MASTER,0,0,0,,,,,0,0,0,ESDB_V0_4
5565,5685,fence,-11.2128,1,PASS,35,,n_v,fence,LEMMA,,MASTER,0,1,1,,,,fences,0,1,1,ESDB_V0_4
5566,5686,filming,-11.2128,1,PASS,35,,n_v;n,film;filming,FORM;LEMMA,,MASTER,0,0,0,,,,,0,0,0,ESDB_V0_4
5567,5687,franchise,-11.2128,1,PASS,35,,n_v,franchise,LEMMA,,MASTER,0,1,1,,,,franchises,0,1,1,ESDB_V0_4
5568,5688,geneva,-11.2128,0,NOT_EXACT_EN_US,,,,,,,REJECTED_AUTO,0,0,0,,,,,0,0,0,ESDB_V0_4
5569,5689,grandmother,-11.2128,1,PASS,35,,n,grandmother,LEMMA,,MASTER,0,0,0,,,,,0,0,0,ESDB_V0_4
5570,5690,hd,-11.2128,0,NOT_EXACT_EN_US,,,,,,,REJECTED_AUTO,0,0,0,,,,,0,0,0,ESDB_V0_4
5571,5691,hiring,-11.2128,1,PASS,35,,n_v;n,hire;hiring,FORM;LEMMA,,MASTER,0,0,0,,,,,0,0,0,ESDB_V0_4
5572,5692,immune,-11.2128,1,PASS,35,,aj,immune,LEMMA,,MASTER,0,0,0,,,,,0,0,0,ESDB_V0_4
5573,5693,indication,-11.2128,1,PASS,35,,n,indication,LEMMA,,MASTER,0,1,1,,,,indications,0,1,1,ESDB_V0_4
5574,5694,ingredients,-11.2128,1,PASS,35,,n,ingredient,FORM,,MASTER,0,1,0,,ingredient,,,1,0,0,ESDB_V0_4
5575,5695,invisible,-11.2128,1,PASS,35,,aj,invisible,LEMMA,,MASTER,0,0,0,,,,,0,0,0,ESDB_V0_4
5576,5696,julia,-11.2128,0,NOT_EXACT_EN_US,,,,,,,REJECTED_AUTO,0,0,0,,,,,0,0,0,ESDB_V0_4
5577,5697,lasting,-11.2128,1,PASS,35,,n_v;aj,last;lasting,FORM;LEMMA,,MASTER,0,1,1,,,blasting,,0,1,0,ESDB_V0_4
5578,5698,lovers,-11.2128,1,PASS,35,,n,lover,FORM,,MASTER,0,1,0,overs,lover,,,2,0,0,ESDB_V0_4
5579,5699,magical,-11.2128,1,PASS,35,,aj,magical,LEMMA,,MASTER,0,0,0,,,,,0,0,0,ESDB_V0_4
5580,5700,magnetic,-11.2128,1,PASS,35,,aj,magnetic,LEMMA,,MASTER,0,0,0,,,,,0,0,0,ESDB_V0_4
5581,5701,mar,-11.2128,1,PASS,35,50,v,mar,LEMMA,,MASTER,0,1,1,,ma,,mark;mars;mart;mare,1,4,1,ESDB_V0_4
5582,5702,mechanisms,-11.2128,1,PASS,35,,n,mechanism,FORM,,MASTER,0,1,0,,mechanism,,,1,0,0,ESDB_V0_4
5583,5703,medieval,-11.2128,1,PASS,35,,aj,medieval,LEMMA,,MASTER,0,0,0,,,,,0,0,0,ESDB_V0_4
5584,5704,mills,-11.2128,1,PASS,35,50,n_v,mill,FORM,,MASTER,0,1,0,,mill,,,1,0,0,ESDB_V0_4
5585,5705,minimal,-11.2128,1,PASS,35,,aj,minimal,LEMMA,,MASTER,0,0,0,,,,,0,0,0,ESDB_V0_4
5586,5706,missile,-11.2128,1,PASS,35,,n,missile,LEMMA,,MASTER,0,1,1,,,,missiles,0,1,1,ESDB_V0_4
5587,5707,motivated,-11.2128,1,PASS,35,,v;aj,motivate;motivated,FORM;LEMMA,,MASTER,0,1,0,,motivate,,,1,0,0,ESDB_V0_4
5588,5708,nail,-11.2128,1,PASS,35,,n_v,nail,LEMMA,,MASTER,0,1,1,,,snail,nails,0,2,1,ESDB_V0_4
5589,5709,nathan,-11.2128,0,NOT_EXACT_EN_US,,,,,,,REJECTED_AUTO,0,0,0,,,,,0,0,0,ESDB_V0_4
5590,5710,nearest,-11.2128,1,PASS,35,,aj_av,near,FORM,,MASTER,0,0,0,,,,,0,0,0,ESDB_V0_4
5591,5711,neil,-11.2128,0,NOT_EXACT_EN_US,,,,,,,REJECTED_AUTO,0,0,0,,,,,0,0,0,ESDB_V0_4
5592,5712,nightmare,-11.2128,1,PASS,35,,n;a,nightmare,LEMMA,,MASTER,0,1,1,,,,nightmares,0,1,1,ESDB_V0_4
5593,5713,nominated,-11.2128,1,PASS,35,,v;aj,nominate;nominated,FORM;LEMMA,,MASTER,0,1,0,,nominate,,,1,0,0,ESDB_V0_4
5594,5714,obligation,-11.2128,1,PASS,35,,n,obligation,LEMMA,,MASTER,0,1,1,,,,obligations,0,1,1,ESDB_V0_4
5595,5715,overview,-11.2128,1,PASS,35,,n,overview,LEMMA,,MASTER,0,0,0,,,,,0,0,0,ESDB_V0_4
5596,5716,parade,-11.2128,1,PASS,35,,n_v,parade,LEMMA,,MASTER,0,1,1,,,,parades,0,1,1,ESDB_V0_4
5597,5717,parameters,-11.2128,1,PASS,35,,n,parameter,FORM,,MASTER,0,1,0,,parameter,,,1,0,0,ESDB_V0_4
5598,5718,patch,-11.2128,1,PASS,35,,n_v,patch,LEMMA,,MASTER,0,0,0,,,,,0,0,0,ESDB_V0_4
5599,5719,pig,-11.2128,1,PASS,35,,n_v,pig,LEMMA,,MASTER,0,1,1,,pi,,pigs,1,1,1,ESDB_V0_4
5600,5720,preference,-11.2128,1,PASS,35,,n,preference,LEMMA,,MASTER,0,1,1,reference,,,preferences,1,1,1,ESDB_V0_4
5601,5721,privilege,-11.2128,1,PASS,35,,n_v,privilege,LEMMA,,MASTER,0,1,1,,,,privileges;privileged,0,2,2,ESDB_V0_4
5602,5722,pub,-11.2128,1,PASS,35,,n,pub,LEMMA,,MASTER,0,1,1,,,,pubs,0,1,1,ESDB_V0_4
5603,5723,purely,-11.2128,1,PASS,35,,av,purely,LEMMA,,MASTER,0,0,0,,,,,0,0,0,ESDB_V0_4
5604,5724,rage,-11.2128,1,PASS,35,,n_v,rage,LEMMA,,MASTER,0,1,0,age,rag,,,2,0,0,ESDB_V0_4
5605,5725,rat,-11.2128,1,PASS,35,,n_v,rat,LEMMA,,MASTER,0,1,1,at,,brat,rate;rats,1,3,1,ESDB_V0_4
5606,5726,rocky,-11.2128,1,PASS,35,50,aj,rocky,LEMMA,,MASTER,0,1,0,,rock,,,1,0,0,ESDB_V0_4
5607,5727,screening,-11.2128,1,PASS,35,,n_v;n,screen;screening,FORM;LEMMA,,MASTER,0,1,1,,,,screenings,0,1,1,ESDB_V0_4
5608,5728,severely,-11.2128,1,PASS,35,,av,severely,LEMMA,,MASTER,0,0,0,,,,,0,0,0,ESDB_V0_4
5609,5729,sits,-11.2128,1,PASS,35,,v,sit,FORM,,MASTER,0,1,0,its,sit,,,2,0,0,ESDB_V0_4
5610,5730,snap,-11.2128,1,PASS,35,,n_v;a,snap,LEMMA,,MASTER,0,1,1,nap,,,snaps,1,1,1,ESDB_V0_4
5611,5731,spam,-11.2128,0,CASE_FREQ_COLLISION,50,50,n_v,spam,LEMMA,,REJECTED_AUTO,0,0,0,,,,,0,0,0,ESDB_V0_4
5612,5732,sponsored,-11.2128,1,PASS,35,,n_v,sponsor,FORM,,MASTER,0,0,0,,,,,0,0,0,ESDB_V0_4
5613,5733,staring,-11.2128,1,PASS,35,,n_v;aj,stare;staring,FORM;LEMMA,,MASTER,0,0,0,,,,,0,0,0,ESDB_V0_4
5614,5734,stating,-11.2128,1,PASS,35,,n_v,state,FORM,,MASTER,0,0,0,,,,,0,0,0,ESDB_V0_4
5615,5735,sticks,-11.2128,1,PASS,35,,n_v,stick,FORM,,MASTER,0,1,0,ticks,stick,,,2,0,0,ESDB_V0_4
5616,5736,strongest,-11.2128,1,PASS,35,,aj,strong,FORM,,MASTER,0,0,0,,,,,0,0,0,ESDB_V0_4
5617,5737,tactics,-11.2128,1,PASS,35,,n,tactic,FORM,,MASTER,0,1,0,,tactic,,,1,0,0,ESDB_V0_4
5618,5738,tigers,-11.2128,1,PASS,35,,n,tiger,FORM,,MASTER,0,1,0,,tiger,,,1,0,0,ESDB_V0_4
5619,5739,traded,-11.2128,1,PASS,35,,n_v,trade,FORM,,MASTER,0,1,0,,trade,,,1,0,0,ESDB_V0_4
5620,5740,treasure,-11.2128,1,PASS,35,,n_v,treasure,LEMMA,,MASTER,0,1,1,,,,treasurer;treasures,0,2,1,ESDB_V0_4
5621,5741,tribe,-11.2128,1,PASS,35,,n,tribe,LEMMA,,MASTER,0,1,1,,,,tribes,0,1,1,ESDB_V0_4
5622,5742,valve,-11.2128,1,PASS,35,,n_v,valve,LEMMA,,MASTER,0,1,1,,,,valves,0,1,1,ESDB_V0_4
5623,5743,verse,-11.2128,1,PASS,35,,n_v,verse,LEMMA,,MASTER,0,1,1,,,,verses,0,1,1,ESDB_V0_4
5624,5744,viewers,-11.2128,1,PASS,35,,n,viewer,FORM,,MASTER,0,1,0,,viewer,,,1,0,0,ESDB_V0_4
5625,5745,welsh,-11.2128,0,CASE_FREQ_COLLISION,40,40,v,welsh,LEMMA,,REJECTED_AUTO,0,0,0,,,,,0,0,0,ESDB_V0_4
5626,5746,wheat,-11.2128,1,PASS,35,,n,wheat,LEMMA,,MASTER,0,1,0,heat,,,,1,0,0,ESDB_V0_4
5627,5747,zones,-11.2128,1,PASS,35,,n_v,zone,FORM,,MASTER,0,1,0,ones,zone,,,2,0,0,ESDB_V0_4
5628,5748,abstract,-11.2353,1,PASS,35,,n_v;aj,abstract,LEMMA,,MASTER,0,0,0,,,,,0,0,0,ESDB_V0_4
5629,5749,accent,-11.2353,1,PASS,35,,n_v,accent,LEMMA,,MASTER,0,1,1,,,,accents,0,1,1,ESDB_V0_4
5630,5750,adaptation,-11.2353,1,PASS,35,,n,adaptation,LEMMA,,MASTER,0,1,1,,,,adaptations,0,1,1,ESDB_V0_4
5631,5751,adjusted,-11.2353,1,PASS,35,,v;aj,adjust;adjusted,FORM;LEMMA,,MASTER,0,0,0,,,,,0,0,0,ESDB_V0_4
5632,5752,affecting,-11.2353,1,PASS,35,,n_v;aj,affect;affecting,FORM;LEMMA,,MASTER,0,0,0,,,,,0,0,0,ESDB_V0_4
5633,5753,alabama,-11.2353,0,NOT_EXACT_EN_US,,,,,,,REJECTED_AUTO,0,0,0,,,,,0,0,0,ESDB_V0_4
5634,5754,alternate,-11.2353,1,PASS,35,,n_v;aj,alternate,LEMMA,,MASTER,0,0,0,,,,,0,0,0,ESDB_V0_4
5635,5755,appreciation,-11.2353,1,PASS,35,,n,appreciation,LEMMA,,MASTER,0,0,0,,,,,0,0,0,ESDB_V0_4
5636,5756,approve,-11.2353,1,PASS,35,,v,approve,LEMMA,,MASTER,0,1,1,,,,approved;approves,0,2,2,ESDB_V0_4
5637,5757,arc,-11.2353,1,PASS,35,60,n_v,arc,LEMMA,,MASTER,0,1,1,,,,arch,0,1,0,ESDB_V0_4
5638,5758,arctic,-11.2353,0,CASE_FREQ_COLLISION,40,40,n;aj,arctic,LEMMA,,REJECTED_AUTO,0,0,0,,,,,0,0,0,ESDB_V0_4
5639,5759,attendance,-11.2353,1,PASS,35,,n,attendance,LEMMA,,MASTER,0,0,0,,,,,0,0,0,ESDB_V0_4
5640,5760,authorized,-11.2353,1,PASS,35,,v;aj,authorize;authorized,FORM;LEMMA,,MASTER,0,1,0,,authorize,,,1,0,0,ESDB_V0_4
5641,5761,blake,-11.2353,0,NOT_EXACT_EN_US,,,,,,,REJECTED_AUTO,0,0,0,,,,,0,0,0,ESDB_V0_4
5642,5762,bombs,-11.2353,1,PASS,35,,n_v,bomb,FORM,,MASTER,0,1,0,,bomb,,,1,0,0,ESDB_V0_4
5643,5763,boot,-11.2353,1,PASS,35,,n_v,boot,LEMMA,,MASTER,0,1,1,,boo,,boots;booth;booty,1,3,1,ESDB_V0_4
5644,5764,breach,-11.2353,1,PASS,35,,n_v,breach,LEMMA,,MASTER,0,1,0,reach,,,,1,0,0,ESDB_V0_4
5645,5765,broader,-11.2353,1,PASS,35,,aj,broad,FORM,,MASTER,0,0,0,,,,,0,0,0,ESDB_V0_4
5646,5766,bug,-11.2353,1,PASS,35,,n_v,bug,LEMMA,,MASTER,0,1,1,,,,bugs,0,1,1,ESDB_V0_4
5647,5767,caps,-11.2353,1,PASS,35,60,n_v,cap,FORM,,MASTER,0,1,0,,cap,,,1,0,0,ESDB_V0_4
5648,5768,carlos,-11.2353,0,NOT_EXACT_EN_US,,,,,,,REJECTED_AUTO,0,0,0,,,,,0,0,0,ESDB_V0_4
5649,5769,chuck,-11.2353,1,PASS,35,50,n_v,chuck,LEMMA,,MASTER,0,0,0,,,,,0,0,0,ESDB_V0_4
5650,5770,classroom,-11.2353,1,PASS,35,,n,classroom,LEMMA,,MASTER,0,1,1,,,,classrooms,0,1,1,ESDB_V0_4
5651,5771,combine,-11.2353,1,PASS,35,,n_v,combine,LEMMA,,MASTER,0,1,1,,,,combined;combines,0,2,2,ESDB_V0_4
5652,5772,commented,-11.2353,1,PASS,35,,n_v,comment,FORM,,MASTER,0,0,0,,,,,0,0,0,ESDB_V0_4
5653,5773,comparable,-11.2353,1,PASS,35,,aj,comparable,LEMMA,,MASTER,0,0,0,,,,,0,0,0,ESDB_V0_4
5654,5774,contributing,-11.2353,1,PASS,35,,v;aj,contribute;contributing,FORM;LEMMA,,MASTER,0,0,0,,,,,0,0,0,ESDB_V0_4
5655,5775,courtesy,-11.2353,1,PASS,35,,n,courtesy,LEMMA,,MASTER,0,0,0,,,,,0,0,0,ESDB_V0_4
5656,5776,criminals,-11.2353,1,PASS,35,,n,criminal,FORM,,MASTER,0,1,0,,criminal,,,1,0,0,ESDB_V0_4
5657,5777,cruel,-11.2353,1,PASS,35,,aj,cruel,LEMMA,,MASTER,0,0,0,,,,,0,0,0,ESDB_V0_4
5658,5778,disappear,-11.2353,1,PASS,35,,v,disappear,LEMMA,,MASTER,0,1,1,,,,disappears,0,1,1,ESDB_V0_4
5659,5779,disk,-11.2353,1,PASS,35,,n,disk,LEMMA,,MASTER,0,1,1,,dis,,disks,1,1,1,ESDB_V0_4
5660,5780,eddie,-11.2353,0,NOT_EXACT_EN_US,,,,,,,REJECTED_AUTO,0,0,0,,,,,0,0,0,ESDB_V0_4
5661,5781,entity,-11.2353,1,PASS,35,,n,entity,LEMMA,,MASTER,0,0,0,,,,,0,0,0,ESDB_V0_4
5662,5782,ethical,-11.2353,1,PASS,35,,aj,ethical,LEMMA,,MASTER,0,0,0,,,,,0,0,0,ESDB_V0_4
5663,5783,evolved,-11.2353,1,PASS,35,,v,evolve,FORM,,MASTER,0,1,0,,evolve,,,1,0,0,ESDB_V0_4
5664,5784,exam,-11.2353,1,PASS,35,,n,exam,LEMMA,,MASTER,0,1,1,,,,exams,0,1,1,ESDB_V0_4
5665,5785,fascinating,-11.2353,1,PASS,35,,v;aj,fascinate;fascinating,FORM;LEMMA,,MASTER,0,0,0,,,,,0,0,0,ESDB_V0_4
5666,5786,fatal,-11.2353,1,PASS,35,,aj,fatal,LEMMA,,MASTER,0,0,0,,,,,0,0,0,ESDB_V0_4
5667,5787,fled,-11.2353,1,PASS,35,,v,flee,FORM,,MASTER,0,1,0,led,,,,1,0,0,ESDB_V0_4
5668,5788,flexible,-11.2353,1,PASS,35,,aj,flexible,LEMMA,,MASTER,0,0,0,,,,,0,0,0,ESDB_V0_4
5669,5789,forecast,-11.2353,1,PASS,35,,n_v,forecast,LEMMA;FORM,,MASTER,0,1,1,,,,forecasts,0,1,1,ESDB_V0_4
5670,5790,gaining,-11.2353,1,PASS,35,,n_v;n,gain;gaining,FORM;LEMMA,,MASTER,0,0,0,,,,,0,0,0,ESDB_V0_4
5671,5791,guilt,-11.2353,1,PASS,35,,n;v,guilt,LEMMA,,MASTER,0,1,1,,,,guilty,0,1,0,ESDB_V0_4
5672,5792,guinea,-11.2353,1,PASS,35,50,n,guinea,LEMMA,,MASTER,0,0,0,,,,,0,0,0,ESDB_V0_4
5673,5793,harbour,-11.2353,0,NOT_EXACT_EN_US,,,,,,,REJECTED_AUTO,0,0,0,,,,,0,0,0,ESDB_V0_4
5674,5794,hawaii,-11.2353,0,NOT_EXACT_EN_US,,,,,,,REJECTED_AUTO,0,0,0,,,,,0,0,0,ESDB_V0_4
5675,5795,holland,-11.2353,0,NOT_EXACT_EN_US,,,,,,,REJECTED_AUTO,0,0,0,,,,,0,0,0,ESDB_V0_4
5676,5796,humanitarian,-11.2353,1,PASS,35,,n,humanitarian,LEMMA,,MASTER,0,0,0,,,,,0,0,0,ESDB_V0_4
5677,5797,humble,-11.2353,1,PASS,35,,v;aj,humble,LEMMA,,MASTER,0,0,0,,,,,0,0,0,ESDB_V0_4
5678,5798,inform,-11.2353,1,PASS,35,,v,inform,LEMMA,,MASTER,0,1,1,,,,informs,0,1,1,ESDB_V0_4
5679,5799,insisted,-11.2353,1,PASS,35,,v,insist,FORM,,MASTER,0,0,0,,,,,0,0,0,ESDB_V0_4
5680,5800,inspection,-11.2353,1,PASS,35,,n,inspection,LEMMA,,MASTER,0,1,1,,,,inspections,0,1,1,ESDB_V0_4
5681,5801,jam,-11.2353,1,PASS,35,,n_v,jam,LEMMA,,MASTER,0,1,1,am,,,jams,1,1,1,ESDB_V0_4
5682,5802,jessica,-11.2353,0,NOT_EXACT_EN_US,,,,,,,REJECTED_AUTO,0,0,0,,,,,0,0,0,ESDB_V0_4
5683,5803,lease,-11.2353,1,PASS,35,,n_v,lease,LEMMA,,MASTER,0,1,1,ease,,please,leased;leases,1,3,2,ESDB_V0_4
5684,5804,lebanon,-11.2353,0,NOT_EXACT_EN_US,,,,,,,REJECTED_AUTO,0,0,0,,,,,0,0,0,ESDB_V0_4
5685,5805,linux,-11.2353,0,NOT_EXACT_EN_US,,,,,,,REJECTED_AUTO,0,0,0,,,,,0,0,0,ESDB_V0_4
5686,5806,lung,-11.2353,1,PASS,35,,n,lung,LEMMA,,MASTER,0,1,1,,,flung,lungs,0,2,1,ESDB_V0_4
5687,5807,maryland,-11.2353,0,NOT_EXACT_EN_US,,,,,,,REJECTED_AUTO,0,0,0,,,,,0,0,0,ESDB_V0_4
5688,5808,measuring,-11.2353,1,PASS,35,,n_v;n,measure;measuring,FORM;LEMMA,,MASTER,0,0,0,,,,,0,0,0,ESDB_V0_4
5689,5809,modest,-11.2353,1,PASS,35,,aj,modest,LEMMA,,MASTER,0,1,1,,modes,,modesty,1,1,0,ESDB_V0_4
5690,5810,mt,-11.2353,0,NO_ESDB_GENERAL_EVIDENCE,,,,,,,REJECTED_AUTO,0,0,0,,,,,0,0,0,ESDB_V0_4
5691,5811,muscles,-11.2353,1,PASS,35,,n_v,muscle,FORM,,MASTER,0,1,0,,muscle,,,1,0,0,ESDB_V0_4
5692,5812,norman,-11.2353,0,NOT_EXACT_EN_US,,,,,,,REJECTED_AUTO,0,0,0,,,,,0,0,0,ESDB_V0_4
5693,5813,notably,-11.2353,1,PASS,35,,av,notably,LEMMA,,MASTER,0,0,0,,,,,0,0,0,ESDB_V0_4
5694,5814,observe,-11.2353,1,PASS,35,,v,observe,LEMMA,,MASTER,0,1,1,,,,observed;observer;observes,0,3,2,ESDB_V0_4
5695,5815,owe,-11.2353,1,PASS,35,,v,owe,LEMMA,,MASTER,0,1,1,we,ow,,owed;owes,2,2,2,ESDB_V0_4
5696,5816,patrol,-11.2353,1,PASS,35,,n_v,patrol,LEMMA,,MASTER,0,1,1,,,,patrols,0,1,1,ESDB_V0_4
5697,5817,phoenix,-11.2353,1,PASS,35,50,n,phoenix,LEMMA,,MASTER,0,0,0,,,,,0,0,0,ESDB_V0_4
5698,5818,pose,-11.2353,1,PASS,35,,n_v,pose,LEMMA,,MASTER,0,1,1,,,,posed;poses,0,2,2,ESDB_V0_4
5699,5819,powered,-11.2353,1,PASS,35,,n_v;aj,power;powered,FORM;LEMMA,,MASTER,0,0,0,,,,,0,0,0,ESDB_V0_4
5700,5820,publisher,-11.2353,1,PASS,35,,n,publisher,LEMMA,,MASTER,0,1,1,,,,publishers,0,1,1,ESDB_V0_4
5701,5821,pursuit,-11.2353,1,PASS,35,,n,pursuit,LEMMA,,MASTER,0,1,1,,,,pursuits,0,1,1,ESDB_V0_4
5702,5822,quietly,-11.2353,1,PASS,35,,av,quietly,LEMMA,,MASTER,0,0,0,,,,,0,0,0,ESDB_V0_4
5703,5823,ram,-11.2353,1,PASS,35,40,n_v,ram,LEMMA,,MASTER,0,1,1,am,,gram;tram,ramp;rams,1,4,1,ESDB_V0_4
5704,5824,ranking,-11.2353,1,PASS,35,,n_v;n,rank;ranking,FORM;LEMMA,,MASTER,0,1,1,,,,rankings,0,1,1,ESDB_V0_4
5705,5825,rap,-11.2353,1,PASS,35,,n_v,rap,LEMMA,,MASTER,0,1,1,,,crap;trap;wrap,rape,0,4,0,ESDB_V0_4
5706,5826,recognised,-11.2353,0,NOT_EXACT_EN_US,,,,,,,REJECTED_AUTO,0,0,0,,,,,0,0,0,ESDB_V0_4
5707,5827,responding,-11.2353,1,PASS,35,,v,respond,FORM,,MASTER,0,0,0,,,,,0,0,0,ESDB_V0_4
5708,5828,retreat,-11.2353,1,PASS,35,,n_v,retreat,LEMMA,,MASTER,0,0,0,,,,,0,0,0,ESDB_V0_4
5709,5829,rogers,-11.2353,0,CASE_FREQ_COLLISION,50,50,v,roger,FORM,,REJECTED_AUTO,0,0,0,,,,,0,0,0,ESDB_V0_4
5710,5830,sandwich,-11.2353,1,PASS,35,,n_v,sandwich,LEMMA,,MASTER,0,0,0,,,,,0,0,0,ESDB_V0_4
5711,5831,scream,-11.2353,1,PASS,35,,n_v,scream,LEMMA,,MASTER,0,1,1,cream,,,screams,1,1,1,ESDB_V0_4
5712,5832,seized,-11.2353,1,PASS,35,,v,seize,FORM,,MASTER,0,1,0,,seize,,,1,0,0,ESDB_V0_4
5713,5833,serial,-11.2353,1,PASS,35,,n;aj,serial,LEMMA,,MASTER,0,0,0,,,,,0,0,0,ESDB_V0_4
5714,5834,spreading,-11.2353,1,PASS,35,,n_v;n,spread;spreading,FORM;LEMMA,,MASTER,0,0,0,,,,,0,0,0,ESDB_V0_4
5715,5835,stuart,-11.2353,0,NOT_EXACT_EN_US,,,,,,,REJECTED_AUTO,0,0,0,,,,,0,0,0,ESDB_V0_4
5716,5836,sunshine,-11.2353,1,PASS,35,,n,sunshine,LEMMA,,MASTER,0,0,0,,,,,0,0,0,ESDB_V0_4
5717,5837,sweat,-11.2353,1,PASS,35,,n;v,sweat,LEMMA;FORM,,MASTER,0,1,1,,,,sweaty,0,1,0,ESDB_V0_4
5718,5838,th,-11.2353,0,NOT_EXACT_EN_US,,,,,,,REJECTED_AUTO,0,0,0,,,,,0,0,0,ESDB_V0_4
5719,5839,tho,-11.2353,1,PASS,50,,a;c,tho,LEMMA,,MASTER,0,1,1,ho,,,thou,1,1,0,ESDB_V0_4
5720,5840,tommy,-11.2353,0,NOT_EXACT_EN_US,,,,,,,REJECTED_AUTO,0,0,0,,,,,0,0,0,ESDB_V0_4
5721,5841,tours,-11.2353,1,PASS,35,,n_v,tour,FORM,,MASTER,0,1,0,ours,tour,,,2,0,0,ESDB_V0_4
5722,5842,tyler,-11.2353,0,NOT_EXACT_EN_US,,,,,,,REJECTED_AUTO,0,0,0,,,,,0,0,0,ESDB_V0_4
5723,5843,unto,-11.2353,1,PASS,35,,pp,unto,LEMMA,,MASTER,0,0,0,,,,,0,0,0,ESDB_V0_4
5724,5844,variations,-11.2353,1,PASS,35,,n,variation,FORM,,MASTER,0,1,0,,variation,,,1,0,0,ESDB_V0_4
5725,5845,washing,-11.2353,1,PASS,35,,n_v;n,wash;washing,FORM;LEMMA,,MASTER,0,0,0,,,,,0,0,0,ESDB_V0_4
5726,5846,watson,-11.2353,0,NOT_EXACT_EN_US,,,,,,,REJECTED_AUTO,0,0,0,,,,,0,0,0,ESDB_V0_4
5727,5847,wondered,-11.2353,1,PASS,35,,n_v,wonder,FORM,,MASTER,0,0,0,,,,,0,0,0,ESDB_V0_4
5728,5848,wrap,-11.2353,1,PASS,35,,n_v;a,wrap,LEMMA,,MASTER,0,1,1,rap,,,wraps,1,1,1,ESDB_V0_4
5729,5849,zoo,-11.2353,1,PASS,35,,n,zoo,LEMMA,,MASTER,0,1,1,,,,zoom,0,1,0,ESDB_V0_4
5730,5850,accordance,-11.2583,1,PASS,35,,n,accordance,LEMMA,,MASTER,0,0,0,,,,,0,0,0,ESDB_V0_4
5731,5851,admission,-11.2583,1,PASS,35,,n,admission,LEMMA,,MASTER,0,1,1,,,,admissions,0,1,1,ESDB_V0_4
5732,5852,amateur,-11.2583,1,PASS,35,,n;aj,amateur,LEMMA,,MASTER,0,1,1,,,,amateurs,0,1,1,ESDB_V0_4
5733,5853,appearing,-11.2583,1,PASS,35,,v;n,appear;appearing,FORM;LEMMA,,MASTER,0,0,0,,,,,0,0,0,ESDB_V0_4
5734,5854,archives,-11.2583,1,PASS,35,,n_v,archive,FORM,,MASTER,0,1,0,,archive,,,1,0,0,ESDB_V0_4
5735,5855,array,-11.2583,1,PASS,35,,n_v,array,LEMMA,,MASTER,0,0,0,,,,,0,0,0,ESDB_V0_4
5736,5856,assisted,-11.2583,1,PASS,35,,n_v;aj,assist;assisted,FORM;LEMMA,,MASTER,0,0,0,,,,,0,0,0,ESDB_V0_4
5737,5857,aug,-11.2583,0,NOT_EXACT_EN_US,,,,,,,REJECTED_AUTO,0,0,0,,,,,0,0,0,ESDB_V0_4
5738,5858,bare,-11.2583,1,PASS,35,,v;aj,bare,LEMMA,,MASTER,0,1,0,are,bar,,,2,0,0,ESDB_V0_4
5739,5859,belonging,-11.2583,1,PASS,35,,v;n,belong;belonging,FORM;LEMMA,,MASTER,0,0,0,,,,,0,0,0,ESDB_V0_4
5740,5860,blacks,-11.2583,1,PASS,35,,n_v,black,FORM,,MASTER,0,1,0,lacks,black,,,2,0,0,ESDB_V0_4
5741,5861,blank,-11.2583,1,PASS,35,,n_v;aj,blank,LEMMA,,MASTER,0,0,0,,,,,0,0,0,ESDB_V0_4
5742,5862,capabilities,-11.2583,1,PASS,35,,n,capability,FORM,,MASTER,0,0,0,,,,,0,0,0,ESDB_V0_4
5743,5863,celebrating,-11.2583,1,PASS,35,,v,celebrate,FORM,,MASTER,0,0,0,,,,,0,0,0,ESDB_V0_4
5744,5864,cia,-11.2583,0,NOT_EXACT_EN_US,,,,,,,REJECTED_AUTO,0,0,0,,,,,0,0,0,ESDB_V0_4
5745,5865,citizenship,-11.2583,1,PASS,35,,n,citizenship,LEMMA,,MASTER,0,0,0,,,,,0,0,0,ESDB_V0_4
5746,5866,consisting,-11.2583,1,PASS,35,,v,consist,FORM,,MASTER,0,0,0,,,,,0,0,0,ESDB_V0_4
5747,5867,couch,-11.2583,1,PASS,35,,n_v,couch,LEMMA,,MASTER,0,1,0,ouch,,,,1,0,0,ESDB_V0_4
5748,5868,cow,-11.2583,1,PASS,35,,n;v,cow,LEMMA,,MASTER,0,1,1,ow,,,cows,1,1,1,ESDB_V0_4
5749,5869,cycling,-11.2583,1,PASS,35,,n_v;n,cycle;cycling,FORM;LEMMA,,MASTER,0,0,0,,,,,0,0,0,ESDB_V0_4
5750,5870,deadly,-11.2583,1,PASS,35,,aj_av,deadly,LEMMA,,MASTER,0,0,0,,,,,0,0,0,ESDB_V0_4
5751,5871,defender,-11.2583,1,PASS,35,,n,defender,LEMMA,,MASTER,0,1,1,,,,defenders,0,1,1,ESDB_V0_4
5752,5872,denver,-11.2583,0,NOT_EXACT_EN_US,,,,,,,REJECTED_AUTO,0,0,0,,,,,0,0,0,ESDB_V0_4
5753,5873,detention,-11.2583,1,PASS,35,,n,detention,LEMMA,,MASTER,0,0,0,,,,,0,0,0,ESDB_V0_4
5754,5874,diary,-11.2583,1,PASS,35,,n,diary,LEMMA,,MASTER,0,0,0,,,,,0,0,0,ESDB_V0_4
5755,5875,didnt,-11.2583,0,NOT_EXACT_EN_US,,,,,,,REJECTED_AUTO,0,0,0,,,,,0,0,0,ESDB_V0_4
5756,5876,dignity,-11.2583,1,PASS,35,,n,dignity,LEMMA,,MASTER,0,0,0,,,,,0,0,0,ESDB_V0_4
5757,5877,disc,-11.2583,1,PASS,35,,n,disc,LEMMA,,MASTER,0,1,1,,dis,,disco;discs,1,2,1,ESDB_V0_4
5758,5878,donald,-11.2583,0,NOT_EXACT_EN_US,,,,,,,REJECTED_AUTO,0,0,0,,,,,0,0,0,ESDB_V0_4
5759,5879,dressing,-11.2583,1,PASS,35,,n_v;n,dress;dressing,FORM;LEMMA,,MASTER,0,0,0,,,,,0,0,0,ESDB_V0_4
5760,5880,eagle,-11.2583,1,PASS,35,,n,eagle,LEMMA,,MASTER,0,1,1,,,,eagles,0,1,1,ESDB_V0_4
5761,5881,electronics,-11.2583,1,PASS,35,,n,electronics,LEMMA,,MASTER,0,1,0,,electronic,,,1,0,0,ESDB_V0_4
5762,5882,embarrassing,-11.2583,1,PASS,35,,v;aj,embarrass;embarrassing,FORM;LEMMA,,MASTER,0,0,0,,,,,0,0,0,ESDB_V0_4
5763,5883,finest,-11.2583,1,PASS,35,,aj_av,fine,FORM,,MASTER,0,1,0,,fines,,,1,0,0,ESDB_V0_4
5764,5884,fitted,-11.2583,1,PASS,35,,n_v;aj,fit;fitted,FORM;LEMMA,,MASTER,0,0,0,,,,,0,0,0,ESDB_V0_4
5765,5885,flies,-11.2583,1,PASS,35,,n;v,fly,FORM,,MASTER,0,1,0,lies,,,,1,0,0,ESDB_V0_4
5766,5886,flip,-11.2583,1,PASS,35,,n_v;aj,flip,LEMMA,,MASTER,0,1,0,lip,,,,1,0,0,ESDB_V0_4
5767,5887,freak,-11.2583,1,PASS,35,,n_v;a,freak,LEMMA,,MASTER,0,1,1,,,,freaks;freaky,0,2,1,ESDB_V0_4
5768,5888,freely,-11.2583,1,PASS,35,,av,freely,LEMMA,,MASTER,0,0,0,,,,,0,0,0,ESDB_V0_4
5769,5889,gm,-11.2583,0,NO_ESDB_GENERAL_EVIDENCE,,,,,,,REJECTED_AUTO,0,0,0,,,,,0,0,0,ESDB_V0_4
5770,5890,ham,-11.2583,1,PASS,35,50,n_v;a,ham,LEMMA,,MASTER,0,1,1,am,ha,sham,,2,1,0,ESDB_V0_4
5771,5891,illustrated,-11.2583,1,PASS,35,,v;n,illustrate;illustrated,FORM;LEMMA,,MASTER,0,1,0,,illustrate,,,1,0,0,ESDB_V0_4
5772,5892,instances,-11.2583,1,PASS,35,,n_v,instance,FORM,,MASTER,0,1,0,,instance,,,1,0,0,ESDB_V0_4
5773,5893,intend,-11.2583,1,PASS,35,,v,intend,LEMMA,,MASTER,0,1,1,,,,intends,0,1,1,ESDB_V0_4
5774,5894,keith,-11.2583,0,NOT_EXACT_EN_US,,,,,,,REJECTED_AUTO,0,0,0,,,,,0,0,0,ESDB_V0_4
5775,5895,kent,-11.2583,0,NOT_EXACT_EN_US,,,,,,,REJECTED_AUTO,0,0,0,,,,,0,0,0,ESDB_V0_4
5776,5896,kicking,-11.2583,1,PASS,35,,n_v;n,kick;kicking,FORM;LEMMA,,MASTER,0,0,0,,,,,0,0,0,ESDB_V0_4
5777,5897,layout,-11.2583,1,PASS,35,,n,layout,LEMMA,,MASTER,0,0,0,,,,,0,0,0,ESDB_V0_4
5778,5898,lean,-11.2583,1,PASS,35,50,n;v;aj,lean,LEMMA,,MASTER,0,1,1,,,clean,,0,1,0,ESDB_V0_4
5779,5899,legislature,-11.2583,1,PASS,35,,n,legislature,LEMMA,,MASTER,0,1,1,,,,legislatures,0,1,1,ESDB_V0_4
5780,5900,libraries,-11.2583,1,PASS,35,,n,library,FORM,,MASTER,0,0,0,,,,,0,0,0,ESDB_V0_4
5781,5901,lifted,-11.2583,1,PASS,35,,n_v;aj,lift;lifted,FORM;LEMMA,,MASTER,0,0,0,,,,,0,0,0,ESDB_V0_4
5782,5902,loses,-11.2583,1,PASS,35,,v,lose,FORM,,MASTER,0,1,1,,lose,closes,,1,1,0,ESDB_V0_4
5783,5903,mercury,-11.2583,1,PASS,35,40,n,mercury,LEMMA,,MASTER,0,0,0,,,,,0,0,0,ESDB_V0_4
5784,5904,merit,-11.2583,1,PASS,35,,n_v,merit,LEMMA,,MASTER,0,1,1,,,,merits,0,1,1,ESDB_V0_4
5785,5905,metropolitan,-11.2583,1,PASS,35,,aj,metropolitan,LEMMA,,MASTER,0,0,0,,,,,0,0,0,ESDB_V0_4
5786,5906,monkey,-11.2583,1,PASS,35,,n_v,monkey,LEMMA,,MASTER,0,1,1,,,,monkeys,0,1,1,ESDB_V0_4
5787,5907,morris,-11.2583,0,NOT_EXACT_EN_US,,,,,,,REJECTED_AUTO,0,0,0,,,,,0,0,0,ESDB_V0_4
5788,5908,noon,-11.2583,1,PASS,35,,n;a,noon,LEMMA,,MASTER,0,0,0,,,,,0,0,0,ESDB_V0_4
5789,5909,nowadays,-11.2583,1,PASS,35,,n;av,nowadays,LEMMA,,MASTER,0,0,0,,,,,0,0,0,ESDB_V0_4
5790,5910,offence,-11.2583,0,NOT_EXACT_EN_US,,,,,,,REJECTED_AUTO,0,0,0,,,,,0,0,0,ESDB_V0_4
5791,5911,origins,-11.2583,1,PASS,35,,n,origin,FORM,,MASTER,0,1,0,,origin,,,1,0,0,ESDB_V0_4
5792,5912,outfit,-11.2583,1,PASS,35,,n_v,outfit,LEMMA,,MASTER,0,1,1,,,,outfits,0,1,1,ESDB_V0_4
5793,5913,parish,-11.2583,1,PASS,35,,n,parish,LEMMA,,MASTER,0,0,0,,,,,0,0,0,ESDB_V0_4
5794,5914,particles,-11.2583,1,PASS,35,,n,particle,FORM,,MASTER,0,1,0,articles,particle,,,2,0,0,ESDB_V0_4
5795,5915,penis,-11.2583,1,PASS,35,,n,penis,LEMMA,,MASTER,0,0,0,,,,,0,0,0,ESDB_V0_4
5796,5916,poems,-11.2583,1,PASS,35,,n,poem,FORM,,MASTER,0,1,0,,poem,,,1,0,0,ESDB_V0_4
5797,5917,politician,-11.2583,1,PASS,35,,n,politician,LEMMA,,MASTER,0,1,1,,,,politicians,0,1,1,ESDB_V0_4
5798,5918,ports,-11.2583,1,PASS,35,,n_v,port,FORM,,MASTER,0,1,1,,port,sports,,1,1,0,ESDB_V0_4
5799,5919,promising,-11.2583,1,PASS,35,,n_v;aj,promise;promising,FORM;LEMMA,,MASTER,0,0,0,,,,,0,0,0,ESDB_V0_4
5800,5920,providers,-11.2583,1,PASS,50,,n,provider,FORM,,MASTER,0,1,0,,provider,,,1,0,0,ESDB_V0_4
5801,5921,rebel,-11.2583,1,PASS,35,,n_v;a,rebel,LEMMA,,MASTER,0,1,1,,,,rebels,0,1,1,ESDB_V0_4
5802,5922,renewed,-11.2583,1,PASS,35,,v;aj,renew;renewed,FORM;LEMMA,,MASTER,0,0,0,,,,,0,0,0,ESDB_V0_4
5803,5923,rep,-11.2583,0,CASE_FREQ_COLLISION,40,40,n,rep,LEMMA,,REJECTED_AUTO,0,0,0,,,,,0,0,0,ESDB_V0_4
5804,5924,replacing,-11.2583,1,PASS,35,,v;n,replace;replacing,FORM;LEMMA,,MASTER,0,0,0,,,,,0,0,0,ESDB_V0_4
5805,5925,rod,-11.2583,1,PASS,35,50,n,rod,LEMMA,,MASTER,0,1,1,,,,rode;rods,0,2,1,ESDB_V0_4
5806,5926,runner,-11.2583,1,PASS,35,,n,runner,LEMMA,,MASTER,0,1,1,,,,runners,0,1,1,ESDB_V0_4
5807,5927,sang,-11.2583,1,PASS,35,50,n;n_v,sang;sing,LEMMA;FORM,,MASTER,0,0,0,,,,,0,0,0,ESDB_V0_4
5808,5928,separately,-11.2583,1,PASS,35,,av,separately,LEMMA,,MASTER,0,0,0,,,,,0,0,0,ESDB_V0_4
5809,5929,sounded,-11.2583,1,PASS,35,,n_v,sound,FORM,,MASTER,0,0,0,,,,,0,0,0,ESDB_V0_4
5810,5930,soup,-11.2583,1,PASS,35,,n_v,soup,LEMMA,,MASTER,0,0,0,,,,,0,0,0,ESDB_V0_4
5811,5931,spite,-11.2583,1,PASS,35,,n;v,spite,LEMMA,,MASTER,0,1,0,,spit,,,1,0,0,ESDB_V0_4
5812,5932,sporting,-11.2583,1,PASS,35,,n_v;aj,sport;sporting,FORM;LEMMA,,MASTER,0,0,0,,,,,0,0,0,ESDB_V0_4
5813,5933,spotted,-11.2583,1,PASS,35,,n_v;aj,spot;spotted,FORM;LEMMA,,MASTER,0,0,0,,,,,0,0,0,ESDB_V0_4
5814,5934,springs,-11.2583,1,PASS,35,,n_v,spring,FORM,,MASTER,0,1,0,,spring,,,1,0,0,ESDB_V0_4
5815,5935,sri,-11.2583,0,NOT_EXACT_EN_US,,,,,,,REJECTED_AUTO,0,0,0,,,,,0,0,0,ESDB_V0_4
5816,5936,technological,-11.2583,1,PASS,35,,aj,technological,LEMMA,,MASTER,0,0,0,,,,,0,0,0,ESDB_V0_4
5817,5937,teenage,-11.2583,1,PASS,35,,aj,teenage,LEMMA,,MASTER,0,1,1,,,,teenager,0,1,0,ESDB_V0_4
5818,5938,territorial,-11.2583,1,PASS,35,,n;aj,territorial,LEMMA,,MASTER,0,0,0,,,,,0,0,0,ESDB_V0_4
5819,5939,torn,-11.2583,1,PASS,35,,v;aj,tear;torn,FORM;LEMMA,,MASTER,0,1,0,,tor,,,1,0,0,ESDB_V0_4
5820,5940,tourists,-11.2583,1,PASS,35,,n,tourist,FORM,,MASTER,0,1,0,,tourist,,,1,0,0,ESDB_V0_4
5821,5941,transformed,-11.2583,1,PASS,35,,n_v;aj,transform;transformed,FORM;LEMMA,,MASTER,0,0,0,,,,,0,0,0,ESDB_V0_4
5822,5942,tribes,-11.2583,1,PASS,35,,n,tribe,FORM,,MASTER,0,1,0,,tribe,,,1,0,0,ESDB_V0_4
5823,5943,trophy,-11.2583,1,PASS,35,,n,trophy,LEMMA,,MASTER,0,0,0,,,,,0,0,0,ESDB_V0_4
5824,5944,uncertainty,-11.2583,1,PASS,35,,n,uncertainty,LEMMA,,MASTER,0,0,0,,,,,0,0,0,ESDB_V0_4
5825,5945,understands,-11.2583,1,PASS,35,,v,understand,FORM,,MASTER,0,1,0,,understand,,,1,0,0,ESDB_V0_4
5826,5946,variation,-11.2583,1,PASS,35,,n,variation,LEMMA,,MASTER,0,1,1,,,,variations,0,1,1,ESDB_V0_4
5827,5947,varied,-11.2583,1,PASS,35,,aj;v,varied;vary,LEMMA;FORM,,MASTER,0,0,0,,,,,0,0,0,ESDB_V0_4
5828,5948,vienna,-11.2583,0,NOT_EXACT_EN_US,,,,,,,REJECTED_AUTO,0,0,0,,,,,0,0,0,ESDB_V0_4
5829,5949,viewing,-11.2583,1,PASS,35,,n_v;n,view;viewing,FORM;LEMMA,,MASTER,0,0,0,,,,,0,0,0,ESDB_V0_4
5830,5950,workshop,-11.2583,1,PASS,35,,n,workshop,LEMMA,,MASTER,0,1,1,,,,workshops,0,1,1,ESDB_V0_4
5831,5951,wrapped,-11.2583,1,PASS,35,,n_v;aj,wrap;wrapped,FORM;LEMMA,,MASTER,0,0,0,,,,,0,0,0,ESDB_V0_4
5832,5952,xi,-11.2583,1,PASS,60,,n,xi,LEMMA,,MASTER,0,1,0,i,,,,1,0,0,ESDB_V0_4
5833,5954,additionally,-11.2818,1,PASS,35,,av,additionally,LEMMA,,MASTER,0,0,0,,,,,0,0,0,ESDB_V0_4
5834,5955,albums,-11.2818,1,PASS,35,,n,album,FORM,,MASTER,0,1,0,,album,,,1,0,0,ESDB_V0_4
5835,5956,anytime,-11.2818,1,PASS,40,,a,anytime,LEMMA,,MASTER,0,0,0,,,,,0,0,0,ESDB_V0_4
5836,5957,attraction,-11.2818,1,PASS,35,,n,attraction,LEMMA,,MASTER,0,1,1,,,,attractions,0,1,1,ESDB_V0_4
5837,5958,avoided,-11.2818,1,PASS,35,,v,avoid,FORM,,MASTER,0,0,0,,,,,0,0,0,ESDB_V0_4
5838,5959,beans,-11.2818,1,PASS,35,,n_v,bean,FORM,,MASTER,0,1,0,,bean,,,1,0,0,ESDB_V0_4
5839,5960,beard,-11.2818,1,PASS,35,50,n_v,beard,LEMMA,,MASTER,0,1,1,,bear,,beards,1,1,1,ESDB_V0_4
5840,5961,birmingham,-11.2818,0,NOT_EXACT_EN_US,,,,,,,REJECTED_AUTO,0,0,0,,,,,0,0,0,ESDB_V0_4
5841,5962,blessing,-11.2818,1,PASS,35,,v;n,bless;blessing,FORM;LEMMA,,MASTER,0,1,1,,,,blessings,0,1,1,ESDB_V0_4
5842,5963,blew,-11.2818,1,PASS,35,,n_v,blow,FORM,,MASTER,0,0,0,,,,,0,0,0,ESDB_V0_4
5843,5964,bubble,-11.2818,1,PASS,35,,n_v,bubble,LEMMA,,MASTER,0,1,1,,,,bubbles,0,1,1,ESDB_V0_4
5844,5965,buffalo,-11.2818,1,PASS,35,50,n;v,buffalo,LEMMA;FORM,,MASTER,0,0,0,,,,,0,0,0,ESDB_V0_4
5845,5966,capitalism,-11.2818,1,PASS,35,,n,capitalism,LEMMA,,MASTER,0,0,0,,,,,0,0,0,ESDB_V0_4
5846,5967,chill,-11.2818,1,PASS,35,,n_v;a,chill,LEMMA,,MASTER,0,1,1,hill,,,chilly;chills,1,2,1,ESDB_V0_4
5847,5968,concentrate,-11.2818,1,PASS,35,,n_v,concentrate,LEMMA,,MASTER,0,1,1,,,,concentrated;concentrates,0,2,2,ESDB_V0_4
5848,5969,cooked,-11.2818,1,PASS,35,,n_v;aj,cook;cooked,FORM;LEMMA,,MASTER,0,0,0,,,,,0,0,0,ESDB_V0_4
5849,5970,dam,-11.2818,1,PASS,35,,n_v,dam,LEMMA,,MASTER,0,1,1,am,,,damn;dame;damp;dams,1,4,1,ESDB_V0_4
5850,5971,damages,-11.2818,1,PASS,35,,v;n,damage;damages,FORM;LEMMA,,MASTER,0,1,0,,damage,,,1,0,0,ESDB_V0_4
5851,5972,deadline,-11.2818,1,PASS,35,,n,deadline,LEMMA,,MASTER,0,1,1,,,,deadlines,0,1,1,ESDB_V0_4
5852,5973,displays,-11.2818,1,PASS,35,,n_v,display,FORM,,MASTER,0,1,0,,display,,,1,0,0,ESDB_V0_4
5853,5974,divide,-11.2818,1,PASS,35,,n_v,divide,LEMMA,,MASTER,0,1,1,,,,divided;divides,0,2,2,ESDB_V0_4
5854,5975,doc,-11.2818,1,PASS,50,,n,doc,LEMMA,,MASTER,0,1,1,,do,,dock;docs,1,2,1,ESDB_V0_4
5855,5976,encountered,-11.2818,1,PASS,35,,n_v,encounter,FORM,,MASTER,0,0,0,,,,,0,0,0,ESDB_V0_4
5856,5977,fc,-11.2818,0,NOT_EXACT_EN_US,,,,,,,REJECTED_AUTO,0,0,0,,,,,0,0,0,ESDB_V0_4
5857,5978,fixing,-11.2818,1,PASS,35,,n_v;n,fix;fixing,FORM;LEMMA,,MASTER,0,0,0,,,,,0,0,0,ESDB_V0_4
5858,5979,formally,-11.2818,1,PASS,35,,av,formally,LEMMA,,MASTER,0,0,0,,,,,0,0,0,ESDB_V0_4
5859,5980,genes,-11.2818,1,PASS,35,,n,gene,FORM,,MASTER,0,1,0,,gene,,,1,0,0,ESDB_V0_4
5860,5981,gentlemen,-11.2818,1,PASS,35,,n,gentleman,FORM,,MASTER,0,0,0,,,,,0,0,0,ESDB_V0_4
5861,5982,hates,-11.2818,1,PASS,35,,n_v,hate,FORM,,MASTER,0,1,0,,hate,,,1,0,0,ESDB_V0_4
5862,5983,heating,-11.2818,1,PASS,35,,n_v;n,heat;heating,FORM;LEMMA,,MASTER,0,1,1,eating,,cheating,,1,1,0,ESDB_V0_4
5863,5984,hp,-11.2818,0,NO_ESDB_GENERAL_EVIDENCE,,,,,,,REJECTED_AUTO,0,0,0,,,,,0,0,0,ESDB_V0_4
5864,5985,hr,-11.2818,0,NO_ESDB_GENERAL_EVIDENCE,,,,,,,REJECTED_AUTO,0,0,0,,,,,0,0,0,ESDB_V0_4
5865,5986,indirect,-11.2818,1,PASS,35,,v;aj,indirect,LEMMA,,MASTER,0,0,0,,,,,0,0,0,ESDB_V0_4
5866,5987,influential,-11.2818,1,PASS,35,,aj,influential,LEMMA,,MASTER,0,0,0,,,,,0,0,0,ESDB_V0_4
5867,5988,institutional,-11.2818,1,PASS,35,,aj,institutional,LEMMA,,MASTER,0,0,0,,,,,0,0,0,ESDB_V0_4
5868,5989,interim,-11.2818,1,PASS,35,,n;aj,interim,LEMMA,,MASTER,0,0,0,,,,,0,0,0,ESDB_V0_4
5869,5990,justified,-11.2818,1,PASS,35,,aj;v,justified;justify,LEMMA;FORM,,MASTER,0,0,0,,,,,0,0,0,ESDB_V0_4
5870,5991,keen,-11.2818,1,PASS,35,,n_v;aj,keen,LEMMA,,MASTER,0,0,0,,,,,0,0,0,ESDB_V0_4
5871,5992,labels,-11.2818,1,PASS,35,,n_v,label,FORM,,MASTER,0,1,0,,label,,,1,0,0,ESDB_V0_4
5872,5993,lacking,-11.2818,1,PASS,35,,v;c,lack;lacking,FORM;LEMMA,,MASTER,0,0,0,,,,,0,0,0,ESDB_V0_4
5873,5994,licensed,-11.2818,1,PASS,35,,v,license,FORM,,MASTER,0,1,0,,license,,,1,0,0,ESDB_V0_4
5874,5995,madison,-11.2818,0,NOT_EXACT_EN_US,,,,,,,REJECTED_AUTO,0,0,0,,,,,0,0,0,ESDB_V0_4
5875,5996,majesty,-11.2818,1,PASS,35,60,n,majesty,LEMMA,,MASTER,0,0,0,,,,,0,0,0,ESDB_V0_4
5876,5997,mason,-11.2818,1,PASS,35,40,n,mason,LEMMA,,MASTER,0,0,0,,,,,0,0,0,ESDB_V0_4
5877,5998,merchant,-11.2818,1,PASS,35,,n;a,merchant,LEMMA,,MASTER,0,1,1,,,,merchants,0,1,1,ESDB_V0_4
5878,5999,minnesota,-11.2818,0,NOT_EXACT_EN_US,,,,,,,REJECTED_AUTO,0,0,0,,,,,0,0,0,ESDB_V0_4
5879,6000,mud,-11.2818,1,PASS,35,,n,mud,LEMMA,,MASTER,0,1,0,,mu,,,1,0,0,ESDB_V0_4
5880,6001,nato,-11.2818,0,NOT_EXACT_EN_US,,,,,,,REJECTED_AUTO,0,0,0,,,,,0,0,0,ESDB_V0_4
5881,6002,nonsense,-11.2818,1,PASS,35,,n;i,nonsense,LEMMA,,MASTER,0,0,0,,,,,0,0,0,ESDB_V0_4
5882,6003,occasional,-11.2818,1,PASS,35,,aj,occasional,LEMMA,,MASTER,0,0,0,,,,,0,0,0,ESDB_V0_4
5883,6004,olive,-11.2818,1,PASS,35,50,n;aj,olive,LEMMA,,MASTER,0,1,1,live,,,olives,1,1,1,ESDB_V0_4
5884,6005,ottawa,-11.2818,0,NOT_EXACT_EN_US,,,,,,,REJECTED_AUTO,0,0,0,,,,,0,0,0,ESDB_V0_4
5885,6006,outta,-11.2818,0,NO_ESDB_GENERAL_EVIDENCE,,,,,,,REJECTED_AUTO,0,0,0,,,,,0,0,0,ESDB_V0_4
5886,6007,overnight,-11.2818,1,PASS,35,,n;aj_av,overnight,LEMMA,,MASTER,0,0,0,,,,,0,0,0,ESDB_V0_4
5887,6008,palestine,-11.2818,0,NOT_EXACT_EN_US,,,,,,,REJECTED_AUTO,0,0,0,,,,,0,0,0,ESDB_V0_4
5888,6009,potter,-11.2818,1,PASS,35,50,n_v,potter,LEMMA,,MASTER,0,1,1,otter,,,pottery,1,1,0,ESDB_V0_4
5889,6010,premiere,-11.2818,1,PASS,35,,n_v;aj,premiere,LEMMA,,MASTER,0,1,0,,premier,,,1,0,0,ESDB_V0_4
5890,6011,pressing,-11.2818,1,PASS,35,,n_v;n,press;pressing,FORM;LEMMA,,MASTER,0,0,0,,,,,0,0,0,ESDB_V0_4
5891,6012,preventing,-11.2818,1,PASS,35,,v,prevent,FORM,,MASTER,0,0,0,,,,,0,0,0,ESDB_V0_4
5892,6013,rises,-11.2818,1,PASS,35,,n_v,rise,FORM,,MASTER,0,1,1,,rise,arises;crises,,1,2,0,ESDB_V0_4
5893,6014,roberts,-11.2818,0,NOT_EXACT_EN_US,,,,,,,REJECTED_AUTO,0,0,0,,,,,0,0,0,ESDB_V0_4
5894,6015,russians,-11.2818,0,NOT_EXACT_EN_US,,,,,,,REJECTED_AUTO,0,0,0,,,,,0,0,0,ESDB_V0_4
5895,6016,sadly,-11.2818,1,PASS,35,,av,sadly,LEMMA,,MASTER,0,0,0,,,,,0,0,0,ESDB_V0_4
5896,6017,scan,-11.2818,1,PASS,35,,n_v,scan,LEMMA,,MASTER,0,1,1,can,,,scans,1,1,1,ESDB_V0_4
5897,6018,sergeant,-11.2818,1,PASS,35,,n,sergeant,LEMMA,,MASTER,0,0,0,,,,,0,0,0,ESDB_V0_4
5898,6019,shaw,-11.2818,0,NOT_EXACT_EN_US,,,,,,,REJECTED_AUTO,0,0,0,,,,,0,0,0,ESDB_V0_4
5899,6020,shine,-11.2818,1,PASS,35,,n_v;v,shine,LEMMA,,MASTER,0,1,1,,shin,,shines,1,1,1,ESDB_V0_4
5900,6021,sins,-11.2818,1,PASS,35,,n_v,sin,FORM,,MASTER,0,1,0,ins,sin,,,2,0,0,ESDB_V0_4
5901,6022,southeast,-11.2818,1,PASS,35,60,n;aj;av,southeast,LEMMA,,MASTER,0,0,0,,,,,0,0,0,ESDB_V0_4
5902,6023,spray,-11.2818,1,PASS,35,,n_v,spray,LEMMA,,MASTER,0,1,0,pray,,,,1,0,0,ESDB_V0_4
5903,6024,switched,-11.2818,1,PASS,35,,n_v,switch,FORM,,MASTER,0,0,0,,,,,0,0,0,ESDB_V0_4
5904,6025,technically,-11.2818,1,PASS,35,,av,technically,LEMMA,,MASTER,0,0,0,,,,,0,0,0,ESDB_V0_4
5905,6026,thermal,-11.2818,1,PASS,35,,n;aj,thermal,LEMMA,,MASTER,0,0,0,,,,,0,0,0,ESDB_V0_4
5906,6027,unfortunate,-11.2818,1,PASS,35,,n;aj,unfortunate,LEMMA,,MASTER,0,0,0,,,,,0,0,0,ESDB_V0_4
5907,6028,unhappy,-11.2818,1,PASS,35,,aj,unhappy,LEMMA,,MASTER,0,0,0,,,,,0,0,0,ESDB_V0_4
5908,6029,visa,-11.2818,1,PASS,35,50,n_v,visa,LEMMA,,MASTER,0,1,1,,,,visas,0,1,1,ESDB_V0_4
5909,6030,wa,-11.2818,0,NOT_EXACT_EN_US,,,,,,,REJECTED_AUTO,0,0,0,,,,,0,0,0,ESDB_V0_4
5910,6031,wont,-11.2818,1,PASS,35,,n;a,wont,LEMMA,,MASTER,0,1,0,,won,,,1,0,0,ESDB_V0_4
5911,6032,worrying,-11.2818,1,PASS,35,,n_v;n;aj,worry;worrying,FORM;LEMMA,,MASTER,0,0,0,,,,,0,0,0,ESDB_V0_4
5912,6033,addiction,-11.3059,1,PASS,35,,n,addiction,LEMMA,,MASTER,0,0,0,,,,,0,0,0,ESDB_V0_4
5913,6034,adjacent,-11.3059,1,PASS,35,,aj,adjacent,LEMMA,,MASTER,0,0,0,,,,,0,0,0,ESDB_V0_4
5914,6035,adjust,-11.3059,1,PASS,35,,v,adjust,LEMMA,,MASTER,0,0,0,,,,,0,0,0,ESDB_V0_4
5915,6036,advances,-11.3059,1,PASS,35,,n_v,advance,FORM,,MASTER,0,1,0,,advance,,,1,0,0,ESDB_V0_4
5916,6037,alike,-11.3059,1,PASS,35,,aj_av,alike,LEMMA,,MASTER,0,1,0,like,,,,1,0,0,ESDB_V0_4
5917,6038,allied,-11.3059,1,PASS,35,,aj;n_v,allied;ally,LEMMA;FORM,,MASTER,0,0,0,,,,,0,0,0,ESDB_V0_4
5918,6039,ally,-11.3059,1,PASS,35,,n_v,ally,LEMMA,,MASTER,0,1,1,,all,rally;sally;tally;wally,,1,4,0,ESDB_V0_4
5919,6040,animation,-11.3059,1,PASS,35,,n,animation,LEMMA,,MASTER,0,1,1,,,,animations,0,1,1,ESDB_V0_4
5920,6041,answering,-11.3059,1,PASS,35,,n_v;aj,answer;answering,FORM;LEMMA,,MASTER,0,0,0,,,,,0,0,0,ESDB_V0_4
5921,6042,anticipated,-11.3059,1,PASS,35,,v;aj,anticipate;anticipated,FORM;LEMMA,,MASTER,0,1,0,,anticipate,,,1,0,0,ESDB_V0_4
5922,6043,arrives,-11.3059,1,PASS,35,,v,arrive,FORM,,MASTER,0,1,0,,arrive,,,1,0,0,ESDB_V0_4
5923,6044,attitudes,-11.3059,1,PASS,35,,n,attitude,FORM,,MASTER,0,1,0,,attitude,,,1,0,0,ESDB_V0_4
5924,6045,avoiding,-11.3059,1,PASS,35,,v,avoid,FORM,,MASTER,0,0,0,,,,,0,0,0,ESDB_V0_4
5925,6046,ba,-11.3059,0,NOT_EXACT_EN_US,,,,,,,REJECTED_AUTO,0,0,0,,,,,0,0,0,ESDB_V0_4
5926,6047,basement,-11.3059,1,PASS,35,,n,basement,LEMMA,,MASTER,0,0,0,,,,,0,0,0,ESDB_V0_4
5927,6048,beam,-11.3059,1,PASS,35,,n_v,beam,LEMMA,,MASTER,0,1,1,,,,beams,0,1,1,ESDB_V0_4
5928,6049,belonged,-11.3059,1,PASS,35,,v,belong,FORM,,MASTER,0,0,0,,,,,0,0,0,ESDB_V0_4
5929,6050,bernard,-11.3059,0,NOT_EXACT_EN_US,,,,,,,REJECTED_AUTO,0,0,0,,,,,0,0,0,ESDB_V0_4
5930,6051,bleeding,-11.3059,1,PASS,35,,v;n,bleed;bleeding,FORM;LEMMA,,MASTER,0,0,0,,,,,0,0,0,ESDB_V0_4
5931,6052,bud,-11.3059,1,PASS,35,50,n_v,bud,LEMMA,,MASTER,0,1,1,,,,buds,0,1,1,ESDB_V0_4
5932,6053,cage,-11.3059,1,PASS,35,50,n_v,cage,LEMMA,,MASTER,0,1,1,age,,,cages,1,1,1,ESDB_V0_4
5933,6054,cared,-11.3059,1,PASS,35,,n_v,care,FORM,,MASTER,0,1,1,,care,scared,,1,1,0,ESDB_V0_4
5934,6055,cathedral,-11.3059,1,PASS,35,,n,cathedral,LEMMA,,MASTER,0,0,0,,,,,0,0,0,ESDB_V0_4
5935,6056,cease,-11.3059,1,PASS,35,,n;v,cease,LEMMA,,MASTER,0,1,1,ease,,,ceased;ceases,1,2,2,ESDB_V0_4
5936,6057,chains,-11.3059,1,PASS,35,,n_v,chain,FORM,,MASTER,0,1,0,,chain,,,1,0,0,ESDB_V0_4
5937,6058,challenged,-11.3059,1,PASS,35,,n_v,challenge,FORM,,MASTER,0,1,0,,challenge,,,1,0,0,ESDB_V0_4
5938,6059,charging,-11.3059,1,PASS,35,,n_v,charge,FORM,,MASTER,0,0,0,,,,,0,0,0,ESDB_V0_4
5939,6060,cliff,-11.3059,1,PASS,35,50,n,cliff,LEMMA,,MASTER,0,1,1,,,,cliffs,0,1,1,ESDB_V0_4
5940,6061,closure,-11.3059,1,PASS,35,50,n,closure,LEMMA,,MASTER,0,1,1,,,,closures,0,1,1,ESDB_V0_4
5941,6062,companion,-11.3059,1,PASS,35,,n,companion,LEMMA,,MASTER,0,1,1,,,,companions,0,1,1,ESDB_V0_4
5942,6063,comparing,-11.3059,1,PASS,35,,v;n,compare;comparing,FORM;LEMMA,,MASTER,0,0,0,,,,,0,0,0,ESDB_V0_4
5943,6064,complaining,-11.3059,1,PASS,35,,v;aj,complain;complaining,FORM;LEMMA,,MASTER,0,0,0,,,,,0,0,0,ESDB_V0_4
5944,6065,complexity,-11.3059,1,PASS,35,,n,complexity,LEMMA,,MASTER,0,0,0,,,,,0,0,0,ESDB_V0_4
5945,6066,connecting,-11.3059,1,PASS,35,,v,connect,FORM,,MASTER,0,0,0,,,,,0,0,0,ESDB_V0_4
5946,6067,consultant,-11.3059,1,PASS,35,,n,consultant,LEMMA,,MASTER,0,1,1,,,,consultants,0,1,1,ESDB_V0_4
5947,6068,counted,-11.3059,1,PASS,35,,n_v,count,FORM,,MASTER,0,0,0,,,,,0,0,0,ESDB_V0_4
5948,6069,curriculum,-11.3059,1,PASS,35,,n,curriculum,LEMMA,,MASTER,0,0,0,,,,,0,0,0,ESDB_V0_4
5949,6070,darling,-11.3059,1,PASS,35,50,n;aj,darling,LEMMA,,MASTER,0,0,0,,,,,0,0,0,ESDB_V0_4
5950,6071,declare,-11.3059,1,PASS,35,,v,declare,LEMMA,,MASTER,0,1,1,,,,declared;declares,0,2,2,ESDB_V0_4
5951,6072,deficit,-11.3059,1,PASS,35,,n,deficit,LEMMA,,MASTER,0,1,1,,,,deficits,0,1,1,ESDB_V0_4
5952,6073,deserved,-11.3059,1,PASS,35,,v;aj,deserve;deserved,FORM;LEMMA,,MASTER,0,1,0,,deserve,,,1,0,0,ESDB_V0_4
5953,6074,detected,-11.3059,1,PASS,35,,v;aj,detect;detected,FORM;LEMMA,,MASTER,0,0,0,,,,,0,0,0,ESDB_V0_4
5954,6075,diameter,-11.3059,1,PASS,35,,n,diameter,LEMMA,,MASTER,0,0,0,,,,,0,0,0,ESDB_V0_4
5955,6076,disability,-11.3059,1,PASS,35,,n,disability,LEMMA,,MASTER,0,0,0,,,,,0,0,0,ESDB_V0_4
5956,6077,draws,-11.3059,1,PASS,35,,n_v,draw,FORM,,MASTER,0,1,0,,draw,,,1,0,0,ESDB_V0_4
5957,6078,easter,-11.3059,0,NOT_EXACT_EN_US,,,,,,,REJECTED_AUTO,0,0,0,,,,,0,0,0,ESDB_V0_4
5958,6079,editorial,-11.3059,1,PASS,35,,n;aj,editorial,LEMMA,,MASTER,0,0,0,,,,,0,0,0,ESDB_V0_4
5959,6080,effectiveness,-11.3059,1,PASS,35,,n,effectiveness,LEMMA,,MASTER,0,0,0,,,,,0,0,0,ESDB_V0_4
5960,6081,elaborate,-11.3059,1,PASS,35,,v;aj,elaborate,LEMMA,,MASTER,0,1,1,,,,elaborated,0,1,1,ESDB_V0_4
5961,6082,elephant,-11.3059,1,PASS,35,,n,elephant,LEMMA,,MASTER,0,1,1,,,,elephants,0,1,1,ESDB_V0_4
5962,6083,embrace,-11.3059,1,PASS,35,,n_v,embrace,LEMMA,,MASTER,0,1,1,,,,embraced;embraces,0,2,2,ESDB_V0_4
5963,6084,emily,-11.3059,0,NOT_EXACT_EN_US,,,,,,,REJECTED_AUTO,0,0,0,,,,,0,0,0,ESDB_V0_4
5964,6085,expedition,-11.3059,1,PASS,35,,n,expedition,LEMMA,,MASTER,0,1,1,,,,expeditions,0,1,1,ESDB_V0_4
5965,6086,feminist,-11.3059,1,PASS,35,,n;aj,feminist,LEMMA,,MASTER,0,1,1,,,,feminists,0,1,1,ESDB_V0_4
5966,6087,flame,-11.3059,1,PASS,35,,n_v,flame,LEMMA,,MASTER,0,1,1,lame,,,flames,1,1,1,ESDB_V0_4
5967,6088,freezing,-11.3059,1,PASS,35,,n_v;n,freeze;freezing,FORM;LEMMA,,MASTER,0,0,0,,,,,0,0,0,ESDB_V0_4
5968,6089,fruits,-11.3059,1,PASS,35,,n;v,fruit,FORM,,MASTER,0,1,0,,fruit,,,1,0,0,ESDB_V0_4
5969,6090,gentle,-11.3059,1,PASS,35,,v;aj,gentle,LEMMA,,MASTER,0,0,0,,,,,0,0,0,ESDB_V0_4
5970,6091,goin,-11.3059,0,NOT_EXACT_EN_US,,,,,,,REJECTED_AUTO,0,0,0,,,,,0,0,0,ESDB_V0_4
5971,6092,graph,-11.3059,1,PASS,35,,n_v,graph,LEMMA,,MASTER,0,1,1,,,,graphs,0,1,1,ESDB_V0_4
5972,6093,guided,-11.3059,1,PASS,35,,n_v;aj,guide;guided,FORM;LEMMA,,MASTER,0,1,0,,guide,,,1,0,0,ESDB_V0_4
5973,6094,harvey,-11.3059,0,NOT_EXACT_EN_US,,,,,,,REJECTED_AUTO,0,0,0,,,,,0,0,0,ESDB_V0_4
5974,6095,heights,-11.3059,1,PASS,35,,n,height,FORM,,MASTER,0,1,0,,height,,,1,0,0,ESDB_V0_4
5975,6096,hybrid,-11.3059,1,PASS,35,,n;aj,hybrid,LEMMA,,MASTER,0,1,1,,,,hybrids,0,1,1,ESDB_V0_4
5976,6097,indicating,-11.3059,1,PASS,35,,v,indicate,FORM,,MASTER,0,0,0,,,,,0,0,0,ESDB_V0_4
5977,6098,installation,-11.3059,1,PASS,35,,n,installation,LEMMA,,MASTER,0,1,1,,,,installations,0,1,1,ESDB_V0_4
5978,6099,intensive,-11.3059,1,PASS,35,,n;aj,intensive,LEMMA,,MASTER,0,0,0,,,,,0,0,0,ESDB_V0_4
5979,6100,intentions,-11.3059,1,PASS,35,,n,intention,FORM,,MASTER,0,1,0,,intention,,,1,0,0,ESDB_V0_4
5980,6101,iowa,-11.3059,0,NOT_EXACT_EN_US,,,,,,,REJECTED_AUTO,0,0,0,,,,,0,0,0,ESDB_V0_4
5981,6102,laughter,-11.3059,1,PASS,35,,n,laughter,LEMMA,,MASTER,0,1,1,,,slaughter,,0,1,0,ESDB_V0_4
5982,6103,layers,-11.3059,1,PASS,35,,n_v,layer,FORM,,MASTER,0,1,1,,layer,players,,1,1,0,ESDB_V0_4
5983,6104,matching,-11.3059,1,PASS,35,,n_v;aj,match;matching,FORM;LEMMA,,MASTER,0,0,0,,,,,0,0,0,ESDB_V0_4
5984,6105,md,-11.3059,0,NOT_EXACT_EN_US,,,,,,,REJECTED_AUTO,0,0,0,,,,,0,0,0,ESDB_V0_4
5985,6106,micro,-11.3059,1,PASS,60,,n;aj,micro,LEMMA,,MASTER,0,0,0,,,,,0,0,0,ESDB_V0_4
5986,6107,minded,-11.3059,1,PASS,35,,n_v;aj,mind;minded,FORM;LEMMA,,MASTER,0,0,0,,,,,0,0,0,ESDB_V0_4
5987,6108,musicians,-11.3059,1,PASS,35,,n,musician,FORM,,MASTER,0,1,0,,musician,,,1,0,0,ESDB_V0_4
5988,6109,nancy,-11.3059,0,NOT_EXACT_EN_US,,,,,,,REJECTED_AUTO,0,0,0,,,,,0,0,0,ESDB_V0_4
5989,6110,nonetheless,-11.3059,1,PASS,35,,av,nonetheless,LEMMA,,MASTER,0,0,0,,,,,0,0,0,ESDB_V0_4
5990,6111,openly,-11.3059,1,PASS,35,,av,openly,LEMMA,,MASTER,0,0,0,,,,,0,0,0,ESDB_V0_4
5991,6112,outcomes,-11.3059,1,PASS,35,,n,outcome,FORM,,MASTER,0,1,0,,outcome,,,1,0,0,ESDB_V0_4
5992,6113,passport,-11.3059,1,PASS,35,,n,passport,LEMMA,,MASTER,0,1,1,,,,passports,0,1,1,ESDB_V0_4
5993,6114,pepper,-11.3059,1,PASS,35,,n_v,pepper,LEMMA,,MASTER,0,1,1,,,,peppers,0,1,1,ESDB_V0_4
5994,6115,pete,-11.3059,0,NOT_EXACT_EN_US,,,,,,,REJECTED_AUTO,0,0,0,,,,,0,0,0,ESDB_V0_4
5995,6116,politically,-11.3059,1,PASS,35,,av,politically,LEMMA,,MASTER,0,0,0,,,,,0,0,0,ESDB_V0_4
5996,6117,potato,-11.3059,1,PASS,35,,n,potato,LEMMA,,MASTER,0,0,0,,,,,0,0,0,ESDB_V0_4
5997,6118,predicted,-11.3059,1,PASS,35,,v,predict,FORM,,MASTER,0,0,0,,,,,0,0,0,ESDB_V0_4
5998,6119,proceeds,-11.3059,1,PASS,35,,v;n,proceed;proceeds,FORM;LEMMA,,MASTER,0,1,0,,proceed,,,1,0,0,ESDB_V0_4
5999,6120,protests,-11.3059,1,PASS,35,,n_v,protest,FORM,,MASTER,0,1,0,,protest,,,1,0,0,ESDB_V0_4
6000,6121,provider,-11.3059,1,PASS,35,,n,provider,LEMMA,,MASTER,0,1,1,,provide,,providers,1,1,1,ESDB_V0_4
6001,6122,pussy,-11.3059,1,PASS,35,,n;aj,pussy,LEMMA,,MASTER,0,0,0,,,,,0,0,0,ESDB_V0_4
6002,6123,rachel,-11.3059,0,NOT_EXACT_EN_US,,,,,,,REJECTED_AUTO,0,0,0,,,,,0,0,0,ESDB_V0_4
6003,6124,rational,-11.3059,1,PASS,35,,n;aj,rational,LEMMA,,MASTER,0,1,1,,,,rationale,0,1,0,ESDB_V0_4
6004,6125,rats,-11.3059,1,PASS,35,,n_v,rat,FORM,,MASTER,0,1,0,,rat,,,1,0,0,ESDB_V0_4
6005,6126,reasonably,-11.3059,1,PASS,35,,av,reasonably,LEMMA,,MASTER,0,0,0,,,,,0,0,0,ESDB_V0_4
6006,6127,rebels,-11.3059,1,PASS,35,,n_v,rebel,FORM,,MASTER,0,1,0,,rebel,,,1,0,0,ESDB_V0_4
6007,6128,resume,-11.3059,1,PASS,35,,v;n,resume,LEMMA,,MASTER,0,1,1,,,presume,resumed;resumes,0,3,2,ESDB_V0_4
6008,6129,rhythm,-11.3059,1,PASS,35,,n,rhythm,LEMMA,,MASTER,0,1,1,,,,rhythms,0,1,1,ESDB_V0_4
6009,6130,riot,-11.3059,1,PASS,35,,n_v,riot,LEMMA,,MASTER,0,1,1,,,,riots,0,1,1,ESDB_V0_4
6010,6131,safer,-11.3059,1,PASS,35,,aj,safe,FORM,,MASTER,0,1,0,,safe,,,1,0,0,ESDB_V0_4
6011,6132,sectors,-11.3059,1,PASS,35,,n,sector,FORM,,MASTER,0,1,0,,sector,,,1,0,0,ESDB_V0_4
6012,6134,sophisticated,-11.3059,1,PASS,35,,n_v;aj,sophisticate;sophisticated,FORM;LEMMA,,MASTER,0,0,0,,,,,0,0,0,ESDB_V0_4
6013,6135,specialized,-11.3059,1,PASS,35,,v;aj,specialize;specialized,FORM;LEMMA,,MASTER,0,1,0,,specialize,,,1,0,0,ESDB_V0_4
6014,6136,statue,-11.3059,1,PASS,35,,n,statue,LEMMA,,MASTER,0,1,1,,,,statues,0,1,1,ESDB_V0_4
6015,6137,sterling,-11.3059,1,PASS,35,50,n;aj,sterling,LEMMA,,MASTER,0,0,0,,,,,0,0,0,ESDB_V0_4
6016,6138,streaming,-11.3059,1,PASS,35,,n_v;n;aj,stream;streaming,FORM;LEMMA,,MASTER,0,0,0,,,,,0,0,0,ESDB_V0_4
6017,6139,streams,-11.3059,1,PASS,35,,n_v,stream,FORM,,MASTER,0,1,0,,stream,,,1,0,0,ESDB_V0_4
6018,6140,stunning,-11.3059,1,PASS,35,,v;aj,stun;stunning,FORM;LEMMA,,MASTER,0,0,0,,,,,0,0,0,ESDB_V0_4
6019,6141,substances,-11.3059,1,PASS,35,,n,substance,FORM,,MASTER,0,1,0,,substance,,,1,0,0,ESDB_V0_4
6020,6142,survivors,-11.3059,1,PASS,35,,n,survivor,FORM,,MASTER,0,1,0,,survivor,,,1,0,0,ESDB_V0_4
6021,6143,suspicious,-11.3059,1,PASS,35,,aj,suspicious,LEMMA,,MASTER,0,0,0,,,,,0,0,0,ESDB_V0_4
6022,6144,symbols,-11.3059,1,PASS,35,,n,symbol,FORM,,MASTER,0,1,0,,symbol,,,1,0,0,ESDB_V0_4
6023,6145,temporarily,-11.3059,1,PASS,35,,av,temporarily,LEMMA,,MASTER,0,0,0,,,,,0,0,0,ESDB_V0_4
6024,6146,testament,-11.3059,1,PASS,35,,n,testament,LEMMA,,MASTER,0,0,0,,,,,0,0,0,ESDB_V0_4
6025,6147,thai,-11.3059,0,NOT_EXACT_EN_US,,,,,,,REJECTED_AUTO,0,0,0,,,,,0,0,0,ESDB_V0_4
6026,6148,tolerance,-11.3059,1,PASS,35,,n,tolerance,LEMMA,,MASTER,0,0,0,,,,,0,0,0,ESDB_V0_4
6027,6149,traditionally,-11.3059,1,PASS,35,,av,traditionally,LEMMA,,MASTER,0,0,0,,,,,0,0,0,ESDB_V0_4
6028,6150,trauma,-11.3059,1,PASS,35,,n,trauma,LEMMA,,MASTER,0,0,0,,,,,0,0,0,ESDB_V0_4
6029,6151,tricks,-11.3059,1,PASS,35,,n_v,trick,FORM,,MASTER,0,1,0,,trick,,,1,0,0,ESDB_V0_4
6030,6152,turner,-11.3059,1,PASS,35,50,n,turner,LEMMA,,MASTER,0,0,0,,,,,0,0,0,ESDB_V0_4
6031,6153,und,-11.3059,0,NOT_EXACT_EN_US,,,,,,,REJECTED_AUTO,0,0,0,,,,,0,0,0,ESDB_V0_4
6032,6154,unlimited,-11.3059,1,PASS,35,,aj,unlimited,LEMMA,,MASTER,0,0,0,,,,,0,0,0,ESDB_V0_4
6033,6156,withdrawal,-11.3059,1,PASS,35,,n,withdrawal,LEMMA,,MASTER,0,1,1,,,,withdrawals,0,1,1,ESDB_V0_4
6034,6157,yup,-11.3059,1,PASS,50,,n;a,yup,LEMMA,,MASTER,0,1,0,up,,,,1,0,0,ESDB_V0_4
6035,6159,agrees,-11.3306,1,PASS,35,,v,agree,FORM,,MASTER,0,1,0,,agree,,,1,0,0,ESDB_V0_4
6036,6160,altogether,-11.3306,1,PASS,35,,av,altogether,LEMMA,,MASTER,0,0,0,,,,,0,0,0,ESDB_V0_4
6037,6161,arise,-11.3306,1,PASS,35,,v,arise,LEMMA,,MASTER,0,1,1,rise,,,arises;arisen,1,2,2,ESDB_V0_4
6038,6162,availability,-11.3306,1,PASS,35,,n,availability,LEMMA,,MASTER,0,0,0,,,,,0,0,0,ESDB_V0_4
6039,6163,basket,-11.3306,1,PASS,35,,n,basket,LEMMA,,MASTER,0,1,1,,,,baskets,0,1,1,ESDB_V0_4
6040,6164,bend,-11.3306,1,PASS,35,60,n_v,bend,LEMMA,,MASTER,0,1,1,end,,,bends,1,1,1,ESDB_V0_4
6041,6165,canon,-11.3306,1,PASS,35,50,n,canon,LEMMA,,MASTER,0,0,0,,,,,0,0,0,ESDB_V0_4
6042,6166,carpet,-11.3306,1,PASS,35,,n_v,carpet,LEMMA,,MASTER,0,1,1,,,,carpets,0,1,1,ESDB_V0_4
6043,6167,casting,-11.3306,1,PASS,35,,n_v;n,cast;casting,FORM;LEMMA,,MASTER,0,0,0,,,,,0,0,0,ESDB_V0_4
6044,6168,cbs,-11.3306,0,NOT_EXACT_EN_US,,,,,,,REJECTED_AUTO,0,0,0,,,,,0,0,0,ESDB_V0_4
6045,6169,cf,-11.3306,0,NO_ESDB_GENERAL_EVIDENCE,,,,,,,REJECTED_AUTO,0,0,0,,,,,0,0,0,ESDB_V0_4
6046,6170,chambers,-11.3306,1,PASS,35,50,n,chamber,FORM,,MASTER,0,1,0,,chamber,,,1,0,0,ESDB_V0_4
6047,6171,chapel,-11.3306,1,PASS,35,,n;a,chapel,LEMMA,,MASTER,0,0,0,,,,,0,0,0,ESDB_V0_4
6048,6172,characterized,-11.3306,1,PASS,35,,v,characterize,FORM,,MASTER,0,1,0,,characterize,,,1,0,0,ESDB_V0_4
6049,6173,charts,-11.3306,1,PASS,35,,n_v,chart,FORM,,MASTER,0,1,0,,chart,,,1,0,0,ESDB_V0_4
6050,6174,chick,-11.3306,1,PASS,35,,n,chick,LEMMA,,MASTER,0,1,1,,chic,,chicks,1,1,1,ESDB_V0_4
6051,6175,cigarettes,-11.3306,1,PASS,35,,n,cigarette,FORM,,MASTER,0,1,0,,cigarette,,,1,0,0,ESDB_V0_4
6052,6176,collins,-11.3306,0,NOT_EXACT_EN_US,,,,,,,REJECTED_AUTO,0,0,0,,,,,0,0,0,ESDB_V0_4
6053,6177,colored,-11.3306,1,PASS,35,,n_v;n;aj,color;colored,FORM;LEMMA,,MASTER,0,0,0,,,,,0,0,0,ESDB_V0_4
6054,6178,considerably,-11.3306,1,PASS,35,,av,considerably,LEMMA,,MASTER,0,0,0,,,,,0,0,0,ESDB_V0_4
6055,6179,cups,-11.3306,1,PASS,35,,n_v,cup,FORM,,MASTER,0,1,0,ups,cup,,,2,0,0,ESDB_V0_4
6056,6180,curse,-11.3306,1,PASS,35,,n_v,curse,LEMMA,,MASTER,0,1,1,,,,cursed,0,1,1,ESDB_V0_4
6057,6181,czech,-11.3306,0,NOT_EXACT_EN_US,,,,,,,REJECTED_AUTO,0,0,0,,,,,0,0,0,ESDB_V0_4
6058,6182,deciding,-11.3306,1,PASS,35,,v;n;aj,decide;deciding,FORM;LEMMA,,MASTER,0,0,0,,,,,0,0,0,ESDB_V0_4
6059,6183,dimension,-11.3306,1,PASS,35,,n,dimension,LEMMA,,MASTER,0,1,1,,,,dimensions,0,1,1,ESDB_V0_4
6060,6184,elder,-11.3306,1,PASS,35,,n;aj,elder;old,LEMMA;FORM,,MASTER,0,1,1,,,,elders,0,1,1,ESDB_V0_4
6061,6185,eliminated,-11.3306,1,PASS,35,,v,eliminate,FORM,,MASTER,0,1,0,,eliminate,,,1,0,0,ESDB_V0_4
6062,6186,enterprises,-11.3306,1,PASS,35,,n,enterprise,FORM,,MASTER,0,1,0,,enterprise,,,1,0,0,ESDB_V0_4
6063,6187,evident,-11.3306,1,PASS,35,,aj,evident,LEMMA,,MASTER,0,0,0,,,,,0,0,0,ESDB_V0_4
6064,6188,excellence,-11.3306,1,PASS,35,,n,excellence,LEMMA,,MASTER,0,0,0,,,,,0,0,0,ESDB_V0_4
6065,6189,exhausted,-11.3306,1,PASS,35,,n_v;aj,exhaust;exhausted,FORM;LEMMA,,MASTER,0,0,0,,,,,0,0,0,ESDB_V0_4
6066,6190,financing,-11.3306,1,PASS,35,,n_v;n,finance;financing,FORM;LEMMA,,MASTER,0,0,0,,,,,0,0,0,ESDB_V0_4
6067,6191,focuses,-11.3306,1,PASS,35,,n;v,focus,FORM,,MASTER,0,0,0,,,,,0,0,0,ESDB_V0_4
6068,6192,freeze,-11.3306,1,PASS,35,,n_v,freeze,LEMMA,,MASTER,0,1,1,,,,freezer;freezes,0,2,1,ESDB_V0_4
6069,6193,graduated,-11.3306,1,PASS,35,,n_v;aj,graduate;graduated,FORM;LEMMA,,MASTER,0,1,0,,graduate,,,1,0,0,ESDB_V0_4
6070,6194,grandma,-11.3306,1,PASS,40,,n,grandma,LEMMA,,MASTER,0,0,0,,,,,0,0,0,ESDB_V0_4
6071,6195,hatred,-11.3306,1,PASS,35,,n,hatred,LEMMA,,MASTER,0,0,0,,,,,0,0,0,ESDB_V0_4
6072,6196,haven,-11.3306,1,PASS,35,,n,haven,LEMMA,,MASTER,0,1,0,,have,,,1,0,0,ESDB_V0_4
6073,6197,ignorance,-11.3306,1,PASS,35,,n,ignorance,LEMMA,,MASTER,0,0,0,,,,,0,0,0,ESDB_V0_4
6074,6198,independently,-11.3306,1,PASS,35,,av,independently,LEMMA,,MASTER,0,0,0,,,,,0,0,0,ESDB_V0_4
6075,6199,inevitable,-11.3306,1,PASS,35,,n;aj,inevitable,LEMMA,,MASTER,0,0,0,,,,,0,0,0,ESDB_V0_4
6076,6200,influences,-11.3306,1,PASS,35,,n_v,influence,FORM,,MASTER,0,1,0,,influence,,,1,0,0,ESDB_V0_4
6077,6201,initiated,-11.3306,1,PASS,35,,n_v,initiate,FORM,,MASTER,0,1,0,,initiate,,,1,0,0,ESDB_V0_4
6078,6202,innovative,-11.3306,1,PASS,35,,aj,innovative,LEMMA,,MASTER,0,0,0,,,,,0,0,0,ESDB_V0_4
6079,6203,interactions,-11.3306,1,PASS,35,,n,interaction,FORM,,MASTER,0,1,0,,interaction,,,1,0,0,ESDB_V0_4
6080,6204,ion,-11.3306,1,PASS,35,,n,ion,LEMMA,,MASTER,0,1,1,on,,lion,ions,1,2,1,ESDB_V0_4
6081,6205,iraqi,-11.3306,0,NOT_EXACT_EN_US,,,,,,,REJECTED_AUTO,0,0,0,,,,,0,0,0,ESDB_V0_4
6082,6206,jeremy,-11.3306,0,NOT_EXACT_EN_US,,,,,,,REJECTED_AUTO,0,0,0,,,,,0,0,0,ESDB_V0_4
6083,6207,lip,-11.3306,1,PASS,35,,n;a,lip,LEMMA,,MASTER,0,1,1,,,slip;clip;flip,lips,0,4,1,ESDB_V0_4
6084,6208,loading,-11.3306,1,PASS,35,,n_v;n,load;loading,FORM;LEMMA,,MASTER,0,0,0,,,,,0,0,0,ESDB_V0_4
6085,6209,machinery,-11.3306,1,PASS,35,,n,machinery,LEMMA,,MASTER,0,0,0,,,,,0,0,0,ESDB_V0_4
6086,6210,manhattan,-11.3306,0,NOT_EXACT_EN_US,,,,,,,REJECTED_AUTO,0,0,0,,,,,0,0,0,ESDB_V0_4
6087,6211,masses,-11.3306,1,PASS,35,,n_v,mass,FORM,,MASTER,0,1,0,asses,,,,1,0,0,ESDB_V0_4
6088,6212,mathematical,-11.3306,1,PASS,35,,aj,mathematical,LEMMA,,MASTER,0,0,0,,,,,0,0,0,ESDB_V0_4
6089,6213,mild,-11.3306,1,PASS,35,,n;aj,mild,LEMMA,,MASTER,0,1,0,,mil,,,1,0,0,ESDB_V0_4
6090,6214,mineral,-11.3306,1,PASS,35,,n;aj,mineral,LEMMA,,MASTER,0,1,1,,,,minerals,0,1,1,ESDB_V0_4
6091,6215,moses,-11.3306,0,NOT_EXACT_EN_US,,,,,,,REJECTED_AUTO,0,0,0,,,,,0,0,0,ESDB_V0_4
6092,6216,neighbor,-11.3306,1,PASS,35,,n_v;a,neighbor,LEMMA,,MASTER,0,1,1,,,,neighbors,0,1,1,ESDB_V0_4
6093,6217,nutrition,-11.3306,1,PASS,35,,n,nutrition,LEMMA,,MASTER,0,0,0,,,,,0,0,0,ESDB_V0_4
6094,6218,orbit,-11.3306,1,PASS,35,,n_v,orbit,LEMMA,,MASTER,0,1,1,,,,orbits,0,1,1,ESDB_V0_4
6095,6219,orleans,-11.3306,0,NOT_EXACT_EN_US,,,,,,,REJECTED_AUTO,0,0,0,,,,,0,0,0,ESDB_V0_4
6096,6220,peninsula,-11.3306,1,PASS,35,,n,peninsula,LEMMA,,MASTER,0,0,0,,,,,0,0,0,ESDB_V0_4
6097,6221,plug,-11.3306,1,PASS,35,,n_v,plug,LEMMA,,MASTER,0,1,1,,,,plugs,0,1,1,ESDB_V0_4
6098,6222,poison,-11.3306,1,PASS,35,,n_v;a,poison,LEMMA,,MASTER,0,0,0,,,,,0,0,0,ESDB_V0_4
6099,6223,poorly,-11.3306,1,PASS,35,,aj_av,poorly,LEMMA,,MASTER,0,0,0,,,,,0,0,0,ESDB_V0_4
6100,6224,portuguese,-11.3306,0,NOT_EXACT_EN_US,,,,,,,REJECTED_AUTO,0,0,0,,,,,0,0,0,ESDB_V0_4
6101,6225,pronounced,-11.3306,1,PASS,35,,v;aj,pronounce;pronounced,FORM;LEMMA,,MASTER,0,1,0,,pronounce,,,1,0,0,ESDB_V0_4
6102,6226,prospect,-11.3306,1,PASS,35,,n_v,prospect,LEMMA,,MASTER,0,1,1,,,,prospects,0,1,1,ESDB_V0_4
6103,6227,publish,-11.3306,1,PASS,35,,v,publish,LEMMA,,MASTER,0,0,0,,,,,0,0,0,ESDB_V0_4
6104,6228,qualities,-11.3306,1,PASS,35,,n,quality,FORM,,MASTER,0,0,0,,,,,0,0,0,ESDB_V0_4
6105,6229,railroad,-11.3306,1,PASS,35,,n_v,railroad,LEMMA,,MASTER,0,1,1,,,,railroads,0,1,1,ESDB_V0_4
6106,6230,raises,-11.3306,1,PASS,35,,n_v,raise,FORM,,MASTER,0,1,1,,raise,praises,,1,1,0,ESDB_V0_4
6107,6231,reconstruction,-11.3306,1,PASS,35,60,n,reconstruction,LEMMA,,MASTER,0,0,0,,,,,0,0,0,ESDB_V0_4
6108,6232,reportedly,-11.3306,1,PASS,35,,av,reportedly,LEMMA,,MASTER,0,0,0,,,,,0,0,0,ESDB_V0_4
6109,6233,rev,-11.3306,1,PASS,35,60,n_v,rev,LEMMA,,MASTER,0,1,0,,re,,,1,0,0,ESDB_V0_4
6110,6234,rewards,-11.3306,1,PASS,35,,n_v,reward,FORM,,MASTER,0,1,0,,reward,,,1,0,0,ESDB_V0_4
6111,6235,sealed,-11.3306,1,PASS,35,,n_v;aj,seal;sealed,FORM;LEMMA,,MASTER,0,0,0,,,,,0,0,0,ESDB_V0_4
6112,6236,selfish,-11.3306,1,PASS,35,,aj,selfish,LEMMA,,MASTER,0,0,0,,,,,0,0,0,ESDB_V0_4
6113,6237,skull,-11.3306,1,PASS,35,,n,skull,LEMMA,,MASTER,0,1,1,,,,skulls,0,1,1,ESDB_V0_4
6114,6238,ss,-11.3306,0,NOT_EXACT_EN_US,,,,,,,REJECTED_AUTO,0,0,0,,,,,0,0,0,ESDB_V0_4
6115,6239,subtle,-11.3306,1,PASS,35,,aj,subtle,LEMMA,,MASTER,0,0,0,,,,,0,0,0,ESDB_V0_4
6116,6240,sur,-11.3306,0,NOT_EXACT_EN_US,,,,,,,REJECTED_AUTO,0,0,0,,,,,0,0,0,ESDB_V0_4
6117,6241,surgeon,-11.3306,1,PASS,35,,n,surgeon,LEMMA,,MASTER,0,1,1,,,,surgeons,0,1,1,ESDB_V0_4
6118,6242,terrorists,-11.3306,1,PASS,35,,n,terrorist,FORM,,MASTER,0,1,0,,terrorist,,,1,0,0,ESDB_V0_4
6119,6243,tier,-11.3306,1,PASS,35,,n,tier,LEMMA,,MASTER,0,1,0,,tie,,,1,0,0,ESDB_V0_4
6120,6244,toll,-11.3306,1,PASS,35,,n_v,toll,LEMMA,,MASTER,0,1,1,,,,tolls,0,1,1,ESDB_V0_4
6121,6245,tragic,-11.3306,1,PASS,35,,aj,tragic,LEMMA,,MASTER,0,0,0,,,,,0,0,0,ESDB_V0_4
6122,6246,victorian,-11.3306,0,NOT_EXACT_EN_US,,,,,,,REJECTED_AUTO,0,0,0,,,,,0,0,0,ESDB_V0_4
6123,6247,vocal,-11.3306,1,PASS,35,,n;aj,vocal,LEMMA,,MASTER,0,1,1,,,,vocals,0,1,1,ESDB_V0_4
6124,6248,warner,-11.3306,0,NOT_EXACT_EN_US,,,,,,,REJECTED_AUTO,0,0,0,,,,,0,0,0,ESDB_V0_4
6125,6249,wasting,-11.3306,1,PASS,35,,n_v;n,waste;wasting,FORM;LEMMA,,MASTER,0,0,0,,,,,0,0,0,ESDB_V0_4
6126,6250,wives,-11.3306,1,PASS,35,,n;v,wife;wive,FORM,,MASTER,0,0,0,,,,,0,0,0,ESDB_V0_4
6127,6252,wounds,-11.3306,1,PASS,35,,n_v,wound,FORM,,MASTER,0,1,0,,wound,,,1,0,0,ESDB_V0_4
6128,6254,acres,-11.3559,1,PASS,35,,n,acre,FORM,,MASTER,0,1,0,,acre,,,1,0,0,ESDB_V0_4
6129,6255,affordable,-11.3559,1,PASS,35,,aj,affordable,LEMMA,,MASTER,0,0,0,,,,,0,0,0,ESDB_V0_4
6130,6256,amsterdam,-11.3559,0,NOT_EXACT_EN_US,,,,,,,REJECTED_AUTO,0,0,0,,,,,0,0,0,ESDB_V0_4
6131,6257,arabia,-11.3559,0,NOT_EXACT_EN_US,,,,,,,REJECTED_AUTO,0,0,0,,,,,0,0,0,ESDB_V0_4
6132,6258,arabic,-11.3559,0,NOT_EXACT_EN_US,,,,,,,REJECTED_AUTO,0,0,0,,,,,0,0,0,ESDB_V0_4
6133,6259,axis,-11.3559,1,PASS,35,60,n,axis,LEMMA,,MASTER,0,1,1,,,taxis,,0,1,0,ESDB_V0_4
6134,6260,babe,-11.3559,1,PASS,35,,n,babe,LEMMA,,MASTER,0,0,0,,,,,0,0,0,ESDB_V0_4
6135,6261,backs,-11.3559,1,PASS,35,,n_v,back,FORM,,MASTER,0,1,0,,back,,,1,0,0,ESDB_V0_4
6136,6262,breed,-11.3559,1,PASS,35,,n_v,breed,LEMMA,,MASTER,0,1,1,reed,,,breeds,1,1,1,ESDB_V0_4
6137,6263,casual,-11.3559,1,PASS,35,,n;aj,casual,LEMMA,,MASTER,0,0,0,,,,,0,0,0,ESDB_V0_4
6138,6264,census,-11.3559,1,PASS,35,,n_v,census,LEMMA,,MASTER,0,0,0,,,,,0,0,0,ESDB_V0_4
6139,6265,cigarette,-11.3559,1,PASS,35,,n,cigarette,LEMMA,,MASTER,0,1,1,,,,cigarettes,0,1,1,ESDB_V0_4
6140,6266,clause,-11.3559,1,PASS,35,,n,clause,LEMMA,,MASTER,0,1,1,,,,clauses,0,1,1,ESDB_V0_4
6141,6267,compounds,-11.3559,1,PASS,35,,n_v,compound,FORM,,MASTER,0,1,0,,compound,,,1,0,0,ESDB_V0_4
6142,6268,condemned,-11.3559,1,PASS,35,,v,condemn,FORM,,MASTER,0,0,0,,,,,0,0,0,ESDB_V0_4
6143,6269,conducting,-11.3559,1,PASS,35,,v;n,conduct;conducting,FORM;LEMMA,,MASTER,0,0,0,,,,,0,0,0,ESDB_V0_4
6144,6270,constitute,-11.3559,1,PASS,35,,v,constitute,LEMMA,,MASTER,0,1,1,,,,constitutes;constituted,0,2,2,ESDB_V0_4
6145,6271,cope,-11.3559,1,PASS,35,,n_v,cope,LEMMA,,MASTER,0,1,1,,cop,scope,,1,1,0,ESDB_V0_4
6146,6272,corners,-11.3559,1,PASS,35,,n_v,corner,FORM,,MASTER,0,1,0,,corner,,,1,0,0,ESDB_V0_4
6147,6273,deer,-11.3559,1,PASS,35,,n,deer,LEMMA;FORM,,MASTER,0,0,0,,,,,0,0,0,ESDB_V0_4
6148,6274,defenders,-11.3559,1,PASS,35,,n,defender,FORM,,MASTER,0,1,0,,defender,,,1,0,0,ESDB_V0_4
6149,6275,delighted,-11.3559,1,PASS,35,,n_v;aj,delight;delighted,FORM;LEMMA,,MASTER,0,0,0,,,,,0,0,0,ESDB_V0_4
6150,6276,delta,-11.3559,1,PASS,35,50,n,delta,LEMMA,,MASTER,0,0,0,,,,,0,0,0,ESDB_V0_4
6151,6277,descent,-11.3559,1,PASS,35,,n,descent,LEMMA,,MASTER,0,0,0,,,,,0,0,0,ESDB_V0_4
6152,6278,destroying,-11.3559,1,PASS,35,,v,destroy,FORM,,MASTER,0,0,0,,,,,0,0,0,ESDB_V0_4
6153,6279,detect,-11.3559,1,PASS,35,,v,detect,LEMMA,,MASTER,0,0,0,,,,,0,0,0,ESDB_V0_4
6154,6280,diesel,-11.3559,1,PASS,35,,n_v;a,diesel,LEMMA,,MASTER,0,0,0,,,,,0,0,0,ESDB_V0_4
6155,6281,differ,-11.3559,1,PASS,35,,v,differ,LEMMA,,MASTER,0,1,1,,,,differs,0,1,1,ESDB_V0_4
6156,6282,enhanced,-11.3559,1,PASS,35,,v;aj,enhance;enhanced,FORM;LEMMA,,MASTER,0,1,0,,enhance,,,1,0,0,ESDB_V0_4
6157,6283,enters,-11.3559,1,PASS,35,,v,enter,FORM,,MASTER,0,1,1,,enter,centers,,1,1,0,ESDB_V0_4
6158,6284,es,-11.3559,0,NOT_EXACT_EN_US,,,,,,,REJECTED_AUTO,0,0,0,,,,,0,0,0,ESDB_V0_4
6159,6285,exceptions,-11.3559,1,PASS,35,,n,exception,FORM,,MASTER,0,1,0,,exception,,,1,0,0,ESDB_V0_4
6160,6286,glorious,-11.3559,1,PASS,35,,aj,glorious,LEMMA,,MASTER,0,0,0,,,,,0,0,0,ESDB_V0_4
6161,6287,hostile,-11.3559,1,PASS,35,,n;aj,hostile,LEMMA,,MASTER,0,0,0,,,,,0,0,0,ESDB_V0_4
6162,6288,hurting,-11.3559,1,PASS,35,,n_v;n,hurt;hurting,FORM;LEMMA,,MASTER,0,0,0,,,,,0,0,0,ESDB_V0_4
6163,6289,interactive,-11.3559,1,PASS,35,,aj,interactive,LEMMA,,MASTER,0,0,0,,,,,0,0,0,ESDB_V0_4
6164,6290,intermediate,-11.3559,1,PASS,35,,n;aj,intermediate,LEMMA,,MASTER,0,0,0,,,,,0,0,0,ESDB_V0_4
6165,6291,jets,-11.3559,1,PASS,35,,n_v,jet,FORM,,MASTER,0,1,0,,jet,,,1,0,0,ESDB_V0_4
6166,6292,judging,-11.3559,1,PASS,35,,n_v;n,judge;judging,FORM;LEMMA,,MASTER,0,0,0,,,,,0,0,0,ESDB_V0_4
6167,6293,keyboard,-11.3559,1,PASS,35,,n_v,keyboard,LEMMA,,MASTER,0,1,1,,,,keyboards,0,1,1,ESDB_V0_4
6168,6294,legends,-11.3559,1,PASS,35,,n,legend,FORM,,MASTER,0,1,0,,legend,,,1,0,0,ESDB_V0_4
6169,6295,licence,-11.3559,0,NOT_EXACT_EN_US,,,,,,,REJECTED_AUTO,0,0,0,,,,,0,0,0,ESDB_V0_4
6170,6296,lied,-11.3559,1,PASS,35,,v;n,lie;lied,FORM;LEMMA,,MASTER,0,1,0,,lie,,,1,0,0,ESDB_V0_4
6171,6297,linear,-11.3559,1,PASS,35,,aj,linear,LEMMA,,MASTER,0,0,0,,,,,0,0,0,ESDB_V0_4
6172,6298,locally,-11.3559,1,PASS,35,,av,locally,LEMMA,,MASTER,0,0,0,,,,,0,0,0,ESDB_V0_4
6173,6299,magnificent,-11.3559,1,PASS,35,,aj,magnificent,LEMMA,,MASTER,0,0,0,,,,,0,0,0,ESDB_V0_4
6174,6300,mandatory,-11.3559,1,PASS,35,,aj,mandatory,LEMMA,,MASTER,0,0,0,,,,,0,0,0,ESDB_V0_4
6175,6301,manufactured,-11.3559,1,PASS,35,,v;aj,manufacture;manufactured,FORM;LEMMA,,MASTER,0,1,0,,manufacture,,,1,0,0,ESDB_V0_4
6176,6302,maritime,-11.3559,1,PASS,35,,aj,maritime,LEMMA,,MASTER,0,0,0,,,,,0,0,0,ESDB_V0_4
6177,6303,mentions,-11.3559,1,PASS,35,,n_v,mention,FORM,,MASTER,0,1,0,,mention,,,1,0,0,ESDB_V0_4
6178,6304,miserable,-11.3559,1,PASS,35,,aj,miserable,LEMMA,,MASTER,0,0,0,,,,,0,0,0,ESDB_V0_4
6179,6305,mississippi,-11.3559,0,NOT_EXACT_EN_US,,,,,,,REJECTED_AUTO,0,0,0,,,,,0,0,0,ESDB_V0_4
6180,6306,missouri,-11.3559,0,NOT_EXACT_EN_US,,,,,,,REJECTED_AUTO,0,0,0,,,,,0,0,0,ESDB_V0_4
6181,6307,monsters,-11.3559,1,PASS,35,,n,monster,FORM,,MASTER,0,1,0,,monster,,,1,0,0,ESDB_V0_4
6182,6308,myth,-11.3559,1,PASS,35,,n,myth,LEMMA,,MASTER,0,1,1,,,,myths,0,1,1,ESDB_V0_4
6183,6310,oklahoma,-11.3559,0,NOT_EXACT_EN_US,,,,,,,REJECTED_AUTO,0,0,0,,,,,0,0,0,ESDB_V0_4
6184,6311,organs,-11.3559,1,PASS,35,,n,organ,FORM,,MASTER,0,1,0,,organ,,,1,0,0,ESDB_V0_4
6185,6312,pale,-11.3559,1,PASS,35,,n_v;aj,pale,LEMMA,,MASTER,0,1,0,ale,pal,,,2,0,0,ESDB_V0_4
6186,6313,pearl,-11.3559,1,PASS,35,50,n_v;a,pearl,LEMMA,,MASTER,0,1,1,earl,pear,,pearls,2,1,1,ESDB_V0_4
6187,6314,penalties,-11.3559,1,PASS,35,,n,penalty,FORM,,MASTER,0,0,0,,,,,0,0,0,ESDB_V0_4
6188,6315,permanently,-11.3559,1,PASS,35,,av,permanently,LEMMA,,MASTER,0,0,0,,,,,0,0,0,ESDB_V0_4
6189,6316,pile,-11.3559,1,PASS,35,,n_v,pile,LEMMA,,MASTER,0,1,1,,,,piles;piled,0,2,2,ESDB_V0_4
6190,6317,playoff,-11.3559,1,PASS,40,,n,playoff,LEMMA,,MASTER,0,1,1,,,,playoffs,0,1,1,ESDB_V0_4
6191,6318,potatoes,-11.3559,1,PASS,35,,n,potato,FORM,,MASTER,0,0,0,,,,,0,0,0,ESDB_V0_4
6192,6319,presenting,-11.3559,1,PASS,35,,n_v,present,FORM,,MASTER,0,0,0,,,,,0,0,0,ESDB_V0_4
6193,6320,pressed,-11.3559,1,PASS,35,,n_v;aj,press;pressed,FORM;LEMMA,,MASTER,0,0,0,,,,,0,0,0,ESDB_V0_4
6194,6321,publishers,-11.3559,1,PASS,35,,n,publisher,FORM,,MASTER,0,1,0,,publisher,,,1,0,0,ESDB_V0_4
6195,6322,realised,-11.3559,0,NOT_EXACT_EN_US,,,,,,,REJECTED_AUTO,0,0,0,,,,,0,0,0,ESDB_V0_4
6196,6323,receiver,-11.3559,1,PASS,35,,n,receiver,LEMMA,,MASTER,0,1,1,,receive,,receivers,1,1,1,ESDB_V0_4
6197,6324,recommendation,-11.3559,1,PASS,35,,n,recommendation,LEMMA,,MASTER,0,1,1,,,,recommendations,0,1,1,ESDB_V0_4
6198,6325,reject,-11.3559,1,PASS,35,,n_v,reject,LEMMA,,MASTER,0,1,1,,,,rejects,0,1,1,ESDB_V0_4
6199,6326,reminder,-11.3559,1,PASS,35,,n,reminder,LEMMA,,MASTER,0,1,1,,,,reminders,0,1,1,ESDB_V0_4
6200,6327,rotation,-11.3559,1,PASS,35,,n,rotation,LEMMA,,MASTER,0,0,0,,,,,0,0,0,ESDB_V0_4
6201,6328,ruins,-11.3559,1,PASS,35,,n_v,ruin,FORM,,MASTER,0,1,1,,ruin,bruins,,1,1,0,ESDB_V0_4
6202,6329,salad,-11.3559,1,PASS,35,,n,salad,LEMMA,,MASTER,0,1,1,,,,salads,0,1,1,ESDB_V0_4
6203,6330,scandal,-11.3559,1,PASS,35,,n,scandal,LEMMA,,MASTER,0,1,1,,,,scandals,0,1,1,ESDB_V0_4
6204,6331,sexually,-11.3559,1,PASS,35,,av,sexually,LEMMA,,MASTER,0,0,0,,,,,0,0,0,ESDB_V0_4
6205,6332,sierra,-11.3559,1,PASS,35,,n,sierra,LEMMA,,MASTER,0,0,0,,,,,0,0,0,ESDB_V0_4
6206,6333,slot,-11.3559,1,PASS,35,,n_v,slot,LEMMA,,MASTER,0,1,1,lot,,,slots,1,1,1,ESDB_V0_4
6207,6334,solved,-11.3559,1,PASS,35,,v;aj,solve;solved,FORM;LEMMA,,MASTER,0,1,0,,solve,,,1,0,0,ESDB_V0_4
6208,6335,static,-11.3559,1,PASS,35,,n;aj,static,LEMMA,,MASTER,0,0,0,,,,,0,0,0,ESDB_V0_4
6209,6336,tablet,-11.3559,1,PASS,35,,n,tablet,LEMMA,,MASTER,0,1,1,,table,,tablets,1,1,1,ESDB_V0_4
6210,6337,tackle,-11.3559,1,PASS,35,,n_v,tackle,LEMMA,,MASTER,0,1,1,,,,tackles;tackled,0,2,2,ESDB_V0_4
6211,6338,tales,-11.3559,1,PASS,35,,n,tale,FORM,,MASTER,0,1,0,,tale,,,1,0,0,ESDB_V0_4
6212,6339,tattoo,-11.3559,1,PASS,35,,n_v,tattoo,LEMMA,,MASTER,0,1,1,,,,tattoos,0,1,1,ESDB_V0_4
6213,6340,thread,-11.3559,1,PASS,35,,n_v,thread,LEMMA,,MASTER,0,1,1,,,,threads,0,1,1,ESDB_V0_4
6214,6341,throws,-11.3559,1,PASS,35,,n_v,throw,FORM,,MASTER,0,1,0,,throw,,,1,0,0,ESDB_V0_4
6215,6342,towers,-11.3559,1,PASS,35,,n_v,tower,FORM,,MASTER,0,1,0,,tower,,,1,0,0,ESDB_V0_4
6216,6343,treatments,-11.3559,1,PASS,35,,n,treatment,FORM,,MASTER,0,1,0,,treatment,,,1,0,0,ESDB_V0_4
6217,6344,wallet,-11.3559,1,PASS,35,,n,wallet,LEMMA,,MASTER,0,0,0,,,,,0,0,0,ESDB_V0_4
6218,6345,withdraw,-11.3559,1,PASS,35,,v,withdraw,LEMMA,,MASTER,0,1,1,,,,withdrawn,0,1,1,ESDB_V0_4
6219,6347,abandon,-11.3732,1,PASS,35,,v,abandon,LEMMA,,MASTER,0,0,0,,,,,0,0,0,ESDB_V0_4
6220,6348,abraham,-11.3732,0,NOT_EXACT_EN_US,,,,,,,REJECTED_AUTO,0,0,0,,,,,0,0,0,ESDB_V0_4
6221,6349,addressing,-11.3732,1,PASS,35,,n_v,address,FORM,,MASTER,0,0,0,,,,,0,0,0,ESDB_V0_4
6222,6350,advise,-11.3732,1,PASS,35,,v,advise,LEMMA,,MASTER,0,1,1,,,,advised;adviser;advises,0,3,2,ESDB_V0_4
6223,6351,alberta,-11.3732,0,NOT_EXACT_EN_US,,,,,,,REJECTED_AUTO,0,0,0,,,,,0,0,0,ESDB_V0_4
6224,6352,alternatives,-11.3732,1,PASS,35,,n,alternative,FORM,,MASTER,0,1,0,,alternative,,,1,0,0,ESDB_V0_4
6225,6353,architect,-11.3732,1,PASS,35,,n,architect,LEMMA,,MASTER,0,1,1,,,,architects,0,1,1,ESDB_V0_4
6226,6354,ashamed,-11.3732,1,PASS,35,,aj,ashamed,LEMMA,,MASTER,0,0,0,,,,,0,0,0,ESDB_V0_4
6227,6355,ashley,-11.3732,0,NOT_EXACT_EN_US,,,,,,,REJECTED_AUTO,0,0,0,,,,,0,0,0,ESDB_V0_4
6228,6356,assess,-11.3732,1,PASS,35,,v,assess,LEMMA,,MASTER,0,1,0,,asses,,,1,0,0,ESDB_V0_4
6229,6357,associates,-11.3732,1,PASS,35,,n_v,associate,FORM,,MASTER,0,1,0,,associate,,,1,0,0,ESDB_V0_4
6230,6358,batteries,-11.3732,1,PASS,35,,n,battery,FORM,,MASTER,0,0,0,,,,,0,0,0,ESDB_V0_4
6231,6359,belly,-11.3732,1,PASS,35,,n_v,belly,LEMMA,,MASTER,0,1,0,,bell,,,1,0,0,ESDB_V0_4
6232,6360,bombing,-11.3732,1,PASS,35,,n_v;n,bomb;bombing,FORM;LEMMA,,MASTER,0,1,1,,,,bombings,0,1,1,ESDB_V0_4
6233,6361,bride,-11.3732,1,PASS,35,,n,bride,LEMMA,,MASTER,0,1,1,ride,,,brides,1,1,1,ESDB_V0_4
6234,6362,bridges,-11.3732,1,PASS,35,50,n_v,bridge,FORM,,MASTER,0,1,0,ridges,bridge,,,2,0,0,ESDB_V0_4
6235,6363,burnt,-11.3732,1,PASS,35,,n_v;aj,burn;burnt,FORM;LEMMA,,MASTER,0,1,0,,burn,,,1,0,0,ESDB_V0_4
6236,6364,chasing,-11.3732,1,PASS,35,,n_v;n,chase;chasing,FORM;LEMMA,,MASTER,0,0,0,,,,,0,0,0,ESDB_V0_4
6237,6365,circulation,-11.3732,1,PASS,35,,n,circulation,LEMMA,,MASTER,0,0,0,,,,,0,0,0,ESDB_V0_4
6238,6366,cock,-11.3732,1,PASS,35,,n_v,cock,LEMMA,,MASTER,0,1,1,,,,cocky;cocks,0,2,1,ESDB_V0_4
6239,6367,coke,-11.3732,1,PASS,35,40,n;v,coke,LEMMA,,MASTER,0,0,0,,,,,0,0,0,ESDB_V0_4
6240,6368,colombia,-11.3732,0,NOT_EXACT_EN_US,,,,,,,REJECTED_AUTO,0,0,0,,,,,0,0,0,ESDB_V0_4
6241,6369,com,-11.3732,0,NO_ESDB_GENERAL_EVIDENCE,,,,,,,REJECTED_AUTO,0,0,0,,,,,0,0,0,ESDB_V0_4
6242,6370,comics,-11.3732,1,PASS,35,,n,comic,FORM,,MASTER,0,1,0,,comic,,,1,0,0,ESDB_V0_4
6243,6371,considers,-11.3732,1,PASS,35,,v,consider,FORM,,MASTER,0,1,0,,consider,,,1,0,0,ESDB_V0_4
6244,6372,corrupt,-11.3732,1,PASS,35,,v;aj,corrupt,LEMMA,,MASTER,0,0,0,,,,,0,0,0,ESDB_V0_4
6245,6373,delivering,-11.3732,1,PASS,35,,v,deliver,FORM,,MASTER,0,0,0,,,,,0,0,0,ESDB_V0_4
6246,6374,drum,-11.3732,1,PASS,35,,n_v,drum,LEMMA,,MASTER,0,1,1,rum,,,drums,1,1,1,ESDB_V0_4
6247,6375,dublin,-11.3732,0,NOT_EXACT_EN_US,,,,,,,REJECTED_AUTO,0,0,0,,,,,0,0,0,ESDB_V0_4
6248,6376,expertise,-11.3732,1,PASS,35,,n,expertise,LEMMA,,MASTER,0,0,0,,,,,0,0,0,ESDB_V0_4
6249,6377,extending,-11.3732,1,PASS,35,,v,extend,FORM,,MASTER,0,0,0,,,,,0,0,0,ESDB_V0_4
6250,6378,fabric,-11.3732,1,PASS,35,,n,fabric,LEMMA,,MASTER,0,1,1,,,,fabrics,0,1,1,ESDB_V0_4
6251,6379,fitting,-11.3732,1,PASS,35,,n_v;n,fit;fitting,FORM;LEMMA,,MASTER,0,1,1,,,,fittings,0,1,1,ESDB_V0_4
6252,6380,functioning,-11.3732,1,PASS,35,,n_v;n;aj,function;functioning,FORM;LEMMA,,MASTER,0,0,0,,,,,0,0,0,ESDB_V0_4
6253,6381,garbage,-11.3732,1,PASS,35,,n,garbage,LEMMA,,MASTER,0,0,0,,,,,0,0,0,ESDB_V0_4
6254,6382,governance,-11.3732,1,PASS,50,,n,governance,LEMMA,,MASTER,0,0,0,,,,,0,0,0,ESDB_V0_4
6255,6383,hardest,-11.3732,1,PASS,35,,aj_av,hard,FORM,,MASTER,0,0,0,,,,,0,0,0,ESDB_V0_4
6256,6384,historically,-11.3732,1,PASS,35,,av,historically,LEMMA,,MASTER,0,0,0,,,,,0,0,0,ESDB_V0_4
6257,6385,hug,-11.3732,1,PASS,35,,n_v,hug,LEMMA,,MASTER,0,1,1,,,thug,huge;hugs,0,3,1,ESDB_V0_4
6258,6386,intimate,-11.3732,1,PASS,35,,n_v;aj,intimate,LEMMA,,MASTER,0,0,0,,,,,0,0,0,ESDB_V0_4
6259,6387,investigated,-11.3732,1,PASS,35,,v,investigate,FORM,,MASTER,0,1,0,,investigate,,,1,0,0,ESDB_V0_4
6260,6388,isolation,-11.3732,1,PASS,35,,n,isolation,LEMMA,,MASTER,0,0,0,,,,,0,0,0,ESDB_V0_4
6261,6389,julie,-11.3732,0,NOT_EXACT_EN_US,,,,,,,REJECTED_AUTO,0,0,0,,,,,0,0,0,ESDB_V0_4
6262,6390,kyle,-11.3732,0,NOT_EXACT_EN_US,,,,,,,REJECTED_AUTO,0,0,0,,,,,0,0,0,ESDB_V0_4
6263,6391,laughs,-11.3732,1,PASS,35,,n_v,laugh,FORM,,MASTER,0,1,0,,laugh,,,1,0,0,ESDB_V0_4
6264,6392,liberation,-11.3732,1,PASS,35,,n,liberation,LEMMA,,MASTER,0,0,0,,,,,0,0,0,ESDB_V0_4
6265,6393,lifting,-11.3732,1,PASS,35,,n_v,lift,FORM,,MASTER,0,0,0,,,,,0,0,0,ESDB_V0_4
6266,6394,lords,-11.3732,1,PASS,35,,n_v,lord,FORM,,MASTER,0,1,0,,lord,,,1,0,0,ESDB_V0_4
6267,6395,lucas,-11.3732,0,NOT_EXACT_EN_US,,,,,,,REJECTED_AUTO,0,0,0,,,,,0,0,0,ESDB_V0_4
6268,6396,magazines,-11.3732,1,PASS,35,,n,magazine,FORM,,MASTER,0,1,0,,magazine,,,1,0,0,ESDB_V0_4
6269,6397,magnitude,-11.3732,1,PASS,35,,n,magnitude,LEMMA,,MASTER,0,0,0,,,,,0,0,0,ESDB_V0_4
6270,6398,manufacture,-11.3732,1,PASS,35,,n;v,manufacture,LEMMA,,MASTER,0,1,1,,,,manufacturer;manufactured;manufactures,0,3,2,ESDB_V0_4
6271,6399,marc,-11.3732,0,NOT_EXACT_EN_US,,,,,,,REJECTED_AUTO,0,0,0,,,,,0,0,0,ESDB_V0_4
6272,6400,meantime,-11.3732,1,PASS,35,,n;av,meantime,LEMMA,,MASTER,0,0,0,,,,,0,0,0,ESDB_V0_4
6273,6401,michelle,-11.3732,0,NOT_EXACT_EN_US,,,,,,,REJECTED_AUTO,0,0,0,,,,,0,0,0,ESDB_V0_4
6274,6402,mixing,-11.3732,1,PASS,35,,n_v;n,mix;mixing,FORM;LEMMA,,MASTER,0,0,0,,,,,0,0,0,ESDB_V0_4
6275,6403,mobility,-11.3732,1,PASS,35,,n,mobility,LEMMA,,MASTER,0,0,0,,,,,0,0,0,ESDB_V0_4
6276,6404,murphy,-11.3732,0,NOT_EXACT_EN_US,,,,,,,REJECTED_AUTO,0,0,0,,,,,0,0,0,ESDB_V0_4
6277,6405,nest,-11.3732,1,PASS,35,,n_v,nest,LEMMA,,MASTER,0,1,1,,,,nests,0,1,1,ESDB_V0_4
6278,6406,netflix,-11.3732,0,NOT_EXACT_EN_US,,,,,,,REJECTED_AUTO,0,0,0,,,,,0,0,0,ESDB_V0_4
6279,6407,opposing,-11.3732,1,PASS,35,,v;aj,oppose;opposing,FORM;LEMMA,,MASTER,0,0,0,,,,,0,0,0,ESDB_V0_4
6280,6408,outbreak,-11.3732,1,PASS,35,,n,outbreak,LEMMA,,MASTER,0,1,1,,,,outbreaks,0,1,1,ESDB_V0_4
6281,6409,passive,-11.3732,1,PASS,35,,n;aj,passive,LEMMA,,MASTER,0,0,0,,,,,0,0,0,ESDB_V0_4
6282,6410,paths,-11.3732,1,PASS,35,,n,path,FORM,,MASTER,0,1,0,,path,,,1,0,0,ESDB_V0_4
6283,6411,penny,-11.3732,1,PASS,35,50,n,penny,LEMMA,,MASTER,0,0,0,,,,,0,0,0,ESDB_V0_4
6284,6412,petty,-11.3732,1,PASS,35,50,aj,petty,LEMMA,,MASTER,0,0,0,,,,,0,0,0,ESDB_V0_4
6285,6413,physicians,-11.3732,1,PASS,35,,n,physician,FORM,,MASTER,0,1,0,,physician,,,1,0,0,ESDB_V0_4
6286,6414,portal,-11.3732,1,PASS,35,,n,portal,LEMMA,,MASTER,0,1,1,,,,portals,0,1,1,ESDB_V0_4
6287,6415,predict,-11.3732,1,PASS,35,,v,predict,LEMMA,,MASTER,0,1,1,,,,predicts,0,1,1,ESDB_V0_4
6288,6416,premises,-11.3732,1,PASS,35,,n;v,premise,FORM,,MASTER,0,1,0,,premise,,,1,0,0,ESDB_V0_4
6289,6417,preservation,-11.3732,1,PASS,35,,n,preservation,LEMMA,,MASTER,0,1,0,reservation,,,,1,0,0,ESDB_V0_4
6290,6418,priorities,-11.3732,1,PASS,35,,n,priority,FORM,,MASTER,0,0,0,,,,,0,0,0,ESDB_V0_4
6291,6419,probability,-11.3732,1,PASS,35,,n,probability,LEMMA,,MASTER,0,0,0,,,,,0,0,0,ESDB_V0_4
6292,6420,prophet,-11.3732,1,PASS,35,,n,prophet,LEMMA,,MASTER,0,1,1,,,,prophets,0,1,1,ESDB_V0_4
6293,6421,quarterly,-11.3732,1,PASS,35,,n;aj_av,quarterly,LEMMA,,MASTER,0,0,0,,,,,0,0,0,ESDB_V0_4
6294,6422,questioned,-11.3732,1,PASS,35,,n_v,question,FORM,,MASTER,0,0,0,,,,,0,0,0,ESDB_V0_4
6295,6423,quotes,-11.3732,1,PASS,35,,n_v,quote,FORM,,MASTER,0,1,0,,quote,,,1,0,0,ESDB_V0_4
6296,6424,replies,-11.3732,1,PASS,35,,n_v,reply,FORM,,MASTER,0,0,0,,,,,0,0,0,ESDB_V0_4
6297,6425,savage,-11.3732,1,PASS,35,50,n_v;aj,savage,LEMMA,,MASTER,0,1,1,,,,savages,0,1,1,ESDB_V0_4
6298,6426,schemes,-11.3732,1,PASS,35,,n_v,scheme,FORM,,MASTER,0,1,0,,scheme,,,1,0,0,ESDB_V0_4
6299,6427,scratch,-11.3732,1,PASS,35,,n_v;a,scratch,LEMMA,,MASTER,0,0,0,,,,,0,0,0,ESDB_V0_4
6300,6428,shark,-11.3732,1,PASS,35,,n,shark,LEMMA;FORM,,MASTER,0,1,1,,,,sharks,0,1,1,ESDB_V0_4
6301,6429,sheriff,-11.3732,1,PASS,35,,n,sheriff,LEMMA,,MASTER,0,0,0,,,,,0,0,0,ESDB_V0_4
6302,6430,smash,-11.3732,1,PASS,35,,n_v;av,smash,LEMMA,,MASTER,0,1,0,mash,,,,1,0,0,ESDB_V0_4
6303,6431,speeds,-11.3732,1,PASS,35,,n_v,speed,FORM,,MASTER,0,1,0,,speed,,,1,0,0,ESDB_V0_4
6304,6432,stamp,-11.3732,1,PASS,35,,n_v,stamp,LEMMA,,MASTER,0,1,1,,,,stamps,0,1,1,ESDB_V0_4
6305,6433,subway,-11.3732,1,PASS,35,,n,subway,LEMMA,,MASTER,0,0,0,,,,,0,0,0,ESDB_V0_4
6306,6434,suited,-11.3732,1,PASS,35,,n_v;aj,suit;suited,FORM;LEMMA,,MASTER,0,1,0,,suite,,,1,0,0,ESDB_V0_4
6307,6435,tastes,-11.3732,1,PASS,35,,n_v,taste,FORM,,MASTER,0,1,0,,taste,,,1,0,0,ESDB_V0_4
6308,6436,teens,-11.3732,1,PASS,40,,n,teen,FORM,,MASTER,0,1,0,,teen,,,1,0,0,ESDB_V0_4
6309,6437,tent,-11.3732,1,PASS,35,,n_v,tent,LEMMA,,MASTER,0,1,1,,ten,,tenth;tents,1,2,1,ESDB_V0_4
6310,6438,threshold,-11.3732,1,PASS,35,,n,threshold,LEMMA,,MASTER,0,0,0,,,,,0,0,0,ESDB_V0_4
6311,6439,tooth,-11.3732,1,PASS,35,,n,tooth,LEMMA,,MASTER,0,0,0,,,,,0,0,0,ESDB_V0_4
6312,6440,transform,-11.3732,1,PASS,35,,n_v,transform,LEMMA,,MASTER,0,1,1,,,,transforms,0,1,1,ESDB_V0_4
6313,6441,vacuum,-11.3732,1,PASS,35,,n;v,vacuum,LEMMA,,MASTER,0,0,0,,,,,0,0,0,ESDB_V0_4
6314,6442,veteran,-11.3732,1,PASS,35,,n;aj,veteran,LEMMA,,MASTER,0,1,1,,,,veterans,0,1,1,ESDB_V0_4
6315,6443,warfare,-11.3732,1,PASS,35,,n,warfare,LEMMA,,MASTER,0,0,0,,,,,0,0,0,ESDB_V0_4
6316,6444,washed,-11.3732,1,PASS,35,,n_v;aj,wash;washed,FORM;LEMMA,,MASTER,0,0,0,,,,,0,0,0,ESDB_V0_4
6317,6445,wears,-11.3732,1,PASS,35,,v,wear,FORM,,MASTER,0,1,0,ears,wear,,,2,0,0,ESDB_V0_4
6318,6446,wicked,-11.3732,1,PASS,35,,aj,wicked,LEMMA,,MASTER,0,0,0,,,,,0,0,0,ESDB_V0_4
6319,6447,ab,-11.3996,0,NO_ESDB_GENERAL_EVIDENCE,,,,,,,REJECTED_AUTO,0,0,0,,,,,0,0,0,ESDB_V0_4
6320,6448,ace,-11.3996,1,PASS,35,,n_v;aj,ace,LEMMA,,MASTER,0,1,1,,,face;race;pace;lace;mace,aces,0,6,1,ESDB_V0_4
6321,6449,acute,-11.3996,1,PASS,35,,n;aj,acute,LEMMA,,MASTER,0,1,0,cute,,,,1,0,0,ESDB_V0_4
6322,6450,administered,-11.3996,1,PASS,35,,v,administer,FORM,,MASTER,0,0,0,,,,,0,0,0,ESDB_V0_4
6323,6451,alaska,-11.3996,0,NOT_EXACT_EN_US,,,,,,,REJECTED_AUTO,0,0,0,,,,,0,0,0,ESDB_V0_4
6324,6452,alter,-11.3996,1,PASS,35,,v,alter,LEMMA,,MASTER,0,0,0,,,,,0,0,0,ESDB_V0_4
6325,6453,altitude,-11.3996,1,PASS,35,,n,altitude,LEMMA,,MASTER,0,1,1,,,,altitudes,0,1,1,ESDB_V0_4
6326,6454,appearances,-11.3996,1,PASS,35,,n,appearance,FORM,,MASTER,0,1,0,,appearance,,,1,0,0,ESDB_V0_4
6327,6455,applicable,-11.3996,1,PASS,35,,aj,applicable,LEMMA,,MASTER,0,0,0,,,,,0,0,0,ESDB_V0_4
6328,6456,assumptions,-11.3996,1,PASS,35,,n,assumption,FORM,,MASTER,0,1,0,,assumption,,,1,0,0,ESDB_V0_4
6329,6457,assured,-11.3996,1,PASS,35,,v;n,assure;assured,FORM;LEMMA,,MASTER,0,1,0,,assure,,,1,0,0,ESDB_V0_4
6330,6458,authentic,-11.3996,1,PASS,35,,aj,authentic,LEMMA,,MASTER,0,0,0,,,,,0,0,0,ESDB_V0_4
6331,6459,bee,-11.3996,1,PASS,35,,n,bee,LEMMA,,MASTER,0,1,1,,be,,been;beer;beef;bees,1,4,1,ESDB_V0_4
6332,6460,beneficial,-11.3996,1,PASS,35,,aj,beneficial,LEMMA,,MASTER,0,0,0,,,,,0,0,0,ESDB_V0_4
6333,6461,blocking,-11.3996,1,PASS,35,,n_v;n,block;blocking,FORM;LEMMA,,MASTER,0,1,0,locking,,,,1,0,0,ESDB_V0_4
6334,6462,brad,-11.3996,0,CASE_FREQ_COLLISION,50,50,n,brad,LEMMA,,REJECTED_AUTO,0,0,0,,,,,0,0,0,ESDB_V0_4
6335,6463,btw,-11.3996,0,NOT_EXACT_EN_US,,,,,,,REJECTED_AUTO,0,0,0,,,,,0,0,0,ESDB_V0_4
6336,6464,cab,-11.3996,1,PASS,35,,n_v,cab,LEMMA,,MASTER,0,0,0,,,,,0,0,0,ESDB_V0_4
6337,6465,carriers,-11.3996,1,PASS,35,,n,carrier,FORM,,MASTER,0,1,0,,carrier,,,1,0,0,ESDB_V0_4
6338,6466,chapters,-11.3996,1,PASS,35,,n,chapter,FORM,,MASTER,0,1,0,,chapter,,,1,0,0,ESDB_V0_4
6339,6467,characteristic,-11.3996,1,PASS,35,,n;aj,characteristic,LEMMA,,MASTER,0,1,1,,,,characteristics,0,1,1,ESDB_V0_4
6340,6468,charming,-11.3996,1,PASS,35,,n_v;aj,charm;charming,FORM;LEMMA,,MASTER,0,1,0,harming,,,,1,0,0,ESDB_V0_4
6341,6469,civilization,-11.3996,1,PASS,35,,n,civilization,LEMMA,,MASTER,0,1,1,,,,civilizations,0,1,1,ESDB_V0_4
6342,6470,clearing,-11.3996,1,PASS,35,,n_v;n,clear;clearing,FORM;LEMMA,,MASTER,0,0,0,,,,,0,0,0,ESDB_V0_4
6343,6471,committees,-11.3996,1,PASS,35,,n,committee,FORM,,MASTER,0,1,0,,committee,,,1,0,0,ESDB_V0_4
6344,6472,completing,-11.3996,1,PASS,35,,v;aj,complete;completing,FORM;LEMMA,,MASTER,0,0,0,,,,,0,0,0,ESDB_V0_4
6345,6473,computing,-11.3996,1,PASS,35,,v;n,compute;computing,FORM;LEMMA,,MASTER,0,0,0,,,,,0,0,0,ESDB_V0_4
6346,6474,conclude,-11.3996,1,PASS,35,,v,conclude,LEMMA,,MASTER,0,1,1,,,,concluded;concludes,0,2,2,ESDB_V0_4
6347,6475,confirmation,-11.3996,1,PASS,35,,n,confirmation,LEMMA,,MASTER,0,0,0,,,,,0,0,0,ESDB_V0_4
6348,6476,congressional,-11.3996,1,PASS,40,60,aj,congressional,LEMMA,,MASTER,0,0,0,,,,,0,0,0,ESDB_V0_4
6349,6477,cooling,-11.3996,1,PASS,35,,v;n,cool;cooling,FORM;LEMMA,,MASTER,0,0,0,,,,,0,0,0,ESDB_V0_4
6350,6478,cos,-11.3996,1,PASS,60,,n;c,cos,LEMMA,,MASTER,0,1,1,,,,cost,0,1,0,ESDB_V0_4
6351,6479,crashed,-11.3996,1,PASS,35,,n_v,crash,FORM,,MASTER,0,0,0,,,,,0,0,0,ESDB_V0_4
6352,6480,ct,-11.3996,0,NO_ESDB_GENERAL_EVIDENCE,,,,,,,REJECTED_AUTO,0,0,0,,,,,0,0,0,ESDB_V0_4
6353,6481,decreased,-11.3996,1,PASS,35,,n_v;aj,decrease;decreased,FORM;LEMMA,,MASTER,0,1,0,,decrease,,,1,0,0,ESDB_V0_4
6354,6482,denmark,-11.3996,0,NOT_EXACT_EN_US,,,,,,,REJECTED_AUTO,0,0,0,,,,,0,0,0,ESDB_V0_4
6355,6483,dennis,-11.3996,0,NOT_EXACT_EN_US,,,,,,,REJECTED_AUTO,0,0,0,,,,,0,0,0,ESDB_V0_4
6356,6484,deployed,-11.3996,1,PASS,40,,v,deploy,FORM,,MASTER,0,0,0,,,,,0,0,0,ESDB_V0_4
6357,6485,detection,-11.3996,1,PASS,35,,n,detection,LEMMA,,MASTER,0,0,0,,,,,0,0,0,ESDB_V0_4
6358,6486,doctrine,-11.3996,1,PASS,35,,n,doctrine,LEMMA,,MASTER,0,1,1,,,,doctrines,0,1,1,ESDB_V0_4
6359,6487,economies,-11.3996,1,PASS,35,,n,economy,FORM,,MASTER,0,0,0,,,,,0,0,0,ESDB_V0_4
6360,6488,engaging,-11.3996,1,PASS,35,,v;aj,engage;engaging,FORM;LEMMA,,MASTER,0,0,0,,,,,0,0,0,ESDB_V0_4
6361,6489,essence,-11.3996,1,PASS,35,,n,essence,LEMMA,,MASTER,0,0,0,,,,,0,0,0,ESDB_V0_4
6362,6490,exploring,-11.3996,1,PASS,35,,v,explore,FORM,,MASTER,0,0,0,,,,,0,0,0,ESDB_V0_4
6363,6491,facial,-11.3996,1,PASS,35,,n;aj,facial,LEMMA,,MASTER,0,0,0,,,,,0,0,0,ESDB_V0_4
6364,6492,fairy,-11.3996,1,PASS,35,,n;a,fairy,LEMMA,,MASTER,0,1,0,,fair,,,1,0,0,ESDB_V0_4
6365,6493,fold,-11.3996,1,PASS,35,,n_v,fold,LEMMA,,MASTER,0,1,1,old,,,folds,1,1,1,ESDB_V0_4
6366,6494,frustrated,-11.3996,1,PASS,35,,v;aj,frustrate;frustrated,FORM;LEMMA,,MASTER,0,0,0,,,,,0,0,0,ESDB_V0_4
6367,6495,grip,-11.3996,1,PASS,35,,n_v,grip,LEMMA,,MASTER,0,1,1,rip,,,grips,1,1,1,ESDB_V0_4
6368,6496,handful,-11.3996,1,PASS,35,,n,handful,LEMMA,,MASTER,0,0,0,,,,,0,0,0,ESDB_V0_4
6369,6497,happily,-11.3996,1,PASS,35,,av,happily,LEMMA,,MASTER,0,0,0,,,,,0,0,0,ESDB_V0_4
6370,6498,harbor,-11.3996,1,PASS,35,,n_v,harbor,LEMMA,,MASTER,0,1,0,arbor,,,,1,0,0,ESDB_V0_4
6371,6499,harvest,-11.3996,1,PASS,35,,n_v,harvest,LEMMA,,MASTER,0,0,0,,,,,0,0,0,ESDB_V0_4
6372,6500,hull,-11.3996,1,PASS,35,50,n_v,hull,LEMMA,,MASTER,0,0,0,,,,,0,0,0,ESDB_V0_4
6373,6501,ignorant,-11.3996,1,PASS,35,,aj,ignorant,LEMMA,,MASTER,0,0,0,,,,,0,0,0,ESDB_V0_4
6374,6502,importantly,-11.3996,1,PASS,35,,av,importantly,LEMMA,,MASTER,0,0,0,,,,,0,0,0,ESDB_V0_4
6375,6503,incorrect,-11.3996,1,PASS,35,,aj,incorrect,LEMMA,,MASTER,0,0,0,,,,,0,0,0,ESDB_V0_4
6376,6504,insist,-11.3996,1,PASS,35,,v,insist,LEMMA,,MASTER,0,1,1,,,,insists,0,1,1,ESDB_V0_4
6377,6505,interviewed,-11.3996,1,PASS,35,,n_v,interview,FORM,,MASTER,0,0,0,,,,,0,0,0,ESDB_V0_4
6378,6506,invention,-11.3996,1,PASS,35,,n,invention,LEMMA,,MASTER,0,1,1,,,,inventions,0,1,1,ESDB_V0_4
6379,6507,jesse,-11.3996,0,NOT_EXACT_EN_US,,,,,,,REJECTED_AUTO,0,0,0,,,,,0,0,0,ESDB_V0_4
6380,6509,leak,-11.3996,1,PASS,35,,n_v,leak,LEMMA,,MASTER,0,1,1,,,bleak,leaks,0,2,1,ESDB_V0_4
6381,6510,lighter,-11.3996,1,PASS,35,,aj_av;n,light;lighter,FORM;LEMMA,,MASTER,0,0,0,,,,,0,0,0,ESDB_V0_4
6382,6511,linda,-11.3996,0,NOT_EXACT_EN_US,,,,,,,REJECTED_AUTO,0,0,0,,,,,0,0,0,ESDB_V0_4
6383,6512,marcus,-11.3996,0,NOT_EXACT_EN_US,,,,,,,REJECTED_AUTO,0,0,0,,,,,0,0,0,ESDB_V0_4
6384,6513,matrix,-11.3996,1,PASS,35,,n,matrix,LEMMA,,MASTER,0,0,0,,,,,0,0,0,ESDB_V0_4
6385,6514,measurements,-11.3996,1,PASS,35,,n,measurement,FORM,,MASTER,0,1,0,,measurement,,,1,0,0,ESDB_V0_4
6386,6515,mechanics,-11.3996,1,PASS,35,,n,mechanic;mechanics,FORM;LEMMA,,MASTER,0,1,0,,mechanic,,,1,0,0,ESDB_V0_4
6387,6516,meter,-11.3996,1,PASS,35,,n;v,meter,LEMMA,,MASTER,0,1,1,,,,meters,0,1,1,ESDB_V0_4
6388,6517,ne,-11.3996,0,NOT_EXACT_EN_US,,,,,,,REJECTED_AUTO,0,0,0,,,,,0,0,0,ESDB_V0_4
6389,6518,novels,-11.3996,1,PASS,35,,n,novel,FORM,,MASTER,0,1,0,,novel,,,1,0,0,ESDB_V0_4
6390,6519,oak,-11.3996,1,PASS,35,,n;a,oak,LEMMA;FORM,,MASTER,0,1,1,,,soak,oaks,0,2,1,ESDB_V0_4
6391,6520,obligations,-11.3996,1,PASS,35,,n,obligation,FORM,,MASTER,0,1,0,,obligation,,,1,0,0,ESDB_V0_4
6392,6521,ol,-11.3996,0,NOT_EXACT_EN_US,,,,,,,REJECTED_AUTO,0,0,0,,,,,0,0,0,ESDB_V0_4
6393,6522,outlook,-11.3996,1,PASS,35,,n,outlook,LEMMA,,MASTER,0,0,0,,,,,0,0,0,ESDB_V0_4
6394,6523,oven,-11.3996,1,PASS,35,,n,oven,LEMMA,,MASTER,0,1,1,,,woven,,0,1,0,ESDB_V0_4
6395,6524,planted,-11.3996,1,PASS,35,,n_v;aj,plant;planted,FORM;LEMMA,,MASTER,0,0,0,,,,,0,0,0,ESDB_V0_4
6396,6525,platforms,-11.3996,1,PASS,35,,n_v,platform,FORM,,MASTER,0,1,0,,platform,,,1,0,0,ESDB_V0_4
6397,6526,qualifying,-11.3996,1,PASS,35,,v;n,qualify;qualifying,FORM;LEMMA,,MASTER,0,0,0,,,,,0,0,0,ESDB_V0_4
6398,6527,ranges,-11.3996,1,PASS,35,,n_v,range,FORM,,MASTER,0,1,1,,range,oranges,,1,1,0,ESDB_V0_4
6399,6528,reasoning,-11.3996,1,PASS,35,,n_v;n,reason;reasoning,FORM;LEMMA,,MASTER,0,0,0,,,,,0,0,0,ESDB_V0_4
6400,6529,recalled,-11.3996,1,PASS,35,,n_v,recall,FORM,,MASTER,0,0,0,,,,,0,0,0,ESDB_V0_4
6401,6530,releasing,-11.3996,1,PASS,35,,n_v;aj,release;releasing,FORM;LEMMA,,MASTER,0,0,0,,,,,0,0,0,ESDB_V0_4
6402,6531,remainder,-11.3996,1,PASS,35,,n,remainder,LEMMA,,MASTER,0,0,0,,,,,0,0,0,ESDB_V0_4
6403,6532,reporters,-11.3996,1,PASS,35,,n,reporter,FORM,,MASTER,0,1,0,,reporter,,,1,0,0,ESDB_V0_4
6404,6533,rope,-11.3996,1,PASS,35,,n_v,rope,LEMMA,,MASTER,0,1,1,,,,ropes,0,1,1,ESDB_V0_4
6405,6534,salvation,-11.3996,1,PASS,35,,n,salvation,LEMMA,,MASTER,0,0,0,,,,,0,0,0,ESDB_V0_4
6406,6535,scare,-11.3996,1,PASS,35,,n_v,scare,LEMMA,,MASTER,0,1,1,care,scar,,scared;scares,2,2,2,ESDB_V0_4
6407,6536,scholarship,-11.3996,1,PASS,35,,n,scholarship,LEMMA,,MASTER,0,1,1,,,,scholarships,0,1,1,ESDB_V0_4
6408,6537,shaking,-11.3996,1,PASS,35,,n_v;n,shake;shaking,FORM;LEMMA,,MASTER,0,0,0,,,,,0,0,0,ESDB_V0_4
6409,6538,silk,-11.3996,1,PASS,35,,n;a,silk,LEMMA,,MASTER,0,0,0,,,,,0,0,0,ESDB_V0_4
6410,6539,someday,-11.3996,1,PASS,35,,av,someday,LEMMA,,MASTER,0,0,0,,,,,0,0,0,ESDB_V0_4
6411,6540,strengthen,-11.3996,1,PASS,35,,v,strengthen,LEMMA,,MASTER,0,1,1,,,,strengthens,0,1,1,ESDB_V0_4
6412,6541,surprisingly,-11.3996,1,PASS,35,,av,surprisingly,LEMMA,,MASTER,0,0,0,,,,,0,0,0,ESDB_V0_4
6413,6542,te,-11.3996,0,NOT_EXACT_EN_US,,,,,,,REJECTED_AUTO,0,0,0,,,,,0,0,0,ESDB_V0_4
6414,6543,tender,-11.3996,1,PASS,35,,n_v;aj,tender,LEMMA,,MASTER,0,0,0,,,,,0,0,0,ESDB_V0_4
6415,6544,thumb,-11.3996,1,PASS,35,,n_v,thumb,LEMMA,,MASTER,0,1,1,,,,thumbs,0,1,1,ESDB_V0_4
6416,6545,tide,-11.3996,1,PASS,35,50,n_v,tide,LEMMA,,MASTER,0,1,1,,,,tides,0,1,1,ESDB_V0_4
6417,6546,timeline,-11.3996,0,SPECIAL_ONLY,50,,n,timeline,LEMMA,,REJECTED_AUTO,0,0,0,,,,,0,0,0,ESDB_V0_4
6418,6547,tremendous,-11.3996,1,PASS,35,,aj,tremendous,LEMMA,,MASTER,0,0,0,,,,,0,0,0,ESDB_V0_4
6419,6548,tribal,-11.3996,1,PASS,35,,aj,tribal,LEMMA,,MASTER,0,0,0,,,,,0,0,0,ESDB_V0_4
6420,6549,urged,-11.3996,1,PASS,35,,n_v,urge,FORM,,MASTER,0,1,0,,urge,,,1,0,0,ESDB_V0_4
6421,6550,utah,-11.3996,0,NOT_EXACT_EN_US,,,,,,,REJECTED_AUTO,0,0,0,,,,,0,0,0,ESDB_V0_4
6422,6551,venice,-11.3996,0,NOT_EXACT_EN_US,,,,,,,REJECTED_AUTO,0,0,0,,,,,0,0,0,ESDB_V0_4
6423,6552,witnessed,-11.3996,1,PASS,35,,n_v,witness,FORM,,MASTER,0,0,0,,,,,0,0,0,ESDB_V0_4
6424,6553,activist,-11.4176,1,PASS,35,,n;aj,activist,LEMMA,,MASTER,0,1,1,,,,activists,0,1,1,ESDB_V0_4
6425,6554,administrator,-11.4176,1,PASS,35,,n,administrator,LEMMA,,MASTER,0,1,1,,,,administrators,0,1,1,ESDB_V0_4
6426,6555,aka,-11.4176,0,NO_ESDB_GENERAL_EVIDENCE,,,,,,,REJECTED_AUTO,0,0,0,,,,,0,0,0,ESDB_V0_4
6427,6556,ambulance,-11.4176,1,PASS,35,,n,ambulance,LEMMA,,MASTER,0,0,0,,,,,0,0,0,ESDB_V0_4
6428,6557,assure,-11.4176,1,PASS,35,,v,assure,LEMMA,,MASTER,0,1,1,,,,assured,0,1,1,ESDB_V0_4
6429,6558,athens,-11.4176,0,NOT_EXACT_EN_US,,,,,,,REJECTED_AUTO,0,0,0,,,,,0,0,0,ESDB_V0_4
6430,6559,athlete,-11.4176,1,PASS,35,,n,athlete,LEMMA,,MASTER,0,1,1,,,,athletes,0,1,1,ESDB_V0_4
6431,6560,blows,-11.4176,1,PASS,35,,n_v,blow,FORM,,MASTER,0,1,0,lows,blow,,,2,0,0,ESDB_V0_4
6432,6561,booth,-11.4176,1,PASS,35,50,n,booth,LEMMA,,MASTER,0,1,1,,boot,,booths,1,1,1,ESDB_V0_4
6433,6562,butler,-11.4176,1,PASS,35,50,n,butler,LEMMA,,MASTER,0,0,0,,,,,0,0,0,ESDB_V0_4
6434,6563,capability,-11.4176,1,PASS,35,,n,capability,LEMMA,,MASTER,0,0,0,,,,,0,0,0,ESDB_V0_4
6435,6564,cardinal,-11.4176,1,PASS,35,,n;aj,cardinal,LEMMA,,MASTER,0,1,1,,,,cardinals,0,1,1,ESDB_V0_4
6436,6565,chairs,-11.4176,1,PASS,35,,n_v,chair,FORM,,MASTER,0,1,0,hairs,chair,,,2,0,0,ESDB_V0_4
6437,6566,cognitive,-11.4176,1,PASS,35,,aj,cognitive,LEMMA,,MASTER,0,0,0,,,,,0,0,0,ESDB_V0_4
6438,6567,concentrated,-11.4176,1,PASS,35,,n_v;aj,concentrate;concentrated,FORM;LEMMA,,MASTER,0,1,0,,concentrate,,,1,0,0,ESDB_V0_4
6439,6568,consist,-11.4176,1,PASS,35,,v,consist,LEMMA,,MASTER,0,1,1,,,,consists,0,1,1,ESDB_V0_4
6440,6569,councils,-11.4176,1,PASS,35,,n,council,FORM,,MASTER,0,1,0,,council,,,1,0,0,ESDB_V0_4
6441,6570,delays,-11.4176,1,PASS,35,,n_v,delay,FORM,,MASTER,0,1,0,,delay,,,1,0,0,ESDB_V0_4
6442,6571,deliberately,-11.4176,1,PASS,35,,av,deliberately,LEMMA,,MASTER,0,0,0,,,,,0,0,0,ESDB_V0_4
6443,6572,deposits,-11.4176,1,PASS,35,,n_v,deposit,FORM,,MASTER,0,1,0,,deposit,,,1,0,0,ESDB_V0_4
6444,6573,discharge,-11.4176,1,PASS,35,,n_v,discharge,LEMMA,,MASTER,0,1,1,,,,discharged;discharges,0,2,2,ESDB_V0_4
6445,6574,disposal,-11.4176,1,PASS,35,,n,disposal,LEMMA,,MASTER,0,0,0,,,,,0,0,0,ESDB_V0_4
6446,6575,documented,-11.4176,1,PASS,35,,n_v;aj,document;documented,FORM;LEMMA,,MASTER,0,0,0,,,,,0,0,0,ESDB_V0_4
6447,6576,drawings,-11.4176,1,PASS,35,,n,drawing,FORM,,MASTER,0,1,0,,drawing,,,1,0,0,ESDB_V0_4
6448,6577,exceptional,-11.4176,1,PASS,35,,aj,exceptional,LEMMA,,MASTER,0,0,0,,,,,0,0,0,ESDB_V0_4
6449,6578,experiencing,-11.4176,1,PASS,35,,n_v,experience,FORM,,MASTER,0,0,0,,,,,0,0,0,ESDB_V0_4
6450,6579,flames,-11.4176,1,PASS,35,,n_v,flame,FORM,,MASTER,0,1,0,,flame,,,1,0,0,ESDB_V0_4
6451,6580,florence,-11.4176,0,NOT_EXACT_EN_US,,,,,,,REJECTED_AUTO,0,0,0,,,,,0,0,0,ESDB_V0_4
6452,6581,foul,-11.4176,1,PASS,35,,n_v;aj,foul,LEMMA,,MASTER,0,0,0,,,,,0,0,0,ESDB_V0_4
6453,6582,foundations,-11.4176,1,PASS,35,,n,foundation,FORM,,MASTER,0,1,0,,foundation,,,1,0,0,ESDB_V0_4
6454,6583,heal,-11.4176,1,PASS,35,,v,heal,LEMMA,,MASTER,0,0,0,,,,,0,0,0,ESDB_V0_4
6455,6584,horizon,-11.4176,1,PASS,35,,n,horizon,LEMMA,,MASTER,0,1,1,,,,horizons,0,1,1,ESDB_V0_4
6456,6585,horizontal,-11.4176,1,PASS,35,,n;aj,horizontal,LEMMA,,MASTER,0,0,0,,,,,0,0,0,ESDB_V0_4
6457,6586,hub,-11.4176,1,PASS,35,,n,hub,LEMMA,,MASTER,0,1,1,,,,hubs,0,1,1,ESDB_V0_4
6458,6587,identifying,-11.4176,1,PASS,35,,v,identify,FORM,,MASTER,0,0,0,,,,,0,0,0,ESDB_V0_4
6459,6588,imports,-11.4176,1,PASS,35,,n_v,import,FORM,,MASTER,0,1,0,,import,,,1,0,0,ESDB_V0_4
6460,6589,inappropriate,-11.4176,1,PASS,35,,aj,inappropriate,LEMMA,,MASTER,0,0,0,,,,,0,0,0,ESDB_V0_4
6461,6590,interference,-11.4176,1,PASS,35,,n,interference,LEMMA,,MASTER,0,0,0,,,,,0,0,0,ESDB_V0_4
6462,6591,investing,-11.4176,1,PASS,35,,v;n,invest;investing,FORM;LEMMA,,MASTER,0,0,0,,,,,0,0,0,ESDB_V0_4
6463,6592,java,-11.4176,0,CASE_FREQ_COLLISION,60,50,n,java,LEMMA,,REJECTED_AUTO,0,0,0,,,,,0,0,0,ESDB_V0_4
6464,6593,jeans,-11.4176,1,PASS,35,,n,jeans,LEMMA,,MASTER,0,0,0,,,,,0,0,0,ESDB_V0_4
6465,6594,journalism,-11.4176,1,PASS,35,,n,journalism,LEMMA,,MASTER,0,0,0,,,,,0,0,0,ESDB_V0_4
6466,6595,karl,-11.4176,0,NOT_EXACT_EN_US,,,,,,,REJECTED_AUTO,0,0,0,,,,,0,0,0,ESDB_V0_4
6467,6596,lesbian,-11.4176,1,PASS,35,,n;aj,lesbian,LEMMA,,MASTER,0,1,1,,,,lesbians,0,1,1,ESDB_V0_4
6468,6597,lo,-11.4176,1,PASS,50,,i,lo,LEMMA,,MASTER,0,1,1,,,,lot;low;log,0,3,0,ESDB_V0_4
6469,6598,lucy,-11.4176,0,NOT_EXACT_EN_US,,,,,,,REJECTED_AUTO,0,0,0,,,,,0,0,0,ESDB_V0_4
6470,6599,martial,-11.4176,1,PASS,35,50,aj,martial,LEMMA,,MASTER,0,0,0,,,,,0,0,0,ESDB_V0_4
6471,6600,momentum,-11.4176,1,PASS,35,,n,momentum,LEMMA,,MASTER,0,0,0,,,,,0,0,0,ESDB_V0_4
6472,6601,museums,-11.4176,1,PASS,35,,n,museum,FORM,,MASTER,0,1,0,,museum,,,1,0,0,ESDB_V0_4
6473,6602,nasa,-11.4176,0,NOT_EXACT_EN_US,,,,,,,REJECTED_AUTO,0,0,0,,,,,0,0,0,ESDB_V0_4
6474,6603,negotiate,-11.4176,1,PASS,35,,v,negotiate,LEMMA,,MASTER,0,1,1,,,,negotiated,0,1,1,ESDB_V0_4
6475,6604,newcastle,-11.4176,0,NOT_EXACT_EN_US,,,,,,,REJECTED_AUTO,0,0,0,,,,,0,0,0,ESDB_V0_4
6476,6605,occurring,-11.4176,1,PASS,35,,v,occur,FORM,,MASTER,0,0,0,,,,,0,0,0,ESDB_V0_4
6477,6606,optical,-11.4176,1,PASS,35,,aj,optical,LEMMA,,MASTER,0,0,0,,,,,0,0,0,ESDB_V0_4
6478,6607,ordering,-11.4176,1,PASS,35,,n_v;n,order;ordering,FORM;LEMMA,,MASTER,0,1,1,,,bordering,,0,1,0,ESDB_V0_4
6479,6608,pal,-11.4176,1,PASS,35,,n_v,pal,LEMMA,,MASTER,0,1,1,,pa,,palm;pale;pals,1,3,1,ESDB_V0_4
6480,6609,pathetic,-11.4176,1,PASS,35,,aj,pathetic,LEMMA,,MASTER,0,0,0,,,,,0,0,0,ESDB_V0_4
6481,6611,pills,-11.4176,1,PASS,35,,n_v,pill,FORM,,MASTER,0,1,1,,pill,spills,,1,1,0,ESDB_V0_4
6482,6612,poker,-11.4176,1,PASS,35,,n,poker,LEMMA,,MASTER,0,1,0,,poke,,,1,0,0,ESDB_V0_4
6483,6613,pr,-11.4176,0,NO_ESDB_GENERAL_EVIDENCE,,,,,,,REJECTED_AUTO,0,0,0,,,,,0,0,0,ESDB_V0_4
6484,6614,propose,-11.4176,1,PASS,35,,v,propose,LEMMA,,MASTER,0,1,1,,,,proposed;proposes,0,2,2,ESDB_V0_4
6485,6615,purchasing,-11.4176,1,PASS,35,,n_v;n,purchase;purchasing,FORM;LEMMA,,MASTER,0,0,0,,,,,0,0,0,ESDB_V0_4
6486,6616,ralph,-11.4176,0,NOT_EXACT_EN_US,,,,,,,REJECTED_AUTO,0,0,0,,,,,0,0,0,ESDB_V0_4
6487,6617,recipients,-11.4176,1,PASS,35,,n,recipient,FORM,,MASTER,0,1,0,,recipient,,,1,0,0,ESDB_V0_4
6488,6618,richmond,-11.4176,0,NOT_EXACT_EN_US,,,,,,,REJECTED_AUTO,0,0,0,,,,,0,0,0,ESDB_V0_4
6489,6619,satisfy,-11.4176,1,PASS,35,,v,satisfy,LEMMA,,MASTER,0,0,0,,,,,0,0,0,ESDB_V0_4
6490,6620,shanghai,-11.4176,0,CASE_FREQ_COLLISION,50,50,v,shanghai,LEMMA,,REJECTED_AUTO,0,0,0,,,,,0,0,0,ESDB_V0_4
6491,6621,struggles,-11.4176,1,PASS,35,,n_v,struggle,FORM,,MASTER,0,1,0,,struggle,,,1,0,0,ESDB_V0_4
6492,6622,tennessee,-11.4176,0,NOT_EXACT_EN_US,,,,,,,REJECTED_AUTO,0,0,0,,,,,0,0,0,ESDB_V0_4
6493,6623,theoretical,-11.4176,1,PASS,35,,aj,theoretical,LEMMA,,MASTER,0,0,0,,,,,0,0,0,ESDB_V0_4
6494,6624,thoroughly,-11.4176,1,PASS,35,,av,thoroughly,LEMMA,,MASTER,0,0,0,,,,,0,0,0,ESDB_V0_4
6495,6625,todd,-11.4176,0,NOT_EXACT_EN_US,,,,,,,REJECTED_AUTO,0,0,0,,,,,0,0,0,ESDB_V0_4
6496,6626,travelled,-11.4176,0,NOT_EXACT_EN_US,,,,,,,REJECTED_AUTO,0,0,0,,,,,0,0,0,ESDB_V0_4
6497,6627,trunk,-11.4176,1,PASS,35,,n,trunk,LEMMA,,MASTER,0,1,1,,,,trunks,0,1,1,ESDB_V0_4
6498,6628,valued,-11.4176,1,PASS,35,,n_v;aj,value;valued,FORM;LEMMA,,MASTER,0,1,0,,value,,,1,0,0,ESDB_V0_4
6499,6629,warehouse,-11.4176,1,PASS,35,,n_v,warehouse,LEMMA,,MASTER,0,1,1,,,,warehouses,0,1,1,ESDB_V0_4
6500,6630,warming,-11.4176,1,PASS,35,,v;n;aj,warm;warming,FORM;LEMMA,,MASTER,0,0,0,,,,,0,0,0,ESDB_V0_4
6501,6631,watches,-11.4176,1,PASS,35,,n_v,watch,FORM,,MASTER,0,0,0,,,,,0,0,0,ESDB_V0_4
6502,6632,welcomed,-11.4176,1,PASS,35,,n_v,welcome,FORM,,MASTER,0,1,0,,welcome,,,1,0,0,ESDB_V0_4
6503,6633,witch,-11.4176,1,PASS,35,,n_v,witch,LEMMA,,MASTER,0,1,1,itch,,switch;twitch,,1,2,0,ESDB_V0_4
6504,6634,yoga,-11.4176,1,PASS,35,,n,yoga,LEMMA,,MASTER,0,0,0,,,,,0,0,0,ESDB_V0_4
6505,6635,youngest,-11.4176,1,PASS,35,,aj,young,FORM,,MASTER,0,0,0,,,,,0,0,0,ESDB_V0_4
6506,6636,abu,-11.4453,0,NOT_EXACT_EN_US,,,,,,,REJECTED_AUTO,0,0,0,,,,,0,0,0,ESDB_V0_4
6507,6637,accommodation,-11.4453,1,PASS,35,,n,accommodation,LEMMA,,MASTER,0,1,1,,,,accommodations,0,1,1,ESDB_V0_4
6508,6638,accomplish,-11.4453,1,PASS,35,,v,accomplish,LEMMA,,MASTER,0,0,0,,,,,0,0,0,ESDB_V0_4
6509,6639,achieving,-11.4453,1,PASS,35,,v,achieve,FORM,,MASTER,0,0,0,,,,,0,0,0,ESDB_V0_4
6510,6640,adjustment,-11.4453,1,PASS,35,,n,adjustment,LEMMA,,MASTER,0,1,1,,,,adjustments,0,1,1,ESDB_V0_4
6511,6641,aging,-11.4453,1,PASS,35,,n_v;n,age;aging,FORM;LEMMA,,MASTER,0,1,1,,,raging,,0,1,0,ESDB_V0_4
6512,6642,airports,-11.4453,1,PASS,35,,n,airport,FORM,,MASTER,0,1,0,,airport,,,1,0,0,ESDB_V0_4
6513,6644,anxious,-11.4453,1,PASS,35,,aj,anxious,LEMMA,,MASTER,0,0,0,,,,,0,0,0,ESDB_V0_4
6514,6645,appendix,-11.4453,1,PASS,35,,n,appendix,LEMMA,,MASTER,0,0,0,,,,,0,0,0,ESDB_V0_4
6515,6646,athletic,-11.4453,1,PASS,35,,aj,athletic,LEMMA,,MASTER,0,1,1,,,,athletics,0,1,0,ESDB_V0_4
6516,6647,backwards,-11.4453,1,PASS,35,,av,backwards,LEMMA,,MASTER,0,1,0,,backward,,,1,0,0,ESDB_V0_4
6517,6648,bailey,-11.4453,0,CASE_FREQ_COLLISION,60,50,n,bailey,LEMMA,,REJECTED_AUTO,0,0,0,,,,,0,0,0,ESDB_V0_4
6518,6649,beg,-11.4453,1,PASS,35,,v,beg,LEMMA,,MASTER,0,1,1,,be,,begs,1,1,1,ESDB_V0_4
6519,6650,behave,-11.4453,1,PASS,35,,v,behave,LEMMA,,MASTER,0,1,1,,,,behaved,0,1,1,ESDB_V0_4
6520,6651,bio,-11.4453,1,PASS,60,,n,bio,LEMMA,,MASTER,0,0,0,,,,,0,0,0,ESDB_V0_4
6521,6652,blanket,-11.4453,1,PASS,35,,n_v;aj,blanket,LEMMA,,MASTER,0,1,1,,,,blankets,0,1,1,ESDB_V0_4
6522,6653,bout,-11.4453,1,PASS,35,,n,bout,LEMMA,,MASTER,0,1,1,out,,about,,1,1,0,ESDB_V0_4
6523,6654,brains,-11.4453,1,PASS,35,,n_v,brain,FORM,,MASTER,0,1,0,rains,brain,,,2,0,0,ESDB_V0_4
6524,6655,cafe,-11.4453,1,PASS,35,,n,cafe,LEMMA,,MASTER,0,1,1,,,,cafes,0,1,1,ESDB_V0_4
6525,6656,cheer,-11.4453,1,PASS,35,50,n_v,cheer,LEMMA,,MASTER,0,1,1,,,,cheers,0,1,1,ESDB_V0_4
6526,6657,compact,-11.4453,1,PASS,35,,n_v;aj,compact,LEMMA,,MASTER,0,0,0,,,,,0,0,0,ESDB_V0_4
6527,6658,compliance,-11.4453,1,PASS,35,,n,compliance,LEMMA,,MASTER,0,0,0,,,,,0,0,0,ESDB_V0_4
6528,6659,continental,-11.4453,1,PASS,35,50,n;aj,continental,LEMMA,,MASTER,0,0,0,,,,,0,0,0,ESDB_V0_4
6529,6660,creepy,-11.4453,1,PASS,35,,aj,creepy,LEMMA,,MASTER,0,1,0,,creep,,,1,0,0,ESDB_V0_4
6530,6661,cult,-11.4453,1,PASS,35,,n;a,cult,LEMMA,,MASTER,0,0,0,,,,,0,0,0,ESDB_V0_4
6531,6662,dame,-11.4453,1,PASS,35,60,n,dame,LEMMA,,MASTER,0,1,0,,dam,,,1,0,0,ESDB_V0_4
6532,6663,dental,-11.4453,1,PASS,35,,aj,dental,LEMMA,,MASTER,0,0,0,,,,,0,0,0,ESDB_V0_4
6533,6664,designers,-11.4453,1,PASS,35,,n,designer,FORM,,MASTER,0,1,0,,designer,,,1,0,0,ESDB_V0_4
6534,6665,dictionary,-11.4453,1,PASS,35,,n,dictionary,LEMMA,,MASTER,0,0,0,,,,,0,0,0,ESDB_V0_4
6535,6666,disputes,-11.4453,1,PASS,35,,n_v,dispute,FORM,,MASTER,0,1,0,,dispute,,,1,0,0,ESDB_V0_4
6536,6667,dive,-11.4453,1,PASS,35,,n_v,dive,LEMMA,,MASTER,0,1,1,,,,diver;dives,0,2,1,ESDB_V0_4
6537,6668,doll,-11.4453,1,PASS,35,,n_v,doll,LEMMA,,MASTER,0,1,1,,,,dolls;dolly,0,2,1,ESDB_V0_4
6538,6669,donations,-11.4453,1,PASS,35,,n,donation,FORM,,MASTER,0,1,0,,donation,,,1,0,0,ESDB_V0_4
6539,6670,dozens,-11.4453,1,PASS,35,,n,dozen,FORM,,MASTER,0,1,0,,dozen,,,1,0,0,ESDB_V0_4
6540,6671,dynamics,-11.4453,1,PASS,35,,n,dynamic;dynamics,FORM;LEMMA,,MASTER,0,1,0,,dynamic,,,1,0,0,ESDB_V0_4
6541,6672,ego,-11.4453,1,PASS,35,,n,ego,LEMMA,,MASTER,0,1,0,go,,,,1,0,0,ESDB_V0_4
6542,6673,elevated,-11.4453,1,PASS,35,,v;aj,elevate;elevated,FORM;LEMMA,,MASTER,0,1,0,,elevate,,,1,0,0,ESDB_V0_4
6543,6674,enhance,-11.4453,1,PASS,35,,v,enhance,LEMMA,,MASTER,0,1,1,,,,enhanced;enhances,0,2,2,ESDB_V0_4
6544,6675,entries,-11.4453,1,PASS,35,,n,entry,FORM,,MASTER,0,0,0,,,,,0,0,0,ESDB_V0_4
6545,6676,equation,-11.4453,1,PASS,35,,n,equation,LEMMA,,MASTER,0,1,1,,,,equations,0,1,1,ESDB_V0_4
6546,6677,expenditure,-11.4453,1,PASS,35,,n,expenditure,LEMMA,,MASTER,0,1,1,,,,expenditures,0,1,1,ESDB_V0_4
6547,6678,explicitly,-11.4453,1,PASS,35,,av,explicitly,LEMMA,,MASTER,0,0,0,,,,,0,0,0,ESDB_V0_4
6548,6679,feared,-11.4453,1,PASS,35,,n_v,fear,FORM,,MASTER,0,0,0,,,,,0,0,0,ESDB_V0_4
6549,6680,ferry,-11.4453,1,PASS,35,,n_v,ferry,LEMMA,,MASTER,0,0,0,,,,,0,0,0,ESDB_V0_4
6550,6681,floors,-11.4453,1,PASS,35,,n_v,floor,FORM,,MASTER,0,1,0,,floor,,,1,0,0,ESDB_V0_4
6551,6682,founding,-11.4453,1,PASS,35,,v;n,found;founding,FORM;LEMMA,,MASTER,0,0,0,,,,,0,0,0,ESDB_V0_4
6552,6683,fr,-11.4453,0,NO_ESDB_GENERAL_EVIDENCE,,,,,,,REJECTED_AUTO,0,0,0,,,,,0,0,0,ESDB_V0_4
6553,6684,gdp,-11.4453,0,NOT_EXACT_EN_US,,,,,,,REJECTED_AUTO,0,0,0,,,,,0,0,0,ESDB_V0_4
6554,6685,geographic,-11.4453,1,PASS,35,,aj,geographic,LEMMA,,MASTER,0,0,0,,,,,0,0,0,ESDB_V0_4
6555,6686,gps,-11.4453,0,NOT_EXACT_EN_US,,,,,,,REJECTED_AUTO,0,0,0,,,,,0,0,0,ESDB_V0_4
6556,6687,graduation,-11.4453,1,PASS,35,,n,graduation,LEMMA,,MASTER,0,0,0,,,,,0,0,0,ESDB_V0_4
6557,6688,halfway,-11.4453,1,PASS,35,,aj_av,halfway,LEMMA,,MASTER,0,0,0,,,,,0,0,0,ESDB_V0_4
6558,6689,harrison,-11.4453,0,NOT_EXACT_EN_US,,,,,,,REJECTED_AUTO,0,0,0,,,,,0,0,0,ESDB_V0_4
6559,6690,heated,-11.4453,1,PASS,35,,n_v;aj,heat;heated,FORM;LEMMA,,MASTER,0,1,1,,,cheated,,0,1,0,ESDB_V0_4
6560,6691,hint,-11.4453,1,PASS,35,,n_v,hint,LEMMA,,MASTER,0,1,1,,,,hints,0,1,1,ESDB_V0_4
6561,6692,holmes,-11.4453,0,NOT_EXACT_EN_US,,,,,,,REJECTED_AUTO,0,0,0,,,,,0,0,0,ESDB_V0_4
6562,6693,hughes,-11.4453,0,NOT_EXACT_EN_US,,,,,,,REJECTED_AUTO,0,0,0,,,,,0,0,0,ESDB_V0_4
6563,6694,hurricane,-11.4453,1,PASS,35,,n,hurricane,LEMMA,,MASTER,0,1,1,,,,hurricanes,0,1,1,ESDB_V0_4
6564,6695,impose,-11.4453,1,PASS,35,,v,impose,LEMMA,,MASTER,0,1,1,,,,imposed;imposes,0,2,2,ESDB_V0_4
6565,6696,ink,-11.4453,1,PASS,35,,n_v,ink,LEMMA,,MASTER,0,1,1,,in,link;pink;sink;wink;rink,,1,5,0,ESDB_V0_4
6566,6697,investigating,-11.4453,1,PASS,35,,v;n,investigate;investigating,FORM;LEMMA,,MASTER,0,0,0,,,,,0,0,0,ESDB_V0_4
6567,6698,isis,-11.4453,0,NOT_EXACT_EN_US,,,,,,,REJECTED_AUTO,0,0,0,,,,,0,0,0,ESDB_V0_4
6568,6699,karen,-11.4453,0,NOT_EXACT_EN_US,,,,,,,REJECTED_AUTO,0,0,0,,,,,0,0,0,ESDB_V0_4
6569,6700,knights,-11.4453,1,PASS,35,,n_v,knight,FORM,,MASTER,0,1,0,nights,knight,,,2,0,0,ESDB_V0_4
6570,6701,lamb,-11.4453,1,PASS,35,50,n_v,lamb,LEMMA,,MASTER,0,1,1,,lam,,lambs,1,1,1,ESDB_V0_4
6571,6702,lemon,-11.4453,1,PASS,35,,n;a,lemon,LEMMA,,MASTER,0,0,0,,,,,0,0,0,ESDB_V0_4
6572,6703,likewise,-11.4453,1,PASS,35,,av,likewise,LEMMA,,MASTER,0,0,0,,,,,0,0,0,ESDB_V0_4
6573,6704,ll,-11.4453,0,NO_ESDB_GENERAL_EVIDENCE,,,,,,,REJECTED_AUTO,0,0,0,,,,,0,0,0,ESDB_V0_4
6574,6705,luis,-11.4453,0,NOT_EXACT_EN_US,,,,,,,REJECTED_AUTO,0,0,0,,,,,0,0,0,ESDB_V0_4
6575,6706,metals,-11.4453,1,PASS,35,,n,metal,FORM,,MASTER,0,1,0,,metal,,,1,0,0,ESDB_V0_4
6576,6707,mob,-11.4453,1,PASS,35,,n_v;a,mob,LEMMA,,MASTER,0,0,0,,,,,0,0,0,ESDB_V0_4
6577,6708,molecular,-11.4453,1,PASS,35,,aj,molecular,LEMMA,,MASTER,0,0,0,,,,,0,0,0,ESDB_V0_4
6578,6709,nephew,-11.4453,1,PASS,35,,n,nephew,LEMMA,,MASTER,0,0,0,,,,,0,0,0,ESDB_V0_4
6579,6710,ninth,-11.4453,1,PASS,35,,n,ninth,LEMMA,,MASTER,0,0,0,,,,,0,0,0,ESDB_V0_4
6580,6711,notable,-11.4453,1,PASS,35,,n;aj,notable,LEMMA,,MASTER,0,0,0,,,,,0,0,0,ESDB_V0_4
6581,6712,noting,-11.4453,1,PASS,35,,n_v,note,FORM,,MASTER,0,0,0,,,,,0,0,0,ESDB_V0_4
6582,6713,panels,-11.4453,1,PASS,35,,n_v,panel,FORM,,MASTER,0,1,0,,panel,,,1,0,0,ESDB_V0_4
6583,6714,passionate,-11.4453,1,PASS,35,,aj,passionate,LEMMA,,MASTER,0,0,0,,,,,0,0,0,ESDB_V0_4
6584,6715,pastor,-11.4453,1,PASS,35,,n,pastor,LEMMA,,MASTER,0,1,1,,,,pastors,0,1,1,ESDB_V0_4
6585,6716,pine,-11.4453,1,PASS,35,,n_v,pine,LEMMA,,MASTER,0,1,1,,pin,spine,pines,1,2,1,ESDB_V0_4
6586,6717,pockets,-11.4453,1,PASS,35,,n_v,pocket,FORM,,MASTER,0,1,0,,pocket,,,1,0,0,ESDB_V0_4
6587,6718,pricing,-11.4453,1,PASS,35,,n_v;n,price;pricing,FORM;LEMMA,,MASTER,0,0,0,,,,,0,0,0,ESDB_V0_4
6588,6719,proves,-11.4453,1,PASS,35,,v,prove,FORM,,MASTER,0,1,0,,prove,,,1,0,0,ESDB_V0_4
6589,6720,punished,-11.4453,1,PASS,35,,v;aj,punish;punished,FORM;LEMMA,,MASTER,0,0,0,,,,,0,0,0,ESDB_V0_4
6590,6721,purchases,-11.4453,1,PASS,35,,n_v,purchase,FORM,,MASTER,0,1,0,,purchase,,,1,0,0,ESDB_V0_4
6591,6722,questioning,-11.4453,1,PASS,35,,n_v;n,question;questioning,FORM;LEMMA,,MASTER,0,0,0,,,,,0,0,0,ESDB_V0_4
6592,6723,rabbit,-11.4453,1,PASS,35,,n,rabbit,LEMMA;FORM,,MASTER,0,1,1,,rabbi,,rabbits,1,1,1,ESDB_V0_4
6593,6724,remix,-11.4453,1,PASS,60,,v,remix,LEMMA,,MASTER,0,0,0,,,,,0,0,0,ESDB_V0_4
6594,6725,resigned,-11.4453,1,PASS,35,,v;a,resign;resigned,FORM;LEMMA,,MASTER,0,0,0,,,,,0,0,0,ESDB_V0_4
6595,6726,ripped,-11.4453,1,PASS,35,,n_v;aj,rip;ripped,FORM;LEMMA,,MASTER,0,1,1,,,tripped,,0,1,0,ESDB_V0_4
6596,6727,sail,-11.4453,1,PASS,35,,n_v,sail,LEMMA,,MASTER,0,1,1,,,,sails,0,1,1,ESDB_V0_4
6597,6728,sailing,-11.4453,1,PASS,35,,n_v;n,sail;sailing,FORM;LEMMA,,MASTER,0,0,0,,,,,0,0,0,ESDB_V0_4
6598,6729,saves,-11.4453,1,PASS,35,,n_v,save,FORM,,MASTER,0,1,0,,save,,,1,0,0,ESDB_V0_4
6599,6730,seemingly,-11.4453,1,PASS,35,,av,seemingly,LEMMA,,MASTER,0,0,0,,,,,0,0,0,ESDB_V0_4
6600,6731,senators,-11.4453,1,PASS,35,,n,senator,FORM,,MASTER,0,1,0,,senator,,,1,0,0,ESDB_V0_4
6601,6732,shitty,-11.4453,1,PASS,40,,aj,shitty,LEMMA,vulgar-1,MASTER,0,0,0,,,,,0,0,0,ESDB_V0_4
6602,6733,shocking,-11.4453,1,PASS,35,,n_v;aj,shock;shocking,FORM;LEMMA,,MASTER,0,0,0,,,,,0,0,0,ESDB_V0_4
6603,6734,shout,-11.4453,1,PASS,35,,n_v,shout,LEMMA,,MASTER,0,1,1,,,,shouts,0,1,1,ESDB_V0_4
6604,6735,smells,-11.4453,1,PASS,35,,n_v,smell,FORM,,MASTER,0,1,0,,smell,,,1,0,0,ESDB_V0_4
6605,6736,sovereign,-11.4453,1,PASS,35,,n;aj,sovereign,LEMMA,,MASTER,0,0,0,,,,,0,0,0,ESDB_V0_4
6606,6737,spectacular,-11.4453,1,PASS,35,,n;aj,spectacular,LEMMA,,MASTER,0,0,0,,,,,0,0,0,ESDB_V0_4
6607,6738,spencer,-11.4453,0,NOT_EXACT_EN_US,,,,,,,REJECTED_AUTO,0,0,0,,,,,0,0,0,ESDB_V0_4
6608,6739,strings,-11.4453,1,PASS,35,,n_v,string,FORM,,MASTER,0,1,0,,string,,,1,0,0,ESDB_V0_4
6609,6740,surfaces,-11.4453,1,PASS,35,,n_v,surface,FORM,,MASTER,0,1,0,,surface,,,1,0,0,ESDB_V0_4
6610,6741,surplus,-11.4453,1,PASS,35,,n_v;aj,surplus,LEMMA,,MASTER,0,0,0,,,,,0,0,0,ESDB_V0_4
6611,6742,teenager,-11.4453,1,PASS,35,,n,teenager,LEMMA,,MASTER,0,1,1,,teenage,,teenagers,1,1,1,ESDB_V0_4
6612,6743,tel,-11.4453,0,NO_ESDB_GENERAL_EVIDENCE,,,,,,,REJECTED_AUTO,0,0,0,,,,,0,0,0,ESDB_V0_4
6613,6744,tendency,-11.4453,1,PASS,35,,n,tendency,LEMMA,,MASTER,0,0,0,,,,,0,0,0,ESDB_V0_4
6614,6745,variables,-11.4453,1,PASS,35,,n,variable,FORM,,MASTER,0,1,0,,variable,,,1,0,0,ESDB_V0_4
6615,6746,ve,-11.4453,0,NOT_EXACT_EN_US,,,,,,,REJECTED_AUTO,0,0,0,,,,,0,0,0,ESDB_V0_4
6616,6747,widow,-11.4453,1,PASS,35,,n_v,widow,LEMMA,,MASTER,0,1,1,,,,widows,0,1,1,ESDB_V0_4
6617,6748,width,-11.4453,1,PASS,35,,n,width,LEMMA,,MASTER,0,0,0,,,,,0,0,0,ESDB_V0_4
6618,6750,accurately,-11.4641,1,PASS,35,,av,accurately,LEMMA,,MASTER,0,0,0,,,,,0,0,0,ESDB_V0_4
6619,6751,adventures,-11.4641,1,PASS,35,,n_v,adventure,FORM,,MASTER,0,1,0,,adventure,,,1,0,0,ESDB_V0_4
6620,6752,ahh,-11.4641,0,NOT_EXACT_EN_US,,,,,,,REJECTED_AUTO,0,0,0,,,,,0,0,0,ESDB_V0_4
6621,6753,altered,-11.4641,1,PASS,35,,v;aj,alter;altered,FORM;LEMMA,,MASTER,0,0,0,,,,,0,0,0,ESDB_V0_4
6622,6754,ambitious,-11.4641,1,PASS,35,,aj,ambitious,LEMMA,,MASTER,0,0,0,,,,,0,0,0,ESDB_V0_4
6623,6755,argues,-11.4641,1,PASS,35,,v,argue,FORM,,MASTER,0,1,0,,argue,,,1,0,0,ESDB_V0_4
6624,6756,atomic,-11.4641,1,PASS,35,,aj,atomic,LEMMA,,MASTER,0,0,0,,,,,0,0,0,ESDB_V0_4
6625,6757,banner,-11.4641,1,PASS,35,,n;aj,banner,LEMMA,,MASTER,0,1,1,,,,banners,0,1,1,ESDB_V0_4
6626,6758,brooks,-11.4641,1,PASS,35,50,n_v,brook,FORM,,MASTER,0,1,0,,brook,,,1,0,0,ESDB_V0_4
6627,6759,browser,-11.4641,1,PASS,40,,n,browser,LEMMA,,MASTER,0,1,1,,browse,,browsers,1,1,1,ESDB_V0_4
6628,6760,brutal,-11.4641,1,PASS,35,,aj,brutal,LEMMA,,MASTER,0,0,0,,,,,0,0,0,ESDB_V0_4
6629,6761,bucket,-11.4641,1,PASS,35,,n_v,bucket,LEMMA,,MASTER,0,1,1,,,,buckets,0,1,1,ESDB_V0_4
6630,6762,burger,-11.4641,1,PASS,40,50,n,burger,LEMMA,,MASTER,0,0,0,,,,,0,0,0,ESDB_V0_4
6631,6763,buses,-11.4641,1,PASS,35,,n;v,bus,FORM,,MASTER,0,1,1,uses,,abuses,,1,1,0,ESDB_V0_4
6632,6764,bust,-11.4641,1,PASS,35,,n_v;aj,bust,LEMMA;FORM,,MASTER,0,1,0,,bus,,,1,0,0,ESDB_V0_4
6633,6765,cartoon,-11.4641,1,PASS,35,,n_v,cartoon,LEMMA,,MASTER,0,1,1,,,,cartoons,0,1,1,ESDB_V0_4
6634,6766,caution,-11.4641,1,PASS,35,,n_v,caution,LEMMA,,MASTER,0,0,0,,,,,0,0,0,ESDB_V0_4
6635,6767,championships,-11.4641,1,PASS,35,,n,championship,FORM,,MASTER,0,1,0,,championship,,,1,0,0,ESDB_V0_4
6636,6768,chin,-11.4641,1,PASS,35,,n_v,chin,LEMMA,,MASTER,0,1,1,,chi,,china,1,1,0,ESDB_V0_4
6637,6769,clan,-11.4641,1,PASS,35,,n,clan,LEMMA,,MASTER,0,1,1,,,,clans,0,1,1,ESDB_V0_4
6638,6770,clicking,-11.4641,1,PASS,35,,n_v;n,click;clicking,FORM;LEMMA,,MASTER,0,1,0,licking,,,,1,0,0,ESDB_V0_4
6639,6771,commissioned,-11.4641,1,PASS,35,,n_v;aj,commission;commissioned,FORM;LEMMA,,MASTER,0,0,0,,,,,0,0,0,ESDB_V0_4
6640,6772,configuration,-11.4641,1,PASS,35,,n,configuration,LEMMA,,MASTER,0,1,1,,,,configurations,0,1,1,ESDB_V0_4
6641,6773,considerations,-11.4641,1,PASS,35,,n,consideration,FORM,,MASTER,0,1,0,,consideration,,,1,0,0,ESDB_V0_4
6642,6774,console,-11.4641,1,PASS,35,,n_v,console,LEMMA,,MASTER,0,1,1,,,,consoles,0,1,1,ESDB_V0_4
6643,6775,consulting,-11.4641,1,PASS,35,,v,consult,FORM,,MASTER,0,0,0,,,,,0,0,0,ESDB_V0_4
6644,6776,coup,-11.4641,1,PASS,35,,n,coup,LEMMA,,MASTER,0,1,1,,,,coupe,0,1,0,ESDB_V0_4
6645,6777,creativity,-11.4641,1,PASS,35,,n,creativity,LEMMA,,MASTER,0,0,0,,,,,0,0,0,ESDB_V0_4
6646,6778,dairy,-11.4641,1,PASS,35,,n;a,dairy,LEMMA,,MASTER,0,0,0,,,,,0,0,0,ESDB_V0_4
6647,6779,defended,-11.4641,1,PASS,35,,v,defend,FORM,,MASTER,0,0,0,,,,,0,0,0,ESDB_V0_4
6648,6780,defining,-11.4641,1,PASS,35,,v;n,define;defining,FORM;LEMMA,,MASTER,0,0,0,,,,,0,0,0,ESDB_V0_4
6649,6781,disturbing,-11.4641,1,PASS,35,,v;aj,disturb;disturbing,FORM;LEMMA,,MASTER,0,0,0,,,,,0,0,0,ESDB_V0_4
6650,6782,diving,-11.4641,1,PASS,35,,n_v;n,dive;diving,FORM;LEMMA,,MASTER,0,0,0,,,,,0,0,0,ESDB_V0_4
6651,6783,doesnt,-11.4641,0,NOT_EXACT_EN_US,,,,,,,REJECTED_AUTO,0,0,0,,,,,0,0,0,ESDB_V0_4
6652,6784,dot,-11.4641,1,PASS,35,50,n_v,dot,LEMMA,,MASTER,0,1,1,,do,,dots,1,1,1,ESDB_V0_4
6653,6785,drill,-11.4641,1,PASS,35,,n_v,drill,LEMMA,,MASTER,0,1,1,,,,drills,0,1,1,ESDB_V0_4
6654,6786,duncan,-11.4641,0,NOT_EXACT_EN_US,,,,,,,REJECTED_AUTO,0,0,0,,,,,0,0,0,ESDB_V0_4
6655,6787,dylan,-11.4641,0,NOT_EXACT_EN_US,,,,,,,REJECTED_AUTO,0,0,0,,,,,0,0,0,ESDB_V0_4
6656,6788,ellen,-11.4641,0,NOT_EXACT_EN_US,,,,,,,REJECTED_AUTO,0,0,0,,,,,0,0,0,ESDB_V0_4
6657,6789,environments,-11.4641,1,PASS,35,,n,environment,FORM,,MASTER,0,1,0,,environment,,,1,0,0,ESDB_V0_4
6658,6790,euros,-11.4641,1,PASS,50,,n,euro,FORM,,MASTER,0,1,0,,euro,,,1,0,0,ESDB_V0_4
6659,6791,extends,-11.4641,1,PASS,35,,v,extend,FORM,,MASTER,0,1,0,,extend,,,1,0,0,ESDB_V0_4
6660,6792,feast,-11.4641,1,PASS,35,,n_v,feast,LEMMA,,MASTER,0,1,0,east,,,,1,0,0,ESDB_V0_4
6661,6793,firmly,-11.4641,1,PASS,35,,av,firmly,LEMMA,,MASTER,0,0,0,,,,,0,0,0,ESDB_V0_4
6662,6794,forbidden,-11.4641,1,PASS,35,,v;aj,forbid;forbidden,FORM;LEMMA,,MASTER,0,0,0,,,,,0,0,0,ESDB_V0_4
6663,6795,freaking,-11.4641,1,PASS,35,,n_v,freak,FORM,,MASTER,0,0,0,,,,,0,0,0,ESDB_V0_4
6664,6796,fried,-11.4641,1,PASS,35,,aj;v,fried;fry,LEMMA;FORM,,MASTER,0,0,0,,,,,0,0,0,ESDB_V0_4
6665,6797,guides,-11.4641,1,PASS,35,,n_v,guide,FORM,,MASTER,0,1,0,,guide,,,1,0,0,ESDB_V0_4
6666,6798,han,-11.4641,0,NOT_EXACT_EN_US,,,,,,,REJECTED_AUTO,0,0,0,,,,,0,0,0,ESDB_V0_4
6667,6799,happier,-11.4641,1,PASS,35,,aj,happy,FORM,,MASTER,0,0,0,,,,,0,0,0,ESDB_V0_4
6668,6800,homework,-11.4641,1,PASS,35,,n,homework,LEMMA,,MASTER,0,0,0,,,,,0,0,0,ESDB_V0_4
6669,6801,ignoring,-11.4641,1,PASS,35,,v,ignore,FORM,,MASTER,0,0,0,,,,,0,0,0,ESDB_V0_4
6670,6802,imagined,-11.4641,1,PASS,35,,v,imagine,FORM,,MASTER,0,1,0,,imagine,,,1,0,0,ESDB_V0_4
6671,6803,implies,-11.4641,1,PASS,35,,v,imply,FORM,,MASTER,0,0,0,,,,,0,0,0,ESDB_V0_4
6672,6804,imported,-11.4641,1,PASS,35,,n_v;aj,import;imported,FORM;LEMMA,,MASTER,0,0,0,,,,,0,0,0,ESDB_V0_4
6673,6805,interpreted,-11.4641,1,PASS,35,,v;aj,interpret;interpreted,FORM;LEMMA,,MASTER,0,0,0,,,,,0,0,0,ESDB_V0_4
6674,6806,ive,-11.4641,0,NOT_EXACT_EN_US,,,,,,,REJECTED_AUTO,0,0,0,,,,,0,0,0,ESDB_V0_4
6675,6807,judged,-11.4641,1,PASS,35,,n_v,judge,FORM,,MASTER,0,1,0,,judge,,,1,0,0,ESDB_V0_4
6676,6808,keeper,-11.4641,1,PASS,35,,n,keeper,LEMMA,,MASTER,0,1,1,,,,keepers,0,1,1,ESDB_V0_4
6677,6809,kicks,-11.4641,1,PASS,35,,n_v,kick,FORM,,MASTER,0,1,0,,kick,,,1,0,0,ESDB_V0_4
6678,6810,kidney,-11.4641,1,PASS,35,,n,kidney,LEMMA,,MASTER,0,1,1,,,,kidneys,0,1,1,ESDB_V0_4
6679,6811,ladder,-11.4641,1,PASS,35,,n_v,ladder,LEMMA,,MASTER,0,1,1,,,bladder,,0,1,0,ESDB_V0_4
6680,6812,liquor,-11.4641,1,PASS,35,,n;v,liquor,LEMMA,,MASTER,0,0,0,,,,,0,0,0,ESDB_V0_4
6681,6813,lloyd,-11.4641,0,NOT_EXACT_EN_US,,,,,,,REJECTED_AUTO,0,0,0,,,,,0,0,0,ESDB_V0_4
6682,6814,lobby,-11.4641,1,PASS,35,,n_v,lobby,LEMMA,,MASTER,0,0,0,,,,,0,0,0,ESDB_V0_4
6683,6815,mice,-11.4641,1,PASS,35,,n,mouse,FORM,,MASTER,0,1,0,ice,mic,,,2,0,0,ESDB_V0_4
6684,6816,motorcycle,-11.4641,1,PASS,35,,n_v,motorcycle,LEMMA,,MASTER,0,1,1,,,,motorcycles,0,1,1,ESDB_V0_4
6685,6817,necessity,-11.4641,1,PASS,35,,n,necessity,LEMMA,,MASTER,0,0,0,,,,,0,0,0,ESDB_V0_4
6686,6818,nicholas,-11.4641,0,NOT_EXACT_EN_US,,,,,,,REJECTED_AUTO,0,0,0,,,,,0,0,0,ESDB_V0_4
6687,6819,nomination,-11.4641,1,PASS,35,,n,nomination,LEMMA,,MASTER,0,1,1,,,,nominations,0,1,1,ESDB_V0_4
6688,6820,overwhelming,-11.4641,1,PASS,35,,v;aj,overwhelm;overwhelming,FORM;LEMMA,,MASTER,0,0,0,,,,,0,0,0,ESDB_V0_4
6689,6821,perfection,-11.4641,1,PASS,35,,n,perfection,LEMMA,,MASTER,0,0,0,,,,,0,0,0,ESDB_V0_4
6690,6822,placement,-11.4641,1,PASS,35,,n,placement,LEMMA,,MASTER,0,0,0,,,,,0,0,0,ESDB_V0_4
6691,6823,polar,-11.4641,1,PASS,35,,aj,polar,LEMMA,,MASTER,0,0,0,,,,,0,0,0,ESDB_V0_4
6692,6824,presumably,-11.4641,1,PASS,35,,av,presumably,LEMMA,,MASTER,0,0,0,,,,,0,0,0,ESDB_V0_4
6693,6825,prof,-11.4641,1,PASS,40,,n,prof,LEMMA,,MASTER,0,1,0,,pro,,,1,0,0,ESDB_V0_4
6694,6826,prospects,-11.4641,1,PASS,35,,n_v,prospect,FORM,,MASTER,0,1,0,,prospect,,,1,0,0,ESDB_V0_4
6695,6827,prosperity,-11.4641,1,PASS,35,,n,prosperity,LEMMA,,MASTER,0,0,0,,,,,0,0,0,ESDB_V0_4
6696,6828,proteins,-11.4641,1,PASS,35,,n,protein,FORM,,MASTER,0,1,0,,protein,,,1,0,0,ESDB_V0_4
6697,6829,ps,-11.4641,0,NOT_EXACT_EN_US,,,,,,,REJECTED_AUTO,0,0,0,,,,,0,0,0,ESDB_V0_4
6698,6830,quantities,-11.4641,1,PASS,35,,n,quantity,FORM,,MASTER,0,0,0,,,,,0,0,0,ESDB_V0_4
6699,6831,quantum,-11.4641,1,PASS,35,,n;a,quantum,LEMMA,,MASTER,0,0,0,,,,,0,0,0,ESDB_V0_4
6700,6832,rainbow,-11.4641,1,PASS,35,,n;a,rainbow,LEMMA,,MASTER,0,0,0,,,,,0,0,0,ESDB_V0_4
6701,6833,raped,-11.4641,1,PASS,35,,n_v;aj,rape;raped,FORM;LEMMA,,MASTER,0,1,0,,rape,,,1,0,0,ESDB_V0_4
6702,6834,rays,-11.4641,1,PASS,35,,n,ray,FORM,,MASTER,0,1,0,,ray,,,1,0,0,ESDB_V0_4
6703,6835,realm,-11.4641,1,PASS,35,,n,realm,LEMMA,,MASTER,0,1,1,,real,,realms,1,1,1,ESDB_V0_4
6704,6836,rebellion,-11.4641,1,PASS,35,,n,rebellion,LEMMA,,MASTER,0,0,0,,,,,0,0,0,ESDB_V0_4
6705,6837,reed,-11.4641,1,PASS,35,50,n,reed,LEMMA,,MASTER,0,1,1,,,breed;freed;creed;greed,,0,4,0,ESDB_V0_4
6706,6838,religions,-11.4641,1,PASS,35,,n,religion,FORM,,MASTER,0,1,0,,religion,,,1,0,0,ESDB_V0_4
6707,6839,ridge,-11.4641,1,PASS,35,,n_v,ridge,LEMMA,,MASTER,0,1,1,,,bridge;fridge,ridges,0,3,1,ESDB_V0_4
6708,6840,rs,-11.4641,0,NOT_EXACT_EN_US,,,,,,,REJECTED_AUTO,0,0,0,,,,,0,0,0,ESDB_V0_4
6709,6841,secretly,-11.4641,1,PASS,35,,av,secretly,LEMMA,,MASTER,0,0,0,,,,,0,0,0,ESDB_V0_4
6710,6842,sells,-11.4641,1,PASS,35,,n_v,sell,FORM,,MASTER,0,1,0,,sell,,,1,0,0,ESDB_V0_4
6711,6843,shade,-11.4641,1,PASS,35,,n_v,shade,LEMMA,,MASTER,0,1,1,,,,shades;shaded,0,2,2,ESDB_V0_4
6712,6844,shadows,-11.4641,1,PASS,35,,n_v,shadow,FORM,,MASTER,0,1,0,,shadow,,,1,0,0,ESDB_V0_4
6713,6845,shallow,-11.4641,1,PASS,35,,n;aj,shallow,LEMMA,,MASTER,0,0,0,,,,,0,0,0,ESDB_V0_4
6714,6847,southwest,-11.4641,1,PASS,35,60,n;aj;av,southwest,LEMMA,,MASTER,0,0,0,,,,,0,0,0,ESDB_V0_4
6715,6848,speculation,-11.4641,1,PASS,35,,n,speculation,LEMMA,,MASTER,0,0,0,,,,,0,0,0,ESDB_V0_4
6716,6849,succession,-11.4641,1,PASS,35,,n,succession,LEMMA,,MASTER,0,0,0,,,,,0,0,0,ESDB_V0_4
6717,6850,successor,-11.4641,1,PASS,35,,n,successor,LEMMA,,MASTER,0,1,1,,,,successors,0,1,1,ESDB_V0_4
6718,6851,surveys,-11.4641,1,PASS,35,,n_v,survey,FORM,,MASTER,0,1,0,,survey,,,1,0,0,ESDB_V0_4
6719,6852,suspicion,-11.4641,1,PASS,35,,n,suspicion,LEMMA,,MASTER,0,1,1,,,,suspicions,0,1,1,ESDB_V0_4
6720,6853,ta,-11.4641,0,NO_ESDB_GENERAL_EVIDENCE,,,,,,,REJECTED_AUTO,0,0,0,,,,,0,0,0,ESDB_V0_4
6721,6854,tab,-11.4641,1,PASS,35,,n_v,tab,LEMMA,,MASTER,0,1,1,,,stab,tabs,0,2,1,ESDB_V0_4
6722,6855,taiwan,-11.4641,0,NOT_EXACT_EN_US,,,,,,,REJECTED_AUTO,0,0,0,,,,,0,0,0,ESDB_V0_4
6723,6857,toe,-11.4641,1,PASS,35,,n_v,toe,LEMMA,,MASTER,0,1,1,,to,,toes,1,1,1,ESDB_V0_4
6724,6858,traveled,-11.4641,1,PASS,35,,v;aj,travel;traveled,FORM;LEMMA,,MASTER,0,0,0,,,,,0,0,0,ESDB_V0_4
6725,6859,travels,-11.4641,1,PASS,35,,v,travel,FORM,,MASTER,0,1,0,,travel,,,1,0,0,ESDB_V0_4
6726,6860,triumph,-11.4641,1,PASS,35,,n_v,triumph,LEMMA,,MASTER,0,0,0,,,,,0,0,0,ESDB_V0_4
6727,6861,tweeted,-11.4641,1,PASS,35,,n_v,tweet,FORM,,MASTER,0,0,0,,,,,0,0,0,ESDB_V0_4
6728,6862,unbelievable,-11.4641,1,PASS,35,,aj,unbelievable,LEMMA,,MASTER,0,0,0,,,,,0,0,0,ESDB_V0_4
6729,6863,underneath,-11.4641,1,PASS,35,,n;av;pp,underneath,LEMMA,,MASTER,0,0,0,,,,,0,0,0,ESDB_V0_4
6730,6864,varies,-11.4641,1,PASS,35,,v,vary,FORM,,MASTER,0,0,0,,,,,0,0,0,ESDB_V0_4
6731,6865,viral,-11.4641,1,PASS,35,,aj,viral,LEMMA,,MASTER,0,0,0,,,,,0,0,0,ESDB_V0_4
6732,6866,visitor,-11.4641,1,PASS,35,,n,visitor,LEMMA,,MASTER,0,1,1,,,,visitors,0,1,1,ESDB_V0_4
6733,6867,vitamin,-11.4641,1,PASS,35,,n,vitamin,LEMMA,,MASTER,0,1,1,,,,vitamins,0,1,1,ESDB_V0_4
6734,6868,warn,-11.4641,1,PASS,35,,v,warn,LEMMA,,MASTER,0,1,1,,war,,warns,1,1,1,ESDB_V0_4
6735,6869,wished,-11.4641,1,PASS,35,,n_v,wish,FORM,,MASTER,0,0,0,,,,,0,0,0,ESDB_V0_4
6736,6870,yang,-11.4641,0,CASE_FREQ_COLLISION,60,50,n,yang,LEMMA,,REJECTED_AUTO,0,0,0,,,,,0,0,0,ESDB_V0_4
6737,6872,accommodate,-11.4931,1,PASS,35,,v,accommodate,LEMMA,,MASTER,0,0,0,,,,,0,0,0,ESDB_V0_4
6738,6873,activated,-11.4931,1,PASS,35,,v;aj,activate;activated,FORM;LEMMA,,MASTER,0,1,0,,activate,,,1,0,0,ESDB_V0_4
6739,6874,apartments,-11.4931,1,PASS,35,,n,apartment,FORM,,MASTER,0,1,0,,apartment,,,1,0,0,ESDB_V0_4
6740,6875,arrange,-11.4931,1,PASS,35,,v,arrange,LEMMA,,MASTER,0,1,1,,,,arranged,0,1,1,ESDB_V0_4
6741,6876,audiences,-11.4931,1,PASS,35,,n,audience,FORM,,MASTER,0,1,0,,audience,,,1,0,0,ESDB_V0_4
6742,6877,barriers,-11.4931,1,PASS,35,,n,barrier,FORM,,MASTER,0,1,0,,barrier,,,1,0,0,ESDB_V0_4
6743,6878,borrow,-11.4931,1,PASS,35,,v,borrow,LEMMA,,MASTER,0,0,0,,,,,0,0,0,ESDB_V0_4
6744,6879,buck,-11.4931,1,PASS,35,50,n;v;a,buck,LEMMA;FORM,,MASTER,0,1,1,,,,bucks,0,1,1,ESDB_V0_4
6745,6880,buzz,-11.4931,1,PASS,35,,n_v,buzz,LEMMA,,MASTER,0,0,0,,,,,0,0,0,ESDB_V0_4
6746,6881,cal,-11.4931,0,NO_ESDB_GENERAL_EVIDENCE,,,,,,,REJECTED_AUTO,0,0,0,,,,,0,0,0,ESDB_V0_4
6747,6882,cannon,-11.4931,1,PASS,35,50,n;v,cannon,LEMMA;FORM,,MASTER,0,1,1,,,,cannons,0,1,1,ESDB_V0_4
6748,6883,careers,-11.4931,1,PASS,35,,n_v,career,FORM,,MASTER,0,1,0,,career,,,1,0,0,ESDB_V0_4
6749,6884,celebrities,-11.4931,1,PASS,35,,n,celebrity,FORM,,MASTER,0,0,0,,,,,0,0,0,ESDB_V0_4
6750,6885,cheat,-11.4931,1,PASS,35,,n_v,cheat,LEMMA,,MASTER,0,1,1,heat,,,cheats,1,1,1,ESDB_V0_4
6751,6886,civic,-11.4931,1,PASS,35,,aj,civic,LEMMA,,MASTER,0,0,0,,,,,0,0,0,ESDB_V0_4
6752,6887,clarke,-11.4931,0,NOT_EXACT_EN_US,,,,,,,REJECTED_AUTO,0,0,0,,,,,0,0,0,ESDB_V0_4
6753,6888,clerk,-11.4931,1,PASS,35,,n_v,clerk,LEMMA,,MASTER,0,1,1,,,,clerks,0,1,1,ESDB_V0_4
6754,6889,closet,-11.4931,1,PASS,35,,n_v;a,closet,LEMMA,,MASTER,0,1,0,,close,,,1,0,0,ESDB_V0_4
6755,6890,colin,-11.4931,0,NOT_EXACT_EN_US,,,,,,,REJECTED_AUTO,0,0,0,,,,,0,0,0,ESDB_V0_4
6756,6891,columns,-11.4931,1,PASS,35,,n,column,FORM,,MASTER,0,1,0,,column,,,1,0,0,ESDB_V0_4
6757,6892,concerts,-11.4931,1,PASS,35,,n_v,concert,FORM,,MASTER,0,1,0,,concert,,,1,0,0,ESDB_V0_4
6758,6893,conferences,-11.4931,1,PASS,35,,n,conference,FORM,,MASTER,0,1,0,,conference,,,1,0,0,ESDB_V0_4
6759,6894,conscience,-11.4931,1,PASS,35,,n,conscience,LEMMA,,MASTER,0,0,0,,,,,0,0,0,ESDB_V0_4
6760,6895,conservatives,-11.4931,1,PASS,35,,n,conservative,FORM,,MASTER,0,1,0,,conservative,,,1,0,0,ESDB_V0_4
6761,6896,correspondence,-11.4931,1,PASS,35,,n,correspondence,LEMMA,,MASTER,0,0,0,,,,,0,0,0,ESDB_V0_4
6762,6897,demo,-11.4931,1,PASS,40,,n,demo,LEMMA,,MASTER,0,1,1,,,,demon;demos,0,2,1,ESDB_V0_4
6763,6898,diana,-11.4931,0,NOT_EXACT_EN_US,,,,,,,REJECTED_AUTO,0,0,0,,,,,0,0,0,ESDB_V0_4
6764,6899,disagree,-11.4931,1,PASS,35,,v,disagree,LEMMA,,MASTER,0,1,1,,,,disagreed,0,1,1,ESDB_V0_4
6765,6900,drain,-11.4931,1,PASS,35,,n_v,drain,LEMMA,,MASTER,0,1,1,rain,,,drains,1,1,1,ESDB_V0_4
6766,6901,dried,-11.4931,1,PASS,35,,aj;v,dried;dry,LEMMA;FORM,,MASTER,0,0,0,,,,,0,0,0,ESDB_V0_4
6767,6902,eager,-11.4931,1,PASS,35,,aj,eager,LEMMA,,MASTER,0,0,0,,,,,0,0,0,ESDB_V0_4
6768,6903,ebay,-11.4931,0,NOT_EXACT_EN_US,,,,,,,REJECTED_AUTO,0,0,0,,,,,0,0,0,ESDB_V0_4
6769,6904,echo,-11.4931,1,PASS,35,,n_v,echo,LEMMA,,MASTER,0,0,0,,,,,0,0,0,ESDB_V0_4
6770,6905,edges,-11.4931,1,PASS,35,,n_v,edge,FORM,,MASTER,0,1,0,,edge,,,1,0,0,ESDB_V0_4
6771,6906,embarrassed,-11.4931,1,PASS,35,,v;aj,embarrass;embarrassed,FORM;LEMMA,,MASTER,0,0,0,,,,,0,0,0,ESDB_V0_4
6772,6907,enthusiasm,-11.4931,1,PASS,35,,n,enthusiasm,LEMMA,,MASTER,0,0,0,,,,,0,0,0,ESDB_V0_4
6773,6908,excluded,-11.4931,1,PASS,35,,v,exclude,FORM,,MASTER,0,1,0,,exclude,,,1,0,0,ESDB_V0_4
6774,6909,executives,-11.4931,1,PASS,35,,n,executive,FORM,,MASTER,0,1,0,,executive,,,1,0,0,ESDB_V0_4
6775,6910,feat,-11.4931,1,PASS,35,,n,feat,LEMMA,,MASTER,0,1,0,eat,,,,1,0,0,ESDB_V0_4
6776,6911,finland,-11.4931,0,NOT_EXACT_EN_US,,,,,,,REJECTED_AUTO,0,0,0,,,,,0,0,0,ESDB_V0_4
6777,6912,flags,-11.4931,1,PASS,35,,n_v,flag,FORM,,MASTER,0,1,0,,flag,,,1,0,0,ESDB_V0_4
6778,6913,flowing,-11.4931,1,PASS,35,,n_v;n;aj,flow;flowing,FORM;LEMMA,,MASTER,0,0,0,,,,,0,0,0,ESDB_V0_4
6779,6914,frames,-11.4931,1,PASS,35,,n_v,frame,FORM,,MASTER,0,1,0,,frame,,,1,0,0,ESDB_V0_4
6780,6915,gloves,-11.4931,1,PASS,35,,n_v,glove,FORM,,MASTER,0,1,0,loves,glove,,,2,0,0,ESDB_V0_4
6781,6916,grabbed,-11.4931,1,PASS,35,,n_v,grab,FORM,,MASTER,0,0,0,,,,,0,0,0,ESDB_V0_4
6782,6917,grief,-11.4931,1,PASS,35,,n,grief,LEMMA,,MASTER,0,0,0,,,,,0,0,0,ESDB_V0_4
6783,6918,hannah,-11.4931,0,NOT_EXACT_EN_US,,,,,,,REJECTED_AUTO,0,0,0,,,,,0,0,0,ESDB_V0_4
6784,6919,hart,-11.4931,1,PASS,35,50,n,hart,LEMMA;FORM,,MASTER,0,1,1,art,,chart,,1,1,0,ESDB_V0_4
6785,6920,heels,-11.4931,1,PASS,35,,n_v,heel,FORM,,MASTER,0,1,1,,heel,wheels,,1,1,0,ESDB_V0_4
6786,6921,hungary,-11.4931,0,NOT_EXACT_EN_US,,,,,,,REJECTED_AUTO,0,0,0,,,,,0,0,0,ESDB_V0_4
6787,6922,idiots,-11.4931,1,PASS,35,,n,idiot,FORM,,MASTER,0,1,0,,idiot,,,1,0,0,ESDB_V0_4
6788,6923,inn,-11.4931,1,PASS,35,,n,inn,LEMMA,,MASTER,0,1,0,,in,,,1,0,0,ESDB_V0_4
6789,6924,insects,-11.4931,1,PASS,35,,n,insect,FORM,,MASTER,0,1,0,,insect,,,1,0,0,ESDB_V0_4
6790,6925,instagram,-11.4931,0,NOT_EXACT_EN_US,,,,,,,REJECTED_AUTO,0,0,0,,,,,0,0,0,ESDB_V0_4
6791,6926,integral,-11.4931,1,PASS,35,,n;aj,integral,LEMMA,,MASTER,0,0,0,,,,,0,0,0,ESDB_V0_4
6792,6927,irrelevant,-11.4931,1,PASS,35,,aj,irrelevant,LEMMA,,MASTER,0,0,0,,,,,0,0,0,ESDB_V0_4
6793,6928,jo,-11.4931,0,NOT_EXACT_EN_US,,,,,,,REJECTED_AUTO,0,0,0,,,,,0,0,0,ESDB_V0_4
6794,6929,joan,-11.4931,0,NOT_EXACT_EN_US,,,,,,,REJECTED_AUTO,0,0,0,,,,,0,0,0,ESDB_V0_4
6795,6930,joking,-11.4931,1,PASS,35,,n_v;aj,joke;joking,FORM;LEMMA,,MASTER,0,0,0,,,,,0,0,0,ESDB_V0_4
6796,6931,lamp,-11.4931,1,PASS,35,,n,lamp,LEMMA,,MASTER,0,1,1,amp,lam,clamp,lamps,2,2,1,ESDB_V0_4
6797,6932,lined,-11.4931,1,PASS,35,,n_v;aj,line;lined,FORM;LEMMA,,MASTER,0,1,0,,line,,,1,0,0,ESDB_V0_4
6798,6933,lottery,-11.4931,1,PASS,35,,n,lottery,LEMMA,,MASTER,0,0,0,,,,,0,0,0,ESDB_V0_4
6799,6934,meditation,-11.4931,1,PASS,35,,n,meditation,LEMMA,,MASTER,0,0,0,,,,,0,0,0,ESDB_V0_4
6800,6935,messed,-11.4931,1,PASS,35,,n_v,mess,FORM,,MASTER,0,0,0,,,,,0,0,0,ESDB_V0_4
6801,6936,minus,-11.4931,1,PASS,35,,n;aj;pp,minus,LEMMA,,MASTER,0,0,0,,,,,0,0,0,ESDB_V0_4
6802,6937,mistaken,-11.4931,1,PASS,35,,n_v;aj,mistake;mistaken,FORM;LEMMA,,MASTER,0,1,0,,mistake,,,1,0,0,ESDB_V0_4
6803,6938,mortality,-11.4931,1,PASS,35,,n,mortality,LEMMA,,MASTER,0,0,0,,,,,0,0,0,ESDB_V0_4
6804,6939,munich,-11.4931,0,NOT_EXACT_EN_US,,,,,,,REJECTED_AUTO,0,0,0,,,,,0,0,0,ESDB_V0_4
6805,6940,nails,-11.4931,1,PASS,35,,n_v,nail,FORM,,MASTER,0,1,0,,nail,,,1,0,0,ESDB_V0_4
6806,6941,navigation,-11.4931,1,PASS,35,,n,navigation,LEMMA,,MASTER,0,0,0,,,,,0,0,0,ESDB_V0_4
6807,6942,neighbourhood,-11.4931,0,NOT_EXACT_EN_US,,,,,,,REJECTED_AUTO,0,0,0,,,,,0,0,0,ESDB_V0_4
6808,6943,nerves,-11.4931,1,PASS,35,,n_v,nerve,FORM,,MASTER,0,1,0,,nerve,,,1,0,0,ESDB_V0_4
6809,6944,orchestra,-11.4931,1,PASS,35,,n,orchestra,LEMMA,,MASTER,0,0,0,,,,,0,0,0,ESDB_V0_4
6810,6945,ore,-11.4931,1,PASS,35,60,n,ore,LEMMA;FORM,,MASTER,0,1,1,re,or,more;core;wore;sore;bore;tore;gore;fore;lore,,2,9,0,ESDB_V0_4
6811,6946,possess,-11.4931,1,PASS,35,,v,possess,LEMMA,,MASTER,0,0,0,,,,,0,0,0,ESDB_V0_4
6812,6947,praised,-11.4931,1,PASS,35,,v,praise,FORM,,MASTER,0,1,0,raised,praise,,,2,0,0,ESDB_V0_4
6813,6948,prescription,-11.4931,1,PASS,35,,n;aj,prescription,LEMMA,,MASTER,0,1,1,,,,prescriptions,0,1,1,ESDB_V0_4
6814,6949,profitable,-11.4931,1,PASS,35,,aj,profitable,LEMMA,,MASTER,0,0,0,,,,,0,0,0,ESDB_V0_4
6815,6950,projected,-11.4931,1,PASS,35,,n_v;aj,project;projected,FORM;LEMMA,,MASTER,0,0,0,,,,,0,0,0,ESDB_V0_4
6816,6951,pulse,-11.4931,1,PASS,35,,n_v,pulse,LEMMA,,MASTER,0,1,1,,,,pulses,0,1,1,ESDB_V0_4
6817,6952,rental,-11.4931,1,PASS,35,,n;aj,rental,LEMMA,,MASTER,0,1,1,,,,rentals,0,1,1,ESDB_V0_4
6818,6953,resignation,-11.4931,1,PASS,35,,n,resignation,LEMMA,,MASTER,0,0,0,,,,,0,0,0,ESDB_V0_4
6819,6954,retire,-11.4931,1,PASS,35,,v,retire,LEMMA,,MASTER,0,1,1,,,,retired,0,1,1,ESDB_V0_4
6820,6955,revelation,-11.4931,1,PASS,35,60,n,revelation,LEMMA,,MASTER,0,1,1,,,,revelations,0,1,1,ESDB_V0_4
6821,6956,riders,-11.4931,1,PASS,35,,n,rider,FORM,,MASTER,0,1,0,,rider,,,1,0,0,ESDB_V0_4
6822,6957,rockets,-11.4931,1,PASS,35,,n_v,rocket,FORM,,MASTER,0,1,0,,rocket,,,1,0,0,ESDB_V0_4
6823,6958,ruth,-11.4931,0,NOT_EXACT_EN_US,,,,,,,REJECTED_AUTO,0,0,0,,,,,0,0,0,ESDB_V0_4
6824,6959,samsung,-11.4931,0,NOT_EXACT_EN_US,,,,,,,REJECTED_AUTO,0,0,0,,,,,0,0,0,ESDB_V0_4
6825,6960,satan,-11.4931,0,NOT_EXACT_EN_US,,,,,,,REJECTED_AUTO,0,0,0,,,,,0,0,0,ESDB_V0_4
6826,6961,sc,-11.4931,0,NOT_EXACT_EN_US,,,,,,,REJECTED_AUTO,0,0,0,,,,,0,0,0,ESDB_V0_4
6827,6962,screwed,-11.4931,1,PASS,35,,n_v,screw,FORM,,MASTER,0,0,0,,,,,0,0,0,ESDB_V0_4
6828,6963,shelf,-11.4931,1,PASS,35,,n,shelf,LEMMA,,MASTER,0,0,0,,,,,0,0,0,ESDB_V0_4
6829,6964,shorts,-11.4931,1,PASS,35,,n_v,short,FORM,,MASTER,0,1,0,,short,,,1,0,0,ESDB_V0_4
6830,6965,slipped,-11.4931,1,PASS,35,,n_v,slip,FORM,,MASTER,0,0,0,,,,,0,0,0,ESDB_V0_4
6831,6966,socially,-11.4931,1,PASS,35,,av,socially,LEMMA,,MASTER,0,0,0,,,,,0,0,0,ESDB_V0_4
6832,6967,span,-11.4931,1,PASS,35,,n_v,span;spin,LEMMA;FORM,,MASTER,0,1,1,pan,spa,,spans,2,1,1,ESDB_V0_4
6833,6968,stance,-11.4931,1,PASS,35,,n,stance,LEMMA,,MASTER,0,0,0,,,,,0,0,0,ESDB_V0_4
6834,6969,steep,-11.4931,1,PASS,35,,n_v;aj,steep,LEMMA,,MASTER,0,0,0,,,,,0,0,0,ESDB_V0_4
6835,6970,substantially,-11.4931,1,PASS,35,,av,substantially,LEMMA,,MASTER,0,0,0,,,,,0,0,0,ESDB_V0_4
6836,6971,sunny,-11.4931,1,PASS,35,,aj,sunny,LEMMA,,MASTER,0,0,0,,,,,0,0,0,ESDB_V0_4
6837,6972,sunset,-11.4931,1,PASS,35,,n;aj,sunset,LEMMA,,MASTER,0,0,0,,,,,0,0,0,ESDB_V0_4
6838,6973,superman,-11.4931,0,CASE_FREQ_COLLISION,50,50,n,superman,LEMMA,,REJECTED_AUTO,0,0,0,,,,,0,0,0,ESDB_V0_4
6839,6974,supervision,-11.4931,1,PASS,35,,n,supervision,LEMMA,,MASTER,0,0,0,,,,,0,0,0,ESDB_V0_4
6840,6975,supplement,-11.4931,1,PASS,35,,n_v,supplement,LEMMA,,MASTER,0,1,1,,,,supplements,0,1,1,ESDB_V0_4
6841,6976,surviving,-11.4931,1,PASS,35,,v;aj,survive;surviving,FORM;LEMMA,,MASTER,0,0,0,,,,,0,0,0,ESDB_V0_4
6842,6977,switching,-11.4931,1,PASS,35,,n_v;n,switch;switching,FORM;LEMMA,,MASTER,0,0,0,,,,,0,0,0,ESDB_V0_4
6843,6978,timber,-11.4931,1,PASS,35,,n_v;i,timber,LEMMA,,MASTER,0,0,0,,,,,0,0,0,ESDB_V0_4
6844,6979,tin,-11.4931,1,PASS,35,,n_v;a,tin,LEMMA,,MASTER,0,1,1,in,,,tiny,1,1,0,ESDB_V0_4
6845,6980,tribunal,-11.4931,1,PASS,35,,n,tribunal,LEMMA,,MASTER,0,0,0,,,,,0,0,0,ESDB_V0_4
6846,6981,uncertain,-11.4931,1,PASS,35,,aj,uncertain,LEMMA,,MASTER,0,0,0,,,,,0,0,0,ESDB_V0_4
6847,6982,void,-11.4931,1,PASS,35,,n_v;aj,void,LEMMA,,MASTER,0,1,1,,,avoid,,0,1,0,ESDB_V0_4
6848,6983,wallace,-11.4931,0,NOT_EXACT_EN_US,,,,,,,REJECTED_AUTO,0,0,0,,,,,0,0,0,ESDB_V0_4
6849,6984,whip,-11.4931,1,PASS,35,,n_v,whip,LEMMA,,MASTER,0,1,0,hip,,,,1,0,0,ESDB_V0_4
6850,6985,wonders,-11.4931,1,PASS,35,,n_v,wonder,FORM,,MASTER,0,1,0,,wonder,,,1,0,0,ESDB_V0_4
6851,6986,workplace,-11.4931,1,PASS,35,,n,workplace,LEMMA,,MASTER,0,0,0,,,,,0,0,0,ESDB_V0_4
6852,6987,admire,-11.5129,1,PASS,35,,v,admire,LEMMA,,MASTER,0,1,1,,,,admired,0,1,1,ESDB_V0_4
6853,6988,anchor,-11.5129,1,PASS,35,,n_v,anchor,LEMMA,,MASTER,0,1,1,,,,anchors,0,1,1,ESDB_V0_4
6854,6989,animated,-11.5129,1,PASS,35,,v;aj,animate;animated,FORM;LEMMA,,MASTER,0,0,0,,,,,0,0,0,ESDB_V0_4
6855,6990,announces,-11.5129,1,PASS,35,,v,announce,FORM,,MASTER,0,1,0,,announce,,,1,0,0,ESDB_V0_4
6856,6991,arch,-11.5129,1,PASS,35,,n_v;aj,arch,LEMMA,,MASTER,0,1,1,,arc,march,,1,1,0,ESDB_V0_4
6857,6992,bowling,-11.5129,1,PASS,35,,n_v;n,bowl;bowling,FORM;LEMMA,,MASTER,0,0,0,,,,,0,0,0,ESDB_V0_4
6858,6993,bulgaria,-11.5129,0,NOT_EXACT_EN_US,,,,,,,REJECTED_AUTO,0,0,0,,,,,0,0,0,ESDB_V0_4
6859,6994,buyer,-11.5129,1,PASS,35,,n,buyer,LEMMA,,MASTER,0,1,1,,,,buyers,0,1,1,ESDB_V0_4
6860,6995,cannabis,-11.5129,1,PASS,40,,n,cannabis,LEMMA,,MASTER,0,0,0,,,,,0,0,0,ESDB_V0_4
6861,6996,caroline,-11.5129,0,NOT_EXACT_EN_US,,,,,,,REJECTED_AUTO,0,0,0,,,,,0,0,0,ESDB_V0_4
6862,6997,circular,-11.5129,1,PASS,35,,n;aj,circular,LEMMA,,MASTER,0,0,0,,,,,0,0,0,ESDB_V0_4
6863,6998,cocaine,-11.5129,1,PASS,35,,n,cocaine,LEMMA,,MASTER,0,0,0,,,,,0,0,0,ESDB_V0_4
6864,6999,commands,-11.5129,1,PASS,35,,n_v,command,FORM,,MASTER,0,1,0,,command,,,1,0,0,ESDB_V0_4
6865,7000,compatible,-11.5129,1,PASS,35,,n;aj,compatible,LEMMA,,MASTER,0,0,0,,,,,0,0,0,ESDB_V0_4
6866,7001,consisted,-11.5129,1,PASS,35,,v,consist,FORM,,MASTER,0,0,0,,,,,0,0,0,ESDB_V0_4
6867,7002,contacted,-11.5129,1,PASS,35,,n_v,contact,FORM,,MASTER,0,0,0,,,,,0,0,0,ESDB_V0_4
6868,7003,container,-11.5129,1,PASS,35,,n,container,LEMMA,,MASTER,0,1,1,,,,containers,0,1,1,ESDB_V0_4
6869,7004,convenience,-11.5129,1,PASS,35,,n,convenience,LEMMA,,MASTER,0,0,0,,,,,0,0,0,ESDB_V0_4
6870,7005,corrected,-11.5129,1,PASS,35,,v;aj,correct;corrected,FORM;LEMMA,,MASTER,0,0,0,,,,,0,0,0,ESDB_V0_4
6871,7006,correction,-11.5129,1,PASS,35,,n,correction,LEMMA,,MASTER,0,1,1,,,,corrections,0,1,1,ESDB_V0_4
6872,7007,criticized,-11.5129,1,PASS,35,,v,criticize,FORM,,MASTER,0,1,0,,criticize,,,1,0,0,ESDB_V0_4
6873,7008,debts,-11.5129,1,PASS,35,,n,debt,FORM,,MASTER,0,1,0,,debt,,,1,0,0,ESDB_V0_4
6874,7009,democrat,-11.5129,1,PASS,35,40,n,democrat,LEMMA,,MASTER,0,1,1,,,,democrats,0,1,1,ESDB_V0_4
6875,7010,diagnosed,-11.5129,1,PASS,35,,v,diagnose,FORM,,MASTER,0,1,0,,diagnose,,,1,0,0,ESDB_V0_4
6876,7011,distinctive,-11.5129,1,PASS,35,,aj,distinctive,LEMMA,,MASTER,0,0,0,,,,,0,0,0,ESDB_V0_4
6877,7012,doubts,-11.5129,1,PASS,35,,n_v,doubt,FORM,,MASTER,0,1,0,,doubt,,,1,0,0,ESDB_V0_4
6878,7013,dubai,-11.5129,0,NOT_EXACT_EN_US,,,,,,,REJECTED_AUTO,0,0,0,,,,,0,0,0,ESDB_V0_4
6879,7014,edwards,-11.5129,0,NOT_EXACT_EN_US,,,,,,,REJECTED_AUTO,0,0,0,,,,,0,0,0,ESDB_V0_4
6880,7015,explicit,-11.5129,1,PASS,35,,aj,explicit,LEMMA,,MASTER,0,0,0,,,,,0,0,0,ESDB_V0_4
6881,7016,factories,-11.5129,1,PASS,35,,n,factory,FORM,,MASTER,0,0,0,,,,,0,0,0,ESDB_V0_4
6882,7017,failures,-11.5129,1,PASS,35,,n,failure,FORM,,MASTER,0,1,0,,failure,,,1,0,0,ESDB_V0_4
6883,7018,filmed,-11.5129,1,PASS,35,,n_v;aj,film;filmed,FORM;LEMMA,,MASTER,0,0,0,,,,,0,0,0,ESDB_V0_4
6884,7019,flexibility,-11.5129,1,PASS,35,,n,flexibility,LEMMA,,MASTER,0,0,0,,,,,0,0,0,ESDB_V0_4
6885,7020,frankly,-11.5129,1,PASS,35,,av,frankly,LEMMA,,MASTER,0,0,0,,,,,0,0,0,ESDB_V0_4
6886,7021,furious,-11.5129,1,PASS,35,,aj,furious,LEMMA,,MASTER,0,0,0,,,,,0,0,0,ESDB_V0_4
6887,7022,gambling,-11.5129,1,PASS,35,,n_v;n,gamble;gambling,FORM;LEMMA,,MASTER,0,0,0,,,,,0,0,0,ESDB_V0_4
6888,7023,grande,-11.5129,0,NOT_EXACT_EN_US,,,,,,,REJECTED_AUTO,0,0,0,,,,,0,0,0,ESDB_V0_4
6889,7024,harold,-11.5129,0,NOT_EXACT_EN_US,,,,,,,REJECTED_AUTO,0,0,0,,,,,0,0,0,ESDB_V0_4
6890,7025,honored,-11.5129,1,PASS,35,,n_v;aj,honor;honored,FORM;LEMMA,,MASTER,0,0,0,,,,,0,0,0,ESDB_V0_4
6891,7026,hydrogen,-11.5129,1,PASS,35,,n,hydrogen,LEMMA,,MASTER,0,0,0,,,,,0,0,0,ESDB_V0_4
6892,7027,ibid,-11.5129,0,NO_ESDB_GENERAL_EVIDENCE,,,,,,,REJECTED_AUTO,0,0,0,,,,,0,0,0,ESDB_V0_4
6893,7028,ideology,-11.5129,1,PASS,35,,n,ideology,LEMMA,,MASTER,0,0,0,,,,,0,0,0,ESDB_V0_4
6894,7029,incentive,-11.5129,1,PASS,35,,n,incentive,LEMMA,,MASTER,0,1,1,,,,incentives,0,1,1,ESDB_V0_4
6895,7030,initiatives,-11.5129,1,PASS,35,,n,initiative,FORM,,MASTER,0,1,0,,initiative,,,1,0,0,ESDB_V0_4
6896,7031,instrumental,-11.5129,1,PASS,35,,n;aj,instrumental,LEMMA,,MASTER,0,0,0,,,,,0,0,0,ESDB_V0_4
6897,7032,intact,-11.5129,1,PASS,35,,aj,intact,LEMMA,,MASTER,0,0,0,,,,,0,0,0,ESDB_V0_4
6898,7033,intake,-11.5129,1,PASS,35,,n,intake,LEMMA,,MASTER,0,0,0,,,,,0,0,0,ESDB_V0_4
6899,7034,interact,-11.5129,1,PASS,35,,v,interact,LEMMA,,MASTER,0,0,0,,,,,0,0,0,ESDB_V0_4
6900,7035,internationally,-11.5129,1,PASS,35,,av,internationally,LEMMA,,MASTER,0,0,0,,,,,0,0,0,ESDB_V0_4
6901,7036,ipad,-11.5129,0,NOT_EXACT_EN_US,,,,,,,REJECTED_AUTO,0,0,0,,,,,0,0,0,ESDB_V0_4
6902,7037,kitty,-11.5129,1,PASS,35,50,n,kitty,LEMMA,,MASTER,0,0,0,,,,,0,0,0,ESDB_V0_4
6903,7038,limiting,-11.5129,1,PASS,35,,n_v;n;aj,limit;limiting,FORM;LEMMA,,MASTER,0,0,0,,,,,0,0,0,ESDB_V0_4
6904,7039,linking,-11.5129,1,PASS,35,,n_v,link,FORM,,MASTER,0,0,0,,,,,0,0,0,ESDB_V0_4
6905,7040,lodge,-11.5129,1,PASS,35,50,n_v,lodge,LEMMA,,MASTER,0,1,1,,,,lodged,0,1,1,ESDB_V0_4
6906,7041,louise,-11.5129,0,NOT_EXACT_EN_US,,,,,,,REJECTED_AUTO,0,0,0,,,,,0,0,0,ESDB_V0_4
6907,7042,nhl,-11.5129,0,NOT_EXACT_EN_US,,,,,,,REJECTED_AUTO,0,0,0,,,,,0,0,0,ESDB_V0_4
6908,7043,northeast,-11.5129,1,PASS,35,60,n;aj;av,northeast,LEMMA,,MASTER,0,0,0,,,,,0,0,0,ESDB_V0_4
6909,7044,occurrence,-11.5129,1,PASS,35,,n,occurrence,LEMMA,,MASTER,0,1,1,,,,occurrences,0,1,1,ESDB_V0_4
6910,7045,offences,-11.5129,0,NOT_EXACT_EN_US,,,,,,,REJECTED_AUTO,0,0,0,,,,,0,0,0,ESDB_V0_4
6911,7046,organizational,-11.5129,1,PASS,35,,aj,organizational,LEMMA,,MASTER,0,0,0,,,,,0,0,0,ESDB_V0_4
6912,7047,organize,-11.5129,1,PASS,35,,v,organize,LEMMA,,MASTER,0,1,1,,,,organized;organizer,0,2,1,ESDB_V0_4
6913,7048,owen,-11.5129,0,NOT_EXACT_EN_US,,,,,,,REJECTED_AUTO,0,0,0,,,,,0,0,0,ESDB_V0_4
6914,7049,peers,-11.5129,1,PASS,35,,n_v,peer,FORM,,MASTER,0,1,0,,peer,,,1,0,0,ESDB_V0_4
6915,7050,pill,-11.5129,1,PASS,35,,n_v,pill,LEMMA,,MASTER,0,1,1,ill,,spill,pills,1,2,1,ESDB_V0_4
6916,7051,pity,-11.5129,1,PASS,35,,n;v,pity,LEMMA,,MASTER,0,1,0,,pit,,,1,0,0,ESDB_V0_4
6917,7052,planets,-11.5129,1,PASS,35,,n,planet,FORM,,MASTER,0,1,0,,planet,,,1,0,0,ESDB_V0_4
6918,7053,portland,-11.5129,0,NOT_EXACT_EN_US,,,,,,,REJECTED_AUTO,0,0,0,,,,,0,0,0,ESDB_V0_4
6919,7054,precision,-11.5129,1,PASS,35,,n;a,precision,LEMMA,,MASTER,0,0,0,,,,,0,0,0,ESDB_V0_4
6920,7055,prescribed,-11.5129,1,PASS,35,,v;aj,prescribe;prescribed,FORM;LEMMA,,MASTER,0,1,0,,prescribe,,,1,0,0,ESDB_V0_4
6921,7056,pressures,-11.5129,1,PASS,35,,n_v,pressure,FORM,,MASTER,0,1,0,,pressure,,,1,0,0,ESDB_V0_4
6922,7057,pretending,-11.5129,1,PASS,35,,v;n,pretend;pretending,FORM;LEMMA,,MASTER,0,0,0,,,,,0,0,0,ESDB_V0_4
6923,7058,prey,-11.5129,1,PASS,35,,n;v,prey,LEMMA,,MASTER,0,0,0,,,,,0,0,0,ESDB_V0_4
6924,7059,privately,-11.5129,1,PASS,35,,av,privately,LEMMA,,MASTER,0,0,0,,,,,0,0,0,ESDB_V0_4
6925,7060,profound,-11.5129,1,PASS,35,,aj,profound,LEMMA,,MASTER,0,0,0,,,,,0,0,0,ESDB_V0_4
6926,7061,publicity,-11.5129,1,PASS,35,,n,publicity,LEMMA,,MASTER,0,0,0,,,,,0,0,0,ESDB_V0_4
6927,7062,recipient,-11.5129,1,PASS,35,,n,recipient,LEMMA,,MASTER,0,1,1,,,,recipients,0,1,1,ESDB_V0_4
6928,7063,relaxed,-11.5129,1,PASS,35,,v;aj,relax;relaxed,FORM;LEMMA,,MASTER,0,0,0,,,,,0,0,0,ESDB_V0_4
6929,7064,rendered,-11.5129,1,PASS,35,,n_v,render,FORM,,MASTER,0,0,0,,,,,0,0,0,ESDB_V0_4
6930,7065,ritual,-11.5129,1,PASS,35,,n;aj,ritual,LEMMA,,MASTER,0,1,1,,,,rituals,0,1,1,ESDB_V0_4
6931,7066,rookie,-11.5129,1,PASS,35,,n,rookie,LEMMA,,MASTER,0,0,0,,,,,0,0,0,ESDB_V0_4
6932,7067,runway,-11.5129,1,PASS,35,,n,runway,LEMMA,,MASTER,0,1,1,,,,runways,0,1,1,ESDB_V0_4
6933,7068,salmon,-11.5129,1,PASS,35,,n,salmon,LEMMA;FORM,,MASTER,0,0,0,,,,,0,0,0,ESDB_V0_4
6934,7069,secular,-11.5129,1,PASS,35,,aj,secular,LEMMA,,MASTER,0,0,0,,,,,0,0,0,ESDB_V0_4
6935,7070,sentiment,-11.5129,1,PASS,35,,n,sentiment,LEMMA,,MASTER,0,1,1,,,,sentiments,0,1,1,ESDB_V0_4
6936,7072,simpson,-11.5129,0,NOT_EXACT_EN_US,,,,,,,REJECTED_AUTO,0,0,0,,,,,0,0,0,ESDB_V0_4
6937,7073,slim,-11.5129,1,PASS,35,,v;aj,slim,LEMMA,,MASTER,0,1,1,,,,slime,0,1,0,ESDB_V0_4
6938,7074,smallest,-11.5129,1,PASS,35,,aj_av,small,FORM,,MASTER,0,0,0,,,,,0,0,0,ESDB_V0_4
6939,7075,specially,-11.5129,1,PASS,35,,av,specially,LEMMA,,MASTER,0,1,1,,,especially,,0,1,0,ESDB_V0_4
6940,7076,stack,-11.5129,1,PASS,35,,n_v,stack,LEMMA,,MASTER,0,1,1,tack,,,stacks,1,1,1,ESDB_V0_4
6941,7077,trainer,-11.5129,1,PASS,35,,n,trainer,LEMMA,,MASTER,0,1,1,,,,trainers,0,1,1,ESDB_V0_4
6942,7078,vampire,-11.5129,1,PASS,35,,n,vampire,LEMMA,,MASTER,0,1,1,,,,vampires,0,1,1,ESDB_V0_4
6943,7079,varieties,-11.5129,1,PASS,35,,n,variety,FORM,,MASTER,0,0,0,,,,,0,0,0,ESDB_V0_4
6944,7080,varying,-11.5129,1,PASS,35,,v;aj,vary;varying,FORM;LEMMA,,MASTER,0,0,0,,,,,0,0,0,ESDB_V0_4
6945,7081,viable,-11.5129,1,PASS,35,,aj,viable,LEMMA,,MASTER,0,0,0,,,,,0,0,0,ESDB_V0_4
6946,7082,weekends,-11.5129,1,PASS,35,,n_v,weekend,FORM,,MASTER,0,1,0,,weekend,,,1,0,0,ESDB_V0_4
6947,7083,wrestling,-11.5129,1,PASS,35,,n_v;n,wrestle;wrestling,FORM;LEMMA,,MASTER,0,0,0,,,,,0,0,0,ESDB_V0_4
6948,7084,absent,-11.5362,1,PASS,35,,v;aj,absent,LEMMA,,MASTER,0,0,0,,,,,0,0,0,ESDB_V0_4
6949,7085,admiral,-11.5362,1,PASS,35,,n,admiral,LEMMA,,MASTER,0,0,0,,,,,0,0,0,ESDB_V0_4
6950,7086,airline,-11.5362,1,PASS,35,,n;a,airline,LEMMA,,MASTER,0,1,1,,,,airlines,0,1,1,ESDB_V0_4
6951,7087,apology,-11.5362,1,PASS,35,,n,apology,LEMMA,,MASTER,0,0,0,,,,,0,0,0,ESDB_V0_4
6952,7088,arbitrary,-11.5362,1,PASS,35,,aj,arbitrary,LEMMA,,MASTER,0,0,0,,,,,0,0,0,ESDB_V0_4
6953,7089,architectural,-11.5362,1,PASS,35,,aj,architectural,LEMMA,,MASTER,0,0,0,,,,,0,0,0,ESDB_V0_4
6954,7090,arnold,-11.5362,0,NOT_EXACT_EN_US,,,,,,,REJECTED_AUTO,0,0,0,,,,,0,0,0,ESDB_V0_4
6955,7091,artillery,-11.5362,1,PASS,35,,n,artillery,LEMMA,,MASTER,0,0,0,,,,,0,0,0,ESDB_V0_4
6956,7092,asylum,-11.5362,1,PASS,35,,n,asylum,LEMMA,,MASTER,0,0,0,,,,,0,0,0,ESDB_V0_4
6957,7093,bail,-11.5362,1,PASS,35,,n_v,bail,LEMMA,,MASTER,0,0,0,,,,,0,0,0,ESDB_V0_4
6958,7094,banana,-11.5362,1,PASS,35,,n,banana,LEMMA,,MASTER,0,1,1,,,,bananas,0,1,1,ESDB_V0_4
6959,7095,bishops,-11.5362,1,PASS,35,,n,bishop,FORM,,MASTER,0,1,0,,bishop,,,1,0,0,ESDB_V0_4
6960,7096,bo,-11.5362,0,NOT_EXACT_EN_US,,,,,,,REJECTED_AUTO,0,0,0,,,,,0,0,0,ESDB_V0_4
6961,7097,bros,-11.5362,0,CASE_FREQ_COLLISION,60,50,n,bro,FORM,,REJECTED_AUTO,0,0,0,,,,,0,0,0,ESDB_V0_4
6962,7098,bryan,-11.5362,0,NOT_EXACT_EN_US,,,,,,,REJECTED_AUTO,0,0,0,,,,,0,0,0,ESDB_V0_4
6963,7099,bullets,-11.5362,1,PASS,35,,n,bullet,FORM,,MASTER,0,1,0,,bullet,,,1,0,0,ESDB_V0_4
6964,7100,cart,-11.5362,1,PASS,35,,n_v,cart,LEMMA,,MASTER,0,1,1,art,car,,carts,2,1,1,ESDB_V0_4
6965,7101,cemetery,-11.5362,1,PASS,35,,n,cemetery,LEMMA,,MASTER,0,0,0,,,,,0,0,0,ESDB_V0_4
6966,7102,collar,-11.5362,1,PASS,35,,n_v,collar,LEMMA,,MASTER,0,0,0,,,,,0,0,0,ESDB_V0_4
6967,7103,collision,-11.5362,1,PASS,35,,n,collision,LEMMA,,MASTER,0,1,1,,,,collisions,0,1,1,ESDB_V0_4
6968,7104,comeback,-11.5362,1,PASS,35,,n,comeback,LEMMA,,MASTER,0,0,0,,,,,0,0,0,ESDB_V0_4
6969,7105,complained,-11.5362,1,PASS,35,,v,complain,FORM,,MASTER,0,0,0,,,,,0,0,0,ESDB_V0_4
6970,7106,consumed,-11.5362,1,PASS,35,,v,consume,FORM,,MASTER,0,1,0,,consume,,,1,0,0,ESDB_V0_4
6971,7107,convincing,-11.5362,1,PASS,35,,v;aj,convince;convincing,FORM;LEMMA,,MASTER,0,0,0,,,,,0,0,0,ESDB_V0_4
6972,7108,crushed,-11.5362,1,PASS,35,,n_v;aj,crush;crushed,FORM;LEMMA,,MASTER,0,1,0,rushed,,,,1,0,0,ESDB_V0_4
6973,7109,cuban,-11.5362,0,NOT_EXACT_EN_US,,,,,,,REJECTED_AUTO,0,0,0,,,,,0,0,0,ESDB_V0_4
6974,7110,curiosity,-11.5362,1,PASS,35,,n,curiosity,LEMMA,,MASTER,0,0,0,,,,,0,0,0,ESDB_V0_4
6975,7111,deaf,-11.5362,1,PASS,35,,aj,deaf,LEMMA,,MASTER,0,0,0,,,,,0,0,0,ESDB_V0_4
6976,7112,definitions,-11.5362,1,PASS,35,,n,definition,FORM,,MASTER,0,1,0,,definition,,,1,0,0,ESDB_V0_4
6977,7113,delicate,-11.5362,1,PASS,35,,aj,delicate,LEMMA,,MASTER,0,0,0,,,,,0,0,0,ESDB_V0_4
6978,7114,diamonds,-11.5362,1,PASS,35,,n,diamond,FORM,,MASTER,0,1,0,,diamond,,,1,0,0,ESDB_V0_4
6979,7115,divorced,-11.5362,1,PASS,35,,n_v;aj,divorce;divorced,FORM;LEMMA,,MASTER,0,1,0,,divorce,,,1,0,0,ESDB_V0_4
6980,7116,donated,-11.5362,1,PASS,35,,v,donate,FORM,,MASTER,0,1,0,,donate,,,1,0,0,ESDB_V0_4
6981,7117,drank,-11.5362,1,PASS,35,,n_v,drink,FORM,,MASTER,0,1,0,rank,,,,1,0,0,ESDB_V0_4
6982,7118,dump,-11.5362,1,PASS,35,,n_v,dump,LEMMA,,MASTER,0,1,1,,,,dumps,0,1,1,ESDB_V0_4
6983,7119,duo,-11.5362,1,PASS,35,,n,duo,LEMMA,,MASTER,0,0,0,,,,,0,0,0,ESDB_V0_4
6984,7120,editors,-11.5362,1,PASS,35,,n,editor,FORM,,MASTER,0,1,0,,editor,,,1,0,0,ESDB_V0_4
6985,7121,elegant,-11.5362,1,PASS,35,,aj,elegant,LEMMA,,MASTER,0,0,0,,,,,0,0,0,ESDB_V0_4
6986,7122,emotionally,-11.5362,1,PASS,35,,av,emotionally,LEMMA,,MASTER,0,0,0,,,,,0,0,0,ESDB_V0_4
6987,7123,evaluate,-11.5362,1,PASS,35,,v,evaluate,LEMMA,,MASTER,0,1,1,,,,evaluated,0,1,1,ESDB_V0_4
6988,7124,extract,-11.5362,1,PASS,35,,n_v,extract,LEMMA,,MASTER,0,1,1,,,,extracts,0,1,1,ESDB_V0_4
6989,7125,frontier,-11.5362,1,PASS,35,,n;a,frontier,LEMMA,,MASTER,0,1,1,,,,frontiers,0,1,1,ESDB_V0_4
6990,7126,fur,-11.5362,1,PASS,35,,n_v;a,fur,LEMMA,,MASTER,0,1,1,,,,fury,0,1,0,ESDB_V0_4
6991,7127,gently,-11.5362,1,PASS,35,,av,gently,LEMMA,,MASTER,0,0,0,,,,,0,0,0,ESDB_V0_4
6992,7128,geographical,-11.5362,1,PASS,35,,aj,geographical,LEMMA,,MASTER,0,0,0,,,,,0,0,0,ESDB_V0_4
6993,7129,graduates,-11.5362,1,PASS,35,,n_v,graduate,FORM,,MASTER,0,1,0,,graduate,,,1,0,0,ESDB_V0_4
6994,7130,halloween,-11.5362,0,NOT_EXACT_EN_US,,,,,,,REJECTED_AUTO,0,0,0,,,,,0,0,0,ESDB_V0_4
6995,7131,hay,-11.5362,1,PASS,35,50,n;v,hay,LEMMA,,MASTER,0,1,0,,ha,,,1,0,0,ESDB_V0_4
6996,7132,hazard,-11.5362,1,PASS,35,,n_v,hazard,LEMMA,,MASTER,0,1,1,,,,hazards,0,1,1,ESDB_V0_4
6997,7133,helmet,-11.5362,1,PASS,35,,n,helmet,LEMMA,,MASTER,0,1,1,,,,helmets,0,1,1,ESDB_V0_4
6998,7134,indoor,-11.5362,1,PASS,35,,aj,indoor,LEMMA,,MASTER,0,1,1,,,,indoors,0,1,0,ESDB_V0_4
6999,7135,ing,-11.5362,0,NOT_EXACT_EN_US,,,,,,,REJECTED_AUTO,0,0,0,,,,,0,0,0,ESDB_V0_4
7000,7136,insert,-11.5362,1,PASS,35,,n_v,insert,LEMMA,,MASTER,0,0,0,,,,,0,0,0,ESDB_V0_4
7001,7137,instructor,-11.5362,1,PASS,35,,n,instructor,LEMMA,,MASTER,0,1,1,,,,instructors,0,1,1,ESDB_V0_4
7002,7138,insult,-11.5362,1,PASS,35,,n_v,insult,LEMMA,,MASTER,0,1,1,,,,insults,0,1,1,ESDB_V0_4
7003,7139,jerk,-11.5362,1,PASS,35,,n_v,jerk,LEMMA,,MASTER,0,0,0,,,,,0,0,0,ESDB_V0_4
7004,7140,joins,-11.5362,1,PASS,35,,n_v,join,FORM,,MASTER,0,1,0,,join,,,1,0,0,ESDB_V0_4
7005,7141,kenny,-11.5362,0,NOT_EXACT_EN_US,,,,,,,REJECTED_AUTO,0,0,0,,,,,0,0,0,ESDB_V0_4
7006,7142,kindness,-11.5362,1,PASS,35,,n,kindness,LEMMA,,MASTER,0,0,0,,,,,0,0,0,ESDB_V0_4
7007,7143,laundry,-11.5362,1,PASS,35,,n,laundry,LEMMA,,MASTER,0,0,0,,,,,0,0,0,ESDB_V0_4
7008,7144,liberals,-11.5362,1,PASS,35,,n,liberal,FORM,,MASTER,0,1,0,,liberal,,,1,0,0,ESDB_V0_4
7009,7145,louisiana,-11.5362,0,NOT_EXACT_EN_US,,,,,,,REJECTED_AUTO,0,0,0,,,,,0,0,0,ESDB_V0_4
7010,7146,lungs,-11.5362,1,PASS,35,,n,lung,FORM,,MASTER,0,1,0,,lung,,,1,0,0,ESDB_V0_4
7011,7147,maintains,-11.5362,1,PASS,35,,v,maintain,FORM,,MASTER,0,1,0,,maintain,,,1,0,0,ESDB_V0_4
7012,7148,mandate,-11.5362,1,PASS,35,,n_v,mandate,LEMMA,,MASTER,0,1,1,,,,mandated;mandates,0,2,2,ESDB_V0_4
7013,7149,mansion,-11.5362,1,PASS,35,,n,mansion,LEMMA,,MASTER,0,0,0,,,,,0,0,0,ESDB_V0_4
7014,7150,marvel,-11.5362,1,PASS,35,,n_v,marvel,LEMMA,,MASTER,0,0,0,,,,,0,0,0,ESDB_V0_4
7015,7151,networking,-11.5362,1,PASS,35,,n_v;n,network;networking,FORM;LEMMA,,MASTER,0,0,0,,,,,0,0,0,ESDB_V0_4
7016,7152,observer,-11.5362,1,PASS,35,,n,observer,LEMMA,,MASTER,0,1,1,,observe,,observers,1,1,1,ESDB_V0_4
7017,7153,obsessed,-11.5362,1,PASS,35,,v;aj,obsess;obsessed,FORM;LEMMA,,MASTER,0,0,0,,,,,0,0,0,ESDB_V0_4
7018,7154,obtaining,-11.5362,1,PASS,35,,v,obtain,FORM,,MASTER,0,0,0,,,,,0,0,0,ESDB_V0_4
7019,7155,occupy,-11.5362,1,PASS,35,,v,occupy,LEMMA,,MASTER,0,0,0,,,,,0,0,0,ESDB_V0_4
7020,7156,optional,-11.5362,1,PASS,35,,aj,optional,LEMMA,,MASTER,0,0,0,,,,,0,0,0,ESDB_V0_4
7021,7157,organisms,-11.5362,1,PASS,35,,n,organism,FORM,,MASTER,0,1,0,,organism,,,1,0,0,ESDB_V0_4
7022,7158,orthodox,-11.5362,1,PASS,35,60,aj,orthodox,LEMMA,,MASTER,0,0,0,,,,,0,0,0,ESDB_V0_4
7023,7159,packages,-11.5362,1,PASS,35,,n_v,package,FORM,,MASTER,0,1,0,,package,,,1,0,0,ESDB_V0_4
7024,7160,palmer,-11.5362,0,NOT_EXACT_EN_US,,,,,,,REJECTED_AUTO,0,0,0,,,,,0,0,0,ESDB_V0_4
7025,7161,pets,-11.5362,1,PASS,35,,n_v,pet,FORM,,MASTER,0,1,0,,pet,,,1,0,0,ESDB_V0_4
7026,7162,readily,-11.5362,1,PASS,35,,av,readily,LEMMA,,MASTER,0,0,0,,,,,0,0,0,ESDB_V0_4
7027,7163,reduces,-11.5362,1,PASS,35,,v,reduce,FORM,,MASTER,0,1,0,,reduce,,,1,0,0,ESDB_V0_4
7028,7164,refugee,-11.5362,1,PASS,35,,n,refugee,LEMMA,,MASTER,0,1,1,,refuge,,refugees,1,1,1,ESDB_V0_4
7029,7165,regulated,-11.5362,1,PASS,35,,v;aj,regulate;regulated,FORM;LEMMA,,MASTER,0,1,0,,regulate,,,1,0,0,ESDB_V0_4
7030,7166,rehabilitation,-11.5362,1,PASS,35,,n,rehabilitation,LEMMA,,MASTER,0,0,0,,,,,0,0,0,ESDB_V0_4
7031,7167,rider,-11.5362,1,PASS,35,,n,rider,LEMMA,,MASTER,0,1,1,,ride,,riders,1,1,1,ESDB_V0_4
7032,7168,scales,-11.5362,1,PASS,35,,n_v,scale,FORM,,MASTER,0,1,0,,scale,,,1,0,0,ESDB_V0_4
7033,7169,scattered,-11.5362,1,PASS,35,,n_v;aj,scatter;scattered,FORM;LEMMA,,MASTER,0,0,0,,,,,0,0,0,ESDB_V0_4
7034,7170,seas,-11.5362,1,PASS,35,,n,sea,FORM,,MASTER,0,1,0,,sea,,,1,0,0,ESDB_V0_4
7035,7171,seller,-11.5362,1,PASS,35,,n,seller,LEMMA,,MASTER,0,1,1,,,,sellers,0,1,1,ESDB_V0_4
7036,7172,sensitivity,-11.5362,1,PASS,35,,n,sensitivity,LEMMA,,MASTER,0,0,0,,,,,0,0,0,ESDB_V0_4
7037,7173,settlements,-11.5362,1,PASS,35,,n,settlement,FORM,,MASTER,0,1,0,,settlement,,,1,0,0,ESDB_V0_4
7038,7174,shapes,-11.5362,1,PASS,35,,n_v,shape,FORM,,MASTER,0,1,0,,shape,,,1,0,0,ESDB_V0_4
7039,7175,singh,-11.5362,0,NOT_EXACT_EN_US,,,,,,,REJECTED_AUTO,0,0,0,,,,,0,0,0,ESDB_V0_4
7040,7176,sketch,-11.5362,1,PASS,35,,n_v,sketch,LEMMA,,MASTER,0,0,0,,,,,0,0,0,ESDB_V0_4
7041,7177,socks,-11.5362,1,PASS,35,,n;v,sock,FORM,,MASTER,0,1,0,,sock,,,1,0,0,ESDB_V0_4
7042,7178,sovereignty,-11.5362,1,PASS,35,,n,sovereignty,LEMMA,,MASTER,0,0,0,,,,,0,0,0,ESDB_V0_4
7043,7179,sp,-11.5362,0,NOT_EXACT_EN_US,,,,,,,REJECTED_AUTO,0,0,0,,,,,0,0,0,ESDB_V0_4
7044,7180,spa,-11.5362,1,PASS,35,,n,spa,LEMMA,,MASTER,0,1,1,pa,,,span;spat,1,2,0,ESDB_V0_4
7045,7181,studios,-11.5362,1,PASS,35,,n,studio,FORM,,MASTER,0,1,0,,studio,,,1,0,0,ESDB_V0_4
7046,7182,subjected,-11.5362,1,PASS,35,,n_v,subject,FORM,,MASTER,0,0,0,,,,,0,0,0,ESDB_V0_4
7047,7183,supportive,-11.5362,1,PASS,35,,aj,supportive,LEMMA,,MASTER,0,0,0,,,,,0,0,0,ESDB_V0_4
7048,7184,sustain,-11.5362,1,PASS,35,,v,sustain,LEMMA,,MASTER,0,0,0,,,,,0,0,0,ESDB_V0_4
7049,7185,systematic,-11.5362,1,PASS,35,,aj,systematic,LEMMA,,MASTER,0,0,0,,,,,0,0,0,ESDB_V0_4
7050,7186,tan,-11.5362,1,PASS,35,,n_v;aj,tan,LEMMA,,MASTER,0,1,1,an,,,tank;tang,1,2,0,ESDB_V0_4
7051,7187,taxation,-11.5362,1,PASS,35,,n,taxation,LEMMA,,MASTER,0,0,0,,,,,0,0,0,ESDB_V0_4
7052,7188,trades,-11.5362,1,PASS,35,,n_v,trade,FORM,,MASTER,0,1,0,,trade,,,1,0,0,ESDB_V0_4
7053,7189,transparent,-11.5362,1,PASS,35,,aj,transparent,LEMMA,,MASTER,0,0,0,,,,,0,0,0,ESDB_V0_4
7054,7190,troubles,-11.5362,1,PASS,35,,n_v,trouble,FORM,,MASTER,0,1,0,,trouble,,,1,0,0,ESDB_V0_4
7055,7191,tweet,-11.5362,1,PASS,35,,n_v,tweet,LEMMA,,MASTER,0,1,1,,,,tweets,0,1,1,ESDB_V0_4
7056,7192,undertaken,-11.5362,1,PASS,35,,v,undertake,FORM,,MASTER,0,1,0,,undertake,,,1,0,0,ESDB_V0_4
7057,7193,whatsoever,-11.5362,1,PASS,35,,d,whatsoever,LEMMA,,MASTER,0,0,0,,,,,0,0,0,ESDB_V0_4
7058,7194,wrist,-11.5362,1,PASS,35,,n,wrist,LEMMA,,MASTER,0,1,1,,,,wrists,0,1,1,ESDB_V0_4
7059,7195,writings,-11.5362,1,PASS,35,,n,writing,FORM,,MASTER,0,1,0,,writing,,,1,0,0,ESDB_V0_4
7060,7196,yelling,-11.5362,1,PASS,35,,n_v;n,yell;yelling,FORM;LEMMA,,MASTER,0,0,0,,,,,0,0,0,ESDB_V0_4
7061,7197,adapt,-11.559,1,PASS,35,,v,adapt,LEMMA,,MASTER,0,0,0,,,,,0,0,0,ESDB_V0_4
7062,7198,aggression,-11.559,1,PASS,35,,n,aggression,LEMMA,,MASTER,0,0,0,,,,,0,0,0,ESDB_V0_4
7063,7199,allegations,-11.559,1,PASS,35,,n,allegation,FORM,,MASTER,0,1,0,,allegation,,,1,0,0,ESDB_V0_4
7064,7200,allegedly,-11.559,1,PASS,35,,av,allegedly,LEMMA,,MASTER,0,0,0,,,,,0,0,0,ESDB_V0_4
7065,7201,amanda,-11.559,0,NOT_EXACT_EN_US,,,,,,,REJECTED_AUTO,0,0,0,,,,,0,0,0,ESDB_V0_4
7066,7202,ambition,-11.559,1,PASS,35,,n,ambition,LEMMA,,MASTER,0,1,1,,,,ambitions,0,1,1,ESDB_V0_4
7067,7203,amen,-11.559,1,PASS,35,60,a,amen,LEMMA,,MASTER,0,1,1,men,,ramen,amend,1,2,0,ESDB_V0_4
7068,7204,ancestors,-11.559,1,PASS,35,,n,ancestor,FORM,,MASTER,0,1,0,,ancestor,,,1,0,0,ESDB_V0_4
7069,7205,assembled,-11.559,1,PASS,35,,v,assemble,FORM,,MASTER,0,1,0,,assemble,,,1,0,0,ESDB_V0_4
7070,7206,assists,-11.559,1,PASS,35,,n_v,assist,FORM,,MASTER,0,1,0,,assist,,,1,0,0,ESDB_V0_4
7071,7207,ballot,-11.559,1,PASS,35,,n_v,ballot,LEMMA,,MASTER,0,1,1,,,,ballots,0,1,1,ESDB_V0_4
7072,7208,belgian,-11.559,0,NOT_EXACT_EN_US,,,,,,,REJECTED_AUTO,0,0,0,,,,,0,0,0,ESDB_V0_4
7073,7209,bennett,-11.559,0,NOT_EXACT_EN_US,,,,,,,REJECTED_AUTO,0,0,0,,,,,0,0,0,ESDB_V0_4
7074,7210,brass,-11.559,1,PASS,35,,n;a,brass,LEMMA,,MASTER,0,1,0,,bras,,,1,0,0,ESDB_V0_4
7075,7211,buttons,-11.559,1,PASS,35,,n_v;n,button;buttons,FORM;LEMMA,,MASTER,0,1,0,,button,,,1,0,0,ESDB_V0_4
7076,7212,ce,-11.559,0,NOT_EXACT_EN_US,,,,,,,REJECTED_AUTO,0,0,0,,,,,0,0,0,ESDB_V0_4
7077,7213,chen,-11.559,0,NOT_EXACT_EN_US,,,,,,,REJECTED_AUTO,0,0,0,,,,,0,0,0,ESDB_V0_4
7078,7214,consistency,-11.559,1,PASS,35,,n,consistency,LEMMA,,MASTER,0,0,0,,,,,0,0,0,ESDB_V0_4
7079,7215,construct,-11.559,1,PASS,35,,n_v,construct,LEMMA,,MASTER,0,0,0,,,,,0,0,0,ESDB_V0_4
7080,7216,contractor,-11.559,1,PASS,35,,n,contractor,LEMMA,,MASTER,0,1,1,,,,contractors,0,1,1,ESDB_V0_4
7081,7217,cooperative,-11.559,1,PASS,35,,n;aj,cooperative,LEMMA,,MASTER,0,1,1,,,,cooperatives,0,1,1,ESDB_V0_4
7082,7218,countryside,-11.559,1,PASS,35,,n,countryside,LEMMA,,MASTER,0,0,0,,,,,0,0,0,ESDB_V0_4
7083,7219,debates,-11.559,1,PASS,35,,n_v,debate,FORM,,MASTER,0,1,0,,debate,,,1,0,0,ESDB_V0_4
7084,7220,demon,-11.559,1,PASS,35,,n,demon,LEMMA,,MASTER,0,1,1,,demo,,demons,1,1,1,ESDB_V0_4
7085,7221,denial,-11.559,1,PASS,35,,n,denial,LEMMA,,MASTER,0,0,0,,,,,0,0,0,ESDB_V0_4
7086,7222,disappointment,-11.559,1,PASS,35,,n,disappointment,LEMMA,,MASTER,0,0,0,,,,,0,0,0,ESDB_V0_4
7087,7223,distinguish,-11.559,1,PASS,35,,v,distinguish,LEMMA,,MASTER,0,0,0,,,,,0,0,0,ESDB_V0_4
7088,7224,distress,-11.559,1,PASS,35,,n;v,distress,LEMMA,,MASTER,0,0,0,,,,,0,0,0,ESDB_V0_4
7089,7225,elect,-11.559,1,PASS,35,,n;v;aj,elect,LEMMA;FORM,,MASTER,0,1,1,,,select,,0,1,0,ESDB_V0_4
7090,7226,elimination,-11.559,1,PASS,35,,n,elimination,LEMMA,,MASTER,0,0,0,,,,,0,0,0,ESDB_V0_4
7091,7227,enforce,-11.559,1,PASS,35,,v,enforce,LEMMA,,MASTER,0,1,1,,,,enforced,0,1,1,ESDB_V0_4
7092,7228,essays,-11.559,1,PASS,35,,n_v,essay,FORM,,MASTER,0,1,0,,essay,,,1,0,0,ESDB_V0_4
7093,7229,expectation,-11.559,1,PASS,35,,n,expectation,LEMMA,,MASTER,0,1,1,,,,expectations,0,1,1,ESDB_V0_4
7094,7230,fiber,-11.559,1,PASS,35,,n,fiber,LEMMA,,MASTER,0,1,1,,,,fibers,0,1,1,ESDB_V0_4
7095,7231,filing,-11.559,1,PASS,35,,n_v;n,file;filing,FORM;LEMMA,,MASTER,0,0,0,,,,,0,0,0,ESDB_V0_4
7096,7232,finale,-11.559,1,PASS,35,,n,finale,LEMMA,,MASTER,0,1,0,,final,,,1,0,0,ESDB_V0_4
7097,7233,gauge,-11.559,1,PASS,35,,n_v,gauge,LEMMA,,MASTER,0,0,0,,,,,0,0,0,ESDB_V0_4
7098,7234,genuinely,-11.559,1,PASS,35,,av,genuinely,LEMMA,,MASTER,0,0,0,,,,,0,0,0,ESDB_V0_4
7099,7235,geography,-11.559,1,PASS,35,,n,geography,LEMMA,,MASTER,0,0,0,,,,,0,0,0,ESDB_V0_4
7100,7236,hudson,-11.559,0,NOT_EXACT_EN_US,,,,,,,REJECTED_AUTO,0,0,0,,,,,0,0,0,ESDB_V0_4
7101,7237,inadequate,-11.559,1,PASS,35,,aj,inadequate,LEMMA,,MASTER,0,0,0,,,,,0,0,0,ESDB_V0_4
7102,7238,infant,-11.559,1,PASS,35,,n;a,infant,LEMMA,,MASTER,0,1,1,,,,infants,0,1,1,ESDB_V0_4
7103,7239,infections,-11.559,1,PASS,35,,n,infection,FORM,,MASTER,0,1,0,,infection,,,1,0,0,ESDB_V0_4
7104,7240,informal,-11.559,1,PASS,35,,aj,informal,LEMMA,,MASTER,0,0,0,,,,,0,0,0,ESDB_V0_4
7105,7241,injection,-11.559,1,PASS,35,,n,injection,LEMMA,,MASTER,0,1,1,,,,injections,0,1,1,ESDB_V0_4
7106,7242,intel,-11.559,0,SPECIAL_ONLY,50,50,n,intel,LEMMA,,REJECTED_AUTO,0,0,0,,,,,0,0,0,ESDB_V0_4
7107,7243,julian,-11.559,0,NOT_EXACT_EN_US,,,,,,,REJECTED_AUTO,0,0,0,,,,,0,0,0,ESDB_V0_4
7108,7244,lawn,-11.559,1,PASS,35,,n,lawn,LEMMA,,MASTER,0,1,0,,law,,,1,0,0,ESDB_V0_4
7109,7245,leisure,-11.559,1,PASS,35,,n;a,leisure,LEMMA,,MASTER,0,0,0,,,,,0,0,0,ESDB_V0_4
7110,7246,literacy,-11.559,1,PASS,35,,n,literacy,LEMMA,,MASTER,0,0,0,,,,,0,0,0,ESDB_V0_4
7111,7247,loser,-11.559,1,PASS,35,,n,loser,LEMMA,,MASTER,0,1,1,,lose,closer,losers,1,2,1,ESDB_V0_4
7112,7248,madness,-11.559,1,PASS,35,,n,madness,LEMMA,,MASTER,0,0,0,,,,,0,0,0,ESDB_V0_4
7113,7249,matched,-11.559,1,PASS,35,,n_v;aj,match;matched,FORM;LEMMA,,MASTER,0,0,0,,,,,0,0,0,ESDB_V0_4
7114,7250,mates,-11.559,1,PASS,35,,n_v;n,mate;mates,FORM;LEMMA,,MASTER,0,1,0,,mate,,,1,0,0,ESDB_V0_4
7115,7251,messenger,-11.559,1,PASS,35,,n,messenger,LEMMA,,MASTER,0,1,1,,,,messengers,0,1,1,ESDB_V0_4
7116,7252,michel,-11.559,0,NOT_EXACT_EN_US,,,,,,,REJECTED_AUTO,0,0,0,,,,,0,0,0,ESDB_V0_4
7117,7253,monk,-11.559,1,PASS,35,50,n,monk,LEMMA,,MASTER,0,1,1,,,,monks,0,1,1,ESDB_V0_4
7118,7254,mph,-11.559,0,NO_ESDB_GENERAL_EVIDENCE,,,,,,,REJECTED_AUTO,0,0,0,,,,,0,0,0,ESDB_V0_4
7119,7255,murders,-11.559,1,PASS,35,,n_v,murder,FORM,,MASTER,0,1,0,,murder,,,1,0,0,ESDB_V0_4
7120,7256,nsfw,-11.559,0,NOT_EXACT_EN_US,,,,,,,REJECTED_AUTO,0,0,0,,,,,0,0,0,ESDB_V0_4
7121,7257,offshore,-11.559,1,PASS,35,,aj_av,offshore,LEMMA,,MASTER,0,0,0,,,,,0,0,0,ESDB_V0_4
7122,7258,pad,-11.559,1,PASS,35,,n_v,pad,LEMMA,,MASTER,0,1,1,ad,pa,,pads,2,1,1,ESDB_V0_4
7123,7259,para,-11.559,1,PASS,60,,n,para,LEMMA;FORM,,MASTER,0,1,0,,par,,,1,0,0,ESDB_V0_4
7124,7260,pee,-11.559,1,PASS,40,,n_v,pee,LEMMA,,MASTER,0,1,1,,,,peer;peel;peek;peep,0,4,0,ESDB_V0_4
7125,7261,pending,-11.559,1,PASS,35,,v;pp,pend;pending,FORM;LEMMA,,MASTER,0,1,1,ending,,spending,,1,1,0,ESDB_V0_4
7126,7262,permits,-11.559,1,PASS,35,,n_v,permit,FORM,,MASTER,0,1,0,,permit,,,1,0,0,ESDB_V0_4
7127,7263,petroleum,-11.559,1,PASS,35,,n,petroleum,LEMMA,,MASTER,0,0,0,,,,,0,0,0,ESDB_V0_4
7128,7264,philosophical,-11.559,1,PASS,35,,aj,philosophical,LEMMA,,MASTER,0,0,0,,,,,0,0,0,ESDB_V0_4
7129,7265,pipeline,-11.559,1,PASS,35,,n,pipeline,LEMMA,,MASTER,0,1,1,,,,pipelines,0,1,1,ESDB_V0_4
7130,7266,pirates,-11.559,1,PASS,35,,n_v,pirate,FORM,,MASTER,0,1,0,,pirate,,,1,0,0,ESDB_V0_4
7131,7267,pork,-11.559,1,PASS,35,,n,pork,LEMMA,,MASTER,0,0,0,,,,,0,0,0,ESDB_V0_4
7132,7268,portions,-11.559,1,PASS,35,,n_v,portion,FORM,,MASTER,0,1,0,,portion,,,1,0,0,ESDB_V0_4
7133,7269,preparations,-11.559,1,PASS,35,,n,preparation,FORM,,MASTER,0,1,0,,preparation,,,1,0,0,ESDB_V0_4
7134,7270,presidents,-11.559,1,PASS,35,,n,president,FORM,,MASTER,0,1,0,residents,president,,,2,0,0,ESDB_V0_4
7135,7271,prosecutor,-11.559,1,PASS,35,,n,prosecutor,LEMMA,,MASTER,0,1,1,,,,prosecutors,0,1,1,ESDB_V0_4
7136,7272,refuge,-11.559,1,PASS,35,,n,refuge,LEMMA,,MASTER,0,1,1,,,,refugee,0,1,0,ESDB_V0_4
7137,7273,researcher,-11.559,1,PASS,35,,n,researcher,LEMMA,,MASTER,0,1,1,,,,researchers,0,1,1,ESDB_V0_4
7138,7274,risen,-11.559,1,PASS,35,,n_v;aj,rise;risen,FORM;LEMMA,,MASTER,0,1,1,,rise,arisen,,1,1,0,ESDB_V0_4
7139,7275,roses,-11.559,1,PASS,35,,n,rose,FORM,,MASTER,0,1,0,,rose,,,1,0,0,ESDB_V0_4
7140,7276,screens,-11.559,1,PASS,35,,n_v,screen,FORM,,MASTER,0,1,0,,screen,,,1,0,0,ESDB_V0_4
7141,7277,semester,-11.559,1,PASS,35,,n,semester,LEMMA,,MASTER,0,0,0,,,,,0,0,0,ESDB_V0_4
7142,7278,servers,-11.559,1,PASS,35,,n,server,FORM,,MASTER,0,1,0,,server,,,1,0,0,ESDB_V0_4
7143,7279,sexuality,-11.559,1,PASS,35,,n,sexuality,LEMMA,,MASTER,0,0,0,,,,,0,0,0,ESDB_V0_4
7144,7280,shareholders,-11.559,0,NO_ESDB_GENERAL_EVIDENCE,,,,,,,REJECTED_AUTO,0,0,0,,,,,0,0,0,ESDB_V0_4
7145,7281,shifts,-11.559,1,PASS,35,,n_v,shift,FORM,,MASTER,0,1,0,,shift,,,1,0,0,ESDB_V0_4
7146,7282,siblings,-11.559,1,PASS,35,,n,sibling,FORM,,MASTER,0,1,0,,sibling,,,1,0,0,ESDB_V0_4
7147,7283,smartphone,-11.559,0,SPECIAL_ONLY,50,,n,smartphone,LEMMA,,REJECTED_AUTO,0,0,0,,,,,0,0,0,ESDB_V0_4
7148,7284,soda,-11.559,1,PASS,35,,n,soda,LEMMA,,MASTER,0,0,0,,,,,0,0,0,ESDB_V0_4
7149,7285,sore,-11.559,1,PASS,35,,n;aj,sore,LEMMA,,MASTER,0,1,0,ore,,,,1,0,0,ESDB_V0_4
7150,7286,sphere,-11.559,1,PASS,35,,n,sphere,LEMMA,,MASTER,0,1,1,,,,spheres,0,1,1,ESDB_V0_4
7151,7287,sponsor,-11.559,1,PASS,35,,n_v,sponsor,LEMMA,,MASTER,0,1,1,,,,sponsors,0,1,1,ESDB_V0_4
7152,7288,sprint,-11.559,1,PASS,35,50,n_v,sprint,LEMMA,,MASTER,0,1,0,print,,,,1,0,0,ESDB_V0_4
7153,7289,sticking,-11.559,1,PASS,35,,n_v;aj,stick;sticking,FORM;LEMMA,,MASTER,0,1,0,ticking,,,,1,0,0,ESDB_V0_4
7154,7290,sudan,-11.559,0,NOT_EXACT_EN_US,,,,,,,REJECTED_AUTO,0,0,0,,,,,0,0,0,ESDB_V0_4
7155,7291,teaches,-11.559,1,PASS,35,,v,teach,FORM,,MASTER,0,0,0,,,,,0,0,0,ESDB_V0_4
7156,7292,thorough,-11.559,1,PASS,35,,aj,thorough,LEMMA,,MASTER,0,0,0,,,,,0,0,0,ESDB_V0_4
7157,7293,tops,-11.559,1,PASS,35,,n_v;aj,top;tops,FORM;LEMMA,,MASTER,0,1,1,ops,top,stops,,2,1,0,ESDB_V0_4
7158,7294,transfers,-11.559,1,PASS,35,,n_v,transfer,FORM,,MASTER,0,1,0,,transfer,,,1,0,0,ESDB_V0_4
7159,7295,transmitted,-11.559,1,PASS,35,,v;aj,transmit;transmitted,FORM;LEMMA,,MASTER,0,0,0,,,,,0,0,0,ESDB_V0_4
7160,7296,usb,-11.559,0,NOT_EXACT_EN_US,,,,,,,REJECTED_AUTO,0,0,0,,,,,0,0,0,ESDB_V0_4
7161,7297,utterly,-11.559,1,PASS,35,,av,utterly,LEMMA,,MASTER,0,0,0,,,,,0,0,0,ESDB_V0_4
7162,7298,verify,-11.559,1,PASS,35,,v,verify,LEMMA,,MASTER,0,0,0,,,,,0,0,0,ESDB_V0_4
7163,7299,vii,-11.559,0,NO_ESDB_GENERAL_EVIDENCE,,,,,,,REJECTED_AUTO,0,0,0,,,,,0,0,0,ESDB_V0_4
7164,7300,vintage,-11.559,1,PASS,35,,n;a,vintage,LEMMA,,MASTER,0,0,0,,,,,0,0,0,ESDB_V0_4
7165,7301,weigh,-11.559,1,PASS,35,,n;v,weigh,LEMMA,,MASTER,0,1,1,,,,weight;weighs,0,2,1,ESDB_V0_4
7166,7302,westminster,-11.559,0,NOT_EXACT_EN_US,,,,,,,REJECTED_AUTO,0,0,0,,,,,0,0,0,ESDB_V0_4
7167,7303,wilderness,-11.559,1,PASS,35,,n,wilderness,LEMMA,,MASTER,0,0,0,,,,,0,0,0,ESDB_V0_4
7168,7304,wipe,-11.559,1,PASS,35,,n_v,wipe,LEMMA,,MASTER,0,1,1,,,swipe,wiped;wipes,0,3,2,ESDB_V0_4
7169,7305,wizard,-11.559,1,PASS,35,,n,wizard,LEMMA,,MASTER,0,1,1,,,,wizards,0,1,1,ESDB_V0_4
7170,7306,wreck,-11.559,1,PASS,35,,n_v,wreck,LEMMA,,MASTER,0,0,0,,,,,0,0,0,ESDB_V0_4
7171,7307,yorkshire,-11.559,0,NOT_EXACT_EN_US,,,,,,,REJECTED_AUTO,0,0,0,,,,,0,0,0,ESDB_V0_4
7172,7308,aa,-11.5823,0,NOT_EXACT_EN_US,,,,,,,REJECTED_AUTO,0,0,0,,,,,0,0,0,ESDB_V0_4
7173,7309,absurd,-11.5823,1,PASS,35,,aj,absurd,LEMMA,,MASTER,0,0,0,,,,,0,0,0,ESDB_V0_4
7174,7310,alfred,-11.5823,0,NOT_EXACT_EN_US,,,,,,,REJECTED_AUTO,0,0,0,,,,,0,0,0,ESDB_V0_4
7175,7311,angela,-11.5823,0,NOT_EXACT_EN_US,,,,,,,REJECTED_AUTO,0,0,0,,,,,0,0,0,ESDB_V0_4
7176,7312,anyways,-11.5823,0,NOT_EXACT_EN_US,,,,,,,REJECTED_AUTO,0,0,0,,,,,0,0,0,ESDB_V0_4
7177,7313,armies,-11.5823,1,PASS,35,,n,army,FORM,,MASTER,0,0,0,,,,,0,0,0,ESDB_V0_4
7178,7314,bankruptcy,-11.5823,1,PASS,35,,n,bankruptcy,LEMMA,,MASTER,0,0,0,,,,,0,0,0,ESDB_V0_4
7179,7315,beaches,-11.5823,1,PASS,35,,n_v,beach,FORM,,MASTER,0,0,0,,,,,0,0,0,ESDB_V0_4
7180,7316,bent,-11.5823,1,PASS,35,,n_v;n,bend;bent,FORM;LEMMA,,MASTER,0,0,0,,,,,0,0,0,ESDB_V0_4
7181,7317,bitcoin,-11.5823,0,SPECIAL_ONLY,50,,n,bitcoin,LEMMA,,REJECTED_AUTO,0,0,0,,,,,0,0,0,ESDB_V0_4
7182,7318,blair,-11.5823,0,NOT_EXACT_EN_US,,,,,,,REJECTED_AUTO,0,0,0,,,,,0,0,0,ESDB_V0_4
7183,7319,bradley,-11.5823,0,NOT_EXACT_EN_US,,,,,,,REJECTED_AUTO,0,0,0,,,,,0,0,0,ESDB_V0_4
7184,7320,broadway,-11.5823,0,NOT_EXACT_EN_US,,,,,,,REJECTED_AUTO,0,0,0,,,,,0,0,0,ESDB_V0_4
7185,7321,bulletin,-11.5823,1,PASS,35,,n_v,bulletin,LEMMA,,MASTER,0,0,0,,,,,0,0,0,ESDB_V0_4
7186,7322,camping,-11.5823,1,PASS,35,,n_v;n,camp;camping,FORM;LEMMA,,MASTER,0,0,0,,,,,0,0,0,ESDB_V0_4
7187,7323,carol,-11.5823,1,PASS,35,50,n_v,carol,LEMMA,,MASTER,0,0,0,,,,,0,0,0,ESDB_V0_4
7188,7324,cheek,-11.5823,1,PASS,35,,n_v,cheek,LEMMA,,MASTER,0,1,1,,,,cheeks;cheeky,0,2,1,ESDB_V0_4
7189,7325,circus,-11.5823,1,PASS,35,,n;a,circus,LEMMA,,MASTER,0,0,0,,,,,0,0,0,ESDB_V0_4
7190,7326,col,-11.5823,1,PASS,35,50,n,col,LEMMA,,MASTER,0,1,1,,,,cold;cola;colt,0,3,0,ESDB_V0_4
7191,7327,colonies,-11.5823,1,PASS,35,,n,colony,FORM,,MASTER,0,0,0,,,,,0,0,0,ESDB_V0_4
7192,7328,commodity,-11.5823,1,PASS,35,,n,commodity,LEMMA,,MASTER,0,0,0,,,,,0,0,0,ESDB_V0_4
7193,7329,confusing,-11.5823,1,PASS,35,,v;aj,confuse;confusing,FORM;LEMMA,,MASTER,0,0,0,,,,,0,0,0,ESDB_V0_4
7194,7330,congregation,-11.5823,1,PASS,35,,n,congregation,LEMMA,,MASTER,0,1,1,,,,congregations,0,1,1,ESDB_V0_4
7195,7331,consultation,-11.5823,1,PASS,35,,n,consultation,LEMMA,,MASTER,0,1,1,,,,consultations,0,1,1,ESDB_V0_4
7196,7332,corp,-11.5823,0,NO_ESDB_GENERAL_EVIDENCE,,,,,,,REJECTED_AUTO,0,0,0,,,,,0,0,0,ESDB_V0_4
7197,7333,critic,-11.5823,1,PASS,35,,n,critic,LEMMA,,MASTER,0,1,1,,,,critics,0,1,1,ESDB_V0_4
7198,7334,crude,-11.5823,1,PASS,35,,n;aj,crude,LEMMA,,MASTER,0,1,0,rude,,,,1,0,0,ESDB_V0_4
7199,7335,dale,-11.5823,0,CASE_FREQ_COLLISION,50,50,n,dale,LEMMA,,REJECTED_AUTO,0,0,0,,,,,0,0,0,ESDB_V0_4
7200,7336,dealers,-11.5823,1,PASS,35,,n,dealer,FORM,,MASTER,0,1,0,,dealer,,,1,0,0,ESDB_V0_4
7201,7337,deceased,-11.5823,1,PASS,35,,n_v;n,decease;deceased,FORM;LEMMA,,MASTER,0,0,0,,,,,0,0,0,ESDB_V0_4
7202,7338,decorated,-11.5823,1,PASS,35,,v;aj,decorate;decorated,FORM;LEMMA,,MASTER,0,1,0,,decorate,,,1,0,0,ESDB_V0_4
7203,7339,dedication,-11.5823,1,PASS,35,,n,dedication,LEMMA,,MASTER,0,0,0,,,,,0,0,0,ESDB_V0_4
7204,7340,delegates,-11.5823,1,PASS,35,,n_v,delegate,FORM,,MASTER,0,1,0,,delegate,,,1,0,0,ESDB_V0_4
7205,7341,desires,-11.5823,1,PASS,35,,n_v,desire,FORM,,MASTER,0,1,0,,desire,,,1,0,0,ESDB_V0_4
7206,7342,dip,-11.5823,1,PASS,35,,n_v,dip,LEMMA,,MASTER,0,0,0,,,,,0,0,0,ESDB_V0_4
7207,7343,directory,-11.5823,1,PASS,35,,n,directory,LEMMA,,MASTER,0,1,0,,director,,,1,0,0,ESDB_V0_4
7208,7344,donate,-11.5823,1,PASS,35,,v,donate,LEMMA,,MASTER,0,1,1,,,,donated,0,1,1,ESDB_V0_4
7209,7345,donation,-11.5823,1,PASS,35,,n,donation,LEMMA,,MASTER,0,1,1,,,,donations,0,1,1,ESDB_V0_4
7210,7346,downloaded,-11.5823,1,PASS,40,,n_v,download,FORM,,MASTER,0,0,0,,,,,0,0,0,ESDB_V0_4
7211,7347,dreaming,-11.5823,1,PASS,35,,n_v;n,dream;dreaming,FORM;LEMMA,,MASTER,0,0,0,,,,,0,0,0,ESDB_V0_4
7212,7348,emerge,-11.5823,1,PASS,35,,v,emerge,LEMMA,,MASTER,0,1,1,merge,,,emerged;emerges,1,2,2,ESDB_V0_4
7213,7349,ensuring,-11.5823,1,PASS,35,,v,ensure,FORM,,MASTER,0,0,0,,,,,0,0,0,ESDB_V0_4
7214,7350,entertaining,-11.5823,1,PASS,35,,v;n,entertain;entertaining,FORM;LEMMA,,MASTER,0,0,0,,,,,0,0,0,ESDB_V0_4
7215,7351,exceed,-11.5823,1,PASS,35,,v,exceed,LEMMA,,MASTER,0,1,1,,,,exceeds,0,1,1,ESDB_V0_4
7216,7352,exchanges,-11.5823,1,PASS,35,,n_v,exchange,FORM,,MASTER,0,1,0,,exchange,,,1,0,0,ESDB_V0_4
7217,7353,expressing,-11.5823,1,PASS,35,,n_v,express,FORM,,MASTER,0,0,0,,,,,0,0,0,ESDB_V0_4
7218,7354,facilitate,-11.5823,1,PASS,35,,v,facilitate,LEMMA,,MASTER,0,1,1,,,,facilitated;facilitates,0,2,2,ESDB_V0_4
7219,7355,fortunately,-11.5823,1,PASS,35,,av,fortunately,LEMMA,,MASTER,0,0,0,,,,,0,0,0,ESDB_V0_4
7220,7356,fossil,-11.5823,1,PASS,35,,n;aj,fossil,LEMMA,,MASTER,0,1,1,,,,fossils,0,1,1,ESDB_V0_4
7221,7357,fridge,-11.5823,1,PASS,40,,n,fridge,LEMMA,,MASTER,0,1,0,ridge,,,,1,0,0,ESDB_V0_4
7222,7358,goat,-11.5823,1,PASS,35,,n,goat,LEMMA;FORM,,MASTER,0,1,1,,,,goats,0,1,1,ESDB_V0_4
7223,7359,goddess,-11.5823,1,PASS,35,,n,goddess,LEMMA,,MASTER,0,0,0,,,,,0,0,0,ESDB_V0_4
7224,7360,governmental,-11.5823,1,PASS,35,,aj,governmental,LEMMA,,MASTER,0,0,0,,,,,0,0,0,ESDB_V0_4
7225,7361,harassment,-11.5823,1,PASS,35,,n,harassment,LEMMA,,MASTER,0,0,0,,,,,0,0,0,ESDB_V0_4
7226,7362,harmful,-11.5823,1,PASS,35,,aj,harmful,LEMMA,,MASTER,0,0,0,,,,,0,0,0,ESDB_V0_4
7227,7363,headache,-11.5823,1,PASS,35,,n,headache,LEMMA,,MASTER,0,1,1,,,,headaches,0,1,1,ESDB_V0_4
7228,7364,highlighted,-11.5823,1,PASS,35,,n_v,highlight,FORM,,MASTER,0,0,0,,,,,0,0,0,ESDB_V0_4
7229,7365,historian,-11.5823,1,PASS,35,,n,historian,LEMMA,,MASTER,0,1,1,,,,historians,0,1,1,ESDB_V0_4
7230,7366,honesty,-11.5823,1,PASS,35,,n,honesty,LEMMA,,MASTER,0,1,0,,honest,,,1,0,0,ESDB_V0_4
7231,7368,imprisonment,-11.5823,1,PASS,35,,n,imprisonment,LEMMA,,MASTER,0,0,0,,,,,0,0,0,ESDB_V0_4
7232,7369,inclusion,-11.5823,1,PASS,35,,n,inclusion,LEMMA,,MASTER,0,0,0,,,,,0,0,0,ESDB_V0_4
7233,7370,inherited,-11.5823,1,PASS,35,,v;aj,inherit;inherited,FORM;LEMMA,,MASTER,0,0,0,,,,,0,0,0,ESDB_V0_4
7234,7371,kindly,-11.5823,1,PASS,35,,aj_av,kindly,LEMMA,,MASTER,0,0,0,,,,,0,0,0,ESDB_V0_4
7235,7372,locate,-11.5823,1,PASS,35,,v,locate,LEMMA,,MASTER,0,1,1,,,,located,0,1,1,ESDB_V0_4
7236,7373,malcolm,-11.5823,0,NOT_EXACT_EN_US,,,,,,,REJECTED_AUTO,0,0,0,,,,,0,0,0,ESDB_V0_4
7237,7374,mankind,-11.5823,1,PASS,35,,n,mankind,LEMMA,,MASTER,0,0,0,,,,,0,0,0,ESDB_V0_4
7238,7375,marking,-11.5823,1,PASS,35,,n_v;n,mark;marking,FORM;LEMMA,,MASTER,0,1,1,,,,markings,0,1,1,ESDB_V0_4
7239,7376,martha,-11.5823,0,NOT_EXACT_EN_US,,,,,,,REJECTED_AUTO,0,0,0,,,,,0,0,0,ESDB_V0_4
7240,7377,median,-11.5823,1,PASS,35,,n;aj,median,LEMMA,,MASTER,0,1,0,,media,,,1,0,0,ESDB_V0_4
7241,7378,minerals,-11.5823,1,PASS,35,,n,mineral,FORM,,MASTER,0,1,0,,mineral,,,1,0,0,ESDB_V0_4
7242,7379,minorities,-11.5823,1,PASS,35,,n,minority,FORM,,MASTER,0,0,0,,,,,0,0,0,ESDB_V0_4
7243,7380,musician,-11.5823,1,PASS,35,,n,musician,LEMMA,,MASTER,0,1,1,,,,musicians,0,1,1,ESDB_V0_4
7244,7381,nigerian,-11.5823,0,NOT_EXACT_EN_US,,,,,,,REJECTED_AUTO,0,0,0,,,,,0,0,0,ESDB_V0_4
7245,7382,offset,-11.5823,1,PASS,35,,n_v;a,offset,LEMMA;FORM,,MASTER,0,0,0,,,,,0,0,0,ESDB_V0_4
7246,7383,oppose,-11.5823,1,PASS,35,,v,oppose,LEMMA,,MASTER,0,1,1,,,,opposed;opposes,0,2,2,ESDB_V0_4
7247,7384,organizing,-11.5823,1,PASS,35,,v,organize,FORM,,MASTER,0,0,0,,,,,0,0,0,ESDB_V0_4
7248,7385,oz,-11.5823,0,NO_ESDB_GENERAL_EVIDENCE,,,,,,,REJECTED_AUTO,0,0,0,,,,,0,0,0,ESDB_V0_4
7249,7386,packing,-11.5823,1,PASS,35,,n_v;n,pack;packing,FORM;LEMMA,,MASTER,0,0,0,,,,,0,0,0,ESDB_V0_4
7250,7387,peru,-11.5823,0,NOT_EXACT_EN_US,,,,,,,REJECTED_AUTO,0,0,0,,,,,0,0,0,ESDB_V0_4
7251,7388,pipes,-11.5823,1,PASS,35,,n_v,pipe,FORM,,MASTER,0,1,0,,pipe,,,1,0,0,ESDB_V0_4
7252,7389,pittsburgh,-11.5823,0,NOT_EXACT_EN_US,,,,,,,REJECTED_AUTO,0,0,0,,,,,0,0,0,ESDB_V0_4
7253,7390,portable,-11.5823,1,PASS,35,,n;aj,portable,LEMMA,,MASTER,0,0,0,,,,,0,0,0,ESDB_V0_4
7254,7391,posters,-11.5823,1,PASS,35,,n,poster,FORM,,MASTER,0,1,0,,poster,,,1,0,0,ESDB_V0_4
7255,7392,praying,-11.5823,1,PASS,35,,v;n,pray;praying,FORM;LEMMA,,MASTER,0,1,1,,,spraying,,0,1,0,ESDB_V0_4
7256,7393,prizes,-11.5823,1,PASS,35,,n;v;n_v,prize,FORM,,MASTER,0,1,0,,prize,,,1,0,0,ESDB_V0_4
7257,7394,prohibited,-11.5823,1,PASS,35,,v;aj,prohibit;prohibited,FORM;LEMMA,,MASTER,0,0,0,,,,,0,0,0,ESDB_V0_4
7258,7395,pursuing,-11.5823,1,PASS,35,,v;aj,pursue;pursuing,FORM;LEMMA,,MASTER,0,0,0,,,,,0,0,0,ESDB_V0_4
7259,7396,queens,-11.5823,1,PASS,35,50,n_v,queen,FORM,,MASTER,0,1,0,,queen,,,1,0,0,ESDB_V0_4
7260,7397,raymond,-11.5823,0,NOT_EXACT_EN_US,,,,,,,REJECTED_AUTO,0,0,0,,,,,0,0,0,ESDB_V0_4
7261,7398,recruitment,-11.5823,1,PASS,35,,n,recruitment,LEMMA,,MASTER,0,0,0,,,,,0,0,0,ESDB_V0_4
7262,7399,referendum,-11.5823,1,PASS,35,,n,referendum,LEMMA,,MASTER,0,0,0,,,,,0,0,0,ESDB_V0_4
7263,7400,reflecting,-11.5823,1,PASS,35,,v;aj,reflect;reflecting,FORM;LEMMA,,MASTER,0,0,0,,,,,0,0,0,ESDB_V0_4
7264,7401,refuses,-11.5823,1,PASS,35,,v,refuse,FORM,,MASTER,0,1,0,,refuse,,,1,0,0,ESDB_V0_4
7265,7402,renowned,-11.5823,1,PASS,35,,aj,renowned,LEMMA,,MASTER,0,0,0,,,,,0,0,0,ESDB_V0_4
7266,7403,rides,-11.5823,1,PASS,35,,n_v,ride,FORM,,MASTER,0,1,1,,ride,brides,,1,1,0,ESDB_V0_4
7267,7404,rumors,-11.5823,1,PASS,35,,n_v,rumor,FORM,,MASTER,0,1,0,,rumor,,,1,0,0,ESDB_V0_4
7268,7405,sanctions,-11.5823,1,PASS,35,,n_v,sanction,FORM,,MASTER,0,1,0,,sanction,,,1,0,0,ESDB_V0_4
7269,7406,segments,-11.5823,1,PASS,35,,n_v,segment,FORM,,MASTER,0,1,0,,segment,,,1,0,0,ESDB_V0_4
7270,7407,shakespeare,-11.5823,0,NOT_EXACT_EN_US,,,,,,,REJECTED_AUTO,0,0,0,,,,,0,0,0,ESDB_V0_4
7271,7408,shining,-11.5823,1,PASS,35,,n_v;v;n;aj,shine;shining,FORM;LEMMA,,MASTER,0,0,0,,,,,0,0,0,ESDB_V0_4
7272,7409,shooter,-11.5823,1,PASS,50,,n,shooter,LEMMA,,MASTER,0,1,1,,,,shooters,0,1,1,ESDB_V0_4
7273,7410,slope,-11.5823,1,PASS,35,,n_v,slope,LEMMA,,MASTER,0,1,1,,,,slopes,0,1,1,ESDB_V0_4
7274,7411,slower,-11.5823,1,PASS,35,,aj_av,slow,FORM,,MASTER,0,1,0,lower,,,,1,0,0,ESDB_V0_4
7275,7412,sober,-11.5823,1,PASS,35,,v;aj,sober,LEMMA,,MASTER,0,0,0,,,,,0,0,0,ESDB_V0_4
7276,7413,spelling,-11.5823,1,PASS,35,,n_v;n,spell;spelling,FORM;LEMMA,,MASTER,0,0,0,,,,,0,0,0,ESDB_V0_4
7277,7414,sr,-11.5823,0,NOT_EXACT_EN_US,,,,,,,REJECTED_AUTO,0,0,0,,,,,0,0,0,ESDB_V0_4
7278,7415,starring,-11.5823,1,PASS,35,,n_v;aj,star;starring,FORM;LEMMA,,MASTER,0,0,0,,,,,0,0,0,ESDB_V0_4
7279,7416,streak,-11.5823,1,PASS,35,,n_v,streak,LEMMA,,MASTER,0,0,0,,,,,0,0,0,ESDB_V0_4
7280,7417,sufficiently,-11.5823,1,PASS,35,,av,sufficiently,LEMMA,,MASTER,0,0,0,,,,,0,0,0,ESDB_V0_4
7281,7418,superintendent,-11.5823,1,PASS,35,,n;a,superintendent,LEMMA,,MASTER,0,0,0,,,,,0,0,0,ESDB_V0_4
7282,7419,surgical,-11.5823,1,PASS,35,,aj,surgical,LEMMA,,MASTER,0,0,0,,,,,0,0,0,ESDB_V0_4
7283,7420,sympathy,-11.5823,1,PASS,35,,n,sympathy,LEMMA,,MASTER,0,0,0,,,,,0,0,0,ESDB_V0_4
7284,7421,talents,-11.5823,1,PASS,35,,n,talent,FORM,,MASTER,0,1,0,,talent,,,1,0,0,ESDB_V0_4
7285,7422,tense,-11.5823,1,PASS,35,,n_v;aj,tense,LEMMA,,MASTER,0,1,0,,tens,,,1,0,0,ESDB_V0_4
7286,7423,terrain,-11.5823,1,PASS,35,,n,terrain,LEMMA,,MASTER,0,0,0,,,,,0,0,0,ESDB_V0_4
7287,7424,theology,-11.5823,1,PASS,35,,n,theology,LEMMA,,MASTER,0,0,0,,,,,0,0,0,ESDB_V0_4
7288,7425,thirds,-11.5823,1,PASS,35,,n,third,FORM,,MASTER,0,1,0,,third,,,1,0,0,ESDB_V0_4
7289,7426,titled,-11.5823,1,PASS,35,,n_v;aj,title;titled,FORM;LEMMA,,MASTER,0,1,0,,title,,,1,0,0,ESDB_V0_4
7290,7427,translate,-11.5823,1,PASS,35,,v,translate,LEMMA,,MASTER,0,1,1,,,,translated;translates,0,2,2,ESDB_V0_4
7291,7428,verified,-11.5823,1,PASS,35,,aj;v,verified;verify,LEMMA;FORM,,MASTER,0,0,0,,,,,0,0,0,ESDB_V0_4
7292,7429,voltage,-11.5823,1,PASS,35,,n,voltage,LEMMA,,MASTER,0,0,0,,,,,0,0,0,ESDB_V0_4
7293,7430,voyage,-11.5823,1,PASS,35,,n_v,voyage,LEMMA,,MASTER,0,1,1,,,,voyager;voyages,0,2,1,ESDB_V0_4
7294,7431,whale,-11.5823,1,PASS,35,,n;v,whale,LEMMA;FORM,,MASTER,0,1,1,hale,,,whales,1,1,1,ESDB_V0_4
7295,7432,wishing,-11.5823,1,PASS,35,,n_v;n,wish;wishing,FORM;LEMMA,,MASTER,0,0,0,,,,,0,0,0,ESDB_V0_4
7296,7433,xd,-11.5823,0,NOT_EXACT_EN_US,,,,,,,REJECTED_AUTO,0,0,0,,,,,0,0,0,ESDB_V0_4
7297,7434,yay,-11.5823,0,NOT_EXACT_EN_US,,,,,,,REJECTED_AUTO,0,0,0,,,,,0,0,0,ESDB_V0_4
7298,7436,absorbed,-11.605,1,PASS,35,,v;aj,absorb;absorbed,FORM;LEMMA,,MASTER,0,0,0,,,,,0,0,0,ESDB_V0_4
7299,7437,adorable,-11.605,1,PASS,35,,aj,adorable,LEMMA,,MASTER,0,0,0,,,,,0,0,0,ESDB_V0_4
7300,7438,affiliate,-11.605,1,PASS,35,,n_v,affiliate,LEMMA,,MASTER,0,1,1,,,,affiliated;affiliates,0,2,2,ESDB_V0_4
7301,7439,analyst,-11.605,1,PASS,35,,n,analyst,LEMMA,,MASTER,0,1,1,,,,analysts,0,1,1,ESDB_V0_4
7302,7440,archbishop,-11.605,1,PASS,35,,n,archbishop,LEMMA,,MASTER,0,0,0,,,,,0,0,0,ESDB_V0_4
7303,7441,audit,-11.605,1,PASS,35,,n_v,audit,LEMMA,,MASTER,0,0,0,,,,,0,0,0,ESDB_V0_4
7304,7442,biblical,-11.605,1,PASS,35,35,aj,biblical,LEMMA,,MASTER,0,0,0,,,,,0,0,0,ESDB_V0_4
7305,7443,bicycle,-11.605,1,PASS,35,,n_v,bicycle,LEMMA,,MASTER,0,1,1,,,,bicycles,0,1,1,ESDB_V0_4
7306,7444,blend,-11.605,1,PASS,35,,n_v,blend,LEMMA,,MASTER,0,1,1,lend,,,blends,1,1,1,ESDB_V0_4
7307,7445,bounce,-11.605,1,PASS,35,,n_v,bounce,LEMMA,,MASTER,0,1,1,ounce,,,bounced,1,1,1,ESDB_V0_4
7308,7446,brandon,-11.605,0,NOT_EXACT_EN_US,,,,,,,REJECTED_AUTO,0,0,0,,,,,0,0,0,ESDB_V0_4
7309,7447,bugs,-11.605,1,PASS,35,,n_v,bug,FORM,,MASTER,0,1,0,,bug,,,1,0,0,ESDB_V0_4
7310,7448,calculations,-11.605,1,PASS,35,,n,calculation,FORM,,MASTER,0,1,0,,calculation,,,1,0,0,ESDB_V0_4
7311,7449,calories,-11.605,1,PASS,35,,n,calorie,FORM,,MASTER,0,1,0,,calorie,,,1,0,0,ESDB_V0_4
7312,7450,cam,-11.605,1,PASS,35,60,n,cam,LEMMA,,MASTER,0,1,1,am,,scam,came;camp,1,3,0,ESDB_V0_4
7313,7451,celtic,-11.605,0,NOT_EXACT_EN_US,,,,,,,REJECTED_AUTO,0,0,0,,,,,0,0,0,ESDB_V0_4
7314,7452,clarify,-11.605,1,PASS,35,,v,clarify,LEMMA,,MASTER,0,0,0,,,,,0,0,0,ESDB_V0_4
7315,7453,cleaned,-11.605,1,PASS,35,,v,clean,FORM,,MASTER,0,1,0,leaned,,,,1,0,0,ESDB_V0_4
7316,7454,cloth,-11.605,1,PASS,35,,n,cloth,LEMMA,,MASTER,0,0,0,,,,,0,0,0,ESDB_V0_4
7317,7455,cluster,-11.605,1,PASS,35,,n_v,cluster,LEMMA,,MASTER,0,1,1,,,,clusters,0,1,1,ESDB_V0_4
7318,7456,commanded,-11.605,1,PASS,35,,n_v,command,FORM,,MASTER,0,0,0,,,,,0,0,0,ESDB_V0_4
7319,7457,complications,-11.605,1,PASS,35,,n,complication,FORM,,MASTER,0,1,0,,complication,,,1,0,0,ESDB_V0_4
7320,7458,conjunction,-11.605,1,PASS,35,,n,conjunction,LEMMA,,MASTER,0,0,0,,,,,0,0,0,ESDB_V0_4
7321,7459,connecticut,-11.605,0,NOT_EXACT_EN_US,,,,,,,REJECTED_AUTO,0,0,0,,,,,0,0,0,ESDB_V0_4
7322,7460,cottage,-11.605,1,PASS,35,,n,cottage,LEMMA,,MASTER,0,1,1,,,,cottages,0,1,1,ESDB_V0_4
7323,7461,counties,-11.605,1,PASS,35,,n,county,FORM,,MASTER,0,0,0,,,,,0,0,0,ESDB_V0_4
7324,7462,countless,-11.605,1,PASS,35,,aj,countless,LEMMA,,MASTER,0,0,0,,,,,0,0,0,ESDB_V0_4
7325,7463,crews,-11.605,1,PASS,35,,n_v,crew,FORM,,MASTER,0,1,1,,crew,screws,,1,1,0,ESDB_V0_4
7326,7464,dancer,-11.605,1,PASS,35,,n,dancer,LEMMA,,MASTER,0,1,1,,dance,,dancers,1,1,1,ESDB_V0_4
7327,7465,decisive,-11.605,1,PASS,35,,aj,decisive,LEMMA,,MASTER,0,0,0,,,,,0,0,0,ESDB_V0_4
7328,7466,decree,-11.605,1,PASS,35,,n_v,decree,LEMMA,,MASTER,0,0,0,,,,,0,0,0,ESDB_V0_4
7329,7467,delegation,-11.605,1,PASS,35,,n,delegation,LEMMA,,MASTER,0,0,0,,,,,0,0,0,ESDB_V0_4
7330,7468,dimensional,-11.605,1,PASS,35,,aj,dimensional,LEMMA,,MASTER,0,0,0,,,,,0,0,0,ESDB_V0_4
7331,7469,doug,-11.605,0,NOT_EXACT_EN_US,,,,,,,REJECTED_AUTO,0,0,0,,,,,0,0,0,ESDB_V0_4
7332,7470,dramatically,-11.605,1,PASS,35,,av,dramatically,LEMMA,,MASTER,0,0,0,,,,,0,0,0,ESDB_V0_4
7333,7471,easiest,-11.605,1,PASS,35,,aj_av,easy,FORM,,MASTER,0,0,0,,,,,0,0,0,ESDB_V0_4
7334,7472,emails,-11.605,1,PASS,35,,n_v,email,FORM,,MASTER,0,1,0,mails,email,,,2,0,0,ESDB_V0_4
7335,7473,enables,-11.605,1,PASS,35,,v,enable,FORM,,MASTER,0,1,0,,enable,,,1,0,0,ESDB_V0_4
7336,7474,entities,-11.605,1,PASS,35,,n,entity,FORM,,MASTER,0,0,0,,,,,0,0,0,ESDB_V0_4
7337,7475,examining,-11.605,1,PASS,35,,v,examine,FORM,,MASTER,0,0,0,,,,,0,0,0,ESDB_V0_4
7338,7476,eyed,-11.605,1,PASS,35,,v;aj,eye;eyed,FORM;LEMMA,,MASTER,0,1,0,,eye,,,1,0,0,ESDB_V0_4
7339,7477,freight,-11.605,1,PASS,35,,n_v,freight,LEMMA,,MASTER,0,0,0,,,,,0,0,0,ESDB_V0_4
7340,7478,generating,-11.605,1,PASS,35,,v,generate,FORM,,MASTER,0,0,0,,,,,0,0,0,ESDB_V0_4
7341,7479,gosh,-11.605,1,PASS,35,,i,gosh,LEMMA,,MASTER,0,0,0,,,,,0,0,0,ESDB_V0_4
7342,7480,hats,-11.605,1,PASS,35,,n_v,hat,FORM,,MASTER,0,1,0,,hat,,,1,0,0,ESDB_V0_4
7343,7481,hebrew,-11.605,0,NOT_EXACT_EN_US,,,,,,,REJECTED_AUTO,0,0,0,,,,,0,0,0,ESDB_V0_4
7344,7482,heck,-11.605,1,PASS,40,,n;i,heck,LEMMA,,MASTER,0,1,1,,,check,,0,1,0,ESDB_V0_4
7345,7483,holders,-11.605,1,PASS,35,,n,holder,FORM,,MASTER,0,1,0,,holder,,,1,0,0,ESDB_V0_4
7346,7484,hugh,-11.605,0,NOT_EXACT_EN_US,,,,,,,REJECTED_AUTO,0,0,0,,,,,0,0,0,ESDB_V0_4
7347,7485,illusion,-11.605,1,PASS,35,,n,illusion,LEMMA,,MASTER,0,1,1,,,,illusions,0,1,1,ESDB_V0_4
7348,7486,infantry,-11.605,1,PASS,35,,n,infantry,LEMMA,,MASTER,0,0,0,,,,,0,0,0,ESDB_V0_4
7349,7487,ios,-11.605,0,NOT_EXACT_EN_US,,,,,,,REJECTED_AUTO,0,0,0,,,,,0,0,0,ESDB_V0_4
7350,7488,jacques,-11.605,0,NOT_EXACT_EN_US,,,,,,,REJECTED_AUTO,0,0,0,,,,,0,0,0,ESDB_V0_4
7351,7489,kilometres,-11.605,0,NOT_EXACT_EN_US,,,,,,,REJECTED_AUTO,0,0,0,,,,,0,0,0,ESDB_V0_4
7352,7490,kissing,-11.605,1,PASS,35,,n_v;n,kiss;kissing,FORM;LEMMA,,MASTER,0,0,0,,,,,0,0,0,ESDB_V0_4
7353,7491,lame,-11.605,1,PASS,35,,n;v;aj,lame,LEMMA,,MASTER,0,1,1,,lam,blame;flame,,1,2,0,ESDB_V0_4
7354,7492,launching,-11.605,1,PASS,35,,n_v;n,launch;launching,FORM;LEMMA,,MASTER,0,0,0,,,,,0,0,0,ESDB_V0_4
7355,7493,lectures,-11.605,1,PASS,35,,n_v,lecture,FORM,,MASTER,0,1,0,,lecture,,,1,0,0,ESDB_V0_4
7356,7494,likelihood,-11.605,1,PASS,35,,n,likelihood,LEMMA,,MASTER,0,0,0,,,,,0,0,0,ESDB_V0_4
7357,7495,lou,-11.605,0,NOT_EXACT_EN_US,,,,,,,REJECTED_AUTO,0,0,0,,,,,0,0,0,ESDB_V0_4
7358,7496,mainland,-11.605,1,PASS,35,,n;a,mainland,LEMMA,,MASTER,0,0,0,,,,,0,0,0,ESDB_V0_4
7359,7497,mega,-11.605,1,PASS,60,,a,mega,LEMMA,,MASTER,0,1,1,,meg,omega,,1,1,0,ESDB_V0_4
7360,7498,midst,-11.605,1,PASS,35,,n;c,midst,LEMMA,,MASTER,0,0,0,,,,,0,0,0,ESDB_V0_4
7361,7499,missiles,-11.605,1,PASS,35,,n,missile,FORM,,MASTER,0,1,0,,missile,,,1,0,0,ESDB_V0_4
7362,7500,missionary,-11.605,1,PASS,35,,n;aj,missionary,LEMMA,,MASTER,0,0,0,,,,,0,0,0,ESDB_V0_4
7363,7501,monument,-11.605,1,PASS,35,,n,monument,LEMMA,,MASTER,0,1,1,,,,monuments,0,1,1,ESDB_V0_4
7364,7502,norm,-11.605,1,PASS,35,,n,norm,LEMMA,,MASTER,0,1,1,,nor,,norms,1,1,1,ESDB_V0_4
7365,7503,norwegian,-11.605,0,NOT_EXACT_EN_US,,,,,,,REJECTED_AUTO,0,0,0,,,,,0,0,0,ESDB_V0_4
7366,7504,nut,-11.605,1,PASS,35,,n_v,nut,LEMMA,,MASTER,0,1,1,,nu,,nuts,1,1,1,ESDB_V0_4
7367,7505,outline,-11.605,1,PASS,35,,n_v,outline,LEMMA,,MASTER,0,1,1,,,,outlined;outlines,0,2,2,ESDB_V0_4
7368,7506,pause,-11.605,1,PASS,35,,n_v,pause,LEMMA,,MASTER,0,1,1,,,,paused,0,1,1,ESDB_V0_4
7369,7507,persistent,-11.605,1,PASS,35,,aj,persistent,LEMMA,,MASTER,0,0,0,,,,,0,0,0,ESDB_V0_4
7370,7508,ph,-11.605,0,NOT_EXACT_EN_US,,,,,,,REJECTED_AUTO,0,0,0,,,,,0,0,0,ESDB_V0_4
7371,7509,phillips,-11.605,0,NOT_EXACT_EN_US,,,,,,,REJECTED_AUTO,0,0,0,,,,,0,0,0,ESDB_V0_4
7372,7510,pierce,-11.605,1,PASS,35,50,v,pierce,LEMMA,,MASTER,0,1,1,,,,pierced,0,1,1,ESDB_V0_4
7373,7511,printer,-11.605,1,PASS,35,,n,printer,LEMMA,,MASTER,0,1,1,,,,printers,0,1,1,ESDB_V0_4
7374,7512,prints,-11.605,1,PASS,35,,n_v,print,FORM,,MASTER,0,1,0,,print,,,1,0,0,ESDB_V0_4
7375,7513,puerto,-11.605,0,NOT_EXACT_EN_US,,,,,,,REJECTED_AUTO,0,0,0,,,,,0,0,0,ESDB_V0_4
7376,7514,punish,-11.605,1,PASS,35,,v,punish,LEMMA,,MASTER,0,0,0,,,,,0,0,0,ESDB_V0_4
7377,7515,pursued,-11.605,1,PASS,35,,v;n;aj,pursue;pursued,FORM;LEMMA,,MASTER,0,1,0,,pursue,,,1,0,0,ESDB_V0_4
7378,7516,regiment,-11.605,1,PASS,35,,n_v,regiment,LEMMA,,MASTER,0,1,1,,regimen,,regiments,1,1,1,ESDB_V0_4
7379,7517,relieved,-11.605,1,PASS,35,,v;aj,relieve;relieved,FORM;LEMMA,,MASTER,0,1,0,,relieve,,,1,0,0,ESDB_V0_4
7380,7518,repairs,-11.605,1,PASS,35,,n_v,repair,FORM,,MASTER,0,1,0,,repair,,,1,0,0,ESDB_V0_4
7381,7519,revival,-11.605,1,PASS,35,,n,revival,LEMMA,,MASTER,0,0,0,,,,,0,0,0,ESDB_V0_4
7382,7520,romans,-11.605,0,NOT_EXACT_EN_US,,,,,,,REJECTED_AUTO,0,0,0,,,,,0,0,0,ESDB_V0_4
7383,7521,sara,-11.605,0,NOT_EXACT_EN_US,,,,,,,REJECTED_AUTO,0,0,0,,,,,0,0,0,ESDB_V0_4
7384,7522,scout,-11.605,1,PASS,35,,n_v,scout,LEMMA,,MASTER,0,1,1,,,,scouts,0,1,1,ESDB_V0_4
7385,7523,searched,-11.605,1,PASS,35,,n_v,search,FORM,,MASTER,0,0,0,,,,,0,0,0,ESDB_V0_4
7386,7524,sheer,-11.605,1,PASS,35,,n_v;aj_av,sheer,LEMMA,,MASTER,0,0,0,,,,,0,0,0,ESDB_V0_4
7387,7525,shifted,-11.605,1,PASS,35,,n_v,shift,FORM,,MASTER,0,0,0,,,,,0,0,0,ESDB_V0_4
7388,7526,shipped,-11.605,1,PASS,35,,n_v,ship,FORM,,MASTER,0,0,0,,,,,0,0,0,ESDB_V0_4
7389,7527,skinny,-11.605,1,PASS,35,,n;aj,skinny,LEMMA,,MASTER,0,0,0,,,,,0,0,0,ESDB_V0_4
7390,7528,solving,-11.605,1,PASS,35,,v;n,solve;solving,FORM;LEMMA,,MASTER,0,0,0,,,,,0,0,0,ESDB_V0_4
7391,7529,stakes,-11.605,1,PASS,35,,n_v,stake,FORM,,MASTER,0,1,0,takes,stake,,,2,0,0,ESDB_V0_4
7392,7530,stark,-11.605,1,PASS,35,50,aj_av,stark,LEMMA,,MASTER,0,1,0,,star,,,1,0,0,ESDB_V0_4
7393,7531,subsidiary,-11.605,1,PASS,35,,n;aj,subsidiary,LEMMA,,MASTER,0,0,0,,,,,0,0,0,ESDB_V0_4
7394,7532,suburbs,-11.605,1,PASS,35,,n,suburb,FORM,,MASTER,0,1,0,,suburb,,,1,0,0,ESDB_V0_4
7395,7533,supposedly,-11.605,1,PASS,35,,av,supposedly,LEMMA,,MASTER,0,0,0,,,,,0,0,0,ESDB_V0_4
7396,7534,swept,-11.605,1,PASS,35,,n_v;aj,sweep;swept,FORM;LEMMA,,MASTER,0,1,0,wept,,,,1,0,0,ESDB_V0_4
7397,7535,teenagers,-11.605,1,PASS,35,,n,teenager,FORM,,MASTER,0,1,0,,teenager,,,1,0,0,ESDB_V0_4
7398,7536,theirs,-11.605,1,PASS,35,,pn,they,FORM,,MASTER,0,1,0,heirs,their,,,2,0,0,ESDB_V0_4
7399,7537,thereafter,-11.605,1,PASS,35,,av,thereafter,LEMMA,,MASTER,0,1,0,hereafter,,,,1,0,0,ESDB_V0_4
7400,7538,tomb,-11.605,1,PASS,35,,n_v,tomb,LEMMA,,MASTER,0,1,1,,,,tombs,0,1,1,ESDB_V0_4
7401,7539,transparency,-11.605,1,PASS,35,,n,transparency,LEMMA,,MASTER,0,0,0,,,,,0,0,0,ESDB_V0_4
7402,7540,twisted,-11.605,1,PASS,35,,n_v;aj,twist;twisted,FORM;LEMMA,,MASTER,0,0,0,,,,,0,0,0,ESDB_V0_4
7403,7541,usd,-11.605,0,NOT_EXACT_EN_US,,,,,,,REJECTED_AUTO,0,0,0,,,,,0,0,0,ESDB_V0_4
7404,7542,vaccine,-11.605,1,PASS,35,,n,vaccine,LEMMA,,MASTER,0,1,1,,,,vaccines,0,1,1,ESDB_V0_4
7405,7543,vegetable,-11.605,1,PASS,35,,n;a,vegetable,LEMMA,,MASTER,0,1,1,,,,vegetables,0,1,1,ESDB_V0_4
7406,7544,violations,-11.605,1,PASS,35,,n,violation,FORM,,MASTER,0,1,0,,violation,,,1,0,0,ESDB_V0_4
7407,7545,virtue,-11.605,1,PASS,35,,n,virtue,LEMMA,,MASTER,0,1,1,,,,virtues,0,1,1,ESDB_V0_4
7408,7546,wi,-11.605,0,NOT_EXACT_EN_US,,,,,,,REJECTED_AUTO,0,0,0,,,,,0,0,0,ESDB_V0_4
7409,7547,withdrawn,-11.605,1,PASS,35,,v;aj,withdraw;withdrawn,FORM;LEMMA,,MASTER,0,1,0,,withdraw,,,1,0,0,ESDB_V0_4
7410,7550,abused,-11.6283,1,PASS,35,,n_v;aj,abuse;abused,FORM;LEMMA,,MASTER,0,1,0,,abuse,,,1,0,0,ESDB_V0_4
7411,7551,accounted,-11.6283,1,PASS,35,,n_v,account,FORM,,MASTER,0,0,0,,,,,0,0,0,ESDB_V0_4
7412,7552,advisor,-11.6283,1,PASS,35,,n,advisor,LEMMA,,MASTER,0,1,1,,,,advisory;advisors,0,2,1,ESDB_V0_4
7413,7553,advocates,-11.6283,1,PASS,35,,n_v,advocate,FORM,,MASTER,0,1,0,,advocate,,,1,0,0,ESDB_V0_4
7414,7554,aggregate,-11.6283,1,PASS,35,,n_v;aj,aggregate,LEMMA,,MASTER,0,0,0,,,,,0,0,0,ESDB_V0_4
7415,7555,aliens,-11.6283,1,PASS,35,,n,alien,FORM,,MASTER,0,1,0,,alien,,,1,0,0,ESDB_V0_4
7416,7556,alot,-11.6283,0,NOT_EXACT_EN_US,,,,,,,REJECTED_AUTO,0,0,0,,,,,0,0,0,ESDB_V0_4
7417,7557,annie,-11.6283,0,NOT_EXACT_EN_US,,,,,,,REJECTED_AUTO,0,0,0,,,,,0,0,0,ESDB_V0_4
7418,7558,badge,-11.6283,1,PASS,35,,n,badge,LEMMA,,MASTER,0,1,1,,,,badger;badges,0,2,1,ESDB_V0_4
7419,7559,blonde,-11.6283,1,PASS,35,,n;aj,blonde,LEMMA,,MASTER,0,1,0,,blond,,,1,0,0,ESDB_V0_4
7420,7560,boarding,-11.6283,1,PASS,35,,n_v;n,board;boarding,FORM;LEMMA,,MASTER,0,0,0,,,,,0,0,0,ESDB_V0_4
7421,7561,booked,-11.6283,1,PASS,35,,n_v;aj,book;booked,FORM;LEMMA,,MASTER,0,0,0,,,,,0,0,0,ESDB_V0_4
7422,7562,brady,-11.6283,0,NOT_EXACT_EN_US,,,,,,,REJECTED_AUTO,0,0,0,,,,,0,0,0,ESDB_V0_4
7423,7563,bristol,-11.6283,0,NOT_EXACT_EN_US,,,,,,,REJECTED_AUTO,0,0,0,,,,,0,0,0,ESDB_V0_4
7424,7564,bulls,-11.6283,1,PASS,35,,n_v,bull,FORM,,MASTER,0,1,0,,bull,,,1,0,0,ESDB_V0_4
7425,7565,businessman,-11.6283,1,PASS,35,,n,businessman,LEMMA,,MASTER,0,0,0,,,,,0,0,0,ESDB_V0_4
7426,7566,calculate,-11.6283,1,PASS,35,,v,calculate,LEMMA,,MASTER,0,1,1,,,,calculated,0,1,1,ESDB_V0_4
7427,7567,capitalist,-11.6283,1,PASS,35,,n;aj,capitalist,LEMMA,,MASTER,0,1,1,,,,capitalists,0,1,1,ESDB_V0_4
7428,7568,casualties,-11.6283,1,PASS,35,,n,casualty,FORM,,MASTER,0,0,0,,,,,0,0,0,ESDB_V0_4
7429,7569,catalogue,-11.6283,0,NOT_EXACT_EN_US,,,,,,,REJECTED_AUTO,0,0,0,,,,,0,0,0,ESDB_V0_4
7430,7570,catholics,-11.6283,0,NOT_EXACT_EN_US,,,,,,,REJECTED_AUTO,0,0,0,,,,,0,0,0,ESDB_V0_4
7431,7571,certainty,-11.6283,1,PASS,35,,n,certainty,LEMMA,,MASTER,0,0,0,,,,,0,0,0,ESDB_V0_4
7432,7572,champagne,-11.6283,1,PASS,35,,n,champagne,LEMMA,,MASTER,0,0,0,,,,,0,0,0,ESDB_V0_4
7433,7573,chi,-11.6283,1,PASS,35,50,n,chi,LEMMA,,MASTER,0,1,1,hi,,,chip;chin;chic,1,3,0,ESDB_V0_4
7434,7575,clash,-11.6283,1,PASS,35,,n_v,clash,LEMMA,,MASTER,0,1,0,lash,,,,1,0,0,ESDB_V0_4
7435,7576,closes,-11.6283,1,PASS,35,,n_v,close,FORM,,MASTER,0,1,1,loses,close,,closest,2,1,0,ESDB_V0_4
7436,7577,colleague,-11.6283,1,PASS,35,,n,colleague,LEMMA,,MASTER,0,1,1,,,,colleagues,0,1,1,ESDB_V0_4
7437,7578,competent,-11.6283,1,PASS,35,,aj,competent,LEMMA,,MASTER,0,0,0,,,,,0,0,0,ESDB_V0_4
7438,7579,comply,-11.6283,1,PASS,35,,v,comply,LEMMA,,MASTER,0,0,0,,,,,0,0,0,ESDB_V0_4
7439,7580,congo,-11.6283,0,NOT_EXACT_EN_US,,,,,,,REJECTED_AUTO,0,0,0,,,,,0,0,0,ESDB_V0_4
7440,7581,congrats,-11.6283,1,PASS,60,,n,congrats,LEMMA,,MASTER,0,0,0,,,,,0,0,0,ESDB_V0_4
7441,7582,cookie,-11.6283,1,PASS,35,,n,cookie,LEMMA,,MASTER,0,1,1,,,,cookies,0,1,1,ESDB_V0_4
7442,7583,cowboys,-11.6283,1,PASS,35,,n,cowboy,FORM,,MASTER,0,1,0,,cowboy,,,1,0,0,ESDB_V0_4
7443,7584,crowded,-11.6283,1,PASS,35,,n_v;aj,crowd;crowded,FORM;LEMMA,,MASTER,0,0,0,,,,,0,0,0,ESDB_V0_4
7444,7585,das,-11.6283,0,NOT_EXACT_EN_US,,,,,,,REJECTED_AUTO,0,0,0,,,,,0,0,0,ESDB_V0_4
7445,7586,dash,-11.6283,1,PASS,35,,n_v,dash,LEMMA,,MASTER,0,1,0,ash,,,,1,0,0,ESDB_V0_4
7446,7587,defendant,-11.6283,1,PASS,35,,n,defendant,LEMMA,,MASTER,0,1,1,,,,defendants,0,1,1,ESDB_V0_4
7447,7588,demons,-11.6283,1,PASS,35,,n,demon,FORM,,MASTER,0,1,0,,demon,,,1,0,0,ESDB_V0_4
7448,7589,dense,-11.6283,1,PASS,35,,aj,dense,LEMMA,,MASTER,0,0,0,,,,,0,0,0,ESDB_V0_4
7449,7590,derek,-11.6283,0,NOT_EXACT_EN_US,,,,,,,REJECTED_AUTO,0,0,0,,,,,0,0,0,ESDB_V0_4
7450,7591,dock,-11.6283,1,PASS,35,,n_v,dock,LEMMA,,MASTER,0,1,1,,doc,,docks,1,1,1,ESDB_V0_4
7451,7592,dragged,-11.6283,1,PASS,35,,n_v,drag,FORM,,MASTER,0,0,0,,,,,0,0,0,ESDB_V0_4
7452,7593,employ,-11.6283,1,PASS,35,,n;v,employ,LEMMA,,MASTER,0,1,1,,,,employs,0,1,1,ESDB_V0_4
7453,7594,exile,-11.6283,1,PASS,35,,n_v,exile,LEMMA,,MASTER,0,1,1,,,,exiled,0,1,1,ESDB_V0_4
7454,7595,expose,-11.6283,1,PASS,35,,n_v,expose,LEMMA,,MASTER,0,1,1,,,,exposed;exposes,0,2,2,ESDB_V0_4
7455,7596,fabulous,-11.6283,1,PASS,35,,aj,fabulous,LEMMA,,MASTER,0,0,0,,,,,0,0,0,ESDB_V0_4
7456,7597,fisher,-11.6283,1,PASS,35,50,n,fisher,LEMMA,,MASTER,0,1,1,,,,fishery,0,1,0,ESDB_V0_4
7457,7598,flour,-11.6283,1,PASS,35,,n;v,flour,LEMMA,,MASTER,0,0,0,,,,,0,0,0,ESDB_V0_4
7458,7599,foreigners,-11.6283,1,PASS,35,,n,foreigner,FORM,,MASTER,0,1,0,,foreigner,,,1,0,0,ESDB_V0_4
7459,7600,forgetting,-11.6283,1,PASS,35,,v;n,forget;forgetting,FORM;LEMMA,,MASTER,0,0,0,,,,,0,0,0,ESDB_V0_4
7460,7601,freshman,-11.6283,1,PASS,35,,n,freshman,LEMMA,,MASTER,0,0,0,,,,,0,0,0,ESDB_V0_4
7461,7602,frustration,-11.6283,1,PASS,35,,n,frustration,LEMMA,,MASTER,0,0,0,,,,,0,0,0,ESDB_V0_4
7462,7603,fusion,-11.6283,1,PASS,35,,n,fusion,LEMMA,,MASTER,0,0,0,,,,,0,0,0,ESDB_V0_4
7463,7604,grocery,-11.6283,1,PASS,35,,n,grocery,LEMMA,,MASTER,0,0,0,,,,,0,0,0,ESDB_V0_4
7464,7605,hindu,-11.6283,0,NOT_EXACT_EN_US,,,,,,,REJECTED_AUTO,0,0,0,,,,,0,0,0,ESDB_V0_4
7465,7606,hon,-11.6283,1,PASS,60,,n,hon,LEMMA,,MASTER,0,1,0,on,ho,,,2,0,0,ESDB_V0_4
7466,7607,immigrant,-11.6283,1,PASS,35,,n;a,immigrant,LEMMA,,MASTER,0,1,1,,,,immigrants,0,1,1,ESDB_V0_4
7467,7608,indie,-11.6283,1,PASS,60,,n;aj,indie,LEMMA,,MASTER,0,0,0,,,,,0,0,0,ESDB_V0_4
7468,7609,isaac,-11.6283,0,NOT_EXACT_EN_US,,,,,,,REJECTED_AUTO,0,0,0,,,,,0,0,0,ESDB_V0_4
7469,7610,jackie,-11.6283,0,NOT_EXACT_EN_US,,,,,,,REJECTED_AUTO,0,0,0,,,,,0,0,0,ESDB_V0_4
7470,7611,jefferson,-11.6283,0,NOT_EXACT_EN_US,,,,,,,REJECTED_AUTO,0,0,0,,,,,0,0,0,ESDB_V0_4
7471,7612,lanes,-11.6283,1,PASS,35,,n,lane,FORM,,MASTER,0,1,1,,lane,planes,,1,1,0,ESDB_V0_4
7472,7613,lend,-11.6283,1,PASS,35,,v,lend,LEMMA,,MASTER,0,1,1,end,,blend,lends,1,2,1,ESDB_V0_4
7473,7614,liking,-11.6283,1,PASS,35,,n_v;n,like;liking,FORM;LEMMA,,MASTER,0,0,0,,,,,0,0,0,ESDB_V0_4
7474,7615,lounge,-11.6283,1,PASS,35,,n_v,lounge,LEMMA,,MASTER,0,0,0,,,,,0,0,0,ESDB_V0_4
7475,7616,manages,-11.6283,1,PASS,35,,v,manage,FORM,,MASTER,0,1,0,,manage,,,1,0,0,ESDB_V0_4
7476,7617,merger,-11.6283,1,PASS,35,,n,merger,LEMMA,,MASTER,0,1,1,,merge,,mergers,1,1,1,ESDB_V0_4
7477,7618,modes,-11.6283,1,PASS,35,,n,mode,FORM,,MASTER,0,1,1,,mode,,modest,1,1,0,ESDB_V0_4
7478,7619,morocco,-11.6283,0,CASE_FREQ_COLLISION,50,50,n,morocco,LEMMA,,REJECTED_AUTO,0,0,0,,,,,0,0,0,ESDB_V0_4
7479,7620,motors,-11.6283,1,PASS,35,,n_v,motor,FORM,,MASTER,0,1,0,,motor,,,1,0,0,ESDB_V0_4
7480,7621,neighbours,-11.6283,0,NOT_EXACT_EN_US,,,,,,,REJECTED_AUTO,0,0,0,,,,,0,0,0,ESDB_V0_4
7481,7622,nicely,-11.6283,1,PASS,35,,av,nicely,LEMMA,,MASTER,0,0,0,,,,,0,0,0,ESDB_V0_4
7482,7623,optimal,-11.6283,1,PASS,35,,aj,optimal,LEMMA,,MASTER,0,0,0,,,,,0,0,0,ESDB_V0_4
7483,7624,outlet,-11.6283,1,PASS,35,,n,outlet,LEMMA,,MASTER,0,1,1,,,,outlets,0,1,1,ESDB_V0_4
7484,7625,painter,-11.6283,1,PASS,35,,n,painter,LEMMA,,MASTER,0,1,1,,,,painters,0,1,1,ESDB_V0_4
7485,7626,pigs,-11.6283,1,PASS,35,,n_v,pig,FORM,,MASTER,0,1,0,,pig,,,1,0,0,ESDB_V0_4
7486,7627,pond,-11.6283,1,PASS,35,,n,pond,LEMMA,,MASTER,0,1,1,,,,ponds,0,1,1,ESDB_V0_4
7487,7628,randomly,-11.6283,1,PASS,35,,av,randomly,LEMMA,,MASTER,0,0,0,,,,,0,0,0,ESDB_V0_4
7488,7629,rd,-11.6283,0,NO_ESDB_GENERAL_EVIDENCE,,,,,,,REJECTED_AUTO,0,0,0,,,,,0,0,0,ESDB_V0_4
7489,7630,recipes,-11.6283,1,PASS,35,,n,recipe,FORM,,MASTER,0,1,0,,recipe,,,1,0,0,ESDB_V0_4
7490,7631,recognise,-11.6283,0,NOT_EXACT_EN_US,,,,,,,REJECTED_AUTO,0,0,0,,,,,0,0,0,ESDB_V0_4
7491,7632,refusal,-11.6283,1,PASS,35,,n,refusal,LEMMA,,MASTER,0,0,0,,,,,0,0,0,ESDB_V0_4
7492,7633,reid,-11.6283,0,NOT_EXACT_EN_US,,,,,,,REJECTED_AUTO,0,0,0,,,,,0,0,0,ESDB_V0_4
7493,7634,renaissance,-11.6283,1,PASS,35,40,n,renaissance,LEMMA,,MASTER,0,0,0,,,,,0,0,0,ESDB_V0_4
7494,7635,resistant,-11.6283,1,PASS,35,,aj,resistant,LEMMA,,MASTER,0,0,0,,,,,0,0,0,ESDB_V0_4
7495,7636,respects,-11.6283,1,PASS,35,,n_v,respect,FORM,,MASTER,0,1,0,,respect,,,1,0,0,ESDB_V0_4
7496,7637,roster,-11.6283,1,PASS,35,,n,roster,LEMMA,,MASTER,0,0,0,,,,,0,0,0,ESDB_V0_4
7497,7638,rushed,-11.6283,1,PASS,35,,n_v;aj,rush;rushed,FORM;LEMMA,,MASTER,0,1,1,,,crushed;brushed,,0,2,0,ESDB_V0_4
7498,7639,sixty,-11.6283,1,PASS,35,,n,sixty,LEMMA,,MASTER,0,0,0,,,,,0,0,0,ESDB_V0_4
7499,7640,slam,-11.6283,1,PASS,35,,n_v,slam,LEMMA,,MASTER,0,1,1,lam,,,slams,1,1,1,ESDB_V0_4
7500,7641,slice,-11.6283,1,PASS,35,,n_v,slice,LEMMA,,MASTER,0,1,1,lice,,,slices;sliced,1,2,2,ESDB_V0_4
7501,7642,spinning,-11.6283,1,PASS,35,,n_v;n,spin;spinning,FORM;LEMMA,,MASTER,0,0,0,,,,,0,0,0,ESDB_V0_4
7502,7643,stan,-11.6283,0,NOT_EXACT_EN_US,,,,,,,REJECTED_AUTO,0,0,0,,,,,0,0,0,ESDB_V0_4
7503,7644,subscription,-11.6283,1,PASS,35,,n,subscription,LEMMA,,MASTER,0,1,1,,,,subscriptions,0,1,1,ESDB_V0_4
7504,7645,sweep,-11.6283,1,PASS,35,,n_v,sweep,LEMMA,,MASTER,0,1,1,weep,,,sweeps,1,1,1,ESDB_V0_4
7505,7646,tires,-11.6283,1,PASS,35,,n_v,tire,FORM,,MASTER,0,1,0,,tire,,,1,0,0,ESDB_V0_4
7506,7647,treats,-11.6283,1,PASS,35,,n_v,treat,FORM,,MASTER,0,1,0,,treat,,,1,0,0,ESDB_V0_4
7507,7648,unclear,-11.6283,1,PASS,35,,aj,unclear,LEMMA,,MASTER,0,0,0,,,,,0,0,0,ESDB_V0_4
7508,7649,venezuela,-11.6283,0,NOT_EXACT_EN_US,,,,,,,REJECTED_AUTO,0,0,0,,,,,0,0,0,ESDB_V0_4
7509,7650,wade,-11.6283,1,PASS,35,50,n_v,wade,LEMMA,,MASTER,0,0,0,,,,,0,0,0,ESDB_V0_4
7510,7651,walt,-11.6283,0,NOT_EXACT_EN_US,,,,,,,REJECTED_AUTO,0,0,0,,,,,0,0,0,ESDB_V0_4
7511,7652,wolves,-11.6283,1,PASS,35,,n,wolf,FORM,,MASTER,0,0,0,,,,,0,0,0,ESDB_V0_4
7512,7653,aboriginal,-11.651,1,PASS,35,,n;aj,aboriginal,LEMMA,,MASTER,0,0,0,,,,,0,0,0,ESDB_V0_4
7513,7654,accord,-11.651,1,PASS,35,,n_v,accord,LEMMA,,MASTER,0,0,0,,,,,0,0,0,ESDB_V0_4
7514,7655,acoustic,-11.651,1,PASS,35,,aj,acoustic,LEMMA,,MASTER,0,0,0,,,,,0,0,0,ESDB_V0_4
7515,7656,adverse,-11.651,1,PASS,35,,aj,adverse,LEMMA,,MASTER,0,0,0,,,,,0,0,0,ESDB_V0_4
7516,7657,altar,-11.651,1,PASS,35,,n,altar,LEMMA,,MASTER,0,0,0,,,,,0,0,0,ESDB_V0_4
7517,7658,ankle,-11.651,1,PASS,35,,n,ankle,LEMMA,,MASTER,0,1,1,,,,ankles,0,1,1,ESDB_V0_4
7518,7659,ar,-11.651,0,NOT_EXACT_EN_US,,,,,,,REJECTED_AUTO,0,0,0,,,,,0,0,0,ESDB_V0_4
7519,7660,ashes,-11.651,1,PASS,35,,n,ash,FORM,,MASTER,0,1,1,,,lashes,,0,1,0,ESDB_V0_4
7520,7661,austrian,-11.651,0,NOT_EXACT_EN_US,,,,,,,REJECTED_AUTO,0,0,0,,,,,0,0,0,ESDB_V0_4
7521,7662,ave,-11.651,0,NO_ESDB_GENERAL_EVIDENCE,,,,,,,REJECTED_AUTO,0,0,0,,,,,0,0,0,ESDB_V0_4
7522,7663,aye,-11.651,1,PASS,35,,n;a,aye,LEMMA,,MASTER,0,1,0,ye,,,,1,0,0,ESDB_V0_4
7523,7665,bangladesh,-11.651,0,NOT_EXACT_EN_US,,,,,,,REJECTED_AUTO,0,0,0,,,,,0,0,0,ESDB_V0_4
7524,7666,bastard,-11.651,1,PASS,35,,n;aj,bastard,LEMMA,,MASTER,0,1,1,,,,bastards,0,1,1,ESDB_V0_4
7525,7667,bean,-11.651,1,PASS,35,50,n_v,bean,LEMMA,,MASTER,0,1,1,,,,beans,0,1,1,ESDB_V0_4
7526,7668,bees,-11.651,1,PASS,35,,n,bee,FORM,,MASTER,0,1,0,,bee,,,1,0,0,ESDB_V0_4
7527,7669,bore,-11.651,1,PASS,35,,v;n_v,bear;bore,FORM;LEMMA,,MASTER,0,1,1,ore,,,bored,1,1,1,ESDB_V0_4
7528,7670,brake,-11.651,1,PASS,35,,n_v,brake,LEMMA,,MASTER,0,1,1,rake,,,brakes,1,1,1,ESDB_V0_4
7529,7671,bump,-11.651,1,PASS,35,,n_v,bump,LEMMA,,MASTER,0,1,1,,bum,,bumps,1,1,1,ESDB_V0_4
7530,7672,chan,-11.651,0,NOT_EXACT_EN_US,,,,,,,REJECTED_AUTO,0,0,0,,,,,0,0,0,ESDB_V0_4
7531,7673,concentrations,-11.651,1,PASS,35,,n,concentration,FORM,,MASTER,0,1,0,,concentration,,,1,0,0,ESDB_V0_4
7532,7674,constraints,-11.651,1,PASS,35,,n,constraint,FORM,,MASTER,0,1,0,,constraint,,,1,0,0,ESDB_V0_4
7533,7675,continuously,-11.651,1,PASS,35,,av,continuously,LEMMA,,MASTER,0,0,0,,,,,0,0,0,ESDB_V0_4
7534,7676,cord,-11.651,1,PASS,35,,n_v,cord,LEMMA,,MASTER,0,1,1,,,,cords,0,1,1,ESDB_V0_4
7535,7677,cries,-11.651,1,PASS,35,,n_v,cry,FORM,,MASTER,0,0,0,,,,,0,0,0,ESDB_V0_4
7536,7678,cycles,-11.651,1,PASS,35,,n_v,cycle,FORM,,MASTER,0,1,0,,cycle,,,1,0,0,ESDB_V0_4
7537,7679,cylinder,-11.651,1,PASS,35,,n,cylinder,LEMMA,,MASTER,0,1,1,,,,cylinders,0,1,1,ESDB_V0_4
7538,7680,dangers,-11.651,1,PASS,35,,n,danger,FORM,,MASTER,0,1,0,,danger,,,1,0,0,ESDB_V0_4
7539,7681,danish,-11.651,0,CASE_FREQ_COLLISION,60,40,n,danish,LEMMA;FORM,,REJECTED_AUTO,0,0,0,,,,,0,0,0,ESDB_V0_4
7540,7682,descriptions,-11.651,1,PASS,35,,n,description,FORM,,MASTER,0,1,0,,description,,,1,0,0,ESDB_V0_4
7541,7683,detained,-11.651,1,PASS,35,,v,detain,FORM,,MASTER,0,0,0,,,,,0,0,0,ESDB_V0_4
7542,7684,digging,-11.651,1,PASS,35,,n_v;n,dig;digging,FORM;LEMMA,,MASTER,0,0,0,,,,,0,0,0,ESDB_V0_4
7543,7685,donor,-11.651,1,PASS,35,,n;a,donor,LEMMA,,MASTER,0,1,1,,,,donors,0,1,1,ESDB_V0_4
7544,7687,expects,-11.651,1,PASS,35,,v,expect,FORM,,MASTER,0,1,0,,expect,,,1,0,0,ESDB_V0_4
7545,7688,explosive,-11.651,1,PASS,35,,n;aj,explosive,LEMMA,,MASTER,0,1,1,,,,explosives,0,1,1,ESDB_V0_4
7546,7690,fierce,-11.651,1,PASS,35,,aj,fierce,LEMMA,,MASTER,0,0,0,,,,,0,0,0,ESDB_V0_4
7547,7691,firearms,-11.651,1,PASS,35,,n,firearm,FORM,,MASTER,0,1,0,,firearm,,,1,0,0,ESDB_V0_4
7548,7692,float,-11.651,1,PASS,35,,n_v,float,LEMMA,,MASTER,0,1,1,,,afloat,floats,0,2,1,ESDB_V0_4
7549,7693,flooding,-11.651,1,PASS,35,,n_v;n,flood;flooding,FORM;LEMMA,,MASTER,0,0,0,,,,,0,0,0,ESDB_V0_4
7550,7694,fraction,-11.651,1,PASS,35,,n,fraction,LEMMA,,MASTER,0,1,1,,,,fractions,0,1,1,ESDB_V0_4
7551,7695,frost,-11.651,1,PASS,35,50,n_v,frost,LEMMA,,MASTER,0,0,0,,,,,0,0,0,ESDB_V0_4
7552,7696,genocide,-11.651,1,PASS,35,,n,genocide,LEMMA,,MASTER,0,0,0,,,,,0,0,0,ESDB_V0_4
7553,7697,gesture,-11.651,1,PASS,35,,n_v,gesture,LEMMA,,MASTER,0,1,1,,,,gestures,0,1,1,ESDB_V0_4
7554,7698,gop,-11.651,0,NOT_EXACT_EN_US,,,,,,,REJECTED_AUTO,0,0,0,,,,,0,0,0,ESDB_V0_4
7555,7699,governed,-11.651,1,PASS,35,,v;n,govern;governed,FORM;LEMMA,,MASTER,0,0,0,,,,,0,0,0,ESDB_V0_4
7556,7700,governors,-11.651,1,PASS,35,,n,governor,FORM,,MASTER,0,1,0,,governor,,,1,0,0,ESDB_V0_4
7557,7701,grasp,-11.651,1,PASS,35,,n_v,grasp,LEMMA,,MASTER,0,0,0,,,,,0,0,0,ESDB_V0_4
7558,7702,halt,-11.651,1,PASS,35,,n_v;aj,halt,LEMMA,,MASTER,0,0,0,,,,,0,0,0,ESDB_V0_4
7559,7703,herald,-11.651,1,PASS,35,,n_v,herald,LEMMA,,MASTER,0,0,0,,,,,0,0,0,ESDB_V0_4
7560,7704,hillary,-11.651,0,NOT_EXACT_EN_US,,,,,,,REJECTED_AUTO,0,0,0,,,,,0,0,0,ESDB_V0_4
7561,7705,homeland,-11.651,1,PASS,35,,n,homeland,LEMMA,,MASTER,0,0,0,,,,,0,0,0,ESDB_V0_4
7562,7706,hunters,-11.651,1,PASS,35,,n,hunter,FORM,,MASTER,0,1,0,,hunter,,,1,0,0,ESDB_V0_4
7563,7707,hut,-11.651,1,PASS,35,,n,hut,LEMMA,,MASTER,0,1,1,,,shut,huts,0,2,1,ESDB_V0_4
7564,7708,inability,-11.651,1,PASS,35,,n,inability,LEMMA,,MASTER,0,0,0,,,,,0,0,0,ESDB_V0_4
7565,7709,induced,-11.651,1,PASS,35,,v;aj,induce;induced,FORM;LEMMA,,MASTER,0,1,0,,induce,,,1,0,0,ESDB_V0_4
7566,7710,inspire,-11.651,1,PASS,35,,v,inspire,LEMMA,,MASTER,0,1,1,,,,inspired;inspires,0,2,2,ESDB_V0_4
7567,7711,investigators,-11.651,1,PASS,35,,n,investigator,FORM,,MASTER,0,1,0,,investigator,,,1,0,0,ESDB_V0_4
7568,7712,jaw,-11.651,1,PASS,35,,n_v,jaw,LEMMA,,MASTER,0,1,1,aw,,,jaws,1,1,1,ESDB_V0_4
7569,7713,jew,-11.651,0,NOT_EXACT_EN_US,,,,,,,REJECTED_AUTO,0,0,0,,,,,0,0,0,ESDB_V0_4
7570,7714,joel,-11.651,0,NOT_EXACT_EN_US,,,,,,,REJECTED_AUTO,0,0,0,,,,,0,0,0,ESDB_V0_4
7571,7715,kilometers,-11.651,1,PASS,35,,n,kilometer,FORM,,MASTER,0,1,0,,kilometer,,,1,0,0,ESDB_V0_4
7572,7716,kissed,-11.651,1,PASS,35,,n_v,kiss,FORM,,MASTER,0,0,0,,,,,0,0,0,ESDB_V0_4
7573,7717,lbs,-11.651,0,NOT_EXACT_EN_US,,,,,,,REJECTED_AUTO,0,0,0,,,,,0,0,0,ESDB_V0_4
7574,7718,leeds,-11.651,0,NOT_EXACT_EN_US,,,,,,,REJECTED_AUTO,0,0,0,,,,,0,0,0,ESDB_V0_4
7575,7719,libya,-11.651,0,NOT_EXACT_EN_US,,,,,,,REJECTED_AUTO,0,0,0,,,,,0,0,0,ESDB_V0_4
7576,7720,linguistic,-11.651,1,PASS,35,,aj,linguistic,LEMMA,,MASTER,0,1,1,,,,linguistics,0,1,0,ESDB_V0_4
7577,7721,marriages,-11.651,1,PASS,35,,n,marriage,FORM,,MASTER,0,1,0,,marriage,,,1,0,0,ESDB_V0_4
7578,7722,massacre,-11.651,1,PASS,35,,n_v,massacre,LEMMA,,MASTER,0,1,1,,,,massacres,0,1,1,ESDB_V0_4
7579,7723,massage,-11.651,1,PASS,35,,n_v,massage,LEMMA,,MASTER,0,0,0,,,,,0,0,0,ESDB_V0_4
7580,7724,militia,-11.651,1,PASS,35,,n,militia,LEMMA,,MASTER,0,1,1,,,,militias,0,1,1,ESDB_V0_4
7581,7725,morality,-11.651,1,PASS,35,,n,morality,LEMMA,,MASTER,0,0,0,,,,,0,0,0,ESDB_V0_4
7582,7726,nbc,-11.651,0,NOT_EXACT_EN_US,,,,,,,REJECTED_AUTO,0,0,0,,,,,0,0,0,ESDB_V0_4
7583,7727,needle,-11.651,1,PASS,35,,n_v,needle,LEMMA,,MASTER,0,1,1,,,,needles,0,1,1,ESDB_V0_4
7584,7728,offenders,-11.651,1,PASS,35,,n,offender,FORM,,MASTER,0,1,0,,offender,,,1,0,0,ESDB_V0_4
7585,7729,olds,-11.651,0,NOT_EXACT_EN_US,,,,,,,REJECTED_AUTO,0,0,0,,,,,0,0,0,ESDB_V0_4
7586,7730,operative,-11.651,1,PASS,35,,n;aj,operative,LEMMA,,MASTER,0,1,1,,,,operatives,0,1,1,ESDB_V0_4
7587,7731,performs,-11.651,1,PASS,35,,v,perform,FORM,,MASTER,0,1,0,,perform,,,1,0,0,ESDB_V0_4
7588,7732,phases,-11.651,1,PASS,35,,n_v,phase,FORM,,MASTER,0,1,0,,phase,,,1,0,0,ESDB_V0_4
7589,7733,pledge,-11.651,1,PASS,35,,n_v,pledge,LEMMA,,MASTER,0,1,1,ledge,,,pledged;pledges,1,2,2,ESDB_V0_4
7590,7734,realizing,-11.651,1,PASS,35,,v;n,realize;realizing,FORM;LEMMA,,MASTER,0,0,0,,,,,0,0,0,ESDB_V0_4
7591,7735,remembering,-11.651,1,PASS,35,,v;n,remember;remembering,FORM;LEMMA,,MASTER,0,0,0,,,,,0,0,0,ESDB_V0_4
7592,7736,revision,-11.651,1,PASS,35,,n,revision,LEMMA,,MASTER,0,1,1,,,,revisions,0,1,1,ESDB_V0_4
7593,7737,reynolds,-11.651,0,NOT_EXACT_EN_US,,,,,,,REJECTED_AUTO,0,0,0,,,,,0,0,0,ESDB_V0_4
7594,7738,risky,-11.651,1,PASS,35,,aj,risky,LEMMA,,MASTER,0,1,0,,risk,,,1,0,0,ESDB_V0_4
7595,7739,rounded,-11.651,1,PASS,35,,n_v;aj,round;rounded,FORM;LEMMA,,MASTER,0,1,1,,,grounded,,0,1,0,ESDB_V0_4
7596,7740,rub,-11.651,1,PASS,35,,n_v,rub,LEMMA,,MASTER,0,1,1,,,,ruby,0,1,0,ESDB_V0_4
7597,7741,ruby,-11.651,1,PASS,35,50,n;aj,ruby,LEMMA,,MASTER,0,1,0,,rub,,,1,0,0,ESDB_V0_4
7598,7742,rushing,-11.651,1,PASS,35,,n_v;n,rush;rushing,FORM;LEMMA,,MASTER,0,1,1,,,crushing;brushing,,0,2,0,ESDB_V0_4
7599,7743,sally,-11.651,1,PASS,35,50,n_v,sally,LEMMA,,MASTER,0,1,0,ally,,,,1,0,0,ESDB_V0_4
7600,7744,sanctuary,-11.651,1,PASS,35,,n,sanctuary,LEMMA,,MASTER,0,0,0,,,,,0,0,0,ESDB_V0_4
7601,7745,sharply,-11.651,1,PASS,35,,av,sharply,LEMMA,,MASTER,0,0,0,,,,,0,0,0,ESDB_V0_4
7602,7746,shifting,-11.651,1,PASS,35,,n_v;n;aj,shift;shifting,FORM;LEMMA,,MASTER,0,0,0,,,,,0,0,0,ESDB_V0_4
7603,7747,shouting,-11.651,1,PASS,35,,n_v;n,shout;shouting,FORM;LEMMA,,MASTER,0,0,0,,,,,0,0,0,ESDB_V0_4
7604,7748,siege,-11.651,1,PASS,35,,n,siege,LEMMA,,MASTER,0,0,0,,,,,0,0,0,ESDB_V0_4
7605,7749,sigh,-11.651,1,PASS,35,,n_v,sigh,LEMMA,,MASTER,0,1,1,,,,sight;sighs,0,2,1,ESDB_V0_4
7606,7750,slap,-11.651,1,PASS,35,,n_v;av,slap,LEMMA,,MASTER,0,1,0,lap,,,,1,0,0,ESDB_V0_4
7607,7751,speeches,-11.651,1,PASS,35,,n,speech,FORM,,MASTER,0,0,0,,,,,0,0,0,ESDB_V0_4
7608,7752,spurs,-11.651,1,PASS,35,,n_v,spur,FORM,,MASTER,0,1,0,,spur,,,1,0,0,ESDB_V0_4
7609,7753,struggled,-11.651,1,PASS,35,,n_v,struggle,FORM,,MASTER,0,1,0,,struggle,,,1,0,0,ESDB_V0_4
7610,7754,su,-11.651,0,NOT_EXACT_EN_US,,,,,,,REJECTED_AUTO,0,0,0,,,,,0,0,0,ESDB_V0_4
7611,7755,supernatural,-11.651,1,PASS,35,,aj,supernatural,LEMMA,,MASTER,0,0,0,,,,,0,0,0,ESDB_V0_4
7612,7756,supervisor,-11.651,1,PASS,35,,n,supervisor,LEMMA,,MASTER,0,1,1,,,,supervisors;supervisory,0,2,1,ESDB_V0_4
7613,7757,tactical,-11.651,1,PASS,35,,aj,tactical,LEMMA,,MASTER,0,0,0,,,,,0,0,0,ESDB_V0_4
7614,7758,targeting,-11.651,1,PASS,35,,n_v,target,FORM,,MASTER,0,0,0,,,,,0,0,0,ESDB_V0_4
7615,7759,tenth,-11.651,1,PASS,35,,n,tenth,LEMMA,,MASTER,0,1,0,,tent,,,1,0,0,ESDB_V0_4
7616,7760,thanksgiving,-11.651,0,CASE_FREQ_COLLISION,50,40,n,thanksgiving,LEMMA,,REJECTED_AUTO,0,0,0,,,,,0,0,0,ESDB_V0_4
7617,7761,thereof,-11.651,1,PASS,35,,av,thereof,LEMMA,,MASTER,0,0,0,,,,,0,0,0,ESDB_V0_4
7618,7762,thesis,-11.651,1,PASS,35,,n,thesis,LEMMA,,MASTER,0,0,0,,,,,0,0,0,ESDB_V0_4
7619,7763,threaten,-11.651,1,PASS,35,,v,threaten,LEMMA,,MASTER,0,1,1,,,,threatens,0,1,1,ESDB_V0_4
7620,7764,toes,-11.651,1,PASS,35,,n_v,toe,FORM,,MASTER,0,1,0,,toe,,,1,0,0,ESDB_V0_4
7621,7765,touches,-11.651,1,PASS,35,,n_v,touch,FORM,,MASTER,0,0,0,,,,,0,0,0,ESDB_V0_4
7622,7766,troubled,-11.651,1,PASS,35,,n_v;aj,trouble;troubled,FORM;LEMMA,,MASTER,0,1,0,,trouble,,,1,0,0,ESDB_V0_4
7623,7767,vague,-11.651,1,PASS,35,,aj,vague,LEMMA,,MASTER,0,0,0,,,,,0,0,0,ESDB_V0_4
7624,7768,whites,-11.651,1,PASS,35,,n,white,FORM,,MASTER,0,1,0,,white,,,1,0,0,ESDB_V0_4
7625,7769,yields,-11.651,1,PASS,35,,n_v,yield,FORM,,MASTER,0,1,0,,yield,,,1,0,0,ESDB_V0_4
7626,7770,aesthetic,-11.6743,1,PASS,35,,aj,aesthetic,LEMMA,,MASTER,0,1,1,,,,aesthetics,0,1,0,ESDB_V0_4
7627,7771,allowance,-11.6743,1,PASS,35,,n,allowance,LEMMA,,MASTER,0,1,1,,,,allowances,0,1,1,ESDB_V0_4
7628,7772,ammunition,-11.6743,1,PASS,35,,n,ammunition,LEMMA,,MASTER,0,0,0,,,,,0,0,0,ESDB_V0_4
7629,7773,apr,-11.6743,0,NOT_EXACT_EN_US,,,,,,,REJECTED_AUTO,0,0,0,,,,,0,0,0,ESDB_V0_4
7630,7774,artwork,-11.6743,1,PASS,35,,n,artwork,LEMMA,,MASTER,0,1,1,,,,artworks,0,1,1,ESDB_V0_4
7631,7775,automated,-11.6743,1,PASS,35,,v;aj,automate;automated,FORM;LEMMA,,MASTER,0,0,0,,,,,0,0,0,ESDB_V0_4
7632,7776,autonomy,-11.6743,1,PASS,35,,n,autonomy,LEMMA,,MASTER,0,0,0,,,,,0,0,0,ESDB_V0_4
7633,7777,ballet,-11.6743,1,PASS,35,,n,ballet,LEMMA,,MASTER,0,0,0,,,,,0,0,0,ESDB_V0_4
7634,7778,bells,-11.6743,1,PASS,35,,n_v,bell,FORM,,MASTER,0,1,0,,bell,,,1,0,0,ESDB_V0_4
7635,7779,bi,-11.6743,0,CASE_FREQ_COLLISION,60,60,n;a,bi,LEMMA,,REJECTED_AUTO,0,0,0,,,,,0,0,0,ESDB_V0_4
7636,7780,bothered,-11.6743,1,PASS,35,,n_v;aj,bother;bothered,FORM;LEMMA,,MASTER,0,0,0,,,,,0,0,0,ESDB_V0_4
7637,7781,calculation,-11.6743,1,PASS,35,,n,calculation,LEMMA,,MASTER,0,1,1,,,,calculations,0,1,1,ESDB_V0_4
7638,7782,carriage,-11.6743,1,PASS,35,,n,carriage,LEMMA,,MASTER,0,1,1,,,,carriages,0,1,1,ESDB_V0_4
7639,7783,centered,-11.6743,1,PASS,35,,v;aj,center;centered,FORM;LEMMA,,MASTER,0,1,0,entered,,,,1,0,0,ESDB_V0_4
7640,7784,claire,-11.6743,0,NOT_EXACT_EN_US,,,,,,,REJECTED_AUTO,0,0,0,,,,,0,0,0,ESDB_V0_4
7641,7785,clips,-11.6743,1,PASS,35,,n;v,clip,FORM,,MASTER,0,1,0,lips,clip,,,2,0,0,ESDB_V0_4
7642,7786,coincidence,-11.6743,1,PASS,35,,n,coincidence,LEMMA,,MASTER,0,0,0,,,,,0,0,0,ESDB_V0_4
7643,7787,collapsed,-11.6743,1,PASS,35,,n_v,collapse,FORM,,MASTER,0,1,0,,collapse,,,1,0,0,ESDB_V0_4
7644,7788,coloured,-11.6743,0,NOT_EXACT_EN_US,,,,,,,REJECTED_AUTO,0,0,0,,,,,0,0,0,ESDB_V0_4
7645,7789,columbus,-11.6743,0,NOT_EXACT_EN_US,,,,,,,REJECTED_AUTO,0,0,0,,,,,0,0,0,ESDB_V0_4
7646,7790,compiled,-11.6743,1,PASS,35,,v,compile,FORM,,MASTER,0,1,0,,compile,,,1,0,0,ESDB_V0_4
7647,7791,confession,-11.6743,1,PASS,35,,n,confession,LEMMA,,MASTER,0,1,1,,,,confessions,0,1,1,ESDB_V0_4
7648,7792,coordination,-11.6743,1,PASS,35,,n,coordination,LEMMA,,MASTER,0,0,0,,,,,0,0,0,ESDB_V0_4
7649,7793,costly,-11.6743,1,PASS,35,,aj,costly,LEMMA,,MASTER,0,0,0,,,,,0,0,0,ESDB_V0_4
7650,7794,cough,-11.6743,1,PASS,35,,n_v,cough,LEMMA,,MASTER,0,0,0,,,,,0,0,0,ESDB_V0_4
7651,7795,cousins,-11.6743,1,PASS,35,,n,cousin,FORM,,MASTER,0,1,0,,cousin,,,1,0,0,ESDB_V0_4
7652,7796,cracked,-11.6743,1,PASS,35,,n_v;aj,crack;cracked,FORM;LEMMA,,MASTER,0,0,0,,,,,0,0,0,ESDB_V0_4
7653,7797,desktop,-11.6743,1,PASS,35,,n;a,desktop,LEMMA,,MASTER,0,0,0,,,,,0,0,0,ESDB_V0_4
7654,7798,develops,-11.6743,1,PASS,35,,v,develop,FORM,,MASTER,0,1,0,,develop,,,1,0,0,ESDB_V0_4
7655,7799,disclosure,-11.6743,1,PASS,35,,n,disclosure,LEMMA,,MASTER,0,1,1,,,,disclosures,0,1,1,ESDB_V0_4
7656,7800,documentation,-11.6743,1,PASS,35,,n,documentation,LEMMA,,MASTER,0,0,0,,,,,0,0,0,ESDB_V0_4
7657,7801,doin,-11.6743,0,NOT_EXACT_EN_US,,,,,,,REJECTED_AUTO,0,0,0,,,,,0,0,0,ESDB_V0_4
7658,7802,entrepreneur,-11.6743,1,PASS,40,,n,entrepreneur,LEMMA,,MASTER,0,1,1,,,,entrepreneurs,0,1,1,ESDB_V0_4
7659,7803,esteem,-11.6743,1,PASS,35,,n;v,esteem,LEMMA,,MASTER,0,0,0,,,,,0,0,0,ESDB_V0_4
7660,7804,europeans,-11.6743,0,NOT_EXACT_EN_US,,,,,,,REJECTED_AUTO,0,0,0,,,,,0,0,0,ESDB_V0_4
7661,7805,execute,-11.6743,1,PASS,35,,v,execute,LEMMA,,MASTER,0,1,1,,,,executed,0,1,1,ESDB_V0_4
7662,7806,exotic,-11.6743,1,PASS,35,,n;aj,exotic,LEMMA,,MASTER,0,0,0,,,,,0,0,0,ESDB_V0_4
7663,7807,financially,-11.6743,1,PASS,35,,av,financially,LEMMA,,MASTER,0,0,0,,,,,0,0,0,ESDB_V0_4
7664,7808,fog,-11.6743,1,PASS,35,,n_v,fog,LEMMA,,MASTER,0,0,0,,,,,0,0,0,ESDB_V0_4
7665,7809,ga,-11.6743,0,NOT_EXACT_EN_US,,,,,,,REJECTED_AUTO,0,0,0,,,,,0,0,0,ESDB_V0_4
7666,7810,garlic,-11.6743,1,PASS,35,,n,garlic,LEMMA,,MASTER,0,0,0,,,,,0,0,0,ESDB_V0_4
7667,7812,glenn,-11.6743,0,NOT_EXACT_EN_US,,,,,,,REJECTED_AUTO,0,0,0,,,,,0,0,0,ESDB_V0_4
7668,7813,goddamn,-11.6743,1,PASS,40,,aj_av;i,goddamn,LEMMA,,MASTER,0,0,0,,,,,0,0,0,ESDB_V0_4
7669,7814,gut,-11.6743,1,PASS,35,,n_v;a,gut,LEMMA,,MASTER,0,1,1,,,,guts,0,1,1,ESDB_V0_4
7670,7815,hack,-11.6743,1,PASS,35,,n_v;a,hack,LEMMA,,MASTER,0,1,1,,,shack;whack,hacks,0,3,1,ESDB_V0_4
7671,7816,holdings,-11.6743,1,PASS,40,,n,holding,FORM,,MASTER,0,1,0,,holding,,,1,0,0,ESDB_V0_4
7672,7817,innings,-11.6743,1,PASS,35,,n,inning,FORM,,MASTER,0,1,0,,inning,,,1,0,0,ESDB_V0_4
7673,7818,judgement,-11.6743,0,NOT_EXACT_EN_US,,,,,,,REJECTED_AUTO,0,0,0,,,,,0,0,0,ESDB_V0_4
7674,7819,junk,-11.6743,1,PASS,35,,n_v,junk,LEMMA,,MASTER,0,0,0,,,,,0,0,0,ESDB_V0_4
7675,7820,kane,-11.6743,0,NOT_EXACT_EN_US,,,,,,,REJECTED_AUTO,0,0,0,,,,,0,0,0,ESDB_V0_4
7676,7821,kidnapped,-11.6743,1,PASS,35,,v,kidnap,FORM,,MASTER,0,0,0,,,,,0,0,0,ESDB_V0_4
7677,7822,leaked,-11.6743,1,PASS,35,,n_v,leak,FORM,,MASTER,0,0,0,,,,,0,0,0,ESDB_V0_4
7678,7823,leap,-11.6743,1,PASS,35,,n_v,leap,LEMMA,,MASTER,0,1,1,,,,leaps,0,1,1,ESDB_V0_4
7679,7824,leonard,-11.6743,0,NOT_EXACT_EN_US,,,,,,,REJECTED_AUTO,0,0,0,,,,,0,0,0,ESDB_V0_4
7680,7825,lily,-11.6743,1,PASS,35,50,n;a,lily,LEMMA,,MASTER,0,0,0,,,,,0,0,0,ESDB_V0_4
7681,7826,logan,-11.6743,0,NOT_EXACT_EN_US,,,,,,,REJECTED_AUTO,0,0,0,,,,,0,0,0,ESDB_V0_4
7682,7827,melt,-11.6743,1,PASS,35,,n_v,melt,LEMMA,,MASTER,0,1,1,,,,melts,0,1,1,ESDB_V0_4
7683,7828,montana,-11.6743,0,NOT_EXACT_EN_US,,,,,,,REJECTED_AUTO,0,0,0,,,,,0,0,0,ESDB_V0_4
7684,7829,motive,-11.6743,1,PASS,35,,n;aj,motive,LEMMA,,MASTER,0,1,1,,,,motives,0,1,1,ESDB_V0_4
7685,7830,municipalities,-11.6743,1,PASS,35,,n,municipality,FORM,,MASTER,0,0,0,,,,,0,0,0,ESDB_V0_4
7686,7831,nintendo,-11.6743,0,NOT_EXACT_EN_US,,,,,,,REJECTED_AUTO,0,0,0,,,,,0,0,0,ESDB_V0_4
7687,7832,noah,-11.6743,0,NOT_EXACT_EN_US,,,,,,,REJECTED_AUTO,0,0,0,,,,,0,0,0,ESDB_V0_4
7688,7833,oath,-11.6743,1,PASS,35,,n,oath,LEMMA,,MASTER,0,0,0,,,,,0,0,0,ESDB_V0_4
7689,7834,observers,-11.6743,1,PASS,35,,n,observer,FORM,,MASTER,0,1,0,,observer,,,1,0,0,ESDB_V0_4
7690,7835,outlined,-11.6743,1,PASS,35,,n_v;aj,outline;outlined,FORM;LEMMA,,MASTER,0,1,0,,outline,,,1,0,0,ESDB_V0_4
7691,7836,pakistani,-11.6743,0,NOT_EXACT_EN_US,,,,,,,REJECTED_AUTO,0,0,0,,,,,0,0,0,ESDB_V0_4
7692,7837,perspectives,-11.6743,1,PASS,35,,n,perspective,FORM,,MASTER,0,1,0,,perspective,,,1,0,0,ESDB_V0_4
7693,7838,pirate,-11.6743,1,PASS,35,,n_v,pirate,LEMMA,,MASTER,0,1,1,,,,pirates,0,1,1,ESDB_V0_4
7694,7839,pistol,-11.6743,1,PASS,35,,n,pistol,LEMMA,,MASTER,0,1,1,,,,pistols,0,1,1,ESDB_V0_4
7695,7840,plaza,-11.6743,1,PASS,35,,n,plaza,LEMMA,,MASTER,0,0,0,,,,,0,0,0,ESDB_V0_4
7696,7841,pops,-11.6743,1,PASS,35,,n_v,pop,FORM,,MASTER,0,1,0,ops,pop,,,2,0,0,ESDB_V0_4
7697,7842,proceeded,-11.6743,1,PASS,35,,v,proceed,FORM,,MASTER,0,0,0,,,,,0,0,0,ESDB_V0_4
7698,7843,processed,-11.6743,1,PASS,35,,n_v;aj,process;processed,FORM;LEMMA,,MASTER,0,0,0,,,,,0,0,0,ESDB_V0_4
7699,7844,proving,-11.6743,1,PASS,35,,v,prove,FORM,,MASTER,0,0,0,,,,,0,0,0,ESDB_V0_4
7700,7845,purse,-11.6743,1,PASS,35,,n_v,purse,LEMMA,,MASTER,0,0,0,,,,,0,0,0,ESDB_V0_4
7701,7846,recreation,-11.6743,1,PASS,35,,n,recreation,LEMMA,,MASTER,0,0,0,,,,,0,0,0,ESDB_V0_4
7702,7847,reds,-11.6743,1,PASS,35,,n,red,FORM,,MASTER,0,1,0,eds,red,,,2,0,0,ESDB_V0_4
7703,7848,refusing,-11.6743,1,PASS,35,,v,refuse,FORM,,MASTER,0,0,0,,,,,0,0,0,ESDB_V0_4
7704,7849,remembers,-11.6743,1,PASS,35,,v,remember,FORM,,MASTER,0,1,0,,remember,,,1,0,0,ESDB_V0_4
7705,7850,revealing,-11.6743,1,PASS,35,,v;n;aj,reveal;revealing,FORM;LEMMA,,MASTER,0,0,0,,,,,0,0,0,ESDB_V0_4
7706,7851,ricky,-11.6743,0,NOT_EXACT_EN_US,,,,,,,REJECTED_AUTO,0,0,0,,,,,0,0,0,ESDB_V0_4
7707,7852,robbery,-11.6743,1,PASS,35,,n,robbery,LEMMA,,MASTER,0,1,0,,robber,,,1,0,0,ESDB_V0_4
7708,7853,salaries,-11.6743,1,PASS,35,,n,salary,FORM,,MASTER,0,0,0,,,,,0,0,0,ESDB_V0_4
7709,7854,scholar,-11.6743,1,PASS,35,,n,scholar,LEMMA,,MASTER,0,1,1,,,,scholars,0,1,1,ESDB_V0_4
7710,7855,sculpture,-11.6743,1,PASS,35,,n_v,sculpture,LEMMA,,MASTER,0,1,1,,,,sculptures,0,1,1,ESDB_V0_4
7711,7856,senses,-11.6743,1,PASS,35,,n_v,sense,FORM,,MASTER,0,1,0,,sense,,,1,0,0,ESDB_V0_4
7712,7857,sharks,-11.6743,1,PASS,35,,n,shark,FORM,,MASTER,0,1,0,,shark,,,1,0,0,ESDB_V0_4
7713,7858,smiles,-11.6743,1,PASS,35,,n_v,smile,FORM,,MASTER,0,1,0,miles,smile,,,2,0,0,ESDB_V0_4
7714,7859,sneak,-11.6743,1,PASS,35,,n_v;aj,sneak,LEMMA,,MASTER,0,1,1,,,,sneaky,0,1,0,ESDB_V0_4
7715,7860,solidarity,-11.6743,1,PASS,35,,n,solidarity,LEMMA,,MASTER,0,0,0,,,,,0,0,0,ESDB_V0_4
7716,7861,spike,-11.6743,1,PASS,35,,n_v,spike,LEMMA,,MASTER,0,1,1,pike,,,spikes,1,1,1,ESDB_V0_4
7717,7862,statute,-11.6743,1,PASS,35,,n,statute,LEMMA,,MASTER,0,1,1,,,,statutes,0,1,1,ESDB_V0_4
7718,7863,steak,-11.6743,1,PASS,35,,n,steak,LEMMA,,MASTER,0,0,0,,,,,0,0,0,ESDB_V0_4
7719,7864,stevens,-11.6743,0,NOT_EXACT_EN_US,,,,,,,REJECTED_AUTO,0,0,0,,,,,0,0,0,ESDB_V0_4
7720,7865,stimulus,-11.6743,1,PASS,35,,n,stimulus,LEMMA,,MASTER,0,0,0,,,,,0,0,0,ESDB_V0_4
7721,7866,stir,-11.6743,1,PASS,35,,n_v,stir,LEMMA,,MASTER,0,0,0,,,,,0,0,0,ESDB_V0_4
7722,7867,storms,-11.6743,1,PASS,35,,n_v,storm,FORM,,MASTER,0,1,0,,storm,,,1,0,0,ESDB_V0_4
7723,7868,subscribers,-11.6743,1,PASS,35,,n,subscriber,FORM,,MASTER,0,1,0,,subscriber,,,1,0,0,ESDB_V0_4
7724,7869,sums,-11.6743,1,PASS,35,,n_v,sum,FORM,,MASTER,0,1,0,,sum,,,1,0,0,ESDB_V0_4
7725,7870,survivor,-11.6743,1,PASS,35,,n,survivor,LEMMA,,MASTER,0,1,1,,,,survivors,0,1,1,ESDB_V0_4
7726,7871,synthetic,-11.6743,1,PASS,35,,n;aj,synthetic,LEMMA,,MASTER,0,0,0,,,,,0,0,0,ESDB_V0_4
7727,7872,telegraph,-11.6743,1,PASS,35,,n_v,telegraph,LEMMA,,MASTER,0,0,0,,,,,0,0,0,ESDB_V0_4
7728,7873,terribly,-11.6743,1,PASS,35,,av,terribly,LEMMA,,MASTER,0,0,0,,,,,0,0,0,ESDB_V0_4
7729,7874,therapist,-11.6743,1,PASS,35,,n,therapist,LEMMA,,MASTER,0,1,1,,,,therapists,0,1,1,ESDB_V0_4
7730,7875,tire,-11.6743,1,PASS,35,,n_v;n;v,tire,LEMMA,,MASTER,0,1,1,,,,tired;tires,0,2,2,ESDB_V0_4
7731,7876,toast,-11.6743,1,PASS,35,,n_v,toast,LEMMA,,MASTER,0,0,0,,,,,0,0,0,ESDB_V0_4
7732,7877,touchdown,-11.6743,1,PASS,35,,n,touchdown,LEMMA,,MASTER,0,1,1,,,,touchdowns,0,1,1,ESDB_V0_4
7733,7878,traces,-11.6743,1,PASS,35,,n_v,trace,FORM,,MASTER,0,1,0,races,trace,,,2,0,0,ESDB_V0_4
7734,7879,tracked,-11.6743,1,PASS,35,,n_v;aj,track;tracked,FORM;LEMMA,,MASTER,0,0,0,,,,,0,0,0,ESDB_V0_4
7735,7880,trafficking,-11.6743,1,PASS,35,,v;n,traffic;trafficking,FORM;LEMMA,,MASTER,0,0,0,,,,,0,0,0,ESDB_V0_4
7736,7881,transported,-11.6743,1,PASS,35,,n_v,transport,FORM,,MASTER,0,0,0,,,,,0,0,0,ESDB_V0_4
7737,7882,turtle,-11.6743,1,PASS,35,,n,turtle,LEMMA;FORM,,MASTER,0,1,1,,,,turtles,0,1,1,ESDB_V0_4
7738,7883,unacceptable,-11.6743,1,PASS,35,,aj,unacceptable,LEMMA,,MASTER,0,0,0,,,,,0,0,0,ESDB_V0_4
7739,7884,unconscious,-11.6743,1,PASS,35,,n;aj,unconscious,LEMMA,,MASTER,0,0,0,,,,,0,0,0,ESDB_V0_4
7740,7885,underway,-11.6743,1,PASS,60,,aj,underway,LEMMA,,MASTER,0,0,0,,,,,0,0,0,ESDB_V0_4
7741,7886,unemployed,-11.6743,1,PASS,35,,n;aj,unemployed,LEMMA,,MASTER,0,0,0,,,,,0,0,0,ESDB_V0_4
7742,7887,upside,-11.6743,1,PASS,35,,n;c,upside,LEMMA,,MASTER,0,0,0,,,,,0,0,0,ESDB_V0_4
7743,7888,vatican,-11.6743,0,NOT_EXACT_EN_US,,,,,,,REJECTED_AUTO,0,0,0,,,,,0,0,0,ESDB_V0_4
7744,7889,vietnamese,-11.6743,0,NOT_EXACT_EN_US,,,,,,,REJECTED_AUTO,0,0,0,,,,,0,0,0,ESDB_V0_4
7745,7890,violated,-11.6743,1,PASS,35,,v;aj,violate;violated,FORM;LEMMA,,MASTER,0,1,0,,violate,,,1,0,0,ESDB_V0_4
7746,7891,waking,-11.6743,1,PASS,35,,n_v;n;aj,wake;waking,FORM;LEMMA,,MASTER,0,0,0,,,,,0,0,0,ESDB_V0_4
7747,7892,weights,-11.6743,1,PASS,35,,n_v,weight,FORM,,MASTER,0,1,0,,weight,,,1,0,0,ESDB_V0_4
7748,7893,workforce,-11.6743,1,PASS,35,,n,workforce,LEMMA,,MASTER,0,0,0,,,,,0,0,0,ESDB_V0_4
7749,7894,yourselves,-11.6743,1,PASS,35,,pn,you,FORM,,MASTER,0,1,0,ourselves,,,,1,0,0,ESDB_V0_4
7750,7896,accompanying,-11.6968,1,PASS,35,,v;aj,accompany;accompanying,FORM;LEMMA,,MASTER,0,0,0,,,,,0,0,0,ESDB_V0_4
7751,7897,adrian,-11.6968,0,NOT_EXACT_EN_US,,,,,,,REJECTED_AUTO,0,0,0,,,,,0,0,0,ESDB_V0_4
7752,7898,advancing,-11.6968,1,PASS,35,,n_v;aj,advance;advancing,FORM;LEMMA,,MASTER,0,0,0,,,,,0,0,0,ESDB_V0_4
7753,7899,airplane,-11.6968,1,PASS,35,,n,airplane,LEMMA,,MASTER,0,1,1,,,,airplanes,0,1,1,ESDB_V0_4
7754,7900,aluminum,-11.6968,1,PASS,35,,n,aluminum,LEMMA,,MASTER,0,0,0,,,,,0,0,0,ESDB_V0_4
7755,7901,archive,-11.6968,1,PASS,35,,n_v,archive,LEMMA,,MASTER,0,1,1,,,,archives;archived,0,2,2,ESDB_V0_4
7756,7902,batch,-11.6968,1,PASS,35,,n_v,batch,LEMMA,,MASTER,0,0,0,,,,,0,0,0,ESDB_V0_4
7757,7903,bolt,-11.6968,1,PASS,35,,n_v,bolt,LEMMA,,MASTER,0,1,1,,,,bolts,0,1,1,ESDB_V0_4
7758,7904,brigade,-11.6968,1,PASS,35,,n,brigade,LEMMA,,MASTER,0,1,1,,,,brigades,0,1,1,ESDB_V0_4
7759,7905,brunswick,-11.6968,0,NOT_EXACT_EN_US,,,,,,,REJECTED_AUTO,0,0,0,,,,,0,0,0,ESDB_V0_4
7760,7906,bundle,-11.6968,1,PASS,35,,n_v,bundle,LEMMA,,MASTER,0,1,1,,,,bundles;bundled,0,2,2,ESDB_V0_4
7761,7907,buyers,-11.6968,1,PASS,35,,n,buyer,FORM,,MASTER,0,1,0,,buyer,,,1,0,0,ESDB_V0_4
7762,7908,canvas,-11.6968,1,PASS,35,,n_v,canvas,LEMMA,,MASTER,0,0,0,,,,,0,0,0,ESDB_V0_4
7763,7909,cardiff,-11.6968,0,NOT_EXACT_EN_US,,,,,,,REJECTED_AUTO,0,0,0,,,,,0,0,0,ESDB_V0_4
7764,7910,ceased,-11.6968,1,PASS,35,,v,cease,FORM,,MASTER,0,1,0,,cease,,,1,0,0,ESDB_V0_4
7765,7911,clearance,-11.6968,1,PASS,35,,n,clearance,LEMMA,,MASTER,0,0,0,,,,,0,0,0,ESDB_V0_4
7766,7912,compassion,-11.6968,1,PASS,35,,n,compassion,LEMMA,,MASTER,0,0,0,,,,,0,0,0,ESDB_V0_4
7767,7913,conceived,-11.6968,1,PASS,35,,v,conceive,FORM,,MASTER,0,1,0,,conceive,,,1,0,0,ESDB_V0_4
7768,7914,confronted,-11.6968,1,PASS,35,,v,confront,FORM,,MASTER,0,0,0,,,,,0,0,0,ESDB_V0_4
7769,7915,continually,-11.6968,1,PASS,35,,av,continually,LEMMA,,MASTER,0,0,0,,,,,0,0,0,ESDB_V0_4
7770,7916,corridor,-11.6968,1,PASS,35,,n,corridor,LEMMA,,MASTER,0,1,1,,,,corridors,0,1,1,ESDB_V0_4
7771,7918,coupled,-11.6968,1,PASS,35,,n_v;aj,couple;coupled,FORM;LEMMA,,MASTER,0,1,0,,couple,,,1,0,0,ESDB_V0_4
7772,7919,defines,-11.6968,1,PASS,35,,v,define,FORM,,MASTER,0,1,0,,define,,,1,0,0,ESDB_V0_4
7773,7920,dem,-11.6968,0,NOT_EXACT_EN_US,,,,,,,REJECTED_AUTO,0,0,0,,,,,0,0,0,ESDB_V0_4
7774,7921,demographic,-11.6968,1,PASS,50,,n;aj,demographic,LEMMA,,MASTER,0,1,1,,,,demographics,0,1,1,ESDB_V0_4
7775,7922,dial,-11.6968,1,PASS,35,50,n_v,dial,LEMMA,,MASTER,0,0,0,,,,,0,0,0,ESDB_V0_4
7776,7923,disappointing,-11.6968,1,PASS,35,,v;aj,disappoint;disappointing,FORM;LEMMA,,MASTER,0,0,0,,,,,0,0,0,ESDB_V0_4
7777,7924,dislike,-11.6968,1,PASS,35,,n_v,dislike,LEMMA,,MASTER,0,1,1,,,,disliked,0,1,1,ESDB_V0_4
7778,7925,dissolved,-11.6968,1,PASS,35,,v;aj,dissolve;dissolved,FORM;LEMMA,,MASTER,0,1,0,,dissolve,,,1,0,0,ESDB_V0_4
7779,7926,dome,-11.6968,1,PASS,35,,n_v,dome,LEMMA,,MASTER,0,0,0,,,,,0,0,0,ESDB_V0_4
7780,7927,drafted,-11.6968,1,PASS,35,,v,draft,FORM,,MASTER,0,0,0,,,,,0,0,0,ESDB_V0_4
7781,7928,dresses,-11.6968,1,PASS,35,,n_v,dress,FORM,,MASTER,0,0,0,,,,,0,0,0,ESDB_V0_4
7782,7929,drums,-11.6968,1,PASS,35,,n_v,drum,FORM,,MASTER,0,1,0,,drum,,,1,0,0,ESDB_V0_4
7783,7930,dumped,-11.6968,1,PASS,35,,n_v,dump,FORM,,MASTER,0,0,0,,,,,0,0,0,ESDB_V0_4
7784,7931,elevator,-11.6968,1,PASS,35,,n,elevator,LEMMA,,MASTER,0,1,1,,,,elevators,0,1,1,ESDB_V0_4
7785,7932,enjoys,-11.6968,1,PASS,35,,v,enjoy,FORM,,MASTER,0,1,0,,enjoy,,,1,0,0,ESDB_V0_4
7786,7933,excluding,-11.6968,1,PASS,35,,v;pp,exclude;excluding,FORM;LEMMA,,MASTER,0,0,0,,,,,0,0,0,ESDB_V0_4
7787,7934,exploitation,-11.6968,1,PASS,35,,n,exploitation,LEMMA,,MASTER,0,0,0,,,,,0,0,0,ESDB_V0_4
7788,7935,expressions,-11.6968,1,PASS,35,,n,expression,FORM,,MASTER,0,1,0,,expression,,,1,0,0,ESDB_V0_4
7789,7936,fare,-11.6968,1,PASS,35,,n_v,fare,LEMMA,,MASTER,0,1,1,are,far,,fares,2,1,1,ESDB_V0_4
7790,7937,fashioned,-11.6968,1,PASS,35,,n_v;aj,fashion;fashioned,FORM;LEMMA,,MASTER,0,0,0,,,,,0,0,0,ESDB_V0_4
7791,7938,ff,-11.6968,0,NO_ESDB_GENERAL_EVIDENCE,,,,,,,REJECTED_AUTO,0,0,0,,,,,0,0,0,ESDB_V0_4
7792,7939,foolish,-11.6968,1,PASS,35,,aj,foolish,LEMMA,,MASTER,0,0,0,,,,,0,0,0,ESDB_V0_4
7793,7940,fury,-11.6968,1,PASS,35,,n,fury,LEMMA,,MASTER,0,1,0,,fur,,,1,0,0,ESDB_V0_4
7794,7941,gabriel,-11.6968,0,NOT_EXACT_EN_US,,,,,,,REJECTED_AUTO,0,0,0,,,,,0,0,0,ESDB_V0_4
7795,7942,ghosts,-11.6968,1,PASS,35,,n_v,ghost,FORM,,MASTER,0,1,0,hosts,ghost,,,2,0,0,ESDB_V0_4
7796,7944,hamas,-11.6968,0,NOT_EXACT_EN_US,,,,,,,REJECTED_AUTO,0,0,0,,,,,0,0,0,ESDB_V0_4
7797,7945,hawks,-11.6968,1,PASS,35,60,n_v,hawk,FORM,,MASTER,0,1,0,,hawk,,,1,0,0,ESDB_V0_4
7798,7946,historians,-11.6968,1,PASS,35,,n,historian,FORM,,MASTER,0,1,0,,historian,,,1,0,0,ESDB_V0_4
7799,7947,homer,-11.6968,1,PASS,40,50,n_v,homer,LEMMA,,MASTER,0,1,0,,home,,,1,0,0,ESDB_V0_4
7800,7948,imaging,-11.6968,1,PASS,35,,n_v;n,image;imaging,FORM;LEMMA,,MASTER,0,0,0,,,,,0,0,0,ESDB_V0_4
7801,7949,immunity,-11.6968,1,PASS,35,,n,immunity,LEMMA,,MASTER,0,0,0,,,,,0,0,0,ESDB_V0_4
7802,7950,incomplete,-11.6968,1,PASS,35,,aj,incomplete,LEMMA,,MASTER,0,0,0,,,,,0,0,0,ESDB_V0_4
7803,7951,inequality,-11.6968,1,PASS,35,,n,inequality,LEMMA,,MASTER,0,0,0,,,,,0,0,0,ESDB_V0_4
7804,7952,inevitably,-11.6968,1,PASS,35,,av,inevitably,LEMMA,,MASTER,0,0,0,,,,,0,0,0,ESDB_V0_4
7805,7953,inherent,-11.6968,1,PASS,35,,aj,inherent,LEMMA,,MASTER,0,0,0,,,,,0,0,0,ESDB_V0_4
7806,7954,interfere,-11.6968,1,PASS,35,,v,interfere,LEMMA,,MASTER,0,0,0,,,,,0,0,0,ESDB_V0_4
7807,7955,janet,-11.6968,0,NOT_EXACT_EN_US,,,,,,,REJECTED_AUTO,0,0,0,,,,,0,0,0,ESDB_V0_4
7808,7956,joshua,-11.6968,0,NOT_EXACT_EN_US,,,,,,,REJECTED_AUTO,0,0,0,,,,,0,0,0,ESDB_V0_4
7809,7957,katie,-11.6968,0,NOT_EXACT_EN_US,,,,,,,REJECTED_AUTO,0,0,0,,,,,0,0,0,ESDB_V0_4
7810,7958,lad,-11.6968,1,PASS,35,,n,lad,LEMMA,,MASTER,0,1,1,ad,,glad;clad,lady;lads,1,4,1,ESDB_V0_4
7811,7959,lawsuit,-11.6968,1,PASS,35,,n,lawsuit,LEMMA,,MASTER,0,1,1,,,,lawsuits,0,1,1,ESDB_V0_4
7812,7960,lineup,-11.6968,1,PASS,40,,n,lineup,LEMMA,,MASTER,0,0,0,,,,,0,0,0,ESDB_V0_4
7813,7961,madame,-11.6968,1,PASS,35,,n,madame,LEMMA,,MASTER,0,1,0,,madam,,,1,0,0,ESDB_V0_4
7814,7962,maine,-11.6968,0,NOT_EXACT_EN_US,,,,,,,REJECTED_AUTO,0,0,0,,,,,0,0,0,ESDB_V0_4
7815,7963,manuel,-11.6968,0,NOT_EXACT_EN_US,,,,,,,REJECTED_AUTO,0,0,0,,,,,0,0,0,ESDB_V0_4
7816,7964,marble,-11.6968,1,PASS,35,,n_v;a,marble,LEMMA,,MASTER,0,0,0,,,,,0,0,0,ESDB_V0_4
7817,7965,marco,-11.6968,0,NOT_EXACT_EN_US,,,,,,,REJECTED_AUTO,0,0,0,,,,,0,0,0,ESDB_V0_4
7818,7966,maturity,-11.6968,1,PASS,35,,n,maturity,LEMMA,,MASTER,0,0,0,,,,,0,0,0,ESDB_V0_4
7819,7967,medals,-11.6968,1,PASS,35,,n,medal,FORM,,MASTER,0,1,0,,medal,,,1,0,0,ESDB_V0_4
7820,7968,monopoly,-11.6968,1,PASS,35,,n,monopoly,LEMMA,,MASTER,0,0,0,,,,,0,0,0,ESDB_V0_4
7821,7969,mosque,-11.6968,1,PASS,35,,n,mosque,LEMMA,,MASTER,0,1,1,,,,mosques,0,1,1,ESDB_V0_4
7822,7970,nationals,-11.6968,1,PASS,35,,n,national,FORM,,MASTER,0,1,0,,national,,,1,0,0,ESDB_V0_4
7823,7971,neighbouring,-11.6968,0,NOT_EXACT_EN_US,,,,,,,REJECTED_AUTO,0,0,0,,,,,0,0,0,ESDB_V0_4
7824,7972,neo,-11.6968,0,NOT_EXACT_EN_US,,,,,,,REJECTED_AUTO,0,0,0,,,,,0,0,0,ESDB_V0_4
7825,7973,nicole,-11.6968,0,NOT_EXACT_EN_US,,,,,,,REJECTED_AUTO,0,0,0,,,,,0,0,0,ESDB_V0_4
7826,7974,obey,-11.6968,1,PASS,35,,v,obey,LEMMA,,MASTER,0,1,0,bey,,,,1,0,0,ESDB_V0_4
7827,7975,obliged,-11.6968,1,PASS,35,,v;aj,oblige;obliged,FORM;LEMMA,,MASTER,0,0,0,,,,,0,0,0,ESDB_V0_4
7828,7976,offended,-11.6968,1,PASS,35,,v;aj,offend;offended,FORM;LEMMA,,MASTER,0,0,0,,,,,0,0,0,ESDB_V0_4
7829,7977,omg,-11.6968,0,NOT_EXACT_EN_US,,,,,,,REJECTED_AUTO,0,0,0,,,,,0,0,0,ESDB_V0_4
7830,7978,overhead,-11.6968,1,PASS,35,,n;aj_av,overhead,LEMMA,,MASTER,0,0,0,,,,,0,0,0,ESDB_V0_4
7831,7979,pencil,-11.6968,1,PASS,35,,n_v,pencil,LEMMA,,MASTER,0,1,1,,,,pencils,0,1,1,ESDB_V0_4
7832,7980,phd,-11.6968,0,NOT_EXACT_EN_US,,,,,,,REJECTED_AUTO,0,0,0,,,,,0,0,0,ESDB_V0_4
7833,7981,plains,-11.6968,1,PASS,35,,n,plain,FORM,,MASTER,0,1,0,,plain,,,1,0,0,ESDB_V0_4
7834,7982,platinum,-11.6968,1,PASS,35,,n;a,platinum,LEMMA,,MASTER,0,0,0,,,,,0,0,0,ESDB_V0_4
7835,7983,poles,-11.6968,1,PASS,35,,n_v,pole,FORM,,MASTER,0,1,0,,pole,,,1,0,0,ESDB_V0_4
7836,7984,polls,-11.6968,1,PASS,35,,n_v,poll,FORM,,MASTER,0,1,0,,poll,,,1,0,0,ESDB_V0_4
7837,7985,porter,-11.6968,1,PASS,35,50,n,porter,LEMMA,,MASTER,0,0,0,,,,,0,0,0,ESDB_V0_4
7838,7986,posed,-11.6968,1,PASS,35,,n_v;aj,pose;posed,FORM;LEMMA,,MASTER,0,1,0,,pose,,,1,0,0,ESDB_V0_4
7839,7987,practicing,-11.6968,1,PASS,35,,v,practice,FORM,,MASTER,0,0,0,,,,,0,0,0,ESDB_V0_4
7840,7988,preceding,-11.6968,1,PASS,35,,v;aj,precede;preceding,FORM;LEMMA,,MASTER,0,0,0,,,,,0,0,0,ESDB_V0_4
7841,7989,productions,-11.6968,1,PASS,35,,n,production,FORM,,MASTER,0,1,0,,production,,,1,0,0,ESDB_V0_4
7842,7990,protestant,-11.6968,1,PASS,35,35,aj,protestant,LEMMA,,MASTER,0,0,0,,,,,0,0,0,ESDB_V0_4
7843,7991,pulls,-11.6968,1,PASS,35,,n_v,pull,FORM,,MASTER,0,1,0,,pull,,,1,0,0,ESDB_V0_4
7844,7992,puppy,-11.6968,1,PASS,35,,n,puppy,LEMMA,,MASTER,0,0,0,,,,,0,0,0,ESDB_V0_4
7845,7993,rejection,-11.6968,1,PASS,35,,n,rejection,LEMMA,,MASTER,0,0,0,,,,,0,0,0,ESDB_V0_4
7846,7994,robust,-11.6968,1,PASS,35,,aj,robust,LEMMA,,MASTER,0,0,0,,,,,0,0,0,ESDB_V0_4
7847,7995,romania,-11.6968,0,NOT_EXACT_EN_US,,,,,,,REJECTED_AUTO,0,0,0,,,,,0,0,0,ESDB_V0_4
7848,7996,seasonal,-11.6968,1,PASS,35,,aj,seasonal,LEMMA,,MASTER,0,0,0,,,,,0,0,0,ESDB_V0_4
7849,7997,securing,-11.6968,1,PASS,35,,v,secure,FORM,,MASTER,0,0,0,,,,,0,0,0,ESDB_V0_4
7850,7998,sensible,-11.6968,1,PASS,35,,aj,sensible,LEMMA,,MASTER,0,0,0,,,,,0,0,0,ESDB_V0_4
7851,7999,sensor,-11.6968,1,PASS,35,,n,sensor,LEMMA,,MASTER,0,1,1,,,,sensors;sensory,0,2,1,ESDB_V0_4
7852,8000,shells,-11.6968,1,PASS,35,,n_v,shell,FORM,,MASTER,0,1,0,,shell,,,1,0,0,ESDB_V0_4
7853,8001,shoots,-11.6968,1,PASS,35,,n_v,shoot,FORM,,MASTER,0,1,0,,shoot,,,1,0,0,ESDB_V0_4
7854,8002,simulation,-11.6968,1,PASS,35,,n,simulation,LEMMA,,MASTER,0,1,1,,,,simulations,0,1,1,ESDB_V0_4
7855,8003,sixteen,-11.6968,1,PASS,35,,n,sixteen,LEMMA,,MASTER,0,0,0,,,,,0,0,0,ESDB_V0_4
7856,8004,socialism,-11.6968,1,PASS,35,,n,socialism,LEMMA,,MASTER,0,0,0,,,,,0,0,0,ESDB_V0_4
7857,8005,spark,-11.6968,1,PASS,35,,n_v,spark,LEMMA,,MASTER,0,1,1,park,,,sparks,1,1,1,ESDB_V0_4
7858,8006,stanford,-11.6968,0,NOT_EXACT_EN_US,,,,,,,REJECTED_AUTO,0,0,0,,,,,0,0,0,ESDB_V0_4
7859,8007,steering,-11.6968,1,PASS,35,,v;n,steer;steering,FORM;LEMMA,,MASTER,0,0,0,,,,,0,0,0,ESDB_V0_4
7860,8008,stern,-11.6968,1,PASS,35,50,n;aj,stern,LEMMA,,MASTER,0,0,0,,,,,0,0,0,ESDB_V0_4
7861,8009,straw,-11.6968,1,PASS,35,,n;aj,straw,LEMMA,,MASTER,0,0,0,,,,,0,0,0,ESDB_V0_4
7862,8010,successive,-11.6968,1,PASS,35,,aj,successive,LEMMA,,MASTER,0,0,0,,,,,0,0,0,ESDB_V0_4
7863,8011,sung,-11.6968,1,PASS,35,50,n_v,sing,FORM,,MASTER,0,1,0,,sun,,,1,0,0,ESDB_V0_4
7864,8012,surf,-11.6968,1,PASS,35,,n;v,surf,LEMMA,,MASTER,0,0,0,,,,,0,0,0,ESDB_V0_4
7865,8013,suspects,-11.6968,1,PASS,35,,n_v,suspect,FORM,,MASTER,0,1,0,,suspect,,,1,0,0,ESDB_V0_4
7866,8014,symbolic,-11.6968,1,PASS,35,,aj,symbolic,LEMMA,,MASTER,0,0,0,,,,,0,0,0,ESDB_V0_4
7867,8015,tenure,-11.6968,1,PASS,35,,n;v,tenure,LEMMA,,MASTER,0,0,0,,,,,0,0,0,ESDB_V0_4
7868,8017,traders,-11.6968,1,PASS,35,,n,trader,FORM,,MASTER,0,1,0,,trader,,,1,0,0,ESDB_V0_4
7869,8018,treaties,-11.6968,1,PASS,35,,n,treaty,FORM,,MASTER,0,0,0,,,,,0,0,0,ESDB_V0_4
7870,8019,triangle,-11.6968,1,PASS,35,,n,triangle,LEMMA,,MASTER,0,0,0,,,,,0,0,0,ESDB_V0_4
7871,8020,tubes,-11.6968,1,PASS,35,,n_v,tube,FORM,,MASTER,0,1,0,,tube,,,1,0,0,ESDB_V0_4
7872,8021,unaware,-11.6968,1,PASS,35,,aj,unaware,LEMMA,,MASTER,0,0,0,,,,,0,0,0,ESDB_V0_4
7873,8022,underwear,-11.6968,1,PASS,35,,n,underwear,LEMMA,,MASTER,0,0,0,,,,,0,0,0,ESDB_V0_4
7874,8023,verdict,-11.6968,1,PASS,35,,n,verdict,LEMMA,,MASTER,0,0,0,,,,,0,0,0,ESDB_V0_4
7875,8024,wax,-11.6968,1,PASS,35,,n;a;v,wax,LEMMA,,MASTER,0,1,0,ax,,,,1,0,0,ESDB_V0_4
7876,8025,whats,-11.6968,0,NOT_EXACT_EN_US,,,,,,,REJECTED_AUTO,0,0,0,,,,,0,0,0,ESDB_V0_4
7877,8026,whore,-11.6968,1,PASS,35,,n,whore,LEMMA,,MASTER,0,1,1,,,,whores,0,1,1,ESDB_V0_4
7878,8027,wit,-11.6968,1,PASS,35,,n;a,wit,LEMMA,,MASTER,0,1,1,it,,,with;wits,1,2,1,ESDB_V0_4
7879,8029,abbey,-11.7199,1,PASS,35,,n,abbey,LEMMA,,MASTER,0,0,0,,,,,0,0,0,ESDB_V0_4
7880,8030,accessories,-11.7199,1,PASS,35,,n,accessory,FORM,,MASTER,0,0,0,,,,,0,0,0,ESDB_V0_4
7881,8031,adelaide,-11.7199,0,NOT_EXACT_EN_US,,,,,,,REJECTED_AUTO,0,0,0,,,,,0,0,0,ESDB_V0_4
7882,8032,advocacy,-11.7199,1,PASS,40,,n,advocacy,LEMMA,,MASTER,0,0,0,,,,,0,0,0,ESDB_V0_4
7883,8033,albeit,-11.7199,1,PASS,35,,c,albeit,LEMMA,,MASTER,0,0,0,,,,,0,0,0,ESDB_V0_4
7884,8034,algorithm,-11.7199,1,PASS,35,,n,algorithm,LEMMA,,MASTER,0,1,1,,,,algorithms,0,1,1,ESDB_V0_4
7885,8035,analyses,-11.7199,1,PASS,35,,n;v,analysis;analyse,FORM,,MASTER,0,0,0,,,,,0,0,0,ESDB_V0_4
7886,8036,analyzed,-11.7199,1,PASS,35,,v;aj,analyze;analyzed,FORM;LEMMA,,MASTER,0,1,0,,analyze,,,1,0,0,ESDB_V0_4
7887,8037,annoyed,-11.7199,1,PASS,35,,v;aj,annoy;annoyed,FORM;LEMMA,,MASTER,0,0,0,,,,,0,0,0,ESDB_V0_4
7888,8038,armor,-11.7199,1,PASS,35,,n;v,armor,LEMMA,,MASTER,0,0,0,,,,,0,0,0,ESDB_V0_4
7889,8039,attributes,-11.7199,1,PASS,35,,n_v,attribute,FORM,,MASTER,0,1,0,,attribute,,,1,0,0,ESDB_V0_4
7890,8040,autonomous,-11.7199,1,PASS,35,,aj,autonomous,LEMMA,,MASTER,0,0,0,,,,,0,0,0,ESDB_V0_4
7891,8041,baron,-11.7199,1,PASS,35,,n,baron,LEMMA,,MASTER,0,0,0,,,,,0,0,0,ESDB_V0_4
7892,8042,battlefield,-11.7199,1,PASS,35,,n,battlefield,LEMMA,,MASTER,0,0,0,,,,,0,0,0,ESDB_V0_4
7893,8043,begging,-11.7199,1,PASS,35,,v;n,beg;begging,FORM;LEMMA,,MASTER,0,0,0,,,,,0,0,0,ESDB_V0_4
7894,8044,blunt,-11.7199,1,PASS,35,,v;aj,blunt,LEMMA,,MASTER,0,0,0,,,,,0,0,0,ESDB_V0_4
7895,8045,boobs,-11.7199,1,PASS,40,,n_v,boob,FORM,,MASTER,0,1,0,,boob,,,1,0,0,ESDB_V0_4
7896,8046,borrowed,-11.7199,1,PASS,35,,v,borrow,FORM,,MASTER,0,0,0,,,,,0,0,0,ESDB_V0_4
7897,8047,builds,-11.7199,1,PASS,35,,n_v,build,FORM,,MASTER,0,1,0,,build,,,1,0,0,ESDB_V0_4
7898,8048,bullying,-11.7199,1,PASS,35,,n_v;n;aj,bully;bullying,FORM;LEMMA,,MASTER,0,0,0,,,,,0,0,0,ESDB_V0_4
7899,8049,burial,-11.7199,1,PASS,35,,n,burial,LEMMA,,MASTER,0,0,0,,,,,0,0,0,ESDB_V0_4
7900,8050,buys,-11.7199,1,PASS,35,,n_v,buy,FORM,,MASTER,0,1,0,,buy,,,1,0,0,ESDB_V0_4
7901,8051,cairo,-11.7199,0,NOT_EXACT_EN_US,,,,,,,REJECTED_AUTO,0,0,0,,,,,0,0,0,ESDB_V0_4
7902,8052,calgary,-11.7199,0,NOT_EXACT_EN_US,,,,,,,REJECTED_AUTO,0,0,0,,,,,0,0,0,ESDB_V0_4
7903,8053,ch,-11.7199,0,NO_ESDB_GENERAL_EVIDENCE,,,,,,,REJECTED_AUTO,0,0,0,,,,,0,0,0,ESDB_V0_4
7904,8054,charitable,-11.7199,1,PASS,35,,aj,charitable,LEMMA,,MASTER,0,0,0,,,,,0,0,0,ESDB_V0_4
7905,8055,clarity,-11.7199,1,PASS,35,,n,clarity,LEMMA,,MASTER,0,0,0,,,,,0,0,0,ESDB_V0_4
7906,8056,cnn,-11.7199,0,NOT_EXACT_EN_US,,,,,,,REJECTED_AUTO,0,0,0,,,,,0,0,0,ESDB_V0_4
7907,8057,combining,-11.7199,1,PASS,35,,n_v;n,combine;combining,FORM;LEMMA,,MASTER,0,0,0,,,,,0,0,0,ESDB_V0_4
7908,8058,cows,-11.7199,1,PASS,35,,n;v,cow,FORM,,MASTER,0,1,0,,cow,,,1,0,0,ESDB_V0_4
7909,8059,croatia,-11.7199,0,NOT_EXACT_EN_US,,,,,,,REJECTED_AUTO,0,0,0,,,,,0,0,0,ESDB_V0_4
7910,8060,damned,-11.7199,1,PASS,35,,n_v;aj_av,damn;damned,FORM;LEMMA,,MASTER,0,0,0,,,,,0,0,0,ESDB_V0_4
7911,8061,ducks,-11.7199,1,PASS,35,,n;v,duck,FORM,,MASTER,0,1,0,,duck,,,1,0,0,ESDB_V0_4
7912,8062,dull,-11.7199,1,PASS,35,,v;aj,dull,LEMMA,,MASTER,0,0,0,,,,,0,0,0,ESDB_V0_4
7913,8063,dynasty,-11.7199,1,PASS,35,,n,dynasty,LEMMA,,MASTER,0,0,0,,,,,0,0,0,ESDB_V0_4
7914,8064,eats,-11.7199,1,PASS,35,,v,eat,FORM,,MASTER,0,1,1,,eat,seats;beats;meats;heats,,1,4,0,ESDB_V0_4
7915,8065,eden,-11.7199,0,NOT_EXACT_EN_US,,,,,,,REJECTED_AUTO,0,0,0,,,,,0,0,0,ESDB_V0_4
7916,8066,embedded,-11.7199,1,PASS,35,,v,embed,FORM,,MASTER,0,0,0,,,,,0,0,0,ESDB_V0_4
7917,8067,emphasized,-11.7199,1,PASS,35,,v;aj,emphasize;emphasized,FORM;LEMMA,,MASTER,0,1,0,,emphasize,,,1,0,0,ESDB_V0_4
7918,8068,entrepreneurs,-11.7199,1,PASS,40,,n,entrepreneur,FORM,,MASTER,0,1,0,,entrepreneur,,,1,0,0,ESDB_V0_4
7919,8069,exams,-11.7199,1,PASS,35,,n,exam,FORM,,MASTER,0,1,0,,exam,,,1,0,0,ESDB_V0_4
7920,8070,favorites,-11.7199,1,PASS,35,,n,favorite,FORM,,MASTER,0,1,0,,favorite,,,1,0,0,ESDB_V0_4
7921,8071,forgiveness,-11.7199,1,PASS,35,,n,forgiveness,LEMMA,,MASTER,0,0,0,,,,,0,0,0,ESDB_V0_4
7922,8072,fork,-11.7199,1,PASS,35,,n_v,fork,LEMMA,,MASTER,0,1,1,,for,,forks,1,1,1,ESDB_V0_4
7923,8073,fortunate,-11.7199,1,PASS,35,,aj,fortunate,LEMMA,,MASTER,0,0,0,,,,,0,0,0,ESDB_V0_4
7924,8074,frederick,-11.7199,0,NOT_EXACT_EN_US,,,,,,,REJECTED_AUTO,0,0,0,,,,,0,0,0,ESDB_V0_4
7925,8075,freed,-11.7199,1,PASS,35,,v,free,FORM,,MASTER,0,1,0,reed,free,,,2,0,0,ESDB_V0_4
7926,8076,gig,-11.7199,1,PASS,35,,n_v,gig,LEMMA,,MASTER,0,1,1,,,,gigs,0,1,1,ESDB_V0_4
7927,8077,ginger,-11.7199,1,PASS,35,50,n;aj,ginger,LEMMA,,MASTER,0,0,0,,,,,0,0,0,ESDB_V0_4
7928,8078,graves,-11.7199,1,PASS,35,50,n_v,grave,FORM,,MASTER,0,1,0,,grave,,,1,0,0,ESDB_V0_4
7929,8079,hath,-11.7199,0,NOT_EXACT_EN_US,,,,,,,REJECTED_AUTO,0,0,0,,,,,0,0,0,ESDB_V0_4
7930,8080,hers,-11.7199,1,PASS,35,,pn,she,FORM,,MASTER,0,1,0,,her,,,1,0,0,ESDB_V0_4
7931,8081,hollow,-11.7199,1,PASS,35,,n_v;aj,hollow,LEMMA,,MASTER,0,0,0,,,,,0,0,0,ESDB_V0_4
7932,8082,hypothesis,-11.7199,1,PASS,35,,n,hypothesis,LEMMA,,MASTER,0,0,0,,,,,0,0,0,ESDB_V0_4
7933,8083,idol,-11.7199,1,PASS,35,,n,idol,LEMMA,,MASTER,0,1,1,,,,idols,0,1,1,ESDB_V0_4
7934,8084,incoming,-11.7199,1,PASS,35,,aj,incoming,LEMMA,,MASTER,0,0,0,,,,,0,0,0,ESDB_V0_4
7935,8085,indicator,-11.7199,1,PASS,35,,n,indicator,LEMMA,,MASTER,0,1,1,,,,indicators,0,1,1,ESDB_V0_4
7936,8086,indonesian,-11.7199,0,NOT_EXACT_EN_US,,,,,,,REJECTED_AUTO,0,0,0,,,,,0,0,0,ESDB_V0_4
7937,8087,jamaica,-11.7199,0,NOT_EXACT_EN_US,,,,,,,REJECTED_AUTO,0,0,0,,,,,0,0,0,ESDB_V0_4
7938,8088,jewelry,-11.7199,1,PASS,35,,n,jewelry,LEMMA,,MASTER,0,0,0,,,,,0,0,0,ESDB_V0_4
7939,8089,joey,-11.7199,0,CASE_FREQ_COLLISION,60,50,n,joey,LEMMA,,REJECTED_AUTO,0,0,0,,,,,0,0,0,ESDB_V0_4
7940,8090,justification,-11.7199,1,PASS,35,,n,justification,LEMMA,,MASTER,0,0,0,,,,,0,0,0,ESDB_V0_4
7941,8091,kerry,-11.7199,0,NOT_EXACT_EN_US,,,,,,,REJECTED_AUTO,0,0,0,,,,,0,0,0,ESDB_V0_4
7942,8092,lacks,-11.7199,1,PASS,35,,v,lack,FORM,,MASTER,0,1,1,,lack,blacks,,1,1,0,ESDB_V0_4
7943,8093,lasts,-11.7199,1,PASS,35,,n_v,last,FORM,,MASTER,0,1,1,,last,blasts,,1,1,0,ESDB_V0_4
7944,8094,legit,-11.7199,1,PASS,40,,a,legit,LEMMA,,MASTER,0,0,0,,,,,0,0,0,ESDB_V0_4
7945,8095,leon,-11.7199,0,NOT_EXACT_EN_US,,,,,,,REJECTED_AUTO,0,0,0,,,,,0,0,0,ESDB_V0_4
7946,8096,liable,-11.7199,1,PASS,35,,aj,liable,LEMMA,,MASTER,0,0,0,,,,,0,0,0,ESDB_V0_4
7947,8097,mc,-11.7199,0,NOT_EXACT_EN_US,,,,,,,REJECTED_AUTO,0,0,0,,,,,0,0,0,ESDB_V0_4
7948,8098,module,-11.7199,1,PASS,35,,n,module,LEMMA,,MASTER,0,1,1,,,,modules,0,1,1,ESDB_V0_4
7949,8099,monkeys,-11.7199,1,PASS,35,,n_v,monkey,FORM,,MASTER,0,1,0,,monkey,,,1,0,0,ESDB_V0_4
7950,8100,mortal,-11.7199,1,PASS,35,,n;aj,mortal,LEMMA,,MASTER,0,0,0,,,,,0,0,0,ESDB_V0_4
7951,8101,nationalist,-11.7199,1,PASS,35,,n;aj,nationalist,LEMMA,,MASTER,0,1,1,,,,nationalists,0,1,1,ESDB_V0_4
7952,8102,nationwide,-11.7199,1,PASS,35,50,aj_av,nationwide,LEMMA,,MASTER,0,0,0,,,,,0,0,0,ESDB_V0_4
7953,8103,nazis,-11.7199,0,NOT_EXACT_EN_US,,,,,,,REJECTED_AUTO,0,0,0,,,,,0,0,0,ESDB_V0_4
7954,8104,needing,-11.7199,1,PASS,35,,n_v,need,FORM,,MASTER,0,0,0,,,,,0,0,0,ESDB_V0_4
7955,8105,ni,-11.7199,0,NOT_EXACT_EN_US,,,,,,,REJECTED_AUTO,0,0,0,,,,,0,0,0,ESDB_V0_4
7956,8106,nyc,-11.7199,0,NOT_EXACT_EN_US,,,,,,,REJECTED_AUTO,0,0,0,,,,,0,0,0,ESDB_V0_4
7957,8107,orlando,-11.7199,0,NOT_EXACT_EN_US,,,,,,,REJECTED_AUTO,0,0,0,,,,,0,0,0,ESDB_V0_4
7958,8108,palestinians,-11.7199,0,NOT_EXACT_EN_US,,,,,,,REJECTED_AUTO,0,0,0,,,,,0,0,0,ESDB_V0_4
7959,8109,particle,-11.7199,1,PASS,35,,n,particle,LEMMA,,MASTER,0,1,1,article,,,particles,1,1,1,ESDB_V0_4
7960,8110,pdf,-11.7199,0,NOT_EXACT_EN_US,,,,,,,REJECTED_AUTO,0,0,0,,,,,0,0,0,ESDB_V0_4
7961,8111,polling,-11.7199,1,PASS,35,,n_v;n,poll;polling,FORM;LEMMA,,MASTER,0,0,0,,,,,0,0,0,ESDB_V0_4
7962,8112,preferences,-11.7199,1,PASS,35,,n,preference,FORM,,MASTER,0,1,0,references,preference,,,2,0,0,ESDB_V0_4
7963,8113,probe,-11.7199,1,PASS,35,,n_v,probe,LEMMA,,MASTER,0,1,1,robe,,,probes,1,1,1,ESDB_V0_4
7964,8114,professors,-11.7199,1,PASS,35,,n,professor,FORM,,MASTER,0,1,0,,professor,,,1,0,0,ESDB_V0_4
7965,8115,prone,-11.7199,1,PASS,35,,aj,prone,LEMMA,,MASTER,0,0,0,,,,,0,0,0,ESDB_V0_4
7966,8116,pt,-11.7199,0,NO_ESDB_GENERAL_EVIDENCE,,,,,,,REJECTED_AUTO,0,0,0,,,,,0,0,0,ESDB_V0_4
7967,8117,puzzle,-11.7199,1,PASS,35,,n_v,puzzle,LEMMA,,MASTER,0,1,1,,,,puzzles,0,1,1,ESDB_V0_4
7968,8118,ranch,-11.7199,1,PASS,35,,n_v,ranch,LEMMA,,MASTER,0,1,1,,,branch,,0,1,0,ESDB_V0_4
7969,8119,reagan,-11.7199,0,NOT_EXACT_EN_US,,,,,,,REJECTED_AUTO,0,0,0,,,,,0,0,0,ESDB_V0_4
7970,8120,regulate,-11.7199,1,PASS,35,,v,regulate,LEMMA,,MASTER,0,1,1,,,,regulated;regulates,0,2,2,ESDB_V0_4
7971,8121,relates,-11.7199,1,PASS,35,,v,relate,FORM,,MASTER,0,1,0,,relate,,,1,0,0,ESDB_V0_4
7972,8122,reproduction,-11.7199,1,PASS,35,,n,reproduction,LEMMA,,MASTER,0,0,0,,,,,0,0,0,ESDB_V0_4
7973,8123,reservation,-11.7199,1,PASS,35,,n,reservation,LEMMA,,MASTER,0,1,1,,,preservation,reservations,0,2,1,ESDB_V0_4
7974,8124,respiratory,-11.7199,1,PASS,35,,aj,respiratory,LEMMA,,MASTER,0,0,0,,,,,0,0,0,ESDB_V0_4
7975,8125,rivals,-11.7199,1,PASS,35,,n_v,rival,FORM,,MASTER,0,1,0,,rival,,,1,0,0,ESDB_V0_4
7976,8126,roosevelt,-11.7199,0,NOT_EXACT_EN_US,,,,,,,REJECTED_AUTO,0,0,0,,,,,0,0,0,ESDB_V0_4
7977,8127,ruler,-11.7199,1,PASS,35,,n,ruler,LEMMA,,MASTER,0,1,1,,rule,,rulers,1,1,1,ESDB_V0_4
7978,8128,secondly,-11.7199,1,PASS,35,,av,secondly,LEMMA,,MASTER,0,0,0,,,,,0,0,0,ESDB_V0_4
7979,8129,shepherd,-11.7199,1,PASS,35,50,n_v,shepherd,LEMMA,,MASTER,0,1,1,,,,shepherds,0,1,1,ESDB_V0_4
7980,8130,singles,-11.7199,1,PASS,35,,n_v;n,single;singles,FORM;LEMMA,,MASTER,0,1,0,,single,,,1,0,0,ESDB_V0_4
7981,8131,smoked,-11.7199,1,PASS,35,,n_v;aj,smoke;smoked,FORM;LEMMA,,MASTER,0,1,0,,smoke,,,1,0,0,ESDB_V0_4
7982,8132,starter,-11.7199,1,PASS,35,,n,starter,LEMMA,,MASTER,0,1,1,,,,starters,0,1,1,ESDB_V0_4
7983,8134,stepping,-11.7199,1,PASS,35,,n_v,step,FORM,,MASTER,0,0,0,,,,,0,0,0,ESDB_V0_4
7984,8135,stuffed,-11.7199,1,PASS,35,,v;aj,stuff;stuffed,FORM;LEMMA,,MASTER,0,0,0,,,,,0,0,0,ESDB_V0_4
7985,8136,superb,-11.7199,1,PASS,35,,aj,superb,LEMMA,,MASTER,0,1,0,,super,,,1,0,0,ESDB_V0_4
7986,8137,terrified,-11.7199,1,PASS,35,,aj;v,terrified;terrify,LEMMA;FORM,,MASTER,0,0,0,,,,,0,0,0,ESDB_V0_4
7987,8138,thirteen,-11.7199,1,PASS,35,,n,thirteen,LEMMA,,MASTER,0,0,0,,,,,0,0,0,ESDB_V0_4
7988,8139,tits,-11.7199,1,PASS,35,,n,tit,FORM,,MASTER,0,1,0,its,tit,,,2,0,0,ESDB_V0_4
7989,8140,traits,-11.7199,1,PASS,35,,n,trait,FORM,,MASTER,0,1,1,,trait,straits,,1,1,0,ESDB_V0_4
7990,8141,trim,-11.7199,1,PASS,35,,n_v;aj,trim,LEMMA,,MASTER,0,1,0,rim,,,,1,0,0,ESDB_V0_4
7991,8142,troy,-11.7199,0,CASE_FREQ_COLLISION,50,50,a,troy,LEMMA,,REJECTED_AUTO,0,0,0,,,,,0,0,0,ESDB_V0_4
7992,8143,tuition,-11.7199,1,PASS,35,,n,tuition,LEMMA,,MASTER,0,0,0,,,,,0,0,0,ESDB_V0_4
7993,8144,underwater,-11.7199,1,PASS,35,,aj,underwater,LEMMA,,MASTER,0,0,0,,,,,0,0,0,ESDB_V0_4
7994,8145,unite,-11.7199,1,PASS,35,,v,unite,LEMMA,,MASTER,0,1,1,,unit,,united,1,1,1,ESDB_V0_4
7995,8146,upload,-11.7199,1,PASS,35,,v,upload,LEMMA,,MASTER,0,0,0,,,,,0,0,0,ESDB_V0_4
7996,8147,velocity,-11.7199,1,PASS,35,,n,velocity,LEMMA,,MASTER,0,0,0,,,,,0,0,0,ESDB_V0_4
7997,8148,vicinity,-11.7199,1,PASS,35,,n,vicinity,LEMMA,,MASTER,0,0,0,,,,,0,0,0,ESDB_V0_4
7998,8149,vladimir,-11.7199,0,NOT_EXACT_EN_US,,,,,,,REJECTED_AUTO,0,0,0,,,,,0,0,0,ESDB_V0_4
7999,8150,zombie,-11.7199,1,PASS,35,,n,zombie,LEMMA,,MASTER,0,1,1,,,,zombies,0,1,1,ESDB_V0_4
8000,8151,accepts,-11.7436,1,PASS,35,,v,accept,FORM,,MASTER,0,1,0,,accept,,,1,0,0,ESDB_V0_4
8001,8152,aiming,-11.7436,1,PASS,35,,n_v,aim,FORM,,MASTER,0,0,0,,,,,0,0,0,ESDB_V0_4
8002,8153,alcoholic,-11.7436,1,PASS,35,,n;aj,alcoholic,LEMMA,,MASTER,0,0,0,,,,,0,0,0,ESDB_V0_4
8003,8154,atmospheric,-11.7436,1,PASS,35,,aj,atmospheric,LEMMA,,MASTER,0,0,0,,,,,0,0,0,ESDB_V0_4
8004,8155,automobile,-11.7436,1,PASS,35,,n;a,automobile,LEMMA,,MASTER,0,1,1,,,,automobiles,0,1,1,ESDB_V0_4
8005,8156,bargain,-11.7436,1,PASS,35,,n_v,bargain,LEMMA,,MASTER,0,0,0,,,,,0,0,0,ESDB_V0_4
8006,8157,barn,-11.7436,1,PASS,35,,n,barn,LEMMA,,MASTER,0,1,0,,bar,,,1,0,0,ESDB_V0_4
8007,8158,beatles,-11.7436,0,NOT_EXACT_EN_US,,,,,,,REJECTED_AUTO,0,0,0,,,,,0,0,0,ESDB_V0_4
8008,8159,betty,-11.7436,0,NOT_EXACT_EN_US,,,,,,,REJECTED_AUTO,0,0,0,,,,,0,0,0,ESDB_V0_4
8009,8160,billions,-11.7436,1,PASS,35,,n,billion,FORM,,MASTER,0,1,0,,billion,,,1,0,0,ESDB_V0_4
8010,8161,boo,-11.7436,1,PASS,35,,n_v;i,boo,LEMMA,,MASTER,0,1,1,,,,book;boom;boot;boon;boob,0,5,0,ESDB_V0_4
8011,8162,brakes,-11.7436,1,PASS,35,,n_v,brake,FORM,,MASTER,0,1,0,,brake,,,1,0,0,ESDB_V0_4
8012,8163,breasts,-11.7436,1,PASS,35,,n_v,breast,FORM,,MASTER,0,1,0,,breast,,,1,0,0,ESDB_V0_4
8013,8164,brisbane,-11.7436,0,NOT_EXACT_EN_US,,,,,,,REJECTED_AUTO,0,0,0,,,,,0,0,0,ESDB_V0_4
8014,8165,bruno,-11.7436,0,NOT_EXACT_EN_US,,,,,,,REJECTED_AUTO,0,0,0,,,,,0,0,0,ESDB_V0_4
8015,8166,bs,-11.7436,0,NOT_EXACT_EN_US,,,,,,,REJECTED_AUTO,0,0,0,,,,,0,0,0,ESDB_V0_4
8016,8168,canadians,-11.7436,0,NOT_EXACT_EN_US,,,,,,,REJECTED_AUTO,0,0,0,,,,,0,0,0,ESDB_V0_4
8017,8169,capitol,-11.7436,0,CASE_FREQ_COLLISION,40,40,n,capitol,LEMMA,,REJECTED_AUTO,0,0,0,,,,,0,0,0,ESDB_V0_4
8018,8170,carved,-11.7436,1,PASS,35,,v;aj,carve;carved,FORM;LEMMA,,MASTER,0,1,0,,carve,,,1,0,0,ESDB_V0_4
8019,8171,catches,-11.7436,1,PASS,35,,n_v,catch,FORM,,MASTER,0,0,0,,,,,0,0,0,ESDB_V0_4
8020,8172,champ,-11.7436,1,PASS,35,,n_v,champ,LEMMA,,MASTER,0,1,1,,,,champs,0,1,1,ESDB_V0_4
8021,8173,cod,-11.7436,1,PASS,35,50,n,cod,LEMMA;FORM,,MASTER,0,1,1,,,,code,0,1,0,ESDB_V0_4
8022,8174,cohen,-11.7436,0,NOT_EXACT_EN_US,,,,,,,REJECTED_AUTO,0,0,0,,,,,0,0,0,ESDB_V0_4
8023,8175,comedian,-11.7436,1,PASS,35,,n,comedian,LEMMA,,MASTER,0,1,1,,,,comedians,0,1,1,ESDB_V0_4
8024,8176,confined,-11.7436,1,PASS,35,,n_v;aj,confine;confined,FORM;LEMMA,,MASTER,0,0,0,,,,,0,0,0,ESDB_V0_4
8025,8177,confirms,-11.7436,1,PASS,35,,v,confirm,FORM,,MASTER,0,1,0,,confirm,,,1,0,0,ESDB_V0_4
8026,8178,constitutes,-11.7436,1,PASS,35,,v,constitute,FORM,,MASTER,0,1,0,,constitute,,,1,0,0,ESDB_V0_4
8027,8179,continuity,-11.7436,1,PASS,35,,n,continuity,LEMMA,,MASTER,0,0,0,,,,,0,0,0,ESDB_V0_4
8028,8180,contracted,-11.7436,1,PASS,35,,n_v;aj,contract;contracted,FORM;LEMMA,,MASTER,0,0,0,,,,,0,0,0,ESDB_V0_4
8029,8181,conventions,-11.7436,1,PASS,35,,n,convention,FORM,,MASTER,0,1,0,,convention,,,1,0,0,ESDB_V0_4
8030,8182,crane,-11.7436,1,PASS,35,50,n_v,crane,LEMMA,,MASTER,0,1,1,,,,cranes,0,1,1,ESDB_V0_4
8031,8183,davies,-11.7436,0,NOT_EXACT_EN_US,,,,,,,REJECTED_AUTO,0,0,0,,,,,0,0,0,ESDB_V0_4
8032,8184,delight,-11.7436,1,PASS,35,,n_v,delight,LEMMA,,MASTER,0,1,1,,,,delights,0,1,1,ESDB_V0_4
8033,8185,denying,-11.7436,1,PASS,35,,v,deny,FORM,,MASTER,0,0,0,,,,,0,0,0,ESDB_V0_4
8034,8186,deployment,-11.7436,1,PASS,40,,n,deployment,LEMMA,,MASTER,0,0,0,,,,,0,0,0,ESDB_V0_4
8035,8187,dioxide,-11.7436,1,PASS,35,,n,dioxide,LEMMA,,MASTER,0,0,0,,,,,0,0,0,ESDB_V0_4
8036,8188,distances,-11.7436,1,PASS,35,,n_v,distance,FORM,,MASTER,0,1,0,,distance,,,1,0,0,ESDB_V0_4
8037,8189,drake,-11.7436,1,PASS,40,50,n,drake,LEMMA,,MASTER,0,1,0,rake,,,,1,0,0,ESDB_V0_4
8038,8190,drought,-11.7436,1,PASS,35,,n,drought,LEMMA,,MASTER,0,0,0,,,,,0,0,0,ESDB_V0_4
8039,8191,elevation,-11.7436,1,PASS,35,,n,elevation,LEMMA,,MASTER,0,0,0,,,,,0,0,0,ESDB_V0_4
8040,8192,ellis,-11.7436,0,NOT_EXACT_EN_US,,,,,,,REJECTED_AUTO,0,0,0,,,,,0,0,0,ESDB_V0_4
8041,8193,excuses,-11.7436,1,PASS,35,,n_v,excuse,FORM,,MASTER,0,1,0,,excuse,,,1,0,0,ESDB_V0_4
8042,8194,explored,-11.7436,1,PASS,35,,v,explore,FORM,,MASTER,0,1,0,,explore,,,1,0,0,ESDB_V0_4
8043,8195,farewell,-11.7436,1,PASS,35,,n;v;a;i,farewell,LEMMA,,MASTER,0,0,0,,,,,0,0,0,ESDB_V0_4
8044,8196,fatigue,-11.7436,1,PASS,35,,n;v,fatigue,LEMMA,,MASTER,0,0,0,,,,,0,0,0,ESDB_V0_4
8045,8197,festivals,-11.7436,1,PASS,35,,n,festival,FORM,,MASTER,0,1,0,,festival,,,1,0,0,ESDB_V0_4
8046,8198,fortress,-11.7436,1,PASS,35,,n,fortress,LEMMA,,MASTER,0,0,0,,,,,0,0,0,ESDB_V0_4
8047,8199,fry,-11.7436,1,PASS,35,50,v;n,fry,LEMMA;FORM,,MASTER,0,0,0,,,,,0,0,0,ESDB_V0_4
8048,8200,generator,-11.7436,1,PASS,35,,n,generator,LEMMA,,MASTER,0,1,1,,,,generators,0,1,1,ESDB_V0_4
8049,8201,guild,-11.7436,1,PASS,35,,n,guild,LEMMA,,MASTER,0,0,0,,,,,0,0,0,ESDB_V0_4
8050,8202,handy,-11.7436,1,PASS,35,50,aj,handy,LEMMA,,MASTER,0,1,0,,hand,,,1,0,0,ESDB_V0_4
8051,8203,heroin,-11.7436,1,PASS,35,,n,heroin,LEMMA,,MASTER,0,1,1,,,,heroine,0,1,0,ESDB_V0_4
8052,8204,hm,-11.7436,0,NOT_EXACT_EN_US,,,,,,,REJECTED_AUTO,0,0,0,,,,,0,0,0,ESDB_V0_4
8053,8205,illustration,-11.7436,1,PASS,35,,n,illustration,LEMMA,,MASTER,0,1,1,,,,illustrations,0,1,1,ESDB_V0_4
8054,8206,impacts,-11.7436,1,PASS,35,,n_v,impact,FORM,,MASTER,0,1,0,,impact,,,1,0,0,ESDB_V0_4
8055,8207,implied,-11.7436,1,PASS,35,,v,imply,FORM,,MASTER,0,0,0,,,,,0,0,0,ESDB_V0_4
8056,8208,impress,-11.7436,1,PASS,35,,n_v,impress,LEMMA,,MASTER,0,0,0,,,,,0,0,0,ESDB_V0_4
8057,8209,inspiring,-11.7436,1,PASS,35,,v;aj,inspire;inspiring,FORM;LEMMA,,MASTER,0,0,0,,,,,0,0,0,ESDB_V0_4
8058,8210,itunes,-11.7436,0,NOT_EXACT_EN_US,,,,,,,REJECTED_AUTO,0,0,0,,,,,0,0,0,ESDB_V0_4
8059,8211,ivory,-11.7436,1,PASS,35,50,n;a,ivory,LEMMA,,MASTER,0,0,0,,,,,0,0,0,ESDB_V0_4
8060,8212,kay,-11.7436,0,NOT_EXACT_EN_US,,,,,,,REJECTED_AUTO,0,0,0,,,,,0,0,0,ESDB_V0_4
8061,8213,lance,-11.7436,1,PASS,35,50,n_v,lance,LEMMA,,MASTER,0,1,1,,,glance,,0,1,0,ESDB_V0_4
8062,8214,lengths,-11.7436,1,PASS,35,,n,length,FORM,,MASTER,0,1,0,,length,,,1,0,0,ESDB_V0_4
8063,8215,lightly,-11.7436,1,PASS,35,,av,lightly,LEMMA,,MASTER,0,1,1,,,slightly,,0,1,0,ESDB_V0_4
8064,8216,lyon,-11.7436,0,NOT_EXACT_EN_US,,,,,,,REJECTED_AUTO,0,0,0,,,,,0,0,0,ESDB_V0_4
8065,8217,marines,-11.7436,1,PASS,35,60,n,marine,FORM,,MASTER,0,1,0,,marine,,,1,0,0,ESDB_V0_4
8066,8218,memorable,-11.7436,1,PASS,35,,aj,memorable,LEMMA,,MASTER,0,0,0,,,,,0,0,0,ESDB_V0_4
8067,8219,mercedes,-11.7436,0,NOT_EXACT_EN_US,,,,,,,REJECTED_AUTO,0,0,0,,,,,0,0,0,ESDB_V0_4
8068,8220,misery,-11.7436,1,PASS,35,,n,misery,LEMMA,,MASTER,0,0,0,,,,,0,0,0,ESDB_V0_4
8069,8221,monica,-11.7436,0,NOT_EXACT_EN_US,,,,,,,REJECTED_AUTO,0,0,0,,,,,0,0,0,ESDB_V0_4
8070,8222,neat,-11.7436,1,PASS,35,,aj,neat,LEMMA,,MASTER,0,1,0,eat,,,,1,0,0,ESDB_V0_4
8071,8223,newest,-11.7436,1,PASS,35,,aj_av,new,FORM,,MASTER,0,0,0,,,,,0,0,0,ESDB_V0_4
8072,8224,nsa,-11.7436,0,NOT_EXACT_EN_US,,,,,,,REJECTED_AUTO,0,0,0,,,,,0,0,0,ESDB_V0_4
8073,8225,obstacles,-11.7436,1,PASS,35,,n,obstacle,FORM,,MASTER,0,1,0,,obstacle,,,1,0,0,ESDB_V0_4
8074,8226,panama,-11.7436,0,CASE_FREQ_COLLISION,60,50,n,panama,LEMMA,,REJECTED_AUTO,0,0,0,,,,,0,0,0,ESDB_V0_4
8075,8228,plague,-11.7436,1,PASS,35,,n_v,plague,LEMMA,,MASTER,0,1,1,,,,plagued,0,1,1,ESDB_V0_4
8076,8229,plasma,-11.7436,1,PASS,35,,n,plasma,LEMMA,,MASTER,0,0,0,,,,,0,0,0,ESDB_V0_4
8077,8230,polite,-11.7436,1,PASS,35,,aj,polite,LEMMA,,MASTER,0,0,0,,,,,0,0,0,ESDB_V0_4
8078,8231,prestigious,-11.7436,1,PASS,35,,aj,prestigious,LEMMA,,MASTER,0,0,0,,,,,0,0,0,ESDB_V0_4
8079,8232,prevents,-11.7436,1,PASS,35,,v,prevent,FORM,,MASTER,0,1,0,,prevent,,,1,0,0,ESDB_V0_4
8080,8233,preview,-11.7436,1,PASS,35,,n_v;n,preview,LEMMA,,MASTER,0,1,1,review,,,previews,1,1,1,ESDB_V0_4
8081,8234,processor,-11.7436,1,PASS,35,,n,processor,LEMMA,,MASTER,0,1,1,,,,processors,0,1,1,ESDB_V0_4
8082,8235,progression,-11.7436,1,PASS,35,,n,progression,LEMMA,,MASTER,0,0,0,,,,,0,0,0,ESDB_V0_4
8083,8236,prohibition,-11.7436,1,PASS,35,40,n,prohibition,LEMMA,,MASTER,0,0,0,,,,,0,0,0,ESDB_V0_4
8084,8237,prompted,-11.7436,1,PASS,35,,n_v,prompt,FORM,,MASTER,0,0,0,,,,,0,0,0,ESDB_V0_4
8085,8238,proximity,-11.7436,1,PASS,35,,n,proximity,LEMMA,,MASTER,0,0,0,,,,,0,0,0,ESDB_V0_4
8086,8239,randy,-11.7436,0,CASE_FREQ_COLLISION,50,50,aj,randy,LEMMA,,REJECTED_AUTO,0,0,0,,,,,0,0,0,ESDB_V0_4
8087,8240,rebecca,-11.7436,0,NOT_EXACT_EN_US,,,,,,,REJECTED_AUTO,0,0,0,,,,,0,0,0,ESDB_V0_4
8088,8241,recruiting,-11.7436,1,PASS,35,,n_v,recruit,FORM,,MASTER,0,0,0,,,,,0,0,0,ESDB_V0_4
8089,8242,relaxing,-11.7436,1,PASS,35,,v;aj,relax;relaxing,FORM;LEMMA,,MASTER,0,0,0,,,,,0,0,0,ESDB_V0_4
8090,8243,res,-11.7436,0,NO_ESDB_GENERAL_EVIDENCE,,,,,,,REJECTED_AUTO,0,0,0,,,,,0,0,0,ESDB_V0_4
8091,8244,richardson,-11.7436,0,NOT_EXACT_EN_US,,,,,,,REJECTED_AUTO,0,0,0,,,,,0,0,0,ESDB_V0_4
8092,8245,robots,-11.7436,1,PASS,35,,n,robot,FORM,,MASTER,0,1,0,,robot,,,1,0,0,ESDB_V0_4
8093,8246,roller,-11.7436,1,PASS,35,,n,roller,LEMMA,,MASTER,0,1,1,,,,rollers,0,1,1,ESDB_V0_4
8094,8247,runners,-11.7436,1,PASS,35,,n,runner,FORM,,MASTER,0,1,0,,runner,,,1,0,0,ESDB_V0_4
8095,8248,shane,-11.7436,0,NOT_EXACT_EN_US,,,,,,,REJECTED_AUTO,0,0,0,,,,,0,0,0,ESDB_V0_4
8096,8249,sharon,-11.7436,0,NOT_EXACT_EN_US,,,,,,,REJECTED_AUTO,0,0,0,,,,,0,0,0,ESDB_V0_4
8097,8250,shuttle,-11.7436,1,PASS,35,,n_v,shuttle,LEMMA,,MASTER,0,0,0,,,,,0,0,0,ESDB_V0_4
8098,8251,sodium,-11.7436,1,PASS,35,,n,sodium,LEMMA,,MASTER,0,0,0,,,,,0,0,0,ESDB_V0_4
8099,8252,specify,-11.7436,1,PASS,35,,v,specify,LEMMA,,MASTER,0,0,0,,,,,0,0,0,ESDB_V0_4
8100,8253,stare,-11.7436,1,PASS,35,,n_v,stare,LEMMA,,MASTER,0,1,1,,star,,stared;stares,1,2,2,ESDB_V0_4
8101,8254,suppliers,-11.7436,1,PASS,35,,n,supplier,FORM,,MASTER,0,1,0,,supplier,,,1,0,0,ESDB_V0_4
8102,8255,tempted,-11.7436,1,PASS,35,,v,tempt,FORM,,MASTER,0,0,0,,,,,0,0,0,ESDB_V0_4
8103,8256,texture,-11.7436,1,PASS,35,,n_v,texture,LEMMA,,MASTER,0,1,1,,,,textures,0,1,1,ESDB_V0_4
8104,8257,thief,-11.7436,1,PASS,35,,n,thief,LEMMA,,MASTER,0,0,0,,,,,0,0,0,ESDB_V0_4
8105,8258,thrust,-11.7436,1,PASS,35,,n;v,thrust,LEMMA;FORM,,MASTER,0,0,0,,,,,0,0,0,ESDB_V0_4
8106,8259,umbrella,-11.7436,1,PASS,35,,n;aj,umbrella,LEMMA,,MASTER,0,0,0,,,,,0,0,0,ESDB_V0_4
8107,8260,unstable,-11.7436,1,PASS,35,,aj,unstable,LEMMA,,MASTER,0,0,0,,,,,0,0,0,ESDB_V0_4
8108,8261,vector,-11.7436,1,PASS,35,,n;v,vector,LEMMA,,MASTER,0,1,1,,,,vectors,0,1,1,ESDB_V0_4
8109,8262,verbal,-11.7436,1,PASS,35,,n;aj,verbal,LEMMA,,MASTER,0,0,0,,,,,0,0,0,ESDB_V0_4
8110,8263,volleyball,-11.7436,1,PASS,35,,n,volleyball,LEMMA,,MASTER,0,0,0,,,,,0,0,0,ESDB_V0_4
8111,8264,waist,-11.7436,1,PASS,35,,n,waist,LEMMA,,MASTER,0,0,0,,,,,0,0,0,ESDB_V0_4
8112,8265,wang,-11.7436,0,NOT_EXACT_EN_US,,,,,,,REJECTED_AUTO,0,0,0,,,,,0,0,0,ESDB_V0_4
8113,8266,weaker,-11.7436,1,PASS,35,,aj,weak,FORM,,MASTER,0,0,0,,,,,0,0,0,ESDB_V0_4
8114,8267,willie,-11.7436,0,NOT_EXACT_EN_US,,,,,,,REJECTED_AUTO,0,0,0,,,,,0,0,0,ESDB_V0_4
8115,8268,willingness,-11.7436,1,PASS,35,,n,willingness,LEMMA,,MASTER,0,0,0,,,,,0,0,0,ESDB_V0_4
8116,8269,winston,-11.7436,0,NOT_EXACT_EN_US,,,,,,,REJECTED_AUTO,0,0,0,,,,,0,0,0,ESDB_V0_4
8117,8270,yankees,-11.7436,0,NOT_EXACT_EN_US,,,,,,,REJECTED_AUTO,0,0,0,,,,,0,0,0,ESDB_V0_4
8118,8271,yemen,-11.7436,0,NOT_EXACT_EN_US,,,,,,,REJECTED_AUTO,0,0,0,,,,,0,0,0,ESDB_V0_4
8119,8272,aerial,-11.7665,1,PASS,35,,n;aj,aerial,LEMMA,,MASTER,0,0,0,,,,,0,0,0,ESDB_V0_4
8120,8273,amber,-11.7665,1,PASS,35,50,n;aj,amber,LEMMA,,MASTER,0,0,0,,,,,0,0,0,ESDB_V0_4
8121,8274,ana,-11.7665,0,NOT_EXACT_EN_US,,,,,,,REJECTED_AUTO,0,0,0,,,,,0,0,0,ESDB_V0_4
8122,8275,andrea,-11.7665,0,NOT_EXACT_EN_US,,,,,,,REJECTED_AUTO,0,0,0,,,,,0,0,0,ESDB_V0_4
8123,8276,anglo,-11.7665,0,NOT_EXACT_EN_US,,,,,,,REJECTED_AUTO,0,0,0,,,,,0,0,0,ESDB_V0_4
8124,8277,applause,-11.7665,1,PASS,35,,n,applause,LEMMA,,MASTER,0,0,0,,,,,0,0,0,ESDB_V0_4
8125,8278,apples,-11.7665,1,PASS,35,,n,apple,FORM,,MASTER,0,1,0,,apple,,,1,0,0,ESDB_V0_4
8126,8279,appointments,-11.7665,1,PASS,35,,n,appointment,FORM,,MASTER,0,1,0,,appointment,,,1,0,0,ESDB_V0_4
8127,8280,assessed,-11.7665,1,PASS,35,,v,assess,FORM,,MASTER,0,0,0,,,,,0,0,0,ESDB_V0_4
8128,8281,attractions,-11.7665,1,PASS,35,,n,attraction,FORM,,MASTER,0,1,0,,attraction,,,1,0,0,ESDB_V0_4
8129,8282,barnes,-11.7665,0,NOT_EXACT_EN_US,,,,,,,REJECTED_AUTO,0,0,0,,,,,0,0,0,ESDB_V0_4
8130,8283,berry,-11.7665,1,PASS,35,50,n_v,berry,LEMMA,,MASTER,0,0,0,,,,,0,0,0,ESDB_V0_4
8131,8284,bizarre,-11.7665,1,PASS,35,,aj,bizarre,LEMMA,,MASTER,0,0,0,,,,,0,0,0,ESDB_V0_4
8132,8285,butterfly,-11.7665,1,PASS,35,,n_v,butterfly,LEMMA,,MASTER,0,0,0,,,,,0,0,0,ESDB_V0_4
8133,8286,cement,-11.7665,1,PASS,35,,n;v,cement,LEMMA,,MASTER,0,0,0,,,,,0,0,0,ESDB_V0_4
8134,8287,charities,-11.7665,1,PASS,35,,n,charity,FORM,,MASTER,0,0,0,,,,,0,0,0,ESDB_V0_4
8135,8288,christine,-11.7665,0,NOT_EXACT_EN_US,,,,,,,REJECTED_AUTO,0,0,0,,,,,0,0,0,ESDB_V0_4
8136,8289,claude,-11.7665,0,NOT_EXACT_EN_US,,,,,,,REJECTED_AUTO,0,0,0,,,,,0,0,0,ESDB_V0_4
8137,8290,cleaner,-11.7665,1,PASS,35,,aj_av;n,clean;cleaner,FORM;LEMMA,,MASTER,0,1,1,,,,cleaners,0,1,1,ESDB_V0_4
8138,8291,commodities,-11.7665,1,PASS,35,,n,commodity,FORM,,MASTER,0,0,0,,,,,0,0,0,ESDB_V0_4
8139,8292,compelling,-11.7665,1,PASS,35,,v;aj,compel;compelling,FORM;LEMMA,,MASTER,0,0,0,,,,,0,0,0,ESDB_V0_4
8140,8293,conditioning,-11.7665,1,PASS,35,,n_v;n,condition;conditioning,FORM;LEMMA,,MASTER,0,0,0,,,,,0,0,0,ESDB_V0_4
8141,8294,conquest,-11.7665,1,PASS,35,,n,conquest,LEMMA,,MASTER,0,0,0,,,,,0,0,0,ESDB_V0_4
8142,8295,consuming,-11.7665,1,PASS,35,,v;aj,consume;consuming,FORM;LEMMA,,MASTER,0,0,0,,,,,0,0,0,ESDB_V0_4
8143,8296,cooler,-11.7665,1,PASS,35,,aj;n,cool;cooler,FORM;LEMMA,,MASTER,0,0,0,,,,,0,0,0,ESDB_V0_4
8144,8297,cracking,-11.7665,1,PASS,35,,n_v;n;aj,crack;cracking,FORM;LEMMA,,MASTER,0,0,0,,,,,0,0,0,ESDB_V0_4
8145,8298,cracks,-11.7665,1,PASS,35,,n_v,crack,FORM,,MASTER,0,1,0,racks,crack,,,2,0,0,ESDB_V0_4
8146,8299,credibility,-11.7665,1,PASS,35,,n,credibility,LEMMA,,MASTER,0,0,0,,,,,0,0,0,ESDB_V0_4
8147,8300,cum,-11.7665,0,CASE_FREQ_COLLISION,60,60,v;n;c,cum,LEMMA,,REJECTED_AUTO,0,0,0,,,,,0,0,0,ESDB_V0_4
8148,8301,dakota,-11.7665,0,NOT_EXACT_EN_US,,,,,,,REJECTED_AUTO,0,0,0,,,,,0,0,0,ESDB_V0_4
8149,8302,dancers,-11.7665,1,PASS,35,,n,dancer,FORM,,MASTER,0,1,0,,dancer,,,1,0,0,ESDB_V0_4
8150,8303,daylight,-11.7665,1,PASS,35,,n;a,daylight,LEMMA,,MASTER,0,0,0,,,,,0,0,0,ESDB_V0_4
8151,8304,demonstrations,-11.7665,1,PASS,35,,n,demonstration,FORM,,MASTER,0,1,0,,demonstration,,,1,0,0,ESDB_V0_4
8152,8305,departed,-11.7665,1,PASS,35,,v;n,depart;departed,FORM;LEMMA,,MASTER,0,0,0,,,,,0,0,0,ESDB_V0_4
8153,8306,designing,-11.7665,1,PASS,35,,n_v;n,design;designing,FORM;LEMMA,,MASTER,0,0,0,,,,,0,0,0,ESDB_V0_4
8154,8307,discretion,-11.7665,1,PASS,35,,n,discretion,LEMMA,,MASTER,0,0,0,,,,,0,0,0,ESDB_V0_4
8155,8308,ditch,-11.7665,1,PASS,35,,n_v,ditch,LEMMA,,MASTER,0,1,0,itch,,,,1,0,0,ESDB_V0_4
8156,8309,doubled,-11.7665,1,PASS,35,,n_v;aj,double;doubled,FORM;LEMMA,,MASTER,0,1,0,,double,,,1,0,0,ESDB_V0_4
8157,8310,downs,-11.7665,1,PASS,35,50,n_v,down,FORM,,MASTER,0,1,0,owns,down,,,2,0,0,ESDB_V0_4
8158,8311,economically,-11.7665,1,PASS,35,,av,economically,LEMMA,,MASTER,0,0,0,,,,,0,0,0,ESDB_V0_4
8159,8312,endangered,-11.7665,1,PASS,35,,v;aj,endanger;endangered,FORM;LEMMA,,MASTER,0,0,0,,,,,0,0,0,ESDB_V0_4
8160,8313,escort,-11.7665,1,PASS,35,,n_v,escort,LEMMA,,MASTER,0,1,1,,,,escorts,0,1,1,ESDB_V0_4
8161,8314,estates,-11.7665,1,PASS,35,,n,estate,FORM,,MASTER,0,1,0,states,estate,,,2,0,0,ESDB_V0_4
8162,8315,exploit,-11.7665,1,PASS,35,,n_v,exploit,LEMMA,,MASTER,0,1,1,,,,exploits,0,1,1,ESDB_V0_4
8163,8316,finishes,-11.7665,1,PASS,35,,n_v,finish,FORM,,MASTER,0,0,0,,,,,0,0,0,ESDB_V0_4
8164,8317,fist,-11.7665,1,PASS,35,,n,fist,LEMMA,,MASTER,0,1,1,,,,fists,0,1,1,ESDB_V0_4
8165,8318,flu,-11.7665,1,PASS,35,,n,flu,LEMMA,,MASTER,0,1,1,,,,flux,0,1,0,ESDB_V0_4
8166,8319,fond,-11.7665,1,PASS,35,,aj,fond,LEMMA,,MASTER,0,0,0,,,,,0,0,0,ESDB_V0_4
8167,8320,fourteen,-11.7665,1,PASS,35,,n,fourteen,LEMMA,,MASTER,0,0,0,,,,,0,0,0,ESDB_V0_4
8168,8321,fragile,-11.7665,1,PASS,35,,aj,fragile,LEMMA,,MASTER,0,0,0,,,,,0,0,0,ESDB_V0_4
8169,8322,fraser,-11.7665,0,NOT_EXACT_EN_US,,,,,,,REJECTED_AUTO,0,0,0,,,,,0,0,0,ESDB_V0_4
8170,8323,fu,-11.7665,0,NOT_EXACT_EN_US,,,,,,,REJECTED_AUTO,0,0,0,,,,,0,0,0,ESDB_V0_4
8171,8324,gameplay,-11.7665,1,PASS,60,,n,gameplay,LEMMA,,MASTER,0,0,0,,,,,0,0,0,ESDB_V0_4
8172,8325,garcia,-11.7665,0,NOT_EXACT_EN_US,,,,,,,REJECTED_AUTO,0,0,0,,,,,0,0,0,ESDB_V0_4
8173,8326,geometry,-11.7665,1,PASS,35,,n,geometry,LEMMA,,MASTER,0,0,0,,,,,0,0,0,ESDB_V0_4
8174,8327,ghana,-11.7665,0,NOT_EXACT_EN_US,,,,,,,REJECTED_AUTO,0,0,0,,,,,0,0,0,ESDB_V0_4
8175,8328,gratitude,-11.7665,1,PASS,35,,n,gratitude,LEMMA,,MASTER,0,0,0,,,,,0,0,0,ESDB_V0_4
8176,8329,griffin,-11.7665,0,CASE_FREQ_COLLISION,50,50,n,griffin,LEMMA,,REJECTED_AUTO,0,0,0,,,,,0,0,0,ESDB_V0_4
8177,8330,guessing,-11.7665,1,PASS,35,,n_v;n,guess;guessing,FORM;LEMMA,,MASTER,0,0,0,,,,,0,0,0,ESDB_V0_4
8178,8331,gum,-11.7665,1,PASS,35,,n_v,gum,LEMMA,,MASTER,0,1,0,um,,,,1,0,0,ESDB_V0_4
8179,8332,hail,-11.7665,1,PASS,35,,n_v;i,hail,LEMMA,,MASTER,0,0,0,,,,,0,0,0,ESDB_V0_4
8180,8333,hampshire,-11.7665,0,NOT_EXACT_EN_US,,,,,,,REJECTED_AUTO,0,0,0,,,,,0,0,0,ESDB_V0_4
8181,8334,hans,-11.7665,0,NOT_EXACT_EN_US,,,,,,,REJECTED_AUTO,0,0,0,,,,,0,0,0,ESDB_V0_4
8182,8335,header,-11.7665,1,PASS,35,,n,header,LEMMA,,MASTER,0,0,0,,,,,0,0,0,ESDB_V0_4
8183,8336,holocaust,-11.7665,1,PASS,35,40,n,holocaust,LEMMA,,MASTER,0,0,0,,,,,0,0,0,ESDB_V0_4
8184,8337,honda,-11.7665,0,NOT_EXACT_EN_US,,,,,,,REJECTED_AUTO,0,0,0,,,,,0,0,0,ESDB_V0_4
8185,8338,hungarian,-11.7665,0,NOT_EXACT_EN_US,,,,,,,REJECTED_AUTO,0,0,0,,,,,0,0,0,ESDB_V0_4
8186,8339,immense,-11.7665,1,PASS,35,,aj,immense,LEMMA,,MASTER,0,0,0,,,,,0,0,0,ESDB_V0_4
8187,8340,imply,-11.7665,1,PASS,35,,v,imply,LEMMA,,MASTER,0,1,1,,,simply,,0,1,0,ESDB_V0_4
8188,8341,incentives,-11.7665,1,PASS,35,,n,incentive,FORM,,MASTER,0,1,0,,incentive,,,1,0,0,ESDB_V0_4
8189,8342,individually,-11.7665,1,PASS,35,,av,individually,LEMMA,,MASTER,0,0,0,,,,,0,0,0,ESDB_V0_4
8190,8343,insufficient,-11.7665,1,PASS,35,,aj,insufficient,LEMMA,,MASTER,0,0,0,,,,,0,0,0,ESDB_V0_4
8191,8344,ivan,-11.7665,0,NOT_EXACT_EN_US,,,,,,,REJECTED_AUTO,0,0,0,,,,,0,0,0,ESDB_V0_4
8192,8345,journals,-11.7665,1,PASS,35,,n,journal,FORM,,MASTER,0,1,0,,journal,,,1,0,0,ESDB_V0_4
8193,8347,lanka,-11.7665,0,NOT_EXACT_EN_US,,,,,,,REJECTED_AUTO,0,0,0,,,,,0,0,0,ESDB_V0_4
8194,8348,learnt,-11.7665,0,NOT_EXACT_EN_US,,,,,,,REJECTED_AUTO,0,0,0,,,,,0,0,0,ESDB_V0_4
8195,8349,liam,-11.7665,0,NOT_EXACT_EN_US,,,,,,,REJECTED_AUTO,0,0,0,,,,,0,0,0,ESDB_V0_4
8196,8350,locks,-11.7665,1,PASS,35,,n_v,lock,FORM,,MASTER,0,1,1,,lock,blocks;clocks,,1,2,0,ESDB_V0_4
8197,8351,lynch,-11.7665,1,PASS,35,50,v,lynch,LEMMA,,MASTER,0,0,0,,,,,0,0,0,ESDB_V0_4
8198,8352,manning,-11.7665,1,PASS,35,50,v,man,FORM,,MASTER,0,0,0,,,,,0,0,0,ESDB_V0_4
8199,8353,marshal,-11.7665,1,PASS,35,,n;v,marshal,LEMMA,,MASTER,0,0,0,,,,,0,0,0,ESDB_V0_4
8200,8354,med,-11.7665,0,NO_ESDB_GENERAL_EVIDENCE,,,,,,,REJECTED_AUTO,0,0,0,,,,,0,0,0,ESDB_V0_4
8201,8355,miners,-11.7665,1,PASS,35,,n,miner,FORM,,MASTER,0,1,0,,miner,,,1,0,0,ESDB_V0_4
8202,8356,mint,-11.7665,1,PASS,35,,n_v;aj,mint,LEMMA,,MASTER,0,0,0,,,,,0,0,0,ESDB_V0_4
8203,8357,misleading,-11.7665,1,PASS,35,,v;aj,mislead;misleading,FORM;LEMMA,,MASTER,0,0,0,,,,,0,0,0,ESDB_V0_4
8204,8358,modification,-11.7665,1,PASS,35,,n,modification,LEMMA,,MASTER,0,1,1,,,,modifications,0,1,1,ESDB_V0_4
8205,8359,molecules,-11.7665,1,PASS,35,,n,molecule,FORM,,MASTER,0,1,0,,molecule,,,1,0,0,ESDB_V0_4
8206,8360,molly,-11.7665,0,CASE_FREQ_COLLISION,60,50,n,molly,LEMMA,,REJECTED_AUTO,0,0,0,,,,,0,0,0,ESDB_V0_4
8207,8361,mommy,-11.7665,1,PASS,40,,n,mommy,LEMMA,,MASTER,0,0,0,,,,,0,0,0,ESDB_V0_4
8208,8362,monitors,-11.7665,1,PASS,35,,n_v,monitor,FORM,,MASTER,0,1,0,,monitor,,,1,0,0,ESDB_V0_4
8209,8363,monuments,-11.7665,1,PASS,35,,n,monument,FORM,,MASTER,0,1,0,,monument,,,1,0,0,ESDB_V0_4
8210,8364,muhammad,-11.7665,0,NOT_EXACT_EN_US,,,,,,,REJECTED_AUTO,0,0,0,,,,,0,0,0,ESDB_V0_4
8211,8365,municipality,-11.7665,1,PASS,35,,n,municipality,LEMMA,,MASTER,0,0,0,,,,,0,0,0,ESDB_V0_4
8212,8366,nc,-11.7665,0,NOT_EXACT_EN_US,,,,,,,REJECTED_AUTO,0,0,0,,,,,0,0,0,ESDB_V0_4
8213,8367,newton,-11.7665,1,PASS,35,50,n,newton,LEMMA,,MASTER,0,0,0,,,,,0,0,0,ESDB_V0_4
8214,8368,nickname,-11.7665,1,PASS,35,,n_v,nickname,LEMMA,,MASTER,0,1,1,,,,nicknamed,0,1,1,ESDB_V0_4
8215,8369,nobel,-11.7665,0,NOT_EXACT_EN_US,,,,,,,REJECTED_AUTO,0,0,0,,,,,0,0,0,ESDB_V0_4
8216,8370,overtime,-11.7665,1,PASS,35,,n;av,overtime,LEMMA,,MASTER,0,0,0,,,,,0,0,0,ESDB_V0_4
8217,8371,packaging,-11.7665,1,PASS,35,,n_v;n,package;packaging,FORM;LEMMA,,MASTER,0,0,0,,,,,0,0,0,ESDB_V0_4
8218,8372,papa,-11.7665,1,PASS,35,,n,papa,LEMMA,,MASTER,0,1,1,,pap,,papal,1,1,0,ESDB_V0_4
8219,8373,peasants,-11.7665,1,PASS,35,,n,peasant,FORM,,MASTER,0,1,0,,peasant,,,1,0,0,ESDB_V0_4
8220,8374,personalities,-11.7665,1,PASS,35,,n,personality,FORM,,MASTER,0,0,0,,,,,0,0,0,ESDB_V0_4
8221,8375,phrases,-11.7665,1,PASS,35,,n_v,phrase,FORM,,MASTER,0,1,0,,phrase,,,1,0,0,ESDB_V0_4
8222,8376,playstation,-11.7665,0,NOT_EXACT_EN_US,,,,,,,REJECTED_AUTO,0,0,0,,,,,0,0,0,ESDB_V0_4
8223,8377,poets,-11.7665,1,PASS,35,,n,poet,FORM,,MASTER,0,1,0,,poet,,,1,0,0,ESDB_V0_4
8224,8378,ra,-11.7665,0,NOT_EXACT_EN_US,,,,,,,REJECTED_AUTO,0,0,0,,,,,0,0,0,ESDB_V0_4
8225,8379,rains,-11.7665,1,PASS,35,,n_v,rain,FORM,,MASTER,0,1,1,,rain,trains;brains;grains;drains,,1,4,0,ESDB_V0_4
8226,8380,reliability,-11.7665,1,PASS,35,,n,reliability,LEMMA,,MASTER,0,0,0,,,,,0,0,0,ESDB_V0_4
8227,8381,renewable,-11.7665,1,PASS,35,,aj,renewable,LEMMA,,MASTER,0,0,0,,,,,0,0,0,ESDB_V0_4
8228,8382,rescued,-11.7665,1,PASS,35,,n_v;aj,rescue;rescued,FORM;LEMMA,,MASTER,0,1,0,,rescue,,,1,0,0,ESDB_V0_4
8229,8383,respondents,-11.7665,1,PASS,50,,n,respondent,FORM,,MASTER,0,1,0,,respondent,,,1,0,0,ESDB_V0_4
8230,8384,reunion,-11.7665,1,PASS,35,50,n,reunion,LEMMA,,MASTER,0,0,0,,,,,0,0,0,ESDB_V0_4
8231,8385,rode,-11.7665,1,PASS,35,,n_v;v,ride;rode,FORM;LEMMA,,MASTER,0,1,1,ode,rod,,rodeo,2,1,0,ESDB_V0_4
8232,8386,rt,-11.7665,0,NO_ESDB_GENERAL_EVIDENCE,,,,,,,REJECTED_AUTO,0,0,0,,,,,0,0,0,ESDB_V0_4
8233,8387,sack,-11.7665,1,PASS,35,,n_v,sack,LEMMA,,MASTER,0,1,1,,sac,,sacks,1,1,1,ESDB_V0_4
8234,8388,sampling,-11.7665,1,PASS,35,,n_v;n,sample;sampling,FORM;LEMMA,,MASTER,0,0,0,,,,,0,0,0,ESDB_V0_4
8235,8389,scotia,-11.7665,0,NOT_EXACT_EN_US,,,,,,,REJECTED_AUTO,0,0,0,,,,,0,0,0,ESDB_V0_4
8236,8390,seated,-11.7665,1,PASS,35,,n_v;aj,seat;seated,FORM;LEMMA,,MASTER,0,0,0,,,,,0,0,0,ESDB_V0_4
8237,8391,sebastian,-11.7665,0,NOT_EXACT_EN_US,,,,,,,REJECTED_AUTO,0,0,0,,,,,0,0,0,ESDB_V0_4
8238,8392,setup,-11.7665,1,PASS,40,,n,setup,LEMMA,,MASTER,0,0,0,,,,,0,0,0,ESDB_V0_4
8239,8393,shades,-11.7665,1,PASS,35,,n_v;n,shade;shades,FORM;LEMMA,,MASTER,0,1,0,,shade,,,1,0,0,ESDB_V0_4
8240,8394,shortage,-11.7665,1,PASS,35,,n,shortage,LEMMA,,MASTER,0,1,1,,,,shortages,0,1,1,ESDB_V0_4
8241,8395,sings,-11.7665,1,PASS,35,,n_v,sing,FORM,,MASTER,0,1,0,,sing,,,1,0,0,ESDB_V0_4
8242,8396,sophie,-11.7665,0,NOT_EXACT_EN_US,,,,,,,REJECTED_AUTO,0,0,0,,,,,0,0,0,ESDB_V0_4
8243,8397,soundtrack,-11.7665,1,PASS,35,,n,soundtrack,LEMMA,,MASTER,0,0,0,,,,,0,0,0,ESDB_V0_4
8244,8398,sperm,-11.7665,1,PASS,35,,n,sperm,LEMMA,,MASTER,0,0,0,,,,,0,0,0,ESDB_V0_4
8245,8399,squeeze,-11.7665,1,PASS,35,,n_v,squeeze,LEMMA,,MASTER,0,1,1,,,,squeezed,0,1,1,ESDB_V0_4
8246,8400,subjective,-11.7665,1,PASS,35,,aj,subjective,LEMMA,,MASTER,0,0,0,,,,,0,0,0,ESDB_V0_4
8247,8401,subscribe,-11.7665,1,PASS,35,,v,subscribe,LEMMA,,MASTER,0,1,1,,,,subscribed;subscriber,0,2,1,ESDB_V0_4
8248,8402,taxpayer,-11.7665,1,PASS,35,,n,taxpayer,LEMMA,,MASTER,0,1,1,,,,taxpayers,0,1,1,ESDB_V0_4
8249,8403,trails,-11.7665,1,PASS,35,,n_v,trail,FORM,,MASTER,0,1,0,rails,trail,,,2,0,0,ESDB_V0_4
8250,8404,travis,-11.7665,0,NOT_EXACT_EN_US,,,,,,,REJECTED_AUTO,0,0,0,,,,,0,0,0,ESDB_V0_4
8251,8405,upgraded,-11.7665,1,PASS,35,,n_v,upgrade,FORM,,MASTER,0,1,0,,upgrade,,,1,0,0,ESDB_V0_4
8252,8406,vegetation,-11.7665,1,PASS,35,,n,vegetation,LEMMA,,MASTER,0,0,0,,,,,0,0,0,ESDB_V0_4
8253,8407,voter,-11.7665,1,PASS,35,,n,voter,LEMMA,,MASTER,0,1,1,,vote,,voters,1,1,1,ESDB_V0_4
8254,8408,wholesale,-11.7665,1,PASS,35,,n;v;aj_av,wholesale,LEMMA,,MASTER,0,0,0,,,,,0,0,0,ESDB_V0_4
8255,8409,wholly,-11.7665,1,PASS,35,,av,wholly,LEMMA,,MASTER,0,1,0,holly,,,,1,0,0,ESDB_V0_4
8256,8410,wifi,-11.7665,0,NOT_EXACT_EN_US,,,,,,,REJECTED_AUTO,0,0,0,,,,,0,0,0,ESDB_V0_4
8257,8411,woo,-11.7665,1,PASS,35,,v,woo,LEMMA,,MASTER,0,1,1,,,,wood;wool,0,2,0,ESDB_V0_4
8258,8412,workout,-11.7665,1,PASS,35,,n,workout,LEMMA,,MASTER,0,1,1,,,,workouts,0,1,1,ESDB_V0_4
8259,8413,yu,-11.7665,0,NOT_EXACT_EN_US,,,,,,,REJECTED_AUTO,0,0,0,,,,,0,0,0,ESDB_V0_4
8260,8415,accompany,-11.7887,1,PASS,35,,v,accompany,LEMMA,,MASTER,0,0,0,,,,,0,0,0,ESDB_V0_4
8261,8416,administrators,-11.7887,1,PASS,35,,n,administrator,FORM,,MASTER,0,1,0,,administrator,,,1,0,0,ESDB_V0_4
8262,8417,anatomy,-11.7887,1,PASS,35,,n,anatomy,LEMMA,,MASTER,0,0,0,,,,,0,0,0,ESDB_V0_4
8263,8418,andre,-11.7887,0,NOT_EXACT_EN_US,,,,,,,REJECTED_AUTO,0,0,0,,,,,0,0,0,ESDB_V0_4
8264,8419,appetite,-11.7887,1,PASS,35,,n,appetite,LEMMA,,MASTER,0,0,0,,,,,0,0,0,ESDB_V0_4
8265,8420,attachment,-11.7887,1,PASS,35,,n,attachment,LEMMA,,MASTER,0,1,1,,,,attachments,0,1,1,ESDB_V0_4
8266,8421,balloon,-11.7887,1,PASS,35,,n_v;a,balloon,LEMMA,,MASTER,0,1,1,,,,balloons,0,1,1,ESDB_V0_4
8267,8422,beautifully,-11.7887,1,PASS,35,,av,beautifully,LEMMA,,MASTER,0,0,0,,,,,0,0,0,ESDB_V0_4
8268,8423,berkeley,-11.7887,0,NOT_EXACT_EN_US,,,,,,,REJECTED_AUTO,0,0,0,,,,,0,0,0,ESDB_V0_4
8269,8424,blah,-11.7887,1,PASS,40,,n;a,blah,LEMMA,,MASTER,0,0,0,,,,,0,0,0,ESDB_V0_4
8270,8425,cables,-11.7887,1,PASS,35,,n_v,cable,FORM,,MASTER,0,1,0,,cable,,,1,0,0,ESDB_V0_4
8271,8426,casey,-11.7887,0,NOT_EXACT_EN_US,,,,,,,REJECTED_AUTO,0,0,0,,,,,0,0,0,ESDB_V0_4
8272,8427,cellular,-11.7887,1,PASS,35,,aj,cellular,LEMMA,,MASTER,0,0,0,,,,,0,0,0,ESDB_V0_4
8273,8428,churchill,-11.7887,0,NOT_EXACT_EN_US,,,,,,,REJECTED_AUTO,0,0,0,,,,,0,0,0,ESDB_V0_4
8274,8429,climbed,-11.7887,1,PASS,35,,n_v,climb,FORM,,MASTER,0,0,0,,,,,0,0,0,ESDB_V0_4
8275,8430,consult,-11.7887,1,PASS,35,,v,consult,LEMMA,,MASTER,0,1,0,,consul,,,1,0,0,ESDB_V0_4
8276,8431,curtis,-11.7887,0,NOT_EXACT_EN_US,,,,,,,REJECTED_AUTO,0,0,0,,,,,0,0,0,ESDB_V0_4
8277,8432,designation,-11.7887,1,PASS,35,,n,designation,LEMMA,,MASTER,0,0,0,,,,,0,0,0,ESDB_V0_4
8278,8433,desperately,-11.7887,1,PASS,35,,av,desperately,LEMMA,,MASTER,0,0,0,,,,,0,0,0,ESDB_V0_4
8279,8434,discusses,-11.7887,1,PASS,35,,v,discuss,FORM,,MASTER,0,0,0,,,,,0,0,0,ESDB_V0_4
8280,8435,displaced,-11.7887,1,PASS,35,,v,displace,FORM,,MASTER,0,0,0,,,,,0,0,0,ESDB_V0_4
8281,8436,dominate,-11.7887,1,PASS,35,,v,dominate,LEMMA,,MASTER,0,1,1,,,,dominated;dominates,0,2,2,ESDB_V0_4
8282,8437,ea,-11.7887,0,NO_ESDB_GENERAL_EVIDENCE,,,,,,,REJECTED_AUTO,0,0,0,,,,,0,0,0,ESDB_V0_4
8283,8438,ebola,-11.7887,0,NOT_EXACT_EN_US,,,,,,,REJECTED_AUTO,0,0,0,,,,,0,0,0,ESDB_V0_4
8284,8439,educate,-11.7887,1,PASS,35,,v,educate,LEMMA,,MASTER,0,1,1,,,,educated,0,1,1,ESDB_V0_4
8285,8440,enabling,-11.7887,1,PASS,35,,v;aj,enable;enabling,FORM;LEMMA,,MASTER,0,0,0,,,,,0,0,0,ESDB_V0_4
8286,8441,envelope,-11.7887,1,PASS,35,,n,envelope,LEMMA,,MASTER,0,1,1,,,,envelopes,0,1,1,ESDB_V0_4
8287,8442,erected,-11.7887,1,PASS,35,,v,erect,FORM,,MASTER,0,0,0,,,,,0,0,0,ESDB_V0_4
8288,8443,eva,-11.7887,0,NOT_EXACT_EN_US,,,,,,,REJECTED_AUTO,0,0,0,,,,,0,0,0,ESDB_V0_4
8289,8444,exterior,-11.7887,1,PASS,35,,n;aj,exterior,LEMMA,,MASTER,0,0,0,,,,,0,0,0,ESDB_V0_4
8290,8445,fools,-11.7887,1,PASS,35,,n_v,fool,FORM,,MASTER,0,1,0,,fool,,,1,0,0,ESDB_V0_4
8291,8446,forehead,-11.7887,1,PASS,35,,n,forehead,LEMMA,,MASTER,0,0,0,,,,,0,0,0,ESDB_V0_4
8292,8447,fountain,-11.7887,1,PASS,35,,n,fountain,LEMMA,,MASTER,0,1,1,,,,fountains,0,1,1,ESDB_V0_4
8293,8449,frog,-11.7887,1,PASS,35,,n,frog,LEMMA,,MASTER,0,1,1,,fro,,frogs,1,1,1,ESDB_V0_4
8294,8450,frustrating,-11.7887,1,PASS,35,,v;aj,frustrate;frustrating,FORM;LEMMA,,MASTER,0,0,0,,,,,0,0,0,ESDB_V0_4
8295,8451,gases,-11.7887,1,PASS,35,,n_v,gas,FORM,,MASTER,0,0,0,,,,,0,0,0,ESDB_V0_4
8296,8452,gasoline,-11.7887,1,PASS,35,,n,gasoline,LEMMA,,MASTER,0,0,0,,,,,0,0,0,ESDB_V0_4
8297,8453,genesis,-11.7887,1,PASS,35,50,n,genesis,LEMMA,,MASTER,0,0,0,,,,,0,0,0,ESDB_V0_4
8298,8454,hardcore,-11.7887,1,PASS,40,,aj;n,hardcore,LEMMA,,MASTER,0,0,0,,,,,0,0,0,ESDB_V0_4
8299,8455,heir,-11.7887,1,PASS,35,,n,heir,LEMMA,,MASTER,0,1,1,,,their,heirs,0,2,1,ESDB_V0_4
8300,8456,inheritance,-11.7887,1,PASS,35,,n,inheritance,LEMMA,,MASTER,0,0,0,,,,,0,0,0,ESDB_V0_4
8301,8457,inland,-11.7887,1,PASS,35,,n;aj_av,inland,LEMMA,,MASTER,0,0,0,,,,,0,0,0,ESDB_V0_4
8302,8458,istanbul,-11.7887,0,NOT_EXACT_EN_US,,,,,,,REJECTED_AUTO,0,0,0,,,,,0,0,0,ESDB_V0_4
8303,8459,jenny,-11.7887,0,CASE_FREQ_COLLISION,60,50,n,jenny,LEMMA,,REJECTED_AUTO,0,0,0,,,,,0,0,0,ESDB_V0_4
8304,8460,karma,-11.7887,1,PASS,40,,n,karma,LEMMA,,MASTER,0,0,0,,,,,0,0,0,ESDB_V0_4
8305,8461,kurt,-11.7887,0,NOT_EXACT_EN_US,,,,,,,REJECTED_AUTO,0,0,0,,,,,0,0,0,ESDB_V0_4
8306,8462,landmark,-11.7887,1,PASS,35,,n,landmark,LEMMA,,MASTER,0,1,1,,,,landmarks,0,1,1,ESDB_V0_4
8307,8463,lauren,-11.7887,0,NOT_EXACT_EN_US,,,,,,,REJECTED_AUTO,0,0,0,,,,,0,0,0,ESDB_V0_4
8308,8464,leaning,-11.7887,1,PASS,35,,v;n,lean;leaning,FORM;LEMMA,,MASTER,0,1,1,,,cleaning,,0,1,0,ESDB_V0_4
8309,8465,lending,-11.7887,1,PASS,35,,v;n,lend;lending,FORM;LEMMA,,MASTER,0,1,1,ending,,blending,,1,1,0,ESDB_V0_4
8310,8466,liar,-11.7887,1,PASS,35,,n,liar,LEMMA,,MASTER,0,1,1,,,,liars,0,1,1,ESDB_V0_4
8311,8467,litigation,-11.7887,1,PASS,35,,n,litigation,LEMMA,,MASTER,0,0,0,,,,,0,0,0,ESDB_V0_4
8312,8468,lively,-11.7887,1,PASS,35,,aj,lively,LEMMA,,MASTER,0,0,0,,,,,0,0,0,ESDB_V0_4
8313,8469,locals,-11.7887,1,PASS,35,,n,local,FORM,,MASTER,0,1,0,,local,,,1,0,0,ESDB_V0_4
8314,8470,locker,-11.7887,1,PASS,35,,n,locker,LEMMA,,MASTER,0,0,0,,,,,0,0,0,ESDB_V0_4
8315,8471,lowered,-11.7887,1,PASS,35,,v;aj,lower;lowered,FORM;LEMMA,,MASTER,0,0,0,,,,,0,0,0,ESDB_V0_4
8316,8472,manuscript,-11.7887,1,PASS,35,,n;a,manuscript,LEMMA,,MASTER,0,1,1,,,,manuscripts,0,1,1,ESDB_V0_4
8317,8473,neighboring,-11.7887,1,PASS,35,,n_v;aj,neighbor;neighboring,FORM;LEMMA,,MASTER,0,0,0,,,,,0,0,0,ESDB_V0_4
8318,8474,nina,-11.7887,0,NOT_EXACT_EN_US,,,,,,,REJECTED_AUTO,0,0,0,,,,,0,0,0,ESDB_V0_4
8319,8475,nominee,-11.7887,1,PASS,35,,n,nominee,LEMMA,,MASTER,0,1,1,,,,nominees,0,1,1,ESDB_V0_4
8320,8476,notices,-11.7887,1,PASS,35,,n_v,notice,FORM,,MASTER,0,1,0,,notice,,,1,0,0,ESDB_V0_4
8321,8477,objection,-11.7887,1,PASS,35,,n,objection,LEMMA,,MASTER,0,1,1,,,,objections,0,1,1,ESDB_V0_4
8322,8478,oversight,-11.7887,1,PASS,35,,n,oversight,LEMMA,,MASTER,0,0,0,,,,,0,0,0,ESDB_V0_4
8323,8479,pas,-11.7887,1,PASS,35,,n,pa,FORM,,MASTER,0,1,1,as,pa,,past;pass,2,2,0,ESDB_V0_4
8324,8480,patriots,-11.7887,1,PASS,35,,n,patriot,FORM,,MASTER,0,1,0,,patriot,,,1,0,0,ESDB_V0_4
8325,8481,penguin,-11.7887,1,PASS,35,,n,penguin,LEMMA,,MASTER,0,1,1,,,,penguins,0,1,1,ESDB_V0_4
8326,8482,persuade,-11.7887,1,PASS,35,,v,persuade,LEMMA,,MASTER,0,1,1,,,,persuaded,0,1,1,ESDB_V0_4
8327,8483,pi,-11.7887,1,PASS,35,,v;n,pi,LEMMA,,MASTER,0,1,1,i,,,pic;pin;pit;pie;pig;pip,1,6,0,ESDB_V0_4
8328,8484,plea,-11.7887,1,PASS,35,,n,plea,LEMMA,,MASTER,0,1,1,,,,plead;pleas,0,2,1,ESDB_V0_4
8329,8485,po,-11.7887,0,NOT_EXACT_EN_US,,,,,,,REJECTED_AUTO,0,0,0,,,,,0,0,0,ESDB_V0_4
8330,8486,possessed,-11.7887,1,PASS,35,,v;aj,possess;possessed,FORM;LEMMA,,MASTER,0,0,0,,,,,0,0,0,ESDB_V0_4
8331,8487,prediction,-11.7887,1,PASS,35,,n,prediction,LEMMA,,MASTER,0,1,1,,,,predictions,0,1,1,ESDB_V0_4
8332,8488,predictions,-11.7887,1,PASS,35,,n,prediction,FORM,,MASTER,0,1,0,,prediction,,,1,0,0,ESDB_V0_4
8333,8489,proceeding,-11.7887,1,PASS,35,,v;n,proceed;proceeding,FORM;LEMMA,,MASTER,0,1,1,,,,proceedings,0,1,1,ESDB_V0_4
8334,8490,proclaimed,-11.7887,1,PASS,35,,v;aj,proclaim;proclaimed,FORM;LEMMA,,MASTER,0,0,0,,,,,0,0,0,ESDB_V0_4
8335,8491,profiles,-11.7887,1,PASS,35,,n_v,profile,FORM,,MASTER,0,1,0,,profile,,,1,0,0,ESDB_V0_4
8336,8492,psychiatric,-11.7887,1,PASS,35,,aj,psychiatric,LEMMA,,MASTER,0,0,0,,,,,0,0,0,ESDB_V0_4
8337,8493,qualifications,-11.7887,1,PASS,35,,n,qualification,FORM,,MASTER,0,1,0,,qualification,,,1,0,0,ESDB_V0_4
8338,8494,reactor,-11.7887,1,PASS,35,,n,reactor,LEMMA,,MASTER,0,1,1,,,,reactors,0,1,1,ESDB_V0_4
8339,8495,reinforced,-11.7887,1,PASS,35,,v;aj,reinforce;reinforced,FORM;LEMMA,,MASTER,0,1,0,,reinforce,,,1,0,0,ESDB_V0_4
8340,8496,resurrection,-11.7887,1,PASS,35,40,n,resurrection,LEMMA,,MASTER,0,0,0,,,,,0,0,0,ESDB_V0_4
8341,8497,rhetoric,-11.7887,1,PASS,35,,n,rhetoric,LEMMA,,MASTER,0,0,0,,,,,0,0,0,ESDB_V0_4
8342,8498,sadness,-11.7887,1,PASS,35,,n,sadness,LEMMA,,MASTER,0,0,0,,,,,0,0,0,ESDB_V0_4
8343,8499,sci,-11.7887,0,NO_ESDB_GENERAL_EVIDENCE,,,,,,,REJECTED_AUTO,0,0,0,,,,,0,0,0,ESDB_V0_4
8344,8500,seniors,-11.7887,1,PASS,35,,n,senior,FORM,,MASTER,0,1,0,,senior,,,1,0,0,ESDB_V0_4
8345,8501,sensation,-11.7887,1,PASS,35,,n,sensation,LEMMA,,MASTER,0,1,1,,,,sensations,0,1,1,ESDB_V0_4
8346,8502,sensors,-11.7887,1,PASS,35,,n,sensor,FORM,,MASTER,0,1,0,,sensor,,,1,0,0,ESDB_V0_4
8347,8503,seoul,-11.7887,0,NOT_EXACT_EN_US,,,,,,,REJECTED_AUTO,0,0,0,,,,,0,0,0,ESDB_V0_4
8348,8504,sequel,-11.7887,1,PASS,35,,n,sequel,LEMMA,,MASTER,0,0,0,,,,,0,0,0,ESDB_V0_4
8349,8505,sided,-11.7887,1,PASS,35,,n_v,side,FORM,,MASTER,0,1,0,,side,,,1,0,0,ESDB_V0_4
8350,8506,silicon,-11.7887,1,PASS,35,,n,silicon,LEMMA,,MASTER,0,1,1,,,,silicone,0,1,0,ESDB_V0_4
8351,8507,skies,-11.7887,1,PASS,35,,n_v,sky,FORM,,MASTER,0,0,0,,,,,0,0,0,ESDB_V0_4
8352,8508,skiing,-11.7887,1,PASS,35,,v;n,ski;skiing,FORM;LEMMA,,MASTER,0,0,0,,,,,0,0,0,ESDB_V0_4
8353,8509,sponsors,-11.7887,1,PASS,35,,n_v,sponsor,FORM,,MASTER,0,1,0,,sponsor,,,1,0,0,ESDB_V0_4
8354,8510,spouse,-11.7887,1,PASS,35,,n,spouse,LEMMA,,MASTER,0,1,1,,,,spouses,0,1,1,ESDB_V0_4
8355,8511,subsidies,-11.7887,1,PASS,35,,n,subsidy,FORM,,MASTER,0,0,0,,,,,0,0,0,ESDB_V0_4
8356,8512,supporter,-11.7887,1,PASS,35,,n,supporter,LEMMA,,MASTER,0,1,1,,,,supporters,0,1,1,ESDB_V0_4
8357,8513,sworn,-11.7887,1,PASS,35,,v;aj,swear;sworn,FORM;LEMMA,,MASTER,0,1,0,worn,,,,1,0,0,ESDB_V0_4
8358,8514,tens,-11.7887,1,PASS,35,,n,ten,FORM,,MASTER,0,1,1,,ten,,tense,1,1,0,ESDB_V0_4
8359,8515,terrace,-11.7887,1,PASS,35,,n_v,terrace,LEMMA,,MASTER,0,1,1,,,,terraces,0,1,1,ESDB_V0_4
8360,8516,towel,-11.7887,1,PASS,35,,n_v,towel,LEMMA,,MASTER,0,1,1,,,,towels,0,1,1,ESDB_V0_4
8361,8517,tricky,-11.7887,1,PASS,35,,aj,tricky,LEMMA,,MASTER,0,1,0,,trick,,,1,0,0,ESDB_V0_4
8362,8518,undergo,-11.7887,1,PASS,35,,v,undergo,LEMMA,,MASTER,0,0,0,,,,,0,0,0,ESDB_V0_4
8363,8519,undoubtedly,-11.7887,1,PASS,35,,av,undoubtedly,LEMMA,,MASTER,0,0,0,,,,,0,0,0,ESDB_V0_4
8364,8520,unified,-11.7887,1,PASS,35,,aj;v,unified;unify,LEMMA;FORM,,MASTER,0,0,0,,,,,0,0,0,ESDB_V0_4
8365,8521,vocabulary,-11.7887,1,PASS,35,,n,vocabulary,LEMMA,,MASTER,0,0,0,,,,,0,0,0,ESDB_V0_4
8366,8522,yale,-11.7887,0,NOT_EXACT_EN_US,,,,,,,REJECTED_AUTO,0,0,0,,,,,0,0,0,ESDB_V0_4
8367,8523,yearly,-11.7887,1,PASS,35,,n;aj_av,yearly,LEMMA,,MASTER,0,1,0,early,,,,1,0,0,ESDB_V0_4
8368,8525,abundance,-11.8127,1,PASS,35,,n,abundance,LEMMA,,MASTER,0,0,0,,,,,0,0,0,ESDB_V0_4
8369,8526,accessed,-11.8127,1,PASS,35,,n_v,access,FORM,,MASTER,0,0,0,,,,,0,0,0,ESDB_V0_4
8370,8527,accountability,-11.8127,1,PASS,35,,n,accountability,LEMMA,,MASTER,0,0,0,,,,,0,0,0,ESDB_V0_4
8371,8528,affiliated,-11.8127,1,PASS,35,,n_v;aj,affiliate;affiliated,FORM;LEMMA,,MASTER,0,1,0,,affiliate,,,1,0,0,ESDB_V0_4
8372,8529,aftermath,-11.8127,1,PASS,35,,n,aftermath,LEMMA,,MASTER,0,0,0,,,,,0,0,0,ESDB_V0_4
8373,8530,alley,-11.8127,1,PASS,35,,n,alley,LEMMA,,MASTER,0,1,1,,,valley,,0,1,0,ESDB_V0_4
8374,8531,andrews,-11.8127,0,NOT_EXACT_EN_US,,,,,,,REJECTED_AUTO,0,0,0,,,,,0,0,0,ESDB_V0_4
8375,8532,appealing,-11.8127,1,PASS,35,,n_v;aj,appeal;appealing,FORM;LEMMA,,MASTER,0,0,0,,,,,0,0,0,ESDB_V0_4
8376,8533,arising,-11.8127,1,PASS,35,,v;n,arise;arising,FORM;LEMMA,,MASTER,0,1,0,rising,,,,1,0,0,ESDB_V0_4
8377,8534,arkansas,-11.8127,0,NOT_EXACT_EN_US,,,,,,,REJECTED_AUTO,0,0,0,,,,,0,0,0,ESDB_V0_4
8378,8535,assurance,-11.8127,1,PASS,35,,n,assurance,LEMMA,,MASTER,0,1,1,,,,assurances,0,1,1,ESDB_V0_4
8379,8536,baking,-11.8127,1,PASS,35,,n_v;n;aj,bake;baking,FORM;LEMMA,,MASTER,0,0,0,,,,,0,0,0,ESDB_V0_4
8380,8537,biography,-11.8127,1,PASS,35,,n,biography,LEMMA,,MASTER,0,0,0,,,,,0,0,0,ESDB_V0_4
8381,8538,bitches,-11.8127,1,PASS,35,,n_v,bitch,FORM,,MASTER,0,0,0,,,,,0,0,0,ESDB_V0_4
8382,8539,blamed,-11.8127,1,PASS,35,,v;aj,blame;blamed,FORM;LEMMA,,MASTER,0,1,0,,blame,,,1,0,0,ESDB_V0_4
8383,8540,blessings,-11.8127,1,PASS,35,,n,blessing,FORM,,MASTER,0,1,0,,blessing,,,1,0,0,ESDB_V0_4
8384,8541,brotherhood,-11.8127,1,PASS,35,,n,brotherhood,LEMMA,,MASTER,0,0,0,,,,,0,0,0,ESDB_V0_4
8385,8542,bulgarian,-11.8127,0,NOT_EXACT_EN_US,,,,,,,REJECTED_AUTO,0,0,0,,,,,0,0,0,ESDB_V0_4
8386,8543,bury,-11.8127,1,PASS,35,,v,bury,LEMMA,,MASTER,0,0,0,,,,,0,0,0,ESDB_V0_4
8387,8544,carnival,-11.8127,1,PASS,35,,n,carnival,LEMMA,,MASTER,0,0,0,,,,,0,0,0,ESDB_V0_4
8388,8545,cheated,-11.8127,1,PASS,35,,n_v,cheat,FORM,,MASTER,0,1,0,heated,,,,1,0,0,ESDB_V0_4
8389,8546,chess,-11.8127,1,PASS,35,,n,chess,LEMMA,,MASTER,0,0,0,,,,,0,0,0,ESDB_V0_4
8390,8547,citing,-11.8127,1,PASS,35,,n_v,cite,FORM,,MASTER,0,0,0,,,,,0,0,0,ESDB_V0_4
8391,8548,clown,-11.8127,1,PASS,35,,n_v,clown,LEMMA,,MASTER,0,1,1,,,,clowns,0,1,1,ESDB_V0_4
8392,8549,collector,-11.8127,1,PASS,35,,n,collector,LEMMA,,MASTER,0,1,1,,,,collectors,0,1,1,ESDB_V0_4
8393,8550,combinations,-11.8127,1,PASS,35,,n,combination,FORM,,MASTER,0,1,0,,combination,,,1,0,0,ESDB_V0_4
8394,8551,committing,-11.8127,1,PASS,35,,v,commit,FORM,,MASTER,0,0,0,,,,,0,0,0,ESDB_V0_4
8395,8552,communism,-11.8127,1,PASS,35,50,n,communism,LEMMA,,MASTER,0,0,0,,,,,0,0,0,ESDB_V0_4
8396,8553,compliment,-11.8127,1,PASS,35,,n_v,compliment,LEMMA,,MASTER,0,1,1,,,,compliments,0,1,1,ESDB_V0_4
8397,8554,composite,-11.8127,1,PASS,35,,n;aj,composite,LEMMA,,MASTER,0,0,0,,,,,0,0,0,ESDB_V0_4
8398,8555,confidential,-11.8127,1,PASS,35,,aj,confidential,LEMMA,,MASTER,0,0,0,,,,,0,0,0,ESDB_V0_4
8399,8556,consume,-11.8127,1,PASS,35,,v,consume,LEMMA,,MASTER,0,1,1,,,,consumer;consumed,0,2,1,ESDB_V0_4
8400,8557,cr,-11.8127,0,NOT_EXACT_EN_US,,,,,,,REJECTED_AUTO,0,0,0,,,,,0,0,0,ESDB_V0_4
8401,8558,creep,-11.8127,1,PASS,35,,n_v,creep,LEMMA,,MASTER,0,1,1,,,,creepy;creeps,0,2,1,ESDB_V0_4
8402,8559,cunt,-11.8127,1,PASS,60,,n,cunt,LEMMA,vulgar-1,MASTER,0,0,0,,,,,0,0,0,ESDB_V0_4
8403,8560,debris,-11.8127,1,PASS,35,,n,debris,LEMMA,,MASTER,0,0,0,,,,,0,0,0,ESDB_V0_4
8404,8561,demonstrates,-11.8127,1,PASS,35,,v,demonstrate,FORM,,MASTER,0,1,0,,demonstrate,,,1,0,0,ESDB_V0_4
8405,8562,deputies,-11.8127,1,PASS,35,,n,deputy,FORM,,MASTER,0,0,0,,,,,0,0,0,ESDB_V0_4
8406,8563,desirable,-11.8127,1,PASS,35,,aj,desirable,LEMMA,,MASTER,0,0,0,,,,,0,0,0,ESDB_V0_4
8407,8564,destructive,-11.8127,1,PASS,35,,aj,destructive,LEMMA,,MASTER,0,0,0,,,,,0,0,0,ESDB_V0_4
8408,8565,directing,-11.8127,1,PASS,35,,v;aj,direct;directing,FORM;LEMMA,,MASTER,0,0,0,,,,,0,0,0,ESDB_V0_4
8409,8566,dodge,-11.8127,1,PASS,35,50,n_v,dodge,LEMMA,,MASTER,0,0,0,,,,,0,0,0,ESDB_V0_4
8410,8567,doses,-11.8127,1,PASS,35,,n_v,dose,FORM,,MASTER,0,1,0,,dose,,,1,0,0,ESDB_V0_4
8411,8568,economist,-11.8127,1,PASS,35,,n,economist,LEMMA,,MASTER,0,1,1,,,,economists,0,1,1,ESDB_V0_4
8412,8569,encounters,-11.8127,1,PASS,35,,n_v,encounter,FORM,,MASTER,0,1,0,,encounter,,,1,0,0,ESDB_V0_4
8413,8570,enforced,-11.8127,1,PASS,35,,v;aj,enforce;enforced,FORM;LEMMA,,MASTER,0,1,0,,enforce,,,1,0,0,ESDB_V0_4
8414,8571,envy,-11.8127,1,PASS,35,,n;v,envy,LEMMA,,MASTER,0,0,0,,,,,0,0,0,ESDB_V0_4
8415,8572,essex,-11.8127,0,NOT_EXACT_EN_US,,,,,,,REJECTED_AUTO,0,0,0,,,,,0,0,0,ESDB_V0_4
8416,8573,exhibited,-11.8127,1,PASS,35,,n_v,exhibit,FORM,,MASTER,0,0,0,,,,,0,0,0,ESDB_V0_4
8417,8574,extensively,-11.8127,1,PASS,35,,av,extensively,LEMMA,,MASTER,0,0,0,,,,,0,0,0,ESDB_V0_4
8418,8575,flavor,-11.8127,1,PASS,35,,n_v,flavor,LEMMA,,MASTER,0,1,1,,,,flavors,0,1,1,ESDB_V0_4
8419,8576,flown,-11.8127,1,PASS,35,,v,fly,FORM,,MASTER,0,1,0,,flow,,,1,0,0,ESDB_V0_4
8420,8577,franco,-11.8127,0,NOT_EXACT_EN_US,,,,,,,REJECTED_AUTO,0,0,0,,,,,0,0,0,ESDB_V0_4
8421,8578,gandhi,-11.8127,0,NOT_EXACT_EN_US,,,,,,,REJECTED_AUTO,0,0,0,,,,,0,0,0,ESDB_V0_4
8422,8579,gb,-11.8127,0,NOT_EXACT_EN_US,,,,,,,REJECTED_AUTO,0,0,0,,,,,0,0,0,ESDB_V0_4
8423,8580,gifted,-11.8127,1,PASS,35,,n_v;aj,gift;gifted,FORM;LEMMA,,MASTER,0,0,0,,,,,0,0,0,ESDB_V0_4
8424,8581,grind,-11.8127,1,PASS,35,,n_v,grind,LEMMA,,MASTER,0,1,0,,grin,,,1,0,0,ESDB_V0_4
8425,8582,hostage,-11.8127,1,PASS,35,,n,hostage,LEMMA,,MASTER,0,1,1,,,,hostages,0,1,1,ESDB_V0_4
8426,8583,humidity,-11.8127,1,PASS,35,,n,humidity,LEMMA,,MASTER,0,0,0,,,,,0,0,0,ESDB_V0_4
8427,8584,hype,-11.8127,1,PASS,40,,n;v,hype,LEMMA,,MASTER,0,1,1,,,,hyper;hyped,0,2,1,ESDB_V0_4
8428,8585,ibm,-11.8127,0,NOT_EXACT_EN_US,,,,,,,REJECTED_AUTO,0,0,0,,,,,0,0,0,ESDB_V0_4
8429,8586,imprisoned,-11.8127,1,PASS,35,,v;aj,imprison;imprisoned,FORM;LEMMA,,MASTER,0,0,0,,,,,0,0,0,ESDB_V0_4
8430,8587,incidence,-11.8127,1,PASS,35,,n,incidence,LEMMA,,MASTER,0,0,0,,,,,0,0,0,ESDB_V0_4
8431,8588,inclined,-11.8127,1,PASS,35,,n_v;aj,incline;inclined,FORM;LEMMA,,MASTER,0,0,0,,,,,0,0,0,ESDB_V0_4
8432,8589,inmates,-11.8127,1,PASS,35,,n,inmate,FORM,,MASTER,0,1,0,,inmate,,,1,0,0,ESDB_V0_4
8433,8590,instructed,-11.8127,1,PASS,35,,v,instruct,FORM,,MASTER,0,0,0,,,,,0,0,0,ESDB_V0_4
8434,8591,interpret,-11.8127,1,PASS,35,,v,interpret,LEMMA,,MASTER,0,0,0,,,,,0,0,0,ESDB_V0_4
8435,8592,jar,-11.8127,1,PASS,35,,n_v,jar,LEMMA,,MASTER,0,1,1,,,,jars,0,1,1,ESDB_V0_4
8436,8593,junction,-11.8127,1,PASS,35,,n,junction,LEMMA,,MASTER,0,0,0,,,,,0,0,0,ESDB_V0_4
8437,8594,ki,-11.8127,0,NOT_EXACT_EN_US,,,,,,,REJECTED_AUTO,0,0,0,,,,,0,0,0,ESDB_V0_4
8438,8595,lacked,-11.8127,1,PASS,35,,v,lack,FORM,,MASTER,0,1,1,,,blacked,,0,1,0,ESDB_V0_4
8439,8596,launches,-11.8127,1,PASS,35,,n_v,launch,FORM,,MASTER,0,0,0,,,,,0,0,0,ESDB_V0_4
8440,8597,lb,-11.8127,0,NO_ESDB_GENERAL_EVIDENCE,,,,,,,REJECTED_AUTO,0,0,0,,,,,0,0,0,ESDB_V0_4
8441,8598,leagues,-11.8127,1,PASS,35,,n_v,league,FORM,,MASTER,0,1,0,,league,,,1,0,0,ESDB_V0_4
8442,8599,lgbt,-11.8127,0,NOT_EXACT_EN_US,,,,,,,REJECTED_AUTO,0,0,0,,,,,0,0,0,ESDB_V0_4
8443,8600,licensing,-11.8127,1,PASS,35,,v,license,FORM,,MASTER,0,0,0,,,,,0,0,0,ESDB_V0_4
8444,8601,lone,-11.8127,1,PASS,35,,aj,lone,LEMMA,,MASTER,0,1,1,one,,alone;clone,,1,2,0,ESDB_V0_4
8445,8602,luther,-11.8127,0,NOT_EXACT_EN_US,,,,,,,REJECTED_AUTO,0,0,0,,,,,0,0,0,ESDB_V0_4
8446,8603,mapping,-11.8127,1,PASS,35,,n_v;n,map;mapping,FORM;LEMMA,,MASTER,0,0,0,,,,,0,0,0,ESDB_V0_4
8447,8604,migrants,-11.8127,1,PASS,35,,n,migrant,FORM,,MASTER,0,1,0,,migrant,,,1,0,0,ESDB_V0_4
8448,8605,modeling,-11.8127,1,PASS,35,,n_v;n,model;modeling,FORM;LEMMA,,MASTER,0,0,0,,,,,0,0,0,ESDB_V0_4
8449,8606,naming,-11.8127,1,PASS,35,,n_v;n;aj,name;naming,FORM;LEMMA,,MASTER,0,0,0,,,,,0,0,0,ESDB_V0_4
8450,8607,nashville,-11.8127,0,NOT_EXACT_EN_US,,,,,,,REJECTED_AUTO,0,0,0,,,,,0,0,0,ESDB_V0_4
8451,8608,ninja,-11.8127,1,PASS,50,,n,ninja,LEMMA;FORM,,MASTER,0,0,0,,,,,0,0,0,ESDB_V0_4
8452,8609,observatory,-11.8127,1,PASS,35,,n,observatory,LEMMA,,MASTER,0,0,0,,,,,0,0,0,ESDB_V0_4
8453,8610,ou,-11.8127,0,NOT_EXACT_EN_US,,,,,,,REJECTED_AUTO,0,0,0,,,,,0,0,0,ESDB_V0_4
8454,8611,outlets,-11.8127,1,PASS,35,,n,outlet,FORM,,MASTER,0,1,0,,outlet,,,1,0,0,ESDB_V0_4
8455,8612,owed,-11.8127,1,PASS,35,,v,owe,FORM,,MASTER,0,1,1,wed,owe,vowed;towed;bowed,,2,3,0,ESDB_V0_4
8456,8613,pioneer,-11.8127,1,PASS,35,,n_v;a,pioneer,LEMMA,,MASTER,0,1,1,,,,pioneers,0,1,1,ESDB_V0_4
8457,8614,pointless,-11.8127,1,PASS,35,,aj,pointless,LEMMA,,MASTER,0,0,0,,,,,0,0,0,ESDB_V0_4
8458,8615,positively,-11.8127,1,PASS,35,,av;i,positively,LEMMA,,MASTER,0,0,0,,,,,0,0,0,ESDB_V0_4
8459,8616,postal,-11.8127,1,PASS,35,,aj,postal,LEMMA,,MASTER,0,0,0,,,,,0,0,0,ESDB_V0_4
8460,8617,quicker,-11.8127,1,PASS,35,,aj_av,quick,FORM,,MASTER,0,0,0,,,,,0,0,0,ESDB_V0_4
8461,8618,rapper,-11.8127,1,PASS,50,,n,rapper,LEMMA,,MASTER,0,1,1,,,,rappers,0,1,1,ESDB_V0_4
8462,8619,receipt,-11.8127,1,PASS,35,,n_v,receipt,LEMMA,,MASTER,0,1,1,,,,receipts,0,1,1,ESDB_V0_4
8463,8620,resting,-11.8127,1,PASS,35,,n_v;n,rest;resting,FORM;LEMMA,,MASTER,0,0,0,,,,,0,0,0,ESDB_V0_4
8464,8621,reversed,-11.8127,1,PASS,35,,n_v;aj,reverse;reversed,FORM;LEMMA,,MASTER,0,1,0,,reverse,,,1,0,0,ESDB_V0_4
8465,8622,rex,-11.8127,0,NOT_EXACT_EN_US,,,,,,,REJECTED_AUTO,0,0,0,,,,,0,0,0,ESDB_V0_4
8466,8623,rico,-11.8127,0,NOT_EXACT_EN_US,,,,,,,REJECTED_AUTO,0,0,0,,,,,0,0,0,ESDB_V0_4
8467,8624,ronald,-11.8127,0,NOT_EXACT_EN_US,,,,,,,REJECTED_AUTO,0,0,0,,,,,0,0,0,ESDB_V0_4
8468,8625,scenarios,-11.8127,1,PASS,35,,n,scenario,FORM,,MASTER,0,1,0,,scenario,,,1,0,0,ESDB_V0_4
8469,8626,seize,-11.8127,1,PASS,35,,v,seize,LEMMA,,MASTER,0,1,1,,,,seized,0,1,1,ESDB_V0_4
8470,8627,settlers,-11.8127,1,PASS,35,,n,settler,FORM,,MASTER,0,0,0,,,,,0,0,0,ESDB_V0_4
8471,8628,shaft,-11.8127,1,PASS,35,,n_v,shaft,LEMMA,,MASTER,0,1,1,,,,shafts,0,1,1,ESDB_V0_4
8472,8629,showcase,-11.8127,1,PASS,35,,n_v,showcase,LEMMA,,MASTER,0,0,0,,,,,0,0,0,ESDB_V0_4
8473,8630,slopes,-11.8127,1,PASS,35,,n_v,slope,FORM,,MASTER,0,1,0,,slope,,,1,0,0,ESDB_V0_4
8474,8631,solomon,-11.8127,0,NOT_EXACT_EN_US,,,,,,,REJECTED_AUTO,0,0,0,,,,,0,0,0,ESDB_V0_4
8475,8632,sounding,-11.8127,1,PASS,35,,n_v;n,sound;sounding,FORM;LEMMA,,MASTER,0,0,0,,,,,0,0,0,ESDB_V0_4
8476,8633,specialists,-11.8127,1,PASS,35,,n,specialist,FORM,,MASTER,0,1,0,,specialist,,,1,0,0,ESDB_V0_4
8477,8634,spill,-11.8127,1,PASS,35,,n_v,spill,LEMMA,,MASTER,0,1,1,pill,,,spills,1,1,1,ESDB_V0_4
8478,8635,steadily,-11.8127,1,PASS,35,,av,steadily,LEMMA,,MASTER,0,0,0,,,,,0,0,0,ESDB_V0_4
8479,8636,swallow,-11.8127,1,PASS,35,,n_v,swallow,LEMMA,,MASTER,0,0,0,,,,,0,0,0,ESDB_V0_4
8480,8637,tablets,-11.8127,1,PASS,35,,n,tablet,FORM,,MASTER,0,1,0,,tablet,,,1,0,0,ESDB_V0_4
8481,8638,therapeutic,-11.8127,1,PASS,35,,aj,therapeutic,LEMMA,,MASTER,0,0,0,,,,,0,0,0,ESDB_V0_4
8482,8639,tomatoes,-11.8127,1,PASS,35,,n,tomato,FORM,,MASTER,0,0,0,,,,,0,0,0,ESDB_V0_4
8483,8640,tonnes,-11.8127,0,NO_ESDB_GENERAL_EVIDENCE,,,,,,,REJECTED_AUTO,0,0,0,,,,,0,0,0,ESDB_V0_4
8484,8641,trek,-11.8127,1,PASS,35,,n_v,trek,LEMMA,,MASTER,0,0,0,,,,,0,0,0,ESDB_V0_4
8485,8642,uncommon,-11.8127,1,PASS,35,,aj,uncommon,LEMMA,,MASTER,0,0,0,,,,,0,0,0,ESDB_V0_4
8486,8643,vinyl,-11.8127,1,PASS,35,,n,vinyl,LEMMA,,MASTER,0,0,0,,,,,0,0,0,ESDB_V0_4
8487,8644,wagon,-11.8127,1,PASS,35,,n,wagon,LEMMA,,MASTER,0,1,1,,,,wagons,0,1,1,ESDB_V0_4
8488,8645,wee,-11.8127,1,PASS,35,,n;v;aj,wee,LEMMA,,MASTER,0,1,1,,we,,week;weed;weep,1,3,1,ESDB_V0_4
8489,8646,zip,-11.8127,1,PASS,35,,n_v,zip,LEMMA,,MASTER,0,0,0,,,,,0,0,0,ESDB_V0_4
8490,8648,admits,-11.8359,1,PASS,35,,v,admit,FORM,,MASTER,0,1,0,,admit,,,1,0,0,ESDB_V0_4
8491,8649,affection,-11.8359,1,PASS,35,,n,affection,LEMMA,,MASTER,0,0,0,,,,,0,0,0,ESDB_V0_4
8492,8650,amended,-11.8359,1,PASS,35,,v;aj,amend;amended,FORM;LEMMA,,MASTER,0,0,0,,,,,0,0,0,ESDB_V0_4
8493,8651,analyze,-11.8359,1,PASS,35,,v,analyze,LEMMA,,MASTER,0,1,1,,,,analyzed,0,1,1,ESDB_V0_4
8494,8652,assassination,-11.8359,1,PASS,35,,n,assassination,LEMMA,,MASTER,0,0,0,,,,,0,0,0,ESDB_V0_4
8495,8653,assignments,-11.8359,1,PASS,35,,n,assignment,FORM,,MASTER,0,1,0,,assignment,,,1,0,0,ESDB_V0_4
8496,8654,automotive,-11.8359,1,PASS,35,,aj,automotive,LEMMA,,MASTER,0,0,0,,,,,0,0,0,ESDB_V0_4
8497,8655,baked,-11.8359,1,PASS,35,,n_v;aj,bake;baked,FORM;LEMMA,,MASTER,0,1,0,,bake,,,1,0,0,ESDB_V0_4
8498,8656,bloom,-11.8359,1,PASS,35,50,n_v,bloom,LEMMA,,MASTER,0,1,1,loom,,,blooms,1,1,1,ESDB_V0_4
8499,8657,bmw,-11.8359,0,NOT_EXACT_EN_US,,,,,,,REJECTED_AUTO,0,0,0,,,,,0,0,0,ESDB_V0_4
8500,8658,bosses,-11.8359,1,PASS,35,,n_v,boss,FORM,,MASTER,0,0,0,,,,,0,0,0,ESDB_V0_4
8501,8659,burke,-11.8359,0,NOT_EXACT_EN_US,,,,,,,REJECTED_AUTO,0,0,0,,,,,0,0,0,ESDB_V0_4
8502,8660,caesar,-11.8359,0,NOT_EXACT_EN_US,,,,,,,REJECTED_AUTO,0,0,0,,,,,0,0,0,ESDB_V0_4
8503,8661,calvin,-11.8359,0,NOT_EXACT_EN_US,,,,,,,REJECTED_AUTO,0,0,0,,,,,0,0,0,ESDB_V0_4
8504,8662,canyon,-11.8359,1,PASS,35,,n,canyon,LEMMA,,MASTER,0,0,0,,,,,0,0,0,ESDB_V0_4
8505,8663,celebrations,-11.8359,1,PASS,35,,n,celebration,FORM,,MASTER,0,1,0,,celebration,,,1,0,0,ESDB_V0_4
8506,8664,choir,-11.8359,1,PASS,35,,n,choir,LEMMA,,MASTER,0,0,0,,,,,0,0,0,ESDB_V0_4
8507,8665,chorus,-11.8359,1,PASS,35,,n_v,chorus,LEMMA,,MASTER,0,0,0,,,,,0,0,0,ESDB_V0_4
8508,8666,commanding,-11.8359,1,PASS,35,,n_v;aj,command;commanding,FORM;LEMMA,,MASTER,0,0,0,,,,,0,0,0,ESDB_V0_4
8509,8667,conception,-11.8359,1,PASS,35,,n,conception,LEMMA,,MASTER,0,0,0,,,,,0,0,0,ESDB_V0_4
8510,8668,contractors,-11.8359,1,PASS,35,,n,contractor,FORM,,MASTER,0,1,0,,contractor,,,1,0,0,ESDB_V0_4
8511,8669,coordinates,-11.8359,1,PASS,35,,n_v,coordinate,FORM,,MASTER,0,1,0,,coordinate,,,1,0,0,ESDB_V0_4
8512,8670,correspondent,-11.8359,1,PASS,35,,n;aj,correspondent,LEMMA,,MASTER,0,1,1,,,,correspondents,0,1,1,ESDB_V0_4
8513,8671,cox,-11.8359,1,PASS,35,50,n_v,cox,LEMMA,,MASTER,0,1,0,ox,,,,1,0,0,ESDB_V0_4
8514,8672,crosses,-11.8359,1,PASS,35,,n_v,cross,FORM,,MASTER,0,0,0,,,,,0,0,0,ESDB_V0_4
8515,8673,cube,-11.8359,1,PASS,35,,n_v,cube,LEMMA,,MASTER,0,1,1,,cub,,cubes,1,1,1,ESDB_V0_4
8516,8674,damaging,-11.8359,1,PASS,35,,v;aj,damage;damaging,FORM;LEMMA,,MASTER,0,0,0,,,,,0,0,0,ESDB_V0_4
8517,8675,declining,-11.8359,1,PASS,35,,n_v,decline,FORM,,MASTER,0,0,0,,,,,0,0,0,ESDB_V0_4
8518,8676,dee,-11.8359,0,NOT_EXACT_EN_US,,,,,,,REJECTED_AUTO,0,0,0,,,,,0,0,0,ESDB_V0_4
8519,8677,deeds,-11.8359,1,PASS,35,,n_v,deed,FORM,,MASTER,0,1,0,,deed,,,1,0,0,ESDB_V0_4
8520,8678,determines,-11.8359,1,PASS,35,,v,determine,FORM,,MASTER,0,1,0,,determine,,,1,0,0,ESDB_V0_4
8521,8679,diagnostic,-11.8359,1,PASS,35,,aj,diagnostic,LEMMA,,MASTER,0,0,0,,,,,0,0,0,ESDB_V0_4
8522,8680,disabilities,-11.8359,1,PASS,35,,n,disability,FORM,,MASTER,0,0,0,,,,,0,0,0,ESDB_V0_4
8523,8681,donors,-11.8359,1,PASS,35,,n,donor,FORM,,MASTER,0,1,0,,donor,,,1,0,0,ESDB_V0_4
8524,8682,dudes,-11.8359,1,PASS,35,,n_v,dude,FORM,,MASTER,0,1,0,,dude,,,1,0,0,ESDB_V0_4
8525,8683,dug,-11.8359,1,PASS,35,,n_v,dig,FORM,,MASTER,0,0,0,,,,,0,0,0,ESDB_V0_4
8526,8684,espn,-11.8359,0,NOT_EXACT_EN_US,,,,,,,REJECTED_AUTO,0,0,0,,,,,0,0,0,ESDB_V0_4
8527,8685,eternity,-11.8359,1,PASS,35,,n,eternity,LEMMA,,MASTER,0,0,0,,,,,0,0,0,ESDB_V0_4
8528,8686,farther,-11.8359,1,PASS,35,,aj_av,far,FORM,,MASTER,0,0,0,,,,,0,0,0,ESDB_V0_4
8529,8687,finances,-11.8359,1,PASS,35,,n_v,finance,FORM,,MASTER,0,1,0,,finance,,,1,0,0,ESDB_V0_4
8530,8688,fulfill,-11.8359,1,PASS,35,,v,fulfill,LEMMA,,MASTER,0,0,0,,,,,0,0,0,ESDB_V0_4
8531,8689,gaps,-11.8359,1,PASS,35,,n,gap,FORM,,MASTER,0,1,0,,gap,,,1,0,0,ESDB_V0_4
8532,8690,gilbert,-11.8359,0,NOT_EXACT_EN_US,,,,,,,REJECTED_AUTO,0,0,0,,,,,0,0,0,ESDB_V0_4
8533,8691,glance,-11.8359,1,PASS,35,,n_v,glance,LEMMA,,MASTER,0,1,0,lance,,,,1,0,0,ESDB_V0_4
8534,8692,gregory,-11.8359,0,NOT_EXACT_EN_US,,,,,,,REJECTED_AUTO,0,0,0,,,,,0,0,0,ESDB_V0_4
8535,8693,hague,-11.8359,0,NOT_EXACT_EN_US,,,,,,,REJECTED_AUTO,0,0,0,,,,,0,0,0,ESDB_V0_4
8536,8694,haunted,-11.8359,1,PASS,35,,n_v;aj,haunt;haunted,FORM;LEMMA,,MASTER,0,0,0,,,,,0,0,0,ESDB_V0_4
8537,8695,hayes,-11.8359,0,NOT_EXACT_EN_US,,,,,,,REJECTED_AUTO,0,0,0,,,,,0,0,0,ESDB_V0_4
8538,8696,headline,-11.8359,1,PASS,35,,n_v,headline,LEMMA,,MASTER,0,1,1,,,,headlines,0,1,1,ESDB_V0_4
8539,8697,heavens,-11.8359,1,PASS,35,,n,heavens,LEMMA,,MASTER,0,1,0,,heaven,,,1,0,0,ESDB_V0_4
8540,8698,hiking,-11.8359,1,PASS,35,,n_v;n,hike;hiking,FORM;LEMMA,,MASTER,0,0,0,,,,,0,0,0,ESDB_V0_4
8541,8699,hooked,-11.8359,1,PASS,35,,n_v;aj,hook;hooked,FORM;LEMMA,,MASTER,0,0,0,,,,,0,0,0,ESDB_V0_4
8542,8700,hopkins,-11.8359,0,NOT_EXACT_EN_US,,,,,,,REJECTED_AUTO,0,0,0,,,,,0,0,0,ESDB_V0_4
8543,8701,idk,-11.8359,0,NOT_EXACT_EN_US,,,,,,,REJECTED_AUTO,0,0,0,,,,,0,0,0,ESDB_V0_4
8544,8702,implementing,-11.8359,1,PASS,35,,n_v,implement,FORM,,MASTER,0,0,0,,,,,0,0,0,ESDB_V0_4
8545,8703,ins,-11.8359,1,PASS,35,40,n,in,FORM,,MASTER,0,1,1,,in,wins;sins;pins;fins;bins,,1,5,0,ESDB_V0_4
8546,8704,interrupted,-11.8359,1,PASS,35,,n_v;aj,interrupt;interrupted,FORM;LEMMA,,MASTER,0,0,0,,,,,0,0,0,ESDB_V0_4
8547,8705,investor,-11.8359,1,PASS,35,,n,investor,LEMMA,,MASTER,0,1,1,,,,investors,0,1,1,ESDB_V0_4
8548,8706,irony,-11.8359,1,PASS,35,,n,irony,LEMMA,,MASTER,0,1,0,,iron,,,1,0,0,ESDB_V0_4
8549,8707,isnt,-11.8359,0,NOT_EXACT_EN_US,,,,,,,REJECTED_AUTO,0,0,0,,,,,0,0,0,ESDB_V0_4
8550,8708,ji,-11.8359,0,NOT_EXACT_EN_US,,,,,,,REJECTED_AUTO,0,0,0,,,,,0,0,0,ESDB_V0_4
8551,8709,juvenile,-11.8359,1,PASS,35,,n;aj,juvenile,LEMMA,,MASTER,0,0,0,,,,,0,0,0,ESDB_V0_4
8552,8710,kenneth,-11.8359,0,NOT_EXACT_EN_US,,,,,,,REJECTED_AUTO,0,0,0,,,,,0,0,0,ESDB_V0_4
8553,8711,knocking,-11.8359,1,PASS,35,,n_v;n,knock;knocking,FORM;LEMMA,,MASTER,0,0,0,,,,,0,0,0,ESDB_V0_4
8554,8712,lethal,-11.8359,1,PASS,35,,aj,lethal,LEMMA,,MASTER,0,0,0,,,,,0,0,0,ESDB_V0_4
8555,8713,livestock,-11.8359,1,PASS,35,,n,livestock,LEMMA,,MASTER,0,0,0,,,,,0,0,0,ESDB_V0_4
8556,8714,marina,-11.8359,1,PASS,35,50,n,marina,LEMMA,,MASTER,0,0,0,,,,,0,0,0,ESDB_V0_4
8557,8715,maya,-11.8359,0,NOT_EXACT_EN_US,,,,,,,REJECTED_AUTO,0,0,0,,,,,0,0,0,ESDB_V0_4
8558,8716,merchants,-11.8359,1,PASS,35,,n,merchant,FORM,,MASTER,0,1,0,,merchant,,,1,0,0,ESDB_V0_4
8559,8717,miranda,-11.8359,0,NOT_EXACT_EN_US,,,,,,,REJECTED_AUTO,0,0,0,,,,,0,0,0,ESDB_V0_4
8560,8718,moisture,-11.8359,1,PASS,35,,n,moisture,LEMMA,,MASTER,0,0,0,,,,,0,0,0,ESDB_V0_4
8561,8719,monastery,-11.8359,1,PASS,35,,n,monastery,LEMMA,,MASTER,0,0,0,,,,,0,0,0,ESDB_V0_4
8562,8720,moss,-11.8359,1,PASS,35,50,n,moss,LEMMA,,MASTER,0,0,0,,,,,0,0,0,ESDB_V0_4
8563,8721,mtv,-11.8359,0,NOT_EXACT_EN_US,,,,,,,REJECTED_AUTO,0,0,0,,,,,0,0,0,ESDB_V0_4
8564,8723,nepal,-11.8359,0,NOT_EXACT_EN_US,,,,,,,REJECTED_AUTO,0,0,0,,,,,0,0,0,ESDB_V0_4
8565,8724,newer,-11.8359,1,PASS,35,,aj_av,new,FORM,,MASTER,0,0,0,,,,,0,0,0,ESDB_V0_4
8566,8725,nitrogen,-11.8359,1,PASS,35,,n,nitrogen,LEMMA,,MASTER,0,0,0,,,,,0,0,0,ESDB_V0_4
8567,8726,nixon,-11.8359,0,NOT_EXACT_EN_US,,,,,,,REJECTED_AUTO,0,0,0,,,,,0,0,0,ESDB_V0_4
8568,8727,oval,-11.8359,1,PASS,35,,n;aj,oval,LEMMA,,MASTER,0,0,0,,,,,0,0,0,ESDB_V0_4
8569,8728,owing,-11.8359,1,PASS,35,,v;aj,owe;owing,FORM;LEMMA,,MASTER,0,1,1,wing,,rowing;towing,,1,2,0,ESDB_V0_4
8570,8729,parental,-11.8359,1,PASS,35,,aj,parental,LEMMA,,MASTER,0,0,0,,,,,0,0,0,ESDB_V0_4
8571,8730,pasta,-11.8359,1,PASS,35,,n,pasta,LEMMA,,MASTER,0,1,0,,past,,,1,0,0,ESDB_V0_4
8572,8731,peanut,-11.8359,1,PASS,35,,n,peanut,LEMMA,,MASTER,0,1,1,,,,peanuts,0,1,1,ESDB_V0_4
8573,8732,persian,-11.8359,0,NOT_EXACT_EN_US,,,,,,,REJECTED_AUTO,0,0,0,,,,,0,0,0,ESDB_V0_4
8574,8733,pharmaceutical,-11.8359,1,PASS,35,,n;aj,pharmaceutical,LEMMA,,MASTER,0,1,1,,,,pharmaceuticals,0,1,1,ESDB_V0_4
8575,8734,pools,-11.8359,1,PASS,35,,n_v,pool,FORM,,MASTER,0,1,0,,pool,,,1,0,0,ESDB_V0_4
8576,8735,problematic,-11.8359,1,PASS,35,,aj,problematic,LEMMA,,MASTER,0,0,0,,,,,0,0,0,ESDB_V0_4
8577,8736,qualification,-11.8359,1,PASS,35,,n,qualification,LEMMA,,MASTER,0,1,1,,,,qualifications,0,1,1,ESDB_V0_4
8578,8737,radius,-11.8359,1,PASS,35,,n,radius,LEMMA,,MASTER,0,0,0,,,,,0,0,0,ESDB_V0_4
8579,8738,raiders,-11.8359,1,PASS,35,,n,raider,FORM,,MASTER,0,1,0,,raider,,,1,0,0,ESDB_V0_4
8580,8739,rankings,-11.8359,1,PASS,40,,n,ranking,FORM,,MASTER,0,1,0,,ranking,,,1,0,0,ESDB_V0_4
8581,8740,recordings,-11.8359,1,PASS,35,,n,recording,FORM,,MASTER,0,1,0,,recording,,,1,0,0,ESDB_V0_4
8582,8741,recreational,-11.8359,1,PASS,35,,aj,recreational,LEMMA,,MASTER,0,0,0,,,,,0,0,0,ESDB_V0_4
8583,8742,relied,-11.8359,1,PASS,35,,v,rely,FORM,,MASTER,0,0,0,,,,,0,0,0,ESDB_V0_4
8584,8743,reluctant,-11.8359,1,PASS,35,,aj,reluctant,LEMMA,,MASTER,0,0,0,,,,,0,0,0,ESDB_V0_4
8585,8744,remedy,-11.8359,1,PASS,35,,n_v,remedy,LEMMA,,MASTER,0,0,0,,,,,0,0,0,ESDB_V0_4
8586,8745,rented,-11.8359,1,PASS,35,,n_v,rent,FORM,,MASTER,0,0,0,,,,,0,0,0,ESDB_V0_4
8587,8746,reviewing,-11.8359,1,PASS,35,,n_v,review,FORM,,MASTER,0,0,0,,,,,0,0,0,ESDB_V0_4
8588,8747,revolt,-11.8359,1,PASS,35,,n_v,revolt,LEMMA,,MASTER,0,0,0,,,,,0,0,0,ESDB_V0_4
8589,8748,roma,-11.8359,0,NOT_EXACT_EN_US,,,,,,,REJECTED_AUTO,0,0,0,,,,,0,0,0,ESDB_V0_4
8590,8749,seals,-11.8359,1,PASS,35,,n_v;n,seal,FORM,,MASTER,0,1,0,,seal,,,1,0,0,ESDB_V0_4
8591,8750,selecting,-11.8359,1,PASS,35,,v,select,FORM,,MASTER,0,1,0,electing,,,,1,0,0,ESDB_V0_4
8592,8751,shave,-11.8359,1,PASS,35,,n_v,shave,LEMMA,,MASTER,0,1,1,have,,,shaved,1,1,1,ESDB_V0_4
8593,8752,sincerely,-11.8359,1,PASS,35,,av,sincerely,LEMMA,,MASTER,0,0,0,,,,,0,0,0,ESDB_V0_4
8594,8753,skirt,-11.8359,1,PASS,35,,n_v,skirt,LEMMA,,MASTER,0,1,1,,,,skirts,0,1,1,ESDB_V0_4
8595,8754,snakes,-11.8359,1,PASS,35,,n_v,snake,FORM,,MASTER,0,1,0,,snake,,,1,0,0,ESDB_V0_4
8596,8755,sour,-11.8359,1,PASS,35,,n_v;aj,sour,LEMMA,,MASTER,0,1,0,our,,,,1,0,0,ESDB_V0_4
8597,8756,specialty,-11.8359,1,PASS,35,,n,specialty,LEMMA,,MASTER,0,0,0,,,,,0,0,0,ESDB_V0_4
8598,8757,specifications,-11.8359,1,PASS,35,,n,specification,FORM,,MASTER,0,1,0,,specification,,,1,0,0,ESDB_V0_4
8599,8758,stabbed,-11.8359,1,PASS,35,,n_v,stab,FORM,,MASTER,0,0,0,,,,,0,0,0,ESDB_V0_4
8600,8759,statutory,-11.8359,1,PASS,35,,aj,statutory,LEMMA,,MASTER,0,0,0,,,,,0,0,0,ESDB_V0_4
8601,8760,stretched,-11.8359,1,PASS,35,,n_v;aj,stretch;stretched,FORM;LEMMA,,MASTER,0,0,0,,,,,0,0,0,ESDB_V0_4
8602,8761,structured,-11.8359,1,PASS,35,,n_v;aj,structure;structured,FORM;LEMMA,,MASTER,0,1,0,,structure,,,1,0,0,ESDB_V0_4
8603,8762,submissions,-11.8359,1,PASS,35,,n,submission,FORM,,MASTER,0,1,0,,submission,,,1,0,0,ESDB_V0_4
8604,8763,sullivan,-11.8359,0,NOT_EXACT_EN_US,,,,,,,REJECTED_AUTO,0,0,0,,,,,0,0,0,ESDB_V0_4
8605,8764,sunlight,-11.8359,1,PASS,35,,n,sunlight,LEMMA,,MASTER,0,0,0,,,,,0,0,0,ESDB_V0_4
8606,8765,surprises,-11.8359,1,PASS,35,,n_v,surprise,FORM,,MASTER,0,1,0,,surprise,,,1,0,0,ESDB_V0_4
8607,8766,tags,-11.8359,1,PASS,35,,n_v,tag,FORM,,MASTER,0,1,0,,tag,,,1,0,0,ESDB_V0_4
8608,8767,teammates,-11.8359,1,PASS,35,,n,teammate,FORM,,MASTER,0,1,0,,teammate,,,1,0,0,ESDB_V0_4
8609,8768,terrifying,-11.8359,1,PASS,35,,v;aj,terrify;terrifying,FORM;LEMMA,,MASTER,0,0,0,,,,,0,0,0,ESDB_V0_4
8610,8769,trademark,-11.8359,1,PASS,35,,n_v,trademark,LEMMA,,MASTER,0,0,0,,,,,0,0,0,ESDB_V0_4
8611,8770,trevor,-11.8359,0,NOT_EXACT_EN_US,,,,,,,REJECTED_AUTO,0,0,0,,,,,0,0,0,ESDB_V0_4
8612,8771,trinity,-11.8359,1,PASS,35,40,n,trinity,LEMMA,,MASTER,0,0,0,,,,,0,0,0,ESDB_V0_4
8613,8772,trio,-11.8359,1,PASS,35,,n,trio,LEMMA,,MASTER,0,0,0,,,,,0,0,0,ESDB_V0_4
8614,8773,uranium,-11.8359,1,PASS,35,,n,uranium,LEMMA,,MASTER,0,0,0,,,,,0,0,0,ESDB_V0_4
8615,8774,validity,-11.8359,1,PASS,35,,n,validity,LEMMA,,MASTER,0,0,0,,,,,0,0,0,ESDB_V0_4
8616,8775,wo,-11.8359,0,NOT_EXACT_EN_US,,,,,,,REJECTED_AUTO,0,0,0,,,,,0,0,0,ESDB_V0_4
8617,8776,wool,-11.8359,1,PASS,35,,n,wool,LEMMA,,MASTER,0,1,0,,woo,,,1,0,0,ESDB_V0_4
8618,8777,workshops,-11.8359,1,PASS,35,,n,workshop,FORM,,MASTER,0,1,0,,workshop,,,1,0,0,ESDB_V0_4
8619,8779,afghan,-11.8582,0,CASE_FREQ_COLLISION,50,50,n,afghan,LEMMA,,REJECTED_AUTO,0,0,0,,,,,0,0,0,ESDB_V0_4
8620,8780,allocation,-11.8582,1,PASS,35,,n,allocation,LEMMA,,MASTER,0,0,0,,,,,0,0,0,ESDB_V0_4
8621,8781,alternatively,-11.8582,1,PASS,35,,av,alternatively,LEMMA,,MASTER,0,0,0,,,,,0,0,0,ESDB_V0_4
8622,8782,americas,-11.8582,0,NOT_EXACT_EN_US,,,,,,,REJECTED_AUTO,0,0,0,,,,,0,0,0,ESDB_V0_4
8623,8783,anal,-11.8582,1,PASS,35,,aj,anal,LEMMA,,MASTER,0,1,1,,,canal,,0,1,0,ESDB_V0_4
8624,8784,angles,-11.8582,1,PASS,35,60,n_v,angle,FORM,,MASTER,0,1,0,,angle,,,1,0,0,ESDB_V0_4
8625,8785,apparatus,-11.8582,1,PASS,35,,n,apparatus,LEMMA;FORM,,MASTER,0,0,0,,,,,0,0,0,ESDB_V0_4
8626,8786,appealed,-11.8582,1,PASS,35,,n_v,appeal,FORM,,MASTER,0,0,0,,,,,0,0,0,ESDB_V0_4
8627,8787,architects,-11.8582,1,PASS,35,,n,architect,FORM,,MASTER,0,1,0,,architect,,,1,0,0,ESDB_V0_4
8628,8788,arose,-11.8582,1,PASS,35,,v,arise,FORM,,MASTER,0,1,0,rose,,,,1,0,0,ESDB_V0_4
8629,8789,atm,-11.8582,0,NOT_EXACT_EN_US,,,,,,,REJECTED_AUTO,0,0,0,,,,,0,0,0,ESDB_V0_4
8630,8790,autism,-11.8582,1,PASS,50,,n,autism,LEMMA,,MASTER,0,0,0,,,,,0,0,0,ESDB_V0_4
8631,8791,bachelor,-11.8582,1,PASS,35,,n,bachelor,LEMMA,,MASTER,0,0,0,,,,,0,0,0,ESDB_V0_4
8632,8792,beth,-11.8582,0,NOT_EXACT_EN_US,,,,,,,REJECTED_AUTO,0,0,0,,,,,0,0,0,ESDB_V0_4
8633,8793,betting,-11.8582,1,PASS,35,,n_v;aj,bet;betting,FORM;LEMMA,,MASTER,0,0,0,,,,,0,0,0,ESDB_V0_4
8634,8794,buddhist,-11.8582,0,NOT_EXACT_EN_US,,,,,,,REJECTED_AUTO,0,0,0,,,,,0,0,0,ESDB_V0_4
8635,8795,chad,-11.8582,0,CASE_FREQ_COLLISION,50,50,n,chad,LEMMA,,REJECTED_AUTO,0,0,0,,,,,0,0,0,ESDB_V0_4
8636,8796,chicks,-11.8582,1,PASS,35,,n,chick,FORM,,MASTER,0,1,0,hicks,chick,,,2,0,0,ESDB_V0_4
8637,8797,coffin,-11.8582,1,PASS,35,,n_v,coffin,LEMMA,,MASTER,0,0,0,,,,,0,0,0,ESDB_V0_4
8638,8798,commitments,-11.8582,1,PASS,35,,n,commitment,FORM,,MASTER,0,1,0,,commitment,,,1,0,0,ESDB_V0_4
8639,8799,concludes,-11.8582,1,PASS,35,,v,conclude,FORM,,MASTER,0,1,0,,conclude,,,1,0,0,ESDB_V0_4
8640,8800,consolidated,-11.8582,1,PASS,35,,v;aj,consolidate;consolidated,FORM;LEMMA,,MASTER,0,1,0,,consolidate,,,1,0,0,ESDB_V0_4
8641,8801,constructive,-11.8582,1,PASS,35,,aj,constructive,LEMMA,,MASTER,0,0,0,,,,,0,0,0,ESDB_V0_4
8642,8802,coordinate,-11.8582,1,PASS,35,,n_v;aj,coordinate,LEMMA,,MASTER,0,1,1,,,,coordinates;coordinated,0,2,2,ESDB_V0_4
8643,8803,coordinator,-11.8582,1,PASS,35,,n,coordinator,LEMMA,,MASTER,0,0,0,,,,,0,0,0,ESDB_V0_4
8644,8804,covenant,-11.8582,1,PASS,35,,n_v,covenant,LEMMA,,MASTER,0,0,0,,,,,0,0,0,ESDB_V0_4
8645,8805,cuisine,-11.8582,1,PASS,35,,n,cuisine,LEMMA,,MASTER,0,0,0,,,,,0,0,0,ESDB_V0_4
8646,8806,dances,-11.8582,1,PASS,35,,n_v,dance,FORM,,MASTER,0,1,0,,dance,,,1,0,0,ESDB_V0_4
8647,8807,def,-11.8582,0,CASE_FREQ_COLLISION,60,60,a,def,LEMMA,,REJECTED_AUTO,0,0,0,,,,,0,0,0,ESDB_V0_4
8648,8808,dell,-11.8582,0,CASE_FREQ_COLLISION,50,50,n,dell,LEMMA,,REJECTED_AUTO,0,0,0,,,,,0,0,0,ESDB_V0_4
8649,8809,destined,-11.8582,1,PASS,35,,v;aj,destine;destined,FORM;LEMMA,,MASTER,0,0,0,,,,,0,0,0,ESDB_V0_4
8650,8810,dolphins,-11.8582,1,PASS,35,,n,dolphin,FORM,,MASTER,0,1,0,,dolphin,,,1,0,0,ESDB_V0_4
8651,8811,dos,-11.8582,1,PASS,35,50,n,do,FORM,,MASTER,0,1,1,,do,,dose,1,1,0,ESDB_V0_4
8652,8812,enrolled,-11.8582,1,PASS,35,,v,enroll;enrol,FORM,,MASTER,0,0,0,,,,,0,0,0,ESDB_V0_4
8653,8813,evolutionary,-11.8582,1,PASS,35,,aj,evolutionary,LEMMA,,MASTER,0,1,1,,,revolutionary,,0,1,0,ESDB_V0_4
8654,8814,feminine,-11.8582,1,PASS,35,,n;aj,feminine,LEMMA,,MASTER,0,0,0,,,,,0,0,0,ESDB_V0_4
8655,8815,flee,-11.8582,1,PASS,35,,v,flee,LEMMA,,MASTER,0,1,1,lee,,,fleet,1,1,0,ESDB_V0_4
8656,8816,folder,-11.8582,1,PASS,35,,n,folder,LEMMA,,MASTER,0,1,1,older,,,folders,1,1,1,ESDB_V0_4
8657,8817,gateway,-11.8582,1,PASS,35,,n,gateway,LEMMA,,MASTER,0,0,0,,,,,0,0,0,ESDB_V0_4
8658,8818,gf,-11.8582,0,NOT_EXACT_EN_US,,,,,,,REJECTED_AUTO,0,0,0,,,,,0,0,0,ESDB_V0_4
8659,8819,henderson,-11.8582,0,NOT_EXACT_EN_US,,,,,,,REJECTED_AUTO,0,0,0,,,,,0,0,0,ESDB_V0_4
8660,8820,humour,-11.8582,0,NOT_EXACT_EN_US,,,,,,,REJECTED_AUTO,0,0,0,,,,,0,0,0,ESDB_V0_4
8661,8821,innocence,-11.8582,1,PASS,35,,n,innocence,LEMMA,,MASTER,0,0,0,,,,,0,0,0,ESDB_V0_4
8662,8822,insights,-11.8582,1,PASS,35,,n,insight,FORM,,MASTER,0,1,0,,insight,,,1,0,0,ESDB_V0_4
8663,8823,investigator,-11.8582,1,PASS,35,,n,investigator,LEMMA,,MASTER,0,1,1,,,,investigators,0,1,1,ESDB_V0_4
8664,8824,inviting,-11.8582,1,PASS,35,,n_v;aj,invite;inviting,FORM;LEMMA,,MASTER,0,0,0,,,,,0,0,0,ESDB_V0_4
8665,8825,jeffrey,-11.8582,0,NOT_EXACT_EN_US,,,,,,,REJECTED_AUTO,0,0,0,,,,,0,0,0,ESDB_V0_4
8666,8826,labeled,-11.8582,1,PASS,35,,n_v;aj,label;labeled,FORM;LEMMA,,MASTER,0,0,0,,,,,0,0,0,ESDB_V0_4
8667,8827,leslie,-11.8582,0,NOT_EXACT_EN_US,,,,,,,REJECTED_AUTO,0,0,0,,,,,0,0,0,ESDB_V0_4
8668,8828,margins,-11.8582,1,PASS,35,,n,margin,FORM,,MASTER,0,1,0,,margin,,,1,0,0,ESDB_V0_4
8669,8829,marsh,-11.8582,1,PASS,35,50,n,marsh,LEMMA,,MASTER,0,1,0,,mars,,,1,0,0,ESDB_V0_4
8670,8831,mentor,-11.8582,1,PASS,35,,n_v,mentor,LEMMA,,MASTER,0,1,1,,,,mentors,0,1,1,ESDB_V0_4
8671,8832,metre,-11.8582,0,NOT_EXACT_EN_US,,,,,,,REJECTED_AUTO,0,0,0,,,,,0,0,0,ESDB_V0_4
8672,8833,millennium,-11.8582,1,PASS,40,,n,millennium,LEMMA,,MASTER,0,0,0,,,,,0,0,0,ESDB_V0_4
8673,8834,mistress,-11.8582,1,PASS,35,60,n,mistress,LEMMA,,MASTER,0,0,0,,,,,0,0,0,ESDB_V0_4
8674,8835,mit,-11.8582,0,NOT_EXACT_EN_US,,,,,,,REJECTED_AUTO,0,0,0,,,,,0,0,0,ESDB_V0_4
8675,8836,nash,-11.8582,0,NOT_EXACT_EN_US,,,,,,,REJECTED_AUTO,0,0,0,,,,,0,0,0,ESDB_V0_4
8676,8837,negotiating,-11.8582,1,PASS,35,,v,negotiate,FORM,,MASTER,0,0,0,,,,,0,0,0,ESDB_V0_4
8677,8838,ng,-11.8582,0,NOT_EXACT_EN_US,,,,,,,REJECTED_AUTO,0,0,0,,,,,0,0,0,ESDB_V0_4
8678,8840,packs,-11.8582,1,PASS,35,,n_v,pack,FORM,,MASTER,0,1,0,,pack,,,1,0,0,ESDB_V0_4
8679,8841,pains,-11.8582,1,PASS,35,,n_v,pain,FORM,,MASTER,0,1,0,,pain,,,1,0,0,ESDB_V0_4
8680,8842,parked,-11.8582,1,PASS,35,,n_v;aj,park;parked,FORM;LEMMA,,MASTER,0,1,1,,,sparked,,0,1,0,ESDB_V0_4
8681,8843,perth,-11.8582,0,NOT_EXACT_EN_US,,,,,,,REJECTED_AUTO,0,0,0,,,,,0,0,0,ESDB_V0_4
8682,8844,pillow,-11.8582,1,PASS,35,,n_v,pillow,LEMMA,,MASTER,0,1,1,,,,pillows,0,1,1,ESDB_V0_4
8683,8845,pouring,-11.8582,1,PASS,35,,v;aj,pour;pouring,FORM;LEMMA,,MASTER,0,0,0,,,,,0,0,0,ESDB_V0_4
8684,8846,practiced,-11.8582,1,PASS,35,,v,practice,FORM,,MASTER,0,1,0,,practice,,,1,0,0,ESDB_V0_4
8685,8847,predecessor,-11.8582,1,PASS,35,,n,predecessor,LEMMA,,MASTER,0,1,1,,,,predecessors,0,1,1,ESDB_V0_4
8686,8848,predominantly,-11.8582,1,PASS,35,,av,predominantly,LEMMA,,MASTER,0,0,0,,,,,0,0,0,ESDB_V0_4
8687,8849,princeton,-11.8582,0,NOT_EXACT_EN_US,,,,,,,REJECTED_AUTO,0,0,0,,,,,0,0,0,ESDB_V0_4
8688,8850,privileges,-11.8582,1,PASS,35,,n_v,privilege,FORM,,MASTER,0,1,0,,privilege,,,1,0,0,ESDB_V0_4
8689,8851,probable,-11.8582,1,PASS,35,,n;aj,probable,LEMMA,,MASTER,0,0,0,,,,,0,0,0,ESDB_V0_4
8690,8852,promotional,-11.8582,1,PASS,40,,aj,promotional,LEMMA,,MASTER,0,0,0,,,,,0,0,0,ESDB_V0_4
8691,8853,proposition,-11.8582,1,PASS,35,,n_v,proposition,LEMMA,,MASTER,0,0,0,,,,,0,0,0,ESDB_V0_4
8692,8854,rainfall,-11.8582,1,PASS,35,,n,rainfall,LEMMA,,MASTER,0,0,0,,,,,0,0,0,ESDB_V0_4
8693,8855,rebuild,-11.8582,1,PASS,35,,v,rebuild,LEMMA,,MASTER,0,0,0,,,,,0,0,0,ESDB_V0_4
8694,8856,refined,-11.8582,1,PASS,35,,v;aj,refine;refined,FORM;LEMMA,,MASTER,0,1,0,,refine,,,1,0,0,ESDB_V0_4
8695,8857,render,-11.8582,1,PASS,35,,n_v,render,LEMMA,,MASTER,0,1,1,,,,renders,0,1,1,ESDB_V0_4
8696,8858,riley,-11.8582,0,NOT_EXACT_EN_US,,,,,,,REJECTED_AUTO,0,0,0,,,,,0,0,0,ESDB_V0_4
8697,8859,robertson,-11.8582,0,NOT_EXACT_EN_US,,,,,,,REJECTED_AUTO,0,0,0,,,,,0,0,0,ESDB_V0_4
8698,8860,rows,-11.8582,1,PASS,35,,n_v,row,FORM,,MASTER,0,1,1,,row,grows;crows;brows,,1,3,0,ESDB_V0_4
8699,8861,shields,-11.8582,1,PASS,35,50,n_v,shield,FORM,,MASTER,0,1,0,,shield,,,1,0,0,ESDB_V0_4
8700,8862,sights,-11.8582,1,PASS,35,,n_v;n,sight;sights,FORM;LEMMA,,MASTER,0,1,0,,sight,,,1,0,0,ESDB_V0_4
8701,8863,sincere,-11.8582,1,PASS,35,,aj,sincere,LEMMA,,MASTER,0,0,0,,,,,0,0,0,ESDB_V0_4
8702,8864,smarter,-11.8582,1,PASS,35,,aj,smart,FORM,,MASTER,0,0,0,,,,,0,0,0,ESDB_V0_4
8703,8865,sonic,-11.8582,1,PASS,35,,aj,sonic,LEMMA,,MASTER,0,0,0,,,,,0,0,0,ESDB_V0_4
8704,8866,spends,-11.8582,1,PASS,35,,v,spend,FORM,,MASTER,0,1,0,,spend,,,1,0,0,ESDB_V0_4
8705,8867,spine,-11.8582,1,PASS,35,,n,spine,LEMMA,,MASTER,0,1,0,pine,spin,,,2,0,0,ESDB_V0_4
8706,8868,spit,-11.8582,1,PASS,35,,n;v,spit,LEMMA;FORM,,MASTER,0,1,1,pit,,,spite,1,1,0,ESDB_V0_4
8707,8869,spoon,-11.8582,1,PASS,35,,n_v,spoon,LEMMA,,MASTER,0,0,0,,,,,0,0,0,ESDB_V0_4
8708,8870,stiff,-11.8582,1,PASS,35,,n_v;aj_av,stiff,LEMMA,,MASTER,0,0,0,,,,,0,0,0,ESDB_V0_4
8709,8871,stretching,-11.8582,1,PASS,35,,n_v;n,stretch;stretching,FORM;LEMMA,,MASTER,0,0,0,,,,,0,0,0,ESDB_V0_4
8710,8872,strips,-11.8582,1,PASS,35,,n_v,strip,FORM,,MASTER,0,1,0,trips,strip,,,2,0,0,ESDB_V0_4
8711,8873,swap,-11.8582,1,PASS,35,,n_v,swap,LEMMA,,MASTER,0,0,0,,,,,0,0,0,ESDB_V0_4
8712,8874,synthesis,-11.8582,1,PASS,35,,n,synthesis,LEMMA,,MASTER,0,0,0,,,,,0,0,0,ESDB_V0_4
8713,8875,teachings,-11.8582,1,PASS,35,,n,teaching,FORM,,MASTER,0,1,0,,teaching,,,1,0,0,ESDB_V0_4
8714,8876,telecommunications,-11.8582,1,PASS,35,,n,telecommunications,LEMMA,,MASTER,0,0,0,,,,,0,0,0,ESDB_V0_4
8715,8877,template,-11.8582,1,PASS,35,,n,template,LEMMA,,MASTER,0,1,1,,,,templates,0,1,1,ESDB_V0_4
8716,8878,tolerate,-11.8582,1,PASS,35,,v,tolerate,LEMMA,,MASTER,0,1,1,,,,tolerated,0,1,1,ESDB_V0_4
8717,8879,tournaments,-11.8582,1,PASS,35,,n,tournament,FORM,,MASTER,0,1,0,,tournament,,,1,0,0,ESDB_V0_4
8718,8880,treasurer,-11.8582,1,PASS,35,,n,treasurer,LEMMA,,MASTER,0,1,0,,treasure,,,1,0,0,ESDB_V0_4
8719,8881,triggered,-11.8582,1,PASS,35,,n_v,trigger,FORM,,MASTER,0,0,0,,,,,0,0,0,ESDB_V0_4
8720,8882,tweets,-11.8582,1,PASS,35,,n_v,tweet,FORM,,MASTER,0,1,0,,tweet,,,1,0,0,ESDB_V0_4
8721,8883,uniforms,-11.8582,1,PASS,35,,n_v,uniform,FORM,,MASTER,0,1,0,,uniform,,,1,0,0,ESDB_V0_4
8722,8884,upstairs,-11.8582,1,PASS,35,,aj_av,upstairs,LEMMA,,MASTER,0,0,0,,,,,0,0,0,ESDB_V0_4
8723,8885,urine,-11.8582,1,PASS,35,,n,urine,LEMMA,,MASTER,0,0,0,,,,,0,0,0,ESDB_V0_4
8724,8886,utilities,-11.8582,1,PASS,35,,n,utility,FORM,,MASTER,0,0,0,,,,,0,0,0,ESDB_V0_4
8725,8887,vagina,-11.8582,1,PASS,35,,n,vagina,LEMMA,,MASTER,0,1,1,,,,vaginal,0,1,0,ESDB_V0_4
8726,8888,victories,-11.8582,1,PASS,35,,n,victory,FORM,,MASTER,0,0,0,,,,,0,0,0,ESDB_V0_4
8727,8889,vodka,-11.8582,1,PASS,35,,n,vodka,LEMMA,,MASTER,0,0,0,,,,,0,0,0,ESDB_V0_4
8728,8890,warnings,-11.8582,1,PASS,35,,n,warning,FORM,,MASTER,0,1,0,,warning,,,1,0,0,ESDB_V0_4
8729,8891,whistle,-11.8582,1,PASS,35,,n_v,whistle,LEMMA,,MASTER,0,1,1,,,,whistles,0,1,1,ESDB_V0_4
8730,8892,whoa,-11.8582,1,PASS,35,,v;i,whoa,LEMMA,,MASTER,0,1,0,,who,,,1,0,0,ESDB_V0_4
8731,8893,yell,-11.8582,1,PASS,35,,n_v,yell,LEMMA,,MASTER,0,1,1,,,,yells,0,1,1,ESDB_V0_4
8732,8894,accidental,-11.8811,1,PASS,35,,n;aj,accidental,LEMMA,,MASTER,0,0,0,,,,,0,0,0,ESDB_V0_4
8733,8895,acids,-11.8811,1,PASS,35,,n,acid,FORM,,MASTER,0,1,0,,acid,,,1,0,0,ESDB_V0_4
8734,8896,advancement,-11.8811,1,PASS,35,,n,advancement,LEMMA,,MASTER,0,0,0,,,,,0,0,0,ESDB_V0_4
8735,8897,ag,-11.8811,0,NOT_EXACT_EN_US,,,,,,,REJECTED_AUTO,0,0,0,,,,,0,0,0,ESDB_V0_4
8736,8898,allergic,-11.8811,1,PASS,35,,aj,allergic,LEMMA,,MASTER,0,0,0,,,,,0,0,0,ESDB_V0_4
8737,8899,allocated,-11.8811,1,PASS,35,,v,allocate,FORM,,MASTER,0,1,0,,allocate,,,1,0,0,ESDB_V0_4
8738,8900,amendments,-11.8811,1,PASS,35,,n,amendment,FORM,,MASTER,0,1,0,,amendment,,,1,0,0,ESDB_V0_4
8739,8901,amid,-11.8811,1,PASS,35,,pp,amid,LEMMA,,MASTER,0,1,0,mid,,,,1,0,0,ESDB_V0_4
8740,8902,announcing,-11.8811,1,PASS,35,,v,announce,FORM,,MASTER,0,0,0,,,,,0,0,0,ESDB_V0_4
8741,8903,archaeological,-11.8811,1,PASS,35,,aj,archaeological,LEMMA,,MASTER,0,0,0,,,,,0,0,0,ESDB_V0_4
8742,8904,beers,-11.8811,1,PASS,35,,n,beer,FORM,,MASTER,0,1,0,,beer,,,1,0,0,ESDB_V0_4
8743,8905,belfast,-11.8811,0,NOT_EXACT_EN_US,,,,,,,REJECTED_AUTO,0,0,0,,,,,0,0,0,ESDB_V0_4
8744,8906,binary,-11.8811,1,PASS,35,,n;aj,binary,LEMMA,,MASTER,0,0,0,,,,,0,0,0,ESDB_V0_4
8745,8907,blades,-11.8811,1,PASS,35,,n,blade,FORM,,MASTER,0,1,0,,blade,,,1,0,0,ESDB_V0_4
8746,8908,boris,-11.8811,0,NOT_EXACT_EN_US,,,,,,,REJECTED_AUTO,0,0,0,,,,,0,0,0,ESDB_V0_4
8747,8909,buddha,-11.8811,0,NOT_EXACT_EN_US,,,,,,,REJECTED_AUTO,0,0,0,,,,,0,0,0,ESDB_V0_4
8748,8910,builder,-11.8811,1,PASS,35,,n,builder,LEMMA,,MASTER,0,1,1,,,,builders,0,1,1,ESDB_V0_4
8749,8911,cavalry,-11.8811,1,PASS,35,,n,cavalry,LEMMA,,MASTER,0,0,0,,,,,0,0,0,ESDB_V0_4
8750,8912,censorship,-11.8811,1,PASS,35,,n,censorship,LEMMA,,MASTER,0,0,0,,,,,0,0,0,ESDB_V0_4
8751,8913,ceremonies,-11.8811,1,PASS,35,,n,ceremony,FORM,,MASTER,0,0,0,,,,,0,0,0,ESDB_V0_4
8752,8914,certification,-11.8811,1,PASS,40,,n,certification,LEMMA,,MASTER,0,0,0,,,,,0,0,0,ESDB_V0_4
8753,8915,classics,-11.8811,1,PASS,35,,n,classic,FORM,,MASTER,0,1,0,,classic,,,1,0,0,ESDB_V0_4
8754,8916,coconut,-11.8811,1,PASS,35,,n,coconut,LEMMA,,MASTER,0,0,0,,,,,0,0,0,ESDB_V0_4
8755,8917,commercials,-11.8811,1,PASS,35,,n,commercial,FORM,,MASTER,0,1,0,,commercial,,,1,0,0,ESDB_V0_4
8756,8918,competitions,-11.8811,1,PASS,35,,n,competition,FORM,,MASTER,0,1,0,,competition,,,1,0,0,ESDB_V0_4
8757,8919,competitor,-11.8811,1,PASS,35,,n,competitor,LEMMA,,MASTER,0,1,1,,,,competitors,0,1,1,ESDB_V0_4
8758,8920,composer,-11.8811,1,PASS,35,,n,composer,LEMMA,,MASTER,0,1,1,,compose,,composers,1,1,1,ESDB_V0_4
8759,8921,confront,-11.8811,1,PASS,35,,v,confront,LEMMA,,MASTER,0,0,0,,,,,0,0,0,ESDB_V0_4
8760,8922,cooperate,-11.8811,1,PASS,35,,v,cooperate,LEMMA,,MASTER,0,0,0,,,,,0,0,0,ESDB_V0_4
8761,8923,crashes,-11.8811,1,PASS,35,,n_v,crash,FORM,,MASTER,0,0,0,,,,,0,0,0,ESDB_V0_4
8762,8924,crowds,-11.8811,1,PASS,35,,n_v,crowd,FORM,,MASTER,0,1,0,,crowd,,,1,0,0,ESDB_V0_4
8763,8925,cyber,-11.8811,1,PASS,60,,aj,cyber,LEMMA,,MASTER,0,0,0,,,,,0,0,0,ESDB_V0_4
8764,8926,darker,-11.8811,1,PASS,35,,aj,dark,FORM,,MASTER,0,0,0,,,,,0,0,0,ESDB_V0_4
8765,8927,discovering,-11.8811,1,PASS,35,,v,discover,FORM,,MASTER,0,0,0,,,,,0,0,0,ESDB_V0_4
8766,8928,dodgers,-11.8811,1,PASS,50,,n,dodger,FORM,,MASTER,0,0,0,,,,,0,0,0,ESDB_V0_4
8767,8929,dominance,-11.8811,1,PASS,35,,n,dominance,LEMMA,,MASTER,0,0,0,,,,,0,0,0,ESDB_V0_4
8768,8930,dominican,-11.8811,0,NOT_EXACT_EN_US,,,,,,,REJECTED_AUTO,0,0,0,,,,,0,0,0,ESDB_V0_4
8769,8931,drilling,-11.8811,1,PASS,35,,n_v;n,drill;drilling,FORM;LEMMA,,MASTER,0,0,0,,,,,0,0,0,ESDB_V0_4
8770,8932,ds,-11.8811,0,NOT_EXACT_EN_US,,,,,,,REJECTED_AUTO,0,0,0,,,,,0,0,0,ESDB_V0_4
8771,8934,ecological,-11.8811,1,PASS,35,,aj,ecological,LEMMA,,MASTER,0,0,0,,,,,0,0,0,ESDB_V0_4
8772,8935,editions,-11.8811,1,PASS,35,,n,edition,FORM,,MASTER,0,1,0,,edition,,,1,0,0,ESDB_V0_4
8773,8936,encourages,-11.8811,1,PASS,35,,v,encourage,FORM,,MASTER,0,1,0,,encourage,,,1,0,0,ESDB_V0_4
8774,8937,explorer,-11.8811,1,PASS,35,,n,explorer,LEMMA,,MASTER,0,1,1,,explore,,explorers,1,1,1,ESDB_V0_4
8775,8938,feeds,-11.8811,1,PASS,35,,n_v,feed,FORM,,MASTER,0,1,0,,feed,,,1,0,0,ESDB_V0_4
8776,8939,ferguson,-11.8811,0,NOT_EXACT_EN_US,,,,,,,REJECTED_AUTO,0,0,0,,,,,0,0,0,ESDB_V0_4
8777,8940,ferrari,-11.8811,0,NOT_EXACT_EN_US,,,,,,,REJECTED_AUTO,0,0,0,,,,,0,0,0,ESDB_V0_4
8778,8941,filters,-11.8811,1,PASS,35,,n_v,filter,FORM,,MASTER,0,1,0,,filter,,,1,0,0,ESDB_V0_4
8779,8942,fl,-11.8811,0,NO_ESDB_GENERAL_EVIDENCE,,,,,,,REJECTED_AUTO,0,0,0,,,,,0,0,0,ESDB_V0_4
8780,8943,floyd,-11.8811,0,NOT_EXACT_EN_US,,,,,,,REJECTED_AUTO,0,0,0,,,,,0,0,0,ESDB_V0_4
8781,8944,freeman,-11.8811,0,CASE_FREQ_COLLISION,50,50,n,freeman,LEMMA,,REJECTED_AUTO,0,0,0,,,,,0,0,0,ESDB_V0_4
8782,8945,fulfilled,-11.8811,1,PASS,35,,v;aj,fulfill;fulfil;fulfilled,FORM;LEMMA,,MASTER,0,0,0,,,,,0,0,0,ESDB_V0_4
8783,8946,grams,-11.8811,1,PASS,35,,n,gram,FORM,,MASTER,0,1,0,rams,gram,,,2,0,0,ESDB_V0_4
8784,8947,halls,-11.8811,1,PASS,35,,n,hall,FORM,,MASTER,0,1,0,,hall,,,1,0,0,ESDB_V0_4
8785,8948,hatch,-11.8811,1,PASS,35,,n_v,hatch,LEMMA,,MASTER,0,0,0,,,,,0,0,0,ESDB_V0_4
8786,8949,hospitality,-11.8811,1,PASS,35,,n,hospitality,LEMMA,,MASTER,0,0,0,,,,,0,0,0,ESDB_V0_4
8787,8950,imposing,-11.8811,1,PASS,35,,v;aj,impose;imposing,FORM;LEMMA,,MASTER,0,0,0,,,,,0,0,0,ESDB_V0_4
8788,8951,inclusive,-11.8811,1,PASS,35,,aj,inclusive,LEMMA,,MASTER,0,0,0,,,,,0,0,0,ESDB_V0_4
8789,8952,inconsistent,-11.8811,1,PASS,35,,aj,inconsistent,LEMMA,,MASTER,0,0,0,,,,,0,0,0,ESDB_V0_4
8790,8953,joyce,-11.8811,0,NOT_EXACT_EN_US,,,,,,,REJECTED_AUTO,0,0,0,,,,,0,0,0,ESDB_V0_4
8791,8954,jumps,-11.8811,1,PASS,35,,n_v,jump,FORM,,MASTER,0,1,0,,jump,,,1,0,0,ESDB_V0_4
8792,8955,lebanese,-11.8811,0,NOT_EXACT_EN_US,,,,,,,REJECTED_AUTO,0,0,0,,,,,0,0,0,ESDB_V0_4
8793,8956,lengthy,-11.8811,1,PASS,35,,aj,lengthy,LEMMA,,MASTER,0,1,0,,length,,,1,0,0,ESDB_V0_4
8794,8957,metric,-11.8811,1,PASS,35,,aj,metric,LEMMA,,MASTER,0,1,1,,,,metrics,0,1,0,ESDB_V0_4
8795,8958,mickey,-11.8811,0,CASE_FREQ_COLLISION,50,50,n,mickey,LEMMA,,REJECTED_AUTO,0,0,0,,,,,0,0,0,ESDB_V0_4
8796,8959,modifications,-11.8811,1,PASS,35,,n,modification,FORM,,MASTER,0,1,0,,modification,,,1,0,0,ESDB_V0_4
8797,8960,monks,-11.8811,1,PASS,35,,n,monk,FORM,,MASTER,0,1,0,,monk,,,1,0,0,ESDB_V0_4
8798,8961,nationally,-11.8811,1,PASS,35,,av,nationally,LEMMA,,MASTER,0,0,0,,,,,0,0,0,ESDB_V0_4
8799,8962,negotiated,-11.8811,1,PASS,35,,v,negotiate,FORM,,MASTER,0,1,0,,negotiate,,,1,0,0,ESDB_V0_4
8800,8963,nets,-11.8811,1,PASS,35,,n_v,net,FORM,,MASTER,0,1,0,,net,,,1,0,0,ESDB_V0_4
8801,8964,nevada,-11.8811,0,NOT_EXACT_EN_US,,,,,,,REJECTED_AUTO,0,0,0,,,,,0,0,0,ESDB_V0_4
8802,8965,nhs,-11.8811,0,NOT_EXACT_EN_US,,,,,,,REJECTED_AUTO,0,0,0,,,,,0,0,0,ESDB_V0_4
8803,8966,nude,-11.8811,1,PASS,35,,n;aj,nude,LEMMA,,MASTER,0,0,0,,,,,0,0,0,ESDB_V0_4
8804,8967,occupational,-11.8811,1,PASS,35,,aj,occupational,LEMMA,,MASTER,0,0,0,,,,,0,0,0,ESDB_V0_4
8805,8968,optimistic,-11.8811,1,PASS,35,,aj,optimistic,LEMMA,,MASTER,0,0,0,,,,,0,0,0,ESDB_V0_4
8806,8969,originated,-11.8811,1,PASS,35,,v,originate,FORM,,MASTER,0,1,0,,originate,,,1,0,0,ESDB_V0_4
8807,8970,pac,-11.8811,0,NOT_EXACT_EN_US,,,,,,,REJECTED_AUTO,0,0,0,,,,,0,0,0,ESDB_V0_4
8808,8971,parenting,-11.8811,1,PASS,35,,n_v;n,parent;parenting,FORM;LEMMA,,MASTER,0,0,0,,,,,0,0,0,ESDB_V0_4
8809,8972,peaks,-11.8811,1,PASS,35,,n_v,peak,FORM,,MASTER,0,1,1,,peak,speaks,,1,1,0,ESDB_V0_4
8810,8973,performers,-11.8811,1,PASS,35,,n,performer,FORM,,MASTER,0,1,0,,performer,,,1,0,0,ESDB_V0_4
8811,8974,philosopher,-11.8811,1,PASS,35,,n,philosopher,LEMMA,,MASTER,0,1,1,,,,philosophers,0,1,1,ESDB_V0_4
8812,8975,prejudice,-11.8811,1,PASS,35,,n_v,prejudice,LEMMA,,MASTER,0,1,1,,,,prejudices,0,1,1,ESDB_V0_4
8813,8976,prisons,-11.8811,1,PASS,35,,n,prison,FORM,,MASTER,0,1,0,,prison,,,1,0,0,ESDB_V0_4
8814,8977,prolonged,-11.8811,1,PASS,35,,v;aj,prolong;prolonged,FORM;LEMMA,,MASTER,0,0,0,,,,,0,0,0,ESDB_V0_4
8815,8978,railways,-11.8811,1,PASS,35,,n,railway,FORM,,MASTER,0,1,0,,railway,,,1,0,0,ESDB_V0_4
8816,8979,recruit,-11.8811,1,PASS,35,,n_v,recruit,LEMMA,,MASTER,0,1,1,,,,recruits,0,1,1,ESDB_V0_4
8817,8980,ref,-11.8811,1,PASS,40,60,n_v,ref,LEMMA,,MASTER,0,1,1,,re,,refs,1,1,1,ESDB_V0_4
8818,8981,relay,-11.8811,1,PASS,35,,n;v,relay,LEMMA,,MASTER,0,0,0,,,,,0,0,0,ESDB_V0_4
8819,8982,responds,-11.8811,1,PASS,35,,v,respond,FORM,,MASTER,0,1,0,,respond,,,1,0,0,ESDB_V0_4
8820,8983,rifles,-11.8811,1,PASS,35,,n_v,rifle,FORM,,MASTER,0,1,0,,rifle,,,1,0,0,ESDB_V0_4
8821,8984,rom,-11.8811,0,NOT_EXACT_EN_US,,,,,,,REJECTED_AUTO,0,0,0,,,,,0,0,0,ESDB_V0_4
8822,8985,sands,-11.8811,1,PASS,35,,n_v,sand,FORM,,MASTER,0,1,0,,sand,,,1,0,0,ESDB_V0_4
8823,8986,satisfying,-11.8811,1,PASS,35,,v;aj,satisfy;satisfying,FORM;LEMMA,,MASTER,0,0,0,,,,,0,0,0,ESDB_V0_4
8824,8987,selective,-11.8811,1,PASS,35,,aj,selective,LEMMA,,MASTER,0,1,0,elective,,,,1,0,0,ESDB_V0_4
8825,8988,settling,-11.8811,1,PASS,35,,n_v;n,settle;settling,FORM;LEMMA,,MASTER,0,0,0,,,,,0,0,0,ESDB_V0_4
8826,8989,sherman,-11.8811,0,NOT_EXACT_EN_US,,,,,,,REJECTED_AUTO,0,0,0,,,,,0,0,0,ESDB_V0_4
8827,8990,showers,-11.8811,1,PASS,35,,n_v,shower,FORM,,MASTER,0,1,0,,shower,,,1,0,0,ESDB_V0_4
8828,8991,simpler,-11.8811,1,PASS,35,,aj;n,simple;simpler,FORM;LEMMA,,MASTER,0,1,0,,simple,,,1,0,0,ESDB_V0_4
8829,8992,slaughter,-11.8811,1,PASS,35,,n_v,slaughter,LEMMA,,MASTER,0,1,0,laughter,,,,1,0,0,ESDB_V0_4
8830,8993,sliding,-11.8811,1,PASS,35,,n_v;aj,slide;sliding,FORM;LEMMA,,MASTER,0,0,0,,,,,0,0,0,ESDB_V0_4
8831,8994,spice,-11.8811,1,PASS,35,,n_v,spice,LEMMA,,MASTER,0,1,1,,,,spices,0,1,1,ESDB_V0_4
8832,8995,staged,-11.8811,1,PASS,35,,n_v;aj,stage;staged,FORM;LEMMA,,MASTER,0,1,0,,stage,,,1,0,0,ESDB_V0_4
8833,8996,stall,-11.8811,1,PASS,35,,n_v,stall,LEMMA,,MASTER,0,1,1,tall,,,stalls,1,1,1,ESDB_V0_4
8834,8997,striker,-11.8811,1,PASS,35,,n,striker,LEMMA,,MASTER,0,1,1,,strike,,strikers,1,1,1,ESDB_V0_4
8835,8998,suburban,-11.8811,1,PASS,35,,n;aj,suburban,LEMMA,,MASTER,0,0,0,,,,,0,0,0,ESDB_V0_4
8836,8999,supplier,-11.8811,1,PASS,35,,n,supplier,LEMMA,,MASTER,0,1,1,,,,suppliers,0,1,1,ESDB_V0_4
8837,9000,surroundings,-11.8811,1,PASS,35,,n,surrounding;surroundings,FORM;LEMMA,,MASTER,0,1,0,,surrounding,,,1,0,0,ESDB_V0_4
8838,9001,teddy,-11.8811,0,CASE_FREQ_COLLISION,60,50,n,teddy,LEMMA,,REJECTED_AUTO,0,0,0,,,,,0,0,0,ESDB_V0_4
8839,9002,tensions,-11.8811,1,PASS,35,,n,tension,FORM,,MASTER,0,1,0,,tension,,,1,0,0,ESDB_V0_4
8840,9003,terminology,-11.8811,1,PASS,35,,n,terminology,LEMMA,,MASTER,0,0,0,,,,,0,0,0,ESDB_V0_4
8841,9004,testify,-11.8811,1,PASS,35,,v,testify,LEMMA,,MASTER,0,0,0,,,,,0,0,0,ESDB_V0_4
8842,9005,theological,-11.8811,1,PASS,35,,aj,theological,LEMMA,,MASTER,0,0,0,,,,,0,0,0,ESDB_V0_4
8843,9006,tory,-11.8811,0,NOT_EXACT_EN_US,,,,,,,REJECTED_AUTO,0,0,0,,,,,0,0,0,ESDB_V0_4
8844,9007,toss,-11.8811,1,PASS,35,,n_v,toss,LEMMA,,MASTER,0,0,0,,,,,0,0,0,ESDB_V0_4
8845,9008,toyota,-11.8811,0,NOT_EXACT_EN_US,,,,,,,REJECTED_AUTO,0,0,0,,,,,0,0,0,ESDB_V0_4
8846,9009,translations,-11.8811,1,PASS,35,,n,translation,FORM,,MASTER,0,1,0,,translation,,,1,0,0,ESDB_V0_4
8847,9010,trusts,-11.8811,1,PASS,35,,n_v,trust,FORM,,MASTER,0,1,0,,trust,,,1,0,0,ESDB_V0_4
8848,9011,tumor,-11.8811,1,PASS,35,,n,tumor,LEMMA,,MASTER,0,1,1,,,,tumors,0,1,1,ESDB_V0_4
8849,9012,twilight,-11.8811,1,PASS,35,,n;aj,twilight,LEMMA,,MASTER,0,0,0,,,,,0,0,0,ESDB_V0_4
8850,9013,uganda,-11.8811,0,NOT_EXACT_EN_US,,,,,,,REJECTED_AUTO,0,0,0,,,,,0,0,0,ESDB_V0_4
8851,9014,unprecedented,-11.8811,1,PASS,35,,aj,unprecedented,LEMMA,,MASTER,0,0,0,,,,,0,0,0,ESDB_V0_4
8852,9016,wheelchair,-11.8811,1,PASS,35,,n,wheelchair,LEMMA,,MASTER,0,0,0,,,,,0,0,0,ESDB_V0_4
8853,9017,whiskey,-11.8811,1,PASS,35,,n,whiskey,LEMMA,,MASTER,0,0,0,,,,,0,0,0,ESDB_V0_4
8854,9018,wiped,-11.8811,1,PASS,35,,n_v,wipe,FORM,,MASTER,0,1,0,,wipe,,,1,0,0,ESDB_V0_4
8855,9019,wires,-11.8811,1,PASS,35,,n_v,wire,FORM,,MASTER,0,1,0,,wire,,,1,0,0,ESDB_V0_4
8856,9020,accountable,-11.9045,1,PASS,35,,aj,accountable,LEMMA,,MASTER,0,0,0,,,,,0,0,0,ESDB_V0_4
8857,9021,ahmed,-11.9045,0,NOT_EXACT_EN_US,,,,,,,REJECTED_AUTO,0,0,0,,,,,0,0,0,ESDB_V0_4
8858,9022,aired,-11.9045,1,PASS,35,,n_v;aj,air;aired,FORM;LEMMA,,MASTER,0,1,1,,,haired;paired,,0,2,0,ESDB_V0_4
8859,9023,amazed,-11.9045,1,PASS,35,,n_v;aj,amaze;amazed,FORM;LEMMA,,MASTER,0,0,0,,,,,0,0,0,ESDB_V0_4
8860,9024,armstrong,-11.9045,0,NOT_EXACT_EN_US,,,,,,,REJECTED_AUTO,0,0,0,,,,,0,0,0,ESDB_V0_4
8861,9025,awhile,-11.9045,1,PASS,35,,av,awhile,LEMMA,,MASTER,0,1,0,while,,,,1,0,0,ESDB_V0_4
8862,9026,bake,-11.9045,1,PASS,35,,n_v,bake,LEMMA,,MASTER,0,1,1,,,,baker;baked,0,2,1,ESDB_V0_4
8863,9027,battalion,-11.9045,1,PASS,35,,n,battalion,LEMMA,,MASTER,0,1,1,,,,battalions,0,1,1,ESDB_V0_4
8864,9028,broadly,-11.9045,1,PASS,35,,av,broadly,LEMMA,,MASTER,0,0,0,,,,,0,0,0,ESDB_V0_4
8865,9029,bunny,-11.9045,1,PASS,35,,n;a,bunny,LEMMA,,MASTER,0,0,0,,,,,0,0,0,ESDB_V0_4
8866,9031,canceled,-11.9045,1,PASS,35,,v;aj,cancel;canceled,FORM;LEMMA,,MASTER,0,0,0,,,,,0,0,0,ESDB_V0_4
8867,9032,candle,-11.9045,1,PASS,35,,n_v,candle,LEMMA,,MASTER,0,1,1,,,,candles,0,1,1,ESDB_V0_4
8868,9033,capita,-11.9045,0,NO_ESDB_GENERAL_EVIDENCE,,,,,,,REJECTED_AUTO,0,0,0,,,,,0,0,0,ESDB_V0_4
8869,9034,cereal,-11.9045,1,PASS,35,,n;aj,cereal,LEMMA,,MASTER,0,1,1,,,,cereals,0,1,1,ESDB_V0_4
8870,9035,chooses,-11.9045,1,PASS,35,,v,choose,FORM,,MASTER,0,1,0,,choose,,,1,0,0,ESDB_V0_4
8871,9036,comparative,-11.9045,1,PASS,35,,n;aj,comparative,LEMMA,,MASTER,0,0,0,,,,,0,0,0,ESDB_V0_4
8872,9037,convey,-11.9045,1,PASS,35,,v,convey,LEMMA,,MASTER,0,0,0,,,,,0,0,0,ESDB_V0_4
8873,9038,coral,-11.9045,1,PASS,35,,n;aj,coral,LEMMA,,MASTER,0,1,0,oral,,,,1,0,0,ESDB_V0_4
8874,9039,counterparts,-11.9045,1,PASS,35,,n,counterpart,FORM,,MASTER,0,1,0,,counterpart,,,1,0,0,ESDB_V0_4
8875,9040,cp,-11.9045,0,NOT_EXACT_EN_US,,,,,,,REJECTED_AUTO,0,0,0,,,,,0,0,0,ESDB_V0_4
8876,9041,curry,-11.9045,1,PASS,35,50,n_v,curry,LEMMA,,MASTER,0,0,0,,,,,0,0,0,ESDB_V0_4
8877,9042,curves,-11.9045,1,PASS,35,,n_v,curve,FORM,,MASTER,0,1,0,,curve,,,1,0,0,ESDB_V0_4
8878,9043,cyrus,-11.9045,0,NOT_EXACT_EN_US,,,,,,,REJECTED_AUTO,0,0,0,,,,,0,0,0,ESDB_V0_4
8879,9044,darwin,-11.9045,0,NOT_EXACT_EN_US,,,,,,,REJECTED_AUTO,0,0,0,,,,,0,0,0,ESDB_V0_4
8880,9045,defects,-11.9045,1,PASS,35,,n_v,defect,FORM,,MASTER,0,1,0,,defect,,,1,0,0,ESDB_V0_4
8881,9046,definite,-11.9045,1,PASS,35,,aj,definite,LEMMA,,MASTER,0,0,0,,,,,0,0,0,ESDB_V0_4
8882,9047,delivers,-11.9045,1,PASS,35,,v,deliver,FORM,,MASTER,0,1,0,,deliver,,,1,0,0,ESDB_V0_4
8883,9048,deposited,-11.9045,1,PASS,35,,n_v,deposit,FORM,,MASTER,0,0,0,,,,,0,0,0,ESDB_V0_4
8884,9049,disposition,-11.9045,1,PASS,35,,n,disposition,LEMMA,,MASTER,0,0,0,,,,,0,0,0,ESDB_V0_4
8885,9050,disturbed,-11.9045,1,PASS,35,,v;aj,disturb;disturbed,FORM;LEMMA,,MASTER,0,0,0,,,,,0,0,0,ESDB_V0_4
8886,9051,dough,-11.9045,1,PASS,35,,n,dough,LEMMA,,MASTER,0,0,0,,,,,0,0,0,ESDB_V0_4
8887,9052,drift,-11.9045,1,PASS,35,,n_v,drift,LEMMA,,MASTER,0,1,0,rift,,,,1,0,0,ESDB_V0_4
8888,9053,drone,-11.9045,1,PASS,35,,n_v,drone,LEMMA,,MASTER,0,1,1,,,,drones,0,1,1,ESDB_V0_4
8889,9054,elbow,-11.9045,1,PASS,35,,n_v,elbow,LEMMA,,MASTER,0,1,1,,,,elbows,0,1,1,ESDB_V0_4
8890,9055,enacted,-11.9045,1,PASS,35,,v,enact,FORM,,MASTER,0,0,0,,,,,0,0,0,ESDB_V0_4
8891,9056,endorsed,-11.9045,1,PASS,35,,v,endorse,FORM,,MASTER,0,1,0,,endorse,,,1,0,0,ESDB_V0_4
8892,9057,enthusiastic,-11.9045,1,PASS,35,,aj,enthusiastic,LEMMA,,MASTER,0,0,0,,,,,0,0,0,ESDB_V0_4
8893,9058,epidemic,-11.9045,1,PASS,35,,n;aj,epidemic,LEMMA,,MASTER,0,0,0,,,,,0,0,0,ESDB_V0_4
8894,9059,evacuation,-11.9045,1,PASS,35,,n,evacuation,LEMMA,,MASTER,0,0,0,,,,,0,0,0,ESDB_V0_4
8895,9060,exclusion,-11.9045,1,PASS,35,,n,exclusion,LEMMA,,MASTER,0,0,0,,,,,0,0,0,ESDB_V0_4
8896,9062,faction,-11.9045,1,PASS,35,,n,faction,LEMMA,,MASTER,0,1,1,action,,,factions,1,1,1,ESDB_V0_4
8897,9063,fade,-11.9045,1,PASS,35,,n_v,fade,LEMMA,,MASTER,0,1,1,,,,faded;fades,0,2,2,ESDB_V0_4
8898,9064,favorable,-11.9045,1,PASS,35,,aj,favorable,LEMMA,,MASTER,0,0,0,,,,,0,0,0,ESDB_V0_4
8899,9065,fellows,-11.9045,1,PASS,35,,n,fellow,FORM,,MASTER,0,1,0,,fellow,,,1,0,0,ESDB_V0_4
8900,9066,font,-11.9045,1,PASS,35,,n,font,LEMMA,,MASTER,0,1,1,,,,fonts,0,1,1,ESDB_V0_4
8901,9067,framed,-11.9045,1,PASS,35,,n_v;aj,frame;framed,FORM;LEMMA,,MASTER,0,1,0,,frame,,,1,0,0,ESDB_V0_4
8902,9068,gif,-11.9045,0,NOT_EXACT_EN_US,,,,,,,REJECTED_AUTO,0,0,0,,,,,0,0,0,ESDB_V0_4
8903,9069,gossip,-11.9045,1,PASS,35,,n_v,gossip,LEMMA,,MASTER,0,0,0,,,,,0,0,0,ESDB_V0_4
8904,9070,grounded,-11.9045,1,PASS,35,,n_v,ground,FORM,,MASTER,0,1,0,rounded,,,,1,0,0,ESDB_V0_4
8905,9071,hahaha,-11.9045,0,NOT_EXACT_EN_US,,,,,,,REJECTED_AUTO,0,0,0,,,,,0,0,0,ESDB_V0_4
8906,9072,handles,-11.9045,1,PASS,35,,n_v,handle,FORM,,MASTER,0,1,0,,handle,,,1,0,0,ESDB_V0_4
8907,9073,hardy,-11.9045,1,PASS,35,50,aj,hardy,LEMMA,,MASTER,0,1,0,,hard,,,1,0,0,ESDB_V0_4
8908,9074,hawk,-11.9045,1,PASS,35,,n_v,hawk,LEMMA,,MASTER,0,1,1,,,,hawks,0,1,1,ESDB_V0_4
8909,9075,heavier,-11.9045,1,PASS,35,,aj_av,heavy,FORM,,MASTER,0,0,0,,,,,0,0,0,ESDB_V0_4
8910,9076,herbert,-11.9045,0,NOT_EXACT_EN_US,,,,,,,REJECTED_AUTO,0,0,0,,,,,0,0,0,ESDB_V0_4
8911,9077,heroic,-11.9045,1,PASS,35,,aj,heroic,LEMMA,,MASTER,0,0,0,,,,,0,0,0,ESDB_V0_4
8912,9078,hike,-11.9045,1,PASS,35,,n_v,hike,LEMMA,,MASTER,0,0,0,,,,,0,0,0,ESDB_V0_4
8913,9079,hints,-11.9045,1,PASS,35,,n_v,hint,FORM,,MASTER,0,1,0,,hint,,,1,0,0,ESDB_V0_4
8914,9080,hobby,-11.9045,1,PASS,35,,n,hobby,LEMMA,,MASTER,0,0,0,,,,,0,0,0,ESDB_V0_4
8915,9081,holly,-11.9045,1,PASS,35,50,n,holly,LEMMA,,MASTER,0,1,1,,,wholly,,0,1,0,ESDB_V0_4
8916,9082,hometown,-11.9045,1,PASS,40,,n,hometown,LEMMA,,MASTER,0,0,0,,,,,0,0,0,ESDB_V0_4
8917,9083,honourable,-11.9045,0,NOT_EXACT_EN_US,,,,,,,REJECTED_AUTO,0,0,0,,,,,0,0,0,ESDB_V0_4
8918,9084,horns,-11.9045,1,PASS,35,,n,horn,FORM,,MASTER,0,1,1,,horn,thorns,,1,1,0,ESDB_V0_4
8919,9085,html,-11.9045,0,NOT_EXACT_EN_US,,,,,,,REJECTED_AUTO,0,0,0,,,,,0,0,0,ESDB_V0_4
8920,9086,incorporate,-11.9045,1,PASS,35,,v;aj,incorporate,LEMMA,,MASTER,0,1,1,,,,incorporated;incorporates,0,2,2,ESDB_V0_4
8921,9087,incumbent,-11.9045,1,PASS,35,,n;aj,incumbent,LEMMA,,MASTER,0,0,0,,,,,0,0,0,ESDB_V0_4
8922,9088,infectious,-11.9045,1,PASS,35,,aj,infectious,LEMMA,,MASTER,0,0,0,,,,,0,0,0,ESDB_V0_4
8923,9089,intersection,-11.9045,1,PASS,35,,n,intersection,LEMMA,,MASTER,0,0,0,,,,,0,0,0,ESDB_V0_4
8924,9090,killers,-11.9045,1,PASS,35,,n,killer,FORM,,MASTER,0,1,0,,killer,,,1,0,0,ESDB_V0_4
8925,9091,lang,-11.9045,0,NOT_EXACT_EN_US,,,,,,,REJECTED_AUTO,0,0,0,,,,,0,0,0,ESDB_V0_4
8926,9093,maid,-11.9045,1,PASS,35,,n,maid,LEMMA,,MASTER,0,1,0,aid,,,,1,0,0,ESDB_V0_4
8927,9094,marker,-11.9045,1,PASS,35,,n,marker,LEMMA,,MASTER,0,1,1,,,,markers,0,1,1,ESDB_V0_4
8928,9095,maternal,-11.9045,1,PASS,35,,aj,maternal,LEMMA,,MASTER,0,0,0,,,,,0,0,0,ESDB_V0_4
8929,9096,maurice,-11.9045,0,NOT_EXACT_EN_US,,,,,,,REJECTED_AUTO,0,0,0,,,,,0,0,0,ESDB_V0_4
8930,9097,merchandise,-11.9045,1,PASS,35,,n;v,merchandise,LEMMA,,MASTER,0,0,0,,,,,0,0,0,ESDB_V0_4
8931,9098,messing,-11.9045,1,PASS,35,,n_v,mess,FORM,,MASTER,0,0,0,,,,,0,0,0,ESDB_V0_4
8932,9099,mirrors,-11.9045,1,PASS,35,,n_v,mirror,FORM,,MASTER,0,1,0,,mirror,,,1,0,0,ESDB_V0_4
8933,9100,mock,-11.9045,1,PASS,35,,v;aj,mock,LEMMA,,MASTER,0,0,0,,,,,0,0,0,ESDB_V0_4
8934,9101,modify,-11.9045,1,PASS,35,,v,modify,LEMMA,,MASTER,0,0,0,,,,,0,0,0,ESDB_V0_4
8935,9102,mon,-11.9045,0,NOT_EXACT_EN_US,,,,,,,REJECTED_AUTO,0,0,0,,,,,0,0,0,ESDB_V0_4
8936,9103,napoleon,-11.9045,0,CASE_FREQ_COLLISION,60,50,n,napoleon,LEMMA,,REJECTED_AUTO,0,0,0,,,,,0,0,0,ESDB_V0_4
8937,9104,narrator,-11.9045,1,PASS,35,,n,narrator,LEMMA,,MASTER,0,0,0,,,,,0,0,0,ESDB_V0_4
8938,9105,ncaa,-11.9045,0,NOT_EXACT_EN_US,,,,,,,REJECTED_AUTO,0,0,0,,,,,0,0,0,ESDB_V0_4
8939,9106,neighborhoods,-11.9045,1,PASS,35,,n,neighborhood,FORM,,MASTER,0,1,0,,neighborhood,,,1,0,0,ESDB_V0_4
8940,9107,newman,-11.9045,0,NOT_EXACT_EN_US,,,,,,,REJECTED_AUTO,0,0,0,,,,,0,0,0,ESDB_V0_4
8941,9108,norms,-11.9045,1,PASS,35,,n,norm,FORM,,MASTER,0,1,0,,norm,,,1,0,0,ESDB_V0_4
8942,9109,obesity,-11.9045,1,PASS,35,,n,obesity,LEMMA,,MASTER,0,0,0,,,,,0,0,0,ESDB_V0_4
8943,9110,obscure,-11.9045,1,PASS,35,,v;aj,obscure,LEMMA,,MASTER,0,0,0,,,,,0,0,0,ESDB_V0_4
8944,9111,obsession,-11.9045,1,PASS,35,,n,obsession,LEMMA,,MASTER,0,0,0,,,,,0,0,0,ESDB_V0_4
8945,9112,persecution,-11.9045,1,PASS,35,,n,persecution,LEMMA,,MASTER,0,0,0,,,,,0,0,0,ESDB_V0_4
8946,9113,phenomena,-11.9045,1,PASS,35,,n,phenomena;phenomenon,LEMMA;FORM,,MASTER,0,1,1,,,,phenomenal,0,1,0,ESDB_V0_4
8947,9114,poisoning,-11.9045,1,PASS,35,,n_v;n,poison;poisoning,FORM;LEMMA,,MASTER,0,0,0,,,,,0,0,0,ESDB_V0_4
8948,9115,poured,-11.9045,1,PASS,35,,v,pour,FORM,,MASTER,0,0,0,,,,,0,0,0,ESDB_V0_4
8949,9116,powell,-11.9045,0,NOT_EXACT_EN_US,,,,,,,REJECTED_AUTO,0,0,0,,,,,0,0,0,ESDB_V0_4
8950,9117,primitive,-11.9045,1,PASS,35,,n;aj,primitive,LEMMA,,MASTER,0,0,0,,,,,0,0,0,ESDB_V0_4
8951,9118,prospective,-11.9045,1,PASS,35,,aj,prospective,LEMMA,,MASTER,0,0,0,,,,,0,0,0,ESDB_V0_4
8952,9119,prototype,-11.9045,1,PASS,35,,n,prototype,LEMMA,,MASTER,0,1,1,,,,prototypes,0,1,1,ESDB_V0_4
8953,9120,putin,-11.9045,0,NOT_EXACT_EN_US,,,,,,,REJECTED_AUTO,0,0,0,,,,,0,0,0,ESDB_V0_4
8954,9121,quarterback,-11.9045,1,PASS,35,,n;v,quarterback,LEMMA,,MASTER,0,0,0,,,,,0,0,0,ESDB_V0_4
8955,9122,quinn,-11.9045,0,NOT_EXACT_EN_US,,,,,,,REJECTED_AUTO,0,0,0,,,,,0,0,0,ESDB_V0_4
8956,9123,raids,-11.9045,1,PASS,35,,n_v,raid,FORM,,MASTER,0,1,0,aids,raid,,,2,0,0,ESDB_V0_4
8957,9124,rand,-11.9045,0,CASE_FREQ_COLLISION,60,50,n,rand,LEMMA;FORM,,REJECTED_AUTO,0,0,0,,,,,0,0,0,ESDB_V0_4
8958,9125,ranger,-11.9045,1,PASS,35,,n,ranger,LEMMA,,MASTER,0,1,1,anger,range,,rangers,2,1,1,ESDB_V0_4
8959,9126,realization,-11.9045,1,PASS,35,,n,realization,LEMMA,,MASTER,0,0,0,,,,,0,0,0,ESDB_V0_4
8960,9127,reckless,-11.9045,1,PASS,35,,aj,reckless,LEMMA,,MASTER,0,0,0,,,,,0,0,0,ESDB_V0_4
8961,9128,recognizes,-11.9045,1,PASS,35,,v,recognize,FORM,,MASTER,0,1,0,,recognize,,,1,0,0,ESDB_V0_4
8962,9129,reconciliation,-11.9045,1,PASS,35,,n,reconciliation,LEMMA,,MASTER,0,0,0,,,,,0,0,0,ESDB_V0_4
8963,9130,recruited,-11.9045,1,PASS,35,,n_v,recruit,FORM,,MASTER,0,0,0,,,,,0,0,0,ESDB_V0_4
8964,9131,renewal,-11.9045,1,PASS,35,,n,renewal,LEMMA,,MASTER,0,0,0,,,,,0,0,0,ESDB_V0_4
8965,9132,repeating,-11.9045,1,PASS,35,,n_v;n,repeat;repeating,FORM;LEMMA,,MASTER,0,0,0,,,,,0,0,0,ESDB_V0_4
8966,9133,righteous,-11.9045,1,PASS,35,,aj,righteous,LEMMA,,MASTER,0,0,0,,,,,0,0,0,ESDB_V0_4
8967,9134,rooted,-11.9045,1,PASS,35,,n_v;aj,root;rooted,FORM;LEMMA,,MASTER,0,0,0,,,,,0,0,0,ESDB_V0_4
8968,9135,rulers,-11.9045,1,PASS,35,,n,ruler,FORM,,MASTER,0,1,0,,ruler,,,1,0,0,ESDB_V0_4
8969,9136,salon,-11.9045,1,PASS,35,,n,salon,LEMMA,,MASTER,0,0,0,,,,,0,0,0,ESDB_V0_4
8970,9137,saskatchewan,-11.9045,0,NOT_EXACT_EN_US,,,,,,,REJECTED_AUTO,0,0,0,,,,,0,0,0,ESDB_V0_4
8971,9138,satisfactory,-11.9045,1,PASS,35,,aj,satisfactory,LEMMA,,MASTER,0,0,0,,,,,0,0,0,ESDB_V0_4
8972,9139,sen,-11.9045,0,NO_ESDB_GENERAL_EVIDENCE,,,,,,,REJECTED_AUTO,0,0,0,,,,,0,0,0,ESDB_V0_4
8973,9140,seth,-11.9045,0,NOT_EXACT_EN_US,,,,,,,REJECTED_AUTO,0,0,0,,,,,0,0,0,ESDB_V0_4
8974,9141,sheffield,-11.9045,0,NOT_EXACT_EN_US,,,,,,,REJECTED_AUTO,0,0,0,,,,,0,0,0,ESDB_V0_4
8975,9142,sickness,-11.9045,1,PASS,35,,n,sickness,LEMMA,,MASTER,0,0,0,,,,,0,0,0,ESDB_V0_4
8976,9143,sinking,-11.9045,1,PASS,35,,n_v;n,sink;sinking,FORM;LEMMA,,MASTER,0,0,0,,,,,0,0,0,ESDB_V0_4
8977,9144,smashed,-11.9045,1,PASS,35,,n_v;aj,smash;smashed,FORM;LEMMA,,MASTER,0,1,0,mashed,,,,1,0,0,ESDB_V0_4
8978,9145,snack,-11.9045,1,PASS,35,,n_v,snack,LEMMA,,MASTER,0,1,1,,,,snacks,0,1,1,ESDB_V0_4
8979,9146,sofa,-11.9045,1,PASS,35,,n,sofa,LEMMA,,MASTER,0,0,0,,,,,0,0,0,ESDB_V0_4
8980,9147,stripped,-11.9045,1,PASS,35,,n_v;aj,strip;stripped,FORM;LEMMA,,MASTER,0,1,0,tripped,,,,1,0,0,ESDB_V0_4
8981,9148,sucked,-11.9045,1,PASS,35,,n_v,suck,FORM,,MASTER,0,0,0,,,,,0,0,0,ESDB_V0_4
8982,9149,ti,-11.9045,0,CASE_FREQ_COLLISION,50,50,n,ti,LEMMA,,REJECTED_AUTO,0,0,0,,,,,0,0,0,ESDB_V0_4
8983,9150,trent,-11.9045,0,NOT_EXACT_EN_US,,,,,,,REJECTED_AUTO,0,0,0,,,,,0,0,0,ESDB_V0_4
8984,9151,undertake,-11.9045,1,PASS,35,,v,undertake,LEMMA,,MASTER,0,1,1,,,,undertaken,0,1,1,ESDB_V0_4
8985,9152,vic,-11.9045,0,NOT_EXACT_EN_US,,,,,,,REJECTED_AUTO,0,0,0,,,,,0,0,0,ESDB_V0_4
8986,9153,villagers,-11.9045,1,PASS,35,,n,villager,FORM,,MASTER,0,0,0,,,,,0,0,0,ESDB_V0_4
8987,9154,villain,-11.9045,1,PASS,35,,n,villain,LEMMA,,MASTER,0,1,1,,,,villains,0,1,1,ESDB_V0_4
8988,9155,vince,-11.9045,0,NOT_EXACT_EN_US,,,,,,,REJECTED_AUTO,0,0,0,,,,,0,0,0,ESDB_V0_4
8989,9156,whereby,-11.9045,1,PASS,35,,a,whereby,LEMMA,,MASTER,0,1,0,hereby,,,,1,0,0,ESDB_V0_4
8990,9157,wu,-11.9045,0,NOT_EXACT_EN_US,,,,,,,REJECTED_AUTO,0,0,0,,,,,0,0,0,ESDB_V0_4
8991,9158,yahoo,-11.9045,0,CASE_FREQ_COLLISION,50,50,n;i,yahoo,LEMMA,,REJECTED_AUTO,0,0,0,,,,,0,0,0,ESDB_V0_4
8992,9159,absorb,-11.9269,1,PASS,35,,v,absorb,LEMMA,,MASTER,0,0,0,,,,,0,0,0,ESDB_V0_4
8993,9160,abusive,-11.9269,1,PASS,35,,aj,abusive,LEMMA,,MASTER,0,0,0,,,,,0,0,0,ESDB_V0_4
8994,9161,accusations,-11.9269,1,PASS,35,,n,accusation,FORM,,MASTER,0,1,0,,accusation,,,1,0,0,ESDB_V0_4
8995,9162,algeria,-11.9269,0,NOT_EXACT_EN_US,,,,,,,REJECTED_AUTO,0,0,0,,,,,0,0,0,ESDB_V0_4
8996,9163,ant,-11.9269,1,PASS,35,60,n,ant,LEMMA,,MASTER,0,1,1,,an,want;cant;rant,anti;ants;ante,1,6,1,ESDB_V0_4
8997,9164,arabs,-11.9269,0,NOT_EXACT_EN_US,,,,,,,REJECTED_AUTO,0,0,0,,,,,0,0,0,ESDB_V0_4
8998,9165,arrows,-11.9269,1,PASS,35,,n,arrow,FORM,,MASTER,0,1,0,,arrow,,,1,0,0,ESDB_V0_4
8999,9166,assumes,-11.9269,1,PASS,35,,v,assume,FORM,,MASTER,0,1,0,,assume,,,1,0,0,ESDB_V0_4
9000,9167,axe,-11.9269,1,PASS,35,,n_v,axe,LEMMA,,MASTER,0,1,1,,ax,,axes,1,1,1,ESDB_V0_4
9001,9168,bald,-11.9269,1,PASS,35,,v;aj,bald,LEMMA,,MASTER,0,0,0,,,,,0,0,0,ESDB_V0_4
9002,9169,bomber,-11.9269,1,PASS,35,,n,bomber,LEMMA,,MASTER,0,1,1,,,,bombers,0,1,1,ESDB_V0_4
9003,9170,bryant,-11.9269,0,NOT_EXACT_EN_US,,,,,,,REJECTED_AUTO,0,0,0,,,,,0,0,0,ESDB_V0_4
9004,9171,bully,-11.9269,1,PASS,35,,n_v;aj,bully,LEMMA,,MASTER,0,1,0,,bull,,,1,0,0,ESDB_V0_4
9005,9172,catalog,-11.9269,1,PASS,35,,n_v,catalog,LEMMA,,MASTER,0,0,0,,,,,0,0,0,ESDB_V0_4
9006,9173,compensate,-11.9269,1,PASS,35,,v,compensate,LEMMA,,MASTER,0,1,1,,,,compensated,0,1,1,ESDB_V0_4
9007,9174,conductor,-11.9269,1,PASS,35,,n,conductor,LEMMA,,MASTER,0,1,1,,,,conductors,0,1,1,ESDB_V0_4
9008,9175,confrontation,-11.9269,1,PASS,35,,n,confrontation,LEMMA,,MASTER,0,0,0,,,,,0,0,0,ESDB_V0_4
9009,9176,costumes,-11.9269,1,PASS,35,,n_v,costume,FORM,,MASTER,0,1,0,,costume,,,1,0,0,ESDB_V0_4
9010,9177,cowboy,-11.9269,1,PASS,35,,n,cowboy,LEMMA,,MASTER,0,1,1,,,,cowboys,0,1,1,ESDB_V0_4
9011,9178,critically,-11.9269,1,PASS,35,,av,critically,LEMMA,,MASTER,0,0,0,,,,,0,0,0,ESDB_V0_4
9012,9179,curtain,-11.9269,1,PASS,35,,n_v,curtain,LEMMA,,MASTER,0,1,1,,,,curtains,0,1,1,ESDB_V0_4
9013,9180,decoration,-11.9269,1,PASS,35,,n,decoration,LEMMA,,MASTER,0,1,1,,,,decorations,0,1,1,ESDB_V0_4
9014,9181,deliberate,-11.9269,1,PASS,35,,v;aj,deliberate,LEMMA,,MASTER,0,0,0,,,,,0,0,0,ESDB_V0_4
9015,9182,depressing,-11.9269,1,PASS,35,,v;aj,depress;depressing,FORM;LEMMA,,MASTER,0,0,0,,,,,0,0,0,ESDB_V0_4
9016,9183,destinations,-11.9269,1,PASS,35,,n,destination,FORM,,MASTER,0,1,0,,destination,,,1,0,0,ESDB_V0_4
9017,9184,devils,-11.9269,1,PASS,35,,n_v,devil,FORM,,MASTER,0,1,0,evils,devil,,,2,0,0,ESDB_V0_4
9018,9185,disappearance,-11.9269,1,PASS,35,,n,disappearance,LEMMA,,MASTER,0,0,0,,,,,0,0,0,ESDB_V0_4
9019,9186,disclosed,-11.9269,1,PASS,35,,v;aj,disclose;disclosed,FORM;LEMMA,,MASTER,0,1,0,,disclose,,,1,0,0,ESDB_V0_4
9020,9187,distracted,-11.9269,1,PASS,35,,v;aj,distract;distracted,FORM;LEMMA,,MASTER,0,0,0,,,,,0,0,0,ESDB_V0_4
9021,9188,economists,-11.9269,1,PASS,35,,n,economist,FORM,,MASTER,0,1,0,,economist,,,1,0,0,ESDB_V0_4
9022,9189,eighteen,-11.9269,1,PASS,35,,n,eighteen,LEMMA,,MASTER,0,0,0,,,,,0,0,0,ESDB_V0_4
9023,9190,elders,-11.9269,1,PASS,35,,n,elder,FORM,,MASTER,0,1,0,,elder,,,1,0,0,ESDB_V0_4
9024,9191,emergence,-11.9269,1,PASS,35,,n,emergence,LEMMA,,MASTER,0,0,0,,,,,0,0,0,ESDB_V0_4
9025,9192,evaluated,-11.9269,1,PASS,35,,v,evaluate,FORM,,MASTER,0,1,0,,evaluate,,,1,0,0,ESDB_V0_4
9026,9193,evolve,-11.9269,1,PASS,35,,v,evolve,LEMMA,,MASTER,0,1,1,,,,evolved,0,1,1,ESDB_V0_4
9027,9194,exempt,-11.9269,1,PASS,35,,v;aj,exempt,LEMMA,,MASTER,0,0,0,,,,,0,0,0,ESDB_V0_4
9028,9195,explanations,-11.9269,1,PASS,35,,n,explanation,FORM,,MASTER,0,1,0,,explanation,,,1,0,0,ESDB_V0_4
9029,9196,extraction,-11.9269,1,PASS,35,,n,extraction,LEMMA,,MASTER,0,0,0,,,,,0,0,0,ESDB_V0_4
9030,9197,fatty,-11.9269,1,PASS,35,,n;aj,fatty,LEMMA,,MASTER,0,0,0,,,,,0,0,0,ESDB_V0_4
9031,9198,forwards,-11.9269,1,PASS,35,,n_v;av,forward;forwards,FORM;LEMMA,,MASTER,0,1,0,,forward,,,1,0,0,ESDB_V0_4
9032,9199,frightened,-11.9269,1,PASS,35,,v;aj,frighten;frightened,FORM;LEMMA,,MASTER,0,0,0,,,,,0,0,0,ESDB_V0_4
9033,9200,genetics,-11.9269,1,PASS,35,,n,genetics,LEMMA,,MASTER,0,1,0,,genetic,,,1,0,0,ESDB_V0_4
9034,9201,geological,-11.9269,1,PASS,35,,aj,geological,LEMMA,,MASTER,0,0,0,,,,,0,0,0,ESDB_V0_4
9035,9202,gibson,-11.9269,0,NOT_EXACT_EN_US,,,,,,,REJECTED_AUTO,0,0,0,,,,,0,0,0,ESDB_V0_4
9036,9203,glow,-11.9269,1,PASS,35,,n_v,glow,LEMMA,,MASTER,0,1,0,low,,,,1,0,0,ESDB_V0_4
9037,9204,halifax,-11.9269,0,NOT_EXACT_EN_US,,,,,,,REJECTED_AUTO,0,0,0,,,,,0,0,0,ESDB_V0_4
9038,9205,hesitate,-11.9269,1,PASS,35,,v,hesitate,LEMMA,,MASTER,0,0,0,,,,,0,0,0,ESDB_V0_4
9039,9206,hierarchy,-11.9269,1,PASS,35,,n,hierarchy,LEMMA,,MASTER,0,0,0,,,,,0,0,0,ESDB_V0_4
9040,9207,hispanic,-11.9269,0,NOT_EXACT_EN_US,,,,,,,REJECTED_AUTO,0,0,0,,,,,0,0,0,ESDB_V0_4
9041,9208,indicators,-11.9269,1,PASS,35,,n,indicator,FORM,,MASTER,0,1,0,,indicator,,,1,0,0,ESDB_V0_4
9042,9209,indirectly,-11.9269,1,PASS,35,,av,indirectly,LEMMA,,MASTER,0,0,0,,,,,0,0,0,ESDB_V0_4
9043,9210,inferior,-11.9269,1,PASS,35,,n;aj,inferior,LEMMA,,MASTER,0,0,0,,,,,0,0,0,ESDB_V0_4
9044,9211,instinct,-11.9269,1,PASS,35,,n;aj,instinct,LEMMA,,MASTER,0,1,1,,,,instincts,0,1,1,ESDB_V0_4
9045,9212,interval,-11.9269,1,PASS,35,,n,interval,LEMMA,,MASTER,0,1,1,,,,intervals,0,1,1,ESDB_V0_4
9046,9213,iso,-11.9269,0,NOT_EXACT_EN_US,,,,,,,REJECTED_AUTO,0,0,0,,,,,0,0,0,ESDB_V0_4
9047,9214,joints,-11.9269,1,PASS,35,,n_v,joint,FORM,,MASTER,0,1,0,,joint,,,1,0,0,ESDB_V0_4
9048,9215,maiden,-11.9269,1,PASS,35,,n;aj,maiden,LEMMA,,MASTER,0,0,0,,,,,0,0,0,ESDB_V0_4
9049,9216,manipulation,-11.9269,1,PASS,35,,n,manipulation,LEMMA,,MASTER,0,0,0,,,,,0,0,0,ESDB_V0_4
9050,9217,marching,-11.9269,1,PASS,35,,n_v;n,march;marching,FORM;LEMMA,,MASTER,0,0,0,,,,,0,0,0,ESDB_V0_4
9051,9218,marketplace,-11.9269,1,PASS,35,,n,marketplace,LEMMA,,MASTER,0,0,0,,,,,0,0,0,ESDB_V0_4
9052,9219,merry,-11.9269,1,PASS,35,,aj,merry,LEMMA,,MASTER,0,0,0,,,,,0,0,0,ESDB_V0_4
9053,9220,methodology,-11.9269,1,PASS,35,,n,methodology,LEMMA,,MASTER,0,0,0,,,,,0,0,0,ESDB_V0_4
9054,9221,mia,-11.9269,0,NOT_EXACT_EN_US,,,,,,,REJECTED_AUTO,0,0,0,,,,,0,0,0,ESDB_V0_4
9055,9222,miguel,-11.9269,0,NOT_EXACT_EN_US,,,,,,,REJECTED_AUTO,0,0,0,,,,,0,0,0,ESDB_V0_4
9056,9223,milton,-11.9269,0,NOT_EXACT_EN_US,,,,,,,REJECTED_AUTO,0,0,0,,,,,0,0,0,ESDB_V0_4
9057,9224,minecraft,-11.9269,0,NOT_EXACT_EN_US,,,,,,,REJECTED_AUTO,0,0,0,,,,,0,0,0,ESDB_V0_4
9058,9225,monroe,-11.9269,0,NOT_EXACT_EN_US,,,,,,,REJECTED_AUTO,0,0,0,,,,,0,0,0,ESDB_V0_4
9059,9226,morrison,-11.9269,0,NOT_EXACT_EN_US,,,,,,,REJECTED_AUTO,0,0,0,,,,,0,0,0,ESDB_V0_4
9060,9227,mounting,-11.9269,1,PASS,35,,n_v;n,mount;mounting,FORM;LEMMA,,MASTER,0,1,1,,,amounting,,0,1,0,ESDB_V0_4
9061,9228,negotiation,-11.9269,1,PASS,35,,n,negotiation,LEMMA,,MASTER,0,1,1,,,,negotiations,0,1,1,ESDB_V0_4
9062,9229,nickel,-11.9269,1,PASS,35,,n;a,nickel,LEMMA,,MASTER,0,0,0,,,,,0,0,0,ESDB_V0_4
9063,9230,niece,-11.9269,1,PASS,35,,n,niece,LEMMA,,MASTER,0,0,0,,,,,0,0,0,ESDB_V0_4
9064,9231,notorious,-11.9269,1,PASS,35,,aj,notorious,LEMMA,,MASTER,0,0,0,,,,,0,0,0,ESDB_V0_4
9065,9232,nursery,-11.9269,1,PASS,35,,n,nursery,LEMMA,,MASTER,0,0,0,,,,,0,0,0,ESDB_V0_4
9066,9233,offerings,-11.9269,1,PASS,35,,n,offering,FORM,,MASTER,0,1,0,,offering,,,1,0,0,ESDB_V0_4
9067,9234,ooh,-11.9269,1,PASS,60,,v;i,ooh,LEMMA,,MASTER,0,1,0,oh,,,,1,0,0,ESDB_V0_4
9068,9235,paulo,-11.9269,0,NOT_EXACT_EN_US,,,,,,,REJECTED_AUTO,0,0,0,,,,,0,0,0,ESDB_V0_4
9069,9236,peel,-11.9269,1,PASS,35,50,n_v,peel,LEMMA,,MASTER,0,1,0,,pee,,,1,0,0,ESDB_V0_4
9070,9237,pitched,-11.9269,1,PASS,35,,n_v;aj,pitch;pitched,FORM;LEMMA,,MASTER,0,0,0,,,,,0,0,0,ESDB_V0_4
9071,9238,pony,-11.9269,1,PASS,35,,n,pony,LEMMA,,MASTER,0,0,0,,,,,0,0,0,ESDB_V0_4
9072,9239,portraits,-11.9269,1,PASS,35,,n,portrait,FORM,,MASTER,0,1,0,,portrait,,,1,0,0,ESDB_V0_4
9073,9240,prep,-11.9269,1,PASS,40,50,n_v;a,prep,LEMMA,,MASTER,0,0,0,,,,,0,0,0,ESDB_V0_4
9074,9241,priced,-11.9269,1,PASS,35,,n_v,price,FORM,,MASTER,0,1,0,,price,,,1,0,0,ESDB_V0_4
9075,9242,privileged,-11.9269,1,PASS,35,,n_v;aj,privilege;privileged,FORM;LEMMA,,MASTER,0,1,0,,privilege,,,1,0,0,ESDB_V0_4
9076,9243,prix,-11.9269,0,NOT_EXACT_EN_US,,,,,,,REJECTED_AUTO,0,0,0,,,,,0,0,0,ESDB_V0_4
9077,9244,prompt,-11.9269,1,PASS,35,,n_v;aj,prompt,LEMMA,,MASTER,0,1,1,,,,prompts,0,1,1,ESDB_V0_4
9078,9245,reliance,-11.9269,1,PASS,35,,n,reliance,LEMMA,,MASTER,0,0,0,,,,,0,0,0,ESDB_V0_4
9079,9246,reproductive,-11.9269,1,PASS,35,,aj,reproductive,LEMMA,,MASTER,0,0,0,,,,,0,0,0,ESDB_V0_4
9080,9247,restriction,-11.9269,1,PASS,35,,n,restriction,LEMMA,,MASTER,0,1,1,,,,restrictions,0,1,1,ESDB_V0_4
9081,9248,rewarded,-11.9269,1,PASS,35,,n_v,reward,FORM,,MASTER,0,0,0,,,,,0,0,0,ESDB_V0_4
9082,9249,rhodes,-11.9269,0,NOT_EXACT_EN_US,,,,,,,REJECTED_AUTO,0,0,0,,,,,0,0,0,ESDB_V0_4
9083,9250,rica,-11.9269,0,NOT_EXACT_EN_US,,,,,,,REJECTED_AUTO,0,0,0,,,,,0,0,0,ESDB_V0_4
9084,9251,salvador,-11.9269,0,NOT_EXACT_EN_US,,,,,,,REJECTED_AUTO,0,0,0,,,,,0,0,0,ESDB_V0_4
9085,9252,searches,-11.9269,1,PASS,35,,n_v,search,FORM,,MASTER,0,0,0,,,,,0,0,0,ESDB_V0_4
9086,9253,serbia,-11.9269,0,NOT_EXACT_EN_US,,,,,,,REJECTED_AUTO,0,0,0,,,,,0,0,0,ESDB_V0_4
9087,9254,sleeve,-11.9269,1,PASS,35,,n,sleeve,LEMMA,,MASTER,0,1,1,,,,sleeves,0,1,1,ESDB_V0_4
9088,9255,spiral,-11.9269,1,PASS,35,,n_v;aj,spiral,LEMMA,,MASTER,0,0,0,,,,,0,0,0,ESDB_V0_4
9089,9256,stamps,-11.9269,1,PASS,35,,n_v,stamp,FORM,,MASTER,0,1,0,,stamp,,,1,0,0,ESDB_V0_4
9090,9257,starving,-11.9269,1,PASS,35,,v;n;aj,starve;starving,FORM;LEMMA,,MASTER,0,0,0,,,,,0,0,0,ESDB_V0_4
9091,9258,stems,-11.9269,1,PASS,35,,n_v,stem,FORM,,MASTER,0,1,0,,stem,,,1,0,0,ESDB_V0_4
9092,9259,stockholm,-11.9269,0,NOT_EXACT_EN_US,,,,,,,REJECTED_AUTO,0,0,0,,,,,0,0,0,ESDB_V0_4
9093,9260,straightforward,-11.9269,1,PASS,35,,aj,straightforward,LEMMA,,MASTER,0,0,0,,,,,0,0,0,ESDB_V0_4
9094,9261,strengthened,-11.9269,1,PASS,35,,v;aj,strengthen;strengthened,FORM;LEMMA,,MASTER,0,0,0,,,,,0,0,0,ESDB_V0_4
9095,9262,strengths,-11.9269,1,PASS,35,,n,strength,FORM,,MASTER,0,1,0,,strength,,,1,0,0,ESDB_V0_4
9096,9263,switches,-11.9269,1,PASS,35,,n_v,switch,FORM,,MASTER,0,1,0,witches,,,,1,0,0,ESDB_V0_4
9097,9264,tapes,-11.9269,1,PASS,35,,n_v,tape,FORM,,MASTER,0,1,0,apes,tape,,,2,0,0,ESDB_V0_4
9098,9265,theres,-11.9269,0,NOT_EXACT_EN_US,,,,,,,REJECTED_AUTO,0,0,0,,,,,0,0,0,ESDB_V0_4
9099,9266,tomato,-11.9269,1,PASS,35,,n,tomato,LEMMA,,MASTER,0,0,0,,,,,0,0,0,ESDB_V0_4
9100,9267,tortured,-11.9269,1,PASS,35,,n_v;aj,torture;tortured,FORM;LEMMA,,MASTER,0,1,0,,torture,,,1,0,0,ESDB_V0_4
9101,9268,touring,-11.9269,1,PASS,35,,n_v;n,tour;touring,FORM;LEMMA,,MASTER,0,0,0,,,,,0,0,0,ESDB_V0_4
9102,9269,tunnels,-11.9269,1,PASS,35,,n_v,tunnel,FORM,,MASTER,0,1,0,,tunnel,,,1,0,0,ESDB_V0_4
9103,9270,turnover,-11.9269,1,PASS,35,,n,turnover,LEMMA,,MASTER,0,0,0,,,,,0,0,0,ESDB_V0_4
9104,9271,unchanged,-11.9269,1,PASS,35,,aj,unchanged,LEMMA,,MASTER,0,0,0,,,,,0,0,0,ESDB_V0_4
9105,9272,username,-11.9269,0,SPECIAL_ONLY,50,,n,username,LEMMA,,REJECTED_AUTO,0,0,0,,,,,0,0,0,ESDB_V0_4
9106,9273,vain,-11.9269,1,PASS,35,,aj,vain,LEMMA,,MASTER,0,0,0,,,,,0,0,0,ESDB_V0_4
9107,9274,vault,-11.9269,1,PASS,35,,n_v,vault,LEMMA,,MASTER,0,0,0,,,,,0,0,0,ESDB_V0_4
9108,9275,venues,-11.9269,1,PASS,35,,n,venue,FORM,,MASTER,0,1,1,,venue,avenues,,1,1,0,ESDB_V0_4
9109,9276,venus,-11.9269,0,NOT_EXACT_EN_US,,,,,,,REJECTED_AUTO,0,0,0,,,,,0,0,0,ESDB_V0_4
9110,9277,vicious,-11.9269,1,PASS,35,,aj,vicious,LEMMA,,MASTER,0,0,0,,,,,0,0,0,ESDB_V0_4
9111,9278,walmart,-11.9269,0,NOT_EXACT_EN_US,,,,,,,REJECTED_AUTO,0,0,0,,,,,0,0,0,ESDB_V0_4
9112,9280,accumulated,-11.9499,1,PASS,35,,v;aj,accumulate;accumulated,FORM;LEMMA,,MASTER,0,1,0,,accumulate,,,1,0,0,ESDB_V0_4
9113,9281,acre,-11.9499,1,PASS,35,,n,acre,LEMMA,,MASTER,0,1,1,,,,acres,0,1,1,ESDB_V0_4
9114,9282,adviser,-11.9499,1,PASS,35,,n,adviser,LEMMA,,MASTER,0,1,1,,advise,,advisers,1,1,1,ESDB_V0_4
9115,9283,anthem,-11.9499,1,PASS,35,,n,anthem,LEMMA,,MASTER,0,0,0,,,,,0,0,0,ESDB_V0_4
9116,9284,apollo,-11.9499,0,NOT_EXACT_EN_US,,,,,,,REJECTED_AUTO,0,0,0,,,,,0,0,0,ESDB_V0_4
9117,9285,apologies,-11.9499,1,PASS,35,,n,apology,FORM,,MASTER,0,0,0,,,,,0,0,0,ESDB_V0_4
9118,9286,armenia,-11.9499,0,NOT_EXACT_EN_US,,,,,,,REJECTED_AUTO,0,0,0,,,,,0,0,0,ESDB_V0_4
9119,9287,baptist,-11.9499,0,CASE_FREQ_COLLISION,50,40,n,baptist,LEMMA,,REJECTED_AUTO,0,0,0,,,,,0,0,0,ESDB_V0_4
9120,9288,behold,-11.9499,1,PASS,35,,v,behold,LEMMA,,MASTER,0,0,0,,,,,0,0,0,ESDB_V0_4
9121,9289,bets,-11.9499,1,PASS,35,,n_v,bet,FORM,,MASTER,0,1,0,,bet,,,1,0,0,ESDB_V0_4
9122,9290,bikes,-11.9499,1,PASS,35,,n_v,bike,FORM,,MASTER,0,1,0,,bike,,,1,0,0,ESDB_V0_4
9123,9291,blogs,-11.9499,0,SPECIAL_ONLY,35,,n_v,blog,FORM,,REJECTED_AUTO,0,0,0,,,,,0,0,0,ESDB_V0_4
9124,9292,borne,-11.9499,1,PASS,35,,v,bear,FORM,,MASTER,0,1,0,,born,,,1,0,0,ESDB_V0_4
9125,9293,bra,-11.9499,1,PASS,35,,n,bra,LEMMA,,MASTER,0,1,1,,,,brat;brag;bras,0,3,1,ESDB_V0_4
9126,9294,breeze,-11.9499,1,PASS,35,,n_v,breeze,LEMMA,,MASTER,0,0,0,,,,,0,0,0,ESDB_V0_4
9127,9295,bricks,-11.9499,1,PASS,35,,n_v,brick,FORM,,MASTER,0,1,0,,brick,,,1,0,0,ESDB_V0_4
9128,9296,briefing,-11.9499,1,PASS,35,,n_v;n,brief;briefing,FORM;LEMMA,,MASTER,0,0,0,,,,,0,0,0,ESDB_V0_4
9129,9297,cambodia,-11.9499,0,NOT_EXACT_EN_US,,,,,,,REJECTED_AUTO,0,0,0,,,,,0,0,0,ESDB_V0_4
9130,9298,cardiac,-11.9499,1,PASS,35,,aj,cardiac,LEMMA,,MASTER,0,0,0,,,,,0,0,0,ESDB_V0_4
9131,9299,cautious,-11.9499,1,PASS,35,,aj,cautious,LEMMA,,MASTER,0,0,0,,,,,0,0,0,ESDB_V0_4
9132,9300,circuits,-11.9499,1,PASS,35,,n_v,circuit,FORM,,MASTER,0,1,0,,circuit,,,1,0,0,ESDB_V0_4
9133,9302,cocktail,-11.9499,1,PASS,35,,n;a,cocktail,LEMMA,,MASTER,0,1,1,,,,cocktails,0,1,1,ESDB_V0_4
9134,9303,coding,-11.9499,1,PASS,35,,n_v;n,code;coding,FORM;LEMMA,,MASTER,0,0,0,,,,,0,0,0,ESDB_V0_4
9135,9304,commissions,-11.9499,1,PASS,35,,n_v,commission,FORM,,MASTER,0,1,0,,commission,,,1,0,0,ESDB_V0_4
9136,9305,communists,-11.9499,1,PASS,35,,n,communist,FORM,,MASTER,0,1,0,,communist,,,1,0,0,ESDB_V0_4
9137,9306,comparisons,-11.9499,1,PASS,35,,n,comparison,FORM,,MASTER,0,1,0,,comparison,,,1,0,0,ESDB_V0_4
9138,9307,compression,-11.9499,1,PASS,35,,n,compression,LEMMA,,MASTER,0,0,0,,,,,0,0,0,ESDB_V0_4
9139,9308,correlation,-11.9499,1,PASS,35,,n,correlation,LEMMA,,MASTER,0,0,0,,,,,0,0,0,ESDB_V0_4
9140,9309,crashing,-11.9499,1,PASS,35,,n_v;aj,crash;crashing,FORM;LEMMA,,MASTER,0,0,0,,,,,0,0,0,ESDB_V0_4
9141,9310,credited,-11.9499,1,PASS,35,,n_v;aj,credit;credited,FORM;LEMMA,,MASTER,0,0,0,,,,,0,0,0,ESDB_V0_4
9142,9311,critique,-11.9499,1,PASS,35,,n_v,critique,LEMMA,,MASTER,0,0,0,,,,,0,0,0,ESDB_V0_4
9143,9312,cs,-11.9499,0,NO_ESDB_GENERAL_EVIDENCE,,,,,,,REJECTED_AUTO,0,0,0,,,,,0,0,0,ESDB_V0_4
9144,9313,decay,-11.9499,1,PASS,35,,n;v,decay,LEMMA,,MASTER,0,0,0,,,,,0,0,0,ESDB_V0_4
9145,9314,definitive,-11.9499,1,PASS,35,,aj,definitive,LEMMA,,MASTER,0,0,0,,,,,0,0,0,ESDB_V0_4
9146,9315,depths,-11.9499,1,PASS,35,,n,depth,FORM,,MASTER,0,1,0,,depth,,,1,0,0,ESDB_V0_4
9147,9316,diane,-11.9499,0,NOT_EXACT_EN_US,,,,,,,REJECTED_AUTO,0,0,0,,,,,0,0,0,ESDB_V0_4
9148,9317,diplomacy,-11.9499,1,PASS,35,,n,diplomacy,LEMMA,,MASTER,0,0,0,,,,,0,0,0,ESDB_V0_4
9149,9318,dope,-11.9499,1,PASS,35,,n_v;a,dope,LEMMA,,MASTER,0,0,0,,,,,0,0,0,ESDB_V0_4
9150,9319,doubles,-11.9499,1,PASS,35,,n_v;n,double;doubles,FORM;LEMMA,,MASTER,0,1,0,,double,,,1,0,0,ESDB_V0_4
9151,9320,drainage,-11.9499,1,PASS,35,,n,drainage,LEMMA,,MASTER,0,0,0,,,,,0,0,0,ESDB_V0_4
9152,9321,edmonton,-11.9499,0,NOT_EXACT_EN_US,,,,,,,REJECTED_AUTO,0,0,0,,,,,0,0,0,ESDB_V0_4
9153,9322,exhaust,-11.9499,1,PASS,35,,n_v,exhaust,LEMMA,,MASTER,0,0,0,,,,,0,0,0,ESDB_V0_4
9154,9323,expenditures,-11.9499,1,PASS,35,,n,expenditure,FORM,,MASTER,0,1,0,,expenditure,,,1,0,0,ESDB_V0_4
9155,9324,felix,-11.9499,0,NOT_EXACT_EN_US,,,,,,,REJECTED_AUTO,0,0,0,,,,,0,0,0,ESDB_V0_4
9156,9325,fellowship,-11.9499,1,PASS,35,,n,fellowship,LEMMA,,MASTER,0,0,0,,,,,0,0,0,ESDB_V0_4
9157,9326,foam,-11.9499,1,PASS,35,,n;v,foam,LEMMA,,MASTER,0,0,0,,,,,0,0,0,ESDB_V0_4
9158,9327,fragments,-11.9499,1,PASS,35,,n_v,fragment,FORM,,MASTER,0,1,0,,fragment,,,1,0,0,ESDB_V0_4
9159,9328,freestyle,-11.9499,1,PASS,50,,n,freestyle,LEMMA,,MASTER,0,0,0,,,,,0,0,0,ESDB_V0_4
9160,9329,fringe,-11.9499,1,PASS,35,,n_v;a,fringe,LEMMA,,MASTER,0,0,0,,,,,0,0,0,ESDB_V0_4
9161,9330,fundamentally,-11.9499,1,PASS,35,,av,fundamentally,LEMMA,,MASTER,0,0,0,,,,,0,0,0,ESDB_V0_4
9162,9331,gel,-11.9499,1,PASS,35,,n_v,gel,LEMMA,,MASTER,0,0,0,,,,,0,0,0,ESDB_V0_4
9163,9332,grandson,-11.9499,1,PASS,35,,n,grandson,LEMMA,,MASTER,0,0,0,,,,,0,0,0,ESDB_V0_4
9164,9333,grove,-11.9499,1,PASS,35,,n,grove,LEMMA,,MASTER,0,1,1,,,,groves,0,1,1,ESDB_V0_4
9165,9334,guarantees,-11.9499,1,PASS,35,,n_v,guarantee,FORM,,MASTER,0,1,0,,guarantee,,,1,0,0,ESDB_V0_4
9166,9335,handbook,-11.9499,1,PASS,35,,n,handbook,LEMMA,,MASTER,0,0,0,,,,,0,0,0,ESDB_V0_4
9167,9336,headphones,-11.9499,1,PASS,50,,n,headphone,FORM,,MASTER,0,0,0,,,,,0,0,0,ESDB_V0_4
9168,9337,hearings,-11.9499,1,PASS,35,,n,hearing,FORM,,MASTER,0,1,0,,hearing,,,1,0,0,ESDB_V0_4
9169,9338,hears,-11.9499,1,PASS,35,,v,hear,FORM,,MASTER,0,1,0,ears,hear,,,2,0,0,ESDB_V0_4
9170,9339,helicopters,-11.9499,1,PASS,35,,n_v,helicopter,FORM,,MASTER,0,1,0,,helicopter,,,1,0,0,ESDB_V0_4
9171,9340,homosexuality,-11.9499,1,PASS,35,,n,homosexuality,LEMMA,,MASTER,0,0,0,,,,,0,0,0,ESDB_V0_4
9172,9341,immortal,-11.9499,1,PASS,35,,n;aj,immortal,LEMMA,,MASTER,0,0,0,,,,,0,0,0,ESDB_V0_4
9173,9342,kirk,-11.9499,0,NOT_EXACT_EN_US,,,,,,,REJECTED_AUTO,0,0,0,,,,,0,0,0,ESDB_V0_4
9174,9343,landlord,-11.9499,1,PASS,35,,n,landlord,LEMMA,,MASTER,0,1,1,,,,landlords,0,1,1,ESDB_V0_4
9175,9344,leverage,-11.9499,1,PASS,35,,n;v,leverage,LEMMA,,MASTER,0,0,0,,,,,0,0,0,ESDB_V0_4
9176,9345,lime,-11.9499,1,PASS,35,,n_v;a,lime,LEMMA,,MASTER,0,1,1,,,slime,,0,1,0,ESDB_V0_4
9177,9346,lisbon,-11.9499,0,NOT_EXACT_EN_US,,,,,,,REJECTED_AUTO,0,0,0,,,,,0,0,0,ESDB_V0_4
9178,9347,logs,-11.9499,1,PASS,35,,n_v,log,FORM,,MASTER,0,1,0,,log,,,1,0,0,ESDB_V0_4
9179,9348,louder,-11.9499,1,PASS,35,,aj_av,loud,FORM,,MASTER,0,0,0,,,,,0,0,0,ESDB_V0_4
9180,9349,maple,-11.9499,1,PASS,35,,n,maple,LEMMA,,MASTER,0,0,0,,,,,0,0,0,ESDB_V0_4
9181,9350,mb,-11.9499,0,NOT_EXACT_EN_US,,,,,,,REJECTED_AUTO,0,0,0,,,,,0,0,0,ESDB_V0_4
9182,9351,melody,-11.9499,1,PASS,35,50,n,melody,LEMMA,,MASTER,0,0,0,,,,,0,0,0,ESDB_V0_4
9183,9352,memphis,-11.9499,0,NOT_EXACT_EN_US,,,,,,,REJECTED_AUTO,0,0,0,,,,,0,0,0,ESDB_V0_4
9184,9353,miracles,-11.9499,1,PASS,35,,n,miracle,FORM,,MASTER,0,1,0,,miracle,,,1,0,0,ESDB_V0_4
9185,9354,misses,-11.9499,1,PASS,35,,n_v,miss,FORM,,MASTER,0,0,0,,,,,0,0,0,ESDB_V0_4
9186,9355,montgomery,-11.9499,0,NOT_EXACT_EN_US,,,,,,,REJECTED_AUTO,0,0,0,,,,,0,0,0,ESDB_V0_4
9187,9356,nebraska,-11.9499,0,NOT_EXACT_EN_US,,,,,,,REJECTED_AUTO,0,0,0,,,,,0,0,0,ESDB_V0_4
9188,9357,numbered,-11.9499,1,PASS,35,,n_v,number,FORM,,MASTER,0,0,0,,,,,0,0,0,ESDB_V0_4
9189,9359,onion,-11.9499,1,PASS,35,50,n,onion,LEMMA,,MASTER,0,1,1,,,,onions,0,1,1,ESDB_V0_4
9190,9360,opt,-11.9499,1,PASS,35,,v,opt,LEMMA,,MASTER,0,1,0,,op,,,1,0,0,ESDB_V0_4
9191,9361,pardon,-11.9499,1,PASS,35,,n_v;i,pardon,LEMMA,,MASTER,0,0,0,,,,,0,0,0,ESDB_V0_4
9192,9362,parole,-11.9499,1,PASS,35,,n;v;a,parole,LEMMA,,MASTER,0,0,0,,,,,0,0,0,ESDB_V0_4
9193,9363,patents,-11.9499,1,PASS,35,,n_v,patent,FORM,,MASTER,0,1,0,,patent,,,1,0,0,ESDB_V0_4
9194,9364,peasant,-11.9499,1,PASS,35,,n;a,peasant,LEMMA,,MASTER,0,1,1,,,,peasants,0,1,1,ESDB_V0_4
9195,9365,pedro,-11.9499,0,NOT_EXACT_EN_US,,,,,,,REJECTED_AUTO,0,0,0,,,,,0,0,0,ESDB_V0_4
9196,9366,planting,-11.9499,1,PASS,35,,n_v;n,plant;planting,FORM;LEMMA,,MASTER,0,0,0,,,,,0,0,0,ESDB_V0_4
9197,9367,podcast,-11.9499,0,SPECIAL_ONLY,50,,n_v,podcast,LEMMA;FORM,,REJECTED_AUTO,0,0,0,,,,,0,0,0,ESDB_V0_4
9198,9368,populated,-11.9499,1,PASS,35,,v;aj,populate;populated,FORM;LEMMA,,MASTER,0,0,0,,,,,0,0,0,ESDB_V0_4
9199,9369,portrayed,-11.9499,1,PASS,35,,v;aj,portray;portrayed,FORM;LEMMA,,MASTER,0,0,0,,,,,0,0,0,ESDB_V0_4
9200,9370,premature,-11.9499,1,PASS,35,,aj,premature,LEMMA,,MASTER,0,0,0,,,,,0,0,0,ESDB_V0_4
9201,9371,promptly,-11.9499,1,PASS,35,,av,promptly,LEMMA,,MASTER,0,0,0,,,,,0,0,0,ESDB_V0_4
9202,9372,prostitution,-11.9499,1,PASS,35,,n,prostitution,LEMMA,,MASTER,0,0,0,,,,,0,0,0,ESDB_V0_4
9203,9374,recession,-11.9499,1,PASS,35,,n,recession,LEMMA,,MASTER,0,0,0,,,,,0,0,0,ESDB_V0_4
9204,9375,referee,-11.9499,1,PASS,35,,n_v,referee,LEMMA,,MASTER,0,1,1,,,,referees,0,1,1,ESDB_V0_4
9205,9376,relevance,-11.9499,1,PASS,35,,n,relevance,LEMMA,,MASTER,0,0,0,,,,,0,0,0,ESDB_V0_4
9206,9377,relies,-11.9499,1,PASS,35,,v,rely,FORM,,MASTER,0,0,0,,,,,0,0,0,ESDB_V0_4
9207,9378,relying,-11.9499,1,PASS,35,,v,rely,FORM,,MASTER,0,0,0,,,,,0,0,0,ESDB_V0_4
9208,9379,resign,-11.9499,1,PASS,35,,v,resign,LEMMA,,MASTER,0,0,0,,,,,0,0,0,ESDB_V0_4
9209,9380,resolutions,-11.9499,1,PASS,35,,n,resolution,FORM,,MASTER,0,1,0,,resolution,,,1,0,0,ESDB_V0_4
9210,9381,riots,-11.9499,1,PASS,35,,n_v,riot,FORM,,MASTER,0,1,0,,riot,,,1,0,0,ESDB_V0_4
9211,9382,robbed,-11.9499,1,PASS,35,,v,rob,FORM,,MASTER,0,0,0,,,,,0,0,0,ESDB_V0_4
9212,9383,rodgers,-11.9499,0,NOT_EXACT_EN_US,,,,,,,REJECTED_AUTO,0,0,0,,,,,0,0,0,ESDB_V0_4
9213,9384,rogue,-11.9499,1,PASS,35,,n;a,rogue,LEMMA,,MASTER,0,0,0,,,,,0,0,0,ESDB_V0_4
9214,9385,satellites,-11.9499,1,PASS,35,,n,satellite,FORM,,MASTER,0,1,0,,satellite,,,1,0,0,ESDB_V0_4
9215,9387,sd,-11.9499,0,NOT_EXACT_EN_US,,,,,,,REJECTED_AUTO,0,0,0,,,,,0,0,0,ESDB_V0_4
9216,9388,seizure,-11.9499,1,PASS,35,,n,seizure,LEMMA,,MASTER,0,1,1,,,,seizures,0,1,1,ESDB_V0_4
9217,9389,sequences,-11.9499,1,PASS,35,,n_v,sequence,FORM,,MASTER,0,1,0,,sequence,,,1,0,0,ESDB_V0_4
9218,9390,shrine,-11.9499,1,PASS,35,,n,shrine,LEMMA,,MASTER,0,0,0,,,,,0,0,0,ESDB_V0_4
9219,9391,similarities,-11.9499,1,PASS,35,,n,similarity,FORM,,MASTER,0,0,0,,,,,0,0,0,ESDB_V0_4
9220,9392,skating,-11.9499,1,PASS,35,,v;n,skate;skating,FORM;LEMMA,,MASTER,0,0,0,,,,,0,0,0,ESDB_V0_4
9221,9393,sms,-11.9499,0,NOT_EXACT_EN_US,,,,,,,REJECTED_AUTO,0,0,0,,,,,0,0,0,ESDB_V0_4
9222,9394,specification,-11.9499,1,PASS,35,,n,specification,LEMMA,,MASTER,0,1,1,,,,specifications,0,1,1,ESDB_V0_4
9223,9395,specimens,-11.9499,1,PASS,35,,n,specimen,FORM,,MASTER,0,1,0,,specimen,,,1,0,0,ESDB_V0_4
9224,9396,splendid,-11.9499,1,PASS,35,,aj,splendid,LEMMA,,MASTER,0,0,0,,,,,0,0,0,ESDB_V0_4
9225,9397,spoil,-11.9499,1,PASS,35,,n_v,spoil,LEMMA,,MASTER,0,1,1,,,,spoils,0,1,1,ESDB_V0_4
9226,9398,stab,-11.9499,1,PASS,35,,n_v,stab,LEMMA,,MASTER,0,1,0,tab,,,,1,0,0,ESDB_V0_4
9227,9399,sting,-11.9499,1,PASS,35,,n_v,sting,LEMMA,,MASTER,0,0,0,,,,,0,0,0,ESDB_V0_4
9228,9400,strengthening,-11.9499,1,PASS,35,,v,strengthen,FORM,,MASTER,0,0,0,,,,,0,0,0,ESDB_V0_4
9229,9401,stunt,-11.9499,1,PASS,35,,n_v,stunt,LEMMA,,MASTER,0,1,1,,stun,,stunts,1,1,1,ESDB_V0_4
9230,9402,suffers,-11.9499,1,PASS,35,,v,suffer,FORM,,MASTER,0,1,0,,suffer,,,1,0,0,ESDB_V0_4
9231,9403,sunrise,-11.9499,1,PASS,35,,n,sunrise,LEMMA,,MASTER,0,0,0,,,,,0,0,0,ESDB_V0_4
9232,9404,td,-11.9499,0,NOT_EXACT_EN_US,,,,,,,REJECTED_AUTO,0,0,0,,,,,0,0,0,ESDB_V0_4
9233,9405,tenants,-11.9499,1,PASS,35,,n_v,tenant,FORM,,MASTER,0,1,0,,tenant,,,1,0,0,ESDB_V0_4
9234,9406,thrilled,-11.9499,1,PASS,35,,n_v;aj,thrill;thrilled,FORM;LEMMA,,MASTER,0,0,0,,,,,0,0,0,ESDB_V0_4
9235,9407,tissues,-11.9499,1,PASS,35,,n,tissue,FORM,,MASTER,0,1,0,issues,tissue,,,2,0,0,ESDB_V0_4
9236,9408,twentieth,-11.9499,1,PASS,35,,n,twentieth,LEMMA,,MASTER,0,0,0,,,,,0,0,0,ESDB_V0_4
9237,9409,typing,-11.9499,1,PASS,35,,n_v;n,type;typing,FORM;LEMMA,,MASTER,0,0,0,,,,,0,0,0,ESDB_V0_4
9238,9410,unsuccessful,-11.9499,1,PASS,35,,aj,unsuccessful,LEMMA,,MASTER,0,0,0,,,,,0,0,0,ESDB_V0_4
9239,9411,uprising,-11.9499,1,PASS,35,,n,uprising,LEMMA,,MASTER,0,0,0,,,,,0,0,0,ESDB_V0_4
9240,9412,utter,-11.9499,1,PASS,35,,v;aj,utter,LEMMA,,MASTER,0,1,1,,,butter;cutter,,0,2,0,ESDB_V0_4
9241,9413,weaknesses,-11.9499,1,PASS,35,,n,weakness,FORM,,MASTER,0,0,0,,,,,0,0,0,ESDB_V0_4
9242,9414,weighed,-11.9499,1,PASS,35,,v,weigh,FORM,,MASTER,0,0,0,,,,,0,0,0,ESDB_V0_4
9243,9416,wines,-11.9499,1,PASS,35,,n_v,wine,FORM,,MASTER,0,1,0,,wine,,,1,0,0,ESDB_V0_4
9244,9417,worthless,-11.9499,1,PASS,35,,aj,worthless,LEMMA,,MASTER,0,0,0,,,,,0,0,0,ESDB_V0_4
9245,9418,acceleration,-11.9734,1,PASS,35,,n,acceleration,LEMMA,,MASTER,0,0,0,,,,,0,0,0,ESDB_V0_4
9246,9419,acquiring,-11.9734,1,PASS,35,,v;n,acquire;acquiring,FORM;LEMMA,,MASTER,0,0,0,,,,,0,0,0,ESDB_V0_4
9247,9420,addicted,-11.9734,1,PASS,35,,n_v;aj,addict;addicted,FORM;LEMMA,,MASTER,0,0,0,,,,,0,0,0,ESDB_V0_4
9248,9421,advertisement,-11.9734,1,PASS,35,,n,advertisement,LEMMA,,MASTER,0,1,1,,,,advertisements,0,1,1,ESDB_V0_4
9249,9422,africans,-11.9734,0,NOT_EXACT_EN_US,,,,,,,REJECTED_AUTO,0,0,0,,,,,0,0,0,ESDB_V0_4
9250,9423,afterward,-11.9734,1,PASS,35,,av,afterward,LEMMA,,MASTER,0,1,1,,,,afterwards,0,1,0,ESDB_V0_4
9251,9424,amp,-11.9734,1,PASS,35,60,n,amp,LEMMA,,MASTER,0,1,1,,am,camp;lamp;ramp;damp,,1,4,0,ESDB_V0_4
9252,9425,analytical,-11.9734,1,PASS,35,,aj,analytical,LEMMA,,MASTER,0,0,0,,,,,0,0,0,ESDB_V0_4
9253,9426,antique,-11.9734,1,PASS,35,,n_v;aj,antique,LEMMA,,MASTER,0,1,1,,,,antiques,0,1,1,ESDB_V0_4
9254,9427,backgrounds,-11.9734,1,PASS,35,,n,background,FORM,,MASTER,0,1,0,,background,,,1,0,0,ESDB_V0_4
9255,9428,balcony,-11.9734,1,PASS,35,,n,balcony,LEMMA,,MASTER,0,0,0,,,,,0,0,0,ESDB_V0_4
9256,9429,bargaining,-11.9734,1,PASS,35,,n_v;n,bargain;bargaining,FORM;LEMMA,,MASTER,0,0,0,,,,,0,0,0,ESDB_V0_4
9257,9430,belle,-11.9734,1,PASS,50,,n,belle,LEMMA,,MASTER,0,1,0,,bell,,,1,0,0,ESDB_V0_4
9258,9431,bilateral,-11.9734,1,PASS,35,,aj,bilateral,LEMMA,,MASTER,0,0,0,,,,,0,0,0,ESDB_V0_4
9259,9432,blaming,-11.9734,1,PASS,35,,v,blame,FORM,,MASTER,0,0,0,,,,,0,0,0,ESDB_V0_4
9260,9433,boil,-11.9734,1,PASS,35,,n_v,boil,LEMMA,,MASTER,0,1,0,oil,,,,1,0,0,ESDB_V0_4
9261,9434,booking,-11.9734,1,PASS,35,,n_v;n,book;booking,FORM;LEMMA,,MASTER,0,1,1,,,,bookings,0,1,1,ESDB_V0_4
9262,9435,budgets,-11.9734,1,PASS,35,,n_v,budget,FORM,,MASTER,0,1,0,,budget,,,1,0,0,ESDB_V0_4
9263,9436,bum,-11.9734,1,PASS,35,,n_v;aj,bum,LEMMA,,MASTER,0,1,1,um,,,bump,1,1,0,ESDB_V0_4
9264,9437,calcium,-11.9734,1,PASS,35,,n,calcium,LEMMA,,MASTER,0,0,0,,,,,0,0,0,ESDB_V0_4
9265,9438,clues,-11.9734,1,PASS,35,,n_v,clue,FORM,,MASTER,0,1,0,,clue,,,1,0,0,ESDB_V0_4
9266,9439,collectively,-11.9734,1,PASS,35,,av,collectively,LEMMA,,MASTER,0,0,0,,,,,0,0,0,ESDB_V0_4
9267,9440,commissioners,-11.9734,1,PASS,35,,n,commissioner,FORM,,MASTER,0,1,0,,commissioner,,,1,0,0,ESDB_V0_4
9268,9441,companions,-11.9734,1,PASS,35,,n,companion,FORM,,MASTER,0,1,0,,companion,,,1,0,0,ESDB_V0_4
9269,9442,complement,-11.9734,1,PASS,35,,n_v,complement,LEMMA,,MASTER,0,0,0,,,,,0,0,0,ESDB_V0_4
9270,9443,compulsory,-11.9734,1,PASS,35,,n;aj,compulsory,LEMMA,,MASTER,0,0,0,,,,,0,0,0,ESDB_V0_4
9271,9444,confess,-11.9734,1,PASS,35,,v,confess,LEMMA,,MASTER,0,0,0,,,,,0,0,0,ESDB_V0_4
9272,9445,convictions,-11.9734,1,PASS,35,,n,conviction,FORM,,MASTER,0,1,0,,conviction,,,1,0,0,ESDB_V0_4
9273,9446,counseling,-11.9734,1,PASS,35,,v;n,counsel;counseling,FORM;LEMMA,,MASTER,0,0,0,,,,,0,0,0,ESDB_V0_4
9274,9447,crawford,-11.9734,0,NOT_EXACT_EN_US,,,,,,,REJECTED_AUTO,0,0,0,,,,,0,0,0,ESDB_V0_4
9275,9448,credible,-11.9734,1,PASS,35,,aj,credible,LEMMA,,MASTER,0,0,0,,,,,0,0,0,ESDB_V0_4
9276,9449,dat,-11.9734,0,NOT_EXACT_EN_US,,,,,,,REJECTED_AUTO,0,0,0,,,,,0,0,0,ESDB_V0_4
9277,9450,declaring,-11.9734,1,PASS,35,,v,declare,FORM,,MASTER,0,0,0,,,,,0,0,0,ESDB_V0_4
9278,9451,descended,-11.9734,1,PASS,35,,v,descend,FORM,,MASTER,0,0,0,,,,,0,0,0,ESDB_V0_4
9279,9452,despair,-11.9734,1,PASS,35,,n_v,despair,LEMMA,,MASTER,0,0,0,,,,,0,0,0,ESDB_V0_4
9280,9453,devastating,-11.9734,1,PASS,35,,v;aj,devastate;devastating,FORM;LEMMA,,MASTER,0,0,0,,,,,0,0,0,ESDB_V0_4
9281,9454,differential,-11.9734,1,PASS,35,,n;aj,differential,LEMMA,,MASTER,0,0,0,,,,,0,0,0,ESDB_V0_4
9282,9455,disciples,-11.9734,1,PASS,35,,n,disciple,FORM,,MASTER,0,1,0,,disciple,,,1,0,0,ESDB_V0_4
9283,9456,discounts,-11.9734,1,PASS,35,,n_v,discount,FORM,,MASTER,0,1,0,,discount,,,1,0,0,ESDB_V0_4
9284,9457,eleanor,-11.9734,0,NOT_EXACT_EN_US,,,,,,,REJECTED_AUTO,0,0,0,,,,,0,0,0,ESDB_V0_4
9285,9458,elena,-11.9734,0,NOT_EXACT_EN_US,,,,,,,REJECTED_AUTO,0,0,0,,,,,0,0,0,ESDB_V0_4
9286,9459,enzyme,-11.9734,1,PASS,35,,n,enzyme,LEMMA,,MASTER,0,1,1,,,,enzymes,0,1,1,ESDB_V0_4
9287,9460,exceeded,-11.9734,1,PASS,35,,v,exceed,FORM,,MASTER,0,0,0,,,,,0,0,0,ESDB_V0_4
9288,9461,explode,-11.9734,1,PASS,35,,v,explode,LEMMA,,MASTER,0,1,1,,,,exploded;explodes,0,2,2,ESDB_V0_4
9289,9462,fe,-11.9734,0,NOT_EXACT_EN_US,,,,,,,REJECTED_AUTO,0,0,0,,,,,0,0,0,ESDB_V0_4
9290,9463,feminism,-11.9734,1,PASS,35,,n,feminism,LEMMA,,MASTER,0,0,0,,,,,0,0,0,ESDB_V0_4
9291,9464,flaws,-11.9734,1,PASS,35,,n_v,flaw,FORM,,MASTER,0,1,0,laws,flaw,,,2,0,0,ESDB_V0_4
9292,9465,floods,-11.9734,1,PASS,35,,n_v,flood,FORM,,MASTER,0,1,0,,flood,,,1,0,0,ESDB_V0_4
9293,9466,foremost,-11.9734,1,PASS,35,,aj_av,foremost,LEMMA,,MASTER,0,0,0,,,,,0,0,0,ESDB_V0_4
9294,9467,formats,-11.9734,1,PASS,35,,n_v,format,FORM,,MASTER,0,1,0,,format,,,1,0,0,ESDB_V0_4
9295,9468,forums,-11.9734,1,PASS,35,,n,forum,FORM,,MASTER,0,1,0,,forum,,,1,0,0,ESDB_V0_4
9296,9469,founders,-11.9734,1,PASS,35,,n_v,founder,FORM,,MASTER,0,1,0,,founder,,,1,0,0,ESDB_V0_4
9297,9470,glen,-11.9734,1,PASS,35,50,n,glen,LEMMA,,MASTER,0,0,0,,,,,0,0,0,ESDB_V0_4
9298,9471,grandparents,-11.9734,0,NO_ESDB_GENERAL_EVIDENCE,,,,,,,REJECTED_AUTO,0,0,0,,,,,0,0,0,ESDB_V0_4
9299,9472,greenhouse,-11.9734,1,PASS,35,,n,greenhouse,LEMMA,,MASTER,0,0,0,,,,,0,0,0,ESDB_V0_4
9300,9473,grill,-11.9734,1,PASS,35,,n_v,grill,LEMMA,,MASTER,0,0,0,,,,,0,0,0,ESDB_V0_4
9301,9475,haiti,-11.9734,0,NOT_EXACT_EN_US,,,,,,,REJECTED_AUTO,0,0,0,,,,,0,0,0,ESDB_V0_4
9302,9476,heavenly,-11.9734,1,PASS,35,,aj,heavenly,LEMMA,,MASTER,0,0,0,,,,,0,0,0,ESDB_V0_4
9303,9477,heh,-11.9734,0,NOT_EXACT_EN_US,,,,,,,REJECTED_AUTO,0,0,0,,,,,0,0,0,ESDB_V0_4
9304,9478,hid,-11.9734,1,PASS,35,,n_v,hide,FORM,,MASTER,0,1,1,id,hi,,hide,2,1,0,ESDB_V0_4
9305,9479,homicide,-11.9734,1,PASS,35,,n,homicide,LEMMA,,MASTER,0,0,0,,,,,0,0,0,ESDB_V0_4
9306,9480,homosexual,-11.9734,1,PASS,35,,n;aj,homosexual,LEMMA,,MASTER,0,1,1,,,,homosexuals,0,1,1,ESDB_V0_4
9307,9481,hugo,-11.9734,0,NOT_EXACT_EN_US,,,,,,,REJECTED_AUTO,0,0,0,,,,,0,0,0,ESDB_V0_4
9308,9482,imaginary,-11.9734,1,PASS,35,,aj,imaginary,LEMMA,,MASTER,0,0,0,,,,,0,0,0,ESDB_V0_4
9309,9483,incomes,-11.9734,1,PASS,35,,n,income,FORM,,MASTER,0,1,0,,income,,,1,0,0,ESDB_V0_4
9310,9484,infants,-11.9734,1,PASS,35,,n,infant,FORM,,MASTER,0,1,0,,infant,,,1,0,0,ESDB_V0_4
9311,9485,introduces,-11.9734,1,PASS,35,,v,introduce,FORM,,MASTER,0,1,0,,introduce,,,1,0,0,ESDB_V0_4
9312,9486,issuing,-11.9734,1,PASS,35,,n_v;n,issue;issuing,FORM;LEMMA,,MASTER,0,0,0,,,,,0,0,0,ESDB_V0_4
9313,9487,jealousy,-11.9734,1,PASS,35,,n,jealousy,LEMMA,,MASTER,0,1,0,,jealous,,,1,0,0,ESDB_V0_4
9314,9488,jointly,-11.9734,1,PASS,35,,av,jointly,LEMMA,,MASTER,0,0,0,,,,,0,0,0,ESDB_V0_4
9315,9489,knives,-11.9734,1,PASS,35,,n,knife,FORM,,MASTER,0,0,0,,,,,0,0,0,ESDB_V0_4
9316,9490,lads,-11.9734,1,PASS,35,,n,lad,FORM,,MASTER,0,1,0,ads,lad,,,2,0,0,ESDB_V0_4
9317,9491,lining,-11.9734,1,PASS,35,,n_v;n,line;lining,FORM;LEMMA,,MASTER,0,0,0,,,,,0,0,0,ESDB_V0_4
9318,9492,logistics,-11.9734,1,PASS,40,,n,logistics,LEMMA,,MASTER,0,0,0,,,,,0,0,0,ESDB_V0_4
9319,9493,lp,-11.9734,0,NOT_EXACT_EN_US,,,,,,,REJECTED_AUTO,0,0,0,,,,,0,0,0,ESDB_V0_4
9320,9494,luxembourg,-11.9734,0,NOT_EXACT_EN_US,,,,,,,REJECTED_AUTO,0,0,0,,,,,0,0,0,ESDB_V0_4
9321,9495,mammals,-11.9734,1,PASS,35,,n,mammal,FORM,,MASTER,0,1,0,,mammal,,,1,0,0,ESDB_V0_4
9322,9496,manila,-11.9734,0,CASE_FREQ_COLLISION,60,50,n;a,manila,LEMMA,,REJECTED_AUTO,0,0,0,,,,,0,0,0,ESDB_V0_4
9323,9497,manners,-11.9734,1,PASS,35,,n,manner,FORM,,MASTER,0,1,0,,manner,,,1,0,0,ESDB_V0_4
9324,9498,masks,-11.9734,1,PASS,35,,n_v,mask,FORM,,MASTER,0,1,0,asks,mask,,,2,0,0,ESDB_V0_4
9325,9499,mick,-11.9734,0,CASE_FREQ_COLLISION,60,50,n,mick,LEMMA,,REJECTED_AUTO,0,0,0,,,,,0,0,0,ESDB_V0_4
9326,9500,neglect,-11.9734,1,PASS,35,,n;v,neglect,LEMMA,,MASTER,0,0,0,,,,,0,0,0,ESDB_V0_4
9327,9501,notification,-11.9734,1,PASS,35,,n,notification,LEMMA,,MASTER,0,1,1,,,,notifications,0,1,1,ESDB_V0_4
9328,9502,notre,-11.9734,0,NOT_EXACT_EN_US,,,,,,,REJECTED_AUTO,0,0,0,,,,,0,0,0,ESDB_V0_4
9329,9503,offspring,-11.9734,1,PASS,35,,n,offspring,LEMMA;FORM,,MASTER,0,0,0,,,,,0,0,0,ESDB_V0_4
9330,9504,oppression,-11.9734,1,PASS,35,,n,oppression,LEMMA,,MASTER,0,0,0,,,,,0,0,0,ESDB_V0_4
9331,9505,overwhelmed,-11.9734,1,PASS,35,,v,overwhelm,FORM,,MASTER,0,0,0,,,,,0,0,0,ESDB_V0_4
9332,9506,owl,-11.9734,1,PASS,35,,n,owl,LEMMA,,MASTER,0,1,1,,ow,bowl,owls,1,2,1,ESDB_V0_4
9333,9507,pact,-11.9734,1,PASS,35,,n,pact,LEMMA,,MASTER,0,1,0,act,,,,1,0,0,ESDB_V0_4
9334,9508,paste,-11.9734,1,PASS,35,,n_v,paste,LEMMA,,MASTER,0,1,0,,past,,,1,0,0,ESDB_V0_4
9335,9509,persuaded,-11.9734,1,PASS,35,,v,persuade,FORM,,MASTER,0,1,0,,persuade,,,1,0,0,ESDB_V0_4
9336,9510,pharmacy,-11.9734,1,PASS,35,,n,pharmacy,LEMMA,,MASTER,0,0,0,,,,,0,0,0,ESDB_V0_4
9337,9511,porch,-11.9734,1,PASS,35,,n,porch,LEMMA,,MASTER,0,0,0,,,,,0,0,0,ESDB_V0_4
9338,9512,possessions,-11.9734,1,PASS,35,,n,possession,FORM,,MASTER,0,1,0,,possession,,,1,0,0,ESDB_V0_4
9339,9513,practitioners,-11.9734,1,PASS,35,,n,practitioner,FORM,,MASTER,0,1,0,,practitioner,,,1,0,0,ESDB_V0_4
9340,9514,predictable,-11.9734,1,PASS,35,,aj,predictable,LEMMA,,MASTER,0,0,0,,,,,0,0,0,ESDB_V0_4
9341,9516,punched,-11.9734,1,PASS,35,,n_v,punch,FORM,,MASTER,0,0,0,,,,,0,0,0,ESDB_V0_4
9342,9517,pupil,-11.9734,1,PASS,35,,n,pupil,LEMMA,,MASTER,0,1,1,,,,pupils,0,1,1,ESDB_V0_4
9343,9518,quantitative,-11.9734,1,PASS,35,,aj,quantitative,LEMMA,,MASTER,0,0,0,,,,,0,0,0,ESDB_V0_4
9344,9519,rack,-11.9734,1,PASS,35,,n_v,rack,LEMMA,,MASTER,0,1,1,,,track;crack,racks,0,3,1,ESDB_V0_4
9345,9520,readings,-11.9734,1,PASS,35,,n,reading,FORM,,MASTER,0,1,0,,reading,,,1,0,0,ESDB_V0_4
9346,9521,recalls,-11.9734,1,PASS,35,,n_v,recall,FORM,,MASTER,0,1,0,,recall,,,1,0,0,ESDB_V0_4
9347,9522,recognizing,-11.9734,1,PASS,35,,v,recognize,FORM,,MASTER,0,0,0,,,,,0,0,0,ESDB_V0_4
9348,9523,replay,-11.9734,1,PASS,35,,n_v,replay,LEMMA,,MASTER,0,0,0,,,,,0,0,0,ESDB_V0_4
9349,9524,reservoir,-11.9734,1,PASS,35,,n,reservoir,LEMMA,,MASTER,0,1,1,,,,reservoirs,0,1,1,ESDB_V0_4
9350,9525,restrict,-11.9734,1,PASS,35,,v,restrict,LEMMA,,MASTER,0,0,0,,,,,0,0,0,ESDB_V0_4
9351,9526,retailers,-11.9734,1,PASS,35,,n,retailer,FORM,,MASTER,0,1,0,,retailer,,,1,0,0,ESDB_V0_4
9352,9527,ribs,-11.9734,1,PASS,35,,n_v,rib,FORM,,MASTER,0,1,0,,rib,,,1,0,0,ESDB_V0_4
9353,9528,richards,-11.9734,0,NOT_EXACT_EN_US,,,,,,,REJECTED_AUTO,0,0,0,,,,,0,0,0,ESDB_V0_4
9354,9529,rim,-11.9734,1,PASS,35,,n_v,rim,LEMMA,,MASTER,0,1,1,,,trim;grim,,0,2,0,ESDB_V0_4
9355,9530,rita,-11.9734,0,NOT_EXACT_EN_US,,,,,,,REJECTED_AUTO,0,0,0,,,,,0,0,0,ESDB_V0_4
9356,9531,rivalry,-11.9734,1,PASS,35,,n,rivalry,LEMMA,,MASTER,0,0,0,,,,,0,0,0,ESDB_V0_4
9357,9532,roar,-11.9734,1,PASS,35,,n_v,roar,LEMMA,,MASTER,0,0,0,,,,,0,0,0,ESDB_V0_4
9358,9533,rosa,-11.9734,0,NOT_EXACT_EN_US,,,,,,,REJECTED_AUTO,0,0,0,,,,,0,0,0,ESDB_V0_4
9359,9534,rubbish,-11.9734,1,PASS,35,,n,rubbish,LEMMA,,MASTER,0,0,0,,,,,0,0,0,ESDB_V0_4
9360,9535,sailors,-11.9734,1,PASS,35,,n,sailor,FORM,,MASTER,0,1,0,,sailor,,,1,0,0,ESDB_V0_4
9361,9536,scrap,-11.9734,1,PASS,35,,n_v;a,scrap,LEMMA,,MASTER,0,1,1,crap,,,scrape;scraps,1,2,1,ESDB_V0_4
9362,9537,severity,-11.9734,1,PASS,35,,n,severity,LEMMA,,MASTER,0,0,0,,,,,0,0,0,ESDB_V0_4
9363,9538,shook,-11.9734,1,PASS,35,,n_v,shake,FORM,,MASTER,0,1,0,hook,,,,1,0,0,ESDB_V0_4
9364,9539,shores,-11.9734,1,PASS,35,,n_v,shore,FORM,,MASTER,0,1,0,,shore,,,1,0,0,ESDB_V0_4
9365,9540,singers,-11.9734,1,PASS,35,,n,singer,FORM,,MASTER,0,1,0,,singer,,,1,0,0,ESDB_V0_4
9366,9541,skeleton,-11.9734,1,PASS,35,,n,skeleton,LEMMA,,MASTER,0,1,1,,,,skeletons,0,1,1,ESDB_V0_4
9367,9542,smiled,-11.9734,1,PASS,35,,n_v,smile,FORM,,MASTER,0,1,0,,smile,,,1,0,0,ESDB_V0_4
9368,9543,spotlight,-11.9734,1,PASS,35,,n_v,spotlight,LEMMA,,MASTER,0,0,0,,,,,0,0,0,ESDB_V0_4
9369,9544,submarine,-11.9734,1,PASS,35,,n;aj,submarine,LEMMA,,MASTER,0,1,1,,,,submarines,0,1,1,ESDB_V0_4
9370,9545,successes,-11.9734,1,PASS,35,,n,success,FORM,,MASTER,0,0,0,,,,,0,0,0,ESDB_V0_4
9371,9546,swan,-11.9734,1,PASS,35,,n,swan,LEMMA;FORM,,MASTER,0,1,1,wan,,,swans,1,1,1,ESDB_V0_4
9372,9547,sync,-11.9734,1,PASS,40,,n;v;a,sync,LEMMA,,MASTER,0,0,0,,,,,0,0,0,ESDB_V0_4
9373,9548,termination,-11.9734,1,PASS,35,,n,termination,LEMMA,,MASTER,0,0,0,,,,,0,0,0,ESDB_V0_4
9374,9549,thankful,-11.9734,1,PASS,35,,aj,thankful,LEMMA,,MASTER,0,0,0,,,,,0,0,0,ESDB_V0_4
9375,9550,thieves,-11.9734,1,PASS,35,,n;v,thief;thieve,FORM,,MASTER,0,0,0,,,,,0,0,0,ESDB_V0_4
9376,9551,topped,-11.9734,1,PASS,35,,n_v;aj,top;topped,FORM;LEMMA,,MASTER,0,1,1,,,stopped,,0,1,0,ESDB_V0_4
9377,9552,traced,-11.9734,1,PASS,35,,n_v,trace,FORM,,MASTER,0,1,0,raced,trace,,,2,0,0,ESDB_V0_4
9378,9553,travellers,-11.9734,0,NOT_EXACT_EN_US,,,,,,,REJECTED_AUTO,0,0,0,,,,,0,0,0,ESDB_V0_4
9379,9554,tub,-11.9734,1,PASS,35,,n,tub,LEMMA,,MASTER,0,1,1,,,,tube,0,1,0,ESDB_V0_4
9380,9555,undertaking,-11.9734,1,PASS,35,,v;n;a,undertake;undertaking,FORM;LEMMA,,MASTER,0,0,0,,,,,0,0,0,ESDB_V0_4
9381,9556,unrelated,-11.9734,1,PASS,35,,aj,unrelated,LEMMA,,MASTER,0,0,0,,,,,0,0,0,ESDB_V0_4
9382,9557,verses,-11.9734,1,PASS,35,,n_v,verse,FORM,,MASTER,0,1,0,,verse,,,1,0,0,ESDB_V0_4
9383,9558,weakened,-11.9734,1,PASS,35,,v;aj,weaken;weakened,FORM;LEMMA,,MASTER,0,0,0,,,,,0,0,0,ESDB_V0_4
9384,9559,weighing,-11.9734,1,PASS,35,,v;n,weigh;weighing,FORM;LEMMA,,MASTER,0,0,0,,,,,0,0,0,ESDB_V0_4
9385,9560,accelerated,-11.9958,1,PASS,35,,v;aj,accelerate;accelerated,FORM;LEMMA,,MASTER,0,1,0,,accelerate,,,1,0,0,ESDB_V0_4
9386,9561,adjustments,-11.9958,1,PASS,35,,n,adjustment,FORM,,MASTER,0,1,0,,adjustment,,,1,0,0,ESDB_V0_4
9387,9562,alignment,-11.9958,1,PASS,35,,n,alignment,LEMMA,,MASTER,0,0,0,,,,,0,0,0,ESDB_V0_4
9388,9563,analogy,-11.9958,1,PASS,35,,n,analogy,LEMMA,,MASTER,0,1,0,,analog,,,1,0,0,ESDB_V0_4
9389,9564,applicants,-11.9958,1,PASS,35,,n,applicant,FORM,,MASTER,0,1,0,,applicant,,,1,0,0,ESDB_V0_4
9390,9565,arguably,-11.9958,1,PASS,35,,av,arguably,LEMMA,,MASTER,0,0,0,,,,,0,0,0,ESDB_V0_4
9391,9566,attach,-11.9958,1,PASS,35,,v,attach,LEMMA,,MASTER,0,0,0,,,,,0,0,0,ESDB_V0_4
9392,9567,backyard,-11.9958,1,PASS,40,,n,backyard,LEMMA,,MASTER,0,0,0,,,,,0,0,0,ESDB_V0_4
9393,9568,bangkok,-11.9958,0,NOT_EXACT_EN_US,,,,,,,REJECTED_AUTO,0,0,0,,,,,0,0,0,ESDB_V0_4
9394,9569,barack,-11.9958,0,NOT_EXACT_EN_US,,,,,,,REJECTED_AUTO,0,0,0,,,,,0,0,0,ESDB_V0_4
9395,9570,barber,-11.9958,1,PASS,35,50,n_v,barber,LEMMA,,MASTER,0,0,0,,,,,0,0,0,ESDB_V0_4
9396,9571,barrels,-11.9958,1,PASS,35,,n_v,barrel,FORM,,MASTER,0,1,0,,barrel,,,1,0,0,ESDB_V0_4
9397,9572,benedict,-11.9958,0,NOT_EXACT_EN_US,,,,,,,REJECTED_AUTO,0,0,0,,,,,0,0,0,ESDB_V0_4
9398,9573,beverly,-11.9958,0,NOT_EXACT_EN_US,,,,,,,REJECTED_AUTO,0,0,0,,,,,0,0,0,ESDB_V0_4
9399,9574,bombers,-11.9958,1,PASS,35,,n,bomber,FORM,,MASTER,0,1,0,,bomber,,,1,0,0,ESDB_V0_4
9400,9575,boyd,-11.9958,0,NOT_EXACT_EN_US,,,,,,,REJECTED_AUTO,0,0,0,,,,,0,0,0,ESDB_V0_4
9401,9576,bp,-11.9958,0,NOT_EXACT_EN_US,,,,,,,REJECTED_AUTO,0,0,0,,,,,0,0,0,ESDB_V0_4
9402,9577,bracket,-11.9958,1,PASS,35,,n_v,bracket,LEMMA,,MASTER,0,1,1,racket,,,brackets,1,1,1,ESDB_V0_4
9403,9578,breakthrough,-11.9958,1,PASS,35,,n,breakthrough,LEMMA,,MASTER,0,0,0,,,,,0,0,0,ESDB_V0_4
9404,9579,broker,-11.9958,1,PASS,35,,n_v,broker,LEMMA,,MASTER,0,1,1,,broke,,brokers,1,1,1,ESDB_V0_4
9405,9580,bt,-11.9958,0,NOT_EXACT_EN_US,,,,,,,REJECTED_AUTO,0,0,0,,,,,0,0,0,ESDB_V0_4
9406,9581,cakes,-11.9958,1,PASS,35,,n_v,cake,FORM,,MASTER,0,1,0,,cake,,,1,0,0,ESDB_V0_4
9407,9582,castro,-11.9958,0,NOT_EXACT_EN_US,,,,,,,REJECTED_AUTO,0,0,0,,,,,0,0,0,ESDB_V0_4
9408,9584,chrome,-11.9958,1,PASS,35,,n;v;a,chrome,LEMMA,,MASTER,0,0,0,,,,,0,0,0,ESDB_V0_4
9409,9585,clearer,-11.9958,1,PASS,35,,aj_av;n,clear;clearer,FORM;LEMMA,,MASTER,0,0,0,,,,,0,0,0,ESDB_V0_4
9410,9586,clergy,-11.9958,1,PASS,35,,n,clergy,LEMMA,,MASTER,0,0,0,,,,,0,0,0,ESDB_V0_4
9411,9587,commenced,-11.9958,1,PASS,35,,v,commence,FORM,,MASTER,0,1,0,,commence,,,1,0,0,ESDB_V0_4
9412,9588,comprised,-11.9958,1,PASS,35,,v,comprise,FORM,,MASTER,0,1,0,,comprise,,,1,0,0,ESDB_V0_4
9413,9589,comprises,-11.9958,1,PASS,35,,v,comprise,FORM,,MASTER,0,1,0,,comprise,,,1,0,0,ESDB_V0_4
9414,9590,compromised,-11.9958,1,PASS,35,,n_v,compromise,FORM,,MASTER,0,1,0,,compromise,,,1,0,0,ESDB_V0_4
9415,9591,contested,-11.9958,1,PASS,35,,n_v;aj,contest;contested,FORM;LEMMA,,MASTER,0,0,0,,,,,0,0,0,ESDB_V0_4
9416,9592,copied,-11.9958,1,PASS,35,,n_v,copy,FORM,,MASTER,0,0,0,,,,,0,0,0,ESDB_V0_4
9417,9593,cosmic,-11.9958,1,PASS,35,,aj,cosmic,LEMMA,,MASTER,0,0,0,,,,,0,0,0,ESDB_V0_4
9418,9594,cubs,-11.9958,1,PASS,35,,n,cub,FORM,,MASTER,0,1,0,,cub,,,1,0,0,ESDB_V0_4
9419,9595,cultivation,-11.9958,1,PASS,35,,n,cultivation,LEMMA,,MASTER,0,0,0,,,,,0,0,0,ESDB_V0_4
9420,9596,deepest,-11.9958,1,PASS,35,,aj_av,deep,FORM,,MASTER,0,0,0,,,,,0,0,0,ESDB_V0_4
9421,9597,dentist,-11.9958,1,PASS,35,,n,dentist,LEMMA,,MASTER,0,1,1,,,,dentists,0,1,1,ESDB_V0_4
9422,9598,depicted,-11.9958,1,PASS,35,,v;aj,depict;depicted,FORM;LEMMA,,MASTER,0,0,0,,,,,0,0,0,ESDB_V0_4
9423,9599,descendants,-11.9958,1,PASS,35,,n,descendant,FORM,,MASTER,0,1,0,,descendant,,,1,0,0,ESDB_V0_4
9424,9600,developmental,-11.9958,1,PASS,50,,aj,developmental,LEMMA,,MASTER,0,0,0,,,,,0,0,0,ESDB_V0_4
9425,9601,dice,-11.9958,1,PASS,35,,v;n,dice;die,LEMMA;FORM,,MASTER,0,1,0,ice,,,,1,0,0,ESDB_V0_4
9426,9602,digit,-11.9958,1,PASS,35,,n,digit,LEMMA,,MASTER,0,1,1,,,,digits,0,1,1,ESDB_V0_4
9427,9603,discharged,-11.9958,1,PASS,35,,n_v;aj,discharge;discharged,FORM;LEMMA,,MASTER,0,1,0,,discharge,,,1,0,0,ESDB_V0_4
9428,9604,disciplinary,-11.9958,1,PASS,35,,aj,disciplinary,LEMMA,,MASTER,0,0,0,,,,,0,0,0,ESDB_V0_4
9429,9605,distribute,-11.9958,1,PASS,35,,v,distribute,LEMMA,,MASTER,0,1,1,,,,distributed,0,1,1,ESDB_V0_4
9430,9606,dong,-11.9958,1,PASS,60,,n,dong,LEMMA;FORM,,MASTER,0,1,0,,don,,,1,0,0,ESDB_V0_4
9431,9607,doom,-11.9958,1,PASS,35,,n;v,doom,LEMMA,,MASTER,0,0,0,,,,,0,0,0,ESDB_V0_4
9432,9608,educators,-11.9958,1,PASS,35,,n,educator,FORM,,MASTER,0,1,0,,educator,,,1,0,0,ESDB_V0_4
9433,9609,efficiently,-11.9958,1,PASS,35,,av,efficiently,LEMMA,,MASTER,0,0,0,,,,,0,0,0,ESDB_V0_4
9434,9610,ethiopia,-11.9958,0,NOT_EXACT_EN_US,,,,,,,REJECTED_AUTO,0,0,0,,,,,0,0,0,ESDB_V0_4
9435,9611,exchanged,-11.9958,1,PASS,35,,n_v;aj,exchange;exchanged,FORM;LEMMA,,MASTER,0,1,0,,exchange,,,1,0,0,ESDB_V0_4
9436,9612,exhibitions,-11.9958,1,PASS,35,,n,exhibition,FORM,,MASTER,0,1,0,,exhibition,,,1,0,0,ESDB_V0_4
9437,9613,exhibits,-11.9958,1,PASS,35,,n_v,exhibit,FORM,,MASTER,0,1,0,,exhibit,,,1,0,0,ESDB_V0_4
9438,9614,expired,-11.9958,1,PASS,35,,v;aj,expire;expired,FORM;LEMMA,,MASTER,0,1,0,,expire,,,1,0,0,ESDB_V0_4
9439,9615,extensions,-11.9958,1,PASS,35,,n,extension,FORM,,MASTER,0,1,0,,extension,,,1,0,0,ESDB_V0_4
9440,9616,fairness,-11.9958,1,PASS,35,,n,fairness,LEMMA,,MASTER,0,0,0,,,,,0,0,0,ESDB_V0_4
9441,9617,fertility,-11.9958,1,PASS,35,,n,fertility,LEMMA,,MASTER,0,0,0,,,,,0,0,0,ESDB_V0_4
9442,9619,frequencies,-11.9958,1,PASS,35,,n,frequency,FORM,,MASTER,0,0,0,,,,,0,0,0,ESDB_V0_4
9443,9620,generals,-11.9958,1,PASS,35,,n,general,FORM,,MASTER,0,1,0,,general,,,1,0,0,ESDB_V0_4
9444,9621,gov,-11.9958,0,NO_ESDB_GENERAL_EVIDENCE,,,,,,,REJECTED_AUTO,0,0,0,,,,,0,0,0,ESDB_V0_4
9445,9622,greens,-11.9958,1,PASS,35,,n_v,green,FORM,,MASTER,0,1,0,,green,,,1,0,0,ESDB_V0_4
9446,9623,gt,-11.9958,0,NO_ESDB_GENERAL_EVIDENCE,,,,,,,REJECTED_AUTO,0,0,0,,,,,0,0,0,ESDB_V0_4
9447,9624,heather,-11.9958,1,PASS,35,50,n,heather,LEMMA,,MASTER,0,0,0,,,,,0,0,0,ESDB_V0_4
9448,9625,hes,-11.9958,0,NOT_EXACT_EN_US,,,,,,,REJECTED_AUTO,0,0,0,,,,,0,0,0,ESDB_V0_4
9449,9626,honoured,-11.9958,0,NOT_EXACT_EN_US,,,,,,,REJECTED_AUTO,0,0,0,,,,,0,0,0,ESDB_V0_4
9450,9627,ideals,-11.9958,1,PASS,35,,n,ideal,FORM,,MASTER,0,1,0,deals,ideal,,,2,0,0,ESDB_V0_4
9451,9628,ideological,-11.9958,1,PASS,35,,aj,ideological,LEMMA,,MASTER,0,0,0,,,,,0,0,0,ESDB_V0_4
9452,9629,institutes,-11.9958,1,PASS,35,,n_v,institute,FORM,,MASTER,0,1,0,,institute,,,1,0,0,ESDB_V0_4
9453,9630,intervene,-11.9958,1,PASS,35,,v,intervene,LEMMA,,MASTER,0,1,1,,,,intervened,0,1,1,ESDB_V0_4
9454,9631,invaded,-11.9958,1,PASS,35,,v,invade,FORM,,MASTER,0,1,0,,invade,,,1,0,0,ESDB_V0_4
9455,9632,ironic,-11.9958,1,PASS,35,,aj,ironic,LEMMA,,MASTER,0,0,0,,,,,0,0,0,ESDB_V0_4
9456,9633,irrigation,-11.9958,1,PASS,35,,n,irrigation,LEMMA,,MASTER,0,0,0,,,,,0,0,0,ESDB_V0_4
9457,9634,johnston,-11.9958,0,NOT_EXACT_EN_US,,,,,,,REJECTED_AUTO,0,0,0,,,,,0,0,0,ESDB_V0_4
9458,9635,judiciary,-11.9958,1,PASS,35,,n,judiciary,LEMMA,,MASTER,0,0,0,,,,,0,0,0,ESDB_V0_4
9459,9636,ka,-11.9958,0,NOT_EXACT_EN_US,,,,,,,REJECTED_AUTO,0,0,0,,,,,0,0,0,ESDB_V0_4
9460,9637,laboratories,-11.9958,1,PASS,35,,n,laboratory,FORM,,MASTER,0,0,0,,,,,0,0,0,ESDB_V0_4
9461,9638,laden,-11.9958,1,PASS,50,,aj,laden,LEMMA,,MASTER,0,0,0,,,,,0,0,0,ESDB_V0_4
9462,9639,levy,-11.9958,1,PASS,35,50,n_v,levy,LEMMA,,MASTER,0,0,0,,,,,0,0,0,ESDB_V0_4
9463,9640,liberties,-11.9958,1,PASS,35,,n,liberty,FORM,,MASTER,0,0,0,,,,,0,0,0,ESDB_V0_4
9464,9641,locomotive,-11.9958,1,PASS,35,,n;aj,locomotive,LEMMA,,MASTER,0,1,1,,,,locomotives,0,1,1,ESDB_V0_4
9465,9642,lowering,-11.9958,1,PASS,35,,v;n;aj,lower;lowering,FORM;LEMMA,,MASTER,0,1,1,,,flowering,,0,1,0,ESDB_V0_4
9466,9643,luckily,-11.9958,1,PASS,35,,av,luckily,LEMMA,,MASTER,0,0,0,,,,,0,0,0,ESDB_V0_4
9467,9644,madonna,-11.9958,0,NOT_EXACT_EN_US,,,,,,,REJECTED_AUTO,0,0,0,,,,,0,0,0,ESDB_V0_4
9468,9645,manor,-11.9958,1,PASS,35,,n,manor,LEMMA,,MASTER,0,0,0,,,,,0,0,0,ESDB_V0_4
9469,9646,megan,-11.9958,0,NOT_EXACT_EN_US,,,,,,,REJECTED_AUTO,0,0,0,,,,,0,0,0,ESDB_V0_4
9470,9647,melting,-11.9958,1,PASS,35,,n_v;n;aj,melt;melting,FORM;LEMMA,,MASTER,0,0,0,,,,,0,0,0,ESDB_V0_4
9471,9648,minimize,-11.9958,1,PASS,35,,v,minimize,LEMMA,,MASTER,0,0,0,,,,,0,0,0,ESDB_V0_4
9472,9649,mins,-11.9958,0,NOT_EXACT_EN_US,,,,,,,REJECTED_AUTO,0,0,0,,,,,0,0,0,ESDB_V0_4
9473,9650,missionaries,-11.9958,1,PASS,35,,n,missionary,FORM,,MASTER,0,0,0,,,,,0,0,0,ESDB_V0_4
9474,9651,mitch,-11.9958,0,NOT_EXACT_EN_US,,,,,,,REJECTED_AUTO,0,0,0,,,,,0,0,0,ESDB_V0_4
9475,9652,monitored,-11.9958,1,PASS,35,,n_v,monitor,FORM,,MASTER,0,0,0,,,,,0,0,0,ESDB_V0_4
9476,9653,nap,-11.9958,1,PASS,35,,n_v,nap,LEMMA,,MASTER,0,1,1,,,snap,,0,1,0,ESDB_V0_4
9477,9654,nationality,-11.9958,1,PASS,35,,n,nationality,LEMMA,,MASTER,0,0,0,,,,,0,0,0,ESDB_V0_4
9478,9656,nominations,-11.9958,1,PASS,35,,n,nomination,FORM,,MASTER,0,1,0,,nomination,,,1,0,0,ESDB_V0_4
9479,9657,olivia,-11.9958,0,NOT_EXACT_EN_US,,,,,,,REJECTED_AUTO,0,0,0,,,,,0,0,0,ESDB_V0_4
9480,9658,ot,-11.9958,0,NOT_EXACT_EN_US,,,,,,,REJECTED_AUTO,0,0,0,,,,,0,0,0,ESDB_V0_4
9481,9659,outright,-11.9958,1,PASS,35,,aj_av,outright,LEMMA,,MASTER,0,0,0,,,,,0,0,0,ESDB_V0_4
9482,9660,overly,-11.9958,1,PASS,35,,av,overly,LEMMA,,MASTER,0,0,0,,,,,0,0,0,ESDB_V0_4
9483,9661,patches,-11.9958,1,PASS,35,,n_v,patch,FORM,,MASTER,0,0,0,,,,,0,0,0,ESDB_V0_4
9484,9662,patron,-11.9958,1,PASS,35,,n,patron,LEMMA,,MASTER,0,1,1,,,,patrons,0,1,1,ESDB_V0_4
9485,9663,presently,-11.9958,1,PASS,35,,av,presently,LEMMA,,MASTER,0,0,0,,,,,0,0,0,ESDB_V0_4
9486,9664,princes,-11.9958,1,PASS,35,,n,prince,FORM,,MASTER,0,1,1,,prince,,princess,1,1,0,ESDB_V0_4
9487,9665,providence,-11.9958,1,PASS,35,50,n,providence,LEMMA,,MASTER,0,0,0,,,,,0,0,0,ESDB_V0_4
9488,9666,provisional,-11.9958,1,PASS,35,,aj,provisional,LEMMA,,MASTER,0,0,0,,,,,0,0,0,ESDB_V0_4
9489,9668,psychologist,-11.9958,1,PASS,35,,n,psychologist,LEMMA,,MASTER,0,1,1,,,,psychologists,0,1,1,ESDB_V0_4
9490,9669,ramp,-11.9958,1,PASS,35,,n,ramp,LEMMA,,MASTER,0,1,1,amp,ram,tramp,,2,1,0,ESDB_V0_4
9491,9670,recovering,-11.9958,1,PASS,35,,v;aj,recover;recovering,FORM;LEMMA,,MASTER,0,0,0,,,,,0,0,0,ESDB_V0_4
9492,9671,reef,-11.9958,1,PASS,35,,n_v,reef,LEMMA,,MASTER,0,1,1,,,,reefs,0,1,1,ESDB_V0_4
9493,9672,regrets,-11.9958,1,PASS,35,,n_v,regret,FORM,,MASTER,0,1,0,,regret,,,1,0,0,ESDB_V0_4
9494,9673,resumed,-11.9958,1,PASS,35,,v,resume,FORM,,MASTER,0,1,1,,resume,presumed,,1,1,0,ESDB_V0_4
9495,9674,retention,-11.9958,1,PASS,35,,n,retention,LEMMA,,MASTER,0,0,0,,,,,0,0,0,ESDB_V0_4
9496,9675,rig,-11.9958,1,PASS,35,,n_v,rig,LEMMA,,MASTER,0,1,1,,,brig,,0,1,0,ESDB_V0_4
9497,9676,roommate,-11.9958,1,PASS,35,,n,roommate,LEMMA,,MASTER,0,1,1,,,,roommates,0,1,1,ESDB_V0_4
9498,9677,sacrifices,-11.9958,1,PASS,35,,n_v,sacrifice,FORM,,MASTER,0,1,0,,sacrifice,,,1,0,0,ESDB_V0_4
9499,9678,saga,-11.9958,1,PASS,35,,n,saga,LEMMA,,MASTER,0,0,0,,,,,0,0,0,ESDB_V0_4
9500,9679,sailed,-11.9958,1,PASS,35,,n_v,sail,FORM,,MASTER,0,0,0,,,,,0,0,0,ESDB_V0_4
9501,9680,sailor,-11.9958,1,PASS,35,,n,sailor,LEMMA,,MASTER,0,1,1,,,,sailors,0,1,1,ESDB_V0_4
9502,9681,scroll,-11.9958,1,PASS,35,,n_v,scroll,LEMMA,,MASTER,0,1,1,,,,scrolls,0,1,1,ESDB_V0_4
9503,9682,shiny,-11.9958,1,PASS,35,,aj,shiny,LEMMA,,MASTER,0,1,0,,shin,,,1,0,0,ESDB_V0_4
9504,9683,shotgun,-11.9958,1,PASS,35,,n_v;a,shotgun,LEMMA,,MASTER,0,0,0,,,,,0,0,0,ESDB_V0_4
9505,9684,skins,-11.9958,1,PASS,35,,n_v,skin,FORM,,MASTER,0,1,0,,skin,,,1,0,0,ESDB_V0_4
9506,9685,softly,-11.9958,1,PASS,35,,av,softly,LEMMA,,MASTER,0,0,0,,,,,0,0,0,ESDB_V0_4
9507,9687,sorted,-11.9958,1,PASS,35,,n_v;aj,sort;sorted,FORM;LEMMA,,MASTER,0,0,0,,,,,0,0,0,ESDB_V0_4
9508,9688,sox,-11.9958,0,NOT_EXACT_EN_US,,,,,,,REJECTED_AUTO,0,0,0,,,,,0,0,0,ESDB_V0_4
9509,9689,spelled,-11.9958,1,PASS,35,,n_v,spell,FORM,,MASTER,0,0,0,,,,,0,0,0,ESDB_V0_4
9510,9690,suburb,-11.9958,1,PASS,35,,n,suburb,LEMMA,,MASTER,0,1,1,,,,suburbs,0,1,1,ESDB_V0_4
9511,9691,sucking,-11.9958,1,PASS,35,,n_v;n,suck;sucking,FORM;LEMMA,,MASTER,0,0,0,,,,,0,0,0,ESDB_V0_4
9512,9692,sued,-11.9958,1,PASS,35,,v,sue,FORM,,MASTER,0,1,0,,sue,,,1,0,0,ESDB_V0_4
9513,9693,supper,-11.9958,1,PASS,35,,n,supper,LEMMA,,MASTER,0,1,0,upper,,,,1,0,0,ESDB_V0_4
9514,9694,tampa,-11.9958,0,NOT_EXACT_EN_US,,,,,,,REJECTED_AUTO,0,0,0,,,,,0,0,0,ESDB_V0_4
9515,9695,tasty,-11.9958,1,PASS,35,,aj,tasty,LEMMA,,MASTER,0,0,0,,,,,0,0,0,ESDB_V0_4
9516,9696,temper,-11.9958,1,PASS,35,,n_v,temper,LEMMA,,MASTER,0,0,0,,,,,0,0,0,ESDB_V0_4
9517,9697,tended,-11.9958,1,PASS,35,,v,tend,FORM,,MASTER,0,1,0,ended,,,,1,0,0,ESDB_V0_4
9518,9698,terminated,-11.9958,1,PASS,35,,v;aj,terminate;terminated,FORM;LEMMA,,MASTER,0,1,0,,terminate,,,1,0,0,ESDB_V0_4
9519,9699,terrific,-11.9958,1,PASS,35,,aj,terrific,LEMMA,,MASTER,0,0,0,,,,,0,0,0,ESDB_V0_4
9520,9701,theaters,-11.9958,1,PASS,35,,n,theater,FORM,,MASTER,0,1,0,,theater,,,1,0,0,ESDB_V0_4
9521,9702,themed,-11.9958,0,NO_ESDB_GENERAL_EVIDENCE,,,,,,,REJECTED_AUTO,0,0,0,,,,,0,0,0,ESDB_V0_4
9522,9703,thickness,-11.9958,1,PASS,35,,n,thickness,LEMMA,,MASTER,0,0,0,,,,,0,0,0,ESDB_V0_4
9523,9704,tornado,-11.9958,1,PASS,35,,n,tornado,LEMMA,,MASTER,0,0,0,,,,,0,0,0,ESDB_V0_4
9524,9705,tracy,-11.9958,0,NOT_EXACT_EN_US,,,,,,,REJECTED_AUTO,0,0,0,,,,,0,0,0,ESDB_V0_4
9525,9706,ur,-11.9958,0,NOT_EXACT_EN_US,,,,,,,REJECTED_AUTO,0,0,0,,,,,0,0,0,ESDB_V0_4
9526,9707,variant,-11.9958,1,PASS,35,,n;aj,variant,LEMMA,,MASTER,0,1,1,,,,variants,0,1,1,ESDB_V0_4
9527,9708,vendors,-11.9958,1,PASS,35,,n,vendor,FORM,,MASTER,0,1,0,,vendor,,,1,0,0,ESDB_V0_4
9528,9709,viewer,-11.9958,1,PASS,35,,n,viewer,LEMMA,,MASTER,0,1,1,,,,viewers,0,1,1,ESDB_V0_4
9529,9710,wandering,-11.9958,1,PASS,35,,v;n;aj,wander;wandering,FORM;LEMMA,,MASTER,0,0,0,,,,,0,0,0,ESDB_V0_4
9530,9711,wendy,-11.9958,0,NOT_EXACT_EN_US,,,,,,,REJECTED_AUTO,0,0,0,,,,,0,0,0,ESDB_V0_4
9531,9712,winnipeg,-11.9958,0,NOT_EXACT_EN_US,,,,,,,REJECTED_AUTO,0,0,0,,,,,0,0,0,ESDB_V0_4
9532,9713,withdrew,-11.9958,1,PASS,35,,v,withdraw,FORM,,MASTER,0,0,0,,,,,0,0,0,ESDB_V0_4
9533,9714,wwe,-11.9958,0,NOT_EXACT_EN_US,,,,,,,REJECTED_AUTO,0,0,0,,,,,0,0,0,ESDB_V0_4
9534,9715,abs,-12.0188,0,CASE_FREQ_COLLISION,60,60,n,abs,LEMMA,,REJECTED_AUTO,0,0,0,,,,,0,0,0,ESDB_V0_4
9535,9716,abundant,-12.0188,1,PASS,35,,aj,abundant,LEMMA,,MASTER,0,0,0,,,,,0,0,0,ESDB_V0_4
9536,9717,academics,-12.0188,1,PASS,35,,n,academic,FORM,,MASTER,0,1,0,,academic,,,1,0,0,ESDB_V0_4
9537,9718,activate,-12.0188,1,PASS,35,,v,activate,LEMMA,,MASTER,0,1,1,,,,activated,0,1,1,ESDB_V0_4
9538,9719,adequately,-12.0188,1,PASS,35,,av,adequately,LEMMA,,MASTER,0,0,0,,,,,0,0,0,ESDB_V0_4
9539,9720,adopting,-12.0188,1,PASS,35,,v,adopt,FORM,,MASTER,0,0,0,,,,,0,0,0,ESDB_V0_4
9540,9721,aligned,-12.0188,1,PASS,35,,v;aj,align;aligned,FORM;LEMMA,,MASTER,0,0,0,,,,,0,0,0,ESDB_V0_4
9541,9722,allan,-12.0188,0,NOT_EXACT_EN_US,,,,,,,REJECTED_AUTO,0,0,0,,,,,0,0,0,ESDB_V0_4
9542,9723,appoint,-12.0188,1,PASS,35,,v,appoint,LEMMA,,MASTER,0,0,0,,,,,0,0,0,ESDB_V0_4
9543,9724,archer,-12.0188,1,PASS,35,,aj;n,arch;archer,FORM;LEMMA,,MASTER,0,1,1,,,,archers,0,1,1,ESDB_V0_4
9544,9725,armenian,-12.0188,0,NOT_EXACT_EN_US,,,,,,,REJECTED_AUTO,0,0,0,,,,,0,0,0,ESDB_V0_4
9545,9726,attorneys,-12.0188,1,PASS,35,,n,attorney,FORM,,MASTER,0,1,0,,attorney,,,1,0,0,ESDB_V0_4
9546,9727,aww,-12.0188,0,NOT_EXACT_EN_US,,,,,,,REJECTED_AUTO,0,0,0,,,,,0,0,0,ESDB_V0_4
9547,9728,balancing,-12.0188,1,PASS,35,,n_v;n,balance;balancing,FORM;LEMMA,,MASTER,0,0,0,,,,,0,0,0,ESDB_V0_4
9548,9729,betrayed,-12.0188,1,PASS,35,,v,betray,FORM,,MASTER,0,0,0,,,,,0,0,0,ESDB_V0_4
9549,9730,bibliography,-12.0188,1,PASS,35,,n,bibliography,LEMMA,,MASTER,0,0,0,,,,,0,0,0,ESDB_V0_4
9550,9731,bids,-12.0188,1,PASS,35,,n;v,bid,FORM,,MASTER,0,1,0,ids,bid,,,2,0,0,ESDB_V0_4
9551,9732,borrowing,-12.0188,1,PASS,35,,v;n,borrow;borrowing,FORM;LEMMA,,MASTER,0,0,0,,,,,0,0,0,ESDB_V0_4
9552,9733,browns,-12.0188,1,PASS,35,,n_v,brown,FORM,,MASTER,0,1,0,,brown,,,1,0,0,ESDB_V0_4
9553,9734,candles,-12.0188,1,PASS,35,,n_v,candle,FORM,,MASTER,0,1,0,,candle,,,1,0,0,ESDB_V0_4
9554,9735,cane,-12.0188,1,PASS,35,,n_v,cane,LEMMA,,MASTER,0,1,0,,can,,,1,0,0,ESDB_V0_4
9555,9736,christina,-12.0188,0,NOT_EXACT_EN_US,,,,,,,REJECTED_AUTO,0,0,0,,,,,0,0,0,ESDB_V0_4
9556,9737,cincinnati,-12.0188,0,NOT_EXACT_EN_US,,,,,,,REJECTED_AUTO,0,0,0,,,,,0,0,0,ESDB_V0_4
9557,9738,clutch,-12.0188,1,PASS,35,,n_v;a,clutch,LEMMA,,MASTER,0,0,0,,,,,0,0,0,ESDB_V0_4
9558,9739,commanders,-12.0188,1,PASS,35,,n,commander,FORM,,MASTER,0,1,0,,commander,,,1,0,0,ESDB_V0_4
9559,9740,cone,-12.0188,1,PASS,35,,n,cone,LEMMA,,MASTER,0,1,1,one,con,,cones,2,1,1,ESDB_V0_4
9560,9741,connor,-12.0188,0,NOT_EXACT_EN_US,,,,,,,REJECTED_AUTO,0,0,0,,,,,0,0,0,ESDB_V0_4
9561,9742,continuation,-12.0188,1,PASS,35,,n,continuation,LEMMA,,MASTER,0,0,0,,,,,0,0,0,ESDB_V0_4
9562,9743,crow,-12.0188,1,PASS,35,60,n_v,crow,LEMMA,,MASTER,0,1,1,row,,,crowd;crown;crows,1,3,1,ESDB_V0_4
9563,9744,cubic,-12.0188,1,PASS,35,,aj,cubic,LEMMA,,MASTER,0,0,0,,,,,0,0,0,ESDB_V0_4
9564,9745,cyprus,-12.0188,0,NOT_EXACT_EN_US,,,,,,,REJECTED_AUTO,0,0,0,,,,,0,0,0,ESDB_V0_4
9565,9746,defendants,-12.0188,1,PASS,35,,n,defendant,FORM,,MASTER,0,1,0,,defendant,,,1,0,0,ESDB_V0_4
9566,9747,deprived,-12.0188,1,PASS,35,,v;aj,deprive;deprived,FORM;LEMMA,,MASTER,0,1,0,,deprive,,,1,0,0,ESDB_V0_4
9567,9748,din,-12.0188,1,PASS,35,,n_v,din,LEMMA,,MASTER,0,1,1,in,,,ding;dine,1,2,0,ESDB_V0_4
9568,9749,disasters,-12.0188,1,PASS,35,,n,disaster,FORM,,MASTER,0,1,0,,disaster,,,1,0,0,ESDB_V0_4
9569,9750,disclose,-12.0188,1,PASS,35,,v,disclose,LEMMA,,MASTER,0,1,1,,,,disclosed,0,1,1,ESDB_V0_4
9570,9751,discoveries,-12.0188,1,PASS,35,,n,discovery,FORM,,MASTER,0,0,0,,,,,0,0,0,ESDB_V0_4
9571,9752,dismiss,-12.0188,1,PASS,35,,v,dismiss,LEMMA,,MASTER,0,0,0,,,,,0,0,0,ESDB_V0_4
9572,9753,duchess,-12.0188,1,PASS,35,,n,duchess,LEMMA,,MASTER,0,0,0,,,,,0,0,0,ESDB_V0_4
9573,9754,einstein,-12.0188,0,NOT_EXACT_EN_US,,,,,,,REJECTED_AUTO,0,0,0,,,,,0,0,0,ESDB_V0_4
9574,9755,elephants,-12.0188,1,PASS,35,,n,elephant,FORM,,MASTER,0,1,0,,elephant,,,1,0,0,ESDB_V0_4
9575,9756,emission,-12.0188,1,PASS,35,,n,emission,LEMMA,,MASTER,0,1,1,mission,,remission,emissions,1,2,1,ESDB_V0_4
9576,9757,employs,-12.0188,1,PASS,35,,v,employ,FORM,,MASTER,0,1,0,,employ,,,1,0,0,ESDB_V0_4
9577,9758,endurance,-12.0188,1,PASS,35,,n,endurance,LEMMA,,MASTER,0,0,0,,,,,0,0,0,ESDB_V0_4
9578,9759,endure,-12.0188,1,PASS,35,,v,endure,LEMMA,,MASTER,0,1,1,,,,endured,0,1,1,ESDB_V0_4
9579,9760,enrollment,-12.0188,1,PASS,35,,n,enrollment,LEMMA,,MASTER,0,0,0,,,,,0,0,0,ESDB_V0_4
9580,9761,eventual,-12.0188,1,PASS,35,,aj,eventual,LEMMA,,MASTER,0,0,0,,,,,0,0,0,ESDB_V0_4
9581,9762,exclude,-12.0188,1,PASS,35,,v,exclude,LEMMA,,MASTER,0,1,1,,,,excluded;excludes,0,2,2,ESDB_V0_4
9582,9763,explosives,-12.0188,1,PASS,35,,n,explosive,FORM,,MASTER,0,1,0,,explosive,,,1,0,0,ESDB_V0_4
9583,9764,factions,-12.0188,1,PASS,35,,n,faction,FORM,,MASTER,0,1,0,actions,faction,,,2,0,0,ESDB_V0_4
9584,9765,favourable,-12.0188,0,NOT_EXACT_EN_US,,,,,,,REJECTED_AUTO,0,0,0,,,,,0,0,0,ESDB_V0_4
9585,9766,feasible,-12.0188,1,PASS,35,,aj,feasible,LEMMA,,MASTER,0,0,0,,,,,0,0,0,ESDB_V0_4
9586,9767,fictional,-12.0188,1,PASS,35,,aj,fictional,LEMMA,,MASTER,0,0,0,,,,,0,0,0,ESDB_V0_4
9587,9768,fireworks,-12.0188,1,PASS,35,,n,firework,FORM,,MASTER,0,0,0,,,,,0,0,0,ESDB_V0_4
9588,9769,flats,-12.0188,1,PASS,35,,n_v,flat,FORM,,MASTER,0,1,0,,flat,,,1,0,0,ESDB_V0_4
9589,9770,gangs,-12.0188,1,PASS,35,,n_v,gang,FORM,,MASTER,0,1,0,,gang,,,1,0,0,ESDB_V0_4
9590,9771,gmt,-12.0188,0,NOT_EXACT_EN_US,,,,,,,REJECTED_AUTO,0,0,0,,,,,0,0,0,ESDB_V0_4
9591,9772,gp,-12.0188,0,NOT_EXACT_EN_US,,,,,,,REJECTED_AUTO,0,0,0,,,,,0,0,0,ESDB_V0_4
9592,9773,granting,-12.0188,1,PASS,35,,n_v,grant,FORM,,MASTER,0,0,0,,,,,0,0,0,ESDB_V0_4
9593,9774,haul,-12.0188,1,PASS,35,,n_v,haul,LEMMA,,MASTER,0,0,0,,,,,0,0,0,ESDB_V0_4
9594,9775,heel,-12.0188,1,PASS,35,,n_v,heel,LEMMA,,MASTER,0,1,1,,,wheel,heels,0,2,1,ESDB_V0_4
9595,9776,herd,-12.0188,1,PASS,35,,n_v,herd,LEMMA,,MASTER,0,1,1,,her,,herds,1,1,1,ESDB_V0_4
9596,9777,hindi,-12.0188,0,NOT_EXACT_EN_US,,,,,,,REJECTED_AUTO,0,0,0,,,,,0,0,0,ESDB_V0_4
9597,9778,hormone,-12.0188,1,PASS,35,,n,hormone,LEMMA,,MASTER,0,1,1,,,,hormones,0,1,1,ESDB_V0_4
9598,9779,ideally,-12.0188,1,PASS,35,,av,ideally,LEMMA,,MASTER,0,0,0,,,,,0,0,0,ESDB_V0_4
9599,9780,illustrate,-12.0188,1,PASS,35,,v,illustrate,LEMMA,,MASTER,0,1,1,,,,illustrated;illustrates,0,2,2,ESDB_V0_4
9600,9781,imagery,-12.0188,1,PASS,35,,n,imagery,LEMMA,,MASTER,0,0,0,,,,,0,0,0,ESDB_V0_4
9601,9782,initiate,-12.0188,1,PASS,35,,n_v,initiate,LEMMA,,MASTER,0,1,1,,,,initiated,0,1,1,ESDB_V0_4
9602,9783,injustice,-12.0188,1,PASS,35,,n,injustice,LEMMA,,MASTER,0,0,0,,,,,0,0,0,ESDB_V0_4
9603,9784,inquiries,-12.0188,1,PASS,35,,n,inquiry,FORM,,MASTER,0,0,0,,,,,0,0,0,ESDB_V0_4
9604,9785,inserted,-12.0188,1,PASS,35,,n_v,insert,FORM,,MASTER,0,0,0,,,,,0,0,0,ESDB_V0_4
9605,9786,installing,-12.0188,1,PASS,35,,v;n,install;instal;installing,FORM;LEMMA,,MASTER,0,0,0,,,,,0,0,0,ESDB_V0_4
9606,9787,intervals,-12.0188,1,PASS,35,,n,interval,FORM,,MASTER,0,1,0,,interval,,,1,0,0,ESDB_V0_4
9607,9788,ira,-12.0188,0,NOT_EXACT_EN_US,,,,,,,REJECTED_AUTO,0,0,0,,,,,0,0,0,ESDB_V0_4
9608,9789,ironically,-12.0188,1,PASS,35,,av,ironically,LEMMA,,MASTER,0,0,0,,,,,0,0,0,ESDB_V0_4
9609,9790,ivy,-12.0188,1,PASS,35,50,n,ivy,LEMMA,,MASTER,0,0,0,,,,,0,0,0,ESDB_V0_4
9610,9791,je,-12.0188,0,NOT_EXACT_EN_US,,,,,,,REJECTED_AUTO,0,0,0,,,,,0,0,0,ESDB_V0_4
9611,9792,jelly,-12.0188,1,PASS,35,,n_v,jelly,LEMMA,,MASTER,0,0,0,,,,,0,0,0,ESDB_V0_4
9612,9793,johns,-12.0188,1,PASS,40,50,n,john,FORM,,MASTER,0,0,0,,,,,0,0,0,ESDB_V0_4
9613,9794,katherine,-12.0188,0,NOT_EXACT_EN_US,,,,,,,REJECTED_AUTO,0,0,0,,,,,0,0,0,ESDB_V0_4
9614,9795,labs,-12.0188,1,PASS,35,,n,lab,FORM,,MASTER,0,1,0,,lab,,,1,0,0,ESDB_V0_4
9615,9796,leicester,-12.0188,0,NOT_EXACT_EN_US,,,,,,,REJECTED_AUTO,0,0,0,,,,,0,0,0,ESDB_V0_4
9616,9797,lenses,-12.0188,1,PASS,35,,n,lens,FORM,,MASTER,0,0,0,,,,,0,0,0,ESDB_V0_4
9617,9798,lid,-12.0188,1,PASS,35,,n,lid,LEMMA,,MASTER,0,1,1,id,,slid,,1,1,0,ESDB_V0_4
9618,9799,limitation,-12.0188,1,PASS,35,,n,limitation,LEMMA,,MASTER,0,1,1,imitation,,,limitations,1,1,1,ESDB_V0_4
9619,9800,lionel,-12.0188,0,NOT_EXACT_EN_US,,,,,,,REJECTED_AUTO,0,0,0,,,,,0,0,0,ESDB_V0_4
9620,9801,loudly,-12.0188,1,PASS,35,,av,loudly,LEMMA,,MASTER,0,0,0,,,,,0,0,0,ESDB_V0_4
9621,9802,marginal,-12.0188,1,PASS,35,,aj,marginal,LEMMA,,MASTER,0,0,0,,,,,0,0,0,ESDB_V0_4
9622,9803,marx,-12.0188,0,NOT_EXACT_EN_US,,,,,,,REJECTED_AUTO,0,0,0,,,,,0,0,0,ESDB_V0_4
9623,9804,medications,-12.0188,1,PASS,35,,n,medication,FORM,,MASTER,0,1,0,,medication,,,1,0,0,ESDB_V0_4
9624,9805,mel,-12.0188,0,NOT_EXACT_EN_US,,,,,,,REJECTED_AUTO,0,0,0,,,,,0,0,0,ESDB_V0_4
9625,9806,melissa,-12.0188,0,NOT_EXACT_EN_US,,,,,,,REJECTED_AUTO,0,0,0,,,,,0,0,0,ESDB_V0_4
9626,9807,messy,-12.0188,1,PASS,35,,aj,messy,LEMMA,,MASTER,0,1,0,,mess,,,1,0,0,ESDB_V0_4
9627,9808,microwave,-12.0188,1,PASS,35,,n_v;a,microwave,LEMMA,,MASTER,0,0,0,,,,,0,0,0,ESDB_V0_4
9628,9809,monarchy,-12.0188,1,PASS,35,,n,monarchy,LEMMA,,MASTER,0,1,0,,monarch,,,1,0,0,ESDB_V0_4
9629,9810,murderer,-12.0188,1,PASS,35,,n,murderer,LEMMA,,MASTER,0,1,1,,,,murderers,0,1,1,ESDB_V0_4
9630,9811,nothin,-12.0188,0,NOT_EXACT_EN_US,,,,,,,REJECTED_AUTO,0,0,0,,,,,0,0,0,ESDB_V0_4
9631,9813,observing,-12.0188,1,PASS,35,,v;aj,observe;observing,FORM;LEMMA,,MASTER,0,0,0,,,,,0,0,0,ESDB_V0_4
9632,9814,obstacle,-12.0188,1,PASS,35,,n,obstacle,LEMMA,,MASTER,0,1,1,,,,obstacles,0,1,1,ESDB_V0_4
9633,9815,ohh,-12.0188,0,NOT_EXACT_EN_US,,,,,,,REJECTED_AUTO,0,0,0,,,,,0,0,0,ESDB_V0_4
9634,9816,partnerships,-12.0188,1,PASS,35,,n,partnership,FORM,,MASTER,0,1,0,,partnership,,,1,0,0,ESDB_V0_4
9635,9817,perceive,-12.0188,1,PASS,35,,v,perceive,LEMMA,,MASTER,0,1,1,,,,perceived,0,1,1,ESDB_V0_4
9636,9818,positioned,-12.0188,1,PASS,35,,n_v,position,FORM,,MASTER,0,0,0,,,,,0,0,0,ESDB_V0_4
9637,9819,prague,-12.0188,0,NOT_EXACT_EN_US,,,,,,,REJECTED_AUTO,0,0,0,,,,,0,0,0,ESDB_V0_4
9638,9820,prevalent,-12.0188,1,PASS,35,,aj,prevalent,LEMMA,,MASTER,0,0,0,,,,,0,0,0,ESDB_V0_4
9639,9821,probation,-12.0188,1,PASS,35,,n,probation,LEMMA,,MASTER,0,0,0,,,,,0,0,0,ESDB_V0_4
9640,9822,projection,-12.0188,1,PASS,35,,n,projection,LEMMA,,MASTER,0,1,1,,,,projections,0,1,1,ESDB_V0_4
9641,9823,protesters,-12.0188,0,NO_ESDB_GENERAL_EVIDENCE,,,,,,,REJECTED_AUTO,0,0,0,,,,,0,0,0,ESDB_V0_4
9642,9824,protocols,-12.0188,1,PASS,35,,n,protocol,FORM,,MASTER,0,1,0,,protocol,,,1,0,0,ESDB_V0_4
9643,9825,pumping,-12.0188,1,PASS,35,,n_v,pump,FORM,,MASTER,0,0,0,,,,,0,0,0,ESDB_V0_4
9644,9826,ranged,-12.0188,1,PASS,35,,n_v,range,FORM,,MASTER,0,1,0,,range,,,1,0,0,ESDB_V0_4
9645,9827,refund,-12.0188,1,PASS,35,,n_v,refund,LEMMA,,MASTER,0,0,0,,,,,0,0,0,ESDB_V0_4
9646,9828,rendering,-12.0188,1,PASS,35,,n_v;n,render;rendering,FORM;LEMMA,,MASTER,0,0,0,,,,,0,0,0,ESDB_V0_4
9647,9829,reservations,-12.0188,1,PASS,35,,n,reservation,FORM,,MASTER,0,1,0,,reservation,,,1,0,0,ESDB_V0_4
9648,9830,restoring,-12.0188,1,PASS,35,,v,restore,FORM,,MASTER,0,0,0,,,,,0,0,0,ESDB_V0_4
9649,9831,reuters,-12.0188,0,NOT_EXACT_EN_US,,,,,,,REJECTED_AUTO,0,0,0,,,,,0,0,0,ESDB_V0_4
9650,9832,reverend,-12.0188,0,CASE_FREQ_COLLISION,50,40,n;aj,reverend,LEMMA,,REJECTED_AUTO,0,0,0,,,,,0,0,0,ESDB_V0_4
9651,9833,roast,-12.0188,1,PASS,35,,n_v;aj,roast,LEMMA,,MASTER,0,0,0,,,,,0,0,0,ESDB_V0_4
9652,9834,rotten,-12.0188,1,PASS,35,,aj,rotten,LEMMA,,MASTER,0,0,0,,,,,0,0,0,ESDB_V0_4
9653,9835,royalty,-12.0188,1,PASS,35,,n,royalty,LEMMA,,MASTER,0,0,0,,,,,0,0,0,ESDB_V0_4
9654,9836,sandra,-12.0188,0,NOT_EXACT_EN_US,,,,,,,REJECTED_AUTO,0,0,0,,,,,0,0,0,ESDB_V0_4
9655,9837,santiago,-12.0188,0,NOT_EXACT_EN_US,,,,,,,REJECTED_AUTO,0,0,0,,,,,0,0,0,ESDB_V0_4
9656,9838,scar,-12.0188,1,PASS,35,,n_v,scar,LEMMA,,MASTER,0,1,1,car,,,scary;scare;scars;scarf,1,4,1,ESDB_V0_4
9657,9839,scots,-12.0188,0,NOT_EXACT_EN_US,,,,,,,REJECTED_AUTO,0,0,0,,,,,0,0,0,ESDB_V0_4
9658,9840,screams,-12.0188,1,PASS,35,,n_v,scream,FORM,,MASTER,0,1,0,,scream,,,1,0,0,ESDB_V0_4
9659,9841,seventy,-12.0188,1,PASS,35,,n,seventy,LEMMA,,MASTER,0,0,0,,,,,0,0,0,ESDB_V0_4
9660,9842,simplicity,-12.0188,1,PASS,35,,n,simplicity,LEMMA,,MASTER,0,0,0,,,,,0,0,0,ESDB_V0_4
9661,9843,slightest,-12.0188,1,PASS,35,,aj,slight,FORM,,MASTER,0,0,0,,,,,0,0,0,ESDB_V0_4
9662,9844,sophia,-12.0188,0,NOT_EXACT_EN_US,,,,,,,REJECTED_AUTO,0,0,0,,,,,0,0,0,ESDB_V0_4
9663,9845,splash,-12.0188,1,PASS,35,,n_v,splash,LEMMA,,MASTER,0,0,0,,,,,0,0,0,ESDB_V0_4
9664,9846,splitting,-12.0188,1,PASS,35,,n_v;n,split;splitting,FORM;LEMMA,,MASTER,0,0,0,,,,,0,0,0,ESDB_V0_4
9665,9847,spoiled,-12.0188,1,PASS,35,,n_v;aj,spoil;spoiled,FORM;LEMMA,,MASTER,0,0,0,,,,,0,0,0,ESDB_V0_4
9666,9848,stalin,-12.0188,0,NOT_EXACT_EN_US,,,,,,,REJECTED_AUTO,0,0,0,,,,,0,0,0,ESDB_V0_4
9667,9849,stressful,-12.0188,1,PASS,35,,aj,stressful,LEMMA,,MASTER,0,0,0,,,,,0,0,0,ESDB_V0_4
9668,9850,stubborn,-12.0188,1,PASS,35,,aj,stubborn,LEMMA,,MASTER,0,0,0,,,,,0,0,0,ESDB_V0_4
9669,9851,supermarket,-12.0188,1,PASS,35,,n,supermarket,LEMMA,,MASTER,0,1,1,,,,supermarkets,0,1,1,ESDB_V0_4
9670,9852,surround,-12.0188,1,PASS,35,,v,surround,LEMMA,,MASTER,0,1,1,,,,surrounds,0,1,1,ESDB_V0_4
9671,9853,sweetheart,-12.0188,1,PASS,35,,n,sweetheart,LEMMA,,MASTER,0,0,0,,,,,0,0,0,ESDB_V0_4
9672,9854,tb,-12.0188,0,NO_ESDB_GENERAL_EVIDENCE,,,,,,,REJECTED_AUTO,0,0,0,,,,,0,0,0,ESDB_V0_4
9673,9855,thomson,-12.0188,0,NOT_EXACT_EN_US,,,,,,,REJECTED_AUTO,0,0,0,,,,,0,0,0,ESDB_V0_4
9674,9856,titans,-12.0188,1,PASS,50,,n,titan,FORM,,MASTER,0,0,0,,,,,0,0,0,ESDB_V0_4
9675,9857,turtles,-12.0188,1,PASS,35,,n,turtle,FORM,,MASTER,0,1,0,,turtle,,,1,0,0,ESDB_V0_4
9676,9858,unlock,-12.0188,1,PASS,35,,v,unlock,LEMMA,,MASTER,0,0,0,,,,,0,0,0,ESDB_V0_4
9677,9859,unwanted,-12.0188,1,PASS,35,,aj,unwanted,LEMMA,,MASTER,0,0,0,,,,,0,0,0,ESDB_V0_4
9678,9860,uploaded,-12.0188,1,PASS,50,,v,upload,FORM,,MASTER,0,0,0,,,,,0,0,0,ESDB_V0_4
9679,9861,urges,-12.0188,1,PASS,35,,n_v,urge,FORM,,MASTER,0,1,0,,urge,,,1,0,0,ESDB_V0_4
9680,9862,url,-12.0188,0,NOT_EXACT_EN_US,,,,,,,REJECTED_AUTO,0,0,0,,,,,0,0,0,ESDB_V0_4
9681,9863,valencia,-12.0188,0,NOT_EXACT_EN_US,,,,,,,REJECTED_AUTO,0,0,0,,,,,0,0,0,ESDB_V0_4
9682,9864,vendor,-12.0188,1,PASS,35,,n,vendor,LEMMA,,MASTER,0,1,1,,,,vendors,0,1,1,ESDB_V0_4
9683,9865,violet,-12.0188,1,PASS,35,50,n;aj,violet,LEMMA,,MASTER,0,0,0,,,,,0,0,0,ESDB_V0_4
9684,9866,vocational,-12.0188,1,PASS,35,,aj,vocational,LEMMA,,MASTER,0,0,0,,,,,0,0,0,ESDB_V0_4
9685,9867,walsh,-12.0188,0,NOT_EXACT_EN_US,,,,,,,REJECTED_AUTO,0,0,0,,,,,0,0,0,ESDB_V0_4
9686,9868,warsaw,-12.0188,0,NOT_EXACT_EN_US,,,,,,,REJECTED_AUTO,0,0,0,,,,,0,0,0,ESDB_V0_4
9687,9869,watts,-12.0188,1,PASS,35,50,n,watt,FORM,,MASTER,0,1,0,,watt,,,1,0,0,ESDB_V0_4
9688,9870,wellington,-12.0188,0,CASE_FREQ_COLLISION,60,50,n,wellington,LEMMA,,REJECTED_AUTO,0,0,0,,,,,0,0,0,ESDB_V0_4
9689,9871,whales,-12.0188,1,PASS,35,,n;v,whale;whales,FORM;LEMMA,,MASTER,0,1,0,,whale,,,1,0,0,ESDB_V0_4
9690,9872,wikipedia,-12.0188,0,NOT_EXACT_EN_US,,,,,,,REJECTED_AUTO,0,0,0,,,,,0,0,0,ESDB_V0_4
9691,9873,wrath,-12.0188,1,PASS,35,,n,wrath,LEMMA,,MASTER,0,0,0,,,,,0,0,0,ESDB_V0_4
9692,9874,yacht,-12.0188,1,PASS,35,,n_v,yacht,LEMMA,,MASTER,0,0,0,,,,,0,0,0,ESDB_V0_4
9693,9875,abuses,-12.0423,1,PASS,35,,n_v,abuse,FORM,,MASTER,0,1,0,buses,abuse,,,2,0,0,ESDB_V0_4
9694,9876,additions,-12.0423,1,PASS,35,,n,addition,FORM,,MASTER,0,1,0,,addition,,,1,0,0,ESDB_V0_4
9695,9877,agreeing,-12.0423,1,PASS,35,,v,agree,FORM,,MASTER,0,0,0,,,,,0,0,0,ESDB_V0_4
9696,9878,analysts,-12.0423,1,PASS,35,,n,analyst,FORM,,MASTER,0,1,0,,analyst,,,1,0,0,ESDB_V0_4
9697,9879,antibiotics,-12.0423,1,PASS,35,,n,antibiotic,FORM,,MASTER,0,1,0,,antibiotic,,,1,0,0,ESDB_V0_4
9698,9880,arbitration,-12.0423,1,PASS,35,,n,arbitration,LEMMA,,MASTER,0,0,0,,,,,0,0,0,ESDB_V0_4
9699,9881,atoms,-12.0423,1,PASS,35,,n,atom,FORM,,MASTER,0,1,0,,atom,,,1,0,0,ESDB_V0_4
9700,9882,auxiliary,-12.0423,1,PASS,35,,n;aj,auxiliary,LEMMA,,MASTER,0,0,0,,,,,0,0,0,ESDB_V0_4
9701,9883,bark,-12.0423,1,PASS,35,,n;v,bark,LEMMA,,MASTER,0,1,0,ark,bar,,,2,0,0,ESDB_V0_4
9702,9884,bats,-12.0423,1,PASS,35,,n_v;aj,bat;bats,FORM;LEMMA,,MASTER,0,1,0,,bat,,,1,0,0,ESDB_V0_4
9703,9885,behaviors,-12.0423,1,PASS,35,,n,behavior,FORM,,MASTER,0,1,0,,behavior,,,1,0,0,ESDB_V0_4
9704,9886,blaze,-12.0423,1,PASS,35,,n_v,blaze,LEMMA,,MASTER,0,0,0,,,,,0,0,0,ESDB_V0_4
9705,9887,boeing,-12.0423,0,NOT_EXACT_EN_US,,,,,,,REJECTED_AUTO,0,0,0,,,,,0,0,0,ESDB_V0_4
9706,9888,bot,-12.0423,0,SPECIAL_ONLY,50,50,n,bot,LEMMA,,REJECTED_AUTO,0,0,0,,,,,0,0,0,ESDB_V0_4
9707,9889,bred,-12.0423,1,PASS,35,,n_v,breed,FORM,,MASTER,0,1,0,red,,,,1,0,0,ESDB_V0_4
9708,9890,brighton,-12.0423,0,NOT_EXACT_EN_US,,,,,,,REJECTED_AUTO,0,0,0,,,,,0,0,0,ESDB_V0_4
9709,9891,buffer,-12.0423,1,PASS,35,,n_v,buffer,LEMMA,,MASTER,0,0,0,,,,,0,0,0,ESDB_V0_4
9710,9892,cheeks,-12.0423,1,PASS,35,,n_v,cheek,FORM,,MASTER,0,1,0,,cheek,,,1,0,0,ESDB_V0_4
9711,9893,cheering,-12.0423,1,PASS,35,,n_v;n;aj,cheer;cheering,FORM;LEMMA,,MASTER,0,0,0,,,,,0,0,0,ESDB_V0_4
9712,9894,cola,-12.0423,1,PASS,35,40,n,cola;colon,LEMMA;FORM,,MASTER,0,1,0,,col,,,1,0,0,ESDB_V0_4
9713,9895,coma,-12.0423,1,PASS,35,,n,coma,LEMMA,,MASTER,0,0,0,,,,,0,0,0,ESDB_V0_4
9714,9896,commenting,-12.0423,1,PASS,35,,n_v,comment,FORM,,MASTER,0,0,0,,,,,0,0,0,ESDB_V0_4
9715,9897,communicating,-12.0423,1,PASS,35,,v;n,communicate;communicating,FORM;LEMMA,,MASTER,0,0,0,,,,,0,0,0,ESDB_V0_4
9716,9898,connects,-12.0423,1,PASS,35,,v,connect,FORM,,MASTER,0,1,0,,connect,,,1,0,0,ESDB_V0_4
9717,9899,conquer,-12.0423,1,PASS,35,,v,conquer,LEMMA,,MASTER,0,0,0,,,,,0,0,0,ESDB_V0_4
9718,9900,constituted,-12.0423,1,PASS,35,,v;aj,constitute;constituted,FORM;LEMMA,,MASTER,0,1,0,,constitute,,,1,0,0,ESDB_V0_4
9719,9901,containers,-12.0423,1,PASS,35,,n,container,FORM,,MASTER,0,1,0,,container,,,1,0,0,ESDB_V0_4
9720,9902,decorative,-12.0423,1,PASS,35,,aj,decorative,LEMMA,,MASTER,0,0,0,,,,,0,0,0,ESDB_V0_4
9721,9903,devon,-12.0423,0,NOT_EXACT_EN_US,,,,,,,REJECTED_AUTO,0,0,0,,,,,0,0,0,ESDB_V0_4
9722,9904,devotion,-12.0423,1,PASS,35,,n,devotion,LEMMA,,MASTER,0,0,0,,,,,0,0,0,ESDB_V0_4
9723,9905,discourse,-12.0423,1,PASS,35,,n_v,discourse,LEMMA,,MASTER,0,0,0,,,,,0,0,0,ESDB_V0_4
9724,9906,disputed,-12.0423,1,PASS,35,,n_v;aj,dispute;disputed,FORM;LEMMA,,MASTER,0,1,0,,dispute,,,1,0,0,ESDB_V0_4
9725,9907,dolls,-12.0423,1,PASS,35,,n_v,doll,FORM,,MASTER,0,1,0,,doll,,,1,0,0,ESDB_V0_4
9726,9908,donna,-12.0423,0,NOT_EXACT_EN_US,,,,,,,REJECTED_AUTO,0,0,0,,,,,0,0,0,ESDB_V0_4
9727,9909,drowned,-12.0423,1,PASS,35,,v,drown,FORM,,MASTER,0,0,0,,,,,0,0,0,ESDB_V0_4
9728,9910,dunno,-12.0423,1,PASS,35,,s,dunno,LEMMA,,MASTER,0,0,0,,,,,0,0,0,ESDB_V0_4
9729,9911,eliminating,-12.0423,1,PASS,35,,v,eliminate,FORM,,MASTER,0,0,0,,,,,0,0,0,ESDB_V0_4
9730,9912,emphasize,-12.0423,1,PASS,35,,v,emphasize,LEMMA,,MASTER,0,1,1,,,,emphasized;emphasizes,0,2,2,ESDB_V0_4
9731,9913,entertain,-12.0423,1,PASS,35,,v,entertain,LEMMA,,MASTER,0,0,0,,,,,0,0,0,ESDB_V0_4
9732,9914,erosion,-12.0423,1,PASS,35,,n,erosion,LEMMA,,MASTER,0,0,0,,,,,0,0,0,ESDB_V0_4
9733,9915,establishments,-12.0423,1,PASS,35,,n,establishment,FORM,,MASTER,0,1,0,,establishment,,,1,0,0,ESDB_V0_4
9734,9916,expelled,-12.0423,1,PASS,35,,v,expel,FORM,,MASTER,0,0,0,,,,,0,0,0,ESDB_V0_4
9735,9917,exploded,-12.0423,1,PASS,35,,v;aj,explode;exploded,FORM;LEMMA,,MASTER,0,1,0,,explode,,,1,0,0,ESDB_V0_4
9736,9918,extinction,-12.0423,1,PASS,35,,n,extinction,LEMMA,,MASTER,0,0,0,,,,,0,0,0,ESDB_V0_4
9737,9919,fletcher,-12.0423,0,NOT_EXACT_EN_US,,,,,,,REJECTED_AUTO,0,0,0,,,,,0,0,0,ESDB_V0_4
9738,9920,flooded,-12.0423,1,PASS,35,,n_v;aj,flood;flooded,FORM;LEMMA,,MASTER,0,0,0,,,,,0,0,0,ESDB_V0_4
9739,9921,flora,-12.0423,1,PASS,35,50,n,flora,LEMMA,,MASTER,0,1,1,,,,floral,0,1,0,ESDB_V0_4
9740,9922,fries,-12.0423,1,PASS,35,,n;v,fries;fry,LEMMA;FORM,,MASTER,0,0,0,,,,,0,0,0,ESDB_V0_4
9741,9923,functionality,-12.0423,1,PASS,35,,n,functionality,LEMMA,,MASTER,0,0,0,,,,,0,0,0,ESDB_V0_4
9742,9924,globally,-12.0423,1,PASS,35,,av,globally,LEMMA,,MASTER,0,0,0,,,,,0,0,0,ESDB_V0_4
9743,9925,goose,-12.0423,1,PASS,35,,v;n,goose,LEMMA,,MASTER,0,0,0,,,,,0,0,0,ESDB_V0_4
9744,9926,greatness,-12.0423,1,PASS,35,,n,greatness,LEMMA,,MASTER,0,0,0,,,,,0,0,0,ESDB_V0_4
9745,9927,grinding,-12.0423,1,PASS,35,,n_v;n,grind;grinding,FORM;LEMMA,,MASTER,0,0,0,,,,,0,0,0,ESDB_V0_4
9746,9928,hacked,-12.0423,1,PASS,35,,n_v,hack,FORM,,MASTER,0,0,0,,,,,0,0,0,ESDB_V0_4
9747,9929,hank,-12.0423,0,CASE_FREQ_COLLISION,50,50,n,hank,LEMMA,,REJECTED_AUTO,0,0,0,,,,,0,0,0,ESDB_V0_4
9748,9930,hearted,-12.0423,1,PASS,60,,aj,hearted,LEMMA,,MASTER,0,0,0,,,,,0,0,0,ESDB_V0_4
9749,9931,hemisphere,-12.0423,1,PASS,35,,n,hemisphere,LEMMA,,MASTER,0,0,0,,,,,0,0,0,ESDB_V0_4
9750,9932,hormones,-12.0423,1,PASS,35,,n,hormone,FORM,,MASTER,0,1,0,,hormone,,,1,0,0,ESDB_V0_4
9751,9933,icons,-12.0423,1,PASS,35,,n,icon,FORM,,MASTER,0,1,0,cons,icon,,,2,0,0,ESDB_V0_4
9752,9934,identities,-12.0423,1,PASS,35,,n,identity,FORM,,MASTER,0,0,0,,,,,0,0,0,ESDB_V0_4
9753,9935,indications,-12.0423,1,PASS,35,,n,indication,FORM,,MASTER,0,1,0,,indication,,,1,0,0,ESDB_V0_4
9754,9936,infinity,-12.0423,1,PASS,35,,n,infinity,LEMMA,,MASTER,0,0,0,,,,,0,0,0,ESDB_V0_4
9755,9937,intends,-12.0423,1,PASS,35,,v,intend,FORM,,MASTER,0,1,0,,intend,,,1,0,0,ESDB_V0_4
9756,9938,intro,-12.0423,1,PASS,50,,n,intro,LEMMA,,MASTER,0,0,0,,,,,0,0,0,ESDB_V0_4
9757,9939,jenkins,-12.0423,0,NOT_EXACT_EN_US,,,,,,,REJECTED_AUTO,0,0,0,,,,,0,0,0,ESDB_V0_4
9758,9940,jun,-12.0423,0,NO_ESDB_GENERAL_EVIDENCE,,,,,,,REJECTED_AUTO,0,0,0,,,,,0,0,0,ESDB_V0_4
9759,9941,jung,-12.0423,0,NOT_EXACT_EN_US,,,,,,,REJECTED_AUTO,0,0,0,,,,,0,0,0,ESDB_V0_4
9760,9942,lambert,-12.0423,0,NOT_EXACT_EN_US,,,,,,,REJECTED_AUTO,0,0,0,,,,,0,0,0,ESDB_V0_4
9761,9943,landscapes,-12.0423,1,PASS,35,,n_v,landscape,FORM,,MASTER,0,1,0,,landscape,,,1,0,0,ESDB_V0_4
9762,9944,lifts,-12.0423,1,PASS,35,,n_v,lift,FORM,,MASTER,0,1,0,,lift,,,1,0,0,ESDB_V0_4
9763,9945,liz,-12.0423,0,NOT_EXACT_EN_US,,,,,,,REJECTED_AUTO,0,0,0,,,,,0,0,0,ESDB_V0_4
9764,9946,lopez,-12.0423,0,NOT_EXACT_EN_US,,,,,,,REJECTED_AUTO,0,0,0,,,,,0,0,0,ESDB_V0_4
9765,9948,malaysian,-12.0423,0,NOT_EXACT_EN_US,,,,,,,REJECTED_AUTO,0,0,0,,,,,0,0,0,ESDB_V0_4
9766,9949,manitoba,-12.0423,0,NOT_EXACT_EN_US,,,,,,,REJECTED_AUTO,0,0,0,,,,,0,0,0,ESDB_V0_4
9767,9950,marrying,-12.0423,1,PASS,35,,v,marry,FORM,,MASTER,0,0,0,,,,,0,0,0,ESDB_V0_4
9768,9951,mat,-12.0423,1,PASS,35,,n_v;aj,mat,LEMMA,,MASTER,0,1,1,at,ma,,mate;math;mats,2,3,1,ESDB_V0_4
9769,9952,mccarthy,-12.0423,0,NOT_EXACT_EN_US,,,,,,,REJECTED_AUTO,0,0,0,,,,,0,0,0,ESDB_V0_4
9770,9953,medicines,-12.0423,1,PASS,35,,n,medicine,FORM,,MASTER,0,1,0,,medicine,,,1,0,0,ESDB_V0_4
9771,9954,mohammed,-12.0423,0,NOT_EXACT_EN_US,,,,,,,REJECTED_AUTO,0,0,0,,,,,0,0,0,ESDB_V0_4
9772,9955,mumbai,-12.0423,0,NOT_EXACT_EN_US,,,,,,,REJECTED_AUTO,0,0,0,,,,,0,0,0,ESDB_V0_4
9773,9956,mvp,-12.0423,0,NOT_EXACT_EN_US,,,,,,,REJECTED_AUTO,0,0,0,,,,,0,0,0,ESDB_V0_4
9774,9957,naive,-12.0423,1,PASS,35,,aj,naive,LEMMA,,MASTER,0,0,0,,,,,0,0,0,ESDB_V0_4
9775,9958,neglected,-12.0423,1,PASS,35,,v;aj,neglect;neglected,FORM;LEMMA,,MASTER,0,0,0,,,,,0,0,0,ESDB_V0_4
9776,9959,neighbour,-12.0423,0,NOT_EXACT_EN_US,,,,,,,REJECTED_AUTO,0,0,0,,,,,0,0,0,ESDB_V0_4
9777,9960,nj,-12.0423,0,NOT_EXACT_EN_US,,,,,,,REJECTED_AUTO,0,0,0,,,,,0,0,0,ESDB_V0_4
9778,9961,offender,-12.0423,1,PASS,35,,n,offender,LEMMA,,MASTER,0,1,1,,,,offenders,0,1,1,ESDB_V0_4
9779,9962,ops,-12.0423,1,PASS,50,,n,op,FORM,,MASTER,0,1,1,,op,cops;tops;pops;oops;hops,,1,5,0,ESDB_V0_4
9780,9963,oriental,-12.0423,1,PASS,35,40,n;aj,oriental,LEMMA,,MASTER,0,0,0,,,,,0,0,0,ESDB_V0_4
9781,9964,ounce,-12.0423,1,PASS,35,,n,ounce,LEMMA,,MASTER,0,1,1,,,bounce,ounces,0,2,1,ESDB_V0_4
9782,9965,outs,-12.0423,1,PASS,35,,n_v,out,FORM,,MASTER,0,1,0,,out,,,1,0,0,ESDB_V0_4
9783,9966,overlooked,-12.0423,1,PASS,35,,n_v;aj,overlook;overlooked,FORM;LEMMA,,MASTER,0,0,0,,,,,0,0,0,ESDB_V0_4
9784,9967,participant,-12.0423,1,PASS,35,,n;a,participant,LEMMA,,MASTER,0,1,1,,,,participants,0,1,1,ESDB_V0_4
9785,9968,partition,-12.0423,1,PASS,35,,n_v,partition,LEMMA,,MASTER,0,0,0,,,,,0,0,0,ESDB_V0_4
9786,9969,patriotic,-12.0423,1,PASS,35,,aj,patriotic,LEMMA,,MASTER,0,0,0,,,,,0,0,0,ESDB_V0_4
9787,9970,petersburg,-12.0423,0,NOT_EXACT_EN_US,,,,,,,REJECTED_AUTO,0,0,0,,,,,0,0,0,ESDB_V0_4
9788,9971,phantom,-12.0423,1,PASS,35,,n;aj,phantom,LEMMA,,MASTER,0,0,0,,,,,0,0,0,ESDB_V0_4
9789,9972,phillip,-12.0423,0,NOT_EXACT_EN_US,,,,,,,REJECTED_AUTO,0,0,0,,,,,0,0,0,ESDB_V0_4
9790,9973,pins,-12.0423,1,PASS,35,,n_v,pin,FORM,,MASTER,0,1,1,ins,pin,spins,,2,1,0,ESDB_V0_4
9791,9974,plots,-12.0423,1,PASS,35,,n_v,plot,FORM,,MASTER,0,1,0,lots,plot,,,2,0,0,ESDB_V0_4
9792,9975,polo,-12.0423,1,PASS,35,50,n,polo,LEMMA,,MASTER,0,1,0,,pol,,,1,0,0,ESDB_V0_4
9793,9976,popped,-12.0423,1,PASS,35,,n_v,pop,FORM,,MASTER,0,0,0,,,,,0,0,0,ESDB_V0_4
9794,9977,precedent,-12.0423,1,PASS,35,,n;aj,precedent,LEMMA,,MASTER,0,0,0,,,,,0,0,0,ESDB_V0_4
9795,9978,premise,-12.0423,1,PASS,35,,n;v,premise,LEMMA,,MASTER,0,1,1,,,,premises,0,1,1,ESDB_V0_4
9796,9979,promotes,-12.0423,1,PASS,35,,v,promote,FORM,,MASTER,0,1,0,,promote,,,1,0,0,ESDB_V0_4
9797,9980,psychic,-12.0423,1,PASS,35,,n;aj,psychic,LEMMA,,MASTER,0,0,0,,,,,0,0,0,ESDB_V0_4
9798,9981,pumps,-12.0423,1,PASS,35,,n_v,pump,FORM,,MASTER,0,1,0,,pump,,,1,0,0,ESDB_V0_4
9799,9982,pyramid,-12.0423,1,PASS,35,,n_v,pyramid,LEMMA,,MASTER,0,1,1,,,,pyramids,0,1,1,ESDB_V0_4
9800,9983,questionable,-12.0423,1,PASS,35,,aj,questionable,LEMMA,,MASTER,0,0,0,,,,,0,0,0,ESDB_V0_4
9801,9984,quo,-12.0423,0,NO_ESDB_GENERAL_EVIDENCE,,,,,,,REJECTED_AUTO,0,0,0,,,,,0,0,0,ESDB_V0_4
9802,9985,radioactive,-12.0423,1,PASS,35,,aj,radioactive,LEMMA,,MASTER,0,0,0,,,,,0,0,0,ESDB_V0_4
9803,9986,realities,-12.0423,1,PASS,35,,n,reality,FORM,,MASTER,0,0,0,,,,,0,0,0,ESDB_V0_4
9804,9987,redemption,-12.0423,1,PASS,35,,n,redemption,LEMMA,,MASTER,0,0,0,,,,,0,0,0,ESDB_V0_4
9805,9988,sellers,-12.0423,1,PASS,35,50,n,seller,FORM,,MASTER,0,1,0,,seller,,,1,0,0,ESDB_V0_4
9806,9989,sh,-12.0423,1,PASS,40,,i,sh,LEMMA,,MASTER,0,1,1,,,ash,she;shy,0,3,0,ESDB_V0_4
9807,9990,shah,-12.0423,1,PASS,50,60,n,shah,LEMMA,,MASTER,0,0,0,,,,,0,0,0,ESDB_V0_4
9808,9991,shattered,-12.0423,1,PASS,35,,n_v;aj,shatter;shattered,FORM;LEMMA,,MASTER,0,0,0,,,,,0,0,0,ESDB_V0_4
9809,9992,shawn,-12.0423,0,NOT_EXACT_EN_US,,,,,,,REJECTED_AUTO,0,0,0,,,,,0,0,0,ESDB_V0_4
9810,9993,shrimp,-12.0423,1,PASS,35,,n;v,shrimp,LEMMA;FORM,,MASTER,0,0,0,,,,,0,0,0,ESDB_V0_4
9811,9994,soo,-12.0423,0,NOT_EXACT_EN_US,,,,,,,REJECTED_AUTO,0,0,0,,,,,0,0,0,ESDB_V0_4
9812,9995,southampton,-12.0423,0,NOT_EXACT_EN_US,,,,,,,REJECTED_AUTO,0,0,0,,,,,0,0,0,ESDB_V0_4
9813,9996,spells,-12.0423,1,PASS,35,,n_v,spell,FORM,,MASTER,0,1,0,,spell,,,1,0,0,ESDB_V0_4
9814,9997,summoned,-12.0423,1,PASS,35,,v,summon,FORM,,MASTER,0,0,0,,,,,0,0,0,ESDB_V0_4
9815,9998,supplements,-12.0423,1,PASS,35,,n_v,supplement,FORM,,MASTER,0,1,0,,supplement,,,1,0,0,ESDB_V0_4
9816,9999,sweeping,-12.0423,1,PASS,35,,n_v;n,sweep;sweeping,FORM;LEMMA,,MASTER,0,1,0,weeping,,,,1,0,0,ESDB_V0_4
9817,10000,swinging,-12.0423,1,PASS,35,,n_v;aj,swing;swinging,FORM;LEMMA,,MASTER,0,0,0,,,,,0,0,0,ESDB_V0_4
9818,10001,telescope,-12.0423,1,PASS,35,,n_v,telescope,LEMMA,,MASTER,0,0,0,,,,,0,0,0,ESDB_V0_4
9819,10002,temples,-12.0423,1,PASS,35,,n,temple,FORM,,MASTER,0,1,0,,temple,,,1,0,0,ESDB_V0_4
9820,10003,textile,-12.0423,1,PASS,35,,n;aj,textile,LEMMA,,MASTER,0,1,1,,,,textiles,0,1,1,ESDB_V0_4
9821,10004,thrones,-12.0423,1,PASS,35,,n,throne,FORM,,MASTER,0,1,0,,throne,,,1,0,0,ESDB_V0_4
9822,10005,timothy,-12.0423,0,CASE_FREQ_COLLISION,60,50,n,timothy,LEMMA,,REJECTED_AUTO,0,0,0,,,,,0,0,0,ESDB_V0_4
9823,10006,trout,-12.0423,1,PASS,35,,n,trout,LEMMA;FORM,,MASTER,0,0,0,,,,,0,0,0,ESDB_V0_4
9824,10007,trustees,-12.0423,1,PASS,35,,n,trustee,FORM,,MASTER,0,1,0,,trustee,,,1,0,0,ESDB_V0_4
9825,10008,understandable,-12.0423,1,PASS,35,,aj,understandable,LEMMA,,MASTER,0,0,0,,,,,0,0,0,ESDB_V0_4
9826,10009,unpleasant,-12.0423,1,PASS,35,,aj,unpleasant,LEMMA,,MASTER,0,0,0,,,,,0,0,0,ESDB_V0_4
9827,10010,unsure,-12.0423,1,PASS,35,,aj,unsure,LEMMA,,MASTER,0,0,0,,,,,0,0,0,ESDB_V0_4
9828,10011,ussr,-12.0423,0,NOT_EXACT_EN_US,,,,,,,REJECTED_AUTO,0,0,0,,,,,0,0,0,ESDB_V0_4
9829,10012,valuation,-12.0423,1,PASS,50,,n,valuation,LEMMA,,MASTER,0,1,1,,,evaluation,,0,1,0,ESDB_V0_4
9830,10013,vet,-12.0423,1,PASS,35,60,n_v;a,vet,LEMMA,,MASTER,0,1,1,,,,veto;vets,0,2,1,ESDB_V0_4
9831,10014,viii,-12.0423,0,NO_ESDB_GENERAL_EVIDENCE,,,,,,,REJECTED_AUTO,0,0,0,,,,,0,0,0,ESDB_V0_4
9832,10015,violate,-12.0423,1,PASS,35,,v,violate,LEMMA,,MASTER,0,1,1,,,,violated;violates,0,2,2,ESDB_V0_4
9833,10016,viruses,-12.0423,1,PASS,35,,n,virus,FORM,,MASTER,0,0,0,,,,,0,0,0,ESDB_V0_4
9834,10017,voluntarily,-12.0423,1,PASS,35,,av,voluntarily,LEMMA,,MASTER,0,0,0,,,,,0,0,0,ESDB_V0_4
9835,10018,woody,-12.0423,1,PASS,35,,n;aj,woody,LEMMA,,MASTER,0,1,0,,wood,,,1,0,0,ESDB_V0_4
9836,10019,zoom,-12.0423,1,PASS,35,,n_v,zoom,LEMMA,,MASTER,0,1,0,,zoo,,,1,0,0,ESDB_V0_4
9837,10020,abnormal,-12.0663,1,PASS,35,,aj,abnormal,LEMMA,,MASTER,0,0,0,,,,,0,0,0,ESDB_V0_4
9838,10021,almighty,-12.0663,1,PASS,35,50,aj,almighty,LEMMA,,MASTER,0,0,0,,,,,0,0,0,ESDB_V0_4
9839,10022,appropriately,-12.0663,1,PASS,35,,av,appropriately,LEMMA,,MASTER,0,0,0,,,,,0,0,0,ESDB_V0_4
9840,10023,ark,-12.0663,1,PASS,35,60,n,ark,LEMMA,,MASTER,0,1,1,,,park;dark;mark;bark,,0,4,0,ESDB_V0_4
9841,10024,asses,-12.0663,1,PASS,35,,n,ass,FORM,,MASTER,0,1,1,,,passes;masses,assess,0,3,0,ESDB_V0_4
9842,10025,assisting,-12.0663,1,PASS,35,,n_v,assist,FORM,,MASTER,0,0,0,,,,,0,0,0,ESDB_V0_4
9843,10026,atlas,-12.0663,1,PASS,35,50,n,atlas,LEMMA,,MASTER,0,0,0,,,,,0,0,0,ESDB_V0_4
9844,10027,attribute,-12.0663,1,PASS,35,,n_v,attribute,LEMMA,,MASTER,0,1,1,,,,attributed;attributes,0,2,2,ESDB_V0_4
9845,10028,averaged,-12.0663,1,PASS,35,,n_v,average,FORM,,MASTER,0,1,0,,average,,,1,0,0,ESDB_V0_4
9846,10029,awaiting,-12.0663,1,PASS,35,,v,await,FORM,,MASTER,0,1,0,waiting,,,,1,0,0,ESDB_V0_4
9847,10030,awe,-12.0663,1,PASS,35,,n;v,awe,LEMMA,,MASTER,0,1,0,we,aw,,,2,0,0,ESDB_V0_4
9848,10031,bash,-12.0663,1,PASS,35,,n_v,bash,LEMMA,,MASTER,0,1,0,ash,,,,1,0,0,ESDB_V0_4
9849,10032,basics,-12.0663,1,PASS,35,,n,basic,FORM,,MASTER,0,1,0,,basic,,,1,0,0,ESDB_V0_4
9850,10033,batting,-12.0663,1,PASS,35,,n_v;n,bat;batting,FORM;LEMMA,,MASTER,0,0,0,,,,,0,0,0,ESDB_V0_4
9851,10034,bind,-12.0663,1,PASS,35,,n_v,bind,LEMMA,,MASTER,0,1,1,,bin,,binds,1,1,1,ESDB_V0_4
9852,10035,biting,-12.0663,1,PASS,35,,n_v;aj,bite;biting,FORM;LEMMA,,MASTER,0,0,0,,,,,0,0,0,ESDB_V0_4
9853,10036,bodily,-12.0663,1,PASS,35,,aj_av,bodily,LEMMA,,MASTER,0,0,0,,,,,0,0,0,ESDB_V0_4
9854,10037,boiling,-12.0663,1,PASS,35,,n_v;n;av,boil;boiling,FORM;LEMMA,,MASTER,0,0,0,,,,,0,0,0,ESDB_V0_4
9855,10038,bosnia,-12.0663,0,NOT_EXACT_EN_US,,,,,,,REJECTED_AUTO,0,0,0,,,,,0,0,0,ESDB_V0_4
9856,10039,bubbles,-12.0663,1,PASS,35,,n_v,bubble,FORM,,MASTER,0,1,0,,bubble,,,1,0,0,ESDB_V0_4
9857,10041,carson,-12.0663,0,NOT_EXACT_EN_US,,,,,,,REJECTED_AUTO,0,0,0,,,,,0,0,0,ESDB_V0_4
9858,10042,cholesterol,-12.0663,1,PASS,35,,n,cholesterol,LEMMA,,MASTER,0,0,0,,,,,0,0,0,ESDB_V0_4
9859,10043,clara,-12.0663,0,NOT_EXACT_EN_US,,,,,,,REJECTED_AUTO,0,0,0,,,,,0,0,0,ESDB_V0_4
9860,10044,clinics,-12.0663,1,PASS,35,,n,clinic,FORM,,MASTER,0,1,0,,clinic,,,1,0,0,ESDB_V0_4
9861,10046,collaborative,-12.0663,1,PASS,35,,aj,collaborative,LEMMA,,MASTER,0,0,0,,,,,0,0,0,ESDB_V0_4
9862,10047,collectors,-12.0663,1,PASS,35,,n,collector,FORM,,MASTER,0,1,0,,collector,,,1,0,0,ESDB_V0_4
9863,10048,colorful,-12.0663,1,PASS,35,,aj,colorful,LEMMA,,MASTER,0,0,0,,,,,0,0,0,ESDB_V0_4
9864,10049,consulted,-12.0663,1,PASS,35,,v,consult,FORM,,MASTER,0,0,0,,,,,0,0,0,ESDB_V0_4
9865,10050,contingent,-12.0663,1,PASS,35,,n;aj,contingent,LEMMA,,MASTER,0,0,0,,,,,0,0,0,ESDB_V0_4
9866,10052,dana,-12.0663,0,NOT_EXACT_EN_US,,,,,,,REJECTED_AUTO,0,0,0,,,,,0,0,0,ESDB_V0_4
9867,10053,darren,-12.0663,0,NOT_EXACT_EN_US,,,,,,,REJECTED_AUTO,0,0,0,,,,,0,0,0,ESDB_V0_4
9868,10054,declares,-12.0663,1,PASS,35,,v,declare,FORM,,MASTER,0,1,0,,declare,,,1,0,0,ESDB_V0_4
9869,10055,demonstrating,-12.0663,1,PASS,35,,v,demonstrate,FORM,,MASTER,0,0,0,,,,,0,0,0,ESDB_V0_4
9870,10056,diminished,-12.0663,1,PASS,35,,v;aj,diminish;diminished,FORM;LEMMA,,MASTER,0,0,0,,,,,0,0,0,ESDB_V0_4
9871,10057,disadvantage,-12.0663,1,PASS,35,,n_v,disadvantage,LEMMA,,MASTER,0,1,1,,,,disadvantaged;disadvantages,0,2,2,ESDB_V0_4
9872,10058,dom,-12.0663,0,NOT_EXACT_EN_US,,,,,,,REJECTED_AUTO,0,0,0,,,,,0,0,0,ESDB_V0_4
9873,10059,domination,-12.0663,1,PASS,35,,n,domination,LEMMA,,MASTER,0,0,0,,,,,0,0,0,ESDB_V0_4
9874,10060,dominion,-12.0663,1,PASS,35,60,n,dominion,LEMMA,,MASTER,0,0,0,,,,,0,0,0,ESDB_V0_4
9875,10061,doomed,-12.0663,1,PASS,35,,v;n;aj,doom;doomed,FORM;LEMMA,,MASTER,0,0,0,,,,,0,0,0,ESDB_V0_4
9876,10062,dragging,-12.0663,1,PASS,35,,n_v;aj,drag;dragging,FORM;LEMMA,,MASTER,0,0,0,,,,,0,0,0,ESDB_V0_4
9877,10063,dubbed,-12.0663,1,PASS,35,,n_v,dub,FORM,,MASTER,0,0,0,,,,,0,0,0,ESDB_V0_4
9878,10064,ec,-12.0663,0,NOT_EXACT_EN_US,,,,,,,REJECTED_AUTO,0,0,0,,,,,0,0,0,ESDB_V0_4
9879,10065,enclosed,-12.0663,1,PASS,35,,v;aj,enclose;enclosed,FORM;LEMMA,,MASTER,0,0,0,,,,,0,0,0,ESDB_V0_4
9880,10066,encouragement,-12.0663,1,PASS,35,,n,encouragement,LEMMA,,MASTER,0,0,0,,,,,0,0,0,ESDB_V0_4
9881,10067,enlarged,-12.0663,1,PASS,35,,v;aj,enlarge;enlarged,FORM;LEMMA,,MASTER,0,1,0,,enlarge,,,1,0,0,ESDB_V0_4
9882,10068,equals,-12.0663,1,PASS,35,,n_v,equal,FORM,,MASTER,0,1,0,,equal,,,1,0,0,ESDB_V0_4
9883,10069,excel,-12.0663,1,PASS,35,,v,excel,LEMMA,,MASTER,0,0,0,,,,,0,0,0,ESDB_V0_4
9884,10070,exploited,-12.0663,1,PASS,35,,n_v;aj,exploit;exploited,FORM;LEMMA,,MASTER,0,0,0,,,,,0,0,0,ESDB_V0_4
9885,10071,feathers,-12.0663,1,PASS,35,,n_v,feather,FORM,,MASTER,0,1,0,,feather,,,1,0,0,ESDB_V0_4
9886,10072,forge,-12.0663,1,PASS,35,,n_v,forge,LEMMA,,MASTER,0,1,1,,,,forget;forged,0,2,1,ESDB_V0_4
9887,10073,forthcoming,-12.0663,1,PASS,35,,n,forthcoming,LEMMA,,MASTER,0,0,0,,,,,0,0,0,ESDB_V0_4
9888,10074,friction,-12.0663,1,PASS,35,,n,friction,LEMMA,,MASTER,0,0,0,,,,,0,0,0,ESDB_V0_4
9889,10075,fucks,-12.0663,1,PASS,40,,n_v,fuck,FORM,vulgar-1,MASTER,0,1,0,,fuck,,,1,0,0,ESDB_V0_4
9890,10076,fuels,-12.0663,1,PASS,35,,n_v,fuel,FORM,,MASTER,0,1,0,,fuel,,,1,0,0,ESDB_V0_4
9891,10077,fuller,-12.0663,1,PASS,35,50,aj_av;n,full;fuller,FORM;LEMMA,,MASTER,0,0,0,,,,,0,0,0,ESDB_V0_4
9892,10078,gamble,-12.0663,1,PASS,35,50,n_v,gamble,LEMMA,,MASTER,0,0,0,,,,,0,0,0,ESDB_V0_4
9893,10079,glue,-12.0663,1,PASS,35,,n_v,glue,LEMMA,,MASTER,0,1,1,,,,glued,0,1,1,ESDB_V0_4
9894,10080,greeks,-12.0663,0,NOT_EXACT_EN_US,,,,,,,REJECTED_AUTO,0,0,0,,,,,0,0,0,ESDB_V0_4
9895,10081,handing,-12.0663,1,PASS,35,,n_v,hand,FORM,,MASTER,0,0,0,,,,,0,0,0,ESDB_V0_4
9896,10082,headlines,-12.0663,1,PASS,35,,n_v,headline,FORM,,MASTER,0,1,0,,headline,,,1,0,0,ESDB_V0_4
9897,10083,healthier,-12.0663,1,PASS,35,,aj,healthy,FORM,,MASTER,0,0,0,,,,,0,0,0,ESDB_V0_4
9898,10085,iceland,-12.0663,0,NOT_EXACT_EN_US,,,,,,,REJECTED_AUTO,0,0,0,,,,,0,0,0,ESDB_V0_4
9899,10086,iconic,-12.0663,1,PASS,60,,aj,iconic,LEMMA,,MASTER,0,0,0,,,,,0,0,0,ESDB_V0_4
9900,10087,illustrations,-12.0663,1,PASS,35,,n,illustration,FORM,,MASTER,0,1,0,,illustration,,,1,0,0,ESDB_V0_4
9901,10088,impaired,-12.0663,1,PASS,35,,v;aj,impair;impaired,FORM;LEMMA,,MASTER,0,0,0,,,,,0,0,0,ESDB_V0_4
9902,10089,int,-12.0663,0,NO_ESDB_GENERAL_EVIDENCE,,,,,,,REJECTED_AUTO,0,0,0,,,,,0,0,0,ESDB_V0_4
9903,10090,invalid,-12.0663,1,PASS,35,,n_v;aj,invalid,LEMMA,,MASTER,0,0,0,,,,,0,0,0,ESDB_V0_4
9904,10091,inventor,-12.0663,1,PASS,35,,n,inventor,LEMMA,,MASTER,0,1,1,,,,inventory,0,1,0,ESDB_V0_4
9905,10092,jin,-12.0663,0,NOT_EXACT_EN_US,,,,,,,REJECTED_AUTO,0,0,0,,,,,0,0,0,ESDB_V0_4
9906,10094,kidnapping,-12.0663,1,PASS,35,,v;n,kidnap;kidnapping,FORM;LEMMA,,MASTER,0,0,0,,,,,0,0,0,ESDB_V0_4
9907,10095,lateral,-12.0663,1,PASS,35,,n_v;aj,lateral,LEMMA,,MASTER,0,0,0,,,,,0,0,0,ESDB_V0_4
9908,10096,legitimacy,-12.0663,1,PASS,35,,n,legitimacy,LEMMA,,MASTER,0,0,0,,,,,0,0,0,ESDB_V0_4
9909,10097,lindsay,-12.0663,0,NOT_EXACT_EN_US,,,,,,,REJECTED_AUTO,0,0,0,,,,,0,0,0,ESDB_V0_4
9910,10098,luggage,-12.0663,1,PASS,35,,n,luggage,LEMMA,,MASTER,0,0,0,,,,,0,0,0,ESDB_V0_4
9911,10099,mafia,-12.0663,0,CASE_FREQ_COLLISION,60,40,n,mafia,LEMMA,,REJECTED_AUTO,0,0,0,,,,,0,0,0,ESDB_V0_4
9912,10100,maggie,-12.0663,0,NOT_EXACT_EN_US,,,,,,,REJECTED_AUTO,0,0,0,,,,,0,0,0,ESDB_V0_4
9913,10101,merits,-12.0663,1,PASS,35,,n_v,merit,FORM,,MASTER,0,1,0,,merit,,,1,0,0,ESDB_V0_4
9914,10102,midfielder,-12.0663,1,PASS,60,,n,midfielder,LEMMA,,MASTER,0,0,0,,,,,0,0,0,ESDB_V0_4
9915,10103,ml,-12.0663,0,NO_ESDB_GENERAL_EVIDENCE,,,,,,,REJECTED_AUTO,0,0,0,,,,,0,0,0,ESDB_V0_4
9916,10104,mod,-12.0663,1,PASS,35,60,n;aj,mod,LEMMA,,MASTER,0,1,1,,,,mode;modi,0,2,0,ESDB_V0_4
9917,10106,motto,-12.0663,1,PASS,35,,n,motto,LEMMA,,MASTER,0,0,0,,,,,0,0,0,ESDB_V0_4
9918,10107,naughty,-12.0663,1,PASS,35,,aj,naughty,LEMMA,,MASTER,0,0,0,,,,,0,0,0,ESDB_V0_4
9919,10108,necklace,-12.0663,1,PASS,35,,n,necklace,LEMMA,,MASTER,0,0,0,,,,,0,0,0,ESDB_V0_4
9920,10109,nicolas,-12.0663,0,NOT_EXACT_EN_US,,,,,,,REJECTED_AUTO,0,0,0,,,,,0,0,0,ESDB_V0_4
9921,10110,nineteenth,-12.0663,1,PASS,35,,n,nineteenth,LEMMA,,MASTER,0,0,0,,,,,0,0,0,ESDB_V0_4
9922,10111,nm,-12.0663,0,NOT_EXACT_EN_US,,,,,,,REJECTED_AUTO,0,0,0,,,,,0,0,0,ESDB_V0_4
9923,10112,noises,-12.0663,1,PASS,35,,n_v,noise,FORM,,MASTER,0,1,0,,noise,,,1,0,0,ESDB_V0_4
9924,10113,oakland,-12.0663,0,NOT_EXACT_EN_US,,,,,,,REJECTED_AUTO,0,0,0,,,,,0,0,0,ESDB_V0_4
9925,10114,oceans,-12.0663,1,PASS,35,,n,ocean,FORM,,MASTER,0,1,0,,ocean,,,1,0,0,ESDB_V0_4
9926,10115,omar,-12.0663,0,NOT_EXACT_EN_US,,,,,,,REJECTED_AUTO,0,0,0,,,,,0,0,0,ESDB_V0_4
9927,10116,onset,-12.0663,1,PASS,35,,n,onset,LEMMA,,MASTER,0,0,0,,,,,0,0,0,ESDB_V0_4
9928,10117,organism,-12.0663,1,PASS,35,,n,organism,LEMMA,,MASTER,0,1,1,,,,organisms,0,1,1,ESDB_V0_4
9929,10118,packet,-12.0663,1,PASS,35,,n,packet,LEMMA,,MASTER,0,1,1,,,,packets,0,1,1,ESDB_V0_4
9930,10119,parody,-12.0663,1,PASS,35,,n_v,parody,LEMMA,,MASTER,0,0,0,,,,,0,0,0,ESDB_V0_4
9931,10120,penn,-12.0663,0,NOT_EXACT_EN_US,,,,,,,REJECTED_AUTO,0,0,0,,,,,0,0,0,ESDB_V0_4
9932,10121,performer,-12.0663,1,PASS,35,,n,performer,LEMMA,,MASTER,0,1,1,,,,performers,0,1,1,ESDB_V0_4
9933,10122,periodic,-12.0663,1,PASS,35,,aj,periodic,LEMMA,,MASTER,0,0,0,,,,,0,0,0,ESDB_V0_4
9934,10123,philippe,-12.0663,0,NOT_EXACT_EN_US,,,,,,,REJECTED_AUTO,0,0,0,,,,,0,0,0,ESDB_V0_4
9935,10124,pickup,-12.0663,1,PASS,35,,n;a,pickup,LEMMA,,MASTER,0,0,0,,,,,0,0,0,ESDB_V0_4
9936,10125,pitt,-12.0663,0,NOT_EXACT_EN_US,,,,,,,REJECTED_AUTO,0,0,0,,,,,0,0,0,ESDB_V0_4
9937,10126,pl,-12.0663,0,NO_ESDB_GENERAL_EVIDENCE,,,,,,,REJECTED_AUTO,0,0,0,,,,,0,0,0,ESDB_V0_4
9938,10127,playground,-12.0663,1,PASS,35,,n,playground,LEMMA,,MASTER,0,0,0,,,,,0,0,0,ESDB_V0_4
9939,10128,poses,-12.0663,1,PASS,35,,n_v,pose,FORM,,MASTER,0,1,0,,pose,,,1,0,0,ESDB_V0_4
9940,10129,prairie,-12.0663,1,PASS,35,,n,prairie,LEMMA,,MASTER,0,0,0,,,,,0,0,0,ESDB_V0_4
9941,10130,preach,-12.0663,1,PASS,35,,v,preach,LEMMA,,MASTER,0,1,0,reach,,,,1,0,0,ESDB_V0_4
9942,10131,preserving,-12.0663,1,PASS,35,,n_v,preserve,FORM,,MASTER,0,0,0,,,,,0,0,0,ESDB_V0_4
9943,10132,prestige,-12.0663,1,PASS,35,,n;a,prestige,LEMMA,,MASTER,0,0,0,,,,,0,0,0,ESDB_V0_4
9944,10133,prom,-12.0663,1,PASS,35,,n,prom,LEMMA,,MASTER,0,1,1,,pro,,promo,1,1,0,ESDB_V0_4
9945,10134,pumped,-12.0663,1,PASS,35,,n_v;aj,pump;pumped,FORM;LEMMA,,MASTER,0,0,0,,,,,0,0,0,ESDB_V0_4
9946,10135,qatar,-12.0663,0,NOT_EXACT_EN_US,,,,,,,REJECTED_AUTO,0,0,0,,,,,0,0,0,ESDB_V0_4
9947,10136,regain,-12.0663,1,PASS,35,,v,regain,LEMMA,,MASTER,0,0,0,,,,,0,0,0,ESDB_V0_4
9948,10137,relieve,-12.0663,1,PASS,35,,v,relieve,LEMMA,,MASTER,0,1,1,,,,relieved,0,1,1,ESDB_V0_4
9949,10138,requesting,-12.0663,1,PASS,35,,n_v,request,FORM,,MASTER,0,0,0,,,,,0,0,0,ESDB_V0_4
9950,10139,restructuring,-12.0663,1,PASS,35,,v;n,restructure;restructuring,FORM;LEMMA,,MASTER,0,0,0,,,,,0,0,0,ESDB_V0_4
9951,10140,retiring,-12.0663,1,PASS,35,,v;aj,retire;retiring,FORM;LEMMA,,MASTER,0,0,0,,,,,0,0,0,ESDB_V0_4
9952,10141,sage,-12.0663,1,PASS,35,,n;aj,sage,LEMMA,,MASTER,0,1,1,age,,usage,,1,1,0,ESDB_V0_4
9953,10142,sanchez,-12.0663,0,NOT_EXACT_EN_US,,,,,,,REJECTED_AUTO,0,0,0,,,,,0,0,0,ESDB_V0_4
9954,10143,scouts,-12.0663,1,PASS,35,,n_v,scout,FORM,,MASTER,0,1,0,,scout,,,1,0,0,ESDB_V0_4
9955,10144,sf,-12.0663,0,NO_ESDB_GENERAL_EVIDENCE,,,,,,,REJECTED_AUTO,0,0,0,,,,,0,0,0,ESDB_V0_4
9956,10145,silva,-12.0663,0,NOT_EXACT_EN_US,,,,,,,REJECTED_AUTO,0,0,0,,,,,0,0,0,ESDB_V0_4
9957,10146,skype,-12.0663,0,NOT_EXACT_EN_US,,,,,,,REJECTED_AUTO,0,0,0,,,,,0,0,0,ESDB_V0_4
9958,10147,sociology,-12.0663,1,PASS,35,,n,sociology,LEMMA,,MASTER,0,0,0,,,,,0,0,0,ESDB_V0_4
9959,10148,sorrow,-12.0663,1,PASS,35,,n_v,sorrow,LEMMA,,MASTER,0,1,1,,,,sorrows,0,1,1,ESDB_V0_4
9960,10149,spatial,-12.0663,1,PASS,35,,aj,spatial,LEMMA,,MASTER,0,0,0,,,,,0,0,0,ESDB_V0_4
9961,10150,spiders,-12.0663,1,PASS,35,,n,spider,FORM,,MASTER,0,1,0,,spider,,,1,0,0,ESDB_V0_4
9962,10151,spinal,-12.0663,1,PASS,35,,n;aj,spinal,LEMMA,,MASTER,0,0,0,,,,,0,0,0,ESDB_V0_4
9963,10152,swords,-12.0663,1,PASS,35,,n,sword,FORM,,MASTER,0,1,0,words,sword,,,2,0,0,ESDB_V0_4
9964,10153,sympathetic,-12.0663,1,PASS,35,,aj,sympathetic,LEMMA,,MASTER,0,0,0,,,,,0,0,0,ESDB_V0_4
9965,10154,tattoos,-12.0663,1,PASS,35,,n_v,tattoo,FORM,,MASTER,0,1,0,,tattoo,,,1,0,0,ESDB_V0_4
9966,10155,taxpayers,-12.0663,1,PASS,35,,n,taxpayer,FORM,,MASTER,0,1,0,,taxpayer,,,1,0,0,ESDB_V0_4
9967,10156,tearing,-12.0663,1,PASS,35,,v;n;aj,tear;tearing,FORM;LEMMA,,MASTER,0,0,0,,,,,0,0,0,ESDB_V0_4
9968,10157,thoughtful,-12.0663,1,PASS,35,,aj,thoughtful,LEMMA,,MASTER,0,0,0,,,,,0,0,0,ESDB_V0_4
9969,10158,thriller,-12.0663,1,PASS,35,,n,thriller,LEMMA,,MASTER,0,0,0,,,,,0,0,0,ESDB_V0_4
9970,10159,torch,-12.0663,1,PASS,35,,n_v,torch,LEMMA,,MASTER,0,0,0,,,,,0,0,0,ESDB_V0_4
9971,10160,travelers,-12.0663,1,PASS,35,,n,traveler,FORM,,MASTER,0,1,0,,traveler,,,1,0,0,ESDB_V0_4
9972,10161,tu,-12.0663,0,NOT_EXACT_EN_US,,,,,,,REJECTED_AUTO,0,0,0,,,,,0,0,0,ESDB_V0_4
9973,10162,tumblr,-12.0663,0,NOT_EXACT_EN_US,,,,,,,REJECTED_AUTO,0,0,0,,,,,0,0,0,ESDB_V0_4
9974,10163,tuned,-12.0663,1,PASS,35,,n_v,tune,FORM,,MASTER,0,1,0,,tune,,,1,0,0,ESDB_V0_4
9975,10164,updating,-12.0663,1,PASS,35,,n_v;n,update;updating,FORM;LEMMA,,MASTER,0,0,0,,,,,0,0,0,ESDB_V0_4
9976,10165,uruguay,-12.0663,0,NOT_EXACT_EN_US,,,,,,,REJECTED_AUTO,0,0,0,,,,,0,0,0,ESDB_V0_4
9977,10166,vine,-12.0663,1,PASS,35,,n,vine,LEMMA,,MASTER,0,1,1,,,,vines,0,1,1,ESDB_V0_4
9978,10167,visibility,-12.0663,1,PASS,35,,n,visibility,LEMMA,,MASTER,0,0,0,,,,,0,0,0,ESDB_V0_4
9979,10168,visions,-12.0663,1,PASS,35,,n_v,vision,FORM,,MASTER,0,1,0,,vision,,,1,0,0,ESDB_V0_4
9980,10169,warmer,-12.0663,1,PASS,35,,aj_av;n,warm;warmer,FORM;LEMMA,,MASTER,0,0,0,,,,,0,0,0,ESDB_V0_4
9981,10170,webb,-12.0663,0,NOT_EXACT_EN_US,,,,,,,REJECTED_AUTO,0,0,0,,,,,0,0,0,ESDB_V0_4
9982,10171,activation,-12.0892,1,PASS,40,,n,activation,LEMMA,,MASTER,0,0,0,,,,,0,0,0,ESDB_V0_4
9983,10172,allison,-12.0892,0,NOT_EXACT_EN_US,,,,,,,REJECTED_AUTO,0,0,0,,,,,0,0,0,ESDB_V0_4
9984,10173,amnesty,-12.0892,1,PASS,35,,n_v,amnesty,LEMMA,,MASTER,0,0,0,,,,,0,0,0,ESDB_V0_4
9985,10174,amusing,-12.0892,1,PASS,35,,v;aj,amuse;amusing,FORM;LEMMA,,MASTER,0,0,0,,,,,0,0,0,ESDB_V0_4
9986,10175,armour,-12.0892,0,NOT_EXACT_EN_US,,,,,,,REJECTED_AUTO,0,0,0,,,,,0,0,0,ESDB_V0_4
9987,10176,arrests,-12.0892,1,PASS,35,,n_v,arrest,FORM,,MASTER,0,1,0,,arrest,,,1,0,0,ESDB_V0_4
9988,10177,asthma,-12.0892,1,PASS,35,,n,asthma,LEMMA,,MASTER,0,0,0,,,,,0,0,0,ESDB_V0_4
9989,10178,bb,-12.0892,0,NOT_EXACT_EN_US,,,,,,,REJECTED_AUTO,0,0,0,,,,,0,0,0,ESDB_V0_4
9990,10179,believers,-12.0892,1,PASS,35,,n,believer,FORM,,MASTER,0,1,0,,believer,,,1,0,0,ESDB_V0_4
9991,10180,bon,-12.0892,0,NOT_EXACT_EN_US,,,,,,,REJECTED_AUTO,0,0,0,,,,,0,0,0,ESDB_V0_4
9992,10181,brace,-12.0892,1,PASS,35,,n_v;n,brace,LEMMA;FORM,,MASTER,0,1,1,race,,,braces,1,1,1,ESDB_V0_4
9993,10182,broadband,-12.0892,1,PASS,50,,n;aj,broadband,LEMMA,,MASTER,0,0,0,,,,,0,0,0,ESDB_V0_4
9994,10183,broadcaster,-12.0892,1,PASS,40,,n,broadcaster,LEMMA,,MASTER,0,1,1,,,,broadcasters,0,1,1,ESDB_V0_4
9995,10184,broncos,-12.0892,1,PASS,35,,n,bronco,FORM,,MASTER,0,0,0,,,,,0,0,0,ESDB_V0_4
9996,10185,buenos,-12.0892,0,NOT_EXACT_EN_US,,,,,,,REJECTED_AUTO,0,0,0,,,,,0,0,0,ESDB_V0_4
9997,10186,builders,-12.0892,1,PASS,35,,n,builder,FORM,,MASTER,0,1,0,,builder,,,1,0,0,ESDB_V0_4
9998,10187,bypass,-12.0892,1,PASS,35,,n_v,bypass,LEMMA,,MASTER,0,0,0,,,,,0,0,0,ESDB_V0_4
9999,10188,casa,-12.0892,1,PASS,60,,n,casa,LEMMA,,MASTER,0,0,0,,,,,0,0,0,ESDB_V0_4
10000,10189,chickens,-12.0892,1,PASS,35,,n_v,chicken,FORM,,MASTER,0,1,0,,chicken,,,1,0,0,ESDB_V0_4