alpha_rank,source_rank,word,log_frequency,esdb_admit,reject_reason,esdb_size,proper_size,pos,lemmas,evidence_kinds,usage,teaching_mode,target500,stage0_graph_member,stage0_seed_candidate,parent_L,parent_R,children_L,children_R,in_degree,out_degree,morph_out_degree,data_status
1,1,the,-2.8319,1,PASS,35,,d,the,LEMMA,,CORE,1,1,1,he,,,they;them;then;thee,1,4,0,ESDB_V0_4
2,2,of,-3.5684,1,PASS,35,,pp,of,LEMMA,,CORE,1,1,1,,,,off,0,1,0,ESDB_V0_4
3,3,to,-3.5936,1,PASS,35,,pp,to,LEMMA,,CORE,1,1,1,,,,too;top;toy;ton;toe;tow;tor,0,7,0,ESDB_V0_4
4,4,and,-3.6613,1,PASS,35,,c,and,LEMMA,,CORE,1,1,1,,an,hand;land;band;sand;wand,,1,5,0,ESDB_V0_4
5,5,a,-3.7766,1,PASS,35,40,d,a,LEMMA,,CORE,1,1,1,,,ha;ya;ma;pa;fa,as;at;an;am;ah;ad;aw;ax,0,13,0,ESDB_V0_4
6,6,in,-3.9373,1,PASS,35,40,n;aj_av;pp,in,LEMMA,,CORE,1,1,1,,i,win;sin;pin;bin;tin;din;fin;gin;kin;yin,ink;inn;ins,1,13,1,ESDB_V0_4
7,7,i,-4.3505,1,PASS,35,35,pn;n;aj,i,LEMMA,,CORE,1,1,1,,,hi;xi;pi,in;is;it;if;id,0,8,0,ESDB_V0_4
8,8,is,-4.4654,1,PASS,35,,v,be,FORM,,CORE,1,1,1,,i,his;dis;sis;bis,,1,4,0,ESDB_V0_4
9,9,that,-4.5564,1,PASS,35,,av;c;d,that,LEMMA,,CORE,1,1,0,hat,,,,1,0,0,ESDB_V0_4
10,10,for,-4.5854,1,PASS,35,,av;pp,for,LEMMA,,CORE,1,1,1,or,,,form;ford;fort;fork;fore,1,5,0,ESDB_V0_4
11,11,you,-4.6284,1,PASS,35,,pn,you,LEMMA;FORM,,CORE,1,1,1,,yo,,your,1,1,1,ESDB_V0_4
12,12,it,-4.6973,1,PASS,35,60,pn,it,LEMMA;FORM,,CORE,1,1,1,,i,hit;bit;sit;fit;kit;pit;lit;wit;tit,its,1,10,1,ESDB_V0_4
13,13,on,-4.7891,1,PASS,35,60,aj_av;pp,on,LEMMA,,CORE,1,1,1,,,son;won;don;con;ton;ion;hon,one,0,8,0,ESDB_V0_4
14,15,with,-4.9505,1,PASS,35,,pp,with,LEMMA,,CORE,1,1,0,,wit,,,1,0,0,ESDB_V0_4
15,16,was,-4.9733,1,PASS,35,,v,be,FORM,,CORE,1,1,1,as,,,wash;wasp,1,2,0,ESDB_V0_4
16,17,be,-5.0656,1,PASS,35,60,v,be,LEMMA,,CORE,1,1,1,,,,bed;bet;bee;beg;bey,0,5,0,ESDB_V0_4
17,18,this,-5.0656,1,PASS,35,,av;d,this,LEMMA,,CORE,1,1,0,his,,,,1,0,0,ESDB_V0_4
18,19,as,-5.0881,1,PASS,35,50,av;c;pp,as,LEMMA,,CORE,1,1,1,,a,was;has;gas;pas;mas,ask;ass;ash,1,8,0,ESDB_V0_4
19,20,are,-5.203,1,PASS,35,,n;v,are;be,LEMMA;FORM,,CORE,1,1,1,re,,care;rare;dare;bare;fare;hare;mare;ware,area,1,9,0,ESDB_V0_4
20,21,not,-5.2726,1,PASS,35,,av,not,LEMMA,,CORE,1,1,1,,no,knot,note,1,2,0,ESDB_V0_4
21,22,have,-5.2963,1,PASS,35,,n;v,have,LEMMA,,CORE,1,1,1,,,shave,haven,0,2,0,ESDB_V0_4
22,23,at,-5.3185,1,PASS,35,60,av;pp,at,LEMMA,,CORE,1,1,1,,a,eat;fat;cat;sat;hat;bat;pat;rat;mat;vat;tat,ate,1,12,0,ESDB_V0_4
23,24,he,-5.3185,1,PASS,35,50,pn,he,LEMMA,,CORE,1,1,1,,,the;she,her;hey;hen,0,5,0,ESDB_V0_4
24,25,by,-5.3412,1,PASS,35,,n;av;pp,by,LEMMA,,CORE,1,1,1,,,,bye,0,1,0,ESDB_V0_4
25,26,from,-5.4561,1,PASS,35,,pp,from,LEMMA,,CORE,1,1,0,,fro,,,1,0,0,ESDB_V0_4
26,27,but,-5.4798,1,PASS,35,,c,but,LEMMA,,CORE,1,1,1,,,,butt,0,1,0,ESDB_V0_4
27,29,my,-5.6185,1,PASS,35,,pn;i,i;my,FORM;LEMMA,,CORE,1,0,0,,,,,0,0,0,ESDB_V0_4
28,30,an,-5.6408,1,PASS,35,,d,an,LEMMA,,CORE,1,1,1,,a,can;man;ran;fan;van;ban;pan;tan;wan,and;any;ant,1,12,0,ESDB_V0_4
29,31,or,-5.6636,1,PASS,35,35,c,or,LEMMA,,CORE,1,1,1,,,for;nor;tor,ore,0,4,0,ESDB_V0_4
30,32,all,-5.7108,1,PASS,35,,av;d,all,LEMMA,,CORE,1,1,1,,,call;fall;ball;wall;hall;tall;mall;gall,ally,0,9,0,ESDB_V0_4
31,33,his,-5.7108,1,PASS,35,,pn,he,FORM,,CORE,1,1,1,is,hi,this,,2,1,0,ESDB_V0_4
32,34,me,-5.7108,1,PASS,35,50,pn,i,FORM,,CORE,1,1,1,,,,men;met;meg,0,3,0,ESDB_V0_4
33,35,they,-5.7322,1,PASS,35,,pn,they,LEMMA;FORM,,CORE,1,1,0,hey,the,,,2,0,0,ESDB_V0_4
34,36,so,-5.7572,1,PASS,35,50,av;c;n,so,LEMMA,,CORE,1,1,1,,,,son;soy;sow,0,3,0,ESDB_V0_4
35,37,we,-5.7572,1,PASS,35,,pn,we,LEMMA,,CORE,1,1,1,,,owe;awe,web;wet;wee;wed;wen,0,7,0,ESDB_V0_4
36,38,one,-5.8025,1,PASS,35,,n;pn,one,LEMMA,,CORE,1,1,1,,on,done;gone;none;zone;tone;bone;lone;cone,ones,1,9,1,ESDB_V0_4
37,39,your,-5.8025,1,PASS,35,,pn,you,FORM,,CORE,1,1,1,our,you,,yours,2,1,0,ESDB_V0_4
38,40,if,-5.826,1,PASS,35,,n;c,if,LEMMA,,CORE,1,1,1,,i,,ifs,1,1,1,ESDB_V0_4
39,41,can,-5.871,1,PASS,35,60,n;v,can,LEMMA;FORM,,CORE,1,1,1,an,,scan,cant;cane;cans,1,4,1,ESDB_V0_4
40,42,will,-5.871,1,PASS,35,50,n_v;v,will,LEMMA;FORM,,CORE,1,1,1,ill,,,wills,1,1,1,ESDB_V0_4
41,43,just,-5.9638,1,PASS,35,,aj_av,just,LEMMA,,CORE,1,0,0,,,,,0,0,0,ESDB_V0_4
42,44,like,-6.0117,1,PASS,35,,n_v;aj_av;c;pp;i,like,LEMMA,,CORE,1,1,1,,,alike,liked;likes,0,3,2,ESDB_V0_4
43,45,about,-6.0323,1,PASS,35,,aj_av;pp,about,LEMMA,,CORE,1,1,0,bout,,,,1,0,0,ESDB_V0_4
44,46,up,-6.0323,1,PASS,35,,n_v;aj_av;pp,up,LEMMA;FORM,,CORE,1,1,1,,,cup;yup;pup;sup,ups,0,5,1,ESDB_V0_4
45,47,what,-6.0323,1,PASS,35,,d;i,what,LEMMA,,CORE,1,1,0,hat,,,,1,0,0,ESDB_V0_4
46,48,do,-6.0576,1,PASS,35,,n;v,do,LEMMA,,CORE,1,1,1,,,,dog;don;doc;dot;dos;doe,0,6,1,ESDB_V0_4
47,49,has,-6.0576,1,PASS,35,,v,have,FORM,,CORE,1,1,1,as,ha,,hash,2,1,0,ESDB_V0_4
48,50,were,-6.0576,1,PASS,35,,v,be,FORM,,CORE,1,0,0,,,,,0,0,0,ESDB_V0_4
49,51,no,-6.0792,1,PASS,35,60,av;d,no,LEMMA,,CORE,1,1,1,,,,not;now;nor;nod,0,4,0,ESDB_V0_4
50,52,out,-6.0792,1,PASS,35,,n_v;aj_av;pp;i,out,LEMMA,,CORE,1,1,1,,,bout;tout,outs,0,3,1,ESDB_V0_4
51,53,when,-6.0792,1,PASS,35,,n;av;c,when,LEMMA,,CORE,1,1,0,hen,,,,1,0,0,ESDB_V0_4
52,54,more,-6.1013,1,PASS,35,50,av;d,many,FORM,,CORE,1,1,0,ore,,,,1,0,0,ESDB_V0_4
53,55,who,-6.1013,1,PASS,35,50,pn,who,LEMMA,,CORE,1,1,1,ho,,,whom;whoa,1,2,1,ESDB_V0_4
54,56,had,-6.1239,1,PASS,35,,v,have,FORM,,CORE,1,1,0,ad,ha,,,2,0,0,ESDB_V0_4
55,57,their,-6.1239,1,PASS,35,,pn,they,FORM,,CORE,1,1,1,heir,,,theirs,1,1,0,ESDB_V0_4
56,58,which,-6.1239,1,PASS,35,,d,which,LEMMA,,CORE,1,0,0,,,,,0,0,0,ESDB_V0_4
57,59,there,-6.1469,1,PASS,35,,n;av,there,LEMMA,,CORE,1,1,0,here,,,,1,0,0,ESDB_V0_4
58,60,been,-6.2607,1,PASS,35,,v,be,FORM,,CORE,1,1,0,,bee,,,1,0,0,ESDB_V0_4
59,61,her,-6.2607,1,PASS,35,,pn,she,FORM,,CORE,1,1,1,,he,,here;hero;hers;herd;herb,1,5,0,ESDB_V0_4
60,62,time,-6.2607,1,PASS,35,,n_v;a,time,LEMMA,,CORE,1,1,1,,,,times;timed;timer,0,3,2,ESDB_V0_4
61,64,would,-6.2872,1,PASS,35,,v;n,will;would,FORM;LEMMA,,CORE,1,0,0,,,,,0,0,0,ESDB_V0_4
62,65,get,-6.3089,1,PASS,35,,n_v,get,LEMMA,,CORE,1,1,1,,,,gets,0,1,1,ESDB_V0_4
63,67,new,-6.3311,1,PASS,35,,n;aj_av,new,LEMMA,,CORE,1,1,1,,,knew;anew,news,0,3,0,ESDB_V0_4
64,69,she,-6.3539,1,PASS,35,,pn,she,LEMMA,,CORE,1,1,1,he,sh,,shed,2,1,0,ESDB_V0_4
65,70,people,-6.3771,1,PASS,35,,v;n,people;person,LEMMA;FORM,,CORE,1,1,1,,,,peoples,0,1,1,ESDB_V0_4
66,72,its,-6.4253,1,PASS,35,,pn,it,FORM,,CORE,1,1,1,,it,hits;fits;bits;sits;tits;kits;pits;wits,,1,8,0,ESDB_V0_4
67,73,also,-6.4503,1,PASS,35,,av,also,LEMMA,,CORE,1,0,0,,,,,0,0,0,ESDB_V0_4
68,74,how,-6.4503,1,PASS,35,,n;a;c,how,LEMMA,,CORE,1,1,1,ow,ho,show;chow,,2,2,0,ESDB_V0_4
69,75,some,-6.4695,1,PASS,35,,d,some,LEMMA,,CORE,1,0,0,,,,,0,0,0,ESDB_V0_4
70,76,them,-6.4695,1,PASS,35,,pn,they,FORM,,CORE,1,1,1,,the,,theme,1,1,0,ESDB_V0_4
71,77,now,-6.4956,1,PASS,35,50,n;av;c,now,LEMMA,,CORE,1,1,1,ow,no,know;snow,,2,2,0,ESDB_V0_4
72,78,other,-6.4956,1,PASS,35,,aj;pn,other,LEMMA,,CORE,1,1,1,,,mother;bother,others,0,3,1,ESDB_V0_4
73,79,only,-6.5857,1,PASS,35,,aj_av;c,only,LEMMA,,CORE,1,0,0,,,,,0,0,0,ESDB_V0_4
74,80,than,-6.5857,1,PASS,35,,c;pp,than,LEMMA,,CORE,1,1,1,,,,thank,0,1,0,ESDB_V0_4
75,81,first,-6.6077,1,PASS,35,,n,first,LEMMA,,CORE,1,0,0,,,,,0,0,0,ESDB_V0_4
76,82,good,-6.6301,1,PASS,35,50,n;aj_av,good,LEMMA,,CORE,1,1,1,,goo,,goods,1,1,0,ESDB_V0_4
77,83,into,-6.6301,1,PASS,35,,pp,into,LEMMA,,CORE,1,0,0,,,,,0,0,0,ESDB_V0_4
78,84,our,-6.6301,1,PASS,35,,pn,we,FORM,,CORE,1,1,1,,,your;four;hour;tour;pour;sour,ours,0,7,0,ESDB_V0_4
79,85,know,-6.6531,1,PASS,35,,v,know,LEMMA,,CORE,1,1,1,now,,,known;knows,1,2,2,ESDB_V0_4
80,86,see,-6.6531,1,PASS,35,,n_v,see,LEMMA,,CORE,1,1,1,,,,seen;seem;seek;sees;seed,0,5,2,ESDB_V0_4
81,87,two,-6.6531,1,PASS,35,,n,two,LEMMA,,CORE,1,0,0,,,,,0,0,0,ESDB_V0_4
82,88,him,-6.6766,1,PASS,35,,pn,he,FORM,,CORE,1,1,0,,hi,,,1,0,0,ESDB_V0_4
83,89,after,-6.7254,1,PASS,35,,aj;c;pp,after,LEMMA,,CORE,1,0,0,,,,,0,0,0,ESDB_V0_4
84,90,could,-6.7254,1,PASS,35,,v,can,FORM,,CORE,1,0,0,,,,,0,0,0,ESDB_V0_4
85,91,then,-6.7508,1,PASS,35,,n;aj_av,then,LEMMA,,CORE,1,1,0,hen,the,,,2,0,0,ESDB_V0_4
86,92,over,-6.768,1,PASS,35,,n;aj_av;pp;i,over,LEMMA,,CORE,1,1,1,,,cover;lover;hover,overs;overt,0,5,1,ESDB_V0_4
87,93,these,-6.768,1,PASS,35,,d,this,FORM,,CORE,1,1,1,,,,theses,0,1,0,ESDB_V0_4
88,94,think,-6.768,1,PASS,35,,v,think,LEMMA,,CORE,1,1,1,,thin,,thinks,1,1,1,ESDB_V0_4
89,95,go,-6.7944,1,PASS,35,,v;aj;n,go,LEMMA,,CORE,1,1,1,,,ago;ego,got;god;goo,0,5,0,ESDB_V0_4
90,96,make,-6.7944,1,PASS,35,,n_v,make,LEMMA,,CORE,1,1,1,,,,makes;maker,0,2,1,ESDB_V0_4
91,97,any,-6.8124,1,PASS,35,,av;d,any,LEMMA,,CORE,1,1,1,,an,many,,1,1,0,ESDB_V0_4
92,98,well,-6.8124,1,PASS,35,,n_v;aj;av;pp;i,well,LEMMA,,CORE,1,1,1,,,dwell;swell,wells,0,3,1,ESDB_V0_4
93,99,back,-6.8401,1,PASS,35,,n_v;aj_av,back,LEMMA,,CORE,1,1,1,,,,backs,0,1,1,ESDB_V0_4
94,100,want,-6.8401,1,PASS,35,,n_v,want,LEMMA,,CORE,1,1,1,ant,wan,,wants,2,1,1,ESDB_V0_4
95,102,should,-6.859,1,PASS,35,,v;a,shall;should,FORM;LEMMA,,CORE,1,0,0,,,,,0,0,0,ESDB_V0_4
96,103,because,-6.888,1,PASS,35,,c;pp,because,LEMMA,,CORE,1,0,0,,,,,0,0,0,ESDB_V0_4
97,104,may,-6.888,1,PASS,35,35,n;v,may,LEMMA;FORM,,CORE,1,1,1,,ma,,mayo,1,1,0,ESDB_V0_4
98,105,us,-6.888,1,PASS,35,40,pn,we,FORM,,CORE,1,1,1,,,bus,use,0,2,0,ESDB_V0_4
99,106,where,-6.888,1,PASS,35,,n;av;c,where,LEMMA,,CORE,1,1,0,here,,,,1,0,0,ESDB_V0_4
100,107,most,-6.9078,1,PASS,35,,av;d,many,FORM,,CORE,1,0,0,,,,,0,0,0,ESDB_V0_4
101,108,much,-6.9078,1,PASS,35,,av;d,much,LEMMA,,CORE,1,0,0,,,,,0,0,0,ESDB_V0_4
102,109,way,-6.931,1,PASS,35,,n;av,way,LEMMA,,CORE,1,1,1,,,away;sway,ways,0,3,1,ESDB_V0_4
103,110,even,-6.9538,1,PASS,35,,n_v;aj;av;c,even,LEMMA,,CORE,1,1,1,,eve,seven,event,1,2,0,ESDB_V0_4
104,111,very,-6.9538,1,PASS,35,,aj_av,very,LEMMA,,CORE,1,1,1,,,every,,0,1,0,ESDB_V0_4
105,113,did,-6.9999,1,PASS,35,,v,do,FORM,,CORE,1,1,0,id,,,,1,0,0,ESDB_V0_4
106,114,need,-6.9999,1,PASS,35,,n_v,need,LEMMA,,CORE,1,1,1,,,,needs;needy,0,2,1,ESDB_V0_4
107,115,right,-6.9999,1,PASS,35,60,n_v;aj_av,right,LEMMA,,CORE,1,1,1,,,bright;wright;fright,rights,0,4,1,ESDB_V0_4
108,116,said,-6.9999,1,PASS,35,,aj;v,said;say,LEMMA;FORM,,CORE,1,1,0,aid,,,,1,0,0,ESDB_V0_4
109,117,too,-6.9999,1,PASS,35,,av,too,LEMMA,,CORE,1,1,1,,to,,took;tool,1,2,0,ESDB_V0_4
110,118,years,-6.9999,1,PASS,35,,n,year,FORM,,CORE,1,1,0,ears,year,,,2,0,0,ESDB_V0_4
111,119,work,-7.0232,1,PASS,35,,n_v;a,work,LEMMA,,CORE,1,1,1,,,,works,0,1,1,ESDB_V0_4
112,120,being,-7.0459,1,PASS,35,,v;n,be;being,FORM;LEMMA,,CORE,1,1,1,,,,beings,0,1,1,ESDB_V0_4
113,121,here,-7.0459,1,PASS,35,,n;aj_av;i,here,LEMMA,,CORE,1,1,1,,her,there;where,,1,2,0,ESDB_V0_4
114,122,before,-7.0691,1,PASS,35,,av;c;pp,before,LEMMA,,CORE,1,0,0,,,,,0,0,0,ESDB_V0_4
115,123,day,-7.0691,1,PASS,35,50,n,day,LEMMA,,CORE,1,1,1,,,,days,0,1,1,ESDB_V0_4
116,124,really,-7.0691,1,PASS,35,,av,really,LEMMA,,CORE,1,0,0,,,,,0,0,0,ESDB_V0_4
117,125,made,-7.0917,1,PASS,35,,aj;n_v,made;make,LEMMA;FORM,,CORE,1,1,0,,mad,,,1,0,0,ESDB_V0_4
118,126,many,-7.0917,1,PASS,35,,av;d,many,LEMMA,,CORE,1,1,0,any,man,,,2,0,0,ESDB_V0_4
119,127,world,-7.0917,1,PASS,35,,n;aj,world,LEMMA,,CORE,1,1,1,,,,worlds,0,1,1,ESDB_V0_4
120,128,year,-7.0917,1,PASS,35,,n,year,LEMMA,,CORE,1,1,1,ear,yea,,years,2,1,1,ESDB_V0_4
121,129,going,-7.1148,1,PASS,35,,v;n,go;going,FORM;LEMMA,,CORE,1,0,0,,,,,0,0,0,ESDB_V0_4
122,130,off,-7.1148,1,PASS,35,,v;aj_av;pp;i,off,LEMMA,,CORE,1,1,1,,of,,offs,1,1,1,ESDB_V0_4
123,131,still,-7.1148,1,PASS,35,,n_v;aj_av,still,LEMMA,,CORE,1,1,0,till,,,,1,0,0,ESDB_V0_4
124,132,take,-7.1148,1,PASS,35,,n_v,take,LEMMA,,CORE,1,1,1,,,stake,taken;takes,0,3,2,ESDB_V0_4
125,133,those,-7.1148,1,PASS,35,,d,that,FORM,,CORE,1,1,0,hose,,,,1,0,0,ESDB_V0_4
126,134,why,-7.1148,1,PASS,35,,n;a;c;i,why,LEMMA,,CORE,1,0,0,,,,,0,0,0,ESDB_V0_4
127,135,never,-7.1384,1,PASS,35,,av,never,LEMMA,,CORE,1,1,0,ever,,,,1,0,0,ESDB_V0_4
128,136,got,-7.1614,1,PASS,35,,n_v,get,FORM,,CORE,1,1,0,,go,,,1,0,0,ESDB_V0_4
129,137,life,-7.1614,1,PASS,35,,n;a,life,LEMMA,,CORE,1,0,0,,,,,0,0,0,ESDB_V0_4
130,138,say,-7.1614,1,PASS,35,,n;v;a;i,say,LEMMA,,CORE,1,1,1,,,,says,0,1,1,ESDB_V0_4
131,139,such,-7.1614,1,PASS,35,,d,such,LEMMA,,CORE,1,0,0,,,,,0,0,0,ESDB_V0_4
132,140,through,-7.1614,1,PASS,35,,aj_av;pp,through,LEMMA,,CORE,1,0,0,,,,,0,0,0,ESDB_V0_4
133,142,down,-7.2075,1,PASS,35,,n_v;aj_av;pp;i,down,LEMMA,,CORE,1,1,1,own,,,downs,1,1,1,ESDB_V0_4
134,144,great,-7.2531,1,PASS,35,,n;aj;i,great,LEMMA,,CORE,1,0,0,,,,,0,0,0,ESDB_V0_4
135,145,last,-7.2759,1,PASS,35,,n_v;aj_av,last,LEMMA,,CORE,1,1,1,,,blast,lasts,0,2,1,ESDB_V0_4
136,146,man,-7.2759,1,PASS,35,50,n;v;i,man,LEMMA,,CORE,1,1,1,an,ma,,many;mans;mana;mane,2,4,1,ESDB_V0_4
137,147,while,-7.2759,1,PASS,35,,n;v;c,while,LEMMA,,CORE,1,1,1,,,awhile,,0,1,0,ESDB_V0_4
138,148,use,-7.2993,1,PASS,35,,n_v,use,LEMMA,,CORE,1,1,1,,us,fuse;muse,used;uses;user,1,5,2,ESDB_V0_4
139,149,between,-7.3218,1,PASS,35,,av;pp,between,LEMMA,,CORE,1,0,0,,,,,0,0,0,ESDB_V0_4
140,150,used,-7.3218,1,PASS,35,,n_v;aj,use;used,FORM;LEMMA,,CORE,1,1,1,,use,fused,,1,1,0,ESDB_V0_4
141,151,long,-7.3447,1,PASS,35,50,n_v;aj_av,long,LEMMA,,CORE,1,1,1,,,along,,0,1,0,ESDB_V0_4
142,152,same,-7.3447,1,PASS,35,,d,same,LEMMA,,CORE,1,0,0,,,,,0,0,0,ESDB_V0_4
143,154,three,-7.3682,1,PASS,35,,n,three,LEMMA,,CORE,1,0,0,,,,,0,0,0,ESDB_V0_4
144,155,both,-7.3906,1,PASS,35,,av;d,both,LEMMA,,CORE,1,0,0,,,,,0,0,0,ESDB_V0_4
145,157,part,-7.3906,1,PASS,35,,n_v;av,part,LEMMA,,CORE,1,1,1,art,par,apart,party;parts,2,3,1,ESDB_V0_4
146,158,something,-7.3906,1,PASS,35,,av;pn,something,LEMMA,,CORE,1,0,0,,,,,0,0,0,ESDB_V0_4
147,159,am,-7.4136,1,PASS,35,35,v,be,FORM,,CORE,1,1,1,,a,jam;ram;ham;dam;cam;lam,amp,1,7,0,ESDB_V0_4
148,160,best,-7.4136,1,PASS,35,50,n_v;aj_av;aj,best;good;well,LEMMA;FORM,,CORE,1,0,0,,,,,0,0,0,ESDB_V0_4
149,161,come,-7.4136,1,PASS,35,,n;v;i,come,LEMMA;FORM,,CORE,1,1,1,,,,comes;comet,0,2,1,ESDB_V0_4
150,162,love,-7.4136,1,PASS,35,50,n;v,love,LEMMA,,CORE,1,1,1,,,glove,loved;loves;lover,0,4,2,ESDB_V0_4
151,163,under,-7.4136,1,PASS,35,,aj_av;pp,under,LEMMA,,CORE,1,0,0,,,,,0,0,0,ESDB_V0_4
152,164,look,-7.4371,1,PASS,35,,n_v,look,LEMMA,,CORE,1,1,1,,,,looks,0,1,1,ESDB_V0_4
153,165,since,-7.4371,1,PASS,35,,av;c;pp,since,LEMMA,,CORE,1,0,0,,,,,0,0,0,ESDB_V0_4
154,167,does,-7.4611,1,PASS,35,,v;n,do;doe,FORM,,CORE,1,1,0,,doe,,,1,0,0,ESDB_V0_4
155,168,every,-7.4611,1,PASS,35,,d,every,LEMMA,,CORE,1,1,0,very,ever,,,2,0,0,ESDB_V0_4
156,169,must,-7.4611,1,PASS,35,,n;aj;v,must,LEMMA,,CORE,1,0,0,,,,,0,0,0,ESDB_V0_4
157,170,always,-7.484,1,PASS,35,,av,always,LEMMA,,CORE,1,0,0,,,,,0,0,0,ESDB_V0_4
158,171,better,-7.484,1,PASS,35,,n_v;aj_av;aj,better;good;well,LEMMA;FORM,,CORE,1,0,0,,,,,0,0,0,ESDB_V0_4
159,172,little,-7.484,1,PASS,35,50,aj;av;d,little,LEMMA,,CORE,1,0,0,,,,,0,0,0,ESDB_V0_4
160,173,old,-7.484,1,PASS,35,,n;aj,old,LEMMA,,CORE,1,1,1,,,told;hold;gold;cold;sold;bold;fold;mold,,0,8,0,ESDB_V0_4
161,174,another,-7.5056,1,PASS,35,,pn;d,another,LEMMA,,CORE,1,0,0,,,,,0,0,0,ESDB_V0_4
162,175,during,-7.5056,1,PASS,35,,pp,during,LEMMA,,CORE,1,0,0,,,,,0,0,0,ESDB_V0_4
163,176,find,-7.5056,1,PASS,35,,n_v,find,LEMMA,,CORE,1,1,1,,fin,,finds,1,1,1,ESDB_V0_4
164,177,high,-7.5056,1,PASS,35,,n;aj_av,high,LEMMA,,CORE,1,1,1,,,thigh,highs,0,2,1,ESDB_V0_4
165,178,home,-7.5056,1,PASS,35,,n_v;aj_av,home,LEMMA,,CORE,1,1,1,,,,homes;homer,0,2,1,ESDB_V0_4
166,179,place,-7.5056,1,PASS,35,,n_v,place,LEMMA,,CORE,1,1,1,lace,,,places;placed,1,2,2,ESDB_V0_4
167,181,around,-7.5295,1,PASS,35,,av;pp,around,LEMMA,,CORE,1,1,0,round,,,,1,0,0,ESDB_V0_4
168,182,own,-7.5521,1,PASS,35,,v;d,own,LEMMA,,CORE,1,1,1,,ow,down;town;gown,owns,1,4,1,ESDB_V0_4
169,183,state,-7.5521,1,PASS,35,,n_v,state,LEMMA,,CORE,1,1,1,,stat,estate,states;stated,1,3,2,ESDB_V0_4
170,184,each,-7.5752,1,PASS,35,,pn;d,each,LEMMA,,CORE,1,1,1,,,reach;beach;teach;peach,,0,4,0,ESDB_V0_4
171,185,give,-7.5752,1,PASS,35,,n;v,give,LEMMA,,CORE,1,1,1,,,,given;gives,0,2,2,ESDB_V0_4
172,186,help,-7.5752,1,PASS,35,,n_v;i,help,LEMMA,,CORE,1,1,1,,,,helps,0,1,1,ESDB_V0_4
173,187,s,-7.5752,0,SINGLE_LETTER,,,,,,,REJECTED_AUTO,0,0,0,,,,,0,0,0,ESDB_V0_4
174,188,things,-7.5752,1,PASS,35,,n,thing,FORM,,CORE,1,1,0,,thing,,,1,0,0,ESDB_V0_4
175,189,again,-7.5989,1,PASS,35,,av,again,LEMMA,,CORE,1,1,0,gain,,,,1,0,0,ESDB_V0_4
176,190,against,-7.5989,1,PASS,35,,pp,against,LEMMA,,CORE,1,0,0,,,,,0,0,0,ESDB_V0_4
177,191,found,-7.5989,1,PASS,35,,n_v;v,find;found,FORM;LEMMA,,CORE,1,0,0,,,,,0,0,0,ESDB_V0_4
178,192,game,-7.5989,1,PASS,35,,n_v;aj,game,LEMMA,,CORE,1,1,1,,,,games;gamer,0,2,2,ESDB_V0_4
179,194,school,-7.5989,1,PASS,35,,n_v;a,school,LEMMA,,CORE,1,1,1,,,,schools,0,1,1,ESDB_V0_4
180,195,without,-7.5989,1,PASS,35,,av;pp,without,LEMMA,,CORE,1,0,0,,,,,0,0,0,ESDB_V0_4
181,196,end,-7.6211,1,PASS,35,,n_v;a,end,LEMMA,,CORE,1,1,1,,en,send;tend;bend;lend;mend,ends,1,6,1,ESDB_V0_4
182,197,thing,-7.6211,1,PASS,35,,n,thing,LEMMA,,CORE,1,1,1,,thin,,things,1,1,1,ESDB_V0_4
183,198,government,-7.6438,1,PASS,35,,n,government,LEMMA,,CORE,1,1,1,,,,governments,0,1,1,ESDB_V0_4
184,199,house,-7.6438,1,PASS,35,40,n_v;a,house,LEMMA,,CORE,1,1,1,,,,houses;housed,0,2,2,ESDB_V0_4
185,200,next,-7.6438,1,PASS,35,,n;aj_av,next,LEMMA,,CORE,1,0,0,,,,,0,0,0,ESDB_V0_4
186,201,please,-7.6438,1,PASS,35,,v;av;i,please,LEMMA,,CORE,1,1,1,lease,pleas,,pleased;pleases,2,2,2,ESDB_V0_4
187,202,god,-7.667,1,PASS,35,35,n,god,LEMMA,,CORE,1,1,1,,go,,gods,1,1,1,ESDB_V0_4
188,203,ever,-7.713,1,PASS,35,,av,ever,LEMMA,,CORE,1,1,1,,eve,never;fever;lever,every,1,4,0,ESDB_V0_4
189,204,family,-7.713,1,PASS,35,,n;a,family,LEMMA,,CORE,1,0,0,,,,,0,0,0,ESDB_V0_4
190,205,feel,-7.713,1,PASS,35,,n_v,feel,LEMMA,,CORE,1,1,1,,fee,,feels,1,1,1,ESDB_V0_4
191,206,might,-7.713,1,PASS,35,,v;n,may;might,FORM;LEMMA,,CORE,1,1,1,,,,mighty,0,1,0,ESDB_V0_4
192,207,put,-7.713,1,PASS,35,,n_v,put,LEMMA;FORM,,CORE,1,1,1,,,,puts,0,1,1,ESDB_V0_4
193,208,however,-7.7356,1,PASS,35,,av;c,however,LEMMA,,CORE,1,0,0,,,,,0,0,0,ESDB_V0_4
194,209,name,-7.7356,1,PASS,35,,n_v;a,name,LEMMA,,CORE,1,1,1,,,,names;named,0,2,2,ESDB_V0_4
195,210,number,-7.7356,1,PASS,35,,aj;n_v,numb;number,FORM;LEMMA,,CORE,1,1,1,,,,numbers,0,1,1,ESDB_V0_4
196,211,second,-7.7356,1,PASS,35,,n_v;n,second,LEMMA,,CORE,1,1,1,,,,seconds,0,1,1,ESDB_V0_4
197,212,show,-7.7356,1,PASS,35,,n_v,show,LEMMA,,CORE,1,1,1,how,,,shows;shown,1,2,2,ESDB_V0_4
198,214,left,-7.7587,1,PASS,35,60,v;n;aj_av,leave;left,FORM;LEMMA,,CORE,1,0,0,,,,,0,0,0,ESDB_V0_4
199,215,big,-7.7824,1,PASS,35,,aj_av,big,LEMMA,,CORE,1,0,0,,,,,0,0,0,ESDB_V0_4
200,217,keep,-7.7824,1,PASS,35,,n_v,keep,LEMMA,,CORE,1,1,1,,,,keeps,0,1,1,ESDB_V0_4
201,218,night,-7.7824,1,PASS,35,,n;a,night,LEMMA,,CORE,1,1,1,,,knight,nights,0,2,1,ESDB_V0_4
202,219,sure,-7.7824,1,PASS,35,,aj_av,sure,LEMMA,,CORE,1,0,0,,,,,0,0,0,ESDB_V0_4
203,221,set,-7.8067,1,PASS,35,50,n_v;aj,set,LEMMA;FORM,,CORE,1,1,1,,,,sets,0,1,1,ESDB_V0_4
204,222,team,-7.8067,1,PASS,35,,n_v;a,team,LEMMA,,CORE,1,1,1,,tea,steam,teams,1,2,1,ESDB_V0_4
205,223,until,-7.8067,1,PASS,35,,c;pp,until,LEMMA,,CORE,1,0,0,,,,,0,0,0,ESDB_V0_4
206,224,away,-7.8291,1,PASS,35,,aj_av;i,away,LEMMA,,CORE,1,1,0,way,,,,1,0,0,ESDB_V0_4
207,225,called,-7.8291,1,PASS,35,,n_v,call,FORM,,CORE,1,0,0,,,,,0,0,0,ESDB_V0_4
208,226,case,-7.8291,1,PASS,35,50,n_v,case,LEMMA,,CORE,1,1,1,,,,cases,0,1,1,ESDB_V0_4
209,227,days,-7.8291,1,PASS,35,,n,day,FORM,,CORE,1,1,0,,day,,,1,0,0,ESDB_V0_4
210,228,different,-7.8291,1,PASS,35,,aj,different,LEMMA,,CORE,1,0,0,,,,,0,0,0,ESDB_V0_4
211,229,group,-7.8291,1,PASS,35,,n_v,group,LEMMA,,CORE,1,1,1,,,,groups,0,1,1,ESDB_V0_4
212,230,money,-7.8291,1,PASS,35,,n,money,LEMMA,,CORE,1,0,0,,,,,0,0,0,ESDB_V0_4
213,231,let,-7.8519,1,PASS,35,,n_v,let,LEMMA;FORM,,CORE,1,1,1,,,,lets,0,1,1,ESDB_V0_4
214,232,someone,-7.8519,1,PASS,35,,pn,someone,LEMMA,,CORE,1,0,0,,,,,0,0,0,ESDB_V0_4
215,233,thought,-7.8519,1,PASS,35,,v;n,think;thought,FORM;LEMMA,,CORE,1,1,1,,though,,thoughts,1,1,1,ESDB_V0_4
216,234,already,-7.8753,1,PASS,35,,av,already,LEMMA,,CORE,1,0,0,,,,,0,0,0,ESDB_V0_4
217,235,city,-7.8753,1,PASS,35,,n;a,city,LEMMA,,CORE,1,0,0,,,,,0,0,0,ESDB_V0_4
218,236,mr,-7.8753,0,NOT_EXACT_EN_US,,,,,,,REJECTED_AUTO,0,0,0,,,,,0,0,0,ESDB_V0_4
219,237,play,-7.8753,1,PASS,35,,n_v,play,LEMMA,,CORE,1,1,1,lay,,,plays,1,1,1,ESDB_V0_4
220,238,public,-7.8753,1,PASS,35,,n;aj,public,LEMMA,,CORE,1,0,0,,,,,0,0,0,ESDB_V0_4
221,239,system,-7.8753,1,PASS,35,,n,system,LEMMA,,CORE,1,1,1,,,,systems,0,1,1,ESDB_V0_4
222,240,doing,-7.8966,1,PASS,35,,v;n,do;doing,FORM;LEMMA,,CORE,1,0,0,,,,,0,0,0,ESDB_V0_4
223,241,done,-7.8966,1,PASS,35,,v;i,do;done,FORM;LEMMA,,CORE,1,1,0,one,don,,,2,0,0,ESDB_V0_4
224,242,few,-7.8966,1,PASS,35,,d,few,LEMMA,,CORE,1,0,0,,,,,0,0,0,ESDB_V0_4
225,243,national,-7.8966,1,PASS,35,,n;aj,national,LEMMA,,CORE,1,1,1,,,,nationals,0,1,1,ESDB_V0_4
226,244,real,-7.8966,1,PASS,35,,aj_av;n,real,LEMMA,,CORE,1,1,1,,,,realm,0,1,0,ESDB_V0_4
227,245,free,-7.9211,1,PASS,35,,v;aj_av,free,LEMMA,,CORE,1,1,1,,,,freed,0,1,1,ESDB_V0_4
228,246,having,-7.9211,1,PASS,35,,v;n,have;having,FORM;LEMMA,,CORE,1,1,1,,,shaving,,0,1,0,ESDB_V0_4
229,247,person,-7.9211,1,PASS,35,,n,person,LEMMA,,CORE,1,1,1,,,,persons;persona,0,2,1,ESDB_V0_4
230,248,change,-7.9434,1,PASS,35,,n_v,change,LEMMA,,CORE,1,1,1,,,,changes;changed;changer,0,3,2,ESDB_V0_4
231,249,de,-7.9434,0,NOT_EXACT_EN_US,,,,,,,REJECTED_AUTO,0,0,0,,,,,0,0,0,ESDB_V0_4
232,250,general,-7.9434,1,PASS,35,,n;aj,general,LEMMA,,CORE,1,1,1,,genera,,generals,1,1,1,ESDB_V0_4
233,251,lot,-7.9434,1,PASS,35,50,n;a,lot,LEMMA,,CORE,1,1,1,,lo,plot;slot,lots,1,3,1,ESDB_V0_4
234,252,point,-7.9434,1,PASS,35,,n_v,point,LEMMA,,CORE,1,1,1,,,,points,0,1,1,ESDB_V0_4
235,253,times,-7.9434,1,PASS,35,,n_v;pp,time;times,FORM;LEMMA,,CORE,1,1,0,,time,,,1,0,0,ESDB_V0_4
236,254,women,-7.9434,1,PASS,35,,n,woman,FORM,,CORE,1,0,0,,,,,0,0,0,ESDB_V0_4
237,255,yet,-7.9434,1,PASS,35,,av;c,yet,LEMMA,,CORE,1,1,0,,ye,,,1,0,0,ESDB_V0_4
238,257,anything,-7.9662,1,PASS,35,,pn,anything,LEMMA,,CORE,1,0,0,,,,,0,0,0,ESDB_V0_4
239,258,care,-7.9662,1,PASS,35,60,n_v,care,LEMMA,,CORE,1,1,1,are,car,scare,cares;cared,2,3,2,ESDB_V0_4
240,259,d,-7.9662,0,SINGLE_LETTER,,,,,,,REJECTED_AUTO,0,0,0,,,,,0,0,0,ESDB_V0_4
241,260,four,-7.9662,1,PASS,35,,n,four,LEMMA,,CORE,1,1,0,our,,,,1,0,0,ESDB_V0_4
242,261,including,-7.9662,1,PASS,35,,v;pp,include;including,FORM;LEMMA,,CORE,1,0,0,,,,,0,0,0,ESDB_V0_4
243,262,nothing,-7.9662,1,PASS,35,,aj_av;pn,nothing,LEMMA,,CORE,1,0,0,,,,,0,0,0,ESDB_V0_4
244,263,today,-7.9662,1,PASS,35,,n;av,today,LEMMA,,CORE,1,0,0,,,,,0,0,0,ESDB_V0_4
245,264,water,-7.9662,1,PASS,35,,n;v,water,LEMMA,,CORE,1,1,1,,,,waters,0,1,1,ESDB_V0_4
246,265,bad,-7.9895,1,PASS,35,,n;aj_av,bad,LEMMA,,CORE,1,1,0,ad,,,,1,0,0,ESDB_V0_4
247,266,business,-7.9895,1,PASS,35,,n;a,business,LEMMA,,CORE,1,0,0,,,,,0,0,0,ESDB_V0_4
248,267,children,-7.9895,1,PASS,35,,n,child,FORM,,CORE,1,0,0,,,,,0,0,0,ESDB_V0_4
249,268,company,-7.9895,1,PASS,35,,n,company,LEMMA,,CORE,1,0,0,,,,,0,0,0,ESDB_V0_4
250,269,everything,-7.9895,1,PASS,35,,pn,everything,LEMMA,,CORE,1,0,0,,,,,0,0,0,ESDB_V0_4
251,270,live,-7.9895,1,PASS,35,,v;aj_av,live,LEMMA,,CORE,1,1,1,,,alive;olive,lives;lived;liver,0,5,3,ESDB_V0_4
252,271,mean,-7.9895,1,PASS,35,,n_v;aj,mean,LEMMA,,CORE,1,1,1,,,,means;meant,0,2,2,ESDB_V0_4
253,272,once,-7.9895,1,PASS,35,,n;av;c,once,LEMMA,,CORE,1,0,0,,,,,0,0,0,ESDB_V0_4
254,273,power,-7.9895,1,PASS,35,,n_v;a,power,LEMMA,,CORE,1,1,1,,,,powers,0,1,1,ESDB_V0_4
255,274,thanks,-7.9895,1,PASS,35,,v;i,thank;thanks,FORM;LEMMA,,CORE,1,1,0,,thank,,,1,0,0,ESDB_V0_4
256,275,told,-7.9895,1,PASS,35,,v,tell,FORM,,CORE,1,1,0,old,,,,1,0,0,ESDB_V0_4
257,276,came,-8.0134,1,PASS,35,,v,come,FORM,,CORE,1,1,1,,cam,,camel;cameo,1,2,0,ESDB_V0_4
258,277,country,-8.0134,1,PASS,35,,n;a,country,LEMMA,,CORE,1,0,0,,,,,0,0,0,ESDB_V0_4
259,278,enough,-8.0134,1,PASS,35,,av;c;d;i,enough,LEMMA,,CORE,1,0,0,,,,,0,0,0,ESDB_V0_4
260,279,following,-8.0134,1,PASS,35,,v;n;pp,follow;following,FORM;LEMMA,,CORE,1,0,0,,,,,0,0,0,ESDB_V0_4
261,280,getting,-8.0134,1,PASS,35,,n_v;n,get;getting,FORM;LEMMA,,CORE,1,0,0,,,,,0,0,0,ESDB_V0_4
262,281,head,-8.0134,1,PASS,35,50,n_v;a;n,head,LEMMA;FORM,,CORE,1,1,1,,,ahead,heads,0,2,1,ESDB_V0_4
263,282,later,-8.0134,1,PASS,35,,aj_av,late,FORM,,CORE,1,1,0,,late,,,1,0,0,ESDB_V0_4
264,283,looking,-8.0134,1,PASS,35,,n_v;n;aj,look;looking,FORM;LEMMA,,CORE,1,0,0,,,,,0,0,0,ESDB_V0_4
265,284,seen,-8.0134,1,PASS,35,,n_v,see,FORM,,CORE,1,1,0,,see,,,1,0,0,ESDB_V0_4
266,285,small,-8.0134,1,PASS,35,50,n;aj_av,small,LEMMA,,CORE,1,1,0,mall,,,,1,0,0,ESDB_V0_4
267,286,start,-8.0134,1,PASS,35,,n_v,start,LEMMA,,CORE,1,1,1,tart,star,,starts,2,1,1,ESDB_V0_4
268,287,tell,-8.0134,1,PASS,35,50,v,tell,LEMMA,,CORE,1,1,1,,,,tells,0,1,1,ESDB_V0_4
269,288,took,-8.0134,1,PASS,35,,n_v,take,FORM,,CORE,1,1,0,,too,,,1,0,0,ESDB_V0_4
270,289,top,-8.0134,1,PASS,35,,n_v;aj,top,LEMMA,,CORE,1,1,1,op,to,stop;atop,tops,2,3,1,ESDB_V0_4
271,290,went,-8.0134,1,PASS,35,,v,go;wend,FORM,,CORE,1,1,0,,wen,,,1,0,0,ESDB_V0_4
272,291,based,-8.0348,1,PASS,35,,n_v;aj,base;based,FORM;LEMMA,,CORE,1,1,0,,base,,,1,0,0,ESDB_V0_4
273,292,far,-8.0348,1,PASS,35,,aj_av,far,LEMMA,,CORE,1,1,1,,fa,afar,farm;fare;fart,1,4,0,ESDB_V0_4
274,293,law,-8.0348,1,PASS,35,,n,law,LEMMA,,CORE,1,1,1,aw,,flaw;claw,laws;lawn,1,4,1,ESDB_V0_4
275,294,less,-8.0348,1,PASS,35,,pp;av;d,less;little,LEMMA;FORM,,CORE,1,1,1,,,bless,,0,1,0,ESDB_V0_4
276,295,making,-8.0348,1,PASS,35,,n_v;n,make;making,FORM;LEMMA,,CORE,1,0,0,,,,,0,0,0,ESDB_V0_4
277,296,music,-8.0348,1,PASS,35,,n,music,LEMMA,,CORE,1,0,0,,,,,0,0,0,ESDB_V0_4
278,297,order,-8.0348,1,PASS,35,,n_v,order,LEMMA,,CORE,1,1,1,,,border,orders,0,2,1,ESDB_V0_4
279,298,party,-8.0348,1,PASS,35,,n_v;a,party,LEMMA,,CORE,1,1,0,,part,,,1,0,0,ESDB_V0_4
280,299,states,-8.0348,1,PASS,35,60,n_v,state,FORM,,CORE,1,1,1,,state,estates,,1,1,0,ESDB_V0_4
281,300,though,-8.0348,1,PASS,35,,av;c,though,LEMMA,,CORE,1,1,1,,,,thought,0,1,0,ESDB_V0_4
282,301,week,-8.0348,1,PASS,35,,n,week,LEMMA,,CORE,1,1,1,,wee,,weeks,1,1,1,ESDB_V0_4
283,302,call,-8.0598,1,PASS,35,,n_v,call,LEMMA,,CORE,1,1,1,all,,,calls,1,1,1,ESDB_V0_4
284,303,full,-8.0598,1,PASS,35,,n;v;aj_av,full,LEMMA,,CORE,1,1,1,,,,fully,0,1,0,ESDB_V0_4
285,304,hard,-8.0598,1,PASS,35,,aj_av,hard,LEMMA,,CORE,1,1,1,,,,hardy,0,1,0,ESDB_V0_4
286,305,men,-8.0598,1,PASS,35,,n,man;men,FORM;LEMMA,,CORE,1,1,1,en,me,amen,menu;mend,2,3,0,ESDB_V0_4
287,306,war,-8.0598,1,PASS,35,,n_v;a,war,LEMMA,,CORE,1,1,1,,,,warm;wars;ward;warn;warp;wary;ware,0,7,1,ESDB_V0_4
288,307,yes,-8.0598,1,PASS,35,,n_v;a,yes,LEMMA,,CORE,1,1,1,,ye,eyes;dyes,,1,2,0,ESDB_V0_4
289,310,read,-8.0822,1,PASS,35,,n;v;a,read,LEMMA;FORM,,CORE,1,1,1,,,bread;dread;tread,ready;reads,0,5,1,ESDB_V0_4
290,311,side,-8.0822,1,PASS,35,,n_v;aj,side,LEMMA,,CORE,1,1,1,,,aside,sides;sided,0,3,2,ESDB_V0_4
291,312,stop,-8.0822,1,PASS,35,,n_v,stop,LEMMA,,CORE,1,1,1,top,,,stops,1,1,1,ESDB_V0_4
292,313,support,-8.0822,1,PASS,35,,n_v;a,support,LEMMA,,CORE,1,1,1,,,,supports,0,1,1,ESDB_V0_4
293,314,thank,-8.0822,1,PASS,35,,v,thank,LEMMA,,CORE,1,1,1,,than,,thanks,1,1,1,ESDB_V0_4
294,315,believe,-8.1051,1,PASS,35,,v,believe,LEMMA,,CORE,1,1,1,,,,believed;believes;believer,0,3,2,ESDB_V0_4
295,316,line,-8.1051,1,PASS,35,,n_v,line,LEMMA,,CORE,1,1,1,,,,lines;lined;liner;linen,0,4,2,ESDB_V0_4
296,317,oh,-8.1051,1,PASS,35,50,n;i,oh,LEMMA,,CORE,1,1,1,,,ooh,,0,1,0,ESDB_V0_4
297,318,open,-8.1051,1,PASS,35,,n_v;aj,open,LEMMA,,CORE,1,1,1,pen,,,opens,1,1,1,ESDB_V0_4
298,319,area,-8.1285,1,PASS,35,,n,area,LEMMA,,CORE,1,1,1,,are,,areas,1,1,1,ESDB_V0_4
299,322,important,-8.1285,1,PASS,35,,aj,important,LEMMA,,CORE,1,0,0,,,,,0,0,0,ESDB_V0_4
300,323,run,-8.1285,1,PASS,35,,n_v,run,LEMMA;FORM,,CORE,1,1,1,,,,runs,0,1,1,ESDB_V0_4
301,324,using,-8.1285,1,PASS,35,,n_v;n,use;using,FORM;LEMMA,,CORE,1,1,0,sing,,,,1,0,0,ESDB_V0_4
302,325,whole,-8.1285,1,PASS,35,,n;aj_av,whole,LEMMA,,CORE,1,1,0,hole,,,,1,0,0,ESDB_V0_4
303,326,five,-8.1526,1,PASS,35,,n,five,LEMMA,,CORE,1,0,0,,,,,0,0,0,ESDB_V0_4
304,327,international,-8.1526,1,PASS,35,,n;aj,international,LEMMA,,CORE,1,0,0,,,,,0,0,0,ESDB_V0_4
305,328,try,-8.1526,1,PASS,35,,n_v,try,LEMMA,,CORE,1,0,0,,,,,0,0,0,ESDB_V0_4
306,329,white,-8.1526,1,PASS,35,40,n;aj,white,LEMMA,,CORE,1,1,1,,,,whites,0,1,1,ESDB_V0_4
307,330,course,-8.1736,1,PASS,35,,n_v,course,LEMMA,,CORE,1,1,1,,,,courses,0,1,1,ESDB_V0_4
308,331,early,-8.1736,1,PASS,35,,aj_av,early,LEMMA,,CORE,1,1,1,,earl,nearly;yearly;dearly,,1,3,0,ESDB_V0_4
309,332,face,-8.1736,1,PASS,35,,n_v,face,LEMMA,,CORE,1,1,1,ace,,,faces;faced,1,2,2,ESDB_V0_4
310,333,given,-8.1736,1,PASS,35,,v;n;c,give;given,FORM;LEMMA,,CORE,1,1,0,,give,,,1,0,0,ESDB_V0_4
311,334,job,-8.1736,1,PASS,35,50,n_v;a,job,LEMMA,,CORE,1,1,1,,,,jobs,0,1,1,ESDB_V0_4
312,335,means,-8.1736,1,PASS,35,,n_v,mean,FORM,,CORE,1,1,0,,mean,,,1,0,0,ESDB_V0_4
313,336,says,-8.1736,1,PASS,35,,v,say,FORM,,CORE,1,1,0,,say,,,1,0,0,ESDB_V0_4
314,337,social,-8.1736,1,PASS,35,,n;aj,social,LEMMA,,CORE,1,0,0,,,,,0,0,0,ESDB_V0_4
315,339,together,-8.1736,1,PASS,35,,aj_av,together,LEMMA,,CORE,1,0,0,,,,,0,0,0,ESDB_V0_4
316,340,united,-8.1736,1,PASS,35,,v;aj,unite;united,FORM;LEMMA,,CORE,1,1,0,,unite,,,1,0,0,ESDB_V0_4
317,341,within,-8.1736,1,PASS,35,,n;av;pp,within,LEMMA,,CORE,1,0,0,,,,,0,0,0,ESDB_V0_4
318,342,working,-8.1736,1,PASS,35,,n_v;n;aj,work;working,FORM;LEMMA,,CORE,1,1,1,,,,workings,0,1,1,ESDB_V0_4
319,343,young,-8.1736,1,PASS,35,50,n;aj,young,LEMMA;FORM,,CORE,1,0,0,,,,,0,0,0,ESDB_V0_4
320,344,actually,-8.1987,1,PASS,35,,av,actually,LEMMA,,CORE,1,0,0,,,,,0,0,0,ESDB_V0_4
321,345,american,-8.1987,0,NOT_EXACT_EN_US,,,,,,,REJECTED_AUTO,0,0,0,,,,,0,0,0,ESDB_V0_4
322,346,black,-8.1987,1,PASS,35,50,n_v;aj,black,LEMMA,,CORE,1,1,1,lack,,,blacks,1,1,1,ESDB_V0_4
323,347,kind,-8.1987,1,PASS,35,,n;aj,kind,LEMMA,,CORE,1,1,1,,kin,,kinda;kinds,1,2,1,ESDB_V0_4
324,348,mind,-8.1987,1,PASS,35,,n_v,mind,LEMMA,,CORE,1,1,1,,,,minds,0,1,1,ESDB_V0_4
325,349,fact,-8.2208,1,PASS,35,,n,fact,LEMMA,,CORE,1,1,1,act,,,facts,1,1,1,ESDB_V0_4
326,350,least,-8.2208,1,PASS,35,,av;d,little,FORM,,CORE,1,1,0,east,,,,1,0,0,ESDB_V0_4
327,351,makes,-8.2208,1,PASS,35,,n_v,make,FORM,,CORE,1,1,0,,make,,,1,0,0,ESDB_V0_4
328,352,per,-8.2208,1,PASS,35,,a;pp,per,LEMMA,,CORE,1,0,0,,,,,0,0,0,ESDB_V0_4
329,353,service,-8.2208,1,PASS,35,,n_v;a,service,LEMMA,,CORE,1,1,1,,,,services,0,1,1,ESDB_V0_4
330,354,shit,-8.2208,1,PASS,40,,n;v;a;i,shit,LEMMA;FORM,vulgar-1,RECEPTIVE_ONLY,1,1,1,hit,,,shits,1,1,1,ESDB_V0_4
331,355,trying,-8.2208,1,PASS,35,,n_v;aj,try;trying,FORM;LEMMA,,CORE,1,0,0,,,,,0,0,0,ESDB_V0_4
332,357,able,-8.2434,1,PASS,35,,aj,able,LEMMA,,CORE,1,1,1,,,table;cable,,0,2,0,ESDB_V0_4
333,358,become,-8.2434,1,PASS,35,,v,become,LEMMA;FORM,,CORE,1,1,1,,,,becomes,0,1,1,ESDB_V0_4
334,359,car,-8.2434,1,PASS,35,,n,car,LEMMA,,CORE,1,1,1,,,scar,care;card;cars;cart,0,5,1,ESDB_V0_4
335,360,death,-8.2434,1,PASS,35,60,n,death,LEMMA,,CORE,1,1,1,,,,deaths,0,1,1,ESDB_V0_4
336,361,everyone,-8.2434,1,PASS,35,,pn,everyone,LEMMA,,CORE,1,0,0,,,,,0,0,0,ESDB_V0_4
337,362,food,-8.2434,1,PASS,35,,n,food,LEMMA,,CORE,1,1,1,,foo,,foods,1,1,1,ESDB_V0_4
338,363,information,-8.2434,1,PASS,35,,n,information,LEMMA,,CORE,1,0,0,,,,,0,0,0,ESDB_V0_4
339,364,level,-8.2434,1,PASS,35,,n_v;aj,level,LEMMA,,CORE,1,1,1,,,,levels,0,1,1,ESDB_V0_4
340,365,local,-8.2434,1,PASS,35,,n;aj,local,LEMMA,,CORE,1,1,1,,,,locals,0,1,1,ESDB_V0_4
341,366,often,-8.2434,1,PASS,35,,av,often,LEMMA,,CORE,1,1,1,,,soften,,0,1,0,ESDB_V0_4
342,367,others,-8.2434,1,PASS,35,,pn,other,FORM,,CORE,1,1,1,,other,mothers;bothers,,1,2,0,ESDB_V0_4
343,368,several,-8.2434,1,PASS,35,,d,several,LEMMA,,CORE,1,0,0,,,,,0,0,0,ESDB_V0_4
344,369,true,-8.2434,1,PASS,35,,n;v;aj_av,true,LEMMA,,CORE,1,1,0,rue,,,,1,0,0,ESDB_V0_4
345,370,control,-8.2664,1,PASS,35,,n_v,control,LEMMA,,CORE,1,1,1,,,,controls,0,1,1,ESDB_V0_4
346,371,friends,-8.2664,1,PASS,35,,n_v,friend,FORM,,CORE,1,1,0,,friend,,,1,0,0,ESDB_V0_4
347,372,games,-8.2664,1,PASS,35,,n_v,game,FORM,,CORE,1,1,0,,game,,,1,0,0,ESDB_V0_4
348,373,half,-8.2664,1,PASS,35,,n;av;d,half,LEMMA,,CORE,1,0,0,,,,,0,0,0,ESDB_V0_4
349,374,maybe,-8.2664,1,PASS,35,,n;av,maybe,LEMMA,,CORE,1,0,0,,,,,0,0,0,ESDB_V0_4
350,375,news,-8.2664,1,PASS,35,50,n,news,LEMMA,,CORE,1,1,0,,new,,,1,0,0,ESDB_V0_4
351,376,problem,-8.2664,1,PASS,35,,n;a,problem,LEMMA,,CORE,1,1,1,,,,problems,0,1,1,ESDB_V0_4
352,377,air,-8.2901,1,PASS,35,,n_v;a,air,LEMMA,,CORE,1,1,1,,,hair;fair;pair;lair,airs,0,5,1,ESDB_V0_4
353,378,b,-8.2901,0,SINGLE_LETTER,,,,,,,REJECTED_AUTO,0,0,0,,,,,0,0,0,ESDB_V0_4
354,379,body,-8.2901,1,PASS,35,,n;a,body,LEMMA,,CORE,1,0,0,,,,,0,0,0,ESDB_V0_4
355,380,book,-8.2901,1,PASS,35,,n_v;a,book,LEMMA,,CORE,1,1,1,,boo,,books,1,1,1,ESDB_V0_4
356,381,guys,-8.2901,1,PASS,35,,n_v,guy,FORM,,CORE,1,1,0,,guy,,,1,0,0,ESDB_V0_4
357,382,hand,-8.2901,1,PASS,35,,n_v;a,hand,LEMMA,,CORE,1,1,1,and,,,hands;handy,1,2,1,ESDB_V0_4
358,383,health,-8.2901,1,PASS,35,,n,health,LEMMA,,CORE,1,1,1,,,,healthy,0,1,0,ESDB_V0_4
359,384,hope,-8.2901,1,PASS,35,50,n_v,hope,LEMMA,,CORE,1,1,1,,hop,,hopes;hoped,1,2,2,ESDB_V0_4
360,385,human,-8.2901,1,PASS,35,,n;aj,human,LEMMA,,CORE,1,1,1,,,,humans;humane,0,2,1,ESDB_V0_4
361,386,known,-8.2901,1,PASS,35,,v;aj,know;known,FORM;LEMMA,,CORE,1,1,0,,know,,,1,0,0,ESDB_V0_4
362,387,large,-8.2901,1,PASS,35,,n;aj_av,large,LEMMA,,CORE,1,1,1,,,,larger,0,1,1,ESDB_V0_4
363,388,m,-8.2901,0,SINGLE_LETTER,,,,,,,REJECTED_AUTO,0,0,0,,,,,0,0,0,ESDB_V0_4
364,389,president,-8.2901,1,PASS,35,,n,president,LEMMA,,CORE,1,1,1,resident,,,presidents,1,1,1,ESDB_V0_4
365,390,talk,-8.2901,1,PASS,35,,n_v,talk,LEMMA,,CORE,1,1,1,,,stalk,talks,0,2,1,ESDB_V0_4
366,391,almost,-8.3143,1,PASS,35,,av,almost,LEMMA,,CORE,1,0,0,,,,,0,0,0,ESDB_V0_4
367,392,court,-8.3143,1,PASS,35,,n_v,court,LEMMA,,CORE,1,1,1,,,,courts,0,1,1,ESDB_V0_4
368,393,friend,-8.3143,1,PASS,35,60,n_v,friend,LEMMA,,CORE,1,1,1,,,,friends,0,1,1,ESDB_V0_4
369,394,history,-8.3143,1,PASS,35,,n,history,LEMMA,,CORE,1,0,0,,,,,0,0,0,ESDB_V0_4
370,395,hours,-8.3143,1,PASS,35,,n,hour,FORM,,CORE,1,1,0,ours,hour,,,2,0,0,ESDB_V0_4
371,396,lost,-8.3143,1,PASS,35,,v;n;aj,lose;lost,FORM;LEMMA,,CORE,1,0,0,,,,,0,0,0,ESDB_V0_4
372,397,members,-8.3143,1,PASS,35,,n,member,FORM,,CORE,1,1,0,,member,,,1,0,0,ESDB_V0_4
373,398,possible,-8.3143,1,PASS,35,,n;aj,possible,LEMMA,,CORE,1,0,0,,,,,0,0,0,ESDB_V0_4
374,399,season,-8.3143,1,PASS,35,,n_v,season,LEMMA,,CORE,1,1,1,,,,seasons,0,1,1,ESDB_V0_4
375,400,south,-8.3143,1,PASS,35,50,n;aj_av,south,LEMMA,,CORE,1,0,0,,,,,0,0,0,ESDB_V0_4
376,401,story,-8.3143,1,PASS,35,,n,story,LEMMA,,CORE,1,0,0,,,,,0,0,0,ESDB_V0_4
377,402,video,-8.3143,1,PASS,35,,n_v;a,video,LEMMA,,CORE,1,1,1,,,,videos,0,1,1,ESDB_V0_4
378,403,yeah,-8.3143,1,PASS,40,,n;av,yeah,LEMMA,,CORE,1,1,0,,yea,,,1,0,0,ESDB_V0_4
379,404,among,-8.3349,1,PASS,35,,pp,among,LEMMA,,CORE,1,0,0,,,,,0,0,0,ESDB_V0_4
380,405,class,-8.3349,1,PASS,35,,n_v;a,class,LEMMA,,CORE,1,1,1,,,,classy,0,1,0,ESDB_V0_4
381,406,else,-8.3349,1,PASS,35,,a,else,LEMMA,,CORE,1,0,0,,,,,0,0,0,ESDB_V0_4
382,407,girl,-8.3349,1,PASS,35,,n,girl,LEMMA,,CORE,1,1,1,,,,girls,0,1,1,ESDB_V0_4
383,408,nice,-8.3349,1,PASS,35,50,aj,nice,LEMMA,,CORE,1,1,1,ice,,,nicer,1,1,1,ESDB_V0_4
384,409,t,-8.3349,0,SINGLE_LETTER,,,,,,,REJECTED_AUTO,0,0,0,,,,,0,0,0,ESDB_V0_4
385,410,taking,-8.3349,1,PASS,35,,n_v;n,take;taking,FORM;LEMMA,,CORE,1,0,0,,,,,0,0,0,ESDB_V0_4
386,411,wrong,-8.3349,1,PASS,35,,n_v;aj_av,wrong,LEMMA,,CORE,1,1,1,,,,wrongs,0,1,1,ESDB_V0_4
387,414,act,-8.3602,1,PASS,35,40,n_v,act,LEMMA,,CORE,1,1,1,,,fact;pact,acts,0,3,1,ESDB_V0_4
388,415,ago,-8.3602,1,PASS,35,,aj_av,ago,LEMMA,,CORE,1,1,0,go,,,,1,0,0,ESDB_V0_4
389,416,c,-8.3602,0,SINGLE_LETTER,,,,,,,REJECTED_AUTO,0,0,0,,,,,0,0,0,ESDB_V0_4
390,417,close,-8.3602,1,PASS,35,,n_v;aj_av,close,LEMMA,,CORE,1,1,1,lose,,,closed;closer;closet;closes,1,4,3,ESDB_V0_4
391,418,coming,-8.3602,1,PASS,35,,v;n,come;coming,FORM;LEMMA,,CORE,1,0,0,,,,,0,0,0,ESDB_V0_4
392,419,guy,-8.3602,1,PASS,35,50,n_v,guy,LEMMA,,CORE,1,1,1,,,,guys,0,1,1,ESDB_V0_4
393,420,matter,-8.3602,1,PASS,35,,n_v,matter,LEMMA,,CORE,1,1,1,,matte,,matters,1,1,1,ESDB_V0_4
394,421,office,-8.3602,1,PASS,35,,n,office,LEMMA,,CORE,1,1,1,,,,officer;offices,0,2,1,ESDB_V0_4
395,422,political,-8.3602,1,PASS,35,,aj,political,LEMMA,,CORE,1,0,0,,,,,0,0,0,ESDB_V0_4
396,423,question,-8.3602,1,PASS,35,,n_v,question,LEMMA,,CORE,1,1,1,,,,questions,0,1,1,ESDB_V0_4
397,424,room,-8.3602,1,PASS,35,,n_v,room,LEMMA,,CORE,1,1,1,,,groom;broom,rooms,0,3,1,ESDB_V0_4
398,425,single,-8.3602,1,PASS,35,,n_v;aj,single,LEMMA,,CORE,1,1,1,,,,singles;singled,0,2,2,ESDB_V0_4
399,426,taken,-8.3602,1,PASS,35,,n_v;aj,take;taken,FORM;LEMMA,,CORE,1,1,0,,take,,,1,0,0,ESDB_V0_4
400,427,wait,-8.3602,1,PASS,35,,n_v,wait,LEMMA,,CORE,1,1,1,,,await,waits,0,2,1,ESDB_V0_4
401,429,along,-8.3818,1,PASS,35,,av;pp,along,LEMMA,,CORE,1,1,0,long,,,,1,0,0,ESDB_V0_4
402,430,although,-8.3818,1,PASS,35,,c,although,LEMMA,,CORE,1,0,0,,,,,0,0,0,ESDB_V0_4
403,431,cause,-8.3818,1,PASS,35,,n_v,cause,LEMMA,,CORE,1,1,1,,,,caused;causes,0,2,2,ESDB_V0_4
404,432,late,-8.3818,1,PASS,35,,aj_av,late,LEMMA,,CORE,1,1,1,ate,,plate;slate,later;latex,1,4,1,ESDB_V0_4
405,433,remember,-8.3818,1,PASS,35,,v,remember,LEMMA,,CORE,1,1,1,,,,remembers,0,1,1,ESDB_V0_4
406,434,saw,-8.3818,1,PASS,35,,n_v,saw;see,LEMMA;FORM,,CORE,1,1,0,aw,,,,1,0,0,ESDB_V0_4
407,437,ask,-8.4039,1,PASS,35,,v,ask,LEMMA,,CORE,1,1,1,,as,task;mask,asks,1,3,1,ESDB_V0_4
408,438,example,-8.4039,1,PASS,35,,n_v,example,LEMMA,,CORE,1,1,1,,,,examples,0,1,1,ESDB_V0_4
409,439,form,-8.4039,1,PASS,35,,n_v,form,LEMMA,,CORE,1,1,1,,for,,forms,1,1,1,ESDB_V0_4
410,441,john,-8.4039,0,CASE_FREQ_COLLISION,40,35,n,john,LEMMA,,REJECTED_AUTO,0,0,0,,,,,0,0,0,ESDB_V0_4
411,442,pay,-8.4039,1,PASS,35,,n;a;v,pay,LEMMA,,CORE,1,1,1,,pa,,pays,1,1,1,ESDB_V0_4
412,443,post,-8.4039,1,PASS,35,50,n_v,post,LEMMA,,CORE,1,1,1,,,,posts,0,1,1,ESDB_V0_4
413,444,research,-8.4039,1,PASS,35,,n_v,research,LEMMA,,CORE,1,0,0,,,,,0,0,0,ESDB_V0_4
414,445,saying,-8.4039,1,PASS,35,,v;n,say;saying,FORM;LEMMA,,CORE,1,0,0,,,,,0,0,0,ESDB_V0_4
415,446,understand,-8.4039,1,PASS,35,,v,understand,LEMMA,,CORE,1,1,1,,,,understands,0,1,1,ESDB_V0_4
416,447,university,-8.4039,1,PASS,35,,n,university,LEMMA,,CORE,1,0,0,,,,,0,0,0,ESDB_V0_4
417,448,according,-8.4264,1,PASS,35,,n_v;aj,accord;according,FORM;LEMMA,,CORE,1,0,0,,,,,0,0,0,ESDB_V0_4
418,449,due,-8.4264,1,PASS,35,,n;aj_av,due,LEMMA,,CORE,1,1,1,,,,duel;dues;duet,0,3,1,ESDB_V0_4
419,450,either,-8.4264,1,PASS,35,,av;c;d,either,LEMMA,,CORE,1,1,1,,,neither,,0,1,0,ESDB_V0_4
420,451,fuck,-8.4264,1,PASS,40,,n_v;i,fuck,LEMMA,vulgar-1,RECEPTIVE_ONLY,1,1,1,,,,fucks,0,1,1,ESDB_V0_4
421,452,hit,-8.4264,1,PASS,35,,n_v,hit,LEMMA;FORM,,CORE,1,1,1,it,hi,shit,hits,2,2,1,ESDB_V0_4
422,453,idea,-8.4264,1,PASS,35,,n,idea,LEMMA,,CORE,1,1,1,,,,ideas;ideal,0,2,1,ESDB_V0_4
423,454,million,-8.4264,1,PASS,35,,n,million,LEMMA,,CORE,1,1,1,,,,millions,0,1,1,ESDB_V0_4
424,455,months,-8.4264,1,PASS,35,,n,month,FORM,,CORE,1,1,0,,month,,,1,0,0,ESDB_V0_4
425,456,needs,-8.4264,1,PASS,35,,n_v;av,need;needs,FORM;LEMMA,,CORE,1,1,0,,need,,,1,0,0,ESDB_V0_4
426,457,past,-8.4264,1,PASS,35,,n;aj_av;pp,past,LEMMA,,CORE,1,1,1,,pas,,pasta;paste,1,2,0,ESDB_V0_4
427,458,playing,-8.4264,1,PASS,35,,n_v;n,play;playing,FORM;LEMMA,,CORE,1,1,0,laying,,,,1,0,0,ESDB_V0_4
428,459,pretty,-8.4264,1,PASS,35,,n_v;aj_av,pretty,LEMMA,,CORE,1,0,0,,,,,0,0,0,ESDB_V0_4
429,460,probably,-8.4264,1,PASS,35,,av,probably,LEMMA,,CORE,1,0,0,,,,,0,0,0,ESDB_V0_4
430,461,rather,-8.4264,1,PASS,35,50,av,rather,LEMMA,,CORE,1,0,0,,,,,0,0,0,ESDB_V0_4
431,462,soon,-8.4264,1,PASS,35,,av,soon,LEMMA,,CORE,1,0,0,,,,,0,0,0,ESDB_V0_4
432,463,turn,-8.4264,1,PASS,35,,n_v,turn,LEMMA,,CORE,1,1,1,,,,turns,0,1,1,ESDB_V0_4
433,464,whether,-8.4264,1,PASS,35,,c,whether,LEMMA,,CORE,1,0,0,,,,,0,0,0,ESDB_V0_4
434,465,win,-8.4264,1,PASS,35,,n_v,win,LEMMA,,CORE,1,1,1,in,,twin,wind;wine;wins;wing;wink,1,6,1,ESDB_V0_4
435,466,age,-8.4495,1,PASS,35,,n_v,age,LEMMA,,CORE,1,1,1,,,page;wage;rage;cage;sage,ages;aged,0,7,2,ESDB_V0_4
436,467,anyone,-8.4495,1,PASS,35,,pn,anyone,LEMMA,,CORE,1,0,0,,,,,0,0,0,ESDB_V0_4
437,468,community,-8.4495,1,PASS,35,,n,community,LEMMA,,CORE,1,0,0,,,,,0,0,0,ESDB_V0_4
438,469,development,-8.4495,1,PASS,35,,n,development,LEMMA,,CORE,1,1,1,,,,developments,0,1,1,ESDB_V0_4
439,470,further,-8.4495,1,PASS,35,,aj_av;v,far;further,FORM;LEMMA,,CORE,1,0,0,,,,,0,0,0,ESDB_V0_4
440,471,future,-8.4495,1,PASS,35,,n;aj,future,LEMMA,,CORE,1,1,1,,,,futures,0,1,1,ESDB_V0_4
441,472,heart,-8.4495,1,PASS,35,,n,heart,LEMMA,,CORE,1,1,1,,hear,,hearts;hearty,1,2,1,ESDB_V0_4
442,473,leave,-8.4495,1,PASS,35,,n;v,leave,LEMMA,,CORE,1,1,1,,,,leaves,0,1,1,ESDB_V0_4
443,474,light,-8.4495,1,PASS,35,,n_v;aj_av,light,LEMMA,,CORE,1,1,1,,,flight;slight;plight,lights,0,4,1,ESDB_V0_4
444,475,major,-8.4495,1,PASS,35,50,n_v;aj,major,LEMMA,,CORE,1,1,1,,,,majors,0,1,1,ESDB_V0_4
445,476,minutes,-8.4495,1,PASS,35,,n_v,minute,FORM,,CORE,1,1,0,,minute,,,1,0,0,ESDB_V0_4
446,477,morning,-8.4495,1,PASS,35,,n;a;i,morning,LEMMA,,CORE,1,1,1,,,,mornings,0,1,1,ESDB_V0_4
447,478,north,-8.4495,1,PASS,35,50,n;aj_av,north,LEMMA,,CORE,1,0,0,,,,,0,0,0,ESDB_V0_4
448,479,started,-8.4495,1,PASS,35,,n_v,start,FORM,,CORE,1,0,0,,,,,0,0,0,ESDB_V0_4
449,480,york,-8.4495,0,NOT_EXACT_EN_US,,,,,,,REJECTED_AUTO,0,0,0,,,,,0,0,0,ESDB_V0_4
450,481,action,-8.4732,1,PASS,35,,n,action,LEMMA,,CORE,1,1,1,,,faction,actions,0,2,1,ESDB_V0_4
451,482,child,-8.4732,1,PASS,35,,n,child,LEMMA,,CORE,1,0,0,,,,,0,0,0,ESDB_V0_4
452,483,e,-8.4732,0,SINGLE_LETTER,,,,,,,REJECTED_AUTO,0,0,0,,,,,0,0,0,ESDB_V0_4
453,484,father,-8.4732,1,PASS,35,40,n_v,father,LEMMA,,CORE,1,1,1,,,,fathers,0,1,1,ESDB_V0_4
454,485,gonna,-8.4732,1,PASS,35,,s,gonna,LEMMA,,CONTRACTION_SPOKEN,1,0,0,,,,,0,0,0,ESDB_V0_4
455,487,low,-8.4732,1,PASS,35,,n_v;aj_av,low,LEMMA,,CORE,1,1,1,ow,lo,slow;flow;blow;glow,lows,2,5,1,ESDB_V0_4
456,488,move,-8.4732,1,PASS,35,,n_v,move,LEMMA,,CORE,1,1,1,,,,moved;moves,0,2,2,ESDB_V0_4
457,489,police,-8.4732,1,PASS,35,,n;v,police,LEMMA;FORM,,CORE,1,0,0,,,,,0,0,0,ESDB_V0_4
458,490,r,-8.4732,0,SINGLE_LETTER,,,,,,,REJECTED_AUTO,0,0,0,,,,,0,0,0,ESDB_V0_4
459,491,special,-8.4732,1,PASS,35,,n;aj,special,LEMMA,,CORE,1,1,1,,,,specials,0,1,1,ESDB_V0_4
460,492,third,-8.4732,1,PASS,35,,n,third,LEMMA,,CORE,1,1,1,,,,thirds,0,1,1,ESDB_V0_4
461,493,wanted,-8.4732,1,PASS,35,,n_v;aj,want;wanted,FORM;LEMMA,,CORE,1,0,0,,,,,0,0,0,ESDB_V0_4
462,494,woman,-8.4732,1,PASS,35,,n;a,woman,LEMMA,,CORE,1,0,0,,,,,0,0,0,ESDB_V0_4
463,495,comes,-8.4974,1,PASS,35,,v,come,FORM,,CORE,1,1,0,,come,,,1,0,0,ESDB_V0_4
464,496,data,-8.4974,1,PASS,35,,n,datum,FORM,,CORE,1,0,0,,,,,0,0,0,ESDB_V0_4
465,497,happy,-8.4974,1,PASS,35,,aj,happy,LEMMA,,CORE,1,0,0,,,,,0,0,0,ESDB_V0_4
466,498,living,-8.4974,1,PASS,35,,v;n,live;living,FORM;LEMMA,,CORE,1,0,0,,,,,0,0,0,ESDB_V0_4
467,499,reason,-8.4974,1,PASS,35,,n_v,reason,LEMMA,,CORE,1,1,1,,,treason,reasons,0,2,1,ESDB_V0_4
468,500,red,-8.4974,1,PASS,35,,n;aj,red,LEMMA,,CORE,1,1,1,,re,bred,reds,1,2,1,ESDB_V0_4
469,501,report,-8.4974,1,PASS,35,,n_v,report,LEMMA,,CORE,1,1,1,,,,reports,0,1,1,ESDB_V0_4
470,502,short,-8.4974,1,PASS,35,50,n_v;aj_av,short,LEMMA,,CORE,1,1,1,,,,shorts,0,1,1,ESDB_V0_4
471,503,sometimes,-8.4974,1,PASS,35,,av,sometimes,LEMMA,,CORE,1,1,0,,sometime,,,1,0,0,ESDB_V0_4
472,504,son,-8.4974,1,PASS,35,50,n,son,LEMMA,,CORE,1,1,1,on,so,,song;sons,2,2,1,ESDB_V0_4
473,505,stay,-8.4974,1,PASS,35,,n_v,stay,LEMMA,,CORE,1,1,1,,,,stays,0,1,1,ESDB_V0_4
474,506,watch,-8.4974,1,PASS,35,,n_v,watch,LEMMA,,CORE,1,0,0,,,,,0,0,0,ESDB_V0_4
475,508,bit,-8.5172,1,PASS,35,,n;a;n_v,bit;bite,LEMMA;FORM,,CORE,1,1,1,it,,,bite;bits,1,2,1,ESDB_V0_4
476,509,education,-8.5172,1,PASS,35,,n,education,LEMMA,,CORE,1,0,0,,,,,0,0,0,ESDB_V0_4
477,510,fucking,-8.5172,1,PASS,40,,n_v;aj_av,fuck;fucking,FORM;LEMMA,vulgar-1,RECEPTIVE_ONLY,1,0,0,,,,,0,0,0,ESDB_V0_4
478,511,land,-8.5172,1,PASS,35,50,n_v,land,LEMMA,,CORE,1,1,1,and,,bland;gland,lands,1,3,1,ESDB_V0_4
479,512,looks,-8.5172,1,PASS,35,,n_v,look,FORM,,CORE,1,1,0,,look,,,1,0,0,ESDB_V0_4
480,513,myself,-8.5172,1,PASS,35,,pn,i,FORM,,CORE,1,0,0,,,,,0,0,0,ESDB_V0_4
481,514,works,-8.5172,1,PASS,35,,n_v;n,work;works,FORM;LEMMA,,CORE,1,1,0,,work,,,1,0,0,ESDB_V0_4
482,516,asked,-8.5425,1,PASS,35,,v,ask,FORM,,CORE,1,1,1,,,masked;tasked,,0,2,0,ESDB_V0_4
483,517,deal,-8.5425,1,PASS,35,,n_v,deal,LEMMA,,CORE,1,1,1,,,ideal,deals;dealt,0,3,2,ESDB_V0_4
484,518,experience,-8.5425,1,PASS,35,,n_v,experience,LEMMA,,CORE,1,1,1,,,,experienced;experiences,0,2,2,ESDB_V0_4
485,519,final,-8.5425,1,PASS,35,,n;aj,final,LEMMA,,CORE,1,1,1,,,,finals;finale,0,2,1,ESDB_V0_4
486,520,list,-8.5425,1,PASS,35,,n_v,list,LEMMA,,CORE,1,1,1,,,,lists,0,1,1,ESDB_V0_4
487,521,market,-8.5425,1,PASS,35,,n_v,market,LEMMA,,CORE,1,1,1,,,,markets,0,1,1,ESDB_V0_4
488,522,meet,-8.5425,1,PASS,35,,n_v;aj,meet,LEMMA,,CORE,1,1,1,,,,meets,0,1,1,ESDB_V0_4
489,523,non,-8.5425,0,SPECIAL_ONLY,35,,n;av,non,LEMMA,,REJECTED_AUTO,0,0,0,,,,,0,0,0,ESDB_V0_4
490,524,six,-8.5425,1,PASS,35,,n,six,LEMMA,,CORE,1,0,0,,,,,0,0,0,ESDB_V0_4
491,525,study,-8.5425,1,PASS,35,,n_v,study,LEMMA,,CORE,1,1,0,,stud,,,1,0,0,ESDB_V0_4
492,526,type,-8.5425,1,PASS,35,,n_v,type,LEMMA,,CORE,1,1,1,,,,types;typed,0,2,2,ESDB_V0_4
493,527,word,-8.5425,1,PASS,35,,n_v,word,LEMMA,,CORE,1,1,1,,,sword,words,0,2,1,ESDB_V0_4
494,528,building,-8.5632,1,PASS,35,,n_v;n,build;building,FORM;LEMMA,,CORE,1,1,1,,,,buildings,0,1,1,ESDB_V0_4
495,529,check,-8.5632,1,PASS,35,,v;a;i;n,check,LEMMA,,CORE,1,1,1,heck,,,checks,1,1,1,ESDB_V0_4
496,530,fire,-8.5632,1,PASS,35,,n_v,fire,LEMMA,,CORE,1,1,1,,fir,,fired;fires,1,2,2,ESDB_V0_4
497,531,force,-8.5632,1,PASS,35,,n_v,force,LEMMA,,CORE,1,1,1,,,,forces;forced,0,2,2,ESDB_V0_4
498,532,front,-8.5632,1,PASS,35,,n_v;aj,front,LEMMA,,CORE,1,1,1,,,,fronts,0,1,1,ESDB_V0_4
499,533,la,-8.5632,0,CASE_FREQ_COLLISION,50,50,n,la,LEMMA,,REJECTED_AUTO,0,0,0,,,,,0,0,0,ESDB_V0_4
500,534,main,-8.5632,1,PASS,35,,n;aj,main,LEMMA,,CORE,1,1,1,,,,mains,0,1,1,ESDB_V0_4
501,535,mother,-8.5632,1,PASS,35,,n_v;a,mother,LEMMA,,CORE,1,1,1,other,,,mothers,1,1,1,ESDB_V0_4
502,536,near,-8.5632,1,PASS,35,,v;aj_av;pp,near,LEMMA,,CORE,1,1,0,ear,,,,1,0,0,ESDB_V0_4
503,537,period,-8.5632,1,PASS,35,,n;a;i,period,LEMMA,,CORE,1,1,1,,,,periods,0,1,1,ESDB_V0_4
504,538,process,-8.5632,1,PASS,35,,n_v;a,process,LEMMA,,CORE,1,0,0,,,,,0,0,0,ESDB_V0_4
505,540,april,-8.5898,0,NOT_EXACT_EN_US,,,,,,,REJECTED_AUTO,0,0,0,,,,,0,0,0,ESDB_V0_4
506,541,art,-8.5898,1,PASS,35,50,n;v,art;be,LEMMA;FORM,,CORE,1,1,1,,,part;hart;cart;mart;fart;dart;tart;kart,arts,0,9,1,ESDB_V0_4
507,542,former,-8.5898,1,PASS,35,,d,former,LEMMA,,CORE,1,0,0,,,,,0,0,0,ESDB_V0_4
508,543,heard,-8.5898,1,PASS,35,,v;aj,hear;heard,FORM;LEMMA,,CORE,1,1,0,,hear,,,1,0,0,ESDB_V0_4
509,544,london,-8.5898,0,NOT_EXACT_EN_US,,,,,,,REJECTED_AUTO,0,0,0,,,,,0,0,0,ESDB_V0_4
510,545,plan,-8.5898,1,PASS,35,,n_v,plan,LEMMA,,CORE,1,1,1,,,,plans;plant;plane;plank,0,4,1,ESDB_V0_4
511,546,quite,-8.5898,1,PASS,35,,av,quite,LEMMA,,CORE,1,1,0,,quit,,,1,0,0,ESDB_V0_4
512,547,series,-8.5898,1,PASS,35,,n,series,LEMMA,,CORE,1,0,0,,,,,0,0,0,ESDB_V0_4
513,548,site,-8.5898,1,PASS,35,,n_v,site,LEMMA,,CORE,1,1,1,,sit,,sites,1,1,1,ESDB_V0_4
514,549,talking,-8.5898,1,PASS,35,,n_v;n,talk;talking,FORM;LEMMA,,CORE,1,1,1,,,stalking,,0,1,0,ESDB_V0_4
515,550,west,-8.5898,1,PASS,35,50,n;aj_av,west,LEMMA,,CORE,1,0,0,,,,,0,0,0,ESDB_V0_4
516,552,behind,-8.6115,1,PASS,35,,n;aj_av;pp,behind,LEMMA,,CORE,1,0,0,,,,,0,0,0,ESDB_V0_4
517,553,bring,-8.6115,1,PASS,35,,v,bring,LEMMA,,CORE,1,1,1,ring,,,brings,1,1,1,ESDB_V0_4
518,554,clear,-8.6115,1,PASS,35,,n_v;aj_av,clear,LEMMA,,MASTER,0,1,1,,,,clears,0,1,1,ESDB_V0_4
519,555,french,-8.6115,0,NOT_EXACT_EN_US,,,,,,,REJECTED_AUTO,0,0,0,,,,,0,0,0,ESDB_V0_4
520,556,held,-8.6115,1,PASS,35,,aj;n_v,held;hold,LEMMA;FORM,,MASTER,0,0,0,,,,,0,0,0,ESDB_V0_4
521,557,outside,-8.6115,1,PASS,35,,n;aj_av;pp,outside,LEMMA,,MASTER,0,1,1,,,,outsider,0,1,0,ESDB_V0_4
522,558,phone,-8.6115,1,PASS,35,,n_v,phone,LEMMA,,MASTER,0,1,1,,,,phones;phoned,0,2,2,ESDB_V0_4
523,559,position,-8.6115,1,PASS,35,,n_v,position,LEMMA,,MASTER,0,1,1,,,,positions,0,1,1,ESDB_V0_4
524,560,yourself,-8.6115,1,PASS,35,,pn,you,FORM,,MASTER,0,0,0,,,,,0,0,0,ESDB_V0_4
525,561,above,-8.6337,1,PASS,35,,n;aj_av;pp,above,LEMMA,,MASTER,0,0,0,,,,,0,0,0,ESDB_V0_4
526,562,available,-8.6337,1,PASS,35,,aj,available,LEMMA,,MASTER,0,0,0,,,,,0,0,0,ESDB_V0_4
527,563,current,-8.6337,1,PASS,35,,n;aj,current,LEMMA,,MASTER,0,1,1,,,,currents,0,1,1,ESDB_V0_4
528,564,easy,-8.6337,1,PASS,35,,aj_av;i,easy,LEMMA,,MASTER,0,0,0,,,,,0,0,0,ESDB_V0_4
529,565,field,-8.6337,1,PASS,35,,n_v,field,LEMMA,,MASTER,0,1,1,,,,fields,0,1,1,ESDB_V0_4
530,566,gave,-8.6337,1,PASS,35,,v,give,FORM,,MASTER,0,0,0,,,,,0,0,0,ESDB_V0_4
531,567,ready,-8.6337,1,PASS,35,,v;aj,ready,LEMMA,,MASTER,0,1,0,,read,,,1,0,0,ESDB_V0_4
532,568,security,-8.6337,1,PASS,35,,n,security,LEMMA,,MASTER,0,0,0,,,,,0,0,0,ESDB_V0_4
533,569,song,-8.6337,1,PASS,35,,n,song,LEMMA,,MASTER,0,1,1,,son,,songs,1,1,1,ESDB_V0_4
534,570,sorry,-8.6337,1,PASS,35,,aj,sorry,LEMMA,,MASTER,0,0,0,,,,,0,0,0,ESDB_V0_4
535,571,students,-8.6337,1,PASS,35,,n,student,FORM,,MASTER,0,1,0,,student,,,1,0,0,ESDB_V0_4
536,572,total,-8.6337,1,PASS,35,,n_v;aj,total,LEMMA,,MASTER,0,1,1,,,,totals,0,1,1,ESDB_V0_4
537,573,words,-8.6337,1,PASS,35,,n_v,word,FORM,,MASTER,0,1,1,,word,swords,,1,1,0,ESDB_V0_4
538,574,across,-8.6565,1,PASS,35,,av;pp,across,LEMMA,,MASTER,0,1,0,cross,,,,1,0,0,ESDB_V0_4
539,575,buy,-8.6565,1,PASS,35,,n_v,buy,LEMMA,,MASTER,0,1,1,,,,buys,0,1,1,ESDB_V0_4
540,576,common,-8.6565,1,PASS,35,,n;aj,common,LEMMA,,MASTER,0,1,1,,,,commons,0,1,1,ESDB_V0_4
541,577,english,-8.6565,0,NOT_EXACT_EN_US,,,,,,,REJECTED_AUTO,0,0,0,,,,,0,0,0,ESDB_V0_4
542,578,himself,-8.6565,1,PASS,35,,pn,he,FORM,,MASTER,0,0,0,,,,,0,0,0,ESDB_V0_4
543,579,language,-8.6565,1,PASS,35,,n,language,LEMMA,,MASTER,0,1,1,,,,languages,0,1,1,ESDB_V0_4
544,580,march,-8.6565,1,PASS,35,35,n_v,march,LEMMA,,MASTER,0,1,0,arch,,,,1,0,0,ESDB_V0_4
545,581,military,-8.6565,1,PASS,35,,n;aj,military,LEMMA;FORM,,MASTER,0,0,0,,,,,0,0,0,ESDB_V0_4
546,582,minister,-8.6565,1,PASS,35,,n_v,minister,LEMMA,,MASTER,0,1,1,,,,ministers,0,1,1,ESDB_V0_4
547,583,moment,-8.6565,1,PASS,35,,n,moment,LEMMA,,MASTER,0,1,1,,,,moments,0,1,1,ESDB_V0_4
548,584,players,-8.6565,1,PASS,35,,n,player,FORM,,MASTER,0,1,0,layers,player,,,2,0,0,ESDB_V0_4
549,585,present,-8.6565,1,PASS,35,,n_v;aj,present,LEMMA,,MASTER,0,1,1,resent,,,presents,1,1,1,ESDB_V0_4
550,586,return,-8.6565,1,PASS,35,,n_v;a,return,LEMMA,,MASTER,0,1,1,,,,returns,0,1,1,ESDB_V0_4
551,587,services,-8.6565,1,PASS,35,,n_v,service,FORM,,MASTER,0,1,0,,service,,,1,0,0,ESDB_V0_4
552,588,term,-8.6565,1,PASS,35,,n_v,term,LEMMA,,MASTER,0,1,1,,,,terms,0,1,1,ESDB_V0_4
553,589,town,-8.6565,1,PASS,35,,n;a,town,LEMMA,,MASTER,0,1,1,own,tow,,towns,2,1,1,ESDB_V0_4
554,590,church,-8.6797,1,PASS,35,50,n,church,LEMMA,,MASTER,0,0,0,,,,,0,0,0,ESDB_V0_4
555,591,department,-8.6797,1,PASS,35,,n,department,LEMMA,,MASTER,0,1,1,,,,departments,0,1,1,ESDB_V0_4
556,592,fun,-8.6797,1,PASS,35,,n;a,fun,LEMMA,,MASTER,0,1,1,,,,fund;funk,0,2,0,ESDB_V0_4
557,593,interest,-8.6797,1,PASS,35,,n_v,interest,LEMMA,,MASTER,0,1,1,,,,interests,0,1,1,ESDB_V0_4
558,594,problems,-8.6797,1,PASS,35,,n,problem,FORM,,MASTER,0,1,0,,problem,,,1,0,0,ESDB_V0_4
559,595,role,-8.6797,1,PASS,35,,n,role,LEMMA,,MASTER,0,1,1,ole,,,roles,1,1,1,ESDB_V0_4
560,596,self,-8.6797,1,PASS,35,,n;aj,self,LEMMA,,MASTER,0,1,0,elf,,,,1,0,0,ESDB_V0_4
561,597,shall,-8.6797,1,PASS,35,,v,shall,LEMMA;FORM,,MASTER,0,1,0,hall,,,,1,0,0,ESDB_V0_4
562,598,similar,-8.6797,1,PASS,35,,aj,similar,LEMMA,,MASTER,0,0,0,,,,,0,0,0,ESDB_V0_4
563,599,society,-8.6797,1,PASS,35,,n,society,LEMMA,,MASTER,0,0,0,,,,,0,0,0,ESDB_V0_4
564,600,space,-8.6797,1,PASS,35,,n_v;a,space,LEMMA,,MASTER,0,1,1,pace,,,spaces;spaced,1,2,2,ESDB_V0_4
565,601,strong,-8.6797,1,PASS,35,50,aj,strong,LEMMA,,MASTER,0,0,0,,,,,0,0,0,ESDB_V0_4
566,602,thinking,-8.6797,1,PASS,35,,v;n,think;thinking,FORM;LEMMA,,MASTER,0,0,0,,,,,0,0,0,ESDB_V0_4
567,603,account,-8.7035,1,PASS,35,,n_v,account,LEMMA,,MASTER,0,1,1,,,,accounts,0,1,1,ESDB_V0_4
568,604,baby,-8.7035,1,PASS,35,,n_v;a,baby,LEMMA,,MASTER,0,0,0,,,,,0,0,0,ESDB_V0_4
569,605,british,-8.7035,0,NOT_EXACT_EN_US,,,,,,,REJECTED_AUTO,0,0,0,,,,,0,0,0,ESDB_V0_4
570,606,chance,-8.7035,1,PASS,35,50,n_v;aj,chance,LEMMA,,MASTER,0,1,1,,,,chances,0,1,1,ESDB_V0_4
571,607,especially,-8.7035,1,PASS,35,,av,especially,LEMMA,,MASTER,0,1,0,specially,,,,1,0,0,ESDB_V0_4
572,608,eyes,-8.7035,1,PASS,35,,n;v,eye,FORM,,MASTER,0,1,0,yes,eye,,,2,0,0,ESDB_V0_4
573,609,include,-8.7035,1,PASS,35,,v,include,LEMMA,,MASTER,0,1,1,,,,included;includes,0,2,2,ESDB_V0_4
574,610,issue,-8.7035,1,PASS,35,,n_v,issue,LEMMA,,MASTER,0,1,1,,,tissue,issues;issued,0,3,2,ESDB_V0_4
575,611,l,-8.7035,0,SINGLE_LETTER,,,,,,,REJECTED_AUTO,0,0,0,,,,,0,0,0,ESDB_V0_4
576,612,miss,-8.7035,1,PASS,35,40,n_v,miss,LEMMA,,MASTER,0,0,0,,,,,0,0,0,ESDB_V0_4
577,613,program,-8.7035,1,PASS,35,,n;v;n_v,program,LEMMA,,MASTER,0,1,1,,,,programs,0,1,1,ESDB_V0_4
578,614,rest,-8.7035,1,PASS,35,,n_v,rest,LEMMA,,MASTER,0,1,1,,,crest,rests,0,2,1,ESDB_V0_4
579,615,result,-8.7035,1,PASS,35,,n_v,result,LEMMA,,MASTER,0,1,1,,,,results,0,1,1,ESDB_V0_4
580,616,view,-8.7035,1,PASS,35,,n_v,view,LEMMA,,MASTER,0,1,1,,vie,,views,1,1,1,ESDB_V0_4
581,618,al,-8.7279,0,NOT_EXACT_EN_US,,,,,,,REJECTED_AUTO,0,0,0,,,,,0,0,0,ESDB_V0_4
582,619,board,-8.7279,1,PASS,35,,n_v,board,LEMMA,,MASTER,0,1,1,,boar,aboard,boards,1,2,1,ESDB_V0_4
583,620,certain,-8.7279,1,PASS,35,,aj;pn,certain,LEMMA,,MASTER,0,0,0,,,,,0,0,0,ESDB_V0_4
584,621,cost,-8.7279,1,PASS,35,,n;v,cost,LEMMA;FORM,,MASTER,0,1,1,,cos,,costs,1,1,1,ESDB_V0_4
585,622,cut,-8.7279,1,PASS,35,,n_v;aj,cut,LEMMA;FORM,,MASTER,0,1,1,,,,cute;cuts,0,2,1,ESDB_V0_4
586,623,energy,-8.7279,1,PASS,35,,n,energy,LEMMA,,MASTER,0,0,0,,,,,0,0,0,ESDB_V0_4
587,624,evidence,-8.7279,1,PASS,35,,n;v,evidence,LEMMA,,MASTER,0,1,1,,,,evidenced,0,1,1,ESDB_V0_4
588,625,fight,-8.7279,1,PASS,35,,n_v,fight,LEMMA,,MASTER,0,1,1,,,,fights,0,1,1,ESDB_V0_4
589,626,hear,-8.7279,1,PASS,35,,v,hear,LEMMA,,MASTER,0,1,1,ear,,shear,heart;heard;hears,1,4,2,ESDB_V0_4
590,627,instead,-8.7279,1,PASS,35,,av,instead,LEMMA,,MASTER,0,0,0,,,,,0,0,0,ESDB_V0_4
591,628,king,-8.7279,1,PASS,35,50,n;a,king,LEMMA,,MASTER,0,1,1,,kin,,kings,1,1,1,ESDB_V0_4
592,629,member,-8.7279,1,PASS,35,,n,member,LEMMA,,MASTER,0,1,1,,,,members,0,1,1,ESDB_V0_4
593,630,official,-8.7279,1,PASS,35,,n;aj,official,LEMMA,,MASTER,0,1,1,,,,officials,0,1,1,ESDB_V0_4
594,631,parents,-8.7279,1,PASS,35,,n_v,parent,FORM,,MASTER,0,1,0,,parent,,,1,0,0,ESDB_V0_4
595,632,personal,-8.7279,1,PASS,35,,n;aj,personal,LEMMA,,MASTER,0,1,0,,persona,,,1,0,0,ESDB_V0_4
596,633,played,-8.7279,1,PASS,35,,n_v;aj,play;played,FORM;LEMMA,,MASTER,0,0,0,,,,,0,0,0,ESDB_V0_4
597,634,points,-8.7279,1,PASS,35,,n_v,point,FORM,,MASTER,0,1,0,,point,,,1,0,0,ESDB_V0_4
598,635,price,-8.7279,1,PASS,35,50,n_v,price,LEMMA,,MASTER,0,1,1,rice,,,prices;priced,1,2,2,ESDB_V0_4
599,636,results,-8.7279,1,PASS,35,,n_v,result,FORM,,MASTER,0,1,0,,result,,,1,0,0,ESDB_V0_4
600,637,road,-8.7279,1,PASS,35,,n,road,LEMMA,,MASTER,0,1,1,,,broad,roads,0,2,1,ESDB_V0_4
601,638,seems,-8.7279,1,PASS,35,,v,seem,FORM,,MASTER,0,1,0,,seem,,,1,0,0,ESDB_V0_4
602,639,sense,-8.7279,1,PASS,35,,n_v,sense,LEMMA,,MASTER,0,1,1,,,,senses;sensed,0,2,2,ESDB_V0_4
603,640,street,-8.7279,1,PASS,35,,n;a,street,LEMMA,,MASTER,0,1,1,,,,streets,0,1,1,ESDB_V0_4
604,641,summer,-8.7279,1,PASS,35,50,n_v;a,summer,LEMMA,,MASTER,0,1,1,,,,summers,0,1,1,ESDB_V0_4
605,643,wife,-8.7279,1,PASS,35,,n,wife,LEMMA,,MASTER,0,0,0,,,,,0,0,0,ESDB_V0_4
606,644,became,-8.7529,1,PASS,35,,v,become,FORM,,MASTER,0,0,0,,,,,0,0,0,ESDB_V0_4
607,645,boy,-8.7529,1,PASS,35,,n;i,boy,LEMMA,,MASTER,0,1,1,,,,boys,0,1,1,ESDB_V0_4
608,646,dead,-8.7529,1,PASS,35,,n;aj_av,dead,LEMMA;FORM,,MASTER,0,0,0,,,,,0,0,0,ESDB_V0_4
609,647,died,-8.7529,1,PASS,35,,v,die,FORM,,MASTER,0,1,0,,die,,,1,0,0,ESDB_V0_4
610,648,economic,-8.7529,1,PASS,35,,aj,economic,LEMMA,,MASTER,0,1,1,,,,economics,0,1,0,ESDB_V0_4
611,649,fine,-8.7529,1,PASS,35,,n_v;aj_av;i,fine,LEMMA,,MASTER,0,1,1,,fin,,fines;fined;finer,1,3,3,ESDB_V0_4
612,650,gets,-8.7529,1,PASS,35,,n_v,get,FORM,,MASTER,0,1,0,,get,,,1,0,0,ESDB_V0_4
613,651,goes,-8.7529,1,PASS,35,,v;n,go,FORM,,MASTER,0,0,0,,,,,0,0,0,ESDB_V0_4
614,652,higher,-8.7529,1,PASS,35,,aj_av,high,FORM,,MASTER,0,0,0,,,,,0,0,0,ESDB_V0_4
615,653,lead,-8.7529,1,PASS,35,,n;a;v,lead,LEMMA,,MASTER,0,1,1,,,plead,leads,0,2,1,ESDB_V0_4
616,654,lord,-8.7529,1,PASS,35,40,n_v;i,lord,LEMMA,,MASTER,0,1,1,,,,lords,0,1,1,ESDB_V0_4
617,655,online,-8.7529,1,PASS,40,,aj,online,LEMMA,,MASTER,0,0,0,,,,,0,0,0,ESDB_V0_4
618,656,rights,-8.7529,1,PASS,35,,n_v,right,FORM,,MASTER,0,1,0,,right,,,1,0,0,ESDB_V0_4
619,657,test,-8.7529,1,PASS,35,,n_v,test,LEMMA,,MASTER,0,1,1,,,,tests,0,1,1,ESDB_V0_4
620,658,council,-8.7721,1,PASS,35,,n,council,LEMMA,,MASTER,0,1,1,,,,councils,0,1,1,ESDB_V0_4
621,659,dr,-8.7721,0,NOT_EXACT_EN_US,,,,,,,REJECTED_AUTO,0,0,0,,,,,0,0,0,ESDB_V0_4
622,660,european,-8.7721,0,NOT_EXACT_EN_US,,,,,,,REJECTED_AUTO,0,0,0,,,,,0,0,0,ESDB_V0_4
623,661,june,-8.7721,0,NOT_EXACT_EN_US,,,,,,,REJECTED_AUTO,0,0,0,,,,,0,0,0,ESDB_V0_4
624,662,killed,-8.7721,1,PASS,35,,n_v,kill,FORM,,MASTER,0,1,1,,,skilled,,0,1,0,ESDB_V0_4
625,663,likely,-8.7721,1,PASS,35,,aj_av,likely,LEMMA,,MASTER,0,0,0,,,,,0,0,0,ESDB_V0_4
626,664,longer,-8.7721,1,PASS,35,,aj_av;n,long;longer,FORM;LEMMA,,MASTER,0,0,0,,,,,0,0,0,ESDB_V0_4
627,665,media,-8.7721,1,PASS,35,50,n;a,media;medium,LEMMA;FORM,,MASTER,0,1,1,,,,median,0,1,0,ESDB_V0_4
628,666,middle,-8.7721,1,PASS,35,,n;aj,middle,LEMMA,,MASTER,0,0,0,,,,,0,0,0,ESDB_V0_4
629,667,press,-8.7721,1,PASS,35,,n_v,press,LEMMA,,MASTER,0,0,0,,,,,0,0,0,ESDB_V0_4
630,668,private,-8.7721,1,PASS,35,60,n;aj,private,LEMMA,,MASTER,0,0,0,,,,,0,0,0,ESDB_V0_4
631,669,production,-8.7721,1,PASS,35,,n,production,LEMMA,,MASTER,0,1,1,,,,productions,0,1,1,ESDB_V0_4
632,670,project,-8.7721,1,PASS,35,,n_v,project,LEMMA,,MASTER,0,1,1,,,,projects,0,1,1,ESDB_V0_4
633,671,received,-8.7721,1,PASS,35,,v;aj,receive;received,FORM;LEMMA,,MASTER,0,1,0,,receive,,,1,0,0,ESDB_V0_4
634,672,shows,-8.7721,1,PASS,35,,n_v,show,FORM,,MASTER,0,1,0,,show,,,1,0,0,ESDB_V0_4
635,673,trade,-8.7721,1,PASS,35,,n_v;a,trade,LEMMA,,MASTER,0,1,1,,,,traded;trades;trader,0,3,2,ESDB_V0_4
636,674,tv,-8.7721,0,NOT_EXACT_EN_US,,,,,,,REJECTED_AUTO,0,0,0,,,,,0,0,0,ESDB_V0_4
637,675,upon,-8.7721,1,PASS,35,,pp,upon,LEMMA,,MASTER,0,0,0,,,,,0,0,0,ESDB_V0_4
638,676,value,-8.7721,1,PASS,35,,n_v,value,LEMMA,,MASTER,0,1,1,,,,values;valued,0,2,2,ESDB_V0_4
639,677,wants,-8.7721,1,PASS,35,,n_v,want,FORM,,MASTER,0,1,0,ants,want,,,2,0,0,ESDB_V0_4
640,678,wish,-8.7721,1,PASS,35,,n_v,wish,LEMMA,,MASTER,0,0,0,,,,,0,0,0,ESDB_V0_4
641,679,alone,-8.7982,1,PASS,35,,aj_av,alone,LEMMA,,MASTER,0,1,0,lone,,,,1,0,0,ESDB_V0_4
642,680,beautiful,-8.7982,1,PASS,35,,aj,beautiful,LEMMA,,MASTER,0,0,0,,,,,0,0,0,ESDB_V0_4
643,681,countries,-8.7982,1,PASS,35,,n,country,FORM,,MASTER,0,0,0,,,,,0,0,0,ESDB_V0_4
644,682,date,-8.7982,1,PASS,35,,n_v,date,LEMMA,,MASTER,0,1,1,ate,,,dates;dated,1,2,2,ESDB_V0_4
645,683,finally,-8.7982,1,PASS,35,,av,finally,LEMMA,,MASTER,0,0,0,,,,,0,0,0,ESDB_V0_4
646,684,groups,-8.7982,1,PASS,35,,n_v,group,FORM,,MASTER,0,1,0,,group,,,1,0,0,ESDB_V0_4
647,685,hey,-8.7982,1,PASS,35,,i,hey,LEMMA,,MASTER,0,1,1,,he,they,,1,1,0,ESDB_V0_4
648,686,hold,-8.7982,1,PASS,35,,n_v,hold,LEMMA,,MASTER,0,1,1,old,,,holds,1,1,1,ESDB_V0_4
649,687,kids,-8.7982,1,PASS,35,,n_v,kid,FORM,,MASTER,0,1,0,ids,kid,,,2,0,0,ESDB_V0_4
650,688,knew,-8.7982,1,PASS,35,,v,know,FORM,,MASTER,0,1,0,new,,,,1,0,0,ESDB_V0_4
651,689,month,-8.7982,1,PASS,35,,n,month,LEMMA,,MASTER,0,1,1,,,,months,0,1,1,ESDB_V0_4
652,690,p,-8.7982,0,SINGLE_LETTER,,,,,,,REJECTED_AUTO,0,0,0,,,,,0,0,0,ESDB_V0_4
653,691,policy,-8.7982,1,PASS,35,,n,policy,LEMMA,,MASTER,0,0,0,,,,,0,0,0,ESDB_V0_4
654,692,questions,-8.7982,1,PASS,35,,n_v,question,FORM,,MASTER,0,1,0,,question,,,1,0,0,ESDB_V0_4
655,693,rate,-8.7982,1,PASS,35,,n_v,rate,LEMMA,,MASTER,0,1,1,ate,rat,crate,rates;rated,2,3,2,ESDB_V0_4
656,694,record,-8.7982,1,PASS,35,,n_v;a,record,LEMMA,,MASTER,0,1,1,,,,records,0,1,1,ESDB_V0_4
657,695,running,-8.7982,1,PASS,35,,n_v;n,run;running,FORM;LEMMA,,MASTER,0,0,0,,,,,0,0,0,ESDB_V0_4
658,696,sent,-8.7982,1,PASS,35,,v;n;aj,send;sent,FORM;LEMMA,,MASTER,0,0,0,,,,,0,0,0,ESDB_V0_4
659,697,shot,-8.7982,1,PASS,35,,n_v;n;aj,shoot;shot,FORM;LEMMA,,MASTER,0,1,1,hot,,,shots,1,1,1,ESDB_V0_4
660,698,added,-8.8183,1,PASS,35,,v,add,FORM,,MASTER,0,0,0,,,,,0,0,0,ESDB_V0_4
661,699,america,-8.8183,0,NOT_EXACT_EN_US,,,,,,,REJECTED_AUTO,0,0,0,,,,,0,0,0,ESDB_V0_4
662,700,brought,-8.8183,1,PASS,35,,v,bring,FORM,,MASTER,0,0,0,,,,,0,0,0,ESDB_V0_4
663,701,college,-8.8183,1,PASS,35,,n,college,LEMMA,,MASTER,0,1,1,,,,colleges,0,1,1,ESDB_V0_4
664,702,decision,-8.8183,1,PASS,35,,n,decision,LEMMA,,MASTER,0,1,1,,,,decisions,0,1,1,ESDB_V0_4
665,703,gone,-8.8183,1,PASS,35,,v;aj,go;gone,FORM;LEMMA,,MASTER,0,1,0,one,,,,1,0,0,ESDB_V0_4
666,704,ground,-8.8183,1,PASS,35,,n_v,grind;ground,FORM;LEMMA,,MASTER,0,1,1,round,,,grounds,1,1,1,ESDB_V0_4
667,705,guess,-8.8183,1,PASS,35,,n_v,guess,LEMMA,,MASTER,0,0,0,,,,,0,0,0,ESDB_V0_4
668,706,happened,-8.8183,1,PASS,35,,v,happen,FORM,,MASTER,0,0,0,,,,,0,0,0,ESDB_V0_4
669,707,hour,-8.8183,1,PASS,35,,n,hour,LEMMA,,MASTER,0,1,1,our,,,hours,1,1,1,ESDB_V0_4
670,708,original,-8.8183,1,PASS,35,,n;aj,original,LEMMA,,MASTER,0,1,1,,,,originals,0,1,1,ESDB_V0_4
671,709,sex,-8.8183,1,PASS,35,,n_v,sex,LEMMA,,MASTER,0,1,1,ex,,,sexy,1,1,0,ESDB_V0_4
672,710,situation,-8.8183,1,PASS,35,,n,situation,LEMMA,,MASTER,0,1,1,,,,situations,0,1,1,ESDB_V0_4
673,711,source,-8.8183,1,PASS,35,,n_v,source,LEMMA,,MASTER,0,1,1,,,,sources;sourced,0,2,2,ESDB_V0_4
674,712,themselves,-8.8183,1,PASS,35,,pn,they,FORM,,MASTER,0,0,0,,,,,0,0,0,ESDB_V0_4
675,713,answer,-8.8388,1,PASS,35,,n_v,answer,LEMMA,,MASTER,0,1,1,,,,answers,0,1,1,ESDB_V0_4
676,714,average,-8.8388,1,PASS,35,,n_v;aj,average,LEMMA,,MASTER,0,1,1,,,,averaged;averages,0,2,2,ESDB_V0_4
677,715,break,-8.8388,1,PASS,35,,n_v,break,LEMMA,,MASTER,0,1,1,,,,breaks,0,1,1,ESDB_V0_4
678,716,central,-8.8388,1,PASS,35,60,n;aj,central,LEMMA,,MASTER,0,0,0,,,,,0,0,0,ESDB_V0_4
679,717,club,-8.8388,1,PASS,35,,n_v,club,LEMMA,,MASTER,0,1,1,,,,clubs,0,1,1,ESDB_V0_4
680,718,co,-8.8388,0,NO_ESDB_GENERAL_EVIDENCE,,,,,,,REJECTED_AUTO,0,0,0,,,,,0,0,0,ESDB_V0_4
681,719,east,-8.8388,1,PASS,35,50,n;aj_av,east,LEMMA,,MASTER,0,1,1,,,least;beast;feast;yeast,,0,4,0,ESDB_V0_4
682,720,follow,-8.8388,1,PASS,35,,v,follow,LEMMA,,MASTER,0,1,1,,,,follows,0,1,1,ESDB_V0_4
683,721,gold,-8.8388,1,PASS,35,,n;aj,gold,LEMMA,,MASTER,0,1,0,old,,,,1,0,0,ESDB_V0_4
684,722,hands,-8.8388,1,PASS,35,,n_v,hand,FORM,,MASTER,0,1,0,,hand,,,1,0,0,ESDB_V0_4
685,723,happen,-8.8388,1,PASS,35,,v,happen,LEMMA,,MASTER,0,1,1,,,,happens,0,1,1,ESDB_V0_4
686,724,issues,-8.8388,1,PASS,35,,n_v,issue,FORM,,MASTER,0,1,1,,issue,tissues,,1,1,0,ESDB_V0_4
687,725,learn,-8.8388,1,PASS,35,,v,learn,LEMMA,,MASTER,0,1,1,earn,,,learns,1,1,1,ESDB_V0_4
688,726,needed,-8.8388,1,PASS,35,,n_v;aj,need;needed,FORM;LEMMA,,MASTER,0,0,0,,,,,0,0,0,ESDB_V0_4
689,727,takes,-8.8388,1,PASS,35,,n_v,take,FORM,,MASTER,0,1,1,,take,stakes,,1,1,0,ESDB_V0_4
690,728,usually,-8.8388,1,PASS,35,,av,usually,LEMMA,,MASTER,0,0,0,,,,,0,0,0,ESDB_V0_4
691,729,various,-8.8388,1,PASS,35,,aj,various,LEMMA,,MASTER,0,0,0,,,,,0,0,0,ESDB_V0_4
692,731,won,-8.8388,1,PASS,35,,n_v;n,win;won,FORM;LEMMA,,MASTER,0,1,1,on,,,wont,1,1,0,ESDB_V0_4
693,732,worked,-8.8388,1,PASS,35,,n_v,work,FORM,,MASTER,0,0,0,,,,,0,0,0,ESDB_V0_4
694,733,x,-8.8388,0,SINGLE_LETTER,,,,,,,REJECTED_AUTO,0,0,0,,,,,0,0,0,ESDB_V0_4
695,734,areas,-8.8668,1,PASS,35,,n,area,FORM,,MASTER,0,1,0,,area,,,1,0,0,ESDB_V0_4
696,735,bank,-8.8668,1,PASS,35,,n_v,bank,LEMMA,,MASTER,0,1,1,,ban,,banks,1,1,1,ESDB_V0_4
697,736,companies,-8.8668,1,PASS,35,,n,company,FORM,,MASTER,0,0,0,,,,,0,0,0,ESDB_V0_4
698,737,design,-8.8668,1,PASS,35,,n_v,design,LEMMA,,MASTER,0,1,1,,,,designs,0,1,1,ESDB_V0_4
699,738,event,-8.8668,1,PASS,35,,n,event,LEMMA,,MASTER,0,1,1,vent,even,,events,2,1,1,ESDB_V0_4
700,739,inside,-8.8668,1,PASS,35,,n;aj_av;pp,inside,LEMMA,,MASTER,0,1,1,,,,insider,0,1,0,ESDB_V0_4
701,740,ok,-8.8668,0,NOT_EXACT_EN_US,,,,,,,REJECTED_AUTO,0,0,0,,,,,0,0,0,ESDB_V0_4
702,741,picture,-8.8668,1,PASS,35,,n_v,picture,LEMMA,,MASTER,0,1,1,,,,pictures;pictured,0,2,2,ESDB_V0_4
703,742,re,-8.8668,1,PASS,35,60,n;pp,re,LEMMA,,MASTER,0,1,1,,,are;ore,red;rev;ref,0,5,0,ESDB_V0_4
704,743,relationship,-8.8668,1,PASS,35,,n,relationship,LEMMA,,MASTER,0,1,1,,,,relationships,0,1,1,ESDB_V0_4
705,744,share,-8.8668,1,PASS,35,,n_v,share,LEMMA,,MASTER,0,1,1,hare,,,shared;shares,1,2,2,ESDB_V0_4
706,745,training,-8.8668,1,PASS,35,,n_v;n,train;training,FORM;LEMMA,,MASTER,0,1,0,raining,,,,1,0,0,ESDB_V0_4
707,746,union,-8.8668,1,PASS,35,50,n,union,LEMMA,,MASTER,0,1,1,,,,unions,0,1,1,ESDB_V0_4
708,747,weeks,-8.8668,1,PASS,35,50,n,week,FORM,,MASTER,0,1,0,,week,,,1,0,0,ESDB_V0_4
709,749,amount,-8.8883,1,PASS,35,,n_v,amount,LEMMA,,MASTER,0,1,1,mount,,,amounts,1,1,1,ESDB_V0_4
710,750,blood,-8.8883,1,PASS,35,,n;v,blood,LEMMA,,MASTER,0,1,1,,,,bloody,0,1,0,ESDB_V0_4
711,751,cases,-8.8883,1,PASS,35,,n_v,case,FORM,,MASTER,0,1,0,,case,,,1,0,0,ESDB_V0_4
712,752,changes,-8.8883,1,PASS,35,,n_v,change,FORM,,MASTER,0,1,0,,change,,,1,0,0,ESDB_V0_4
713,753,considered,-8.8883,1,PASS,35,,v;aj,consider;considered,FORM;LEMMA,,MASTER,0,0,0,,,,,0,0,0,ESDB_V0_4
714,754,cool,-8.8883,1,PASS,35,,n;v;aj,cool,LEMMA,,MASTER,0,0,0,,,,,0,0,0,ESDB_V0_4
715,755,couple,-8.8883,1,PASS,35,,n_v,couple,LEMMA,,MASTER,0,1,1,,,,couples;coupled,0,2,2,ESDB_V0_4
716,756,die,-8.8883,1,PASS,35,,v;n,die,LEMMA,,MASTER,0,1,1,,,,died;diet;dies,0,3,2,ESDB_V0_4
717,757,eat,-8.8883,1,PASS,35,,v,eat,LEMMA,,MASTER,0,1,1,at,,beat;heat;seat;meat;feat;neat;peat,eats,1,8,1,ESDB_V0_4
718,758,film,-8.8883,1,PASS,35,,n_v,film,LEMMA,,MASTER,0,1,1,,,,films,0,1,1,ESDB_V0_4
719,759,foreign,-8.8883,1,PASS,35,,aj,foreign,LEMMA,,MASTER,0,0,0,,,,,0,0,0,ESDB_V0_4
720,760,girls,-8.8883,1,PASS,35,,n,girl,FORM,,MASTER,0,1,0,,girl,,,1,0,0,ESDB_V0_4
721,761,industry,-8.8883,1,PASS,35,,n,industry,LEMMA,,MASTER,0,0,0,,,,,0,0,0,ESDB_V0_4
722,762,involved,-8.8883,1,PASS,35,,v;aj,involve;involved,FORM;LEMMA,,MASTER,0,1,0,,involve,,,1,0,0,ESDB_V0_4
723,763,itself,-8.8883,1,PASS,35,,pn,it,FORM,,MASTER,0,0,0,,,,,0,0,0,ESDB_V0_4
724,764,key,-8.8883,1,PASS,35,50,n_v;aj,key,LEMMA,,MASTER,0,1,1,,,,keys,0,1,1,ESDB_V0_4
725,765,meeting,-8.8883,1,PASS,35,,n_v;n,meet;meeting,FORM;LEMMA,,MASTER,0,1,1,,,,meetings,0,1,1,ESDB_V0_4
726,766,page,-8.8883,1,PASS,35,50,n_v,page,LEMMA,,MASTER,0,1,1,age,,,pages,1,1,1,ESDB_V0_4
727,767,performance,-8.8883,1,PASS,35,,n,performance,LEMMA,,MASTER,0,1,1,,,,performances,0,1,1,ESDB_V0_4
728,768,round,-8.8883,1,PASS,35,,n_v;aj_av;pp,round,LEMMA,,MASTER,0,1,1,,,around;ground,rounds,0,3,1,ESDB_V0_4
729,769,science,-8.8883,1,PASS,35,,n,science,LEMMA,,MASTER,0,1,1,,,,sciences,0,1,1,ESDB_V0_4
730,770,sea,-8.8883,1,PASS,35,,n;a,sea,LEMMA,,MASTER,0,1,1,,,,seat;seal;seas;seam,0,4,1,ESDB_V0_4
731,771,sound,-8.8883,1,PASS,35,,n_v;aj,sound,LEMMA,,MASTER,0,1,1,,,,sounds,0,1,1,ESDB_V0_4
732,772,step,-8.8883,1,PASS,35,,n_v,step,LEMMA,,MASTER,0,1,1,,,,steps,0,1,1,ESDB_V0_4
733,773,began,-8.9102,1,PASS,35,,v,begin,FORM,,MASTER,0,0,0,,,,,0,0,0,ESDB_V0_4
734,774,brother,-8.9102,1,PASS,35,,n;a;i,brother,LEMMA,,MASTER,0,1,1,,,,brothers,0,1,1,ESDB_V0_4
735,775,david,-8.9102,0,NOT_EXACT_EN_US,,,,,,,REJECTED_AUTO,0,0,0,,,,,0,0,0,ESDB_V0_4
736,776,england,-8.9102,0,NOT_EXACT_EN_US,,,,,,,REJECTED_AUTO,0,0,0,,,,,0,0,0,ESDB_V0_4
737,777,europe,-8.9102,0,NOT_EXACT_EN_US,,,,,,,REJECTED_AUTO,0,0,0,,,,,0,0,0,ESDB_V0_4
738,778,fall,-8.9102,1,PASS,35,,n_v,fall,LEMMA,,MASTER,0,1,1,all,,,falls,1,1,1,ESDB_V0_4
739,779,federal,-8.9102,1,PASS,35,60,n;aj,federal,LEMMA,,MASTER,0,0,0,,,,,0,0,0,ESDB_V0_4
740,780,led,-8.9102,1,PASS,35,50,v,lead,FORM,,MASTER,0,1,1,,,fled,,0,1,0,ESDB_V0_4
741,781,lower,-8.9102,1,PASS,35,,aj_av;v,low;lower,FORM;LEMMA,,MASTER,0,1,1,,,flower;slower,lowers,0,3,1,ESDB_V0_4
742,782,met,-8.9102,1,PASS,35,60,n_v,meet,FORM,,MASTER,0,1,1,,me,,meth,1,1,0,ESDB_V0_4
743,783,model,-8.9102,1,PASS,35,,n_v;aj,model,LEMMA,,MASTER,0,1,1,,mode,,models,1,1,1,ESDB_V0_4
744,784,n,-8.9102,0,SINGLE_LETTER,,,,,,,REJECTED_AUTO,0,0,0,,,,,0,0,0,ESDB_V0_4
745,785,natural,-8.9102,1,PASS,35,,n;aj,natural,LEMMA,,MASTER,0,0,0,,,,,0,0,0,ESDB_V0_4
746,786,player,-8.9102,1,PASS,35,,n,player,LEMMA,,MASTER,0,1,1,layer,,,players,1,1,1,ESDB_V0_4
747,787,send,-8.9102,1,PASS,35,,v,send,LEMMA,,MASTER,0,1,1,end,,,sends,1,1,1,ESDB_V0_4
748,788,september,-8.9102,0,NOT_EXACT_EN_US,,,,,,,REJECTED_AUTO,0,0,0,,,,,0,0,0,ESDB_V0_4
749,789,serious,-8.9102,1,PASS,35,,aj,serious,LEMMA,,MASTER,0,0,0,,,,,0,0,0,ESDB_V0_4
750,791,size,-8.9102,1,PASS,35,,n_v,size,LEMMA,,MASTER,0,1,1,,,,sized;sizes,0,2,2,ESDB_V0_4
751,792,st,-8.9102,0,NO_ESDB_GENERAL_EVIDENCE,,,,,,,REJECTED_AUTO,0,0,0,,,,,0,0,0,ESDB_V0_4
752,793,terms,-8.9102,1,PASS,35,,n_v,term,FORM,,MASTER,0,1,0,,term,,,1,0,0,ESDB_V0_4
753,794,tried,-8.9102,1,PASS,35,,aj;n_v,tried;try,LEMMA;FORM,,MASTER,0,0,0,,,,,0,0,0,ESDB_V0_4
754,795,whatever,-8.9102,1,PASS,35,,d,whatever,LEMMA,,MASTER,0,0,0,,,,,0,0,0,ESDB_V0_4
755,798,blue,-8.9327,1,PASS,35,,n_v;aj,blue,LEMMA,,MASTER,0,1,1,,,,blues,0,1,1,ESDB_V0_4
756,799,cannot,-8.9327,1,PASS,35,,v,cannot,LEMMA,,MASTER,0,0,0,,,,,0,0,0,ESDB_V0_4
757,800,century,-8.9327,1,PASS,35,,n,century,LEMMA,,MASTER,0,0,0,,,,,0,0,0,ESDB_V0_4
758,801,chief,-8.9327,1,PASS,35,,n;aj,chief,LEMMA,,MASTER,0,1,1,,,,chiefs,0,1,1,ESDB_V0_4
759,802,difficult,-8.9327,1,PASS,35,,aj,difficult,LEMMA,,MASTER,0,1,1,,,,difficulty,0,1,0,ESDB_V0_4
760,803,director,-8.9327,1,PASS,35,,n,director,LEMMA,,MASTER,0,1,1,,,,directors;directory,0,2,1,ESDB_V0_4
761,804,france,-8.9327,0,NOT_EXACT_EN_US,,,,,,,REJECTED_AUTO,0,0,0,,,,,0,0,0,ESDB_V0_4
762,805,hell,-8.9327,1,PASS,35,,n;i,hell,LEMMA,,MASTER,0,1,1,,,shell,hello,0,2,0,ESDB_V0_4
763,806,medical,-8.9327,1,PASS,35,,n;aj,medical,LEMMA,,MASTER,0,0,0,,,,,0,0,0,ESDB_V0_4
764,807,population,-8.9327,1,PASS,35,,n,population,LEMMA,,MASTER,0,1,1,,,,populations,0,1,1,ESDB_V0_4
765,808,provide,-8.9327,1,PASS,35,,v,provide,LEMMA,,MASTER,0,1,1,,,,provided;provides;provider,0,3,2,ESDB_V0_4
766,809,range,-8.9327,1,PASS,35,,n_v;a,range,LEMMA,,MASTER,0,1,1,,rang,orange,ranges;ranger;ranged,1,4,2,ESDB_V0_4
767,810,region,-8.9327,1,PASS,35,,n,region,LEMMA,,MASTER,0,1,1,,,,regions,0,1,1,ESDB_V0_4
768,811,tax,-8.9327,1,PASS,35,,n_v,tax,LEMMA,,MASTER,0,1,1,ax,,,taxi,1,1,0,ESDB_V0_4
769,812,cup,-8.9557,1,PASS,35,,n_v,cup,LEMMA,,MASTER,0,1,1,up,,,cups,1,1,1,ESDB_V0_4
770,813,events,-8.9557,1,PASS,35,,n,event,FORM,,MASTER,0,1,0,vents,event,,,2,0,0,ESDB_V0_4
771,814,exactly,-8.9557,1,PASS,35,,av,exactly,LEMMA,,MASTER,0,0,0,,,,,0,0,0,ESDB_V0_4
772,815,feeling,-8.9557,1,PASS,35,,n_v;n,feel;feeling,FORM;LEMMA,,MASTER,0,1,1,,,,feelings,0,1,1,ESDB_V0_4
773,816,felt,-8.9557,1,PASS,35,,n_v;n;v,feel;felt,FORM;LEMMA,,MASTER,0,0,0,,,,,0,0,0,ESDB_V0_4
774,817,financial,-8.9557,1,PASS,35,,aj,financial,LEMMA,,MASTER,0,0,0,,,,,0,0,0,ESDB_V0_4
775,818,giving,-8.9557,1,PASS,35,,v;n;aj,give;giving,FORM;LEMMA,,MASTER,0,0,0,,,,,0,0,0,ESDB_V0_4
776,820,internet,-8.9557,0,SPECIAL_ONLY,35,40,n,internet,LEMMA,,REJECTED_AUTO,0,0,0,,,,,0,0,0,ESDB_V0_4
777,821,july,-8.9557,0,NOT_EXACT_EN_US,,,,,,,REJECTED_AUTO,0,0,0,,,,,0,0,0,ESDB_V0_4
778,822,lives,-8.9557,1,PASS,35,,n;v,life;live,FORM,,MASTER,0,1,1,,live,olives,,1,1,0,ESDB_V0_4
779,823,movie,-8.9557,1,PASS,35,,n,movie,LEMMA,,MASTER,0,1,1,,,,movies,0,1,1,ESDB_V0_4
780,824,perfect,-8.9557,1,PASS,35,,n_v;aj,perfect,LEMMA,,MASTER,0,0,0,,,,,0,0,0,ESDB_V0_4
781,825,poor,-8.9557,1,PASS,35,,aj,poor,LEMMA,,MASTER,0,1,0,,poo,,,1,0,0,ESDB_V0_4
782,826,risk,-8.9557,1,PASS,35,,n_v,risk,LEMMA,,MASTER,0,1,1,,,,risks;risky,0,2,1,ESDB_V0_4
783,827,simple,-8.9557,1,PASS,35,,aj,simple,LEMMA,,MASTER,0,1,1,,,,simpler,0,1,1,ESDB_V0_4
784,828,stage,-8.9557,1,PASS,35,,n_v,stage,LEMMA,,MASTER,0,1,1,,,,stages;staged,0,2,2,ESDB_V0_4
785,829,stand,-8.9557,1,PASS,35,,n_v,stand,LEMMA,,MASTER,0,1,1,,,,stands,0,1,1,ESDB_V0_4
786,830,star,-8.9557,1,PASS,35,,n_v;aj,star,LEMMA,,MASTER,0,1,1,tar,,,start;stars;stark;stare,1,4,1,ESDB_V0_4
787,831,table,-8.9557,1,PASS,35,,n_v,table,LEMMA,,MASTER,0,1,1,able,,stable,tables;tablet,1,3,1,ESDB_V0_4
788,832,trust,-8.9557,1,PASS,35,,n_v,trust,LEMMA,,MASTER,0,1,1,rust,,,trusts,1,1,1,ESDB_V0_4
789,833,whose,-8.9557,1,PASS,35,,pn;d,who;whose,FORM;LEMMA,,MASTER,0,1,0,hose,,,,1,0,0,ESDB_V0_4
790,834,worth,-8.9557,1,PASS,35,,n;aj;pp,worth,LEMMA,,MASTER,0,1,1,,,,worthy,0,1,0,ESDB_V0_4
791,835,attention,-8.9792,1,PASS,35,,n,attention,LEMMA,,MASTER,0,0,0,,,,,0,0,0,ESDB_V0_4
792,836,capital,-8.9792,1,PASS,35,,n;aj,capital,LEMMA,,MASTER,0,1,1,,,,capitals,0,1,1,ESDB_V0_4
793,837,center,-8.9792,1,PASS,35,,n;v,center,LEMMA,,MASTER,0,1,1,enter,,,centers,1,1,1,ESDB_V0_4
794,838,character,-8.9792,1,PASS,35,,n;a,character,LEMMA,,MASTER,0,1,1,,,,characters,0,1,1,ESDB_V0_4
795,839,earth,-8.9792,1,PASS,35,,n;v,earth,LEMMA,,MASTER,0,0,0,,,,,0,0,0,ESDB_V0_4
796,840,effect,-8.9792,1,PASS,35,,n_v,effect,LEMMA,,MASTER,0,1,1,,,,effects,0,1,1,ESDB_V0_4
797,841,figure,-8.9792,1,PASS,35,,n_v,figure,LEMMA,,MASTER,0,1,1,,,,figures;figured,0,2,2,ESDB_V0_4
798,842,forward,-8.9792,1,PASS,35,,n_v;aj_av,forward,LEMMA,,MASTER,0,1,1,,,,forwards,0,1,1,ESDB_V0_4
799,843,hot,-8.9792,1,PASS,35,,aj,hot,LEMMA,,MASTER,0,1,1,,ho,shot,,1,1,0,ESDB_V0_4
800,844,ii,-8.9792,0,NO_ESDB_GENERAL_EVIDENCE,,,,,,,REJECTED_AUTO,0,0,0,,,,,0,0,0,ESDB_V0_4
801,845,michael,-8.9792,0,NOT_EXACT_EN_US,,,,,,,REJECTED_AUTO,0,0,0,,,,,0,0,0,ESDB_V0_4
802,846,park,-8.9792,1,PASS,35,50,n_v,park,LEMMA,,MASTER,0,1,1,ark,par,spark,parks,2,2,1,ESDB_V0_4
803,847,quality,-8.9792,1,PASS,35,,n;aj,quality,LEMMA,,MASTER,0,1,1,,,equality,,0,1,0,ESDB_V0_4
804,848,website,-8.9792,1,PASS,40,,n,website,LEMMA,,MASTER,0,1,1,,,,websites,0,1,1,ESDB_V0_4
805,849,written,-8.9792,1,PASS,35,,v;aj,write;written,FORM;LEMMA,,MASTER,0,0,0,,,,,0,0,0,ESDB_V0_4
806,850,currently,-9.0033,1,PASS,35,,av,currently,LEMMA,,MASTER,0,0,0,,,,,0,0,0,ESDB_V0_4
807,851,drive,-9.0033,1,PASS,35,,n_v,drive,LEMMA,,MASTER,0,1,1,,,,driver;driven;drives,0,3,2,ESDB_V0_4
808,852,fast,-9.0033,1,PASS,35,,n_v;aj_av,fast,LEMMA,,MASTER,0,0,0,,,,,0,0,0,ESDB_V0_4
809,853,followed,-9.0033,1,PASS,35,,v,follow,FORM,,MASTER,0,0,0,,,,,0,0,0,ESDB_V0_4
810,854,green,-9.0033,1,PASS,35,50,n_v;aj,green,LEMMA,,MASTER,0,1,1,,,,greens,0,1,1,ESDB_V0_4
811,855,increase,-9.0033,1,PASS,35,,n_v,increase,LEMMA,,MASTER,0,1,1,,,,increased;increases,0,2,2,ESDB_V0_4
812,856,jesus,-9.0033,0,NOT_EXACT_EN_US,,,,,,,REJECTED_AUTO,0,0,0,,,,,0,0,0,ESDB_V0_4
813,857,kill,-9.0033,1,PASS,35,,n_v,kill,LEMMA,,MASTER,0,1,1,ill,,skill,kills,1,2,1,ESDB_V0_4
814,858,looked,-9.0033,1,PASS,35,,n_v,look,FORM,,MASTER,0,0,0,,,,,0,0,0,ESDB_V0_4
815,859,management,-9.0033,1,PASS,35,,n,management,LEMMA,,MASTER,0,0,0,,,,,0,0,0,ESDB_V0_4
816,860,mine,-9.0033,1,PASS,35,,pn;n_v,i;mine,FORM;LEMMA,,MASTER,0,1,1,,,,mines;miner;mined,0,3,2,ESDB_V0_4
817,861,o,-9.0033,0,SINGLE_LETTER,,,,,,,REJECTED_AUTO,0,0,0,,,,,0,0,0,ESDB_V0_4
818,862,okay,-9.0033,1,PASS,35,,n;v;av;aj;i,okay,LEMMA,,MASTER,0,0,0,,,,,0,0,0,ESDB_V0_4
819,863,related,-9.0033,1,PASS,35,,v;aj,relate;related,FORM;LEMMA,,MASTER,0,1,0,,relate,,,1,0,0,ESDB_V0_4
820,864,review,-9.0033,1,PASS,35,,n_v;a,review,LEMMA,,MASTER,0,1,1,,,preview,reviews,0,2,1,ESDB_V0_4
821,865,rules,-9.0033,1,PASS,35,,n_v,rule,FORM,,MASTER,0,1,0,,rule,,,1,0,0,ESDB_V0_4
822,866,save,-9.0033,1,PASS,35,,n_v;pp,save,LEMMA,,MASTER,0,1,1,,,,saved;saves,0,2,2,ESDB_V0_4
823,867,section,-9.0033,1,PASS,35,,n_v,section,LEMMA,,MASTER,0,1,1,,,,sections,0,1,1,ESDB_V0_4
824,868,turned,-9.0033,1,PASS,35,,n_v;aj,turn;turned,FORM;LEMMA,,MASTER,0,0,0,,,,,0,0,0,ESDB_V0_4
825,869,books,-9.028,1,PASS,35,,n_v,book,FORM,,MASTER,0,1,0,,book,,,1,0,0,ESDB_V0_4
826,870,choice,-9.028,1,PASS,35,,n;aj,choice,LEMMA,,MASTER,0,1,1,,,,choices,0,1,1,ESDB_V0_4
827,871,complete,-9.028,1,PASS,35,,v;aj,complete,LEMMA,,MASTER,0,1,1,,,,completed;completes,0,2,2,ESDB_V0_4
828,872,continue,-9.028,1,PASS,35,,v,continue,LEMMA,,MASTER,0,1,1,,,,continued;continues,0,2,2,ESDB_V0_4
829,873,created,-9.028,1,PASS,35,,v,create,FORM,,MASTER,0,1,0,,create,,,1,0,0,ESDB_V0_4
830,874,damn,-9.028,1,PASS,35,,n_v;aj_av;i,damn,LEMMA,,MASTER,0,1,0,,dam,,,1,0,0,ESDB_V0_4
831,875,decided,-9.028,1,PASS,35,,v;aj,decide;decided,FORM;LEMMA,,MASTER,0,1,0,,decide,,,1,0,0,ESDB_V0_4
832,876,forces,-9.028,1,PASS,35,,n_v,force,FORM,,MASTER,0,1,0,,force,,,1,0,0,ESDB_V0_4
833,877,hate,-9.028,1,PASS,35,,n_v,hate,LEMMA,,MASTER,0,1,1,ate,hat,,hated;hates,2,2,2,ESDB_V0_4
834,878,included,-9.028,1,PASS,35,,v;aj,include;included,FORM;LEMMA,,MASTER,0,1,0,,include,,,1,0,0,ESDB_V0_4
835,879,individual,-9.028,1,PASS,35,,n;aj,individual,LEMMA,,MASTER,0,1,1,,,,individuals,0,1,1,ESDB_V0_4
836,880,james,-9.028,0,NOT_EXACT_EN_US,,,,,,,REJECTED_AUTO,0,0,0,,,,,0,0,0,ESDB_V0_4
837,881,league,-9.028,1,PASS,35,,n_v,league,LEMMA,,MASTER,0,1,1,,,,leagues,0,1,1,ESDB_V0_4
838,882,legal,-9.028,1,PASS,35,,n;aj,legal,LEMMA,,MASTER,0,0,0,,,,,0,0,0,ESDB_V0_4
839,883,match,-9.028,1,PASS,35,,n_v,match,LEMMA,,MASTER,0,0,0,,,,,0,0,0,ESDB_V0_4
840,884,mom,-9.028,1,PASS,35,,n,mom,LEMMA,,MASTER,0,1,1,om,,,moms,1,1,1,ESDB_V0_4
841,885,october,-9.028,0,NOT_EXACT_EN_US,,,,,,,REJECTED_AUTO,0,0,0,,,,,0,0,0,ESDB_V0_4
842,886,oil,-9.028,1,PASS,35,,n_v;a,oil,LEMMA,,MASTER,0,1,1,,,soil;boil;coil;foil,oils,0,5,1,ESDB_V0_4
843,887,paid,-9.028,1,PASS,35,,aj;v,paid;pay,LEMMA;FORM,,MASTER,0,1,0,aid,,,,1,0,0,ESDB_V0_4
844,888,particular,-9.028,1,PASS,35,,n;aj,particular,LEMMA,,MASTER,0,1,1,,,,particulars,0,1,1,ESDB_V0_4
845,889,parts,-9.028,1,PASS,35,,n_v;n,part;parts,FORM;LEMMA,,MASTER,0,1,0,arts,part,,,2,0,0,ESDB_V0_4
846,890,perhaps,-9.028,1,PASS,35,,av,perhaps,LEMMA,,MASTER,0,0,0,,,,,0,0,0,ESDB_V0_4
847,891,property,-9.028,1,PASS,35,,n,property,LEMMA,,MASTER,0,0,0,,,,,0,0,0,ESDB_V0_4
848,892,published,-9.028,1,PASS,35,,v;aj,publish;published,FORM;LEMMA,,MASTER,0,0,0,,,,,0,0,0,ESDB_V0_4
849,893,reading,-9.028,1,PASS,35,60,v;n,read;reading,FORM;LEMMA,,MASTER,0,1,1,,,,readings,0,1,1,ESDB_V0_4
850,894,release,-9.028,1,PASS,35,,n_v,release,LEMMA,,MASTER,0,1,1,,,,released;releases,0,2,2,ESDB_V0_4
851,895,seven,-9.028,1,PASS,35,,n,seven,LEMMA,,MASTER,0,1,0,even,,,,1,0,0,ESDB_V0_4
852,896,stuff,-9.028,1,PASS,35,,n;v,stuff,LEMMA,,MASTER,0,0,0,,,,,0,0,0,ESDB_V0_4
853,897,subject,-9.028,1,PASS,35,,n_v;aj,subject,LEMMA,,MASTER,0,1,1,,,,subjects,0,1,1,ESDB_V0_4
854,898,technology,-9.028,1,PASS,35,,n,technology,LEMMA,,MASTER,0,0,0,,,,,0,0,0,ESDB_V0_4
855,899,therefore,-9.028,1,PASS,35,,av,therefore,LEMMA,,MASTER,0,0,0,,,,,0,0,0,ESDB_V0_4
856,900,towards,-9.028,1,PASS,35,,pp,towards,LEMMA,,MASTER,0,1,0,,toward,,,1,0,0,ESDB_V0_4
857,901,version,-9.028,1,PASS,35,,n,version,LEMMA,,MASTER,0,1,1,,,aversion,versions,0,2,1,ESDB_V0_4
858,902,voice,-9.028,1,PASS,35,,n_v,voice,LEMMA,,MASTER,0,1,1,,,,voices;voiced,0,2,2,ESDB_V0_4
859,903,w,-9.028,0,SINGLE_LETTER,,,,,,,REJECTED_AUTO,0,0,0,,,,,0,0,0,ESDB_V0_4
860,904,add,-9.0533,1,PASS,35,60,v,add,LEMMA,,MASTER,0,1,1,,ad,,adds,1,1,1,ESDB_V0_4
861,905,army,-9.0533,1,PASS,35,,n,army,LEMMA,,MASTER,0,1,0,,arm,,,1,0,0,ESDB_V0_4
862,906,attack,-9.0533,1,PASS,35,,n_v,attack,LEMMA,,MASTER,0,1,1,,,,attacks,0,1,1,ESDB_V0_4
863,907,canada,-9.0533,0,NOT_EXACT_EN_US,,,,,,,REJECTED_AUTO,0,0,0,,,,,0,0,0,ESDB_V0_4
864,908,changed,-9.0533,1,PASS,35,,n_v;aj,change;changed,FORM;LEMMA,,MASTER,0,1,0,hanged,change,,,2,0,0,ESDB_V0_4
865,909,china,-9.0533,1,PASS,35,50,n;a,china,LEMMA,,MASTER,0,1,0,,chin,,,1,0,0,ESDB_V0_4
866,910,f,-9.0533,0,SINGLE_LETTER,,,,,,,REJECTED_AUTO,0,0,0,,,,,0,0,0,ESDB_V0_4
867,911,football,-9.0533,1,PASS,35,,n,football,LEMMA,,MASTER,0,0,0,,,,,0,0,0,ESDB_V0_4
868,912,hi,-9.0533,1,PASS,35,50,i,hi,LEMMA,,MASTER,0,1,1,i,,chi;phi,his;him;hit;hip;hid,1,7,0,ESDB_V0_4
869,913,january,-9.0533,0,NOT_EXACT_EN_US,,,,,,,REJECTED_AUTO,0,0,0,,,,,0,0,0,ESDB_V0_4
870,915,nature,-9.0533,1,PASS,35,,n,nature,LEMMA,,MASTER,0,0,0,,,,,0,0,0,ESDB_V0_4
871,916,note,-9.0533,1,PASS,35,,n_v,note,LEMMA,,MASTER,0,1,1,,not,,notes;noted,1,2,2,ESDB_V0_4
872,917,practice,-9.0533,1,PASS,35,,n;v,practice,LEMMA,,MASTER,0,1,1,,,,practices;practiced,0,2,2,ESDB_V0_4
873,918,radio,-9.0533,1,PASS,35,,n_v;aj,radio,LEMMA,,MASTER,0,1,1,,,,radios,0,1,1,ESDB_V0_4
874,919,respect,-9.0533,1,PASS,35,,n_v,respect,LEMMA,,MASTER,0,1,1,,,,respects,0,1,1,ESDB_V0_4
875,920,seem,-9.0533,1,PASS,35,,v,seem,LEMMA,,MASTER,0,1,1,,see,,seems,1,1,1,ESDB_V0_4
876,921,style,-9.0533,1,PASS,35,,n_v,style,LEMMA,,MASTER,0,1,1,,,,styles;styled,0,2,2,ESDB_V0_4
877,922,success,-9.0533,1,PASS,35,,n,success,LEMMA,,MASTER,0,0,0,,,,,0,0,0,ESDB_V0_4
878,923,ten,-9.0533,1,PASS,35,,n,ten,LEMMA,,MASTER,0,1,1,en,,,tend;tent;tens,1,3,1,ESDB_V0_4
879,924,truth,-9.0533,1,PASS,35,50,n,truth,LEMMA,,MASTER,0,1,1,,,,truths,0,1,1,ESDB_V0_4
880,925,v,-9.0533,0,SINGLE_LETTER,,,,,,,REJECTED_AUTO,0,0,0,,,,,0,0,0,ESDB_V0_4
881,926,vote,-9.0533,1,PASS,35,,n_v,vote,LEMMA,,MASTER,0,1,1,,,,votes;voted;voter,0,3,2,ESDB_V0_4
882,927,ways,-9.0533,1,PASS,35,,n,way,FORM,,MASTER,0,1,0,,way,,,1,0,0,ESDB_V0_4
883,928,article,-9.0706,1,PASS,35,,n,article,LEMMA,,MASTER,0,1,1,,,particle,articles,0,2,1,ESDB_V0_4
884,929,born,-9.0706,1,PASS,35,50,v;aj,bear;born,FORM;LEMMA,,MASTER,0,1,1,,,,borne,0,1,0,ESDB_V0_4
885,930,built,-9.0706,1,PASS,35,,n_v;aj,build;built,FORM;LEMMA,,MASTER,0,0,0,,,,,0,0,0,ESDB_V0_4
886,931,committee,-9.0706,1,PASS,35,,n,committee,LEMMA,,MASTER,0,1,1,,,,committees,0,1,1,ESDB_V0_4
887,932,culture,-9.0706,1,PASS,35,,n_v,culture,LEMMA,,MASTER,0,1,1,,,,cultures;cultured,0,2,2,ESDB_V0_4
888,933,december,-9.0706,0,NOT_EXACT_EN_US,,,,,,,REJECTED_AUTO,0,0,0,,,,,0,0,0,ESDB_V0_4
889,934,door,-9.0706,1,PASS,35,,n,door,LEMMA,,MASTER,0,1,1,,,,doors,0,1,1,ESDB_V0_4
890,935,goal,-9.0706,1,PASS,35,,n,goal,LEMMA,,MASTER,0,1,1,,,,goals,0,1,1,ESDB_V0_4
891,936,message,-9.0706,1,PASS,35,,n_v,message,LEMMA,,MASTER,0,1,1,,,,messages,0,1,1,ESDB_V0_4
892,937,november,-9.0706,0,NOT_EXACT_EN_US,,,,,,,REJECTED_AUTO,0,0,0,,,,,0,0,0,ESDB_V0_4
893,938,ones,-9.0706,1,PASS,35,,n;pn,one,FORM,,MASTER,0,1,1,,one,bones;zones;tones;cones,,1,4,0,ESDB_V0_4
894,939,sign,-9.0706,1,PASS,35,,n_v,sign,LEMMA,,MASTER,0,1,1,,,,signs,0,1,1,ESDB_V0_4
895,940,staff,-9.0706,1,PASS,35,,v;a;n,staff,LEMMA,,MASTER,0,0,0,,,,,0,0,0,ESDB_V0_4
896,941,thus,-9.0706,1,PASS,35,,av,thus,LEMMA,,MASTER,0,0,0,,,,,0,0,0,ESDB_V0_4
897,942,title,-9.0706,1,PASS,35,,n_v;a,title,LEMMA,,MASTER,0,1,1,,,,titles;titled,0,2,2,ESDB_V0_4
898,943,waiting,-9.0706,1,PASS,35,,n_v;n,wait;waiting,FORM;LEMMA,,MASTER,0,1,1,,,awaiting,,0,1,0,ESDB_V0_4
899,944,walk,-9.0706,1,PASS,35,,n_v,walk,LEMMA,,MASTER,0,1,1,,,,walks,0,1,1,ESDB_V0_4
900,945,writing,-9.0706,1,PASS,35,,v;n,write;writing,FORM;LEMMA,,MASTER,0,1,1,,,,writings,0,1,1,ESDB_V0_4
901,946,wrote,-9.0706,1,PASS,35,,v,write,FORM,,MASTER,0,0,0,,,,,0,0,0,ESDB_V0_4
902,948,access,-9.097,1,PASS,35,,n_v,access,LEMMA,,MASTER,0,0,0,,,,,0,0,0,ESDB_V0_4
903,949,allowed,-9.097,1,PASS,35,,v,allow,FORM,,MASTER,0,0,0,,,,,0,0,0,ESDB_V0_4
904,950,bed,-9.097,1,PASS,35,,n_v,bed,LEMMA,,MASTER,0,1,1,,be,,beds,1,1,1,ESDB_V0_4
905,951,bill,-9.097,1,PASS,35,50,n_v,bill,LEMMA,,MASTER,0,1,1,ill,,,bills,1,1,1,ESDB_V0_4
906,952,centre,-9.097,0,NOT_EXACT_EN_US,,,,,,,REJECTED_AUTO,0,0,0,,,,,0,0,0,ESDB_V0_4
907,953,code,-9.097,1,PASS,35,,n_v,code,LEMMA,,MASTER,0,1,1,ode,cod,,codes;coded;codex,2,3,2,ESDB_V0_4
908,954,conditions,-9.097,1,PASS,35,,n_v;n,condition;conditions,FORM;LEMMA,,MASTER,0,1,0,,condition,,,1,0,0,ESDB_V0_4
909,955,contact,-9.097,1,PASS,35,,n_v;a,contact,LEMMA,,MASTER,0,1,1,,,,contacts,0,1,1,ESDB_V0_4
910,956,cover,-9.097,1,PASS,35,,n_v,cover,LEMMA,,MASTER,0,1,1,over,cove,,covers;covert,2,2,1,ESDB_V0_4
911,957,daily,-9.097,1,PASS,35,,n;aj_av,daily,LEMMA,,MASTER,0,0,0,,,,,0,0,0,ESDB_V0_4
912,958,entire,-9.097,1,PASS,35,,aj,entire,LEMMA,,MASTER,0,0,0,,,,,0,0,0,ESDB_V0_4
913,959,growth,-9.097,1,PASS,35,,n;a,growth,LEMMA,,MASTER,0,0,0,,,,,0,0,0,ESDB_V0_4
914,960,lose,-9.097,1,PASS,35,,v,lose,LEMMA,,MASTER,0,1,1,,,close,loses;loser,0,3,1,ESDB_V0_4
915,961,loss,-9.097,1,PASS,35,,n,loss,LEMMA,,MASTER,0,1,1,,,gloss,,0,1,0,ESDB_V0_4
916,962,modern,-9.097,1,PASS,35,,n;aj,modern,LEMMA,,MASTER,0,0,0,,,,,0,0,0,ESDB_V0_4
917,963,necessary,-9.097,1,PASS,35,,n;aj,necessary,LEMMA,,MASTER,0,0,0,,,,,0,0,0,ESDB_V0_4
918,964,offer,-9.097,1,PASS,35,,n_v,offer,LEMMA,,MASTER,0,1,1,,,,offers,0,1,1,ESDB_V0_4
919,965,pass,-9.097,1,PASS,35,,n_v,pass,LEMMA,,MASTER,0,1,0,ass,pas,,,2,0,0,ESDB_V0_4
920,966,paul,-9.097,0,NOT_EXACT_EN_US,,,,,,,REJECTED_AUTO,0,0,0,,,,,0,0,0,ESDB_V0_4
921,967,peace,-9.097,1,PASS,35,50,n,peace,LEMMA,,MASTER,0,0,0,,,,,0,0,0,ESDB_V0_4
922,968,race,-9.097,1,PASS,35,,n_v;a,race,LEMMA,,MASTER,0,1,1,ace,,grace;trace;brace,races;raced;racer,1,6,2,ESDB_V0_4
923,969,reported,-9.097,1,PASS,35,,n_v;aj,report;reported,FORM;LEMMA,,MASTER,0,0,0,,,,,0,0,0,ESDB_V0_4
924,970,response,-9.097,1,PASS,35,,n,response,LEMMA,,MASTER,0,1,1,,,,responses,0,1,1,ESDB_V0_4
925,971,simply,-9.097,1,PASS,35,,av,simply,LEMMA,,MASTER,0,1,0,imply,,,,1,0,0,ESDB_V0_4
926,972,sleep,-9.097,1,PASS,35,,n_v,sleep,LEMMA,,MASTER,0,1,1,,,asleep,sleepy;sleeps,0,3,1,ESDB_V0_4
927,973,studies,-9.097,1,PASS,35,,n_v,study,FORM,,MASTER,0,0,0,,,,,0,0,0,ESDB_V0_4
928,974,systems,-9.097,1,PASS,35,,n,system,FORM,,MASTER,0,1,0,,system,,,1,0,0,ESDB_V0_4
929,975,text,-9.097,1,PASS,35,,n_v,text,LEMMA,,MASTER,0,1,1,,,,texts,0,1,1,ESDB_V0_4
930,976,visit,-9.097,1,PASS,35,,n_v,visit,LEMMA,,MASTER,0,1,1,,,,visits,0,1,1,ESDB_V0_4
931,977,beginning,-9.115,1,PASS,35,,v;n,begin;beginning,FORM;LEMMA,,MASTER,0,1,1,,,,beginnings,0,1,1,ESDB_V0_4
932,978,below,-9.115,1,PASS,35,,av;pp,below,LEMMA,,MASTER,0,0,0,,,,,0,0,0,ESDB_V0_4
933,979,crazy,-9.115,1,PASS,35,,n;aj,crazy,LEMMA,,MASTER,0,0,0,,,,,0,0,0,ESDB_V0_4
934,980,dog,-9.115,1,PASS,35,,n_v,dog,LEMMA,,MASTER,0,1,1,,do,,dogs,1,1,1,ESDB_V0_4
935,981,election,-9.115,1,PASS,35,,n,election,LEMMA,,MASTER,0,1,1,,,selection,elections,0,2,1,ESDB_V0_4
936,982,h,-9.115,0,SINGLE_LETTER,,,,,,,REJECTED_AUTO,0,0,0,,,,,0,0,0,ESDB_V0_4
937,983,knowledge,-9.115,1,PASS,35,,n,knowledge,LEMMA,,MASTER,0,0,0,,,,,0,0,0,ESDB_V0_4
938,984,network,-9.115,1,PASS,35,,n_v;a,network,LEMMA,,MASTER,0,1,1,,,,networks,0,1,1,ESDB_V0_4
939,985,normal,-9.115,1,PASS,35,60,n;aj,normal,LEMMA,,MASTER,0,0,0,,,,,0,0,0,ESDB_V0_4
940,986,officer,-9.115,1,PASS,35,,n,officer,LEMMA,,MASTER,0,1,1,,office,,officers,1,1,1,ESDB_V0_4
941,987,paper,-9.115,1,PASS,35,,n_v;a,paper,LEMMA,,MASTER,0,1,1,,,,papers,0,1,1,ESDB_V0_4
942,988,sir,-9.115,1,PASS,35,60,n,sir,LEMMA,,MASTER,0,1,1,,,,sire,0,1,0,ESDB_V0_4
943,989,specific,-9.115,1,PASS,35,,n;aj,specific,LEMMA,,MASTER,0,1,1,,,,specifics,0,1,1,ESDB_V0_4
944,990,starting,-9.115,1,PASS,35,,n_v;n;aj,start;starting,FORM;LEMMA,,MASTER,0,0,0,,,,,0,0,0,ESDB_V0_4
945,991,uk,-9.115,0,NOT_EXACT_EN_US,,,,,,,REJECTED_AUTO,0,0,0,,,,,0,0,0,ESDB_V0_4
946,992,workers,-9.115,1,PASS,35,,n,worker,FORM,,MASTER,0,1,0,,worker,,,1,0,0,ESDB_V0_4
947,993,august,-9.1427,1,PASS,35,35,aj,august,LEMMA,,MASTER,0,0,0,,,,,0,0,0,ESDB_V0_4
948,994,ball,-9.1427,1,PASS,35,50,n_v,ball,LEMMA,,MASTER,0,1,1,all,,,balls,1,1,1,ESDB_V0_4
949,995,base,-9.1427,1,PASS,35,,n_v;aj,base,LEMMA,,MASTER,0,1,1,,,,based;bases,0,2,2,ESDB_V0_4
950,996,boys,-9.1427,1,PASS,35,,n,boy,FORM,,MASTER,0,1,0,,boy,,,1,0,0,ESDB_V0_4
951,997,cold,-9.1427,1,PASS,35,,n;aj,cold,LEMMA,,MASTER,0,1,0,old,col,,,2,0,0,ESDB_V0_4
952,998,computer,-9.1427,1,PASS,35,,n,computer,LEMMA,,MASTER,0,1,1,,compute,,computers,1,1,1,ESDB_V0_4
953,999,create,-9.1427,1,PASS,35,,v,create,LEMMA,,MASTER,0,1,1,,,,created;creates,0,2,2,ESDB_V0_4
954,1000,dark,-9.1427,1,PASS,35,,n;aj,dark,LEMMA,,MASTER,0,1,0,ark,,,,1,0,0,ESDB_V0_4
955,1001,daughter,-9.1427,1,PASS,35,,n;a,daughter,LEMMA,,MASTER,0,1,1,,,,daughters,0,1,1,ESDB_V0_4
956,1002,described,-9.1427,1,PASS,35,,v;aj,describe;described,FORM;LEMMA,,MASTER,0,1,0,,describe,,,1,0,0,ESDB_V0_4
957,1003,enjoy,-9.1427,1,PASS,35,,v,enjoy,LEMMA,,MASTER,0,1,1,,,,enjoys,0,1,1,ESDB_V0_4
958,1004,forget,-9.1427,1,PASS,35,,v,forget,LEMMA,,MASTER,0,1,1,,forge,,forgets,1,1,1,ESDB_V0_4
959,1005,german,-9.1427,0,NOT_EXACT_EN_US,,,,,,,REJECTED_AUTO,0,0,0,,,,,0,0,0,ESDB_V0_4
960,1006,hospital,-9.1427,1,PASS,35,,n,hospital,LEMMA,,MASTER,0,1,1,,,,hospitals,0,1,1,ESDB_V0_4
961,1007,island,-9.1427,1,PASS,35,,n,island,LEMMA,,MASTER,0,1,1,,,,islands,0,1,1,ESDB_V0_4
962,1008,mark,-9.1427,1,PASS,35,50,n_v,mark,LEMMA,,MASTER,0,1,1,ark,mar,,marks,2,1,1,ESDB_V0_4
963,1009,married,-9.1427,1,PASS,35,,n;v,married;marry,LEMMA;FORM,,MASTER,0,0,0,,,,,0,0,0,ESDB_V0_4
964,1010,missing,-9.1427,1,PASS,35,,n_v;aj,miss;missing,FORM;LEMMA,,MASTER,0,0,0,,,,,0,0,0,ESDB_V0_4
965,1011,pick,-9.1427,1,PASS,35,,n_v,pick,LEMMA,,MASTER,0,1,1,,pic,,picks,1,1,1,ESDB_V0_4
966,1012,places,-9.1427,1,PASS,35,,n_v,place,FORM,,MASTER,0,1,0,,place,,,1,0,0,ESDB_V0_4
967,1013,recent,-9.1427,1,PASS,35,,aj,recent,LEMMA,,MASTER,0,0,0,,,,,0,0,0,ESDB_V0_4
968,1014,required,-9.1427,1,PASS,35,,v;aj,require;required,FORM;LEMMA,,MASTER,0,1,0,,require,,,1,0,0,ESDB_V0_4
969,1015,river,-9.1427,1,PASS,35,,n,river,LEMMA,,MASTER,0,1,1,,,driver,rivers,0,2,1,ESDB_V0_4
970,1016,speak,-9.1427,1,PASS,35,,v,speak,LEMMA,,MASTER,0,1,1,peak,,,speaks,1,1,1,ESDB_V0_4
971,1017,standard,-9.1427,1,PASS,35,,n;aj,standard,LEMMA,,MASTER,0,1,1,,,,standards,0,1,1,ESDB_V0_4
972,1018,super,-9.1427,1,PASS,35,,n;aj_av,super,LEMMA,,MASTER,0,1,1,,,,superb,0,1,0,ESDB_V0_4
973,1019,tomorrow,-9.1427,1,PASS,35,,n;av,tomorrow,LEMMA,,MASTER,0,0,0,,,,,0,0,0,ESDB_V0_4
974,1020,western,-9.1427,1,PASS,35,40,n;aj,western,LEMMA,,MASTER,0,0,0,,,,,0,0,0,ESDB_V0_4
975,1021,africa,-9.1616,0,NOT_EXACT_EN_US,,,,,,,REJECTED_AUTO,0,0,0,,,,,0,0,0,ESDB_V0_4
976,1022,allow,-9.1616,1,PASS,35,,v,allow,LEMMA,,MASTER,0,1,1,,,,allows,0,1,1,ESDB_V0_4
977,1024,cross,-9.1616,1,PASS,35,50,n_v;aj,cross,LEMMA,,MASTER,0,1,1,,,across,,0,1,0,ESDB_V0_4
978,1025,except,-9.1616,1,PASS,35,,v;c;pp,except,LEMMA,,MASTER,0,0,0,,,,,0,0,0,ESDB_V0_4
979,1026,gives,-9.1616,1,PASS,35,,v,give,FORM,,MASTER,0,1,0,,give,,,1,0,0,ESDB_V0_4
980,1027,hair,-9.1616,1,PASS,35,,n,hair,LEMMA,,MASTER,0,1,1,air,,chair,hairs;hairy,1,3,1,ESDB_V0_4
981,1028,ice,-9.1616,1,PASS,35,,n_v,ice,LEMMA,,MASTER,0,1,1,,,nice;vice;rice;mice;dice;lice,iced,0,7,1,ESDB_V0_4
982,1029,income,-9.1616,1,PASS,35,,n,income,LEMMA,,MASTER,0,1,1,,,,incomes,0,1,1,ESDB_V0_4
983,1030,knows,-9.1616,1,PASS,35,,v,know,FORM,,MASTER,0,1,0,,know,,,1,0,0,ESDB_V0_4
984,1031,listen,-9.1616,1,PASS,35,,n_v,listen,LEMMA,,MASTER,0,1,1,,,,listens,0,1,1,ESDB_V0_4
985,1032,movement,-9.1616,1,PASS,35,,n,movement,LEMMA,,MASTER,0,1,1,,,,movements,0,1,1,ESDB_V0_4
986,1033,particularly,-9.1616,1,PASS,35,,av,particularly,LEMMA,,MASTER,0,0,0,,,,,0,0,0,ESDB_V0_4
987,1034,plans,-9.1616,1,PASS,35,,n_v,plan,FORM,,MASTER,0,1,0,,plan,,,1,0,0,ESDB_V0_4
988,1035,popular,-9.1616,1,PASS,35,,aj,popular,LEMMA,,MASTER,0,0,0,,,,,0,0,0,ESDB_V0_4
989,1036,potential,-9.1616,1,PASS,35,,n;aj,potential,LEMMA,,MASTER,0,0,0,,,,,0,0,0,ESDB_V0_4
990,1037,pressure,-9.1616,1,PASS,35,,n_v,pressure,LEMMA,,MASTER,0,1,1,,,,pressures;pressured,0,2,2,ESDB_V0_4
991,1038,rock,-9.1616,1,PASS,35,50,n_v;a,rock,LEMMA,,MASTER,0,1,1,,,,rocks;rocky,0,2,1,ESDB_V0_4
992,1039,safe,-9.1616,1,PASS,35,,n;aj,safe,LEMMA,,MASTER,0,1,1,,,,safer,0,1,1,ESDB_V0_4
993,1040,schools,-9.1616,1,PASS,35,,n_v,school,FORM,,MASTER,0,1,0,,school,,,1,0,0,ESDB_V0_4
994,1041,search,-9.1616,1,PASS,35,,n_v,search,LEMMA,,MASTER,0,0,0,,,,,0,0,0,ESDB_V0_4
995,1042,station,-9.1616,1,PASS,35,,n_v,station,LEMMA,,MASTER,0,1,1,,,,stations,0,1,1,ESDB_V0_4
996,1043,straight,-9.1616,1,PASS,35,,n;aj_av,straight,LEMMA,,MASTER,0,0,0,,,,,0,0,0,ESDB_V0_4
997,1044,tonight,-9.1616,1,PASS,35,,n;av,tonight,LEMMA,,MASTER,0,0,0,,,,,0,0,0,ESDB_V0_4
998,1045,track,-9.1616,1,PASS,35,,n_v,track,LEMMA,,MASTER,0,1,1,rack,,,tracks,1,1,1,ESDB_V0_4
999,1046,treatment,-9.1616,1,PASS,35,,n,treatment,LEMMA,,MASTER,0,1,1,,,,treatments,0,1,1,ESDB_V0_4
1000,1047,u,-9.1616,0,SINGLE_LETTER,,,,,,,REJECTED_AUTO,0,0,0,,,,,0,0,0,ESDB_V0_4
1001,1048,wanna,-9.1616,1,PASS,35,,s,wanna,LEMMA,,MASTER,0,0,0,,,,,0,0,0,ESDB_V0_4
1002,1049,weight,-9.1616,1,PASS,35,,n_v,weight,LEMMA,,MASTER,0,1,1,eight,weigh,,weights,2,1,1,ESDB_V0_4
1003,1051,association,-9.1905,1,PASS,35,,n,association,LEMMA,,MASTER,0,1,1,,,,associations,0,1,1,ESDB_V0_4
1004,1052,australia,-9.1905,0,NOT_EXACT_EN_US,,,,,,,REJECTED_AUTO,0,0,0,,,,,0,0,0,ESDB_V0_4
1005,1053,charge,-9.1905,1,PASS,35,,n_v,charge,LEMMA,,MASTER,0,1,1,,,,charges;charged;charger,0,3,2,ESDB_V0_4
1006,1054,conference,-9.1905,1,PASS,35,,n,conference,LEMMA,,MASTER,0,1,1,,,,conferences,0,1,1,ESDB_V0_4
1007,1055,developed,-9.1905,1,PASS,35,,v;aj,develop;developed,FORM;LEMMA,,MASTER,0,0,0,,,,,0,0,0,ESDB_V0_4
1008,1056,difference,-9.1905,1,PASS,35,,n,difference,LEMMA,,MASTER,0,1,1,,,,differences,0,1,1,ESDB_V0_4
1009,1057,eight,-9.1905,1,PASS,35,,n,eight,LEMMA,,MASTER,0,1,1,,,weight;height,eighth;eighty,0,4,0,ESDB_V0_4
1010,1058,established,-9.1905,1,PASS,35,,v;aj,establish;established,FORM;LEMMA,,MASTER,0,0,0,,,,,0,0,0,ESDB_V0_4
1011,1059,justice,-9.1905,1,PASS,35,50,n,justice,LEMMA,,MASTER,0,1,1,,,,justices,0,1,1,ESDB_V0_4
1012,1060,limited,-9.1905,1,PASS,35,,n_v;aj,limit;limited,FORM;LEMMA,,MASTER,0,0,0,,,,,0,0,0,ESDB_V0_4
1013,1061,numbers,-9.1905,1,PASS,35,50,n_v;n,number;numbers,FORM;LEMMA,,MASTER,0,1,0,,number,,,1,0,0,ESDB_V0_4
1014,1062,pain,-9.1905,1,PASS,35,,n_v,pain,LEMMA,,MASTER,0,1,1,,,,paint;pains,0,2,1,ESDB_V0_4
1015,1063,previous,-9.1905,1,PASS,35,,aj,previous,LEMMA,,MASTER,0,0,0,,,,,0,0,0,ESDB_V0_4
1016,1064,released,-9.1905,1,PASS,35,,n_v,release,FORM,,MASTER,0,1,0,,release,,,1,0,0,ESDB_V0_4
1017,1065,seeing,-9.1905,1,PASS,35,,n_v;c,see;seeing,FORM;LEMMA,,MASTER,0,0,0,,,,,0,0,0,ESDB_V0_4
1018,1066,wall,-9.1905,1,PASS,35,50,n_v,wall,LEMMA,,MASTER,0,1,1,all,,,walls;wally,1,2,1,ESDB_V0_4
1019,1067,welcome,-9.1905,1,PASS,35,,n_v;aj;i,welcome,LEMMA,,MASTER,0,1,1,,,,welcomed;welcomes,0,2,2,ESDB_V0_4
1020,1068,write,-9.1905,1,PASS,35,,v,write,LEMMA,,MASTER,0,1,1,rite,writ,,writer;writes,2,2,1,ESDB_V0_4
1021,1069,amazing,-9.2103,1,PASS,35,,n_v;aj,amaze;amazing,FORM;LEMMA,,MASTER,0,0,0,,,,,0,0,0,ESDB_V0_4
1022,1070,consider,-9.2103,1,PASS,35,,v,consider,LEMMA,,MASTER,0,1,1,,,,considers,0,1,1,ESDB_V0_4
1023,1071,double,-9.2103,1,PASS,35,,n_v;aj_av,double,LEMMA,,MASTER,0,1,1,,,,doubled;doubles,0,2,2,ESDB_V0_4
1024,1072,earlier,-9.2103,1,PASS,35,,aj_av,early,FORM,,MASTER,0,0,0,,,,,0,0,0,ESDB_V0_4
1025,1073,expected,-9.2103,1,PASS,35,,v;aj,expect;expected,FORM;LEMMA,,MASTER,0,0,0,,,,,0,0,0,ESDB_V0_4
1026,1074,eye,-9.2103,1,PASS,35,,n;v,eye,LEMMA,,MASTER,0,1,1,ye,,,eyes;eyed,1,2,2,ESDB_V0_4
1027,1075,generally,-9.2103,1,PASS,35,,av,generally,LEMMA,,MASTER,0,0,0,,,,,0,0,0,ESDB_V0_4
1028,1076,george,-9.2103,0,NOT_EXACT_EN_US,,,,,,,REJECTED_AUTO,0,0,0,,,,,0,0,0,ESDB_V0_4
1029,1077,link,-9.2103,1,PASS,35,,n_v,link,LEMMA,,MASTER,0,1,1,ink,,blink,links,1,2,1,ESDB_V0_4
1030,1078,moved,-9.2103,1,PASS,35,,n_v;aj,move;moved,FORM;LEMMA,,MASTER,0,1,0,,move,,,1,0,0,ESDB_V0_4
1031,1079,provided,-9.2103,1,PASS,35,,v;c,provide;provided,FORM;LEMMA,,MASTER,0,1,0,,provide,,,1,0,0,ESDB_V0_4
1032,1080,quickly,-9.2103,1,PASS,35,,av,quickly,LEMMA,,MASTER,0,0,0,,,,,0,0,0,ESDB_V0_4
1033,1081,rule,-9.2103,1,PASS,35,,n_v,rule,LEMMA,,MASTER,0,1,1,,,,rules;ruled;ruler,0,3,2,ESDB_V0_4
1034,1082,significant,-9.2103,1,PASS,35,,aj,significant,LEMMA,,MASTER,0,0,0,,,,,0,0,0,ESDB_V0_4
1035,1083,speed,-9.2103,1,PASS,35,,n_v,speed,LEMMA,,MASTER,0,1,1,,,,speeds;speedy,0,2,1,ESDB_V0_4
1036,1084,student,-9.2103,1,PASS,35,,n,student,LEMMA,,MASTER,0,1,1,,,,students,0,1,1,ESDB_V0_4
1037,1085,throughout,-9.2103,1,PASS,35,,av;pp,throughout,LEMMA,,MASTER,0,0,0,,,,,0,0,0,ESDB_V0_4
1038,1086,via,-9.2103,1,PASS,35,,pp,via,LEMMA,,MASTER,0,0,0,,,,,0,0,0,ESDB_V0_4
1039,1087,washington,-9.2103,0,NOT_EXACT_EN_US,,,,,,,REJECTED_AUTO,0,0,0,,,,,0,0,0,ESDB_V0_4
1040,1089,addition,-9.2336,1,PASS,35,,n,addition,LEMMA,,MASTER,0,1,1,,,,additions,0,1,1,ESDB_V0_4
1041,1090,box,-9.2336,1,PASS,35,,v;n,box,LEMMA;FORM,,MASTER,0,1,0,ox,,,,1,0,0,ESDB_V0_4
1042,1091,build,-9.2336,1,PASS,35,,n_v,build,LEMMA,,MASTER,0,1,1,,,,builds,0,1,1,ESDB_V0_4
1043,1092,career,-9.2336,1,PASS,35,,n_v;a,career,LEMMA,,MASTER,0,1,1,,,,careers,0,1,1,ESDB_V0_4
1044,1093,chinese,-9.2336,0,NOT_EXACT_EN_US,,,,,,,REJECTED_AUTO,0,0,0,,,,,0,0,0,ESDB_V0_4
1045,1094,deep,-9.2336,1,PASS,35,,n;aj_av,deep,LEMMA,,MASTER,0,0,0,,,,,0,0,0,ESDB_V0_4
1046,1095,despite,-9.2336,1,PASS,35,,pp,despite,LEMMA,,MASTER,0,0,0,,,,,0,0,0,ESDB_V0_4
1047,1096,etc,-9.2336,0,NO_ESDB_GENERAL_EVIDENCE,,,,,,,REJECTED_AUTO,0,0,0,,,,,0,0,0,ESDB_V0_4
1048,1097,families,-9.2336,1,PASS,35,,n,family,FORM,,MASTER,0,0,0,,,,,0,0,0,ESDB_V0_4
1049,1098,focus,-9.2336,1,PASS,35,,n;v,focus,LEMMA,,MASTER,0,0,0,,,,,0,0,0,ESDB_V0_4
1050,1099,funny,-9.2336,1,PASS,35,,n;aj,funny,LEMMA,,MASTER,0,0,0,,,,,0,0,0,ESDB_V0_4
1051,1100,greater,-9.2336,1,PASS,35,,aj,great,FORM,,MASTER,0,0,0,,,,,0,0,0,ESDB_V0_4
1052,1101,image,-9.2336,1,PASS,35,,n_v,image,LEMMA,,MASTER,0,1,1,,,,images,0,1,1,ESDB_V0_4
1053,1102,immediately,-9.2336,1,PASS,35,,av,immediately,LEMMA,,MASTER,0,0,0,,,,,0,0,0,ESDB_V0_4
1054,1103,j,-9.2336,0,SINGLE_LETTER,,,,,,,REJECTED_AUTO,0,0,0,,,,,0,0,0,ESDB_V0_4
1055,1104,material,-9.2336,1,PASS,35,,n;aj,material,LEMMA,,MASTER,0,1,1,,,,materials,0,1,1,ESDB_V0_4
1056,1105,moving,-9.2336,1,PASS,35,,n_v;aj,move;moving,FORM;LEMMA,,MASTER,0,0,0,,,,,0,0,0,ESDB_V0_4
1057,1106,percent,-9.2336,1,PASS,35,,n;av,percent,LEMMA;FORM,,MASTER,0,0,0,,,,,0,0,0,ESDB_V0_4
1058,1107,spent,-9.2336,1,PASS,35,,v;aj,spend;spent,FORM;LEMMA,,MASTER,0,0,0,,,,,0,0,0,ESDB_V0_4
1059,1108,sun,-9.2336,1,PASS,35,50,n_v,sun,LEMMA,,MASTER,0,1,1,,,,sung;sunk;suns,0,3,1,ESDB_V0_4
1060,1109,train,-9.2336,1,PASS,35,,n_v,train,LEMMA,,MASTER,0,1,1,rain,,strain,trains,1,2,1,ESDB_V0_4
1061,1110,ahead,-9.2564,1,PASS,35,,aj_av,ahead,LEMMA,,MASTER,0,1,0,head,,,,1,0,0,ESDB_V0_4
1062,1111,album,-9.2564,1,PASS,35,,n,album,LEMMA,,MASTER,0,1,1,,,,albums,0,1,1,ESDB_V0_4
1063,1113,ass,-9.2564,1,PASS,35,,n,ass,LEMMA,,MASTER,0,1,1,,as,pass;mass;bass,,1,3,0,ESDB_V0_4
1064,1114,beat,-9.2564,1,PASS,35,,n_v;aj,beat,LEMMA;FORM,,MASTER,0,1,1,eat,,,beats,1,1,1,ESDB_V0_4
1065,1115,beyond,-9.2564,1,PASS,35,,av;pp,beyond,LEMMA,,MASTER,0,0,0,,,,,0,0,0,ESDB_V0_4
1066,1116,card,-9.2564,1,PASS,35,,n_v,card,LEMMA,,MASTER,0,1,1,,car,,cards,1,1,1,ESDB_V0_4
1067,1117,civil,-9.2564,1,PASS,35,,aj,civil,LEMMA,,MASTER,0,0,0,,,,,0,0,0,ESDB_V0_4
1068,1118,clearly,-9.2564,1,PASS,35,,av,clearly,LEMMA,,MASTER,0,0,0,,,,,0,0,0,ESDB_V0_4
1069,1119,continued,-9.2564,1,PASS,35,,v;aj,continue;continued,FORM;LEMMA,,MASTER,0,1,0,,continue,,,1,0,0,ESDB_V0_4
1070,1120,fear,-9.2564,1,PASS,35,,n_v,fear,LEMMA,,MASTER,0,1,1,ear,,,fears,1,1,1,ESDB_V0_4
1071,1121,february,-9.2564,0,NOT_EXACT_EN_US,,,,,,,REJECTED_AUTO,0,0,0,,,,,0,0,0,ESDB_V0_4
1072,1122,female,-9.2564,1,PASS,35,,n;aj,female,LEMMA,,MASTER,0,1,1,,,,females,0,1,1,ESDB_V0_4
1073,1123,friday,-9.2564,0,NOT_EXACT_EN_US,,,,,,,REJECTED_AUTO,0,0,0,,,,,0,0,0,ESDB_V0_4
1074,1124,g,-9.2564,0,SINGLE_LETTER,,,,,,,REJECTED_AUTO,0,0,0,,,,,0,0,0,ESDB_V0_4
1075,1125,global,-9.2564,1,PASS,35,,aj,global,LEMMA,,MASTER,0,0,0,,,,,0,0,0,ESDB_V0_4
1076,1126,holy,-9.2564,1,PASS,35,,aj,holy,LEMMA,,MASTER,0,0,0,,,,,0,0,0,ESDB_V0_4
1077,1127,huge,-9.2564,1,PASS,35,,aj,huge,LEMMA,,MASTER,0,1,0,,hug,,,1,0,0,ESDB_V0_4
1078,1128,kept,-9.2564,1,PASS,35,,n_v;aj,keep;kept,FORM;LEMMA,,MASTER,0,0,0,,,,,0,0,0,ESDB_V0_4
1079,1129,leading,-9.2564,1,PASS,35,,v;n,lead;leading,FORM;LEMMA,,MASTER,0,1,1,,,pleading,,0,1,0,ESDB_V0_4
1080,1130,leaving,-9.2564,1,PASS,35,,v;n,leave;leaving,FORM;LEMMA,,MASTER,0,0,0,,,,,0,0,0,ESDB_V0_4
1081,1131,letter,-9.2564,1,PASS,35,,n_v;a,letter,LEMMA,,MASTER,0,1,1,,,,letters,0,1,1,ESDB_V0_4
1082,1132,lines,-9.2564,1,PASS,35,,n_v,line,FORM,,MASTER,0,1,0,,line,,,1,0,0,ESDB_V0_4
1083,1133,operation,-9.2564,1,PASS,35,,n,operation,LEMMA,,MASTER,0,1,1,,,,operations,0,1,1,ESDB_V0_4
1084,1134,positive,-9.2564,1,PASS,35,,n;aj,positive,LEMMA,,MASTER,0,1,1,,,,positives,0,1,1,ESDB_V0_4
1085,1135,seriously,-9.2564,1,PASS,35,,av,seriously,LEMMA,,MASTER,0,0,0,,,,,0,0,0,ESDB_V0_4
1086,1136,sort,-9.2564,1,PASS,35,,n_v,sort,LEMMA,,MASTER,0,1,1,,,,sorts;sorta,0,2,1,ESDB_V0_4
1087,1137,tour,-9.2564,1,PASS,35,,n_v,tour,LEMMA,,MASTER,0,1,1,our,,,tours,1,1,1,ESDB_V0_4
1088,1138,ability,-9.2797,1,PASS,35,,n,ability,LEMMA,,MASTER,0,0,0,,,,,0,0,0,ESDB_V0_4
1089,1139,analysis,-9.2797,1,PASS,35,,n,analysis,LEMMA,,MASTER,0,0,0,,,,,0,0,0,ESDB_V0_4
1090,1140,brown,-9.2797,1,PASS,35,35,n_v;aj,brown,LEMMA,,MASTER,0,1,1,,brow,,browns,1,1,1,ESDB_V0_4
1091,1141,certainly,-9.2797,1,PASS,35,,av,certainly,LEMMA,,MASTER,0,0,0,,,,,0,0,0,ESDB_V0_4
1092,1142,completely,-9.2797,1,PASS,35,,av,completely,LEMMA,,MASTER,0,0,0,,,,,0,0,0,ESDB_V0_4
1093,1143,direction,-9.2797,1,PASS,35,,n,direction,LEMMA,,MASTER,0,1,1,,,,directions,0,1,1,ESDB_V0_4
1094,1144,expect,-9.2797,1,PASS,35,,v,expect,LEMMA,,MASTER,0,1,1,,,,expects,0,1,1,ESDB_V0_4
1095,1145,fair,-9.2797,1,PASS,35,,n;aj_av,fair,LEMMA,,MASTER,0,1,1,air,,,fairy;fairs,1,2,1,ESDB_V0_4
1096,1146,feet,-9.2797,1,PASS,35,,n,foot,FORM,,MASTER,0,1,0,,fee,,,1,0,0,ESDB_V0_4
1097,1147,gas,-9.2797,1,PASS,35,,n_v,gas,LEMMA,,MASTER,0,1,1,as,,,gasp,1,1,0,ESDB_V0_4
1098,1148,independent,-9.2797,1,PASS,35,,n;aj,independent,LEMMA,,MASTER,0,1,1,,,,independents,0,1,1,ESDB_V0_4
1099,1149,levels,-9.2797,1,PASS,35,,n_v,level,FORM,,MASTER,0,1,0,,level,,,1,0,0,ESDB_V0_4
1100,1150,majority,-9.2797,1,PASS,35,,n,majority,LEMMA,,MASTER,0,0,0,,,,,0,0,0,ESDB_V0_4
1101,1151,nearly,-9.2797,1,PASS,35,,av,nearly,LEMMA,,MASTER,0,1,0,early,,,,1,0,0,ESDB_V0_4
1102,1152,physical,-9.2797,1,PASS,35,,n;aj,physical,LEMMA,,MASTER,0,0,0,,,,,0,0,0,ESDB_V0_4
1103,1153,piece,-9.2797,1,PASS,35,,n_v,piece,LEMMA,,MASTER,0,1,1,,,,pieces,0,1,1,ESDB_V0_4
1104,1154,products,-9.2797,1,PASS,35,,n,product,FORM,,MASTER,0,1,0,,product,,,1,0,0,ESDB_V0_4
1105,1155,professional,-9.2797,1,PASS,35,,n;aj,professional,LEMMA,,MASTER,0,1,1,,,,professionals,0,1,1,ESDB_V0_4
1106,1156,recently,-9.2797,1,PASS,35,,av,recently,LEMMA,,MASTER,0,0,0,,,,,0,0,0,ESDB_V0_4
1107,1157,russian,-9.2797,0,NOT_EXACT_EN_US,,,,,,,REJECTED_AUTO,0,0,0,,,,,0,0,0,ESDB_V0_4
1108,1158,unless,-9.2797,1,PASS,35,,c,unless,LEMMA,,MASTER,0,0,0,,,,,0,0,0,ESDB_V0_4
1109,1159,watching,-9.2797,1,PASS,35,,n_v;n,watch;watching,FORM;LEMMA,,MASTER,0,0,0,,,,,0,0,0,ESDB_V0_4
1110,1160,wow,-9.2797,1,PASS,35,,n_v;i,wow,LEMMA,,MASTER,0,1,0,ow,,,,1,0,0,ESDB_V0_4
1111,1161,approach,-9.3025,1,PASS,35,,n_v,approach,LEMMA,,MASTER,0,0,0,,,,,0,0,0,ESDB_V0_4
1112,1162,canadian,-9.3025,0,NOT_EXACT_EN_US,,,,,,,REJECTED_AUTO,0,0,0,,,,,0,0,0,ESDB_V0_4
1113,1163,designed,-9.3025,1,PASS,35,,n_v;aj,design;designed,FORM;LEMMA,,MASTER,0,0,0,,,,,0,0,0,ESDB_V0_4
1114,1164,direct,-9.3025,1,PASS,35,,v;aj_av,direct,LEMMA,,MASTER,0,1,1,,,,directs,0,1,1,ESDB_V0_4
1115,1165,drop,-9.3025,1,PASS,35,,n_v,drop,LEMMA,,MASTER,0,1,1,,,,drops,0,1,1,ESDB_V0_4
1116,1166,effects,-9.3025,1,PASS,35,,n_v,effect,FORM,,MASTER,0,1,0,,effect,,,1,0,0,ESDB_V0_4
1117,1167,goals,-9.3025,1,PASS,35,,n,goal,FORM,,MASTER,0,1,0,,goal,,,1,0,0,ESDB_V0_4
1118,1168,hotel,-9.3025,1,PASS,35,,n,hotel,LEMMA,,MASTER,0,1,1,,,,hotels,0,1,1,ESDB_V0_4
1119,1169,increased,-9.3025,1,PASS,35,,n_v;aj,increase;increased,FORM;LEMMA,,MASTER,0,1,0,,increase,,,1,0,0,ESDB_V0_4
1120,1170,india,-9.3025,0,NOT_EXACT_EN_US,,,,,,,REJECTED_AUTO,0,0,0,,,,,0,0,0,ESDB_V0_4
1121,1171,lack,-9.3025,1,PASS,35,,n;v,lack,LEMMA,,MASTER,0,1,1,,lac,black;slack,lacks,1,3,1,ESDB_V0_4
1122,1172,lady,-9.3025,1,PASS,35,60,n;a,lady,LEMMA,,MASTER,0,1,0,,lad,,,1,0,0,ESDB_V0_4
1123,1173,miles,-9.3025,1,PASS,35,50,n,mile,FORM,,MASTER,0,1,1,,mile,smiles,,1,1,0,ESDB_V0_4
1124,1174,organization,-9.3025,1,PASS,35,,n,organization,LEMMA,,MASTER,0,1,1,,,,organizations,0,1,1,ESDB_V0_4
1125,1175,paris,-9.3025,0,NOT_EXACT_EN_US,,,,,,,REJECTED_AUTO,0,0,0,,,,,0,0,0,ESDB_V0_4
1126,1176,reasons,-9.3025,1,PASS,35,,n_v,reason,FORM,,MASTER,0,1,0,,reason,,,1,0,0,ESDB_V0_4
1127,1177,reports,-9.3025,1,PASS,35,,n_v,report,FORM,,MASTER,0,1,0,,report,,,1,0,0,ESDB_V0_4
1128,1178,sister,-9.3025,1,PASS,35,,n;a,sister,LEMMA,,MASTER,0,1,1,,,,sisters,0,1,1,ESDB_V0_4
1129,1179,statement,-9.3025,1,PASS,35,,n_v,statement,LEMMA,,MASTER,0,1,1,,,,statements,0,1,1,ESDB_V0_4
1130,1180,travel,-9.3025,1,PASS,35,,n;v;a,travel,LEMMA,,MASTER,0,1,1,,,,travels,0,1,1,ESDB_V0_4
1131,1181,anti,-9.3258,1,PASS,50,,n;c,anti,LEMMA,,MASTER,0,1,0,,ant,,,1,0,0,ESDB_V0_4
1132,1182,commission,-9.3258,1,PASS,35,,n_v,commission,LEMMA,,MASTER,0,1,1,,,,commissions,0,1,1,ESDB_V0_4
1133,1183,content,-9.3258,1,PASS,35,,n_v;aj,content,LEMMA,,MASTER,0,1,1,,,,contents,0,1,1,ESDB_V0_4
1134,1184,costs,-9.3258,1,PASS,35,,n;v,cost;costs,FORM;LEMMA,,MASTER,0,1,0,,cost,,,1,0,0,ESDB_V0_4
1135,1185,credit,-9.3258,1,PASS,35,,n_v,credit,LEMMA,,MASTER,0,1,1,,,,credits,0,1,1,ESDB_V0_4
1136,1186,disease,-9.3258,1,PASS,35,,n,disease,LEMMA,,MASTER,0,1,1,,,,diseases,0,1,1,ESDB_V0_4
1137,1187,fans,-9.3258,1,PASS,35,,n_v,fan,FORM,,MASTER,0,1,0,,fan,,,1,0,0,ESDB_V0_4
1138,1188,germany,-9.3258,0,NOT_EXACT_EN_US,,,,,,,REJECTED_AUTO,0,0,0,,,,,0,0,0,ESDB_V0_4
1139,1189,gotta,-9.3258,1,PASS,40,,s,gotta,LEMMA,,MASTER,0,0,0,,,,,0,0,0,ESDB_V0_4
1140,1190,husband,-9.3258,1,PASS,35,,n_v,husband,LEMMA,,MASTER,0,1,1,,,,husbands,0,1,1,ESDB_V0_4
1141,1191,kid,-9.3258,1,PASS,35,,n_v;a,kid,LEMMA,,MASTER,0,1,1,id,,skid,kids,1,2,1,ESDB_V0_4
1142,1192,minute,-9.3258,1,PASS,35,,n_v;aj,minute,LEMMA,,MASTER,0,1,1,,,,minutes,0,1,1,ESDB_V0_4
1143,1193,posted,-9.3258,1,PASS,35,,n_v;aj,post;posted,FORM;LEMMA,,MASTER,0,0,0,,,,,0,0,0,ESDB_V0_4
1144,1194,product,-9.3258,1,PASS,35,,n,product,LEMMA,,MASTER,0,1,1,,,,products,0,1,1,ESDB_V0_4
1145,1195,reach,-9.3258,1,PASS,35,,n_v,reach,LEMMA,,MASTER,0,1,1,each,,breach;preach,,1,2,0,ESDB_V0_4
1146,1196,religious,-9.3258,1,PASS,35,,n;aj,religious,LEMMA;FORM,,MASTER,0,0,0,,,,,0,0,0,ESDB_V0_4
1147,1197,species,-9.3258,1,PASS,35,,n,species,LEMMA;FORM,,MASTER,0,0,0,,,,,0,0,0,ESDB_V0_4
1148,1198,stupid,-9.3258,1,PASS,35,,n;aj,stupid,LEMMA,,MASTER,0,0,0,,,,,0,0,0,ESDB_V0_4
1149,1199,wide,-9.3258,1,PASS,35,,aj_av,wide,LEMMA,,MASTER,0,1,1,,,,wider;widen,0,2,1,ESDB_V0_4
1150,1200,y,-9.3258,0,SINGLE_LETTER,,,,,,,REJECTED_AUTO,0,0,0,,,,,0,0,0,ESDB_V0_4
1151,1201,active,-9.3485,1,PASS,35,,n;aj,active,LEMMA,,MASTER,0,0,0,,,,,0,0,0,ESDB_V0_4
1152,1202,announced,-9.3485,1,PASS,35,,v;aj,announce;announced,FORM;LEMMA,,MASTER,0,1,0,,announce,,,1,0,0,ESDB_V0_4
1153,1203,claim,-9.3485,1,PASS,35,,n_v,claim,LEMMA,,MASTER,0,1,1,,,,claims,0,1,1,ESDB_V0_4
1154,1204,economy,-9.3485,1,PASS,35,,n;a,economy,LEMMA,,MASTER,0,0,0,,,,,0,0,0,ESDB_V0_4
1155,1205,flight,-9.3485,1,PASS,35,,n,flight,LEMMA,,MASTER,0,1,1,light,,,flights,1,1,1,ESDB_V0_4
1156,1206,happens,-9.3485,1,PASS,35,,v,happen,FORM,,MASTER,0,1,0,,happen,,,1,0,0,ESDB_V0_4
1157,1207,heavy,-9.3485,1,PASS,35,,n;aj_av,heavy,LEMMA,,MASTER,0,0,0,,,,,0,0,0,ESDB_V0_4
1158,1208,hurt,-9.3485,1,PASS,35,,n_v,hurt,LEMMA;FORM,,MASTER,0,1,1,,,,hurts,0,1,1,ESDB_V0_4
1159,1209,interesting,-9.3485,1,PASS,35,,n_v;aj,interest;interesting,FORM;LEMMA,,MASTER,0,0,0,,,,,0,0,0,ESDB_V0_4
1160,1210,jobs,-9.3485,1,PASS,35,50,n_v,job,FORM,,MASTER,0,1,0,,job,,,1,0,0,ESDB_V0_4
1161,1211,leader,-9.3485,1,PASS,35,,n,leader,LEMMA,,MASTER,0,1,1,,,,leaders,0,1,1,ESDB_V0_4
1162,1212,learning,-9.3485,1,PASS,35,,v;n,learn;learning,FORM;LEMMA,,MASTER,0,1,0,earning,,,,1,0,0,ESDB_V0_4
1163,1213,meant,-9.3485,1,PASS,35,,n_v,mean,FORM,,MASTER,0,1,0,,mean,,,1,0,0,ESDB_V0_4
1164,1214,pre,-9.3485,0,NOT_EXACT_EN_US,,,,,,,REJECTED_AUTO,0,0,0,,,,,0,0,0,ESDB_V0_4
1165,1215,purpose,-9.3485,1,PASS,35,,n_v,purpose,LEMMA,,MASTER,0,1,1,,,,purposes,0,1,1,ESDB_V0_4
1166,1216,secret,-9.3485,1,PASS,35,,n;aj,secret,LEMMA,,MASTER,0,1,1,,,,secrets,0,1,1,ESDB_V0_4
1167,1217,sounds,-9.3485,1,PASS,35,,n_v,sound,FORM,,MASTER,0,1,0,,sound,,,1,0,0,ESDB_V0_4
1168,1218,store,-9.3485,1,PASS,35,,n_v;a,store,LEMMA,,MASTER,0,1,1,tore,,,stores;stored,1,2,2,ESDB_V0_4
1169,1219,sunday,-9.3485,0,NOT_EXACT_EN_US,,,,,,,REJECTED_AUTO,0,0,0,,,,,0,0,0,ESDB_V0_4
1170,1220,unit,-9.3485,1,PASS,35,,n;a,unit,LEMMA,,MASTER,0,1,1,,uni,,units;unity;unite,1,3,1,ESDB_V0_4
1171,1221,administration,-9.3717,1,PASS,35,,n,administration,LEMMA,,MASTER,0,1,1,,,,administrations,0,1,1,ESDB_V0_4
1172,1222,battle,-9.3717,1,PASS,35,50,n_v,battle,LEMMA,,MASTER,0,1,1,,,,battles,0,1,1,ESDB_V0_4
1173,1223,choose,-9.3717,1,PASS,35,,v,choose,LEMMA,,MASTER,0,1,1,,,,chooses,0,1,1,ESDB_V0_4
1174,1224,competition,-9.3717,1,PASS,35,,n,competition,LEMMA,,MASTER,0,1,1,,,,competitions,0,1,1,ESDB_V0_4
1175,1225,construction,-9.3717,1,PASS,35,,n,construction,LEMMA,,MASTER,0,1,1,,,,constructions,0,1,1,ESDB_V0_4
1176,1226,contract,-9.3717,1,PASS,35,,n_v,contract,LEMMA,,MASTER,0,1,1,,,,contracts,0,1,1,ESDB_V0_4
1177,1227,crime,-9.3717,1,PASS,35,,n,crime,LEMMA,,MASTER,0,1,1,,,,crimes,0,1,1,ESDB_V0_4
1178,1228,degree,-9.3717,1,PASS,35,,n,degree,LEMMA,,MASTER,0,1,1,,,,degrees,0,1,1,ESDB_V0_4
1179,1229,includes,-9.3717,1,PASS,35,,v,include,FORM,,MASTER,0,1,0,,include,,,1,0,0,ESDB_V0_4
1180,1230,join,-9.3717,1,PASS,35,,n_v,join,LEMMA,,MASTER,0,1,1,,,,joint;joins,0,2,1,ESDB_V0_4
1181,1231,judge,-9.3717,1,PASS,35,,n_v,judge,LEMMA,,MASTER,0,1,1,,,,judges;judged,0,2,2,ESDB_V0_4
1182,1232,laws,-9.3717,1,PASS,35,,n,law,FORM,,MASTER,0,1,1,,law,flaws;claws,,1,2,0,ESDB_V0_4
1183,1233,names,-9.3717,1,PASS,35,,n_v,name,FORM,,MASTER,0,1,0,,name,,,1,0,0,ESDB_V0_4
1184,1234,nobody,-9.3717,1,PASS,35,,n;pn,nobody,LEMMA,,MASTER,0,0,0,,,,,0,0,0,ESDB_V0_4
1185,1235,none,-9.3717,1,PASS,35,,pn,none,LEMMA,,MASTER,0,1,0,one,,,,1,0,0,ESDB_V0_4
1186,1236,regular,-9.3717,1,PASS,35,,n;aj,regular,LEMMA,,MASTER,0,1,1,,,,regulars,0,1,1,ESDB_V0_4
1187,1237,safety,-9.3717,1,PASS,35,,n;a,safety,LEMMA,,MASTER,0,0,0,,,,,0,0,0,ESDB_V0_4
1188,1238,scene,-9.3717,1,PASS,35,,n,scene,LEMMA,,MASTER,0,1,1,,,,scenes,0,1,1,ESDB_V0_4
1189,1239,spend,-9.3717,1,PASS,35,,v,spend,LEMMA,,MASTER,0,1,1,,,,spends,0,1,1,ESDB_V0_4
1190,1240,successful,-9.3717,1,PASS,35,,aj,successful,LEMMA,,MASTER,0,0,0,,,,,0,0,0,ESDB_V0_4
1191,1241,additional,-9.3943,1,PASS,35,,aj,additional,LEMMA,,MASTER,0,0,0,,,,,0,0,0,ESDB_V0_4
1192,1242,anymore,-9.3943,1,PASS,40,,av,anymore,LEMMA,,MASTER,0,0,0,,,,,0,0,0,ESDB_V0_4
1193,1243,asking,-9.3943,1,PASS,35,,v;n,ask;asking,FORM;LEMMA,,MASTER,0,0,0,,,,,0,0,0,ESDB_V0_4
1194,1244,authority,-9.3943,1,PASS,35,,n,authority,LEMMA,,MASTER,0,0,0,,,,,0,0,0,ESDB_V0_4
1195,1245,awesome,-9.3943,1,PASS,35,,aj,awesome,LEMMA,,MASTER,0,0,0,,,,,0,0,0,ESDB_V0_4
1196,1246,band,-9.3943,1,PASS,35,,n_v,band,LEMMA,,MASTER,0,1,1,and,ban,,bands,2,1,1,ESDB_V0_4
1197,1247,bar,-9.3943,1,PASS,35,,n_v;c,bar,LEMMA,,MASTER,0,1,1,,,,bars;bare;barn;bark;bard,0,5,1,ESDB_V0_4
1198,1248,basic,-9.3943,1,PASS,35,50,n;aj,basic,LEMMA,,MASTER,0,1,1,,,,basics,0,1,1,ESDB_V0_4
1199,1249,campaign,-9.3943,1,PASS,35,,n_v,campaign,LEMMA,,MASTER,0,1,1,,,,campaigns,0,1,1,ESDB_V0_4
1200,1250,carry,-9.3943,1,PASS,35,,n_v,carry,LEMMA,,MASTER,0,0,0,,,,,0,0,0,ESDB_V0_4
1201,1251,christian,-9.3943,0,CASE_FREQ_COLLISION,60,35,aj,christian,LEMMA,,REJECTED_AUTO,0,0,0,,,,,0,0,0,ESDB_V0_4
1202,1252,clean,-9.3943,1,PASS,35,,v;aj_av,clean,LEMMA,,MASTER,0,1,0,lean,,,,1,0,0,ESDB_V0_4
1203,1253,compared,-9.3943,1,PASS,35,,v,compare,FORM,,MASTER,0,1,0,,compare,,,1,0,0,ESDB_V0_4
1204,1254,dad,-9.3943,1,PASS,35,,n,dad,LEMMA,,MASTER,0,1,1,ad,,,dads,1,1,1,ESDB_V0_4
1205,1255,dance,-9.3943,1,PASS,35,,n_v,dance,LEMMA,,MASTER,0,1,1,,,,dancer;dances;danced,0,3,2,ESDB_V0_4
1206,1256,directly,-9.3943,1,PASS,35,,av,directly,LEMMA,,MASTER,0,0,0,,,,,0,0,0,ESDB_V0_4
1207,1257,drink,-9.3943,1,PASS,35,,n_v,drink,LEMMA,,MASTER,0,1,1,rink,,,drinks,1,1,1,ESDB_V0_4
1208,1258,drug,-9.3943,1,PASS,35,,n_v,drug,LEMMA,,MASTER,0,1,1,rug,,,drugs,1,1,1,ESDB_V0_4
1209,1259,floor,-9.3943,1,PASS,35,,n_v,floor,LEMMA,,MASTER,0,1,1,,,,floors,0,1,1,ESDB_V0_4
1210,1260,gun,-9.3943,1,PASS,35,,n_v,gun,LEMMA,,MASTER,0,1,1,,,,guns,0,1,1,ESDB_V0_4
1211,1261,lived,-9.3943,1,PASS,35,,v,live,FORM,,MASTER,0,1,0,,live,,,1,0,0,ESDB_V0_4
1212,1262,loved,-9.3943,1,PASS,35,,v;aj,love;loved,FORM;LEMMA,,MASTER,0,1,0,,love,,,1,0,0,ESDB_V0_4
1213,1263,marriage,-9.3943,1,PASS,35,,n,marriage,LEMMA,,MASTER,0,1,1,,,,marriages,0,1,1,ESDB_V0_4
1214,1264,master,-9.3943,1,PASS,35,60,n_v;aj,master,LEMMA,,MASTER,0,1,1,,,,masters;mastery,0,2,1,ESDB_V0_4
1215,1265,named,-9.3943,1,PASS,35,,n_v,name,FORM,,MASTER,0,1,0,,name,,,1,0,0,ESDB_V0_4
1216,1266,nation,-9.3943,1,PASS,35,50,n,nation,LEMMA,,MASTER,0,1,1,,,,nations,0,1,1,ESDB_V0_4
1217,1267,northern,-9.3943,1,PASS,35,,aj,northern,LEMMA,,MASTER,0,0,0,,,,,0,0,0,ESDB_V0_4
1218,1268,notice,-9.3943,1,PASS,35,,n_v,notice,LEMMA,,MASTER,0,1,1,,,,noticed;notices,0,2,2,ESDB_V0_4
1219,1269,opening,-9.3943,1,PASS,35,,n_v;n,open;opening,FORM;LEMMA,,MASTER,0,1,1,,,,openings,0,1,1,ESDB_V0_4
1220,1270,opinion,-9.3943,1,PASS,35,,n,opinion,LEMMA,,MASTER,0,1,1,,,,opinions,0,1,1,ESDB_V0_4
1221,1271,opportunity,-9.3943,1,PASS,35,,n,opportunity,LEMMA,,MASTER,0,0,0,,,,,0,0,0,ESDB_V0_4
1222,1272,passed,-9.3943,1,PASS,35,,n_v,pass,FORM,,MASTER,0,0,0,,,,,0,0,0,ESDB_V0_4
1223,1273,photo,-9.3943,1,PASS,35,,n_v;a,photo,LEMMA,,MASTER,0,1,1,,,,photos,0,1,1,ESDB_V0_4
1224,1274,produced,-9.3943,1,PASS,35,,v,produce,FORM,,MASTER,0,1,0,,produce,,,1,0,0,ESDB_V0_4
1225,1275,quick,-9.3943,1,PASS,35,,n;aj_av;i,quick,LEMMA,,MASTER,0,0,0,,,,,0,0,0,ESDB_V0_4
1226,1276,ship,-9.3943,1,PASS,35,,n_v,ship,LEMMA,,MASTER,0,1,1,hip,,,ships,1,1,1,ESDB_V0_4
1227,1277,sold,-9.3943,1,PASS,35,,n_v;aj,sell;sold,FORM;LEMMA,,MASTER,0,1,0,old,,,,1,0,0,ESDB_V0_4
1228,1278,speaking,-9.3943,1,PASS,35,,v;n;aj,speak;speaking,FORM;LEMMA,,MASTER,0,0,0,,,,,0,0,0,ESDB_V0_4
1229,1279,teams,-9.3943,1,PASS,35,,n_v,team,FORM,,MASTER,0,1,0,,team,,,1,0,0,ESDB_V0_4
1230,1280,whom,-9.3943,1,PASS,35,,pn,who,FORM,,MASTER,0,1,0,,who,,,1,0,0,ESDB_V0_4
1231,1281,activity,-9.4174,1,PASS,35,,n,activity,LEMMA,,MASTER,0,0,0,,,,,0,0,0,ESDB_V0_4
1232,1282,annual,-9.4174,1,PASS,35,,n;aj,annual,LEMMA,,MASTER,0,0,0,,,,,0,0,0,ESDB_V0_4
1233,1283,anyway,-9.4174,1,PASS,35,,av,anyway,LEMMA,,MASTER,0,0,0,,,,,0,0,0,ESDB_V0_4
1234,1284,associated,-9.4174,1,PASS,35,,n_v,associate,FORM,,MASTER,0,1,0,,associate,,,1,0,0,ESDB_V0_4
1235,1285,calls,-9.4174,1,PASS,35,,n_v,call,FORM,,MASTER,0,1,0,,call,,,1,0,0,ESDB_V0_4
1236,1286,captain,-9.4174,1,PASS,35,,n_v,captain,LEMMA,,MASTER,0,1,1,,,,captains,0,1,1,ESDB_V0_4
1237,1287,caused,-9.4174,1,PASS,35,,n_v,cause,FORM,,MASTER,0,1,0,,cause,,,1,0,0,ESDB_V0_4
1238,1288,closed,-9.4174,1,PASS,35,,n_v;aj,close;closed,FORM;LEMMA,,MASTER,0,1,0,,close,,,1,0,0,ESDB_V0_4
1239,1289,collection,-9.4174,1,PASS,35,,n,collection,LEMMA,,MASTER,0,1,1,,,,collections,0,1,1,ESDB_V0_4
1240,1290,condition,-9.4174,1,PASS,35,,n_v,condition,LEMMA,,MASTER,0,1,1,,,,conditions,0,1,1,ESDB_V0_4
1241,1291,effort,-9.4174,1,PASS,35,,n,effort,LEMMA,,MASTER,0,1,1,,,,efforts,0,1,1,ESDB_V0_4
1242,1292,explain,-9.4174,1,PASS,35,,v,explain,LEMMA,,MASTER,0,1,1,,,,explains,0,1,1,ESDB_V0_4
1243,1293,finished,-9.4174,1,PASS,35,,n_v;aj,finish;finished,FORM;LEMMA,,MASTER,0,0,0,,,,,0,0,0,ESDB_V0_4
1244,1294,freedom,-9.4174,1,PASS,35,,n,freedom,LEMMA,,MASTER,0,1,1,,,,freedoms,0,1,1,ESDB_V0_4
1245,1295,growing,-9.4174,1,PASS,35,,v;n;aj,grow;growing,FORM;LEMMA,,MASTER,0,1,0,rowing,,,,1,0,0,ESDB_V0_4
1246,1296,impact,-9.4174,1,PASS,35,,n_v,impact,LEMMA,,MASTER,0,1,1,,,,impacts,0,1,1,ESDB_V0_4
1247,1297,interested,-9.4174,1,PASS,35,,n_v;aj,interest;interested,FORM;LEMMA,,MASTER,0,0,0,,,,,0,0,0,ESDB_V0_4
1248,1298,k,-9.4174,0,SINGLE_LETTER,,,,,,,REJECTED_AUTO,0,0,0,,,,,0,0,0,ESDB_V0_4
1249,1299,parliament,-9.4174,1,PASS,35,50,n,parliament,LEMMA,,MASTER,0,1,1,,,,parliaments,0,1,1,ESDB_V0_4
1250,1300,prime,-9.4174,1,PASS,35,,n_v;aj,prime,LEMMA,,MASTER,0,1,1,,,,primer,0,1,0,ESDB_V0_4
1251,1301,sales,-9.4174,1,PASS,35,,n,sale,FORM,,MASTER,0,1,0,,sale,,,1,0,0,ESDB_V0_4
1252,1302,stories,-9.4174,1,PASS,35,,n,story,FORM,,MASTER,0,0,0,,,,,0,0,0,ESDB_V0_4
1253,1304,absolutely,-9.441,1,PASS,35,,av,absolutely,LEMMA,,MASTER,0,0,0,,,,,0,0,0,ESDB_V0_4
1254,1305,activities,-9.441,1,PASS,35,,n,activity,FORM,,MASTER,0,0,0,,,,,0,0,0,ESDB_V0_4
1255,1306,agree,-9.441,1,PASS,35,,v,agree,LEMMA,,MASTER,0,1,1,,,,agreed;agrees,0,2,2,ESDB_V0_4
1256,1307,basis,-9.441,1,PASS,35,,n,basis,LEMMA,,MASTER,0,0,0,,,,,0,0,0,ESDB_V0_4
1257,1308,brain,-9.441,1,PASS,35,50,n_v,brain,LEMMA,,MASTER,0,1,1,rain,,,brains,1,1,1,ESDB_V0_4
1258,1309,calling,-9.441,1,PASS,35,,n_v;n,call;calling,FORM;LEMMA,,MASTER,0,0,0,,,,,0,0,0,ESDB_V0_4
1259,1310,doctor,-9.441,1,PASS,35,35,n_v,doctor,LEMMA,,MASTER,0,1,1,,,,doctors,0,1,1,ESDB_V0_4
1260,1311,doubt,-9.441,1,PASS,35,,n_v,doubt,LEMMA,,MASTER,0,1,1,,,,doubts,0,1,1,ESDB_V0_4
1261,1312,dream,-9.441,1,PASS,35,,n_v;a,dream,LEMMA,,MASTER,0,1,1,,,,dreams,0,1,1,ESDB_V0_4
1262,1313,easily,-9.441,1,PASS,35,,av,easily,LEMMA,,MASTER,0,0,0,,,,,0,0,0,ESDB_V0_4
1263,1314,fish,-9.441,1,PASS,35,,n;v,fish,LEMMA;FORM,,MASTER,0,0,0,,,,,0,0,0,ESDB_V0_4
1264,1315,grand,-9.441,1,PASS,35,,aj;n,grand,LEMMA;FORM,,MASTER,0,1,0,,gran,,,1,0,0,ESDB_V0_4
1265,1316,highly,-9.441,1,PASS,35,,av,highly,LEMMA,,MASTER,0,0,0,,,,,0,0,0,ESDB_V0_4
1266,1317,israel,-9.441,0,NOT_EXACT_EN_US,,,,,,,REJECTED_AUTO,0,0,0,,,,,0,0,0,ESDB_V0_4
1267,1318,luck,-9.441,1,PASS,35,,n;v,luck,LEMMA,,MASTER,0,1,1,,,,lucky,0,1,0,ESDB_V0_4
1268,1319,machine,-9.441,1,PASS,35,,n_v;a,machine,LEMMA,,MASTER,0,1,1,,,,machines,0,1,1,ESDB_V0_4
1269,1320,manager,-9.441,1,PASS,35,,n,manager,LEMMA,,MASTER,0,1,1,,manage,,managers,1,1,1,ESDB_V0_4
1270,1321,mission,-9.441,1,PASS,35,,n,mission,LEMMA,,MASTER,0,1,1,,,emission;omission,missions,0,3,1,ESDB_V0_4
1271,1322,nations,-9.441,1,PASS,35,,n,nation,FORM,,MASTER,0,1,0,,nation,,,1,0,0,ESDB_V0_4
1272,1323,older,-9.441,1,PASS,35,,aj,old,FORM,,MASTER,0,1,1,,,holder;folder;colder,,0,3,0,ESDB_V0_4
1273,1324,operations,-9.441,1,PASS,35,,n,operation,FORM,,MASTER,0,1,0,,operation,,,1,0,0,ESDB_V0_4
1274,1325,parties,-9.441,1,PASS,35,,n_v,party,FORM,,MASTER,0,0,0,,,,,0,0,0,ESDB_V0_4
1275,1326,peter,-9.441,1,PASS,35,50,n_v,peter,LEMMA,,MASTER,0,1,1,,,,peters,0,1,1,ESDB_V0_4
1276,1327,reached,-9.441,1,PASS,35,,n_v,reach,FORM,,MASTER,0,1,1,,,preached;breached,,0,2,0,ESDB_V0_4
1277,1328,reality,-9.441,1,PASS,35,,n,reality,LEMMA,,MASTER,0,0,0,,,,,0,0,0,ESDB_V0_4
1278,1329,remain,-9.441,1,PASS,35,,v,remain,LEMMA,,MASTER,0,1,1,,,,remains,0,1,1,ESDB_V0_4
1279,1330,rich,-9.441,1,PASS,35,50,n;aj,rich,LEMMA,,MASTER,0,0,0,,,,,0,0,0,ESDB_V0_4
1280,1331,san,-9.441,0,NOT_EXACT_EN_US,,,,,,,REJECTED_AUTO,0,0,0,,,,,0,0,0,ESDB_V0_4
1281,1332,sell,-9.441,1,PASS,35,,n_v,sell,LEMMA,,MASTER,0,1,1,,,,sells,0,1,1,ESDB_V0_4
1282,1333,shown,-9.441,1,PASS,35,,n_v,show,FORM,,MASTER,0,1,0,,show,,,1,0,0,ESDB_V0_4
1283,1334,sources,-9.441,1,PASS,35,,n_v,source,FORM,,MASTER,0,1,0,,source,,,1,0,0,ESDB_V0_4
1284,1335,spring,-9.441,1,PASS,35,,n_v;a,spring,LEMMA,,MASTER,0,1,1,,,,springs,0,1,1,ESDB_V0_4
1285,1336,winning,-9.441,1,PASS,35,,n_v;n;aj,win;winning,FORM;LEMMA,,MASTER,0,1,0,inning,,,,1,0,0,ESDB_V0_4
1286,1337,winter,-9.441,1,PASS,35,,n_v;a,winter,LEMMA,,MASTER,0,1,1,inter,,,winters,1,1,1,ESDB_V0_4
1287,1338,worst,-9.441,1,PASS,35,,aj_av;n;v,bad;ill;worst,FORM;LEMMA,,MASTER,0,0,0,,,,,0,0,0,ESDB_V0_4
1288,1339,address,-9.4639,1,PASS,35,,n_v,address,LEMMA,,MASTER,0,0,0,,,,,0,0,0,ESDB_V0_4
1289,1340,african,-9.4639,0,NOT_EXACT_EN_US,,,,,,,REJECTED_AUTO,0,0,0,,,,,0,0,0,ESDB_V0_4
1290,1341,agency,-9.4639,1,PASS,35,,n,agency,LEMMA,,MASTER,0,0,0,,,,,0,0,0,ESDB_V0_4
1291,1342,airport,-9.4639,1,PASS,35,,n,airport,LEMMA,,MASTER,0,1,1,,,,airports,0,1,1,ESDB_V0_4
1292,1343,australian,-9.4639,0,NOT_EXACT_EN_US,,,,,,,REJECTED_AUTO,0,0,0,,,,,0,0,0,ESDB_V0_4
1293,1344,author,-9.4639,1,PASS,35,,n_v,author,LEMMA,,MASTER,0,1,1,,,,authors,0,1,1,ESDB_V0_4
1294,1345,avoid,-9.4639,1,PASS,35,,v,avoid,LEMMA,,MASTER,0,1,1,void,,,avoids,1,1,1,ESDB_V0_4
1295,1346,caught,-9.4639,1,PASS,35,,n_v,catch,FORM,,MASTER,0,0,0,,,,,0,0,0,ESDB_V0_4
1296,1347,coach,-9.4639,1,PASS,35,,n_v;a,coach,LEMMA,,MASTER,0,0,0,,,,,0,0,0,ESDB_V0_4
1297,1348,coast,-9.4639,1,PASS,35,,n_v,coast,LEMMA,,MASTER,0,1,1,,,,coasts,0,1,1,ESDB_V0_4
1298,1349,comments,-9.4639,1,PASS,35,,n_v,comment,FORM,,MASTER,0,1,0,,comment,,,1,0,0,ESDB_V0_4
1299,1350,commercial,-9.4639,1,PASS,35,,n;aj,commercial,LEMMA,,MASTER,0,1,1,,,,commercials,0,1,1,ESDB_V0_4
1300,1351,complex,-9.4639,1,PASS,35,,n;aj,complex,LEMMA,,MASTER,0,0,0,,,,,0,0,0,ESDB_V0_4
1301,1352,county,-9.4639,1,PASS,35,,n;a,county,LEMMA,,MASTER,0,1,0,,count,,,1,0,0,ESDB_V0_4
1302,1353,damage,-9.4639,1,PASS,35,,n;v,damage,LEMMA,,MASTER,0,1,1,,,,damaged;damages,0,2,2,ESDB_V0_4
1303,1354,details,-9.4639,1,PASS,35,,n_v;n,detail;details,FORM;LEMMA,,MASTER,0,1,0,,detail,,,1,0,0,ESDB_V0_4
1304,1355,environment,-9.4639,1,PASS,35,,n,environment,LEMMA,,MASTER,0,1,1,,,,environments,0,1,1,ESDB_V0_4
1305,1356,everybody,-9.4639,1,PASS,35,,pn,everybody,LEMMA,,MASTER,0,0,0,,,,,0,0,0,ESDB_V0_4
1306,1357,features,-9.4639,1,PASS,35,,n_v,feature,FORM,,MASTER,0,1,0,,feature,,,1,0,0,ESDB_V0_4
1307,1358,fighting,-9.4639,1,PASS,35,,n_v;n,fight;fighting,FORM;LEMMA,,MASTER,0,0,0,,,,,0,0,0,ESDB_V0_4
1308,1359,glad,-9.4639,1,PASS,35,,n;aj,glad,LEMMA,,MASTER,0,1,0,lad,,,,1,0,0,ESDB_V0_4
1309,1360,indian,-9.4639,0,NOT_EXACT_EN_US,,,,,,,REJECTED_AUTO,0,0,0,,,,,0,0,0,ESDB_V0_4
1310,1361,japan,-9.4639,0,CASE_FREQ_COLLISION,50,50,n_v,japan,LEMMA,,REJECTED_AUTO,0,0,0,,,,,0,0,0,ESDB_V0_4
1311,1362,located,-9.4639,1,PASS,35,,v;aj,locate;located,FORM;LEMMA,,MASTER,0,1,0,,locate,,,1,0,0,ESDB_V0_4
1312,1363,patients,-9.4639,1,PASS,35,,n,patient,FORM,,MASTER,0,1,0,,patient,,,1,0,0,ESDB_V0_4
1313,1364,pictures,-9.4639,1,PASS,35,,n_v,picture,FORM,,MASTER,0,1,0,,picture,,,1,0,0,ESDB_V0_4
1314,1365,planning,-9.4639,1,PASS,35,,n_v;n,plan;planning,FORM;LEMMA,,MASTER,0,0,0,,,,,0,0,0,ESDB_V0_4
1315,1366,plant,-9.4639,1,PASS,35,,n_v,plant,LEMMA,,MASTER,0,1,1,,plan,,plants,1,1,1,ESDB_V0_4
1316,1367,primary,-9.4639,1,PASS,35,,n;aj,primary,LEMMA,,MASTER,0,0,0,,,,,0,0,0,ESDB_V0_4
1317,1368,remains,-9.4639,1,PASS,35,,v,remain,FORM,,MASTER,0,1,0,,remain,,,1,0,0,ESDB_V0_4
1318,1369,royal,-9.4639,1,PASS,35,50,n;aj,royal,LEMMA,,MASTER,0,1,1,,,,royals,0,1,1,ESDB_V0_4
1319,1370,secretary,-9.4639,1,PASS,35,40,n,secretary,LEMMA,,MASTER,0,0,0,,,,,0,0,0,ESDB_V0_4
1320,1371,senior,-9.4639,1,PASS,35,40,n;aj,senior,LEMMA,,MASTER,0,1,1,,,,seniors,0,1,1,ESDB_V0_4
1321,1372,sit,-9.4639,1,PASS,35,,v,sit,LEMMA,,MASTER,0,1,1,it,,,site;sits,1,2,1,ESDB_V0_4
1322,1373,sports,-9.4639,1,PASS,35,,n_v,sport,FORM,,MASTER,0,1,0,ports,sport,,,2,0,0,ESDB_V0_4
1323,1374,standing,-9.4639,1,PASS,35,,n_v;n,stand;standing,FORM;LEMMA,,MASTER,0,1,1,,,,standings,0,1,1,ESDB_V0_4
1324,1375,status,-9.4639,1,PASS,35,,n,status,LEMMA,,MASTER,0,0,0,,,,,0,0,0,ESDB_V0_4
1325,1376,stock,-9.4639,1,PASS,35,,n_v;aj,stock,LEMMA,,MASTER,0,1,1,,,,stocks,0,1,1,ESDB_V0_4
1326,1377,structure,-9.4639,1,PASS,35,,n_v,structure,LEMMA,,MASTER,0,1,1,,,,structures;structured,0,2,2,ESDB_V0_4
1327,1378,traditional,-9.4639,1,PASS,35,,aj,traditional,LEMMA,,MASTER,0,0,0,,,,,0,0,0,ESDB_V0_4
1328,1379,violence,-9.4639,1,PASS,35,,n,violence,LEMMA,,MASTER,0,0,0,,,,,0,0,0,ESDB_V0_4
1329,1380,advice,-9.4861,1,PASS,35,,n,advice,LEMMA,,MASTER,0,0,0,,,,,0,0,0,ESDB_V0_4
1330,1381,agreed,-9.4861,1,PASS,35,,v;aj,agree;agreed,FORM;LEMMA,,MASTER,0,1,0,greed,agree,,,2,0,0,ESDB_V0_4
1331,1382,agreement,-9.4861,1,PASS,35,,n,agreement,LEMMA,,MASTER,0,1,1,,,,agreements,0,1,1,ESDB_V0_4
1332,1383,animals,-9.4861,1,PASS,35,,n,animal,FORM,,MASTER,0,1,0,,animal,,,1,0,0,ESDB_V0_4
1333,1384,beach,-9.4861,1,PASS,35,50,n_v,beach,LEMMA,,MASTER,0,1,0,each,,,,1,0,0,ESDB_V0_4
1334,1385,broken,-9.4861,1,PASS,35,,n_v;aj,break;broken,FORM;LEMMA,,MASTER,0,1,0,,broke,,,1,0,0,ESDB_V0_4
1335,1386,cancer,-9.4861,1,PASS,35,40,n,cancer,LEMMA,,MASTER,0,1,1,,,,cancers,0,1,1,ESDB_V0_4
1336,1387,carried,-9.4861,1,PASS,35,,n_v,carry,FORM,,MASTER,0,0,0,,,,,0,0,0,ESDB_V0_4
1337,1388,cars,-9.4861,1,PASS,35,,n,car,FORM,,MASTER,0,1,1,,car,scars,,1,1,0,ESDB_V0_4
1338,1389,ended,-9.4861,1,PASS,35,,n_v;aj,end;ended,FORM;LEMMA,,MASTER,0,1,1,,,tended,,0,1,0,ESDB_V0_4
1339,1390,extra,-9.4861,1,PASS,35,,n;aj_av,extra,LEMMA,,MASTER,0,1,1,,,,extras,0,1,1,ESDB_V0_4
1340,1391,fell,-9.4861,1,PASS,35,,n_v;aj,fall;fell,FORM;LEMMA,,MASTER,0,1,1,,,,fella,0,1,0,ESDB_V0_4
1341,1392,investment,-9.4861,1,PASS,35,,n,investment,LEMMA,,MASTER,0,1,1,,,,investments,0,1,1,ESDB_V0_4
1342,1393,male,-9.4861,1,PASS,35,50,n;aj,male,LEMMA,,MASTER,0,1,1,ale,,,males,1,1,1,ESDB_V0_4
1343,1394,meaning,-9.4861,1,PASS,35,,n_v;n,mean;meaning,FORM;LEMMA,,MASTER,0,1,1,,,,meanings,0,1,1,ESDB_V0_4
1344,1395,officers,-9.4861,1,PASS,35,,n,officer,FORM,,MASTER,0,1,0,,officer,,,1,0,0,ESDB_V0_4
1345,1396,politics,-9.4861,1,PASS,35,,n,politics,LEMMA,,MASTER,0,0,0,,,,,0,0,0,ESDB_V0_4
1346,1397,protect,-9.4861,1,PASS,35,,v,protect,LEMMA,,MASTER,0,1,1,,,,protects,0,1,1,ESDB_V0_4
1347,1398,ran,-9.4861,1,PASS,35,,n_v,run,FORM,,MASTER,0,1,1,an,,gran,rank;rang;rant,1,4,0,ESDB_V0_4
1348,1399,resources,-9.4861,1,PASS,35,,n_v,resource,FORM,,MASTER,0,1,0,,resource,,,1,0,0,ESDB_V0_4
1349,1400,sale,-9.4861,1,PASS,35,,n,sale,LEMMA,,MASTER,0,1,1,ale,,,sales,1,1,1,ESDB_V0_4
1350,1401,skin,-9.4861,1,PASS,35,,n_v;a,skin,LEMMA,,MASTER,0,1,1,kin,ski,,skins,2,1,1,ESDB_V0_4
1351,1402,sweet,-9.4861,1,PASS,35,50,n;aj_av,sweet,LEMMA,,MASTER,0,1,1,,,,sweets,0,1,1,ESDB_V0_4
1352,1403,teacher,-9.4861,1,PASS,35,,n,teacher,LEMMA,,MASTER,0,1,1,,,,teachers,0,1,1,ESDB_V0_4
1353,1404,touch,-9.4861,1,PASS,35,,n_v,touch,LEMMA,,MASTER,0,1,0,ouch,,,,1,0,0,ESDB_V0_4
1354,1405,trip,-9.4861,1,PASS,35,,n_v,trip,LEMMA,,MASTER,0,1,1,rip,,strip,trips,1,2,1,ESDB_V0_4
1355,1406,uses,-9.4861,1,PASS,35,,n_v,use,FORM,,MASTER,0,1,1,,use,buses,,1,1,0,ESDB_V0_4
1356,1407,village,-9.4861,1,PASS,35,,n;a,village,LEMMA,,MASTER,0,1,1,,,,villages,0,1,1,ESDB_V0_4
1357,1408,weather,-9.4861,1,PASS,35,,n;v;aj,weather,LEMMA,,MASTER,0,0,0,,,,,0,0,0,ESDB_V0_4
1358,1409,wonder,-9.4861,1,PASS,35,50,n_v;a,wonder,LEMMA,,MASTER,0,1,1,,,,wonders,0,1,1,ESDB_V0_4
1359,1410,yesterday,-9.4861,1,PASS,35,,n;av,yesterday,LEMMA,,MASTER,0,0,0,,,,,0,0,0,ESDB_V0_4
1360,1411,accept,-9.5101,1,PASS,35,,v,accept,LEMMA,,MASTER,0,1,1,,,,accepts,0,1,1,ESDB_V0_4
1361,1412,appear,-9.5101,1,PASS,35,,v,appear,LEMMA,,MASTER,0,1,1,,,,appears,0,1,1,ESDB_V0_4
1362,1413,appears,-9.5101,1,PASS,35,,v,appear,FORM,,MASTER,0,1,0,,appear,,,1,0,0,ESDB_V0_4
1363,1414,begin,-9.5101,1,PASS,35,50,v,begin,LEMMA,,MASTER,0,1,1,,,,begins,0,1,1,ESDB_V0_4
1364,1415,bought,-9.5101,1,PASS,35,,n_v,buy,FORM,,MASTER,0,1,0,ought,,,,1,0,0,ESDB_V0_4
1365,1416,click,-9.5101,1,PASS,35,,n_v,click,LEMMA,,MASTER,0,1,1,lick,,,clicks,1,1,1,ESDB_V0_4
1366,1417,color,-9.5101,1,PASS,35,,n_v;aj,color,LEMMA,,MASTER,0,1,1,,,,colors,0,1,1,ESDB_V0_4
1367,1418,congress,-9.5101,1,PASS,35,35,n,congress,LEMMA,,MASTER,0,0,0,,,,,0,0,0,ESDB_V0_4
1368,1419,district,-9.5101,1,PASS,35,,n,district,LEMMA,,MASTER,0,1,1,,,,districts,0,1,1,ESDB_V0_4
1369,1420,evening,-9.5101,1,PASS,35,,n_v;n;i,even;evening,FORM;LEMMA,,MASTER,0,1,1,,,,evenings,0,1,1,ESDB_V0_4
1370,1421,eventually,-9.5101,1,PASS,35,,av,eventually,LEMMA,,MASTER,0,0,0,,,,,0,0,0,ESDB_V0_4
1371,1422,exchange,-9.5101,1,PASS,35,,n_v,exchange,LEMMA,,MASTER,0,1,1,,,,exchanges;exchanged,0,2,2,ESDB_V0_4
1372,1423,famous,-9.5101,1,PASS,35,,aj,famous,LEMMA,,MASTER,0,0,0,,,,,0,0,0,ESDB_V0_4
1373,1424,favorite,-9.5101,1,PASS,35,,n;aj,favorite,LEMMA,,MASTER,0,1,1,,,,favorites,0,1,1,ESDB_V0_4
1374,1425,grow,-9.5101,1,PASS,35,,v,grow,LEMMA,,MASTER,0,1,1,row,,,grown;grows,1,2,2,ESDB_V0_4
1375,1426,imagine,-9.5101,1,PASS,35,,v,imagine,LEMMA,,MASTER,0,1,1,,,,imagined,0,1,1,ESDB_V0_4
1376,1427,largest,-9.5101,1,PASS,35,,aj_av,large,FORM,,MASTER,0,0,0,,,,,0,0,0,ESDB_V0_4
1377,1428,mrs,-9.5101,0,NOT_EXACT_EN_US,,,,,,,REJECTED_AUTO,0,0,0,,,,,0,0,0,ESDB_V0_4
1378,1429,nine,-9.5101,1,PASS,35,,n,nine,LEMMA,,MASTER,0,0,0,,,,,0,0,0,ESDB_V0_4
1379,1430,nor,-9.5101,1,PASS,35,,a;c,nor,LEMMA,,MASTER,0,1,1,or,no,,norm,2,1,0,ESDB_V0_4
1380,1431,notes,-9.5101,1,PASS,35,,n_v,note,FORM,,MASTER,0,1,0,,note,,,1,0,0,ESDB_V0_4
1381,1432,offered,-9.5101,1,PASS,35,,n_v,offer,FORM,,MASTER,0,0,0,,,,,0,0,0,ESDB_V0_4
1382,1433,otherwise,-9.5101,1,PASS,35,,aj_av,otherwise,LEMMA,,MASTER,0,0,0,,,,,0,0,0,ESDB_V0_4
1383,1434,overall,-9.5101,1,PASS,35,,n;aj,overall,LEMMA,,MASTER,0,0,0,,,,,0,0,0,ESDB_V0_4
1384,1435,placed,-9.5101,1,PASS,35,,n_v;aj,place;placed,FORM;LEMMA,,MASTER,0,1,0,laced,place,,,2,0,0,ESDB_V0_4
1385,1436,professor,-9.5101,1,PASS,35,,n,professor,LEMMA,,MASTER,0,1,1,,,,professors,0,1,1,ESDB_V0_4
1386,1437,programs,-9.5101,1,PASS,35,,n;v;n_v,program,FORM,,MASTER,0,1,0,,program,,,1,0,0,ESDB_V0_4
1387,1438,queen,-9.5101,1,PASS,35,50,n_v,queen,LEMMA,,MASTER,0,1,1,,,,queens,0,1,1,ESDB_V0_4
1388,1439,rates,-9.5101,1,PASS,35,,n_v,rate,FORM,,MASTER,0,1,0,,rate,,,1,0,0,ESDB_V0_4
1389,1440,records,-9.5101,1,PASS,35,,n_v,record,FORM,,MASTER,0,1,0,,record,,,1,0,0,ESDB_V0_4
1390,1441,responsible,-9.5101,1,PASS,35,,aj,responsible,LEMMA,,MASTER,0,0,0,,,,,0,0,0,ESDB_V0_4
1391,1442,saturday,-9.5101,0,NOT_EXACT_EN_US,,,,,,,REJECTED_AUTO,0,0,0,,,,,0,0,0,ESDB_V0_4
1392,1443,sick,-9.5101,1,PASS,35,,v;aj,sick,LEMMA,,MASTER,0,1,0,,sic,,,1,0,0,ESDB_V0_4
1393,1444,supposed,-9.5101,1,PASS,35,,v;aj,suppose;supposed,FORM;LEMMA,,MASTER,0,1,0,,suppose,,,1,0,0,ESDB_V0_4
1394,1445,surface,-9.5101,1,PASS,35,,n_v;aj,surface,LEMMA,,MASTER,0,1,1,,,,surfaces;surfaced,0,2,2,ESDB_V0_4
1395,1446,telling,-9.5101,1,PASS,35,,v;aj,tell;telling,FORM;LEMMA,,MASTER,0,0,0,,,,,0,0,0,ESDB_V0_4
1396,1447,theory,-9.5101,1,PASS,35,,n,theory,LEMMA,,MASTER,0,0,0,,,,,0,0,0,ESDB_V0_4
1397,1448,types,-9.5101,1,PASS,35,,n_v,type,FORM,,MASTER,0,1,0,,type,,,1,0,0,ESDB_V0_4
1398,1449,wear,-9.5101,1,PASS,35,,n;v,wear,LEMMA,,MASTER,0,1,1,ear,,swear,wears;weary,1,3,1,ESDB_V0_4
1399,1450,worse,-9.5101,1,PASS,35,,aj_av;n,bad;ill;worse,FORM;LEMMA,,MASTER,0,0,0,,,,,0,0,0,ESDB_V0_4
1400,1452,aircraft,-9.5333,1,PASS,35,,n,aircraft,LEMMA;FORM,,MASTER,0,0,0,,,,,0,0,0,ESDB_V0_4
1401,1453,authorities,-9.5333,1,PASS,35,,n,authority,FORM,,MASTER,0,0,0,,,,,0,0,0,ESDB_V0_4
1402,1454,broke,-9.5333,1,PASS,35,,n_v;aj,break;broke,FORM;LEMMA,,MASTER,0,1,1,,,,broken;broker,0,2,0,ESDB_V0_4
1403,1455,california,-9.5333,0,NOT_EXACT_EN_US,,,,,,,REJECTED_AUTO,0,0,0,,,,,0,0,0,ESDB_V0_4
1404,1456,christ,-9.5333,0,NOT_EXACT_EN_US,,,,,,,REJECTED_AUTO,0,0,0,,,,,0,0,0,ESDB_V0_4
1405,1457,cities,-9.5333,1,PASS,35,,n,city,FORM,,MASTER,0,0,0,,,,,0,0,0,ESDB_V0_4
1406,1458,completed,-9.5333,1,PASS,35,,v;aj,complete;completed,FORM;LEMMA,,MASTER,0,1,0,,complete,,,1,0,0,ESDB_V0_4
1407,1459,driving,-9.5333,1,PASS,35,,n_v;n;aj,drive;driving,FORM;LEMMA,,MASTER,0,0,0,,,,,0,0,0,ESDB_V0_4
1408,1460,enter,-9.5333,1,PASS,35,,v,enter,LEMMA,,MASTER,0,1,1,,,center,enters,0,2,1,ESDB_V0_4
1409,1461,faith,-9.5333,1,PASS,35,50,n,faith,LEMMA,,MASTER,0,1,1,,,,faiths,0,1,1,ESDB_V0_4
1410,1462,fan,-9.5333,1,PASS,35,,n_v,fan,LEMMA,,MASTER,0,1,1,an,fa,,fans;fang,2,2,1,ESDB_V0_4
1411,1463,finish,-9.5333,1,PASS,35,,n_v,finish,LEMMA,,MASTER,0,0,0,,,,,0,0,0,ESDB_V0_4
1412,1464,fit,-9.5333,1,PASS,35,,n_v;aj,fit,LEMMA;FORM,,MASTER,0,1,1,it,,,fits,1,1,1,ESDB_V0_4
1413,1465,fully,-9.5333,1,PASS,35,,av,fully,LEMMA,,MASTER,0,1,0,,full,,,1,0,0,ESDB_V0_4
1414,1466,helped,-9.5333,1,PASS,35,,n_v,help,FORM,,MASTER,0,0,0,,,,,0,0,0,ESDB_V0_4
1415,1467,ideas,-9.5333,1,PASS,35,,n,idea,FORM,,MASTER,0,1,0,,idea,,,1,0,0,ESDB_V0_4
1416,1468,killing,-9.5333,1,PASS,35,,n_v;n,kill;killing,FORM;LEMMA,,MASTER,0,1,1,,,,killings,0,1,1,ESDB_V0_4
1417,1469,labour,-9.5333,0,NOT_EXACT_EN_US,,,,,,,REJECTED_AUTO,0,0,0,,,,,0,0,0,ESDB_V0_4
1418,1470,location,-9.5333,1,PASS,35,,n,location,LEMMA,,MASTER,0,1,1,,,,locations,0,1,1,ESDB_V0_4
1419,1471,mass,-9.5333,1,PASS,35,40,n_v;aj,mass,LEMMA,,MASTER,0,1,0,ass,mas,,,2,0,0,ESDB_V0_4
1420,1472,opened,-9.5333,1,PASS,35,,n_v;aj,open;opened,FORM;LEMMA,,MASTER,0,0,0,,,,,0,0,0,ESDB_V0_4
1421,1473,plus,-9.5333,1,PASS,35,,n;aj;c;pp,plus,LEMMA,,MASTER,0,0,0,,,,,0,0,0,ESDB_V0_4
1422,1474,russia,-9.5333,0,NOT_EXACT_EN_US,,,,,,,REJECTED_AUTO,0,0,0,,,,,0,0,0,ESDB_V0_4
1423,1475,scale,-9.5333,1,PASS,35,,n_v,scale,LEMMA,,MASTER,0,1,1,,,,scales;scaled,0,2,2,ESDB_V0_4
1424,1476,seconds,-9.5333,1,PASS,35,,n_v;n,second,FORM,,MASTER,0,1,0,,second,,,1,0,0,ESDB_V0_4
1425,1477,separate,-9.5333,1,PASS,35,,n_v;aj,separate,LEMMA,,MASTER,0,1,1,,,,separated;separates,0,2,2,ESDB_V0_4
1426,1478,sexual,-9.5333,1,PASS,35,,aj,sexual,LEMMA,,MASTER,0,0,0,,,,,0,0,0,ESDB_V0_4
1427,1479,sitting,-9.5333,1,PASS,35,,v;n,sit;sitting,FORM;LEMMA,,MASTER,0,0,0,,,,,0,0,0,ESDB_V0_4
1428,1480,spirit,-9.5333,1,PASS,35,,n_v,spirit,LEMMA,,MASTER,0,1,1,,,,spirits,0,1,1,ESDB_V0_4
1429,1481,television,-9.5333,1,PASS,35,,n,television,LEMMA,,MASTER,0,0,0,,,,,0,0,0,ESDB_V0_4
1430,1482,till,-9.5333,1,PASS,35,,n_v;c;pp,till,LEMMA,,MASTER,0,1,1,ill,til,still,,2,1,0,ESDB_V0_4
1431,1483,understanding,-9.5333,1,PASS,35,,v;n,understand;understanding,FORM;LEMMA,,MASTER,0,0,0,,,,,0,0,0,ESDB_V0_4
1432,1484,weekend,-9.5333,1,PASS,35,,n_v,weekend,LEMMA,,MASTER,0,1,1,,,,weekends,0,1,1,ESDB_V0_4
1433,1485,wind,-9.5333,1,PASS,35,,n;v,wind,LEMMA,,MASTER,0,1,1,,win,,winds;windy,1,2,1,ESDB_V0_4
1434,1486,appeared,-9.5557,1,PASS,35,,v,appear,FORM,,MASTER,0,0,0,,,,,0,0,0,ESDB_V0_4
1435,1487,attempt,-9.5557,1,PASS,35,,n_v,attempt,LEMMA,,MASTER,0,1,1,,,,attempts,0,1,1,ESDB_V0_4
1436,1488,biggest,-9.5557,1,PASS,35,,aj_av,big,FORM,,MASTER,0,0,0,,,,,0,0,0,ESDB_V0_4
1437,1489,cash,-9.5557,1,PASS,35,50,n;v;a,cash,LEMMA,,MASTER,0,1,0,ash,,,,1,0,0,ESDB_V0_4
1438,1490,challenge,-9.5557,1,PASS,35,,n_v,challenge,LEMMA,,MASTER,0,1,1,,,,challenges;challenged;challenger,0,3,2,ESDB_V0_4
1439,1491,covered,-9.5557,1,PASS,35,,n_v;aj,cover;covered,FORM;LEMMA,,MASTER,0,0,0,,,,,0,0,0,ESDB_V0_4
1440,1492,cultural,-9.5557,1,PASS,35,,aj,cultural,LEMMA,,MASTER,0,0,0,,,,,0,0,0,ESDB_V0_4
1441,1493,defense,-9.5557,1,PASS,35,,n;v,defense,LEMMA,,MASTER,0,1,1,,,,defenses,0,1,1,ESDB_V0_4
1442,1494,demand,-9.5557,1,PASS,35,,n_v,demand,LEMMA,,MASTER,0,1,1,,,,demands,0,1,1,ESDB_V0_4
1443,1495,effective,-9.5557,1,PASS,35,,aj,effective,LEMMA,,MASTER,0,0,0,,,,,0,0,0,ESDB_V0_4
1444,1496,follows,-9.5557,1,PASS,35,,v,follow,FORM,,MASTER,0,1,0,,follow,,,1,0,0,ESDB_V0_4
1445,1497,forced,-9.5557,1,PASS,35,,n_v;aj,force;forced,FORM;LEMMA,,MASTER,0,1,0,,force,,,1,0,0,ESDB_V0_4
1446,1498,gay,-9.5557,1,PASS,35,50,n;aj,gay,LEMMA,,MASTER,0,1,1,,,,gays,0,1,1,ESDB_V0_4
1447,1499,hall,-9.5557,1,PASS,35,50,n,hall,LEMMA,,MASTER,0,1,1,all,,shall,halls,1,2,1,ESDB_V0_4
1448,1500,heat,-9.5557,1,PASS,35,,n_v,heat,LEMMA,,MASTER,0,1,1,eat,,wheat;cheat,heath;heats,1,4,1,ESDB_V0_4
1449,1502,highest,-9.5557,1,PASS,35,,aj_av,high,FORM,,MASTER,0,0,0,,,,,0,0,0,ESDB_V0_4
1450,1503,holding,-9.5557,1,PASS,35,,n_v;n,hold;holding,FORM;LEMMA,,MASTER,0,1,1,,,,holdings,0,1,1,ESDB_V0_4
1451,1504,indeed,-9.5557,1,PASS,35,,av;i,indeed,LEMMA,,MASTER,0,0,0,,,,,0,0,0,ESDB_V0_4
1452,1505,leaders,-9.5557,1,PASS,35,,n,leader,FORM,,MASTER,0,1,0,,leader,,,1,0,0,ESDB_V0_4
1453,1506,learned,-9.5557,1,PASS,35,,v;aj,learn;learned,FORM;LEMMA,,MASTER,0,1,0,earned,,,,1,0,0,ESDB_V0_4
1454,1507,lol,-9.5557,0,NOT_EXACT_EN_US,,,,,,,REJECTED_AUTO,0,0,0,,,,,0,0,0,ESDB_V0_4
1455,1508,mentioned,-9.5557,1,PASS,35,,n_v,mention,FORM,,MASTER,0,0,0,,,,,0,0,0,ESDB_V0_4
1456,1509,raised,-9.5557,1,PASS,35,,n_v;aj,raise;raised,FORM;LEMMA,,MASTER,0,1,1,,raise,praised,,1,1,0,ESDB_V0_4
1457,1510,returned,-9.5557,1,PASS,35,,n_v,return,FORM,,MASTER,0,0,0,,,,,0,0,0,ESDB_V0_4
1458,1511,signed,-9.5557,1,PASS,35,,n_v;aj,sign;signed,FORM;LEMMA,,MASTER,0,0,0,,,,,0,0,0,ESDB_V0_4
1459,1512,slow,-9.5557,1,PASS,35,,v;aj_av,slow,LEMMA,,MASTER,0,1,1,low,,,slows,1,1,1,ESDB_V0_4
1460,1513,soul,-9.5557,1,PASS,35,,n;a,soul,LEMMA,,MASTER,0,1,1,,,,souls,0,1,1,ESDB_V0_4
1461,1514,spot,-9.5557,1,PASS,35,,n_v;a,spot,LEMMA,,MASTER,0,1,1,pot,,,spots,1,1,1,ESDB_V0_4
1462,1515,supply,-9.5557,1,PASS,35,,n_v;a,supply,LEMMA,,MASTER,0,0,0,,,,,0,0,0,ESDB_V0_4
1463,1516,trial,-9.5557,1,PASS,35,,n_v;a,trial,LEMMA,,MASTER,0,1,1,,,,trials,0,1,1,ESDB_V0_4
1464,1517,actual,-9.5785,1,PASS,35,,aj,actual,LEMMA,,MASTER,0,1,1,,,factual,,0,1,0,ESDB_V0_4
1465,1518,becomes,-9.5785,1,PASS,35,,v,become,FORM,,MASTER,0,1,0,,become,,,1,0,0,ESDB_V0_4
1466,1519,bus,-9.5785,1,PASS,35,,n;v,bus,LEMMA,,MASTER,0,1,1,us,,,busy;bush;bust,1,3,0,ESDB_V0_4
1467,1520,christmas,-9.5785,0,NOT_EXACT_EN_US,,,,,,,REJECTED_AUTO,0,0,0,,,,,0,0,0,ESDB_V0_4
1468,1521,definitely,-9.5785,1,PASS,35,,av,definitely,LEMMA,,MASTER,0,0,0,,,,,0,0,0,ESDB_V0_4
1469,1522,division,-9.5785,1,PASS,35,,n,division,LEMMA,,MASTER,0,1,1,,,,divisions,0,1,1,ESDB_V0_4
1470,1523,drugs,-9.5785,1,PASS,35,,n_v,drug,FORM,,MASTER,0,1,0,,drug,,,1,0,0,ESDB_V0_4
1471,1524,executive,-9.5785,1,PASS,35,,n;aj,executive,LEMMA,,MASTER,0,1,1,,,,executives,0,1,1,ESDB_V0_4
1472,1525,fat,-9.5785,1,PASS,35,,n;aj,fat,LEMMA,,MASTER,0,1,1,at,fa,,fate;fats,2,2,1,ESDB_V0_4
1473,1526,feels,-9.5785,1,PASS,35,,n_v,feel,FORM,,MASTER,0,1,0,,feel,,,1,0,0,ESDB_V0_4
1474,1527,foot,-9.5785,1,PASS,35,,n;v;a,foot,LEMMA;FORM,,MASTER,0,1,0,,foo,,,1,0,0,ESDB_V0_4
1475,1528,glass,-9.5785,1,PASS,35,50,n_v;a,glass,LEMMA,,MASTER,0,0,0,,,,,0,0,0,ESDB_V0_4
1476,1529,insurance,-9.5785,1,PASS,35,,n,insurance,LEMMA,,MASTER,0,0,0,,,,,0,0,0,ESDB_V0_4
1477,1530,interview,-9.5785,1,PASS,35,,n_v,interview,LEMMA,,MASTER,0,1,1,,,,interviews,0,1,1,ESDB_V0_4
1478,1531,jack,-9.5785,1,PASS,35,50,n_v,jack,LEMMA,,MASTER,0,1,1,,,,jacks,0,1,1,ESDB_V0_4
1479,1532,mouth,-9.5785,1,PASS,35,,n_v,mouth,LEMMA,,MASTER,0,1,1,,,,mouths,0,1,1,ESDB_V0_4
1480,1533,multiple,-9.5785,1,PASS,35,,n;aj,multiple,LEMMA,,MASTER,0,0,0,,,,,0,0,0,ESDB_V0_4
1481,1534,powerful,-9.5785,1,PASS,35,,aj_av,powerful,LEMMA,,MASTER,0,0,0,,,,,0,0,0,ESDB_V0_4
1482,1535,prices,-9.5785,1,PASS,35,,n_v,price,FORM,,MASTER,0,1,0,,price,,,1,0,0,ESDB_V0_4
1483,1536,pro,-9.5785,1,PASS,35,60,n;aj_av;pp,pro,LEMMA,,MASTER,0,1,1,,,,prof;prom;prop;pros,0,4,1,ESDB_V0_4
1484,1537,serve,-9.5785,1,PASS,35,,n_v,serve,LEMMA,,MASTER,0,1,1,,,,served;server;serves,0,3,2,ESDB_V0_4
1485,1538,smith,-9.5785,1,PASS,35,50,n,smith,LEMMA,,MASTER,0,0,0,,,,,0,0,0,ESDB_V0_4
1486,1539,solution,-9.5785,1,PASS,35,,n,solution,LEMMA,,MASTER,0,1,1,,,,solutions,0,1,1,ESDB_V0_4
1487,1540,target,-9.5785,1,PASS,35,50,n_v,target,LEMMA,,MASTER,0,1,1,,,,targets,0,1,1,ESDB_V0_4
1488,1541,tree,-9.5785,1,PASS,35,,n_v,tree,LEMMA,,MASTER,0,1,1,,,,trees,0,1,1,ESDB_V0_4
1489,1542,walking,-9.5785,1,PASS,35,,n_v;n,walk;walking,FORM;LEMMA,,MASTER,0,0,0,,,,,0,0,0,ESDB_V0_4
1490,1543,windows,-9.5785,1,PASS,35,50,n,window,FORM,,MASTER,0,1,0,,window,,,1,0,0,ESDB_V0_4
1491,1544,worry,-9.5785,1,PASS,35,,n_v,worry,LEMMA,,MASTER,0,0,0,,,,,0,0,0,ESDB_V0_4
1492,1545,arms,-9.6019,1,PASS,35,,n_v;n,arm;arms,FORM;LEMMA,,MASTER,0,1,1,,arm,farms;harms,,1,2,0,ESDB_V0_4
1493,1546,block,-9.6019,1,PASS,35,,n_v,block,LEMMA,,MASTER,0,1,1,lock,bloc,,blocks,2,1,1,ESDB_V0_4
1494,1547,catch,-9.6019,1,PASS,35,,n_v,catch,LEMMA,,MASTER,0,1,1,,,,catchy,0,1,0,ESDB_V0_4
1495,1548,coffee,-9.6019,1,PASS,35,,n;a,coffee,LEMMA,,MASTER,0,0,0,,,,,0,0,0,ESDB_V0_4
1496,1549,concerned,-9.6019,1,PASS,35,,n_v;aj,concern;concerned,FORM;LEMMA,,MASTER,0,0,0,,,,,0,0,0,ESDB_V0_4
1497,1550,concerns,-9.6019,1,PASS,35,,n_v,concern,FORM,,MASTER,0,1,0,,concern,,,1,0,0,ESDB_V0_4
1498,1551,count,-9.6019,1,PASS,35,,n_v,count,LEMMA,,MASTER,0,1,1,,,,county;counts,0,2,1,ESDB_V0_4
1499,1552,critical,-9.6019,1,PASS,35,,aj,critical,LEMMA,,MASTER,0,0,0,,,,,0,0,0,ESDB_V0_4
1500,1553,distance,-9.6019,1,PASS,35,,n_v,distance,LEMMA,,MASTER,0,1,1,,,,distances,0,1,1,ESDB_V0_4
1501,1554,efforts,-9.6019,1,PASS,35,,n,effort,FORM,,MASTER,0,1,0,,effort,,,1,0,0,ESDB_V0_4
1502,1555,engine,-9.6019,1,PASS,35,,n,engine,LEMMA,,MASTER,0,1,1,,,,engines,0,1,1,ESDB_V0_4
1503,1556,episode,-9.6019,1,PASS,35,,n,episode,LEMMA,,MASTER,0,1,1,,,,episodes,0,1,1,ESDB_V0_4
1504,1557,et,-9.6019,0,NOT_EXACT_EN_US,,,,,,,REJECTED_AUTO,0,0,0,,,,,0,0,0,ESDB_V0_4
1505,1558,individuals,-9.6019,1,PASS,35,,n,individual,FORM,,MASTER,0,1,0,,individual,,,1,0,0,ESDB_V0_4
1506,1559,memory,-9.6019,1,PASS,35,,n,memory,LEMMA,,MASTER,0,0,0,,,,,0,0,0,ESDB_V0_4
1507,1560,method,-9.6019,1,PASS,35,,n,method,LEMMA,,MASTER,0,1,1,,,,methods,0,1,1,ESDB_V0_4
1508,1561,murder,-9.6019,1,PASS,35,,n_v,murder,LEMMA,,MASTER,0,1,1,,,,murders,0,1,1,ESDB_V0_4
1509,1562,previously,-9.6019,1,PASS,35,,av,previously,LEMMA,,MASTER,0,0,0,,,,,0,0,0,ESDB_V0_4
1510,1563,protection,-9.6019,1,PASS,35,,n,protection,LEMMA,,MASTER,0,1,1,,,,protections,0,1,1,ESDB_V0_4
1511,1564,rise,-9.6019,1,PASS,35,,n_v,rise,LEMMA,,MASTER,0,1,1,,,arise,rises;risen,0,3,2,ESDB_V0_4
1512,1565,showed,-9.6019,1,PASS,35,,n_v,show,FORM,,MASTER,0,0,0,,,,,0,0,0,ESDB_V0_4
1513,1566,showing,-9.6019,1,PASS,35,,n_v;n,show;showing,FORM;LEMMA,,MASTER,0,0,0,,,,,0,0,0,ESDB_V0_4
1514,1567,southern,-9.6019,1,PASS,35,,n;aj,southern,LEMMA,,MASTER,0,0,0,,,,,0,0,0,ESDB_V0_4
1515,1568,square,-9.6019,1,PASS,35,,n_v;aj_av,square,LEMMA,,MASTER,0,1,1,,,,squares;squared,0,2,2,ESDB_V0_4
1516,1569,stars,-9.6019,1,PASS,35,,n_v,star,FORM,,MASTER,0,1,0,,star,,,1,0,0,ESDB_V0_4
1517,1570,stopped,-9.6019,1,PASS,35,,n_v;aj,stop;stopped,FORM;LEMMA,,MASTER,0,1,0,topped,,,,1,0,0,ESDB_V0_4
1518,1571,william,-9.6019,0,NOT_EXACT_EN_US,,,,,,,REJECTED_AUTO,0,0,0,,,,,0,0,0,ESDB_V0_4
1519,1573,actions,-9.6243,1,PASS,35,,n,action,FORM,,MASTER,0,1,1,,action,factions,,1,1,0,ESDB_V0_4
1520,1574,animal,-9.6243,1,PASS,35,,n;aj,animal,LEMMA,,MASTER,0,1,1,,,,animals,0,1,1,ESDB_V0_4
1521,1575,bottom,-9.6243,1,PASS,35,,n_v;aj,bottom,LEMMA,,MASTER,0,1,1,,,,bottoms,0,1,1,ESDB_V0_4
1522,1576,budget,-9.6243,1,PASS,35,,n_v;a,budget,LEMMA,,MASTER,0,1,1,,,,budgets,0,1,1,ESDB_V0_4
1523,1577,cell,-9.6243,1,PASS,35,,n,cell,LEMMA,,MASTER,0,1,1,,,,cells;cello,0,2,1,ESDB_V0_4
1524,1578,claims,-9.6243,1,PASS,35,,n_v,claim,FORM,,MASTER,0,1,0,,claim,,,1,0,0,ESDB_V0_4
1525,1579,comment,-9.6243,1,PASS,35,,n_v,comment,LEMMA,,MASTER,0,1,1,,,,comments,0,1,1,ESDB_V0_4
1526,1580,digital,-9.6243,1,PASS,35,,aj,digital,LEMMA,,MASTER,0,0,0,,,,,0,0,0,ESDB_V0_4
1527,1581,dude,-9.6243,1,PASS,35,,n_v,dude,LEMMA,,MASTER,0,1,1,,,,dudes,0,1,1,ESDB_V0_4
1528,1582,failed,-9.6243,1,PASS,35,,n_v,fail,FORM,,MASTER,0,0,0,,,,,0,0,0,ESDB_V0_4
1529,1583,finding,-9.6243,1,PASS,35,,n_v;n,find;finding,FORM;LEMMA,,MASTER,0,1,1,,,,findings,0,1,1,ESDB_V0_4
1530,1584,fourth,-9.6243,1,PASS,35,60,n,fourth,LEMMA,,MASTER,0,0,0,,,,,0,0,0,ESDB_V0_4
1531,1585,fresh,-9.6243,1,PASS,35,,aj_av,fresh,LEMMA,,MASTER,0,0,0,,,,,0,0,0,ESDB_V0_4
1532,1586,generation,-9.6243,1,PASS,35,,n,generation,LEMMA,,MASTER,0,1,1,,,,generations,0,1,1,ESDB_V0_4
1533,1587,influence,-9.6243,1,PASS,35,,n_v,influence,LEMMA,,MASTER,0,1,1,,,,influenced;influences,0,2,2,ESDB_V0_4
1534,1588,lake,-9.6243,1,PASS,35,,n,lake,LEMMA,,MASTER,0,1,1,,,,lakes,0,1,1,ESDB_V0_4
1535,1589,larger,-9.6243,1,PASS,35,,aj_av,large,FORM,,MASTER,0,1,0,,large,,,1,0,0,ESDB_V0_4
1536,1590,lie,-9.6243,1,PASS,35,50,n;v,lie,LEMMA,,MASTER,0,1,1,,,,lies;lied;lieu,0,3,2,ESDB_V0_4
1537,1591,partner,-9.6243,1,PASS,35,,n_v,partner,LEMMA,,MASTER,0,1,1,,,,partners,0,1,1,ESDB_V0_4
1538,1592,putting,-9.6243,1,PASS,35,,n_v;n,put;putt;putting,FORM;LEMMA,,MASTER,0,0,0,,,,,0,0,0,ESDB_V0_4
1539,1593,reference,-9.6243,1,PASS,35,,n_v,reference,LEMMA,,MASTER,0,1,1,,,preference,references;referenced,0,3,2,ESDB_V0_4
1540,1594,rose,-9.6243,1,PASS,35,50,n_v;n;aj,rise;rose,FORM;LEMMA,,MASTER,0,1,1,,,arose;prose,roses,0,3,1,ESDB_V0_4
1541,1595,software,-9.6243,1,PASS,35,,n,software,LEMMA,,MASTER,0,0,0,,,,,0,0,0,ESDB_V0_4
1542,1596,spanish,-9.6243,0,NOT_EXACT_EN_US,,,,,,,REJECTED_AUTO,0,0,0,,,,,0,0,0,ESDB_V0_4
1543,1597,traffic,-9.6243,1,PASS,35,,n;v,traffic,LEMMA,,MASTER,0,0,0,,,,,0,0,0,ESDB_V0_4
1544,1598,twice,-9.6243,1,PASS,35,,av,twice,LEMMA,,MASTER,0,0,0,,,,,0,0,0,ESDB_V0_4
1545,1599,users,-9.6243,1,PASS,35,,n,user,FORM,,MASTER,0,1,0,,user,,,1,0,0,ESDB_V0_4
1546,1600,wearing,-9.6243,1,PASS,35,,v;n;aj,wear;wearing,FORM;LEMMA,,MASTER,0,1,1,,,swearing,,0,1,0,ESDB_V0_4
1547,1601,weird,-9.6243,1,PASS,35,,v;aj,weird,LEMMA,,MASTER,0,1,0,,weir,,,1,0,0,ESDB_V0_4
1548,1602,window,-9.6243,1,PASS,35,,n,window,LEMMA,,MASTER,0,1,1,,,,windows,0,1,1,ESDB_V0_4
1549,1603,youth,-9.6243,1,PASS,35,,n,youth,LEMMA,,MASTER,0,1,1,,,,youths,0,1,1,ESDB_V0_4
1550,1604,camera,-9.6473,1,PASS,35,,n,camera,LEMMA,,MASTER,0,1,1,,,,cameras,0,1,1,ESDB_V0_4
1551,1605,cent,-9.6473,1,PASS,35,,n,cent,LEMMA,,MASTER,0,1,1,,,scent,cents,0,2,1,ESDB_V0_4
1552,1606,continues,-9.6473,1,PASS,35,,v,continue,FORM,,MASTER,0,1,0,,continue,,,1,0,0,ESDB_V0_4
1553,1607,draw,-9.6473,1,PASS,35,,n_v,draw,LEMMA,,MASTER,0,1,1,raw,,,drawn;draws,1,2,2,ESDB_V0_4
1554,1608,eating,-9.6473,1,PASS,35,,v;n,eat;eating,FORM;LEMMA,,MASTER,0,1,1,,,beating;heating;seating,,0,3,0,ESDB_V0_4
1555,1609,el,-9.6473,0,NOT_EXACT_EN_US,,,,,,,REJECTED_AUTO,0,0,0,,,,,0,0,0,ESDB_V0_4
1556,1610,equipment,-9.6473,1,PASS,35,,n,equipment,LEMMA,,MASTER,0,0,0,,,,,0,0,0,ESDB_V0_4
1557,1611,forms,-9.6473,1,PASS,35,,n_v,form,FORM,,MASTER,0,1,0,,form,,,1,0,0,ESDB_V0_4
1558,1612,greatest,-9.6473,1,PASS,35,,aj,great,FORM,,MASTER,0,0,0,,,,,0,0,0,ESDB_V0_4
1559,1613,impossible,-9.6473,1,PASS,35,,aj,impossible,LEMMA,,MASTER,0,0,0,,,,,0,0,0,ESDB_V0_4
1560,1614,keeping,-9.6473,1,PASS,35,,n_v;n,keep;keeping,FORM;LEMMA,,MASTER,0,0,0,,,,,0,0,0,ESDB_V0_4
1561,1615,losing,-9.6473,1,PASS,35,,v;n,lose;losing,FORM;LEMMA,,MASTER,0,1,1,,,closing,,0,1,0,ESDB_V0_4
1562,1616,louis,-9.6473,0,NOT_EXACT_EN_US,,,,,,,REJECTED_AUTO,0,0,0,,,,,0,0,0,ESDB_V0_4
1563,1617,map,-9.6473,1,PASS,35,,n_v,map,LEMMA,,MASTER,0,1,1,,ma,,maps,1,1,1,ESDB_V0_4
1564,1618,mental,-9.6473,1,PASS,35,,aj,mental,LEMMA,,MASTER,0,0,0,,,,,0,0,0,ESDB_V0_4
1565,1619,mid,-9.6473,1,PASS,50,,aj;c,mid,LEMMA,,MASTER,0,1,1,id,,amid,,1,1,0,ESDB_V0_4
1566,1620,missed,-9.6473,1,PASS,35,,n_v;aj,miss;missed,FORM;LEMMA,,MASTER,0,0,0,,,,,0,0,0,ESDB_V0_4
1567,1621,mobile,-9.6473,1,PASS,35,50,n;aj,mobile,LEMMA,,MASTER,0,0,0,,,,,0,0,0,ESDB_V0_4
1568,1622,neither,-9.6473,1,PASS,35,,av;c;d,neither,LEMMA,,MASTER,0,1,0,either,,,,1,0,0,ESDB_V0_4
1569,1623,performed,-9.6473,1,PASS,35,,v,perform,FORM,,MASTER,0,0,0,,,,,0,0,0,ESDB_V0_4
1570,1624,plays,-9.6473,1,PASS,35,,n_v,play,FORM,,MASTER,0,1,0,lays,play,,,2,0,0,ESDB_V0_4
1571,1625,pm,-9.6473,0,NO_ESDB_GENERAL_EVIDENCE,,,,,,,REJECTED_AUTO,0,0,0,,,,,0,0,0,ESDB_V0_4
1572,1626,pop,-9.6473,1,PASS,35,50,n_v;aj_av,pop,LEMMA,,MASTER,0,1,1,op,,,pope;pops,1,2,1,ESDB_V0_4
1573,1627,port,-9.6473,1,PASS,35,,n_v;aj,port,LEMMA,,MASTER,0,1,1,,,sport,ports,0,2,1,ESDB_V0_4
1574,1628,presence,-9.6473,1,PASS,35,,n,presence,LEMMA,,MASTER,0,0,0,,,,,0,0,0,ESDB_V0_4
1575,1629,prior,-9.6473,1,PASS,35,,n;aj,prior,LEMMA,,MASTER,0,0,0,,,,,0,0,0,ESDB_V0_4
1576,1630,prison,-9.6473,1,PASS,35,,n,prison,LEMMA,,MASTER,0,1,1,,,,prisons,0,1,1,ESDB_V0_4
1577,1631,produce,-9.6473,1,PASS,35,,n;v,produce,LEMMA,,MASTER,0,1,1,,,,produced;producer;produces,0,3,2,ESDB_V0_4
1578,1632,profile,-9.6473,1,PASS,35,,n_v,profile,LEMMA,,MASTER,0,1,1,,,,profiles,0,1,1,ESDB_V0_4
1579,1633,progress,-9.6473,1,PASS,35,,n;v,progress,LEMMA,,MASTER,0,0,0,,,,,0,0,0,ESDB_V0_4
1580,1634,realize,-9.6473,1,PASS,35,,v,realize,LEMMA,,MASTER,0,1,1,,,,realized;realizes,0,2,2,ESDB_V0_4
1581,1635,receive,-9.6473,1,PASS,35,,v,receive,LEMMA,,MASTER,0,1,1,,,,received;receives;receiver,0,3,2,ESDB_V0_4
1582,1636,regional,-9.6473,1,PASS,35,,aj,regional,LEMMA,,MASTER,0,0,0,,,,,0,0,0,ESDB_V0_4
1583,1637,religion,-9.6473,1,PASS,35,,n,religion,LEMMA,,MASTER,0,1,1,,,,religions,0,1,1,ESDB_V0_4
1584,1638,robert,-9.6473,0,NOT_EXACT_EN_US,,,,,,,REJECTED_AUTO,0,0,0,,,,,0,0,0,ESDB_V0_4
1585,1639,screen,-9.6473,1,PASS,35,,n_v,screen,LEMMA,,MASTER,0,1,1,,,,screens,0,1,1,ESDB_V0_4
1586,1640,served,-9.6473,1,PASS,35,,n_v,serve,FORM,,MASTER,0,1,0,,serve,,,1,0,0,ESDB_V0_4
1587,1641,shop,-9.6473,1,PASS,35,,n_v,shop,LEMMA,,MASTER,0,1,1,hop,,,shops,1,1,1,ESDB_V0_4
1588,1642,somebody,-9.6473,1,PASS,35,,n;pn,somebody,LEMMA,,MASTER,0,0,0,,,,,0,0,0,ESDB_V0_4
1589,1643,speech,-9.6473,1,PASS,35,,n,speech,LEMMA,,MASTER,0,0,0,,,,,0,0,0,ESDB_V0_4
1590,1644,spread,-9.6473,1,PASS,35,,n_v,spread,LEMMA;FORM,,MASTER,0,1,1,,,,spreads,0,1,1,ESDB_V0_4
1591,1645,throw,-9.6473,1,PASS,35,,n_v,throw,LEMMA,,MASTER,0,1,1,,,,thrown;throws,0,2,2,ESDB_V0_4
1592,1646,tom,-9.6473,0,CASE_FREQ_COLLISION,50,50,n;a,tom,LEMMA,,REJECTED_AUTO,0,0,0,,,,,0,0,0,ESDB_V0_4
1593,1647,un,-9.6473,0,NOT_EXACT_EN_US,,,,,,,REJECTED_AUTO,0,0,0,,,,,0,0,0,ESDB_V0_4
1594,1648,units,-9.6473,1,PASS,35,,n,unit,FORM,,MASTER,0,1,0,,unit,,,1,0,0,ESDB_V0_4
1595,1650,arrived,-9.6708,1,PASS,35,,v,arrive,FORM,,MASTER,0,1,0,,arrive,,,1,0,0,ESDB_V0_4
1596,1651,aware,-9.6708,1,PASS,35,,aj,aware,LEMMA,,MASTER,0,1,0,ware,,,,1,0,0,ESDB_V0_4
1597,1652,becoming,-9.6708,1,PASS,35,,v;aj,become;becoming,FORM;LEMMA,,MASTER,0,0,0,,,,,0,0,0,ESDB_V0_4
1598,1653,birth,-9.6708,1,PASS,35,,n_v,birth,LEMMA,,MASTER,0,1,1,,,,births,0,1,1,ESDB_V0_4
1599,1654,brand,-9.6708,1,PASS,35,,n_v,brand,LEMMA,,MASTER,0,1,1,,,,brands;brandy,0,2,1,ESDB_V0_4
1600,1655,camp,-9.6708,1,PASS,35,,n_v;aj,camp,LEMMA,,MASTER,0,1,1,amp,cam,,camps,2,1,1,ESDB_V0_4
1601,1656,channel,-9.6708,1,PASS,35,,n_v,channel,LEMMA,,MASTER,0,1,1,,,,channels,0,1,1,ESDB_V0_4
1602,1657,eastern,-9.6708,1,PASS,35,60,aj,eastern,LEMMA,,MASTER,0,0,0,,,,,0,0,0,ESDB_V0_4
1603,1658,ed,-9.6708,0,CASE_FREQ_COLLISION,50,50,n,ed,LEMMA;FORM,,REJECTED_AUTO,0,0,0,,,,,0,0,0,ESDB_V0_4
1604,1659,ex,-9.6708,1,PASS,40,50,n;pp,ex,LEMMA,,MASTER,0,1,1,,,sex,,0,1,0,ESDB_V0_4
1605,1660,function,-9.6708,1,PASS,35,,n_v,function,LEMMA,,MASTER,0,1,1,,,,functions,0,1,1,ESDB_V0_4
1606,1661,gain,-9.6708,1,PASS,35,,n_v,gain,LEMMA,,MASTER,0,1,1,,,again,gains,0,2,1,ESDB_V0_4
1607,1662,hearing,-9.6708,1,PASS,35,,v;n,hear;hearing,FORM;LEMMA,,MASTER,0,1,1,,,,hearings,0,1,1,ESDB_V0_4
1608,1663,japanese,-9.6708,0,NOT_EXACT_EN_US,,,,,,,REJECTED_AUTO,0,0,0,,,,,0,0,0,ESDB_V0_4
1609,1664,le,-9.6708,0,NOT_EXACT_EN_US,,,,,,,REJECTED_AUTO,0,0,0,,,,,0,0,0,ESDB_V0_4
1610,1665,negative,-9.6708,1,PASS,35,,n_v;aj;i,negative,LEMMA,,MASTER,0,1,1,,,,negatives,0,1,1,ESDB_V0_4
1611,1666,noted,-9.6708,1,PASS,35,,n_v;aj,note;noted,FORM;LEMMA,,MASTER,0,1,0,,note,,,1,0,0,ESDB_V0_4
1612,1667,presented,-9.6708,1,PASS,35,,n_v,present,FORM,,MASTER,0,0,0,,,,,0,0,0,ESDB_V0_4
1613,1668,prevent,-9.6708,1,PASS,35,,v,prevent,LEMMA,,MASTER,0,1,1,,,,prevents,0,1,1,ESDB_V0_4
1614,1669,removed,-9.6708,1,PASS,35,,n_v;aj,remove;removed,FORM;LEMMA,,MASTER,0,1,0,,remove,,,1,0,0,ESDB_V0_4
1615,1670,ride,-9.6708,1,PASS,35,50,n_v,ride,LEMMA,,MASTER,0,1,1,,rid,pride;bride,rider;rides,1,4,1,ESDB_V0_4
1616,1671,ring,-9.6708,1,PASS,35,,n;v,ring,LEMMA,,MASTER,0,1,1,,,bring,rings,0,2,1,ESDB_V0_4
1617,1672,runs,-9.6708,1,PASS,35,,n_v,run,FORM,,MASTER,0,1,0,,run,,,1,0,0,ESDB_V0_4
1618,1673,score,-9.6708,1,PASS,35,,n_v;n,score,LEMMA;FORM,,MASTER,0,1,1,core,,,scored;scores;scorer,1,3,2,ESDB_V0_4
1619,1674,seat,-9.6708,1,PASS,35,,n_v,seat,LEMMA,,MASTER,0,1,1,eat,sea,,seats,2,1,1,ESDB_V0_4
1620,1675,shut,-9.6708,1,PASS,35,,v;aj,shut,LEMMA;FORM,,MASTER,0,1,1,hut,,,shuts,1,1,1,ESDB_V0_4
1621,1676,smaller,-9.6708,1,PASS,35,,aj_av,small,FORM,,MASTER,0,0,0,,,,,0,0,0,ESDB_V0_4
1622,1677,thomas,-9.6708,0,NOT_EXACT_EN_US,,,,,,,REJECTED_AUTO,0,0,0,,,,,0,0,0,ESDB_V0_4
1623,1678,van,-9.6708,1,PASS,35,50,n_v,van,LEMMA,,MASTER,0,1,1,an,,,vans,1,1,1,ESDB_V0_4
1624,1679,views,-9.6708,1,PASS,35,,n_v,view,FORM,,MASTER,0,1,0,,view,,,1,0,0,ESDB_V0_4
1625,1681,web,-9.6708,1,PASS,35,60,n_v,web,LEMMA,,MASTER,0,1,0,,we,,,1,0,0,ESDB_V0_4
1626,1682,wild,-9.6708,1,PASS,35,,n;aj_av,wild,LEMMA,,MASTER,0,0,0,,,,,0,0,0,ESDB_V0_4
1627,1683,advantage,-9.6932,1,PASS,35,,n_v,advantage,LEMMA,,MASTER,0,1,1,,,,advantages,0,1,1,ESDB_V0_4
1628,1684,aid,-9.6932,1,PASS,35,,n_v,aid,LEMMA,,MASTER,0,1,1,id,,said;paid;laid;raid;maid,aids;aide,1,7,1,ESDB_V0_4
1629,1685,apparently,-9.6932,1,PASS,35,,av,apparently,LEMMA,,MASTER,0,0,0,,,,,0,0,0,ESDB_V0_4
1630,1686,award,-9.6932,1,PASS,35,,n_v,award,LEMMA,,MASTER,0,1,1,ward,,,awards,1,1,1,ESDB_V0_4
1631,1687,believed,-9.6932,1,PASS,35,,v,believe,FORM,,MASTER,0,1,0,,believe,,,1,0,0,ESDB_V0_4
1632,1688,benefit,-9.6932,1,PASS,35,,n_v,benefit,LEMMA,,MASTER,0,1,1,,,,benefits,0,1,1,ESDB_V0_4
1633,1689,benefits,-9.6932,1,PASS,35,,n_v,benefit,FORM,,MASTER,0,1,0,,benefit,,,1,0,0,ESDB_V0_4
1634,1690,characters,-9.6932,1,PASS,35,,n,character,FORM,,MASTER,0,1,0,,character,,,1,0,0,ESDB_V0_4
1635,1691,correct,-9.6932,1,PASS,35,,v;aj,correct,LEMMA,,MASTER,0,0,0,,,,,0,0,0,ESDB_V0_4
1636,1692,dear,-9.6932,1,PASS,35,,n;aj_av;i,dear,LEMMA,,MASTER,0,1,0,ear,,,,1,0,0,ESDB_V0_4
1637,1693,discussion,-9.6932,1,PASS,35,,n,discussion,LEMMA,,MASTER,0,1,1,,,,discussions,0,1,1,ESDB_V0_4
1638,1694,exist,-9.6932,1,PASS,35,,v,exist,LEMMA,,MASTER,0,1,1,,,sexist,exists,0,2,1,ESDB_V0_4
1639,1695,facebook,-9.6932,0,NOT_EXACT_EN_US,,,,,,,REJECTED_AUTO,0,0,0,,,,,0,0,0,ESDB_V0_4
1640,1696,file,-9.6932,1,PASS,35,,n_v,file,LEMMA,,MASTER,0,1,1,,,,files;filed,0,2,2,ESDB_V0_4
1641,1697,foundation,-9.6932,1,PASS,35,,n,foundation,LEMMA,,MASTER,0,1,1,,,,foundations,0,1,1,ESDB_V0_4
1642,1698,fund,-9.6932,1,PASS,35,,n_v,fund,LEMMA,,MASTER,0,1,1,,fun,,funds,1,1,1,ESDB_V0_4
1643,1699,ha,-9.6932,1,PASS,35,60,i,ha,LEMMA,,MASTER,0,1,1,a,,aha,has;had;hat;ham;hay,1,6,0,ESDB_V0_4
1644,1700,industrial,-9.6932,1,PASS,35,,aj,industrial,LEMMA,,MASTER,0,0,0,,,,,0,0,0,ESDB_V0_4
1645,1701,institute,-9.6932,1,PASS,35,,n_v,institute,LEMMA,,MASTER,0,1,1,,,,institutes;instituted,0,2,2,ESDB_V0_4
1646,1702,items,-9.6932,1,PASS,35,,n,item,FORM,,MASTER,0,1,0,,item,,,1,0,0,ESDB_V0_4
1647,1703,length,-9.6932,1,PASS,35,,n,length,LEMMA,,MASTER,0,1,1,,,,lengths;lengthy,0,2,1,ESDB_V0_4
1648,1704,los,-9.6932,0,NOT_EXACT_EN_US,,,,,,,REJECTED_AUTO,0,0,0,,,,,0,0,0,ESDB_V0_4
1649,1705,mary,-9.6932,0,NOT_EXACT_EN_US,,,,,,,REJECTED_AUTO,0,0,0,,,,,0,0,0,ESDB_V0_4
1650,1706,monday,-9.6932,0,NOT_EXACT_EN_US,,,,,,,REJECTED_AUTO,0,0,0,,,,,0,0,0,ESDB_V0_4
1651,1707,mostly,-9.6932,1,PASS,35,,av,mostly,LEMMA,,MASTER,0,0,0,,,,,0,0,0,ESDB_V0_4
1652,1708,obviously,-9.6932,1,PASS,35,,av,obviously,LEMMA,,MASTER,0,0,0,,,,,0,0,0,ESDB_V0_4
1653,1709,republic,-9.6932,1,PASS,35,,n,republic,LEMMA,,MASTER,0,1,1,,,,republics,0,1,1,ESDB_V0_4
1654,1710,sad,-9.6932,1,PASS,35,,aj,sad,LEMMA,,MASTER,0,1,0,ad,,,,1,0,0,ESDB_V0_4
1655,1711,seemed,-9.6932,1,PASS,35,,v,seem,FORM,,MASTER,0,0,0,,,,,0,0,0,ESDB_V0_4
1656,1712,skills,-9.6932,1,PASS,35,,n,skill,FORM,,MASTER,0,1,0,kills,skill,,,2,0,0,ESDB_V0_4
1657,1713,songs,-9.6932,1,PASS,35,,n,song,FORM,,MASTER,0,1,0,,song,,,1,0,0,ESDB_V0_4
1658,1714,starts,-9.6932,1,PASS,35,,n_v,start,FORM,,MASTER,0,1,0,,start,,,1,0,0,ESDB_V0_4
1659,1715,stated,-9.6932,1,PASS,35,,n_v;aj,state;stated,FORM;LEMMA,,MASTER,0,1,0,,state,,,1,0,0,ESDB_V0_4
1660,1716,strength,-9.6932,1,PASS,35,,n,strength,LEMMA,,MASTER,0,1,1,,,,strengths,0,1,1,ESDB_V0_4
1661,1717,trouble,-9.6932,1,PASS,35,,n_v,trouble,LEMMA,,MASTER,0,1,1,,,,troubles;troubled,0,2,2,ESDB_V0_4
1662,1719,yours,-9.6932,1,PASS,35,,pn,you,FORM,,MASTER,0,1,0,ours,your,,,2,0,0,ESDB_V0_4
1663,1720,application,-9.7162,1,PASS,35,,n,application,LEMMA,,MASTER,0,1,1,,,,applications,0,1,1,ESDB_V0_4
1664,1721,bet,-9.7162,1,PASS,35,,n_v,bet,LEMMA;FORM,,MASTER,0,1,1,,be,,beta;bets,1,2,1,ESDB_V0_4
1665,1722,chris,-9.7162,0,NOT_EXACT_EN_US,,,,,,,REJECTED_AUTO,0,0,0,,,,,0,0,0,ESDB_V0_4
1666,1723,command,-9.7162,1,PASS,35,,n_v;a,command,LEMMA,,MASTER,0,1,1,,,,commands;commando,0,2,1,ESDB_V0_4
1667,1724,criminal,-9.7162,1,PASS,35,,n;aj,criminal,LEMMA,,MASTER,0,1,1,,,,criminals,0,1,1,ESDB_V0_4
1668,1725,decide,-9.7162,1,PASS,35,,v,decide,LEMMA,,MASTER,0,1,1,,,,decided;decides,0,2,2,ESDB_V0_4
1669,1726,duty,-9.7162,1,PASS,35,,n,duty,LEMMA,,MASTER,0,0,0,,,,,0,0,0,ESDB_V0_4
1670,1727,elements,-9.7162,1,PASS,35,,n,element,FORM,,MASTER,0,1,0,,element,,,1,0,0,ESDB_V0_4
1671,1728,eu,-9.7162,0,NOT_EXACT_EN_US,,,,,,,REJECTED_AUTO,0,0,0,,,,,0,0,0,ESDB_V0_4
1672,1729,healthy,-9.7162,1,PASS,35,,aj,healthy,LEMMA,,MASTER,0,1,0,,health,,,1,0,0,ESDB_V0_4
1673,1730,horse,-9.7162,1,PASS,35,,n;v;a,horse,LEMMA;FORM,,MASTER,0,1,1,,,,horses,0,1,1,ESDB_V0_4
1674,1731,managed,-9.7162,1,PASS,35,,v,manage,FORM,,MASTER,0,1,0,,manage,,,1,0,0,ESDB_V0_4
1675,1732,prepared,-9.7162,1,PASS,35,,v;aj,prepare;prepared,FORM;LEMMA,,MASTER,0,1,0,,prepare,,,1,0,0,ESDB_V0_4
1676,1733,prince,-9.7162,1,PASS,35,50,n,prince,LEMMA,,MASTER,0,1,1,,,,princes,0,1,1,ESDB_V0_4
1677,1734,provides,-9.7162,1,PASS,35,,v,provide,FORM,,MASTER,0,1,0,,provide,,,1,0,0,ESDB_V0_4
1678,1735,setting,-9.7162,1,PASS,35,,n_v;n,set;setting,FORM;LEMMA,,MASTER,0,1,1,,,,settings,0,1,1,ESDB_V0_4
1679,1736,stone,-9.7162,1,PASS,35,50,v;aj;n,stone,LEMMA;FORM,,MASTER,0,1,1,tone,,,stones;stoned,1,2,2,ESDB_V0_4
1680,1737,totally,-9.7162,1,PASS,35,,av;i,totally,LEMMA,,MASTER,0,0,0,,,,,0,0,0,ESDB_V0_4
1681,1738,truly,-9.7162,1,PASS,35,,av,truly,LEMMA,,MASTER,0,0,0,,,,,0,0,0,ESDB_V0_4
1682,1739,variety,-9.7162,1,PASS,35,,n,variety,LEMMA,,MASTER,0,0,0,,,,,0,0,0,ESDB_V0_4
1683,1740,weapons,-9.7162,1,PASS,35,,n,weapon,FORM,,MASTER,0,1,0,,weapon,,,1,0,0,ESDB_V0_4
1684,1741,acting,-9.7397,1,PASS,35,,n_v;n,act;acting,FORM;LEMMA,,MASTER,0,0,0,,,,,0,0,0,ESDB_V0_4
1685,1742,apart,-9.7397,1,PASS,35,,aj_av,apart,LEMMA,,MASTER,0,1,0,part,,,,1,0,0,ESDB_V0_4
1686,1743,border,-9.7397,1,PASS,35,,n_v;a,border,LEMMA,,MASTER,0,1,1,order,,,borders,1,1,1,ESDB_V0_4
1687,1744,cat,-9.7397,1,PASS,35,,n,cat,LEMMA,,MASTER,0,1,1,at,,,cats,1,1,1,ESDB_V0_4
1688,1745,changing,-9.7397,1,PASS,35,,n_v;aj,change;changing,FORM;LEMMA,,MASTER,0,1,0,hanging,,,,1,0,0,ESDB_V0_4
1689,1746,classes,-9.7397,1,PASS,35,,n_v,class,FORM,,MASTER,0,0,0,,,,,0,0,0,ESDB_V0_4
1690,1747,concept,-9.7397,1,PASS,35,,n,concept,LEMMA,,MASTER,0,1,1,,,,concepts,0,1,1,ESDB_V0_4
1691,1748,conflict,-9.7397,1,PASS,35,,n_v,conflict,LEMMA,,MASTER,0,1,1,,,,conflicts,0,1,1,ESDB_V0_4
1692,1749,connection,-9.7397,1,PASS,35,,n,connection,LEMMA,,MASTER,0,1,1,,,,connections,0,1,1,ESDB_V0_4
1693,1750,customers,-9.7397,1,PASS,35,,n,customer,FORM,,MASTER,0,1,0,,customer,,,1,0,0,ESDB_V0_4
1694,1751,dangerous,-9.7397,1,PASS,35,,aj,dangerous,LEMMA,,MASTER,0,0,0,,,,,0,0,0,ESDB_V0_4
1695,1752,democratic,-9.7397,1,PASS,35,40,aj,democratic,LEMMA,,MASTER,0,0,0,,,,,0,0,0,ESDB_V0_4
1696,1753,distribution,-9.7397,1,PASS,35,,n,distribution,LEMMA,,MASTER,0,1,1,,,,distributions,0,1,1,ESDB_V0_4
1697,1754,dollars,-9.7397,1,PASS,35,,n,dollar,FORM,,MASTER,0,1,0,,dollar,,,1,0,0,ESDB_V0_4
1698,1755,elections,-9.7397,1,PASS,35,,n,election,FORM,,MASTER,0,1,1,,election,selections,,1,1,0,ESDB_V0_4
1699,1756,evil,-9.7397,1,PASS,35,,n;aj,evil,LEMMA,,MASTER,0,1,1,,,devil,evils,0,2,1,ESDB_V0_4
1700,1757,extremely,-9.7397,1,PASS,35,,av,extremely,LEMMA,,MASTER,0,0,0,,,,,0,0,0,ESDB_V0_4
1701,1758,failure,-9.7397,1,PASS,35,,n,failure,LEMMA,,MASTER,0,1,1,,,,failures,0,1,1,ESDB_V0_4
1702,1759,garden,-9.7397,1,PASS,35,,n_v;aj,garden,LEMMA,,MASTER,0,1,1,,,,gardens,0,1,1,ESDB_V0_4
1703,1760,google,-9.7397,0,SPECIAL_ONLY,50,50,v,google,LEMMA,,REJECTED_AUTO,0,0,0,,,,,0,0,0,ESDB_V0_4
1704,1761,guide,-9.7397,1,PASS,35,,n_v,guide,LEMMA,,MASTER,0,1,1,,,,guided;guides,0,2,2,ESDB_V0_4
1705,1762,hill,-9.7397,1,PASS,35,50,n,hill,LEMMA,,MASTER,0,1,1,ill,,chill,hills,1,2,1,ESDB_V0_4
1706,1763,historical,-9.7397,1,PASS,35,,aj,historical,LEMMA,,MASTER,0,0,0,,,,,0,0,0,ESDB_V0_4
1707,1764,im,-9.7397,0,NOT_EXACT_EN_US,,,,,,,REJECTED_AUTO,0,0,0,,,,,0,0,0,ESDB_V0_4
1708,1765,improve,-9.7397,1,PASS,35,,v,improve,LEMMA,,MASTER,0,1,1,,,,improved;improves,0,2,2,ESDB_V0_4
1709,1766,investigation,-9.7397,1,PASS,35,,n,investigation,LEMMA,,MASTER,0,1,1,,,,investigations,0,1,1,ESDB_V0_4
1710,1767,leadership,-9.7397,1,PASS,35,,n,leadership,LEMMA,,MASTER,0,0,0,,,,,0,0,0,ESDB_V0_4
1711,1768,lots,-9.7397,1,PASS,35,,n;av,lot;lots,FORM;LEMMA,,MASTER,0,1,1,,lot,plots;slots,,1,2,0,ESDB_V0_4
1712,1769,nuclear,-9.7397,1,PASS,35,,aj,nuclear,LEMMA,,MASTER,0,0,0,,,,,0,0,0,ESDB_V0_4
1713,1770,option,-9.7397,1,PASS,35,,n_v,option,LEMMA,,MASTER,0,1,1,,,,options,0,1,1,ESDB_V0_4
1714,1771,projects,-9.7397,1,PASS,35,,n_v,project,FORM,,MASTER,0,1,0,,project,,,1,0,0,ESDB_V0_4
1715,1772,proposed,-9.7397,1,PASS,35,,v,propose,FORM,,MASTER,0,1,0,,propose,,,1,0,0,ESDB_V0_4
1716,1773,pull,-9.7397,1,PASS,35,,n_v,pull,LEMMA,,MASTER,0,1,1,,,,pulls,0,1,1,ESDB_V0_4
1717,1774,relations,-9.7397,1,PASS,35,,n,relation,FORM,,MASTER,0,1,0,,relation,,,1,0,0,ESDB_V0_4
1718,1775,richard,-9.7397,0,NOT_EXACT_EN_US,,,,,,,REJECTED_AUTO,0,0,0,,,,,0,0,0,ESDB_V0_4
1719,1777,useful,-9.7397,1,PASS,35,,aj,useful,LEMMA,,MASTER,0,0,0,,,,,0,0,0,ESDB_V0_4
1720,1778,values,-9.7397,1,PASS,35,,n_v,value,FORM,,MASTER,0,1,0,,value,,,1,0,0,ESDB_V0_4
1721,1779,volume,-9.7397,1,PASS,35,,n,volume,LEMMA,,MASTER,0,1,1,,,,volumes,0,1,1,ESDB_V0_4
1722,1780,vs,-9.7397,0,NO_ESDB_GENERAL_EVIDENCE,,,,,,,REJECTED_AUTO,0,0,0,,,,,0,0,0,ESDB_V0_4
1723,1781,waste,-9.7397,1,PASS,35,,n_v;aj,waste,LEMMA,,MASTER,0,1,1,,,,wasted;wastes,0,2,2,ESDB_V0_4
1724,1782,wood,-9.7397,1,PASS,35,50,n_v;a,wood,LEMMA,,MASTER,0,1,1,,woo,,woods;woody,1,2,1,ESDB_V0_4
1725,1783,adult,-9.7637,1,PASS,35,,n;aj,adult,LEMMA,,MASTER,0,1,1,,,,adults,0,1,1,ESDB_V0_4
1726,1784,affairs,-9.7637,1,PASS,35,,n,affair,FORM,,MASTER,0,1,0,,affair,,,1,0,0,ESDB_V0_4
1727,1785,apply,-9.7637,1,PASS,35,,v,apply,LEMMA,,MASTER,0,0,0,,,,,0,0,0,ESDB_V0_4
1728,1786,background,-9.7637,1,PASS,35,,n;a,background,LEMMA,,MASTER,0,1,1,,,,backgrounds,0,1,1,ESDB_V0_4
1729,1787,billion,-9.7637,1,PASS,35,,n,billion,LEMMA,,MASTER,0,1,1,,,,billions,0,1,1,ESDB_V0_4
1730,1788,bitch,-9.7637,1,PASS,35,,n_v,bitch,LEMMA,,MASTER,0,1,0,itch,,,,1,0,0,ESDB_V0_4
1731,1789,charles,-9.7637,0,NOT_EXACT_EN_US,,,,,,,REJECTED_AUTO,0,0,0,,,,,0,0,0,ESDB_V0_4
1732,1790,copy,-9.7637,1,PASS,35,,n_v,copy,LEMMA,,MASTER,0,1,0,,cop,,,1,0,0,ESDB_V0_4
1733,1791,crew,-9.7637,1,PASS,35,,n_v,crew;crow,LEMMA;FORM,,MASTER,0,1,1,,,screw,crews,0,2,1,ESDB_V0_4
1734,1792,determined,-9.7637,1,PASS,35,,v;aj,determine;determined,FORM;LEMMA,,MASTER,0,1,0,,determine,,,1,0,0,ESDB_V0_4
1735,1793,develop,-9.7637,1,PASS,35,,v,develop,LEMMA,,MASTER,0,1,1,,,,develops,0,1,1,ESDB_V0_4
1736,1794,dinner,-9.7637,1,PASS,35,,n_v,dinner,LEMMA,,MASTER,0,1,1,inner,,,dinners,1,1,1,ESDB_V0_4
1737,1795,drinking,-9.7637,1,PASS,35,,n_v;n,drink;drinking,FORM;LEMMA,,MASTER,0,0,0,,,,,0,0,0,ESDB_V0_4
1738,1796,farm,-9.7637,1,PASS,35,,n_v,farm,LEMMA,,MASTER,0,1,1,arm,far,,farms,2,1,1,ESDB_V0_4
1739,1797,fly,-9.7637,1,PASS,35,,n;aj;v,fly,LEMMA,,MASTER,0,0,0,,,,,0,0,0,ESDB_V0_4
1740,1798,images,-9.7637,1,PASS,35,,n_v,image,FORM,,MASTER,0,1,0,,image,,,1,0,0,ESDB_V0_4
1741,1799,interests,-9.7637,1,PASS,35,,n_v,interest,FORM,,MASTER,0,1,0,,interest,,,1,0,0,ESDB_V0_4
1742,1800,latest,-9.7637,1,PASS,35,,aj_av;n,late;latest,FORM;LEMMA,,MASTER,0,0,0,,,,,0,0,0,ESDB_V0_4
1743,1801,leaves,-9.7637,1,PASS,35,,n;v,leaf;leave,FORM,,MASTER,0,1,0,,leave,,,1,0,0,ESDB_V0_4
1744,1802,library,-9.7637,1,PASS,35,,n,library,LEMMA,,MASTER,0,0,0,,,,,0,0,0,ESDB_V0_4
1745,1803,links,-9.7637,1,PASS,35,,n_v,link,FORM,,MASTER,0,1,0,,link,,,1,0,0,ESDB_V0_4
1746,1804,matters,-9.7637,1,PASS,35,,n_v,matter,FORM,,MASTER,0,1,0,,matter,,,1,0,0,ESDB_V0_4
1747,1805,metal,-9.7637,1,PASS,35,,n;aj,metal,LEMMA,,MASTER,0,1,1,,,,metals,0,1,1,ESDB_V0_4
1748,1806,museum,-9.7637,1,PASS,35,,n,museum,LEMMA,,MASTER,0,1,1,,,,museums,0,1,1,ESDB_V0_4
1749,1807,orders,-9.7637,1,PASS,35,,n_v,order,FORM,,MASTER,0,1,1,,order,borders,,1,1,0,ESDB_V0_4
1750,1808,prove,-9.7637,1,PASS,35,,v,prove,LEMMA,,MASTER,0,1,1,,,,proved;proven;proves,0,3,3,ESDB_V0_4
1751,1809,push,-9.7637,1,PASS,35,,n_v,push,LEMMA,,MASTER,0,0,0,,,,,0,0,0,ESDB_V0_4
1752,1810,require,-9.7637,1,PASS,35,,v,require,LEMMA,,MASTER,0,1,1,,,,required;requires,0,2,2,ESDB_V0_4
1753,1811,responsibility,-9.7637,1,PASS,35,,n,responsibility,LEMMA,,MASTER,0,0,0,,,,,0,0,0,ESDB_V0_4
1754,1812,scientific,-9.7637,1,PASS,35,,aj,scientific,LEMMA,,MASTER,0,0,0,,,,,0,0,0,ESDB_V0_4
1755,1813,silver,-9.7637,1,PASS,35,,n_v;aj,silver,LEMMA,,MASTER,0,0,0,,,,,0,0,0,ESDB_V0_4
1756,1814,soldiers,-9.7637,1,PASS,35,,n_v,soldier,FORM,,MASTER,0,1,0,,soldier,,,1,0,0,ESDB_V0_4
1757,1815,standards,-9.7637,1,PASS,35,,n,standard,FORM,,MASTER,0,1,0,,standard,,,1,0,0,ESDB_V0_4
1758,1816,teachers,-9.7637,1,PASS,35,,n,teacher,FORM,,MASTER,0,1,0,,teacher,,,1,0,0,ESDB_V0_4
1759,1817,tells,-9.7637,1,PASS,35,,v,tell,FORM,,MASTER,0,1,0,,tell,,,1,0,0,ESDB_V0_4
1760,1818,thousands,-9.7637,1,PASS,35,,n,thousand,FORM,,MASTER,0,1,0,,thousand,,,1,0,0,ESDB_V0_4
1761,1819,transport,-9.7637,1,PASS,35,,n_v,transport,LEMMA,,MASTER,0,1,1,,,,transports,0,1,1,ESDB_V0_4
1762,1820,user,-9.7637,1,PASS,35,,n,user,LEMMA,,MASTER,0,1,1,,use,,users,1,1,1,ESDB_V0_4
1763,1821,wine,-9.7637,1,PASS,35,,n_v,wine,LEMMA,,MASTER,0,1,1,,win,swine,wines,1,2,1,ESDB_V0_4
1764,1822,wonderful,-9.7637,1,PASS,35,,aj,wonderful,LEMMA,,MASTER,0,0,0,,,,,0,0,0,ESDB_V0_4
1765,1823,agent,-9.7866,1,PASS,35,,n,agent,LEMMA,,MASTER,0,1,1,,,,agents,0,1,1,ESDB_V0_4
1766,1824,alive,-9.7866,1,PASS,35,,aj,alive,LEMMA,,MASTER,0,1,0,live,,,,1,0,0,ESDB_V0_4
1767,1825,applied,-9.7866,1,PASS,35,,aj;v,applied;apply,LEMMA;FORM,,MASTER,0,0,0,,,,,0,0,0,ESDB_V0_4
1768,1826,artist,-9.7866,1,PASS,35,,n,artist,LEMMA,,MASTER,0,1,1,,,,artists,0,1,1,ESDB_V0_4
1769,1827,assembly,-9.7866,1,PASS,35,60,n,assembly,LEMMA,,MASTER,0,0,0,,,,,0,0,0,ESDB_V0_4
1770,1828,automatically,-9.7866,1,PASS,35,,av,automatically,LEMMA,,MASTER,0,0,0,,,,,0,0,0,ESDB_V0_4
1771,1829,balance,-9.7866,1,PASS,35,,n_v,balance,LEMMA,,MASTER,0,1,1,,,,balanced;balances,0,2,2,ESDB_V0_4
1772,1830,bodies,-9.7866,1,PASS,35,,n,body,FORM,,MASTER,0,0,0,,,,,0,0,0,ESDB_V0_4
1773,1831,bridge,-9.7866,1,PASS,35,,n_v,bridge,LEMMA,,MASTER,0,1,1,ridge,,,bridges,1,1,1,ESDB_V0_4
1774,1832,capacity,-9.7866,1,PASS,35,,n;a,capacity,LEMMA,,MASTER,0,0,0,,,,,0,0,0,ESDB_V0_4
1775,1833,citizens,-9.7866,1,PASS,35,,n,citizen,FORM,,MASTER,0,1,0,,citizen,,,1,0,0,ESDB_V0_4
1776,1834,communities,-9.7866,1,PASS,35,,n,community,FORM,,MASTER,0,0,0,,,,,0,0,0,ESDB_V0_4
1777,1835,concern,-9.7866,1,PASS,35,,n_v,concern,LEMMA,,MASTER,0,1,1,,,,concerns,0,1,1,ESDB_V0_4
1778,1836,core,-9.7866,1,PASS,35,,n_v,core,LEMMA,,MASTER,0,1,1,ore,,score,cores,1,2,1,ESDB_V0_4
1779,1837,emergency,-9.7866,1,PASS,35,,n,emergency,LEMMA,,MASTER,0,0,0,,,,,0,0,0,ESDB_V0_4
1780,1838,ends,-9.7866,1,PASS,35,,n_v,end,FORM,,MASTER,0,1,1,,end,sends;tends;lends;bends,,1,4,0,ESDB_V0_4
1781,1839,estate,-9.7866,1,PASS,35,,n,estate,LEMMA,,MASTER,0,1,1,state,,,estates,1,1,1,ESDB_V0_4
1782,1840,factors,-9.7866,1,PASS,35,,n_v,factor,FORM,,MASTER,0,1,0,actors,factor,,,2,0,0,ESDB_V0_4
1783,1841,feature,-9.7866,1,PASS,35,,n_v,feature,LEMMA,,MASTER,0,1,1,,,,features;featured,0,2,2,ESDB_V0_4
1784,1842,fellow,-9.7866,1,PASS,35,,n;a,fellow,LEMMA,,MASTER,0,1,1,,,,fellows,0,1,1,ESDB_V0_4
1785,1843,firm,-9.7866,1,PASS,35,,n_v;aj_av,firm,LEMMA,,MASTER,0,1,1,,fir,,firms,1,1,1,ESDB_V0_4
1786,1844,handle,-9.7866,1,PASS,35,,n_v,handle,LEMMA,,MASTER,0,1,1,,,,handled;handles;handler,0,3,2,ESDB_V0_4
1787,1845,host,-9.7866,1,PASS,35,60,n_v,host,LEMMA,,MASTER,0,1,1,,,ghost,hosts,0,2,1,ESDB_V0_4
1788,1846,ill,-9.7866,1,PASS,35,60,n;aj_av,ill,LEMMA,,MASTER,0,1,1,,,will;kill;bill;till;hill;fill;mill;pill;gill,,0,9,0,ESDB_V0_4
1789,1847,initial,-9.7866,1,PASS,35,,n_v;aj,initial,LEMMA,,MASTER,0,1,1,,,,initials,0,1,1,ESDB_V0_4
1790,1848,italy,-9.7866,0,NOT_EXACT_EN_US,,,,,,,REJECTED_AUTO,0,0,0,,,,,0,0,0,ESDB_V0_4
1791,1849,lucky,-9.7866,1,PASS,35,,aj,lucky,LEMMA,,MASTER,0,1,0,,luck,,,1,0,0,ESDB_V0_4
1792,1850,net,-9.7866,1,PASS,35,,n_v;aj,net,LEMMA,,MASTER,0,1,1,,,,nets,0,1,1,ESDB_V0_4
1793,1851,offers,-9.7866,1,PASS,35,,n_v,offer,FORM,,MASTER,0,1,0,,offer,,,1,0,0,ESDB_V0_4
1794,1852,owner,-9.7866,1,PASS,35,,n,owner,LEMMA,,MASTER,0,1,1,,,,owners,0,1,1,ESDB_V0_4
1795,1853,patient,-9.7866,1,PASS,35,,n;aj,patient,LEMMA,,MASTER,0,1,1,,,,patients,0,1,1,ESDB_V0_4
1796,1854,photos,-9.7866,1,PASS,35,,n_v,photo,FORM,,MASTER,0,1,0,,photo,,,1,0,0,ESDB_V0_4
1797,1855,plants,-9.7866,1,PASS,35,,n_v,plant,FORM,,MASTER,0,1,0,,plant,,,1,0,0,ESDB_V0_4
1798,1856,proud,-9.7866,1,PASS,35,,aj,proud,LEMMA,,MASTER,0,0,0,,,,,0,0,0,ESDB_V0_4
1799,1857,sector,-9.7866,1,PASS,35,,n,sector,LEMMA,,MASTER,0,1,1,,,,sectors,0,1,1,ESDB_V0_4
1800,1858,sites,-9.7866,1,PASS,35,,n_v,site,FORM,,MASTER,0,1,0,,site,,,1,0,0,ESDB_V0_4
1801,1859,sport,-9.7866,1,PASS,35,,n_v;a,sport,LEMMA,,MASTER,0,1,1,port,,,sports,1,1,1,ESDB_V0_4
1802,1860,suggest,-9.7866,1,PASS,35,,v,suggest,LEMMA,,MASTER,0,1,1,,,,suggests,0,1,1,ESDB_V0_4
1803,1861,texas,-9.7866,0,NOT_EXACT_EN_US,,,,,,,REJECTED_AUTO,0,0,0,,,,,0,0,0,ESDB_V0_4
1804,1862,usa,-9.7866,0,NOT_EXACT_EN_US,,,,,,,REJECTED_AUTO,0,0,0,,,,,0,0,0,ESDB_V0_4
1805,1863,victory,-9.7866,1,PASS,35,,n,victory,LEMMA,,MASTER,0,1,0,,victor,,,1,0,0,ESDB_V0_4
1806,1864,wake,-9.7866,1,PASS,35,50,n_v,wake,LEMMA,,MASTER,0,1,1,,,awake,wakes,0,2,1,ESDB_V0_4
1807,1865,ah,-9.8082,1,PASS,35,,i,ah,LEMMA,,MASTER,0,1,1,,a,bah,aha,1,2,0,ESDB_V0_4
1808,1866,ancient,-9.8082,1,PASS,35,,n;aj,ancient,LEMMA,,MASTER,0,0,0,,,,,0,0,0,ESDB_V0_4
1809,1867,britain,-9.8082,0,NOT_EXACT_EN_US,,,,,,,REJECTED_AUTO,0,0,0,,,,,0,0,0,ESDB_V0_4
1810,1868,crisis,-9.8082,1,PASS,35,,n,crisis,LEMMA,,MASTER,0,0,0,,,,,0,0,0,ESDB_V0_4
1811,1869,discovered,-9.8082,1,PASS,35,,v;aj,discover;discovered,FORM;LEMMA,,MASTER,0,0,0,,,,,0,0,0,ESDB_V0_4
1812,1870,domestic,-9.8082,1,PASS,35,,n;aj,domestic,LEMMA,,MASTER,0,0,0,,,,,0,0,0,ESDB_V0_4
1813,1871,edge,-9.8082,1,PASS,35,,n_v,edge,LEMMA,,MASTER,0,1,1,,,hedge;wedge;ledge,edges;edged,0,5,2,ESDB_V0_4
1814,1872,employees,-9.8082,1,PASS,35,,n,employee,FORM,,MASTER,0,1,0,,employee,,,1,0,0,ESDB_V0_4
1815,1873,fashion,-9.8082,1,PASS,35,,n_v,fashion,LEMMA,,MASTER,0,0,0,,,,,0,0,0,ESDB_V0_4
1816,1874,figures,-9.8082,1,PASS,35,,n_v,figure,FORM,,MASTER,0,1,0,,figure,,,1,0,0,ESDB_V0_4
1817,1875,helping,-9.8082,1,PASS,35,,n_v;n,help;helping,FORM;LEMMA,,MASTER,0,0,0,,,,,0,0,0,ESDB_V0_4
1818,1876,houses,-9.8082,1,PASS,35,,n_v,house,FORM,,MASTER,0,1,0,,house,,,1,0,0,ESDB_V0_4
1819,1877,http,-9.8082,0,NOT_EXACT_EN_US,,,,,,,REJECTED_AUTO,0,0,0,,,,,0,0,0,ESDB_V0_4
1820,1878,introduced,-9.8082,1,PASS,35,,v,introduce,FORM,,MASTER,0,1,0,,introduce,,,1,0,0,ESDB_V0_4
1821,1879,joined,-9.8082,1,PASS,35,,n_v;aj,join;joined,FORM;LEMMA,,MASTER,0,0,0,,,,,0,0,0,ESDB_V0_4
1822,1880,joint,-9.8082,1,PASS,35,,n_v;aj,joint,LEMMA,,MASTER,0,1,1,,join,,joints,1,1,1,ESDB_V0_4
1823,1881,journal,-9.8082,1,PASS,35,,n,journal,LEMMA,,MASTER,0,1,1,,,,journals,0,1,1,ESDB_V0_4
1824,1882,labor,-9.8082,1,PASS,35,,n_v;a,labor,LEMMA,,MASTER,0,0,0,,,,,0,0,0,ESDB_V0_4
1825,1883,lies,-9.8082,1,PASS,35,,n;v,lie,FORM,,MASTER,0,1,1,,lie,flies,,1,1,0,ESDB_V0_4
1826,1884,literally,-9.8082,1,PASS,35,,av,literally,LEMMA,,MASTER,0,0,0,,,,,0,0,0,ESDB_V0_4
1827,1885,materials,-9.8082,1,PASS,35,,n,material,FORM,,MASTER,0,1,0,,material,,,1,0,0,ESDB_V0_4
1828,1886,measures,-9.8082,1,PASS,35,,n_v,measure,FORM,,MASTER,0,1,0,,measure,,,1,0,0,ESDB_V0_4
1829,1887,mention,-9.8082,1,PASS,35,,n_v,mention,LEMMA,,MASTER,0,1,1,,,,mentions,0,1,1,ESDB_V0_4
1830,1888,models,-9.8082,1,PASS,35,,n_v,model,FORM,,MASTER,0,1,0,,model,,,1,0,0,ESDB_V0_4
1831,1889,mountain,-9.8082,1,PASS,35,,n;a,mountain,LEMMA,,MASTER,0,1,1,,,,mountains,0,1,1,ESDB_V0_4
1832,1890,path,-9.8082,1,PASS,35,,n,path,LEMMA,,MASTER,0,1,1,,pat,,paths,1,1,1,ESDB_V0_4
1833,1891,planned,-9.8082,1,PASS,35,,n_v;aj,plan;planned,FORM;LEMMA,,MASTER,0,0,0,,,,,0,0,0,ESDB_V0_4
1834,1892,powers,-9.8082,1,PASS,35,50,n_v,power,FORM,,MASTER,0,1,0,,power,,,1,0,0,ESDB_V0_4
1835,1893,raise,-9.8082,1,PASS,35,,n_v,raise,LEMMA,,MASTER,0,1,1,,,praise,raised;raises,0,3,2,ESDB_V0_4
1836,1894,smart,-9.8082,1,PASS,35,,n_v;aj,smart,LEMMA,,MASTER,0,1,0,mart,,,,1,0,0,ESDB_V0_4
1837,1895,somewhere,-9.8082,1,PASS,35,,av,somewhere,LEMMA,,MASTER,0,0,0,,,,,0,0,0,ESDB_V0_4
1838,1896,toward,-9.8082,1,PASS,35,,pp,toward,LEMMA,,MASTER,0,1,1,,,,towards,0,1,0,ESDB_V0_4
1839,1897,unique,-9.8082,1,PASS,35,,aj,unique,LEMMA,,MASTER,0,0,0,,,,,0,0,0,ESDB_V0_4
1840,1898,winner,-9.8082,1,PASS,35,,n,winner,LEMMA,,MASTER,0,1,1,inner,,,winners,1,1,1,ESDB_V0_4
1841,1902,accepted,-9.8321,1,PASS,35,,v;aj,accept;accepted,FORM;LEMMA,,MASTER,0,0,0,,,,,0,0,0,ESDB_V0_4
1842,1903,accident,-9.8321,1,PASS,35,,n,accident,LEMMA,,MASTER,0,1,1,,,,accidents,0,1,1,ESDB_V0_4
1843,1904,accounts,-9.8321,1,PASS,35,,n_v,account,FORM,,MASTER,0,1,0,,account,,,1,0,0,ESDB_V0_4
1844,1905,americans,-9.8321,0,NOT_EXACT_EN_US,,,,,,,REJECTED_AUTO,0,0,0,,,,,0,0,0,ESDB_V0_4
1845,1906,arm,-9.8321,1,PASS,35,,n_v,arm,LEMMA,,MASTER,0,1,1,,,farm;warm;harm,army;arms,0,5,1,ESDB_V0_4
1846,1907,bear,-9.8321,1,PASS,35,,n;v,bear,LEMMA;FORM,,MASTER,0,1,1,ear,,,bears;beard,1,2,1,ESDB_V0_4
1847,1908,boat,-9.8321,1,PASS,35,,n_v,boat,LEMMA,,MASTER,0,1,1,,,,boats,0,1,1,ESDB_V0_4
1848,1909,cast,-9.8321,1,PASS,35,,n_v,cast,LEMMA;FORM,,MASTER,0,1,1,,,,caste;casts,0,2,1,ESDB_V0_4
1849,1910,chicago,-9.8321,0,NOT_EXACT_EN_US,,,,,,,REJECTED_AUTO,0,0,0,,,,,0,0,0,ESDB_V0_4
1850,1911,climate,-9.8321,1,PASS,35,,n,climate,LEMMA,,MASTER,0,1,1,,,,climates,0,1,1,ESDB_V0_4
1851,1912,context,-9.8321,1,PASS,35,,n,context,LEMMA,,MASTER,0,1,1,,,,contexts,0,1,1,ESDB_V0_4
1852,1913,description,-9.8321,1,PASS,35,,n,description,LEMMA,,MASTER,0,1,1,,,,descriptions,0,1,1,ESDB_V0_4
1853,1914,en,-9.8321,1,PASS,60,,n,en,LEMMA,,MASTER,0,1,1,,,men;ten;pen;gen;ken;den;yen;hen;wen,end,0,10,0,ESDB_V0_4
1854,1915,enemy,-9.8321,1,PASS,35,,n;a,enemy,LEMMA,,MASTER,0,0,0,,,,,0,0,0,ESDB_V0_4
1855,1916,entered,-9.8321,1,PASS,35,,v,enter,FORM,,MASTER,0,1,1,,,centered,,0,1,0,ESDB_V0_4
1856,1917,entirely,-9.8321,1,PASS,35,,av,entirely,LEMMA,,MASTER,0,0,0,,,,,0,0,0,ESDB_V0_4
1857,1918,excellent,-9.8321,1,PASS,35,,aj,excellent,LEMMA,,MASTER,0,0,0,,,,,0,0,0,ESDB_V0_4
1858,1919,factor,-9.8321,1,PASS,35,,n_v,factor,LEMMA,,MASTER,0,1,1,actor,,,factors;factory,1,2,1,ESDB_V0_4
1859,1920,fifth,-9.8321,1,PASS,35,,n,fifth,LEMMA,,MASTER,0,0,0,,,,,0,0,0,ESDB_V0_4
1860,1921,fixed,-9.8321,1,PASS,35,,n_v;aj,fix;fixed,FORM;LEMMA,,MASTER,0,0,0,,,,,0,0,0,ESDB_V0_4
1861,1922,governor,-9.8321,1,PASS,35,60,n,governor,LEMMA,,MASTER,0,1,1,,,,governors,0,1,1,ESDB_V0_4
1862,1923,happening,-9.8321,1,PASS,35,,v;n,happen;happening,FORM;LEMMA,,MASTER,0,0,0,,,,,0,0,0,ESDB_V0_4
1863,1924,henry,-9.8321,0,NOT_EXACT_EN_US,,,,,,,REJECTED_AUTO,0,0,0,,,,,0,0,0,ESDB_V0_4
1864,1925,hundred,-9.8321,1,PASS,35,,n,hundred,LEMMA,,MASTER,0,1,1,,,,hundreds,0,1,1,ESDB_V0_4
1865,1926,intended,-9.8321,1,PASS,35,,v;n,intend;intended,FORM;LEMMA,,MASTER,0,0,0,,,,,0,0,0,ESDB_V0_4
1866,1927,internal,-9.8321,1,PASS,35,,aj,internal,LEMMA,,MASTER,0,0,0,,,,,0,0,0,ESDB_V0_4
1867,1928,iron,-9.8321,1,PASS,35,,n_v;aj,iron,LEMMA,,MASTER,0,1,1,,,,irony;irons,0,2,1,ESDB_V0_4
1868,1929,italian,-9.8321,0,NOT_EXACT_EN_US,,,,,,,REJECTED_AUTO,0,0,0,,,,,0,0,0,ESDB_V0_4
1869,1930,joe,-9.8321,0,NOT_EXACT_EN_US,,,,,,,REJECTED_AUTO,0,0,0,,,,,0,0,0,ESDB_V0_4
1870,1931,knowing,-9.8321,1,PASS,35,,v;aj,know;knowing,FORM;LEMMA,,MASTER,0,0,0,,,,,0,0,0,ESDB_V0_4
1871,1932,liked,-9.8321,1,PASS,35,,n_v;aj,like;liked,FORM;LEMMA,,MASTER,0,1,0,,like,,,1,0,0,ESDB_V0_4
1872,1933,limit,-9.8321,1,PASS,35,,n_v,limit,LEMMA,,MASTER,0,1,1,,,,limits,0,1,1,ESDB_V0_4
1873,1934,martin,-9.8321,1,PASS,35,50,n,martin,LEMMA,,MASTER,0,1,1,,,,martini,0,1,0,ESDB_V0_4
1874,1935,methods,-9.8321,1,PASS,35,,n,method,FORM,,MASTER,0,1,0,,method,,,1,0,0,ESDB_V0_4
1875,1936,mexico,-9.8321,0,NOT_EXACT_EN_US,,,,,,,REJECTED_AUTO,0,0,0,,,,,0,0,0,ESDB_V0_4
1876,1937,mike,-9.8321,1,PASS,35,50,n_v,mike,LEMMA,,MASTER,0,0,0,,,,,0,0,0,ESDB_V0_4
1877,1938,onto,-9.8321,1,PASS,35,,pp,onto,LEMMA,,MASTER,0,0,0,,,,,0,0,0,ESDB_V0_4
1878,1939,operating,-9.8321,1,PASS,35,,v;aj,operate;operating,FORM;LEMMA,,MASTER,0,0,0,,,,,0,0,0,ESDB_V0_4
1879,1940,plane,-9.8321,1,PASS,35,,n_v;aj,plane,LEMMA,,MASTER,0,1,1,lane,plan,,planet;planes,2,2,1,ESDB_V0_4
1880,1941,possibly,-9.8321,1,PASS,35,,av,possibly,LEMMA,,MASTER,0,0,0,,,,,0,0,0,ESDB_V0_4
1881,1942,rare,-9.8321,1,PASS,35,,v;aj,rare,LEMMA,,MASTER,0,1,0,are,,,,1,0,0,ESDB_V0_4
1882,1943,remained,-9.8321,1,PASS,35,,v,remain,FORM,,MASTER,0,0,0,,,,,0,0,0,ESDB_V0_4
1883,1944,selling,-9.8321,1,PASS,35,,n_v;n,sell;selling,FORM;LEMMA,,MASTER,0,0,0,,,,,0,0,0,ESDB_V0_4
1884,1945,smoke,-9.8321,1,PASS,35,,n_v,smoke,LEMMA,,MASTER,0,1,1,,,,smoked;smokes;smoker,0,3,2,ESDB_V0_4
1885,1946,steps,-9.8321,1,PASS,35,,n_v,step,FORM,,MASTER,0,1,0,,step,,,1,0,0,ESDB_V0_4
1886,1947,strategy,-9.8321,1,PASS,35,,n,strategy,LEMMA,,MASTER,0,0,0,,,,,0,0,0,ESDB_V0_4
1887,1948,suggested,-9.8321,1,PASS,35,,v,suggest,FORM,,MASTER,0,0,0,,,,,0,0,0,ESDB_V0_4
1888,1949,supported,-9.8321,1,PASS,35,,n_v;aj,support;supported,FORM;LEMMA,,MASTER,0,0,0,,,,,0,0,0,ESDB_V0_4
1889,1950,taste,-9.8321,1,PASS,35,,n_v,taste,LEMMA,,MASTER,0,1,1,,,,tastes;tasted,0,2,2,ESDB_V0_4
1890,1951,thinks,-9.8321,1,PASS,35,,v,think,FORM,,MASTER,0,1,0,,think,,,1,0,0,ESDB_V0_4
1891,1952,thoughts,-9.8321,1,PASS,35,,n,thought,FORM,,MASTER,0,1,0,,thought,,,1,0,0,ESDB_V0_4
1892,1953,turns,-9.8321,1,PASS,35,,n_v,turn,FORM,,MASTER,0,1,0,,turn,,,1,0,0,ESDB_V0_4
1893,1954,upper,-9.8321,1,PASS,35,,n;aj,upper,LEMMA,,MASTER,0,1,1,,,supper,,0,1,0,ESDB_V0_4
1894,1955,ad,-9.8547,1,PASS,35,60,n,ad,LEMMA,,MASTER,0,1,1,,a,had;bad;dad;sad;mad;pad;lad;rad;tad;cad,add;ads,1,12,1,ESDB_V0_4
1895,1956,afraid,-9.8547,1,PASS,35,,aj,afraid,LEMMA,,MASTER,0,0,0,,,,,0,0,0,ESDB_V0_4
1896,1957,bag,-9.8547,1,PASS,35,,n_v,bag,LEMMA,,MASTER,0,1,1,,,,bags,0,1,1,ESDB_V0_4
1897,1958,boss,-9.8547,1,PASS,35,,n_v;aj,boss,LEMMA,,MASTER,0,0,0,,,,,0,0,0,ESDB_V0_4
1898,1959,breaking,-9.8547,1,PASS,35,,n_v;n,break;breaking,FORM;LEMMA,,MASTER,0,0,0,,,,,0,0,0,ESDB_V0_4
1899,1960,brothers,-9.8547,1,PASS,35,,n,brother,FORM,,MASTER,0,1,0,,brother,,,1,0,0,ESDB_V0_4
1900,1961,clothes,-9.8547,1,PASS,35,,v;n,clothe;clothes,FORM;LEMMA,,MASTER,0,0,0,,,,,0,0,0,ESDB_V0_4
1901,1962,conversation,-9.8547,1,PASS,35,,n,conversation,LEMMA,,MASTER,0,1,1,,,,conversations,0,1,1,ESDB_V0_4
1902,1963,corner,-9.8547,1,PASS,35,,n_v;a,corner,LEMMA,,MASTER,0,1,1,,,,corners,0,1,1,ESDB_V0_4
1903,1964,decisions,-9.8547,1,PASS,35,,n,decision,FORM,,MASTER,0,1,0,,decision,,,1,0,0,ESDB_V0_4
1904,1965,dry,-9.8547,1,PASS,35,,n;v;aj,dry,LEMMA,,MASTER,0,0,0,,,,,0,0,0,ESDB_V0_4
1905,1966,equal,-9.8547,1,PASS,35,,n_v;aj,equal,LEMMA,,MASTER,0,1,1,,,,equals,0,1,1,ESDB_V0_4
1906,1967,exercise,-9.8547,1,PASS,35,,n_v,exercise,LEMMA,,MASTER,0,1,1,,,,exercises;exercised,0,2,2,ESDB_V0_4
1907,1968,existing,-9.8547,1,PASS,35,,v;aj,exist;existing,FORM;LEMMA,,MASTER,0,0,0,,,,,0,0,0,ESDB_V0_4
1908,1969,feelings,-9.8547,1,PASS,35,,n,feeling,FORM,,MASTER,0,1,0,,feeling,,,1,0,0,ESDB_V0_4
1909,1970,flying,-9.8547,1,PASS,35,,v;n,fly;flying,FORM;LEMMA,,MASTER,0,1,0,lying,,,,1,0,0,ESDB_V0_4
1910,1971,forever,-9.8547,1,PASS,35,,n;av,forever,LEMMA,,MASTER,0,0,0,,,,,0,0,0,ESDB_V0_4
1911,1972,frank,-9.8547,1,PASS,35,50,n_v;aj,frank,LEMMA,,MASTER,0,1,1,rank,,,franks,1,1,1,ESDB_V0_4
1912,1973,gift,-9.8547,1,PASS,35,,n_v,gift,LEMMA,,MASTER,0,1,1,,,,gifts,0,1,1,ESDB_V0_4
1913,1974,guard,-9.8547,1,PASS,35,,n_v,guard,LEMMA,,MASTER,0,1,1,,,,guards,0,1,1,ESDB_V0_4
1914,1975,harry,-9.8547,1,PASS,35,50,v,harry,LEMMA,,MASTER,0,0,0,,,,,0,0,0,ESDB_V0_4
1915,1976,housing,-9.8547,1,PASS,35,,n_v;n,house;housing,FORM;LEMMA,,MASTER,0,0,0,,,,,0,0,0,ESDB_V0_4
1916,1977,inc,-9.8547,0,NO_ESDB_GENERAL_EVIDENCE,,,,,,,REJECTED_AUTO,0,0,0,,,,,0,0,0,ESDB_V0_4
1917,1978,increasing,-9.8547,1,PASS,35,,n_v;aj,increase;increasing,FORM;LEMMA,,MASTER,0,0,0,,,,,0,0,0,ESDB_V0_4
1918,1979,intelligence,-9.8547,1,PASS,35,,n,intelligence,LEMMA,,MASTER,0,0,0,,,,,0,0,0,ESDB_V0_4
1919,1980,issued,-9.8547,1,PASS,35,,n_v,issue,FORM,,MASTER,0,1,0,,issue,,,1,0,0,ESDB_V0_4
1920,1981,mad,-9.8547,1,PASS,35,,n;aj,mad,LEMMA,,MASTER,0,1,1,ad,ma,,made,2,1,0,ESDB_V0_4
1921,1982,magic,-9.8547,1,PASS,35,,n;aj,magic,LEMMA,,MASTER,0,0,0,,,,,0,0,0,ESDB_V0_4
1922,1983,marketing,-9.8547,1,PASS,35,,n_v;n,market;marketing,FORM;LEMMA,,MASTER,0,0,0,,,,,0,0,0,ESDB_V0_4
1923,1984,measure,-9.8547,1,PASS,35,,n_v,measure,LEMMA,,MASTER,0,1,1,,,,measures;measured,0,2,2,ESDB_V0_4
1924,1985,ministry,-9.8547,1,PASS,35,,n,ministry,LEMMA,,MASTER,0,0,0,,,,,0,0,0,ESDB_V0_4
1925,1986,moon,-9.8547,1,PASS,35,50,n_v,moon,LEMMA,,MASTER,0,1,1,,,,moons,0,1,1,ESDB_V0_4
1926,1987,ordered,-9.8547,1,PASS,35,,n_v;aj,order;ordered,FORM;LEMMA,,MASTER,0,0,0,,,,,0,0,0,ESDB_V0_4
1927,1988,pieces,-9.8547,1,PASS,35,,n_v,piece,FORM,,MASTER,0,1,0,,piece,,,1,0,0,ESDB_V0_4
1928,1989,profit,-9.8547,1,PASS,35,,n_v,profit,LEMMA,,MASTER,0,1,1,,,,profits,0,1,1,ESDB_V0_4
1929,1990,proper,-9.8547,1,PASS,35,,n;aj,proper,LEMMA,,MASTER,0,0,0,,,,,0,0,0,ESDB_V0_4
1930,1991,reduce,-9.8547,1,PASS,35,,v,reduce,LEMMA,,MASTER,0,1,1,,,,reduced;reduces,0,2,2,ESDB_V0_4
1931,1992,selected,-9.8547,1,PASS,35,,v;aj,select;selected,FORM;LEMMA,,MASTER,0,1,0,elected,,,,1,0,0,ESDB_V0_4
1932,1993,sides,-9.8547,1,PASS,35,,n_v,side,FORM,,MASTER,0,1,0,,side,,,1,0,0,ESDB_V0_4
1933,1994,sky,-9.8547,1,PASS,35,,n_v,sky,LEMMA,,MASTER,0,0,0,,,,,0,0,0,ESDB_V0_4
1934,1995,slightly,-9.8547,1,PASS,35,,av,slightly,LEMMA,,MASTER,0,1,0,lightly,,,,1,0,0,ESDB_V0_4
1935,1996,stress,-9.8547,1,PASS,35,,n_v,stress,LEMMA,,MASTER,0,0,0,,,,,0,0,0,ESDB_V0_4
1936,1997,survey,-9.8547,1,PASS,35,,n_v,survey,LEMMA,,MASTER,0,1,1,,,,surveys,0,1,1,ESDB_V0_4
1937,1998,tea,-9.8547,1,PASS,35,,n,tea,LEMMA,,MASTER,0,1,1,,,,team;tear,0,2,0,ESDB_V0_4
1938,1999,technical,-9.8547,1,PASS,35,,aj,technical,LEMMA,,MASTER,0,0,0,,,,,0,0,0,ESDB_V0_4
1939,2000,tough,-9.8547,1,PASS,35,,n;aj,tough,LEMMA,,MASTER,0,0,0,,,,,0,0,0,ESDB_V0_4
1940,2001,treat,-9.8547,1,PASS,35,,n_v,treat,LEMMA,,MASTER,0,1,1,,,,treaty;treats,0,2,1,ESDB_V0_4
1941,2002,trees,-9.8547,1,PASS,35,,n_v,tree,FORM,,MASTER,0,1,0,,tree,,,1,0,0,ESDB_V0_4
1942,2003,twitter,-9.8547,1,PASS,35,50,n_v,twitter,LEMMA,,MASTER,0,0,0,,,,,0,0,0,ESDB_V0_4
1943,2004,warm,-9.8547,1,PASS,35,,v;aj_av,warm,LEMMA,,MASTER,0,1,1,arm,war,swarm,,2,1,0,ESDB_V0_4
1944,2005,zone,-9.8547,1,PASS,35,,n_v,zone,LEMMA,,MASTER,0,1,1,one,,ozone,zones,1,2,1,ESDB_V0_4
1945,2006,advanced,-9.8778,1,PASS,35,,n_v;aj,advance;advanced,FORM;LEMMA,,MASTER,0,1,0,,advance,,,1,0,0,ESDB_V0_4
1946,2007,afternoon,-9.8778,1,PASS,35,,n;a,afternoon,LEMMA,,MASTER,0,1,1,,,,afternoons,0,1,1,ESDB_V0_4
1947,2008,alternative,-9.8778,1,PASS,35,,n;aj,alternative,LEMMA,,MASTER,0,1,1,,,,alternatives,0,1,1,ESDB_V0_4
1948,2009,appreciate,-9.8778,1,PASS,35,,v,appreciate,LEMMA,,MASTER,0,1,1,,,,appreciated;appreciates,0,2,2,ESDB_V0_4
1949,2010,appropriate,-9.8778,1,PASS,35,,v;aj,appropriate,LEMMA,,MASTER,0,0,0,,,,,0,0,0,ESDB_V0_4
1950,2011,beauty,-9.8778,1,PASS,35,,n,beauty,LEMMA,,MASTER,0,0,0,,,,,0,0,0,ESDB_V0_4
1951,2012,circumstances,-9.8778,1,PASS,35,,n_v,circumstance,FORM,,MASTER,0,1,0,,circumstance,,,1,0,0,ESDB_V0_4
1952,2013,closer,-9.8778,1,PASS,35,,aj_av;n,close;closer,FORM;LEMMA,,MASTER,0,1,0,loser,close,,,2,0,0,ESDB_V0_4
1953,2014,dogs,-9.8778,1,PASS,35,,n_v,dog,FORM,,MASTER,0,1,0,,dog,,,1,0,0,ESDB_V0_4
1954,2015,dont,-9.8778,0,NOT_EXACT_EN_US,,,,,,,REJECTED_AUTO,0,0,0,,,,,0,0,0,ESDB_V0_4
1955,2016,dropped,-9.8778,1,PASS,35,,n_v,drop,FORM,,MASTER,0,0,0,,,,,0,0,0,ESDB_V0_4
1956,2017,festival,-9.8778,1,PASS,35,,n,festival,LEMMA,,MASTER,0,1,1,,,,festivals,0,1,1,ESDB_V0_4
1957,2018,flat,-9.8778,1,PASS,35,,n_v;aj_av,flat,LEMMA,,MASTER,0,1,1,,,,flats,0,1,1,ESDB_V0_4
1958,2019,forest,-9.8778,1,PASS,35,50,n_v,forest,LEMMA,,MASTER,0,1,1,,,,forests,0,1,1,ESDB_V0_4
1959,2020,formed,-9.8778,1,PASS,35,,n_v;aj,form;formed,FORM;LEMMA,,MASTER,0,0,0,,,,,0,0,0,ESDB_V0_4
1960,2021,funds,-9.8778,1,PASS,35,,n_v;n,fund;funds,FORM;LEMMA,,MASTER,0,1,0,,fund,,,1,0,0,ESDB_V0_4
1961,2022,grade,-9.8778,1,PASS,35,,n_v,grade,LEMMA,,MASTER,0,1,1,,grad,,grades;graded,1,2,2,ESDB_V0_4
1962,2023,hello,-9.8778,1,PASS,35,,n;i,hello,LEMMA,,MASTER,0,1,0,,hell,,,1,0,0,ESDB_V0_4
1963,2024,herself,-9.8778,1,PASS,35,,pn,she,FORM,,MASTER,0,0,0,,,,,0,0,0,ESDB_V0_4
1964,2025,iii,-9.8778,0,NO_ESDB_GENERAL_EVIDENCE,,,,,,,REJECTED_AUTO,0,0,0,,,,,0,0,0,ESDB_V0_4
1965,2026,importance,-9.8778,1,PASS,35,,n,importance,LEMMA,,MASTER,0,0,0,,,,,0,0,0,ESDB_V0_4
1966,2027,lee,-9.8778,1,PASS,35,50,n;aj,lee,LEMMA,,MASTER,0,1,1,,,flee;glee,,0,2,0,ESDB_V0_4
1967,2028,promise,-9.8778,1,PASS,35,,n_v,promise,LEMMA,,MASTER,0,1,1,,,,promised;promises,0,2,2,ESDB_V0_4
1968,2029,province,-9.8778,1,PASS,35,,n,province,LEMMA,,MASTER,0,1,1,,,,provinces,0,1,1,ESDB_V0_4
1969,2030,rain,-9.8778,1,PASS,35,,n_v,rain,LEMMA,,MASTER,0,1,1,,,train;brain;grain;drain,rains;rainy,0,6,1,ESDB_V0_4
1970,2031,reaction,-9.8778,1,PASS,35,,n,reaction,LEMMA,,MASTER,0,1,1,,,,reactions,0,1,1,ESDB_V0_4
1971,2032,reduced,-9.8778,1,PASS,35,,v;aj,reduce;reduced,FORM;LEMMA,,MASTER,0,1,0,,reduce,,,1,0,0,ESDB_V0_4
1972,2033,roll,-9.8778,1,PASS,35,,n_v,roll,LEMMA,,MASTER,0,1,1,,,troll,rolls,0,2,1,ESDB_V0_4
1973,2034,shape,-9.8778,1,PASS,35,,n_v,shape,LEMMA,,MASTER,0,1,1,,,,shaped;shapes,0,2,2,ESDB_V0_4
1974,2035,snow,-9.8778,1,PASS,35,50,n_v,snow,LEMMA,,MASTER,0,1,1,now,,,snowy,1,1,0,ESDB_V0_4
1975,2036,stick,-9.8778,1,PASS,35,,n_v,stick,LEMMA,,MASTER,0,1,1,tick,,,sticks;sticky,1,2,1,ESDB_V0_4
1976,2037,terrible,-9.8778,1,PASS,35,,aj,terrible,LEMMA,,MASTER,0,0,0,,,,,0,0,0,ESDB_V0_4
1977,2038,territory,-9.8778,1,PASS,35,,n,territory,LEMMA,,MASTER,0,0,0,,,,,0,0,0,ESDB_V0_4
1978,2039,tests,-9.8778,1,PASS,35,,n_v,test,FORM,,MASTER,0,1,0,,test,,,1,0,0,ESDB_V0_4
1979,2040,transfer,-9.8778,1,PASS,35,,n_v,transfer,LEMMA,,MASTER,0,1,1,,,,transfers,0,1,1,ESDB_V0_4
1980,2041,treated,-9.8778,1,PASS,35,,n_v;aj,treat;treated,FORM;LEMMA,,MASTER,0,0,0,,,,,0,0,0,ESDB_V0_4
1981,2042,troops,-9.8778,1,PASS,35,,n_v,troop,FORM,,MASTER,0,1,0,,troop,,,1,0,0,ESDB_V0_4
1982,2043,vehicle,-9.8778,1,PASS,35,,n,vehicle,LEMMA,,MASTER,0,1,1,,,,vehicles,0,1,1,ESDB_V0_4
1983,2044,allows,-9.9015,1,PASS,35,,v,allow,FORM,,MASTER,0,1,0,,allow,,,1,0,0,ESDB_V0_4
1984,2045,appeal,-9.9015,1,PASS,35,,n_v,appeal,LEMMA,,MASTER,0,1,1,,,,appeals,0,1,1,ESDB_V0_4
1985,2046,approximately,-9.9015,1,PASS,35,,av,approximately,LEMMA,,MASTER,0,0,0,,,,,0,0,0,ESDB_V0_4
1986,2047,audience,-9.9015,1,PASS,35,,n,audience,LEMMA,,MASTER,0,1,1,,,,audiences,0,1,1,ESDB_V0_4
1987,2048,bay,-9.9015,1,PASS,35,,n_v;aj,bay,LEMMA,,MASTER,0,1,1,,,,bays,0,1,1,ESDB_V0_4
1988,2049,bell,-9.9015,1,PASS,35,50,n_v,bell,LEMMA,,MASTER,0,1,1,,,,belly;bells;belle,0,3,1,ESDB_V0_4
1989,2050,birthday,-9.9015,1,PASS,35,,n,birthday,LEMMA,,MASTER,0,1,1,,,,birthdays,0,1,1,ESDB_V0_4
1990,2051,buildings,-9.9015,1,PASS,35,,n,building,FORM,,MASTER,0,1,0,,building,,,1,0,0,ESDB_V0_4
1991,2052,busy,-9.9015,1,PASS,35,,v;aj,busy,LEMMA,,MASTER,0,1,0,,bus,,,1,0,0,ESDB_V0_4
1992,2053,cards,-9.9015,1,PASS,35,,n_v,card,FORM,,MASTER,0,1,0,,card,,,1,0,0,ESDB_V0_4
1993,2054,contains,-9.9015,1,PASS,35,,v,contain,FORM,,MASTER,0,1,0,,contain,,,1,0,0,ESDB_V0_4
1994,2055,dress,-9.9015,1,PASS,35,,n_v;aj,dress,LEMMA,,MASTER,0,0,0,,,,,0,0,0,ESDB_V0_4
1995,2056,easier,-9.9015,1,PASS,35,,aj_av,easy,FORM,,MASTER,0,0,0,,,,,0,0,0,ESDB_V0_4
1996,2057,edition,-9.9015,1,PASS,35,,n,edition,LEMMA,,MASTER,0,1,1,,,,editions,0,1,1,ESDB_V0_4
1997,2058,em,-9.9015,1,PASS,35,60,n,em,LEMMA,,MASTER,0,1,1,,,gem,ems,0,2,1,ESDB_V0_4
1998,2059,fix,-9.9015,1,PASS,35,,n_v,fix,LEMMA,,MASTER,0,0,0,,,,,0,0,0,ESDB_V0_4
1999,2060,heads,-9.9015,1,PASS,35,,n_v,head,FORM,,MASTER,0,1,0,,head,,,1,0,0,ESDB_V0_4
2000,2061,jones,-9.9015,0,NOT_EXACT_EN_US,,,,,,,REJECTED_AUTO,0,0,0,,,,,0,0,0,ESDB_V0_4
2001,2062,mail,-9.9015,1,PASS,35,,n_v;a,mail,LEMMA,,MASTER,0,1,1,,,email,mails,0,2,1,ESDB_V0_4
2002,2063,medicine,-9.9015,1,PASS,35,,n,medicine,LEMMA,,MASTER,0,1,1,,,,medicines,0,1,1,ESDB_V0_4
2003,2064,movies,-9.9015,1,PASS,35,,n,movie,FORM,,MASTER,0,1,0,,movie,,,1,0,0,ESDB_V0_4
2004,2065,numerous,-9.9015,1,PASS,35,,aj,numerous,LEMMA,,MASTER,0,0,0,,,,,0,0,0,ESDB_V0_4
2005,2066,options,-9.9015,1,PASS,35,,n_v,option,FORM,,MASTER,0,1,0,,option,,,1,0,0,ESDB_V0_4
2006,2067,organizations,-9.9015,1,PASS,35,,n,organization,FORM,,MASTER,0,1,0,,organization,,,1,0,0,ESDB_V0_4
2007,2068,persons,-9.9015,1,PASS,35,,n,person,FORM,,MASTER,0,1,0,,person,,,1,0,0,ESDB_V0_4
2008,2069,phase,-9.9015,1,PASS,35,,n_v,phase,LEMMA,,MASTER,0,1,1,,,,phases;phased,0,2,2,ESDB_V0_4
2009,2070,quarter,-9.9015,1,PASS,35,,n_v;a,quarter,LEMMA,,MASTER,0,1,1,,,,quarters,0,1,1,ESDB_V0_4
2010,2071,route,-9.9015,1,PASS,35,,n;v,route,LEMMA,,MASTER,0,1,1,,,,routes;router;routed,0,3,2,ESDB_V0_4
2011,2072,surprise,-9.9015,1,PASS,35,,n_v;a,surprise,LEMMA,,MASTER,0,1,1,,,,surprised;surprises,0,2,2,ESDB_V0_4
2012,2073,task,-9.9015,1,PASS,35,,n_v,task,LEMMA,,MASTER,0,1,1,ask,,,tasks,1,1,1,ESDB_V0_4
2013,2074,teaching,-9.9015,1,PASS,35,,v;n,teach;teaching,FORM;LEMMA,,MASTER,0,1,1,,,,teachings,0,1,1,ESDB_V0_4
2014,2075,turning,-9.9015,1,PASS,35,,n_v;n,turn;turning,FORM;LEMMA,,MASTER,0,0,0,,,,,0,0,0,ESDB_V0_4
2015,2076,urban,-9.9015,1,PASS,35,50,aj,urban,LEMMA,,MASTER,0,0,0,,,,,0,0,0,ESDB_V0_4
2016,2077,valley,-9.9015,1,PASS,35,,n,valley,LEMMA,,MASTER,0,1,1,alley,,,valleys,1,1,1,ESDB_V0_4
2017,2078,wedding,-9.9015,1,PASS,35,,v;n,wed;wedding,FORM;LEMMA,,MASTER,0,1,1,,,,weddings,0,1,1,ESDB_V0_4
2018,2079,willing,-9.9015,1,PASS,35,,n_v;aj,will;willing,FORM;LEMMA,,MASTER,0,0,0,,,,,0,0,0,ESDB_V0_4
2019,2080,acts,-9.9237,1,PASS,35,50,n_v,act,FORM,,MASTER,0,1,1,,act,facts,,1,1,0,ESDB_V0_4
2020,2081,affected,-9.9237,1,PASS,35,,n_v;aj,affect;affected,FORM;LEMMA,,MASTER,0,0,0,,,,,0,0,0,ESDB_V0_4
2021,2082,appearance,-9.9237,1,PASS,35,,n,appearance,LEMMA,,MASTER,0,1,1,,,,appearances,0,1,1,ESDB_V0_4
2022,2083,apple,-9.9237,1,PASS,35,50,n,apple,LEMMA,,MASTER,0,1,1,,,,apples,0,1,1,ESDB_V0_4
2023,2084,asia,-9.9237,0,NOT_EXACT_EN_US,,,,,,,REJECTED_AUTO,0,0,0,,,,,0,0,0,ESDB_V0_4
2024,2085,banks,-9.9237,1,PASS,35,50,n_v,bank,FORM,,MASTER,0,1,0,,bank,,,1,0,0,ESDB_V0_4
2025,2086,chapter,-9.9237,1,PASS,35,,n,chapter,LEMMA,,MASTER,0,1,1,,,,chapters,0,1,1,ESDB_V0_4
2026,2087,communication,-9.9237,1,PASS,35,,n,communication,LEMMA,,MASTER,0,1,1,,,,communications,0,1,1,ESDB_V0_4
2027,2088,creating,-9.9237,1,PASS,35,,v,create,FORM,,MASTER,0,0,0,,,,,0,0,0,ESDB_V0_4
2028,2089,definition,-9.9237,1,PASS,35,,n,definition,LEMMA,,MASTER,0,1,1,,,,definitions,0,1,1,ESDB_V0_4
2029,2090,device,-9.9237,1,PASS,35,,n,device,LEMMA,,MASTER,0,1,1,,,,devices,0,1,1,ESDB_V0_4
2030,2091,ensure,-9.9237,1,PASS,35,,v,ensure,LEMMA,,MASTER,0,1,1,,,,ensured;ensures,0,2,2,ESDB_V0_4
2031,2092,flow,-9.9237,1,PASS,35,,n_v,flow,LEMMA,,MASTER,0,1,1,low,,,flows;flown,1,2,1,ESDB_V0_4
2032,2093,goods,-9.9237,1,PASS,35,,n,goods,LEMMA,,MASTER,0,1,0,,good,,,1,0,0,ESDB_V0_4
2033,2094,grant,-9.9237,1,PASS,35,50,n_v,grant,LEMMA,,MASTER,0,1,1,rant,gran,,grants,2,1,1,ESDB_V0_4
2034,2095,grew,-9.9237,1,PASS,35,,v,grow,FORM,,MASTER,0,0,0,,,,,0,0,0,ESDB_V0_4
2035,2096,honest,-9.9237,1,PASS,35,,aj,honest,LEMMA,,MASTER,0,1,1,,,,honesty,0,1,0,ESDB_V0_4
2036,2097,kick,-9.9237,1,PASS,35,,n_v,kick,LEMMA,,MASTER,0,1,1,,,,kicks,0,1,1,ESDB_V0_4
2037,2098,listed,-9.9237,1,PASS,35,,n_v;aj,list;listed,FORM;LEMMA,,MASTER,0,0,0,,,,,0,0,0,ESDB_V0_4
2038,2099,officials,-9.9237,1,PASS,35,,n,official,FORM,,MASTER,0,1,0,,official,,,1,0,0,ESDB_V0_4
2039,2100,originally,-9.9237,1,PASS,35,,av,originally,LEMMA,,MASTER,0,0,0,,,,,0,0,0,ESDB_V0_4
2040,2101,owned,-9.9237,1,PASS,35,,v;aj,own;owned,FORM;LEMMA,,MASTER,0,0,0,,,,,0,0,0,ESDB_V0_4
2041,2102,pair,-9.9237,1,PASS,35,,n;v,pair,LEMMA;FORM,,MASTER,0,1,1,air,,,pairs,1,1,1,ESDB_V0_4
2042,2103,picked,-9.9237,1,PASS,35,,n_v,pick,FORM,,MASTER,0,0,0,,,,,0,0,0,ESDB_V0_4
2043,2104,relationships,-9.9237,1,PASS,35,,n,relationship,FORM,,MASTER,0,1,0,,relationship,,,1,0,0,ESDB_V0_4
2044,2105,relatively,-9.9237,1,PASS,35,,av,relatively,LEMMA,,MASTER,0,0,0,,,,,0,0,0,ESDB_V0_4
2045,2106,request,-9.9237,1,PASS,35,,n_v,request,LEMMA,,MASTER,0,1,1,,,,requests,0,1,1,ESDB_V0_4
2046,2107,revolution,-9.9237,1,PASS,35,,n,revolution,LEMMA,,MASTER,0,1,1,evolution,,,revolutions,1,1,1,ESDB_V0_4
2047,2108,shoot,-9.9237,1,PASS,35,,n_v;i,shoot,LEMMA,,MASTER,0,1,1,,,,shoots,0,1,1,ESDB_V0_4
2048,2109,shooting,-9.9237,1,PASS,35,,n_v;n,shoot;shooting,FORM;LEMMA,,MASTER,0,1,1,,,,shootings,0,1,1,ESDB_V0_4
2049,2110,signs,-9.9237,1,PASS,35,,n_v,sign,FORM,,MASTER,0,1,0,,sign,,,1,0,0,ESDB_V0_4
2050,2111,spain,-9.9237,0,NOT_EXACT_EN_US,,,,,,,REJECTED_AUTO,0,0,0,,,,,0,0,0,ESDB_V0_4
2051,2112,spending,-9.9237,1,PASS,35,,v;n,spend;spending,FORM;LEMMA,,MASTER,0,1,0,pending,,,,1,0,0,ESDB_V0_4
2052,2113,thousand,-9.9237,1,PASS,35,,n,thousand,LEMMA,,MASTER,0,1,1,,,,thousands,0,1,1,ESDB_V0_4
2053,2114,vice,-9.9237,1,PASS,35,,n_v;pp,vice,LEMMA,,MASTER,0,1,0,ice,,,,1,0,0,ESDB_V0_4
2054,2115,victims,-9.9237,1,PASS,35,,n,victim,FORM,,MASTER,0,1,0,,victim,,,1,0,0,ESDB_V0_4
2055,2116,anywhere,-9.9464,1,PASS,35,,av,anywhere,LEMMA,,MASTER,0,0,0,,,,,0,0,0,ESDB_V0_4
2056,2117,beer,-9.9464,1,PASS,35,,n,beer,LEMMA,,MASTER,0,1,1,,bee,,beers,1,1,1,ESDB_V0_4
2057,2118,bigger,-9.9464,1,PASS,35,,aj_av,big,FORM,,MASTER,0,0,0,,,,,0,0,0,ESDB_V0_4
2058,2119,cells,-9.9464,1,PASS,35,,n,cell,FORM,,MASTER,0,1,0,,cell,,,1,0,0,ESDB_V0_4
2059,2120,combined,-9.9464,1,PASS,35,,n_v;aj,combine;combined,FORM;LEMMA,,MASTER,0,1,0,,combine,,,1,0,0,ESDB_V0_4
2060,2121,confidence,-9.9464,1,PASS,35,,n;a,confidence,LEMMA,,MASTER,0,0,0,,,,,0,0,0,ESDB_V0_4
2061,2122,corporation,-9.9464,1,PASS,35,,n,corporation,LEMMA,,MASTER,0,1,1,,,,corporations,0,1,1,ESDB_V0_4
2062,2123,debt,-9.9464,1,PASS,35,,n,debt,LEMMA,,MASTER,0,1,1,,,,debts,0,1,1,ESDB_V0_4
2063,2124,defence,-9.9464,0,NOT_EXACT_EN_US,,,,,,,REJECTED_AUTO,0,0,0,,,,,0,0,0,ESDB_V0_4
2064,2125,determine,-9.9464,1,PASS,35,,v,determine,LEMMA,,MASTER,0,1,1,,,,determined;determines,0,2,2,ESDB_V0_4
2065,2126,driver,-9.9464,1,PASS,35,,n,driver,LEMMA,,MASTER,0,1,1,river,drive,,drivers,2,1,1,ESDB_V0_4
2066,2127,email,-9.9464,1,PASS,35,,n_v,email,LEMMA,,MASTER,0,1,1,mail,,,emails,1,1,1,ESDB_V0_4
2067,2128,express,-9.9464,1,PASS,35,,n_v;aj_av,express,LEMMA,,MASTER,0,0,0,,,,,0,0,0,ESDB_V0_4
2068,2129,external,-9.9464,1,PASS,35,,n;aj,external,LEMMA,,MASTER,0,0,0,,,,,0,0,0,ESDB_V0_4
2069,2130,fuel,-9.9464,1,PASS,35,,n_v,fuel,LEMMA,,MASTER,0,1,1,,,,fuels,0,1,1,ESDB_V0_4
2070,2131,hero,-9.9464,1,PASS,35,,n,hero,LEMMA,,MASTER,0,1,0,,her,,,1,0,0,ESDB_V0_4
2071,2132,institutions,-9.9464,1,PASS,35,,n,institution,FORM,,MASTER,0,1,0,,institution,,,1,0,0,ESDB_V0_4
2072,2133,kingdom,-9.9464,1,PASS,35,,n,kingdom,LEMMA,,MASTER,0,1,1,,,,kingdoms,0,1,1,ESDB_V0_4
2073,2134,lay,-9.9464,1,PASS,35,,n_v;aj;v,lay;lie,LEMMA;FORM,,MASTER,0,1,1,,,play;clay;slay,lays,0,4,1,ESDB_V0_4
2074,2135,leg,-9.9464,1,PASS,35,,n_v,leg,LEMMA,,MASTER,0,1,1,,,,legs,0,1,1,ESDB_V0_4
2075,2136,legs,-9.9464,1,PASS,35,,n_v;n,leg;legs,FORM;LEMMA,,MASTER,0,1,0,,leg,,,1,0,0,ESDB_V0_4
2076,2137,letters,-9.9464,1,PASS,35,,n_v;n,letter;letters,FORM;LEMMA,,MASTER,0,1,0,,letter,,,1,0,0,ESDB_V0_4
2077,2138,mainly,-9.9464,1,PASS,35,,av,mainly,LEMMA,,MASTER,0,0,0,,,,,0,0,0,ESDB_V0_4
2078,2139,minimum,-9.9464,1,PASS,35,,n;aj,minimum,LEMMA,,MASTER,0,0,0,,,,,0,0,0,ESDB_V0_4
2079,2140,mix,-9.9464,1,PASS,35,,n_v,mix,LEMMA,,MASTER,0,0,0,,,,,0,0,0,ESDB_V0_4
2080,2141,native,-9.9464,1,PASS,35,,n;aj,native,LEMMA,,MASTER,0,1,1,,,,natives,0,1,1,ESDB_V0_4
2081,2142,opposition,-9.9464,1,PASS,35,60,n,opposition,LEMMA,,MASTER,0,0,0,,,,,0,0,0,ESDB_V0_4
2082,2143,paying,-9.9464,1,PASS,35,,v;aj,pay;paying,FORM;LEMMA,,MASTER,0,0,0,,,,,0,0,0,ESDB_V0_4
2083,2144,policies,-9.9464,1,PASS,35,,n,policy,FORM,,MASTER,0,0,0,,,,,0,0,0,ESDB_V0_4
2084,2145,recorded,-9.9464,1,PASS,35,,n_v;aj,record;recorded,FORM;LEMMA,,MASTER,0,0,0,,,,,0,0,0,ESDB_V0_4
2085,2146,referred,-9.9464,1,PASS,35,,v,refer,FORM,,MASTER,0,1,1,,,preferred,,0,1,0,ESDB_V0_4
2086,2147,remove,-9.9464,1,PASS,35,,n_v,remove,LEMMA,,MASTER,0,1,1,,,,removed;removes,0,2,2,ESDB_V0_4
2087,2148,requires,-9.9464,1,PASS,35,,v,require,FORM,,MASTER,0,1,0,,require,,,1,0,0,ESDB_V0_4
2088,2149,restaurant,-9.9464,1,PASS,35,,n,restaurant,LEMMA,,MASTER,0,1,1,,,,restaurants,0,1,1,ESDB_V0_4
2089,2150,saved,-9.9464,1,PASS,35,,n_v;aj,save;saved,FORM;LEMMA,,MASTER,0,1,0,,save,,,1,0,0,ESDB_V0_4
2090,2151,sets,-9.9464,1,PASS,35,,n_v,set,FORM,,MASTER,0,1,0,,set,,,1,0,0,ESDB_V0_4
2091,2152,shared,-9.9464,1,PASS,35,,n_v;aj,share;shared,FORM;LEMMA,,MASTER,0,1,0,,share,,,1,0,0,ESDB_V0_4
2092,2153,specifically,-9.9464,1,PASS,35,,av,specifically,LEMMA,,MASTER,0,0,0,,,,,0,0,0,ESDB_V0_4
2093,2154,struggle,-9.9464,1,PASS,35,,n_v,struggle,LEMMA,,MASTER,0,1,1,,,,struggles;struggled,0,2,2,ESDB_V0_4
2094,2155,taught,-9.9464,1,PASS,35,,v,teach,FORM,,MASTER,0,0,0,,,,,0,0,0,ESDB_V0_4
2095,2156,temperature,-9.9464,1,PASS,35,,n,temperature,LEMMA,,MASTER,0,1,1,,,,temperatures,0,1,1,ESDB_V0_4
2096,2157,tired,-9.9464,1,PASS,35,,n_v;aj,tire;tired,FORM;LEMMA,,MASTER,0,1,0,,tire,,,1,0,0,ESDB_V0_4
2097,2158,update,-9.9464,1,PASS,35,,n_v,update,LEMMA,,MASTER,0,1,1,,,,updated;updates,0,2,2,ESDB_V0_4
2098,2159,watched,-9.9464,1,PASS,35,,n_v,watch,FORM,,MASTER,0,0,0,,,,,0,0,0,ESDB_V0_4
2099,2161,ya,-9.9464,1,PASS,35,,pn,ya,LEMMA;FORM,,MASTER,0,1,0,a,,,,1,0,0,ESDB_V0_4
2100,2162,bird,-9.9696,1,PASS,35,50,n_v,bird,LEMMA,,MASTER,0,1,1,,,,birds,0,1,1,ESDB_V0_4
2101,2163,bringing,-9.9696,1,PASS,35,,v;n,bring;bringing,FORM;LEMMA,,MASTER,0,1,0,ringing,,,,1,0,0,ESDB_V0_4
2102,2164,chain,-9.9696,1,PASS,35,,n_v,chain,LEMMA,,MASTER,0,1,1,,,,chains,0,1,1,ESDB_V0_4
2103,2165,chair,-9.9696,1,PASS,35,,n_v,chair,LEMMA,,MASTER,0,1,1,hair,,,chairs,1,1,1,ESDB_V0_4
2104,2166,committed,-9.9696,1,PASS,35,,v;aj,commit;committed,FORM;LEMMA,,MASTER,0,0,0,,,,,0,0,0,ESDB_V0_4
2105,2167,crowd,-9.9696,1,PASS,35,,n_v,crowd,LEMMA,,MASTER,0,1,1,,crow,,crowds,1,1,1,ESDB_V0_4
2106,2168,defined,-9.9696,1,PASS,35,,v;aj,define;defined,FORM;LEMMA,,MASTER,0,1,0,,define,,,1,0,0,ESDB_V0_4
2107,2169,dick,-9.9696,1,PASS,40,50,n,dick,LEMMA,vulgar-3,MASTER,0,1,1,,,,dicks,0,1,1,ESDB_V0_4
2108,2170,environmental,-9.9696,1,PASS,35,,aj,environmental,LEMMA,,MASTER,0,0,0,,,,,0,0,0,ESDB_V0_4
2109,2171,everywhere,-9.9696,1,PASS,35,,av,everywhere,LEMMA,,MASTER,0,0,0,,,,,0,0,0,ESDB_V0_4
2110,2172,girlfriend,-9.9696,1,PASS,35,,n,girlfriend,LEMMA,,MASTER,0,1,1,,,,girlfriends,0,1,1,ESDB_V0_4
2111,2173,haha,-9.9696,0,NOT_EXACT_EN_US,,,,,,,REJECTED_AUTO,0,0,0,,,,,0,0,0,ESDB_V0_4
2112,2174,heaven,-9.9696,1,PASS,35,,n,heaven,LEMMA,,MASTER,0,1,1,,,,heavens,0,1,0,ESDB_V0_4
2113,2175,identified,-9.9696,1,PASS,35,,aj;v,identified;identify,LEMMA;FORM,,MASTER,0,0,0,,,,,0,0,0,ESDB_V0_4
2114,2176,johnson,-9.9696,0,NOT_EXACT_EN_US,,,,,,,REJECTED_AUTO,0,0,0,,,,,0,0,0,ESDB_V0_4
2115,2177,joke,-9.9696,1,PASS,35,,n_v,joke,LEMMA,,MASTER,0,1,1,,,,jokes;joker,0,2,1,ESDB_V0_4
2116,2178,manner,-9.9696,1,PASS,35,,n,manner,LEMMA,,MASTER,0,1,1,,,,manners,0,1,1,ESDB_V0_4
2117,2179,markets,-9.9696,1,PASS,35,,n_v,market,FORM,,MASTER,0,1,0,,market,,,1,0,0,ESDB_V0_4
2118,2180,ocean,-9.9696,1,PASS,35,,n,ocean,LEMMA,,MASTER,0,1,1,,,,oceans,0,1,1,ESDB_V0_4
2119,2182,pool,-9.9696,1,PASS,35,,n_v,pool,LEMMA,,MASTER,0,1,1,,poo,,pools,1,1,1,ESDB_V0_4
2120,2183,providing,-9.9696,1,PASS,35,,v;c,provide;providing,FORM;LEMMA,,MASTER,0,0,0,,,,,0,0,0,ESDB_V0_4
2121,2184,scott,-9.9696,0,NOT_EXACT_EN_US,,,,,,,REJECTED_AUTO,0,0,0,,,,,0,0,0,ESDB_V0_4
2122,2185,solid,-9.9696,1,PASS,35,,n;aj,solid,LEMMA,,MASTER,0,1,1,,,,solids,0,1,1,ESDB_V0_4
2123,2186,steel,-9.9696,1,PASS,35,,n;v;a,steel,LEMMA,,MASTER,0,0,0,,,,,0,0,0,ESDB_V0_4
2124,2187,supreme,-9.9696,1,PASS,35,,aj,supreme,LEMMA,,MASTER,0,0,0,,,,,0,0,0,ESDB_V0_4
2125,2188,videos,-9.9696,1,PASS,35,,n_v,video,FORM,,MASTER,0,1,0,,video,,,1,0,0,ESDB_V0_4
2126,2189,weak,-9.9696,1,PASS,35,,aj,weak,LEMMA,,MASTER,0,0,0,,,,,0,0,0,ESDB_V0_4
2127,2190,younger,-9.9696,1,PASS,35,,aj,young,FORM,,MASTER,0,0,0,,,,,0,0,0,ESDB_V0_4
2128,2192,apartment,-9.9934,1,PASS,35,,n,apartment,LEMMA,,MASTER,0,1,1,,,,apartments,0,1,1,ESDB_V0_4
2129,2193,argument,-9.9934,1,PASS,35,,n,argument,LEMMA,,MASTER,0,1,1,,,,arguments,0,1,1,ESDB_V0_4
2130,2194,armed,-9.9934,1,PASS,35,,n_v;aj,arm;armed,FORM;LEMMA,,MASTER,0,1,1,,,harmed;warmed;farmed,,0,3,0,ESDB_V0_4
2131,2195,attacks,-9.9934,1,PASS,35,,n_v,attack,FORM,,MASTER,0,1,0,,attack,,,1,0,0,ESDB_V0_4
2132,2196,ben,-9.9934,0,NOT_EXACT_EN_US,,,,,,,REJECTED_AUTO,0,0,0,,,,,0,0,0,ESDB_V0_4
2133,2197,besides,-9.9934,1,PASS,35,,av;pp,besides,LEMMA,,MASTER,0,1,0,,beside,,,1,0,0,ESDB_V0_4
2134,2198,chairman,-9.9934,1,PASS,35,,n,chairman,LEMMA,,MASTER,0,0,0,,,,,0,0,0,ESDB_V0_4
2135,2199,charges,-9.9934,1,PASS,35,,n_v,charge,FORM,,MASTER,0,1,0,,charge,,,1,0,0,ESDB_V0_4
2136,2200,claimed,-9.9934,1,PASS,35,,n_v,claim,FORM,,MASTER,0,0,0,,,,,0,0,0,ESDB_V0_4
2137,2201,connected,-9.9934,1,PASS,35,,v;aj,connect;connected,FORM;LEMMA,,MASTER,0,0,0,,,,,0,0,0,ESDB_V0_4
2138,2202,crown,-9.9934,1,PASS,35,,n_v,crown,LEMMA,,MASTER,0,1,1,,crow,,crowns,1,1,1,ESDB_V0_4
2139,2203,developing,-9.9934,1,PASS,35,,v;n;aj,develop;developing,FORM;LEMMA,,MASTER,0,0,0,,,,,0,0,0,ESDB_V0_4
2140,2204,discuss,-9.9934,1,PASS,35,,v,discuss,LEMMA,,MASTER,0,0,0,,,,,0,0,0,ESDB_V0_4
2141,2205,display,-9.9934,1,PASS,35,,n_v,display,LEMMA,,MASTER,0,1,1,,,,displays,0,1,1,ESDB_V0_4
2142,2206,draft,-9.9934,1,PASS,35,,v;n;a,draft,LEMMA,,MASTER,0,1,1,raft,,,drafts,1,1,1,ESDB_V0_4
2143,2207,engineering,-9.9934,1,PASS,35,,n_v;n,engineer;engineering,FORM;LEMMA,,MASTER,0,0,0,,,,,0,0,0,ESDB_V0_4
2144,2208,escape,-9.9934,1,PASS,35,,n_v;a,escape,LEMMA,,MASTER,0,1,1,,,,escaped;escapes,0,2,2,ESDB_V0_4
2145,2209,examples,-9.9934,1,PASS,35,,n_v,example,FORM,,MASTER,0,1,0,,example,,,1,0,0,ESDB_V0_4
2146,2210,extended,-9.9934,1,PASS,35,,v;aj,extend;extended,FORM;LEMMA,,MASTER,0,0,0,,,,,0,0,0,ESDB_V0_4
2147,2211,falling,-9.9934,1,PASS,35,,n_v;aj,fall;falling,FORM;LEMMA,,MASTER,0,0,0,,,,,0,0,0,ESDB_V0_4
2148,2212,fields,-9.9934,1,PASS,35,50,n_v,field,FORM,,MASTER,0,1,0,,field,,,1,0,0,ESDB_V0_4
2149,2213,filled,-9.9934,1,PASS,35,,v;aj,fill;filled,FORM;LEMMA,,MASTER,0,0,0,,,,,0,0,0,ESDB_V0_4
2150,2214,friendly,-9.9934,1,PASS,35,,n;aj,friendly,LEMMA,,MASTER,0,0,0,,,,,0,0,0,ESDB_V0_4
2151,2215,funding,-9.9934,1,PASS,35,,n_v;n,fund;funding,FORM;LEMMA,,MASTER,0,0,0,,,,,0,0,0,ESDB_V0_4
2152,2216,helps,-9.9934,1,PASS,35,,n_v,help,FORM,,MASTER,0,1,0,,help,,,1,0,0,ESDB_V0_4
2153,2217,identity,-9.9934,1,PASS,35,,n,identity,LEMMA,,MASTER,0,0,0,,,,,0,0,0,ESDB_V0_4
2154,2218,iran,-9.9934,0,NOT_EXACT_EN_US,,,,,,,REJECTED_AUTO,0,0,0,,,,,0,0,0,ESDB_V0_4
2155,2219,jewish,-9.9934,0,NOT_EXACT_EN_US,,,,,,,REJECTED_AUTO,0,0,0,,,,,0,0,0,ESDB_V0_4
2156,2220,journey,-9.9934,1,PASS,35,,n_v,journey,LEMMA,,MASTER,0,1,1,,,,journeys,0,1,1,ESDB_V0_4
2157,2221,jump,-9.9934,1,PASS,35,,n_v,jump,LEMMA,,MASTER,0,1,1,,,,jumps,0,1,1,ESDB_V0_4
2158,2222,laughing,-9.9934,1,PASS,35,,n_v;n,laugh;laughing,FORM;LEMMA,,MASTER,0,0,0,,,,,0,0,0,ESDB_V0_4
2159,2223,launched,-9.9934,1,PASS,35,,n_v,launch,FORM,,MASTER,0,0,0,,,,,0,0,0,ESDB_V0_4
2160,2224,likes,-9.9934,1,PASS,35,,n_v,like,FORM,,MASTER,0,1,0,,like,,,1,0,0,ESDB_V0_4
2161,2225,lovely,-9.9934,1,PASS,35,,n;aj,lovely,LEMMA,,MASTER,0,0,0,,,,,0,0,0,ESDB_V0_4
2162,2226,lunch,-9.9934,1,PASS,35,,n_v,lunch,LEMMA,,MASTER,0,0,0,,,,,0,0,0,ESDB_V0_4
2163,2227,milk,-9.9934,1,PASS,35,,n_v,milk,LEMMA,,MASTER,0,1,1,,mil,,milky,1,1,0,ESDB_V0_4
2164,2228,mistake,-9.9934,1,PASS,35,,n_v,mistake,LEMMA,,MASTER,0,1,1,,,,mistakes;mistaken,0,2,2,ESDB_V0_4
2165,2229,obama,-9.9934,0,NOT_EXACT_EN_US,,,,,,,REJECTED_AUTO,0,0,0,,,,,0,0,0,ESDB_V0_4
2166,2230,perform,-9.9934,1,PASS,35,,v,perform,LEMMA,,MASTER,0,1,1,,,,performs,0,1,1,ESDB_V0_4
2167,2231,possibility,-9.9934,1,PASS,35,,n,possibility,LEMMA,,MASTER,0,0,0,,,,,0,0,0,ESDB_V0_4
2168,2232,purchase,-9.9934,1,PASS,35,,n_v,purchase,LEMMA,,MASTER,0,1,1,,,,purchased;purchases;purchaser,0,3,2,ESDB_V0_4
2169,2233,remaining,-9.9934,1,PASS,35,,v;aj,remain;remaining,FORM;LEMMA,,MASTER,0,0,0,,,,,0,0,0,ESDB_V0_4
2170,2234,sam,-9.9934,0,NOT_EXACT_EN_US,,,,,,,REJECTED_AUTO,0,0,0,,,,,0,0,0,ESDB_V0_4
2171,2235,scotland,-9.9934,0,NOT_EXACT_EN_US,,,,,,,REJECTED_AUTO,0,0,0,,,,,0,0,0,ESDB_V0_4
2172,2236,session,-9.9934,1,PASS,35,,n,session,LEMMA,,MASTER,0,1,1,,,,sessions,0,1,1,ESDB_V0_4
2173,2237,streets,-9.9934,1,PASS,35,,n,street,FORM,,MASTER,0,1,0,,street,,,1,0,0,ESDB_V0_4
2174,2238,sub,-9.9934,1,PASS,35,60,n_v,sub,LEMMA,,MASTER,0,1,1,,,,subs,0,1,1,ESDB_V0_4
2175,2239,suddenly,-9.9934,1,PASS,35,,av,suddenly,LEMMA,,MASTER,0,0,0,,,,,0,0,0,ESDB_V0_4
2176,2240,sugar,-9.9934,1,PASS,35,,n_v,sugar,LEMMA,,MASTER,0,1,1,,,,sugars,0,1,1,ESDB_V0_4
2177,2241,supporting,-9.9934,1,PASS,35,,n_v;n;aj,support;supporting,FORM;LEMMA,,MASTER,0,0,0,,,,,0,0,0,ESDB_V0_4
2178,2242,vision,-9.9934,1,PASS,35,,n_v,vision,LEMMA,,MASTER,0,1,1,,,,visions,0,1,1,ESDB_V0_4
2179,2243,yellow,-9.9934,1,PASS,35,,n;v;aj,yellow,LEMMA,,MASTER,0,0,0,,,,,0,0,0,ESDB_V0_4
2180,2244,abuse,-10.0155,1,PASS,35,,n_v,abuse,LEMMA,,MASTER,0,1,1,,,,abused;abuses,0,2,2,ESDB_V0_4
2181,2245,advance,-10.0155,1,PASS,35,,n_v;aj,advance,LEMMA,,MASTER,0,1,1,,,,advanced;advances,0,2,2,ESDB_V0_4
2182,2246,alcohol,-10.0155,1,PASS,35,,n,alcohol,LEMMA,,MASTER,0,0,0,,,,,0,0,0,ESDB_V0_4
2183,2247,angry,-10.0155,1,PASS,35,,aj,angry,LEMMA,,MASTER,0,0,0,,,,,0,0,0,ESDB_V0_4
2184,2248,articles,-10.0155,1,PASS,35,,n,article,FORM,,MASTER,0,1,1,,article,particles,,1,1,0,ESDB_V0_4
2185,2249,artists,-10.0155,1,PASS,35,,n,artist,FORM,,MASTER,0,1,0,,artist,,,1,0,0,ESDB_V0_4
2186,2250,arts,-10.0155,1,PASS,35,,n,art,FORM,,MASTER,0,1,1,,art,parts;darts;carts,,1,3,0,ESDB_V0_4
2187,2251,awards,-10.0155,1,PASS,35,,n_v,award,FORM,,MASTER,0,1,0,wards,award,,,2,0,0,ESDB_V0_4
2188,2252,birds,-10.0155,1,PASS,35,,n_v,bird,FORM,,MASTER,0,1,0,,bird,,,1,0,0,ESDB_V0_4
2189,2253,causes,-10.0155,1,PASS,35,,n_v,cause,FORM,,MASTER,0,1,0,,cause,,,1,0,0,ESDB_V0_4
2190,2254,chemical,-10.0155,1,PASS,35,,n;aj,chemical,LEMMA,,MASTER,0,1,1,,,,chemicals,0,1,1,ESDB_V0_4
2191,2255,chosen,-10.0155,1,PASS,35,,v;n,choose;chosen,FORM;LEMMA,,MASTER,0,1,0,,chose,,,1,0,0,ESDB_V0_4
2192,2256,confirmed,-10.0155,1,PASS,35,,v;aj,confirm;confirmed,FORM;LEMMA,,MASTER,0,0,0,,,,,0,0,0,ESDB_V0_4
2193,2257,excited,-10.0155,1,PASS,35,,v;aj,excite;excited,FORM;LEMMA,,MASTER,0,0,0,,,,,0,0,0,ESDB_V0_4
2194,2258,expensive,-10.0155,1,PASS,35,,aj,expensive,LEMMA,,MASTER,0,0,0,,,,,0,0,0,ESDB_V0_4
2195,2259,extent,-10.0155,1,PASS,35,,n,extent,LEMMA,,MASTER,0,0,0,,,,,0,0,0,ESDB_V0_4
2196,2260,facts,-10.0155,1,PASS,35,,n,fact,FORM,,MASTER,0,1,0,acts,fact,,,2,0,0,ESDB_V0_4
2197,2261,granted,-10.0155,1,PASS,35,,n_v;aj,grant;granted,FORM;LEMMA,,MASTER,0,0,0,,,,,0,0,0,ESDB_V0_4
2198,2262,guns,-10.0155,1,PASS,35,,n_v,gun,FORM,,MASTER,0,1,0,,gun,,,1,0,0,ESDB_V0_4
2199,2264,holiday,-10.0155,1,PASS,35,50,n_v;a,holiday,LEMMA,,MASTER,0,1,1,,,,holidays,0,1,1,ESDB_V0_4
2200,2265,honestly,-10.0155,1,PASS,35,,av,honestly,LEMMA,,MASTER,0,0,0,,,,,0,0,0,ESDB_V0_4
2201,2266,laugh,-10.0155,1,PASS,35,,n_v,laugh,LEMMA,,MASTER,0,1,1,,,,laughs,0,1,1,ESDB_V0_4
2202,2267,launch,-10.0155,1,PASS,35,,n_v;a,launch,LEMMA,,MASTER,0,0,0,,,,,0,0,0,ESDB_V0_4
2203,2268,lawyer,-10.0155,1,PASS,35,,n,lawyer,LEMMA,,MASTER,0,1,1,,,,lawyers,0,1,1,ESDB_V0_4
2204,2269,leads,-10.0155,1,PASS,35,,n;v,lead,FORM,,MASTER,0,1,0,,lead,,,1,0,0,ESDB_V0_4
2205,2270,magazine,-10.0155,1,PASS,35,,n,magazine,LEMMA,,MASTER,0,1,1,,,,magazines,0,1,1,ESDB_V0_4
2206,2271,maintain,-10.0155,1,PASS,35,,v,maintain,LEMMA,,MASTER,0,1,1,,,,maintains,0,1,1,ESDB_V0_4
2207,2272,massive,-10.0155,1,PASS,35,,aj,massive,LEMMA,,MASTER,0,0,0,,,,,0,0,0,ESDB_V0_4
2208,2273,mm,-10.0155,0,NO_ESDB_GENERAL_EVIDENCE,,,,,,,REJECTED_AUTO,0,0,0,,,,,0,0,0,ESDB_V0_4
2209,2274,occurred,-10.0155,1,PASS,35,,v,occur,FORM,,MASTER,0,0,0,,,,,0,0,0,ESDB_V0_4
2210,2275,origin,-10.0155,1,PASS,35,,n,origin,LEMMA,,MASTER,0,1,1,,,,origins,0,1,1,ESDB_V0_4
2211,2276,planet,-10.0155,1,PASS,35,,n,planet,LEMMA,,MASTER,0,1,1,,plane,,planets,1,1,1,ESDB_V0_4
2212,2277,positions,-10.0155,1,PASS,35,,n_v,position,FORM,,MASTER,0,1,0,,position,,,1,0,0,ESDB_V0_4
2213,2278,proof,-10.0155,1,PASS,35,,n_v;aj,proof,LEMMA,,MASTER,0,1,1,roof,,,proofs,1,1,1,ESDB_V0_4
2214,2279,ray,-10.0155,1,PASS,35,50,n,ray,LEMMA,,MASTER,0,1,1,,,pray;gray;tray;fray,rays,0,5,1,ESDB_V0_4
2215,2280,regarding,-10.0155,1,PASS,35,,v,regard,FORM,,MASTER,0,0,0,,,,,0,0,0,ESDB_V0_4
2216,2281,reporting,-10.0155,1,PASS,35,,n_v;n,report;reporting,FORM;LEMMA,,MASTER,0,0,0,,,,,0,0,0,ESDB_V0_4
2217,2282,rural,-10.0155,1,PASS,35,,aj,rural,LEMMA,,MASTER,0,0,0,,,,,0,0,0,ESDB_V0_4
2218,2283,saint,-10.0155,1,PASS,35,,n;a,saint,LEMMA,,MASTER,0,1,1,,,,saints,0,1,1,ESDB_V0_4
2219,2284,seek,-10.0155,1,PASS,35,,v,seek,LEMMA,,MASTER,0,1,1,,see,,seeks,1,1,1,ESDB_V0_4
2220,2285,strange,-10.0155,1,PASS,35,,aj,strange,LEMMA,,MASTER,0,1,1,,,,stranger,0,1,1,ESDB_V0_4
2221,2286,strike,-10.0155,1,PASS,35,,n_v,strike,LEMMA,,MASTER,0,1,1,,,,strikes;striker,0,2,1,ESDB_V0_4
2222,2287,stuck,-10.0155,1,PASS,35,,n_v;aj,stick;stuck,FORM;LEMMA,,MASTER,0,1,0,tuck,,,,1,0,0,ESDB_V0_4
2223,2288,twenty,-10.0155,1,PASS,35,,n,twenty,LEMMA,,MASTER,0,0,0,,,,,0,0,0,ESDB_V0_4
2224,2289,unable,-10.0155,1,PASS,35,,aj,unable,LEMMA,,MASTER,0,0,0,,,,,0,0,0,ESDB_V0_4
2225,2290,walked,-10.0155,1,PASS,35,,n_v,walk,FORM,,MASTER,0,0,0,,,,,0,0,0,ESDB_V0_4
2226,2291,wins,-10.0155,1,PASS,35,,n_v,win,FORM,,MASTER,0,1,1,ins,win,twins,,2,1,0,ESDB_V0_4
2227,2292,button,-10.0382,1,PASS,35,,n_v,button,LEMMA,,MASTER,0,1,1,,,,buttons,0,1,1,ESDB_V0_4
2228,2293,buying,-10.0382,1,PASS,35,,n_v;n,buy;buying,FORM;LEMMA,,MASTER,0,0,0,,,,,0,0,0,ESDB_V0_4
2229,2294,carrying,-10.0382,1,PASS,35,,n_v,carry,FORM,,MASTER,0,0,0,,,,,0,0,0,ESDB_V0_4
2230,2295,collected,-10.0382,1,PASS,35,,n_v;aj,collect;collected,FORM;LEMMA,,MASTER,0,0,0,,,,,0,0,0,ESDB_V0_4
2231,2296,comfortable,-10.0382,1,PASS,35,,aj,comfortable,LEMMA,,MASTER,0,0,0,,,,,0,0,0,ESDB_V0_4
2232,2297,debate,-10.0382,1,PASS,35,,n_v,debate,LEMMA,,MASTER,0,1,1,,,,debates;debated,0,2,2,ESDB_V0_4
2233,2298,destroyed,-10.0382,1,PASS,35,,v;aj,destroy;destroyed,FORM;LEMMA,,MASTER,0,0,0,,,,,0,0,0,ESDB_V0_4
2234,2299,drunk,-10.0382,1,PASS,35,,n_v;n;aj,drink;drunk,FORM;LEMMA,,MASTER,0,0,0,,,,,0,0,0,ESDB_V0_4
2235,2301,emotional,-10.0382,1,PASS,35,,aj,emotional,LEMMA,,MASTER,0,0,0,,,,,0,0,0,ESDB_V0_4
2236,2302,entry,-10.0382,1,PASS,35,,n,entry,LEMMA,,MASTER,0,0,0,,,,,0,0,0,ESDB_V0_4
2237,2303,estimated,-10.0382,1,PASS,35,,n_v,estimate,FORM,,MASTER,0,1,0,,estimate,,,1,0,0,ESDB_V0_4
2238,2304,experienced,-10.0382,1,PASS,35,,n_v;aj,experience;experienced,FORM;LEMMA,,MASTER,0,1,0,,experience,,,1,0,0,ESDB_V0_4
2239,2305,explained,-10.0382,1,PASS,35,,v,explain,FORM,,MASTER,0,0,0,,,,,0,0,0,ESDB_V0_4
2240,2306,false,-10.0382,1,PASS,35,,aj_av,false,LEMMA,,MASTER,0,0,0,,,,,0,0,0,ESDB_V0_4
2241,2308,injury,-10.0382,1,PASS,35,,n,injury,LEMMA,,MASTER,0,0,0,,,,,0,0,0,ESDB_V0_4
2242,2309,km,-10.0382,0,NO_ESDB_GENERAL_EVIDENCE,,,,,,,REJECTED_AUTO,0,0,0,,,,,0,0,0,ESDB_V0_4
2243,2310,ladies,-10.0382,1,PASS,35,,n,lady,FORM,,MASTER,0,0,0,,,,,0,0,0,ESDB_V0_4
2244,2311,largely,-10.0382,1,PASS,35,,av,largely,LEMMA,,MASTER,0,0,0,,,,,0,0,0,ESDB_V0_4
2245,2312,linked,-10.0382,1,PASS,35,,n_v;aj,link;linked,FORM;LEMMA,,MASTER,0,0,0,,,,,0,0,0,ESDB_V0_4
2246,2313,literature,-10.0382,1,PASS,35,,n,literature,LEMMA,,MASTER,0,0,0,,,,,0,0,0,ESDB_V0_4
2247,2314,mode,-10.0382,1,PASS,35,,n,mode,LEMMA,,MASTER,0,1,1,ode,mod,,model;modes;modem,2,3,1,ESDB_V0_4
2248,2315,ms,-10.0382,0,NOT_EXACT_EN_US,,,,,,,REJECTED_AUTO,0,0,0,,,,,0,0,0,ESDB_V0_4
2249,2316,newspaper,-10.0382,1,PASS,35,,n,newspaper,LEMMA,,MASTER,0,1,1,,,,newspapers,0,1,1,ESDB_V0_4
2250,2317,obvious,-10.0382,1,PASS,35,,aj,obvious,LEMMA,,MASTER,0,0,0,,,,,0,0,0,ESDB_V0_4
2251,2318,ourselves,-10.0382,1,PASS,35,,pn,we,FORM,,MASTER,0,1,1,,,yourselves,,0,1,0,ESDB_V0_4
2252,2319,pages,-10.0382,1,PASS,35,,n_v,page,FORM,,MASTER,0,1,0,ages,page,,,2,0,0,ESDB_V0_4
2253,2320,q,-10.0382,0,SINGLE_LETTER,,,,,,,REJECTED_AUTO,0,0,0,,,,,0,0,0,ESDB_V0_4
2254,2321,quiet,-10.0382,1,PASS,35,,n;v;aj_av,quiet,LEMMA,,MASTER,0,0,0,,,,,0,0,0,ESDB_V0_4
2255,2322,reform,-10.0382,1,PASS,35,,n_v,reform,LEMMA,,MASTER,0,1,1,,,,reforms,0,1,1,ESDB_V0_4
2256,2323,revealed,-10.0382,1,PASS,35,,v,reveal,FORM,,MASTER,0,0,0,,,,,0,0,0,ESDB_V0_4
2257,2324,secure,-10.0382,1,PASS,35,,v;aj,secure,LEMMA,,MASTER,0,1,1,,,,secured,0,1,1,ESDB_V0_4
2258,2325,sentence,-10.0382,1,PASS,35,,n_v,sentence,LEMMA,,MASTER,0,1,1,,,,sentences;sentenced,0,2,2,ESDB_V0_4
2259,2326,steve,-10.0382,0,NOT_EXACT_EN_US,,,,,,,REJECTED_AUTO,0,0,0,,,,,0,0,0,ESDB_V0_4
2260,2327,storm,-10.0382,1,PASS,35,,n_v,storm,LEMMA,,MASTER,0,1,1,,,,storms;stormy,0,2,1,ESDB_V0_4
2261,2328,suppose,-10.0382,1,PASS,35,,v,suppose,LEMMA,,MASTER,0,1,1,,,,supposed,0,1,1,ESDB_V0_4
2262,2329,surprised,-10.0382,1,PASS,35,,n_v;aj,surprise;surprised,FORM;LEMMA,,MASTER,0,1,0,,surprise,,,1,0,0,ESDB_V0_4
2263,2330,teach,-10.0382,1,PASS,35,,v,teach,LEMMA,,MASTER,0,1,0,each,,,,1,0,0,ESDB_V0_4
2264,2332,adding,-10.0613,1,PASS,35,,v,add,FORM,,MASTER,0,0,0,,,,,0,0,0,ESDB_V0_4
2265,2333,angeles,-10.0613,0,NOT_EXACT_EN_US,,,,,,,REJECTED_AUTO,0,0,0,,,,,0,0,0,ESDB_V0_4
2266,2334,app,-10.0613,0,SPECIAL_ONLY,50,,n,app,LEMMA,,REJECTED_AUTO,0,0,0,,,,,0,0,0,ESDB_V0_4
2267,2335,begins,-10.0613,1,PASS,35,,v,begin,FORM,,MASTER,0,1,0,,begin,,,1,0,0,ESDB_V0_4
2268,2336,branch,-10.0613,1,PASS,35,50,n_v,branch,LEMMA,,MASTER,0,1,0,ranch,,,,1,0,0,ESDB_V0_4
2269,2337,capable,-10.0613,1,PASS,35,,aj,capable,LEMMA,,MASTER,0,0,0,,,,,0,0,0,ESDB_V0_4
2270,2338,classic,-10.0613,1,PASS,35,,n;aj,classic,LEMMA,,MASTER,0,1,1,,,,classics,0,1,1,ESDB_V0_4
2271,2339,cook,-10.0613,1,PASS,35,50,n_v,cook,LEMMA,,MASTER,0,1,1,,,,cooks,0,1,1,ESDB_V0_4
2272,2340,download,-10.0613,1,PASS,40,,n_v,download,LEMMA,,MASTER,0,1,1,,,,downloads,0,1,1,ESDB_V0_4
2273,2341,drama,-10.0613,1,PASS,35,,n,drama,LEMMA,,MASTER,0,1,1,,,,dramas,0,1,1,ESDB_V0_4
2274,2342,dying,-10.0613,1,PASS,35,,v;n,die;dying,FORM;LEMMA,,MASTER,0,0,0,,,,,0,0,0,ESDB_V0_4
2275,2343,elected,-10.0613,1,PASS,35,,v;aj,elect;elected,FORM;LEMMA,,MASTER,0,1,1,,,selected,,0,1,0,ESDB_V0_4
2276,2344,employment,-10.0613,1,PASS,35,,n,employment,LEMMA,,MASTER,0,0,0,,,,,0,0,0,ESDB_V0_4
2277,2345,ending,-10.0613,1,PASS,35,,n_v;n,end;ending,FORM;LEMMA,,MASTER,0,1,1,,,sending;pending;lending;bending;vending;tending,endings,0,7,1,ESDB_V0_4
2278,2346,era,-10.0613,1,PASS,35,50,n,era,LEMMA,,MASTER,0,0,0,,,,,0,0,0,ESDB_V0_4
2279,2347,error,-10.0613,1,PASS,35,,n,error,LEMMA,,MASTER,0,1,1,,,terror,errors,0,2,1,ESDB_V0_4
2280,2348,expressed,-10.0613,1,PASS,35,,n_v;aj,express;expressed,FORM;LEMMA,,MASTER,0,0,0,,,,,0,0,0,ESDB_V0_4
2281,2349,feed,-10.0613,1,PASS,35,,n_v,feed,LEMMA,,MASTER,0,1,1,,fee,,feeds,1,1,1,ESDB_V0_4
2282,2350,forgot,-10.0613,1,PASS,35,,v,forget,FORM,,MASTER,0,0,0,,,,,0,0,0,ESDB_V0_4
2283,2351,grown,-10.0613,1,PASS,35,,v;aj,grow;grown,FORM;LEMMA,,MASTER,0,1,0,,grow,,,1,0,0,ESDB_V0_4
2284,2352,hits,-10.0613,1,PASS,35,,n_v,hit,FORM,,MASTER,0,1,1,its,hit,shits,,2,1,0,ESDB_V0_4
2285,2353,hole,-10.0613,1,PASS,35,,n_v,hole,LEMMA,,MASTER,0,1,1,ole,,whole,holes,1,2,1,ESDB_V0_4
2286,2354,honor,-10.0613,1,PASS,35,,n_v;a,honor,LEMMA,,MASTER,0,1,1,,,,honors,0,1,1,ESDB_V0_4
2287,2355,hoping,-10.0613,1,PASS,35,,n_v,hope,FORM,,MASTER,0,0,0,,,,,0,0,0,ESDB_V0_4
2288,2356,illegal,-10.0613,1,PASS,35,,n;aj,illegal,LEMMA,,MASTER,0,0,0,,,,,0,0,0,ESDB_V0_4
2289,2357,independence,-10.0613,1,PASS,35,50,n,independence,LEMMA,,MASTER,0,0,0,,,,,0,0,0,ESDB_V0_4
2290,2358,instance,-10.0613,1,PASS,35,,n_v,instance,LEMMA,,MASTER,0,1,1,,,,instances,0,1,1,ESDB_V0_4
2291,2359,kitchen,-10.0613,1,PASS,35,,n;a,kitchen,LEMMA,,MASTER,0,1,1,,,,kitchens,0,1,1,ESDB_V0_4
2292,2360,listening,-10.0613,1,PASS,35,,n_v;n,listen;listening,FORM;LEMMA,,MASTER,0,0,0,,,,,0,0,0,ESDB_V0_4
2293,2361,opposite,-10.0613,1,PASS,35,,n;aj_av;pp,opposite,LEMMA,,MASTER,0,0,0,,,,,0,0,0,ESDB_V0_4
2294,2362,programme,-10.0613,0,NOT_EXACT_EN_US,,,,,,,REJECTED_AUTO,0,0,0,,,,,0,0,0,ESDB_V0_4
2295,2363,represent,-10.0613,1,PASS,35,,v,represent,LEMMA,,MASTER,0,1,1,,,,represents,0,1,1,ESDB_V0_4
2296,2364,selection,-10.0613,1,PASS,35,,n,selection,LEMMA,,MASTER,0,1,1,election,,,selections,1,1,1,ESDB_V0_4
2297,2365,sharing,-10.0613,1,PASS,35,,n_v;n;aj,share;sharing,FORM;LEMMA,,MASTER,0,0,0,,,,,0,0,0,ESDB_V0_4
2298,2366,soviet,-10.0613,0,CASE_FREQ_COLLISION,50,40,n;a,soviet,LEMMA,,REJECTED_AUTO,0,0,0,,,,,0,0,0,ESDB_V0_4
2299,2367,split,-10.0613,1,PASS,35,,n_v;aj,split,LEMMA;FORM,,MASTER,0,1,1,,,,splits,0,1,1,ESDB_V0_4
2300,2368,stadium,-10.0613,1,PASS,35,,n,stadium,LEMMA,,MASTER,0,1,1,,,,stadiums,0,1,1,ESDB_V0_4
2301,2369,testing,-10.0613,1,PASS,35,,n_v;n,test;testing,FORM;LEMMA,,MASTER,0,0,0,,,,,0,0,0,ESDB_V0_4
2302,2370,theme,-10.0613,1,PASS,35,,n,theme,LEMMA,,MASTER,0,1,1,,them,,themes,1,1,1,ESDB_V0_4
2303,2371,threat,-10.0613,1,PASS,35,,n,threat,LEMMA,,MASTER,0,1,1,,,,threats,0,1,1,ESDB_V0_4
2304,2372,votes,-10.0613,1,PASS,35,,n_v,vote,FORM,,MASTER,0,1,0,,vote,,,1,0,0,ESDB_V0_4
2305,2373,writer,-10.0613,1,PASS,35,,n,writer,LEMMA,,MASTER,0,1,1,,write,,writers,1,1,1,ESDB_V0_4
2306,2374,adopted,-10.085,1,PASS,35,,v;aj,adopt;adopted,FORM;LEMMA,,MASTER,0,0,0,,,,,0,0,0,ESDB_V0_4
2307,2375,brazil,-10.085,0,NOT_EXACT_EN_US,,,,,,,REJECTED_AUTO,0,0,0,,,,,0,0,0,ESDB_V0_4
2308,2376,controlled,-10.085,1,PASS,35,,n_v;aj,control;controlled,FORM;LEMMA,,MASTER,0,0,0,,,,,0,0,0,ESDB_V0_4
2309,2377,corporate,-10.085,1,PASS,35,,aj,corporate,LEMMA,,MASTER,0,0,0,,,,,0,0,0,ESDB_V0_4
2310,2378,creation,-10.085,1,PASS,35,50,n,creation,LEMMA,,MASTER,0,1,1,,,,creations,0,1,1,ESDB_V0_4
2311,2379,creative,-10.085,1,PASS,35,,n;aj,creative,LEMMA,,MASTER,0,0,0,,,,,0,0,0,ESDB_V0_4
2312,2380,danger,-10.085,1,PASS,35,,n,danger,LEMMA,,MASTER,0,1,1,anger,,,dangers,1,1,1,ESDB_V0_4
2313,2381,declared,-10.085,1,PASS,35,,v;aj,declare;declared,FORM;LEMMA,,MASTER,0,1,0,,declare,,,1,0,0,ESDB_V0_4
2314,2382,documents,-10.085,1,PASS,35,,n_v,document,FORM,,MASTER,0,1,0,,document,,,1,0,0,ESDB_V0_4
2315,2383,educational,-10.085,1,PASS,35,,aj,educational,LEMMA,,MASTER,0,0,0,,,,,0,0,0,ESDB_V0_4
2316,2384,essential,-10.085,1,PASS,35,,n;aj,essential,LEMMA,,MASTER,0,1,1,,,,essentials,0,1,1,ESDB_V0_4
2317,2385,existence,-10.085,1,PASS,35,,n,existence,LEMMA,,MASTER,0,0,0,,,,,0,0,0,ESDB_V0_4
2318,2386,expression,-10.085,1,PASS,35,,n,expression,LEMMA,,MASTER,0,1,1,,,,expressions,0,1,1,ESDB_V0_4
2319,2387,facilities,-10.085,1,PASS,35,,n,facility,FORM,,MASTER,0,0,0,,,,,0,0,0,ESDB_V0_4
2320,2388,fail,-10.085,1,PASS,35,,n_v,fail,LEMMA,,MASTER,0,1,1,,,,fails,0,1,1,ESDB_V0_4
2321,2389,fill,-10.085,1,PASS,35,,n;v,fill,LEMMA,,MASTER,0,1,1,ill,,,fills,1,1,1,ESDB_V0_4
2322,2390,gender,-10.085,1,PASS,35,,n,gender,LEMMA,,MASTER,0,0,0,,,,,0,0,0,ESDB_V0_4
2323,2391,golden,-10.085,1,PASS,35,50,aj,golden,LEMMA,,MASTER,0,0,0,,,,,0,0,0,ESDB_V0_4
2324,2392,ireland,-10.085,0,NOT_EXACT_EN_US,,,,,,,REJECTED_AUTO,0,0,0,,,,,0,0,0,ESDB_V0_4
2325,2393,keeps,-10.085,1,PASS,35,,n_v,keep,FORM,,MASTER,0,1,0,,keep,,,1,0,0,ESDB_V0_4
2326,2394,korea,-10.085,0,NOT_EXACT_EN_US,,,,,,,REJECTED_AUTO,0,0,0,,,,,0,0,0,ESDB_V0_4
2327,2395,ma,-10.085,1,PASS,35,35,n,ma,LEMMA,,MASTER,0,1,1,a,,,may;man;map;mad;mar;mat;mag;mas,1,8,1,ESDB_V0_4
2328,2396,max,-10.085,0,CASE_FREQ_COLLISION,40,40,n;v;a,max,LEMMA,,REJECTED_AUTO,0,0,0,,,,,0,0,0,ESDB_V0_4
2329,2397,maximum,-10.085,1,PASS,35,,n;aj,maximum,LEMMA,,MASTER,0,0,0,,,,,0,0,0,ESDB_V0_4
2330,2398,meat,-10.085,1,PASS,35,,n,meat,LEMMA,,MASTER,0,1,1,eat,,,meats,1,1,1,ESDB_V0_4
2331,2399,medium,-10.085,1,PASS,35,,aj;n,medium,LEMMA,,MASTER,0,0,0,,,,,0,0,0,ESDB_V0_4
2332,2400,minor,-10.085,1,PASS,35,,n_v;aj,minor,LEMMA,,MASTER,0,1,1,,,,minors,0,1,1,ESDB_V0_4
2333,2401,mixed,-10.085,1,PASS,35,,n_v;aj,mix;mixed,FORM;LEMMA,,MASTER,0,0,0,,,,,0,0,0,ESDB_V0_4
2334,2402,passing,-10.085,1,PASS,35,,n_v;n,pass;passing,FORM;LEMMA,,MASTER,0,0,0,,,,,0,0,0,ESDB_V0_4
2335,2403,personnel,-10.085,1,PASS,35,,n;a,personnel,LEMMA,,MASTER,0,0,0,,,,,0,0,0,ESDB_V0_4
2336,2404,plenty,-10.085,1,PASS,35,,av;pn,plenty,LEMMA,,MASTER,0,0,0,,,,,0,0,0,ESDB_V0_4
2337,2405,pulled,-10.085,1,PASS,35,,n_v,pull,FORM,,MASTER,0,0,0,,,,,0,0,0,ESDB_V0_4
2338,2406,relevant,-10.085,1,PASS,35,,aj,relevant,LEMMA,,MASTER,0,0,0,,,,,0,0,0,ESDB_V0_4
2339,2407,represented,-10.085,1,PASS,35,,v;aj,represent;represented,FORM;LEMMA,,MASTER,0,0,0,,,,,0,0,0,ESDB_V0_4
2340,2408,reserve,-10.085,1,PASS,35,,n_v;a,reserve,LEMMA,,MASTER,0,1,1,,,preserve,reserves;reserved,0,3,2,ESDB_V0_4
2341,2409,residents,-10.085,1,PASS,35,,n,resident,FORM,,MASTER,0,1,1,,resident,presidents,,1,1,0,ESDB_V0_4
2342,2410,row,-10.085,1,PASS,35,,n_v,row,LEMMA,,MASTER,0,1,1,ow,,grow;crow;brow,rows,1,4,1,ESDB_V0_4
2343,2411,shoes,-10.085,1,PASS,35,,n;v,shoe,FORM,,MASTER,0,1,0,,shoe,,,1,0,0,ESDB_V0_4
2344,2412,signal,-10.085,1,PASS,35,,n_v;aj,signal,LEMMA,,MASTER,0,1,1,,,,signals,0,1,1,ESDB_V0_4
2345,2413,slowly,-10.085,1,PASS,35,,av,slowly,LEMMA,,MASTER,0,1,0,lowly,,,,1,0,0,ESDB_V0_4
2346,2414,spoke,-10.085,1,PASS,35,,v;n,speak;spoke,FORM;LEMMA,,MASTER,0,1,1,poke,,,spoken,1,1,0,ESDB_V0_4
2347,2415,understood,-10.085,1,PASS,35,,v;aj,understand;understood,FORM;LEMMA,,MASTER,0,0,0,,,,,0,0,0,ESDB_V0_4
2348,2416,williams,-10.085,0,NOT_EXACT_EN_US,,,,,,,REJECTED_AUTO,0,0,0,,,,,0,0,0,ESDB_V0_4
2349,2417,answers,-10.1093,1,PASS,35,,n_v,answer,FORM,,MASTER,0,1,0,,answer,,,1,0,0,ESDB_V0_4
2350,2418,appointed,-10.1093,1,PASS,35,,v;aj,appoint;appointed,FORM;LEMMA,,MASTER,0,0,0,,,,,0,0,0,ESDB_V0_4
2351,2419,arrested,-10.1093,1,PASS,35,,n_v,arrest,FORM,,MASTER,0,0,0,,,,,0,0,0,ESDB_V0_4
2352,2420,asian,-10.1093,0,NOT_EXACT_EN_US,,,,,,,REJECTED_AUTO,0,0,0,,,,,0,0,0,ESDB_V0_4
2353,2421,attitude,-10.1093,1,PASS,35,,n,attitude,LEMMA,,MASTER,0,1,1,,,,attitudes,0,1,1,ESDB_V0_4
2354,2422,blame,-10.1093,1,PASS,35,,n;v,blame,LEMMA,,MASTER,0,1,1,lame,,,blamed;blames,1,2,2,ESDB_V0_4
2355,2423,blog,-10.1093,0,SPECIAL_ONLY,35,,n_v,blog,LEMMA,,REJECTED_AUTO,0,0,0,,,,,0,0,0,ESDB_V0_4
2356,2424,bob,-10.1093,1,PASS,35,50,n_v;n,bob,LEMMA;FORM,,MASTER,0,0,0,,,,,0,0,0,ESDB_V0_4
2357,2425,boston,-10.1093,0,NOT_EXACT_EN_US,,,,,,,REJECTED_AUTO,0,0,0,,,,,0,0,0,ESDB_V0_4
2358,2426,brings,-10.1093,1,PASS,35,,v,bring,FORM,,MASTER,0,1,0,rings,bring,,,2,0,0,ESDB_V0_4
2359,2427,conduct,-10.1093,1,PASS,35,,n;v,conduct,LEMMA,,MASTER,0,1,1,,,,conducts,0,1,1,ESDB_V0_4
2360,2428,considering,-10.1093,1,PASS,35,,v;c;pp,consider;considering,FORM;LEMMA,,MASTER,0,0,0,,,,,0,0,0,ESDB_V0_4
2361,2429,constitution,-10.1093,1,PASS,35,40,n,constitution,LEMMA,,MASTER,0,0,0,,,,,0,0,0,ESDB_V0_4
2362,2430,daniel,-10.1093,0,NOT_EXACT_EN_US,,,,,,,REJECTED_AUTO,0,0,0,,,,,0,0,0,ESDB_V0_4
2363,2431,des,-10.1093,0,NOT_EXACT_EN_US,,,,,,,REJECTED_AUTO,0,0,0,,,,,0,0,0,ESDB_V0_4
2364,2432,desire,-10.1093,1,PASS,35,,n_v,desire,LEMMA,,MASTER,0,1,1,,,,desired;desires,0,2,2,ESDB_V0_4
2365,2433,directed,-10.1093,1,PASS,35,,v;aj,direct;directed,FORM;LEMMA,,MASTER,0,0,0,,,,,0,0,0,ESDB_V0_4
2366,2434,electric,-10.1093,1,PASS,35,,aj,electric,LEMMA,,MASTER,0,0,0,,,,,0,0,0,ESDB_V0_4
2367,2435,extreme,-10.1093,1,PASS,35,,n;aj,extreme,LEMMA,,MASTER,0,1,1,,,,extremes,0,1,1,ESDB_V0_4
2368,2436,faster,-10.1093,1,PASS,35,,aj_av,fast,FORM,,MASTER,0,0,0,,,,,0,0,0,ESDB_V0_4
2369,2437,finance,-10.1093,1,PASS,35,,n_v,finance,LEMMA,,MASTER,0,1,1,,,,finances;financed,0,2,2,ESDB_V0_4
2370,2438,focused,-10.1093,1,PASS,35,,v;aj,focus;focused,FORM;LEMMA,,MASTER,0,0,0,,,,,0,0,0,ESDB_V0_4
2371,2439,index,-10.1093,1,PASS,35,,n;v,index,LEMMA,,MASTER,0,0,0,,,,,0,0,0,ESDB_V0_4
2372,2440,liberal,-10.1093,1,PASS,35,60,n;aj,liberal,LEMMA,,MASTER,0,1,1,,,,liberals,0,1,1,ESDB_V0_4
2373,2441,lying,-10.1093,1,PASS,35,,v;n,lie;lying,FORM;LEMMA,,MASTER,0,1,1,,,flying,,0,1,0,ESDB_V0_4
2374,2442,marine,-10.1093,1,PASS,35,40,n;aj,marine,LEMMA,,MASTER,0,1,1,,,,marines,0,1,1,ESDB_V0_4
2375,2443,mayor,-10.1093,1,PASS,35,,n,mayor,LEMMA,,MASTER,0,1,1,,mayo,,mayors,1,1,1,ESDB_V0_4
2376,2444,neck,-10.1093,1,PASS,35,,n_v,neck,LEMMA,,MASTER,0,1,1,,,,necks,0,1,1,ESDB_V0_4
2377,2445,object,-10.1093,1,PASS,35,,n_v,object,LEMMA,,MASTER,0,1,1,,,,objects,0,1,1,ESDB_V0_4
2378,2446,offering,-10.1093,1,PASS,35,,n_v;n,offer;offering,FORM;LEMMA,,MASTER,0,1,1,,,,offerings,0,1,1,ESDB_V0_4
2379,2447,pack,-10.1093,1,PASS,35,,n_v;a,pack,LEMMA,,MASTER,0,1,1,,,,packs,0,1,1,ESDB_V0_4
2380,2448,permanent,-10.1093,1,PASS,35,,n;aj,permanent,LEMMA,,MASTER,0,0,0,,,,,0,0,0,ESDB_V0_4
2381,2449,properties,-10.1093,1,PASS,35,,n,property,FORM,,MASTER,0,0,0,,,,,0,0,0,ESDB_V0_4
2382,2450,reply,-10.1093,1,PASS,35,,n_v,reply,LEMMA,,MASTER,0,0,0,,,,,0,0,0,ESDB_V0_4
2383,2451,sat,-10.1093,1,PASS,35,40,v,sit,FORM,,MASTER,0,1,0,at,,,,1,0,0,ESDB_V0_4
2384,2452,scared,-10.1093,1,PASS,35,,n_v;aj,scare;scared,FORM;LEMMA,,MASTER,0,1,0,cared,scare,,,2,0,0,ESDB_V0_4
2385,2453,senate,-10.1093,1,PASS,35,40,n,senate,LEMMA,,MASTER,0,0,0,,,,,0,0,0,ESDB_V0_4
2386,2454,shopping,-10.1093,1,PASS,35,,n_v;n,shop;shopping,FORM;LEMMA,,MASTER,0,1,0,hopping,,,,1,0,0,ESDB_V0_4
2387,2455,singing,-10.1093,1,PASS,35,,n_v;n,sing;singing,FORM;LEMMA,,MASTER,0,0,0,,,,,0,0,0,ESDB_V0_4
2388,2456,smile,-10.1093,1,PASS,35,,n_v,smile,LEMMA,,MASTER,0,1,1,mile,,,smiles;smiled;smiley,1,3,2,ESDB_V0_4
2389,2457,soft,-10.1093,1,PASS,35,,aj_av;i,soft,LEMMA,,MASTER,0,0,0,,,,,0,0,0,ESDB_V0_4
2390,2458,squad,-10.1093,1,PASS,35,,n,squad,LEMMA,,MASTER,0,1,1,quad,,,squads,1,1,1,ESDB_V0_4
2391,2459,stands,-10.1093,1,PASS,35,,n_v,stand,FORM,,MASTER,0,1,0,,stand,,,1,0,0,ESDB_V0_4
2392,2460,statistics,-10.1093,1,PASS,35,,n,statistic,FORM,,MASTER,0,1,0,,statistic,,,1,0,0,ESDB_V0_4
2393,2461,suit,-10.1093,1,PASS,35,,n_v,suit,LEMMA,,MASTER,0,1,1,,,,suits;suite,0,2,1,ESDB_V0_4
2394,2462,taxes,-10.1093,1,PASS,35,,n_v,tax,FORM,,MASTER,0,1,0,axes,,,,1,0,0,ESDB_V0_4
2395,2463,taylor,-10.1093,0,NOT_EXACT_EN_US,,,,,,,REJECTED_AUTO,0,0,0,,,,,0,0,0,ESDB_V0_4
2396,2465,tony,-10.1093,0,CASE_FREQ_COLLISION,50,50,a,tony,LEMMA,,REJECTED_AUTO,0,0,0,,,,,0,0,0,ESDB_V0_4
2397,2466,tuesday,-10.1093,0,NOT_EXACT_EN_US,,,,,,,REJECTED_AUTO,0,0,0,,,,,0,0,0,ESDB_V0_4
2398,2467,victim,-10.1093,1,PASS,35,,n,victim,LEMMA,,MASTER,0,1,1,,,,victims,0,1,1,ESDB_V0_4
2399,2468,voting,-10.1093,1,PASS,35,,n_v;n,vote;voting,FORM;LEMMA,,MASTER,0,0,0,,,,,0,0,0,ESDB_V0_4
2400,2469,walls,-10.1093,1,PASS,35,50,n_v,wall,FORM,,MASTER,0,1,0,,wall,,,1,0,0,ESDB_V0_4
2401,2470,whenever,-10.1093,1,PASS,35,,a;c,whenever,LEMMA,,MASTER,0,0,0,,,,,0,0,0,ESDB_V0_4
2402,2471,affect,-10.1316,1,PASS,35,,n_v,affect,LEMMA,,MASTER,0,1,1,,,,affects,0,1,1,ESDB_V0_4
2403,2472,allowing,-10.1316,1,PASS,35,,v,allow,FORM,,MASTER,0,0,0,,,,,0,0,0,ESDB_V0_4
2404,2473,assistant,-10.1316,1,PASS,35,,n;aj,assistant,LEMMA,,MASTER,0,1,1,,,,assistants,0,1,1,ESDB_V0_4
2405,2474,behavior,-10.1316,1,PASS,35,,n,behavior,LEMMA,,MASTER,0,1,1,,,,behaviors,0,1,1,ESDB_V0_4
2406,2475,broad,-10.1316,1,PASS,35,,n;aj,broad,LEMMA,,MASTER,0,1,1,road,,abroad,,1,1,0,ESDB_V0_4
2407,2476,catholic,-10.1316,1,PASS,35,35,aj,catholic,LEMMA,,MASTER,0,0,0,,,,,0,0,0,ESDB_V0_4
2408,2477,combination,-10.1316,1,PASS,35,,n,combination,LEMMA,,MASTER,0,1,1,,,,combinations,0,1,1,ESDB_V0_4
2409,2478,cry,-10.1316,1,PASS,35,,n_v,cry,LEMMA,,MASTER,0,0,0,,,,,0,0,0,ESDB_V0_4
2410,2479,dealing,-10.1316,1,PASS,35,,n_v;n,deal;dealing,FORM;LEMMA,,MASTER,0,1,1,,,,dealings,0,1,1,ESDB_V0_4
2411,2480,describe,-10.1316,1,PASS,35,,v,describe,LEMMA,,MASTER,0,1,1,,,,described;describes,0,2,2,ESDB_V0_4
2412,2481,empty,-10.1316,1,PASS,35,,n_v;aj,empty,LEMMA,,MASTER,0,0,0,,,,,0,0,0,ESDB_V0_4
2413,2482,familiar,-10.1316,1,PASS,35,,n;aj,familiar,LEMMA,,MASTER,0,0,0,,,,,0,0,0,ESDB_V0_4
2414,2483,fantastic,-10.1316,1,PASS,35,,aj,fantastic,LEMMA,,MASTER,0,0,0,,,,,0,0,0,ESDB_V0_4
2415,2484,fault,-10.1316,1,PASS,35,,n_v,fault,LEMMA,,MASTER,0,1,1,,,,faults;faulty,0,2,1,ESDB_V0_4
2416,2485,finds,-10.1316,1,PASS,35,,n_v,find,FORM,,MASTER,0,1,0,,find,,,1,0,0,ESDB_V0_4
2417,2486,fox,-10.1316,1,PASS,35,50,n_v,fox,LEMMA,,MASTER,0,1,0,ox,,,,1,0,0,ESDB_V0_4
2418,2487,hang,-10.1316,1,PASS,35,,n;v,hang,LEMMA,,MASTER,0,1,1,,,,hangs,0,1,1,ESDB_V0_4
2419,2488,homes,-10.1316,1,PASS,35,,n_v,home,FORM,,MASTER,0,1,0,,home,,,1,0,0,ESDB_V0_4
2420,2489,latter,-10.1316,1,PASS,35,,d,latter,LEMMA,,MASTER,0,1,1,,,flatter,,0,1,0,ESDB_V0_4
2421,2490,lights,-10.1316,1,PASS,35,,n_v,light,FORM,,MASTER,0,1,1,,light,flights,,1,1,0,ESDB_V0_4
2422,2491,normally,-10.1316,1,PASS,35,,av,normally,LEMMA,,MASTER,0,0,0,,,,,0,0,0,ESDB_V0_4
2423,2492,pleasure,-10.1316,1,PASS,35,,n_v,pleasure,LEMMA,,MASTER,0,1,1,,,,pleasures,0,1,1,ESDB_V0_4
2424,2493,properly,-10.1316,1,PASS,35,,av,properly,LEMMA,,MASTER,0,0,0,,,,,0,0,0,ESDB_V0_4
2425,2494,realized,-10.1316,1,PASS,35,,v;aj,realize;realized,FORM;LEMMA,,MASTER,0,1,0,,realize,,,1,0,0,ESDB_V0_4
2426,2495,reasonable,-10.1316,1,PASS,35,,aj,reasonable,LEMMA,,MASTER,0,0,0,,,,,0,0,0,ESDB_V0_4
2427,2496,regions,-10.1316,1,PASS,35,,n,region,FORM,,MASTER,0,1,0,,region,,,1,0,0,ESDB_V0_4
2428,2497,replaced,-10.1316,1,PASS,35,,v,replace,FORM,,MASTER,0,1,0,,replace,,,1,0,0,ESDB_V0_4
2429,2498,representatives,-10.1316,1,PASS,35,,n,representative,FORM,,MASTER,0,1,0,,representative,,,1,0,0,ESDB_V0_4
2430,2499,schedule,-10.1316,1,PASS,35,,n_v,schedule,LEMMA,,MASTER,0,1,1,,,,scheduled;schedules,0,2,2,ESDB_V0_4
2431,2500,scored,-10.1316,1,PASS,35,,n_v,score,FORM,,MASTER,0,1,0,,score,,,1,0,0,ESDB_V0_4
2432,2501,stream,-10.1316,1,PASS,35,,n_v,stream,LEMMA,,MASTER,0,1,1,,,,streams,0,1,1,ESDB_V0_4
2433,2502,thursday,-10.1316,0,NOT_EXACT_EN_US,,,,,,,REJECTED_AUTO,0,0,0,,,,,0,0,0,ESDB_V0_4
2434,2503,vehicles,-10.1316,1,PASS,35,,n,vehicle,FORM,,MASTER,0,1,0,,vehicle,,,1,0,0,ESDB_V0_4
2435,2504,worried,-10.1316,1,PASS,35,,aj;n_v,worried;worry,LEMMA;FORM,,MASTER,0,0,0,,,,,0,0,0,ESDB_V0_4
2436,2505,zero,-10.1316,1,PASS,35,,n;v,zero,LEMMA,,MASTER,0,0,0,,,,,0,0,0,ESDB_V0_4
2437,2506,applications,-10.1545,1,PASS,35,,n,application,FORM,,MASTER,0,1,0,,application,,,1,0,0,ESDB_V0_4
2438,2507,approved,-10.1545,1,PASS,35,,v;aj,approve;approved,FORM;LEMMA,,MASTER,0,1,0,,approve,,,1,0,0,ESDB_V0_4
2439,2508,assistance,-10.1545,1,PASS,35,,n,assistance,LEMMA,,MASTER,0,0,0,,,,,0,0,0,ESDB_V0_4
2440,2509,assume,-10.1545,1,PASS,35,,v,assume,LEMMA,,MASTER,0,1,1,,,,assumed;assumes,0,2,2,ESDB_V0_4
2441,2510,blow,-10.1545,1,PASS,35,,n_v,blow,LEMMA,,MASTER,0,1,1,low,,,blown;blows,1,2,2,ESDB_V0_4
2442,2511,breakfast,-10.1545,1,PASS,35,,n_v,breakfast,LEMMA,,MASTER,0,0,0,,,,,0,0,0,ESDB_V0_4
2443,2512,ca,-10.1545,0,NO_ESDB_GENERAL_EVIDENCE,,,,,,,REJECTED_AUTO,0,0,0,,,,,0,0,0,ESDB_V0_4
2444,2513,careful,-10.1545,1,PASS,35,,aj,careful,LEMMA,,MASTER,0,0,0,,,,,0,0,0,ESDB_V0_4
2445,2514,champion,-10.1545,1,PASS,35,,n_v;aj,champion,LEMMA,,MASTER,0,1,1,,,,champions,0,1,1,ESDB_V0_4
2446,2515,charged,-10.1545,1,PASS,35,,n_v;aj,charge;charged,FORM;LEMMA,,MASTER,0,1,0,,charge,,,1,0,0,ESDB_V0_4
2447,2516,client,-10.1545,1,PASS,35,,n,client,LEMMA,,MASTER,0,1,1,,,,clients,0,1,1,ESDB_V0_4
2448,2517,conducted,-10.1545,1,PASS,35,,v,conduct,FORM,,MASTER,0,0,0,,,,,0,0,0,ESDB_V0_4
2449,2518,customer,-10.1545,1,PASS,35,,n,customer,LEMMA,,MASTER,0,1,1,,,,customers,0,1,1,ESDB_V0_4
2450,2519,cycle,-10.1545,1,PASS,35,,n_v,cycle,LEMMA,,MASTER,0,1,1,,,,cycles,0,1,1,ESDB_V0_4
2451,2520,delivered,-10.1545,1,PASS,35,,v,deliver,FORM,,MASTER,0,0,0,,,,,0,0,0,ESDB_V0_4
2452,2521,democracy,-10.1545,1,PASS,35,,n,democracy,LEMMA,,MASTER,0,0,0,,,,,0,0,0,ESDB_V0_4
2453,2522,depending,-10.1545,1,PASS,35,,v,depend,FORM,,MASTER,0,0,0,,,,,0,0,0,ESDB_V0_4
2454,2523,deputy,-10.1545,1,PASS,35,,n;a,deputy,LEMMA,,MASTER,0,0,0,,,,,0,0,0,ESDB_V0_4
2455,2524,devices,-10.1545,1,PASS,35,,n,device,FORM,,MASTER,0,1,0,,device,,,1,0,0,ESDB_V0_4
2456,2525,diet,-10.1545,1,PASS,35,,n_v;a,diet,LEMMA,,MASTER,0,1,1,,die,,diets,1,1,1,ESDB_V0_4
2457,2526,differences,-10.1545,1,PASS,35,,n,difference,FORM,,MASTER,0,1,0,,difference,,,1,0,0,ESDB_V0_4
2458,2527,don,-10.1545,1,PASS,35,50,n;v,don,LEMMA,,MASTER,0,1,1,on,do,,done;dong,2,2,0,ESDB_V0_4
2459,2528,experiences,-10.1545,1,PASS,35,,n_v,experience,FORM,,MASTER,0,1,0,,experience,,,1,0,0,ESDB_V0_4
2460,2529,falls,-10.1545,1,PASS,35,,n_v;n,fall;falls,FORM;LEMMA,,MASTER,0,1,0,,fall,,,1,0,0,ESDB_V0_4
2461,2530,favor,-10.1545,1,PASS,35,,n_v,favor,LEMMA,,MASTER,0,1,1,,,,favors,0,1,1,ESDB_V0_4
2462,2531,films,-10.1545,1,PASS,35,,n_v,film,FORM,,MASTER,0,1,0,,film,,,1,0,0,ESDB_V0_4
2463,2532,fired,-10.1545,1,PASS,35,,n_v;aj,fire;fired,FORM;LEMMA,,MASTER,0,1,0,,fire,,,1,0,0,ESDB_V0_4
2464,2533,florida,-10.1545,0,NOT_EXACT_EN_US,,,,,,,REJECTED_AUTO,0,0,0,,,,,0,0,0,ESDB_V0_4
2465,2534,flowers,-10.1545,1,PASS,35,50,n_v,flower,FORM,,MASTER,0,1,0,lowers,flower,,,2,0,0,ESDB_V0_4
2466,2535,functions,-10.1545,1,PASS,35,,n_v,function,FORM,,MASTER,0,1,0,,function,,,1,0,0,ESDB_V0_4
2467,2536,guilty,-10.1545,1,PASS,35,,aj,guilty,LEMMA,,MASTER,0,1,0,,guilt,,,1,0,0,ESDB_V0_4
2468,2537,humans,-10.1545,1,PASS,35,,n,human,FORM,,MASTER,0,1,0,,human,,,1,0,0,ESDB_V0_4
2469,2538,jews,-10.1545,0,NOT_EXACT_EN_US,,,,,,,REJECTED_AUTO,0,0,0,,,,,0,0,0,ESDB_V0_4
2470,2539,jim,-10.1545,0,NOT_EXACT_EN_US,,,,,,,REJECTED_AUTO,0,0,0,,,,,0,0,0,ESDB_V0_4
2471,2540,kinda,-10.1545,1,PASS,35,,s,kinda,LEMMA,,MASTER,0,1,0,,kind,,,1,0,0,ESDB_V0_4
2472,2541,kiss,-10.1545,1,PASS,35,,n_v,kiss,LEMMA,,MASTER,0,0,0,,,,,0,0,0,ESDB_V0_4
2473,2542,languages,-10.1545,1,PASS,35,,n,language,FORM,,MASTER,0,1,0,,language,,,1,0,0,ESDB_V0_4
2474,2543,messages,-10.1545,1,PASS,35,,n_v,message,FORM,,MASTER,0,1,0,,message,,,1,0,0,ESDB_V0_4
2475,2544,opportunities,-10.1545,1,PASS,35,,n,opportunity,FORM,,MASTER,0,0,0,,,,,0,0,0,ESDB_V0_4
2476,2545,organized,-10.1545,1,PASS,35,,v;aj,organize;organized,FORM;LEMMA,,MASTER,0,1,0,,organize,,,1,0,0,ESDB_V0_4
2477,2546,perspective,-10.1545,1,PASS,35,,n;a,perspective,LEMMA,,MASTER,0,1,1,,,,perspectives,0,1,1,ESDB_V0_4
2478,2547,pilot,-10.1545,1,PASS,35,,n_v;a,pilot,LEMMA,,MASTER,0,1,1,,,,pilots,0,1,1,ESDB_V0_4
2479,2548,platform,-10.1545,1,PASS,35,,n_v,platform,LEMMA,,MASTER,0,1,1,,,,platforms,0,1,1,ESDB_V0_4
2480,2549,principles,-10.1545,1,PASS,35,,n,principle,FORM,,MASTER,0,1,0,,principle,,,1,0,0,ESDB_V0_4
2481,2550,pure,-10.1545,1,PASS,35,,aj,pure,LEMMA,,MASTER,0,0,0,,,,,0,0,0,ESDB_V0_4
2482,2551,purposes,-10.1545,1,PASS,35,,n_v,purpose,FORM,,MASTER,0,1,0,,purpose,,,1,0,0,ESDB_V0_4
2483,2552,resolution,-10.1545,1,PASS,35,,n,resolution,LEMMA,,MASTER,0,1,1,,,,resolutions,0,1,1,ESDB_V0_4
2484,2553,revenue,-10.1545,1,PASS,35,,n,revenue,LEMMA,,MASTER,0,1,1,,,,revenues,0,1,1,ESDB_V0_4
2485,2554,secondary,-10.1545,1,PASS,35,,n;aj,secondary,LEMMA,,MASTER,0,0,0,,,,,0,0,0,ESDB_V0_4
2486,2555,sending,-10.1545,1,PASS,35,,v;n,send;sending,FORM;LEMMA,,MASTER,0,1,0,ending,,,,1,0,0,ESDB_V0_4
2487,2556,serving,-10.1545,1,PASS,35,,n_v;n,serve;serving,FORM;LEMMA,,MASTER,0,0,0,,,,,0,0,0,ESDB_V0_4
2488,2557,ships,-10.1545,1,PASS,35,,n_v,ship,FORM,,MASTER,0,1,0,hips,ship,,,2,0,0,ESDB_V0_4
2489,2558,shirt,-10.1545,1,PASS,35,,n,shirt,LEMMA,,MASTER,0,1,1,,,,shirts,0,1,1,ESDB_V0_4
2490,2559,studio,-10.1545,1,PASS,35,,n,studio,LEMMA,,MASTER,0,1,1,,,,studios,0,1,1,ESDB_V0_4
2491,2560,suffering,-10.1545,1,PASS,35,,v;n,suffer;suffering,FORM;LEMMA,,MASTER,0,0,0,,,,,0,0,0,ESDB_V0_4
2492,2561,talked,-10.1545,1,PASS,35,,n_v,talk,FORM,,MASTER,0,0,0,,,,,0,0,0,ESDB_V0_4
2493,2562,tank,-10.1545,1,PASS,35,,n_v,tank,LEMMA,,MASTER,0,1,1,,tan,,tanks,1,1,1,ESDB_V0_4
2494,2563,tech,-10.1545,0,CASE_FREQ_COLLISION,60,50,n;a,tech,LEMMA,,REJECTED_AUTO,0,0,0,,,,,0,0,0,ESDB_V0_4
2495,2564,tools,-10.1545,1,PASS,35,,n_v,tool,FORM,,MASTER,0,1,0,,tool,,,1,0,0,ESDB_V0_4
2496,2565,toronto,-10.1545,0,NOT_EXACT_EN_US,,,,,,,REJECTED_AUTO,0,0,0,,,,,0,0,0,ESDB_V0_4
2497,2566,turkey,-10.1545,1,PASS,35,50,n,turkey,LEMMA,,MASTER,0,0,0,,,,,0,0,0,ESDB_V0_4
2498,2567,typical,-10.1545,1,PASS,35,,aj,typical,LEMMA,,MASTER,0,0,0,,,,,0,0,0,ESDB_V0_4
2499,2568,unfortunately,-10.1545,1,PASS,35,,av,unfortunately,LEMMA,,MASTER,0,0,0,,,,,0,0,0,ESDB_V0_4
2500,2569,universe,-10.1545,1,PASS,35,,n,universe,LEMMA,,MASTER,0,0,0,,,,,0,0,0,ESDB_V0_4
2501,2570,warning,-10.1545,1,PASS,35,,v;n,warn;warning,FORM;LEMMA,,MASTER,0,1,1,,,,warnings,0,1,1,ESDB_V0_4
2502,2571,wave,-10.1545,1,PASS,35,60,n_v,wave,LEMMA,,MASTER,0,1,1,,,,waves;waved,0,2,2,ESDB_V0_4
2503,2573,achieve,-10.1779,1,PASS,35,,v,achieve,LEMMA,,MASTER,0,1,1,,,,achieved;achieves,0,2,2,ESDB_V0_4
2504,2574,actor,-10.1779,1,PASS,35,,n,actor,LEMMA,,MASTER,0,1,1,,,factor,actors,0,2,1,ESDB_V0_4
2505,2575,alex,-10.1779,0,NOT_EXACT_EN_US,,,,,,,REJECTED_AUTO,0,0,0,,,,,0,0,0,ESDB_V0_4
2506,2576,basically,-10.1779,1,PASS,35,,av,basically,LEMMA,,MASTER,0,0,0,,,,,0,0,0,ESDB_V0_4
2507,2577,bomb,-10.1779,1,PASS,35,,n_v,bomb,LEMMA,,MASTER,0,1,1,,,,bombs,0,1,1,ESDB_V0_4
2508,2578,bowl,-10.1779,1,PASS,35,,n_v,bowl,LEMMA,,MASTER,0,1,1,owl,bow,,bowls,2,1,1,ESDB_V0_4
2509,2579,candidate,-10.1779,1,PASS,35,,n,candidate,LEMMA,,MASTER,0,1,1,,,,candidates,0,1,1,ESDB_V0_4
2510,2580,chicken,-10.1779,1,PASS,35,,n_v;aj,chicken,LEMMA,,MASTER,0,1,1,,,,chickens,0,1,1,ESDB_V0_4
2511,2581,cutting,-10.1779,1,PASS,35,,n_v;n,cut;cutting,FORM;LEMMA,,MASTER,0,0,0,,,,,0,0,0,ESDB_V0_4
2512,2582,dedicated,-10.1779,1,PASS,35,,v;aj,dedicate;dedicated,FORM;LEMMA,,MASTER,0,1,0,,dedicate,,,1,0,0,ESDB_V0_4
2513,2583,depends,-10.1779,1,PASS,35,,v,depend,FORM,,MASTER,0,1,0,,depend,,,1,0,0,ESDB_V0_4
2514,2584,detail,-10.1779,1,PASS,35,,n_v,detail,LEMMA,,MASTER,0,1,1,,,,details,0,1,1,ESDB_V0_4
2515,2585,dreams,-10.1779,1,PASS,35,,n_v,dream,FORM,,MASTER,0,1,0,,dream,,,1,0,0,ESDB_V0_4
2516,2586,du,-10.1779,0,NOT_EXACT_EN_US,,,,,,,REJECTED_AUTO,0,0,0,,,,,0,0,0,ESDB_V0_4
2517,2587,frame,-10.1779,1,PASS,35,,n_v;a,frame,LEMMA,,MASTER,0,1,1,,,,frames;framed,0,2,2,ESDB_V0_4
2518,2588,hundreds,-10.1779,1,PASS,35,,n,hundred,FORM,,MASTER,0,1,0,,hundred,,,1,0,0,ESDB_V0_4
2519,2589,immediate,-10.1779,1,PASS,35,,aj,immediate,LEMMA,,MASTER,0,0,0,,,,,0,0,0,ESDB_V0_4
2520,2590,improved,-10.1779,1,PASS,35,,v;aj,improve;improved,FORM;LEMMA,,MASTER,0,1,0,,improve,,,1,0,0,ESDB_V0_4
2521,2591,laid,-10.1779,1,PASS,35,,aj;n_v,laid;lay,LEMMA;FORM,,MASTER,0,1,1,aid,,plaid,,1,1,0,ESDB_V0_4
2522,2592,legislation,-10.1779,1,PASS,35,,n,legislation,LEMMA,,MASTER,0,0,0,,,,,0,0,0,ESDB_V0_4
2523,2593,load,-10.1779,1,PASS,35,,n_v,load,LEMMA,,MASTER,0,1,1,,,,loads,0,1,1,ESDB_V0_4
2524,2594,loves,-10.1779,1,PASS,35,,n;v,love,FORM,,MASTER,0,1,1,,love,gloves,,1,1,0,ESDB_V0_4
2525,2595,millions,-10.1779,1,PASS,35,,n,million,FORM,,MASTER,0,1,0,,million,,,1,0,0,ESDB_V0_4
2526,2596,nick,-10.1779,1,PASS,35,50,n_v,nick,LEMMA,,MASTER,0,0,0,,,,,0,0,0,ESDB_V0_4
2527,2597,noticed,-10.1779,1,PASS,35,,n_v;aj,notice;noticed,FORM;LEMMA,,MASTER,0,1,0,,notice,,,1,0,0,ESDB_V0_4
2528,2598,obtained,-10.1779,1,PASS,35,,v,obtain,FORM,,MASTER,0,0,0,,,,,0,0,0,ESDB_V0_4
2529,2599,occur,-10.1779,1,PASS,35,,v,occur,LEMMA,,MASTER,0,1,1,,,,occurs,0,1,1,ESDB_V0_4
2530,2600,prize,-10.1779,1,PASS,35,,n;v;aj;n_v,prize,LEMMA,,MASTER,0,1,1,,,,prizes;prized,0,2,2,ESDB_V0_4
2531,2601,recognized,-10.1779,1,PASS,35,,v;aj,recognize;recognized,FORM;LEMMA,,MASTER,0,1,0,,recognize,,,1,0,0,ESDB_V0_4
2532,2602,recovery,-10.1779,1,PASS,35,,n,recovery,LEMMA,,MASTER,0,1,0,,recover,,,1,0,0,ESDB_V0_4
2533,2603,representative,-10.1779,1,PASS,35,40,n;aj,representative,LEMMA,,MASTER,0,1,1,,,,representatives,0,1,1,ESDB_V0_4
2534,2604,resistance,-10.1779,1,PASS,35,60,n,resistance,LEMMA,,MASTER,0,0,0,,,,,0,0,0,ESDB_V0_4
2535,2605,roman,-10.1779,1,PASS,35,40,n;a,roman,LEMMA,,MASTER,0,0,0,,,,,0,0,0,ESDB_V0_4
2536,2606,rome,-10.1779,0,NOT_EXACT_EN_US,,,,,,,REJECTED_AUTO,0,0,0,,,,,0,0,0,ESDB_V0_4
2537,2607,salt,-10.1779,1,PASS,35,60,n_v;aj,salt,LEMMA,,MASTER,0,1,1,,,,salty;salts,0,2,1,ESDB_V0_4
2538,2608,scottish,-10.1779,0,NOT_EXACT_EN_US,,,,,,,REJECTED_AUTO,0,0,0,,,,,0,0,0,ESDB_V0_4
2539,2609,severe,-10.1779,1,PASS,35,,aj,severe,LEMMA,,MASTER,0,1,1,,,,severed,0,1,0,ESDB_V0_4
2540,2610,shift,-10.1779,1,PASS,35,,n_v,shift,LEMMA,,MASTER,0,1,1,,,,shifts,0,1,1,ESDB_V0_4
2541,2611,stations,-10.1779,1,PASS,35,,n_v,station,FORM,,MASTER,0,1,0,,station,,,1,0,0,ESDB_V0_4
2542,2612,ticket,-10.1779,1,PASS,35,,n_v,ticket,LEMMA,,MASTER,0,1,1,,,,tickets,0,1,1,ESDB_V0_4
2543,2613,tradition,-10.1779,1,PASS,35,,n,tradition,LEMMA,,MASTER,0,1,1,,,,traditions,0,1,1,ESDB_V0_4
2544,2614,updated,-10.1779,1,PASS,35,,n_v,update,FORM,,MASTER,0,1,0,,update,,,1,0,0,ESDB_V0_4
2545,2615,usual,-10.1779,1,PASS,35,,n;aj,usual,LEMMA,,MASTER,0,0,0,,,,,0,0,0,ESDB_V0_4
2546,2616,wars,-10.1779,1,PASS,35,,n_v,war,FORM,,MASTER,0,1,0,,war,,,1,0,0,ESDB_V0_4
2547,2617,wing,-10.1779,1,PASS,35,,n_v,wing,LEMMA,,MASTER,0,1,1,,win,swing;owing,wings,1,3,1,ESDB_V0_4
2548,2619,adam,-10.1992,0,NOT_EXACT_EN_US,,,,,,,REJECTED_AUTO,0,0,0,,,,,0,0,0,ESDB_V0_4
2549,2620,admit,-10.1992,1,PASS,35,,v,admit,LEMMA,,MASTER,0,1,1,,,,admits,0,1,1,ESDB_V0_4
2550,2621,adults,-10.1992,1,PASS,35,,n,adult,FORM,,MASTER,0,1,0,,adult,,,1,0,0,ESDB_V0_4
2551,2622,arrest,-10.1992,1,PASS,35,,n_v,arrest,LEMMA,,MASTER,0,1,1,,,,arrests,0,1,1,ESDB_V0_4
2552,2623,aside,-10.1992,1,PASS,35,,n;av,aside,LEMMA,,MASTER,0,1,0,side,,,,1,0,0,ESDB_V0_4
2553,2624,bible,-10.1992,1,PASS,35,40,n,bible,LEMMA,,MASTER,0,0,0,,,,,0,0,0,ESDB_V0_4
2554,2625,boyfriend,-10.1992,1,PASS,35,,n,boyfriend,LEMMA,,MASTER,0,1,1,,,,boyfriends,0,1,1,ESDB_V0_4
2555,2626,bright,-10.1992,1,PASS,35,50,aj_av,bright,LEMMA,,MASTER,0,1,0,right,,,,1,0,0,ESDB_V0_4
2556,2627,broadcast,-10.1992,1,PASS,35,,n_v;a,broadcast,LEMMA;FORM,,MASTER,0,1,1,,,,broadcasts,0,1,1,ESDB_V0_4
2557,2628,businesses,-10.1992,1,PASS,35,,n,business,FORM,,MASTER,0,0,0,,,,,0,0,0,ESDB_V0_4
2558,2629,calm,-10.1992,1,PASS,35,,n;v;aj,calm,LEMMA,,MASTER,0,0,0,,,,,0,0,0,ESDB_V0_4
2559,2630,category,-10.1992,1,PASS,35,,n,category,LEMMA,,MASTER,0,0,0,,,,,0,0,0,ESDB_V0_4
2560,2631,cheap,-10.1992,1,PASS,35,,aj,cheap,LEMMA,,MASTER,0,1,0,heap,,,,1,0,0,ESDB_V0_4
2561,2632,closely,-10.1992,1,PASS,35,,av,closely,LEMMA,,MASTER,0,0,0,,,,,0,0,0,ESDB_V0_4
2562,2633,conservative,-10.1992,1,PASS,35,60,n;aj,conservative,LEMMA,,MASTER,0,1,1,,,,conservatives,0,1,1,ESDB_V0_4
2563,2634,contain,-10.1992,1,PASS,35,,v,contain,LEMMA,,MASTER,0,1,1,,,,contains,0,1,1,ESDB_V0_4
2564,2635,da,-10.1992,0,NOT_EXACT_EN_US,,,,,,,REJECTED_AUTO,0,0,0,,,,,0,0,0,ESDB_V0_4
2565,2636,drawn,-10.1992,1,PASS,35,,n_v;aj,draw;drawn,FORM;LEMMA,,MASTER,0,1,0,,draw,,,1,0,0,ESDB_V0_4
2566,2637,egypt,-10.1992,0,NOT_EXACT_EN_US,,,,,,,REJECTED_AUTO,0,0,0,,,,,0,0,0,ESDB_V0_4
2567,2638,frequently,-10.1992,1,PASS,35,,av,frequently,LEMMA,,MASTER,0,0,0,,,,,0,0,0,ESDB_V0_4
2568,2639,fruit,-10.1992,1,PASS,35,,n;v,fruit,LEMMA;FORM,,MASTER,0,1,1,,,,fruits;fruity,0,2,1,ESDB_V0_4
2569,2640,giant,-10.1992,1,PASS,35,,n;aj,giant,LEMMA,,MASTER,0,1,1,,,,giants,0,1,1,ESDB_V0_4
2570,2641,grace,-10.1992,1,PASS,35,50,n_v,grace,LEMMA,,MASTER,0,1,0,race,,,,1,0,0,ESDB_V0_4
2571,2642,greek,-10.1992,0,NOT_EXACT_EN_US,,,,,,,REJECTED_AUTO,0,0,0,,,,,0,0,0,ESDB_V0_4
2572,2643,holds,-10.1992,1,PASS,35,,n_v,hold,FORM,,MASTER,0,1,0,,hold,,,1,0,0,ESDB_V0_4
2573,2644,identify,-10.1992,1,PASS,35,,v,identify,LEMMA,,MASTER,0,0,0,,,,,0,0,0,ESDB_V0_4
2574,2645,jersey,-10.1992,1,PASS,35,50,n,jersey,LEMMA,,MASTER,0,1,1,,,,jerseys,0,1,1,ESDB_V0_4
2575,2646,motion,-10.1992,1,PASS,35,,n_v,motion,LEMMA,,MASTER,0,1,1,,,emotion,motions,0,2,1,ESDB_V0_4
2576,2647,moves,-10.1992,1,PASS,35,,n_v,move,FORM,,MASTER,0,1,0,,move,,,1,0,0,ESDB_V0_4
2577,2648,muslim,-10.1992,0,NOT_EXACT_EN_US,,,,,,,REJECTED_AUTO,0,0,0,,,,,0,0,0,ESDB_V0_4
2578,2649,orange,-10.1992,1,PASS,35,50,n;aj,orange,LEMMA,,MASTER,0,1,1,range,,,oranges,1,1,1,ESDB_V0_4
2579,2650,papers,-10.1992,1,PASS,35,,n_v,paper,FORM,,MASTER,0,1,0,,paper,,,1,0,0,ESDB_V0_4
2580,2651,parent,-10.1992,1,PASS,35,,n_v;a,parent,LEMMA,,MASTER,0,1,1,,,,parents,0,1,1,ESDB_V0_4
2581,2652,perfectly,-10.1992,1,PASS,35,,av,perfectly,LEMMA,,MASTER,0,0,0,,,,,0,0,0,ESDB_V0_4
2582,2653,portion,-10.1992,1,PASS,35,,n_v,portion,LEMMA,,MASTER,0,1,1,,,,portions,0,1,1,ESDB_V0_4
2583,2654,principal,-10.1992,1,PASS,35,,n;aj,principal,LEMMA,,MASTER,0,1,1,,,,principals,0,1,1,ESDB_V0_4
2584,2655,print,-10.1992,1,PASS,35,,n_v;a,print,LEMMA,,MASTER,0,1,1,,,sprint,prints,0,2,1,ESDB_V0_4
2585,2656,refer,-10.1992,1,PASS,35,,v,refer,LEMMA,,MASTER,0,1,1,,,prefer,refers,0,2,1,ESDB_V0_4
2586,2657,refused,-10.1992,1,PASS,35,,v,refuse,FORM,,MASTER,0,1,0,,refuse,,,1,0,0,ESDB_V0_4
2587,2658,relief,-10.1992,1,PASS,35,,n,relief,LEMMA,,MASTER,0,0,0,,,,,0,0,0,ESDB_V0_4
2588,2659,replace,-10.1992,1,PASS,35,,v,replace,LEMMA,,MASTER,0,1,1,,,,replaced;replaces,0,2,2,ESDB_V0_4
2589,2660,requirements,-10.1992,1,PASS,35,,n,requirement,FORM,,MASTER,0,1,0,,requirement,,,1,0,0,ESDB_V0_4
2590,2661,respond,-10.1992,1,PASS,35,,v,respond,LEMMA,,MASTER,0,1,1,,,,responds,0,1,1,ESDB_V0_4
2591,2662,saving,-10.1992,1,PASS,35,,n_v;n,save;saving,FORM;LEMMA,,MASTER,0,1,1,,,,savings,0,1,1,ESDB_V0_4
2592,2663,sees,-10.1992,1,PASS,35,,n_v,see,FORM,,MASTER,0,1,0,,see,,,1,0,0,ESDB_V0_4
2593,2664,settlement,-10.1992,1,PASS,35,,n,settlement,LEMMA,,MASTER,0,1,1,,,,settlements,0,1,1,ESDB_V0_4
2594,2665,shots,-10.1992,1,PASS,35,,n,shot,FORM,,MASTER,0,1,0,,shot,,,1,0,0,ESDB_V0_4
2595,2666,sing,-10.1992,1,PASS,35,50,n_v,sing,LEMMA,,MASTER,0,1,1,,sin,using,sings,1,2,1,ESDB_V0_4
2596,2667,talent,-10.1992,1,PASS,35,,n,talent,LEMMA,,MASTER,0,1,1,,,,talents,0,1,1,ESDB_V0_4
2597,2668,tend,-10.1992,1,PASS,35,,v,tend,LEMMA,,MASTER,0,1,1,end,ten,,tends,2,1,1,ESDB_V0_4
2598,2669,trained,-10.1992,1,PASS,35,,n_v;aj,train;trained,FORM;LEMMA,,MASTER,0,1,1,rained,,strained,,1,1,0,ESDB_V0_4
2599,2670,typically,-10.1992,1,PASS,35,,av,typically,LEMMA,,MASTER,0,0,0,,,,,0,0,0,ESDB_V0_4
2600,2671,upset,-10.1992,1,PASS,35,,n_v;aj,upset,LEMMA;FORM,,MASTER,0,1,1,,,,upsets,0,1,1,ESDB_V0_4
2601,2673,youtube,-10.1992,0,NOT_EXACT_EN_US,,,,,,,REJECTED_AUTO,0,0,0,,,,,0,0,0,ESDB_V0_4
2602,2675,agents,-10.2237,1,PASS,35,,n,agent,FORM,,MASTER,0,1,0,,agent,,,1,0,0,ESDB_V0_4
2603,2676,anybody,-10.2237,1,PASS,35,,pn,anybody,LEMMA,,MASTER,0,0,0,,,,,0,0,0,ESDB_V0_4
2604,2677,cable,-10.2237,1,PASS,35,,n_v,cable,LEMMA,,MASTER,0,1,1,able,,,cables,1,1,1,ESDB_V0_4
2605,2678,communications,-10.2237,1,PASS,35,,n,communication,FORM,,MASTER,0,1,0,,communication,,,1,0,0,ESDB_V0_4
2606,2679,courts,-10.2237,1,PASS,35,,n_v,court,FORM,,MASTER,0,1,0,,court,,,1,0,0,ESDB_V0_4
2607,2680,dating,-10.2237,1,PASS,35,,n_v;n,date;dating,FORM;LEMMA,,MASTER,0,0,0,,,,,0,0,0,ESDB_V0_4
2608,2681,di,-10.2237,0,NOT_EXACT_EN_US,,,,,,,REJECTED_AUTO,0,0,0,,,,,0,0,0,ESDB_V0_4
2609,2682,dollar,-10.2237,1,PASS,35,,n,dollar,LEMMA,,MASTER,0,1,1,,,,dollars,0,1,1,ESDB_V0_4
2610,2683,drawing,-10.2237,1,PASS,35,,n_v;n,draw;drawing,FORM;LEMMA,,MASTER,0,1,1,,,,drawings,0,1,1,ESDB_V0_4
2611,2684,expansion,-10.2237,1,PASS,35,,n,expansion,LEMMA,,MASTER,0,0,0,,,,,0,0,0,ESDB_V0_4
2612,2685,governments,-10.2237,1,PASS,35,,n,government,FORM,,MASTER,0,1,0,,government,,,1,0,0,ESDB_V0_4
2613,2686,harder,-10.2237,1,PASS,35,,aj_av,hard,FORM,,MASTER,0,0,0,,,,,0,0,0,ESDB_V0_4
2614,2687,inspired,-10.2237,1,PASS,35,,v;aj,inspire;inspired,FORM;LEMMA,,MASTER,0,1,0,,inspire,,,1,0,0,ESDB_V0_4
2615,2688,invited,-10.2237,1,PASS,35,,n_v,invite,FORM,,MASTER,0,1,0,,invite,,,1,0,0,ESDB_V0_4
2616,2689,item,-10.2237,1,PASS,35,,n;av,item,LEMMA,,MASTER,0,1,1,,,,items,0,1,1,ESDB_V0_4
2617,2690,jail,-10.2237,1,PASS,35,,n_v,jail,LEMMA,,MASTER,0,0,0,,,,,0,0,0,ESDB_V0_4
2618,2691,loan,-10.2237,1,PASS,35,,n_v,loan,LEMMA,,MASTER,0,1,1,,,,loans,0,1,1,ESDB_V0_4
2619,2692,moments,-10.2237,1,PASS,35,,n,moment,FORM,,MASTER,0,1,0,,moment,,,1,0,0,ESDB_V0_4
2620,2693,opposed,-10.2237,1,PASS,35,,v;aj,oppose;opposed,FORM;LEMMA,,MASTER,0,1,0,,oppose,,,1,0,0,ESDB_V0_4
2621,2694,pacific,-10.2237,1,PASS,35,40,aj,pacific,LEMMA,,MASTER,0,0,0,,,,,0,0,0,ESDB_V0_4
2622,2695,processes,-10.2237,1,PASS,35,,n_v,process,FORM,,MASTER,0,0,0,,,,,0,0,0,ESDB_V0_4
2623,2696,random,-10.2237,1,PASS,35,,aj,random,LEMMA,,MASTER,0,0,0,,,,,0,0,0,ESDB_V0_4
2624,2697,republican,-10.2237,1,PASS,35,40,n;aj,republican,LEMMA,,MASTER,0,1,1,,,,republicans,0,1,1,ESDB_V0_4
2625,2698,rooms,-10.2237,1,PASS,35,,n_v,room,FORM,,MASTER,0,1,0,,room,,,1,0,0,ESDB_V0_4
2626,2699,somewhat,-10.2237,1,PASS,35,,av;d,somewhat,LEMMA,,MASTER,0,0,0,,,,,0,0,0,ESDB_V0_4
2627,2700,sons,-10.2237,1,PASS,35,,n,son,FORM,,MASTER,0,1,0,,son,,,1,0,0,ESDB_V0_4
2628,2701,stood,-10.2237,1,PASS,35,,n_v,stand,FORM,,MASTER,0,0,0,,,,,0,0,0,ESDB_V0_4
2629,2702,stronger,-10.2237,1,PASS,35,,aj,strong,FORM,,MASTER,0,0,0,,,,,0,0,0,ESDB_V0_4
2630,2703,structures,-10.2237,1,PASS,35,,n_v,structure,FORM,,MASTER,0,1,0,,structure,,,1,0,0,ESDB_V0_4
2631,2704,suicide,-10.2237,1,PASS,35,,n,suicide,LEMMA,,MASTER,0,1,1,,,,suicides,0,1,1,ESDB_V0_4
2632,2705,teeth,-10.2237,1,PASS,35,,n,tooth,FORM,,MASTER,0,0,0,,,,,0,0,0,ESDB_V0_4
2633,2706,tool,-10.2237,1,PASS,35,,n_v,tool,LEMMA,,MASTER,0,1,1,,too,stool,tools,1,2,1,ESDB_V0_4
2634,2707,tower,-10.2237,1,PASS,35,,n_v,tower,LEMMA,,MASTER,0,1,1,,,,towers,0,1,1,ESDB_V0_4
2635,2708,unknown,-10.2237,1,PASS,35,,n;aj,unknown,LEMMA,,MASTER,0,0,0,,,,,0,0,0,ESDB_V0_4
2636,2709,wales,-10.2237,0,CASE_FREQ_COLLISION,50,50,v,wale,FORM,,REJECTED_AUTO,0,0,0,,,,,0,0,0,ESDB_V0_4
2637,2710,widely,-10.2237,1,PASS,35,,av,widely,LEMMA,,MASTER,0,0,0,,,,,0,0,0,ESDB_V0_4
2638,2711,accurate,-10.246,1,PASS,35,,aj,accurate,LEMMA,,MASTER,0,0,0,,,,,0,0,0,ESDB_V0_4
2639,2712,achieved,-10.246,1,PASS,35,,v,achieve,FORM,,MASTER,0,1,0,,achieve,,,1,0,0,ESDB_V0_4
2640,2713,administrative,-10.246,1,PASS,35,,aj,administrative,LEMMA,,MASTER,0,0,0,,,,,0,0,0,ESDB_V0_4
2641,2714,anniversary,-10.246,1,PASS,35,,n;a,anniversary,LEMMA,,MASTER,0,0,0,,,,,0,0,0,ESDB_V0_4
2642,2715,aspects,-10.246,1,PASS,35,,n,aspect,FORM,,MASTER,0,1,0,,aspect,,,1,0,0,ESDB_V0_4
2643,2716,assets,-10.246,1,PASS,35,,n,asset,FORM,,MASTER,0,1,0,,asset,,,1,0,0,ESDB_V0_4
2644,2717,bottle,-10.246,1,PASS,35,,n_v,bottle,LEMMA,,MASTER,0,1,1,,,,bottles;bottled,0,2,2,ESDB_V0_4
2645,2718,combat,-10.246,1,PASS,35,,n_v,combat,LEMMA,,MASTER,0,0,0,,,,,0,0,0,ESDB_V0_4
2646,2719,concert,-10.246,1,PASS,35,,n_v,concert,LEMMA,,MASTER,0,1,1,,,,concerts;concerto,0,2,1,ESDB_V0_4
2647,2720,constant,-10.246,1,PASS,35,,n;aj,constant,LEMMA,,MASTER,0,0,0,,,,,0,0,0,ESDB_V0_4
2648,2721,consumer,-10.246,1,PASS,35,,n,consumer,LEMMA,,MASTER,0,1,1,,consume,,consumers,1,1,1,ESDB_V0_4
2649,2722,convention,-10.246,1,PASS,35,,n,convention,LEMMA,,MASTER,0,1,1,,,,conventions,0,1,1,ESDB_V0_4
2650,2723,counter,-10.246,1,PASS,35,,n_v;aj_av,counter,LEMMA,,MASTER,0,1,1,,,,counters,0,1,1,ESDB_V0_4
2651,2724,coverage,-10.246,1,PASS,35,,n,coverage,LEMMA,,MASTER,0,0,0,,,,,0,0,0,ESDB_V0_4
2652,2725,cream,-10.246,1,PASS,35,,n_v;a,cream,LEMMA,,MASTER,0,1,1,,,scream,creamy,0,2,0,ESDB_V0_4
2653,2726,depression,-10.246,1,PASS,35,,n,depression,LEMMA,,MASTER,0,0,0,,,,,0,0,0,ESDB_V0_4
2654,2727,editor,-10.246,1,PASS,35,,n,editor,LEMMA,,MASTER,0,1,1,,,,editors,0,1,1,ESDB_V0_4
2655,2728,empire,-10.246,1,PASS,35,,n,empire,LEMMA,,MASTER,0,1,1,,,,empires,0,1,1,ESDB_V0_4
2656,2729,engaged,-10.246,1,PASS,35,,v;aj,engage;engaged,FORM;LEMMA,,MASTER,0,1,0,,engage,,,1,0,0,ESDB_V0_4
2657,2730,entitled,-10.246,1,PASS,35,,v;aj,entitle;entitled,FORM;LEMMA,,MASTER,0,0,0,,,,,0,0,0,ESDB_V0_4
2658,2731,expert,-10.246,1,PASS,35,,n;aj,expert,LEMMA,,MASTER,0,1,1,,,,experts,0,1,1,ESDB_V0_4
2659,2732,faces,-10.246,1,PASS,35,,n_v,face,FORM,,MASTER,0,1,0,aces,face,,,2,0,0,ESDB_V0_4
2660,2733,hat,-10.246,1,PASS,35,,n_v,hat,LEMMA,,MASTER,0,1,1,at,ha,that;what;chat,hate;hats,2,5,1,ESDB_V0_4
2661,2734,height,-10.246,1,PASS,35,,n,height,LEMMA,,MASTER,0,1,1,eight,,,heights,1,1,1,ESDB_V0_4
2662,2735,incident,-10.246,1,PASS,35,,n;aj,incident,LEMMA,,MASTER,0,1,1,,,,incidents,0,1,1,ESDB_V0_4
2663,2736,introduction,-10.246,1,PASS,35,,n,introduction,LEMMA,,MASTER,0,1,1,,,,introductions,0,1,1,ESDB_V0_4
2664,2738,jean,-10.246,0,CASE_FREQ_COLLISION,60,50,n,jean,LEMMA,,REJECTED_AUTO,0,0,0,,,,,0,0,0,ESDB_V0_4
2665,2739,joy,-10.246,1,PASS,35,50,n_v,joy,LEMMA,,MASTER,0,1,1,,,,joys,0,1,1,ESDB_V0_4
2666,2740,latin,-10.246,0,NOT_EXACT_EN_US,,,,,,,REJECTED_AUTO,0,0,0,,,,,0,0,0,ESDB_V0_4
2667,2741,manage,-10.246,1,PASS,35,,v,manage,LEMMA,,MASTER,0,1,1,,,,manager;managed;manages,0,3,2,ESDB_V0_4
2668,2742,marked,-10.246,1,PASS,35,,n_v;aj,mark;marked,FORM;LEMMA,,MASTER,0,0,0,,,,,0,0,0,ESDB_V0_4
2669,2743,mountains,-10.246,1,PASS,35,,n,mountain,FORM,,MASTER,0,1,0,,mountain,,,1,0,0,ESDB_V0_4
2670,2744,novel,-10.246,1,PASS,35,,n;aj,novel,LEMMA,,MASTER,0,1,1,,,,novels,0,1,1,ESDB_V0_4
2671,2745,objects,-10.246,1,PASS,35,,n_v,object,FORM,,MASTER,0,1,0,,object,,,1,0,0,ESDB_V0_4
2672,2746,owners,-10.246,1,PASS,35,,n,owner,FORM,,MASTER,0,1,0,,owner,,,1,0,0,ESDB_V0_4
2673,2747,partners,-10.246,1,PASS,35,,n_v,partner,FORM,,MASTER,0,1,0,,partner,,,1,0,0,ESDB_V0_4
2674,2748,prepare,-10.246,1,PASS,35,,v,prepare,LEMMA,,MASTER,0,1,1,,,,prepared;prepares,0,2,2,ESDB_V0_4
2675,2749,primarily,-10.246,1,PASS,35,,av,primarily,LEMMA,,MASTER,0,0,0,,,,,0,0,0,ESDB_V0_4
2676,2750,procedure,-10.246,1,PASS,35,,n,procedure,LEMMA,,MASTER,0,1,1,,,,procedures,0,1,1,ESDB_V0_4
2677,2751,quit,-10.246,1,PASS,35,,v,quit,LEMMA;FORM,,MASTER,0,1,1,,,,quite;quits,0,2,1,ESDB_V0_4
2678,2752,receiving,-10.246,1,PASS,35,,v,receive,FORM,,MASTER,0,0,0,,,,,0,0,0,ESDB_V0_4
2679,2753,regard,-10.246,1,PASS,35,,n;v,regard,LEMMA,,MASTER,0,1,1,,,,regards,0,1,1,ESDB_V0_4
2680,2754,register,-10.246,1,PASS,35,,n_v,register,LEMMA,,MASTER,0,1,1,,,,registers,0,1,1,ESDB_V0_4
2681,2755,relative,-10.246,1,PASS,35,,n;aj,relative,LEMMA,,MASTER,0,1,1,,,,relatives,0,1,1,ESDB_V0_4
2682,2756,reviews,-10.246,1,PASS,35,,n_v,review,FORM,,MASTER,0,1,1,,review,previews,,1,1,0,ESDB_V0_4
2683,2757,sleeping,-10.246,1,PASS,35,,n_v;n;aj,sleep;sleeping,FORM;LEMMA,,MASTER,0,0,0,,,,,0,0,0,ESDB_V0_4
2684,2758,smoking,-10.246,1,PASS,35,,n_v;n,smoke;smoking,FORM;LEMMA,,MASTER,0,0,0,,,,,0,0,0,ESDB_V0_4
2685,2759,solo,-10.246,1,PASS,35,,n;v;aj_av,solo,LEMMA,,MASTER,0,0,0,,,,,0,0,0,ESDB_V0_4
2686,2760,statements,-10.246,1,PASS,35,,n_v,statement,FORM,,MASTER,0,1,0,,statement,,,1,0,0,ESDB_V0_4
2687,2761,stephen,-10.246,0,NOT_EXACT_EN_US,,,,,,,REJECTED_AUTO,0,0,0,,,,,0,0,0,ESDB_V0_4
2688,2762,stores,-10.246,1,PASS,35,,n_v,store,FORM,,MASTER,0,1,0,,store,,,1,0,0,ESDB_V0_4
2689,2763,suffered,-10.246,1,PASS,35,,v,suffer,FORM,,MASTER,0,0,0,,,,,0,0,0,ESDB_V0_4
2690,2764,surgery,-10.246,1,PASS,35,,n,surgery,LEMMA,,MASTER,0,0,0,,,,,0,0,0,ESDB_V0_4
2691,2765,truck,-10.246,1,PASS,35,,n_v,truck,LEMMA,,MASTER,0,1,1,,,struck,trucks,0,2,1,ESDB_V0_4
2692,2766,ultimately,-10.246,1,PASS,35,,av,ultimately,LEMMA,,MASTER,0,0,0,,,,,0,0,0,ESDB_V0_4
2693,2767,unlike,-10.246,1,PASS,35,,aj;pp,unlike,LEMMA,,MASTER,0,0,0,,,,,0,0,0,ESDB_V0_4
2694,2768,wednesday,-10.246,0,NOT_EXACT_EN_US,,,,,,,REJECTED_AUTO,0,0,0,,,,,0,0,0,ESDB_V0_4
2695,2769,ages,-10.2688,1,PASS,35,,n_v,age,FORM,,MASTER,0,1,1,,age,pages;wages;cages,,1,3,0,ESDB_V0_4
2696,2770,alright,-10.2688,1,PASS,40,,aj_av,alright,LEMMA,,MASTER,0,0,0,,,,,0,0,0,ESDB_V0_4
2697,2771,attempts,-10.2688,1,PASS,35,,n_v,attempt,FORM,,MASTER,0,1,0,,attempt,,,1,0,0,ESDB_V0_4
2698,2772,attend,-10.2688,1,PASS,35,,v,attend,LEMMA,,MASTER,0,1,1,,,,attends,0,1,1,ESDB_V0_4
2699,2773,bbc,-10.2688,0,NOT_EXACT_EN_US,,,,,,,REJECTED_AUTO,0,0,0,,,,,0,0,0,ESDB_V0_4
2700,2774,burn,-10.2688,1,PASS,35,,n_v,burn,LEMMA,,MASTER,0,1,1,,,,burns;burnt,0,2,2,ESDB_V0_4
2701,2775,bush,-10.2688,1,PASS,35,50,n_v,bush,LEMMA,,MASTER,0,1,0,,bus,,,1,0,0,ESDB_V0_4
2702,2776,championship,-10.2688,1,PASS,35,,n,championship,LEMMA,,MASTER,0,1,1,,,,championships,0,1,1,ESDB_V0_4
2703,2777,checked,-10.2688,1,PASS,35,,v;aj,check;checked,FORM;LEMMA,,MASTER,0,0,0,,,,,0,0,0,ESDB_V0_4
2704,2778,circle,-10.2688,1,PASS,35,,n_v,circle,LEMMA,,MASTER,0,1,1,,,,circles,0,1,1,ESDB_V0_4
2705,2779,competitive,-10.2688,1,PASS,35,,aj,competitive,LEMMA,,MASTER,0,0,0,,,,,0,0,0,ESDB_V0_4
2706,2780,consequences,-10.2688,1,PASS,35,,n,consequence,FORM,,MASTER,0,1,0,,consequence,,,1,0,0,ESDB_V0_4
2707,2781,crash,-10.2688,1,PASS,35,,n_v;a,crash,LEMMA,,MASTER,0,1,0,rash,,,,1,0,0,ESDB_V0_4
2708,2782,crying,-10.2688,1,PASS,35,,n_v;n;aj,cry;crying,FORM;LEMMA,,MASTER,0,0,0,,,,,0,0,0,ESDB_V0_4
2709,2783,cute,-10.2688,1,PASS,35,,aj,cute,LEMMA,,MASTER,0,1,1,,cut,acute,,1,1,0,ESDB_V0_4
2710,2784,dirty,-10.2688,1,PASS,35,,v;aj,dirty,LEMMA,,MASTER,0,1,0,,dirt,,,1,0,0,ESDB_V0_4
2711,2785,divided,-10.2688,1,PASS,35,,n_v;aj,divide;divided,FORM;LEMMA,,MASTER,0,1,0,,divide,,,1,0,0,ESDB_V0_4
2712,2786,doors,-10.2688,1,PASS,35,,n,door,FORM,,MASTER,0,1,0,,door,,,1,0,0,ESDB_V0_4
2713,2787,electronic,-10.2688,1,PASS,35,,aj,electronic,LEMMA,,MASTER,0,1,1,,,,electronics,0,1,0,ESDB_V0_4
2714,2788,enjoyed,-10.2688,1,PASS,35,,v,enjoy,FORM,,MASTER,0,0,0,,,,,0,0,0,ESDB_V0_4
2715,2789,equivalent,-10.2688,1,PASS,35,,n;aj,equivalent,LEMMA,,MASTER,0,1,1,,,,equivalents,0,1,1,ESDB_V0_4
2716,2790,exists,-10.2688,1,PASS,35,,v,exist,FORM,,MASTER,0,1,0,,exist,,,1,0,0,ESDB_V0_4
2717,2791,facility,-10.2688,1,PASS,35,,n,facility,LEMMA,,MASTER,0,0,0,,,,,0,0,0,ESDB_V0_4
2718,2792,formal,-10.2688,1,PASS,35,,n;aj,formal,LEMMA,,MASTER,0,0,0,,,,,0,0,0,ESDB_V0_4
2719,2793,format,-10.2688,1,PASS,35,,n_v,format,LEMMA,,MASTER,0,1,1,,,,formats,0,1,1,ESDB_V0_4
2720,2794,hardly,-10.2688,1,PASS,35,,av,hardly,LEMMA,,MASTER,0,0,0,,,,,0,0,0,ESDB_V0_4
2721,2795,increases,-10.2688,1,PASS,35,,n_v,increase,FORM,,MASTER,0,1,0,,increase,,,1,0,0,ESDB_V0_4
2722,2796,incredible,-10.2688,1,PASS,35,,aj,incredible,LEMMA,,MASTER,0,0,0,,,,,0,0,0,ESDB_V0_4
2723,2797,iraq,-10.2688,0,NOT_EXACT_EN_US,,,,,,,REJECTED_AUTO,0,0,0,,,,,0,0,0,ESDB_V0_4
2724,2798,irish,-10.2688,0,NOT_EXACT_EN_US,,,,,,,REJECTED_AUTO,0,0,0,,,,,0,0,0,ESDB_V0_4
2725,2799,islands,-10.2688,1,PASS,35,,n,island,FORM,,MASTER,0,1,0,,island,,,1,0,0,ESDB_V0_4
2726,2800,kim,-10.2688,0,NOT_EXACT_EN_US,,,,,,,REJECTED_AUTO,0,0,0,,,,,0,0,0,ESDB_V0_4
2727,2801,lane,-10.2688,1,PASS,35,50,n,lane,LEMMA,,MASTER,0,1,1,,,plane,lanes,0,2,1,ESDB_V0_4
2728,2802,limits,-10.2688,1,PASS,35,,n_v,limit,FORM,,MASTER,0,1,0,,limit,,,1,0,0,ESDB_V0_4
2729,2803,matches,-10.2688,1,PASS,35,,n_v,match,FORM,,MASTER,0,0,0,,,,,0,0,0,ESDB_V0_4
2730,2804,mate,-10.2688,1,PASS,35,,n_v,mate,LEMMA,,MASTER,0,1,1,ate,mat,,mates;mater,2,2,1,ESDB_V0_4
2731,2805,nearby,-10.2688,1,PASS,35,,aj_av,nearby,LEMMA,,MASTER,0,0,0,,,,,0,0,0,ESDB_V0_4
2732,2806,noise,-10.2688,1,PASS,35,,n_v,noise,LEMMA,,MASTER,0,1,1,,,,noises,0,1,1,ESDB_V0_4
2733,2807,painting,-10.2688,1,PASS,35,,n_v;n,paint;painting,FORM;LEMMA,,MASTER,0,1,1,,,,paintings,0,1,1,ESDB_V0_4
2734,2808,payment,-10.2688,1,PASS,35,,n,payment,LEMMA,,MASTER,0,1,1,,,,payments,0,1,1,ESDB_V0_4
2735,2809,pc,-10.2688,0,NOT_EXACT_EN_US,,,,,,,REJECTED_AUTO,0,0,0,,,,,0,0,0,ESDB_V0_4
2736,2810,percentage,-10.2688,1,PASS,35,,n,percentage,LEMMA,,MASTER,0,1,1,,,,percentages,0,1,1,ESDB_V0_4
2737,2811,poverty,-10.2688,1,PASS,35,,n,poverty,LEMMA,,MASTER,0,0,0,,,,,0,0,0,ESDB_V0_4
2738,2812,practical,-10.2688,1,PASS,35,,n;aj,practical,LEMMA,,MASTER,0,0,0,,,,,0,0,0,ESDB_V0_4
2739,2813,principle,-10.2688,1,PASS,35,,n,principle,LEMMA,,MASTER,0,1,1,,,,principles,0,1,1,ESDB_V0_4
2740,2814,promote,-10.2688,1,PASS,35,,v,promote,LEMMA,,MASTER,0,1,1,,,,promoted;promotes;promoter,0,3,2,ESDB_V0_4
2741,2815,recognize,-10.2688,1,PASS,35,,v,recognize,LEMMA,,MASTER,0,1,1,,,,recognized;recognizes,0,2,2,ESDB_V0_4
2742,2816,scheme,-10.2688,1,PASS,35,,n_v,scheme,LEMMA,,MASTER,0,1,1,,,,schemes,0,1,1,ESDB_V0_4
2743,2817,sight,-10.2688,1,PASS,35,,n_v,sight,LEMMA,,MASTER,0,1,1,,sigh,,sights,1,1,1,ESDB_V0_4
2744,2818,sought,-10.2688,1,PASS,35,,v;aj,seek;sought,FORM;LEMMA,,MASTER,0,1,0,ought,,,,1,0,0,ESDB_V0_4
2745,2819,talks,-10.2688,1,PASS,35,,n_v,talk,FORM,,MASTER,0,1,0,,talk,,,1,0,0,ESDB_V0_4
2746,2820,tall,-10.2688,1,PASS,35,,aj,tall,LEMMA,,MASTER,0,1,1,all,,stall,tally,1,2,0,ESDB_V0_4
2747,2821,tight,-10.2688,1,PASS,35,,aj_av,tight,LEMMA,,MASTER,0,0,0,,,,,0,0,0,ESDB_V0_4
2748,2822,tiny,-10.2688,1,PASS,35,,aj,tiny,LEMMA,,MASTER,0,1,0,,tin,,,1,0,0,ESDB_V0_4
2749,2823,tournament,-10.2688,1,PASS,35,,n,tournament,LEMMA,,MASTER,0,1,1,,,,tournaments,0,1,1,ESDB_V0_4
2750,2824,transportation,-10.2688,1,PASS,35,,n,transportation,LEMMA,,MASTER,0,0,0,,,,,0,0,0,ESDB_V0_4
2751,2825,universal,-10.2688,1,PASS,35,,n;aj,universal,LEMMA,,MASTER,0,0,0,,,,,0,0,0,ESDB_V0_4
2752,2826,visited,-10.2688,1,PASS,35,,n_v,visit,FORM,,MASTER,0,0,0,,,,,0,0,0,ESDB_V0_4
2753,2827,witness,-10.2688,1,PASS,35,,n_v,witness,LEMMA,,MASTER,0,0,0,,,,,0,0,0,ESDB_V0_4
2754,2828,academic,-10.2921,1,PASS,35,,n;aj,academic,LEMMA,,MASTER,0,1,1,,,,academics,0,1,1,ESDB_V0_4
2755,2829,accused,-10.2921,1,PASS,35,,v;n,accuse;accused,FORM;LEMMA,,MASTER,0,1,0,,accuse,,,1,0,0,ESDB_V0_4
2756,2830,afford,-10.2921,1,PASS,35,,v,afford,LEMMA,,MASTER,0,0,0,,,,,0,0,0,ESDB_V0_4
2757,2831,agencies,-10.2921,1,PASS,35,,n,agency,FORM,,MASTER,0,0,0,,,,,0,0,0,ESDB_V0_4
2758,2832,aim,-10.2921,1,PASS,35,,n_v,aim,LEMMA,,MASTER,0,1,1,,,,aims,0,1,1,ESDB_V0_4
2759,2833,attached,-10.2921,1,PASS,35,,v;aj,attach;attached,FORM;LEMMA,,MASTER,0,0,0,,,,,0,0,0,ESDB_V0_4
2760,2834,attractive,-10.2921,1,PASS,35,,aj,attractive,LEMMA,,MASTER,0,0,0,,,,,0,0,0,ESDB_V0_4
2761,2835,cap,-10.2921,1,PASS,35,50,n_v,cap,LEMMA,,MASTER,0,1,1,,,,cape;caps,0,2,1,ESDB_V0_4
2762,2836,carbon,-10.2921,1,PASS,35,,n;a,carbon,LEMMA,,MASTER,0,0,0,,,,,0,0,0,ESDB_V0_4
2763,2837,cheese,-10.2921,1,PASS,35,,n,cheese,LEMMA,,MASTER,0,1,1,,,,cheeses,0,1,1,ESDB_V0_4
2764,2838,chose,-10.2921,1,PASS,35,,v,choose,FORM,,MASTER,0,1,1,hose,,,chosen,1,1,0,ESDB_V0_4
2765,2839,contained,-10.2921,1,PASS,35,,v;aj,contain;contained,FORM;LEMMA,,MASTER,0,0,0,,,,,0,0,0,ESDB_V0_4
2766,2840,containing,-10.2921,1,PASS,35,,v,contain,FORM,,MASTER,0,0,0,,,,,0,0,0,ESDB_V0_4
2767,2841,degrees,-10.2921,1,PASS,35,,n,degree,FORM,,MASTER,0,1,0,,degree,,,1,0,0,ESDB_V0_4
2768,2842,del,-10.2921,0,NOT_EXACT_EN_US,,,,,,,REJECTED_AUTO,0,0,0,,,,,0,0,0,ESDB_V0_4
2769,2843,deliver,-10.2921,1,PASS,35,,v,deliver,LEMMA,,MASTER,0,1,1,,,,delivery;delivers,0,2,1,ESDB_V0_4
2770,2844,depth,-10.2921,1,PASS,35,,n,depth,LEMMA,,MASTER,0,1,1,,,,depths,0,1,1,ESDB_V0_4
2771,2845,deserve,-10.2921,1,PASS,35,,v,deserve,LEMMA,,MASTER,0,1,1,,,,deserves;deserved,0,2,2,ESDB_V0_4
2772,2846,discussed,-10.2921,1,PASS,35,,v,discuss,FORM,,MASTER,0,0,0,,,,,0,0,0,ESDB_V0_4
2773,2847,duke,-10.2921,1,PASS,35,50,n,duke,LEMMA,,MASTER,0,1,1,,,,dukes,0,1,1,ESDB_V0_4
2774,2848,establish,-10.2921,1,PASS,35,,v,establish,LEMMA,,MASTER,0,0,0,,,,,0,0,0,ESDB_V0_4
2775,2849,files,-10.2921,1,PASS,35,,n_v,file,FORM,,MASTER,0,1,0,,file,,,1,0,0,ESDB_V0_4
2776,2850,headed,-10.2921,1,PASS,35,,n_v;aj,head;headed,FORM;LEMMA,,MASTER,0,0,0,,,,,0,0,0,ESDB_V0_4
2777,2851,heavily,-10.2921,1,PASS,35,,av,heavily,LEMMA,,MASTER,0,0,0,,,,,0,0,0,ESDB_V0_4
2778,2852,hockey,-10.2921,1,PASS,35,,n,hockey,LEMMA,,MASTER,0,0,0,,,,,0,0,0,ESDB_V0_4
2779,2853,id,-10.2921,1,PASS,35,35,n,id,LEMMA,,MASTER,0,1,1,,i,did;kid;mid;aid;rid;bid;hid;lid,ids,1,9,1,ESDB_V0_4
2780,2854,involving,-10.2921,1,PASS,35,,v,involve,FORM,,MASTER,0,0,0,,,,,0,0,0,ESDB_V0_4
2781,2855,jackson,-10.2921,0,NOT_EXACT_EN_US,,,,,,,REJECTED_AUTO,0,0,0,,,,,0,0,0,ESDB_V0_4
2782,2856,necessarily,-10.2921,1,PASS,35,,av,necessarily,LEMMA,,MASTER,0,0,0,,,,,0,0,0,ESDB_V0_4
2783,2857,nose,-10.2921,1,PASS,35,,n_v,nose,LEMMA,,MASTER,0,1,1,,,,noses,0,1,1,ESDB_V0_4
2784,2858,palace,-10.2921,1,PASS,35,,n,palace,LEMMA,,MASTER,0,1,1,,,,palaces,0,1,1,ESDB_V0_4
2785,2859,philosophy,-10.2921,1,PASS,35,,n,philosophy,LEMMA,,MASTER,0,0,0,,,,,0,0,0,ESDB_V0_4
2786,2860,practices,-10.2921,1,PASS,35,,n;v,practice,FORM,,MASTER,0,1,0,,practice,,,1,0,0,ESDB_V0_4
2787,2861,prefer,-10.2921,1,PASS,35,,v,prefer,LEMMA,,MASTER,0,1,1,refer,,,prefers,1,1,1,ESDB_V0_4
2788,2862,princess,-10.2921,1,PASS,35,,n;a,princess,LEMMA,,MASTER,0,1,0,,princes,,,1,0,0,ESDB_V0_4
2789,2863,recognition,-10.2921,1,PASS,35,,n,recognition,LEMMA,,MASTER,0,0,0,,,,,0,0,0,ESDB_V0_4
2790,2864,represents,-10.2921,1,PASS,35,,v,represent,FORM,,MASTER,0,1,0,,represent,,,1,0,0,ESDB_V0_4
2791,2865,returns,-10.2921,1,PASS,35,,n_v,return,FORM,,MASTER,0,1,0,,return,,,1,0,0,ESDB_V0_4
2792,2866,sample,-10.2921,1,PASS,35,,n_v;a,sample,LEMMA,,MASTER,0,1,1,ample,,,samples;sampled,1,2,2,ESDB_V0_4
2793,2867,seeking,-10.2921,1,PASS,35,,v;n,seek;seeking,FORM;LEMMA,,MASTER,0,0,0,,,,,0,0,0,ESDB_V0_4
2794,2868,significantly,-10.2921,1,PASS,35,,av,significantly,LEMMA,,MASTER,0,0,0,,,,,0,0,0,ESDB_V0_4
2795,2869,situations,-10.2921,1,PASS,35,,n,situation,FORM,,MASTER,0,1,0,,situation,,,1,0,0,ESDB_V0_4
2796,2870,storage,-10.2921,1,PASS,35,,n,storage,LEMMA,,MASTER,0,0,0,,,,,0,0,0,ESDB_V0_4
2797,2871,sufficient,-10.2921,1,PASS,35,,aj,sufficient,LEMMA,,MASTER,0,0,0,,,,,0,0,0,ESDB_V0_4
2798,2872,suggests,-10.2921,1,PASS,35,,v,suggest,FORM,,MASTER,0,1,0,,suggest,,,1,0,0,ESDB_V0_4
2799,2873,techniques,-10.2921,1,PASS,35,,n,technique,FORM,,MASTER,0,1,0,,technique,,,1,0,0,ESDB_V0_4
2800,2874,thats,-10.2921,0,NOT_EXACT_EN_US,,,,,,,REJECTED_AUTO,0,0,0,,,,,0,0,0,ESDB_V0_4
2801,2875,theatre,-10.2921,0,NOT_EXACT_EN_US,,,,,,,REJECTED_AUTO,0,0,0,,,,,0,0,0,ESDB_V0_4
2802,2876,tickets,-10.2921,1,PASS,35,,n_v,ticket,FORM,,MASTER,0,1,0,,ticket,,,1,0,0,ESDB_V0_4
2803,2877,vast,-10.2921,1,PASS,35,,n;aj,vast,LEMMA,,MASTER,0,0,0,,,,,0,0,0,ESDB_V0_4
2804,2878,weapon,-10.2921,1,PASS,35,,n,weapon,LEMMA,,MASTER,0,1,1,,,,weapons,0,1,1,ESDB_V0_4
2805,2879,andrew,-10.316,0,NOT_EXACT_EN_US,,,,,,,REJECTED_AUTO,0,0,0,,,,,0,0,0,ESDB_V0_4
2806,2880,attorney,-10.316,1,PASS,35,,n,attorney,LEMMA,,MASTER,0,1,1,,,,attorneys,0,1,1,ESDB_V0_4
2807,2881,blind,-10.316,1,PASS,35,,n_v;aj,blind,LEMMA,,MASTER,0,1,1,,,,blinds,0,1,1,ESDB_V0_4
2808,2882,brief,-10.316,1,PASS,35,,n_v;aj,brief,LEMMA,,MASTER,0,1,1,,,,briefs,0,1,1,ESDB_V0_4
2809,2883,brilliant,-10.316,1,PASS,35,,n;aj,brilliant,LEMMA,,MASTER,0,0,0,,,,,0,0,0,ESDB_V0_4
2810,2884,bunch,-10.316,1,PASS,35,,n_v,bunch,LEMMA,,MASTER,0,0,0,,,,,0,0,0,ESDB_V0_4
2811,2885,candidates,-10.316,1,PASS,35,,n,candidate,FORM,,MASTER,0,1,0,,candidate,,,1,0,0,ESDB_V0_4
2812,2886,causing,-10.316,1,PASS,35,,n_v;n,cause;causing,FORM;LEMMA,,MASTER,0,0,0,,,,,0,0,0,ESDB_V0_4
2813,2887,commander,-10.316,1,PASS,35,,n,commander,LEMMA,,MASTER,0,1,1,,,,commanders,0,1,1,ESDB_V0_4
2814,2888,constantly,-10.316,1,PASS,35,,av,constantly,LEMMA,,MASTER,0,0,0,,,,,0,0,0,ESDB_V0_4
2815,2889,dan,-10.316,0,NOT_EXACT_EN_US,,,,,,,REJECTED_AUTO,0,0,0,,,,,0,0,0,ESDB_V0_4
2816,2890,deals,-10.316,1,PASS,35,,n_v,deal,FORM,,MASTER,0,1,1,,deal,ideals,,1,1,0,ESDB_V0_4
2817,2891,defeat,-10.316,1,PASS,35,,n_v,defeat,LEMMA,,MASTER,0,1,1,,,,defeats,0,1,1,ESDB_V0_4
2818,2892,delivery,-10.316,1,PASS,35,,n,delivery,LEMMA,,MASTER,0,1,0,,deliver,,,1,0,0,ESDB_V0_4
2819,2893,elsewhere,-10.316,1,PASS,35,,av,elsewhere,LEMMA,,MASTER,0,0,0,,,,,0,0,0,ESDB_V0_4
2820,2894,entertainment,-10.316,1,PASS,35,,n,entertainment,LEMMA,,MASTER,0,0,0,,,,,0,0,0,ESDB_V0_4
2821,2895,excuse,-10.316,1,PASS,35,,n_v,excuse,LEMMA,,MASTER,0,1,1,,,,excuses;excused,0,2,2,ESDB_V0_4
2822,2896,factory,-10.316,1,PASS,35,,n,factory,LEMMA,,MASTER,0,1,0,,factor,,,1,0,0,ESDB_V0_4
2823,2897,fake,-10.316,1,PASS,35,,n_v;aj,fake,LEMMA,,MASTER,0,1,1,,,,faked,0,1,1,ESDB_V0_4
2824,2898,flag,-10.316,1,PASS,35,,n_v,flag,LEMMA,,MASTER,0,1,1,lag,,,flags,1,1,1,ESDB_V0_4
2825,2899,founded,-10.316,1,PASS,35,,v,found,FORM,,MASTER,0,0,0,,,,,0,0,0,ESDB_V0_4
2826,2900,gained,-10.316,1,PASS,35,,n_v,gain,FORM,,MASTER,0,0,0,,,,,0,0,0,ESDB_V0_4
2827,2901,hidden,-10.316,1,PASS,35,,aj;n_v,hidden;hide,LEMMA;FORM,,MASTER,0,0,0,,,,,0,0,0,ESDB_V0_4
2828,2902,hide,-10.316,1,PASS,35,,n_v;v,hide,LEMMA,,MASTER,0,1,1,,hid,,hides,1,1,1,ESDB_V0_4
2829,2903,kinds,-10.316,1,PASS,35,,n,kind,FORM,,MASTER,0,1,0,,kind,,,1,0,0,ESDB_V0_4
2830,2904,matt,-10.316,0,NOT_EXACT_EN_US,,,,,,,REJECTED_AUTO,0,0,0,,,,,0,0,0,ESDB_V0_4
2831,2905,ministers,-10.316,1,PASS,35,,n_v,minister,FORM,,MASTER,0,1,0,,minister,,,1,0,0,ESDB_V0_4
2832,2906,motor,-10.316,1,PASS,35,,n_v;aj,motor,LEMMA,,MASTER,0,1,1,,,,motors,0,1,1,ESDB_V0_4
2833,2907,multi,-10.316,0,NO_ESDB_GENERAL_EVIDENCE,,,,,,,REJECTED_AUTO,0,0,0,,,,,0,0,0,ESDB_V0_4
2834,2908,musical,-10.316,1,PASS,35,,n;aj,musical,LEMMA,,MASTER,0,0,0,,,,,0,0,0,ESDB_V0_4
2835,2909,navy,-10.316,1,PASS,35,60,n;a,navy,LEMMA,,MASTER,0,0,0,,,,,0,0,0,ESDB_V0_4
2836,2910,officially,-10.316,1,PASS,35,,av,officially,LEMMA,,MASTER,0,0,0,,,,,0,0,0,ESDB_V0_4
2837,2911,panel,-10.316,1,PASS,35,,n_v,panel,LEMMA,,MASTER,0,1,1,,,,panels,0,1,1,ESDB_V0_4
2838,2912,personality,-10.316,1,PASS,35,,n,personality,LEMMA,,MASTER,0,0,0,,,,,0,0,0,ESDB_V0_4
2839,2913,politicians,-10.316,1,PASS,35,,n,politician,FORM,,MASTER,0,1,0,,politician,,,1,0,0,ESDB_V0_4
2840,2914,pounds,-10.316,1,PASS,35,,n;v,pound,FORM,,MASTER,0,1,0,,pound,,,1,0,0,ESDB_V0_4
2841,2915,raw,-10.316,1,PASS,35,,n;aj,raw,LEMMA,,MASTER,0,1,1,aw,,draw,,1,1,0,ESDB_V0_4
2842,2916,resulting,-10.316,1,PASS,35,,n_v,result,FORM,,MASTER,0,0,0,,,,,0,0,0,ESDB_V0_4
2843,2917,rice,-10.316,1,PASS,35,50,n;v,rice,LEMMA,,MASTER,0,1,1,ice,,price,,1,1,0,ESDB_V0_4
2844,2918,riding,-10.316,1,PASS,35,,n_v;n,ride;riding,FORM;LEMMA,,MASTER,0,0,0,,,,,0,0,0,ESDB_V0_4
2845,2919,rising,-10.316,1,PASS,35,,n_v;n,rise;rising,FORM;LEMMA,,MASTER,0,1,1,,,arising,,0,1,0,ESDB_V0_4
2846,2920,roads,-10.316,1,PASS,35,,n,road,FORM,,MASTER,0,1,0,,road,,,1,0,0,ESDB_V0_4
2847,2921,roles,-10.316,1,PASS,35,,n,role,FORM,,MASTER,0,1,0,,role,,,1,0,0,ESDB_V0_4
2848,2922,scientists,-10.316,1,PASS,35,,n,scientist,FORM,,MASTER,0,1,0,,scientist,,,1,0,0,ESDB_V0_4
2849,2923,seats,-10.316,1,PASS,35,,n_v;n,seat;seats,FORM;LEMMA,,MASTER,0,1,0,eats,seat,,,2,0,0,ESDB_V0_4
2850,2924,soil,-10.316,1,PASS,35,,n;v,soil,LEMMA,,MASTER,0,1,1,oil,,,soils,1,1,1,ESDB_V0_4
2851,2925,staying,-10.316,1,PASS,35,,n_v;n,stay;staying,FORM;LEMMA,,MASTER,0,0,0,,,,,0,0,0,ESDB_V0_4
2852,2926,surely,-10.316,1,PASS,35,,av,surely,LEMMA,,MASTER,0,0,0,,,,,0,0,0,ESDB_V0_4
2853,2927,switch,-10.316,1,PASS,35,,n_v,switch,LEMMA,,MASTER,0,1,0,witch,,,,1,0,0,ESDB_V0_4
2854,2928,trading,-10.316,1,PASS,35,,n_v;n,trade;trading,FORM;LEMMA,,MASTER,0,0,0,,,,,0,0,0,ESDB_V0_4
2855,2929,ultimate,-10.316,1,PASS,35,,n;aj,ultimate,LEMMA,,MASTER,0,0,0,,,,,0,0,0,ESDB_V0_4
2856,2930,violent,-10.316,1,PASS,35,,aj,violent,LEMMA,,MASTER,0,0,0,,,,,0,0,0,ESDB_V0_4
2857,2931,visual,-10.316,1,PASS,35,,n;aj,visual,LEMMA,,MASTER,0,1,1,,,,visuals,0,1,1,ESDB_V0_4
2858,2932,voted,-10.316,1,PASS,35,,n_v,vote,FORM,,MASTER,0,1,0,,vote,,,1,0,0,ESDB_V0_4
2859,2933,wealth,-10.316,1,PASS,35,,n,wealth,LEMMA,,MASTER,0,1,1,,,,wealthy,0,1,0,ESDB_V0_4
2860,2934,wheel,-10.316,1,PASS,35,,n_v,wheel,LEMMA,,MASTER,0,1,1,heel,,,wheels,1,1,1,ESDB_V0_4
2861,2935,worldwide,-10.316,1,PASS,35,,aj,worldwide,LEMMA,,MASTER,0,0,0,,,,,0,0,0,ESDB_V0_4
2862,2936,advertising,-10.3374,1,PASS,35,,v;n,advertise;advertising,FORM;LEMMA,,MASTER,0,0,0,,,,,0,0,0,ESDB_V0_4
2863,2937,attacked,-10.3374,1,PASS,35,,n_v,attack,FORM,,MASTER,0,0,0,,,,,0,0,0,ESDB_V0_4
2864,2938,balls,-10.3374,1,PASS,35,,n_v;m,ball;balls,FORM;LEMMA,,MASTER,0,1,0,,ball,,,1,0,0,ESDB_V0_4
2865,2939,bond,-10.3374,1,PASS,35,50,n_v,bond,LEMMA,,MASTER,0,1,1,,,,bonds,0,1,1,ESDB_V0_4
2866,2940,bread,-10.3374,1,PASS,35,,n;v,bread,LEMMA,,MASTER,0,1,0,read,,,,1,0,0,ESDB_V0_4
2867,2941,champions,-10.3374,1,PASS,35,,n_v,champion,FORM,,MASTER,0,1,0,,champion,,,1,0,0,ESDB_V0_4
2868,2942,clinical,-10.3374,1,PASS,35,,aj,clinical,LEMMA,,MASTER,0,0,0,,,,,0,0,0,ESDB_V0_4
2869,2943,colour,-10.3374,0,NOT_EXACT_EN_US,,,,,,,REJECTED_AUTO,0,0,0,,,,,0,0,0,ESDB_V0_4
2870,2944,comparison,-10.3374,1,PASS,35,,n,comparison,LEMMA,,MASTER,0,1,1,,,,comparisons,0,1,1,ESDB_V0_4
2871,2945,contest,-10.3374,1,PASS,35,,n_v,contest,LEMMA,,MASTER,0,1,1,,,,contests,0,1,1,ESDB_V0_4
2872,2946,contributed,-10.3374,1,PASS,35,,v,contribute,FORM,,MASTER,0,1,0,,contribute,,,1,0,0,ESDB_V0_4
2873,2947,dates,-10.3374,1,PASS,35,,n_v,date,FORM,,MASTER,0,1,0,,date,,,1,0,0,ESDB_V0_4
2874,2948,deaths,-10.3374,1,PASS,35,,n,death,FORM,,MASTER,0,1,0,,death,,,1,0,0,ESDB_V0_4
2875,2949,decades,-10.3374,1,PASS,35,,n,decade,FORM,,MASTER,0,1,0,,decade,,,1,0,0,ESDB_V0_4
2876,2950,driven,-10.3374,1,PASS,35,,n_v;aj,drive;driven,FORM;LEMMA,,MASTER,0,1,0,,drive,,,1,0,0,ESDB_V0_4
2877,2951,drivers,-10.3374,1,PASS,35,,n,driver,FORM,,MASTER,0,1,0,rivers,driver,,,2,0,0,ESDB_V0_4
2878,2952,earned,-10.3374,1,PASS,35,,v;aj,earn;earned,FORM;LEMMA,,MASTER,0,1,1,,,learned,,0,1,0,ESDB_V0_4
2879,2953,faced,-10.3374,1,PASS,35,,n_v;aj,face;faced,FORM;LEMMA,,MASTER,0,1,0,,face,,,1,0,0,ESDB_V0_4
2880,2954,favourite,-10.3374,0,NOT_EXACT_EN_US,,,,,,,REJECTED_AUTO,0,0,0,,,,,0,0,0,ESDB_V0_4
2881,2955,formation,-10.3374,1,PASS,35,,n,formation,LEMMA,,MASTER,0,1,1,,,,formations,0,1,1,ESDB_V0_4
2882,2956,golf,-10.3374,1,PASS,35,,n;v,golf,LEMMA,,MASTER,0,0,0,,,,,0,0,0,ESDB_V0_4
2883,2957,guest,-10.3374,1,PASS,35,,n_v;a,guest,LEMMA,,MASTER,0,1,1,,,,guests,0,1,1,ESDB_V0_4
2884,2958,historic,-10.3374,1,PASS,35,,aj,historic,LEMMA,,MASTER,0,0,0,,,,,0,0,0,ESDB_V0_4
2885,2959,hong,-10.3374,0,NOT_EXACT_EN_US,,,,,,,REJECTED_AUTO,0,0,0,,,,,0,0,0,ESDB_V0_4
2886,2960,hopefully,-10.3374,1,PASS,35,,av,hopefully,LEMMA,,MASTER,0,0,0,,,,,0,0,0,ESDB_V0_4
2887,2961,joseph,-10.3374,0,NOT_EXACT_EN_US,,,,,,,REJECTED_AUTO,0,0,0,,,,,0,0,0,ESDB_V0_4
2888,2962,loud,-10.3374,1,PASS,35,,aj_av,loud,LEMMA,,MASTER,0,1,1,,,cloud;aloud,,0,2,0,ESDB_V0_4
2889,2963,manufacturing,-10.3374,1,PASS,35,,v;n,manufacture;manufacturing,FORM;LEMMA,,MASTER,0,0,0,,,,,0,0,0,ESDB_V0_4
2890,2964,mess,-10.3374,1,PASS,35,,n_v,mess,LEMMA,,MASTER,0,1,1,,,,messy,0,1,0,ESDB_V0_4
2891,2965,mile,-10.3374,1,PASS,35,,n,mile,LEMMA,,MASTER,0,1,1,,mil,smile,miles,1,2,1,ESDB_V0_4
2892,2966,observed,-10.3374,1,PASS,35,,v;aj,observe;observed,FORM;LEMMA,,MASTER,0,1,0,,observe,,,1,0,0,ESDB_V0_4
2893,2967,pattern,-10.3374,1,PASS,35,,n_v,pattern,LEMMA,,MASTER,0,1,1,,,,patterns,0,1,1,ESDB_V0_4
2894,2968,pregnant,-10.3374,1,PASS,35,,aj,pregnant,LEMMA,,MASTER,0,0,0,,,,,0,0,0,ESDB_V0_4
2895,2969,promised,-10.3374,1,PASS,35,,n_v,promise,FORM,,MASTER,0,1,0,,promise,,,1,0,0,ESDB_V0_4
2896,2970,proposal,-10.3374,1,PASS,35,,n,proposal,LEMMA,,MASTER,0,1,1,,,,proposals,0,1,1,ESDB_V0_4
2897,2971,puts,-10.3374,1,PASS,35,,n_v,put,FORM,,MASTER,0,1,0,,put,,,1,0,0,ESDB_V0_4
2898,2972,regularly,-10.3374,1,PASS,35,,av,regularly,LEMMA,,MASTER,0,0,0,,,,,0,0,0,ESDB_V0_4
2899,2973,returning,-10.3374,1,PASS,35,,n_v;aj,return;returning,FORM;LEMMA,,MASTER,0,0,0,,,,,0,0,0,ESDB_V0_4
2900,2974,roof,-10.3374,1,PASS,35,,n;v,roof,LEMMA,,MASTER,0,1,1,,,proof,roofs,0,2,1,ESDB_V0_4
2901,2975,ryan,-10.3374,0,NOT_EXACT_EN_US,,,,,,,REJECTED_AUTO,0,0,0,,,,,0,0,0,ESDB_V0_4
2902,2976,shame,-10.3374,1,PASS,35,,n_v,shame,LEMMA,,MASTER,0,1,0,,sham,,,1,0,0,ESDB_V0_4
2903,2977,shares,-10.3374,1,PASS,35,,n_v,share,FORM,,MASTER,0,1,0,,share,,,1,0,0,ESDB_V0_4
2904,2978,shipping,-10.3374,1,PASS,35,,n_v;n,ship;shipping,FORM;LEMMA,,MASTER,0,0,0,,,,,0,0,0,ESDB_V0_4
2905,2979,smell,-10.3374,1,PASS,35,,n_v,smell,LEMMA,,MASTER,0,1,1,,,,smells;smelly,0,2,1,ESDB_V0_4
2906,2980,spoken,-10.3374,1,PASS,35,,v;aj,speak;spoken,FORM;LEMMA,,MASTER,0,1,0,,spoke,,,1,0,0,ESDB_V0_4
2907,2981,stayed,-10.3374,1,PASS,35,,n_v,stay,FORM,,MASTER,0,0,0,,,,,0,0,0,ESDB_V0_4
2908,2982,strongly,-10.3374,1,PASS,35,,av,strongly,LEMMA,,MASTER,0,0,0,,,,,0,0,0,ESDB_V0_4
2909,2983,surrounding,-10.3374,1,PASS,35,,v;n,surround;surrounding,FORM;LEMMA,,MASTER,0,1,1,,,,surroundings,0,1,1,ESDB_V0_4
2910,2984,tip,-10.3374,1,PASS,35,,n_v,tip,LEMMA,,MASTER,0,1,1,,,,tips,0,1,1,ESDB_V0_4
2911,2985,waters,-10.3374,1,PASS,35,50,v;n,water;waters,FORM;LEMMA,,MASTER,0,1,0,,water,,,1,0,0,ESDB_V0_4
2912,2986,absolute,-10.3624,1,PASS,35,,n;aj,absolute,LEMMA,,MASTER,0,0,0,,,,,0,0,0,ESDB_V0_4
2913,2987,agricultural,-10.3624,1,PASS,35,,aj,agricultural,LEMMA,,MASTER,0,0,0,,,,,0,0,0,ESDB_V0_4
2914,2988,arab,-10.3624,0,NOT_EXACT_EN_US,,,,,,,REJECTED_AUTO,0,0,0,,,,,0,0,0,ESDB_V0_4
2915,2989,baseball,-10.3624,1,PASS,35,,n,baseball,LEMMA,,MASTER,0,0,0,,,,,0,0,0,ESDB_V0_4
2916,2990,bathroom,-10.3624,1,PASS,35,,n,bathroom,LEMMA,,MASTER,0,1,1,,,,bathrooms,0,1,1,ESDB_V0_4
2917,2991,bc,-10.3624,0,NOT_EXACT_EN_US,,,,,,,REJECTED_AUTO,0,0,0,,,,,0,0,0,ESDB_V0_4
2918,2992,belief,-10.3624,1,PASS,35,,n,belief,LEMMA,,MASTER,0,1,1,,,,beliefs,0,1,1,ESDB_V0_4
2919,2993,bye,-10.3624,1,PASS,35,,n;i,bye,LEMMA,,MASTER,0,1,0,ye,by,,,2,0,0,ESDB_V0_4
2920,2994,castle,-10.3624,1,PASS,35,,n_v,castle,LEMMA,,MASTER,0,1,1,,,,castles,0,1,1,ESDB_V0_4
2921,2995,chest,-10.3624,1,PASS,35,,n,chest,LEMMA,,MASTER,0,0,0,,,,,0,0,0,ESDB_V0_4
2922,2996,childhood,-10.3624,1,PASS,35,,n,childhood,LEMMA,,MASTER,0,0,0,,,,,0,0,0,ESDB_V0_4
2923,2997,confused,-10.3624,1,PASS,35,,v;aj,confuse;confused,FORM;LEMMA,,MASTER,0,1,0,,confuse,,,1,0,0,ESDB_V0_4
2924,2998,crimes,-10.3624,1,PASS,35,,n,crime,FORM,,MASTER,0,1,0,,crime,,,1,0,0,ESDB_V0_4
2925,2999,criticism,-10.3624,1,PASS,35,,n,criticism,LEMMA,,MASTER,0,1,1,,,,criticisms,0,1,1,ESDB_V0_4
2926,3000,dancing,-10.3624,1,PASS,35,,n_v;n,dance;dancing,FORM;LEMMA,,MASTER,0,0,0,,,,,0,0,0,ESDB_V0_4
2927,3001,destroy,-10.3624,1,PASS,35,,v,destroy,LEMMA,,MASTER,0,1,1,,,,destroys,0,1,1,ESDB_V0_4
2928,3002,doctors,-10.3624,1,PASS,35,,n_v,doctor,FORM,,MASTER,0,1,0,,doctor,,,1,0,0,ESDB_V0_4
2929,3003,document,-10.3624,1,PASS,35,,n_v,document,LEMMA,,MASTER,0,1,1,,,,documents,0,1,1,ESDB_V0_4
2930,3004,eggs,-10.3624,1,PASS,35,,n_v,egg,FORM,,MASTER,0,1,0,,egg,,,1,0,0,ESDB_V0_4
2931,3005,element,-10.3624,1,PASS,35,,n,element,LEMMA,,MASTER,0,1,1,,,,elements,0,1,1,ESDB_V0_4
2932,3006,exciting,-10.3624,1,PASS,35,,v;aj,excite;exciting,FORM;LEMMA,,MASTER,0,0,0,,,,,0,0,0,ESDB_V0_4
2933,3007,exposed,-10.3624,1,PASS,35,,n_v;aj,expose;exposed,FORM;LEMMA,,MASTER,0,1,0,,expose,,,1,0,0,ESDB_V0_4
2934,3008,extensive,-10.3624,1,PASS,35,,aj,extensive,LEMMA,,MASTER,0,0,0,,,,,0,0,0,ESDB_V0_4
2935,3009,facing,-10.3624,1,PASS,35,,n_v;n,face;facing,FORM;LEMMA,,MASTER,0,0,0,,,,,0,0,0,ESDB_V0_4
2936,3010,fought,-10.3624,1,PASS,35,,n_v,fight,FORM,,MASTER,0,1,0,ought,,,,1,0,0,ESDB_V0_4
2937,3011,fucked,-10.3624,1,PASS,40,,n_v,fuck,FORM,vulgar-1,MASTER,0,0,0,,,,,0,0,0,ESDB_V0_4
2938,3012,grounds,-10.3624,1,PASS,35,,n_v,ground,FORM,,MASTER,0,1,0,rounds,ground,,,2,0,0,ESDB_V0_4
2939,3013,harm,-10.3624,1,PASS,35,,n;v,harm,LEMMA,,MASTER,0,1,1,arm,,charm,harms,1,2,1,ESDB_V0_4
2940,3014,heritage,-10.3624,1,PASS,35,,n,heritage,LEMMA,,MASTER,0,0,0,,,,,0,0,0,ESDB_V0_4
2941,3015,ideal,-10.3624,1,PASS,35,,n;aj,ideal,LEMMA,,MASTER,0,1,1,deal,idea,,ideals,2,1,1,ESDB_V0_4
2942,3016,interior,-10.3624,1,PASS,35,,n;aj,interior,LEMMA,,MASTER,0,1,1,,,,interiors,0,1,1,ESDB_V0_4
2943,3017,jordan,-10.3624,0,NOT_EXACT_EN_US,,,,,,,REJECTED_AUTO,0,0,0,,,,,0,0,0,ESDB_V0_4
2944,3018,kevin,-10.3624,0,NOT_EXACT_EN_US,,,,,,,REJECTED_AUTO,0,0,0,,,,,0,0,0,ESDB_V0_4
2945,3019,managers,-10.3624,1,PASS,35,,n,manager,FORM,,MASTER,0,1,0,,manager,,,1,0,0,ESDB_V0_4
2946,3020,manchester,-10.3624,0,NOT_EXACT_EN_US,,,,,,,REJECTED_AUTO,0,0,0,,,,,0,0,0,ESDB_V0_4
2947,3021,marks,-10.3624,1,PASS,35,50,n_v,mark,FORM,,MASTER,0,1,0,,mark,,,1,0,0,ESDB_V0_4
2948,3022,mining,-10.3624,1,PASS,35,,n_v;n,mine;mining,FORM;LEMMA,,MASTER,0,0,0,,,,,0,0,0,ESDB_V0_4
2949,3023,performing,-10.3624,1,PASS,35,,v;n,perform;performing,FORM;LEMMA,,MASTER,0,0,0,,,,,0,0,0,ESDB_V0_4
2950,3024,plate,-10.3624,1,PASS,35,,n_v,plate,LEMMA,,MASTER,0,1,1,late,,,plates;plated,1,2,2,ESDB_V0_4
2951,3025,plot,-10.3624,1,PASS,35,,n_v,plot,LEMMA,,MASTER,0,1,1,lot,,,plots,1,1,1,ESDB_V0_4
2952,3026,pope,-10.3624,1,PASS,35,40,n,pope,LEMMA,,MASTER,0,1,0,,pop,,,1,0,0,ESDB_V0_4
2953,3027,posts,-10.3624,1,PASS,35,,n_v,post,FORM,,MASTER,0,1,0,,post,,,1,0,0,ESDB_V0_4
2954,3028,premier,-10.3624,1,PASS,35,,n_v;aj,premier,LEMMA,,MASTER,0,1,1,,,,premiere,0,1,0,ESDB_V0_4
2955,3029,programming,-10.3624,1,PASS,35,,v;n_v;n,program;programme;programming,FORM;LEMMA,,MASTER,0,0,0,,,,,0,0,0,ESDB_V0_4
2956,3030,proved,-10.3624,1,PASS,35,,v;aj,prove;proved,FORM;LEMMA,,MASTER,0,1,0,,prove,,,1,0,0,ESDB_V0_4
2957,3031,publication,-10.3624,1,PASS,35,,n,publication,LEMMA,,MASTER,0,1,1,,,,publications,0,1,1,ESDB_V0_4
2958,3032,regulations,-10.3624,1,PASS,35,,n,regulation,FORM,,MASTER,0,1,0,,regulation,,,1,0,0,ESDB_V0_4
2959,3033,repeat,-10.3624,1,PASS,35,,n_v,repeat,LEMMA,,MASTER,0,1,1,,,,repeats,0,1,1,ESDB_V0_4
2960,3034,researchers,-10.3624,1,PASS,35,,n,researcher,FORM,,MASTER,0,1,0,,researcher,,,1,0,0,ESDB_V0_4
2961,3035,simon,-10.3624,0,NOT_EXACT_EN_US,,,,,,,REJECTED_AUTO,0,0,0,,,,,0,0,0,ESDB_V0_4
2962,3036,stable,-10.3624,1,PASS,35,,n_v;aj,stable,LEMMA,,MASTER,0,1,1,table,,,stables,1,1,1,ESDB_V0_4
2963,3037,studied,-10.3624,1,PASS,35,,aj;n_v,studied;study,LEMMA;FORM,,MASTER,0,0,0,,,,,0,0,0,ESDB_V0_4
2964,3038,symptoms,-10.3624,1,PASS,35,,n,symptom,FORM,,MASTER,0,1,0,,symptom,,,1,0,0,ESDB_V0_4
2965,3039,temporary,-10.3624,1,PASS,35,,n;aj,temporary,LEMMA,,MASTER,0,0,0,,,,,0,0,0,ESDB_V0_4
2966,3040,tie,-10.3624,1,PASS,35,,n_v,tie,LEMMA,,MASTER,0,1,1,,,,tied;ties;tier,0,3,2,ESDB_V0_4
2967,3041,visitors,-10.3624,1,PASS,35,,n,visitor,FORM,,MASTER,0,1,0,,visitor,,,1,0,0,ESDB_V0_4
2968,3042,wet,-10.3624,1,PASS,35,,n_v;aj,wet,LEMMA;FORM,,MASTER,0,1,0,,we,,,1,0,0,ESDB_V0_4
2969,3043,wilson,-10.3624,0,NOT_EXACT_EN_US,,,,,,,REJECTED_AUTO,0,0,0,,,,,0,0,0,ESDB_V0_4
2970,3044,wise,-10.3624,1,PASS,35,50,n;aj,wise,LEMMA,,MASTER,0,1,1,,,,wiser,0,1,1,ESDB_V0_4
2971,3045,yard,-10.3624,1,PASS,35,,n,yard,LEMMA,,MASTER,0,1,1,,,,yards,0,1,1,ESDB_V0_4
2972,3046,atlantic,-10.3848,0,NOT_EXACT_EN_US,,,,,,,REJECTED_AUTO,0,0,0,,,,,0,0,0,ESDB_V0_4
2973,3047,atmosphere,-10.3848,1,PASS,35,,n,atmosphere,LEMMA,,MASTER,0,0,0,,,,,0,0,0,ESDB_V0_4
2974,3048,audio,-10.3848,1,PASS,35,,n;a,audio,LEMMA,,MASTER,0,0,0,,,,,0,0,0,ESDB_V0_4
2975,3049,battery,-10.3848,1,PASS,35,,n,battery,LEMMA,,MASTER,0,1,0,,batter,,,1,0,0,ESDB_V0_4
2976,3050,behaviour,-10.3848,0,NOT_EXACT_EN_US,,,,,,,REJECTED_AUTO,0,0,0,,,,,0,0,0,ESDB_V0_4
2977,3051,continuing,-10.3848,1,PASS,35,,v;aj,continue;continuing,FORM;LEMMA,,MASTER,0,0,0,,,,,0,0,0,ESDB_V0_4
2978,3052,detailed,-10.3848,1,PASS,35,,n_v;aj,detail;detailed,FORM;LEMMA,,MASTER,0,0,0,,,,,0,0,0,ESDB_V0_4
2979,3053,edward,-10.3848,0,NOT_EXACT_EN_US,,,,,,,REJECTED_AUTO,0,0,0,,,,,0,0,0,ESDB_V0_4
2980,3054,effectively,-10.3848,1,PASS,35,,av,effectively,LEMMA,,MASTER,0,0,0,,,,,0,0,0,ESDB_V0_4
2981,3055,establishment,-10.3848,1,PASS,35,60,n,establishment,LEMMA,,MASTER,0,1,1,,,,establishments,0,1,1,ESDB_V0_4
2982,3056,evolution,-10.3848,1,PASS,35,,n,evolution,LEMMA,,MASTER,0,1,1,,,revolution;devolution,,0,2,0,ESDB_V0_4
2983,3057,exact,-10.3848,1,PASS,35,,v;aj,exact,LEMMA,,MASTER,0,0,0,,,,,0,0,0,ESDB_V0_4
2984,3058,exclusive,-10.3848,1,PASS,35,,n;aj,exclusive,LEMMA,,MASTER,0,0,0,,,,,0,0,0,ESDB_V0_4
2985,3059,experts,-10.3848,1,PASS,35,,n,expert,FORM,,MASTER,0,1,0,,expert,,,1,0,0,ESDB_V0_4
2986,3060,extension,-10.3848,1,PASS,35,,n;a,extension,LEMMA,,MASTER,0,1,1,,,,extensions,0,1,1,ESDB_V0_4
2987,3061,gate,-10.3848,1,PASS,35,,n_v,gate,LEMMA,,MASTER,0,1,1,ate,,,gates,1,1,1,ESDB_V0_4
2988,3062,hearts,-10.3848,1,PASS,35,,n,heart,FORM,,MASTER,0,1,0,,heart,,,1,0,0,ESDB_V0_4
2989,3063,hungry,-10.3848,1,PASS,35,,aj,hungry,LEMMA,,MASTER,0,0,0,,,,,0,0,0,ESDB_V0_4
2990,3064,improvement,-10.3848,1,PASS,35,,n,improvement,LEMMA,,MASTER,0,1,1,,,,improvements,0,1,1,ESDB_V0_4
2991,3065,indicated,-10.3848,1,PASS,35,,v,indicate,FORM,,MASTER,0,1,0,,indicate,,,1,0,0,ESDB_V0_4
2992,3066,initially,-10.3848,1,PASS,35,,av,initially,LEMMA,,MASTER,0,0,0,,,,,0,0,0,ESDB_V0_4
2993,3067,institution,-10.3848,1,PASS,35,,n,institution,LEMMA,,MASTER,0,1,1,,,,institutions,0,1,1,ESDB_V0_4
2994,3068,lands,-10.3848,1,PASS,35,,n_v,land,FORM,,MASTER,0,1,1,,land,glands,,1,1,0,ESDB_V0_4
2995,3069,lift,-10.3848,1,PASS,35,,n_v,lift,LEMMA,,MASTER,0,1,1,,,,lifts,0,1,1,ESDB_V0_4
2996,3070,moral,-10.3848,1,PASS,35,,n;aj,moral,LEMMA,,MASTER,0,1,1,oral,,,morals;morale,1,2,1,ESDB_V0_4
2997,3071,permission,-10.3848,1,PASS,35,,n,permission,LEMMA,,MASTER,0,0,0,,,,,0,0,0,ESDB_V0_4
2998,3072,plastic,-10.3848,1,PASS,35,,n;aj,plastic,LEMMA,,MASTER,0,1,1,,,,plastics,0,1,1,ESDB_V0_4
2999,3073,protected,-10.3848,1,PASS,35,,v;aj,protect;protected,FORM;LEMMA,,MASTER,0,0,0,,,,,0,0,0,ESDB_V0_4
3000,3074,recording,-10.3848,1,PASS,35,,n_v;n,record;recording,FORM;LEMMA,,MASTER,0,1,1,,,,recordings,0,1,1,ESDB_V0_4
3001,3075,rent,-10.3848,1,PASS,35,,v;n_v,rend;rent,FORM;LEMMA,,MASTER,0,1,1,,,,rents,0,1,1,ESDB_V0_4
3002,3076,santa,-10.3848,0,NOT_EXACT_EN_US,,,,,,,REJECTED_AUTO,0,0,0,,,,,0,0,0,ESDB_V0_4
3003,3077,scenes,-10.3848,1,PASS,35,,n,scene,FORM,,MASTER,0,1,0,,scene,,,1,0,0,ESDB_V0_4
3004,3078,shortly,-10.3848,1,PASS,35,,av,shortly,LEMMA,,MASTER,0,0,0,,,,,0,0,0,ESDB_V0_4
3005,3079,solar,-10.3848,1,PASS,35,,aj,solar,LEMMA,,MASTER,0,0,0,,,,,0,0,0,ESDB_V0_4
3006,3080,subsequent,-10.3848,1,PASS,35,,aj,subsequent,LEMMA,,MASTER,0,0,0,,,,,0,0,0,ESDB_V0_4
3007,3081,survive,-10.3848,1,PASS,35,,v,survive,LEMMA,,MASTER,0,1,1,,,,survived;survives,0,2,2,ESDB_V0_4
3008,3082,swear,-10.3848,1,PASS,35,,v,swear,LEMMA,,MASTER,0,1,0,wear,,,,1,0,0,ESDB_V0_4
3009,3083,syria,-10.3848,0,NOT_EXACT_EN_US,,,,,,,REJECTED_AUTO,0,0,0,,,,,0,0,0,ESDB_V0_4
3010,3084,temple,-10.3848,1,PASS,35,60,n,temple,LEMMA,,MASTER,0,1,1,,,,temples,0,1,1,ESDB_V0_4
3011,3085,treaty,-10.3848,1,PASS,35,,n,treaty,LEMMA,,MASTER,0,1,0,,treat,,,1,0,0,ESDB_V0_4
3012,3086,trend,-10.3848,1,PASS,35,,n_v,trend,LEMMA,,MASTER,0,1,1,,,,trends;trendy,0,2,1,ESDB_V0_4
3013,3087,tries,-10.3848,1,PASS,35,,n_v,try,FORM,,MASTER,0,0,0,,,,,0,0,0,ESDB_V0_4
3014,3088,valuable,-10.3848,1,PASS,35,,n;aj,valuable,LEMMA,,MASTER,0,0,0,,,,,0,0,0,ESDB_V0_4
3015,3089,virginia,-10.3848,0,NOT_EXACT_EN_US,,,,,,,REJECTED_AUTO,0,0,0,,,,,0,0,0,ESDB_V0_4
3016,3090,writers,-10.3848,1,PASS,35,,n,writer,FORM,,MASTER,0,1,0,,writer,,,1,0,0,ESDB_V0_4
3017,3091,attended,-10.4077,1,PASS,35,,v;aj,attend;attended,FORM;LEMMA,,MASTER,0,0,0,,,,,0,0,0,ESDB_V0_4
3018,3092,bike,-10.4077,1,PASS,35,,n_v,bike,LEMMA,,MASTER,0,1,1,,,,bikes;biker,0,2,1,ESDB_V0_4
3019,3093,breath,-10.4077,1,PASS,35,,n,breath,LEMMA,,MASTER,0,1,1,,,,breathe,0,1,0,ESDB_V0_4
3020,3094,bullshit,-10.4077,1,PASS,40,,n;v,bullshit,LEMMA;FORM,vulgar-1,MASTER,0,0,0,,,,,0,0,0,ESDB_V0_4
3021,3095,burning,-10.4077,1,PASS,35,,n_v;aj,burn;burning,FORM;LEMMA,,MASTER,0,0,0,,,,,0,0,0,ESDB_V0_4
3022,3096,chances,-10.4077,1,PASS,35,,n_v,chance,FORM,,MASTER,0,1,0,,chance,,,1,0,0,ESDB_V0_4
3023,3097,coal,-10.4077,1,PASS,35,,n_v,coal,LEMMA,,MASTER,0,0,0,,,,,0,0,0,ESDB_V0_4
3024,3098,curious,-10.4077,1,PASS,35,,aj,curious,LEMMA,,MASTER,0,0,0,,,,,0,0,0,ESDB_V0_4
3025,3099,decade,-10.4077,1,PASS,35,,n,decade,LEMMA,,MASTER,0,1,1,,,,decades,0,1,1,ESDB_V0_4
3026,3100,employed,-10.4077,1,PASS,35,,v;aj,employ;employed,FORM;LEMMA,,MASTER,0,0,0,,,,,0,0,0,ESDB_V0_4
3027,3101,fairly,-10.4077,1,PASS,35,,av,fairly,LEMMA,,MASTER,0,0,0,,,,,0,0,0,ESDB_V0_4
3028,3102,finger,-10.4077,1,PASS,35,,n_v,finger,LEMMA,,MASTER,0,1,1,,,,fingers,0,1,1,ESDB_V0_4
3029,3103,fingers,-10.4077,1,PASS,35,,n_v,finger,FORM,,MASTER,0,1,0,,finger,,,1,0,0,ESDB_V0_4
3030,3104,formula,-10.4077,1,PASS,35,,n,formula,LEMMA,,MASTER,0,1,1,,,,formulas,0,1,1,ESDB_V0_4
3031,3105,heading,-10.4077,1,PASS,35,,n_v;n,head;heading,FORM;LEMMA,,MASTER,0,0,0,,,,,0,0,0,ESDB_V0_4
3032,3106,increasingly,-10.4077,1,PASS,35,,av,increasingly,LEMMA,,MASTER,0,0,0,,,,,0,0,0,ESDB_V0_4
3033,3107,indicate,-10.4077,1,PASS,35,,v,indicate,LEMMA,,MASTER,0,1,1,,,,indicated;indicates,0,2,2,ESDB_V0_4
3034,3108,info,-10.4077,1,PASS,35,,n,info,LEMMA,,MASTER,0,0,0,,,,,0,0,0,ESDB_V0_4
3035,3109,iv,-10.4077,0,NO_ESDB_GENERAL_EVIDENCE,,,,,,,REJECTED_AUTO,0,0,0,,,,,0,0,0,ESDB_V0_4
3036,3110,junior,-10.4077,1,PASS,35,40,n;aj,junior,LEMMA,,MASTER,0,1,1,,,,juniors,0,1,1,ESDB_V0_4
3037,3111,les,-10.4077,0,NOT_EXACT_EN_US,,,,,,,REJECTED_AUTO,0,0,0,,,,,0,0,0,ESDB_V0_4
3038,3112,letting,-10.4077,1,PASS,35,,n_v;n,let;letting,FORM;LEMMA,,MASTER,0,0,0,,,,,0,0,0,ESDB_V0_4
3039,3113,meetings,-10.4077,1,PASS,35,,n,meeting,FORM,,MASTER,0,1,0,,meeting,,,1,0,0,ESDB_V0_4
3040,3114,obtain,-10.4077,1,PASS,35,,v,obtain,LEMMA,,MASTER,0,0,0,,,,,0,0,0,ESDB_V0_4
3041,3115,offices,-10.4077,1,PASS,35,,n,office,FORM,,MASTER,0,1,0,,office,,,1,0,0,ESDB_V0_4
3042,3116,operate,-10.4077,1,PASS,35,,v,operate,LEMMA,,MASTER,0,1,1,,,,operated;operates,0,2,2,ESDB_V0_4
3043,3117,pakistan,-10.4077,0,NOT_EXACT_EN_US,,,,,,,REJECTED_AUTO,0,0,0,,,,,0,0,0,ESDB_V0_4
3044,3118,peak,-10.4077,1,PASS,35,,n_v;a,peak,LEMMA,,MASTER,0,1,1,,pea,speak,peaks,1,2,1,ESDB_V0_4
3045,3119,personally,-10.4077,1,PASS,35,,av,personally,LEMMA,,MASTER,0,0,0,,,,,0,0,0,ESDB_V0_4
3046,3120,pointed,-10.4077,1,PASS,35,,n_v;aj,point;pointed,FORM;LEMMA,,MASTER,0,0,0,,,,,0,0,0,ESDB_V0_4
3047,3121,racing,-10.4077,1,PASS,35,,n_v;n,race;racing,FORM;LEMMA,,MASTER,0,1,1,,,tracing,,0,1,0,ESDB_V0_4
3048,3122,rapid,-10.4077,1,PASS,35,,n;aj,rapid,LEMMA,,MASTER,0,1,1,,,,rapids,0,1,1,ESDB_V0_4
3049,3123,relation,-10.4077,1,PASS,35,,n,relation,LEMMA,,MASTER,0,1,1,,,,relations,0,1,1,ESDB_V0_4
3050,3124,rough,-10.4077,1,PASS,35,,n;v;aj_av,rough,LEMMA,,MASTER,0,1,1,,,trough,,0,1,0,ESDB_V0_4
3051,3125,select,-10.4077,1,PASS,35,,v;aj,select,LEMMA,,MASTER,0,1,1,elect,,,selects,1,1,1,ESDB_V0_4
3052,3126,sin,-10.4077,1,PASS,35,,n_v,sin,LEMMA,,MASTER,0,1,1,in,,,sing;sink;sins,1,3,1,ESDB_V0_4
3053,3127,solutions,-10.4077,1,PASS,35,,n,solution,FORM,,MASTER,0,1,0,,solution,,,1,0,0,ESDB_V0_4
3054,3128,somehow,-10.4077,1,PASS,35,,av,somehow,LEMMA,,MASTER,0,0,0,,,,,0,0,0,ESDB_V0_4
3055,3129,sydney,-10.4077,0,NOT_EXACT_EN_US,,,,,,,REJECTED_AUTO,0,0,0,,,,,0,0,0,ESDB_V0_4
3056,3130,threw,-10.4077,1,PASS,35,,n_v,throw,FORM,,MASTER,0,0,0,,,,,0,0,0,ESDB_V0_4
3057,3132,uncle,-10.4077,1,PASS,35,,n,uncle,LEMMA,,MASTER,0,1,1,,,,uncles,0,1,1,ESDB_V0_4
3058,3133,weekly,-10.4077,1,PASS,35,,n;aj_av,weekly,LEMMA,,MASTER,0,0,0,,,,,0,0,0,ESDB_V0_4
3059,3134,worker,-10.4077,1,PASS,35,,n,worker,LEMMA,,MASTER,0,1,1,,,,workers,0,1,1,ESDB_V0_4
3060,3135,absence,-10.4311,1,PASS,35,,n,absence,LEMMA,,MASTER,0,0,0,,,,,0,0,0,ESDB_V0_4
3061,3136,academy,-10.4311,1,PASS,35,,n,academy,LEMMA,,MASTER,0,0,0,,,,,0,0,0,ESDB_V0_4
3062,3137,agriculture,-10.4311,1,PASS,35,,n,agriculture,LEMMA,,MASTER,0,0,0,,,,,0,0,0,ESDB_V0_4
3063,3138,authors,-10.4311,1,PASS,35,,n_v,author,FORM,,MASTER,0,1,0,,author,,,1,0,0,ESDB_V0_4
3064,3139,basketball,-10.4311,1,PASS,35,,n,basketball,LEMMA,,MASTER,0,0,0,,,,,0,0,0,ESDB_V0_4
3065,3140,clients,-10.4311,1,PASS,35,,n,client,FORM,,MASTER,0,1,0,,client,,,1,0,0,ESDB_V0_4
3066,3141,clubs,-10.4311,1,PASS,35,,n_v,club,FORM,,MASTER,0,1,0,,club,,,1,0,0,ESDB_V0_4
3067,3142,columbia,-10.4311,0,NOT_EXACT_EN_US,,,,,,,REJECTED_AUTO,0,0,0,,,,,0,0,0,ESDB_V0_4
3068,3143,concerning,-10.4311,1,PASS,35,,n_v,concern,FORM,,MASTER,0,0,0,,,,,0,0,0,ESDB_V0_4
3069,3144,conclusion,-10.4311,1,PASS,35,,n,conclusion,LEMMA,,MASTER,0,1,1,,,,conclusions,0,1,1,ESDB_V0_4
3070,3145,consistent,-10.4311,1,PASS,35,,aj,consistent,LEMMA,,MASTER,0,0,0,,,,,0,0,0,ESDB_V0_4
3071,3146,consists,-10.4311,1,PASS,35,,v,consist,FORM,,MASTER,0,1,0,,consist,,,1,0,0,ESDB_V0_4
3072,3147,contemporary,-10.4311,1,PASS,35,,n;aj,contemporary,LEMMA,,MASTER,0,0,0,,,,,0,0,0,ESDB_V0_4
3073,3148,defend,-10.4311,1,PASS,35,,v,defend,LEMMA,,MASTER,0,1,1,,,,defends,0,1,1,ESDB_V0_4
3074,3149,demands,-10.4311,1,PASS,35,,n_v,demand,FORM,,MASTER,0,1,0,,demand,,,1,0,0,ESDB_V0_4
3075,3150,directors,-10.4311,1,PASS,35,,n,director,FORM,,MASTER,0,1,0,,director,,,1,0,0,ESDB_V0_4
3076,3151,discovery,-10.4311,1,PASS,35,,n,discovery,LEMMA,,MASTER,0,1,0,,discover,,,1,0,0,ESDB_V0_4
3077,3152,dna,-10.4311,0,NOT_EXACT_EN_US,,,,,,,REJECTED_AUTO,0,0,0,,,,,0,0,0,ESDB_V0_4
3078,3153,drew,-10.4311,1,PASS,35,50,n_v,draw,FORM,,MASTER,0,0,0,,,,,0,0,0,ESDB_V0_4
3079,3154,dumb,-10.4311,1,PASS,35,,aj,dumb,LEMMA,,MASTER,0,0,0,,,,,0,0,0,ESDB_V0_4
3080,3155,explanation,-10.4311,1,PASS,35,,n,explanation,LEMMA,,MASTER,0,1,1,,,,explanations,0,1,1,ESDB_V0_4
3081,3156,gross,-10.4311,1,PASS,35,50,v;aj;n,gross,LEMMA;FORM,,MASTER,0,0,0,,,,,0,0,0,ESDB_V0_4
3082,3157,hanging,-10.4311,1,PASS,35,,v;n,hang;hanging,FORM;LEMMA,,MASTER,0,1,1,,,changing,,0,1,0,ESDB_V0_4
3083,3158,hunt,-10.4311,1,PASS,35,50,n_v,hunt,LEMMA,,MASTER,0,1,1,,,,hunts,0,1,1,ESDB_V0_4
3084,3159,ignore,-10.4311,1,PASS,35,,v,ignore,LEMMA,,MASTER,0,1,1,,,,ignored;ignores,0,2,2,ESDB_V0_4
3085,3160,infrastructure,-10.4311,1,PASS,35,,n,infrastructure,LEMMA,,MASTER,0,0,0,,,,,0,0,0,ESDB_V0_4
3086,3161,inner,-10.4311,1,PASS,35,,aj,inner,LEMMA,,MASTER,0,1,1,,,dinner;winner;sinner,,0,3,0,ESDB_V0_4
3087,3162,islamic,-10.4311,0,NOT_EXACT_EN_US,,,,,,,REJECTED_AUTO,0,0,0,,,,,0,0,0,ESDB_V0_4
3088,3163,israeli,-10.4311,0,NOT_EXACT_EN_US,,,,,,,REJECTED_AUTO,0,0,0,,,,,0,0,0,ESDB_V0_4
3089,3164,judges,-10.4311,1,PASS,35,60,n_v,judge,FORM,,MASTER,0,1,0,,judge,,,1,0,0,ESDB_V0_4
3090,3165,kong,-10.4311,0,NOT_EXACT_EN_US,,,,,,,REJECTED_AUTO,0,0,0,,,,,0,0,0,ESDB_V0_4
3091,3166,landing,-10.4311,1,PASS,35,,n_v;n,land;landing,FORM;LEMMA,,MASTER,0,1,1,,,,landings,0,1,1,ESDB_V0_4
3092,3167,lets,-10.4311,1,PASS,35,,n_v,let,FORM,,MASTER,0,1,0,,let,,,1,0,0,ESDB_V0_4
3093,3168,maintenance,-10.4311,1,PASS,35,,n,maintenance,LEMMA,,MASTER,0,0,0,,,,,0,0,0,ESDB_V0_4
3094,3169,meal,-10.4311,1,PASS,35,,n,meal,LEMMA,,MASTER,0,1,1,,,,meals,0,1,1,ESDB_V0_4
3095,3170,moscow,-10.4311,0,NOT_EXACT_EN_US,,,,,,,REJECTED_AUTO,0,0,0,,,,,0,0,0,ESDB_V0_4
3096,3171,networks,-10.4311,1,PASS,35,,n_v,network,FORM,,MASTER,0,1,0,,network,,,1,0,0,ESDB_V0_4
3097,3172,organisation,-10.4311,0,NOT_EXACT_EN_US,,,,,,,REJECTED_AUTO,0,0,0,,,,,0,0,0,ESDB_V0_4
3098,3173,paint,-10.4311,1,PASS,35,,n_v,paint,LEMMA,,MASTER,0,1,1,,pain,,paints,1,1,1,ESDB_V0_4
3099,3174,pants,-10.4311,1,PASS,35,,n_v,pant,FORM,,MASTER,0,1,0,ants,,,,1,0,0,ESDB_V0_4
3100,3175,parking,-10.4311,1,PASS,35,,n_v;n,park;parking,FORM;LEMMA,,MASTER,0,0,0,,,,,0,0,0,ESDB_V0_4
3101,3176,rail,-10.4311,1,PASS,35,,n_v;n,rail,LEMMA;FORM,,MASTER,0,1,1,,,trail;frail,rails,0,3,1,ESDB_V0_4
3102,3177,reaching,-10.4311,1,PASS,35,,n_v;n,reach;reaching,FORM;LEMMA,,MASTER,0,1,1,,,preaching,,0,1,0,ESDB_V0_4
3103,3178,rush,-10.4311,1,PASS,35,50,n_v;aj,rush,LEMMA,,MASTER,0,1,1,,,brush;crush,,0,2,0,ESDB_V0_4
3104,3179,semi,-10.4311,1,PASS,50,,n,semi,LEMMA,,MASTER,0,0,0,,,,,0,0,0,ESDB_V0_4
3105,3180,sharp,-10.4311,1,PASS,35,50,n_v;aj_av,sharp,LEMMA,,MASTER,0,1,0,harp,,,,1,0,0,ESDB_V0_4
3106,3181,shoulder,-10.4311,1,PASS,35,,n_v,shoulder,LEMMA,,MASTER,0,1,1,,,,shoulders,0,1,1,ESDB_V0_4
3107,3182,silence,-10.4311,1,PASS,35,,n_v,silence,LEMMA,,MASTER,0,1,1,,,,silenced,0,1,1,ESDB_V0_4
3108,3183,singer,-10.4311,1,PASS,35,50,n,singer,LEMMA,,MASTER,0,1,1,,,,singers,0,1,1,ESDB_V0_4
3109,3184,soccer,-10.4311,1,PASS,35,,n,soccer,LEMMA,,MASTER,0,0,0,,,,,0,0,0,ESDB_V0_4
3110,3185,soldier,-10.4311,1,PASS,35,,n_v,soldier,LEMMA,,MASTER,0,1,1,,,,soldiers,0,1,1,ESDB_V0_4
3111,3186,spiritual,-10.4311,1,PASS,35,,n;aj,spiritual,LEMMA,,MASTER,0,0,0,,,,,0,0,0,ESDB_V0_4
3112,3187,supplies,-10.4311,1,PASS,35,,n_v,supply,FORM,,MASTER,0,0,0,,,,,0,0,0,ESDB_V0_4
3113,3188,suspect,-10.4311,1,PASS,35,,n_v;aj,suspect,LEMMA,,MASTER,0,1,1,,,,suspects,0,1,1,ESDB_V0_4
3114,3189,tears,-10.4311,1,PASS,35,,n;v,tear;tears,FORM;LEMMA,,MASTER,0,1,0,ears,tear,,,2,0,0,ESDB_V0_4
3115,3190,tim,-10.4311,0,NOT_EXACT_EN_US,,,,,,,REJECTED_AUTO,0,0,0,,,,,0,0,0,ESDB_V0_4
3116,3191,trick,-10.4311,1,PASS,35,,n_v;a,trick,LEMMA,,MASTER,0,1,1,,,,tricks;tricky,0,2,1,ESDB_V0_4
3117,3192,unusual,-10.4311,1,PASS,35,,aj,unusual,LEMMA,,MASTER,0,0,0,,,,,0,0,0,ESDB_V0_4
3118,3193,whereas,-10.4311,1,PASS,35,,c,whereas,LEMMA,,MASTER,0,0,0,,,,,0,0,0,ESDB_V0_4
3119,3194,wondering,-10.4311,1,PASS,35,,n_v;aj,wonder;wondering,FORM;LEMMA,,MASTER,0,0,0,,,,,0,0,0,ESDB_V0_4
3120,3196,aged,-10.4551,1,PASS,35,,n_v;n;aj,age;aged,FORM;LEMMA,,MASTER,0,1,1,,age,waged,,1,1,0,ESDB_V0_4
3121,3197,alliance,-10.4551,1,PASS,35,,n,alliance,LEMMA,,MASTER,0,1,1,,,,alliances,0,1,1,ESDB_V0_4
3122,3198,amounts,-10.4551,1,PASS,35,,n_v,amount,FORM,,MASTER,0,1,0,mounts,amount,,,2,0,0,ESDB_V0_4
3123,3199,angel,-10.4551,1,PASS,35,50,n,angel,LEMMA,,MASTER,0,1,1,,,,angels,0,1,1,ESDB_V0_4
3124,3200,approval,-10.4551,1,PASS,35,,n,approval,LEMMA,,MASTER,0,1,1,,,,approvals,0,1,1,ESDB_V0_4
3125,3201,argue,-10.4551,1,PASS,35,,v,argue,LEMMA,,MASTER,0,1,1,,,,argued;argues,0,2,2,ESDB_V0_4
3126,3202,assessment,-10.4551,1,PASS,35,,n,assessment,LEMMA,,MASTER,0,1,1,,,,assessments,0,1,1,ESDB_V0_4
3127,3203,attempted,-10.4551,1,PASS,35,,n_v;aj,attempt;attempted,FORM;LEMMA,,MASTER,0,0,0,,,,,0,0,0,ESDB_V0_4
3128,3204,barely,-10.4551,1,PASS,35,,av,barely,LEMMA,,MASTER,0,0,0,,,,,0,0,0,ESDB_V0_4
3129,3205,bedroom,-10.4551,1,PASS,35,,n;a,bedroom,LEMMA,,MASTER,0,1,1,,,,bedrooms,0,1,1,ESDB_V0_4
3130,3206,bishop,-10.4551,1,PASS,35,50,n,bishop,LEMMA,,MASTER,0,1,1,,,,bishops,0,1,1,ESDB_V0_4
3131,3207,ceremony,-10.4551,1,PASS,35,,n,ceremony,LEMMA,,MASTER,0,0,0,,,,,0,0,0,ESDB_V0_4
3132,3208,chamber,-10.4551,1,PASS,35,,n;a,chamber,LEMMA,,MASTER,0,1,1,,,,chambers,0,1,1,ESDB_V0_4
3133,3209,charity,-10.4551,1,PASS,35,50,n,charity,LEMMA,,MASTER,0,0,0,,,,,0,0,0,ESDB_V0_4
3134,3210,christians,-10.4551,0,NOT_EXACT_EN_US,,,,,,,REJECTED_AUTO,0,0,0,,,,,0,0,0,ESDB_V0_4
3135,3211,clothing,-10.4551,1,PASS,35,,v;n,clothe;clothing,FORM;LEMMA,,MASTER,0,0,0,,,,,0,0,0,ESDB_V0_4
3136,3212,cloud,-10.4551,1,PASS,35,,n_v,cloud,LEMMA,,MASTER,0,1,1,loud,,,clouds;cloudy,1,2,1,ESDB_V0_4
3137,3213,complicated,-10.4551,1,PASS,35,,v;aj,complicate;complicated,FORM;LEMMA,,MASTER,0,1,0,,complicate,,,1,0,0,ESDB_V0_4
3138,3214,contrast,-10.4551,1,PASS,35,,n_v,contrast,LEMMA,,MASTER,0,1,1,,,,contrasts,0,1,1,ESDB_V0_4
3139,3215,covers,-10.4551,1,PASS,35,,n_v,cover,FORM,,MASTER,0,1,0,overs,cover,,,2,0,0,ESDB_V0_4
3140,3216,egg,-10.4551,1,PASS,35,,n_v,egg,LEMMA,,MASTER,0,1,1,,,,eggs,0,1,1,ESDB_V0_4
3141,3217,eric,-10.4551,0,NOT_EXACT_EN_US,,,,,,,REJECTED_AUTO,0,0,0,,,,,0,0,0,ESDB_V0_4
3142,3218,ethnic,-10.4551,1,PASS,35,,n;aj,ethnic,LEMMA,,MASTER,0,0,0,,,,,0,0,0,ESDB_V0_4
3143,3219,farmers,-10.4551,1,PASS,35,,n,farmer,FORM,,MASTER,0,1,0,,farmer,,,1,0,0,ESDB_V0_4
3144,3220,fundamental,-10.4551,1,PASS,35,,n;aj,fundamental,LEMMA,,MASTER,0,1,1,,,,fundamentals,0,1,1,ESDB_V0_4
3145,3221,gap,-10.4551,1,PASS,35,50,n,gap,LEMMA,,MASTER,0,1,1,,,,gaps,0,1,1,ESDB_V0_4
3146,3222,grey,-10.4551,0,NOT_EXACT_EN_US,,,,,,,REJECTED_AUTO,0,0,0,,,,,0,0,0,ESDB_V0_4
3147,3223,happiness,-10.4551,1,PASS,35,,n,happiness,LEMMA,,MASTER,0,0,0,,,,,0,0,0,ESDB_V0_4
3148,3224,honour,-10.4551,0,NOT_EXACT_EN_US,,,,,,,REJECTED_AUTO,0,0,0,,,,,0,0,0,ESDB_V0_4
3149,3225,horrible,-10.4551,1,PASS,35,,aj,horrible,LEMMA,,MASTER,0,0,0,,,,,0,0,0,ESDB_V0_4
3150,3226,household,-10.4551,1,PASS,35,,n;a,household,LEMMA,,MASTER,0,1,1,,,,households,0,1,1,ESDB_V0_4
3151,3227,informed,-10.4551,1,PASS,35,,v;aj,inform;informed,FORM;LEMMA,,MASTER,0,0,0,,,,,0,0,0,ESDB_V0_4
3152,3228,label,-10.4551,1,PASS,35,,n_v,label,LEMMA,,MASTER,0,1,1,,,,labels,0,1,1,ESDB_V0_4
3153,3229,lesson,-10.4551,1,PASS,35,,n,lesson,LEMMA,,MASTER,0,1,1,,,,lessons,0,1,1,ESDB_V0_4
3154,3230,license,-10.4551,1,PASS,35,,n;v,license,LEMMA,,MASTER,0,1,1,,,,licensed;licenses,0,2,2,ESDB_V0_4
3155,3231,lieutenant,-10.4551,1,PASS,35,,n,lieutenant,LEMMA,,MASTER,0,0,0,,,,,0,0,0,ESDB_V0_4
3156,3232,maintained,-10.4551,1,PASS,35,,v;aj,maintain;maintained,FORM;LEMMA,,MASTER,0,0,0,,,,,0,0,0,ESDB_V0_4
3157,3233,memories,-10.4551,1,PASS,35,,n,memory,FORM,,MASTER,0,0,0,,,,,0,0,0,ESDB_V0_4
3158,3234,minority,-10.4551,1,PASS,35,,n;a,minority,LEMMA,,MASTER,0,0,0,,,,,0,0,0,ESDB_V0_4
3159,3235,naturally,-10.4551,1,PASS,35,,av,naturally,LEMMA,,MASTER,0,0,0,,,,,0,0,0,ESDB_V0_4
3160,3236,nervous,-10.4551,1,PASS,35,,aj,nervous,LEMMA,,MASTER,0,0,0,,,,,0,0,0,ESDB_V0_4
3161,3237,passengers,-10.4551,1,PASS,35,,n,passenger,FORM,,MASTER,0,1,0,,passenger,,,1,0,0,ESDB_V0_4
3162,3238,pink,-10.4551,1,PASS,35,,n_v;aj,pink,LEMMA,,MASTER,0,1,0,ink,pin,,,2,0,0,ESDB_V0_4
3163,3239,pray,-10.4551,1,PASS,35,,v;a,pray,LEMMA,,MASTER,0,1,1,ray,,spray,,1,1,0,ESDB_V0_4
3164,3240,prayer,-10.4551,1,PASS,35,,n,prayer,LEMMA,,MASTER,0,1,1,,,,prayers,0,1,1,ESDB_V0_4
3165,3241,producing,-10.4551,1,PASS,35,,v,produce,FORM,,MASTER,0,0,0,,,,,0,0,0,ESDB_V0_4
3166,3242,promotion,-10.4551,1,PASS,35,,n,promotion,LEMMA,,MASTER,0,1,1,,,,promotions,0,1,1,ESDB_V0_4
3167,3243,protein,-10.4551,1,PASS,35,,n,protein,LEMMA,,MASTER,0,1,1,,,,proteins,0,1,1,ESDB_V0_4
3168,3244,railway,-10.4551,1,PASS,35,,n,railway,LEMMA,,MASTER,0,1,1,,,,railways,0,1,1,ESDB_V0_4
3169,3245,reduction,-10.4551,1,PASS,35,,n,reduction,LEMMA,,MASTER,0,1,1,,,,reductions,0,1,1,ESDB_V0_4
3170,3246,regardless,-10.4551,1,PASS,35,,aj_av,regardless,LEMMA,,MASTER,0,0,0,,,,,0,0,0,ESDB_V0_4
3171,3247,regime,-10.4551,1,PASS,35,,n,regime,LEMMA,,MASTER,0,1,1,,,,regimes;regimen,0,2,1,ESDB_V0_4
3172,3248,rescue,-10.4551,1,PASS,35,,n_v,rescue,LEMMA,,MASTER,0,1,1,,,,rescued,0,1,1,ESDB_V0_4
3173,3249,sections,-10.4551,1,PASS,35,,n_v,section,FORM,,MASTER,0,1,0,,section,,,1,0,0,ESDB_V0_4
3174,3250,sensitive,-10.4551,1,PASS,35,,n;aj,sensitive,LEMMA,,MASTER,0,0,0,,,,,0,0,0,ESDB_V0_4
3175,3251,server,-10.4551,1,PASS,35,,n,server,LEMMA,,MASTER,0,1,1,,serve,,servers,1,1,1,ESDB_V0_4
3176,3252,settled,-10.4551,1,PASS,35,,n_v;aj,settle;settled,FORM;LEMMA,,MASTER,0,1,0,,settle,,,1,0,0,ESDB_V0_4
3177,3253,shadow,-10.4551,1,PASS,35,,n_v;a,shadow,LEMMA,,MASTER,0,1,1,,,,shadows,0,1,1,ESDB_V0_4
3178,3254,sisters,-10.4551,1,PASS,35,,n,sister,FORM,,MASTER,0,1,0,,sister,,,1,0,0,ESDB_V0_4
3179,3255,stages,-10.4551,1,PASS,35,,n_v,stage,FORM,,MASTER,0,1,0,,stage,,,1,0,0,ESDB_V0_4
3180,3256,struck,-10.4551,1,PASS,35,,n_v;aj,strike;struck,FORM;LEMMA,,MASTER,0,1,0,truck,,,,1,0,0,ESDB_V0_4
3181,3257,suffer,-10.4551,1,PASS,35,,v,suffer,LEMMA,,MASTER,0,1,1,,,,suffers,0,1,1,ESDB_V0_4
3182,3258,superior,-10.4551,1,PASS,35,50,n;aj,superior,LEMMA,,MASTER,0,1,1,,,,superiors,0,1,1,ESDB_V0_4
3183,3259,therapy,-10.4551,1,PASS,35,,n,therapy,LEMMA,,MASTER,0,0,0,,,,,0,0,0,ESDB_V0_4
3184,3260,acquired,-10.4762,1,PASS,35,,v;aj,acquire;acquired,FORM;LEMMA,,MASTER,0,1,0,,acquire,,,1,0,0,ESDB_V0_4
3185,3261,appointment,-10.4762,1,PASS,35,,n,appointment,LEMMA,,MASTER,0,1,1,,,,appointments,0,1,1,ESDB_V0_4
3186,3262,argued,-10.4762,1,PASS,35,,v,argue,FORM,,MASTER,0,1,0,,argue,,,1,0,0,ESDB_V0_4
3187,3263,assumed,-10.4762,1,PASS,35,,v;aj,assume;assumed,FORM;LEMMA,,MASTER,0,1,0,,assume,,,1,0,0,ESDB_V0_4
3188,3264,awareness,-10.4762,1,PASS,35,,n,awareness,LEMMA,,MASTER,0,0,0,,,,,0,0,0,ESDB_V0_4
3189,3265,awful,-10.4762,1,PASS,35,,aj_av,awful,LEMMA,,MASTER,0,1,1,,,lawful,,0,1,0,ESDB_V0_4
3190,3266,believes,-10.4762,1,PASS,35,,v,believe,FORM,,MASTER,0,1,0,,believe,,,1,0,0,ESDB_V0_4
3191,3267,berlin,-10.4762,0,NOT_EXACT_EN_US,,,,,,,REJECTED_AUTO,0,0,0,,,,,0,0,0,ESDB_V0_4
3192,3268,bound,-10.4762,1,PASS,35,,n_v;aj,bind;bound,FORM;LEMMA,,MASTER,0,1,1,,,,bounds,0,1,1,ESDB_V0_4
3193,3269,celebrate,-10.4762,1,PASS,35,,v,celebrate,LEMMA,,MASTER,0,1,1,,,,celebrated;celebrates,0,2,2,ESDB_V0_4
3194,3270,challenges,-10.4762,1,PASS,35,,n_v,challenge,FORM,,MASTER,0,1,0,,challenge,,,1,0,0,ESDB_V0_4
3195,3272,circuit,-10.4762,1,PASS,35,,n_v,circuit,LEMMA,,MASTER,0,1,1,,,,circuits,0,1,1,ESDB_V0_4
3196,3273,comedy,-10.4762,1,PASS,35,,n,comedy,LEMMA,,MASTER,0,0,0,,,,,0,0,0,ESDB_V0_4
3197,3274,commissioner,-10.4762,1,PASS,35,,n,commissioner,LEMMA,,MASTER,0,1,1,,,,commissioners,0,1,1,ESDB_V0_4
3198,3275,components,-10.4762,1,PASS,35,,n,component,FORM,,MASTER,0,1,0,,component,,,1,0,0,ESDB_V0_4
3199,3276,consideration,-10.4762,1,PASS,35,,n,consideration,LEMMA,,MASTER,0,1,1,,,,considerations,0,1,1,ESDB_V0_4
3200,3277,convinced,-10.4762,1,PASS,35,,v;aj,convince;convinced,FORM;LEMMA,,MASTER,0,1,0,,convince,,,1,0,0,ESDB_V0_4
3201,3278,cooking,-10.4762,1,PASS,35,,n_v;n,cook;cooking,FORM;LEMMA,,MASTER,0,0,0,,,,,0,0,0,ESDB_V0_4
3202,3279,cousin,-10.4762,1,PASS,35,,n,cousin,LEMMA,,MASTER,0,1,1,,,,cousins,0,1,1,ESDB_V0_4
3203,3280,currency,-10.4762,1,PASS,35,,n,currency,LEMMA,,MASTER,0,0,0,,,,,0,0,0,ESDB_V0_4
3204,3281,deeply,-10.4762,1,PASS,35,,av,deeply,LEMMA,,MASTER,0,0,0,,,,,0,0,0,ESDB_V0_4
3205,3282,dutch,-10.4762,0,CASE_FREQ_COLLISION,60,35,a,dutch,LEMMA,,REJECTED_AUTO,0,0,0,,,,,0,0,0,ESDB_V0_4
3206,3283,duties,-10.4762,1,PASS,35,,n,duty,FORM,,MASTER,0,0,0,,,,,0,0,0,ESDB_V0_4
3207,3284,electricity,-10.4762,1,PASS,35,,n,electricity,LEMMA,,MASTER,0,0,0,,,,,0,0,0,ESDB_V0_4
3208,3285,employee,-10.4762,1,PASS,35,,n,employee,LEMMA,,MASTER,0,1,1,,,,employees,0,1,1,ESDB_V0_4
3209,3286,enemies,-10.4762,1,PASS,35,,n,enemy,FORM,,MASTER,0,0,0,,,,,0,0,0,ESDB_V0_4
3210,3287,exhibition,-10.4762,1,PASS,35,,n,exhibition,LEMMA,,MASTER,0,1,1,,,,exhibitions,0,1,1,ESDB_V0_4
3211,3288,expectations,-10.4762,1,PASS,35,,n,expectation,FORM,,MASTER,0,1,0,,expectation,,,1,0,0,ESDB_V0_4
3212,3289,findings,-10.4762,1,PASS,35,,n,finding;findings,FORM;LEMMA,,MASTER,0,1,0,,finding,,,1,0,0,ESDB_V0_4
3213,3290,fishing,-10.4762,1,PASS,35,,v;n,fish;fishing,FORM;LEMMA,,MASTER,0,0,0,,,,,0,0,0,ESDB_V0_4
3214,3291,francisco,-10.4762,0,NOT_EXACT_EN_US,,,,,,,REJECTED_AUTO,0,0,0,,,,,0,0,0,ESDB_V0_4
3215,3292,gang,-10.4762,1,PASS,35,,n_v,gang,LEMMA,,MASTER,0,1,1,,,,gangs,0,1,1,ESDB_V0_4
3216,3293,grab,-10.4762,1,PASS,35,,n_v,grab,LEMMA,,MASTER,0,1,1,,,,grabs,0,1,1,ESDB_V0_4
3217,3294,horses,-10.4762,1,PASS,35,,n;v,horse,FORM,,MASTER,0,1,0,,horse,,,1,0,0,ESDB_V0_4
3218,3295,industries,-10.4762,1,PASS,35,,n,industry,FORM,,MASTER,0,0,0,,,,,0,0,0,ESDB_V0_4
3219,3296,islam,-10.4762,0,NOT_EXACT_EN_US,,,,,,,REJECTED_AUTO,0,0,0,,,,,0,0,0,ESDB_V0_4
3220,3297,korean,-10.4762,0,NOT_EXACT_EN_US,,,,,,,REJECTED_AUTO,0,0,0,,,,,0,0,0,ESDB_V0_4
3221,3298,lock,-10.4762,1,PASS,35,,n_v,lock,LEMMA,,MASTER,0,1,1,,,block;clock;flock,locks,0,4,1,ESDB_V0_4
3222,3299,machines,-10.4762,1,PASS,35,,n_v,machine,FORM,,MASTER,0,1,0,,machine,,,1,0,0,ESDB_V0_4
3223,3300,marry,-10.4762,1,PASS,35,,v,marry,LEMMA,,MASTER,0,0,0,,,,,0,0,0,ESDB_V0_4
3224,3301,mirror,-10.4762,1,PASS,35,,n_v,mirror,LEMMA,,MASTER,0,1,1,,,,mirrors,0,1,1,ESDB_V0_4
3225,3302,muscle,-10.4762,1,PASS,35,,n_v,muscle,LEMMA,,MASTER,0,1,1,,,,muscles,0,1,1,ESDB_V0_4
3226,3303,mystery,-10.4762,1,PASS,35,,n,mystery,LEMMA,,MASTER,0,0,0,,,,,0,0,0,ESDB_V0_4
3227,3304,objective,-10.4762,1,PASS,35,,n;aj,objective,LEMMA,,MASTER,0,1,1,,,,objectives,0,1,1,ESDB_V0_4
3228,3305,occasion,-10.4762,1,PASS,35,,n_v,occasion,LEMMA,,MASTER,0,1,1,,,,occasions,0,1,1,ESDB_V0_4
3229,3306,op,-10.4762,1,PASS,50,,n,op,LEMMA,,MASTER,0,1,1,,,top;pop;hop;cop;mop;bop,opt;ops,0,8,1,ESDB_V0_4
3230,3307,package,-10.4762,1,PASS,35,,n_v;a,package,LEMMA,,MASTER,0,1,1,,,,packages;packaged,0,2,2,ESDB_V0_4
3231,3308,passion,-10.4762,1,PASS,35,60,n,passion,LEMMA,,MASTER,0,1,1,,,,passions,0,1,1,ESDB_V0_4
3232,3309,pleased,-10.4762,1,PASS,35,,v;aj,please;pleased,FORM;LEMMA,,MASTER,0,1,0,leased,please,,,2,0,0,ESDB_V0_4
3233,3310,pride,-10.4762,1,PASS,35,,n_v,pride,LEMMA,,MASTER,0,1,0,ride,,,,1,0,0,ESDB_V0_4
3234,3311,prisoners,-10.4762,1,PASS,35,,n,prisoner,FORM,,MASTER,0,1,0,,prisoner,,,1,0,0,ESDB_V0_4
3235,3312,recommended,-10.4762,1,PASS,35,,v,recommend,FORM,,MASTER,0,0,0,,,,,0,0,0,ESDB_V0_4
3236,3313,references,-10.4762,1,PASS,35,,n_v,reference,FORM,,MASTER,0,1,1,,reference,preferences,,1,1,0,ESDB_V0_4
3237,3314,registered,-10.4762,1,PASS,35,,n_v;aj,register;registered,FORM;LEMMA,,MASTER,0,0,0,,,,,0,0,0,ESDB_V0_4
3238,3315,reputation,-10.4762,1,PASS,35,,n,reputation,LEMMA,,MASTER,0,0,0,,,,,0,0,0,ESDB_V0_4
3239,3316,resulted,-10.4762,1,PASS,35,,n_v,result,FORM,,MASTER,0,0,0,,,,,0,0,0,ESDB_V0_4
3240,3317,rid,-10.4762,1,PASS,35,,v,rid,LEMMA;FORM,,MASTER,0,1,1,id,,grid;arid,ride,1,3,0,ESDB_V0_4
3241,3318,risks,-10.4762,1,PASS,35,,n_v,risk,FORM,,MASTER,0,1,0,,risk,,,1,0,0,ESDB_V0_4
3242,3319,rolling,-10.4762,1,PASS,35,,n_v;n;aj,roll;rolling,FORM;LEMMA,,MASTER,0,0,0,,,,,0,0,0,ESDB_V0_4
3243,3320,successfully,-10.4762,1,PASS,35,,av,successfully,LEMMA,,MASTER,0,0,0,,,,,0,0,0,ESDB_V0_4
3244,3321,technique,-10.4762,1,PASS,35,,n,technique,LEMMA,,MASTER,0,1,1,,,,techniques,0,1,1,ESDB_V0_4
3245,3322,telephone,-10.4762,1,PASS,35,,n_v,telephone,LEMMA,,MASTER,0,1,1,,,,telephones,0,1,1,ESDB_V0_4
3246,3323,tested,-10.4762,1,PASS,35,,n_v;aj,test;tested,FORM;LEMMA,,MASTER,0,0,0,,,,,0,0,0,ESDB_V0_4
3247,3324,tied,-10.4762,1,PASS,35,,n_v;aj,tie;tied,FORM;LEMMA,,MASTER,0,1,0,,tie,,,1,0,0,ESDB_V0_4
3248,3325,topic,-10.4762,1,PASS,35,,n,topic,LEMMA,,MASTER,0,1,1,,,,topics,0,1,1,ESDB_V0_4
3249,3326,transition,-10.4762,1,PASS,35,,n_v,transition,LEMMA,,MASTER,0,1,1,,,,transitions,0,1,1,ESDB_V0_4
3250,3327,translation,-10.4762,1,PASS,35,,n,translation,LEMMA,,MASTER,0,1,1,,,,translations,0,1,1,ESDB_V0_4
3251,3328,welfare,-10.4762,1,PASS,35,,n,welfare,LEMMA,,MASTER,0,0,0,,,,,0,0,0,ESDB_V0_4
3252,3329,yards,-10.4762,1,PASS,35,,n,yard,FORM,,MASTER,0,1,0,,yard,,,1,0,0,ESDB_V0_4
3253,3330,yo,-10.4762,1,PASS,40,,i,yo,LEMMA,,MASTER,0,1,1,,,,you,0,1,0,ESDB_V0_4
3254,3331,z,-10.4762,0,SINGLE_LETTER,,,,,,,REJECTED_AUTO,0,0,0,,,,,0,0,0,ESDB_V0_4
3255,3332,abroad,-10.5013,1,PASS,35,,aj_av,abroad,LEMMA,,MASTER,0,1,0,broad,,,,1,0,0,ESDB_V0_4
3256,3333,achievement,-10.5013,1,PASS,35,,n,achievement,LEMMA,,MASTER,0,1,1,,,,achievements,0,1,1,ESDB_V0_4
3257,3334,admitted,-10.5013,1,PASS,35,,v,admit,FORM,,MASTER,0,0,0,,,,,0,0,0,ESDB_V0_4
3258,3335,anger,-10.5013,1,PASS,35,,n;v,anger,LEMMA,,MASTER,0,1,1,,,danger;ranger,,0,2,0,ESDB_V0_4
3259,3336,asks,-10.5013,1,PASS,35,,v,ask,FORM,,MASTER,0,1,1,,ask,tasks;masks,,1,2,0,ESDB_V0_4
3260,3337,cabinet,-10.5013,1,PASS,35,,n;a,cabinet,LEMMA,,MASTER,0,1,1,,,,cabinets,0,1,1,ESDB_V0_4
3261,3338,carefully,-10.5013,1,PASS,35,,av,carefully,LEMMA,,MASTER,0,0,0,,,,,0,0,0,ESDB_V0_4
3262,3339,chart,-10.5013,1,PASS,35,,n_v,chart,LEMMA,,MASTER,0,1,1,hart,char,,charts,2,1,1,ESDB_V0_4
3263,3340,choices,-10.5013,1,PASS,35,,n,choice,FORM,,MASTER,0,1,0,,choice,,,1,0,0,ESDB_V0_4
3264,3341,closing,-10.5013,1,PASS,35,,n_v;n,close;closing,FORM;LEMMA,,MASTER,0,1,0,losing,,,,1,0,0,ESDB_V0_4
3265,3342,colonel,-10.5013,1,PASS,35,,n,colonel,LEMMA,,MASTER,0,0,0,,,,,0,0,0,ESDB_V0_4
3266,3343,colors,-10.5013,1,PASS,35,,n_v;n,color;colors,FORM;LEMMA,,MASTER,0,1,0,,color,,,1,0,0,ESDB_V0_4
3267,3344,concrete,-10.5013,1,PASS,35,,n;v;aj,concrete,LEMMA,,MASTER,0,0,0,,,,,0,0,0,ESDB_V0_4
3268,3345,confirm,-10.5013,1,PASS,35,,v,confirm,LEMMA,,MASTER,0,1,1,,,,confirms,0,1,1,ESDB_V0_4
3269,3346,decline,-10.5013,1,PASS,35,,n_v,decline,LEMMA,,MASTER,0,1,1,,,,declined;declines,0,2,2,ESDB_V0_4
3270,3347,describes,-10.5013,1,PASS,35,,v,describe,FORM,,MASTER,0,1,0,,describe,,,1,0,0,ESDB_V0_4
3271,3348,encourage,-10.5013,1,PASS,35,,v,encourage,LEMMA,,MASTER,0,1,1,,,,encouraged;encourages,0,2,2,ESDB_V0_4
3272,3349,essentially,-10.5013,1,PASS,35,,av,essentially,LEMMA,,MASTER,0,0,0,,,,,0,0,0,ESDB_V0_4
3273,3350,exception,-10.5013,1,PASS,35,,n,exception,LEMMA,,MASTER,0,1,1,,,,exceptions,0,1,1,ESDB_V0_4
3274,3351,fantasy,-10.5013,1,PASS,35,,n_v,fantasy,LEMMA,,MASTER,0,0,0,,,,,0,0,0,ESDB_V0_4
3275,3352,fed,-10.5013,1,PASS,35,40,n;n_v,fed;feed,LEMMA;FORM,,MASTER,0,1,1,,,,feds,0,1,1,ESDB_V0_4
3276,3353,ford,-10.5013,1,PASS,35,50,n_v,ford,LEMMA,,MASTER,0,1,0,,for,,,1,0,0,ESDB_V0_4
3277,3354,fort,-10.5013,1,PASS,35,,n,fort,LEMMA,,MASTER,0,1,1,,for,,forth;forty;forts;forte,1,4,1,ESDB_V0_4
3278,3355,forth,-10.5013,1,PASS,35,,av,forth,LEMMA,,MASTER,0,1,0,,fort,,,1,0,0,ESDB_V0_4
3279,3356,gods,-10.5013,1,PASS,35,,n,god,FORM,,MASTER,0,1,0,,god,,,1,0,0,ESDB_V0_4
3280,3358,illness,-10.5013,1,PASS,35,,n,illness,LEMMA,,MASTER,0,0,0,,,,,0,0,0,ESDB_V0_4
3281,3359,input,-10.5013,1,PASS,35,,n_v;a,input,LEMMA;FORM,,MASTER,0,1,1,,,,inputs,0,1,1,ESDB_V0_4
3282,3360,jan,-10.5013,0,NOT_EXACT_EN_US,,,,,,,REJECTED_AUTO,0,0,0,,,,,0,0,0,ESDB_V0_4
3283,3361,keys,-10.5013,1,PASS,35,,n_v,key,FORM,,MASTER,0,1,0,,key,,,1,0,0,ESDB_V0_4
3284,3362,lewis,-10.5013,0,NOT_EXACT_EN_US,,,,,,,REJECTED_AUTO,0,0,0,,,,,0,0,0,ESDB_V0_4
3285,3363,locations,-10.5013,1,PASS,35,,n,location,FORM,,MASTER,0,1,0,,location,,,1,0,0,ESDB_V0_4
3286,3364,loose,-10.5013,1,PASS,35,,v;aj_av,loose,LEMMA,,MASTER,0,1,1,,,,loosen,0,1,0,ESDB_V0_4
3287,3365,mac,-10.5013,0,CASE_FREQ_COLLISION,60,50,n,mac,LEMMA,,REJECTED_AUTO,0,0,0,,,,,0,0,0,ESDB_V0_4
3288,3366,membership,-10.5013,1,PASS,35,,n,membership,LEMMA,,MASTER,0,0,0,,,,,0,0,0,ESDB_V0_4
3289,3367,miami,-10.5013,0,NOT_EXACT_EN_US,,,,,,,REJECTED_AUTO,0,0,0,,,,,0,0,0,ESDB_V0_4
3290,3368,nfl,-10.5013,0,NOT_EXACT_EN_US,,,,,,,REJECTED_AUTO,0,0,0,,,,,0,0,0,ESDB_V0_4
3291,3369,nights,-10.5013,1,PASS,35,,n,night,FORM,,MASTER,0,1,1,,night,knights,,1,1,0,ESDB_V0_4
3292,3370,offensive,-10.5013,1,PASS,35,,n;aj,offensive,LEMMA,,MASTER,0,0,0,,,,,0,0,0,ESDB_V0_4
3293,3371,olympic,-10.5013,0,NOT_EXACT_EN_US,,,,,,,REJECTED_AUTO,0,0,0,,,,,0,0,0,ESDB_V0_4
3294,3372,ontario,-10.5013,0,NOT_EXACT_EN_US,,,,,,,REJECTED_AUTO,0,0,0,,,,,0,0,0,ESDB_V0_4
3295,3373,output,-10.5013,1,PASS,35,,n_v,output,LEMMA;FORM,,MASTER,0,1,1,,,,outputs,0,1,1,ESDB_V0_4
3296,3374,outstanding,-10.5013,1,PASS,35,,aj,outstanding,LEMMA,,MASTER,0,0,0,,,,,0,0,0,ESDB_V0_4
3297,3375,partnership,-10.5013,1,PASS,35,,n,partnership,LEMMA,,MASTER,0,1,1,,,,partnerships,0,1,1,ESDB_V0_4
3298,3376,payments,-10.5013,1,PASS,35,,n,payment,FORM,,MASTER,0,1,0,,payment,,,1,0,0,ESDB_V0_4
3299,3377,presidential,-10.5013,1,PASS,35,,aj,presidential,LEMMA,,MASTER,0,1,0,residential,,,,1,0,0,ESDB_V0_4
3300,3378,priest,-10.5013,1,PASS,35,,n,priest,LEMMA,,MASTER,0,1,1,,,,priests,0,1,1,ESDB_V0_4
3301,3379,quote,-10.5013,1,PASS,35,,n_v,quote,LEMMA,,MASTER,0,1,1,,,,quoted;quotes,0,2,2,ESDB_V0_4
3302,3380,rarely,-10.5013,1,PASS,35,,av,rarely,LEMMA,,MASTER,0,0,0,,,,,0,0,0,ESDB_V0_4
3303,3381,remote,-10.5013,1,PASS,35,,n;aj,remote,LEMMA,,MASTER,0,0,0,,,,,0,0,0,ESDB_V0_4
3304,3382,respectively,-10.5013,1,PASS,35,,av,respectively,LEMMA,,MASTER,0,0,0,,,,,0,0,0,ESDB_V0_4
3305,3383,shock,-10.5013,1,PASS,35,,n_v;a,shock,LEMMA,,MASTER,0,1,1,,,,shocks,0,1,1,ESDB_V0_4
3306,3384,shower,-10.5013,1,PASS,35,,n_v,shower,LEMMA,,MASTER,0,1,1,,,,showers,0,1,1,ESDB_V0_4
3307,3385,speaker,-10.5013,1,PASS,35,,n,speaker,LEMMA,,MASTER,0,1,1,,,,speakers,0,1,1,ESDB_V0_4
3308,3386,studying,-10.5013,1,PASS,35,,n_v;n,study;studying,FORM;LEMMA,,MASTER,0,0,0,,,,,0,0,0,ESDB_V0_4
3309,3387,sucks,-10.5013,1,PASS,35,,n_v,suck,FORM,,MASTER,0,1,0,,suck,,,1,0,0,ESDB_V0_4
3310,3388,swimming,-10.5013,1,PASS,35,,n_v;n,swim;swimming,FORM;LEMMA,,MASTER,0,0,0,,,,,0,0,0,ESDB_V0_4
3311,3389,tag,-10.5013,1,PASS,35,,n_v,tag,LEMMA,,MASTER,0,1,1,,,,tags,0,1,1,ESDB_V0_4
3312,3390,victoria,-10.5013,0,NOT_EXACT_EN_US,,,,,,,REJECTED_AUTO,0,0,0,,,,,0,0,0,ESDB_V0_4
3313,3391,visible,-10.5013,1,PASS,35,,aj,visible,LEMMA,,MASTER,0,0,0,,,,,0,0,0,ESDB_V0_4
3314,3392,woods,-10.5013,1,PASS,35,50,n_v;n,wood;woods,FORM;LEMMA,,MASTER,0,1,0,,wood,,,1,0,0,ESDB_V0_4
3315,3393,zealand,-10.5013,0,NOT_EXACT_EN_US,,,,,,,REJECTED_AUTO,0,0,0,,,,,0,0,0,ESDB_V0_4
3316,3394,acid,-10.5234,1,PASS,35,,n;aj,acid,LEMMA,,MASTER,0,1,1,,,,acids,0,1,1,ESDB_V0_4
3317,3395,arrival,-10.5234,1,PASS,35,,n,arrival,LEMMA,,MASTER,0,1,1,,,,arrivals,0,1,1,ESDB_V0_4
3318,3396,assigned,-10.5234,1,PASS,35,,n_v;aj,assign;assigned,FORM;LEMMA,,MASTER,0,0,0,,,,,0,0,0,ESDB_V0_4
3319,3397,auto,-10.5234,1,PASS,35,,n,auto,LEMMA,,MASTER,0,0,0,,,,,0,0,0,ESDB_V0_4
3320,3398,ban,-10.5234,1,PASS,35,,v;n,ban,LEMMA,,MASTER,0,1,1,an,,,bank;band;bang;bans,1,4,1,ESDB_V0_4
3321,3399,bars,-10.5234,1,PASS,35,,n_v;n,bar;bars,FORM;LEMMA,,MASTER,0,1,0,,bar,,,1,0,0,ESDB_V0_4
3322,3400,cake,-10.5234,1,PASS,35,,n_v,cake,LEMMA,,MASTER,0,1,1,,,,cakes,0,1,1,ESDB_V0_4
3323,3401,campus,-10.5234,1,PASS,35,,n;a,campus,LEMMA,,MASTER,0,0,0,,,,,0,0,0,ESDB_V0_4
3324,3402,cd,-10.5234,0,NOT_EXACT_EN_US,,,,,,,REJECTED_AUTO,0,0,0,,,,,0,0,0,ESDB_V0_4
3325,3403,centuries,-10.5234,1,PASS,35,,n,century,FORM,,MASTER,0,0,0,,,,,0,0,0,ESDB_V0_4
3326,3404,commitment,-10.5234,1,PASS,35,,n,commitment,LEMMA,,MASTER,0,1,1,,,,commitments,0,1,1,ESDB_V0_4
3327,3405,compare,-10.5234,1,PASS,35,,n;v,compare,LEMMA,,MASTER,0,1,1,,,,compared;compares,0,2,2,ESDB_V0_4
3328,3406,concluded,-10.5234,1,PASS,35,,v;aj,conclude;concluded,FORM;LEMMA,,MASTER,0,1,0,,conclude,,,1,0,0,ESDB_V0_4
3329,3407,courses,-10.5234,1,PASS,35,,n_v,course,FORM,,MASTER,0,1,0,,course,,,1,0,0,ESDB_V0_4
3330,3408,custom,-10.5234,1,PASS,35,,n;aj,custom,LEMMA,,MASTER,0,1,1,,,,customs,0,1,1,ESDB_V0_4
3331,3409,dc,-10.5234,0,NO_ESDB_GENERAL_EVIDENCE,,,,,,,REJECTED_AUTO,0,0,0,,,,,0,0,0,ESDB_V0_4
3332,3410,destruction,-10.5234,1,PASS,35,,n,destruction,LEMMA,,MASTER,0,0,0,,,,,0,0,0,ESDB_V0_4
3333,3411,dressed,-10.5234,1,PASS,35,,n_v;aj,dress;dressed,FORM;LEMMA,,MASTER,0,0,0,,,,,0,0,0,ESDB_V0_4
3334,3412,efficient,-10.5234,1,PASS,35,,aj,efficient,LEMMA,,MASTER,0,0,0,,,,,0,0,0,ESDB_V0_4
3335,3413,elizabeth,-10.5234,0,NOT_EXACT_EN_US,,,,,,,REJECTED_AUTO,0,0,0,,,,,0,0,0,ESDB_V0_4
3336,3414,enforcement,-10.5234,1,PASS,35,,n,enforcement,LEMMA,,MASTER,0,0,0,,,,,0,0,0,ESDB_V0_4
3337,3415,entering,-10.5234,1,PASS,35,,v;n,enter;entering,FORM;LEMMA,,MASTER,0,0,0,,,,,0,0,0,ESDB_V0_4
3338,3416,entrance,-10.5234,1,PASS,35,,n_v,entrance,LEMMA,,MASTER,0,1,1,,,,entrances,0,1,1,ESDB_V0_4
3339,3417,examination,-10.5234,1,PASS,35,,n,examination,LEMMA,,MASTER,0,1,1,,,,examinations,0,1,1,ESDB_V0_4
3340,3418,explains,-10.5234,1,PASS,35,,v,explain,FORM,,MASTER,0,1,0,,explain,,,1,0,0,ESDB_V0_4
3341,3419,exposure,-10.5234,1,PASS,35,,n,exposure,LEMMA,,MASTER,0,1,1,,,,exposures,0,1,1,ESDB_V0_4
3342,3420,fee,-10.5234,1,PASS,35,,n,fee,LEMMA,,MASTER,0,1,1,,,,feel;feet;feed;fees,0,4,1,ESDB_V0_4
3343,3421,females,-10.5234,1,PASS,35,,n,female,FORM,,MASTER,0,1,0,,female,,,1,0,0,ESDB_V0_4
3344,3422,foods,-10.5234,1,PASS,35,,n,food,FORM,,MASTER,0,1,0,,food,,,1,0,0,ESDB_V0_4
3345,3423,frequency,-10.5234,1,PASS,35,,n,frequency,LEMMA,,MASTER,0,0,0,,,,,0,0,0,ESDB_V0_4
3346,3424,gear,-10.5234,1,PASS,35,,n_v,gear,LEMMA,,MASTER,0,1,1,ear,,,gears,1,1,1,ESDB_V0_4
3347,3425,guests,-10.5234,1,PASS,35,,n_v,guest,FORM,,MASTER,0,1,0,,guest,,,1,0,0,ESDB_V0_4
3348,3426,handed,-10.5234,1,PASS,35,,n_v;aj,hand;handed,FORM;LEMMA,,MASTER,0,0,0,,,,,0,0,0,ESDB_V0_4
3349,3428,hollywood,-10.5234,0,NOT_EXACT_EN_US,,,,,,,REJECTED_AUTO,0,0,0,,,,,0,0,0,ESDB_V0_4
3350,3429,hunting,-10.5234,1,PASS,35,,n_v;n,hunt;hunting,FORM;LEMMA,,MASTER,0,0,0,,,,,0,0,0,ESDB_V0_4
3351,3430,injured,-10.5234,1,PASS,35,,v;aj,injure;injured,FORM;LEMMA,,MASTER,0,1,0,,injure,,,1,0,0,ESDB_V0_4
3352,3431,intense,-10.5234,1,PASS,35,,aj,intense,LEMMA,,MASTER,0,0,0,,,,,0,0,0,ESDB_V0_4
3353,3432,lawyers,-10.5234,1,PASS,35,,n,lawyer,FORM,,MASTER,0,1,0,,lawyer,,,1,0,0,ESDB_V0_4
3354,3433,legend,-10.5234,1,PASS,35,,n,legend,LEMMA,,MASTER,0,1,1,,,,legends,0,1,1,ESDB_V0_4
3355,3434,microsoft,-10.5234,0,NOT_EXACT_EN_US,,,,,,,REJECTED_AUTO,0,0,0,,,,,0,0,0,ESDB_V0_4
3356,3435,miller,-10.5234,1,PASS,35,50,n,miller,LEMMA,,MASTER,0,0,0,,,,,0,0,0,ESDB_V0_4
3357,3436,monitor,-10.5234,1,PASS,35,,n_v,monitor,LEMMA,,MASTER,0,1,1,,,,monitors,0,1,1,ESDB_V0_4
3358,3437,monster,-10.5234,1,PASS,35,,n;a,monster,LEMMA,,MASTER,0,1,1,,,,monsters,0,1,1,ESDB_V0_4
3359,3438,mood,-10.5234,1,PASS,35,,n,mood,LEMMA,,MASTER,0,1,1,,,,moody;moods,0,2,1,ESDB_V0_4
3360,3439,movements,-10.5234,1,PASS,35,,n,movement,FORM,,MASTER,0,1,0,,movement,,,1,0,0,ESDB_V0_4
3361,3440,opens,-10.5234,1,PASS,35,,n_v,open,FORM,,MASTER,0,1,0,pens,open,,,2,0,0,ESDB_V0_4
3362,3441,ordinary,-10.5234,1,PASS,35,,n;aj,ordinary,LEMMA,,MASTER,0,0,0,,,,,0,0,0,ESDB_V0_4
3363,3442,passes,-10.5234,1,PASS,35,,n_v,pass,FORM,,MASTER,0,1,0,asses,,,,1,0,0,ESDB_V0_4
3364,3443,penalty,-10.5234,1,PASS,35,,n,penalty,LEMMA,,MASTER,0,0,0,,,,,0,0,0,ESDB_V0_4
3365,3444,periods,-10.5234,1,PASS,35,,n,period,FORM,,MASTER,0,1,0,,period,,,1,0,0,ESDB_V0_4
3366,3445,pocket,-10.5234,1,PASS,35,,n_v;a,pocket,LEMMA,,MASTER,0,1,1,,,,pockets,0,1,1,ESDB_V0_4
3367,3446,presents,-10.5234,1,PASS,35,,n_v,present,FORM,,MASTER,0,1,0,,present,,,1,0,0,ESDB_V0_4
3368,3447,processing,-10.5234,1,PASS,35,,n_v;n,process;processing,FORM;LEMMA,,MASTER,0,0,0,,,,,0,0,0,ESDB_V0_4
3369,3448,raising,-10.5234,1,PASS,35,,n_v;n;aj,raise;raising,FORM;LEMMA,,MASTER,0,1,1,,,praising,,0,1,0,ESDB_V0_4
3370,3449,retail,-10.5234,1,PASS,35,,n;v;av,retail,LEMMA,,MASTER,0,0,0,,,,,0,0,0,ESDB_V0_4
3371,3450,retirement,-10.5234,1,PASS,35,,n,retirement,LEMMA,,MASTER,0,0,0,,,,,0,0,0,ESDB_V0_4
3372,3451,ridiculous,-10.5234,1,PASS,35,,aj,ridiculous,LEMMA,,MASTER,0,0,0,,,,,0,0,0,ESDB_V0_4
3373,3452,sarah,-10.5234,0,NOT_EXACT_EN_US,,,,,,,REJECTED_AUTO,0,0,0,,,,,0,0,0,ESDB_V0_4
3374,3453,scores,-10.5234,1,PASS,35,,n_v,score,FORM,,MASTER,0,1,0,cores,score,,,2,0,0,ESDB_V0_4
3375,3454,seasons,-10.5234,1,PASS,35,,n_v,season,FORM,,MASTER,0,1,0,,season,,,1,0,0,ESDB_V0_4
3376,3455,senator,-10.5234,1,PASS,35,,n,senator,LEMMA,,MASTER,0,1,1,,,,senators,0,1,1,ESDB_V0_4
3377,3456,silent,-10.5234,1,PASS,35,,n;aj,silent,LEMMA,,MASTER,0,0,0,,,,,0,0,0,ESDB_V0_4
3378,3457,steal,-10.5234,1,PASS,35,,n_v,steal,LEMMA,,MASTER,0,1,1,,,,steals,0,1,1,ESDB_V0_4
3379,3458,strategic,-10.5234,1,PASS,35,,aj,strategic,LEMMA,,MASTER,0,0,0,,,,,0,0,0,ESDB_V0_4
3380,3459,thin,-10.5234,1,PASS,35,,v;aj_av,thin,LEMMA,,MASTER,0,1,1,,,,think;thing;thine,0,3,0,ESDB_V0_4
3381,3460,threatened,-10.5234,1,PASS,35,,v;aj,threaten;threatened,FORM;LEMMA,,MASTER,0,0,0,,,,,0,0,0,ESDB_V0_4
3382,3461,tone,-10.5234,1,PASS,35,,n_v,tone,LEMMA,,MASTER,0,1,1,one,ton,stone,tones;toned,2,3,2,ESDB_V0_4
3383,3462,tongue,-10.5234,1,PASS,35,,n_v,tongue,LEMMA,,MASTER,0,1,1,,,,tongues,0,1,1,ESDB_V0_4
3384,3463,towns,-10.5234,1,PASS,35,,n,town,FORM,,MASTER,0,1,0,owns,town,,,2,0,0,ESDB_V0_4
3385,3464,virus,-10.5234,1,PASS,35,,n,virus,LEMMA,,MASTER,0,0,0,,,,,0,0,0,ESDB_V0_4
3386,3465,abandoned,-10.5459,1,PASS,35,,v;aj,abandon;abandoned,FORM;LEMMA,,MASTER,0,0,0,,,,,0,0,0,ESDB_V0_4
3387,3466,afterwards,-10.5459,1,PASS,35,,av,afterwards,LEMMA,,MASTER,0,1,0,,afterward,,,1,0,0,ESDB_V0_4
3388,3467,andy,-10.5459,0,NOT_EXACT_EN_US,,,,,,,REJECTED_AUTO,0,0,0,,,,,0,0,0,ESDB_V0_4
3389,3468,architecture,-10.5459,1,PASS,35,,n,architecture,LEMMA,,MASTER,0,0,0,,,,,0,0,0,ESDB_V0_4
3390,3469,assault,-10.5459,1,PASS,35,,n_v,assault,LEMMA,,MASTER,0,1,1,,,,assaults,0,1,1,ESDB_V0_4
3391,3470,badly,-10.5459,1,PASS,35,,av,badly,LEMMA,,MASTER,0,0,0,,,,,0,0,0,ESDB_V0_4
3392,3471,belong,-10.5459,1,PASS,35,,v,belong,LEMMA,,MASTER,0,1,1,,,,belongs,0,1,1,ESDB_V0_4
3393,3472,blocks,-10.5459,1,PASS,35,,n_v,block,FORM,,MASTER,0,1,0,locks,block,,,2,0,0,ESDB_V0_4
3394,3473,bone,-10.5459,1,PASS,35,,n_v,bone,LEMMA,,MASTER,0,1,1,one,,,bones;boner,1,2,1,ESDB_V0_4
3395,3474,breaks,-10.5459,1,PASS,35,,n_v,break,FORM,,MASTER,0,1,0,,break,,,1,0,0,ESDB_V0_4
3396,3475,brian,-10.5459,0,NOT_EXACT_EN_US,,,,,,,REJECTED_AUTO,0,0,0,,,,,0,0,0,ESDB_V0_4
3397,3476,buried,-10.5459,1,PASS,35,,aj;v,buried;bury,LEMMA;FORM,,MASTER,0,0,0,,,,,0,0,0,ESDB_V0_4
3398,3477,captured,-10.5459,1,PASS,35,,n_v,capture,FORM,,MASTER,0,1,0,,capture,,,1,0,0,ESDB_V0_4
3399,3478,chase,-10.5459,1,PASS,35,50,n_v,chase,LEMMA,,MASTER,0,1,1,,,,chased,0,1,1,ESDB_V0_4
3400,3479,chocolate,-10.5459,1,PASS,35,,n;a,chocolate,LEMMA,,MASTER,0,1,1,,,,chocolates,0,1,1,ESDB_V0_4
3401,3480,citizen,-10.5459,1,PASS,35,,n,citizen,LEMMA,,MASTER,0,1,1,,,,citizens,0,1,1,ESDB_V0_4
3402,3481,communist,-10.5459,1,PASS,35,50,n;aj,communist,LEMMA,,MASTER,0,1,1,,,,communists,0,1,1,ESDB_V0_4
3403,3482,controls,-10.5459,1,PASS,35,,n_v,control,FORM,,MASTER,0,1,0,,control,,,1,0,0,ESDB_V0_4
3404,3483,covering,-10.5459,1,PASS,35,,n_v;n,cover;covering,FORM;LEMMA,,MASTER,0,0,0,,,,,0,0,0,ESDB_V0_4
3405,3484,delay,-10.5459,1,PASS,35,,n_v,delay,LEMMA,,MASTER,0,1,1,,,,delays,0,1,1,ESDB_V0_4
3406,3485,drinks,-10.5459,1,PASS,35,,n_v,drink,FORM,,MASTER,0,1,0,,drink,,,1,0,0,ESDB_V0_4
3407,3486,everyday,-10.5459,1,PASS,35,,aj,everyday,LEMMA,,MASTER,0,0,0,,,,,0,0,0,ESDB_V0_4
3408,3487,fees,-10.5459,1,PASS,35,,n,fee,FORM,,MASTER,0,1,0,,fee,,,1,0,0,ESDB_V0_4
3409,3488,flash,-10.5459,1,PASS,35,,n_v;aj,flash,LEMMA,,MASTER,0,1,0,lash,,,,1,0,0,ESDB_V0_4
3410,3489,folks,-10.5459,1,PASS,35,,n,folk,FORM,,MASTER,0,1,0,,folk,,,1,0,0,ESDB_V0_4
3411,3490,gallery,-10.5459,1,PASS,35,,n,gallery,LEMMA,,MASTER,0,0,0,,,,,0,0,0,ESDB_V0_4
3412,3491,guitar,-10.5459,1,PASS,35,,n,guitar,LEMMA,,MASTER,0,1,1,,,,guitars,0,1,1,ESDB_V0_4
3413,3492,headquarters,-10.5459,1,PASS,35,,v;n,headquarter;headquarters,FORM;LEMMA,,MASTER,0,0,0,,,,,0,0,0,ESDB_V0_4
3414,3493,hills,-10.5459,1,PASS,35,,n,hill,FORM,,MASTER,0,1,1,,hill,chills,,1,1,0,ESDB_V0_4
3415,3494,hip,-10.5459,1,PASS,35,,n_v;aj;i,hip,LEMMA,,MASTER,0,1,1,,hi,ship;chip;whip,hips,1,4,1,ESDB_V0_4
3416,3495,immigration,-10.5459,1,PASS,35,,n,immigration,LEMMA,,MASTER,0,0,0,,,,,0,0,0,ESDB_V0_4
3417,3496,jimmy,-10.5459,0,CASE_FREQ_COLLISION,50,50,n_v,jimmy,LEMMA,,REJECTED_AUTO,0,0,0,,,,,0,0,0,ESDB_V0_4
3418,3497,kelly,-10.5459,0,NOT_EXACT_EN_US,,,,,,,REJECTED_AUTO,0,0,0,,,,,0,0,0,ESDB_V0_4
3419,3498,kings,-10.5459,1,PASS,35,60,n,king,FORM,,MASTER,0,1,0,,king,,,1,0,0,ESDB_V0_4
3420,3499,legislative,-10.5459,1,PASS,35,,aj,legislative,LEMMA,,MASTER,0,0,0,,,,,0,0,0,ESDB_V0_4
3421,3500,losses,-10.5459,1,PASS,35,,n,loss,FORM,,MASTER,0,0,0,,,,,0,0,0,ESDB_V0_4
3422,3501,meanwhile,-10.5459,1,PASS,35,,n;av,meanwhile,LEMMA,,MASTER,0,0,0,,,,,0,0,0,ESDB_V0_4
3423,3502,mistakes,-10.5459,1,PASS,35,,n_v,mistake,FORM,,MASTER,0,1,0,,mistake,,,1,0,0,ESDB_V0_4
3424,3503,mount,-10.5459,1,PASS,35,40,n_v,mount,LEMMA,,MASTER,0,1,1,,,amount,mounts,0,2,1,ESDB_V0_4
3425,3504,naked,-10.5459,1,PASS,35,,aj,naked,LEMMA,,MASTER,0,0,0,,,,,0,0,0,ESDB_V0_4
3426,3505,neighborhood,-10.5459,1,PASS,35,,n,neighborhood,LEMMA,,MASTER,0,1,1,,,,neighborhoods,0,1,1,ESDB_V0_4
3427,3506,opinions,-10.5459,1,PASS,35,,n,opinion,FORM,,MASTER,0,1,0,,opinion,,,1,0,0,ESDB_V0_4
3428,3507,plain,-10.5459,1,PASS,35,,n;aj_av,plain,LEMMA,,MASTER,0,1,1,,,,plains,0,1,1,ESDB_V0_4
3429,3508,rape,-10.5459,1,PASS,35,,n_v,rape,LEMMA,,MASTER,0,1,1,ape,rap,grape,raped;rapes,2,3,2,ESDB_V0_4
3430,3509,regulation,-10.5459,1,PASS,35,,n;aj,regulation,LEMMA,,MASTER,0,1,1,,,,regulations,0,1,1,ESDB_V0_4
3431,3510,root,-10.5459,1,PASS,35,50,n_v,root,LEMMA,,MASTER,0,1,1,,,,roots,0,1,1,ESDB_V0_4
3432,3511,sake,-10.5459,1,PASS,35,,n,sake,LEMMA,,MASTER,0,0,0,,,,,0,0,0,ESDB_V0_4
3433,3512,sand,-10.5459,1,PASS,35,50,n_v,sand,LEMMA,,MASTER,0,1,1,and,,,sandy;sands,1,2,1,ESDB_V0_4
3434,3513,scheduled,-10.5459,1,PASS,35,,n_v;aj,schedule;scheduled,FORM;LEMMA,,MASTER,0,1,0,,schedule,,,1,0,0,ESDB_V0_4
3435,3514,solve,-10.5459,1,PASS,35,,v,solve,LEMMA,,MASTER,0,1,1,,,,solved,0,1,1,ESDB_V0_4
3436,3515,speaks,-10.5459,1,PASS,35,,v,speak,FORM,,MASTER,0,1,0,peaks,speak,,,2,0,0,ESDB_V0_4
3437,3516,steam,-10.5459,1,PASS,35,,n;v;a,steam,LEMMA,,MASTER,0,1,0,team,,,,1,0,0,ESDB_V0_4
3438,3517,stomach,-10.5459,1,PASS,35,,n_v,stomach,LEMMA,,MASTER,0,0,0,,,,,0,0,0,ESDB_V0_4
3439,3518,string,-10.5459,1,PASS,35,,n_v,string,LEMMA,,MASTER,0,1,1,,,,strings,0,1,1,ESDB_V0_4
3440,3519,summary,-10.5459,1,PASS,35,,n;aj,summary,LEMMA,,MASTER,0,0,0,,,,,0,0,0,ESDB_V0_4
3441,3520,tips,-10.5459,1,PASS,35,,n_v,tip,FORM,,MASTER,0,1,0,,tip,,,1,0,0,ESDB_V0_4
3442,3521,tons,-10.5459,1,PASS,35,,n,ton,FORM,,MASTER,0,1,0,,ton,,,1,0,0,ESDB_V0_4
3443,3522,transferred,-10.5459,1,PASS,35,,n_v,transfer,FORM,,MASTER,0,0,0,,,,,0,0,0,ESDB_V0_4
3444,3523,wage,-10.5459,1,PASS,35,,n_v,wage,LEMMA,,MASTER,0,1,1,age,,,wages;wager;waged,1,3,2,ESDB_V0_4
3445,3524,wanting,-10.5459,1,PASS,35,,n_v;aj,want;wanting,FORM;LEMMA,,MASTER,0,0,0,,,,,0,0,0,ESDB_V0_4
3446,3525,whoever,-10.5459,1,PASS,35,,pn,whoever,LEMMA,,MASTER,0,0,0,,,,,0,0,0,ESDB_V0_4
3447,3526,wings,-10.5459,1,PASS,35,,n_v,wing,FORM,,MASTER,0,1,1,,wing,swings,,1,1,0,ESDB_V0_4
3448,3528,actors,-10.569,1,PASS,35,,n,actor,FORM,,MASTER,0,1,1,,actor,factors,,1,1,0,ESDB_V0_4
3449,3529,alexander,-10.569,0,NOT_EXACT_EN_US,,,,,,,REJECTED_AUTO,0,0,0,,,,,0,0,0,ESDB_V0_4
3450,3530,aspect,-10.569,1,PASS,35,,n,aspect,LEMMA,,MASTER,0,1,1,,,,aspects,0,1,1,ESDB_V0_4
3451,3531,babies,-10.569,1,PASS,35,,n_v,baby,FORM,,MASTER,0,0,0,,,,,0,0,0,ESDB_V0_4
3452,3532,bath,-10.569,1,PASS,35,,n,bath,LEMMA,,MASTER,0,1,1,,bat,,baths;bathe,1,2,1,ESDB_V0_4
3453,3533,begun,-10.569,1,PASS,35,,v,begin,FORM,,MASTER,0,0,0,,,,,0,0,0,ESDB_V0_4
3454,3534,bills,-10.569,1,PASS,35,,n_v,bill,FORM,,MASTER,0,1,0,,bill,,,1,0,0,ESDB_V0_4
3455,3535,cambridge,-10.569,0,NOT_EXACT_EN_US,,,,,,,REJECTED_AUTO,0,0,0,,,,,0,0,0,ESDB_V0_4
3456,3536,capture,-10.569,1,PASS,35,,n_v,capture,LEMMA,,MASTER,0,1,1,,,,captured;captures,0,2,2,ESDB_V0_4
3457,3537,characteristics,-10.569,1,PASS,35,,n,characteristic,FORM,,MASTER,0,1,0,,characteristic,,,1,0,0,ESDB_V0_4
3458,3538,clock,-10.569,1,PASS,35,,n_v,clock,LEMMA,,MASTER,0,1,1,lock,,,clocks,1,1,1,ESDB_V0_4
3459,3539,concentration,-10.569,1,PASS,35,,n,concentration,LEMMA,,MASTER,0,1,1,,,,concentrations,0,1,1,ESDB_V0_4
3460,3540,consumption,-10.569,1,PASS,35,,n,consumption,LEMMA,,MASTER,0,0,0,,,,,0,0,0,ESDB_V0_4
3461,3541,contracts,-10.569,1,PASS,35,,n_v,contract,FORM,,MASTER,0,1,0,,contract,,,1,0,0,ESDB_V0_4
3462,3542,contribution,-10.569,1,PASS,35,,n,contribution,LEMMA,,MASTER,0,1,1,,,,contributions,0,1,1,ESDB_V0_4
3463,3543,copies,-10.569,1,PASS,35,,n_v,copy,FORM,,MASTER,0,0,0,,,,,0,0,0,ESDB_V0_4
3464,3544,davis,-10.569,0,NOT_EXACT_EN_US,,,,,,,REJECTED_AUTO,0,0,0,,,,,0,0,0,ESDB_V0_4
3465,3545,desert,-10.569,1,PASS,35,,n_v;a,desert,LEMMA,,MASTER,0,1,1,,,,deserts,0,1,1,ESDB_V0_4
3466,3546,dies,-10.569,1,PASS,35,,v;n,die,FORM,,MASTER,0,1,0,,die,,,1,0,0,ESDB_V0_4
3467,3547,dramatic,-10.569,1,PASS,35,,aj,dramatic,LEMMA,,MASTER,0,0,0,,,,,0,0,0,ESDB_V0_4
3468,3548,ear,-10.569,1,PASS,35,,n,ear,LEMMA,,MASTER,0,1,1,,,year;near;hear;fear;wear;dear;bear;gear;rear;tear;pear,earn;ears;earl,0,14,1,ESDB_V0_4
3469,3549,earn,-10.569,1,PASS,35,,v,earn,LEMMA,,MASTER,0,1,1,,ear,learn,earns,1,2,1,ESDB_V0_4
3470,3550,enterprise,-10.569,1,PASS,35,50,n,enterprise,LEMMA,,MASTER,0,1,1,,,,enterprises,0,1,1,ESDB_V0_4
3471,3551,filed,-10.569,1,PASS,35,,n_v,file,FORM,,MASTER,0,1,0,,file,,,1,0,0,ESDB_V0_4
3472,3552,finals,-10.569,1,PASS,35,,n,final,FORM,,MASTER,0,1,0,,final,,,1,0,0,ESDB_V0_4
3473,3553,fleet,-10.569,1,PASS,35,,n_v;aj,fleet,LEMMA,,MASTER,0,1,1,,flee,,fleets,1,1,1,ESDB_V0_4
3474,3554,forgotten,-10.569,1,PASS,35,,v;aj,forget;forgotten,FORM;LEMMA,,MASTER,0,0,0,,,,,0,0,0,ESDB_V0_4
3475,3555,helpful,-10.569,1,PASS,35,,aj,helpful,LEMMA,,MASTER,0,0,0,,,,,0,0,0,ESDB_V0_4
3476,3556,impressive,-10.569,1,PASS,35,,aj,impressive,LEMMA,,MASTER,0,0,0,,,,,0,0,0,ESDB_V0_4
3477,3557,installed,-10.569,1,PASS,35,,v,install;instal,FORM,,MASTER,0,0,0,,,,,0,0,0,ESDB_V0_4
3478,3558,joining,-10.569,1,PASS,35,,n_v;n,join;joining,FORM;LEMMA,,MASTER,0,0,0,,,,,0,0,0,ESDB_V0_4
3479,3559,jr,-10.569,0,NO_ESDB_GENERAL_EVIDENCE,,,,,,,REJECTED_AUTO,0,0,0,,,,,0,0,0,ESDB_V0_4
3480,3560,knife,-10.569,1,PASS,35,,n;v,knife,LEMMA,,MASTER,0,0,0,,,,,0,0,0,ESDB_V0_4
3481,3561,liverpool,-10.569,0,NOT_EXACT_EN_US,,,,,,,REJECTED_AUTO,0,0,0,,,,,0,0,0,ESDB_V0_4
3482,3562,logic,-10.569,1,PASS,35,,n,logic,LEMMA,,MASTER,0,0,0,,,,,0,0,0,ESDB_V0_4
3483,3563,luke,-10.569,0,NOT_EXACT_EN_US,,,,,,,REJECTED_AUTO,0,0,0,,,,,0,0,0,ESDB_V0_4
3484,3564,maps,-10.569,1,PASS,35,,n_v,map,FORM,,MASTER,0,1,0,,map,,,1,0,0,ESDB_V0_4
3485,3565,merely,-10.569,1,PASS,35,,av,merely,LEMMA,,MASTER,0,0,0,,,,,0,0,0,ESDB_V0_4
3486,3566,mexican,-10.569,0,NOT_EXACT_EN_US,,,,,,,REJECTED_AUTO,0,0,0,,,,,0,0,0,ESDB_V0_4
3487,3567,minds,-10.569,1,PASS,35,,n_v,mind,FORM,,MASTER,0,1,0,,mind,,,1,0,0,ESDB_V0_4
3488,3568,mum,-10.569,1,PASS,35,,n;aj,mum,LEMMA,,MASTER,0,1,0,um,mu,,,2,0,0,ESDB_V0_4
3489,3569,outcome,-10.569,1,PASS,35,,n,outcome,LEMMA,,MASTER,0,1,1,,,,outcomes,0,1,1,ESDB_V0_4
3490,3570,ownership,-10.569,1,PASS,35,,n,ownership,LEMMA,,MASTER,0,0,0,,,,,0,0,0,ESDB_V0_4
3491,3571,picking,-10.569,1,PASS,35,,n_v;n,pick;picking,FORM;LEMMA,,MASTER,0,0,0,,,,,0,0,0,ESDB_V0_4
3492,3572,possession,-10.569,1,PASS,35,,n,possession,LEMMA,,MASTER,0,1,1,,,,possessions,0,1,1,ESDB_V0_4
3493,3573,rank,-10.569,1,PASS,35,,n_v;aj,rank,LEMMA,,MASTER,0,1,1,,ran,frank;drank;prank;crank,ranks,1,5,1,ESDB_V0_4
3494,3574,rating,-10.569,1,PASS,35,,n_v;n,rate;rating,FORM;LEMMA,,MASTER,0,1,1,,,,ratings,0,1,1,ESDB_V0_4
3495,3575,recall,-10.569,1,PASS,35,,n_v,recall,LEMMA,,MASTER,0,1,1,,,,recalls,0,1,1,ESDB_V0_4
3496,3576,recommend,-10.569,1,PASS,35,,v,recommend,LEMMA,,MASTER,0,1,1,,,,recommends,0,1,1,ESDB_V0_4
3497,3577,rejected,-10.569,1,PASS,35,,n_v;aj,reject;rejected,FORM;LEMMA,,MASTER,0,1,0,ejected,,,,1,0,0,ESDB_V0_4
3498,3578,representing,-10.569,1,PASS,35,,v,represent,FORM,,MASTER,0,0,0,,,,,0,0,0,ESDB_V0_4
3499,3579,sciences,-10.569,1,PASS,35,,n,science,FORM,,MASTER,0,1,0,,science,,,1,0,0,ESDB_V0_4
3500,3580,subjects,-10.569,1,PASS,35,,n_v,subject,FORM,,MASTER,0,1,0,,subject,,,1,0,0,ESDB_V0_4
3501,3581,suck,-10.569,1,PASS,35,,n_v,suck,LEMMA,,MASTER,0,1,1,,,,sucks,0,1,1,ESDB_V0_4
3502,3582,swiss,-10.569,0,NOT_EXACT_EN_US,,,,,,,REJECTED_AUTO,0,0,0,,,,,0,0,0,ESDB_V0_4
3503,3583,tape,-10.569,1,PASS,35,,n_v;a,tape,LEMMA,,MASTER,0,1,1,ape,tap,,tapes;taped,2,2,2,ESDB_V0_4
3504,3584,texts,-10.569,1,PASS,35,,n_v,text,FORM,,MASTER,0,1,0,,text,,,1,0,0,ESDB_V0_4
3505,3585,visiting,-10.569,1,PASS,35,,n_v;n,visit;visiting,FORM;LEMMA,,MASTER,0,0,0,,,,,0,0,0,ESDB_V0_4
3506,3587,amendment,-10.5926,1,PASS,35,,n,amendment,LEMMA,,MASTER,0,1,1,,,,amendments,0,1,1,ESDB_V0_4
3507,3588,arguments,-10.5926,1,PASS,35,,n,argument,FORM,,MASTER,0,1,0,,argument,,,1,0,0,ESDB_V0_4
3508,3589,arrive,-10.5926,1,PASS,35,,v,arrive,LEMMA,,MASTER,0,1,1,,,,arrived;arrives,0,2,2,ESDB_V0_4
3509,3590,beating,-10.5926,1,PASS,35,,n_v;n,beat;beating,FORM;LEMMA,,MASTER,0,1,0,eating,,,,1,0,0,ESDB_V0_4
3510,3591,behalf,-10.5926,1,PASS,35,,n,behalf,LEMMA,,MASTER,0,0,0,,,,,0,0,0,ESDB_V0_4
3511,3592,bother,-10.5926,1,PASS,35,,n_v;i,bother,LEMMA,,MASTER,0,1,1,other,,,bothers,1,1,1,ESDB_V0_4
3512,3593,buddy,-10.5926,1,PASS,35,50,n,buddy,LEMMA,,MASTER,0,0,0,,,,,0,0,0,ESDB_V0_4
3513,3594,bureau,-10.5926,1,PASS,35,,n,bureau,LEMMA,,MASTER,0,0,0,,,,,0,0,0,ESDB_V0_4
3514,3595,cats,-10.5926,1,PASS,35,,n,cat,FORM,,MASTER,0,1,0,,cat,,,1,0,0,ESDB_V0_4
3515,3596,comfort,-10.5926,1,PASS,35,,n_v,comfort,LEMMA,,MASTER,0,1,1,,,,comforts,0,1,1,ESDB_V0_4
3516,3597,commonly,-10.5926,1,PASS,35,,av,commonly,LEMMA,,MASTER,0,0,0,,,,,0,0,0,ESDB_V0_4
3517,3598,critics,-10.5926,1,PASS,35,,n,critic,FORM,,MASTER,0,1,0,,critic,,,1,0,0,ESDB_V0_4
3518,3599,crossing,-10.5926,1,PASS,35,,n_v;n,cross;crossing,FORM;LEMMA,,MASTER,0,1,1,,,,crossings,0,1,1,ESDB_V0_4
3519,3600,debut,-10.5926,1,PASS,35,,n_v,debut,LEMMA,,MASTER,0,1,1,,,,debuts,0,1,1,ESDB_V0_4
3520,3601,disappointed,-10.5926,1,PASS,35,,v;aj,disappoint;disappointed,FORM;LEMMA,,MASTER,0,0,0,,,,,0,0,0,ESDB_V0_4
3521,3602,diseases,-10.5926,1,PASS,35,,n,disease,FORM,,MASTER,0,1,0,,disease,,,1,0,0,ESDB_V0_4
3522,3603,economics,-10.5926,1,PASS,35,,n,economics,LEMMA,,MASTER,0,1,0,,economic,,,1,0,0,ESDB_V0_4
3523,3604,equally,-10.5926,1,PASS,35,,av,equally,LEMMA,,MASTER,0,0,0,,,,,0,0,0,ESDB_V0_4
3524,3605,fallen,-10.5926,1,PASS,35,,n_v;aj,fall;fallen,FORM;LEMMA,,MASTER,0,0,0,,,,,0,0,0,ESDB_V0_4
3525,3606,fate,-10.5926,1,PASS,35,,n_v,fate,LEMMA,,MASTER,0,1,0,ate,fat,,,2,0,0,ESDB_V0_4
3526,3607,favour,-10.5926,0,NOT_EXACT_EN_US,,,,,,,REJECTED_AUTO,0,0,0,,,,,0,0,0,ESDB_V0_4
3527,3608,forum,-10.5926,1,PASS,35,,n,forum,LEMMA,,MASTER,0,1,1,,,,forums,0,1,1,ESDB_V0_4
3528,3609,francis,-10.5926,0,NOT_EXACT_EN_US,,,,,,,REJECTED_AUTO,0,0,0,,,,,0,0,0,ESDB_V0_4
3529,3610,ghost,-10.5926,1,PASS,35,,n_v,ghost,LEMMA,,MASTER,0,1,1,host,,,ghosts,1,1,1,ESDB_V0_4
3530,3611,gotten,-10.5926,1,PASS,35,,n_v,get,FORM,,MASTER,0,0,0,,,,,0,0,0,ESDB_V0_4
3531,3612,gray,-10.5926,1,PASS,35,50,n_v;aj,gray,LEMMA,,MASTER,0,1,0,ray,,,,1,0,0,ESDB_V0_4
3532,3613,guarantee,-10.5926,1,PASS,35,,n_v,guarantee,LEMMA,,MASTER,0,1,1,,,,guaranteed;guarantees,0,2,2,ESDB_V0_4
3533,3614,hence,-10.5926,1,PASS,35,,av,hence,LEMMA,,MASTER,0,1,1,,,thence,,0,1,0,ESDB_V0_4
3534,3615,highway,-10.5926,1,PASS,35,,n,highway,LEMMA,,MASTER,0,1,1,,,,highways,0,1,1,ESDB_V0_4
3535,3616,hitting,-10.5926,1,PASS,35,,n_v;n,hit;hitting,FORM;LEMMA,,MASTER,0,1,1,,,shitting,,0,1,0,ESDB_V0_4
3536,3617,inch,-10.5926,1,PASS,35,,n_v,inch,LEMMA,,MASTER,0,1,1,,,pinch;finch,,0,2,0,ESDB_V0_4
3537,3618,injuries,-10.5926,1,PASS,35,,n,injury,FORM,,MASTER,0,0,0,,,,,0,0,0,ESDB_V0_4
3538,3619,innocent,-10.5926,1,PASS,35,50,n;aj,innocent,LEMMA,,MASTER,0,0,0,,,,,0,0,0,ESDB_V0_4
3539,3620,jane,-10.5926,0,NOT_EXACT_EN_US,,,,,,,REJECTED_AUTO,0,0,0,,,,,0,0,0,ESDB_V0_4
3540,3621,jason,-10.5926,0,NOT_EXACT_EN_US,,,,,,,REJECTED_AUTO,0,0,0,,,,,0,0,0,ESDB_V0_4
3541,3622,lessons,-10.5926,1,PASS,35,,n,lesson,FORM,,MASTER,0,1,0,,lesson,,,1,0,0,ESDB_V0_4
3542,3623,lists,-10.5926,1,PASS,35,,n_v,list,FORM,,MASTER,0,1,0,,list,,,1,0,0,ESDB_V0_4
3543,3624,loving,-10.5926,1,PASS,35,,v;aj,love;loving,FORM;LEMMA,,MASTER,0,0,0,,,,,0,0,0,ESDB_V0_4
3544,3625,monthly,-10.5926,1,PASS,35,,n;aj_av,monthly,LEMMA,,MASTER,0,0,0,,,,,0,0,0,ESDB_V0_4
3545,3626,na,-10.5926,0,NOT_EXACT_EN_US,,,,,,,REJECTED_AUTO,0,0,0,,,,,0,0,0,ESDB_V0_4
3546,3627,negotiations,-10.5926,1,PASS,35,,n,negotiation,FORM,,MASTER,0,1,0,,negotiation,,,1,0,0,ESDB_V0_4
3547,3628,newly,-10.5926,1,PASS,35,,av,newly,LEMMA,,MASTER,0,0,0,,,,,0,0,0,ESDB_V0_4
3548,3629,occurs,-10.5926,1,PASS,35,,v,occur,FORM,,MASTER,0,1,0,,occur,,,1,0,0,ESDB_V0_4
3549,3630,organic,-10.5926,1,PASS,35,,n;aj,organic,LEMMA,,MASTER,0,0,0,,,,,0,0,0,ESDB_V0_4
3550,3631,participants,-10.5926,1,PASS,35,,n,participant,FORM,,MASTER,0,1,0,,participant,,,1,0,0,ESDB_V0_4
3551,3632,participate,-10.5926,1,PASS,35,,v,participate,LEMMA,,MASTER,0,1,1,,,,participated;participates,0,2,2,ESDB_V0_4
3552,3633,passenger,-10.5926,1,PASS,35,,n,passenger,LEMMA,,MASTER,0,1,1,,,,passengers,0,1,1,ESDB_V0_4
3553,3634,phones,-10.5926,1,PASS,35,,n_v,phone,FORM,,MASTER,0,1,0,,phone,,,1,0,0,ESDB_V0_4
3554,3635,pitch,-10.5926,1,PASS,35,,n_v,pitch,LEMMA,,MASTER,0,1,0,itch,,,,1,0,0,ESDB_V0_4
3555,3636,poetry,-10.5926,1,PASS,35,,n,poetry,LEMMA,,MASTER,0,0,0,,,,,0,0,0,ESDB_V0_4
3556,3637,procedures,-10.5926,1,PASS,35,,n,procedure,FORM,,MASTER,0,1,0,,procedure,,,1,0,0,ESDB_V0_4
3557,3638,qualified,-10.5926,1,PASS,35,,aj;v,qualified;qualify,LEMMA;FORM,,MASTER,0,0,0,,,,,0,0,0,ESDB_V0_4
3558,3639,reflect,-10.5926,1,PASS,35,,v,reflect,LEMMA,,MASTER,0,1,1,,,,reflects,0,1,1,ESDB_V0_4
3559,3640,refuse,-10.5926,1,PASS,35,,n;v;a,refuse,LEMMA,,MASTER,0,1,1,,,,refused;refuses,0,2,2,ESDB_V0_4
3560,3641,replacement,-10.5926,1,PASS,35,,n,replacement,LEMMA,,MASTER,0,1,1,,,,replacements,0,1,1,ESDB_V0_4
3561,3642,representation,-10.5926,1,PASS,35,,n,representation,LEMMA,,MASTER,0,1,1,,,,representations,0,1,1,ESDB_V0_4
3562,3643,romantic,-10.5926,1,PASS,35,,n;aj,romantic,LEMMA,,MASTER,0,0,0,,,,,0,0,0,ESDB_V0_4
3563,3644,skill,-10.5926,1,PASS,35,,n,skill,LEMMA,,MASTER,0,1,1,kill,,,skills,1,1,1,ESDB_V0_4
3564,3645,substantial,-10.5926,1,PASS,35,,aj,substantial,LEMMA,,MASTER,0,0,0,,,,,0,0,0,ESDB_V0_4
3565,3646,summit,-10.5926,1,PASS,35,,n,summit,LEMMA,,MASTER,0,0,0,,,,,0,0,0,ESDB_V0_4
3566,3647,switzerland,-10.5926,0,NOT_EXACT_EN_US,,,,,,,REJECTED_AUTO,0,0,0,,,,,0,0,0,ESDB_V0_4
3567,3648,thirty,-10.5926,1,PASS,35,,n,thirty,LEMMA,,MASTER,0,0,0,,,,,0,0,0,ESDB_V0_4
3568,3649,tracks,-10.5926,1,PASS,35,,n_v,track,FORM,,MASTER,0,1,0,racks,track,,,2,0,0,ESDB_V0_4
3569,3650,universities,-10.5926,1,PASS,35,,n,university,FORM,,MASTER,0,0,0,,,,,0,0,0,ESDB_V0_4
3570,3651,vital,-10.5926,1,PASS,35,,aj,vital,LEMMA,,MASTER,0,1,0,,vita,,,1,0,0,ESDB_V0_4
3571,3652,wishes,-10.5926,1,PASS,35,,n_v,wish,FORM,,MASTER,0,0,0,,,,,0,0,0,ESDB_V0_4
3572,3654,adventure,-10.6168,1,PASS,35,,n_v,adventure,LEMMA,,MASTER,0,1,1,,,,adventures,0,1,1,ESDB_V0_4
3573,3655,alan,-10.6168,0,NOT_EXACT_EN_US,,,,,,,REJECTED_AUTO,0,0,0,,,,,0,0,0,ESDB_V0_4
3574,3656,alongside,-10.6168,1,PASS,35,,av;pp,alongside,LEMMA,,MASTER,0,0,0,,,,,0,0,0,ESDB_V0_4
3575,3657,boring,-10.6168,1,PASS,35,,n_v;aj,bore;boring,FORM;LEMMA,,MASTER,0,0,0,,,,,0,0,0,ESDB_V0_4
3576,3658,chat,-10.6168,1,PASS,35,,n_v,chat,LEMMA,,MASTER,0,1,0,hat,,,,1,0,0,ESDB_V0_4
3577,3659,computers,-10.6168,1,PASS,35,,n,computer,FORM,,MASTER,0,1,0,,computer,,,1,0,0,ESDB_V0_4
3578,3660,connect,-10.6168,1,PASS,35,,v,connect,LEMMA,,MASTER,0,1,1,,,,connects,0,1,1,ESDB_V0_4
3579,3661,constitutional,-10.6168,1,PASS,35,,n;aj,constitutional,LEMMA,,MASTER,0,0,0,,,,,0,0,0,ESDB_V0_4
3580,3662,consumers,-10.6168,1,PASS,35,,n,consumer,FORM,,MASTER,0,1,0,,consumer,,,1,0,0,ESDB_V0_4
3581,3663,define,-10.6168,1,PASS,35,,v,define,LEMMA,,MASTER,0,1,1,,,,defined;defines,0,2,2,ESDB_V0_4
3582,3664,denied,-10.6168,1,PASS,35,,v,deny,FORM,,MASTER,0,0,0,,,,,0,0,0,ESDB_V0_4
3583,3665,discover,-10.6168,1,PASS,35,,v,discover,LEMMA,,MASTER,0,1,1,,,,discovery;discovers,0,2,1,ESDB_V0_4
3584,3666,dust,-10.6168,1,PASS,35,,n;v,dust,LEMMA,,MASTER,0,1,1,,,,dusty,0,1,0,ESDB_V0_4
3585,3667,electrical,-10.6168,1,PASS,35,,aj,electrical,LEMMA,,MASTER,0,0,0,,,,,0,0,0,ESDB_V0_4
3586,3668,engineer,-10.6168,1,PASS,35,,n_v,engineer,LEMMA,,MASTER,0,1,1,,,,engineers,0,1,1,ESDB_V0_4
3587,3669,expecting,-10.6168,1,PASS,35,,v;n,expect;expecting,FORM;LEMMA,,MASTER,0,0,0,,,,,0,0,0,ESDB_V0_4
3588,3670,extraordinary,-10.6168,1,PASS,35,,aj,extraordinary,LEMMA,,MASTER,0,0,0,,,,,0,0,0,ESDB_V0_4
3589,3671,firms,-10.6168,1,PASS,35,,n_v,firm,FORM,,MASTER,0,1,0,,firm,,,1,0,0,ESDB_V0_4
3590,3672,flower,-10.6168,1,PASS,35,,n_v,flower,LEMMA,,MASTER,0,1,1,lower,,,flowers,1,1,1,ESDB_V0_4
3591,3673,founder,-10.6168,1,PASS,35,,n_v,founder,LEMMA,,MASTER,0,1,1,,,,founders,0,1,1,ESDB_V0_4
3592,3674,friendship,-10.6168,1,PASS,35,,n,friendship,LEMMA,,MASTER,0,1,1,,,,friendships,0,1,1,ESDB_V0_4
3593,3675,glory,-10.6168,1,PASS,35,,n_v,glory,LEMMA,,MASTER,0,0,0,,,,,0,0,0,ESDB_V0_4
3594,3676,graduate,-10.6168,1,PASS,35,,n_v;aj,graduate,LEMMA,,MASTER,0,1,1,,,,graduated;graduates,0,2,2,ESDB_V0_4
3595,3677,hopes,-10.6168,1,PASS,35,,n_v,hope,FORM,,MASTER,0,1,0,,hope,,,1,0,0,ESDB_V0_4
3596,3678,instrument,-10.6168,1,PASS,35,,n_v;a,instrument,LEMMA,,MASTER,0,1,1,,,,instruments,0,1,1,ESDB_V0_4
3597,3679,instruments,-10.6168,1,PASS,35,,n_v,instrument,FORM,,MASTER,0,1,0,,instrument,,,1,0,0,ESDB_V0_4
3598,3680,interpretation,-10.6168,1,PASS,35,,n,interpretation,LEMMA,,MASTER,0,1,1,,,,interpretations,0,1,1,ESDB_V0_4
3599,3681,introduce,-10.6168,1,PASS,35,,v,introduce,LEMMA,,MASTER,0,1,1,,,,introduced;introduces,0,2,2,ESDB_V0_4
3600,3682,involvement,-10.6168,1,PASS,35,,n,involvement,LEMMA,,MASTER,0,0,0,,,,,0,0,0,ESDB_V0_4
3601,3683,involves,-10.6168,1,PASS,35,,v,involve,FORM,,MASTER,0,1,0,,involve,,,1,0,0,ESDB_V0_4
3602,3684,killer,-10.6168,1,PASS,35,,n;a,killer,LEMMA,,MASTER,0,1,1,,,,killers,0,1,1,ESDB_V0_4
3603,3685,loans,-10.6168,1,PASS,35,,n_v,loan,FORM,,MASTER,0,1,0,,loan,,,1,0,0,ESDB_V0_4
3604,3686,locked,-10.6168,1,PASS,35,,n_v,lock,FORM,,MASTER,0,1,1,,,blocked,,0,1,0,ESDB_V0_4
3605,3687,masters,-10.6168,1,PASS,35,50,n_v,master,FORM,,MASTER,0,1,0,,master,,,1,0,0,ESDB_V0_4
3606,3688,mini,-10.6168,1,PASS,40,,n;aj,mini,LEMMA,,MASTER,0,0,0,,,,,0,0,0,ESDB_V0_4
3607,3689,morgan,-10.6168,0,NOT_EXACT_EN_US,,,,,,,REJECTED_AUTO,0,0,0,,,,,0,0,0,ESDB_V0_4
3608,3690,narrow,-10.6168,1,PASS,35,,n_v;aj,narrow,LEMMA,,MASTER,0,1,0,arrow,,,,1,0,0,ESDB_V0_4
3609,3691,odd,-10.6168,1,PASS,35,,aj,odd,LEMMA,,MASTER,0,1,1,,,,odds,0,1,0,ESDB_V0_4
3610,3692,oxford,-10.6168,0,CASE_FREQ_COLLISION,50,50,n,oxford,LEMMA,,REJECTED_AUTO,0,0,0,,,,,0,0,0,ESDB_V0_4
3611,3693,participation,-10.6168,1,PASS,35,,n,participation,LEMMA,,MASTER,0,0,0,,,,,0,0,0,ESDB_V0_4
3612,3694,priority,-10.6168,1,PASS,35,,n,priority,LEMMA,,MASTER,0,0,0,,,,,0,0,0,ESDB_V0_4
3613,3695,producer,-10.6168,1,PASS,35,,n,producer,LEMMA,,MASTER,0,1,1,,produce,,producers,1,1,1,ESDB_V0_4
3614,3696,purchased,-10.6168,1,PASS,35,,n_v,purchase,FORM,,MASTER,0,1,0,,purchase,,,1,0,0,ESDB_V0_4
3615,3697,pushed,-10.6168,1,PASS,35,,n_v,push,FORM,,MASTER,0,0,0,,,,,0,0,0,ESDB_V0_4
3616,3698,ratio,-10.6168,1,PASS,35,,n,ratio,LEMMA,,MASTER,0,1,1,,,,ratios,0,1,1,ESDB_V0_4
3617,3699,resource,-10.6168,1,PASS,35,,n_v,resource,LEMMA,,MASTER,0,1,1,,,,resources,0,1,1,ESDB_V0_4
3618,3700,retired,-10.6168,1,PASS,35,,v;aj,retire;retired,FORM;LEMMA,,MASTER,0,1,0,,retire,,,1,0,0,ESDB_V0_4
3619,3701,satellite,-10.6168,1,PASS,35,,n;aj,satellite,LEMMA,,MASTER,0,1,1,,,,satellites,0,1,1,ESDB_V0_4
3620,3702,seed,-10.6168,1,PASS,35,,n_v;a,seed,LEMMA,,MASTER,0,1,1,,see,,seeds,1,1,1,ESDB_V0_4
3621,3703,sudden,-10.6168,1,PASS,35,,aj,sudden,LEMMA,,MASTER,0,0,0,,,,,0,0,0,ESDB_V0_4
3622,3704,sum,-10.6168,1,PASS,35,,n_v,sum,LEMMA,,MASTER,0,1,1,um,,,sums,1,1,1,ESDB_V0_4
3623,3705,supports,-10.6168,1,PASS,35,,n_v,support,FORM,,MASTER,0,1,0,,support,,,1,0,0,ESDB_V0_4
3624,3706,surrounded,-10.6168,1,PASS,35,,v;aj,surround;surrounded,FORM;LEMMA,,MASTER,0,0,0,,,,,0,0,0,ESDB_V0_4
3625,3707,survival,-10.6168,1,PASS,35,,n,survival,LEMMA,,MASTER,0,0,0,,,,,0,0,0,ESDB_V0_4
3626,3708,sword,-10.6168,1,PASS,35,,n,sword,LEMMA,,MASTER,0,1,1,word,,,swords,1,1,1,ESDB_V0_4
3627,3709,targets,-10.6168,1,PASS,35,,n_v,target,FORM,,MASTER,0,1,0,,target,,,1,0,0,ESDB_V0_4
3628,3710,thick,-10.6168,1,PASS,35,,n;aj_av,thick,LEMMA,,MASTER,0,0,0,,,,,0,0,0,ESDB_V0_4
3629,3711,thrown,-10.6168,1,PASS,35,,n_v;aj,throw;thrown,FORM;LEMMA,,MASTER,0,1,0,,throw,,,1,0,0,ESDB_V0_4
3630,3712,trail,-10.6168,1,PASS,35,,n_v,trail,LEMMA,,MASTER,0,1,1,rail,,,trails,1,1,1,ESDB_V0_4
3631,3713,ugly,-10.6168,1,PASS,35,,aj,ugly,LEMMA,,MASTER,0,0,0,,,,,0,0,0,ESDB_V0_4
3632,3714,ukraine,-10.6168,0,NOT_EXACT_EN_US,,,,,,,REJECTED_AUTO,0,0,0,,,,,0,0,0,ESDB_V0_4
3633,3715,valid,-10.6168,1,PASS,35,,aj,valid,LEMMA,,MASTER,0,0,0,,,,,0,0,0,ESDB_V0_4
3634,3716,vol,-10.6168,0,NO_ESDB_GENERAL_EVIDENCE,,,,,,,REJECTED_AUTO,0,0,0,,,,,0,0,0,ESDB_V0_4
3635,3717,wash,-10.6168,1,PASS,35,60,n_v,wash,LEMMA,,MASTER,0,1,0,ash,was,,,2,0,0,ESDB_V0_4
3636,3718,wire,-10.6168,1,PASS,35,,n_v;a,wire,LEMMA,,MASTER,0,1,1,,,,wires;wired,0,2,2,ESDB_V0_4
3637,3720,amazon,-10.6375,0,CASE_FREQ_COLLISION,50,50,n,amazon,LEMMA,,REJECTED_AUTO,0,0,0,,,,,0,0,0,ESDB_V0_4
3638,3721,angle,-10.6375,1,PASS,35,60,n_v,angle,LEMMA,,MASTER,0,1,1,,,,angles,0,1,1,ESDB_V0_4
3639,3722,anthony,-10.6375,0,NOT_EXACT_EN_US,,,,,,,REJECTED_AUTO,0,0,0,,,,,0,0,0,ESDB_V0_4
3640,3723,anxiety,-10.6375,1,PASS,35,,n,anxiety,LEMMA,,MASTER,0,0,0,,,,,0,0,0,ESDB_V0_4
3641,3724,ap,-10.6375,0,NOT_EXACT_EN_US,,,,,,,REJECTED_AUTO,0,0,0,,,,,0,0,0,ESDB_V0_4
3642,3725,asleep,-10.6375,1,PASS,35,,aj_av,asleep,LEMMA,,MASTER,0,1,0,sleep,,,,1,0,0,ESDB_V0_4
3643,3726,bands,-10.6375,1,PASS,35,,n_v,band,FORM,,MASTER,0,1,0,,band,,,1,0,0,ESDB_V0_4
3644,3727,cleaning,-10.6375,1,PASS,35,,v;n,clean;cleaning,FORM;LEMMA,,MASTER,0,1,0,leaning,,,,1,0,0,ESDB_V0_4
3645,3728,confident,-10.6375,1,PASS,35,,aj,confident,LEMMA,,MASTER,0,0,0,,,,,0,0,0,ESDB_V0_4
3646,3729,cooperation,-10.6375,1,PASS,35,,n,cooperation,LEMMA,,MASTER,0,0,0,,,,,0,0,0,ESDB_V0_4
3647,3730,corruption,-10.6375,1,PASS,35,,n,corruption,LEMMA,,MASTER,0,0,0,,,,,0,0,0,ESDB_V0_4
3648,3731,crack,-10.6375,1,PASS,35,,n_v;aj,crack,LEMMA,,MASTER,0,1,1,rack,,,cracks,1,1,1,ESDB_V0_4
3649,3732,crap,-10.6375,1,PASS,35,,n;v;a,crap,LEMMA,vulgar-3,MASTER,0,1,1,rap,,scrap,,1,1,0,ESDB_V0_4
3650,3733,database,-10.6375,1,PASS,35,,n;v,database,LEMMA,,MASTER,0,1,1,,,,databases,0,1,1,ESDB_V0_4
3651,3734,dave,-10.6375,0,NOT_EXACT_EN_US,,,,,,,REJECTED_AUTO,0,0,0,,,,,0,0,0,ESDB_V0_4
3652,3735,der,-10.6375,0,NOT_EXACT_EN_US,,,,,,,REJECTED_AUTO,0,0,0,,,,,0,0,0,ESDB_V0_4
3653,3736,difficulty,-10.6375,1,PASS,35,,n,difficulty,LEMMA,,MASTER,0,1,0,,difficult,,,1,0,0,ESDB_V0_4
3654,3737,disaster,-10.6375,1,PASS,35,,n,disaster,LEMMA,,MASTER,0,1,1,,,,disasters,0,1,1,ESDB_V0_4
3655,3738,dragon,-10.6375,1,PASS,35,,n,dragon,LEMMA,,MASTER,0,1,1,,,,dragons,0,1,1,ESDB_V0_4
3656,3739,efficiency,-10.6375,1,PASS,35,,n,efficiency,LEMMA,,MASTER,0,0,0,,,,,0,0,0,ESDB_V0_4
3657,3740,generated,-10.6375,1,PASS,35,,v,generate,FORM,,MASTER,0,1,0,,generate,,,1,0,0,ESDB_V0_4
3658,3741,georgia,-10.6375,0,NOT_EXACT_EN_US,,,,,,,REJECTED_AUTO,0,0,0,,,,,0,0,0,ESDB_V0_4
3659,3742,hired,-10.6375,1,PASS,35,,n_v;aj,hire;hired,FORM;LEMMA,,MASTER,0,1,0,,hire,,,1,0,0,ESDB_V0_4
3660,3743,honey,-10.6375,1,PASS,35,,n_v;aj,honey,LEMMA,,MASTER,0,0,0,,,,,0,0,0,ESDB_V0_4
3661,3744,hop,-10.6375,1,PASS,35,,n_v,hop,LEMMA,,MASTER,0,1,1,op,ho,shop;chop,hope;hops,2,4,1,ESDB_V0_4
3662,3745,humanity,-10.6375,1,PASS,35,,n,humanity,LEMMA,,MASTER,0,0,0,,,,,0,0,0,ESDB_V0_4
3663,3746,hunter,-10.6375,1,PASS,35,50,n,hunter,LEMMA,,MASTER,0,1,1,,,,hunters,0,1,1,ESDB_V0_4
3664,3747,infection,-10.6375,1,PASS,35,,n,infection,LEMMA,,MASTER,0,1,1,,,,infections,0,1,1,ESDB_V0_4
3665,3748,intention,-10.6375,1,PASS,35,,n,intention,LEMMA,,MASTER,0,1,1,,,,intentions,0,1,1,ESDB_V0_4
3666,3749,johnny,-10.6375,0,CASE_FREQ_COLLISION,60,50,n,johnny,LEMMA,,REJECTED_AUTO,0,0,0,,,,,0,0,0,ESDB_V0_4
3667,3750,journalist,-10.6375,1,PASS,35,,n,journalist,LEMMA,,MASTER,0,1,1,,,,journalists,0,1,1,ESDB_V0_4
3668,3751,jury,-10.6375,1,PASS,35,,n;a,jury,LEMMA,,MASTER,0,0,0,,,,,0,0,0,ESDB_V0_4
3669,3752,laboratory,-10.6375,1,PASS,35,,n,laboratory,LEMMA,,MASTER,0,0,0,,,,,0,0,0,ESDB_V0_4
3670,3753,landscape,-10.6375,1,PASS,35,,n_v;a,landscape,LEMMA,,MASTER,0,1,1,,,,landscapes,0,1,1,ESDB_V0_4
3671,3754,liquid,-10.6375,1,PASS,35,,n;aj,liquid,LEMMA,,MASTER,0,1,1,,,,liquids,0,1,1,ESDB_V0_4
3672,3755,lowest,-10.6375,1,PASS,35,,aj_av,low,FORM,,MASTER,0,0,0,,,,,0,0,0,ESDB_V0_4
3673,3756,maria,-10.6375,1,PASS,35,50,n,mare;maria,FORM;LEMMA,,MASTER,0,1,0,aria,,,,1,0,0,ESDB_V0_4
3674,3757,muslims,-10.6375,0,NOT_EXACT_EN_US,,,,,,,REJECTED_AUTO,0,0,0,,,,,0,0,0,ESDB_V0_4
3675,3758,occasionally,-10.6375,1,PASS,35,,av,occasionally,LEMMA,,MASTER,0,0,0,,,,,0,0,0,ESDB_V0_4
3676,3759,occupied,-10.6375,1,PASS,35,,aj;v,occupied;occupy,LEMMA;FORM,,MASTER,0,0,0,,,,,0,0,0,ESDB_V0_4
3677,3760,ohio,-10.6375,0,NOT_EXACT_EN_US,,,,,,,REJECTED_AUTO,0,0,0,,,,,0,0,0,ESDB_V0_4
3678,3761,parliamentary,-10.6375,1,PASS,35,,aj,parliamentary,LEMMA,,MASTER,0,0,0,,,,,0,0,0,ESDB_V0_4
3679,3762,patterns,-10.6375,1,PASS,35,,n_v,pattern,FORM,,MASTER,0,1,0,,pattern,,,1,0,0,ESDB_V0_4
3680,3763,preparation,-10.6375,1,PASS,35,,n,preparation,LEMMA,,MASTER,0,1,1,,,,preparations,0,1,1,ESDB_V0_4
3681,3764,rapidly,-10.6375,1,PASS,35,,av,rapidly,LEMMA,,MASTER,0,0,0,,,,,0,0,0,ESDB_V0_4
3682,3765,residence,-10.6375,1,PASS,35,,n,residence,LEMMA,,MASTER,0,1,1,,,,residences,0,1,1,ESDB_V0_4
3683,3766,reveal,-10.6375,1,PASS,35,,v,reveal,LEMMA,,MASTER,0,1,1,,,,reveals,0,1,1,ESDB_V0_4
3684,3767,rocks,-10.6375,1,PASS,35,,n_v,rock,FORM,,MASTER,0,1,0,,rock,,,1,0,0,ESDB_V0_4
3685,3768,rugby,-10.6375,1,PASS,35,,n,rugby,LEMMA,,MASTER,0,0,0,,,,,0,0,0,ESDB_V0_4
3686,3769,savings,-10.6375,1,PASS,35,,n,saving;savings,FORM;LEMMA,,MASTER,0,1,0,,saving,,,1,0,0,ESDB_V0_4
3687,3770,serves,-10.6375,1,PASS,35,,n_v,serve,FORM,,MASTER,0,1,0,,serve,,,1,0,0,ESDB_V0_4
3688,3771,sheet,-10.6375,1,PASS,35,,n,sheet,LEMMA,,MASTER,0,1,1,,,,sheets,0,1,1,ESDB_V0_4
3689,3772,shell,-10.6375,1,PASS,35,50,n_v,shell,LEMMA,,MASTER,0,1,1,hell,,,shells,1,1,1,ESDB_V0_4
3690,3773,strip,-10.6375,1,PASS,35,,n_v,strip,LEMMA,,MASTER,0,1,1,trip,,,strips;stripe,1,2,1,ESDB_V0_4
3691,3774,substance,-10.6375,1,PASS,35,,n,substance,LEMMA,,MASTER,0,1,1,,,,substances,0,1,1,ESDB_V0_4
3692,3775,terrorist,-10.6375,1,PASS,35,,n;a,terrorist,LEMMA,,MASTER,0,1,1,,,,terrorists,0,1,1,ESDB_V0_4
3693,3776,throwing,-10.6375,1,PASS,35,,n_v;n,throw;throwing,FORM;LEMMA,,MASTER,0,0,0,,,,,0,0,0,ESDB_V0_4
3694,3777,titles,-10.6375,1,PASS,35,,n_v,title,FORM,,MASTER,0,1,0,,title,,,1,0,0,ESDB_V0_4
3695,3778,twelve,-10.6375,1,PASS,35,,n,twelve,LEMMA,,MASTER,0,0,0,,,,,0,0,0,ESDB_V0_4
3696,3779,vessel,-10.6375,1,PASS,35,,n,vessel,LEMMA,,MASTER,0,1,1,,,,vessels,0,1,1,ESDB_V0_4
3697,3780,ye,-10.6375,1,PASS,35,,d;pn,ye;thou,LEMMA;FORM,,MASTER,0,1,1,,,eye;bye;aye;dye;rye,yet;yes;yep;yea;yen,0,10,0,ESDB_V0_4
3698,3781,yep,-10.6375,1,PASS,40,,n;a,yep,LEMMA,,MASTER,0,1,0,,ye,,,1,0,0,ESDB_V0_4
3699,3782,answered,-10.6628,1,PASS,35,,n_v,answer,FORM,,MASTER,0,0,0,,,,,0,0,0,ESDB_V0_4
3700,3783,assist,-10.6628,1,PASS,35,,n_v,assist,LEMMA,,MASTER,0,1,1,,,,assists,0,1,1,ESDB_V0_4
3701,3784,bags,-10.6628,1,PASS,35,,n_v,bag,FORM,,MASTER,0,1,0,,bag,,,1,0,0,ESDB_V0_4
3702,3785,bonus,-10.6628,1,PASS,35,,n,bonus,LEMMA,,MASTER,0,0,0,,,,,0,0,0,ESDB_V0_4
3703,3786,bro,-10.6628,1,PASS,60,,n,bro,LEMMA,,MASTER,0,1,1,,,,brow,0,1,0,ESDB_V0_4
3704,3787,carolina,-10.6628,0,NOT_EXACT_EN_US,,,,,,,REJECTED_AUTO,0,0,0,,,,,0,0,0,ESDB_V0_4
3705,3788,charlie,-10.6628,0,CASE_FREQ_COLLISION,60,50,n,charlie,LEMMA,,REJECTED_AUTO,0,0,0,,,,,0,0,0,ESDB_V0_4
3706,3789,churches,-10.6628,1,PASS,35,,n,church,FORM,,MASTER,0,0,0,,,,,0,0,0,ESDB_V0_4
3707,3790,collect,-10.6628,1,PASS,35,,n_v;aj_av,collect,LEMMA,,MASTER,0,1,1,,,,collects,0,1,1,ESDB_V0_4
3708,3791,comic,-10.6628,1,PASS,35,,n;aj,comic,LEMMA,,MASTER,0,1,1,,,,comics,0,1,1,ESDB_V0_4
3709,3792,composed,-10.6628,1,PASS,35,,v;aj,compose;composed,FORM;LEMMA,,MASTER,0,1,0,,compose,,,1,0,0,ESDB_V0_4
3710,3793,damaged,-10.6628,1,PASS,35,,v;aj,damage;damaged,FORM;LEMMA,,MASTER,0,1,0,,damage,,,1,0,0,ESDB_V0_4
3711,3794,designated,-10.6628,1,PASS,35,,v,designate,FORM,,MASTER,0,1,0,,designate,,,1,0,0,ESDB_V0_4
3712,3795,desk,-10.6628,1,PASS,35,,n;a,desk,LEMMA,,MASTER,0,1,1,,,,desks,0,1,1,ESDB_V0_4
3713,3796,diamond,-10.6628,1,PASS,35,,n;a,diamond,LEMMA,,MASTER,0,1,1,,,,diamonds,0,1,1,ESDB_V0_4
3714,3797,distributed,-10.6628,1,PASS,35,,v;aj,distribute;distributed,FORM;LEMMA,,MASTER,0,1,0,,distribute,,,1,0,0,ESDB_V0_4
3715,3798,divorce,-10.6628,1,PASS,35,,n_v,divorce,LEMMA,,MASTER,0,1,1,,,,divorced,0,1,1,ESDB_V0_4
3716,3799,ears,-10.6628,1,PASS,35,,n,ear,FORM,,MASTER,0,1,1,,ear,years;tears;bears;fears;wears;hears;gears;sears,,1,8,0,ESDB_V0_4
3717,3800,encouraged,-10.6628,1,PASS,35,,v;aj,encourage;encouraged,FORM;LEMMA,,MASTER,0,1,0,,encourage,,,1,0,0,ESDB_V0_4
3718,3801,estimate,-10.6628,1,PASS,35,,n_v,estimate,LEMMA,,MASTER,0,1,1,,,,estimated;estimates,0,2,2,ESDB_V0_4
3719,3802,experiment,-10.6628,1,PASS,35,,n_v,experiment,LEMMA,,MASTER,0,1,1,,,,experiments,0,1,1,ESDB_V0_4
3720,3803,federation,-10.6628,1,PASS,35,,n,federation,LEMMA,,MASTER,0,0,0,,,,,0,0,0,ESDB_V0_4
3721,3804,feedback,-10.6628,1,PASS,35,,n,feedback,LEMMA,,MASTER,0,0,0,,,,,0,0,0,ESDB_V0_4
3722,3805,figured,-10.6628,1,PASS,35,,n_v;aj,figure;figured,FORM;LEMMA,,MASTER,0,1,0,,figure,,,1,0,0,ESDB_V0_4
3723,3806,gathered,-10.6628,1,PASS,35,,n_v;aj,gather;gathered,FORM;LEMMA,,MASTER,0,0,0,,,,,0,0,0,ESDB_V0_4
3724,3808,horror,-10.6628,1,PASS,35,,n;a,horror,LEMMA,,MASTER,0,1,1,,,,horrors,0,1,1,ESDB_V0_4
3725,3809,howard,-10.6628,0,NOT_EXACT_EN_US,,,,,,,REJECTED_AUTO,0,0,0,,,,,0,0,0,ESDB_V0_4
3726,3810,indonesia,-10.6628,0,NOT_EXACT_EN_US,,,,,,,REJECTED_AUTO,0,0,0,,,,,0,0,0,ESDB_V0_4
3727,3811,jay,-10.6628,1,PASS,35,50,n,jay,LEMMA,,MASTER,0,1,1,,,,jays,0,1,1,ESDB_V0_4
3728,3812,lab,-10.6628,1,PASS,35,60,n,lab,LEMMA,,MASTER,0,1,1,,,slab,labs,0,2,1,ESDB_V0_4
3729,3813,lately,-10.6628,1,PASS,35,,av,lately,LEMMA,,MASTER,0,0,0,,,,,0,0,0,ESDB_V0_4
3730,3814,madrid,-10.6628,0,NOT_EXACT_EN_US,,,,,,,REJECTED_AUTO,0,0,0,,,,,0,0,0,ESDB_V0_4
3731,3815,managing,-10.6628,1,PASS,35,,v,manage,FORM,,MASTER,0,0,0,,,,,0,0,0,ESDB_V0_4
3732,3816,math,-10.6628,1,PASS,35,,n,math,LEMMA,,MASTER,0,1,0,,mat,,,1,0,0,ESDB_V0_4
3733,3817,moreover,-10.6628,1,PASS,35,,av,moreover,LEMMA,,MASTER,0,0,0,,,,,0,0,0,ESDB_V0_4
3734,3818,nowhere,-10.6628,1,PASS,35,,n;av,nowhere,LEMMA,,MASTER,0,0,0,,,,,0,0,0,ESDB_V0_4
3735,3820,ongoing,-10.6628,1,PASS,35,,aj,ongoing,LEMMA,,MASTER,0,0,0,,,,,0,0,0,ESDB_V0_4
3736,3822,pa,-10.6628,1,PASS,35,35,n,pa,LEMMA,,MASTER,0,1,1,a,,spa,pay;pan;pat;par;pal;pad;pas;paw;pap,1,10,1,ESDB_V0_4
3737,3823,pan,-10.6628,1,PASS,35,50,n_v,pan,LEMMA,,MASTER,0,1,1,an,pa,span,pans,2,2,1,ESDB_V0_4
3738,3824,peoples,-10.6628,1,PASS,35,,v;n,people,FORM,,MASTER,0,1,0,,people,,,1,0,0,ESDB_V0_4
3739,3825,pizza,-10.6628,1,PASS,35,,n,pizza,LEMMA,,MASTER,0,1,1,,,,pizzas,0,1,1,ESDB_V0_4
3740,3826,potentially,-10.6628,1,PASS,35,,av,potentially,LEMMA,,MASTER,0,0,0,,,,,0,0,0,ESDB_V0_4
3741,3827,pp,-10.6628,0,NO_ESDB_GENERAL_EVIDENCE,,,,,,,REJECTED_AUTO,0,0,0,,,,,0,0,0,ESDB_V0_4
3742,3828,producers,-10.6628,1,PASS,35,,n,producer,FORM,,MASTER,0,1,0,,producer,,,1,0,0,ESDB_V0_4
3743,3829,protest,-10.6628,1,PASS,35,,n_v,protest,LEMMA,,MASTER,0,1,1,,,,protests,0,1,1,ESDB_V0_4
3744,3830,punishment,-10.6628,1,PASS,35,,n,punishment,LEMMA,,MASTER,0,1,1,,,,punishments,0,1,1,ESDB_V0_4
3745,3831,pushing,-10.6628,1,PASS,35,,n_v;c,push;pushing,FORM;LEMMA,,MASTER,0,0,0,,,,,0,0,0,ESDB_V0_4
3746,3832,readers,-10.6628,1,PASS,35,,n,reader,FORM,,MASTER,0,1,0,,reader,,,1,0,0,ESDB_V0_4
3747,3833,rear,-10.6628,1,PASS,35,,n_v;aj,rear,LEMMA,,MASTER,0,1,0,ear,,,,1,0,0,ESDB_V0_4
3748,3834,refers,-10.6628,1,PASS,35,,v,refer,FORM,,MASTER,0,1,1,,refer,prefers,,1,1,0,ESDB_V0_4
3749,3835,removal,-10.6628,1,PASS,35,,n,removal,LEMMA,,MASTER,0,0,0,,,,,0,0,0,ESDB_V0_4
3750,3836,rivers,-10.6628,1,PASS,35,50,n,river,FORM,,MASTER,0,1,1,,river,drivers,,1,1,0,ESDB_V0_4
3751,3837,roger,-10.6628,0,CASE_FREQ_COLLISION,50,50,v;i,roger,LEMMA,,REJECTED_AUTO,0,0,0,,,,,0,0,0,ESDB_V0_4
3752,3838,routine,-10.6628,1,PASS,35,,n;aj,routine,LEMMA,,MASTER,0,1,1,,,,routines,0,1,1,ESDB_V0_4
3753,3839,silly,-10.6628,1,PASS,35,,n;aj,silly,LEMMA,,MASTER,0,0,0,,,,,0,0,0,ESDB_V0_4
3754,3840,smooth,-10.6628,1,PASS,35,,v;aj,smooth,LEMMA,,MASTER,0,0,0,,,,,0,0,0,ESDB_V0_4
3755,3841,spell,-10.6628,1,PASS,35,,n_v,spell,LEMMA,,MASTER,0,1,1,,,,spells,0,1,1,ESDB_V0_4
3756,3842,stolen,-10.6628,1,PASS,35,,n_v,steal,FORM,,MASTER,0,1,0,,stole,,,1,0,0,ESDB_V0_4
3757,3843,stops,-10.6628,1,PASS,35,,n_v;n,stop;stops,FORM;LEMMA,,MASTER,0,1,0,tops,stop,,,2,0,0,ESDB_V0_4
3758,3844,symbol,-10.6628,1,PASS,35,,n,symbol,LEMMA,,MASTER,0,1,1,,,,symbols,0,1,1,ESDB_V0_4
3759,3845,vacation,-10.6628,1,PASS,35,,n_v,vacation,LEMMA,,MASTER,0,1,1,,,,vacations,0,1,1,ESDB_V0_4
3760,3846,vessels,-10.6628,1,PASS,35,,n,vessel,FORM,,MASTER,0,1,0,,vessel,,,1,0,0,ESDB_V0_4
3761,3847,virgin,-10.6628,1,PASS,35,,n;aj,virgin,LEMMA,,MASTER,0,1,1,,,,virgins,0,1,1,ESDB_V0_4
3762,3848,voices,-10.6628,1,PASS,35,,n_v,voice,FORM,,MASTER,0,1,0,,voice,,,1,0,0,ESDB_V0_4
3763,3849,walker,-10.6628,1,PASS,35,50,n,walker,LEMMA,,MASTER,0,1,1,,,,walkers,0,1,1,ESDB_V0_4
3764,3850,wounded,-10.6628,1,PASS,35,,n_v;n;aj,wound;wounded,FORM;LEMMA,,MASTER,0,0,0,,,,,0,0,0,ESDB_V0_4
3765,3851,accompanied,-10.6844,1,PASS,35,,aj;v,accompanied;accompany,LEMMA;FORM,,MASTER,0,0,0,,,,,0,0,0,ESDB_V0_4
3766,3852,actress,-10.6844,1,PASS,35,,n,actress,LEMMA,,MASTER,0,0,0,,,,,0,0,0,ESDB_V0_4
3767,3853,aimed,-10.6844,1,PASS,35,,n_v,aim,FORM,,MASTER,0,0,0,,,,,0,0,0,ESDB_V0_4
3768,3854,apparent,-10.6844,1,PASS,35,,aj,apparent,LEMMA,,MASTER,0,0,0,,,,,0,0,0,ESDB_V0_4
3769,3855,asshole,-10.6844,1,PASS,40,,n,asshole,LEMMA,vulgar-1,MASTER,0,1,1,,,,assholes,0,1,1,ESDB_V0_4
3770,3856,banned,-10.6844,1,PASS,35,,v;aj,ban;banned,FORM;LEMMA,,MASTER,0,0,0,,,,,0,0,0,ESDB_V0_4
3771,3857,belt,-10.6844,1,PASS,35,,n_v,belt,LEMMA,,MASTER,0,1,1,,,,belts,0,1,1,ESDB_V0_4
3772,3858,biological,-10.6844,1,PASS,35,,aj,biological,LEMMA,,MASTER,0,0,0,,,,,0,0,0,ESDB_V0_4
3773,3859,channels,-10.6844,1,PASS,35,,n_v,channel,FORM,,MASTER,0,1,0,,channel,,,1,0,0,ESDB_V0_4
3774,3860,checking,-10.6844,1,PASS,35,,v,check,FORM,,MASTER,0,0,0,,,,,0,0,0,ESDB_V0_4
3775,3861,column,-10.6844,1,PASS,35,,n,column,LEMMA,,MASTER,0,1,1,,,,columns,0,1,1,ESDB_V0_4
3776,3862,commerce,-10.6844,1,PASS,35,,n,commerce,LEMMA,,MASTER,0,0,0,,,,,0,0,0,ESDB_V0_4
3777,3863,component,-10.6844,1,PASS,35,,n;a,component,LEMMA,,MASTER,0,1,1,,,,components,0,1,1,ESDB_V0_4
3778,3864,composition,-10.6844,1,PASS,35,,n,composition,LEMMA,,MASTER,0,1,1,,,,compositions,0,1,1,ESDB_V0_4
3779,3865,congratulations,-10.6844,1,PASS,35,,i,congratulations,LEMMA,,MASTER,0,0,0,,,,,0,0,0,ESDB_V0_4
3780,3866,conservation,-10.6844,1,PASS,35,,n,conservation,LEMMA,,MASTER,0,0,0,,,,,0,0,0,ESDB_V0_4
3781,3867,considerable,-10.6844,1,PASS,35,,aj,considerable,LEMMA,,MASTER,0,0,0,,,,,0,0,0,ESDB_V0_4
3782,3868,contributions,-10.6844,1,PASS,35,,n,contribution,FORM,,MASTER,0,1,0,,contribution,,,1,0,0,ESDB_V0_4
3783,3869,crystal,-10.6844,1,PASS,35,50,n;a,crystal,LEMMA,,MASTER,0,1,1,,,,crystals,0,1,1,ESDB_V0_4
3784,3870,cuts,-10.6844,1,PASS,35,,n_v,cut,FORM,,MASTER,0,1,0,,cut,,,1,0,0,ESDB_V0_4
3785,3871,discrimination,-10.6844,1,PASS,35,,n,discrimination,LEMMA,,MASTER,0,0,0,,,,,0,0,0,ESDB_V0_4
3786,3872,domain,-10.6844,1,PASS,35,,n,domain,LEMMA,,MASTER,0,1,1,,,,domains,0,1,1,ESDB_V0_4
3787,3873,drove,-10.6844,1,PASS,35,,n_v;n,drive;drove,FORM;LEMMA,,MASTER,0,0,0,,,,,0,0,0,ESDB_V0_4
3788,3874,eh,-10.6844,1,PASS,35,,i,eh,LEMMA,,MASTER,0,0,0,,,,,0,0,0,ESDB_V0_4
3789,3875,exit,-10.6844,1,PASS,35,,n_v,exit,LEMMA,,MASTER,0,1,1,,,,exits,0,1,1,ESDB_V0_4
3790,3876,extend,-10.6844,1,PASS,35,,v,extend,LEMMA,,MASTER,0,1,1,,,,extends,0,1,1,ESDB_V0_4
3791,3877,ft,-10.6844,0,NO_ESDB_GENERAL_EVIDENCE,,,,,,,REJECTED_AUTO,0,0,0,,,,,0,0,0,ESDB_V0_4
3792,3878,fuckin,-10.6844,0,NOT_EXACT_EN_US,,,,,,,REJECTED_AUTO,0,0,0,,,,,0,0,0,ESDB_V0_4
3793,3879,genetic,-10.6844,1,PASS,35,,aj,genetic,LEMMA,,MASTER,0,1,1,,,,genetics,0,1,0,ESDB_V0_4
3794,3880,genius,-10.6844,1,PASS,35,,n,genius,LEMMA,,MASTER,0,0,0,,,,,0,0,0,ESDB_V0_4
3795,3881,gordon,-10.6844,0,NOT_EXACT_EN_US,,,,,,,REJECTED_AUTO,0,0,0,,,,,0,0,0,ESDB_V0_4
3796,3882,greatly,-10.6844,1,PASS,35,,av,greatly,LEMMA,,MASTER,0,0,0,,,,,0,0,0,ESDB_V0_4
3797,3883,greece,-10.6844,0,NOT_EXACT_EN_US,,,,,,,REJECTED_AUTO,0,0,0,,,,,0,0,0,ESDB_V0_4
3798,3884,idiot,-10.6844,1,PASS,35,,n,idiot,LEMMA,,MASTER,0,1,1,,,,idiots,0,1,1,ESDB_V0_4
3799,3885,indicates,-10.6844,1,PASS,35,,v,indicate,FORM,,MASTER,0,1,0,,indicate,,,1,0,0,ESDB_V0_4
3800,3886,initiative,-10.6844,1,PASS,35,,n,initiative,LEMMA,,MASTER,0,1,1,,,,initiatives,0,1,1,ESDB_V0_4
3801,3887,instructions,-10.6844,1,PASS,35,,n,instruction,FORM,,MASTER,0,1,0,,instruction,,,1,0,0,ESDB_V0_4
3802,3888,intervention,-10.6844,1,PASS,35,,n,intervention,LEMMA,,MASTER,0,1,1,,,,interventions,0,1,1,ESDB_V0_4
3803,3889,interviews,-10.6844,1,PASS,35,,n_v,interview,FORM,,MASTER,0,1,0,,interview,,,1,0,0,ESDB_V0_4
3804,3890,journalists,-10.6844,1,PASS,35,,n,journalist,FORM,,MASTER,0,1,0,,journalist,,,1,0,0,ESDB_V0_4
3805,3891,juice,-10.6844,1,PASS,35,,n_v,juice,LEMMA,,MASTER,0,1,1,,,,juices,0,1,1,ESDB_V0_4
3806,3892,las,-10.6844,0,NOT_EXACT_EN_US,,,,,,,REJECTED_AUTO,0,0,0,,,,,0,0,0,ESDB_V0_4
3807,3893,lifetime,-10.6844,1,PASS,35,,n;a,lifetime,LEMMA,,MASTER,0,0,0,,,,,0,0,0,ESDB_V0_4
3808,3894,literary,-10.6844,1,PASS,35,,aj,literary,LEMMA,,MASTER,0,0,0,,,,,0,0,0,ESDB_V0_4
3809,3895,log,-10.6844,1,PASS,35,,n_v,log,LEMMA,,MASTER,0,1,1,,lo,,logo;logs,1,2,1,ESDB_V0_4
3810,3896,mechanism,-10.6844,1,PASS,35,,n,mechanism,LEMMA,,MASTER,0,1,1,,,,mechanisms,0,1,1,ESDB_V0_4
3811,3897,medal,-10.6844,1,PASS,35,,n,medal,LEMMA,,MASTER,0,1,1,,,,medals,0,1,1,ESDB_V0_4
3812,3899,mothers,-10.6844,1,PASS,35,,n_v,mother,FORM,,MASTER,0,1,0,others,mother,,,2,0,0,ESDB_V0_4
3813,3900,nevertheless,-10.6844,1,PASS,35,,av,nevertheless,LEMMA,,MASTER,0,0,0,,,,,0,0,0,ESDB_V0_4
3814,3901,nurse,-10.6844,1,PASS,35,,n_v,nurse,LEMMA,,MASTER,0,1,1,,,,nurses,0,1,1,ESDB_V0_4
3815,3902,phil,-10.6844,0,NOT_EXACT_EN_US,,,,,,,REJECTED_AUTO,0,0,0,,,,,0,0,0,ESDB_V0_4
3816,3903,physics,-10.6844,1,PASS,35,,v;n,physic;physics,FORM;LEMMA,,MASTER,0,0,0,,,,,0,0,0,ESDB_V0_4
3817,3904,pot,-10.6844,1,PASS,35,,n_v,pot,LEMMA,,MASTER,0,1,1,,,spot,pots,0,2,1,ESDB_V0_4
3818,3905,regret,-10.6844,1,PASS,35,,n_v,regret,LEMMA,,MASTER,0,1,1,,,,regrets,0,1,1,ESDB_V0_4
3819,3906,repair,-10.6844,1,PASS,35,,n_v,repair,LEMMA,,MASTER,0,1,1,,,,repairs,0,1,1,ESDB_V0_4
3820,3907,resident,-10.6844,1,PASS,35,,n;aj,resident,LEMMA,,MASTER,0,1,1,,,president,residents,0,2,1,ESDB_V0_4
3821,3908,responses,-10.6844,1,PASS,35,,n,response,FORM,,MASTER,0,1,0,,response,,,1,0,0,ESDB_V0_4
3822,3909,revolutionary,-10.6844,1,PASS,35,,n;aj,revolutionary,LEMMA,,MASTER,0,1,0,evolutionary,,,,1,0,0,ESDB_V0_4
3823,3910,ross,-10.6844,0,NOT_EXACT_EN_US,,,,,,,REJECTED_AUTO,0,0,0,,,,,0,0,0,ESDB_V0_4
3824,3911,roughly,-10.6844,1,PASS,35,,av,roughly,LEMMA,,MASTER,0,0,0,,,,,0,0,0,ESDB_V0_4
3825,3912,shore,-10.6844,1,PASS,35,,n_v,shore,LEMMA,,MASTER,0,1,1,,,ashore,shores,0,2,1,ESDB_V0_4
3826,3913,signing,-10.6844,1,PASS,35,,n_v;n,sign;signing,FORM;LEMMA,,MASTER,0,0,0,,,,,0,0,0,ESDB_V0_4
3827,3914,sixth,-10.6844,1,PASS,35,,n,sixth,LEMMA,,MASTER,0,0,0,,,,,0,0,0,ESDB_V0_4
3828,3915,thou,-10.6844,1,PASS,50,,pn,thou,LEMMA,,MASTER,0,1,0,,tho,,,1,0,0,ESDB_V0_4
3829,3916,versions,-10.6844,1,PASS,35,,n,version,FORM,,MASTER,0,1,0,,version,,,1,0,0,ESDB_V0_4
3830,3917,vietnam,-10.6844,0,NOT_EXACT_EN_US,,,,,,,REJECTED_AUTO,0,0,0,,,,,0,0,0,ESDB_V0_4
3831,3918,waves,-10.6844,1,PASS,35,,n_v,wave,FORM,,MASTER,0,1,0,,wave,,,1,0,0,ESDB_V0_4
3832,3919,anne,-10.7064,0,NOT_EXACT_EN_US,,,,,,,REJECTED_AUTO,0,0,0,,,,,0,0,0,ESDB_V0_4
3833,3920,annoying,-10.7064,1,PASS,35,,v;n;aj,annoy;annoying,FORM;LEMMA,,MASTER,0,0,0,,,,,0,0,0,ESDB_V0_4
3834,3921,arthur,-10.7064,0,NOT_EXACT_EN_US,,,,,,,REJECTED_AUTO,0,0,0,,,,,0,0,0,ESDB_V0_4
3835,3922,billy,-10.7064,0,CASE_FREQ_COLLISION,50,50,n,billy,LEMMA,,REJECTED_AUTO,0,0,0,,,,,0,0,0,ESDB_V0_4
3836,3923,centers,-10.7064,1,PASS,35,,n;v,center,FORM,,MASTER,0,1,0,enters,center,,,2,0,0,ESDB_V0_4
3837,3924,ceo,-10.7064,0,NOT_EXACT_EN_US,,,,,,,REJECTED_AUTO,0,0,0,,,,,0,0,0,ESDB_V0_4
3838,3925,collective,-10.7064,1,PASS,35,,n;aj,collective,LEMMA,,MASTER,0,0,0,,,,,0,0,0,ESDB_V0_4
3839,3926,compensation,-10.7064,1,PASS,35,,n,compensation,LEMMA,,MASTER,0,0,0,,,,,0,0,0,ESDB_V0_4
3840,3927,compete,-10.7064,1,PASS,35,,v,compete,LEMMA,,MASTER,0,1,1,,,,competed,0,1,1,ESDB_V0_4
3841,3928,cops,-10.7064,1,PASS,35,,n_v,cop,FORM,,MASTER,0,1,0,ops,cop,,,2,0,0,ESDB_V0_4
3842,3929,cricket,-10.7064,1,PASS,35,,n,cricket,LEMMA,,MASTER,0,0,0,,,,,0,0,0,ESDB_V0_4
3843,3930,crossed,-10.7064,1,PASS,35,,n_v;aj,cross;crossed,FORM;LEMMA,,MASTER,0,0,0,,,,,0,0,0,ESDB_V0_4
3844,3931,dallas,-10.7064,0,NOT_EXACT_EN_US,,,,,,,REJECTED_AUTO,0,0,0,,,,,0,0,0,ESDB_V0_4
3845,3932,deck,-10.7064,1,PASS,35,,n_v,deck,LEMMA,,MASTER,0,1,1,,,,decks,0,1,1,ESDB_V0_4
3846,3933,deny,-10.7064,1,PASS,35,,v,deny,LEMMA,,MASTER,0,1,0,,den,,,1,0,0,ESDB_V0_4
3847,3934,dispute,-10.7064,1,PASS,35,,n_v,dispute,LEMMA,,MASTER,0,1,1,,,,disputes;disputed,0,2,2,ESDB_V0_4
3848,3935,elite,-10.7064,1,PASS,35,,n;aj,elite,LEMMA,,MASTER,0,1,1,lite,,,elites,1,1,1,ESDB_V0_4
3849,3936,estimates,-10.7064,1,PASS,35,,n_v,estimate,FORM,,MASTER,0,1,0,,estimate,,,1,0,0,ESDB_V0_4
3850,3937,fiction,-10.7064,1,PASS,35,,n,fiction,LEMMA,,MASTER,0,0,0,,,,,0,0,0,ESDB_V0_4
3851,3938,grass,-10.7064,1,PASS,35,50,n_v,grass,LEMMA,,MASTER,0,0,0,,,,,0,0,0,ESDB_V0_4
3852,3939,grave,-10.7064,1,PASS,35,,n_v;aj,grave,LEMMA,,MASTER,0,1,1,rave,,,graves;gravel,1,2,1,ESDB_V0_4
3853,3940,gym,-10.7064,1,PASS,35,,n,gym,LEMMA,,MASTER,0,0,0,,,,,0,0,0,ESDB_V0_4
3854,3941,handling,-10.7064,1,PASS,35,,n_v;n,handle;handling,FORM;LEMMA,,MASTER,0,0,0,,,,,0,0,0,ESDB_V0_4
3855,3942,impression,-10.7064,1,PASS,35,,n,impression,LEMMA,,MASTER,0,1,1,,,,impressions,0,1,1,ESDB_V0_4
3856,3943,insane,-10.7064,1,PASS,35,,aj,insane,LEMMA,,MASTER,0,0,0,,,,,0,0,0,ESDB_V0_4
3857,3944,judgment,-10.7064,1,PASS,35,,n,judgment,LEMMA,,MASTER,0,1,1,,,,judgments,0,1,1,ESDB_V0_4
3858,3945,knock,-10.7064,1,PASS,35,,n_v,knock,LEMMA,,MASTER,0,1,1,,,,knocks,0,1,1,ESDB_V0_4
3859,3946,lawrence,-10.7064,0,NOT_EXACT_EN_US,,,,,,,REJECTED_AUTO,0,0,0,,,,,0,0,0,ESDB_V0_4
3860,3947,lips,-10.7064,1,PASS,35,,n,lip,FORM,,MASTER,0,1,1,,lip,clips;slips,,1,2,0,ESDB_V0_4
3861,3948,matthew,-10.7064,0,NOT_EXACT_EN_US,,,,,,,REJECTED_AUTO,0,0,0,,,,,0,0,0,ESDB_V0_4
3862,3949,mechanical,-10.7064,1,PASS,35,,aj,mechanical,LEMMA,,MASTER,0,0,0,,,,,0,0,0,ESDB_V0_4
3863,3950,meets,-10.7064,1,PASS,35,,n_v,meet,FORM,,MASTER,0,1,0,,meet,,,1,0,0,ESDB_V0_4
3864,3951,michigan,-10.7064,0,NOT_EXACT_EN_US,,,,,,,REJECTED_AUTO,0,0,0,,,,,0,0,0,ESDB_V0_4
3865,3952,min,-10.7064,0,NO_ESDB_GENERAL_EVIDENCE,,,,,,,REJECTED_AUTO,0,0,0,,,,,0,0,0,ESDB_V0_4
3866,3953,patrick,-10.7064,0,NOT_EXACT_EN_US,,,,,,,REJECTED_AUTO,0,0,0,,,,,0,0,0,ESDB_V0_4
3867,3954,pet,-10.7064,1,PASS,35,60,n_v;aj,pet,LEMMA,,MASTER,0,1,1,,,,pets,0,1,1,ESDB_V0_4
3868,3955,porn,-10.7064,1,PASS,40,,n,porn,LEMMA,,MASTER,0,0,0,,,,,0,0,0,ESDB_V0_4
3869,3956,precious,-10.7064,1,PASS,35,,aj_av,precious,LEMMA,,MASTER,0,0,0,,,,,0,0,0,ESDB_V0_4
3870,3957,preparing,-10.7064,1,PASS,35,,v,prepare,FORM,,MASTER,0,0,0,,,,,0,0,0,ESDB_V0_4
3871,3958,proceedings,-10.7064,1,PASS,35,,n,proceeding,FORM,,MASTER,0,1,0,,proceeding,,,1,0,0,ESDB_V0_4
3872,3959,prominent,-10.7064,1,PASS,35,,aj,prominent,LEMMA,,MASTER,0,0,0,,,,,0,0,0,ESDB_V0_4
3873,3960,races,-10.7064,1,PASS,35,,n_v,race,FORM,,MASTER,0,1,1,aces,race,traces;braces,,2,2,0,ESDB_V0_4
3874,3961,referring,-10.7064,1,PASS,35,,v,refer,FORM,,MASTER,0,1,1,,,preferring,,0,1,0,ESDB_V0_4
3875,3962,resort,-10.7064,1,PASS,35,,n_v,resort,LEMMA,,MASTER,0,1,1,,,,resorts,0,1,1,ESDB_V0_4
3876,3963,samples,-10.7064,1,PASS,35,,n_v,sample,FORM,,MASTER,0,1,0,,sample,,,1,0,0,ESDB_V0_4
3877,3964,searching,-10.7064,1,PASS,35,,n_v;aj,search;searching,FORM;LEMMA,,MASTER,0,0,0,,,,,0,0,0,ESDB_V0_4
3878,3965,sexy,-10.7064,1,PASS,35,,aj,sexy,LEMMA,,MASTER,0,1,0,,sex,,,1,0,0,ESDB_V0_4
3879,3966,shops,-10.7064,1,PASS,35,,n_v,shop,FORM,,MASTER,0,1,0,hops,shop,,,2,0,0,ESDB_V0_4
3880,3967,similarly,-10.7064,1,PASS,35,,av,similarly,LEMMA,,MASTER,0,0,0,,,,,0,0,0,ESDB_V0_4
3881,3968,submitted,-10.7064,1,PASS,35,,v,submit,FORM,,MASTER,0,0,0,,,,,0,0,0,ESDB_V0_4
3882,3969,suitable,-10.7064,1,PASS,35,,aj,suitable,LEMMA,,MASTER,0,0,0,,,,,0,0,0,ESDB_V0_4
3883,3970,tail,-10.7064,1,PASS,35,,n_v;a,tail,LEMMA,,MASTER,0,1,1,,,,tails,0,1,1,ESDB_V0_4
3884,3971,turkish,-10.7064,0,NOT_EXACT_EN_US,,,,,,,REJECTED_AUTO,0,0,0,,,,,0,0,0,ESDB_V0_4
3885,3972,uniform,-10.7064,1,PASS,35,,n_v;aj,uniform,LEMMA,,MASTER,0,1,1,,,,uniforms,0,1,1,ESDB_V0_4
3886,3973,unions,-10.7064,1,PASS,35,,n,union,FORM,,MASTER,0,1,0,,union,,,1,0,0,ESDB_V0_4
3887,3974,walter,-10.7064,0,NOT_EXACT_EN_US,,,,,,,REJECTED_AUTO,0,0,0,,,,,0,0,0,ESDB_V0_4
3888,3975,winners,-10.7064,1,PASS,35,,n,winner,FORM,,MASTER,0,1,0,,winner,,,1,0,0,ESDB_V0_4
3889,3976,wolf,-10.7064,1,PASS,35,50,n;v,wolf,LEMMA;FORM,,MASTER,0,0,0,,,,,0,0,0,ESDB_V0_4
3890,3978,acceptable,-10.729,1,PASS,35,,aj,acceptable,LEMMA,,MASTER,0,0,0,,,,,0,0,0,ESDB_V0_4
3891,3979,adds,-10.729,1,PASS,35,,v,add,FORM,,MASTER,0,1,0,,add,,,1,0,0,ESDB_V0_4
3892,3980,alert,-10.729,1,PASS,35,,n_v;aj,alert,LEMMA,,MASTER,0,1,1,,,,alerts,0,1,1,ESDB_V0_4
3893,3981,ambassador,-10.729,1,PASS,35,,n,ambassador,LEMMA,,MASTER,0,1,1,,,,ambassadors,0,1,1,ESDB_V0_4
3894,3982,amongst,-10.729,0,NOT_EXACT_EN_US,,,,,,,REJECTED_AUTO,0,0,0,,,,,0,0,0,ESDB_V0_4
3895,3983,anna,-10.729,0,NOT_EXACT_EN_US,,,,,,,REJECTED_AUTO,0,0,0,,,,,0,0,0,ESDB_V0_4
3896,3984,attracted,-10.729,1,PASS,35,,v,attract,FORM,,MASTER,0,0,0,,,,,0,0,0,ESDB_V0_4
3897,3985,awarded,-10.729,1,PASS,35,,n_v,award,FORM,,MASTER,0,0,0,,,,,0,0,0,ESDB_V0_4
3898,3986,bears,-10.729,1,PASS,35,,n;v,bear,FORM,,MASTER,0,1,0,ears,bear,,,2,0,0,ESDB_V0_4
3899,3987,bid,-10.729,1,PASS,35,,n;v,bid,LEMMA;FORM,,MASTER,0,1,1,id,,,bids,1,1,1,ESDB_V0_4
3900,3988,borders,-10.729,1,PASS,35,,n_v,border,FORM,,MASTER,0,1,0,orders,border,,,2,0,0,ESDB_V0_4
3901,3989,bull,-10.729,1,PASS,35,,n_v;a;i,bull,LEMMA,,MASTER,0,1,1,,,,bulls;bully,0,2,1,ESDB_V0_4
3902,3990,cares,-10.729,1,PASS,35,,n_v,care,FORM,,MASTER,0,1,1,,care,scares,,1,1,0,ESDB_V0_4
3903,3991,carter,-10.729,0,CASE_FREQ_COLLISION,60,50,n,carter,LEMMA,,REJECTED_AUTO,0,0,0,,,,,0,0,0,ESDB_V0_4
3904,3992,categories,-10.729,1,PASS,35,,n,category,FORM,,MASTER,0,0,0,,,,,0,0,0,ESDB_V0_4
3905,3993,cm,-10.729,0,NO_ESDB_GENERAL_EVIDENCE,,,,,,,REJECTED_AUTO,0,0,0,,,,,0,0,0,ESDB_V0_4
3906,3994,coat,-10.729,1,PASS,35,,n_v,coat,LEMMA,,MASTER,0,1,1,,,,coats,0,1,1,ESDB_V0_4
3907,3995,connections,-10.729,1,PASS,35,,n,connection,FORM,,MASTER,0,1,0,,connection,,,1,0,0,ESDB_V0_4
3908,3996,consent,-10.729,1,PASS,35,,n_v,consent,LEMMA,,MASTER,0,0,0,,,,,0,0,0,ESDB_V0_4
3909,3997,contribute,-10.729,1,PASS,35,,v,contribute,LEMMA,,MASTER,0,1,1,,,,contributed;contributes,0,2,2,ESDB_V0_4
3910,3998,cop,-10.729,1,PASS,35,,n_v,cop,LEMMA,,MASTER,0,1,1,op,,,copy;cops;cope,1,3,1,ESDB_V0_4
3911,3999,courage,-10.729,1,PASS,35,,n,courage,LEMMA,,MASTER,0,0,0,,,,,0,0,0,ESDB_V0_4
3912,4000,dated,-10.729,1,PASS,35,,n_v;aj,date;dated,FORM;LEMMA,,MASTER,0,1,0,,date,,,1,0,0,ESDB_V0_4
3913,4001,dean,-10.729,1,PASS,35,50,n,dean,LEMMA,,MASTER,0,0,0,,,,,0,0,0,ESDB_V0_4
3914,4002,decent,-10.729,1,PASS,35,,aj_av,decent,LEMMA,,MASTER,0,0,0,,,,,0,0,0,ESDB_V0_4
3915,4003,defensive,-10.729,1,PASS,35,,n;aj,defensive,LEMMA,,MASTER,0,0,0,,,,,0,0,0,ESDB_V0_4
3916,4004,derived,-10.729,1,PASS,35,,v;aj,derive;derived,FORM;LEMMA,,MASTER,0,1,0,,derive,,,1,0,0,ESDB_V0_4
3917,4005,designs,-10.729,1,PASS,35,,n_v,design,FORM,,MASTER,0,1,0,,design,,,1,0,0,ESDB_V0_4
3918,4006,difficulties,-10.729,1,PASS,35,,n,difficulty,FORM,,MASTER,0,0,0,,,,,0,0,0,ESDB_V0_4
3919,4007,ease,-10.729,1,PASS,35,,n;v,ease,LEMMA,,MASTER,0,1,1,,,lease;cease;tease,,0,3,0,ESDB_V0_4
3920,4008,emotions,-10.729,1,PASS,35,,n,emotion,FORM,,MASTER,0,1,0,motions,emotion,,,2,0,0,ESDB_V0_4
3921,4009,engage,-10.729,1,PASS,35,,v,engage,LEMMA,,MASTER,0,1,1,,,,engaged;engages,0,2,2,ESDB_V0_4
3922,4010,engines,-10.729,1,PASS,35,,n,engine,FORM,,MASTER,0,1,0,,engine,,,1,0,0,ESDB_V0_4
3923,4011,enjoying,-10.729,1,PASS,35,,v,enjoy,FORM,,MASTER,0,0,0,,,,,0,0,0,ESDB_V0_4
3924,4012,episodes,-10.729,1,PASS,35,,n,episode,FORM,,MASTER,0,1,0,,episode,,,1,0,0,ESDB_V0_4
3925,4013,eve,-10.729,1,PASS,35,50,n,eve,LEMMA,,MASTER,0,1,1,,,,even;ever,0,2,0,ESDB_V0_4
3926,4014,expand,-10.729,1,PASS,35,,v,expand,LEMMA,,MASTER,0,1,1,,,,expands,0,1,1,ESDB_V0_4
3927,4015,expenses,-10.729,1,PASS,35,,n,expense,FORM,,MASTER,0,1,0,,expense,,,1,0,0,ESDB_V0_4
3928,4016,gifts,-10.729,1,PASS,35,,n_v,gift,FORM,,MASTER,0,1,0,,gift,,,1,0,0,ESDB_V0_4
3929,4017,improving,-10.729,1,PASS,35,,v;aj,improve;improving,FORM;LEMMA,,MASTER,0,0,0,,,,,0,0,0,ESDB_V0_4
3930,4018,intellectual,-10.729,1,PASS,35,,n;aj,intellectual,LEMMA,,MASTER,0,1,1,,,,intellectuals,0,1,1,ESDB_V0_4
3931,4019,invite,-10.729,1,PASS,35,,n_v,invite,LEMMA,,MASTER,0,1,1,,,,invited;invites,0,2,2,ESDB_V0_4
3932,4020,involve,-10.729,1,PASS,35,,v,involve,LEMMA,,MASTER,0,1,1,,,,involved;involves,0,2,2,ESDB_V0_4
3933,4021,kit,-10.729,1,PASS,35,50,n,kit,LEMMA,,MASTER,0,1,1,it,,,kits;kite,1,2,1,ESDB_V0_4
3934,4022,memorial,-10.729,1,PASS,35,,n;a,memorial,LEMMA,,MASTER,0,0,0,,,,,0,0,0,ESDB_V0_4
3935,4024,municipal,-10.729,1,PASS,35,,n;aj,municipal,LEMMA,,MASTER,0,0,0,,,,,0,0,0,ESDB_V0_4
3936,4025,pace,-10.729,1,PASS,35,50,n_v;pp,pace,LEMMA,,MASTER,0,1,1,ace,,space,paced,1,2,1,ESDB_V0_4
3937,4026,pen,-10.729,1,PASS,35,,n;v,pen,LEMMA,,MASTER,0,1,1,en,,open,pens,1,2,1,ESDB_V0_4
3938,4027,printed,-10.729,1,PASS,35,,n_v,print,FORM,,MASTER,0,0,0,,,,,0,0,0,ESDB_V0_4
3939,4028,privacy,-10.729,1,PASS,35,,n,privacy,LEMMA,,MASTER,0,0,0,,,,,0,0,0,ESDB_V0_4
3940,4029,provincial,-10.729,1,PASS,35,,n;aj,provincial,LEMMA,,MASTER,0,0,0,,,,,0,0,0,ESDB_V0_4
3941,4030,remind,-10.729,1,PASS,35,,v,remind,LEMMA,,MASTER,0,1,1,,,,reminds,0,1,1,ESDB_V0_4
3942,4031,reverse,-10.729,1,PASS,35,,n_v;aj,reverse,LEMMA,,MASTER,0,1,1,,,,reversed,0,1,1,ESDB_V0_4
3943,4032,roots,-10.729,1,PASS,35,,n_v;n,root;roots,FORM;LEMMA,,MASTER,0,1,0,,root,,,1,0,0,ESDB_V0_4
3944,4033,settle,-10.729,1,PASS,35,,n_v,settle,LEMMA,,MASTER,0,1,1,,,,settled;settles,0,2,2,ESDB_V0_4
3945,4034,shake,-10.729,1,PASS,35,,n_v,shake,LEMMA,,MASTER,0,1,1,,,,shaken;shakes,0,2,2,ESDB_V0_4
3946,4035,stability,-10.729,1,PASS,35,,n,stability,LEMMA,,MASTER,0,0,0,,,,,0,0,0,ESDB_V0_4
3947,4036,threats,-10.729,1,PASS,35,,n,threat,FORM,,MASTER,0,1,0,,threat,,,1,0,0,ESDB_V0_4
3948,4037,ward,-10.729,1,PASS,35,50,n_v,ward,LEMMA,,MASTER,0,1,1,,war,award,wards,1,2,1,ESDB_V0_4
3949,4038,wayne,-10.729,0,NOT_EXACT_EN_US,,,,,,,REJECTED_AUTO,0,0,0,,,,,0,0,0,ESDB_V0_4
3950,4039,whilst,-10.729,1,PASS,35,,c,whilst,LEMMA,,MASTER,0,0,0,,,,,0,0,0,ESDB_V0_4
3951,4040,writes,-10.729,1,PASS,35,,v,write,FORM,,MASTER,0,1,0,rites,write,,,2,0,0,ESDB_V0_4
3952,4043,addressed,-10.7521,1,PASS,35,,n_v;aj,address;addressed,FORM;LEMMA,,MASTER,0,0,0,,,,,0,0,0,ESDB_V0_4
3953,4044,allen,-10.7521,0,NOT_EXACT_EN_US,,,,,,,REJECTED_AUTO,0,0,0,,,,,0,0,0,ESDB_V0_4
3954,4045,bones,-10.7521,1,PASS,35,,n_v,bone,FORM,,MASTER,0,1,0,ones,bone,,,2,0,0,ESDB_V0_4
3955,4046,breast,-10.7521,1,PASS,35,,n_v,breast,LEMMA,,MASTER,0,1,1,,,,breasts,0,1,1,ESDB_V0_4
3956,4047,butter,-10.7521,1,PASS,35,,n;v,butter,LEMMA,,MASTER,0,1,0,utter,,,,1,0,0,ESDB_V0_4
3957,4048,cited,-10.7521,1,PASS,35,,n_v,cite,FORM,,MASTER,0,1,0,,cite,,,1,0,0,ESDB_V0_4
3958,4049,commit,-10.7521,1,PASS,35,,v,commit,LEMMA,,MASTER,0,1,1,,,,commits,0,1,1,ESDB_V0_4
3959,4050,complaints,-10.7521,1,PASS,35,,n,complaint,FORM,,MASTER,0,1,0,,complaint,,,1,0,0,ESDB_V0_4
3960,4051,comprehensive,-10.7521,1,PASS,35,,n;aj,comprehensive,LEMMA,,MASTER,0,0,0,,,,,0,0,0,ESDB_V0_4
3961,4052,contrary,-10.7521,1,PASS,35,,n;aj,contrary,LEMMA,,MASTER,0,0,0,,,,,0,0,0,ESDB_V0_4
3962,4053,discussions,-10.7521,1,PASS,35,,n,discussion,FORM,,MASTER,0,1,0,,discussion,,,1,0,0,ESDB_V0_4
3963,4054,downtown,-10.7521,1,PASS,35,,n;aj_av,downtown,LEMMA,,MASTER,0,0,0,,,,,0,0,0,ESDB_V0_4
3964,4055,dozen,-10.7521,1,PASS,35,,n;aj,dozen,LEMMA;FORM,,MASTER,0,1,1,,,,dozens,0,1,1,ESDB_V0_4
3965,4056,emperor,-10.7521,1,PASS,35,,n,emperor,LEMMA,,MASTER,0,1,1,,,,emperors,0,1,1,ESDB_V0_4
3966,4057,existed,-10.7521,1,PASS,35,,v,exist,FORM,,MASTER,0,0,0,,,,,0,0,0,ESDB_V0_4
3967,4058,fame,-10.7521,1,PASS,35,,n,fame,LEMMA,,MASTER,0,1,1,,,,famed,0,1,0,ESDB_V0_4
3968,4059,fancy,-10.7521,1,PASS,35,,n_v;aj,fancy,LEMMA,,MASTER,0,0,0,,,,,0,0,0,ESDB_V0_4
3969,4060,fewer,-10.7521,1,PASS,35,,d,few,FORM,,MASTER,0,0,0,,,,,0,0,0,ESDB_V0_4
3970,4061,fitness,-10.7521,1,PASS,35,,n,fitness,LEMMA,,MASTER,0,0,0,,,,,0,0,0,ESDB_V0_4
3971,4062,foster,-10.7521,1,PASS,35,50,v;aj,foster,LEMMA,,MASTER,0,0,0,,,,,0,0,0,ESDB_V0_4
3972,4063,funeral,-10.7521,1,PASS,35,,n;a,funeral,LEMMA,,MASTER,0,1,1,,,,funerals,0,1,1,ESDB_V0_4
3973,4064,genuine,-10.7521,1,PASS,35,,aj,genuine,LEMMA,,MASTER,0,0,0,,,,,0,0,0,ESDB_V0_4
3974,4065,il,-10.7521,0,NOT_EXACT_EN_US,,,,,,,REJECTED_AUTO,0,0,0,,,,,0,0,0,ESDB_V0_4
3975,4066,inspiration,-10.7521,1,PASS,35,,n,inspiration,LEMMA,,MASTER,0,0,0,,,,,0,0,0,ESDB_V0_4
3976,4067,kicked,-10.7521,1,PASS,35,,n_v,kick,FORM,,MASTER,0,0,0,,,,,0,0,0,ESDB_V0_4
3977,4068,kills,-10.7521,1,PASS,35,,n_v,kill,FORM,,MASTER,0,1,1,,kill,skills,,1,1,0,ESDB_V0_4
3978,4069,layer,-10.7521,1,PASS,35,,n_v,layer,LEMMA,,MASTER,0,1,1,,,player;slayer,layers,0,3,1,ESDB_V0_4
3979,4070,manual,-10.7521,1,PASS,35,,n;aj,manual,LEMMA,,MASTER,0,1,1,,,,manuals,0,1,1,ESDB_V0_4
3980,4071,measured,-10.7521,1,PASS,35,,n_v;aj,measure;measured,FORM;LEMMA,,MASTER,0,1,0,,measure,,,1,0,0,ESDB_V0_4
3981,4072,menu,-10.7521,1,PASS,35,,n,menu,LEMMA,,MASTER,0,1,1,,men,,menus,1,1,1,ESDB_V0_4
3982,4073,midnight,-10.7521,1,PASS,35,,n;a,midnight,LEMMA,,MASTER,0,0,0,,,,,0,0,0,ESDB_V0_4
3983,4074,netherlands,-10.7521,0,NOT_EXACT_EN_US,,,,,,,REJECTED_AUTO,0,0,0,,,,,0,0,0,ESDB_V0_4
3984,4075,ought,-10.7521,1,PASS,35,,v,ought,LEMMA,,MASTER,0,1,1,,,bought;sought;fought,,0,3,0,ESDB_V0_4
3985,4076,painted,-10.7521,1,PASS,35,,n_v;aj,paint;painted,FORM;LEMMA,,MASTER,0,0,0,,,,,0,0,0,ESDB_V0_4
3986,4077,partly,-10.7521,1,PASS,35,,av,partly,LEMMA,,MASTER,0,0,0,,,,,0,0,0,ESDB_V0_4
3987,4078,polish,-10.7521,1,PASS,35,40,n_v,polish,LEMMA,,MASTER,0,0,0,,,,,0,0,0,ESDB_V0_4
3988,4079,preferred,-10.7521,1,PASS,35,,v;aj,prefer;preferred,FORM;LEMMA,,MASTER,0,1,0,referred,,,,1,0,0,ESDB_V0_4
3989,4080,profits,-10.7521,1,PASS,35,,n_v,profit,FORM,,MASTER,0,1,0,,profit,,,1,0,0,ESDB_V0_4
3990,4081,provisions,-10.7521,1,PASS,35,,n_v,provision,FORM,,MASTER,0,1,0,,provision,,,1,0,0,ESDB_V0_4
3991,4082,punch,-10.7521,1,PASS,35,50,n_v,punch,LEMMA,,MASTER,0,0,0,,,,,0,0,0,ESDB_V0_4
3992,4083,reducing,-10.7521,1,PASS,35,,v;n,reduce;reducing,FORM;LEMMA,,MASTER,0,0,0,,,,,0,0,0,ESDB_V0_4
3993,4084,regarded,-10.7521,1,PASS,35,,v,regard,FORM,,MASTER,0,0,0,,,,,0,0,0,ESDB_V0_4
3994,4085,remembered,-10.7521,1,PASS,35,,v,remember,FORM,,MASTER,0,0,0,,,,,0,0,0,ESDB_V0_4
3995,4086,restaurants,-10.7521,1,PASS,35,,n,restaurant,FORM,,MASTER,0,1,0,,restaurant,,,1,0,0,ESDB_V0_4
3996,4087,reward,-10.7521,1,PASS,35,,n_v,reward,LEMMA,,MASTER,0,1,1,,,,rewards,0,1,1,ESDB_V0_4
3997,4088,satisfied,-10.7521,1,PASS,35,,aj;v,satisfied;satisfy,LEMMA;FORM,,MASTER,0,0,0,,,,,0,0,0,ESDB_V0_4
3998,4089,screaming,-10.7521,1,PASS,35,,n_v;n;aj,scream;screaming,FORM;LEMMA,,MASTER,0,0,0,,,,,0,0,0,ESDB_V0_4
3999,4090,separated,-10.7521,1,PASS,35,,n_v;aj,separate;separated,FORM;LEMMA,,MASTER,0,1,0,,separate,,,1,0,0,ESDB_V0_4
4000,4091,sessions,-10.7521,1,PASS,35,,n,session,FORM,,MASTER,0,1,0,,session,,,1,0,0,ESDB_V0_4
4001,4092,shaped,-10.7521,1,PASS,35,,n_v;aj,shape;shaped,FORM;LEMMA,,MASTER,0,1,0,,shape,,,1,0,0,ESDB_V0_4
4002,4093,situated,-10.7521,1,PASS,35,,v;aj,situate;situated,FORM;LEMMA,,MASTER,0,0,0,,,,,0,0,0,ESDB_V0_4
4003,4094,submit,-10.7521,1,PASS,35,,v,submit,LEMMA,,MASTER,0,0,0,,,,,0,0,0,ESDB_V0_4
4004,4095,sweden,-10.7521,0,NOT_EXACT_EN_US,,,,,,,REJECTED_AUTO,0,0,0,,,,,0,0,0,ESDB_V0_4
4005,4096,tables,-10.7521,1,PASS,35,,n_v,table,FORM,,MASTER,0,1,1,,table,stables,,1,1,0,ESDB_V0_4
4006,4097,temperatures,-10.7521,1,PASS,35,,n,temperature,FORM,,MASTER,0,1,0,,temperature,,,1,0,0,ESDB_V0_4
4007,4098,tennis,-10.7521,1,PASS,35,,n,tennis,LEMMA,,MASTER,0,0,0,,,,,0,0,0,ESDB_V0_4
4008,4099,trials,-10.7521,1,PASS,35,,n_v,trial,FORM,,MASTER,0,1,0,,trial,,,1,0,0,ESDB_V0_4
4009,4100,ups,-10.7521,1,PASS,35,50,n_v,up,FORM,,MASTER,0,1,1,,up,cups,,1,1,0,ESDB_V0_4
4010,4101,vegas,-10.7521,0,NOT_EXACT_EN_US,,,,,,,REJECTED_AUTO,0,0,0,,,,,0,0,0,ESDB_V0_4
4011,4103,ate,-10.7758,1,PASS,35,,n;v,ate;eat,LEMMA;FORM,,MASTER,0,1,1,,at,late;date;rate;hate;mate;gate;fate,,1,7,0,ESDB_V0_4
4012,4104,automatic,-10.7758,1,PASS,35,,n;aj,automatic,LEMMA,,MASTER,0,0,0,,,,,0,0,0,ESDB_V0_4
4013,4105,banking,-10.7758,1,PASS,35,,n_v;n,bank;banking,FORM;LEMMA,,MASTER,0,0,0,,,,,0,0,0,ESDB_V0_4
4014,4106,barcelona,-10.7758,0,NOT_EXACT_EN_US,,,,,,,REJECTED_AUTO,0,0,0,,,,,0,0,0,ESDB_V0_4
4015,4107,blues,-10.7758,1,PASS,35,,n_v,blue,FORM,,MASTER,0,1,0,,blue,,,1,0,0,ESDB_V0_4
4016,4108,boom,-10.7758,1,PASS,35,,n_v,boom,LEMMA,,MASTER,0,1,0,,boo,,,1,0,0,ESDB_V0_4
4017,4109,bruce,-10.7758,0,NOT_EXACT_EN_US,,,,,,,REJECTED_AUTO,0,0,0,,,,,0,0,0,ESDB_V0_4
4018,4110,burned,-10.7758,1,PASS,35,,n_v;aj,burn;burned,FORM;LEMMA,,MASTER,0,0,0,,,,,0,0,0,ESDB_V0_4
4019,4111,cameron,-10.7758,0,NOT_EXACT_EN_US,,,,,,,REJECTED_AUTO,0,0,0,,,,,0,0,0,ESDB_V0_4
4020,4112,clark,-10.7758,0,NOT_EXACT_EN_US,,,,,,,REJECTED_AUTO,0,0,0,,,,,0,0,0,ESDB_V0_4
4021,4113,classical,-10.7758,1,PASS,35,,n;aj,classical,LEMMA,,MASTER,0,0,0,,,,,0,0,0,ESDB_V0_4
4022,4114,colleagues,-10.7758,1,PASS,35,,n,colleague,FORM,,MASTER,0,1,0,,colleague,,,1,0,0,ESDB_V0_4
4023,4115,density,-10.7758,1,PASS,35,,n,density,LEMMA,,MASTER,0,0,0,,,,,0,0,0,ESDB_V0_4
4024,4116,designer,-10.7758,1,PASS,35,,n;a,designer,LEMMA,,MASTER,0,1,1,,,,designers,0,1,1,ESDB_V0_4
4025,4117,determination,-10.7758,1,PASS,35,,n,determination,LEMMA,,MASTER,0,0,0,,,,,0,0,0,ESDB_V0_4
4026,4118,devil,-10.7758,1,PASS,35,,n_v,devil,LEMMA,,MASTER,0,1,1,evil,,,devils,1,1,1,ESDB_V0_4
4027,4119,disappeared,-10.7758,1,PASS,35,,v,disappear,FORM,,MASTER,0,0,0,,,,,0,0,0,ESDB_V0_4
4028,4120,dvd,-10.7758,0,NOT_EXACT_EN_US,,,,,,,REJECTED_AUTO,0,0,0,,,,,0,0,0,ESDB_V0_4
4029,4121,evaluation,-10.7758,1,PASS,35,,n,evaluation,LEMMA,,MASTER,0,1,1,valuation,,,evaluations,1,1,1,ESDB_V0_4
4030,4122,flights,-10.7758,1,PASS,35,,n,flight,FORM,,MASTER,0,1,0,lights,flight,,,2,0,0,ESDB_V0_4
4031,4123,fortune,-10.7758,1,PASS,35,,n,fortune,LEMMA,,MASTER,0,1,1,,,,fortunes,0,1,1,ESDB_V0_4
4032,4124,framework,-10.7758,1,PASS,35,,n,framework,LEMMA,,MASTER,0,1,1,,,,frameworks,0,1,1,ESDB_V0_4
4033,4125,frozen,-10.7758,1,PASS,35,,n_v;aj,freeze;frozen,FORM;LEMMA,,MASTER,0,1,0,,froze,,,1,0,0,ESDB_V0_4
4034,4126,gary,-10.7758,0,NOT_EXACT_EN_US,,,,,,,REJECTED_AUTO,0,0,0,,,,,0,0,0,ESDB_V0_4
4035,4127,gates,-10.7758,1,PASS,35,50,n_v,gate,FORM,,MASTER,0,1,0,,gate,,,1,0,0,ESDB_V0_4
4036,4128,generations,-10.7758,1,PASS,35,,n,generation,FORM,,MASTER,0,1,0,,generation,,,1,0,0,ESDB_V0_4
4037,4129,glasses,-10.7758,1,PASS,35,,n_v,glass,FORM,,MASTER,0,0,0,,,,,0,0,0,ESDB_V0_4
4038,4130,guards,-10.7758,1,PASS,35,,n_v,guard,FORM,,MASTER,0,1,0,,guard,,,1,0,0,ESDB_V0_4
4039,4132,heroes,-10.7758,1,PASS,35,,n,hero,FORM,,MASTER,0,0,0,,,,,0,0,0,ESDB_V0_4
4040,4133,ian,-10.7758,0,NOT_EXACT_EN_US,,,,,,,REJECTED_AUTO,0,0,0,,,,,0,0,0,ESDB_V0_4
4041,4134,jeff,-10.7758,0,NOT_EXACT_EN_US,,,,,,,REJECTED_AUTO,0,0,0,,,,,0,0,0,ESDB_V0_4
4042,4135,jerusalem,-10.7758,0,NOT_EXACT_EN_US,,,,,,,REJECTED_AUTO,0,0,0,,,,,0,0,0,ESDB_V0_4
4043,4136,jonathan,-10.7758,0,NOT_EXACT_EN_US,,,,,,,REJECTED_AUTO,0,0,0,,,,,0,0,0,ESDB_V0_4
4044,4137,knee,-10.7758,1,PASS,35,,n_v,knee,LEMMA,,MASTER,0,1,1,,,,knees,0,1,1,ESDB_V0_4
4045,4138,liberty,-10.7758,1,PASS,35,,n,liberty,LEMMA,,MASTER,0,0,0,,,,,0,0,0,ESDB_V0_4
4046,4139,mouse,-10.7758,1,PASS,35,,v;n,mouse,LEMMA,,MASTER,0,0,0,,,,,0,0,0,ESDB_V0_4
4047,4140,mutual,-10.7758,1,PASS,35,,aj,mutual,LEMMA,,MASTER,0,0,0,,,,,0,0,0,ESDB_V0_4
4048,4141,painful,-10.7758,1,PASS,35,,aj,painful,LEMMA,,MASTER,0,0,0,,,,,0,0,0,ESDB_V0_4
4049,4142,parallel,-10.7758,1,PASS,35,,n_v;aj,parallel,LEMMA,,MASTER,0,1,1,,,,parallels,0,1,1,ESDB_V0_4
4050,4143,passage,-10.7758,1,PASS,35,,n,passage,LEMMA,,MASTER,0,1,1,,,,passages,0,1,1,ESDB_V0_4
4051,4144,poland,-10.7758,0,NOT_EXACT_EN_US,,,,,,,REJECTED_AUTO,0,0,0,,,,,0,0,0,ESDB_V0_4
4052,4145,repeated,-10.7758,1,PASS,35,,n_v;aj,repeat;repeated,FORM;LEMMA,,MASTER,0,0,0,,,,,0,0,0,ESDB_V0_4
4053,4146,robin,-10.7758,1,PASS,35,50,n,robin,LEMMA,,MASTER,0,0,0,,,,,0,0,0,ESDB_V0_4
4054,4147,ruling,-10.7758,1,PASS,35,,n_v;n,rule;ruling,FORM;LEMMA,,MASTER,0,1,1,,,,rulings,0,1,1,ESDB_V0_4
4055,4148,salary,-10.7758,1,PASS,35,,n,salary,LEMMA,,MASTER,0,0,0,,,,,0,0,0,ESDB_V0_4
4056,4149,scary,-10.7758,1,PASS,35,,aj,scary,LEMMA,,MASTER,0,1,0,,scar,,,1,0,0,ESDB_V0_4
4057,4150,scope,-10.7758,1,PASS,35,,n_v,scope,LEMMA,,MASTER,0,1,0,cope,,,,1,0,0,ESDB_V0_4
4058,4151,scoring,-10.7758,1,PASS,35,,n_v;n,score;scoring,FORM;LEMMA,,MASTER,0,0,0,,,,,0,0,0,ESDB_V0_4
4059,4152,sequence,-10.7758,1,PASS,35,,n_v,sequence,LEMMA,,MASTER,0,1,1,,,,sequences,0,1,1,ESDB_V0_4
4060,4153,settings,-10.7758,1,PASS,35,,n,setting,FORM,,MASTER,0,1,0,,setting,,,1,0,0,ESDB_V0_4
4061,4154,stones,-10.7758,1,PASS,35,,v;n,stone,FORM,,MASTER,0,1,0,tones,stone,,,2,0,0,ESDB_V0_4
4062,4155,survived,-10.7758,1,PASS,35,,v,survive,FORM,,MASTER,0,1,0,,survive,,,1,0,0,ESDB_V0_4
4063,4156,terminal,-10.7758,1,PASS,35,,n;aj,terminal,LEMMA,,MASTER,0,1,1,,,,terminals,0,1,1,ESDB_V0_4
4064,4157,theater,-10.7758,1,PASS,35,,n,theater,LEMMA,,MASTER,0,1,1,heater,,,theaters,1,1,1,ESDB_V0_4
4065,4158,touched,-10.7758,1,PASS,35,,n_v;aj,touch;touched,FORM;LEMMA,,MASTER,0,0,0,,,,,0,0,0,ESDB_V0_4
4066,4159,transmission,-10.7758,1,PASS,35,,n,transmission,LEMMA,,MASTER,0,1,1,,,,transmissions,0,1,1,ESDB_V0_4
4067,4160,underground,-10.7758,1,PASS,35,,n;aj_av,underground,LEMMA,,MASTER,0,0,0,,,,,0,0,0,ESDB_V0_4
4068,4161,unlikely,-10.7758,1,PASS,35,,aj,unlikely,LEMMA,,MASTER,0,0,0,,,,,0,0,0,ESDB_V0_4
4069,4162,versus,-10.7758,1,PASS,35,,pp,versus,LEMMA,,MASTER,0,0,0,,,,,0,0,0,ESDB_V0_4
4070,4163,viewed,-10.7758,1,PASS,35,,n_v,view,FORM,,MASTER,0,0,0,,,,,0,0,0,ESDB_V0_4
4071,4164,virtual,-10.7758,1,PASS,35,,aj,virtual,LEMMA,,MASTER,0,0,0,,,,,0,0,0,ESDB_V0_4
4072,4165,von,-10.7758,0,NOT_EXACT_EN_US,,,,,,,REJECTED_AUTO,0,0,0,,,,,0,0,0,ESDB_V0_4
4073,4166,wore,-10.7758,1,PASS,35,,v,wear,FORM,,MASTER,0,1,1,ore,,swore,,1,1,0,ESDB_V0_4
4074,4167,yea,-10.7758,1,PASS,50,,n;av,yea,LEMMA,,MASTER,0,1,1,,ye,,year;yeah,1,2,0,ESDB_V0_4
4075,4168,affair,-10.8,1,PASS,35,,n,affair,LEMMA,,MASTER,0,1,1,,,,affairs,0,1,1,ESDB_V0_4
4076,4169,afghanistan,-10.8,0,NOT_EXACT_EN_US,,,,,,,REJECTED_AUTO,0,0,0,,,,,0,0,0,ESDB_V0_4
4077,4170,alarm,-10.8,1,PASS,35,,n_v,alarm,LEMMA,,MASTER,0,1,1,,,,alarms,0,1,1,ESDB_V0_4
4078,4171,approaches,-10.8,1,PASS,35,,n_v,approach,FORM,,MASTER,0,0,0,,,,,0,0,0,ESDB_V0_4
4079,4172,arrangement,-10.8,1,PASS,35,,n,arrangement,LEMMA,,MASTER,0,1,1,,,,arrangements,0,1,1,ESDB_V0_4
4080,4173,associate,-10.8,1,PASS,35,,n_v;aj,associate,LEMMA,,MASTER,0,1,1,,,,associated;associates,0,2,2,ESDB_V0_4
4081,4174,austin,-10.8,0,NOT_EXACT_EN_US,,,,,,,REJECTED_AUTO,0,0,0,,,,,0,0,0,ESDB_V0_4
4082,4175,awkward,-10.8,1,PASS,35,,aj,awkward,LEMMA,,MASTER,0,0,0,,,,,0,0,0,ESDB_V0_4
4083,4176,bang,-10.8,1,PASS,35,,n_v;av;i,bang,LEMMA,,MASTER,0,1,1,,ban,,bangs,1,1,1,ESDB_V0_4
4084,4177,blocked,-10.8,1,PASS,35,,n_v;aj,block;blocked,FORM;LEMMA,,MASTER,0,1,0,locked,,,,1,0,0,ESDB_V0_4
4085,4178,boards,-10.8,1,PASS,35,,n_v,board,FORM,,MASTER,0,1,0,,board,,,1,0,0,ESDB_V0_4
4086,4179,boxes,-10.8,1,PASS,35,,v;n,box,FORM,,MASTER,0,0,0,,,,,0,0,0,ESDB_V0_4
4087,4180,burden,-10.8,1,PASS,35,,n_v,burden,LEMMA,,MASTER,0,1,1,,,,burdens,0,1,1,ESDB_V0_4
4088,4181,chelsea,-10.8,0,NOT_EXACT_EN_US,,,,,,,REJECTED_AUTO,0,0,0,,,,,0,0,0,ESDB_V0_4
4089,4182,coalition,-10.8,1,PASS,35,,n,coalition,LEMMA,,MASTER,0,0,0,,,,,0,0,0,ESDB_V0_4
4090,4183,couples,-10.8,1,PASS,35,,n_v,couple,FORM,,MASTER,0,1,0,,couple,,,1,0,0,ESDB_V0_4
4091,4184,craft,-10.8,1,PASS,35,50,n_v;n,craft,LEMMA;FORM,,MASTER,0,1,1,raft,,,crafts,1,1,1,ESDB_V0_4
4092,4185,crucial,-10.8,1,PASS,35,,aj,crucial,LEMMA,,MASTER,0,0,0,,,,,0,0,0,ESDB_V0_4
4093,4186,dare,-10.8,1,PASS,35,50,n;v,dare,LEMMA;FORM,,MASTER,0,1,1,are,,,dared,1,1,1,ESDB_V0_4
4094,4187,demonstrated,-10.8,1,PASS,35,,v;aj,demonstrate;demonstrated,FORM;LEMMA,,MASTER,0,1,0,,demonstrate,,,1,0,0,ESDB_V0_4
4095,4188,departure,-10.8,1,PASS,35,,n,departure,LEMMA,,MASTER,0,1,1,,,,departures,0,1,1,ESDB_V0_4
4096,4189,dependent,-10.8,1,PASS,35,,n;aj,dependent,LEMMA,,MASTER,0,0,0,,,,,0,0,0,ESDB_V0_4
4097,4190,dialogue,-10.8,1,PASS,35,,n,dialogue,LEMMA,,MASTER,0,1,1,,,,dialogues,0,1,1,ESDB_V0_4
4098,4191,dynamic,-10.8,1,PASS,35,,n;aj,dynamic,LEMMA,,MASTER,0,1,1,,,,dynamics,0,1,1,ESDB_V0_4
4099,4192,electoral,-10.8,1,PASS,35,,aj,electoral,LEMMA,,MASTER,0,0,0,,,,,0,0,0,ESDB_V0_4
4100,4193,equality,-10.8,1,PASS,35,,n,equality,LEMMA,,MASTER,0,1,0,quality,,,,1,0,0,ESDB_V0_4
4101,4194,execution,-10.8,1,PASS,35,,n,execution,LEMMA,,MASTER,0,1,1,,,,executions,0,1,1,ESDB_V0_4
4102,4195,expanded,-10.8,1,PASS,35,,v;aj,expand;expanded,FORM;LEMMA,,MASTER,0,0,0,,,,,0,0,0,ESDB_V0_4
4103,4196,fool,-10.8,1,PASS,35,,n_v;a,fool,LEMMA,,MASTER,0,1,1,,foo,,fools,1,1,1,ESDB_V0_4
4104,4197,gene,-10.8,1,PASS,35,50,n,gene,LEMMA,,MASTER,0,1,1,,gen,,genes,1,1,1,ESDB_V0_4
4105,4198,goodbye,-10.8,1,PASS,35,,n;i,goodbye,LEMMA,,MASTER,0,0,0,,,,,0,0,0,ESDB_V0_4
4106,4199,guidance,-10.8,1,PASS,35,,n,guidance,LEMMA,,MASTER,0,0,0,,,,,0,0,0,ESDB_V0_4
4107,4200,hire,-10.8,1,PASS,35,,n_v,hire,LEMMA,,MASTER,0,1,1,,,shire,hired;hires,0,3,2,ESDB_V0_4
4108,4201,houston,-10.8,0,NOT_EXACT_EN_US,,,,,,,REJECTED_AUTO,0,0,0,,,,,0,0,0,ESDB_V0_4
4109,4202,impressed,-10.8,1,PASS,35,,n_v;aj,impress;impressed,FORM;LEMMA,,MASTER,0,0,0,,,,,0,0,0,ESDB_V0_4
4110,4203,inches,-10.8,1,PASS,35,,n_v,inch,FORM,,MASTER,0,0,0,,,,,0,0,0,ESDB_V0_4
4111,4204,jokes,-10.8,1,PASS,35,,n_v,joke,FORM,,MASTER,0,1,0,,joke,,,1,0,0,ESDB_V0_4
4112,4205,larry,-10.8,0,NOT_EXACT_EN_US,,,,,,,REJECTED_AUTO,0,0,0,,,,,0,0,0,ESDB_V0_4
4113,4206,lyrics,-10.8,1,PASS,35,,n,lyric,FORM,,MASTER,0,1,0,,lyric,,,1,0,0,ESDB_V0_4
4114,4207,metres,-10.8,0,NOT_EXACT_EN_US,,,,,,,REJECTED_AUTO,0,0,0,,,,,0,0,0,ESDB_V0_4
4115,4208,nigeria,-10.8,0,NOT_EXACT_EN_US,,,,,,,REJECTED_AUTO,0,0,0,,,,,0,0,0,ESDB_V0_4
4116,4209,nope,-10.8,1,PASS,40,,a,nope,LEMMA,,MASTER,0,0,0,,,,,0,0,0,ESDB_V0_4
4117,4210,operated,-10.8,1,PASS,35,,v,operate,FORM,,MASTER,0,1,0,,operate,,,1,0,0,ESDB_V0_4
4118,4211,operator,-10.8,1,PASS,35,,n,operator,LEMMA,,MASTER,0,1,1,,,,operators,0,1,1,ESDB_V0_4
4119,4212,parks,-10.8,1,PASS,35,50,n_v,park,FORM,,MASTER,0,1,1,,park,sparks,,1,1,0,ESDB_V0_4
4120,4213,photography,-10.8,1,PASS,35,,n,photography,LEMMA,,MASTER,0,1,0,,photograph,,,1,0,0,ESDB_V0_4
4121,4214,presentation,-10.8,1,PASS,35,,n,presentation,LEMMA,,MASTER,0,1,1,,,,presentations,0,1,1,ESDB_V0_4
4122,4215,progressive,-10.8,1,PASS,35,,n;aj,progressive,LEMMA,,MASTER,0,0,0,,,,,0,0,0,ESDB_V0_4
4123,4216,proportion,-10.8,1,PASS,35,,n_v,proportion,LEMMA,,MASTER,0,1,1,,,,proportions,0,1,1,ESDB_V0_4
4124,4217,publishing,-10.8,1,PASS,35,,v;n,publish;publishing,FORM;LEMMA,,MASTER,0,0,0,,,,,0,0,0,ESDB_V0_4
4125,4218,radiation,-10.8,1,PASS,35,,n,radiation,LEMMA,,MASTER,0,0,0,,,,,0,0,0,ESDB_V0_4
4126,4219,radical,-10.8,1,PASS,35,,n;aj,radical,LEMMA,,MASTER,0,1,1,,,,radicals,0,1,1,ESDB_V0_4
4127,4220,restrictions,-10.8,1,PASS,35,,n,restriction,FORM,,MASTER,0,1,0,,restriction,,,1,0,0,ESDB_V0_4
4128,4221,reveals,-10.8,1,PASS,35,,v,reveal,FORM,,MASTER,0,1,0,,reveal,,,1,0,0,ESDB_V0_4
4129,4222,rob,-10.8,1,PASS,35,50,v,rob,LEMMA,,MASTER,0,1,1,,,,robe,0,1,0,ESDB_V0_4
4130,4223,ruled,-10.8,1,PASS,35,,n_v;aj,rule;ruled,FORM;LEMMA,,MASTER,0,1,0,,rule,,,1,0,0,ESDB_V0_4
4131,4224,sacrifice,-10.8,1,PASS,35,,n_v,sacrifice,LEMMA,,MASTER,0,1,1,,,,sacrifices;sacrificed,0,2,2,ESDB_V0_4
4132,4225,spin,-10.8,1,PASS,35,,n_v,spin,LEMMA,,MASTER,0,1,1,pin,,,spine;spins,1,2,1,ESDB_V0_4
4133,4226,strategies,-10.8,1,PASS,35,,n,strategy,FORM,,MASTER,0,0,0,,,,,0,0,0,ESDB_V0_4
4134,4227,styles,-10.8,1,PASS,35,,n_v,style,FORM,,MASTER,0,1,0,,style,,,1,0,0,ESDB_V0_4
4135,4228,subsequently,-10.8,1,PASS,35,,av,subsequently,LEMMA,,MASTER,0,0,0,,,,,0,0,0,ESDB_V0_4
4136,4229,surveillance,-10.8,1,PASS,35,,n,surveillance,LEMMA,,MASTER,0,0,0,,,,,0,0,0,ESDB_V0_4
4137,4230,tear,-10.8,1,PASS,35,,n;v,tear,LEMMA,,MASTER,0,1,1,ear,tea,,tears,2,1,1,ESDB_V0_4
4138,4231,technologies,-10.8,1,PASS,35,,n,technology,FORM,,MASTER,0,0,0,,,,,0,0,0,ESDB_V0_4
4139,4233,tiger,-10.8,1,PASS,35,,n,tiger,LEMMA,,MASTER,0,1,1,,,,tigers,0,1,1,ESDB_V0_4
4140,4234,toilet,-10.8,1,PASS,35,,n_v,toilet,LEMMA,,MASTER,0,1,1,,,,toilets,0,1,1,ESDB_V0_4
4141,4235,tourism,-10.8,1,PASS,40,,n,tourism,LEMMA,,MASTER,0,0,0,,,,,0,0,0,ESDB_V0_4
4142,4236,treasury,-10.8,1,PASS,35,60,n,treasury,LEMMA,,MASTER,0,0,0,,,,,0,0,0,ESDB_V0_4
4143,4237,visits,-10.8,1,PASS,35,,n_v,visit,FORM,,MASTER,0,1,0,,visit,,,1,0,0,ESDB_V0_4
4144,4238,wisdom,-10.8,1,PASS,35,,n,wisdom,LEMMA,,MASTER,0,0,0,,,,,0,0,0,ESDB_V0_4
4145,4239,witnesses,-10.8,1,PASS,35,,n_v,witness,FORM,,MASTER,0,0,0,,,,,0,0,0,ESDB_V0_4
4146,4241,aggressive,-10.8198,1,PASS,35,,aj,aggressive,LEMMA,,MASTER,0,0,0,,,,,0,0,0,ESDB_V0_4
4147,4242,alleged,-10.8198,1,PASS,35,,v;aj,allege;alleged,FORM;LEMMA,,MASTER,0,0,0,,,,,0,0,0,ESDB_V0_4
4148,4243,allies,-10.8198,1,PASS,35,60,n_v,ally,FORM,,MASTER,0,1,1,,,rallies,,0,1,0,ESDB_V0_4
4149,4244,angels,-10.8198,1,PASS,35,,n,angel,FORM,,MASTER,0,1,0,,angel,,,1,0,0,ESDB_V0_4
4150,4245,arranged,-10.8198,1,PASS,35,,v;aj,arrange;arranged,FORM;LEMMA,,MASTER,0,1,0,,arrange,,,1,0,0,ESDB_V0_4
4151,4246,bench,-10.8198,1,PASS,35,,n_v,bench,LEMMA,,MASTER,0,0,0,,,,,0,0,0,ESDB_V0_4
4152,4247,bloody,-10.8198,1,PASS,35,,v;aj_av,bloody,LEMMA,,MASTER,0,1,0,,blood,,,1,0,0,ESDB_V0_4
4153,4248,boots,-10.8198,1,PASS,35,,n_v;n,boot;boots,FORM;LEMMA,,MASTER,0,1,0,,boot,,,1,0,0,ESDB_V0_4
4154,4249,bow,-10.8198,1,PASS,35,,n_v;a,bow,LEMMA,,MASTER,0,1,1,ow,,,bowl;bows,1,2,1,ESDB_V0_4
4155,4250,broadcasting,-10.8198,1,PASS,35,,n_v;n,broadcast;broadcasting,FORM;LEMMA,,MASTER,0,0,0,,,,,0,0,0,ESDB_V0_4
4156,4251,cant,-10.8198,1,PASS,35,,n_v,cant,LEMMA,,MASTER,0,1,0,ant,can,,,2,0,0,ESDB_V0_4
4157,4252,cape,-10.8198,1,PASS,35,,n,cape,LEMMA,,MASTER,0,1,0,ape,cap,,,2,0,0,ESDB_V0_4
4158,4253,carrier,-10.8198,1,PASS,35,50,n,carrier,LEMMA,,MASTER,0,1,1,,,,carriers,0,1,1,ESDB_V0_4
4159,4254,colorado,-10.8198,0,NOT_EXACT_EN_US,,,,,,,REJECTED_AUTO,0,0,0,,,,,0,0,0,ESDB_V0_4
4160,4255,conventional,-10.8198,1,PASS,35,,aj,conventional,LEMMA,,MASTER,0,0,0,,,,,0,0,0,ESDB_V0_4
4161,4256,custody,-10.8198,1,PASS,35,,n,custody,LEMMA,,MASTER,0,0,0,,,,,0,0,0,ESDB_V0_4
4162,4257,darkness,-10.8198,1,PASS,35,,n,darkness,LEMMA,,MASTER,0,0,0,,,,,0,0,0,ESDB_V0_4
4163,4258,default,-10.8198,1,PASS,35,,n_v,default,LEMMA,,MASTER,0,0,0,,,,,0,0,0,ESDB_V0_4
4164,4259,delicious,-10.8198,1,PASS,35,50,aj,delicious,LEMMA,,MASTER,0,0,0,,,,,0,0,0,ESDB_V0_4
4165,4260,democrats,-10.8198,1,PASS,35,,n,democrat,FORM,,MASTER,0,1,0,,democrat,,,1,0,0,ESDB_V0_4
4166,4261,disorder,-10.8198,1,PASS,35,,n_v,disorder,LEMMA,,MASTER,0,1,1,,,,disorders,0,1,1,ESDB_V0_4
4167,4262,engagement,-10.8198,1,PASS,35,,n,engagement,LEMMA,,MASTER,0,1,1,,,,engagements,0,1,1,ESDB_V0_4
4168,4263,engineers,-10.8198,1,PASS,35,,n_v,engineer,FORM,,MASTER,0,1,0,,engineer,,,1,0,0,ESDB_V0_4
4169,4264,enormous,-10.8198,1,PASS,35,,aj,enormous,LEMMA,,MASTER,0,0,0,,,,,0,0,0,ESDB_V0_4
4170,4265,equity,-10.8198,1,PASS,35,,n,equity,LEMMA,,MASTER,0,0,0,,,,,0,0,0,ESDB_V0_4
4171,4266,errors,-10.8198,1,PASS,35,,n,error,FORM,,MASTER,0,1,0,,error,,,1,0,0,ESDB_V0_4
4172,4267,fifty,-10.8198,1,PASS,35,,n,fifty,LEMMA,,MASTER,0,0,0,,,,,0,0,0,ESDB_V0_4
4173,4268,frequent,-10.8198,1,PASS,35,,v;aj,frequent,LEMMA,,MASTER,0,0,0,,,,,0,0,0,ESDB_V0_4
4174,4269,furthermore,-10.8198,1,PASS,35,,av,furthermore,LEMMA,,MASTER,0,0,0,,,,,0,0,0,ESDB_V0_4
4175,4270,harris,-10.8198,0,NOT_EXACT_EN_US,,,,,,,REJECTED_AUTO,0,0,0,,,,,0,0,0,ESDB_V0_4
4176,4271,holes,-10.8198,1,PASS,35,,n_v,hole,FORM,,MASTER,0,1,0,,hole,,,1,0,0,ESDB_V0_4
4177,4272,hospitals,-10.8198,1,PASS,35,,n,hospital,FORM,,MASTER,0,1,0,,hospital,,,1,0,0,ESDB_V0_4
4178,4273,indians,-10.8198,0,NOT_EXACT_EN_US,,,,,,,REJECTED_AUTO,0,0,0,,,,,0,0,0,ESDB_V0_4
4179,4274,innovation,-10.8198,1,PASS,35,,n,innovation,LEMMA,,MASTER,0,1,1,,,,innovations,0,1,1,ESDB_V0_4
4180,4275,iphone,-10.8198,0,NOT_EXACT_EN_US,,,,,,,REJECTED_AUTO,0,0,0,,,,,0,0,0,ESDB_V0_4
4181,4276,kate,-10.8198,0,NOT_EXACT_EN_US,,,,,,,REJECTED_AUTO,0,0,0,,,,,0,0,0,ESDB_V0_4
4182,4277,legacy,-10.8198,1,PASS,35,,n,legacy,LEMMA,,MASTER,0,0,0,,,,,0,0,0,ESDB_V0_4
4183,4279,mars,-10.8198,1,PASS,35,40,v,mar,FORM,,MASTER,0,1,1,,mar,,marsh,1,1,0,ESDB_V0_4
4184,4280,modified,-10.8198,1,PASS,35,,aj;v,modified;modify,LEMMA;FORM,,MASTER,0,0,0,,,,,0,0,0,ESDB_V0_4
4185,4281,monitoring,-10.8198,1,PASS,35,,n_v;n,monitor;monitoring,FORM;LEMMA,,MASTER,0,0,0,,,,,0,0,0,ESDB_V0_4
4186,4282,newspapers,-10.8198,1,PASS,35,,n,newspaper,FORM,,MASTER,0,1,0,,newspaper,,,1,0,0,ESDB_V0_4
4187,4283,photographs,-10.8198,1,PASS,35,,n_v,photograph,FORM,,MASTER,0,1,0,,photograph,,,1,0,0,ESDB_V0_4
4188,4284,pretend,-10.8198,1,PASS,35,,v;aj,pretend,LEMMA,,MASTER,0,1,1,,,,pretends,0,1,1,ESDB_V0_4
4189,4285,pulling,-10.8198,1,PASS,35,,n_v;n,pull;pulling,FORM;LEMMA,,MASTER,0,0,0,,,,,0,0,0,ESDB_V0_4
4190,4286,ranked,-10.8198,1,PASS,35,,n_v;aj,rank;ranked,FORM;LEMMA,,MASTER,0,0,0,,,,,0,0,0,ESDB_V0_4
4191,4287,reader,-10.8198,1,PASS,35,,n,reader,LEMMA,,MASTER,0,1,1,,,,readers,0,1,1,ESDB_V0_4
4192,4288,replied,-10.8198,1,PASS,35,,n_v,reply,FORM,,MASTER,0,0,0,,,,,0,0,0,ESDB_V0_4
4193,4289,residential,-10.8198,1,PASS,35,,aj,residential,LEMMA,,MASTER,0,1,1,,,presidential,,0,1,0,ESDB_V0_4
4194,4290,rio,-10.8198,0,NOT_EXACT_EN_US,,,,,,,REJECTED_AUTO,0,0,0,,,,,0,0,0,ESDB_V0_4
4195,4291,ruin,-10.8198,1,PASS,35,,n_v,ruin,LEMMA,,MASTER,0,1,1,,,,ruins,0,1,1,ESDB_V0_4
4196,4292,russell,-10.8198,0,NOT_EXACT_EN_US,,,,,,,REJECTED_AUTO,0,0,0,,,,,0,0,0,ESDB_V0_4
4197,4293,se,-10.8198,0,NOT_EXACT_EN_US,,,,,,,REJECTED_AUTO,0,0,0,,,,,0,0,0,ESDB_V0_4
4198,4294,socialist,-10.8198,1,PASS,35,,n;aj,socialist,LEMMA,,MASTER,0,1,1,,,,socialists,0,1,1,ESDB_V0_4
4199,4295,steady,-10.8198,1,PASS,35,,n_v;aj_av;i,steady,LEMMA,,MASTER,0,0,0,,,,,0,0,0,ESDB_V0_4
4200,4296,stretch,-10.8198,1,PASS,35,,n_v;aj,stretch,LEMMA,,MASTER,0,0,0,,,,,0,0,0,ESDB_V0_4
4201,4297,swing,-10.8198,1,PASS,35,,n_v;a,swing,LEMMA,,MASTER,0,1,1,wing,,,swings,1,1,1,ESDB_V0_4
4202,4298,tanks,-10.8198,1,PASS,35,,n_v,tank,FORM,,MASTER,0,1,0,,tank,,,1,0,0,ESDB_V0_4
4203,4299,throat,-10.8198,1,PASS,35,,n,throat,LEMMA,,MASTER,0,1,1,,,,throats,0,1,1,ESDB_V0_4
4204,4300,ties,-10.8198,1,PASS,35,,n_v,tie,FORM,,MASTER,0,1,0,,tie,,,1,0,0,ESDB_V0_4
4205,4301,twin,-10.8198,1,PASS,35,,n_v;aj,twin,LEMMA,,MASTER,0,1,1,win,,,twins,1,1,1,ESDB_V0_4
4206,4302,villages,-10.8198,1,PASS,35,,n,village,FORM,,MASTER,0,1,0,,village,,,1,0,0,ESDB_V0_4
4207,4303,voters,-10.8198,1,PASS,35,,n,voter,FORM,,MASTER,0,1,0,,voter,,,1,0,0,ESDB_V0_4
4208,4304,acted,-10.8451,1,PASS,35,,n_v,act,FORM,,MASTER,0,0,0,,,,,0,0,0,ESDB_V0_4
4209,4305,agenda,-10.8451,1,PASS,35,,n,agenda,LEMMA,,MASTER,0,1,1,,,,agendas,0,1,1,ESDB_V0_4
4210,4306,aids,-10.8451,1,PASS,35,35,n_v,aid,FORM,,MASTER,0,1,1,ids,aid,raids,,2,1,0,ESDB_V0_4
4211,4307,ali,-10.8451,0,NOT_EXACT_EN_US,,,,,,,REJECTED_AUTO,0,0,0,,,,,0,0,0,ESDB_V0_4
4212,4308,android,-10.8451,1,PASS,35,50,n;a,android,LEMMA,,MASTER,0,0,0,,,,,0,0,0,ESDB_V0_4
4213,4309,announcement,-10.8451,1,PASS,35,,n,announcement,LEMMA,,MASTER,0,1,1,,,,announcements,0,1,1,ESDB_V0_4
4214,4310,arena,-10.8451,1,PASS,35,,n,arena,LEMMA,,MASTER,0,1,1,,,,arenas,0,1,1,ESDB_V0_4
4215,4311,arrangements,-10.8451,1,PASS,35,,n,arrangement,FORM,,MASTER,0,1,0,,arrangement,,,1,0,0,ESDB_V0_4
4216,4312,athletes,-10.8451,1,PASS,35,,n,athlete,FORM,,MASTER,0,1,0,,athlete,,,1,0,0,ESDB_V0_4
4217,4313,aviation,-10.8451,1,PASS,35,,n,aviation,LEMMA,,MASTER,0,0,0,,,,,0,0,0,ESDB_V0_4
4218,4314,belgium,-10.8451,0,NOT_EXACT_EN_US,,,,,,,REJECTED_AUTO,0,0,0,,,,,0,0,0,ESDB_V0_4
4219,4315,beliefs,-10.8451,1,PASS,35,,n,belief,FORM,,MASTER,0,1,0,,belief,,,1,0,0,ESDB_V0_4
4220,4316,belongs,-10.8451,1,PASS,35,,v,belong,FORM,,MASTER,0,1,0,,belong,,,1,0,0,ESDB_V0_4
4221,4317,bite,-10.8451,1,PASS,35,,n_v,bite,LEMMA,,MASTER,0,1,1,,bit,,bites,1,1,1,ESDB_V0_4
4222,4318,blast,-10.8451,1,PASS,35,,n_v;i,blast,LEMMA,,MASTER,0,1,1,last,,,blasts,1,1,1,ESDB_V0_4
4223,4319,boats,-10.8451,1,PASS,35,,n_v,boat,FORM,,MASTER,0,1,0,oats,boat,,,2,0,0,ESDB_V0_4
4224,4320,brave,-10.8451,1,PASS,35,,n_v;aj,brave,LEMMA,,MASTER,0,1,1,rave,,,braves,1,1,1,ESDB_V0_4
4225,4321,charter,-10.8451,1,PASS,35,,n_v;a,charter,LEMMA,,MASTER,0,0,0,,,,,0,0,0,ESDB_V0_4
4226,4322,complaint,-10.8451,1,PASS,35,,n,complaint,LEMMA,,MASTER,0,1,1,,complain,,complaints,1,1,1,ESDB_V0_4
4227,4323,copper,-10.8451,1,PASS,35,,n;a,copper,LEMMA,,MASTER,0,0,0,,,,,0,0,0,ESDB_V0_4
4228,4324,cotton,-10.8451,1,PASS,35,50,n_v,cotton,LEMMA,,MASTER,0,0,0,,,,,0,0,0,ESDB_V0_4
4229,4325,creates,-10.8451,1,PASS,35,,v,create,FORM,,MASTER,0,1,0,,create,,,1,0,0,ESDB_V0_4
4230,4326,daddy,-10.8451,1,PASS,35,,n,daddy,LEMMA,,MASTER,0,0,0,,,,,0,0,0,ESDB_V0_4
4231,4327,daughters,-10.8451,1,PASS,35,,n,daughter,FORM,,MASTER,0,1,0,,daughter,,,1,0,0,ESDB_V0_4
4232,4328,divine,-10.8451,1,PASS,35,60,n_v;aj,divine,LEMMA,,MASTER,0,0,0,,,,,0,0,0,ESDB_V0_4
4233,4329,documentary,-10.8451,1,PASS,35,,n;aj,documentary,LEMMA,,MASTER,0,0,0,,,,,0,0,0,ESDB_V0_4
4234,4330,dropping,-10.8451,1,PASS,35,,n_v;aj,drop;dropping,FORM;LEMMA,,MASTER,0,0,0,,,,,0,0,0,ESDB_V0_4
4235,4331,edited,-10.8451,1,PASS,35,,n_v;aj,edit;edited,FORM;LEMMA,,MASTER,0,0,0,,,,,0,0,0,ESDB_V0_4
4236,4332,expense,-10.8451,1,PASS,35,,n,expense,LEMMA,,MASTER,0,1,1,,,,expenses,0,1,1,ESDB_V0_4
4237,4333,explore,-10.8451,1,PASS,35,,v,explore,LEMMA,,MASTER,0,1,1,,,,explored;explorer;explores,0,3,2,ESDB_V0_4
4238,4334,export,-10.8451,1,PASS,35,,n_v;a,export,LEMMA,,MASTER,0,1,1,,,,exports,0,1,1,ESDB_V0_4
4239,4335,forgive,-10.8451,1,PASS,35,,v,forgive,LEMMA,,MASTER,0,1,1,,,,forgiven,0,1,1,ESDB_V0_4
4240,4336,funded,-10.8451,1,PASS,35,,n_v;aj,fund;funded,FORM;LEMMA,,MASTER,0,0,0,,,,,0,0,0,ESDB_V0_4
4241,4337,gains,-10.8451,1,PASS,35,,n_v,gain,FORM,,MASTER,0,1,0,,gain,,,1,0,0,ESDB_V0_4
4242,4338,gathering,-10.8451,1,PASS,35,,n_v;n,gather;gathering,FORM;LEMMA,,MASTER,0,1,1,,,,gatherings,0,1,1,ESDB_V0_4
4243,4339,grateful,-10.8451,1,PASS,35,,aj,grateful,LEMMA,,MASTER,0,0,0,,,,,0,0,0,ESDB_V0_4
4244,4340,gulf,-10.8451,1,PASS,35,,n,gulf,LEMMA,,MASTER,0,0,0,,,,,0,0,0,ESDB_V0_4
4245,4341,hamilton,-10.8451,0,NOT_EXACT_EN_US,,,,,,,REJECTED_AUTO,0,0,0,,,,,0,0,0,ESDB_V0_4
4246,4342,hook,-10.8451,1,PASS,35,,n_v,hook,LEMMA,,MASTER,0,1,1,,,shook,hooks,0,2,1,ESDB_V0_4
4247,4343,hoped,-10.8451,1,PASS,35,,n_v,hope,FORM,,MASTER,0,1,0,,hope,,,1,0,0,ESDB_V0_4
4248,4344,ignored,-10.8451,1,PASS,35,,v;aj,ignore;ignored,FORM;LEMMA,,MASTER,0,1,0,,ignore,,,1,0,0,ESDB_V0_4
4249,4345,inquiry,-10.8451,1,PASS,35,,n,inquiry,LEMMA,,MASTER,0,0,0,,,,,0,0,0,ESDB_V0_4
4250,4346,instant,-10.8451,1,PASS,35,,n;aj,instant,LEMMA,,MASTER,0,0,0,,,,,0,0,0,ESDB_V0_4
4251,4347,integrated,-10.8451,1,PASS,35,,v;aj,integrate;integrated,FORM;LEMMA,,MASTER,0,1,0,,integrate,,,1,0,0,ESDB_V0_4
4252,4348,intent,-10.8451,1,PASS,35,,n;aj,intent,LEMMA,,MASTER,0,0,0,,,,,0,0,0,ESDB_V0_4
4253,4349,josh,-10.8451,0,CASE_FREQ_COLLISION,50,50,n_v,josh,LEMMA,,REJECTED_AUTO,0,0,0,,,,,0,0,0,ESDB_V0_4
4254,4350,kentucky,-10.8451,0,NOT_EXACT_EN_US,,,,,,,REJECTED_AUTO,0,0,0,,,,,0,0,0,ESDB_V0_4
4255,4351,ltd,-10.8451,0,NO_ESDB_GENERAL_EVIDENCE,,,,,,,REJECTED_AUTO,0,0,0,,,,,0,0,0,ESDB_V0_4
4256,4352,makeup,-10.8451,1,PASS,35,,n,makeup,LEMMA,,MASTER,0,0,0,,,,,0,0,0,ESDB_V0_4
4257,4353,mill,-10.8451,1,PASS,35,50,n_v,mill,LEMMA,,MASTER,0,1,1,ill,mil,,mills,2,1,1,ESDB_V0_4
4258,4354,moderate,-10.8451,1,PASS,35,,n_v;aj,moderate,LEMMA,,MASTER,0,0,0,,,,,0,0,0,ESDB_V0_4
4259,4355,overcome,-10.8451,1,PASS,35,,v,overcome,LEMMA;FORM,,MASTER,0,0,0,,,,,0,0,0,ESDB_V0_4
4260,4356,pension,-10.8451,1,PASS,35,,n_v,pension,LEMMA,,MASTER,0,1,1,,,,pensions,0,1,1,ESDB_V0_4
4261,4357,permit,-10.8451,1,PASS,35,,n_v,permit,LEMMA,,MASTER,0,1,1,,,,permits,0,1,1,ESDB_V0_4
4262,4358,philadelphia,-10.8451,0,NOT_EXACT_EN_US,,,,,,,REJECTED_AUTO,0,0,0,,,,,0,0,0,ESDB_V0_4
4263,4359,philip,-10.8451,0,NOT_EXACT_EN_US,,,,,,,REJECTED_AUTO,0,0,0,,,,,0,0,0,ESDB_V0_4
4264,4360,phrase,-10.8451,1,PASS,35,,n_v,phrase,LEMMA,,MASTER,0,1,1,,,,phrases,0,1,1,ESDB_V0_4
4265,4361,physically,-10.8451,1,PASS,35,,av,physically,LEMMA,,MASTER,0,0,0,,,,,0,0,0,ESDB_V0_4
4266,4362,pregnancy,-10.8451,1,PASS,35,,n,pregnancy,LEMMA,,MASTER,0,0,0,,,,,0,0,0,ESDB_V0_4
4267,4363,proven,-10.8451,1,PASS,35,,v;aj,prove;proven,FORM;LEMMA,,MASTER,0,1,0,,prove,,,1,0,0,ESDB_V0_4
4268,4364,provision,-10.8451,1,PASS,35,,n_v,provision,LEMMA,,MASTER,0,1,1,,,,provisions,0,1,1,ESDB_V0_4
4269,4365,psychological,-10.8451,1,PASS,35,,aj,psychological,LEMMA,,MASTER,0,0,0,,,,,0,0,0,ESDB_V0_4
4270,4366,purple,-10.8451,1,PASS,35,,n;aj,purple,LEMMA,,MASTER,0,0,0,,,,,0,0,0,ESDB_V0_4
4271,4367,releases,-10.8451,1,PASS,35,,n_v,release,FORM,,MASTER,0,1,0,,release,,,1,0,0,ESDB_V0_4
4272,4368,reliable,-10.8451,1,PASS,35,,aj,reliable,LEMMA,,MASTER,0,0,0,,,,,0,0,0,ESDB_V0_4
4273,4369,rely,-10.8451,1,PASS,35,,v,rely,LEMMA,,MASTER,0,0,0,,,,,0,0,0,ESDB_V0_4
4274,4370,responded,-10.8451,1,PASS,35,,v,respond,FORM,,MASTER,0,0,0,,,,,0,0,0,ESDB_V0_4
4275,4371,rings,-10.8451,1,PASS,35,,n;v,ring;rings,FORM;LEMMA,,MASTER,0,1,1,,ring,brings,,1,1,0,ESDB_V0_4
4276,4372,sa,-10.8451,0,NOT_EXACT_EN_US,,,,,,,REJECTED_AUTO,0,0,0,,,,,0,0,0,ESDB_V0_4
4277,4373,script,-10.8451,1,PASS,35,,n_v,script,LEMMA,,MASTER,0,1,1,,,,scripts,0,1,1,ESDB_V0_4
4278,4374,seal,-10.8451,1,PASS,35,,n_v;n,seal,LEMMA;FORM,,MASTER,0,1,1,,sea,,seals,1,1,1,ESDB_V0_4
4279,4375,seattle,-10.8451,0,NOT_EXACT_EN_US,,,,,,,REJECTED_AUTO,0,0,0,,,,,0,0,0,ESDB_V0_4
4280,4376,sec,-10.8451,1,PASS,35,50,n;aj,sec,LEMMA,,MASTER,0,1,1,,,,sect,0,1,0,ESDB_V0_4
4281,4377,souls,-10.8451,1,PASS,35,,n,soul,FORM,,MASTER,0,1,0,,soul,,,1,0,0,ESDB_V0_4
4282,4378,succeed,-10.8451,1,PASS,35,,v,succeed,LEMMA,,MASTER,0,1,1,,,,succeeds,0,1,1,ESDB_V0_4
4283,4379,suggestions,-10.8451,1,PASS,35,,n,suggestion,FORM,,MASTER,0,1,0,,suggestion,,,1,0,0,ESDB_V0_4
4284,4380,supplied,-10.8451,1,PASS,35,,n_v,supply,FORM,,MASTER,0,0,0,,,,,0,0,0,ESDB_V0_4
4285,4381,suspended,-10.8451,1,PASS,35,,v;aj,suspend;suspended,FORM;LEMMA,,MASTER,0,0,0,,,,,0,0,0,ESDB_V0_4
4286,4382,timing,-10.8451,1,PASS,35,,n_v;n,time;timing,FORM;LEMMA,,MASTER,0,0,0,,,,,0,0,0,ESDB_V0_4
4287,4383,tourist,-10.8451,1,PASS,35,,n;a,tourist,LEMMA,,MASTER,0,1,1,,,,tourists,0,1,1,ESDB_V0_4
4288,4384,trap,-10.8451,1,PASS,35,,n_v,trap,LEMMA,,MASTER,0,1,1,rap,,strap,traps,1,2,1,ESDB_V0_4
4289,4385,trends,-10.8451,1,PASS,35,,n_v,trend,FORM,,MASTER,0,1,0,,trend,,,1,0,0,ESDB_V0_4
4290,4386,unity,-10.8451,1,PASS,35,,n,unity,LEMMA,,MASTER,0,1,0,,unit,,,1,0,0,ESDB_V0_4
4291,4387,volunteers,-10.8451,1,PASS,35,,n_v,volunteer,FORM,,MASTER,0,1,0,,volunteer,,,1,0,0,ESDB_V0_4
4292,4388,vulnerable,-10.8451,1,PASS,35,,aj,vulnerable,LEMMA,,MASTER,0,0,0,,,,,0,0,0,ESDB_V0_4
4293,4389,walks,-10.8451,1,PASS,35,,n_v,walk,FORM,,MASTER,0,1,0,,walk,,,1,0,0,ESDB_V0_4
4294,4390,weed,-10.8451,1,PASS,35,,v;n_v,wee;weed,FORM;LEMMA,,MASTER,0,1,1,,wee,,weeds,1,1,1,ESDB_V0_4
4295,4391,winds,-10.8451,1,PASS,35,,n;v,wind,FORM,,MASTER,0,1,0,,wind,,,1,0,0,ESDB_V0_4
4296,4392,wooden,-10.8451,1,PASS,35,,aj,wooden,LEMMA,,MASTER,0,0,0,,,,,0,0,0,ESDB_V0_4
4297,4394,ads,-10.8658,1,PASS,35,,n,ad,FORM,,MASTER,0,1,1,,ad,lads;pads;dads,,1,3,0,ESDB_V0_4
4298,4395,argentina,-10.8658,0,NOT_EXACT_EN_US,,,,,,,REJECTED_AUTO,0,0,0,,,,,0,0,0,ESDB_V0_4
4299,4396,arsenal,-10.8658,1,PASS,35,,n,arsenal,LEMMA,,MASTER,0,0,0,,,,,0,0,0,ESDB_V0_4
4300,4397,artistic,-10.8658,1,PASS,35,,aj,artistic,LEMMA,,MASTER,0,0,0,,,,,0,0,0,ESDB_V0_4
4301,4398,avenue,-10.8658,1,PASS,35,,n,avenue,LEMMA,,MASTER,0,1,1,venue,,,avenues,1,1,1,ESDB_V0_4
4302,4399,bat,-10.8658,1,PASS,35,,n_v,bat,LEMMA,,MASTER,0,1,1,at,,,bath;bats,1,2,1,ESDB_V0_4
4303,4400,beast,-10.8658,1,PASS,35,,n,beast,LEMMA,,MASTER,0,1,1,east,,,beasts,1,1,1,ESDB_V0_4
4304,4401,blessed,-10.8658,1,PASS,35,,v;aj,bless;blessed,FORM;LEMMA,,MASTER,0,0,0,,,,,0,0,0,ESDB_V0_4
4305,4402,bonds,-10.8658,1,PASS,35,,n_v,bond,FORM,,MASTER,0,1,0,,bond,,,1,0,0,ESDB_V0_4
4306,4403,boost,-10.8658,1,PASS,35,,n_v,boost,LEMMA,,MASTER,0,1,1,,,,boosts,0,1,1,ESDB_V0_4
4307,4404,branches,-10.8658,1,PASS,35,,n_v,branch,FORM,,MASTER,0,0,0,,,,,0,0,0,ESDB_V0_4
4308,4405,breathing,-10.8658,1,PASS,35,,v;n,breathe;breathing,FORM;LEMMA,,MASTER,0,0,0,,,,,0,0,0,ESDB_V0_4
4309,4406,carries,-10.8658,1,PASS,35,,n_v,carry,FORM,,MASTER,0,0,0,,,,,0,0,0,ESDB_V0_4
4310,4407,celebration,-10.8658,1,PASS,35,,n,celebration,LEMMA,,MASTER,0,1,1,,,,celebrations,0,1,1,ESDB_V0_4
4311,4408,civilian,-10.8658,1,PASS,35,,n;aj,civilian,LEMMA,,MASTER,0,1,1,,,,civilians,0,1,1,ESDB_V0_4
4312,4409,clay,-10.8658,1,PASS,35,50,n,clay,LEMMA,,MASTER,0,1,0,lay,,,,1,0,0,ESDB_V0_4
4313,4410,commonwealth,-10.8658,1,PASS,35,60,n,commonwealth,LEMMA,,MASTER,0,0,0,,,,,0,0,0,ESDB_V0_4
4314,4412,continuous,-10.8658,1,PASS,35,,aj,continuous,LEMMA,,MASTER,0,0,0,,,,,0,0,0,ESDB_V0_4
4315,4413,counts,-10.8658,1,PASS,35,,n_v,count,FORM,,MASTER,0,1,0,,count,,,1,0,0,ESDB_V0_4
4316,4414,cure,-10.8658,1,PASS,35,,n_v,cure,LEMMA,,MASTER,0,1,1,,,,cured;cures,0,2,2,ESDB_V0_4
4317,4415,customs,-10.8658,1,PASS,35,,n,custom,FORM,,MASTER,0,1,0,,custom,,,1,0,0,ESDB_V0_4
4318,4416,dawn,-10.8658,1,PASS,35,50,n_v,dawn,LEMMA,,MASTER,0,0,0,,,,,0,0,0,ESDB_V0_4
4319,4417,delete,-10.8658,1,PASS,35,,v,delete,LEMMA,,MASTER,0,1,1,,,,deleted,0,1,1,ESDB_V0_4
4320,4418,desperate,-10.8658,1,PASS,35,,aj,desperate,LEMMA,,MASTER,0,0,0,,,,,0,0,0,ESDB_V0_4
4321,4419,devoted,-10.8658,1,PASS,35,,v;aj,devote;devoted,FORM;LEMMA,,MASTER,0,1,0,,devote,,,1,0,0,ESDB_V0_4
4322,4420,distinct,-10.8658,1,PASS,35,,aj,distinct,LEMMA,,MASTER,0,0,0,,,,,0,0,0,ESDB_V0_4
4323,4421,drops,-10.8658,1,PASS,35,,n_v,drop,FORM,,MASTER,0,1,0,,drop,,,1,0,0,ESDB_V0_4
4324,4422,educated,-10.8658,1,PASS,35,,v;aj,educate;educated,FORM;LEMMA,,MASTER,0,1,0,,educate,,,1,0,0,ESDB_V0_4
4325,4423,enable,-10.8658,1,PASS,35,,v,enable,LEMMA,,MASTER,0,1,1,,,,enabled;enables,0,2,2,ESDB_V0_4
4326,4424,est,-10.8658,0,NO_ESDB_GENERAL_EVIDENCE,,,,,,,REJECTED_AUTO,0,0,0,,,,,0,0,0,ESDB_V0_4
4327,4425,euro,-10.8658,1,PASS,50,,n,euro,LEMMA,,MASTER,0,1,1,,,,euros,0,1,1,ESDB_V0_4
4328,4426,featured,-10.8658,1,PASS,35,,n_v;aj,feature;featured,FORM;LEMMA,,MASTER,0,1,0,,feature,,,1,0,0,ESDB_V0_4
4329,4427,flood,-10.8658,1,PASS,35,,n_v,flood,LEMMA,,MASTER,0,1,1,,,,floods,0,1,1,ESDB_V0_4
4330,4428,gradually,-10.8658,1,PASS,35,,av,gradually,LEMMA,,MASTER,0,0,0,,,,,0,0,0,ESDB_V0_4
4331,4429,grain,-10.8658,1,PASS,35,,n,grain,LEMMA,,MASTER,0,1,1,rain,,,grains,1,1,1,ESDB_V0_4
4332,4430,hardware,-10.8658,1,PASS,35,,n,hardware,LEMMA,,MASTER,0,0,0,,,,,0,0,0,ESDB_V0_4
4333,4431,healthcare,-10.8658,1,PASS,35,,n,healthcare,LEMMA,,MASTER,0,0,0,,,,,0,0,0,ESDB_V0_4
4334,4432,immigrants,-10.8658,1,PASS,35,,n,immigrant,FORM,,MASTER,0,1,0,,immigrant,,,1,0,0,ESDB_V0_4
4335,4433,imposed,-10.8658,1,PASS,35,,v;aj,impose;imposed,FORM;LEMMA,,MASTER,0,1,0,,impose,,,1,0,0,ESDB_V0_4
4336,4434,jacob,-10.8658,0,NOT_EXACT_EN_US,,,,,,,REJECTED_AUTO,0,0,0,,,,,0,0,0,ESDB_V0_4
4337,4435,jet,-10.8658,1,PASS,35,,n_v;aj,jet,LEMMA,,MASTER,0,1,1,,,,jets,0,1,1,ESDB_V0_4
4338,4436,justin,-10.8658,0,NOT_EXACT_EN_US,,,,,,,REJECTED_AUTO,0,0,0,,,,,0,0,0,ESDB_V0_4
4339,4437,lazy,-10.8658,1,PASS,35,,v;aj,lazy,LEMMA,,MASTER,0,0,0,,,,,0,0,0,ESDB_V0_4
4340,4438,logo,-10.8658,1,PASS,35,60,n,logo,LEMMA,,MASTER,0,1,1,,log,,logos,1,1,1,ESDB_V0_4
4341,4439,lonely,-10.8658,1,PASS,35,,aj,lonely,LEMMA,,MASTER,0,0,0,,,,,0,0,0,ESDB_V0_4
4342,4440,mama,-10.8658,1,PASS,35,,n,mama,LEMMA,,MASTER,0,0,0,,,,,0,0,0,ESDB_V0_4
4343,4441,marie,-10.8658,0,NOT_EXACT_EN_US,,,,,,,REJECTED_AUTO,0,0,0,,,,,0,0,0,ESDB_V0_4
4344,4442,melbourne,-10.8658,0,NOT_EXACT_EN_US,,,,,,,REJECTED_AUTO,0,0,0,,,,,0,0,0,ESDB_V0_4
4345,4443,nah,-10.8658,0,NO_ESDB_GENERAL_EVIDENCE,,,,,,,REJECTED_AUTO,0,0,0,,,,,0,0,0,ESDB_V0_4
4346,4444,nba,-10.8658,0,NOT_EXACT_EN_US,,,,,,,REJECTED_AUTO,0,0,0,,,,,0,0,0,ESDB_V0_4
4347,4445,occupation,-10.8658,1,PASS,35,,n,occupation,LEMMA,,MASTER,0,1,1,,,,occupations,0,1,1,ESDB_V0_4
4348,4446,olympics,-10.8658,0,NOT_EXACT_EN_US,,,,,,,REJECTED_AUTO,0,0,0,,,,,0,0,0,ESDB_V0_4
4349,4447,opera,-10.8658,1,PASS,35,,n,opera;opus,LEMMA;FORM,,MASTER,0,1,1,,,,operas,0,1,1,ESDB_V0_4
4350,4448,oral,-10.8658,1,PASS,35,,n;aj,oral,LEMMA,,MASTER,0,1,1,,,moral;coral,,0,2,0,ESDB_V0_4
4351,4449,peaceful,-10.8658,1,PASS,35,,aj,peaceful,LEMMA,,MASTER,0,0,0,,,,,0,0,0,ESDB_V0_4
4352,4450,petition,-10.8658,1,PASS,35,,n_v,petition,LEMMA,,MASTER,0,1,1,,,,petitions,0,1,1,ESDB_V0_4
4353,4451,piano,-10.8658,1,PASS,35,,n;aj_av,piano,LEMMA,,MASTER,0,0,0,,,,,0,0,0,ESDB_V0_4
4354,4452,pipe,-10.8658,1,PASS,35,,n_v,pipe,LEMMA,,MASTER,0,1,1,,pip,,pipes;piper,1,2,1,ESDB_V0_4
4355,4453,poet,-10.8658,1,PASS,35,,n,poet,LEMMA,,MASTER,0,1,1,,,,poets,0,1,1,ESDB_V0_4
4356,4454,praise,-10.8658,1,PASS,35,,n;v,praise,LEMMA,,MASTER,0,1,1,raise,,,praised;praises,1,2,2,ESDB_V0_4
4357,4455,proceed,-10.8658,1,PASS,35,,v,proceed,LEMMA,,MASTER,0,1,1,,,,proceeds,0,1,1,ESDB_V0_4
4358,4456,protecting,-10.8658,1,PASS,35,,v;aj,protect;protecting,FORM;LEMMA,,MASTER,0,0,0,,,,,0,0,0,ESDB_V0_4
4359,4457,publications,-10.8658,1,PASS,35,,n,publication,FORM,,MASTER,0,1,0,,publication,,,1,0,0,ESDB_V0_4
4360,4458,pursue,-10.8658,1,PASS,35,,v,pursue,LEMMA,,MASTER,0,1,1,,,,pursued,0,1,1,ESDB_V0_4
4361,4459,racial,-10.8658,1,PASS,35,,aj,racial,LEMMA,,MASTER,0,0,0,,,,,0,0,0,ESDB_V0_4
4362,4460,reception,-10.8658,1,PASS,35,,n,reception,LEMMA,,MASTER,0,0,0,,,,,0,0,0,ESDB_V0_4
4363,4461,recover,-10.8658,1,PASS,35,,v,recover,LEMMA,,MASTER,0,1,1,,,,recovery,0,1,0,ESDB_V0_4
4364,4462,remarkable,-10.8658,1,PASS,35,,aj,remarkable,LEMMA,,MASTER,0,0,0,,,,,0,0,0,ESDB_V0_4
4365,4463,rocket,-10.8658,1,PASS,35,,n_v,rocket,LEMMA,,MASTER,0,1,1,,,,rockets,0,1,1,ESDB_V0_4
4366,4464,secrets,-10.8658,1,PASS,35,,n,secret,FORM,,MASTER,0,1,0,,secret,,,1,0,0,ESDB_V0_4
4367,4465,seeds,-10.8658,1,PASS,35,,n_v,seed,FORM,,MASTER,0,1,0,,seed,,,1,0,0,ESDB_V0_4
4368,4466,signals,-10.8658,1,PASS,35,,n_v,signal,FORM,,MASTER,0,1,0,,signal,,,1,0,0,ESDB_V0_4
4369,4467,singapore,-10.8658,0,NOT_EXACT_EN_US,,,,,,,REJECTED_AUTO,0,0,0,,,,,0,0,0,ESDB_V0_4
4370,4468,slave,-10.8658,1,PASS,35,,n_v;a,slave,LEMMA,,MASTER,0,1,1,,,,slaves,0,1,1,ESDB_V0_4
4371,4469,sole,-10.8658,1,PASS,35,,v;aj;n,sole,LEMMA;FORM,,MASTER,0,1,0,ole,,,,1,0,0,ESDB_V0_4
4372,4470,spare,-10.8658,1,PASS,35,,n_v;aj,spare,LEMMA,,MASTER,0,1,1,,,,spared,0,1,1,ESDB_V0_4
4373,4471,spots,-10.8658,1,PASS,35,,n_v;n,spot;spots,FORM;LEMMA,,MASTER,0,1,0,pots,spot,,,2,0,0,ESDB_V0_4
4374,4472,tobacco,-10.8658,1,PASS,35,,n,tobacco,LEMMA,,MASTER,0,0,0,,,,,0,0,0,ESDB_V0_4
4375,4473,tube,-10.8658,1,PASS,35,,n_v,tube,LEMMA,,MASTER,0,1,1,,tub,,tubes,1,1,1,ESDB_V0_4
4376,4474,uh,-10.8658,1,PASS,40,,i,uh,LEMMA,,MASTER,0,1,1,,,huh;duh,,0,2,0,ESDB_V0_4
4377,4475,updates,-10.8658,1,PASS,35,,n_v,update,FORM,,MASTER,0,1,0,,update,,,1,0,0,ESDB_V0_4
4378,4476,vary,-10.8658,1,PASS,35,,v,vary,LEMMA,,MASTER,0,1,0,,var,,,1,0,0,ESDB_V0_4
4379,4477,wages,-10.8658,1,PASS,35,,n_v,wage,FORM,,MASTER,0,1,0,ages,wage,,,2,0,0,ESDB_V0_4
4380,4478,wildlife,-10.8658,1,PASS,35,,n,wildlife,LEMMA,,MASTER,0,0,0,,,,,0,0,0,ESDB_V0_4
4381,4479,wisconsin,-10.8658,0,NOT_EXACT_EN_US,,,,,,,REJECTED_AUTO,0,0,0,,,,,0,0,0,ESDB_V0_4
4382,4480,worship,-10.8658,1,PASS,35,,n;v,worship,LEMMA,,MASTER,0,0,0,,,,,0,0,0,ESDB_V0_4
4383,4482,accounting,-10.8923,1,PASS,35,,n_v;n,account;accounting,FORM;LEMMA,,MASTER,0,0,0,,,,,0,0,0,ESDB_V0_4
4384,4483,anderson,-10.8923,0,NOT_EXACT_EN_US,,,,,,,REJECTED_AUTO,0,0,0,,,,,0,0,0,ESDB_V0_4
4385,4484,ann,-10.8923,0,NOT_EXACT_EN_US,,,,,,,REJECTED_AUTO,0,0,0,,,,,0,0,0,ESDB_V0_4
4386,4485,atlanta,-10.8923,0,NOT_EXACT_EN_US,,,,,,,REJECTED_AUTO,0,0,0,,,,,0,0,0,ESDB_V0_4
4387,4486,autumn,-10.8923,1,PASS,35,50,n,autumn,LEMMA,,MASTER,0,0,0,,,,,0,0,0,ESDB_V0_4
4388,4487,breathe,-10.8923,1,PASS,35,,v,breathe,LEMMA,,MASTER,0,1,0,,breath,,,1,0,0,ESDB_V0_4
4389,4488,cameras,-10.8923,1,PASS,35,,n,camera,FORM,,MASTER,0,1,0,,camera,,,1,0,0,ESDB_V0_4
4390,4489,claiming,-10.8923,1,PASS,35,,n_v,claim,FORM,,MASTER,0,0,0,,,,,0,0,0,ESDB_V0_4
4391,4490,classification,-10.8923,1,PASS,35,,n,classification,LEMMA,,MASTER,0,1,1,,,,classifications,0,1,1,ESDB_V0_4
4392,4491,climb,-10.8923,1,PASS,35,,n_v,climb,LEMMA,,MASTER,0,1,1,limb,,,climbs,1,1,1,ESDB_V0_4
4393,4492,clinton,-10.8923,0,NOT_EXACT_EN_US,,,,,,,REJECTED_AUTO,0,0,0,,,,,0,0,0,ESDB_V0_4
4394,4493,constructed,-10.8923,1,PASS,35,,n_v,construct,FORM,,MASTER,0,0,0,,,,,0,0,0,ESDB_V0_4
4395,4494,contents,-10.8923,1,PASS,35,,n_v,content,FORM,,MASTER,0,1,0,,content,,,1,0,0,ESDB_V0_4
4396,4495,criteria,-10.8923,1,PASS,35,,n,criterion,FORM,,MASTER,0,0,0,,,,,0,0,0,ESDB_V0_4
4397,4496,dealt,-10.8923,1,PASS,35,,n_v,deal,FORM,,MASTER,0,1,0,,deal,,,1,0,0,ESDB_V0_4
4398,4497,deserves,-10.8923,1,PASS,35,,v,deserve,FORM,,MASTER,0,1,0,,deserve,,,1,0,0,ESDB_V0_4
4399,4498,detroit,-10.8923,0,NOT_EXACT_EN_US,,,,,,,REJECTED_AUTO,0,0,0,,,,,0,0,0,ESDB_V0_4
4400,4499,drag,-10.8923,1,PASS,35,,n_v;a,drag,LEMMA,,MASTER,0,1,0,rag,,,,1,0,0,ESDB_V0_4
4401,4500,dual,-10.8923,1,PASS,35,,aj,dual,LEMMA,,MASTER,0,0,0,,,,,0,0,0,ESDB_V0_4
4402,4501,edit,-10.8923,1,PASS,35,,n_v,edit,LEMMA,,MASTER,0,1,1,,,,edits,0,1,1,ESDB_V0_4
4403,4502,egyptian,-10.8923,0,NOT_EXACT_EN_US,,,,,,,REJECTED_AUTO,0,0,0,,,,,0,0,0,ESDB_V0_4
4404,4503,emerging,-10.8923,1,PASS,35,,v;aj,emerge;emerging,FORM;LEMMA,,MASTER,0,1,0,merging,,,,1,0,0,ESDB_V0_4
4405,4504,encounter,-10.8923,1,PASS,35,,n_v,encounter,LEMMA,,MASTER,0,1,1,,,,encounters,0,1,1,ESDB_V0_4
4406,4505,examine,-10.8923,1,PASS,35,,v,examine,LEMMA,,MASTER,0,1,1,,,,examined;examines;examiner,0,3,2,ESDB_V0_4
4407,4506,examined,-10.8923,1,PASS,35,,v,examine,FORM,,MASTER,0,1,0,,examine,,,1,0,0,ESDB_V0_4
4408,4507,experimental,-10.8923,1,PASS,35,,aj,experimental,LEMMA,,MASTER,0,0,0,,,,,0,0,0,ESDB_V0_4
4409,4508,fails,-10.8923,1,PASS,35,,n_v,fail,FORM,,MASTER,0,1,0,,fail,,,1,0,0,ESDB_V0_4
4410,4509,feeding,-10.8923,1,PASS,35,,n_v;n,feed;feeding,FORM;LEMMA,,MASTER,0,0,0,,,,,0,0,0,ESDB_V0_4
4411,4510,filter,-10.8923,1,PASS,35,,n_v,filter,LEMMA,,MASTER,0,1,1,,,,filters,0,1,1,ESDB_V0_4
4412,4511,fiscal,-10.8923,1,PASS,35,,n;aj,fiscal,LEMMA,,MASTER,0,0,0,,,,,0,0,0,ESDB_V0_4
4413,4512,flesh,-10.8923,1,PASS,35,,n;v,flesh,LEMMA,,MASTER,0,0,0,,,,,0,0,0,ESDB_V0_4
4414,4513,followers,-10.8923,1,PASS,35,,n,follower,FORM,,MASTER,0,1,0,,follower,,,1,0,0,ESDB_V0_4
4415,4514,functional,-10.8923,1,PASS,35,,aj,functional,LEMMA,,MASTER,0,0,0,,,,,0,0,0,ESDB_V0_4
4416,4515,furniture,-10.8923,1,PASS,35,,n,furniture,LEMMA,,MASTER,0,0,0,,,,,0,0,0,ESDB_V0_4
4417,4516,gather,-10.8923,1,PASS,35,,n_v,gather,LEMMA,,MASTER,0,1,1,,,,gathers,0,1,1,ESDB_V0_4
4418,4517,helicopter,-10.8923,1,PASS,35,,n_v,helicopter,LEMMA,,MASTER,0,1,1,,,,helicopters,0,1,1,ESDB_V0_4
4419,4518,hiding,-10.8923,1,PASS,35,,n_v;v;n,hide;hiding,FORM;LEMMA,,MASTER,0,0,0,,,,,0,0,0,ESDB_V0_4
4420,4519,hurts,-10.8923,1,PASS,35,,n_v,hurt,FORM,,MASTER,0,1,0,,hurt,,,1,0,0,ESDB_V0_4
4421,4520,implementation,-10.8923,1,PASS,35,,n,implementation,LEMMA,,MASTER,0,0,0,,,,,0,0,0,ESDB_V0_4
4422,4521,influenced,-10.8923,1,PASS,35,,n_v,influence,FORM,,MASTER,0,1,0,,influence,,,1,0,0,ESDB_V0_4
4423,4522,inhabitants,-10.8923,1,PASS,35,,n,inhabitant,FORM,,MASTER,0,0,0,,,,,0,0,0,ESDB_V0_4
4424,4523,intelligent,-10.8923,1,PASS,35,,aj,intelligent,LEMMA,,MASTER,0,0,0,,,,,0,0,0,ESDB_V0_4
4425,4524,invasion,-10.8923,1,PASS,35,,n,invasion,LEMMA,,MASTER,0,1,1,,,,invasions,0,1,1,ESDB_V0_4
4426,4525,invest,-10.8923,1,PASS,35,,v,invest,LEMMA,,MASTER,0,0,0,,,,,0,0,0,ESDB_V0_4
4427,4526,isolated,-10.8923,1,PASS,35,,n_v;aj,isolate;isolated,FORM;LEMMA,,MASTER,0,1,0,,isolate,,,1,0,0,ESDB_V0_4
4428,4527,jacket,-10.8923,1,PASS,35,,n,jacket,LEMMA,,MASTER,0,1,1,,,,jackets,0,1,1,ESDB_V0_4
4429,4528,jealous,-10.8923,1,PASS,35,,aj,jealous,LEMMA,,MASTER,0,1,1,,,,jealousy,0,1,0,ESDB_V0_4
4430,4529,landed,-10.8923,1,PASS,35,,n_v;aj,land;landed,FORM;LEMMA,,MASTER,0,0,0,,,,,0,0,0,ESDB_V0_4
4431,4530,leather,-10.8923,1,PASS,35,,n;a,leather,LEMMA,,MASTER,0,0,0,,,,,0,0,0,ESDB_V0_4
4432,4531,legitimate,-10.8923,1,PASS,35,,v,legitimate,LEMMA,,MASTER,0,0,0,,,,,0,0,0,ESDB_V0_4
4433,4532,luxury,-10.8923,1,PASS,35,,n;a,luxury,LEMMA,,MASTER,0,0,0,,,,,0,0,0,ESDB_V0_4
4434,4533,mercy,-10.8923,1,PASS,35,,n,mercy,LEMMA,,MASTER,0,0,0,,,,,0,0,0,ESDB_V0_4
4435,4534,meters,-10.8923,1,PASS,35,,n;v,meter,FORM,,MASTER,0,1,0,,meter,,,1,0,0,ESDB_V0_4
4436,4535,mp,-10.8923,0,NO_ESDB_GENERAL_EVIDENCE,,,,,,,REJECTED_AUTO,0,0,0,,,,,0,0,0,ESDB_V0_4
4437,4536,nuts,-10.8923,1,PASS,35,,n_v;aj;i,nut;nuts,FORM;LEMMA,,MASTER,0,1,0,,nut,,,1,0,0,ESDB_V0_4
4438,4537,ny,-10.8923,0,NOT_EXACT_EN_US,,,,,,,REJECTED_AUTO,0,0,0,,,,,0,0,0,ESDB_V0_4
4439,4538,occasions,-10.8923,1,PASS,35,,n_v,occasion,FORM,,MASTER,0,1,0,,occasion,,,1,0,0,ESDB_V0_4
4440,4539,oxygen,-10.8923,1,PASS,35,,n,oxygen,LEMMA,,MASTER,0,0,0,,,,,0,0,0,ESDB_V0_4
4441,4540,pays,-10.8923,1,PASS,35,,v,pay,FORM,,MASTER,0,1,0,,pay,,,1,0,0,ESDB_V0_4
4442,4541,pound,-10.8923,1,PASS,35,50,n;v,pound,LEMMA;FORM,,MASTER,0,1,1,,,,pounds,0,1,1,ESDB_V0_4
4443,4542,productive,-10.8923,1,PASS,35,,aj,productive,LEMMA,,MASTER,0,0,0,,,,,0,0,0,ESDB_V0_4
4444,4543,psychology,-10.8923,1,PASS,35,,n,psychology,LEMMA,,MASTER,0,0,0,,,,,0,0,0,ESDB_V0_4
4445,4544,publicly,-10.8923,1,PASS,35,,av,publicly,LEMMA,,MASTER,0,0,0,,,,,0,0,0,ESDB_V0_4
4446,4545,quebec,-10.8923,0,NOT_EXACT_EN_US,,,,,,,REJECTED_AUTO,0,0,0,,,,,0,0,0,ESDB_V0_4
4447,4546,quest,-10.8923,1,PASS,35,,n_v,quest,LEMMA,,MASTER,0,0,0,,,,,0,0,0,ESDB_V0_4
4448,4547,recovered,-10.8923,1,PASS,35,,v;aj,recover;recovered,FORM;LEMMA,,MASTER,0,0,0,,,,,0,0,0,ESDB_V0_4
4449,4548,relax,-10.8923,1,PASS,35,,v,relax,LEMMA,,MASTER,0,0,0,,,,,0,0,0,ESDB_V0_4
4450,4549,reporter,-10.8923,1,PASS,35,,n,reporter,LEMMA,,MASTER,0,1,1,,,,reporters,0,1,1,ESDB_V0_4
4451,4550,revenge,-10.8923,1,PASS,35,,n;v,revenge,LEMMA,,MASTER,0,0,0,,,,,0,0,0,ESDB_V0_4
4452,4551,ruined,-10.8923,1,PASS,35,,n_v;aj,ruin;ruined,FORM;LEMMA,,MASTER,0,0,0,,,,,0,0,0,ESDB_V0_4
4453,4552,sacred,-10.8923,1,PASS,35,,aj,sacred,LEMMA,,MASTER,0,0,0,,,,,0,0,0,ESDB_V0_4
4454,4553,sean,-10.8923,0,NOT_EXACT_EN_US,,,,,,,REJECTED_AUTO,0,0,0,,,,,0,0,0,ESDB_V0_4
4455,4554,shelter,-10.8923,1,PASS,35,,n_v,shelter,LEMMA,,MASTER,0,1,1,,,,shelters,0,1,1,ESDB_V0_4
4456,4555,slide,-10.8923,1,PASS,35,,n_v,slide,LEMMA,,MASTER,0,1,1,,slid,,slides,1,1,1,ESDB_V0_4
4457,4556,submission,-10.8923,1,PASS,35,,n,submission,LEMMA,,MASTER,0,1,1,,,,submissions,0,1,1,ESDB_V0_4
4458,4557,supporters,-10.8923,1,PASS,35,,n,supporter,FORM,,MASTER,0,1,0,,supporter,,,1,0,0,ESDB_V0_4
4459,4558,tasks,-10.8923,1,PASS,35,,n_v,task,FORM,,MASTER,0,1,0,asks,task,,,2,0,0,ESDB_V0_4
4460,4559,terrorism,-10.8923,1,PASS,35,,n,terrorism,LEMMA,,MASTER,0,0,0,,,,,0,0,0,ESDB_V0_4
4461,4560,trains,-10.8923,1,PASS,35,,n_v,train,FORM,,MASTER,0,1,1,rains,train,strains,,2,1,0,ESDB_V0_4
4462,4561,trans,-10.8923,0,NO_ESDB_GENERAL_EVIDENCE,,,,,,,REJECTED_AUTO,0,0,0,,,,,0,0,0,ESDB_V0_4
4463,4562,villa,-10.8923,1,PASS,35,50,n,villa,LEMMA,,MASTER,0,1,1,,,,villas,0,1,1,ESDB_V0_4
4464,4563,volunteer,-10.8923,1,PASS,35,,n_v;aj,volunteer,LEMMA,,MASTER,0,1,1,,,,volunteers,0,1,1,ESDB_V0_4
4465,4564,wherever,-10.8923,1,PASS,35,,av;c,wherever,LEMMA,,MASTER,0,0,0,,,,,0,0,0,ESDB_V0_4
4466,4565,widespread,-10.8923,1,PASS,35,,aj,widespread,LEMMA,,MASTER,0,0,0,,,,,0,0,0,ESDB_V0_4
4467,4566,acquisition,-10.9141,1,PASS,35,,n,acquisition,LEMMA,,MASTER,0,1,1,,,,acquisitions,0,1,1,ESDB_V0_4
4468,4567,alien,-10.9141,1,PASS,35,,n;aj,alien,LEMMA,,MASTER,0,1,1,,,,aliens,0,1,1,ESDB_V0_4
4469,4568,attempting,-10.9141,1,PASS,35,,n_v,attempt,FORM,,MASTER,0,0,0,,,,,0,0,0,ESDB_V0_4
4470,4569,attending,-10.9141,1,PASS,35,,v;n,attend;attending,FORM;LEMMA,,MASTER,0,0,0,,,,,0,0,0,ESDB_V0_4
4471,4570,bearing,-10.9141,1,PASS,35,,v;n,bear;bearing,FORM;LEMMA,,MASTER,0,1,1,,,,bearings,0,1,1,ESDB_V0_4
4472,4571,celebrated,-10.9141,1,PASS,35,,v;aj,celebrate;celebrated,FORM;LEMMA,,MASTER,0,1,0,,celebrate,,,1,0,0,ESDB_V0_4
4473,4572,chemistry,-10.9141,1,PASS,35,,n,chemistry,LEMMA,,MASTER,0,0,0,,,,,0,0,0,ESDB_V0_4
4474,4573,chip,-10.9141,1,PASS,35,,n_v,chip,LEMMA,,MASTER,0,1,1,hip,chi,,chips,2,1,1,ESDB_V0_4
4475,4574,christianity,-10.9141,0,NOT_EXACT_EN_US,,,,,,,REJECTED_AUTO,0,0,0,,,,,0,0,0,ESDB_V0_4
4476,4575,collaboration,-10.9141,1,PASS,35,,n,collaboration,LEMMA,,MASTER,0,1,1,,,,collaborations,0,1,1,ESDB_V0_4
4477,4576,con,-10.9141,1,PASS,35,,n_v;av,con,LEMMA,,MASTER,0,1,1,on,,icon,cone;cons,1,3,1,ESDB_V0_4
4478,4577,deeper,-10.9141,1,PASS,35,,aj_av,deep,FORM,,MASTER,0,0,0,,,,,0,0,0,ESDB_V0_4
4479,4578,departments,-10.9141,1,PASS,35,,n,department,FORM,,MASTER,0,1,0,,department,,,1,0,0,ESDB_V0_4
4480,4579,developments,-10.9141,1,PASS,35,,n,development,FORM,,MASTER,0,1,0,,development,,,1,0,0,ESDB_V0_4
4481,4580,discipline,-10.9141,1,PASS,35,,n_v,discipline,LEMMA,,MASTER,0,1,1,,,,disciplines;disciplined,0,2,2,ESDB_V0_4
4482,4581,discount,-10.9141,1,PASS,35,,n_v;a,discount,LEMMA,,MASTER,0,1,1,,,,discounts,0,1,1,ESDB_V0_4
4483,4582,disney,-10.9141,0,NOT_EXACT_EN_US,,,,,,,REJECTED_AUTO,0,0,0,,,,,0,0,0,ESDB_V0_4
4484,4583,distinguished,-10.9141,1,PASS,35,,v;aj,distinguish;distinguished,FORM;LEMMA,,MASTER,0,0,0,,,,,0,0,0,ESDB_V0_4
4485,4584,diversity,-10.9141,1,PASS,35,,n,diversity,LEMMA,,MASTER,0,0,0,,,,,0,0,0,ESDB_V0_4
4486,4585,emphasis,-10.9141,1,PASS,35,,n,emphasis,LEMMA,,MASTER,0,0,0,,,,,0,0,0,ESDB_V0_4
4487,4586,epic,-10.9141,1,PASS,35,,n;aj,epic,LEMMA,,MASTER,0,1,0,pic,,,,1,0,0,ESDB_V0_4
4488,4587,fighter,-10.9141,1,PASS,35,,n,fighter,LEMMA,,MASTER,0,1,1,,,,fighters,0,1,1,ESDB_V0_4
4489,4588,gardens,-10.9141,1,PASS,35,,n_v,garden,FORM,,MASTER,0,1,0,,garden,,,1,0,0,ESDB_V0_4
4490,4589,germans,-10.9141,0,NOT_EXACT_EN_US,,,,,,,REJECTED_AUTO,0,0,0,,,,,0,0,0,ESDB_V0_4
4491,4590,guidelines,-10.9141,1,PASS,35,,n,guideline,FORM,,MASTER,0,0,0,,,,,0,0,0,ESDB_V0_4
4492,4591,huh,-10.9141,1,PASS,35,,i,huh,LEMMA,,MASTER,0,1,0,uh,,,,1,0,0,ESDB_V0_4
4493,4592,identification,-10.9141,1,PASS,35,,n,identification,LEMMA,,MASTER,0,0,0,,,,,0,0,0,ESDB_V0_4
4494,4593,inter,-10.9141,1,PASS,35,,v,inter,LEMMA,,MASTER,0,1,1,,,winter,intern,0,2,0,ESDB_V0_4
4495,4594,kidding,-10.9141,1,PASS,35,,n_v,kid,FORM,,MASTER,0,0,0,,,,,0,0,0,ESDB_V0_4
4496,4595,knight,-10.9141,1,PASS,35,50,n_v,knight,LEMMA,,MASTER,0,1,1,night,,,knights,1,1,1,ESDB_V0_4
4497,4596,lion,-10.9141,1,PASS,35,,n,lion,LEMMA,,MASTER,0,1,1,ion,,,lions,1,1,1,ESDB_V0_4
4498,4597,manufacturers,-10.9141,1,PASS,35,,n,manufacturer,FORM,,MASTER,0,1,0,,manufacturer,,,1,0,0,ESDB_V0_4
4499,4598,montreal,-10.9141,0,NOT_EXACT_EN_US,,,,,,,REJECTED_AUTO,0,0,0,,,,,0,0,0,ESDB_V0_4
4500,4599,murdered,-10.9141,1,PASS,35,,n_v;aj,murder;murdered,FORM;LEMMA,,MASTER,0,0,0,,,,,0,0,0,ESDB_V0_4
4501,4600,palestinian,-10.9141,0,NOT_EXACT_EN_US,,,,,,,REJECTED_AUTO,0,0,0,,,,,0,0,0,ESDB_V0_4
4502,4601,permitted,-10.9141,1,PASS,35,,n_v,permit,FORM,,MASTER,0,0,0,,,,,0,0,0,ESDB_V0_4
4503,4602,pole,-10.9141,1,PASS,35,40,n_v,pole,LEMMA,,MASTER,0,1,1,ole,pol,,poles,2,1,1,ESDB_V0_4
4504,4603,posting,-10.9141,1,PASS,35,,n_v;n,post;posting,FORM;LEMMA,,MASTER,0,0,0,,,,,0,0,0,ESDB_V0_4
4505,4604,precisely,-10.9141,1,PASS,35,,av,precisely,LEMMA,,MASTER,0,0,0,,,,,0,0,0,ESDB_V0_4
4506,4605,premium,-10.9141,1,PASS,35,,n;aj,premium,LEMMA,,MASTER,0,1,1,,,,premiums,0,1,1,ESDB_V0_4
4507,4606,printing,-10.9141,1,PASS,35,,n_v;n,print;printing,FORM;LEMMA,,MASTER,0,0,0,,,,,0,0,0,ESDB_V0_4
4508,4607,quantity,-10.9141,1,PASS,35,,n,quantity,LEMMA,,MASTER,0,0,0,,,,,0,0,0,ESDB_V0_4
4509,4608,quarters,-10.9141,1,PASS,35,,n_v,quarter,FORM,,MASTER,0,1,0,,quarter,,,1,0,0,ESDB_V0_4
4510,4609,requested,-10.9141,1,PASS,35,,n_v;aj,request;requested,FORM;LEMMA,,MASTER,0,0,0,,,,,0,0,0,ESDB_V0_4
4511,4610,restricted,-10.9141,1,PASS,35,,v;aj,restrict;restricted,FORM;LEMMA,,MASTER,0,0,0,,,,,0,0,0,ESDB_V0_4
4512,4611,rick,-10.9141,0,CASE_FREQ_COLLISION,50,50,n_v,rick,LEMMA,,REJECTED_AUTO,0,0,0,,,,,0,0,0,ESDB_V0_4
4513,4612,rounds,-10.9141,1,PASS,35,,n_v,round,FORM,,MASTER,0,1,1,,round,grounds,,1,1,0,ESDB_V0_4
4514,4613,shield,-10.9141,1,PASS,35,,n_v,shield,LEMMA,,MASTER,0,1,1,,,,shields,0,1,1,ESDB_V0_4
4515,4615,spaces,-10.9141,1,PASS,35,,n_v,space,FORM,,MASTER,0,1,0,,space,,,1,0,0,ESDB_V0_4
4516,4616,succeeded,-10.9141,1,PASS,35,,v,succeed,FORM,,MASTER,0,0,0,,,,,0,0,0,ESDB_V0_4
4517,4617,surprising,-10.9141,1,PASS,35,,n_v;aj,surprise;surprising,FORM;LEMMA,,MASTER,0,0,0,,,,,0,0,0,ESDB_V0_4
4518,4618,targeted,-10.9141,1,PASS,35,,n_v,target,FORM,,MASTER,0,0,0,,,,,0,0,0,ESDB_V0_4
4519,4619,topics,-10.9141,1,PASS,35,,n,topic,FORM,,MASTER,0,1,0,,topic,,,1,0,0,ESDB_V0_4
4520,4620,um,-10.9141,1,PASS,40,,i,um,LEMMA,,MASTER,0,1,1,,,mum;sum;gum;bum;rum;hum;yum,,0,7,0,ESDB_V0_4
4521,4621,usage,-10.9141,1,PASS,35,,n,usage,LEMMA,,MASTER,0,1,0,sage,,,,1,0,0,ESDB_V0_4
4522,4622,waited,-10.9141,1,PASS,35,,n_v,wait,FORM,,MASTER,0,1,1,,,awaited,,0,1,0,ESDB_V0_4
4523,4623,wider,-10.9141,1,PASS,35,,aj_av,wide,FORM,,MASTER,0,1,0,,wide,,,1,0,0,ESDB_V0_4
4524,4626,actively,-10.9363,1,PASS,35,,av,actively,LEMMA,,MASTER,0,0,0,,,,,0,0,0,ESDB_V0_4
4525,4627,adapted,-10.9363,1,PASS,35,,v;aj,adapt;adapted,FORM;LEMMA,,MASTER,0,0,0,,,,,0,0,0,ESDB_V0_4
4526,4628,adequate,-10.9363,1,PASS,35,,aj,adequate,LEMMA,,MASTER,0,0,0,,,,,0,0,0,ESDB_V0_4
4527,4629,apps,-10.9363,0,SPECIAL_ONLY,50,,n,app,FORM,,REJECTED_AUTO,0,0,0,,,,,0,0,0,ESDB_V0_4
4528,4630,arizona,-10.9363,0,NOT_EXACT_EN_US,,,,,,,REJECTED_AUTO,0,0,0,,,,,0,0,0,ESDB_V0_4
4529,4631,bases,-10.9363,1,PASS,35,,n_v;n,base;basis,FORM,,MASTER,0,1,0,,base,,,1,0,0,ESDB_V0_4
4530,4632,beings,-10.9363,1,PASS,35,,n,being,FORM,,MASTER,0,1,0,,being,,,1,0,0,ESDB_V0_4
4531,4633,boundaries,-10.9363,1,PASS,35,,n,boundary,FORM,,MASTER,0,0,0,,,,,0,0,0,ESDB_V0_4
4532,4634,butt,-10.9363,1,PASS,35,,n_v,butt,LEMMA,,MASTER,0,1,1,,but,,butts,1,1,1,ESDB_V0_4
4533,4635,checks,-10.9363,1,PASS,35,,v;n,check,FORM,,MASTER,0,1,0,,check,,,1,0,0,ESDB_V0_4
4534,4636,classified,-10.9363,1,PASS,35,,n;v,classified;classify,LEMMA;FORM,,MASTER,0,0,0,,,,,0,0,0,ESDB_V0_4
4535,4637,colonial,-10.9363,1,PASS,35,,n;aj,colonial,LEMMA,,MASTER,0,0,0,,,,,0,0,0,ESDB_V0_4
4536,4638,commons,-10.9363,1,PASS,35,50,n,common,FORM,,MASTER,0,1,0,,common,,,1,0,0,ESDB_V0_4
4537,4639,concepts,-10.9363,1,PASS,35,,n,concept,FORM,,MASTER,0,1,0,,concept,,,1,0,0,ESDB_V0_4
4538,4640,conversion,-10.9363,1,PASS,35,,n,conversion,LEMMA,,MASTER,0,1,1,,,,conversions,0,1,1,ESDB_V0_4
4539,4641,directions,-10.9363,1,PASS,35,,n,direction,FORM,,MASTER,0,1,0,,direction,,,1,0,0,ESDB_V0_4
4540,4642,edinburgh,-10.9363,0,NOT_EXACT_EN_US,,,,,,,REJECTED_AUTO,0,0,0,,,,,0,0,0,ESDB_V0_4
4541,4643,employers,-10.9363,1,PASS,35,,n,employer,FORM,,MASTER,0,1,0,,employer,,,1,0,0,ESDB_V0_4
4542,4644,equipped,-10.9363,1,PASS,35,,v;aj,equip;equipped,FORM;LEMMA,,MASTER,0,0,0,,,,,0,0,0,ESDB_V0_4
4543,4645,executed,-10.9363,1,PASS,35,,v;aj,execute;executed,FORM;LEMMA,,MASTER,0,1,0,,execute,,,1,0,0,ESDB_V0_4
4544,4646,faculty,-10.9363,1,PASS,35,,n,faculty,LEMMA,,MASTER,0,0,0,,,,,0,0,0,ESDB_V0_4
4545,4647,failing,-10.9363,1,PASS,35,,n_v;n;c,fail;failing,FORM;LEMMA,,MASTER,0,0,0,,,,,0,0,0,ESDB_V0_4
4546,4648,farming,-10.9363,1,PASS,35,,n_v;n,farm;farming,FORM;LEMMA,,MASTER,0,0,0,,,,,0,0,0,ESDB_V0_4
4547,4649,fifa,-10.9363,0,NOT_EXACT_EN_US,,,,,,,REJECTED_AUTO,0,0,0,,,,,0,0,0,ESDB_V0_4
4548,4650,finishing,-10.9363,1,PASS,35,,n_v;n,finish;finishing,FORM;LEMMA,,MASTER,0,0,0,,,,,0,0,0,ESDB_V0_4
4549,4651,firing,-10.9363,1,PASS,35,,n_v;n,fire;firing,FORM;LEMMA,,MASTER,0,0,0,,,,,0,0,0,ESDB_V0_4
4550,4652,gen,-10.9363,1,PASS,50,,n,gen,LEMMA,,MASTER,0,1,1,en,,,gene,1,1,0,ESDB_V0_4
4551,4653,grades,-10.9363,1,PASS,35,,n_v,grade,FORM,,MASTER,0,1,0,,grade,,,1,0,0,ESDB_V0_4
4552,4654,gravity,-10.9363,1,PASS,35,,n,gravity,LEMMA,,MASTER,0,0,0,,,,,0,0,0,ESDB_V0_4
4553,4655,hilarious,-10.9363,1,PASS,35,,aj,hilarious,LEMMA,,MASTER,0,0,0,,,,,0,0,0,ESDB_V0_4
4554,4656,identical,-10.9363,1,PASS,35,,aj,identical,LEMMA,,MASTER,0,0,0,,,,,0,0,0,ESDB_V0_4
4555,4657,imperial,-10.9363,1,PASS,35,,n;aj,imperial,LEMMA,,MASTER,0,0,0,,,,,0,0,0,ESDB_V0_4
4556,4658,indigenous,-10.9363,1,PASS,35,,aj,indigenous,LEMMA,,MASTER,0,0,0,,,,,0,0,0,ESDB_V0_4
4557,4659,integration,-10.9363,1,PASS,35,,n,integration,LEMMA,,MASTER,0,0,0,,,,,0,0,0,ESDB_V0_4
4558,4660,investments,-10.9363,1,PASS,35,,n,investment,FORM,,MASTER,0,1,0,,investment,,,1,0,0,ESDB_V0_4
4559,4662,jurisdiction,-10.9363,1,PASS,35,,n,jurisdiction,LEMMA,,MASTER,0,1,1,,,,jurisdictions,0,1,1,ESDB_V0_4
4560,4663,kennedy,-10.9363,0,NOT_EXACT_EN_US,,,,,,,REJECTED_AUTO,0,0,0,,,,,0,0,0,ESDB_V0_4
4561,4664,lakes,-10.9363,1,PASS,35,,n,lake,FORM,,MASTER,0,1,1,,lake,flakes,,1,1,0,ESDB_V0_4
4562,4665,laughed,-10.9363,1,PASS,35,,n_v,laugh,FORM,,MASTER,0,0,0,,,,,0,0,0,ESDB_V0_4
4563,4666,lifestyle,-10.9363,1,PASS,35,,n,lifestyle,LEMMA,,MASTER,0,1,1,,,,lifestyles,0,1,1,ESDB_V0_4
4564,4667,lighting,-10.9363,1,PASS,35,,n_v;n,light;lighting,FORM;LEMMA,,MASTER,0,0,0,,,,,0,0,0,ESDB_V0_4
4565,4668,lincoln,-10.9363,0,NOT_EXACT_EN_US,,,,,,,REJECTED_AUTO,0,0,0,,,,,0,0,0,ESDB_V0_4
4566,4669,loaded,-10.9363,1,PASS,35,,n_v;aj,load;loaded,FORM;LEMMA,,MASTER,0,0,0,,,,,0,0,0,ESDB_V0_4
4567,4670,lover,-10.9363,1,PASS,35,,n,lover,LEMMA,,MASTER,0,1,1,over,love,clover,lovers,2,2,1,ESDB_V0_4
4568,4671,mask,-10.9363,1,PASS,35,,n_v,mask,LEMMA,,MASTER,0,1,1,ask,mas,,masks,2,1,1,ESDB_V0_4
4569,4672,mines,-10.9363,1,PASS,35,,n_v,mine,FORM,,MASTER,0,1,0,,mine,,,1,0,0,ESDB_V0_4
4570,4673,performances,-10.9363,1,PASS,35,,n,performance,FORM,,MASTER,0,1,0,,performance,,,1,0,0,ESDB_V0_4
4571,4674,pissed,-10.9363,1,PASS,40,,n_v;aj,piss;pissed,FORM;LEMMA,vulgar-3,MASTER,0,0,0,,,,,0,0,0,ESDB_V0_4
4572,4675,pleasant,-10.9363,1,PASS,35,,aj,pleasant,LEMMA,,MASTER,0,0,0,,,,,0,0,0,ESDB_V0_4
4573,4676,prevention,-10.9363,1,PASS,35,,n,prevention,LEMMA,,MASTER,0,0,0,,,,,0,0,0,ESDB_V0_4
4574,4677,promoting,-10.9363,1,PASS,35,,v,promote,FORM,,MASTER,0,0,0,,,,,0,0,0,ESDB_V0_4
4575,4678,ranks,-10.9363,1,PASS,35,,n_v,rank,FORM,,MASTER,0,1,1,,rank,franks,,1,1,0,ESDB_V0_4
4576,4679,reactions,-10.9363,1,PASS,35,,n,reaction,FORM,,MASTER,0,1,0,,reaction,,,1,0,0,ESDB_V0_4
4577,4680,relating,-10.9363,1,PASS,35,,v,relate,FORM,,MASTER,0,0,0,,,,,0,0,0,ESDB_V0_4
4578,4681,requirement,-10.9363,1,PASS,35,,n,requirement,LEMMA,,MASTER,0,1,1,,,,requirements,0,1,1,ESDB_V0_4
4579,4682,separation,-10.9363,1,PASS,35,,n,separation,LEMMA,,MASTER,0,0,0,,,,,0,0,0,ESDB_V0_4
4580,4683,seventh,-10.9363,1,PASS,35,,n,seventh,LEMMA,,MASTER,0,0,0,,,,,0,0,0,ESDB_V0_4
4581,4684,significance,-10.9363,1,PASS,35,,n,significance,LEMMA,,MASTER,0,0,0,,,,,0,0,0,ESDB_V0_4
4582,4685,sized,-10.9363,1,PASS,35,,n_v;aj,size;sized,FORM;LEMMA,,MASTER,0,1,0,,size,,,1,0,0,ESDB_V0_4
4583,4686,skip,-10.9363,1,PASS,35,,n_v,skip,LEMMA,,MASTER,0,1,0,,ski,,,1,0,0,ESDB_V0_4
4584,4687,speakers,-10.9363,1,PASS,35,,n,speaker,FORM,,MASTER,0,1,0,,speaker,,,1,0,0,ESDB_V0_4
4585,4688,specialist,-10.9363,1,PASS,35,,n,specialist,LEMMA,,MASTER,0,1,1,,,,specialists,0,1,1,ESDB_V0_4
4586,4689,stats,-10.9363,1,PASS,40,,n,stat,FORM,,MASTER,0,1,0,,stat,,,1,0,0,ESDB_V0_4
4587,4690,stopping,-10.9363,1,PASS,35,,n_v;n,stop;stopping,FORM;LEMMA,,MASTER,0,1,0,topping,,,,1,0,0,ESDB_V0_4
4588,4691,strict,-10.9363,1,PASS,35,,aj,strict,LEMMA,,MASTER,0,0,0,,,,,0,0,0,ESDB_V0_4
4589,4692,suggesting,-10.9363,1,PASS,35,,v,suggest,FORM,,MASTER,0,0,0,,,,,0,0,0,ESDB_V0_4
4590,4693,thy,-10.9363,1,PASS,50,,pn,thou,FORM,,MASTER,0,0,0,,,,,0,0,0,ESDB_V0_4
4591,4694,translated,-10.9363,1,PASS,35,,v,translate,FORM,,MASTER,0,1,0,,translate,,,1,0,0,ESDB_V0_4
4592,4695,tribute,-10.9363,1,PASS,35,,n,tribute,LEMMA,,MASTER,0,0,0,,,,,0,0,0,ESDB_V0_4
4593,4696,triple,-10.9363,1,PASS,35,,n_v;aj,triple,LEMMA,,MASTER,0,0,0,,,,,0,0,0,ESDB_V0_4
4594,4697,vancouver,-10.9363,0,NOT_EXACT_EN_US,,,,,,,REJECTED_AUTO,0,0,0,,,,,0,0,0,ESDB_V0_4
4595,4698,venture,-10.9363,1,PASS,35,,n_v,venture,LEMMA,,MASTER,0,1,1,,,,ventures,0,1,1,ESDB_V0_4
4596,4699,virtually,-10.9363,1,PASS,35,,av,virtually,LEMMA,,MASTER,0,0,0,,,,,0,0,0,ESDB_V0_4
4597,4700,worthy,-10.9363,1,PASS,35,,n;aj,worthy,LEMMA,,MASTER,0,1,0,,worth,,,1,0,0,ESDB_V0_4
4598,4702,aaron,-10.959,0,NOT_EXACT_EN_US,,,,,,,REJECTED_AUTO,0,0,0,,,,,0,0,0,ESDB_V0_4
4599,4703,airlines,-10.959,1,PASS,35,,n,airline,FORM,,MASTER,0,1,0,,airline,,,1,0,0,ESDB_V0_4
4600,4704,albert,-10.959,0,NOT_EXACT_EN_US,,,,,,,REJECTED_AUTO,0,0,0,,,,,0,0,0,ESDB_V0_4
4601,4705,alice,-10.959,0,NOT_EXACT_EN_US,,,,,,,REJECTED_AUTO,0,0,0,,,,,0,0,0,ESDB_V0_4
4602,4706,applies,-10.959,1,PASS,35,,v,apply,FORM,,MASTER,0,0,0,,,,,0,0,0,ESDB_V0_4
4603,4707,arguing,-10.959,1,PASS,35,,v;n,argue;arguing,FORM;LEMMA,,MASTER,0,0,0,,,,,0,0,0,ESDB_V0_4
4604,4708,au,-10.959,0,NOT_EXACT_EN_US,,,,,,,REJECTED_AUTO,0,0,0,,,,,0,0,0,ESDB_V0_4
4605,4709,barry,-10.959,0,NOT_EXACT_EN_US,,,,,,,REJECTED_AUTO,0,0,0,,,,,0,0,0,ESDB_V0_4
4606,4710,candy,-10.959,1,PASS,35,50,n_v,candy,LEMMA,,MASTER,0,0,0,,,,,0,0,0,ESDB_V0_4
4607,4711,choosing,-10.959,1,PASS,35,,v,choose,FORM,,MASTER,0,0,0,,,,,0,0,0,ESDB_V0_4
4608,4712,coins,-10.959,1,PASS,35,,n_v,coin,FORM,,MASTER,0,1,0,,coin,,,1,0,0,ESDB_V0_4
4609,4713,consciousness,-10.959,1,PASS,35,,n,consciousness,LEMMA,,MASTER,0,0,0,,,,,0,0,0,ESDB_V0_4
4610,4714,consistently,-10.959,1,PASS,35,,av,consistently,LEMMA,,MASTER,0,0,0,,,,,0,0,0,ESDB_V0_4
4611,4715,controversy,-10.959,1,PASS,35,,n,controversy,LEMMA,,MASTER,0,0,0,,,,,0,0,0,ESDB_V0_4
4612,4716,conversations,-10.959,1,PASS,35,,n,conversation,FORM,,MASTER,0,1,0,,conversation,,,1,0,0,ESDB_V0_4
4613,4717,convince,-10.959,1,PASS,35,,v,convince,LEMMA,,MASTER,0,1,1,,,,convinced,0,1,1,ESDB_V0_4
4614,4718,copyright,-10.959,1,PASS,35,,n_v;a,copyright,LEMMA,,MASTER,0,0,0,,,,,0,0,0,ESDB_V0_4
4615,4719,counting,-10.959,1,PASS,35,,n_v;n,count;counting,FORM;LEMMA,,MASTER,0,0,0,,,,,0,0,0,ESDB_V0_4
4616,4720,creatures,-10.959,1,PASS,35,,n,creature,FORM,,MASTER,0,1,0,,creature,,,1,0,0,ESDB_V0_4
4617,4721,decrease,-10.959,1,PASS,35,,n_v,decrease,LEMMA,,MASTER,0,1,1,,,,decreased;decreases,0,2,2,ESDB_V0_4
4618,4722,defending,-10.959,1,PASS,35,,v;aj,defend;defending,FORM;LEMMA,,MASTER,0,0,0,,,,,0,0,0,ESDB_V0_4
4619,4723,depend,-10.959,1,PASS,35,,v,depend,LEMMA,,MASTER,0,1,1,,,,depends,0,1,1,ESDB_V0_4
4620,4724,describing,-10.959,1,PASS,35,,v,describe,FORM,,MASTER,0,0,0,,,,,0,0,0,ESDB_V0_4
4621,4725,destination,-10.959,1,PASS,35,,n,destination,LEMMA,,MASTER,0,1,1,,,,destinations,0,1,1,ESDB_V0_4
4622,4726,diego,-10.959,0,NOT_EXACT_EN_US,,,,,,,REJECTED_AUTO,0,0,0,,,,,0,0,0,ESDB_V0_4
4623,4727,employer,-10.959,1,PASS,35,,n,employer,LEMMA,,MASTER,0,1,1,,,,employers,0,1,1,ESDB_V0_4
4624,4728,excess,-10.959,1,PASS,35,,n;aj,excess,LEMMA,,MASTER,0,0,0,,,,,0,0,0,ESDB_V0_4
4625,4729,exclusively,-10.959,1,PASS,35,,av,exclusively,LEMMA,,MASTER,0,0,0,,,,,0,0,0,ESDB_V0_4
4626,4731,featuring,-10.959,1,PASS,35,,n_v,feature,FORM,,MASTER,0,0,0,,,,,0,0,0,ESDB_V0_4
4627,4732,focusing,-10.959,1,PASS,35,,v;n,focus;focusing,FORM;LEMMA,,MASTER,0,0,0,,,,,0,0,0,ESDB_V0_4
4628,4733,fraud,-10.959,1,PASS,35,,n,fraud,LEMMA,,MASTER,0,0,0,,,,,0,0,0,ESDB_V0_4
4629,4734,generate,-10.959,1,PASS,35,,v,generate,LEMMA,,MASTER,0,1,1,,,,generated;generates,0,2,2,ESDB_V0_4
4630,4735,gospel,-10.959,1,PASS,35,40,n;a,gospel,LEMMA,,MASTER,0,1,1,,,,gospels,0,1,1,ESDB_V0_4
4631,4736,graham,-10.959,0,CASE_FREQ_COLLISION,60,50,a,graham,LEMMA,,REJECTED_AUTO,0,0,0,,,,,0,0,0,ESDB_V0_4
4632,4737,grandfather,-10.959,1,PASS,35,,n_v,grandfather,LEMMA,,MASTER,0,0,0,,,,,0,0,0,ESDB_V0_4
4633,4738,guaranteed,-10.959,1,PASS,35,,n_v,guarantee,FORM,,MASTER,0,1,0,,guarantee,,,1,0,0,ESDB_V0_4
4634,4739,improvements,-10.959,1,PASS,35,,n,improvement,FORM,,MASTER,0,1,0,,improvement,,,1,0,0,ESDB_V0_4
4635,4740,incidents,-10.959,1,PASS,35,,n,incident,FORM,,MASTER,0,1,0,,incident,,,1,0,0,ESDB_V0_4
4636,4741,interaction,-10.959,1,PASS,35,,n,interaction,LEMMA,,MASTER,0,1,1,,,,interactions,0,1,1,ESDB_V0_4
4637,4742,investigations,-10.959,1,PASS,35,,n,investigation,FORM,,MASTER,0,1,0,,investigation,,,1,0,0,ESDB_V0_4
4638,4743,jazz,-10.959,1,PASS,35,,n;v,jazz,LEMMA,,MASTER,0,0,0,,,,,0,0,0,ESDB_V0_4
4639,4744,jon,-10.959,0,NOT_EXACT_EN_US,,,,,,,REJECTED_AUTO,0,0,0,,,,,0,0,0,ESDB_V0_4
4640,4745,judicial,-10.959,1,PASS,35,,aj,judicial,LEMMA,,MASTER,0,0,0,,,,,0,0,0,ESDB_V0_4
4641,4746,knocked,-10.959,1,PASS,35,,n_v,knock,FORM,,MASTER,0,0,0,,,,,0,0,0,ESDB_V0_4
4642,4747,maintaining,-10.959,1,PASS,35,,v,maintain,FORM,,MASTER,0,0,0,,,,,0,0,0,ESDB_V0_4
4643,4748,males,-10.959,1,PASS,35,,n,male,FORM,,MASTER,0,1,0,,male,,,1,0,0,ESDB_V0_4
4644,4749,mall,-10.959,1,PASS,35,,n,mall,LEMMA,,MASTER,0,1,1,all,,small,malls,1,2,1,ESDB_V0_4
4645,4750,margin,-10.959,1,PASS,35,,n,margin,LEMMA,,MASTER,0,1,1,,,,margins,0,1,1,ESDB_V0_4
4646,4751,mature,-10.959,1,PASS,35,,v;aj,mature,LEMMA,,MASTER,0,1,1,,,,matured,0,1,1,ESDB_V0_4
4647,4752,murray,-10.959,0,NOT_EXACT_EN_US,,,,,,,REJECTED_AUTO,0,0,0,,,,,0,0,0,ESDB_V0_4
4648,4753,neutral,-10.959,1,PASS,35,,n;aj,neutral,LEMMA,,MASTER,0,0,0,,,,,0,0,0,ESDB_V0_4
4649,4754,oldest,-10.959,1,PASS,35,,aj,old,FORM,,MASTER,0,0,0,,,,,0,0,0,ESDB_V0_4
4650,4755,overseas,-10.959,1,PASS,35,,aj_av,overseas,LEMMA,,MASTER,0,0,0,,,,,0,0,0,ESDB_V0_4
4651,4756,perry,-10.959,0,NOT_EXACT_EN_US,,,,,,,REJECTED_AUTO,0,0,0,,,,,0,0,0,ESDB_V0_4
4652,4757,philippines,-10.959,0,NOT_EXACT_EN_US,,,,,,,REJECTED_AUTO,0,0,0,,,,,0,0,0,ESDB_V0_4
4653,4758,populations,-10.959,1,PASS,35,,n,population,FORM,,MASTER,0,1,0,,population,,,1,0,0,ESDB_V0_4
4654,4759,professionals,-10.959,1,PASS,35,,n,professional,FORM,,MASTER,0,1,0,,professional,,,1,0,0,ESDB_V0_4
4655,4760,promises,-10.959,1,PASS,35,,n_v,promise,FORM,,MASTER,0,1,0,,promise,,,1,0,0,ESDB_V0_4
4656,4761,realise,-10.959,0,NOT_EXACT_EN_US,,,,,,,REJECTED_AUTO,0,0,0,,,,,0,0,0,ESDB_V0_4
4657,4762,reminds,-10.959,1,PASS,35,,v,remind,FORM,,MASTER,0,1,0,,remind,,,1,0,0,ESDB_V0_4
4658,4763,republicans,-10.959,1,PASS,35,,n,republican,FORM,,MASTER,0,1,0,,republican,,,1,0,0,ESDB_V0_4
4659,4764,requests,-10.959,1,PASS,35,,n_v,request,FORM,,MASTER,0,1,0,,request,,,1,0,0,ESDB_V0_4
4660,4765,safely,-10.959,1,PASS,35,,av,safely,LEMMA,,MASTER,0,0,0,,,,,0,0,0,ESDB_V0_4
4661,4766,screw,-10.959,1,PASS,35,,n_v,screw,LEMMA,,MASTER,0,1,1,crew,,,screws,1,1,1,ESDB_V0_4
4662,4767,sept,-10.959,0,NOT_EXACT_EN_US,,,,,,,REJECTED_AUTO,0,0,0,,,,,0,0,0,ESDB_V0_4
4663,4768,signature,-10.959,1,PASS,35,,n;a,signature,LEMMA,,MASTER,0,1,1,,,,signatures,0,1,1,ESDB_V0_4
4664,4769,sooner,-10.959,1,PASS,35,,av,soon,FORM,,MASTER,0,0,0,,,,,0,0,0,ESDB_V0_4
4665,4770,stem,-10.959,1,PASS,35,,n_v,stem,LEMMA,,MASTER,0,1,1,,,,stems,0,1,1,ESDB_V0_4
4666,4771,stranger,-10.959,1,PASS,35,,aj;n,strange;stranger,FORM;LEMMA,,MASTER,0,1,1,,strange,,strangers,1,1,1,ESDB_V0_4
4667,4772,strikes,-10.959,1,PASS,35,,n_v,strike,FORM,,MASTER,0,1,0,,strike,,,1,0,0,ESDB_V0_4
4668,4773,stroke,-10.959,1,PASS,35,,n_v,stroke,LEMMA,,MASTER,0,1,1,,,,strokes,0,1,1,ESDB_V0_4
4669,4774,tale,-10.959,1,PASS,35,,n,tale,LEMMA,,MASTER,0,1,1,ale,,stale,tales,1,2,1,ESDB_V0_4
4670,4775,tissue,-10.959,1,PASS,35,,n,tissue,LEMMA,,MASTER,0,1,1,issue,,,tissues,1,1,1,ESDB_V0_4
4671,4776,tokyo,-10.959,0,NOT_EXACT_EN_US,,,,,,,REJECTED_AUTO,0,0,0,,,,,0,0,0,ESDB_V0_4
4672,4777,transformation,-10.959,1,PASS,35,,n,transformation,LEMMA,,MASTER,0,1,1,,,,transformations,0,1,1,ESDB_V0_4
4673,4778,traveling,-10.959,1,PASS,35,,v;n,travel;traveling,FORM;LEMMA,,MASTER,0,0,0,,,,,0,0,0,ESDB_V0_4
4674,4779,underlying,-10.959,1,PASS,35,,v;aj,underlie;underlying,FORM;LEMMA,,MASTER,0,0,0,,,,,0,0,0,ESDB_V0_4
4675,4780,unemployment,-10.959,1,PASS,35,,n,unemployment,LEMMA,,MASTER,0,0,0,,,,,0,0,0,ESDB_V0_4
4676,4781,upcoming,-10.959,1,PASS,40,,aj,upcoming,LEMMA,,MASTER,0,0,0,,,,,0,0,0,ESDB_V0_4
4677,4782,veterans,-10.959,1,PASS,35,,n,veteran,FORM,,MASTER,0,1,0,,veteran,,,1,0,0,ESDB_V0_4
4678,4783,volumes,-10.959,1,PASS,35,,n,volume,FORM,,MASTER,0,1,0,,volume,,,1,0,0,ESDB_V0_4
4679,4784,wheels,-10.959,1,PASS,35,,n_v,wheel,FORM,,MASTER,0,1,0,heels,wheel,,,2,0,0,ESDB_V0_4
4680,4785,worlds,-10.959,1,PASS,35,,n,world,FORM,,MASTER,0,1,0,,world,,,1,0,0,ESDB_V0_4
4681,4786,worn,-10.959,1,PASS,35,,v;aj,wear;worn,FORM;LEMMA,,MASTER,0,1,1,,,sworn,,0,1,0,ESDB_V0_4
4682,4787,accuracy,-10.9823,1,PASS,35,,n,accuracy,LEMMA,,MASTER,0,0,0,,,,,0,0,0,ESDB_V0_4
4683,4788,ai,-10.9823,0,NOT_EXACT_EN_US,,,,,,,REJECTED_AUTO,0,0,0,,,,,0,0,0,ESDB_V0_4
4684,4789,aims,-10.9823,1,PASS,35,,n_v,aim,FORM,,MASTER,0,1,0,,aim,,,1,0,0,ESDB_V0_4
4685,4790,announce,-10.9823,1,PASS,35,,v,announce,LEMMA,,MASTER,0,1,1,,,,announced;announces;announcer,0,3,2,ESDB_V0_4
4686,4791,asset,-10.9823,1,PASS,35,,n,asset,LEMMA,,MASTER,0,1,1,,,,assets,0,1,1,ESDB_V0_4
4687,4792,bacon,-10.9823,1,PASS,35,50,n,bacon,LEMMA,,MASTER,0,0,0,,,,,0,0,0,ESDB_V0_4
4688,4793,bass,-10.9823,1,PASS,35,50,aj;n,bass,LEMMA;FORM,,MASTER,0,1,0,ass,,,,1,0,0,ESDB_V0_4
4689,4794,beef,-10.9823,1,PASS,35,,v;n,beef,LEMMA,,MASTER,0,1,0,,bee,,,1,0,0,ESDB_V0_4
4690,4795,briefly,-10.9823,1,PASS,35,,av,briefly,LEMMA,,MASTER,0,0,0,,,,,0,0,0,ESDB_V0_4
4691,4796,burns,-10.9823,1,PASS,35,50,n_v,burn,FORM,,MASTER,0,1,0,,burn,,,1,0,0,ESDB_V0_4
4692,4797,calculated,-10.9823,1,PASS,35,,v;aj,calculate;calculated,FORM;LEMMA,,MASTER,0,1,0,,calculate,,,1,0,0,ESDB_V0_4
4693,4798,celebrity,-10.9823,1,PASS,35,,n,celebrity,LEMMA,,MASTER,0,0,0,,,,,0,0,0,ESDB_V0_4
4694,4799,chronic,-10.9823,1,PASS,35,,aj,chronic,LEMMA,,MASTER,0,0,0,,,,,0,0,0,ESDB_V0_4
4695,4800,confusion,-10.9823,1,PASS,35,,n,confusion,LEMMA,,MASTER,0,0,0,,,,,0,0,0,ESDB_V0_4
4696,4801,converted,-10.9823,1,PASS,35,,n_v,convert,FORM,,MASTER,0,0,0,,,,,0,0,0,ESDB_V0_4
4697,4802,corporations,-10.9823,1,PASS,35,,n,corporation,FORM,,MASTER,0,1,0,,corporation,,,1,0,0,ESDB_V0_4
4698,4803,corresponding,-10.9823,1,PASS,35,,v;aj,correspond;corresponding,FORM;LEMMA,,MASTER,0,0,0,,,,,0,0,0,ESDB_V0_4
4699,4804,creator,-10.9823,1,PASS,35,60,n,creator,LEMMA,,MASTER,0,1,1,,,,creators,0,1,1,ESDB_V0_4
4700,4805,credits,-10.9823,1,PASS,35,,n_v,credit,FORM,,MASTER,0,1,0,,credit,,,1,0,0,ESDB_V0_4
4701,4806,cried,-10.9823,1,PASS,35,,n_v,cry,FORM,,MASTER,0,0,0,,,,,0,0,0,ESDB_V0_4
4702,4807,crop,-10.9823,1,PASS,35,,n_v,crop,LEMMA,,MASTER,0,1,1,,,,crops,0,1,1,ESDB_V0_4
4703,4808,cultures,-10.9823,1,PASS,35,,n_v,culture,FORM,,MASTER,0,1,0,,culture,,,1,0,0,ESDB_V0_4
4704,4809,declaration,-10.9823,1,PASS,35,,n,declaration,LEMMA,,MASTER,0,1,1,,,,declarations,0,1,1,ESDB_V0_4
4705,4810,disabled,-10.9823,1,PASS,35,,v;n;aj,disable;disabled,FORM;LEMMA,,MASTER,0,1,0,,disable,,,1,0,0,ESDB_V0_4
4706,4811,diverse,-10.9823,1,PASS,35,,aj,diverse,LEMMA,,MASTER,0,1,0,,divers,,,1,0,0,ESDB_V0_4
4707,4812,drives,-10.9823,1,PASS,35,,n_v,drive,FORM,,MASTER,0,1,0,,drive,,,1,0,0,ESDB_V0_4
4708,4813,duck,-10.9823,1,PASS,35,,n;v,duck,LEMMA;FORM,,MASTER,0,1,1,,,,ducks,0,1,1,ESDB_V0_4
4709,4814,elementary,-10.9823,1,PASS,35,,aj,elementary,LEMMA,,MASTER,0,0,0,,,,,0,0,0,ESDB_V0_4
4710,4815,er,-10.9823,0,NO_ESDB_GENERAL_EVIDENCE,,,,,,,REJECTED_AUTO,0,0,0,,,,,0,0,0,ESDB_V0_4
4711,4817,guardian,-10.9823,1,PASS,35,,n;a,guardian,LEMMA,,MASTER,0,1,1,,,,guardians,0,1,1,ESDB_V0_4
4712,4818,hmm,-10.9823,1,PASS,60,,n;i,hmm,LEMMA,,MASTER,0,0,0,,,,,0,0,0,ESDB_V0_4
4713,4819,ho,-10.9823,1,PASS,35,60,n;i,ho,LEMMA,,MASTER,0,1,1,,,who;tho,how;hot;hop;hon;hog,0,7,0,ESDB_V0_4
4714,4820,holidays,-10.9823,1,PASS,35,,n_v,holiday,FORM,,MASTER,0,1,0,,holiday,,,1,0,0,ESDB_V0_4
4715,4821,hung,-10.9823,1,PASS,35,50,v,hang,FORM,,MASTER,0,0,0,,,,,0,0,0,ESDB_V0_4
4716,4822,icon,-10.9823,1,PASS,35,,n,icon,LEMMA,,MASTER,0,1,1,con,,,icons,1,1,1,ESDB_V0_4
4717,4823,incredibly,-10.9823,1,PASS,35,,av,incredibly,LEMMA,,MASTER,0,0,0,,,,,0,0,0,ESDB_V0_4
4718,4824,investigate,-10.9823,1,PASS,35,,v,investigate,LEMMA,,MASTER,0,1,1,,,,investigated;investigates,0,2,2,ESDB_V0_4
4719,4825,investors,-10.9823,1,PASS,35,,n,investor,FORM,,MASTER,0,1,0,,investor,,,1,0,0,ESDB_V0_4
4720,4826,jerry,-10.9823,0,NOT_EXACT_EN_US,,,,,,,REJECTED_AUTO,0,0,0,,,,,0,0,0,ESDB_V0_4
4721,4827,listing,-10.9823,1,PASS,35,,n_v;n,list;listing,FORM;LEMMA,,MASTER,0,1,1,,,,listings,0,1,1,ESDB_V0_4
4722,4828,loop,-10.9823,1,PASS,35,,n_v,loop,LEMMA,,MASTER,0,1,1,,,,loops,0,1,1,ESDB_V0_4
4723,4829,malaysia,-10.9823,0,NOT_EXACT_EN_US,,,,,,,REJECTED_AUTO,0,0,0,,,,,0,0,0,ESDB_V0_4
4724,4830,missions,-10.9823,1,PASS,35,,n,mission,FORM,,MASTER,0,1,1,,mission,emissions,,1,1,0,ESDB_V0_4
4725,4831,motivation,-10.9823,1,PASS,35,,n,motivation,LEMMA,,MASTER,0,1,1,,,,motivations,0,1,1,ESDB_V0_4
4726,4832,noble,-10.9823,1,PASS,35,50,n;aj,noble,LEMMA,,MASTER,0,1,1,,,,nobles,0,1,1,ESDB_V0_4
4727,4833,nursing,-10.9823,1,PASS,35,,n_v;n,nurse;nursing,FORM;LEMMA,,MASTER,0,0,0,,,,,0,0,0,ESDB_V0_4
4728,4834,operational,-10.9823,1,PASS,35,,aj,operational,LEMMA,,MASTER,0,0,0,,,,,0,0,0,ESDB_V0_4
4729,4835,opponent,-10.9823,1,PASS,35,,n,opponent,LEMMA,,MASTER,0,1,1,,,,opponents,0,1,1,ESDB_V0_4
4730,4836,outer,-10.9823,1,PASS,35,,aj,outer,LEMMA,,MASTER,0,1,1,,,router,,0,1,0,ESDB_V0_4
4731,4837,panic,-10.9823,1,PASS,35,,n_v;a,panic,LEMMA,,MASTER,0,0,0,,,,,0,0,0,ESDB_V0_4
4732,4838,patent,-10.9823,1,PASS,35,,n_v;aj,patent,LEMMA,,MASTER,0,1,1,,,,patents,0,1,1,ESDB_V0_4
4733,4839,pic,-10.9823,1,PASS,60,,n,pic,LEMMA,,MASTER,0,1,1,,pi,epic,pick;pics,1,3,1,ESDB_V0_4
4734,4840,preliminary,-10.9823,1,PASS,35,,n;aj,preliminary,LEMMA,,MASTER,0,0,0,,,,,0,0,0,ESDB_V0_4
4735,4841,produces,-10.9823,1,PASS,35,,v,produce,FORM,,MASTER,0,1,0,,produce,,,1,0,0,ESDB_V0_4
4736,4842,proposals,-10.9823,1,PASS,35,,n,proposal,FORM,,MASTER,0,1,0,,proposal,,,1,0,0,ESDB_V0_4
4737,4843,provinces,-10.9823,1,PASS,35,,n,province,FORM,,MASTER,0,1,0,,province,,,1,0,0,ESDB_V0_4
4738,4844,pump,-10.9823,1,PASS,35,,n_v,pump,LEMMA,,MASTER,0,1,1,,,,pumps,0,1,1,ESDB_V0_4
4739,4845,recommendations,-10.9823,1,PASS,35,,n,recommendation,FORM,,MASTER,0,1,0,,recommendation,,,1,0,0,ESDB_V0_4
4740,4846,relate,-10.9823,1,PASS,35,,v,relate,LEMMA,,MASTER,0,1,1,,,,related;relates,0,2,2,ESDB_V0_4
4741,4847,romance,-10.9823,1,PASS,35,,n_v,romance,LEMMA,,MASTER,0,0,0,,,,,0,0,0,ESDB_V0_4
4742,4848,routes,-10.9823,1,PASS,35,,n;v,route,FORM,,MASTER,0,1,0,,route,,,1,0,0,ESDB_V0_4
4743,4849,roy,-10.9823,0,NOT_EXACT_EN_US,,,,,,,REJECTED_AUTO,0,0,0,,,,,0,0,0,ESDB_V0_4
4744,4850,saudi,-10.9823,0,NOT_EXACT_EN_US,,,,,,,REJECTED_AUTO,0,0,0,,,,,0,0,0,ESDB_V0_4
4745,4851,secured,-10.9823,1,PASS,35,,v,secure,FORM,,MASTER,0,1,0,,secure,,,1,0,0,ESDB_V0_4
4746,4852,segment,-10.9823,1,PASS,35,,n_v,segment,LEMMA,,MASTER,0,1,1,,,,segments,0,1,1,ESDB_V0_4
4747,4853,si,-10.9823,0,NOT_EXACT_EN_US,,,,,,,REJECTED_AUTO,0,0,0,,,,,0,0,0,ESDB_V0_4
4748,4854,slip,-10.9823,1,PASS,35,,n_v,slip,LEMMA,,MASTER,0,1,1,lip,,,slips,1,1,1,ESDB_V0_4
4749,4855,stressed,-10.9823,1,PASS,35,,n_v;aj,stress;stressed,FORM;LEMMA,,MASTER,0,0,0,,,,,0,0,0,ESDB_V0_4
4750,4856,structural,-10.9823,1,PASS,35,,aj,structural,LEMMA,,MASTER,0,0,0,,,,,0,0,0,ESDB_V0_4
4751,4857,suggestion,-10.9823,1,PASS,35,,n,suggestion,LEMMA,,MASTER,0,1,1,,,,suggestions,0,1,1,ESDB_V0_4
4752,4858,sustained,-10.9823,1,PASS,35,,v;aj,sustain;sustained,FORM;LEMMA,,MASTER,0,0,0,,,,,0,0,0,ESDB_V0_4
4753,4859,terror,-10.9823,1,PASS,35,,n,terror,LEMMA,,MASTER,0,1,0,error,,,,1,0,0,ESDB_V0_4
4754,4860,testimony,-10.9823,1,PASS,35,,n,testimony,LEMMA,,MASTER,0,0,0,,,,,0,0,0,ESDB_V0_4
4755,4861,thee,-10.9823,1,PASS,50,,pn,thou,FORM,,MASTER,0,1,0,,the,,,1,0,0,ESDB_V0_4
4756,4862,tracking,-10.9823,1,PASS,35,,n_v;n,track;tracking,FORM;LEMMA,,MASTER,0,0,0,,,,,0,0,0,ESDB_V0_4
4757,4863,tune,-10.9823,1,PASS,35,,n_v,tune,LEMMA,,MASTER,0,1,1,,,,tuned;tunes,0,2,2,ESDB_V0_4
4758,4864,unnecessary,-10.9823,1,PASS,35,,aj,unnecessary,LEMMA,,MASTER,0,0,0,,,,,0,0,0,ESDB_V0_4
4759,4865,utility,-10.9823,1,PASS,35,,n,utility,LEMMA,,MASTER,0,0,0,,,,,0,0,0,ESDB_V0_4
4760,4866,websites,-10.9823,1,PASS,40,,n,website,FORM,,MASTER,0,1,0,,website,,,1,0,0,ESDB_V0_4
4761,4867,wireless,-10.9823,1,PASS,50,,n;aj,wireless,LEMMA,,MASTER,0,0,0,,,,,0,0,0,ESDB_V0_4
4762,4868,wound,-10.9823,1,PASS,35,,v;n_v,wind;wound,FORM;LEMMA,,MASTER,0,1,1,,,,wounds,0,1,1,ESDB_V0_4
4763,4870,abc,-11.0061,0,NOT_EXACT_EN_US,,,,,,,REJECTED_AUTO,0,0,0,,,,,0,0,0,ESDB_V0_4
4764,4871,allah,-11.0061,0,NOT_EXACT_EN_US,,,,,,,REJECTED_AUTO,0,0,0,,,,,0,0,0,ESDB_V0_4
4765,4872,batman,-11.0061,0,CASE_FREQ_COLLISION,60,50,n,batman,LEMMA,,REJECTED_AUTO,0,0,0,,,,,0,0,0,ESDB_V0_4
4766,4873,bitter,-11.0061,1,PASS,35,,n;aj_av,bitter,LEMMA,,MASTER,0,0,0,,,,,0,0,0,ESDB_V0_4
4767,4874,calendar,-11.0061,1,PASS,35,,n_v;a,calendar,LEMMA,,MASTER,0,0,0,,,,,0,0,0,ESDB_V0_4
4768,4875,camps,-11.0061,1,PASS,35,,n_v,camp,FORM,,MASTER,0,1,0,,camp,,,1,0,0,ESDB_V0_4
4769,4876,canal,-11.0061,1,PASS,35,,n,canal,LEMMA,,MASTER,0,1,1,anal,,,canals,1,1,1,ESDB_V0_4
4770,4877,cargo,-11.0061,1,PASS,35,,n,cargo,LEMMA,,MASTER,0,0,0,,,,,0,0,0,ESDB_V0_4
4771,4878,carl,-11.0061,0,NOT_EXACT_EN_US,,,,,,,REJECTED_AUTO,0,0,0,,,,,0,0,0,ESDB_V0_4
4772,4879,coastal,-11.0061,1,PASS,35,,aj,coastal,LEMMA,,MASTER,0,0,0,,,,,0,0,0,ESDB_V0_4
4773,4880,communicate,-11.0061,1,PASS,35,,v,communicate,LEMMA,,MASTER,0,1,1,,,,communicated,0,1,1,ESDB_V0_4
4774,4881,complain,-11.0061,1,PASS,35,,v,complain,LEMMA,,MASTER,0,1,1,,,,complaint;complains,0,2,1,ESDB_V0_4
4775,4882,cooper,-11.0061,1,PASS,35,50,n_v,cooper,LEMMA,,MASTER,0,0,0,,,,,0,0,0,ESDB_V0_4
4776,4884,danny,-11.0061,0,NOT_EXACT_EN_US,,,,,,,REJECTED_AUTO,0,0,0,,,,,0,0,0,ESDB_V0_4
4777,4885,declined,-11.0061,1,PASS,35,,n_v,decline,FORM,,MASTER,0,1,0,,decline,,,1,0,0,ESDB_V0_4
4778,4886,demonstrate,-11.0061,1,PASS,35,,v,demonstrate,LEMMA,,MASTER,0,1,1,,,,demonstrated;demonstrates,0,2,2,ESDB_V0_4
4779,4887,displayed,-11.0061,1,PASS,35,,n_v,display,FORM,,MASTER,0,0,0,,,,,0,0,0,ESDB_V0_4
4780,4888,districts,-11.0061,1,PASS,35,,n,district,FORM,,MASTER,0,1,0,,district,,,1,0,0,ESDB_V0_4
4781,4889,dominant,-11.0061,1,PASS,35,,n;aj,dominant,LEMMA,,MASTER,0,0,0,,,,,0,0,0,ESDB_V0_4
4782,4890,escaped,-11.0061,1,PASS,35,,n_v;aj,escape;escaped,FORM;LEMMA,,MASTER,0,1,0,,escape,,,1,0,0,ESDB_V0_4
4783,4892,explosion,-11.0061,1,PASS,35,,n,explosion,LEMMA,,MASTER,0,1,1,,,,explosions,0,1,1,ESDB_V0_4
4784,4893,fa,-11.0061,1,PASS,50,,n,fa,LEMMA,,MASTER,0,1,1,a,,,far;fan;fat;fax;fag,1,5,0,ESDB_V0_4
4785,4894,fever,-11.0061,1,PASS,35,,n,fever,LEMMA,,MASTER,0,1,0,ever,,,,1,0,0,ESDB_V0_4
4786,4895,fi,-11.0061,0,NOT_EXACT_EN_US,,,,,,,REJECTED_AUTO,0,0,0,,,,,0,0,0,ESDB_V0_4
4787,4896,galaxy,-11.0061,1,PASS,35,60,n,galaxy,LEMMA,,MASTER,0,0,0,,,,,0,0,0,ESDB_V0_4
4788,4897,giants,-11.0061,1,PASS,35,,n,giant,FORM,,MASTER,0,1,0,,giant,,,1,0,0,ESDB_V0_4
4789,4898,handled,-11.0061,1,PASS,35,,n_v;aj,handle;handled,FORM;LEMMA,,MASTER,0,1,0,,handle,,,1,0,0,ESDB_V0_4
4790,4899,harmony,-11.0061,1,PASS,35,,n,harmony,LEMMA,,MASTER,0,0,0,,,,,0,0,0,ESDB_V0_4
4791,4900,highlights,-11.0061,1,PASS,35,,n_v,highlight,FORM,,MASTER,0,1,0,,highlight,,,1,0,0,ESDB_V0_4
4792,4901,hosts,-11.0061,1,PASS,35,,n_v,host,FORM,,MASTER,0,1,1,,host,ghosts,,1,1,0,ESDB_V0_4
4793,4902,hurry,-11.0061,1,PASS,35,,n;v,hurry,LEMMA,,MASTER,0,0,0,,,,,0,0,0,ESDB_V0_4
4794,4903,insight,-11.0061,1,PASS,35,,n,insight,LEMMA,,MASTER,0,1,1,,,,insights,0,1,1,ESDB_V0_4
4795,4904,leo,-11.0061,0,NOT_EXACT_EN_US,,,,,,,REJECTED_AUTO,0,0,0,,,,,0,0,0,ESDB_V0_4
4796,4905,logical,-11.0061,1,PASS,35,,aj,logical,LEMMA,,MASTER,0,0,0,,,,,0,0,0,ESDB_V0_4
4797,4906,monetary,-11.0061,1,PASS,35,,aj,monetary,LEMMA,,MASTER,0,0,0,,,,,0,0,0,ESDB_V0_4
4798,4907,moore,-11.0061,0,NOT_EXACT_EN_US,,,,,,,REJECTED_AUTO,0,0,0,,,,,0,0,0,ESDB_V0_4
4799,4908,oct,-11.0061,0,NOT_EXACT_EN_US,,,,,,,REJECTED_AUTO,0,0,0,,,,,0,0,0,ESDB_V0_4
4800,4909,opponents,-11.0061,1,PASS,35,,n,opponent,FORM,,MASTER,0,1,0,,opponent,,,1,0,0,ESDB_V0_4
4801,4910,partial,-11.0061,1,PASS,35,,n;aj,partial,LEMMA,,MASTER,0,0,0,,,,,0,0,0,ESDB_V0_4
4802,4911,partially,-11.0061,1,PASS,35,,av,partially,LEMMA,,MASTER,0,0,0,,,,,0,0,0,ESDB_V0_4
4803,4912,photograph,-11.0061,1,PASS,35,,n_v,photograph,LEMMA,,MASTER,0,1,1,,,,photography;photographs,0,2,1,ESDB_V0_4
4804,4913,poem,-11.0061,1,PASS,35,,n,poem,LEMMA,,MASTER,0,1,1,,,,poems,0,1,1,ESDB_V0_4
4805,4914,pour,-11.0061,1,PASS,35,,v,pour,LEMMA,,MASTER,0,1,0,our,,,,1,0,0,ESDB_V0_4
4806,4915,preserve,-11.0061,1,PASS,35,,n_v,preserve,LEMMA,,MASTER,0,1,1,reserve,,,preserved;preserves,1,2,2,ESDB_V0_4
4807,4916,punk,-11.0061,1,PASS,35,,n;aj,punk,LEMMA,,MASTER,0,1,0,,pun,,,1,0,0,ESDB_V0_4
4808,4917,quoted,-11.0061,1,PASS,35,,n_v,quote,FORM,,MASTER,0,1,0,,quote,,,1,0,0,ESDB_V0_4
4809,4918,refugees,-11.0061,1,PASS,35,,n,refugee,FORM,,MASTER,0,1,0,,refugee,,,1,0,0,ESDB_V0_4
4810,4919,reserves,-11.0061,1,PASS,35,,n_v,reserve,FORM,,MASTER,0,1,1,,reserve,preserves,,1,1,0,ESDB_V0_4
4811,4920,restore,-11.0061,1,PASS,35,,v,restore,LEMMA,,MASTER,0,1,1,,,,restored,0,1,1,ESDB_V0_4
4812,4921,ron,-11.0061,0,NOT_EXACT_EN_US,,,,,,,REJECTED_AUTO,0,0,0,,,,,0,0,0,ESDB_V0_4
4813,4922,rude,-11.0061,1,PASS,35,,aj,rude,LEMMA,,MASTER,0,1,1,,,crude,,0,1,0,ESDB_V0_4
4814,4923,sheep,-11.0061,1,PASS,35,,n,sheep,LEMMA;FORM,,MASTER,0,0,0,,,,,0,0,0,ESDB_V0_4
4815,4924,spectrum,-11.0061,1,PASS,35,,n,spectrum,LEMMA,,MASTER,0,0,0,,,,,0,0,0,ESDB_V0_4
4816,4925,stays,-11.0061,1,PASS,35,,n_v,stay,FORM,,MASTER,0,1,0,,stay,,,1,0,0,ESDB_V0_4
4817,4926,stewart,-11.0061,0,NOT_EXACT_EN_US,,,,,,,REJECTED_AUTO,0,0,0,,,,,0,0,0,ESDB_V0_4
4818,4927,suspected,-11.0061,1,PASS,35,,n_v;aj,suspect;suspected,FORM;LEMMA,,MASTER,0,0,0,,,,,0,0,0,ESDB_V0_4
4819,4928,ted,-11.0061,0,CASE_FREQ_COLLISION,60,50,n,ted,LEMMA,,REJECTED_AUTO,0,0,0,,,,,0,0,0,ESDB_V0_4
4820,4929,terry,-11.0061,0,CASE_FREQ_COLLISION,50,50,n;a,terry,LEMMA,,REJECTED_AUTO,0,0,0,,,,,0,0,0,ESDB_V0_4
4821,4930,thompson,-11.0061,0,NOT_EXACT_EN_US,,,,,,,REJECTED_AUTO,0,0,0,,,,,0,0,0,ESDB_V0_4
4822,4931,torture,-11.0061,1,PASS,35,,n_v,torture,LEMMA,,MASTER,0,1,1,,,,tortured,0,1,1,ESDB_V0_4
4823,4932,toy,-11.0061,1,PASS,35,,n_v;a,toy,LEMMA,,MASTER,0,1,1,,to,,toys,1,1,1,ESDB_V0_4
4824,4933,trace,-11.0061,1,PASS,35,,n_v,trace,LEMMA,,MASTER,0,1,1,race,,,traces;traced,1,2,2,ESDB_V0_4
4825,4934,trailer,-11.0061,1,PASS,35,,n,trailer,LEMMA,,MASTER,0,1,1,,,,trailers,0,1,1,ESDB_V0_4
4826,4935,travelling,-11.0061,0,NOT_EXACT_EN_US,,,,,,,REJECTED_AUTO,0,0,0,,,,,0,0,0,ESDB_V0_4
4827,4936,tunnel,-11.0061,1,PASS,35,,n_v,tunnel,LEMMA,,MASTER,0,1,1,,,,tunnels,0,1,1,ESDB_V0_4
4828,4937,useless,-11.0061,1,PASS,35,,aj,useless,LEMMA,,MASTER,0,0,0,,,,,0,0,0,ESDB_V0_4
4829,4938,warrant,-11.0061,1,PASS,35,,n_v,warrant,LEMMA,,MASTER,0,1,1,,,,warranty;warrants,0,2,1,ESDB_V0_4
4830,4939,warriors,-11.0061,1,PASS,35,,n,warrior,FORM,,MASTER,0,1,0,,warrior,,,1,0,0,ESDB_V0_4
4831,4940,xbox,-11.0061,0,NOT_EXACT_EN_US,,,,,,,REJECTED_AUTO,0,0,0,,,,,0,0,0,ESDB_V0_4
4832,4941,acceptance,-11.0305,1,PASS,35,,n,acceptance,LEMMA,,MASTER,0,0,0,,,,,0,0,0,ESDB_V0_4
4833,4942,adams,-11.0305,0,NOT_EXACT_EN_US,,,,,,,REJECTED_AUTO,0,0,0,,,,,0,0,0,ESDB_V0_4
4834,4943,adopt,-11.0305,1,PASS,35,,v,adopt,LEMMA,,MASTER,0,1,1,,,,adopts,0,1,1,ESDB_V0_4
4835,4944,alpha,-11.0305,1,PASS,35,,n,alpha,LEMMA,,MASTER,0,0,0,,,,,0,0,0,ESDB_V0_4
4836,4945,applying,-11.0305,1,PASS,35,,v,apply,FORM,,MASTER,0,0,0,,,,,0,0,0,ESDB_V0_4
4837,4946,assuming,-11.0305,1,PASS,35,,v;aj,assume;assuming,FORM;LEMMA,,MASTER,0,0,0,,,,,0,0,0,ESDB_V0_4
4838,4947,attacking,-11.0305,1,PASS,35,,n_v;aj,attack;attacking,FORM;LEMMA,,MASTER,0,0,0,,,,,0,0,0,ESDB_V0_4
4839,4948,beaten,-11.0305,1,PASS,35,,n_v;aj,beat;beaten,FORM;LEMMA,,MASTER,0,1,0,eaten,,,,1,0,0,ESDB_V0_4
4840,4949,bulk,-11.0305,1,PASS,35,,n_v;a,bulk,LEMMA,,MASTER,0,0,0,,,,,0,0,0,ESDB_V0_4
4841,4950,bullet,-11.0305,1,PASS,35,,n,bullet,LEMMA,,MASTER,0,1,1,,,,bullets,0,1,1,ESDB_V0_4
4842,4951,cave,-11.0305,1,PASS,35,,n_v,cave,LEMMA,,MASTER,0,1,1,,,,caves,0,1,1,ESDB_V0_4
4843,4952,collapse,-11.0305,1,PASS,35,,n_v,collapse,LEMMA,,MASTER,0,1,1,,,,collapsed;collapses,0,2,2,ESDB_V0_4
4844,4953,conviction,-11.0305,1,PASS,35,,n,conviction,LEMMA,,MASTER,0,1,1,,,,convictions,0,1,1,ESDB_V0_4
4845,4954,corps,-11.0305,1,PASS,35,,n,corps,LEMMA;FORM,,MASTER,0,1,1,,,,corpse,0,1,0,ESDB_V0_4
4846,4955,counsel,-11.0305,1,PASS,35,,v;n,counsel,LEMMA;FORM,,MASTER,0,0,0,,,,,0,0,0,ESDB_V0_4
4847,4957,cuba,-11.0305,0,NOT_EXACT_EN_US,,,,,,,REJECTED_AUTO,0,0,0,,,,,0,0,0,ESDB_V0_4
4848,4958,differently,-11.0305,1,PASS,35,,av,differently,LEMMA,,MASTER,0,0,0,,,,,0,0,0,ESDB_V0_4
4849,4959,dominated,-11.0305,1,PASS,35,,v;aj,dominate;dominated,FORM;LEMMA,,MASTER,0,1,0,,dominate,,,1,0,0,ESDB_V0_4
4850,4960,ethics,-11.0305,1,PASS,35,,n,ethic;ethics,FORM;LEMMA,,MASTER,0,1,0,,ethic,,,1,0,0,ESDB_V0_4
4851,4961,faithful,-11.0305,1,PASS,35,,n;aj,faithful,LEMMA,,MASTER,0,0,0,,,,,0,0,0,ESDB_V0_4
4852,4962,folk,-11.0305,1,PASS,35,,n;a,folk,LEMMA;FORM,,MASTER,0,1,1,,,,folks,0,1,1,ESDB_V0_4
4853,4963,forming,-11.0305,1,PASS,35,,n_v;n,form;forming,FORM;LEMMA,,MASTER,0,0,0,,,,,0,0,0,ESDB_V0_4
4854,4964,globe,-11.0305,1,PASS,35,,n,globe,LEMMA,,MASTER,0,1,0,lobe,,,,1,0,0,ESDB_V0_4
4855,4965,graphic,-11.0305,1,PASS,35,,n;aj,graphic,LEMMA,,MASTER,0,1,1,,,,graphics,0,1,1,ESDB_V0_4
4856,4966,habit,-11.0305,1,PASS,35,,n,habit,LEMMA,,MASTER,0,1,1,,,,habits,0,1,1,ESDB_V0_4
4857,4967,healing,-11.0305,1,PASS,35,,v;n;aj,heal;healing,FORM;LEMMA,,MASTER,0,0,0,,,,,0,0,0,ESDB_V0_4
4858,4968,hotels,-11.0305,1,PASS,35,,n,hotel,FORM,,MASTER,0,1,0,,hotel,,,1,0,0,ESDB_V0_4
4859,4969,hunger,-11.0305,1,PASS,35,,n_v,hunger,LEMMA,,MASTER,0,0,0,,,,,0,0,0,ESDB_V0_4
4860,4970,implemented,-11.0305,1,PASS,35,,n_v;aj,implement;implemented,FORM;LEMMA,,MASTER,0,0,0,,,,,0,0,0,ESDB_V0_4
4861,4971,interface,-11.0305,1,PASS,35,,n;v,interface,LEMMA,,MASTER,0,1,1,,,,interfaces,0,1,1,ESDB_V0_4
4862,4972,kansas,-11.0305,0,NOT_EXACT_EN_US,,,,,,,REJECTED_AUTO,0,0,0,,,,,0,0,0,ESDB_V0_4
4863,4973,legally,-11.0305,1,PASS,35,,av,legally,LEMMA,,MASTER,0,0,0,,,,,0,0,0,ESDB_V0_4
4864,4974,lightning,-11.0305,1,PASS,35,,n;v;a,lightning,LEMMA;FORM,,MASTER,0,0,0,,,,,0,0,0,ESDB_V0_4
4865,4975,liver,-11.0305,1,PASS,35,,aj_av;n,live;liver,FORM;LEMMA,,MASTER,0,1,0,,live,,,1,0,0,ESDB_V0_4
4866,4976,margaret,-11.0305,0,NOT_EXACT_EN_US,,,,,,,REJECTED_AUTO,0,0,0,,,,,0,0,0,ESDB_V0_4
4867,4977,marshall,-11.0305,0,NOT_EXACT_EN_US,,,,,,,REJECTED_AUTO,0,0,0,,,,,0,0,0,ESDB_V0_4
4868,4978,mi,-11.0305,0,CASE_FREQ_COLLISION,50,35,n,mi,LEMMA,,REJECTED_AUTO,0,0,0,,,,,0,0,0,ESDB_V0_4
4869,4979,observation,-11.0305,1,PASS,35,,n,observation,LEMMA,,MASTER,0,1,1,,,,observations,0,1,1,ESDB_V0_4
4870,4980,odds,-11.0305,1,PASS,35,,n,odds,LEMMA,,MASTER,0,1,0,,odd,,,1,0,0,ESDB_V0_4
4871,4981,organ,-11.0305,1,PASS,35,,n,organ,LEMMA,,MASTER,0,1,1,,,,organs,0,1,1,ESDB_V0_4
4872,4982,organisations,-11.0305,0,NOT_EXACT_EN_US,,,,,,,REJECTED_AUTO,0,0,0,,,,,0,0,0,ESDB_V0_4
4873,4983,outdoor,-11.0305,1,PASS,35,,aj,outdoor,LEMMA,,MASTER,0,1,1,,,,outdoors,0,1,0,ESDB_V0_4
4874,4984,pat,-11.0305,1,PASS,35,50,n_v;aj_av,pat,LEMMA,,MASTER,0,1,1,at,pa,spat,path;pats,2,3,1,ESDB_V0_4
4875,4985,patience,-11.0305,1,PASS,35,,n,patience,LEMMA,,MASTER,0,0,0,,,,,0,0,0,ESDB_V0_4
4876,4986,perceived,-11.0305,1,PASS,35,,v;aj,perceive;perceived,FORM;LEMMA,,MASTER,0,1,0,,perceive,,,1,0,0,ESDB_V0_4
4877,4987,pin,-11.0305,1,PASS,35,40,n_v,pin,LEMMA,,MASTER,0,1,1,in,pi,spin,pink;pine;pins;ping;pint,2,6,1,ESDB_V0_4
4878,4988,pit,-11.0305,1,PASS,35,,n_v,pit,LEMMA,,MASTER,0,1,1,it,pi,spit,pity;pits,2,3,1,ESDB_V0_4
4879,4989,powder,-11.0305,1,PASS,35,,n_v,powder,LEMMA,,MASTER,0,0,0,,,,,0,0,0,ESDB_V0_4
4880,4990,que,-11.0305,0,NOT_EXACT_EN_US,,,,,,,REJECTED_AUTO,0,0,0,,,,,0,0,0,ESDB_V0_4
4881,4991,radar,-11.0305,1,PASS,35,,n,radar,LEMMA,,MASTER,0,0,0,,,,,0,0,0,ESDB_V0_4
4882,4992,rangers,-11.0305,1,PASS,35,,n,ranger,FORM,,MASTER,0,1,0,,ranger,,,1,0,0,ESDB_V0_4
4883,4993,rated,-11.0305,1,PASS,35,,n_v,rate,FORM,,MASTER,0,1,0,,rate,,,1,0,0,ESDB_V0_4
4884,4994,reflected,-11.0305,1,PASS,35,,v;aj,reflect;reflected,FORM;LEMMA,,MASTER,0,0,0,,,,,0,0,0,ESDB_V0_4
4885,4995,reflection,-11.0305,1,PASS,35,,n,reflection,LEMMA,,MASTER,0,1,1,,,,reflections,0,1,1,ESDB_V0_4
4886,4996,reforms,-11.0305,1,PASS,35,,n_v,reform,FORM,,MASTER,0,1,0,,reform,,,1,0,0,ESDB_V0_4
4887,4997,saints,-11.0305,1,PASS,35,,n,saint,FORM,,MASTER,0,1,0,,saint,,,1,0,0,ESDB_V0_4
4888,4998,scientist,-11.0305,1,PASS,35,,n,scientist,LEMMA,,MASTER,0,1,1,,,,scientists,0,1,1,ESDB_V0_4
4889,4999,securities,-11.0305,1,PASS,35,,n,security,FORM,,MASTER,0,0,0,,,,,0,0,0,ESDB_V0_4
4890,5000,slight,-11.0305,1,PASS,35,,n_v;aj,slight,LEMMA,,MASTER,0,1,0,light,,,,1,0,0,ESDB_V0_4
4891,5001,spider,-11.0305,1,PASS,35,,n,spider,LEMMA,,MASTER,0,1,1,,,,spiders,0,1,1,ESDB_V0_4
4892,5002,statistical,-11.0305,1,PASS,35,,aj,statistical,LEMMA,,MASTER,0,0,0,,,,,0,0,0,ESDB_V0_4
4893,5003,stored,-11.0305,1,PASS,35,,n_v,store,FORM,,MASTER,0,1,0,,store,,,1,0,0,ESDB_V0_4
4894,5004,suits,-11.0305,1,PASS,35,,n_v,suit,FORM,,MASTER,0,1,0,,suit,,,1,0,0,ESDB_V0_4
4895,5005,tap,-11.0305,1,PASS,35,,n_v,tap,LEMMA,,MASTER,0,1,1,,,,tape;taps,0,2,1,ESDB_V0_4
4896,5006,tension,-11.0305,1,PASS,35,,n,tension,LEMMA,,MASTER,0,1,1,,,,tensions,0,1,1,ESDB_V0_4
4897,5007,territories,-11.0305,1,PASS,35,,n,territory,FORM,,MASTER,0,0,0,,,,,0,0,0,ESDB_V0_4
4898,5008,thailand,-11.0305,0,NOT_EXACT_EN_US,,,,,,,REJECTED_AUTO,0,0,0,,,,,0,0,0,ESDB_V0_4
4899,5009,touching,-11.0305,1,PASS,35,,n_v;c,touch;touching,FORM;LEMMA,,MASTER,0,0,0,,,,,0,0,0,ESDB_V0_4
4900,5010,transactions,-11.0305,1,PASS,35,,n,transaction,FORM,,MASTER,0,1,0,,transaction,,,1,0,0,ESDB_V0_4
4901,5011,trash,-11.0305,1,PASS,35,,n;v,trash,LEMMA,,MASTER,0,1,0,rash,,,,1,0,0,ESDB_V0_4
4902,5012,treating,-11.0305,1,PASS,35,,n_v;n,treat;treating,FORM;LEMMA,,MASTER,0,0,0,,,,,0,0,0,ESDB_V0_4
4903,5013,trigger,-11.0305,1,PASS,35,,n_v,trigger,LEMMA,,MASTER,0,1,1,,,,triggers,0,1,1,ESDB_V0_4
4904,5014,trips,-11.0305,1,PASS,35,,n_v,trip,FORM,,MASTER,0,1,1,,trip,strips,,1,1,0,ESDB_V0_4
4905,5015,tropical,-11.0305,1,PASS,35,,aj,tropical,LEMMA,,MASTER,0,0,0,,,,,0,0,0,ESDB_V0_4
4906,5016,weakness,-11.0305,1,PASS,35,,n,weakness,LEMMA,,MASTER,0,0,0,,,,,0,0,0,ESDB_V0_4
4907,5018,abilities,-11.0555,1,PASS,35,,n,ability,FORM,,MASTER,0,0,0,,,,,0,0,0,ESDB_V0_4
4908,5019,advised,-11.0555,1,PASS,35,,v;aj,advise;advised,FORM;LEMMA,,MASTER,0,1,0,,advise,,,1,0,0,ESDB_V0_4
4909,5020,appeals,-11.0555,1,PASS,35,,n_v,appeal,FORM,,MASTER,0,1,0,,appeal,,,1,0,0,ESDB_V0_4
4910,5021,approaching,-11.0555,1,PASS,35,,n_v;n;aj,approach;approaching,FORM;LEMMA,,MASTER,0,0,0,,,,,0,0,0,ESDB_V0_4
4911,5022,artificial,-11.0555,1,PASS,35,,aj,artificial,LEMMA,,MASTER,0,0,0,,,,,0,0,0,ESDB_V0_4
4912,5023,austria,-11.0555,0,NOT_EXACT_EN_US,,,,,,,REJECTED_AUTO,0,0,0,,,,,0,0,0,ESDB_V0_4
4913,5024,beneath,-11.0555,1,PASS,35,,av;pp,beneath,LEMMA,,MASTER,0,0,0,,,,,0,0,0,ESDB_V0_4
4914,5025,beside,-11.0555,1,PASS,35,,a;pp,beside,LEMMA,,MASTER,0,1,1,,,,besides,0,1,0,ESDB_V0_4
4915,5026,bold,-11.0555,1,PASS,35,,aj,bold,LEMMA,,MASTER,0,1,0,old,,,,1,0,0,ESDB_V0_4
4916,5027,brands,-11.0555,1,PASS,35,,n_v,brand,FORM,,MASTER,0,1,0,,brand,,,1,0,0,ESDB_V0_4
4917,5028,bronze,-11.0555,1,PASS,35,,n_v;aj,bronze,LEMMA,,MASTER,0,0,0,,,,,0,0,0,ESDB_V0_4
4918,5029,cinema,-11.0555,1,PASS,35,,n,cinema,LEMMA,,MASTER,0,1,1,,,,cinemas,0,1,1,ESDB_V0_4
4919,5030,cleared,-11.0555,1,PASS,35,,n_v;aj,clear;cleared,FORM;LEMMA,,MASTER,0,0,0,,,,,0,0,0,ESDB_V0_4
4920,5031,competing,-11.0555,1,PASS,35,,v,compete,FORM,,MASTER,0,0,0,,,,,0,0,0,ESDB_V0_4
4921,5032,consequently,-11.0555,1,PASS,35,,av,consequently,LEMMA,,MASTER,0,0,0,,,,,0,0,0,ESDB_V0_4
4922,5033,corn,-11.0555,1,PASS,35,,n_v,corn,LEMMA,,MASTER,0,0,0,,,,,0,0,0,ESDB_V0_4
4923,5034,costa,-11.0555,0,NOT_EXACT_EN_US,,,,,,,REJECTED_AUTO,0,0,0,,,,,0,0,0,ESDB_V0_4
4924,5035,creek,-11.0555,1,PASS,35,50,n,creek,LEMMA,,MASTER,0,0,0,,,,,0,0,0,ESDB_V0_4
4925,5036,deemed,-11.0555,1,PASS,35,,v,deem,FORM,,MASTER,0,0,0,,,,,0,0,0,ESDB_V0_4
4926,5037,dig,-11.0555,1,PASS,35,,n_v,dig,LEMMA,,MASTER,0,0,0,,,,,0,0,0,ESDB_V0_4
4927,5038,distant,-11.0555,1,PASS,35,,aj,distant,LEMMA,,MASTER,0,0,0,,,,,0,0,0,ESDB_V0_4
4928,5039,dose,-11.0555,1,PASS,35,,n_v,dose,LEMMA,,MASTER,0,1,1,,dos,,doses,1,1,1,ESDB_V0_4
4929,5040,editing,-11.0555,1,PASS,35,,n_v;n,edit;editing,FORM;LEMMA,,MASTER,0,0,0,,,,,0,0,0,ESDB_V0_4
4930,5041,embassy,-11.0555,1,PASS,35,,n,embassy,LEMMA,,MASTER,0,0,0,,,,,0,0,0,ESDB_V0_4
4931,5042,emerged,-11.0555,1,PASS,35,,v,emerge,FORM,,MASTER,0,1,0,merged,emerge,,,2,0,0,ESDB_V0_4
4932,5043,eternal,-11.0555,1,PASS,35,,aj,eternal,LEMMA,,MASTER,0,0,0,,,,,0,0,0,ESDB_V0_4
4933,5044,exhibit,-11.0555,1,PASS,35,,n_v,exhibit,LEMMA,,MASTER,0,1,1,,,,exhibits,0,1,1,ESDB_V0_4
4934,5045,fastest,-11.0555,1,PASS,35,,aj_av,fast,FORM,,MASTER,0,0,0,,,,,0,0,0,ESDB_V0_4
4935,5046,fm,-11.0555,0,NOT_EXACT_EN_US,,,,,,,REJECTED_AUTO,0,0,0,,,,,0,0,0,ESDB_V0_4
4936,5047,forty,-11.0555,1,PASS,35,,n,forty,LEMMA,,MASTER,0,1,0,,fort,,,1,0,0,ESDB_V0_4
4937,5048,gorgeous,-11.0555,1,PASS,35,,aj,gorgeous,LEMMA,,MASTER,0,0,0,,,,,0,0,0,ESDB_V0_4
4938,5049,grammar,-11.0555,1,PASS,35,,n,grammar,LEMMA,,MASTER,0,0,0,,,,,0,0,0,ESDB_V0_4
4939,5050,handsome,-11.0555,1,PASS,35,,aj,handsome,LEMMA,,MASTER,0,0,0,,,,,0,0,0,ESDB_V0_4
4940,5051,harvard,-11.0555,0,NOT_EXACT_EN_US,,,,,,,REJECTED_AUTO,0,0,0,,,,,0,0,0,ESDB_V0_4
4941,5052,hitler,-11.0555,0,NOT_EXACT_EN_US,,,,,,,REJECTED_AUTO,0,0,0,,,,,0,0,0,ESDB_V0_4
4942,5053,imagination,-11.0555,1,PASS,35,,n,imagination,LEMMA,,MASTER,0,0,0,,,,,0,0,0,ESDB_V0_4
4943,5054,implications,-11.0555,1,PASS,35,,n,implication,FORM,,MASTER,0,1,0,,implication,,,1,0,0,ESDB_V0_4
4944,5055,integrity,-11.0555,1,PASS,35,,n,integrity,LEMMA,,MASTER,0,0,0,,,,,0,0,0,ESDB_V0_4
4945,5056,jumped,-11.0555,1,PASS,35,,n_v,jump,FORM,,MASTER,0,0,0,,,,,0,0,0,ESDB_V0_4
4946,5057,kenya,-11.0555,0,NOT_EXACT_EN_US,,,,,,,REJECTED_AUTO,0,0,0,,,,,0,0,0,ESDB_V0_4
4947,5058,lens,-11.0555,1,PASS,35,,n,lens,LEMMA,,MASTER,0,0,0,,,,,0,0,0,ESDB_V0_4
4948,5059,li,-11.0555,0,NOT_EXACT_EN_US,,,,,,,REJECTED_AUTO,0,0,0,,,,,0,0,0,ESDB_V0_4
4949,5060,listened,-11.0555,1,PASS,35,,n_v,listen,FORM,,MASTER,0,0,0,,,,,0,0,0,ESDB_V0_4
4950,5061,longest,-11.0555,1,PASS,35,,aj_av,long,FORM,,MASTER,0,0,0,,,,,0,0,0,ESDB_V0_4
4951,5062,loyal,-11.0555,1,PASS,35,,aj,loyal,LEMMA,,MASTER,0,0,0,,,,,0,0,0,ESDB_V0_4
4952,5063,loyalty,-11.0555,1,PASS,35,,n,loyalty,LEMMA,,MASTER,0,0,0,,,,,0,0,0,ESDB_V0_4
4953,5064,mainstream,-11.0555,1,PASS,35,,n_v;a,mainstream,LEMMA,,MASTER,0,0,0,,,,,0,0,0,ESDB_V0_4
4954,5065,makers,-11.0555,1,PASS,35,,n,maker,FORM,,MASTER,0,1,0,,maker,,,1,0,0,ESDB_V0_4
4955,5066,mario,-11.0555,0,NOT_EXACT_EN_US,,,,,,,REJECTED_AUTO,0,0,0,,,,,0,0,0,ESDB_V0_4
4956,5067,naval,-11.0555,1,PASS,35,,aj,naval,LEMMA,,MASTER,0,0,0,,,,,0,0,0,ESDB_V0_4
4957,5068,neighbors,-11.0555,1,PASS,35,,n_v,neighbor,FORM,,MASTER,0,1,0,,neighbor,,,1,0,0,ESDB_V0_4
4958,5069,northwest,-11.0555,1,PASS,35,60,n;aj;av,northwest,LEMMA,,MASTER,0,0,0,,,,,0,0,0,ESDB_V0_4
4959,5070,packed,-11.0555,1,PASS,35,,n_v;aj,pack;packed,FORM;LEMMA,,MASTER,0,0,0,,,,,0,0,0,ESDB_V0_4
4960,5071,par,-11.0555,1,PASS,35,50,n_v;a,par,LEMMA,,MASTER,0,1,1,,pa,,part;park;para,1,3,0,ESDB_V0_4
4961,5072,pennsylvania,-11.0555,0,NOT_EXACT_EN_US,,,,,,,REJECTED_AUTO,0,0,0,,,,,0,0,0,ESDB_V0_4
4962,5073,phenomenon,-11.0555,1,PASS,35,,n,phenomenon,LEMMA,,MASTER,0,0,0,,,,,0,0,0,ESDB_V0_4
4963,5074,physician,-11.0555,1,PASS,35,,n,physician,LEMMA,,MASTER,0,1,1,,,,physicians,0,1,1,ESDB_V0_4
4964,5075,pierre,-11.0555,0,NOT_EXACT_EN_US,,,,,,,REJECTED_AUTO,0,0,0,,,,,0,0,0,ESDB_V0_4
4965,5076,portrait,-11.0555,1,PASS,35,,n;a,portrait,LEMMA,,MASTER,0,1,1,,,,portraits,0,1,1,ESDB_V0_4
4966,5077,portugal,-11.0555,0,NOT_EXACT_EN_US,,,,,,,REJECTED_AUTO,0,0,0,,,,,0,0,0,ESDB_V0_4
4967,5078,prisoner,-11.0555,1,PASS,35,,n,prisoner,LEMMA,,MASTER,0,1,1,,,,prisoners,0,1,1,ESDB_V0_4
4968,5079,regards,-11.0555,1,PASS,35,,v;n,regard;regards,FORM;LEMMA,,MASTER,0,1,0,,regard,,,1,0,0,ESDB_V0_4
4969,5080,relatives,-11.0555,1,PASS,35,,n,relative,FORM,,MASTER,0,1,0,,relative,,,1,0,0,ESDB_V0_4
4970,5081,rubber,-11.0555,1,PASS,35,,n;aj,rubber,LEMMA,,MASTER,0,0,0,,,,,0,0,0,ESDB_V0_4
4971,5082,scenario,-11.0555,1,PASS,35,,n,scenario,LEMMA,,MASTER,0,1,1,,,,scenarios,0,1,1,ESDB_V0_4
4972,5083,shed,-11.0555,1,PASS,35,,n_v,shed,LEMMA;FORM,,MASTER,0,1,1,,she,,sheds,1,1,1,ESDB_V0_4
4973,5084,shorter,-11.0555,1,PASS,35,,aj_av,short,FORM,,MASTER,0,0,0,,,,,0,0,0,ESDB_V0_4
4974,5085,societies,-11.0555,1,PASS,35,,n,society,FORM,,MASTER,0,0,0,,,,,0,0,0,ESDB_V0_4
4975,5086,sometime,-11.0555,1,PASS,35,,aj_av,sometime,LEMMA,,MASTER,0,1,1,,,,sometimes,0,1,0,ESDB_V0_4
4976,5087,struggling,-11.0555,1,PASS,35,,n_v;aj,struggle;struggling,FORM;LEMMA,,MASTER,0,0,0,,,,,0,0,0,ESDB_V0_4
4977,5088,susan,-11.0555,0,NOT_EXACT_EN_US,,,,,,,REJECTED_AUTO,0,0,0,,,,,0,0,0,ESDB_V0_4
4978,5089,syndrome,-11.0555,1,PASS,35,,n,syndrome,LEMMA,,MASTER,0,0,0,,,,,0,0,0,ESDB_V0_4
4979,5090,themes,-11.0555,1,PASS,35,,n,theme,FORM,,MASTER,0,1,0,,theme,,,1,0,0,ESDB_V0_4
4980,5091,transit,-11.0555,1,PASS,35,,n;v,transit,LEMMA,,MASTER,0,0,0,,,,,0,0,0,ESDB_V0_4
4981,5092,ukrainian,-11.0555,0,NOT_EXACT_EN_US,,,,,,,REJECTED_AUTO,0,0,0,,,,,0,0,0,ESDB_V0_4
4982,5093,unexpected,-11.0555,1,PASS,35,,aj,unexpected,LEMMA,,MASTER,0,0,0,,,,,0,0,0,ESDB_V0_4
4983,5094,vertical,-11.0555,1,PASS,35,,n;aj,vertical,LEMMA,,MASTER,0,0,0,,,,,0,0,0,ESDB_V0_4
4984,5096,abortion,-11.0747,1,PASS,35,,n,abortion,LEMMA,,MASTER,0,1,1,,,,abortions,0,1,1,ESDB_V0_4
4985,5097,accidentally,-11.0747,1,PASS,35,,av,accidentally,LEMMA,,MASTER,0,0,0,,,,,0,0,0,ESDB_V0_4
4986,5098,approached,-11.0747,1,PASS,35,,n_v,approach,FORM,,MASTER,0,0,0,,,,,0,0,0,ESDB_V0_4
4987,5099,arriving,-11.0747,1,PASS,35,,v,arrive,FORM,,MASTER,0,0,0,,,,,0,0,0,ESDB_V0_4
4988,5100,attract,-11.0747,1,PASS,35,,v,attract,LEMMA,,MASTER,0,1,1,,,,attracts,0,1,1,ESDB_V0_4
4989,5101,aunt,-11.0747,1,PASS,35,,n,aunt,LEMMA,,MASTER,0,1,1,,,haunt,,0,1,0,ESDB_V0_4
4990,5102,backed,-11.0747,1,PASS,35,,n_v;aj,back;backed,FORM;LEMMA,,MASTER,0,0,0,,,,,0,0,0,ESDB_V0_4
4991,5103,bacteria,-11.0747,1,PASS,35,,n,bacteria,LEMMA,,MASTER,0,1,1,,,,bacterial,0,1,0,ESDB_V0_4
4992,5104,barbara,-11.0747,0,NOT_EXACT_EN_US,,,,,,,REJECTED_AUTO,0,0,0,,,,,0,0,0,ESDB_V0_4
4993,5105,bobby,-11.0747,0,CASE_FREQ_COLLISION,50,50,n,bobby,LEMMA,,REJECTED_AUTO,0,0,0,,,,,0,0,0,ESDB_V0_4
4994,5106,bored,-11.0747,1,PASS,35,,n_v;aj,bore;bored,FORM;LEMMA,,MASTER,0,1,0,,bore,,,1,0,0,ESDB_V0_4
4995,5107,brazilian,-11.0747,0,NOT_EXACT_EN_US,,,,,,,REJECTED_AUTO,0,0,0,,,,,0,0,0,ESDB_V0_4
4996,5108,brick,-11.0747,1,PASS,35,,n_v;a,brick,LEMMA,,MASTER,0,1,1,,,,bricks,0,1,1,ESDB_V0_4
4997,5109,bucks,-11.0747,1,PASS,35,,n;v,buck,FORM,,MASTER,0,1,0,,buck,,,1,0,0,ESDB_V0_4
4998,5110,campbell,-11.0747,0,NOT_EXACT_EN_US,,,,,,,REJECTED_AUTO,0,0,0,,,,,0,0,0,ESDB_V0_4
4999,5111,cancelled,-11.0747,0,NOT_EXACT_EN_US,,,,,,,REJECTED_AUTO,0,0,0,,,,,0,0,0,ESDB_V0_4
5000,5112,caribbean,-11.0747,0,NOT_EXACT_EN_US,,,,,,,REJECTED_AUTO,0,0,0,,,,,0,0,0,ESDB_V0_4