score_rank,seed_rank,seed,seed_utility_percentile,expansion_utility_percentile,core_balance,seed_mass,expansion_mass,new_words,avg_depth,unique_path_pct,L_edges,R_edges,edge_count
1,5,a,0.998825,1.000000,0.999412,0.388796192,1.324529064,156,2.5449,82.69,98,80,178
2,7,i,0.998238,0.999413,0.998825,0.219018298,1.124654856,95,2.5368,72.63,50,64,114
3,1,the,1.000000,0.995007,0.997501,1.000000000,0.102466896,6,1.5000,100.00,0,6,6
4,8,is,0.997944,0.996476,0.997210,0.195245019,0.163458414,4,1.2500,100.00,4,0,4
5,23,he,0.994420,0.999706,0.997060,0.083192340,1.275669680,22,2.0455,90.91,7,17,24
6,12,it,0.997063,0.996769,0.996916,0.154834264,0.165213120,26,1.7692,73.08,17,16,33
7,22,at,0.994714,0.998532,0.996621,0.083192340,0.258566034,63,2.1905,77.78,37,34,71
8,18,as,0.995888,0.997063,0.996476,0.104747771,0.168818047,27,2.1481,85.19,21,10,31
9,28,an,0.993539,0.999119,0.996325,0.060271254,0.580984181,62,2.1935,83.87,31,39,70
10,13,on,0.996769,0.994714,0.995741,0.141253377,0.087048279,37,2.1081,67.57,27,20,47
11,29,or,0.993245,0.998238,0.995738,0.058912617,0.224531628,29,2.3103,96.55,14,16,30
12,6,in,0.998532,0.990896,0.994706,0.331078424,0.047414753,71,2.2394,81.69,34,48,82
13,3,to,0.999413,0.989721,0.994555,0.466872069,0.040581762,23,2.0435,95.65,5,19,24
14,11,you,0.997357,0.991483,0.994416,0.165878448,0.052320089,2,1.5000,100.00,0,2,2
15,31,his,0.992658,0.995301,0.993979,0.056196545,0.107131310,1,1.0000,100.00,1,0,1
16,16,be,0.996182,0.989427,0.992799,0.107131310,0.037700463,13,1.7692,100.00,0,13,13
17,49,no,0.988840,0.996182,0.992504,0.038879040,0.152650624,21,2.1429,100.00,3,18,21
18,59,her,0.987665,0.993833,0.990744,0.032425828,0.069693405,9,1.4444,100.00,2,7,9
19,19,are,0.995595,0.985022,0.990294,0.093377954,0.021574378,21,1.7619,90.48,13,10,23
20,30,all,0.992952,0.987078,0.990010,0.056196545,0.025964116,21,1.6190,95.24,13,9,22
21,2,of,0.999706,0.980323,0.989967,0.478786740,0.013802577,1,1.0000,100.00,0,1,1
22,50,out,0.988546,0.990308,0.989427,0.038879040,0.041111928,5,1.4000,100.00,4,1,5
23,4,and,0.999119,0.979736,0.989380,0.436310994,0.013574840,14,1.7143,92.86,8,7,15
24,78,our,0.983847,0.993245,0.988535,0.022411076,0.067379655,10,1.3000,70.00,9,4,13
25,36,one,0.991483,0.984141,0.987805,0.051272538,0.019195579,22,1.7727,72.73,18,10,28
26,46,do,0.989427,0.984435,0.986928,0.039727962,0.020255318,11,1.6364,100.00,0,11,11
27,89,go,0.982085,0.991189,0.986627,0.019015516,0.049025887,8,1.5000,100.00,2,6,8
28,71,now,0.985022,0.987665,0.986343,0.025637478,0.028860916,5,1.6000,100.00,2,3,5
29,113,here,0.977386,0.991777,0.984555,0.014787101,0.053650470,2,1.0000,100.00,2,0,2
30,35,we,0.991777,0.976799,0.984259,0.053648595,0.010903747,16,1.9375,81.25,6,11,17
31,98,us,0.980029,0.987959,0.983986,0.017316422,0.029216507,13,2.0769,92.31,5,9,14
32,32,me,0.992364,0.974449,0.983366,0.056196545,0.009539202,11,2.0909,90.91,3,9,12
33,10,for,0.997651,0.967107,0.982260,0.173166798,0.006872973,11,1.5455,100.00,0,11,11
34,34,so,0.992070,0.971219,0.981589,0.053648595,0.008266851,6,1.6667,100.00,0,6,6
35,68,how,0.985609,0.977386,0.981489,0.026825563,0.011444298,4,1.5000,100.00,2,2,4
36,91,any,0.981498,0.980910,0.981204,0.018676299,0.014125127,1,1.0000,100.00,1,0,1
37,80,see,0.983260,0.979148,0.981202,0.021901503,0.012726603,8,1.3750,100.00,0,8,8
38,74,than,0.984435,0.977093,0.980757,0.023428548,0.011001441,2,1.5000,100.00,0,2,2
39,120,year,0.976505,0.982379,0.979438,0.014125127,0.015483196,1,1.0000,100.00,0,1,1
40,72,other,0.984728,0.972100,0.978394,0.025637478,0.008581644,5,1.4000,60.00,4,3,7
41,136,man,0.975037,0.981204,0.978116,0.011748849,0.014157555,2,1.0000,100.00,0,2,2
42,138,use,0.974449,0.981498,0.977967,0.011477118,0.015046562,9,1.5556,88.89,5,5,10
43,63,new,0.986784,0.967988,0.977341,0.030221551,0.006958024,3,1.0000,100.00,2,1,3
44,104,very,0.979148,0.975330,0.977237,0.016213679,0.009762566,1,1.0000,100.00,1,0,1
45,160,old,0.972100,0.981791,0.976934,0.009541544,0.015227624,10,1.2000,100.00,8,2,10
46,102,way,0.979736,0.973568,0.976647,0.016587598,0.008812399,3,1.0000,100.00,2,1,3
47,168,own,0.970631,0.982673,0.976633,0.008913396,0.016464444,6,1.3333,66.67,5,3,8
48,188,ever,0.966814,0.986490,0.976602,0.007588662,0.023866470,5,1.2000,100.00,4,1,5
49,147,am,0.973275,0.978267,0.975768,0.010237478,0.012141209,29,2.0345,79.31,17,17,34
50,60,time,0.987372,0.961821,0.974512,0.032425828,0.006150291,3,1.0000,100.00,0,3,3
51,20,not,0.995301,0.952423,0.973626,0.087099860,0.004478772,5,1.6000,100.00,1,4,5
52,109,too,0.978267,0.967695,0.972967,0.015483196,0.006944175,4,1.5000,100.00,1,3,4
53,145,part,0.973568,0.971806,0.972687,0.010475668,0.008537906,3,1.0000,100.00,1,2,3
54,79,know,0.983554,0.961233,0.972329,0.021901503,0.006043787,2,1.0000,100.00,0,2,2
55,103,even,0.979442,0.965051,0.972220,0.016213679,0.006621214,3,1.3333,100.00,1,2,3
56,115,day,0.977093,0.966226,0.971644,0.014447990,0.006756840,1,1.0000,100.00,0,1,1
57,124,take,0.976211,0.966814,0.971501,0.013802577,0.006828681,4,1.2500,75.00,2,3,5
58,182,thing,0.968282,0.972981,0.970629,0.008319110,0.008709856,1,1.0000,100.00,0,1,1
59,169,state,0.970338,0.970338,0.970338,0.008913396,0.007634032,4,1.2500,75.00,2,3,5
60,90,make,0.981791,0.954479,0.968039,0.019015516,0.005081409,3,1.3333,100.00,0,3,3
61,171,give,0.969750,0.964758,0.967251,0.008709856,0.006570293,2,1.0000,100.00,0,2,2
62,130,say,0.975918,0.953891,0.964842,0.013174133,0.004787725,1,1.0000,100.00,0,1,1
63,281,though,0.954772,0.970044,0.962378,0.005500590,0.007516226,2,1.5000,100.00,0,2,2
64,106,need,0.978855,0.945962,0.962268,0.015483196,0.003782774,2,1.0000,100.00,0,2,2
65,181,end,0.968576,0.955066,0.961797,0.008319110,0.005089005,14,1.7143,64.29,12,7,19
66,44,up,0.989721,0.934508,0.961718,0.040745902,0.003063458,6,1.1667,83.33,5,2,7
67,334,car,0.945374,0.977974,0.961536,0.004464938,0.012016838,15,1.8000,73.33,5,14,19
68,252,mean,0.958297,0.962996,0.960643,0.005755496,0.006266413,2,1.0000,100.00,0,2,2
69,178,game,0.969163,0.952129,0.960608,0.008505860,0.004467995,3,1.3333,100.00,0,3,3
70,141,long,0.973862,0.946843,0.960257,0.010967708,0.003887846,1,1.0000,100.00,1,0,1
71,86,over,0.982966,0.936564,0.959485,0.019524211,0.003175890,9,1.4444,88.89,6,4,10
72,111,work,0.977974,0.939794,0.958694,0.015126607,0.003395514,1,1.0000,100.00,0,1,1
73,170,each,0.970044,0.947430,0.958670,0.008709856,0.003946182,6,1.3333,100.00,6,0,6
74,107,right,0.978561,0.938913,0.958532,0.015483196,0.003351269,3,1.0000,100.00,2,1,3
75,270,top,0.956535,0.960352,0.958442,0.005619571,0.005866972,4,1.2500,75.00,3,2,5
76,149,come,0.972981,0.942438,0.957587,0.010237478,0.003541003,2,1.0000,100.00,0,2,2
77,251,live,0.958590,0.954772,0.956679,0.005755496,0.005086458,6,1.1667,83.33,3,4,7
78,197,show,0.964758,0.948018,0.956351,0.007419082,0.003979548,2,1.0000,100.00,0,2,2
79,152,look,0.972394,0.939501,0.955806,0.009999702,0.003395514,1,1.0000,100.00,0,1,1
80,62,get,0.987078,0.924816,0.955440,0.030899972,0.002682516,1,1.0000,100.00,0,1,1
81,293,thank,0.951248,0.959178,0.955205,0.005245944,0.005755496,1,1.0000,100.00,0,1,1
82,230,change,0.960352,0.950073,0.955199,0.006027036,0.004329282,2,1.0000,100.00,0,2,2
83,287,war,0.953010,0.956535,0.954771,0.005364780,0.005347368,13,1.5385,92.31,4,10,14
84,166,place,0.970925,0.934802,0.952692,0.009337656,0.003074620,2,1.0000,100.00,0,2,2
85,229,person,0.960646,0.943906,0.952239,0.006162948,0.003675194,3,1.3333,100.00,0,3,3
86,506,art,0.918355,0.987372,0.952238,0.003157736,0.027865898,15,1.6000,80.00,12,6,18
87,94,want,0.980617,0.924229,0.952006,0.018166065,0.002631503,1,1.0000,100.00,0,1,1
88,352,air,0.942731,0.960940,0.951792,0.004261219,0.005966389,13,1.6923,69.23,10,7,17
89,150,love,0.972687,0.930396,0.951307,0.010237478,0.002880920,7,1.4286,85.71,3,5,8
90,387,act,0.937739,0.962702,0.950138,0.003972737,0.006264950,4,1.2500,75.00,3,2,5
91,289,read,0.952423,0.947724,0.950071,0.005245944,0.003949734,5,1.0000,100.00,3,2,5
92,404,late,0.934802,0.965345,0.949951,0.003887846,0.006623936,7,1.4286,100.00,2,5,7
93,332,able,0.945962,0.949486,0.947722,0.004464938,0.004210777,8,2.0000,87.50,4,5,9
94,194,name,0.965639,0.929515,0.947405,0.007419082,0.002857269,2,1.0000,100.00,0,2,2
95,42,like,0.990015,0.902790,0.945397,0.041593973,0.001896417,3,1.0000,100.00,1,2,3
96,647,hey,0.900441,0.992364,0.945286,0.002563710,0.055006716,1,1.0000,100.00,1,0,1
97,435,age,0.930103,0.960646,0.945251,0.003633351,0.005896763,13,1.4615,69.23,10,7,17
98,368,friend,0.939794,0.950661,0.945212,0.004159335,0.004363416,1,1.0000,100.00,0,1,1
99,434,win,0.930396,0.960059,0.945111,0.003718258,0.005824276,17,1.8235,88.24,8,11,19
100,392,guy,0.937151,0.949780,0.943444,0.003972737,0.004261219,1,1.0000,100.00,0,1,1
101,234,point,0.959471,0.927460,0.943330,0.006027036,0.002750425,1,1.0000,100.00,0,1,1
102,211,group,0.962996,0.922173,0.942363,0.006756840,0.002563710,1,1.0000,100.00,0,1,1
103,288,yes,0.952717,0.929222,0.940896,0.005364780,0.002851466,2,1.0000,100.00,2,0,2
104,394,office,0.936564,0.943612,0.940081,0.003972737,0.003668911,3,1.3333,100.00,0,3,3
105,66,its,0.985903,0.896329,0.940050,0.027504655,0.001658232,7,1.0000,100.00,7,0,7
106,510,plan,0.918062,0.962408,0.939973,0.003157736,0.006191761,8,1.6250,100.00,0,8,8
107,208,case,0.963289,0.916300,0.939501,0.006756840,0.002342820,1,1.0000,100.00,0,1,1
108,329,service,0.946256,0.932746,0.939476,0.004566994,0.002953986,1,1.0000,100.00,0,1,1
109,472,son,0.924816,0.953304,0.938952,0.003463416,0.004685947,3,1.3333,100.00,0,3,3
110,262,head,0.957416,0.920117,0.938581,0.005619571,0.002471917,2,1.0000,100.00,1,1,2
111,589,hear,0.907195,0.969457,0.937809,0.002750425,0.007495293,6,1.3333,100.00,1,5,6
112,351,problem,0.943025,0.930984,0.936985,0.004363416,0.002886242,1,1.0000,100.00,0,1,1
113,282,week,0.954479,0.918649,0.936393,0.005500590,0.002393736,1,1.0000,100.00,0,1,1
114,455,low,0.927166,0.944493,0.935790,0.003548253,0.003714835,10,1.5000,70.00,7,6,13
115,278,order,0.955360,0.916593,0.935776,0.005500590,0.002348018,3,1.3333,66.67,2,2,4
116,298,area,0.949780,0.918355,0.933935,0.005008594,0.002393736,1,1.0000,100.00,0,1,1
117,179,school,0.968869,0.898972,0.933267,0.008505860,0.001782568,1,1.0000,100.00,0,1,1
118,390,close,0.937445,0.928634,0.933029,0.003972737,0.002838809,5,1.2000,100.00,0,5,5
119,357,hand,0.942144,0.923642,0.932847,0.004261219,0.002596510,2,1.0000,100.00,0,2,2
120,728,round,0.888399,0.978855,0.932531,0.002342820,0.012475286,4,1.2500,75.00,3,2,5
121,221,system,0.961821,0.903965,0.932444,0.006451775,0.001901523,1,1.0000,100.00,0,1,1
122,204,team,0.963583,0.901615,0.932084,0.006909901,0.001859023,2,1.0000,100.00,1,1,2
123,233,lot,0.959765,0.904846,0.931901,0.006027036,0.001930475,5,1.4000,60.00,4,3,7
124,493,word,0.920999,0.942144,0.931511,0.003310686,0.003535702,3,1.3333,66.67,2,2,4
125,195,number,0.965345,0.897797,0.930959,0.007419082,0.001731790,1,1.0000,100.00,0,1,1
126,868,hi,0.868135,0.997357,0.930505,0.001986462,0.193258351,15,1.8667,86.67,6,11,17
127,274,law,0.955947,0.903084,0.929140,0.005500590,0.001897901,6,1.3333,66.67,4,4,8
128,396,question,0.936270,0.921880,0.929047,0.003972737,0.002563710,1,1.0000,100.00,0,1,1
129,443,light,0.928634,0.928928,0.928781,0.003633351,0.002839298,5,1.2000,80.00,4,2,6
130,497,force,0.919824,0.937739,0.928738,0.003242859,0.003239323,2,1.0000,100.00,0,2,2
131,295,line,0.950661,0.906608,0.928373,0.005127177,0.001977540,5,1.2000,100.00,0,5,5
132,592,member,0.906608,0.949192,0.927656,0.002750425,0.004159335,1,1.0000,100.00,0,1,1
133,574,issue,0.909838,0.945668,0.927580,0.002818360,0.003758131,4,1.2500,75.00,2,3,5
134,382,girl,0.938620,0.916006,0.927244,0.004074529,0.002342820,1,1.0000,100.00,0,1,1
135,717,eat,0.890162,0.964170,0.926427,0.002342820,0.006389985,14,1.5714,64.29,13,6,19
136,573,include,0.910132,0.941850,0.925855,0.002818360,0.003482138,2,1.0000,100.00,0,2,2
137,681,east,0.895742,0.956241,0.925497,0.002461708,0.005230325,5,1.2000,100.00,4,1,5
138,355,book,0.942438,0.908370,0.925247,0.004261219,0.002037361,1,1.0000,100.00,0,1,1
139,786,star,0.879001,0.970925,0.923821,0.002190118,0.008193762,7,1.4286,100.00,0,7,7
140,239,care,0.959178,0.889574,0.923721,0.005891174,0.001535973,5,1.4000,60.00,3,4,7
141,290,side,0.952129,0.896035,0.923657,0.005245944,0.001651755,3,1.0000,100.00,1,2,3
142,308,early,0.948605,0.898678,0.923304,0.004787725,0.001760737,3,1.0000,100.00,3,0,3
143,669,hour,0.897797,0.948899,0.922994,0.002512693,0.004159335,1,1.0000,100.00,0,1,1
144,403,cause,0.935095,0.910426,0.922678,0.003887846,0.002139168,2,1.0000,100.00,0,2,2
145,273,far,0.956241,0.889868,0.922458,0.005500590,0.001537013,6,1.3333,100.00,1,5,6
146,651,month,0.899853,0.944787,0.922046,0.002563710,0.003718258,1,1.0000,100.00,0,1,1
147,294,believe,0.950954,0.893686,0.921876,0.005127177,0.001607638,3,1.0000,100.00,0,3,3
148,407,ask,0.934214,0.908664,0.921350,0.003802867,0.002042605,5,1.4000,60.00,4,3,7
149,456,move,0.926872,0.915125,0.920980,0.003548253,0.002329408,2,1.0000,100.00,0,2,2
150,37,your,0.991189,0.852276,0.919112,0.051272538,0.001047551,1,1.0000,100.00,0,1,1
151,339,level,0.944493,0.893098,0.918436,0.004464938,0.001584003,1,1.0000,100.00,0,1,1
152,716,die,0.890455,0.946549,0.918074,0.002342820,0.003853490,4,1.2500,100.00,0,4,4
153,579,result,0.908957,0.927166,0.918017,0.002818360,0.002750425,1,1.0000,100.00,0,1,1
154,283,call,0.954185,0.881938,0.917351,0.005364780,0.001380237,1,1.0000,100.00,0,1,1
155,311,job,0.948018,0.886637,0.916814,0.004787725,0.001478688,1,1.0000,100.00,0,1,1
156,422,idea,0.931571,0.902203,0.916769,0.003718258,0.001870413,3,1.3333,100.00,0,3,3
157,196,second,0.965051,0.869016,0.915776,0.007419082,0.001229190,1,1.0000,100.00,0,1,1
158,190,feel,0.966520,0.864905,0.914302,0.007588662,0.001174867,1,1.0000,100.00,0,1,1
159,552,term,0.912775,0.914244,0.913509,0.002953986,0.002292070,1,1.0000,100.00,0,1,1
160,914,lose,0.859912,0.969163,0.912905,0.001901523,0.007283855,9,1.7778,66.67,3,8,11
161,70,them,0.985316,0.845521,0.912746,0.026315425,0.000993203,2,1.5000,100.00,0,2,2
162,981,ice,0.850220,0.975918,0.910903,0.001782568,0.010215072,14,1.7857,100.00,8,6,14
163,556,fun,0.911894,0.909251,0.910572,0.002886242,0.002056380,4,1.5000,100.00,0,4,4
164,467,reason,0.925991,0.895154,0.910442,0.003463416,0.001637428,2,1.0000,100.00,1,1,2
165,284,full,0.953891,0.868722,0.910311,0.005364780,0.001229190,1,1.0000,100.00,0,1,1
166,765,provide,0.882526,0.936270,0.909001,0.002241074,0.003149406,4,1.2500,100.00,0,4,4
167,746,player,0.885169,0.932452,0.908503,0.002292070,0.002953986,1,1.0000,100.00,0,1,1
168,219,play,0.962115,0.857269,0.908180,0.006451775,0.001096754,1,1.0000,100.00,0,1,1
169,469,report,0.925404,0.891043,0.908061,0.003463416,0.001548296,1,1.0000,100.00,0,1,1
170,799,hot,0.876065,0.937151,0.906093,0.002139250,0.003195281,2,1.5000,100.00,1,1,2
171,483,deal,0.923348,0.888987,0.906005,0.003310686,0.001518973,4,1.2500,75.00,2,3,5
172,949,base,0.855213,0.959765,0.905982,0.001816579,0.005802796,2,1.0000,100.00,0,2,2
173,88,think,0.982379,0.833480,0.904872,0.019524211,0.000911700,1,1.0000,100.00,0,1,1
174,333,become,0.945668,0.864611,0.904232,0.004464938,0.001174867,1,1.0000,100.00,0,1,1
175,309,face,0.948311,0.861968,0.904109,0.004787725,0.001152745,2,1.0000,100.00,0,2,2
176,267,start,0.957122,0.851982,0.903023,0.005619571,0.001047551,1,1.0000,100.00,0,1,1
177,489,non,0.921586,0.884288,0.902744,0.003310686,0.001444777,1,1.0000,100.00,0,1,1
178,450,action,0.927753,0.878120,0.902596,0.003548253,0.001339412,3,1.3333,66.67,2,2,4
179,607,boy,0.904552,0.900441,0.902494,0.002682516,0.001816579,1,1.0000,100.00,0,1,1
180,484,experience,0.923054,0.882232,0.902412,0.003310686,0.001402340,2,1.0000,100.00,0,2,2
181,699,event,0.893098,0.911307,0.902157,0.002393736,0.002190118,1,1.0000,100.00,0,1,1
182,600,road,0.905727,0.896916,0.901311,0.002750425,0.001704588,3,1.3333,100.00,2,1,3
183,300,run,0.949486,0.855213,0.901117,0.005008594,0.001071281,1,1.0000,100.00,0,1,1
184,730,sea,0.887812,0.913950,0.900786,0.002342820,0.002289414,6,1.3333,100.00,0,6,6
185,201,night,0.964170,0.840529,0.900229,0.007079868,0.000957544,3,1.3333,66.67,2,2,4
186,184,house,0.967695,0.836123,0.899507,0.008132393,0.000933752,1,1.0000,100.00,0,1,1
187,362,large,0.940969,0.859618,0.899374,0.004261219,0.001122272,1,1.0000,100.00,0,1,1
188,76,good,0.984141,0.821733,0.899278,0.022411076,0.000831899,1,1.0000,100.00,0,1,1
189,268,tell,0.956828,0.844640,0.898986,0.005619571,0.000976242,1,1.0000,100.00,0,1,1
190,828,continue,0.871953,0.925404,0.898281,0.002037361,0.002718098,2,1.0000,100.00,0,2,2
191,492,type,0.921292,0.875477,0.898093,0.003310686,0.001311692,2,1.0000,100.00,0,2,2
192,584,cost,0.908076,0.888106,0.898036,0.002750425,0.001512638,1,1.0000,100.00,0,1,1
193,655,rate,0.899559,0.894860,0.897207,0.002563710,0.001622722,4,1.2500,100.00,1,3,4
194,875,seem,0.866667,0.926872,0.896264,0.001986462,0.002750425,1,1.0000,100.00,0,1,1
195,97,may,0.980323,0.819383,0.896248,0.017316422,0.000824253,3,2.0000,100.00,0,3,3
196,215,thought,0.962408,0.833186,0.895469,0.006604527,0.000911700,1,1.0000,100.00,0,1,1
197,254,power,0.958003,0.835830,0.894834,0.005755496,0.000933752,1,1.0000,100.00,0,1,1
198,409,form,0.933627,0.856975,0.894480,0.003802867,0.001096754,1,1.0000,100.00,0,1,1
199,358,health,0.941850,0.848752,0.894090,0.004261219,0.001023733,1,1.0000,100.00,0,1,1
200,419,either,0.932159,0.856681,0.893623,0.003718258,0.001096754,1,1.0000,100.00,1,0,1
201,807,drive,0.874890,0.911894,0.893200,0.002088310,0.002201949,4,1.2500,100.00,0,4,4
202,1170,unit,0.827313,0.963877,0.892988,0.001478688,0.006353578,4,1.2500,100.00,0,4,4
203,1121,lack,0.834068,0.955360,0.892656,0.001548296,0.005103680,4,1.2500,75.00,3,2,5
204,811,increase,0.874302,0.910132,0.892037,0.002088310,0.002137405,2,1.0000,100.00,0,2,2
205,871,note,0.867841,0.914831,0.891027,0.001986462,0.002329322,2,1.0000,100.00,0,2,2
206,685,happen,0.895154,0.886344,0.890738,0.002461708,0.001478688,1,1.0000,100.00,0,1,1
207,977,cross,0.850808,0.932159,0.890555,0.001782568,0.002953986,1,1.0000,100.00,1,0,1
208,577,program,0.909545,0.871366,0.890251,0.002818360,0.001258040,1,1.0000,100.00,0,1,1
209,598,price,0.906021,0.873715,0.889721,0.002750425,0.001287093,2,1.0000,100.00,0,2,2
210,850,release,0.869897,0.909545,0.889500,0.002037361,0.002062853,2,1.0000,100.00,0,2,2
211,393,matter,0.936858,0.844347,0.889400,0.003972737,0.000976242,1,1.0000,100.00,0,1,1
212,1009,eight,0.845815,0.935095,0.889336,0.001731790,0.003084065,6,1.3333,100.00,2,4,6
213,172,help,0.969457,0.814391,0.888547,0.008709856,0.000775890,1,1.0000,100.00,0,1,1
214,203,set,0.963877,0.818796,0.888380,0.006909901,0.000813227,1,1.0000,100.00,0,1,1
215,673,source,0.896916,0.879589,0.888210,0.002512693,0.001348045,1,1.0000,100.00,0,1,1
216,702,picture,0.892511,0.882526,0.887504,0.002393736,0.001404621,2,1.0000,100.00,0,2,2
217,813,kill,0.874009,0.900734,0.887271,0.002088310,0.001837039,3,1.3333,66.67,2,2,4
218,1026,eye,0.843465,0.933040,0.887123,0.001697837,0.002973203,2,1.0000,100.00,0,2,2
219,731,sound,0.887518,0.886050,0.886784,0.002342820,0.001478688,1,1.0000,100.00,0,1,1
220,1036,student,0.842291,0.933627,0.886784,0.001697837,0.003022110,1,1.0000,100.00,0,1,1
221,705,share,0.891924,0.880176,0.886030,0.002393736,0.001363278,2,1.0000,100.00,0,2,2
222,442,leave,0.928928,0.844053,0.885474,0.003633351,0.000976242,1,1.0000,100.00,0,1,1
223,953,create,0.854626,0.917181,0.885351,0.001816579,0.002368424,2,1.0000,100.00,0,2,2
224,585,cut,0.907783,0.863436,0.885332,0.002750425,0.001168037,3,1.3333,100.00,1,2,3
225,1142,minute,0.830543,0.943319,0.885137,0.001512638,0.003633351,1,1.0000,100.00,0,1,1
226,656,record,0.899266,0.871072,0.885057,0.002563710,0.001258040,1,1.0000,100.00,0,1,1
227,796,effect,0.876946,0.890749,0.883820,0.002139250,0.001548296,1,1.0000,100.00,0,1,1
228,762,hell,0.883113,0.883407,0.883260,0.002241074,0.001419681,3,1.3333,100.00,1,2,3
229,638,value,0.901028,0.865786,0.883231,0.002631503,0.001186713,2,1.0000,100.00,0,2,2
230,1033,rule,0.842878,0.925110,0.883037,0.001697837,0.002687450,4,1.2500,100.00,0,4,4
231,533,song,0.915419,0.851689,0.882979,0.003022110,0.001047551,1,1.0000,100.00,0,1,1
232,1430,till,0.795301,0.980029,0.882847,0.001229190,0.013802577,1,1.0000,100.00,1,0,1
233,881,vote,0.865492,0.898091,0.881641,0.001986462,0.001758201,4,1.2500,100.00,0,4,4
234,580,view,0.908664,0.854919,0.881382,0.002818360,0.001071281,1,1.0000,100.00,0,1,1
235,766,range,0.882232,0.880470,0.881351,0.002241074,0.001368908,6,1.3333,83.33,2,5,7
236,1347,ran,0.805286,0.964464,0.881289,0.001288599,0.006428285,15,2.1333,100.00,6,9,15
237,682,follow,0.895448,0.866960,0.881089,0.002461708,0.001201962,1,1.0000,100.00,0,1,1
238,432,turn,0.930690,0.832893,0.880435,0.003718258,0.000911700,1,1.0000,100.00,0,1,1
239,878,ten,0.866079,0.892511,0.879196,0.001986462,0.001575703,7,1.5714,100.00,0,7,7
240,922,race,0.859031,0.899559,0.879062,0.001901523,0.001786236,9,1.3333,66.67,6,6,12
241,935,election,0.857269,0.900147,0.878446,0.001867602,0.001804368,3,1.3333,66.67,2,2,4
242,200,keep,0.964464,0.800000,0.878391,0.007079868,0.000707976,1,1.0000,100.00,0,1,1
243,513,site,0.917768,0.839648,0.877839,0.003157736,0.000954140,1,1.0000,100.00,0,1,1
244,163,find,0.971806,0.792364,0.877510,0.009337656,0.000675741,1,1.0000,100.00,0,1,1
245,742,met,0.885756,0.869310,0.877495,0.002292070,0.001235485,3,2.0000,100.00,0,3,3
246,797,figure,0.876652,0.877827,0.877239,0.002139250,0.001331019,2,1.0000,100.00,0,2,2
247,165,home,0.971219,0.792070,0.877083,0.009337656,0.000675741,1,1.0000,100.00,0,1,1
248,557,interest,0.911601,0.843759,0.877024,0.002886242,0.000976242,1,1.0000,100.00,0,1,1
249,890,goal,0.863730,0.890455,0.876991,0.001952392,0.001548296,1,1.0000,100.00,0,1,1
250,1321,sit,0.808811,0.950367,0.876737,0.001317525,0.004341080,3,1.3333,100.00,0,3,3
251,325,fact,0.946549,0.810573,0.875926,0.004566994,0.000758931,1,1.0000,100.00,0,1,1
252,1141,kid,0.830837,0.923348,0.875872,0.001512638,0.002594608,2,1.0000,100.00,1,1,2
253,377,video,0.939207,0.816740,0.875836,0.004159335,0.000794578,1,1.0000,100.00,0,1,1
254,787,table,0.878708,0.872540,0.875619,0.002190118,0.001275515,5,1.4000,80.00,2,4,6
255,1643,ha,0.767107,0.998825,0.875332,0.001047551,0.300712159,16,1.8125,100.00,5,11,16
256,286,men,0.953304,0.803231,0.875056,0.005364780,0.000729200,7,1.7143,71.43,3,5,8
257,969,river,0.852276,0.898385,0.875027,0.001816579,0.001760546,3,1.3333,66.67,2,2,4
258,496,fire,0.920117,0.831424,0.874647,0.003242859,0.000906610,2,1.0000,100.00,0,2,2
259,632,project,0.901615,0.847283,0.874027,0.002631503,0.000999955,1,1.0000,100.00,0,1,1
260,827,complete,0.872247,0.873421,0.872834,0.002037361,0.001284200,2,1.0000,100.00,0,2,2
261,741,lower,0.886050,0.858150,0.871988,0.002292070,0.001115289,3,1.3333,66.67,2,2,4
262,408,example,0.933921,0.814097,0.871953,0.003802867,0.000775890,1,1.0000,100.00,0,1,1
263,494,building,0.920705,0.825551,0.871831,0.003242859,0.000850573,1,1.0000,100.00,0,1,1
264,359,hope,0.941557,0.806755,0.871553,0.004261219,0.000747033,2,1.0000,100.00,0,2,2
265,567,account,0.910720,0.832599,0.870784,0.002818360,0.000911700,1,1.0000,100.00,0,1,1
266,1628,aid,0.769457,0.983847,0.870073,0.001047551,0.019166210,10,1.3000,90.00,7,4,11
267,360,human,0.941263,0.802643,0.869194,0.004261219,0.000728016,2,1.0000,100.00,0,2,2
268,1005,charge,0.846696,0.891924,0.869016,0.001731790,0.001559757,4,1.2500,100.00,0,4,4
269,1020,write,0.844347,0.894273,0.868951,0.001731790,0.001621363,3,1.3333,100.00,0,3,3
270,487,market,0.922173,0.816446,0.867701,0.003310686,0.000794578,1,1.0000,100.00,0,1,1
271,1606,gain,0.772100,0.973862,0.867132,0.001071281,0.008836923,2,1.0000,100.00,1,1,2
272,644,date,0.900734,0.834361,0.866913,0.002563710,0.000921871,2,1.0000,100.00,0,2,2
273,397,room,0.935977,0.802937,0.866908,0.003972737,0.000728677,3,1.0000,100.00,2,1,3
274,183,government,0.967988,0.775330,0.866320,0.008132393,0.000616286,1,1.0000,100.00,0,1,1
275,835,individual,0.871366,0.861087,0.866211,0.002037361,0.001147695,1,1.0000,100.00,0,1,1
276,940,officer,0.856681,0.874596,0.865592,0.001867602,0.001288599,1,1.0000,100.00,0,1,1
277,619,test,0.903084,0.827900,0.864675,0.002682516,0.000870973,1,1.0000,100.00,0,1,1
278,24,by,0.994126,0.751836,0.864534,0.081325147,0.000536470,1,1.0000,100.00,0,1,1
279,421,hit,0.931865,0.802056,0.864527,0.003718258,0.000724956,1,1.0000,100.00,0,1,1
280,794,character,0.877239,0.851395,0.864221,0.002139250,0.001047551,1,1.0000,100.00,0,1,1
281,664,decision,0.898385,0.830837,0.863951,0.002512693,0.000891326,1,1.0000,100.00,0,1,1
282,529,field,0.915712,0.813803,0.863255,0.003022110,0.000775890,1,1.0000,100.00,0,1,1
283,1788,ill,0.749192,0.994420,0.863141,0.000954140,0.073304645,25,1.8000,88.00,16,12,28
284,593,official,0.906314,0.821439,0.862834,0.002750425,0.000831899,1,1.0000,100.00,0,1,1
285,842,oil,0.870485,0.853744,0.862074,0.002037361,0.001055654,7,1.2857,71.43,6,3,9
286,883,article,0.865198,0.858443,0.861814,0.001952392,0.001115975,3,1.3333,66.67,2,2,4
287,523,position,0.916006,0.810279,0.861522,0.003089951,0.000758931,1,1.0000,100.00,0,1,1
288,1144,product,0.830250,0.892805,0.860959,0.001512638,0.001584003,1,1.0000,100.00,0,1,1
289,615,lead,0.903671,0.819677,0.860650,0.002682516,0.000824974,2,1.0000,100.00,1,1,2
290,1447,hall,0.793245,0.933333,0.860443,0.001201962,0.003003727,2,1.0000,100.00,1,1,2
291,743,model,0.885463,0.835536,0.860137,0.002292070,0.000933752,1,1.0000,100.00,0,1,1
292,1240,condition,0.817327,0.903671,0.859416,0.001380237,0.001901523,1,1.0000,100.00,0,1,1
293,822,save,0.873128,0.845815,0.859363,0.002088310,0.000994882,2,1.0000,100.00,0,2,2
294,732,step,0.887225,0.832305,0.859326,0.002342820,0.000911700,1,1.0000,100.00,0,1,1
295,893,ones,0.863142,0.855507,0.859316,0.001952392,0.001073326,5,1.2000,100.00,5,0,5
296,1408,enter,0.797651,0.925698,0.859292,0.001229190,0.002718212,3,1.3333,66.67,2,2,4
297,1083,operation,0.837885,0.879295,0.858341,0.001621344,0.001348045,1,1.0000,100.00,0,1,1
298,734,brother,0.886931,0.830543,0.858274,0.002292070,0.000891326,1,1.0000,100.00,0,1,1
299,603,street,0.905140,0.813510,0.858102,0.002750425,0.000775890,1,1.0000,100.00,0,1,1
300,980,hair,0.850514,0.862849,0.856659,0.001782568,0.001163844,4,1.2500,75.00,2,3,5
301,696,bank,0.893686,0.821145,0.856648,0.002393736,0.000831899,1,1.0000,100.00,0,1,1
302,1894,ad,0.738032,0.993539,0.856308,0.000891326,0.067588479,21,1.5238,85.71,15,9,24
303,365,talk,0.940382,0.779442,0.856138,0.004261219,0.000635798,2,1.0000,100.00,1,1,2
304,704,relationship,0.892217,0.820852,0.855791,0.002393736,0.000831899,1,1.0000,100.00,0,1,1
305,517,bring,0.917181,0.797651,0.855330,0.003089951,0.000690980,1,1.0000,100.00,0,1,1
306,1616,ring,0.771219,0.948605,0.855326,0.001071281,0.004111995,3,1.3333,66.67,2,2,4
307,772,feeling,0.881057,0.830250,0.855276,0.002190118,0.000891326,1,1.0000,100.00,0,1,1
308,423,million,0.931278,0.784435,0.854708,0.003718258,0.000645168,1,1.0000,100.00,0,1,1
309,192,put,0.965932,0.755653,0.854348,0.007588662,0.000550051,1,1.0000,100.00,0,1,1
310,15,was,0.996476,0.732452,0.854325,0.117490241,0.000484560,3,1.3333,100.00,0,3,3
311,367,court,0.940088,0.775037,0.853582,0.004159335,0.000616286,1,1.0000,100.00,0,1,1
312,475,bit,0.924229,0.786197,0.852424,0.003395514,0.000659589,3,1.3333,100.00,0,3,3
313,779,movie,0.880470,0.825257,0.852417,0.002190118,0.000850573,1,1.0000,100.00,0,1,1
314,478,land,0.923935,0.785022,0.851651,0.003395514,0.000648859,4,1.2500,75.00,3,2,5
315,1581,receive,0.775330,0.935389,0.851608,0.001096754,0.003086514,3,1.0000,100.00,0,3,3
316,245,water,0.958884,0.755360,0.851060,0.005891174,0.000550051,1,1.0000,100.00,0,1,1
317,1255,agree,0.815565,0.887225,0.850641,0.001348045,0.001492332,2,1.0000,100.00,0,2,2
318,135,last,0.975330,0.741263,0.850280,0.011748849,0.000508825,3,1.3333,66.67,2,2,4
319,543,language,0.914244,0.790308,0.850020,0.002953986,0.000660443,1,1.0000,100.00,0,1,1
320,1920,mad,0.735683,0.980617,0.849366,0.000891326,0.014125127,1,1.0000,100.00,0,1,1
321,918,offer,0.859325,0.839354,0.849281,0.001901523,0.000954140,1,1.0000,100.00,0,1,1
322,1216,nation,0.819677,0.879001,0.848821,0.001412492,0.001348045,1,1.0000,100.00,0,1,1
323,1029,link,0.843172,0.854038,0.848588,0.001697837,0.001063338,2,1.0000,100.00,1,1,2
324,39,can,0.990602,0.726872,0.848552,0.047877960,0.000469090,4,1.2500,75.00,2,3,5
325,186,please,0.967401,0.743025,0.847823,0.008132393,0.000513398,2,1.0000,100.00,0,2,2
326,323,kind,0.947137,0.758884,0.847801,0.004669048,0.000561949,1,1.0000,100.00,0,1,1
327,971,standard,0.851689,0.843465,0.847567,0.001816579,0.000976242,1,1.0000,100.00,0,1,1
328,1161,leader,0.828488,0.866667,0.847362,0.001478688,0.001201962,1,1.0000,100.00,0,1,1
329,1484,serve,0.788253,0.910720,0.847276,0.001174867,0.002155308,4,1.2500,100.00,0,4,4
330,726,page,0.888987,0.805580,0.846256,0.002342820,0.000741897,1,1.0000,100.00,0,1,1
331,1180,join,0.824963,0.867841,0.846131,0.001444777,0.001211848,3,1.3333,100.00,0,3,3
332,1937,tea,0.733921,0.974743,0.845804,0.000891326,0.009616113,5,1.6000,100.00,1,4,5
333,1573,port,0.776799,0.920705,0.845696,0.001096754,0.002490674,3,1.3333,66.67,2,2,4
334,1577,produce,0.776211,0.921292,0.845646,0.001096754,0.002514348,4,1.2500,100.00,0,4,4
335,675,answer,0.896623,0.797357,0.845534,0.002461708,0.000690980,1,1.0000,100.00,0,1,1
336,1845,arm,0.743025,0.962115,0.845503,0.000911700,0.006168576,10,1.6000,70.00,8,5,13
337,335,death,0.945081,0.755066,0.844748,0.004464938,0.000550051,1,1.0000,100.00,0,1,1
338,1278,remain,0.812335,0.877533,0.844305,0.001348045,0.001317525,1,1.0000,100.00,0,1,1
339,213,let,0.962702,0.740382,0.844255,0.006604527,0.000500852,1,1.0000,100.00,0,1,1
340,1153,claim,0.829369,0.859325,0.844214,0.001478688,0.001122272,1,1.0000,100.00,0,1,1
341,1410,fan,0.797063,0.891630,0.843022,0.001229190,0.001548971,2,1.0000,100.00,0,2,2
342,485,final,0.922761,0.769457,0.842629,0.003310686,0.000598467,2,1.0000,100.00,0,2,2
343,1208,drug,0.821145,0.864317,0.842455,0.001412492,0.001174867,1,1.0000,100.00,0,1,1
344,934,dog,0.857562,0.827606,0.842451,0.001867602,0.000870973,1,1.0000,100.00,0,1,1
345,1349,sale,0.804993,0.881645,0.842447,0.001288599,0.001380237,1,1.0000,100.00,0,1,1
346,1052,image,0.841116,0.843172,0.842143,0.001658735,0.000976242,1,1.0000,100.00,0,1,1
347,894,sign,0.862849,0.820558,0.841438,0.001952392,0.000831899,1,1.0000,100.00,0,1,1
348,547,moment,0.913656,0.774743,0.841338,0.002953986,0.000616286,1,1.0000,100.00,0,1,1
349,1466,bus,0.790602,0.893979,0.840703,0.001174867,0.001617954,3,1.0000,100.00,0,3,3
350,1402,broke,0.797944,0.885169,0.840426,0.001229190,0.001454980,3,1.3333,100.00,0,3,3
351,862,attack,0.868429,0.813216,0.840369,0.001986462,0.000775890,1,1.0000,100.00,0,1,1
352,905,bill,0.861087,0.819090,0.839826,0.001901523,0.000816654,2,1.0000,100.00,0,2,2
353,1498,count,0.786197,0.895742,0.839184,0.001147695,0.001641806,2,1.0000,100.00,0,2,2
354,1241,effort,0.817034,0.860793,0.838628,0.001380237,0.001147695,1,1.0000,100.00,0,1,1
355,718,film,0.889868,0.790015,0.838456,0.002342820,0.000660443,1,1.0000,100.00,0,1,1
356,187,god,0.967107,0.726579,0.838260,0.007945894,0.000466898,1,1.0000,100.00,0,1,1
357,441,heart,0.929222,0.755947,0.838118,0.003633351,0.000554807,2,1.0000,100.00,0,2,2
358,820,review,0.873421,0.804112,0.838050,0.002088310,0.000737497,2,1.0000,100.00,1,1,2
359,1055,material,0.840822,0.835242,0.838028,0.001658735,0.000933752,1,1.0000,100.00,0,1,1
360,976,allow,0.851101,0.824963,0.837930,0.001782568,0.000850573,1,1.0000,100.00,0,1,1
361,648,hold,0.900147,0.779148,0.837465,0.002563710,0.000631571,1,1.0000,100.00,0,1,1
362,412,post,0.933040,0.751542,0.837388,0.003802867,0.000536470,1,1.0000,100.00,0,1,1
363,785,stand,0.879295,0.797063,0.837170,0.002190118,0.000690980,1,1.0000,100.00,0,1,1
364,635,trade,0.901322,0.777093,0.836905,0.002631503,0.000625467,4,1.2500,100.00,0,4,4
365,738,fall,0.886637,0.789721,0.836777,0.002292070,0.000660443,1,1.0000,100.00,0,1,1
366,659,shot,0.898972,0.778855,0.836761,0.002563710,0.000631571,1,1.0000,100.00,0,1,1
367,1361,appear,0.802349,0.870778,0.835864,0.001258040,0.001258040,1,1.0000,100.00,0,1,1
368,1668,decide,0.764464,0.913656,0.835738,0.001023733,0.002283528,2,1.0000,100.00,0,2,2
369,767,region,0.881938,0.791777,0.835642,0.002241074,0.000675741,1,1.0000,100.00,0,1,1
370,582,board,0.908370,0.768576,0.835554,0.002750425,0.000592503,2,1.0000,100.00,1,1,2
371,550,return,0.913069,0.763583,0.834987,0.002953986,0.000575541,1,1.0000,100.00,0,1,1
372,1752,require,0.754185,0.923935,0.834756,0.000976242,0.002629807,2,1.0000,100.00,0,2,2
373,1969,rain,0.730103,0.953010,0.834144,0.000870973,0.004639214,11,1.5455,63.64,9,6,15
374,2073,lay,0.716593,0.970631,0.833995,0.000813227,0.007988599,5,1.2000,80.00,4,2,6
375,760,director,0.883407,0.785903,0.833230,0.002241074,0.000659250,2,1.0000,100.00,0,2,2
376,1103,piece,0.835536,0.829956,0.832741,0.001584003,0.000891326,1,1.0000,100.00,0,1,1
377,546,minister,0.913950,0.758590,0.832655,0.002953986,0.000561949,1,1.0000,100.00,0,1,1
378,872,practice,0.867548,0.798532,0.832325,0.001986462,0.000695747,2,1.0000,100.00,0,2,2
379,1066,card,0.839354,0.824670,0.831979,0.001621344,0.000850573,1,1.0000,100.00,0,1,1
380,559,role,0.911307,0.758297,0.831289,0.002886242,0.000561949,1,1.0000,100.00,0,1,1
381,1197,bar,0.822907,0.837298,0.830072,0.001412492,0.000944452,5,1.0000,100.00,0,5,5
382,21,have,0.995007,0.691336,0.829388,0.085059863,0.000395747,3,1.3333,100.00,1,2,3
383,1124,organization,0.833480,0.824376,0.828916,0.001548296,0.000850573,1,1.0000,100.00,0,1,1
384,1223,photo,0.818796,0.839060,0.828866,0.001412492,0.000954140,1,1.0000,100.00,0,1,1
385,1536,lie,0.780323,0.879883,0.828609,0.001122272,0.001351403,3,1.3333,100.00,1,2,3
386,297,open,0.950073,0.722173,0.828322,0.005127177,0.000456693,1,1.0000,100.00,0,1,1
387,1525,comment,0.782085,0.877239,0.828297,0.001122272,0.001317525,1,1.0000,100.00,0,1,1
388,1081,letter,0.838179,0.818502,0.828282,0.001621344,0.000813227,1,1.0000,100.00,0,1,1
389,1778,core,0.751542,0.912775,0.828244,0.000954140,0.002245312,4,1.5000,75.00,2,3,5
390,1168,store,0.827606,0.828194,0.827900,0.001478688,0.000877733,2,1.0000,100.00,0,2,2
391,92,well,0.981204,0.698385,0.827803,0.018676299,0.000410183,3,1.0000,100.00,2,1,3
392,307,course,0.948899,0.721880,0.827642,0.004787725,0.000456693,1,1.0000,100.00,0,1,1
393,672,situation,0.897210,0.763289,0.827545,0.002512693,0.000575541,1,1.0000,100.00,0,1,1
394,1520,animal,0.783260,0.874302,0.827530,0.001122272,0.001288599,1,1.0000,100.00,0,1,1
395,65,people,0.986197,0.694273,0.827460,0.028862849,0.000397268,1,1.0000,100.00,0,1,1
396,782,risk,0.880176,0.777386,0.827186,0.002190118,0.000626647,2,1.0000,100.00,0,2,2
397,1267,luck,0.814097,0.838767,0.826340,0.001348045,0.000954140,1,1.0000,100.00,0,1,1
398,337,food,0.944787,0.721586,0.825679,0.004464938,0.000456693,1,1.0000,100.00,0,1,1
399,891,message,0.863436,0.789427,0.825603,0.001952392,0.000660443,1,1.0000,100.00,0,1,1
400,784,stage,0.879589,0.772394,0.824250,0.002190118,0.000606460,2,1.0000,100.00,0,2,2
401,1354,trip,0.803818,0.844934,0.824120,0.001288599,0.000987920,6,2.0000,83.33,2,5,7
402,1315,plant,0.809398,0.838473,0.823807,0.001317525,0.000954140,1,1.0000,100.00,0,1,1
403,1352,teacher,0.804112,0.842878,0.823267,0.001288599,0.000976242,1,1.0000,100.00,0,1,1
404,374,season,0.939501,0.721292,0.823198,0.004159335,0.000456693,1,1.0000,100.00,0,1,1
405,342,others,0.943612,0.716887,0.822474,0.004464938,0.000447689,2,1.0000,100.00,2,0,2
406,570,chance,0.910426,0.742731,0.822315,0.002818360,0.000512710,1,1.0000,100.00,0,1,1
407,1374,grow,0.800000,0.845228,0.822303,0.001258040,0.000988102,2,1.0000,100.00,0,2,2
408,1838,toward,0.743906,0.908076,0.821902,0.000933752,0.002037361,1,1.0000,100.00,0,1,1
409,345,control,0.943319,0.716006,0.821840,0.004363416,0.000446532,1,1.0000,100.00,0,1,1
410,666,ground,0.898091,0.751248,0.821395,0.002512693,0.000536470,1,1.0000,100.00,0,1,1
411,1835,raise,0.744200,0.905727,0.821000,0.000933752,0.001954423,5,1.4000,60.00,3,4,7
412,324,mind,0.946843,0.711013,0.820499,0.004669048,0.000436335,1,1.0000,100.00,0,1,1
413,1018,wall,0.844934,0.796769,0.820498,0.001731790,0.000690980,1,1.0000,100.00,0,1,1
414,1548,window,0.779148,0.864023,0.820489,0.001122272,0.001174867,1,1.0000,100.00,0,1,1
415,1014,pain,0.845228,0.795301,0.819884,0.001731790,0.000690155,3,1.3333,100.00,0,3,3
416,1783,feature,0.750661,0.895448,0.819864,0.000954140,0.001641806,2,1.0000,100.00,0,2,2
417,802,park,0.875771,0.765051,0.818541,0.002139250,0.000580971,3,1.3333,66.67,2,2,4
418,26,but,0.993833,0.673715,0.818266,0.070799737,0.000355858,2,1.5000,100.00,0,2,2
419,1615,ride,0.771512,0.867254,0.817984,0.001071281,0.001203027,6,1.3333,83.33,3,4,7
420,292,support,0.951542,0.702203,0.817420,0.005245944,0.000415969,1,1.0000,100.00,0,1,1
421,1008,difference,0.846109,0.789134,0.817125,0.001731790,0.000660443,1,1.0000,100.00,0,1,1
422,941,paper,0.856388,0.778561,0.816548,0.001867602,0.000631571,1,1.0000,100.00,0,1,1
423,750,size,0.884581,0.752717,0.815990,0.002292070,0.000548374,2,1.0000,100.00,0,2,2
424,1218,notice,0.819383,0.812335,0.815851,0.001412492,0.000774026,2,1.0000,100.00,0,2,2
425,2285,hole,0.695154,0.956828,0.815563,0.000724956,0.005348141,2,1.0000,100.00,1,1,2
426,995,station,0.848164,0.784141,0.815525,0.001782568,0.000645168,1,1.0000,100.00,0,1,1
427,1210,gun,0.820558,0.809985,0.815255,0.001412492,0.000758931,1,1.0000,100.00,0,1,1
428,889,door,0.864023,0.767695,0.814436,0.001952392,0.000589109,1,1.0000,100.00,0,1,1
429,679,club,0.896035,0.740088,0.814337,0.002461708,0.000500852,1,1.0000,100.00,0,1,1
430,1618,score,0.770925,0.859912,0.814204,0.001071281,0.001132434,2,1.0000,100.00,0,2,2
431,2342,row,0.689280,0.961527,0.814102,0.000707976,0.006101107,15,2.0000,73.33,6,12,18
432,503,period,0.918649,0.720999,0.813846,0.003242859,0.000456693,1,1.0000,100.00,0,1,1
433,522,phone,0.916300,0.722467,0.813631,0.003089951,0.000459264,2,1.0000,100.00,0,2,2
434,991,rock,0.848752,0.779736,0.813512,0.001782568,0.000636650,2,1.0000,100.00,0,2,2
435,2247,mode,0.700147,0.944200,0.813067,0.000741897,0.003687617,6,1.6667,100.00,0,6,6
436,291,stop,0.951836,0.693979,0.812745,0.005245944,0.000397268,1,1.0000,100.00,0,1,1
437,725,meeting,0.889280,0.742438,0.812549,0.002342820,0.000512710,1,1.0000,100.00,0,1,1
438,549,present,0.913363,0.720705,0.811335,0.002953986,0.000456693,1,1.0000,100.00,0,1,1
439,1858,factor,0.740675,0.888399,0.811182,0.000911700,0.001516089,2,1.0000,100.00,0,2,2
440,553,town,0.912482,0.720411,0.810779,0.002953986,0.000456693,1,1.0000,100.00,0,1,1
441,1060,train,0.840235,0.781204,0.810182,0.001658735,0.000641271,3,1.3333,66.67,2,2,4
442,1795,patient,0.748018,0.876946,0.809920,0.000954140,0.001317525,1,1.0000,100.00,0,1,1
443,897,title,0.862555,0.760352,0.809843,0.001952392,0.000565845,2,1.0000,100.00,0,2,2
444,2660,hat,0.656975,0.997944,0.809706,0.000602695,0.222093304,7,1.2857,100.00,3,4,7
445,1801,sport,0.747430,0.876652,0.809467,0.000954140,0.001317525,1,1.0000,100.00,0,1,1
446,709,amount,0.891336,0.735095,0.809455,0.002342820,0.000488975,1,1.0000,100.00,0,1,1
447,961,island,0.853157,0.767401,0.809144,0.001816579,0.000589109,1,1.0000,100.00,0,1,1
448,1632,benefit,0.768869,0.851101,0.808941,0.001047551,0.001047551,1,1.0000,100.00,0,1,1
449,1181,judge,0.824670,0.793245,0.808805,0.001444777,0.000679124,2,1.0000,100.00,0,2,2
450,1554,eating,0.777974,0.839941,0.808364,0.001096754,0.000955703,4,1.2500,100.00,4,0,4
451,1165,purpose,0.828194,0.788840,0.808277,0.001478688,0.000660443,1,1.0000,100.00,0,1,1
452,1488,tree,0.787372,0.829662,0.808240,0.001174867,0.000891326,1,1.0000,100.00,0,1,1
453,926,sleep,0.858443,0.760940,0.808223,0.001901523,0.000568225,3,1.0000,100.00,1,2,3
454,1507,method,0.785022,0.832012,0.808175,0.001147695,0.000911700,1,1.0000,100.00,0,1,1
455,715,couple,0.890749,0.733040,0.808056,0.002342820,0.000487598,2,1.0000,100.00,0,2,2
456,486,list,0.922467,0.707783,0.808026,0.003310686,0.000426158,1,1.0000,100.00,0,1,1
457,2458,don,0.676946,0.963583,0.807647,0.000660443,0.006315805,1,1.0000,100.00,0,1,1
458,816,mine,0.873715,0.746549,0.807633,0.002088310,0.000526998,4,1.2500,100.00,0,4,4
459,1640,file,0.767988,0.847577,0.806802,0.001047551,0.001011876,2,1.0000,100.00,0,2,2
460,1398,wear,0.798238,0.815272,0.806710,0.001258040,0.000787396,3,1.0000,100.00,1,2,3
461,1326,structure,0.808223,0.804699,0.806459,0.001317525,0.000739203,2,1.0000,100.00,0,2,2
462,591,king,0.906902,0.715712,0.805655,0.002750425,0.000446532,1,1.0000,100.00,0,1,1
463,1270,mission,0.813216,0.797944,0.805544,0.001348045,0.000694219,5,1.4000,80.00,4,2,6
464,1762,user,0.753598,0.859031,0.804589,0.000976242,0.001122272,1,1.0000,100.00,0,1,1
465,910,cover,0.860206,0.752423,0.804511,0.001901523,0.000547885,2,1.0000,100.00,0,2,2
466,1261,dream,0.814391,0.794714,0.804492,0.001348045,0.000684045,2,1.0000,100.00,0,2,2
467,1777,concern,0.751836,0.860499,0.804334,0.000954140,0.001147695,1,1.0000,100.00,0,1,1
468,724,key,0.889574,0.726285,0.803794,0.002342820,0.000466898,1,1.0000,100.00,0,1,1
469,948,ball,0.855507,0.754772,0.803563,0.001816579,0.000550051,1,1.0000,100.00,0,1,1
470,1226,ship,0.818502,0.788546,0.803385,0.001412492,0.000660443,1,1.0000,100.00,0,1,1
471,1438,challenge,0.794126,0.812628,0.803324,0.001201962,0.000774689,3,1.0000,100.00,0,3,3
472,1923,measure,0.735389,0.875184,0.802247,0.000891326,0.001297081,2,1.0000,100.00,0,2,2
473,1523,cell,0.782379,0.822614,0.802244,0.001122272,0.000845655,2,1.0000,100.00,0,2,2
474,1750,prove,0.754479,0.852570,0.802026,0.000976242,0.001049189,3,1.0000,100.00,0,3,3
475,1363,begin,0.802056,0.801762,0.801909,0.001258040,0.000724956,1,1.0000,100.00,0,1,1
476,1129,statement,0.832893,0.771806,0.801768,0.001548296,0.000602695,1,1.0000,100.00,0,1,1
477,2186,arts,0.705433,0.909838,0.801143,0.000758931,0.002119705,3,1.0000,100.00,3,0,3
478,1539,reference,0.779736,0.822907,0.801031,0.001122272,0.000846004,3,1.3333,66.67,2,2,4
479,823,section,0.872834,0.734802,0.800850,0.002088310,0.000488975,1,1.0000,100.00,0,1,1
480,677,break,0.896329,0.715419,0.800781,0.002461708,0.000446532,1,1.0000,100.00,0,1,1
481,962,mark,0.852863,0.750954,0.800288,0.001816579,0.000536470,1,1.0000,100.00,0,1,1
482,611,fine,0.903965,0.708370,0.800213,0.002682516,0.000427326,4,1.2500,100.00,0,4,4
483,858,voice,0.869016,0.736564,0.800054,0.002037361,0.000492680,2,1.0000,100.00,0,2,2
484,1879,plane,0.739207,0.865492,0.799861,0.000911700,0.001185079,3,1.3333,100.00,0,3,3
485,1553,draw,0.778267,0.822026,0.799848,0.001096754,0.000840399,2,1.0000,100.00,0,2,2
486,610,economic,0.904258,0.707489,0.799846,0.002682516,0.000426158,1,1.0000,100.00,0,1,1
487,1511,rise,0.784141,0.815859,0.799843,0.001147695,0.000793536,6,1.5000,66.67,4,4,8
488,64,she,0.986490,0.645228,0.797816,0.029540295,0.000309844,2,1.5000,100.00,0,2,2
489,833,hate,0.871659,0.728634,0.796945,0.002037361,0.000477068,2,1.0000,100.00,0,2,2
490,1642,fund,0.767401,0.827313,0.796794,0.001047551,0.000870973,1,1.0000,100.00,0,1,1
491,2595,sing,0.663730,0.955947,0.796549,0.000631571,0.005140345,2,1.0000,100.00,1,1,2
492,501,mother,0.918943,0.690162,0.796379,0.003242859,0.000388779,1,1.0000,100.00,0,1,1
493,938,network,0.856975,0.739794,0.796232,0.001867602,0.000500852,1,1.0000,100.00,0,1,1
494,826,choice,0.872540,0.725991,0.795900,0.002037361,0.000466898,1,1.0000,100.00,0,1,1
495,488,meet,0.921880,0.686637,0.795611,0.003310686,0.000380319,1,1.0000,100.00,0,1,1
496,2277,ending,0.696035,0.908957,0.795403,0.000724956,0.002045296,9,1.2222,100.00,8,1,9
497,729,science,0.888106,0.710720,0.794477,0.002342820,0.000436335,1,1.0000,100.00,0,1,1
498,1178,degree,0.825257,0.762996,0.793516,0.001444777,0.000575541,1,1.0000,100.00,0,1,1
499,1580,realize,0.775624,0.810866,0.793049,0.001096754,0.000760798,2,1.0000,100.00,0,2,2
500,1272,older,0.812922,0.773275,0.792851,0.001348045,0.000612743,5,1.4000,100.00,3,2,5
501,112,being,0.977680,0.641410,0.791892,0.014787101,0.000302206,1,1.0000,100.00,0,1,1
502,2504,actor,0.674009,0.929809,0.791644,0.000645168,0.002864124,4,1.5000,75.00,2,3,5
503,1302,damage,0.809985,0.772981,0.791267,0.001317525,0.000611190,2,1.0000,100.00,0,2,2
504,1713,option,0.758590,0.824082,0.790658,0.000999955,0.000850573,1,1.0000,100.00,0,1,1
505,2214,ray,0.702496,0.888693,0.790129,0.000758931,0.001517843,7,1.2857,100.00,6,1,7
506,1930,reduce,0.734508,0.849633,0.789976,0.000891326,0.001036844,2,1.0000,100.00,0,2,2
507,1630,award,0.769163,0.809692,0.789167,0.001047551,0.000758931,1,1.0000,100.00,0,1,1
508,2411,describe,0.681351,0.913363,0.788873,0.000675741,0.002283477,2,1.0000,100.00,0,2,2
509,119,world,0.976799,0.635830,0.788085,0.014125127,0.000295424,1,1.0000,100.00,0,1,1
510,1177,crime,0.825551,0.750661,0.787216,0.001444777,0.000536470,1,1.0000,100.00,0,1,1
511,853,subject,0.869604,0.710426,0.785995,0.002037361,0.000436335,1,1.0000,100.00,0,1,1
512,1572,pop,0.777093,0.794420,0.785708,0.001096754,0.000680946,2,1.0000,100.00,0,2,2
513,1787,host,0.749486,0.823495,0.785619,0.000954140,0.000849251,3,1.3333,66.67,2,2,4
514,2580,parent,0.665786,0.926579,0.785432,0.000631571,0.002750425,1,1.0000,100.00,0,1,1
515,2001,mail,0.726285,0.849339,0.785406,0.000850573,0.001034113,3,1.3333,66.67,2,2,4
516,759,difficult,0.883700,0.697797,0.785267,0.002241074,0.000407447,1,1.0000,100.00,0,1,1
517,2086,remove,0.715419,0.861674,0.785148,0.000813227,0.001152603,2,1.0000,100.00,0,2,2
518,671,sex,0.897504,0.686344,0.784854,0.002512693,0.000380319,1,1.0000,100.00,0,1,1
519,2547,wing,0.669016,0.918943,0.784084,0.000645168,0.002431503,7,1.7143,85.71,6,2,8
520,1188,scene,0.823789,0.745962,0.783910,0.001444777,0.000524587,1,1.0000,100.00,0,1,1
521,1705,hill,0.759765,0.807636,0.783335,0.000999955,0.000750945,4,1.5000,75.00,2,3,5
522,2677,quit,0.654038,0.937445,0.783023,0.000602695,0.003196613,2,1.0000,100.00,0,2,2
523,2667,manage,0.655213,0.934214,0.782374,0.000602695,0.003059524,4,1.2500,100.00,0,4,4
524,1128,sister,0.833186,0.734508,0.782293,0.001548296,0.000488975,1,1.0000,100.00,0,1,1
525,707,union,0.891630,0.686050,0.782114,0.002393736,0.000380319,1,1.0000,100.00,0,1,1
526,985,movement,0.849339,0.720117,0.782064,0.001782568,0.000456693,1,1.0000,100.00,0,1,1
527,1259,doctor,0.814978,0.750367,0.782006,0.001348045,0.000536470,1,1.0000,100.00,0,1,1
528,857,version,0.869310,0.703377,0.781955,0.002037361,0.000418999,2,1.0000,100.00,1,1,2
529,1708,improve,0.759471,0.804405,0.781615,0.000999955,0.000738542,2,1.0000,100.00,0,2,2
530,698,design,0.893392,0.683113,0.781209,0.002393736,0.000371820,1,1.0000,100.00,0,1,1
531,1269,manager,0.813510,0.750073,0.781148,0.001348045,0.000536470,1,1.0000,100.00,0,1,1
532,564,space,0.911013,0.669310,0.780865,0.002886242,0.000348717,2,1.0000,100.00,0,2,2
533,1435,attempt,0.794420,0.767107,0.780644,0.001201962,0.000589109,1,1.0000,100.00,0,1,1
534,929,text,0.858150,0.710132,0.780641,0.001901523,0.000436335,1,1.0000,100.00,0,1,1
535,970,speak,0.851982,0.715125,0.780560,0.001816579,0.000446532,1,1.0000,100.00,0,1,1
536,1768,artist,0.752717,0.809398,0.780543,0.000954140,0.000758931,1,1.0000,100.00,0,1,1
537,1605,function,0.772394,0.788253,0.780283,0.001071281,0.000660443,1,1.0000,100.00,0,1,1
538,2261,suppose,0.698091,0.870485,0.779537,0.000741897,0.001258040,1,1.0000,100.00,0,1,1
539,411,pay,0.933333,0.650220,0.779020,0.003802867,0.000315800,1,1.0000,100.00,0,1,1
540,1676,prince,0.763877,0.794126,0.778855,0.001023733,0.000680295,2,1.5000,100.00,0,2,2
541,2843,rice,0.639060,0.948311,0.778478,0.000561949,0.004037517,3,1.6667,100.00,1,2,3
542,2052,thousand,0.719236,0.842584,0.778471,0.000831899,0.000976242,1,1.0000,100.00,0,1,1
543,1205,dance,0.821733,0.736270,0.777829,0.001412492,0.000491856,4,1.2500,100.00,0,4,4
544,2064,determine,0.718062,0.842291,0.777700,0.000813227,0.000976242,1,1.0000,100.00,0,1,1
545,2181,advance,0.706021,0.855800,0.777311,0.000758931,0.001079801,2,1.0000,100.00,0,2,2
546,1072,female,0.838767,0.719824,0.777023,0.001621344,0.000456693,1,1.0000,100.00,0,1,1
547,1663,application,0.765639,0.787959,0.776719,0.001023733,0.000660443,1,1.0000,100.00,0,1,1
548,1813,edge,0.746256,0.807048,0.776057,0.000933752,0.000747203,10,1.7000,100.00,5,5,10
549,1537,partner,0.780029,0.771512,0.775759,0.001122272,0.000602695,1,1.0000,100.00,0,1,1
550,793,center,0.877533,0.685756,0.775741,0.002139250,0.000380319,1,1.0000,100.00,0,1,1
551,1638,exist,0.768282,0.782379,0.775298,0.001047551,0.000644118,2,1.0000,100.00,1,1,2
552,1967,promise,0.730690,0.822320,0.775152,0.000870973,0.000845474,2,1.0000,100.00,0,2,2
553,952,computer,0.854919,0.701909,0.774645,0.001816579,0.000415969,1,1.0000,100.00,0,1,1
554,1293,author,0.811160,0.739501,0.774502,0.001317525,0.000500852,1,1.0000,100.00,0,1,1
555,438,development,0.929809,0.644934,0.774381,0.003633351,0.000308991,1,1.0000,100.00,0,1,1
556,998,track,0.847871,0.707195,0.774345,0.001782568,0.000426158,1,1.0000,100.00,0,1,1
557,2011,surprise,0.725110,0.826432,0.774115,0.000850573,0.000864814,2,1.0000,100.00,0,2,2
558,1591,throw,0.773862,0.773568,0.773715,0.001096754,0.000614612,2,1.0000,100.00,0,2,2
559,3052,sin,0.619971,0.963289,0.772794,0.000512710,0.006276502,6,1.5000,100.00,1,5,6
560,3253,yo,0.598238,0.997651,0.772549,0.000478765,0.218198537,3,2.0000,100.00,0,3,3
561,1214,master,0.819971,0.727460,0.772331,0.001412492,0.000473522,2,1.0000,100.00,0,2,2
562,755,blue,0.884288,0.673421,0.771685,0.002241074,0.000354820,1,1.0000,100.00,0,1,1
563,1268,machine,0.813803,0.730984,0.771283,0.001348045,0.000478765,1,1.0000,100.00,0,1,1
564,2727,lane,0.650514,0.913069,0.770691,0.000589109,0.002248055,5,1.8000,80.00,2,4,6
565,860,add,0.868722,0.682819,0.770182,0.001986462,0.000371820,1,1.0000,100.00,0,1,1
566,710,blood,0.891043,0.664905,0.769713,0.002342820,0.000339546,1,1.0000,100.00,0,1,1
567,924,response,0.858737,0.689868,0.769685,0.001901523,0.000388779,1,1.0000,100.00,0,1,1
568,495,check,0.920411,0.641116,0.768173,0.003242859,0.000302206,1,1.0000,100.00,0,1,1
569,2514,detail,0.672540,0.876358,0.767715,0.000645168,0.001317525,1,1.0000,100.00,0,1,1
570,1725,adult,0.757122,0.778267,0.767622,0.000976242,0.000631571,1,1.0000,100.00,0,1,1
571,2340,reserve,0.689868,0.852863,0.767048,0.000707976,0.001049225,4,1.2500,75.00,2,3,5
572,555,department,0.912188,0.644640,0.766833,0.002886242,0.000308991,1,1.0000,100.00,0,1,1
573,1136,disease,0.831424,0.706902,0.766639,0.001512638,0.000426158,1,1.0000,100.00,0,1,1
574,1242,explain,0.816740,0.719530,0.766596,0.001380237,0.000456693,1,1.0000,100.00,0,1,1
575,1207,drink,0.821439,0.714831,0.766283,0.001412492,0.000446532,1,1.0000,100.00,0,1,1
576,1442,demand,0.793539,0.739207,0.765891,0.001201962,0.000500852,1,1.0000,100.00,0,1,1
577,1176,contract,0.825844,0.709838,0.765647,0.001444777,0.000436335,1,1.0000,100.00,0,1,1
578,2074,leg,0.716300,0.818209,0.765560,0.000813227,0.000813227,1,1.0000,100.00,0,1,1
579,540,common,0.914537,0.640822,0.765543,0.002953986,0.000302206,1,1.0000,100.00,0,1,1
580,2019,acts,0.723935,0.809104,0.765336,0.000831899,0.000758931,1,1.0000,100.00,1,0,1
581,803,quality,0.875477,0.668722,0.765148,0.002139250,0.000346336,1,1.0000,100.00,1,0,1
582,2891,mile,0.635242,0.921586,0.765134,0.000550051,0.002533494,5,1.6000,80.00,2,4,6
583,1220,opinion,0.819090,0.714537,0.765030,0.001412492,0.000446532,1,1.0000,100.00,0,1,1
584,1486,solution,0.787959,0.742144,0.764708,0.001174867,0.000512710,1,1.0000,100.00,0,1,1
585,1619,seat,0.770631,0.758003,0.764291,0.001071281,0.000561949,1,1.0000,100.00,0,1,1
586,1765,agent,0.753010,0.774449,0.763655,0.000954140,0.000616286,1,1.0000,100.00,0,1,1
587,1472,fat,0.789721,0.737445,0.763135,0.001174867,0.000495255,2,1.0000,100.00,0,2,2
588,1366,color,0.801468,0.725698,0.762643,0.001258040,0.000466898,1,1.0000,100.00,0,1,1
589,1940,treat,0.733627,0.792658,0.762571,0.000891326,0.000675863,2,1.0000,100.00,0,2,2
590,1533,influence,0.780910,0.744493,0.762485,0.001122272,0.000519534,2,1.0000,100.00,0,2,2
591,3380,thin,0.587078,0.989134,0.762036,0.000456693,0.037464877,4,1.5000,100.00,0,4,4
592,1864,hundred,0.740088,0.783847,0.761653,0.000911700,0.000645168,1,1.0000,100.00,0,1,1
593,876,style,0.866373,0.668429,0.760992,0.001986462,0.000346336,1,1.0000,100.00,0,1,1
594,2841,raw,0.639354,0.905140,0.760726,0.000561949,0.001937153,3,1.6667,100.00,1,2,3
595,1418,location,0.796476,0.725404,0.760110,0.001229190,0.000466898,1,1.0000,100.00,0,1,1
596,2275,elected,0.696329,0.829369,0.759943,0.000724956,0.000891326,1,1.0000,100.00,1,0,1
597,2100,bird,0.713950,0.808811,0.759902,0.000794578,0.000758931,1,1.0000,100.00,0,1,1
598,1483,pro,0.788546,0.732159,0.759830,0.001174867,0.000483864,6,1.5000,100.00,0,6,6
599,1794,owner,0.748311,0.771219,0.759679,0.000954140,0.000602695,1,1.0000,100.00,0,1,1
600,1448,heat,0.792952,0.727753,0.759653,0.001201962,0.000474195,4,1.2500,75.00,3,2,5
601,3342,fee,0.590015,0.977680,0.759503,0.000456693,0.011636505,6,1.3333,100.00,0,6,6
602,1846,bear,0.742731,0.776505,0.759430,0.000911700,0.000622924,3,1.3333,100.00,0,3,3
603,473,stay,0.924523,0.623789,0.759412,0.003463416,0.000281832,1,1.0000,100.00,0,1,1
604,1982,vehicle,0.728047,0.791483,0.759103,0.000870973,0.000675741,1,1.0000,100.00,0,1,1
605,1724,wood,0.757416,0.760646,0.759029,0.000999955,0.000566892,2,1.0000,100.00,0,2,2
606,1780,ends,0.751248,0.765345,0.758264,0.000954140,0.000583713,5,1.2000,100.00,5,0,5
607,1196,band,0.823201,0.697504,0.757751,0.001412492,0.000407447,1,1.0000,100.00,0,1,1
608,1831,mountain,0.744787,0.770925,0.757743,0.000933752,0.000602695,1,1.0000,100.00,0,1,1
609,2449,customer,0.677827,0.846990,0.757702,0.000660443,0.000999955,1,1.0000,100.00,0,1,1
610,3468,ear,0.577974,0.992952,0.757562,0.000436335,0.062201781,42,1.9048,76.19,27,24,51
611,930,visit,0.857856,0.668135,0.757076,0.001901523,0.000346336,1,1.0000,100.00,0,1,1
612,1529,finding,0.781498,0.730690,0.755667,0.001122272,0.000478765,1,1.0000,100.00,0,1,1
613,3044,peak,0.621439,0.917474,0.755086,0.000512710,0.002380596,3,1.3333,66.67,2,2,4
614,1802,suggest,0.747137,0.762702,0.754879,0.000954140,0.000575541,1,1.0000,100.00,0,1,1
615,727,performance,0.888693,0.640529,0.754476,0.002342820,0.000302206,1,1.0000,100.00,0,1,1
616,2029,device,0.722173,0.787665,0.754209,0.000831899,0.000660443,1,1.0000,100.00,0,1,1
617,899,walk,0.861968,0.659912,0.754203,0.001952392,0.000331064,1,1.0000,100.00,0,1,1
618,2373,lying,0.686050,0.829075,0.754180,0.000690980,0.000891326,1,1.0000,100.00,1,0,1
619,3086,inner,0.617327,0.919530,0.753426,0.000500852,0.002452787,6,1.5000,100.00,3,3,6
620,2585,refer,0.664905,0.853157,0.753172,0.000631571,0.001052265,3,1.3333,66.67,2,2,4
621,960,hospital,0.853451,0.664611,0.753135,0.001816579,0.000339546,1,1.0000,100.00,0,1,1
622,1872,limit,0.739501,0.766814,0.753033,0.000911700,0.000589109,1,1.0000,100.00,0,1,1
623,3320,ban,0.591777,0.957709,0.752828,0.000456693,0.005510758,7,1.4286,100.00,0,7,7
624,1561,losing,0.777680,0.725110,0.750935,0.001096754,0.000466898,1,1.0000,100.00,1,0,1
625,1699,evil,0.760940,0.740969,0.750888,0.000999955,0.000505923,3,1.3333,66.67,2,2,4
626,1425,separate,0.795888,0.708076,0.750700,0.001229190,0.000426486,2,1.0000,100.00,0,2,2
627,955,daughter,0.854332,0.659618,0.750688,0.001816579,0.000331064,1,1.0000,100.00,0,1,1
628,191,might,0.966226,0.582673,0.750329,0.007588662,0.000234302,1,1.0000,100.00,0,1,1
629,1733,crew,0.756535,0.743906,0.750194,0.000976242,0.000514782,3,1.3333,66.67,2,2,4
630,887,culture,0.864317,0.651101,0.750172,0.001952392,0.000318840,2,1.0000,100.00,0,2,2
631,2616,item,0.661380,0.850808,0.750138,0.000616286,0.001047551,1,1.0000,100.00,0,1,1
632,790,worth,0.878120,0.640235,0.749802,0.002190118,0.000302206,1,1.0000,100.00,0,1,1
633,1493,block,0.786784,0.714244,0.749637,0.001147695,0.000446532,1,1.0000,100.00,0,1,1
634,768,tax,0.881645,0.637298,0.749580,0.002241074,0.000301178,2,1.5000,100.00,0,2,2
635,2674,prepare,0.654626,0.857562,0.749254,0.000602695,0.001106921,2,1.0000,100.00,0,2,2
636,453,father,0.927460,0.605286,0.749252,0.003548253,0.000256367,1,1.0000,100.00,0,1,1
637,764,population,0.882819,0.635536,0.749042,0.002241074,0.000295424,1,1.0000,100.00,0,1,1
638,2609,dollar,0.661968,0.846696,0.748656,0.000616286,0.000999955,1,1.0000,100.00,0,1,1
639,2398,victim,0.683113,0.820264,0.748554,0.000690980,0.000831899,1,1.0000,100.00,0,1,1
640,2695,ages,0.652863,0.857856,0.748373,0.000589109,0.001107774,3,1.0000,100.00,3,0,3
641,1786,handle,0.749780,0.746843,0.748310,0.000954140,0.000528346,4,1.2500,100.00,1,3,4
642,2026,communication,0.722761,0.774156,0.748017,0.000831899,0.000616286,1,1.0000,100.00,0,1,1
643,3059,worker,0.619383,0.901909,0.747414,0.000512710,0.001867602,1,1.0000,100.00,0,1,1
644,1673,horse,0.764170,0.730396,0.747093,0.001023733,0.000478765,1,1.0000,100.00,0,1,1
645,1155,flight,0.829075,0.673128,0.747043,0.001478688,0.000354820,1,1.0000,100.00,0,1,1
646,2393,suit,0.683407,0.814978,0.746299,0.000690980,0.000781652,4,1.5000,100.00,0,4,4
647,275,less,0.955653,0.582379,0.746024,0.005500590,0.000234302,1,1.0000,100.00,1,0,1
648,3240,rid,0.600000,0.922467,0.743962,0.000478765,0.002573290,9,1.8889,88.89,5,5,10
649,2168,purchase,0.707783,0.780910,0.743448,0.000775890,0.000641257,3,1.0000,100.00,0,3,3
650,1487,target,0.787665,0.701615,0.743396,0.001174867,0.000415969,1,1.0000,100.00,0,1,1
651,1149,wide,0.829662,0.665492,0.743057,0.001512638,0.000342096,2,1.0000,100.00,0,2,2
652,2878,earned,0.636711,0.866373,0.742717,0.000550051,0.001201962,1,1.0000,100.00,1,0,1
653,1563,map,0.777386,0.709545,0.742691,0.001096754,0.000436335,1,1.0000,100.00,0,1,1
654,3221,lock,0.602349,0.914537,0.742207,0.000478765,0.002315451,6,1.3333,66.67,5,3,8
655,804,website,0.875184,0.628781,0.741821,0.002139250,0.000288620,1,1.0000,100.00,0,1,1
656,2563,contain,0.667548,0.823789,0.741565,0.000631571,0.000850573,1,1.0000,100.00,0,1,1
657,2164,mistake,0.708076,0.776211,0.741362,0.000775890,0.000619708,2,1.0000,100.00,0,2,2
658,588,fight,0.907489,0.604993,0.740962,0.002750425,0.000256367,1,1.0000,100.00,0,1,1
659,1115,drop,0.834655,0.656388,0.740174,0.001548296,0.000324281,1,1.0000,100.00,0,1,1
660,1679,stone,0.763289,0.717474,0.740027,0.001023733,0.000447861,3,1.0000,100.00,0,3,3
661,907,code,0.860793,0.636123,0.739980,0.001901523,0.000295574,2,1.0000,100.00,0,2,2
662,1433,wind,0.794714,0.687812,0.739333,0.001229190,0.000387258,2,1.0000,100.00,0,2,2
663,468,red,0.925698,0.590308,0.739221,0.003463416,0.000244470,2,1.0000,100.00,1,1,2
664,226,real,0.961527,0.567695,0.738819,0.006315805,0.000224961,2,1.5000,100.00,0,2,2
665,3716,ears,0.555066,0.983260,0.738765,0.000397268,0.016988440,7,1.0000,100.00,7,0,7
666,2804,weapon,0.643172,0.848458,0.738718,0.000575541,0.001023733,1,1.0000,100.00,0,1,1
667,1973,shape,0.729222,0.747430,0.738270,0.000870973,0.000529201,2,1.0000,100.00,0,2,2
668,1477,interview,0.789427,0.689574,0.737813,0.001174867,0.000388779,1,1.0000,100.00,0,1,1
669,1166,secret,0.827900,0.656094,0.737008,0.001478688,0.000324281,1,1.0000,100.00,0,1,1
670,3415,hip,0.583260,0.931278,0.737005,0.000446532,0.002897536,6,1.3333,66.67,5,3,8
671,3424,mount,0.582966,0.930103,0.736355,0.000446532,0.002878484,3,1.3333,66.67,2,2,4
672,3661,hop,0.561233,0.965639,0.736172,0.000407447,0.006644231,8,1.5000,75.00,4,6,10
673,2065,driver,0.717768,0.754479,0.735894,0.000813227,0.000550051,1,1.0000,100.00,0,1,1
674,2279,error,0.695742,0.777680,0.735571,0.000724956,0.000628166,2,1.0000,100.00,1,1,2
675,1145,reach,0.829956,0.651689,0.735441,0.001512638,0.000321727,2,1.0000,100.00,2,0,2
676,1551,cent,0.778561,0.694567,0.735366,0.001096754,0.000398628,3,1.3333,100.00,2,1,3
677,1133,content,0.832012,0.649927,0.735355,0.001512638,0.000315800,1,1.0000,100.00,0,1,1
678,1687,cat,0.762702,0.706608,0.734119,0.000999955,0.000426158,1,1.0000,100.00,0,1,1
679,1158,hurt,0.828781,0.649633,0.733760,0.001478688,0.000315800,1,1.0000,100.00,0,1,1
680,2588,replace,0.664611,0.807342,0.732508,0.000631571,0.000749937,2,1.0000,100.00,0,2,2
681,1463,trial,0.791189,0.678120,0.732476,0.001201962,0.000363330,1,1.0000,100.00,0,1,1
682,1502,engine,0.785609,0.682526,0.732256,0.001147695,0.000371820,1,1.0000,100.00,0,1,1
683,2931,element,0.631718,0.848164,0.731984,0.000536470,0.001023733,1,1.0000,100.00,0,1,1
684,1503,episode,0.785316,0.682232,0.731961,0.001147695,0.000371820,1,1.0000,100.00,0,1,1
685,1093,direction,0.836711,0.639941,0.731742,0.001584003,0.000302206,1,1.0000,100.00,0,1,1
686,3469,earn,0.577680,0.925991,0.731387,0.000436335,0.002731486,4,1.5000,75.00,2,3,5
687,426,past,0.930984,0.573862,0.730928,0.003718258,0.000230044,2,1.0000,100.00,0,2,2
688,3925,eve,0.538032,0.992070,0.730593,0.000371820,0.054290026,10,2.0000,100.00,5,5,10
689,1356,village,0.803231,0.664317,0.730479,0.001288599,0.000339546,1,1.0000,100.00,0,1,1
690,2966,tie,0.628781,0.847871,0.730154,0.000536470,0.001022045,3,1.0000,100.00,0,3,3
691,1601,channel,0.772687,0.689280,0.729793,0.001071281,0.000388779,1,1.0000,100.00,0,1,1
692,322,black,0.947430,0.562115,0.729770,0.004669048,0.000219009,1,1.0000,100.00,0,1,1
693,400,wait,0.935389,0.568282,0.729085,0.003972737,0.000227160,3,1.3333,66.67,2,2,4
694,1587,shop,0.774449,0.685463,0.728599,0.001096754,0.000380319,1,1.0000,100.00,0,1,1
695,1105,professional,0.835242,0.635242,0.728410,0.001584003,0.000295424,1,1.0000,100.00,0,1,1
696,2533,representative,0.670485,0.791189,0.728341,0.000645168,0.000675741,1,1.0000,100.00,0,1,1
697,164,high,0.971512,0.545962,0.728292,0.009337656,0.000203897,3,1.3333,66.67,2,2,4
698,93,back,0.980910,0.540382,0.728056,0.018166065,0.000198643,1,1.0000,100.00,0,1,1
699,1059,sun,0.840529,0.629662,0.727495,0.001658735,0.000293545,3,1.0000,100.00,0,3,3
700,2295,represent,0.693979,0.762408,0.727390,0.000724956,0.000575541,1,1.0000,100.00,0,1,1
701,2575,motion,0.666373,0.793539,0.727181,0.000631571,0.000679615,3,1.3333,66.67,2,2,4
702,2633,tool,0.660206,0.800294,0.726883,0.000616286,0.000708319,2,1.0000,100.00,1,1,2
703,2377,object,0.684875,0.770631,0.726489,0.000690980,0.000602695,1,1.0000,100.00,0,1,1
704,1492,arms,0.787078,0.669897,0.726128,0.001147695,0.000352446,3,1.3333,100.00,3,0,3
705,2503,achieve,0.674302,0.780617,0.725515,0.000645168,0.000639876,2,1.0000,100.00,0,2,2
706,1785,firm,0.750073,0.701322,0.725288,0.000954140,0.000415969,1,1.0000,100.00,0,1,1
707,2691,truck,0.653157,0.804993,0.725112,0.000602695,0.000740240,2,1.0000,100.00,1,1,2
708,1532,generation,0.781204,0.672834,0.724997,0.001122272,0.000354820,1,1.0000,100.00,0,1,1
709,1540,rose,0.779442,0.674009,0.724811,0.001122272,0.000358230,3,1.0000,100.00,2,1,3
710,624,killed,0.902496,0.582085,0.724796,0.002631503,0.000234302,1,1.0000,100.00,1,0,1
711,3049,relation,0.620558,0.846402,0.724736,0.000512710,0.000999955,1,1.0000,100.00,0,1,1
712,3919,ease,0.538620,0.974156,0.724361,0.000371820,0.009403000,10,1.9000,90.00,5,6,11
713,2220,strange,0.701615,0.747724,0.724303,0.000758931,0.000529726,2,1.5000,100.00,0,2,2
714,3327,compare,0.590896,0.887812,0.724296,0.000456693,0.001505865,2,1.0000,100.00,0,2,2
715,3382,tone,0.586784,0.893392,0.724036,0.000456693,0.001596721,6,1.5000,66.67,3,5,8
716,415,understand,0.932746,0.561821,0.723903,0.003802867,0.000219009,1,1.0000,100.00,0,1,1
717,2900,roof,0.634361,0.825844,0.723798,0.000550051,0.000863683,3,1.3333,66.67,2,2,4
718,2888,loud,0.635830,0.823201,0.723475,0.000550051,0.000849075,4,1.5000,100.00,2,2,4
719,3082,hanging,0.618209,0.846109,0.723237,0.000500852,0.000999955,1,1.0000,100.00,1,0,1
720,663,college,0.898678,0.581791,0.723079,0.002512693,0.000234302,1,1.0000,100.00,0,1,1
721,1135,credit,0.831718,0.628488,0.722997,0.001512638,0.000288620,1,1.0000,100.00,0,1,1
722,4011,ate,0.530103,0.985903,0.722932,0.000354820,0.022755029,24,1.8750,100.00,10,14,24
723,1704,guide,0.760059,0.687518,0.722879,0.000999955,0.000387100,2,1.0000,100.00,0,2,2
724,2764,chose,0.645815,0.808517,0.722601,0.000575541,0.000758931,1,1.0000,100.00,0,1,1
725,1460,soul,0.791777,0.659325,0.722522,0.001201962,0.000331064,1,1.0000,100.00,0,1,1
726,747,send,0.884875,0.589427,0.722198,0.002292070,0.000239394,1,1.0000,100.00,0,1,1
727,2440,assume,0.679001,0.767988,0.722125,0.000660443,0.000590991,2,1.0000,100.00,0,2,2
728,4074,yea,0.527166,0.988253,0.721785,0.000354820,0.033767658,3,1.3333,100.00,0,3,3
729,1637,discussion,0.768576,0.677827,0.721776,0.001047551,0.000363330,1,1.0000,100.00,0,1,1
730,1988,bell,0.726872,0.716300,0.721567,0.000850573,0.000446838,3,1.0000,100.00,0,3,3
731,3820,resident,0.544787,0.955653,0.721545,0.000388779,0.005131327,3,1.3333,66.67,2,2,4
732,1686,border,0.762996,0.681938,0.721329,0.000999955,0.000371820,1,1.0000,100.00,0,1,1
733,2982,evolution,0.627606,0.828488,0.721085,0.000524587,0.000883169,2,1.5000,100.00,1,1,2
734,1534,lake,0.780617,0.666079,0.721077,0.001122272,0.000343803,2,1.5000,100.00,1,1,2
735,3258,anger,0.597651,0.869604,0.720915,0.000466898,0.001245664,4,1.5000,100.00,2,2,4
736,2346,spoke,0.688693,0.754185,0.720696,0.000707976,0.000550051,1,1.0000,100.00,0,1,1
737,1692,connection,0.761821,0.681645,0.720619,0.000999955,0.000371820,1,1.0000,100.00,0,1,1
738,3033,indicate,0.622320,0.834068,0.720456,0.000512710,0.000913365,2,1.0000,100.00,0,2,2
739,1461,spot,0.791483,0.655800,0.720455,0.001201962,0.000324281,1,1.0000,100.00,0,1,1
740,3110,soldier,0.614684,0.841997,0.719418,0.000500852,0.000976242,1,1.0000,100.00,0,1,1
741,1118,hotel,0.834361,0.619677,0.719051,0.001548296,0.000275038,1,1.0000,100.00,0,1,1
742,2305,writer,0.692217,0.745668,0.718446,0.000724956,0.000524587,1,1.0000,100.00,0,1,1
743,1341,investment,0.806461,0.639648,0.718228,0.001288599,0.000302206,1,1.0000,100.00,0,1,1
744,2258,sentence,0.698678,0.737739,0.717943,0.000741897,0.000497433,2,1.0000,100.00,0,2,2
745,1749,orders,0.754772,0.681351,0.717123,0.000976242,0.000371820,1,1.0000,100.00,1,0,1
746,3937,pen,0.535977,0.958884,0.716896,0.000371820,0.005661458,3,1.3333,66.67,2,2,4
747,1678,setting,0.763583,0.672540,0.716617,0.001023733,0.000354820,1,1.0000,100.00,0,1,1
748,1070,fear,0.839060,0.612041,0.716617,0.001621344,0.000263146,1,1.0000,100.00,0,1,1
749,1972,roll,0.729515,0.703671,0.716477,0.000870973,0.000419007,4,1.5000,75.00,3,2,5
750,2993,institution,0.626725,0.817915,0.715966,0.000524587,0.000813227,1,1.0000,100.00,0,1,1
751,1342,male,0.806167,0.634949,0.715454,0.001288599,0.000295424,1,1.0000,100.00,0,1,1
752,2769,deliver,0.645521,0.792952,0.715449,0.000575541,0.000676716,2,1.0000,100.00,0,2,2
753,1896,bag,0.737739,0.693686,0.715373,0.000891326,0.000397268,1,1.0000,100.00,0,1,1
754,2445,champion,0.678414,0.753891,0.715158,0.000660443,0.000550051,1,1.0000,100.00,0,1,1
755,3493,rank,0.576211,0.886931,0.714884,0.000436335,0.001490131,5,1.0000,100.00,4,1,5
756,2739,principle,0.649046,0.787372,0.714871,0.000589109,0.000660443,1,1.0000,100.00,0,1,1
757,1035,speed,0.842584,0.606167,0.714666,0.001697837,0.000259752,2,1.0000,100.00,0,2,2
758,909,contact,0.860499,0.593245,0.714484,0.001901523,0.000246167,1,1.0000,100.00,0,1,1
759,2542,ticket,0.669604,0.762115,0.714363,0.000645168,0.000575541,1,1.0000,100.00,0,1,1
760,2509,candidate,0.673128,0.757709,0.714167,0.000645168,0.000561949,1,1.0000,100.00,0,1,1
761,1840,winner,0.743612,0.685169,0.713793,0.000933752,0.000380319,1,1.0000,100.00,0,1,1
762,3978,layer,0.532159,0.957416,0.713791,0.000363330,0.005501572,4,1.2500,75.00,3,2,5
763,2741,recognize,0.648458,0.783554,0.712813,0.000589109,0.000645168,1,1.0000,100.00,0,1,1
764,1064,beat,0.839648,0.604699,0.712555,0.001621344,0.000256367,1,1.0000,100.00,0,1,1
765,758,chief,0.883994,0.573275,0.711879,0.002241074,0.000229204,1,1.0000,100.00,0,1,1
766,2203,lawyer,0.704258,0.719236,0.711708,0.000758931,0.000456693,1,1.0000,100.00,0,1,1
767,1664,bet,0.765345,0.661674,0.711624,0.001023733,0.000338877,2,1.0000,100.00,0,2,2
768,1086,sort,0.837592,0.604405,0.711509,0.001621344,0.000256367,1,1.0000,100.00,0,1,1
769,1550,camera,0.778855,0.649339,0.711155,0.001096754,0.000315800,1,1.0000,100.00,0,1,1
770,2929,document,0.632012,0.799706,0.710932,0.000536470,0.000707976,1,1.0000,100.00,0,1,1
771,687,learn,0.894567,0.563583,0.710044,0.002461708,0.000220882,2,1.0000,100.00,0,2,2
772,3208,employee,0.603524,0.834949,0.709867,0.000478765,0.000933752,1,1.0000,100.00,0,1,1
773,3936,pace,0.536270,0.938032,0.709252,0.000371820,0.003286229,4,1.5000,75.00,2,3,5
774,740,led,0.886344,0.566814,0.708796,0.002292070,0.000224104,1,1.0000,100.00,1,0,1
775,1003,association,0.846990,0.592952,0.708678,0.001731790,0.000246167,1,1.0000,100.00,0,1,1
776,2129,argument,0.710426,0.706314,0.708367,0.000775890,0.000426158,1,1.0000,100.00,0,1,1
777,3703,bro,0.556828,0.901028,0.708320,0.000397268,0.001847495,5,2.2000,100.00,0,5,5
778,1912,gift,0.736270,0.681057,0.708126,0.000891326,0.000371820,1,1.0000,100.00,0,1,1
779,3508,arrive,0.574449,0.872834,0.708095,0.000426158,0.001280109,2,1.0000,100.00,0,2,2
780,2447,client,0.678120,0.738913,0.707865,0.000660443,0.000500852,1,1.0000,100.00,0,1,1
781,904,bed,0.861380,0.581498,0.707736,0.001901523,0.000234302,1,1.0000,100.00,0,1,1
782,2115,joke,0.712188,0.703084,0.707621,0.000794578,0.000417133,2,1.0000,100.00,0,2,2
783,1806,wake,0.746843,0.670191,0.707480,0.000954140,0.000352467,3,1.3333,100.00,1,2,3
784,1368,district,0.801175,0.623495,0.706773,0.001258040,0.000281832,1,1.0000,100.00,0,1,1
785,1355,uses,0.803524,0.620264,0.705973,0.001288599,0.000278266,2,1.5000,100.00,2,0,2
786,1019,welcome,0.844640,0.590015,0.705939,0.001731790,0.000242951,2,1.0000,100.00,0,2,2
787,2031,flow,0.721586,0.690455,0.705849,0.000831899,0.000388949,2,1.0000,100.00,0,2,2
788,3932,involve,0.536858,0.927753,0.705742,0.000371820,0.002758789,2,1.0000,100.00,0,2,2
789,1928,profit,0.734802,0.677533,0.705587,0.000891326,0.000363330,1,1.0000,100.00,0,1,1
790,1023,double,0.843759,0.589721,0.705395,0.001697837,0.000241424,2,1.0000,100.00,0,2,2
791,692,won,0.893979,0.555947,0.704986,0.002461708,0.000213922,1,1.0000,100.00,0,1,1
792,1906,exercise,0.736564,0.674596,0.704899,0.000891326,0.000358559,2,1.0000,100.00,0,2,2
793,1199,campaign,0.822320,0.604112,0.704821,0.001412492,0.000256367,1,1.0000,100.00,0,1,1
794,965,pick,0.852570,0.581204,0.703930,0.001816579,0.000234302,1,1.0000,100.00,0,1,1
795,1661,trouble,0.765932,0.646109,0.703474,0.001047551,0.000313752,2,1.0000,100.00,0,2,2
796,1913,guard,0.735977,0.672247,0.703390,0.000891326,0.000354820,1,1.0000,100.00,0,1,1
797,2406,broad,0.682232,0.724816,0.703202,0.000675741,0.000466898,1,1.0000,100.00,1,0,1
798,1771,balance,0.752423,0.656681,0.702924,0.000954140,0.000330563,2,1.0000,100.00,0,2,2
799,3101,rail,0.616446,0.801175,0.702767,0.000500852,0.000718341,5,1.2000,80.00,4,2,6
800,3617,resource,0.564758,0.874009,0.702569,0.000415969,0.001288599,1,1.0000,100.00,0,1,1
801,1379,nor,0.799413,0.615565,0.701492,0.001258040,0.000269611,2,1.5000,100.00,0,2,2
802,2761,cap,0.646402,0.759471,0.700660,0.000575541,0.000563650,2,1.0000,100.00,0,2,2
803,1371,exchange,0.800587,0.612335,0.700162,0.001258040,0.000263152,2,1.0000,100.00,0,2,2
804,2221,strike,0.701322,0.698972,0.700146,0.000758931,0.000412909,2,1.0000,100.00,0,2,2
805,3401,citizen,0.584728,0.838179,0.700076,0.000446532,0.000954140,1,1.0000,100.00,0,1,1
806,1172,battle,0.826725,0.592658,0.699975,0.001444777,0.000246167,1,1.0000,100.00,0,1,1
807,1702,garden,0.760352,0.644347,0.699950,0.000999955,0.000308991,1,1.0000,100.00,0,1,1
808,2658,expert,0.657269,0.745374,0.699937,0.000602695,0.000524587,1,1.0000,100.00,0,1,1
809,1847,boat,0.742438,0.659031,0.699492,0.000911700,0.000331064,1,1.0000,100.00,0,1,1
810,1325,stock,0.808517,0.603818,0.698711,0.001317525,0.000256367,1,1.0000,100.00,0,1,1
811,3817,pot,0.545668,0.894567,0.698668,0.000388779,0.001621656,3,1.3333,66.67,2,2,4
812,3984,ought,0.531278,0.917768,0.698276,0.000363330,0.002383619,3,1.0000,100.00,3,0,3
813,1690,concept,0.762408,0.639354,0.698175,0.000999955,0.000302206,1,1.0000,100.00,0,1,1
814,3910,cop,0.538913,0.904258,0.698081,0.000371820,0.001910024,4,1.2500,100.00,1,3,4
815,1961,grade,0.730984,0.665786,0.697623,0.000870973,0.000342955,2,1.0000,100.00,0,2,2
816,3277,fort,0.595301,0.817327,0.697536,0.000466898,0.000802885,4,1.0000,100.00,0,4,4
817,3448,actors,0.580323,0.837885,0.697312,0.000436335,0.000954140,1,1.0000,100.00,1,0,1
818,1723,waste,0.757709,0.641703,0.697298,0.000999955,0.000302536,2,1.0000,100.00,0,2,2
819,2430,schedule,0.679589,0.713950,0.696558,0.000675741,0.000446532,1,1.0000,100.00,0,1,1
820,3563,skill,0.570338,0.850514,0.696477,0.000426158,0.001047551,1,1.0000,100.00,0,1,1
821,2085,referred,0.715712,0.677239,0.696210,0.000813227,0.000363330,1,1.0000,100.00,1,0,1
822,2088,restaurant,0.715125,0.676946,0.695773,0.000813227,0.000363330,1,1.0000,100.00,0,1,1
823,2095,temperature,0.714537,0.676652,0.695337,0.000813227,0.000363330,1,1.0000,100.00,0,1,1
824,616,lord,0.903377,0.534802,0.695074,0.002682516,0.000195236,1,1.0000,100.00,0,1,1
825,2441,blow,0.678708,0.711601,0.694960,0.000660443,0.000443125,2,1.0000,100.00,0,2,2
826,3948,ward,0.534508,0.902496,0.694544,0.000371820,0.001889671,3,1.3333,66.67,2,2,4
827,1709,investigation,0.759178,0.634655,0.694130,0.000999955,0.000295424,1,1.0000,100.00,0,1,1
828,3125,argue,0.613216,0.785609,0.694081,0.000488975,0.000657037,2,1.0000,100.00,0,2,2
829,1600,camp,0.772981,0.623201,0.694062,0.001071281,0.000281832,1,1.0000,100.00,0,1,1
830,1239,collection,0.817621,0.589134,0.694038,0.001380237,0.000239394,1,1.0000,100.00,0,1,1
831,3599,introduce,0.566520,0.849927,0.693902,0.000415969,0.001040878,2,1.0000,100.00,0,2,2
832,2771,deserve,0.644934,0.746256,0.693747,0.000575541,0.000524628,2,1.0000,100.00,0,2,2
833,1095,fair,0.836123,0.575330,0.693576,0.001584003,0.000233782,2,1.0000,100.00,0,2,2
834,769,cup,0.881351,0.545668,0.693488,0.002190118,0.000203733,1,1.0000,100.00,0,1,1
835,1412,fit,0.796769,0.603524,0.693448,0.001229190,0.000256367,1,1.0000,100.00,0,1,1
836,1721,volume,0.758003,0.634361,0.693432,0.000999955,0.000295424,1,1.0000,100.00,0,1,1
837,2364,desire,0.687225,0.699559,0.693365,0.000690980,0.000414765,2,1.0000,100.00,0,2,2
838,2502,wave,0.674596,0.711307,0.692708,0.000660443,0.000442430,2,1.0000,100.00,0,2,2
839,2010,route,0.725404,0.660206,0.692037,0.000850573,0.000336496,2,1.0000,100.00,0,2,2
840,1331,agreement,0.807930,0.592364,0.691801,0.001288599,0.000246167,1,1.0000,100.00,0,1,1
841,2172,session,0.707489,0.676358,0.691749,0.000775890,0.000363330,1,1.0000,100.00,0,1,1
842,3809,log,0.546843,0.874890,0.691684,0.000388779,0.001296236,5,1.4000,80.00,2,4,6
843,2700,burn,0.652276,0.731865,0.690925,0.000589109,0.000483856,2,1.0000,100.00,0,2,2
844,1469,division,0.790308,0.603231,0.690462,0.001174867,0.000256367,1,1.0000,100.00,0,1,1
845,3718,estimate,0.554772,0.858737,0.690220,0.000397268,0.001122216,2,1.0000,100.00,0,2,2
846,3581,define,0.569457,0.836417,0.690147,0.000415969,0.000935839,2,1.0000,100.00,0,2,2
847,3042,operate,0.621733,0.764464,0.689414,0.000512710,0.000580638,2,1.0000,100.00,0,2,2
848,2144,escape,0.709251,0.669016,0.688840,0.000775890,0.000346348,2,1.0000,100.00,0,2,2
849,1087,tour,0.837298,0.566520,0.688728,0.001621344,0.000224104,1,1.0000,100.00,0,1,1
850,1975,stick,0.728634,0.650514,0.688467,0.000870973,0.000316300,2,1.0000,100.00,0,2,2
851,2529,occur,0.671072,0.706021,0.688324,0.000645168,0.000426158,1,1.0000,100.00,0,1,1
852,620,council,0.902790,0.523935,0.687753,0.002631503,0.000186757,1,1.0000,100.00,0,1,1
853,2303,threat,0.692511,0.680764,0.686612,0.000724956,0.000371820,1,1.0000,100.00,0,1,1
854,1884,smoke,0.738913,0.636711,0.685911,0.000911700,0.000298306,4,1.2500,100.00,0,4,4
855,2734,payment,0.649339,0.724523,0.685902,0.000589109,0.000466898,1,1.0000,100.00,0,1,1
856,2012,task,0.724816,0.649046,0.685885,0.000850573,0.000315800,1,1.0000,100.00,0,1,1
857,470,short,0.925110,0.508076,0.685585,0.003463416,0.000173176,1,1.0000,100.00,0,1,1
858,3025,decade,0.623201,0.753598,0.685305,0.000512710,0.000550051,1,1.0000,100.00,0,1,1
859,398,single,0.935683,0.501909,0.685294,0.003972737,0.000172669,2,1.0000,100.00,0,2,2
860,4080,associate,0.525991,0.892217,0.685054,0.000346336,0.001575473,2,1.0000,100.00,0,2,2
861,55,their,0.987959,0.474596,0.684749,0.037179416,0.000154843,1,1.0000,100.00,0,1,1
862,1428,spirit,0.795595,0.588840,0.684454,0.001229190,0.000239394,1,1.0000,100.00,0,1,1
863,2097,update,0.714244,0.655507,0.684245,0.000813227,0.000324281,1,1.0000,100.00,0,1,1
864,1901,conversation,0.737445,0.634068,0.683805,0.000891326,0.000295424,1,1.0000,100.00,0,1,1
865,992,safe,0.848458,0.550954,0.683712,0.001782568,0.000208828,1,1.0000,100.00,0,1,1
866,2009,quarter,0.725698,0.644053,0.683657,0.000850573,0.000308991,1,1.0000,100.00,0,1,1
867,4644,mall,0.487518,0.958590,0.683616,0.000295424,0.005656752,2,1.0000,100.00,1,1,2
868,1062,album,0.839941,0.555653,0.683166,0.001621344,0.000213922,1,1.0000,100.00,0,1,1
869,1970,reaction,0.729809,0.639060,0.682929,0.000870973,0.000302206,1,1.0000,100.00,0,1,1
870,1691,conflict,0.762115,0.611747,0.682804,0.000999955,0.000263146,1,1.0000,100.00,0,1,1
871,3559,refuse,0.570925,0.815565,0.682368,0.000426158,0.000789969,2,1.0000,100.00,0,2,2
872,2249,newspaper,0.699853,0.664023,0.681703,0.000741897,0.000339546,1,1.0000,100.00,0,1,1
873,1627,advantage,0.769750,0.602937,0.681257,0.001047551,0.000256367,1,1.0000,100.00,0,1,1
874,2618,loan,0.661087,0.701028,0.680764,0.000616286,0.000415969,1,1.0000,100.00,0,1,1
875,2591,saving,0.664317,0.697210,0.680565,0.000631571,0.000407447,1,1.0000,100.00,0,1,1
876,3028,finger,0.622907,0.741850,0.679782,0.000512710,0.000512710,1,1.0000,100.00,0,1,1
877,1738,farm,0.755653,0.611454,0.679740,0.000976242,0.000263146,1,1.0000,100.00,0,1,1
878,2648,consumer,0.659031,0.700734,0.679563,0.000602695,0.000415969,1,1.0000,100.00,0,1,1
879,2676,procedure,0.654332,0.705727,0.679544,0.000602695,0.000426158,1,1.0000,100.00,0,1,1
880,602,sense,0.905433,0.508957,0.678842,0.002750425,0.000176903,2,1.0000,100.00,0,2,2
881,364,president,0.940675,0.488987,0.678217,0.004261219,0.000162132,1,1.0000,100.00,0,1,1
882,4960,par,0.466373,0.985316,0.677882,0.000268248,0.021733795,8,1.8750,87.50,3,6,9
883,1647,length,0.766520,0.598825,0.677504,0.001047551,0.000252287,2,1.0000,100.00,0,2,2
884,1968,province,0.730396,0.628194,0.677370,0.000870973,0.000288620,1,1.0000,100.00,0,1,1
885,2971,yard,0.628194,0.730103,0.677234,0.000536470,0.000478765,1,1.0000,100.00,0,1,1
886,3140,egg,0.611454,0.749780,0.677094,0.000488975,0.000536470,1,1.0000,100.00,0,1,1
887,999,treatment,0.847577,0.540088,0.676584,0.001782568,0.000198643,1,1.0000,100.00,0,1,1
888,1948,appreciate,0.732159,0.624963,0.676441,0.000870973,0.000288447,2,1.0000,100.00,0,2,2
889,2883,guest,0.636123,0.718943,0.676266,0.000550051,0.000456693,1,1.0000,100.00,0,1,1
890,886,committee,0.864611,0.528928,0.676252,0.001952392,0.000190149,1,1.0000,100.00,0,1,1
891,2421,lights,0.680176,0.671953,0.676052,0.000675741,0.000354820,1,1.0000,100.00,1,0,1
892,3244,technique,0.599706,0.761821,0.675921,0.000478765,0.000575541,1,1.0000,100.00,0,1,1
893,2045,request,0.720117,0.633774,0.675568,0.000831899,0.000295424,1,1.0000,100.00,0,1,1
894,1284,spring,0.811747,0.561527,0.675143,0.001348045,0.000219009,1,1.0000,100.00,0,1,1
895,1944,zone,0.733040,0.621145,0.674777,0.000891326,0.000280474,2,1.0000,100.00,1,1,2
896,1889,taste,0.738620,0.616153,0.674613,0.000911700,0.000274693,2,1.0000,100.00,0,2,2
897,2740,promote,0.648752,0.698678,0.673252,0.000589109,0.000411528,3,1.0000,100.00,0,3,3
898,1394,surface,0.798532,0.567107,0.672944,0.001258040,0.000224270,2,1.0000,100.00,0,2,2
899,3977,kills,0.532452,0.850220,0.672831,0.000363330,0.001047551,1,1.0000,100.00,1,0,1
900,2910,tip,0.633480,0.713656,0.672374,0.000550051,0.000446532,1,1.0000,100.00,0,1,1
901,2344,signal,0.688987,0.655213,0.671888,0.000707976,0.000324281,1,1.0000,100.00,0,1,1
902,2061,corporation,0.718649,0.627900,0.671744,0.000813227,0.000288620,1,1.0000,100.00,0,1,1
903,1022,consider,0.844053,0.534508,0.671679,0.001697837,0.000195236,1,1.0000,100.00,0,1,1
904,3103,rush,0.615859,0.731571,0.671226,0.000500852,0.000480469,2,1.0000,100.00,2,0,2
905,1423,scale,0.796182,0.563289,0.669687,0.001229190,0.000220881,2,1.0000,100.00,0,2,2
906,2320,fail,0.691043,0.648752,0.669563,0.000707976,0.000315800,1,1.0000,100.00,0,1,1
907,2493,tank,0.675184,0.663730,0.669432,0.000660443,0.000339546,1,1.0000,100.00,0,1,1
908,1984,appeal,0.727753,0.615272,0.669153,0.000850573,0.000268248,1,1.0000,100.00,0,1,1
909,257,came,0.957709,0.467254,0.668950,0.005619571,0.000151950,3,1.3333,100.00,0,3,3
910,3590,flower,0.568282,0.787078,0.668792,0.000415969,0.000660443,1,1.0000,100.00,0,1,1
911,4520,um,0.492217,0.907783,0.668451,0.000308991,0.002002544,13,1.6154,100.00,8,5,13
912,3450,aspect,0.580029,0.770338,0.668445,0.000436335,0.000602695,1,1.0000,100.00,0,1,1
913,2652,cream,0.658150,0.678708,0.668350,0.000602695,0.000368072,3,1.3333,100.00,1,2,3
914,578,rest,0.909251,0.490455,0.667793,0.002818360,0.000165365,2,1.0000,100.00,1,1,2
915,2266,app,0.697797,0.638767,0.667630,0.000724956,0.000302206,1,1.0000,100.00,0,1,1
916,460,third,0.926285,0.480470,0.667122,0.003548253,0.000158398,1,1.0000,100.00,0,1,1
917,4733,pic,0.480764,0.923054,0.666161,0.000288620,0.002594174,4,1.2500,100.00,1,3,4
918,418,due,0.932452,0.475771,0.666058,0.003718258,0.000157389,3,1.0000,100.00,0,3,3
919,4075,affair,0.526872,0.841703,0.665936,0.000346336,0.000976242,1,1.0000,100.00,0,1,1
920,3271,encourage,0.595888,0.743612,0.665665,0.000466898,0.000514753,2,1.0000,100.00,0,2,2
921,2893,pattern,0.634949,0.696916,0.665211,0.000550051,0.000407447,1,1.0000,100.00,0,1,1
922,2199,holiday,0.704846,0.627606,0.665106,0.000758931,0.000288620,1,1.0000,100.00,0,1,1
923,1958,forest,0.731278,0.602643,0.663852,0.000870973,0.000256367,1,1.0000,100.00,0,1,1
924,2792,sample,0.643465,0.684875,0.663848,0.000575541,0.000380319,1,1.0000,100.00,0,1,1
925,3007,survive,0.624670,0.702790,0.662579,0.000524587,0.000416448,2,1.0000,100.00,0,2,2
926,306,white,0.949192,0.462261,0.662401,0.004889330,0.000147881,1,1.0000,100.00,0,1,1
927,2257,secure,0.698972,0.627313,0.662174,0.000741897,0.000288620,1,1.0000,100.00,0,1,1
928,4975,sometime,0.465492,0.941557,0.662032,0.000268248,0.003463416,1,1.0000,100.00,0,1,1
929,4740,relate,0.480176,0.912188,0.661824,0.000288620,0.002226346,2,1.0000,100.00,0,2,2
930,3430,regulation,0.582379,0.749486,0.660670,0.000446532,0.000536470,1,1.0000,100.00,0,1,1
931,2218,saint,0.702203,0.619383,0.659494,0.000758931,0.000275038,1,1.0000,100.00,0,1,1
932,627,media,0.902203,0.480176,0.658192,0.002631503,0.000158398,1,1.0000,100.00,0,1,1
933,1667,criminal,0.764758,0.566226,0.658047,0.001023733,0.000224104,1,1.0000,100.00,0,1,1
934,2584,print,0.665198,0.650808,0.657964,0.000631571,0.000316975,2,1.0000,100.00,1,1,2
935,2255,reform,0.699266,0.619090,0.657958,0.000741897,0.000275038,1,1.0000,100.00,0,1,1
936,3583,discover,0.569163,0.759765,0.657594,0.000415969,0.000564008,2,1.0000,100.00,0,2,2
937,3301,quote,0.593539,0.728341,0.657494,0.000466898,0.000477068,2,1.0000,100.00,0,2,2
938,1842,accident,0.743319,0.580910,0.657116,0.000911700,0.000234302,1,1.0000,100.00,0,1,1
939,3456,capture,0.579442,0.744787,0.656933,0.000436335,0.000522424,2,1.0000,100.00,0,2,2
940,4685,announce,0.484581,0.890162,0.656777,0.000288620,0.001541844,2,1.0000,100.00,0,2,2
941,2388,smile,0.683994,0.630543,0.656725,0.000690980,0.000294217,3,1.0000,100.00,0,3,3
942,3153,lesson,0.609985,0.705433,0.655976,0.000488975,0.000426158,1,1.0000,100.00,0,1,1
943,1006,conference,0.846402,0.507783,0.655583,0.001731790,0.000173176,1,1.0000,100.00,0,1,1
944,5320,earl,0.444640,0.966520,0.655556,0.000246167,0.006802115,6,1.6667,100.00,4,2,6
945,3084,ignore,0.617621,0.695154,0.655242,0.000500852,0.000401860,2,1.0000,100.00,0,2,2
946,3931,invite,0.537151,0.798825,0.655050,0.000371820,0.000703382,2,1.0000,100.00,0,2,2
947,1130,travel,0.832599,0.515125,0.654899,0.001548296,0.000178272,1,1.0000,100.00,0,1,1
948,900,writing,0.861674,0.496035,0.653774,0.001952392,0.000165871,1,1.0000,100.00,0,1,1
949,1043,career,0.841410,0.507489,0.653457,0.001658735,0.000173176,1,1.0000,100.00,0,1,1
950,1209,floor,0.820852,0.519824,0.653221,0.001412492,0.000181655,1,1.0000,100.00,0,1,1
951,3012,trend,0.624082,0.683407,0.653071,0.000524587,0.000377753,2,1.0000,100.00,0,2,2
952,5446,til,0.434068,0.982085,0.652910,0.000239394,0.015266059,5,1.4000,100.00,1,4,5
953,2302,theme,0.692805,0.614978,0.652732,0.000724956,0.000268248,1,1.0000,100.00,0,1,1
954,990,pressure,0.849046,0.500734,0.652032,0.001782568,0.000169781,1,1.0000,100.00,0,1,1
955,405,remember,0.934508,0.454626,0.651806,0.003887846,0.000144476,1,1.0000,100.00,0,1,1
956,689,takes,0.894273,0.474302,0.651273,0.002461708,0.000154843,1,1.0000,100.00,1,0,1
957,227,free,0.961233,0.441116,0.651165,0.006162948,0.000138035,1,1.0000,100.00,0,1,1
958,2041,pair,0.720411,0.588546,0.651149,0.000831899,0.000239394,1,1.0000,100.00,0,1,1
959,1257,brain,0.815272,0.519530,0.650813,0.001348045,0.000181655,1,1.0000,100.00,0,1,1
960,4154,bow,0.519824,0.814684,0.650763,0.000339546,0.000781494,3,1.3333,100.00,0,3,3
961,5346,ours,0.441997,0.957122,0.650419,0.000246167,0.005430991,3,1.0000,100.00,3,0,3
962,2180,abuse,0.706314,0.598238,0.650034,0.000758931,0.000251271,2,1.0000,100.00,0,2,2
963,3909,contribute,0.539207,0.781791,0.649267,0.000371820,0.000643425,2,1.0000,100.00,0,2,2
964,2987,gate,0.627313,0.671659,0.649107,0.000524587,0.000354820,1,1.0000,100.00,0,1,1
965,133,down,0.975624,0.431718,0.648995,0.012580592,0.000131751,1,1.0000,100.00,0,1,1
966,3921,engage,0.538326,0.782085,0.648858,0.000371820,0.000643443,2,1.0000,100.00,0,2,2
967,3259,asks,0.597357,0.703965,0.648474,0.000466898,0.000422927,2,1.0000,100.00,2,0,2
968,2517,frame,0.672247,0.624670,0.648022,0.000645168,0.000287944,2,1.0000,100.00,0,2,2
969,5173,ton,0.455800,0.920999,0.647913,0.000256367,0.002499945,8,2.1250,75.00,3,7,10
970,3552,passenger,0.571512,0.734214,0.647775,0.000426158,0.000488975,1,1.0000,100.00,0,1,1
971,5337,laying,0.443465,0.945081,0.647388,0.000246167,0.003749157,2,1.0000,100.00,2,0,2
972,2033,grant,0.721292,0.580617,0.647143,0.000831899,0.000234302,1,1.0000,100.00,0,1,1
973,2624,republican,0.660793,0.633480,0.646992,0.000616286,0.000295424,1,1.0000,100.00,0,1,1
974,1825,lies,0.745374,0.561233,0.646784,0.000933752,0.000219009,1,1.0000,100.00,1,0,1
975,1281,sell,0.812041,0.514831,0.646579,0.001348045,0.000178272,1,1.0000,100.00,0,1,1
976,4877,pin,0.469897,0.889280,0.646429,0.000275038,0.001532071,10,1.4000,80.00,3,9,12
977,2865,bond,0.637592,0.654919,0.646197,0.000550051,0.000324281,1,1.0000,100.00,0,1,1
978,2918,belief,0.633186,0.658737,0.645835,0.000536470,0.000331064,1,1.0000,100.00,0,1,1
979,3501,suck,0.575330,0.724229,0.645501,0.000436335,0.000466898,1,1.0000,100.00,0,1,1
980,1304,environment,0.809692,0.514537,0.645458,0.001317525,0.000178272,1,1.0000,100.00,0,1,1
981,3750,rivers,0.552129,0.753304,0.644919,0.000397268,0.000550051,1,1.0000,100.00,1,0,1
982,2662,incident,0.656388,0.633186,0.644683,0.000602695,0.000295424,1,1.0000,100.00,0,1,1
983,2569,giant,0.666960,0.622907,0.644558,0.000631571,0.000281832,1,1.0000,100.00,0,1,1
984,2644,bottle,0.659618,0.629369,0.644316,0.000602695,0.000291857,2,1.0000,100.00,0,2,2
985,5055,ski,0.461674,0.897504,0.643703,0.000263146,0.001726457,4,1.2500,100.00,0,4,4
986,5260,rip,0.449046,0.920411,0.642889,0.000251266,0.002487036,9,1.7778,88.89,5,5,10
987,2219,seek,0.701909,0.588253,0.642573,0.000758931,0.000239394,1,1.0000,100.00,0,1,1
988,5102,earning,0.459618,0.897210,0.642164,0.000256367,0.001718082,2,1.0000,100.00,1,1,2
989,2957,publication,0.629662,0.654626,0.642023,0.000536470,0.000324281,1,1.0000,100.00,0,1,1
990,280,states,0.955066,0.431424,0.641902,0.005500590,0.000131751,1,1.0000,100.00,1,0,1
991,4350,oral,0.504258,0.817034,0.641869,0.000324281,0.000800132,4,1.5000,100.00,2,2,4
992,2939,harm,0.631424,0.652276,0.641766,0.000536470,0.000323602,3,1.3333,66.67,2,2,4
993,1799,sector,0.747724,0.550661,0.641671,0.000954140,0.000208828,1,1.0000,100.00,0,1,1
994,1375,imagine,0.799706,0.514244,0.641283,0.001258040,0.000178272,1,1.0000,100.00,0,1,1
995,2543,tradition,0.669310,0.611160,0.639574,0.000645168,0.000263146,1,1.0000,100.00,0,1,1
996,1260,doubt,0.814684,0.500441,0.638515,0.001348045,0.000169781,1,1.0000,100.00,0,1,1
997,1358,wonder,0.802937,0.507195,0.638158,0.001288599,0.000173176,1,1.0000,100.00,0,1,1
998,2484,revenue,0.676065,0.602349,0.638144,0.000660443,0.000256367,1,1.0000,100.00,0,1,1
999,4874,pat,0.470191,0.866079,0.638140,0.000275038,0.001196219,4,1.2500,100.00,1,3,4
1000,3123,angel,0.613510,0.663436,0.637985,0.000488975,0.000339546,1,1.0000,100.00,0,1,1
1001,4275,rings,0.511013,0.796476,0.637973,0.000331064,0.000690980,1,1.0000,100.00,1,0,1
1002,2226,wins,0.701028,0.580323,0.637827,0.000758931,0.000234302,1,1.0000,100.00,1,0,1
1003,3116,trick,0.614097,0.661380,0.637300,0.000500852,0.000337686,2,1.0000,100.00,0,2,2
1004,1711,lots,0.758884,0.535095,0.637240,0.000999955,0.000195407,2,1.0000,100.00,2,0,2
1005,2758,aim,0.646696,0.627019,0.636782,0.000575541,0.000288620,1,1.0000,100.00,0,1,1
1006,631,production,0.901909,0.449339,0.636603,0.002631503,0.000141261,1,1.0000,100.00,0,1,1
1007,874,respect,0.866960,0.466667,0.636067,0.001986462,0.000151277,1,1.0000,100.00,0,1,1
1008,2478,pilot,0.676358,0.597944,0.635944,0.000660443,0.000251266,1,1.0000,100.00,0,1,1
1009,5541,ash,0.427313,0.946256,0.635883,0.000229204,0.003830978,14,1.4286,100.00,14,0,14
1010,3019,breath,0.623495,0.648458,0.635854,0.000512710,0.000315800,1,1.0000,100.00,0,1,1
1011,2402,affect,0.682819,0.592070,0.635828,0.000675741,0.000246167,1,1.0000,100.00,0,1,1
1012,5683,lease,0.415565,0.972687,0.635779,0.000224104,0.008693668,4,1.5000,75.00,2,3,5
1013,2190,chemical,0.705140,0.572981,0.635635,0.000758931,0.000229204,1,1.0000,100.00,0,1,1
1014,2860,wheel,0.637885,0.632893,0.635384,0.000561949,0.000295424,1,1.0000,100.00,0,1,1
1015,3444,wage,0.580910,0.694860,0.635336,0.000446532,0.000401190,3,1.0000,100.00,0,3,3
1016,1182,laws,0.824376,0.489574,0.635290,0.001444777,0.000164680,2,1.0000,100.00,2,0,2
1017,539,buy,0.914831,0.440822,0.635042,0.002953986,0.000138035,1,1.0000,100.00,0,1,1
1018,53,who,0.988253,0.407930,0.634931,0.038029238,0.000120206,1,1.0000,100.00,0,1,1
1019,1829,mention,0.745081,0.539794,0.634185,0.000933752,0.000198643,1,1.0000,100.00,0,1,1
1020,1641,foundation,0.767695,0.523642,0.634032,0.001047551,0.000186757,1,1.0000,100.00,0,1,1
1021,2679,regard,0.653744,0.614684,0.633914,0.000602695,0.000268248,1,1.0000,100.00,0,1,1
1022,1773,bridge,0.752129,0.534214,0.633876,0.000954140,0.000195236,1,1.0000,100.00,0,1,1
1023,2950,plate,0.630543,0.637004,0.633766,0.000536470,0.000299479,2,1.0000,100.00,0,2,2
1024,1456,raised,0.792364,0.506902,0.633759,0.001201962,0.000173176,1,1.0000,100.00,1,0,1
1025,2681,relative,0.653451,0.614391,0.633620,0.000602695,0.000268248,1,1.0000,100.00,0,1,1
1026,3777,component,0.550073,0.729809,0.633600,0.000388779,0.000478765,1,1.0000,100.00,0,1,1
1027,2523,load,0.671659,0.597651,0.633575,0.000645168,0.000251266,1,1.0000,100.00,0,1,1
1028,5605,rat,0.421733,0.951542,0.633480,0.000229204,0.004439912,7,1.7143,100.00,2,5,7
1029,340,local,0.944200,0.424082,0.632786,0.004464938,0.000128858,1,1.0000,100.00,0,1,1
1030,1471,executive,0.790015,0.506608,0.632636,0.001174867,0.000173176,1,1.0000,100.00,0,1,1
1031,2489,shirt,0.675771,0.591777,0.632381,0.000660443,0.000246167,1,1.0000,100.00,0,1,1
1032,3944,settle,0.535095,0.747137,0.632289,0.000371820,0.000528701,2,1.0000,100.00,0,2,2
1033,5581,mar,0.424670,0.941263,0.632239,0.000229204,0.003445029,5,1.4000,100.00,1,4,5
1034,3462,contribution,0.578561,0.688987,0.631364,0.000436335,0.000388779,1,1.0000,100.00,0,1,1
1035,3532,guarantee,0.572687,0.695742,0.631223,0.000426158,0.000405097,2,1.0000,100.00,0,2,2
1036,1583,religion,0.775037,0.513950,0.631134,0.001096754,0.000178272,1,1.0000,100.00,0,1,1
1037,2896,proposal,0.634655,0.626725,0.630678,0.000550051,0.000288620,1,1.0000,100.00,0,1,1
1038,1902,corner,0.737151,0.539501,0.630630,0.000891326,0.000198643,1,1.0000,100.00,0,1,1
1039,1432,weekend,0.795007,0.500147,0.630571,0.001229190,0.000169781,1,1.0000,100.00,0,1,1
1040,1832,path,0.744493,0.533921,0.630476,0.000933752,0.000195236,1,1.0000,100.00,0,1,1
1041,3269,decline,0.596182,0.666373,0.630301,0.000466898,0.000344988,2,1.0000,100.00,0,2,2
1042,3596,instrument,0.567107,0.700441,0.630258,0.000415969,0.000415969,1,1.0000,100.00,0,1,1
1043,2733,painting,0.649633,0.610866,0.629951,0.000589109,0.000263146,1,1.0000,100.00,0,1,1
1044,4302,bat,0.508370,0.780323,0.629836,0.000324281,0.000639722,4,1.5000,100.00,0,4,4
1045,2990,improvement,0.627019,0.632599,0.629803,0.000524587,0.000295424,1,1.0000,100.00,0,1,1
1046,3431,root,0.582085,0.680470,0.629358,0.000446532,0.000371820,1,1.0000,100.00,0,1,1
1047,3394,bone,0.585609,0.676065,0.629214,0.000446532,0.000363330,1,1.0000,100.00,0,1,1
1048,2184,articles,0.705727,0.560940,0.629182,0.000758931,0.000219009,1,1.0000,100.00,1,0,1
1049,1748,museum,0.755066,0.523348,0.628619,0.000976242,0.000186757,1,1.0000,100.00,0,1,1
1050,3433,sand,0.581791,0.678414,0.628248,0.000446532,0.000363652,2,1.0000,100.00,0,2,2
1051,2210,origin,0.703377,0.560646,0.627970,0.000758931,0.000219009,1,1.0000,100.00,0,1,1
1052,2141,display,0.709545,0.555360,0.627736,0.000775890,0.000213922,1,1.0000,100.00,0,1,1
1053,4363,recover,0.502203,0.783260,0.627180,0.000324281,0.000645168,1,1.0000,100.00,0,1,1
1054,3136,cloud,0.611747,0.642584,0.626976,0.000488975,0.000308830,2,1.0000,100.00,0,2,2
1055,2102,chain,0.713656,0.550367,0.626716,0.000794578,0.000208828,1,1.0000,100.00,0,1,1
1056,1233,anyway,0.818209,0.479883,0.626613,0.001380237,0.000158398,1,1.0000,100.00,0,1,1
1057,1747,metal,0.755360,0.519236,0.626267,0.000976242,0.000181655,1,1.0000,100.00,0,1,1
1058,5637,arc,0.419090,0.935683,0.626207,0.000224104,0.003123767,2,1.5000,100.00,1,1,2
1059,3613,producer,0.565345,0.693392,0.626104,0.000415969,0.000397268,1,1.0000,100.00,0,1,1
1060,1947,alternative,0.732452,0.533627,0.625185,0.000870973,0.000195236,1,1.0000,100.00,0,1,1
1061,2568,fruit,0.667254,0.585022,0.624787,0.000631571,0.000239048,2,1.0000,100.00,0,2,2
1062,3171,regime,0.607342,0.642291,0.624572,0.000488975,0.000305944,4,1.7500,100.00,0,4,4
1063,3228,occasion,0.601175,0.648164,0.624228,0.000478765,0.000315800,1,1.0000,100.00,0,1,1
1064,2859,wealth,0.638179,0.610573,0.624223,0.000561949,0.000263146,1,1.0000,100.00,0,1,1
1065,3193,celebrate,0.604993,0.643759,0.624075,0.000478765,0.000308991,1,1.0000,100.00,0,1,1
1066,2290,instance,0.694567,0.560352,0.623861,0.000724956,0.000219009,1,1.0000,100.00,0,1,1
1067,3293,olympic,0.594126,0.654332,0.623503,0.000466898,0.000324281,1,1.0000,100.00,0,1,1
1068,1094,expect,0.836417,0.461968,0.621609,0.001584003,0.000147881,1,1.0000,100.00,0,1,1
1069,3696,vessel,0.557416,0.693098,0.621566,0.000407447,0.000397268,1,1.0000,100.00,0,1,1
1070,3330,custom,0.590602,0.654038,0.621511,0.000456693,0.000324281,1,1.0000,100.00,0,1,1
1071,4107,hire,0.523348,0.737151,0.621117,0.000346336,0.000494715,3,1.0000,100.00,1,2,3
1072,3392,belong,0.585903,0.658443,0.621115,0.000446532,0.000331064,1,1.0000,100.00,0,1,1
1073,3667,journalist,0.560059,0.688693,0.621054,0.000407447,0.000388779,1,1.0000,100.00,0,1,1
1074,3248,topic,0.599119,0.643465,0.620896,0.000478765,0.000308991,1,1.0000,100.00,0,1,1
1075,3594,graduate,0.567401,0.679001,0.620698,0.000415969,0.000369604,2,1.0000,100.00,0,2,2
1076,1002,weight,0.847283,0.454332,0.620442,0.001782568,0.000144476,1,1.0000,100.00,0,1,1
1077,2597,tend,0.663142,0.580029,0.620195,0.000631571,0.000234302,1,1.0000,100.00,0,1,1
1078,4137,tear,0.520705,0.738620,0.620164,0.000346336,0.000500852,1,1.0000,100.00,0,1,1
1079,957,enjoy,0.854038,0.449046,0.619275,0.001816579,0.000141261,1,1.0000,100.00,0,1,1
1080,1508,murder,0.784728,0.488693,0.619267,0.001147695,0.000162132,1,1.0000,100.00,0,1,1
1081,1387,queen,0.798825,0.479589,0.618957,0.001258040,0.000158398,1,1.0000,100.00,0,1,1
1082,4619,depend,0.488693,0.782966,0.618571,0.000295424,0.000645168,1,1.0000,100.00,0,1,1
1083,2021,appearance,0.723642,0.528634,0.618500,0.000831899,0.000190149,1,1.0000,100.00,0,1,1
1084,1666,command,0.765051,0.499853,0.618396,0.001023733,0.000169781,1,1.0000,100.00,0,1,1
1085,2025,chapter,0.723054,0.528341,0.618077,0.000831899,0.000190149,1,1.0000,100.00,0,1,1
1086,2369,finance,0.686637,0.556241,0.618009,0.000690980,0.000214086,2,1.0000,100.00,0,2,2
1087,137,while,0.974743,0.391483,0.617734,0.011748849,0.000114768,1,1.0000,100.00,1,0,1
1088,4774,complain,0.477827,0.798238,0.617592,0.000281832,0.000694393,2,1.5000,100.00,0,2,2
1089,5177,victor,0.455213,0.837592,0.617481,0.000256367,0.000954140,1,1.0000,100.00,0,1,1
1090,2507,bomb,0.673715,0.565932,0.617477,0.000645168,0.000224104,1,1.0000,100.00,0,1,1
1091,4578,requirement,0.489868,0.777974,0.617336,0.000302206,0.000631571,1,1.0000,100.00,0,1,1
1092,4477,con,0.494860,0.769163,0.616951,0.000308991,0.000595906,5,1.4000,80.00,2,4,6
1093,1701,failure,0.760646,0.499559,0.616432,0.000999955,0.000169781,1,1.0000,100.00,0,1,1
1094,4914,beside,0.467254,0.812922,0.616313,0.000268248,0.000775890,1,1.0000,100.00,0,1,1
1095,4803,photograph,0.476652,0.795007,0.615583,0.000281832,0.000685883,2,1.0000,100.00,0,2,2
1096,1213,marriage,0.820264,0.461674,0.615382,0.001412492,0.000147881,1,1.0000,100.00,0,1,1
1097,2353,attitude,0.688399,0.550073,0.615362,0.000690980,0.000208828,1,1.0000,100.00,0,1,1
1098,1123,miles,0.833774,0.454038,0.615276,0.001548296,0.000144476,1,1.0000,100.00,1,0,1
1099,3307,speaker,0.592658,0.638473,0.615139,0.000466898,0.000302206,1,1.0000,100.00,0,1,1
1100,1585,screen,0.774743,0.488399,0.615129,0.001096754,0.000162132,1,1.0000,100.00,0,1,1
1101,3604,locked,0.565932,0.667841,0.614779,0.000415969,0.000346336,1,1.0000,100.00,1,0,1
1102,2746,tall,0.647577,0.583554,0.614732,0.000589109,0.000234799,3,1.3333,100.00,1,2,3
1103,3069,conclusion,0.619090,0.610279,0.614669,0.000500852,0.000263146,1,1.0000,100.00,0,1,1
1104,2704,circle,0.651689,0.579736,0.614660,0.000589109,0.000234302,1,1.0000,100.00,0,1,1
1105,4442,pound,0.498091,0.757416,0.614216,0.000315800,0.000561949,1,1.0000,100.00,0,1,1
1106,1936,survey,0.734214,0.513656,0.614112,0.000891326,0.000178272,1,1.0000,100.00,0,1,1
1107,3586,engineer,0.568576,0.663142,0.614041,0.000415969,0.000339546,1,1.0000,100.00,0,1,1
1108,3094,meal,0.617034,0.609985,0.613499,0.000500852,0.000263146,1,1.0000,100.00,0,1,1
1109,2201,laugh,0.704552,0.533333,0.612994,0.000758931,0.000195236,1,1.0000,100.00,0,1,1
1110,2205,magazine,0.703965,0.533040,0.612569,0.000758931,0.000195236,1,1.0000,100.00,0,1,1
1111,972,super,0.851395,0.440529,0.612425,0.001816579,0.000138035,1,1.0000,100.00,0,1,1
1112,4193,residential,0.518062,0.723935,0.612408,0.000339546,0.000466898,1,1.0000,100.00,1,0,1
1113,2432,stream,0.679295,0.549780,0.611116,0.000675741,0.000208828,1,1.0000,100.00,0,1,1
1114,3683,reveal,0.559178,0.667548,0.610965,0.000407447,0.000346336,1,1.0000,100.00,0,1,1
1115,2103,chair,0.713363,0.523054,0.610842,0.000794578,0.000186757,1,1.0000,100.00,0,1,1
1116,285,hard,0.953598,0.391189,0.610768,0.005364780,0.000114768,1,1.0000,100.00,0,1,1
1117,4686,asset,0.484288,0.770044,0.610674,0.000288620,0.000602695,1,1.0000,100.00,0,1,1
1118,1042,build,0.841703,0.440235,0.608726,0.001658735,0.000138035,1,1.0000,100.00,0,1,1
1119,942,sir,0.856094,0.432305,0.608354,0.001867602,0.000134291,3,2.0000,100.00,0,3,3
1120,2036,kick,0.720705,0.513363,0.608262,0.000831899,0.000178272,1,1.0000,100.00,0,1,1
1121,6331,bee,0.373568,0.988546,0.607692,0.000190149,0.033793042,5,1.2000,100.00,0,5,5
1122,5849,dam,0.403231,0.915712,0.607654,0.000213922,0.002335824,4,1.0000,100.00,0,4,4
1123,4513,rounds,0.492805,0.749192,0.607623,0.000308991,0.000536470,1,1.0000,100.00,1,0,1
1124,6320,ace,0.373862,0.986784,0.607389,0.000190149,0.025875121,25,2.0400,72.00,17,15,32
1125,3620,seed,0.564170,0.653744,0.607308,0.000415969,0.000324281,1,1.0000,100.00,0,1,1
1126,1986,audience,0.727460,0.506314,0.606896,0.000850573,0.000173176,1,1.0000,100.00,0,1,1
1127,4895,tap,0.468429,0.784728,0.606291,0.000275038,0.000647713,4,1.5000,100.00,0,4,4
1128,5982,layers,0.393833,0.931865,0.605804,0.000208828,0.002953986,1,1.0000,100.00,1,0,1
1129,3227,objective,0.601468,0.609692,0.605566,0.000478765,0.000263146,1,1.0000,100.00,0,1,1
1130,2260,storm,0.698385,0.524816,0.605412,0.000741897,0.000188108,2,1.0000,100.00,0,2,2
1131,296,oh,0.950367,0.385609,0.605368,0.005127177,0.000112226,1,1.0000,100.00,1,0,1
1132,837,league,0.871072,0.419677,0.604623,0.002037361,0.000125802,1,1.0000,100.00,0,1,1
1133,3150,household,0.610573,0.597357,0.603929,0.000488975,0.000251266,1,1.0000,100.00,0,1,1
1134,5705,rap,0.412922,0.883113,0.603868,0.000224104,0.001415062,10,2.0000,90.00,6,5,11
1135,2713,electronic,0.651101,0.560059,0.603867,0.000589109,0.000219009,1,1.0000,100.00,0,1,1
1136,3164,prayer,0.608811,0.597063,0.602908,0.000488975,0.000251266,1,1.0000,100.00,0,1,1
1137,3106,shoulder,0.615565,0.587959,0.601604,0.000500852,0.000239394,1,1.0000,100.00,0,1,1
1138,5778,lean,0.409104,0.882819,0.600970,0.000219009,0.001412492,1,1.0000,100.00,1,0,1
1139,2661,height,0.656681,0.549486,0.600697,0.000602695,0.000208828,1,1.0000,100.00,0,1,1
1140,4878,pit,0.469604,0.768282,0.600656,0.000275038,0.000592185,4,1.2500,100.00,1,3,4
1141,1450,holding,0.792658,0.453744,0.599720,0.001201962,0.000144476,1,1.0000,100.00,0,1,1
1142,2128,apartment,0.710720,0.506021,0.599699,0.000775890,0.000173176,1,1.0000,100.00,0,1,1
1143,4191,reader,0.518355,0.692805,0.599265,0.000339546,0.000397268,1,1.0000,100.00,0,1,1
1144,2062,debt,0.718355,0.499266,0.598874,0.000813227,0.000169781,1,1.0000,100.00,0,1,1
1145,3690,strip,0.558297,0.641997,0.598686,0.000407447,0.000305434,4,1.5000,100.00,0,4,4
1146,2028,definition,0.722467,0.495742,0.598462,0.000831899,0.000165871,1,1.0000,100.00,0,1,1
1147,6522,bout,0.361527,0.990015,0.598262,0.000181655,0.040745902,1,1.0000,100.00,1,0,1
1148,5798,ports,0.407342,0.876065,0.597376,0.000219009,0.001317525,1,1.0000,100.00,1,0,1
1149,4613,convince,0.488987,0.729515,0.597263,0.000295424,0.000478765,1,1.0000,100.00,0,1,1
1150,1246,impact,0.816153,0.436417,0.596811,0.001380237,0.000134802,1,1.0000,100.00,0,1,1
1151,4406,examine,0.499853,0.712188,0.596648,0.000315800,0.000446360,3,1.0000,100.00,0,3,3
1152,2530,prize,0.670778,0.530690,0.596637,0.000645168,0.000194730,2,1.0000,100.00,0,2,2
1153,2634,tower,0.659912,0.539207,0.596514,0.000616286,0.000198643,1,1.0000,100.00,0,1,1
1154,1979,transfer,0.728341,0.488106,0.596244,0.000870973,0.000162132,1,1.0000,100.00,0,1,1
1155,4888,scientist,0.469016,0.757122,0.595905,0.000275038,0.000561949,1,1.0000,100.00,0,1,1
1156,3300,priest,0.593833,0.596769,0.595299,0.000466898,0.000251266,1,1.0000,100.00,0,1,1
1157,783,simple,0.879883,0.400587,0.593692,0.002190118,0.000117485,1,1.0000,100.00,0,1,1
1158,1763,wine,0.753304,0.467548,0.593469,0.000976242,0.000152289,2,1.0000,100.00,1,1,2
1159,5361,shoe,0.440529,0.799413,0.593434,0.000246167,0.000707976,1,1.0000,100.00,0,1,1
1160,1373,favorite,0.800294,0.439941,0.593365,0.001258040,0.000138035,1,1.0000,100.00,0,1,1
1161,1867,iron,0.739794,0.475477,0.593090,0.000911700,0.000156023,2,1.0000,100.00,0,2,2
1162,788,trust,0.878414,0.400294,0.592979,0.002190118,0.000117485,1,1.0000,100.00,0,1,1
1163,1385,professor,0.799119,0.439648,0.592732,0.001258040,0.000138035,1,1.0000,100.00,0,1,1
1164,5144,owns,0.458150,0.765932,0.592378,0.000256367,0.000588443,2,1.0000,100.00,2,0,2
1165,2211,planet,0.703084,0.498972,0.592300,0.000758931,0.000169781,1,1.0000,100.00,0,1,1
1166,2905,smell,0.634068,0.552423,0.591839,0.000550051,0.000212554,2,1.0000,100.00,0,2,2
1167,1360,accept,0.802643,0.436123,0.591651,0.001258040,0.000134802,1,1.0000,100.00,0,1,1
1168,3609,odd,0.565639,0.618796,0.591621,0.000415969,0.000275038,1,1.0000,100.00,0,1,1
1169,4325,enable,0.506314,0.690749,0.591385,0.000324281,0.000389145,2,1.0000,100.00,0,2,2
1170,2954,premier,0.629956,0.555066,0.591327,0.000536470,0.000213922,1,1.0000,100.00,0,1,1
1171,4236,expense,0.513950,0.680176,0.591250,0.000331064,0.000371820,1,1.0000,100.00,0,1,1
1172,232,general,0.960059,0.363583,0.590814,0.006027036,0.000104754,1,1.0000,100.00,0,1,1
1173,2206,maintain,0.703671,0.495448,0.590451,0.000758931,0.000165871,1,1.0000,100.00,0,1,1
1174,5651,combine,0.418209,0.831718,0.589772,0.000224104,0.000908640,2,1.0000,100.00,0,2,2
1175,4226,complaint,0.514244,0.675771,0.589501,0.000331064,0.000363330,1,1.0000,100.00,0,1,1
1176,4778,demonstrate,0.477533,0.727166,0.589276,0.000281832,0.000472139,2,1.0000,100.00,0,2,2
1177,5208,dirt,0.452276,0.766520,0.588794,0.000251266,0.000589109,1,1.0000,100.00,0,1,1
1178,3256,achievement,0.597944,0.579442,0.588620,0.000466898,0.000234302,1,1.0000,100.00,0,1,1
1179,4079,arrangement,0.526285,0.658150,0.588536,0.000346336,0.000331064,1,1.0000,100.00,0,1,1
1180,2610,drawing,0.661674,0.522761,0.588130,0.000616286,0.000186757,1,1.0000,100.00,0,1,1
1181,2670,novel,0.654919,0.528047,0.588072,0.000602695,0.000190149,1,1.0000,100.00,0,1,1
1182,2035,honest,0.720999,0.479295,0.587853,0.000831899,0.000158398,1,1.0000,100.00,0,1,1
1183,4268,provision,0.511307,0.675477,0.587687,0.000331064,0.000363330,1,1.0000,100.00,0,1,1
1184,2742,scheme,0.648164,0.532746,0.587628,0.000589109,0.000195236,1,1.0000,100.00,0,1,1
1185,2354,blame,0.688106,0.501615,0.587507,0.000690980,0.000172491,2,1.0000,100.00,0,2,2
1186,5694,observe,0.414684,0.831131,0.587075,0.000224104,0.000900124,4,1.2500,100.00,0,4,4
1187,2709,cute,0.651395,0.527753,0.586324,0.000589109,0.000190149,1,1.0000,100.00,1,0,1
1188,6565,ink,0.358297,0.958297,0.585965,0.000181655,0.005589313,12,1.6667,100.00,8,4,12
1189,1735,develop,0.756241,0.453451,0.585592,0.000976242,0.000144476,1,1.0000,100.00,0,1,1
1190,1320,senior,0.809104,0.423789,0.585567,0.001317525,0.000128858,1,1.0000,100.00,0,1,1
1191,2664,jean,0.655800,0.522467,0.585349,0.000602695,0.000186757,1,1.0000,100.00,0,1,1
1192,1500,distance,0.785903,0.435830,0.585252,0.001147695,0.000134802,1,1.0000,100.00,0,1,1
1193,1852,description,0.741263,0.461380,0.584811,0.000911700,0.000147881,1,1.0000,100.00,0,1,1
1194,2227,button,0.700734,0.487812,0.584659,0.000741897,0.000162132,1,1.0000,100.00,0,1,1
1195,6810,ore,0.344787,0.990602,0.584420,0.000173176,0.044860107,18,1.7222,94.44,13,6,19
1196,2232,debate,0.700441,0.487518,0.584361,0.000741897,0.000162132,1,1.0000,100.00,0,1,1
1197,6083,lip,0.388546,0.878708,0.584310,0.000203733,0.001346163,6,1.3333,66.67,5,3,8
1198,1861,governor,0.740382,0.461087,0.584277,0.000911700,0.000147881,1,1.0000,100.00,0,1,1
1199,3494,rating,0.575918,0.591483,0.583649,0.000436335,0.000246167,1,1.0000,100.00,0,1,1
1200,3225,muscle,0.601762,0.565639,0.583421,0.000478765,0.000224104,1,1.0000,100.00,0,1,1
1201,1716,pull,0.758297,0.448752,0.583341,0.000999955,0.000141261,1,1.0000,100.00,0,1,1
1202,2066,email,0.717474,0.474009,0.583172,0.000813227,0.000154843,1,1.0000,100.00,0,1,1
1203,4629,generate,0.488106,0.696623,0.583117,0.000295424,0.000407447,1,1.0000,100.00,0,1,1
1204,4967,prisoner,0.466079,0.729222,0.582988,0.000268248,0.000478765,1,1.0000,100.00,0,1,1
1205,2372,liberal,0.686344,0.495154,0.582963,0.000690980,0.000165871,1,1.0000,100.00,0,1,1
1206,2524,loves,0.671366,0.505727,0.582690,0.000645168,0.000173176,1,1.0000,100.00,1,0,1
1207,6257,hug,0.377093,0.899853,0.582519,0.000195236,0.001795703,4,1.2500,75.00,2,3,5
1208,686,issues,0.894860,0.378561,0.582030,0.002461708,0.000109674,1,1.0000,100.00,1,0,1
1209,3941,remind,0.535683,0.632305,0.581992,0.000371820,0.000295424,1,1.0000,100.00,0,1,1
1210,3152,label,0.610279,0.554772,0.581864,0.000488975,0.000213922,1,1.0000,100.00,0,1,1
1211,3847,dispute,0.543906,0.621733,0.581519,0.000380319,0.000281649,2,1.0000,100.00,0,2,2
1212,3154,license,0.609692,0.554479,0.581430,0.000488975,0.000213922,1,1.0000,100.00,0,1,1
1213,798,forward,0.876358,0.385316,0.581098,0.002139250,0.000112226,1,1.0000,100.00,0,1,1
1214,3163,pray,0.609104,0.554185,0.580996,0.000488975,0.000213922,1,1.0000,100.00,1,0,1
1215,2562,conservative,0.667841,0.505433,0.580990,0.000631571,0.000173176,1,1.0000,100.00,0,1,1
1216,4852,folk,0.471953,0.713363,0.580236,0.000275038,0.000446532,1,1.0000,100.00,0,1,1
1217,3737,pan,0.553304,0.607342,0.579694,0.000397268,0.000262478,3,1.3333,66.67,2,2,4
1218,2341,residents,0.689574,0.487225,0.579636,0.000707976,0.000162132,1,1.0000,100.00,1,0,1
1219,1855,entered,0.740969,0.453157,0.579461,0.000911700,0.000144476,1,1.0000,100.00,1,0,1
1220,5636,approve,0.419383,0.800587,0.579442,0.000224104,0.000714094,2,1.0000,100.00,0,2,2
1221,1189,spend,0.823495,0.407636,0.579384,0.001444777,0.000120206,1,1.0000,100.00,0,1,1
1222,3558,reflect,0.571219,0.587665,0.579384,0.000426158,0.000239394,1,1.0000,100.00,0,1,1
1223,5377,arrow,0.438767,0.764758,0.579267,0.000239394,0.000580658,3,1.0000,100.00,2,1,3
1224,5393,consequence,0.437298,0.766226,0.578852,0.000239394,0.000589109,1,1.0000,100.00,0,1,1
1225,4237,explore,0.513656,0.651395,0.578440,0.000331064,0.000321384,3,1.0000,100.00,0,3,3
1226,2008,phase,0.725991,0.460793,0.578387,0.000850573,0.000147881,1,1.0000,100.00,0,1,1
1227,2702,championship,0.651982,0.513069,0.578370,0.000589109,0.000178272,1,1.0000,100.00,0,1,1
1228,2490,studio,0.675477,0.494860,0.578158,0.000660443,0.000165871,1,1.0000,100.00,0,1,1
1229,3132,chamber,0.612041,0.545374,0.577747,0.000488975,0.000203733,1,1.0000,100.00,0,1,1
1230,1515,square,0.783847,0.424963,0.577154,0.001147695,0.000130555,2,1.0000,100.00,0,2,2
1231,2646,concert,0.659325,0.505140,0.577106,0.000602695,0.000173176,1,1.0000,100.00,0,1,1
1232,2837,panel,0.639648,0.518943,0.576143,0.000561949,0.000181655,1,1.0000,100.00,0,1,1
1233,3901,bull,0.540088,0.612628,0.575216,0.000371820,0.000263502,2,1.0000,100.00,0,2,2
1234,3719,experiment,0.554479,0.596476,0.575094,0.000397268,0.000251266,1,1.0000,100.00,0,1,1
1235,1174,competition,0.826138,0.400000,0.574852,0.001444777,0.000117485,1,1.0000,100.00,0,1,1
1236,1729,billion,0.756828,0.435536,0.574131,0.000976242,0.000134802,1,1.0000,100.00,0,1,1
1237,2093,struggle,0.714831,0.460499,0.573741,0.000813227,0.000147881,1,1.0000,100.00,0,1,1
1238,1578,profile,0.775918,0.423495,0.573234,0.001096754,0.000128858,1,1.0000,100.00,0,1,1
1239,2593,settlement,0.664023,0.494567,0.573065,0.000631571,0.000165871,1,1.0000,100.00,0,1,1
1240,3688,sheet,0.558884,0.587372,0.572951,0.000407447,0.000239394,1,1.0000,100.00,0,1,1
1241,5671,guilt,0.416740,0.786784,0.572612,0.000224104,0.000660443,1,1.0000,100.00,0,1,1
1242,884,born,0.864905,0.378267,0.571983,0.001952392,0.000109674,1,1.0000,100.00,0,1,1
1243,4464,volunteer,0.496623,0.657856,0.571582,0.000315800,0.000331064,1,1.0000,100.00,0,1,1
1244,2540,shift,0.669897,0.486931,0.571134,0.000645168,0.000162132,1,1.0000,100.00,0,1,1
1245,3262,chart,0.596769,0.545081,0.570340,0.000466898,0.000203733,1,1.0000,100.00,0,1,1
1246,2654,editor,0.657856,0.494273,0.570229,0.000602695,0.000165871,1,1.0000,100.00,0,1,1
1247,5950,declare,0.397063,0.817621,0.569778,0.000208828,0.000805599,2,1.0000,100.00,0,2,2
1248,1299,commercial,0.810279,0.399706,0.569099,0.001317525,0.000117485,1,1.0000,100.00,0,1,1
1249,2582,portion,0.665492,0.486637,0.569081,0.000631571,0.000162132,1,1.0000,100.00,0,1,1
1250,1781,estate,0.750954,0.431131,0.568999,0.000954140,0.000131751,1,1.0000,100.00,0,1,1
1251,1527,dude,0.781791,0.414097,0.568979,0.001122272,0.000122917,1,1.0000,100.00,0,1,1
1252,4129,rob,0.521586,0.620558,0.568924,0.000346336,0.000279287,4,2.0000,75.00,2,3,5
1253,2415,fault,0.681057,0.475184,0.568882,0.000675741,0.000155853,2,1.0000,100.00,0,2,2
1254,2824,flag,0.640529,0.504846,0.568655,0.000561949,0.000173176,1,1.0000,100.00,0,1,1
1255,1173,choose,0.826432,0.390896,0.568374,0.001444777,0.000114768,1,1.0000,100.00,0,1,1
1256,2047,shoot,0.719530,0.448458,0.568049,0.000831899,0.000141261,1,1.0000,100.00,0,1,1
1257,3655,dragon,0.561527,0.572687,0.567080,0.000407447,0.000229204,1,1.0000,100.00,0,1,1
1258,1823,journal,0.745668,0.430837,0.566799,0.000933752,0.000131751,1,1.0000,100.00,0,1,1
1259,6636,chin,0.353891,0.907195,0.566611,0.000178272,0.001986462,1,1.0000,100.00,0,1,1
1260,3273,exception,0.595595,0.538913,0.566546,0.000466898,0.000198643,1,1.0000,100.00,0,1,1
1261,5399,farmer,0.437004,0.733921,0.566327,0.000239394,0.000488975,1,1.0000,100.00,0,1,1
1262,5643,boot,0.418796,0.765639,0.566256,0.000224104,0.000585214,3,1.0000,100.00,0,3,3
1263,2030,ensure,0.721880,0.441997,0.564862,0.000831899,0.000140239,2,1.0000,100.00,0,2,2
1264,1956,festival,0.731865,0.435242,0.564392,0.000870973,0.000134802,1,1.0000,100.00,0,1,1
1265,6856,arch,0.341850,0.931571,0.564321,0.000169781,0.002953986,1,1.0000,100.00,1,0,1
1266,5536,acquire,0.427900,0.744200,0.564308,0.000229204,0.000518492,2,1.0000,100.00,0,2,2
1267,2312,danger,0.691630,0.460206,0.564174,0.000707976,0.000147881,1,1.0000,100.00,0,1,1
1268,4044,knee,0.528634,0.602056,0.564152,0.000354820,0.000256367,1,1.0000,100.00,0,1,1
1269,2596,talent,0.663436,0.479001,0.563726,0.000631571,0.000158398,1,1.0000,100.00,0,1,1
1270,810,green,0.874596,0.363289,0.563677,0.002088310,0.000104754,1,1.0000,100.00,0,1,1
1271,3354,legend,0.589427,0.538620,0.563451,0.000456693,0.000198643,1,1.0000,100.00,0,1,1
1272,6705,reed,0.350367,0.906021,0.563418,0.000178272,0.001968902,7,1.4286,100.00,5,2,7
1273,5933,cared,0.398532,0.796182,0.563297,0.000208828,0.000690980,1,1.0000,100.00,1,0,1
1274,3358,monster,0.588840,0.538326,0.563017,0.000456693,0.000198643,1,1.0000,100.00,0,1,1
1275,2251,ourselves,0.699559,0.452863,0.562854,0.000741897,0.000144476,1,1.0000,100.00,1,0,1
1276,3489,outcome,0.576799,0.549192,0.562826,0.000436335,0.000208828,1,1.0000,100.00,0,1,1
1277,5168,stole,0.456681,0.692511,0.562367,0.000256367,0.000397268,1,1.0000,100.00,0,1,1
1278,2730,mate,0.650220,0.486344,0.562344,0.000589109,0.000162132,1,1.0000,100.00,0,1,1
1279,3814,nurse,0.545962,0.579148,0.562310,0.000388779,0.000234302,1,1.0000,100.00,0,1,1
1280,5533,venue,0.428194,0.736858,0.561710,0.000234302,0.000492701,3,1.3333,66.67,2,2,4
1281,982,income,0.849927,0.370925,0.561479,0.001782568,0.000107127,1,1.0000,100.00,0,1,1
1282,4751,suggestion,0.479295,0.657562,0.561397,0.000288620,0.000331064,1,1.0000,100.00,0,1,1
1283,5770,ham,0.409692,0.768869,0.561248,0.000219009,0.000594703,2,1.5000,100.00,1,1,2
1284,2821,excuse,0.641116,0.490749,0.560916,0.000561949,0.000165701,2,1.0000,100.00,0,2,2
1285,1132,commission,0.832305,0.377974,0.560883,0.001512638,0.000109674,1,1.0000,100.00,0,1,1
1286,3470,enterprise,0.577386,0.544787,0.560850,0.000436335,0.000203733,1,1.0000,100.00,0,1,1
1287,5853,divide,0.402937,0.780029,0.560627,0.000213922,0.000639193,2,1.0000,100.00,0,2,2
1288,6939,specially,0.338326,0.928341,0.560430,0.000169781,0.002818360,1,1.0000,100.00,1,0,1
1289,3435,solve,0.581498,0.538032,0.559343,0.000446532,0.000198643,1,1.0000,100.00,0,1,1
1290,3810,mechanism,0.546549,0.572394,0.559322,0.000388779,0.000229204,1,1.0000,100.00,0,1,1
1291,3852,grave,0.543612,0.574449,0.558818,0.000380319,0.000231409,2,1.0000,100.00,0,2,2
1292,6484,propose,0.364464,0.856094,0.558583,0.000186757,0.001083144,2,1.0000,100.00,0,2,2
1293,3167,protein,0.608223,0.512775,0.558464,0.000488975,0.000178272,1,1.0000,100.00,0,1,1
1294,4623,employer,0.488399,0.638179,0.558289,0.000295424,0.000302206,1,1.0000,100.00,0,1,1
1295,2450,cycle,0.677533,0.459912,0.558216,0.000660443,0.000147881,1,1.0000,100.00,0,1,1
1296,2022,apple,0.723348,0.430543,0.558062,0.000831899,0.000131751,1,1.0000,100.00,0,1,1
1297,3636,wire,0.562996,0.552717,0.557832,0.000415969,0.000212898,2,1.0000,100.00,0,2,2
1298,537,words,0.915125,0.339794,0.557633,0.003022110,0.000097623,1,1.0000,100.00,1,0,1
1299,3177,shadow,0.606461,0.512482,0.557495,0.000488975,0.000178272,1,1.0000,100.00,0,1,1
1300,1576,prison,0.776505,0.399413,0.556907,0.001096754,0.000117485,1,1.0000,100.00,0,1,1
1301,5476,den,0.431718,0.717768,0.556663,0.000234302,0.000451116,2,1.0000,100.00,0,2,2
1302,2318,expression,0.691336,0.448164,0.556626,0.000707976,0.000141261,1,1.0000,100.00,0,1,1
1303,3199,consideration,0.604112,0.512188,0.556254,0.000478765,0.000178272,1,1.0000,100.00,0,1,1
1304,4118,operator,0.523054,0.591189,0.556079,0.000346336,0.000246167,1,1.0000,100.00,0,1,1
1305,5797,politician,0.407636,0.756828,0.555437,0.000219009,0.000561949,1,1.0000,100.00,0,1,1
1306,3291,nights,0.594420,0.518649,0.555244,0.000466898,0.000181655,1,1.0000,100.00,1,0,1
1307,3665,intention,0.560352,0.548899,0.554596,0.000407447,0.000208828,1,1.0000,100.00,0,1,1
1308,6707,ridge,0.350073,0.878414,0.554535,0.000178272,0.001344956,4,1.2500,75.00,3,2,5
1309,5532,urge,0.428488,0.716593,0.554122,0.000234302,0.000446844,4,1.0000,100.00,2,2,4
1310,3691,substance,0.558003,0.548605,0.553284,0.000407447,0.000208828,1,1.0000,100.00,0,1,1
1311,7312,cam,0.315712,0.968869,0.553068,0.000154843,0.007218008,7,1.7143,100.00,1,6,7
1312,3405,delay,0.584141,0.522173,0.552289,0.000446532,0.000186757,1,1.0000,100.00,0,1,1
1313,3366,pocket,0.588253,0.518355,0.552199,0.000456693,0.000181655,1,1.0000,100.00,0,1,1
1314,3376,senator,0.587665,0.518062,0.551767,0.000456693,0.000181655,1,1.0000,100.00,0,1,1
1315,5413,lap,0.435536,0.698091,0.551402,0.000239394,0.000409852,6,1.3333,83.33,4,3,7
1316,6270,manufacture,0.376799,0.806461,0.551247,0.000195236,0.000747028,3,1.3333,100.00,0,3,3
1317,3692,terrorist,0.557709,0.544493,0.551062,0.000407447,0.000203733,1,1.0000,100.00,0,1,1
1318,3743,protest,0.552717,0.548311,0.550510,0.000397268,0.000208828,1,1.0000,100.00,0,1,1
1319,3130,bishop,0.612335,0.493979,0.549983,0.000488975,0.000165871,1,1.0000,100.00,0,1,1
1320,3758,symbol,0.551542,0.548018,0.549777,0.000397268,0.000208828,1,1.0000,100.00,0,1,1
1321,5322,emotion,0.444347,0.679883,0.549639,0.000246167,0.000371820,1,1.0000,100.00,0,1,1
1322,6847,void,0.342731,0.880764,0.549423,0.000173176,0.001371177,2,1.5000,100.00,1,1,2
1323,2996,moral,0.625844,0.481645,0.549031,0.000524587,0.000160778,2,1.0000,100.00,0,2,2
1324,3439,string,0.581204,0.517768,0.548570,0.000446532,0.000181655,1,1.0000,100.00,0,1,1
1325,4567,lover,0.490455,0.612922,0.548280,0.000302206,0.000264689,2,1.0000,100.00,1,1,2
1326,5407,instruction,0.436123,0.688399,0.547930,0.000239394,0.000388779,1,1.0000,100.00,0,1,1
1327,4729,opponent,0.481645,0.622614,0.547612,0.000288620,0.000281832,1,1.0000,100.00,0,1,1
1328,6406,scare,0.369163,0.811747,0.547419,0.000190149,0.000765176,2,1.0000,100.00,0,2,2
1329,3860,lips,0.542731,0.552129,0.547410,0.000380319,0.000212049,2,1.0000,100.00,2,0,2
1330,4319,delete,0.506608,0.590896,0.547131,0.000324281,0.000246167,1,1.0000,100.00,0,1,1
1331,6080,ion,0.388840,0.769750,0.547092,0.000203733,0.000599655,3,1.3333,66.67,2,2,4
1332,4205,twin,0.516593,0.578855,0.546839,0.000339546,0.000234302,1,1.0000,100.00,0,1,1
1333,5703,ram,0.413216,0.723642,0.546827,0.000224104,0.000466717,6,1.3333,66.67,4,4,8
1334,440,future,0.929515,0.321586,0.546735,0.003633351,0.000091169,1,1.0000,100.00,0,1,1
1335,1792,net,0.748605,0.399119,0.546610,0.000954140,0.000117485,1,1.0000,100.00,0,1,1
1336,2832,motor,0.639941,0.466373,0.546307,0.000561949,0.000151277,1,1.0000,100.00,0,1,1
1337,2374,marine,0.685756,0.434949,0.546140,0.000690980,0.000134802,1,1.0000,100.00,0,1,1
1338,4311,civilian,0.507195,0.587078,0.545677,0.000324281,0.000239394,1,1.0000,100.00,0,1,1
1339,4139,tiger,0.520411,0.572100,0.545644,0.000346336,0.000229204,1,1.0000,100.00,0,1,1
1340,1090,brown,0.837004,0.355360,0.545378,0.001584003,0.000102372,1,1.0000,100.00,0,1,1
1341,4297,ads,0.508957,0.584141,0.545255,0.000324281,0.000237517,3,1.0000,100.00,3,0,3
1342,4238,export,0.513363,0.578561,0.544988,0.000331064,0.000234302,1,1.0000,100.00,0,1,1
1343,4166,disorder,0.519236,0.571806,0.544888,0.000339546,0.000229204,1,1.0000,100.00,0,1,1
1344,3230,package,0.600881,0.493686,0.544653,0.000478765,0.000165871,1,1.0000,100.00,0,1,1
1345,604,summer,0.904846,0.327460,0.544335,0.002750425,0.000093374,1,1.0000,100.00,0,1,1
1346,7344,heck,0.314244,0.942731,0.544286,0.000154843,0.003545065,2,1.5000,100.00,1,1,2
1347,3708,comic,0.556241,0.532452,0.544217,0.000397268,0.000195236,1,1.0000,100.00,0,1,1
1348,4474,chip,0.495448,0.596182,0.543486,0.000308991,0.000251266,1,1.0000,100.00,0,1,1
1349,1660,strength,0.766226,0.385022,0.543152,0.001047551,0.000112226,1,1.0000,100.00,0,1,1
1350,3175,server,0.606755,0.486050,0.543059,0.000488975,0.000162132,1,1.0000,100.00,0,1,1
1351,2112,heaven,0.712482,0.413803,0.542980,0.000794578,0.000122917,1,1.0000,100.00,0,1,1
1352,2130,armed,0.710132,0.414978,0.542853,0.000775890,0.000123938,3,1.3333,100.00,3,0,3
1353,4488,fighter,0.494273,0.595888,0.542708,0.000308991,0.000251266,1,1.0000,100.00,0,1,1
1354,2119,pool,0.711307,0.413510,0.542340,0.000794578,0.000122917,1,1.0000,100.00,0,1,1
1355,7165,weigh,0.323935,0.907489,0.542188,0.000162132,0.001999539,3,1.3333,100.00,0,3,3
1356,1784,fellow,0.750367,0.390602,0.541382,0.000954140,0.000114768,1,1.0000,100.00,0,1,1
1357,1338,ended,0.807048,0.362996,0.541253,0.001288599,0.000104754,1,1.0000,100.00,1,0,1
1358,4257,mill,0.512482,0.571512,0.541193,0.000331064,0.000229204,1,1.0000,100.00,0,1,1
1359,898,waiting,0.862261,0.339501,0.541053,0.001952392,0.000097623,1,1.0000,100.00,1,0,1
1360,1040,addition,0.841997,0.346843,0.540408,0.001658735,0.000099994,1,1.0000,100.00,0,1,1
1361,1350,skin,0.804699,0.362702,0.540246,0.001288599,0.000104754,1,1.0000,100.00,0,1,1
1362,3572,adventure,0.570044,0.511894,0.540187,0.000415969,0.000178272,1,1.0000,100.00,0,1,1
1363,1607,hearing,0.771806,0.377680,0.539903,0.001071281,0.000109674,1,1.0000,100.00,0,1,1
1364,4702,crop,0.483700,0.601762,0.539511,0.000288620,0.000256367,1,1.0000,100.00,0,1,1
1365,1522,budget,0.782673,0.370631,0.538594,0.001122272,0.000107127,1,1.0000,100.00,0,1,1
1366,4370,slave,0.501615,0.578267,0.538579,0.000324281,0.000234302,1,1.0000,100.00,0,1,1
1367,4104,gene,0.523642,0.553891,0.538554,0.000346336,0.000213922,1,1.0000,100.00,0,1,1
1368,1996,edition,0.726579,0.398825,0.538310,0.000850573,0.000117485,1,1.0000,100.00,0,1,1
1369,4497,lion,0.493686,0.586784,0.538226,0.000308991,0.000239394,1,1.0000,100.00,0,1,1
1370,4354,pipe,0.503671,0.575037,0.538172,0.000324281,0.000232594,2,1.0000,100.00,0,2,2
1371,2537,salt,0.670191,0.432012,0.538080,0.000645168,0.000133616,2,1.0000,100.00,0,2,2
1372,4823,toy,0.474890,0.609398,0.537956,0.000281832,0.000263146,1,1.0000,100.00,0,1,1
1373,3996,reward,0.530984,0.544200,0.537551,0.000363330,0.000203733,1,1.0000,100.00,0,1,1
1374,4009,ups,0.530396,0.543906,0.537109,0.000363330,0.000203733,1,1.0000,100.00,1,0,1
1375,1822,joint,0.745962,0.384728,0.535717,0.000933752,0.000112226,1,1.0000,100.00,0,1,1
1376,4288,trap,0.509545,0.562408,0.535324,0.000331064,0.000219346,3,1.3333,66.67,2,2,4
1377,2056,beer,0.718943,0.398532,0.535277,0.000813227,0.000117485,1,1.0000,100.00,0,1,1
1378,3649,crap,0.562115,0.509545,0.535185,0.000407447,0.000178092,3,1.6667,100.00,1,2,3
1379,2649,convention,0.658737,0.434655,0.535092,0.000602695,0.000134802,1,1.0000,100.00,0,1,1
1380,4811,restore,0.475771,0.601468,0.534940,0.000281832,0.000256367,1,1.0000,100.00,0,1,1
1381,7050,tan,0.331865,0.862261,0.534934,0.000165871,0.001155842,4,1.5000,100.00,0,4,4
1382,5203,creature,0.452570,0.632012,0.534817,0.000251266,0.000295424,1,1.0000,100.00,0,1,1
1383,2408,combination,0.681938,0.419383,0.534784,0.000675741,0.000125802,1,1.0000,100.00,0,1,1
1384,5782,loses,0.408811,0.699266,0.534666,0.000219009,0.000414423,2,1.5000,100.00,1,1,2
1385,4356,praise,0.503084,0.567401,0.534275,0.000324281,0.000224447,2,1.0000,100.00,0,2,2
1386,4287,tourist,0.509838,0.559765,0.534219,0.000331064,0.000219009,1,1.0000,100.00,0,1,1
1387,6346,conclude,0.372687,0.763877,0.533561,0.000190149,0.000576899,2,1.0000,100.00,0,2,2
1388,3873,races,0.542144,0.524523,0.533261,0.000380319,0.000187091,2,1.0000,100.00,2,0,2
1389,5147,pie,0.457856,0.620852,0.533161,0.000256367,0.000279784,4,1.5000,100.00,1,3,4
1390,4824,trace,0.474596,0.598532,0.532974,0.000281832,0.000251602,2,1.0000,100.00,0,2,2
1391,2105,crowd,0.713069,0.398238,0.532889,0.000794578,0.000117485,1,1.0000,100.00,0,1,1
1392,4669,tale,0.485756,0.584435,0.532816,0.000295424,0.000237521,2,1.0000,100.00,1,1,2
1393,5374,acknowledge,0.439060,0.645815,0.532496,0.000239394,0.000313740,2,1.0000,100.00,0,2,2
1394,4869,observation,0.471072,0.601175,0.532162,0.000275038,0.000256367,1,1.0000,100.00,0,1,1
1395,7878,wit,0.283700,0.995595,0.531461,0.000141261,0.120233745,2,1.0000,100.00,0,2,2
1396,2157,jump,0.708664,0.397944,0.531045,0.000775890,0.000117485,1,1.0000,100.00,0,1,1
1397,6503,witch,0.363583,0.775624,0.531040,0.000186757,0.000619502,2,1.0000,100.00,2,0,2
1398,5175,transaction,0.455507,0.618502,0.530784,0.000256367,0.000275038,1,1.0000,100.00,0,1,1
1399,3503,tape,0.575037,0.489868,0.530747,0.000436335,0.000164689,2,1.0000,100.00,0,2,2
1400,4666,stranger,0.486344,0.577974,0.530183,0.000295424,0.000234302,1,1.0000,100.00,0,1,1
1401,4856,habit,0.471366,0.595595,0.529852,0.000275038,0.000251266,1,1.0000,100.00,0,1,1
1402,3790,extend,0.548605,0.511601,0.529780,0.000388779,0.000178272,1,1.0000,100.00,0,1,1
1403,2604,cable,0.662261,0.423201,0.529405,0.000616286,0.000128858,1,1.0000,100.00,0,1,1
1404,5415,manufacturer,0.435242,0.643172,0.529089,0.000239394,0.000308991,1,1.0000,100.00,0,1,1
1405,7235,locate,0.319530,0.875771,0.528994,0.000158398,0.001317525,1,1.0000,100.00,0,1,1
1406,4806,preserve,0.476065,0.586490,0.528401,0.000281832,0.000239394,1,1.0000,100.00,0,1,1
1407,6222,advise,0.379148,0.735977,0.528246,0.000195236,0.000490653,4,1.2500,100.00,0,4,4
1408,1198,basic,0.822614,0.339207,0.528239,0.001412492,0.000097623,1,1.0000,100.00,0,1,1
1409,2379,pack,0.684288,0.407342,0.527958,0.000690980,0.000120206,1,1.0000,100.00,0,1,1
1410,4195,ruin,0.517768,0.537739,0.527659,0.000339546,0.000198643,1,1.0000,100.00,0,1,1
1411,1519,actions,0.783554,0.355066,0.527459,0.001122272,0.000102372,1,1.0000,100.00,1,0,1
1412,444,major,0.928341,0.299266,0.527087,0.003633351,0.000085056,1,1.0000,100.00,0,1,1
1413,3775,column,0.550367,0.504552,0.526962,0.000388779,0.000173176,1,1.0000,100.00,0,1,1
1414,2270,classic,0.697504,0.397651,0.526652,0.000724956,0.000117485,1,1.0000,100.00,0,1,1
1415,6479,pal,0.365051,0.759178,0.526440,0.000186757,0.000563317,4,1.2500,100.00,0,4,4
1416,5391,coin,0.437592,0.631718,0.525771,0.000239394,0.000295424,1,1.0000,100.00,0,1,1
1417,3798,idiot,0.548018,0.504258,0.525683,0.000388779,0.000173176,1,1.0000,100.00,0,1,1
1418,2281,feed,0.695448,0.397357,0.525681,0.000724956,0.000117485,1,1.0000,100.00,0,1,1
1419,2549,admit,0.668722,0.413216,0.525668,0.000631571,0.000122917,1,1.0000,100.00,0,1,1
1420,3964,dozen,0.533627,0.517474,0.525489,0.000363330,0.000181655,1,1.0000,100.00,0,1,1
1421,3018,bike,0.623789,0.442291,0.525258,0.000512710,0.000140572,2,1.0000,100.00,0,2,2
1422,7111,loser,0.327753,0.841116,0.525051,0.000162132,0.000962141,2,1.0000,100.00,1,1,2
1423,6844,tin,0.343025,0.803524,0.525004,0.000173176,0.000735115,3,1.3333,100.00,1,2,3
1424,4724,missions,0.482232,0.571219,0.524843,0.000288620,0.000229204,1,1.0000,100.00,1,0,1
1425,4357,proceed,0.502790,0.547724,0.524776,0.000324281,0.000208828,1,1.0000,100.00,0,1,1
1426,3113,suspect,0.614391,0.447871,0.524564,0.000500852,0.000141261,1,1.0000,100.00,0,1,1
1427,2501,warning,0.674890,0.407048,0.524131,0.000660443,0.000120206,1,1.0000,100.00,0,1,1
1428,3713,diamond,0.555653,0.493392,0.523598,0.000397268,0.000165871,1,1.0000,100.00,0,1,1
1429,4158,carrier,0.519530,0.527460,0.523480,0.000339546,0.000190149,1,1.0000,100.00,0,1,1
1430,4024,designer,0.529809,0.517181,0.523457,0.000354820,0.000181655,1,1.0000,100.00,0,1,1
1431,3715,divorce,0.555360,0.493098,0.523304,0.000397268,0.000165871,1,1.0000,100.00,0,1,1
1432,7353,lame,0.313950,0.871659,0.523123,0.000154843,0.001259056,5,1.6000,100.00,2,3,5
1433,5372,warrior,0.439354,0.622320,0.522895,0.000246167,0.000281832,1,1.0000,100.00,0,1,1
1434,3202,cousin,0.603818,0.452570,0.522752,0.000478765,0.000144476,1,1.0000,100.00,0,1,1
1435,3800,initiative,0.547724,0.498678,0.522626,0.000388779,0.000169781,1,1.0000,100.00,0,1,1
1436,4855,graphic,0.471659,0.577680,0.521985,0.000275038,0.000234302,1,1.0000,100.00,0,1,1
1437,3664,infection,0.560646,0.485756,0.521860,0.000407447,0.000162132,1,1.0000,100.00,0,1,1
1438,6912,organize,0.339794,0.800881,0.521666,0.000169781,0.000717996,2,1.0000,100.00,0,2,2
1439,5339,maker,0.442878,0.614097,0.521508,0.000246167,0.000268248,1,1.0000,100.00,0,1,1
1440,4337,jet,0.505433,0.537445,0.521193,0.000324281,0.000198643,1,1.0000,100.00,0,1,1
1441,3680,preparation,0.559471,0.485463,0.521155,0.000407447,0.000162132,1,1.0000,100.00,0,1,1
1442,4131,sacrifice,0.521292,0.520411,0.520852,0.000346336,0.000186075,2,1.0000,100.00,0,2,2
1443,4098,dynamic,0.524523,0.516887,0.520691,0.000346336,0.000181655,1,1.0000,100.00,0,1,1
1444,5169,suite,0.456388,0.593539,0.520465,0.000256367,0.000250246,2,1.0000,100.00,0,2,2
1445,6439,consist,0.366814,0.738326,0.520411,0.000186757,0.000500852,1,1.0000,100.00,0,1,1
1446,3700,assist,0.557122,0.485169,0.519902,0.000397268,0.000162132,1,1.0000,100.00,0,1,1
1447,3825,shore,0.544493,0.496329,0.519854,0.000388779,0.000167395,2,1.0000,100.00,1,1,2
1448,8010,boo,0.276946,0.969750,0.518236,0.000134802,0.007504314,8,1.5000,100.00,0,8,8
1449,5078,advocate,0.460499,0.582966,0.518127,0.000256367,0.000234465,2,1.0000,100.00,0,2,2
1450,5160,resolve,0.457562,0.586197,0.517901,0.000256367,0.000239394,1,1.0000,100.00,0,1,1
1451,5817,teenage,0.405874,0.660793,0.517879,0.000219009,0.000336498,2,1.5000,100.00,0,2,2
1452,2845,rising,0.638767,0.419090,0.517398,0.000561949,0.000125802,1,1.0000,100.00,1,0,1
1453,1893,upper,0.738326,0.362408,0.517277,0.000911700,0.000104754,1,1.0000,100.00,1,0,1
1454,7125,pending,0.326285,0.819971,0.517247,0.000162132,0.000831899,1,1.0000,100.00,1,0,1
1455,3867,pet,0.542438,0.492805,0.517026,0.000380319,0.000165871,1,1.0000,100.00,0,1,1
1456,1140,husband,0.831131,0.321292,0.516755,0.001512638,0.000091169,1,1.0000,100.00,0,1,1
1457,7810,lad,0.285756,0.933921,0.516598,0.000141261,0.003031858,4,1.0000,100.00,2,2,4
1458,5481,eaten,0.431131,0.618209,0.516264,0.000234302,0.000275038,1,1.0000,100.00,1,0,1
1459,4804,poem,0.476358,0.559471,0.516245,0.000281832,0.000219009,1,1.0000,100.00,0,1,1
1460,3459,concentration,0.578855,0.459618,0.515802,0.000436335,0.000147881,1,1.0000,100.00,0,1,1
1461,6536,dive,0.360646,0.735389,0.514991,0.000181655,0.000490316,5,1.8000,100.00,0,5,5
1462,4636,interaction,0.487812,0.543612,0.514957,0.000295424,0.000203733,1,1.0000,100.00,0,1,1
1463,7994,unite,0.277827,0.953598,0.514718,0.000138035,0.004787725,1,1.0000,100.00,0,1,1
1464,6339,characteristic,0.373275,0.709251,0.514534,0.000190149,0.000436335,1,1.0000,100.00,0,1,1
1465,3236,references,0.600294,0.439354,0.513558,0.000478765,0.000138035,1,1.0000,100.00,1,0,1
1466,2116,manner,0.711894,0.370338,0.513460,0.000794578,0.000107127,1,1.0000,100.00,0,1,1
1467,1346,protect,0.805580,0.327166,0.513379,0.001288599,0.000093374,1,1.0000,100.00,0,1,1
1468,2743,sight,0.647871,0.406755,0.513346,0.000589109,0.000120206,1,1.0000,100.00,0,1,1
1469,2378,offering,0.684581,0.384435,0.513008,0.000690980,0.000112226,1,1.0000,100.00,0,1,1
1470,8299,heir,0.266079,0.988840,0.512942,0.000128858,0.037397415,3,1.3333,66.67,2,2,4
1471,2749,tournament,0.647283,0.406461,0.512928,0.000589109,0.000120206,1,1.0000,100.00,0,1,1
1472,6157,enters,0.383554,0.684581,0.512419,0.000198643,0.000380319,1,1.0000,100.00,1,0,1
1473,5359,servant,0.440822,0.595301,0.512271,0.000246167,0.000251266,1,1.0000,100.00,0,1,1
1474,4450,reporter,0.497797,0.527166,0.512271,0.000315800,0.000190149,1,1.0000,100.00,0,1,1
1475,3172,rescue,0.607048,0.430250,0.511060,0.000488975,0.000131751,1,1.0000,100.00,0,1,1
1476,6732,visitor,0.348311,0.748899,0.510735,0.000178272,0.000536470,1,1.0000,100.00,0,1,1
1477,5918,ally,0.400000,0.651982,0.510679,0.000208828,0.000322410,2,1.0000,100.00,2,0,2
1478,3428,plain,0.582673,0.447577,0.510677,0.000446532,0.000141261,1,1.0000,100.00,0,1,1
1479,4246,hook,0.512775,0.508370,0.510568,0.000331064,0.000174700,2,1.0000,100.00,1,1,2
1480,3536,inch,0.571806,0.455800,0.510519,0.000426158,0.000147363,2,1.0000,100.00,2,0,2
1481,3185,appointment,0.605580,0.429956,0.510267,0.000478765,0.000131751,1,1.0000,100.00,0,1,1
1482,4762,wound,0.478708,0.543319,0.509991,0.000288620,0.000203733,1,1.0000,100.00,0,1,1
1483,2355,blog,0.687812,0.377386,0.509481,0.000690980,0.000109674,1,1.0000,100.00,0,1,1
1484,1957,flat,0.731571,0.354772,0.509452,0.000870973,0.000102372,1,1.0000,100.00,0,1,1
1485,5478,developer,0.431424,0.600881,0.509151,0.000234302,0.000256367,1,1.0000,100.00,0,1,1
1486,1337,cars,0.807342,0.320999,0.509073,0.001288599,0.000091169,1,1.0000,100.00,1,0,1
1487,3268,confirm,0.596476,0.434361,0.509005,0.000466898,0.000134802,1,1.0000,100.00,0,1,1
1488,4132,spin,0.520999,0.496916,0.508815,0.000346336,0.000169103,2,1.0000,100.00,0,2,2
1489,5695,owe,0.414391,0.624376,0.508661,0.000224104,0.000287766,4,1.5000,100.00,2,2,4
1490,5353,reserved,0.441116,0.585903,0.508381,0.000246167,0.000239394,1,1.0000,100.00,1,0,1
1491,3819,repair,0.545081,0.473715,0.508147,0.000388779,0.000154843,1,1.0000,100.00,0,1,1
1492,3000,recording,0.625257,0.412922,0.508117,0.000524587,0.000122917,1,1.0000,100.00,0,1,1
1493,6145,cope,0.384141,0.671366,0.507838,0.000198643,0.000354820,1,1.0000,100.00,1,0,1
1494,3663,hunter,0.560940,0.459325,0.507596,0.000407447,0.000147881,1,1.0000,100.00,0,1,1
1495,792,capital,0.877827,0.292805,0.506983,0.002139250,0.000083189,1,1.0000,100.00,0,1,1
1496,7563,hut,0.298385,0.861380,0.506974,0.000147881,0.001150056,3,1.3333,66.67,2,2,4
1497,4718,investigate,0.482819,0.532159,0.506889,0.000288620,0.000195236,1,1.0000,100.00,0,1,1
1498,8328,plea,0.263436,0.973275,0.506355,0.000128858,0.008763105,5,2.0000,100.00,0,5,5
1499,3529,ghost,0.572981,0.447283,0.506246,0.000426158,0.000141261,1,1.0000,100.00,0,1,1
1500,8327,pi,0.263730,0.968576,0.505413,0.000128858,0.007065266,32,2.1250,93.75,6,28,34
1501,4496,knight,0.493979,0.516593,0.505160,0.000308991,0.000181655,1,1.0000,100.00,0,1,1
1502,3622,sum,0.563877,0.452276,0.505003,0.000415969,0.000144476,1,1.0000,100.00,0,1,1
1503,3933,kit,0.536564,0.474890,0.504786,0.000371820,0.000155684,2,1.0000,100.00,0,2,2
1504,4757,tune,0.479001,0.529809,0.503765,0.000288620,0.000193035,2,1.0000,100.00,0,2,2
1505,7124,pee,0.326579,0.776799,0.503672,0.000162132,0.000624775,5,1.2000,100.00,0,5,5
1506,3357,monitor,0.589134,0.429662,0.503119,0.000456693,0.000131751,1,1.0000,100.00,0,1,1
1507,4365,rocket,0.501909,0.503965,0.502936,0.000324281,0.000173176,1,1.0000,100.00,0,1,1
1508,4871,organ,0.470778,0.537151,0.502871,0.000275038,0.000198643,1,1.0000,100.00,0,1,1
1509,915,loss,0.859618,0.293392,0.502200,0.001901523,0.000083363,2,1.5000,100.00,1,1,2
1510,3728,lab,0.553891,0.455213,0.502134,0.000397268,0.000146005,2,1.0000,100.00,1,1,2
1511,3145,gap,0.610866,0.412628,0.502057,0.000488975,0.000122917,1,1.0000,100.00,0,1,1
1512,8021,cod,0.276358,0.911601,0.501925,0.000134802,0.002197097,3,1.6667,100.00,0,3,3
1513,2909,surrounding,0.633774,0.397063,0.501646,0.000550051,0.000117485,1,1.0000,100.00,0,1,1
1514,7246,oppose,0.318649,0.785316,0.500240,0.000158398,0.000656012,2,1.0000,100.00,0,2,2
1515,1905,equal,0.736858,0.338913,0.499731,0.000891326,0.000097623,1,1.0000,100.00,0,1,1
1516,3689,shell,0.558590,0.446990,0.499684,0.000407447,0.000141261,1,1.0000,100.00,0,1,1
1517,380,class,0.938913,0.265786,0.499549,0.004074529,0.000075892,1,1.0000,100.00,0,1,1
1518,1807,ah,0.746549,0.333627,0.499068,0.000933752,0.000095584,2,1.0000,100.00,1,1,2
1519,4261,permit,0.511894,0.484875,0.498202,0.000331064,0.000162132,1,1.0000,100.00,0,1,1
1520,1479,mouth,0.788840,0.314537,0.498116,0.001174867,0.000089131,1,1.0000,100.00,0,1,1
1521,7089,elect,0.329515,0.752129,0.497833,0.000162132,0.000547343,2,1.5000,100.00,1,1,2
1522,3945,shake,0.534802,0.463142,0.497684,0.000371820,0.000150088,2,1.0000,100.00,0,2,2
1523,5498,lecture,0.429662,0.575624,0.497317,0.000234302,0.000234299,2,1.0000,100.00,0,2,2
1524,8488,wee,0.254332,0.971512,0.497078,0.000125802,0.008518426,7,1.7143,100.00,1,6,7
1525,8187,imply,0.271659,0.903377,0.495390,0.000131751,0.001901523,1,1.0000,100.00,1,0,1
1526,3311,tag,0.592364,0.412335,0.494219,0.000466898,0.000122917,1,1.0000,100.00,0,1,1
1527,1244,freedom,0.816446,0.298972,0.494059,0.001380237,0.000085056,1,1.0000,100.00,0,1,1
1528,3811,medal,0.546256,0.446696,0.493974,0.000388779,0.000141261,1,1.0000,100.00,0,1,1
1529,3359,mood,0.588546,0.414391,0.493850,0.000456693,0.000123089,2,1.0000,100.00,0,2,2
1530,7137,researcher,0.325404,0.748605,0.493557,0.000162132,0.000536470,1,1.0000,100.00,0,1,1
1531,7730,tire,0.289280,0.841410,0.493359,0.000144476,0.000964504,2,1.0000,100.00,0,2,2
1532,2770,depth,0.645228,0.377093,0.493265,0.000575541,0.000109674,1,1.0000,100.00,0,1,1
1533,7044,spa,0.332159,0.731278,0.492849,0.000165871,0.000478947,4,1.2500,100.00,0,4,4
1534,2069,fuel,0.717181,0.338620,0.492800,0.000813227,0.000097623,1,1.0000,100.00,0,1,1
1535,5601,privilege,0.422320,0.574743,0.492672,0.000229204,0.000232432,2,1.0000,100.00,0,2,2
1536,5760,eagle,0.410279,0.590602,0.492252,0.000219009,0.000246167,1,1.0000,100.00,0,1,1
1537,6564,impose,0.358590,0.674890,0.491944,0.000181655,0.000360613,2,1.0000,100.00,0,2,2
1538,5698,pose,0.413803,0.584728,0.491897,0.000224104,0.000238884,2,1.0000,100.00,0,2,2
1539,3630,trail,0.563289,0.429369,0.491791,0.000415969,0.000131751,1,1.0000,100.00,0,1,1
1540,5136,measurement,0.458443,0.526872,0.491468,0.000256367,0.000190149,1,1.0000,100.00,0,1,1
1541,3648,crack,0.562408,0.429075,0.491238,0.000407447,0.000131751,1,1.0000,100.00,0,1,1
1542,6430,athlete,0.367107,0.657269,0.491211,0.000186757,0.000331064,1,1.0000,100.00,0,1,1
1543,3168,railway,0.607930,0.396769,0.491129,0.000488975,0.000117485,1,1.0000,100.00,0,1,1
1544,2719,format,0.650808,0.370044,0.490742,0.000589109,0.000107127,1,1.0000,100.00,0,1,1
1545,2118,ocean,0.711601,0.338326,0.490666,0.000794578,0.000097623,1,1.0000,100.00,0,1,1
1546,8257,woo,0.268429,0.896623,0.490591,0.000131751,0.001689764,4,1.5000,100.00,0,4,4
1547,6819,retire,0.343612,0.700147,0.490489,0.000173176,0.000415969,1,1.0000,100.00,0,1,1
1548,40,will,0.990308,0.242878,0.490433,0.047877960,0.000069097,1,1.0000,100.00,0,1,1
1549,2870,comparison,0.637298,0.376799,0.490034,0.000550051,0.000109674,1,1.0000,100.00,0,1,1
1550,3326,commitment,0.591189,0.406167,0.490022,0.000456693,0.000120206,1,1.0000,100.00,0,1,1
1551,6387,meter,0.370631,0.647871,0.490022,0.000190149,0.000315800,1,1.0000,100.00,0,1,1
1552,7093,expectation,0.328928,0.728928,0.489658,0.000162132,0.000478765,1,1.0000,100.00,0,1,1
1553,7605,sigh,0.295448,0.811160,0.489546,0.000147881,0.000762967,3,1.3333,100.00,0,3,3
1554,6197,recommendation,0.382085,0.626432,0.489234,0.000198643,0.000288620,1,1.0000,100.00,0,1,1
1555,5307,compound,0.445521,0.536858,0.489062,0.000246167,0.000198643,1,1.0000,100.00,0,1,1
1556,2178,vision,0.706608,0.338032,0.488729,0.000775890,0.000097623,1,1.0000,100.00,0,1,1
1557,5473,curve,0.432305,0.551836,0.488428,0.000234302,0.000210180,2,1.0000,100.00,0,2,2
1558,5275,teen,0.447871,0.531865,0.488064,0.000251266,0.000195236,1,1.0000,100.00,0,1,1
1559,6092,neighbor,0.387959,0.613803,0.487986,0.000203733,0.000268248,1,1.0000,100.00,0,1,1
1560,5072,variable,0.460793,0.516300,0.487757,0.000263146,0.000181655,1,1.0000,100.00,0,1,1
1561,4360,pursue,0.502496,0.473421,0.487742,0.000324281,0.000154843,1,1.0000,100.00,0,1,1
1562,3080,explanation,0.618502,0.384141,0.487434,0.000500852,0.000112226,1,1.0000,100.00,0,1,1
1563,8444,lone,0.256975,0.924523,0.487421,0.000125802,0.002667784,3,1.3333,100.00,2,1,3
1564,4829,warrant,0.473715,0.501028,0.487180,0.000281832,0.000171305,2,1.0000,100.00,0,2,2
1565,3250,translation,0.598532,0.396476,0.487138,0.000478765,0.000117485,1,1.0000,100.00,0,1,1
1566,7914,eats,0.283407,0.837004,0.487045,0.000138035,0.000939027,5,1.2000,100.00,5,0,5
1567,2405,behavior,0.682526,0.346549,0.486342,0.000675741,0.000099994,1,1.0000,100.00,0,1,1
1568,5588,nail,0.424082,0.557416,0.486200,0.000229204,0.000216809,2,1.0000,100.00,1,1,2
1569,6314,veteran,0.374156,0.631424,0.486057,0.000195236,0.000295424,1,1.0000,100.00,0,1,1
1570,840,mom,0.870778,0.270778,0.485580,0.002037361,0.000077588,1,1.0000,100.00,0,1,1
1571,5621,tribe,0.420852,0.559178,0.485109,0.000229204,0.000219009,1,1.0000,100.00,0,1,1
1572,3224,mirror,0.602056,0.390308,0.484755,0.000478765,0.000114768,1,1.0000,100.00,0,1,1
1573,3306,shower,0.592952,0.396182,0.484682,0.000466898,0.000117485,1,1.0000,100.00,0,1,1
1574,3316,acid,0.592070,0.395888,0.484142,0.000456693,0.000117485,1,1.0000,100.00,0,1,1
1575,879,truth,0.865786,0.270485,0.483923,0.001986462,0.000077588,1,1.0000,100.00,0,1,1
1576,8996,ant,0.237592,0.985609,0.483914,0.000112226,0.022516232,7,1.7143,85.71,5,3,8
1577,7454,expose,0.306314,0.764170,0.483814,0.000151277,0.000579085,2,1.0000,100.00,0,2,2
1578,5482,eliminate,0.430837,0.543025,0.483689,0.000234302,0.000203733,1,1.0000,100.00,0,1,1
1579,5406,horn,0.436417,0.535977,0.483642,0.000239394,0.000197618,3,1.3333,66.67,2,2,4
1580,7136,refuge,0.325698,0.717181,0.483305,0.000162132,0.000447703,2,1.5000,100.00,0,2,2
1581,5805,rod,0.406461,0.573568,0.482839,0.000219009,0.000229711,3,1.3333,100.00,0,3,3
1582,5620,treasure,0.421145,0.553304,0.482723,0.000229204,0.000213580,2,1.0000,100.00,0,2,2
1583,4841,bullet,0.473128,0.492511,0.482722,0.000275038,0.000165871,1,1.0000,100.00,0,1,1
1584,6190,playoff,0.382379,0.609104,0.482606,0.000198643,0.000263146,1,1.0000,100.00,0,1,1
1585,383,nice,0.938326,0.248164,0.482555,0.004074529,0.000070797,1,1.0000,100.00,0,1,1
1586,2816,deals,0.641703,0.362115,0.482048,0.000561949,0.000104754,1,1.0000,100.00,1,0,1
1587,5862,heating,0.402349,0.577386,0.481987,0.000213922,0.000234302,1,1.0000,100.00,1,0,1
1588,5315,deposit,0.444934,0.521880,0.481873,0.000246167,0.000186757,1,1.0000,100.00,0,1,1
1589,3955,breast,0.534214,0.434068,0.481545,0.000363330,0.000134802,1,1.0000,100.00,0,1,1
1590,6762,demo,0.345962,0.669604,0.481308,0.000173176,0.000351440,3,1.3333,100.00,0,3,3
1591,4468,alien,0.496035,0.466079,0.480824,0.000308991,0.000151277,1,1.0000,100.00,0,1,1
1592,7566,inspire,0.298091,0.773862,0.480293,0.000147881,0.000616286,1,1.0000,100.00,0,1,1
1593,6740,arrange,0.347430,0.662849,0.479889,0.000173176,0.000339546,1,1.0000,100.00,0,1,1
1594,47,has,0.989134,0.232599,0.479658,0.039727962,0.000066043,1,1.0000,100.00,0,1,1
1595,446,morning,0.928047,0.247871,0.479620,0.003633351,0.000070797,1,1.0000,100.00,0,1,1
1596,4746,segment,0.479883,0.478708,0.479295,0.000288620,0.000158398,1,1.0000,100.00,0,1,1
1597,2754,academic,0.646990,0.354479,0.478899,0.000575541,0.000102372,1,1.0000,100.00,0,1,1
1598,1369,evening,0.800881,0.286344,0.478881,0.001258040,0.000081322,1,1.0000,100.00,0,1,1
1599,5826,variation,0.405580,0.565345,0.478845,0.000219009,0.000224104,1,1.0000,100.00,0,1,1
1600,4481,discipline,0.494567,0.462555,0.478293,0.000308991,0.000149568,2,1.0000,100.00,0,2,2
1601,5189,barrier,0.454038,0.503671,0.478211,0.000251266,0.000173176,1,1.0000,100.00,0,1,1
1602,1011,justice,0.845521,0.270191,0.477967,0.001731790,0.000077588,1,1.0000,100.00,0,1,1
1603,5453,assumption,0.433774,0.526579,0.477929,0.000234302,0.000190149,1,1.0000,100.00,0,1,1
1604,3638,angle,0.562702,0.405874,0.477897,0.000407447,0.000120206,1,1.0000,100.00,0,1,1
1605,2941,ideal,0.631131,0.361821,0.477866,0.000536470,0.000104754,1,1.0000,100.00,0,1,1
1606,3181,suffer,0.606167,0.376505,0.477729,0.000488975,0.000109674,1,1.0000,100.00,0,1,1
1607,2806,attorney,0.642878,0.354185,0.477177,0.000561949,0.000102372,1,1.0000,100.00,0,1,1
1608,8063,lightly,0.274596,0.828781,0.477054,0.000134802,0.000891326,1,1.0000,100.00,1,0,1
1609,3195,circuit,0.604699,0.376211,0.476964,0.000478765,0.000109674,1,1.0000,100.00,0,1,1
1610,4813,rude,0.475477,0.478414,0.476943,0.000281832,0.000158398,1,1.0000,100.00,1,0,1
1611,3108,singer,0.614978,0.369750,0.476853,0.000500852,0.000107127,1,1.0000,100.00,0,1,1
1612,3506,amendment,0.574743,0.395595,0.476828,0.000426158,0.000117485,1,1.0000,100.00,0,1,1
1613,2813,commander,0.641997,0.353891,0.476652,0.000561949,0.000102372,1,1.0000,100.00,0,1,1
1614,7197,critic,0.322173,0.705140,0.476631,0.000158398,0.000426158,1,1.0000,100.00,0,1,1
1615,6915,pill,0.339501,0.666667,0.475746,0.000169781,0.000345665,3,1.3333,66.67,2,2,4
1616,1343,meaning,0.805874,0.280764,0.475668,0.001288599,0.000079457,1,1.0000,100.00,0,1,1
1617,6874,democrat,0.340969,0.662555,0.475301,0.000169781,0.000339546,1,1.0000,100.00,0,1,1
1618,5191,bin,0.453744,0.496623,0.474700,0.000251266,0.000168760,3,1.3333,100.00,0,3,3
1619,2890,mess,0.635536,0.353598,0.474051,0.000550051,0.000102372,1,1.0000,100.00,0,1,1
1620,7157,tops,0.324229,0.692217,0.473748,0.000162132,0.000397268,1,1.0000,100.00,1,0,1
1621,5490,import,0.430250,0.521586,0.473722,0.000234302,0.000186757,1,1.0000,100.00,0,1,1
1622,7968,ranch,0.279883,0.801468,0.473621,0.000138035,0.000724956,1,1.0000,100.00,1,0,1
1623,2510,chicken,0.672834,0.333333,0.473580,0.000645168,0.000095413,1,1.0000,100.00,0,1,1
1624,6144,constitute,0.384435,0.583260,0.473524,0.000198643,0.000234797,2,1.0000,100.00,0,2,2
1625,3942,reverse,0.535389,0.418796,0.473517,0.000371820,0.000125802,1,1.0000,100.00,0,1,1
1626,8399,consume,0.259031,0.865198,0.473406,0.000125802,0.001184535,3,1.3333,100.00,0,3,3
1627,4375,tube,0.501028,0.446402,0.472927,0.000324281,0.000141261,1,1.0000,100.00,0,1,1
1628,8545,ins,0.252863,0.883700,0.472711,0.000122917,0.001425484,7,1.2857,100.00,7,0,7
1629,3197,commissioner,0.604405,0.369457,0.472548,0.000478765,0.000107127,1,1.0000,100.00,0,1,1
1630,8569,owing,0.252276,0.884875,0.472475,0.000122917,0.001450013,3,1.3333,100.00,3,0,3
1631,228,having,0.960940,0.232305,0.472474,0.006162948,0.000066043,1,1.0000,100.00,1,0,1
1632,2016,valley,0.724523,0.307783,0.472224,0.000850573,0.000087096,1,1.0000,100.00,0,1,1
1633,5594,obligation,0.423495,0.526285,0.472101,0.000229204,0.000190149,1,1.0000,100.00,0,1,1
1634,2286,honor,0.694860,0.320705,0.472065,0.000724956,0.000091169,1,1.0000,100.00,0,1,1
1635,5801,rebel,0.407048,0.547430,0.472049,0.000219009,0.000208828,1,1.0000,100.00,0,1,1
1636,2017,wedding,0.724229,0.307489,0.471903,0.000850573,0.000087096,1,1.0000,100.00,0,1,1
1637,1441,defense,0.793833,0.280470,0.471854,0.001201962,0.000079457,1,1.0000,100.00,0,1,1
1638,2551,arrest,0.668429,0.333040,0.471819,0.000631571,0.000095413,1,1.0000,100.00,0,1,1
1639,6059,dimension,0.389721,0.570925,0.471701,0.000203733,0.000229204,1,1.0000,100.00,0,1,1
1640,5686,lung,0.415272,0.535683,0.471650,0.000224104,0.000197451,2,1.0000,100.00,1,1,2
1641,5700,publisher,0.413510,0.536564,0.471035,0.000224104,0.000198643,1,1.0000,100.00,0,1,1
1642,4103,fool,0.523935,0.422907,0.470719,0.000346336,0.000128858,1,1.0000,100.00,0,1,1
1643,700,inside,0.892805,0.247577,0.470147,0.002393736,0.000070797,1,1.0000,100.00,0,1,1
1644,3602,killer,0.566226,0.390015,0.469932,0.000415969,0.000114768,1,1.0000,100.00,0,1,1
1645,1236,captain,0.817915,0.269897,0.469844,0.001380237,0.000077588,1,1.0000,100.00,0,1,1
1646,4845,corps,0.472247,0.466960,0.469596,0.000275038,0.000151607,2,1.5000,100.00,0,2,2
1647,5347,peer,0.441703,0.498385,0.469189,0.000246167,0.000169781,1,1.0000,100.00,0,1,1
1648,4503,pole,0.493392,0.446109,0.469155,0.000308991,0.000141261,1,1.0000,100.00,0,1,1
1649,2080,native,0.716006,0.307195,0.468992,0.000813227,0.000087096,1,1.0000,100.00,0,1,1
1650,5854,doc,0.402643,0.546256,0.468984,0.000213922,0.000207471,2,1.5000,100.00,0,2,2
1651,6000,provider,0.393245,0.558884,0.468805,0.000208828,0.000219009,1,1.0000,100.00,0,1,1
1652,3402,communist,0.584435,0.375918,0.468721,0.000446532,0.000109674,1,1.0000,100.00,0,1,1
1653,3885,uniform,0.541263,0.405580,0.468535,0.000380319,0.000120206,1,1.0000,100.00,0,1,1
1654,2732,noise,0.649927,0.337739,0.468514,0.000589109,0.000097623,1,1.0000,100.00,0,1,1
1655,4264,phrase,0.511601,0.428781,0.468364,0.000331064,0.000131751,1,1.0000,100.00,0,1,1
1656,6424,activist,0.367988,0.595007,0.467927,0.000186757,0.000251266,1,1.0000,100.00,0,1,1
1657,6007,resume,0.392658,0.556535,0.467469,0.000208828,0.000215449,3,1.0000,100.00,1,2,3
1658,2951,plot,0.630250,0.346256,0.467148,0.000536470,0.000099994,1,1.0000,100.00,0,1,1
1659,3210,exhibition,0.603231,0.361527,0.466995,0.000478765,0.000104754,1,1.0000,100.00,0,1,1
1660,6785,heels,0.345374,0.631131,0.466879,0.000173176,0.000295424,1,1.0000,100.00,1,0,1
1661,8373,alley,0.260206,0.836711,0.466601,0.000125802,0.000937669,2,1.5000,100.00,1,1,2
1662,7290,translate,0.317768,0.683994,0.466210,0.000158398,0.000379794,2,1.0000,100.00,0,2,2
1663,2981,establishment,0.627900,0.345962,0.466079,0.000524587,0.000099994,1,1.0000,100.00,0,1,1
1664,1590,spread,0.774156,0.280176,0.465725,0.001096754,0.000079457,1,1.0000,100.00,0,1,1
1665,514,talking,0.917474,0.236123,0.465443,0.003157736,0.000067573,1,1.0000,100.00,1,0,1
1666,2995,lift,0.626138,0.345668,0.465227,0.000524587,0.000099994,1,1.0000,100.00,0,1,1
1667,5506,nerve,0.429369,0.503377,0.464903,0.000234302,0.000173176,1,1.0000,100.00,0,1,1
1668,4355,poet,0.503377,0.428488,0.464425,0.000324281,0.000131751,1,1.0000,100.00,0,1,1
1669,3010,temple,0.624376,0.345374,0.464374,0.000524587,0.000099994,1,1.0000,100.00,0,1,1
1670,5246,poster,0.450514,0.478120,0.464112,0.000251266,0.000158398,1,1.0000,100.00,0,1,1
1671,4316,cure,0.506902,0.424670,0.463967,0.000324281,0.000130555,2,1.0000,100.00,0,2,2
1672,5324,essay,0.444053,0.484581,0.463875,0.000246167,0.000162132,1,1.0000,100.00,0,1,1
1673,6525,cheer,0.360940,0.594714,0.463310,0.000181655,0.000251266,1,1.0000,100.00,0,1,1
1674,8225,rains,0.270191,0.793833,0.463127,0.000131751,0.000679793,4,1.2500,100.00,4,0,4
1675,2272,download,0.696916,0.306902,0.462477,0.000724956,0.000087096,1,1.0000,100.00,0,1,1
1676,3322,cake,0.591483,0.361233,0.462237,0.000456693,0.000104754,1,1.0000,100.00,0,1,1
1677,4843,collapse,0.472540,0.451982,0.462147,0.000275038,0.000144476,1,1.0000,100.00,0,1,1
1678,6309,tent,0.374743,0.568576,0.461595,0.000195236,0.000227338,2,1.0000,100.00,0,2,2
1679,1698,elections,0.761233,0.279883,0.461580,0.000999955,0.000079457,1,1.0000,100.00,1,0,1
1680,3215,gang,0.602937,0.353304,0.461541,0.000478765,0.000102372,1,1.0000,100.00,0,1,1
1681,3492,possession,0.576505,0.369163,0.461329,0.000436335,0.000107127,1,1.0000,100.00,0,1,1
1682,4792,hosts,0.477239,0.445815,0.461260,0.000281832,0.000141261,1,1.0000,100.00,1,0,1
1683,6950,airline,0.337151,0.630837,0.461181,0.000165871,0.000295424,1,1.0000,100.00,0,1,1
1684,7212,emerge,0.321292,0.661968,0.461178,0.000158398,0.000339044,2,1.0000,100.00,0,2,2
1685,3495,recall,0.575624,0.368869,0.460793,0.000436335,0.000107127,1,1.0000,100.00,0,1,1
1686,4708,duck,0.483407,0.439060,0.460700,0.000288620,0.000138035,1,1.0000,100.00,0,1,1
1687,3619,satellite,0.564464,0.375624,0.460463,0.000415969,0.000109674,1,1.0000,100.00,0,1,1
1688,6744,buck,0.347137,0.608811,0.459718,0.000173176,0.000263146,1,1.0000,100.00,0,1,1
1689,3527,forum,0.573275,0.368576,0.459668,0.000426158,0.000107127,1,1.0000,100.00,0,1,1
1690,3793,genetic,0.548311,0.383847,0.458768,0.000388779,0.000112226,1,1.0000,100.00,0,1,1
1691,5847,concentrate,0.403524,0.521292,0.458644,0.000213922,0.000186757,1,1.0000,100.00,0,1,1
1692,4278,seal,0.510426,0.412041,0.458603,0.000331064,0.000122917,1,1.0000,100.00,0,1,1
1693,6543,enhance,0.360059,0.583847,0.458497,0.000181655,0.000235825,2,1.0000,100.00,0,2,2
1694,9344,rack,0.225844,0.928047,0.457815,0.000107127,0.002784257,5,1.4000,60.00,4,3,7
1695,3591,founder,0.567988,0.368282,0.457362,0.000415969,0.000107127,1,1.0000,100.00,0,1,1
1696,6139,cigarette,0.385022,0.542731,0.457125,0.000198643,0.000203733,1,1.0000,100.00,0,1,1
1697,4310,celebration,0.507489,0.411747,0.457118,0.000324281,0.000122917,1,1.0000,100.00,0,1,1
1698,5181,yield,0.454626,0.459031,0.456823,0.000256367,0.000147881,1,1.0000,100.00,0,1,1
1699,5370,violation,0.439648,0.473128,0.456081,0.000246167,0.000154843,1,1.0000,100.00,0,1,1
1700,5935,cease,0.398238,0.520117,0.455116,0.000208828,0.000182857,2,1.0000,100.00,0,2,2
1701,7028,refugee,0.332746,0.622026,0.454947,0.000165871,0.000281832,1,1.0000,100.00,0,1,1
1702,7436,colleague,0.307783,0.671072,0.454471,0.000151277,0.000354820,1,1.0000,100.00,0,1,1
1703,5405,holder,0.436711,0.472834,0.454414,0.000239394,0.000154843,1,1.0000,100.00,0,1,1
1704,9706,bot,0.211454,0.976505,0.454407,0.000099994,0.010475668,1,1.0000,100.00,0,1,1
1705,5474,dealer,0.432012,0.477827,0.454342,0.000234302,0.000158398,1,1.0000,100.00,0,1,1
1706,3452,bath,0.579736,0.355653,0.454076,0.000436335,0.000103393,2,1.0000,100.00,0,2,2
1707,5966,flame,0.395301,0.520999,0.453819,0.000208828,0.000186757,1,1.0000,100.00,0,1,1
1708,5045,poll,0.461968,0.445521,0.453670,0.000263146,0.000141261,1,1.0000,100.00,0,1,1
1709,9251,amp,0.228194,0.901322,0.453515,0.000107127,0.001849715,8,1.5000,100.00,6,2,8
1710,5352,recipe,0.441410,0.465786,0.453434,0.000246167,0.000151277,1,1.0000,100.00,0,1,1
1711,5442,stake,0.434361,0.472540,0.453049,0.000239394,0.000154843,1,1.0000,100.00,0,1,1
1712,4681,worn,0.484875,0.422614,0.452675,0.000295424,0.000128858,1,1.0000,100.00,1,0,1
1713,4585,specialist,0.489574,0.418502,0.452645,0.000302206,0.000125802,1,1.0000,100.00,0,1,1
1714,1335,cancer,0.807636,0.253451,0.452433,0.001288599,0.000072494,1,1.0000,100.00,0,1,1
1715,5892,rises,0.401175,0.510132,0.452385,0.000213922,0.000178265,2,1.0000,100.00,2,0,2
1716,498,front,0.919530,0.221733,0.451542,0.003242859,0.000063156,1,1.0000,100.00,0,1,1
1717,5202,compromise,0.452863,0.450220,0.451540,0.000251266,0.000141935,2,1.0000,100.00,0,2,2
1718,4026,devil,0.529515,0.383554,0.450663,0.000354820,0.000112226,1,1.0000,100.00,0,1,1
1719,7366,nut,0.312482,0.647577,0.449840,0.000154843,0.000315800,1,1.0000,100.00,0,1,1
1720,2461,favor,0.676652,0.298678,0.449557,0.000660443,0.000085056,1,1.0000,100.00,0,1,1
1721,2321,fill,0.690749,0.292511,0.449502,0.000707976,0.000083189,1,1.0000,100.00,0,1,1
1722,5303,clip,0.445815,0.451689,0.448742,0.000246167,0.000144476,1,1.0000,100.00,0,1,1
1723,8196,locks,0.271366,0.741557,0.448590,0.000131751,0.000512575,2,1.0000,100.00,2,0,2
1724,4210,aids,0.516006,0.389721,0.448440,0.000331064,0.000114768,1,1.0000,100.00,1,0,1
1725,2508,bowl,0.673421,0.298385,0.448262,0.000645168,0.000085056,1,1.0000,100.00,0,1,1
1726,5757,disc,0.410573,0.489280,0.448202,0.000219009,0.000164510,2,1.0000,100.00,0,2,2
1727,9840,ark,0.207342,0.968282,0.448069,0.000097623,0.006989844,8,1.6250,87.50,6,3,9
1728,5586,missile,0.424376,0.472247,0.447672,0.000229204,0.000154843,1,1.0000,100.00,0,1,1
1729,7466,immigrant,0.306021,0.653451,0.447179,0.000151277,0.000324281,1,1.0000,100.00,0,1,1
1730,4514,shield,0.492511,0.405286,0.446775,0.000308991,0.000120206,1,1.0000,100.00,0,1,1
1731,482,asked,0.923642,0.215565,0.446212,0.003310686,0.000061628,1,1.0000,100.00,1,0,1
1732,2418,hang,0.680764,0.292217,0.446017,0.000675741,0.000083189,1,1.0000,100.00,0,1,1
1733,5164,robot,0.456975,0.433774,0.445223,0.000256367,0.000134802,1,1.0000,100.00,0,1,1
1734,4059,sequence,0.528047,0.375330,0.445188,0.000354820,0.000109674,1,1.0000,100.00,0,1,1
1735,3281,input,0.595007,0.332746,0.444957,0.000466898,0.000095413,1,1.0000,100.00,0,1,1
1736,6102,prospect,0.387078,0.511307,0.444877,0.000203733,0.000178272,1,1.0000,100.00,0,1,1
1737,5646,bug,0.418502,0.471953,0.444425,0.000224104,0.000154843,1,1.0000,100.00,0,1,1
1738,4411,filter,0.499559,0.395301,0.444383,0.000315800,0.000117485,1,1.0000,100.00,0,1,1
1739,4645,margin,0.487225,0.404993,0.444210,0.000295424,0.000120206,1,1.0000,100.00,0,1,1
1740,5261,rival,0.448752,0.438767,0.443731,0.000251266,0.000138035,1,1.0000,100.00,0,1,1
1741,5599,pig,0.422907,0.465492,0.443689,0.000229204,0.000151277,1,1.0000,100.00,0,1,1
1742,3818,regret,0.545374,0.360940,0.443675,0.000388779,0.000104754,1,1.0000,100.00,0,1,1
1743,1286,winter,0.811454,0.242584,0.443673,0.001348045,0.000069097,1,1.0000,100.00,0,1,1
1744,3578,connect,0.569750,0.345081,0.443407,0.000415969,0.000099994,1,1.0000,100.00,0,1,1
1745,1598,birth,0.773568,0.253157,0.442532,0.001071281,0.000072494,1,1.0000,100.00,0,1,1
1746,2850,soil,0.638473,0.306608,0.442449,0.000561949,0.000087096,1,1.0000,100.00,0,1,1
1747,1464,actual,0.790896,0.247283,0.442239,0.001174867,0.000070797,1,1.0000,100.00,1,0,1
1748,4928,dose,0.466960,0.418209,0.441913,0.000268248,0.000125802,1,1.0000,100.00,0,1,1
1749,9916,mod,0.205286,0.951248,0.441903,0.000097623,0.004399293,6,2.1667,100.00,0,6,6
1750,9562,crow,0.217034,0.899266,0.441782,0.000102372,0.001784891,5,1.4000,100.00,0,5,5
1751,7412,advisor,0.309251,0.630250,0.441481,0.000151277,0.000293719,2,1.0000,100.00,0,2,2
1752,1351,sweet,0.804405,0.242291,0.441475,0.001288599,0.000069097,1,1.0000,100.00,0,1,1
1753,984,listen,0.849633,0.229369,0.441451,0.001782568,0.000064516,1,1.0000,100.00,0,1,1
1754,2296,selection,0.693686,0.279589,0.440394,0.000724956,0.000079457,1,1.0000,100.00,0,1,1
1755,7426,calculate,0.308664,0.626138,0.439620,0.000151277,0.000288620,1,1.0000,100.00,0,1,1
1756,9376,topped,0.224670,0.860206,0.439616,0.000107127,0.001147695,1,1.0000,100.00,1,0,1
1757,6428,assure,0.367401,0.525991,0.439602,0.000186757,0.000190149,1,1.0000,100.00,0,1,1
1758,4794,insight,0.476946,0.404699,0.439340,0.000281832,0.000120206,1,1.0000,100.00,0,1,1
1759,1851,context,0.741557,0.259325,0.438525,0.000911700,0.000074196,1,1.0000,100.00,0,1,1
1760,2110,girlfriend,0.712775,0.269604,0.438368,0.000794578,0.000077588,1,1.0000,100.00,0,1,1
1761,9000,axe,0.237298,0.806167,0.437381,0.000112226,0.000743443,2,1.5000,100.00,1,1,2
1762,8698,rows,0.247577,0.772100,0.437212,0.000120206,0.000603725,5,1.6000,100.00,3,2,5
1763,3899,bid,0.540382,0.353010,0.436761,0.000371820,0.000102372,1,1.0000,100.00,0,1,1
1764,5803,rep,0.406755,0.468135,0.436367,0.000219009,0.000154841,2,1.0000,100.00,1,1,2
1765,4064,theater,0.527753,0.360646,0.436271,0.000354820,0.000104754,1,1.0000,100.00,0,1,1
1766,3755,spell,0.551836,0.344787,0.436195,0.000397268,0.000099994,1,1.0000,100.00,0,1,1
1767,3626,sword,0.563583,0.337445,0.436094,0.000415969,0.000097623,1,1.0000,100.00,0,1,1
1768,5057,snake,0.461380,0.411454,0.435702,0.000263146,0.000122917,1,1.0000,100.00,0,1,1
1769,4904,trips,0.467548,0.404405,0.434832,0.000275038,0.000120206,1,1.0000,100.00,1,0,1
1770,10128,vent,0.197357,0.952717,0.433619,0.000095413,0.004615433,3,1.3333,66.67,2,2,4
1771,9656,scar,0.212041,0.885756,0.433378,0.000102372,0.001475510,6,1.3333,100.00,0,6,6
1772,3126,assessment,0.612922,0.306314,0.433298,0.000488975,0.000087096,1,1.0000,100.00,0,1,1
1773,3399,chase,0.585316,0.320411,0.433061,0.000446532,0.000091169,1,1.0000,100.00,0,1,1
1774,3129,bedroom,0.612628,0.306021,0.432986,0.000488975,0.000087096,1,1.0000,100.00,0,1,1
1775,7435,closes,0.308076,0.608517,0.432978,0.000151277,0.000263146,1,1.0000,100.00,0,1,1
1776,7661,execute,0.293392,0.637885,0.432609,0.000144476,0.000302206,1,1.0000,100.00,0,1,1
1777,4418,helicopter,0.498972,0.375037,0.432589,0.000315800,0.000109674,1,1.0000,100.00,0,1,1
1778,9886,forge,0.206167,0.905433,0.432054,0.000097623,0.001943232,3,1.3333,100.00,0,3,3
1779,3561,representation,0.570631,0.326872,0.431884,0.000426158,0.000093374,1,1.0000,100.00,0,1,1
1780,4665,stem,0.486637,0.383260,0.431866,0.000295424,0.000112226,1,1.0000,100.00,0,1,1
1781,518,clear,0.916887,0.203231,0.431671,0.003089951,0.000058910,1,1.0000,100.00,0,1,1
1782,4329,flood,0.506021,0.367988,0.431520,0.000324281,0.000107127,1,1.0000,100.00,0,1,1
1783,3166,promotion,0.608517,0.305727,0.431324,0.000488975,0.000087096,1,1.0000,100.00,0,1,1
1784,3339,examination,0.590308,0.314244,0.430698,0.000456693,0.000089131,1,1.0000,100.00,0,1,1
1785,6090,mineral,0.388253,0.477533,0.430585,0.000203733,0.000158398,1,1.0000,100.00,0,1,1
1786,5600,preference,0.422614,0.438473,0.430470,0.000229204,0.000138035,1,1.0000,100.00,0,1,1
1787,8308,leaning,0.265786,0.696329,0.430203,0.000128858,0.000407447,1,1.0000,100.00,1,0,1
1788,4896,tension,0.468135,0.395007,0.430020,0.000275038,0.000117485,1,1.0000,100.00,0,1,1
1789,7441,cookie,0.307489,0.600587,0.429737,0.000151277,0.000256367,1,1.0000,100.00,0,1,1
1790,3216,grab,0.602643,0.305433,0.429031,0.000478765,0.000087096,1,1.0000,100.00,0,1,1
1791,9332,owl,0.226432,0.812041,0.428803,0.000107127,0.000772839,3,1.3333,66.67,2,2,4
1792,9768,mat,0.210573,0.873128,0.428785,0.000099994,0.001281616,5,1.4000,100.00,0,5,5
1793,3102,reaching,0.616153,0.298091,0.428567,0.000500852,0.000085056,1,1.0000,100.00,1,0,1
1794,7471,lanes,0.305727,0.600294,0.428399,0.000151277,0.000256367,1,1.0000,100.00,1,0,1
1795,2817,defeat,0.641410,0.286050,0.428340,0.000561949,0.000081322,1,1.0000,100.00,0,1,1
1796,7527,bore,0.301322,0.608223,0.428101,0.000147881,0.000263146,1,1.0000,100.00,0,1,1
1797,10335,doe,0.187959,0.975037,0.428097,0.000091169,0.009762566,1,1.0000,100.00,0,1,1
1798,4429,jealous,0.498385,0.367695,0.428081,0.000315800,0.000107127,1,1.0000,100.00,0,1,1
1799,2174,sub,0.707195,0.259031,0.428002,0.000775890,0.000074196,1,1.0000,100.00,0,1,1
1800,2828,hide,0.640235,0.285756,0.427728,0.000561949,0.000081322,1,1.0000,100.00,0,1,1
1801,5664,exam,0.417327,0.438179,0.427626,0.000224104,0.000138035,1,1.0000,100.00,0,1,1
1802,9594,heel,0.215272,0.849046,0.427522,0.000102372,0.001030549,3,1.3333,66.67,2,2,4
1803,7477,modes,0.304846,0.599119,0.427363,0.000151277,0.000254324,2,1.5000,100.00,0,2,2
1804,3786,domain,0.549192,0.332452,0.427294,0.000388779,0.000095413,1,1.0000,100.00,0,1,1
1805,5556,demonstration,0.426138,0.428194,0.427165,0.000229204,0.000131751,1,1.0000,100.00,0,1,1
1806,4822,torture,0.475184,0.382966,0.426590,0.000281832,0.000112226,1,1.0000,100.00,0,1,1
1807,8655,flee,0.249927,0.728047,0.426566,0.000120206,0.000476061,2,1.5000,100.00,0,2,2
1808,4670,tissue,0.485463,0.374743,0.426525,0.000295424,0.000109674,1,1.0000,100.00,0,1,1
1809,3802,intervention,0.547430,0.332159,0.426420,0.000388779,0.000095413,1,1.0000,100.00,0,1,1
1810,10113,tore,0.198238,0.916887,0.426335,0.000095413,0.002356421,3,1.6667,100.00,1,2,3
1811,10463,wan,0.184435,0.984728,0.426167,0.000091169,0.020985341,5,1.4000,100.00,1,4,5
1812,7405,vegetable,0.309838,0.585609,0.425963,0.000154843,0.000239394,1,1.0000,100.00,0,1,1
1813,4827,tunnel,0.474009,0.382673,0.425899,0.000281832,0.000112226,1,1.0000,100.00,0,1,1
1814,5378,assignment,0.438473,0.411160,0.424597,0.000239394,0.000122917,1,1.0000,100.00,0,1,1
1815,4732,patent,0.481057,0.374449,0.424419,0.000288620,0.000109674,1,1.0000,100.00,0,1,1
1816,4568,mask,0.490162,0.367401,0.424365,0.000302206,0.000107127,1,1.0000,100.00,0,1,1
1817,5748,cow,0.410866,0.437885,0.424161,0.000219009,0.000138035,1,1.0000,100.00,0,1,1
1818,8333,proceeding,0.262849,0.684288,0.424104,0.000128858,0.000380319,1,1.0000,100.00,0,1,1
1819,2787,prefer,0.643759,0.279295,0.424027,0.000575541,0.000079457,1,1.0000,100.00,0,1,1
1820,2156,journey,0.708957,0.252863,0.423402,0.000775890,0.000072494,1,1.0000,100.00,0,1,1
1821,6218,withdraw,0.379442,0.471659,0.423045,0.000198643,0.000154843,1,1.0000,100.00,0,1,1
1822,10523,fin,0.182673,0.979442,0.422986,0.000089131,0.013159573,8,1.7500,100.00,0,8,8
1823,5786,monkey,0.408223,0.437592,0.422652,0.000219009,0.000138035,1,1.0000,100.00,0,1,1
1824,8253,voter,0.268722,0.662261,0.421858,0.000131751,0.000339546,1,1.0000,100.00,0,1,1
1825,1645,institute,0.766814,0.232012,0.421793,0.001047551,0.000066043,1,1.0000,100.00,0,1,1
1826,7973,reservation,0.279295,0.636417,0.421602,0.000138035,0.000297608,2,1.0000,100.00,1,1,2
1827,2871,contest,0.637004,0.279001,0.421575,0.000550051,0.000079457,1,1.0000,100.00,0,1,1
1828,1365,click,0.801762,0.221439,0.421357,0.001258040,0.000063156,1,1.0000,100.00,0,1,1
1829,5259,rifle,0.449339,0.394714,0.421142,0.000251266,0.000117485,1,1.0000,100.00,0,1,1
1830,10426,rue,0.186197,0.951836,0.420985,0.000091169,0.004464938,1,1.0000,100.00,1,0,1
1831,9304,hid,0.226725,0.781498,0.420934,0.000107127,0.000643270,2,1.5000,100.00,0,2,2
1832,10415,rang,0.187078,0.943025,0.420023,0.000091169,0.003609982,7,2.1429,85.71,2,6,8
1833,2927,destroy,0.632305,0.278708,0.419796,0.000536470,0.000079457,1,1.0000,100.00,0,1,1
1834,5806,runner,0.406167,0.433480,0.419602,0.000219009,0.000134802,1,1.0000,100.00,0,1,1
1835,7367,outline,0.312188,0.562996,0.419238,0.000154843,0.000220368,2,1.0000,100.00,0,2,2
1836,7472,lend,0.305433,0.574156,0.418767,0.000151277,0.000230906,3,1.3333,66.67,2,2,4
1837,2456,diet,0.677239,0.258737,0.418601,0.000660443,0.000074196,1,1.0000,100.00,0,1,1
1838,5254,raid,0.449927,0.389427,0.418585,0.000251266,0.000114768,1,1.0000,100.00,0,1,1
1839,7168,wipe,0.323642,0.540675,0.418312,0.000162132,0.000199315,3,1.0000,100.00,1,2,3
1840,7755,archive,0.288399,0.606461,0.418214,0.000141261,0.000259757,2,1.0000,100.00,0,2,2
1841,8809,peaks,0.245228,0.713069,0.418168,0.000117485,0.000446532,1,1.0000,100.00,1,0,1
1842,3534,highway,0.572100,0.305140,0.417816,0.000426158,0.000087096,1,1.0000,100.00,0,1,1
1843,7243,musician,0.318943,0.547137,0.417738,0.000158398,0.000208828,1,1.0000,100.00,0,1,1
1844,8284,educate,0.266960,0.653157,0.417573,0.000128858,0.000324281,1,1.0000,100.00,0,1,1
1845,2332,minor,0.690162,0.252570,0.417509,0.000707976,0.000072494,1,1.0000,100.00,0,1,1
1846,4996,brick,0.464023,0.374156,0.416674,0.000263146,0.000109674,1,1.0000,100.00,0,1,1
1847,3169,reduction,0.607636,0.285463,0.416482,0.000488975,0.000081322,1,1.0000,100.00,0,1,1
1848,5836,attraction,0.404993,0.427900,0.416289,0.000213922,0.000131751,1,1.0000,100.00,0,1,1
1849,4123,proportion,0.522173,0.331865,0.416282,0.000346336,0.000095413,1,1.0000,100.00,0,1,1
1850,6585,pine,0.357416,0.481938,0.415033,0.000181655,0.000161803,2,1.0000,100.00,1,1,2
1851,8862,bake,0.242878,0.708957,0.414958,0.000114768,0.000431415,3,1.3333,100.00,0,3,3
1852,8653,evolutionary,0.250220,0.688106,0.414943,0.000120206,0.000388779,1,1.0000,100.00,1,0,1
1853,4179,innovation,0.518943,0.331571,0.414809,0.000339546,0.000095413,1,1.0000,100.00,0,1,1
1854,6595,ripped,0.356828,0.481351,0.414439,0.000181655,0.000160436,2,1.5000,100.00,2,0,2
1855,10215,lick,0.193833,0.885463,0.414284,0.000093374,0.001471450,4,1.2500,100.00,3,1,4
1856,6711,shade,0.349780,0.490162,0.414063,0.000178272,0.000164856,2,1.0000,100.00,0,2,2
1857,5456,blade,0.433186,0.394420,0.413349,0.000234302,0.000117485,1,1.0000,100.00,0,1,1
1858,4119,parks,0.522761,0.326579,0.413186,0.000346336,0.000093374,1,1.0000,100.00,1,0,1
1859,3875,resort,0.541850,0.313950,0.412449,0.000380319,0.000089131,1,1.0000,100.00,0,1,1
1860,6300,shark,0.375330,0.451395,0.411609,0.000195236,0.000144476,1,1.0000,100.00,0,1,1
1861,8356,supporter,0.261380,0.647283,0.411324,0.000128858,0.000315800,1,1.0000,100.00,0,1,1
1862,7497,rushed,0.303671,0.557122,0.411317,0.000151277,0.000215955,2,1.0000,100.00,2,0,2
1863,2072,kingdom,0.716887,0.235830,0.411173,0.000813227,0.000067573,1,1.0000,100.00,0,1,1
1864,5841,blessing,0.404405,0.417915,0.411105,0.000213922,0.000125802,1,1.0000,100.00,0,1,1
1865,3598,interpretation,0.566814,0.297797,0.410847,0.000415969,0.000085056,1,1.0000,100.00,0,1,1
1866,9486,princes,0.221439,0.761527,0.410648,0.000104754,0.000575541,1,1.0000,100.00,0,1,1
1867,5238,miracle,0.450808,0.373862,0.410536,0.000251266,0.000109674,1,1.0000,100.00,0,1,1
1868,6246,drum,0.377974,0.445228,0.410225,0.000195236,0.000141261,1,1.0000,100.00,0,1,1
1869,4933,exhibit,0.466667,0.360352,0.410079,0.000268248,0.000104754,1,1.0000,100.00,0,1,1
1870,7709,scholar,0.291043,0.577093,0.409827,0.000144476,0.000234302,1,1.0000,100.00,0,1,1
1871,3771,belt,0.550661,0.304846,0.409715,0.000388779,0.000087096,1,1.0000,100.00,0,1,1
1872,6611,teenager,0.355947,0.471366,0.409611,0.000181655,0.000154843,1,1.0000,100.00,0,1,1
1873,6721,tab,0.348899,0.480764,0.409558,0.000178272,0.000158571,2,1.0000,100.00,1,1,2
1874,8199,marshal,0.271072,0.617915,0.409267,0.000131751,0.000275038,1,1.0000,100.00,0,1,1
1875,7031,rider,0.332452,0.503084,0.408964,0.000165871,0.000173176,1,1.0000,100.00,0,1,1
1876,521,outside,0.916593,0.182379,0.408861,0.003089951,0.000055010,1,1.0000,100.00,0,1,1
1877,6537,doll,0.360352,0.463730,0.408786,0.000181655,0.000151264,2,1.0000,100.00,0,2,2
1878,7525,bean,0.301615,0.553598,0.408624,0.000147881,0.000213922,1,1.0000,100.00,0,1,1
1879,5830,workshop,0.405286,0.410866,0.408067,0.000219009,0.000122917,1,1.0000,100.00,0,1,1
1880,4716,icon,0.483113,0.344493,0.407957,0.000288620,0.000099994,1,1.0000,100.00,0,1,1
1881,10624,ants,0.177386,0.935977,0.407467,0.000087096,0.003132355,2,1.0000,100.00,2,0,2
1882,7209,donation,0.321586,0.516006,0.407358,0.000158398,0.000181655,1,1.0000,100.00,0,1,1
1883,9061,negotiation,0.234949,0.704846,0.406943,0.000112226,0.000426158,1,1.0000,100.00,0,1,1
1884,4738,pump,0.480470,0.344200,0.406666,0.000288620,0.000099994,1,1.0000,100.00,0,1,1
1885,5877,merchant,0.402056,0.410573,0.406292,0.000213922,0.000122917,1,1.0000,100.00,0,1,1
1886,8281,dominate,0.267254,0.617621,0.406278,0.000128858,0.000275038,1,1.0000,100.00,0,1,1
1887,5962,embrace,0.396182,0.415565,0.405758,0.000208828,0.000125802,2,1.0000,100.00,0,2,2
1888,10790,ale,0.171512,0.959471,0.405662,0.000085056,0.005758275,17,1.4706,100.00,13,4,17
1889,6037,arise,0.391483,0.419971,0.405477,0.000203733,0.000126654,2,1.0000,100.00,0,2,2
1890,4260,pension,0.512188,0.320117,0.404920,0.000331064,0.000091169,1,1.0000,100.00,0,1,1
1891,3378,steal,0.587372,0.278414,0.404392,0.000456693,0.000079457,1,1.0000,100.00,0,1,1
1892,2925,criticism,0.632599,0.258443,0.404340,0.000536470,0.000074196,1,1.0000,100.00,0,1,1
1893,10747,rite,0.173568,0.940088,0.403942,0.000087096,0.003402049,5,1.8000,80.00,2,4,6
1894,5554,costume,0.426432,0.382379,0.403805,0.000229204,0.000112226,1,1.0000,100.00,0,1,1
1895,9250,afterward,0.228488,0.712775,0.403559,0.000107127,0.000446532,1,1.0000,100.00,0,1,1
1896,9379,tub,0.224376,0.723348,0.402867,0.000107127,0.000465542,2,1.5000,100.00,0,2,2
1897,4331,grain,0.505727,0.319824,0.402173,0.000324281,0.000091169,1,1.0000,100.00,0,1,1
1898,4221,bite,0.515125,0.313656,0.401960,0.000331064,0.000089131,1,1.0000,100.00,0,1,1
1899,4050,passage,0.528341,0.304552,0.401132,0.000354820,0.000087096,1,1.0000,100.00,0,1,1
1900,5390,clue,0.437885,0.367107,0.400938,0.000239394,0.000107127,1,1.0000,100.00,0,1,1
1901,3189,awful,0.605286,0.265492,0.400872,0.000478765,0.000075892,1,1.0000,100.00,1,0,1
1902,3906,coat,0.539501,0.297504,0.400629,0.000371820,0.000085056,1,1.0000,100.00,0,1,1
1903,10535,greed,0.182085,0.881057,0.400534,0.000089131,0.001371787,2,1.0000,100.00,1,1,2
1904,1250,prime,0.815859,0.196476,0.400370,0.001380237,0.000057553,1,1.0000,100.00,0,1,1
1905,4277,script,0.510720,0.313363,0.400051,0.000331064,0.000089131,1,1.0000,100.00,0,1,1
1906,6723,toe,0.348605,0.458737,0.399898,0.000178272,0.000147881,1,1.0000,100.00,0,1,1
1907,6209,tablet,0.380617,0.417621,0.398690,0.000198643,0.000125802,1,1.0000,100.00,0,1,1
1908,4456,slide,0.497210,0.319530,0.398589,0.000315800,0.000091169,1,1.0000,100.00,0,1,1
1909,4461,trains,0.496916,0.319236,0.398289,0.000315800,0.000091169,1,1.0000,100.00,1,0,1
1910,4668,stroke,0.486050,0.326285,0.398235,0.000295424,0.000093374,1,1.0000,100.00,0,1,1
1911,11190,ow,0.159178,0.995888,0.398150,0.000081322,0.135912089,60,2.1333,81.67,37,34,71
1912,7725,survivor,0.289868,0.546843,0.398136,0.000144476,0.000208828,1,1.0000,100.00,0,1,1
1913,5364,sue,0.440235,0.360059,0.398134,0.000246167,0.000104754,1,1.0000,100.00,0,1,1
1914,2310,creation,0.691924,0.229075,0.398124,0.000707976,0.000064516,1,1.0000,100.00,0,1,1
1915,7208,donate,0.321880,0.492217,0.398039,0.000158398,0.000165871,1,1.0000,100.00,0,1,1
1916,3883,tail,0.541557,0.291924,0.397609,0.000380319,0.000083189,1,1.0000,100.00,0,1,1
1917,8547,investor,0.252570,0.625844,0.397579,0.000122917,0.000288620,1,1.0000,100.00,0,1,1
1918,4891,spider,0.468722,0.337151,0.397530,0.000275038,0.000097623,1,1.0000,100.00,0,1,1
1919,6050,chick,0.390308,0.404112,0.397150,0.000203733,0.000120206,1,1.0000,100.00,0,1,1
1920,11163,hose,0.160352,0.983554,0.397134,0.000081322,0.017327166,4,1.2500,100.00,3,1,4
1921,7942,lacks,0.281938,0.558590,0.396848,0.000138035,0.000219009,1,1.0000,100.00,1,0,1
1922,2881,formation,0.636417,0.246990,0.396470,0.000550051,0.000070797,1,1.0000,100.00,0,1,1
1923,5171,throne,0.456094,0.343906,0.396047,0.000256367,0.000099994,1,1.0000,100.00,0,1,1
1924,7959,particle,0.280764,0.558297,0.395916,0.000138035,0.000219009,1,1.0000,100.00,0,1,1
1925,1204,dad,0.822026,0.190602,0.395828,0.001412492,0.000056194,1,1.0000,100.00,0,1,1
1926,10361,hips,0.187665,0.833774,0.395563,0.000091169,0.000911708,2,1.0000,100.00,2,0,2
1927,9080,restriction,0.234361,0.667254,0.395447,0.000112226,0.000346336,1,1.0000,100.00,0,1,1
1928,3650,database,0.561821,0.278120,0.395290,0.000407447,0.000079457,1,1.0000,100.00,0,1,1
1929,5341,medication,0.442584,0.352717,0.395104,0.000246167,0.000102372,1,1.0000,100.00,0,1,1
1930,4595,venture,0.489280,0.318943,0.395035,0.000302206,0.000091169,1,1.0000,100.00,0,1,1
1931,2410,dealing,0.681645,0.228781,0.394902,0.000675741,0.000064516,1,1.0000,100.00,0,1,1
1932,10689,inning,0.175330,0.887518,0.394473,0.000087096,0.001492520,2,1.0000,100.00,1,1,2
1933,11227,stat,0.158297,0.982966,0.394462,0.000081322,0.016849634,6,1.8333,83.33,2,5,7
1934,5981,laughter,0.394126,0.394126,0.394126,0.000208828,0.000117485,1,1.0000,100.00,1,0,1
1935,6425,administrator,0.367695,0.422320,0.394062,0.000186757,0.000128858,1,1.0000,100.00,0,1,1
1936,10607,tick,0.178561,0.868429,0.393786,0.000089131,0.001219700,4,1.5000,75.00,2,3,5
1937,9240,utter,0.229075,0.675184,0.393278,0.000109674,0.000363330,1,1.0000,100.00,1,0,1
1938,9617,lid,0.213803,0.723054,0.393181,0.000102372,0.000463163,3,2.0000,100.00,1,2,3
1939,459,special,0.926579,0.166814,0.393149,0.003548253,0.000052463,1,1.0000,100.00,0,1,1
1940,1696,distribution,0.761527,0.202937,0.393118,0.000999955,0.000058910,1,1.0000,100.00,0,1,1
1941,10894,raining,0.168282,0.918062,0.393056,0.000085056,0.002393736,1,1.0000,100.00,1,0,1
1942,4031,fortune,0.528928,0.291630,0.392748,0.000354820,0.000083189,1,1.0000,100.00,0,1,1
1943,9429,distribute,0.222907,0.691924,0.392728,0.000104754,0.000397268,1,1.0000,100.00,0,1,1
1944,4699,creator,0.483994,0.318649,0.392714,0.000288620,0.000091169,1,1.0000,100.00,0,1,1
1945,2271,cook,0.697210,0.221145,0.392664,0.000724956,0.000063156,1,1.0000,100.00,0,1,1
1946,5623,verse,0.420264,0.366814,0.392630,0.000229204,0.000107127,1,1.0000,100.00,0,1,1
1947,3732,math,0.553598,0.277827,0.392179,0.000397268,0.000079457,1,1.0000,100.00,0,1,1
1948,5543,barrel,0.427019,0.359765,0.391952,0.000229204,0.000104754,1,1.0000,100.00,0,1,1
1949,1339,extra,0.806755,0.190308,0.391832,0.001288599,0.000056194,1,1.0000,100.00,0,1,1
1950,5020,fluid,0.463436,0.331278,0.391824,0.000263146,0.000095413,1,1.0000,100.00,0,1,1
1951,7084,demon,0.329809,0.465198,0.391697,0.000162132,0.000151277,1,1.0000,100.00,0,1,1
1952,3748,refers,0.552423,0.277533,0.391555,0.000397268,0.000079457,1,1.0000,100.00,1,0,1
1953,3584,dust,0.568869,0.269310,0.391410,0.000415969,0.000077588,1,1.0000,100.00,0,1,1
1954,6225,architect,0.378855,0.403818,0.391137,0.000195236,0.000120206,1,1.0000,100.00,0,1,1
1955,5199,clinic,0.453157,0.336858,0.390704,0.000251266,0.000097623,1,1.0000,100.00,0,1,1
1956,6210,tackle,0.380323,0.400881,0.390467,0.000198643,0.000117488,2,1.0000,100.00,0,2,2
1957,5272,substitute,0.448164,0.340088,0.390404,0.000251266,0.000099152,2,1.0000,100.00,0,2,2
1958,7851,sensor,0.284581,0.535389,0.390336,0.000141261,0.000196431,2,1.0000,100.00,0,2,2
1959,6859,buyer,0.341557,0.444934,0.389833,0.000169781,0.000141261,1,1.0000,100.00,0,1,1
1960,6380,leak,0.370925,0.408223,0.389128,0.000190149,0.000122240,2,1.0000,100.00,1,1,2
1961,11322,lace,0.154479,0.978561,0.388802,0.000079457,0.012443175,4,1.5000,75.00,2,3,5
1962,10551,mart,0.180617,0.834655,0.388269,0.000089131,0.000933752,1,1.0000,100.00,1,0,1
1963,3855,impression,0.543319,0.277239,0.388110,0.000380319,0.000079457,1,1.0000,100.00,0,1,1
1964,4842,cave,0.472834,0.318355,0.387981,0.000275038,0.000091169,1,1.0000,100.00,0,1,1
1965,1848,cast,0.742144,0.202643,0.387802,0.000911700,0.000058910,1,1.0000,100.00,0,1,1
1966,7016,observer,0.333040,0.451101,0.387601,0.000165871,0.000144476,1,1.0000,100.00,0,1,1
1967,6559,heated,0.359178,0.417327,0.387162,0.000181655,0.000125802,1,1.0000,100.00,1,0,1
1968,3616,ratio,0.565051,0.265198,0.387105,0.000415969,0.000075892,1,1.0000,100.00,0,1,1
1969,4239,forgive,0.513069,0.291336,0.386621,0.000331064,0.000083189,1,1.0000,100.00,0,1,1
1970,3098,paint,0.616740,0.241997,0.386328,0.000500852,0.000069097,1,1.0000,100.00,0,1,1
1971,6990,fur,0.335095,0.444640,0.386001,0.000165871,0.000141261,1,1.0000,100.00,0,1,1
1972,6060,elder,0.389427,0.382085,0.385739,0.000203733,0.000112226,1,1.0000,100.00,0,1,1
1973,5094,cruise,0.460206,0.322173,0.385053,0.000256367,0.000092528,2,1.0000,100.00,0,2,2
1974,4455,shelter,0.497504,0.297210,0.384530,0.000315800,0.000085056,1,1.0000,100.00,0,1,1
1975,3783,crystal,0.549486,0.269016,0.384474,0.000388779,0.000077588,1,1.0000,100.00,0,1,1
1976,9784,participant,0.209692,0.704552,0.384368,0.000099994,0.000426158,1,1.0000,100.00,0,1,1
1977,6189,pile,0.382673,0.385903,0.384284,0.000198643,0.000112732,2,1.0000,100.00,0,2,2
1978,11396,tar,0.151248,0.976211,0.384253,0.000079457,0.010416985,9,2.1111,77.78,2,8,10
1979,8958,ranger,0.238767,0.617327,0.383923,0.000114768,0.000275038,1,1.0000,100.00,0,1,1
1980,4873,outdoor,0.470485,0.313069,0.383789,0.000275038,0.000089131,1,1.0000,100.00,0,1,1
1981,5041,perception,0.462261,0.318062,0.383442,0.000263146,0.000091169,1,1.0000,100.00,0,1,1
1982,7188,cheek,0.323054,0.454919,0.383358,0.000158398,0.000144647,2,1.0000,100.00,0,2,2
1983,6009,riot,0.392364,0.373568,0.382851,0.000208828,0.000109674,1,1.0000,100.00,0,1,1
1984,9125,bra,0.232893,0.629075,0.382762,0.000109674,0.000289977,4,1.2500,100.00,0,4,4
1985,3447,wings,0.580617,0.252276,0.382721,0.000446532,0.000072494,1,1.0000,100.00,1,0,1
1986,10553,merge,0.180323,0.811454,0.382523,0.000089131,0.000764846,6,1.5000,83.33,2,5,7
1987,5573,indication,0.425257,0.343612,0.382261,0.000229204,0.000099994,1,1.0000,100.00,0,1,1
1988,8401,creep,0.258737,0.564170,0.382063,0.000125802,0.000223252,2,1.0000,100.00,0,2,2
1989,5941,companion,0.397651,0.366520,0.381768,0.000208828,0.000107127,1,1.0000,100.00,0,1,1
1990,6894,incentive,0.340675,0.427606,0.381674,0.000169781,0.000131751,1,1.0000,100.00,0,1,1
1991,5368,upgrade,0.439941,0.330984,0.381593,0.000246167,0.000095413,1,1.0000,100.00,0,1,1
1992,5711,scream,0.412628,0.352423,0.381339,0.000224104,0.000102372,1,1.0000,100.00,0,1,1
1993,4303,beast,0.508076,0.285169,0.380641,0.000324281,0.000081322,1,1.0000,100.00,0,1,1
1994,9829,valuation,0.208223,0.695448,0.380537,0.000099994,0.000404904,2,1.5000,100.00,1,1,2
1995,8469,seize,0.255507,0.565051,0.379966,0.000125802,0.000224104,1,1.0000,100.00,0,1,1
1996,6474,negotiate,0.365639,0.393833,0.379474,0.000186757,0.000117485,1,1.0000,100.00,0,1,1
1997,6304,stamp,0.375037,0.381791,0.378399,0.000195236,0.000112226,1,1.0000,100.00,0,1,1
1998,6796,lamp,0.345081,0.414684,0.378285,0.000173176,0.000123937,2,1.0000,100.00,1,1,2
1999,1510,protection,0.784435,0.182085,0.377934,0.001147695,0.000055010,1,1.0000,100.00,0,1,1
2000,5767,freak,0.409985,0.348311,0.377892,0.000219009,0.000101354,2,1.0000,100.00,0,2,2
2001,8920,incorporate,0.239648,0.594420,0.377427,0.000114768,0.000251266,1,1.0000,100.00,0,1,1
2002,9844,attribute,0.207048,0.687225,0.377212,0.000097623,0.000384203,2,1.0000,100.00,0,2,2
2003,11391,stud,0.151542,0.938326,0.377088,0.000079457,0.003342265,2,1.0000,100.00,0,2,2
2004,7229,historian,0.319824,0.444347,0.376978,0.000158398,0.000141261,1,1.0000,100.00,0,1,1
2005,10774,troop,0.171806,0.827019,0.376944,0.000087096,0.000870973,1,1.0000,100.00,0,1,1
2006,8757,competitor,0.246109,0.576799,0.376769,0.000117485,0.000234302,1,1.0000,100.00,0,1,1
2007,3778,composition,0.549780,0.258150,0.376730,0.000388779,0.000074196,1,1.0000,100.00,0,1,1
2008,4467,acquisition,0.496329,0.284875,0.376021,0.000308991,0.000081322,1,1.0000,100.00,0,1,1
2009,5729,zoo,0.411747,0.343319,0.375979,0.000224104,0.000099994,1,1.0000,100.00,0,1,1
2010,4991,bacteria,0.464317,0.304258,0.375862,0.000263146,0.000087096,1,1.0000,100.00,0,1,1
2011,7693,pirate,0.291630,0.484288,0.375810,0.000144476,0.000162132,1,1.0000,100.00,0,1,1
2012,5773,intend,0.409398,0.343025,0.374745,0.000219009,0.000099994,1,1.0000,100.00,0,1,1
2013,1294,avoid,0.810866,0.172981,0.374519,0.001317525,0.000053652,1,1.0000,100.00,0,1,1
2014,1297,coast,0.810573,0.172687,0.374133,0.001317525,0.000053652,1,1.0000,100.00,0,1,1
2015,9476,nap,0.222026,0.629956,0.373988,0.000104754,0.000293719,2,1.5000,100.00,1,1,2
2016,6560,hint,0.358884,0.389134,0.373703,0.000181655,0.000114768,1,1.0000,100.00,0,1,1
2017,5961,elephant,0.396476,0.352129,0.373645,0.000208828,0.000102372,1,1.0000,100.00,0,1,1
2018,3902,cares,0.539794,0.257856,0.373081,0.000371820,0.000074196,1,1.0000,100.00,1,0,1
2019,11494,hare,0.147137,0.945374,0.372960,0.000077588,0.003757014,3,1.6667,100.00,1,2,3
2020,4198,socialist,0.517474,0.268722,0.372903,0.000339546,0.000077588,1,1.0000,100.00,0,1,1
2021,4372,spare,0.501322,0.276946,0.372611,0.000324281,0.000079457,1,1.0000,100.00,0,1,1
2022,7637,calculation,0.294273,0.471072,0.372322,0.000144476,0.000154843,1,1.0000,100.00,0,1,1
2023,6068,freeze,0.389134,0.355947,0.372171,0.000203733,0.000103902,2,1.0000,100.00,0,2,2
2024,9599,illustrate,0.214391,0.645521,0.372013,0.000102372,0.000310177,2,1.0000,100.00,0,2,2
2025,8706,spit,0.247283,0.558003,0.371463,0.000120206,0.000219009,1,1.0000,100.00,0,1,1
2026,4428,jacket,0.498678,0.276652,0.371430,0.000315800,0.000079457,1,1.0000,100.00,0,1,1
2027,7970,regulate,0.279589,0.491924,0.370859,0.000138035,0.000165871,1,1.0000,100.00,0,1,1
2028,5784,merit,0.408517,0.336564,0.370799,0.000219009,0.000097623,1,1.0000,100.00,0,1,1
2029,9342,pupil,0.226138,0.607930,0.370778,0.000107127,0.000263146,1,1.0000,100.00,0,1,1
2030,1736,dinner,0.755947,0.181791,0.370708,0.000976242,0.000055010,1,1.0000,100.00,0,1,1
2031,7091,enforce,0.329222,0.417034,0.370536,0.000162132,0.000125802,1,1.0000,100.00,0,1,1
2032,3592,friendship,0.567695,0.241703,0.370424,0.000415969,0.000069097,1,1.0000,100.00,0,1,1
2033,7151,sponsor,0.324523,0.422026,0.370077,0.000162132,0.000128858,1,1.0000,100.00,0,1,1
2034,2273,drama,0.696623,0.196182,0.369682,0.000724956,0.000057553,1,1.0000,100.00,0,1,1
2035,4213,announcement,0.515712,0.264905,0.369614,0.000331064,0.000075892,1,1.0000,100.00,0,1,1
2036,11561,tow,0.145081,0.940675,0.369424,0.000077588,0.003410678,2,1.5000,100.00,0,2,2
2037,5526,strain,0.428781,0.317768,0.369125,0.000234302,0.000091169,1,1.0000,100.00,0,1,1
2038,5843,bubble,0.404112,0.336270,0.368634,0.000213922,0.000097623,1,1.0000,100.00,0,1,1
2039,10891,quad,0.168576,0.805874,0.368579,0.000085056,0.000742250,2,1.5000,100.00,1,1,2
2040,7596,rub,0.296035,0.458443,0.368396,0.000147881,0.000147881,1,1.0000,100.00,0,1,1
2041,7080,contractor,0.330103,0.410279,0.368014,0.000162132,0.000122917,1,1.0000,100.00,0,1,1
2042,7583,needle,0.297210,0.455507,0.367942,0.000147881,0.000147030,2,1.5000,100.00,0,2,2
2043,1079,leading,0.838473,0.161233,0.367682,0.001621344,0.000051270,1,1.0000,100.00,1,0,1
2044,11846,kin,0.138326,0.975624,0.367361,0.000074196,0.009900762,7,1.4286,100.00,2,5,7
2045,3346,gear,0.589721,0.228488,0.367075,0.000456693,0.000064516,1,1.0000,100.00,0,1,1
2046,5592,nightmare,0.423789,0.317474,0.366800,0.000229204,0.000091169,1,1.0000,100.00,0,1,1
2047,7326,dancer,0.314537,0.427313,0.366614,0.000154843,0.000131751,1,1.0000,100.00,0,1,1
2048,1114,direct,0.834949,0.160940,0.366574,0.001548296,0.000051270,1,1.0000,100.00,0,1,1
2049,3458,clock,0.579148,0.231718,0.366332,0.000436335,0.000066043,1,1.0000,100.00,0,1,1
2050,6546,expenditure,0.359471,0.373275,0.366308,0.000181655,0.000109674,1,1.0000,100.00,0,1,1
2051,2598,trained,0.662849,0.202349,0.366234,0.000631571,0.000058910,1,1.0000,100.00,1,0,1
2052,7055,tweet,0.331571,0.403524,0.365783,0.000165871,0.000120206,1,1.0000,100.00,0,1,1
2053,7363,monument,0.313069,0.427019,0.365632,0.000154843,0.000131751,1,1.0000,100.00,0,1,1
2054,4722,loop,0.482526,0.276358,0.365171,0.000288620,0.000079457,1,1.0000,100.00,0,1,1
2055,1599,brand,0.773275,0.172394,0.365113,0.001071281,0.000053652,1,1.0000,100.00,0,1,1
2056,7598,rushing,0.295742,0.450514,0.365015,0.000147881,0.000142102,2,1.0000,100.00,2,0,2
2057,9026,evolve,0.235830,0.564758,0.364947,0.000112226,0.000224104,1,1.0000,100.00,0,1,1
2058,7067,amen,0.330690,0.401468,0.364365,0.000162132,0.000118507,3,1.3333,100.00,1,2,3
2059,7273,slope,0.318062,0.416740,0.364073,0.000158398,0.000125802,1,1.0000,100.00,0,1,1
2060,2920,castle,0.632893,0.209398,0.364042,0.000536470,0.000060269,1,1.0000,100.00,0,1,1
2061,5669,forecast,0.417034,0.317181,0.363696,0.000224104,0.000091169,1,1.0000,100.00,0,1,1
2062,5311,controller,0.445228,0.296916,0.363587,0.000246167,0.000085056,1,1.0000,100.00,0,1,1
2063,11019,mayo,0.163877,0.805286,0.363273,0.000083189,0.000741064,2,1.5000,100.00,0,2,2
2064,10445,tee,0.185022,0.712482,0.363077,0.000091169,0.000446502,2,1.5000,100.00,0,2,2
2065,11324,lays,0.153891,0.856388,0.363030,0.000079457,0.001096754,1,1.0000,100.00,1,0,1
2066,6444,discharge,0.366520,0.359471,0.362978,0.000186757,0.000104754,1,1.0000,100.00,0,1,1
2067,4121,presentation,0.522467,0.251982,0.362839,0.000346336,0.000072494,1,1.0000,100.00,0,1,1
2068,3144,fundamental,0.611160,0.215272,0.362720,0.000488975,0.000061628,1,1.0000,100.00,0,1,1
2069,9575,emission,0.216153,0.607048,0.362236,0.000102372,0.000261631,2,1.0000,100.00,1,1,2
2070,9635,perceive,0.212628,0.617034,0.362214,0.000102372,0.000275038,1,1.0000,100.00,0,1,1
2071,3707,collect,0.556535,0.235536,0.362055,0.000397268,0.000067573,1,1.0000,100.00,0,1,1
2072,9952,sage,0.203818,0.642878,0.361981,0.000097623,0.000308991,1,1.0000,100.00,1,0,1
2073,11202,rash,0.158590,0.826138,0.361963,0.000081322,0.000864147,2,1.0000,100.00,2,0,2
2074,4140,toilet,0.520117,0.251689,0.361812,0.000346336,0.000072494,1,1.0000,100.00,0,1,1
2075,11093,wards,0.161821,0.808223,0.361645,0.000083189,0.000758931,1,1.0000,100.00,1,0,1
2076,3893,ambassador,0.540675,0.241410,0.361281,0.000371820,0.000069097,1,1.0000,100.00,0,1,1
2077,7528,brake,0.301028,0.433186,0.361111,0.000147881,0.000134802,1,1.0000,100.00,0,1,1
2078,10084,pots,0.199706,0.652863,0.361083,0.000095413,0.000324281,1,1.0000,100.00,1,0,1
2079,5927,beam,0.399413,0.325991,0.360839,0.000208828,0.000093374,1,1.0000,100.00,0,1,1
2080,4201,swing,0.517181,0.251395,0.360578,0.000339546,0.000072494,1,1.0000,100.00,0,1,1
2081,5301,certificate,0.446109,0.291043,0.360328,0.000246167,0.000083189,1,1.0000,100.00,0,1,1
2082,4885,reflection,0.469310,0.276065,0.359944,0.000275038,0.000079457,1,1.0000,100.00,0,1,1
2083,10767,symptom,0.172981,0.748311,0.359783,0.000087096,0.000536470,1,1.0000,100.00,0,1,1
2084,7117,monk,0.327166,0.393539,0.358821,0.000162132,0.000117485,1,1.0000,100.00,0,1,1
2085,7500,slice,0.303084,0.424376,0.358638,0.000151277,0.000129206,2,1.0000,100.00,0,2,2
2086,2163,milk,0.708370,0.181498,0.358563,0.000775890,0.000055010,1,1.0000,100.00,0,1,1
2087,7658,entrepreneur,0.293686,0.437298,0.358369,0.000144476,0.000138035,1,1.0000,100.00,0,1,1
2088,6987,evaluate,0.335977,0.381498,0.358014,0.000165871,0.000112226,1,1.0000,100.00,0,1,1
2089,6212,tattoo,0.380029,0.335977,0.357325,0.000198643,0.000097623,1,1.0000,100.00,0,1,1
2090,11863,persona,0.137739,0.926285,0.357191,0.000074196,0.002750425,1,1.0000,100.00,0,1,1
2091,3305,shock,0.593245,0.214978,0.357120,0.000466898,0.000061628,1,1.0000,100.00,0,1,1
2092,5846,chill,0.403818,0.315419,0.356892,0.000213922,0.000090491,2,1.0000,100.00,0,2,2
2093,9354,rim,0.225551,0.562702,0.356255,0.000107127,0.000219357,2,1.0000,100.00,2,0,2
2094,7483,outlet,0.304552,0.416446,0.356131,0.000151277,0.000125802,1,1.0000,100.00,0,1,1
2095,11514,meta,0.146843,0.862555,0.355893,0.000077588,0.001157897,2,1.5000,100.00,0,2,2
2096,5126,inspector,0.459031,0.275771,0.355791,0.000256367,0.000079457,1,1.0000,100.00,0,1,1
2097,4773,communicate,0.478120,0.264611,0.355691,0.000281832,0.000075892,1,1.0000,100.00,0,1,1
2098,6687,nomination,0.350954,0.359178,0.355042,0.000178272,0.000104754,1,1.0000,100.00,0,1,1
2099,5162,retain,0.457269,0.275477,0.354918,0.000256367,0.000079457,1,1.0000,100.00,0,1,1
2100,6206,slot,0.380910,0.330690,0.354913,0.000198643,0.000095413,1,1.0000,100.00,0,1,1
2101,9781,ounce,0.209985,0.599413,0.354779,0.000099994,0.000254670,3,1.3333,100.00,1,2,3
2102,3858,knock,0.543025,0.231424,0.354499,0.000380319,0.000066043,1,1.0000,100.00,0,1,1
2103,9113,acre,0.233480,0.536270,0.353848,0.000109674,0.000198643,1,1.0000,100.00,0,1,1
2104,5488,habitat,0.430543,0.290749,0.353808,0.000234302,0.000083189,1,1.0000,100.00,0,1,1
2105,6182,myth,0.383260,0.325698,0.353308,0.000198643,0.000093374,1,1.0000,100.00,0,1,1
2106,11096,accuse,0.161527,0.772687,0.353285,0.000081322,0.000610174,2,1.0000,100.00,0,2,2
2107,9528,viewer,0.218502,0.570631,0.353107,0.000104754,0.000229204,1,1.0000,100.00,0,1,1
2108,8358,tens,0.261087,0.477239,0.352988,0.000128858,0.000158398,1,1.0000,100.00,0,1,1
2109,2367,extreme,0.686931,0.181204,0.352810,0.000690980,0.000055010,1,1.0000,100.00,0,1,1
2110,11369,ringing,0.152129,0.816153,0.352364,0.000079457,0.000794578,1,1.0000,100.00,1,0,1
2111,5658,disappear,0.417915,0.296623,0.352084,0.000224104,0.000085056,1,1.0000,100.00,0,1,1
2112,11323,lag,0.154185,0.803818,0.352046,0.000079457,0.000735125,2,1.5000,100.00,1,1,2
2113,1623,van,0.770044,0.160646,0.351717,0.001071281,0.000051270,1,1.0000,100.00,0,1,1
2114,10976,confuse,0.164758,0.748018,0.351058,0.000083189,0.000536470,1,1.0000,100.00,0,1,1
2115,9263,bum,0.227606,0.541263,0.350991,0.000107127,0.000200345,2,1.5000,100.00,0,2,2
2116,10372,integrate,0.187372,0.656975,0.350854,0.000091169,0.000331064,1,1.0000,100.00,0,1,1
2117,9618,limitation,0.213510,0.576505,0.350841,0.000102372,0.000234302,1,1.0000,100.00,0,1,1
2118,7543,donor,0.300147,0.409985,0.350793,0.000147881,0.000122917,1,1.0000,100.00,0,1,1
2119,2423,pleasure,0.679883,0.180910,0.350710,0.000675741,0.000055010,1,1.0000,100.00,0,1,1
2120,4988,attract,0.464905,0.264317,0.350546,0.000263146,0.000075892,1,1.0000,100.00,0,1,1
2121,3926,expand,0.537739,0.228194,0.350298,0.000371820,0.000064516,1,1.0000,100.00,0,1,1
2122,3001,rent,0.624963,0.195888,0.349890,0.000524587,0.000057553,1,1.0000,100.00,0,1,1
2123,6155,differ,0.383847,0.316887,0.348764,0.000198643,0.000091169,1,1.0000,100.00,0,1,1
2124,7364,norm,0.312775,0.388840,0.348740,0.000154843,0.000114768,1,1.0000,100.00,0,1,1
2125,6631,buses,0.354479,0.342731,0.348556,0.000178272,0.000099994,1,1.0000,100.00,1,0,1
2126,10090,rabbi,0.199413,0.606755,0.347843,0.000095413,0.000261112,2,1.5000,100.00,0,2,2
2127,2578,orange,0.666079,0.180617,0.346850,0.000631571,0.000055010,1,1.0000,100.00,0,1,1
2128,11018,limb,0.164170,0.732746,0.346836,0.000083189,0.000485235,4,1.2500,75.00,2,3,5
2129,7102,infant,0.328341,0.366226,0.346766,0.000162132,0.000107127,1,1.0000,100.00,0,1,1
2130,5424,paragraph,0.434949,0.275184,0.345963,0.000239394,0.000079457,1,1.0000,100.00,0,1,1
2131,2959,repeat,0.629369,0.190015,0.345817,0.000536470,0.000056194,1,1.0000,100.00,0,1,1
2132,4101,execution,0.524229,0.227900,0.345647,0.000346336,0.000064516,1,1.0000,100.00,0,1,1
2133,943,specific,0.855800,0.139501,0.345521,0.001867602,0.000047876,1,1.0000,100.00,0,1,1
2134,5222,genre,0.451982,0.264023,0.345447,0.000251266,0.000075892,1,1.0000,100.00,0,1,1
2135,5030,mounted,0.463142,0.257562,0.345381,0.000263146,0.000074196,1,1.0000,100.00,1,0,1
2136,9581,exclude,0.215565,0.553010,0.345268,0.000102372,0.000212903,2,1.0000,100.00,0,2,2
2137,7589,pledge,0.296623,0.401762,0.345213,0.000147881,0.000119184,2,1.0000,100.00,0,2,2
2138,10754,shin,0.173275,0.686931,0.345004,0.000087096,0.000381832,3,1.3333,100.00,0,3,3
2139,4224,brave,0.514537,0.231131,0.344856,0.000331064,0.000066043,1,1.0000,100.00,0,1,1
2140,4506,premium,0.493098,0.241116,0.344810,0.000308991,0.000069097,1,1.0000,100.00,0,1,1
2141,11606,circumstance,0.143612,0.826725,0.344569,0.000075892,0.000870973,1,1.0000,100.00,0,1,1
2142,3930,intellectual,0.537445,0.220852,0.344522,0.000371820,0.000063156,1,1.0000,100.00,0,1,1
2143,9904,inventor,0.205580,0.576211,0.344177,0.000097623,0.000234302,1,1.0000,100.00,0,1,1
2144,3789,exit,0.548899,0.214684,0.343278,0.000388779,0.000061628,1,1.0000,100.00,0,1,1
2145,7670,hack,0.292805,0.401175,0.342733,0.000144476,0.000118333,3,1.0000,100.00,2,1,3
2146,6117,surgeon,0.386197,0.303965,0.342623,0.000203733,0.000087096,1,1.0000,100.00,0,1,1
2147,8984,undertake,0.238179,0.491630,0.342193,0.000114768,0.000165871,1,1.0000,100.00,0,1,1
2148,6545,equation,0.359765,0.325404,0.342153,0.000181655,0.000093374,1,1.0000,100.00,0,1,1
2149,3671,liquid,0.559765,0.209104,0.342125,0.000407447,0.000060269,1,1.0000,100.00,0,1,1
2150,9601,initiate,0.214097,0.542438,0.340785,0.000102372,0.000203733,1,1.0000,100.00,0,1,1
2151,3511,bother,0.574156,0.202056,0.340605,0.000426158,0.000058910,1,1.0000,100.00,0,1,1
2152,6198,reject,0.381791,0.303671,0.340498,0.000198643,0.000087096,1,1.0000,100.00,0,1,1
2153,5098,detective,0.459912,0.251101,0.339830,0.000256367,0.000072494,1,1.0000,100.00,0,1,1
2154,10771,tones,0.172100,0.670778,0.339766,0.000087096,0.000354820,1,1.0000,100.00,1,0,1
2155,2046,revolution,0.719824,0.160352,0.339743,0.000831899,0.000051270,1,1.0000,100.00,0,1,1
2156,5946,consultant,0.397357,0.290455,0.339727,0.000208828,0.000083189,1,1.0000,100.00,0,1,1
2157,7595,rounded,0.296329,0.388546,0.339319,0.000147881,0.000114768,1,1.0000,100.00,1,0,1
2158,5888,potter,0.401468,0.284581,0.338010,0.000213922,0.000081322,1,1.0000,100.00,0,1,1
2159,8663,investigator,0.249339,0.458150,0.337986,0.000120206,0.000147881,1,1.0000,100.00,0,1,1
2160,12210,ouch,0.128047,0.891336,0.337836,0.000070797,0.001548355,3,1.0000,100.00,3,0,3
2161,11927,ample,0.135389,0.840235,0.337281,0.000072494,0.000955860,2,1.5000,100.00,1,1,2
2162,7012,mandate,0.333333,0.340382,0.336839,0.000165871,0.000099489,2,1.0000,100.00,0,2,2
2163,6515,athletic,0.362702,0.312775,0.336815,0.000181655,0.000089131,1,1.0000,100.00,0,1,1
2164,5103,earthquake,0.459325,0.246696,0.336621,0.000256367,0.000070797,1,1.0000,100.00,0,1,1
2165,12476,elf,0.121586,0.930690,0.336391,0.000067573,0.002886242,1,1.0000,100.00,1,0,1
2166,5939,cliff,0.397944,0.284288,0.336349,0.000208828,0.000081322,1,1.0000,100.00,0,1,1
2167,4077,alarm,0.526579,0.214391,0.335996,0.000346336,0.000061628,1,1.0000,100.00,0,1,1
2168,4748,slip,0.479589,0.235242,0.335886,0.000288620,0.000067573,1,1.0000,100.00,0,1,1
2169,6376,insist,0.371512,0.303377,0.335721,0.000190149,0.000087096,1,1.0000,100.00,0,1,1
2170,8061,lance,0.274890,0.409692,0.335589,0.000134802,0.000122917,1,1.0000,100.00,1,0,1
2171,6213,thread,0.379736,0.296329,0.335450,0.000198643,0.000085056,1,1.0000,100.00,0,1,1
2172,5977,installation,0.394420,0.283994,0.334683,0.000208828,0.000081322,1,1.0000,100.00,0,1,1
2173,7612,supervisor,0.295154,0.378855,0.334396,0.000147881,0.000109674,2,1.0000,100.00,0,2,2
2174,4559,jurisdiction,0.491043,0.227606,0.334312,0.000302206,0.000064516,1,1.0000,100.00,0,1,1
2175,7294,whale,0.317181,0.351836,0.334059,0.000158398,0.000102372,1,1.0000,100.00,0,1,1
2176,3073,defend,0.618796,0.180323,0.334041,0.000500852,0.000055010,1,1.0000,100.00,0,1,1
2177,5454,baker,0.433480,0.257269,0.333947,0.000234302,0.000074196,1,1.0000,100.00,0,1,1
2178,6014,statue,0.392070,0.283700,0.333512,0.000208828,0.000081322,1,1.0000,100.00,0,1,1
2179,9795,premise,0.209104,0.531571,0.333397,0.000099994,0.000195236,1,1.0000,100.00,0,1,1
2180,8493,analyze,0.254038,0.437004,0.333190,0.000122917,0.000138035,1,1.0000,100.00,0,1,1
2181,8331,prediction,0.263142,0.421733,0.333130,0.000128858,0.000128858,1,1.0000,100.00,0,1,1
2182,2300,stadium,0.693098,0.160059,0.333071,0.000724956,0.000051270,1,1.0000,100.00,0,1,1
2183,10207,ingredient,0.194126,0.570338,0.332742,0.000093374,0.000229204,1,1.0000,100.00,0,1,1
2184,4661,screw,0.486931,0.227313,0.332695,0.000295424,0.000064516,1,1.0000,100.00,0,1,1
2185,11278,cite,0.155360,0.711894,0.332565,0.000079457,0.000444651,2,1.0000,100.00,0,2,2
2186,1789,initial,0.748899,0.147137,0.331949,0.000954140,0.000048897,1,1.0000,100.00,0,1,1
2187,9832,violate,0.207636,0.530396,0.331857,0.000099994,0.000194560,2,1.0000,100.00,0,2,2
2188,9010,cowboy,0.236711,0.464905,0.331735,0.000112226,0.000151277,1,1.0000,100.00,0,1,1
2189,12494,hanged,0.120999,0.906902,0.331261,0.000067573,0.001986462,1,1.0000,100.00,1,0,1
2190,9537,activate,0.217915,0.502790,0.331007,0.000102372,0.000173176,1,1.0000,100.00,0,1,1
2191,5792,outfit,0.407930,0.268429,0.330908,0.000219009,0.000077588,1,1.0000,100.00,0,1,1
2192,2390,squad,0.683700,0.159765,0.330502,0.000690980,0.000051270,1,1.0000,100.00,0,1,1
2193,6292,prophet,0.375918,0.290162,0.330268,0.000195236,0.000083189,1,1.0000,100.00,0,1,1
2194,1521,bottom,0.782966,0.139207,0.330143,0.001122272,0.000047876,1,1.0000,100.00,0,1,1
2195,10191,fines,0.195301,0.557709,0.330032,0.000093374,0.000219009,1,1.0000,100.00,0,1,1
2196,7301,analyst,0.316887,0.342438,0.329415,0.000154843,0.000099994,1,1.0000,100.00,0,1,1
2197,7977,ruler,0.279001,0.388253,0.329125,0.000138035,0.000114768,1,1.0000,100.00,0,1,1
2198,4340,logo,0.505140,0.214097,0.328860,0.000324281,0.000061628,1,1.0000,100.00,0,1,1
2199,5622,valve,0.420558,0.256975,0.328744,0.000229204,0.000074196,1,1.0000,100.00,0,1,1
2200,7446,defendant,0.307195,0.351542,0.328621,0.000151277,0.000102372,1,1.0000,100.00,0,1,1
2201,3249,transition,0.598825,0.180029,0.328338,0.000478765,0.000055010,1,1.0000,100.00,0,1,1
2202,873,radio,0.867254,0.124229,0.328235,0.001986462,0.000045669,1,1.0000,100.00,0,1,1
2203,7452,employ,0.306608,0.351248,0.328170,0.000151277,0.000102372,1,1.0000,100.00,0,1,1
2204,2998,plastic,0.625551,0.172100,0.328112,0.000524587,0.000053652,1,1.0000,100.00,0,1,1
2205,7935,indicator,0.282232,0.381204,0.328006,0.000138035,0.000112226,1,1.0000,100.00,0,1,1
2206,7418,badge,0.308957,0.348018,0.327906,0.000151277,0.000101186,2,1.0000,100.00,0,2,2
2207,6633,cartoon,0.354185,0.303084,0.327640,0.000178272,0.000087096,1,1.0000,100.00,0,1,1
2208,12401,sic,0.122761,0.870191,0.326841,0.000069097,0.001258040,1,1.0000,100.00,0,1,1
2209,8908,hawk,0.240529,0.444053,0.326814,0.000114768,0.000141261,1,1.0000,100.00,0,1,1
2210,6652,dot,0.352423,0.302790,0.326665,0.000178272,0.000087096,1,1.0000,100.00,0,1,1
2211,8897,fade,0.241116,0.441703,0.326346,0.000114768,0.000139045,2,1.0000,100.00,0,2,2
2212,8204,modification,0.270778,0.393245,0.326316,0.000131751,0.000117485,1,1.0000,100.00,0,1,1
2213,12721,rust,0.115712,0.919824,0.326244,0.000066043,0.002454287,4,1.2500,100.00,2,2,4
2214,4073,wore,0.527460,0.201762,0.326223,0.000354820,0.000058910,1,1.0000,100.00,1,0,1
2215,8577,qualification,0.251395,0.421439,0.325496,0.000122917,0.000128858,1,1.0000,100.00,0,1,1
2216,3892,alert,0.540969,0.195595,0.325286,0.000371820,0.000057553,1,1.0000,100.00,0,1,1
2217,5251,profession,0.450220,0.234949,0.325236,0.000251266,0.000067573,1,1.0000,100.00,0,1,1
2218,3369,raising,0.587959,0.179736,0.325080,0.000456693,0.000055010,1,1.0000,100.00,1,0,1
2219,8836,supplier,0.243465,0.432893,0.324645,0.000117485,0.000134802,1,1.0000,100.00,0,1,1
2220,11528,pens,0.146549,0.718649,0.324526,0.000077588,0.000456693,1,1.0000,100.00,1,0,1
2221,7545,explosive,0.299853,0.350954,0.324399,0.000147881,0.000102372,1,1.0000,100.00,0,1,1
2222,2359,conduct,0.687518,0.153010,0.324341,0.000690980,0.000050084,1,1.0000,100.00,0,1,1
2223,3390,assault,0.586197,0.179442,0.324327,0.000446532,0.000055010,1,1.0000,100.00,0,1,1
2224,4522,waited,0.491924,0.213803,0.324307,0.000308991,0.000061628,1,1.0000,100.00,1,0,1
2225,10043,hairs,0.201175,0.520705,0.323655,0.000095413,0.000186757,1,1.0000,100.00,1,0,1
2226,2375,mayor,0.685463,0.152717,0.323545,0.000690980,0.000050084,1,1.0000,100.00,0,1,1
2227,12790,cove,0.113656,0.919236,0.323229,0.000064516,0.002449408,3,1.6667,100.00,0,3,3
2228,7384,scout,0.310720,0.335683,0.322960,0.000154843,0.000097623,1,1.0000,100.00,0,1,1
2229,9567,din,0.216740,0.481057,0.322900,0.000102372,0.000158572,3,1.3333,100.00,0,3,3
2230,2698,attend,0.652570,0.159471,0.322593,0.000589109,0.000051270,1,1.0000,100.00,0,1,1
2231,5544,basin,0.426725,0.243172,0.322130,0.000229204,0.000069776,2,1.0000,100.00,0,2,2
2232,6003,rational,0.392952,0.263730,0.321921,0.000208828,0.000075892,1,1.0000,100.00,0,1,1
2233,6871,correction,0.341263,0.302496,0.321295,0.000169781,0.000087096,1,1.0000,100.00,0,1,1
2234,9510,suburb,0.219090,0.470778,0.321158,0.000104754,0.000154843,1,1.0000,100.00,0,1,1
2235,6056,curse,0.390015,0.263436,0.320537,0.000203733,0.000075892,1,1.0000,100.00,0,1,1
2236,4294,weed,0.509251,0.201468,0.320309,0.000331064,0.000058910,1,1.0000,100.00,0,1,1
2237,8642,coordinate,0.250514,0.409398,0.320250,0.000120206,0.000122917,1,1.0000,100.00,0,1,1
2238,8915,holly,0.240235,0.426725,0.320179,0.000114768,0.000131751,1,1.0000,100.00,1,0,1
2239,10076,oops,0.200000,0.508664,0.318956,0.000095413,0.000175214,3,1.3333,100.00,3,0,3
2240,10856,lever,0.169457,0.600000,0.318864,0.000085056,0.000256367,1,1.0000,100.00,1,0,1
2241,4347,occupation,0.504846,0.201175,0.318688,0.000324281,0.000058910,1,1.0000,100.00,0,1,1
2242,6136,breed,0.385316,0.263142,0.318423,0.000198643,0.000075892,1,1.0000,100.00,0,1,1
2243,2330,meat,0.690455,0.146843,0.318416,0.000707976,0.000048897,1,1.0000,100.00,0,1,1
2244,6852,admire,0.342438,0.296035,0.318392,0.000169781,0.000085056,1,1.0000,100.00,0,1,1
2245,9534,abs,0.218209,0.464023,0.318204,0.000102372,0.000151268,2,1.0000,100.00,2,0,2
2246,4352,petition,0.503965,0.200881,0.318178,0.000324281,0.000058910,1,1.0000,100.00,0,1,1
2247,7737,turtle,0.288693,0.350661,0.318172,0.000144476,0.000102372,1,1.0000,100.00,0,1,1
2248,10053,insect,0.200881,0.502496,0.317714,0.000095413,0.000173176,1,1.0000,100.00,0,1,1
2249,3383,tongue,0.586490,0.171806,0.317431,0.000456693,0.000053652,1,1.0000,100.00,0,1,1
2250,9928,organism,0.204993,0.491336,0.317365,0.000097623,0.000165871,1,1.0000,100.00,0,1,1
2251,1276,reached,0.812628,0.123935,0.317354,0.001348045,0.000045669,1,1.0000,100.00,1,0,1
2252,11372,rum,0.151836,0.660499,0.316682,0.000079457,0.000336497,2,1.5000,100.00,1,1,2
2253,9288,explode,0.227019,0.441410,0.316557,0.000107127,0.000138871,2,1.0000,100.00,0,2,2
2254,2962,stable,0.629075,0.159178,0.316441,0.000536470,0.000051270,1,1.0000,100.00,0,1,1
2255,7227,headache,0.320117,0.312482,0.316277,0.000158398,0.000089131,1,1.0000,100.00,0,1,1
2256,7066,ambition,0.330984,0.302203,0.316266,0.000162132,0.000087096,1,1.0000,100.00,0,1,1
2257,3231,passion,0.600587,0.166520,0.316243,0.000478765,0.000052463,1,1.0000,100.00,0,1,1
2258,5471,convert,0.432599,0.230837,0.316006,0.000234302,0.000066043,1,1.0000,100.00,0,1,1
2259,6958,banana,0.336858,0.295742,0.315631,0.000165871,0.000085056,1,1.0000,100.00,0,1,1
2260,5234,leaf,0.451101,0.220558,0.315427,0.000251266,0.000063156,1,1.0000,100.00,0,1,1
2261,6521,blanket,0.361821,0.274890,0.315374,0.000181655,0.000079457,1,1.0000,100.00,0,1,1
2262,3724,horror,0.554185,0.179148,0.315089,0.000397268,0.000055010,1,1.0000,100.00,0,1,1
2263,7519,ashes,0.301909,0.328047,0.314707,0.000147881,0.000095242,2,1.5000,100.00,2,0,2
2264,13579,hen,0.099559,0.992658,0.314370,0.000058910,0.058741972,2,1.0000,100.00,2,0,2
2265,8411,economist,0.258443,0.380910,0.313758,0.000125802,0.000112226,1,1.0000,100.00,0,1,1
2266,9194,peasant,0.230837,0.426432,0.313745,0.000109674,0.000131751,1,1.0000,100.00,0,1,1
2267,6930,ritual,0.339207,0.289868,0.313569,0.000169781,0.000083189,1,1.0000,100.00,0,1,1
2268,6592,rabbit,0.357122,0.274596,0.313152,0.000181655,0.000079457,1,1.0000,100.00,0,1,1
2269,11240,trait,0.157416,0.619971,0.312399,0.000081322,0.000277078,3,1.3333,66.67,2,2,4
2270,10623,anticipate,0.177680,0.546549,0.311626,0.000087096,0.000208828,1,1.0000,100.00,0,1,1
2271,3412,guitar,0.583847,0.166226,0.311530,0.000446532,0.000052463,1,1.0000,100.00,0,1,1
2272,6415,thumb,0.368576,0.262849,0.311255,0.000190149,0.000075892,1,1.0000,100.00,0,1,1
2273,5003,chef,0.463730,0.208811,0.311178,0.000263146,0.000060269,1,1.0000,100.00,0,1,1
2274,7222,goat,0.320411,0.301909,0.311023,0.000158398,0.000087096,1,1.0000,100.00,0,1,1
2275,8326,persuade,0.264023,0.365932,0.310829,0.000128858,0.000107127,1,1.0000,100.00,0,1,1
2276,5034,notion,0.462849,0.208517,0.310663,0.000263146,0.000060269,1,1.0000,100.00,0,1,1
2277,4301,avenue,0.508664,0.189721,0.310651,0.000324281,0.000056194,1,1.0000,100.00,0,1,1
2278,2299,split,0.693392,0.138913,0.310357,0.000724956,0.000047876,1,1.0000,100.00,0,1,1
2279,9778,offender,0.210279,0.457856,0.310286,0.000099994,0.000147881,1,1.0000,100.00,0,1,1
2280,9948,relieve,0.204112,0.470485,0.309889,0.000097623,0.000154843,1,1.0000,100.00,0,1,1
2281,6238,cock,0.378267,0.253744,0.309812,0.000195236,0.000072831,2,1.0000,100.00,0,2,2
2282,7717,statute,0.290162,0.330396,0.309626,0.000144476,0.000095413,1,1.0000,100.00,0,1,1
2283,13431,poo,0.102203,0.936858,0.309434,0.000060269,0.003183504,4,1.2500,100.00,0,4,4
2284,318,working,0.947724,0.101028,0.309429,0.004787725,0.000042615,1,1.0000,100.00,0,1,1
2285,5610,snap,0.421439,0.227019,0.309313,0.000229204,0.000064516,1,1.0000,100.00,0,1,1
2286,8427,hype,0.257562,0.371219,0.309212,0.000125802,0.000107640,2,1.0000,100.00,0,2,2
2287,12893,rant,0.111894,0.854332,0.309184,0.000064516,0.001066201,2,1.5000,100.00,1,1,2
2288,6511,aging,0.362996,0.262555,0.308717,0.000181655,0.000075892,1,1.0000,100.00,1,0,1
2289,1620,shut,0.770338,0.123642,0.308619,0.001071281,0.000045669,1,1.0000,100.00,0,1,1
2290,11833,hereby,0.138913,0.683700,0.308180,0.000074196,0.000377914,2,1.0000,100.00,2,0,2
2291,7684,motive,0.291924,0.325110,0.308070,0.000144476,0.000093374,1,1.0000,100.00,0,1,1
2292,3030,formula,0.622614,0.152423,0.308059,0.000512710,0.000050084,1,1.0000,100.00,0,1,1
2293,3048,rapid,0.620852,0.152129,0.307327,0.000512710,0.000050084,1,1.0000,100.00,0,1,1
2294,5678,inform,0.416446,0.226725,0.307277,0.000224104,0.000064516,1,1.0000,100.00,0,1,1
2295,9222,specification,0.229956,0.409104,0.306718,0.000109674,0.000122917,1,1.0000,100.00,0,1,1
2296,4903,trigger,0.467841,0.200587,0.306338,0.000275038,0.000058910,1,1.0000,100.00,0,1,1
2297,3845,deck,0.544200,0.171512,0.305511,0.000380319,0.000053652,1,1.0000,100.00,0,1,1
2298,1761,transport,0.753891,0.123348,0.304944,0.000976242,0.000045669,1,1.0000,100.00,0,1,1
2299,7359,mega,0.313656,0.295448,0.304416,0.000154843,0.000085056,1,1.0000,100.00,1,0,1
2300,6404,rope,0.369457,0.250808,0.304405,0.000190149,0.000072494,1,1.0000,100.00,0,1,1
2301,6941,trainer,0.337739,0.274302,0.304372,0.000169781,0.000079457,1,1.0000,100.00,0,1,1
2302,11366,remark,0.152423,0.607636,0.304331,0.000079457,0.000263146,1,1.0000,100.00,0,1,1
2303,11469,divers,0.148018,0.625551,0.304290,0.000077588,0.000288620,1,1.0000,100.00,0,1,1
2304,2574,jersey,0.666667,0.138620,0.303995,0.000631571,0.000047876,1,1.0000,100.00,0,1,1
2305,8053,illustration,0.275184,0.335389,0.303799,0.000134802,0.000097623,1,1.0000,100.00,0,1,1
2306,7548,float,0.299559,0.308076,0.303788,0.000147881,0.000087437,2,1.0000,100.00,1,1,2
2307,7857,spark,0.283994,0.324816,0.303720,0.000141261,0.000093374,1,1.0000,100.00,0,1,1
2308,9730,emphasize,0.211160,0.436711,0.303671,0.000099994,0.000138035,1,1.0000,100.00,0,1,1
2309,9632,obstacle,0.212922,0.432599,0.303496,0.000102372,0.000134802,1,1.0000,100.00,0,1,1
2310,2970,wise,0.628488,0.146549,0.303487,0.000536470,0.000048897,1,1.0000,100.00,0,1,1
2311,10058,isle,0.200587,0.456094,0.302468,0.000095413,0.000147704,2,1.0000,100.00,1,1,2
2312,10629,backward,0.177093,0.515712,0.302206,0.000087096,0.000181655,1,1.0000,100.00,0,1,1
2313,6734,warn,0.347724,0.262261,0.301984,0.000178272,0.000075892,1,1.0000,100.00,0,1,1
2314,2650,counter,0.658443,0.138326,0.301794,0.000602695,0.000047876,1,1.0000,100.00,0,1,1
2315,6630,burger,0.354772,0.256681,0.301767,0.000178272,0.000074196,1,1.0000,100.00,0,1,1
2316,3981,menu,0.531571,0.171219,0.301687,0.000363330,0.000053652,1,1.0000,100.00,0,1,1
2317,3047,racing,0.621145,0.146256,0.301407,0.000512710,0.000048897,1,1.0000,100.00,1,0,1
2318,3805,juice,0.547137,0.165932,0.301310,0.000388779,0.000052463,1,1.0000,100.00,0,1,1
2319,5993,pepper,0.393539,0.230543,0.301211,0.000208828,0.000066043,1,1.0000,100.00,0,1,1
2320,4769,canal,0.478414,0.189427,0.301039,0.000281832,0.000056194,1,1.0000,100.00,0,1,1
2321,5931,bud,0.399119,0.226432,0.300621,0.000208828,0.000064516,1,1.0000,100.00,0,1,1
2322,5602,pub,0.422026,0.213510,0.300178,0.000229204,0.000061628,1,1.0000,100.00,0,1,1
2323,11235,tactic,0.158003,0.570044,0.300114,0.000081322,0.000229204,1,1.0000,100.00,0,1,1
2324,10330,delegate,0.188546,0.476946,0.299877,0.000091169,0.000158398,1,1.0000,100.00,0,1,1
2325,2376,neck,0.685169,0.130984,0.299576,0.000690980,0.000046689,1,1.0000,100.00,0,1,1
2326,5951,deficit,0.396769,0.226138,0.299541,0.000208828,0.000064516,1,1.0000,100.00,0,1,1
2327,4825,trailer,0.474302,0.189134,0.299511,0.000281832,0.000056194,1,1.0000,100.00,0,1,1
2328,10679,gal,0.175624,0.509251,0.299060,0.000087096,0.000176909,3,1.0000,100.00,0,3,3
2329,6378,invention,0.371219,0.240822,0.298995,0.000190149,0.000069097,1,1.0000,100.00,0,1,1
2330,7317,cluster,0.315419,0.283407,0.298985,0.000154843,0.000081322,1,1.0000,100.00,0,1,1
2331,5965,feminist,0.395595,0.225844,0.298903,0.000208828,0.000064516,1,1.0000,100.00,0,1,1
2332,7135,prosecutor,0.325991,0.274009,0.298872,0.000162132,0.000079457,1,1.0000,100.00,0,1,1
2333,10859,locking,0.169163,0.525698,0.298209,0.000085056,0.000190149,1,1.0000,100.00,1,0,1
2334,3182,superior,0.605874,0.145962,0.297379,0.000488975,0.000048897,1,1.0000,100.00,0,1,1
2335,5899,shine,0.400587,0.220264,0.297044,0.000213922,0.000063156,1,1.0000,100.00,0,1,1
2336,11184,nod,0.159471,0.551248,0.296493,0.000081322,0.000209162,3,1.3333,100.00,0,3,3
2337,7215,exceed,0.320999,0.273715,0.296416,0.000158398,0.000079457,1,1.0000,100.00,0,1,1
2338,4989,aunt,0.464611,0.188840,0.296204,0.000263146,0.000056194,1,1.0000,100.00,1,0,1
2339,2138,crown,0.709838,0.123054,0.295548,0.000775890,0.000045669,1,1.0000,100.00,0,1,1
2340,13615,poke,0.098678,0.884581,0.295447,0.000058910,0.001444784,3,1.3333,100.00,1,2,3
2341,6733,vitamin,0.348018,0.250514,0.295268,0.000178272,0.000072494,1,1.0000,100.00,0,1,1
2342,13022,heap,0.110132,0.790602,0.295077,0.000063156,0.000666204,2,1.0000,100.00,1,1,2
2343,11348,parameter,0.152717,0.569750,0.294975,0.000079457,0.000229204,1,1.0000,100.00,0,1,1
2344,8392,collector,0.259618,0.335095,0.294952,0.000125802,0.000097623,1,1.0000,100.00,0,1,1
2345,4093,dare,0.525110,0.165639,0.294921,0.000346336,0.000052463,1,1.0000,100.00,0,1,1
2346,11538,regulator,0.146256,0.594126,0.294778,0.000077588,0.000251266,1,1.0000,100.00,0,1,1
2347,2176,sugar,0.706902,0.122761,0.294584,0.000775890,0.000045669,1,1.0000,100.00,0,1,1
2348,12786,compose,0.113950,0.761233,0.294521,0.000064516,0.000568404,3,1.3333,100.00,0,3,3
2349,7999,zombie,0.277533,0.312188,0.294351,0.000138035,0.000089131,1,1.0000,100.00,0,1,1
2350,9178,logs,0.231424,0.372981,0.293797,0.000109674,0.000109674,1,1.0000,100.00,1,0,1
2351,8100,stare,0.274009,0.314831,0.293712,0.000134802,0.000089300,2,1.0000,100.00,0,2,2
2352,8321,objection,0.264611,0.324523,0.293040,0.000128858,0.000093374,1,1.0000,100.00,0,1,1
2353,12190,lyric,0.128634,0.666960,0.292906,0.000070797,0.000346336,1,1.0000,100.00,0,1,1
2354,5540,apologize,0.427606,0.200294,0.292655,0.000229204,0.000058910,1,1.0000,100.00,0,1,1
2355,13830,rug,0.092805,0.922761,0.292637,0.000057553,0.002587359,2,1.5000,100.00,1,1,2
2356,5896,scan,0.400881,0.213216,0.292360,0.000213922,0.000061628,1,1.0000,100.00,0,1,1
2357,8867,candle,0.242584,0.350367,0.291537,0.000114768,0.000102372,1,1.0000,100.00,0,1,1
2358,7404,vaccine,0.310132,0.273421,0.291199,0.000154843,0.000079457,1,1.0000,100.00,0,1,1
2359,8538,headline,0.253157,0.334802,0.291131,0.000122917,0.000097623,1,1.0000,100.00,0,1,1
2360,4471,bearing,0.495742,0.170925,0.291092,0.000308991,0.000053652,1,1.0000,100.00,0,1,1
2361,6140,clause,0.384728,0.219971,0.290911,0.000198643,0.000063156,1,1.0000,100.00,0,1,1
2362,8896,faction,0.241410,0.350073,0.290708,0.000114768,0.000102372,1,1.0000,100.00,0,1,1
2363,4282,succeed,0.510132,0.165345,0.290427,0.000331064,0.000052463,1,1.0000,100.00,0,1,1
2364,4005,tables,0.530690,0.158884,0.290376,0.000363330,0.000051270,1,1.0000,100.00,1,0,1
2365,2784,palace,0.644053,0.130690,0.290123,0.000575541,0.000046689,1,1.0000,100.00,0,1,1
2366,11177,mechanic,0.159765,0.525404,0.289726,0.000081322,0.000190149,1,1.0000,100.00,0,1,1
2367,1974,snow,0.728928,0.115125,0.289686,0.000870973,0.000044653,1,1.0000,100.00,0,1,1
2368,4532,butt,0.491630,0.170631,0.289633,0.000302206,0.000053652,1,1.0000,100.00,0,1,1
2369,7122,pad,0.326872,0.256388,0.289493,0.000162132,0.000074196,1,1.0000,100.00,0,1,1
2370,5517,react,0.429075,0.195301,0.289480,0.000234302,0.000057553,1,1.0000,100.00,0,1,1
2371,6996,hazard,0.334802,0.250220,0.289438,0.000165871,0.000072494,1,1.0000,100.00,0,1,1
2372,12627,derive,0.118062,0.708664,0.289251,0.000066043,0.000430730,2,1.0000,100.00,0,2,2
2373,5565,fence,0.425844,0.195007,0.288171,0.000229204,0.000057553,1,1.0000,100.00,0,1,1
2374,7948,module,0.281351,0.295154,0.288170,0.000138035,0.000085056,1,1.0000,100.00,0,1,1
2375,7669,gut,0.293098,0.283113,0.288062,0.000144476,0.000081322,1,1.0000,100.00,0,1,1
2376,8462,receipt,0.255800,0.324229,0.287989,0.000125802,0.000093374,1,1.0000,100.00,0,1,1
2377,4126,radical,0.521880,0.158590,0.287689,0.000346336,0.000051270,1,1.0000,100.00,0,1,1
2378,10016,deed,0.202056,0.408811,0.287407,0.000095413,0.000122917,1,1.0000,100.00,0,1,1
2379,11004,glove,0.164464,0.502203,0.287392,0.000083189,0.000173176,1,1.0000,100.00,0,1,1
2380,11119,brook,0.161233,0.511013,0.287041,0.000081322,0.000178272,1,1.0000,100.00,0,1,1
2381,9569,disclose,0.216446,0.380617,0.287025,0.000102372,0.000112226,1,1.0000,100.00,0,1,1
2382,9045,interval,0.235242,0.349780,0.286850,0.000112226,0.000102372,1,1.0000,100.00,0,1,1
2383,13689,ape,0.096329,0.853451,0.286726,0.000057553,0.001054490,6,1.3333,83.33,3,4,7
2384,12003,merged,0.133921,0.613510,0.286639,0.000072494,0.000268248,1,1.0000,100.00,1,0,1
2385,10244,rails,0.192658,0.426138,0.286529,0.000093374,0.000131751,1,1.0000,100.00,1,0,1
2386,5629,accent,0.419971,0.194714,0.285962,0.000224104,0.000057553,1,1.0000,100.00,0,1,1
2387,5464,charm,0.432893,0.188546,0.285693,0.000234302,0.000056194,1,1.0000,100.00,0,1,1
2388,11416,wed,0.150367,0.541557,0.285363,0.000079457,0.000202710,3,1.6667,100.00,3,0,3
2389,8748,builder,0.246402,0.330103,0.285198,0.000117485,0.000095413,1,1.0000,100.00,0,1,1
2390,10237,oils,0.193245,0.420558,0.285080,0.000093374,0.000128692,2,1.0000,100.00,2,0,2
2391,958,forget,0.853744,0.095154,0.285022,0.001816579,0.000041596,1,1.0000,100.00,0,1,1
2392,3967,fame,0.533040,0.151836,0.284490,0.000363330,0.000050084,1,1.0000,100.00,0,1,1
2393,7293,voyage,0.317474,0.254038,0.283990,0.000158398,0.000073510,2,1.0000,100.00,0,2,2
2394,12333,isolate,0.124523,0.646990,0.283840,0.000069097,0.000315800,1,1.0000,100.00,0,1,1
2395,5696,patrol,0.414097,0.194420,0.283741,0.000224104,0.000057553,1,1.0000,100.00,0,1,1
2396,14285,vie,0.084875,0.947137,0.283528,0.000055010,0.003889642,2,1.5000,100.00,0,2,2
2397,9501,sailor,0.219677,0.365639,0.283412,0.000104754,0.000107127,1,1.0000,100.00,0,1,1
2398,4029,evaluation,0.529222,0.151542,0.283195,0.000354820,0.000050084,1,1.0000,100.00,0,1,1
2399,11269,browse,0.156535,0.510720,0.282746,0.000079457,0.000178272,1,1.0000,100.00,0,1,1
2400,6637,clan,0.353598,0.225551,0.282408,0.000178272,0.000064516,1,1.0000,100.00,0,1,1
2401,7169,wizard,0.323348,0.246402,0.282265,0.000162132,0.000070797,1,1.0000,100.00,0,1,1
2402,1097,gas,0.835830,0.094860,0.281580,0.001584003,0.000041596,1,1.0000,100.00,0,1,1
2403,6679,ladder,0.351542,0.225257,0.281402,0.000178272,0.000064516,1,1.0000,100.00,1,0,1
2404,10610,trader,0.178267,0.443759,0.281261,0.000089131,0.000141261,1,1.0000,100.00,0,1,1
2405,11881,residency,0.136858,0.575918,0.280747,0.000074196,0.000234302,1,1.0000,100.00,1,0,1
2406,6394,oven,0.370044,0.212922,0.280697,0.000190149,0.000061628,1,1.0000,100.00,1,0,1
2407,5039,palm,0.462555,0.170338,0.280697,0.000263146,0.000053652,1,1.0000,100.00,0,1,1
2408,10417,reinforce,0.186784,0.421145,0.280470,0.000091169,0.000128858,1,1.0000,100.00,0,1,1
2409,14022,rad,0.090162,0.872247,0.280434,0.000056194,0.001268937,4,2.2500,100.00,1,3,4
2410,10010,counterpart,0.202349,0.387959,0.280184,0.000095413,0.000114768,1,1.0000,100.00,0,1,1
2411,11064,shareholder,0.162115,0.483994,0.280112,0.000083189,0.000162132,1,1.0000,100.00,0,1,1
2412,5680,inspection,0.416153,0.188253,0.279896,0.000224104,0.000056194,1,1.0000,100.00,0,1,1
2413,9871,disadvantage,0.206461,0.379148,0.279785,0.000097623,0.000111373,2,1.0000,100.00,0,2,2
2414,6603,shout,0.356241,0.219677,0.279746,0.000181655,0.000063156,1,1.0000,100.00,0,1,1
2415,1943,warm,0.733333,0.106608,0.279605,0.000891326,0.000043633,1,1.0000,100.00,1,0,1
2416,13322,batter,0.104552,0.745081,0.279105,0.000060269,0.000524587,1,1.0000,100.00,0,1,1
2417,3260,cabinet,0.597063,0.130396,0.279025,0.000466898,0.000046689,1,1.0000,100.00,0,1,1
2418,10829,firearm,0.170044,0.457562,0.278937,0.000085056,0.000147881,1,1.0000,100.00,0,1,1
2419,3958,commit,0.533921,0.145668,0.278882,0.000363330,0.000048897,1,1.0000,100.00,0,1,1
2420,11061,rumor,0.162408,0.476652,0.278230,0.000083189,0.000158398,1,1.0000,100.00,0,1,1
2421,8978,snack,0.238473,0.323935,0.277938,0.000114768,0.000093374,1,1.0000,100.00,0,1,1
2422,14432,pea,0.081645,0.940969,0.277173,0.000053652,0.003426748,10,2.0000,90.00,3,8,11
2423,778,lives,0.880764,0.087225,0.277172,0.002190118,0.000040748,1,1.0000,100.00,1,0,1
2424,2554,boyfriend,0.668135,0.114831,0.276989,0.000631571,0.000044653,1,1.0000,100.00,0,1,1
2425,6905,lodge,0.340382,0.224963,0.276719,0.000169781,0.000064516,1,1.0000,100.00,0,1,1
2426,5256,reign,0.449633,0.170044,0.276509,0.000251266,0.000053652,1,1.0000,100.00,0,1,1
2427,10198,gram,0.194420,0.392952,0.276401,0.000093374,0.000117485,1,1.0000,100.00,0,1,1
2428,13625,rag,0.098091,0.775918,0.275881,0.000058910,0.000619706,4,1.0000,100.00,2,2,4
2429,10171,defect,0.196182,0.387665,0.275777,0.000093374,0.000114768,1,1.0000,100.00,0,1,1
2430,9682,vendor,0.211747,0.358884,0.275668,0.000102372,0.000104754,1,1.0000,100.00,0,1,1
2431,14156,grad,0.087225,0.868135,0.275178,0.000055010,0.001213927,3,1.6667,100.00,0,3,3
2432,9830,vet,0.207930,0.363877,0.275065,0.000099994,0.000106278,2,1.0000,100.00,0,2,2
2433,6519,behave,0.362115,0.208223,0.274592,0.000181655,0.000060269,1,1.0000,100.00,0,1,1
2434,2655,empire,0.657562,0.114537,0.274437,0.000602695,0.000044653,1,1.0000,100.00,0,1,1
2435,6998,indoor,0.334214,0.224670,0.274022,0.000165871,0.000064516,1,1.0000,100.00,0,1,1
2436,7373,printer,0.311307,0.240529,0.273639,0.000154843,0.000069097,1,1.0000,100.00,0,1,1
2437,8325,penguin,0.264317,0.282819,0.273412,0.000128858,0.000081322,1,1.0000,100.00,0,1,1
2438,8927,marker,0.239354,0.311894,0.273227,0.000114768,0.000089131,1,1.0000,100.00,0,1,1
2439,10433,seminar,0.185609,0.402056,0.273176,0.000091169,0.000120036,2,1.0000,100.00,0,2,2
2440,1494,catch,0.786490,0.094567,0.272719,0.001147695,0.000041596,1,1.0000,100.00,0,1,1
2441,11873,pronounce,0.137151,0.542144,0.272682,0.000074196,0.000203733,1,1.0000,100.00,0,1,1
2442,13726,dedicate,0.094860,0.782673,0.272479,0.000057553,0.000645168,1,1.0000,100.00,0,1,1
2443,8811,philosopher,0.244934,0.301615,0.271801,0.000117485,0.000087096,1,1.0000,100.00,0,1,1
2444,5728,wrap,0.412041,0.178855,0.271469,0.000224104,0.000055010,1,1.0000,100.00,0,1,1
2445,9597,hormone,0.214684,0.342144,0.271022,0.000102372,0.000099994,1,1.0000,100.00,0,1,1
2446,13250,pun,0.106021,0.691043,0.270675,0.000061628,0.000393544,3,1.0000,100.00,1,2,3
2447,7002,insult,0.333627,0.219383,0.270541,0.000165871,0.000063156,1,1.0000,100.00,0,1,1
2448,9189,onion,0.231131,0.316593,0.270508,0.000109674,0.000091169,1,1.0000,100.00,0,1,1
2449,8425,hostage,0.257856,0.282526,0.269909,0.000125802,0.000081322,1,1.0000,100.00,0,1,1
2450,6719,suspicion,0.349192,0.207930,0.269458,0.000178272,0.000060269,1,1.0000,100.00,0,1,1
2451,8020,champ,0.276652,0.261968,0.269210,0.000134802,0.000075892,1,1.0000,100.00,0,1,1
2452,11426,assemble,0.149780,0.483700,0.269163,0.000077588,0.000162132,1,1.0000,100.00,0,1,1
2453,13231,motions,0.106314,0.679589,0.268794,0.000061628,0.000371820,1,1.0000,100.00,1,0,1
2454,2942,interior,0.630837,0.114244,0.268457,0.000536470,0.000044653,1,1.0000,100.00,0,1,1
2455,14826,pleas,0.074009,0.972394,0.268264,0.000051270,0.008645792,3,1.6667,100.00,0,3,3
2456,7553,gesture,0.298972,0.240235,0.267999,0.000147881,0.000069097,1,1.0000,100.00,0,1,1
2457,3759,vacation,0.551248,0.130103,0.267804,0.000397268,0.000046689,1,1.0000,100.00,0,1,1
2458,2122,solid,0.711013,0.100734,0.267625,0.000794578,0.000042615,1,1.0000,100.00,0,1,1
2459,7484,painter,0.304258,0.234655,0.267200,0.000151277,0.000067573,1,1.0000,100.00,0,1,1
2460,7982,starter,0.278414,0.256094,0.267021,0.000138035,0.000074196,1,1.0000,100.00,0,1,1
2461,9248,advertisement,0.228781,0.311601,0.266999,0.000107127,0.000089131,1,1.0000,100.00,0,1,1
2462,3036,junior,0.622026,0.113950,0.266233,0.000512710,0.000044653,1,1.0000,100.00,0,1,1
2463,5298,burst,0.446990,0.158297,0.266002,0.000246167,0.000051270,1,1.0000,100.00,0,1,1
2464,8816,recruit,0.244347,0.289574,0.266001,0.000117485,0.000083189,1,1.0000,100.00,0,1,1
2465,7325,crews,0.314831,0.224376,0.265783,0.000154843,0.000064516,1,1.0000,100.00,1,0,1
2466,5971,graph,0.395007,0.178561,0.265580,0.000208828,0.000055010,1,1.0000,100.00,0,1,1
2467,4984,abortion,0.465198,0.151248,0.265255,0.000263146,0.000050084,1,1.0000,100.00,0,1,1
2468,2631,suicide,0.660499,0.106314,0.264991,0.000616286,0.000043633,1,1.0000,100.00,0,1,1
2469,4726,noble,0.481938,0.145374,0.264691,0.000288620,0.000048897,1,1.0000,100.00,0,1,1
2470,9640,projection,0.212335,0.329809,0.264632,0.000102372,0.000095413,1,1.0000,100.00,0,1,1
2471,6390,oak,0.370338,0.187959,0.263834,0.000190149,0.000056194,1,1.0000,100.00,1,0,1
2472,12280,comprise,0.125991,0.551542,0.263608,0.000069097,0.000209507,2,1.0000,100.00,0,2,2
2473,6997,helmet,0.334508,0.207636,0.263545,0.000165871,0.000060269,1,1.0000,100.00,0,1,1
2474,10112,titan,0.198532,0.349486,0.263408,0.000095413,0.000102372,1,1.0000,100.00,0,1,1
2475,8316,manuscript,0.264905,0.261674,0.263284,0.000128858,0.000075892,1,1.0000,100.00,0,1,1
2476,7001,instructor,0.333921,0.207342,0.263127,0.000165871,0.000060269,1,1.0000,100.00,0,1,1
2477,4392,climb,0.500441,0.138032,0.262825,0.000315800,0.000047876,1,1.0000,100.00,0,1,1
2478,10437,specimen,0.185316,0.372687,0.262802,0.000091169,0.000109674,1,1.0000,100.00,0,1,1
2479,1459,slow,0.792070,0.086931,0.262403,0.001201962,0.000040748,1,1.0000,100.00,0,1,1
2480,14275,tuck,0.085169,0.807930,0.262317,0.000055010,0.000758931,1,1.0000,100.00,1,0,1
2481,5438,sink,0.434655,0.158003,0.262062,0.000239394,0.000051270,1,1.0000,100.00,0,1,1
2482,10291,analog,0.191189,0.358590,0.261837,0.000091169,0.000104754,1,1.0000,100.00,0,1,1
2483,1987,bay,0.727166,0.094273,0.261825,0.000850573,0.000041596,1,1.0000,100.00,0,1,1
2484,2783,nose,0.644347,0.106021,0.261369,0.000575541,0.000043633,1,1.0000,100.00,0,1,1
2485,6678,kidney,0.351836,0.194126,0.261344,0.000178272,0.000057553,1,1.0000,100.00,0,1,1
2486,8888,drone,0.241997,0.282232,0.261341,0.000114768,0.000081322,1,1.0000,100.00,0,1,1
2487,8455,owed,0.256681,0.266079,0.261338,0.000125802,0.000076908,2,1.0000,100.00,2,0,2
2488,6186,pearl,0.382966,0.178267,0.261286,0.000198643,0.000055010,1,1.0000,100.00,0,1,1
2489,8360,towel,0.260499,0.261380,0.260939,0.000128858,0.000075892,1,1.0000,100.00,0,1,1
2490,1186,regular,0.824082,0.082526,0.260783,0.001444777,0.000039726,1,1.0000,100.00,0,1,1
2491,5739,belonging,0.411160,0.165051,0.260504,0.000219009,0.000052463,1,1.0000,100.00,0,1,1
2492,14081,airs,0.089280,0.760059,0.260496,0.000055010,0.000565197,4,1.2500,100.00,4,0,4
2493,14636,raft,0.078120,0.863142,0.259671,0.000052463,0.001164841,3,1.0000,100.00,3,0,3
2494,5331,implement,0.443759,0.150954,0.258819,0.000246167,0.000050084,1,1.0000,100.00,0,1,1
2495,5338,lit,0.443172,0.150661,0.258396,0.000246167,0.000050084,1,1.0000,100.00,1,0,1
2496,8396,compliment,0.259325,0.255800,0.257556,0.000125802,0.000074196,1,1.0000,100.00,0,1,1
2497,4730,outer,0.481351,0.137739,0.257489,0.000288620,0.000047876,1,1.0000,100.00,1,0,1
2498,14681,ware,0.077533,0.854626,0.257414,0.000052463,0.001071281,1,1.0000,100.00,1,0,1
2499,8048,generator,0.275477,0.239941,0.257096,0.000134802,0.000069097,1,1.0000,100.00,0,1,1
2500,7071,ballot,0.330396,0.200000,0.257059,0.000162132,0.000058910,1,1.0000,100.00,0,1,1
2501,2213,proof,0.702790,0.093979,0.256998,0.000758931,0.000041596,1,1.0000,100.00,0,1,1
2502,5659,disk,0.417621,0.157709,0.256637,0.000224104,0.000051270,1,1.0000,100.00,0,1,1
2503,8266,balloon,0.267548,0.246109,0.256604,0.000128858,0.000070797,1,1.0000,100.00,0,1,1
2504,6398,ranges,0.369750,0.177974,0.256526,0.000190149,0.000055010,1,1.0000,100.00,1,0,1
2505,15157,fir,0.068429,0.958003,0.256037,0.000048897,0.005519578,5,1.6000,100.00,0,5,5
2506,14915,brow,0.072247,0.906314,0.255887,0.000050084,0.001975683,5,1.8000,100.00,0,5,5
2507,12388,sac,0.123348,0.529222,0.255496,0.000069097,0.000190661,2,1.5000,100.00,0,2,2
2508,10126,vein,0.197651,0.329515,0.255204,0.000095413,0.000095413,1,1.0000,100.00,0,1,1
2509,15014,ox,0.071072,0.915419,0.255070,0.000050084,0.002334476,2,1.0000,100.00,2,0,2
2510,5717,sweat,0.412335,0.157416,0.254770,0.000224104,0.000051270,1,1.0000,100.00,0,1,1
2511,6764,disagree,0.345668,0.187665,0.254696,0.000173176,0.000056194,1,1.0000,100.00,0,1,1
2512,12136,criticize,0.130103,0.498091,0.254564,0.000070797,0.000169781,1,1.0000,100.00,0,1,1
2513,5300,casino,0.446402,0.145081,0.254488,0.000246167,0.000048897,1,1.0000,100.00,0,1,1
2514,7626,aesthetic,0.294860,0.219090,0.254167,0.000144476,0.000063156,1,1.0000,100.00,0,1,1
2515,9426,digit,0.223201,0.289280,0.254102,0.000104754,0.000083189,1,1.0000,100.00,0,1,1
2516,13577,hale,0.099853,0.646402,0.254058,0.000058910,0.000315779,3,1.3333,100.00,2,1,3
2517,13164,colon,0.107195,0.599706,0.253546,0.000061628,0.000256367,1,1.0000,100.00,0,1,1
2518,8946,phenomena,0.239060,0.268135,0.253181,0.000114768,0.000077588,1,1.0000,100.00,0,1,1
2519,7407,virtue,0.309545,0.207048,0.253162,0.000154843,0.000060269,1,1.0000,100.00,0,1,1
2520,9087,sleeve,0.234068,0.273128,0.252845,0.000112226,0.000079457,1,1.0000,100.00,0,1,1
2521,7094,fiber,0.328634,0.193833,0.252389,0.000162132,0.000057553,1,1.0000,100.00,0,1,1
2522,12543,pike,0.120117,0.530103,0.252338,0.000067573,0.000194560,2,1.5000,100.00,1,1,2
2523,14522,axes,0.079883,0.795888,0.252146,0.000052463,0.000690980,1,1.0000,100.00,1,0,1
2524,14894,aft,0.072834,0.871953,0.252008,0.000050084,0.001267389,5,1.6000,100.00,5,0,5
2525,6935,sentiment,0.338913,0.187372,0.251997,0.000169781,0.000056194,1,1.0000,100.00,0,1,1
2526,13383,implication,0.103377,0.613216,0.251779,0.000060269,0.000268248,1,1.0000,100.00,0,1,1
2527,7926,gig,0.282819,0.224082,0.251744,0.000138035,0.000064516,1,1.0000,100.00,0,1,1
2528,10283,upward,0.191483,0.329222,0.251078,0.000093374,0.000095413,1,1.0000,100.00,0,1,1
2529,4672,transformation,0.485169,0.129809,0.250957,0.000295424,0.000046689,1,1.0000,100.00,0,1,1
2530,10556,monarch,0.180029,0.349192,0.250729,0.000089131,0.000102372,1,1.0000,100.00,0,1,1
2531,10475,atom,0.183847,0.341850,0.250696,0.000089131,0.000099994,1,1.0000,100.00,0,1,1
2532,14162,heater,0.086931,0.722761,0.250660,0.000055010,0.000459574,2,1.5000,100.00,1,1,2
2533,11898,spur,0.136564,0.457269,0.249893,0.000074196,0.000147881,1,1.0000,100.00,0,1,1
2534,13051,motivate,0.109545,0.569457,0.249762,0.000063156,0.000229204,1,1.0000,100.00,0,1,1
2535,14045,slid,0.089574,0.696035,0.249693,0.000056194,0.000406969,2,1.5000,100.00,0,2,2
2536,6250,fabric,0.377680,0.164758,0.249451,0.000195236,0.000052463,1,1.0000,100.00,0,1,1
2537,5233,laptop,0.451395,0.137445,0.249082,0.000251266,0.000047876,1,1.0000,100.00,0,1,1
2538,7238,marking,0.319236,0.193539,0.248565,0.000158398,0.000057553,1,1.0000,100.00,0,1,1
2539,9526,variant,0.218796,0.281938,0.248369,0.000104754,0.000081322,1,1.0000,100.00,0,1,1
2540,1171,administration,0.827019,0.074302,0.247890,0.001444777,0.000038877,1,1.0000,100.00,0,1,1
2541,7757,bolt,0.288106,0.212628,0.247507,0.000141261,0.000061628,1,1.0000,100.00,0,1,1
2542,10678,fracture,0.175918,0.347137,0.247118,0.000087096,0.000100167,2,1.0000,100.00,0,2,2
2543,1850,climate,0.741850,0.082232,0.246990,0.000911700,0.000039726,1,1.0000,100.00,0,1,1
2544,6106,raises,0.386784,0.157122,0.246520,0.000203733,0.000051270,1,1.0000,100.00,1,0,1
2545,7150,sphere,0.324816,0.187078,0.246508,0.000162132,0.000056194,1,1.0000,100.00,0,1,1
2546,15032,rave,0.069897,0.867548,0.246250,0.000050084,0.001206794,8,1.5000,100.00,3,5,8
2547,10464,worm,0.184141,0.328928,0.246108,0.000091169,0.000095413,1,1.0000,100.00,0,1,1
2548,6596,sail,0.356535,0.169750,0.246012,0.000181655,0.000053652,1,1.0000,100.00,0,1,1
2549,6625,banner,0.355360,0.169457,0.245394,0.000178272,0.000053652,1,1.0000,100.00,0,1,1
2550,9044,instinct,0.235536,0.255507,0.245318,0.000112226,0.000074196,1,1.0000,100.00,0,1,1
2551,8592,shave,0.251101,0.239648,0.245308,0.000122917,0.000069097,1,1.0000,100.00,0,1,1
2552,2291,kitchen,0.694273,0.086637,0.245255,0.000724956,0.000040748,1,1.0000,100.00,0,1,1
2553,4083,bang,0.525698,0.113656,0.244436,0.000346336,0.000044653,1,1.0000,100.00,0,1,1
2554,10950,accelerate,0.165932,0.358297,0.243830,0.000083189,0.000104754,1,1.0000,100.00,0,1,1
2555,5130,laser,0.458737,0.129515,0.243749,0.000256367,0.000046689,1,1.0000,100.00,0,1,1
2556,13901,chic,0.091043,0.652570,0.243745,0.000056194,0.000323939,2,1.5000,100.00,0,2,2
2557,8685,predecessor,0.248164,0.239354,0.243719,0.000120206,0.000069097,1,1.0000,100.00,0,1,1
2558,10299,banker,0.190602,0.311307,0.243589,0.000091169,0.000089131,1,1.0000,100.00,0,1,1
2559,10507,dividend,0.183260,0.323642,0.243538,0.000089131,0.000093374,1,1.0000,100.00,0,1,1
2560,10069,manifest,0.200294,0.294860,0.243020,0.000095413,0.000085056,1,1.0000,100.00,0,1,1
2561,6277,nest,0.376505,0.156828,0.242995,0.000195236,0.000051270,1,1.0000,100.00,0,1,1
2562,10534,grape,0.182379,0.323348,0.242841,0.000089131,0.000093374,1,1.0000,100.00,0,1,1
2563,11236,tenant,0.157709,0.372394,0.242343,0.000081322,0.000109674,1,1.0000,100.00,0,1,1
2564,3414,hills,0.583554,0.100441,0.242100,0.000446532,0.000042615,1,1.0000,100.00,1,0,1
2565,13737,ethic,0.094567,0.616740,0.241502,0.000057553,0.000275038,1,1.0000,100.00,0,1,1
2566,5577,lasting,0.424963,0.137151,0.241421,0.000229204,0.000047876,1,1.0000,100.00,1,0,1
2567,9012,curtain,0.236417,0.245815,0.241070,0.000112226,0.000070797,1,1.0000,100.00,0,1,1
2568,9013,decoration,0.236123,0.245521,0.240776,0.000112226,0.000070797,1,1.0000,100.00,0,1,1
2569,6653,drill,0.352129,0.164464,0.240650,0.000178272,0.000052463,1,1.0000,100.00,0,1,1
2570,11870,predator,0.137445,0.420264,0.240340,0.000074196,0.000127163,2,1.0000,100.00,0,2,2
2571,6416,tide,0.368282,0.156535,0.240102,0.000190149,0.000051270,1,1.0000,100.00,0,1,1
2572,11618,dolphin,0.142731,0.403231,0.239903,0.000075892,0.000120206,1,1.0000,100.00,0,1,1
2573,7568,jaw,0.297797,0.193245,0.239891,0.000147881,0.000057553,1,1.0000,100.00,0,1,1
2574,8218,papa,0.270485,0.212335,0.239652,0.000131751,0.000061628,1,1.0000,100.00,0,1,1
2575,7450,dock,0.306902,0.186784,0.239425,0.000151277,0.000056194,1,1.0000,100.00,0,1,1
2576,6455,horizon,0.366226,0.156241,0.239206,0.000186757,0.000051270,1,1.0000,100.00,0,1,1
2577,7220,fossil,0.320705,0.177680,0.238711,0.000158398,0.000055010,1,1.0000,100.00,0,1,1
2578,12007,molecule,0.133333,0.425844,0.238284,0.000072494,0.000131751,1,1.0000,100.00,0,1,1
2579,6039,basket,0.391189,0.144787,0.237990,0.000203733,0.000048897,1,1.0000,100.00,0,1,1
2580,10195,gem,0.195007,0.288987,0.237391,0.000093374,0.000083189,1,1.0000,100.00,0,1,1
2581,13600,nominate,0.098972,0.569163,0.237342,0.000058910,0.000229204,1,1.0000,100.00,0,1,1
2582,5410,invitation,0.435830,0.129222,0.237316,0.000239394,0.000046689,1,1.0000,100.00,0,1,1
2583,9361,scrap,0.225257,0.248458,0.236573,0.000107127,0.000070966,2,1.0000,100.00,0,2,2
2584,8338,reactor,0.262555,0.212041,0.235950,0.000128858,0.000061628,1,1.0000,100.00,0,1,1
2585,6942,vampire,0.337445,0.164170,0.235369,0.000169781,0.000052463,1,1.0000,100.00,0,1,1
2586,10280,tray,0.191777,0.288693,0.235297,0.000093374,0.000083189,1,1.0000,100.00,1,0,1
2587,13829,revise,0.093098,0.593833,0.235127,0.000057553,0.000251266,1,1.0000,100.00,0,1,1
2588,9216,seizure,0.230250,0.239060,0.234614,0.000109674,0.000069097,1,1.0000,100.00,0,1,1
2589,7627,allowance,0.294567,0.186490,0.234380,0.000144476,0.000056194,1,1.0000,100.00,0,1,1
2590,1478,jack,0.789134,0.069604,0.234364,0.001174867,0.000038031,1,1.0000,100.00,0,1,1
2591,12681,mails,0.116593,0.470191,0.234139,0.000066043,0.000154843,1,1.0000,100.00,1,0,1
2592,5278,trapped,0.447577,0.122467,0.234123,0.000251266,0.000045669,1,1.0000,100.00,1,0,1
2593,10770,thirst,0.172394,0.316300,0.233512,0.000087096,0.000091169,1,1.0000,100.00,0,1,1
2594,7933,idol,0.282526,0.192952,0.233482,0.000138035,0.000057553,1,1.0000,100.00,0,1,1
2595,8162,exploit,0.272540,0.199706,0.233298,0.000131751,0.000058910,1,1.0000,100.00,0,1,1
2596,10333,dinosaur,0.188253,0.288399,0.233006,0.000091169,0.000083189,1,1.0000,100.00,0,1,1
2597,8456,pioneer,0.256388,0.211747,0.233001,0.000125802,0.000061628,1,1.0000,100.00,0,1,1
2598,5964,expedition,0.395888,0.136858,0.232767,0.000208828,0.000047876,1,1.0000,100.00,0,1,1
2599,7499,slam,0.303377,0.177386,0.231981,0.000151277,0.000055010,1,1.0000,100.00,0,1,1
2600,8233,sack,0.269604,0.199413,0.231867,0.000131751,0.000058910,1,1.0000,100.00,0,1,1
2601,2665,joy,0.655507,0.081938,0.231757,0.000602695,0.000039726,1,1.0000,100.00,0,1,1
2602,14376,follower,0.082819,0.646696,0.231428,0.000053652,0.000315800,1,1.0000,100.00,0,1,1
2603,8831,spice,0.244053,0.218796,0.231080,0.000117485,0.000063156,1,1.0000,100.00,0,1,1
2604,9286,enzyme,0.227313,0.234361,0.230810,0.000107127,0.000067573,1,1.0000,100.00,0,1,1
2605,6642,console,0.353010,0.150367,0.230393,0.000178272,0.000050084,1,1.0000,100.00,0,1,1
2606,8293,frog,0.266373,0.199119,0.230304,0.000128858,0.000058910,1,1.0000,100.00,0,1,1
2607,9484,patron,0.221733,0.238767,0.230092,0.000104754,0.000069097,1,1.0000,100.00,0,1,1
2608,844,particular,0.870191,0.060793,0.230003,0.002037361,0.000037181,1,1.0000,100.00,0,1,1
2609,7558,halt,0.298678,0.177093,0.229986,0.000147881,0.000055010,1,1.0000,100.00,1,0,1
2610,14743,designate,0.076358,0.691630,0.229808,0.000051270,0.000397268,1,1.0000,100.00,0,1,1
2611,15262,statistic,0.066373,0.795595,0.229796,0.000048897,0.000690980,1,1.0000,100.00,0,1,1
2612,6684,motorcycle,0.351248,0.150073,0.229593,0.000178272,0.000050084,1,1.0000,100.00,0,1,1
2613,3162,pink,0.609398,0.086344,0.229385,0.000488975,0.000040748,1,1.0000,100.00,0,1,1
2614,4087,burden,0.525404,0.100147,0.229385,0.000346336,0.000042615,1,1.0000,100.00,0,1,1
2615,5497,lasted,0.429956,0.122173,0.229192,0.000234302,0.000045669,1,1.0000,100.00,1,0,1
2616,7586,operative,0.296916,0.176799,0.229117,0.000147881,0.000055010,1,1.0000,100.00,0,1,1
2617,9402,bracket,0.224082,0.234068,0.229020,0.000104754,0.000067573,1,1.0000,100.00,0,1,1
2618,15498,char,0.062261,0.840822,0.228803,0.000046689,0.000961127,4,1.5000,100.00,0,4,4
2619,10926,temp,0.166814,0.311013,0.227774,0.000085056,0.000089131,1,1.0000,100.00,0,1,1
2620,8594,skirt,0.250808,0.206755,0.227718,0.000122917,0.000060269,1,1.0000,100.00,0,1,1
2621,12680,madam,0.116887,0.443465,0.227674,0.000066043,0.000141261,1,1.0000,100.00,0,1,1
2622,13275,sock,0.105140,0.491043,0.227218,0.000061628,0.000165871,1,1.0000,100.00,0,1,1
2623,13024,heirs,0.109838,0.469897,0.227184,0.000063156,0.000154843,1,1.0000,100.00,1,0,1
2624,11924,accusation,0.135683,0.380323,0.227164,0.000072494,0.000112226,1,1.0000,100.00,0,1,1
2625,341,often,0.943906,0.054626,0.227071,0.004464938,0.000036332,1,1.0000,100.00,1,0,1
2626,9578,endure,0.215859,0.238473,0.226884,0.000102372,0.000069097,1,1.0000,100.00,0,1,1
2627,5193,ceiling,0.453451,0.113363,0.226725,0.000251266,0.000044653,1,1.0000,100.00,0,1,1
2628,7360,midst,0.313363,0.163877,0.226612,0.000154843,0.000052463,1,1.0000,100.00,1,0,1
2629,12038,rift,0.132159,0.387372,0.226262,0.000072494,0.000114768,1,1.0000,100.00,1,0,1
2630,5630,adaptation,0.419677,0.121880,0.226164,0.000224104,0.000045669,1,1.0000,100.00,0,1,1
2631,6640,configuration,0.353304,0.144493,0.225943,0.000178272,0.000048897,1,1.0000,100.00,0,1,1
2632,1925,moon,0.735095,0.069310,0.225720,0.000891326,0.000038031,1,1.0000,100.00,0,1,1
2633,14034,robe,0.089868,0.563877,0.225110,0.000056194,0.000223093,3,1.3333,66.67,2,2,4
2634,3057,uncle,0.619677,0.081645,0.224930,0.000512710,0.000039726,1,1.0000,100.00,0,1,1
2635,11576,watt,0.144493,0.348899,0.224530,0.000077588,0.000102372,1,1.0000,100.00,0,1,1
2636,7811,lawsuit,0.285463,0.176505,0.224467,0.000141261,0.000055010,1,1.0000,100.00,0,1,1
2637,13147,blond,0.108076,0.464611,0.224084,0.000061628,0.000151277,1,1.0000,100.00,0,1,1
2638,10718,node,0.174156,0.288106,0.223998,0.000087096,0.000083189,1,1.0000,100.00,0,1,1
2639,9977,vine,0.203231,0.245228,0.223244,0.000097623,0.000070797,1,1.0000,100.00,0,1,1
2640,3979,manual,0.531865,0.093686,0.223222,0.000363330,0.000041596,1,1.0000,100.00,0,1,1
2641,7486,pond,0.303965,0.163583,0.222988,0.000151277,0.000052463,1,1.0000,100.00,0,1,1
2642,11843,invade,0.138620,0.358003,0.222770,0.000074196,0.000104754,1,1.0000,100.00,0,1,1
2643,7951,nationalist,0.281057,0.176211,0.222543,0.000138035,0.000055010,1,1.0000,100.00,0,1,1
2644,11478,feather,0.147724,0.334508,0.222295,0.000077588,0.000097623,1,1.0000,100.00,0,1,1
2645,10914,spear,0.167695,0.294567,0.222255,0.000085056,0.000085056,1,1.0000,100.00,0,1,1
2646,7529,bump,0.300734,0.163289,0.221600,0.000147881,0.000052463,1,1.0000,100.00,0,1,1
2647,10842,herb,0.169750,0.287812,0.221034,0.000085056,0.000083189,1,1.0000,100.00,0,1,1
2648,13264,rib,0.105433,0.462849,0.220906,0.000061628,0.000149742,2,1.0000,100.00,1,1,2
2649,11909,terminate,0.136270,0.357709,0.220783,0.000074196,0.000104754,1,1.0000,100.00,0,1,1
2650,7760,bundle,0.287518,0.169163,0.220539,0.000141261,0.000053652,1,1.0000,100.00,0,1,1
2651,7372,pierce,0.311601,0.155947,0.220439,0.000154843,0.000051270,1,1.0000,100.00,0,1,1
2652,7770,corridor,0.287225,0.168869,0.220235,0.000141261,0.000053652,1,1.0000,100.00,0,1,1
2653,11134,correspond,0.160940,0.301322,0.220215,0.000081322,0.000087096,1,1.0000,100.00,0,1,1
2654,6988,extract,0.335683,0.144200,0.220012,0.000165871,0.000048897,1,1.0000,100.00,0,1,1
2655,6312,transform,0.374449,0.128928,0.219720,0.000195236,0.000046689,1,1.0000,100.00,0,1,1
2656,9114,adviser,0.233186,0.206461,0.219417,0.000109674,0.000060269,1,1.0000,100.00,0,1,1
2657,13457,sanction,0.101028,0.476358,0.219375,0.000060269,0.000158398,1,1.0000,100.00,0,1,1
2658,8418,flavor,0.258150,0.186197,0.219241,0.000125802,0.000056194,1,1.0000,100.00,0,1,1
2659,6341,civilization,0.372981,0.128634,0.219039,0.000190149,0.000046689,1,1.0000,100.00,0,1,1
2660,11731,trustee,0.140382,0.341557,0.218971,0.000075892,0.000099994,1,1.0000,100.00,0,1,1
2661,8165,flu,0.271953,0.175918,0.218727,0.000131751,0.000055010,1,1.0000,100.00,0,1,1
2662,9404,broker,0.223789,0.211454,0.217534,0.000104754,0.000061628,1,1.0000,100.00,0,1,1
2663,7967,puzzle,0.280176,0.168576,0.217327,0.000138035,0.000053652,1,1.0000,100.00,0,1,1
2664,5299,cabin,0.446696,0.105727,0.217320,0.000246167,0.000043633,1,1.0000,100.00,0,1,1
2665,7105,injection,0.328047,0.143906,0.217274,0.000162132,0.000048897,1,1.0000,100.00,0,1,1
2666,14973,imitation,0.071366,0.661087,0.217207,0.000050084,0.000336674,2,1.5000,100.00,1,1,2
2667,13387,induce,0.103084,0.456975,0.217041,0.000060269,0.000147881,1,1.0000,100.00,0,1,1
2668,7517,ankle,0.302203,0.155653,0.216884,0.000147881,0.000051270,1,1.0000,100.00,0,1,1
2669,3473,fleet,0.577093,0.081351,0.216673,0.000436335,0.000039726,1,1.0000,100.00,0,1,1
2670,16263,rink,0.051689,0.904552,0.216229,0.000043633,0.001914033,3,1.3333,100.00,2,1,3
2671,12128,commence,0.130690,0.357416,0.216127,0.000070797,0.000104754,1,1.0000,100.00,0,1,1
2672,12216,practitioner,0.127460,0.365345,0.215793,0.000070797,0.000107127,1,1.0000,100.00,0,1,1
2673,2994,lands,0.626432,0.074009,0.215317,0.000524587,0.000038877,1,1.0000,100.00,1,0,1
2674,10649,contributor,0.176799,0.261087,0.214848,0.000087096,0.000075892,1,1.0000,100.00,0,1,1
2675,9739,flora,0.210866,0.218502,0.214650,0.000099994,0.000063156,1,1.0000,100.00,0,1,1
2676,8354,spouse,0.261674,0.175624,0.214374,0.000128858,0.000055010,1,1.0000,100.00,0,1,1
2677,9465,lowering,0.222320,0.206167,0.214091,0.000104754,0.000060269,1,1.0000,100.00,1,0,1
2678,4561,lakes,0.490749,0.093392,0.214084,0.000302206,0.000041596,1,1.0000,100.00,1,0,1
2679,8987,villain,0.237885,0.192658,0.214081,0.000114768,0.000057553,1,1.0000,100.00,0,1,1
2680,9944,prom,0.204405,0.223789,0.213877,0.000097623,0.000064516,1,1.0000,100.00,0,1,1
2681,10699,knot,0.175037,0.260793,0.213655,0.000087096,0.000075892,1,1.0000,100.00,0,1,1
2682,11291,diploma,0.155066,0.294273,0.213616,0.000079457,0.000085056,1,1.0000,100.00,0,1,1
2683,6629,bucket,0.355066,0.128341,0.213470,0.000178272,0.000046689,1,1.0000,100.00,0,1,1
2684,15243,rites,0.066960,0.679295,0.213274,0.000048897,0.000371820,1,1.0000,100.00,1,0,1
2685,5908,visa,0.400294,0.113069,0.212746,0.000213922,0.000044653,1,1.0000,100.00,0,1,1
2686,11559,tile,0.145374,0.310720,0.212534,0.000077588,0.000089131,1,1.0000,100.00,0,1,1
2687,6703,realm,0.350661,0.128047,0.211899,0.000178272,0.000046689,1,1.0000,100.00,0,1,1
2688,15587,mounts,0.061087,0.733627,0.211695,0.000046689,0.000488975,1,1.0000,100.00,1,0,1
2689,5264,rolls,0.448458,0.099853,0.211613,0.000251266,0.000042615,1,1.0000,100.00,1,0,1
2690,11195,pillar,0.158884,0.281645,0.211539,0.000081322,0.000081322,1,1.0000,100.00,0,1,1
2691,13838,sibling,0.092511,0.483407,0.211472,0.000057553,0.000162132,1,1.0000,100.00,0,1,1
2692,9929,packet,0.204699,0.218209,0.211346,0.000097623,0.000063156,1,1.0000,100.00,0,1,1
2693,11043,prop,0.163289,0.272834,0.211071,0.000083189,0.000079457,1,1.0000,100.00,0,1,1
2694,5280,twist,0.447283,0.099559,0.211024,0.000251266,0.000042615,1,1.0000,100.00,0,1,1
2695,13198,grin,0.106608,0.416153,0.210630,0.000061628,0.000125802,1,1.0000,100.00,0,1,1
2696,6747,cannon,0.346843,0.127753,0.210500,0.000173176,0.000046689,1,1.0000,100.00,0,1,1
2697,500,main,0.919236,0.048164,0.210415,0.003242859,0.000035485,1,1.0000,100.00,0,1,1
2698,13880,ancestor,0.091630,0.483113,0.210399,0.000056194,0.000162132,1,1.0000,100.00,0,1,1
2699,7854,simulation,0.284288,0.155360,0.210159,0.000141261,0.000051270,1,1.0000,100.00,0,1,1
2700,12892,rams,0.112188,0.392658,0.209884,0.000064516,0.000117485,1,1.0000,100.00,1,0,1
2701,10575,raven,0.179736,0.244934,0.209817,0.000089131,0.000070797,1,1.0000,100.00,0,1,1
2702,11923,accomplishment,0.135977,0.323054,0.209590,0.000072494,0.000093374,1,1.0000,100.00,0,1,1
2703,5681,jam,0.415859,0.105433,0.209393,0.000224104,0.000043633,1,1.0000,100.00,0,1,1
2704,14784,ions,0.074890,0.585316,0.209366,0.000051270,0.000239394,1,1.0000,100.00,1,0,1
2705,12440,applicant,0.122173,0.357122,0.208880,0.000067573,0.000104754,1,1.0000,100.00,0,1,1
2706,10707,manipulate,0.174449,0.249927,0.208805,0.000087096,0.000072494,1,1.0000,100.00,0,1,1
2707,7716,spike,0.290455,0.149780,0.208577,0.000144476,0.000050084,1,1.0000,100.00,0,1,1
2708,9108,venues,0.233774,0.185903,0.208469,0.000112226,0.000056194,1,1.0000,100.00,1,0,1
2709,16630,goo,0.044053,0.986197,0.208434,0.000041596,0.023242974,2,1.5000,100.00,0,2,2
2710,4972,shed,0.465786,0.093098,0.208240,0.000268248,0.000041596,1,1.0000,100.00,0,1,1
2711,7732,touchdown,0.288987,0.149486,0.207845,0.000144476,0.000050084,1,1.0000,100.00,0,1,1
2712,9133,cocktail,0.232599,0.185609,0.207780,0.000109674,0.000056194,1,1.0000,100.00,0,1,1
2713,11608,commentator,0.143319,0.301028,0.207709,0.000075892,0.000087096,1,1.0000,100.00,0,1,1
2714,12933,advertise,0.111307,0.386197,0.207332,0.000063156,0.000114087,2,1.0000,100.00,0,2,2
2715,13895,calorie,0.091336,0.469604,0.207103,0.000056194,0.000154843,1,1.0000,100.00,0,1,1
2716,12651,flaw,0.117474,0.365051,0.207085,0.000066043,0.000107127,1,1.0000,100.00,0,1,1
2717,8848,tumor,0.243172,0.175330,0.206483,0.000117485,0.000055010,1,1.0000,100.00,0,1,1
2718,10605,thigh,0.178855,0.238179,0.206396,0.000089131,0.000069097,1,1.0000,100.00,0,1,1
2719,9489,psychologist,0.221145,0.192364,0.206253,0.000104754,0.000057553,1,1.0000,100.00,0,1,1
2720,11046,pros,0.162996,0.260499,0.206059,0.000083189,0.000075892,1,1.0000,100.00,0,1,1
2721,7400,tomb,0.310426,0.136564,0.205895,0.000154843,0.000047876,1,1.0000,100.00,0,1,1
2722,3120,aged,0.613803,0.069016,0.205821,0.000488975,0.000038031,1,1.0000,100.00,1,0,1
2723,8574,pharmaceutical,0.251689,0.168282,0.205802,0.000122917,0.000053652,1,1.0000,100.00,0,1,1
2724,5188,auction,0.454332,0.092805,0.205339,0.000251266,0.000041596,1,1.0000,100.00,0,1,1
2725,7427,capitalist,0.308370,0.136270,0.204992,0.000151277,0.000047876,1,1.0000,100.00,0,1,1
2726,11952,concession,0.134802,0.310426,0.204563,0.000072494,0.000089131,1,1.0000,100.00,0,1,1
2727,7694,pistol,0.291336,0.143612,0.204547,0.000144476,0.000048897,1,1.0000,100.00,0,1,1
2728,14604,mash,0.078708,0.531278,0.204489,0.000052463,0.000195236,1,1.0000,100.00,1,0,1
2729,8245,squeeze,0.269310,0.155066,0.204355,0.000131751,0.000051270,1,1.0000,100.00,0,1,1
2730,6832,span,0.343319,0.121586,0.204310,0.000173176,0.000045669,1,1.0000,100.00,0,1,1
2731,4222,blast,0.514831,0.081057,0.204281,0.000331064,0.000039726,1,1.0000,100.00,0,1,1
2732,16065,sham,0.055213,0.753010,0.203902,0.000044653,0.000550051,1,1.0000,100.00,0,1,1
2733,12582,troll,0.119236,0.347430,0.203535,0.000067573,0.000100168,2,1.0000,100.00,1,1,2
2734,10174,disguise,0.195888,0.211160,0.203381,0.000093374,0.000061628,1,1.0000,100.00,0,1,1
2735,8004,automobile,0.277239,0.149192,0.203376,0.000134802,0.000050084,1,1.0000,100.00,0,1,1
2736,8758,composer,0.245815,0.167988,0.203209,0.000117485,0.000053652,1,1.0000,100.00,0,1,1
2737,13584,inmate,0.099266,0.415859,0.203176,0.000058910,0.000125802,1,1.0000,100.00,0,1,1
2738,6909,occurrence,0.340088,0.121292,0.203101,0.000169781,0.000045669,1,1.0000,100.00,0,1,1
2739,12037,riches,0.132452,0.310132,0.202676,0.000072494,0.000089131,1,1.0000,100.00,0,1,1
2740,6499,warehouse,0.363877,0.112775,0.202574,0.000186757,0.000044653,1,1.0000,100.00,0,1,1
2741,11540,revive,0.145668,0.281351,0.202445,0.000077588,0.000081322,1,1.0000,100.00,0,1,1
2742,9629,murderer,0.213216,0.192070,0.202367,0.000102372,0.000057553,1,1.0000,100.00,0,1,1
2743,6940,stack,0.338032,0.120999,0.202241,0.000169781,0.000045669,1,1.0000,100.00,0,1,1
2744,6507,accommodation,0.363289,0.112482,0.202147,0.000181655,0.000044653,1,1.0000,100.00,0,1,1
2745,11170,jewel,0.160059,0.255213,0.202111,0.000081322,0.000074196,1,1.0000,100.00,0,1,1
2746,5732,amateur,0.411454,0.099266,0.202097,0.000219009,0.000042615,1,1.0000,100.00,0,1,1
2747,12621,cons,0.118355,0.341263,0.200973,0.000066043,0.000099994,1,1.0000,100.00,1,0,1
2748,13927,dissolve,0.090455,0.443172,0.200218,0.000056194,0.000141261,1,1.0000,100.00,0,1,1
2749,12232,shove,0.127166,0.315125,0.200183,0.000070797,0.000090491,2,1.0000,100.00,0,2,2
2750,10310,cans,0.190015,0.210866,0.200169,0.000091169,0.000061628,1,1.0000,100.00,1,0,1
2751,4476,collaboration,0.495154,0.080764,0.199976,0.000308991,0.000039726,1,1.0000,100.00,0,1,1
2752,16191,harp,0.054038,0.738032,0.199705,0.000043633,0.000500852,1,1.0000,100.00,1,0,1
2753,13300,witches,0.104846,0.380029,0.199611,0.000061628,0.000112226,1,1.0000,100.00,1,0,1
2754,10616,whisper,0.177974,0.223495,0.199440,0.000089131,0.000064516,1,1.0000,100.00,0,1,1
2755,6644,coup,0.352717,0.112188,0.198923,0.000178272,0.000044653,1,1.0000,100.00,0,1,1
2756,7714,sneak,0.290749,0.135977,0.198834,0.000144476,0.000047876,1,1.0000,100.00,0,1,1
2757,5567,franchise,0.425551,0.092511,0.198414,0.000229204,0.000041596,1,1.0000,100.00,0,1,1
2758,11992,laps,0.134214,0.293098,0.198338,0.000072494,0.000083362,2,1.0000,100.00,1,1,2
2759,14362,dun,0.083700,0.467841,0.197885,0.000053652,0.000154158,4,1.2500,100.00,0,4,4
2760,6367,grip,0.371806,0.105140,0.197716,0.000190149,0.000043633,1,1.0000,100.00,0,1,1
2761,8572,peanut,0.251982,0.154772,0.197484,0.000122917,0.000051270,1,1.0000,100.00,0,1,1
2762,7774,demographic,0.286931,0.135683,0.197311,0.000141261,0.000047876,1,1.0000,100.00,0,1,1
2763,140,used,0.974156,0.039941,0.197254,0.011221766,0.000034633,1,1.0000,100.00,1,0,1
2764,4095,departure,0.524816,0.073715,0.196690,0.000346336,0.000038877,1,1.0000,100.00,0,1,1
2765,9820,textile,0.208517,0.185316,0.196574,0.000099994,0.000056194,1,1.0000,100.00,0,1,1
2766,16879,resent,0.040822,0.940382,0.195930,0.000040748,0.003410678,2,1.5000,100.00,1,1,2
2767,11335,memoir,0.153598,0.249633,0.195814,0.000079457,0.000072494,1,1.0000,100.00,0,1,1
2768,11610,constituent,0.143025,0.267841,0.195724,0.000075892,0.000077588,1,1.0000,100.00,0,1,1
2769,6853,anchor,0.342144,0.111894,0.195663,0.000169781,0.000044653,1,1.0000,100.00,0,1,1
2770,6113,skull,0.386490,0.098972,0.195581,0.000203733,0.000042615,1,1.0000,100.00,0,1,1
2771,7305,bicycle,0.316593,0.120705,0.195485,0.000154843,0.000045669,1,1.0000,100.00,0,1,1
2772,3712,desk,0.555947,0.068722,0.195464,0.000397268,0.000038031,1,1.0000,100.00,0,1,1
2773,15512,cub,0.061968,0.615859,0.195354,0.000046689,0.000270286,3,1.3333,100.00,0,3,3
2774,14193,lush,0.086050,0.442584,0.195152,0.000055010,0.000141253,2,1.0000,100.00,2,0,2
2775,12261,aide,0.126285,0.300734,0.194880,0.000069097,0.000087096,1,1.0000,100.00,0,1,1
2776,7963,probe,0.280470,0.135389,0.194866,0.000138035,0.000047876,1,1.0000,100.00,0,1,1
2777,7576,linguistic,0.297504,0.127460,0.194730,0.000147881,0.000046689,1,1.0000,100.00,0,1,1
2778,13754,hicks,0.093979,0.402937,0.194596,0.000057553,0.000120206,1,1.0000,100.00,1,0,1
2779,9174,landlord,0.232012,0.162996,0.194466,0.000109674,0.000052463,1,1.0000,100.00,0,1,1
2780,8833,stall,0.243759,0.154479,0.194051,0.000117485,0.000051270,1,1.0000,100.00,0,1,1
2781,10009,corpse,0.202643,0.185022,0.193632,0.000095413,0.000056194,1,1.0000,100.00,0,1,1
2782,13569,fragment,0.100441,0.372100,0.193323,0.000058910,0.000109674,1,1.0000,100.00,0,1,1
2783,12246,tang,0.126579,0.293979,0.192903,0.000070797,0.000085056,1,1.0000,100.00,0,1,1
2784,10945,waits,0.166226,0.223201,0.192618,0.000085056,0.000064516,1,1.0000,100.00,1,0,1
2785,13443,raced,0.101615,0.364758,0.192523,0.000060269,0.000107127,1,1.0000,100.00,1,0,1
2786,8680,parked,0.248752,0.148899,0.192455,0.000120206,0.000050084,1,1.0000,100.00,1,0,1
2787,16242,pear,0.052276,0.704258,0.191875,0.000043633,0.000423765,4,1.5000,100.00,1,3,4
2788,10705,magistrate,0.174743,0.210573,0.191823,0.000087096,0.000061628,1,1.0000,100.00,0,1,1
2789,10973,chronicle,0.165051,0.222907,0.191810,0.000083189,0.000064516,1,1.0000,100.00,0,1,1
2790,5932,cage,0.398825,0.092217,0.191777,0.000208828,0.000041596,1,1.0000,100.00,0,1,1
2791,6365,fold,0.372100,0.098678,0.191620,0.000190149,0.000042615,1,1.0000,100.00,0,1,1
2792,14570,foreigner,0.079001,0.464317,0.191525,0.000052463,0.000151277,1,1.0000,100.00,0,1,1
2793,6717,successor,0.349486,0.104846,0.191421,0.000178272,0.000043633,1,1.0000,100.00,0,1,1
2794,14196,miner,0.085756,0.425551,0.191033,0.000055010,0.000131751,1,1.0000,100.00,0,1,1
2795,8487,wagon,0.254626,0.143319,0.191030,0.000125802,0.000048897,1,1.0000,100.00,0,1,1
2796,12749,viking,0.115419,0.316006,0.190979,0.000066043,0.000091169,1,1.0000,100.00,0,1,1
2797,7789,fare,0.286050,0.127166,0.190724,0.000141261,0.000046689,1,1.0000,100.00,0,1,1
2798,14462,ripping,0.080470,0.449927,0.190278,0.000053652,0.000141768,3,1.3333,100.00,3,0,3
2799,6813,prescription,0.344493,0.104552,0.189783,0.000173176,0.000043633,1,1.0000,100.00,0,1,1
2800,6478,ordering,0.365345,0.098385,0.189590,0.000186757,0.000042615,1,1.0000,100.00,1,0,1
2801,8309,lending,0.265492,0.135095,0.189385,0.000128858,0.000047876,1,1.0000,100.00,1,0,1
2802,11344,needles,0.153304,0.233774,0.189310,0.000079457,0.000067573,1,1.0000,100.00,0,1,1
2803,11346,nun,0.153010,0.233480,0.189010,0.000079457,0.000067573,1,1.0000,100.00,0,1,1
2804,11636,greeting,0.142438,0.249339,0.188455,0.000075892,0.000072494,1,1.0000,100.00,0,1,1
2805,12629,dictate,0.117768,0.299853,0.187918,0.000066043,0.000086928,2,1.0000,100.00,0,2,2
2806,13165,comrade,0.106902,0.328634,0.187434,0.000061628,0.000095413,1,1.0000,100.00,0,1,1
2807,8794,metric,0.245521,0.143025,0.187392,0.000117485,0.000048897,1,1.0000,100.00,0,1,1
2808,14761,expire,0.075771,0.463436,0.187390,0.000051270,0.000150422,2,1.0000,100.00,0,2,2
2809,16638,hopping,0.043759,0.802349,0.187377,0.000041596,0.000725613,2,1.0000,100.00,2,0,2
2810,8075,plague,0.274302,0.126872,0.186551,0.000134802,0.000046689,1,1.0000,100.00,0,1,1
2811,7378,regiment,0.311013,0.111601,0.186304,0.000154843,0.000044653,1,1.0000,100.00,0,1,1
2812,5883,olive,0.401762,0.086050,0.185934,0.000213922,0.000040748,1,1.0000,100.00,0,1,1
2813,7777,dislike,0.286637,0.120411,0.185780,0.000141261,0.000045669,1,1.0000,100.00,0,1,1
2814,17198,ax,0.036123,0.950954,0.185342,0.000038877,0.004396558,10,1.6000,100.00,6,4,10
2815,10430,scent,0.185903,0.184728,0.185315,0.000091169,0.000056194,1,1.0000,100.00,1,0,1
2816,10768,tariff,0.172687,0.198825,0.185296,0.000087096,0.000058910,1,1.0000,100.00,0,1,1
2817,4402,edit,0.500147,0.068429,0.184998,0.000315800,0.000038031,1,1.0000,100.00,0,1,1
2818,13869,accumulate,0.091924,0.371806,0.184872,0.000056194,0.000109674,1,1.0000,100.00,0,1,1
2819,11270,bulb,0.156241,0.217915,0.184519,0.000079457,0.000063156,1,1.0000,100.00,0,1,1
2820,14135,endorse,0.087812,0.387078,0.184364,0.000055010,0.000114768,1,1.0000,100.00,0,1,1
2821,7503,subscription,0.302790,0.111307,0.183583,0.000151277,0.000044653,1,1.0000,100.00,0,1,1
2822,14085,apes,0.088693,0.379736,0.183521,0.000055010,0.000112226,1,1.0000,100.00,1,0,1
2823,6033,withdrawal,0.391777,0.085756,0.183296,0.000208828,0.000040748,1,1.0000,100.00,0,1,1
2824,3107,silence,0.615272,0.054332,0.182836,0.000500852,0.000036332,1,1.0000,100.00,0,1,1
2825,7989,traits,0.278120,0.120117,0.182776,0.000138035,0.000045669,1,1.0000,100.00,1,0,1
2826,8731,yell,0.246696,0.134802,0.182360,0.000120206,0.000047876,1,1.0000,100.00,0,1,1
2827,11434,await,0.149192,0.222614,0.182242,0.000077588,0.000064516,1,1.0000,100.00,0,1,1
2828,12751,vow,0.115125,0.287518,0.181935,0.000066043,0.000083189,1,1.0000,100.00,0,1,1
2829,10327,cue,0.188840,0.175037,0.181807,0.000091169,0.000055010,1,1.0000,100.00,0,1,1
2830,7307,bounce,0.316006,0.104258,0.181511,0.000154843,0.000043633,1,1.0000,100.00,0,1,1
2831,11856,mutation,0.138032,0.237885,0.181207,0.000074196,0.000069097,1,1.0000,100.00,0,1,1
2832,9502,scroll,0.219383,0.148605,0.180559,0.000104754,0.000050084,1,1.0000,100.00,0,1,1
2833,7058,wrist,0.331278,0.098091,0.180265,0.000165871,0.000042615,1,1.0000,100.00,0,1,1
2834,12804,dispose,0.113069,0.287225,0.180212,0.000064516,0.000083189,1,1.0000,100.00,0,1,1
2835,5342,migration,0.442291,0.073421,0.180204,0.000246167,0.000038877,1,1.0000,100.00,1,0,1
2836,16583,cores,0.044934,0.718355,0.179662,0.000041596,0.000456693,1,1.0000,100.00,1,0,1
2837,16675,oats,0.043465,0.740675,0.179426,0.000041596,0.000503216,3,1.0000,100.00,3,0,3
2838,3286,loose,0.594714,0.054038,0.179269,0.000466898,0.000036332,1,1.0000,100.00,0,1,1
2839,16405,froze,0.047871,0.670485,0.179155,0.000042615,0.000354820,1,1.0000,100.00,0,1,1
2840,12130,condom,0.130396,0.244640,0.178606,0.000070797,0.000070797,1,1.0000,100.00,0,1,1
2841,11296,falcon,0.154772,0.205874,0.178504,0.000079457,0.000060269,1,1.0000,100.00,0,1,1
2842,7476,merger,0.305140,0.103965,0.178112,0.000151277,0.000043633,1,1.0000,100.00,0,1,1
2843,15399,prescribe,0.063436,0.497797,0.177703,0.000047876,0.000169781,1,1.0000,100.00,0,1,1
2844,6042,carpet,0.390602,0.080470,0.177290,0.000203733,0.000039726,1,1.0000,100.00,0,1,1
2845,5065,taxi,0.461087,0.068135,0.177246,0.000263146,0.000038031,1,1.0000,100.00,0,1,1
2846,9164,grove,0.232305,0.134508,0.176768,0.000109674,0.000047876,1,1.0000,100.00,0,1,1
2847,16792,eater,0.041997,0.743319,0.176684,0.000040748,0.000514583,3,2.0000,100.00,2,1,3
2848,15920,characterize,0.057562,0.541850,0.176607,0.000044653,0.000203733,1,1.0000,100.00,0,1,1
2849,12550,provoke,0.119824,0.260206,0.176575,0.000067573,0.000075892,1,1.0000,100.00,0,1,1
2850,16600,diver,0.044347,0.702496,0.176503,0.000041596,0.000416292,3,1.3333,100.00,0,3,3
2851,10884,plantation,0.168869,0.184435,0.176480,0.000085056,0.000056194,1,1.0000,100.00,0,1,1
2852,12688,mushroom,0.116300,0.267548,0.176396,0.000066043,0.000077588,1,1.0000,100.00,0,1,1
2853,3465,desert,0.578267,0.053744,0.176291,0.000436335,0.000036332,1,1.0000,100.00,0,1,1
2854,17511,fro,0.030837,0.994126,0.175088,0.000038031,0.072734397,4,1.2500,100.00,1,3,4
2855,15881,weep,0.058150,0.525110,0.174743,0.000045669,0.000188458,2,1.5000,100.00,1,1,2
2856,11458,cosmetic,0.148311,0.205580,0.174613,0.000077588,0.000060269,1,1.0000,100.00,0,1,1
2857,14084,antibiotic,0.088987,0.340969,0.174189,0.000055010,0.000099994,1,1.0000,100.00,0,1,1
2858,386,wrong,0.938032,0.032305,0.174079,0.004074529,0.000033954,1,1.0000,100.00,0,1,1
2859,11825,gee,0.139207,0.217621,0.174053,0.000074196,0.000063156,1,1.0000,100.00,0,1,1
2860,11485,funk,0.147430,0.205286,0.173970,0.000077588,0.000060269,1,1.0000,100.00,0,1,1
2861,12168,gallon,0.129222,0.233186,0.173588,0.000070797,0.000067573,1,1.0000,100.00,0,1,1
2862,15927,compile,0.057269,0.524229,0.173268,0.000044653,0.000187091,2,1.0000,100.00,0,2,2
2863,11539,reside,0.145962,0.204993,0.172977,0.000077588,0.000060269,1,1.0000,100.00,0,1,1
2864,9790,pins,0.209398,0.142731,0.172880,0.000099994,0.000048897,1,1.0000,100.00,1,0,1
2865,8247,subscribe,0.269016,0.111013,0.172813,0.000131751,0.000044653,1,1.0000,100.00,0,1,1
2866,12290,discourage,0.125404,0.237592,0.172612,0.000069097,0.000069097,1,1.0000,100.00,0,1,1
2867,17372,rowing,0.033774,0.881351,0.172530,0.000038877,0.001380237,1,1.0000,100.00,1,0,1
2868,13842,spectator,0.092217,0.322761,0.172523,0.000057553,0.000093374,1,1.0000,100.00,0,1,1
2869,4538,conversion,0.491336,0.060499,0.172411,0.000302206,0.000037181,1,1.0000,100.00,0,1,1
2870,3083,hunt,0.617915,0.047871,0.171989,0.000500852,0.000035485,1,1.0000,100.00,0,1,1
2871,7821,mosque,0.285169,0.103671,0.171941,0.000141261,0.000043633,1,1.0000,100.00,0,1,1
2872,3761,virgin,0.550954,0.053451,0.171607,0.000397268,0.000036332,1,1.0000,100.00,0,1,1
2873,15327,condo,0.065198,0.449633,0.171217,0.000047876,0.000141593,2,1.5000,100.00,0,2,2
2874,6497,trunk,0.364170,0.080176,0.170874,0.000186757,0.000039726,1,1.0000,100.00,0,1,1
2875,14553,disciple,0.079295,0.364464,0.170001,0.000052463,0.000107127,1,1.0000,100.00,0,1,1
2876,12379,prostitute,0.123642,0.232893,0.169692,0.000069097,0.000067573,1,1.0000,100.00,0,1,1
2877,8391,clown,0.259912,0.110720,0.169639,0.000125802,0.000044653,1,1.0000,100.00,0,1,1
2878,6964,cart,0.336564,0.085463,0.169598,0.000165871,0.000040748,1,1.0000,100.00,0,1,1
2879,12055,sticker,0.131571,0.217327,0.169098,0.000072494,0.000063156,1,1.0000,100.00,0,1,1
2880,6616,widow,0.355653,0.079883,0.168554,0.000181655,0.000039726,1,1.0000,100.00,0,1,1
2881,16329,authorize,0.050220,0.564464,0.168367,0.000042615,0.000224104,1,1.0000,100.00,0,1,1
2882,6097,plug,0.387372,0.073128,0.168308,0.000203733,0.000038877,1,1.0000,100.00,0,1,1
2883,3972,funeral,0.532746,0.053157,0.168283,0.000363330,0.000036332,1,1.0000,100.00,0,1,1
2884,15226,psych,0.067254,0.420852,0.168238,0.000048897,0.000128857,2,1.0000,100.00,0,2,2
2885,15943,diagnose,0.056681,0.497504,0.167926,0.000044653,0.000169781,1,1.0000,100.00,0,1,1
2886,8164,fist,0.272247,0.103377,0.167762,0.000131751,0.000043633,1,1.0000,100.00,0,1,1
2887,10918,stoke,0.167401,0.167695,0.167548,0.000085056,0.000053652,1,1.0000,100.00,0,1,1
2888,12174,hacker,0.128928,0.217034,0.167277,0.000070797,0.000063156,1,1.0000,100.00,0,1,1
2889,12785,colt,0.114244,0.244347,0.167078,0.000064516,0.000070797,1,1.0000,100.00,0,1,1
2890,16598,disable,0.044640,0.625257,0.167068,0.000041596,0.000288620,1,1.0000,100.00,0,1,1
2891,3400,chocolate,0.585022,0.047577,0.166834,0.000446532,0.000035485,1,1.0000,100.00,0,1,1
2892,11732,turbine,0.140088,0.198532,0.166769,0.000075892,0.000058910,1,1.0000,100.00,0,1,1
2893,10805,choke,0.170925,0.162702,0.166763,0.000085056,0.000052463,1,1.0000,100.00,0,1,1
2894,6203,scandal,0.381204,0.072834,0.166627,0.000198643,0.000038877,1,1.0000,100.00,0,1,1
2895,8258,workout,0.268135,0.103084,0.166254,0.000131751,0.000043633,1,1.0000,100.00,0,1,1
2896,6753,clerk,0.346256,0.079589,0.166006,0.000173176,0.000039726,1,1.0000,100.00,0,1,1
2897,16828,ledge,0.041410,0.665198,0.165969,0.000040748,0.000340579,5,1.4000,100.00,2,3,5
2898,8682,pillow,0.248458,0.110426,0.165639,0.000120206,0.000044653,1,1.0000,100.00,0,1,1
2899,5180,woke,0.454919,0.060206,0.165495,0.000256367,0.000037181,1,1.0000,100.00,0,1,1
2900,14191,listener,0.086344,0.315712,0.165105,0.000055010,0.000091169,1,1.0000,100.00,0,1,1
2901,3515,comfort,0.573862,0.047283,0.164724,0.000426158,0.000035485,1,1.0000,100.00,0,1,1
2902,10304,boxer,0.190308,0.142438,0.164642,0.000091169,0.000048897,1,1.0000,100.00,0,1,1
2903,12977,dim,0.111013,0.244053,0.164600,0.000063156,0.000070797,1,1.0000,100.00,0,1,1
2904,17316,lowers,0.034361,0.786490,0.164392,0.000038877,0.000660443,1,1.0000,100.00,1,0,1
2905,7638,carriage,0.293979,0.091924,0.164389,0.000144476,0.000041596,1,1.0000,100.00,0,1,1
2906,16215,licking,0.052863,0.510426,0.164265,0.000043633,0.000178272,1,1.0000,100.00,1,0,1
2907,2420,latter,0.680470,0.039648,0.164253,0.000675741,0.000034633,1,1.0000,100.00,1,0,1
2908,16726,topping,0.042291,0.637592,0.164208,0.000041596,0.000302206,1,1.0000,100.00,1,0,1
2909,13154,carrot,0.107783,0.249046,0.163838,0.000061628,0.000072494,1,1.0000,100.00,0,1,1
2910,12110,blogger,0.130984,0.204699,0.163744,0.000070797,0.000060269,1,1.0000,100.00,0,1,1
2911,13809,pies,0.093392,0.286931,0.163698,0.000057553,0.000083189,1,1.0000,100.00,1,0,1
2912,5975,hybrid,0.394714,0.067841,0.163640,0.000208828,0.000038031,1,1.0000,100.00,0,1,1
2913,8108,vector,0.273421,0.097797,0.163523,0.000134802,0.000042615,1,1.0000,100.00,0,1,1
2914,12755,adolescent,0.114831,0.230250,0.162603,0.000064516,0.000066043,1,1.0000,100.00,0,1,1
2915,5380,awake,0.438179,0.059912,0.162025,0.000239394,0.000037181,1,1.0000,100.00,0,1,1
2916,10181,dwelling,0.195595,0.134214,0.162024,0.000093374,0.000047876,1,1.0000,100.00,0,1,1
2917,38,if,0.990896,0.026432,0.161837,0.050081680,0.000033106,1,1.0000,100.00,0,1,1
2918,13567,flyer,0.100734,0.259912,0.161809,0.000058910,0.000075892,1,1.0000,100.00,0,1,1
2919,15328,consolidate,0.064905,0.402643,0.161658,0.000047876,0.000120206,1,1.0000,100.00,0,1,1
2920,6133,axis,0.385609,0.067548,0.161391,0.000198643,0.000038031,1,1.0000,100.00,1,0,1
2921,13724,cyclist,0.095154,0.272540,0.161038,0.000057553,0.000079457,1,1.0000,100.00,0,1,1
2922,8310,liar,0.265198,0.097504,0.160804,0.000128858,0.000042615,1,1.0000,100.00,0,1,1
2923,7194,congregation,0.322761,0.079295,0.159979,0.000158398,0.000039726,1,1.0000,100.00,0,1,1
2924,7550,fraction,0.299266,0.085169,0.159650,0.000147881,0.000040748,1,1.0000,100.00,0,1,1
2925,2807,blind,0.642584,0.039354,0.159023,0.000561949,0.000034633,1,1.0000,100.00,0,1,1
2926,2808,brief,0.642291,0.039060,0.158392,0.000561949,0.000034633,1,1.0000,100.00,0,1,1
2927,6358,doctrine,0.372394,0.067254,0.158256,0.000190149,0.000038031,1,1.0000,100.00,0,1,1
2928,8137,cleaner,0.273128,0.091630,0.158198,0.000131751,0.000041596,1,1.0000,100.00,0,1,1
2929,8435,jar,0.257269,0.097210,0.158143,0.000125802,0.000042615,1,1.0000,100.00,0,1,1
2930,8889,elbow,0.241703,0.102790,0.157622,0.000114768,0.000043633,1,1.0000,100.00,0,1,1
2931,8461,rapper,0.256094,0.096916,0.157543,0.000125802,0.000042615,1,1.0000,100.00,0,1,1
2932,8515,cube,0.253451,0.096623,0.156490,0.000122917,0.000042615,1,1.0000,100.00,0,1,1
2933,16486,robber,0.046109,0.529515,0.156254,0.000042615,0.000191165,2,1.0000,100.00,0,2,2
2934,16317,allegation,0.050514,0.482819,0.156170,0.000042615,0.000162132,1,1.0000,100.00,0,1,1
2935,10803,ceramic,0.171219,0.142144,0.156005,0.000085056,0.000048897,1,1.0000,100.00,0,1,1
2936,4203,throat,0.516887,0.046990,0.155847,0.000339546,0.000035485,1,1.0000,100.00,0,1,1
2937,10546,limbs,0.181204,0.133921,0.155779,0.000089131,0.000047876,1,1.0000,100.00,1,0,1
2938,7831,pencil,0.284875,0.084875,0.155495,0.000141261,0.000040748,1,1.0000,100.00,0,1,1
2939,5839,beard,0.404699,0.059618,0.155330,0.000213922,0.000037181,1,1.0000,100.00,0,1,1
2940,4214,arena,0.515419,0.046696,0.155139,0.000331064,0.000035485,1,1.0000,100.00,0,1,1
2941,3051,select,0.620264,0.038767,0.155066,0.000512710,0.000034633,1,1.0000,100.00,0,1,1
2942,15135,curl,0.069016,0.347724,0.154915,0.000048897,0.000100505,2,1.0000,100.00,0,2,2
2943,6584,pastor,0.357709,0.066960,0.154765,0.000181655,0.000038031,1,1.0000,100.00,0,1,1
2944,12500,hugs,0.120705,0.198238,0.154688,0.000067573,0.000058910,1,1.0000,100.00,1,0,1
2945,16046,respondent,0.055507,0.425257,0.153638,0.000044653,0.000131751,1,1.0000,100.00,0,1,1
2946,7195,consultation,0.322467,0.072540,0.152944,0.000158398,0.000038877,1,1.0000,100.00,0,1,1
2947,16370,decorate,0.049046,0.476065,0.152803,0.000042615,0.000158398,1,1.0000,100.00,0,1,1
2948,8103,texture,0.273715,0.084581,0.152155,0.000134802,0.000040748,1,1.0000,100.00,0,1,1
2949,10240,pier,0.192952,0.119824,0.152053,0.000093374,0.000045669,1,1.0000,100.00,0,1,1
2950,10268,strait,0.192070,0.119530,0.151520,0.000093374,0.000045669,1,1.0000,100.00,0,1,1
2951,6816,pulse,0.344200,0.066667,0.151482,0.000173176,0.000038031,1,1.0000,100.00,0,1,1
2952,14324,bun,0.084288,0.271072,0.151156,0.000053652,0.000079118,2,1.0000,100.00,0,2,2
2953,7758,brigade,0.287812,0.079001,0.150790,0.000141261,0.000039726,1,1.0000,100.00,0,1,1
2954,15861,tripped,0.058737,0.386784,0.150727,0.000045669,0.000114768,1,1.0000,100.00,1,0,1
2955,13337,charger,0.104258,0.216740,0.150323,0.000060269,0.000063156,1,1.0000,100.00,0,1,1
2956,18037,itch,0.025551,0.883994,0.150289,0.000036332,0.001434627,7,1.2857,100.00,6,1,7
2957,7784,elevator,0.286344,0.078708,0.150125,0.000141261,0.000039726,1,1.0000,100.00,0,1,1
2958,6297,savage,0.375624,0.059325,0.149277,0.000195236,0.000037181,1,1.0000,100.00,0,1,1
2959,11264,assassin,0.156828,0.141850,0.149151,0.000079457,0.000048897,1,1.0000,100.00,0,1,1
2960,11581,addict,0.144200,0.154185,0.149109,0.000075892,0.000051270,1,1.0000,100.00,0,1,1
2961,7922,fork,0.283113,0.078414,0.148997,0.000138035,0.000039726,1,1.0000,100.00,0,1,1
2962,16361,conceive,0.049927,0.442878,0.148699,0.000042615,0.000141261,1,1.0000,100.00,0,1,1
2963,11452,chord,0.148605,0.148311,0.148458,0.000077588,0.000050084,1,1.0000,100.00,0,1,1
2964,7943,lasts,0.281645,0.078120,0.148331,0.000138035,0.000039726,1,1.0000,100.00,1,0,1
2965,16559,bras,0.045228,0.482526,0.147728,0.000041596,0.000162132,1,1.0000,100.00,0,1,1
2966,6518,beg,0.362408,0.059031,0.146264,0.000181655,0.000037181,1,1.0000,100.00,0,1,1
2967,15145,earns,0.068722,0.309838,0.145921,0.000048897,0.000089131,1,1.0000,100.00,1,0,1
2968,14542,comb,0.079589,0.267254,0.145844,0.000052463,0.000077588,1,1.0000,100.00,0,1,1
2969,6524,cafe,0.361233,0.058737,0.145663,0.000181655,0.000037181,1,1.0000,100.00,0,1,1
2970,10661,disagreement,0.176505,0.119236,0.145072,0.000087096,0.000045669,1,1.0000,100.00,0,1,1
2971,11241,translator,0.157122,0.133627,0.144899,0.000081322,0.000047876,1,1.0000,100.00,0,1,1
2972,7306,blend,0.316300,0.066373,0.144892,0.000154843,0.000038031,1,1.0000,100.00,0,1,1
2973,7729,therapist,0.289574,0.072247,0.144640,0.000144476,0.000038877,1,1.0000,100.00,0,1,1
2974,8265,attachment,0.267841,0.077827,0.144379,0.000128858,0.000039726,1,1.0000,100.00,0,1,1
2975,1409,faith,0.797357,0.026138,0.144365,0.001229190,0.000033106,1,1.0000,100.00,0,1,1
2976,12585,vibration,0.118943,0.174743,0.144168,0.000067573,0.000055010,1,1.0000,100.00,0,1,1
2977,11277,citation,0.155653,0.133333,0.144062,0.000079457,0.000047876,1,1.0000,100.00,0,1,1
2978,18305,ode,0.021439,0.967401,0.144014,0.000035485,0.006934758,13,1.8462,100.00,4,9,13
2979,18286,matte,0.021733,0.954185,0.144004,0.000035485,0.004948979,2,1.5000,100.00,0,2,2
2980,11031,outrage,0.163583,0.126579,0.143896,0.000083189,0.000046689,1,1.0000,100.00,0,1,1
2981,15371,lender,0.064023,0.321880,0.143554,0.000047876,0.000091848,2,1.0000,100.00,2,0,2
2982,3965,emperor,0.533333,0.038473,0.143244,0.000363330,0.000034633,1,1.0000,100.00,0,1,1
2983,2823,fake,0.640822,0.032012,0.143227,0.000561949,0.000033954,1,1.0000,100.00,0,1,1
2984,6094,orbit,0.387665,0.052863,0.143155,0.000203733,0.000036332,1,1.0000,100.00,0,1,1
2985,8350,silicon,0.261968,0.077533,0.142517,0.000128858,0.000039726,1,1.0000,100.00,0,1,1
2986,11138,detector,0.160646,0.126285,0.142433,0.000081322,0.000046689,1,1.0000,100.00,0,1,1
2987,14828,precaution,0.073715,0.272247,0.141664,0.000051270,0.000079457,1,1.0000,100.00,0,1,1
2988,13340,claw,0.103965,0.191777,0.141202,0.000060269,0.000057553,1,1.0000,100.00,0,1,1
2989,15882,weeping,0.057856,0.340675,0.140393,0.000045669,0.000099994,1,1.0000,100.00,1,0,1
2990,9992,brace,0.202937,0.096329,0.139817,0.000095413,0.000042615,1,1.0000,100.00,0,1,1
2991,16910,ticking,0.040529,0.482232,0.139801,0.000040748,0.000162132,1,1.0000,100.00,1,0,1
2992,12053,staple,0.131865,0.148018,0.139708,0.000072494,0.000050084,1,1.0000,100.00,0,1,1
2993,16459,paw,0.046696,0.415272,0.139254,0.000042615,0.000125635,3,1.3333,100.00,1,2,3
2994,7682,melt,0.292217,0.066079,0.138959,0.000144476,0.000038031,1,1.0000,100.00,0,1,1
2995,6457,hub,0.365932,0.052570,0.138697,0.000186757,0.000036332,1,1.0000,100.00,0,1,1
2996,16721,stripe,0.042584,0.450808,0.138555,0.000041596,0.000143632,2,1.0000,100.00,0,2,2
2997,4417,gather,0.499266,0.038179,0.138064,0.000315800,0.000034633,1,1.0000,100.00,0,1,1
2998,17846,otter,0.028194,0.674302,0.137881,0.000037181,0.000358399,3,1.3333,100.00,2,1,3
2999,12879,orphan,0.112775,0.167401,0.137400,0.000064516,0.000053652,1,1.0000,100.00,0,1,1
3000,9464,locomotive,0.222614,0.084288,0.136980,0.000104754,0.000040748,1,1.0000,100.00,0,1,1
3001,15609,postpone,0.060499,0.309545,0.136847,0.000046689,0.000089131,1,1.0000,100.00,0,1,1
3002,11689,pointer,0.140675,0.133040,0.136804,0.000075892,0.000047876,1,1.0000,100.00,0,1,1
3003,18100,racks,0.024670,0.756535,0.136614,0.000036332,0.000557909,2,1.0000,100.00,2,0,2
3004,15513,cultivate,0.061674,0.300441,0.136123,0.000046689,0.000087096,1,1.0000,100.00,0,1,1
3005,11802,deduction,0.139501,0.132746,0.136081,0.000074196,0.000047876,1,1.0000,100.00,0,1,1
3006,10019,diagram,0.201762,0.091336,0.135751,0.000095413,0.000041596,1,1.0000,100.00,0,1,1
3007,7322,cottage,0.315125,0.058443,0.135709,0.000154843,0.000037181,1,1.0000,100.00,0,1,1
3008,10582,rightly,0.179442,0.102496,0.135618,0.000089131,0.000043633,1,1.0000,100.00,1,0,1
3009,3519,debut,0.573568,0.031718,0.134879,0.000426158,0.000033954,1,1.0000,100.00,0,1,1
3010,12898,rhyme,0.111601,0.162408,0.134629,0.000064516,0.000052463,1,1.0000,100.00,0,1,1
3011,6817,rental,0.343906,0.052276,0.134082,0.000173176,0.000036332,1,1.0000,100.00,0,1,1
3012,11405,underestimate,0.150954,0.118943,0.133996,0.000079457,0.000045669,1,1.0000,100.00,0,1,1
3013,4834,adopt,0.473421,0.037885,0.133925,0.000275038,0.000034633,1,1.0000,100.00,0,1,1
3014,14763,fixture,0.075477,0.237298,0.133831,0.000051270,0.000069097,1,1.0000,100.00,0,1,1
3015,10164,crab,0.196476,0.091043,0.133745,0.000093374,0.000041596,1,1.0000,100.00,0,1,1
3016,11989,kitten,0.134508,0.132452,0.133476,0.000072494,0.000047876,1,1.0000,100.00,0,1,1
3017,11420,accountant,0.150073,0.118649,0.133439,0.000077588,0.000045669,1,1.0000,100.00,0,1,1
3018,6202,salad,0.381498,0.046402,0.133050,0.000198643,0.000035485,1,1.0000,100.00,0,1,1
3019,14726,concede,0.076946,0.229956,0.133019,0.000051270,0.000066043,1,1.0000,100.00,0,1,1
3020,11427,assert,0.149486,0.118355,0.133013,0.000077588,0.000045669,1,1.0000,100.00,0,1,1
3021,17221,carve,0.035536,0.497210,0.132924,0.000038877,0.000169436,2,1.0000,100.00,0,2,2
3022,18427,boar,0.018796,0.938620,0.132824,0.000034633,0.003342928,3,1.6667,100.00,1,2,3
3023,9253,antique,0.227900,0.077239,0.132676,0.000107127,0.000039726,1,1.0000,100.00,0,1,1
3024,7504,sweep,0.302496,0.058150,0.132628,0.000151277,0.000037181,1,1.0000,100.00,0,1,1
3025,6989,frontier,0.335389,0.051982,0.132039,0.000165871,0.000036332,1,1.0000,100.00,0,1,1
3026,16381,educator,0.048752,0.356828,0.131894,0.000042615,0.000104754,1,1.0000,100.00,0,1,1
3027,2600,upset,0.662555,0.025844,0.130856,0.000631571,0.000033106,1,1.0000,100.00,0,1,1
3028,15386,onward,0.063730,0.266960,0.130435,0.000047876,0.000077588,1,1.0000,100.00,0,1,1
3029,9492,reef,0.220558,0.076946,0.130273,0.000104754,0.000039726,1,1.0000,100.00,0,1,1
3030,10450,token,0.184728,0.090749,0.129475,0.000091169,0.000041596,1,1.0000,100.00,0,1,1
3031,87,these,0.982673,0.017034,0.129378,0.019524211,0.000031580,1,1.0000,100.00,0,1,1
3032,14715,brewer,0.077239,0.216446,0.129299,0.000051270,0.000063156,1,1.0000,100.00,0,1,1
3033,18455,compute,0.018209,0.912482,0.128899,0.000034633,0.002232548,2,1.5000,100.00,0,2,2
3034,14435,planner,0.081057,0.204405,0.128719,0.000053652,0.000060269,1,1.0000,100.00,0,1,1
3035,8656,folder,0.249633,0.065786,0.128149,0.000120206,0.000038031,1,1.0000,100.00,0,1,1
3036,18278,lows,0.022320,0.735683,0.128143,0.000035485,0.000490652,3,1.0000,100.00,3,0,3
3037,12407,stain,0.122467,0.132159,0.127221,0.000069097,0.000047876,1,1.0000,100.00,0,1,1
3038,17819,loom,0.028488,0.567988,0.127203,0.000037181,0.000225122,4,1.5000,100.00,2,2,4
3039,9799,pyramid,0.208811,0.076652,0.126514,0.000099994,0.000039726,1,1.0000,100.00,0,1,1
3040,4306,boost,0.507783,0.031424,0.126320,0.000324281,0.000033954,1,1.0000,100.00,0,1,1
3041,14168,implant,0.086637,0.184141,0.126307,0.000055010,0.000056194,1,1.0000,100.00,0,1,1
3042,8900,font,0.240822,0.065492,0.125586,0.000114768,0.000038031,1,1.0000,100.00,0,1,1
3043,13651,summon,0.097210,0.162115,0.125535,0.000058910,0.000052463,1,1.0000,100.00,0,1,1
3044,16088,trivia,0.054919,0.286637,0.125467,0.000044653,0.000083189,1,1.0000,100.00,0,1,1
3045,9893,glue,0.205874,0.076358,0.125380,0.000097623,0.000039726,1,1.0000,100.00,0,1,1
3046,13437,programmer,0.101909,0.153891,0.125231,0.000060269,0.000051270,1,1.0000,100.00,0,1,1
3047,9559,cone,0.217327,0.071953,0.125049,0.000102372,0.000038877,1,1.0000,100.00,0,1,1
3048,12358,optic,0.123935,0.125991,0.124959,0.000069097,0.000046689,1,1.0000,100.00,0,1,1
3049,7534,cord,0.300441,0.051689,0.124617,0.000147881,0.000036332,1,1.0000,100.00,0,1,1
3050,13706,canned,0.095742,0.161821,0.124471,0.000057553,0.000052463,1,1.0000,100.00,1,0,1
3051,10808,coil,0.170631,0.090455,0.124236,0.000085056,0.000041596,1,1.0000,100.00,0,1,1
3052,14089,articulate,0.088106,0.174449,0.123976,0.000055010,0.000055010,1,1.0000,100.00,0,1,1
3053,7678,leap,0.292511,0.051395,0.122612,0.000144476,0.000036332,1,1.0000,100.00,0,1,1
3054,10940,verb,0.166520,0.090162,0.122530,0.000085056,0.000041596,1,1.0000,100.00,0,1,1
3055,7138,risen,0.325110,0.046109,0.122435,0.000162132,0.000035485,1,1.0000,100.00,1,0,1
3056,17879,ridges,0.027900,0.530984,0.121715,0.000037181,0.000195236,1,1.0000,100.00,1,0,1
3057,12297,erase,0.125110,0.118062,0.121535,0.000069097,0.000045669,1,1.0000,100.00,0,1,1
3058,13372,garment,0.103671,0.141557,0.121142,0.000060269,0.000048897,1,1.0000,100.00,0,1,1
3059,9371,swan,0.224963,0.065198,0.121108,0.000107127,0.000038031,1,1.0000,100.00,0,1,1
3060,16413,handler,0.047283,0.309251,0.120923,0.000042615,0.000089131,1,1.0000,100.00,1,0,1
3061,16213,leasing,0.053157,0.271953,0.120234,0.000043633,0.000079457,1,1.0000,100.00,1,0,1
3062,16286,stereotype,0.051395,0.281057,0.120187,0.000043633,0.000081322,1,1.0000,100.00,0,1,1
3063,11664,litter,0.141263,0.102203,0.120156,0.000075892,0.000043633,1,1.0000,100.00,1,0,1
3064,2521,laid,0.671953,0.021439,0.120025,0.000645168,0.000032428,1,1.0000,100.00,1,0,1
3065,8695,render,0.247871,0.057856,0.119753,0.000120206,0.000037181,1,1.0000,100.00,0,1,1
3066,9497,roommate,0.219971,0.064905,0.119487,0.000104754,0.000038031,1,1.0000,100.00,0,1,1
3067,10102,slogan,0.199119,0.071659,0.119452,0.000095413,0.000038877,1,1.0000,100.00,0,1,1
3068,16205,itching,0.053451,0.266667,0.119388,0.000043633,0.000077588,1,1.0000,100.00,1,0,1
3069,15301,biscuit,0.065492,0.216153,0.118980,0.000047876,0.000063156,1,1.0000,100.00,0,1,1
3070,6286,portal,0.376211,0.037592,0.118922,0.000195236,0.000034633,1,1.0000,100.00,0,1,1
3071,12196,moron,0.128341,0.110132,0.118888,0.000070797,0.000044653,1,1.0000,100.00,0,1,1
3072,3739,pizza,0.553010,0.025551,0.118869,0.000397268,0.000033106,1,1.0000,100.00,0,1,1
3073,10114,traps,0.197944,0.071366,0.118855,0.000095413,0.000038877,1,1.0000,100.00,1,0,1
3074,8032,delight,0.275771,0.051101,0.118711,0.000134802,0.000036332,1,1.0000,100.00,0,1,1
3075,8812,prejudice,0.244640,0.057562,0.118668,0.000117485,0.000037181,1,1.0000,100.00,0,1,1
3076,15777,highs,0.059031,0.237004,0.118282,0.000045669,0.000069097,1,1.0000,100.00,1,0,1
3077,15605,pilgrim,0.060793,0.229662,0.118160,0.000046689,0.000066043,1,1.0000,100.00,0,1,1
3078,17988,elevate,0.027019,0.515419,0.118009,0.000036332,0.000181655,1,1.0000,100.00,0,1,1
3079,16138,coco,0.054626,0.254919,0.118005,0.000043633,0.000074196,1,1.0000,100.00,0,1,1
3080,2663,introduction,0.656094,0.021145,0.117785,0.000602695,0.000032428,1,1.0000,100.00,0,1,1
3081,16458,owls,0.046990,0.293686,0.117474,0.000042615,0.000085056,1,1.0000,100.00,1,0,1
3082,13643,starve,0.097504,0.141263,0.117361,0.000058910,0.000048897,1,1.0000,100.00,0,1,1
3083,8231,rode,0.269897,0.050808,0.117102,0.000131751,0.000036332,1,1.0000,100.00,0,1,1
3084,9007,conductor,0.237004,0.057269,0.116503,0.000112226,0.000037181,1,1.0000,100.00,0,1,1
3085,18454,complicate,0.018502,0.733333,0.116483,0.000034633,0.000488975,1,1.0000,100.00,0,1,1
3086,17737,constraint,0.029662,0.456681,0.116388,0.000037181,0.000147881,1,1.0000,100.00,0,1,1
3087,14847,sinner,0.073421,0.183847,0.116182,0.000051270,0.000056194,1,1.0000,100.00,0,1,1
3088,11786,cigar,0.139794,0.096035,0.115867,0.000074196,0.000042615,1,1.0000,100.00,0,1,1
3089,17266,evils,0.035242,0.379442,0.115639,0.000038877,0.000112226,1,1.0000,100.00,1,0,1
3090,9851,bind,0.206755,0.064611,0.115579,0.000097623,0.000038031,1,1.0000,100.00,0,1,1
3091,15036,reinforcement,0.069604,0.191483,0.115447,0.000050084,0.000057553,1,1.0000,100.00,0,1,1
3092,8345,sensation,0.262261,0.050514,0.115099,0.000128858,0.000036332,1,1.0000,100.00,0,1,1
3093,9204,referee,0.230543,0.056975,0.114609,0.000109674,0.000037181,1,1.0000,100.00,0,1,1
3094,12555,quota,0.119530,0.109838,0.114582,0.000067573,0.000044653,1,1.0000,100.00,0,1,1
3095,4188,pretend,0.518649,0.025257,0.114453,0.000339546,0.000033106,1,1.0000,100.00,0,1,1
3096,10822,distraction,0.170338,0.076065,0.113827,0.000085056,0.000039726,1,1.0000,100.00,0,1,1
3097,17051,hoop,0.038767,0.333921,0.113776,0.000039726,0.000095758,2,1.5000,100.00,1,1,2
3098,6750,cheat,0.346549,0.037298,0.113691,0.000173176,0.000034633,1,1.0000,100.00,0,1,1
3099,10106,stimulate,0.198825,0.064317,0.113084,0.000095413,0.000038031,1,1.0000,100.00,0,1,1
3100,11651,inscription,0.142144,0.089868,0.113023,0.000075892,0.000041596,1,1.0000,100.00,0,1,1
3101,15294,alteration,0.066079,0.191189,0.112400,0.000047876,0.000057553,1,1.0000,100.00,0,1,1
3102,14411,martyr,0.082232,0.153598,0.112386,0.000053652,0.000051270,1,1.0000,100.00,0,1,1
3103,18547,lash,0.015859,0.790896,0.111995,0.000034633,0.000670303,3,1.0000,100.00,3,0,3
3104,6937,slim,0.338620,0.037004,0.111939,0.000169781,0.000034633,1,1.0000,100.00,0,1,1
3105,10671,exemption,0.176211,0.071072,0.111909,0.000087096,0.000038877,1,1.0000,100.00,0,1,1
3106,14086,arches,0.088399,0.140969,0.111631,0.000055010,0.000048897,1,1.0000,100.00,1,0,1
3107,18363,specialize,0.020558,0.605580,0.111577,0.000035485,0.000257725,2,1.0000,100.00,0,2,2
3108,17317,mammal,0.034068,0.364170,0.111384,0.000038877,0.000107127,1,1.0000,100.00,0,1,1
3109,15222,plaintiff,0.067548,0.183554,0.111349,0.000048897,0.000056194,1,1.0000,100.00,0,1,1
3110,15451,thug,0.062555,0.197944,0.111276,0.000047876,0.000058910,1,1.0000,100.00,0,1,1
3111,15880,weave,0.058443,0.210279,0.110858,0.000045669,0.000061628,1,1.0000,100.00,0,1,1
3112,17138,sire,0.037298,0.327753,0.110565,0.000039726,0.000094565,2,1.5000,100.00,0,2,2
3113,8292,fountain,0.266667,0.045815,0.110532,0.000128858,0.000035485,1,1.0000,100.00,0,1,1
3114,6040,bend,0.390896,0.031131,0.110313,0.000203733,0.000033954,1,1.0000,100.00,0,1,1
3115,13686,airing,0.096623,0.125698,0.110205,0.000057553,0.000046689,1,1.0000,100.00,1,0,1
3116,8359,terrace,0.260793,0.045521,0.108957,0.000128858,0.000035485,1,1.0000,100.00,0,1,1
3117,10919,strap,0.167107,0.070778,0.108755,0.000085056,0.000038877,1,1.0000,100.00,0,1,1
3118,13573,gamer,0.100147,0.117768,0.108601,0.000058910,0.000045669,1,1.0000,100.00,0,1,1
3119,17411,tumble,0.032893,0.356241,0.108249,0.000038877,0.000104242,2,1.5000,100.00,1,1,2
3120,10549,magnet,0.180910,0.064023,0.107622,0.000089131,0.000038031,1,1.0000,100.00,0,1,1
3121,18580,pip,0.015272,0.756241,0.107467,0.000034633,0.000556875,3,1.6667,100.00,0,3,3
3122,6411,strengthen,0.368869,0.030837,0.106653,0.000190149,0.000033954,1,1.0000,100.00,0,1,1
3123,10143,audition,0.197063,0.056681,0.105687,0.000093374,0.000037181,1,1.0000,100.00,0,1,1
3124,18886,aces,0.012922,0.863730,0.105647,0.000033106,0.001170104,4,1.5000,100.00,4,0,4
3125,15256,simulate,0.066667,0.167107,0.105548,0.000048897,0.000053652,1,1.0000,100.00,0,1,1
3126,18373,tack,0.019971,0.556828,0.105452,0.000035485,0.000215450,2,1.5000,100.00,1,1,2
3127,13743,filmmaker,0.094273,0.117474,0.105236,0.000057553,0.000045669,1,1.0000,100.00,0,1,1
3128,14628,pixel,0.078414,0.140675,0.105028,0.000052463,0.000048897,1,1.0000,100.00,0,1,1
3129,6570,lamb,0.358003,0.030543,0.104569,0.000181655,0.000033954,1,1.0000,100.00,0,1,1
3130,12489,glacier,0.121292,0.089574,0.104234,0.000067573,0.000041596,1,1.0000,100.00,0,1,1
3131,16937,ache,0.039941,0.271659,0.104165,0.000039726,0.000079457,1,1.0000,100.00,1,0,1
3132,2773,duke,0.644640,0.016740,0.103881,0.000575541,0.000031580,1,1.0000,100.00,0,1,1
3133,12542,pigeon,0.120411,0.089280,0.103684,0.000067573,0.000041596,1,1.0000,100.00,0,1,1
3134,18328,racket,0.021145,0.501322,0.102959,0.000035485,0.000172327,2,1.5000,100.00,1,1,2
3135,11048,puppet,0.162702,0.063730,0.101828,0.000083189,0.000038031,1,1.0000,100.00,0,1,1
3136,18367,stun,0.020264,0.509838,0.101644,0.000035485,0.000178261,3,1.3333,100.00,0,3,3
3137,13161,chunk,0.107489,0.095742,0.101445,0.000061628,0.000042615,1,1.0000,100.00,0,1,1
3138,14144,extremist,0.087518,0.117181,0.101269,0.000055010,0.000045669,1,1.0000,100.00,0,1,1
3139,11588,attendant,0.143906,0.070485,0.100713,0.000075892,0.000038877,1,1.0000,100.00,0,1,1
3140,12006,mist,0.133627,0.075771,0.100623,0.000072494,0.000039726,1,1.0000,100.00,0,1,1
3141,15940,depict,0.056975,0.174156,0.099612,0.000044653,0.000055010,1,1.0000,100.00,0,1,1
3142,3245,telephone,0.599413,0.016446,0.099288,0.000478765,0.000031580,1,1.0000,100.00,0,1,1
3143,16193,haze,0.053744,0.183260,0.099243,0.000043633,0.000056194,1,1.0000,100.00,0,1,1
3144,17761,enlarge,0.029369,0.334214,0.099073,0.000037181,0.000097623,1,1.0000,100.00,0,1,1
3145,12148,drawer,0.129515,0.075477,0.098871,0.000070797,0.000039726,1,1.0000,100.00,0,1,1
3146,13721,coupon,0.095448,0.101909,0.098626,0.000057553,0.000043633,1,1.0000,100.00,0,1,1
3147,17501,filth,0.031424,0.308957,0.098533,0.000038031,0.000089131,1,1.0000,100.00,0,1,1
3148,13087,roofs,0.108370,0.088987,0.098201,0.000063156,0.000041596,1,1.0000,100.00,1,0,1
3149,17141,smoker,0.037004,0.259618,0.098015,0.000039726,0.000075892,1,1.0000,100.00,0,1,1
3150,14764,foe,0.075184,0.125404,0.097099,0.000051270,0.000046689,1,1.0000,100.00,0,1,1
3151,18589,rake,0.014978,0.624082,0.096682,0.000034633,0.000282684,2,1.5000,100.00,1,1,2
3152,18161,allocate,0.023495,0.392364,0.096013,0.000035485,0.000117485,1,1.0000,100.00,0,1,1
3153,11563,transcript,0.144787,0.063436,0.095837,0.000077588,0.000038031,1,1.0000,100.00,0,1,1
3154,14366,excerpt,0.083407,0.109545,0.095586,0.000053652,0.000044653,1,1.0000,100.00,0,1,1
3155,6481,pills,0.364758,0.024963,0.095423,0.000186757,0.000033106,1,1.0000,100.00,1,0,1
3156,18218,elective,0.022907,0.392070,0.094770,0.000035485,0.000117485,1,1.0000,100.00,1,0,1
3157,18133,ting,0.023789,0.371512,0.094009,0.000036332,0.000109674,1,1.0000,100.00,1,0,1
3158,19092,tart,0.009104,0.965932,0.093777,0.000033106,0.006667122,2,1.5000,100.00,1,1,2
3159,15027,plunge,0.070191,0.125110,0.093710,0.000050084,0.000046689,1,1.0000,100.00,0,1,1
3160,16876,remnant,0.041116,0.209985,0.092918,0.000040748,0.000061628,1,1.0000,100.00,0,1,1
3161,9077,prompt,0.234655,0.036711,0.092814,0.000112226,0.000034633,1,1.0000,100.00,0,1,1
3162,13418,oyster,0.102496,0.083994,0.092785,0.000060269,0.000040748,1,1.0000,100.00,0,1,1
3163,11948,chant,0.135095,0.063142,0.092359,0.000072494,0.000038031,1,1.0000,100.00,0,1,1
3164,18285,mashed,0.022026,0.386490,0.092266,0.000035485,0.000114768,1,1.0000,100.00,1,0,1
3165,14665,tripping,0.077827,0.109251,0.092210,0.000052463,0.000044653,1,1.0000,100.00,1,0,1
3166,9176,lime,0.231718,0.036417,0.091861,0.000109674,0.000034633,1,1.0000,100.00,1,0,1
3167,10420,resemble,0.186490,0.045228,0.091840,0.000091169,0.000035485,1,1.0000,100.00,0,1,1
3168,7979,shepherd,0.278708,0.030250,0.091819,0.000138035,0.000033954,1,1.0000,100.00,0,1,1
3169,10958,assertion,0.165639,0.050220,0.091205,0.000083189,0.000036332,1,1.0000,100.00,0,1,1
3170,17091,outing,0.038473,0.215859,0.091130,0.000039726,0.000063156,1,1.0000,100.00,1,0,1
3171,9225,spoil,0.229662,0.036123,0.091083,0.000109674,0.000034633,1,1.0000,100.00,0,1,1
3172,8030,crane,0.276065,0.029956,0.090938,0.000134802,0.000033954,1,1.0000,100.00,0,1,1
3173,12660,hum,0.117181,0.070191,0.090692,0.000066043,0.000038877,1,1.0000,100.00,0,1,1
3174,10541,impulse,0.181791,0.044934,0.090380,0.000089131,0.000035485,1,1.0000,100.00,0,1,1
3175,17154,stumble,0.036711,0.222320,0.090341,0.000039726,0.000064516,1,1.0000,100.00,0,1,1
3176,17996,eyebrow,0.026432,0.308664,0.090324,0.000036332,0.000089131,1,1.0000,100.00,0,1,1
3177,15129,commute,0.069310,0.116887,0.090008,0.000048897,0.000045669,1,1.0000,100.00,0,1,1
3178,12215,pod,0.127753,0.062849,0.089605,0.000070797,0.000038031,1,1.0000,100.00,0,1,1
3179,12239,strand,0.126872,0.062555,0.089087,0.000070797,0.000038031,1,1.0000,100.00,0,1,1
3180,15637,siren,0.059912,0.131865,0.088883,0.000046689,0.000047876,1,1.0000,100.00,0,1,1
3181,10746,ribbon,0.173862,0.044640,0.088098,0.000087096,0.000035485,1,1.0000,100.00,0,1,1
3182,17799,insure,0.028781,0.266373,0.087559,0.000037181,0.000077588,1,1.0000,100.00,0,1,1
3183,18819,regimen,0.014097,0.540969,0.087327,0.000033954,0.000199495,2,1.5000,100.00,0,2,2
3184,8471,shaft,0.255213,0.029662,0.087007,0.000125802,0.000033954,1,1.0000,100.00,0,1,1
3185,12011,nerd,0.133040,0.056388,0.086613,0.000072494,0.000037181,1,1.0000,100.00,0,1,1
3186,12023,parcel,0.132746,0.056094,0.086292,0.000072494,0.000037181,1,1.0000,100.00,0,1,1
3187,12617,clone,0.118649,0.062261,0.085949,0.000066043,0.000038031,1,1.0000,100.00,0,1,1
3188,18545,kilometer,0.016153,0.456388,0.085860,0.000034633,0.000147881,1,1.0000,100.00,0,1,1
3189,10960,atheist,0.165345,0.044347,0.085630,0.000083189,0.000035485,1,1.0000,100.00,0,1,1
3190,5224,hammer,0.451689,0.016153,0.085417,0.000251266,0.000031580,1,1.0000,100.00,0,1,1
3191,16812,hoops,0.041703,0.173862,0.085151,0.000040748,0.000055010,1,1.0000,100.00,1,0,1
3192,17454,bulldog,0.032305,0.222026,0.084692,0.000038031,0.000064516,1,1.0000,100.00,0,1,1
3193,8869,cereal,0.242291,0.029369,0.084355,0.000114768,0.000033954,1,1.0000,100.00,0,1,1
3194,10149,chop,0.196769,0.035830,0.083965,0.000093374,0.000034633,1,1.0000,100.00,0,1,1
3195,15340,dine,0.064611,0.108957,0.083904,0.000047876,0.000044653,1,1.0000,100.00,0,1,1
3196,11672,mute,0.140969,0.049927,0.083893,0.000075892,0.000036332,1,1.0000,100.00,0,1,1
3197,19358,writ,0.007342,0.939207,0.083041,0.000032428,0.003353152,4,2.0000,100.00,0,4,4
3198,11274,capsule,0.155947,0.044053,0.082885,0.000079457,0.000035485,1,1.0000,100.00,0,1,1
3199,7115,messenger,0.327460,0.020852,0.082632,0.000162132,0.000032428,1,1.0000,100.00,0,1,1
3200,14739,dart,0.076652,0.088693,0.082453,0.000051270,0.000041596,1,1.0000,100.00,0,1,1
3201,16148,cracker,0.054332,0.124816,0.082350,0.000043633,0.000046689,1,1.0000,100.00,0,1,1
3202,1946,afternoon,0.732746,0.009104,0.081677,0.000870973,0.000030899,1,1.0000,100.00,0,1,1
3203,9229,stunt,0.229369,0.029075,0.081663,0.000109674,0.000033954,1,1.0000,100.00,0,1,1
3204,11414,viewpoint,0.150661,0.043759,0.081196,0.000079457,0.000035485,1,1.0000,100.00,0,1,1
3205,18128,swam,0.024082,0.271366,0.080840,0.000036332,0.000079457,1,1.0000,100.00,0,1,1
3206,10502,dessert,0.183554,0.035536,0.080764,0.000089131,0.000034633,1,1.0000,100.00,0,1,1
3207,16368,deceive,0.049339,0.131571,0.080571,0.000042615,0.000047876,1,1.0000,100.00,0,1,1
3208,15649,stocking,0.059618,0.108664,0.080488,0.000046689,0.000044653,1,1.0000,100.00,0,1,1
3209,17481,disperse,0.031718,0.204112,0.080461,0.000038031,0.000060269,1,1.0000,100.00,0,1,1
3210,11449,camel,0.148899,0.043465,0.080448,0.000077588,0.000035485,1,1.0000,100.00,0,1,1
3211,17510,formulate,0.031131,0.203818,0.079655,0.000038031,0.000060269,1,1.0000,100.00,0,1,1
3212,10589,slate,0.179148,0.035242,0.079458,0.000089131,0.000034633,1,1.0000,100.00,0,1,1
3213,8477,spill,0.254919,0.024670,0.079302,0.000125802,0.000033106,1,1.0000,100.00,0,1,1
3214,12885,pest,0.112482,0.055800,0.079224,0.000064516,0.000037181,1,1.0000,100.00,0,1,1
3215,9595,herd,0.214978,0.028781,0.078660,0.000102372,0.000033954,1,1.0000,100.00,0,1,1
3216,17100,pickle,0.038179,0.161527,0.078530,0.000039726,0.000052463,1,1.0000,100.00,0,1,1
3217,16238,pans,0.052570,0.116593,0.078290,0.000043633,0.000045669,1,1.0000,100.00,1,0,1
3218,6120,toll,0.385903,0.015859,0.078231,0.000203733,0.000031580,1,1.0000,100.00,0,1,1
3219,17406,transformer,0.033186,0.182966,0.077923,0.000038877,0.000056194,1,1.0000,100.00,0,1,1
3220,18474,descendant,0.016740,0.356535,0.077256,0.000034633,0.000104754,1,1.0000,100.00,0,1,1
3221,15024,physicist,0.070778,0.083700,0.076969,0.000050084,0.000040748,1,1.0000,100.00,0,1,1
3222,6233,bride,0.378561,0.015565,0.076762,0.000195236,0.000031580,1,1.0000,100.00,0,1,1
3223,18418,aspiration,0.019383,0.300147,0.076275,0.000034633,0.000087096,1,1.0000,100.00,0,1,1
3224,17038,gadget,0.039354,0.147724,0.076246,0.000039726,0.000050084,1,1.0000,100.00,0,1,1
3225,6251,fitting,0.377386,0.015272,0.075916,0.000195236,0.000031580,1,1.0000,100.00,0,1,1
3226,16547,bandit,0.045521,0.124523,0.075289,0.000041596,0.000046689,1,1.0000,100.00,0,1,1
3227,14818,paced,0.074302,0.075184,0.074742,0.000051270,0.000039726,1,1.0000,100.00,1,0,1
3228,10319,condemn,0.189427,0.028488,0.073460,0.000091169,0.000033954,1,1.0000,100.00,0,1,1
3229,17117,relic,0.037885,0.140382,0.072928,0.000039726,0.000048897,1,1.0000,100.00,0,1,1
3230,18848,steroid,0.013510,0.391777,0.072751,0.000033954,0.000116463,2,1.0000,100.00,1,1,2
3231,17666,toned,0.029956,0.173568,0.072107,0.000038031,0.000055010,1,1.0000,100.00,1,0,1
3232,18987,hereafter,0.010866,0.469310,0.071412,0.000033106,0.000154843,1,1.0000,100.00,1,0,1
3233,3533,hence,0.572394,0.008811,0.071015,0.000426158,0.000030899,1,1.0000,100.00,1,0,1
3234,15627,robotic,0.060206,0.083407,0.070863,0.000046689,0.000040748,1,1.0000,100.00,0,1,1
3235,18043,lashes,0.025257,0.197651,0.070654,0.000036332,0.000058910,1,1.0000,100.00,1,0,1
3236,18000,finalist,0.026138,0.190896,0.070637,0.000036332,0.000057553,1,1.0000,100.00,0,1,1
3237,11663,liner,0.141557,0.034949,0.070336,0.000075892,0.000034633,1,1.0000,100.00,0,1,1
3238,10024,dye,0.201468,0.024376,0.070078,0.000095413,0.000033106,1,1.0000,100.00,0,1,1
3239,13634,sermon,0.097797,0.049633,0.069670,0.000058910,0.000036332,1,1.0000,100.00,0,1,1
3240,16311,woe,0.050808,0.095448,0.069638,0.000043633,0.000042615,1,1.0000,100.00,0,1,1
3241,19579,vents,0.005286,0.911013,0.069397,0.000031580,0.002190118,1,1.0000,100.00,1,0,1
3242,18103,recycle,0.024376,0.197357,0.069360,0.000036332,0.000058910,1,1.0000,100.00,0,1,1
3243,7266,rides,0.318355,0.014978,0.069053,0.000158398,0.000031580,1,1.0000,100.00,1,0,1
3244,13065,oversee,0.109251,0.043172,0.068677,0.000063156,0.000035485,1,1.0000,100.00,0,1,1
3245,19009,leaned,0.009985,0.469016,0.068434,0.000033106,0.000154843,1,1.0000,100.00,1,0,1
3246,13068,persist,0.108957,0.042878,0.068351,0.000063156,0.000035485,1,1.0000,100.00,0,1,1
3247,18423,bead,0.019090,0.243759,0.068215,0.000034633,0.000070797,1,1.0000,100.00,0,1,1
3248,10252,sausage,0.192364,0.024082,0.068063,0.000093374,0.000033106,1,1.0000,100.00,0,1,1
3249,17438,aspirin,0.032599,0.140088,0.067578,0.000038031,0.000048897,1,1.0000,100.00,0,1,1
3250,12062,taco,0.131278,0.034655,0.067449,0.000072494,0.000034633,1,1.0000,100.00,0,1,1
3251,14946,excavation,0.071953,0.061968,0.066774,0.000050084,0.000038031,1,1.0000,100.00,0,1,1
3252,13407,meme,0.102790,0.042584,0.066161,0.000060269,0.000035485,1,1.0000,100.00,0,1,1
3253,19343,ticks,0.007636,0.568869,0.065907,0.000032428,0.000229204,1,1.0000,100.00,1,0,1
3254,4349,opera,0.504552,0.008517,0.065553,0.000324281,0.000030899,1,1.0000,100.00,0,1,1
3255,12328,intern,0.124816,0.034361,0.065489,0.000069097,0.000034633,1,1.0000,100.00,0,1,1
3256,18822,restrain,0.013803,0.308370,0.065242,0.000033954,0.000089131,1,1.0000,100.00,0,1,1
3257,18459,coop,0.017915,0.236711,0.065120,0.000034633,0.000069097,1,1.0000,100.00,1,0,1
3258,15178,hymn,0.068135,0.061674,0.064824,0.000048897,0.000038031,1,1.0000,100.00,0,1,1
3259,18948,deprive,0.012041,0.348605,0.064789,0.000033106,0.000102372,1,1.0000,100.00,0,1,1
3260,18896,artisan,0.012628,0.328341,0.064393,0.000033106,0.000095413,1,1.0000,100.00,1,0,1
3261,19395,brows,0.006755,0.605874,0.063973,0.000031580,0.000257729,2,1.5000,100.00,0,2,2
3262,14433,petit,0.081351,0.049339,0.063354,0.000053652,0.000036332,1,1.0000,100.00,0,1,1
3263,10220,lump,0.193539,0.020558,0.063078,0.000093374,0.000032428,1,1.0000,100.00,1,0,1
3264,16410,gloss,0.047577,0.083113,0.062883,0.000042615,0.000040748,1,1.0000,100.00,0,1,1
3265,18565,noodle,0.015565,0.248752,0.062225,0.000034633,0.000072494,1,1.0000,100.00,0,1,1
3266,12802,dialect,0.113363,0.034068,0.062145,0.000064516,0.000034633,1,1.0000,100.00,0,1,1
3267,10311,captive,0.189721,0.020264,0.062005,0.000091169,0.000032428,1,1.0000,100.00,0,1,1
3268,18034,insurgent,0.025844,0.147430,0.061727,0.000036332,0.000050084,1,1.0000,100.00,0,1,1
3269,16535,wrestle,0.045815,0.082819,0.061598,0.000042615,0.000040748,1,1.0000,100.00,0,1,1
3270,14755,dungeon,0.076065,0.049046,0.061079,0.000051270,0.000036332,1,1.0000,100.00,0,1,1
3271,13013,fuse,0.110426,0.033774,0.061070,0.000063156,0.000034633,1,1.0000,100.00,0,1,1
3272,8498,bloom,0.253744,0.014684,0.061041,0.000122917,0.000031580,1,1.0000,100.00,0,1,1
3273,16362,contemplate,0.049633,0.074890,0.060967,0.000042615,0.000039726,1,1.0000,100.00,0,1,1
3274,17378,scramble,0.033480,0.108370,0.060235,0.000038877,0.000044653,1,1.0000,100.00,0,1,1
3275,10544,legion,0.181498,0.019971,0.060205,0.000089131,0.000032428,1,1.0000,100.00,0,1,1
3276,17880,robes,0.027606,0.131278,0.060201,0.000037181,0.000047876,1,1.0000,100.00,1,0,1
3277,8670,mentor,0.249046,0.014391,0.059866,0.000120206,0.000031580,1,1.0000,100.00,0,1,1
3278,5596,parade,0.423201,0.008223,0.058992,0.000229204,0.000030899,1,1.0000,100.00,0,1,1
3279,12391,scanner,0.123054,0.028194,0.058901,0.000069097,0.000033954,1,1.0000,100.00,0,1,1
3280,8918,horns,0.239941,0.014097,0.058159,0.000114768,0.000031580,1,1.0000,100.00,1,0,1
3281,11657,jumper,0.141850,0.023789,0.058090,0.000075892,0.000033106,1,1.0000,100.00,0,1,1
3282,17130,semantic,0.037592,0.088399,0.057646,0.000039726,0.000041596,1,1.0000,100.00,0,1,1
3283,13657,tease,0.096916,0.033480,0.056963,0.000058910,0.000034633,1,1.0000,100.00,0,1,1
3284,5919,animation,0.399706,0.007930,0.056298,0.000208828,0.000030899,1,1.0000,100.00,0,1,1
3285,14802,manifestation,0.074596,0.042291,0.056167,0.000051270,0.000035485,1,1.0000,100.00,0,1,1
3286,16302,voucher,0.051101,0.061380,0.056005,0.000043633,0.000038031,1,1.0000,100.00,0,1,1
3287,17991,entail,0.026725,0.116300,0.055751,0.000036332,0.000045669,1,1.0000,100.00,0,1,1
3288,19696,laced,0.003524,0.869897,0.055369,0.000030899,0.001258040,1,1.0000,100.00,1,0,1
3289,18462,crate,0.017621,0.173275,0.055257,0.000034633,0.000055010,1,1.0000,100.00,0,1,1
3290,9490,ramp,0.220852,0.013803,0.055213,0.000104754,0.000031580,1,1.0000,100.00,1,0,1
3291,14914,bribe,0.072540,0.041997,0.055195,0.000050084,0.000035485,1,1.0000,100.00,0,1,1
3292,19414,complication,0.006461,0.468722,0.055031,0.000031580,0.000154843,1,1.0000,100.00,0,1,1
3293,9543,archer,0.217621,0.013510,0.054221,0.000102372,0.000031580,1,1.0000,100.00,0,1,1
3294,12350,mutant,0.124229,0.023495,0.054025,0.000069097,0.000033106,1,1.0000,100.00,0,1,1
3295,18345,rushes,0.020852,0.139794,0.053990,0.000035485,0.000048897,1,1.0000,100.00,1,0,1
3296,19683,hops,0.004112,0.699853,0.053642,0.000030899,0.000414952,2,1.0000,100.00,2,0,2
3297,13452,rotate,0.101322,0.027900,0.053168,0.000060269,0.000033954,1,1.0000,100.00,0,1,1
3298,19688,injure,0.003818,0.718062,0.052359,0.000030899,0.000456693,1,1.0000,100.00,0,1,1
3299,16000,loft,0.056094,0.048752,0.052294,0.000044653,0.000036332,1,1.0000,100.00,0,1,1
3300,17041,gland,0.039060,0.069897,0.052251,0.000039726,0.000038877,1,1.0000,100.00,0,1,1
3301,12700,penetrate,0.116006,0.023201,0.051879,0.000066043,0.000033106,1,1.0000,100.00,0,1,1
3302,13691,auditor,0.096035,0.027606,0.051490,0.000057553,0.000033954,1,1.0000,100.00,0,1,1
3303,18939,customize,0.012335,0.209692,0.050858,0.000033106,0.000061628,1,1.0000,100.00,0,1,1
3304,6982,dump,0.336270,0.007636,0.050672,0.000165871,0.000030899,1,1.0000,100.00,0,1,1
3305,13256,reconcile,0.105727,0.022907,0.049213,0.000061628,0.000033106,1,1.0000,100.00,0,1,1
3306,10520,fascist,0.182966,0.013216,0.049174,0.000089131,0.000031580,1,1.0000,100.00,0,1,1
3307,12449,blossom,0.121880,0.019677,0.048972,0.000067573,0.000032428,1,1.0000,100.00,0,1,1
3308,15955,embryo,0.056388,0.041703,0.048493,0.000044653,0.000035485,1,1.0000,100.00,0,1,1
3309,19584,wept,0.004993,0.468429,0.048360,0.000031580,0.000154843,1,1.0000,100.00,1,0,1
3310,16017,motif,0.055800,0.041410,0.048069,0.000044653,0.000035485,1,1.0000,100.00,0,1,1
3311,7368,pause,0.311894,0.007342,0.047854,0.000154843,0.000030899,1,1.0000,100.00,0,1,1
3312,2763,cheese,0.646109,0.003524,0.047718,0.000575541,0.000030220,1,1.0000,100.00,0,1,1
3313,19530,refine,0.005580,0.402349,0.047383,0.000031580,0.000120206,1,1.0000,100.00,0,1,1
3314,16917,trooper,0.040235,0.055507,0.047258,0.000040748,0.000037181,1,1.0000,100.00,0,1,1
3315,14441,polymer,0.080764,0.027313,0.046967,0.000053652,0.000033954,1,1.0000,100.00,0,1,1
3316,15296,annoy,0.065786,0.033186,0.046725,0.000047876,0.000034633,1,1.0000,100.00,0,1,1
3317,10912,skate,0.167988,0.012922,0.046592,0.000085056,0.000031580,1,1.0000,100.00,0,1,1
3318,13004,flare,0.110720,0.019383,0.046326,0.000063156,0.000032428,1,1.0000,100.00,0,1,1
3319,18381,toxin,0.019677,0.108076,0.046115,0.000035485,0.000044653,1,1.0000,100.00,0,1,1
3320,15370,leases,0.064317,0.032893,0.045995,0.000047876,0.000034633,1,1.0000,100.00,1,0,1
3321,19706,lowly,0.002643,0.799119,0.045959,0.000030899,0.000707976,1,1.0000,100.00,1,0,1
3322,19127,analytic,0.008223,0.254626,0.045758,0.000032428,0.000074196,1,1.0000,100.00,0,1,1
3323,13075,portray,0.108664,0.019090,0.045545,0.000063156,0.000032428,1,1.0000,100.00,0,1,1
3324,18982,harms,0.011160,0.182673,0.045151,0.000033106,0.000056194,1,1.0000,100.00,1,0,1
3325,19173,denounce,0.007930,0.254332,0.044908,0.000032428,0.000074196,1,1.0000,100.00,0,1,1
3326,16398,fiance,0.048458,0.041116,0.044636,0.000042615,0.000035485,1,1.0000,100.00,0,1,1
3327,19011,liberate,0.009692,0.203524,0.044413,0.000033106,0.000060269,1,1.0000,100.00,0,1,1
3328,16399,fingerprint,0.048164,0.040822,0.044342,0.000042615,0.000035485,1,1.0000,100.00,0,1,1
3329,18469,degrade,0.017327,0.107783,0.043216,0.000034633,0.000044653,1,1.0000,100.00,0,1,1
3330,17559,lends,0.030543,0.061087,0.043195,0.000038031,0.000038031,1,1.0000,100.00,1,0,1
3331,14431,pawn,0.081938,0.022614,0.043046,0.000053652,0.000033106,1,1.0000,100.00,1,0,1
3332,19034,pancake,0.009398,0.197063,0.043035,0.000033106,0.000058910,1,1.0000,100.00,0,1,1
3333,18472,denote,0.017034,0.107489,0.042790,0.000034633,0.000044653,1,1.0000,100.00,0,1,1
3334,19704,lobe,0.002937,0.616446,0.042549,0.000030899,0.000275038,1,1.0000,100.00,1,0,1
3335,14512,almond,0.080176,0.022320,0.042303,0.000052463,0.000033106,1,1.0000,100.00,0,1,1
3336,18538,intimidate,0.016446,0.107195,0.041988,0.000034633,0.000044653,1,1.0000,100.00,0,1,1
3337,19503,mend,0.005874,0.299559,0.041947,0.000031580,0.000086079,2,1.5000,100.00,1,1,2
3338,8729,whistle,0.246990,0.007048,0.041724,0.000120206,0.000030899,1,1.0000,100.00,0,1,1
3339,4209,agenda,0.516300,0.003231,0.040840,0.000331064,0.000030220,1,1.0000,100.00,0,1,1
3340,14305,amend,0.084581,0.018796,0.039872,0.000053652,0.000032428,1,1.0000,100.00,0,1,1
3341,14355,deviation,0.083994,0.018502,0.039422,0.000053652,0.000032428,1,1.0000,100.00,0,1,1
3342,9421,dentist,0.223495,0.006755,0.038854,0.000104754,0.000030899,1,1.0000,100.00,0,1,1
3343,18758,intrigue,0.014684,0.101615,0.038628,0.000033954,0.000043633,1,1.0000,100.00,0,1,1
3344,4391,classification,0.500734,0.002937,0.038348,0.000315800,0.000030220,1,1.0000,100.00,0,1,1
3345,19100,tout,0.008811,0.153304,0.036752,0.000033106,0.000051270,1,1.0000,100.00,1,0,1
3346,9959,sorrow,0.203524,0.006461,0.036263,0.000097623,0.000030899,1,1.0000,100.00,0,1,1
3347,17475,diaper,0.032012,0.040529,0.036019,0.000038031,0.000035485,1,1.0000,100.00,0,1,1
3348,18795,optimize,0.014391,0.088106,0.035608,0.000033954,0.000041596,1,1.0000,100.00,0,1,1
3349,18269,keyword,0.022614,0.055213,0.035335,0.000035485,0.000037181,1,1.0000,100.00,0,1,1
3350,18991,hurdle,0.010573,0.116006,0.035021,0.000033106,0.000045669,1,1.0000,100.00,0,1,1
3351,18974,giggle,0.011454,0.106902,0.034992,0.000033106,0.000044653,1,1.0000,100.00,0,1,1
3352,18992,huts,0.010279,0.115712,0.034488,0.000033106,0.000045669,1,1.0000,100.00,1,0,1
3353,10295,assign,0.190896,0.006167,0.034312,0.000091169,0.000030899,1,1.0000,100.00,0,1,1
3354,10323,counselor,0.189134,0.005874,0.033330,0.000091169,0.000030899,1,1.0000,100.00,0,1,1
3355,5689,modest,0.414978,0.002643,0.033119,0.000224104,0.000030220,1,1.0000,100.00,0,1,1
3356,14273,tram,0.085463,0.012628,0.032852,0.000055010,0.000031580,1,1.0000,100.00,0,1,1
3357,18958,elector,0.011747,0.087812,0.032118,0.000033106,0.000041596,1,1.0000,100.00,0,1,1
3358,14377,footprint,0.082526,0.012335,0.031905,0.000053652,0.000031580,1,1.0000,100.00,0,1,1
3359,17784,heats,0.029075,0.032599,0.030787,0.000037181,0.000034633,1,1.0000,100.00,1,0,1
3360,17278,footnote,0.034655,0.027019,0.030600,0.000038877,0.000033954,1,1.0000,100.00,0,1,1
3361,14872,thorn,0.073128,0.012041,0.029674,0.000051270,0.000031580,1,1.0000,100.00,0,1,1
3362,19764,raider,0.002056,0.408517,0.028980,0.000030899,0.000122917,1,1.0000,100.00,0,1,1
3363,15026,plum,0.070485,0.011747,0.028775,0.000050084,0.000031580,1,1.0000,100.00,0,1,1
3364,17157,swimmer,0.036417,0.022026,0.028322,0.000039726,0.000033106,1,1.0000,100.00,0,1,1
3365,16720,stride,0.042878,0.018209,0.027942,0.000041596,0.000032428,1,1.0000,100.00,0,1,1
3366,17203,biologist,0.035830,0.021733,0.027905,0.000038877,0.000033106,1,1.0000,100.00,0,1,1
3367,15220,piston,0.067841,0.011454,0.027875,0.000048897,0.000031580,1,1.0000,100.00,0,1,1
3368,12143,descend,0.129809,0.005580,0.026914,0.000070797,0.000030899,1,1.0000,100.00,0,1,1
3369,15432,squat,0.063142,0.011160,0.026546,0.000047876,0.000031580,1,1.0000,100.00,0,1,1
3370,15446,teamed,0.062849,0.010866,0.026133,0.000047876,0.000031580,1,1.0000,100.00,1,0,1
3371,12284,crisp,0.125698,0.005286,0.025778,0.000069097,0.000030899,1,1.0000,100.00,0,1,1
3372,15528,endeavor,0.061380,0.010573,0.025475,0.000046689,0.000031580,1,1.0000,100.00,0,1,1
3373,8160,escort,0.272834,0.002349,0.025318,0.000131751,0.000030220,1,1.0000,100.00,0,1,1
3374,17275,flashback,0.034949,0.017915,0.025022,0.000038877,0.000032428,1,1.0000,100.00,0,1,1
3375,19393,breeder,0.007048,0.087518,0.024837,0.000031580,0.000041596,1,1.0000,100.00,0,1,1
3376,17646,spec,0.030250,0.017621,0.023088,0.000038031,0.000032428,1,1.0000,100.00,0,1,1
3377,13622,psalm,0.098385,0.004993,0.022163,0.000058910,0.000030899,1,1.0000,100.00,0,1,1
3378,16462,postcard,0.046402,0.010279,0.021840,0.000042615,0.000031580,1,1.0000,100.00,0,1,1
3379,19867,canning,0.001468,0.322467,0.021761,0.000030220,0.000093374,1,1.0000,100.00,1,0,1
3380,19738,overt,0.002349,0.196769,0.021501,0.000030899,0.000058910,1,1.0000,100.00,1,0,1
3381,9496,rig,0.220264,0.002056,0.021280,0.000104754,0.000030220,1,1.0000,100.00,1,0,1
3382,13792,noun,0.093686,0.004699,0.020982,0.000057553,0.000030899,1,1.0000,100.00,0,1,1
3383,16700,rounding,0.043172,0.009985,0.020763,0.000041596,0.000031580,1,1.0000,100.00,1,0,1
3384,13909,convict,0.090749,0.004405,0.019994,0.000056194,0.000030899,1,1.0000,100.00,0,1,1
3385,18865,unionist,0.013216,0.026725,0.018794,0.000033954,0.000033954,1,1.0000,100.00,0,1,1
3386,19675,gloom,0.004699,0.074596,0.018722,0.000030899,0.000039726,1,1.0000,100.00,0,1,1
3387,10197,govern,0.194714,0.001762,0.018523,0.000093374,0.000030220,1,1.0000,100.00,0,1,1
3388,19115,wasp,0.008517,0.040235,0.018512,0.000033106,0.000035485,1,1.0000,100.00,0,1,1
3389,14373,flap,0.083113,0.004112,0.018486,0.000053652,0.000030899,1,1.0000,100.00,0,1,1
3390,19455,glaze,0.006167,0.054919,0.018404,0.000031580,0.000037181,1,1.0000,100.00,0,1,1
3391,19899,devise,0.001175,0.243465,0.016912,0.000030220,0.000070797,1,1.0000,100.00,0,1,1
3392,17952,cadet,0.027313,0.009692,0.016270,0.000036332,0.000031580,1,1.0000,100.00,0,1,1
3393,19682,hinge,0.004405,0.048458,0.014611,0.000030899,0.000036332,1,1.0000,100.00,0,1,1
3394,16257,quotation,0.051982,0.003818,0.014088,0.000043633,0.000030899,1,1.0000,100.00,0,1,1
3395,12756,adore,0.114537,0.001468,0.012969,0.000064516,0.000030220,1,1.0000,100.00,0,1,1
3396,19927,firefighter,0.000587,0.236417,0.011784,0.000030220,0.000069097,1,1.0000,100.00,0,1,1
3397,19907,dune,0.000881,0.101322,0.009448,0.000030220,0.000043633,1,1.0000,100.00,0,1,1
3398,14967,harmed,0.071659,0.001175,0.009175,0.000050084,0.000030220,1,1.0000,100.00,1,0,1
3399,15697,beetle,0.059325,0.000881,0.007230,0.000045669,0.000030220,1,1.0000,100.00,0,1,1
3400,19973,lair,0.000294,0.115419,0.005822,0.000030220,0.000045669,1,1.0000,100.00,1,0,1
3401,19798,slum,0.001762,0.017327,0.005526,0.000030899,0.000032428,1,1.0000,100.00,0,1,1
3402,19697,leftover,0.003231,0.009398,0.005510,0.000030899,0.000031580,1,1.0000,100.00,0,1,1
3403,17000,delusion,0.039648,0.000587,0.004826,0.000039726,0.000030220,1,1.0000,100.00,0,1,1
3404,18056,mathematician,0.024963,0.000294,0.002708,0.000036332,0.000030220,1,1.0000,100.00,0,1,1
3405,19978,lice,0.000000,0.621439,0.000000,0.000030220,0.000280482,3,1.6667,100.00,1,2,3
3406,18207,coyote,0.023201,0.000000,0.000000,0.000035485,0.000030220,1,1.0000,100.00,0,1,1