alpha_rank,source_rank,word,log_frequency,scowl60_admit,scowl_direct_headword,scowl_derived_form,scowl_nosuggest,wordnet_pos_direct,stage0_graph_member,stage0_seed_candidate,parent_L,parent_R,children_L,children_R,in_edge_count,out_edge_count,tier,gate_version
10001,10190,clifford,-12.0892,0,0,0,0,,0,0,,,,,0,0,F20K,SCOWL60_STABLE_2020.12.07+WN3.1
10002,10191,combines,-12.0892,1,0,1,0,,1,0,,combine,,,1,0,F20K,SCOWL60_STABLE_2020.12.07+WN3.1
10003,10192,communion,-12.0892,1,1,1,0,N,0,0,,,,,0,0,F20K,SCOWL60_STABLE_2020.12.07+WN3.1
10004,10193,comrades,-12.0892,1,0,1,0,,1,0,,comrade,,,1,0,F20K,SCOWL60_STABLE_2020.12.07+WN3.1
10005,10194,confessed,-12.0892,1,1,1,0,,0,0,,,,,0,0,F20K,SCOWL60_STABLE_2020.12.07+WN3.1
10006,10195,conquered,-12.0892,1,1,1,0,,0,0,,,,,0,0,F20K,SCOWL60_STABLE_2020.12.07+WN3.1
10007,10196,constable,-12.0892,1,1,0,0,N,0,0,,,,,0,0,F20K,SCOWL60_STABLE_2020.12.07+WN3.1
10008,10197,coordinated,-12.0892,1,1,1,0,ADJ,1,0,,coordinate,,,1,0,F20K,SCOWL60_STABLE_2020.12.07+WN3.1
10009,10198,corpse,-12.0892,1,1,0,0,N,1,1,,corps,,corpses,1,1,F20K,SCOWL60_STABLE_2020.12.07+WN3.1
10010,10199,counterpart,-12.0892,1,1,0,0,N,1,1,,,,counterparts,0,1,F20K,SCOWL60_STABLE_2020.12.07+WN3.1
10011,10200,creed,-12.0892,1,1,0,0,N,1,0,reed,,,,1,0,F20K,SCOWL60_STABLE_2020.12.07+WN3.1
10012,10201,crushing,-12.0892,1,1,1,0,N|ADJ,1,0,rushing,,,,1,0,F20K,SCOWL60_STABLE_2020.12.07+WN3.1
10013,10202,curved,-12.0892,1,0,1,0,ADJ,1,0,,curve,,,1,0,F20K,SCOWL60_STABLE_2020.12.07+WN3.1
10014,10203,daisy,-12.0892,1,1,0,0,N,0,0,,,,,0,0,F20K,SCOWL60_STABLE_2020.12.07+WN3.1
10015,10204,dawson,-12.0892,0,0,0,0,N,0,0,,,,,0,0,F20K,SCOWL60_STABLE_2020.12.07+WN3.1
10016,10206,deed,-12.0892,1,1,1,0,N,1,1,,,,deeds,0,1,F20K,SCOWL60_STABLE_2020.12.07+WN3.1
10017,10207,deficiency,-12.0892,1,1,0,0,N,0,0,,,,,0,0,F20K,SCOWL60_STABLE_2020.12.07+WN3.1
10018,10208,denis,-12.0892,0,0,0,0,,0,0,,,,,0,0,F20K,SCOWL60_STABLE_2020.12.07+WN3.1
10019,10209,diagram,-12.0892,1,1,0,0,N|V,1,1,,,,diagrams,0,1,F20K,SCOWL60_STABLE_2020.12.07+WN3.1
10020,10210,disco,-12.0892,1,1,1,0,N|V,1,0,,disc,,,1,0,F20K,SCOWL60_STABLE_2020.12.07+WN3.1
10021,10211,dispatch,-12.0892,1,0,1,0,N|V,0,0,,,,,0,0,F20K,SCOWL60_STABLE_2020.12.07+WN3.1
10022,10212,domains,-12.0892,1,0,1,0,,1,0,,domain,,,1,0,F20K,SCOWL60_STABLE_2020.12.07+WN3.1
10023,10213,dreamed,-12.0892,1,1,1,0,ADJ,0,0,,,,,0,0,F20K,SCOWL60_STABLE_2020.12.07+WN3.1
10024,10214,dye,-12.0892,1,1,0,0,N|V,1,1,ye,,,dyed;dyes,1,2,F20K,SCOWL60_STABLE_2020.12.07+WN3.1
10025,10215,edgar,-12.0892,0,0,0,0,N,0,0,,,,,0,0,F20K,SCOWL60_STABLE_2020.12.07+WN3.1
10026,10216,eds,-12.0892,1,0,1,0,N,1,1,,ed,beds;reds;feds,,1,3,F20K,SCOWL60_STABLE_2020.12.07+WN3.1
10027,10217,enjoyment,-12.0892,1,1,1,0,N,0,0,,,,,0,0,F20K,SCOWL60_STABLE_2020.12.07+WN3.1
10028,10218,epa,-12.0892,0,0,0,0,N,0,0,,,,,0,0,F20K,SCOWL60_STABLE_2020.12.07+WN3.1
10029,10219,evolving,-12.0892,1,0,1,0,,1,1,,,revolving,,0,1,F20K,SCOWL60_STABLE_2020.12.07+WN3.1
10030,10220,exercised,-12.0892,1,0,1,0,,1,0,,exercise,,,1,0,F20K,SCOWL60_STABLE_2020.12.07+WN3.1
10031,10221,faded,-12.0892,1,0,1,0,ADJ,1,0,,fade,,,1,0,F20K,SCOWL60_STABLE_2020.12.07+WN3.1
10032,10222,fernando,-12.0892,0,0,0,0,,0,0,,,,,0,0,F20K,SCOWL60_STABLE_2020.12.07+WN3.1
10033,10223,finite,-12.0892,1,1,0,0,ADJ,0,0,,,,,0,0,F20K,SCOWL60_STABLE_2020.12.07+WN3.1
10034,10224,firstly,-12.0892,1,0,1,0,ADV,0,0,,,,,0,0,F20K,SCOWL60_STABLE_2020.12.07+WN3.1
10035,10225,fisheries,-12.0892,1,0,1,0,,0,0,,,,,0,0,F20K,SCOWL60_STABLE_2020.12.07+WN3.1
10036,10226,fluids,-12.0892,1,0,1,0,,1,0,,fluid,,,1,0,F20K,SCOWL60_STABLE_2020.12.07+WN3.1
10037,10227,garrison,-12.0892,1,1,0,0,N|V,0,0,,,,,0,0,F20K,SCOWL60_STABLE_2020.12.07+WN3.1
10038,10228,glimpse,-12.0892,1,1,0,0,N|V,0,0,,,,,0,0,F20K,SCOWL60_STABLE_2020.12.07+WN3.1
10039,10229,gothic,-12.0892,0,0,0,0,N|ADJ,0,0,,,,,0,0,F20K,SCOWL60_STABLE_2020.12.07+WN3.1
10040,10230,gradual,-12.0892,1,1,0,0,N|ADJ,0,0,,,,,0,0,F20K,SCOWL60_STABLE_2020.12.07+WN3.1
10041,10231,guardians,-12.0892,1,0,1,0,,1,0,,guardian,,,1,0,F20K,SCOWL60_STABLE_2020.12.07+WN3.1
10042,10232,guru,-12.0892,1,1,0,0,N,0,0,,,,,0,0,F20K,SCOWL60_STABLE_2020.12.07+WN3.1
10043,10233,hairs,-12.0892,1,0,1,0,,1,1,airs,hair,chairs,,2,1,F20K,SCOWL60_STABLE_2020.12.07+WN3.1
10044,10234,halo,-12.0892,1,1,0,0,N,0,0,,,,,0,0,F20K,SCOWL60_STABLE_2020.12.07+WN3.1
10045,10235,harmless,-12.0892,1,1,0,0,ADJ,0,0,,,,,0,0,F20K,SCOWL60_STABLE_2020.12.07+WN3.1
10046,10236,hating,-12.0892,1,0,1,0,,0,0,,,,,0,0,F20K,SCOWL60_STABLE_2020.12.07+WN3.1
10047,10237,hopeless,-12.0892,1,1,0,0,ADJ,0,0,,,,,0,0,F20K,SCOWL60_STABLE_2020.12.07+WN3.1
10048,10238,hq,-12.0892,0,0,0,0,N,0,0,,,,,0,0,F20K,SCOWL60_STABLE_2020.12.07+WN3.1
10049,10239,hygiene,-12.0892,1,1,0,0,N,0,0,,,,,0,0,F20K,SCOWL60_STABLE_2020.12.07+WN3.1
10050,10240,identifies,-12.0892,1,0,1,0,,0,0,,,,,0,0,F20K,SCOWL60_STABLE_2020.12.07+WN3.1
10051,10241,innovations,-12.0892,1,0,1,0,,1,0,,innovation,,,1,0,F20K,SCOWL60_STABLE_2020.12.07+WN3.1
10052,10242,inputs,-12.0892,1,0,1,0,,1,0,,input,,,1,0,F20K,SCOWL60_STABLE_2020.12.07+WN3.1
10053,10243,insect,-12.0892,1,0,1,0,N,1,1,,,,insects,0,1,F20K,SCOWL60_STABLE_2020.12.07+WN3.1
10054,10244,instability,-12.0892,1,1,1,0,N,0,0,,,,,0,0,F20K,SCOWL60_STABLE_2020.12.07+WN3.1
10055,10245,insulin,-12.0892,1,1,0,0,N,0,0,,,,,0,0,F20K,SCOWL60_STABLE_2020.12.07+WN3.1
10056,10246,intentionally,-12.0892,1,0,1,0,ADV,0,0,,,,,0,0,F20K,SCOWL60_STABLE_2020.12.07+WN3.1
10057,10247,interventions,-12.0892,1,0,1,0,,1,0,,intervention,,,1,0,F20K,SCOWL60_STABLE_2020.12.07+WN3.1
10058,10248,isle,-12.0892,1,1,0,0,N,1,1,,,aisle,isles,0,2,F20K,SCOWL60_STABLE_2020.12.07+WN3.1
10059,10249,ja,-12.0892,0,0,0,0,,0,0,,,,,0,0,F20K,SCOWL60_STABLE_2020.12.07+WN3.1
10060,10250,judaism,-12.0892,0,0,0,0,N,0,0,,,,,0,0,F20K,SCOWL60_STABLE_2020.12.07+WN3.1
10061,10251,killings,-12.0892,1,0,1,0,,1,0,,killing,,,1,0,F20K,SCOWL60_STABLE_2020.12.07+WN3.1
10062,10252,kisses,-12.0892,1,0,1,0,,0,0,,,,,0,0,F20K,SCOWL60_STABLE_2020.12.07+WN3.1
10063,10253,lava,-12.0892,1,1,0,0,N,0,0,,,,,0,0,F20K,SCOWL60_STABLE_2020.12.07+WN3.1
10064,10254,lego,-12.0892,0,0,0,0,N,0,0,,,,,0,0,F20K,SCOWL60_STABLE_2020.12.07+WN3.1
10065,10255,licenses,-12.0892,1,0,1,0,,1,0,,license,,,1,0,F20K,SCOWL60_STABLE_2020.12.07+WN3.1
10066,10256,lookin,-12.0892,0,0,0,0,,0,0,,,,,0,0,F20K,SCOWL60_STABLE_2020.12.07+WN3.1
10067,10257,lynn,-12.0892,0,0,0,0,,0,0,,,,,0,0,F20K,SCOWL60_STABLE_2020.12.07+WN3.1
10068,10258,macdonald,-12.0892,0,0,0,0,,0,0,,,,,0,0,F20K,SCOWL60_STABLE_2020.12.07+WN3.1
10069,10259,manifest,-12.0892,1,1,0,0,N|V|ADJ,1,1,,,,manifesto,0,1,F20K,SCOWL60_STABLE_2020.12.07+WN3.1
10070,10260,maxwell,-12.0892,0,0,0,0,N,0,0,,,,,0,0,F20K,SCOWL60_STABLE_2020.12.07+WN3.1
10071,10261,melted,-12.0892,1,0,1,0,ADJ,0,0,,,,,0,0,F20K,SCOWL60_STABLE_2020.12.07+WN3.1
10072,10262,migrant,-12.0892,1,1,0,0,N|ADJ,1,1,,,,migrants,0,1,F20K,SCOWL60_STABLE_2020.12.07+WN3.1
10073,10263,natalie,-12.0892,0,0,0,0,,0,0,,,,,0,0,F20K,SCOWL60_STABLE_2020.12.07+WN3.1
10074,10264,nationalism,-12.0892,1,1,0,0,N,0,0,,,,,0,0,F20K,SCOWL60_STABLE_2020.12.07+WN3.1
10075,10265,nigel,-12.0892,0,0,0,0,,0,0,,,,,0,0,F20K,SCOWL60_STABLE_2020.12.07+WN3.1
10076,10266,oops,-12.0892,1,1,0,0,,1,1,ops,,loops;hoops,,1,2,F20K,SCOWL60_STABLE_2020.12.07+WN3.1
10077,10267,panthers,-12.0892,1,0,1,0,,1,0,,panther,,,1,0,F20K,SCOWL60_STABLE_2020.12.07+WN3.1
10078,10268,partisan,-12.0892,1,1,0,0,N|ADJ,1,0,artisan,,,,1,0,F20K,SCOWL60_STABLE_2020.12.07+WN3.1
10079,10269,peterson,-12.0892,0,0,0,0,,0,0,,,,,0,0,F20K,SCOWL60_STABLE_2020.12.07+WN3.1
10080,10270,pg,-12.0892,1,1,0,0,,0,0,,,,,0,0,F20K,SCOWL60_STABLE_2020.12.07+WN3.1
10081,10271,photographers,-12.0892,1,0,1,0,,1,0,,photographer,,,1,0,F20K,SCOWL60_STABLE_2020.12.07+WN3.1
10082,10272,picnic,-12.0892,1,1,0,0,N|V,0,0,,,,,0,0,F20K,SCOWL60_STABLE_2020.12.07+WN3.1
10083,10273,policeman,-12.0892,1,1,0,0,N,0,0,,,,,0,0,F20K,SCOWL60_STABLE_2020.12.07+WN3.1
10084,10274,pots,-12.0892,1,0,1,0,,1,1,,pot,spots,,1,1,F20K,SCOWL60_STABLE_2020.12.07+WN3.1
10085,10275,presenter,-12.0892,1,1,1,0,N,1,1,,,,presenters,0,1,F20K,SCOWL60_STABLE_2020.12.07+WN3.1
10086,10276,projections,-12.0892,1,0,1,0,,1,0,,projection,,,1,0,F20K,SCOWL60_STABLE_2020.12.07+WN3.1
10087,10277,proportions,-12.0892,1,0,1,0,,1,0,,proportion,,,1,0,F20K,SCOWL60_STABLE_2020.12.07+WN3.1
10088,10278,proxy,-12.0892,1,1,0,0,N,0,0,,,,,0,0,F20K,SCOWL60_STABLE_2020.12.07+WN3.1
10089,10279,queue,-12.0892,1,1,0,0,N|V,0,0,,,,,0,0,F20K,SCOWL60_STABLE_2020.12.07+WN3.1
10090,10280,rabbi,-12.0892,1,1,0,0,N,1,1,,,,rabbit,0,1,F20K,SCOWL60_STABLE_2020.12.07+WN3.1
10091,10281,reckon,-12.0892,1,1,0,0,V,0,0,,,,,0,0,F20K,SCOWL60_STABLE_2020.12.07+WN3.1
10092,10282,relaxation,-12.0892,1,1,0,0,N,0,0,,,,,0,0,F20K,SCOWL60_STABLE_2020.12.07+WN3.1
10093,10283,repaired,-12.0892,1,0,1,0,,0,0,,,,,0,0,F20K,SCOWL60_STABLE_2020.12.07+WN3.1
10094,10284,respecting,-12.0892,1,0,1,0,,0,0,,,,,0,0,F20K,SCOWL60_STABLE_2020.12.07+WN3.1
10095,10285,retaining,-12.0892,1,0,1,0,,0,0,,,,,0,0,F20K,SCOWL60_STABLE_2020.12.07+WN3.1
10096,10286,retarded,-12.0892,1,0,1,0,N|ADJ,0,0,,,,,0,0,F20K,SCOWL60_STABLE_2020.12.07+WN3.1
10097,10287,rigid,-12.0892,1,1,0,0,ADJ,0,0,,,,,0,0,F20K,SCOWL60_STABLE_2020.12.07+WN3.1
10098,10288,sank,-12.0892,1,1,0,0,,0,0,,,,,0,0,F20K,SCOWL60_STABLE_2020.12.07+WN3.1
10099,10289,saul,-12.0892,0,0,0,0,N,0,0,,,,,0,0,F20K,SCOWL60_STABLE_2020.12.07+WN3.1
10100,10290,scrutiny,-12.0892,1,1,0,0,N,0,0,,,,,0,0,F20K,SCOWL60_STABLE_2020.12.07+WN3.1
10101,10291,signatures,-12.0892,1,0,1,0,,1,0,,signature,,,1,0,F20K,SCOWL60_STABLE_2020.12.07+WN3.1
10102,10292,slogan,-12.0892,1,1,0,0,N,1,1,,,,slogans,0,1,F20K,SCOWL60_STABLE_2020.12.07+WN3.1
10103,10293,slots,-12.0892,1,0,1,0,,1,0,lots,slot,,,2,0,F20K,SCOWL60_STABLE_2020.12.07+WN3.1
10104,10294,spokesman,-12.0892,1,1,0,0,N,0,0,,,,,0,0,F20K,SCOWL60_STABLE_2020.12.07+WN3.1
10105,10295,statutes,-12.0892,1,0,1,0,,1,0,,statute,,,1,0,F20K,SCOWL60_STABLE_2020.12.07+WN3.1
10106,10296,stimulate,-12.0892,1,1,0,0,V,1,1,,,,stimulated,0,1,F20K,SCOWL60_STABLE_2020.12.07+WN3.1
10107,10297,strive,-12.0892,1,1,0,0,V,0,0,,,,,0,0,F20K,SCOWL60_STABLE_2020.12.07+WN3.1
10108,10298,surge,-12.0892,1,1,0,0,N|V,1,0,urge,,,,1,0,F20K,SCOWL60_STABLE_2020.12.07+WN3.1
10109,10299,surveyed,-12.0892,1,0,1,0,,0,0,,,,,0,0,F20K,SCOWL60_STABLE_2020.12.07+WN3.1
10110,10300,taller,-12.0892,1,0,1,0,,0,0,,,,,0,0,F20K,SCOWL60_STABLE_2020.12.07+WN3.1
10111,10301,temptation,-12.0892,1,1,0,0,N,0,0,,,,,0,0,F20K,SCOWL60_STABLE_2020.12.07+WN3.1
10112,10302,titan,-12.0892,1,1,0,0,N,1,1,,,,titans,0,1,F20K,SCOWL60_STABLE_2020.12.07+WN3.1
10113,10303,tore,-12.0892,1,1,0,0,N,1,1,ore,tor,store,,2,1,F20K,SCOWL60_STABLE_2020.12.07+WN3.1
10114,10304,traps,-12.0892,1,0,1,0,,1,1,,trap,straps,,1,1,F20K,SCOWL60_STABLE_2020.12.07+WN3.1
10115,10305,traumatic,-12.0892,1,1,0,0,ADJ,0,0,,,,,0,0,F20K,SCOWL60_STABLE_2020.12.07+WN3.1
10116,10306,tunes,-12.0892,1,0,1,0,,1,0,,tune,,,1,0,F20K,SCOWL60_STABLE_2020.12.07+WN3.1
10117,10307,tunisia,-12.0892,0,0,0,0,N,0,0,,,,,0,0,F20K,SCOWL60_STABLE_2020.12.07+WN3.1
10118,10308,tutorial,-12.0892,1,1,0,0,N|ADJ,1,1,,,,tutorials,0,1,F20K,SCOWL60_STABLE_2020.12.07+WN3.1
10119,10309,uber,-12.0892,0,0,0,0,,0,0,,,,,0,0,F20K,SCOWL60_STABLE_2020.12.07+WN3.1
10120,10310,unusually,-12.0892,1,0,1,0,ADV,0,0,,,,,0,0,F20K,SCOWL60_STABLE_2020.12.07+WN3.1
10121,10311,upgrades,-12.0892,1,0,1,0,,1,0,,upgrade,,,1,0,F20K,SCOWL60_STABLE_2020.12.07+WN3.1
10122,10312,upwards,-12.0892,1,0,1,0,ADV,1,0,,upward,,,1,0,F20K,SCOWL60_STABLE_2020.12.07+WN3.1
10123,10313,val,-12.0892,1,1,0,0,,1,1,,,oval,vale,0,2,F20K,SCOWL60_STABLE_2020.12.07+WN3.1
10124,10314,vanilla,-12.0892,1,1,0,0,N|ADJ,0,0,,,,,0,0,F20K,SCOWL60_STABLE_2020.12.07+WN3.1
10125,10315,vanished,-12.0892,1,0,1,0,ADJ,0,0,,,,,0,0,F20K,SCOWL60_STABLE_2020.12.07+WN3.1
10126,10316,vein,-12.0892,1,1,0,0,N|V,1,1,,,,veins,0,1,F20K,SCOWL60_STABLE_2020.12.07+WN3.1
10127,10317,veins,-12.0892,1,0,1,0,,1,0,,vein,,,1,0,F20K,SCOWL60_STABLE_2020.12.07+WN3.1
10128,10318,vent,-12.0892,1,1,0,0,N|V,1,1,,,event,vents,0,2,F20K,SCOWL60_STABLE_2020.12.07+WN3.1
10129,10319,versa,-12.0892,1,1,0,0,,0,0,,,,,0,0,F20K,SCOWL60_STABLE_2020.12.07+WN3.1
10130,10320,vibe,-12.0892,1,1,0,0,N,0,0,,,,,0,0,F20K,SCOWL60_STABLE_2020.12.07+WN3.1
10131,10321,voiced,-12.0892,1,1,1,0,ADJ,1,0,,voice,,,1,0,F20K,SCOWL60_STABLE_2020.12.07+WN3.1
10132,10322,volatile,-12.0892,1,1,0,0,N|ADJ,0,0,,,,,0,0,F20K,SCOWL60_STABLE_2020.12.07+WN3.1
10133,10323,volcano,-12.0892,1,1,0,0,N,0,0,,,,,0,0,F20K,SCOWL60_STABLE_2020.12.07+WN3.1
10134,10324,warranty,-12.0892,1,1,0,0,N,1,0,,warrant,,,1,0,F20K,SCOWL60_STABLE_2020.12.07+WN3.1
10135,10325,wired,-12.0892,1,1,1,0,ADJ,1,0,,wire,,,1,0,F20K,SCOWL60_STABLE_2020.12.07+WN3.1
10136,10326,worms,-12.0892,1,0,1,0,,1,0,,worm,,,1,0,F20K,SCOWL60_STABLE_2020.12.07+WN3.1
10137,10327,xp,-12.0892,0,0,0,0,,0,0,,,,,0,0,F20K,SCOWL60_STABLE_2020.12.07+WN3.1
10138,10328,zimbabwe,-12.0892,0,0,0,0,N,0,0,,,,,0,0,F20K,SCOWL60_STABLE_2020.12.07+WN3.1
10139,10329,accomplishments,-12.1108,1,0,1,0,,1,0,,accomplishment,,,1,0,F20K,SCOWL60_STABLE_2020.12.07+WN3.1
10140,10330,afl,-12.1108,0,0,0,0,N,0,0,,,,,0,0,F20K,SCOWL60_STABLE_2020.12.07+WN3.1
10141,10331,alexandria,-12.1108,0,0,0,0,N,0,0,,,,,0,0,F20K,SCOWL60_STABLE_2020.12.07+WN3.1
10142,10332,antenna,-12.1108,1,1,0,0,N,0,0,,,,,0,0,F20K,SCOWL60_STABLE_2020.12.07+WN3.1
10143,10333,audition,-12.1108,1,1,0,0,N|V,1,1,,,,auditions,0,1,F20K,SCOWL60_STABLE_2020.12.07+WN3.1
10144,10334,bahrain,-12.1108,0,0,0,0,N,0,0,,,,,0,0,F20K,SCOWL60_STABLE_2020.12.07+WN3.1
10145,10335,beams,-12.1108,1,0,1,0,,1,0,,beam,,,1,0,F20K,SCOWL60_STABLE_2020.12.07+WN3.1
10146,10336,bf,-12.1108,1,1,0,0,,0,0,,,,,0,0,F20K,SCOWL60_STABLE_2020.12.07+WN3.1
10147,10337,brett,-12.1108,0,0,0,0,,0,0,,,,,0,0,F20K,SCOWL60_STABLE_2020.12.07+WN3.1
10148,10338,chang,-12.1108,0,0,0,0,N,0,0,,,,,0,0,F20K,SCOWL60_STABLE_2020.12.07+WN3.1
10149,10339,chop,-12.1108,1,1,0,0,N|V,1,1,hop,,,chops,1,1,F20K,SCOWL60_STABLE_2020.12.07+WN3.1
10150,10340,chopped,-12.1108,1,1,0,0,ADJ,0,0,,,,,0,0,F20K,SCOWL60_STABLE_2020.12.07+WN3.1
10151,10341,comfortably,-12.1108,1,1,0,0,ADV,0,0,,,,,0,0,F20K,SCOWL60_STABLE_2020.12.07+WN3.1
10152,10342,communal,-12.1108,1,1,0,0,ADJ,0,0,,,,,0,0,F20K,SCOWL60_STABLE_2020.12.07+WN3.1
10153,10343,compares,-12.1108,1,0,1,0,,1,0,,compare,,,1,0,F20K,SCOWL60_STABLE_2020.12.07+WN3.1
10154,10344,compelled,-12.1108,1,1,0,0,,0,0,,,,,0,0,F20K,SCOWL60_STABLE_2020.12.07+WN3.1
10155,10345,consortium,-12.1108,1,1,0,0,N,0,0,,,,,0,0,F20K,SCOWL60_STABLE_2020.12.07+WN3.1
10156,10346,constituency,-12.1108,1,1,0,0,N,0,0,,,,,0,0,F20K,SCOWL60_STABLE_2020.12.07+WN3.1
10157,10347,contempt,-12.1108,1,1,0,0,N,0,0,,,,,0,0,F20K,SCOWL60_STABLE_2020.12.07+WN3.1
10158,10348,contributes,-12.1108,1,0,1,0,,1,0,,contribute,,,1,0,F20K,SCOWL60_STABLE_2020.12.07+WN3.1
10159,10349,converting,-12.1108,1,0,1,0,,0,0,,,,,0,0,F20K,SCOWL60_STABLE_2020.12.07+WN3.1
10160,10350,convoy,-12.1108,1,1,0,0,N|V,0,0,,,,,0,0,F20K,SCOWL60_STABLE_2020.12.07+WN3.1
10161,10351,copenhagen,-12.1108,0,0,0,0,N,0,0,,,,,0,0,F20K,SCOWL60_STABLE_2020.12.07+WN3.1
10162,10352,cornwall,-12.1108,0,0,0,0,N,0,0,,,,,0,0,F20K,SCOWL60_STABLE_2020.12.07+WN3.1
10163,10353,costing,-12.1108,1,0,1,0,N,0,0,,,,,0,0,F20K,SCOWL60_STABLE_2020.12.07+WN3.1
10164,10354,crab,-12.1108,1,1,0,0,N|V,1,1,,,,crabs,0,1,F20K,SCOWL60_STABLE_2020.12.07+WN3.1
10165,10355,cured,-12.1108,1,1,1,0,ADJ,1,0,,cure,,,1,0,F20K,SCOWL60_STABLE_2020.12.07+WN3.1
10166,10356,cuz,-12.1108,0,0,0,0,,0,0,,,,,0,0,F20K,SCOWL60_STABLE_2020.12.07+WN3.1
10167,10357,dammit,-12.1108,1,1,0,0,,0,0,,,,,0,0,F20K,SCOWL60_STABLE_2020.12.07+WN3.1
10168,10358,davidson,-12.1108,0,0,0,0,,0,0,,,,,0,0,F20K,SCOWL60_STABLE_2020.12.07+WN3.1
10169,10359,db,-12.1108,1,1,0,0,N,0,0,,,,,0,0,F20K,SCOWL60_STABLE_2020.12.07+WN3.1
10170,10360,decreasing,-12.1108,1,1,1,0,ADJ,0,0,,,,,0,0,F20K,SCOWL60_STABLE_2020.12.07+WN3.1
10171,10361,defect,-12.1108,1,1,0,0,N|V,1,1,,,,defects,0,1,F20K,SCOWL60_STABLE_2020.12.07+WN3.1
10172,10362,denies,-12.1108,1,0,1,0,,0,0,,,,,0,0,F20K,SCOWL60_STABLE_2020.12.07+WN3.1
10173,10363,disciplines,-12.1108,1,0,1,0,,1,0,,discipline,,,1,0,F20K,SCOWL60_STABLE_2020.12.07+WN3.1
10174,10364,disguise,-12.1108,1,1,1,0,N|V,1,1,,,,disguised,0,1,F20K,SCOWL60_STABLE_2020.12.07+WN3.1
10175,10365,dividends,-12.1108,1,0,1,0,,1,0,,dividend,,,1,0,F20K,SCOWL60_STABLE_2020.12.07+WN3.1
10176,10366,dorothy,-12.1108,0,0,0,0,,0,0,,,,,0,0,F20K,SCOWL60_STABLE_2020.12.07+WN3.1
10177,10367,downloading,-12.1108,1,0,1,0,,0,0,,,,,0,0,F20K,SCOWL60_STABLE_2020.12.07+WN3.1
10178,10368,downward,-12.1108,1,1,0,0,ADJ|ADV,0,0,,,,,0,0,F20K,SCOWL60_STABLE_2020.12.07+WN3.1
10179,10369,drowning,-12.1108,1,1,1,0,,0,0,,,,,0,0,F20K,SCOWL60_STABLE_2020.12.07+WN3.1
10180,10370,drying,-12.1108,1,0,1,0,,0,0,,,,,0,0,F20K,SCOWL60_STABLE_2020.12.07+WN3.1
10181,10371,dwelling,-12.1108,1,1,1,0,N,1,1,,,,dwellings,0,1,F20K,SCOWL60_STABLE_2020.12.07+WN3.1
10182,10372,ecology,-12.1108,1,1,0,0,N,0,0,,,,,0,0,F20K,SCOWL60_STABLE_2020.12.07+WN3.1
10183,10373,electron,-12.1108,1,1,0,0,N,1,1,,,,electrons,0,1,F20K,SCOWL60_STABLE_2020.12.07+WN3.1
10184,10374,enjoyable,-12.1108,1,0,1,0,ADJ,0,0,,,,,0,0,F20K,SCOWL60_STABLE_2020.12.07+WN3.1
10185,10375,equations,-12.1108,1,0,1,0,,1,0,,equation,,,1,0,F20K,SCOWL60_STABLE_2020.12.07+WN3.1
10186,10376,eugene,-12.1108,0,0,0,0,N,0,0,,,,,0,0,F20K,SCOWL60_STABLE_2020.12.07+WN3.1
10187,10377,exceeding,-12.1108,1,1,1,0,ADJ,0,0,,,,,0,0,F20K,SCOWL60_STABLE_2020.12.07+WN3.1
10188,10378,exceptionally,-12.1108,1,0,1,0,ADV,0,0,,,,,0,0,F20K,SCOWL60_STABLE_2020.12.07+WN3.1
10189,10379,faint,-12.1108,1,1,0,0,N|V|ADJ,0,0,,,,,0,0,F20K,SCOWL60_STABLE_2020.12.07+WN3.1
10190,10380,fda,-12.1108,0,0,0,0,N,0,0,,,,,0,0,F20K,SCOWL60_STABLE_2020.12.07+WN3.1
10191,10381,fines,-12.1108,1,0,1,0,,1,1,,fine,,finest,1,1,F20K,SCOWL60_STABLE_2020.12.07+WN3.1
10192,10382,forestry,-12.1108,1,1,0,0,N,0,0,,,,,0,0,F20K,SCOWL60_STABLE_2020.12.07+WN3.1
10193,10383,galleries,-12.1108,1,0,1,0,,0,0,,,,,0,0,F20K,SCOWL60_STABLE_2020.12.07+WN3.1
10194,10384,gazette,-12.1108,1,1,0,0,N|V,0,0,,,,,0,0,F20K,SCOWL60_STABLE_2020.12.07+WN3.1
10195,10385,gem,-12.1108,1,1,0,0,N,1,1,em,,,gems,1,1,F20K,SCOWL60_STABLE_2020.12.07+WN3.1
10196,10386,gloria,-12.1108,0,0,0,0,,0,0,,,,,0,0,F20K,SCOWL60_STABLE_2020.12.07+WN3.1
10197,10387,govern,-12.1108,1,1,0,0,V,1,1,,,,governs,0,1,F20K,SCOWL60_STABLE_2020.12.07+WN3.1
10198,10388,gram,-12.1108,1,1,0,0,N,1,1,ram,,,grams,1,1,F20K,SCOWL60_STABLE_2020.12.07+WN3.1
10199,10389,grandpa,-12.1108,1,1,0,0,N,0,0,,,,,0,0,F20K,SCOWL60_STABLE_2020.12.07+WN3.1
10200,10390,grapes,-12.1108,1,0,1,0,,1,0,rapes,grape,,,2,0,F20K,SCOWL60_STABLE_2020.12.07+WN3.1
10201,10391,gravel,-12.1108,1,1,0,0,N|V,1,0,,grave,,,1,0,F20K,SCOWL60_STABLE_2020.12.07+WN3.1
10202,10392,guiding,-12.1108,1,0,1,0,ADJ,0,0,,,,,0,0,F20K,SCOWL60_STABLE_2020.12.07+WN3.1
10203,10393,hacking,-12.1108,1,1,1,0,,0,0,,,,,0,0,F20K,SCOWL60_STABLE_2020.12.07+WN3.1
10204,10394,hamlet,-12.1108,1,1,0,0,N,0,0,,,,,0,0,F20K,SCOWL60_STABLE_2020.12.07+WN3.1
10205,10395,improves,-12.1108,1,0,1,0,,1,0,,improve,,,1,0,F20K,SCOWL60_STABLE_2020.12.07+WN3.1
10206,10396,incapable,-12.1108,1,0,1,0,ADJ,0,0,,,,,0,0,F20K,SCOWL60_STABLE_2020.12.07+WN3.1
10207,10397,ingredient,-12.1108,1,1,0,0,N,1,1,,,,ingredients,0,1,F20K,SCOWL60_STABLE_2020.12.07+WN3.1
10208,10398,internally,-12.1108,1,0,1,0,ADV,0,0,,,,,0,0,F20K,SCOWL60_STABLE_2020.12.07+WN3.1
10209,10399,interstate,-12.1108,1,1,0,0,N|ADJ,0,0,,,,,0,0,F20K,SCOWL60_STABLE_2020.12.07+WN3.1
10210,10400,irregular,-12.1108,1,1,0,0,N|ADJ,0,0,,,,,0,0,F20K,SCOWL60_STABLE_2020.12.07+WN3.1
10211,10401,judy,-12.1108,0,0,0,0,,0,0,,,,,0,0,F20K,SCOWL60_STABLE_2020.12.07+WN3.1
10212,10402,kai,-12.1108,0,0,0,0,,0,0,,,,,0,0,F20K,SCOWL60_STABLE_2020.12.07+WN3.1
10213,10403,kurdish,-12.1108,0,0,0,0,N|ADJ,0,0,,,,,0,0,F20K,SCOWL60_STABLE_2020.12.07+WN3.1
10214,10404,lakers,-12.1108,0,0,0,0,,0,0,,,,,0,0,F20K,SCOWL60_STABLE_2020.12.07+WN3.1
10215,10405,lick,-12.1108,1,1,0,0,N|V,1,1,,,click;slick;flick,,0,3,F20K,SCOWL60_STABLE_2020.12.07+WN3.1
10216,10406,lifelong,-12.1108,1,1,0,0,ADJ,0,0,,,,,0,0,F20K,SCOWL60_STABLE_2020.12.07+WN3.1
10217,10407,lil,-12.1108,0,0,0,0,,0,0,,,,,0,0,F20K,SCOWL60_STABLE_2020.12.07+WN3.1
10218,10408,lin,-12.1108,0,0,0,0,N,0,0,,,,,0,0,F20K,SCOWL60_STABLE_2020.12.07+WN3.1
10219,10409,logging,-12.1108,1,1,0,0,N,1,1,,,blogging,,0,1,F20K,SCOWL60_STABLE_2020.12.07+WN3.1
10220,10410,lump,-12.1108,1,1,0,0,N|V,1,1,,,slump,,0,1,F20K,SCOWL60_STABLE_2020.12.07+WN3.1
10221,10411,mackenzie,-12.1108,0,0,0,0,N,0,0,,,,,0,0,F20K,SCOWL60_STABLE_2020.12.07+WN3.1
10222,10413,microphone,-12.1108,1,1,0,0,N,0,0,,,,,0,0,F20K,SCOWL60_STABLE_2020.12.07+WN3.1
10223,10414,misunderstanding,-12.1108,1,1,1,0,N,0,0,,,,,0,0,F20K,SCOWL60_STABLE_2020.12.07+WN3.1
10224,10415,monte,-12.1108,0,0,0,0,N,0,0,,,,,0,0,F20K,SCOWL60_STABLE_2020.12.07+WN3.1
10225,10416,mortar,-12.1108,1,1,0,0,N|V,0,0,,,,,0,0,F20K,SCOWL60_STABLE_2020.12.07+WN3.1
10226,10417,motives,-12.1108,1,0,1,0,,1,0,,motive,,,1,0,F20K,SCOWL60_STABLE_2020.12.07+WN3.1
10227,10418,mourning,-12.1108,1,1,1,0,N|ADJ,0,0,,,,,0,0,F20K,SCOWL60_STABLE_2020.12.07+WN3.1
10228,10419,mutually,-12.1108,1,0,1,0,ADV,0,0,,,,,0,0,F20K,SCOWL60_STABLE_2020.12.07+WN3.1
10229,10420,myths,-12.1108,1,1,0,0,,1,0,,myth,,,1,0,F20K,SCOWL60_STABLE_2020.12.07+WN3.1
10230,10421,nascar,-12.1108,0,0,0,0,,0,0,,,,,0,0,F20K,SCOWL60_STABLE_2020.12.07+WN3.1
10231,10422,nat,-12.1108,0,0,0,0,,0,0,,,,,0,0,F20K,SCOWL60_STABLE_2020.12.07+WN3.1
10232,10423,nexus,-12.1108,1,1,0,0,N,0,0,,,,,0,0,F20K,SCOWL60_STABLE_2020.12.07+WN3.1
10233,10424,notified,-12.1108,1,0,1,0,,0,0,,,,,0,0,F20K,SCOWL60_STABLE_2020.12.07+WN3.1
10234,10425,nt,-12.1108,0,0,0,0,N,0,0,,,,,0,0,F20K,SCOWL60_STABLE_2020.12.07+WN3.1
10235,10426,null,-12.1108,1,1,0,0,N|ADJ,0,0,,,,,0,0,F20K,SCOWL60_STABLE_2020.12.07+WN3.1
10236,10427,objections,-12.1108,1,0,1,0,,1,0,,objection,,,1,0,F20K,SCOWL60_STABLE_2020.12.07+WN3.1
10237,10428,oils,-12.1108,1,0,1,0,,1,1,,oil,soils;coils,,1,2,F20K,SCOWL60_STABLE_2020.12.07+WN3.1
10238,10429,pablo,-12.1108,0,0,0,0,,0,0,,,,,0,0,F20K,SCOWL60_STABLE_2020.12.07+WN3.1
10239,10430,penetration,-12.1108,1,1,1,0,N,0,0,,,,,0,0,F20K,SCOWL60_STABLE_2020.12.07+WN3.1
10240,10431,pier,-12.1108,1,1,1,0,N,1,1,,pie,,piers,1,1,F20K,SCOWL60_STABLE_2020.12.07+WN3.1
10241,10432,prophecy,-12.1108,1,1,0,0,N,0,0,,,,,0,0,F20K,SCOWL60_STABLE_2020.12.07+WN3.1
10242,10433,protects,-12.1108,1,0,1,0,,1,0,,protect,,,1,0,F20K,SCOWL60_STABLE_2020.12.07+WN3.1
10243,10434,pulp,-12.1108,1,1,0,0,N|V,0,0,,,,,0,0,F20K,SCOWL60_STABLE_2020.12.07+WN3.1
10244,10435,rails,-12.1108,1,0,1,0,N,1,1,,rail,trails,,1,1,F20K,SCOWL60_STABLE_2020.12.07+WN3.1
10245,10436,receipts,-12.1108,1,0,1,0,N,1,0,,receipt,,,1,0,F20K,SCOWL60_STABLE_2020.12.07+WN3.1
10246,10437,recorder,-12.1108,1,1,0,0,N,1,1,,,,recorders,0,1,F20K,SCOWL60_STABLE_2020.12.07+WN3.1
10247,10438,refreshing,-12.1108,1,1,1,0,ADJ,0,0,,,,,0,0,F20K,SCOWL60_STABLE_2020.12.07+WN3.1
10248,10439,registry,-12.1108,1,1,0,0,N,0,0,,,,,0,0,F20K,SCOWL60_STABLE_2020.12.07+WN3.1
10249,10440,representations,-12.1108,1,0,1,0,,1,0,,representation,,,1,0,F20K,SCOWL60_STABLE_2020.12.07+WN3.1
10250,10441,rooney,-12.1108,0,0,0,0,,0,0,,,,,0,0,F20K,SCOWL60_STABLE_2020.12.07+WN3.1
10251,10442,sandwiches,-12.1108,1,0,1,0,,0,0,,,,,0,0,F20K,SCOWL60_STABLE_2020.12.07+WN3.1
10252,10443,sausage,-12.1108,1,1,0,0,N,1,1,,,,sausages,0,1,F20K,SCOWL60_STABLE_2020.12.07+WN3.1
10253,10444,scam,-12.1108,1,1,0,0,N|V,1,0,cam,,,,1,0,F20K,SCOWL60_STABLE_2020.12.07+WN3.1
10254,10445,scanning,-12.1108,1,1,0,0,N,1,0,canning,,,,1,0,F20K,SCOWL60_STABLE_2020.12.07+WN3.1
10255,10446,schedules,-12.1108,1,0,1,0,,1,0,,schedule,,,1,0,F20K,SCOWL60_STABLE_2020.12.07+WN3.1
10256,10447,sentencing,-12.1108,1,0,1,0,,0,0,,,,,0,0,F20K,SCOWL60_STABLE_2020.12.07+WN3.1
10257,10448,seventeen,-12.1108,1,1,0,0,N|ADJ,0,0,,,,,0,0,F20K,SCOWL60_STABLE_2020.12.07+WN3.1
10258,10449,shouted,-12.1108,1,0,1,0,ADJ,0,0,,,,,0,0,F20K,SCOWL60_STABLE_2020.12.07+WN3.1
10259,10450,simplified,-12.1108,1,0,1,0,,0,0,,,,,0,0,F20K,SCOWL60_STABLE_2020.12.07+WN3.1
10260,10451,snacks,-12.1108,1,0,1,0,,1,0,,snack,,,1,0,F20K,SCOWL60_STABLE_2020.12.07+WN3.1
10261,10452,snapped,-12.1108,1,1,0,0,,0,0,,,,,0,0,F20K,SCOWL60_STABLE_2020.12.07+WN3.1
10262,10453,sofia,-12.1108,0,0,0,0,N,0,0,,,,,0,0,F20K,SCOWL60_STABLE_2020.12.07+WN3.1
10263,10454,sparks,-12.1108,1,0,1,0,,1,0,parks,spark,,,2,0,F20K,SCOWL60_STABLE_2020.12.07+WN3.1
10264,10455,spectators,-12.1108,1,0,1,0,,1,0,,spectator,,,1,0,F20K,SCOWL60_STABLE_2020.12.07+WN3.1
10265,10456,squares,-12.1108,1,0,1,0,,1,0,,square,,,1,0,F20K,SCOWL60_STABLE_2020.12.07+WN3.1
10266,10457,stephanie,-12.1108,0,0,0,0,,0,0,,,,,0,0,F20K,SCOWL60_STABLE_2020.12.07+WN3.1
10267,10458,stereo,-12.1108,1,1,0,0,N|ADJ,0,0,,,,,0,0,F20K,SCOWL60_STABLE_2020.12.07+WN3.1
10268,10459,strait,-12.1108,1,1,0,0,N|ADJ,1,1,trait,,,straits,1,1,F20K,SCOWL60_STABLE_2020.12.07+WN3.1
10269,10460,strokes,-12.1108,1,0,1,0,,1,0,,stroke,,,1,0,F20K,SCOWL60_STABLE_2020.12.07+WN3.1
10270,10461,summers,-12.1108,1,0,1,0,,1,0,,summer,,,1,0,F20K,SCOWL60_STABLE_2020.12.07+WN3.1
10271,10462,sundays,-12.1108,0,0,0,0,,0,0,,,,,0,0,F20K,SCOWL60_STABLE_2020.12.07+WN3.1
10272,10463,sunk,-12.1108,1,1,0,0,ADJ,1,0,,sun,,,1,0,F20K,SCOWL60_STABLE_2020.12.07+WN3.1
10273,10464,supplying,-12.1108,1,0,1,0,N,0,0,,,,,0,0,F20K,SCOWL60_STABLE_2020.12.07+WN3.1
10274,10465,surfing,-12.1108,1,1,1,0,N,0,0,,,,,0,0,F20K,SCOWL60_STABLE_2020.12.07+WN3.1
10275,10466,susceptible,-12.1108,1,1,0,0,ADJ,0,0,,,,,0,0,F20K,SCOWL60_STABLE_2020.12.07+WN3.1
10276,10467,symphony,-12.1108,1,1,0,0,N,0,0,,,,,0,0,F20K,SCOWL60_STABLE_2020.12.07+WN3.1
10277,10468,systemic,-12.1108,1,1,0,0,ADJ,0,0,,,,,0,0,F20K,SCOWL60_STABLE_2020.12.07+WN3.1
10278,10469,talkin,-12.1108,0,0,0,0,,0,0,,,,,0,0,F20K,SCOWL60_STABLE_2020.12.07+WN3.1
10279,10470,transferring,-12.1108,1,1,0,0,,0,0,,,,,0,0,F20K,SCOWL60_STABLE_2020.12.07+WN3.1
10280,10471,tray,-12.1108,1,1,0,0,N,1,1,ray,,stray,,1,1,F20K,SCOWL60_STABLE_2020.12.07+WN3.1
10281,10472,treasures,-12.1108,1,0,1,0,,1,0,,treasure,,,1,0,F20K,SCOWL60_STABLE_2020.12.07+WN3.1
10282,10473,upright,-12.1108,1,1,0,0,N|ADJ,0,0,,,,,0,0,F20K,SCOWL60_STABLE_2020.12.07+WN3.1
10283,10474,upward,-12.1108,1,1,0,0,ADJ|ADV,1,1,,,,upwards,0,1,F20K,SCOWL60_STABLE_2020.12.07+WN3.1
10284,10475,vacant,-12.1108,1,1,0,0,ADJ,0,0,,,,,0,0,F20K,SCOWL60_STABLE_2020.12.07+WN3.1
10285,10476,warmth,-12.1108,1,1,1,0,N,0,0,,,,,0,0,F20K,SCOWL60_STABLE_2020.12.07+WN3.1
10286,10477,windsor,-12.1108,0,0,0,0,N,0,0,,,,,0,0,F20K,SCOWL60_STABLE_2020.12.07+WN3.1
10287,10478,yelled,-12.1108,1,0,1,0,ADJ,0,0,,,,,0,0,F20K,SCOWL60_STABLE_2020.12.07+WN3.1
10288,10479,zurich,-12.1108,0,0,0,0,N,0,0,,,,,0,0,F20K,SCOWL60_STABLE_2020.12.07+WN3.1
10289,10482,alpine,-12.1347,1,1,0,0,ADJ,0,0,,,,,0,0,F20K,SCOWL60_STABLE_2020.12.07+WN3.1
10290,10483,amusement,-12.1347,1,1,1,0,N,0,0,,,,,0,0,F20K,SCOWL60_STABLE_2020.12.07+WN3.1
10291,10484,analog,-12.1347,1,1,0,0,N|ADJ,1,1,,,,analogy,0,1,F20K,SCOWL60_STABLE_2020.12.07+WN3.1
10292,10485,analyzing,-12.1347,1,0,1,0,,0,0,,,,,0,0,F20K,SCOWL60_STABLE_2020.12.07+WN3.1
10293,10486,arises,-12.1347,1,0,1,0,,1,0,rises,arise,,,2,0,F20K,SCOWL60_STABLE_2020.12.07+WN3.1
10294,10487,assessing,-12.1347,1,0,1,0,,0,0,,,,,0,0,F20K,SCOWL60_STABLE_2020.12.07+WN3.1
10295,10488,assign,-12.1347,1,1,0,0,V,1,1,,,,assigns,0,1,F20K,SCOWL60_STABLE_2020.12.07+WN3.1
10296,10489,awakening,-12.1347,1,1,1,0,N,0,0,,,,,0,0,F20K,SCOWL60_STABLE_2020.12.07+WN3.1
10297,10490,baggage,-12.1347,1,1,0,0,N,0,0,,,,,0,0,F20K,SCOWL60_STABLE_2020.12.07+WN3.1
10298,10491,baghdad,-12.1347,0,0,0,0,N,0,0,,,,,0,0,F20K,SCOWL60_STABLE_2020.12.07+WN3.1
10299,10492,banker,-12.1347,1,1,1,0,N,1,1,,,,bankers,0,1,F20K,SCOWL60_STABLE_2020.12.07+WN3.1
10300,10493,barracks,-12.1347,1,0,1,0,,0,0,,,,,0,0,F20K,SCOWL60_STABLE_2020.12.07+WN3.1
10301,10494,beware,-12.1347,1,1,0,0,V,0,0,,,,,0,0,F20K,SCOWL60_STABLE_2020.12.07+WN3.1
10302,10495,billboard,-12.1347,1,1,0,0,N,0,0,,,,,0,0,F20K,SCOWL60_STABLE_2020.12.07+WN3.1
10303,10496,bliss,-12.1347,1,1,0,0,N,0,0,,,,,0,0,F20K,SCOWL60_STABLE_2020.12.07+WN3.1
10304,10497,boxer,-12.1347,1,1,1,0,N,1,1,,,,boxers,0,1,F20K,SCOWL60_STABLE_2020.12.07+WN3.1
10305,10498,boycott,-12.1347,1,1,0,0,N|V,0,0,,,,,0,0,F20K,SCOWL60_STABLE_2020.12.07+WN3.1
10306,10499,br,-12.1347,0,0,0,0,N,0,0,,,,,0,0,F20K,SCOWL60_STABLE_2020.12.07+WN3.1
10307,10500,bravo,-12.1347,1,1,0,0,N|V,0,0,,,,,0,0,F20K,SCOWL60_STABLE_2020.12.07+WN3.1
10308,10501,burton,-12.1347,0,0,0,0,N,0,0,,,,,0,0,F20K,SCOWL60_STABLE_2020.12.07+WN3.1
10309,10502,butcher,-12.1347,1,1,1,0,N|V,0,0,,,,,0,0,F20K,SCOWL60_STABLE_2020.12.07+WN3.1
10310,10503,cans,-12.1347,1,0,1,0,,1,1,ans,can,scans,,2,1,F20K,SCOWL60_STABLE_2020.12.07+WN3.1
10311,10504,captive,-12.1347,1,1,0,0,N|ADJ,1,1,,,,captives,0,1,F20K,SCOWL60_STABLE_2020.12.07+WN3.1
10312,10505,cardinals,-12.1347,1,0,1,0,,1,0,,cardinal,,,1,0,F20K,SCOWL60_STABLE_2020.12.07+WN3.1
10313,10506,carpenter,-12.1347,1,1,0,0,N|V,0,0,,,,,0,0,F20K,SCOWL60_STABLE_2020.12.07+WN3.1
10314,10507,carrie,-12.1347,0,0,0,0,,0,0,,,,,0,0,F20K,SCOWL60_STABLE_2020.12.07+WN3.1
10315,10508,caves,-12.1347,1,0,1,0,,1,0,,cave,,,1,0,F20K,SCOWL60_STABLE_2020.12.07+WN3.1
10316,10509,chased,-12.1347,1,0,1,0,N,1,0,,chase,,,1,0,F20K,SCOWL60_STABLE_2020.12.07+WN3.1
10317,10510,childish,-12.1347,1,1,0,0,ADJ,0,0,,,,,0,0,F20K,SCOWL60_STABLE_2020.12.07+WN3.1
10318,10511,competence,-12.1347,1,1,0,0,N,0,0,,,,,0,0,F20K,SCOWL60_STABLE_2020.12.07+WN3.1
10319,10512,condemn,-12.1347,1,1,0,0,V,1,1,,,,condemns,0,1,F20K,SCOWL60_STABLE_2020.12.07+WN3.1
10320,10513,confederation,-12.1347,1,0,1,0,N,0,0,,,,,0,0,F20K,SCOWL60_STABLE_2020.12.07+WN3.1
10321,10514,congressman,-12.1347,1,1,0,0,N,0,0,,,,,0,0,F20K,SCOWL60_STABLE_2020.12.07+WN3.1
10322,10515,contracting,-12.1347,1,0,1,0,N,0,0,,,,,0,0,F20K,SCOWL60_STABLE_2020.12.07+WN3.1
10323,10516,counselor,-12.1347,1,1,0,0,N,1,1,,,,counselors,0,1,F20K,SCOWL60_STABLE_2020.12.07+WN3.1
10324,10517,courtyard,-12.1347,1,1,0,0,N,0,0,,,,,0,0,F20K,SCOWL60_STABLE_2020.12.07+WN3.1
10325,10518,creators,-12.1347,1,0,1,0,,1,0,,creator,,,1,0,F20K,SCOWL60_STABLE_2020.12.07+WN3.1
10326,10519,criterion,-12.1347,1,1,0,0,N,0,0,,,,,0,0,F20K,SCOWL60_STABLE_2020.12.07+WN3.1
10327,10520,cue,-12.1347,1,1,0,0,N|V,1,1,,cu,,cues,1,1,F20K,SCOWL60_STABLE_2020.12.07+WN3.1
10328,10521,damascus,-12.1347,0,0,0,0,N,0,0,,,,,0,0,F20K,SCOWL60_STABLE_2020.12.07+WN3.1
10329,10522,decreases,-12.1347,1,0,1,0,,1,0,,decrease,,,1,0,F20K,SCOWL60_STABLE_2020.12.07+WN3.1
10330,10523,delegate,-12.1347,1,1,1,0,N|V,1,1,,,,delegates,0,1,F20K,SCOWL60_STABLE_2020.12.07+WN3.1
10331,10524,detached,-12.1347,1,0,1,0,ADJ,0,0,,,,,0,0,F20K,SCOWL60_STABLE_2020.12.07+WN3.1
10332,10525,differs,-12.1347,1,0,1,0,,1,0,,differ,,,1,0,F20K,SCOWL60_STABLE_2020.12.07+WN3.1
10333,10526,dinosaur,-12.1347,1,1,0,0,N,1,1,,,,dinosaurs,0,1,F20K,SCOWL60_STABLE_2020.12.07+WN3.1
10334,10527,displacement,-12.1347,1,0,1,0,N,0,0,,,,,0,0,F20K,SCOWL60_STABLE_2020.12.07+WN3.1
10335,10528,doe,-12.1347,1,1,0,0,N,1,1,,do,,does,1,1,F20K,SCOWL60_STABLE_2020.12.07+WN3.1
10336,10530,drunken,-12.1347,1,1,1,0,ADJ,0,0,,,,,0,0,F20K,SCOWL60_STABLE_2020.12.07+WN3.1
10337,10531,dwight,-12.1347,0,0,0,0,,0,0,,,,,0,0,F20K,SCOWL60_STABLE_2020.12.07+WN3.1
10338,10532,eclipse,-12.1347,1,1,0,0,N|V,0,0,,,,,0,0,F20K,SCOWL60_STABLE_2020.12.07+WN3.1
10339,10533,elvis,-12.1347,0,0,0,0,N,0,0,,,,,0,0,F20K,SCOWL60_STABLE_2020.12.07+WN3.1
10340,10534,embraced,-12.1347,1,0,1,0,,1,0,,embrace,,,1,0,F20K,SCOWL60_STABLE_2020.12.07+WN3.1
10341,10535,escaping,-12.1347,1,0,1,0,,0,0,,,,,0,0,F20K,SCOWL60_STABLE_2020.12.07+WN3.1
10342,10536,evan,-12.1347,0,0,0,0,,0,0,,,,,0,0,F20K,SCOWL60_STABLE_2020.12.07+WN3.1
10343,10537,exercising,-12.1347,1,0,1,0,N,0,0,,,,,0,0,F20K,SCOWL60_STABLE_2020.12.07+WN3.1
10344,10538,expresses,-12.1347,1,0,1,0,,0,0,,,,,0,0,F20K,SCOWL60_STABLE_2020.12.07+WN3.1
10345,10539,financed,-12.1347,1,0,1,0,,1,0,,finance,,,1,0,F20K,SCOWL60_STABLE_2020.12.07+WN3.1
10346,10540,flush,-12.1347,1,1,0,0,N|V|ADJ|ADV,1,0,lush,,,,1,0,F20K,SCOWL60_STABLE_2020.12.07+WN3.1
10347,10541,folded,-12.1347,1,0,1,0,,0,0,,,,,0,0,F20K,SCOWL60_STABLE_2020.12.07+WN3.1
10348,10542,forbes,-12.1347,0,0,0,0,,0,0,,,,,0,0,F20K,SCOWL60_STABLE_2020.12.07+WN3.1
10349,10543,forecasts,-12.1347,1,0,1,0,,1,0,,forecast,,,1,0,F20K,SCOWL60_STABLE_2020.12.07+WN3.1
10350,10544,frankfurt,-12.1347,0,0,0,0,N,0,0,,,,,0,0,F20K,SCOWL60_STABLE_2020.12.07+WN3.1
10351,10545,freddie,-12.1347,0,0,0,0,,0,0,,,,,0,0,F20K,SCOWL60_STABLE_2020.12.07+WN3.1
10352,10546,futures,-12.1347,1,0,1,0,,1,0,,future,,,1,0,F20K,SCOWL60_STABLE_2020.12.07+WN3.1
10353,10548,ge,-12.1347,0,0,0,0,N,0,0,,,,,0,0,F20K,SCOWL60_STABLE_2020.12.07+WN3.1
10354,10549,gettin,-12.1347,0,0,0,0,,0,0,,,,,0,0,F20K,SCOWL60_STABLE_2020.12.07+WN3.1
10355,10550,ghetto,-12.1347,1,1,0,0,N,0,0,,,,,0,0,F20K,SCOWL60_STABLE_2020.12.07+WN3.1
10356,10551,grains,-12.1347,1,0,1,0,,1,0,rains,grain,,,2,0,F20K,SCOWL60_STABLE_2020.12.07+WN3.1
10357,10552,greet,-12.1347,1,1,0,0,V,0,0,,,,,0,0,F20K,SCOWL60_STABLE_2020.12.07+WN3.1
10358,10553,hammond,-12.1347,0,0,0,0,,0,0,,,,,0,0,F20K,SCOWL60_STABLE_2020.12.07+WN3.1
10359,10554,hazardous,-12.1347,1,1,0,0,ADJ,0,0,,,,,0,0,F20K,SCOWL60_STABLE_2020.12.07+WN3.1
10360,10555,heath,-12.1347,1,1,0,0,N,1,0,,heat,,,1,0,F20K,SCOWL60_STABLE_2020.12.07+WN3.1
10361,10556,hips,-12.1347,1,0,1,0,,1,1,,hip,ships;chips,,1,2,F20K,SCOWL60_STABLE_2020.12.07+WN3.1
10362,10557,honorable,-12.1347,1,0,1,0,ADJ,0,0,,,,,0,0,F20K,SCOWL60_STABLE_2020.12.07+WN3.1
10363,10558,honors,-12.1347,1,0,1,0,,1,0,,honor,,,1,0,F20K,SCOWL60_STABLE_2020.12.07+WN3.1
10364,10559,hooker,-12.1347,1,1,0,0,N,0,0,,,,,0,0,F20K,SCOWL60_STABLE_2020.12.07+WN3.1
10365,10560,husbands,-12.1347,1,0,1,0,,1,0,,husband,,,1,0,F20K,SCOWL60_STABLE_2020.12.07+WN3.1
10366,10561,idle,-12.1347,1,1,0,0,N|V|ADJ,0,0,,,,,0,0,F20K,SCOWL60_STABLE_2020.12.07+WN3.1
10367,10562,illegally,-12.1347,1,0,1,0,ADV,0,0,,,,,0,0,F20K,SCOWL60_STABLE_2020.12.07+WN3.1
10368,10563,illustrates,-12.1347,1,0,1,0,,1,0,,illustrate,,,1,0,F20K,SCOWL60_STABLE_2020.12.07+WN3.1
10369,10564,imf,-12.1347,0,0,0,0,N,0,0,,,,,0,0,F20K,SCOWL60_STABLE_2020.12.07+WN3.1
10370,10565,imminent,-12.1347,1,1,0,0,ADJ,0,0,,,,,0,0,F20K,SCOWL60_STABLE_2020.12.07+WN3.1
10371,10566,indies,-12.1347,1,0,1,0,,1,0,,indie,,,1,0,F20K,SCOWL60_STABLE_2020.12.07+WN3.1
10372,10567,integrate,-12.1347,1,1,0,0,V,1,1,,,,integrated,0,1,F20K,SCOWL60_STABLE_2020.12.07+WN3.1
10373,10568,investigative,-12.1347,1,0,1,0,ADJ,0,0,,,,,0,0,F20K,SCOWL60_STABLE_2020.12.07+WN3.1
10374,10569,iris,-12.1347,1,1,0,0,N,0,0,,,,,0,0,F20K,SCOWL60_STABLE_2020.12.07+WN3.1
10375,10570,irs,-12.1347,0,0,0,0,N,0,0,,,,,0,0,F20K,SCOWL60_STABLE_2020.12.07+WN3.1
10376,10571,jade,-12.1347,1,1,0,0,N|V|ADJ,0,0,,,,,0,0,F20K,SCOWL60_STABLE_2020.12.07+WN3.1
10377,10572,kingston,-12.1347,0,0,0,0,N,0,0,,,,,0,0,F20K,SCOWL60_STABLE_2020.12.07+WN3.1
10378,10573,kits,-12.1347,1,0,1,0,,1,0,its,kit,,,2,0,F20K,SCOWL60_STABLE_2020.12.07+WN3.1
10379,10574,knox,-12.1347,0,0,0,0,N,0,0,,,,,0,0,F20K,SCOWL60_STABLE_2020.12.07+WN3.1
10380,10575,listeners,-12.1347,1,0,1,0,,1,0,,listener,,,1,0,F20K,SCOWL60_STABLE_2020.12.07+WN3.1
10381,10576,literal,-12.1347,1,1,0,0,N|ADJ,0,0,,,,,0,0,F20K,SCOWL60_STABLE_2020.12.07+WN3.1
10382,10577,losers,-12.1347,1,0,1,0,,1,0,,loser,,,1,0,F20K,SCOWL60_STABLE_2020.12.07+WN3.1
10383,10578,manga,-12.1347,1,1,0,0,N,0,0,,,,,0,0,F20K,SCOWL60_STABLE_2020.12.07+WN3.1
10384,10579,manly,-12.1347,1,1,1,0,ADJ|ADV,0,0,,,,,0,0,F20K,SCOWL60_STABLE_2020.12.07+WN3.1
10385,10580,marched,-12.1347,1,0,1,0,,0,0,,,,,0,0,F20K,SCOWL60_STABLE_2020.12.07+WN3.1
10386,10581,mcdonald,-12.1347,0,0,0,0,,0,0,,,,,0,0,F20K,SCOWL60_STABLE_2020.12.07+WN3.1
10387,10582,membrane,-12.1347,1,1,0,0,N,1,1,,,,membranes,0,1,F20K,SCOWL60_STABLE_2020.12.07+WN3.1
10388,10583,mentality,-12.1347,1,1,0,0,N,0,0,,,,,0,0,F20K,SCOWL60_STABLE_2020.12.07+WN3.1
10389,10584,mentioning,-12.1347,1,0,1,0,,0,0,,,,,0,0,F20K,SCOWL60_STABLE_2020.12.07+WN3.1
10390,10585,metabolism,-12.1347,1,1,0,0,N,0,0,,,,,0,0,F20K,SCOWL60_STABLE_2020.12.07+WN3.1
10391,10586,nate,-12.1347,0,0,0,0,,0,0,,,,,0,0,F20K,SCOWL60_STABLE_2020.12.07+WN3.1
10392,10587,newfoundland,-12.1347,0,0,0,0,N,0,0,,,,,0,0,F20K,SCOWL60_STABLE_2020.12.07+WN3.1
10393,10588,niche,-12.1347,1,1,0,0,N,0,0,,,,,0,0,F20K,SCOWL60_STABLE_2020.12.07+WN3.1
10394,10589,nightmares,-12.1347,1,0,1,0,,1,0,,nightmare,,,1,0,F20K,SCOWL60_STABLE_2020.12.07+WN3.1
10395,10590,nile,-12.1347,0,0,0,0,N,0,0,,,,,0,0,F20K,SCOWL60_STABLE_2020.12.07+WN3.1
10396,10591,novelty,-12.1347,1,1,0,0,N,0,0,,,,,0,0,F20K,SCOWL60_STABLE_2020.12.07+WN3.1
10397,10592,nutrients,-12.1347,1,0,1,0,,1,0,,nutrient,,,1,0,F20K,SCOWL60_STABLE_2020.12.07+WN3.1
10398,10593,onions,-12.1347,1,0,1,0,,1,0,,onion,,,1,0,F20K,SCOWL60_STABLE_2020.12.07+WN3.1
10399,10594,opener,-12.1347,1,1,1,0,N,0,0,,,,,0,0,F20K,SCOWL60_STABLE_2020.12.07+WN3.1
10400,10595,oracle,-12.1347,1,1,0,0,N,0,0,,,,,0,0,F20K,SCOWL60_STABLE_2020.12.07+WN3.1
10401,10596,overlap,-12.1347,1,1,0,0,N|V,0,0,,,,,0,0,F20K,SCOWL60_STABLE_2020.12.07+WN3.1
10402,10597,overweight,-12.1347,1,1,0,0,N|ADJ,0,0,,,,,0,0,F20K,SCOWL60_STABLE_2020.12.07+WN3.1
10403,10598,paranoid,-12.1347,1,1,0,0,N|ADJ,0,0,,,,,0,0,F20K,SCOWL60_STABLE_2020.12.07+WN3.1
10404,10599,pensions,-12.1347,1,0,1,0,,1,0,,pension,,,1,0,F20K,SCOWL60_STABLE_2020.12.07+WN3.1
10405,10600,perceptions,-12.1347,1,0,1,0,,1,0,,perception,,,1,0,F20K,SCOWL60_STABLE_2020.12.07+WN3.1
10406,10601,perfume,-12.1347,1,1,0,0,N|V,0,0,,,,,0,0,F20K,SCOWL60_STABLE_2020.12.07+WN3.1
10407,10602,pinch,-12.1347,1,1,0,0,N|V,1,0,inch,,,,1,0,F20K,SCOWL60_STABLE_2020.12.07+WN3.1
10408,10603,ping,-12.1347,1,1,1,0,N|V,1,0,,pin,,,1,0,F20K,SCOWL60_STABLE_2020.12.07+WN3.1
10409,10604,pitcher,-12.1347,1,1,1,0,N,1,1,,,,pitchers,0,1,F20K,SCOWL60_STABLE_2020.12.07+WN3.1
10410,10605,popping,-12.1347,1,1,0,0,N,0,0,,,,,0,0,F20K,SCOWL60_STABLE_2020.12.07+WN3.1
10411,10606,positioning,-12.1347,1,1,0,0,N|ADJ,0,0,,,,,0,0,F20K,SCOWL60_STABLE_2020.12.07+WN3.1
10412,10607,precipitation,-12.1347,1,1,1,0,N,0,0,,,,,0,0,F20K,SCOWL60_STABLE_2020.12.07+WN3.1
10413,10608,programmed,-12.1347,1,1,0,0,,0,0,,,,,0,0,F20K,SCOWL60_STABLE_2020.12.07+WN3.1
10414,10609,quiz,-12.1347,1,1,0,0,N|V,0,0,,,,,0,0,F20K,SCOWL60_STABLE_2020.12.07+WN3.1
10415,10610,rang,-12.1347,1,1,0,0,,1,1,,ran,,range,1,1,F20K,SCOWL60_STABLE_2020.12.07+WN3.1
10416,10611,rebuilding,-12.1347,1,0,1,0,N,0,0,,,,,0,0,F20K,SCOWL60_STABLE_2020.12.07+WN3.1
10417,10612,reinforce,-12.1347,1,1,0,0,V,1,1,,,,reinforced;reinforces,0,2,F20K,SCOWL60_STABLE_2020.12.07+WN3.1
10418,10613,remake,-12.1347,1,0,1,0,N|V,0,0,,,,,0,0,F20K,SCOWL60_STABLE_2020.12.07+WN3.1
10419,10614,remarkably,-12.1347,1,1,0,0,ADV,0,0,,,,,0,0,F20K,SCOWL60_STABLE_2020.12.07+WN3.1
10420,10615,resemble,-12.1347,1,1,0,0,V,1,1,,,,resembles;resembled,0,2,F20K,SCOWL60_STABLE_2020.12.07+WN3.1
10421,10616,rests,-12.1347,1,0,1,0,,1,0,,rest,,,1,0,F20K,SCOWL60_STABLE_2020.12.07+WN3.1
10422,10617,retrieve,-12.1347,1,1,0,0,V,1,1,,,,retrieved,0,1,F20K,SCOWL60_STABLE_2020.12.07+WN3.1
10423,10618,romeo,-12.1347,1,1,0,0,N,0,0,,,,,0,0,F20K,SCOWL60_STABLE_2020.12.07+WN3.1
10424,10619,rotating,-12.1347,1,0,1,0,,0,0,,,,,0,0,F20K,SCOWL60_STABLE_2020.12.07+WN3.1
10425,10620,routinely,-12.1347,1,0,1,0,ADV,0,0,,,,,0,0,F20K,SCOWL60_STABLE_2020.12.07+WN3.1
10426,10621,rue,-12.1347,1,1,0,0,N|V,1,1,,,true,,0,1,F20K,SCOWL60_STABLE_2020.12.07+WN3.1
10427,10622,salute,-12.1347,1,1,0,0,N|V,0,0,,,,,0,0,F20K,SCOWL60_STABLE_2020.12.07+WN3.1
10428,10623,scars,-12.1347,1,0,1,0,,1,0,cars,scar,,,2,0,F20K,SCOWL60_STABLE_2020.12.07+WN3.1
10429,10624,scenery,-12.1347,1,1,0,0,N,0,0,,,,,0,0,F20K,SCOWL60_STABLE_2020.12.07+WN3.1
10430,10625,scent,-12.1347,1,1,0,0,N|V,1,1,cent,,ascent,,1,1,F20K,SCOWL60_STABLE_2020.12.07+WN3.1
10431,10626,schmidt,-12.1347,0,0,0,0,N,0,0,,,,,0,0,F20K,SCOWL60_STABLE_2020.12.07+WN3.1
10432,10627,scotch,-12.1347,1,1,0,0,N|V|ADJ,0,0,,,,,0,0,F20K,SCOWL60_STABLE_2020.12.07+WN3.1
10433,10628,seminar,-12.1347,1,1,0,0,N,1,1,,,,seminary;seminars,0,2,F20K,SCOWL60_STABLE_2020.12.07+WN3.1
10434,10629,sherlock,-12.1347,0,0,0,0,N,0,0,,,,,0,0,F20K,SCOWL60_STABLE_2020.12.07+WN3.1
10435,10630,slides,-12.1347,1,0,1,0,,1,0,,slide,,,1,0,F20K,SCOWL60_STABLE_2020.12.07+WN3.1
10436,10631,slut,-12.1347,1,1,0,0,N,0,0,,,,,0,0,F20K,SCOWL60_STABLE_2020.12.07+WN3.1
10437,10632,specimen,-12.1347,1,1,0,0,N,1,1,,,,specimens,0,1,F20K,SCOWL60_STABLE_2020.12.07+WN3.1
10438,10633,spontaneous,-12.1347,1,1,0,0,ADJ,0,0,,,,,0,0,F20K,SCOWL60_STABLE_2020.12.07+WN3.1
10439,10634,stationed,-12.1347,1,0,1,0,,0,0,,,,,0,0,F20K,SCOWL60_STABLE_2020.12.07+WN3.1
10440,10635,strains,-12.1347,1,0,1,0,,1,0,trains,strain,,,2,0,F20K,SCOWL60_STABLE_2020.12.07+WN3.1
10441,10636,stripes,-12.1347,1,0,1,0,N,1,0,,stripe,,,1,0,F20K,SCOWL60_STABLE_2020.12.07+WN3.1
10442,10637,superhero,-12.1347,1,1,0,0,,0,0,,,,,0,0,F20K,SCOWL60_STABLE_2020.12.07+WN3.1
10443,10638,sustainability,-12.1347,1,1,0,0,N,0,0,,,,,0,0,F20K,SCOWL60_STABLE_2020.12.07+WN3.1
10444,10639,tate,-12.1347,0,0,0,0,N,0,0,,,,,0,0,F20K,SCOWL60_STABLE_2020.12.07+WN3.1
10445,10640,tee,-12.1347,1,1,0,0,N|V,1,1,,,,teen,0,1,F20K,SCOWL60_STABLE_2020.12.07+WN3.1
10446,10641,thirsty,-12.1347,1,1,0,0,ADJ,1,0,,thirst,,,1,0,F20K,SCOWL60_STABLE_2020.12.07+WN3.1
10447,10642,tightly,-12.1347,1,0,1,0,ADV,0,0,,,,,0,0,F20K,SCOWL60_STABLE_2020.12.07+WN3.1
10448,10643,timely,-12.1347,1,1,1,0,ADJ|ADV,0,0,,,,,0,0,F20K,SCOWL60_STABLE_2020.12.07+WN3.1
10449,10644,tina,-12.1347,0,0,0,0,,0,0,,,,,0,0,F20K,SCOWL60_STABLE_2020.12.07+WN3.1
10450,10645,token,-12.1347,1,1,0,0,N|ADJ,1,1,,,,tokens,0,1,F20K,SCOWL60_STABLE_2020.12.07+WN3.1
10451,10646,tories,-12.1347,0,0,0,0,,0,0,,,,,0,0,F20K,SCOWL60_STABLE_2020.12.07+WN3.1
10452,10647,tribune,-12.1347,1,1,0,0,N,0,0,,,,,0,0,F20K,SCOWL60_STABLE_2020.12.07+WN3.1
10453,10648,trilogy,-12.1347,1,1,0,0,N,0,0,,,,,0,0,F20K,SCOWL60_STABLE_2020.12.07+WN3.1
10454,10649,turks,-12.1347,0,0,0,0,,0,0,,,,,0,0,F20K,SCOWL60_STABLE_2020.12.07+WN3.1
10455,10650,undergoing,-12.1347,1,0,1,0,,0,0,,,,,0,0,F20K,SCOWL60_STABLE_2020.12.07+WN3.1
10456,10651,unlocked,-12.1347,1,0,1,0,ADJ,0,0,,,,,0,0,F20K,SCOWL60_STABLE_2020.12.07+WN3.1
10457,10652,unreasonable,-12.1347,1,0,1,0,ADJ,0,0,,,,,0,0,F20K,SCOWL60_STABLE_2020.12.07+WN3.1
10458,10653,utilize,-12.1347,1,1,0,0,V,1,1,,,,utilized,0,1,F20K,SCOWL60_STABLE_2020.12.07+WN3.1
10459,10654,utilized,-12.1347,1,0,1,0,ADJ,1,0,,utilize,,,1,0,F20K,SCOWL60_STABLE_2020.12.07+WN3.1
10460,10655,vengeance,-12.1347,1,1,0,0,N,0,0,,,,,0,0,F20K,SCOWL60_STABLE_2020.12.07+WN3.1
10461,10656,ventures,-12.1347,1,0,1,0,,1,0,,venture,,,1,0,F20K,SCOWL60_STABLE_2020.12.07+WN3.1
10462,10657,vikings,-12.1347,1,0,1,0,,1,0,,viking,,,1,0,F20K,SCOWL60_STABLE_2020.12.07+WN3.1
10463,10658,wan,-12.1347,1,1,0,0,N|V|ADJ,1,1,an,,swan,want;wand,1,3,F20K,SCOWL60_STABLE_2020.12.07+WN3.1
10464,10659,worm,-12.1347,1,1,0,0,N|V,1,1,,,,worms,0,1,F20K,SCOWL60_STABLE_2020.12.07+WN3.1
10465,10661,abbott,-12.1573,0,0,0,0,,0,0,,,,,0,0,F20K,SCOWL60_STABLE_2020.12.07+WN3.1
10466,10662,aberdeen,-12.1573,0,0,0,0,N,0,0,,,,,0,0,F20K,SCOWL60_STABLE_2020.12.07+WN3.1
10467,10663,admitting,-12.1573,1,1,0,0,,0,0,,,,,0,0,F20K,SCOWL60_STABLE_2020.12.07+WN3.1
10468,10664,advertisements,-12.1573,1,0,1,0,,1,0,,advertisement,,,1,0,F20K,SCOWL60_STABLE_2020.12.07+WN3.1
10469,10665,alexis,-12.1573,0,0,0,0,,0,0,,,,,0,0,F20K,SCOWL60_STABLE_2020.12.07+WN3.1
10470,10666,alison,-12.1573,0,0,0,0,,0,0,,,,,0,0,F20K,SCOWL60_STABLE_2020.12.07+WN3.1
10471,10667,alps,-12.1573,1,0,1,0,N,0,0,,,,,0,0,F20K,SCOWL60_STABLE_2020.12.07+WN3.1
10472,10668,anticipation,-12.1573,1,1,1,0,N,0,0,,,,,0,0,F20K,SCOWL60_STABLE_2020.12.07+WN3.1
10473,10669,arrogant,-12.1573,1,1,0,0,ADJ,0,0,,,,,0,0,F20K,SCOWL60_STABLE_2020.12.07+WN3.1
10474,10670,athletics,-12.1573,1,1,1,0,N,1,0,,athletic,,,1,0,F20K,SCOWL60_STABLE_2020.12.07+WN3.1
10475,10671,atom,-12.1573,1,1,0,0,N,1,1,tom,,,atoms,1,1,F20K,SCOWL60_STABLE_2020.12.07+WN3.1
10476,10672,badass,-12.1573,0,0,0,0,,0,0,,,,,0,0,F20K,SCOWL60_STABLE_2020.12.07+WN3.1
10477,10673,bait,-12.1573,1,1,0,0,N|V,0,0,,,,,0,0,F20K,SCOWL60_STABLE_2020.12.07+WN3.1
10478,10674,bankers,-12.1573,1,0,1,0,,1,0,,banker,,,1,0,F20K,SCOWL60_STABLE_2020.12.07+WN3.1
10479,10675,benefited,-12.1573,1,0,1,0,,0,0,,,,,0,0,F20K,SCOWL60_STABLE_2020.12.07+WN3.1
10480,10676,bites,-12.1573,1,0,1,0,,1,0,,bite,,,1,0,F20K,SCOWL60_STABLE_2020.12.07+WN3.1
10481,10677,brethren,-12.1573,1,1,0,0,N,0,0,,,,,0,0,F20K,SCOWL60_STABLE_2020.12.07+WN3.1
10482,10678,brooke,-12.1573,0,0,0,0,N,0,0,,,,,0,0,F20K,SCOWL60_STABLE_2020.12.07+WN3.1
10483,10679,buddies,-12.1573,1,0,1,0,,0,0,,,,,0,0,F20K,SCOWL60_STABLE_2020.12.07+WN3.1
10484,10680,canterbury,-12.1573,0,0,0,0,N,0,0,,,,,0,0,F20K,SCOWL60_STABLE_2020.12.07+WN3.1
10485,10681,carey,-12.1573,0,0,0,0,,0,0,,,,,0,0,F20K,SCOWL60_STABLE_2020.12.07+WN3.1
10486,10682,carroll,-12.1573,0,0,0,0,N,0,0,,,,,0,0,F20K,SCOWL60_STABLE_2020.12.07+WN3.1
10487,10683,catalyst,-12.1573,1,1,0,0,N,0,0,,,,,0,0,F20K,SCOWL60_STABLE_2020.12.07+WN3.1
10488,10684,chandler,-12.1573,1,1,0,0,N,1,0,handler,,,,1,0,F20K,SCOWL60_STABLE_2020.12.07+WN3.1
10489,10685,cl,-12.1573,1,1,0,0,N|ADJ,0,0,,,,,0,0,F20K,SCOWL60_STABLE_2020.12.07+WN3.1
10490,10686,comp,-12.1573,1,1,0,0,N,1,0,,com,,,1,0,F20K,SCOWL60_STABLE_2020.12.07+WN3.1
10491,10687,compilation,-12.1573,1,1,0,0,N,0,0,,,,,0,0,F20K,SCOWL60_STABLE_2020.12.07+WN3.1
10492,10688,comprising,-12.1573,1,0,1,0,,0,0,,,,,0,0,F20K,SCOWL60_STABLE_2020.12.07+WN3.1
10493,10689,concessions,-12.1573,1,0,1,0,,1,0,,concession,,,1,0,F20K,SCOWL60_STABLE_2020.12.07+WN3.1
10494,10690,consolidation,-12.1573,1,1,1,0,N,0,0,,,,,0,0,F20K,SCOWL60_STABLE_2020.12.07+WN3.1
10495,10691,contaminated,-12.1573,1,1,1,0,ADJ,0,0,,,,,0,0,F20K,SCOWL60_STABLE_2020.12.07+WN3.1
10496,10692,contamination,-12.1573,1,1,0,0,N,0,0,,,,,0,0,F20K,SCOWL60_STABLE_2020.12.07+WN3.1
10497,10693,crawl,-12.1573,1,1,0,0,N|V,0,0,,,,,0,0,F20K,SCOWL60_STABLE_2020.12.07+WN3.1
10498,10694,degradation,-12.1573,1,0,1,0,N,0,0,,,,,0,0,F20K,SCOWL60_STABLE_2020.12.07+WN3.1
10499,10695,depart,-12.1573,1,0,1,0,V,0,0,,,,,0,0,F20K,SCOWL60_STABLE_2020.12.07+WN3.1
10500,10696,dependence,-12.1573,1,1,0,0,N,0,0,,,,,0,0,F20K,SCOWL60_STABLE_2020.12.07+WN3.1
10501,10697,depot,-12.1573,1,0,1,0,N,0,0,,,,,0,0,F20K,SCOWL60_STABLE_2020.12.07+WN3.1
10502,10698,dessert,-12.1573,1,1,0,0,N,1,1,,,,desserts,0,1,F20K,SCOWL60_STABLE_2020.12.07+WN3.1
10503,10699,dilemma,-12.1573,1,1,0,0,N,0,0,,,,,0,0,F20K,SCOWL60_STABLE_2020.12.07+WN3.1
10504,10700,directive,-12.1573,1,1,1,0,N|ADJ,1,1,,,,directives,0,1,F20K,SCOWL60_STABLE_2020.12.07+WN3.1
10505,10701,disastrous,-12.1573,1,1,0,0,ADJ,0,0,,,,,0,0,F20K,SCOWL60_STABLE_2020.12.07+WN3.1
10506,10702,displaying,-12.1573,1,0,1,0,,0,0,,,,,0,0,F20K,SCOWL60_STABLE_2020.12.07+WN3.1
10507,10703,dividend,-12.1573,1,1,0,0,N,1,1,,,,dividends,0,1,F20K,SCOWL60_STABLE_2020.12.07+WN3.1
10508,10704,downstairs,-12.1573,1,1,0,0,ADJ|ADV,0,0,,,,,0,0,F20K,SCOWL60_STABLE_2020.12.07+WN3.1
10509,10705,dwarf,-12.1573,1,1,0,0,N|V,0,0,,,,,0,0,F20K,SCOWL60_STABLE_2020.12.07+WN3.1
10510,10706,eco,-12.1573,0,0,0,0,,0,0,,,,,0,0,F20K,SCOWL60_STABLE_2020.12.07+WN3.1
10511,10707,ecuador,-12.1573,0,0,0,0,N,0,0,,,,,0,0,F20K,SCOWL60_STABLE_2020.12.07+WN3.1
10512,10708,eighty,-12.1573,1,1,0,0,N|ADJ,1,0,,eight,,,1,0,F20K,SCOWL60_STABLE_2020.12.07+WN3.1
10513,10709,eldest,-12.1573,1,1,0,0,N|ADJ,0,0,,,,,0,0,F20K,SCOWL60_STABLE_2020.12.07+WN3.1
10514,10710,eli,-12.1573,0,0,0,0,,0,0,,,,,0,0,F20K,SCOWL60_STABLE_2020.12.07+WN3.1
10515,10711,embarrassment,-12.1573,1,1,1,0,N,0,0,,,,,0,0,F20K,SCOWL60_STABLE_2020.12.07+WN3.1
10516,10712,evaluating,-12.1573,1,0,1,0,,0,0,,,,,0,0,F20K,SCOWL60_STABLE_2020.12.07+WN3.1
10517,10713,examinations,-12.1573,1,0,1,0,,1,0,,examination,,,1,0,F20K,SCOWL60_STABLE_2020.12.07+WN3.1
10518,10714,exodus,-12.1573,1,1,0,0,N,0,0,,,,,0,0,F20K,SCOWL60_STABLE_2020.12.07+WN3.1
10519,10715,eyebrows,-12.1573,1,0,1,0,,1,0,,eyebrow,,,1,0,F20K,SCOWL60_STABLE_2020.12.07+WN3.1
10520,10716,fascist,-12.1573,1,1,0,0,N|ADJ,1,1,,,,fascists,0,1,F20K,SCOWL60_STABLE_2020.12.07+WN3.1
10521,10717,fax,-12.1573,1,1,0,0,N|V,1,0,ax,fa,,,2,0,F20K,SCOWL60_STABLE_2020.12.07+WN3.1
10522,10718,filthy,-12.1573,1,1,0,0,ADJ,1,0,,filth,,,1,0,F20K,SCOWL60_STABLE_2020.12.07+WN3.1
10523,10719,fin,-12.1573,1,1,0,0,N|V,1,1,in,,,find;fine;fins,1,3,F20K,SCOWL60_STABLE_2020.12.07+WN3.1
10524,10720,finnish,-12.1573,0,0,0,0,N|ADJ,0,0,,,,,0,0,F20K,SCOWL60_STABLE_2020.12.07+WN3.1
10525,10721,flavour,-12.1573,0,0,0,0,N|V,0,0,,,,,0,0,F20K,SCOWL60_STABLE_2020.12.07+WN3.1
10526,10722,footsteps,-12.1573,1,0,1,0,,0,0,,,,,0,0,F20K,SCOWL60_STABLE_2020.12.07+WN3.1
10527,10723,forensic,-12.1573,1,1,0,0,ADJ,0,0,,,,,0,0,F20K,SCOWL60_STABLE_2020.12.07+WN3.1
10528,10724,fucker,-12.1573,1,1,1,1,N,1,1,,,,fuckers,0,1,F20K,SCOWL60_STABLE_2020.12.07+WN3.1
10529,10725,fulfilling,-12.1573,1,1,1,0,,0,0,,,,,0,0,F20K,SCOWL60_STABLE_2020.12.07+WN3.1
10530,10726,fundraising,-12.1573,1,1,0,0,,0,0,,,,,0,0,F20K,SCOWL60_STABLE_2020.12.07+WN3.1
10531,10727,goalkeeper,-12.1573,1,1,0,0,N,0,0,,,,,0,0,F20K,SCOWL60_STABLE_2020.12.07+WN3.1
10532,10728,gore,-12.1573,1,1,0,0,N|V,1,0,ore,,,,1,0,F20K,SCOWL60_STABLE_2020.12.07+WN3.1
10533,10729,graduating,-12.1573,1,0,1,0,,0,0,,,,,0,0,F20K,SCOWL60_STABLE_2020.12.07+WN3.1
10534,10730,grape,-12.1573,1,1,0,0,N,1,1,rape,,,grapes,1,1,F20K,SCOWL60_STABLE_2020.12.07+WN3.1
10535,10731,greed,-12.1573,1,1,0,0,N,1,1,reed,,agreed,greedy,1,2,F20K,SCOWL60_STABLE_2020.12.07+WN3.1
10536,10732,guatemala,-12.1573,0,0,0,0,N,0,0,,,,,0,0,F20K,SCOWL60_STABLE_2020.12.07+WN3.1
10537,10733,headaches,-12.1573,1,0,1,0,,1,0,,headache,,,1,0,F20K,SCOWL60_STABLE_2020.12.07+WN3.1
10538,10734,honduras,-12.1573,0,0,0,0,N,0,0,,,,,0,0,F20K,SCOWL60_STABLE_2020.12.07+WN3.1
10539,10735,honours,-12.1573,0,0,0,0,N,0,0,,,,,0,0,F20K,SCOWL60_STABLE_2020.12.07+WN3.1
10540,10736,hottest,-12.1573,1,1,0,0,,0,0,,,,,0,0,F20K,SCOWL60_STABLE_2020.12.07+WN3.1
10541,10737,impulse,-12.1573,1,1,0,0,N,1,1,,,,impulses,0,1,F20K,SCOWL60_STABLE_2020.12.07+WN3.1
10542,10738,jonas,-12.1573,0,0,0,0,,0,0,,,,,0,0,F20K,SCOWL60_STABLE_2020.12.07+WN3.1
10543,10739,learns,-12.1573,1,0,1,0,,1,0,earns,learn,,,2,0,F20K,SCOWL60_STABLE_2020.12.07+WN3.1
10544,10740,legion,-12.1573,1,1,0,0,N|ADJ,1,1,,,,legions,0,1,F20K,SCOWL60_STABLE_2020.12.07+WN3.1
10545,10741,leigh,-12.1573,0,0,0,0,N,0,0,,,,,0,0,F20K,SCOWL60_STABLE_2020.12.07+WN3.1
10546,10742,limbs,-12.1573,1,0,1,0,,1,1,,limb,climbs,,1,1,F20K,SCOWL60_STABLE_2020.12.07+WN3.1
10547,10743,macedonia,-12.1573,0,0,0,0,N,0,0,,,,,0,0,F20K,SCOWL60_STABLE_2020.12.07+WN3.1
10548,10744,macro,-12.1573,1,1,0,0,N|ADJ,0,0,,,,,0,0,F20K,SCOWL60_STABLE_2020.12.07+WN3.1
10549,10745,magnet,-12.1573,1,1,0,0,N,1,1,,,,magnets,0,1,F20K,SCOWL60_STABLE_2020.12.07+WN3.1
10550,10746,markers,-12.1573,1,0,1,0,,1,0,,marker,,,1,0,F20K,SCOWL60_STABLE_2020.12.07+WN3.1
10551,10747,mart,-12.1573,1,1,0,0,N,1,1,art,mar,smart,,2,1,F20K,SCOWL60_STABLE_2020.12.07+WN3.1
10552,10748,matthews,-12.1573,0,0,0,0,,0,0,,,,,0,0,F20K,SCOWL60_STABLE_2020.12.07+WN3.1
10553,10749,merge,-12.1573,1,1,0,0,V,1,1,,,emerge,merger;merged,0,3,F20K,SCOWL60_STABLE_2020.12.07+WN3.1
10554,10750,metaphor,-12.1573,1,1,0,0,N,0,0,,,,,0,0,F20K,SCOWL60_STABLE_2020.12.07+WN3.1
10555,10751,mic,-12.1573,1,1,0,0,N,1,1,,mi,,mice;mick,1,2,F20K,SCOWL60_STABLE_2020.12.07+WN3.1
10556,10752,monarch,-12.1573,1,1,0,0,N,1,1,,,,monarchy,0,1,F20K,SCOWL60_STABLE_2020.12.07+WN3.1
10557,10753,mouths,-12.1573,1,1,0,0,,1,0,,mouth,,,1,0,F20K,SCOWL60_STABLE_2020.12.07+WN3.1
10558,10754,mysteries,-12.1573,1,0,1,0,,0,0,,,,,0,0,F20K,SCOWL60_STABLE_2020.12.07+WN3.1
10559,10755,negro,-12.1573,1,1,0,0,N|ADJ,0,0,,,,,0,0,F20K,SCOWL60_STABLE_2020.12.07+WN3.1
10560,10756,neutrality,-12.1573,1,1,0,0,N,0,0,,,,,0,0,F20K,SCOWL60_STABLE_2020.12.07+WN3.1
10561,10757,newsletter,-12.1573,1,1,0,0,N,0,0,,,,,0,0,F20K,SCOWL60_STABLE_2020.12.07+WN3.1
10562,10758,norton,-12.1573,0,0,0,0,,0,0,,,,,0,0,F20K,SCOWL60_STABLE_2020.12.07+WN3.1
10563,10759,notebook,-12.1573,1,1,0,0,N,0,0,,,,,0,0,F20K,SCOWL60_STABLE_2020.12.07+WN3.1
10564,10760,offs,-12.1573,1,0,1,0,,1,0,,off,,,1,0,F20K,SCOWL60_STABLE_2020.12.07+WN3.1
10565,10761,outdoors,-12.1573,1,1,1,0,N|ADV,1,0,,outdoor,,,1,0,F20K,SCOWL60_STABLE_2020.12.07+WN3.1
10566,10762,overthrow,-12.1573,1,1,0,0,N|V,0,0,,,,,0,0,F20K,SCOWL60_STABLE_2020.12.07+WN3.1
10567,10763,owning,-12.1573,1,0,1,0,,1,1,,,downing,,0,1,F20K,SCOWL60_STABLE_2020.12.07+WN3.1
10568,10764,paramount,-12.1573,1,1,0,0,ADJ,0,0,,,,,0,0,F20K,SCOWL60_STABLE_2020.12.07+WN3.1
10569,10765,paula,-12.1573,0,0,0,0,,0,0,,,,,0,0,F20K,SCOWL60_STABLE_2020.12.07+WN3.1
10570,10767,postponed,-12.1573,1,0,1,0,,1,0,,postpone,,,1,0,F20K,SCOWL60_STABLE_2020.12.07+WN3.1
10571,10768,preceded,-12.1573,1,0,1,0,,0,0,,,,,0,0,F20K,SCOWL60_STABLE_2020.12.07+WN3.1
10572,10769,predators,-12.1573,1,0,1,0,,1,0,,predator,,,1,0,F20K,SCOWL60_STABLE_2020.12.07+WN3.1
10573,10770,psycho,-12.1573,1,1,0,0,N,1,0,,psych,,,1,0,F20K,SCOWL60_STABLE_2020.12.07+WN3.1
10574,10771,rainy,-12.1573,1,1,0,0,ADJ,1,0,,rain,,,1,0,F20K,SCOWL60_STABLE_2020.12.07+WN3.1
10575,10772,raven,-12.1573,1,1,0,0,N|V,1,1,,rave,,ravens,1,1,F20K,SCOWL60_STABLE_2020.12.07+WN3.1
10576,10773,recycling,-12.1573,1,1,1,0,N,0,0,,,,,0,0,F20K,SCOWL60_STABLE_2020.12.07+WN3.1
10577,10774,rehearsal,-12.1573,1,1,0,0,N,1,1,,,,rehearsals,0,1,F20K,SCOWL60_STABLE_2020.12.07+WN3.1
10578,10775,remembrance,-12.1573,1,1,0,0,N,0,0,,,,,0,0,F20K,SCOWL60_STABLE_2020.12.07+WN3.1
10579,10776,resorts,-12.1573,1,0,1,0,,1,0,,resort,,,1,0,F20K,SCOWL60_STABLE_2020.12.07+WN3.1
10580,10777,restraint,-12.1573,1,1,0,0,N,1,1,,restrain,,restraints,1,1,F20K,SCOWL60_STABLE_2020.12.07+WN3.1
10581,10778,richest,-12.1573,1,0,1,0,,1,0,,riches,,,1,0,F20K,SCOWL60_STABLE_2020.12.07+WN3.1
10582,10779,rightly,-12.1573,1,0,1,0,ADV,1,1,,,brightly,,0,1,F20K,SCOWL60_STABLE_2020.12.07+WN3.1
10583,10780,rigorous,-12.1573,1,1,0,0,ADJ,0,0,,,,,0,0,F20K,SCOWL60_STABLE_2020.12.07+WN3.1
10584,10781,robbie,-12.1573,0,0,0,0,,0,0,,,,,0,0,F20K,SCOWL60_STABLE_2020.12.07+WN3.1
10585,10782,royals,-12.1573,1,0,1,0,,1,0,,royal,,,1,0,F20K,SCOWL60_STABLE_2020.12.07+WN3.1
10586,10783,scripts,-12.1573,1,0,1,0,,1,0,,script,,,1,0,F20K,SCOWL60_STABLE_2020.12.07+WN3.1
10587,10784,scripture,-12.1573,1,1,0,0,N,1,1,,,,scriptures,0,1,F20K,SCOWL60_STABLE_2020.12.07+WN3.1
10588,10785,shaping,-12.1573,1,0,1,0,N|ADJ,0,0,,,,,0,0,F20K,SCOWL60_STABLE_2020.12.07+WN3.1
10589,10786,slate,-12.1573,1,1,0,0,N|V,1,1,late,,,slated,1,1,F20K,SCOWL60_STABLE_2020.12.07+WN3.1
10590,10787,smoothly,-12.1573,1,0,1,0,ADV,0,0,,,,,0,0,F20K,SCOWL60_STABLE_2020.12.07+WN3.1
10591,10788,somalia,-12.1573,0,0,0,0,N,0,0,,,,,0,0,F20K,SCOWL60_STABLE_2020.12.07+WN3.1
10592,10789,spacecraft,-12.1573,1,1,0,0,N,0,0,,,,,0,0,F20K,SCOWL60_STABLE_2020.12.07+WN3.1
10593,10790,sponsorship,-12.1573,1,1,0,0,N,0,0,,,,,0,0,F20K,SCOWL60_STABLE_2020.12.07+WN3.1
10594,10791,stained,-12.1573,1,1,1,0,ADJ,0,0,,,,,0,0,F20K,SCOWL60_STABLE_2020.12.07+WN3.1
10595,10792,statistically,-12.1573,1,0,1,0,ADV,0,0,,,,,0,0,F20K,SCOWL60_STABLE_2020.12.07+WN3.1
10596,10793,stefan,-12.1573,0,0,0,0,,0,0,,,,,0,0,F20K,SCOWL60_STABLE_2020.12.07+WN3.1
10597,10794,stretches,-12.1573,1,0,1,0,,0,0,,,,,0,0,F20K,SCOWL60_STABLE_2020.12.07+WN3.1
10598,10795,submitting,-12.1573,1,1,0,0,,0,0,,,,,0,0,F20K,SCOWL60_STABLE_2020.12.07+WN3.1
10599,10796,sultan,-12.1573,1,1,0,0,N,0,0,,,,,0,0,F20K,SCOWL60_STABLE_2020.12.07+WN3.1
10600,10797,tagged,-12.1573,1,1,0,0,ADJ,0,0,,,,,0,0,F20K,SCOWL60_STABLE_2020.12.07+WN3.1
10601,10798,taliban,-12.1573,0,0,0,0,N,0,0,,,,,0,0,F20K,SCOWL60_STABLE_2020.12.07+WN3.1
10602,10799,tempo,-12.1573,1,1,0,0,N,1,0,,temp,,,1,0,F20K,SCOWL60_STABLE_2020.12.07+WN3.1
10603,10800,teresa,-12.1573,0,0,0,0,N,0,0,,,,,0,0,F20K,SCOWL60_STABLE_2020.12.07+WN3.1
10604,10801,textbook,-12.1573,1,1,0,0,N|ADJ,1,1,,,,textbooks,0,1,F20K,SCOWL60_STABLE_2020.12.07+WN3.1
10605,10802,thigh,-12.1573,1,1,0,0,N,1,1,high,,,thighs,1,1,F20K,SCOWL60_STABLE_2020.12.07+WN3.1
10606,10803,threatens,-12.1573,1,0,1,0,,1,0,,threaten,,,1,0,F20K,SCOWL60_STABLE_2020.12.07+WN3.1
10607,10804,tick,-12.1573,1,1,0,0,N|V,1,1,,,stick,ticks,0,2,F20K,SCOWL60_STABLE_2020.12.07+WN3.1
10608,10805,tidal,-12.1573,1,1,0,0,ADJ,0,0,,,,,0,0,F20K,SCOWL60_STABLE_2020.12.07+WN3.1
10609,10806,tiles,-12.1573,1,0,1,0,,1,0,,tile,,,1,0,F20K,SCOWL60_STABLE_2020.12.07+WN3.1
10610,10807,trader,-12.1573,1,1,1,0,N,1,1,,trade,,traders,1,1,F20K,SCOWL60_STABLE_2020.12.07+WN3.1
10611,10808,treason,-12.1573,1,1,0,0,N,1,0,reason,,,,1,0,F20K,SCOWL60_STABLE_2020.12.07+WN3.1
10612,10809,une,-12.1573,0,0,0,0,,0,0,,,,,0,0,F20K,SCOWL60_STABLE_2020.12.07+WN3.1
10613,10810,violin,-12.1573,1,1,0,0,N,0,0,,,,,0,0,F20K,SCOWL60_STABLE_2020.12.07+WN3.1
10614,10811,wardrobe,-12.1573,1,1,0,0,N,0,0,,,,,0,0,F20K,SCOWL60_STABLE_2020.12.07+WN3.1
10615,10812,welcoming,-12.1573,1,0,1,0,ADJ,0,0,,,,,0,0,F20K,SCOWL60_STABLE_2020.12.07+WN3.1
10616,10813,whisper,-12.1573,1,1,0,0,N|V,1,1,,,,whispers,0,1,F20K,SCOWL60_STABLE_2020.12.07+WN3.1
10617,10814,zach,-12.1573,0,0,0,0,,0,0,,,,,0,0,F20K,SCOWL60_STABLE_2020.12.07+WN3.1
10618,10815,zombies,-12.1573,1,0,1,0,,1,0,,zombie,,,1,0,F20K,SCOWL60_STABLE_2020.12.07+WN3.1
10619,10817,accumulation,-12.1804,1,1,1,0,N,0,0,,,,,0,0,F20K,SCOWL60_STABLE_2020.12.07+WN3.1
10620,10818,aided,-12.1804,1,1,1,0,ADJ,1,1,,aide,raided,,1,1,F20K,SCOWL60_STABLE_2020.12.07+WN3.1
10621,10819,airborne,-12.1804,1,1,0,0,ADJ,0,0,,,,,0,0,F20K,SCOWL60_STABLE_2020.12.07+WN3.1
10622,10820,ambitions,-12.1804,1,0,1,0,,1,0,,ambition,,,1,0,F20K,SCOWL60_STABLE_2020.12.07+WN3.1
10623,10821,anticipate,-12.1804,1,1,0,0,V,1,1,,,,anticipated,0,1,F20K,SCOWL60_STABLE_2020.12.07+WN3.1
10624,10822,ants,-12.1804,1,0,1,0,,1,1,,ant,wants;pants,,1,2,F20K,SCOWL60_STABLE_2020.12.07+WN3.1
10625,10823,api,-12.1804,0,0,0,0,,0,0,,,,,0,0,F20K,SCOWL60_STABLE_2020.12.07+WN3.1
10626,10824,ashton,-12.1804,0,0,0,0,N,0,0,,,,,0,0,F20K,SCOWL60_STABLE_2020.12.07+WN3.1
10627,10825,aspirations,-12.1804,1,0,1,0,,1,0,,aspiration,,,1,0,F20K,SCOWL60_STABLE_2020.12.07+WN3.1
10628,10826,assessments,-12.1804,1,0,1,0,,1,0,,assessment,,,1,0,F20K,SCOWL60_STABLE_2020.12.07+WN3.1
10629,10827,backward,-12.1804,1,1,0,0,ADJ|ADV,1,1,,,,backwards,0,1,F20K,SCOWL60_STABLE_2020.12.07+WN3.1
10630,10828,bacterial,-12.1804,1,1,0,0,ADJ,1,0,,bacteria,,,1,0,F20K,SCOWL60_STABLE_2020.12.07+WN3.1
10631,10829,baldwin,-12.1804,0,0,0,0,N,0,0,,,,,0,0,F20K,SCOWL60_STABLE_2020.12.07+WN3.1
10632,10830,banning,-12.1804,1,1,0,0,N,0,0,,,,,0,0,F20K,SCOWL60_STABLE_2020.12.07+WN3.1
10633,10831,beck,-12.1804,1,1,0,0,N,0,0,,,,,0,0,F20K,SCOWL60_STABLE_2020.12.07+WN3.1
10634,10832,bedrooms,-12.1804,1,0,1,0,,1,0,,bedroom,,,1,0,F20K,SCOWL60_STABLE_2020.12.07+WN3.1
10635,10833,behavioral,-12.1804,1,1,0,0,ADJ,0,0,,,,,0,0,F20K,SCOWL60_STABLE_2020.12.07+WN3.1
10636,10834,belts,-12.1804,1,0,1,0,,1,0,,belt,,,1,0,F20K,SCOWL60_STABLE_2020.12.07+WN3.1
10637,10835,bending,-12.1804,1,0,1,0,N,1,0,ending,,,,1,0,F20K,SCOWL60_STABLE_2020.12.07+WN3.1
10638,10836,bidding,-12.1804,1,1,0,0,N,0,0,,,,,0,0,F20K,SCOWL60_STABLE_2020.12.07+WN3.1
10639,10837,blink,-12.1804,1,1,0,0,N|V,1,0,link,,,,1,0,F20K,SCOWL60_STABLE_2020.12.07+WN3.1
10640,10838,branded,-12.1804,1,1,1,0,ADJ,0,0,,,,,0,0,F20K,SCOWL60_STABLE_2020.12.07+WN3.1
10641,10840,buddhism,-12.1804,0,0,0,0,N,0,0,,,,,0,0,F20K,SCOWL60_STABLE_2020.12.07+WN3.1
10642,10841,carlo,-12.1804,0,0,0,0,,0,0,,,,,0,0,F20K,SCOWL60_STABLE_2020.12.07+WN3.1
10643,10842,cartoons,-12.1804,1,0,1,0,,1,0,,cartoon,,,1,0,F20K,SCOWL60_STABLE_2020.12.07+WN3.1
10644,10843,challenger,-12.1804,1,1,1,0,N,1,0,,challenge,,,1,0,F20K,SCOWL60_STABLE_2020.12.07+WN3.1
10645,10844,chapman,-12.1804,0,0,0,0,N,0,0,,,,,0,0,F20K,SCOWL60_STABLE_2020.12.07+WN3.1
10646,10845,cockpit,-12.1804,1,1,0,0,N,0,0,,,,,0,0,F20K,SCOWL60_STABLE_2020.12.07+WN3.1
10647,10846,commentators,-12.1804,1,0,1,0,,1,0,,commentator,,,1,0,F20K,SCOWL60_STABLE_2020.12.07+WN3.1
10648,10847,compass,-12.1804,1,1,0,0,N|V,0,0,,,,,0,0,F20K,SCOWL60_STABLE_2020.12.07+WN3.1
10649,10848,contributor,-12.1804,1,1,0,0,N,1,1,,,,contributors,0,1,F20K,SCOWL60_STABLE_2020.12.07+WN3.1
10650,10849,corrections,-12.1804,1,0,1,0,N,1,0,,correction,,,1,0,F20K,SCOWL60_STABLE_2020.12.07+WN3.1
10651,10850,corresponds,-12.1804,1,0,1,0,,1,0,,correspond,,,1,0,F20K,SCOWL60_STABLE_2020.12.07+WN3.1
10652,10851,courier,-12.1804,1,1,0,0,N,0,0,,,,,0,0,F20K,SCOWL60_STABLE_2020.12.07+WN3.1
10653,10852,crafts,-12.1804,1,0,1,0,,1,0,,craft,,,1,0,F20K,SCOWL60_STABLE_2020.12.07+WN3.1
10654,10853,crises,-12.1804,1,1,0,0,,1,0,rises,,,,1,0,F20K,SCOWL60_STABLE_2020.12.07+WN3.1
10655,10854,cultivated,-12.1804,1,1,1,0,ADJ,1,0,,cultivate,,,1,0,F20K,SCOWL60_STABLE_2020.12.07+WN3.1
10656,10855,curb,-12.1804,1,1,0,0,N|V,0,0,,,,,0,0,F20K,SCOWL60_STABLE_2020.12.07+WN3.1
10657,10856,currents,-12.1804,1,1,0,0,,1,0,,current,,,1,0,F20K,SCOWL60_STABLE_2020.12.07+WN3.1
10658,10857,dexter,-12.1804,0,0,0,0,ADJ,0,0,,,,,0,0,F20K,SCOWL60_STABLE_2020.12.07+WN3.1
10659,10858,dictatorship,-12.1804,1,1,0,0,N,0,0,,,,,0,0,F20K,SCOWL60_STABLE_2020.12.07+WN3.1
10660,10859,dietary,-12.1804,1,1,0,0,N|ADJ,0,0,,,,,0,0,F20K,SCOWL60_STABLE_2020.12.07+WN3.1
10661,10860,disagreement,-12.1804,1,0,1,0,N,1,1,,,,disagreements,0,1,F20K,SCOWL60_STABLE_2020.12.07+WN3.1
10662,10861,disruption,-12.1804,1,1,0,0,N,0,0,,,,,0,0,F20K,SCOWL60_STABLE_2020.12.07+WN3.1
10663,10862,dots,-12.1804,1,0,1,0,,1,0,,dot,,,1,0,F20K,SCOWL60_STABLE_2020.12.07+WN3.1
10664,10863,downloads,-12.1804,1,0,1,0,,1,0,,download,,,1,0,F20K,SCOWL60_STABLE_2020.12.07+WN3.1
10665,10864,efficacy,-12.1804,1,1,0,0,N,0,0,,,,,0,0,F20K,SCOWL60_STABLE_2020.12.07+WN3.1
10666,10865,elliot,-12.1804,0,0,0,0,,0,0,,,,,0,0,F20K,SCOWL60_STABLE_2020.12.07+WN3.1
10667,10866,elliott,-12.1804,0,0,0,0,,0,0,,,,,0,0,F20K,SCOWL60_STABLE_2020.12.07+WN3.1
10668,10867,energetic,-12.1804,1,1,0,0,ADJ,0,0,,,,,0,0,F20K,SCOWL60_STABLE_2020.12.07+WN3.1
10669,10868,ensemble,-12.1804,1,1,0,0,N,0,0,,,,,0,0,F20K,SCOWL60_STABLE_2020.12.07+WN3.1
10670,10869,ernest,-12.1804,0,0,0,0,,0,0,,,,,0,0,F20K,SCOWL60_STABLE_2020.12.07+WN3.1
10671,10870,exemption,-12.1804,1,1,0,0,N,1,1,,,,exemptions,0,1,F20K,SCOWL60_STABLE_2020.12.07+WN3.1
10672,10871,exposing,-12.1804,1,0,1,0,,0,0,,,,,0,0,F20K,SCOWL60_STABLE_2020.12.07+WN3.1
10673,10872,favored,-12.1804,1,0,1,0,ADJ,0,0,,,,,0,0,F20K,SCOWL60_STABLE_2020.12.07+WN3.1
10674,10873,fibre,-12.1804,0,0,0,0,N,0,0,,,,,0,0,F20K,SCOWL60_STABLE_2020.12.07+WN3.1
10675,10874,fig,-12.1804,1,1,0,0,N,0,0,,,,,0,0,F20K,SCOWL60_STABLE_2020.12.07+WN3.1
10676,10875,fishermen,-12.1804,1,1,0,0,,0,0,,,,,0,0,F20K,SCOWL60_STABLE_2020.12.07+WN3.1
10677,10876,flock,-12.1804,1,1,0,0,N|V,1,0,lock,,,,1,0,F20K,SCOWL60_STABLE_2020.12.07+WN3.1
10678,10877,fracture,-12.1804,1,1,0,0,N|V,1,1,,,,fractures;fractured,0,2,F20K,SCOWL60_STABLE_2020.12.07+WN3.1
10679,10878,gal,-12.1804,1,1,0,0,N,1,1,,,,gala;gale;gall,0,3,F20K,SCOWL60_STABLE_2020.12.07+WN3.1
10680,10879,gerard,-12.1804,0,0,0,0,,0,0,,,,,0,0,F20K,SCOWL60_STABLE_2020.12.07+WN3.1
10681,10880,goats,-12.1804,1,0,1,0,,1,0,oats,goat,,,2,0,F20K,SCOWL60_STABLE_2020.12.07+WN3.1
10682,10881,grabbing,-12.1804,1,1,0,0,,0,0,,,,,0,0,F20K,SCOWL60_STABLE_2020.12.07+WN3.1
10683,10882,grabs,-12.1804,1,0,1,0,,1,0,,grab,,,1,0,F20K,SCOWL60_STABLE_2020.12.07+WN3.1
10684,10883,hairy,-12.1804,1,1,0,0,ADJ,1,0,,hair,,,1,0,F20K,SCOWL60_STABLE_2020.12.07+WN3.1
10685,10884,highways,-12.1804,1,0,1,0,,1,0,,highway,,,1,0,F20K,SCOWL60_STABLE_2020.12.07+WN3.1
10686,10885,housed,-12.1804,1,0,1,0,,1,0,,house,,,1,0,F20K,SCOWL60_STABLE_2020.12.07+WN3.1
10687,10886,immature,-12.1804,1,1,0,0,ADJ,0,0,,,,,0,0,F20K,SCOWL60_STABLE_2020.12.07+WN3.1
10688,10887,imperative,-12.1804,1,1,0,0,N|ADJ,0,0,,,,,0,0,F20K,SCOWL60_STABLE_2020.12.07+WN3.1
10689,10888,inning,-12.1804,1,1,1,0,N,1,1,,,winning,innings,0,2,F20K,SCOWL60_STABLE_2020.12.07+WN3.1
10690,10889,insanity,-12.1804,1,0,1,0,N,0,0,,,,,0,0,F20K,SCOWL60_STABLE_2020.12.07+WN3.1
10691,10890,insists,-12.1804,1,0,1,0,,1,0,,insist,,,1,0,F20K,SCOWL60_STABLE_2020.12.07+WN3.1
10692,10891,invites,-12.1804,1,0,1,0,,1,0,,invite,,,1,0,F20K,SCOWL60_STABLE_2020.12.07+WN3.1
10693,10892,irving,-12.1804,0,0,0,0,N,0,0,,,,,0,0,F20K,SCOWL60_STABLE_2020.12.07+WN3.1
10694,10893,ix,-12.1804,1,1,0,0,N|ADJ,1,1,,i,six;fix;mix,,1,3,F20K,SCOWL60_STABLE_2020.12.07+WN3.1
10695,10894,jared,-12.1804,0,0,0,0,,0,0,,,,,0,0,F20K,SCOWL60_STABLE_2020.12.07+WN3.1
10696,10895,jill,-12.1804,0,0,0,0,,0,0,,,,,0,0,F20K,SCOWL60_STABLE_2020.12.07+WN3.1
10697,10896,johannesburg,-12.1804,0,0,0,0,N,0,0,,,,,0,0,F20K,SCOWL60_STABLE_2020.12.07+WN3.1
10698,10897,klein,-12.1804,0,0,0,0,N,0,0,,,,,0,0,F20K,SCOWL60_STABLE_2020.12.07+WN3.1
10699,10898,knot,-12.1804,1,1,0,0,N|V,1,1,not,,,knots,1,1,F20K,SCOWL60_STABLE_2020.12.07+WN3.1
10700,10899,kuwait,-12.1804,0,0,0,0,N,0,0,,,,,0,0,F20K,SCOWL60_STABLE_2020.12.07+WN3.1
10701,10900,lent,-12.1804,1,1,0,0,N,0,0,,,,,0,0,F20K,SCOWL60_STABLE_2020.12.07+WN3.1
10702,10901,leone,-12.1804,0,0,0,0,N,0,0,,,,,0,0,F20K,SCOWL60_STABLE_2020.12.07+WN3.1
10703,10902,lu,-12.1804,0,0,0,0,N,0,0,,,,,0,0,F20K,SCOWL60_STABLE_2020.12.07+WN3.1
10704,10903,lust,-12.1804,1,1,0,0,N|V,0,0,,,,,0,0,F20K,SCOWL60_STABLE_2020.12.07+WN3.1
10705,10904,magistrate,-12.1804,1,1,0,0,N,1,1,,,,magistrates,0,1,F20K,SCOWL60_STABLE_2020.12.07+WN3.1
10706,10905,mali,-12.1804,0,0,0,0,N,0,0,,,,,0,0,F20K,SCOWL60_STABLE_2020.12.07+WN3.1
10707,10906,manipulate,-12.1804,1,1,0,0,V,1,1,,,,manipulated,0,1,F20K,SCOWL60_STABLE_2020.12.07+WN3.1
10708,10907,mann,-12.1804,0,0,0,0,N,0,0,,,,,0,0,F20K,SCOWL60_STABLE_2020.12.07+WN3.1
10709,10908,marilyn,-12.1804,0,0,0,0,,0,0,,,,,0,0,F20K,SCOWL60_STABLE_2020.12.07+WN3.1
10710,10909,masterpiece,-12.1804,1,1,0,0,N,1,1,,,,masterpieces,0,1,F20K,SCOWL60_STABLE_2020.12.07+WN3.1
10711,10910,memo,-12.1804,1,1,0,0,N,0,0,,,,,0,0,F20K,SCOWL60_STABLE_2020.12.07+WN3.1
10712,10911,metallic,-12.1804,1,1,0,0,N|ADJ,0,0,,,,,0,0,F20K,SCOWL60_STABLE_2020.12.07+WN3.1
10713,10912,milwaukee,-12.1804,0,0,0,0,N,0,0,,,,,0,0,F20K,SCOWL60_STABLE_2020.12.07+WN3.1
10714,10913,nailed,-12.1804,1,0,1,0,,0,0,,,,,0,0,F20K,SCOWL60_STABLE_2020.12.07+WN3.1
10715,10914,naples,-12.1804,0,0,0,0,N,0,0,,,,,0,0,F20K,SCOWL60_STABLE_2020.12.07+WN3.1
10716,10915,natives,-12.1804,1,0,1,0,,1,0,,native,,,1,0,F20K,SCOWL60_STABLE_2020.12.07+WN3.1
10717,10916,negatively,-12.1804,1,0,1,0,ADV,0,0,,,,,0,0,F20K,SCOWL60_STABLE_2020.12.07+WN3.1
10718,10917,node,-12.1804,1,1,0,0,N,1,1,ode,nod,,nodes,2,1,F20K,SCOWL60_STABLE_2020.12.07+WN3.1
10719,10918,otto,-12.1804,0,0,0,0,,0,0,,,,,0,0,F20K,SCOWL60_STABLE_2020.12.07+WN3.1
10720,10919,overlooking,-12.1804,1,0,1,0,ADJ,0,0,,,,,0,0,F20K,SCOWL60_STABLE_2020.12.07+WN3.1
10721,10920,paperwork,-12.1804,1,1,0,0,N,0,0,,,,,0,0,F20K,SCOWL60_STABLE_2020.12.07+WN3.1
10722,10921,passages,-12.1804,1,0,1,0,,1,0,,passage,,,1,0,F20K,SCOWL60_STABLE_2020.12.07+WN3.1
10723,10922,pastoral,-12.1804,1,1,0,0,N|ADJ,0,0,,,,,0,0,F20K,SCOWL60_STABLE_2020.12.07+WN3.1
10724,10923,patriot,-12.1804,1,1,0,0,N,1,1,,,,patriots,0,1,F20K,SCOWL60_STABLE_2020.12.07+WN3.1
10725,10924,payne,-12.1804,0,0,0,0,,0,0,,,,,0,0,F20K,SCOWL60_STABLE_2020.12.07+WN3.1
10726,10925,pearson,-12.1804,0,0,0,0,,0,0,,,,,0,0,F20K,SCOWL60_STABLE_2020.12.07+WN3.1
10727,10926,philosophers,-12.1804,1,0,1,0,,1,0,,philosopher,,,1,0,F20K,SCOWL60_STABLE_2020.12.07+WN3.1
10728,10927,photographic,-12.1804,1,1,0,0,ADJ,0,0,,,,,0,0,F20K,SCOWL60_STABLE_2020.12.07+WN3.1
10729,10928,pictured,-12.1804,1,0,1,0,ADJ,1,0,,picture,,,1,0,F20K,SCOWL60_STABLE_2020.12.07+WN3.1
10730,10929,plateau,-12.1804,1,1,0,0,N,0,0,,,,,0,0,F20K,SCOWL60_STABLE_2020.12.07+WN3.1
10731,10930,policing,-12.1804,1,0,1,0,,0,0,,,,,0,0,F20K,SCOWL60_STABLE_2020.12.07+WN3.1
10732,10931,prayed,-12.1804,1,0,1,0,,1,1,,,sprayed,,0,1,F20K,SCOWL60_STABLE_2020.12.07+WN3.1
10733,10932,preston,-12.1804,0,0,0,0,,0,0,,,,,0,0,F20K,SCOWL60_STABLE_2020.12.07+WN3.1
10734,10933,promotions,-12.1804,1,0,1,0,,1,0,,promotion,,,1,0,F20K,SCOWL60_STABLE_2020.12.07+WN3.1
10735,10934,proposing,-12.1804,1,0,1,0,,0,0,,,,,0,0,F20K,SCOWL60_STABLE_2020.12.07+WN3.1
10736,10935,purity,-12.1804,1,1,0,0,N,0,0,,,,,0,0,F20K,SCOWL60_STABLE_2020.12.07+WN3.1
10737,10936,rehab,-12.1804,1,1,0,0,,0,0,,,,,0,0,F20K,SCOWL60_STABLE_2020.12.07+WN3.1
10738,10937,rejects,-12.1804,1,0,1,0,,1,0,,reject,,,1,0,F20K,SCOWL60_STABLE_2020.12.07+WN3.1
10739,10938,reminding,-12.1804,1,0,1,0,,0,0,,,,,0,0,F20K,SCOWL60_STABLE_2020.12.07+WN3.1
10740,10939,renew,-12.1804,1,1,0,0,V,0,0,,,,,0,0,F20K,SCOWL60_STABLE_2020.12.07+WN3.1
10741,10940,renovation,-12.1804,1,1,1,0,N,1,1,,,,renovations,0,1,F20K,SCOWL60_STABLE_2020.12.07+WN3.1
10742,10941,resembles,-12.1804,1,0,1,0,,1,0,,resemble,,,1,0,F20K,SCOWL60_STABLE_2020.12.07+WN3.1
10743,10942,respectful,-12.1804,1,1,0,0,ADJ,0,0,,,,,0,0,F20K,SCOWL60_STABLE_2020.12.07+WN3.1
10744,10943,responsive,-12.1804,1,1,0,0,ADJ,0,0,,,,,0,0,F20K,SCOWL60_STABLE_2020.12.07+WN3.1
10745,10944,reunited,-12.1804,1,0,1,0,,1,0,,reunite,,,1,0,F20K,SCOWL60_STABLE_2020.12.07+WN3.1
10746,10945,ribbon,-12.1804,1,1,0,0,N,1,1,,,,ribbons,0,1,F20K,SCOWL60_STABLE_2020.12.07+WN3.1
10747,10946,rite,-12.1804,1,1,0,0,N,1,1,,,write,rites,0,2,F20K,SCOWL60_STABLE_2020.12.07+WN3.1
10748,10947,romney,-12.1804,0,0,0,0,,0,0,,,,,0,0,F20K,SCOWL60_STABLE_2020.12.07+WN3.1
10749,10948,samantha,-12.1804,0,0,0,0,,0,0,,,,,0,0,F20K,SCOWL60_STABLE_2020.12.07+WN3.1
10750,10949,santos,-12.1804,0,0,0,0,N,0,0,,,,,0,0,F20K,SCOWL60_STABLE_2020.12.07+WN3.1
10751,10950,schooling,-12.1804,1,1,1,0,N,0,0,,,,,0,0,F20K,SCOWL60_STABLE_2020.12.07+WN3.1
10752,10951,screenshot,-12.1804,1,1,0,0,,1,1,,,,screenshots,0,1,F20K,SCOWL60_STABLE_2020.12.07+WN3.1
10753,10952,shelves,-12.1804,1,0,1,0,,0,0,,,,,0,0,F20K,SCOWL60_STABLE_2020.12.07+WN3.1
10754,10953,shin,-12.1804,1,1,0,0,N|V,1,1,,,,shine;shiny,0,2,F20K,SCOWL60_STABLE_2020.12.07+WN3.1
10755,10954,simmons,-12.1804,0,0,0,0,,0,0,,,,,0,0,F20K,SCOWL60_STABLE_2020.12.07+WN3.1
10756,10955,singular,-12.1804,1,1,0,0,N|ADJ,0,0,,,,,0,0,F20K,SCOWL60_STABLE_2020.12.07+WN3.1
10757,10956,slowed,-12.1804,1,0,1,0,,0,0,,,,,0,0,F20K,SCOWL60_STABLE_2020.12.07+WN3.1
10758,10957,slowing,-12.1804,1,0,1,0,N,0,0,,,,,0,0,F20K,SCOWL60_STABLE_2020.12.07+WN3.1
10759,10958,soils,-12.1804,1,0,1,0,,1,0,oils,soil,,,2,0,F20K,SCOWL60_STABLE_2020.12.07+WN3.1
10760,10959,sol,-12.1804,1,1,0,0,N,1,1,,so,,sold;solo;sole,1,3,F20K,SCOWL60_STABLE_2020.12.07+WN3.1
10761,10960,solitary,-12.1804,1,1,0,0,N|ADJ,0,0,,,,,0,0,F20K,SCOWL60_STABLE_2020.12.07+WN3.1
10762,10961,somerset,-12.1804,1,1,0,0,N,0,0,,,,,0,0,F20K,SCOWL60_STABLE_2020.12.07+WN3.1
10763,10962,sq,-12.1804,1,1,0,0,,0,0,,,,,0,0,F20K,SCOWL60_STABLE_2020.12.07+WN3.1
10764,10963,standardized,-12.1804,1,0,1,0,ADJ,0,0,,,,,0,0,F20K,SCOWL60_STABLE_2020.12.07+WN3.1
10765,10964,sticky,-12.1804,1,1,0,0,ADJ,1,0,,stick,,,1,0,F20K,SCOWL60_STABLE_2020.12.07+WN3.1
10766,10965,surgeons,-12.1804,1,0,1,0,,1,0,,surgeon,,,1,0,F20K,SCOWL60_STABLE_2020.12.07+WN3.1
10767,10966,symptom,-12.1804,1,1,0,0,N,1,1,,,,symptoms,0,1,F20K,SCOWL60_STABLE_2020.12.07+WN3.1
10768,10967,tariff,-12.1804,1,1,0,0,N|V,1,1,,,,tariffs,0,1,F20K,SCOWL60_STABLE_2020.12.07+WN3.1
10769,10968,theatrical,-12.1804,1,1,0,0,N|ADJ,0,0,,,,,0,0,F20K,SCOWL60_STABLE_2020.12.07+WN3.1
10770,10969,thirst,-12.1804,1,1,0,0,N|V,1,1,,,,thirsty,0,1,F20K,SCOWL60_STABLE_2020.12.07+WN3.1
10771,10970,tones,-12.1804,1,0,1,0,,1,1,ones,tone,stones,,2,1,F20K,SCOWL60_STABLE_2020.12.07+WN3.1
10772,10971,tract,-12.1804,1,1,0,0,N,1,1,,,,tracts,0,1,F20K,SCOWL60_STABLE_2020.12.07+WN3.1
10773,10972,transmitter,-12.1804,1,1,0,0,N,0,0,,,,,0,0,F20K,SCOWL60_STABLE_2020.12.07+WN3.1
10774,10973,troop,-12.1804,1,1,0,0,N|V,1,1,,,,troops,0,1,F20K,SCOWL60_STABLE_2020.12.07+WN3.1
10775,10974,ts,-12.1804,1,0,1,0,,1,1,,,its,,0,1,F20K,SCOWL60_STABLE_2020.12.07+WN3.1
10776,10975,turbo,-12.1804,1,1,0,0,,0,0,,,,,0,0,F20K,SCOWL60_STABLE_2020.12.07+WN3.1
10777,10976,valleys,-12.1804,1,0,1,0,,1,0,,valley,,,1,0,F20K,SCOWL60_STABLE_2020.12.07+WN3.1
10778,10977,veil,-12.1804,1,1,0,0,N|V,0,0,,,,,0,0,F20K,SCOWL60_STABLE_2020.12.07+WN3.1
10779,10978,velvet,-12.1804,1,1,0,0,N|ADJ,0,0,,,,,0,0,F20K,SCOWL60_STABLE_2020.12.07+WN3.1
10780,10979,vip,-12.1804,0,0,0,0,N,0,0,,,,,0,0,F20K,SCOWL60_STABLE_2020.12.07+WN3.1
10781,10980,wagner,-12.1804,0,0,0,0,N,0,0,,,,,0,0,F20K,SCOWL60_STABLE_2020.12.07+WN3.1
10782,10981,waving,-12.1804,1,0,1,0,N,0,0,,,,,0,0,F20K,SCOWL60_STABLE_2020.12.07+WN3.1
10783,10982,weddings,-12.1804,1,0,1,0,,1,0,,wedding,,,1,0,F20K,SCOWL60_STABLE_2020.12.07+WN3.1
10784,10983,wesley,-12.1804,0,0,0,0,N,0,0,,,,,0,0,F20K,SCOWL60_STABLE_2020.12.07+WN3.1
10785,10984,worthwhile,-12.1804,1,1,0,0,ADJ,0,0,,,,,0,0,F20K,SCOWL60_STABLE_2020.12.07+WN3.1
10786,10985,yen,-12.1804,1,1,0,0,N|V,1,0,en,ye,,,2,0,F20K,SCOWL60_STABLE_2020.12.07+WN3.1
10787,10986,youre,-12.1804,0,0,0,0,,0,0,,,,,0,0,F20K,SCOWL60_STABLE_2020.12.07+WN3.1
10788,10988,adjusting,-12.2041,1,0,1,0,,0,0,,,,,0,0,F20K,SCOWL60_STABLE_2020.12.07+WN3.1
10789,10989,admired,-12.2041,1,0,1,0,ADJ,1,0,,admire,,,1,0,F20K,SCOWL60_STABLE_2020.12.07+WN3.1
10790,10990,ale,-12.2041,1,1,0,0,N,1,1,,,male;sale;tale;pale;dale;gale;vale;bale;hale;kale,,0,10,F20K,SCOWL60_STABLE_2020.12.07+WN3.1
10791,10991,algorithms,-12.2041,1,0,1,0,,1,0,,algorithm,,,1,0,F20K,SCOWL60_STABLE_2020.12.07+WN3.1
10792,10992,artifacts,-12.2041,1,0,1,0,,1,0,,artifact,,,1,0,F20K,SCOWL60_STABLE_2020.12.07+WN3.1
10793,10993,assholes,-12.2041,1,0,1,1,,1,0,,asshole,,,1,0,F20K,SCOWL60_STABLE_2020.12.07+WN3.1
10794,10994,attracting,-12.2041,1,0,1,0,,0,0,,,,,0,0,F20K,SCOWL60_STABLE_2020.12.07+WN3.1
10795,10995,ay,-12.2041,0,0,0,0,,0,0,,,,,0,0,F20K,SCOWL60_STABLE_2020.12.07+WN3.1
10796,10996,bananas,-12.2041,1,0,1,0,,1,0,,banana,,,1,0,F20K,SCOWL60_STABLE_2020.12.07+WN3.1
10797,10997,bankrupt,-12.2041,1,1,0,0,N|V|ADJ,0,0,,,,,0,0,F20K,SCOWL60_STABLE_2020.12.07+WN3.1
10798,10998,bathing,-12.2041,1,1,1,0,N,0,0,,,,,0,0,F20K,SCOWL60_STABLE_2020.12.07+WN3.1
10799,10999,bayern,-12.2041,0,0,0,0,,0,0,,,,,0,0,F20K,SCOWL60_STABLE_2020.12.07+WN3.1
10800,11000,bieber,-12.2041,0,0,0,0,,0,0,,,,,0,0,F20K,SCOWL60_STABLE_2020.12.07+WN3.1
10801,11001,bleed,-12.2041,1,1,0,0,V,0,0,,,,,0,0,F20K,SCOWL60_STABLE_2020.12.07+WN3.1
10802,11002,bowls,-12.2041,1,0,1,0,N,1,0,owls,bowl,,,2,0,F20K,SCOWL60_STABLE_2020.12.07+WN3.1
10803,11003,ceramic,-12.2041,1,1,0,0,N|ADJ,1,1,,,,ceramics,0,1,F20K,SCOWL60_STABLE_2020.12.07+WN3.1
10804,11004,cha,-12.2041,0,0,0,0,,0,0,,,,,0,0,F20K,SCOWL60_STABLE_2020.12.07+WN3.1
10805,11005,choke,-12.2041,1,1,0,0,N|V,1,1,,,,choked,0,1,F20K,SCOWL60_STABLE_2020.12.07+WN3.1
10806,11006,coats,-12.2041,1,0,1,0,,1,0,oats,coat,,,2,0,F20K,SCOWL60_STABLE_2020.12.07+WN3.1
10807,11007,coca,-12.2041,1,1,0,0,N,0,0,,,,,0,0,F20K,SCOWL60_STABLE_2020.12.07+WN3.1
10808,11008,coil,-12.2041,1,1,0,0,N|V,1,1,oil,,,coils,1,1,F20K,SCOWL60_STABLE_2020.12.07+WN3.1
10809,11009,coleman,-12.2041,0,0,0,0,,0,0,,,,,0,0,F20K,SCOWL60_STABLE_2020.12.07+WN3.1
10810,11010,combustion,-12.2041,1,1,0,0,N,0,0,,,,,0,0,F20K,SCOWL60_STABLE_2020.12.07+WN3.1
10811,11011,concealed,-12.2041,1,1,1,0,ADJ,0,0,,,,,0,0,F20K,SCOWL60_STABLE_2020.12.07+WN3.1
10812,11012,confirming,-12.2041,1,0,1,0,ADJ,0,0,,,,,0,0,F20K,SCOWL60_STABLE_2020.12.07+WN3.1
10813,11013,contention,-12.2041,1,1,0,0,N,0,0,,,,,0,0,F20K,SCOWL60_STABLE_2020.12.07+WN3.1
10814,11014,controllers,-12.2041,1,0,1,0,,1,0,,controller,,,1,0,F20K,SCOWL60_STABLE_2020.12.07+WN3.1
10815,11015,councillor,-12.2041,0,0,0,0,N,0,0,,,,,0,0,F20K,SCOWL60_STABLE_2020.12.07+WN3.1
10816,11016,crowned,-12.2041,1,1,1,0,ADJ,0,0,,,,,0,0,F20K,SCOWL60_STABLE_2020.12.07+WN3.1
10817,11017,damon,-12.2041,0,0,0,0,N,0,0,,,,,0,0,F20K,SCOWL60_STABLE_2020.12.07+WN3.1
10818,11018,danced,-12.2041,1,0,1,0,,1,0,,dance,,,1,0,F20K,SCOWL60_STABLE_2020.12.07+WN3.1
10819,11019,dd,-12.2041,1,1,0,0,N,1,1,,,add;odd,,0,2,F20K,SCOWL60_STABLE_2020.12.07+WN3.1
10820,11020,diplomat,-12.2041,1,1,0,0,N,1,1,,diploma,,diplomats,1,1,F20K,SCOWL60_STABLE_2020.12.07+WN3.1
10821,11021,disappears,-12.2041,1,0,1,0,,1,0,,disappear,,,1,0,F20K,SCOWL60_STABLE_2020.12.07+WN3.1
10822,11022,distraction,-12.2041,1,1,1,0,N,1,1,,,,distractions,0,1,F20K,SCOWL60_STABLE_2020.12.07+WN3.1
10823,11023,ecosystem,-12.2041,1,1,0,0,N,1,1,,,,ecosystems,0,1,F20K,SCOWL60_STABLE_2020.12.07+WN3.1
10824,11024,enduring,-12.2041,1,0,1,0,ADJ,0,0,,,,,0,0,F20K,SCOWL60_STABLE_2020.12.07+WN3.1
10825,11025,enhancement,-12.2041,1,1,1,0,N,0,0,,,,,0,0,F20K,SCOWL60_STABLE_2020.12.07+WN3.1
10826,11026,ethnicity,-12.2041,1,1,0,0,N,0,0,,,,,0,0,F20K,SCOWL60_STABLE_2020.12.07+WN3.1
10827,11027,faults,-12.2041,1,0,1,0,,1,0,,fault,,,1,0,F20K,SCOWL60_STABLE_2020.12.07+WN3.1
10828,11028,favors,-12.2041,1,0,1,0,,1,0,,favor,,,1,0,F20K,SCOWL60_STABLE_2020.12.07+WN3.1
10829,11029,firearm,-12.2041,1,1,0,0,N,1,1,,,,firearms,0,1,F20K,SCOWL60_STABLE_2020.12.07+WN3.1
10830,11030,focal,-12.2041,1,1,0,0,ADJ,0,0,,,,,0,0,F20K,SCOWL60_STABLE_2020.12.07+WN3.1
10831,11031,forged,-12.2041,1,0,1,0,ADJ,1,0,,forge,,,1,0,F20K,SCOWL60_STABLE_2020.12.07+WN3.1
10832,11032,freedoms,-12.2041,1,0,1,0,,1,0,,freedom,,,1,0,F20K,SCOWL60_STABLE_2020.12.07+WN3.1
10833,11034,generates,-12.2041,1,0,1,0,,1,0,,generate,,,1,0,F20K,SCOWL60_STABLE_2020.12.07+WN3.1
10834,11035,genetically,-12.2041,1,1,0,0,ADV,0,0,,,,,0,0,F20K,SCOWL60_STABLE_2020.12.07+WN3.1
10835,11036,gerald,-12.2041,0,0,0,0,,0,0,,,,,0,0,F20K,SCOWL60_STABLE_2020.12.07+WN3.1
10836,11037,gown,-12.2041,1,1,0,0,N|V,1,0,own,,,,1,0,F20K,SCOWL60_STABLE_2020.12.07+WN3.1
10837,11038,grandchildren,-12.2041,1,1,0,0,,0,0,,,,,0,0,F20K,SCOWL60_STABLE_2020.12.07+WN3.1
10838,11039,guessed,-12.2041,1,0,1,0,,0,0,,,,,0,0,F20K,SCOWL60_STABLE_2020.12.07+WN3.1
10839,11040,hallway,-12.2041,1,1,0,0,N,0,0,,,,,0,0,F20K,SCOWL60_STABLE_2020.12.07+WN3.1
10840,11041,hassan,-12.2041,0,0,0,0,,0,0,,,,,0,0,F20K,SCOWL60_STABLE_2020.12.07+WN3.1
10841,11042,hbo,-12.2041,0,0,0,0,,0,0,,,,,0,0,F20K,SCOWL60_STABLE_2020.12.07+WN3.1
10842,11043,herb,-12.2041,1,1,0,0,N,1,1,,her,,herbs,1,1,F20K,SCOWL60_STABLE_2020.12.07+WN3.1
10843,11044,ie,-12.2041,0,0,0,0,N|ADV,0,0,,,,,0,0,F20K,SCOWL60_STABLE_2020.12.07+WN3.1
10844,11045,ineffective,-12.2041,1,0,1,0,ADJ,0,0,,,,,0,0,F20K,SCOWL60_STABLE_2020.12.07+WN3.1
10845,11046,infamous,-12.2041,1,0,1,0,ADJ,0,0,,,,,0,0,F20K,SCOWL60_STABLE_2020.12.07+WN3.1
10846,11047,initiation,-12.2041,1,1,1,0,N,0,0,,,,,0,0,F20K,SCOWL60_STABLE_2020.12.07+WN3.1
10847,11048,insecure,-12.2041,1,1,0,0,ADJ,0,0,,,,,0,0,F20K,SCOWL60_STABLE_2020.12.07+WN3.1
10848,11049,interpretations,-12.2041,1,0,1,0,,1,0,,interpretation,,,1,0,F20K,SCOWL60_STABLE_2020.12.07+WN3.1
10849,11050,ipod,-12.2041,0,0,0,0,N,0,0,,,,,0,0,F20K,SCOWL60_STABLE_2020.12.07+WN3.1
10850,11051,ir,-12.2041,0,0,0,0,N,0,0,,,,,0,0,F20K,SCOWL60_STABLE_2020.12.07+WN3.1
10851,11052,ish,-12.2041,0,0,0,0,,0,0,,,,,0,0,F20K,SCOWL60_STABLE_2020.12.07+WN3.1
10852,11053,jolly,-12.2041,1,1,0,0,N|V|ADJ|ADV,0,0,,,,,0,0,F20K,SCOWL60_STABLE_2020.12.07+WN3.1
10853,11054,jules,-12.2041,0,0,0,0,,0,0,,,,,0,0,F20K,SCOWL60_STABLE_2020.12.07+WN3.1
10854,11055,lastly,-12.2041,1,0,1,0,ADV,0,0,,,,,0,0,F20K,SCOWL60_STABLE_2020.12.07+WN3.1
10855,11056,leonardo,-12.2041,0,0,0,0,N,0,0,,,,,0,0,F20K,SCOWL60_STABLE_2020.12.07+WN3.1
10856,11057,lever,-12.2041,1,1,0,0,N|V,1,1,ever,,clever,,1,1,F20K,SCOWL60_STABLE_2020.12.07+WN3.1
10857,11058,lib,-12.2041,1,1,0,0,,0,0,,,,,0,0,F20K,SCOWL60_STABLE_2020.12.07+WN3.1
10858,11059,liu,-12.2041,0,0,0,0,,0,0,,,,,0,0,F20K,SCOWL60_STABLE_2020.12.07+WN3.1
10859,11060,locking,-12.2041,1,0,1,0,N,1,1,,,blocking,,0,1,F20K,SCOWL60_STABLE_2020.12.07+WN3.1
10860,11061,lunar,-12.2041,1,1,0,0,ADJ,0,0,,,,,0,0,F20K,SCOWL60_STABLE_2020.12.07+WN3.1
10861,11062,majors,-12.2041,1,0,1,0,N,1,0,,major,,,1,0,F20K,SCOWL60_STABLE_2020.12.07+WN3.1
10862,11063,malta,-12.2041,0,0,0,0,N,0,0,,,,,0,0,F20K,SCOWL60_STABLE_2020.12.07+WN3.1
10863,11064,manifesto,-12.2041,1,1,0,0,N,1,0,,manifest,,,1,0,F20K,SCOWL60_STABLE_2020.12.07+WN3.1
10864,11065,mans,-12.2041,1,0,1,0,,1,0,ans,man,,,2,0,F20K,SCOWL60_STABLE_2020.12.07+WN3.1
10865,11066,manually,-12.2041,1,0,1,0,ADV,0,0,,,,,0,0,F20K,SCOWL60_STABLE_2020.12.07+WN3.1
10866,11067,marion,-12.2041,0,0,0,0,,0,0,,,,,0,0,F20K,SCOWL60_STABLE_2020.12.07+WN3.1
10867,11068,masculine,-12.2041,1,1,0,0,N|ADJ,0,0,,,,,0,0,F20K,SCOWL60_STABLE_2020.12.07+WN3.1
10868,11069,meaningless,-12.2041,1,1,0,0,ADJ,0,0,,,,,0,0,F20K,SCOWL60_STABLE_2020.12.07+WN3.1
10869,11070,mesh,-12.2041,1,1,0,0,N|V,0,0,,,,,0,0,F20K,SCOWL60_STABLE_2020.12.07+WN3.1
10870,11071,minneapolis,-12.2041,0,0,0,0,N,0,0,,,,,0,0,F20K,SCOWL60_STABLE_2020.12.07+WN3.1
10871,11072,modi,-12.2041,0,0,0,0,,0,0,,,,,0,0,F20K,SCOWL60_STABLE_2020.12.07+WN3.1
10872,11073,modules,-12.2041,1,0,1,0,,1,0,,module,,,1,0,F20K,SCOWL60_STABLE_2020.12.07+WN3.1
10873,11074,mold,-12.2041,1,1,0,0,N|V,1,0,old,,,,1,0,F20K,SCOWL60_STABLE_2020.12.07+WN3.1
10874,11075,monaco,-12.2041,0,0,0,0,N,0,0,,,,,0,0,F20K,SCOWL60_STABLE_2020.12.07+WN3.1
10875,11076,ned,-12.2041,0,0,0,0,,0,0,,,,,0,0,F20K,SCOWL60_STABLE_2020.12.07+WN3.1
10876,11077,newborn,-12.2041,1,1,0,0,N|ADJ,0,0,,,,,0,0,F20K,SCOWL60_STABLE_2020.12.07+WN3.1
10877,11078,norfolk,-12.2041,0,0,0,0,N,0,0,,,,,0,0,F20K,SCOWL60_STABLE_2020.12.07+WN3.1
10878,11079,nos,-12.2041,1,0,1,0,,1,1,,no,,nose,1,1,F20K,SCOWL60_STABLE_2020.12.07+WN3.1
10879,11080,noticeable,-12.2041,1,1,0,0,ADJ,0,0,,,,,0,0,F20K,SCOWL60_STABLE_2020.12.07+WN3.1
10880,11081,ole,-12.2041,1,1,0,0,,1,1,,,role;hole;sole;pole;mole;dole,,0,6,F20K,SCOWL60_STABLE_2020.12.07+WN3.1
10881,11082,omega,-12.2041,1,1,0,0,N,1,0,mega,,,,1,0,F20K,SCOWL60_STABLE_2020.12.07+WN3.1
10882,11083,owes,-12.2041,1,0,1,0,,1,0,,owe,,,1,0,F20K,SCOWL60_STABLE_2020.12.07+WN3.1
10883,11084,patricia,-12.2041,0,0,0,0,,0,0,,,,,0,0,F20K,SCOWL60_STABLE_2020.12.07+WN3.1
10884,11085,plantation,-12.2041,1,1,0,0,N,1,1,,,,plantations,0,1,F20K,SCOWL60_STABLE_2020.12.07+WN3.1
10885,11086,potent,-12.2041,1,1,0,0,ADJ,0,0,,,,,0,0,F20K,SCOWL60_STABLE_2020.12.07+WN3.1
10886,11087,preaching,-12.2041,1,0,1,0,N,1,0,reaching,,,,1,0,F20K,SCOWL60_STABLE_2020.12.07+WN3.1
10887,11088,prevalence,-12.2041,1,1,0,0,N,0,0,,,,,0,0,F20K,SCOWL60_STABLE_2020.12.07+WN3.1
10888,11089,psychiatrist,-12.2041,1,1,0,0,N,0,0,,,,,0,0,F20K,SCOWL60_STABLE_2020.12.07+WN3.1
10889,11090,pushes,-12.2041,1,0,1,0,,0,0,,,,,0,0,F20K,SCOWL60_STABLE_2020.12.07+WN3.1
10890,11091,qaeda,-12.2041,0,0,0,0,N,0,0,,,,,0,0,F20K,SCOWL60_STABLE_2020.12.07+WN3.1
10891,11092,quad,-12.2041,1,1,0,0,N,1,1,,,squad,,0,1,F20K,SCOWL60_STABLE_2020.12.07+WN3.1
10892,11093,quitting,-12.2041,1,1,0,0,,0,0,,,,,0,0,F20K,SCOWL60_STABLE_2020.12.07+WN3.1
10893,11094,quoting,-12.2041,1,0,1,0,,0,0,,,,,0,0,F20K,SCOWL60_STABLE_2020.12.07+WN3.1
10894,11095,raining,-12.2041,1,0,1,0,ADJ,1,1,,,training;draining,,0,2,F20K,SCOWL60_STABLE_2020.12.07+WN3.1
10895,11096,rb,-12.2041,0,0,0,0,N,0,0,,,,,0,0,F20K,SCOWL60_STABLE_2020.12.07+WN3.1
10896,11097,realizes,-12.2041,1,0,1,0,,1,0,,realize,,,1,0,F20K,SCOWL60_STABLE_2020.12.07+WN3.1
10897,11098,recurring,-12.2041,1,1,0,0,ADJ,0,0,,,,,0,0,F20K,SCOWL60_STABLE_2020.12.07+WN3.1
10898,11099,refrain,-12.2041,1,1,0,0,N|V,0,0,,,,,0,0,F20K,SCOWL60_STABLE_2020.12.07+WN3.1
10899,11100,regina,-12.2041,0,0,0,0,N,0,0,,,,,0,0,F20K,SCOWL60_STABLE_2020.12.07+WN3.1
10900,11101,reproduce,-12.2041,1,0,1,0,V,1,1,,,,reproduced,0,1,F20K,SCOWL60_STABLE_2020.12.07+WN3.1
10901,11102,reset,-12.2041,1,0,1,0,N|V,0,0,,,,,0,0,F20K,SCOWL60_STABLE_2020.12.07+WN3.1
10902,11103,rover,-12.2041,1,1,1,0,N,1,1,over,,,rovers,1,1,F20K,SCOWL60_STABLE_2020.12.07+WN3.1
10903,11104,ruining,-12.2041,1,0,1,0,N,0,0,,,,,0,0,F20K,SCOWL60_STABLE_2020.12.07+WN3.1
10904,11105,sanders,-12.2041,1,0,1,0,,0,0,,,,,0,0,F20K,SCOWL60_STABLE_2020.12.07+WN3.1
10905,11106,scholarships,-12.2041,1,0,1,0,,1,0,,scholarship,,,1,0,F20K,SCOWL60_STABLE_2020.12.07+WN3.1
10906,11107,separating,-12.2041,1,0,1,0,,0,0,,,,,0,0,F20K,SCOWL60_STABLE_2020.12.07+WN3.1
10907,11108,shady,-12.2041,1,1,0,0,ADJ,0,0,,,,,0,0,F20K,SCOWL60_STABLE_2020.12.07+WN3.1
10908,11109,shannon,-12.2041,0,0,0,0,N,0,0,,,,,0,0,F20K,SCOWL60_STABLE_2020.12.07+WN3.1
10909,11110,shelters,-12.2041,1,0,1,0,,1,0,,shelter,,,1,0,F20K,SCOWL60_STABLE_2020.12.07+WN3.1
10910,11111,shi,-12.2041,0,0,0,0,,0,0,,,,,0,0,F20K,SCOWL60_STABLE_2020.12.07+WN3.1
10911,11112,shipment,-12.2041,1,1,1,0,N,1,1,,,,shipments,0,1,F20K,SCOWL60_STABLE_2020.12.07+WN3.1
10912,11114,skate,-12.2041,1,1,0,0,N|V,1,1,,,,skater,0,1,F20K,SCOWL60_STABLE_2020.12.07+WN3.1
10913,11115,soviets,-12.2041,1,0,1,0,N,1,0,,soviet,,,1,0,F20K,SCOWL60_STABLE_2020.12.07+WN3.1
10914,11116,spear,-12.2041,1,1,0,0,N|V,1,1,pear,,,spears,1,1,F20K,SCOWL60_STABLE_2020.12.07+WN3.1
10915,11117,spears,-12.2041,1,0,1,0,,1,0,,spear,,,1,0,F20K,SCOWL60_STABLE_2020.12.07+WN3.1
10916,11118,squadron,-12.2041,1,1,0,0,N,0,0,,,,,0,0,F20K,SCOWL60_STABLE_2020.12.07+WN3.1
10917,11119,squirrel,-12.2041,1,1,0,0,N,1,1,,,,squirrels,0,1,F20K,SCOWL60_STABLE_2020.12.07+WN3.1
10918,11120,stoke,-12.2041,1,1,0,0,V,1,1,,,,stokes;stoked,0,2,F20K,SCOWL60_STABLE_2020.12.07+WN3.1
10919,11121,strap,-12.2041,1,1,0,0,N|V,1,1,trap,,,straps,1,1,F20K,SCOWL60_STABLE_2020.12.07+WN3.1
10920,11122,stresses,-12.2041,1,0,1,0,,0,0,,,,,0,0,F20K,SCOWL60_STABLE_2020.12.07+WN3.1
10921,11123,superstar,-12.2041,1,1,0,0,N,0,0,,,,,0,0,F20K,SCOWL60_STABLE_2020.12.07+WN3.1
10922,11124,surrey,-12.2041,1,1,0,0,N,0,0,,,,,0,0,F20K,SCOWL60_STABLE_2020.12.07+WN3.1
10923,11125,sweater,-12.2041,1,1,1,0,N,0,0,,,,,0,0,F20K,SCOWL60_STABLE_2020.12.07+WN3.1
10924,11126,tango,-12.2041,1,1,0,0,N|V,1,0,,tang,,,1,0,F20K,SCOWL60_STABLE_2020.12.07+WN3.1
10925,11127,teammate,-12.2041,1,1,0,0,N,1,1,,,,teammates,0,1,F20K,SCOWL60_STABLE_2020.12.07+WN3.1
10926,11128,temp,-12.2041,1,1,0,0,N,1,1,,,,tempo;temps,0,2,F20K,SCOWL60_STABLE_2020.12.07+WN3.1
10927,11129,thames,-12.2041,0,0,0,0,N,0,0,,,,,0,0,F20K,SCOWL60_STABLE_2020.12.07+WN3.1
10928,11130,threads,-12.2041,1,0,1,0,N,1,0,,thread,,,1,0,F20K,SCOWL60_STABLE_2020.12.07+WN3.1
10929,11131,tractor,-12.2041,1,1,0,0,N,0,0,,,,,0,0,F20K,SCOWL60_STABLE_2020.12.07+WN3.1
10930,11132,trump,-12.2041,1,1,0,0,N|V,0,0,,,,,0,0,F20K,SCOWL60_STABLE_2020.12.07+WN3.1
10931,11133,trusting,-12.2041,1,1,1,0,ADJ,0,0,,,,,0,0,F20K,SCOWL60_STABLE_2020.12.07+WN3.1
10932,11134,tuberculosis,-12.2041,1,1,0,0,N,0,0,,,,,0,0,F20K,SCOWL60_STABLE_2020.12.07+WN3.1
10933,11135,tuna,-12.2041,1,1,0,0,N,0,0,,,,,0,0,F20K,SCOWL60_STABLE_2020.12.07+WN3.1
10934,11136,turf,-12.2041,1,1,0,0,N|V,0,0,,,,,0,0,F20K,SCOWL60_STABLE_2020.12.07+WN3.1
10935,11137,ty,-12.2041,0,0,0,0,,0,0,,,,,0,0,F20K,SCOWL60_STABLE_2020.12.07+WN3.1
10936,11138,ufc,-12.2041,0,0,0,0,,0,0,,,,,0,0,F20K,SCOWL60_STABLE_2020.12.07+WN3.1
10937,11139,una,-12.2041,0,0,0,0,,0,0,,,,,0,0,F20K,SCOWL60_STABLE_2020.12.07+WN3.1
10938,11140,undercover,-12.2041,1,1,0,0,ADJ,0,0,,,,,0,0,F20K,SCOWL60_STABLE_2020.12.07+WN3.1
10939,11141,unwilling,-12.2041,1,0,1,0,ADJ,0,0,,,,,0,0,F20K,SCOWL60_STABLE_2020.12.07+WN3.1
10940,11142,verb,-12.2041,1,1,0,0,N,1,1,,,,verbs,0,1,F20K,SCOWL60_STABLE_2020.12.07+WN3.1
10941,11143,vista,-12.2041,1,1,0,0,N,0,0,,,,,0,0,F20K,SCOWL60_STABLE_2020.12.07+WN3.1
10942,11144,vivid,-12.2041,1,1,0,0,ADJ,0,0,,,,,0,0,F20K,SCOWL60_STABLE_2020.12.07+WN3.1
10943,11145,vocals,-12.2041,1,0,1,0,,1,0,,vocal,,,1,0,F20K,SCOWL60_STABLE_2020.12.07+WN3.1
10944,11146,volcanic,-12.2041,1,1,0,0,ADJ,0,0,,,,,0,0,F20K,SCOWL60_STABLE_2020.12.07+WN3.1
10945,11147,waits,-12.2041,1,0,1,0,,1,1,,wait,awaits,,1,1,F20K,SCOWL60_STABLE_2020.12.07+WN3.1
10946,11148,webster,-12.2041,0,0,0,0,N,0,0,,,,,0,0,F20K,SCOWL60_STABLE_2020.12.07+WN3.1
10947,11149,yuan,-12.2041,1,1,0,0,N,0,0,,,,,0,0,F20K,SCOWL60_STABLE_2020.12.07+WN3.1
10948,11150,abolished,-12.2263,1,0,1,0,,0,0,,,,,0,0,F20K,SCOWL60_STABLE_2020.12.07+WN3.1
10949,11151,absorption,-12.2263,1,1,0,0,N,0,0,,,,,0,0,F20K,SCOWL60_STABLE_2020.12.07+WN3.1
10950,11152,accelerate,-12.2263,1,1,0,0,V,1,1,,,,accelerated,0,1,F20K,SCOWL60_STABLE_2020.12.07+WN3.1
10951,11153,accusing,-12.2263,1,1,1,0,ADJ,0,0,,,,,0,0,F20K,SCOWL60_STABLE_2020.12.07+WN3.1
10952,11154,advertised,-12.2263,1,1,1,0,ADJ,1,0,,advertise,,,1,0,F20K,SCOWL60_STABLE_2020.12.07+WN3.1
10953,11155,advocated,-12.2263,1,0,1,0,,1,0,,advocate,,,1,0,F20K,SCOWL60_STABLE_2020.12.07+WN3.1
10954,11156,aisle,-12.2263,1,1,0,0,N,1,0,isle,,,,1,0,F20K,SCOWL60_STABLE_2020.12.07+WN3.1
10955,11157,alphabet,-12.2263,1,1,0,0,N,0,0,,,,,0,0,F20K,SCOWL60_STABLE_2020.12.07+WN3.1
10956,11158,aluminium,-12.2263,0,0,0,0,N,0,0,,,,,0,0,F20K,SCOWL60_STABLE_2020.12.07+WN3.1
10957,11159,asap,-12.2263,1,1,0,0,ADV,1,0,sap,,,,1,0,F20K,SCOWL60_STABLE_2020.12.07+WN3.1
10958,11160,assertion,-12.2263,1,1,0,0,N,1,1,,,,assertions,0,1,F20K,SCOWL60_STABLE_2020.12.07+WN3.1
10959,11161,aston,-12.2263,0,0,0,0,,0,0,,,,,0,0,F20K,SCOWL60_STABLE_2020.12.07+WN3.1
10960,11162,atheist,-12.2263,1,1,0,0,N|ADJ,1,1,,,,atheists,0,1,F20K,SCOWL60_STABLE_2020.12.07+WN3.1
10961,11163,aus,-12.2263,0,0,0,0,,0,0,,,,,0,0,F20K,SCOWL60_STABLE_2020.12.07+WN3.1
10962,11164,avatar,-12.2263,1,1,0,0,N,0,0,,,,,0,0,F20K,SCOWL60_STABLE_2020.12.07+WN3.1
10963,11165,avengers,-12.2263,1,0,1,0,,0,0,,,,,0,0,F20K,SCOWL60_STABLE_2020.12.07+WN3.1
10964,11166,beacon,-12.2263,1,1,0,0,N|V,0,0,,,,,0,0,F20K,SCOWL60_STABLE_2020.12.07+WN3.1
10965,11167,budapest,-12.2263,0,0,0,0,N,0,0,,,,,0,0,F20K,SCOWL60_STABLE_2020.12.07+WN3.1
10966,11168,butterflies,-12.2263,1,0,1,0,,0,0,,,,,0,0,F20K,SCOWL60_STABLE_2020.12.07+WN3.1
10967,11169,capitals,-12.2263,1,0,1,0,,1,0,,capital,,,1,0,F20K,SCOWL60_STABLE_2020.12.07+WN3.1
10968,11170,capturing,-12.2263,1,0,1,0,,0,0,,,,,0,0,F20K,SCOWL60_STABLE_2020.12.07+WN3.1
10969,11171,cds,-12.2263,0,0,0,0,,0,0,,,,,0,0,F20K,SCOWL60_STABLE_2020.12.07+WN3.1
10970,11172,celebrates,-12.2263,1,0,1,0,,1,0,,celebrate,,,1,0,F20K,SCOWL60_STABLE_2020.12.07+WN3.1
10971,11173,certificates,-12.2263,1,0,1,0,,1,0,,certificate,,,1,0,F20K,SCOWL60_STABLE_2020.12.07+WN3.1
10972,11174,chili,-12.2263,1,1,0,0,N,0,0,,,,,0,0,F20K,SCOWL60_STABLE_2020.12.07+WN3.1
10973,11175,chronicle,-12.2263,1,1,0,0,N|V,1,1,,,,chronicles,0,1,F20K,SCOWL60_STABLE_2020.12.07+WN3.1
10974,11176,coherent,-12.2263,1,1,0,0,ADJ,0,0,,,,,0,0,F20K,SCOWL60_STABLE_2020.12.07+WN3.1
10975,11177,conditional,-12.2263,1,1,0,0,ADJ,0,0,,,,,0,0,F20K,SCOWL60_STABLE_2020.12.07+WN3.1
10976,11178,confuse,-12.2263,1,1,1,0,V,1,1,,,,confused,0,1,F20K,SCOWL60_STABLE_2020.12.07+WN3.1
10977,11179,consultants,-12.2263,1,0,1,0,,1,0,,consultant,,,1,0,F20K,SCOWL60_STABLE_2020.12.07+WN3.1
10978,11180,copying,-12.2263,1,0,1,0,N,0,0,,,,,0,0,F20K,SCOWL60_STABLE_2020.12.07+WN3.1
10979,11181,credentials,-12.2263,1,0,1,0,N,0,0,,,,,0,0,F20K,SCOWL60_STABLE_2020.12.07+WN3.1
10980,11182,cruelty,-12.2263,1,1,0,0,N,0,0,,,,,0,0,F20K,SCOWL60_STABLE_2020.12.07+WN3.1
10981,11183,delaware,-12.2263,0,0,0,0,N,0,0,,,,,0,0,F20K,SCOWL60_STABLE_2020.12.07+WN3.1
10982,11184,deutsche,-12.2263,0,0,0,0,,0,0,,,,,0,0,F20K,SCOWL60_STABLE_2020.12.07+WN3.1
10983,11185,digits,-12.2263,1,0,1,0,,1,0,,digit,,,1,0,F20K,SCOWL60_STABLE_2020.12.07+WN3.1
10984,11186,dinosaurs,-12.2263,1,0,1,0,,1,0,,dinosaur,,,1,0,F20K,SCOWL60_STABLE_2020.12.07+WN3.1
10985,11187,dismissal,-12.2263,1,0,1,0,N,0,0,,,,,0,0,F20K,SCOWL60_STABLE_2020.12.07+WN3.1
10986,11188,disposed,-12.2263,1,1,1,0,ADJ,1,0,,dispose,,,1,0,F20K,SCOWL60_STABLE_2020.12.07+WN3.1
10987,11189,dissolution,-12.2263,1,0,1,0,N,0,0,,,,,0,0,F20K,SCOWL60_STABLE_2020.12.07+WN3.1
10988,11190,disturbance,-12.2263,1,1,0,0,N,1,1,,,,disturbances,0,1,F20K,SCOWL60_STABLE_2020.12.07+WN3.1
10989,11191,dm,-12.2263,0,0,0,0,N,0,0,,,,,0,0,F20K,SCOWL60_STABLE_2020.12.07+WN3.1
10990,11192,doyle,-12.2263,0,0,0,0,,0,0,,,,,0,0,F20K,SCOWL60_STABLE_2020.12.07+WN3.1
10991,11193,emirates,-12.2263,1,0,1,0,,0,0,,,,,0,0,F20K,SCOWL60_STABLE_2020.12.07+WN3.1
10992,11194,employing,-12.2263,1,0,1,0,,0,0,,,,,0,0,F20K,SCOWL60_STABLE_2020.12.07+WN3.1
10993,11195,energies,-12.2263,1,0,1,0,,0,0,,,,,0,0,F20K,SCOWL60_STABLE_2020.12.07+WN3.1
10994,11196,entirety,-12.2263,1,1,0,0,N,0,0,,,,,0,0,F20K,SCOWL60_STABLE_2020.12.07+WN3.1
10995,11197,extracted,-12.2263,1,0,1,0,,0,0,,,,,0,0,F20K,SCOWL60_STABLE_2020.12.07+WN3.1
10996,11198,fills,-12.2263,1,0,1,0,,1,0,,fill,,,1,0,F20K,SCOWL60_STABLE_2020.12.07+WN3.1
10997,11199,finn,-12.2263,0,0,0,0,N,0,0,,,,,0,0,F20K,SCOWL60_STABLE_2020.12.07+WN3.1
10998,11200,forgiven,-12.2263,1,1,0,0,,1,0,,forgive,,,1,0,F20K,SCOWL60_STABLE_2020.12.07+WN3.1
10999,11201,fortunes,-12.2263,1,0,1,0,,1,0,,fortune,,,1,0,F20K,SCOWL60_STABLE_2020.12.07+WN3.1
11000,11202,furnished,-12.2263,1,1,1,0,ADJ,0,0,,,,,0,0,F20K,SCOWL60_STABLE_2020.12.07+WN3.1
11001,11203,gardner,-12.2263,0,0,0,0,N,0,0,,,,,0,0,F20K,SCOWL60_STABLE_2020.12.07+WN3.1
11002,11204,gems,-12.2263,1,0,1,0,,1,0,ems,gem,,,2,0,F20K,SCOWL60_STABLE_2020.12.07+WN3.1
11003,11205,gi,-12.2263,0,0,0,0,N|V|ADJ,0,0,,,,,0,0,F20K,SCOWL60_STABLE_2020.12.07+WN3.1
11004,11206,glove,-12.2263,1,1,0,0,N,1,1,love,,,gloves,1,1,F20K,SCOWL60_STABLE_2020.12.07+WN3.1
11005,11207,granite,-12.2263,1,1,0,0,N,0,0,,,,,0,0,F20K,SCOWL60_STABLE_2020.12.07+WN3.1
11006,11208,greedy,-12.2263,1,1,0,0,ADJ,1,0,,greed,,,1,0,F20K,SCOWL60_STABLE_2020.12.07+WN3.1
11007,11209,greene,-12.2263,0,0,0,0,N,0,0,,,,,0,0,F20K,SCOWL60_STABLE_2020.12.07+WN3.1
11008,11210,habitats,-12.2263,1,0,1,0,,1,0,,habitat,,,1,0,F20K,SCOWL60_STABLE_2020.12.07+WN3.1
11009,11211,hamburg,-12.2263,1,1,0,0,N,0,0,,,,,0,0,F20K,SCOWL60_STABLE_2020.12.07+WN3.1
11010,11212,hangs,-12.2263,1,0,1,0,,1,0,,hang,,,1,0,F20K,SCOWL60_STABLE_2020.12.07+WN3.1
11011,11213,healed,-12.2263,1,1,1,0,ADJ,0,0,,,,,0,0,F20K,SCOWL60_STABLE_2020.12.07+WN3.1
11012,11214,helpless,-12.2263,1,1,0,0,ADJ,0,0,,,,,0,0,F20K,SCOWL60_STABLE_2020.12.07+WN3.1
11013,11215,herbs,-12.2263,1,0,1,0,,1,0,,herb,,,1,0,F20K,SCOWL60_STABLE_2020.12.07+WN3.1
11014,11216,incurred,-12.2263,1,1,0,0,,0,0,,,,,0,0,F20K,SCOWL60_STABLE_2020.12.07+WN3.1
11015,11217,irene,-12.2263,0,0,0,0,,0,0,,,,,0,0,F20K,SCOWL60_STABLE_2020.12.07+WN3.1
11016,11219,lamps,-12.2263,1,0,1,0,,1,0,,lamp,,,1,0,F20K,SCOWL60_STABLE_2020.12.07+WN3.1
11017,11220,lancaster,-12.2263,0,0,0,0,N,0,0,,,,,0,0,F20K,SCOWL60_STABLE_2020.12.07+WN3.1
11018,11221,limb,-12.2263,1,1,0,0,N,1,1,,,climb,limbs;limbo,0,3,F20K,SCOWL60_STABLE_2020.12.07+WN3.1
11019,11222,mayo,-12.2263,1,1,0,0,N,1,1,,may,,mayor,1,1,F20K,SCOWL60_STABLE_2020.12.07+WN3.1
11020,11223,messaging,-12.2263,1,0,1,0,N,0,0,,,,,0,0,F20K,SCOWL60_STABLE_2020.12.07+WN3.1
11021,11224,messi,-12.2263,0,0,0,0,,0,0,,,,,0,0,F20K,SCOWL60_STABLE_2020.12.07+WN3.1
11022,11225,miniature,-12.2263,1,1,0,0,N|ADJ,0,0,,,,,0,0,F20K,SCOWL60_STABLE_2020.12.07+WN3.1
11023,11226,mlb,-12.2263,0,0,0,0,,0,0,,,,,0,0,F20K,SCOWL60_STABLE_2020.12.07+WN3.1
11024,11227,mls,-12.2263,0,0,0,0,N,0,0,,,,,0,0,F20K,SCOWL60_STABLE_2020.12.07+WN3.1
11025,11228,modelling,-12.2263,0,0,0,0,N,0,0,,,,,0,0,F20K,SCOWL60_STABLE_2020.12.07+WN3.1
11026,11229,myanmar,-12.2263,0,0,0,0,N,0,0,,,,,0,0,F20K,SCOWL60_STABLE_2020.12.07+WN3.1
11027,11230,nodes,-12.2263,1,0,1,0,,1,0,,node,,,1,0,F20K,SCOWL60_STABLE_2020.12.07+WN3.1
11028,11231,nominal,-12.2263,1,1,0,0,N|ADJ,0,0,,,,,0,0,F20K,SCOWL60_STABLE_2020.12.07+WN3.1
11029,11232,notwithstanding,-12.2263,1,1,0,0,ADV,0,0,,,,,0,0,F20K,SCOWL60_STABLE_2020.12.07+WN3.1
11030,11233,obamacare,-12.2263,0,0,0,0,,0,0,,,,,0,0,F20K,SCOWL60_STABLE_2020.12.07+WN3.1
11031,11234,outrage,-12.2263,1,1,0,0,N|V,1,1,,,,outraged,0,1,F20K,SCOWL60_STABLE_2020.12.07+WN3.1
11032,11235,outrageous,-12.2263,1,1,0,0,ADJ,0,0,,,,,0,0,F20K,SCOWL60_STABLE_2020.12.07+WN3.1
11033,11236,pathway,-12.2263,1,1,0,0,N,1,1,,,,pathways,0,1,F20K,SCOWL60_STABLE_2020.12.07+WN3.1
11034,11237,payroll,-12.2263,1,1,0,0,N,0,0,,,,,0,0,F20K,SCOWL60_STABLE_2020.12.07+WN3.1
11035,11238,pedestrian,-12.2263,1,1,0,0,N|ADJ,1,1,,,,pedestrians,0,1,F20K,SCOWL60_STABLE_2020.12.07+WN3.1
11036,11239,perimeter,-12.2263,1,1,0,0,N,0,0,,,,,0,0,F20K,SCOWL60_STABLE_2020.12.07+WN3.1
11037,11240,photoshop,-12.2263,0,0,0,0,,0,0,,,,,0,0,F20K,SCOWL60_STABLE_2020.12.07+WN3.1
11038,11241,pits,-12.2263,1,0,1,0,,1,0,its,pit,,,2,0,F20K,SCOWL60_STABLE_2020.12.07+WN3.1
11039,11242,plausible,-12.2263,1,1,0,0,ADJ,0,0,,,,,0,0,F20K,SCOWL60_STABLE_2020.12.07+WN3.1
11040,11243,pokemon,-12.2263,0,0,0,0,,0,0,,,,,0,0,F20K,SCOWL60_STABLE_2020.12.07+WN3.1
11041,11244,por,-12.2263,0,0,0,0,,0,0,,,,,0,0,F20K,SCOWL60_STABLE_2020.12.07+WN3.1
11042,11245,prepares,-12.2263,1,0,1,0,,1,0,,prepare,,,1,0,F20K,SCOWL60_STABLE_2020.12.07+WN3.1
11043,11246,prop,-12.2263,1,1,0,0,N|V,1,1,,pro,,props,1,1,F20K,SCOWL60_STABLE_2020.12.07+WN3.1
11044,11247,prophets,-12.2263,1,0,1,0,N,1,0,,prophet,,,1,0,F20K,SCOWL60_STABLE_2020.12.07+WN3.1
11045,11248,proposes,-12.2263,1,0,1,0,,1,0,,propose,,,1,0,F20K,SCOWL60_STABLE_2020.12.07+WN3.1
11046,11249,pros,-12.2263,1,0,1,0,,1,1,,pro,,prose,1,1,F20K,SCOWL60_STABLE_2020.12.07+WN3.1
11047,11250,pumpkin,-12.2263,1,1,0,0,N,0,0,,,,,0,0,F20K,SCOWL60_STABLE_2020.12.07+WN3.1
11048,11251,puppet,-12.2263,1,1,0,0,N,1,1,,,,puppets,0,1,F20K,SCOWL60_STABLE_2020.12.07+WN3.1
11049,11252,qb,-12.2263,0,0,0,0,,0,0,,,,,0,0,F20K,SCOWL60_STABLE_2020.12.07+WN3.1
11050,11253,rafael,-12.2263,0,0,0,0,,0,0,,,,,0,0,F20K,SCOWL60_STABLE_2020.12.07+WN3.1
11051,11254,receptor,-12.2263,1,1,0,0,N,1,1,,,,receptors,0,1,F20K,SCOWL60_STABLE_2020.12.07+WN3.1
11052,11255,recruits,-12.2263,1,0,1,0,,1,0,,recruit,,,1,0,F20K,SCOWL60_STABLE_2020.12.07+WN3.1
11053,11256,remedies,-12.2263,1,0,1,0,,0,0,,,,,0,0,F20K,SCOWL60_STABLE_2020.12.07+WN3.1
11054,11257,repost,-12.2263,0,0,0,0,,0,0,,,,,0,0,F20K,SCOWL60_STABLE_2020.12.07+WN3.1
11055,11258,respectable,-12.2263,1,1,0,0,ADJ,0,0,,,,,0,0,F20K,SCOWL60_STABLE_2020.12.07+WN3.1
11056,11259,restart,-12.2263,1,0,1,0,V,0,0,,,,,0,0,F20K,SCOWL60_STABLE_2020.12.07+WN3.1
11057,11260,richer,-12.2263,1,0,1,0,,0,0,,,,,0,0,F20K,SCOWL60_STABLE_2020.12.07+WN3.1
11058,11261,rituals,-12.2263,1,0,1,0,,1,0,,ritual,,,1,0,F20K,SCOWL60_STABLE_2020.12.07+WN3.1
11059,11262,rory,-12.2263,0,0,0,0,,0,0,,,,,0,0,F20K,SCOWL60_STABLE_2020.12.07+WN3.1
11060,11263,rp,-12.2263,0,0,0,0,,0,0,,,,,0,0,F20K,SCOWL60_STABLE_2020.12.07+WN3.1
11061,11264,rumor,-12.2263,1,1,0,0,N|V,1,1,,,,rumors,0,1,F20K,SCOWL60_STABLE_2020.12.07+WN3.1
11062,11265,saddle,-12.2263,1,1,0,0,N|V,0,0,,,,,0,0,F20K,SCOWL60_STABLE_2020.12.07+WN3.1
11063,11266,seahawks,-12.2263,0,0,0,0,,0,0,,,,,0,0,F20K,SCOWL60_STABLE_2020.12.07+WN3.1
11064,11267,shareholder,-12.2263,1,1,0,0,N,1,1,,,,shareholders,0,1,F20K,SCOWL60_STABLE_2020.12.07+WN3.1
11065,11268,sidney,-12.2263,0,0,0,0,N,0,0,,,,,0,0,F20K,SCOWL60_STABLE_2020.12.07+WN3.1
11066,11269,sim,-12.2263,1,1,0,0,,1,1,,,,sims,0,1,F20K,SCOWL60_STABLE_2020.12.07+WN3.1
11067,11270,sims,-12.2263,1,0,1,0,,1,0,,sim,,,1,0,F20K,SCOWL60_STABLE_2020.12.07+WN3.1
11068,11271,socio,-12.2263,0,0,0,0,,0,0,,,,,0,0,F20K,SCOWL60_STABLE_2020.12.07+WN3.1
11069,11272,spies,-12.2263,1,0,1,0,,1,0,pies,,,,1,0,F20K,SCOWL60_STABLE_2020.12.07+WN3.1
11070,11273,stella,-12.2263,0,0,0,0,N,0,0,,,,,0,0,F20K,SCOWL60_STABLE_2020.12.07+WN3.1
11071,11274,storey,-12.2263,0,0,0,0,N,0,0,,,,,0,0,F20K,SCOWL60_STABLE_2020.12.07+WN3.1
11072,11275,stray,-12.2263,1,1,0,0,N|V|ADJ,1,0,tray,,,,1,0,F20K,SCOWL60_STABLE_2020.12.07+WN3.1
11073,11276,syrup,-12.2263,1,1,0,0,N,0,0,,,,,0,0,F20K,SCOWL60_STABLE_2020.12.07+WN3.1
11074,11277,tails,-12.2263,1,0,1,0,N,1,0,,tail,,,1,0,F20K,SCOWL60_STABLE_2020.12.07+WN3.1
11075,11278,tangible,-12.2263,1,1,0,0,ADJ,0,0,,,,,0,0,F20K,SCOWL60_STABLE_2020.12.07+WN3.1
11076,11279,tasting,-12.2263,1,1,1,0,N,0,0,,,,,0,0,F20K,SCOWL60_STABLE_2020.12.07+WN3.1
11077,11280,testified,-12.2263,1,0,1,0,,0,0,,,,,0,0,F20K,SCOWL60_STABLE_2020.12.07+WN3.1
11078,11281,theoretically,-12.2263,1,0,1,0,ADV,0,0,,,,,0,0,F20K,SCOWL60_STABLE_2020.12.07+WN3.1
11079,11282,traction,-12.2263,1,1,0,0,N,0,0,,,,,0,0,F20K,SCOWL60_STABLE_2020.12.07+WN3.1
11080,11283,transitional,-12.2263,1,1,0,0,ADJ,0,0,,,,,0,0,F20K,SCOWL60_STABLE_2020.12.07+WN3.1
11081,11284,transplant,-12.2263,1,1,0,0,N|V,0,0,,,,,0,0,F20K,SCOWL60_STABLE_2020.12.07+WN3.1
11082,11285,trivial,-12.2263,1,1,0,0,ADJ,1,0,,trivia,,,1,0,F20K,SCOWL60_STABLE_2020.12.07+WN3.1
11083,11286,trousers,-12.2263,1,1,1,0,N,0,0,,,,,0,0,F20K,SCOWL60_STABLE_2020.12.07+WN3.1
11084,11287,ucla,-12.2263,0,0,0,0,,0,0,,,,,0,0,F20K,SCOWL60_STABLE_2020.12.07+WN3.1
11085,11288,unavailable,-12.2263,1,0,1,0,ADJ,0,0,,,,,0,0,F20K,SCOWL60_STABLE_2020.12.07+WN3.1
11086,11289,uncovered,-12.2263,1,0,1,0,ADJ,0,0,,,,,0,0,F20K,SCOWL60_STABLE_2020.12.07+WN3.1
11087,11290,undergraduate,-12.2263,1,1,0,0,N,0,0,,,,,0,0,F20K,SCOWL60_STABLE_2020.12.07+WN3.1
11088,11291,undermine,-12.2263,1,1,0,0,V,1,1,,,,undermined,0,1,F20K,SCOWL60_STABLE_2020.12.07+WN3.1
11089,11292,unveiled,-12.2263,1,0,1,0,ADJ,0,0,,,,,0,0,F20K,SCOWL60_STABLE_2020.12.07+WN3.1
11090,11293,vanessa,-12.2263,0,0,0,0,N,0,0,,,,,0,0,F20K,SCOWL60_STABLE_2020.12.07+WN3.1
11091,11294,violating,-12.2263,1,0,1,0,,0,0,,,,,0,0,F20K,SCOWL60_STABLE_2020.12.07+WN3.1
11092,11295,vows,-12.2263,1,0,1,0,,1,0,,vow,,,1,0,F20K,SCOWL60_STABLE_2020.12.07+WN3.1
11093,11296,wards,-12.2263,1,0,1,0,,1,1,,ward,awards,,1,1,F20K,SCOWL60_STABLE_2020.12.07+WN3.1
11094,11297,winding,-12.2263,1,0,1,0,N|ADJ,0,0,,,,,0,0,F20K,SCOWL60_STABLE_2020.12.07+WN3.1
11095,11298,xx,-12.2263,1,1,0,0,N|ADJ,1,1,,,xxx,xxx,0,2,F20K,SCOWL60_STABLE_2020.12.07+WN3.1
11096,11300,accuse,-12.249,1,1,0,0,V,1,1,,,,accused;accuses,0,2,F20K,SCOWL60_STABLE_2020.12.07+WN3.1
11097,11301,acquisitions,-12.249,1,0,1,0,,1,0,,acquisition,,,1,0,F20K,SCOWL60_STABLE_2020.12.07+WN3.1
11098,11302,admissions,-12.249,1,1,0,0,,1,0,,admission,,,1,0,F20K,SCOWL60_STABLE_2020.12.07+WN3.1
11099,11303,advent,-12.249,1,1,0,0,N,0,0,,,,,0,0,F20K,SCOWL60_STABLE_2020.12.07+WN3.1
11100,11304,aerospace,-12.249,1,1,0,0,N,0,0,,,,,0,0,F20K,SCOWL60_STABLE_2020.12.07+WN3.1
11101,11305,afc,-12.249,0,0,0,0,,0,0,,,,,0,0,F20K,SCOWL60_STABLE_2020.12.07+WN3.1
11102,11306,aires,-12.249,0,0,0,0,,0,0,,,,,0,0,F20K,SCOWL60_STABLE_2020.12.07+WN3.1
11103,11307,airways,-12.249,1,0,1,0,,0,0,,,,,0,0,F20K,SCOWL60_STABLE_2020.12.07+WN3.1
11104,11308,ak,-12.249,0,0,0,0,N,0,0,,,,,0,0,F20K,SCOWL60_STABLE_2020.12.07+WN3.1
11105,11309,alas,-12.249,1,1,0,0,ADV,0,0,,,,,0,0,F20K,SCOWL60_STABLE_2020.12.07+WN3.1
11106,11310,apocalypse,-12.249,1,1,0,0,N,0,0,,,,,0,0,F20K,SCOWL60_STABLE_2020.12.07+WN3.1
11107,11311,approximate,-12.249,1,1,0,0,V|ADJ,0,0,,,,,0,0,F20K,SCOWL60_STABLE_2020.12.07+WN3.1
11108,11312,automation,-12.249,1,1,1,0,N,0,0,,,,,0,0,F20K,SCOWL60_STABLE_2020.12.07+WN3.1
11109,11313,av,-12.249,1,1,0,0,N,1,1,,a,,ave;avg,1,2,F20K,SCOWL60_STABLE_2020.12.07+WN3.1
11110,11314,backpack,-12.249,1,1,0,0,N|V,0,0,,,,,0,0,F20K,SCOWL60_STABLE_2020.12.07+WN3.1
11111,11315,beasts,-12.249,1,0,1,0,,1,0,,beast,,,1,0,F20K,SCOWL60_STABLE_2020.12.07+WN3.1
11112,11316,beginnings,-12.249,1,0,1,0,,1,0,,beginning,,,1,0,F20K,SCOWL60_STABLE_2020.12.07+WN3.1
11113,11317,believer,-12.249,1,1,1,0,N,1,1,,believe,,believers,1,1,F20K,SCOWL60_STABLE_2020.12.07+WN3.1
11114,11318,biased,-12.249,1,1,1,0,ADJ,0,0,,,,,0,0,F20K,SCOWL60_STABLE_2020.12.07+WN3.1
11115,11319,blu,-12.249,0,0,0,0,,0,0,,,,,0,0,F20K,SCOWL60_STABLE_2020.12.07+WN3.1
11116,11320,bonuses,-12.249,1,0,1,0,,0,0,,,,,0,0,F20K,SCOWL60_STABLE_2020.12.07+WN3.1
11117,11321,brewing,-12.249,1,0,1,0,N,0,0,,,,,0,0,F20K,SCOWL60_STABLE_2020.12.07+WN3.1
11118,11322,brighter,-12.249,1,0,1,0,,0,0,,,,,0,0,F20K,SCOWL60_STABLE_2020.12.07+WN3.1
11119,11323,brook,-12.249,1,1,0,0,N|V,1,1,,,,brooks,0,1,F20K,SCOWL60_STABLE_2020.12.07+WN3.1
11120,11324,bureaucracy,-12.249,1,1,0,0,N,0,0,,,,,0,0,F20K,SCOWL60_STABLE_2020.12.07+WN3.1
11121,11325,busted,-12.249,1,0,1,0,ADJ,0,0,,,,,0,0,F20K,SCOWL60_STABLE_2020.12.07+WN3.1
11122,11326,capt,-12.249,1,1,0,0,,1,0,apt,cap,,,2,0,F20K,SCOWL60_STABLE_2020.12.07+WN3.1
11123,11327,cardiovascular,-12.249,1,1,0,0,ADJ,0,0,,,,,0,0,F20K,SCOWL60_STABLE_2020.12.07+WN3.1
11124,11328,chester,-12.249,0,0,0,0,N,0,0,,,,,0,0,F20K,SCOWL60_STABLE_2020.12.07+WN3.1
11125,11329,cites,-12.249,1,0,1,0,,1,0,,cite,,,1,0,F20K,SCOWL60_STABLE_2020.12.07+WN3.1
11126,11330,clarification,-12.249,1,1,1,0,N,0,0,,,,,0,0,F20K,SCOWL60_STABLE_2020.12.07+WN3.1
11127,11331,cliffs,-12.249,1,0,1,0,,1,0,,cliff,,,1,0,F20K,SCOWL60_STABLE_2020.12.07+WN3.1
11128,11332,clusters,-12.249,1,0,1,0,,1,0,,cluster,,,1,0,F20K,SCOWL60_STABLE_2020.12.07+WN3.1
11129,11333,clyde,-12.249,0,0,0,0,N,0,0,,,,,0,0,F20K,SCOWL60_STABLE_2020.12.07+WN3.1
11130,11334,commercially,-12.249,1,0,1,0,ADV,0,0,,,,,0,0,F20K,SCOWL60_STABLE_2020.12.07+WN3.1
11131,11335,conflicting,-12.249,1,0,1,0,ADJ,0,0,,,,,0,0,F20K,SCOWL60_STABLE_2020.12.07+WN3.1
11132,11336,conform,-12.249,1,1,1,0,V,0,0,,,,,0,0,F20K,SCOWL60_STABLE_2020.12.07+WN3.1
11133,11337,corporal,-12.249,1,1,0,0,N|ADJ,0,0,,,,,0,0,F20K,SCOWL60_STABLE_2020.12.07+WN3.1
11134,11338,correspond,-12.249,1,1,0,0,V,1,1,,,,corresponds,0,1,F20K,SCOWL60_STABLE_2020.12.07+WN3.1
11135,11339,defeats,-12.249,1,0,1,0,,1,0,,defeat,,,1,0,F20K,SCOWL60_STABLE_2020.12.07+WN3.1
11136,11340,derivatives,-12.249,1,0,1,0,,1,0,,derivative,,,1,0,F20K,SCOWL60_STABLE_2020.12.07+WN3.1
11137,11341,deserted,-12.249,1,0,1,0,ADJ,0,0,,,,,0,0,F20K,SCOWL60_STABLE_2020.12.07+WN3.1
11138,11342,detector,-12.249,1,1,0,0,N,1,1,,,,detectors,0,1,F20K,SCOWL60_STABLE_2020.12.07+WN3.1
11139,11343,dire,-12.249,1,1,0,0,ADJ,0,0,,,,,0,0,F20K,SCOWL60_STABLE_2020.12.07+WN3.1
11140,11344,dis,-12.249,1,1,0,0,N,1,1,is,,,dish;disk;disc,1,3,F20K,SCOWL60_STABLE_2020.12.07+WN3.1
11141,11345,disgrace,-12.249,1,0,1,0,N|V,0,0,,,,,0,0,F20K,SCOWL60_STABLE_2020.12.07+WN3.1
11142,11346,drones,-12.249,1,0,1,0,,1,0,,drone,,,1,0,F20K,SCOWL60_STABLE_2020.12.07+WN3.1
11143,11347,drown,-12.249,1,1,0,0,V,0,0,,,,,0,0,F20K,SCOWL60_STABLE_2020.12.07+WN3.1
11144,11348,dumping,-12.249,1,0,1,0,N,0,0,,,,,0,0,F20K,SCOWL60_STABLE_2020.12.07+WN3.1
11145,11349,durham,-12.249,0,0,0,0,N,0,0,,,,,0,0,F20K,SCOWL60_STABLE_2020.12.07+WN3.1
11146,11350,dwell,-12.249,1,1,0,0,V,1,0,well,,,,1,0,F20K,SCOWL60_STABLE_2020.12.07+WN3.1
11147,11352,evacuated,-12.249,1,0,1,0,,1,0,,evacuate,,,1,0,F20K,SCOWL60_STABLE_2020.12.07+WN3.1
11148,11353,evenings,-12.249,1,0,1,0,,1,0,,evening,,,1,0,F20K,SCOWL60_STABLE_2020.12.07+WN3.1
11149,11354,explosions,-12.249,1,0,1,0,,1,0,,explosion,,,1,0,F20K,SCOWL60_STABLE_2020.12.07+WN3.1
11150,11355,famine,-12.249,1,1,0,0,N,0,0,,,,,0,0,F20K,SCOWL60_STABLE_2020.12.07+WN3.1
11151,11356,favoured,-12.249,0,0,0,0,,0,0,,,,,0,0,F20K,SCOWL60_STABLE_2020.12.07+WN3.1
11152,11357,frankie,-12.249,0,0,0,0,,0,0,,,,,0,0,F20K,SCOWL60_STABLE_2020.12.07+WN3.1
11153,11358,genome,-12.249,1,1,0,0,N,0,0,,,,,0,0,F20K,SCOWL60_STABLE_2020.12.07+WN3.1
11154,11359,grease,-12.249,1,1,0,0,N|V,0,0,,,,,0,0,F20K,SCOWL60_STABLE_2020.12.07+WN3.1
11155,11360,grim,-12.249,1,1,0,0,ADJ,1,0,rim,,,,1,0,F20K,SCOWL60_STABLE_2020.12.07+WN3.1
11156,11361,guts,-12.249,1,0,1,0,N,1,0,,gut,,,1,0,F20K,SCOWL60_STABLE_2020.12.07+WN3.1
11157,11362,harness,-12.249,1,1,0,0,N|V,0,0,,,,,0,0,F20K,SCOWL60_STABLE_2020.12.07+WN3.1
11158,11363,hc,-12.249,0,0,0,0,,0,0,,,,,0,0,F20K,SCOWL60_STABLE_2020.12.07+WN3.1
11159,11364,helm,-12.249,1,1,0,0,N|V,0,0,,,,,0,0,F20K,SCOWL60_STABLE_2020.12.07+WN3.1
11160,11365,henri,-12.249,0,0,0,0,,0,0,,,,,0,0,F20K,SCOWL60_STABLE_2020.12.07+WN3.1
11161,11366,hides,-12.249,1,0,1,0,,1,0,,hide,,,1,0,F20K,SCOWL60_STABLE_2020.12.07+WN3.1
11162,11367,hopeful,-12.249,1,1,0,0,N|ADJ,0,0,,,,,0,0,F20K,SCOWL60_STABLE_2020.12.07+WN3.1
11163,11368,hose,-12.249,1,1,0,0,N|V,1,1,,,those;whose;chose,,0,3,F20K,SCOWL60_STABLE_2020.12.07+WN3.1
11164,11369,hostages,-12.249,1,0,1,0,,1,0,,hostage,,,1,0,F20K,SCOWL60_STABLE_2020.12.07+WN3.1
11165,11370,hydraulic,-12.249,1,1,0,0,ADJ,0,0,,,,,0,0,F20K,SCOWL60_STABLE_2020.12.07+WN3.1
11166,11371,illnesses,-12.249,1,0,1,0,,0,0,,,,,0,0,F20K,SCOWL60_STABLE_2020.12.07+WN3.1
11167,11372,inflammation,-12.249,1,1,0,0,N,0,0,,,,,0,0,F20K,SCOWL60_STABLE_2020.12.07+WN3.1
11168,11373,installations,-12.249,1,0,1,0,,1,0,,installation,,,1,0,F20K,SCOWL60_STABLE_2020.12.07+WN3.1
11169,11374,jacobs,-12.249,0,0,0,0,N,0,0,,,,,0,0,F20K,SCOWL60_STABLE_2020.12.07+WN3.1
11170,11376,jewel,-12.249,1,1,0,0,N|V,1,1,,,,jewels,0,1,F20K,SCOWL60_STABLE_2020.12.07+WN3.1
11171,11377,jewellery,-12.249,0,0,0,0,N,0,0,,,,,0,0,F20K,SCOWL60_STABLE_2020.12.07+WN3.1
11172,11378,jupiter,-12.249,0,0,0,0,N,0,0,,,,,0,0,F20K,SCOWL60_STABLE_2020.12.07+WN3.1
11173,11379,kiev,-12.249,0,0,0,0,N,0,0,,,,,0,0,F20K,SCOWL60_STABLE_2020.12.07+WN3.1
11174,11380,kindergarten,-12.249,1,1,0,0,N,0,0,,,,,0,0,F20K,SCOWL60_STABLE_2020.12.07+WN3.1
11175,11381,laurent,-12.249,0,0,0,0,,0,0,,,,,0,0,F20K,SCOWL60_STABLE_2020.12.07+WN3.1
11176,11382,malaria,-12.249,1,1,0,0,N,0,0,,,,,0,0,F20K,SCOWL60_STABLE_2020.12.07+WN3.1
11177,11383,mechanic,-12.249,1,1,0,0,N|ADJ,1,1,,,,mechanics,0,1,F20K,SCOWL60_STABLE_2020.12.07+WN3.1
11178,11384,midwest,-12.249,0,0,0,0,N,0,0,,,,,0,0,F20K,SCOWL60_STABLE_2020.12.07+WN3.1
11179,11385,militant,-12.249,1,1,0,0,N|ADJ,1,1,,,,militants,0,1,F20K,SCOWL60_STABLE_2020.12.07+WN3.1
11180,11386,morals,-12.249,1,0,1,0,N,1,0,,moral,,,1,0,F20K,SCOWL60_STABLE_2020.12.07+WN3.1
11181,11387,multitude,-12.249,1,1,0,0,N,0,0,,,,,0,0,F20K,SCOWL60_STABLE_2020.12.07+WN3.1
11182,11388,mustard,-12.249,1,1,0,0,N,0,0,,,,,0,0,F20K,SCOWL60_STABLE_2020.12.07+WN3.1
11183,11389,ninety,-12.249,1,1,0,0,N|ADJ,0,0,,,,,0,0,F20K,SCOWL60_STABLE_2020.12.07+WN3.1
11184,11390,nod,-12.249,1,1,0,0,N|V,1,1,,no,,node;nods,1,2,F20K,SCOWL60_STABLE_2020.12.07+WN3.1
11185,11391,nonprofit,-12.249,1,1,0,0,N|ADJ,0,0,,,,,0,0,F20K,SCOWL60_STABLE_2020.12.07+WN3.1
11186,11392,occupying,-12.249,1,0,1,0,,0,0,,,,,0,0,F20K,SCOWL60_STABLE_2020.12.07+WN3.1
11187,11393,offline,-12.249,1,1,0,0,,0,0,,,,,0,0,F20K,SCOWL60_STABLE_2020.12.07+WN3.1
11188,11394,openings,-12.249,1,0,1,0,,1,0,,opening,,,1,0,F20K,SCOWL60_STABLE_2020.12.07+WN3.1
11189,11395,opted,-12.249,1,0,1,0,,0,0,,,,,0,0,F20K,SCOWL60_STABLE_2020.12.07+WN3.1
11190,11396,ow,-12.249,1,1,0,0,,1,1,,,how;now;low;wow;row;bow;cow;tow;vow;pow;sow,own;owe;owl,0,14,F20K,SCOWL60_STABLE_2020.12.07+WN3.1
11191,11397,peach,-12.249,1,1,0,0,N|V,1,0,each,,,,1,0,F20K,SCOWL60_STABLE_2020.12.07+WN3.1
11192,11398,peculiar,-12.249,1,1,0,0,ADJ,0,0,,,,,0,0,F20K,SCOWL60_STABLE_2020.12.07+WN3.1
11193,11399,penguins,-12.249,1,0,1,0,,1,0,,penguin,,,1,0,F20K,SCOWL60_STABLE_2020.12.07+WN3.1
11194,11400,petrol,-12.249,1,1,0,0,N,0,0,,,,,0,0,F20K,SCOWL60_STABLE_2020.12.07+WN3.1
11195,11401,pillar,-12.249,1,1,0,0,N,1,1,,,,pillars,0,1,F20K,SCOWL60_STABLE_2020.12.07+WN3.1
11196,11402,pillars,-12.249,1,0,1,0,,1,0,,pillar,,,1,0,F20K,SCOWL60_STABLE_2020.12.07+WN3.1
11197,11403,poetic,-12.249,1,1,0,0,ADJ,0,0,,,,,0,0,F20K,SCOWL60_STABLE_2020.12.07+WN3.1
11198,11404,porto,-12.249,0,0,0,0,N,0,0,,,,,0,0,F20K,SCOWL60_STABLE_2020.12.07+WN3.1
11199,11405,pottery,-12.249,1,1,0,0,N,1,0,,potter,,,1,0,F20K,SCOWL60_STABLE_2020.12.07+WN3.1
11200,11406,preferably,-12.249,1,1,0,0,ADV,0,0,,,,,0,0,F20K,SCOWL60_STABLE_2020.12.07+WN3.1
11201,11407,proportional,-12.249,1,1,0,0,N|ADJ,0,0,,,,,0,0,F20K,SCOWL60_STABLE_2020.12.07+WN3.1
11202,11408,rash,-12.249,1,1,0,0,N|ADJ,1,1,ash,,crash;trash,,1,2,F20K,SCOWL60_STABLE_2020.12.07+WN3.1
11203,11409,razor,-12.249,1,1,0,0,N|V,0,0,,,,,0,0,F20K,SCOWL60_STABLE_2020.12.07+WN3.1
11204,11410,readiness,-12.249,1,1,1,0,N,0,0,,,,,0,0,F20K,SCOWL60_STABLE_2020.12.07+WN3.1
11205,11411,recommends,-12.249,1,0,1,0,,1,0,,recommend,,,1,0,F20K,SCOWL60_STABLE_2020.12.07+WN3.1
11206,11412,reductions,-12.249,1,0,1,0,,1,0,,reduction,,,1,0,F20K,SCOWL60_STABLE_2020.12.07+WN3.1
11207,11413,reel,-12.249,1,1,0,0,N|V,0,0,,,,,0,0,F20K,SCOWL60_STABLE_2020.12.07+WN3.1
11208,11414,referenced,-12.249,1,0,1,0,ADJ,1,0,,reference,,,1,0,F20K,SCOWL60_STABLE_2020.12.07+WN3.1
11209,11415,removes,-12.249,1,0,1,0,,1,0,,remove,,,1,0,F20K,SCOWL60_STABLE_2020.12.07+WN3.1
11210,11416,residual,-12.249,1,1,0,0,N|ADJ,0,0,,,,,0,0,F20K,SCOWL60_STABLE_2020.12.07+WN3.1
11211,11417,revived,-12.249,1,0,1,0,ADJ,1,0,,revive,,,1,0,F20K,SCOWL60_STABLE_2020.12.07+WN3.1
11212,11418,rewarding,-12.249,1,1,1,0,ADJ,0,0,,,,,0,0,F20K,SCOWL60_STABLE_2020.12.07+WN3.1
11213,11419,roberto,-12.249,0,0,0,0,,0,0,,,,,0,0,F20K,SCOWL60_STABLE_2020.12.07+WN3.1
11214,11420,rodriguez,-12.249,0,0,0,0,,0,0,,,,,0,0,F20K,SCOWL60_STABLE_2020.12.07+WN3.1
11215,11421,ronnie,-12.249,0,0,0,0,,0,0,,,,,0,0,F20K,SCOWL60_STABLE_2020.12.07+WN3.1
11216,11422,sacrificed,-12.249,1,0,1,0,,1,0,,sacrifice,,,1,0,F20K,SCOWL60_STABLE_2020.12.07+WN3.1
11217,11423,screamed,-12.249,1,0,1,0,,0,0,,,,,0,0,F20K,SCOWL60_STABLE_2020.12.07+WN3.1
11218,11424,seating,-12.249,1,1,1,0,N,1,0,eating,,,,1,0,F20K,SCOWL60_STABLE_2020.12.07+WN3.1
11219,11425,sheikh,-12.249,1,1,0,0,N,0,0,,,,,0,0,F20K,SCOWL60_STABLE_2020.12.07+WN3.1
11220,11426,shirley,-12.249,0,0,0,0,,0,0,,,,,0,0,F20K,SCOWL60_STABLE_2020.12.07+WN3.1
11221,11427,shrink,-12.249,1,1,0,0,N|V,0,0,,,,,0,0,F20K,SCOWL60_STABLE_2020.12.07+WN3.1
11222,11428,sketches,-12.249,1,0,1,0,,0,0,,,,,0,0,F20K,SCOWL60_STABLE_2020.12.07+WN3.1
11223,11429,sleepy,-12.249,1,1,0,0,ADJ,1,0,,sleep,,,1,0,F20K,SCOWL60_STABLE_2020.12.07+WN3.1
11224,11430,slipping,-12.249,1,1,0,0,ADJ,0,0,,,,,0,0,F20K,SCOWL60_STABLE_2020.12.07+WN3.1
11225,11431,stainless,-12.249,1,1,0,0,N|ADJ,0,0,,,,,0,0,F20K,SCOWL60_STABLE_2020.12.07+WN3.1
11226,11432,starbucks,-12.249,0,0,0,0,,0,0,,,,,0,0,F20K,SCOWL60_STABLE_2020.12.07+WN3.1
11227,11433,stat,-12.249,1,1,0,0,,1,1,tat,,,state;stats,1,2,F20K,SCOWL60_STABLE_2020.12.07+WN3.1
11228,11434,statues,-12.249,1,0,1,0,,1,0,,statue,,,1,0,F20K,SCOWL60_STABLE_2020.12.07+WN3.1
11229,11435,stereotypes,-12.249,1,0,1,0,,1,0,,stereotype,,,1,0,F20K,SCOWL60_STABLE_2020.12.07+WN3.1
11230,11436,stove,-12.249,1,1,0,0,N,0,0,,,,,0,0,F20K,SCOWL60_STABLE_2020.12.07+WN3.1
11231,11437,stranded,-12.249,1,0,1,0,ADJ,0,0,,,,,0,0,F20K,SCOWL60_STABLE_2020.12.07+WN3.1
11232,11438,strawberry,-12.249,1,1,0,0,N,0,0,,,,,0,0,F20K,SCOWL60_STABLE_2020.12.07+WN3.1
11233,11439,suppression,-12.249,1,1,0,0,N,0,0,,,,,0,0,F20K,SCOWL60_STABLE_2020.12.07+WN3.1
11234,11440,sussex,-12.249,0,0,0,0,N,0,0,,,,,0,0,F20K,SCOWL60_STABLE_2020.12.07+WN3.1
11235,11442,tactic,-12.249,1,1,0,0,N,1,1,,,,tactics,0,1,F20K,SCOWL60_STABLE_2020.12.07+WN3.1
11236,11443,tenant,-12.249,1,1,0,0,N|V,1,1,,,,tenants,0,1,F20K,SCOWL60_STABLE_2020.12.07+WN3.1
11237,11444,terrestrial,-12.249,1,1,0,0,ADJ,0,0,,,,,0,0,F20K,SCOWL60_STABLE_2020.12.07+WN3.1
11238,11445,torres,-12.249,0,0,0,0,,0,0,,,,,0,0,F20K,SCOWL60_STABLE_2020.12.07+WN3.1
11239,11446,tossed,-12.249,1,0,1,0,,0,0,,,,,0,0,F20K,SCOWL60_STABLE_2020.12.07+WN3.1
11240,11447,trait,-12.249,1,1,0,0,N,1,1,,,strait,traits,0,2,F20K,SCOWL60_STABLE_2020.12.07+WN3.1
11241,11448,translator,-12.249,1,1,0,0,N,1,1,,,,translators,0,1,F20K,SCOWL60_STABLE_2020.12.07+WN3.1
11242,11449,trinidad,-12.249,0,0,0,0,N,0,0,,,,,0,0,F20K,SCOWL60_STABLE_2020.12.07+WN3.1
11243,11450,tucker,-12.249,1,1,1,0,N|V,0,0,,,,,0,0,F20K,SCOWL60_STABLE_2020.12.07+WN3.1
11244,11451,tuning,-12.249,1,0,1,0,N,0,0,,,,,0,0,F20K,SCOWL60_STABLE_2020.12.07+WN3.1
11245,11452,unfamiliar,-12.249,1,1,0,0,ADJ,0,0,,,,,0,0,F20K,SCOWL60_STABLE_2020.12.07+WN3.1
11246,11453,unhealthy,-12.249,1,1,1,0,ADJ,0,0,,,,,0,0,F20K,SCOWL60_STABLE_2020.12.07+WN3.1
11247,11454,unpredictable,-12.249,1,0,1,0,ADJ,0,0,,,,,0,0,F20K,SCOWL60_STABLE_2020.12.07+WN3.1
11248,11455,urging,-12.249,1,0,1,0,N,0,0,,,,,0,0,F20K,SCOWL60_STABLE_2020.12.07+WN3.1
11249,11456,variants,-12.249,1,0,1,0,,1,0,,variant,,,1,0,F20K,SCOWL60_STABLE_2020.12.07+WN3.1
11250,11457,vera,-12.249,0,0,0,0,,0,0,,,,,0,0,F20K,SCOWL60_STABLE_2020.12.07+WN3.1
11251,11458,verification,-12.249,1,1,1,0,N,0,0,,,,,0,0,F20K,SCOWL60_STABLE_2020.12.07+WN3.1
11252,11459,verizon,-12.249,0,0,0,0,,0,0,,,,,0,0,F20K,SCOWL60_STABLE_2020.12.07+WN3.1
11253,11460,vulnerability,-12.249,1,1,0,0,N,0,0,,,,,0,0,F20K,SCOWL60_STABLE_2020.12.07+WN3.1
11254,11461,weighted,-12.249,1,1,1,0,ADJ,0,0,,,,,0,0,F20K,SCOWL60_STABLE_2020.12.07+WN3.1
11255,11462,wheeler,-12.249,1,0,1,0,N,0,0,,,,,0,0,F20K,SCOWL60_STABLE_2020.12.07+WN3.1
11256,11463,womb,-12.249,1,1,0,0,N,0,0,,,,,0,0,F20K,SCOWL60_STABLE_2020.12.07+WN3.1
11257,11464,yi,-12.249,0,0,0,0,N,0,0,,,,,0,0,F20K,SCOWL60_STABLE_2020.12.07+WN3.1
11258,11465,youths,-12.249,1,1,0,0,,1,0,,youth,,,1,0,F20K,SCOWL60_STABLE_2020.12.07+WN3.1
11259,11468,akin,-12.2722,1,1,0,0,ADJ,1,0,kin,,,,1,0,F20K,SCOWL60_STABLE_2020.12.07+WN3.1
11260,11469,allegiance,-12.2722,1,1,0,0,N,0,0,,,,,0,0,F20K,SCOWL60_STABLE_2020.12.07+WN3.1
11261,11471,apt,-12.2722,1,1,0,0,ADJ,1,1,pt,,capt,,1,1,F20K,SCOWL60_STABLE_2020.12.07+WN3.1
11262,11472,arcade,-12.2722,1,1,0,0,N,0,0,,,,,0,0,F20K,SCOWL60_STABLE_2020.12.07+WN3.1
11263,11473,assad,-12.2722,0,0,0,0,,0,0,,,,,0,0,F20K,SCOWL60_STABLE_2020.12.07+WN3.1
11264,11474,assassin,-12.2722,1,1,0,0,N,1,1,,,,assassins,0,1,F20K,SCOWL60_STABLE_2020.12.07+WN3.1
11265,11475,bella,-12.2722,0,0,0,0,,0,0,,,,,0,0,F20K,SCOWL60_STABLE_2020.12.07+WN3.1
11266,11476,blankets,-12.2722,1,0,1,0,,1,0,,blanket,,,1,0,F20K,SCOWL60_STABLE_2020.12.07+WN3.1
11267,11477,bounty,-12.2722,1,1,0,0,N,0,0,,,,,0,0,F20K,SCOWL60_STABLE_2020.12.07+WN3.1
11268,11478,bourgeois,-12.2722,1,1,0,0,N|ADJ,0,0,,,,,0,0,F20K,SCOWL60_STABLE_2020.12.07+WN3.1
11269,11480,browse,-12.2722,1,1,0,0,N|V,1,1,,brows,,browser,1,1,F20K,SCOWL60_STABLE_2020.12.07+WN3.1
11270,11481,bulb,-12.2722,1,1,0,0,N,1,1,,,,bulbs,0,1,F20K,SCOWL60_STABLE_2020.12.07+WN3.1
11271,11482,byron,-12.2722,0,0,0,0,N,0,0,,,,,0,0,F20K,SCOWL60_STABLE_2020.12.07+WN3.1
11272,11483,cache,-12.2722,1,1,0,0,N|V,1,0,ache,,,,1,0,F20K,SCOWL60_STABLE_2020.12.07+WN3.1
11273,11484,cameroon,-12.2722,0,0,0,0,N,0,0,,,,,0,0,F20K,SCOWL60_STABLE_2020.12.07+WN3.1
11274,11485,capsule,-12.2722,1,1,0,0,N|V,1,1,,,,capsules,0,1,F20K,SCOWL60_STABLE_2020.12.07+WN3.1
11275,11486,cheapest,-12.2722,1,0,1,0,,0,0,,,,,0,0,F20K,SCOWL60_STABLE_2020.12.07+WN3.1
11276,11487,chloe,-12.2722,0,0,0,0,,0,0,,,,,0,0,F20K,SCOWL60_STABLE_2020.12.07+WN3.1
11277,11488,citation,-12.2722,1,1,0,0,N,1,1,,,,citations,0,1,F20K,SCOWL60_STABLE_2020.12.07+WN3.1
11278,11489,cite,-12.2722,1,1,0,0,N|V,1,1,,,,cited;cites,0,2,F20K,SCOWL60_STABLE_2020.12.07+WN3.1
11279,11490,cody,-12.2722,0,0,0,0,N,0,0,,,,,0,0,F20K,SCOWL60_STABLE_2020.12.07+WN3.1
11280,11491,cologne,-12.2722,1,1,0,0,N,0,0,,,,,0,0,F20K,SCOWL60_STABLE_2020.12.07+WN3.1
11281,11492,contests,-12.2722,1,0,1,0,,1,0,,contest,,,1,0,F20K,SCOWL60_STABLE_2020.12.07+WN3.1
11282,11493,coping,-12.2722,1,1,1,0,N,0,0,,,,,0,0,F20K,SCOWL60_STABLE_2020.12.07+WN3.1
11283,11494,cumulative,-12.2722,1,1,0,0,ADJ,0,0,,,,,0,0,F20K,SCOWL60_STABLE_2020.12.07+WN3.1
11284,11495,cyclists,-12.2722,1,0,1,0,,1,0,,cyclist,,,1,0,F20K,SCOWL60_STABLE_2020.12.07+WN3.1
11285,11496,databases,-12.2722,1,0,1,0,,1,0,,database,,,1,0,F20K,SCOWL60_STABLE_2020.12.07+WN3.1
11286,11497,debating,-12.2722,1,1,1,0,,0,0,,,,,0,0,F20K,SCOWL60_STABLE_2020.12.07+WN3.1
11287,11498,defenses,-12.2722,1,0,1,0,,1,0,,defense,,,1,0,F20K,SCOWL60_STABLE_2020.12.07+WN3.1
11288,11499,destroys,-12.2722,1,0,1,0,,1,0,,destroy,,,1,0,F20K,SCOWL60_STABLE_2020.12.07+WN3.1
11289,11500,devastated,-12.2722,1,0,1,0,,0,0,,,,,0,0,F20K,SCOWL60_STABLE_2020.12.07+WN3.1
11290,11501,differing,-12.2722,1,0,1,0,,0,0,,,,,0,0,F20K,SCOWL60_STABLE_2020.12.07+WN3.1
11291,11502,diploma,-12.2722,1,1,0,0,N,1,1,,,,diplomat,0,1,F20K,SCOWL60_STABLE_2020.12.07+WN3.1
11292,11503,drained,-12.2722,1,0,1,0,ADJ,1,0,rained,,,,1,0,F20K,SCOWL60_STABLE_2020.12.07+WN3.1
11293,11504,erotic,-12.2722,1,1,0,0,N|ADJ,0,0,,,,,0,0,F20K,SCOWL60_STABLE_2020.12.07+WN3.1
11294,11505,everton,-12.2722,0,0,0,0,,0,0,,,,,0,0,F20K,SCOWL60_STABLE_2020.12.07+WN3.1
11295,11506,exceeds,-12.2722,1,0,1,0,,1,0,,exceed,,,1,0,F20K,SCOWL60_STABLE_2020.12.07+WN3.1
11296,11507,falcon,-12.2722,1,1,0,0,N|V,1,1,,,,falcons,0,1,F20K,SCOWL60_STABLE_2020.12.07+WN3.1
11297,11508,fetus,-12.2722,1,1,0,0,N,0,0,,,,,0,0,F20K,SCOWL60_STABLE_2020.12.07+WN3.1
11298,11509,flagship,-12.2722,1,1,0,0,N,0,0,,,,,0,0,F20K,SCOWL60_STABLE_2020.12.07+WN3.1
11299,11510,foil,-12.2722,1,1,0,0,N|V,1,0,oil,,,,1,0,F20K,SCOWL60_STABLE_2020.12.07+WN3.1
11300,11511,gigantic,-12.2722,1,1,0,0,ADJ,0,0,,,,,0,0,F20K,SCOWL60_STABLE_2020.12.07+WN3.1
11301,11512,gimme,-12.2722,1,1,0,0,,0,0,,,,,0,0,F20K,SCOWL60_STABLE_2020.12.07+WN3.1
11302,11513,gladly,-12.2722,1,0,1,0,ADV,0,0,,,,,0,0,F20K,SCOWL60_STABLE_2020.12.07+WN3.1
11303,11514,greeted,-12.2722,1,0,1,0,,0,0,,,,,0,0,F20K,SCOWL60_STABLE_2020.12.07+WN3.1
11304,11515,gta,-12.2722,0,0,0,0,,0,0,,,,,0,0,F20K,SCOWL60_STABLE_2020.12.07+WN3.1
11305,11516,honeymoon,-12.2722,1,1,0,0,N|V,0,0,,,,,0,0,F20K,SCOWL60_STABLE_2020.12.07+WN3.1
11306,11517,honorary,-12.2722,1,1,0,0,ADJ,0,0,,,,,0,0,F20K,SCOWL60_STABLE_2020.12.07+WN3.1
11307,11518,ignition,-12.2722,1,1,0,0,N,0,0,,,,,0,0,F20K,SCOWL60_STABLE_2020.12.07+WN3.1
11308,11519,impressions,-12.2722,1,0,1,0,,1,0,,impression,,,1,0,F20K,SCOWL60_STABLE_2020.12.07+WN3.1
11309,11520,inception,-12.2722,1,1,0,0,N,0,0,,,,,0,0,F20K,SCOWL60_STABLE_2020.12.07+WN3.1
11310,11522,inflicted,-12.2722,1,0,1,0,,0,0,,,,,0,0,F20K,SCOWL60_STABLE_2020.12.07+WN3.1
11311,11523,inspectors,-12.2722,1,0,1,0,,1,0,,inspector,,,1,0,F20K,SCOWL60_STABLE_2020.12.07+WN3.1
11312,11524,insulting,-12.2722,1,1,1,0,ADJ,0,0,,,,,0,0,F20K,SCOWL60_STABLE_2020.12.07+WN3.1
11313,11525,invasive,-12.2722,1,1,0,0,ADJ,0,0,,,,,0,0,F20K,SCOWL60_STABLE_2020.12.07+WN3.1
11314,11527,italians,-12.2722,0,0,0,0,,0,0,,,,,0,0,F20K,SCOWL60_STABLE_2020.12.07+WN3.1
11315,11528,jackets,-12.2722,1,0,1,0,,1,0,,jacket,,,1,0,F20K,SCOWL60_STABLE_2020.12.07+WN3.1
11316,11529,jakarta,-12.2722,0,0,0,0,N,0,0,,,,,0,0,F20K,SCOWL60_STABLE_2020.12.07+WN3.1
11317,11530,jeep,-12.2722,1,1,0,0,N,0,0,,,,,0,0,F20K,SCOWL60_STABLE_2020.12.07+WN3.1
11318,11531,jerome,-12.2722,0,0,0,0,N,0,0,,,,,0,0,F20K,SCOWL60_STABLE_2020.12.07+WN3.1
11319,11532,jessie,-12.2722,0,0,0,0,,0,0,,,,,0,0,F20K,SCOWL60_STABLE_2020.12.07+WN3.1
11320,11533,ko,-12.2722,0,0,0,0,N,0,0,,,,,0,0,F20K,SCOWL60_STABLE_2020.12.07+WN3.1
11321,11534,labelled,-12.2722,0,0,0,0,ADJ,0,0,,,,,0,0,F20K,SCOWL60_STABLE_2020.12.07+WN3.1
11322,11535,lace,-12.2722,1,1,0,0,N|V,1,1,ace,lac,place,laced,2,2,F20K,SCOWL60_STABLE_2020.12.07+WN3.1
11323,11536,lag,-12.2722,1,1,0,0,N|V,1,1,,la,flag,,1,1,F20K,SCOWL60_STABLE_2020.12.07+WN3.1
11324,11537,lays,-12.2722,1,0,1,0,,1,1,,lay,plays,,1,1,F20K,SCOWL60_STABLE_2020.12.07+WN3.1
11325,11538,lecturer,-12.2722,1,1,1,0,N,1,0,,lecture,,,1,0,F20K,SCOWL60_STABLE_2020.12.07+WN3.1
11326,11539,lenin,-12.2722,0,0,0,0,N,0,0,,,,,0,0,F20K,SCOWL60_STABLE_2020.12.07+WN3.1
11327,11540,liabilities,-12.2722,1,1,0,0,N,0,0,,,,,0,0,F20K,SCOWL60_STABLE_2020.12.07+WN3.1
11328,11541,lightweight,-12.2722,1,1,0,0,N|ADJ,0,0,,,,,0,0,F20K,SCOWL60_STABLE_2020.12.07+WN3.1
11329,11542,limestone,-12.2722,1,1,0,0,N,0,0,,,,,0,0,F20K,SCOWL60_STABLE_2020.12.07+WN3.1
11330,11543,lobbying,-12.2722,1,0,1,0,,0,0,,,,,0,0,F20K,SCOWL60_STABLE_2020.12.07+WN3.1
11331,11544,loops,-12.2722,1,0,1,0,,1,0,oops,loop,,,2,0,F20K,SCOWL60_STABLE_2020.12.07+WN3.1
11332,11545,maths,-12.2722,0,0,0,0,N,0,0,,,,,0,0,F20K,SCOWL60_STABLE_2020.12.07+WN3.1
11333,11546,maze,-12.2722,1,1,0,0,N,0,0,,,,,0,0,F20K,SCOWL60_STABLE_2020.12.07+WN3.1
11334,11547,meanings,-12.2722,1,0,1,0,,1,0,,meaning,,,1,0,F20K,SCOWL60_STABLE_2020.12.07+WN3.1
11335,11548,memoir,-12.2722,1,1,0,0,N,1,1,,,,memoirs,0,1,F20K,SCOWL60_STABLE_2020.12.07+WN3.1
11336,11549,ministerial,-12.2722,1,1,0,0,ADJ,0,0,,,,,0,0,F20K,SCOWL60_STABLE_2020.12.07+WN3.1
11337,11550,mmm,-12.2722,0,0,0,0,,0,0,,,,,0,0,F20K,SCOWL60_STABLE_2020.12.07+WN3.1
11338,11551,mole,-12.2722,1,1,0,0,N,1,0,ole,,,,1,0,F20K,SCOWL60_STABLE_2020.12.07+WN3.1
11339,11552,moody,-12.2722,1,1,0,0,N|ADJ,1,0,,mood,,,1,0,F20K,SCOWL60_STABLE_2020.12.07+WN3.1
11340,11553,morale,-12.2722,1,1,0,0,N,1,0,,moral,,,1,0,F20K,SCOWL60_STABLE_2020.12.07+WN3.1
11341,11554,morally,-12.2722,1,0,1,0,ADV,0,0,,,,,0,0,F20K,SCOWL60_STABLE_2020.12.07+WN3.1
11342,11555,motherfucker,-12.2722,1,1,0,1,N,1,1,,,,motherfuckers,0,1,F20K,SCOWL60_STABLE_2020.12.07+WN3.1
11343,11557,navigate,-12.2722,1,1,0,0,V,0,0,,,,,0,0,F20K,SCOWL60_STABLE_2020.12.07+WN3.1
11344,11558,needles,-12.2722,1,0,1,0,,1,1,,needle,,needless,1,1,F20K,SCOWL60_STABLE_2020.12.07+WN3.1
11345,11559,noisy,-12.2722,1,1,0,0,ADJ,0,0,,,,,0,0,F20K,SCOWL60_STABLE_2020.12.07+WN3.1
11346,11560,nun,-12.2722,1,1,0,0,N,1,1,,nu,,nuns,1,1,F20K,SCOWL60_STABLE_2020.12.07+WN3.1
11347,11561,paragraphs,-12.2722,1,1,0,0,,1,0,,paragraph,,,1,0,F20K,SCOWL60_STABLE_2020.12.07+WN3.1
11348,11562,parameter,-12.2722,1,1,0,0,N,1,1,,,,parameters,0,1,F20K,SCOWL60_STABLE_2020.12.07+WN3.1
11349,11563,percy,-12.2722,0,0,0,0,N,0,0,,,,,0,0,F20K,SCOWL60_STABLE_2020.12.07+WN3.1
11350,11564,pleasing,-12.2722,1,1,1,0,N|ADJ,1,0,leasing,,,,1,0,F20K,SCOWL60_STABLE_2020.12.07+WN3.1
11351,11565,polished,-12.2722,1,1,1,0,ADJ,0,0,,,,,0,0,F20K,SCOWL60_STABLE_2020.12.07+WN3.1
11352,11566,poorer,-12.2722,1,0,1,0,,0,0,,,,,0,0,F20K,SCOWL60_STABLE_2020.12.07+WN3.1
11353,11567,pornography,-12.2722,1,1,0,0,N,0,0,,,,,0,0,F20K,SCOWL60_STABLE_2020.12.07+WN3.1
11354,11568,prank,-12.2722,1,1,0,0,N|V,1,0,rank,,,,1,0,F20K,SCOWL60_STABLE_2020.12.07+WN3.1
11355,11569,precautions,-12.2722,1,0,1,0,,1,0,,precaution,,,1,0,F20K,SCOWL60_STABLE_2020.12.07+WN3.1
11356,11570,prefers,-12.2722,1,0,1,0,,1,0,refers,prefer,,,2,0,F20K,SCOWL60_STABLE_2020.12.07+WN3.1
11357,11571,proprietary,-12.2722,1,1,0,0,N|ADJ,0,0,,,,,0,0,F20K,SCOWL60_STABLE_2020.12.07+WN3.1
11358,11572,props,-12.2722,1,0,1,0,N,1,0,,prop,,,1,0,F20K,SCOWL60_STABLE_2020.12.07+WN3.1
11359,11573,prosecutors,-12.2722,1,0,1,0,,1,0,,prosecutor,,,1,0,F20K,SCOWL60_STABLE_2020.12.07+WN3.1
11360,11574,prosperous,-12.2722,1,1,0,0,ADJ,0,0,,,,,0,0,F20K,SCOWL60_STABLE_2020.12.07+WN3.1
11361,11575,protector,-12.2722,1,1,0,0,N,0,0,,,,,0,0,F20K,SCOWL60_STABLE_2020.12.07+WN3.1
11362,11576,rabbits,-12.2722,1,0,1,0,,1,0,,rabbit,,,1,0,F20K,SCOWL60_STABLE_2020.12.07+WN3.1
11363,11577,ransom,-12.2722,1,1,0,0,N|V,0,0,,,,,0,0,F20K,SCOWL60_STABLE_2020.12.07+WN3.1
11364,11578,realism,-12.2722,1,1,0,0,N,0,0,,,,,0,0,F20K,SCOWL60_STABLE_2020.12.07+WN3.1
11365,11579,reflections,-12.2722,1,0,1,0,,1,0,,reflection,,,1,0,F20K,SCOWL60_STABLE_2020.12.07+WN3.1
11366,11580,remark,-12.2722,1,1,1,0,N|V,1,1,,,,remarks,0,1,F20K,SCOWL60_STABLE_2020.12.07+WN3.1
11367,11581,remotely,-12.2722,1,0,1,0,ADV,0,0,,,,,0,0,F20K,SCOWL60_STABLE_2020.12.07+WN3.1
11368,11582,retains,-12.2722,1,0,1,0,,1,0,,retain,,,1,0,F20K,SCOWL60_STABLE_2020.12.07+WN3.1
11369,11583,ringing,-12.2722,1,0,1,0,N,1,1,,,bringing,,0,1,F20K,SCOWL60_STABLE_2020.12.07+WN3.1
11370,11584,romanian,-12.2722,0,0,0,0,N|ADJ,0,0,,,,,0,0,F20K,SCOWL60_STABLE_2020.12.07+WN3.1
11371,11585,ronaldo,-12.2722,0,0,0,0,,0,0,,,,,0,0,F20K,SCOWL60_STABLE_2020.12.07+WN3.1
11372,11586,rum,-12.2722,1,1,0,0,N|ADJ,1,1,um,,drum,,1,1,F20K,SCOWL60_STABLE_2020.12.07+WN3.1
11373,11587,sacramento,-12.2722,0,0,0,0,N,0,0,,,,,0,0,F20K,SCOWL60_STABLE_2020.12.07+WN3.1
11374,11588,sans,-12.2722,1,1,0,0,,1,0,ans,,,,1,0,F20K,SCOWL60_STABLE_2020.12.07+WN3.1
11375,11589,sarcasm,-12.2722,1,1,0,0,N,0,0,,,,,0,0,F20K,SCOWL60_STABLE_2020.12.07+WN3.1
11376,11590,savior,-12.2722,1,1,0,0,N,0,0,,,,,0,0,F20K,SCOWL60_STABLE_2020.12.07+WN3.1
11377,11591,scheduling,-12.2722,1,0,1,0,N,0,0,,,,,0,0,F20K,SCOWL60_STABLE_2020.12.07+WN3.1
11378,11592,selections,-12.2722,1,0,1,0,,1,0,elections,selection,,,2,0,F20K,SCOWL60_STABLE_2020.12.07+WN3.1
11379,11593,seriousness,-12.2722,1,1,1,0,N,0,0,,,,,0,0,F20K,SCOWL60_STABLE_2020.12.07+WN3.1
11380,11594,sleeps,-12.2722,1,0,1,0,,1,0,,sleep,,,1,0,F20K,SCOWL60_STABLE_2020.12.07+WN3.1
11381,11595,sleeves,-12.2722,1,0,1,0,,1,0,,sleeve,,,1,0,F20K,SCOWL60_STABLE_2020.12.07+WN3.1
11382,11596,slick,-12.2722,1,1,0,0,N|V|ADJ,1,0,lick,,,,1,0,F20K,SCOWL60_STABLE_2020.12.07+WN3.1
11383,11597,sniper,-12.2722,1,1,1,0,N,0,0,,,,,0,0,F20K,SCOWL60_STABLE_2020.12.07+WN3.1
11384,11598,snp,-12.2722,0,0,0,0,N,0,0,,,,,0,0,F20K,SCOWL60_STABLE_2020.12.07+WN3.1
11385,11599,spared,-12.2722,1,0,1,0,,1,0,,spare,,,1,0,F20K,SCOWL60_STABLE_2020.12.07+WN3.1
11386,11600,spreads,-12.2722,1,0,1,0,,1,0,,spread,,,1,0,F20K,SCOWL60_STABLE_2020.12.07+WN3.1
11387,11601,staging,-12.2722,1,1,1,0,N,0,0,,,,,0,0,F20K,SCOWL60_STABLE_2020.12.07+WN3.1
11388,11602,standpoint,-12.2722,1,1,0,0,N,0,0,,,,,0,0,F20K,SCOWL60_STABLE_2020.12.07+WN3.1
11389,11603,steals,-12.2722,1,0,1,0,,1,0,,steal,,,1,0,F20K,SCOWL60_STABLE_2020.12.07+WN3.1
11390,11604,steer,-12.2722,1,1,0,0,N|V,0,0,,,,,0,0,F20K,SCOWL60_STABLE_2020.12.07+WN3.1
11391,11605,stud,-12.2722,1,1,0,0,N|V,1,1,,,,study;studs,0,2,F20K,SCOWL60_STABLE_2020.12.07+WN3.1
11392,11606,surrendered,-12.2722,1,0,1,0,,0,0,,,,,0,0,F20K,SCOWL60_STABLE_2020.12.07+WN3.1
11393,11607,swamp,-12.2722,1,1,0,0,N|V,1,0,,swam,,,1,0,F20K,SCOWL60_STABLE_2020.12.07+WN3.1
11394,11608,symposium,-12.2722,1,1,0,0,N,0,0,,,,,0,0,F20K,SCOWL60_STABLE_2020.12.07+WN3.1
11395,11609,tackles,-12.2722,1,0,1,0,,1,0,,tackle,,,1,0,F20K,SCOWL60_STABLE_2020.12.07+WN3.1
11396,11610,tar,-12.2722,1,1,0,0,N|V,1,1,,ta,star,tart,1,2,F20K,SCOWL60_STABLE_2020.12.07+WN3.1
11397,11611,tasted,-12.2722,1,1,1,0,,1,0,,taste,,,1,0,F20K,SCOWL60_STABLE_2020.12.07+WN3.1
11398,11612,technician,-12.2722,1,1,0,0,N,1,1,,,,technicians,0,1,F20K,SCOWL60_STABLE_2020.12.07+WN3.1
11399,11613,tents,-12.2722,1,0,1,0,,1,0,,tent,,,1,0,F20K,SCOWL60_STABLE_2020.12.07+WN3.1
11400,11614,thanked,-12.2722,1,0,1,0,,0,0,,,,,0,0,F20K,SCOWL60_STABLE_2020.12.07+WN3.1
11401,11615,township,-12.2722,1,1,0,0,N,0,0,,,,,0,0,F20K,SCOWL60_STABLE_2020.12.07+WN3.1
11402,11616,trainers,-12.2722,1,0,1,0,,1,0,,trainer,,,1,0,F20K,SCOWL60_STABLE_2020.12.07+WN3.1
11403,11617,transmit,-12.2722,1,1,0,0,V,0,0,,,,,0,0,F20K,SCOWL60_STABLE_2020.12.07+WN3.1
11404,11618,tri,-12.2722,0,0,0,0,,0,0,,,,,0,0,F20K,SCOWL60_STABLE_2020.12.07+WN3.1
11405,11619,underestimate,-12.2722,1,1,0,0,N|V,1,1,,,,underestimated,0,1,F20K,SCOWL60_STABLE_2020.12.07+WN3.1
11406,11620,underwent,-12.2722,1,1,0,0,,0,0,,,,,0,0,F20K,SCOWL60_STABLE_2020.12.07+WN3.1
11407,11621,unesco,-12.2722,0,0,0,0,N,0,0,,,,,0,0,F20K,SCOWL60_STABLE_2020.12.07+WN3.1
11408,11622,unfinished,-12.2722,1,0,1,0,ADJ,0,0,,,,,0,0,F20K,SCOWL60_STABLE_2020.12.07+WN3.1
11409,11624,vaccines,-12.2722,1,0,1,0,,1,0,,vaccine,,,1,0,F20K,SCOWL60_STABLE_2020.12.07+WN3.1
11410,11625,vegetarian,-12.2722,1,1,0,0,N,0,0,,,,,0,0,F20K,SCOWL60_STABLE_2020.12.07+WN3.1
11411,11626,vermont,-12.2722,0,0,0,0,N,0,0,,,,,0,0,F20K,SCOWL60_STABLE_2020.12.07+WN3.1
11412,11627,vest,-12.2722,1,1,0,0,N|V,1,0,est,,,,1,0,F20K,SCOWL60_STABLE_2020.12.07+WN3.1
11413,11628,victorious,-12.2722,1,1,0,0,ADJ,0,0,,,,,0,0,F20K,SCOWL60_STABLE_2020.12.07+WN3.1
11414,11629,viewpoint,-12.2722,1,1,0,0,N,1,1,,,,viewpoints,0,1,F20K,SCOWL60_STABLE_2020.12.07+WN3.1
11415,11630,wallpaper,-12.2722,1,1,0,0,N|V,0,0,,,,,0,0,F20K,SCOWL60_STABLE_2020.12.07+WN3.1
11416,11631,wed,-12.2722,1,1,1,0,N|V|ADJ,1,1,ed,we,owed,,2,1,F20K,SCOWL60_STABLE_2020.12.07+WN3.1
11417,11632,whichever,-12.2722,1,1,0,0,,0,0,,,,,0,0,F20K,SCOWL60_STABLE_2020.12.07+WN3.1
11418,11633,yeast,-12.2722,1,1,0,0,N,1,0,east,,,,1,0,F20K,SCOWL60_STABLE_2020.12.07+WN3.1
11419,11634,zinc,-12.2722,1,1,0,0,N|V,1,0,inc,,,,1,0,F20K,SCOWL60_STABLE_2020.12.07+WN3.1
11420,11635,accountant,-12.296,1,1,0,0,N,1,1,,,,accountants,0,1,F20K,SCOWL60_STABLE_2020.12.07+WN3.1
11421,11636,accredited,-12.296,1,1,1,0,ADJ,0,0,,,,,0,0,F20K,SCOWL60_STABLE_2020.12.07+WN3.1
11422,11637,albany,-12.296,0,0,0,0,N,0,0,,,,,0,0,F20K,SCOWL60_STABLE_2020.12.07+WN3.1
11423,11638,antibodies,-12.296,1,0,1,0,,0,0,,,,,0,0,F20K,SCOWL60_STABLE_2020.12.07+WN3.1
11424,11639,apostles,-12.296,1,0,1,0,,1,0,,apostle,,,1,0,F20K,SCOWL60_STABLE_2020.12.07+WN3.1
11425,11640,aquatic,-12.296,1,1,0,0,N|ADJ,0,0,,,,,0,0,F20K,SCOWL60_STABLE_2020.12.07+WN3.1
11426,11641,assemble,-12.296,1,1,0,0,V,1,1,,,,assembled,0,1,F20K,SCOWL60_STABLE_2020.12.07+WN3.1
11427,11642,assert,-12.296,1,1,0,0,V,1,1,,,,asserts,0,1,F20K,SCOWL60_STABLE_2020.12.07+WN3.1
11428,11643,asserted,-12.296,1,0,1,0,ADJ,0,0,,,,,0,0,F20K,SCOWL60_STABLE_2020.12.07+WN3.1
11429,11644,assistants,-12.296,1,0,1,0,,1,0,,assistant,,,1,0,F20K,SCOWL60_STABLE_2020.12.07+WN3.1
11430,11645,attained,-12.296,1,0,1,0,ADJ,0,0,,,,,0,0,F20K,SCOWL60_STABLE_2020.12.07+WN3.1
11431,11646,aurora,-12.296,1,1,0,0,N,0,0,,,,,0,0,F20K,SCOWL60_STABLE_2020.12.07+WN3.1
11432,11647,authorization,-12.296,1,1,0,0,N,0,0,,,,,0,0,F20K,SCOWL60_STABLE_2020.12.07+WN3.1
11433,11648,autobiography,-12.296,1,1,0,0,N,0,0,,,,,0,0,F20K,SCOWL60_STABLE_2020.12.07+WN3.1
11434,11649,await,-12.296,1,1,0,0,V,1,1,wait,,,awaits,1,1,F20K,SCOWL60_STABLE_2020.12.07+WN3.1
11435,11650,baltic,-12.296,0,0,0,0,N|ADJ,0,0,,,,,0,0,F20K,SCOWL60_STABLE_2020.12.07+WN3.1
11436,11651,bam,-12.296,0,0,0,0,N,0,0,,,,,0,0,F20K,SCOWL60_STABLE_2020.12.07+WN3.1
11437,11652,bandwidth,-12.296,1,1,0,0,N,0,0,,,,,0,0,F20K,SCOWL60_STABLE_2020.12.07+WN3.1
11438,11653,baptism,-12.296,1,1,0,0,N,0,0,,,,,0,0,F20K,SCOWL60_STABLE_2020.12.07+WN3.1
11439,11654,baseline,-12.296,1,1,0,0,N,0,0,,,,,0,0,F20K,SCOWL60_STABLE_2020.12.07+WN3.1
11440,11655,bernie,-12.296,0,0,0,0,,0,0,,,,,0,0,F20K,SCOWL60_STABLE_2020.12.07+WN3.1
11441,11656,bloc,-12.296,1,1,0,0,N,1,1,,,,block,0,1,F20K,SCOWL60_STABLE_2020.12.07+WN3.1
11442,11657,booze,-12.296,1,1,0,0,N|V,0,0,,,,,0,0,F20K,SCOWL60_STABLE_2020.12.07+WN3.1
11443,11658,bounds,-12.296,1,0,1,0,N,1,0,,bound,,,1,0,F20K,SCOWL60_STABLE_2020.12.07+WN3.1
11444,11659,bradford,-12.296,0,0,0,0,N,0,0,,,,,0,0,F20K,SCOWL60_STABLE_2020.12.07+WN3.1
11445,11660,brent,-12.296,0,0,0,0,N,0,0,,,,,0,0,F20K,SCOWL60_STABLE_2020.12.07+WN3.1
11446,11661,burma,-12.296,0,0,0,0,N,0,0,,,,,0,0,F20K,SCOWL60_STABLE_2020.12.07+WN3.1
11447,11662,buzzing,-12.296,1,0,1,0,ADJ,0,0,,,,,0,0,F20K,SCOWL60_STABLE_2020.12.07+WN3.1
11448,11664,calculating,-12.296,1,1,1,0,ADJ,0,0,,,,,0,0,F20K,SCOWL60_STABLE_2020.12.07+WN3.1
11449,11665,camel,-12.296,1,1,0,0,N,1,1,,came,,camels,1,1,F20K,SCOWL60_STABLE_2020.12.07+WN3.1
11450,11666,captains,-12.296,1,0,1,0,,1,0,,captain,,,1,0,F20K,SCOWL60_STABLE_2020.12.07+WN3.1
11451,11667,chatting,-12.296,1,1,0,0,,0,0,,,,,0,0,F20K,SCOWL60_STABLE_2020.12.07+WN3.1
11452,11668,chord,-12.296,1,1,0,0,N|V,1,1,,,,chords,0,1,F20K,SCOWL60_STABLE_2020.12.07+WN3.1
11453,11669,collateral,-12.296,1,1,0,0,N|ADJ,0,0,,,,,0,0,F20K,SCOWL60_STABLE_2020.12.07+WN3.1
11454,11670,combo,-12.296,1,1,0,0,N,1,0,,comb,,,1,0,F20K,SCOWL60_STABLE_2020.12.07+WN3.1
11455,11671,comet,-12.296,1,1,0,0,N,1,0,,come,,,1,0,F20K,SCOWL60_STABLE_2020.12.07+WN3.1
11456,11672,compressed,-12.296,1,1,1,0,ADJ,0,0,,,,,0,0,F20K,SCOWL60_STABLE_2020.12.07+WN3.1
11457,11673,constituents,-12.296,1,0,1,0,,1,0,,constituent,,,1,0,F20K,SCOWL60_STABLE_2020.12.07+WN3.1
11458,11674,cosmetic,-12.296,1,1,0,0,N|ADJ,1,1,,,,cosmetics,0,1,F20K,SCOWL60_STABLE_2020.12.07+WN3.1
11459,11675,creditors,-12.296,1,0,1,0,,0,0,,,,,0,0,F20K,SCOWL60_STABLE_2020.12.07+WN3.1
11460,11676,criticised,-12.296,0,0,0,0,,0,0,,,,,0,0,F20K,SCOWL60_STABLE_2020.12.07+WN3.1
11461,11677,crust,-12.296,1,1,0,0,N|V,1,0,rust,,,,1,0,F20K,SCOWL60_STABLE_2020.12.07+WN3.1
11462,11678,crystals,-12.296,1,0,1,0,,1,0,,crystal,,,1,0,F20K,SCOWL60_STABLE_2020.12.07+WN3.1
11463,11679,culturally,-12.296,1,0,1,0,ADV,0,0,,,,,0,0,F20K,SCOWL60_STABLE_2020.12.07+WN3.1
11464,11681,deity,-12.296,1,1,0,0,N,0,0,,,,,0,0,F20K,SCOWL60_STABLE_2020.12.07+WN3.1
11465,11682,delightful,-12.296,1,1,0,0,ADJ,0,0,,,,,0,0,F20K,SCOWL60_STABLE_2020.12.07+WN3.1
11466,11683,deploy,-12.296,1,1,0,0,V,0,0,,,,,0,0,F20K,SCOWL60_STABLE_2020.12.07+WN3.1
11467,11684,devote,-12.296,1,0,1,0,V,1,1,,,,devoted,0,1,F20K,SCOWL60_STABLE_2020.12.07+WN3.1
11468,11685,disregard,-12.296,1,0,1,0,N|V,0,0,,,,,0,0,F20K,SCOWL60_STABLE_2020.12.07+WN3.1
11469,11686,divers,-12.296,1,0,1,0,ADJ,1,1,,diver,,diverse,1,1,F20K,SCOWL60_STABLE_2020.12.07+WN3.1
11470,11687,dividing,-12.296,1,0,1,0,,0,0,,,,,0,0,F20K,SCOWL60_STABLE_2020.12.07+WN3.1
11471,11688,dusty,-12.296,1,1,0,0,ADJ,1,0,,dust,,,1,0,F20K,SCOWL60_STABLE_2020.12.07+WN3.1
11472,11689,ellie,-12.296,0,0,0,0,,0,0,,,,,0,0,F20K,SCOWL60_STABLE_2020.12.07+WN3.1
11473,11690,eng,-12.296,0,0,0,0,,0,0,,,,,0,0,F20K,SCOWL60_STABLE_2020.12.07+WN3.1
11474,11691,equilibrium,-12.296,1,1,0,0,N,0,0,,,,,0,0,F20K,SCOWL60_STABLE_2020.12.07+WN3.1
11475,11692,esther,-12.296,0,0,0,0,N,0,0,,,,,0,0,F20K,SCOWL60_STABLE_2020.12.07+WN3.1
11476,11693,exaggerated,-12.296,1,1,1,0,ADJ,0,0,,,,,0,0,F20K,SCOWL60_STABLE_2020.12.07+WN3.1
11477,11694,extinct,-12.296,1,1,0,0,ADJ,0,0,,,,,0,0,F20K,SCOWL60_STABLE_2020.12.07+WN3.1
11478,11695,feather,-12.296,1,1,0,0,N|V,1,1,,,,feathers,0,1,F20K,SCOWL60_STABLE_2020.12.07+WN3.1
11479,11696,flawed,-12.296,1,0,1,0,ADJ,0,0,,,,,0,0,F20K,SCOWL60_STABLE_2020.12.07+WN3.1
11480,11697,footballer,-12.296,1,1,1,0,N,1,1,,,,footballers,0,1,F20K,SCOWL60_STABLE_2020.12.07+WN3.1
11481,11698,formidable,-12.296,1,1,0,0,ADJ,0,0,,,,,0,0,F20K,SCOWL60_STABLE_2020.12.07+WN3.1
11482,11699,frances,-12.296,0,0,0,0,,0,0,,,,,0,0,F20K,SCOWL60_STABLE_2020.12.07+WN3.1
11483,11700,freshwater,-12.296,1,1,0,0,N,0,0,,,,,0,0,F20K,SCOWL60_STABLE_2020.12.07+WN3.1
11484,11701,frightening,-12.296,1,1,1,0,N|ADJ,0,0,,,,,0,0,F20K,SCOWL60_STABLE_2020.12.07+WN3.1
11485,11702,funk,-12.296,1,1,0,0,N|V,1,1,,fun,,funky,1,1,F20K,SCOWL60_STABLE_2020.12.07+WN3.1
11486,11703,gardening,-12.296,1,1,1,0,N,0,0,,,,,0,0,F20K,SCOWL60_STABLE_2020.12.07+WN3.1
11487,11704,gavin,-12.296,0,0,0,0,,0,0,,,,,0,0,F20K,SCOWL60_STABLE_2020.12.07+WN3.1
11488,11705,gays,-12.296,1,0,1,0,,1,0,,gay,,,1,0,F20K,SCOWL60_STABLE_2020.12.07+WN3.1
11489,11706,genus,-12.296,1,1,0,0,N,0,0,,,,,0,0,F20K,SCOWL60_STABLE_2020.12.07+WN3.1
11490,11707,girlfriends,-12.296,1,0,1,0,,1,0,,girlfriend,,,1,0,F20K,SCOWL60_STABLE_2020.12.07+WN3.1
11491,11708,goodnight,-12.296,1,1,0,0,,0,0,,,,,0,0,F20K,SCOWL60_STABLE_2020.12.07+WN3.1
11492,11709,graffiti,-12.296,1,1,0,0,N,0,0,,,,,0,0,F20K,SCOWL60_STABLE_2020.12.07+WN3.1
11493,11710,haired,-12.296,1,0,1,0,ADJ,1,1,aired,,chaired,,1,1,F20K,SCOWL60_STABLE_2020.12.07+WN3.1
11494,11711,hare,-12.296,1,1,0,0,N|V,1,1,are,,share,,1,1,F20K,SCOWL60_STABLE_2020.12.07+WN3.1
11495,11712,harley,-12.296,0,0,0,0,,0,0,,,,,0,0,F20K,SCOWL60_STABLE_2020.12.07+WN3.1
11496,11713,histories,-12.296,1,0,1,0,,0,0,,,,,0,0,F20K,SCOWL60_STABLE_2020.12.07+WN3.1
11497,11714,hourly,-12.296,1,0,1,0,ADJ|ADV,0,0,,,,,0,0,F20K,SCOWL60_STABLE_2020.12.07+WN3.1
11498,11715,hulk,-12.296,1,1,0,0,N|V,0,0,,,,,0,0,F20K,SCOWL60_STABLE_2020.12.07+WN3.1
11499,11716,idaho,-12.296,0,0,0,0,N,0,0,,,,,0,0,F20K,SCOWL60_STABLE_2020.12.07+WN3.1
11500,11717,incorporating,-12.296,1,0,1,0,,0,0,,,,,0,0,F20K,SCOWL60_STABLE_2020.12.07+WN3.1
11501,11718,indianapolis,-12.296,0,0,0,0,N,0,0,,,,,0,0,F20K,SCOWL60_STABLE_2020.12.07+WN3.1
11502,11719,insured,-12.296,1,1,1,0,N|ADJ,1,0,,insure,,,1,0,F20K,SCOWL60_STABLE_2020.12.07+WN3.1
11503,11720,judith,-12.296,0,0,0,0,N,0,0,,,,,0,0,F20K,SCOWL60_STABLE_2020.12.07+WN3.1
11504,11721,justices,-12.296,1,0,1,0,,1,0,,justice,,,1,0,F20K,SCOWL60_STABLE_2020.12.07+WN3.1
11505,11722,lan,-12.296,0,0,0,0,N,0,0,,,,,0,0,F20K,SCOWL60_STABLE_2020.12.07+WN3.1
11506,11723,leaks,-12.296,1,0,1,0,,1,0,,leak,,,1,0,F20K,SCOWL60_STABLE_2020.12.07+WN3.1
11507,11724,lebron,-12.296,0,0,0,0,,0,0,,,,,0,0,F20K,SCOWL60_STABLE_2020.12.07+WN3.1
11508,11725,listings,-12.296,1,0,1,0,,1,0,,listing,,,1,0,F20K,SCOWL60_STABLE_2020.12.07+WN3.1
11509,11726,llc,-12.296,0,0,0,0,,0,0,,,,,0,0,F20K,SCOWL60_STABLE_2020.12.07+WN3.1
11510,11727,lobster,-12.296,1,1,0,0,N,0,0,,,,,0,0,F20K,SCOWL60_STABLE_2020.12.07+WN3.1
11511,11728,lotus,-12.296,1,1,0,0,N,0,0,,,,,0,0,F20K,SCOWL60_STABLE_2020.12.07+WN3.1
11512,11729,mack,-12.296,0,0,0,0,N,0,0,,,,,0,0,F20K,SCOWL60_STABLE_2020.12.07+WN3.1
11513,11730,memorandum,-12.296,1,1,0,0,N,0,0,,,,,0,0,F20K,SCOWL60_STABLE_2020.12.07+WN3.1
11514,11731,meta,-12.296,1,1,0,0,,1,1,eta,met,,metal,2,1,F20K,SCOWL60_STABLE_2020.12.07+WN3.1
11515,11732,millionaire,-12.296,1,1,0,0,N,1,1,,,,millionaires,0,1,F20K,SCOWL60_STABLE_2020.12.07+WN3.1
11516,11733,moist,-12.296,1,1,0,0,ADJ,0,0,,,,,0,0,F20K,SCOWL60_STABLE_2020.12.07+WN3.1
11517,11734,moms,-12.296,1,0,1,0,,1,0,,mom,,,1,0,F20K,SCOWL60_STABLE_2020.12.07+WN3.1
11518,11735,mormon,-12.296,0,0,0,0,N|ADJ,0,0,,,,,0,0,F20K,SCOWL60_STABLE_2020.12.07+WN3.1
11519,11736,mushrooms,-12.296,1,0,1,0,,1,0,,mushroom,,,1,0,F20K,SCOWL60_STABLE_2020.12.07+WN3.1
11520,11737,nutritional,-12.296,1,1,0,0,ADJ,0,0,,,,,0,0,F20K,SCOWL60_STABLE_2020.12.07+WN3.1
11521,11738,obsolete,-12.296,1,1,0,0,ADJ,0,0,,,,,0,0,F20K,SCOWL60_STABLE_2020.12.07+WN3.1
11522,11739,oi,-12.296,1,1,0,0,,1,1,i,,moi,oil,1,2,F20K,SCOWL60_STABLE_2020.12.07+WN3.1
11523,11740,onwards,-12.296,0,0,0,0,ADV,0,0,,,,,0,0,F20K,SCOWL60_STABLE_2020.12.07+WN3.1
11524,11741,outfits,-12.296,1,0,1,0,,1,0,,outfit,,,1,0,F20K,SCOWL60_STABLE_2020.12.07+WN3.1
11525,11742,pathways,-12.296,1,0,1,0,,1,0,,pathway,,,1,0,F20K,SCOWL60_STABLE_2020.12.07+WN3.1
11526,11743,pavilion,-12.296,1,1,0,0,N,0,0,,,,,0,0,F20K,SCOWL60_STABLE_2020.12.07+WN3.1
11527,11744,payable,-12.296,1,0,1,0,N|ADJ,0,0,,,,,0,0,F20K,SCOWL60_STABLE_2020.12.07+WN3.1
11528,11745,pens,-12.296,1,0,1,0,,1,1,,pen,opens,,1,1,F20K,SCOWL60_STABLE_2020.12.07+WN3.1
11529,11746,phenomenal,-12.296,1,1,0,0,ADJ,1,0,,phenomena,,,1,0,F20K,SCOWL60_STABLE_2020.12.07+WN3.1
11530,11747,photographed,-12.296,1,0,1,0,,0,0,,,,,0,0,F20K,SCOWL60_STABLE_2020.12.07+WN3.1
11531,11748,pilgrimage,-12.296,1,1,0,0,N,0,0,,,,,0,0,F20K,SCOWL60_STABLE_2020.12.07+WN3.1
11532,11749,pitching,-12.296,1,0,1,0,N,1,0,itching,,,,1,0,F20K,SCOWL60_STABLE_2020.12.07+WN3.1
11533,11750,pledged,-12.296,1,0,1,0,ADJ,1,0,,pledge,,,1,0,F20K,SCOWL60_STABLE_2020.12.07+WN3.1
11534,11751,presumed,-12.296,1,0,1,0,,1,0,resumed,presume,,,2,0,F20K,SCOWL60_STABLE_2020.12.07+WN3.1
11535,11752,prevailing,-12.296,1,0,1,0,ADJ,0,0,,,,,0,0,F20K,SCOWL60_STABLE_2020.12.07+WN3.1
11536,11753,professionally,-12.296,1,0,1,0,ADV,0,0,,,,,0,0,F20K,SCOWL60_STABLE_2020.12.07+WN3.1
11537,11754,proudly,-12.296,1,0,1,0,ADV,0,0,,,,,0,0,F20K,SCOWL60_STABLE_2020.12.07+WN3.1
11538,11756,regulator,-12.296,1,1,0,0,N,1,1,,,,regulatory;regulators,0,2,F20K,SCOWL60_STABLE_2020.12.07+WN3.1
11539,11757,reside,-12.296,1,0,1,0,V,1,1,,,,resides;resided,0,2,F20K,SCOWL60_STABLE_2020.12.07+WN3.1
11540,11758,revive,-12.296,1,1,1,0,V,1,1,,,,revived,0,1,F20K,SCOWL60_STABLE_2020.12.07+WN3.1
11541,11759,richie,-12.296,0,0,0,0,,0,0,,,,,0,0,F20K,SCOWL60_STABLE_2020.12.07+WN3.1
11542,11760,roland,-12.296,0,0,0,0,,0,0,,,,,0,0,F20K,SCOWL60_STABLE_2020.12.07+WN3.1
11543,11761,scarce,-12.296,1,1,0,0,ADJ|ADV,0,0,,,,,0,0,F20K,SCOWL60_STABLE_2020.12.07+WN3.1
11544,11762,seafood,-12.296,1,1,0,0,N,0,0,,,,,0,0,F20K,SCOWL60_STABLE_2020.12.07+WN3.1
11545,11763,secrecy,-12.296,1,1,0,0,N,0,0,,,,,0,0,F20K,SCOWL60_STABLE_2020.12.07+WN3.1
11546,11764,seldom,-12.296,1,1,0,0,ADV,0,0,,,,,0,0,F20K,SCOWL60_STABLE_2020.12.07+WN3.1
11547,11765,sep,-12.296,0,0,0,0,N,0,0,,,,,0,0,F20K,SCOWL60_STABLE_2020.12.07+WN3.1
11548,11766,simultaneous,-12.296,1,1,0,0,ADJ,0,0,,,,,0,0,F20K,SCOWL60_STABLE_2020.12.07+WN3.1
11549,11767,slack,-12.296,1,1,0,0,N|V|ADJ,1,0,lack,,,,1,0,F20K,SCOWL60_STABLE_2020.12.07+WN3.1
11550,11768,socialists,-12.296,1,0,1,0,,1,0,,socialist,,,1,0,F20K,SCOWL60_STABLE_2020.12.07+WN3.1
11551,11769,spectacle,-12.296,1,1,0,0,N,0,0,,,,,0,0,F20K,SCOWL60_STABLE_2020.12.07+WN3.1
11552,11770,startup,-12.296,1,1,0,0,N,0,0,,,,,0,0,F20K,SCOWL60_STABLE_2020.12.07+WN3.1
11553,11771,stigma,-12.296,1,1,0,0,N,0,0,,,,,0,0,F20K,SCOWL60_STABLE_2020.12.07+WN3.1
11554,11772,suspend,-12.296,1,1,0,0,V,0,0,,,,,0,0,F20K,SCOWL60_STABLE_2020.12.07+WN3.1
11555,11773,tanzania,-12.296,0,0,0,0,N,0,0,,,,,0,0,F20K,SCOWL60_STABLE_2020.12.07+WN3.1
11556,11774,terminals,-12.296,1,0,1,0,,1,0,,terminal,,,1,0,F20K,SCOWL60_STABLE_2020.12.07+WN3.1
11557,11775,texting,-12.296,1,1,0,0,,0,0,,,,,0,0,F20K,SCOWL60_STABLE_2020.12.07+WN3.1
11558,11776,thrill,-12.296,1,1,0,0,N|V,0,0,,,,,0,0,F20K,SCOWL60_STABLE_2020.12.07+WN3.1
11559,11777,tile,-12.296,1,1,0,0,N|V,1,1,,til,,tiles,1,1,F20K,SCOWL60_STABLE_2020.12.07+WN3.1
11560,11778,torque,-12.296,1,1,0,0,N,0,0,,,,,0,0,F20K,SCOWL60_STABLE_2020.12.07+WN3.1
11561,11779,tow,-12.296,1,1,0,0,N|V,1,1,ow,to,,town,2,1,F20K,SCOWL60_STABLE_2020.12.07+WN3.1
11562,11780,tr,-12.296,1,1,0,0,,1,1,,,,try,0,1,F20K,SCOWL60_STABLE_2020.12.07+WN3.1
11563,11781,transcript,-12.296,1,1,0,0,N,1,1,,,,transcripts,0,1,F20K,SCOWL60_STABLE_2020.12.07+WN3.1
11564,11782,transforming,-12.296,1,0,1,0,,0,0,,,,,0,0,F20K,SCOWL60_STABLE_2020.12.07+WN3.1
11565,11783,translates,-12.296,1,0,1,0,,1,0,,translate,,,1,0,F20K,SCOWL60_STABLE_2020.12.07+WN3.1
11566,11784,truths,-12.296,1,1,0,0,,1,0,,truth,,,1,0,F20K,SCOWL60_STABLE_2020.12.07+WN3.1
11567,11785,turnout,-12.296,1,1,0,0,N,0,0,,,,,0,0,F20K,SCOWL60_STABLE_2020.12.07+WN3.1
11568,11786,undertook,-12.296,1,1,0,0,,0,0,,,,,0,0,F20K,SCOWL60_STABLE_2020.12.07+WN3.1
11569,11787,unexpectedly,-12.296,1,0,1,0,ADV,0,0,,,,,0,0,F20K,SCOWL60_STABLE_2020.12.07+WN3.1
11570,11788,uni,-12.296,1,0,1,0,,1,1,,,,unit,0,1,F20K,SCOWL60_STABLE_2020.12.07+WN3.1
11571,11789,unpopular,-12.296,1,1,0,0,ADJ,0,0,,,,,0,0,F20K,SCOWL60_STABLE_2020.12.07+WN3.1
11572,11790,vanity,-12.296,1,1,0,0,N,0,0,,,,,0,0,F20K,SCOWL60_STABLE_2020.12.07+WN3.1
11573,11791,vegan,-12.296,1,1,0,0,N,0,0,,,,,0,0,F20K,SCOWL60_STABLE_2020.12.07+WN3.1
11574,11792,vinegar,-12.296,1,1,0,0,N,0,0,,,,,0,0,F20K,SCOWL60_STABLE_2020.12.07+WN3.1
11575,11793,visually,-12.296,1,0,1,0,ADV,0,0,,,,,0,0,F20K,SCOWL60_STABLE_2020.12.07+WN3.1
11576,11794,watt,-12.296,1,1,0,0,N,1,1,,,,watts,0,1,F20K,SCOWL60_STABLE_2020.12.07+WN3.1
11577,11795,whipped,-12.296,1,1,0,0,,0,0,,,,,0,0,F20K,SCOWL60_STABLE_2020.12.07+WN3.1
11578,11796,wii,-12.296,0,0,0,0,,0,0,,,,,0,0,F20K,SCOWL60_STABLE_2020.12.07+WN3.1
11579,11797,zen,-12.296,1,0,1,0,N,1,0,en,,,,1,0,F20K,SCOWL60_STABLE_2020.12.07+WN3.1
11580,11799,abdul,-12.3181,0,0,0,0,,0,0,,,,,0,0,F20K,SCOWL60_STABLE_2020.12.07+WN3.1
11581,11800,addict,-12.3181,1,1,0,0,N|V,1,1,,,,addicts,0,1,F20K,SCOWL60_STABLE_2020.12.07+WN3.1
11582,11801,adobe,-12.3181,1,1,0,0,N,0,0,,,,,0,0,F20K,SCOWL60_STABLE_2020.12.07+WN3.1
11583,11802,algebra,-12.3181,1,1,0,0,N,0,0,,,,,0,0,F20K,SCOWL60_STABLE_2020.12.07+WN3.1
11584,11803,announcements,-12.3181,1,0,1,0,,1,0,,announcement,,,1,0,F20K,SCOWL60_STABLE_2020.12.07+WN3.1
11585,11804,astonishing,-12.3181,1,1,1,0,ADJ,0,0,,,,,0,0,F20K,SCOWL60_STABLE_2020.12.07+WN3.1
11586,11805,astronomy,-12.3181,1,1,0,0,N,0,0,,,,,0,0,F20K,SCOWL60_STABLE_2020.12.07+WN3.1
11587,11806,attain,-12.3181,1,1,0,0,V,0,0,,,,,0,0,F20K,SCOWL60_STABLE_2020.12.07+WN3.1
11588,11807,attendant,-12.3181,1,1,0,0,N|ADJ,1,1,,,,attendants,0,1,F20K,SCOWL60_STABLE_2020.12.07+WN3.1
11589,11808,attracts,-12.3181,1,0,1,0,,1,0,,attract,,,1,0,F20K,SCOWL60_STABLE_2020.12.07+WN3.1
11590,11810,avoidance,-12.3181,1,1,0,0,N,0,0,,,,,0,0,F20K,SCOWL60_STABLE_2020.12.07+WN3.1
11591,11811,bali,-12.3181,0,0,0,0,N,0,0,,,,,0,0,F20K,SCOWL60_STABLE_2020.12.07+WN3.1
11592,11812,bart,-12.3181,0,0,0,0,N,0,0,,,,,0,0,F20K,SCOWL60_STABLE_2020.12.07+WN3.1
11593,11813,basel,-12.3181,0,0,0,0,N,0,0,,,,,0,0,F20K,SCOWL60_STABLE_2020.12.07+WN3.1
11594,11814,boiled,-12.3181,1,0,1,0,ADJ,0,0,,,,,0,0,F20K,SCOWL60_STABLE_2020.12.07+WN3.1
11595,11815,boulevard,-12.3181,1,1,0,0,N,0,0,,,,,0,0,F20K,SCOWL60_STABLE_2020.12.07+WN3.1
11596,11816,branding,-12.3181,1,0,1,0,N,0,0,,,,,0,0,F20K,SCOWL60_STABLE_2020.12.07+WN3.1
11597,11817,breeds,-12.3181,1,0,1,0,,1,0,,breed,,,1,0,F20K,SCOWL60_STABLE_2020.12.07+WN3.1
11598,11818,brendan,-12.3181,0,0,0,0,,0,0,,,,,0,0,F20K,SCOWL60_STABLE_2020.12.07+WN3.1
11599,11819,calf,-12.3181,1,1,0,0,N,1,0,,cal,,,1,0,F20K,SCOWL60_STABLE_2020.12.07+WN3.1
11600,11820,cancellation,-12.3181,1,1,0,0,N,0,0,,,,,0,0,F20K,SCOWL60_STABLE_2020.12.07+WN3.1
11601,11821,caption,-12.3181,1,1,0,0,N|V,0,0,,,,,0,0,F20K,SCOWL60_STABLE_2020.12.07+WN3.1
11602,11822,captures,-12.3181,1,0,1,0,,1,0,,capture,,,1,0,F20K,SCOWL60_STABLE_2020.12.07+WN3.1
11603,11823,carlton,-12.3181,0,0,0,0,,0,0,,,,,0,0,F20K,SCOWL60_STABLE_2020.12.07+WN3.1
11604,11824,champs,-12.3181,1,0,1,0,,1,0,,champ,,,1,0,F20K,SCOWL60_STABLE_2020.12.07+WN3.1
11605,11825,chew,-12.3181,1,1,0,0,N|V,0,0,,,,,0,0,F20K,SCOWL60_STABLE_2020.12.07+WN3.1
11606,11826,circumstance,-12.3181,1,1,0,0,N,1,1,,,,circumstances,0,1,F20K,SCOWL60_STABLE_2020.12.07+WN3.1
11607,11827,classy,-12.3181,1,1,0,0,ADJ,1,0,,class,,,1,0,F20K,SCOWL60_STABLE_2020.12.07+WN3.1
11608,11828,commentator,-12.3181,1,1,0,0,N,1,1,,,,commentators,0,1,F20K,SCOWL60_STABLE_2020.12.07+WN3.1
11609,11829,communicated,-12.3181,1,0,1,0,,1,0,,communicate,,,1,0,F20K,SCOWL60_STABLE_2020.12.07+WN3.1
11610,11830,constituent,-12.3181,1,1,0,0,N|ADJ,1,1,,,,constituents,0,1,F20K,SCOWL60_STABLE_2020.12.07+WN3.1
11611,11831,contributors,-12.3181,1,0,1,0,,1,0,,contributor,,,1,0,F20K,SCOWL60_STABLE_2020.12.07+WN3.1
11612,11832,cork,-12.3181,1,1,0,0,N|V,1,0,,cor,,,1,0,F20K,SCOWL60_STABLE_2020.12.07+WN3.1
11613,11833,cursed,-12.3181,1,1,1,0,ADJ,1,0,,curse,,,1,0,F20K,SCOWL60_STABLE_2020.12.07+WN3.1
11614,11834,daring,-12.3181,1,1,1,0,N|ADJ,0,0,,,,,0,0,F20K,SCOWL60_STABLE_2020.12.07+WN3.1
11615,11835,digest,-12.3181,1,1,0,0,N|V,0,0,,,,,0,0,F20K,SCOWL60_STABLE_2020.12.07+WN3.1
11616,11836,distorted,-12.3181,1,0,1,0,ADJ,0,0,,,,,0,0,F20K,SCOWL60_STABLE_2020.12.07+WN3.1
11617,11837,dixon,-12.3181,0,0,0,0,,0,0,,,,,0,0,F20K,SCOWL60_STABLE_2020.12.07+WN3.1
11618,11838,dolphin,-12.3181,1,1,0,0,N,1,1,,,,dolphins,0,1,F20K,SCOWL60_STABLE_2020.12.07+WN3.1
11619,11839,dove,-12.3181,1,1,0,0,N,0,0,,,,,0,0,F20K,SCOWL60_STABLE_2020.12.07+WN3.1
11620,11840,dreadful,-12.3181,1,1,0,0,ADJ,0,0,,,,,0,0,F20K,SCOWL60_STABLE_2020.12.07+WN3.1
11621,11841,durable,-12.3181,1,1,0,0,ADJ,0,0,,,,,0,0,F20K,SCOWL60_STABLE_2020.12.07+WN3.1
11622,11842,electorate,-12.3181,1,1,0,0,N,0,0,,,,,0,0,F20K,SCOWL60_STABLE_2020.12.07+WN3.1
11623,11843,ella,-12.3181,0,0,0,0,,0,0,,,,,0,0,F20K,SCOWL60_STABLE_2020.12.07+WN3.1
11624,11844,endorsement,-12.3181,1,1,1,0,N,0,0,,,,,0,0,F20K,SCOWL60_STABLE_2020.12.07+WN3.1
11625,11845,engineered,-12.3181,1,0,1,0,,0,0,,,,,0,0,F20K,SCOWL60_STABLE_2020.12.07+WN3.1
11626,11846,facto,-12.3181,0,0,0,0,,0,0,,,,,0,0,F20K,SCOWL60_STABLE_2020.12.07+WN3.1
11627,11847,fertile,-12.3181,1,1,0,0,ADJ,0,0,,,,,0,0,F20K,SCOWL60_STABLE_2020.12.07+WN3.1
11628,11848,fetch,-12.3181,1,1,0,0,N|V,0,0,,,,,0,0,F20K,SCOWL60_STABLE_2020.12.07+WN3.1
11629,11849,flank,-12.3181,1,1,0,0,N|V,0,0,,,,,0,0,F20K,SCOWL60_STABLE_2020.12.07+WN3.1
11630,11850,flyers,-12.3181,0,0,0,0,,0,0,,,,,0,0,F20K,SCOWL60_STABLE_2020.12.07+WN3.1
11631,11851,folding,-12.3181,1,0,1,0,N|ADJ,0,0,,,,,0,0,F20K,SCOWL60_STABLE_2020.12.07+WN3.1
11632,11852,gala,-12.3181,1,1,0,0,N,1,0,,gal,,,1,0,F20K,SCOWL60_STABLE_2020.12.07+WN3.1
11633,11853,genres,-12.3181,1,0,1,0,,1,0,,genre,,,1,0,F20K,SCOWL60_STABLE_2020.12.07+WN3.1
11634,11854,glucose,-12.3181,1,1,0,0,N,0,0,,,,,0,0,F20K,SCOWL60_STABLE_2020.12.07+WN3.1
11635,11855,goodwill,-12.3181,1,1,0,0,N,0,0,,,,,0,0,F20K,SCOWL60_STABLE_2020.12.07+WN3.1
11636,11856,greeting,-12.3181,1,1,1,0,N,1,1,,,,greetings,0,1,F20K,SCOWL60_STABLE_2020.12.07+WN3.1
11637,11857,grenade,-12.3181,1,1,0,0,N,1,1,,,,grenades,0,1,F20K,SCOWL60_STABLE_2020.12.07+WN3.1
11638,11858,groove,-12.3181,1,1,0,0,N|V,0,0,,,,,0,0,F20K,SCOWL60_STABLE_2020.12.07+WN3.1
11639,11859,gus,-12.3181,0,0,0,0,,0,0,,,,,0,0,F20K,SCOWL60_STABLE_2020.12.07+WN3.1
11640,11860,hal,-12.3181,0,0,0,0,,0,0,,,,,0,0,F20K,SCOWL60_STABLE_2020.12.07+WN3.1
11641,11861,hastings,-12.3181,0,0,0,0,N,0,0,,,,,0,0,F20K,SCOWL60_STABLE_2020.12.07+WN3.1
11642,11862,hedge,-12.3181,1,1,0,0,N|V,1,0,edge,,,,1,0,F20K,SCOWL60_STABLE_2020.12.07+WN3.1
11643,11863,hilton,-12.3181,0,0,0,0,,0,0,,,,,0,0,F20K,SCOWL60_STABLE_2020.12.07+WN3.1
11644,11864,homemade,-12.3181,1,1,0,0,ADJ,0,0,,,,,0,0,F20K,SCOWL60_STABLE_2020.12.07+WN3.1
11645,11865,hostility,-12.3181,1,1,0,0,N,0,0,,,,,0,0,F20K,SCOWL60_STABLE_2020.12.07+WN3.1
11646,11866,https,-12.3181,0,0,0,0,,0,0,,,,,0,0,F20K,SCOWL60_STABLE_2020.12.07+WN3.1
11647,11867,hyde,-12.3181,0,0,0,0,,0,0,,,,,0,0,F20K,SCOWL60_STABLE_2020.12.07+WN3.1
11648,11868,icc,-12.3181,0,0,0,0,N,0,0,,,,,0,0,F20K,SCOWL60_STABLE_2020.12.07+WN3.1
11649,11869,inflammatory,-12.3181,1,1,0,0,ADJ,0,0,,,,,0,0,F20K,SCOWL60_STABLE_2020.12.07+WN3.1
11650,11870,inhabited,-12.3181,1,1,1,0,ADJ,0,0,,,,,0,0,F20K,SCOWL60_STABLE_2020.12.07+WN3.1
11651,11871,inscription,-12.3181,1,1,0,0,N,1,1,,,,inscriptions,0,1,F20K,SCOWL60_STABLE_2020.12.07+WN3.1
11652,11872,intentional,-12.3181,1,1,0,0,ADJ,0,0,,,,,0,0,F20K,SCOWL60_STABLE_2020.12.07+WN3.1
11653,11873,intercourse,-12.3181,1,1,0,0,N,0,0,,,,,0,0,F20K,SCOWL60_STABLE_2020.12.07+WN3.1
11654,11874,interpreter,-12.3181,1,1,0,0,N,0,0,,,,,0,0,F20K,SCOWL60_STABLE_2020.12.07+WN3.1
11655,11875,intuitive,-12.3181,1,1,1,0,ADJ,0,0,,,,,0,0,F20K,SCOWL60_STABLE_2020.12.07+WN3.1
11656,11876,julius,-12.3181,0,0,0,0,,0,0,,,,,0,0,F20K,SCOWL60_STABLE_2020.12.07+WN3.1
11657,11877,jumper,-12.3181,1,1,1,0,N,1,1,,,,jumpers,0,1,F20K,SCOWL60_STABLE_2020.12.07+WN3.1
11658,11878,kernel,-12.3181,1,1,0,0,N,0,0,,,,,0,0,F20K,SCOWL60_STABLE_2020.12.07+WN3.1
11659,11879,knots,-12.3181,1,0,1,0,,1,0,,knot,,,1,0,F20K,SCOWL60_STABLE_2020.12.07+WN3.1
11660,11880,kosovo,-12.3181,0,0,0,0,N,0,0,,,,,0,0,F20K,SCOWL60_STABLE_2020.12.07+WN3.1
11661,11881,latitude,-12.3181,1,1,0,0,N,0,0,,,,,0,0,F20K,SCOWL60_STABLE_2020.12.07+WN3.1
11662,11882,lawful,-12.3181,1,1,0,0,ADJ,1,0,awful,,,,1,0,F20K,SCOWL60_STABLE_2020.12.07+WN3.1
11663,11883,liner,-12.3181,1,1,1,0,N,1,1,,line,,liners,1,1,F20K,SCOWL60_STABLE_2020.12.07+WN3.1
11664,11884,litter,-12.3181,1,1,0,0,N|V,1,1,,,glitter,,0,1,F20K,SCOWL60_STABLE_2020.12.07+WN3.1
11665,11885,louisville,-12.3181,0,0,0,0,N,0,0,,,,,0,0,F20K,SCOWL60_STABLE_2020.12.07+WN3.1
11666,11886,malicious,-12.3181,1,1,0,0,ADJ,0,0,,,,,0,0,F20K,SCOWL60_STABLE_2020.12.07+WN3.1
11667,11887,manuscripts,-12.3181,1,0,1,0,,1,0,,manuscript,,,1,0,F20K,SCOWL60_STABLE_2020.12.07+WN3.1
11668,11888,marketed,-12.3181,1,0,1,0,,0,0,,,,,0,0,F20K,SCOWL60_STABLE_2020.12.07+WN3.1
11669,11889,martinez,-12.3181,0,0,0,0,,0,0,,,,,0,0,F20K,SCOWL60_STABLE_2020.12.07+WN3.1
11670,11890,mil,-12.3181,1,1,0,0,N,1,1,,mi,,milk;mile;mill;mild,1,4,F20K,SCOWL60_STABLE_2020.12.07+WN3.1
11671,11891,mosaic,-12.3181,1,1,0,0,N|ADJ,0,0,,,,,0,0,F20K,SCOWL60_STABLE_2020.12.07+WN3.1
11672,11892,mute,-12.3181,1,1,0,0,N|V|ADJ,1,1,,,,muted,0,1,F20K,SCOWL60_STABLE_2020.12.07+WN3.1
11673,11893,mythology,-12.3181,1,1,0,0,N,0,0,,,,,0,0,F20K,SCOWL60_STABLE_2020.12.07+WN3.1
11674,11894,nobility,-12.3181,1,1,0,0,N,0,0,,,,,0,0,F20K,SCOWL60_STABLE_2020.12.07+WN3.1
11675,11895,northwestern,-12.3181,1,1,0,0,ADJ,0,0,,,,,0,0,F20K,SCOWL60_STABLE_2020.12.07+WN3.1
11676,11896,notch,-12.3181,1,1,0,0,N|V,0,0,,,,,0,0,F20K,SCOWL60_STABLE_2020.12.07+WN3.1
11677,11897,nottingham,-12.3181,0,0,0,0,,0,0,,,,,0,0,F20K,SCOWL60_STABLE_2020.12.07+WN3.1
11678,11898,nz,-12.3181,0,0,0,0,,0,0,,,,,0,0,F20K,SCOWL60_STABLE_2020.12.07+WN3.1
11679,11900,obese,-12.3181,1,1,0,0,ADJ,0,0,,,,,0,0,F20K,SCOWL60_STABLE_2020.12.07+WN3.1
11680,11901,oneself,-12.3181,1,1,0,0,,0,0,,,,,0,0,F20K,SCOWL60_STABLE_2020.12.07+WN3.1
11681,11902,outlines,-12.3181,1,0,1,0,,1,0,,outline,,,1,0,F20K,SCOWL60_STABLE_2020.12.07+WN3.1
11682,11903,packers,-12.3181,1,0,1,0,,0,0,,,,,0,0,F20K,SCOWL60_STABLE_2020.12.07+WN3.1
11683,11904,paired,-12.3181,1,1,1,0,ADJ,1,0,aired,,,,1,0,F20K,SCOWL60_STABLE_2020.12.07+WN3.1
11684,11905,pcs,-12.3181,0,0,0,0,,0,0,,,,,0,0,F20K,SCOWL60_STABLE_2020.12.07+WN3.1
11685,11906,pe,-12.3181,0,0,0,0,N,0,0,,,,,0,0,F20K,SCOWL60_STABLE_2020.12.07+WN3.1
11686,11907,pedal,-12.3181,1,1,0,0,N|V|ADJ,0,0,,,,,0,0,F20K,SCOWL60_STABLE_2020.12.07+WN3.1
11687,11908,pentagon,-12.3181,1,1,0,0,N,0,0,,,,,0,0,F20K,SCOWL60_STABLE_2020.12.07+WN3.1
11688,11909,podium,-12.3181,1,1,0,0,N,0,0,,,,,0,0,F20K,SCOWL60_STABLE_2020.12.07+WN3.1
11689,11910,pointer,-12.3181,1,1,1,0,N,1,1,,,,pointers,0,1,F20K,SCOWL60_STABLE_2020.12.07+WN3.1
11690,11911,poop,-12.3181,1,1,0,0,N,1,0,,poo,,,1,0,F20K,SCOWL60_STABLE_2020.12.07+WN3.1
11691,11912,porsche,-12.3181,0,0,0,0,,0,0,,,,,0,0,F20K,SCOWL60_STABLE_2020.12.07+WN3.1
11692,11913,preacher,-12.3181,1,1,1,0,N,0,0,,,,,0,0,F20K,SCOWL60_STABLE_2020.12.07+WN3.1
11693,11914,progressed,-12.3181,1,0,1,0,,0,0,,,,,0,0,F20K,SCOWL60_STABLE_2020.12.07+WN3.1
11694,11915,prose,-12.3181,1,1,0,0,N,1,0,rose,pros,,,2,0,F20K,SCOWL60_STABLE_2020.12.07+WN3.1
11695,11916,provoked,-12.3181,1,1,1,0,ADJ,1,0,,provoke,,,1,0,F20K,SCOWL60_STABLE_2020.12.07+WN3.1
11696,11917,puck,-12.3181,1,1,0,0,N,0,0,,,,,0,0,F20K,SCOWL60_STABLE_2020.12.07+WN3.1
11697,11918,query,-12.3181,1,1,0,0,N|V,0,0,,,,,0,0,F20K,SCOWL60_STABLE_2020.12.07+WN3.1
11698,11919,raging,-12.3181,1,1,1,0,ADJ,1,0,aging,,,,1,0,F20K,SCOWL60_STABLE_2020.12.07+WN3.1
11699,11920,ramsey,-12.3181,0,0,0,0,,0,0,,,,,0,0,F20K,SCOWL60_STABLE_2020.12.07+WN3.1
11700,11921,rationale,-12.3181,1,1,0,0,N,1,0,,rational,,,1,0,F20K,SCOWL60_STABLE_2020.12.07+WN3.1
11701,11922,ratios,-12.3181,1,0,1,0,,1,0,,ratio,,,1,0,F20K,SCOWL60_STABLE_2020.12.07+WN3.1
11702,11923,regulating,-12.3181,1,0,1,0,N,0,0,,,,,0,0,F20K,SCOWL60_STABLE_2020.12.07+WN3.1
11703,11924,repay,-12.3181,1,0,1,0,V,0,0,,,,,0,0,F20K,SCOWL60_STABLE_2020.12.07+WN3.1
11704,11925,rodney,-12.3181,0,0,0,0,,0,0,,,,,0,0,F20K,SCOWL60_STABLE_2020.12.07+WN3.1
11705,11926,rubbing,-12.3181,1,1,0,0,N,0,0,,,,,0,0,F20K,SCOWL60_STABLE_2020.12.07+WN3.1
11706,11927,rupert,-12.3181,0,0,0,0,N,0,0,,,,,0,0,F20K,SCOWL60_STABLE_2020.12.07+WN3.1
11707,11928,ruthless,-12.3181,1,1,0,0,ADJ,0,0,,,,,0,0,F20K,SCOWL60_STABLE_2020.12.07+WN3.1
11708,11929,sarcastic,-12.3181,1,1,0,0,ADJ,0,0,,,,,0,0,F20K,SCOWL60_STABLE_2020.12.07+WN3.1
11709,11930,scrub,-12.3181,1,1,0,0,N|V|ADJ,0,0,,,,,0,0,F20K,SCOWL60_STABLE_2020.12.07+WN3.1
11710,11931,shaken,-12.3181,1,1,0,0,ADJ,1,0,,shake,,,1,0,F20K,SCOWL60_STABLE_2020.12.07+WN3.1
11711,11932,shutting,-12.3181,1,1,0,0,N,0,0,,,,,0,0,F20K,SCOWL60_STABLE_2020.12.07+WN3.1
11712,11933,smokers,-12.3181,1,0,1,0,,1,0,,smoker,,,1,0,F20K,SCOWL60_STABLE_2020.12.07+WN3.1
11713,11934,societal,-12.3181,1,1,0,0,ADJ,0,0,,,,,0,0,F20K,SCOWL60_STABLE_2020.12.07+WN3.1
11714,11935,sonny,-12.3181,1,1,0,0,N,0,0,,,,,0,0,F20K,SCOWL60_STABLE_2020.12.07+WN3.1
11715,11936,soy,-12.3181,1,1,0,0,N,1,0,,so,,,1,0,F20K,SCOWL60_STABLE_2020.12.07+WN3.1
11716,11937,speeding,-12.3181,1,1,1,0,N,0,0,,,,,0,0,F20K,SCOWL60_STABLE_2020.12.07+WN3.1
11717,11938,stevie,-12.3181,0,0,0,0,,0,0,,,,,0,0,F20K,SCOWL60_STABLE_2020.12.07+WN3.1
11718,11939,strangely,-12.3181,1,0,1,0,ADV,0,0,,,,,0,0,F20K,SCOWL60_STABLE_2020.12.07+WN3.1
11719,11940,stylish,-12.3181,1,1,0,0,ADJ,0,0,,,,,0,0,F20K,SCOWL60_STABLE_2020.12.07+WN3.1
11720,11941,subsidy,-12.3181,1,1,0,0,N,0,0,,,,,0,0,F20K,SCOWL60_STABLE_2020.12.07+WN3.1
11721,11942,swelling,-12.3181,1,1,1,0,N,0,0,,,,,0,0,F20K,SCOWL60_STABLE_2020.12.07+WN3.1
11722,11943,takeover,-12.3181,1,1,0,0,N,0,0,,,,,0,0,F20K,SCOWL60_STABLE_2020.12.07+WN3.1
11723,11944,tapping,-12.3181,1,1,0,0,N,0,0,,,,,0,0,F20K,SCOWL60_STABLE_2020.12.07+WN3.1
11724,11945,temporal,-12.3181,1,1,0,0,N|ADJ,0,0,,,,,0,0,F20K,SCOWL60_STABLE_2020.12.07+WN3.1
11725,11946,theo,-12.3181,0,0,0,0,,0,0,,,,,0,0,F20K,SCOWL60_STABLE_2020.12.07+WN3.1
11726,11947,thor,-12.3181,0,0,0,0,N,0,0,,,,,0,0,F20K,SCOWL60_STABLE_2020.12.07+WN3.1
11727,11948,thumbs,-12.3181,1,0,1,0,,1,0,,thumb,,,1,0,F20K,SCOWL60_STABLE_2020.12.07+WN3.1
11728,11949,tipped,-12.3181,1,1,0,0,ADJ,0,0,,,,,0,0,F20K,SCOWL60_STABLE_2020.12.07+WN3.1
11729,11950,toby,-12.3181,0,0,0,0,N,0,0,,,,,0,0,F20K,SCOWL60_STABLE_2020.12.07+WN3.1
11730,11951,towels,-12.3181,1,0,1,0,,1,0,,towel,,,1,0,F20K,SCOWL60_STABLE_2020.12.07+WN3.1
11731,11952,trustee,-12.3181,1,1,0,0,N,1,1,,,,trustees,0,1,F20K,SCOWL60_STABLE_2020.12.07+WN3.1
11732,11953,turbine,-12.3181,1,1,0,0,N,1,1,,,,turbines,0,1,F20K,SCOWL60_STABLE_2020.12.07+WN3.1
11733,11954,tutor,-12.3181,1,1,0,0,N|V,0,0,,,,,0,0,F20K,SCOWL60_STABLE_2020.12.07+WN3.1
11734,11955,unanimous,-12.3181,1,1,0,0,ADJ,0,0,,,,,0,0,F20K,SCOWL60_STABLE_2020.12.07+WN3.1
11735,11956,unlawful,-12.3181,1,0,1,0,ADJ,0,0,,,,,0,0,F20K,SCOWL60_STABLE_2020.12.07+WN3.1
11736,11957,unlucky,-12.3181,1,1,1,0,ADJ,0,0,,,,,0,0,F20K,SCOWL60_STABLE_2020.12.07+WN3.1
11737,11958,unpaid,-12.3181,1,0,1,0,ADJ,0,0,,,,,0,0,F20K,SCOWL60_STABLE_2020.12.07+WN3.1
11738,11959,unsafe,-12.3181,1,1,0,0,ADJ,0,0,,,,,0,0,F20K,SCOWL60_STABLE_2020.12.07+WN3.1
11739,11960,upgrading,-12.3181,1,0,1,0,,0,0,,,,,0,0,F20K,SCOWL60_STABLE_2020.12.07+WN3.1
11740,11961,upheld,-12.3181,1,1,0,0,,0,0,,,,,0,0,F20K,SCOWL60_STABLE_2020.12.07+WN3.1
11741,11962,uv,-12.3181,0,0,0,0,N,0,0,,,,,0,0,F20K,SCOWL60_STABLE_2020.12.07+WN3.1
11742,11963,valentine,-12.3181,1,1,0,0,N,0,0,,,,,0,0,F20K,SCOWL60_STABLE_2020.12.07+WN3.1
11743,11964,vibrant,-12.3181,1,1,0,0,ADJ,0,0,,,,,0,0,F20K,SCOWL60_STABLE_2020.12.07+WN3.1
11744,11965,vomiting,-12.3181,1,0,1,0,N,0,0,,,,,0,0,F20K,SCOWL60_STABLE_2020.12.07+WN3.1
11745,11966,wakes,-12.3181,1,0,1,0,,1,0,,wake,,,1,0,F20K,SCOWL60_STABLE_2020.12.07+WN3.1
11746,11967,wander,-12.3181,1,1,0,0,V,0,0,,,,,0,0,F20K,SCOWL60_STABLE_2020.12.07+WN3.1
11747,11968,warns,-12.3181,1,0,1,0,,1,0,,warn,,,1,0,F20K,SCOWL60_STABLE_2020.12.07+WN3.1
11748,11969,warrants,-12.3181,1,0,1,0,,1,0,,warrant,,,1,0,F20K,SCOWL60_STABLE_2020.12.07+WN3.1
11749,11970,whitney,-12.3181,0,0,0,0,N,0,0,,,,,0,0,F20K,SCOWL60_STABLE_2020.12.07+WN3.1
11750,11971,willis,-12.3181,0,0,0,0,N,0,0,,,,,0,0,F20K,SCOWL60_STABLE_2020.12.07+WN3.1
11751,11972,willy,-12.3181,1,1,0,0,,1,0,,will,,,1,0,F20K,SCOWL60_STABLE_2020.12.07+WN3.1
11752,11973,withstand,-12.3181,1,1,0,0,V,0,0,,,,,0,0,F20K,SCOWL60_STABLE_2020.12.07+WN3.1
11753,11974,wong,-12.3181,0,0,0,0,,0,0,,,,,0,0,F20K,SCOWL60_STABLE_2020.12.07+WN3.1
11754,11975,wording,-12.3181,1,1,1,0,N,0,0,,,,,0,0,F20K,SCOWL60_STABLE_2020.12.07+WN3.1
11755,11976,zoe,-12.3181,0,0,0,0,,0,0,,,,,0,0,F20K,SCOWL60_STABLE_2020.12.07+WN3.1
11756,11978,aaa,-12.3407,0,0,0,0,N,0,0,,,,,0,0,F20K,SCOWL60_STABLE_2020.12.07+WN3.1
11757,11979,acc,-12.3407,0,0,0,0,N,0,0,,,,,0,0,F20K,SCOWL60_STABLE_2020.12.07+WN3.1
11758,11980,accustomed,-12.3407,1,1,1,0,ADJ,0,0,,,,,0,0,F20K,SCOWL60_STABLE_2020.12.07+WN3.1
11759,11981,admin,-12.3407,1,1,0,0,,0,0,,,,,0,0,F20K,SCOWL60_STABLE_2020.12.07+WN3.1
11760,11982,alliances,-12.3407,1,0,1,0,,1,0,,alliance,,,1,0,F20K,SCOWL60_STABLE_2020.12.07+WN3.1
11761,11983,amounted,-12.3407,1,0,1,0,,1,0,mounted,,,,1,0,F20K,SCOWL60_STABLE_2020.12.07+WN3.1
11762,11984,analytics,-12.3407,1,0,1,0,,1,0,,analytic,,,1,0,F20K,SCOWL60_STABLE_2020.12.07+WN3.1
11763,11985,anthropology,-12.3407,1,1,0,0,N,0,0,,,,,0,0,F20K,SCOWL60_STABLE_2020.12.07+WN3.1
11764,11986,argentine,-12.3407,0,0,0,0,N|ADJ,0,0,,,,,0,0,F20K,SCOWL60_STABLE_2020.12.07+WN3.1
11765,11987,averaging,-12.3407,1,0,1,0,,0,0,,,,,0,0,F20K,SCOWL60_STABLE_2020.12.07+WN3.1
11766,11988,bakery,-12.3407,1,1,0,0,N,1,0,,baker,,,1,0,F20K,SCOWL60_STABLE_2020.12.07+WN3.1
11767,11989,balances,-12.3407,1,0,1,0,,1,0,,balance,,,1,0,F20K,SCOWL60_STABLE_2020.12.07+WN3.1
11768,11990,bans,-12.3407,1,0,1,0,,1,0,ans,ban,,,2,0,F20K,SCOWL60_STABLE_2020.12.07+WN3.1
11769,11991,bastards,-12.3407,1,0,1,0,,1,0,,bastard,,,1,0,F20K,SCOWL60_STABLE_2020.12.07+WN3.1
11770,11992,beforehand,-12.3407,1,1,0,0,ADJ|ADV,0,0,,,,,0,0,F20K,SCOWL60_STABLE_2020.12.07+WN3.1
11771,11993,benchmark,-12.3407,1,1,0,0,N,1,1,,,,benchmarks,0,1,F20K,SCOWL60_STABLE_2020.12.07+WN3.1
11772,11994,betrayal,-12.3407,1,1,0,0,N,0,0,,,,,0,0,F20K,SCOWL60_STABLE_2020.12.07+WN3.1
11773,11995,beverage,-12.3407,1,1,0,0,N,1,1,,,,beverages,0,1,F20K,SCOWL60_STABLE_2020.12.07+WN3.1
11774,11996,blockade,-12.3407,1,1,0,0,N|V,0,0,,,,,0,0,F20K,SCOWL60_STABLE_2020.12.07+WN3.1
11775,11997,bolivia,-12.3407,0,0,0,0,N,0,0,,,,,0,0,F20K,SCOWL60_STABLE_2020.12.07+WN3.1
11776,11998,broadcasters,-12.3407,1,0,1,0,,1,0,,broadcaster,,,1,0,F20K,SCOWL60_STABLE_2020.12.07+WN3.1
11777,11999,burgers,-12.3407,1,0,1,0,,1,0,,burger,,,1,0,F20K,SCOWL60_STABLE_2020.12.07+WN3.1
11778,12000,businessmen,-12.3407,1,1,0,0,N,0,0,,,,,0,0,F20K,SCOWL60_STABLE_2020.12.07+WN3.1
11779,12001,caffeine,-12.3407,1,1,0,0,N,0,0,,,,,0,0,F20K,SCOWL60_STABLE_2020.12.07+WN3.1
11780,12002,capped,-12.3407,1,1,0,0,ADJ,0,0,,,,,0,0,F20K,SCOWL60_STABLE_2020.12.07+WN3.1
11781,12003,captivity,-12.3407,1,1,0,0,N,0,0,,,,,0,0,F20K,SCOWL60_STABLE_2020.12.07+WN3.1
11782,12004,cbc,-12.3407,0,0,0,0,N,0,0,,,,,0,0,F20K,SCOWL60_STABLE_2020.12.07+WN3.1
11783,12005,chalk,-12.3407,1,1,0,0,N|V,0,0,,,,,0,0,F20K,SCOWL60_STABLE_2020.12.07+WN3.1
11784,12006,charleston,-12.3407,0,0,0,0,N|V,0,0,,,,,0,0,F20K,SCOWL60_STABLE_2020.12.07+WN3.1
11785,12007,christie,-12.3407,0,0,0,0,N,0,0,,,,,0,0,F20K,SCOWL60_STABLE_2020.12.07+WN3.1
11786,12008,cigar,-12.3407,1,1,0,0,N,1,1,,,,cigars,0,1,F20K,SCOWL60_STABLE_2020.12.07+WN3.1
11787,12009,classrooms,-12.3407,1,0,1,0,,1,0,,classroom,,,1,0,F20K,SCOWL60_STABLE_2020.12.07+WN3.1
11788,12010,coating,-12.3407,1,1,1,0,N,0,0,,,,,0,0,F20K,SCOWL60_STABLE_2020.12.07+WN3.1
11789,12011,cocoa,-12.3407,1,1,0,0,N,1,0,,coco,,,1,0,F20K,SCOWL60_STABLE_2020.12.07+WN3.1
11790,12012,colombian,-12.3407,0,0,0,0,N|ADJ,0,0,,,,,0,0,F20K,SCOWL60_STABLE_2020.12.07+WN3.1
11791,12013,compartment,-12.3407,1,1,0,0,N,1,1,,,,compartments,0,1,F20K,SCOWL60_STABLE_2020.12.07+WN3.1
11792,12014,compliments,-12.3407,1,0,1,0,N,1,0,,compliment,,,1,0,F20K,SCOWL60_STABLE_2020.12.07+WN3.1
11793,12015,compositions,-12.3407,1,0,1,0,,1,0,,composition,,,1,0,F20K,SCOWL60_STABLE_2020.12.07+WN3.1
11794,12016,comprehend,-12.3407,1,1,0,0,V,0,0,,,,,0,0,F20K,SCOWL60_STABLE_2020.12.07+WN3.1
11795,12017,conrad,-12.3407,0,0,0,0,N,0,0,,,,,0,0,F20K,SCOWL60_STABLE_2020.12.07+WN3.1
11796,12018,contexts,-12.3407,1,0,1,0,,1,0,,context,,,1,0,F20K,SCOWL60_STABLE_2020.12.07+WN3.1
11797,12019,courtney,-12.3407,0,0,0,0,,0,0,,,,,0,0,F20K,SCOWL60_STABLE_2020.12.07+WN3.1
11798,12020,crest,-12.3407,1,1,0,0,N|V,1,0,rest,,,,1,0,F20K,SCOWL60_STABLE_2020.12.07+WN3.1
11799,12021,criticisms,-12.3407,1,0,1,0,,1,0,,criticism,,,1,0,F20K,SCOWL60_STABLE_2020.12.07+WN3.1
11800,12022,debated,-12.3407,1,0,1,0,,1,0,,debate,,,1,0,F20K,SCOWL60_STABLE_2020.12.07+WN3.1
11801,12023,deception,-12.3407,1,1,0,0,N,0,0,,,,,0,0,F20K,SCOWL60_STABLE_2020.12.07+WN3.1
11802,12024,deduction,-12.3407,1,1,0,0,N,1,1,,,,deductions,0,1,F20K,SCOWL60_STABLE_2020.12.07+WN3.1
11803,12025,della,-12.3407,0,0,0,0,,0,0,,,,,0,0,F20K,SCOWL60_STABLE_2020.12.07+WN3.1
11804,12026,denounced,-12.3407,1,0,1,0,,1,0,,denounce,,,1,0,F20K,SCOWL60_STABLE_2020.12.07+WN3.1
11805,12027,dev,-12.3407,0,0,0,0,,0,0,,,,,0,0,F20K,SCOWL60_STABLE_2020.12.07+WN3.1
11806,12028,diets,-12.3407,1,0,1,0,,1,0,,diet,,,1,0,F20K,SCOWL60_STABLE_2020.12.07+WN3.1
11807,12029,donkey,-12.3407,1,1,0,0,N,0,0,,,,,0,0,F20K,SCOWL60_STABLE_2020.12.07+WN3.1
11808,12030,drastic,-12.3407,1,1,0,0,ADJ,0,0,,,,,0,0,F20K,SCOWL60_STABLE_2020.12.07+WN3.1
11809,12031,drummer,-12.3407,1,1,0,0,N,0,0,,,,,0,0,F20K,SCOWL60_STABLE_2020.12.07+WN3.1
11810,12032,duel,-12.3407,1,1,0,0,N|V,1,0,,due,,,1,0,F20K,SCOWL60_STABLE_2020.12.07+WN3.1
11811,12033,egyptians,-12.3407,0,0,0,0,,0,0,,,,,0,0,F20K,SCOWL60_STABLE_2020.12.07+WN3.1
11812,12034,empirical,-12.3407,1,1,0,0,ADJ,0,0,,,,,0,0,F20K,SCOWL60_STABLE_2020.12.07+WN3.1
11813,12035,enlightenment,-12.3407,1,1,1,0,N,0,0,,,,,0,0,F20K,SCOWL60_STABLE_2020.12.07+WN3.1
11814,12036,ensured,-12.3407,1,0,1,0,,1,0,,ensure,,,1,0,F20K,SCOWL60_STABLE_2020.12.07+WN3.1
11815,12037,erik,-12.3407,0,0,0,0,,0,0,,,,,0,0,F20K,SCOWL60_STABLE_2020.12.07+WN3.1
11816,12038,europa,-12.3407,0,0,0,0,N,0,0,,,,,0,0,F20K,SCOWL60_STABLE_2020.12.07+WN3.1
11817,12039,expo,-12.3407,1,1,0,0,N,1,0,,exp,,,1,0,F20K,SCOWL60_STABLE_2020.12.07+WN3.1
11818,12040,fined,-12.3407,1,0,1,0,,1,0,,fine,,,1,0,F20K,SCOWL60_STABLE_2020.12.07+WN3.1
11819,12041,forbid,-12.3407,1,1,0,0,V,0,0,,,,,0,0,F20K,SCOWL60_STABLE_2020.12.07+WN3.1
11820,12042,formulation,-12.3407,1,1,1,0,N,0,0,,,,,0,0,F20K,SCOWL60_STABLE_2020.12.07+WN3.1
11821,12043,fraternity,-12.3407,1,1,0,0,N,0,0,,,,,0,0,F20K,SCOWL60_STABLE_2020.12.07+WN3.1
11822,12044,fulfil,-12.3407,0,0,0,0,V,0,0,,,,,0,0,F20K,SCOWL60_STABLE_2020.12.07+WN3.1
11823,12045,gamma,-12.3407,1,1,0,0,N,0,0,,,,,0,0,F20K,SCOWL60_STABLE_2020.12.07+WN3.1
11824,12046,gaze,-12.3407,1,1,0,0,N|V,0,0,,,,,0,0,F20K,SCOWL60_STABLE_2020.12.07+WN3.1
11825,12047,gee,-12.3407,1,1,0,0,N|V,1,1,,,,geek,0,1,F20K,SCOWL60_STABLE_2020.12.07+WN3.1
11826,12048,generosity,-12.3407,1,1,0,0,N,0,0,,,,,0,0,F20K,SCOWL60_STABLE_2020.12.07+WN3.1
11827,12049,gibbs,-12.3407,0,0,0,0,N,0,0,,,,,0,0,F20K,SCOWL60_STABLE_2020.12.07+WN3.1
11828,12050,gin,-12.3407,1,1,0,0,N|V,1,0,in,,,,1,0,F20K,SCOWL60_STABLE_2020.12.07+WN3.1
11829,12051,glowing,-12.3407,1,1,1,0,N|ADJ,0,0,,,,,0,0,F20K,SCOWL60_STABLE_2020.12.07+WN3.1
11830,12052,gran,-12.3407,1,1,0,0,N,1,1,ran,,,grand;grant,1,2,F20K,SCOWL60_STABLE_2020.12.07+WN3.1
11831,12053,hah,-12.3407,0,0,0,0,,0,0,,,,,0,0,F20K,SCOWL60_STABLE_2020.12.07+WN3.1
11832,12054,harvested,-12.3407,1,1,1,0,,0,0,,,,,0,0,F20K,SCOWL60_STABLE_2020.12.07+WN3.1
11833,12055,hereby,-12.3407,1,1,0,0,ADV,1,1,,,thereby;whereby,,0,2,F20K,SCOWL60_STABLE_2020.12.07+WN3.1
11834,12056,hmmm,-12.3407,0,0,0,0,,0,0,,,,,0,0,F20K,SCOWL60_STABLE_2020.12.07+WN3.1
11835,12057,homage,-12.3407,1,1,0,0,N,0,0,,,,,0,0,F20K,SCOWL60_STABLE_2020.12.07+WN3.1
11836,12058,hypothetical,-12.3407,1,1,0,0,N|ADJ,0,0,,,,,0,0,F20K,SCOWL60_STABLE_2020.12.07+WN3.1
11837,12059,inaccurate,-12.3407,1,0,1,0,ADJ,0,0,,,,,0,0,F20K,SCOWL60_STABLE_2020.12.07+WN3.1
11838,12060,inaugural,-12.3407,1,1,0,0,N|ADJ,0,0,,,,,0,0,F20K,SCOWL60_STABLE_2020.12.07+WN3.1
11839,12061,indefinitely,-12.3407,1,0,1,0,ADV,0,0,,,,,0,0,F20K,SCOWL60_STABLE_2020.12.07+WN3.1
11840,12062,induction,-12.3407,1,1,0,0,N,0,0,,,,,0,0,F20K,SCOWL60_STABLE_2020.12.07+WN3.1
11841,12063,infrared,-12.3407,1,1,0,0,N|ADJ,0,0,,,,,0,0,F20K,SCOWL60_STABLE_2020.12.07+WN3.1
11842,12064,instincts,-12.3407,1,0,1,0,,1,0,,instinct,,,1,0,F20K,SCOWL60_STABLE_2020.12.07+WN3.1
11843,12065,invade,-12.3407,1,1,0,0,V,1,1,,,,invaded,0,1,F20K,SCOWL60_STABLE_2020.12.07+WN3.1
11844,12066,irresponsible,-12.3407,1,1,0,0,ADJ,0,0,,,,,0,0,F20K,SCOWL60_STABLE_2020.12.07+WN3.1
11845,12067,jewels,-12.3407,1,0,1,0,,1,0,,jewel,,,1,0,F20K,SCOWL60_STABLE_2020.12.07+WN3.1
11846,12068,kin,-12.3407,1,1,0,0,N|ADJ,1,1,in,,skin;akin,kind;king,1,4,F20K,SCOWL60_STABLE_2020.12.07+WN3.1
11847,12069,ln,-12.3407,0,0,0,0,,0,0,,,,,0,0,F20K,SCOWL60_STABLE_2020.12.07+WN3.1
11848,12070,marcel,-12.3407,0,0,0,0,N|V,0,0,,,,,0,0,F20K,SCOWL60_STABLE_2020.12.07+WN3.1
11849,12071,marxist,-12.3407,0,0,0,0,N|ADJ,0,0,,,,,0,0,F20K,SCOWL60_STABLE_2020.12.07+WN3.1
11850,12072,maximize,-12.3407,1,1,0,0,V,0,0,,,,,0,0,F20K,SCOWL60_STABLE_2020.12.07+WN3.1
11851,12073,meyer,-12.3407,0,0,0,0,,0,0,,,,,0,0,F20K,SCOWL60_STABLE_2020.12.07+WN3.1
11852,12074,midway,-12.3407,1,1,0,0,N|ADJ|ADV,0,0,,,,,0,0,F20K,SCOWL60_STABLE_2020.12.07+WN3.1
11853,12075,milestone,-12.3407,1,1,0,0,N,1,1,,,,milestones,0,1,F20K,SCOWL60_STABLE_2020.12.07+WN3.1
11854,12076,mindset,-12.3407,1,1,0,0,N,0,0,,,,,0,0,F20K,SCOWL60_STABLE_2020.12.07+WN3.1
11855,12077,murdering,-12.3407,1,0,1,0,,0,0,,,,,0,0,F20K,SCOWL60_STABLE_2020.12.07+WN3.1
11856,12078,mutation,-12.3407,1,1,1,0,N,1,1,,,,mutations,0,1,F20K,SCOWL60_STABLE_2020.12.07+WN3.1
11857,12079,nam,-12.3407,0,0,0,0,,0,0,,,,,0,0,F20K,SCOWL60_STABLE_2020.12.07+WN3.1
11858,12080,narrowly,-12.3407,1,0,1,0,ADV,0,0,,,,,0,0,F20K,SCOWL60_STABLE_2020.12.07+WN3.1
11859,12081,newport,-12.3407,0,0,0,0,N,0,0,,,,,0,0,F20K,SCOWL60_STABLE_2020.12.07+WN3.1
11860,12082,optimism,-12.3407,1,1,0,0,N,0,0,,,,,0,0,F20K,SCOWL60_STABLE_2020.12.07+WN3.1
11861,12083,pads,-12.3407,1,0,1,0,,1,0,ads,pad,,,2,0,F20K,SCOWL60_STABLE_2020.12.07+WN3.1
11862,12084,paradox,-12.3407,1,1,0,0,N,0,0,,,,,0,0,F20K,SCOWL60_STABLE_2020.12.07+WN3.1
11863,12085,persona,-12.3407,1,1,0,0,N,1,1,,person,,personal,1,1,F20K,SCOWL60_STABLE_2020.12.07+WN3.1
11864,12086,peters,-12.3407,1,0,1,0,,1,0,,peter,,,1,0,F20K,SCOWL60_STABLE_2020.12.07+WN3.1
11865,12087,philippine,-12.3407,0,0,0,0,N|ADJ,0,0,,,,,0,0,F20K,SCOWL60_STABLE_2020.12.07+WN3.1
11866,12088,piper,-12.3407,1,1,1,0,N,1,0,,pipe,,,1,0,F20K,SCOWL60_STABLE_2020.12.07+WN3.1
11867,12089,popcorn,-12.3407,1,1,0,0,N,0,0,,,,,0,0,F20K,SCOWL60_STABLE_2020.12.07+WN3.1
11868,12090,portrayal,-12.3407,1,1,0,0,N,0,0,,,,,0,0,F20K,SCOWL60_STABLE_2020.12.07+WN3.1
11869,12091,possesses,-12.3407,1,0,1,0,,0,0,,,,,0,0,F20K,SCOWL60_STABLE_2020.12.07+WN3.1
11870,12092,predator,-12.3407,1,1,0,0,N,1,1,,,,predators;predatory,0,2,F20K,SCOWL60_STABLE_2020.12.07+WN3.1
11871,12093,procession,-12.3407,1,1,1,0,N,0,0,,,,,0,0,F20K,SCOWL60_STABLE_2020.12.07+WN3.1
11872,12094,proliferation,-12.3407,1,1,1,0,N,0,0,,,,,0,0,F20K,SCOWL60_STABLE_2020.12.07+WN3.1
11873,12095,pronounce,-12.3407,1,1,0,0,V,1,1,,,,pronounced,0,1,F20K,SCOWL60_STABLE_2020.12.07+WN3.1
11874,12096,python,-12.3407,1,1,0,0,N,0,0,,,,,0,0,F20K,SCOWL60_STABLE_2020.12.07+WN3.1
11875,12097,reacted,-12.3407,1,0,1,0,,0,0,,,,,0,0,F20K,SCOWL60_STABLE_2020.12.07+WN3.1
11876,12098,rebuilt,-12.3407,1,0,1,0,,0,0,,,,,0,0,F20K,SCOWL60_STABLE_2020.12.07+WN3.1
11877,12099,regulators,-12.3407,1,0,1,0,,1,0,,regulator,,,1,0,F20K,SCOWL60_STABLE_2020.12.07+WN3.1
11878,12100,repeal,-12.3407,1,0,1,0,N|V,0,0,,,,,0,0,F20K,SCOWL60_STABLE_2020.12.07+WN3.1
11879,12101,replaces,-12.3407,1,0,1,0,,1,0,,replace,,,1,0,F20K,SCOWL60_STABLE_2020.12.07+WN3.1
11880,12102,repression,-12.3407,1,1,0,0,N,0,0,,,,,0,0,F20K,SCOWL60_STABLE_2020.12.07+WN3.1
11881,12103,residency,-12.3407,1,1,0,0,N,1,1,,,presidency,,0,1,F20K,SCOWL60_STABLE_2020.12.07+WN3.1
11882,12104,residue,-12.3407,1,1,0,0,N,1,1,,,,residues,0,1,F20K,SCOWL60_STABLE_2020.12.07+WN3.1
11883,12105,resisted,-12.3407,1,0,1,0,,0,0,,,,,0,0,F20K,SCOWL60_STABLE_2020.12.07+WN3.1
11884,12106,rocking,-12.3407,1,0,1,0,,0,0,,,,,0,0,F20K,SCOWL60_STABLE_2020.12.07+WN3.1
11885,12107,rumours,-12.3407,0,0,0,0,,0,0,,,,,0,0,F20K,SCOWL60_STABLE_2020.12.07+WN3.1
11886,12108,sap,-12.3407,1,1,0,0,N|V,1,1,,,asap,,0,1,F20K,SCOWL60_STABLE_2020.12.07+WN3.1
11887,12109,saturated,-12.3407,1,1,1,0,ADJ,0,0,,,,,0,0,F20K,SCOWL60_STABLE_2020.12.07+WN3.1
11888,12110,saxon,-12.3407,0,0,0,0,N|ADJ,0,0,,,,,0,0,F20K,SCOWL60_STABLE_2020.12.07+WN3.1
11889,12111,scares,-12.3407,1,0,1,0,,1,0,cares,scare,,,2,0,F20K,SCOWL60_STABLE_2020.12.07+WN3.1
11890,12112,scarf,-12.3407,1,1,0,0,N|V,1,0,,scar,,,1,0,F20K,SCOWL60_STABLE_2020.12.07+WN3.1
11891,12113,selfie,-12.3407,1,1,0,0,,1,1,,,,selfies,0,1,F20K,SCOWL60_STABLE_2020.12.07+WN3.1
11892,12114,shakes,-12.3407,1,0,1,0,,1,0,,shake,,,1,0,F20K,SCOWL60_STABLE_2020.12.07+WN3.1
11893,12115,sip,-12.3407,1,1,0,0,N|V,0,0,,,,,0,0,F20K,SCOWL60_STABLE_2020.12.07+WN3.1
11894,12116,slices,-12.3407,1,0,1,0,,1,0,,slice,,,1,0,F20K,SCOWL60_STABLE_2020.12.07+WN3.1
11895,12117,smashing,-12.3407,1,0,1,0,N|ADJ,0,0,,,,,0,0,F20K,SCOWL60_STABLE_2020.12.07+WN3.1
11896,12118,sophomore,-12.3407,1,1,0,0,N|ADJ,0,0,,,,,0,0,F20K,SCOWL60_STABLE_2020.12.07+WN3.1
11897,12119,spicy,-12.3407,1,1,0,0,ADJ,0,0,,,,,0,0,F20K,SCOWL60_STABLE_2020.12.07+WN3.1
11898,12120,spur,-12.3407,1,1,0,0,N|V,1,1,,,,spurs,0,1,F20K,SCOWL60_STABLE_2020.12.07+WN3.1
11899,12121,staircase,-12.3407,1,1,0,0,N,0,0,,,,,0,0,F20K,SCOWL60_STABLE_2020.12.07+WN3.1
11900,12122,starters,-12.3407,1,0,1,0,,1,0,,starter,,,1,0,F20K,SCOWL60_STABLE_2020.12.07+WN3.1
11901,12123,suarez,-12.3407,0,0,0,0,,0,0,,,,,0,0,F20K,SCOWL60_STABLE_2020.12.07+WN3.1
11902,12124,subs,-12.3407,1,0,1,0,,1,0,,sub,,,1,0,F20K,SCOWL60_STABLE_2020.12.07+WN3.1
11903,12125,supervised,-12.3407,1,1,1,0,ADJ,1,0,,supervise,,,1,0,F20K,SCOWL60_STABLE_2020.12.07+WN3.1
11904,12126,suppress,-12.3407,1,1,0,0,V,0,0,,,,,0,0,F20K,SCOWL60_STABLE_2020.12.07+WN3.1
11905,12127,sweating,-12.3407,1,0,1,0,N,0,0,,,,,0,0,F20K,SCOWL60_STABLE_2020.12.07+WN3.1
11906,12128,tailor,-12.3407,1,1,0,0,N|V,0,0,,,,,0,0,F20K,SCOWL60_STABLE_2020.12.07+WN3.1
11907,12129,tbh,-12.3407,0,0,0,0,,0,0,,,,,0,0,F20K,SCOWL60_STABLE_2020.12.07+WN3.1
11908,12130,tendencies,-12.3407,1,0,1,0,,0,0,,,,,0,0,F20K,SCOWL60_STABLE_2020.12.07+WN3.1
11909,12131,terminate,-12.3407,1,1,0,0,V,1,1,,,,terminated,0,1,F20K,SCOWL60_STABLE_2020.12.07+WN3.1
11910,12132,theodore,-12.3407,0,0,0,0,,0,0,,,,,0,0,F20K,SCOWL60_STABLE_2020.12.07+WN3.1
11911,12133,transgender,-12.3407,1,1,0,0,ADJ,0,0,,,,,0,0,F20K,SCOWL60_STABLE_2020.12.07+WN3.1
11912,12134,trench,-12.3407,1,1,0,0,N|V,0,0,,,,,0,0,F20K,SCOWL60_STABLE_2020.12.07+WN3.1
11913,12135,trillion,-12.3407,1,1,0,0,N|ADJ,0,0,,,,,0,0,F20K,SCOWL60_STABLE_2020.12.07+WN3.1
11914,12136,tying,-12.3407,1,1,0,0,N,0,0,,,,,0,0,F20K,SCOWL60_STABLE_2020.12.07+WN3.1
11915,12137,unanimously,-12.3407,1,0,1,0,ADV,0,0,,,,,0,0,F20K,SCOWL60_STABLE_2020.12.07+WN3.1
11916,12138,undergone,-12.3407,1,1,0,0,,0,0,,,,,0,0,F20K,SCOWL60_STABLE_2020.12.07+WN3.1
11917,12139,utmost,-12.3407,1,1,0,0,N|ADJ,0,0,,,,,0,0,F20K,SCOWL60_STABLE_2020.12.07+WN3.1
11918,12140,valves,-12.3407,1,0,1,0,,1,0,,valve,,,1,0,F20K,SCOWL60_STABLE_2020.12.07+WN3.1
11919,12141,ventilation,-12.3407,1,1,1,0,N,0,0,,,,,0,0,F20K,SCOWL60_STABLE_2020.12.07+WN3.1
11920,12142,versatile,-12.3407,1,1,0,0,ADJ,0,0,,,,,0,0,F20K,SCOWL60_STABLE_2020.12.07+WN3.1
11921,12143,volunteered,-12.3407,1,0,1,0,,0,0,,,,,0,0,F20K,SCOWL60_STABLE_2020.12.07+WN3.1
11922,12144,yankee,-12.3407,0,0,0,0,N|ADJ,0,0,,,,,0,0,F20K,SCOWL60_STABLE_2020.12.07+WN3.1
11923,12146,accomplishment,-12.3639,1,1,1,0,N,1,1,,,,accomplishments,0,1,F20K,SCOWL60_STABLE_2020.12.07+WN3.1
11924,12147,accusation,-12.3639,1,1,0,0,N,1,1,,,,accusations,0,1,F20K,SCOWL60_STABLE_2020.12.07+WN3.1
11925,12148,affiliation,-12.3639,1,1,1,0,N,0,0,,,,,0,0,F20K,SCOWL60_STABLE_2020.12.07+WN3.1
11926,12149,allergy,-12.3639,1,1,0,0,N,0,0,,,,,0,0,F20K,SCOWL60_STABLE_2020.12.07+WN3.1
11927,12150,ample,-12.3639,1,1,0,0,ADJ,1,1,,,sample,,0,1,F20K,SCOWL60_STABLE_2020.12.07+WN3.1
11928,12151,apprentice,-12.3639,1,1,0,0,N|V,0,0,,,,,0,0,F20K,SCOWL60_STABLE_2020.12.07+WN3.1
11929,12152,assaulted,-12.3639,1,0,1,0,,0,0,,,,,0,0,F20K,SCOWL60_STABLE_2020.12.07+WN3.1
11930,12153,augusta,-12.3639,0,0,0,0,N,0,0,,,,,0,0,F20K,SCOWL60_STABLE_2020.12.07+WN3.1
11931,12155,babylon,-12.3639,0,0,0,0,N,0,0,,,,,0,0,F20K,SCOWL60_STABLE_2020.12.07+WN3.1
11932,12156,barbecue,-12.3639,1,1,0,0,N|V,0,0,,,,,0,0,F20K,SCOWL60_STABLE_2020.12.07+WN3.1
11933,12157,baths,-12.3639,1,1,0,0,,1,0,,bath,,,1,0,F20K,SCOWL60_STABLE_2020.12.07+WN3.1
11934,12158,bengal,-12.3639,0,0,0,0,N,0,0,,,,,0,0,F20K,SCOWL60_STABLE_2020.12.07+WN3.1
11935,12159,births,-12.3639,1,1,0,0,,1,0,,birth,,,1,0,F20K,SCOWL60_STABLE_2020.12.07+WN3.1
11936,12160,bombay,-12.3639,0,0,0,0,N,0,0,,,,,0,0,F20K,SCOWL60_STABLE_2020.12.07+WN3.1
11937,12161,bothering,-12.3639,1,0,1,0,,0,0,,,,,0,0,F20K,SCOWL60_STABLE_2020.12.07+WN3.1
11938,12162,boulder,-12.3639,1,1,0,0,N,0,0,,,,,0,0,F20K,SCOWL60_STABLE_2020.12.07+WN3.1
11939,12163,bourbon,-12.3639,1,1,0,0,N,0,0,,,,,0,0,F20K,SCOWL60_STABLE_2020.12.07+WN3.1
11940,12164,cancers,-12.3639,1,0,1,0,,1,0,,cancer,,,1,0,F20K,SCOWL60_STABLE_2020.12.07+WN3.1
11941,12165,cardboard,-12.3639,1,1,0,0,N|ADJ,0,0,,,,,0,0,F20K,SCOWL60_STABLE_2020.12.07+WN3.1
11942,12166,carmen,-12.3639,0,0,0,0,,0,0,,,,,0,0,F20K,SCOWL60_STABLE_2020.12.07+WN3.1
11943,12167,carrots,-12.3639,1,0,1,0,,1,0,,carrot,,,1,0,F20K,SCOWL60_STABLE_2020.12.07+WN3.1
11944,12168,catering,-12.3639,1,0,1,0,N,0,0,,,,,0,0,F20K,SCOWL60_STABLE_2020.12.07+WN3.1
11945,12169,cb,-12.3639,0,0,0,0,,0,0,,,,,0,0,F20K,SCOWL60_STABLE_2020.12.07+WN3.1
11946,12170,cellar,-12.3639,1,1,0,0,N,0,0,,,,,0,0,F20K,SCOWL60_STABLE_2020.12.07+WN3.1
11947,12171,cellphone,-12.3639,1,1,0,0,N,0,0,,,,,0,0,F20K,SCOWL60_STABLE_2020.12.07+WN3.1
11948,12172,chant,-12.3639,1,1,0,0,N|V,1,1,,,,chants,0,1,F20K,SCOWL60_STABLE_2020.12.07+WN3.1
11949,12173,clarence,-12.3639,0,0,0,0,N,0,0,,,,,0,0,F20K,SCOWL60_STABLE_2020.12.07+WN3.1
11950,12174,clayton,-12.3639,0,0,0,0,,0,0,,,,,0,0,F20K,SCOWL60_STABLE_2020.12.07+WN3.1
11951,12175,conceptual,-12.3639,1,1,0,0,ADJ,0,0,,,,,0,0,F20K,SCOWL60_STABLE_2020.12.07+WN3.1
11952,12176,concession,-12.3639,1,0,1,0,N,1,1,,,,concessions,0,1,F20K,SCOWL60_STABLE_2020.12.07+WN3.1
11953,12177,conditioned,-12.3639,1,1,1,0,ADJ,0,0,,,,,0,0,F20K,SCOWL60_STABLE_2020.12.07+WN3.1
11954,12178,congestion,-12.3639,1,1,0,0,N,0,0,,,,,0,0,F20K,SCOWL60_STABLE_2020.12.07+WN3.1
11955,12179,convent,-12.3639,1,1,0,0,N,0,0,,,,,0,0,F20K,SCOWL60_STABLE_2020.12.07+WN3.1
11956,12180,crusade,-12.3639,1,1,0,0,N|V,0,0,,,,,0,0,F20K,SCOWL60_STABLE_2020.12.07+WN3.1
11957,12181,cynthia,-12.3639,0,0,0,0,N,0,0,,,,,0,0,F20K,SCOWL60_STABLE_2020.12.07+WN3.1
11958,12182,daniels,-12.3639,0,0,0,0,,0,0,,,,,0,0,F20K,SCOWL60_STABLE_2020.12.07+WN3.1
11959,12183,demise,-12.3639,1,1,0,0,N|V,0,0,,,,,0,0,F20K,SCOWL60_STABLE_2020.12.07+WN3.1
11960,12184,derivative,-12.3639,1,1,0,0,N|ADJ,1,1,,,,derivatives,0,1,F20K,SCOWL60_STABLE_2020.12.07+WN3.1
11961,12185,detectives,-12.3639,1,0,1,0,,1,0,,detective,,,1,0,F20K,SCOWL60_STABLE_2020.12.07+WN3.1
11962,12186,discomfort,-12.3639,1,0,1,0,N,0,0,,,,,0,0,F20K,SCOWL60_STABLE_2020.12.07+WN3.1
11963,12188,doo,-12.3639,0,0,0,0,,0,0,,,,,0,0,F20K,SCOWL60_STABLE_2020.12.07+WN3.1
11964,12189,downhill,-12.3639,1,1,0,0,N|ADJ|ADV,0,0,,,,,0,0,F20K,SCOWL60_STABLE_2020.12.07+WN3.1
11965,12190,downstream,-12.3639,1,1,0,0,ADJ|ADV,0,0,,,,,0,0,F20K,SCOWL60_STABLE_2020.12.07+WN3.1
11966,12191,drafting,-12.3639,1,1,1,0,N,0,0,,,,,0,0,F20K,SCOWL60_STABLE_2020.12.07+WN3.1
11967,12192,earnest,-12.3639,1,1,1,0,N|ADJ,0,0,,,,,0,0,F20K,SCOWL60_STABLE_2020.12.07+WN3.1
11968,12193,ee,-12.3639,0,0,0,0,N,0,0,,,,,0,0,F20K,SCOWL60_STABLE_2020.12.07+WN3.1
11969,12194,enhancing,-12.3639,1,0,1,0,,0,0,,,,,0,0,F20K,SCOWL60_STABLE_2020.12.07+WN3.1
11970,12195,enlisted,-12.3639,1,0,1,0,,0,0,,,,,0,0,F20K,SCOWL60_STABLE_2020.12.07+WN3.1
11971,12196,evenly,-12.3639,1,0,1,0,ADV,0,0,,,,,0,0,F20K,SCOWL60_STABLE_2020.12.07+WN3.1
11972,12197,everytime,-12.3639,0,0,0,0,,0,0,,,,,0,0,F20K,SCOWL60_STABLE_2020.12.07+WN3.1
11973,12198,fascinated,-12.3639,1,0,1,0,ADJ,0,0,,,,,0,0,F20K,SCOWL60_STABLE_2020.12.07+WN3.1
11974,12199,fearing,-12.3639,1,0,1,0,,0,0,,,,,0,0,F20K,SCOWL60_STABLE_2020.12.07+WN3.1
11975,12200,flashing,-12.3639,1,1,1,0,N,0,0,,,,,0,0,F20K,SCOWL60_STABLE_2020.12.07+WN3.1
11976,12201,greetings,-12.3639,1,0,1,0,,1,0,,greeting,,,1,0,F20K,SCOWL60_STABLE_2020.12.07+WN3.1
11977,12202,haircut,-12.3639,1,1,0,0,N,0,0,,,,,0,0,F20K,SCOWL60_STABLE_2020.12.07+WN3.1
11978,12203,hazards,-12.3639,1,0,1,0,,1,0,,hazard,,,1,0,F20K,SCOWL60_STABLE_2020.12.07+WN3.1
11979,12204,hercules,-12.3639,0,0,0,0,N,0,0,,,,,0,0,F20K,SCOWL60_STABLE_2020.12.07+WN3.1
11980,12205,highlands,-12.3639,1,0,1,0,N,1,0,,highland,,,1,0,F20K,SCOWL60_STABLE_2020.12.07+WN3.1
11981,12206,holt,-12.3639,0,0,0,0,,0,0,,,,,0,0,F20K,SCOWL60_STABLE_2020.12.07+WN3.1
11982,12207,impacted,-12.3639,1,0,1,0,ADJ,0,0,,,,,0,0,F20K,SCOWL60_STABLE_2020.12.07+WN3.1
11983,12208,improper,-12.3639,1,1,0,0,ADJ,0,0,,,,,0,0,F20K,SCOWL60_STABLE_2020.12.07+WN3.1
11984,12209,indictment,-12.3639,1,1,1,0,N,0,0,,,,,0,0,F20K,SCOWL60_STABLE_2020.12.07+WN3.1
11985,12210,injected,-12.3639,1,0,1,0,,0,0,,,,,0,0,F20K,SCOWL60_STABLE_2020.12.07+WN3.1
11986,12211,interrupt,-12.3639,1,1,0,0,N|V,0,0,,,,,0,0,F20K,SCOWL60_STABLE_2020.12.07+WN3.1
11987,12212,journeys,-12.3639,1,0,1,0,,1,0,,journey,,,1,0,F20K,SCOWL60_STABLE_2020.12.07+WN3.1
11988,12213,kanye,-12.3639,0,0,0,0,,0,0,,,,,0,0,F20K,SCOWL60_STABLE_2020.12.07+WN3.1
11989,12214,kitten,-12.3639,1,1,0,0,N|V,1,1,,,,kittens,0,1,F20K,SCOWL60_STABLE_2020.12.07+WN3.1
11990,12215,knit,-12.3639,1,1,0,0,N|V,0,0,,,,,0,0,F20K,SCOWL60_STABLE_2020.12.07+WN3.1
11991,12216,kung,-12.3639,0,0,0,0,,0,0,,,,,0,0,F20K,SCOWL60_STABLE_2020.12.07+WN3.1
11992,12217,laps,-12.3639,1,0,1,0,,1,1,,lap,flaps,lapse,1,2,F20K,SCOWL60_STABLE_2020.12.07+WN3.1
11993,12218,legislators,-12.3639,1,0,1,0,,0,0,,,,,0,0,F20K,SCOWL60_STABLE_2020.12.07+WN3.1
11994,12219,lester,-12.3639,0,0,0,0,,0,0,,,,,0,0,F20K,SCOWL60_STABLE_2020.12.07+WN3.1
11995,12220,linen,-12.3639,1,1,0,0,N,1,0,,line,,,1,0,F20K,SCOWL60_STABLE_2020.12.07+WN3.1
11996,12221,loneliness,-12.3639,1,1,1,0,N,0,0,,,,,0,0,F20K,SCOWL60_STABLE_2020.12.07+WN3.1
11997,12222,manipulated,-12.3639,1,0,1,0,,1,0,,manipulate,,,1,0,F20K,SCOWL60_STABLE_2020.12.07+WN3.1
11998,12223,marty,-12.3639,0,0,0,0,,0,0,,,,,0,0,F20K,SCOWL60_STABLE_2020.12.07+WN3.1
11999,12224,marvin,-12.3639,0,0,0,0,,0,0,,,,,0,0,F20K,SCOWL60_STABLE_2020.12.07+WN3.1
12000,12225,mascot,-12.3639,1,1,0,0,N,0,0,,,,,0,0,F20K,SCOWL60_STABLE_2020.12.07+WN3.1
12001,12226,medicare,-12.3639,1,1,0,0,N,0,0,,,,,0,0,F20K,SCOWL60_STABLE_2020.12.07+WN3.1
12002,12227,memoirs,-12.3639,1,0,1,0,,1,0,,memoir,,,1,0,F20K,SCOWL60_STABLE_2020.12.07+WN3.1
12003,12228,merged,-12.3639,1,0,1,0,ADJ,1,1,,merge,emerged,,1,1,F20K,SCOWL60_STABLE_2020.12.07+WN3.1
12004,12229,meth,-12.3639,1,0,1,0,N,1,0,,met,,,1,0,F20K,SCOWL60_STABLE_2020.12.07+WN3.1
12005,12231,minors,-12.3639,1,0,1,0,N,1,0,,minor,,,1,0,F20K,SCOWL60_STABLE_2020.12.07+WN3.1
12006,12232,mist,-12.3639,1,1,0,0,N|V,1,1,,,,misty,0,1,F20K,SCOWL60_STABLE_2020.12.07+WN3.1
12007,12233,molecule,-12.3639,1,1,0,0,N,1,1,,,,molecules,0,1,F20K,SCOWL60_STABLE_2020.12.07+WN3.1
12008,12234,moroccan,-12.3639,0,0,0,0,N|ADJ,0,0,,,,,0,0,F20K,SCOWL60_STABLE_2020.12.07+WN3.1
12009,12235,muscular,-12.3639,1,1,0,0,ADJ,0,0,,,,,0,0,F20K,SCOWL60_STABLE_2020.12.07+WN3.1
12010,12236,nas,-12.3639,0,0,0,0,,0,0,,,,,0,0,F20K,SCOWL60_STABLE_2020.12.07+WN3.1
12011,12237,nerd,-12.3639,1,1,0,0,N,1,1,,,,nerds,0,1,F20K,SCOWL60_STABLE_2020.12.07+WN3.1
12012,12238,nolan,-12.3639,0,0,0,0,,0,0,,,,,0,0,F20K,SCOWL60_STABLE_2020.12.07+WN3.1
12013,12239,noodles,-12.3639,1,0,1,0,,1,0,,noodle,,,1,0,F20K,SCOWL60_STABLE_2020.12.07+WN3.1
12014,12240,nucleus,-12.3639,1,1,0,0,N,0,0,,,,,0,0,F20K,SCOWL60_STABLE_2020.12.07+WN3.1
12015,12241,numerical,-12.3639,1,1,0,0,ADJ,0,0,,,,,0,0,F20K,SCOWL60_STABLE_2020.12.07+WN3.1
12016,12242,og,-12.3639,0,0,0,0,,0,0,,,,,0,0,F20K,SCOWL60_STABLE_2020.12.07+WN3.1
12017,12243,ordained,-12.3639,1,0,1,0,ADJ,0,0,,,,,0,0,F20K,SCOWL60_STABLE_2020.12.07+WN3.1
12018,12244,organizers,-12.3639,1,0,1,0,,1,0,,organizer,,,1,0,F20K,SCOWL60_STABLE_2020.12.07+WN3.1
12019,12245,outgoing,-12.3639,1,0,1,0,ADJ,0,0,,,,,0,0,F20K,SCOWL60_STABLE_2020.12.07+WN3.1
12020,12246,outskirts,-12.3639,1,0,1,0,N,0,0,,,,,0,0,F20K,SCOWL60_STABLE_2020.12.07+WN3.1
12021,12247,paddy,-12.3639,1,1,0,0,N,0,0,,,,,0,0,F20K,SCOWL60_STABLE_2020.12.07+WN3.1
12022,12248,panties,-12.3639,1,0,1,0,,0,0,,,,,0,0,F20K,SCOWL60_STABLE_2020.12.07+WN3.1
12023,12249,parcel,-12.3639,1,1,0,0,N|V,1,1,,,,parcels,0,1,F20K,SCOWL60_STABLE_2020.12.07+WN3.1
12024,12250,peripheral,-12.3639,1,1,0,0,N|ADJ,0,0,,,,,0,0,F20K,SCOWL60_STABLE_2020.12.07+WN3.1
12025,12251,pint,-12.3639,1,1,0,0,N,1,0,int,pin,,,2,0,F20K,SCOWL60_STABLE_2020.12.07+WN3.1
12026,12252,pls,-12.3639,0,0,0,0,,0,0,,,,,0,0,F20K,SCOWL60_STABLE_2020.12.07+WN3.1
12027,12253,poorest,-12.3639,1,0,1,0,,0,0,,,,,0,0,F20K,SCOWL60_STABLE_2020.12.07+WN3.1
12028,12254,possessing,-12.3639,1,0,1,0,,0,0,,,,,0,0,F20K,SCOWL60_STABLE_2020.12.07+WN3.1
12029,12255,presentations,-12.3639,1,0,1,0,,1,0,,presentation,,,1,0,F20K,SCOWL60_STABLE_2020.12.07+WN3.1
12030,12256,prevail,-12.3639,1,1,0,0,V,0,0,,,,,0,0,F20K,SCOWL60_STABLE_2020.12.07+WN3.1
12031,12257,punching,-12.3639,1,0,1,0,,0,0,,,,,0,0,F20K,SCOWL60_STABLE_2020.12.07+WN3.1
12032,12258,rectangular,-12.3639,1,1,0,0,ADJ,0,0,,,,,0,0,F20K,SCOWL60_STABLE_2020.12.07+WN3.1
12033,12259,reformed,-12.3639,1,1,1,0,ADJ,0,0,,,,,0,0,F20K,SCOWL60_STABLE_2020.12.07+WN3.1
12034,12260,reg,-12.3639,1,1,0,0,,1,0,,re,,,1,0,F20K,SCOWL60_STABLE_2020.12.07+WN3.1
12035,12261,regimes,-12.3639,1,0,1,0,,1,0,,regime,,,1,0,F20K,SCOWL60_STABLE_2020.12.07+WN3.1
12036,12262,rey,-12.3639,0,0,0,0,,0,0,,,,,0,0,F20K,SCOWL60_STABLE_2020.12.07+WN3.1
12037,12263,riches,-12.3639,1,0,1,0,N,1,1,,,,richest,0,1,F20K,SCOWL60_STABLE_2020.12.07+WN3.1
12038,12264,rift,-12.3639,1,1,0,0,N,1,1,,,drift,,0,1,F20K,SCOWL60_STABLE_2020.12.07+WN3.1
12039,12265,rochester,-12.3639,0,0,0,0,N,0,0,,,,,0,0,F20K,SCOWL60_STABLE_2020.12.07+WN3.1
12040,12266,ropes,-12.3639,1,0,1,0,,1,0,,rope,,,1,0,F20K,SCOWL60_STABLE_2020.12.07+WN3.1
12041,12267,rouge,-12.3639,1,1,0,0,N|V,0,0,,,,,0,0,F20K,SCOWL60_STABLE_2020.12.07+WN3.1
12042,12268,sabbath,-12.3639,1,1,0,0,N,0,0,,,,,0,0,F20K,SCOWL60_STABLE_2020.12.07+WN3.1
12043,12269,saddam,-12.3639,0,0,0,0,N,0,0,,,,,0,0,F20K,SCOWL60_STABLE_2020.12.07+WN3.1
12044,12270,safari,-12.3639,1,1,0,0,N,0,0,,,,,0,0,F20K,SCOWL60_STABLE_2020.12.07+WN3.1
12045,12271,sammy,-12.3639,0,0,0,0,,0,0,,,,,0,0,F20K,SCOWL60_STABLE_2020.12.07+WN3.1
12046,12272,sanctioned,-12.3639,1,1,1,0,ADJ,0,0,,,,,0,0,F20K,SCOWL60_STABLE_2020.12.07+WN3.1
12047,12273,satire,-12.3639,1,1,0,0,N,0,0,,,,,0,0,F20K,SCOWL60_STABLE_2020.12.07+WN3.1
12048,12274,slapped,-12.3639,1,1,0,0,,0,0,,,,,0,0,F20K,SCOWL60_STABLE_2020.12.07+WN3.1
12049,12275,slash,-12.3639,1,1,0,0,N|V,1,0,lash,,,,1,0,F20K,SCOWL60_STABLE_2020.12.07+WN3.1
12050,12276,slovenia,-12.3639,0,0,0,0,N,0,0,,,,,0,0,F20K,SCOWL60_STABLE_2020.12.07+WN3.1
12051,12277,solicitor,-12.3639,1,1,0,0,N,0,0,,,,,0,0,F20K,SCOWL60_STABLE_2020.12.07+WN3.1
12052,12278,spirituality,-12.3639,1,1,0,0,N,0,0,,,,,0,0,F20K,SCOWL60_STABLE_2020.12.07+WN3.1
12053,12279,staple,-12.3639,1,1,0,0,N|V|ADJ,1,1,,,,staples,0,1,F20K,SCOWL60_STABLE_2020.12.07+WN3.1
12054,12280,starred,-12.3639,1,1,0,0,ADJ,0,0,,,,,0,0,F20K,SCOWL60_STABLE_2020.12.07+WN3.1
12055,12281,sticker,-12.3639,1,1,1,0,N,1,1,,,,stickers,0,1,F20K,SCOWL60_STABLE_2020.12.07+WN3.1
12056,12282,suicidal,-12.3639,1,1,0,0,ADJ,0,0,,,,,0,0,F20K,SCOWL60_STABLE_2020.12.07+WN3.1
12057,12283,sunderland,-12.3639,0,0,0,0,N,0,0,,,,,0,0,F20K,SCOWL60_STABLE_2020.12.07+WN3.1
12058,12284,sweetie,-12.3639,1,1,0,0,N,0,0,,,,,0,0,F20K,SCOWL60_STABLE_2020.12.07+WN3.1
12059,12285,swell,-12.3639,1,1,0,0,N|V|ADJ,1,0,well,,,,1,0,F20K,SCOWL60_STABLE_2020.12.07+WN3.1
12060,12286,swings,-12.3639,1,0,1,0,,1,0,wings,swing,,,2,0,F20K,SCOWL60_STABLE_2020.12.07+WN3.1
12061,12287,systematically,-12.3639,1,0,1,0,ADV,0,0,,,,,0,0,F20K,SCOWL60_STABLE_2020.12.07+WN3.1
12062,12288,taco,-12.3639,1,1,0,0,N,1,1,,,,tacos,0,1,F20K,SCOWL60_STABLE_2020.12.07+WN3.1
12063,12289,tara,-12.3639,0,0,0,0,N,0,0,,,,,0,0,F20K,SCOWL60_STABLE_2020.12.07+WN3.1
12064,12290,tehran,-12.3639,0,0,0,0,N,0,0,,,,,0,0,F20K,SCOWL60_STABLE_2020.12.07+WN3.1
12065,12291,telecom,-12.3639,0,0,0,0,N,0,0,,,,,0,0,F20K,SCOWL60_STABLE_2020.12.07+WN3.1
12066,12292,tempting,-12.3639,1,1,1,0,ADJ,0,0,,,,,0,0,F20K,SCOWL60_STABLE_2020.12.07+WN3.1
12067,12293,therein,-12.3639,1,1,0,0,ADV,1,0,herein,,,,1,0,F20K,SCOWL60_STABLE_2020.12.07+WN3.1
12068,12294,thrive,-12.3639,1,1,0,0,V,0,0,,,,,0,0,F20K,SCOWL60_STABLE_2020.12.07+WN3.1
12069,12295,toilets,-12.3639,1,0,1,0,,1,0,,toilet,,,1,0,F20K,SCOWL60_STABLE_2020.12.07+WN3.1
12070,12296,torah,-12.3639,0,0,0,0,N,0,0,,,,,0,0,F20K,SCOWL60_STABLE_2020.12.07+WN3.1
12071,12297,tsunami,-12.3639,1,1,0,0,N,0,0,,,,,0,0,F20K,SCOWL60_STABLE_2020.12.07+WN3.1
12072,12298,ukip,-12.3639,0,0,0,0,,0,0,,,,,0,0,F20K,SCOWL60_STABLE_2020.12.07+WN3.1
12073,12299,universally,-12.3639,1,0,1,0,ADV,0,0,,,,,0,0,F20K,SCOWL60_STABLE_2020.12.07+WN3.1
12074,12300,unofficial,-12.3639,1,1,0,0,ADJ,0,0,,,,,0,0,F20K,SCOWL60_STABLE_2020.12.07+WN3.1
12075,12301,unrest,-12.3639,1,1,0,0,N,0,0,,,,,0,0,F20K,SCOWL60_STABLE_2020.12.07+WN3.1
12076,12302,ut,-12.3639,0,0,0,0,N,0,0,,,,,0,0,F20K,SCOWL60_STABLE_2020.12.07+WN3.1
12077,12303,verge,-12.3639,1,1,0,0,N|V,0,0,,,,,0,0,F20K,SCOWL60_STABLE_2020.12.07+WN3.1
12078,12304,vernon,-12.3639,0,0,0,0,,0,0,,,,,0,0,F20K,SCOWL60_STABLE_2020.12.07+WN3.1
12079,12305,veterinary,-12.3639,1,1,0,0,N|ADJ,0,0,,,,,0,0,F20K,SCOWL60_STABLE_2020.12.07+WN3.1
12080,12306,vis,-12.3639,0,0,0,0,,0,0,,,,,0,0,F20K,SCOWL60_STABLE_2020.12.07+WN3.1
12081,12307,vitamins,-12.3639,1,0,1,0,,1,0,,vitamin,,,1,0,F20K,SCOWL60_STABLE_2020.12.07+WN3.1
12082,12308,vogue,-12.3639,1,1,0,0,N,0,0,,,,,0,0,F20K,SCOWL60_STABLE_2020.12.07+WN3.1
12083,12309,wartime,-12.3639,1,1,0,0,N,0,0,,,,,0,0,F20K,SCOWL60_STABLE_2020.12.07+WN3.1
12084,12310,weighs,-12.3639,1,1,0,0,,1,0,,weigh,,,1,0,F20K,SCOWL60_STABLE_2020.12.07+WN3.1
12085,12311,wrecked,-12.3639,1,0,1,0,ADJ,0,0,,,,,0,0,F20K,SCOWL60_STABLE_2020.12.07+WN3.1
12086,12312,yugoslavia,-12.3639,0,0,0,0,N,0,0,,,,,0,0,F20K,SCOWL60_STABLE_2020.12.07+WN3.1
12087,12314,abide,-12.3876,1,1,0,0,V,0,0,,,,,0,0,F20K,SCOWL60_STABLE_2020.12.07+WN3.1
12088,12315,abolition,-12.3876,1,1,0,0,N,0,0,,,,,0,0,F20K,SCOWL60_STABLE_2020.12.07+WN3.1
12089,12316,accessory,-12.3876,1,1,0,0,N|ADJ,0,0,,,,,0,0,F20K,SCOWL60_STABLE_2020.12.07+WN3.1
12090,12317,adapter,-12.3876,1,1,1,0,N,0,0,,,,,0,0,F20K,SCOWL60_STABLE_2020.12.07+WN3.1
12091,12318,administer,-12.3876,1,1,0,0,V,0,0,,,,,0,0,F20K,SCOWL60_STABLE_2020.12.07+WN3.1
12092,12319,af,-12.3876,0,0,0,0,,0,0,,,,,0,0,F20K,SCOWL60_STABLE_2020.12.07+WN3.1
12093,12320,allergies,-12.3876,1,0,1,0,,0,0,,,,,0,0,F20K,SCOWL60_STABLE_2020.12.07+WN3.1
12094,12321,alumni,-12.3876,1,1,0,0,,0,0,,,,,0,0,F20K,SCOWL60_STABLE_2020.12.07+WN3.1
12095,12322,ambient,-12.3876,1,1,0,0,ADJ,0,0,,,,,0,0,F20K,SCOWL60_STABLE_2020.12.07+WN3.1
12096,12323,amino,-12.3876,1,1,0,0,N|ADJ,0,0,,,,,0,0,F20K,SCOWL60_STABLE_2020.12.07+WN3.1
12097,12324,anarchy,-12.3876,1,1,0,0,N,0,0,,,,,0,0,F20K,SCOWL60_STABLE_2020.12.07+WN3.1
12098,12325,apologise,-12.3876,0,0,0,0,V,0,0,,,,,0,0,F20K,SCOWL60_STABLE_2020.12.07+WN3.1
12099,12326,artery,-12.3876,1,1,0,0,N,0,0,,,,,0,0,F20K,SCOWL60_STABLE_2020.12.07+WN3.1
12100,12327,arthritis,-12.3876,1,1,0,0,N,0,0,,,,,0,0,F20K,SCOWL60_STABLE_2020.12.07+WN3.1
12101,12328,atheism,-12.3876,1,1,0,0,N,0,0,,,,,0,0,F20K,SCOWL60_STABLE_2020.12.07+WN3.1
12102,12329,authenticity,-12.3876,1,1,0,0,N,0,0,,,,,0,0,F20K,SCOWL60_STABLE_2020.12.07+WN3.1
12103,12330,averages,-12.3876,1,0,1,0,,1,0,,average,,,1,0,F20K,SCOWL60_STABLE_2020.12.07+WN3.1
12104,12331,balloons,-12.3876,1,0,1,0,,1,0,,balloon,,,1,0,F20K,SCOWL60_STABLE_2020.12.07+WN3.1
12105,12332,bamboo,-12.3876,1,1,0,0,N,0,0,,,,,0,0,F20K,SCOWL60_STABLE_2020.12.07+WN3.1
12106,12333,banging,-12.3876,1,0,1,0,N|ADJ,0,0,,,,,0,0,F20K,SCOWL60_STABLE_2020.12.07+WN3.1
12107,12334,basil,-12.3876,1,1,0,0,N,0,0,,,,,0,0,F20K,SCOWL60_STABLE_2020.12.07+WN3.1
12108,12335,beads,-12.3876,1,0,1,0,N,1,0,,bead,,,1,0,F20K,SCOWL60_STABLE_2020.12.07+WN3.1
12109,12336,beirut,-12.3876,0,0,0,0,N,0,0,,,,,0,0,F20K,SCOWL60_STABLE_2020.12.07+WN3.1
12110,12337,blogger,-12.3876,1,1,0,0,N,1,1,,,,bloggers,0,1,F20K,SCOWL60_STABLE_2020.12.07+WN3.1
12111,12338,boiler,-12.3876,1,1,1,0,N,0,0,,,,,0,0,F20K,SCOWL60_STABLE_2020.12.07+WN3.1
12112,12339,bonnie,-12.3876,0,0,0,0,ADJ,0,0,,,,,0,0,F20K,SCOWL60_STABLE_2020.12.07+WN3.1
12113,12340,borough,-12.3876,1,1,0,0,N,0,0,,,,,0,0,F20K,SCOWL60_STABLE_2020.12.07+WN3.1
12114,12341,bravery,-12.3876,1,1,0,0,N,0,0,,,,,0,0,F20K,SCOWL60_STABLE_2020.12.07+WN3.1
12115,12342,brittany,-12.3876,0,0,0,0,N,0,0,,,,,0,0,F20K,SCOWL60_STABLE_2020.12.07+WN3.1
12116,12343,brock,-12.3876,0,0,0,0,,0,0,,,,,0,0,F20K,SCOWL60_STABLE_2020.12.07+WN3.1
12117,12344,bunker,-12.3876,1,1,0,0,N|V,0,0,,,,,0,0,F20K,SCOWL60_STABLE_2020.12.07+WN3.1
12118,12345,caravan,-12.3876,1,1,0,0,N|V,0,0,,,,,0,0,F20K,SCOWL60_STABLE_2020.12.07+WN3.1
12119,12346,carr,-12.3876,0,0,0,0,,0,0,,,,,0,0,F20K,SCOWL60_STABLE_2020.12.07+WN3.1
12120,12347,casually,-12.3876,1,0,1,0,ADV,0,0,,,,,0,0,F20K,SCOWL60_STABLE_2020.12.07+WN3.1
12121,12348,catastrophe,-12.3876,1,1,0,0,N,0,0,,,,,0,0,F20K,SCOWL60_STABLE_2020.12.07+WN3.1
12122,12349,chaired,-12.3876,1,0,1,0,,1,0,haired,,,,1,0,F20K,SCOWL60_STABLE_2020.12.07+WN3.1
12123,12350,che,-12.3876,0,0,0,0,,0,0,,,,,0,0,F20K,SCOWL60_STABLE_2020.12.07+WN3.1
12124,12351,chewing,-12.3876,1,0,1,0,N,0,0,,,,,0,0,F20K,SCOWL60_STABLE_2020.12.07+WN3.1
12125,12352,chilling,-12.3876,1,1,1,0,N|ADJ,0,0,,,,,0,0,F20K,SCOWL60_STABLE_2020.12.07+WN3.1
12126,12353,clippers,-12.3876,1,0,1,0,,0,0,,,,,0,0,F20K,SCOWL60_STABLE_2020.12.07+WN3.1
12127,12354,colts,-12.3876,1,0,1,0,,1,0,,colt,,,1,0,F20K,SCOWL60_STABLE_2020.12.07+WN3.1
12128,12355,commence,-12.3876,1,1,0,0,V,1,1,,,,commenced,0,1,F20K,SCOWL60_STABLE_2020.12.07+WN3.1
12129,12356,concluding,-12.3876,1,0,1,0,ADJ,0,0,,,,,0,0,F20K,SCOWL60_STABLE_2020.12.07+WN3.1
12130,12357,condom,-12.3876,1,1,0,0,N,1,1,,condo,,condoms,1,1,F20K,SCOWL60_STABLE_2020.12.07+WN3.1
12131,12358,condoms,-12.3876,1,0,1,0,,1,0,,condom,,,1,0,F20K,SCOWL60_STABLE_2020.12.07+WN3.1
12132,12359,congratulate,-12.3876,1,1,0,0,V,0,0,,,,,0,0,F20K,SCOWL60_STABLE_2020.12.07+WN3.1
12133,12360,continents,-12.3876,1,0,1,0,,1,0,,continent,,,1,0,F20K,SCOWL60_STABLE_2020.12.07+WN3.1
12134,12361,corpus,-12.3876,1,1,0,0,N,0,0,,,,,0,0,F20K,SCOWL60_STABLE_2020.12.07+WN3.1
12135,12362,countdown,-12.3876,1,1,0,0,N,0,0,,,,,0,0,F20K,SCOWL60_STABLE_2020.12.07+WN3.1
12136,12363,criticize,-12.3876,1,1,0,0,V,1,1,,,,criticized,0,1,F20K,SCOWL60_STABLE_2020.12.07+WN3.1
12137,12364,curtains,-12.3876,1,0,1,0,,1,0,,curtain,,,1,0,F20K,SCOWL60_STABLE_2020.12.07+WN3.1
12138,12365,dante,-12.3876,0,0,0,0,N,0,0,,,,,0,0,F20K,SCOWL60_STABLE_2020.12.07+WN3.1
12139,12366,daytime,-12.3876,1,1,0,0,N,0,0,,,,,0,0,F20K,SCOWL60_STABLE_2020.12.07+WN3.1
12140,12367,debit,-12.3876,1,1,1,0,N|V,0,0,,,,,0,0,F20K,SCOWL60_STABLE_2020.12.07+WN3.1
12141,12368,decorations,-12.3876,1,1,0,0,,1,0,,decoration,,,1,0,F20K,SCOWL60_STABLE_2020.12.07+WN3.1
12142,12369,dent,-12.3876,1,1,0,0,N|V,1,0,,den,,,1,0,F20K,SCOWL60_STABLE_2020.12.07+WN3.1
12143,12371,descend,-12.3876,1,1,0,0,V,1,1,,,,descends,0,1,F20K,SCOWL60_STABLE_2020.12.07+WN3.1
12144,12372,devised,-12.3876,1,0,1,0,,1,0,,devise,,,1,0,F20K,SCOWL60_STABLE_2020.12.07+WN3.1
12145,12373,dime,-12.3876,1,1,0,0,N,1,0,,dim,,,1,0,F20K,SCOWL60_STABLE_2020.12.07+WN3.1
12146,12374,distributing,-12.3876,1,0,1,0,,0,0,,,,,0,0,F20K,SCOWL60_STABLE_2020.12.07+WN3.1
12147,12375,disturb,-12.3876,1,1,0,0,V,0,0,,,,,0,0,F20K,SCOWL60_STABLE_2020.12.07+WN3.1
12148,12376,drawer,-12.3876,1,1,1,0,N,1,1,,,,drawers,0,1,F20K,SCOWL60_STABLE_2020.12.07+WN3.1
12149,12377,dummy,-12.3876,1,1,0,0,N|V|ADJ,0,0,,,,,0,0,F20K,SCOWL60_STABLE_2020.12.07+WN3.1
12150,12378,earthquakes,-12.3876,1,0,1,0,,1,0,,earthquake,,,1,0,F20K,SCOWL60_STABLE_2020.12.07+WN3.1
12151,12379,edmund,-12.3876,0,0,0,0,,0,0,,,,,0,0,F20K,SCOWL60_STABLE_2020.12.07+WN3.1
12152,12380,electrons,-12.3876,1,0,1,0,,1,0,,electron,,,1,0,F20K,SCOWL60_STABLE_2020.12.07+WN3.1
12153,12381,emerges,-12.3876,1,0,1,0,,1,0,,emerge,,,1,0,F20K,SCOWL60_STABLE_2020.12.07+WN3.1
12154,12382,emerson,-12.3876,0,0,0,0,N,0,0,,,,,0,0,F20K,SCOWL60_STABLE_2020.12.07+WN3.1
12155,12383,evangelical,-12.3876,1,1,0,0,ADJ,0,0,,,,,0,0,F20K,SCOWL60_STABLE_2020.12.07+WN3.1
12156,12385,evidently,-12.3876,1,0,1,0,ADV,0,0,,,,,0,0,F20K,SCOWL60_STABLE_2020.12.07+WN3.1
12157,12386,exported,-12.3876,1,0,1,0,,0,0,,,,,0,0,F20K,SCOWL60_STABLE_2020.12.07+WN3.1
12158,12387,factual,-12.3876,1,1,0,0,ADJ,1,0,actual,,,,1,0,F20K,SCOWL60_STABLE_2020.12.07+WN3.1
12159,12388,fart,-12.3876,1,1,0,0,N|V,1,0,art,far,,,2,0,F20K,SCOWL60_STABLE_2020.12.07+WN3.1
12160,12389,fashionable,-12.3876,1,1,1,0,ADJ,0,0,,,,,0,0,F20K,SCOWL60_STABLE_2020.12.07+WN3.1
12161,12390,faulty,-12.3876,1,1,0,0,ADJ,1,0,,fault,,,1,0,F20K,SCOWL60_STABLE_2020.12.07+WN3.1
12162,12391,fb,-12.3876,0,0,0,0,,0,0,,,,,0,0,F20K,SCOWL60_STABLE_2020.12.07+WN3.1
12163,12392,flick,-12.3876,1,1,0,0,N|V,1,0,lick,,,,1,0,F20K,SCOWL60_STABLE_2020.12.07+WN3.1
12164,12393,flint,-12.3876,1,1,0,0,N|ADJ,0,0,,,,,0,0,F20K,SCOWL60_STABLE_2020.12.07+WN3.1
12165,12394,formations,-12.3876,1,0,1,0,,1,0,,formation,,,1,0,F20K,SCOWL60_STABLE_2020.12.07+WN3.1
12166,12395,freezer,-12.3876,1,1,0,0,N,1,0,,freeze,,,1,0,F20K,SCOWL60_STABLE_2020.12.07+WN3.1
12167,12396,gale,-12.3876,1,1,0,0,N,1,0,ale,gal,,,2,0,F20K,SCOWL60_STABLE_2020.12.07+WN3.1
12168,12397,gallon,-12.3876,1,1,0,0,N,1,1,,,,gallons,0,1,F20K,SCOWL60_STABLE_2020.12.07+WN3.1
12169,12398,geoffrey,-12.3876,0,0,0,0,,0,0,,,,,0,0,F20K,SCOWL60_STABLE_2020.12.07+WN3.1
12170,12399,geology,-12.3876,1,1,0,0,N,0,0,,,,,0,0,F20K,SCOWL60_STABLE_2020.12.07+WN3.1
12171,12400,gina,-12.3876,0,0,0,0,,0,0,,,,,0,0,F20K,SCOWL60_STABLE_2020.12.07+WN3.1
12172,12401,grouped,-12.3876,1,0,1,0,ADJ,0,0,,,,,0,0,F20K,SCOWL60_STABLE_2020.12.07+WN3.1
12173,12402,guarded,-12.3876,1,1,1,0,ADJ,0,0,,,,,0,0,F20K,SCOWL60_STABLE_2020.12.07+WN3.1
12174,12403,hacker,-12.3876,1,1,1,0,N,1,1,,,,hackers,0,1,F20K,SCOWL60_STABLE_2020.12.07+WN3.1
12175,12404,heartbeat,-12.3876,1,1,0,0,N,0,0,,,,,0,0,F20K,SCOWL60_STABLE_2020.12.07+WN3.1
12176,12405,hectares,-12.3876,1,0,1,0,,0,0,,,,,0,0,F20K,SCOWL60_STABLE_2020.12.07+WN3.1
12177,12406,ignores,-12.3876,1,0,1,0,,1,0,,ignore,,,1,0,F20K,SCOWL60_STABLE_2020.12.07+WN3.1
12178,12407,inconvenience,-12.3876,1,1,1,0,N|V,0,0,,,,,0,0,F20K,SCOWL60_STABLE_2020.12.07+WN3.1
12179,12408,inexpensive,-12.3876,1,0,1,0,ADJ,0,0,,,,,0,0,F20K,SCOWL60_STABLE_2020.12.07+WN3.1
12180,12409,insider,-12.3876,1,1,1,0,N,1,0,,inside,,,1,0,F20K,SCOWL60_STABLE_2020.12.07+WN3.1
12181,12410,internship,-12.3876,1,1,0,0,N,1,1,,,,internships,0,1,F20K,SCOWL60_STABLE_2020.12.07+WN3.1
12182,12411,jennings,-12.3876,0,0,0,0,,0,0,,,,,0,0,F20K,SCOWL60_STABLE_2020.12.07+WN3.1
12183,12412,jess,-12.3876,0,0,0,0,,0,0,,,,,0,0,F20K,SCOWL60_STABLE_2020.12.07+WN3.1
12184,12413,joker,-12.3876,1,1,1,0,N,1,0,,joke,,,1,0,F20K,SCOWL60_STABLE_2020.12.07+WN3.1
12185,12414,kardashian,-12.3876,0,0,0,0,,0,0,,,,,0,0,F20K,SCOWL60_STABLE_2020.12.07+WN3.1
12186,12415,katy,-12.3876,0,0,0,0,,0,0,,,,,0,0,F20K,SCOWL60_STABLE_2020.12.07+WN3.1
12187,12416,liaison,-12.3876,1,1,0,0,N,0,0,,,,,0,0,F20K,SCOWL60_STABLE_2020.12.07+WN3.1
12188,12417,lipstick,-12.3876,1,1,0,0,N|V,0,0,,,,,0,0,F20K,SCOWL60_STABLE_2020.12.07+WN3.1
12189,12418,lure,-12.3876,1,1,0,0,N|V,0,0,,,,,0,0,F20K,SCOWL60_STABLE_2020.12.07+WN3.1
12190,12419,lyric,-12.3876,1,1,0,0,N|V|ADJ,1,1,,,,lyrics,0,1,F20K,SCOWL60_STABLE_2020.12.07+WN3.1
12191,12420,mag,-12.3876,1,1,0,0,N,1,0,,ma,,,1,0,F20K,SCOWL60_STABLE_2020.12.07+WN3.1
12192,12421,meredith,-12.3876,0,0,0,0,N,0,0,,,,,0,0,F20K,SCOWL60_STABLE_2020.12.07+WN3.1
12193,12422,messiah,-12.3876,1,1,0,0,N,0,0,,,,,0,0,F20K,SCOWL60_STABLE_2020.12.07+WN3.1
12194,12423,ministries,-12.3876,1,0,1,0,,0,0,,,,,0,0,F20K,SCOWL60_STABLE_2020.12.07+WN3.1
12195,12424,mornings,-12.3876,1,0,1,0,,1,0,,morning,,,1,0,F20K,SCOWL60_STABLE_2020.12.07+WN3.1
12196,12425,moron,-12.3876,1,1,0,0,N,1,1,,,,morons,0,1,F20K,SCOWL60_STABLE_2020.12.07+WN3.1
12197,12426,mug,-12.3876,1,1,0,0,N|V,1,0,,mu,,,1,0,F20K,SCOWL60_STABLE_2020.12.07+WN3.1
12198,12427,multinational,-12.3876,1,1,0,0,ADJ,0,0,,,,,0,0,F20K,SCOWL60_STABLE_2020.12.07+WN3.1
12199,12428,neural,-12.3876,1,1,0,0,ADJ,0,0,,,,,0,0,F20K,SCOWL60_STABLE_2020.12.07+WN3.1
12200,12429,neurons,-12.3876,1,0,1,0,,0,0,,,,,0,0,F20K,SCOWL60_STABLE_2020.12.07+WN3.1
12201,12430,nicer,-12.3876,1,0,1,0,,1,0,,nice,,,1,0,F20K,SCOWL60_STABLE_2020.12.07+WN3.1
12202,12431,nike,-12.3876,0,0,0,0,N,0,0,,,,,0,0,F20K,SCOWL60_STABLE_2020.12.07+WN3.1
12203,12432,norwich,-12.3876,0,0,0,0,,0,0,,,,,0,0,F20K,SCOWL60_STABLE_2020.12.07+WN3.1
12204,12433,notify,-12.3876,1,1,0,0,V,0,0,,,,,0,0,F20K,SCOWL60_STABLE_2020.12.07+WN3.1
12205,12434,novelist,-12.3876,1,1,0,0,N,0,0,,,,,0,0,F20K,SCOWL60_STABLE_2020.12.07+WN3.1
12206,12435,nsw,-12.3876,0,0,0,0,N,0,0,,,,,0,0,F20K,SCOWL60_STABLE_2020.12.07+WN3.1
12207,12436,oppressed,-12.3876,1,0,1,0,ADJ,0,0,,,,,0,0,F20K,SCOWL60_STABLE_2020.12.07+WN3.1
12208,12437,optimization,-12.3876,1,1,0,0,N,0,0,,,,,0,0,F20K,SCOWL60_STABLE_2020.12.07+WN3.1
12209,12438,ottoman,-12.3876,1,1,0,0,N|ADJ,0,0,,,,,0,0,F20K,SCOWL60_STABLE_2020.12.07+WN3.1
12210,12439,ouch,-12.3876,1,1,0,0,,1,1,,,touch;couch;pouch,,0,3,F20K,SCOWL60_STABLE_2020.12.07+WN3.1
12211,12440,outreach,-12.3876,1,1,0,0,N,0,0,,,,,0,0,F20K,SCOWL60_STABLE_2020.12.07+WN3.1
12212,12441,oxide,-12.3876,1,1,0,0,N,0,0,,,,,0,0,F20K,SCOWL60_STABLE_2020.12.07+WN3.1
12213,12442,passports,-12.3876,1,0,1,0,,1,0,,passport,,,1,0,F20K,SCOWL60_STABLE_2020.12.07+WN3.1
12214,12443,paved,-12.3876,1,1,1,0,ADJ,0,0,,,,,0,0,F20K,SCOWL60_STABLE_2020.12.07+WN3.1
12215,12444,pod,-12.3876,1,1,0,0,N|V,1,1,,,,pods,0,1,F20K,SCOWL60_STABLE_2020.12.07+WN3.1
12216,12445,practitioner,-12.3876,1,1,0,0,N,1,1,,,,practitioners,0,1,F20K,SCOWL60_STABLE_2020.12.07+WN3.1
12217,12446,ravens,-12.3876,1,0,1,0,,1,0,,raven,,,1,0,F20K,SCOWL60_STABLE_2020.12.07+WN3.1
12218,12447,redskins,-12.3876,1,0,1,0,,0,0,,,,,0,0,F20K,SCOWL60_STABLE_2020.12.07+WN3.1
12219,12448,regeneration,-12.3876,1,0,1,0,N,0,0,,,,,0,0,F20K,SCOWL60_STABLE_2020.12.07+WN3.1
12220,12449,rejecting,-12.3876,1,0,1,0,,0,0,,,,,0,0,F20K,SCOWL60_STABLE_2020.12.07+WN3.1
12221,12450,renovated,-12.3876,1,0,1,0,,0,0,,,,,0,0,F20K,SCOWL60_STABLE_2020.12.07+WN3.1
12222,12451,restrictive,-12.3876,1,1,1,0,ADJ,0,0,,,,,0,0,F20K,SCOWL60_STABLE_2020.12.07+WN3.1
12223,12452,ridden,-12.3876,1,1,0,0,,0,0,,,,,0,0,F20K,SCOWL60_STABLE_2020.12.07+WN3.1
12224,12453,righteousness,-12.3876,1,1,1,0,N,0,0,,,,,0,0,F20K,SCOWL60_STABLE_2020.12.07+WN3.1
12225,12454,rwanda,-12.3876,0,0,0,0,N,0,0,,,,,0,0,F20K,SCOWL60_STABLE_2020.12.07+WN3.1
12226,12455,salvage,-12.3876,1,1,0,0,N|V,0,0,,,,,0,0,F20K,SCOWL60_STABLE_2020.12.07+WN3.1
12227,12456,saunders,-12.3876,0,0,0,0,,0,0,,,,,0,0,F20K,SCOWL60_STABLE_2020.12.07+WN3.1
12228,12457,screened,-12.3876,1,0,1,0,,0,0,,,,,0,0,F20K,SCOWL60_STABLE_2020.12.07+WN3.1
12229,12458,sculptures,-12.3876,1,0,1,0,,1,0,,sculpture,,,1,0,F20K,SCOWL60_STABLE_2020.12.07+WN3.1
12230,12459,serbian,-12.3876,0,0,0,0,N|ADJ,0,0,,,,,0,0,F20K,SCOWL60_STABLE_2020.12.07+WN3.1
12231,12460,sewing,-12.3876,1,1,1,0,N,0,0,,,,,0,0,F20K,SCOWL60_STABLE_2020.12.07+WN3.1
12232,12461,shove,-12.3876,1,1,0,0,N|V,1,1,,,,shovel;shoved,0,2,F20K,SCOWL60_STABLE_2020.12.07+WN3.1
12233,12462,skeptical,-12.3876,1,1,0,0,ADJ,0,0,,,,,0,0,F20K,SCOWL60_STABLE_2020.12.07+WN3.1
12234,12463,soaked,-12.3876,1,0,1,0,ADJ,0,0,,,,,0,0,F20K,SCOWL60_STABLE_2020.12.07+WN3.1
12235,12464,softball,-12.3876,1,1,0,0,N,0,0,,,,,0,0,F20K,SCOWL60_STABLE_2020.12.07+WN3.1
12236,12465,spying,-12.3876,1,0,1,0,N,0,0,,,,,0,0,F20K,SCOWL60_STABLE_2020.12.07+WN3.1
12237,12466,stationary,-12.3876,1,1,0,0,ADJ,0,0,,,,,0,0,F20K,SCOWL60_STABLE_2020.12.07+WN3.1
12238,12467,stirring,-12.3876,1,1,0,0,N|ADJ,0,0,,,,,0,0,F20K,SCOWL60_STABLE_2020.12.07+WN3.1
12239,12468,strand,-12.3876,1,1,0,0,N|V,1,1,,,,strands,0,1,F20K,SCOWL60_STABLE_2020.12.07+WN3.1
12240,12469,sucker,-12.3876,1,1,1,0,N,0,0,,,,,0,0,F20K,SCOWL60_STABLE_2020.12.07+WN3.1
12241,12470,sunglasses,-12.3876,1,1,0,0,N,0,0,,,,,0,0,F20K,SCOWL60_STABLE_2020.12.07+WN3.1
12242,12471,supervisors,-12.3876,1,0,1,0,,1,0,,supervisor,,,1,0,F20K,SCOWL60_STABLE_2020.12.07+WN3.1
12243,12472,sushi,-12.3876,1,1,0,0,N,0,0,,,,,0,0,F20K,SCOWL60_STABLE_2020.12.07+WN3.1
12244,12473,sutton,-12.3876,0,0,0,0,,0,0,,,,,0,0,F20K,SCOWL60_STABLE_2020.12.07+WN3.1
12245,12474,swansea,-12.3876,0,0,0,0,N,0,0,,,,,0,0,F20K,SCOWL60_STABLE_2020.12.07+WN3.1
12246,12475,tang,-12.3876,1,1,0,0,N,1,1,,tan,,tango,1,1,F20K,SCOWL60_STABLE_2020.12.07+WN3.1
12247,12477,tyson,-12.3876,0,0,0,0,N,0,0,,,,,0,0,F20K,SCOWL60_STABLE_2020.12.07+WN3.1
12248,12478,unused,-12.3876,1,0,1,0,ADJ,0,0,,,,,0,0,F20K,SCOWL60_STABLE_2020.12.07+WN3.1
12249,12479,usc,-12.3876,0,0,0,0,,0,0,,,,,0,0,F20K,SCOWL60_STABLE_2020.12.07+WN3.1
12250,12480,utilization,-12.3876,1,1,0,0,N,0,0,,,,,0,0,F20K,SCOWL60_STABLE_2020.12.07+WN3.1
12251,12481,vale,-12.3876,1,1,0,0,N,1,0,ale,val,,,2,0,F20K,SCOWL60_STABLE_2020.12.07+WN3.1
12252,12483,vines,-12.3876,1,0,1,0,,1,0,,vine,,,1,0,F20K,SCOWL60_STABLE_2020.12.07+WN3.1
12253,12484,wizards,-12.3876,1,0,1,0,,1,0,,wizard,,,1,0,F20K,SCOWL60_STABLE_2020.12.07+WN3.1
12254,12485,xl,-12.3876,0,0,0,0,N|ADJ,0,0,,,,,0,0,F20K,SCOWL60_STABLE_2020.12.07+WN3.1
12255,12486,yogurt,-12.3876,1,1,0,0,N,0,0,,,,,0,0,F20K,SCOWL60_STABLE_2020.12.07+WN3.1
12256,12487,zhang,-12.3876,0,0,0,0,,0,0,,,,,0,0,F20K,SCOWL60_STABLE_2020.12.07+WN3.1
12257,12489,acknowledging,-12.4119,1,0,1,0,,0,0,,,,,0,0,F20K,SCOWL60_STABLE_2020.12.07+WN3.1
12258,12490,ada,-12.4119,0,0,0,0,N,0,0,,,,,0,0,F20K,SCOWL60_STABLE_2020.12.07+WN3.1
12259,12491,advocating,-12.4119,1,0,1,0,,0,0,,,,,0,0,F20K,SCOWL60_STABLE_2020.12.07+WN3.1
12260,12492,ahmad,-12.4119,0,0,0,0,,0,0,,,,,0,0,F20K,SCOWL60_STABLE_2020.12.07+WN3.1
12261,12493,aide,-12.4119,1,1,0,0,N,1,1,,aid,,aided,1,1,F20K,SCOWL60_STABLE_2020.12.07+WN3.1
12262,12495,ambassadors,-12.4119,1,0,1,0,,1,0,,ambassador,,,1,0,F20K,SCOWL60_STABLE_2020.12.07+WN3.1
12263,12496,apostle,-12.4119,1,1,0,0,N,1,1,,,,apostles,0,1,F20K,SCOWL60_STABLE_2020.12.07+WN3.1
12264,12497,apparel,-12.4119,1,1,0,0,N|V,0,0,,,,,0,0,F20K,SCOWL60_STABLE_2020.12.07+WN3.1
12265,12498,appliances,-12.4119,1,0,1,0,,1,0,,appliance,,,1,0,F20K,SCOWL60_STABLE_2020.12.07+WN3.1
12266,12499,astronaut,-12.4119,1,1,0,0,N,1,1,,,,astronauts,0,1,F20K,SCOWL60_STABLE_2020.12.07+WN3.1
12267,12500,auburn,-12.4119,1,1,0,0,ADJ,0,0,,,,,0,0,F20K,SCOWL60_STABLE_2020.12.07+WN3.1
12268,12501,bikini,-12.4119,1,1,0,0,N,0,0,,,,,0,0,F20K,SCOWL60_STABLE_2020.12.07+WN3.1
12269,12502,bipolar,-12.4119,1,1,0,0,ADJ,0,0,,,,,0,0,F20K,SCOWL60_STABLE_2020.12.07+WN3.1
12270,12503,broadcasts,-12.4119,1,0,1,0,,1,0,,broadcast,,,1,0,F20K,SCOWL60_STABLE_2020.12.07+WN3.1
12271,12504,centred,-12.4119,0,0,0,0,,0,0,,,,,0,0,F20K,SCOWL60_STABLE_2020.12.07+WN3.1
12272,12505,chaotic,-12.4119,1,1,0,0,ADJ,0,0,,,,,0,0,F20K,SCOWL60_STABLE_2020.12.07+WN3.1
12273,12506,chap,-12.4119,1,1,0,0,N|V,0,0,,,,,0,0,F20K,SCOWL60_STABLE_2020.12.07+WN3.1
12274,12507,cinnamon,-12.4119,1,1,0,0,N,0,0,,,,,0,0,F20K,SCOWL60_STABLE_2020.12.07+WN3.1
12275,12508,clare,-12.4119,0,0,0,0,,0,0,,,,,0,0,F20K,SCOWL60_STABLE_2020.12.07+WN3.1
12276,12509,clive,-12.4119,0,0,0,0,N,0,0,,,,,0,0,F20K,SCOWL60_STABLE_2020.12.07+WN3.1
12277,12510,comin,-12.4119,0,0,0,0,,0,0,,,,,0,0,F20K,SCOWL60_STABLE_2020.12.07+WN3.1
12278,12511,commencement,-12.4119,1,1,1,0,N,0,0,,,,,0,0,F20K,SCOWL60_STABLE_2020.12.07+WN3.1
12279,12512,complementary,-12.4119,1,1,0,0,N|ADJ,0,0,,,,,0,0,F20K,SCOWL60_STABLE_2020.12.07+WN3.1
12280,12513,comprise,-12.4119,1,1,0,0,V,1,1,,,,comprised;comprises,0,2,F20K,SCOWL60_STABLE_2020.12.07+WN3.1
12281,12514,cooled,-12.4119,1,0,1,0,,0,0,,,,,0,0,F20K,SCOWL60_STABLE_2020.12.07+WN3.1
12282,12515,courageous,-12.4119,1,1,0,0,ADJ,0,0,,,,,0,0,F20K,SCOWL60_STABLE_2020.12.07+WN3.1
12283,12516,cpu,-12.4119,0,0,0,0,N,0,0,,,,,0,0,F20K,SCOWL60_STABLE_2020.12.07+WN3.1
12284,12517,crisp,-12.4119,1,1,0,0,N|V|ADJ,1,1,,,,crispy,0,1,F20K,SCOWL60_STABLE_2020.12.07+WN3.1
12285,12518,customary,-12.4119,1,1,0,0,ADJ,0,0,,,,,0,0,F20K,SCOWL60_STABLE_2020.12.07+WN3.1
12286,12519,departing,-12.4119,1,0,1,0,,0,0,,,,,0,0,F20K,SCOWL60_STABLE_2020.12.07+WN3.1
12287,12520,differentiate,-12.4119,1,1,0,0,V,1,1,,,,differentiated,0,1,F20K,SCOWL60_STABLE_2020.12.07+WN3.1
12288,12521,diocese,-12.4119,1,1,0,0,N,0,0,,,,,0,0,F20K,SCOWL60_STABLE_2020.12.07+WN3.1
12289,12522,disappoint,-12.4119,1,0,1,0,V,0,0,,,,,0,0,F20K,SCOWL60_STABLE_2020.12.07+WN3.1
12290,12523,discourage,-12.4119,1,1,0,0,V,1,1,,,,discouraged,0,1,F20K,SCOWL60_STABLE_2020.12.07+WN3.1
12291,12524,discouraged,-12.4119,1,0,1,0,ADJ,1,0,,discourage,,,1,0,F20K,SCOWL60_STABLE_2020.12.07+WN3.1
12292,12525,discs,-12.4119,1,0,1,0,,1,0,,disc,,,1,0,F20K,SCOWL60_STABLE_2020.12.07+WN3.1
12293,12526,dispatched,-12.4119,1,0,1,0,,0,0,,,,,0,0,F20K,SCOWL60_STABLE_2020.12.07+WN3.1
12294,12527,dl,-12.4119,0,0,0,0,N,0,0,,,,,0,0,F20K,SCOWL60_STABLE_2020.12.07+WN3.1
12295,12528,eligibility,-12.4119,1,1,0,0,N,0,0,,,,,0,0,F20K,SCOWL60_STABLE_2020.12.07+WN3.1
12296,12529,endured,-12.4119,1,0,1,0,,1,0,,endure,,,1,0,F20K,SCOWL60_STABLE_2020.12.07+WN3.1
12297,12530,erase,-12.4119,1,1,0,0,V,1,1,,,,erased,0,1,F20K,SCOWL60_STABLE_2020.12.07+WN3.1
12298,12532,explores,-12.4119,1,0,1,0,,1,0,,explore,,,1,0,F20K,SCOWL60_STABLE_2020.12.07+WN3.1
12299,12533,fats,-12.4119,1,0,1,0,,1,0,,fat,,,1,0,F20K,SCOWL60_STABLE_2020.12.07+WN3.1
12300,12534,fcc,-12.4119,0,0,0,0,N,0,0,,,,,0,0,F20K,SCOWL60_STABLE_2020.12.07+WN3.1
12301,12535,felony,-12.4119,1,1,0,0,N,0,0,,,,,0,0,F20K,SCOWL60_STABLE_2020.12.07+WN3.1
12302,12536,ferdinand,-12.4119,0,0,0,0,N,0,0,,,,,0,0,F20K,SCOWL60_STABLE_2020.12.07+WN3.1
12303,12537,firefighters,-12.4119,1,0,1,0,,1,0,,firefighter,,,1,0,F20K,SCOWL60_STABLE_2020.12.07+WN3.1
12304,12538,fixtures,-12.4119,1,0,1,0,,1,0,,fixture,,,1,0,F20K,SCOWL60_STABLE_2020.12.07+WN3.1
12305,12539,fleeing,-12.4119,1,1,0,0,,0,0,,,,,0,0,F20K,SCOWL60_STABLE_2020.12.07+WN3.1
12306,12540,fowler,-12.4119,0,0,0,0,N,0,0,,,,,0,0,F20K,SCOWL60_STABLE_2020.12.07+WN3.1
12307,12541,freelance,-12.4119,1,1,0,0,N|V|ADJ,0,0,,,,,0,0,F20K,SCOWL60_STABLE_2020.12.07+WN3.1
12308,12542,friendships,-12.4119,1,0,1,0,,1,0,,friendship,,,1,0,F20K,SCOWL60_STABLE_2020.12.07+WN3.1
12309,12543,generators,-12.4119,1,0,1,0,,1,0,,generator,,,1,0,F20K,SCOWL60_STABLE_2020.12.07+WN3.1
12310,12544,georgian,-12.4119,0,0,0,0,N|ADJ,0,0,,,,,0,0,F20K,SCOWL60_STABLE_2020.12.07+WN3.1
12311,12545,gestures,-12.4119,1,0,1,0,,1,0,,gesture,,,1,0,F20K,SCOWL60_STABLE_2020.12.07+WN3.1
12312,12546,giveaway,-12.4119,1,1,0,0,N,0,0,,,,,0,0,F20K,SCOWL60_STABLE_2020.12.07+WN3.1
12313,12547,harriet,-12.4119,0,0,0,0,,0,0,,,,,0,0,F20K,SCOWL60_STABLE_2020.12.07+WN3.1
12314,12548,herman,-12.4119,0,0,0,0,N,0,0,,,,,0,0,F20K,SCOWL60_STABLE_2020.12.07+WN3.1
12315,12549,higgins,-12.4119,0,0,0,0,,0,0,,,,,0,0,F20K,SCOWL60_STABLE_2020.12.07+WN3.1
12316,12550,highland,-12.4119,1,1,0,0,N|ADJ,1,1,,,,highlands,0,1,F20K,SCOWL60_STABLE_2020.12.07+WN3.1
12317,12551,highlighting,-12.4119,1,0,1,0,N,0,0,,,,,0,0,F20K,SCOWL60_STABLE_2020.12.07+WN3.1
12318,12552,homo,-12.4119,1,1,0,0,N,0,0,,,,,0,0,F20K,SCOWL60_STABLE_2020.12.07+WN3.1
12319,12553,hs,-12.4119,0,0,0,0,N,0,0,,,,,0,0,F20K,SCOWL60_STABLE_2020.12.07+WN3.1
12320,12554,hussein,-12.4119,0,0,0,0,N,0,0,,,,,0,0,F20K,SCOWL60_STABLE_2020.12.07+WN3.1
12321,12555,hustle,-12.4119,1,1,0,0,N|V,0,0,,,,,0,0,F20K,SCOWL60_STABLE_2020.12.07+WN3.1
12322,12556,ibn,-12.4119,0,0,0,0,,0,0,,,,,0,0,F20K,SCOWL60_STABLE_2020.12.07+WN3.1
12323,12557,imagining,-12.4119,1,0,1,0,,0,0,,,,,0,0,F20K,SCOWL60_STABLE_2020.12.07+WN3.1
12324,12558,impairment,-12.4119,1,1,1,0,N,0,0,,,,,0,0,F20K,SCOWL60_STABLE_2020.12.07+WN3.1
12325,12559,inactive,-12.4119,1,0,1,0,ADJ,0,0,,,,,0,0,F20K,SCOWL60_STABLE_2020.12.07+WN3.1
12326,12560,insignificant,-12.4119,1,0,1,0,ADJ,0,0,,,,,0,0,F20K,SCOWL60_STABLE_2020.12.07+WN3.1
12327,12561,interestingly,-12.4119,1,0,1,0,ADV,0,0,,,,,0,0,F20K,SCOWL60_STABLE_2020.12.07+WN3.1
12328,12562,intern,-12.4119,1,1,1,0,N|V,1,1,,inter,,interns,1,1,F20K,SCOWL60_STABLE_2020.12.07+WN3.1
12329,12563,invent,-12.4119,1,1,0,0,V,0,0,,,,,0,0,F20K,SCOWL60_STABLE_2020.12.07+WN3.1
12330,12564,inventions,-12.4119,1,0,1,0,,1,0,,invention,,,1,0,F20K,SCOWL60_STABLE_2020.12.07+WN3.1
12331,12565,iq,-12.4119,0,0,0,0,N,0,0,,,,,0,0,F20K,SCOWL60_STABLE_2020.12.07+WN3.1
12332,12566,isa,-12.4119,0,0,0,0,,0,0,,,,,0,0,F20K,SCOWL60_STABLE_2020.12.07+WN3.1
12333,12567,isolate,-12.4119,1,1,0,0,V,1,1,,,,isolated,0,1,F20K,SCOWL60_STABLE_2020.12.07+WN3.1
12334,12568,jp,-12.4119,0,0,0,0,,0,0,,,,,0,0,F20K,SCOWL60_STABLE_2020.12.07+WN3.1
12335,12569,kathy,-12.4119,0,0,0,0,,0,0,,,,,0,0,F20K,SCOWL60_STABLE_2020.12.07+WN3.1
12336,12570,kazakhstan,-12.4119,0,0,0,0,N,0,0,,,,,0,0,F20K,SCOWL60_STABLE_2020.12.07+WN3.1
12337,12571,latino,-12.4119,0,0,0,0,N|ADJ,0,0,,,,,0,0,F20K,SCOWL60_STABLE_2020.12.07+WN3.1
12338,12572,leaking,-12.4119,1,0,1,0,,0,0,,,,,0,0,F20K,SCOWL60_STABLE_2020.12.07+WN3.1
12339,12573,leopard,-12.4119,1,1,0,0,N,0,0,,,,,0,0,F20K,SCOWL60_STABLE_2020.12.07+WN3.1
12340,12574,logged,-12.4119,1,1,0,0,,0,0,,,,,0,0,F20K,SCOWL60_STABLE_2020.12.07+WN3.1
12341,12575,loosely,-12.4119,1,1,0,0,ADV,0,0,,,,,0,0,F20K,SCOWL60_STABLE_2020.12.07+WN3.1
12342,12576,mal,-12.4119,0,0,0,0,,0,0,,,,,0,0,F20K,SCOWL60_STABLE_2020.12.07+WN3.1
12343,12577,mare,-12.4119,1,1,0,0,N,1,0,are,mar,,,2,0,F20K,SCOWL60_STABLE_2020.12.07+WN3.1
12344,12578,mattress,-12.4119,1,1,0,0,N,0,0,,,,,0,0,F20K,SCOWL60_STABLE_2020.12.07+WN3.1
12345,12579,midlands,-12.4119,1,0,1,0,,0,0,,,,,0,0,F20K,SCOWL60_STABLE_2020.12.07+WN3.1
12346,12580,misunderstood,-12.4119,1,1,0,0,ADJ,0,0,,,,,0,0,F20K,SCOWL60_STABLE_2020.12.07+WN3.1
12347,12581,moose,-12.4119,1,1,0,0,N,0,0,,,,,0,0,F20K,SCOWL60_STABLE_2020.12.07+WN3.1
12348,12582,morton,-12.4119,0,0,0,0,N,0,0,,,,,0,0,F20K,SCOWL60_STABLE_2020.12.07+WN3.1
12349,12583,multimedia,-12.4119,1,1,0,0,N,0,0,,,,,0,0,F20K,SCOWL60_STABLE_2020.12.07+WN3.1
12350,12584,mutant,-12.4119,1,1,0,0,N|ADJ,1,1,,,,mutants,0,1,F20K,SCOWL60_STABLE_2020.12.07+WN3.1
12351,12585,mutations,-12.4119,1,0,1,0,,1,0,,mutation,,,1,0,F20K,SCOWL60_STABLE_2020.12.07+WN3.1
12352,12586,myers,-12.4119,0,0,0,0,,0,0,,,,,0,0,F20K,SCOWL60_STABLE_2020.12.07+WN3.1
12353,12587,negligence,-12.4119,1,1,0,0,N,0,0,,,,,0,0,F20K,SCOWL60_STABLE_2020.12.07+WN3.1
12354,12588,nigga,-12.4119,1,1,0,1,,0,0,,,,,0,0,F20K,SCOWL60_STABLE_2020.12.07+WN3.1
12355,12589,nikki,-12.4119,0,0,0,0,,0,0,,,,,0,0,F20K,SCOWL60_STABLE_2020.12.07+WN3.1
12356,12590,nissan,-12.4119,0,0,0,0,N,0,0,,,,,0,0,F20K,SCOWL60_STABLE_2020.12.07+WN3.1
12357,12592,noel,-12.4119,1,1,0,0,N,0,0,,,,,0,0,F20K,SCOWL60_STABLE_2020.12.07+WN3.1
12358,12593,optic,-12.4119,1,1,0,0,N|ADJ,1,1,,,,optics,0,1,F20K,SCOWL60_STABLE_2020.12.07+WN3.1
12359,12594,originating,-12.4119,1,0,1,0,,0,0,,,,,0,0,F20K,SCOWL60_STABLE_2020.12.07+WN3.1
12360,12595,outdated,-12.4119,1,1,0,0,ADJ,0,0,,,,,0,0,F20K,SCOWL60_STABLE_2020.12.07+WN3.1
12361,12596,paints,-12.4119,1,0,1,0,,1,0,,paint,,,1,0,F20K,SCOWL60_STABLE_2020.12.07+WN3.1
12362,12597,panda,-12.4119,1,1,0,0,N,0,0,,,,,0,0,F20K,SCOWL60_STABLE_2020.12.07+WN3.1
12363,12598,paradigm,-12.4119,1,1,0,0,N,0,0,,,,,0,0,F20K,SCOWL60_STABLE_2020.12.07+WN3.1
12364,12599,patrons,-12.4119,1,0,1,0,,1,0,,patron,,,1,0,F20K,SCOWL60_STABLE_2020.12.07+WN3.1
12365,12601,pavement,-12.4119,1,1,0,0,N,0,0,,,,,0,0,F20K,SCOWL60_STABLE_2020.12.07+WN3.1
12366,12602,periodically,-12.4119,1,0,1,0,ADV,0,0,,,,,0,0,F20K,SCOWL60_STABLE_2020.12.07+WN3.1
12367,12603,perpetual,-12.4119,1,1,0,0,ADJ,0,0,,,,,0,0,F20K,SCOWL60_STABLE_2020.12.07+WN3.1
12368,12604,pleaded,-12.4119,1,0,1,0,,0,0,,,,,0,0,F20K,SCOWL60_STABLE_2020.12.07+WN3.1
12369,12605,pneumonia,-12.4119,1,1,0,0,N,0,0,,,,,0,0,F20K,SCOWL60_STABLE_2020.12.07+WN3.1
12370,12606,posing,-12.4119,1,0,1,0,N,0,0,,,,,0,0,F20K,SCOWL60_STABLE_2020.12.07+WN3.1
12371,12607,posture,-12.4119,1,1,0,0,N|V,0,0,,,,,0,0,F20K,SCOWL60_STABLE_2020.12.07+WN3.1
12372,12608,predecessors,-12.4119,1,0,1,0,,1,0,,predecessor,,,1,0,F20K,SCOWL60_STABLE_2020.12.07+WN3.1
12373,12609,premiums,-12.4119,1,0,1,0,,1,0,,premium,,,1,0,F20K,SCOWL60_STABLE_2020.12.07+WN3.1
12374,12610,prick,-12.4119,1,1,0,0,N|V,1,0,rick,,,,1,0,F20K,SCOWL60_STABLE_2020.12.07+WN3.1
12375,12611,printers,-12.4119,1,0,1,0,,1,0,,printer,,,1,0,F20K,SCOWL60_STABLE_2020.12.07+WN3.1
12376,12612,privy,-12.4119,1,1,0,0,N|ADJ,0,0,,,,,0,0,F20K,SCOWL60_STABLE_2020.12.07+WN3.1
12377,12613,prosecuted,-12.4119,1,0,1,0,,1,0,,prosecute,,,1,0,F20K,SCOWL60_STABLE_2020.12.07+WN3.1
12378,12614,prostate,-12.4119,1,1,0,0,N|ADJ,0,0,,,,,0,0,F20K,SCOWL60_STABLE_2020.12.07+WN3.1
12379,12615,prostitute,-12.4119,1,1,0,0,N|V,1,1,,,,prostitutes,0,1,F20K,SCOWL60_STABLE_2020.12.07+WN3.1
12380,12616,protested,-12.4119,1,0,1,0,,0,0,,,,,0,0,F20K,SCOWL60_STABLE_2020.12.07+WN3.1
12381,12617,queer,-12.4119,1,1,0,0,N|V|ADJ,0,0,,,,,0,0,F20K,SCOWL60_STABLE_2020.12.07+WN3.1
12382,12618,randall,-12.4119,0,0,0,0,,0,0,,,,,0,0,F20K,SCOWL60_STABLE_2020.12.07+WN3.1
12383,12619,remarked,-12.4119,1,1,1,0,,0,0,,,,,0,0,F20K,SCOWL60_STABLE_2020.12.07+WN3.1
12384,12620,reviewer,-12.4119,1,0,1,0,N,1,1,,,,reviewers,0,1,F20K,SCOWL60_STABLE_2020.12.07+WN3.1
12385,12621,ripe,-12.4119,1,1,0,0,ADJ,1,0,,rip,,,1,0,F20K,SCOWL60_STABLE_2020.12.07+WN3.1
12386,12622,rot,-12.4119,1,1,0,0,N|V,0,0,,,,,0,0,F20K,SCOWL60_STABLE_2020.12.07+WN3.1
12387,12623,rusty,-12.4119,1,1,0,0,ADJ,1,0,,rust,,,1,0,F20K,SCOWL60_STABLE_2020.12.07+WN3.1
12388,12624,sac,-12.4119,1,1,0,0,N,1,1,ac,,,sack,1,1,F20K,SCOWL60_STABLE_2020.12.07+WN3.1
12389,12625,sacked,-12.4119,1,0,1,0,ADJ,0,0,,,,,0,0,F20K,SCOWL60_STABLE_2020.12.07+WN3.1
12390,12626,samurai,-12.4119,1,1,0,0,N,0,0,,,,,0,0,F20K,SCOWL60_STABLE_2020.12.07+WN3.1
12391,12627,scanner,-12.4119,1,1,0,0,N,1,1,,,,scanners,0,1,F20K,SCOWL60_STABLE_2020.12.07+WN3.1
12392,12628,scholarly,-12.4119,1,0,1,0,ADJ,0,0,,,,,0,0,F20K,SCOWL60_STABLE_2020.12.07+WN3.1
12393,12629,scoop,-12.4119,1,1,0,0,N|V,1,0,coop,,,,1,0,F20K,SCOWL60_STABLE_2020.12.07+WN3.1
12394,12630,seekers,-12.4119,1,0,1,0,,1,0,,seeker,,,1,0,F20K,SCOWL60_STABLE_2020.12.07+WN3.1
12395,12631,segregation,-12.4119,1,1,1,0,N,0,0,,,,,0,0,F20K,SCOWL60_STABLE_2020.12.07+WN3.1
12396,12632,seizures,-12.4119,1,0,1,0,,1,0,,seizure,,,1,0,F20K,SCOWL60_STABLE_2020.12.07+WN3.1
12397,12633,sentimental,-12.4119,1,1,0,0,ADJ,0,0,,,,,0,0,F20K,SCOWL60_STABLE_2020.12.07+WN3.1
12398,12634,ser,-12.4119,0,0,0,0,,0,0,,,,,0,0,F20K,SCOWL60_STABLE_2020.12.07+WN3.1
12399,12635,sewage,-12.4119,1,1,0,0,N,0,0,,,,,0,0,F20K,SCOWL60_STABLE_2020.12.07+WN3.1
12400,12636,shaved,-12.4119,1,0,1,0,ADJ,1,0,,shave,,,1,0,F20K,SCOWL60_STABLE_2020.12.07+WN3.1
12401,12637,sic,-12.4119,1,1,0,0,V|ADV,1,1,,,,sick,0,1,F20K,SCOWL60_STABLE_2020.12.07+WN3.1
12402,12638,simplest,-12.4119,1,0,1,0,,0,0,,,,,0,0,F20K,SCOWL60_STABLE_2020.12.07+WN3.1
12403,12639,smack,-12.4119,1,1,0,0,N|V|ADV,0,0,,,,,0,0,F20K,SCOWL60_STABLE_2020.12.07+WN3.1
12404,12640,smuggling,-12.4119,1,1,1,0,N,0,0,,,,,0,0,F20K,SCOWL60_STABLE_2020.12.07+WN3.1
12405,12641,sorting,-12.4119,1,0,1,0,N,0,0,,,,,0,0,F20K,SCOWL60_STABLE_2020.12.07+WN3.1
12406,12642,spaghetti,-12.4119,1,1,0,0,N,0,0,,,,,0,0,F20K,SCOWL60_STABLE_2020.12.07+WN3.1
12407,12643,stain,-12.4119,1,1,0,0,N|V,1,1,,,,stains,0,1,F20K,SCOWL60_STABLE_2020.12.07+WN3.1
12408,12644,stellar,-12.4119,1,1,0,0,ADJ,0,0,,,,,0,0,F20K,SCOWL60_STABLE_2020.12.07+WN3.1
12409,12645,stimulation,-12.4119,1,1,1,0,N,0,0,,,,,0,0,F20K,SCOWL60_STABLE_2020.12.07+WN3.1
12410,12646,stupidity,-12.4119,1,1,0,0,N,0,0,,,,,0,0,F20K,SCOWL60_STABLE_2020.12.07+WN3.1
12411,12647,swallowed,-12.4119,1,0,1,0,,0,0,,,,,0,0,F20K,SCOWL60_STABLE_2020.12.07+WN3.1
12412,12648,sway,-12.4119,1,1,0,0,N|V,1,0,way,,,,1,0,F20K,SCOWL60_STABLE_2020.12.07+WN3.1
12413,12649,sweets,-12.4119,1,0,1,0,,1,0,,sweet,,,1,0,F20K,SCOWL60_STABLE_2020.12.07+WN3.1
12414,12650,tesla,-12.4119,0,0,0,0,N,0,0,,,,,0,0,F20K,SCOWL60_STABLE_2020.12.07+WN3.1
12415,12651,thighs,-12.4119,1,1,0,0,,1,0,highs,thigh,,,2,0,F20K,SCOWL60_STABLE_2020.12.07+WN3.1
12416,12652,tolerated,-12.4119,1,0,1,0,,1,0,,tolerate,,,1,0,F20K,SCOWL60_STABLE_2020.12.07+WN3.1
12417,12653,tougher,-12.4119,1,0,1,0,,0,0,,,,,0,0,F20K,SCOWL60_STABLE_2020.12.07+WN3.1
12418,12654,tx,-12.4119,0,0,0,0,N,0,0,,,,,0,0,F20K,SCOWL60_STABLE_2020.12.07+WN3.1
12419,12655,unarmed,-12.4119,1,0,1,0,ADJ,0,0,,,,,0,0,F20K,SCOWL60_STABLE_2020.12.07+WN3.1
12420,12656,upstream,-12.4119,1,1,0,0,ADJ|ADV,0,0,,,,,0,0,F20K,SCOWL60_STABLE_2020.12.07+WN3.1
12421,12657,urgency,-12.4119,1,1,0,0,N,0,0,,,,,0,0,F20K,SCOWL60_STABLE_2020.12.07+WN3.1
12422,12658,veto,-12.4119,1,1,0,0,N|V,1,0,,vet,,,1,0,F20K,SCOWL60_STABLE_2020.12.07+WN3.1
12423,12659,whisky,-12.4119,0,0,0,0,N,0,0,,,,,0,0,F20K,SCOWL60_STABLE_2020.12.07+WN3.1
12424,12660,wickets,-12.4119,1,0,1,0,,1,0,,wicket,,,1,0,F20K,SCOWL60_STABLE_2020.12.07+WN3.1
12425,12661,wildly,-12.4119,1,0,1,0,ADV,0,0,,,,,0,0,F20K,SCOWL60_STABLE_2020.12.07+WN3.1
12426,12662,willow,-12.4119,1,1,0,0,N,0,0,,,,,0,0,F20K,SCOWL60_STABLE_2020.12.07+WN3.1
12427,12663,wills,-12.4119,1,0,1,0,,1,0,,will,,,1,0,F20K,SCOWL60_STABLE_2020.12.07+WN3.1
12428,12664,winters,-12.4119,1,0,1,0,,1,0,,winter,,,1,0,F20K,SCOWL60_STABLE_2020.12.07+WN3.1
12429,12666,yr,-12.4119,1,1,0,0,N,1,1,,,,yrs,0,1,F20K,SCOWL60_STABLE_2020.12.07+WN3.1
12430,12668,abduction,-12.4342,1,1,0,0,N,0,0,,,,,0,0,F20K,SCOWL60_STABLE_2020.12.07+WN3.1
12431,12669,abe,-12.4342,0,0,0,0,,0,0,,,,,0,0,F20K,SCOWL60_STABLE_2020.12.07+WN3.1
12432,12670,acknowledges,-12.4342,1,0,1,0,,1,0,,acknowledge,,,1,0,F20K,SCOWL60_STABLE_2020.12.07+WN3.1
12433,12671,activism,-12.4342,1,1,0,0,N,0,0,,,,,0,0,F20K,SCOWL60_STABLE_2020.12.07+WN3.1
12434,12673,alicia,-12.4342,0,0,0,0,,0,0,,,,,0,0,F20K,SCOWL60_STABLE_2020.12.07+WN3.1
12435,12674,alt,-12.4342,1,1,0,0,N,1,1,,,salt;halt;malt,alto,0,4,F20K,SCOWL60_STABLE_2020.12.07+WN3.1
12436,12675,ambiguous,-12.4342,1,1,0,0,ADJ,0,0,,,,,0,0,F20K,SCOWL60_STABLE_2020.12.07+WN3.1
12437,12676,anita,-12.4342,0,0,0,0,,0,0,,,,,0,0,F20K,SCOWL60_STABLE_2020.12.07+WN3.1
12438,12677,apartheid,-12.4342,1,1,0,0,N,0,0,,,,,0,0,F20K,SCOWL60_STABLE_2020.12.07+WN3.1
12439,12678,apostolic,-12.4342,1,1,0,0,ADJ,0,0,,,,,0,0,F20K,SCOWL60_STABLE_2020.12.07+WN3.1
12440,12679,applicant,-12.4342,1,1,0,0,N,1,1,,,,applicants,0,1,F20K,SCOWL60_STABLE_2020.12.07+WN3.1
12441,12680,archaeology,-12.4342,1,1,0,0,N,0,0,,,,,0,0,F20K,SCOWL60_STABLE_2020.12.07+WN3.1
12442,12681,arlington,-12.4342,0,0,0,0,N,0,0,,,,,0,0,F20K,SCOWL60_STABLE_2020.12.07+WN3.1
12443,12682,attic,-12.4342,1,1,0,0,N|ADJ,0,0,,,,,0,0,F20K,SCOWL60_STABLE_2020.12.07+WN3.1
12444,12683,azerbaijan,-12.4342,0,0,0,0,N,0,0,,,,,0,0,F20K,SCOWL60_STABLE_2020.12.07+WN3.1
12445,12684,baba,-12.4342,0,0,0,0,N,0,0,,,,,0,0,F20K,SCOWL60_STABLE_2020.12.07+WN3.1
12446,12685,banquet,-12.4342,1,1,0,0,N|V,0,0,,,,,0,0,F20K,SCOWL60_STABLE_2020.12.07+WN3.1
12447,12686,barred,-12.4342,1,1,1,0,ADJ,0,0,,,,,0,0,F20K,SCOWL60_STABLE_2020.12.07+WN3.1
12448,12687,bauer,-12.4342,0,0,0,0,,0,0,,,,,0,0,F20K,SCOWL60_STABLE_2020.12.07+WN3.1
12449,12688,blossom,-12.4342,1,1,0,0,N|V,1,1,,,,blossoms,0,1,F20K,SCOWL60_STABLE_2020.12.07+WN3.1
12450,12689,bonding,-12.4342,1,1,1,0,N,0,0,,,,,0,0,F20K,SCOWL60_STABLE_2020.12.07+WN3.1
12451,12690,brackets,-12.4342,1,0,1,0,,1,0,,bracket,,,1,0,F20K,SCOWL60_STABLE_2020.12.07+WN3.1
12452,12691,breakup,-12.4342,1,1,0,0,N,0,0,,,,,0,0,F20K,SCOWL60_STABLE_2020.12.07+WN3.1
12453,12692,bruins,-12.4342,1,0,1,0,,1,0,ruins,,,,1,0,F20K,SCOWL60_STABLE_2020.12.07+WN3.1
12454,12693,capacities,-12.4342,1,1,0,0,,0,0,,,,,0,0,F20K,SCOWL60_STABLE_2020.12.07+WN3.1
12455,12694,ceremonial,-12.4342,1,1,0,0,N|ADJ,0,0,,,,,0,0,F20K,SCOWL60_STABLE_2020.12.07+WN3.1
12456,12695,circulated,-12.4342,1,0,1,0,,0,0,,,,,0,0,F20K,SCOWL60_STABLE_2020.12.07+WN3.1
12457,12696,coated,-12.4342,1,0,1,0,ADJ,0,0,,,,,0,0,F20K,SCOWL60_STABLE_2020.12.07+WN3.1
12458,12697,coded,-12.4342,1,0,1,0,,1,0,,code,,,1,0,F20K,SCOWL60_STABLE_2020.12.07+WN3.1
12459,12698,collects,-12.4342,1,0,1,0,,1,0,,collect,,,1,0,F20K,SCOWL60_STABLE_2020.12.07+WN3.1
12460,12699,confederate,-12.4342,1,1,1,0,N|V|ADJ,0,0,,,,,0,0,F20K,SCOWL60_STABLE_2020.12.07+WN3.1
12461,12700,confiscated,-12.4342,1,0,1,0,,0,0,,,,,0,0,F20K,SCOWL60_STABLE_2020.12.07+WN3.1
12462,12701,consul,-12.4342,1,1,0,0,N,1,1,,,,consult,0,1,F20K,SCOWL60_STABLE_2020.12.07+WN3.1
12463,12702,contradiction,-12.4342,1,1,0,0,N,1,1,,,,contradictions,0,1,F20K,SCOWL60_STABLE_2020.12.07+WN3.1
12464,12703,convergence,-12.4342,1,1,0,0,N,0,0,,,,,0,0,F20K,SCOWL60_STABLE_2020.12.07+WN3.1
12465,12704,cornell,-12.4342,0,0,0,0,N,0,0,,,,,0,0,F20K,SCOWL60_STABLE_2020.12.07+WN3.1
12466,12705,crunch,-12.4342,1,1,0,0,N|V,0,0,,,,,0,0,F20K,SCOWL60_STABLE_2020.12.07+WN3.1
12467,12706,cutter,-12.4342,1,1,0,0,N,1,0,utter,,,,1,0,F20K,SCOWL60_STABLE_2020.12.07+WN3.1
12468,12707,cynical,-12.4342,1,1,0,0,ADJ,0,0,,,,,0,0,F20K,SCOWL60_STABLE_2020.12.07+WN3.1
12469,12708,dang,-12.4342,1,1,0,0,,0,0,,,,,0,0,F20K,SCOWL60_STABLE_2020.12.07+WN3.1
12470,12709,deluxe,-12.4342,1,1,0,0,ADJ,0,0,,,,,0,0,F20K,SCOWL60_STABLE_2020.12.07+WN3.1
12471,12710,dementia,-12.4342,1,1,0,0,N,0,0,,,,,0,0,F20K,SCOWL60_STABLE_2020.12.07+WN3.1
12472,12711,diaries,-12.4342,1,0,1,0,,0,0,,,,,0,0,F20K,SCOWL60_STABLE_2020.12.07+WN3.1
12473,12712,distributor,-12.4342,1,1,0,0,N,1,1,,,,distributors,0,1,F20K,SCOWL60_STABLE_2020.12.07+WN3.1
12474,12713,dunn,-12.4342,0,0,0,0,,0,0,,,,,0,0,F20K,SCOWL60_STABLE_2020.12.07+WN3.1
12475,12714,edt,-12.4342,0,0,0,0,,0,0,,,,,0,0,F20K,SCOWL60_STABLE_2020.12.07+WN3.1
12476,12715,elf,-12.4342,1,1,0,0,N,1,1,,,self,,0,1,F20K,SCOWL60_STABLE_2020.12.07+WN3.1
12477,12716,embracing,-12.4342,1,0,1,0,N,0,0,,,,,0,0,F20K,SCOWL60_STABLE_2020.12.07+WN3.1
12478,12717,encryption,-12.4342,1,1,0,0,N,0,0,,,,,0,0,F20K,SCOWL60_STABLE_2020.12.07+WN3.1
12479,12718,entrusted,-12.4342,1,0,1,0,,0,0,,,,,0,0,F20K,SCOWL60_STABLE_2020.12.07+WN3.1
12480,12719,enzymes,-12.4342,1,0,1,0,,1,0,,enzyme,,,1,0,F20K,SCOWL60_STABLE_2020.12.07+WN3.1
12481,12720,erin,-12.4342,0,0,0,0,N,0,0,,,,,0,0,F20K,SCOWL60_STABLE_2020.12.07+WN3.1
12482,12721,flex,-12.4342,1,1,0,0,N|V,0,0,,,,,0,0,F20K,SCOWL60_STABLE_2020.12.07+WN3.1
12483,12722,francs,-12.4342,1,0,1,0,,0,0,,,,,0,0,F20K,SCOWL60_STABLE_2020.12.07+WN3.1
12484,12723,franz,-12.4342,0,0,0,0,,0,0,,,,,0,0,F20K,SCOWL60_STABLE_2020.12.07+WN3.1
12485,12724,furnace,-12.4342,1,1,0,0,N,0,0,,,,,0,0,F20K,SCOWL60_STABLE_2020.12.07+WN3.1
12486,12725,fuzzy,-12.4342,1,1,0,0,ADJ,0,0,,,,,0,0,F20K,SCOWL60_STABLE_2020.12.07+WN3.1
12487,12726,gallons,-12.4342,1,0,1,0,,1,0,,gallon,,,1,0,F20K,SCOWL60_STABLE_2020.12.07+WN3.1
12488,12728,gerry,-12.4342,0,0,0,0,,0,0,,,,,0,0,F20K,SCOWL60_STABLE_2020.12.07+WN3.1
12489,12729,glacier,-12.4342,1,1,0,0,N,1,1,,,,glaciers,0,1,F20K,SCOWL60_STABLE_2020.12.07+WN3.1
12490,12730,gluten,-12.4342,1,1,1,0,N,0,0,,,,,0,0,F20K,SCOWL60_STABLE_2020.12.07+WN3.1
12491,12731,goodman,-12.4342,0,0,0,0,N,0,0,,,,,0,0,F20K,SCOWL60_STABLE_2020.12.07+WN3.1
12492,12732,grammy,-12.4342,0,0,0,0,,0,0,,,,,0,0,F20K,SCOWL60_STABLE_2020.12.07+WN3.1
12493,12733,grilled,-12.4342,1,0,1,0,ADJ,0,0,,,,,0,0,F20K,SCOWL60_STABLE_2020.12.07+WN3.1
12494,12734,hanged,-12.4342,1,0,1,0,,1,1,,,changed,,0,1,F20K,SCOWL60_STABLE_2020.12.07+WN3.1
12495,12735,helena,-12.4342,0,0,0,0,N,0,0,,,,,0,0,F20K,SCOWL60_STABLE_2020.12.07+WN3.1
12496,12736,hoffman,-12.4342,0,0,0,0,N,0,0,,,,,0,0,F20K,SCOWL60_STABLE_2020.12.07+WN3.1
12497,12737,holden,-12.4342,0,0,0,0,,0,0,,,,,0,0,F20K,SCOWL60_STABLE_2020.12.07+WN3.1
12498,12738,holiness,-12.4342,1,1,1,0,N,0,0,,,,,0,0,F20K,SCOWL60_STABLE_2020.12.07+WN3.1
12499,12739,hooks,-12.4342,1,0,1,0,N,1,0,,hook,,,1,0,F20K,SCOWL60_STABLE_2020.12.07+WN3.1
12500,12740,hugs,-12.4342,1,0,1,0,,1,1,,hug,thugs,,1,1,F20K,SCOWL60_STABLE_2020.12.07+WN3.1
12501,12741,humane,-12.4342,1,1,0,0,ADJ,1,0,,human,,,1,0,F20K,SCOWL60_STABLE_2020.12.07+WN3.1
12502,12742,hydro,-12.4342,1,1,0,0,,0,0,,,,,0,0,F20K,SCOWL60_STABLE_2020.12.07+WN3.1
12503,12743,ibrahim,-12.4342,0,0,0,0,N,0,0,,,,,0,0,F20K,SCOWL60_STABLE_2020.12.07+WN3.1
12504,12744,impatient,-12.4342,1,1,0,0,ADJ,0,0,,,,,0,0,F20K,SCOWL60_STABLE_2020.12.07+WN3.1
12505,12745,implying,-12.4342,1,0,1,0,,0,0,,,,,0,0,F20K,SCOWL60_STABLE_2020.12.07+WN3.1
12506,12746,indicative,-12.4342,1,1,1,0,N|ADJ,0,0,,,,,0,0,F20K,SCOWL60_STABLE_2020.12.07+WN3.1
12507,12747,inspect,-12.4342,1,1,0,0,V,0,0,,,,,0,0,F20K,SCOWL60_STABLE_2020.12.07+WN3.1
12508,12748,insulation,-12.4342,1,1,1,0,N,0,0,,,,,0,0,F20K,SCOWL60_STABLE_2020.12.07+WN3.1
12509,12749,interrogation,-12.4342,1,1,1,0,N,0,0,,,,,0,0,F20K,SCOWL60_STABLE_2020.12.07+WN3.1
12510,12750,intimacy,-12.4342,1,1,0,0,N,0,0,,,,,0,0,F20K,SCOWL60_STABLE_2020.12.07+WN3.1
12511,12751,intriguing,-12.4342,1,1,1,0,ADJ,0,0,,,,,0,0,F20K,SCOWL60_STABLE_2020.12.07+WN3.1
12512,12752,irrational,-12.4342,1,1,0,0,N|ADJ,0,0,,,,,0,0,F20K,SCOWL60_STABLE_2020.12.07+WN3.1
12513,12753,jong,-12.4342,0,0,0,0,N,0,0,,,,,0,0,F20K,SCOWL60_STABLE_2020.12.07+WN3.1
12514,12754,judgments,-12.4342,1,0,1,0,,1,0,,judgment,,,1,0,F20K,SCOWL60_STABLE_2020.12.07+WN3.1
12515,12755,kingdoms,-12.4342,1,0,1,0,,1,0,,kingdom,,,1,0,F20K,SCOWL60_STABLE_2020.12.07+WN3.1
12516,12756,kobe,-12.4342,0,0,0,0,N,0,0,,,,,0,0,F20K,SCOWL60_STABLE_2020.12.07+WN3.1
12517,12757,kyoto,-12.4342,0,0,0,0,N,0,0,,,,,0,0,F20K,SCOWL60_STABLE_2020.12.07+WN3.1
12518,12758,lana,-12.4342,0,0,0,0,,0,0,,,,,0,0,F20K,SCOWL60_STABLE_2020.12.07+WN3.1
12519,12759,laurie,-12.4342,0,0,0,0,,0,0,,,,,0,0,F20K,SCOWL60_STABLE_2020.12.07+WN3.1
12520,12760,lima,-12.4342,0,0,0,0,N,0,0,,,,,0,0,F20K,SCOWL60_STABLE_2020.12.07+WN3.1
12521,12761,ls,-12.4342,1,0,1,0,,0,0,,,,,0,0,F20K,SCOWL60_STABLE_2020.12.07+WN3.1
12522,12762,mae,-12.4342,0,0,0,0,,0,0,,,,,0,0,F20K,SCOWL60_STABLE_2020.12.07+WN3.1
12523,12763,mai,-12.4342,0,0,0,0,,0,0,,,,,0,0,F20K,SCOWL60_STABLE_2020.12.07+WN3.1
12524,12764,marital,-12.4342,1,1,0,0,ADJ,0,0,,,,,0,0,F20K,SCOWL60_STABLE_2020.12.07+WN3.1
12525,12765,mayer,-12.4342,0,0,0,0,N,0,0,,,,,0,0,F20K,SCOWL60_STABLE_2020.12.07+WN3.1
12526,12766,mis,-12.4342,0,0,0,0,,0,0,,,,,0,0,F20K,SCOWL60_STABLE_2020.12.07+WN3.1
12527,12767,moderately,-12.4342,1,0,1,0,ADV,0,0,,,,,0,0,F20K,SCOWL60_STABLE_2020.12.07+WN3.1
12528,12768,mohamed,-12.4342,0,0,0,0,,0,0,,,,,0,0,F20K,SCOWL60_STABLE_2020.12.07+WN3.1
12529,12769,mu,-12.4342,1,1,0,0,N,1,1,,,,mum;mud;mug,0,3,F20K,SCOWL60_STABLE_2020.12.07+WN3.1
12530,12770,nairobi,-12.4342,0,0,0,0,N,0,0,,,,,0,0,F20K,SCOWL60_STABLE_2020.12.07+WN3.1
12531,12771,needless,-12.4342,1,1,0,0,ADJ,1,0,,needles,,,1,0,F20K,SCOWL60_STABLE_2020.12.07+WN3.1
12532,12772,nokia,-12.4342,0,0,0,0,,0,0,,,,,0,0,F20K,SCOWL60_STABLE_2020.12.07+WN3.1
12533,12773,noticing,-12.4342,1,0,1,0,,0,0,,,,,0,0,F20K,SCOWL60_STABLE_2020.12.07+WN3.1
12534,12774,nuns,-12.4342,1,0,1,0,,1,0,,nun,,,1,0,F20K,SCOWL60_STABLE_2020.12.07+WN3.1
12535,12775,oasis,-12.4342,1,1,0,0,N,0,0,,,,,0,0,F20K,SCOWL60_STABLE_2020.12.07+WN3.1
12536,12776,occupies,-12.4342,1,0,1,0,,0,0,,,,,0,0,F20K,SCOWL60_STABLE_2020.12.07+WN3.1
12537,12777,painters,-12.4342,1,0,1,0,,1,0,,painter,,,1,0,F20K,SCOWL60_STABLE_2020.12.07+WN3.1
12538,12778,patterson,-12.4342,0,0,0,0,,0,0,,,,,0,0,F20K,SCOWL60_STABLE_2020.12.07+WN3.1
12539,12779,paypal,-12.4342,0,0,0,0,,0,0,,,,,0,0,F20K,SCOWL60_STABLE_2020.12.07+WN3.1
12540,12780,penal,-12.4342,1,1,0,0,ADJ,0,0,,,,,0,0,F20K,SCOWL60_STABLE_2020.12.07+WN3.1
12541,12781,peyton,-12.4342,0,0,0,0,,0,0,,,,,0,0,F20K,SCOWL60_STABLE_2020.12.07+WN3.1
12542,12782,pigeon,-12.4342,1,1,0,0,N,1,1,,,,pigeons,0,1,F20K,SCOWL60_STABLE_2020.12.07+WN3.1
12543,12783,pike,-12.4342,1,1,0,0,N,1,1,,,spike,,0,1,F20K,SCOWL60_STABLE_2020.12.07+WN3.1
12544,12784,policemen,-12.4342,1,1,0,0,,0,0,,,,,0,0,F20K,SCOWL60_STABLE_2020.12.07+WN3.1
12545,12785,potassium,-12.4342,1,1,0,0,N,0,0,,,,,0,0,F20K,SCOWL60_STABLE_2020.12.07+WN3.1
12546,12786,practise,-12.4342,0,0,0,0,V,0,0,,,,,0,0,F20K,SCOWL60_STABLE_2020.12.07+WN3.1
12547,12787,professions,-12.4342,1,0,1,0,,1,0,,profession,,,1,0,F20K,SCOWL60_STABLE_2020.12.07+WN3.1
12548,12788,prostitutes,-12.4342,1,0,1,0,,1,0,,prostitute,,,1,0,F20K,SCOWL60_STABLE_2020.12.07+WN3.1
12549,12789,protesting,-12.4342,1,0,1,0,,0,0,,,,,0,0,F20K,SCOWL60_STABLE_2020.12.07+WN3.1
12550,12790,provoke,-12.4342,1,1,0,0,V,1,1,,,,provoked,0,1,F20K,SCOWL60_STABLE_2020.12.07+WN3.1
12551,12791,pudding,-12.4342,1,1,0,0,N,0,0,,,,,0,0,F20K,SCOWL60_STABLE_2020.12.07+WN3.1
12552,12792,punches,-12.4342,1,0,1,0,,0,0,,,,,0,0,F20K,SCOWL60_STABLE_2020.12.07+WN3.1
12553,12793,qualitative,-12.4342,1,1,0,0,ADJ,0,0,,,,,0,0,F20K,SCOWL60_STABLE_2020.12.07+WN3.1
12554,12794,qui,-12.4342,0,0,0,0,,0,0,,,,,0,0,F20K,SCOWL60_STABLE_2020.12.07+WN3.1
12555,12795,quota,-12.4342,1,1,0,0,N,1,1,,,,quotas,0,1,F20K,SCOWL60_STABLE_2020.12.07+WN3.1
12556,12796,raf,-12.4342,0,0,0,0,N,0,0,,,,,0,0,F20K,SCOWL60_STABLE_2020.12.07+WN3.1
12557,12797,refresh,-12.4342,1,1,0,0,V,0,0,,,,,0,0,F20K,SCOWL60_STABLE_2020.12.07+WN3.1
12558,12798,reminiscent,-12.4342,1,1,0,0,ADJ,0,0,,,,,0,0,F20K,SCOWL60_STABLE_2020.12.07+WN3.1
12559,12799,salty,-12.4342,1,1,0,0,ADJ,1,0,,salt,,,1,0,F20K,SCOWL60_STABLE_2020.12.07+WN3.1
12560,12800,seaside,-12.4342,1,1,0,0,N,0,0,,,,,0,0,F20K,SCOWL60_STABLE_2020.12.07+WN3.1
12561,12801,seminary,-12.4342,1,1,0,0,N,1,0,,seminar,,,1,0,F20K,SCOWL60_STABLE_2020.12.07+WN3.1
12562,12802,sensory,-12.4342,1,1,0,0,ADJ,1,0,,sensor,,,1,0,F20K,SCOWL60_STABLE_2020.12.07+WN3.1
12563,12803,sidewalk,-12.4342,1,1,0,0,N,0,0,,,,,0,0,F20K,SCOWL60_STABLE_2020.12.07+WN3.1
12564,12804,simulator,-12.4342,1,1,0,0,N,0,0,,,,,0,0,F20K,SCOWL60_STABLE_2020.12.07+WN3.1
12565,12805,slips,-12.4342,1,0,1,0,,1,0,lips,slip,,,2,0,F20K,SCOWL60_STABLE_2020.12.07+WN3.1
12566,12806,sm,-12.4342,0,0,0,0,N,0,0,,,,,0,0,F20K,SCOWL60_STABLE_2020.12.07+WN3.1
12567,12807,spilled,-12.4342,1,0,1,0,,0,0,,,,,0,0,F20K,SCOWL60_STABLE_2020.12.07+WN3.1
12568,12808,stalking,-12.4342,1,1,1,0,N,1,0,talking,,,,1,0,F20K,SCOWL60_STABLE_2020.12.07+WN3.1
12569,12809,succeeding,-12.4342,1,0,1,0,ADJ,0,0,,,,,0,0,F20K,SCOWL60_STABLE_2020.12.07+WN3.1
12570,12810,summarized,-12.4342,1,0,1,0,,1,0,,summarize,,,1,0,F20K,SCOWL60_STABLE_2020.12.07+WN3.1
12571,12811,summed,-12.4342,1,1,0,0,,0,0,,,,,0,0,F20K,SCOWL60_STABLE_2020.12.07+WN3.1
12572,12812,superiority,-12.4342,1,1,0,0,N,0,0,,,,,0,0,F20K,SCOWL60_STABLE_2020.12.07+WN3.1
12573,12813,sylvia,-12.4342,0,0,0,0,,0,0,,,,,0,0,F20K,SCOWL60_STABLE_2020.12.07+WN3.1
12574,12814,tamil,-12.4342,0,0,0,0,N|ADJ,0,0,,,,,0,0,F20K,SCOWL60_STABLE_2020.12.07+WN3.1
12575,12815,taxed,-12.4342,1,0,1,0,,0,0,,,,,0,0,F20K,SCOWL60_STABLE_2020.12.07+WN3.1
12576,12816,tc,-12.4342,0,0,0,0,N,0,0,,,,,0,0,F20K,SCOWL60_STABLE_2020.12.07+WN3.1
12577,12817,termed,-12.4342,1,0,1,0,,0,0,,,,,0,0,F20K,SCOWL60_STABLE_2020.12.07+WN3.1
12578,12818,tha,-12.4342,0,0,0,0,,0,0,,,,,0,0,F20K,SCOWL60_STABLE_2020.12.07+WN3.1
12579,12819,tibet,-12.4342,0,0,0,0,N,0,0,,,,,0,0,F20K,SCOWL60_STABLE_2020.12.07+WN3.1
12580,12820,tilt,-12.4342,1,1,0,0,N|V,1,0,,til,,,1,0,F20K,SCOWL60_STABLE_2020.12.07+WN3.1
12581,12821,tor,-12.4342,1,1,0,0,N,1,1,or,to,,torn;tore,2,2,F20K,SCOWL60_STABLE_2020.12.07+WN3.1
12582,12822,troll,-12.4342,1,1,0,0,N|V,1,1,roll,,stroll,trolls,1,2,F20K,SCOWL60_STABLE_2020.12.07+WN3.1
12583,12823,trumpet,-12.4342,1,1,0,0,N|V,0,0,,,,,0,0,F20K,SCOWL60_STABLE_2020.12.07+WN3.1
12584,12824,vastly,-12.4342,1,0,1,0,ADV,0,0,,,,,0,0,F20K,SCOWL60_STABLE_2020.12.07+WN3.1
12585,12825,vibration,-12.4342,1,1,1,0,N,1,1,,,,vibrations,0,1,F20K,SCOWL60_STABLE_2020.12.07+WN3.1
12586,12826,violently,-12.4342,1,0,1,0,ADV,0,0,,,,,0,0,F20K,SCOWL60_STABLE_2020.12.07+WN3.1
12587,12827,wal,-12.4342,0,0,0,0,,0,0,,,,,0,0,F20K,SCOWL60_STABLE_2020.12.07+WN3.1
12588,12828,warp,-12.4342,1,1,0,0,N|V,1,0,,war,,,1,0,F20K,SCOWL60_STABLE_2020.12.07+WN3.1
12589,12829,wasnt,-12.4342,0,0,0,0,,0,0,,,,,0,0,F20K,SCOWL60_STABLE_2020.12.07+WN3.1
12590,12830,weary,-12.4342,1,1,0,0,V|ADJ,1,0,,wear,,,1,0,F20K,SCOWL60_STABLE_2020.12.07+WN3.1
12591,12831,wh,-12.4342,0,0,0,0,,0,0,,,,,0,0,F20K,SCOWL60_STABLE_2020.12.07+WN3.1
12592,12832,accession,-12.4571,1,1,0,0,N|V,0,0,,,,,0,0,F20K,SCOWL60_STABLE_2020.12.07+WN3.1
12593,12833,accreditation,-12.4571,1,1,0,0,N,0,0,,,,,0,0,F20K,SCOWL60_STABLE_2020.12.07+WN3.1
12594,12834,adhere,-12.4571,1,1,0,0,V,0,0,,,,,0,0,F20K,SCOWL60_STABLE_2020.12.07+WN3.1
12595,12835,admiration,-12.4571,1,1,0,0,N,0,0,,,,,0,0,F20K,SCOWL60_STABLE_2020.12.07+WN3.1
12596,12836,adolescents,-12.4571,1,0,1,0,,1,0,,adolescent,,,1,0,F20K,SCOWL60_STABLE_2020.12.07+WN3.1
12597,12837,advising,-12.4571,1,0,1,0,,0,0,,,,,0,0,F20K,SCOWL60_STABLE_2020.12.07+WN3.1
12598,12838,alec,-12.4571,0,0,0,0,,0,0,,,,,0,0,F20K,SCOWL60_STABLE_2020.12.07+WN3.1
12599,12839,alloy,-12.4571,1,1,0,0,N|V,0,0,,,,,0,0,F20K,SCOWL60_STABLE_2020.12.07+WN3.1
12600,12840,angus,-12.4571,0,0,0,0,N,0,0,,,,,0,0,F20K,SCOWL60_STABLE_2020.12.07+WN3.1
12601,12841,anton,-12.4571,0,0,0,0,,0,0,,,,,0,0,F20K,SCOWL60_STABLE_2020.12.07+WN3.1
12602,12842,aux,-12.4571,1,1,0,0,,1,1,,,faux,,0,1,F20K,SCOWL60_STABLE_2020.12.07+WN3.1
12603,12843,bale,-12.4571,1,1,0,0,N|V,1,0,ale,,,,1,0,F20K,SCOWL60_STABLE_2020.12.07+WN3.1
12604,12844,barley,-12.4571,1,1,0,0,N,0,0,,,,,0,0,F20K,SCOWL60_STABLE_2020.12.07+WN3.1
12605,12845,benny,-12.4571,0,0,0,0,N,0,0,,,,,0,0,F20K,SCOWL60_STABLE_2020.12.07+WN3.1
12606,12846,bing,-12.4571,0,0,0,0,,0,0,,,,,0,0,F20K,SCOWL60_STABLE_2020.12.07+WN3.1
12607,12847,bisexual,-12.4571,1,1,0,0,N|ADJ,0,0,,,,,0,0,F20K,SCOWL60_STABLE_2020.12.07+WN3.1
12608,12848,blackberry,-12.4571,1,1,0,0,N|V,0,0,,,,,0,0,F20K,SCOWL60_STABLE_2020.12.07+WN3.1
12609,12849,braves,-12.4571,1,0,1,0,,1,0,,brave,,,1,0,F20K,SCOWL60_STABLE_2020.12.07+WN3.1
12610,12850,bullied,-12.4571,1,0,1,0,,0,0,,,,,0,0,F20K,SCOWL60_STABLE_2020.12.07+WN3.1
12611,12851,bumper,-12.4571,1,1,1,0,N,0,0,,,,,0,0,F20K,SCOWL60_STABLE_2020.12.07+WN3.1
12612,12852,calculator,-12.4571,1,1,0,0,N,0,0,,,,,0,0,F20K,SCOWL60_STABLE_2020.12.07+WN3.1
12613,12853,catastrophic,-12.4571,1,1,0,0,ADJ,0,0,,,,,0,0,F20K,SCOWL60_STABLE_2020.12.07+WN3.1
12614,12854,chamberlain,-12.4571,1,1,0,0,N,0,0,,,,,0,0,F20K,SCOWL60_STABLE_2020.12.07+WN3.1
12615,12855,climax,-12.4571,1,1,0,0,N|V,0,0,,,,,0,0,F20K,SCOWL60_STABLE_2020.12.07+WN3.1
12616,12856,clocks,-12.4571,1,0,1,0,N,1,0,locks,clock,,,2,0,F20K,SCOWL60_STABLE_2020.12.07+WN3.1
12617,12857,clone,-12.4571,1,1,0,0,N|V,1,1,lone,,,clones,1,1,F20K,SCOWL60_STABLE_2020.12.07+WN3.1
12618,12858,coaster,-12.4571,1,1,1,0,N,0,0,,,,,0,0,F20K,SCOWL60_STABLE_2020.12.07+WN3.1
12619,12859,compatibility,-12.4571,1,1,0,0,N,0,0,,,,,0,0,F20K,SCOWL60_STABLE_2020.12.07+WN3.1
12620,12860,conceded,-12.4571,1,0,1,0,,1,0,,concede,,,1,0,F20K,SCOWL60_STABLE_2020.12.07+WN3.1
12621,12861,cons,-12.4571,1,1,1,0,,1,1,,con,icons,,1,1,F20K,SCOWL60_STABLE_2020.12.07+WN3.1
12622,12862,consulate,-12.4571,1,1,0,0,N,0,0,,,,,0,0,F20K,SCOWL60_STABLE_2020.12.07+WN3.1
12623,12863,converts,-12.4571,1,0,1,0,,1,0,,convert,,,1,0,F20K,SCOWL60_STABLE_2020.12.07+WN3.1
12624,12864,currencies,-12.4571,1,0,1,0,,0,0,,,,,0,0,F20K,SCOWL60_STABLE_2020.12.07+WN3.1
12625,12865,cv,-12.4571,0,0,0,0,N|ADJ,0,0,,,,,0,0,F20K,SCOWL60_STABLE_2020.12.07+WN3.1
12626,12866,deferred,-12.4571,1,1,0,0,,0,0,,,,,0,0,F20K,SCOWL60_STABLE_2020.12.07+WN3.1
12627,12867,derive,-12.4571,1,1,1,0,V,1,1,,,,derived;derives,0,2,F20K,SCOWL60_STABLE_2020.12.07+WN3.1
12628,12868,detachment,-12.4571,1,1,1,0,N,0,0,,,,,0,0,F20K,SCOWL60_STABLE_2020.12.07+WN3.1
12629,12869,dictate,-12.4571,1,1,0,0,N|V,1,1,,,,dictated;dictates,0,2,F20K,SCOWL60_STABLE_2020.12.07+WN3.1
12630,12870,dictator,-12.4571,1,1,0,0,N,0,0,,,,,0,0,F20K,SCOWL60_STABLE_2020.12.07+WN3.1
12631,12871,ding,-12.4571,1,1,1,0,N|V,1,0,,din,,,1,0,F20K,SCOWL60_STABLE_2020.12.07+WN3.1
12632,12872,disappearing,-12.4571,1,0,1,0,N,0,0,,,,,0,0,F20K,SCOWL60_STABLE_2020.12.07+WN3.1
12633,12873,distract,-12.4571,1,1,1,0,V,0,0,,,,,0,0,F20K,SCOWL60_STABLE_2020.12.07+WN3.1
12634,12874,diversion,-12.4571,1,1,1,0,N,0,0,,,,,0,0,F20K,SCOWL60_STABLE_2020.12.07+WN3.1
12635,12875,dominic,-12.4571,0,0,0,0,N,0,0,,,,,0,0,F20K,SCOWL60_STABLE_2020.12.07+WN3.1
12636,12876,doubling,-12.4571,1,0,1,0,N,0,0,,,,,0,0,F20K,SCOWL60_STABLE_2020.12.07+WN3.1
12637,12877,drastically,-12.4571,1,1,0,0,ADV,0,0,,,,,0,0,F20K,SCOWL60_STABLE_2020.12.07+WN3.1
12638,12878,echoes,-12.4571,1,1,0,0,,0,0,,,,,0,0,F20K,SCOWL60_STABLE_2020.12.07+WN3.1
12639,12879,educating,-12.4571,1,0,1,0,,0,0,,,,,0,0,F20K,SCOWL60_STABLE_2020.12.07+WN3.1
12640,12880,eg,-12.4571,0,0,0,0,,0,0,,,,,0,0,F20K,SCOWL60_STABLE_2020.12.07+WN3.1
12641,12881,electromagnetic,-12.4571,1,1,0,0,ADJ,0,0,,,,,0,0,F20K,SCOWL60_STABLE_2020.12.07+WN3.1
12642,12882,eminent,-12.4571,1,1,0,0,ADJ,0,0,,,,,0,0,F20K,SCOWL60_STABLE_2020.12.07+WN3.1
12643,12883,enclosure,-12.4571,1,1,0,0,N,0,0,,,,,0,0,F20K,SCOWL60_STABLE_2020.12.07+WN3.1
12644,12884,ensures,-12.4571,1,0,1,0,,1,0,,ensure,,,1,0,F20K,SCOWL60_STABLE_2020.12.07+WN3.1
12645,12885,evelyn,-12.4571,0,0,0,0,,0,0,,,,,0,0,F20K,SCOWL60_STABLE_2020.12.07+WN3.1
12646,12886,examines,-12.4571,1,0,1,0,,1,0,,examine,,,1,0,F20K,SCOWL60_STABLE_2020.12.07+WN3.1
12647,12887,exposition,-12.4571,1,1,0,0,N,0,0,,,,,0,0,F20K,SCOWL60_STABLE_2020.12.07+WN3.1
12648,12888,fest,-12.4571,1,1,1,0,,1,0,est,,,,1,0,F20K,SCOWL60_STABLE_2020.12.07+WN3.1
12649,12889,filipino,-12.4571,0,0,0,0,N|ADJ,0,0,,,,,0,0,F20K,SCOWL60_STABLE_2020.12.07+WN3.1
12650,12890,fitzgerald,-12.4571,0,0,0,0,N,0,0,,,,,0,0,F20K,SCOWL60_STABLE_2020.12.07+WN3.1
12651,12891,flaw,-12.4571,1,1,0,0,N|V,1,1,law,,,flaws,1,1,F20K,SCOWL60_STABLE_2020.12.07+WN3.1
12652,12892,forrest,-12.4571,0,0,0,0,,0,0,,,,,0,0,F20K,SCOWL60_STABLE_2020.12.07+WN3.1
12653,12893,fx,-12.4571,0,0,0,0,,0,0,,,,,0,0,F20K,SCOWL60_STABLE_2020.12.07+WN3.1
12654,12894,geo,-12.4571,0,0,0,0,,0,0,,,,,0,0,F20K,SCOWL60_STABLE_2020.12.07+WN3.1
12655,12895,georges,-12.4571,0,0,0,0,,0,0,,,,,0,0,F20K,SCOWL60_STABLE_2020.12.07+WN3.1
12656,12896,handicap,-12.4571,1,1,0,0,N|V,0,0,,,,,0,0,F20K,SCOWL60_STABLE_2020.12.07+WN3.1
12657,12897,hardship,-12.4571,1,1,0,0,N,1,1,,,,hardships,0,1,F20K,SCOWL60_STABLE_2020.12.07+WN3.1
12658,12898,hash,-12.4571,1,1,0,0,N|V,1,0,ash,has,,,2,0,F20K,SCOWL60_STABLE_2020.12.07+WN3.1
12659,12899,hernandez,-12.4571,0,0,0,0,,0,0,,,,,0,0,F20K,SCOWL60_STABLE_2020.12.07+WN3.1
12660,12900,hum,-12.4571,1,1,0,0,N|V,1,1,um,,,hump,1,1,F20K,SCOWL60_STABLE_2020.12.07+WN3.1
12661,12901,humanities,-12.4571,1,1,1,0,N,0,0,,,,,0,0,F20K,SCOWL60_STABLE_2020.12.07+WN3.1
12662,12902,humility,-12.4571,1,1,0,0,N,0,0,,,,,0,0,F20K,SCOWL60_STABLE_2020.12.07+WN3.1
12663,12903,hunted,-12.4571,1,0,1,0,ADJ,0,0,,,,,0,0,F20K,SCOWL60_STABLE_2020.12.07+WN3.1
12664,12904,hyper,-12.4571,1,0,1,0,,1,0,,hype,,,1,0,F20K,SCOWL60_STABLE_2020.12.07+WN3.1
12665,12905,influx,-12.4571,1,0,1,0,N,0,0,,,,,0,0,F20K,SCOWL60_STABLE_2020.12.07+WN3.1
12666,12906,insecurity,-12.4571,1,0,1,0,N,0,0,,,,,0,0,F20K,SCOWL60_STABLE_2020.12.07+WN3.1
12667,12907,instituted,-12.4571,1,0,1,0,,1,0,,institute,,,1,0,F20K,SCOWL60_STABLE_2020.12.07+WN3.1
12668,12908,interacting,-12.4571,1,0,1,0,,0,0,,,,,0,0,F20K,SCOWL60_STABLE_2020.12.07+WN3.1
12669,12909,intercept,-12.4571,1,1,0,0,N|V,0,0,,,,,0,0,F20K,SCOWL60_STABLE_2020.12.07+WN3.1
12670,12910,jorge,-12.4571,0,0,0,0,,0,0,,,,,0,0,F20K,SCOWL60_STABLE_2020.12.07+WN3.1
12671,12911,juliet,-12.4571,0,0,0,0,,0,0,,,,,0,0,F20K,SCOWL60_STABLE_2020.12.07+WN3.1
12672,12912,kashmir,-12.4571,0,0,0,0,N,0,0,,,,,0,0,F20K,SCOWL60_STABLE_2020.12.07+WN3.1
12673,12913,kirby,-12.4571,0,0,0,0,,0,0,,,,,0,0,F20K,SCOWL60_STABLE_2020.12.07+WN3.1
12674,12914,knocks,-12.4571,1,0,1,0,,1,0,,knock,,,1,0,F20K,SCOWL60_STABLE_2020.12.07+WN3.1
12675,12915,lagos,-12.4571,0,0,0,0,N,0,0,,,,,0,0,F20K,SCOWL60_STABLE_2020.12.07+WN3.1
12676,12916,lest,-12.4571,1,0,1,0,,1,0,est,,,,1,0,F20K,SCOWL60_STABLE_2020.12.07+WN3.1
12677,12917,liberia,-12.4571,0,0,0,0,N,0,0,,,,,0,0,F20K,SCOWL60_STABLE_2020.12.07+WN3.1
12678,12918,lithuania,-12.4571,0,0,0,0,N,0,0,,,,,0,0,F20K,SCOWL60_STABLE_2020.12.07+WN3.1
12679,12919,lizard,-12.4571,1,1,0,0,N,0,0,,,,,0,0,F20K,SCOWL60_STABLE_2020.12.07+WN3.1
12680,12921,madam,-12.4571,1,1,0,0,N,1,1,,,,madame,0,1,F20K,SCOWL60_STABLE_2020.12.07+WN3.1
12681,12922,mails,-12.4571,1,0,1,0,,1,1,,mail,emails,,1,1,F20K,SCOWL60_STABLE_2020.12.07+WN3.1
12682,12923,mao,-12.4571,0,0,0,0,N,0,0,,,,,0,0,F20K,SCOWL60_STABLE_2020.12.07+WN3.1
12683,12924,maternity,-12.4571,1,1,0,0,N,0,0,,,,,0,0,F20K,SCOWL60_STABLE_2020.12.07+WN3.1
12684,12925,mccoy,-12.4571,0,0,0,0,,0,0,,,,,0,0,F20K,SCOWL60_STABLE_2020.12.07+WN3.1
12685,12926,militants,-12.4571,1,0,1,0,,1,0,,militant,,,1,0,F20K,SCOWL60_STABLE_2020.12.07+WN3.1
12686,12927,mohammad,-12.4571,0,0,0,0,N,0,0,,,,,0,0,F20K,SCOWL60_STABLE_2020.12.07+WN3.1
12687,12928,mosquito,-12.4571,1,1,0,0,N,0,0,,,,,0,0,F20K,SCOWL60_STABLE_2020.12.07+WN3.1
12688,12929,mushroom,-12.4571,1,1,0,0,N|V,1,1,,,,mushrooms,0,1,F20K,SCOWL60_STABLE_2020.12.07+WN3.1
12689,12930,niger,-12.4571,0,0,0,0,N,0,0,,,,,0,0,F20K,SCOWL60_STABLE_2020.12.07+WN3.1
12690,12931,normandy,-12.4571,0,0,0,0,N,0,0,,,,,0,0,F20K,SCOWL60_STABLE_2020.12.07+WN3.1
12691,12932,np,-12.4571,0,0,0,0,N,0,0,,,,,0,0,F20K,SCOWL60_STABLE_2020.12.07+WN3.1
12692,12933,nw,-12.4571,0,0,0,0,N,0,0,,,,,0,0,F20K,SCOWL60_STABLE_2020.12.07+WN3.1
12693,12934,obedience,-12.4571,1,1,0,0,N,0,0,,,,,0,0,F20K,SCOWL60_STABLE_2020.12.07+WN3.1
12694,12935,offend,-12.4571,1,1,0,0,V,0,0,,,,,0,0,F20K,SCOWL60_STABLE_2020.12.07+WN3.1
12695,12936,outset,-12.4571,1,1,0,0,N,0,0,,,,,0,0,F20K,SCOWL60_STABLE_2020.12.07+WN3.1
12696,12937,pagan,-12.4571,1,1,0,0,N|ADJ,0,0,,,,,0,0,F20K,SCOWL60_STABLE_2020.12.07+WN3.1
12697,12938,pd,-12.4571,1,1,0,0,N,0,0,,,,,0,0,F20K,SCOWL60_STABLE_2020.12.07+WN3.1
12698,12939,peacefully,-12.4571,1,0,1,0,ADV,0,0,,,,,0,0,F20K,SCOWL60_STABLE_2020.12.07+WN3.1
12699,12940,peas,-12.4571,1,0,1,0,,1,0,,pea,,,1,0,F20K,SCOWL60_STABLE_2020.12.07+WN3.1
12700,12941,penetrate,-12.4571,1,1,0,0,V,1,1,,,,penetrated,0,1,F20K,SCOWL60_STABLE_2020.12.07+WN3.1
12701,12942,peppers,-12.4571,1,0,1,0,,1,0,,pepper,,,1,0,F20K,SCOWL60_STABLE_2020.12.07+WN3.1
12702,12943,personalized,-12.4571,1,0,1,0,ADJ,0,0,,,,,0,0,F20K,SCOWL60_STABLE_2020.12.07+WN3.1
12703,12944,pilgrims,-12.4571,1,0,1,0,,1,0,,pilgrim,,,1,0,F20K,SCOWL60_STABLE_2020.12.07+WN3.1
12704,12945,plaque,-12.4571,1,1,0,0,N,0,0,,,,,0,0,F20K,SCOWL60_STABLE_2020.12.07+WN3.1
12705,12946,plead,-12.4571,1,1,0,0,V,1,0,lead,plea,,,2,0,F20K,SCOWL60_STABLE_2020.12.07+WN3.1
12706,12947,poultry,-12.4571,1,1,0,0,N,0,0,,,,,0,0,F20K,SCOWL60_STABLE_2020.12.07+WN3.1
12707,12948,presume,-12.4571,1,1,0,0,V,1,1,resume,,,presumed,1,1,F20K,SCOWL60_STABLE_2020.12.07+WN3.1
12708,12949,pseudo,-12.4571,1,1,0,0,N|ADJ,0,0,,,,,0,0,F20K,SCOWL60_STABLE_2020.12.07+WN3.1
12709,12950,publishes,-12.4571,1,0,1,0,,0,0,,,,,0,0,F20K,SCOWL60_STABLE_2020.12.07+WN3.1
12710,12951,puppies,-12.4571,1,0,1,0,,0,0,,,,,0,0,F20K,SCOWL60_STABLE_2020.12.07+WN3.1
12711,12952,receptors,-12.4571,1,0,1,0,,1,0,,receptor,,,1,0,F20K,SCOWL60_STABLE_2020.12.07+WN3.1
12712,12953,redundant,-12.4571,1,1,0,0,ADJ,0,0,,,,,0,0,F20K,SCOWL60_STABLE_2020.12.07+WN3.1
12713,12954,refrigerator,-12.4571,1,1,0,0,N,0,0,,,,,0,0,F20K,SCOWL60_STABLE_2020.12.07+WN3.1
12714,12955,reich,-12.4571,0,0,0,0,N,0,0,,,,,0,0,F20K,SCOWL60_STABLE_2020.12.07+WN3.1
12715,12956,researching,-12.4571,1,0,1,0,,0,0,,,,,0,0,F20K,SCOWL60_STABLE_2020.12.07+WN3.1
12716,12957,resemblance,-12.4571,1,0,1,0,N,0,0,,,,,0,0,F20K,SCOWL60_STABLE_2020.12.07+WN3.1
12717,12958,rested,-12.4571,1,0,1,0,ADJ,0,0,,,,,0,0,F20K,SCOWL60_STABLE_2020.12.07+WN3.1
12718,12959,retailer,-12.4571,1,1,0,0,N,1,1,,,,retailers,0,1,F20K,SCOWL60_STABLE_2020.12.07+WN3.1
12719,12960,ri,-12.4571,0,0,0,0,N,0,0,,,,,0,0,F20K,SCOWL60_STABLE_2020.12.07+WN3.1
12720,12961,ro,-12.4571,0,0,0,0,N,0,0,,,,,0,0,F20K,SCOWL60_STABLE_2020.12.07+WN3.1
12721,12962,rust,-12.4571,1,1,0,0,N|V|ADJ,1,1,,,trust;crust,rusty,0,3,F20K,SCOWL60_STABLE_2020.12.07+WN3.1
12722,12963,salesman,-12.4571,1,1,0,0,N,0,0,,,,,0,0,F20K,SCOWL60_STABLE_2020.12.07+WN3.1
12723,12964,salts,-12.4571,1,0,1,0,,1,0,,salt,,,1,0,F20K,SCOWL60_STABLE_2020.12.07+WN3.1
12724,12965,scarlet,-12.4571,1,1,0,0,N|ADJ,0,0,,,,,0,0,F20K,SCOWL60_STABLE_2020.12.07+WN3.1
12725,12966,schizophrenia,-12.4571,1,1,0,0,N,0,0,,,,,0,0,F20K,SCOWL60_STABLE_2020.12.07+WN3.1
12726,12967,serum,-12.4571,1,1,0,0,N,0,0,,,,,0,0,F20K,SCOWL60_STABLE_2020.12.07+WN3.1
12727,12968,shaving,-12.4571,1,1,1,0,N,1,0,having,,,,1,0,F20K,SCOWL60_STABLE_2020.12.07+WN3.1
12728,12969,shipments,-12.4571,1,1,0,0,,1,0,,shipment,,,1,0,F20K,SCOWL60_STABLE_2020.12.07+WN3.1
12729,12970,shits,-12.4571,1,0,1,1,,1,0,hits,shit,,,2,0,F20K,SCOWL60_STABLE_2020.12.07+WN3.1
12730,12971,similarity,-12.4571,1,1,0,0,N,0,0,,,,,0,0,F20K,SCOWL60_STABLE_2020.12.07+WN3.1
12731,12972,sinister,-12.4571,1,1,0,0,ADJ,0,0,,,,,0,0,F20K,SCOWL60_STABLE_2020.12.07+WN3.1
12732,12973,slain,-12.4571,1,1,0,0,N|ADJ,0,0,,,,,0,0,F20K,SCOWL60_STABLE_2020.12.07+WN3.1
12733,12974,spun,-12.4571,1,1,0,0,,1,0,pun,,,,1,0,F20K,SCOWL60_STABLE_2020.12.07+WN3.1
12734,12975,steelers,-12.4571,0,0,0,0,,0,0,,,,,0,0,F20K,SCOWL60_STABLE_2020.12.07+WN3.1
12735,12976,stitch,-12.4571,1,1,0,0,N|V,0,0,,,,,0,0,F20K,SCOWL60_STABLE_2020.12.07+WN3.1
12736,12977,sustaining,-12.4571,1,0,1,0,,0,0,,,,,0,0,F20K,SCOWL60_STABLE_2020.12.07+WN3.1
12737,12978,tally,-12.4571,1,1,0,0,N|V,1,0,ally,tall,,,2,0,F20K,SCOWL60_STABLE_2020.12.07+WN3.1
12738,12979,tapped,-12.4571,1,1,0,0,ADJ,0,0,,,,,0,0,F20K,SCOWL60_STABLE_2020.12.07+WN3.1
12739,12980,textbooks,-12.4571,1,0,1,0,,1,0,,textbook,,,1,0,F20K,SCOWL60_STABLE_2020.12.07+WN3.1
12740,12981,thankfully,-12.4571,1,0,1,0,ADV,0,0,,,,,0,0,F20K,SCOWL60_STABLE_2020.12.07+WN3.1
12741,12982,theorem,-12.4571,1,1,0,0,N,0,0,,,,,0,0,F20K,SCOWL60_STABLE_2020.12.07+WN3.1
12742,12983,tis,-12.4571,0,0,0,0,,0,0,,,,,0,0,F20K,SCOWL60_STABLE_2020.12.07+WN3.1
12743,12985,toxicity,-12.4571,1,1,0,0,N,0,0,,,,,0,0,F20K,SCOWL60_STABLE_2020.12.07+WN3.1
12744,12986,trajectory,-12.4571,1,1,0,0,N,0,0,,,,,0,0,F20K,SCOWL60_STABLE_2020.12.07+WN3.1
12745,12987,traveller,-12.4571,0,0,0,0,N,0,0,,,,,0,0,F20K,SCOWL60_STABLE_2020.12.07+WN3.1
12746,12988,trophies,-12.4571,1,0,1,0,,0,0,,,,,0,0,F20K,SCOWL60_STABLE_2020.12.07+WN3.1
12747,12989,typhoon,-12.4571,1,1,0,0,N,0,0,,,,,0,0,F20K,SCOWL60_STABLE_2020.12.07+WN3.1
12748,12990,uc,-12.4571,0,0,0,0,,0,0,,,,,0,0,F20K,SCOWL60_STABLE_2020.12.07+WN3.1
12749,12991,viking,-12.4571,1,1,0,0,N,1,1,,,,vikings,0,1,F20K,SCOWL60_STABLE_2020.12.07+WN3.1
12750,12992,vita,-12.4571,1,1,0,0,,1,1,,,,vital,0,1,F20K,SCOWL60_STABLE_2020.12.07+WN3.1
12751,12993,vow,-12.4571,1,1,0,0,N|V,1,1,ow,,,vows,1,1,F20K,SCOWL60_STABLE_2020.12.07+WN3.1
12752,12994,waiter,-12.4571,1,1,1,0,N,0,0,,,,,0,0,F20K,SCOWL60_STABLE_2020.12.07+WN3.1
12753,12995,weber,-12.4571,0,0,0,0,N,0,0,,,,,0,0,F20K,SCOWL60_STABLE_2020.12.07+WN3.1
12754,12996,wisely,-12.4571,1,0,1,0,ADV,0,0,,,,,0,0,F20K,SCOWL60_STABLE_2020.12.07+WN3.1
12755,12997,adolescent,-12.4805,1,1,0,0,N|ADJ,1,1,,,,adolescents,0,1,F20K,SCOWL60_STABLE_2020.12.07+WN3.1
12756,12998,adore,-12.4805,1,1,0,0,V,1,1,,,,adored,0,1,F20K,SCOWL60_STABLE_2020.12.07+WN3.1
12757,12999,advisors,-12.4805,1,0,1,0,,1,0,,advisor,,,1,0,F20K,SCOWL60_STABLE_2020.12.07+WN3.1
12758,13000,algae,-12.4805,1,1,0,0,N,0,0,,,,,0,0,F20K,SCOWL60_STABLE_2020.12.07+WN3.1
12759,13001,armored,-12.4805,1,1,1,0,ADJ,0,0,,,,,0,0,F20K,SCOWL60_STABLE_2020.12.07+WN3.1
12760,13002,assemblies,-12.4805,1,1,0,0,,0,0,,,,,0,0,F20K,SCOWL60_STABLE_2020.12.07+WN3.1
12761,13003,australians,-12.4805,0,0,0,0,,0,0,,,,,0,0,F20K,SCOWL60_STABLE_2020.12.07+WN3.1
12762,13004,awaits,-12.4805,1,0,1,0,,1,0,waits,await,,,2,0,F20K,SCOWL60_STABLE_2020.12.07+WN3.1
12763,13006,bach,-12.4805,0,0,0,0,N|V,0,0,,,,,0,0,F20K,SCOWL60_STABLE_2020.12.07+WN3.1
12764,13007,baden,-12.4805,0,0,0,0,,0,0,,,,,0,0,F20K,SCOWL60_STABLE_2020.12.07+WN3.1
12765,13008,bathrooms,-12.4805,1,0,1,0,,1,0,,bathroom,,,1,0,F20K,SCOWL60_STABLE_2020.12.07+WN3.1
12766,13009,begged,-12.4805,1,1,0,0,,0,0,,,,,0,0,F20K,SCOWL60_STABLE_2020.12.07+WN3.1
12767,13010,bladder,-12.4805,1,1,0,0,N,1,0,ladder,,,,1,0,F20K,SCOWL60_STABLE_2020.12.07+WN3.1
12768,13012,bolton,-12.4805,0,0,0,0,,0,0,,,,,0,0,F20K,SCOWL60_STABLE_2020.12.07+WN3.1
12769,13013,bombed,-12.4805,1,0,1,0,,0,0,,,,,0,0,F20K,SCOWL60_STABLE_2020.12.07+WN3.1
12770,13014,bracelet,-12.4805,1,1,0,0,N,1,1,,,,bracelets,0,1,F20K,SCOWL60_STABLE_2020.12.07+WN3.1
12771,13015,brennan,-12.4805,0,0,0,0,,0,0,,,,,0,0,F20K,SCOWL60_STABLE_2020.12.07+WN3.1
12772,13016,buds,-12.4805,1,0,1,0,,1,0,,bud,,,1,0,F20K,SCOWL60_STABLE_2020.12.07+WN3.1
12773,13017,buff,-12.4805,1,1,0,0,N|V|ADJ,0,0,,,,,0,0,F20K,SCOWL60_STABLE_2020.12.07+WN3.1
12774,13018,bulldogs,-12.4805,1,0,1,0,,1,0,,bulldog,,,1,0,F20K,SCOWL60_STABLE_2020.12.07+WN3.1
12775,13019,calculus,-12.4805,1,1,0,0,N,0,0,,,,,0,0,F20K,SCOWL60_STABLE_2020.12.07+WN3.1
12776,13020,canberra,-12.4805,0,0,0,0,N,0,0,,,,,0,0,F20K,SCOWL60_STABLE_2020.12.07+WN3.1
12777,13021,cannes,-12.4805,0,0,0,0,N,0,0,,,,,0,0,F20K,SCOWL60_STABLE_2020.12.07+WN3.1
12778,13022,canton,-12.4805,1,1,0,0,N|V,0,0,,,,,0,0,F20K,SCOWL60_STABLE_2020.12.07+WN3.1
12779,13023,careless,-12.4805,1,1,0,0,ADJ,0,0,,,,,0,0,F20K,SCOWL60_STABLE_2020.12.07+WN3.1
12780,13024,cedar,-12.4805,1,1,0,0,N,0,0,,,,,0,0,F20K,SCOWL60_STABLE_2020.12.07+WN3.1
12781,13025,chronicles,-12.4805,1,0,1,0,,1,0,,chronicle,,,1,0,F20K,SCOWL60_STABLE_2020.12.07+WN3.1
12782,13026,clans,-12.4805,1,0,1,0,,1,0,,clan,,,1,0,F20K,SCOWL60_STABLE_2020.12.07+WN3.1
12783,13027,clashes,-12.4805,1,0,1,0,,1,0,lashes,,,,1,0,F20K,SCOWL60_STABLE_2020.12.07+WN3.1
12784,13028,classmates,-12.4805,1,0,1,0,,1,0,,classmate,,,1,0,F20K,SCOWL60_STABLE_2020.12.07+WN3.1
12785,13029,colt,-12.4805,1,1,0,0,N,1,1,,col,,colts,1,1,F20K,SCOWL60_STABLE_2020.12.07+WN3.1
12786,13030,compose,-12.4805,1,1,0,0,V,1,1,,,,composed;composer,0,2,F20K,SCOWL60_STABLE_2020.12.07+WN3.1
12787,13031,contestants,-12.4805,1,0,1,0,,1,0,,contestant,,,1,0,F20K,SCOWL60_STABLE_2020.12.07+WN3.1
12788,13032,coolest,-12.4805,1,0,1,0,,0,0,,,,,0,0,F20K,SCOWL60_STABLE_2020.12.07+WN3.1
12789,13033,courtroom,-12.4805,1,1,0,0,N,0,0,,,,,0,0,F20K,SCOWL60_STABLE_2020.12.07+WN3.1
12790,13034,cove,-12.4805,1,1,0,0,N,1,1,,,,cover,0,1,F20K,SCOWL60_STABLE_2020.12.07+WN3.1
12791,13035,coward,-12.4805,1,1,0,0,N,0,0,,,,,0,0,F20K,SCOWL60_STABLE_2020.12.07+WN3.1
12792,13036,crafted,-12.4805,1,0,1,0,,0,0,,,,,0,0,F20K,SCOWL60_STABLE_2020.12.07+WN3.1
12793,13037,creations,-12.4805,1,0,1,0,,1,0,,creation,,,1,0,F20K,SCOWL60_STABLE_2020.12.07+WN3.1
12794,13038,crooked,-12.4805,1,1,1,0,ADJ,0,0,,,,,0,0,F20K,SCOWL60_STABLE_2020.12.07+WN3.1
12795,13039,dans,-12.4805,0,0,0,0,,0,0,,,,,0,0,F20K,SCOWL60_STABLE_2020.12.07+WN3.1
12796,13040,darn,-12.4805,1,1,0,0,N|V,0,0,,,,,0,0,F20K,SCOWL60_STABLE_2020.12.07+WN3.1
12797,13041,dealings,-12.4805,1,0,1,0,N,1,0,,dealing,,,1,0,F20K,SCOWL60_STABLE_2020.12.07+WN3.1
12798,13042,deficits,-12.4805,1,0,1,0,,1,0,,deficit,,,1,0,F20K,SCOWL60_STABLE_2020.12.07+WN3.1
12799,13043,demolition,-12.4805,1,1,0,0,N,0,0,,,,,0,0,F20K,SCOWL60_STABLE_2020.12.07+WN3.1
12800,13044,descending,-12.4805,1,0,1,0,ADJ,0,0,,,,,0,0,F20K,SCOWL60_STABLE_2020.12.07+WN3.1
12801,13045,dew,-12.4805,1,1,0,0,N,0,0,,,,,0,0,F20K,SCOWL60_STABLE_2020.12.07+WN3.1
12802,13046,dialect,-12.4805,1,1,0,0,N,1,1,,,,dialects,0,1,F20K,SCOWL60_STABLE_2020.12.07+WN3.1
12803,13047,discontinued,-12.4805,1,0,1,0,ADJ,0,0,,,,,0,0,F20K,SCOWL60_STABLE_2020.12.07+WN3.1
12804,13048,dispose,-12.4805,1,0,1,0,V,1,1,,,,disposed,0,1,F20K,SCOWL60_STABLE_2020.12.07+WN3.1
12805,13049,doctoral,-12.4805,1,1,0,0,ADJ,0,0,,,,,0,0,F20K,SCOWL60_STABLE_2020.12.07+WN3.1
12806,13050,dorm,-12.4805,1,1,0,0,N,0,0,,,,,0,0,F20K,SCOWL60_STABLE_2020.12.07+WN3.1
12807,13051,driveway,-12.4805,1,1,0,0,N,0,0,,,,,0,0,F20K,SCOWL60_STABLE_2020.12.07+WN3.1
12808,13052,economical,-12.4805,1,1,0,0,ADJ,0,0,,,,,0,0,F20K,SCOWL60_STABLE_2020.12.07+WN3.1
12809,13053,electro,-12.4805,0,0,0,0,,0,0,,,,,0,0,F20K,SCOWL60_STABLE_2020.12.07+WN3.1
12810,13054,empathy,-12.4805,1,1,0,0,N,0,0,,,,,0,0,F20K,SCOWL60_STABLE_2020.12.07+WN3.1
12811,13055,entertained,-12.4805,1,0,1,0,ADJ,0,0,,,,,0,0,F20K,SCOWL60_STABLE_2020.12.07+WN3.1
12812,13056,erection,-12.4805,1,1,0,0,N,0,0,,,,,0,0,F20K,SCOWL60_STABLE_2020.12.07+WN3.1
12813,13057,escapes,-12.4805,1,0,1,0,,1,0,,escape,,,1,0,F20K,SCOWL60_STABLE_2020.12.07+WN3.1
12814,13058,ethan,-12.4805,0,0,0,0,,0,0,,,,,0,0,F20K,SCOWL60_STABLE_2020.12.07+WN3.1
12815,13059,examiner,-12.4805,1,1,0,0,N,1,0,,examine,,,1,0,F20K,SCOWL60_STABLE_2020.12.07+WN3.1
12816,13060,excellency,-12.4805,1,1,0,0,N,0,0,,,,,0,0,F20K,SCOWL60_STABLE_2020.12.07+WN3.1
12817,13061,executions,-12.4805,1,0,1,0,,1,0,,execution,,,1,0,F20K,SCOWL60_STABLE_2020.12.07+WN3.1
12818,13062,expands,-12.4805,1,0,1,0,,1,0,,expand,,,1,0,F20K,SCOWL60_STABLE_2020.12.07+WN3.1
12819,13063,fading,-12.4805,1,1,1,0,N,0,0,,,,,0,0,F20K,SCOWL60_STABLE_2020.12.07+WN3.1
12820,13064,fantasies,-12.4805,1,0,1,0,,0,0,,,,,0,0,F20K,SCOWL60_STABLE_2020.12.07+WN3.1
12821,13065,fauna,-12.4805,1,1,0,0,N,0,0,,,,,0,0,F20K,SCOWL60_STABLE_2020.12.07+WN3.1
12822,13066,feminists,-12.4805,1,0,1,0,,1,0,,feminist,,,1,0,F20K,SCOWL60_STABLE_2020.12.07+WN3.1
12823,13067,fiery,-12.4805,1,1,0,0,ADJ,0,0,,,,,0,0,F20K,SCOWL60_STABLE_2020.12.07+WN3.1
12824,13068,fiji,-12.4805,0,0,0,0,N,0,0,,,,,0,0,F20K,SCOWL60_STABLE_2020.12.07+WN3.1
12825,13069,fireplace,-12.4805,1,1,0,0,N,0,0,,,,,0,0,F20K,SCOWL60_STABLE_2020.12.07+WN3.1
12826,13070,flipped,-12.4805,1,1,0,0,,0,0,,,,,0,0,F20K,SCOWL60_STABLE_2020.12.07+WN3.1
12827,13071,flynn,-12.4805,0,0,0,0,,0,0,,,,,0,0,F20K,SCOWL60_STABLE_2020.12.07+WN3.1
12828,13072,fuss,-12.4805,1,1,0,0,N|V,0,0,,,,,0,0,F20K,SCOWL60_STABLE_2020.12.07+WN3.1
12829,13073,gangster,-12.4805,1,1,0,0,N,0,0,,,,,0,0,F20K,SCOWL60_STABLE_2020.12.07+WN3.1
12830,13074,gears,-12.4805,1,0,1,0,,1,0,ears,gear,,,2,0,F20K,SCOWL60_STABLE_2020.12.07+WN3.1
12831,13075,gigs,-12.4805,1,0,1,0,,1,0,,gig,,,1,0,F20K,SCOWL60_STABLE_2020.12.07+WN3.1
12832,13076,gill,-12.4805,1,1,0,0,N,1,0,ill,,,,1,0,F20K,SCOWL60_STABLE_2020.12.07+WN3.1
12833,13077,groceries,-12.4805,1,0,1,0,,0,0,,,,,0,0,F20K,SCOWL60_STABLE_2020.12.07+WN3.1
12834,13078,groom,-12.4805,1,1,0,0,N|V,1,0,room,,,,1,0,F20K,SCOWL60_STABLE_2020.12.07+WN3.1
12835,13079,handwriting,-12.4805,1,1,0,0,N,0,0,,,,,0,0,F20K,SCOWL60_STABLE_2020.12.07+WN3.1
12836,13080,havana,-12.4805,0,0,0,0,N,0,0,,,,,0,0,F20K,SCOWL60_STABLE_2020.12.07+WN3.1
12837,13081,hawkins,-12.4805,0,0,0,0,N,0,0,,,,,0,0,F20K,SCOWL60_STABLE_2020.12.07+WN3.1
12838,13082,hoc,-12.4805,1,1,0,0,,1,0,,ho,,,1,0,F20K,SCOWL60_STABLE_2020.12.07+WN3.1
12839,13083,hogan,-12.4805,1,1,0,0,N,0,0,,,,,0,0,F20K,SCOWL60_STABLE_2020.12.07+WN3.1
12840,13084,horny,-12.4805,1,1,0,0,ADJ,1,0,,horn,,,1,0,F20K,SCOWL60_STABLE_2020.12.07+WN3.1
12841,13085,horrific,-12.4805,1,1,0,0,ADJ,0,0,,,,,0,0,F20K,SCOWL60_STABLE_2020.12.07+WN3.1
12842,13086,humiliation,-12.4805,1,1,1,0,N,0,0,,,,,0,0,F20K,SCOWL60_STABLE_2020.12.07+WN3.1
12843,13087,indoors,-12.4805,1,0,1,0,ADV,1,0,,indoor,,,1,0,F20K,SCOWL60_STABLE_2020.12.07+WN3.1
12844,13088,informative,-12.4805,1,1,0,0,ADJ,0,0,,,,,0,0,F20K,SCOWL60_STABLE_2020.12.07+WN3.1
12845,13089,informing,-12.4805,1,0,1,0,N,0,0,,,,,0,0,F20K,SCOWL60_STABLE_2020.12.07+WN3.1
12846,13090,informs,-12.4805,1,0,1,0,,1,0,,inform,,,1,0,F20K,SCOWL60_STABLE_2020.12.07+WN3.1
12847,13091,infringement,-12.4805,1,1,0,0,N,0,0,,,,,0,0,F20K,SCOWL60_STABLE_2020.12.07+WN3.1
12848,13092,inherently,-12.4805,1,0,1,0,ADV,0,0,,,,,0,0,F20K,SCOWL60_STABLE_2020.12.07+WN3.1
12849,13093,interpreting,-12.4805,1,0,1,0,N,0,0,,,,,0,0,F20K,SCOWL60_STABLE_2020.12.07+WN3.1
12850,13094,interviewing,-12.4805,1,0,1,0,,0,0,,,,,0,0,F20K,SCOWL60_STABLE_2020.12.07+WN3.1
12851,13095,irritating,-12.4805,1,1,1,0,ADJ,0,0,,,,,0,0,F20K,SCOWL60_STABLE_2020.12.07+WN3.1
12852,13096,isles,-12.4805,1,0,1,0,,1,0,,isle,,,1,0,F20K,SCOWL60_STABLE_2020.12.07+WN3.1
12853,13097,janeiro,-12.4805,0,0,0,0,,0,0,,,,,0,0,F20K,SCOWL60_STABLE_2020.12.07+WN3.1
12854,13098,jurisdictions,-12.4805,1,0,1,0,,1,0,,jurisdiction,,,1,0,F20K,SCOWL60_STABLE_2020.12.07+WN3.1
12855,13099,kerr,-12.4805,0,0,0,0,,0,0,,,,,0,0,F20K,SCOWL60_STABLE_2020.12.07+WN3.1
12856,13100,kite,-12.4805,1,1,0,0,N|V,1,0,,kit,,,1,0,F20K,SCOWL60_STABLE_2020.12.07+WN3.1
12857,13101,koch,-12.4805,0,0,0,0,N,0,0,,,,,0,0,F20K,SCOWL60_STABLE_2020.12.07+WN3.1
12858,13102,kris,-12.4805,0,0,0,0,N,0,0,,,,,0,0,F20K,SCOWL60_STABLE_2020.12.07+WN3.1
12859,13103,levi,-12.4805,0,0,0,0,N,0,0,,,,,0,0,F20K,SCOWL60_STABLE_2020.12.07+WN3.1
12860,13104,listens,-12.4805,1,0,1,0,,1,0,,listen,,,1,0,F20K,SCOWL60_STABLE_2020.12.07+WN3.1
12861,13105,lodged,-12.4805,1,0,1,0,,1,0,,lodge,,,1,0,F20K,SCOWL60_STABLE_2020.12.07+WN3.1
12862,13106,longtime,-12.4805,1,1,0,0,ADJ,0,0,,,,,0,0,F20K,SCOWL60_STABLE_2020.12.07+WN3.1
12863,13107,lumber,-12.4805,1,1,0,0,N|V,0,0,,,,,0,0,F20K,SCOWL60_STABLE_2020.12.07+WN3.1
12864,13108,lydia,-12.4805,0,0,0,0,N,0,0,,,,,0,0,F20K,SCOWL60_STABLE_2020.12.07+WN3.1
12865,13109,majestic,-12.4805,1,1,0,0,ADJ,0,0,,,,,0,0,F20K,SCOWL60_STABLE_2020.12.07+WN3.1
12866,13110,mariners,-12.4805,1,0,1,0,,0,0,,,,,0,0,F20K,SCOWL60_STABLE_2020.12.07+WN3.1
12867,13111,mets,-12.4805,0,0,0,0,,0,0,,,,,0,0,F20K,SCOWL60_STABLE_2020.12.07+WN3.1
12868,13112,mister,-12.4805,1,0,1,0,N,0,0,,,,,0,0,F20K,SCOWL60_STABLE_2020.12.07+WN3.1
12869,13113,moonlight,-12.4805,1,1,0,0,N|V,0,0,,,,,0,0,F20K,SCOWL60_STABLE_2020.12.07+WN3.1
12870,13114,naomi,-12.4805,0,0,0,0,N,0,0,,,,,0,0,F20K,SCOWL60_STABLE_2020.12.07+WN3.1
12871,13115,nd,-12.4805,0,0,0,0,N,0,0,,,,,0,0,F20K,SCOWL60_STABLE_2020.12.07+WN3.1
12872,13116,needy,-12.4805,1,1,0,0,N|ADJ,1,0,,need,,,1,0,F20K,SCOWL60_STABLE_2020.12.07+WN3.1
12873,13117,ness,-12.4805,0,0,0,0,N,0,0,,,,,0,0,F20K,SCOWL60_STABLE_2020.12.07+WN3.1
12874,13118,nightclub,-12.4805,1,1,0,0,N,0,0,,,,,0,0,F20K,SCOWL60_STABLE_2020.12.07+WN3.1
12875,13119,norris,-12.4805,0,0,0,0,N,0,0,,,,,0,0,F20K,SCOWL60_STABLE_2020.12.07+WN3.1
12876,13120,optimum,-12.4805,1,1,0,0,N|ADJ,0,0,,,,,0,0,F20K,SCOWL60_STABLE_2020.12.07+WN3.1
12877,13121,orbital,-12.4805,1,1,0,0,ADJ,0,0,,,,,0,0,F20K,SCOWL60_STABLE_2020.12.07+WN3.1
12878,13122,organising,-12.4805,0,0,0,0,,0,0,,,,,0,0,F20K,SCOWL60_STABLE_2020.12.07+WN3.1
12879,13123,orphan,-12.4805,1,1,0,0,N|V,1,1,,,,orphans,0,1,F20K,SCOWL60_STABLE_2020.12.07+WN3.1
12880,13124,osborne,-12.4805,0,0,0,0,N,0,0,,,,,0,0,F20K,SCOWL60_STABLE_2020.12.07+WN3.1
12881,13125,outsiders,-12.4805,1,0,1,0,,1,0,,outsider,,,1,0,F20K,SCOWL60_STABLE_2020.12.07+WN3.1
12882,13126,passwords,-12.4805,1,0,1,0,,1,0,,password,,,1,0,F20K,SCOWL60_STABLE_2020.12.07+WN3.1
12883,13127,perkins,-12.4805,0,0,0,0,,0,0,,,,,0,0,F20K,SCOWL60_STABLE_2020.12.07+WN3.1
12884,13128,pertaining,-12.4805,1,0,1,0,,0,0,,,,,0,0,F20K,SCOWL60_STABLE_2020.12.07+WN3.1
12885,13129,pest,-12.4805,1,1,1,0,N,1,1,est,,,pests,1,1,F20K,SCOWL60_STABLE_2020.12.07+WN3.1
12886,13130,plural,-12.4805,1,1,0,0,N|ADJ,0,0,,,,,0,0,F20K,SCOWL60_STABLE_2020.12.07+WN3.1
12887,13131,plymouth,-12.4805,0,0,0,0,N,0,0,,,,,0,0,F20K,SCOWL60_STABLE_2020.12.07+WN3.1
12888,13132,procedural,-12.4805,1,1,0,0,ADJ,0,0,,,,,0,0,F20K,SCOWL60_STABLE_2020.12.07+WN3.1
12889,13133,processors,-12.4805,1,0,1,0,,1,0,,processor,,,1,0,F20K,SCOWL60_STABLE_2020.12.07+WN3.1
12890,13134,procurement,-12.4805,1,1,0,0,N,0,0,,,,,0,0,F20K,SCOWL60_STABLE_2020.12.07+WN3.1
12891,13135,promo,-12.4805,1,1,1,0,N,1,0,,prom,,,1,0,F20K,SCOWL60_STABLE_2020.12.07+WN3.1
12892,13136,rams,-12.4805,1,0,1,0,,1,1,,ram,grams,,1,1,F20K,SCOWL60_STABLE_2020.12.07+WN3.1
12893,13137,rant,-12.4805,1,1,0,0,N|V,1,1,ant,ran,grant,,2,1,F20K,SCOWL60_STABLE_2020.12.07+WN3.1
12894,13138,rc,-12.4805,0,0,0,0,,0,0,,,,,0,0,F20K,SCOWL60_STABLE_2020.12.07+WN3.1
12895,13139,reacting,-12.4805,1,0,1,0,,0,0,,,,,0,0,F20K,SCOWL60_STABLE_2020.12.07+WN3.1
12896,13140,receivers,-12.4805,1,0,1,0,,1,0,,receiver,,,1,0,F20K,SCOWL60_STABLE_2020.12.07+WN3.1
12897,13141,retro,-12.4805,1,1,0,0,N|ADJ,0,0,,,,,0,0,F20K,SCOWL60_STABLE_2020.12.07+WN3.1
12898,13142,rhyme,-12.4805,1,1,0,0,N|V,1,1,,,,rhymes,0,1,F20K,SCOWL60_STABLE_2020.12.07+WN3.1
12899,13143,rm,-12.4805,1,1,0,0,,1,1,,,arm,,0,1,F20K,SCOWL60_STABLE_2020.12.07+WN3.1
12900,13144,roasted,-12.4805,1,0,1,0,ADJ,0,0,,,,,0,0,F20K,SCOWL60_STABLE_2020.12.07+WN3.1
12901,13145,sane,-12.4805,1,1,0,0,ADJ,0,0,,,,,0,0,F20K,SCOWL60_STABLE_2020.12.07+WN3.1
12902,13146,scaling,-12.4805,1,0,1,0,N,0,0,,,,,0,0,F20K,SCOWL60_STABLE_2020.12.07+WN3.1
12903,13147,screws,-12.4805,1,0,1,0,,1,0,crews,screw,,,2,0,F20K,SCOWL60_STABLE_2020.12.07+WN3.1
12904,13148,scriptures,-12.4805,1,0,1,0,,1,0,,scripture,,,1,0,F20K,SCOWL60_STABLE_2020.12.07+WN3.1
12905,13149,sediment,-12.4805,1,1,0,0,N|V,1,1,,,,sediments,0,1,F20K,SCOWL60_STABLE_2020.12.07+WN3.1
12906,13150,senegal,-12.4805,0,0,0,0,N,0,0,,,,,0,0,F20K,SCOWL60_STABLE_2020.12.07+WN3.1
12907,13152,sicily,-12.4805,0,0,0,0,N,0,0,,,,,0,0,F20K,SCOWL60_STABLE_2020.12.07+WN3.1
12908,13153,sis,-12.4805,1,1,0,0,N,1,0,is,,,,1,0,F20K,SCOWL60_STABLE_2020.12.07+WN3.1
12909,13154,slippery,-12.4805,1,1,0,0,ADJ,0,0,,,,,0,0,F20K,SCOWL60_STABLE_2020.12.07+WN3.1
12910,13155,snaps,-12.4805,1,0,1,0,,1,0,,snap,,,1,0,F20K,SCOWL60_STABLE_2020.12.07+WN3.1
12911,13156,speedy,-12.4805,1,1,0,0,ADJ,1,0,,speed,,,1,0,F20K,SCOWL60_STABLE_2020.12.07+WN3.1
12912,13157,springfield,-12.4805,0,0,0,0,N,0,0,,,,,0,0,F20K,SCOWL60_STABLE_2020.12.07+WN3.1
12913,13158,stimulating,-12.4805,1,0,1,0,ADJ,0,0,,,,,0,0,F20K,SCOWL60_STABLE_2020.12.07+WN3.1
12914,13159,storing,-12.4805,1,0,1,0,,0,0,,,,,0,0,F20K,SCOWL60_STABLE_2020.12.07+WN3.1
12915,13160,stumbled,-12.4805,1,0,1,0,,1,0,,stumble,,,1,0,F20K,SCOWL60_STABLE_2020.12.07+WN3.1
12916,13161,stunned,-12.4805,1,1,0,0,ADJ,0,0,,,,,0,0,F20K,SCOWL60_STABLE_2020.12.07+WN3.1
12917,13162,superficial,-12.4805,1,1,0,0,ADJ,0,0,,,,,0,0,F20K,SCOWL60_STABLE_2020.12.07+WN3.1
12918,13163,suppressed,-12.4805,1,0,1,0,ADJ,0,0,,,,,0,0,F20K,SCOWL60_STABLE_2020.12.07+WN3.1
12919,13164,syntax,-12.4805,1,1,0,0,N,0,0,,,,,0,0,F20K,SCOWL60_STABLE_2020.12.07+WN3.1
12920,13165,tolerant,-12.4805,1,1,0,0,ADJ,0,0,,,,,0,0,F20K,SCOWL60_STABLE_2020.12.07+WN3.1
12921,13166,tt,-12.4805,0,0,0,0,N,0,0,,,,,0,0,F20K,SCOWL60_STABLE_2020.12.07+WN3.1
12922,13168,umm,-12.4805,0,0,0,0,,0,0,,,,,0,0,F20K,SCOWL60_STABLE_2020.12.07+WN3.1
12923,13169,unseen,-12.4805,1,1,1,0,N|ADJ,0,0,,,,,0,0,F20K,SCOWL60_STABLE_2020.12.07+WN3.1
12924,13170,validation,-12.4805,1,1,1,0,N,0,0,,,,,0,0,F20K,SCOWL60_STABLE_2020.12.07+WN3.1
12925,13171,vile,-12.4805,1,1,0,0,ADJ,0,0,,,,,0,0,F20K,SCOWL60_STABLE_2020.12.07+WN3.1
12926,13172,watershed,-12.4805,1,1,0,0,N,0,0,,,,,0,0,F20K,SCOWL60_STABLE_2020.12.07+WN3.1
12927,13173,whispers,-12.4805,1,0,1,0,,1,0,,whisper,,,1,0,F20K,SCOWL60_STABLE_2020.12.07+WN3.1
12928,13174,woah,-12.4805,0,0,0,0,,0,0,,,,,0,0,F20K,SCOWL60_STABLE_2020.12.07+WN3.1
12929,13176,abducted,-12.5018,1,0,1,0,,0,0,,,,,0,0,F20K,SCOWL60_STABLE_2020.12.07+WN3.1
12930,13177,abdullah,-12.5018,0,0,0,0,,0,0,,,,,0,0,F20K,SCOWL60_STABLE_2020.12.07+WN3.1
12931,13178,abusing,-12.5018,1,0,1,0,,0,0,,,,,0,0,F20K,SCOWL60_STABLE_2020.12.07+WN3.1
12932,13179,adulthood,-12.5018,1,1,0,0,N,0,0,,,,,0,0,F20K,SCOWL60_STABLE_2020.12.07+WN3.1
12933,13180,advertise,-12.5018,1,1,0,0,V,1,1,,,,advertised;advertiser,0,2,F20K,SCOWL60_STABLE_2020.12.07+WN3.1
12934,13181,aesthetics,-12.5018,1,1,1,0,N,1,0,,aesthetic,,,1,0,F20K,SCOWL60_STABLE_2020.12.07+WN3.1
12935,13182,agony,-12.5018,1,1,0,0,N,0,0,,,,,0,0,F20K,SCOWL60_STABLE_2020.12.07+WN3.1
12936,13183,aha,-12.5018,1,1,0,0,,1,0,ha,ah,,,2,0,F20K,SCOWL60_STABLE_2020.12.07+WN3.1
12937,13184,amused,-12.5018,1,0,1,0,ADJ,0,0,,,,,0,0,F20K,SCOWL60_STABLE_2020.12.07+WN3.1
12938,13185,angelo,-12.5018,0,0,0,0,,0,0,,,,,0,0,F20K,SCOWL60_STABLE_2020.12.07+WN3.1
12939,13186,ankara,-12.5018,0,0,0,0,N,0,0,,,,,0,0,F20K,SCOWL60_STABLE_2020.12.07+WN3.1
12940,13187,announcer,-12.5018,1,1,1,0,N,1,0,,announce,,,1,0,F20K,SCOWL60_STABLE_2020.12.07+WN3.1
12941,13188,antoine,-12.5018,0,0,0,0,,0,0,,,,,0,0,F20K,SCOWL60_STABLE_2020.12.07+WN3.1
12942,13189,apache,-12.5018,0,0,0,0,N,0,0,,,,,0,0,F20K,SCOWL60_STABLE_2020.12.07+WN3.1
12943,13190,auckland,-12.5018,0,0,0,0,N,0,0,,,,,0,0,F20K,SCOWL60_STABLE_2020.12.07+WN3.1
12944,13191,audi,-12.5018,0,0,0,0,,0,0,,,,,0,0,F20K,SCOWL60_STABLE_2020.12.07+WN3.1
12945,13192,authorised,-12.5018,0,0,0,0,ADJ,0,0,,,,,0,0,F20K,SCOWL60_STABLE_2020.12.07+WN3.1
12946,13193,barney,-12.5018,1,1,0,0,,0,0,,,,,0,0,F20K,SCOWL60_STABLE_2020.12.07+WN3.1
12947,13194,bates,-12.5018,1,0,1,0,,0,0,,,,,0,0,F20K,SCOWL60_STABLE_2020.12.07+WN3.1
12948,13195,beaver,-12.5018,1,1,0,0,N|V,0,0,,,,,0,0,F20K,SCOWL60_STABLE_2020.12.07+WN3.1
12949,13196,biscuits,-12.5018,1,0,1,0,,1,0,,biscuit,,,1,0,F20K,SCOWL60_STABLE_2020.12.07+WN3.1
12950,13197,brewery,-12.5018,1,1,0,0,N,1,0,,brewer,,,1,0,F20K,SCOWL60_STABLE_2020.12.07+WN3.1
12951,13199,bulbs,-12.5018,1,0,1,0,,1,0,,bulb,,,1,0,F20K,SCOWL60_STABLE_2020.12.07+WN3.1
12952,13200,caliber,-12.5018,1,1,0,0,N,0,0,,,,,0,0,F20K,SCOWL60_STABLE_2020.12.07+WN3.1
12953,13201,canoe,-12.5018,1,1,0,0,N|V,0,0,,,,,0,0,F20K,SCOWL60_STABLE_2020.12.07+WN3.1
12954,13202,chargers,-12.5018,1,0,1,0,,1,0,,charger,,,1,0,F20K,SCOWL60_STABLE_2020.12.07+WN3.1
12955,13203,claudia,-12.5018,0,0,0,0,,0,0,,,,,0,0,F20K,SCOWL60_STABLE_2020.12.07+WN3.1
12956,13204,clauses,-12.5018,1,0,1,0,,1,0,,clause,,,1,0,F20K,SCOWL60_STABLE_2020.12.07+WN3.1
12957,13205,clicks,-12.5018,1,0,1,0,,1,0,,click,,,1,0,F20K,SCOWL60_STABLE_2020.12.07+WN3.1
12958,13206,concentrating,-12.5018,1,0,1,0,,0,0,,,,,0,0,F20K,SCOWL60_STABLE_2020.12.07+WN3.1
12959,13207,contradictory,-12.5018,1,1,0,0,N|ADJ,0,0,,,,,0,0,F20K,SCOWL60_STABLE_2020.12.07+WN3.1
12960,13208,conversely,-12.5018,1,0,1,0,ADV,0,0,,,,,0,0,F20K,SCOWL60_STABLE_2020.12.07+WN3.1
12961,13209,cooks,-12.5018,1,0,1,0,,1,0,,cook,,,1,0,F20K,SCOWL60_STABLE_2020.12.07+WN3.1
12962,13210,corey,-12.5018,0,0,0,0,,0,0,,,,,0,0,F20K,SCOWL60_STABLE_2020.12.07+WN3.1
12963,13211,countess,-12.5018,1,1,0,0,N,0,0,,,,,0,0,F20K,SCOWL60_STABLE_2020.12.07+WN3.1
12964,13212,cozy,-12.5018,1,1,0,0,N|ADJ,0,0,,,,,0,0,F20K,SCOWL60_STABLE_2020.12.07+WN3.1
12965,13213,crawling,-12.5018,1,0,1,0,N,0,0,,,,,0,0,F20K,SCOWL60_STABLE_2020.12.07+WN3.1
12966,13214,croatian,-12.5018,0,0,0,0,N|ADJ,0,0,,,,,0,0,F20K,SCOWL60_STABLE_2020.12.07+WN3.1
12967,13215,culinary,-12.5018,1,1,0,0,ADJ,0,0,,,,,0,0,F20K,SCOWL60_STABLE_2020.12.07+WN3.1
12968,13216,damp,-12.5018,1,1,0,0,N|V|ADJ,1,0,amp,dam,,,2,0,F20K,SCOWL60_STABLE_2020.12.07+WN3.1
12969,13217,declines,-12.5018,1,0,1,0,,1,0,,decline,,,1,0,F20K,SCOWL60_STABLE_2020.12.07+WN3.1
12970,13218,defeating,-12.5018,1,0,1,0,,0,0,,,,,0,0,F20K,SCOWL60_STABLE_2020.12.07+WN3.1
12971,13219,deliveries,-12.5018,1,0,1,0,,0,0,,,,,0,0,F20K,SCOWL60_STABLE_2020.12.07+WN3.1
12972,13220,deposition,-12.5018,1,0,1,0,N,0,0,,,,,0,0,F20K,SCOWL60_STABLE_2020.12.07+WN3.1
12973,13221,detailing,-12.5018,1,0,1,0,N,0,0,,,,,0,0,F20K,SCOWL60_STABLE_2020.12.07+WN3.1
12974,13222,deterioration,-12.5018,1,1,1,0,N,0,0,,,,,0,0,F20K,SCOWL60_STABLE_2020.12.07+WN3.1
12975,13223,detrimental,-12.5018,1,1,0,0,ADJ,0,0,,,,,0,0,F20K,SCOWL60_STABLE_2020.12.07+WN3.1
12976,13225,diarrhea,-12.5018,1,1,0,0,N,0,0,,,,,0,0,F20K,SCOWL60_STABLE_2020.12.07+WN3.1
12977,13226,dim,-12.5018,1,1,0,0,V|ADJ,1,1,,,,dime,0,1,F20K,SCOWL60_STABLE_2020.12.07+WN3.1
12978,13227,diplomats,-12.5018,1,0,1,0,,1,0,,diplomat,,,1,0,F20K,SCOWL60_STABLE_2020.12.07+WN3.1
12979,13228,discarded,-12.5018,1,0,1,0,ADJ,0,0,,,,,0,0,F20K,SCOWL60_STABLE_2020.12.07+WN3.1
12980,13229,discovers,-12.5018,1,0,1,0,,1,0,,discover,,,1,0,F20K,SCOWL60_STABLE_2020.12.07+WN3.1
12981,13230,disgust,-12.5018,1,0,1,0,N|V,0,0,,,,,0,0,F20K,SCOWL60_STABLE_2020.12.07+WN3.1
12982,13231,disgusted,-12.5018,1,1,1,0,ADJ,0,0,,,,,0,0,F20K,SCOWL60_STABLE_2020.12.07+WN3.1
12983,13232,domingo,-12.5018,0,0,0,0,N,0,0,,,,,0,0,F20K,SCOWL60_STABLE_2020.12.07+WN3.1
12984,13233,donovan,-12.5018,0,0,0,0,,0,0,,,,,0,0,F20K,SCOWL60_STABLE_2020.12.07+WN3.1
12985,13234,drafts,-12.5018,1,0,1,0,,1,0,,draft,,,1,0,F20K,SCOWL60_STABLE_2020.12.07+WN3.1
12986,13235,dread,-12.5018,1,1,0,0,N|V|ADJ,1,0,read,,,,1,0,F20K,SCOWL60_STABLE_2020.12.07+WN3.1
12987,13236,dryer,-12.5018,1,1,0,0,N,0,0,,,,,0,0,F20K,SCOWL60_STABLE_2020.12.07+WN3.1
12988,13237,dub,-12.5018,1,1,0,0,N|V,0,0,,,,,0,0,F20K,SCOWL60_STABLE_2020.12.07+WN3.1
12989,13238,duplicate,-12.5018,1,1,0,0,N|V|ADJ,0,0,,,,,0,0,F20K,SCOWL60_STABLE_2020.12.07+WN3.1
12990,13239,ecclesiastical,-12.5018,1,1,0,0,ADJ,0,0,,,,,0,0,F20K,SCOWL60_STABLE_2020.12.07+WN3.1
12991,13240,edible,-12.5018,1,1,0,0,N|ADJ,0,0,,,,,0,0,F20K,SCOWL60_STABLE_2020.12.07+WN3.1
12992,13241,edith,-12.5018,0,0,0,0,,0,0,,,,,0,0,F20K,SCOWL60_STABLE_2020.12.07+WN3.1
12993,13242,edwin,-12.5018,0,0,0,0,N,0,0,,,,,0,0,F20K,SCOWL60_STABLE_2020.12.07+WN3.1
12994,13243,elaine,-12.5018,0,0,0,0,,0,0,,,,,0,0,F20K,SCOWL60_STABLE_2020.12.07+WN3.1
12995,13244,embarked,-12.5018,1,0,1,0,,0,0,,,,,0,0,F20K,SCOWL60_STABLE_2020.12.07+WN3.1
12996,13245,ensuing,-12.5018,1,0,1,0,ADJ,0,0,,,,,0,0,F20K,SCOWL60_STABLE_2020.12.07+WN3.1
12997,13246,ernst,-12.5018,0,0,0,0,N,0,0,,,,,0,0,F20K,SCOWL60_STABLE_2020.12.07+WN3.1
12998,13247,ev,-12.5018,0,0,0,0,N,0,0,,,,,0,0,F20K,SCOWL60_STABLE_2020.12.07+WN3.1
12999,13248,exp,-12.5018,1,1,0,0,,1,1,,ex,,expo,1,1,F20K,SCOWL60_STABLE_2020.12.07+WN3.1
13000,13249,faggot,-12.5018,1,1,0,0,N|V,0,0,,,,,0,0,F20K,SCOWL60_STABLE_2020.12.07+WN3.1
13001,13250,favourites,-12.5018,0,0,0,0,,0,0,,,,,0,0,F20K,SCOWL60_STABLE_2020.12.07+WN3.1
13002,13251,fearful,-12.5018,1,1,0,0,ADJ,0,0,,,,,0,0,F20K,SCOWL60_STABLE_2020.12.07+WN3.1
13003,13252,fiona,-12.5018,0,0,0,0,,0,0,,,,,0,0,F20K,SCOWL60_STABLE_2020.12.07+WN3.1
13004,13253,flare,-12.5018,1,1,0,0,N|V,1,1,,,,flares,0,1,F20K,SCOWL60_STABLE_2020.12.07+WN3.1
13005,13254,floral,-12.5018,1,1,0,0,ADJ,1,0,,flora,,,1,0,F20K,SCOWL60_STABLE_2020.12.07+WN3.1
13006,13255,fluctuations,-12.5018,1,0,1,0,,0,0,,,,,0,0,F20K,SCOWL60_STABLE_2020.12.07+WN3.1
13007,13256,fo,-12.5018,0,0,0,0,N,0,0,,,,,0,0,F20K,SCOWL60_STABLE_2020.12.07+WN3.1
13008,13257,fortified,-12.5018,1,1,1,0,ADJ,0,0,,,,,0,0,F20K,SCOWL60_STABLE_2020.12.07+WN3.1
13009,13258,freeway,-12.5018,1,1,0,0,N,0,0,,,,,0,0,F20K,SCOWL60_STABLE_2020.12.07+WN3.1
13010,13259,freshly,-12.5018,1,0,1,0,ADV,0,0,,,,,0,0,F20K,SCOWL60_STABLE_2020.12.07+WN3.1
13011,13260,fronts,-12.5018,1,0,1,0,,1,0,,front,,,1,0,F20K,SCOWL60_STABLE_2020.12.07+WN3.1
13012,13261,fugitive,-12.5018,1,1,0,0,N|ADJ,0,0,,,,,0,0,F20K,SCOWL60_STABLE_2020.12.07+WN3.1
13013,13262,fuse,-12.5018,1,1,0,0,N|V,1,1,use,,,fused,1,1,F20K,SCOWL60_STABLE_2020.12.07+WN3.1
13014,13263,garrett,-12.5018,0,0,0,0,,0,0,,,,,0,0,F20K,SCOWL60_STABLE_2020.12.07+WN3.1
13015,13264,geared,-12.5018,1,0,1,0,ADJ,0,0,,,,,0,0,F20K,SCOWL60_STABLE_2020.12.07+WN3.1
13016,13265,geek,-12.5018,1,1,0,0,N,1,0,,gee,,,1,0,F20K,SCOWL60_STABLE_2020.12.07+WN3.1
13017,13266,govt,-12.5018,1,1,0,0,,1,0,,gov,,,1,0,F20K,SCOWL60_STABLE_2020.12.07+WN3.1
13018,13267,hackers,-12.5018,1,0,1,0,,1,0,,hacker,,,1,0,F20K,SCOWL60_STABLE_2020.12.07+WN3.1
13019,13268,happiest,-12.5018,1,0,1,0,,0,0,,,,,0,0,F20K,SCOWL60_STABLE_2020.12.07+WN3.1
13020,13269,harlem,-12.5018,0,0,0,0,N,0,0,,,,,0,0,F20K,SCOWL60_STABLE_2020.12.07+WN3.1
13021,13270,hashtag,-12.5018,1,1,0,0,,0,0,,,,,0,0,F20K,SCOWL60_STABLE_2020.12.07+WN3.1
13022,13271,heap,-12.5018,1,1,0,0,N|V,1,1,,,cheap,heaps,0,2,F20K,SCOWL60_STABLE_2020.12.07+WN3.1
13023,13272,hector,-12.5018,1,1,0,0,N|V,0,0,,,,,0,0,F20K,SCOWL60_STABLE_2020.12.07+WN3.1
13024,13273,heirs,-12.5018,1,0,1,0,,1,1,,heir,theirs,,1,1,F20K,SCOWL60_STABLE_2020.12.07+WN3.1
13025,13274,hotter,-12.5018,1,1,0,0,,1,0,otter,,,,1,0,F20K,SCOWL60_STABLE_2020.12.07+WN3.1
13026,13275,hu,-12.5018,0,0,0,0,,0,0,,,,,0,0,F20K,SCOWL60_STABLE_2020.12.07+WN3.1
13027,13276,humorous,-12.5018,1,1,0,0,ADJ,0,0,,,,,0,0,F20K,SCOWL60_STABLE_2020.12.07+WN3.1
13028,13277,illicit,-12.5018,1,1,0,0,ADJ,0,0,,,,,0,0,F20K,SCOWL60_STABLE_2020.12.07+WN3.1
13029,13278,imo,-12.5018,0,0,0,0,N,0,0,,,,,0,0,F20K,SCOWL60_STABLE_2020.12.07+WN3.1
13030,13279,insults,-12.5018,1,0,1,0,,1,0,,insult,,,1,0,F20K,SCOWL60_STABLE_2020.12.07+WN3.1
13031,13280,intellectuals,-12.5018,1,0,1,0,,1,0,,intellectual,,,1,0,F20K,SCOWL60_STABLE_2020.12.07+WN3.1
13032,13281,intensified,-12.5018,1,0,1,0,ADJ,0,0,,,,,0,0,F20K,SCOWL60_STABLE_2020.12.07+WN3.1
13033,13282,invaluable,-12.5018,1,1,0,0,ADJ,0,0,,,,,0,0,F20K,SCOWL60_STABLE_2020.12.07+WN3.1
13034,13283,isabel,-12.5018,0,0,0,0,,0,0,,,,,0,0,F20K,SCOWL60_STABLE_2020.12.07+WN3.1
13035,13284,isaiah,-12.5018,0,0,0,0,N,0,0,,,,,0,0,F20K,SCOWL60_STABLE_2020.12.07+WN3.1
13036,13285,israelis,-12.5018,0,0,0,0,,0,0,,,,,0,0,F20K,SCOWL60_STABLE_2020.12.07+WN3.1
13037,13286,knowledgeable,-12.5018,1,1,0,0,ADJ,0,0,,,,,0,0,F20K,SCOWL60_STABLE_2020.12.07+WN3.1
13038,13287,krishna,-12.5018,0,0,0,0,N,0,0,,,,,0,0,F20K,SCOWL60_STABLE_2020.12.07+WN3.1
13039,13288,larvae,-12.5018,1,1,0,0,,0,0,,,,,0,0,F20K,SCOWL60_STABLE_2020.12.07+WN3.1
13040,13289,leafs,-12.5018,1,0,1,0,,1,0,,leaf,,,1,0,F20K,SCOWL60_STABLE_2020.12.07+WN3.1
13041,13290,lennon,-12.5018,0,0,0,0,N,0,0,,,,,0,0,F20K,SCOWL60_STABLE_2020.12.07+WN3.1
13042,13291,lorenzo,-12.5018,0,0,0,0,,0,0,,,,,0,0,F20K,SCOWL60_STABLE_2020.12.07+WN3.1
13043,13292,luxurious,-12.5018,1,1,0,0,ADJ,0,0,,,,,0,0,F20K,SCOWL60_STABLE_2020.12.07+WN3.1
13044,13293,mandated,-12.5018,1,0,1,0,,1,0,,mandate,,,1,0,F20K,SCOWL60_STABLE_2020.12.07+WN3.1
13045,13294,mantle,-12.5018,1,1,0,0,N|V,0,0,,,,,0,0,F20K,SCOWL60_STABLE_2020.12.07+WN3.1
13046,13295,mccartney,-12.5018,0,0,0,0,N,0,0,,,,,0,0,F20K,SCOWL60_STABLE_2020.12.07+WN3.1
13047,13296,meadows,-12.5018,1,0,1,0,,1,0,,meadow,,,1,0,F20K,SCOWL60_STABLE_2020.12.07+WN3.1
13048,13297,mediation,-12.5018,1,1,1,0,N,0,0,,,,,0,0,F20K,SCOWL60_STABLE_2020.12.07+WN3.1
13049,13298,mexicans,-12.5018,0,0,0,0,,0,0,,,,,0,0,F20K,SCOWL60_STABLE_2020.12.07+WN3.1
13050,13299,monumental,-12.5018,1,1,0,0,ADJ,0,0,,,,,0,0,F20K,SCOWL60_STABLE_2020.12.07+WN3.1
13051,13300,motivate,-12.5018,1,1,0,0,V,1,1,,,,motivated,0,1,F20K,SCOWL60_STABLE_2020.12.07+WN3.1
13052,13301,mound,-12.5018,1,1,0,0,N|V,0,0,,,,,0,0,F20K,SCOWL60_STABLE_2020.12.07+WN3.1
13053,13302,multiply,-12.5018,1,1,0,0,V|ADV,0,0,,,,,0,0,F20K,SCOWL60_STABLE_2020.12.07+WN3.1
13054,13303,nausea,-12.5018,1,1,0,0,N,0,0,,,,,0,0,F20K,SCOWL60_STABLE_2020.12.07+WN3.1
13055,13304,neal,-12.5018,0,0,0,0,,0,0,,,,,0,0,F20K,SCOWL60_STABLE_2020.12.07+WN3.1
13056,13305,neville,-12.5018,0,0,0,0,,0,0,,,,,0,0,F20K,SCOWL60_STABLE_2020.12.07+WN3.1
13057,13306,nineteen,-12.5018,1,1,0,0,N|ADJ,0,0,,,,,0,0,F20K,SCOWL60_STABLE_2020.12.07+WN3.1
13058,13307,nostalgia,-12.5018,1,1,0,0,N,0,0,,,,,0,0,F20K,SCOWL60_STABLE_2020.12.07+WN3.1
13059,13309,om,-12.5018,1,1,0,0,,1,1,,,mom;tom;com,,0,3,F20K,SCOWL60_STABLE_2020.12.07+WN3.1
13060,13310,omitted,-12.5018,1,1,0,0,,0,0,,,,,0,0,F20K,SCOWL60_STABLE_2020.12.07+WN3.1
13061,13311,ordinance,-12.5018,1,1,0,0,N,0,0,,,,,0,0,F20K,SCOWL60_STABLE_2020.12.07+WN3.1
13062,13312,overcoming,-12.5018,1,0,1,0,,0,0,,,,,0,0,F20K,SCOWL60_STABLE_2020.12.07+WN3.1
13063,13313,overhaul,-12.5018,1,1,0,0,N|V,0,0,,,,,0,0,F20K,SCOWL60_STABLE_2020.12.07+WN3.1
13064,13314,overlapping,-12.5018,1,1,0,0,N,0,0,,,,,0,0,F20K,SCOWL60_STABLE_2020.12.07+WN3.1
13065,13315,oversee,-12.5018,1,1,0,0,V,1,1,,,,oversees,0,1,F20K,SCOWL60_STABLE_2020.12.07+WN3.1
13066,13316,packets,-12.5018,1,0,1,0,,1,0,,packet,,,1,0,F20K,SCOWL60_STABLE_2020.12.07+WN3.1
13067,13317,parsons,-12.5018,1,0,1,0,N,0,0,,,,,0,0,F20K,SCOWL60_STABLE_2020.12.07+WN3.1
13068,13318,persist,-12.5018,1,1,0,0,V,1,1,,,,persists,0,1,F20K,SCOWL60_STABLE_2020.12.07+WN3.1
13069,13319,physiological,-12.5018,1,1,0,0,ADJ,0,0,,,,,0,0,F20K,SCOWL60_STABLE_2020.12.07+WN3.1
13070,13320,picturesque,-12.5018,1,1,0,0,ADJ,0,0,,,,,0,0,F20K,SCOWL60_STABLE_2020.12.07+WN3.1
13071,13321,piercing,-12.5018,1,1,1,0,ADJ,0,0,,,,,0,0,F20K,SCOWL60_STABLE_2020.12.07+WN3.1
13072,13322,pinned,-12.5018,1,1,0,0,,0,0,,,,,0,0,F20K,SCOWL60_STABLE_2020.12.07+WN3.1
13073,13323,poisoned,-12.5018,1,0,1,0,,0,0,,,,,0,0,F20K,SCOWL60_STABLE_2020.12.07+WN3.1
13074,13324,poisonous,-12.5018,1,1,0,0,ADJ,0,0,,,,,0,0,F20K,SCOWL60_STABLE_2020.12.07+WN3.1
13075,13325,portray,-12.5018,1,1,0,0,V,1,1,,,,portrays,0,1,F20K,SCOWL60_STABLE_2020.12.07+WN3.1
13076,13326,predicting,-12.5018,1,0,1,0,,0,0,,,,,0,0,F20K,SCOWL60_STABLE_2020.12.07+WN3.1
13077,13327,progressively,-12.5018,1,0,1,0,ADV,0,0,,,,,0,0,F20K,SCOWL60_STABLE_2020.12.07+WN3.1
13078,13328,prominence,-12.5018,1,1,0,0,N,0,0,,,,,0,0,F20K,SCOWL60_STABLE_2020.12.07+WN3.1
13079,13329,quran,-12.5018,0,0,0,0,N,0,0,,,,,0,0,F20K,SCOWL60_STABLE_2020.12.07+WN3.1
13080,13330,reconsider,-12.5018,1,0,1,0,V,0,0,,,,,0,0,F20K,SCOWL60_STABLE_2020.12.07+WN3.1
13081,13331,referral,-12.5018,1,1,0,0,N,0,0,,,,,0,0,F20K,SCOWL60_STABLE_2020.12.07+WN3.1
13082,13332,reflective,-12.5018,1,1,1,0,ADJ,0,0,,,,,0,0,F20K,SCOWL60_STABLE_2020.12.07+WN3.1
13083,13333,renting,-12.5018,1,0,1,0,N,0,0,,,,,0,0,F20K,SCOWL60_STABLE_2020.12.07+WN3.1
13084,13334,restless,-12.5018,1,1,0,0,ADJ,0,0,,,,,0,0,F20K,SCOWL60_STABLE_2020.12.07+WN3.1
13085,13335,revelations,-12.5018,1,0,1,0,,1,0,,revelation,,,1,0,F20K,SCOWL60_STABLE_2020.12.07+WN3.1
13086,13336,rf,-12.5018,0,0,0,0,N,0,0,,,,,0,0,F20K,SCOWL60_STABLE_2020.12.07+WN3.1
13087,13337,roofs,-12.5018,1,0,1,0,,1,1,,roof,proofs,,1,1,F20K,SCOWL60_STABLE_2020.12.07+WN3.1
13088,13338,rosie,-12.5018,0,0,0,0,,0,0,,,,,0,0,F20K,SCOWL60_STABLE_2020.12.07+WN3.1
13089,13339,routing,-12.5018,1,0,1,0,,1,0,outing,,,,1,0,F20K,SCOWL60_STABLE_2020.12.07+WN3.1
13090,13340,royce,-12.5018,0,0,0,0,,0,0,,,,,0,0,F20K,SCOWL60_STABLE_2020.12.07+WN3.1
13091,13341,rugged,-12.5018,1,1,0,0,ADJ,0,0,,,,,0,0,F20K,SCOWL60_STABLE_2020.12.07+WN3.1
13092,13342,sanitation,-12.5018,1,1,0,0,N,0,0,,,,,0,0,F20K,SCOWL60_STABLE_2020.12.07+WN3.1
13093,13343,scissors,-12.5018,1,0,1,0,N,0,0,,,,,0,0,F20K,SCOWL60_STABLE_2020.12.07+WN3.1
13094,13344,sect,-12.5018,1,1,0,0,N,1,0,,sec,,,1,0,F20K,SCOWL60_STABLE_2020.12.07+WN3.1
13095,13345,separates,-12.5018,1,0,1,0,,1,0,,separate,,,1,0,F20K,SCOWL60_STABLE_2020.12.07+WN3.1
13096,13346,sergio,-12.5018,0,0,0,0,,0,0,,,,,0,0,F20K,SCOWL60_STABLE_2020.12.07+WN3.1
13097,13347,seymour,-12.5018,0,0,0,0,N,0,0,,,,,0,0,F20K,SCOWL60_STABLE_2020.12.07+WN3.1
13098,13348,shameful,-12.5018,1,1,0,0,ADJ,0,0,,,,,0,0,F20K,SCOWL60_STABLE_2020.12.07+WN3.1
13099,13349,shines,-12.5018,1,0,1,0,,1,0,,shine,,,1,0,F20K,SCOWL60_STABLE_2020.12.07+WN3.1
13100,13350,shortages,-12.5018,1,0,1,0,,1,0,,shortage,,,1,0,F20K,SCOWL60_STABLE_2020.12.07+WN3.1
13101,13351,shortest,-12.5018,1,0,1,0,,0,0,,,,,0,0,F20K,SCOWL60_STABLE_2020.12.07+WN3.1
13102,13352,shouts,-12.5018,1,0,1,0,,1,0,,shout,,,1,0,F20K,SCOWL60_STABLE_2020.12.07+WN3.1
13103,13353,shutdown,-12.5018,1,1,0,0,N,0,0,,,,,0,0,F20K,SCOWL60_STABLE_2020.12.07+WN3.1
13104,13354,sighted,-12.5018,1,0,1,0,ADJ,0,0,,,,,0,0,F20K,SCOWL60_STABLE_2020.12.07+WN3.1
13105,13355,simpsons,-12.5018,0,0,0,0,,0,0,,,,,0,0,F20K,SCOWL60_STABLE_2020.12.07+WN3.1
13106,13356,skipped,-12.5018,1,1,0,0,,0,0,,,,,0,0,F20K,SCOWL60_STABLE_2020.12.07+WN3.1
13107,13357,skipper,-12.5018,1,1,0,0,N|V,0,0,,,,,0,0,F20K,SCOWL60_STABLE_2020.12.07+WN3.1
13108,13358,somethin,-12.5018,0,0,0,0,,0,0,,,,,0,0,F20K,SCOWL60_STABLE_2020.12.07+WN3.1
13109,13359,spices,-12.5018,1,0,1,0,,1,0,,spice,,,1,0,F20K,SCOWL60_STABLE_2020.12.07+WN3.1
13110,13360,stein,-12.5018,1,1,0,0,N,0,0,,,,,0,0,F20K,SCOWL60_STABLE_2020.12.07+WN3.1
13111,13361,stickers,-12.5018,1,0,1,0,,1,0,,sticker,,,1,0,F20K,SCOWL60_STABLE_2020.12.07+WN3.1
13112,13362,substantive,-12.5018,1,1,0,0,N|ADJ,0,0,,,,,0,0,F20K,SCOWL60_STABLE_2020.12.07+WN3.1
13113,13363,tailored,-12.5018,1,0,1,0,ADJ,0,0,,,,,0,0,F20K,SCOWL60_STABLE_2020.12.07+WN3.1
13114,13364,thru,-12.5018,1,1,0,0,,0,0,,,,,0,0,F20K,SCOWL60_STABLE_2020.12.07+WN3.1
13115,13365,titanic,-12.5018,1,1,0,0,ADJ,0,0,,,,,0,0,F20K,SCOWL60_STABLE_2020.12.07+WN3.1
13116,13367,transporting,-12.5018,1,0,1,0,,0,0,,,,,0,0,F20K,SCOWL60_STABLE_2020.12.07+WN3.1
13117,13368,truman,-12.5018,0,0,0,0,N,0,0,,,,,0,0,F20K,SCOWL60_STABLE_2020.12.07+WN3.1
13118,13369,twelfth,-12.5018,1,1,0,0,N|ADJ,0,0,,,,,0,0,F20K,SCOWL60_STABLE_2020.12.07+WN3.1
13119,13370,uae,-12.5018,0,0,0,0,,0,0,,,,,0,0,F20K,SCOWL60_STABLE_2020.12.07+WN3.1
13120,13371,unidentified,-12.5018,1,0,1,0,ADJ,0,0,,,,,0,0,F20K,SCOWL60_STABLE_2020.12.07+WN3.1
13121,13372,utilizing,-12.5018,1,0,1,0,,0,0,,,,,0,0,F20K,SCOWL60_STABLE_2020.12.07+WN3.1
13122,13373,vanguard,-12.5018,1,1,0,0,N,0,0,,,,,0,0,F20K,SCOWL60_STABLE_2020.12.07+WN3.1
13123,13374,vp,-12.5018,0,0,0,0,,0,0,,,,,0,0,F20K,SCOWL60_STABLE_2020.12.07+WN3.1
13124,13375,wedge,-12.5018,1,1,0,0,N|V,1,0,edge,,,,1,0,F20K,SCOWL60_STABLE_2020.12.07+WN3.1
13125,13376,wembley,-12.5018,0,0,0,0,N,0,0,,,,,0,0,F20K,SCOWL60_STABLE_2020.12.07+WN3.1
13126,13377,xvi,-12.5018,1,1,0,0,N|ADJ,1,0,vi,xv,,,2,0,F20K,SCOWL60_STABLE_2020.12.07+WN3.1
13127,13378,yah,-12.5018,0,0,0,0,,0,0,,,,,0,0,F20K,SCOWL60_STABLE_2020.12.07+WN3.1
13128,13380,abdomen,-12.5263,1,1,0,0,N,0,0,,,,,0,0,F20K,SCOWL60_STABLE_2020.12.07+WN3.1
13129,13381,addictive,-12.5263,1,0,1,0,ADJ,0,0,,,,,0,0,F20K,SCOWL60_STABLE_2020.12.07+WN3.1
13130,13382,affiliates,-12.5263,1,0,1,0,,1,0,,affiliate,,,1,0,F20K,SCOWL60_STABLE_2020.12.07+WN3.1
13131,13383,affirmative,-12.5263,1,1,0,0,N|ADJ,0,0,,,,,0,0,F20K,SCOWL60_STABLE_2020.12.07+WN3.1
13132,13384,alarms,-12.5263,1,0,1,0,,1,0,,alarm,,,1,0,F20K,SCOWL60_STABLE_2020.12.07+WN3.1
13133,13385,align,-12.5263,1,1,0,0,V,0,0,,,,,0,0,F20K,SCOWL60_STABLE_2020.12.07+WN3.1
13134,13386,altering,-12.5263,1,0,1,0,N,0,0,,,,,0,0,F20K,SCOWL60_STABLE_2020.12.07+WN3.1
13135,13387,antarctic,-12.5263,1,1,0,0,N|ADJ,0,0,,,,,0,0,F20K,SCOWL60_STABLE_2020.12.07+WN3.1
13136,13388,aquarium,-12.5263,1,1,0,0,N,0,0,,,,,0,0,F20K,SCOWL60_STABLE_2020.12.07+WN3.1
13137,13389,atop,-12.5263,1,1,0,0,ADV,1,0,top,,,,1,0,F20K,SCOWL60_STABLE_2020.12.07+WN3.1
13138,13390,austerity,-12.5263,1,1,0,0,N,0,0,,,,,0,0,F20K,SCOWL60_STABLE_2020.12.07+WN3.1
13139,13391,aviv,-12.5263,0,0,0,0,,0,0,,,,,0,0,F20K,SCOWL60_STABLE_2020.12.07+WN3.1
13140,13392,awaited,-12.5263,1,0,1,0,ADJ,1,0,waited,,,,1,0,F20K,SCOWL60_STABLE_2020.12.07+WN3.1
13141,13393,basque,-12.5263,1,1,0,0,N,0,0,,,,,0,0,F20K,SCOWL60_STABLE_2020.12.07+WN3.1
13142,13394,beau,-12.5263,1,1,0,0,N,0,0,,,,,0,0,F20K,SCOWL60_STABLE_2020.12.07+WN3.1
13143,13395,belarus,-12.5263,0,0,0,0,N,0,0,,,,,0,0,F20K,SCOWL60_STABLE_2020.12.07+WN3.1
13144,13396,billed,-12.5263,1,0,1,0,ADJ,0,0,,,,,0,0,F20K,SCOWL60_STABLE_2020.12.07+WN3.1
13145,13397,billing,-12.5263,1,1,1,0,N,0,0,,,,,0,0,F20K,SCOWL60_STABLE_2020.12.07+WN3.1
13146,13398,blanc,-12.5263,0,0,0,0,N,0,0,,,,,0,0,F20K,SCOWL60_STABLE_2020.12.07+WN3.1
13147,13399,blond,-12.5263,1,1,0,0,N|ADJ,1,1,,,,blonde,0,1,F20K,SCOWL60_STABLE_2020.12.07+WN3.1
13148,13400,bluetooth,-12.5263,0,0,0,0,,0,0,,,,,0,0,F20K,SCOWL60_STABLE_2020.12.07+WN3.1
13149,13401,bolts,-12.5263,1,0,1,0,,1,0,,bolt,,,1,0,F20K,SCOWL60_STABLE_2020.12.07+WN3.1
13150,13402,brit,-12.5263,0,0,0,0,N,0,0,,,,,0,0,F20K,SCOWL60_STABLE_2020.12.07+WN3.1
13151,13403,brokers,-12.5263,1,0,1,0,,1,0,,broker,,,1,0,F20K,SCOWL60_STABLE_2020.12.07+WN3.1
13152,13404,buffet,-12.5263,1,1,0,0,N|V,0,0,,,,,0,0,F20K,SCOWL60_STABLE_2020.12.07+WN3.1
13153,13405,bushes,-12.5263,1,0,1,0,,0,0,,,,,0,0,F20K,SCOWL60_STABLE_2020.12.07+WN3.1
13154,13406,carrot,-12.5263,1,1,0,0,N,1,1,,,,carrots,0,1,F20K,SCOWL60_STABLE_2020.12.07+WN3.1
13155,13407,cartel,-12.5263,1,1,0,0,N,0,0,,,,,0,0,F20K,SCOWL60_STABLE_2020.12.07+WN3.1
13156,13408,cas,-12.5263,0,0,0,0,,0,0,,,,,0,0,F20K,SCOWL60_STABLE_2020.12.07+WN3.1
13157,13409,caste,-12.5263,1,1,0,0,N,1,0,,cast,,,1,0,F20K,SCOWL60_STABLE_2020.12.07+WN3.1
13158,13410,chanting,-12.5263,1,0,1,0,N,0,0,,,,,0,0,F20K,SCOWL60_STABLE_2020.12.07+WN3.1
13159,13411,chartered,-12.5263,1,0,1,0,ADJ,0,0,,,,,0,0,F20K,SCOWL60_STABLE_2020.12.07+WN3.1
13160,13412,chu,-12.5263,0,0,0,0,,0,0,,,,,0,0,F20K,SCOWL60_STABLE_2020.12.07+WN3.1
13161,13413,chunk,-12.5263,1,1,0,0,N|V,1,1,,,,chunks,0,1,F20K,SCOWL60_STABLE_2020.12.07+WN3.1
13162,13414,cis,-12.5263,1,1,0,0,N,1,0,is,,,,1,0,F20K,SCOWL60_STABLE_2020.12.07+WN3.1
13163,13415,cloak,-12.5263,1,1,0,0,N|V,0,0,,,,,0,0,F20K,SCOWL60_STABLE_2020.12.07+WN3.1
13164,13416,colon,-12.5263,1,1,0,0,N,1,1,,,,colony,0,1,F20K,SCOWL60_STABLE_2020.12.07+WN3.1
13165,13417,comrade,-12.5263,1,1,0,0,N,1,1,,,,comrades,0,1,F20K,SCOWL60_STABLE_2020.12.07+WN3.1
13166,13418,confessions,-12.5263,1,0,1,0,,1,0,,confession,,,1,0,F20K,SCOWL60_STABLE_2020.12.07+WN3.1
13167,13419,constructing,-12.5263,1,0,1,0,,0,0,,,,,0,0,F20K,SCOWL60_STABLE_2020.12.07+WN3.1
13168,13420,curly,-12.5263,1,1,1,0,ADJ,1,0,,curl,,,1,0,F20K,SCOWL60_STABLE_2020.12.07+WN3.1
13169,13421,customized,-12.5263,1,0,1,0,,1,0,,customize,,,1,0,F20K,SCOWL60_STABLE_2020.12.07+WN3.1
13170,13422,dicks,-12.5263,1,0,1,0,,1,0,,dick,,,1,0,F20K,SCOWL60_STABLE_2020.12.07+WN3.1
13171,13423,disguised,-12.5263,1,1,1,0,ADJ,1,0,,disguise,,,1,0,F20K,SCOWL60_STABLE_2020.12.07+WN3.1
13172,13424,disrespect,-12.5263,1,0,1,0,N|V,0,0,,,,,0,0,F20K,SCOWL60_STABLE_2020.12.07+WN3.1
13173,13425,dissent,-12.5263,1,1,0,0,N|V,0,0,,,,,0,0,F20K,SCOWL60_STABLE_2020.12.07+WN3.1
13174,13426,dominating,-12.5263,1,0,1,0,ADJ,0,0,,,,,0,0,F20K,SCOWL60_STABLE_2020.12.07+WN3.1
13175,13427,downfall,-12.5263,1,1,0,0,N,0,0,,,,,0,0,F20K,SCOWL60_STABLE_2020.12.07+WN3.1
13176,13428,duly,-12.5263,1,1,0,0,ADV,0,0,,,,,0,0,F20K,SCOWL60_STABLE_2020.12.07+WN3.1
13177,13429,eccentric,-12.5263,1,1,0,0,N|ADJ,0,0,,,,,0,0,F20K,SCOWL60_STABLE_2020.12.07+WN3.1
13178,13430,endeavour,-12.5263,0,0,0,0,N|V,0,0,,,,,0,0,F20K,SCOWL60_STABLE_2020.12.07+WN3.1
13179,13431,enforcing,-12.5263,1,0,1,0,,0,0,,,,,0,0,F20K,SCOWL60_STABLE_2020.12.07+WN3.1
13180,13432,enthusiasts,-12.5263,1,0,1,0,,1,0,,enthusiast,,,1,0,F20K,SCOWL60_STABLE_2020.12.07+WN3.1
13181,13433,essentials,-12.5263,1,0,1,0,,1,0,,essential,,,1,0,F20K,SCOWL60_STABLE_2020.12.07+WN3.1
13182,13434,exits,-12.5263,1,0,1,0,,1,0,,exit,,,1,0,F20K,SCOWL60_STABLE_2020.12.07+WN3.1
13183,13435,expressly,-12.5263,1,0,1,0,ADV,0,0,,,,,0,0,F20K,SCOWL60_STABLE_2020.12.07+WN3.1
13184,13436,exquisite,-12.5263,1,1,0,0,ADJ,0,0,,,,,0,0,F20K,SCOWL60_STABLE_2020.12.07+WN3.1
13185,13437,fallout,-12.5263,1,1,0,0,N,0,0,,,,,0,0,F20K,SCOWL60_STABLE_2020.12.07+WN3.1
13186,13438,fiat,-12.5263,1,1,0,0,N,0,0,,,,,0,0,F20K,SCOWL60_STABLE_2020.12.07+WN3.1
13187,13439,figuring,-12.5263,1,0,1,0,N,0,0,,,,,0,0,F20K,SCOWL60_STABLE_2020.12.07+WN3.1
13188,13440,foreman,-12.5263,1,1,0,0,N,0,0,,,,,0,0,F20K,SCOWL60_STABLE_2020.12.07+WN3.1
13189,13441,freaks,-12.5263,1,0,1,0,,1,0,,freak,,,1,0,F20K,SCOWL60_STABLE_2020.12.07+WN3.1
13190,13442,fundamentals,-12.5263,1,0,1,0,N,1,0,,fundamental,,,1,0,F20K,SCOWL60_STABLE_2020.12.07+WN3.1
13191,13443,gag,-12.5263,1,1,0,0,N|V,1,1,,,,gaga,0,1,F20K,SCOWL60_STABLE_2020.12.07+WN3.1
13192,13444,galaxies,-12.5263,1,0,1,0,,0,0,,,,,0,0,F20K,SCOWL60_STABLE_2020.12.07+WN3.1
13193,13445,gareth,-12.5263,0,0,0,0,,0,0,,,,,0,0,F20K,SCOWL60_STABLE_2020.12.07+WN3.1
13194,13446,geometric,-12.5263,1,1,0,0,ADJ,0,0,,,,,0,0,F20K,SCOWL60_STABLE_2020.12.07+WN3.1
13195,13447,giles,-12.5263,0,0,0,0,,0,0,,,,,0,0,F20K,SCOWL60_STABLE_2020.12.07+WN3.1
13196,13448,giovanni,-12.5263,0,0,0,0,,0,0,,,,,0,0,F20K,SCOWL60_STABLE_2020.12.07+WN3.1
13197,13449,gomez,-12.5263,0,0,0,0,,0,0,,,,,0,0,F20K,SCOWL60_STABLE_2020.12.07+WN3.1
13198,13450,grin,-12.5263,1,1,0,0,N|V,1,1,,,,grind,0,1,F20K,SCOWL60_STABLE_2020.12.07+WN3.1
13199,13451,hepatitis,-12.5263,1,1,0,0,N,0,0,,,,,0,0,F20K,SCOWL60_STABLE_2020.12.07+WN3.1
13200,13452,hypocrisy,-12.5263,1,1,0,0,N,0,0,,,,,0,0,F20K,SCOWL60_STABLE_2020.12.07+WN3.1
13201,13453,ia,-12.5263,0,0,0,0,N,0,0,,,,,0,0,F20K,SCOWL60_STABLE_2020.12.07+WN3.1
13202,13454,ib,-12.5263,0,0,0,0,,0,0,,,,,0,0,F20K,SCOWL60_STABLE_2020.12.07+WN3.1
13203,13455,impending,-12.5263,1,0,1,0,ADJ,0,0,,,,,0,0,F20K,SCOWL60_STABLE_2020.12.07+WN3.1
13204,13456,inauguration,-12.5263,1,1,1,0,N,0,0,,,,,0,0,F20K,SCOWL60_STABLE_2020.12.07+WN3.1
13205,13457,incidentally,-12.5263,1,0,1,0,ADV,0,0,,,,,0,0,F20K,SCOWL60_STABLE_2020.12.07+WN3.1
13206,13458,incorrectly,-12.5263,1,0,1,0,ADV,0,0,,,,,0,0,F20K,SCOWL60_STABLE_2020.12.07+WN3.1
13207,13459,inherit,-12.5263,1,1,0,0,V,0,0,,,,,0,0,F20K,SCOWL60_STABLE_2020.12.07+WN3.1
13208,13460,insisting,-12.5263,1,1,1,0,N,0,0,,,,,0,0,F20K,SCOWL60_STABLE_2020.12.07+WN3.1
13209,13461,kat,-12.5263,0,0,0,0,N,0,0,,,,,0,0,F20K,SCOWL60_STABLE_2020.12.07+WN3.1
13210,13462,kenyan,-12.5263,0,0,0,0,N|ADJ,0,0,,,,,0,0,F20K,SCOWL60_STABLE_2020.12.07+WN3.1
13211,13463,klaus,-12.5263,0,0,0,0,,0,0,,,,,0,0,F20K,SCOWL60_STABLE_2020.12.07+WN3.1
13212,13464,knicks,-12.5263,0,0,0,0,,0,0,,,,,0,0,F20K,SCOWL60_STABLE_2020.12.07+WN3.1
13213,13465,lama,-12.5263,1,1,0,0,N,1,0,,lam,,,1,0,F20K,SCOWL60_STABLE_2020.12.07+WN3.1
13214,13466,lantern,-12.5263,1,1,0,0,N,0,0,,,,,0,0,F20K,SCOWL60_STABLE_2020.12.07+WN3.1
13215,13467,laurel,-12.5263,1,1,0,0,N,0,0,,,,,0,0,F20K,SCOWL60_STABLE_2020.12.07+WN3.1
13216,13468,locality,-12.5263,1,1,0,0,N,0,0,,,,,0,0,F20K,SCOWL60_STABLE_2020.12.07+WN3.1
13217,13469,login,-12.5263,1,1,0,0,,0,0,,,,,0,0,F20K,SCOWL60_STABLE_2020.12.07+WN3.1
13218,13470,logos,-12.5263,1,0,1,0,N,1,0,,logo,,,1,0,F20K,SCOWL60_STABLE_2020.12.07+WN3.1
13219,13471,lookout,-12.5263,1,1,0,0,N,0,0,,,,,0,0,F20K,SCOWL60_STABLE_2020.12.07+WN3.1
13220,13472,macmillan,-12.5263,0,0,0,0,,0,0,,,,,0,0,F20K,SCOWL60_STABLE_2020.12.07+WN3.1
13221,13473,madagascar,-12.5263,0,0,0,0,N,0,0,,,,,0,0,F20K,SCOWL60_STABLE_2020.12.07+WN3.1
13222,13474,magistrates,-12.5263,1,0,1,0,,1,0,,magistrate,,,1,0,F20K,SCOWL60_STABLE_2020.12.07+WN3.1
13223,13475,malik,-12.5263,0,0,0,0,N,0,0,,,,,0,0,F20K,SCOWL60_STABLE_2020.12.07+WN3.1
13224,13476,managerial,-12.5263,1,1,0,0,ADJ,0,0,,,,,0,0,F20K,SCOWL60_STABLE_2020.12.07+WN3.1
13225,13478,mas,-12.5263,1,0,1,0,,1,1,as,ma,,mass;mask;mast;mash,2,4,F20K,SCOWL60_STABLE_2020.12.07+WN3.1
13226,13479,masked,-12.5263,1,0,1,0,ADJ,1,0,asked,,,,1,0,F20K,SCOWL60_STABLE_2020.12.07+WN3.1
13227,13480,methodist,-12.5263,0,0,0,0,N|ADJ,0,0,,,,,0,0,F20K,SCOWL60_STABLE_2020.12.07+WN3.1
13228,13481,mk,-12.5263,0,0,0,0,,0,0,,,,,0,0,F20K,SCOWL60_STABLE_2020.12.07+WN3.1
13229,13482,mn,-12.5263,0,0,0,0,N,0,0,,,,,0,0,F20K,SCOWL60_STABLE_2020.12.07+WN3.1
13230,13483,modular,-12.5263,1,1,0,0,ADJ,0,0,,,,,0,0,F20K,SCOWL60_STABLE_2020.12.07+WN3.1
13231,13484,motions,-12.5263,1,0,1,0,,1,1,,motion,emotions,,1,1,F20K,SCOWL60_STABLE_2020.12.07+WN3.1
13232,13485,mummy,-12.5263,1,1,0,0,N,0,0,,,,,0,0,F20K,SCOWL60_STABLE_2020.12.07+WN3.1
13233,13486,muse,-12.5263,1,1,0,0,N|V,1,0,use,,,,1,0,F20K,SCOWL60_STABLE_2020.12.07+WN3.1
13234,13487,neon,-12.5263,1,1,0,0,N,0,0,,,,,0,0,F20K,SCOWL60_STABLE_2020.12.07+WN3.1
13235,13488,neurological,-12.5263,1,1,0,0,ADJ,0,0,,,,,0,0,F20K,SCOWL60_STABLE_2020.12.07+WN3.1
13236,13489,newark,-12.5263,0,0,0,0,N,0,0,,,,,0,0,F20K,SCOWL60_STABLE_2020.12.07+WN3.1
13237,13490,nipples,-12.5263,1,0,1,0,,1,0,,nipple,,,1,0,F20K,SCOWL60_STABLE_2020.12.07+WN3.1
13238,13491,nominees,-12.5263,1,0,1,0,,1,0,,nominee,,,1,0,F20K,SCOWL60_STABLE_2020.12.07+WN3.1
13239,13492,northeastern,-12.5263,1,1,0,0,ADJ,0,0,,,,,0,0,F20K,SCOWL60_STABLE_2020.12.07+WN3.1
13240,13493,oo,-12.5263,0,0,0,0,,0,0,,,,,0,0,F20K,SCOWL60_STABLE_2020.12.07+WN3.1
13241,13494,ordination,-12.5263,1,1,1,0,N,0,0,,,,,0,0,F20K,SCOWL60_STABLE_2020.12.07+WN3.1
13242,13495,papal,-12.5263,1,1,0,0,ADJ,1,0,,papa,,,1,0,F20K,SCOWL60_STABLE_2020.12.07+WN3.1
13243,13496,persistence,-12.5263,1,1,0,0,N,0,0,,,,,0,0,F20K,SCOWL60_STABLE_2020.12.07+WN3.1
13244,13497,physiology,-12.5263,1,1,0,0,N,0,0,,,,,0,0,F20K,SCOWL60_STABLE_2020.12.07+WN3.1
13245,13498,pioneers,-12.5263,1,0,1,0,,1,0,,pioneer,,,1,0,F20K,SCOWL60_STABLE_2020.12.07+WN3.1
13246,13499,porcelain,-12.5263,1,1,0,0,N,0,0,,,,,0,0,F20K,SCOWL60_STABLE_2020.12.07+WN3.1
13247,13500,principally,-12.5263,1,0,1,0,ADV,0,0,,,,,0,0,F20K,SCOWL60_STABLE_2020.12.07+WN3.1
13248,13501,profitability,-12.5263,1,1,0,0,N,0,0,,,,,0,0,F20K,SCOWL60_STABLE_2020.12.07+WN3.1
13249,13502,pubs,-12.5263,1,0,1,0,,1,0,,pub,,,1,0,F20K,SCOWL60_STABLE_2020.12.07+WN3.1
13250,13503,pun,-12.5263,1,1,0,0,N|V,1,1,,,spun,punk;punt,0,3,F20K,SCOWL60_STABLE_2020.12.07+WN3.1
13251,13504,punjab,-12.5263,0,0,0,0,N,0,0,,,,,0,0,F20K,SCOWL60_STABLE_2020.12.07+WN3.1
13252,13505,questionnaire,-12.5263,1,1,0,0,N,0,0,,,,,0,0,F20K,SCOWL60_STABLE_2020.12.07+WN3.1
13253,13506,radically,-12.5263,1,0,1,0,ADV,0,0,,,,,0,0,F20K,SCOWL60_STABLE_2020.12.07+WN3.1
13254,13507,reactors,-12.5263,1,0,1,0,,1,0,,reactor,,,1,0,F20K,SCOWL60_STABLE_2020.12.07+WN3.1
13255,13508,rebounds,-12.5263,1,0,1,0,,1,0,,rebound,,,1,0,F20K,SCOWL60_STABLE_2020.12.07+WN3.1
13256,13509,reconcile,-12.5263,1,1,0,0,V,1,1,,,,reconciled,0,1,F20K,SCOWL60_STABLE_2020.12.07+WN3.1
13257,13510,reggie,-12.5263,0,0,0,0,,0,0,,,,,0,0,F20K,SCOWL60_STABLE_2020.12.07+WN3.1
13258,13511,remnants,-12.5263,1,0,1,0,,1,0,,remnant,,,1,0,F20K,SCOWL60_STABLE_2020.12.07+WN3.1
13259,13512,renault,-12.5263,0,0,0,0,,0,0,,,,,0,0,F20K,SCOWL60_STABLE_2020.12.07+WN3.1
13260,13513,reprinted,-12.5263,1,0,1,0,,0,0,,,,,0,0,F20K,SCOWL60_STABLE_2020.12.07+WN3.1
13261,13514,resentment,-12.5263,1,1,1,0,N,0,0,,,,,0,0,F20K,SCOWL60_STABLE_2020.12.07+WN3.1
13262,13515,resonance,-12.5263,1,1,0,0,N,0,0,,,,,0,0,F20K,SCOWL60_STABLE_2020.12.07+WN3.1
13263,13516,rhino,-12.5263,1,1,0,0,N,0,0,,,,,0,0,F20K,SCOWL60_STABLE_2020.12.07+WN3.1
13264,13517,rib,-12.5263,1,1,0,0,N|V,1,1,,,crib,ribs,0,2,F20K,SCOWL60_STABLE_2020.12.07+WN3.1
13265,13518,rna,-12.5263,0,0,0,0,N,0,0,,,,,0,0,F20K,SCOWL60_STABLE_2020.12.07+WN3.1
13266,13519,rods,-12.5263,1,0,1,0,,1,0,,rod,,,1,0,F20K,SCOWL60_STABLE_2020.12.07+WN3.1
13267,13521,sayin,-12.5263,0,0,0,0,,0,0,,,,,0,0,F20K,SCOWL60_STABLE_2020.12.07+WN3.1
13268,13522,scans,-12.5263,1,0,1,0,,1,0,cans,scan,,,2,0,F20K,SCOWL60_STABLE_2020.12.07+WN3.1
13269,13523,scum,-12.5263,1,1,0,0,N|V,1,0,cum,,,,1,0,F20K,SCOWL60_STABLE_2020.12.07+WN3.1
13270,13524,severed,-12.5263,1,0,1,0,ADJ,1,0,,severe,,,1,0,F20K,SCOWL60_STABLE_2020.12.07+WN3.1
13271,13525,sewer,-12.5263,1,1,0,0,N,0,0,,,,,0,0,F20K,SCOWL60_STABLE_2020.12.07+WN3.1
13272,13526,shocks,-12.5263,1,0,1,0,,1,0,,shock,,,1,0,F20K,SCOWL60_STABLE_2020.12.07+WN3.1
13273,13527,sinclair,-12.5263,0,0,0,0,N,0,0,,,,,0,0,F20K,SCOWL60_STABLE_2020.12.07+WN3.1
13274,13528,sloppy,-12.5263,1,1,0,0,ADJ,0,0,,,,,0,0,F20K,SCOWL60_STABLE_2020.12.07+WN3.1
13275,13529,sock,-12.5263,1,1,0,0,N|V,1,1,,,,socks,0,1,F20K,SCOWL60_STABLE_2020.12.07+WN3.1
13276,13530,storyline,-12.5263,0,0,0,0,N,0,0,,,,,0,0,F20K,SCOWL60_STABLE_2020.12.07+WN3.1
13277,13531,subdivision,-12.5263,1,1,0,0,N,0,0,,,,,0,0,F20K,SCOWL60_STABLE_2020.12.07+WN3.1
13278,13532,survives,-12.5263,1,0,1,0,,1,0,,survive,,,1,0,F20K,SCOWL60_STABLE_2020.12.07+WN3.1
13279,13533,swiftly,-12.5263,1,0,1,0,ADV,0,0,,,,,0,0,F20K,SCOWL60_STABLE_2020.12.07+WN3.1
13280,13534,swollen,-12.5263,1,1,0,0,ADJ,0,0,,,,,0,0,F20K,SCOWL60_STABLE_2020.12.07+WN3.1
13281,13535,theresa,-12.5263,0,0,0,0,N,0,0,,,,,0,0,F20K,SCOWL60_STABLE_2020.12.07+WN3.1
13282,13536,tibetan,-12.5263,0,0,0,0,N|ADJ,0,0,,,,,0,0,F20K,SCOWL60_STABLE_2020.12.07+WN3.1
13283,13537,tighter,-12.5263,1,0,1,0,,0,0,,,,,0,0,F20K,SCOWL60_STABLE_2020.12.07+WN3.1
13284,13538,timed,-12.5263,1,0,1,0,ADJ,1,0,,time,,,1,0,F20K,SCOWL60_STABLE_2020.12.07+WN3.1
13285,13539,timer,-12.5263,1,1,1,0,N,1,0,,time,,,1,0,F20K,SCOWL60_STABLE_2020.12.07+WN3.1
13286,13540,trance,-12.5263,1,1,0,0,N|V,0,0,,,,,0,0,F20K,SCOWL60_STABLE_2020.12.07+WN3.1
13287,13541,truce,-12.5263,1,1,0,0,N,0,0,,,,,0,0,F20K,SCOWL60_STABLE_2020.12.07+WN3.1
13288,13542,unconstitutional,-12.5263,1,1,0,0,ADJ,0,0,,,,,0,0,F20K,SCOWL60_STABLE_2020.12.07+WN3.1
13289,13543,undefeated,-12.5263,1,0,1,0,ADJ,0,0,,,,,0,0,F20K,SCOWL60_STABLE_2020.12.07+WN3.1
13290,13544,uphold,-12.5263,1,1,0,0,V,0,0,,,,,0,0,F20K,SCOWL60_STABLE_2020.12.07+WN3.1
13291,13545,vapor,-12.5263,1,1,0,0,N,0,0,,,,,0,0,F20K,SCOWL60_STABLE_2020.12.07+WN3.1
13292,13547,watering,-12.5263,1,0,1,0,N,0,0,,,,,0,0,F20K,SCOWL60_STABLE_2020.12.07+WN3.1
13293,13548,waterloo,-12.5263,0,0,0,0,N,0,0,,,,,0,0,F20K,SCOWL60_STABLE_2020.12.07+WN3.1
13294,13549,weakest,-12.5263,1,0,1,0,,0,0,,,,,0,0,F20K,SCOWL60_STABLE_2020.12.07+WN3.1
13295,13550,weaver,-12.5263,1,1,1,0,N,1,0,,weave,,,1,0,F20K,SCOWL60_STABLE_2020.12.07+WN3.1
13296,13551,whereabouts,-12.5263,1,1,0,0,N,0,0,,,,,0,0,F20K,SCOWL60_STABLE_2020.12.07+WN3.1
13297,13552,wherein,-12.5263,1,1,0,0,,1,0,herein,,,,1,0,F20K,SCOWL60_STABLE_2020.12.07+WN3.1
13298,13553,willingly,-12.5263,1,0,1,0,ADV,0,0,,,,,0,0,F20K,SCOWL60_STABLE_2020.12.07+WN3.1
13299,13554,wimbledon,-12.5263,0,0,0,0,N,0,0,,,,,0,0,F20K,SCOWL60_STABLE_2020.12.07+WN3.1
13300,13555,witches,-12.5263,1,0,1,0,,1,1,,,switches,,0,1,F20K,SCOWL60_STABLE_2020.12.07+WN3.1
13301,13556,woven,-12.5263,1,1,0,0,ADJ,1,0,oven,,,,1,0,F20K,SCOWL60_STABLE_2020.12.07+WN3.1
13302,13557,wyoming,-12.5263,0,0,0,0,N,0,0,,,,,0,0,F20K,SCOWL60_STABLE_2020.12.07+WN3.1
13303,13558,yan,-12.5263,0,0,0,0,,0,0,,,,,0,0,F20K,SCOWL60_STABLE_2020.12.07+WN3.1
13304,13559,yarn,-12.5263,1,1,0,0,N|V,0,0,,,,,0,0,F20K,SCOWL60_STABLE_2020.12.07+WN3.1
13305,13560,yielded,-12.5263,1,0,1,0,,0,0,,,,,0,0,F20K,SCOWL60_STABLE_2020.12.07+WN3.1
13306,13561,zeus,-12.5263,0,0,0,0,N,0,0,,,,,0,0,F20K,SCOWL60_STABLE_2020.12.07+WN3.1
13307,13564,abandoning,-12.5486,1,0,1,0,,0,0,,,,,0,0,F20K,SCOWL60_STABLE_2020.12.07+WN3.1
13308,13565,acquaintance,-12.5486,1,1,0,0,N,1,1,,,,acquaintances,0,1,F20K,SCOWL60_STABLE_2020.12.07+WN3.1
13309,13566,advisers,-12.5486,1,0,1,0,,1,0,,adviser,,,1,0,F20K,SCOWL60_STABLE_2020.12.07+WN3.1
13310,13567,agnes,-12.5486,0,0,0,0,,0,0,,,,,0,0,F20K,SCOWL60_STABLE_2020.12.07+WN3.1
13311,13568,ammonia,-12.5486,1,1,0,0,N,0,0,,,,,0,0,F20K,SCOWL60_STABLE_2020.12.07+WN3.1
13312,13569,analysed,-12.5486,0,0,0,0,,0,0,,,,,0,0,F20K,SCOWL60_STABLE_2020.12.07+WN3.1
13313,13571,arabian,-12.5486,0,0,0,0,N|ADJ,0,0,,,,,0,0,F20K,SCOWL60_STABLE_2020.12.07+WN3.1
13314,13572,archie,-12.5486,0,0,0,0,,0,0,,,,,0,0,F20K,SCOWL60_STABLE_2020.12.07+WN3.1
13315,13573,arrogance,-12.5486,1,1,0,0,N,0,0,,,,,0,0,F20K,SCOWL60_STABLE_2020.12.07+WN3.1
13316,13574,arse,-12.5486,0,0,0,0,N,0,0,,,,,0,0,F20K,SCOWL60_STABLE_2020.12.07+WN3.1
13317,13575,ashore,-12.5486,1,1,0,0,ADV,1,0,shore,,,,1,0,F20K,SCOWL60_STABLE_2020.12.07+WN3.1
13318,13576,autopsy,-12.5486,1,1,0,0,N|V,0,0,,,,,0,0,F20K,SCOWL60_STABLE_2020.12.07+WN3.1
13319,13577,backstage,-12.5486,1,1,0,0,N|ADJ|ADV,0,0,,,,,0,0,F20K,SCOWL60_STABLE_2020.12.07+WN3.1
13320,13578,baptized,-12.5486,1,1,1,0,ADJ,0,0,,,,,0,0,F20K,SCOWL60_STABLE_2020.12.07+WN3.1
13321,13579,barrett,-12.5486,0,0,0,0,,0,0,,,,,0,0,F20K,SCOWL60_STABLE_2020.12.07+WN3.1
13322,13580,batter,-12.5486,1,1,0,0,N|V,1,1,,,,battery,0,1,F20K,SCOWL60_STABLE_2020.12.07+WN3.1
13323,13581,battling,-12.5486,1,0,1,0,,0,0,,,,,0,0,F20K,SCOWL60_STABLE_2020.12.07+WN3.1
13324,13582,behaved,-12.5486,1,0,1,0,,1,0,,behave,,,1,0,F20K,SCOWL60_STABLE_2020.12.07+WN3.1
13325,13583,beverages,-12.5486,1,0,1,0,,1,0,,beverage,,,1,0,F20K,SCOWL60_STABLE_2020.12.07+WN3.1
13326,13584,bilingual,-12.5486,1,1,0,0,N|ADJ,0,0,,,,,0,0,F20K,SCOWL60_STABLE_2020.12.07+WN3.1
13327,13585,blackout,-12.5486,1,1,0,0,N,0,0,,,,,0,0,F20K,SCOWL60_STABLE_2020.12.07+WN3.1
13328,13586,bloggers,-12.5486,1,0,1,0,,1,0,,blogger,,,1,0,F20K,SCOWL60_STABLE_2020.12.07+WN3.1
13329,13587,bluff,-12.5486,1,1,0,0,N|V|ADJ,0,0,,,,,0,0,F20K,SCOWL60_STABLE_2020.12.07+WN3.1
13330,13588,blurred,-12.5486,1,1,0,0,ADJ,0,0,,,,,0,0,F20K,SCOWL60_STABLE_2020.12.07+WN3.1
13331,13589,breaker,-12.5486,1,1,1,0,N,1,1,,,,breakers,0,1,F20K,SCOWL60_STABLE_2020.12.07+WN3.1
13332,13590,caller,-12.5486,1,1,0,0,N|ADJ,0,0,,,,,0,0,F20K,SCOWL60_STABLE_2020.12.07+WN3.1
13333,13591,carnegie,-12.5486,0,0,0,0,N,0,0,,,,,0,0,F20K,SCOWL60_STABLE_2020.12.07+WN3.1
13334,13592,castles,-12.5486,1,0,1,0,,1,0,,castle,,,1,0,F20K,SCOWL60_STABLE_2020.12.07+WN3.1
13335,13593,celestial,-12.5486,1,1,0,0,ADJ,0,0,,,,,0,0,F20K,SCOWL60_STABLE_2020.12.07+WN3.1
13336,13594,cerebral,-12.5486,1,1,0,0,ADJ,0,0,,,,,0,0,F20K,SCOWL60_STABLE_2020.12.07+WN3.1
13337,13595,charger,-12.5486,1,1,0,0,N,1,1,,charge,,chargers,1,1,F20K,SCOWL60_STABLE_2020.12.07+WN3.1
13338,13596,chefs,-12.5486,1,0,1,0,,1,0,,chef,,,1,0,F20K,SCOWL60_STABLE_2020.12.07+WN3.1
13339,13597,circulating,-12.5486,1,0,1,0,ADJ,0,0,,,,,0,0,F20K,SCOWL60_STABLE_2020.12.07+WN3.1
13340,13598,claw,-12.5486,1,1,0,0,N|V,1,1,law,,,claws,1,1,F20K,SCOWL60_STABLE_2020.12.07+WN3.1
13341,13599,colder,-12.5486,1,0,1,0,,1,0,older,,,,1,0,F20K,SCOWL60_STABLE_2020.12.07+WN3.1
13342,13600,comforting,-12.5486,1,1,1,0,ADJ,0,0,,,,,0,0,F20K,SCOWL60_STABLE_2020.12.07+WN3.1
13343,13601,commune,-12.5486,1,1,0,0,N|V,0,0,,,,,0,0,F20K,SCOWL60_STABLE_2020.12.07+WN3.1
13344,13602,condemnation,-12.5486,1,1,0,0,N,0,0,,,,,0,0,F20K,SCOWL60_STABLE_2020.12.07+WN3.1
13345,13603,contend,-12.5486,1,0,1,0,V,0,0,,,,,0,0,F20K,SCOWL60_STABLE_2020.12.07+WN3.1
13346,13604,cosmetics,-12.5486,1,0,1,0,,1,0,,cosmetic,,,1,0,F20K,SCOWL60_STABLE_2020.12.07+WN3.1
13347,13605,cosmos,-12.5486,1,1,0,0,N,0,0,,,,,0,0,F20K,SCOWL60_STABLE_2020.12.07+WN3.1
13348,13606,courthouse,-12.5486,1,1,0,0,N,0,0,,,,,0,0,F20K,SCOWL60_STABLE_2020.12.07+WN3.1
13349,13607,crimson,-12.5486,1,1,0,0,N|V|ADJ,0,0,,,,,0,0,F20K,SCOWL60_STABLE_2020.12.07+WN3.1
13350,13608,dagger,-12.5486,1,1,0,0,N,0,0,,,,,0,0,F20K,SCOWL60_STABLE_2020.12.07+WN3.1
13351,13609,dalton,-12.5486,0,0,0,0,N,0,0,,,,,0,0,F20K,SCOWL60_STABLE_2020.12.07+WN3.1
13352,13610,danielle,-12.5486,0,0,0,0,,0,0,,,,,0,0,F20K,SCOWL60_STABLE_2020.12.07+WN3.1
13353,13611,deborah,-12.5486,0,0,0,0,,0,0,,,,,0,0,F20K,SCOWL60_STABLE_2020.12.07+WN3.1
13354,13612,defective,-12.5486,1,1,1,0,ADJ,0,0,,,,,0,0,F20K,SCOWL60_STABLE_2020.12.07+WN3.1
13355,13613,defences,-12.5486,0,0,0,0,,0,0,,,,,0,0,F20K,SCOWL60_STABLE_2020.12.07+WN3.1
13356,13614,dependency,-12.5486,1,1,0,0,N,0,0,,,,,0,0,F20K,SCOWL60_STABLE_2020.12.07+WN3.1
13357,13615,discounted,-12.5486,1,0,1,0,,0,0,,,,,0,0,F20K,SCOWL60_STABLE_2020.12.07+WN3.1
13358,13616,dispersed,-12.5486,1,0,1,0,ADJ,1,0,,disperse,,,1,0,F20K,SCOWL60_STABLE_2020.12.07+WN3.1
13359,13617,diverted,-12.5486,1,0,1,0,ADJ,0,0,,,,,0,0,F20K,SCOWL60_STABLE_2020.12.07+WN3.1
13360,13618,drifting,-12.5486,1,0,1,0,N|ADJ,0,0,,,,,0,0,F20K,SCOWL60_STABLE_2020.12.07+WN3.1
13361,13619,duh,-12.5486,1,1,0,0,,1,0,uh,,,,1,0,F20K,SCOWL60_STABLE_2020.12.07+WN3.1
13362,13620,elijah,-12.5486,0,0,0,0,N,0,0,,,,,0,0,F20K,SCOWL60_STABLE_2020.12.07+WN3.1
13363,13621,emphasizes,-12.5486,1,0,1,0,,1,0,,emphasize,,,1,0,F20K,SCOWL60_STABLE_2020.12.07+WN3.1
13364,13622,establishes,-12.5486,1,0,1,0,,0,0,,,,,0,0,F20K,SCOWL60_STABLE_2020.12.07+WN3.1
13365,13623,evacuate,-12.5486,1,1,0,0,V,1,1,,,,evacuated,0,1,F20K,SCOWL60_STABLE_2020.12.07+WN3.1
13366,13624,existent,-12.5486,1,1,0,0,ADJ,0,0,,,,,0,0,F20K,SCOWL60_STABLE_2020.12.07+WN3.1
13367,13625,falcons,-12.5486,1,0,1,0,,1,0,,falcon,,,1,0,F20K,SCOWL60_STABLE_2020.12.07+WN3.1
13368,13626,flirting,-12.5486,1,0,1,0,N,0,0,,,,,0,0,F20K,SCOWL60_STABLE_2020.12.07+WN3.1
13369,13627,flowering,-12.5486,1,1,1,0,N|ADJ,1,0,lowering,,,,1,0,F20K,SCOWL60_STABLE_2020.12.07+WN3.1
13370,13628,formulated,-12.5486,1,1,1,0,ADJ,1,0,,formulate,,,1,0,F20K,SCOWL60_STABLE_2020.12.07+WN3.1
13371,13629,funky,-12.5486,1,1,0,0,ADJ,1,0,,funk,,,1,0,F20K,SCOWL60_STABLE_2020.12.07+WN3.1
13372,13630,garment,-12.5486,1,1,1,0,N|V,1,1,,,,garments,0,1,F20K,SCOWL60_STABLE_2020.12.07+WN3.1
13373,13631,gracious,-12.5486,1,1,0,0,ADJ,0,0,,,,,0,0,F20K,SCOWL60_STABLE_2020.12.07+WN3.1
13374,13632,graveyard,-12.5486,1,1,0,0,N,0,0,,,,,0,0,F20K,SCOWL60_STABLE_2020.12.07+WN3.1
13375,13633,grouping,-12.5486,1,1,1,0,N,0,0,,,,,0,0,F20K,SCOWL60_STABLE_2020.12.07+WN3.1
13376,13634,gypsy,-12.5486,1,1,0,0,N,0,0,,,,,0,0,F20K,SCOWL60_STABLE_2020.12.07+WN3.1
13377,13635,hai,-12.5486,0,0,0,0,,0,0,,,,,0,0,F20K,SCOWL60_STABLE_2020.12.07+WN3.1
13378,13636,halted,-12.5486,1,0,1,0,,0,0,,,,,0,0,F20K,SCOWL60_STABLE_2020.12.07+WN3.1
13379,13637,hanna,-12.5486,0,0,0,0,,0,0,,,,,0,0,F20K,SCOWL60_STABLE_2020.12.07+WN3.1
13380,13638,hansen,-12.5486,0,0,0,0,,0,0,,,,,0,0,F20K,SCOWL60_STABLE_2020.12.07+WN3.1
13381,13639,hawaiian,-12.5486,0,0,0,0,N|ADJ,0,0,,,,,0,0,F20K,SCOWL60_STABLE_2020.12.07+WN3.1
13382,13640,helmets,-12.5486,1,0,1,0,,1,0,,helmet,,,1,0,F20K,SCOWL60_STABLE_2020.12.07+WN3.1
13383,13642,implication,-12.5486,1,1,1,0,N,1,1,,,,implications,0,1,F20K,SCOWL60_STABLE_2020.12.07+WN3.1
13384,13643,incorporation,-12.5486,1,1,1,0,N,0,0,,,,,0,0,F20K,SCOWL60_STABLE_2020.12.07+WN3.1
13385,13644,ind,-12.5486,1,1,0,0,,1,1,,in,find;kind;mind;wind;bind;hind,,1,6,F20K,SCOWL60_STABLE_2020.12.07+WN3.1
13386,13645,indispensable,-12.5486,1,1,0,0,ADJ,0,0,,,,,0,0,F20K,SCOWL60_STABLE_2020.12.07+WN3.1
13387,13646,induce,-12.5486,1,1,0,0,V,1,1,,,,induced,0,1,F20K,SCOWL60_STABLE_2020.12.07+WN3.1
13388,13647,instructors,-12.5486,1,0,1,0,,1,0,,instructor,,,1,0,F20K,SCOWL60_STABLE_2020.12.07+WN3.1
13389,13648,itv,-12.5486,0,0,0,0,,0,0,,,,,0,0,F20K,SCOWL60_STABLE_2020.12.07+WN3.1
13390,13649,jasper,-12.5486,1,1,0,0,N,0,0,,,,,0,0,F20K,SCOWL60_STABLE_2020.12.07+WN3.1
13391,13650,jen,-12.5486,0,0,0,0,,0,0,,,,,0,0,F20K,SCOWL60_STABLE_2020.12.07+WN3.1
13392,13651,ju,-12.5486,0,0,0,0,,0,0,,,,,0,0,F20K,SCOWL60_STABLE_2020.12.07+WN3.1
13393,13652,knockout,-12.5486,1,1,0,0,N|ADJ,0,0,,,,,0,0,F20K,SCOWL60_STABLE_2020.12.07+WN3.1
13394,13653,ky,-12.5486,0,0,0,0,N,0,0,,,,,0,0,F20K,SCOWL60_STABLE_2020.12.07+WN3.1
13395,13654,latvia,-12.5486,0,0,0,0,N,0,0,,,,,0,0,F20K,SCOWL60_STABLE_2020.12.07+WN3.1
13396,13655,laundering,-12.5486,1,0,1,0,N,0,0,,,,,0,0,F20K,SCOWL60_STABLE_2020.12.07+WN3.1
13397,13656,lawson,-12.5486,0,0,0,0,,0,0,,,,,0,0,F20K,SCOWL60_STABLE_2020.12.07+WN3.1
13398,13657,lax,-12.5486,1,1,0,0,ADJ,1,0,ax,la,,,2,0,F20K,SCOWL60_STABLE_2020.12.07+WN3.1
13399,13658,lea,-12.5486,1,1,0,0,N,1,1,ea,,plea;flea,lead;leaf;lean;leak;leap,1,7,F20K,SCOWL60_STABLE_2020.12.07+WN3.1
13400,13659,liberated,-12.5486,1,0,1,0,ADJ,1,0,,liberate,,,1,0,F20K,SCOWL60_STABLE_2020.12.07+WN3.1
13401,13660,liquids,-12.5486,1,0,1,0,,1,0,,liquid,,,1,0,F20K,SCOWL60_STABLE_2020.12.07+WN3.1
13402,13661,luna,-12.5486,0,0,0,0,N,0,0,,,,,0,0,F20K,SCOWL60_STABLE_2020.12.07+WN3.1
13403,13662,mast,-12.5486,1,1,0,0,N,1,0,,mas,,,1,0,F20K,SCOWL60_STABLE_2020.12.07+WN3.1
13404,13663,mastered,-12.5486,1,0,1,0,ADJ,0,0,,,,,0,0,F20K,SCOWL60_STABLE_2020.12.07+WN3.1
13405,13664,meadow,-12.5486,1,1,0,0,N,1,1,,,,meadows,0,1,F20K,SCOWL60_STABLE_2020.12.07+WN3.1
13406,13665,meg,-12.5486,1,1,0,0,N,1,1,,me,,mega,1,1,F20K,SCOWL60_STABLE_2020.12.07+WN3.1
13407,13666,meme,-12.5486,1,1,0,0,N,1,1,,,,memes,0,1,F20K,SCOWL60_STABLE_2020.12.07+WN3.1
13408,13667,metabolic,-12.5486,1,1,0,0,ADJ,0,0,,,,,0,0,F20K,SCOWL60_STABLE_2020.12.07+WN3.1
13409,13668,metropolis,-12.5486,1,1,0,0,N,0,0,,,,,0,0,F20K,SCOWL60_STABLE_2020.12.07+WN3.1
13410,13669,ming,-12.5486,0,0,0,0,N,0,0,,,,,0,0,F20K,SCOWL60_STABLE_2020.12.07+WN3.1
13411,13670,misuse,-12.5486,1,1,0,0,N|V,0,0,,,,,0,0,F20K,SCOWL60_STABLE_2020.12.07+WN3.1
13412,13671,muddy,-12.5486,1,1,0,0,V|ADJ,0,0,,,,,0,0,F20K,SCOWL60_STABLE_2020.12.07+WN3.1
13413,13672,mystical,-12.5486,1,1,0,0,ADJ,0,0,,,,,0,0,F20K,SCOWL60_STABLE_2020.12.07+WN3.1
13414,13673,nan,-12.5486,0,0,0,0,N,0,0,,,,,0,0,F20K,SCOWL60_STABLE_2020.12.07+WN3.1
13415,13674,negligible,-12.5486,1,1,0,0,ADJ,0,0,,,,,0,0,F20K,SCOWL60_STABLE_2020.12.07+WN3.1
13416,13675,notions,-12.5486,1,0,1,0,,1,0,,notion,,,1,0,F20K,SCOWL60_STABLE_2020.12.07+WN3.1
13417,13676,orgasm,-12.5486,1,1,0,0,N,0,0,,,,,0,0,F20K,SCOWL60_STABLE_2020.12.07+WN3.1
13418,13677,oyster,-12.5486,1,1,0,0,N|V,1,1,,,,oysters,0,1,F20K,SCOWL60_STABLE_2020.12.07+WN3.1
13419,13678,patty,-12.5486,1,1,0,0,N,0,0,,,,,0,0,F20K,SCOWL60_STABLE_2020.12.07+WN3.1
13420,13679,peek,-12.5486,1,1,0,0,N|V,1,0,,pee,,,1,0,F20K,SCOWL60_STABLE_2020.12.07+WN3.1
13421,13680,peggy,-12.5486,0,0,0,0,,0,0,,,,,0,0,F20K,SCOWL60_STABLE_2020.12.07+WN3.1
13422,13681,percentages,-12.5486,1,0,1,0,,1,0,,percentage,,,1,0,F20K,SCOWL60_STABLE_2020.12.07+WN3.1
13423,13682,perez,-12.5486,0,0,0,0,,0,0,,,,,0,0,F20K,SCOWL60_STABLE_2020.12.07+WN3.1
13424,13683,permitting,-12.5486,1,1,0,0,,0,0,,,,,0,0,F20K,SCOWL60_STABLE_2020.12.07+WN3.1
13425,13684,piles,-12.5486,1,0,1,0,N,1,0,,pile,,,1,0,F20K,SCOWL60_STABLE_2020.12.07+WN3.1
13426,13685,piracy,-12.5486,1,1,0,0,N,0,0,,,,,0,0,F20K,SCOWL60_STABLE_2020.12.07+WN3.1
13427,13686,pitches,-12.5486,1,0,1,0,,0,0,,,,,0,0,F20K,SCOWL60_STABLE_2020.12.07+WN3.1
13428,13687,placebo,-12.5486,1,1,0,0,N,0,0,,,,,0,0,F20K,SCOWL60_STABLE_2020.12.07+WN3.1
13429,13688,planners,-12.5486,1,0,1,0,,1,0,,planner,,,1,0,F20K,SCOWL60_STABLE_2020.12.07+WN3.1
13430,13689,plotting,-12.5486,1,1,0,0,,0,0,,,,,0,0,F20K,SCOWL60_STABLE_2020.12.07+WN3.1
13431,13690,poo,-12.5486,1,1,0,0,,1,1,,,,poor;pool;poop,0,3,F20K,SCOWL60_STABLE_2020.12.07+WN3.1
13432,13691,poppy,-12.5486,1,1,0,0,N,0,0,,,,,0,0,F20K,SCOWL60_STABLE_2020.12.07+WN3.1
13433,13692,presbyterian,-12.5486,0,0,0,0,N,0,0,,,,,0,0,F20K,SCOWL60_STABLE_2020.12.07+WN3.1
13434,13693,presses,-12.5486,1,0,1,0,,0,0,,,,,0,0,F20K,SCOWL60_STABLE_2020.12.07+WN3.1
13435,13694,priceless,-12.5486,1,1,0,0,ADJ,0,0,,,,,0,0,F20K,SCOWL60_STABLE_2020.12.07+WN3.1
13436,13695,profoundly,-12.5486,1,0,1,0,ADV,0,0,,,,,0,0,F20K,SCOWL60_STABLE_2020.12.07+WN3.1
13437,13696,programmer,-12.5486,1,1,0,0,N,1,1,,,,programmers,0,1,F20K,SCOWL60_STABLE_2020.12.07+WN3.1
13438,13697,prohibit,-12.5486,1,1,0,0,V,1,1,,,,prohibits,0,1,F20K,SCOWL60_STABLE_2020.12.07+WN3.1
13439,13698,promoter,-12.5486,1,1,1,0,N,1,1,,promote,,promoters,1,1,F20K,SCOWL60_STABLE_2020.12.07+WN3.1
13440,13699,protagonist,-12.5486,1,1,0,0,N,1,1,,,,protagonists,0,1,F20K,SCOWL60_STABLE_2020.12.07+WN3.1
13441,13700,pup,-12.5486,1,1,0,0,N|V,1,0,up,,,,1,0,F20K,SCOWL60_STABLE_2020.12.07+WN3.1
13442,13701,qc,-12.5486,0,0,0,0,,0,0,,,,,0,0,F20K,SCOWL60_STABLE_2020.12.07+WN3.1
13443,13702,raced,-12.5486,1,0,1,0,,1,1,,race,traced,,1,1,F20K,SCOWL60_STABLE_2020.12.07+WN3.1
13444,13703,recalling,-12.5486,1,0,1,0,,0,0,,,,,0,0,F20K,SCOWL60_STABLE_2020.12.07+WN3.1
13445,13704,regained,-12.5486,1,0,1,0,,0,0,,,,,0,0,F20K,SCOWL60_STABLE_2020.12.07+WN3.1
13446,13705,rejoice,-12.5486,1,1,0,0,V,0,0,,,,,0,0,F20K,SCOWL60_STABLE_2020.12.07+WN3.1
13447,13706,resides,-12.5486,1,0,1,0,,1,0,,reside,,,1,0,F20K,SCOWL60_STABLE_2020.12.07+WN3.1
13448,13707,resisting,-12.5486,1,0,1,0,,0,0,,,,,0,0,F20K,SCOWL60_STABLE_2020.12.07+WN3.1
13449,13708,restricting,-12.5486,1,0,1,0,ADJ,0,0,,,,,0,0,F20K,SCOWL60_STABLE_2020.12.07+WN3.1
13450,13709,rhode,-12.5486,0,0,0,0,,0,0,,,,,0,0,F20K,SCOWL60_STABLE_2020.12.07+WN3.1
13451,13710,roaming,-12.5486,1,1,1,0,,0,0,,,,,0,0,F20K,SCOWL60_STABLE_2020.12.07+WN3.1
13452,13711,rotate,-12.5486,1,1,0,0,V,1,1,,,,rotated,0,1,F20K,SCOWL60_STABLE_2020.12.07+WN3.1
13453,13712,roth,-12.5486,0,0,0,0,N,0,0,,,,,0,0,F20K,SCOWL60_STABLE_2020.12.07+WN3.1
13454,13713,runaway,-12.5486,1,1,0,0,N|ADJ,0,0,,,,,0,0,F20K,SCOWL60_STABLE_2020.12.07+WN3.1
13455,13714,sabotage,-12.5486,1,1,0,0,N|V,0,0,,,,,0,0,F20K,SCOWL60_STABLE_2020.12.07+WN3.1
13456,13715,salem,-12.5486,0,0,0,0,N,0,0,,,,,0,0,F20K,SCOWL60_STABLE_2020.12.07+WN3.1
13457,13716,sanction,-12.5486,1,1,0,0,N|V,1,1,,,,sanctions,0,1,F20K,SCOWL60_STABLE_2020.12.07+WN3.1
13458,13717,scorer,-12.5486,1,1,1,0,N,1,0,,score,,,1,0,F20K,SCOWL60_STABLE_2020.12.07+WN3.1
13459,13718,secretariat,-12.5486,1,1,0,0,N,0,0,,,,,0,0,F20K,SCOWL60_STABLE_2020.12.07+WN3.1
13460,13719,sensing,-12.5486,1,0,1,0,N,0,0,,,,,0,0,F20K,SCOWL60_STABLE_2020.12.07+WN3.1
13461,13720,sheila,-12.5486,1,1,0,0,,0,0,,,,,0,0,F20K,SCOWL60_STABLE_2020.12.07+WN3.1
13462,13721,shooters,-12.5486,1,0,1,0,,1,0,,shooter,,,1,0,F20K,SCOWL60_STABLE_2020.12.07+WN3.1
13463,13722,sid,-12.5486,0,0,0,0,,0,0,,,,,0,0,F20K,SCOWL60_STABLE_2020.12.07+WN3.1
13464,13723,skirts,-12.5486,1,0,1,0,,1,0,,skirt,,,1,0,F20K,SCOWL60_STABLE_2020.12.07+WN3.1
13465,13724,slammed,-12.5486,1,1,0,0,,0,0,,,,,0,0,F20K,SCOWL60_STABLE_2020.12.07+WN3.1
13466,13725,slender,-12.5486,1,1,0,0,ADJ,1,0,lender,,,,1,0,F20K,SCOWL60_STABLE_2020.12.07+WN3.1
13467,13726,smelling,-12.5486,1,0,1,0,N|ADJ,0,0,,,,,0,0,F20K,SCOWL60_STABLE_2020.12.07+WN3.1
13468,13727,southeastern,-12.5486,1,1,0,0,ADJ,0,0,,,,,0,0,F20K,SCOWL60_STABLE_2020.12.07+WN3.1
13469,13728,spokesperson,-12.5486,1,1,0,0,N,0,0,,,,,0,0,F20K,SCOWL60_STABLE_2020.12.07+WN3.1
13470,13729,stevenson,-12.5486,0,0,0,0,N,0,0,,,,,0,0,F20K,SCOWL60_STABLE_2020.12.07+WN3.1
13471,13730,substitution,-12.5486,1,1,1,0,N,0,0,,,,,0,0,F20K,SCOWL60_STABLE_2020.12.07+WN3.1
13472,13731,suspicions,-12.5486,1,0,1,0,,1,0,,suspicion,,,1,0,F20K,SCOWL60_STABLE_2020.12.07+WN3.1
13473,13732,taxable,-12.5486,1,0,1,0,ADJ,0,0,,,,,0,0,F20K,SCOWL60_STABLE_2020.12.07+WN3.1
13474,13733,theatres,-12.5486,0,0,0,0,,0,0,,,,,0,0,F20K,SCOWL60_STABLE_2020.12.07+WN3.1
13475,13734,toddler,-12.5486,1,1,1,0,N,0,0,,,,,0,0,F20K,SCOWL60_STABLE_2020.12.07+WN3.1
13476,13735,turmoil,-12.5486,1,1,0,0,N,0,0,,,,,0,0,F20K,SCOWL60_STABLE_2020.12.07+WN3.1
13477,13736,uniquely,-12.5486,1,0,1,0,ADV,0,0,,,,,0,0,F20K,SCOWL60_STABLE_2020.12.07+WN3.1
13478,13737,unjust,-12.5486,1,1,0,0,ADJ,0,0,,,,,0,0,F20K,SCOWL60_STABLE_2020.12.07+WN3.1
13479,13738,unreliable,-12.5486,1,0,1,0,ADJ,0,0,,,,,0,0,F20K,SCOWL60_STABLE_2020.12.07+WN3.1
13480,13739,virtues,-12.5486,1,0,1,0,,1,0,,virtue,,,1,0,F20K,SCOWL60_STABLE_2020.12.07+WN3.1
13481,13740,wary,-12.5486,1,1,0,0,ADJ,1,0,,war,,,1,0,F20K,SCOWL60_STABLE_2020.12.07+WN3.1
13482,13741,wiring,-12.5486,1,1,1,0,N,0,0,,,,,0,0,F20K,SCOWL60_STABLE_2020.12.07+WN3.1
13483,13742,woodland,-12.5486,1,1,0,0,N,0,0,,,,,0,0,F20K,SCOWL60_STABLE_2020.12.07+WN3.1
13484,13743,wrapping,-12.5486,1,1,0,0,N,0,0,,,,,0,0,F20K,SCOWL60_STABLE_2020.12.07+WN3.1
13485,13744,youngsters,-12.5486,1,0,1,0,,0,0,,,,,0,0,F20K,SCOWL60_STABLE_2020.12.07+WN3.1
13486,13745,yuri,-12.5486,0,0,0,0,,0,0,,,,,0,0,F20K,SCOWL60_STABLE_2020.12.07+WN3.1
13487,13746,zimmerman,-12.5486,0,0,0,0,,0,0,,,,,0,0,F20K,SCOWL60_STABLE_2020.12.07+WN3.1
13488,13748,acquainted,-12.5714,1,1,1,0,ADJ,0,0,,,,,0,0,F20K,SCOWL60_STABLE_2020.12.07+WN3.1
13489,13749,adaptive,-12.5714,1,0,1,0,ADJ,0,0,,,,,0,0,F20K,SCOWL60_STABLE_2020.12.07+WN3.1
13490,13750,ama,-12.5714,0,0,0,0,,0,0,,,,,0,0,F20K,SCOWL60_STABLE_2020.12.07+WN3.1
13491,13751,ambush,-12.5714,1,1,0,0,N|V,0,0,,,,,0,0,F20K,SCOWL60_STABLE_2020.12.07+WN3.1
13492,13752,andreas,-12.5714,0,0,0,0,,0,0,,,,,0,0,F20K,SCOWL60_STABLE_2020.12.07+WN3.1
13493,13753,annex,-12.5714,1,1,0,0,N|V,0,0,,,,,0,0,F20K,SCOWL60_STABLE_2020.12.07+WN3.1
13494,13754,apex,-12.5714,1,1,0,0,N,1,0,,ape,,,1,0,F20K,SCOWL60_STABLE_2020.12.07+WN3.1
13495,13755,apologized,-12.5714,1,0,1,0,,1,0,,apologize,,,1,0,F20K,SCOWL60_STABLE_2020.12.07+WN3.1
13496,13756,ariel,-12.5714,0,0,0,0,,0,0,,,,,0,0,F20K,SCOWL60_STABLE_2020.12.07+WN3.1
13497,13757,asteroid,-12.5714,1,1,0,0,N|ADJ,1,0,steroid,,,,1,0,F20K,SCOWL60_STABLE_2020.12.07+WN3.1
13498,13758,attacker,-12.5714,1,1,1,0,N,1,1,,,,attackers,0,1,F20K,SCOWL60_STABLE_2020.12.07+WN3.1
13499,13759,authoritarian,-12.5714,1,1,0,0,N|ADJ,0,0,,,,,0,0,F20K,SCOWL60_STABLE_2020.12.07+WN3.1
13500,13760,avail,-12.5714,1,1,0,0,N|V,0,0,,,,,0,0,F20K,SCOWL60_STABLE_2020.12.07+WN3.1
13501,13761,bae,-12.5714,0,0,0,0,,0,0,,,,,0,0,F20K,SCOWL60_STABLE_2020.12.07+WN3.1
13502,13762,ballots,-12.5714,1,0,1,0,,1,0,,ballot,,,1,0,F20K,SCOWL60_STABLE_2020.12.07+WN3.1
13503,13763,barbie,-12.5714,1,1,0,0,,0,0,,,,,0,0,F20K,SCOWL60_STABLE_2020.12.07+WN3.1
13504,13764,barker,-12.5714,1,1,0,0,N,0,0,,,,,0,0,F20K,SCOWL60_STABLE_2020.12.07+WN3.1
13505,13765,baton,-12.5714,1,1,0,0,N,0,0,,,,,0,0,F20K,SCOWL60_STABLE_2020.12.07+WN3.1
13506,13766,becky,-12.5714,0,0,0,0,,0,0,,,,,0,0,F20K,SCOWL60_STABLE_2020.12.07+WN3.1
13507,13767,beginners,-12.5714,1,0,1,0,,1,0,,beginner,,,1,0,F20K,SCOWL60_STABLE_2020.12.07+WN3.1
13508,13768,benson,-12.5714,0,0,0,0,,0,0,,,,,0,0,F20K,SCOWL60_STABLE_2020.12.07+WN3.1
13509,13769,bentley,-12.5714,0,0,0,0,,0,0,,,,,0,0,F20K,SCOWL60_STABLE_2020.12.07+WN3.1
13510,13770,berries,-12.5714,1,0,1,0,,0,0,,,,,0,0,F20K,SCOWL60_STABLE_2020.12.07+WN3.1
13511,13771,bingo,-12.5714,1,1,0,0,N,0,0,,,,,0,0,F20K,SCOWL60_STABLE_2020.12.07+WN3.1
13512,13772,biodiversity,-12.5714,1,1,0,0,N,0,0,,,,,0,0,F20K,SCOWL60_STABLE_2020.12.07+WN3.1
13513,13773,blitz,-12.5714,1,1,0,0,N|V,0,0,,,,,0,0,F20K,SCOWL60_STABLE_2020.12.07+WN3.1
13514,13774,booty,-12.5714,1,1,0,0,N,1,0,,boot,,,1,0,F20K,SCOWL60_STABLE_2020.12.07+WN3.1
13515,13775,bordeaux,-12.5714,0,0,0,0,N,0,0,,,,,0,0,F20K,SCOWL60_STABLE_2020.12.07+WN3.1
13516,13776,bothers,-12.5714,1,0,1,0,,1,0,others,bother,,,2,0,F20K,SCOWL60_STABLE_2020.12.07+WN3.1
13517,13777,bouncing,-12.5714,1,0,1,0,N|ADJ,0,0,,,,,0,0,F20K,SCOWL60_STABLE_2020.12.07+WN3.1
13518,13778,boutique,-12.5714,1,1,0,0,N,0,0,,,,,0,0,F20K,SCOWL60_STABLE_2020.12.07+WN3.1
13519,13779,casts,-12.5714,1,0,1,0,,1,0,,cast,,,1,0,F20K,SCOWL60_STABLE_2020.12.07+WN3.1
13520,13780,cheerful,-12.5714,1,1,0,0,ADJ,0,0,,,,,0,0,F20K,SCOWL60_STABLE_2020.12.07+WN3.1
13521,13781,chilean,-12.5714,0,0,0,0,N|ADJ,0,0,,,,,0,0,F20K,SCOWL60_STABLE_2020.12.07+WN3.1
13522,13783,ci,-12.5714,0,0,0,0,N|ADJ,0,0,,,,,0,0,F20K,SCOWL60_STABLE_2020.12.07+WN3.1
13523,13784,cindy,-12.5714,0,0,0,0,,0,0,,,,,0,0,F20K,SCOWL60_STABLE_2020.12.07+WN3.1
13524,13785,civilized,-12.5714,1,1,1,0,ADJ,0,0,,,,,0,0,F20K,SCOWL60_STABLE_2020.12.07+WN3.1
13525,13786,clad,-12.5714,1,1,0,0,ADJ,1,0,lad,,,,1,0,F20K,SCOWL60_STABLE_2020.12.07+WN3.1
13526,13787,clarkson,-12.5714,0,0,0,0,,0,0,,,,,0,0,F20K,SCOWL60_STABLE_2020.12.07+WN3.1
13527,13788,cleansing,-12.5714,1,0,1,0,N|ADJ,0,0,,,,,0,0,F20K,SCOWL60_STABLE_2020.12.07+WN3.1
13528,13789,clears,-12.5714,1,0,1,0,,1,0,,clear,,,1,0,F20K,SCOWL60_STABLE_2020.12.07+WN3.1
13529,13790,coincide,-12.5714,1,1,0,0,V,1,1,,,,coincided;coincides,0,2,F20K,SCOWL60_STABLE_2020.12.07+WN3.1
13530,13791,conceal,-12.5714,1,1,0,0,V,0,0,,,,,0,0,F20K,SCOWL60_STABLE_2020.12.07+WN3.1
13531,13792,conformity,-12.5714,1,1,0,0,N,0,0,,,,,0,0,F20K,SCOWL60_STABLE_2020.12.07+WN3.1
13532,13793,connectivity,-12.5714,1,1,0,0,N,0,0,,,,,0,0,F20K,SCOWL60_STABLE_2020.12.07+WN3.1
13533,13794,consolation,-12.5714,1,1,0,0,N,0,0,,,,,0,0,F20K,SCOWL60_STABLE_2020.12.07+WN3.1
13534,13795,contacting,-12.5714,1,0,1,0,,0,0,,,,,0,0,F20K,SCOWL60_STABLE_2020.12.07+WN3.1
13535,13796,contingency,-12.5714,1,1,0,0,N,0,0,,,,,0,0,F20K,SCOWL60_STABLE_2020.12.07+WN3.1
13536,13797,conveniently,-12.5714,1,0,1,0,ADV,0,0,,,,,0,0,F20K,SCOWL60_STABLE_2020.12.07+WN3.1
13537,13798,convertible,-12.5714,1,1,0,0,N|ADJ,0,0,,,,,0,0,F20K,SCOWL60_STABLE_2020.12.07+WN3.1
13538,13799,coordinating,-12.5714,1,0,1,0,ADJ,0,0,,,,,0,0,F20K,SCOWL60_STABLE_2020.12.07+WN3.1
13539,13800,councillors,-12.5714,0,0,0,0,,0,0,,,,,0,0,F20K,SCOWL60_STABLE_2020.12.07+WN3.1
13540,13801,covert,-12.5714,1,1,0,0,N|ADJ,1,0,overt,cover,,,2,0,F20K,SCOWL60_STABLE_2020.12.07+WN3.1
13541,13802,creeping,-12.5714,1,0,1,0,N,0,0,,,,,0,0,F20K,SCOWL60_STABLE_2020.12.07+WN3.1
13542,13803,cushion,-12.5714,1,1,0,0,N|V,0,0,,,,,0,0,F20K,SCOWL60_STABLE_2020.12.07+WN3.1
13543,13804,denise,-12.5714,0,0,0,0,,0,0,,,,,0,0,F20K,SCOWL60_STABLE_2020.12.07+WN3.1
13544,13805,derives,-12.5714,1,0,1,0,,1,0,,derive,,,1,0,F20K,SCOWL60_STABLE_2020.12.07+WN3.1
13545,13806,dialog,-12.5714,1,1,0,0,N,0,0,,,,,0,0,F20K,SCOWL60_STABLE_2020.12.07+WN3.1
13546,13807,diaz,-12.5714,0,0,0,0,N,0,0,,,,,0,0,F20K,SCOWL60_STABLE_2020.12.07+WN3.1
13547,13808,disadvantaged,-12.5714,1,0,1,0,ADJ,1,0,,disadvantage,,,1,0,F20K,SCOWL60_STABLE_2020.12.07+WN3.1
13548,13809,discrete,-12.5714,1,1,0,0,ADJ,0,0,,,,,0,0,F20K,SCOWL60_STABLE_2020.12.07+WN3.1
13549,13810,disposable,-12.5714,1,1,0,0,N|ADJ,0,0,,,,,0,0,F20K,SCOWL60_STABLE_2020.12.07+WN3.1
13550,13811,distortion,-12.5714,1,1,0,0,N,0,0,,,,,0,0,F20K,SCOWL60_STABLE_2020.12.07+WN3.1
13551,13812,distributions,-12.5714,1,1,0,0,,1,0,,distribution,,,1,0,F20K,SCOWL60_STABLE_2020.12.07+WN3.1
13552,13813,diy,-12.5714,0,0,0,0,,0,0,,,,,0,0,F20K,SCOWL60_STABLE_2020.12.07+WN3.1
13553,13814,doris,-12.5714,0,0,0,0,N,0,0,,,,,0,0,F20K,SCOWL60_STABLE_2020.12.07+WN3.1
13554,13815,duct,-12.5714,1,1,0,0,N,0,0,,,,,0,0,F20K,SCOWL60_STABLE_2020.12.07+WN3.1
13555,13816,dundee,-12.5714,0,0,0,0,,0,0,,,,,0,0,F20K,SCOWL60_STABLE_2020.12.07+WN3.1
13556,13817,emergencies,-12.5714,1,0,1,0,,0,0,,,,,0,0,F20K,SCOWL60_STABLE_2020.12.07+WN3.1
13557,13818,emmy,-12.5714,0,0,0,0,N,0,0,,,,,0,0,F20K,SCOWL60_STABLE_2020.12.07+WN3.1
13558,13819,enriched,-12.5714,1,0,1,0,,0,0,,,,,0,0,F20K,SCOWL60_STABLE_2020.12.07+WN3.1
13559,13820,entrepreneurship,-12.5714,1,1,0,0,,0,0,,,,,0,0,F20K,SCOWL60_STABLE_2020.12.07+WN3.1
13560,13821,ew,-12.5714,0,0,0,0,N,0,0,,,,,0,0,F20K,SCOWL60_STABLE_2020.12.07+WN3.1
13561,13822,expectancy,-12.5714,1,1,0,0,N,0,0,,,,,0,0,F20K,SCOWL60_STABLE_2020.12.07+WN3.1
13562,13823,exploits,-12.5714,1,0,1,0,,1,0,,exploit,,,1,0,F20K,SCOWL60_STABLE_2020.12.07+WN3.1
13563,13824,facade,-12.5714,1,1,0,0,N,0,0,,,,,0,0,F20K,SCOWL60_STABLE_2020.12.07+WN3.1
13564,13825,fidelity,-12.5714,1,1,0,0,N,0,0,,,,,0,0,F20K,SCOWL60_STABLE_2020.12.07+WN3.1
13565,13826,flashes,-12.5714,1,0,1,0,,1,0,lashes,,,,1,0,F20K,SCOWL60_STABLE_2020.12.07+WN3.1
13566,13827,flourish,-12.5714,1,1,0,0,N|V,0,0,,,,,0,0,F20K,SCOWL60_STABLE_2020.12.07+WN3.1
13567,13828,flyer,-12.5714,0,0,0,0,N,0,0,,,,,0,0,F20K,SCOWL60_STABLE_2020.12.07+WN3.1
13568,13829,fore,-12.5714,1,1,0,0,N|ADJ|ADV,1,0,ore,for,,,2,0,F20K,SCOWL60_STABLE_2020.12.07+WN3.1
13569,13830,fragment,-12.5714,1,1,0,0,N|V,1,1,,,,fragments,0,1,F20K,SCOWL60_STABLE_2020.12.07+WN3.1
13570,13831,fraudulent,-12.5714,1,1,0,0,ADJ,0,0,,,,,0,0,F20K,SCOWL60_STABLE_2020.12.07+WN3.1
13571,13832,frogs,-12.5714,1,0,1,0,,1,0,,frog,,,1,0,F20K,SCOWL60_STABLE_2020.12.07+WN3.1
13572,13833,funniest,-12.5714,1,0,1,0,,0,0,,,,,0,0,F20K,SCOWL60_STABLE_2020.12.07+WN3.1
13573,13834,gamer,-12.5714,1,0,1,0,,1,0,,game,,,1,0,F20K,SCOWL60_STABLE_2020.12.07+WN3.1
13574,13835,geoff,-12.5714,0,0,0,0,,0,0,,,,,0,0,F20K,SCOWL60_STABLE_2020.12.07+WN3.1
13575,13838,gil,-12.5714,0,0,0,0,,0,0,,,,,0,0,F20K,SCOWL60_STABLE_2020.12.07+WN3.1
13576,13839,gorilla,-12.5714,1,1,0,0,N,0,0,,,,,0,0,F20K,SCOWL60_STABLE_2020.12.07+WN3.1
13577,13840,hale,-12.5714,1,1,0,0,N|V|ADJ,1,1,ale,,whale;shale,,1,2,F20K,SCOWL60_STABLE_2020.12.07+WN3.1
13578,13841,heightened,-12.5714,1,0,1,0,,0,0,,,,,0,0,F20K,SCOWL60_STABLE_2020.12.07+WN3.1
13579,13842,hen,-12.5714,1,1,1,0,N,1,1,en,he,when;then,,2,2,F20K,SCOWL60_STABLE_2020.12.07+WN3.1
13580,13843,herring,-12.5714,1,1,0,0,N,0,0,,,,,0,0,F20K,SCOWL60_STABLE_2020.12.07+WN3.1
13581,13844,howe,-12.5714,0,0,0,0,N,0,0,,,,,0,0,F20K,SCOWL60_STABLE_2020.12.07+WN3.1
13582,13845,incompatible,-12.5714,1,0,1,0,ADJ,0,0,,,,,0,0,F20K,SCOWL60_STABLE_2020.12.07+WN3.1
13583,13846,infinitely,-12.5714,1,0,1,0,ADV,0,0,,,,,0,0,F20K,SCOWL60_STABLE_2020.12.07+WN3.1
13584,13847,inmate,-12.5714,1,1,0,0,N,1,1,,,,inmates,0,1,F20K,SCOWL60_STABLE_2020.12.07+WN3.1
13585,13848,interfaces,-12.5714,1,0,1,0,,1,0,,interface,,,1,0,F20K,SCOWL60_STABLE_2020.12.07+WN3.1
13586,13849,irwin,-12.5714,0,0,0,0,,0,0,,,,,0,0,F20K,SCOWL60_STABLE_2020.12.07+WN3.1
13587,13850,jasmine,-12.5714,1,1,0,0,N,0,0,,,,,0,0,F20K,SCOWL60_STABLE_2020.12.07+WN3.1
13588,13851,jockey,-12.5714,1,1,0,0,N|V,0,0,,,,,0,0,F20K,SCOWL60_STABLE_2020.12.07+WN3.1
13589,13852,kendall,-12.5714,0,0,0,0,N,0,0,,,,,0,0,F20K,SCOWL60_STABLE_2020.12.07+WN3.1
13590,13853,kickstarter,-12.5714,0,0,0,0,,0,0,,,,,0,0,F20K,SCOWL60_STABLE_2020.12.07+WN3.1
13591,13854,lg,-12.5714,1,1,0,0,,0,0,,,,,0,0,F20K,SCOWL60_STABLE_2020.12.07+WN3.1
13592,13855,libyan,-12.5714,0,0,0,0,N|ADJ,0,0,,,,,0,0,F20K,SCOWL60_STABLE_2020.12.07+WN3.1
13593,13856,logically,-12.5714,1,0,1,0,ADV,0,0,,,,,0,0,F20K,SCOWL60_STABLE_2020.12.07+WN3.1
13594,13857,marquis,-12.5714,1,1,0,0,N,0,0,,,,,0,0,F20K,SCOWL60_STABLE_2020.12.07+WN3.1
13595,13858,miley,-12.5714,0,0,0,0,,0,0,,,,,0,0,F20K,SCOWL60_STABLE_2020.12.07+WN3.1
13596,13859,monty,-12.5714,0,0,0,0,,0,0,,,,,0,0,F20K,SCOWL60_STABLE_2020.12.07+WN3.1
13597,13860,motorway,-12.5714,1,1,0,0,N,0,0,,,,,0,0,F20K,SCOWL60_STABLE_2020.12.07+WN3.1
13598,13861,mystic,-12.5714,1,1,0,0,N|ADJ,0,0,,,,,0,0,F20K,SCOWL60_STABLE_2020.12.07+WN3.1
13599,13862,niagara,-12.5714,0,0,0,0,N,0,0,,,,,0,0,F20K,SCOWL60_STABLE_2020.12.07+WN3.1
13600,13863,nominate,-12.5714,1,1,0,0,V,1,1,,,,nominated,0,1,F20K,SCOWL60_STABLE_2020.12.07+WN3.1
13601,13864,notifications,-12.5714,1,0,1,0,,1,0,,notification,,,1,0,F20K,SCOWL60_STABLE_2020.12.07+WN3.1
13602,13865,oc,-12.5714,0,0,0,0,,0,0,,,,,0,0,F20K,SCOWL60_STABLE_2020.12.07+WN3.1
13603,13866,occupations,-12.5714,1,1,0,0,,1,0,,occupation,,,1,0,F20K,SCOWL60_STABLE_2020.12.07+WN3.1
13604,13867,olivier,-12.5714,0,0,0,0,N,0,0,,,,,0,0,F20K,SCOWL60_STABLE_2020.12.07+WN3.1
13605,13868,onboard,-12.5714,1,1,0,0,,0,0,,,,,0,0,F20K,SCOWL60_STABLE_2020.12.07+WN3.1
13606,13869,organise,-12.5714,0,0,0,0,V,0,0,,,,,0,0,F20K,SCOWL60_STABLE_2020.12.07+WN3.1
13607,13870,outward,-12.5714,1,1,0,0,ADJ|ADV,0,0,,,,,0,0,F20K,SCOWL60_STABLE_2020.12.07+WN3.1
13608,13871,palette,-12.5714,1,1,0,0,N,0,0,,,,,0,0,F20K,SCOWL60_STABLE_2020.12.07+WN3.1
13609,13872,pancakes,-12.5714,1,0,1,0,,1,0,,pancake,,,1,0,F20K,SCOWL60_STABLE_2020.12.07+WN3.1
13610,13873,perks,-12.5714,1,0,1,0,,0,0,,,,,0,0,F20K,SCOWL60_STABLE_2020.12.07+WN3.1
13611,13874,petitions,-12.5714,1,0,1,0,,1,0,,petition,,,1,0,F20K,SCOWL60_STABLE_2020.12.07+WN3.1
13612,13875,pga,-12.5714,0,0,0,0,,0,0,,,,,0,0,F20K,SCOWL60_STABLE_2020.12.07+WN3.1
13613,13876,plaster,-12.5714,1,1,0,0,N|V,0,0,,,,,0,0,F20K,SCOWL60_STABLE_2020.12.07+WN3.1
13614,13877,platoon,-12.5714,1,1,0,0,N,0,0,,,,,0,0,F20K,SCOWL60_STABLE_2020.12.07+WN3.1
13615,13878,poke,-12.5714,1,1,0,0,N|V,1,1,,,spoke,poker,0,2,F20K,SCOWL60_STABLE_2020.12.07+WN3.1
13616,13879,pratt,-12.5714,0,0,0,0,,0,0,,,,,0,0,F20K,SCOWL60_STABLE_2020.12.07+WN3.1
13617,13880,preferable,-12.5714,1,0,1,0,ADJ,0,0,,,,,0,0,F20K,SCOWL60_STABLE_2020.12.07+WN3.1
13618,13881,premiership,-12.5714,1,1,0,0,N,0,0,,,,,0,0,F20K,SCOWL60_STABLE_2020.12.07+WN3.1
13619,13882,preparatory,-12.5714,1,1,0,0,ADJ,0,0,,,,,0,0,F20K,SCOWL60_STABLE_2020.12.07+WN3.1
13620,13883,proclamation,-12.5714,1,1,0,0,N,0,0,,,,,0,0,F20K,SCOWL60_STABLE_2020.12.07+WN3.1
13621,13884,prosecute,-12.5714,1,1,0,0,V,1,1,,,,prosecuted,0,1,F20K,SCOWL60_STABLE_2020.12.07+WN3.1
13622,13885,psalm,-12.5714,1,1,0,0,N|V,1,1,,,,psalms,0,1,F20K,SCOWL60_STABLE_2020.12.07+WN3.1
13623,13886,purge,-12.5714,1,1,0,0,N|V,1,0,urge,,,,1,0,F20K,SCOWL60_STABLE_2020.12.07+WN3.1
13624,13887,quasi,-12.5714,1,1,0,0,ADJ,0,0,,,,,0,0,F20K,SCOWL60_STABLE_2020.12.07+WN3.1
13625,13888,rag,-12.5714,1,1,0,0,N|V,1,1,,,drag;brag,rage;rags,0,4,F20K,SCOWL60_STABLE_2020.12.07+WN3.1
13626,13889,recycled,-12.5714,1,0,1,0,,1,0,,recycle,,,1,0,F20K,SCOWL60_STABLE_2020.12.07+WN3.1
13627,13890,repetitive,-12.5714,1,1,0,0,ADJ,0,0,,,,,0,0,F20K,SCOWL60_STABLE_2020.12.07+WN3.1
13628,13891,retaliation,-12.5714,1,1,1,0,N,0,0,,,,,0,0,F20K,SCOWL60_STABLE_2020.12.07+WN3.1
13629,13892,retrieved,-12.5714,1,0,1,0,,1,0,,retrieve,,,1,0,F20K,SCOWL60_STABLE_2020.12.07+WN3.1
13630,13893,sacks,-12.5714,1,0,1,0,,1,0,,sack,,,1,0,F20K,SCOWL60_STABLE_2020.12.07+WN3.1
13631,13894,safeguard,-12.5714,1,1,0,0,N|V,1,1,,,,safeguards,0,1,F20K,SCOWL60_STABLE_2020.12.07+WN3.1
13632,13895,sb,-12.5714,0,0,0,0,N,0,0,,,,,0,0,F20K,SCOWL60_STABLE_2020.12.07+WN3.1
13633,13896,serena,-12.5714,0,0,0,0,,0,0,,,,,0,0,F20K,SCOWL60_STABLE_2020.12.07+WN3.1
13634,13897,sermon,-12.5714,1,1,0,0,N,1,1,,,,sermons,0,1,F20K,SCOWL60_STABLE_2020.12.07+WN3.1
13635,13898,shaun,-12.5714,0,0,0,0,,0,0,,,,,0,0,F20K,SCOWL60_STABLE_2020.12.07+WN3.1
13636,13899,shelley,-12.5714,0,0,0,0,N,0,0,,,,,0,0,F20K,SCOWL60_STABLE_2020.12.07+WN3.1
13637,13901,sk,-12.5714,0,0,0,0,,0,0,,,,,0,0,F20K,SCOWL60_STABLE_2020.12.07+WN3.1
13638,13902,slang,-12.5714,1,1,0,0,N|V,0,0,,,,,0,0,F20K,SCOWL60_STABLE_2020.12.07+WN3.1
13639,13903,solemn,-12.5714,1,1,0,0,ADJ,0,0,,,,,0,0,F20K,SCOWL60_STABLE_2020.12.07+WN3.1
13640,13904,songwriter,-12.5714,1,1,0,0,N,0,0,,,,,0,0,F20K,SCOWL60_STABLE_2020.12.07+WN3.1
13641,13905,sparkling,-12.5714,1,0,1,0,N|ADJ,0,0,,,,,0,0,F20K,SCOWL60_STABLE_2020.12.07+WN3.1
13642,13906,squash,-12.5714,1,1,0,0,N|V,0,0,,,,,0,0,F20K,SCOWL60_STABLE_2020.12.07+WN3.1
13643,13907,starve,-12.5714,1,1,0,0,V,1,1,,,,starved,0,1,F20K,SCOWL60_STABLE_2020.12.07+WN3.1
13644,13908,stint,-12.5714,1,1,0,0,N|V,0,0,,,,,0,0,F20K,SCOWL60_STABLE_2020.12.07+WN3.1
13645,13909,stitches,-12.5714,1,0,1,0,,0,0,,,,,0,0,F20K,SCOWL60_STABLE_2020.12.07+WN3.1
13646,13910,strained,-12.5714,1,0,1,0,ADJ,1,0,trained,,,,1,0,F20K,SCOWL60_STABLE_2020.12.07+WN3.1
13647,13911,strauss,-12.5714,0,0,0,0,N,0,0,,,,,0,0,F20K,SCOWL60_STABLE_2020.12.07+WN3.1
13648,13912,stressing,-12.5714,1,0,1,0,,0,0,,,,,0,0,F20K,SCOWL60_STABLE_2020.12.07+WN3.1
13649,13913,submerged,-12.5714,1,0,1,0,ADJ,0,0,,,,,0,0,F20K,SCOWL60_STABLE_2020.12.07+WN3.1
13650,13914,suitcase,-12.5714,1,1,0,0,N,0,0,,,,,0,0,F20K,SCOWL60_STABLE_2020.12.07+WN3.1
13651,13915,summon,-12.5714,1,1,0,0,V,1,1,,,,summons,0,1,F20K,SCOWL60_STABLE_2020.12.07+WN3.1
13652,13916,suns,-12.5714,1,0,1,0,,1,0,,sun,,,1,0,F20K,SCOWL60_STABLE_2020.12.07+WN3.1
13653,13917,swearing,-12.5714,1,0,1,0,N,1,0,wearing,,,,1,0,F20K,SCOWL60_STABLE_2020.12.07+WN3.1
13654,13918,swore,-12.5714,1,1,0,0,,1,0,wore,,,,1,0,F20K,SCOWL60_STABLE_2020.12.07+WN3.1
13655,13919,tame,-12.5714,1,1,0,0,V|ADJ,0,0,,,,,0,0,F20K,SCOWL60_STABLE_2020.12.07+WN3.1
13656,13920,tariffs,-12.5714,1,0,1,0,,1,0,,tariff,,,1,0,F20K,SCOWL60_STABLE_2020.12.07+WN3.1
13657,13921,tease,-12.5714,1,1,0,0,N|V,1,1,ease,,,teaser,1,1,F20K,SCOWL60_STABLE_2020.12.07+WN3.1
13658,13922,technicians,-12.5714,1,0,1,0,,1,0,,technician,,,1,0,F20K,SCOWL60_STABLE_2020.12.07+WN3.1
13659,13923,thicker,-12.5714,1,0,1,0,,0,0,,,,,0,0,F20K,SCOWL60_STABLE_2020.12.07+WN3.1
13660,13924,thugs,-12.5714,1,0,1,0,,1,0,hugs,thug,,,2,0,F20K,SCOWL60_STABLE_2020.12.07+WN3.1
13661,13925,tm,-12.5714,0,0,0,0,N,0,0,,,,,0,0,F20K,SCOWL60_STABLE_2020.12.07+WN3.1
13662,13926,toni,-12.5714,0,0,0,0,,0,0,,,,,0,0,F20K,SCOWL60_STABLE_2020.12.07+WN3.1
13663,13927,tottenham,-12.5714,0,0,0,0,,0,0,,,,,0,0,F20K,SCOWL60_STABLE_2020.12.07+WN3.1
13664,13928,triggers,-12.5714,1,0,1,0,,1,0,,trigger,,,1,0,F20K,SCOWL60_STABLE_2020.12.07+WN3.1
13665,13929,turbines,-12.5714,1,0,1,0,,1,0,,turbine,,,1,0,F20K,SCOWL60_STABLE_2020.12.07+WN3.1
13666,13930,ulster,-12.5714,1,1,0,0,N,0,0,,,,,0,0,F20K,SCOWL60_STABLE_2020.12.07+WN3.1
13667,13931,unreal,-12.5714,1,1,0,0,ADJ,0,0,,,,,0,0,F20K,SCOWL60_STABLE_2020.12.07+WN3.1
13668,13932,unrealistic,-12.5714,1,0,1,0,ADJ,0,0,,,,,0,0,F20K,SCOWL60_STABLE_2020.12.07+WN3.1
13669,13933,upsetting,-12.5714,1,1,0,0,ADJ,0,0,,,,,0,0,F20K,SCOWL60_STABLE_2020.12.07+WN3.1
13670,13934,urgently,-12.5714,1,0,1,0,ADV,0,0,,,,,0,0,F20K,SCOWL60_STABLE_2020.12.07+WN3.1
13671,13935,vigorous,-12.5714,1,1,0,0,ADJ,0,0,,,,,0,0,F20K,SCOWL60_STABLE_2020.12.07+WN3.1
13672,13936,vineyard,-12.5714,1,1,0,0,N,1,1,,,,vineyards,0,1,F20K,SCOWL60_STABLE_2020.12.07+WN3.1
13673,13937,warden,-12.5714,1,1,0,0,N,0,0,,,,,0,0,F20K,SCOWL60_STABLE_2020.12.07+WN3.1
13674,13938,weaken,-12.5714,1,1,1,0,V,0,0,,,,,0,0,F20K,SCOWL60_STABLE_2020.12.07+WN3.1
13675,13939,weeds,-12.5714,1,0,1,0,N,1,0,,weed,,,1,0,F20K,SCOWL60_STABLE_2020.12.07+WN3.1
13676,13940,wes,-12.5714,0,0,0,0,,0,0,,,,,0,0,F20K,SCOWL60_STABLE_2020.12.07+WN3.1
13677,13942,wicket,-12.5714,1,1,0,0,N,1,1,,,,wickets,0,1,F20K,SCOWL60_STABLE_2020.12.07+WN3.1
13678,13943,witty,-12.5714,1,1,0,0,ADJ,0,0,,,,,0,0,F20K,SCOWL60_STABLE_2020.12.07+WN3.1
13679,13944,wyatt,-12.5714,0,0,0,0,N,0,0,,,,,0,0,F20K,SCOWL60_STABLE_2020.12.07+WN3.1
13680,13945,xii,-12.5714,1,1,0,0,N|ADJ,1,1,ii,xi,,xiii,2,1,F20K,SCOWL60_STABLE_2020.12.07+WN3.1
13681,13949,abdominal,-12.5947,1,1,0,0,N|ADJ,0,0,,,,,0,0,F20K,SCOWL60_STABLE_2020.12.07+WN3.1
13682,13950,accents,-12.5947,1,0,1,0,,1,0,,accent,,,1,0,F20K,SCOWL60_STABLE_2020.12.07+WN3.1
13683,13951,acclaimed,-12.5947,1,0,1,0,,0,0,,,,,0,0,F20K,SCOWL60_STABLE_2020.12.07+WN3.1
13684,13952,aforementioned,-12.5947,1,1,0,0,ADJ,0,0,,,,,0,0,F20K,SCOWL60_STABLE_2020.12.07+WN3.1
13685,13953,aggressively,-12.5947,1,0,1,0,ADV,0,0,,,,,0,0,F20K,SCOWL60_STABLE_2020.12.07+WN3.1
13686,13954,airing,-12.5947,1,1,1,0,N,1,1,,,pairing,,0,1,F20K,SCOWL60_STABLE_2020.12.07+WN3.1
13687,13955,alerts,-12.5947,1,0,1,0,,1,0,,alert,,,1,0,F20K,SCOWL60_STABLE_2020.12.07+WN3.1
13688,13956,alterations,-12.5947,1,0,1,0,,1,0,,alteration,,,1,0,F20K,SCOWL60_STABLE_2020.12.07+WN3.1
13689,13957,ape,-12.5947,1,1,0,0,N|V,1,1,,,rape;tape;cape,apex;apes,0,5,F20K,SCOWL60_STABLE_2020.12.07+WN3.1
13690,13958,atrocities,-12.5947,1,0,1,0,,0,0,,,,,0,0,F20K,SCOWL60_STABLE_2020.12.07+WN3.1
13691,13959,auditor,-12.5947,1,1,0,0,N,1,1,,,,auditors,0,1,F20K,SCOWL60_STABLE_2020.12.07+WN3.1
13692,13960,backbone,-12.5947,1,1,0,0,N,0,0,,,,,0,0,F20K,SCOWL60_STABLE_2020.12.07+WN3.1
13693,13961,badger,-12.5947,1,1,1,0,N|V,1,0,,badge,,,1,0,F20K,SCOWL60_STABLE_2020.12.07+WN3.1
13694,13962,bahamas,-12.5947,0,0,0,0,N,0,0,,,,,0,0,F20K,SCOWL60_STABLE_2020.12.07+WN3.1
13695,13964,barge,-12.5947,1,1,0,0,N|V,0,0,,,,,0,0,F20K,SCOWL60_STABLE_2020.12.07+WN3.1
13696,13965,baxter,-12.5947,0,0,0,0,,0,0,,,,,0,0,F20K,SCOWL60_STABLE_2020.12.07+WN3.1
13697,13966,blogging,-12.5947,1,1,0,0,,1,0,logging,,,,1,0,F20K,SCOWL60_STABLE_2020.12.07+WN3.1
13698,13967,boasts,-12.5947,1,0,1,0,,1,0,,boast,,,1,0,F20K,SCOWL60_STABLE_2020.12.07+WN3.1
13699,13968,bong,-12.5947,1,1,0,0,N|V,0,0,,,,,0,0,F20K,SCOWL60_STABLE_2020.12.07+WN3.1
13700,13969,booster,-12.5947,1,1,1,0,N,0,0,,,,,0,0,F20K,SCOWL60_STABLE_2020.12.07+WN3.1
13701,13970,brew,-12.5947,1,1,0,0,N|V,0,0,,,,,0,0,F20K,SCOWL60_STABLE_2020.12.07+WN3.1
13702,13971,brightness,-12.5947,1,1,1,0,N,0,0,,,,,0,0,F20K,SCOWL60_STABLE_2020.12.07+WN3.1
13703,13972,bronx,-12.5947,0,0,0,0,N,0,0,,,,,0,0,F20K,SCOWL60_STABLE_2020.12.07+WN3.1
13704,13973,cain,-12.5947,0,0,0,0,N,0,0,,,,,0,0,F20K,SCOWL60_STABLE_2020.12.07+WN3.1
13705,13974,campaigning,-12.5947,1,0,1,0,N,0,0,,,,,0,0,F20K,SCOWL60_STABLE_2020.12.07+WN3.1
13706,13975,canned,-12.5947,1,1,0,0,ADJ,1,1,,,scanned,,0,1,F20K,SCOWL60_STABLE_2020.12.07+WN3.1
13707,13976,casualty,-12.5947,1,1,0,0,N,0,0,,,,,0,0,F20K,SCOWL60_STABLE_2020.12.07+WN3.1
13708,13977,catalan,-12.5947,0,0,0,0,N|ADJ,0,0,,,,,0,0,F20K,SCOWL60_STABLE_2020.12.07+WN3.1
13709,13978,cavity,-12.5947,1,1,0,0,N,0,0,,,,,0,0,F20K,SCOWL60_STABLE_2020.12.07+WN3.1
13710,13979,centralized,-12.5947,1,0,1,0,ADJ,0,0,,,,,0,0,F20K,SCOWL60_STABLE_2020.12.07+WN3.1
13711,13980,charcoal,-12.5947,1,1,0,0,N|V|ADJ,0,0,,,,,0,0,F20K,SCOWL60_STABLE_2020.12.07+WN3.1
13712,13981,cheque,-12.5947,0,0,0,0,N|V,0,0,,,,,0,0,F20K,SCOWL60_STABLE_2020.12.07+WN3.1
13713,13982,chimney,-12.5947,1,1,0,0,N,0,0,,,,,0,0,F20K,SCOWL60_STABLE_2020.12.07+WN3.1
13714,13983,choking,-12.5947,1,0,1,0,N,0,0,,,,,0,0,F20K,SCOWL60_STABLE_2020.12.07+WN3.1
13715,13984,claws,-12.5947,1,0,1,0,,1,0,laws,claw,,,2,0,F20K,SCOWL60_STABLE_2020.12.07+WN3.1
13716,13985,coastline,-12.5947,1,1,0,0,N,0,0,,,,,0,0,F20K,SCOWL60_STABLE_2020.12.07+WN3.1
13717,13986,colourful,-12.5947,0,0,0,0,ADJ,0,0,,,,,0,0,F20K,SCOWL60_STABLE_2020.12.07+WN3.1
13718,13987,columnist,-12.5947,1,1,0,0,N,0,0,,,,,0,0,F20K,SCOWL60_STABLE_2020.12.07+WN3.1
13719,13988,commemorate,-12.5947,1,1,0,0,V,0,0,,,,,0,0,F20K,SCOWL60_STABLE_2020.12.07+WN3.1
13720,13989,condolences,-12.5947,1,0,1,0,,0,0,,,,,0,0,F20K,SCOWL60_STABLE_2020.12.07+WN3.1
13721,13990,coupon,-12.5947,1,1,0,0,N,1,1,,,,coupons,0,1,F20K,SCOWL60_STABLE_2020.12.07+WN3.1
13722,13992,cradle,-12.5947,1,1,0,0,N|V,0,0,,,,,0,0,F20K,SCOWL60_STABLE_2020.12.07+WN3.1
13723,13993,crescent,-12.5947,1,1,0,0,N|ADJ,0,0,,,,,0,0,F20K,SCOWL60_STABLE_2020.12.07+WN3.1
13724,13994,cyclist,-12.5947,1,1,0,0,N,1,1,,,,cyclists,0,1,F20K,SCOWL60_STABLE_2020.12.07+WN3.1
13725,13995,debbie,-12.5947,0,0,0,0,,0,0,,,,,0,0,F20K,SCOWL60_STABLE_2020.12.07+WN3.1
13726,13996,dedicate,-12.5947,1,1,0,0,V,1,1,,,,dedicated,0,1,F20K,SCOWL60_STABLE_2020.12.07+WN3.1
13727,13997,dei,-12.5947,0,0,0,0,,0,0,,,,,0,0,F20K,SCOWL60_STABLE_2020.12.07+WN3.1
13728,13998,deported,-12.5947,1,0,1,0,,0,0,,,,,0,0,F20K,SCOWL60_STABLE_2020.12.07+WN3.1
13729,13999,dept,-12.5947,1,0,1,0,,1,1,,,adept,depth,0,2,F20K,SCOWL60_STABLE_2020.12.07+WN3.1
13730,14000,doubtful,-12.5947,1,1,0,0,ADJ,0,0,,,,,0,0,F20K,SCOWL60_STABLE_2020.12.07+WN3.1
13731,14001,dramas,-12.5947,1,0,1,0,,1,0,,drama,,,1,0,F20K,SCOWL60_STABLE_2020.12.07+WN3.1
13732,14002,elites,-12.5947,1,0,1,0,,1,0,,elite,,,1,0,F20K,SCOWL60_STABLE_2020.12.07+WN3.1
13733,14003,emerald,-12.5947,1,1,0,0,N,0,0,,,,,0,0,F20K,SCOWL60_STABLE_2020.12.07+WN3.1
13734,14004,enlightened,-12.5947,1,1,1,0,N|ADJ,0,0,,,,,0,0,F20K,SCOWL60_STABLE_2020.12.07+WN3.1
13735,14005,eruption,-12.5947,1,1,0,0,N,0,0,,,,,0,0,F20K,SCOWL60_STABLE_2020.12.07+WN3.1
13736,14006,estonia,-12.5947,0,0,0,0,N,0,0,,,,,0,0,F20K,SCOWL60_STABLE_2020.12.07+WN3.1
13737,14007,ethic,-12.5947,1,1,0,0,N,1,1,,,,ethics,0,1,F20K,SCOWL60_STABLE_2020.12.07+WN3.1
13738,14008,ethiopian,-12.5947,0,0,0,0,N|ADJ,0,0,,,,,0,0,F20K,SCOWL60_STABLE_2020.12.07+WN3.1
13739,14009,everlasting,-12.5947,1,1,0,0,N|ADJ,0,0,,,,,0,0,F20K,SCOWL60_STABLE_2020.12.07+WN3.1
13740,14010,fasting,-12.5947,1,0,1,0,N,0,0,,,,,0,0,F20K,SCOWL60_STABLE_2020.12.07+WN3.1
13741,14011,fences,-12.5947,1,0,1,0,,1,0,,fence,,,1,0,F20K,SCOWL60_STABLE_2020.12.07+WN3.1
13742,14012,fibers,-12.5947,1,0,1,0,,1,0,,fiber,,,1,0,F20K,SCOWL60_STABLE_2020.12.07+WN3.1
13743,14013,filmmaker,-12.5947,1,1,0,0,N,1,1,,,,filmmakers,0,1,F20K,SCOWL60_STABLE_2020.12.07+WN3.1
13744,14014,filtering,-12.5947,1,0,1,0,,0,0,,,,,0,0,F20K,SCOWL60_STABLE_2020.12.07+WN3.1
13745,14015,finalists,-12.5947,1,0,1,0,,1,0,,finalist,,,1,0,F20K,SCOWL60_STABLE_2020.12.07+WN3.1
13746,14016,fischer,-12.5947,0,0,0,0,N,0,0,,,,,0,0,F20K,SCOWL60_STABLE_2020.12.07+WN3.1
13747,14017,fleming,-12.5947,0,0,0,0,N,0,0,,,,,0,0,F20K,SCOWL60_STABLE_2020.12.07+WN3.1
13748,14018,flop,-12.5947,1,1,0,0,N|V|ADV,0,0,,,,,0,0,F20K,SCOWL60_STABLE_2020.12.07+WN3.1
13749,14019,granny,-12.5947,1,1,0,0,N,0,0,,,,,0,0,F20K,SCOWL60_STABLE_2020.12.07+WN3.1
13750,14020,graphical,-12.5947,1,1,0,0,ADJ,0,0,,,,,0,0,F20K,SCOWL60_STABLE_2020.12.07+WN3.1
13751,14021,guitarist,-12.5947,1,1,0,0,N,0,0,,,,,0,0,F20K,SCOWL60_STABLE_2020.12.07+WN3.1
13752,14022,gunfire,-12.5947,1,1,0,0,N,0,0,,,,,0,0,F20K,SCOWL60_STABLE_2020.12.07+WN3.1
13753,14023,halftime,-12.5947,1,1,0,0,N,0,0,,,,,0,0,F20K,SCOWL60_STABLE_2020.12.07+WN3.1
13754,14024,hicks,-12.5947,1,0,1,0,,1,1,,,chicks,,0,1,F20K,SCOWL60_STABLE_2020.12.07+WN3.1
13755,14025,hoover,-12.5947,1,1,0,0,N|V,0,0,,,,,0,0,F20K,SCOWL60_STABLE_2020.12.07+WN3.1
13756,14026,icy,-12.5947,1,1,0,0,ADJ,0,0,,,,,0,0,F20K,SCOWL60_STABLE_2020.12.07+WN3.1
13757,14027,idols,-12.5947,1,0,1,0,,1,0,,idol,,,1,0,F20K,SCOWL60_STABLE_2020.12.07+WN3.1
13758,14028,incompetent,-12.5947,1,1,1,0,N|ADJ,0,0,,,,,0,0,F20K,SCOWL60_STABLE_2020.12.07+WN3.1
13759,14029,inefficient,-12.5947,1,0,1,0,ADJ,0,0,,,,,0,0,F20K,SCOWL60_STABLE_2020.12.07+WN3.1
13760,14030,influencing,-12.5947,1,0,1,0,,0,0,,,,,0,0,F20K,SCOWL60_STABLE_2020.12.07+WN3.1
13761,14031,integrating,-12.5947,1,0,1,0,N,0,0,,,,,0,0,F20K,SCOWL60_STABLE_2020.12.07+WN3.1
13762,14032,invading,-12.5947,1,0,1,0,ADJ,0,0,,,,,0,0,F20K,SCOWL60_STABLE_2020.12.07+WN3.1
13763,14033,isbn,-12.5947,0,0,0,0,,0,0,,,,,0,0,F20K,SCOWL60_STABLE_2020.12.07+WN3.1
13764,14034,jailed,-12.5947,1,0,1,0,ADJ,0,0,,,,,0,0,F20K,SCOWL60_STABLE_2020.12.07+WN3.1
13765,14035,jamaican,-12.5947,0,0,0,0,N|ADJ,0,0,,,,,0,0,F20K,SCOWL60_STABLE_2020.12.07+WN3.1
13766,14036,javascript,-12.5947,0,0,0,0,,0,0,,,,,0,0,F20K,SCOWL60_STABLE_2020.12.07+WN3.1
13767,14037,jaws,-12.5947,1,0,1,0,,1,0,,jaw,,,1,0,F20K,SCOWL60_STABLE_2020.12.07+WN3.1
13768,14038,juicy,-12.5947,1,1,0,0,ADJ,0,0,,,,,0,0,F20K,SCOWL60_STABLE_2020.12.07+WN3.1
13769,14039,karachi,-12.5947,0,0,0,0,N,0,0,,,,,0,0,F20K,SCOWL60_STABLE_2020.12.07+WN3.1
13770,14040,kathleen,-12.5947,0,0,0,0,,0,0,,,,,0,0,F20K,SCOWL60_STABLE_2020.12.07+WN3.1
13771,14041,keller,-12.5947,0,0,0,0,N,0,0,,,,,0,0,F20K,SCOWL60_STABLE_2020.12.07+WN3.1
13772,14042,kettle,-12.5947,1,1,0,0,N,0,0,,,,,0,0,F20K,SCOWL60_STABLE_2020.12.07+WN3.1
13773,14043,kidneys,-12.5947,1,0,1,0,,1,0,,kidney,,,1,0,F20K,SCOWL60_STABLE_2020.12.07+WN3.1
13774,14044,ku,-12.5947,0,0,0,0,,0,0,,,,,0,0,F20K,SCOWL60_STABLE_2020.12.07+WN3.1
13775,14045,labrador,-12.5947,0,0,0,0,N,0,0,,,,,0,0,F20K,SCOWL60_STABLE_2020.12.07+WN3.1
13776,14046,lesbians,-12.5947,1,0,1,0,,1,0,,lesbian,,,1,0,F20K,SCOWL60_STABLE_2020.12.07+WN3.1
13777,14047,librarian,-12.5947,1,1,0,0,N,0,0,,,,,0,0,F20K,SCOWL60_STABLE_2020.12.07+WN3.1
13778,14048,lighthouse,-12.5947,1,1,0,0,N,0,0,,,,,0,0,F20K,SCOWL60_STABLE_2020.12.07+WN3.1
13779,14049,liquidity,-12.5947,1,1,0,0,N,0,0,,,,,0,0,F20K,SCOWL60_STABLE_2020.12.07+WN3.1
13780,14050,litre,-12.5947,0,0,0,0,N,0,0,,,,,0,0,F20K,SCOWL60_STABLE_2020.12.07+WN3.1
13781,14051,lorraine,-12.5947,0,0,0,0,N,0,0,,,,,0,0,F20K,SCOWL60_STABLE_2020.12.07+WN3.1
13782,14052,lucia,-12.5947,0,0,0,0,,0,0,,,,,0,0,F20K,SCOWL60_STABLE_2020.12.07+WN3.1
13783,14053,markings,-12.5947,1,0,1,0,,1,0,,marking,,,1,0,F20K,SCOWL60_STABLE_2020.12.07+WN3.1
13784,14054,marseille,-12.5947,0,0,0,0,N,0,0,,,,,0,0,F20K,SCOWL60_STABLE_2020.12.07+WN3.1
13785,14055,mastery,-12.5947,1,1,0,0,N,1,0,,master,,,1,0,F20K,SCOWL60_STABLE_2020.12.07+WN3.1
13786,14056,mba,-12.5947,0,0,0,0,N,0,0,,,,,0,0,F20K,SCOWL60_STABLE_2020.12.07+WN3.1
13787,14057,menace,-12.5947,1,1,0,0,N|V,0,0,,,,,0,0,F20K,SCOWL60_STABLE_2020.12.07+WN3.1
13788,14058,mixes,-12.5947,1,0,1,0,,0,0,,,,,0,0,F20K,SCOWL60_STABLE_2020.12.07+WN3.1
13789,14059,monsieur,-12.5947,1,1,0,0,N,0,0,,,,,0,0,F20K,SCOWL60_STABLE_2020.12.07+WN3.1
13790,14060,murderers,-12.5947,1,0,1,0,,1,0,,murderer,,,1,0,F20K,SCOWL60_STABLE_2020.12.07+WN3.1
13791,14061,nl,-12.5947,0,0,0,0,,0,0,,,,,0,0,F20K,SCOWL60_STABLE_2020.12.07+WN3.1
13792,14062,noun,-12.5947,1,1,0,0,N,1,1,,,,nouns,0,1,F20K,SCOWL60_STABLE_2020.12.07+WN3.1
13793,14063,nutrient,-12.5947,1,1,0,0,N|ADJ,1,1,,,,nutrients,0,1,F20K,SCOWL60_STABLE_2020.12.07+WN3.1
13794,14064,oaks,-12.5947,1,0,1,0,,1,0,,oak,,,1,0,F20K,SCOWL60_STABLE_2020.12.07+WN3.1
13795,14065,objected,-12.5947,1,0,1,0,,0,0,,,,,0,0,F20K,SCOWL60_STABLE_2020.12.07+WN3.1
13796,14066,oecd,-12.5947,0,0,0,0,,0,0,,,,,0,0,F20K,SCOWL60_STABLE_2020.12.07+WN3.1
13797,14067,offending,-12.5947,1,0,1,0,ADJ,0,0,,,,,0,0,F20K,SCOWL60_STABLE_2020.12.07+WN3.1
13798,14068,organizer,-12.5947,1,1,0,0,N,1,1,,organize,,organizers,1,1,F20K,SCOWL60_STABLE_2020.12.07+WN3.1
13799,14069,oslo,-12.5947,0,0,0,0,N,0,0,,,,,0,0,F20K,SCOWL60_STABLE_2020.12.07+WN3.1
13800,14070,overload,-12.5947,1,1,0,0,N|V,0,0,,,,,0,0,F20K,SCOWL60_STABLE_2020.12.07+WN3.1
13801,14071,pam,-12.5947,0,0,0,0,,0,0,,,,,0,0,F20K,SCOWL60_STABLE_2020.12.07+WN3.1
13802,14072,pamela,-12.5947,0,0,0,0,,0,0,,,,,0,0,F20K,SCOWL60_STABLE_2020.12.07+WN3.1
13803,14073,parallels,-12.5947,1,0,1,0,,1,0,,parallel,,,1,0,F20K,SCOWL60_STABLE_2020.12.07+WN3.1
13804,14074,parasite,-12.5947,1,1,0,0,N,1,1,,,,parasites,0,1,F20K,SCOWL60_STABLE_2020.12.07+WN3.1
13805,14075,parasites,-12.5947,1,0,1,0,,1,0,,parasite,,,1,0,F20K,SCOWL60_STABLE_2020.12.07+WN3.1
13806,14077,patrols,-12.5947,1,0,1,0,,1,0,,patrol,,,1,0,F20K,SCOWL60_STABLE_2020.12.07+WN3.1
13807,14078,philly,-12.5947,0,0,0,0,,0,0,,,,,0,0,F20K,SCOWL60_STABLE_2020.12.07+WN3.1
13808,14079,php,-12.5947,0,0,0,0,,0,0,,,,,0,0,F20K,SCOWL60_STABLE_2020.12.07+WN3.1
13809,14080,pies,-12.5947,1,0,1,0,,1,1,,pie,spies,,1,1,F20K,SCOWL60_STABLE_2020.12.07+WN3.1
13810,14081,pioneering,-12.5947,1,0,1,0,,0,0,,,,,0,0,F20K,SCOWL60_STABLE_2020.12.07+WN3.1
13811,14082,pissing,-12.5947,1,0,1,0,N,0,0,,,,,0,0,F20K,SCOWL60_STABLE_2020.12.07+WN3.1
13812,14083,planetary,-12.5947,1,1,0,0,ADJ,0,0,,,,,0,0,F20K,SCOWL60_STABLE_2020.12.07+WN3.1
13813,14084,preventive,-12.5947,1,1,1,0,N|ADJ,0,0,,,,,0,0,F20K,SCOWL60_STABLE_2020.12.07+WN3.1
13814,14085,primer,-12.5947,1,1,1,0,N,1,0,,prime,,,1,0,F20K,SCOWL60_STABLE_2020.12.07+WN3.1
13815,14086,prolific,-12.5947,1,1,0,0,ADJ,0,0,,,,,0,0,F20K,SCOWL60_STABLE_2020.12.07+WN3.1
13816,14087,proponents,-12.5947,1,0,1,0,,1,0,,proponent,,,1,0,F20K,SCOWL60_STABLE_2020.12.07+WN3.1
13817,14088,psychologists,-12.5947,1,0,1,0,,1,0,,psychologist,,,1,0,F20K,SCOWL60_STABLE_2020.12.07+WN3.1
13818,14089,quartet,-12.5947,1,1,0,0,N,0,0,,,,,0,0,F20K,SCOWL60_STABLE_2020.12.07+WN3.1
13819,14090,reacts,-12.5947,1,0,1,0,,1,0,,react,,,1,0,F20K,SCOWL60_STABLE_2020.12.07+WN3.1
13820,14091,reformation,-12.5947,1,0,1,0,N,0,0,,,,,0,0,F20K,SCOWL60_STABLE_2020.12.07+WN3.1
13821,14092,registers,-12.5947,1,0,1,0,,1,0,,register,,,1,0,F20K,SCOWL60_STABLE_2020.12.07+WN3.1
13822,14093,reinforcements,-12.5947,1,0,1,0,,1,0,,reinforcement,,,1,0,F20K,SCOWL60_STABLE_2020.12.07+WN3.1
13823,14094,renamed,-12.5947,1,0,1,0,,0,0,,,,,0,0,F20K,SCOWL60_STABLE_2020.12.07+WN3.1
13824,14095,rents,-12.5947,1,0,1,0,,1,0,,rent,,,1,0,F20K,SCOWL60_STABLE_2020.12.07+WN3.1
13825,14096,replica,-12.5947,1,1,0,0,N,0,0,,,,,0,0,F20K,SCOWL60_STABLE_2020.12.07+WN3.1
13826,14097,resin,-12.5947,1,0,1,0,N,0,0,,,,,0,0,F20K,SCOWL60_STABLE_2020.12.07+WN3.1
13827,14098,resolving,-12.5947,1,0,1,0,N,0,0,,,,,0,0,F20K,SCOWL60_STABLE_2020.12.07+WN3.1
13828,14099,reversal,-12.5947,1,1,0,0,N,0,0,,,,,0,0,F20K,SCOWL60_STABLE_2020.12.07+WN3.1
13829,14100,revise,-12.5947,1,0,1,0,N|V,1,1,,,,revised,0,1,F20K,SCOWL60_STABLE_2020.12.07+WN3.1
13830,14101,rug,-12.5947,1,1,0,0,N,1,1,,,drug,,0,1,F20K,SCOWL60_STABLE_2020.12.07+WN3.1
13831,14102,sahara,-12.5947,0,0,0,0,N,0,0,,,,,0,0,F20K,SCOWL60_STABLE_2020.12.07+WN3.1
13832,14103,saturdays,-12.5947,0,0,0,0,,0,0,,,,,0,0,F20K,SCOWL60_STABLE_2020.12.07+WN3.1
13833,14104,saturn,-12.5947,0,0,0,0,N,0,0,,,,,0,0,F20K,SCOWL60_STABLE_2020.12.07+WN3.1
13834,14105,savannah,-12.5947,0,0,0,0,N,0,0,,,,,0,0,F20K,SCOWL60_STABLE_2020.12.07+WN3.1
13835,14106,seismic,-12.5947,1,1,0,0,ADJ,0,0,,,,,0,0,F20K,SCOWL60_STABLE_2020.12.07+WN3.1
13836,14107,seo,-12.5947,0,0,0,0,,0,0,,,,,0,0,F20K,SCOWL60_STABLE_2020.12.07+WN3.1
13837,14108,sergei,-12.5947,0,0,0,0,,0,0,,,,,0,0,F20K,SCOWL60_STABLE_2020.12.07+WN3.1
13838,14109,sibling,-12.5947,1,1,0,0,N,1,1,,,,siblings,0,1,F20K,SCOWL60_STABLE_2020.12.07+WN3.1
13839,14110,sideways,-12.5947,1,1,0,0,ADJ|ADV,0,0,,,,,0,0,F20K,SCOWL60_STABLE_2020.12.07+WN3.1
13840,14111,sinai,-12.5947,0,0,0,0,N,0,0,,,,,0,0,F20K,SCOWL60_STABLE_2020.12.07+WN3.1
13841,14112,slovakia,-12.5947,0,0,0,0,N,0,0,,,,,0,0,F20K,SCOWL60_STABLE_2020.12.07+WN3.1
13842,14113,spectator,-12.5947,1,1,0,0,N,1,1,,,,spectators,0,1,F20K,SCOWL60_STABLE_2020.12.07+WN3.1
13843,14114,sponge,-12.5947,1,1,0,0,N|V,0,0,,,,,0,0,F20K,SCOWL60_STABLE_2020.12.07+WN3.1
13844,14115,spree,-12.5947,1,1,0,0,N|V,0,0,,,,,0,0,F20K,SCOWL60_STABLE_2020.12.07+WN3.1
13845,14116,stacked,-12.5947,1,0,1,0,ADJ,0,0,,,,,0,0,F20K,SCOWL60_STABLE_2020.12.07+WN3.1
13846,14117,starvation,-12.5947,1,1,0,0,N,0,0,,,,,0,0,F20K,SCOWL60_STABLE_2020.12.07+WN3.1
13847,14118,steroids,-12.5947,1,0,1,0,,1,0,,steroid,,,1,0,F20K,SCOWL60_STABLE_2020.12.07+WN3.1
13848,14119,stricken,-12.5947,1,1,0,0,ADJ,0,0,,,,,0,0,F20K,SCOWL60_STABLE_2020.12.07+WN3.1
13849,14120,stroll,-12.5947,1,1,0,0,N|V,1,0,troll,,,,1,0,F20K,SCOWL60_STABLE_2020.12.07+WN3.1
13850,14121,subsidiaries,-12.5947,1,0,1,0,,0,0,,,,,0,0,F20K,SCOWL60_STABLE_2020.12.07+WN3.1
13851,14122,sunni,-12.5947,0,0,0,0,N,0,0,,,,,0,0,F20K,SCOWL60_STABLE_2020.12.07+WN3.1
13852,14123,surreal,-12.5947,1,1,0,0,ADJ,0,0,,,,,0,0,F20K,SCOWL60_STABLE_2020.12.07+WN3.1
13853,14124,timetable,-12.5947,1,1,0,0,N,0,0,,,,,0,0,F20K,SCOWL60_STABLE_2020.12.07+WN3.1
13854,14125,traveler,-12.5947,1,1,1,0,N,1,1,,,,travelers,0,1,F20K,SCOWL60_STABLE_2020.12.07+WN3.1
13855,14126,tucked,-12.5947,1,0,1,0,ADJ,0,0,,,,,0,0,F20K,SCOWL60_STABLE_2020.12.07+WN3.1
13856,14127,tug,-12.5947,1,1,0,0,N|V,0,0,,,,,0,0,F20K,SCOWL60_STABLE_2020.12.07+WN3.1
13857,14128,twitch,-12.5947,1,1,0,0,N|V,1,0,witch,,,,1,0,F20K,SCOWL60_STABLE_2020.12.07+WN3.1
13858,14129,uneven,-12.5947,1,1,0,0,ADJ,0,0,,,,,0,0,F20K,SCOWL60_STABLE_2020.12.07+WN3.1
13859,14130,vacancy,-12.5947,1,1,0,0,N,0,0,,,,,0,0,F20K,SCOWL60_STABLE_2020.12.07+WN3.1
13860,14131,vaccination,-12.5947,1,1,1,0,N,0,0,,,,,0,0,F20K,SCOWL60_STABLE_2020.12.07+WN3.1
13861,14132,valerie,-12.5947,0,0,0,0,,0,0,,,,,0,0,F20K,SCOWL60_STABLE_2020.12.07+WN3.1
13862,14133,variability,-12.5947,1,1,0,0,N,0,0,,,,,0,0,F20K,SCOWL60_STABLE_2020.12.07+WN3.1
13863,14134,veronica,-12.5947,1,1,0,0,N,0,0,,,,,0,0,F20K,SCOWL60_STABLE_2020.12.07+WN3.1
13864,14135,viktor,-12.5947,0,0,0,0,,0,0,,,,,0,0,F20K,SCOWL60_STABLE_2020.12.07+WN3.1
13865,14136,villains,-12.5947,1,0,1,0,,1,0,,villain,,,1,0,F20K,SCOWL60_STABLE_2020.12.07+WN3.1
13866,14137,wig,-12.5947,1,1,0,0,N,0,0,,,,,0,0,F20K,SCOWL60_STABLE_2020.12.07+WN3.1
13867,14138,wonderfully,-12.5947,1,0,1,0,ADV,0,0,,,,,0,0,F20K,SCOWL60_STABLE_2020.12.07+WN3.1
13868,14142,academia,-12.6186,1,1,0,0,N,0,0,,,,,0,0,F20K,SCOWL60_STABLE_2020.12.07+WN3.1
13869,14143,accumulate,-12.6186,1,1,0,0,V,1,1,,,,accumulated,0,1,F20K,SCOWL60_STABLE_2020.12.07+WN3.1
13870,14144,adjustable,-12.6186,1,1,0,0,ADJ,0,0,,,,,0,0,F20K,SCOWL60_STABLE_2020.12.07+WN3.1
13871,14145,affirmed,-12.6186,1,0,1,0,N,0,0,,,,,0,0,F20K,SCOWL60_STABLE_2020.12.07+WN3.1
13872,14146,afforded,-12.6186,1,0,1,0,,0,0,,,,,0,0,F20K,SCOWL60_STABLE_2020.12.07+WN3.1
13873,14147,airplanes,-12.6186,1,0,1,0,,1,0,,airplane,,,1,0,F20K,SCOWL60_STABLE_2020.12.07+WN3.1
13874,14148,albania,-12.6186,0,0,0,0,N,0,0,,,,,0,0,F20K,SCOWL60_STABLE_2020.12.07+WN3.1
13875,14149,alleviate,-12.6186,1,1,0,0,V,0,0,,,,,0,0,F20K,SCOWL60_STABLE_2020.12.07+WN3.1
13876,14150,allowances,-12.6186,1,0,1,0,,1,0,,allowance,,,1,0,F20K,SCOWL60_STABLE_2020.12.07+WN3.1
13877,14151,alma,-12.6186,0,0,0,0,,0,0,,,,,0,0,F20K,SCOWL60_STABLE_2020.12.07+WN3.1
13878,14152,amazingly,-12.6186,1,0,1,0,ADV,0,0,,,,,0,0,F20K,SCOWL60_STABLE_2020.12.07+WN3.1
13879,14153,analyse,-12.6186,0,0,0,0,V,0,0,,,,,0,0,F20K,SCOWL60_STABLE_2020.12.07+WN3.1
13880,14154,ancestor,-12.6186,1,1,0,0,N,1,1,,,,ancestors,0,1,F20K,SCOWL60_STABLE_2020.12.07+WN3.1
13881,14155,ascent,-12.6186,1,1,0,0,N,1,0,scent,,,,1,0,F20K,SCOWL60_STABLE_2020.12.07+WN3.1
13882,14156,augustine,-12.6186,0,0,0,0,N,0,0,,,,,0,0,F20K,SCOWL60_STABLE_2020.12.07+WN3.1
13883,14157,augustus,-12.6186,0,0,0,0,N,0,0,,,,,0,0,F20K,SCOWL60_STABLE_2020.12.07+WN3.1
13884,14158,aura,-12.6186,1,1,0,0,N,0,0,,,,,0,0,F20K,SCOWL60_STABLE_2020.12.07+WN3.1
13885,14159,avant,-12.6186,0,0,0,0,,0,0,,,,,0,0,F20K,SCOWL60_STABLE_2020.12.07+WN3.1
13886,14160,avenues,-12.6186,1,0,1,0,,1,0,venues,avenue,,,2,0,F20K,SCOWL60_STABLE_2020.12.07+WN3.1
13887,14161,avery,-12.6186,0,0,0,0,,0,0,,,,,0,0,F20K,SCOWL60_STABLE_2020.12.07+WN3.1
13888,14162,barton,-12.6186,0,0,0,0,,0,0,,,,,0,0,F20K,SCOWL60_STABLE_2020.12.07+WN3.1
13889,14163,benghazi,-12.6186,0,0,0,0,N,0,0,,,,,0,0,F20K,SCOWL60_STABLE_2020.12.07+WN3.1
13890,14164,billionaire,-12.6186,1,1,0,0,N,0,0,,,,,0,0,F20K,SCOWL60_STABLE_2020.12.07+WN3.1
13891,14165,boast,-12.6186,1,1,0,0,N|V,1,1,,,,boasts,0,1,F20K,SCOWL60_STABLE_2020.12.07+WN3.1
13892,14166,browsing,-12.6186,1,0,1,0,N,0,0,,,,,0,0,F20K,SCOWL60_STABLE_2020.12.07+WN3.1
13893,14167,buckingham,-12.6186,0,0,0,0,,0,0,,,,,0,0,F20K,SCOWL60_STABLE_2020.12.07+WN3.1
13894,14168,calmly,-12.6186,1,0,1,0,ADV,0,0,,,,,0,0,F20K,SCOWL60_STABLE_2020.12.07+WN3.1
13895,14169,calorie,-12.6186,1,1,0,0,N,1,1,,,,calories,0,1,F20K,SCOWL60_STABLE_2020.12.07+WN3.1
13896,14170,canals,-12.6186,1,0,1,0,,1,0,,canal,,,1,0,F20K,SCOWL60_STABLE_2020.12.07+WN3.1
13897,14171,characterised,-12.6186,0,0,0,0,,0,0,,,,,0,0,F20K,SCOWL60_STABLE_2020.12.07+WN3.1
13898,14172,charms,-12.6186,1,0,1,0,,1,0,harms,charm,,,2,0,F20K,SCOWL60_STABLE_2020.12.07+WN3.1
13899,14173,chem,-12.6186,1,1,0,0,,0,0,,,,,0,0,F20K,SCOWL60_STABLE_2020.12.07+WN3.1
13900,14174,cheryl,-12.6186,0,0,0,0,,0,0,,,,,0,0,F20K,SCOWL60_STABLE_2020.12.07+WN3.1
13901,14175,chic,-12.6186,1,1,0,0,N|ADJ,1,1,,chi,,chick,1,1,F20K,SCOWL60_STABLE_2020.12.07+WN3.1
13902,14176,chlorine,-12.6186,1,1,0,0,N,0,0,,,,,0,0,F20K,SCOWL60_STABLE_2020.12.07+WN3.1
13903,14177,cocktails,-12.6186,1,0,1,0,,1,0,,cocktail,,,1,0,F20K,SCOWL60_STABLE_2020.12.07+WN3.1
13904,14178,compassionate,-12.6186,1,1,0,0,V|ADJ,0,0,,,,,0,0,F20K,SCOWL60_STABLE_2020.12.07+WN3.1
13905,14179,competitiveness,-12.6186,1,1,1,0,N,0,0,,,,,0,0,F20K,SCOWL60_STABLE_2020.12.07+WN3.1
13906,14180,comprehension,-12.6186,1,1,0,0,N,0,0,,,,,0,0,F20K,SCOWL60_STABLE_2020.12.07+WN3.1
13907,14181,conferred,-12.6186,1,1,0,0,,0,0,,,,,0,0,F20K,SCOWL60_STABLE_2020.12.07+WN3.1
13908,14182,consciously,-12.6186,1,0,1,0,ADV,0,0,,,,,0,0,F20K,SCOWL60_STABLE_2020.12.07+WN3.1
13909,14183,convict,-12.6186,1,1,0,0,N|V,1,1,,,,convicts,0,1,F20K,SCOWL60_STABLE_2020.12.07+WN3.1
13910,14184,corpses,-12.6186,1,0,1,0,,1,0,,corpse,,,1,0,F20K,SCOWL60_STABLE_2020.12.07+WN3.1
13911,14185,cory,-12.6186,0,0,0,0,,0,0,,,,,0,0,F20K,SCOWL60_STABLE_2020.12.07+WN3.1
13912,14186,crimea,-12.6186,0,0,0,0,N,0,0,,,,,0,0,F20K,SCOWL60_STABLE_2020.12.07+WN3.1
13913,14187,criticizing,-12.6186,1,0,1,0,,0,0,,,,,0,0,F20K,SCOWL60_STABLE_2020.12.07+WN3.1
13914,14188,cylinders,-12.6186,1,0,1,0,,1,0,,cylinder,,,1,0,F20K,SCOWL60_STABLE_2020.12.07+WN3.1
13915,14189,dads,-12.6186,1,0,1,0,,1,0,ads,dad,,,2,0,F20K,SCOWL60_STABLE_2020.12.07+WN3.1
13916,14190,demolished,-12.6186,1,0,1,0,ADJ,0,0,,,,,0,0,F20K,SCOWL60_STABLE_2020.12.07+WN3.1
13917,14191,deserving,-12.6186,1,1,1,0,ADJ,0,0,,,,,0,0,F20K,SCOWL60_STABLE_2020.12.07+WN3.1
13918,14192,despise,-12.6186,1,1,0,0,V,1,1,,,,despised,0,1,F20K,SCOWL60_STABLE_2020.12.07+WN3.1
13919,14193,detainees,-12.6186,1,0,1,0,,0,0,,,,,0,0,F20K,SCOWL60_STABLE_2020.12.07+WN3.1
13920,14194,diaspora,-12.6186,1,1,0,0,N,0,0,,,,,0,0,F20K,SCOWL60_STABLE_2020.12.07+WN3.1
13921,14195,directorate,-12.6186,1,1,0,0,N,0,0,,,,,0,0,F20K,SCOWL60_STABLE_2020.12.07+WN3.1
13922,14196,disagreed,-12.6186,1,0,1,0,,1,0,,disagree,,,1,0,F20K,SCOWL60_STABLE_2020.12.07+WN3.1
13923,14197,disciplined,-12.6186,1,1,1,0,ADJ,1,0,,discipline,,,1,0,F20K,SCOWL60_STABLE_2020.12.07+WN3.1
13924,14198,disconnected,-12.6186,1,1,1,0,ADJ,0,0,,,,,0,0,F20K,SCOWL60_STABLE_2020.12.07+WN3.1
13925,14199,disrespectful,-12.6186,1,0,1,0,ADJ,0,0,,,,,0,0,F20K,SCOWL60_STABLE_2020.12.07+WN3.1
13926,14200,disrupt,-12.6186,1,1,0,0,V,0,0,,,,,0,0,F20K,SCOWL60_STABLE_2020.12.07+WN3.1
13927,14201,dissolve,-12.6186,1,1,1,0,N|V,1,1,,,,dissolved,0,1,F20K,SCOWL60_STABLE_2020.12.07+WN3.1
13928,14202,docks,-12.6186,1,0,1,0,,1,0,,dock,,,1,0,F20K,SCOWL60_STABLE_2020.12.07+WN3.1
13929,14203,dosage,-12.6186,1,1,0,0,N,0,0,,,,,0,0,F20K,SCOWL60_STABLE_2020.12.07+WN3.1
13930,14204,dotted,-12.6186,1,1,0,0,ADJ,0,0,,,,,0,0,F20K,SCOWL60_STABLE_2020.12.07+WN3.1
13931,14205,dow,-12.6186,0,0,0,0,,0,0,,,,,0,0,F20K,SCOWL60_STABLE_2020.12.07+WN3.1
13932,14206,dt,-12.6186,0,0,0,0,,0,0,,,,,0,0,F20K,SCOWL60_STABLE_2020.12.07+WN3.1
13933,14207,dvds,-12.6186,0,0,0,0,,0,0,,,,,0,0,F20K,SCOWL60_STABLE_2020.12.07+WN3.1
13934,14208,dysfunction,-12.6186,1,1,0,0,N,0,0,,,,,0,0,F20K,SCOWL60_STABLE_2020.12.07+WN3.1
13935,14210,ecstasy,-12.6186,1,1,0,0,N,0,0,,,,,0,0,F20K,SCOWL60_STABLE_2020.12.07+WN3.1
13936,14211,elle,-12.6186,0,0,0,0,,0,0,,,,,0,0,F20K,SCOWL60_STABLE_2020.12.07+WN3.1
13937,14212,emblem,-12.6186,1,1,0,0,N,0,0,,,,,0,0,F20K,SCOWL60_STABLE_2020.12.07+WN3.1
13938,14213,empowered,-12.6186,1,0,1,0,ADJ,0,0,,,,,0,0,F20K,SCOWL60_STABLE_2020.12.07+WN3.1
13939,14214,evidenced,-12.6186,1,0,1,0,ADJ,1,0,,evidence,,,1,0,F20K,SCOWL60_STABLE_2020.12.07+WN3.1
13940,14215,executing,-12.6186,1,0,1,0,N,0,0,,,,,0,0,F20K,SCOWL60_STABLE_2020.12.07+WN3.1
13941,14216,expulsion,-12.6186,1,1,0,0,N,0,0,,,,,0,0,F20K,SCOWL60_STABLE_2020.12.07+WN3.1
13942,14217,extras,-12.6186,1,0,1,0,,1,0,,extra,,,1,0,F20K,SCOWL60_STABLE_2020.12.07+WN3.1
13943,14218,facilitated,-12.6186,1,0,1,0,,1,0,,facilitate,,,1,0,F20K,SCOWL60_STABLE_2020.12.07+WN3.1
13944,14219,fanny,-12.6186,1,1,0,0,N,0,0,,,,,0,0,F20K,SCOWL60_STABLE_2020.12.07+WN3.1
13945,14220,fascism,-12.6186,1,1,0,0,N,0,0,,,,,0,0,F20K,SCOWL60_STABLE_2020.12.07+WN3.1
13946,14221,fearless,-12.6186,1,1,0,0,ADJ,0,0,,,,,0,0,F20K,SCOWL60_STABLE_2020.12.07+WN3.1
13947,14222,feud,-12.6186,1,1,0,0,N|V,0,0,,,,,0,0,F20K,SCOWL60_STABLE_2020.12.07+WN3.1
13948,14223,filtered,-12.6186,1,1,1,0,,0,0,,,,,0,0,F20K,SCOWL60_STABLE_2020.12.07+WN3.1
13949,14224,finch,-12.6186,1,1,0,0,N,1,0,inch,,,,1,0,F20K,SCOWL60_STABLE_2020.12.07+WN3.1
13950,14225,fixes,-12.6186,1,0,1,0,,0,0,,,,,0,0,F20K,SCOWL60_STABLE_2020.12.07+WN3.1
13951,14226,flavors,-12.6186,1,0,1,0,,1,0,,flavor,,,1,0,F20K,SCOWL60_STABLE_2020.12.07+WN3.1
13952,14227,flute,-12.6186,1,1,0,0,N|V,0,0,,,,,0,0,F20K,SCOWL60_STABLE_2020.12.07+WN3.1
13953,14228,fooled,-12.6186,1,0,1,0,,0,0,,,,,0,0,F20K,SCOWL60_STABLE_2020.12.07+WN3.1
13954,14229,forefront,-12.6186,1,1,0,0,N,0,0,,,,,0,0,F20K,SCOWL60_STABLE_2020.12.07+WN3.1
13955,14230,freaked,-12.6186,1,0,1,0,,0,0,,,,,0,0,F20K,SCOWL60_STABLE_2020.12.07+WN3.1
13956,14231,gaga,-12.6186,1,1,0,0,ADJ,1,0,,gag,,,1,0,F20K,SCOWL60_STABLE_2020.12.07+WN3.1
13957,14232,glee,-12.6186,1,1,0,0,N,1,0,lee,,,,1,0,F20K,SCOWL60_STABLE_2020.12.07+WN3.1
13958,14233,granddaughter,-12.6186,1,1,0,0,N,0,0,,,,,0,0,F20K,SCOWL60_STABLE_2020.12.07+WN3.1
13959,14234,guarding,-12.6186,1,0,1,0,,0,0,,,,,0,0,F20K,SCOWL60_STABLE_2020.12.07+WN3.1
13960,14235,harassed,-12.6186,1,0,1,0,ADJ,0,0,,,,,0,0,F20K,SCOWL60_STABLE_2020.12.07+WN3.1
13961,14236,harvesting,-12.6186,1,0,1,0,N,0,0,,,,,0,0,F20K,SCOWL60_STABLE_2020.12.07+WN3.1
13962,14237,haunt,-12.6186,1,1,0,0,N|V,1,0,aunt,,,,1,0,F20K,SCOWL60_STABLE_2020.12.07+WN3.1
13963,14238,havent,-12.6186,0,0,0,0,,0,0,,,,,0,0,F20K,SCOWL60_STABLE_2020.12.07+WN3.1
13964,14239,hazel,-12.6186,1,1,0,0,N|ADJ,1,0,,haze,,,1,0,F20K,SCOWL60_STABLE_2020.12.07+WN3.1
13965,14240,heavyweight,-12.6186,1,1,0,0,N,0,0,,,,,0,0,F20K,SCOWL60_STABLE_2020.12.07+WN3.1
13966,14241,hereditary,-12.6186,1,1,0,0,ADJ,0,0,,,,,0,0,F20K,SCOWL60_STABLE_2020.12.07+WN3.1
13967,14242,hindus,-12.6186,0,0,0,0,,0,0,,,,,0,0,F20K,SCOWL60_STABLE_2020.12.07+WN3.1
13968,14243,hrs,-12.6186,1,0,1,0,,1,0,rs,hr,,,2,0,F20K,SCOWL60_STABLE_2020.12.07+WN3.1
13969,14244,hugely,-12.6186,1,0,1,0,ADV,0,0,,,,,0,0,F20K,SCOWL60_STABLE_2020.12.07+WN3.1
13970,14245,humid,-12.6186,1,1,0,0,ADJ,0,0,,,,,0,0,F20K,SCOWL60_STABLE_2020.12.07+WN3.1
13971,14246,hush,-12.6186,1,1,0,0,N|V,0,0,,,,,0,0,F20K,SCOWL60_STABLE_2020.12.07+WN3.1
13972,14247,illusions,-12.6186,1,0,1,0,,1,0,,illusion,,,1,0,F20K,SCOWL60_STABLE_2020.12.07+WN3.1
13973,14248,immensely,-12.6186,1,0,1,0,ADV,0,0,,,,,0,0,F20K,SCOWL60_STABLE_2020.12.07+WN3.1
13974,14249,implants,-12.6186,1,0,1,0,,1,0,,implant,,,1,0,F20K,SCOWL60_STABLE_2020.12.07+WN3.1
13975,14250,incorporates,-12.6186,1,0,1,0,,1,0,,incorporate,,,1,0,F20K,SCOWL60_STABLE_2020.12.07+WN3.1
13976,14251,indo,-12.6186,0,0,0,0,,0,0,,,,,0,0,F20K,SCOWL60_STABLE_2020.12.07+WN3.1
13977,14252,inlet,-12.6186,1,0,1,0,N,0,0,,,,,0,0,F20K,SCOWL60_STABLE_2020.12.07+WN3.1
13978,14253,inspections,-12.6186,1,0,1,0,,1,0,,inspection,,,1,0,F20K,SCOWL60_STABLE_2020.12.07+WN3.1
13979,14254,inspirational,-12.6186,1,1,0,0,ADJ,0,0,,,,,0,0,F20K,SCOWL60_STABLE_2020.12.07+WN3.1
13980,14255,intercepted,-12.6186,1,0,1,0,,0,0,,,,,0,0,F20K,SCOWL60_STABLE_2020.12.07+WN3.1
13981,14256,interfering,-12.6186,1,0,1,0,ADJ,0,0,,,,,0,0,F20K,SCOWL60_STABLE_2020.12.07+WN3.1
13982,14257,javier,-12.6186,0,0,0,0,,0,0,,,,,0,0,F20K,SCOWL60_STABLE_2020.12.07+WN3.1
13983,14258,jedi,-12.6186,0,0,0,0,,0,0,,,,,0,0,F20K,SCOWL60_STABLE_2020.12.07+WN3.1
13984,14259,jubilee,-12.6186,1,1,0,0,N,0,0,,,,,0,0,F20K,SCOWL60_STABLE_2020.12.07+WN3.1
13985,14260,kara,-12.6186,0,0,0,0,,0,0,,,,,0,0,F20K,SCOWL60_STABLE_2020.12.07+WN3.1
13986,14261,koreans,-12.6186,0,0,0,0,,0,0,,,,,0,0,F20K,SCOWL60_STABLE_2020.12.07+WN3.1
13987,14262,liga,-12.6186,0,0,0,0,,0,0,,,,,0,0,F20K,SCOWL60_STABLE_2020.12.07+WN3.1
13988,14263,lindsey,-12.6186,0,0,0,0,,0,0,,,,,0,0,F20K,SCOWL60_STABLE_2020.12.07+WN3.1
13989,14264,lowe,-12.6186,0,0,0,0,,0,0,,,,,0,0,F20K,SCOWL60_STABLE_2020.12.07+WN3.1
13990,14265,lucrative,-12.6186,1,1,0,0,ADJ,0,0,,,,,0,0,F20K,SCOWL60_STABLE_2020.12.07+WN3.1
13991,14267,magician,-12.6186,1,1,0,0,N,0,0,,,,,0,0,F20K,SCOWL60_STABLE_2020.12.07+WN3.1
13992,14268,maneuver,-12.6186,1,1,0,0,N|V,1,1,,,,maneuvers,0,1,F20K,SCOWL60_STABLE_2020.12.07+WN3.1
13993,14269,marvellous,-12.6186,0,0,0,0,ADJ,0,0,,,,,0,0,F20K,SCOWL60_STABLE_2020.12.07+WN3.1
13994,14270,mata,-12.6186,0,0,0,0,,0,0,,,,,0,0,F20K,SCOWL60_STABLE_2020.12.07+WN3.1
13995,14271,mccain,-12.6186,0,0,0,0,,0,0,,,,,0,0,F20K,SCOWL60_STABLE_2020.12.07+WN3.1
13996,14272,medicinal,-12.6186,1,1,0,0,ADJ,0,0,,,,,0,0,F20K,SCOWL60_STABLE_2020.12.07+WN3.1
13997,14273,melodies,-12.6186,1,0,1,0,,0,0,,,,,0,0,F20K,SCOWL60_STABLE_2020.12.07+WN3.1
13998,14274,methane,-12.6186,1,1,0,0,N,0,0,,,,,0,0,F20K,SCOWL60_STABLE_2020.12.07+WN3.1
13999,14275,mma,-12.6186,0,0,0,0,,0,0,,,,,0,0,F20K,SCOWL60_STABLE_2020.12.07+WN3.1
14000,14276,modem,-12.6186,1,1,0,0,N,1,0,,mode,,,1,0,F20K,SCOWL60_STABLE_2020.12.07+WN3.1
14001,14277,moderation,-12.6186,1,1,1,0,N,0,0,,,,,0,0,F20K,SCOWL60_STABLE_2020.12.07+WN3.1
14002,14278,mona,-12.6186,0,0,0,0,N,0,0,,,,,0,0,F20K,SCOWL60_STABLE_2020.12.07+WN3.1
14003,14279,mri,-12.6186,0,0,0,0,N,0,0,,,,,0,0,F20K,SCOWL60_STABLE_2020.12.07+WN3.1
14004,14280,mustang,-12.6186,1,1,0,0,N,0,0,,,,,0,0,F20K,SCOWL60_STABLE_2020.12.07+WN3.1
14005,14281,mw,-12.6186,0,0,0,0,,0,0,,,,,0,0,F20K,SCOWL60_STABLE_2020.12.07+WN3.1
14006,14282,notation,-12.6186,1,1,0,0,N,0,0,,,,,0,0,F20K,SCOWL60_STABLE_2020.12.07+WN3.1
14007,14283,ns,-12.6186,0,0,0,0,,0,0,,,,,0,0,F20K,SCOWL60_STABLE_2020.12.07+WN3.1
14008,14284,obligatory,-12.6186,1,1,0,0,ADJ,0,0,,,,,0,0,F20K,SCOWL60_STABLE_2020.12.07+WN3.1
14009,14285,offenses,-12.6186,1,0,1,0,,1,0,,offense,,,1,0,F20K,SCOWL60_STABLE_2020.12.07+WN3.1
14010,14286,ounces,-12.6186,1,0,1,0,,1,0,,ounce,,,1,0,F20K,SCOWL60_STABLE_2020.12.07+WN3.1
14011,14287,parachute,-12.6186,1,1,0,0,N|V,0,0,,,,,0,0,F20K,SCOWL60_STABLE_2020.12.07+WN3.1
14012,14288,pascal,-12.6186,1,1,0,0,N,0,0,,,,,0,0,F20K,SCOWL60_STABLE_2020.12.07+WN3.1
14013,14289,picasso,-12.6186,0,0,0,0,N,0,0,,,,,0,0,F20K,SCOWL60_STABLE_2020.12.07+WN3.1
14014,14290,plaintiffs,-12.6186,1,0,1,0,,1,0,,plaintiff,,,1,0,F20K,SCOWL60_STABLE_2020.12.07+WN3.1
14015,14291,plantations,-12.6186,1,0,1,0,,1,0,,plantation,,,1,0,F20K,SCOWL60_STABLE_2020.12.07+WN3.1
14016,14292,pounding,-12.6186,1,1,1,0,N,0,0,,,,,0,0,F20K,SCOWL60_STABLE_2020.12.07+WN3.1
14017,14293,presiding,-12.6186,1,0,1,0,,1,0,residing,,,,1,0,F20K,SCOWL60_STABLE_2020.12.07+WN3.1
14018,14294,psa,-12.6186,0,0,0,0,N,0,0,,,,,0,0,F20K,SCOWL60_STABLE_2020.12.07+WN3.1
14019,14295,psychiatry,-12.6186,1,1,0,0,N,0,0,,,,,0,0,F20K,SCOWL60_STABLE_2020.12.07+WN3.1
14020,14296,puberty,-12.6186,1,1,0,0,N,0,0,,,,,0,0,F20K,SCOWL60_STABLE_2020.12.07+WN3.1
14021,14297,puff,-12.6186,1,1,0,0,N|V|ADJ,0,0,,,,,0,0,F20K,SCOWL60_STABLE_2020.12.07+WN3.1
14022,14298,rad,-12.6186,1,1,0,0,N,1,1,ad,,brad;grad,,1,2,F20K,SCOWL60_STABLE_2020.12.07+WN3.1
14023,14299,railroads,-12.6186,1,0,1,0,,1,0,,railroad,,,1,0,F20K,SCOWL60_STABLE_2020.12.07+WN3.1
14024,14300,reap,-12.6186,1,1,0,0,V,0,0,,,,,0,0,F20K,SCOWL60_STABLE_2020.12.07+WN3.1
14025,14302,repeats,-12.6186,1,0,1,0,,1,0,,repeat,,,1,0,F20K,SCOWL60_STABLE_2020.12.07+WN3.1
14026,14303,replicate,-12.6186,1,1,0,0,V,0,0,,,,,0,0,F20K,SCOWL60_STABLE_2020.12.07+WN3.1
14027,14304,replying,-12.6186,1,0,1,0,,0,0,,,,,0,0,F20K,SCOWL60_STABLE_2020.12.07+WN3.1
14028,14305,reproduced,-12.6186,1,0,1,0,,1,0,,reproduce,,,1,0,F20K,SCOWL60_STABLE_2020.12.07+WN3.1
14029,14306,researched,-12.6186,1,0,1,0,,0,0,,,,,0,0,F20K,SCOWL60_STABLE_2020.12.07+WN3.1
14030,14307,residing,-12.6186,1,0,1,0,,1,1,,,presiding,,0,1,F20K,SCOWL60_STABLE_2020.12.07+WN3.1
14031,14308,reviewers,-12.6186,1,0,1,0,,1,0,,reviewer,,,1,0,F20K,SCOWL60_STABLE_2020.12.07+WN3.1
14032,14309,rhine,-12.6186,0,0,0,0,N,0,0,,,,,0,0,F20K,SCOWL60_STABLE_2020.12.07+WN3.1
14033,14310,risking,-12.6186,1,0,1,0,,0,0,,,,,0,0,F20K,SCOWL60_STABLE_2020.12.07+WN3.1
14034,14311,robe,-12.6186,1,1,0,0,N|V,1,1,,rob,probe,robes,1,2,F20K,SCOWL60_STABLE_2020.12.07+WN3.1
14035,14312,rooting,-12.6186,1,0,1,0,N,0,0,,,,,0,0,F20K,SCOWL60_STABLE_2020.12.07+WN3.1
14036,14313,rosemary,-12.6186,1,1,0,0,N,0,0,,,,,0,0,F20K,SCOWL60_STABLE_2020.12.07+WN3.1
14037,14314,runoff,-12.6186,1,1,0,0,N,0,0,,,,,0,0,F20K,SCOWL60_STABLE_2020.12.07+WN3.1
14038,14315,santo,-12.6186,0,0,0,0,,0,0,,,,,0,0,F20K,SCOWL60_STABLE_2020.12.07+WN3.1
14039,14316,sentiments,-12.6186,1,0,1,0,,1,0,,sentiment,,,1,0,F20K,SCOWL60_STABLE_2020.12.07+WN3.1
14040,14317,sg,-12.6186,0,0,0,0,N,0,0,,,,,0,0,F20K,SCOWL60_STABLE_2020.12.07+WN3.1
14041,14318,sgt,-12.6186,0,0,0,0,,0,0,,,,,0,0,F20K,SCOWL60_STABLE_2020.12.07+WN3.1
14042,14319,sinners,-12.6186,1,0,1,0,,1,0,,sinner,,,1,0,F20K,SCOWL60_STABLE_2020.12.07+WN3.1
14043,14320,skinned,-12.6186,1,1,0,0,ADJ,0,0,,,,,0,0,F20K,SCOWL60_STABLE_2020.12.07+WN3.1
14044,14321,skipping,-12.6186,1,1,0,0,,0,0,,,,,0,0,F20K,SCOWL60_STABLE_2020.12.07+WN3.1
14045,14322,slid,-12.6186,1,1,0,0,,1,1,lid,,,slide,1,1,F20K,SCOWL60_STABLE_2020.12.07+WN3.1
14046,14324,soak,-12.6186,1,1,0,0,N|V,1,0,oak,,,,1,0,F20K,SCOWL60_STABLE_2020.12.07+WN3.1
14047,14325,southwestern,-12.6186,1,1,0,0,N|ADJ,0,0,,,,,0,0,F20K,SCOWL60_STABLE_2020.12.07+WN3.1
14048,14326,spheres,-12.6186,1,0,1,0,,1,0,,sphere,,,1,0,F20K,SCOWL60_STABLE_2020.12.07+WN3.1
14049,14327,stared,-12.6186,1,0,1,0,,1,0,,stare,,,1,0,F20K,SCOWL60_STABLE_2020.12.07+WN3.1
14050,14328,storytelling,-12.6186,1,1,0,0,,0,0,,,,,0,0,F20K,SCOWL60_STABLE_2020.12.07+WN3.1
14051,14329,subset,-12.6186,1,1,0,0,N,0,0,,,,,0,0,F20K,SCOWL60_STABLE_2020.12.07+WN3.1
14052,14330,suffice,-12.6186,1,1,0,0,V,0,0,,,,,0,0,F20K,SCOWL60_STABLE_2020.12.07+WN3.1
14053,14331,suzanne,-12.6186,0,0,0,0,,0,0,,,,,0,0,F20K,SCOWL60_STABLE_2020.12.07+WN3.1
14054,14332,symmetry,-12.6186,1,1,0,0,N,0,0,,,,,0,0,F20K,SCOWL60_STABLE_2020.12.07+WN3.1
14055,14333,synagogue,-12.6186,1,1,0,0,N,0,0,,,,,0,0,F20K,SCOWL60_STABLE_2020.12.07+WN3.1
14056,14334,testosterone,-12.6186,1,1,0,0,N,0,0,,,,,0,0,F20K,SCOWL60_STABLE_2020.12.07+WN3.1
14057,14335,textiles,-12.6186,1,0,1,0,,1,0,,textile,,,1,0,F20K,SCOWL60_STABLE_2020.12.07+WN3.1
14058,14336,tn,-12.6186,1,1,0,0,N,0,0,,,,,0,0,F20K,SCOWL60_STABLE_2020.12.07+WN3.1
14059,14337,totals,-12.6186,1,0,1,0,,1,0,,total,,,1,0,F20K,SCOWL60_STABLE_2020.12.07+WN3.1
14060,14338,tracker,-12.6186,1,1,1,0,N,0,0,,,,,0,0,F20K,SCOWL60_STABLE_2020.12.07+WN3.1
14061,14339,trailers,-12.6186,1,0,1,0,,1,0,,trailer,,,1,0,F20K,SCOWL60_STABLE_2020.12.07+WN3.1
14062,14340,trailing,-12.6186,1,0,1,0,N,0,0,,,,,0,0,F20K,SCOWL60_STABLE_2020.12.07+WN3.1
14063,14341,transformers,-12.6186,1,0,1,0,,1,0,,transformer,,,1,0,F20K,SCOWL60_STABLE_2020.12.07+WN3.1
14064,14342,translating,-12.6186,1,0,1,0,,0,0,,,,,0,0,F20K,SCOWL60_STABLE_2020.12.07+WN3.1
14065,14343,unnamed,-12.6186,1,0,1,0,ADJ,0,0,,,,,0,0,F20K,SCOWL60_STABLE_2020.12.07+WN3.1
14066,14344,variance,-12.6186,1,1,0,0,N,0,0,,,,,0,0,F20K,SCOWL60_STABLE_2020.12.07+WN3.1
14067,14345,vat,-12.6186,1,1,0,0,N,1,0,at,,,,1,0,F20K,SCOWL60_STABLE_2020.12.07+WN3.1
14068,14346,vc,-12.6186,0,0,0,0,,0,0,,,,,0,0,F20K,SCOWL60_STABLE_2020.12.07+WN3.1
14069,14347,vitality,-12.6186,1,1,0,0,N,0,0,,,,,0,0,F20K,SCOWL60_STABLE_2020.12.07+WN3.1
14070,14348,volunteering,-12.6186,1,0,1,0,,0,0,,,,,0,0,F20K,SCOWL60_STABLE_2020.12.07+WN3.1
14071,14349,vomit,-12.6186,1,1,0,0,N|V,0,0,,,,,0,0,F20K,SCOWL60_STABLE_2020.12.07+WN3.1
14072,14350,welcomes,-12.6186,1,0,1,0,,1,0,,welcome,,,1,0,F20K,SCOWL60_STABLE_2020.12.07+WN3.1
14073,14351,wellness,-12.6186,1,1,1,0,N,0,0,,,,,0,0,F20K,SCOWL60_STABLE_2020.12.07+WN3.1
14074,14353,windy,-12.6186,1,1,0,0,ADJ,1,0,,wind,,,1,0,F20K,SCOWL60_STABLE_2020.12.07+WN3.1
14075,14354,xiii,-12.6186,1,1,0,0,N|ADJ,1,0,iii,xii,,,2,0,F20K,SCOWL60_STABLE_2020.12.07+WN3.1
14076,14357,abruptly,-12.6399,1,0,1,0,ADV,0,0,,,,,0,0,F20K,SCOWL60_STABLE_2020.12.07+WN3.1
14077,14358,adjoining,-12.6399,1,0,1,0,,0,0,,,,,0,0,F20K,SCOWL60_STABLE_2020.12.07+WN3.1
14078,14359,affinity,-12.6399,1,1,0,0,N,0,0,,,,,0,0,F20K,SCOWL60_STABLE_2020.12.07+WN3.1
14079,14360,aggravated,-12.6399,1,0,1,0,ADJ,0,0,,,,,0,0,F20K,SCOWL60_STABLE_2020.12.07+WN3.1
14080,14361,ain,-12.6399,0,0,0,0,ADJ,0,0,,,,,0,0,F20K,SCOWL60_STABLE_2020.12.07+WN3.1
14081,14362,airs,-12.6399,1,0,1,0,N,1,1,,air,pairs;hairs;fairs,,1,3,F20K,SCOWL60_STABLE_2020.12.07+WN3.1
14082,14363,alberto,-12.6399,0,0,0,0,,0,0,,,,,0,0,F20K,SCOWL60_STABLE_2020.12.07+WN3.1
14083,14364,amenities,-12.6399,1,0,1,0,N,0,0,,,,,0,0,F20K,SCOWL60_STABLE_2020.12.07+WN3.1
14084,14365,antibiotic,-12.6399,1,1,0,0,N|ADJ,1,1,,,,antibiotics,0,1,F20K,SCOWL60_STABLE_2020.12.07+WN3.1
14085,14366,apes,-12.6399,1,0,1,0,,1,1,,ape,tapes;rapes,,1,2,F20K,SCOWL60_STABLE_2020.12.07+WN3.1
14086,14367,arches,-12.6399,1,0,1,0,,1,1,,,marches,,0,1,F20K,SCOWL60_STABLE_2020.12.07+WN3.1
14087,14368,ari,-12.6399,0,0,0,0,,0,0,,,,,0,0,F20K,SCOWL60_STABLE_2020.12.07+WN3.1
14088,14369,arranging,-12.6399,1,0,1,0,N,0,0,,,,,0,0,F20K,SCOWL60_STABLE_2020.12.07+WN3.1
14089,14370,articulate,-12.6399,1,1,0,0,V|ADJ,1,1,,,,articulated,0,1,F20K,SCOWL60_STABLE_2020.12.07+WN3.1
14090,14371,articulated,-12.6399,1,0,1,0,ADJ,1,0,,articulate,,,1,0,F20K,SCOWL60_STABLE_2020.12.07+WN3.1
14091,14373,assaults,-12.6399,1,0,1,0,,1,0,,assault,,,1,0,F20K,SCOWL60_STABLE_2020.12.07+WN3.1
14092,14374,atleast,-12.6399,0,0,0,0,,0,0,,,,,0,0,F20K,SCOWL60_STABLE_2020.12.07+WN3.1
14093,14375,baroque,-12.6399,1,1,0,0,N|ADJ,0,0,,,,,0,0,F20K,SCOWL60_STABLE_2020.12.07+WN3.1
14094,14376,benz,-12.6399,0,0,0,0,,0,0,,,,,0,0,F20K,SCOWL60_STABLE_2020.12.07+WN3.1
14095,14377,blur,-12.6399,1,1,0,0,N|V,0,0,,,,,0,0,F20K,SCOWL60_STABLE_2020.12.07+WN3.1
14096,14378,brawl,-12.6399,1,1,0,0,N|V,0,0,,,,,0,0,F20K,SCOWL60_STABLE_2020.12.07+WN3.1
14097,14379,breadth,-12.6399,1,1,1,0,N,0,0,,,,,0,0,F20K,SCOWL60_STABLE_2020.12.07+WN3.1
14098,14380,brightest,-12.6399,1,0,1,0,,0,0,,,,,0,0,F20K,SCOWL60_STABLE_2020.12.07+WN3.1
14099,14381,brink,-12.6399,1,1,0,0,N,1,0,rink,,,,1,0,F20K,SCOWL60_STABLE_2020.12.07+WN3.1
14100,14382,brutality,-12.6399,1,1,0,0,N,0,0,,,,,0,0,F20K,SCOWL60_STABLE_2020.12.07+WN3.1
14101,14383,carving,-12.6399,1,1,1,0,N,0,0,,,,,0,0,F20K,SCOWL60_STABLE_2020.12.07+WN3.1
14102,14384,cathy,-12.6399,0,0,0,0,,0,0,,,,,0,0,F20K,SCOWL60_STABLE_2020.12.07+WN3.1
14103,14385,chloride,-12.6399,1,1,0,0,N,0,0,,,,,0,0,F20K,SCOWL60_STABLE_2020.12.07+WN3.1
14104,14386,chores,-12.6399,1,0,1,0,,0,0,,,,,0,0,F20K,SCOWL60_STABLE_2020.12.07+WN3.1
14105,14388,cider,-12.6399,1,1,0,0,N,0,0,,,,,0,0,F20K,SCOWL60_STABLE_2020.12.07+WN3.1
14106,14389,clarified,-12.6399,1,0,1,0,,0,0,,,,,0,0,F20K,SCOWL60_STABLE_2020.12.07+WN3.1
14107,14390,coloring,-12.6399,1,0,1,0,N,0,0,,,,,0,0,F20K,SCOWL60_STABLE_2020.12.07+WN3.1
14108,14391,comcast,-12.6399,0,0,0,0,,0,0,,,,,0,0,F20K,SCOWL60_STABLE_2020.12.07+WN3.1
14109,14392,comparatively,-12.6399,1,0,1,0,ADV,0,0,,,,,0,0,F20K,SCOWL60_STABLE_2020.12.07+WN3.1
14110,14393,completes,-12.6399,1,0,1,0,,1,0,,complete,,,1,0,F20K,SCOWL60_STABLE_2020.12.07+WN3.1
14111,14394,concurrent,-12.6399,1,0,1,0,ADJ,0,0,,,,,0,0,F20K,SCOWL60_STABLE_2020.12.07+WN3.1
14112,14395,confinement,-12.6399,1,1,0,0,N,0,0,,,,,0,0,F20K,SCOWL60_STABLE_2020.12.07+WN3.1
14113,14396,contagious,-12.6399,1,1,0,0,ADJ,0,0,,,,,0,0,F20K,SCOWL60_STABLE_2020.12.07+WN3.1
14114,14397,contemplating,-12.6399,1,0,1,0,,0,0,,,,,0,0,F20K,SCOWL60_STABLE_2020.12.07+WN3.1
14115,14398,continuum,-12.6399,1,1,0,0,N,0,0,,,,,0,0,F20K,SCOWL60_STABLE_2020.12.07+WN3.1
14116,14399,crater,-12.6399,1,1,1,0,N,1,0,,crate,,,1,0,F20K,SCOWL60_STABLE_2020.12.07+WN3.1
14117,14400,crossover,-12.6399,1,1,0,0,N,0,0,,,,,0,0,F20K,SCOWL60_STABLE_2020.12.07+WN3.1
14118,14401,crossroads,-12.6399,1,1,1,0,N,0,0,,,,,0,0,F20K,SCOWL60_STABLE_2020.12.07+WN3.1
14119,14402,cruising,-12.6399,1,0,1,0,,0,0,,,,,0,0,F20K,SCOWL60_STABLE_2020.12.07+WN3.1
14120,14403,cues,-12.6399,1,0,1,0,,1,0,,cue,,,1,0,F20K,SCOWL60_STABLE_2020.12.07+WN3.1
14121,14404,darkest,-12.6399,1,0,1,0,,0,0,,,,,0,0,F20K,SCOWL60_STABLE_2020.12.07+WN3.1
14122,14405,defends,-12.6399,1,0,1,0,,1,0,,defend,,,1,0,F20K,SCOWL60_STABLE_2020.12.07+WN3.1
14123,14406,depicting,-12.6399,1,0,1,0,N,0,0,,,,,0,0,F20K,SCOWL60_STABLE_2020.12.07+WN3.1
14124,14407,depicts,-12.6399,1,0,1,0,,1,0,,depict,,,1,0,F20K,SCOWL60_STABLE_2020.12.07+WN3.1
14125,14408,descriptive,-12.6399,1,1,0,0,ADJ,0,0,,,,,0,0,F20K,SCOWL60_STABLE_2020.12.07+WN3.1
14126,14409,detecting,-12.6399,1,0,1,0,N,0,0,,,,,0,0,F20K,SCOWL60_STABLE_2020.12.07+WN3.1
14127,14410,dinners,-12.6399,1,0,1,0,,1,0,,dinner,,,1,0,F20K,SCOWL60_STABLE_2020.12.07+WN3.1
14128,14411,distributors,-12.6399,1,0,1,0,,1,0,,distributor,,,1,0,F20K,SCOWL60_STABLE_2020.12.07+WN3.1
14129,14412,donating,-12.6399,1,0,1,0,,0,0,,,,,0,0,F20K,SCOWL60_STABLE_2020.12.07+WN3.1
14130,14413,dubious,-12.6399,1,1,0,0,ADJ,0,0,,,,,0,0,F20K,SCOWL60_STABLE_2020.12.07+WN3.1
14131,14414,eighteenth,-12.6399,1,1,1,0,N|ADJ,0,0,,,,,0,0,F20K,SCOWL60_STABLE_2020.12.07+WN3.1
14132,14415,empowerment,-12.6399,1,1,1,0,N,0,0,,,,,0,0,F20K,SCOWL60_STABLE_2020.12.07+WN3.1
14133,14416,endemic,-12.6399,1,1,0,0,N|ADJ,0,0,,,,,0,0,F20K,SCOWL60_STABLE_2020.12.07+WN3.1
14134,14417,endings,-12.6399,1,0,1,0,,1,0,,ending,,,1,0,F20K,SCOWL60_STABLE_2020.12.07+WN3.1
14135,14418,endorse,-12.6399,1,1,0,0,V,1,1,,,,endorsed,0,1,F20K,SCOWL60_STABLE_2020.12.07+WN3.1
14136,14419,enrichment,-12.6399,1,1,1,0,N,0,0,,,,,0,0,F20K,SCOWL60_STABLE_2020.12.07+WN3.1
14137,14420,enrique,-12.6399,0,0,0,0,,0,0,,,,,0,0,F20K,SCOWL60_STABLE_2020.12.07+WN3.1
14138,14421,entitlement,-12.6399,1,1,1,0,N,0,0,,,,,0,0,F20K,SCOWL60_STABLE_2020.12.07+WN3.1
14139,14422,envoy,-12.6399,1,1,0,0,N,0,0,,,,,0,0,F20K,SCOWL60_STABLE_2020.12.07+WN3.1
14140,14423,equitable,-12.6399,1,1,0,0,ADJ,0,0,,,,,0,0,F20K,SCOWL60_STABLE_2020.12.07+WN3.1
14141,14424,esp,-12.6399,1,1,0,0,N,1,0,,es,,,1,0,F20K,SCOWL60_STABLE_2020.12.07+WN3.1
14142,14425,exploiting,-12.6399,1,0,1,0,,0,0,,,,,0,0,F20K,SCOWL60_STABLE_2020.12.07+WN3.1
14143,14426,extremes,-12.6399,1,0,1,0,,1,0,,extreme,,,1,0,F20K,SCOWL60_STABLE_2020.12.07+WN3.1
14144,14427,extremist,-12.6399,1,1,0,0,N|ADJ,1,1,,,,extremists,0,1,F20K,SCOWL60_STABLE_2020.12.07+WN3.1
14145,14428,faa,-12.6399,0,0,0,0,N,0,0,,,,,0,0,F20K,SCOWL60_STABLE_2020.12.07+WN3.1
14146,14429,fertilizer,-12.6399,1,1,1,0,N,0,0,,,,,0,0,F20K,SCOWL60_STABLE_2020.12.07+WN3.1
14147,14430,finely,-12.6399,1,1,0,0,ADV,0,0,,,,,0,0,F20K,SCOWL60_STABLE_2020.12.07+WN3.1
14148,14431,fisherman,-12.6399,1,1,0,0,N,0,0,,,,,0,0,F20K,SCOWL60_STABLE_2020.12.07+WN3.1
14149,14432,floats,-12.6399,1,0,1,0,,1,0,,float,,,1,0,F20K,SCOWL60_STABLE_2020.12.07+WN3.1
14150,14433,flux,-12.6399,1,1,0,0,N|V,1,0,lux,flu,,,2,0,F20K,SCOWL60_STABLE_2020.12.07+WN3.1
14151,14434,footing,-12.6399,1,1,1,0,N,0,0,,,,,0,0,F20K,SCOWL60_STABLE_2020.12.07+WN3.1
14152,14435,fossils,-12.6399,1,0,1,0,,1,0,,fossil,,,1,0,F20K,SCOWL60_STABLE_2020.12.07+WN3.1
14153,14436,gc,-12.6399,0,0,0,0,N,0,0,,,,,0,0,F20K,SCOWL60_STABLE_2020.12.07+WN3.1
14154,14437,goldman,-12.6399,0,0,0,0,N,0,0,,,,,0,0,F20K,SCOWL60_STABLE_2020.12.07+WN3.1
14155,14438,gong,-12.6399,1,1,0,0,N|V,0,0,,,,,0,0,F20K,SCOWL60_STABLE_2020.12.07+WN3.1
14156,14439,grad,-12.6399,1,1,0,0,N,1,1,rad,,,grade,1,1,F20K,SCOWL60_STABLE_2020.12.07+WN3.1
14157,14440,graphs,-12.6399,1,1,0,0,,1,0,,graph,,,1,0,F20K,SCOWL60_STABLE_2020.12.07+WN3.1
14158,14441,grazing,-12.6399,1,0,1,0,N,0,0,,,,,0,0,F20K,SCOWL60_STABLE_2020.12.07+WN3.1
14159,14442,handicapped,-12.6399,1,1,0,0,N|ADJ,0,0,,,,,0,0,F20K,SCOWL60_STABLE_2020.12.07+WN3.1
14160,14443,hangover,-12.6399,1,1,0,0,N,0,0,,,,,0,0,F20K,SCOWL60_STABLE_2020.12.07+WN3.1
14161,14444,hardened,-12.6399,1,1,1,0,ADJ,0,0,,,,,0,0,F20K,SCOWL60_STABLE_2020.12.07+WN3.1
14162,14445,heater,-12.6399,1,1,0,0,N,1,1,eater,,theater,,1,1,F20K,SCOWL60_STABLE_2020.12.07+WN3.1
14163,14446,hesitation,-12.6399,1,1,1,0,N,0,0,,,,,0,0,F20K,SCOWL60_STABLE_2020.12.07+WN3.1
14164,14447,homepage,-12.6399,1,1,0,0,N,0,0,,,,,0,0,F20K,SCOWL60_STABLE_2020.12.07+WN3.1
14165,14448,horrors,-12.6399,1,0,1,0,,1,0,,horror,,,1,0,F20K,SCOWL60_STABLE_2020.12.07+WN3.1
14166,14449,hostilities,-12.6399,1,1,1,0,N,0,0,,,,,0,0,F20K,SCOWL60_STABLE_2020.12.07+WN3.1
14167,14450,hurricanes,-12.6399,1,0,1,0,,1,0,,hurricane,,,1,0,F20K,SCOWL60_STABLE_2020.12.07+WN3.1
14168,14451,implant,-12.6399,1,1,0,0,N|V,1,1,,,,implants,0,1,F20K,SCOWL60_STABLE_2020.12.07+WN3.1
14169,14452,implicated,-12.6399,1,0,1,0,ADJ,0,0,,,,,0,0,F20K,SCOWL60_STABLE_2020.12.07+WN3.1
14170,14453,implicit,-12.6399,1,1,0,0,ADJ,0,0,,,,,0,0,F20K,SCOWL60_STABLE_2020.12.07+WN3.1
14171,14454,insulted,-12.6399,1,0,1,0,,0,0,,,,,0,0,F20K,SCOWL60_STABLE_2020.12.07+WN3.1
14172,14455,intimidation,-12.6399,1,1,1,0,N,0,0,,,,,0,0,F20K,SCOWL60_STABLE_2020.12.07+WN3.1
14173,14456,intuition,-12.6399,1,1,1,0,N,0,0,,,,,0,0,F20K,SCOWL60_STABLE_2020.12.07+WN3.1
14174,14457,jackpot,-12.6399,1,1,0,0,N,0,0,,,,,0,0,F20K,SCOWL60_STABLE_2020.12.07+WN3.1
14175,14458,jeremiah,-12.6399,0,0,0,0,N,0,0,,,,,0,0,F20K,SCOWL60_STABLE_2020.12.07+WN3.1
14176,14459,jihad,-12.6399,1,1,0,0,N,0,0,,,,,0,0,F20K,SCOWL60_STABLE_2020.12.07+WN3.1
14177,14460,jj,-12.6399,0,0,0,0,,0,0,,,,,0,0,F20K,SCOWL60_STABLE_2020.12.07+WN3.1
14178,14461,kang,-12.6399,0,0,0,0,,0,0,,,,,0,0,F20K,SCOWL60_STABLE_2020.12.07+WN3.1
14179,14462,katrina,-12.6399,0,0,0,0,,0,0,,,,,0,0,F20K,SCOWL60_STABLE_2020.12.07+WN3.1
14180,14463,kindle,-12.6399,1,1,0,0,V,0,0,,,,,0,0,F20K,SCOWL60_STABLE_2020.12.07+WN3.1
14181,14464,kumar,-12.6399,0,0,0,0,,0,0,,,,,0,0,F20K,SCOWL60_STABLE_2020.12.07+WN3.1
14182,14465,lancashire,-12.6399,0,0,0,0,N,0,0,,,,,0,0,F20K,SCOWL60_STABLE_2020.12.07+WN3.1
14183,14466,lara,-12.6399,0,0,0,0,,0,0,,,,,0,0,F20K,SCOWL60_STABLE_2020.12.07+WN3.1
14184,14467,lawsuits,-12.6399,1,0,1,0,,1,0,,lawsuit,,,1,0,F20K,SCOWL60_STABLE_2020.12.07+WN3.1
14185,14468,lcd,-12.6399,0,0,0,0,N,0,0,,,,,0,0,F20K,SCOWL60_STABLE_2020.12.07+WN3.1
14186,14469,learners,-12.6399,1,0,1,0,,1,0,,learner,,,1,0,F20K,SCOWL60_STABLE_2020.12.07+WN3.1
14187,14470,leased,-12.6399,1,0,1,0,ADJ,1,1,,lease,pleased,,1,1,F20K,SCOWL60_STABLE_2020.12.07+WN3.1
14188,14471,lena,-12.6399,0,0,0,0,N,0,0,,,,,0,0,F20K,SCOWL60_STABLE_2020.12.07+WN3.1
14189,14472,lex,-12.6399,0,0,0,0,,0,0,,,,,0,0,F20K,SCOWL60_STABLE_2020.12.07+WN3.1
14190,14473,libertarian,-12.6399,1,1,0,0,N,0,0,,,,,0,0,F20K,SCOWL60_STABLE_2020.12.07+WN3.1
14191,14474,listener,-12.6399,1,1,1,0,N,1,1,,,,listeners,0,1,F20K,SCOWL60_STABLE_2020.12.07+WN3.1
14192,14475,locke,-12.6399,0,0,0,0,N,0,0,,,,,0,0,F20K,SCOWL60_STABLE_2020.12.07+WN3.1
14193,14476,lush,-12.6399,1,1,0,0,N|ADJ,1,1,,,flush;blush,,0,2,F20K,SCOWL60_STABLE_2020.12.07+WN3.1
14194,14477,marvelous,-12.6399,1,1,0,0,ADJ,0,0,,,,,0,0,F20K,SCOWL60_STABLE_2020.12.07+WN3.1
14195,14478,milky,-12.6399,1,1,0,0,ADJ,1,0,,milk,,,1,0,F20K,SCOWL60_STABLE_2020.12.07+WN3.1
14196,14479,miner,-12.6399,1,1,1,0,N,1,1,,mine,,miners,1,1,F20K,SCOWL60_STABLE_2020.12.07+WN3.1
14197,14480,misconduct,-12.6399,1,1,0,0,N|V,0,0,,,,,0,0,F20K,SCOWL60_STABLE_2020.12.07+WN3.1
14198,14481,mocking,-12.6399,1,1,1,0,ADJ,0,0,,,,,0,0,F20K,SCOWL60_STABLE_2020.12.07+WN3.1
14199,14482,mont,-12.6399,0,0,0,0,,0,0,,,,,0,0,F20K,SCOWL60_STABLE_2020.12.07+WN3.1
14200,14483,mould,-12.6399,0,0,0,0,N|V,0,0,,,,,0,0,F20K,SCOWL60_STABLE_2020.12.07+WN3.1
14201,14484,mozart,-12.6399,0,0,0,0,N,0,0,,,,,0,0,F20K,SCOWL60_STABLE_2020.12.07+WN3.1
14202,14485,multiplayer,-12.6399,1,1,0,0,,0,0,,,,,0,0,F20K,SCOWL60_STABLE_2020.12.07+WN3.1
14203,14487,nanny,-12.6399,1,1,0,0,N,0,0,,,,,0,0,F20K,SCOWL60_STABLE_2020.12.07+WN3.1
14204,14488,nationalists,-12.6399,1,0,1,0,,1,0,,nationalist,,,1,0,F20K,SCOWL60_STABLE_2020.12.07+WN3.1
14205,14489,nicky,-12.6399,0,0,0,0,,0,0,,,,,0,0,F20K,SCOWL60_STABLE_2020.12.07+WN3.1
14206,14490,nicola,-12.6399,0,0,0,0,,0,0,,,,,0,0,F20K,SCOWL60_STABLE_2020.12.07+WN3.1
14207,14491,noteworthy,-12.6399,1,1,0,0,ADJ,0,0,,,,,0,0,F20K,SCOWL60_STABLE_2020.12.07+WN3.1
14208,14492,nu,-12.6399,1,1,0,0,N,1,1,,,,nut;nun,0,2,F20K,SCOWL60_STABLE_2020.12.07+WN3.1
14209,14493,operatives,-12.6399,1,0,1,0,,1,0,,operative,,,1,0,F20K,SCOWL60_STABLE_2020.12.07+WN3.1
14210,14494,oranges,-12.6399,1,0,1,0,,1,0,ranges,orange,,,2,0,F20K,SCOWL60_STABLE_2020.12.07+WN3.1
14211,14495,orderly,-12.6399,1,1,0,0,N|ADJ,0,0,,,,,0,0,F20K,SCOWL60_STABLE_2020.12.07+WN3.1
14212,14496,orient,-12.6399,1,1,0,0,N|V,0,0,,,,,0,0,F20K,SCOWL60_STABLE_2020.12.07+WN3.1
14213,14497,outsider,-12.6399,1,1,1,0,N,1,1,,outside,,outsiders,1,1,F20K,SCOWL60_STABLE_2020.12.07+WN3.1
14214,14498,packaged,-12.6399,1,0,1,0,ADJ,1,0,,package,,,1,0,F20K,SCOWL60_STABLE_2020.12.07+WN3.1
14215,14499,paige,-12.6399,0,0,0,0,N,0,0,,,,,0,0,F20K,SCOWL60_STABLE_2020.12.07+WN3.1
14216,14500,panorama,-12.6399,1,1,0,0,N,0,0,,,,,0,0,F20K,SCOWL60_STABLE_2020.12.07+WN3.1
14217,14501,paralysis,-12.6399,1,1,0,0,N,0,0,,,,,0,0,F20K,SCOWL60_STABLE_2020.12.07+WN3.1
14218,14502,patronage,-12.6399,1,1,0,0,N|V,0,0,,,,,0,0,F20K,SCOWL60_STABLE_2020.12.07+WN3.1
14219,14503,pauline,-12.6399,0,0,0,0,ADJ,0,0,,,,,0,0,F20K,SCOWL60_STABLE_2020.12.07+WN3.1
14220,14504,pearls,-12.6399,1,0,1,0,,1,0,,pearl,,,1,0,F20K,SCOWL60_STABLE_2020.12.07+WN3.1
14221,14505,perpetrators,-12.6399,1,0,1,0,,1,0,,perpetrator,,,1,0,F20K,SCOWL60_STABLE_2020.12.07+WN3.1
14222,14506,pertinent,-12.6399,1,1,0,0,ADJ,0,0,,,,,0,0,F20K,SCOWL60_STABLE_2020.12.07+WN3.1
14223,14507,pineapple,-12.6399,1,1,0,0,N,0,0,,,,,0,0,F20K,SCOWL60_STABLE_2020.12.07+WN3.1
14224,14508,playboy,-12.6399,1,1,0,0,N,0,0,,,,,0,0,F20K,SCOWL60_STABLE_2020.12.07+WN3.1
14225,14510,playlist,-12.6399,1,1,0,0,N,0,0,,,,,0,0,F20K,SCOWL60_STABLE_2020.12.07+WN3.1
14226,14511,plc,-12.6399,0,0,0,0,,0,0,,,,,0,0,F20K,SCOWL60_STABLE_2020.12.07+WN3.1
14227,14512,pleasures,-12.6399,1,0,1,0,,1,0,,pleasure,,,1,0,F20K,SCOWL60_STABLE_2020.12.07+WN3.1
14228,14513,plight,-12.6399,1,1,0,0,N|V,1,0,light,,,,1,0,F20K,SCOWL60_STABLE_2020.12.07+WN3.1
14229,14514,portsmouth,-12.6399,0,0,0,0,N,0,0,,,,,0,0,F20K,SCOWL60_STABLE_2020.12.07+WN3.1
14230,14515,praising,-12.6399,1,0,1,0,ADJ,1,0,raising,,,,1,0,F20K,SCOWL60_STABLE_2020.12.07+WN3.1
14231,14516,pretended,-12.6399,1,0,1,0,ADJ,0,0,,,,,0,0,F20K,SCOWL60_STABLE_2020.12.07+WN3.1
14232,14517,protections,-12.6399,1,0,1,0,,1,0,,protection,,,1,0,F20K,SCOWL60_STABLE_2020.12.07+WN3.1
14233,14518,prudent,-12.6399,1,1,0,0,ADJ,0,0,,,,,0,0,F20K,SCOWL60_STABLE_2020.12.07+WN3.1
14234,14519,pursuant,-12.6399,1,1,0,0,ADJ,0,0,,,,,0,0,F20K,SCOWL60_STABLE_2020.12.07+WN3.1
14235,14520,quartz,-12.6399,1,1,0,0,N,0,0,,,,,0,0,F20K,SCOWL60_STABLE_2020.12.07+WN3.1
14236,14521,ratified,-12.6399,1,0,1,0,ADJ,0,0,,,,,0,0,F20K,SCOWL60_STABLE_2020.12.07+WN3.1
14237,14522,recourse,-12.6399,1,1,0,0,N,0,0,,,,,0,0,F20K,SCOWL60_STABLE_2020.12.07+WN3.1
14238,14523,redeem,-12.6399,1,1,1,0,V,0,0,,,,,0,0,F20K,SCOWL60_STABLE_2020.12.07+WN3.1
14239,14524,repetition,-12.6399,1,1,0,0,N,0,0,,,,,0,0,F20K,SCOWL60_STABLE_2020.12.07+WN3.1
14240,14525,rhythms,-12.6399,1,0,1,0,,1,0,,rhythm,,,1,0,F20K,SCOWL60_STABLE_2020.12.07+WN3.1
14241,14526,sasha,-12.6399,0,0,0,0,,0,0,,,,,0,0,F20K,SCOWL60_STABLE_2020.12.07+WN3.1
14242,14527,scaled,-12.6399,1,0,1,0,ADJ,1,0,,scale,,,1,0,F20K,SCOWL60_STABLE_2020.12.07+WN3.1
14243,14528,scientifically,-12.6399,1,1,0,0,ADV,0,0,,,,,0,0,F20K,SCOWL60_STABLE_2020.12.07+WN3.1
14244,14529,scratching,-12.6399,1,0,1,0,N,0,0,,,,,0,0,F20K,SCOWL60_STABLE_2020.12.07+WN3.1
14245,14530,sexist,-12.6399,1,1,0,0,N|ADJ,1,0,exist,,,,1,0,F20K,SCOWL60_STABLE_2020.12.07+WN3.1
14246,14531,shale,-12.6399,1,1,0,0,N,1,0,hale,,,,1,0,F20K,SCOWL60_STABLE_2020.12.07+WN3.1
14247,14532,shalt,-12.6399,1,1,0,0,,1,0,halt,,,,1,0,F20K,SCOWL60_STABLE_2020.12.07+WN3.1
14248,14533,shampoo,-12.6399,1,1,0,0,N|V,0,0,,,,,0,0,F20K,SCOWL60_STABLE_2020.12.07+WN3.1
14249,14534,sheldon,-12.6399,0,0,0,0,,0,0,,,,,0,0,F20K,SCOWL60_STABLE_2020.12.07+WN3.1
14250,14535,sheltered,-12.6399,1,0,1,0,ADJ,0,0,,,,,0,0,F20K,SCOWL60_STABLE_2020.12.07+WN3.1
14251,14536,shortcomings,-12.6399,1,0,1,0,,0,0,,,,,0,0,F20K,SCOWL60_STABLE_2020.12.07+WN3.1
14252,14537,shortened,-12.6399,1,0,1,0,ADJ,0,0,,,,,0,0,F20K,SCOWL60_STABLE_2020.12.07+WN3.1
14253,14538,slams,-12.6399,1,0,1,0,,1,0,,slam,,,1,0,F20K,SCOWL60_STABLE_2020.12.07+WN3.1
14254,14539,sliced,-12.6399,1,0,1,0,ADJ,1,0,,slice,,,1,0,F20K,SCOWL60_STABLE_2020.12.07+WN3.1
14255,14540,smartphones,-12.6399,1,0,1,0,,1,0,,smartphone,,,1,0,F20K,SCOWL60_STABLE_2020.12.07+WN3.1
14256,14541,sonia,-12.6399,0,0,0,0,,0,0,,,,,0,0,F20K,SCOWL60_STABLE_2020.12.07+WN3.1
14257,14542,speculative,-12.6399,1,1,1,0,ADJ,0,0,,,,,0,0,F20K,SCOWL60_STABLE_2020.12.07+WN3.1
14258,14543,spouses,-12.6399,1,0,1,0,,1,0,,spouse,,,1,0,F20K,SCOWL60_STABLE_2020.12.07+WN3.1
14259,14544,sql,-12.6399,0,0,0,0,,0,0,,,,,0,0,F20K,SCOWL60_STABLE_2020.12.07+WN3.1
14260,14545,stabbing,-12.6399,1,1,0,0,ADJ,0,0,,,,,0,0,F20K,SCOWL60_STABLE_2020.12.07+WN3.1
14261,14546,stakeholders,-12.6399,1,0,1,0,,0,0,,,,,0,0,F20K,SCOWL60_STABLE_2020.12.07+WN3.1
14262,14547,stoned,-12.6399,1,0,1,0,ADJ,1,0,toned,stone,,,2,0,F20K,SCOWL60_STABLE_2020.12.07+WN3.1
14263,14548,striving,-12.6399,1,0,1,0,N,0,0,,,,,0,0,F20K,SCOWL60_STABLE_2020.12.07+WN3.1
14264,14549,sublime,-12.6399,1,1,0,0,V|ADJ,0,0,,,,,0,0,F20K,SCOWL60_STABLE_2020.12.07+WN3.1
14265,14550,suites,-12.6399,1,0,1,0,,1,0,,suite,,,1,0,F20K,SCOWL60_STABLE_2020.12.07+WN3.1
14266,14551,surpassed,-12.6399,1,1,1,0,,0,0,,,,,0,0,F20K,SCOWL60_STABLE_2020.12.07+WN3.1
14267,14552,tasked,-12.6399,1,0,1,0,,1,0,asked,,,,1,0,F20K,SCOWL60_STABLE_2020.12.07+WN3.1
14268,14553,tavern,-12.6399,1,1,0,0,N,0,0,,,,,0,0,F20K,SCOWL60_STABLE_2020.12.07+WN3.1
14269,14554,therapies,-12.6399,1,0,1,0,,0,0,,,,,0,0,F20K,SCOWL60_STABLE_2020.12.07+WN3.1
14270,14555,thinner,-12.6399,1,1,0,0,N,0,0,,,,,0,0,F20K,SCOWL60_STABLE_2020.12.07+WN3.1
14271,14556,thriving,-12.6399,1,0,1,0,ADJ,0,0,,,,,0,0,F20K,SCOWL60_STABLE_2020.12.07+WN3.1
14272,14557,titanium,-12.6399,1,1,0,0,N,0,0,,,,,0,0,F20K,SCOWL60_STABLE_2020.12.07+WN3.1
14273,14558,tram,-12.6399,1,1,0,0,N|V,1,1,ram,,,tramp,1,1,F20K,SCOWL60_STABLE_2020.12.07+WN3.1
14274,14559,transitions,-12.6399,1,0,1,0,,1,0,,transition,,,1,0,F20K,SCOWL60_STABLE_2020.12.07+WN3.1
14275,14560,tuck,-12.6399,1,1,0,0,N|V,1,1,,,stuck,,0,1,F20K,SCOWL60_STABLE_2020.12.07+WN3.1
14276,14561,tumors,-12.6399,1,0,1,0,,1,0,,tumor,,,1,0,F20K,SCOWL60_STABLE_2020.12.07+WN3.1
14277,14562,turin,-12.6399,0,0,0,0,N,0,0,,,,,0,0,F20K,SCOWL60_STABLE_2020.12.07+WN3.1
14278,14563,uncover,-12.6399,1,0,1,0,V,0,0,,,,,0,0,F20K,SCOWL60_STABLE_2020.12.07+WN3.1
14279,14564,unification,-12.6399,1,1,1,0,N,0,0,,,,,0,0,F20K,SCOWL60_STABLE_2020.12.07+WN3.1
14280,14565,varsity,-12.6399,1,1,0,0,N,0,0,,,,,0,0,F20K,SCOWL60_STABLE_2020.12.07+WN3.1
14281,14566,vase,-12.6399,1,1,0,0,N,0,0,,,,,0,0,F20K,SCOWL60_STABLE_2020.12.07+WN3.1
14282,14567,venom,-12.6399,1,1,0,0,N,0,0,,,,,0,0,F20K,SCOWL60_STABLE_2020.12.07+WN3.1
14283,14568,vested,-12.6399,1,0,1,0,ADJ,0,0,,,,,0,0,F20K,SCOWL60_STABLE_2020.12.07+WN3.1
14284,14569,vibrations,-12.6399,1,0,1,0,,1,0,,vibration,,,1,0,F20K,SCOWL60_STABLE_2020.12.07+WN3.1
14285,14570,vie,-12.6399,1,1,0,0,V,1,1,,vi,,view,1,1,F20K,SCOWL60_STABLE_2020.12.07+WN3.1
14286,14571,waterfront,-12.6399,1,1,0,0,N,0,0,,,,,0,0,F20K,SCOWL60_STABLE_2020.12.07+WN3.1
14287,14572,whoops,-12.6399,1,0,1,0,,1,0,hoops,,,,1,0,F20K,SCOWL60_STABLE_2020.12.07+WN3.1
14288,14573,winchester,-12.6399,0,0,0,0,N,0,0,,,,,0,0,F20K,SCOWL60_STABLE_2020.12.07+WN3.1
14289,14574,wouldnt,-12.6399,0,0,0,0,,0,0,,,,,0,0,F20K,SCOWL60_STABLE_2020.12.07+WN3.1
14290,14575,wraps,-12.6399,1,0,1,0,,1,0,,wrap,,,1,0,F20K,SCOWL60_STABLE_2020.12.07+WN3.1
14291,14576,xavier,-12.6399,0,0,0,0,N,0,0,,,,,0,0,F20K,SCOWL60_STABLE_2020.12.07+WN3.1
14292,14577,zionist,-12.6399,0,0,0,0,N|ADJ,0,0,,,,,0,0,F20K,SCOWL60_STABLE_2020.12.07+WN3.1
14293,14580,abbot,-12.6649,1,1,0,0,N,0,0,,,,,0,0,F20K,SCOWL60_STABLE_2020.12.07+WN3.1
14294,14581,abby,-12.6649,0,0,0,0,,0,0,,,,,0,0,F20K,SCOWL60_STABLE_2020.12.07+WN3.1
14295,14582,abel,-12.6649,0,0,0,0,N,0,0,,,,,0,0,F20K,SCOWL60_STABLE_2020.12.07+WN3.1
14296,14583,accelerating,-12.6649,1,0,1,0,,0,0,,,,,0,0,F20K,SCOWL60_STABLE_2020.12.07+WN3.1
14297,14584,accessing,-12.6649,1,0,1,0,,0,0,,,,,0,0,F20K,SCOWL60_STABLE_2020.12.07+WN3.1
14298,14585,adapting,-12.6649,1,0,1,0,,0,0,,,,,0,0,F20K,SCOWL60_STABLE_2020.12.07+WN3.1
14299,14586,ae,-12.6649,0,0,0,0,,0,0,,,,,0,0,F20K,SCOWL60_STABLE_2020.12.07+WN3.1
14300,14587,ahhh,-12.6649,0,0,0,0,,0,0,,,,,0,0,F20K,SCOWL60_STABLE_2020.12.07+WN3.1
14301,14588,ala,-12.6649,0,0,0,0,N,0,0,,,,,0,0,F20K,SCOWL60_STABLE_2020.12.07+WN3.1
14302,14589,alarmed,-12.6649,1,0,1,0,ADJ,0,0,,,,,0,0,F20K,SCOWL60_STABLE_2020.12.07+WN3.1
14303,14590,alarming,-12.6649,1,1,1,0,ADJ,0,0,,,,,0,0,F20K,SCOWL60_STABLE_2020.12.07+WN3.1
14304,14591,alternating,-12.6649,1,0,1,0,ADJ,0,0,,,,,0,0,F20K,SCOWL60_STABLE_2020.12.07+WN3.1
14305,14592,amend,-12.6649,1,1,0,0,V,1,1,mend,amen,,amends,2,1,F20K,SCOWL60_STABLE_2020.12.07+WN3.1
14306,14593,anchored,-12.6649,1,0,1,0,,0,0,,,,,0,0,F20K,SCOWL60_STABLE_2020.12.07+WN3.1
14307,14594,antarctica,-12.6649,0,0,0,0,N,0,0,,,,,0,0,F20K,SCOWL60_STABLE_2020.12.07+WN3.1
14308,14595,anyhow,-12.6649,1,1,0,0,ADV,0,0,,,,,0,0,F20K,SCOWL60_STABLE_2020.12.07+WN3.1
14309,14596,approves,-12.6649,1,0,1,0,,1,0,,approve,,,1,0,F20K,SCOWL60_STABLE_2020.12.07+WN3.1
14310,14597,astronomical,-12.6649,1,1,0,0,ADJ,0,0,,,,,0,0,F20K,SCOWL60_STABLE_2020.12.07+WN3.1
14311,14598,audrey,-12.6649,0,0,0,0,,0,0,,,,,0,0,F20K,SCOWL60_STABLE_2020.12.07+WN3.1
14312,14599,aussie,-12.6649,0,0,0,0,N,0,0,,,,,0,0,F20K,SCOWL60_STABLE_2020.12.07+WN3.1
14313,14600,avoids,-12.6649,1,0,1,0,,1,0,,avoid,,,1,0,F20K,SCOWL60_STABLE_2020.12.07+WN3.1
14314,14601,banners,-12.6649,1,0,1,0,,1,0,,banner,,,1,0,F20K,SCOWL60_STABLE_2020.12.07+WN3.1
14315,14602,barbados,-12.6649,0,0,0,0,N,0,0,,,,,0,0,F20K,SCOWL60_STABLE_2020.12.07+WN3.1
14316,14603,bearings,-12.6649,1,0,1,0,,1,0,,bearing,,,1,0,F20K,SCOWL60_STABLE_2020.12.07+WN3.1
14317,14604,bitten,-12.6649,1,1,0,0,,0,0,,,,,0,0,F20K,SCOWL60_STABLE_2020.12.07+WN3.1
14318,14605,blended,-12.6649,1,0,1,0,ADJ,0,0,,,,,0,0,F20K,SCOWL60_STABLE_2020.12.07+WN3.1
14319,14606,bowel,-12.6649,1,1,0,0,N,0,0,,,,,0,0,F20K,SCOWL60_STABLE_2020.12.07+WN3.1
14320,14607,boyle,-12.6649,0,0,0,0,N,0,0,,,,,0,0,F20K,SCOWL60_STABLE_2020.12.07+WN3.1
14321,14608,brandy,-12.6649,1,1,0,0,N,1,0,randy,brand,,,2,0,F20K,SCOWL60_STABLE_2020.12.07+WN3.1
14322,14609,breathtaking,-12.6649,1,1,0,0,ADJ,0,0,,,,,0,0,F20K,SCOWL60_STABLE_2020.12.07+WN3.1
14323,14610,buchanan,-12.6649,0,0,0,0,N,0,0,,,,,0,0,F20K,SCOWL60_STABLE_2020.12.07+WN3.1
14324,14611,bun,-12.6649,1,1,0,0,N,1,1,,bu,,bunk;buns,1,2,F20K,SCOWL60_STABLE_2020.12.07+WN3.1
14325,14612,bundles,-12.6649,1,0,1,0,,1,0,,bundle,,,1,0,F20K,SCOWL60_STABLE_2020.12.07+WN3.1
14326,14613,bureaucratic,-12.6649,1,1,0,0,ADJ,0,0,,,,,0,0,F20K,SCOWL60_STABLE_2020.12.07+WN3.1
14327,14614,butts,-12.6649,1,0,1,0,,1,0,,butt,,,1,0,F20K,SCOWL60_STABLE_2020.12.07+WN3.1
14328,14615,byzantine,-12.6649,1,1,0,0,N|ADJ,0,0,,,,,0,0,F20K,SCOWL60_STABLE_2020.12.07+WN3.1
14329,14616,cabbage,-12.6649,1,1,0,0,N|V,0,0,,,,,0,0,F20K,SCOWL60_STABLE_2020.12.07+WN3.1
14330,14617,calcutta,-12.6649,0,0,0,0,N,0,0,,,,,0,0,F20K,SCOWL60_STABLE_2020.12.07+WN3.1
14331,14618,cartridge,-12.6649,1,1,0,0,N,1,1,,,,cartridges,0,1,F20K,SCOWL60_STABLE_2020.12.07+WN3.1
14332,14619,caucus,-12.6649,1,1,0,0,N|V,0,0,,,,,0,0,F20K,SCOWL60_STABLE_2020.12.07+WN3.1
14333,14620,characterization,-12.6649,1,1,0,0,N,0,0,,,,,0,0,F20K,SCOWL60_STABLE_2020.12.07+WN3.1
14334,14621,cheesy,-12.6649,1,1,0,0,ADJ,0,0,,,,,0,0,F20K,SCOWL60_STABLE_2020.12.07+WN3.1
14335,14622,chemotherapy,-12.6649,1,1,0,0,N,0,0,,,,,0,0,F20K,SCOWL60_STABLE_2020.12.07+WN3.1
14336,14623,cho,-12.6649,0,0,0,0,,0,0,,,,,0,0,F20K,SCOWL60_STABLE_2020.12.07+WN3.1
14337,14624,cisco,-12.6649,0,0,0,0,N,0,0,,,,,0,0,F20K,SCOWL60_STABLE_2020.12.07+WN3.1
14338,14625,claus,-12.6649,0,0,0,0,,0,0,,,,,0,0,F20K,SCOWL60_STABLE_2020.12.07+WN3.1
14339,14626,coasts,-12.6649,1,0,1,0,,1,0,,coast,,,1,0,F20K,SCOWL60_STABLE_2020.12.07+WN3.1
14340,14627,cobb,-12.6649,0,0,0,0,,0,0,,,,,0,0,F20K,SCOWL60_STABLE_2020.12.07+WN3.1
14341,14628,commandments,-12.6649,1,0,1,0,,1,0,,commandment,,,1,0,F20K,SCOWL60_STABLE_2020.12.07+WN3.1
14342,14629,composers,-12.6649,1,0,1,0,,1,0,,composer,,,1,0,F20K,SCOWL60_STABLE_2020.12.07+WN3.1
14343,14630,constantinople,-12.6649,0,0,0,0,N,0,0,,,,,0,0,F20K,SCOWL60_STABLE_2020.12.07+WN3.1
14344,14631,contraction,-12.6649,1,1,1,0,N,0,0,,,,,0,0,F20K,SCOWL60_STABLE_2020.12.07+WN3.1
14345,14632,corridors,-12.6649,1,0,1,0,,1,0,,corridor,,,1,0,F20K,SCOWL60_STABLE_2020.12.07+WN3.1
14346,14633,craving,-12.6649,1,1,1,0,N,0,0,,,,,0,0,F20K,SCOWL60_STABLE_2020.12.07+WN3.1
14347,14634,crippled,-12.6649,1,0,1,0,ADJ,0,0,,,,,0,0,F20K,SCOWL60_STABLE_2020.12.07+WN3.1
14348,14635,crocodile,-12.6649,1,1,0,0,N,0,0,,,,,0,0,F20K,SCOWL60_STABLE_2020.12.07+WN3.1
14349,14636,curling,-12.6649,1,1,1,0,N|ADJ,0,0,,,,,0,0,F20K,SCOWL60_STABLE_2020.12.07+WN3.1
14350,14637,cyclone,-12.6649,1,1,0,0,N,0,0,,,,,0,0,F20K,SCOWL60_STABLE_2020.12.07+WN3.1
14351,14639,dams,-12.6649,1,0,1,0,,1,0,,dam,,,1,0,F20K,SCOWL60_STABLE_2020.12.07+WN3.1
14352,14640,decks,-12.6649,1,0,1,0,,1,0,,deck,,,1,0,F20K,SCOWL60_STABLE_2020.12.07+WN3.1
14353,14641,deficiencies,-12.6649,1,0,1,0,,0,0,,,,,0,0,F20K,SCOWL60_STABLE_2020.12.07+WN3.1
14354,14642,deleting,-12.6649,1,0,1,0,,0,0,,,,,0,0,F20K,SCOWL60_STABLE_2020.12.07+WN3.1
14355,14643,deviation,-12.6649,1,1,1,0,N,1,1,,,,deviations,0,1,F20K,SCOWL60_STABLE_2020.12.07+WN3.1
14356,14644,diminish,-12.6649,1,1,0,0,V,0,0,,,,,0,0,F20K,SCOWL60_STABLE_2020.12.07+WN3.1
14357,14645,discriminate,-12.6649,1,1,0,0,V|ADJ,0,0,,,,,0,0,F20K,SCOWL60_STABLE_2020.12.07+WN3.1
14358,14646,dissertation,-12.6649,1,1,0,0,N,0,0,,,,,0,0,F20K,SCOWL60_STABLE_2020.12.07+WN3.1
14359,14647,distinctly,-12.6649,1,0,1,0,ADV,0,0,,,,,0,0,F20K,SCOWL60_STABLE_2020.12.07+WN3.1
14360,14648,documentaries,-12.6649,1,0,1,0,,0,0,,,,,0,0,F20K,SCOWL60_STABLE_2020.12.07+WN3.1
14361,14649,draining,-12.6649,1,0,1,0,ADJ,1,0,raining,,,,1,0,F20K,SCOWL60_STABLE_2020.12.07+WN3.1
14362,14650,dun,-12.6649,1,1,0,0,N|V|ADJ,1,1,,,,dunk;dune;dung,0,3,F20K,SCOWL60_STABLE_2020.12.07+WN3.1
14363,14651,edged,-12.6649,1,0,1,0,ADJ,1,0,,edge,,,1,0,F20K,SCOWL60_STABLE_2020.12.07+WN3.1
14364,14652,engraved,-12.6649,1,0,1,0,ADJ,0,0,,,,,0,0,F20K,SCOWL60_STABLE_2020.12.07+WN3.1
14365,14653,evasion,-12.6649,1,1,0,0,N,0,0,,,,,0,0,F20K,SCOWL60_STABLE_2020.12.07+WN3.1
14366,14654,excerpt,-12.6649,1,1,0,0,N|V,1,1,,,,excerpts,0,1,F20K,SCOWL60_STABLE_2020.12.07+WN3.1
14367,14655,exhausting,-12.6649,1,0,1,0,ADJ,0,0,,,,,0,0,F20K,SCOWL60_STABLE_2020.12.07+WN3.1
14368,14656,experimentation,-12.6649,1,1,0,0,N,0,0,,,,,0,0,F20K,SCOWL60_STABLE_2020.12.07+WN3.1
14369,14657,expiration,-12.6649,1,1,0,0,N,0,0,,,,,0,0,F20K,SCOWL60_STABLE_2020.12.07+WN3.1
14370,14658,ezra,-12.6649,0,0,0,0,N,0,0,,,,,0,0,F20K,SCOWL60_STABLE_2020.12.07+WN3.1
14371,14659,fibres,-12.6649,0,0,0,0,,0,0,,,,,0,0,F20K,SCOWL60_STABLE_2020.12.07+WN3.1
14372,14660,fishes,-12.6649,1,0,1,0,,0,0,,,,,0,0,F20K,SCOWL60_STABLE_2020.12.07+WN3.1
14373,14661,flap,-12.6649,1,1,0,0,N|V,1,1,lap,,,flaps,1,1,F20K,SCOWL60_STABLE_2020.12.07+WN3.1
14374,14662,fluent,-12.6649,1,1,0,0,ADJ,0,0,,,,,0,0,F20K,SCOWL60_STABLE_2020.12.07+WN3.1
14375,14663,folklore,-12.6649,1,1,0,0,N,0,0,,,,,0,0,F20K,SCOWL60_STABLE_2020.12.07+WN3.1
14376,14664,follower,-12.6649,1,1,1,0,N,1,1,,,,followers,0,1,F20K,SCOWL60_STABLE_2020.12.07+WN3.1
14377,14665,footprint,-12.6649,1,1,0,0,N,1,1,,,,footprints,0,1,F20K,SCOWL60_STABLE_2020.12.07+WN3.1
14378,14666,forecasting,-12.6649,1,0,1,0,N,0,0,,,,,0,0,F20K,SCOWL60_STABLE_2020.12.07+WN3.1
14379,14667,fragrance,-12.6649,1,1,0,0,N,0,0,,,,,0,0,F20K,SCOWL60_STABLE_2020.12.07+WN3.1
14380,14668,gallagher,-12.6649,0,0,0,0,,0,0,,,,,0,0,F20K,SCOWL60_STABLE_2020.12.07+WN3.1
14381,14669,genital,-12.6649,1,1,0,0,ADJ,0,0,,,,,0,0,F20K,SCOWL60_STABLE_2020.12.07+WN3.1
14382,14670,genoa,-12.6649,0,0,0,0,N,0,0,,,,,0,0,F20K,SCOWL60_STABLE_2020.12.07+WN3.1
14383,14671,gravitational,-12.6649,1,1,0,0,ADJ,0,0,,,,,0,0,F20K,SCOWL60_STABLE_2020.12.07+WN3.1
14384,14672,grenades,-12.6649,1,0,1,0,,1,0,,grenade,,,1,0,F20K,SCOWL60_STABLE_2020.12.07+WN3.1
14385,14673,growers,-12.6649,1,0,1,0,,0,0,,,,,0,0,F20K,SCOWL60_STABLE_2020.12.07+WN3.1
14386,14674,hampton,-12.6649,0,0,0,0,N,0,0,,,,,0,0,F20K,SCOWL60_STABLE_2020.12.07+WN3.1
14387,14675,hancock,-12.6649,0,0,0,0,N,0,0,,,,,0,0,F20K,SCOWL60_STABLE_2020.12.07+WN3.1
14388,14676,hee,-12.6649,0,0,0,0,,0,0,,,,,0,0,F20K,SCOWL60_STABLE_2020.12.07+WN3.1
14389,14677,heroine,-12.6649,1,1,0,0,N,1,0,,heroin,,,1,0,F20K,SCOWL60_STABLE_2020.12.07+WN3.1
14390,14678,horace,-12.6649,0,0,0,0,N,0,0,,,,,0,0,F20K,SCOWL60_STABLE_2020.12.07+WN3.1
14391,14679,horseback,-12.6649,1,1,0,0,N|ADV,0,0,,,,,0,0,F20K,SCOWL60_STABLE_2020.12.07+WN3.1
14392,14680,ic,-12.6649,0,0,0,0,N|ADJ,0,0,,,,,0,0,F20K,SCOWL60_STABLE_2020.12.07+WN3.1
14393,14681,ida,-12.6649,0,0,0,0,N,0,0,,,,,0,0,F20K,SCOWL60_STABLE_2020.12.07+WN3.1
14394,14682,immersion,-12.6649,1,1,1,0,N,0,0,,,,,0,0,F20K,SCOWL60_STABLE_2020.12.07+WN3.1
14395,14683,imperialism,-12.6649,1,1,0,0,N,0,0,,,,,0,0,F20K,SCOWL60_STABLE_2020.12.07+WN3.1
14396,14684,incarnation,-12.6649,1,1,1,0,N,0,0,,,,,0,0,F20K,SCOWL60_STABLE_2020.12.07+WN3.1
14397,14685,indefinite,-12.6649,1,0,1,0,ADJ,0,0,,,,,0,0,F20K,SCOWL60_STABLE_2020.12.07+WN3.1
14398,14686,indy,-12.6649,0,0,0,0,,0,0,,,,,0,0,F20K,SCOWL60_STABLE_2020.12.07+WN3.1
14399,14687,introductory,-12.6649,1,1,0,0,ADJ,0,0,,,,,0,0,F20K,SCOWL60_STABLE_2020.12.07+WN3.1
14400,14688,jensen,-12.6649,0,0,0,0,N,0,0,,,,,0,0,F20K,SCOWL60_STABLE_2020.12.07+WN3.1
14401,14689,kaiser,-12.6649,1,1,0,0,N,0,0,,,,,0,0,F20K,SCOWL60_STABLE_2020.12.07+WN3.1
14402,14690,karate,-12.6649,1,1,0,0,N,0,0,,,,,0,0,F20K,SCOWL60_STABLE_2020.12.07+WN3.1
14403,14691,kb,-12.6649,0,0,0,0,N,0,0,,,,,0,0,F20K,SCOWL60_STABLE_2020.12.07+WN3.1
14404,14692,labeling,-12.6649,1,0,1,0,,0,0,,,,,0,0,F20K,SCOWL60_STABLE_2020.12.07+WN3.1
14405,14693,lilly,-12.6649,0,0,0,0,,0,0,,,,,0,0,F20K,SCOWL60_STABLE_2020.12.07+WN3.1
14406,14694,lithium,-12.6649,1,1,0,0,N,0,0,,,,,0,0,F20K,SCOWL60_STABLE_2020.12.07+WN3.1
14407,14695,lois,-12.6649,0,0,0,0,,0,0,,,,,0,0,F20K,SCOWL60_STABLE_2020.12.07+WN3.1
14408,14697,longevity,-12.6649,1,1,0,0,N,0,0,,,,,0,0,F20K,SCOWL60_STABLE_2020.12.07+WN3.1
14409,14698,lurking,-12.6649,1,0,1,0,,0,0,,,,,0,0,F20K,SCOWL60_STABLE_2020.12.07+WN3.1
14410,14699,maize,-12.6649,1,1,0,0,N,0,0,,,,,0,0,F20K,SCOWL60_STABLE_2020.12.07+WN3.1
14411,14700,martyr,-12.6649,1,1,0,0,N|V,1,1,,,,martyrs,0,1,F20K,SCOWL60_STABLE_2020.12.07+WN3.1
14412,14701,mating,-12.6649,1,1,1,0,N,0,0,,,,,0,0,F20K,SCOWL60_STABLE_2020.12.07+WN3.1
14413,14702,mats,-12.6649,1,0,1,0,,1,0,,mat,,,1,0,F20K,SCOWL60_STABLE_2020.12.07+WN3.1
14414,14703,meh,-12.6649,1,1,0,0,,1,0,eh,me,,,2,0,F20K,SCOWL60_STABLE_2020.12.07+WN3.1
14415,14704,menus,-12.6649,1,0,1,0,,1,0,,menu,,,1,0,F20K,SCOWL60_STABLE_2020.12.07+WN3.1
14416,14705,modernization,-12.6649,1,1,0,0,N,0,0,,,,,0,0,F20K,SCOWL60_STABLE_2020.12.07+WN3.1
14417,14706,mythical,-12.6649,1,1,0,0,ADJ,0,0,,,,,0,0,F20K,SCOWL60_STABLE_2020.12.07+WN3.1
14418,14707,nana,-12.6649,0,0,0,0,,0,0,,,,,0,0,F20K,SCOWL60_STABLE_2020.12.07+WN3.1
14419,14708,nautical,-12.6649,1,1,0,0,ADJ,0,0,,,,,0,0,F20K,SCOWL60_STABLE_2020.12.07+WN3.1
14420,14709,nicaragua,-12.6649,0,0,0,0,N,0,0,,,,,0,0,F20K,SCOWL60_STABLE_2020.12.07+WN3.1
14421,14710,nordic,-12.6649,0,0,0,0,N|ADJ,0,0,,,,,0,0,F20K,SCOWL60_STABLE_2020.12.07+WN3.1
14422,14711,nuisance,-12.6649,1,1,0,0,N,0,0,,,,,0,0,F20K,SCOWL60_STABLE_2020.12.07+WN3.1
14423,14712,numb,-12.6649,1,1,0,0,V|ADJ,0,0,,,,,0,0,F20K,SCOWL60_STABLE_2020.12.07+WN3.1
14424,14713,occupants,-12.6649,1,0,1,0,,0,0,,,,,0,0,F20K,SCOWL60_STABLE_2020.12.07+WN3.1
14425,14714,oddly,-12.6649,1,0,1,0,ADV,0,0,,,,,0,0,F20K,SCOWL60_STABLE_2020.12.07+WN3.1
14426,14715,orchard,-12.6649,1,1,0,0,N,0,0,,,,,0,0,F20K,SCOWL60_STABLE_2020.12.07+WN3.1
14427,14716,orphans,-12.6649,1,0,1,0,,1,0,,orphan,,,1,0,F20K,SCOWL60_STABLE_2020.12.07+WN3.1
14428,14717,overdose,-12.6649,1,1,0,0,V,0,0,,,,,0,0,F20K,SCOWL60_STABLE_2020.12.07+WN3.1
14429,14719,palms,-12.6649,1,0,1,0,,1,0,,palm,,,1,0,F20K,SCOWL60_STABLE_2020.12.07+WN3.1
14430,14720,patiently,-12.6649,1,1,0,0,ADV,0,0,,,,,0,0,F20K,SCOWL60_STABLE_2020.12.07+WN3.1
14431,14721,pawn,-12.6649,1,1,0,0,N|V,1,1,,paw,spawn,,1,1,F20K,SCOWL60_STABLE_2020.12.07+WN3.1
14432,14722,pea,-12.6649,1,1,0,0,N,1,1,ea,,,peak;peas;pear;peat,1,4,F20K,SCOWL60_STABLE_2020.12.07+WN3.1
14433,14723,petit,-12.6649,0,0,0,0,,0,0,,,,,0,0,F20K,SCOWL60_STABLE_2020.12.07+WN3.1
14434,14724,pharmaceuticals,-12.6649,1,0,1,0,,1,0,,pharmaceutical,,,1,0,F20K,SCOWL60_STABLE_2020.12.07+WN3.1
14435,14725,planner,-12.6649,1,1,0,0,N,1,1,,,,planners,0,1,F20K,SCOWL60_STABLE_2020.12.07+WN3.1
14436,14726,plastics,-12.6649,1,0,1,0,,1,0,,plastic,,,1,0,F20K,SCOWL60_STABLE_2020.12.07+WN3.1
14437,14727,plumbing,-12.6649,1,1,1,0,N,0,0,,,,,0,0,F20K,SCOWL60_STABLE_2020.12.07+WN3.1
14438,14728,poe,-12.6649,0,0,0,0,N,0,0,,,,,0,0,F20K,SCOWL60_STABLE_2020.12.07+WN3.1
14439,14729,pollen,-12.6649,1,1,1,0,N,0,0,,,,,0,0,F20K,SCOWL60_STABLE_2020.12.07+WN3.1
14440,14730,poly,-12.6649,1,1,0,0,,1,0,,pol,,,1,0,F20K,SCOWL60_STABLE_2020.12.07+WN3.1
14441,14731,polymer,-12.6649,1,1,0,0,N,1,1,,,,polymers,0,1,F20K,SCOWL60_STABLE_2020.12.07+WN3.1
14442,14732,pos,-12.6649,0,0,0,0,,0,0,,,,,0,0,F20K,SCOWL60_STABLE_2020.12.07+WN3.1
14443,14733,powerless,-12.6649,1,1,0,0,ADJ,0,0,,,,,0,0,F20K,SCOWL60_STABLE_2020.12.07+WN3.1
14444,14734,pragmatic,-12.6649,1,1,0,0,N|ADJ,0,0,,,,,0,0,F20K,SCOWL60_STABLE_2020.12.07+WN3.1
14445,14735,precinct,-12.6649,1,1,0,0,N,0,0,,,,,0,0,F20K,SCOWL60_STABLE_2020.12.07+WN3.1
14446,14736,precursor,-12.6649,1,1,0,0,N,0,0,,,,,0,0,F20K,SCOWL60_STABLE_2020.12.07+WN3.1
14447,14737,preseason,-12.6649,1,1,0,0,N,0,0,,,,,0,0,F20K,SCOWL60_STABLE_2020.12.07+WN3.1
14448,14738,presided,-12.6649,1,0,1,0,,1,0,resided,,,,1,0,F20K,SCOWL60_STABLE_2020.12.07+WN3.1
14449,14739,projecting,-12.6649,1,0,1,0,ADJ,0,0,,,,,0,0,F20K,SCOWL60_STABLE_2020.12.07+WN3.1
14450,14740,prosper,-12.6649,1,1,0,0,V,0,0,,,,,0,0,F20K,SCOWL60_STABLE_2020.12.07+WN3.1
14451,14741,prussia,-12.6649,0,0,0,0,N,0,0,,,,,0,0,F20K,SCOWL60_STABLE_2020.12.07+WN3.1
14452,14742,punishing,-12.6649,1,1,1,0,ADJ,0,0,,,,,0,0,F20K,SCOWL60_STABLE_2020.12.07+WN3.1
14453,14743,puzzles,-12.6649,1,0,1,0,,1,0,,puzzle,,,1,0,F20K,SCOWL60_STABLE_2020.12.07+WN3.1
14454,14744,quarantine,-12.6649,1,1,0,0,N|V,0,0,,,,,0,0,F20K,SCOWL60_STABLE_2020.12.07+WN3.1
14455,14745,quarry,-12.6649,1,1,0,0,N|V,0,0,,,,,0,0,F20K,SCOWL60_STABLE_2020.12.07+WN3.1
14456,14746,quentin,-12.6649,0,0,0,0,,0,0,,,,,0,0,F20K,SCOWL60_STABLE_2020.12.07+WN3.1
14457,14747,reactive,-12.6649,1,0,1,0,ADJ,0,0,,,,,0,0,F20K,SCOWL60_STABLE_2020.12.07+WN3.1
14458,14748,recommending,-12.6649,1,0,1,0,,0,0,,,,,0,0,F20K,SCOWL60_STABLE_2020.12.07+WN3.1
14459,14749,reigns,-12.6649,1,0,1,0,,1,0,,reign,,,1,0,F20K,SCOWL60_STABLE_2020.12.07+WN3.1
14460,14750,resilience,-12.6649,1,1,0,0,N,0,0,,,,,0,0,F20K,SCOWL60_STABLE_2020.12.07+WN3.1
14461,14751,rigged,-12.6649,1,1,0,0,ADJ,0,0,,,,,0,0,F20K,SCOWL60_STABLE_2020.12.07+WN3.1
14462,14752,ripping,-12.6649,1,1,0,0,ADJ,1,1,,,tripping;dripping,,0,2,F20K,SCOWL60_STABLE_2020.12.07+WN3.1
14463,14753,riverside,-12.6649,1,1,0,0,N,0,0,,,,,0,0,F20K,SCOWL60_STABLE_2020.12.07+WN3.1
14464,14754,rocked,-12.6649,1,0,1,0,,0,0,,,,,0,0,F20K,SCOWL60_STABLE_2020.12.07+WN3.1
14465,14755,routines,-12.6649,1,0,1,0,,1,0,,routine,,,1,0,F20K,SCOWL60_STABLE_2020.12.07+WN3.1
14466,14757,safest,-12.6649,1,0,1,0,,0,0,,,,,0,0,F20K,SCOWL60_STABLE_2020.12.07+WN3.1
14467,14758,sails,-12.6649,1,0,1,0,,1,0,,sail,,,1,0,F20K,SCOWL60_STABLE_2020.12.07+WN3.1
14468,14759,salsa,-12.6649,1,1,0,0,N,0,0,,,,,0,0,F20K,SCOWL60_STABLE_2020.12.07+WN3.1
14469,14760,scooter,-12.6649,1,1,1,0,N,0,0,,,,,0,0,F20K,SCOWL60_STABLE_2020.12.07+WN3.1
14470,14761,secretaries,-12.6649,1,0,1,0,,0,0,,,,,0,0,F20K,SCOWL60_STABLE_2020.12.07+WN3.1
14471,14762,siberia,-12.6649,0,0,0,0,N,0,0,,,,,0,0,F20K,SCOWL60_STABLE_2020.12.07+WN3.1
14472,14763,sighs,-12.6649,1,1,0,0,,1,0,,sigh,,,1,0,F20K,SCOWL60_STABLE_2020.12.07+WN3.1
14473,14764,silently,-12.6649,1,0,1,0,ADV,0,0,,,,,0,0,F20K,SCOWL60_STABLE_2020.12.07+WN3.1
14474,14765,simone,-12.6649,0,0,0,0,,0,0,,,,,0,0,F20K,SCOWL60_STABLE_2020.12.07+WN3.1
14475,14766,simulated,-12.6649,1,0,1,0,ADJ,1,0,,simulate,,,1,0,F20K,SCOWL60_STABLE_2020.12.07+WN3.1
14476,14767,sl,-12.6649,0,0,0,0,N,0,0,,,,,0,0,F20K,SCOWL60_STABLE_2020.12.07+WN3.1
14477,14768,slaughtered,-12.6649,1,0,1,0,,0,0,,,,,0,0,F20K,SCOWL60_STABLE_2020.12.07+WN3.1
14478,14769,snowden,-12.6649,0,0,0,0,,0,0,,,,,0,0,F20K,SCOWL60_STABLE_2020.12.07+WN3.1
14479,14770,socket,-12.6649,1,1,0,0,N,0,0,,,,,0,0,F20K,SCOWL60_STABLE_2020.12.07+WN3.1
14480,14771,softer,-12.6649,1,0,1,0,,0,0,,,,,0,0,F20K,SCOWL60_STABLE_2020.12.07+WN3.1
14481,14772,somali,-12.6649,0,0,0,0,N|ADJ,0,0,,,,,0,0,F20K,SCOWL60_STABLE_2020.12.07+WN3.1
14482,14773,stokes,-12.6649,1,0,1,0,,1,0,,stoke,,,1,0,F20K,SCOWL60_STABLE_2020.12.07+WN3.1
14483,14774,subordinate,-12.6649,1,1,0,0,N|V|ADJ,0,0,,,,,0,0,F20K,SCOWL60_STABLE_2020.12.07+WN3.1
14484,14775,sulphur,-12.6649,0,0,0,0,N|V,0,0,,,,,0,0,F20K,SCOWL60_STABLE_2020.12.07+WN3.1
14485,14776,supplementary,-12.6649,1,1,0,0,ADJ,0,0,,,,,0,0,F20K,SCOWL60_STABLE_2020.12.07+WN3.1
14486,14777,sw,-12.6649,0,0,0,0,N,0,0,,,,,0,0,F20K,SCOWL60_STABLE_2020.12.07+WN3.1
14487,14778,synonymous,-12.6649,1,1,0,0,ADJ,0,0,,,,,0,0,F20K,SCOWL60_STABLE_2020.12.07+WN3.1
14488,14779,televised,-12.6649,1,0,1,0,,0,0,,,,,0,0,F20K,SCOWL60_STABLE_2020.12.07+WN3.1
14489,14780,teller,-12.6649,1,1,0,0,N,0,0,,,,,0,0,F20K,SCOWL60_STABLE_2020.12.07+WN3.1
14490,14781,tertiary,-12.6649,1,1,0,0,N|ADJ,0,0,,,,,0,0,F20K,SCOWL60_STABLE_2020.12.07+WN3.1
14491,14782,thanking,-12.6649,1,0,1,0,,0,0,,,,,0,0,F20K,SCOWL60_STABLE_2020.12.07+WN3.1
14492,14783,tipping,-12.6649,1,1,0,0,,0,0,,,,,0,0,F20K,SCOWL60_STABLE_2020.12.07+WN3.1
14493,14784,tongues,-12.6649,1,0,1,0,,1,0,,tongue,,,1,0,F20K,SCOWL60_STABLE_2020.12.07+WN3.1
14494,14785,toulouse,-12.6649,0,0,0,0,N,0,0,,,,,0,0,F20K,SCOWL60_STABLE_2020.12.07+WN3.1
14495,14786,traitor,-12.6649,1,1,0,0,N,0,0,,,,,0,0,F20K,SCOWL60_STABLE_2020.12.07+WN3.1
14496,14787,trenches,-12.6649,1,0,1,0,,0,0,,,,,0,0,F20K,SCOWL60_STABLE_2020.12.07+WN3.1
14497,14788,typed,-12.6649,1,0,1,0,,1,0,,type,,,1,0,F20K,SCOWL60_STABLE_2020.12.07+WN3.1
14498,14789,tyre,-12.6649,0,0,0,0,N,0,0,,,,,0,0,F20K,SCOWL60_STABLE_2020.12.07+WN3.1
14499,14790,ultrasound,-12.6649,1,1,0,0,N,0,0,,,,,0,0,F20K,SCOWL60_STABLE_2020.12.07+WN3.1
14500,14791,usher,-12.6649,1,1,0,0,N|V,0,0,,,,,0,0,F20K,SCOWL60_STABLE_2020.12.07+WN3.1
14501,14792,virginity,-12.6649,1,1,0,0,N,0,0,,,,,0,0,F20K,SCOWL60_STABLE_2020.12.07+WN3.1
14502,14793,waitress,-12.6649,1,1,0,0,N|V,0,0,,,,,0,0,F20K,SCOWL60_STABLE_2020.12.07+WN3.1
14503,14794,waved,-12.6649,1,0,1,0,,1,0,,wave,,,1,0,F20K,SCOWL60_STABLE_2020.12.07+WN3.1
14504,14795,wwii,-12.6649,0,0,0,0,,0,0,,,,,0,0,F20K,SCOWL60_STABLE_2020.12.07+WN3.1
14505,14799,acne,-12.6873,1,1,0,0,N,0,0,,,,,0,0,F20K,SCOWL60_STABLE_2020.12.07+WN3.1
14506,14800,acquitted,-12.6873,1,1,0,0,ADJ,0,0,,,,,0,0,F20K,SCOWL60_STABLE_2020.12.07+WN3.1
14507,14801,advises,-12.6873,1,0,1,0,,1,0,,advise,,,1,0,F20K,SCOWL60_STABLE_2020.12.07+WN3.1
14508,14802,aj,-12.6873,0,0,0,0,,0,0,,,,,0,0,F20K,SCOWL60_STABLE_2020.12.07+WN3.1
14509,14803,alexandra,-12.6873,0,0,0,0,,0,0,,,,,0,0,F20K,SCOWL60_STABLE_2020.12.07+WN3.1
14510,14804,algerian,-12.6873,0,0,0,0,N|ADJ,0,0,,,,,0,0,F20K,SCOWL60_STABLE_2020.12.07+WN3.1
14511,14805,alias,-12.6873,1,1,0,0,N|ADV,0,0,,,,,0,0,F20K,SCOWL60_STABLE_2020.12.07+WN3.1
14512,14806,almond,-12.6873,1,1,0,0,N,1,1,,,,almonds,0,1,F20K,SCOWL60_STABLE_2020.12.07+WN3.1
14513,14807,alonso,-12.6873,0,0,0,0,N,0,0,,,,,0,0,F20K,SCOWL60_STABLE_2020.12.07+WN3.1
14514,14808,ambrose,-12.6873,0,0,0,0,N,0,0,,,,,0,0,F20K,SCOWL60_STABLE_2020.12.07+WN3.1
14515,14809,amidst,-12.6873,0,0,0,0,,0,0,,,,,0,0,F20K,SCOWL60_STABLE_2020.12.07+WN3.1
14516,14811,angola,-12.6873,0,0,0,0,N,0,0,,,,,0,0,F20K,SCOWL60_STABLE_2020.12.07+WN3.1
14517,14812,appraisal,-12.6873,1,1,0,0,N,0,0,,,,,0,0,F20K,SCOWL60_STABLE_2020.12.07+WN3.1
14518,14813,arent,-12.6873,0,0,0,0,,0,0,,,,,0,0,F20K,SCOWL60_STABLE_2020.12.07+WN3.1
14519,14814,arresting,-12.6873,1,0,1,0,ADJ,0,0,,,,,0,0,F20K,SCOWL60_STABLE_2020.12.07+WN3.1
14520,14815,astronauts,-12.6873,1,0,1,0,,1,0,,astronaut,,,1,0,F20K,SCOWL60_STABLE_2020.12.07+WN3.1
14521,14816,autograph,-12.6873,1,1,0,0,N|V,0,0,,,,,0,0,F20K,SCOWL60_STABLE_2020.12.07+WN3.1
14522,14817,axes,-12.6873,1,0,1,0,,1,1,,,taxes,,0,1,F20K,SCOWL60_STABLE_2020.12.07+WN3.1
14523,14818,backdrop,-12.6873,1,1,0,0,N,0,0,,,,,0,0,F20K,SCOWL60_STABLE_2020.12.07+WN3.1
14524,14819,beckham,-12.6873,0,0,0,0,,0,0,,,,,0,0,F20K,SCOWL60_STABLE_2020.12.07+WN3.1
14525,14820,belongings,-12.6873,1,0,1,0,N,1,0,,belonging,,,1,0,F20K,SCOWL60_STABLE_2020.12.07+WN3.1
14526,14821,bloke,-12.6873,1,1,0,0,N,0,0,,,,,0,0,F20K,SCOWL60_STABLE_2020.12.07+WN3.1
14527,14822,boarded,-12.6873,1,0,1,0,,0,0,,,,,0,0,F20K,SCOWL60_STABLE_2020.12.07+WN3.1
14528,14823,boredom,-12.6873,1,1,0,0,N,0,0,,,,,0,0,F20K,SCOWL60_STABLE_2020.12.07+WN3.1
14529,14824,bottled,-12.6873,1,0,1,0,,1,0,,bottle,,,1,0,F20K,SCOWL60_STABLE_2020.12.07+WN3.1
14530,14825,bryce,-12.6873,0,0,0,0,,0,0,,,,,0,0,F20K,SCOWL60_STABLE_2020.12.07+WN3.1
14531,14826,bumps,-12.6873,1,0,1,0,,1,0,,bump,,,1,0,F20K,SCOWL60_STABLE_2020.12.07+WN3.1
14532,14827,burgundy,-12.6873,1,1,0,0,N,0,0,,,,,0,0,F20K,SCOWL60_STABLE_2020.12.07+WN3.1
14533,14828,canary,-12.6873,1,1,0,0,N|ADJ,0,0,,,,,0,0,F20K,SCOWL60_STABLE_2020.12.07+WN3.1
14534,14829,cater,-12.6873,1,1,0,0,V,0,0,,,,,0,0,F20K,SCOWL60_STABLE_2020.12.07+WN3.1
14535,14830,cdc,-12.6873,0,0,0,0,N,0,0,,,,,0,0,F20K,SCOWL60_STABLE_2020.12.07+WN3.1
14536,14831,cecil,-12.6873,0,0,0,0,,0,0,,,,,0,0,F20K,SCOWL60_STABLE_2020.12.07+WN3.1
14537,14832,chassis,-12.6873,1,1,0,0,N,0,0,,,,,0,0,F20K,SCOWL60_STABLE_2020.12.07+WN3.1
14538,14833,checklist,-12.6873,1,1,0,0,N,0,0,,,,,0,0,F20K,SCOWL60_STABLE_2020.12.07+WN3.1
14539,14834,choked,-12.6873,1,0,1,0,ADJ,1,0,,choke,,,1,0,F20K,SCOWL60_STABLE_2020.12.07+WN3.1
14540,14835,clap,-12.6873,1,1,0,0,N|V,1,0,lap,,,,1,0,F20K,SCOWL60_STABLE_2020.12.07+WN3.1
14541,14836,cloudy,-12.6873,1,1,0,0,ADJ,1,0,,cloud,,,1,0,F20K,SCOWL60_STABLE_2020.12.07+WN3.1
14542,14837,comb,-12.6873,1,1,0,0,N|V,1,1,,com,,combo,1,1,F20K,SCOWL60_STABLE_2020.12.07+WN3.1
14543,14838,compensated,-12.6873,1,1,1,0,ADJ,1,0,,compensate,,,1,0,F20K,SCOWL60_STABLE_2020.12.07+WN3.1
14544,14839,correcting,-12.6873,1,0,1,0,,0,0,,,,,0,0,F20K,SCOWL60_STABLE_2020.12.07+WN3.1
14545,14840,corrosion,-12.6873,1,1,0,0,N,0,0,,,,,0,0,F20K,SCOWL60_STABLE_2020.12.07+WN3.1
14546,14841,corrupted,-12.6873,1,0,1,0,ADJ,0,0,,,,,0,0,F20K,SCOWL60_STABLE_2020.12.07+WN3.1
14547,14842,crosby,-12.6873,0,0,0,0,N,0,0,,,,,0,0,F20K,SCOWL60_STABLE_2020.12.07+WN3.1
14548,14843,dared,-12.6873,1,0,1,0,,1,0,,dare,,,1,0,F20K,SCOWL60_STABLE_2020.12.07+WN3.1
14549,14844,defiance,-12.6873,1,0,1,0,N,0,0,,,,,0,0,F20K,SCOWL60_STABLE_2020.12.07+WN3.1
14550,14845,desperation,-12.6873,1,1,1,0,N,0,0,,,,,0,0,F20K,SCOWL60_STABLE_2020.12.07+WN3.1
14551,14846,deter,-12.6873,1,1,0,0,V,0,0,,,,,0,0,F20K,SCOWL60_STABLE_2020.12.07+WN3.1
14552,14847,disadvantages,-12.6873,1,0,1,0,,1,0,,disadvantage,,,1,0,F20K,SCOWL60_STABLE_2020.12.07+WN3.1
14553,14848,disciple,-12.6873,1,1,0,0,N,1,1,,,,disciples,0,1,F20K,SCOWL60_STABLE_2020.12.07+WN3.1
14554,14849,dizzy,-12.6873,1,1,0,0,V|ADJ,0,0,,,,,0,0,F20K,SCOWL60_STABLE_2020.12.07+WN3.1
14555,14851,drills,-12.6873,1,0,1,0,,1,0,,drill,,,1,0,F20K,SCOWL60_STABLE_2020.12.07+WN3.1
14556,14852,ecosystems,-12.6873,1,0,1,0,,1,0,,ecosystem,,,1,0,F20K,SCOWL60_STABLE_2020.12.07+WN3.1
14557,14853,eleventh,-12.6873,1,1,1,0,N|ADJ,0,0,,,,,0,0,F20K,SCOWL60_STABLE_2020.12.07+WN3.1
14558,14854,empress,-12.6873,1,1,0,0,N,0,0,,,,,0,0,F20K,SCOWL60_STABLE_2020.12.07+WN3.1
14559,14855,engagements,-12.6873,1,0,1,0,,1,0,,engagement,,,1,0,F20K,SCOWL60_STABLE_2020.12.07+WN3.1
14560,14856,episcopal,-12.6873,1,1,0,0,ADJ,0,0,,,,,0,0,F20K,SCOWL60_STABLE_2020.12.07+WN3.1
14561,14857,erect,-12.6873,1,1,0,0,V|ADJ,0,0,,,,,0,0,F20K,SCOWL60_STABLE_2020.12.07+WN3.1
14562,14858,escorted,-12.6873,1,0,1,0,,0,0,,,,,0,0,F20K,SCOWL60_STABLE_2020.12.07+WN3.1
14563,14859,estimation,-12.6873,1,1,1,0,N,0,0,,,,,0,0,F20K,SCOWL60_STABLE_2020.12.07+WN3.1
14564,14860,ethanol,-12.6873,1,1,0,0,N,0,0,,,,,0,0,F20K,SCOWL60_STABLE_2020.12.07+WN3.1
14565,14861,exploding,-12.6873,1,0,1,0,,0,0,,,,,0,0,F20K,SCOWL60_STABLE_2020.12.07+WN3.1
14566,14862,fabrics,-12.6873,1,0,1,0,,1,0,,fabric,,,1,0,F20K,SCOWL60_STABLE_2020.12.07+WN3.1
14567,14863,falsely,-12.6873,1,0,1,0,ADV,0,0,,,,,0,0,F20K,SCOWL60_STABLE_2020.12.07+WN3.1
14568,14864,fatalities,-12.6873,1,0,1,0,,0,0,,,,,0,0,F20K,SCOWL60_STABLE_2020.12.07+WN3.1
14569,14865,flawless,-12.6873,1,1,0,0,ADJ,0,0,,,,,0,0,F20K,SCOWL60_STABLE_2020.12.07+WN3.1
14570,14866,foreigner,-12.6873,1,1,1,0,N,1,1,,,,foreigners,0,1,F20K,SCOWL60_STABLE_2020.12.07+WN3.1
14571,14867,framing,-12.6873,1,0,1,0,N,0,0,,,,,0,0,F20K,SCOWL60_STABLE_2020.12.07+WN3.1
14572,14869,gatherings,-12.6873,1,0,1,0,,1,0,,gathering,,,1,0,F20K,SCOWL60_STABLE_2020.12.07+WN3.1
14573,14870,globalization,-12.6873,1,1,0,0,N,0,0,,,,,0,0,F20K,SCOWL60_STABLE_2020.12.07+WN3.1
14574,14871,goalie,-12.6873,1,1,0,0,N,0,0,,,,,0,0,F20K,SCOWL60_STABLE_2020.12.07+WN3.1
14575,14872,gr,-12.6873,1,1,0,0,,0,0,,,,,0,0,F20K,SCOWL60_STABLE_2020.12.07+WN3.1
14576,14873,grassroots,-12.6873,1,1,0,0,ADJ,0,0,,,,,0,0,F20K,SCOWL60_STABLE_2020.12.07+WN3.1
14577,14874,greenland,-12.6873,0,0,0,0,N,0,0,,,,,0,0,F20K,SCOWL60_STABLE_2020.12.07+WN3.1
14578,14875,grievances,-12.6873,1,0,1,0,,1,0,,grievance,,,1,0,F20K,SCOWL60_STABLE_2020.12.07+WN3.1
14579,14876,guerrilla,-12.6873,1,1,0,0,N,0,0,,,,,0,0,F20K,SCOWL60_STABLE_2020.12.07+WN3.1
14580,14877,guise,-12.6873,1,1,0,0,N,0,0,,,,,0,0,F20K,SCOWL60_STABLE_2020.12.07+WN3.1
14581,14878,guitars,-12.6873,1,0,1,0,,1,0,,guitar,,,1,0,F20K,SCOWL60_STABLE_2020.12.07+WN3.1
14582,14879,hailed,-12.6873,1,0,1,0,,0,0,,,,,0,0,F20K,SCOWL60_STABLE_2020.12.07+WN3.1
14583,14880,icing,-12.6873,1,1,1,0,N,0,0,,,,,0,0,F20K,SCOWL60_STABLE_2020.12.07+WN3.1
14584,14881,imbalance,-12.6873,1,1,0,0,N,0,0,,,,,0,0,F20K,SCOWL60_STABLE_2020.12.07+WN3.1
14585,14882,immoral,-12.6873,1,1,0,0,ADJ,0,0,,,,,0,0,F20K,SCOWL60_STABLE_2020.12.07+WN3.1
14586,14883,indulge,-12.6873,1,1,0,0,V,0,0,,,,,0,0,F20K,SCOWL60_STABLE_2020.12.07+WN3.1
14587,14884,inspected,-12.6873,1,0,1,0,,0,0,,,,,0,0,F20K,SCOWL60_STABLE_2020.12.07+WN3.1
14588,14885,intensely,-12.6873,1,0,1,0,ADV,0,0,,,,,0,0,F20K,SCOWL60_STABLE_2020.12.07+WN3.1
14589,14886,interchange,-12.6873,1,1,0,0,N|V,0,0,,,,,0,0,F20K,SCOWL60_STABLE_2020.12.07+WN3.1
14590,14887,interviewer,-12.6873,1,1,1,0,N,0,0,,,,,0,0,F20K,SCOWL60_STABLE_2020.12.07+WN3.1
14591,14888,intricate,-12.6873,1,1,0,0,ADJ,0,0,,,,,0,0,F20K,SCOWL60_STABLE_2020.12.07+WN3.1
14592,14889,irritated,-12.6873,1,0,1,0,ADJ,0,0,,,,,0,0,F20K,SCOWL60_STABLE_2020.12.07+WN3.1
14593,14890,iss,-12.6873,0,0,0,0,,0,0,,,,,0,0,F20K,SCOWL60_STABLE_2020.12.07+WN3.1
14594,14891,juices,-12.6873,1,0,1,0,,1,0,,juice,,,1,0,F20K,SCOWL60_STABLE_2020.12.07+WN3.1
14595,14892,ke,-12.6873,0,0,0,0,,0,0,,,,,0,0,F20K,SCOWL60_STABLE_2020.12.07+WN3.1
14596,14893,landings,-12.6873,1,0,1,0,,1,0,,landing,,,1,0,F20K,SCOWL60_STABLE_2020.12.07+WN3.1
14597,14894,landlords,-12.6873,1,0,1,0,,1,0,,landlord,,,1,0,F20K,SCOWL60_STABLE_2020.12.07+WN3.1
14598,14895,landowners,-12.6873,1,0,1,0,,0,0,,,,,0,0,F20K,SCOWL60_STABLE_2020.12.07+WN3.1
14599,14896,lapse,-12.6873,1,1,0,0,N|V,1,0,,laps,,,1,0,F20K,SCOWL60_STABLE_2020.12.07+WN3.1
14600,14898,lieu,-12.6873,1,1,0,0,N,1,0,,lie,,,1,0,F20K,SCOWL60_STABLE_2020.12.07+WN3.1
14601,14899,ling,-12.6873,1,1,1,0,N,1,1,,,cling;fling;sling,,0,3,F20K,SCOWL60_STABLE_2020.12.07+WN3.1
14602,14900,manny,-12.6873,0,0,0,0,,0,0,,,,,0,0,F20K,SCOWL60_STABLE_2020.12.07+WN3.1
14603,14901,marrow,-12.6873,1,1,0,0,N,1,0,arrow,,,,1,0,F20K,SCOWL60_STABLE_2020.12.07+WN3.1
14604,14902,mash,-12.6873,1,1,0,0,N|V,1,1,ash,mas,smash,,2,1,F20K,SCOWL60_STABLE_2020.12.07+WN3.1
14605,14903,mistakenly,-12.6873,1,0,1,0,ADV,0,0,,,,,0,0,F20K,SCOWL60_STABLE_2020.12.07+WN3.1
14606,14904,mortgages,-12.6873,1,0,1,0,,1,0,,mortgage,,,1,0,F20K,SCOWL60_STABLE_2020.12.07+WN3.1
14607,14905,motel,-12.6873,1,1,0,0,N,0,0,,,,,0,0,F20K,SCOWL60_STABLE_2020.12.07+WN3.1
14608,14906,mourinho,-12.6873,0,0,0,0,,0,0,,,,,0,0,F20K,SCOWL60_STABLE_2020.12.07+WN3.1
14609,14907,nay,-12.6873,1,1,0,0,N|ADV,0,0,,,,,0,0,F20K,SCOWL60_STABLE_2020.12.07+WN3.1
14610,14908,newcomers,-12.6873,1,0,1,0,,1,0,,newcomer,,,1,0,F20K,SCOWL60_STABLE_2020.12.07+WN3.1
14611,14909,ngos,-12.6873,0,0,0,0,,0,0,,,,,0,0,F20K,SCOWL60_STABLE_2020.12.07+WN3.1
14612,14910,nicest,-12.6873,1,0,1,0,,0,0,,,,,0,0,F20K,SCOWL60_STABLE_2020.12.07+WN3.1
14613,14912,obstruction,-12.6873,1,1,0,0,N,0,0,,,,,0,0,F20K,SCOWL60_STABLE_2020.12.07+WN3.1
14614,14913,openness,-12.6873,1,1,1,0,N,0,0,,,,,0,0,F20K,SCOWL60_STABLE_2020.12.07+WN3.1
14615,14914,opium,-12.6873,1,1,0,0,N,0,0,,,,,0,0,F20K,SCOWL60_STABLE_2020.12.07+WN3.1
14616,14915,ordeal,-12.6873,1,1,0,0,N,0,0,,,,,0,0,F20K,SCOWL60_STABLE_2020.12.07+WN3.1
14617,14916,outlaw,-12.6873,1,1,0,0,N|V|ADJ,0,0,,,,,0,0,F20K,SCOWL60_STABLE_2020.12.07+WN3.1
14618,14917,overlook,-12.6873,1,1,0,0,N|V,0,0,,,,,0,0,F20K,SCOWL60_STABLE_2020.12.07+WN3.1
14619,14918,overs,-12.6873,1,0,1,0,,1,1,,over,covers;lovers;rovers,,1,3,F20K,SCOWL60_STABLE_2020.12.07+WN3.1
14620,14919,overturned,-12.6873,1,0,1,0,ADJ,0,0,,,,,0,0,F20K,SCOWL60_STABLE_2020.12.07+WN3.1
14621,14921,passions,-12.6873,1,0,1,0,,1,0,,passion,,,1,0,F20K,SCOWL60_STABLE_2020.12.07+WN3.1
14622,14922,pathology,-12.6873,1,1,0,0,N,0,0,,,,,0,0,F20K,SCOWL60_STABLE_2020.12.07+WN3.1
14623,14923,pediatric,-12.6873,1,1,0,0,ADJ,0,0,,,,,0,0,F20K,SCOWL60_STABLE_2020.12.07+WN3.1
14624,14924,persecuted,-12.6873,1,0,1,0,,0,0,,,,,0,0,F20K,SCOWL60_STABLE_2020.12.07+WN3.1
14625,14925,pickles,-12.6873,1,0,1,0,,1,0,,pickle,,,1,0,F20K,SCOWL60_STABLE_2020.12.07+WN3.1
14626,14926,piled,-12.6873,1,0,1,0,,1,0,,pile,,,1,0,F20K,SCOWL60_STABLE_2020.12.07+WN3.1
14627,14927,pivotal,-12.6873,1,1,0,0,ADJ,0,0,,,,,0,0,F20K,SCOWL60_STABLE_2020.12.07+WN3.1
14628,14928,pixel,-12.6873,1,1,0,0,N,1,1,,,,pixels,0,1,F20K,SCOWL60_STABLE_2020.12.07+WN3.1
14629,14929,playful,-12.6873,1,1,0,0,ADJ,0,0,,,,,0,0,F20K,SCOWL60_STABLE_2020.12.07+WN3.1
14630,14930,ponds,-12.6873,1,0,1,0,,1,0,,pond,,,1,0,F20K,SCOWL60_STABLE_2020.12.07+WN3.1
14631,14931,practised,-12.6873,0,0,0,0,ADJ,0,0,,,,,0,0,F20K,SCOWL60_STABLE_2020.12.07+WN3.1
14632,14932,prevailed,-12.6873,1,0,1,0,,0,0,,,,,0,0,F20K,SCOWL60_STABLE_2020.12.07+WN3.1
14633,14933,pronunciation,-12.6873,1,1,0,0,N,0,0,,,,,0,0,F20K,SCOWL60_STABLE_2020.12.07+WN3.1
14634,14934,pts,-12.6873,0,0,0,0,,0,0,,,,,0,0,F20K,SCOWL60_STABLE_2020.12.07+WN3.1
14635,14935,queries,-12.6873,1,0,1,0,,0,0,,,,,0,0,F20K,SCOWL60_STABLE_2020.12.07+WN3.1
14636,14936,raft,-12.6873,1,1,0,0,N|V,1,1,aft,,draft;craft;graft,,1,3,F20K,SCOWL60_STABLE_2020.12.07+WN3.1
14637,14937,raj,-12.6873,0,0,0,0,N,0,0,,,,,0,0,F20K,SCOWL60_STABLE_2020.12.07+WN3.1
14638,14938,relocation,-12.6873,1,0,1,0,N,0,0,,,,,0,0,F20K,SCOWL60_STABLE_2020.12.07+WN3.1
14639,14939,resembling,-12.6873,1,0,1,0,,0,0,,,,,0,0,F20K,SCOWL60_STABLE_2020.12.07+WN3.1
14640,14940,rhymes,-12.6873,1,0,1,0,,1,0,,rhyme,,,1,0,F20K,SCOWL60_STABLE_2020.12.07+WN3.1
14641,14941,ricardo,-12.6873,0,0,0,0,N,0,0,,,,,0,0,F20K,SCOWL60_STABLE_2020.12.07+WN3.1
14642,14942,rye,-12.6873,1,1,0,0,N,1,0,ye,,,,1,0,F20K,SCOWL60_STABLE_2020.12.07+WN3.1
14643,14943,scanned,-12.6873,1,1,0,0,,1,0,canned,,,,1,0,F20K,SCOWL60_STABLE_2020.12.07+WN3.1
14644,14944,seminars,-12.6873,1,0,1,0,,1,0,,seminar,,,1,0,F20K,SCOWL60_STABLE_2020.12.07+WN3.1
14645,14945,sexes,-12.6873,1,0,1,0,,0,0,,,,,0,0,F20K,SCOWL60_STABLE_2020.12.07+WN3.1
14646,14946,solvent,-12.6873,1,1,0,0,N|ADJ,0,0,,,,,0,0,F20K,SCOWL60_STABLE_2020.12.07+WN3.1
14647,14947,specialised,-12.6873,0,0,0,0,ADJ,0,0,,,,,0,0,F20K,SCOWL60_STABLE_2020.12.07+WN3.1
14648,14948,specials,-12.6873,1,0,1,0,,1,0,,special,,,1,0,F20K,SCOWL60_STABLE_2020.12.07+WN3.1
14649,14949,staffing,-12.6873,1,1,1,0,,0,0,,,,,0,0,F20K,SCOWL60_STABLE_2020.12.07+WN3.1
14650,14950,stamped,-12.6873,1,0,1,0,,0,0,,,,,0,0,F20K,SCOWL60_STABLE_2020.12.07+WN3.1
14651,14951,steele,-12.6873,0,0,0,0,N,0,0,,,,,0,0,F20K,SCOWL60_STABLE_2020.12.07+WN3.1
14652,14952,striped,-12.6873,1,0,1,0,ADJ,1,0,,stripe,,,1,0,F20K,SCOWL60_STABLE_2020.12.07+WN3.1
14653,14953,styled,-12.6873,1,0,1,0,,1,0,,style,,,1,0,F20K,SCOWL60_STABLE_2020.12.07+WN3.1
14654,14954,substituted,-12.6873,1,0,1,0,,1,0,,substitute,,,1,0,F20K,SCOWL60_STABLE_2020.12.07+WN3.1
14655,14955,succeeds,-12.6873,1,0,1,0,,1,0,,succeed,,,1,0,F20K,SCOWL60_STABLE_2020.12.07+WN3.1
14656,14956,summons,-12.6873,1,1,1,0,N|V,1,0,,summon,,,1,0,F20K,SCOWL60_STABLE_2020.12.07+WN3.1
14657,14957,surrounds,-12.6873,1,0,1,0,,1,0,,surround,,,1,0,F20K,SCOWL60_STABLE_2020.12.07+WN3.1
14658,14958,tao,-12.6873,0,0,0,0,N,0,0,,,,,0,0,F20K,SCOWL60_STABLE_2020.12.07+WN3.1
14659,14959,taped,-12.6873,1,0,1,0,ADJ,1,0,,tape,,,1,0,F20K,SCOWL60_STABLE_2020.12.07+WN3.1
14660,14960,teasing,-12.6873,1,1,1,0,N|ADJ,0,0,,,,,0,0,F20K,SCOWL60_STABLE_2020.12.07+WN3.1
14661,14961,thyroid,-12.6873,1,1,0,0,N|ADJ,0,0,,,,,0,0,F20K,SCOWL60_STABLE_2020.12.07+WN3.1
14662,14962,tiffany,-12.6873,0,0,0,0,N,0,0,,,,,0,0,F20K,SCOWL60_STABLE_2020.12.07+WN3.1
14663,14963,tighten,-12.6873,1,1,1,0,V,0,0,,,,,0,0,F20K,SCOWL60_STABLE_2020.12.07+WN3.1
14664,14964,toughest,-12.6873,1,0,1,0,,0,0,,,,,0,0,F20K,SCOWL60_STABLE_2020.12.07+WN3.1
14665,14965,tripping,-12.6873,1,1,0,0,ADJ,1,1,ripping,,stripping,,1,1,F20K,SCOWL60_STABLE_2020.12.07+WN3.1
14666,14966,twenties,-12.6873,1,0,1,0,N,0,0,,,,,0,0,F20K,SCOWL60_STABLE_2020.12.07+WN3.1
14667,14967,tyres,-12.6873,0,0,0,0,,0,0,,,,,0,0,F20K,SCOWL60_STABLE_2020.12.07+WN3.1
14668,14968,uefa,-12.6873,0,0,0,0,,0,0,,,,,0,0,F20K,SCOWL60_STABLE_2020.12.07+WN3.1
14669,14969,ufo,-12.6873,0,0,0,0,N,0,0,,,,,0,0,F20K,SCOWL60_STABLE_2020.12.07+WN3.1
14670,14970,unauthorized,-12.6873,1,0,1,0,ADJ,0,0,,,,,0,0,F20K,SCOWL60_STABLE_2020.12.07+WN3.1
14671,14971,uncertainties,-12.6873,1,0,1,0,,0,0,,,,,0,0,F20K,SCOWL60_STABLE_2020.12.07+WN3.1
14672,14972,unconditional,-12.6873,1,1,0,0,ADJ,0,0,,,,,0,0,F20K,SCOWL60_STABLE_2020.12.07+WN3.1
14673,14973,unicorn,-12.6873,1,1,0,0,N,0,0,,,,,0,0,F20K,SCOWL60_STABLE_2020.12.07+WN3.1
14674,14974,unix,-12.6873,0,0,0,0,N,0,0,,,,,0,0,F20K,SCOWL60_STABLE_2020.12.07+WN3.1
14675,14975,usable,-12.6873,1,1,0,0,ADJ,0,0,,,,,0,0,F20K,SCOWL60_STABLE_2020.12.07+WN3.1
14676,14976,vaguely,-12.6873,1,0,1,0,ADV,0,0,,,,,0,0,F20K,SCOWL60_STABLE_2020.12.07+WN3.1
14677,14977,vampires,-12.6873,1,0,1,0,,1,0,,vampire,,,1,0,F20K,SCOWL60_STABLE_2020.12.07+WN3.1
14678,14978,var,-12.6873,1,1,0,0,N,1,1,,,,vary,0,1,F20K,SCOWL60_STABLE_2020.12.07+WN3.1
14679,14979,vertically,-12.6873,1,0,1,0,ADV,0,0,,,,,0,0,F20K,SCOWL60_STABLE_2020.12.07+WN3.1
14680,14980,volatility,-12.6873,1,1,0,0,N,0,0,,,,,0,0,F20K,SCOWL60_STABLE_2020.12.07+WN3.1
14681,14981,ware,-12.6873,1,1,0,0,N|V,1,1,are,war,aware,,2,1,F20K,SCOWL60_STABLE_2020.12.07+WN3.1
14682,14982,wc,-12.6873,0,0,0,0,,0,0,,,,,0,0,F20K,SCOWL60_STABLE_2020.12.07+WN3.1
14683,14983,welding,-12.6873,1,0,1,0,N,0,0,,,,,0,0,F20K,SCOWL60_STABLE_2020.12.07+WN3.1
14684,14984,wiki,-12.6873,1,1,0,0,,0,0,,,,,0,0,F20K,SCOWL60_STABLE_2020.12.07+WN3.1
14685,14985,wilkinson,-12.6873,0,0,0,0,N,0,0,,,,,0,0,F20K,SCOWL60_STABLE_2020.12.07+WN3.1
14686,14986,williamson,-12.6873,0,0,0,0,,0,0,,,,,0,0,F20K,SCOWL60_STABLE_2020.12.07+WN3.1
14687,14987,witnessing,-12.6873,1,0,1,0,,0,0,,,,,0,0,F20K,SCOWL60_STABLE_2020.12.07+WN3.1
14688,14990,abandonment,-12.7103,1,1,1,0,N,0,0,,,,,0,0,F20K,SCOWL60_STABLE_2020.12.07+WN3.1
14689,14991,abbas,-12.7103,0,0,0,0,,0,0,,,,,0,0,F20K,SCOWL60_STABLE_2020.12.07+WN3.1
14690,14992,acquaintances,-12.7103,1,0,1,0,,1,0,,acquaintance,,,1,0,F20K,SCOWL60_STABLE_2020.12.07+WN3.1
14691,14993,addicts,-12.7103,1,0,1,0,,1,0,,addict,,,1,0,F20K,SCOWL60_STABLE_2020.12.07+WN3.1
14692,14994,admittedly,-12.7103,1,0,1,0,ADV,0,0,,,,,0,0,F20K,SCOWL60_STABLE_2020.12.07+WN3.1
14693,14996,ajax,-12.7103,0,0,0,0,N,0,0,,,,,0,0,F20K,SCOWL60_STABLE_2020.12.07+WN3.1
14694,14997,alain,-12.7103,0,0,0,0,,0,0,,,,,0,0,F20K,SCOWL60_STABLE_2020.12.07+WN3.1
14695,14998,aloud,-12.7103,1,1,0,0,ADV,1,0,loud,,,,1,0,F20K,SCOWL60_STABLE_2020.12.07+WN3.1
14696,14999,alto,-12.7103,1,1,0,0,N|ADJ,1,0,,alt,,,1,0,F20K,SCOWL60_STABLE_2020.12.07+WN3.1
14697,15000,amelia,-12.7103,0,0,0,0,N,0,0,,,,,0,0,F20K,SCOWL60_STABLE_2020.12.07+WN3.1
14698,15001,amos,-12.7103,0,0,0,0,N,0,0,,,,,0,0,F20K,SCOWL60_STABLE_2020.12.07+WN3.1
14699,15002,ancestral,-12.7103,1,1,0,0,ADJ,0,0,,,,,0,0,F20K,SCOWL60_STABLE_2020.12.07+WN3.1
14700,15003,ankles,-12.7103,1,0,1,0,,1,0,,ankle,,,1,0,F20K,SCOWL60_STABLE_2020.12.07+WN3.1
14701,15004,annexed,-12.7103,1,0,1,0,,0,0,,,,,0,0,F20K,SCOWL60_STABLE_2020.12.07+WN3.1
14702,15005,arrivals,-12.7103,1,0,1,0,,1,0,,arrival,,,1,0,F20K,SCOWL60_STABLE_2020.12.07+WN3.1
14703,15006,attends,-12.7103,1,0,1,0,,1,0,,attend,,,1,0,F20K,SCOWL60_STABLE_2020.12.07+WN3.1
14704,15007,avid,-12.7103,1,1,0,0,ADJ,0,0,,,,,0,0,F20K,SCOWL60_STABLE_2020.12.07+WN3.1
14705,15008,az,-12.7103,0,0,0,0,N,0,0,,,,,0,0,F20K,SCOWL60_STABLE_2020.12.07+WN3.1
14706,15009,barking,-12.7103,1,0,1,0,,0,0,,,,,0,0,F20K,SCOWL60_STABLE_2020.12.07+WN3.1
14707,15010,bartender,-12.7103,1,1,0,0,N,0,0,,,,,0,0,F20K,SCOWL60_STABLE_2020.12.07+WN3.1
14708,15011,bedford,-12.7103,0,0,0,0,,0,0,,,,,0,0,F20K,SCOWL60_STABLE_2020.12.07+WN3.1
14709,15012,bedtime,-12.7103,1,1,0,0,N,0,0,,,,,0,0,F20K,SCOWL60_STABLE_2020.12.07+WN3.1
14710,15013,beethoven,-12.7103,0,0,0,0,N,0,0,,,,,0,0,F20K,SCOWL60_STABLE_2020.12.07+WN3.1
14711,15014,behaving,-12.7103,1,0,1,0,,0,0,,,,,0,0,F20K,SCOWL60_STABLE_2020.12.07+WN3.1
14712,15015,beneficiaries,-12.7103,1,0,1,0,,0,0,,,,,0,0,F20K,SCOWL60_STABLE_2020.12.07+WN3.1
14713,15016,benign,-12.7103,1,1,0,0,ADJ,0,0,,,,,0,0,F20K,SCOWL60_STABLE_2020.12.07+WN3.1
14714,15017,bows,-12.7103,1,0,1,0,,1,0,,bow,,,1,0,F20K,SCOWL60_STABLE_2020.12.07+WN3.1
14715,15018,brewer,-12.7103,1,1,1,0,N,1,1,,,,brewery;brewers,0,2,F20K,SCOWL60_STABLE_2020.12.07+WN3.1
14716,15019,bursts,-12.7103,1,0,1,0,,1,0,,burst,,,1,0,F20K,SCOWL60_STABLE_2020.12.07+WN3.1
14717,15020,caleb,-12.7103,0,0,0,0,,0,0,,,,,0,0,F20K,SCOWL60_STABLE_2020.12.07+WN3.1
14718,15021,campuses,-12.7103,1,0,1,0,,0,0,,,,,0,0,F20K,SCOWL60_STABLE_2020.12.07+WN3.1
14719,15022,catholicism,-12.7103,0,0,0,0,N,0,0,,,,,0,0,F20K,SCOWL60_STABLE_2020.12.07+WN3.1
14720,15023,cherish,-12.7103,1,1,0,0,V,0,0,,,,,0,0,F20K,SCOWL60_STABLE_2020.12.07+WN3.1
14721,15024,clint,-12.7103,0,0,0,0,,0,0,,,,,0,0,F20K,SCOWL60_STABLE_2020.12.07+WN3.1
14722,15025,clumsy,-12.7103,1,1,0,0,ADJ,0,0,,,,,0,0,F20K,SCOWL60_STABLE_2020.12.07+WN3.1
14723,15026,coached,-12.7103,1,0,1,0,,0,0,,,,,0,0,F20K,SCOWL60_STABLE_2020.12.07+WN3.1
14724,15027,collaborate,-12.7103,1,1,0,0,V,1,1,,,,collaborated,0,1,F20K,SCOWL60_STABLE_2020.12.07+WN3.1
14725,15028,complexes,-12.7103,1,0,1,0,,0,0,,,,,0,0,F20K,SCOWL60_STABLE_2020.12.07+WN3.1
14726,15029,concede,-12.7103,1,0,1,0,V,1,1,,,,conceded,0,1,F20K,SCOWL60_STABLE_2020.12.07+WN3.1
14727,15030,concussion,-12.7103,1,1,0,0,N,0,0,,,,,0,0,F20K,SCOWL60_STABLE_2020.12.07+WN3.1
14728,15031,confronting,-12.7103,1,0,1,0,,0,0,,,,,0,0,F20K,SCOWL60_STABLE_2020.12.07+WN3.1
14729,15032,connector,-12.7103,1,1,0,0,N,0,0,,,,,0,0,F20K,SCOWL60_STABLE_2020.12.07+WN3.1
14730,15033,coronation,-12.7103,1,1,0,0,N,0,0,,,,,0,0,F20K,SCOWL60_STABLE_2020.12.07+WN3.1
14731,15034,cortex,-12.7103,1,1,0,0,N,0,0,,,,,0,0,F20K,SCOWL60_STABLE_2020.12.07+WN3.1
14732,15036,counselling,-12.7103,0,0,0,0,N,0,0,,,,,0,0,F20K,SCOWL60_STABLE_2020.12.07+WN3.1
14733,15037,crank,-12.7103,1,1,0,0,N|V|ADJ,1,0,rank,,,,1,0,F20K,SCOWL60_STABLE_2020.12.07+WN3.1
14734,15038,crossings,-12.7103,1,0,1,0,,1,0,,crossing,,,1,0,F20K,SCOWL60_STABLE_2020.12.07+WN3.1
14735,15039,crows,-12.7103,1,0,1,0,,1,0,rows,crow,,,2,0,F20K,SCOWL60_STABLE_2020.12.07+WN3.1
14736,15040,cu,-12.7103,1,1,0,0,N,1,1,,,,cut;cup;cum;cue;cub,0,5,F20K,SCOWL60_STABLE_2020.12.07+WN3.1
14737,15041,cunningham,-12.7103,0,0,0,0,N,0,0,,,,,0,0,F20K,SCOWL60_STABLE_2020.12.07+WN3.1
14738,15042,curator,-12.7103,1,1,0,0,N,0,0,,,,,0,0,F20K,SCOWL60_STABLE_2020.12.07+WN3.1
14739,15043,dart,-12.7103,1,1,0,0,N|V,1,1,art,,,darts,1,1,F20K,SCOWL60_STABLE_2020.12.07+WN3.1
14740,15044,depended,-12.7103,1,0,1,0,,0,0,,,,,0,0,F20K,SCOWL60_STABLE_2020.12.07+WN3.1
14741,15045,deportation,-12.7103,1,1,0,0,N,0,0,,,,,0,0,F20K,SCOWL60_STABLE_2020.12.07+WN3.1
14742,15046,deprivation,-12.7103,1,0,1,0,N,0,0,,,,,0,0,F20K,SCOWL60_STABLE_2020.12.07+WN3.1
14743,15047,designate,-12.7103,1,1,0,0,V|ADJ,1,1,,,,designated,0,1,F20K,SCOWL60_STABLE_2020.12.07+WN3.1
14744,15048,destroyer,-12.7103,1,1,1,0,N,0,0,,,,,0,0,F20K,SCOWL60_STABLE_2020.12.07+WN3.1
14745,15049,dickens,-12.7103,1,0,1,0,N,0,0,,,,,0,0,F20K,SCOWL60_STABLE_2020.12.07+WN3.1
14746,15050,digestive,-12.7103,1,1,1,0,N|ADJ,0,0,,,,,0,0,F20K,SCOWL60_STABLE_2020.12.07+WN3.1
14747,15051,directs,-12.7103,1,0,1,0,,1,0,,direct,,,1,0,F20K,SCOWL60_STABLE_2020.12.07+WN3.1
14748,15052,discriminatory,-12.7103,1,1,0,0,ADJ,0,0,,,,,0,0,F20K,SCOWL60_STABLE_2020.12.07+WN3.1
14749,15053,disks,-12.7103,1,0,1,0,,1,0,,disk,,,1,0,F20K,SCOWL60_STABLE_2020.12.07+WN3.1
14750,15054,distressed,-12.7103,1,0,1,0,ADJ,0,0,,,,,0,0,F20K,SCOWL60_STABLE_2020.12.07+WN3.1
14751,15055,divergent,-12.7103,1,1,0,0,ADJ,0,0,,,,,0,0,F20K,SCOWL60_STABLE_2020.12.07+WN3.1
14752,15056,dolly,-12.7103,1,1,0,0,N,1,0,,doll,,,1,0,F20K,SCOWL60_STABLE_2020.12.07+WN3.1
14753,15057,doorway,-12.7103,1,1,0,0,N,0,0,,,,,0,0,F20K,SCOWL60_STABLE_2020.12.07+WN3.1
14754,15058,drip,-12.7103,1,1,0,0,N|V,1,0,rip,,,,1,0,F20K,SCOWL60_STABLE_2020.12.07+WN3.1
14755,15059,dungeon,-12.7103,1,1,0,0,N,1,1,,,,dungeons,0,1,F20K,SCOWL60_STABLE_2020.12.07+WN3.1
14756,15060,elastic,-12.7103,1,1,0,0,N|ADJ,0,0,,,,,0,0,F20K,SCOWL60_STABLE_2020.12.07+WN3.1
14757,15061,eliot,-12.7103,0,0,0,0,N,0,0,,,,,0,0,F20K,SCOWL60_STABLE_2020.12.07+WN3.1
14758,15062,encyclopedia,-12.7103,1,1,0,0,N,0,0,,,,,0,0,F20K,SCOWL60_STABLE_2020.12.07+WN3.1
14759,15063,eps,-12.7103,0,0,0,0,,0,0,,,,,0,0,F20K,SCOWL60_STABLE_2020.12.07+WN3.1
14760,15064,experimenting,-12.7103,1,0,1,0,,0,0,,,,,0,0,F20K,SCOWL60_STABLE_2020.12.07+WN3.1
14761,15065,expire,-12.7103,1,1,0,0,V,1,1,,,,expired;expires,0,2,F20K,SCOWL60_STABLE_2020.12.07+WN3.1
14762,15066,feudal,-12.7103,1,1,0,0,ADJ,0,0,,,,,0,0,F20K,SCOWL60_STABLE_2020.12.07+WN3.1
14763,15067,fixture,-12.7103,1,1,0,0,N,1,1,,,,fixtures,0,1,F20K,SCOWL60_STABLE_2020.12.07+WN3.1
14764,15068,foe,-12.7103,1,1,0,0,N,1,1,,,,foes,0,1,F20K,SCOWL60_STABLE_2020.12.07+WN3.1
14765,15069,forgiving,-12.7103,1,1,1,0,ADJ,0,0,,,,,0,0,F20K,SCOWL60_STABLE_2020.12.07+WN3.1
14766,15070,fractures,-12.7103,1,0,1,0,,1,0,,fracture,,,1,0,F20K,SCOWL60_STABLE_2020.12.07+WN3.1
14767,15071,francois,-12.7103,0,0,0,0,,0,0,,,,,0,0,F20K,SCOWL60_STABLE_2020.12.07+WN3.1
14768,15072,gifs,-12.7103,0,0,0,0,,0,0,,,,,0,0,F20K,SCOWL60_STABLE_2020.12.07+WN3.1
14769,15073,gonzalez,-12.7103,0,0,0,0,,0,0,,,,,0,0,F20K,SCOWL60_STABLE_2020.12.07+WN3.1
14770,15074,gradient,-12.7103,1,1,0,0,N,0,0,,,,,0,0,F20K,SCOWL60_STABLE_2020.12.07+WN3.1
14771,15075,gs,-12.7103,1,0,1,0,,0,0,,,,,0,0,F20K,SCOWL60_STABLE_2020.12.07+WN3.1
14772,15076,guinness,-12.7103,0,0,0,0,N,0,0,,,,,0,0,F20K,SCOWL60_STABLE_2020.12.07+WN3.1
14773,15077,haitian,-12.7103,0,0,0,0,N|ADJ,0,0,,,,,0,0,F20K,SCOWL60_STABLE_2020.12.07+WN3.1
14774,15078,hanoi,-12.7103,0,0,0,0,N,0,0,,,,,0,0,F20K,SCOWL60_STABLE_2020.12.07+WN3.1
14775,15079,hilary,-12.7103,0,0,0,0,,0,0,,,,,0,0,F20K,SCOWL60_STABLE_2020.12.07+WN3.1
14776,15080,hog,-12.7103,1,1,0,0,N|V,1,0,,ho,,,1,0,F20K,SCOWL60_STABLE_2020.12.07+WN3.1
14777,15081,horizons,-12.7103,1,0,1,0,,1,0,,horizon,,,1,0,F20K,SCOWL60_STABLE_2020.12.07+WN3.1
14778,15082,illegitimate,-12.7103,1,1,0,0,N|ADJ,0,0,,,,,0,0,F20K,SCOWL60_STABLE_2020.12.07+WN3.1
14779,15083,illuminated,-12.7103,1,0,1,0,ADJ,0,0,,,,,0,0,F20K,SCOWL60_STABLE_2020.12.07+WN3.1
14780,15084,imam,-12.7103,1,1,0,0,N,0,0,,,,,0,0,F20K,SCOWL60_STABLE_2020.12.07+WN3.1
14781,15085,inaugurated,-12.7103,1,0,1,0,,0,0,,,,,0,0,F20K,SCOWL60_STABLE_2020.12.07+WN3.1
14782,15086,influenza,-12.7103,1,1,0,0,N,0,0,,,,,0,0,F20K,SCOWL60_STABLE_2020.12.07+WN3.1
14783,15087,intellect,-12.7103,1,1,0,0,N,0,0,,,,,0,0,F20K,SCOWL60_STABLE_2020.12.07+WN3.1
14784,15088,ions,-12.7103,1,0,1,0,,1,1,,ion,lions,,1,1,F20K,SCOWL60_STABLE_2020.12.07+WN3.1
14785,15089,isabella,-12.7103,0,0,0,0,N,0,0,,,,,0,0,F20K,SCOWL60_STABLE_2020.12.07+WN3.1
14786,15090,jaime,-12.7103,0,0,0,0,,0,0,,,,,0,0,F20K,SCOWL60_STABLE_2020.12.07+WN3.1
14787,15091,jeanne,-12.7103,0,0,0,0,,0,0,,,,,0,0,F20K,SCOWL60_STABLE_2020.12.07+WN3.1
14788,15092,jenna,-12.7103,0,0,0,0,,0,0,,,,,0,0,F20K,SCOWL60_STABLE_2020.12.07+WN3.1
14789,15093,joanna,-12.7103,0,0,0,0,,0,0,,,,,0,0,F20K,SCOWL60_STABLE_2020.12.07+WN3.1
14790,15094,jonah,-12.7103,0,0,0,0,N,0,0,,,,,0,0,F20K,SCOWL60_STABLE_2020.12.07+WN3.1
14791,15095,julio,-12.7103,0,0,0,0,,0,0,,,,,0,0,F20K,SCOWL60_STABLE_2020.12.07+WN3.1
14792,15096,jurassic,-12.7103,0,0,0,0,N|ADJ,0,0,,,,,0,0,F20K,SCOWL60_STABLE_2020.12.07+WN3.1
14793,15097,kidnap,-12.7103,1,1,0,0,V,0,0,,,,,0,0,F20K,SCOWL60_STABLE_2020.12.07+WN3.1
14794,15098,legged,-12.7103,1,1,0,0,ADJ,0,0,,,,,0,0,F20K,SCOWL60_STABLE_2020.12.07+WN3.1
14795,15099,lf,-12.7103,0,0,0,0,N,0,0,,,,,0,0,F20K,SCOWL60_STABLE_2020.12.07+WN3.1
14796,15100,livelihood,-12.7103,1,1,0,0,N,0,0,,,,,0,0,F20K,SCOWL60_STABLE_2020.12.07+WN3.1
14797,15101,madden,-12.7103,1,1,0,0,V,0,0,,,,,0,0,F20K,SCOWL60_STABLE_2020.12.07+WN3.1
14798,15102,madeleine,-12.7103,0,0,0,0,,0,0,,,,,0,0,F20K,SCOWL60_STABLE_2020.12.07+WN3.1
14799,15103,mailing,-12.7103,1,1,1,0,N,0,0,,,,,0,0,F20K,SCOWL60_STABLE_2020.12.07+WN3.1
14800,15104,malware,-12.7103,1,1,0,0,N,0,0,,,,,0,0,F20K,SCOWL60_STABLE_2020.12.07+WN3.1
14801,15105,mandarin,-12.7103,1,1,0,0,N,0,0,,,,,0,0,F20K,SCOWL60_STABLE_2020.12.07+WN3.1
14802,15106,manifestation,-12.7103,1,1,0,0,N,1,1,,,,manifestations,0,1,F20K,SCOWL60_STABLE_2020.12.07+WN3.1
14803,15107,manned,-12.7103,1,1,0,0,ADJ,0,0,,,,,0,0,F20K,SCOWL60_STABLE_2020.12.07+WN3.1
14804,15108,martyrs,-12.7103,1,0,1,0,,1,0,,martyr,,,1,0,F20K,SCOWL60_STABLE_2020.12.07+WN3.1
14805,15109,michele,-12.7103,0,0,0,0,,0,0,,,,,0,0,F20K,SCOWL60_STABLE_2020.12.07+WN3.1
14806,15110,microscope,-12.7103,1,1,0,0,N,0,0,,,,,0,0,F20K,SCOWL60_STABLE_2020.12.07+WN3.1
14807,15111,midfield,-12.7103,1,1,0,0,N,0,0,,,,,0,0,F20K,SCOWL60_STABLE_2020.12.07+WN3.1
14808,15112,mitigate,-12.7103,1,1,0,0,V,0,0,,,,,0,0,F20K,SCOWL60_STABLE_2020.12.07+WN3.1
14809,15113,mixer,-12.7103,1,1,1,0,N,0,0,,,,,0,0,F20K,SCOWL60_STABLE_2020.12.07+WN3.1
14810,15114,murdoch,-12.7103,0,0,0,0,N,0,0,,,,,0,0,F20K,SCOWL60_STABLE_2020.12.07+WN3.1
14811,15115,mustache,-12.7103,1,1,0,0,N,0,0,,,,,0,0,F20K,SCOWL60_STABLE_2020.12.07+WN3.1
14812,15116,myriad,-12.7103,1,1,0,0,N|ADJ,0,0,,,,,0,0,F20K,SCOWL60_STABLE_2020.12.07+WN3.1
14813,15117,narcotics,-12.7103,1,0,1,0,,0,0,,,,,0,0,F20K,SCOWL60_STABLE_2020.12.07+WN3.1
14814,15118,nests,-12.7103,1,0,1,0,,1,0,,nest,,,1,0,F20K,SCOWL60_STABLE_2020.12.07+WN3.1
14815,15119,nichols,-12.7103,0,0,0,0,,0,0,,,,,0,0,F20K,SCOWL60_STABLE_2020.12.07+WN3.1
14816,15120,nora,-12.7103,0,0,0,0,,0,0,,,,,0,0,F20K,SCOWL60_STABLE_2020.12.07+WN3.1
14817,15121,ozone,-12.7103,1,1,0,0,N,1,0,zone,,,,1,0,F20K,SCOWL60_STABLE_2020.12.07+WN3.1
14818,15122,paced,-12.7103,1,0,1,0,,1,1,,pace,spaced,,1,1,F20K,SCOWL60_STABLE_2020.12.07+WN3.1
14819,15123,parrot,-12.7103,1,1,0,0,N|V,0,0,,,,,0,0,F20K,SCOWL60_STABLE_2020.12.07+WN3.1
14820,15124,patented,-12.7103,1,0,1,0,ADJ,0,0,,,,,0,0,F20K,SCOWL60_STABLE_2020.12.07+WN3.1
14821,15125,peanuts,-12.7103,1,0,1,0,N,1,0,,peanut,,,1,0,F20K,SCOWL60_STABLE_2020.12.07+WN3.1
14822,15126,phosphorus,-12.7103,1,1,0,0,N,0,0,,,,,0,0,F20K,SCOWL60_STABLE_2020.12.07+WN3.1
14823,15127,pierced,-12.7103,1,0,1,0,ADJ,1,0,,pierce,,,1,0,F20K,SCOWL60_STABLE_2020.12.07+WN3.1
14824,15128,pimp,-12.7103,1,1,0,0,N|V,0,0,,,,,0,0,F20K,SCOWL60_STABLE_2020.12.07+WN3.1
14825,15129,pleading,-12.7103,1,1,1,0,N|ADJ,1,0,leading,,,,1,0,F20K,SCOWL60_STABLE_2020.12.07+WN3.1
14826,15130,pleas,-12.7103,1,0,1,0,,1,1,,plea,,please,1,1,F20K,SCOWL60_STABLE_2020.12.07+WN3.1
14827,15131,praises,-12.7103,1,0,1,0,,1,0,raises,praise,,,2,0,F20K,SCOWL60_STABLE_2020.12.07+WN3.1
14828,15132,precaution,-12.7103,1,1,0,0,N,1,1,,,,precautions,0,1,F20K,SCOWL60_STABLE_2020.12.07+WN3.1
14829,15133,programmers,-12.7103,1,0,1,0,,1,0,,programmer,,,1,0,F20K,SCOWL60_STABLE_2020.12.07+WN3.1
14830,15134,progressing,-12.7103,1,0,1,0,,0,0,,,,,0,0,F20K,SCOWL60_STABLE_2020.12.07+WN3.1
14831,15135,provoking,-12.7103,1,1,1,0,ADJ,0,0,,,,,0,0,F20K,SCOWL60_STABLE_2020.12.07+WN3.1
14832,15136,qur,-12.7103,0,0,0,0,,0,0,,,,,0,0,F20K,SCOWL60_STABLE_2020.12.07+WN3.1
14833,15137,radicals,-12.7103,1,0,1,0,,1,0,,radical,,,1,0,F20K,SCOWL60_STABLE_2020.12.07+WN3.1
14834,15138,rampant,-12.7103,1,1,0,0,ADJ,0,0,,,,,0,0,F20K,SCOWL60_STABLE_2020.12.07+WN3.1
14835,15139,reluctance,-12.7103,1,1,0,0,N,0,0,,,,,0,0,F20K,SCOWL60_STABLE_2020.12.07+WN3.1
14836,15140,remorse,-12.7103,1,1,0,0,N,0,0,,,,,0,0,F20K,SCOWL60_STABLE_2020.12.07+WN3.1
14837,15141,repercussions,-12.7103,1,0,1,0,,0,0,,,,,0,0,F20K,SCOWL60_STABLE_2020.12.07+WN3.1
14838,15142,revolutions,-12.7103,1,0,1,0,,1,0,,revolution,,,1,0,F20K,SCOWL60_STABLE_2020.12.07+WN3.1
14839,15143,roaring,-12.7103,1,1,1,0,N|ADJ|ADV,0,0,,,,,0,0,F20K,SCOWL60_STABLE_2020.12.07+WN3.1
14840,15144,rovers,-12.7103,1,0,1,0,,1,0,overs,rover,,,2,0,F20K,SCOWL60_STABLE_2020.12.07+WN3.1
14841,15145,rpm,-12.7103,1,1,0,0,N,1,0,pm,,,,1,0,F20K,SCOWL60_STABLE_2020.12.07+WN3.1
14842,15146,sas,-12.7103,0,0,0,0,N,0,0,,,,,0,0,F20K,SCOWL60_STABLE_2020.12.07+WN3.1
14843,15147,schneider,-12.7103,0,0,0,0,,0,0,,,,,0,0,F20K,SCOWL60_STABLE_2020.12.07+WN3.1
14844,15148,shelby,-12.7103,0,0,0,0,,0,0,,,,,0,0,F20K,SCOWL60_STABLE_2020.12.07+WN3.1
14845,15149,simulations,-12.7103,1,1,0,0,,1,0,,simulation,,,1,0,F20K,SCOWL60_STABLE_2020.12.07+WN3.1
14846,15150,sinks,-12.7103,1,0,1,0,,1,0,,sink,,,1,0,F20K,SCOWL60_STABLE_2020.12.07+WN3.1
14847,15151,sinner,-12.7103,1,1,0,0,N,1,1,inner,,,sinners,1,1,F20K,SCOWL60_STABLE_2020.12.07+WN3.1
14848,15152,sioux,-12.7103,0,0,0,0,N,0,0,,,,,0,0,F20K,SCOWL60_STABLE_2020.12.07+WN3.1
14849,15153,skinner,-12.7103,0,0,0,0,N,0,0,,,,,0,0,F20K,SCOWL60_STABLE_2020.12.07+WN3.1
14850,15154,smelled,-12.7103,1,0,1,0,,0,0,,,,,0,0,F20K,SCOWL60_STABLE_2020.12.07+WN3.1
14851,15155,speculate,-12.7103,1,1,0,0,V,1,1,,,,speculated,0,1,F20K,SCOWL60_STABLE_2020.12.07+WN3.1
14852,15156,spirited,-12.7103,1,1,1,0,ADJ,0,0,,,,,0,0,F20K,SCOWL60_STABLE_2020.12.07+WN3.1
14853,15157,squads,-12.7103,1,0,1,0,,1,0,,squad,,,1,0,F20K,SCOWL60_STABLE_2020.12.07+WN3.1
14854,15158,squeezed,-12.7103,1,0,1,0,,1,0,,squeeze,,,1,0,F20K,SCOWL60_STABLE_2020.12.07+WN3.1
14855,15159,stables,-12.7103,1,0,1,0,,1,0,tables,stable,,,2,0,F20K,SCOWL60_STABLE_2020.12.07+WN3.1
14856,15160,stadiums,-12.7103,1,0,1,0,,1,0,,stadium,,,1,0,F20K,SCOWL60_STABLE_2020.12.07+WN3.1
14857,15161,stalker,-12.7103,1,1,1,0,N,0,0,,,,,0,0,F20K,SCOWL60_STABLE_2020.12.07+WN3.1
14858,15162,stalls,-12.7103,1,0,1,0,N,1,0,,stall,,,1,0,F20K,SCOWL60_STABLE_2020.12.07+WN3.1
14859,15163,stanton,-12.7103,0,0,0,0,N,0,0,,,,,0,0,F20K,SCOWL60_STABLE_2020.12.07+WN3.1
14860,15164,statesman,-12.7103,1,1,0,0,N,0,0,,,,,0,0,F20K,SCOWL60_STABLE_2020.12.07+WN3.1
14861,15165,stout,-12.7103,1,1,0,0,N|ADJ,1,0,tout,,,,1,0,F20K,SCOWL60_STABLE_2020.12.07+WN3.1
14862,15166,strawberries,-12.7103,1,0,1,0,,0,0,,,,,0,0,F20K,SCOWL60_STABLE_2020.12.07+WN3.1
14863,15167,stripper,-12.7103,1,1,0,0,N,0,0,,,,,0,0,F20K,SCOWL60_STABLE_2020.12.07+WN3.1
14864,15168,suffolk,-12.7103,0,0,0,0,,0,0,,,,,0,0,F20K,SCOWL60_STABLE_2020.12.07+WN3.1
14865,15169,surname,-12.7103,1,1,0,0,N,0,0,,,,,0,0,F20K,SCOWL60_STABLE_2020.12.07+WN3.1
14866,15170,sweaty,-12.7103,1,1,0,0,,1,0,,sweat,,,1,0,F20K,SCOWL60_STABLE_2020.12.07+WN3.1
14867,15171,syracuse,-12.7103,0,0,0,0,N,0,0,,,,,0,0,F20K,SCOWL60_STABLE_2020.12.07+WN3.1
14868,15172,tackling,-12.7103,1,0,1,0,,0,0,,,,,0,0,F20K,SCOWL60_STABLE_2020.12.07+WN3.1
14869,15173,tanner,-12.7103,1,1,0,0,N,0,0,,,,,0,0,F20K,SCOWL60_STABLE_2020.12.07+WN3.1
14870,15174,telegram,-12.7103,1,1,0,0,N,0,0,,,,,0,0,F20K,SCOWL60_STABLE_2020.12.07+WN3.1
14871,15175,texans,-12.7103,0,0,0,0,,0,0,,,,,0,0,F20K,SCOWL60_STABLE_2020.12.07+WN3.1
14872,15176,thorn,-12.7103,1,1,0,0,N,1,1,horn,,,thorns,1,1,F20K,SCOWL60_STABLE_2020.12.07+WN3.1
14873,15177,tides,-12.7103,1,0,1,0,,1,0,,tide,,,1,0,F20K,SCOWL60_STABLE_2020.12.07+WN3.1
14874,15178,timeless,-12.7103,1,1,0,0,ADJ,0,0,,,,,0,0,F20K,SCOWL60_STABLE_2020.12.07+WN3.1
14875,15179,tit,-12.7103,1,1,0,0,N,1,1,it,ti,,tits,2,1,F20K,SCOWL60_STABLE_2020.12.07+WN3.1
14876,15180,tp,-12.7103,0,0,0,0,,0,0,,,,,0,0,F20K,SCOWL60_STABLE_2020.12.07+WN3.1
14877,15181,tread,-12.7103,1,1,0,0,N|V,1,0,read,,,,1,0,F20K,SCOWL60_STABLE_2020.12.07+WN3.1
14878,15182,trustworthy,-12.7103,1,1,0,0,ADJ,0,0,,,,,0,0,F20K,SCOWL60_STABLE_2020.12.07+WN3.1
14879,15183,turbulence,-12.7103,1,1,0,0,N,0,0,,,,,0,0,F20K,SCOWL60_STABLE_2020.12.07+WN3.1
14880,15184,unmarried,-12.7103,1,1,0,0,ADJ,0,0,,,,,0,0,F20K,SCOWL60_STABLE_2020.12.07+WN3.1
14881,15186,vans,-12.7103,1,0,1,0,,1,0,ans,van,,,2,0,F20K,SCOWL60_STABLE_2020.12.07+WN3.1
14882,15187,wastes,-12.7103,1,0,1,0,,1,0,,waste,,,1,0,F20K,SCOWL60_STABLE_2020.12.07+WN3.1
14883,15188,weakening,-12.7103,1,0,1,0,N|ADJ,0,0,,,,,0,0,F20K,SCOWL60_STABLE_2020.12.07+WN3.1
14884,15189,weaving,-12.7103,1,1,1,0,N,0,0,,,,,0,0,F20K,SCOWL60_STABLE_2020.12.07+WN3.1
14885,15190,widening,-12.7103,1,0,1,0,N,0,0,,,,,0,0,F20K,SCOWL60_STABLE_2020.12.07+WN3.1
14886,15191,wr,-12.7103,0,0,0,0,,0,0,,,,,0,0,F20K,SCOWL60_STABLE_2020.12.07+WN3.1
14887,15192,wreckage,-12.7103,1,1,0,0,N,0,0,,,,,0,0,F20K,SCOWL60_STABLE_2020.12.07+WN3.1
14888,15193,xml,-12.7103,0,0,0,0,,0,0,,,,,0,0,F20K,SCOWL60_STABLE_2020.12.07+WN3.1
14889,15194,xv,-12.7103,1,1,0,0,N|ADJ,1,1,,,,xvi,0,1,F20K,SCOWL60_STABLE_2020.12.07+WN3.1
14890,15195,youthful,-12.7103,1,1,0,0,ADJ,0,0,,,,,0,0,F20K,SCOWL60_STABLE_2020.12.07+WN3.1
14891,15196,zambia,-12.7103,0,0,0,0,N,0,0,,,,,0,0,F20K,SCOWL60_STABLE_2020.12.07+WN3.1
14892,15198,aap,-12.7337,0,0,0,0,,0,0,,,,,0,0,F20K,SCOWL60_STABLE_2020.12.07+WN3.1
14893,15199,abortions,-12.7337,1,0,1,0,,1,0,,abortion,,,1,0,F20K,SCOWL60_STABLE_2020.12.07+WN3.1
14894,15200,aft,-12.7337,1,1,0,0,ADJ|ADV,1,1,ft,,raft;daft,,1,2,F20K,SCOWL60_STABLE_2020.12.07+WN3.1
14895,15201,ageing,-12.7337,0,0,0,0,N|ADJ,0,0,,,,,0,0,F20K,SCOWL60_STABLE_2020.12.07+WN3.1
14896,15202,ang,-12.7337,0,0,0,0,N,0,0,,,,,0,0,F20K,SCOWL60_STABLE_2020.12.07+WN3.1
14897,15203,antiquity,-12.7337,1,1,0,0,N,0,0,,,,,0,0,F20K,SCOWL60_STABLE_2020.12.07+WN3.1
14898,15204,ao,-12.7337,0,0,0,0,,0,0,,,,,0,0,F20K,SCOWL60_STABLE_2020.12.07+WN3.1
14899,15205,apprenticeship,-12.7337,1,1,0,0,N,0,0,,,,,0,0,F20K,SCOWL60_STABLE_2020.12.07+WN3.1
14900,15206,artificially,-12.7337,1,0,1,0,ADV,0,0,,,,,0,0,F20K,SCOWL60_STABLE_2020.12.07+WN3.1
14901,15207,asbestos,-12.7337,1,1,0,0,N,0,0,,,,,0,0,F20K,SCOWL60_STABLE_2020.12.07+WN3.1
14902,15208,aspire,-12.7337,1,1,0,0,V,0,0,,,,,0,0,F20K,SCOWL60_STABLE_2020.12.07+WN3.1
14903,15209,atp,-12.7337,0,0,0,0,N,0,0,,,,,0,0,F20K,SCOWL60_STABLE_2020.12.07+WN3.1
14904,15210,auditorium,-12.7337,1,1,0,0,N,0,0,,,,,0,0,F20K,SCOWL60_STABLE_2020.12.07+WN3.1
14905,15211,automobiles,-12.7337,1,0,1,0,,1,0,,automobile,,,1,0,F20K,SCOWL60_STABLE_2020.12.07+WN3.1
14906,15212,ava,-12.7337,0,0,0,0,,0,0,,,,,0,0,F20K,SCOWL60_STABLE_2020.12.07+WN3.1
14907,15213,avalanche,-12.7337,1,1,0,0,N|V,0,0,,,,,0,0,F20K,SCOWL60_STABLE_2020.12.07+WN3.1
14908,15214,bbq,-12.7337,0,0,0,0,,0,0,,,,,0,0,F20K,SCOWL60_STABLE_2020.12.07+WN3.1
14909,15215,becker,-12.7337,0,0,0,0,,0,0,,,,,0,0,F20K,SCOWL60_STABLE_2020.12.07+WN3.1
14910,15216,bert,-12.7337,0,0,0,0,,0,0,,,,,0,0,F20K,SCOWL60_STABLE_2020.12.07+WN3.1
14911,15217,binge,-12.7337,1,1,0,0,N|V,0,0,,,,,0,0,F20K,SCOWL60_STABLE_2020.12.07+WN3.1
14912,15218,blush,-12.7337,1,1,0,0,N|V,1,0,lush,,,,1,0,F20K,SCOWL60_STABLE_2020.12.07+WN3.1
14913,15219,bombings,-12.7337,1,0,1,0,,1,0,,bombing,,,1,0,F20K,SCOWL60_STABLE_2020.12.07+WN3.1
14914,15220,bribe,-12.7337,1,1,0,0,N|V,1,1,,,,bribes,0,1,F20K,SCOWL60_STABLE_2020.12.07+WN3.1
14915,15221,brow,-12.7337,1,1,0,0,N,1,1,row,bro,,brown;brows,2,2,F20K,SCOWL60_STABLE_2020.12.07+WN3.1
14916,15222,brushed,-12.7337,1,0,1,0,ADJ,1,0,rushed,,,,1,0,F20K,SCOWL60_STABLE_2020.12.07+WN3.1
14917,15223,burgess,-12.7337,0,0,0,0,N,0,0,,,,,0,0,F20K,SCOWL60_STABLE_2020.12.07+WN3.1
14918,15224,burner,-12.7337,1,1,1,0,N,0,0,,,,,0,0,F20K,SCOWL60_STABLE_2020.12.07+WN3.1
14919,15225,chilled,-12.7337,1,0,1,0,,0,0,,,,,0,0,F20K,SCOWL60_STABLE_2020.12.07+WN3.1
14920,15226,chords,-12.7337,1,0,1,0,,1,0,,chord,,,1,0,F20K,SCOWL60_STABLE_2020.12.07+WN3.1
14921,15227,clement,-12.7337,1,1,0,0,ADJ,0,0,,,,,0,0,F20K,SCOWL60_STABLE_2020.12.07+WN3.1
14922,15228,cn,-12.7337,0,0,0,0,,0,0,,,,,0,0,F20K,SCOWL60_STABLE_2020.12.07+WN3.1
14923,15229,como,-12.7337,0,0,0,0,,0,0,,,,,0,0,F20K,SCOWL60_STABLE_2020.12.07+WN3.1
14924,15230,competed,-12.7337,1,0,1,0,,1,0,,compete,,,1,0,F20K,SCOWL60_STABLE_2020.12.07+WN3.1
14925,15231,conducts,-12.7337,1,0,1,0,,1,0,,conduct,,,1,0,F20K,SCOWL60_STABLE_2020.12.07+WN3.1
14926,15232,consoles,-12.7337,1,0,1,0,,1,0,,console,,,1,0,F20K,SCOWL60_STABLE_2020.12.07+WN3.1
14927,15233,containment,-12.7337,1,1,1,0,N,0,0,,,,,0,0,F20K,SCOWL60_STABLE_2020.12.07+WN3.1
14928,15234,convened,-12.7337,1,0,1,0,,0,0,,,,,0,0,F20K,SCOWL60_STABLE_2020.12.07+WN3.1
14929,15235,conveyed,-12.7337,1,0,1,0,,0,0,,,,,0,0,F20K,SCOWL60_STABLE_2020.12.07+WN3.1
14930,15236,coughing,-12.7337,1,0,1,0,N,0,0,,,,,0,0,F20K,SCOWL60_STABLE_2020.12.07+WN3.1
14931,15237,cuff,-12.7337,1,1,0,0,N|V,0,0,,,,,0,0,F20K,SCOWL60_STABLE_2020.12.07+WN3.1
14932,15238,daft,-12.7337,1,1,0,0,ADJ,1,0,aft,,,,1,0,F20K,SCOWL60_STABLE_2020.12.07+WN3.1
14933,15239,dar,-12.7337,0,0,0,0,,0,0,,,,,0,0,F20K,SCOWL60_STABLE_2020.12.07+WN3.1
14934,15240,det,-12.7337,0,0,0,0,,0,0,,,,,0,0,F20K,SCOWL60_STABLE_2020.12.07+WN3.1
14935,15241,diligence,-12.7337,1,1,0,0,N,0,0,,,,,0,0,F20K,SCOWL60_STABLE_2020.12.07+WN3.1
14936,15242,dipped,-12.7337,1,1,0,0,ADJ,0,0,,,,,0,0,F20K,SCOWL60_STABLE_2020.12.07+WN3.1
14937,15243,divert,-12.7337,1,1,0,0,V,1,0,,diver,,,1,0,F20K,SCOWL60_STABLE_2020.12.07+WN3.1
14938,15244,divides,-12.7337,1,0,1,0,,1,0,,divide,,,1,0,F20K,SCOWL60_STABLE_2020.12.07+WN3.1
14939,15245,dp,-12.7337,0,0,0,0,N,0,0,,,,,0,0,F20K,SCOWL60_STABLE_2020.12.07+WN3.1
14940,15246,dunk,-12.7337,1,1,0,0,N|V,1,0,,dun,,,1,0,F20K,SCOWL60_STABLE_2020.12.07+WN3.1
14941,15247,eisenhower,-12.7337,0,0,0,0,N,0,0,,,,,0,0,F20K,SCOWL60_STABLE_2020.12.07+WN3.1
14942,15248,encompasses,-12.7337,1,0,1,0,,0,0,,,,,0,0,F20K,SCOWL60_STABLE_2020.12.07+WN3.1
14943,15249,erie,-12.7337,0,0,0,0,N,0,0,,,,,0,0,F20K,SCOWL60_STABLE_2020.12.07+WN3.1
14944,15250,eur,-12.7337,0,0,0,0,,0,0,,,,,0,0,F20K,SCOWL60_STABLE_2020.12.07+WN3.1
14945,15251,evaluations,-12.7337,1,0,1,0,,1,0,,evaluation,,,1,0,F20K,SCOWL60_STABLE_2020.12.07+WN3.1
14946,15252,excavation,-12.7337,1,1,1,0,N,1,1,,,,excavations,0,1,F20K,SCOWL60_STABLE_2020.12.07+WN3.1
14947,15253,famed,-12.7337,1,0,1,0,ADJ,1,0,,fame,,,1,0,F20K,SCOWL60_STABLE_2020.12.07+WN3.1
14948,15254,fargo,-12.7337,0,0,0,0,N,0,0,,,,,0,0,F20K,SCOWL60_STABLE_2020.12.07+WN3.1
14949,15255,fascination,-12.7337,1,1,1,0,N,0,0,,,,,0,0,F20K,SCOWL60_STABLE_2020.12.07+WN3.1
14950,15256,festive,-12.7337,1,1,1,0,ADJ,0,0,,,,,0,0,F20K,SCOWL60_STABLE_2020.12.07+WN3.1
14951,15257,festivities,-12.7337,1,0,1,0,,0,0,,,,,0,0,F20K,SCOWL60_STABLE_2020.12.07+WN3.1
14952,15258,fetish,-12.7337,1,1,0,0,N,0,0,,,,,0,0,F20K,SCOWL60_STABLE_2020.12.07+WN3.1
14953,15259,fielding,-12.7337,1,1,0,0,N,0,0,,,,,0,0,F20K,SCOWL60_STABLE_2020.12.07+WN3.1
14954,15260,flipping,-12.7337,1,1,0,0,,0,0,,,,,0,0,F20K,SCOWL60_STABLE_2020.12.07+WN3.1
14955,15261,formulas,-12.7337,1,0,1,0,,1,0,,formula,,,1,0,F20K,SCOWL60_STABLE_2020.12.07+WN3.1
14956,15262,freud,-12.7337,0,0,0,0,N,0,0,,,,,0,0,F20K,SCOWL60_STABLE_2020.12.07+WN3.1
14957,15263,frontal,-12.7337,1,1,0,0,N|ADJ,0,0,,,,,0,0,F20K,SCOWL60_STABLE_2020.12.07+WN3.1
14958,15264,fuckers,-12.7337,1,0,1,1,,1,0,,fucker,,,1,0,F20K,SCOWL60_STABLE_2020.12.07+WN3.1
14959,15265,fulfillment,-12.7337,1,1,1,0,N,0,0,,,,,0,0,F20K,SCOWL60_STABLE_2020.12.07+WN3.1
14960,15266,fungus,-12.7337,1,1,0,0,N,0,0,,,,,0,0,F20K,SCOWL60_STABLE_2020.12.07+WN3.1
14961,15267,gadgets,-12.7337,1,0,1,0,,1,0,,gadget,,,1,0,F20K,SCOWL60_STABLE_2020.12.07+WN3.1
14962,15268,gerrard,-12.7337,0,0,0,0,,0,0,,,,,0,0,F20K,SCOWL60_STABLE_2020.12.07+WN3.1
14963,15269,gloucester,-12.7337,0,0,0,0,N,0,0,,,,,0,0,F20K,SCOWL60_STABLE_2020.12.07+WN3.1
14964,15270,groundwater,-12.7337,1,1,0,0,,0,0,,,,,0,0,F20K,SCOWL60_STABLE_2020.12.07+WN3.1
14965,15271,hamburger,-12.7337,1,1,1,0,N,0,0,,,,,0,0,F20K,SCOWL60_STABLE_2020.12.07+WN3.1
14966,15272,harding,-12.7337,0,0,0,0,N,0,0,,,,,0,0,F20K,SCOWL60_STABLE_2020.12.07+WN3.1
14967,15273,harmed,-12.7337,1,1,1,0,,1,1,armed,,charmed,,1,1,F20K,SCOWL60_STABLE_2020.12.07+WN3.1
14968,15274,hayden,-12.7337,0,0,0,0,,0,0,,,,,0,0,F20K,SCOWL60_STABLE_2020.12.07+WN3.1
14969,15275,heed,-12.7337,1,1,0,0,N|V,0,0,,,,,0,0,F20K,SCOWL60_STABLE_2020.12.07+WN3.1
14970,15276,heterosexual,-12.7337,1,1,0,0,N|ADJ,0,0,,,,,0,0,F20K,SCOWL60_STABLE_2020.12.07+WN3.1
14971,15277,hinder,-12.7337,1,1,1,0,V|ADJ,0,0,,,,,0,0,F20K,SCOWL60_STABLE_2020.12.07+WN3.1
14972,15278,humphrey,-12.7337,0,0,0,0,,0,0,,,,,0,0,F20K,SCOWL60_STABLE_2020.12.07+WN3.1
14973,15279,imitation,-12.7337,1,1,1,0,N|ADJ,1,1,,,limitation,,0,1,F20K,SCOWL60_STABLE_2020.12.07+WN3.1
14974,15280,impartial,-12.7337,1,1,0,0,ADJ,0,0,,,,,0,0,F20K,SCOWL60_STABLE_2020.12.07+WN3.1
14975,15281,imperfect,-12.7337,1,1,0,0,N|ADJ,0,0,,,,,0,0,F20K,SCOWL60_STABLE_2020.12.07+WN3.1
14976,15282,implements,-12.7337,1,0,1,0,,1,0,,implement,,,1,0,F20K,SCOWL60_STABLE_2020.12.07+WN3.1
14977,15283,inadvertently,-12.7337,1,0,1,0,ADV,0,0,,,,,0,0,F20K,SCOWL60_STABLE_2020.12.07+WN3.1
14978,15284,indifferent,-12.7337,1,0,1,0,ADJ,0,0,,,,,0,0,F20K,SCOWL60_STABLE_2020.12.07+WN3.1
14979,15285,inexperienced,-12.7337,1,0,1,0,ADJ,0,0,,,,,0,0,F20K,SCOWL60_STABLE_2020.12.07+WN3.1
14980,15286,inflated,-12.7337,1,0,1,0,ADJ,0,0,,,,,0,0,F20K,SCOWL60_STABLE_2020.12.07+WN3.1
14981,15287,informant,-12.7337,1,1,0,0,N,1,1,,,,informants,0,1,F20K,SCOWL60_STABLE_2020.12.07+WN3.1
14982,15288,inscribed,-12.7337,1,0,1,0,ADJ,0,0,,,,,0,0,F20K,SCOWL60_STABLE_2020.12.07+WN3.1
14983,15289,insurgents,-12.7337,1,0,1,0,,1,0,,insurgent,,,1,0,F20K,SCOWL60_STABLE_2020.12.07+WN3.1
14984,15290,intending,-12.7337,1,0,1,0,,0,0,,,,,0,0,F20K,SCOWL60_STABLE_2020.12.07+WN3.1
14985,15291,intolerance,-12.7337,1,0,1,0,N,0,0,,,,,0,0,F20K,SCOWL60_STABLE_2020.12.07+WN3.1
14986,15292,intrinsic,-12.7337,1,1,0,0,ADJ,0,0,,,,,0,0,F20K,SCOWL60_STABLE_2020.12.07+WN3.1
14987,15293,invaders,-12.7337,1,0,1,0,,0,0,,,,,0,0,F20K,SCOWL60_STABLE_2020.12.07+WN3.1
14988,15294,johann,-12.7337,0,0,0,0,,0,0,,,,,0,0,F20K,SCOWL60_STABLE_2020.12.07+WN3.1
14989,15295,kc,-12.7337,1,1,0,0,N,0,0,,,,,0,0,F20K,SCOWL60_STABLE_2020.12.07+WN3.1
14990,15296,kuala,-12.7337,0,0,0,0,,0,0,,,,,0,0,F20K,SCOWL60_STABLE_2020.12.07+WN3.1
14991,15297,lagoon,-12.7337,1,1,0,0,N,0,0,,,,,0,0,F20K,SCOWL60_STABLE_2020.12.07+WN3.1
14992,15298,lamar,-12.7337,0,0,0,0,,0,0,,,,,0,0,F20K,SCOWL60_STABLE_2020.12.07+WN3.1
14993,15299,lettuce,-12.7337,1,1,0,0,N,0,0,,,,,0,0,F20K,SCOWL60_STABLE_2020.12.07+WN3.1
14994,15300,lexington,-12.7337,0,0,0,0,N,0,0,,,,,0,0,F20K,SCOWL60_STABLE_2020.12.07+WN3.1
14995,15301,lineage,-12.7337,1,1,0,0,N,0,0,,,,,0,0,F20K,SCOWL60_STABLE_2020.12.07+WN3.1
14996,15302,loaf,-12.7337,1,1,0,0,N|V,0,0,,,,,0,0,F20K,SCOWL60_STABLE_2020.12.07+WN3.1
14997,15303,lsu,-12.7337,0,0,0,0,,0,0,,,,,0,0,F20K,SCOWL60_STABLE_2020.12.07+WN3.1
14998,15305,mattered,-12.7337,1,0,1,0,,0,0,,,,,0,0,F20K,SCOWL60_STABLE_2020.12.07+WN3.1
14999,15306,mayors,-12.7337,1,0,1,0,,1,0,,mayor,,,1,0,F20K,SCOWL60_STABLE_2020.12.07+WN3.1
15000,15307,mckay,-12.7337,0,0,0,0,,0,0,,,,,0,0,F20K,SCOWL60_STABLE_2020.12.07+WN3.1