alpha_rank,source_rank,word,log_frequency,scowl60_admit,scowl_direct_headword,scowl_derived_form,scowl_nosuggest,wordnet_pos_direct,stage0_graph_member,stage0_seed_candidate,parent_L,parent_R,children_L,children_R,in_edge_count,out_edge_count,tier,gate_version
1,1,the,-2.8319,1,1,0,0,,1,1,he,,,they;them;then;thee,1,4,A500,SCOWL60_STABLE_2020.12.07+WN3.1
2,2,of,-3.5684,1,1,0,0,,1,1,,,,off,0,1,A500,SCOWL60_STABLE_2020.12.07+WN3.1
3,3,to,-3.5936,1,1,0,0,,1,1,,,,too;top;tom;toy;ton;toe;tow;tor,0,8,A500,SCOWL60_STABLE_2020.12.07+WN3.1
4,4,and,-3.6613,1,1,0,0,,1,1,,an,hand;land;band;sand;rand;wand,,1,6,A500,SCOWL60_STABLE_2020.12.07+WN3.1
5,5,a,-3.7766,1,1,0,0,N,1,1,,,la;ha;ya;ma;ca;pa;fa;ta;ea,as;at;an;am;ah;ad;ac;aw;ab;av;ax,0,20,A500,SCOWL60_STABLE_2020.12.07+WN3.1
6,6,in,-3.9373,1,1,0,0,N|ADJ|ADV,1,1,,i,win;sin;min;pin;bin;tin;din;fin;gin;kin;yin,inc;ink;inn;ins;int;ind,1,17,A500,SCOWL60_STABLE_2020.12.07+WN3.1
7,7,i,-4.3505,1,1,0,0,N|ADJ,1,1,,,ii;hi;mi;vi;xi;bi;pi;ti;oi,in;is;it;if;ii;id;iv;ix,0,17,A500,SCOWL60_STABLE_2020.12.07+WN3.1
8,8,is,-4.4654,1,0,1,0,,1,1,,i,his;dis;sis;cis;bis,,1,5,A500,SCOWL60_STABLE_2020.12.07+WN3.1
9,9,that,-4.5564,1,1,0,0,,1,0,hat,,,,1,0,A500,SCOWL60_STABLE_2020.12.07+WN3.1
10,10,for,-4.5854,1,1,0,0,,1,1,or,,,form;ford;fort;fork;fore,1,5,A500,SCOWL60_STABLE_2020.12.07+WN3.1
11,11,you,-4.6284,1,1,0,0,,1,1,,yo,,your,1,1,A500,SCOWL60_STABLE_2020.12.07+WN3.1
12,12,it,-4.6973,1,1,0,0,N,1,1,,i,hit;bit;sit;fit;kit;pit;lit;wit;tit,its,1,10,A500,SCOWL60_STABLE_2020.12.07+WN3.1
13,13,on,-4.7891,1,1,0,0,ADJ|ADV,1,1,,,son;non;won;don;con;ton;ion;hon,one,0,9,A500,SCOWL60_STABLE_2020.12.07+WN3.1
14,15,with,-4.9505,1,1,0,0,,1,0,,wit,,,1,0,A500,SCOWL60_STABLE_2020.12.07+WN3.1
15,16,was,-4.9733,1,1,0,0,,1,1,as,,,wash;wasp,1,2,A500,SCOWL60_STABLE_2020.12.07+WN3.1
16,17,be,-5.0656,1,1,0,0,N|V,1,1,,,,bed;bet;bee;beg;bey,0,5,A500,SCOWL60_STABLE_2020.12.07+WN3.1
17,18,this,-5.0656,1,1,0,0,,1,0,his,,,,1,0,A500,SCOWL60_STABLE_2020.12.07+WN3.1
18,19,as,-5.0881,1,0,1,0,N|ADV,1,1,,a,was;has;gas;pas;mas,ask;ass;ash,1,8,A500,SCOWL60_STABLE_2020.12.07+WN3.1
19,20,are,-5.203,1,1,0,0,N,1,1,re,,care;rare;dare;bare;fare;hare;mare;ware,area,1,9,A500,SCOWL60_STABLE_2020.12.07+WN3.1
20,21,not,-5.2726,1,1,0,0,ADV,1,1,,no,knot,note,1,2,A500,SCOWL60_STABLE_2020.12.07+WN3.1
21,22,have,-5.2963,1,1,0,0,N|V,1,1,ave,,shave,haven,1,2,A500,SCOWL60_STABLE_2020.12.07+WN3.1
22,23,at,-5.3185,1,1,0,0,N,1,1,,a,eat;fat;cat;sat;hat;bat;pat;rat;mat;vat;tat,ate,1,12,A500,SCOWL60_STABLE_2020.12.07+WN3.1
23,24,he,-5.3185,1,1,0,0,N,1,1,,,the;she,her;hey;hes;hen,0,6,A500,SCOWL60_STABLE_2020.12.07+WN3.1
24,25,by,-5.3412,1,1,0,0,ADV,1,1,,,,bye,0,1,A500,SCOWL60_STABLE_2020.12.07+WN3.1
25,26,from,-5.4561,1,1,0,0,,1,0,,fro,,,1,0,A500,SCOWL60_STABLE_2020.12.07+WN3.1
26,27,but,-5.4798,1,1,0,0,ADV,1,1,,bu,,butt,1,1,A500,SCOWL60_STABLE_2020.12.07+WN3.1
27,29,my,-5.6185,1,1,0,0,,0,0,,,,,0,0,A500,SCOWL60_STABLE_2020.12.07+WN3.1
28,30,an,-5.6408,1,1,0,0,N,1,1,,a,can;man;ran;fan;van;ban;pan;tan;wan,and;any;ant;ans,1,13,A500,SCOWL60_STABLE_2020.12.07+WN3.1
29,31,or,-5.6636,1,1,0,0,N,1,1,,,for;nor;tor;cor,ore;org,0,6,A500,SCOWL60_STABLE_2020.12.07+WN3.1
30,32,all,-5.7108,1,1,0,0,ADJ|ADV,1,1,ll,,call;fall;ball;wall;hall;tall;mall;gall,ally,1,9,A500,SCOWL60_STABLE_2020.12.07+WN3.1
31,33,his,-5.7108,1,0,1,0,,1,1,is,hi,this,,2,1,A500,SCOWL60_STABLE_2020.12.07+WN3.1
32,34,me,-5.7108,1,1,0,0,N,1,1,,,,men;met;med;meg;meh,0,5,A500,SCOWL60_STABLE_2020.12.07+WN3.1
33,35,they,-5.7322,1,1,0,0,,1,0,hey,the,,,2,0,A500,SCOWL60_STABLE_2020.12.07+WN3.1
34,36,so,-5.7572,1,1,0,0,N|ADV,1,1,,,,son;sol;soy;sow,0,4,A500,SCOWL60_STABLE_2020.12.07+WN3.1
35,37,we,-5.7572,1,1,0,0,,1,1,,,owe;awe,web;wet;wee;wed;wen,0,7,A500,SCOWL60_STABLE_2020.12.07+WN3.1
36,38,one,-5.8025,1,1,0,0,N|ADJ,1,1,,on,done;gone;none;zone;tone;bone;lone;cone,ones,1,9,A500,SCOWL60_STABLE_2020.12.07+WN3.1
37,39,your,-5.8025,1,1,0,0,,1,1,our,you,,yours,2,1,A500,SCOWL60_STABLE_2020.12.07+WN3.1
38,40,if,-5.826,1,1,0,0,,1,1,,i,,ifs,1,1,A500,SCOWL60_STABLE_2020.12.07+WN3.1
39,41,can,-5.871,1,1,0,0,N|V,1,1,an,ca,scan,cant;cane;cans,2,4,A500,SCOWL60_STABLE_2020.12.07+WN3.1
40,42,will,-5.871,1,1,0,0,N|V,1,1,ill,,,willy;wills,1,2,A500,SCOWL60_STABLE_2020.12.07+WN3.1
41,43,just,-5.9638,1,1,0,0,ADJ|ADV,0,0,,,,,0,0,A500,SCOWL60_STABLE_2020.12.07+WN3.1
42,44,like,-6.0117,1,1,0,0,N|V|ADJ,1,1,,,alike,liked;likes,0,3,A500,SCOWL60_STABLE_2020.12.07+WN3.1
43,45,about,-6.0323,1,1,0,0,ADJ|ADV,1,0,bout,,,,1,0,A500,SCOWL60_STABLE_2020.12.07+WN3.1
44,46,up,-6.0323,1,1,0,0,V|ADJ|ADV,1,1,,,cup;yup;pup;sup,ups,0,5,A500,SCOWL60_STABLE_2020.12.07+WN3.1
45,47,what,-6.0323,1,1,0,0,,1,1,hat,,,whats,1,1,A500,SCOWL60_STABLE_2020.12.07+WN3.1
46,48,do,-6.0576,1,1,0,0,N|V,1,1,,,,dog;don;doc;dot;dos;doe,0,6,A500,SCOWL60_STABLE_2020.12.07+WN3.1
47,49,has,-6.0576,1,0,1,0,,1,1,as,ha,,hash;hast,2,2,A500,SCOWL60_STABLE_2020.12.07+WN3.1
48,50,were,-6.0576,1,1,0,0,,0,0,,,,,0,0,A500,SCOWL60_STABLE_2020.12.07+WN3.1
49,51,no,-6.0792,1,1,0,0,N|ADJ|ADV,1,1,,,,not;now;non;nor;nos;nod,0,6,A500,SCOWL60_STABLE_2020.12.07+WN3.1
50,52,out,-6.0792,1,1,0,0,N|V|ADJ|ADV,1,1,,,bout;tout,outs,0,3,A500,SCOWL60_STABLE_2020.12.07+WN3.1
51,53,when,-6.0792,1,1,0,0,,1,0,hen,,,,1,0,A500,SCOWL60_STABLE_2020.12.07+WN3.1
52,54,more,-6.1013,1,1,0,0,N|ADJ|ADV,1,0,ore,,,,1,0,A500,SCOWL60_STABLE_2020.12.07+WN3.1
53,55,who,-6.1013,1,1,0,0,N,1,1,ho,,,whom;whoa,1,2,A500,SCOWL60_STABLE_2020.12.07+WN3.1
54,56,had,-6.1239,1,1,0,0,,1,1,ad,ha,chad,,2,1,A500,SCOWL60_STABLE_2020.12.07+WN3.1
55,57,their,-6.1239,1,1,0,0,,1,1,heir,,,theirs,1,1,A500,SCOWL60_STABLE_2020.12.07+WN3.1
56,58,which,-6.1239,1,1,0,0,,0,0,,,,,0,0,A500,SCOWL60_STABLE_2020.12.07+WN3.1
57,59,there,-6.1469,1,1,0,0,N|ADV,1,0,here,,,,1,0,A500,SCOWL60_STABLE_2020.12.07+WN3.1
58,60,been,-6.2607,1,1,0,0,,1,0,,bee,,,1,0,A500,SCOWL60_STABLE_2020.12.07+WN3.1
59,61,her,-6.2607,1,0,1,0,,1,1,er,he,,here;hero;hers;herd;herb,2,5,A500,SCOWL60_STABLE_2020.12.07+WN3.1
60,62,time,-6.2607,1,1,0,0,N|V,1,1,,,,times;timed;timer,0,3,A500,SCOWL60_STABLE_2020.12.07+WN3.1
61,64,would,-6.2872,1,1,0,0,,0,0,,,,,0,0,A500,SCOWL60_STABLE_2020.12.07+WN3.1
62,65,get,-6.3089,1,1,0,0,N|V,1,1,,,,gets,0,1,A500,SCOWL60_STABLE_2020.12.07+WN3.1
63,67,new,-6.3311,1,1,0,0,ADJ|ADV,1,1,,,knew;anew,news,0,3,A500,SCOWL60_STABLE_2020.12.07+WN3.1
64,69,she,-6.3539,1,1,0,0,,1,1,he,sh,,shed;shes,2,2,A500,SCOWL60_STABLE_2020.12.07+WN3.1
65,70,people,-6.3771,1,1,0,0,N|V,1,1,,,,peoples,0,1,A500,SCOWL60_STABLE_2020.12.07+WN3.1
66,72,its,-6.4253,1,0,1,0,,1,1,ts,it,hits;fits;bits;sits;tits;kits;pits;wits,,2,8,A500,SCOWL60_STABLE_2020.12.07+WN3.1
67,73,also,-6.4503,1,1,0,0,ADV,0,0,,,,,0,0,A500,SCOWL60_STABLE_2020.12.07+WN3.1
68,74,how,-6.4503,1,1,0,0,,1,1,ow,ho,show;chow,,2,2,A500,SCOWL60_STABLE_2020.12.07+WN3.1
69,75,some,-6.4695,1,1,0,0,ADJ|ADV,0,0,,,,,0,0,A500,SCOWL60_STABLE_2020.12.07+WN3.1
70,76,them,-6.4695,1,1,0,0,,1,1,,the,,theme,1,1,A500,SCOWL60_STABLE_2020.12.07+WN3.1
71,77,now,-6.4956,1,1,0,0,N|ADV,1,1,ow,no,know;snow,,2,2,A500,SCOWL60_STABLE_2020.12.07+WN3.1
72,78,other,-6.4956,1,1,0,0,ADJ,1,1,,,mother;bother,others,0,3,A500,SCOWL60_STABLE_2020.12.07+WN3.1
73,79,only,-6.5857,1,0,1,0,ADJ|ADV,0,0,,,,,0,0,A500,SCOWL60_STABLE_2020.12.07+WN3.1
74,80,than,-6.5857,1,1,0,0,,1,1,,,,thank,0,1,A500,SCOWL60_STABLE_2020.12.07+WN3.1
75,81,first,-6.6077,1,1,0,0,N|ADJ|ADV,0,0,,,,,0,0,A500,SCOWL60_STABLE_2020.12.07+WN3.1
76,82,good,-6.6301,1,1,0,0,N|ADJ|ADV,1,1,,goo,,goods,1,1,A500,SCOWL60_STABLE_2020.12.07+WN3.1
77,83,into,-6.6301,1,0,1,0,,1,0,,int,,,1,0,A500,SCOWL60_STABLE_2020.12.07+WN3.1
78,84,our,-6.6301,1,1,0,0,,1,1,,,your;four;hour;tour;pour;sour,ours,0,7,A500,SCOWL60_STABLE_2020.12.07+WN3.1
79,85,know,-6.6531,1,1,0,0,N|V,1,1,now,,,known;knows,1,2,A500,SCOWL60_STABLE_2020.12.07+WN3.1
80,86,see,-6.6531,1,1,0,0,N|V,1,1,,,,seen;seem;seek;sees;seed,0,5,A500,SCOWL60_STABLE_2020.12.07+WN3.1
81,87,two,-6.6531,1,1,0,0,N|ADJ,0,0,,,,,0,0,A500,SCOWL60_STABLE_2020.12.07+WN3.1
82,88,him,-6.6766,1,1,0,0,,1,0,,hi,,,1,0,A500,SCOWL60_STABLE_2020.12.07+WN3.1
83,89,after,-6.7254,1,0,1,0,ADJ|ADV,0,0,,,,,0,0,A500,SCOWL60_STABLE_2020.12.07+WN3.1
84,90,could,-6.7254,1,1,0,0,,0,0,,,,,0,0,A500,SCOWL60_STABLE_2020.12.07+WN3.1
85,91,then,-6.7508,1,1,0,0,N|ADJ|ADV,1,0,hen,the,,,2,0,A500,SCOWL60_STABLE_2020.12.07+WN3.1
86,92,over,-6.768,1,1,0,0,N|ADJ|ADV,1,1,,,cover;lover;rover;hover,overs;overt,0,6,A500,SCOWL60_STABLE_2020.12.07+WN3.1
87,93,these,-6.768,1,1,0,0,,1,1,,,,theses,0,1,A500,SCOWL60_STABLE_2020.12.07+WN3.1
88,94,think,-6.768,1,1,0,0,N|V,1,1,,thin,,thinks,1,1,A500,SCOWL60_STABLE_2020.12.07+WN3.1
89,95,go,-6.7944,1,1,0,0,N|V|ADJ,1,1,,,ago;ego,got;god;gov;goo,0,6,A500,SCOWL60_STABLE_2020.12.07+WN3.1
90,96,make,-6.7944,1,1,0,0,N|V,1,1,,,,makes;maker,0,2,A500,SCOWL60_STABLE_2020.12.07+WN3.1
91,97,any,-6.8124,1,1,0,0,ADJ|ADV,1,1,,an,many,,1,1,A500,SCOWL60_STABLE_2020.12.07+WN3.1
92,98,well,-6.8124,1,1,0,0,N|V|ADJ|ADV,1,1,,,dwell;swell,wells,0,3,A500,SCOWL60_STABLE_2020.12.07+WN3.1
93,99,back,-6.8401,1,1,0,0,N|V|ADJ|ADV,1,1,,,,backs,0,1,A500,SCOWL60_STABLE_2020.12.07+WN3.1
94,100,want,-6.8401,1,1,0,0,N|V,1,1,ant,wan,,wants,2,1,A500,SCOWL60_STABLE_2020.12.07+WN3.1
95,102,should,-6.859,1,1,0,0,,0,0,,,,,0,0,A500,SCOWL60_STABLE_2020.12.07+WN3.1
96,103,because,-6.888,1,1,0,0,,0,0,,,,,0,0,A500,SCOWL60_STABLE_2020.12.07+WN3.1
97,104,may,-6.888,1,1,0,0,N,1,1,,ma,,mayo,1,1,A500,SCOWL60_STABLE_2020.12.07+WN3.1
98,105,us,-6.888,1,0,1,0,N,1,1,,,bus,use,0,2,A500,SCOWL60_STABLE_2020.12.07+WN3.1
99,106,where,-6.888,1,1,0,0,,1,0,here,,,,1,0,A500,SCOWL60_STABLE_2020.12.07+WN3.1
100,107,most,-6.9078,1,1,0,0,ADJ|ADV,1,0,,mos,,,1,0,A500,SCOWL60_STABLE_2020.12.07+WN3.1
101,108,much,-6.9078,1,1,0,0,N|ADJ|ADV,0,0,,,,,0,0,A500,SCOWL60_STABLE_2020.12.07+WN3.1
102,109,way,-6.931,1,1,0,0,N|ADV,1,1,,,away;sway,ways,0,3,A500,SCOWL60_STABLE_2020.12.07+WN3.1
103,110,even,-6.9538,1,1,0,0,N|V|ADJ|ADV,1,1,,eve,seven,event,1,2,A500,SCOWL60_STABLE_2020.12.07+WN3.1
104,111,very,-6.9538,1,1,0,0,ADJ|ADV,1,1,,,every,,0,1,A500,SCOWL60_STABLE_2020.12.07+WN3.1
105,113,did,-6.9999,1,1,0,0,,1,0,id,,,,1,0,A500,SCOWL60_STABLE_2020.12.07+WN3.1
106,114,need,-6.9999,1,1,0,0,N|V,1,1,,,,needs;needy,0,2,A500,SCOWL60_STABLE_2020.12.07+WN3.1
107,115,right,-6.9999,1,1,0,0,N|V|ADJ|ADV,1,1,,,bright;wright;fright,rights,0,4,A500,SCOWL60_STABLE_2020.12.07+WN3.1
108,116,said,-6.9999,1,1,0,0,ADJ,1,0,aid,,,,1,0,A500,SCOWL60_STABLE_2020.12.07+WN3.1
109,117,too,-6.9999,1,1,0,0,ADV,1,1,,to,,took;tool,1,2,A500,SCOWL60_STABLE_2020.12.07+WN3.1
110,118,years,-6.9999,1,0,1,0,N,1,0,ears,year,,,2,0,A500,SCOWL60_STABLE_2020.12.07+WN3.1
111,119,work,-7.0232,1,1,0,0,N|V,1,1,,,,works,0,1,A500,SCOWL60_STABLE_2020.12.07+WN3.1
112,120,being,-7.0459,1,1,1,0,N,1,1,,,,beings,0,1,A500,SCOWL60_STABLE_2020.12.07+WN3.1
113,121,here,-7.0459,1,1,0,0,N|ADJ|ADV,1,1,,her,there;where,,1,2,A500,SCOWL60_STABLE_2020.12.07+WN3.1
114,122,before,-7.0691,1,1,0,0,ADV,0,0,,,,,0,0,A500,SCOWL60_STABLE_2020.12.07+WN3.1
115,123,day,-7.0691,1,1,0,0,N,1,1,,,,days,0,1,A500,SCOWL60_STABLE_2020.12.07+WN3.1
116,124,really,-7.0691,1,0,1,0,ADV,0,0,,,,,0,0,A500,SCOWL60_STABLE_2020.12.07+WN3.1
117,125,made,-7.0917,1,1,0,0,ADJ,1,0,,mad,,,1,0,A500,SCOWL60_STABLE_2020.12.07+WN3.1
118,126,many,-7.0917,1,1,0,0,ADJ,1,0,any,man,,,2,0,A500,SCOWL60_STABLE_2020.12.07+WN3.1
119,127,world,-7.0917,1,1,0,0,N|ADJ,1,1,,,,worlds,0,1,A500,SCOWL60_STABLE_2020.12.07+WN3.1
120,128,year,-7.0917,1,1,0,0,N,1,1,ear,yea,,years,2,1,A500,SCOWL60_STABLE_2020.12.07+WN3.1
121,129,going,-7.1148,1,1,1,0,N|ADJ,0,0,,,,,0,0,A500,SCOWL60_STABLE_2020.12.07+WN3.1
122,130,off,-7.1148,1,1,0,0,V|ADJ|ADV,1,1,ff,of,,offs,2,1,A500,SCOWL60_STABLE_2020.12.07+WN3.1
123,131,still,-7.1148,1,1,0,0,N|V|ADJ|ADV,1,0,till,,,,1,0,A500,SCOWL60_STABLE_2020.12.07+WN3.1
124,132,take,-7.1148,1,1,0,0,N|V,1,1,,,stake,taken;takes,0,3,A500,SCOWL60_STABLE_2020.12.07+WN3.1
125,133,those,-7.1148,1,1,0,0,,1,0,hose,,,,1,0,A500,SCOWL60_STABLE_2020.12.07+WN3.1
126,134,why,-7.1148,1,1,0,0,N,0,0,,,,,0,0,A500,SCOWL60_STABLE_2020.12.07+WN3.1
127,135,never,-7.1384,1,1,0,0,ADV,1,0,ever,,,,1,0,A500,SCOWL60_STABLE_2020.12.07+WN3.1
128,136,got,-7.1614,1,1,0,0,,1,0,,go,,,1,0,A500,SCOWL60_STABLE_2020.12.07+WN3.1
129,137,life,-7.1614,1,1,0,0,N,0,0,,,,,0,0,A500,SCOWL60_STABLE_2020.12.07+WN3.1
130,138,say,-7.1614,1,1,0,0,N|V,1,1,,,,says,0,1,A500,SCOWL60_STABLE_2020.12.07+WN3.1
131,139,such,-7.1614,1,1,0,0,ADJ|ADV,0,0,,,,,0,0,A500,SCOWL60_STABLE_2020.12.07+WN3.1
132,140,through,-7.1614,1,1,0,0,ADJ|ADV,0,0,,,,,0,0,A500,SCOWL60_STABLE_2020.12.07+WN3.1
133,142,down,-7.2075,1,1,0,0,N|V|ADJ|ADV,1,1,own,,,downs,1,1,A500,SCOWL60_STABLE_2020.12.07+WN3.1
134,144,great,-7.2531,1,1,0,0,N|ADJ,0,0,,,,,0,0,A500,SCOWL60_STABLE_2020.12.07+WN3.1
135,145,last,-7.2759,1,1,0,0,N|V|ADJ|ADV,1,1,,,blast,lasts,0,2,A500,SCOWL60_STABLE_2020.12.07+WN3.1
136,146,man,-7.2759,1,1,0,0,N|V,1,1,an,ma,,many;mans;mane,2,3,A500,SCOWL60_STABLE_2020.12.07+WN3.1
137,147,while,-7.2759,1,1,0,0,N,1,1,,,awhile,,0,1,A500,SCOWL60_STABLE_2020.12.07+WN3.1
138,148,use,-7.2993,1,1,0,0,N|V,1,1,,us,fuse;muse,used;uses;user,1,5,A500,SCOWL60_STABLE_2020.12.07+WN3.1
139,149,between,-7.3218,1,1,0,0,ADV,0,0,,,,,0,0,A500,SCOWL60_STABLE_2020.12.07+WN3.1
140,150,used,-7.3218,1,1,1,0,ADJ,1,1,,use,fused,,1,1,A500,SCOWL60_STABLE_2020.12.07+WN3.1
141,151,long,-7.3447,1,1,0,0,V|ADJ|ADV,1,1,,,along,,0,1,A500,SCOWL60_STABLE_2020.12.07+WN3.1
142,152,same,-7.3447,1,1,0,0,N|ADJ,0,0,,,,,0,0,A500,SCOWL60_STABLE_2020.12.07+WN3.1
143,154,three,-7.3682,1,1,0,0,N|ADJ,0,0,,,,,0,0,A500,SCOWL60_STABLE_2020.12.07+WN3.1
144,155,both,-7.3906,1,1,0,0,ADJ,1,0,,bot,,,1,0,A500,SCOWL60_STABLE_2020.12.07+WN3.1
145,157,part,-7.3906,1,1,0,0,N|V|ADV,1,1,art,par,apart,party;parts,2,3,A500,SCOWL60_STABLE_2020.12.07+WN3.1
146,158,something,-7.3906,1,1,0,0,,0,0,,,,,0,0,A500,SCOWL60_STABLE_2020.12.07+WN3.1
147,159,am,-7.4136,1,1,0,0,N,1,1,,a,jam;ram;ham;dam;cam;lam,amp,1,7,A500,SCOWL60_STABLE_2020.12.07+WN3.1
148,160,best,-7.4136,1,1,1,0,N|V|ADJ|ADV,1,0,est,,,,1,0,A500,SCOWL60_STABLE_2020.12.07+WN3.1
149,161,come,-7.4136,1,1,0,0,N|V,1,1,,com,,comes;comet,1,2,A500,SCOWL60_STABLE_2020.12.07+WN3.1
150,162,love,-7.4136,1,1,0,0,N|V,1,1,,,glove,loved;loves;lover,0,4,A500,SCOWL60_STABLE_2020.12.07+WN3.1
151,163,under,-7.4136,1,1,0,0,ADJ|ADV,0,0,,,,,0,0,A500,SCOWL60_STABLE_2020.12.07+WN3.1
152,164,look,-7.4371,1,1,0,0,N|V,1,1,,,,looks,0,1,A500,SCOWL60_STABLE_2020.12.07+WN3.1
153,165,since,-7.4371,1,1,0,0,,0,0,,,,,0,0,A500,SCOWL60_STABLE_2020.12.07+WN3.1
154,167,does,-7.4611,1,1,1,0,,1,0,,doe,,,1,0,A500,SCOWL60_STABLE_2020.12.07+WN3.1
155,168,every,-7.4611,1,1,0,0,ADJ,1,0,very,ever,,,2,0,A500,SCOWL60_STABLE_2020.12.07+WN3.1
156,169,must,-7.4611,1,1,0,0,N|ADJ,0,0,,,,,0,0,A500,SCOWL60_STABLE_2020.12.07+WN3.1
157,170,always,-7.484,1,1,0,0,ADV,0,0,,,,,0,0,A500,SCOWL60_STABLE_2020.12.07+WN3.1
158,171,better,-7.484,1,1,0,0,N|V|ADJ|ADV,0,0,,,,,0,0,A500,SCOWL60_STABLE_2020.12.07+WN3.1
159,172,little,-7.484,1,1,0,0,N|ADJ|ADV,0,0,,,,,0,0,A500,SCOWL60_STABLE_2020.12.07+WN3.1
160,173,old,-7.484,1,1,0,0,N|ADJ,1,1,,,told;hold;gold;cold;sold;bold;fold;mold,,0,8,A500,SCOWL60_STABLE_2020.12.07+WN3.1
161,174,another,-7.5056,1,1,0,0,ADJ,0,0,,,,,0,0,A500,SCOWL60_STABLE_2020.12.07+WN3.1
162,175,during,-7.5056,1,1,0,0,,0,0,,,,,0,0,A500,SCOWL60_STABLE_2020.12.07+WN3.1
163,176,find,-7.5056,1,1,0,0,N|V,1,1,ind,fin,,finds,2,1,A500,SCOWL60_STABLE_2020.12.07+WN3.1
164,177,high,-7.5056,1,1,0,0,N|ADJ|ADV,1,1,,,thigh,highs,0,2,A500,SCOWL60_STABLE_2020.12.07+WN3.1
165,178,home,-7.5056,1,1,0,0,N|V|ADJ|ADV,1,1,,,,homes;homer,0,2,A500,SCOWL60_STABLE_2020.12.07+WN3.1
166,179,place,-7.5056,1,1,0,0,N|V,1,1,lace,,,places;placed,1,2,A500,SCOWL60_STABLE_2020.12.07+WN3.1
167,181,around,-7.5295,1,1,0,0,ADV,1,0,round,,,,1,0,A500,SCOWL60_STABLE_2020.12.07+WN3.1
168,182,own,-7.5521,1,1,0,0,V|ADJ,1,1,,ow,down;town;gown,owns,1,4,A500,SCOWL60_STABLE_2020.12.07+WN3.1
169,183,state,-7.5521,1,1,0,0,N|V,1,1,,stat,estate,states;stated,1,3,A500,SCOWL60_STABLE_2020.12.07+WN3.1
170,184,each,-7.5752,1,1,0,0,ADJ|ADV,1,1,,,reach;beach;teach;peach,,0,4,A500,SCOWL60_STABLE_2020.12.07+WN3.1
171,185,give,-7.5752,1,1,1,0,N|V,1,1,,,,given;gives,0,2,A500,SCOWL60_STABLE_2020.12.07+WN3.1
172,186,help,-7.5752,1,1,0,0,N|V,1,1,,,,helps,0,1,A500,SCOWL60_STABLE_2020.12.07+WN3.1
173,187,s,-7.5752,0,1,0,0,N,0,0,,,,,0,0,A500,SCOWL60_STABLE_2020.12.07+WN3.1
174,188,things,-7.5752,1,0,1,0,N,1,0,,thing,,,1,0,A500,SCOWL60_STABLE_2020.12.07+WN3.1
175,189,again,-7.5989,1,1,0,0,ADV,1,0,gain,,,,1,0,A500,SCOWL60_STABLE_2020.12.07+WN3.1
176,190,against,-7.5989,1,1,0,0,,0,0,,,,,0,0,A500,SCOWL60_STABLE_2020.12.07+WN3.1
177,191,found,-7.5989,1,1,0,0,N|V|ADJ,0,0,,,,,0,0,A500,SCOWL60_STABLE_2020.12.07+WN3.1
178,192,game,-7.5989,1,1,0,0,N|V|ADJ,1,1,,,,games;gamer,0,2,A500,SCOWL60_STABLE_2020.12.07+WN3.1
179,194,school,-7.5989,1,1,0,0,N|V,1,1,,,,schools,0,1,A500,SCOWL60_STABLE_2020.12.07+WN3.1
180,195,without,-7.5989,1,1,0,0,,0,0,,,,,0,0,A500,SCOWL60_STABLE_2020.12.07+WN3.1
181,196,end,-7.6211,1,1,0,0,N|V,1,1,,en,send;tend;bend;lend;mend,ends,1,6,A500,SCOWL60_STABLE_2020.12.07+WN3.1
182,197,thing,-7.6211,1,1,1,0,N,1,1,,thin,,things,1,1,A500,SCOWL60_STABLE_2020.12.07+WN3.1
183,198,government,-7.6438,1,1,1,0,N,1,1,,,,governments,0,1,A500,SCOWL60_STABLE_2020.12.07+WN3.1
184,199,house,-7.6438,1,1,0,0,N|V,1,1,,,,houses;housed,0,2,A500,SCOWL60_STABLE_2020.12.07+WN3.1
185,200,next,-7.6438,1,1,0,0,ADJ|ADV,0,0,,,,,0,0,A500,SCOWL60_STABLE_2020.12.07+WN3.1
186,201,please,-7.6438,1,1,0,0,V|ADV,1,1,lease,pleas,,pleased;pleases,2,2,A500,SCOWL60_STABLE_2020.12.07+WN3.1
187,202,god,-7.667,1,1,0,0,N,1,1,,go,,gods,1,1,A500,SCOWL60_STABLE_2020.12.07+WN3.1
188,203,ever,-7.713,1,1,0,0,ADV,1,1,,eve,never;fever;lever,every,1,4,A500,SCOWL60_STABLE_2020.12.07+WN3.1
189,204,family,-7.713,1,1,0,0,N,0,0,,,,,0,0,A500,SCOWL60_STABLE_2020.12.07+WN3.1
190,205,feel,-7.713,1,1,0,0,N|V,1,1,,fee,,feels,1,1,A500,SCOWL60_STABLE_2020.12.07+WN3.1
191,206,might,-7.713,1,1,0,0,N,1,1,,,,mighty,0,1,A500,SCOWL60_STABLE_2020.12.07+WN3.1
192,207,put,-7.713,1,1,0,0,N|V,1,1,,,,puts,0,1,A500,SCOWL60_STABLE_2020.12.07+WN3.1
193,208,however,-7.7356,1,1,0,0,ADV,0,0,,,,,0,0,A500,SCOWL60_STABLE_2020.12.07+WN3.1
194,209,name,-7.7356,1,1,0,0,N|V,1,1,,,,names;named,0,2,A500,SCOWL60_STABLE_2020.12.07+WN3.1
195,210,number,-7.7356,1,1,1,0,N|V,1,1,,,,numbers,0,1,A500,SCOWL60_STABLE_2020.12.07+WN3.1
196,211,second,-7.7356,1,1,0,0,N|V|ADJ|ADV,1,1,,,,seconds,0,1,A500,SCOWL60_STABLE_2020.12.07+WN3.1
197,212,show,-7.7356,1,1,0,0,N|V,1,1,how,,,shows;shown,1,2,A500,SCOWL60_STABLE_2020.12.07+WN3.1
198,214,left,-7.7587,1,1,0,0,N|ADJ|ADV,0,0,,,,,0,0,A500,SCOWL60_STABLE_2020.12.07+WN3.1
199,215,big,-7.7824,1,1,0,0,ADJ|ADV,1,0,,bi,,,1,0,A500,SCOWL60_STABLE_2020.12.07+WN3.1
200,217,keep,-7.7824,1,1,0,0,N|V,1,1,,,,keeps,0,1,A500,SCOWL60_STABLE_2020.12.07+WN3.1
201,218,night,-7.7824,1,1,0,0,N,1,1,,,knight,nights,0,2,A500,SCOWL60_STABLE_2020.12.07+WN3.1
202,219,sure,-7.7824,1,1,0,0,ADJ|ADV,0,0,,,,,0,0,A500,SCOWL60_STABLE_2020.12.07+WN3.1
203,221,set,-7.8067,1,1,0,0,N|V|ADJ,1,1,,,,sets,0,1,A500,SCOWL60_STABLE_2020.12.07+WN3.1
204,222,team,-7.8067,1,1,0,0,N|V,1,1,,tea,steam,teams,1,2,A500,SCOWL60_STABLE_2020.12.07+WN3.1
205,223,until,-7.8067,1,1,0,0,,0,0,,,,,0,0,A500,SCOWL60_STABLE_2020.12.07+WN3.1
206,224,away,-7.8291,1,1,0,0,ADJ|ADV,1,0,way,,,,1,0,A500,SCOWL60_STABLE_2020.12.07+WN3.1
207,225,called,-7.8291,1,1,1,0,,0,0,,,,,0,0,A500,SCOWL60_STABLE_2020.12.07+WN3.1
208,226,case,-7.8291,1,1,0,0,N|V,1,1,,,,cases,0,1,A500,SCOWL60_STABLE_2020.12.07+WN3.1
209,227,days,-7.8291,1,0,1,0,N,1,0,,day,,,1,0,A500,SCOWL60_STABLE_2020.12.07+WN3.1
210,228,different,-7.8291,1,1,0,0,ADJ,0,0,,,,,0,0,A500,SCOWL60_STABLE_2020.12.07+WN3.1
211,229,group,-7.8291,1,1,0,0,N|V,1,1,,,,groups,0,1,A500,SCOWL60_STABLE_2020.12.07+WN3.1
212,230,money,-7.8291,1,1,0,0,N,0,0,,,,,0,0,A500,SCOWL60_STABLE_2020.12.07+WN3.1
213,231,let,-7.8519,1,1,0,0,N|V,1,1,,,,lets,0,1,A500,SCOWL60_STABLE_2020.12.07+WN3.1
214,232,someone,-7.8519,1,1,0,0,N,0,0,,,,,0,0,A500,SCOWL60_STABLE_2020.12.07+WN3.1
215,233,thought,-7.8519,1,1,0,0,N,1,1,,though,,thoughts,1,1,A500,SCOWL60_STABLE_2020.12.07+WN3.1
216,234,already,-7.8753,1,1,0,0,ADV,0,0,,,,,0,0,A500,SCOWL60_STABLE_2020.12.07+WN3.1
217,235,city,-7.8753,1,1,0,0,N,0,0,,,,,0,0,A500,SCOWL60_STABLE_2020.12.07+WN3.1
218,236,mr,-7.8753,0,0,0,0,N,0,0,,,,,0,0,A500,SCOWL60_STABLE_2020.12.07+WN3.1
219,237,play,-7.8753,1,1,0,0,N|V,1,1,lay,,,plays,1,1,A500,SCOWL60_STABLE_2020.12.07+WN3.1
220,238,public,-7.8753,1,1,0,0,N|ADJ,0,0,,,,,0,0,A500,SCOWL60_STABLE_2020.12.07+WN3.1
221,239,system,-7.8753,1,1,0,0,N,1,1,,,,systems,0,1,A500,SCOWL60_STABLE_2020.12.07+WN3.1
222,240,doing,-7.8966,1,1,1,0,,0,0,,,,,0,0,A500,SCOWL60_STABLE_2020.12.07+WN3.1
223,241,done,-7.8966,1,1,0,0,ADJ,1,0,one,don,,,2,0,A500,SCOWL60_STABLE_2020.12.07+WN3.1
224,242,few,-7.8966,1,1,0,0,N|ADJ,0,0,,,,,0,0,A500,SCOWL60_STABLE_2020.12.07+WN3.1
225,243,national,-7.8966,1,1,0,0,N|ADJ,1,1,,,,nationals,0,1,A500,SCOWL60_STABLE_2020.12.07+WN3.1
226,244,real,-7.8966,1,1,0,0,N|ADJ|ADV,1,1,,,,realm,0,1,A500,SCOWL60_STABLE_2020.12.07+WN3.1
227,245,free,-7.9211,1,1,0,0,N|V|ADJ|ADV,1,1,,,,freed,0,1,A500,SCOWL60_STABLE_2020.12.07+WN3.1
228,246,having,-7.9211,1,0,1,0,,1,1,,,shaving,,0,1,A500,SCOWL60_STABLE_2020.12.07+WN3.1
229,247,person,-7.9211,1,1,0,0,N,1,1,,,,persons;persona,0,2,A500,SCOWL60_STABLE_2020.12.07+WN3.1
230,248,change,-7.9434,1,1,0,0,N|V,1,1,,,,changes;changed;changer,0,3,A500,SCOWL60_STABLE_2020.12.07+WN3.1
231,249,de,-7.9434,0,0,0,0,N,0,0,,,,,0,0,A500,SCOWL60_STABLE_2020.12.07+WN3.1
232,250,general,-7.9434,1,1,0,0,N|V|ADJ,1,1,,genera,,generals,1,1,A500,SCOWL60_STABLE_2020.12.07+WN3.1
233,251,lot,-7.9434,1,1,0,0,N|V,1,1,,lo,plot;slot,lots,1,3,A500,SCOWL60_STABLE_2020.12.07+WN3.1
234,252,point,-7.9434,1,1,0,0,N|V,1,1,,,,points,0,1,A500,SCOWL60_STABLE_2020.12.07+WN3.1
235,253,times,-7.9434,1,0,1,0,N,1,0,,time,,,1,0,A500,SCOWL60_STABLE_2020.12.07+WN3.1
236,254,women,-7.9434,1,1,0,0,,0,0,,,,,0,0,A500,SCOWL60_STABLE_2020.12.07+WN3.1
237,255,yet,-7.9434,1,1,0,0,ADV,1,0,,ye,,,1,0,A500,SCOWL60_STABLE_2020.12.07+WN3.1
238,257,anything,-7.9662,1,1,0,0,,0,0,,,,,0,0,A500,SCOWL60_STABLE_2020.12.07+WN3.1
239,258,care,-7.9662,1,1,0,0,N|V,1,1,are,car,scare,cares;cared,2,3,A500,SCOWL60_STABLE_2020.12.07+WN3.1
240,259,d,-7.9662,0,1,0,0,N|ADJ,0,0,,,,,0,0,A500,SCOWL60_STABLE_2020.12.07+WN3.1
241,260,four,-7.9662,1,1,0,0,N|ADJ,1,0,our,,,,1,0,A500,SCOWL60_STABLE_2020.12.07+WN3.1
242,261,including,-7.9662,1,0,1,0,,0,0,,,,,0,0,A500,SCOWL60_STABLE_2020.12.07+WN3.1
243,262,nothing,-7.9662,1,1,0,0,N|ADV,0,0,,,,,0,0,A500,SCOWL60_STABLE_2020.12.07+WN3.1
244,263,today,-7.9662,1,1,0,0,N|ADV,0,0,,,,,0,0,A500,SCOWL60_STABLE_2020.12.07+WN3.1
245,264,water,-7.9662,1,1,0,0,N|V,1,1,,,,waters,0,1,A500,SCOWL60_STABLE_2020.12.07+WN3.1
246,265,bad,-7.9895,1,1,0,0,N|ADJ|ADV,1,0,ad,,,,1,0,A500,SCOWL60_STABLE_2020.12.07+WN3.1
247,266,business,-7.9895,1,1,1,0,N,0,0,,,,,0,0,A500,SCOWL60_STABLE_2020.12.07+WN3.1
248,267,children,-7.9895,1,1,0,0,,0,0,,,,,0,0,A500,SCOWL60_STABLE_2020.12.07+WN3.1
249,268,company,-7.9895,1,1,0,0,N|V,0,0,,,,,0,0,A500,SCOWL60_STABLE_2020.12.07+WN3.1
250,269,everything,-7.9895,1,1,0,0,,0,0,,,,,0,0,A500,SCOWL60_STABLE_2020.12.07+WN3.1
251,270,live,-7.9895,1,1,0,0,V|ADJ|ADV,1,1,,,alive;olive,lives;lived;liver,0,5,A500,SCOWL60_STABLE_2020.12.07+WN3.1
252,271,mean,-7.9895,1,1,0,0,N|V|ADJ,1,1,,,,means;meant,0,2,A500,SCOWL60_STABLE_2020.12.07+WN3.1
253,272,once,-7.9895,1,1,0,0,ADV,0,0,,,,,0,0,A500,SCOWL60_STABLE_2020.12.07+WN3.1
254,273,power,-7.9895,1,1,0,0,N|V,1,1,,,,powers,0,1,A500,SCOWL60_STABLE_2020.12.07+WN3.1
255,274,thanks,-7.9895,1,0,1,0,N,1,0,,thank,,,1,0,A500,SCOWL60_STABLE_2020.12.07+WN3.1
256,275,told,-7.9895,1,1,0,0,,1,0,old,,,,1,0,A500,SCOWL60_STABLE_2020.12.07+WN3.1
257,276,came,-8.0134,1,1,0,0,,1,1,,cam,,camel;cameo,1,2,A500,SCOWL60_STABLE_2020.12.07+WN3.1
258,277,country,-8.0134,1,1,0,0,N,0,0,,,,,0,0,A500,SCOWL60_STABLE_2020.12.07+WN3.1
259,278,enough,-8.0134,1,1,0,0,N|ADJ|ADV,0,0,,,,,0,0,A500,SCOWL60_STABLE_2020.12.07+WN3.1
260,279,following,-8.0134,1,1,1,0,N|ADJ,0,0,,,,,0,0,A500,SCOWL60_STABLE_2020.12.07+WN3.1
261,280,getting,-8.0134,1,1,0,0,N,0,0,,,,,0,0,A500,SCOWL60_STABLE_2020.12.07+WN3.1
262,281,head,-8.0134,1,1,0,0,N|V,1,1,,,ahead,heads,0,2,A500,SCOWL60_STABLE_2020.12.07+WN3.1
263,282,later,-8.0134,1,0,1,0,ADJ|ADV,1,0,,late,,,1,0,A500,SCOWL60_STABLE_2020.12.07+WN3.1
264,283,looking,-8.0134,1,0,1,0,N|ADJ,0,0,,,,,0,0,A500,SCOWL60_STABLE_2020.12.07+WN3.1
265,284,seen,-8.0134,1,1,0,0,,1,0,,see,,,1,0,A500,SCOWL60_STABLE_2020.12.07+WN3.1
266,285,small,-8.0134,1,1,0,0,N|ADJ|ADV,1,0,mall,,,,1,0,A500,SCOWL60_STABLE_2020.12.07+WN3.1
267,286,start,-8.0134,1,1,0,0,N|V,1,1,tart,star,,starts,2,1,A500,SCOWL60_STABLE_2020.12.07+WN3.1
268,287,tell,-8.0134,1,1,0,0,N|V,1,1,,tel,,tells,1,1,A500,SCOWL60_STABLE_2020.12.07+WN3.1
269,288,took,-8.0134,1,1,0,0,,1,0,,too,,,1,0,A500,SCOWL60_STABLE_2020.12.07+WN3.1
270,289,top,-8.0134,1,1,0,0,N|V|ADJ,1,1,op,to,stop;atop,tops,2,3,A500,SCOWL60_STABLE_2020.12.07+WN3.1
271,290,went,-8.0134,1,1,0,0,,1,0,,wen,,,1,0,A500,SCOWL60_STABLE_2020.12.07+WN3.1
272,291,based,-8.0348,1,0,1,0,ADJ,1,0,,base,,,1,0,A500,SCOWL60_STABLE_2020.12.07+WN3.1
273,292,far,-8.0348,1,1,0,0,N|ADJ|ADV,1,1,,fa,afar,farm;fare;fart,1,4,A500,SCOWL60_STABLE_2020.12.07+WN3.1
274,293,law,-8.0348,1,1,0,0,N,1,1,aw,la,flaw;claw,laws;lawn,2,4,A500,SCOWL60_STABLE_2020.12.07+WN3.1
275,294,less,-8.0348,1,1,0,0,ADJ|ADV,1,1,,,bless,,0,1,A500,SCOWL60_STABLE_2020.12.07+WN3.1
276,295,making,-8.0348,1,1,1,0,N,0,0,,,,,0,0,A500,SCOWL60_STABLE_2020.12.07+WN3.1
277,296,music,-8.0348,1,1,0,0,N,0,0,,,,,0,0,A500,SCOWL60_STABLE_2020.12.07+WN3.1
278,297,order,-8.0348,1,1,0,0,N|V,1,1,,,border,orders,0,2,A500,SCOWL60_STABLE_2020.12.07+WN3.1
279,298,party,-8.0348,1,1,0,0,N|V,1,0,,part,,,1,0,A500,SCOWL60_STABLE_2020.12.07+WN3.1
280,299,states,-8.0348,1,0,1,0,,1,1,,state,estates,,1,1,A500,SCOWL60_STABLE_2020.12.07+WN3.1
281,300,though,-8.0348,1,1,0,0,ADV,1,1,,,,thought,0,1,A500,SCOWL60_STABLE_2020.12.07+WN3.1
282,301,week,-8.0348,1,1,0,0,N,1,1,,wee,,weeks,1,1,A500,SCOWL60_STABLE_2020.12.07+WN3.1
283,302,call,-8.0598,1,1,0,0,N|V,1,1,all,cal,,calls,2,1,A500,SCOWL60_STABLE_2020.12.07+WN3.1
284,303,full,-8.0598,1,1,0,0,N|V|ADJ|ADV,1,1,,,,fully,0,1,A500,SCOWL60_STABLE_2020.12.07+WN3.1
285,304,hard,-8.0598,1,1,0,0,ADJ|ADV,1,1,,,,hardy,0,1,A500,SCOWL60_STABLE_2020.12.07+WN3.1
286,305,men,-8.0598,1,1,0,0,N,1,1,en,me,amen,menu;mend,2,3,A500,SCOWL60_STABLE_2020.12.07+WN3.1
287,306,war,-8.0598,1,1,0,0,N|V,1,1,,,,warm;wars;ward;warn;warp;wary;ware,0,7,A500,SCOWL60_STABLE_2020.12.07+WN3.1
288,307,yes,-8.0598,1,1,1,0,N,1,1,es,ye,eyes;dyes,,2,2,A500,SCOWL60_STABLE_2020.12.07+WN3.1
289,310,read,-8.0822,1,1,0,0,N|V,1,1,,,bread;dread;tread,ready;reads,0,5,A500,SCOWL60_STABLE_2020.12.07+WN3.1
290,311,side,-8.0822,1,1,0,0,N|V|ADJ,1,1,,,aside,sides;sided,0,3,A500,SCOWL60_STABLE_2020.12.07+WN3.1
291,312,stop,-8.0822,1,1,0,0,N|V,1,1,top,,,stops,1,1,A500,SCOWL60_STABLE_2020.12.07+WN3.1
292,313,support,-8.0822,1,1,0,0,N|V,1,1,,,,supports,0,1,A500,SCOWL60_STABLE_2020.12.07+WN3.1
293,314,thank,-8.0822,1,1,0,0,V,1,1,hank,than,,thanks,2,1,A500,SCOWL60_STABLE_2020.12.07+WN3.1
294,315,believe,-8.1051,1,1,0,0,V,1,1,,,,believed;believes;believer,0,3,A500,SCOWL60_STABLE_2020.12.07+WN3.1
295,316,line,-8.1051,1,1,0,0,N|V,1,1,,,,lines;lined;liner;linen,0,4,A500,SCOWL60_STABLE_2020.12.07+WN3.1
296,317,oh,-8.1051,1,1,0,0,N,1,1,,,ooh,,0,1,A500,SCOWL60_STABLE_2020.12.07+WN3.1
297,318,open,-8.1051,1,1,0,0,N|V|ADJ,1,1,pen,,,opens,1,1,A500,SCOWL60_STABLE_2020.12.07+WN3.1
298,319,area,-8.1285,1,1,0,0,N,1,1,,are,,areas,1,1,A500,SCOWL60_STABLE_2020.12.07+WN3.1
299,322,important,-8.1285,1,1,0,0,ADJ,0,0,,,,,0,0,A500,SCOWL60_STABLE_2020.12.07+WN3.1
300,323,run,-8.1285,1,1,0,0,N|V,1,1,,,,runs,0,1,A500,SCOWL60_STABLE_2020.12.07+WN3.1
301,324,using,-8.1285,1,0,1,0,N,1,0,sing,,,,1,0,A500,SCOWL60_STABLE_2020.12.07+WN3.1
302,325,whole,-8.1285,1,1,0,0,N|ADJ|ADV,1,0,hole,,,,1,0,A500,SCOWL60_STABLE_2020.12.07+WN3.1
303,326,five,-8.1526,1,1,1,0,N|ADJ,0,0,,,,,0,0,A500,SCOWL60_STABLE_2020.12.07+WN3.1
304,327,international,-8.1526,1,1,0,0,N|ADJ,0,0,,,,,0,0,A500,SCOWL60_STABLE_2020.12.07+WN3.1
305,328,try,-8.1526,1,1,0,0,N|V,1,0,,tr,,,1,0,A500,SCOWL60_STABLE_2020.12.07+WN3.1
306,329,white,-8.1526,1,1,0,0,N|V|ADJ,1,1,,,,whites,0,1,A500,SCOWL60_STABLE_2020.12.07+WN3.1
307,330,course,-8.1736,1,1,0,0,N|V|ADV,1,1,,,,courses,0,1,A500,SCOWL60_STABLE_2020.12.07+WN3.1
308,331,early,-8.1736,1,1,1,0,ADJ|ADV,1,1,,earl,nearly;yearly;dearly,,1,3,A500,SCOWL60_STABLE_2020.12.07+WN3.1
309,332,face,-8.1736,1,1,0,0,N|V,1,1,ace,,,faces;faced,1,2,A500,SCOWL60_STABLE_2020.12.07+WN3.1
310,333,given,-8.1736,1,1,0,0,N|ADJ,1,0,,give,,,1,0,A500,SCOWL60_STABLE_2020.12.07+WN3.1
311,334,job,-8.1736,1,1,0,0,N|V,1,1,ob,,,jobs,1,1,A500,SCOWL60_STABLE_2020.12.07+WN3.1
312,335,means,-8.1736,1,0,1,0,N,1,0,,mean,,,1,0,A500,SCOWL60_STABLE_2020.12.07+WN3.1
313,336,says,-8.1736,1,0,1,0,,1,0,,say,,,1,0,A500,SCOWL60_STABLE_2020.12.07+WN3.1
314,337,social,-8.1736,1,1,0,0,N|ADJ,0,0,,,,,0,0,A500,SCOWL60_STABLE_2020.12.07+WN3.1
315,339,together,-8.1736,1,1,0,0,ADJ|ADV,0,0,,,,,0,0,A500,SCOWL60_STABLE_2020.12.07+WN3.1
316,340,united,-8.1736,1,0,1,0,ADJ,1,0,,unite,,,1,0,A500,SCOWL60_STABLE_2020.12.07+WN3.1
317,341,within,-8.1736,1,1,0,0,ADV,0,0,,,,,0,0,A500,SCOWL60_STABLE_2020.12.07+WN3.1
318,342,working,-8.1736,1,0,1,0,N|ADJ,1,1,,,,workings,0,1,A500,SCOWL60_STABLE_2020.12.07+WN3.1
319,343,young,-8.1736,1,1,0,0,N|ADJ,0,0,,,,,0,0,A500,SCOWL60_STABLE_2020.12.07+WN3.1
320,344,actually,-8.1987,1,0,1,0,ADV,0,0,,,,,0,0,A500,SCOWL60_STABLE_2020.12.07+WN3.1
321,345,american,-8.1987,0,0,0,0,N|ADJ,0,0,,,,,0,0,A500,SCOWL60_STABLE_2020.12.07+WN3.1
322,346,black,-8.1987,1,1,0,0,N|V|ADJ,1,1,lack,,,blacks,1,1,A500,SCOWL60_STABLE_2020.12.07+WN3.1
323,347,kind,-8.1987,1,1,0,0,N|ADJ,1,1,ind,kin,,kinda;kinds,2,2,A500,SCOWL60_STABLE_2020.12.07+WN3.1
324,348,mind,-8.1987,1,1,0,0,N|V,1,1,ind,min,,minds,2,1,A500,SCOWL60_STABLE_2020.12.07+WN3.1
325,349,fact,-8.2208,1,1,0,0,N,1,1,act,,,facts,1,1,A500,SCOWL60_STABLE_2020.12.07+WN3.1
326,350,least,-8.2208,1,1,0,0,N|ADJ|ADV,1,0,east,,,,1,0,A500,SCOWL60_STABLE_2020.12.07+WN3.1
327,351,makes,-8.2208,1,0,1,0,,1,0,,make,,,1,0,A500,SCOWL60_STABLE_2020.12.07+WN3.1
328,352,per,-8.2208,1,0,1,0,,1,0,er,,,,1,0,A500,SCOWL60_STABLE_2020.12.07+WN3.1
329,353,service,-8.2208,1,1,0,0,N|V,1,1,,,,services,0,1,A500,SCOWL60_STABLE_2020.12.07+WN3.1
330,354,shit,-8.2208,1,1,0,1,N|V,1,1,hit,,,shits,1,1,A500,SCOWL60_STABLE_2020.12.07+WN3.1
331,355,trying,-8.2208,1,1,1,0,ADJ,0,0,,,,,0,0,A500,SCOWL60_STABLE_2020.12.07+WN3.1
332,357,able,-8.2434,1,1,0,0,ADJ,1,1,,,table;cable,,0,2,A500,SCOWL60_STABLE_2020.12.07+WN3.1
333,358,become,-8.2434,1,1,0,0,V,1,1,,,,becomes,0,1,A500,SCOWL60_STABLE_2020.12.07+WN3.1
334,359,car,-8.2434,1,1,0,0,N,1,1,,ca,scar,care;card;cars;cart,1,5,A500,SCOWL60_STABLE_2020.12.07+WN3.1
335,360,death,-8.2434,1,1,0,0,N,1,1,,,,deaths,0,1,A500,SCOWL60_STABLE_2020.12.07+WN3.1
336,361,everyone,-8.2434,1,1,0,0,,0,0,,,,,0,0,A500,SCOWL60_STABLE_2020.12.07+WN3.1
337,362,food,-8.2434,1,1,0,0,N,1,1,,foo,,foods,1,1,A500,SCOWL60_STABLE_2020.12.07+WN3.1
338,363,information,-8.2434,1,1,0,0,N,0,0,,,,,0,0,A500,SCOWL60_STABLE_2020.12.07+WN3.1
339,364,level,-8.2434,1,1,0,0,N|V|ADJ,1,1,,,,levels,0,1,A500,SCOWL60_STABLE_2020.12.07+WN3.1
340,365,local,-8.2434,1,1,0,0,N|ADJ,1,1,,,,locals,0,1,A500,SCOWL60_STABLE_2020.12.07+WN3.1
341,366,often,-8.2434,1,1,0,0,ADV,1,1,,,soften,,0,1,A500,SCOWL60_STABLE_2020.12.07+WN3.1
342,367,others,-8.2434,1,0,1,0,,1,1,,other,mothers;bothers,,1,2,A500,SCOWL60_STABLE_2020.12.07+WN3.1
343,368,several,-8.2434,1,1,0,0,ADJ,0,0,,,,,0,0,A500,SCOWL60_STABLE_2020.12.07+WN3.1
344,369,true,-8.2434,1,1,0,0,N|V|ADJ|ADV,1,0,rue,,,,1,0,A500,SCOWL60_STABLE_2020.12.07+WN3.1
345,370,control,-8.2664,1,1,0,0,N|V,1,1,,,,controls,0,1,A500,SCOWL60_STABLE_2020.12.07+WN3.1
346,371,friends,-8.2664,1,0,1,0,,1,0,,friend,,,1,0,A500,SCOWL60_STABLE_2020.12.07+WN3.1
347,372,games,-8.2664,1,0,1,0,,1,0,,game,,,1,0,A500,SCOWL60_STABLE_2020.12.07+WN3.1
348,373,half,-8.2664,1,1,0,0,N|ADJ|ADV,0,0,,,,,0,0,A500,SCOWL60_STABLE_2020.12.07+WN3.1
349,374,maybe,-8.2664,1,1,0,0,ADV,0,0,,,,,0,0,A500,SCOWL60_STABLE_2020.12.07+WN3.1
350,375,news,-8.2664,1,1,1,0,N,1,0,,new,,,1,0,A500,SCOWL60_STABLE_2020.12.07+WN3.1
351,376,problem,-8.2664,1,1,0,0,N,1,1,,,,problems,0,1,A500,SCOWL60_STABLE_2020.12.07+WN3.1
352,377,air,-8.2901,1,1,0,0,N|V,1,1,,,hair;fair;pair;lair,airs,0,5,A500,SCOWL60_STABLE_2020.12.07+WN3.1
353,378,b,-8.2901,0,1,0,0,N,0,0,,,,,0,0,A500,SCOWL60_STABLE_2020.12.07+WN3.1
354,379,body,-8.2901,1,1,0,0,N|V,0,0,,,,,0,0,A500,SCOWL60_STABLE_2020.12.07+WN3.1
355,380,book,-8.2901,1,1,0,0,N|V,1,1,,boo,,books,1,1,A500,SCOWL60_STABLE_2020.12.07+WN3.1
356,381,guys,-8.2901,1,0,1,0,,1,0,,guy,,,1,0,A500,SCOWL60_STABLE_2020.12.07+WN3.1
357,382,hand,-8.2901,1,1,0,0,N|V,1,1,and,,,hands;handy,1,2,A500,SCOWL60_STABLE_2020.12.07+WN3.1
358,383,health,-8.2901,1,1,1,0,N,1,1,,,,healthy,0,1,A500,SCOWL60_STABLE_2020.12.07+WN3.1
359,384,hope,-8.2901,1,1,0,0,N|V,1,1,,hop,,hopes;hoped,1,2,A500,SCOWL60_STABLE_2020.12.07+WN3.1
360,385,human,-8.2901,1,1,0,0,N|ADJ,1,1,,,,humans;humane,0,2,A500,SCOWL60_STABLE_2020.12.07+WN3.1
361,386,known,-8.2901,1,1,0,0,ADJ,1,0,,know,,,1,0,A500,SCOWL60_STABLE_2020.12.07+WN3.1
362,387,large,-8.2901,1,1,0,0,N|ADJ|ADV,1,1,,,,larger,0,1,A500,SCOWL60_STABLE_2020.12.07+WN3.1
363,388,m,-8.2901,0,1,0,0,N|ADJ,0,0,,,,,0,0,A500,SCOWL60_STABLE_2020.12.07+WN3.1
364,389,president,-8.2901,1,1,0,0,N,1,1,resident,,,presidents,1,1,A500,SCOWL60_STABLE_2020.12.07+WN3.1
365,390,talk,-8.2901,1,1,0,0,N|V,1,1,,,stalk,talks,0,2,A500,SCOWL60_STABLE_2020.12.07+WN3.1
366,391,almost,-8.3143,1,1,0,0,ADV,0,0,,,,,0,0,A500,SCOWL60_STABLE_2020.12.07+WN3.1
367,392,court,-8.3143,1,1,0,0,N|V,1,1,,,,courts,0,1,A500,SCOWL60_STABLE_2020.12.07+WN3.1
368,393,friend,-8.3143,1,1,0,0,N,1,1,,,,friends,0,1,A500,SCOWL60_STABLE_2020.12.07+WN3.1
369,394,history,-8.3143,1,1,0,0,N,0,0,,,,,0,0,A500,SCOWL60_STABLE_2020.12.07+WN3.1
370,395,hours,-8.3143,1,0,1,0,N,1,0,ours,hour,,,2,0,A500,SCOWL60_STABLE_2020.12.07+WN3.1
371,396,lost,-8.3143,1,1,0,0,N|ADJ,0,0,,,,,0,0,A500,SCOWL60_STABLE_2020.12.07+WN3.1
372,397,members,-8.3143,1,0,1,0,,1,0,,member,,,1,0,A500,SCOWL60_STABLE_2020.12.07+WN3.1
373,398,possible,-8.3143,1,1,0,0,N|ADJ,0,0,,,,,0,0,A500,SCOWL60_STABLE_2020.12.07+WN3.1
374,399,season,-8.3143,1,1,0,0,N|V,1,1,,,,seasons,0,1,A500,SCOWL60_STABLE_2020.12.07+WN3.1
375,400,south,-8.3143,1,1,1,0,N|ADJ|ADV,0,0,,,,,0,0,A500,SCOWL60_STABLE_2020.12.07+WN3.1
376,401,story,-8.3143,1,1,0,0,N,0,0,,,,,0,0,A500,SCOWL60_STABLE_2020.12.07+WN3.1
377,402,video,-8.3143,1,1,0,0,N,1,1,,,,videos,0,1,A500,SCOWL60_STABLE_2020.12.07+WN3.1
378,403,yeah,-8.3143,1,1,0,0,ADV,1,0,,yea,,,1,0,A500,SCOWL60_STABLE_2020.12.07+WN3.1
379,404,among,-8.3349,1,1,0,0,,0,0,,,,,0,0,A500,SCOWL60_STABLE_2020.12.07+WN3.1
380,405,class,-8.3349,1,1,0,0,N|V,1,1,,,,classy,0,1,A500,SCOWL60_STABLE_2020.12.07+WN3.1
381,406,else,-8.3349,1,1,0,0,,0,0,,,,,0,0,A500,SCOWL60_STABLE_2020.12.07+WN3.1
382,407,girl,-8.3349,1,1,0,0,N,1,1,,,,girls,0,1,A500,SCOWL60_STABLE_2020.12.07+WN3.1
383,408,nice,-8.3349,1,1,0,0,N|ADJ,1,1,ice,,,nicer,1,1,A500,SCOWL60_STABLE_2020.12.07+WN3.1
384,409,t,-8.3349,0,1,0,0,N,0,0,,,,,0,0,A500,SCOWL60_STABLE_2020.12.07+WN3.1
385,410,taking,-8.3349,1,1,0,0,N|ADJ,0,0,,,,,0,0,A500,SCOWL60_STABLE_2020.12.07+WN3.1
386,411,wrong,-8.3349,1,1,0,0,N|V|ADJ|ADV,1,1,,,,wrongs,0,1,A500,SCOWL60_STABLE_2020.12.07+WN3.1
387,414,act,-8.3602,1,1,0,0,N|V,1,1,ct,ac,fact;pact,acts,2,3,A500,SCOWL60_STABLE_2020.12.07+WN3.1
388,415,ago,-8.3602,1,1,0,0,ADJ|ADV,1,0,go,,,,1,0,A500,SCOWL60_STABLE_2020.12.07+WN3.1
389,416,c,-8.3602,0,1,0,0,N|ADJ,0,0,,,,,0,0,A500,SCOWL60_STABLE_2020.12.07+WN3.1
390,417,close,-8.3602,1,1,0,0,N|V|ADJ|ADV,1,1,lose,,,closed;closer;closet;closes,1,4,A500,SCOWL60_STABLE_2020.12.07+WN3.1
391,418,coming,-8.3602,1,1,1,0,N|ADJ,0,0,,,,,0,0,A500,SCOWL60_STABLE_2020.12.07+WN3.1
392,419,guy,-8.3602,1,1,0,0,N|V,1,1,,,,guys,0,1,A500,SCOWL60_STABLE_2020.12.07+WN3.1
393,420,matter,-8.3602,1,1,1,0,N|V,1,1,,matte,,matters,1,1,A500,SCOWL60_STABLE_2020.12.07+WN3.1
394,421,office,-8.3602,1,1,0,0,N,1,1,,,,officer;offices,0,2,A500,SCOWL60_STABLE_2020.12.07+WN3.1
395,422,political,-8.3602,1,1,0,0,ADJ,0,0,,,,,0,0,A500,SCOWL60_STABLE_2020.12.07+WN3.1
396,423,question,-8.3602,1,1,0,0,N|V,1,1,,,,questions,0,1,A500,SCOWL60_STABLE_2020.12.07+WN3.1
397,424,room,-8.3602,1,1,0,0,N|V,1,1,,,groom;broom,rooms,0,3,A500,SCOWL60_STABLE_2020.12.07+WN3.1
398,425,single,-8.3602,1,1,0,0,N|V|ADJ,1,1,,,,singles;singled,0,2,A500,SCOWL60_STABLE_2020.12.07+WN3.1
399,426,taken,-8.3602,1,1,0,0,ADJ,1,0,,take,,,1,0,A500,SCOWL60_STABLE_2020.12.07+WN3.1
400,427,wait,-8.3602,1,1,0,0,N|V,1,1,,,await,waits,0,2,A500,SCOWL60_STABLE_2020.12.07+WN3.1
401,429,along,-8.3818,1,1,0,0,ADV,1,0,long,,,,1,0,A500,SCOWL60_STABLE_2020.12.07+WN3.1
402,430,although,-8.3818,1,1,0,0,,0,0,,,,,0,0,A500,SCOWL60_STABLE_2020.12.07+WN3.1
403,431,cause,-8.3818,1,1,0,0,N|V,1,1,,,,caused;causes,0,2,A500,SCOWL60_STABLE_2020.12.07+WN3.1
404,432,late,-8.3818,1,1,0,0,ADJ|ADV,1,1,ate,,plate;slate,later;latex,1,4,A500,SCOWL60_STABLE_2020.12.07+WN3.1
405,433,remember,-8.3818,1,1,1,0,V,1,1,,,,remembers,0,1,A500,SCOWL60_STABLE_2020.12.07+WN3.1
406,434,saw,-8.3818,1,1,0,0,N|V,1,0,aw,,,,1,0,A500,SCOWL60_STABLE_2020.12.07+WN3.1
407,437,ask,-8.4039,1,1,0,0,V,1,1,,as,task;mask,asks,1,3,A500,SCOWL60_STABLE_2020.12.07+WN3.1
408,438,example,-8.4039,1,1,0,0,N,1,1,,,,examples,0,1,A500,SCOWL60_STABLE_2020.12.07+WN3.1
409,439,form,-8.4039,1,1,0,0,N|V,1,1,,for,,forms,1,1,A500,SCOWL60_STABLE_2020.12.07+WN3.1
410,441,john,-8.4039,1,1,0,0,N,1,1,,,,johns,0,1,A500,SCOWL60_STABLE_2020.12.07+WN3.1
411,442,pay,-8.4039,1,1,0,0,N|V,1,1,,pa,,pays,1,1,A500,SCOWL60_STABLE_2020.12.07+WN3.1
412,443,post,-8.4039,1,1,0,0,N|V,1,1,,,,posts,0,1,A500,SCOWL60_STABLE_2020.12.07+WN3.1
413,444,research,-8.4039,1,0,1,0,N|V,0,0,,,,,0,0,A500,SCOWL60_STABLE_2020.12.07+WN3.1
414,445,saying,-8.4039,1,1,1,0,N,0,0,,,,,0,0,A500,SCOWL60_STABLE_2020.12.07+WN3.1
415,446,understand,-8.4039,1,1,0,0,V,1,1,,,,understands,0,1,A500,SCOWL60_STABLE_2020.12.07+WN3.1
416,447,university,-8.4039,1,1,0,0,N,0,0,,,,,0,0,A500,SCOWL60_STABLE_2020.12.07+WN3.1
417,448,according,-8.4264,1,1,1,0,ADJ,0,0,,,,,0,0,A500,SCOWL60_STABLE_2020.12.07+WN3.1
418,449,due,-8.4264,1,1,0,0,N|ADJ|ADV,1,1,,,,duel;dues;duet,0,3,A500,SCOWL60_STABLE_2020.12.07+WN3.1
419,450,either,-8.4264,1,1,0,0,ADV,1,1,,,neither,,0,1,A500,SCOWL60_STABLE_2020.12.07+WN3.1
420,451,fuck,-8.4264,1,1,0,1,N|V,1,1,,,,fucks,0,1,A500,SCOWL60_STABLE_2020.12.07+WN3.1
421,452,hit,-8.4264,1,1,0,0,N|V,1,1,it,hi,shit,hits,2,2,A500,SCOWL60_STABLE_2020.12.07+WN3.1
422,453,idea,-8.4264,1,1,0,0,N,1,1,,,,ideas;ideal,0,2,A500,SCOWL60_STABLE_2020.12.07+WN3.1
423,454,million,-8.4264,1,1,0,0,N|ADJ,1,1,,,,millions,0,1,A500,SCOWL60_STABLE_2020.12.07+WN3.1
424,455,months,-8.4264,1,1,0,0,,1,0,,month,,,1,0,A500,SCOWL60_STABLE_2020.12.07+WN3.1
425,456,needs,-8.4264,1,0,1,0,ADV,1,0,,need,,,1,0,A500,SCOWL60_STABLE_2020.12.07+WN3.1
426,457,past,-8.4264,1,1,0,0,N|ADJ|ADV,1,1,,pas,,pasta;paste,1,2,A500,SCOWL60_STABLE_2020.12.07+WN3.1
427,458,playing,-8.4264,1,0,1,0,N,1,0,laying,,,,1,0,A500,SCOWL60_STABLE_2020.12.07+WN3.1
428,459,pretty,-8.4264,1,1,0,0,ADJ|ADV,0,0,,,,,0,0,A500,SCOWL60_STABLE_2020.12.07+WN3.1
429,460,probably,-8.4264,1,1,0,0,ADV,0,0,,,,,0,0,A500,SCOWL60_STABLE_2020.12.07+WN3.1
430,461,rather,-8.4264,1,1,0,0,ADV,0,0,,,,,0,0,A500,SCOWL60_STABLE_2020.12.07+WN3.1
431,462,soon,-8.4264,1,1,0,0,ADV,0,0,,,,,0,0,A500,SCOWL60_STABLE_2020.12.07+WN3.1
432,463,turn,-8.4264,1,1,0,0,N|V,1,1,,,,turns,0,1,A500,SCOWL60_STABLE_2020.12.07+WN3.1
433,464,whether,-8.4264,1,1,0,0,,0,0,,,,,0,0,A500,SCOWL60_STABLE_2020.12.07+WN3.1
434,465,win,-8.4264,1,1,0,0,N|V,1,1,in,,twin,wind;wine;wins;wing;wink,1,6,A500,SCOWL60_STABLE_2020.12.07+WN3.1
435,466,age,-8.4495,1,1,0,0,N|V,1,1,,,page;wage;rage;cage;sage,ages;aged,0,7,A500,SCOWL60_STABLE_2020.12.07+WN3.1
436,467,anyone,-8.4495,1,1,0,0,,0,0,,,,,0,0,A500,SCOWL60_STABLE_2020.12.07+WN3.1
437,468,community,-8.4495,1,1,0,0,N,0,0,,,,,0,0,A500,SCOWL60_STABLE_2020.12.07+WN3.1
438,469,development,-8.4495,1,1,1,0,N,1,1,,,,developments,0,1,A500,SCOWL60_STABLE_2020.12.07+WN3.1
439,470,further,-8.4495,1,1,0,0,V|ADJ|ADV,0,0,,,,,0,0,A500,SCOWL60_STABLE_2020.12.07+WN3.1
440,471,future,-8.4495,1,1,0,0,N|ADJ,1,1,,,,futures,0,1,A500,SCOWL60_STABLE_2020.12.07+WN3.1
441,472,heart,-8.4495,1,1,0,0,N,1,1,,hear,,hearts;hearty,1,2,A500,SCOWL60_STABLE_2020.12.07+WN3.1
442,473,leave,-8.4495,1,1,0,0,N|V,1,1,,,,leaves,0,1,A500,SCOWL60_STABLE_2020.12.07+WN3.1
443,474,light,-8.4495,1,1,0,0,N|V|ADJ|ADV,1,1,,,flight;slight;plight,lights,0,4,A500,SCOWL60_STABLE_2020.12.07+WN3.1
444,475,major,-8.4495,1,1,0,0,N|V|ADJ,1,1,,,,majors,0,1,A500,SCOWL60_STABLE_2020.12.07+WN3.1
445,476,minutes,-8.4495,1,0,1,0,N,1,0,,minute,,,1,0,A500,SCOWL60_STABLE_2020.12.07+WN3.1
446,477,morning,-8.4495,1,1,1,0,N,1,1,,,,mornings,0,1,A500,SCOWL60_STABLE_2020.12.07+WN3.1
447,478,north,-8.4495,1,1,0,0,N|ADJ|ADV,0,0,,,,,0,0,A500,SCOWL60_STABLE_2020.12.07+WN3.1
448,479,started,-8.4495,1,0,1,0,,0,0,,,,,0,0,A500,SCOWL60_STABLE_2020.12.07+WN3.1
449,480,york,-8.4495,0,0,0,0,N,0,0,,,,,0,0,A500,SCOWL60_STABLE_2020.12.07+WN3.1
450,481,action,-8.4732,1,1,0,0,N|V,1,1,,,faction,actions,0,2,A500,SCOWL60_STABLE_2020.12.07+WN3.1
451,482,child,-8.4732,1,1,0,0,N,0,0,,,,,0,0,A500,SCOWL60_STABLE_2020.12.07+WN3.1
452,483,e,-8.4732,0,1,0,0,N,0,0,,,,,0,0,A500,SCOWL60_STABLE_2020.12.07+WN3.1
453,484,father,-8.4732,1,1,0,0,N|V,1,1,,,,fathers,0,1,A500,SCOWL60_STABLE_2020.12.07+WN3.1
454,485,gonna,-8.4732,1,1,0,0,,0,0,,,,,0,0,A500,SCOWL60_STABLE_2020.12.07+WN3.1
455,487,low,-8.4732,1,1,0,0,N|V|ADJ|ADV,1,1,ow,lo,slow;flow;blow;glow,lows,2,5,A500,SCOWL60_STABLE_2020.12.07+WN3.1
456,488,move,-8.4732,1,1,0,0,N|V,1,1,,,,moved;moves,0,2,A500,SCOWL60_STABLE_2020.12.07+WN3.1
457,489,police,-8.4732,1,1,0,0,N|V,0,0,,,,,0,0,A500,SCOWL60_STABLE_2020.12.07+WN3.1
458,490,r,-8.4732,0,1,0,0,N,0,0,,,,,0,0,A500,SCOWL60_STABLE_2020.12.07+WN3.1
459,491,special,-8.4732,1,1,0,0,N|ADJ,1,1,,,,specials,0,1,A500,SCOWL60_STABLE_2020.12.07+WN3.1
460,492,third,-8.4732,1,1,0,0,N|ADJ|ADV,1,1,,,,thirds,0,1,A500,SCOWL60_STABLE_2020.12.07+WN3.1
461,493,wanted,-8.4732,1,1,1,0,ADJ,0,0,,,,,0,0,A500,SCOWL60_STABLE_2020.12.07+WN3.1
462,494,woman,-8.4732,1,1,0,0,N,0,0,,,,,0,0,A500,SCOWL60_STABLE_2020.12.07+WN3.1
463,495,comes,-8.4974,1,0,1,0,,1,0,,come,,,1,0,A500,SCOWL60_STABLE_2020.12.07+WN3.1
464,496,data,-8.4974,1,1,0,0,N,0,0,,,,,0,0,A500,SCOWL60_STABLE_2020.12.07+WN3.1
465,497,happy,-8.4974,1,1,0,0,ADJ,0,0,,,,,0,0,A500,SCOWL60_STABLE_2020.12.07+WN3.1
466,498,living,-8.4974,1,1,1,0,N|ADJ,0,0,,,,,0,0,A500,SCOWL60_STABLE_2020.12.07+WN3.1
467,499,reason,-8.4974,1,1,0,0,N|V,1,1,,,treason,reasons,0,2,A500,SCOWL60_STABLE_2020.12.07+WN3.1
468,500,red,-8.4974,1,1,1,0,N|ADJ,1,1,ed,re,bred,reds,2,2,A500,SCOWL60_STABLE_2020.12.07+WN3.1
469,501,report,-8.4974,1,0,1,0,N|V,1,1,,,,reports,0,1,A500,SCOWL60_STABLE_2020.12.07+WN3.1
470,502,short,-8.4974,1,1,0,0,N|V|ADJ|ADV,1,1,,,,shorts,0,1,A500,SCOWL60_STABLE_2020.12.07+WN3.1
471,503,sometimes,-8.4974,1,0,1,0,ADV,1,0,,sometime,,,1,0,A500,SCOWL60_STABLE_2020.12.07+WN3.1
472,504,son,-8.4974,1,1,0,0,N,1,1,on,so,,song;sons,2,2,A500,SCOWL60_STABLE_2020.12.07+WN3.1
473,505,stay,-8.4974,1,1,0,0,N|V,1,1,,,,stays,0,1,A500,SCOWL60_STABLE_2020.12.07+WN3.1
474,506,watch,-8.4974,1,1,0,0,N|V,0,0,,,,,0,0,A500,SCOWL60_STABLE_2020.12.07+WN3.1
475,508,bit,-8.5172,1,1,0,0,N,1,1,it,bi,,bite;bits,2,2,A500,SCOWL60_STABLE_2020.12.07+WN3.1
476,509,education,-8.5172,1,1,1,0,N,0,0,,,,,0,0,A500,SCOWL60_STABLE_2020.12.07+WN3.1
477,510,fucking,-8.5172,1,0,1,1,N|ADJ|ADV,0,0,,,,,0,0,A500,SCOWL60_STABLE_2020.12.07+WN3.1
478,511,land,-8.5172,1,1,0,0,N|V,1,1,and,,bland;gland,lands,1,3,A500,SCOWL60_STABLE_2020.12.07+WN3.1
479,512,looks,-8.5172,1,0,1,0,,1,0,,look,,,1,0,A500,SCOWL60_STABLE_2020.12.07+WN3.1
480,513,myself,-8.5172,1,1,0,0,,0,0,,,,,0,0,A500,SCOWL60_STABLE_2020.12.07+WN3.1
481,514,works,-8.5172,1,1,1,0,N,1,0,,work,,,1,0,A500,SCOWL60_STABLE_2020.12.07+WN3.1
482,516,asked,-8.5425,1,1,1,0,,1,1,,,masked;tasked,,0,2,A500,SCOWL60_STABLE_2020.12.07+WN3.1
483,517,deal,-8.5425,1,1,0,0,N|V,1,1,,,ideal,deals;dealt,0,3,A500,SCOWL60_STABLE_2020.12.07+WN3.1
484,518,experience,-8.5425,1,1,0,0,N|V,1,1,,,,experienced;experiences,0,2,A500,SCOWL60_STABLE_2020.12.07+WN3.1
485,519,final,-8.5425,1,1,0,0,N|ADJ,1,1,,,,finals;finale,0,2,A500,SCOWL60_STABLE_2020.12.07+WN3.1
486,520,list,-8.5425,1,1,0,0,N|V,1,1,,,,lists,0,1,A500,SCOWL60_STABLE_2020.12.07+WN3.1
487,521,market,-8.5425,1,1,0,0,N|V,1,1,,,,markets,0,1,A500,SCOWL60_STABLE_2020.12.07+WN3.1
488,522,meet,-8.5425,1,1,0,0,N|V|ADJ,1,1,,,,meets,0,1,A500,SCOWL60_STABLE_2020.12.07+WN3.1
489,523,non,-8.5425,1,1,0,0,ADV,1,1,on,no,,none,2,1,A500,SCOWL60_STABLE_2020.12.07+WN3.1
490,524,six,-8.5425,1,1,0,0,N|ADJ,1,0,ix,,,,1,0,A500,SCOWL60_STABLE_2020.12.07+WN3.1
491,525,study,-8.5425,1,1,0,0,N|V,1,0,,stud,,,1,0,A500,SCOWL60_STABLE_2020.12.07+WN3.1
492,526,type,-8.5425,1,1,0,0,N|V,1,1,,,,types;typed,0,2,A500,SCOWL60_STABLE_2020.12.07+WN3.1
493,527,word,-8.5425,1,1,0,0,N|V,1,1,,,sword,words,0,2,A500,SCOWL60_STABLE_2020.12.07+WN3.1
494,528,building,-8.5632,1,1,1,0,N,1,1,,,,buildings,0,1,A500,SCOWL60_STABLE_2020.12.07+WN3.1
495,529,check,-8.5632,1,1,0,0,N|V,1,1,heck,,,checks,1,1,A500,SCOWL60_STABLE_2020.12.07+WN3.1
496,530,fire,-8.5632,1,1,0,0,N|V,1,1,,fir,,fired;fires,1,2,A500,SCOWL60_STABLE_2020.12.07+WN3.1
497,531,force,-8.5632,1,1,0,0,N|V,1,1,,,,forces;forced,0,2,A500,SCOWL60_STABLE_2020.12.07+WN3.1
498,532,front,-8.5632,1,1,0,0,N|V|ADJ,1,1,,,,fronts,0,1,A500,SCOWL60_STABLE_2020.12.07+WN3.1
499,533,la,-8.5632,1,1,0,0,N,1,1,a,,,law;lay;lab;lap;lad;lag;lax;lac;lam,1,9,A500,SCOWL60_STABLE_2020.12.07+WN3.1
500,534,main,-8.5632,1,1,0,0,N|ADJ,1,1,,,,mains,0,1,A500,SCOWL60_STABLE_2020.12.07+WN3.1
501,535,mother,-8.5632,1,1,0,0,N|V,1,1,other,,,mothers,1,1,B1K,SCOWL60_STABLE_2020.12.07+WN3.1
502,536,near,-8.5632,1,1,0,0,V|ADJ|ADV,1,0,ear,,,,1,0,B1K,SCOWL60_STABLE_2020.12.07+WN3.1
503,537,period,-8.5632,1,1,0,0,N,1,1,,,,periods,0,1,B1K,SCOWL60_STABLE_2020.12.07+WN3.1
504,538,process,-8.5632,1,1,0,0,N|V,0,0,,,,,0,0,B1K,SCOWL60_STABLE_2020.12.07+WN3.1
505,540,april,-8.5898,0,0,0,0,N,0,0,,,,,0,0,B1K,SCOWL60_STABLE_2020.12.07+WN3.1
506,541,art,-8.5898,1,1,0,0,N,1,1,rt,,part;hart;cart;mart;fart;dart;tart;kart,arts,1,9,B1K,SCOWL60_STABLE_2020.12.07+WN3.1
507,542,former,-8.5898,1,1,0,0,N|ADJ,0,0,,,,,0,0,B1K,SCOWL60_STABLE_2020.12.07+WN3.1
508,543,heard,-8.5898,1,1,0,0,ADJ,1,0,,hear,,,1,0,B1K,SCOWL60_STABLE_2020.12.07+WN3.1
509,544,london,-8.5898,0,0,0,0,N,0,0,,,,,0,0,B1K,SCOWL60_STABLE_2020.12.07+WN3.1
510,545,plan,-8.5898,1,1,0,0,N|V,1,1,,,,plans;plant;plane;plank,0,4,B1K,SCOWL60_STABLE_2020.12.07+WN3.1
511,546,quite,-8.5898,1,1,0,0,ADV,1,0,,quit,,,1,0,B1K,SCOWL60_STABLE_2020.12.07+WN3.1
512,547,series,-8.5898,1,1,0,0,N,0,0,,,,,0,0,B1K,SCOWL60_STABLE_2020.12.07+WN3.1
513,548,site,-8.5898,1,1,0,0,N|V,1,1,,sit,,sites,1,1,B1K,SCOWL60_STABLE_2020.12.07+WN3.1
514,549,talking,-8.5898,1,0,1,0,N,1,1,,,stalking,,0,1,B1K,SCOWL60_STABLE_2020.12.07+WN3.1
515,550,west,-8.5898,1,1,1,0,N|ADJ|ADV,1,0,est,,,,1,0,B1K,SCOWL60_STABLE_2020.12.07+WN3.1
516,552,behind,-8.6115,1,1,0,0,N|ADJ|ADV,0,0,,,,,0,0,B1K,SCOWL60_STABLE_2020.12.07+WN3.1
517,553,bring,-8.6115,1,1,0,0,V,1,1,ring,,,brings,1,1,B1K,SCOWL60_STABLE_2020.12.07+WN3.1
518,554,clear,-8.6115,1,1,0,0,N|V|ADJ|ADV,1,1,,,,clears,0,1,B1K,SCOWL60_STABLE_2020.12.07+WN3.1
519,555,french,-8.6115,1,1,0,0,N|V|ADJ,0,0,,,,,0,0,B1K,SCOWL60_STABLE_2020.12.07+WN3.1
520,556,held,-8.6115,1,1,0,0,ADJ,0,0,,,,,0,0,B1K,SCOWL60_STABLE_2020.12.07+WN3.1
521,557,outside,-8.6115,1,1,0,0,N|ADJ|ADV,1,1,,,,outsider,0,1,B1K,SCOWL60_STABLE_2020.12.07+WN3.1
522,558,phone,-8.6115,1,1,0,0,N|V,1,1,,,,phones;phoned,0,2,B1K,SCOWL60_STABLE_2020.12.07+WN3.1
523,559,position,-8.6115,1,1,0,0,N|V,1,1,,,,positions,0,1,B1K,SCOWL60_STABLE_2020.12.07+WN3.1
524,560,yourself,-8.6115,1,1,0,0,,0,0,,,,,0,0,B1K,SCOWL60_STABLE_2020.12.07+WN3.1
525,561,above,-8.6337,1,1,0,0,N|ADJ|ADV,0,0,,,,,0,0,B1K,SCOWL60_STABLE_2020.12.07+WN3.1
526,562,available,-8.6337,1,1,1,0,ADJ,0,0,,,,,0,0,B1K,SCOWL60_STABLE_2020.12.07+WN3.1
527,563,current,-8.6337,1,1,0,0,N|ADJ,1,1,,,,currents,0,1,B1K,SCOWL60_STABLE_2020.12.07+WN3.1
528,564,easy,-8.6337,1,1,0,0,ADJ|ADV,0,0,,,,,0,0,B1K,SCOWL60_STABLE_2020.12.07+WN3.1
529,565,field,-8.6337,1,1,0,0,N|V,1,1,,,,fields,0,1,B1K,SCOWL60_STABLE_2020.12.07+WN3.1
530,566,gave,-8.6337,1,1,0,0,,1,0,ave,,,,1,0,B1K,SCOWL60_STABLE_2020.12.07+WN3.1
531,567,ready,-8.6337,1,1,0,0,N|V|ADJ,1,0,,read,,,1,0,B1K,SCOWL60_STABLE_2020.12.07+WN3.1
532,568,security,-8.6337,1,1,0,0,N,0,0,,,,,0,0,B1K,SCOWL60_STABLE_2020.12.07+WN3.1
533,569,song,-8.6337,1,1,0,0,N,1,1,,son,,songs,1,1,B1K,SCOWL60_STABLE_2020.12.07+WN3.1
534,570,sorry,-8.6337,1,1,0,0,ADJ,0,0,,,,,0,0,B1K,SCOWL60_STABLE_2020.12.07+WN3.1
535,571,students,-8.6337,1,0,1,0,,1,0,,student,,,1,0,B1K,SCOWL60_STABLE_2020.12.07+WN3.1
536,572,total,-8.6337,1,1,0,0,N|V|ADJ,1,1,,,,totals,0,1,B1K,SCOWL60_STABLE_2020.12.07+WN3.1
537,573,words,-8.6337,1,0,1,0,N,1,1,,word,swords,,1,1,B1K,SCOWL60_STABLE_2020.12.07+WN3.1
538,574,across,-8.6565,1,1,0,0,ADV,1,0,cross,,,,1,0,B1K,SCOWL60_STABLE_2020.12.07+WN3.1
539,575,buy,-8.6565,1,1,0,0,N|V,1,1,,bu,,buys,1,1,B1K,SCOWL60_STABLE_2020.12.07+WN3.1
540,576,common,-8.6565,1,1,0,0,N|ADJ,1,1,,,,commons,0,1,B1K,SCOWL60_STABLE_2020.12.07+WN3.1
541,577,english,-8.6565,0,0,0,0,N|ADJ,0,0,,,,,0,0,B1K,SCOWL60_STABLE_2020.12.07+WN3.1
542,578,himself,-8.6565,1,1,0,0,,0,0,,,,,0,0,B1K,SCOWL60_STABLE_2020.12.07+WN3.1
543,579,language,-8.6565,1,1,0,0,N,1,1,,,,languages,0,1,B1K,SCOWL60_STABLE_2020.12.07+WN3.1
544,580,march,-8.6565,1,1,0,0,N|V,1,0,arch,,,,1,0,B1K,SCOWL60_STABLE_2020.12.07+WN3.1
545,581,military,-8.6565,1,1,0,0,N|ADJ,0,0,,,,,0,0,B1K,SCOWL60_STABLE_2020.12.07+WN3.1
546,582,minister,-8.6565,1,1,0,0,N|V,1,1,,,,ministers,0,1,B1K,SCOWL60_STABLE_2020.12.07+WN3.1
547,583,moment,-8.6565,1,1,0,0,N,1,1,,,,moments,0,1,B1K,SCOWL60_STABLE_2020.12.07+WN3.1
548,584,players,-8.6565,1,0,1,0,,1,0,layers,player,,,2,0,B1K,SCOWL60_STABLE_2020.12.07+WN3.1
549,585,present,-8.6565,1,1,0,0,N|V|ADJ,1,1,resent,,,presents,1,1,B1K,SCOWL60_STABLE_2020.12.07+WN3.1
550,586,return,-8.6565,1,0,1,0,N|V,1,1,,,,returns,0,1,B1K,SCOWL60_STABLE_2020.12.07+WN3.1
551,587,services,-8.6565,1,0,1,0,N,1,0,,service,,,1,0,B1K,SCOWL60_STABLE_2020.12.07+WN3.1
552,588,term,-8.6565,1,1,0,0,N|V,1,1,,,,terms,0,1,B1K,SCOWL60_STABLE_2020.12.07+WN3.1
553,589,town,-8.6565,1,1,0,0,N,1,1,own,tow,,towns,2,1,B1K,SCOWL60_STABLE_2020.12.07+WN3.1
554,590,church,-8.6797,1,1,0,0,N|V,0,0,,,,,0,0,B1K,SCOWL60_STABLE_2020.12.07+WN3.1
555,591,department,-8.6797,1,1,0,0,N,1,1,,,,departments,0,1,B1K,SCOWL60_STABLE_2020.12.07+WN3.1
556,592,fun,-8.6797,1,1,0,0,N,1,1,,,,fund;funk,0,2,B1K,SCOWL60_STABLE_2020.12.07+WN3.1
557,593,interest,-8.6797,1,1,0,0,N|V,1,1,,,,interests,0,1,B1K,SCOWL60_STABLE_2020.12.07+WN3.1
558,594,problems,-8.6797,1,0,1,0,,1,0,,problem,,,1,0,B1K,SCOWL60_STABLE_2020.12.07+WN3.1
559,595,role,-8.6797,1,1,0,0,N,1,1,ole,,,roles,1,1,B1K,SCOWL60_STABLE_2020.12.07+WN3.1
560,596,self,-8.6797,1,1,0,0,N|ADJ,1,0,elf,,,,1,0,B1K,SCOWL60_STABLE_2020.12.07+WN3.1
561,597,shall,-8.6797,1,1,0,0,,1,0,hall,,,,1,0,B1K,SCOWL60_STABLE_2020.12.07+WN3.1
562,598,similar,-8.6797,1,1,0,0,ADJ,0,0,,,,,0,0,B1K,SCOWL60_STABLE_2020.12.07+WN3.1
563,599,society,-8.6797,1,1,0,0,N,0,0,,,,,0,0,B1K,SCOWL60_STABLE_2020.12.07+WN3.1
564,600,space,-8.6797,1,1,0,0,N|V,1,1,pace,,,spaces;spaced,1,2,B1K,SCOWL60_STABLE_2020.12.07+WN3.1
565,601,strong,-8.6797,1,1,0,0,ADJ,0,0,,,,,0,0,B1K,SCOWL60_STABLE_2020.12.07+WN3.1
566,602,thinking,-8.6797,1,0,1,0,N|ADJ,0,0,,,,,0,0,B1K,SCOWL60_STABLE_2020.12.07+WN3.1
567,603,account,-8.7035,1,1,0,0,N|V,1,1,,,,accounts,0,1,B1K,SCOWL60_STABLE_2020.12.07+WN3.1
568,604,baby,-8.7035,1,1,0,0,N|V,0,0,,,,,0,0,B1K,SCOWL60_STABLE_2020.12.07+WN3.1
569,605,british,-8.7035,0,0,0,0,N|ADJ,0,0,,,,,0,0,B1K,SCOWL60_STABLE_2020.12.07+WN3.1
570,606,chance,-8.7035,1,1,0,0,N|V|ADJ,1,1,,,,chances,0,1,B1K,SCOWL60_STABLE_2020.12.07+WN3.1
571,607,especially,-8.7035,1,0,1,0,ADV,1,0,specially,,,,1,0,B1K,SCOWL60_STABLE_2020.12.07+WN3.1
572,608,eyes,-8.7035,1,0,1,0,N,1,0,yes,eye,,,2,0,B1K,SCOWL60_STABLE_2020.12.07+WN3.1
573,609,include,-8.7035,1,1,0,0,V,1,1,,,,included;includes,0,2,B1K,SCOWL60_STABLE_2020.12.07+WN3.1
574,610,issue,-8.7035,1,1,0,0,N|V,1,1,,,tissue,issues;issued,0,3,B1K,SCOWL60_STABLE_2020.12.07+WN3.1
575,611,l,-8.7035,0,1,0,0,N|ADJ,0,0,,,,,0,0,B1K,SCOWL60_STABLE_2020.12.07+WN3.1
576,612,miss,-8.7035,1,1,0,0,N|V,0,0,,,,,0,0,B1K,SCOWL60_STABLE_2020.12.07+WN3.1
577,613,program,-8.7035,1,1,1,0,N|V,1,1,,,,programs,0,1,B1K,SCOWL60_STABLE_2020.12.07+WN3.1
578,614,rest,-8.7035,1,1,1,0,N|V,1,1,est,res,crest,rests,2,2,B1K,SCOWL60_STABLE_2020.12.07+WN3.1
579,615,result,-8.7035,1,1,0,0,N|V,1,1,,,,results,0,1,B1K,SCOWL60_STABLE_2020.12.07+WN3.1
580,616,view,-8.7035,1,1,0,0,N|V,1,1,,vie,,views,1,1,B1K,SCOWL60_STABLE_2020.12.07+WN3.1
581,618,al,-8.7279,0,0,0,0,N,0,0,,,,,0,0,B1K,SCOWL60_STABLE_2020.12.07+WN3.1
582,619,board,-8.7279,1,1,0,0,N|V,1,1,,boar,aboard,boards,1,2,B1K,SCOWL60_STABLE_2020.12.07+WN3.1
583,620,certain,-8.7279,1,1,0,0,ADJ,0,0,,,,,0,0,B1K,SCOWL60_STABLE_2020.12.07+WN3.1
584,621,cost,-8.7279,1,1,0,0,N|V,1,1,,cos,,costs,1,1,B1K,SCOWL60_STABLE_2020.12.07+WN3.1
585,622,cut,-8.7279,1,1,0,0,N|V|ADJ,1,1,,cu,,cute;cuts,1,2,B1K,SCOWL60_STABLE_2020.12.07+WN3.1
586,623,energy,-8.7279,1,1,0,0,N,0,0,,,,,0,0,B1K,SCOWL60_STABLE_2020.12.07+WN3.1
587,624,evidence,-8.7279,1,1,0,0,N|V,1,1,,,,evidenced,0,1,B1K,SCOWL60_STABLE_2020.12.07+WN3.1
588,625,fight,-8.7279,1,1,0,0,N|V,1,1,,,,fights,0,1,B1K,SCOWL60_STABLE_2020.12.07+WN3.1
589,626,hear,-8.7279,1,1,0,0,V,1,1,ear,,shear,heart;heard;hears,1,4,B1K,SCOWL60_STABLE_2020.12.07+WN3.1
590,627,instead,-8.7279,1,1,0,0,ADV,0,0,,,,,0,0,B1K,SCOWL60_STABLE_2020.12.07+WN3.1
591,628,king,-8.7279,1,1,1,0,N,1,1,,kin,,kings,1,1,B1K,SCOWL60_STABLE_2020.12.07+WN3.1
592,629,member,-8.7279,1,1,0,0,N,1,1,,,,members,0,1,B1K,SCOWL60_STABLE_2020.12.07+WN3.1
593,630,official,-8.7279,1,1,0,0,N|ADJ,1,1,,,,officials,0,1,B1K,SCOWL60_STABLE_2020.12.07+WN3.1
594,631,parents,-8.7279,1,0,1,0,,1,0,,parent,,,1,0,B1K,SCOWL60_STABLE_2020.12.07+WN3.1
595,632,personal,-8.7279,1,1,0,0,N|ADJ,1,0,,persona,,,1,0,B1K,SCOWL60_STABLE_2020.12.07+WN3.1
596,633,played,-8.7279,1,0,1,0,ADJ,0,0,,,,,0,0,B1K,SCOWL60_STABLE_2020.12.07+WN3.1
597,634,points,-8.7279,1,0,1,0,,1,0,,point,,,1,0,B1K,SCOWL60_STABLE_2020.12.07+WN3.1
598,635,price,-8.7279,1,1,0,0,N|V,1,1,rice,,,prices;priced,1,2,B1K,SCOWL60_STABLE_2020.12.07+WN3.1
599,636,results,-8.7279,1,0,1,0,,1,0,,result,,,1,0,B1K,SCOWL60_STABLE_2020.12.07+WN3.1
600,637,road,-8.7279,1,1,0,0,N,1,1,,,broad,roads,0,2,B1K,SCOWL60_STABLE_2020.12.07+WN3.1
601,638,seems,-8.7279,1,0,1,0,,1,0,,seem,,,1,0,B1K,SCOWL60_STABLE_2020.12.07+WN3.1
602,639,sense,-8.7279,1,1,0,0,N|V,1,1,,sens,,senses;sensed,1,2,B1K,SCOWL60_STABLE_2020.12.07+WN3.1
603,640,street,-8.7279,1,1,0,0,N,1,1,,,,streets,0,1,B1K,SCOWL60_STABLE_2020.12.07+WN3.1
604,641,summer,-8.7279,1,1,0,0,N|V,1,1,,,,summers,0,1,B1K,SCOWL60_STABLE_2020.12.07+WN3.1
605,643,wife,-8.7279,1,1,0,0,N,0,0,,,,,0,0,B1K,SCOWL60_STABLE_2020.12.07+WN3.1
606,644,became,-8.7529,1,1,0,0,,0,0,,,,,0,0,B1K,SCOWL60_STABLE_2020.12.07+WN3.1
607,645,boy,-8.7529,1,1,0,0,N,1,1,,,,boys,0,1,B1K,SCOWL60_STABLE_2020.12.07+WN3.1
608,646,dead,-8.7529,1,1,0,0,N|ADJ|ADV,0,0,,,,,0,0,B1K,SCOWL60_STABLE_2020.12.07+WN3.1
609,647,died,-8.7529,1,0,1,0,,1,0,,die,,,1,0,B1K,SCOWL60_STABLE_2020.12.07+WN3.1
610,648,economic,-8.7529,1,1,0,0,ADJ,1,1,,,,economics,0,1,B1K,SCOWL60_STABLE_2020.12.07+WN3.1
611,649,fine,-8.7529,1,1,0,0,N|V|ADJ|ADV,1,1,,fin,,fines;fined;finer,1,3,B1K,SCOWL60_STABLE_2020.12.07+WN3.1
612,650,gets,-8.7529,1,0,1,0,,1,0,,get,,,1,0,B1K,SCOWL60_STABLE_2020.12.07+WN3.1
613,651,goes,-8.7529,1,1,0,0,,0,0,,,,,0,0,B1K,SCOWL60_STABLE_2020.12.07+WN3.1
614,652,higher,-8.7529,1,0,1,0,ADJ,0,0,,,,,0,0,B1K,SCOWL60_STABLE_2020.12.07+WN3.1
615,653,lead,-8.7529,1,1,0,0,N|V,1,1,,lea,plead,leads,1,2,B1K,SCOWL60_STABLE_2020.12.07+WN3.1
616,654,lord,-8.7529,1,1,0,0,N|V,1,1,,,,lords,0,1,B1K,SCOWL60_STABLE_2020.12.07+WN3.1
617,655,online,-8.7529,1,1,0,0,ADJ,0,0,,,,,0,0,B1K,SCOWL60_STABLE_2020.12.07+WN3.1
618,656,rights,-8.7529,1,0,1,0,,1,0,,right,,,1,0,B1K,SCOWL60_STABLE_2020.12.07+WN3.1
619,657,test,-8.7529,1,1,0,0,N|V,1,1,est,,,tests,1,1,B1K,SCOWL60_STABLE_2020.12.07+WN3.1
620,658,council,-8.7721,1,1,0,0,N,1,1,,,,councils,0,1,B1K,SCOWL60_STABLE_2020.12.07+WN3.1
621,659,dr,-8.7721,0,0,0,0,,0,0,,,,,0,0,B1K,SCOWL60_STABLE_2020.12.07+WN3.1
622,660,european,-8.7721,0,0,0,0,N|ADJ,0,0,,,,,0,0,B1K,SCOWL60_STABLE_2020.12.07+WN3.1
623,661,june,-8.7721,0,0,0,0,N,0,0,,,,,0,0,B1K,SCOWL60_STABLE_2020.12.07+WN3.1
624,662,killed,-8.7721,1,0,1,0,,1,1,,,skilled,,0,1,B1K,SCOWL60_STABLE_2020.12.07+WN3.1
625,663,likely,-8.7721,1,1,0,0,ADJ|ADV,0,0,,,,,0,0,B1K,SCOWL60_STABLE_2020.12.07+WN3.1
626,664,longer,-8.7721,1,1,0,0,N|ADV,0,0,,,,,0,0,B1K,SCOWL60_STABLE_2020.12.07+WN3.1
627,665,media,-8.7721,1,1,0,0,,1,1,,,,median,0,1,B1K,SCOWL60_STABLE_2020.12.07+WN3.1
628,666,middle,-8.7721,1,1,0,0,N|V|ADJ,0,0,,,,,0,0,B1K,SCOWL60_STABLE_2020.12.07+WN3.1
629,667,press,-8.7721,1,1,0,0,N|V,0,0,,,,,0,0,B1K,SCOWL60_STABLE_2020.12.07+WN3.1
630,668,private,-8.7721,1,1,0,0,N|ADJ,0,0,,,,,0,0,B1K,SCOWL60_STABLE_2020.12.07+WN3.1
631,669,production,-8.7721,1,1,0,0,N,1,1,,,,productions,0,1,B1K,SCOWL60_STABLE_2020.12.07+WN3.1
632,670,project,-8.7721,1,1,0,0,N|V,1,1,,,,projects,0,1,B1K,SCOWL60_STABLE_2020.12.07+WN3.1
633,671,received,-8.7721,1,0,1,0,ADJ,1,0,,receive,,,1,0,B1K,SCOWL60_STABLE_2020.12.07+WN3.1
634,672,shows,-8.7721,1,0,1,0,,1,0,,show,,,1,0,B1K,SCOWL60_STABLE_2020.12.07+WN3.1
635,673,trade,-8.7721,1,1,0,0,N|V,1,1,,,,traded;trades;trader,0,3,B1K,SCOWL60_STABLE_2020.12.07+WN3.1
636,674,tv,-8.7721,0,0,0,0,N,0,0,,,,,0,0,B1K,SCOWL60_STABLE_2020.12.07+WN3.1
637,675,upon,-8.7721,1,1,0,0,,0,0,,,,,0,0,B1K,SCOWL60_STABLE_2020.12.07+WN3.1
638,676,value,-8.7721,1,1,0,0,N|V,1,1,,,,values;valued,0,2,B1K,SCOWL60_STABLE_2020.12.07+WN3.1
639,677,wants,-8.7721,1,0,1,0,,1,0,ants,want,,,2,0,B1K,SCOWL60_STABLE_2020.12.07+WN3.1
640,678,wish,-8.7721,1,1,0,0,N|V,0,0,,,,,0,0,B1K,SCOWL60_STABLE_2020.12.07+WN3.1
641,679,alone,-8.7982,1,1,0,0,ADJ|ADV,1,0,lone,,,,1,0,B1K,SCOWL60_STABLE_2020.12.07+WN3.1
642,680,beautiful,-8.7982,1,1,0,0,ADJ,0,0,,,,,0,0,B1K,SCOWL60_STABLE_2020.12.07+WN3.1
643,681,countries,-8.7982,1,0,1,0,,0,0,,,,,0,0,B1K,SCOWL60_STABLE_2020.12.07+WN3.1
644,682,date,-8.7982,1,1,0,0,N|V,1,1,ate,,,dates;dated,1,2,B1K,SCOWL60_STABLE_2020.12.07+WN3.1
645,683,finally,-8.7982,1,0,1,0,ADV,0,0,,,,,0,0,B1K,SCOWL60_STABLE_2020.12.07+WN3.1
646,684,groups,-8.7982,1,0,1,0,,1,0,,group,,,1,0,B1K,SCOWL60_STABLE_2020.12.07+WN3.1
647,685,hey,-8.7982,1,1,0,0,,1,1,,he,they,,1,1,B1K,SCOWL60_STABLE_2020.12.07+WN3.1
648,686,hold,-8.7982,1,1,0,0,N|V,1,1,old,,,holds,1,1,B1K,SCOWL60_STABLE_2020.12.07+WN3.1
649,687,kids,-8.7982,1,0,1,0,,1,0,ids,kid,,,2,0,B1K,SCOWL60_STABLE_2020.12.07+WN3.1
650,688,knew,-8.7982,1,1,0,0,,1,0,new,,,,1,0,B1K,SCOWL60_STABLE_2020.12.07+WN3.1
651,689,month,-8.7982,1,1,0,0,N,1,1,,,,months,0,1,B1K,SCOWL60_STABLE_2020.12.07+WN3.1
652,690,p,-8.7982,0,1,0,0,N,0,0,,,,,0,0,B1K,SCOWL60_STABLE_2020.12.07+WN3.1
653,691,policy,-8.7982,1,1,0,0,N,0,0,,,,,0,0,B1K,SCOWL60_STABLE_2020.12.07+WN3.1
654,692,questions,-8.7982,1,0,1,0,,1,0,,question,,,1,0,B1K,SCOWL60_STABLE_2020.12.07+WN3.1
655,693,rate,-8.7982,1,1,0,0,N|V,1,1,ate,rat,crate,rates;rated,2,3,B1K,SCOWL60_STABLE_2020.12.07+WN3.1
656,694,record,-8.7982,1,0,1,0,N|V,1,1,,,,records,0,1,B1K,SCOWL60_STABLE_2020.12.07+WN3.1
657,695,running,-8.7982,1,1,0,0,N|ADJ,0,0,,,,,0,0,B1K,SCOWL60_STABLE_2020.12.07+WN3.1
658,696,sent,-8.7982,1,1,0,0,N|ADJ,1,0,,sen,,,1,0,B1K,SCOWL60_STABLE_2020.12.07+WN3.1
659,697,shot,-8.7982,1,1,0,0,N|ADJ,1,1,hot,,,shots,1,1,B1K,SCOWL60_STABLE_2020.12.07+WN3.1
660,698,added,-8.8183,1,0,1,0,,0,0,,,,,0,0,B1K,SCOWL60_STABLE_2020.12.07+WN3.1
661,699,america,-8.8183,0,0,0,0,N,0,0,,,,,0,0,B1K,SCOWL60_STABLE_2020.12.07+WN3.1
662,700,brought,-8.8183,1,1,0,0,,0,0,,,,,0,0,B1K,SCOWL60_STABLE_2020.12.07+WN3.1
663,701,college,-8.8183,1,1,0,0,N,1,1,,,,colleges,0,1,B1K,SCOWL60_STABLE_2020.12.07+WN3.1
664,702,decision,-8.8183,1,1,0,0,N,1,1,,,,decisions,0,1,B1K,SCOWL60_STABLE_2020.12.07+WN3.1
665,703,gone,-8.8183,1,1,0,0,ADJ,1,0,one,,,,1,0,B1K,SCOWL60_STABLE_2020.12.07+WN3.1
666,704,ground,-8.8183,1,1,0,0,N|V,1,1,round,,,grounds,1,1,B1K,SCOWL60_STABLE_2020.12.07+WN3.1
667,705,guess,-8.8183,1,1,0,0,N|V,0,0,,,,,0,0,B1K,SCOWL60_STABLE_2020.12.07+WN3.1
668,706,happened,-8.8183,1,0,1,0,,0,0,,,,,0,0,B1K,SCOWL60_STABLE_2020.12.07+WN3.1
669,707,hour,-8.8183,1,1,0,0,N,1,1,our,,,hours,1,1,B1K,SCOWL60_STABLE_2020.12.07+WN3.1
670,708,original,-8.8183,1,1,0,0,N|ADJ,1,1,,,,originals,0,1,B1K,SCOWL60_STABLE_2020.12.07+WN3.1
671,709,sex,-8.8183,1,1,0,0,N|V,1,1,ex,,,sexy,1,1,B1K,SCOWL60_STABLE_2020.12.07+WN3.1
672,710,situation,-8.8183,1,1,1,0,N,1,1,,,,situations,0,1,B1K,SCOWL60_STABLE_2020.12.07+WN3.1
673,711,source,-8.8183,1,1,0,0,N|V,1,1,,,,sources;sourced,0,2,B1K,SCOWL60_STABLE_2020.12.07+WN3.1
674,712,themselves,-8.8183,1,1,0,0,,0,0,,,,,0,0,B1K,SCOWL60_STABLE_2020.12.07+WN3.1
675,713,answer,-8.8388,1,1,0,0,N|V,1,1,,,,answers,0,1,B1K,SCOWL60_STABLE_2020.12.07+WN3.1
676,714,average,-8.8388,1,1,0,0,N|V|ADJ,1,1,,,,averaged;averages,0,2,B1K,SCOWL60_STABLE_2020.12.07+WN3.1
677,715,break,-8.8388,1,1,0,0,N|V,1,1,,,,breaks,0,1,B1K,SCOWL60_STABLE_2020.12.07+WN3.1
678,716,central,-8.8388,1,1,0,0,N|ADJ,0,0,,,,,0,0,B1K,SCOWL60_STABLE_2020.12.07+WN3.1
679,717,club,-8.8388,1,1,0,0,N|V,1,1,,,,clubs,0,1,B1K,SCOWL60_STABLE_2020.12.07+WN3.1
680,718,co,-8.8388,1,1,0,0,N,1,1,,,,cop;con;cow;com;cos;col;cod;cox;cor,0,9,B1K,SCOWL60_STABLE_2020.12.07+WN3.1
681,719,east,-8.8388,1,1,0,0,N|ADJ|ADV,1,1,,,least;beast;feast;yeast,,0,4,B1K,SCOWL60_STABLE_2020.12.07+WN3.1
682,720,follow,-8.8388,1,1,0,0,V,1,1,,,,follows,0,1,B1K,SCOWL60_STABLE_2020.12.07+WN3.1
683,721,gold,-8.8388,1,1,0,0,N|ADJ,1,0,old,,,,1,0,B1K,SCOWL60_STABLE_2020.12.07+WN3.1
684,722,hands,-8.8388,1,0,1,0,N,1,0,,hand,,,1,0,B1K,SCOWL60_STABLE_2020.12.07+WN3.1
685,723,happen,-8.8388,1,1,0,0,V,1,1,,,,happens,0,1,B1K,SCOWL60_STABLE_2020.12.07+WN3.1
686,724,issues,-8.8388,1,0,1,0,,1,1,,issue,tissues,,1,1,B1K,SCOWL60_STABLE_2020.12.07+WN3.1
687,725,learn,-8.8388,1,1,0,0,V,1,1,earn,,,learns,1,1,B1K,SCOWL60_STABLE_2020.12.07+WN3.1
688,726,needed,-8.8388,1,1,1,0,ADJ,0,0,,,,,0,0,B1K,SCOWL60_STABLE_2020.12.07+WN3.1
689,727,takes,-8.8388,1,0,1,0,,1,1,,take,stakes,,1,1,B1K,SCOWL60_STABLE_2020.12.07+WN3.1
690,728,usually,-8.8388,1,0,1,0,ADV,0,0,,,,,0,0,B1K,SCOWL60_STABLE_2020.12.07+WN3.1
691,729,various,-8.8388,1,1,0,0,ADJ,0,0,,,,,0,0,B1K,SCOWL60_STABLE_2020.12.07+WN3.1
692,731,won,-8.8388,1,1,0,0,N|ADJ,1,1,on,,,wont,1,1,B1K,SCOWL60_STABLE_2020.12.07+WN3.1
693,732,worked,-8.8388,1,0,1,0,,0,0,,,,,0,0,B1K,SCOWL60_STABLE_2020.12.07+WN3.1
694,733,x,-8.8388,0,1,0,0,N|ADJ,0,0,,,,,0,0,B1K,SCOWL60_STABLE_2020.12.07+WN3.1
695,734,areas,-8.8668,1,0,1,0,,1,0,,area,,,1,0,B1K,SCOWL60_STABLE_2020.12.07+WN3.1
696,735,bank,-8.8668,1,1,0,0,N|V,1,1,,ban,,banks,1,1,B1K,SCOWL60_STABLE_2020.12.07+WN3.1
697,736,companies,-8.8668,1,0,1,0,,0,0,,,,,0,0,B1K,SCOWL60_STABLE_2020.12.07+WN3.1
698,737,design,-8.8668,1,1,1,0,N|V,1,1,,,,designs,0,1,B1K,SCOWL60_STABLE_2020.12.07+WN3.1
699,738,event,-8.8668,1,1,0,0,N,1,1,vent,even,,events,2,1,B1K,SCOWL60_STABLE_2020.12.07+WN3.1
700,739,inside,-8.8668,1,1,0,0,N|ADJ|ADV,1,1,,,,insider,0,1,B1K,SCOWL60_STABLE_2020.12.07+WN3.1
701,740,ok,-8.8668,0,0,0,0,N|ADJ|ADV,0,0,,,,,0,0,B1K,SCOWL60_STABLE_2020.12.07+WN3.1
702,741,picture,-8.8668,1,1,0,0,N|V,1,1,,,,pictures;pictured,0,2,B1K,SCOWL60_STABLE_2020.12.07+WN3.1
703,742,re,-8.8668,1,1,0,0,N,1,1,,,are;ore,red;rep;rev;res;ref;reg;rec,0,9,B1K,SCOWL60_STABLE_2020.12.07+WN3.1
704,743,relationship,-8.8668,1,1,0,0,N,1,1,,,,relationships,0,1,B1K,SCOWL60_STABLE_2020.12.07+WN3.1
705,744,share,-8.8668,1,1,0,0,N|V,1,1,hare,,,shared;shares,1,2,B1K,SCOWL60_STABLE_2020.12.07+WN3.1
706,745,training,-8.8668,1,1,1,0,N,1,0,raining,,,,1,0,B1K,SCOWL60_STABLE_2020.12.07+WN3.1
707,746,union,-8.8668,1,1,1,0,N|ADJ,1,1,,,,unions,0,1,B1K,SCOWL60_STABLE_2020.12.07+WN3.1
708,747,weeks,-8.8668,1,0,1,0,,1,0,,week,,,1,0,B1K,SCOWL60_STABLE_2020.12.07+WN3.1
709,749,amount,-8.8883,1,1,0,0,N|V,1,1,mount,,,amounts,1,1,B1K,SCOWL60_STABLE_2020.12.07+WN3.1
710,750,blood,-8.8883,1,1,0,0,N|V,1,1,,,,bloody,0,1,B1K,SCOWL60_STABLE_2020.12.07+WN3.1
711,751,cases,-8.8883,1,0,1,0,,1,0,,case,,,1,0,B1K,SCOWL60_STABLE_2020.12.07+WN3.1
712,752,changes,-8.8883,1,0,1,0,,1,0,,change,,,1,0,B1K,SCOWL60_STABLE_2020.12.07+WN3.1
713,753,considered,-8.8883,1,1,1,0,ADJ,0,0,,,,,0,0,B1K,SCOWL60_STABLE_2020.12.07+WN3.1
714,754,cool,-8.8883,1,1,0,0,N|V|ADJ,0,0,,,,,0,0,B1K,SCOWL60_STABLE_2020.12.07+WN3.1
715,755,couple,-8.8883,1,1,0,0,N|V,1,1,,,,couples;coupled,0,2,B1K,SCOWL60_STABLE_2020.12.07+WN3.1
716,756,die,-8.8883,1,1,0,0,N|V,1,1,,,,died;diet;dies,0,3,B1K,SCOWL60_STABLE_2020.12.07+WN3.1
717,757,eat,-8.8883,1,1,0,0,V,1,1,at,ea,beat;heat;seat;meat;feat;neat;peat,eats,2,8,B1K,SCOWL60_STABLE_2020.12.07+WN3.1
718,758,film,-8.8883,1,1,0,0,N|V,1,1,,,,films,0,1,B1K,SCOWL60_STABLE_2020.12.07+WN3.1
719,759,foreign,-8.8883,1,1,0,0,ADJ,0,0,,,,,0,0,B1K,SCOWL60_STABLE_2020.12.07+WN3.1
720,760,girls,-8.8883,1,0,1,0,,1,0,,girl,,,1,0,B1K,SCOWL60_STABLE_2020.12.07+WN3.1
721,761,industry,-8.8883,1,1,0,0,N,0,0,,,,,0,0,B1K,SCOWL60_STABLE_2020.12.07+WN3.1
722,762,involved,-8.8883,1,1,1,0,ADJ,1,0,,involve,,,1,0,B1K,SCOWL60_STABLE_2020.12.07+WN3.1
723,763,itself,-8.8883,1,1,0,0,,0,0,,,,,0,0,B1K,SCOWL60_STABLE_2020.12.07+WN3.1
724,764,key,-8.8883,1,1,0,0,N|V|ADJ,1,1,,,,keys,0,1,B1K,SCOWL60_STABLE_2020.12.07+WN3.1
725,765,meeting,-8.8883,1,1,1,0,N,1,1,,,,meetings,0,1,B1K,SCOWL60_STABLE_2020.12.07+WN3.1
726,766,page,-8.8883,1,1,0,0,N|V,1,1,age,,,pages,1,1,B1K,SCOWL60_STABLE_2020.12.07+WN3.1
727,767,performance,-8.8883,1,1,0,0,N,1,1,,,,performances,0,1,B1K,SCOWL60_STABLE_2020.12.07+WN3.1
728,768,round,-8.8883,1,1,0,0,N|V|ADJ|ADV,1,1,,,around;ground,rounds,0,3,B1K,SCOWL60_STABLE_2020.12.07+WN3.1
729,769,science,-8.8883,1,1,0,0,N,1,1,,,,sciences,0,1,B1K,SCOWL60_STABLE_2020.12.07+WN3.1
730,770,sea,-8.8883,1,1,0,0,N,1,1,ea,,,seat;seal;seas;seam,1,4,B1K,SCOWL60_STABLE_2020.12.07+WN3.1
731,771,sound,-8.8883,1,1,0,0,N|V|ADJ,1,1,,,,sounds,0,1,B1K,SCOWL60_STABLE_2020.12.07+WN3.1
732,772,step,-8.8883,1,1,0,0,N|V,1,1,,,,steps,0,1,B1K,SCOWL60_STABLE_2020.12.07+WN3.1
733,773,began,-8.9102,1,1,0,0,,0,0,,,,,0,0,B1K,SCOWL60_STABLE_2020.12.07+WN3.1
734,774,brother,-8.9102,1,1,1,0,N,1,1,,,,brothers,0,1,B1K,SCOWL60_STABLE_2020.12.07+WN3.1
735,775,david,-8.9102,0,0,0,0,N,0,0,,,,,0,0,B1K,SCOWL60_STABLE_2020.12.07+WN3.1
736,776,england,-8.9102,0,0,0,0,N,0,0,,,,,0,0,B1K,SCOWL60_STABLE_2020.12.07+WN3.1
737,777,europe,-8.9102,0,0,0,0,N,0,0,,,,,0,0,B1K,SCOWL60_STABLE_2020.12.07+WN3.1
738,778,fall,-8.9102,1,1,0,0,N|V,1,1,all,,,falls,1,1,B1K,SCOWL60_STABLE_2020.12.07+WN3.1
739,779,federal,-8.9102,1,1,0,0,N|ADJ,0,0,,,,,0,0,B1K,SCOWL60_STABLE_2020.12.07+WN3.1
740,780,led,-8.9102,1,0,1,0,N,1,1,ed,,fled,,1,1,B1K,SCOWL60_STABLE_2020.12.07+WN3.1
741,781,lower,-8.9102,1,1,1,0,N|V,1,1,,,flower;slower,lowers,0,3,B1K,SCOWL60_STABLE_2020.12.07+WN3.1
742,782,met,-8.9102,1,1,0,0,,1,1,,me,,meta;meth,1,2,B1K,SCOWL60_STABLE_2020.12.07+WN3.1
743,783,model,-8.9102,1,1,0,0,N|V|ADJ,1,1,,mode,,models,1,1,B1K,SCOWL60_STABLE_2020.12.07+WN3.1
744,784,n,-8.9102,0,1,0,0,N,0,0,,,,,0,0,B1K,SCOWL60_STABLE_2020.12.07+WN3.1
745,785,natural,-8.9102,1,1,0,0,N|ADJ,0,0,,,,,0,0,B1K,SCOWL60_STABLE_2020.12.07+WN3.1
746,786,player,-8.9102,1,1,0,0,N,1,1,layer,,,players,1,1,B1K,SCOWL60_STABLE_2020.12.07+WN3.1
747,787,send,-8.9102,1,1,0,0,V,1,1,end,sen,,sends,2,1,B1K,SCOWL60_STABLE_2020.12.07+WN3.1
748,788,september,-8.9102,0,0,0,0,N,0,0,,,,,0,0,B1K,SCOWL60_STABLE_2020.12.07+WN3.1
749,789,serious,-8.9102,1,1,0,0,ADJ,0,0,,,,,0,0,B1K,SCOWL60_STABLE_2020.12.07+WN3.1
750,791,size,-8.9102,1,1,0,0,N|V|ADJ,1,1,,,,sized;sizes,0,2,B1K,SCOWL60_STABLE_2020.12.07+WN3.1
751,792,st,-8.9102,1,1,0,0,,1,1,,,est,std,0,2,B1K,SCOWL60_STABLE_2020.12.07+WN3.1
752,793,terms,-8.9102,1,0,1,0,N,1,0,,term,,,1,0,B1K,SCOWL60_STABLE_2020.12.07+WN3.1
753,794,tried,-8.9102,1,1,1,0,ADJ,0,0,,,,,0,0,B1K,SCOWL60_STABLE_2020.12.07+WN3.1
754,795,whatever,-8.9102,1,1,0,0,ADJ,0,0,,,,,0,0,B1K,SCOWL60_STABLE_2020.12.07+WN3.1
755,798,blue,-8.9327,1,1,0,0,N|V|ADJ,1,1,,,,blues,0,1,B1K,SCOWL60_STABLE_2020.12.07+WN3.1
756,799,cannot,-8.9327,1,1,0,0,,0,0,,,,,0,0,B1K,SCOWL60_STABLE_2020.12.07+WN3.1
757,800,century,-8.9327,1,1,0,0,N,0,0,,,,,0,0,B1K,SCOWL60_STABLE_2020.12.07+WN3.1
758,801,chief,-8.9327,1,1,0,0,N|ADJ,1,1,,,,chiefs,0,1,B1K,SCOWL60_STABLE_2020.12.07+WN3.1
759,802,difficult,-8.9327,1,1,0,0,ADJ,1,1,,,,difficulty,0,1,B1K,SCOWL60_STABLE_2020.12.07+WN3.1
760,803,director,-8.9327,1,1,0,0,N,1,1,,,,directors;directory,0,2,B1K,SCOWL60_STABLE_2020.12.07+WN3.1
761,804,france,-8.9327,0,0,0,0,N,0,0,,,,,0,0,B1K,SCOWL60_STABLE_2020.12.07+WN3.1
762,805,hell,-8.9327,1,1,0,0,N,1,1,,,shell,hello,0,2,B1K,SCOWL60_STABLE_2020.12.07+WN3.1
763,806,medical,-8.9327,1,1,0,0,N|ADJ,0,0,,,,,0,0,B1K,SCOWL60_STABLE_2020.12.07+WN3.1
764,807,population,-8.9327,1,1,0,0,N,1,1,,,,populations,0,1,B1K,SCOWL60_STABLE_2020.12.07+WN3.1
765,808,provide,-8.9327,1,1,0,0,V,1,1,,,,provided;provides;provider,0,3,B1K,SCOWL60_STABLE_2020.12.07+WN3.1
766,809,range,-8.9327,1,1,0,0,N|V,1,1,,rang,orange,ranges;ranger;ranged,1,4,B1K,SCOWL60_STABLE_2020.12.07+WN3.1
767,810,region,-8.9327,1,1,0,0,N,1,1,,,,regions,0,1,B1K,SCOWL60_STABLE_2020.12.07+WN3.1
768,811,tax,-8.9327,1,1,0,0,N|V,1,1,ax,ta,,taxi,2,1,B1K,SCOWL60_STABLE_2020.12.07+WN3.1
769,812,cup,-8.9557,1,1,0,0,N|V,1,1,up,cu,,cups,2,1,B1K,SCOWL60_STABLE_2020.12.07+WN3.1
770,813,events,-8.9557,1,0,1,0,,1,0,vents,event,,,2,0,B1K,SCOWL60_STABLE_2020.12.07+WN3.1
771,814,exactly,-8.9557,1,0,1,0,ADV,0,0,,,,,0,0,B1K,SCOWL60_STABLE_2020.12.07+WN3.1
772,815,feeling,-8.9557,1,1,1,0,N,1,1,,,,feelings,0,1,B1K,SCOWL60_STABLE_2020.12.07+WN3.1
773,816,felt,-8.9557,1,1,0,0,N|V,0,0,,,,,0,0,B1K,SCOWL60_STABLE_2020.12.07+WN3.1
774,817,financial,-8.9557,1,1,0,0,ADJ,0,0,,,,,0,0,B1K,SCOWL60_STABLE_2020.12.07+WN3.1
775,818,giving,-8.9557,1,0,1,0,N|ADJ,0,0,,,,,0,0,B1K,SCOWL60_STABLE_2020.12.07+WN3.1
776,820,internet,-8.9557,1,1,0,0,N,0,0,,,,,0,0,B1K,SCOWL60_STABLE_2020.12.07+WN3.1
777,821,july,-8.9557,0,0,0,0,N,0,0,,,,,0,0,B1K,SCOWL60_STABLE_2020.12.07+WN3.1
778,822,lives,-8.9557,1,0,1,0,,1,1,,live,olives,,1,1,B1K,SCOWL60_STABLE_2020.12.07+WN3.1
779,823,movie,-8.9557,1,1,0,0,N,1,1,,,,movies,0,1,B1K,SCOWL60_STABLE_2020.12.07+WN3.1
780,824,perfect,-8.9557,1,1,0,0,N|V|ADJ,0,0,,,,,0,0,B1K,SCOWL60_STABLE_2020.12.07+WN3.1
781,825,poor,-8.9557,1,1,0,0,N|ADJ,1,0,,poo,,,1,0,B1K,SCOWL60_STABLE_2020.12.07+WN3.1
782,826,risk,-8.9557,1,1,0,0,N|V,1,1,,,,risks;risky,0,2,B1K,SCOWL60_STABLE_2020.12.07+WN3.1
783,827,simple,-8.9557,1,1,0,0,N|ADJ,1,1,,,,simpler,0,1,B1K,SCOWL60_STABLE_2020.12.07+WN3.1
784,828,stage,-8.9557,1,1,0,0,N|V,1,1,,,,stages;staged,0,2,B1K,SCOWL60_STABLE_2020.12.07+WN3.1
785,829,stand,-8.9557,1,1,0,0,N|V,1,1,,,,stands,0,1,B1K,SCOWL60_STABLE_2020.12.07+WN3.1
786,830,star,-8.9557,1,1,0,0,N|V|ADJ,1,1,tar,,,start;stars;stark;stare,1,4,B1K,SCOWL60_STABLE_2020.12.07+WN3.1
787,831,table,-8.9557,1,1,1,0,N|V,1,1,able,,stable,tables;tablet,1,3,B1K,SCOWL60_STABLE_2020.12.07+WN3.1
788,832,trust,-8.9557,1,1,0,0,N|V,1,1,rust,,,trusts,1,1,B1K,SCOWL60_STABLE_2020.12.07+WN3.1
789,833,whose,-8.9557,1,1,0,0,,1,0,hose,,,,1,0,B1K,SCOWL60_STABLE_2020.12.07+WN3.1
790,834,worth,-8.9557,1,1,0,0,N|ADJ,1,1,,,,worthy,0,1,B1K,SCOWL60_STABLE_2020.12.07+WN3.1
791,835,attention,-8.9792,1,1,0,0,N,0,0,,,,,0,0,B1K,SCOWL60_STABLE_2020.12.07+WN3.1
792,836,capital,-8.9792,1,1,0,0,N|ADJ,1,1,,,,capitals,0,1,B1K,SCOWL60_STABLE_2020.12.07+WN3.1
793,837,center,-8.9792,1,1,1,0,N|V|ADJ,1,1,enter,,,centers,1,1,B1K,SCOWL60_STABLE_2020.12.07+WN3.1
794,838,character,-8.9792,1,1,0,0,N|V,1,1,,,,characters,0,1,B1K,SCOWL60_STABLE_2020.12.07+WN3.1
795,839,earth,-8.9792,1,1,0,0,N|V,0,0,,,,,0,0,B1K,SCOWL60_STABLE_2020.12.07+WN3.1
796,840,effect,-8.9792,1,1,0,0,N|V,1,1,,,,effects,0,1,B1K,SCOWL60_STABLE_2020.12.07+WN3.1
797,841,figure,-8.9792,1,1,0,0,N|V,1,1,,,,figures;figured,0,2,B1K,SCOWL60_STABLE_2020.12.07+WN3.1
798,842,forward,-8.9792,1,1,0,0,N|V|ADJ|ADV,1,1,,,,forwards,0,1,B1K,SCOWL60_STABLE_2020.12.07+WN3.1
799,843,hot,-8.9792,1,1,0,0,ADJ,1,1,,ho,shot,,1,1,B1K,SCOWL60_STABLE_2020.12.07+WN3.1
800,844,ii,-8.9792,1,1,0,0,N|ADJ,1,1,i,i,iii;vii;xii,iii,2,4,B1K,SCOWL60_STABLE_2020.12.07+WN3.1
801,845,michael,-8.9792,0,0,0,0,N,0,0,,,,,0,0,B1K,SCOWL60_STABLE_2020.12.07+WN3.1
802,846,park,-8.9792,1,1,0,0,N|V,1,1,ark,par,spark,parks,2,2,B1K,SCOWL60_STABLE_2020.12.07+WN3.1
803,847,quality,-8.9792,1,1,0,0,N|ADJ,1,1,,,equality,,0,1,B1K,SCOWL60_STABLE_2020.12.07+WN3.1
804,848,website,-8.9792,1,1,0,0,N,1,1,,,,websites,0,1,B1K,SCOWL60_STABLE_2020.12.07+WN3.1
805,849,written,-8.9792,1,1,0,0,ADJ,0,0,,,,,0,0,B1K,SCOWL60_STABLE_2020.12.07+WN3.1
806,850,currently,-9.0033,1,0,1,0,ADV,0,0,,,,,0,0,B1K,SCOWL60_STABLE_2020.12.07+WN3.1
807,851,drive,-9.0033,1,1,0,0,N|V,1,1,,,,driver;driven;drives,0,3,B1K,SCOWL60_STABLE_2020.12.07+WN3.1
808,852,fast,-9.0033,1,1,0,0,N|V|ADJ|ADV,0,0,,,,,0,0,B1K,SCOWL60_STABLE_2020.12.07+WN3.1
809,853,followed,-9.0033,1,0,1,0,,0,0,,,,,0,0,B1K,SCOWL60_STABLE_2020.12.07+WN3.1
810,854,green,-9.0033,1,1,0,0,N|V|ADJ,1,1,,,,greens,0,1,B1K,SCOWL60_STABLE_2020.12.07+WN3.1
811,855,increase,-9.0033,1,0,1,0,N|V,1,1,,,,increased;increases,0,2,B1K,SCOWL60_STABLE_2020.12.07+WN3.1
812,856,jesus,-9.0033,0,0,0,0,N,0,0,,,,,0,0,B1K,SCOWL60_STABLE_2020.12.07+WN3.1
813,857,kill,-9.0033,1,1,0,0,N|V,1,1,ill,,skill,kills,1,2,B1K,SCOWL60_STABLE_2020.12.07+WN3.1
814,858,looked,-9.0033,1,0,1,0,,0,0,,,,,0,0,B1K,SCOWL60_STABLE_2020.12.07+WN3.1
815,859,management,-9.0033,1,1,1,0,N,0,0,,,,,0,0,B1K,SCOWL60_STABLE_2020.12.07+WN3.1
816,860,mine,-9.0033,1,1,0,0,N|V,1,1,,min,,mines;miner;mined,1,3,B1K,SCOWL60_STABLE_2020.12.07+WN3.1
817,861,o,-9.0033,0,1,0,0,N,0,0,,,,,0,0,B1K,SCOWL60_STABLE_2020.12.07+WN3.1
818,862,okay,-9.0033,1,1,0,0,N|V|ADJ|ADV,0,0,,,,,0,0,B1K,SCOWL60_STABLE_2020.12.07+WN3.1
819,863,related,-9.0033,1,0,1,0,ADJ,1,0,,relate,,,1,0,B1K,SCOWL60_STABLE_2020.12.07+WN3.1
820,864,review,-9.0033,1,0,1,0,N|V,1,1,,,preview,reviews,0,2,B1K,SCOWL60_STABLE_2020.12.07+WN3.1
821,865,rules,-9.0033,1,0,1,0,,1,0,,rule,,,1,0,B1K,SCOWL60_STABLE_2020.12.07+WN3.1
822,866,save,-9.0033,1,1,0,0,N|V,1,1,ave,,,saved;saves,1,2,B1K,SCOWL60_STABLE_2020.12.07+WN3.1
823,867,section,-9.0033,1,1,0,0,N|V,1,1,,,,sections,0,1,B1K,SCOWL60_STABLE_2020.12.07+WN3.1
824,868,turned,-9.0033,1,0,1,0,ADJ,0,0,,,,,0,0,B1K,SCOWL60_STABLE_2020.12.07+WN3.1
825,869,books,-9.028,1,0,1,0,,1,0,,book,,,1,0,B1K,SCOWL60_STABLE_2020.12.07+WN3.1
826,870,choice,-9.028,1,1,0,0,N|ADJ,1,1,,,,choices,0,1,B1K,SCOWL60_STABLE_2020.12.07+WN3.1
827,871,complete,-9.028,1,1,0,0,V|ADJ,1,1,,,,completed;completes,0,2,B1K,SCOWL60_STABLE_2020.12.07+WN3.1
828,872,continue,-9.028,1,1,0,0,V,1,1,,,,continued;continues,0,2,B1K,SCOWL60_STABLE_2020.12.07+WN3.1
829,873,created,-9.028,1,0,1,0,,1,0,,create,,,1,0,B1K,SCOWL60_STABLE_2020.12.07+WN3.1
830,874,damn,-9.028,1,1,0,0,N|V|ADJ|ADV,1,0,,dam,,,1,0,B1K,SCOWL60_STABLE_2020.12.07+WN3.1
831,875,decided,-9.028,1,1,1,0,ADJ,1,0,,decide,,,1,0,B1K,SCOWL60_STABLE_2020.12.07+WN3.1
832,876,forces,-9.028,1,0,1,0,,1,0,,force,,,1,0,B1K,SCOWL60_STABLE_2020.12.07+WN3.1
833,877,hate,-9.028,1,1,0,0,N|V,1,1,ate,hat,,hated;hates,2,2,B1K,SCOWL60_STABLE_2020.12.07+WN3.1
834,878,included,-9.028,1,0,1,0,ADJ,1,0,,include,,,1,0,B1K,SCOWL60_STABLE_2020.12.07+WN3.1
835,879,individual,-9.028,1,1,0,0,N|ADJ,1,1,,,,individuals,0,1,B1K,SCOWL60_STABLE_2020.12.07+WN3.1
836,880,james,-9.028,0,0,0,0,N,0,0,,,,,0,0,B1K,SCOWL60_STABLE_2020.12.07+WN3.1
837,881,league,-9.028,1,1,0,0,N|V,1,1,,,,leagues,0,1,B1K,SCOWL60_STABLE_2020.12.07+WN3.1
838,882,legal,-9.028,1,1,0,0,ADJ,0,0,,,,,0,0,B1K,SCOWL60_STABLE_2020.12.07+WN3.1
839,883,match,-9.028,1,1,0,0,N|V,0,0,,,,,0,0,B1K,SCOWL60_STABLE_2020.12.07+WN3.1
840,884,mom,-9.028,1,1,0,0,N,1,1,om,mo,,moms,2,1,B1K,SCOWL60_STABLE_2020.12.07+WN3.1
841,885,october,-9.028,0,0,0,0,N,0,0,,,,,0,0,B1K,SCOWL60_STABLE_2020.12.07+WN3.1
842,886,oil,-9.028,1,1,0,0,N|V,1,1,,oi,soil;boil;coil;foil,oils,1,5,B1K,SCOWL60_STABLE_2020.12.07+WN3.1
843,887,paid,-9.028,1,1,0,0,ADJ,1,0,aid,,,,1,0,B1K,SCOWL60_STABLE_2020.12.07+WN3.1
844,888,particular,-9.028,1,1,0,0,N|ADJ,1,1,,,,particulars,0,1,B1K,SCOWL60_STABLE_2020.12.07+WN3.1
845,889,parts,-9.028,1,0,1,0,N,1,0,arts,part,,,2,0,B1K,SCOWL60_STABLE_2020.12.07+WN3.1
846,890,perhaps,-9.028,1,1,0,0,ADV,0,0,,,,,0,0,B1K,SCOWL60_STABLE_2020.12.07+WN3.1
847,891,property,-9.028,1,1,0,0,N,0,0,,,,,0,0,B1K,SCOWL60_STABLE_2020.12.07+WN3.1
848,892,published,-9.028,1,1,1,0,ADJ,0,0,,,,,0,0,B1K,SCOWL60_STABLE_2020.12.07+WN3.1
849,893,reading,-9.028,1,1,1,0,N,1,1,,,,readings,0,1,B1K,SCOWL60_STABLE_2020.12.07+WN3.1
850,894,release,-9.028,1,1,1,0,N|V,1,1,,,,released;releases,0,2,B1K,SCOWL60_STABLE_2020.12.07+WN3.1
851,895,seven,-9.028,1,1,0,0,N|ADJ,1,0,even,,,,1,0,B1K,SCOWL60_STABLE_2020.12.07+WN3.1
852,896,stuff,-9.028,1,1,0,0,N|V,0,0,,,,,0,0,B1K,SCOWL60_STABLE_2020.12.07+WN3.1
853,897,subject,-9.028,1,1,0,0,N|V|ADJ,1,1,,,,subjects,0,1,B1K,SCOWL60_STABLE_2020.12.07+WN3.1
854,898,technology,-9.028,1,1,0,0,N,0,0,,,,,0,0,B1K,SCOWL60_STABLE_2020.12.07+WN3.1
855,899,therefore,-9.028,1,1,0,0,ADV,0,0,,,,,0,0,B1K,SCOWL60_STABLE_2020.12.07+WN3.1
856,900,towards,-9.028,1,0,1,0,,1,0,,toward,,,1,0,B1K,SCOWL60_STABLE_2020.12.07+WN3.1
857,901,version,-9.028,1,1,1,0,N,1,1,,,aversion,versions,0,2,B1K,SCOWL60_STABLE_2020.12.07+WN3.1
858,902,voice,-9.028,1,1,0,0,N|V,1,1,,,,voices;voiced,0,2,B1K,SCOWL60_STABLE_2020.12.07+WN3.1
859,903,w,-9.028,0,1,0,0,N,0,0,,,,,0,0,B1K,SCOWL60_STABLE_2020.12.07+WN3.1
860,904,add,-9.0533,1,1,0,0,N|V,1,1,dd,ad,,adds,2,1,B1K,SCOWL60_STABLE_2020.12.07+WN3.1
861,905,army,-9.0533,1,1,0,0,N,1,0,,arm,,,1,0,B1K,SCOWL60_STABLE_2020.12.07+WN3.1
862,906,attack,-9.0533,1,1,0,0,N|V,1,1,,,,attacks,0,1,B1K,SCOWL60_STABLE_2020.12.07+WN3.1
863,907,canada,-9.0533,0,0,0,0,N,0,0,,,,,0,0,B1K,SCOWL60_STABLE_2020.12.07+WN3.1
864,908,changed,-9.0533,1,1,1,0,ADJ,1,0,hanged,change,,,2,0,B1K,SCOWL60_STABLE_2020.12.07+WN3.1
865,909,china,-9.0533,1,1,0,0,N,1,0,,chin,,,1,0,B1K,SCOWL60_STABLE_2020.12.07+WN3.1
866,910,f,-9.0533,0,1,0,0,N,0,0,,,,,0,0,B1K,SCOWL60_STABLE_2020.12.07+WN3.1
867,911,football,-9.0533,1,1,0,0,N,0,0,,,,,0,0,B1K,SCOWL60_STABLE_2020.12.07+WN3.1
868,912,hi,-9.0533,1,1,0,0,N,1,1,i,,chi;phi,his;him;hit;hip;hid,1,7,B1K,SCOWL60_STABLE_2020.12.07+WN3.1
869,913,january,-9.0533,0,0,0,0,N,0,0,,,,,0,0,B1K,SCOWL60_STABLE_2020.12.07+WN3.1
870,915,nature,-9.0533,1,1,0,0,N,0,0,,,,,0,0,B1K,SCOWL60_STABLE_2020.12.07+WN3.1
871,916,note,-9.0533,1,1,0,0,N|V,1,1,,not,,notes;noted,1,2,B1K,SCOWL60_STABLE_2020.12.07+WN3.1
872,917,practice,-9.0533,1,1,0,0,N|V,1,1,,,,practices;practiced,0,2,B1K,SCOWL60_STABLE_2020.12.07+WN3.1
873,918,radio,-9.0533,1,1,0,0,N|V|ADJ,1,1,,,,radios,0,1,B1K,SCOWL60_STABLE_2020.12.07+WN3.1
874,919,respect,-9.0533,1,1,0,0,N|V,1,1,,,,respects,0,1,B1K,SCOWL60_STABLE_2020.12.07+WN3.1
875,920,seem,-9.0533,1,1,0,0,V,1,1,,see,,seems,1,1,B1K,SCOWL60_STABLE_2020.12.07+WN3.1
876,921,style,-9.0533,1,1,0,0,N|V,1,1,,,,styles;styled,0,2,B1K,SCOWL60_STABLE_2020.12.07+WN3.1
877,922,success,-9.0533,1,1,0,0,N,0,0,,,,,0,0,B1K,SCOWL60_STABLE_2020.12.07+WN3.1
878,923,ten,-9.0533,1,1,1,0,N|ADJ,1,1,en,,,tend;tent;tens,1,3,B1K,SCOWL60_STABLE_2020.12.07+WN3.1
879,924,truth,-9.0533,1,1,0,0,N,1,1,,,,truths,0,1,B1K,SCOWL60_STABLE_2020.12.07+WN3.1
880,925,v,-9.0533,0,1,0,0,N|ADJ,0,0,,,,,0,0,B1K,SCOWL60_STABLE_2020.12.07+WN3.1
881,926,vote,-9.0533,1,1,0,0,N|V,1,1,,,,votes;voted;voter,0,3,B1K,SCOWL60_STABLE_2020.12.07+WN3.1
882,927,ways,-9.0533,1,0,1,0,N,1,0,,way,,,1,0,B1K,SCOWL60_STABLE_2020.12.07+WN3.1
883,928,article,-9.0706,1,1,0,0,N|V,1,1,,,particle,articles,0,2,B1K,SCOWL60_STABLE_2020.12.07+WN3.1
884,929,born,-9.0706,1,1,0,0,N|ADJ,1,1,,,,borne,0,1,B1K,SCOWL60_STABLE_2020.12.07+WN3.1
885,930,built,-9.0706,1,1,0,0,ADJ,0,0,,,,,0,0,B1K,SCOWL60_STABLE_2020.12.07+WN3.1
886,931,committee,-9.0706,1,1,0,0,N,1,1,,,,committees,0,1,B1K,SCOWL60_STABLE_2020.12.07+WN3.1
887,932,culture,-9.0706,1,1,0,0,N|V,1,1,,,,cultures;cultured,0,2,B1K,SCOWL60_STABLE_2020.12.07+WN3.1
888,933,december,-9.0706,0,0,0,0,N,0,0,,,,,0,0,B1K,SCOWL60_STABLE_2020.12.07+WN3.1
889,934,door,-9.0706,1,1,0,0,N,1,1,,,,doors,0,1,B1K,SCOWL60_STABLE_2020.12.07+WN3.1
890,935,goal,-9.0706,1,1,0,0,N,1,1,,,,goals,0,1,B1K,SCOWL60_STABLE_2020.12.07+WN3.1
891,936,message,-9.0706,1,1,0,0,N|V,1,1,,,,messages,0,1,B1K,SCOWL60_STABLE_2020.12.07+WN3.1
892,937,november,-9.0706,0,0,0,0,N,0,0,,,,,0,0,B1K,SCOWL60_STABLE_2020.12.07+WN3.1
893,938,ones,-9.0706,1,0,1,0,,1,1,,one,bones;zones;tones;cones,,1,4,B1K,SCOWL60_STABLE_2020.12.07+WN3.1
894,939,sign,-9.0706,1,1,0,0,N|V|ADJ,1,1,,,,signs,0,1,B1K,SCOWL60_STABLE_2020.12.07+WN3.1
895,940,staff,-9.0706,1,1,0,0,N|V,0,0,,,,,0,0,B1K,SCOWL60_STABLE_2020.12.07+WN3.1
896,941,thus,-9.0706,1,1,0,0,N|ADV,0,0,,,,,0,0,B1K,SCOWL60_STABLE_2020.12.07+WN3.1
897,942,title,-9.0706,1,1,0,0,N|V,1,1,,,,titles;titled,0,2,B1K,SCOWL60_STABLE_2020.12.07+WN3.1
898,943,waiting,-9.0706,1,1,1,0,N|ADJ,1,1,,,awaiting,,0,1,B1K,SCOWL60_STABLE_2020.12.07+WN3.1
899,944,walk,-9.0706,1,1,0,0,N|V,1,1,,,,walks,0,1,B1K,SCOWL60_STABLE_2020.12.07+WN3.1
900,945,writing,-9.0706,1,1,1,0,N,1,1,,,,writings,0,1,B1K,SCOWL60_STABLE_2020.12.07+WN3.1
901,946,wrote,-9.0706,1,1,0,0,,0,0,,,,,0,0,B1K,SCOWL60_STABLE_2020.12.07+WN3.1
902,948,access,-9.097,1,1,0,0,N|V,0,0,,,,,0,0,B1K,SCOWL60_STABLE_2020.12.07+WN3.1
903,949,allowed,-9.097,1,0,1,0,,0,0,,,,,0,0,B1K,SCOWL60_STABLE_2020.12.07+WN3.1
904,950,bed,-9.097,1,1,1,0,N|V,1,1,ed,be,,beds,2,1,B1K,SCOWL60_STABLE_2020.12.07+WN3.1
905,951,bill,-9.097,1,1,0,0,N|V,1,1,ill,,,bills;billy,1,2,B1K,SCOWL60_STABLE_2020.12.07+WN3.1
906,952,centre,-9.097,0,0,0,0,N|V,0,0,,,,,0,0,B1K,SCOWL60_STABLE_2020.12.07+WN3.1
907,953,code,-9.097,1,1,0,0,N|V,1,1,ode,cod,,codes;coded;codex,2,3,B1K,SCOWL60_STABLE_2020.12.07+WN3.1
908,954,conditions,-9.097,1,0,1,0,N,1,0,,condition,,,1,0,B1K,SCOWL60_STABLE_2020.12.07+WN3.1
909,955,contact,-9.097,1,1,1,0,N|V,1,1,,,,contacts,0,1,B1K,SCOWL60_STABLE_2020.12.07+WN3.1
910,956,cover,-9.097,1,1,0,0,N|V,1,1,over,cove,,covers;covert,2,2,B1K,SCOWL60_STABLE_2020.12.07+WN3.1
911,957,daily,-9.097,1,1,0,0,N|ADJ|ADV,0,0,,,,,0,0,B1K,SCOWL60_STABLE_2020.12.07+WN3.1
912,958,entire,-9.097,1,1,0,0,N|ADJ,0,0,,,,,0,0,B1K,SCOWL60_STABLE_2020.12.07+WN3.1
913,959,growth,-9.097,1,1,1,0,N,0,0,,,,,0,0,B1K,SCOWL60_STABLE_2020.12.07+WN3.1
914,960,lose,-9.097,1,1,0,0,V,1,1,,,close,loses;loser,0,3,B1K,SCOWL60_STABLE_2020.12.07+WN3.1
915,961,loss,-9.097,1,1,0,0,N,1,1,,,gloss,,0,1,B1K,SCOWL60_STABLE_2020.12.07+WN3.1
916,962,modern,-9.097,1,1,0,0,N|ADJ,0,0,,,,,0,0,B1K,SCOWL60_STABLE_2020.12.07+WN3.1
917,963,necessary,-9.097,1,1,0,0,N|ADJ,0,0,,,,,0,0,B1K,SCOWL60_STABLE_2020.12.07+WN3.1
918,964,offer,-9.097,1,1,1,0,N|V,1,1,,,,offers,0,1,B1K,SCOWL60_STABLE_2020.12.07+WN3.1
919,965,pass,-9.097,1,1,0,0,N|V|ADJ,1,0,ass,pas,,,2,0,B1K,SCOWL60_STABLE_2020.12.07+WN3.1
920,966,paul,-9.097,0,0,0,0,N,0,0,,,,,0,0,B1K,SCOWL60_STABLE_2020.12.07+WN3.1
921,967,peace,-9.097,1,1,0,0,N,0,0,,,,,0,0,B1K,SCOWL60_STABLE_2020.12.07+WN3.1
922,968,race,-9.097,1,1,0,0,N|V,1,1,ace,,grace;trace;brace,races;raced;racer,1,6,B1K,SCOWL60_STABLE_2020.12.07+WN3.1
923,969,reported,-9.097,1,1,1,0,ADJ,0,0,,,,,0,0,B1K,SCOWL60_STABLE_2020.12.07+WN3.1
924,970,response,-9.097,1,1,0,0,N,1,1,,,,responses,0,1,B1K,SCOWL60_STABLE_2020.12.07+WN3.1
925,971,simply,-9.097,1,1,0,0,ADV,1,0,imply,,,,1,0,B1K,SCOWL60_STABLE_2020.12.07+WN3.1
926,972,sleep,-9.097,1,1,0,0,N|V,1,1,,,asleep,sleepy;sleeps,0,3,B1K,SCOWL60_STABLE_2020.12.07+WN3.1
927,973,studies,-9.097,1,0,1,0,,0,0,,,,,0,0,B1K,SCOWL60_STABLE_2020.12.07+WN3.1
928,974,systems,-9.097,1,0,1,0,,1,0,,system,,,1,0,B1K,SCOWL60_STABLE_2020.12.07+WN3.1
929,975,text,-9.097,1,1,0,0,N,1,1,,,,texts,0,1,B1K,SCOWL60_STABLE_2020.12.07+WN3.1
930,976,visit,-9.097,1,1,0,0,N|V,1,1,,,,visits,0,1,B1K,SCOWL60_STABLE_2020.12.07+WN3.1
931,977,beginning,-9.115,1,1,0,0,N|ADJ,1,1,,,,beginnings,0,1,B1K,SCOWL60_STABLE_2020.12.07+WN3.1
932,978,below,-9.115,1,1,0,0,ADV,0,0,,,,,0,0,B1K,SCOWL60_STABLE_2020.12.07+WN3.1
933,979,crazy,-9.115,1,1,0,0,N|ADJ,0,0,,,,,0,0,B1K,SCOWL60_STABLE_2020.12.07+WN3.1
934,980,dog,-9.115,1,1,0,0,N|V,1,1,,do,,dogs,1,1,B1K,SCOWL60_STABLE_2020.12.07+WN3.1
935,981,election,-9.115,1,1,0,0,N,1,1,,,selection,elections,0,2,B1K,SCOWL60_STABLE_2020.12.07+WN3.1
936,982,h,-9.115,0,1,0,0,N,0,0,,,,,0,0,B1K,SCOWL60_STABLE_2020.12.07+WN3.1
937,983,knowledge,-9.115,1,1,0,0,N,0,0,,,,,0,0,B1K,SCOWL60_STABLE_2020.12.07+WN3.1
938,984,network,-9.115,1,1,0,0,N|V,1,1,,,,networks,0,1,B1K,SCOWL60_STABLE_2020.12.07+WN3.1
939,985,normal,-9.115,1,1,0,0,N|ADJ,0,0,,,,,0,0,B1K,SCOWL60_STABLE_2020.12.07+WN3.1
940,986,officer,-9.115,1,1,1,0,N|V,1,1,,office,,officers,1,1,B1K,SCOWL60_STABLE_2020.12.07+WN3.1
941,987,paper,-9.115,1,1,0,0,N|V,1,1,,,,papers,0,1,B1K,SCOWL60_STABLE_2020.12.07+WN3.1
942,988,sir,-9.115,1,1,0,0,N,1,1,,,,sire,0,1,B1K,SCOWL60_STABLE_2020.12.07+WN3.1
943,989,specific,-9.115,1,1,0,0,N|ADJ,1,1,,,,specifics,0,1,B1K,SCOWL60_STABLE_2020.12.07+WN3.1
944,990,starting,-9.115,1,0,1,0,N|ADJ,0,0,,,,,0,0,B1K,SCOWL60_STABLE_2020.12.07+WN3.1
945,991,uk,-9.115,0,0,0,0,N,0,0,,,,,0,0,B1K,SCOWL60_STABLE_2020.12.07+WN3.1
946,992,workers,-9.115,1,0,1,0,,1,0,,worker,,,1,0,B1K,SCOWL60_STABLE_2020.12.07+WN3.1
947,993,august,-9.1427,1,1,0,0,N|ADJ,0,0,,,,,0,0,B1K,SCOWL60_STABLE_2020.12.07+WN3.1
948,994,ball,-9.1427,1,1,0,0,N|V,1,1,all,,,balls,1,1,B1K,SCOWL60_STABLE_2020.12.07+WN3.1
949,995,base,-9.1427,1,1,0,0,N|V|ADJ,1,1,,,,based;bases,0,2,B1K,SCOWL60_STABLE_2020.12.07+WN3.1
950,996,boys,-9.1427,1,0,1,0,,1,0,,boy,,,1,0,B1K,SCOWL60_STABLE_2020.12.07+WN3.1
951,997,cold,-9.1427,1,1,0,0,N|ADJ,1,0,old,col,,,2,0,B1K,SCOWL60_STABLE_2020.12.07+WN3.1
952,998,computer,-9.1427,1,1,0,0,N,1,1,,compute,,computers,1,1,B1K,SCOWL60_STABLE_2020.12.07+WN3.1
953,999,create,-9.1427,1,1,0,0,V,1,1,,,,created;creates,0,2,B1K,SCOWL60_STABLE_2020.12.07+WN3.1
954,1000,dark,-9.1427,1,1,0,0,N|ADJ,1,0,ark,,,,1,0,B1K,SCOWL60_STABLE_2020.12.07+WN3.1
955,1001,daughter,-9.1427,1,1,0,0,N,1,1,,,,daughters,0,1,B1K,SCOWL60_STABLE_2020.12.07+WN3.1
956,1002,described,-9.1427,1,0,1,0,ADJ,1,0,,describe,,,1,0,B1K,SCOWL60_STABLE_2020.12.07+WN3.1
957,1003,enjoy,-9.1427,1,1,0,0,V,1,1,,,,enjoys,0,1,B1K,SCOWL60_STABLE_2020.12.07+WN3.1
958,1004,forget,-9.1427,1,1,0,0,V,1,1,,forge,,forgets,1,1,B1K,SCOWL60_STABLE_2020.12.07+WN3.1
959,1005,german,-9.1427,0,0,0,0,N|ADJ,0,0,,,,,0,0,B1K,SCOWL60_STABLE_2020.12.07+WN3.1
960,1006,hospital,-9.1427,1,1,0,0,N,1,1,,,,hospitals,0,1,B1K,SCOWL60_STABLE_2020.12.07+WN3.1
961,1007,island,-9.1427,1,1,0,0,N,1,1,,,,islands,0,1,B1K,SCOWL60_STABLE_2020.12.07+WN3.1
962,1008,mark,-9.1427,1,1,0,0,N|V,1,1,ark,mar,,marks,2,1,B1K,SCOWL60_STABLE_2020.12.07+WN3.1
963,1009,married,-9.1427,1,1,1,0,N|ADJ,0,0,,,,,0,0,B1K,SCOWL60_STABLE_2020.12.07+WN3.1
964,1010,missing,-9.1427,1,0,1,0,ADJ,0,0,,,,,0,0,B1K,SCOWL60_STABLE_2020.12.07+WN3.1
965,1011,pick,-9.1427,1,1,0,0,N|V,1,1,,pic,,picks,1,1,B1K,SCOWL60_STABLE_2020.12.07+WN3.1
966,1012,places,-9.1427,1,0,1,0,,1,0,,place,,,1,0,B1K,SCOWL60_STABLE_2020.12.07+WN3.1
967,1013,recent,-9.1427,1,1,0,0,N|ADJ,0,0,,,,,0,0,B1K,SCOWL60_STABLE_2020.12.07+WN3.1
968,1014,required,-9.1427,1,0,1,0,ADJ,1,0,,require,,,1,0,B1K,SCOWL60_STABLE_2020.12.07+WN3.1
969,1015,river,-9.1427,1,1,1,0,N,1,1,,,driver,rivers,0,2,B1K,SCOWL60_STABLE_2020.12.07+WN3.1
970,1016,speak,-9.1427,1,1,0,0,V,1,1,peak,,,speaks,1,1,B1K,SCOWL60_STABLE_2020.12.07+WN3.1
971,1017,standard,-9.1427,1,1,0,0,N|ADJ,1,1,,,,standards,0,1,B1K,SCOWL60_STABLE_2020.12.07+WN3.1
972,1018,super,-9.1427,1,1,1,0,N|ADJ|ADV,1,1,,,,superb,0,1,B1K,SCOWL60_STABLE_2020.12.07+WN3.1
973,1019,tomorrow,-9.1427,1,1,0,0,N|ADV,0,0,,,,,0,0,B1K,SCOWL60_STABLE_2020.12.07+WN3.1
974,1020,western,-9.1427,1,1,0,0,N|ADJ,0,0,,,,,0,0,B1K,SCOWL60_STABLE_2020.12.07+WN3.1
975,1021,africa,-9.1616,0,0,0,0,N,0,0,,,,,0,0,B1K,SCOWL60_STABLE_2020.12.07+WN3.1
976,1022,allow,-9.1616,1,1,0,0,V,1,1,,,,allows,0,1,B1K,SCOWL60_STABLE_2020.12.07+WN3.1
977,1024,cross,-9.1616,1,1,0,0,N|V|ADJ,1,1,,,across,,0,1,B1K,SCOWL60_STABLE_2020.12.07+WN3.1
978,1025,except,-9.1616,1,1,0,0,V,0,0,,,,,0,0,B1K,SCOWL60_STABLE_2020.12.07+WN3.1
979,1026,gives,-9.1616,1,0,1,0,,1,0,,give,,,1,0,B1K,SCOWL60_STABLE_2020.12.07+WN3.1
980,1027,hair,-9.1616,1,1,0,0,N,1,1,air,,chair,hairs;hairy,1,3,B1K,SCOWL60_STABLE_2020.12.07+WN3.1
981,1028,ice,-9.1616,1,1,0,0,N|V,1,1,,,nice;vice;rice;mice;dice;lice,iced,0,7,B1K,SCOWL60_STABLE_2020.12.07+WN3.1
982,1029,income,-9.1616,1,0,1,0,N,1,1,,,,incomes,0,1,B1K,SCOWL60_STABLE_2020.12.07+WN3.1
983,1030,knows,-9.1616,1,0,1,0,,1,0,,know,,,1,0,B1K,SCOWL60_STABLE_2020.12.07+WN3.1
984,1031,listen,-9.1616,1,1,1,0,V,1,1,,,,listens,0,1,B1K,SCOWL60_STABLE_2020.12.07+WN3.1
985,1032,movement,-9.1616,1,1,0,0,N,1,1,,,,movements,0,1,B1K,SCOWL60_STABLE_2020.12.07+WN3.1
986,1033,particularly,-9.1616,1,0,1,0,ADV,0,0,,,,,0,0,B1K,SCOWL60_STABLE_2020.12.07+WN3.1
987,1034,plans,-9.1616,1,0,1,0,,1,0,,plan,,,1,0,B1K,SCOWL60_STABLE_2020.12.07+WN3.1
988,1035,popular,-9.1616,1,1,0,0,ADJ,0,0,,,,,0,0,B1K,SCOWL60_STABLE_2020.12.07+WN3.1
989,1036,potential,-9.1616,1,1,0,0,N|ADJ,0,0,,,,,0,0,B1K,SCOWL60_STABLE_2020.12.07+WN3.1
990,1037,pressure,-9.1616,1,1,0,0,N|V,1,1,,,,pressures;pressured,0,2,B1K,SCOWL60_STABLE_2020.12.07+WN3.1
991,1038,rock,-9.1616,1,1,0,0,N|V,1,1,,,,rocks;rocky,0,2,B1K,SCOWL60_STABLE_2020.12.07+WN3.1
992,1039,safe,-9.1616,1,1,0,0,N|ADJ,1,1,,,,safer,0,1,B1K,SCOWL60_STABLE_2020.12.07+WN3.1
993,1040,schools,-9.1616,1,0,1,0,,1,0,,school,,,1,0,B1K,SCOWL60_STABLE_2020.12.07+WN3.1
994,1041,search,-9.1616,1,1,0,0,N|V,0,0,,,,,0,0,B1K,SCOWL60_STABLE_2020.12.07+WN3.1
995,1042,station,-9.1616,1,1,1,0,N|V,1,1,,,,stations,0,1,B1K,SCOWL60_STABLE_2020.12.07+WN3.1
996,1043,straight,-9.1616,1,1,0,0,N|ADJ|ADV,0,0,,,,,0,0,B1K,SCOWL60_STABLE_2020.12.07+WN3.1
997,1044,tonight,-9.1616,1,1,0,0,N|ADV,0,0,,,,,0,0,B1K,SCOWL60_STABLE_2020.12.07+WN3.1
998,1045,track,-9.1616,1,1,0,0,N|V,1,1,rack,,,tracks,1,1,B1K,SCOWL60_STABLE_2020.12.07+WN3.1
999,1046,treatment,-9.1616,1,1,0,0,N,1,1,,,,treatments,0,1,B1K,SCOWL60_STABLE_2020.12.07+WN3.1
1000,1047,u,-9.1616,0,1,0,0,N|ADJ,0,0,,,,,0,0,B1K,SCOWL60_STABLE_2020.12.07+WN3.1
1001,1048,wanna,-9.1616,1,1,0,0,,0,0,,,,,0,0,C3K,SCOWL60_STABLE_2020.12.07+WN3.1
1002,1049,weight,-9.1616,1,1,0,0,N|V,1,1,eight,weigh,,weights,2,1,C3K,SCOWL60_STABLE_2020.12.07+WN3.1
1003,1051,association,-9.1905,1,1,1,0,N,1,1,,,,associations,0,1,C3K,SCOWL60_STABLE_2020.12.07+WN3.1
1004,1052,australia,-9.1905,0,0,0,0,N,0,0,,,,,0,0,C3K,SCOWL60_STABLE_2020.12.07+WN3.1
1005,1053,charge,-9.1905,1,1,0,0,N|V,1,1,,,,charges;charged;charger,0,3,C3K,SCOWL60_STABLE_2020.12.07+WN3.1
1006,1054,conference,-9.1905,1,1,0,0,N,1,1,,,,conferences,0,1,C3K,SCOWL60_STABLE_2020.12.07+WN3.1
1007,1055,developed,-9.1905,1,1,1,0,ADJ,0,0,,,,,0,0,C3K,SCOWL60_STABLE_2020.12.07+WN3.1
1008,1056,difference,-9.1905,1,1,0,0,N,1,1,,,,differences,0,1,C3K,SCOWL60_STABLE_2020.12.07+WN3.1
1009,1057,eight,-9.1905,1,1,0,0,N|ADJ,1,1,,,weight;height,eighth;eighty,0,4,C3K,SCOWL60_STABLE_2020.12.07+WN3.1
1010,1058,established,-9.1905,1,0,1,0,ADJ,0,0,,,,,0,0,C3K,SCOWL60_STABLE_2020.12.07+WN3.1
1011,1059,justice,-9.1905,1,1,0,0,N,1,1,,,,justices,0,1,C3K,SCOWL60_STABLE_2020.12.07+WN3.1
1012,1060,limited,-9.1905,1,1,1,0,N|ADJ,0,0,,,,,0,0,C3K,SCOWL60_STABLE_2020.12.07+WN3.1
1013,1061,numbers,-9.1905,1,0,1,0,N,1,0,,number,,,1,0,C3K,SCOWL60_STABLE_2020.12.07+WN3.1
1014,1062,pain,-9.1905,1,1,0,0,N|V,1,1,,,,paint;pains,0,2,C3K,SCOWL60_STABLE_2020.12.07+WN3.1
1015,1063,previous,-9.1905,1,1,0,0,ADJ,0,0,,,,,0,0,C3K,SCOWL60_STABLE_2020.12.07+WN3.1
1016,1064,released,-9.1905,1,1,1,0,,1,0,,release,,,1,0,C3K,SCOWL60_STABLE_2020.12.07+WN3.1
1017,1065,seeing,-9.1905,1,1,0,0,N|ADJ,0,0,,,,,0,0,C3K,SCOWL60_STABLE_2020.12.07+WN3.1
1018,1066,wall,-9.1905,1,1,0,0,N|V,1,1,all,,,walls;wally,1,2,C3K,SCOWL60_STABLE_2020.12.07+WN3.1
1019,1067,welcome,-9.1905,1,1,0,0,N|V|ADJ,1,1,,,,welcomed;welcomes,0,2,C3K,SCOWL60_STABLE_2020.12.07+WN3.1
1020,1068,write,-9.1905,1,1,0,0,V,1,1,rite,writ,,writer;writes,2,2,C3K,SCOWL60_STABLE_2020.12.07+WN3.1
1021,1069,amazing,-9.2103,1,1,1,0,ADJ,0,0,,,,,0,0,C3K,SCOWL60_STABLE_2020.12.07+WN3.1
1022,1070,consider,-9.2103,1,1,0,0,V,1,1,,,,considers,0,1,C3K,SCOWL60_STABLE_2020.12.07+WN3.1
1023,1071,double,-9.2103,1,1,0,0,N|V|ADJ|ADV,1,1,,,,doubled;doubles,0,2,C3K,SCOWL60_STABLE_2020.12.07+WN3.1
1024,1072,earlier,-9.2103,1,0,1,0,ADJ|ADV,0,0,,,,,0,0,C3K,SCOWL60_STABLE_2020.12.07+WN3.1
1025,1073,expected,-9.2103,1,0,1,0,ADJ,0,0,,,,,0,0,C3K,SCOWL60_STABLE_2020.12.07+WN3.1
1026,1074,eye,-9.2103,1,1,0,0,N|V,1,1,ye,,,eyes;eyed,1,2,C3K,SCOWL60_STABLE_2020.12.07+WN3.1
1027,1075,generally,-9.2103,1,0,1,0,ADV,0,0,,,,,0,0,C3K,SCOWL60_STABLE_2020.12.07+WN3.1
1028,1076,george,-9.2103,0,0,0,0,N,0,0,,,,,0,0,C3K,SCOWL60_STABLE_2020.12.07+WN3.1
1029,1077,link,-9.2103,1,1,0,0,N|V,1,1,ink,,blink,links,1,2,C3K,SCOWL60_STABLE_2020.12.07+WN3.1
1030,1078,moved,-9.2103,1,1,1,0,ADJ,1,0,,move,,,1,0,C3K,SCOWL60_STABLE_2020.12.07+WN3.1
1031,1079,provided,-9.2103,1,1,1,0,,1,0,,provide,,,1,0,C3K,SCOWL60_STABLE_2020.12.07+WN3.1
1032,1080,quickly,-9.2103,1,0,1,0,ADV,0,0,,,,,0,0,C3K,SCOWL60_STABLE_2020.12.07+WN3.1
1033,1081,rule,-9.2103,1,1,0,0,N|V,1,1,,,,rules;ruled;ruler,0,3,C3K,SCOWL60_STABLE_2020.12.07+WN3.1
1034,1082,significant,-9.2103,1,1,0,0,ADJ,0,0,,,,,0,0,C3K,SCOWL60_STABLE_2020.12.07+WN3.1
1035,1083,speed,-9.2103,1,1,0,0,N|V,1,1,,,,speeds;speedy,0,2,C3K,SCOWL60_STABLE_2020.12.07+WN3.1
1036,1084,student,-9.2103,1,1,0,0,N,1,1,,,,students,0,1,C3K,SCOWL60_STABLE_2020.12.07+WN3.1
1037,1085,throughout,-9.2103,1,1,0,0,ADV,0,0,,,,,0,0,C3K,SCOWL60_STABLE_2020.12.07+WN3.1
1038,1086,via,-9.2103,1,1,0,0,,1,0,,vi,,,1,0,C3K,SCOWL60_STABLE_2020.12.07+WN3.1
1039,1087,washington,-9.2103,0,0,0,0,N,0,0,,,,,0,0,C3K,SCOWL60_STABLE_2020.12.07+WN3.1
1040,1089,addition,-9.2336,1,1,0,0,N,1,1,,,,additions,0,1,C3K,SCOWL60_STABLE_2020.12.07+WN3.1
1041,1090,box,-9.2336,1,1,0,0,N|V,1,0,ox,,,,1,0,C3K,SCOWL60_STABLE_2020.12.07+WN3.1
1042,1091,build,-9.2336,1,1,0,0,N|V,1,1,,,,builds,0,1,C3K,SCOWL60_STABLE_2020.12.07+WN3.1
1043,1092,career,-9.2336,1,1,0,0,N|V,1,1,,,,careers,0,1,C3K,SCOWL60_STABLE_2020.12.07+WN3.1
1044,1093,chinese,-9.2336,0,0,0,0,N|ADJ,0,0,,,,,0,0,C3K,SCOWL60_STABLE_2020.12.07+WN3.1
1045,1094,deep,-9.2336,1,1,0,0,N|ADJ|ADV,0,0,,,,,0,0,C3K,SCOWL60_STABLE_2020.12.07+WN3.1
1046,1095,despite,-9.2336,1,1,0,0,N,0,0,,,,,0,0,C3K,SCOWL60_STABLE_2020.12.07+WN3.1
1047,1096,etc,-9.2336,1,1,0,0,,0,0,,,,,0,0,C3K,SCOWL60_STABLE_2020.12.07+WN3.1
1048,1097,families,-9.2336,1,0,1,0,,0,0,,,,,0,0,C3K,SCOWL60_STABLE_2020.12.07+WN3.1
1049,1098,focus,-9.2336,1,1,0,0,N|V,0,0,,,,,0,0,C3K,SCOWL60_STABLE_2020.12.07+WN3.1
1050,1099,funny,-9.2336,1,1,0,0,N|ADJ,0,0,,,,,0,0,C3K,SCOWL60_STABLE_2020.12.07+WN3.1
1051,1100,greater,-9.2336,1,0,1,0,ADJ,0,0,,,,,0,0,C3K,SCOWL60_STABLE_2020.12.07+WN3.1
1052,1101,image,-9.2336,1,1,0,0,N|V,1,1,,,,images,0,1,C3K,SCOWL60_STABLE_2020.12.07+WN3.1
1053,1102,immediately,-9.2336,1,0,1,0,ADV,0,0,,,,,0,0,C3K,SCOWL60_STABLE_2020.12.07+WN3.1
1054,1103,j,-9.2336,0,1,0,0,N,0,0,,,,,0,0,C3K,SCOWL60_STABLE_2020.12.07+WN3.1
1055,1104,material,-9.2336,1,1,0,0,N|ADJ,1,1,,,,materials,0,1,C3K,SCOWL60_STABLE_2020.12.07+WN3.1
1056,1105,moving,-9.2336,1,1,1,0,ADJ,0,0,,,,,0,0,C3K,SCOWL60_STABLE_2020.12.07+WN3.1
1057,1106,percent,-9.2336,1,1,0,0,N,0,0,,,,,0,0,C3K,SCOWL60_STABLE_2020.12.07+WN3.1
1058,1107,spent,-9.2336,1,1,0,0,ADJ,0,0,,,,,0,0,C3K,SCOWL60_STABLE_2020.12.07+WN3.1
1059,1108,sun,-9.2336,1,1,0,0,N|V,1,1,,,,sung;sunk;suns,0,3,C3K,SCOWL60_STABLE_2020.12.07+WN3.1
1060,1109,train,-9.2336,1,1,0,0,N|V,1,1,rain,,strain,trains,1,2,C3K,SCOWL60_STABLE_2020.12.07+WN3.1
1061,1110,ahead,-9.2564,1,1,0,0,ADJ|ADV,1,0,head,,,,1,0,C3K,SCOWL60_STABLE_2020.12.07+WN3.1
1062,1111,album,-9.2564,1,1,0,0,N,1,1,,,,albums,0,1,C3K,SCOWL60_STABLE_2020.12.07+WN3.1
1063,1113,ass,-9.2564,1,1,0,0,N,1,1,,as,pass;mass;bass,,1,3,C3K,SCOWL60_STABLE_2020.12.07+WN3.1
1064,1114,beat,-9.2564,1,1,0,0,N|V|ADJ,1,1,eat,,,beats,1,1,C3K,SCOWL60_STABLE_2020.12.07+WN3.1
1065,1115,beyond,-9.2564,1,1,0,0,ADV,0,0,,,,,0,0,C3K,SCOWL60_STABLE_2020.12.07+WN3.1
1066,1116,card,-9.2564,1,1,0,0,N|V,1,1,,car,,cards,1,1,C3K,SCOWL60_STABLE_2020.12.07+WN3.1
1067,1117,civil,-9.2564,1,1,0,0,ADJ,0,0,,,,,0,0,C3K,SCOWL60_STABLE_2020.12.07+WN3.1
1068,1118,clearly,-9.2564,1,0,1,0,ADV,0,0,,,,,0,0,C3K,SCOWL60_STABLE_2020.12.07+WN3.1
1069,1119,continued,-9.2564,1,0,1,0,ADJ,1,0,,continue,,,1,0,C3K,SCOWL60_STABLE_2020.12.07+WN3.1
1070,1120,fear,-9.2564,1,1,0,0,N|V,1,1,ear,,,fears,1,1,C3K,SCOWL60_STABLE_2020.12.07+WN3.1
1071,1121,february,-9.2564,0,0,0,0,N,0,0,,,,,0,0,C3K,SCOWL60_STABLE_2020.12.07+WN3.1
1072,1122,female,-9.2564,1,1,0,0,N|ADJ,1,1,,,,females,0,1,C3K,SCOWL60_STABLE_2020.12.07+WN3.1
1073,1123,friday,-9.2564,0,0,0,0,N,0,0,,,,,0,0,C3K,SCOWL60_STABLE_2020.12.07+WN3.1
1074,1124,g,-9.2564,0,1,0,0,N,0,0,,,,,0,0,C3K,SCOWL60_STABLE_2020.12.07+WN3.1
1075,1125,global,-9.2564,1,1,0,0,ADJ,0,0,,,,,0,0,C3K,SCOWL60_STABLE_2020.12.07+WN3.1
1076,1126,holy,-9.2564,1,1,1,0,N|ADJ,0,0,,,,,0,0,C3K,SCOWL60_STABLE_2020.12.07+WN3.1
1077,1127,huge,-9.2564,1,1,0,0,ADJ,1,0,,hug,,,1,0,C3K,SCOWL60_STABLE_2020.12.07+WN3.1
1078,1128,kept,-9.2564,1,1,0,0,ADJ,0,0,,,,,0,0,C3K,SCOWL60_STABLE_2020.12.07+WN3.1
1079,1129,leading,-9.2564,1,1,1,0,N|ADJ,1,1,,,pleading,,0,1,C3K,SCOWL60_STABLE_2020.12.07+WN3.1
1080,1130,leaving,-9.2564,1,0,1,0,N,0,0,,,,,0,0,C3K,SCOWL60_STABLE_2020.12.07+WN3.1
1081,1131,letter,-9.2564,1,1,0,0,N|V,1,1,,,,letters,0,1,C3K,SCOWL60_STABLE_2020.12.07+WN3.1
1082,1132,lines,-9.2564,1,0,1,0,,1,0,,line,,,1,0,C3K,SCOWL60_STABLE_2020.12.07+WN3.1
1083,1133,operation,-9.2564,1,1,1,0,N,1,1,,,,operations,0,1,C3K,SCOWL60_STABLE_2020.12.07+WN3.1
1084,1134,positive,-9.2564,1,1,1,0,N|ADJ,1,1,,,,positives,0,1,C3K,SCOWL60_STABLE_2020.12.07+WN3.1
1085,1135,seriously,-9.2564,1,0,1,0,ADV,0,0,,,,,0,0,C3K,SCOWL60_STABLE_2020.12.07+WN3.1
1086,1136,sort,-9.2564,1,1,0,0,N|V,1,1,,,,sorts;sorta,0,2,C3K,SCOWL60_STABLE_2020.12.07+WN3.1
1087,1137,tour,-9.2564,1,1,0,0,N|V,1,1,our,,,tours,1,1,C3K,SCOWL60_STABLE_2020.12.07+WN3.1
1088,1138,ability,-9.2797,1,1,0,0,N,0,0,,,,,0,0,C3K,SCOWL60_STABLE_2020.12.07+WN3.1
1089,1139,analysis,-9.2797,1,1,0,0,N,0,0,,,,,0,0,C3K,SCOWL60_STABLE_2020.12.07+WN3.1
1090,1140,brown,-9.2797,1,1,0,0,N|V|ADJ,1,1,,brow,,browns,1,1,C3K,SCOWL60_STABLE_2020.12.07+WN3.1
1091,1141,certainly,-9.2797,1,0,1,0,ADV,0,0,,,,,0,0,C3K,SCOWL60_STABLE_2020.12.07+WN3.1
1092,1142,completely,-9.2797,1,0,1,0,ADV,0,0,,,,,0,0,C3K,SCOWL60_STABLE_2020.12.07+WN3.1
1093,1143,direction,-9.2797,1,1,0,0,N,1,1,,,,directions,0,1,C3K,SCOWL60_STABLE_2020.12.07+WN3.1
1094,1144,expect,-9.2797,1,1,0,0,V,1,1,,,,expects,0,1,C3K,SCOWL60_STABLE_2020.12.07+WN3.1
1095,1145,fair,-9.2797,1,1,0,0,N|V|ADJ|ADV,1,1,air,,,fairy;fairs,1,2,C3K,SCOWL60_STABLE_2020.12.07+WN3.1
1096,1146,feet,-9.2797,1,1,0,0,,1,0,,fee,,,1,0,C3K,SCOWL60_STABLE_2020.12.07+WN3.1
1097,1147,gas,-9.2797,1,1,0,0,N|V,1,1,as,,,gasp,1,1,C3K,SCOWL60_STABLE_2020.12.07+WN3.1
1098,1148,independent,-9.2797,1,0,1,0,N|ADJ,1,1,,,,independents,0,1,C3K,SCOWL60_STABLE_2020.12.07+WN3.1
1099,1149,levels,-9.2797,1,0,1,0,,1,0,,level,,,1,0,C3K,SCOWL60_STABLE_2020.12.07+WN3.1
1100,1150,majority,-9.2797,1,1,0,0,N,0,0,,,,,0,0,C3K,SCOWL60_STABLE_2020.12.07+WN3.1
1101,1151,nearly,-9.2797,1,0,1,0,ADV,1,0,early,,,,1,0,C3K,SCOWL60_STABLE_2020.12.07+WN3.1
1102,1152,physical,-9.2797,1,1,0,0,ADJ,0,0,,,,,0,0,C3K,SCOWL60_STABLE_2020.12.07+WN3.1
1103,1153,piece,-9.2797,1,1,0,0,N|V,1,1,,,,pieces,0,1,C3K,SCOWL60_STABLE_2020.12.07+WN3.1
1104,1154,products,-9.2797,1,0,1,0,,1,0,,product,,,1,0,C3K,SCOWL60_STABLE_2020.12.07+WN3.1
1105,1155,professional,-9.2797,1,1,0,0,N|ADJ,1,1,,,,professionals,0,1,C3K,SCOWL60_STABLE_2020.12.07+WN3.1
1106,1156,recently,-9.2797,1,0,1,0,ADV,0,0,,,,,0,0,C3K,SCOWL60_STABLE_2020.12.07+WN3.1
1107,1157,russian,-9.2797,0,0,0,0,N|ADJ,0,0,,,,,0,0,C3K,SCOWL60_STABLE_2020.12.07+WN3.1
1108,1158,unless,-9.2797,1,1,0,0,,0,0,,,,,0,0,C3K,SCOWL60_STABLE_2020.12.07+WN3.1
1109,1159,watching,-9.2797,1,0,1,0,N,0,0,,,,,0,0,C3K,SCOWL60_STABLE_2020.12.07+WN3.1
1110,1160,wow,-9.2797,1,1,0,0,N|V,1,0,ow,,,,1,0,C3K,SCOWL60_STABLE_2020.12.07+WN3.1
1111,1161,approach,-9.3025,1,1,0,0,N|V,0,0,,,,,0,0,C3K,SCOWL60_STABLE_2020.12.07+WN3.1
1112,1162,canadian,-9.3025,0,0,0,0,N|ADJ,0,0,,,,,0,0,C3K,SCOWL60_STABLE_2020.12.07+WN3.1
1113,1163,designed,-9.3025,1,0,1,0,ADJ,0,0,,,,,0,0,C3K,SCOWL60_STABLE_2020.12.07+WN3.1
1114,1164,direct,-9.3025,1,1,0,0,V|ADJ|ADV,1,1,,,,directs,0,1,C3K,SCOWL60_STABLE_2020.12.07+WN3.1
1115,1165,drop,-9.3025,1,1,0,0,N|V,1,1,,,,drops,0,1,C3K,SCOWL60_STABLE_2020.12.07+WN3.1
1116,1166,effects,-9.3025,1,0,1,0,N,1,0,,effect,,,1,0,C3K,SCOWL60_STABLE_2020.12.07+WN3.1
1117,1167,goals,-9.3025,1,0,1,0,,1,0,,goal,,,1,0,C3K,SCOWL60_STABLE_2020.12.07+WN3.1
1118,1168,hotel,-9.3025,1,1,0,0,N,1,1,,,,hotels,0,1,C3K,SCOWL60_STABLE_2020.12.07+WN3.1
1119,1169,increased,-9.3025,1,0,1,0,ADJ,1,0,,increase,,,1,0,C3K,SCOWL60_STABLE_2020.12.07+WN3.1
1120,1170,india,-9.3025,0,0,0,0,N,0,0,,,,,0,0,C3K,SCOWL60_STABLE_2020.12.07+WN3.1
1121,1171,lack,-9.3025,1,1,0,0,N|V,1,1,,lac,black;slack,lacks,1,3,C3K,SCOWL60_STABLE_2020.12.07+WN3.1
1122,1172,lady,-9.3025,1,1,0,0,N,1,0,,lad,,,1,0,C3K,SCOWL60_STABLE_2020.12.07+WN3.1
1123,1173,miles,-9.3025,1,0,1,0,,1,1,,mile,smiles,,1,1,C3K,SCOWL60_STABLE_2020.12.07+WN3.1
1124,1174,organization,-9.3025,1,1,0,0,N,1,1,,,,organizations,0,1,C3K,SCOWL60_STABLE_2020.12.07+WN3.1
1125,1175,paris,-9.3025,0,0,0,0,N,0,0,,,,,0,0,C3K,SCOWL60_STABLE_2020.12.07+WN3.1
1126,1176,reasons,-9.3025,1,0,1,0,,1,0,,reason,,,1,0,C3K,SCOWL60_STABLE_2020.12.07+WN3.1
1127,1177,reports,-9.3025,1,0,1,0,,1,0,,report,,,1,0,C3K,SCOWL60_STABLE_2020.12.07+WN3.1
1128,1178,sister,-9.3025,1,1,0,0,N,1,1,,,,sisters,0,1,C3K,SCOWL60_STABLE_2020.12.07+WN3.1
1129,1179,statement,-9.3025,1,1,1,0,N,1,1,,,,statements,0,1,C3K,SCOWL60_STABLE_2020.12.07+WN3.1
1130,1180,travel,-9.3025,1,1,0,0,N|V,1,1,,,,travels,0,1,C3K,SCOWL60_STABLE_2020.12.07+WN3.1
1131,1181,anti,-9.3258,1,1,0,0,N|ADJ,1,0,,ant,,,1,0,C3K,SCOWL60_STABLE_2020.12.07+WN3.1
1132,1182,commission,-9.3258,1,1,0,0,N|V,1,1,,,,commissions,0,1,C3K,SCOWL60_STABLE_2020.12.07+WN3.1
1133,1183,content,-9.3258,1,1,0,0,N|V|ADJ,1,1,,,,contents,0,1,C3K,SCOWL60_STABLE_2020.12.07+WN3.1
1134,1184,costs,-9.3258,1,0,1,0,N,1,0,,cost,,,1,0,C3K,SCOWL60_STABLE_2020.12.07+WN3.1
1135,1185,credit,-9.3258,1,1,0,0,N|V,1,1,,,,credits,0,1,C3K,SCOWL60_STABLE_2020.12.07+WN3.1
1136,1186,disease,-9.3258,1,0,1,0,N,1,1,,,,diseases,0,1,C3K,SCOWL60_STABLE_2020.12.07+WN3.1
1137,1187,fans,-9.3258,1,0,1,0,,1,0,ans,fan,,,2,0,C3K,SCOWL60_STABLE_2020.12.07+WN3.1
1138,1188,germany,-9.3258,0,0,0,0,N,0,0,,,,,0,0,C3K,SCOWL60_STABLE_2020.12.07+WN3.1
1139,1189,gotta,-9.3258,1,1,0,0,,0,0,,,,,0,0,C3K,SCOWL60_STABLE_2020.12.07+WN3.1
1140,1190,husband,-9.3258,1,1,0,0,N|V,1,1,,,,husbands,0,1,C3K,SCOWL60_STABLE_2020.12.07+WN3.1
1141,1191,kid,-9.3258,1,1,0,0,N|V,1,1,id,,skid,kids,1,2,C3K,SCOWL60_STABLE_2020.12.07+WN3.1
1142,1192,minute,-9.3258,1,1,0,0,N|ADJ,1,1,,,,minutes,0,1,C3K,SCOWL60_STABLE_2020.12.07+WN3.1
1143,1193,posted,-9.3258,1,0,1,0,ADJ,0,0,,,,,0,0,C3K,SCOWL60_STABLE_2020.12.07+WN3.1
1144,1194,product,-9.3258,1,0,1,0,N,1,1,,,,products,0,1,C3K,SCOWL60_STABLE_2020.12.07+WN3.1
1145,1195,reach,-9.3258,1,1,0,0,N|V,1,1,each,,breach;preach,,1,2,C3K,SCOWL60_STABLE_2020.12.07+WN3.1
1146,1196,religious,-9.3258,1,1,0,0,N|ADJ,0,0,,,,,0,0,C3K,SCOWL60_STABLE_2020.12.07+WN3.1
1147,1197,species,-9.3258,1,1,1,0,N,0,0,,,,,0,0,C3K,SCOWL60_STABLE_2020.12.07+WN3.1
1148,1198,stupid,-9.3258,1,1,0,0,N|ADJ,0,0,,,,,0,0,C3K,SCOWL60_STABLE_2020.12.07+WN3.1
1149,1199,wide,-9.3258,1,1,0,0,ADJ|ADV,1,1,,,,wider;widen,0,2,C3K,SCOWL60_STABLE_2020.12.07+WN3.1
1150,1200,y,-9.3258,0,1,0,0,N,0,0,,,,,0,0,C3K,SCOWL60_STABLE_2020.12.07+WN3.1
1151,1201,active,-9.3485,1,1,1,0,N|ADJ,0,0,,,,,0,0,C3K,SCOWL60_STABLE_2020.12.07+WN3.1
1152,1202,announced,-9.3485,1,1,1,0,ADJ,1,0,,announce,,,1,0,C3K,SCOWL60_STABLE_2020.12.07+WN3.1
1153,1203,claim,-9.3485,1,1,0,0,N|V,1,1,,,,claims,0,1,C3K,SCOWL60_STABLE_2020.12.07+WN3.1
1154,1204,economy,-9.3485,1,1,0,0,N,0,0,,,,,0,0,C3K,SCOWL60_STABLE_2020.12.07+WN3.1
1155,1205,flight,-9.3485,1,1,0,0,N|V,1,1,light,,,flights,1,1,C3K,SCOWL60_STABLE_2020.12.07+WN3.1
1156,1206,happens,-9.3485,1,0,1,0,,1,0,,happen,,,1,0,C3K,SCOWL60_STABLE_2020.12.07+WN3.1
1157,1207,heavy,-9.3485,1,1,0,0,N|ADJ|ADV,0,0,,,,,0,0,C3K,SCOWL60_STABLE_2020.12.07+WN3.1
1158,1208,hurt,-9.3485,1,1,0,0,N|V|ADJ,1,1,,,,hurts,0,1,C3K,SCOWL60_STABLE_2020.12.07+WN3.1
1159,1209,interesting,-9.3485,1,1,0,0,ADJ,0,0,,,,,0,0,C3K,SCOWL60_STABLE_2020.12.07+WN3.1
1160,1210,jobs,-9.3485,1,0,1,0,,1,0,,job,,,1,0,C3K,SCOWL60_STABLE_2020.12.07+WN3.1
1161,1211,leader,-9.3485,1,1,1,0,N,1,1,,,,leaders,0,1,C3K,SCOWL60_STABLE_2020.12.07+WN3.1
1162,1212,learning,-9.3485,1,0,1,0,N,1,0,earning,,,,1,0,C3K,SCOWL60_STABLE_2020.12.07+WN3.1
1163,1213,meant,-9.3485,1,1,0,0,,1,0,,mean,,,1,0,C3K,SCOWL60_STABLE_2020.12.07+WN3.1
1164,1214,pre,-9.3485,0,0,0,0,,0,0,,,,,0,0,C3K,SCOWL60_STABLE_2020.12.07+WN3.1
1165,1215,purpose,-9.3485,1,1,0,0,N|V,1,1,,,,purposes,0,1,C3K,SCOWL60_STABLE_2020.12.07+WN3.1
1166,1216,secret,-9.3485,1,1,0,0,N|ADJ,1,1,,,,secrets,0,1,C3K,SCOWL60_STABLE_2020.12.07+WN3.1
1167,1217,sounds,-9.3485,1,0,1,0,,1,0,,sound,,,1,0,C3K,SCOWL60_STABLE_2020.12.07+WN3.1
1168,1218,store,-9.3485,1,1,0,0,N|V,1,1,tore,,,stores;stored,1,2,C3K,SCOWL60_STABLE_2020.12.07+WN3.1
1169,1219,sunday,-9.3485,0,0,0,0,N,0,0,,,,,0,0,C3K,SCOWL60_STABLE_2020.12.07+WN3.1
1170,1220,unit,-9.3485,1,0,1,0,N,1,1,,uni,,units;unity;unite,1,3,C3K,SCOWL60_STABLE_2020.12.07+WN3.1
1171,1221,administration,-9.3717,1,1,1,0,N,1,1,,,,administrations,0,1,C3K,SCOWL60_STABLE_2020.12.07+WN3.1
1172,1222,battle,-9.3717,1,1,0,0,N|V,1,1,,,,battles,0,1,C3K,SCOWL60_STABLE_2020.12.07+WN3.1
1173,1223,choose,-9.3717,1,1,0,0,V,1,1,,,,chooses,0,1,C3K,SCOWL60_STABLE_2020.12.07+WN3.1
1174,1224,competition,-9.3717,1,1,0,0,N,1,1,,,,competitions,0,1,C3K,SCOWL60_STABLE_2020.12.07+WN3.1
1175,1225,construction,-9.3717,1,1,0,0,N,1,1,,,,constructions,0,1,C3K,SCOWL60_STABLE_2020.12.07+WN3.1
1176,1226,contract,-9.3717,1,1,1,0,N|V,1,1,,,,contracts,0,1,C3K,SCOWL60_STABLE_2020.12.07+WN3.1
1177,1227,crime,-9.3717,1,1,0,0,N,1,1,,,,crimes,0,1,C3K,SCOWL60_STABLE_2020.12.07+WN3.1
1178,1228,degree,-9.3717,1,1,0,0,N,1,1,,,,degrees,0,1,C3K,SCOWL60_STABLE_2020.12.07+WN3.1
1179,1229,includes,-9.3717,1,0,1,0,,1,0,,include,,,1,0,C3K,SCOWL60_STABLE_2020.12.07+WN3.1
1180,1230,join,-9.3717,1,1,0,0,N|V,1,1,,,,joint;joins,0,2,C3K,SCOWL60_STABLE_2020.12.07+WN3.1
1181,1231,judge,-9.3717,1,1,0,0,N|V,1,1,,,,judges;judged,0,2,C3K,SCOWL60_STABLE_2020.12.07+WN3.1
1182,1232,laws,-9.3717,1,0,1,0,N,1,1,,law,flaws;claws,,1,2,C3K,SCOWL60_STABLE_2020.12.07+WN3.1
1183,1233,names,-9.3717,1,0,1,0,N,1,0,,name,,,1,0,C3K,SCOWL60_STABLE_2020.12.07+WN3.1
1184,1234,nobody,-9.3717,1,1,0,0,N,0,0,,,,,0,0,C3K,SCOWL60_STABLE_2020.12.07+WN3.1
1185,1235,none,-9.3717,1,1,0,0,N|ADJ|ADV,1,0,one,non,,,2,0,C3K,SCOWL60_STABLE_2020.12.07+WN3.1
1186,1236,regular,-9.3717,1,1,0,0,N|ADJ,1,1,,,,regulars,0,1,C3K,SCOWL60_STABLE_2020.12.07+WN3.1
1187,1237,safety,-9.3717,1,1,0,0,N,0,0,,,,,0,0,C3K,SCOWL60_STABLE_2020.12.07+WN3.1
1188,1238,scene,-9.3717,1,1,0,0,N,1,1,,,,scenes,0,1,C3K,SCOWL60_STABLE_2020.12.07+WN3.1
1189,1239,spend,-9.3717,1,1,0,0,V,1,1,,,,spends,0,1,C3K,SCOWL60_STABLE_2020.12.07+WN3.1
1190,1240,successful,-9.3717,1,1,0,0,ADJ,0,0,,,,,0,0,C3K,SCOWL60_STABLE_2020.12.07+WN3.1
1191,1241,additional,-9.3943,1,1,0,0,ADJ,0,0,,,,,0,0,C3K,SCOWL60_STABLE_2020.12.07+WN3.1
1192,1242,anymore,-9.3943,1,1,0,0,ADV,0,0,,,,,0,0,C3K,SCOWL60_STABLE_2020.12.07+WN3.1
1193,1243,asking,-9.3943,1,0,1,0,N,0,0,,,,,0,0,C3K,SCOWL60_STABLE_2020.12.07+WN3.1
1194,1244,authority,-9.3943,1,1,0,0,N,0,0,,,,,0,0,C3K,SCOWL60_STABLE_2020.12.07+WN3.1
1195,1245,awesome,-9.3943,1,1,0,0,ADJ,0,0,,,,,0,0,C3K,SCOWL60_STABLE_2020.12.07+WN3.1
1196,1246,band,-9.3943,1,1,0,0,N|V,1,1,and,ban,,bands,2,1,C3K,SCOWL60_STABLE_2020.12.07+WN3.1
1197,1247,bar,-9.3943,1,1,0,0,N|V,1,1,,,,bars;bare;barn;bark;bard,0,5,C3K,SCOWL60_STABLE_2020.12.07+WN3.1
1198,1248,basic,-9.3943,1,1,0,0,N|ADJ,1,1,,,,basics,0,1,C3K,SCOWL60_STABLE_2020.12.07+WN3.1
1199,1249,campaign,-9.3943,1,1,0,0,N|V,1,1,,,,campaigns,0,1,C3K,SCOWL60_STABLE_2020.12.07+WN3.1
1200,1250,carry,-9.3943,1,1,0,0,N|V,0,0,,,,,0,0,C3K,SCOWL60_STABLE_2020.12.07+WN3.1
1201,1251,christian,-9.3943,1,1,0,0,N|ADJ,0,0,,,,,0,0,C3K,SCOWL60_STABLE_2020.12.07+WN3.1
1202,1252,clean,-9.3943,1,1,0,0,N|V|ADJ|ADV,1,0,lean,,,,1,0,C3K,SCOWL60_STABLE_2020.12.07+WN3.1
1203,1253,compared,-9.3943,1,0,1,0,,1,0,,compare,,,1,0,C3K,SCOWL60_STABLE_2020.12.07+WN3.1
1204,1254,dad,-9.3943,1,1,0,0,N,1,1,ad,,,dads,1,1,C3K,SCOWL60_STABLE_2020.12.07+WN3.1
1205,1255,dance,-9.3943,1,1,0,0,N|V,1,1,,,,dancer;dances;danced,0,3,C3K,SCOWL60_STABLE_2020.12.07+WN3.1
1206,1256,directly,-9.3943,1,1,0,0,ADV,0,0,,,,,0,0,C3K,SCOWL60_STABLE_2020.12.07+WN3.1
1207,1257,drink,-9.3943,1,1,0,0,N|V,1,1,rink,,,drinks,1,1,C3K,SCOWL60_STABLE_2020.12.07+WN3.1
1208,1258,drug,-9.3943,1,1,0,0,N|V,1,1,rug,,,drugs,1,1,C3K,SCOWL60_STABLE_2020.12.07+WN3.1
1209,1259,floor,-9.3943,1,1,0,0,N|V,1,1,,,,floors,0,1,C3K,SCOWL60_STABLE_2020.12.07+WN3.1
1210,1260,gun,-9.3943,1,1,0,0,N|V,1,1,,,,guns,0,1,C3K,SCOWL60_STABLE_2020.12.07+WN3.1
1211,1261,lived,-9.3943,1,0,1,0,,1,0,,live,,,1,0,C3K,SCOWL60_STABLE_2020.12.07+WN3.1
1212,1262,loved,-9.3943,1,1,1,0,ADJ,1,0,,love,,,1,0,C3K,SCOWL60_STABLE_2020.12.07+WN3.1
1213,1263,marriage,-9.3943,1,1,0,0,N,1,1,,,,marriages,0,1,C3K,SCOWL60_STABLE_2020.12.07+WN3.1
1214,1264,master,-9.3943,1,1,0,0,N|V|ADJ,1,1,,,,masters;mastery,0,2,C3K,SCOWL60_STABLE_2020.12.07+WN3.1
1215,1265,named,-9.3943,1,1,1,0,,1,0,,name,,,1,0,C3K,SCOWL60_STABLE_2020.12.07+WN3.1
1216,1266,nation,-9.3943,1,1,0,0,N,1,1,,,,nations,0,1,C3K,SCOWL60_STABLE_2020.12.07+WN3.1
1217,1267,northern,-9.3943,1,1,0,0,N|ADJ,0,0,,,,,0,0,C3K,SCOWL60_STABLE_2020.12.07+WN3.1
1218,1268,notice,-9.3943,1,1,0,0,N|V,1,1,,,,noticed;notices,0,2,C3K,SCOWL60_STABLE_2020.12.07+WN3.1
1219,1269,opening,-9.3943,1,1,1,0,N|ADJ,1,1,,,,openings,0,1,C3K,SCOWL60_STABLE_2020.12.07+WN3.1
1220,1270,opinion,-9.3943,1,1,1,0,N,1,1,,,,opinions,0,1,C3K,SCOWL60_STABLE_2020.12.07+WN3.1
1221,1271,opportunity,-9.3943,1,1,0,0,N,0,0,,,,,0,0,C3K,SCOWL60_STABLE_2020.12.07+WN3.1
1222,1272,passed,-9.3943,1,0,1,0,,0,0,,,,,0,0,C3K,SCOWL60_STABLE_2020.12.07+WN3.1
1223,1273,photo,-9.3943,1,1,0,0,N,1,1,,,,photos,0,1,C3K,SCOWL60_STABLE_2020.12.07+WN3.1
1224,1274,produced,-9.3943,1,0,1,0,,1,0,,produce,,,1,0,C3K,SCOWL60_STABLE_2020.12.07+WN3.1
1225,1275,quick,-9.3943,1,1,0,0,N|ADJ|ADV,0,0,,,,,0,0,C3K,SCOWL60_STABLE_2020.12.07+WN3.1
1226,1276,ship,-9.3943,1,1,0,0,N|V,1,1,hip,,,ships,1,1,C3K,SCOWL60_STABLE_2020.12.07+WN3.1
1227,1277,sold,-9.3943,1,1,0,0,ADJ,1,0,old,sol,,,2,0,C3K,SCOWL60_STABLE_2020.12.07+WN3.1
1228,1278,speaking,-9.3943,1,0,1,0,N|ADJ,0,0,,,,,0,0,C3K,SCOWL60_STABLE_2020.12.07+WN3.1
1229,1279,teams,-9.3943,1,0,1,0,,1,0,,team,,,1,0,C3K,SCOWL60_STABLE_2020.12.07+WN3.1
1230,1280,whom,-9.3943,1,1,0,0,,1,0,,who,,,1,0,C3K,SCOWL60_STABLE_2020.12.07+WN3.1
1231,1281,activity,-9.4174,1,1,0,0,N,0,0,,,,,0,0,C3K,SCOWL60_STABLE_2020.12.07+WN3.1
1232,1282,annual,-9.4174,1,1,0,0,N|ADJ,0,0,,,,,0,0,C3K,SCOWL60_STABLE_2020.12.07+WN3.1
1233,1283,anyway,-9.4174,1,1,0,0,ADV,1,1,,,,anyways,0,1,C3K,SCOWL60_STABLE_2020.12.07+WN3.1
1234,1284,associated,-9.4174,1,0,1,0,,1,0,,associate,,,1,0,C3K,SCOWL60_STABLE_2020.12.07+WN3.1
1235,1285,calls,-9.4174,1,0,1,0,,1,0,,call,,,1,0,C3K,SCOWL60_STABLE_2020.12.07+WN3.1
1236,1286,captain,-9.4174,1,1,0,0,N|V,1,1,,,,captains,0,1,C3K,SCOWL60_STABLE_2020.12.07+WN3.1
1237,1287,caused,-9.4174,1,0,1,0,,1,0,,cause,,,1,0,C3K,SCOWL60_STABLE_2020.12.07+WN3.1
1238,1288,closed,-9.4174,1,0,1,0,ADJ,1,0,,close,,,1,0,C3K,SCOWL60_STABLE_2020.12.07+WN3.1
1239,1289,collection,-9.4174,1,1,0,0,N,1,1,,,,collections,0,1,C3K,SCOWL60_STABLE_2020.12.07+WN3.1
1240,1290,condition,-9.4174,1,1,0,0,N|V,1,1,,,,conditions,0,1,C3K,SCOWL60_STABLE_2020.12.07+WN3.1
1241,1291,effort,-9.4174,1,1,0,0,N,1,1,,,,efforts,0,1,C3K,SCOWL60_STABLE_2020.12.07+WN3.1
1242,1292,explain,-9.4174,1,1,0,0,V,1,1,,,,explains,0,1,C3K,SCOWL60_STABLE_2020.12.07+WN3.1
1243,1293,finished,-9.4174,1,1,1,0,ADJ,0,0,,,,,0,0,C3K,SCOWL60_STABLE_2020.12.07+WN3.1
1244,1294,freedom,-9.4174,1,1,0,0,N,1,1,,,,freedoms,0,1,C3K,SCOWL60_STABLE_2020.12.07+WN3.1
1245,1295,growing,-9.4174,1,1,1,0,N|ADJ,1,0,rowing,,,,1,0,C3K,SCOWL60_STABLE_2020.12.07+WN3.1
1246,1296,impact,-9.4174,1,1,0,0,N|V,1,1,,,,impacts,0,1,C3K,SCOWL60_STABLE_2020.12.07+WN3.1
1247,1297,interested,-9.4174,1,1,1,0,ADJ,0,0,,,,,0,0,C3K,SCOWL60_STABLE_2020.12.07+WN3.1
1248,1298,k,-9.4174,0,1,0,0,N|ADJ,0,0,,,,,0,0,C3K,SCOWL60_STABLE_2020.12.07+WN3.1
1249,1299,parliament,-9.4174,1,1,0,0,N,1,1,,,,parliaments,0,1,C3K,SCOWL60_STABLE_2020.12.07+WN3.1
1250,1300,prime,-9.4174,1,1,0,0,N|V|ADJ,1,1,,,,primer,0,1,C3K,SCOWL60_STABLE_2020.12.07+WN3.1
1251,1301,sales,-9.4174,1,0,1,0,N,1,0,,sale,,,1,0,C3K,SCOWL60_STABLE_2020.12.07+WN3.1
1252,1302,stories,-9.4174,1,0,1,0,,0,0,,,,,0,0,C3K,SCOWL60_STABLE_2020.12.07+WN3.1
1253,1304,absolutely,-9.441,1,0,1,0,ADV,0,0,,,,,0,0,C3K,SCOWL60_STABLE_2020.12.07+WN3.1
1254,1305,activities,-9.441,1,1,0,0,,0,0,,,,,0,0,C3K,SCOWL60_STABLE_2020.12.07+WN3.1
1255,1306,agree,-9.441,1,1,0,0,V,1,1,,,,agreed;agrees,0,2,C3K,SCOWL60_STABLE_2020.12.07+WN3.1
1256,1307,basis,-9.441,1,1,0,0,N,0,0,,,,,0,0,C3K,SCOWL60_STABLE_2020.12.07+WN3.1
1257,1308,brain,-9.441,1,1,0,0,N|V,1,1,rain,,,brains,1,1,C3K,SCOWL60_STABLE_2020.12.07+WN3.1
1258,1309,calling,-9.441,1,1,1,0,N,0,0,,,,,0,0,C3K,SCOWL60_STABLE_2020.12.07+WN3.1
1259,1310,doctor,-9.441,1,1,0,0,N|V,1,1,,,,doctors,0,1,C3K,SCOWL60_STABLE_2020.12.07+WN3.1
1260,1311,doubt,-9.441,1,1,0,0,N|V,1,1,,,,doubts,0,1,C3K,SCOWL60_STABLE_2020.12.07+WN3.1
1261,1312,dream,-9.441,1,1,0,0,N|V,1,1,,,,dreams,0,1,C3K,SCOWL60_STABLE_2020.12.07+WN3.1
1262,1313,easily,-9.441,1,1,0,0,ADV,0,0,,,,,0,0,C3K,SCOWL60_STABLE_2020.12.07+WN3.1
1263,1314,fish,-9.441,1,1,0,0,N|V,0,0,,,,,0,0,C3K,SCOWL60_STABLE_2020.12.07+WN3.1
1264,1315,grand,-9.441,1,1,0,0,N|ADJ,1,0,rand,gran,,,2,0,C3K,SCOWL60_STABLE_2020.12.07+WN3.1
1265,1316,highly,-9.441,1,0,1,0,ADV,0,0,,,,,0,0,C3K,SCOWL60_STABLE_2020.12.07+WN3.1
1266,1317,israel,-9.441,0,0,0,0,N,0,0,,,,,0,0,C3K,SCOWL60_STABLE_2020.12.07+WN3.1
1267,1318,luck,-9.441,1,1,0,0,N,1,1,,,,lucky,0,1,C3K,SCOWL60_STABLE_2020.12.07+WN3.1
1268,1319,machine,-9.441,1,1,0,0,N|V,1,1,,,,machines,0,1,C3K,SCOWL60_STABLE_2020.12.07+WN3.1
1269,1320,manager,-9.441,1,1,1,0,N,1,1,,manage,,managers,1,1,C3K,SCOWL60_STABLE_2020.12.07+WN3.1
1270,1321,mission,-9.441,1,1,0,0,N,1,1,,,emission;omission,missions,0,3,C3K,SCOWL60_STABLE_2020.12.07+WN3.1
1271,1322,nations,-9.441,1,0,1,0,,1,0,,nation,,,1,0,C3K,SCOWL60_STABLE_2020.12.07+WN3.1
1272,1323,older,-9.441,1,0,1,0,ADJ,1,1,,,holder;folder;colder,,0,3,C3K,SCOWL60_STABLE_2020.12.07+WN3.1
1273,1324,operations,-9.441,1,0,1,0,N,1,0,,operation,,,1,0,C3K,SCOWL60_STABLE_2020.12.07+WN3.1
1274,1325,parties,-9.441,1,0,1,0,,0,0,,,,,0,0,C3K,SCOWL60_STABLE_2020.12.07+WN3.1
1275,1326,peter,-9.441,1,1,1,0,N,1,1,,,,peters,0,1,C3K,SCOWL60_STABLE_2020.12.07+WN3.1
1276,1327,reached,-9.441,1,0,1,0,,1,1,,,preached;breached,,0,2,C3K,SCOWL60_STABLE_2020.12.07+WN3.1
1277,1328,reality,-9.441,1,1,0,0,N,0,0,,,,,0,0,C3K,SCOWL60_STABLE_2020.12.07+WN3.1
1278,1329,remain,-9.441,1,1,0,0,V,1,1,,,,remains,0,1,C3K,SCOWL60_STABLE_2020.12.07+WN3.1
1279,1330,rich,-9.441,1,1,0,0,N|ADJ,0,0,,,,,0,0,C3K,SCOWL60_STABLE_2020.12.07+WN3.1
1280,1331,san,-9.441,0,0,0,0,,0,0,,,,,0,0,C3K,SCOWL60_STABLE_2020.12.07+WN3.1
1281,1332,sell,-9.441,1,1,0,0,N|V,1,1,,,,sells,0,1,C3K,SCOWL60_STABLE_2020.12.07+WN3.1
1282,1333,shown,-9.441,1,1,0,0,,1,0,,show,,,1,0,C3K,SCOWL60_STABLE_2020.12.07+WN3.1
1283,1334,sources,-9.441,1,0,1,0,,1,0,,source,,,1,0,C3K,SCOWL60_STABLE_2020.12.07+WN3.1
1284,1335,spring,-9.441,1,1,0,0,N|V,1,1,,,,springs,0,1,C3K,SCOWL60_STABLE_2020.12.07+WN3.1
1285,1336,winning,-9.441,1,1,0,0,N|ADJ,1,0,inning,,,,1,0,C3K,SCOWL60_STABLE_2020.12.07+WN3.1
1286,1337,winter,-9.441,1,1,0,0,N|V,1,1,inter,,,winters,1,1,C3K,SCOWL60_STABLE_2020.12.07+WN3.1
1287,1338,worst,-9.441,1,1,0,0,N|V|ADJ|ADV,0,0,,,,,0,0,C3K,SCOWL60_STABLE_2020.12.07+WN3.1
1288,1339,address,-9.4639,1,1,0,0,N|V,0,0,,,,,0,0,C3K,SCOWL60_STABLE_2020.12.07+WN3.1
1289,1340,african,-9.4639,0,0,0,0,N|ADJ,0,0,,,,,0,0,C3K,SCOWL60_STABLE_2020.12.07+WN3.1
1290,1341,agency,-9.4639,1,1,0,0,N,0,0,,,,,0,0,C3K,SCOWL60_STABLE_2020.12.07+WN3.1
1291,1342,airport,-9.4639,1,1,0,0,N,1,1,,,,airports,0,1,C3K,SCOWL60_STABLE_2020.12.07+WN3.1
1292,1343,australian,-9.4639,0,0,0,0,N|ADJ,0,0,,,,,0,0,C3K,SCOWL60_STABLE_2020.12.07+WN3.1
1293,1344,author,-9.4639,1,1,0,0,N|V,1,1,,,,authors,0,1,C3K,SCOWL60_STABLE_2020.12.07+WN3.1
1294,1345,avoid,-9.4639,1,1,0,0,V,1,1,void,,,avoids,1,1,C3K,SCOWL60_STABLE_2020.12.07+WN3.1
1295,1346,caught,-9.4639,1,1,0,0,,0,0,,,,,0,0,C3K,SCOWL60_STABLE_2020.12.07+WN3.1
1296,1347,coach,-9.4639,1,1,0,0,N|V,0,0,,,,,0,0,C3K,SCOWL60_STABLE_2020.12.07+WN3.1
1297,1348,coast,-9.4639,1,1,0,0,N|V,1,1,,,,coasts,0,1,C3K,SCOWL60_STABLE_2020.12.07+WN3.1
1298,1349,comments,-9.4639,1,0,1,0,,1,0,,comment,,,1,0,C3K,SCOWL60_STABLE_2020.12.07+WN3.1
1299,1350,commercial,-9.4639,1,1,0,0,N|ADJ,1,1,,,,commercials,0,1,C3K,SCOWL60_STABLE_2020.12.07+WN3.1
1300,1351,complex,-9.4639,1,1,0,0,N|ADJ,0,0,,,,,0,0,C3K,SCOWL60_STABLE_2020.12.07+WN3.1
1301,1352,county,-9.4639,1,1,0,0,N,1,0,,count,,,1,0,C3K,SCOWL60_STABLE_2020.12.07+WN3.1
1302,1353,damage,-9.4639,1,1,0,0,N|V,1,1,,,,damaged;damages,0,2,C3K,SCOWL60_STABLE_2020.12.07+WN3.1
1303,1354,details,-9.4639,1,0,1,0,N,1,0,,detail,,,1,0,C3K,SCOWL60_STABLE_2020.12.07+WN3.1
1304,1355,environment,-9.4639,1,1,0,0,N,1,1,,,,environments,0,1,C3K,SCOWL60_STABLE_2020.12.07+WN3.1
1305,1356,everybody,-9.4639,1,1,0,0,,0,0,,,,,0,0,C3K,SCOWL60_STABLE_2020.12.07+WN3.1
1306,1357,features,-9.4639,1,0,1,0,,1,0,,feature,,,1,0,C3K,SCOWL60_STABLE_2020.12.07+WN3.1
1307,1358,fighting,-9.4639,1,1,1,0,N|ADJ,0,0,,,,,0,0,C3K,SCOWL60_STABLE_2020.12.07+WN3.1
1308,1359,glad,-9.4639,1,1,0,0,N|ADJ,1,0,lad,,,,1,0,C3K,SCOWL60_STABLE_2020.12.07+WN3.1
1309,1360,indian,-9.4639,0,0,0,0,N|ADJ,0,0,,,,,0,0,C3K,SCOWL60_STABLE_2020.12.07+WN3.1
1310,1361,japan,-9.4639,1,1,0,0,N|V,0,0,,,,,0,0,C3K,SCOWL60_STABLE_2020.12.07+WN3.1
1311,1362,located,-9.4639,1,0,1,0,ADJ,1,0,,locate,,,1,0,C3K,SCOWL60_STABLE_2020.12.07+WN3.1
1312,1363,patients,-9.4639,1,0,1,0,,1,0,,patient,,,1,0,C3K,SCOWL60_STABLE_2020.12.07+WN3.1
1313,1364,pictures,-9.4639,1,0,1,0,,1,0,,picture,,,1,0,C3K,SCOWL60_STABLE_2020.12.07+WN3.1
1314,1365,planning,-9.4639,1,1,0,0,N,0,0,,,,,0,0,C3K,SCOWL60_STABLE_2020.12.07+WN3.1
1315,1366,plant,-9.4639,1,1,0,0,N|V,1,1,,plan,,plants,1,1,C3K,SCOWL60_STABLE_2020.12.07+WN3.1
1316,1367,primary,-9.4639,1,1,0,0,N|ADJ,0,0,,,,,0,0,C3K,SCOWL60_STABLE_2020.12.07+WN3.1
1317,1368,remains,-9.4639,1,0,1,0,N,1,0,,remain,,,1,0,C3K,SCOWL60_STABLE_2020.12.07+WN3.1
1318,1369,royal,-9.4639,1,1,0,0,N|ADJ,1,1,,,,royals,0,1,C3K,SCOWL60_STABLE_2020.12.07+WN3.1
1319,1370,secretary,-9.4639,1,1,0,0,N,0,0,,,,,0,0,C3K,SCOWL60_STABLE_2020.12.07+WN3.1
1320,1371,senior,-9.4639,1,1,0,0,N|ADJ,1,1,,,,seniors,0,1,C3K,SCOWL60_STABLE_2020.12.07+WN3.1
1321,1372,sit,-9.4639,1,1,0,0,V,1,1,it,,,site;sits;situ,1,3,C3K,SCOWL60_STABLE_2020.12.07+WN3.1
1322,1373,sports,-9.4639,1,0,1,0,,1,0,ports,sport,,,2,0,C3K,SCOWL60_STABLE_2020.12.07+WN3.1
1323,1374,standing,-9.4639,1,1,1,0,N|ADJ,1,1,,,,standings,0,1,C3K,SCOWL60_STABLE_2020.12.07+WN3.1
1324,1375,status,-9.4639,1,1,0,0,N,0,0,,,,,0,0,C3K,SCOWL60_STABLE_2020.12.07+WN3.1
1325,1376,stock,-9.4639,1,1,0,0,N|V|ADJ,1,1,,,,stocks,0,1,C3K,SCOWL60_STABLE_2020.12.07+WN3.1
1326,1377,structure,-9.4639,1,1,0,0,N|V,1,1,,,,structures;structured,0,2,C3K,SCOWL60_STABLE_2020.12.07+WN3.1
1327,1378,traditional,-9.4639,1,1,0,0,ADJ,0,0,,,,,0,0,C3K,SCOWL60_STABLE_2020.12.07+WN3.1
1328,1379,violence,-9.4639,1,1,0,0,N,0,0,,,,,0,0,C3K,SCOWL60_STABLE_2020.12.07+WN3.1
1329,1380,advice,-9.4861,1,1,0,0,N,0,0,,,,,0,0,C3K,SCOWL60_STABLE_2020.12.07+WN3.1
1330,1381,agreed,-9.4861,1,0,1,0,ADJ,1,0,greed,agree,,,2,0,C3K,SCOWL60_STABLE_2020.12.07+WN3.1
1331,1382,agreement,-9.4861,1,1,1,0,N,1,1,,,,agreements,0,1,C3K,SCOWL60_STABLE_2020.12.07+WN3.1
1332,1383,animals,-9.4861,1,0,1,0,,1,0,,animal,,,1,0,C3K,SCOWL60_STABLE_2020.12.07+WN3.1
1333,1384,beach,-9.4861,1,1,0,0,N|V,1,0,each,,,,1,0,C3K,SCOWL60_STABLE_2020.12.07+WN3.1
1334,1385,broken,-9.4861,1,1,0,0,ADJ,1,0,,broke,,,1,0,C3K,SCOWL60_STABLE_2020.12.07+WN3.1
1335,1386,cancer,-9.4861,1,1,0,0,N,1,1,,,,cancers,0,1,C3K,SCOWL60_STABLE_2020.12.07+WN3.1
1336,1387,carried,-9.4861,1,0,1,0,,0,0,,,,,0,0,C3K,SCOWL60_STABLE_2020.12.07+WN3.1
1337,1388,cars,-9.4861,1,0,1,0,,1,1,,car,scars,,1,1,C3K,SCOWL60_STABLE_2020.12.07+WN3.1
1338,1389,ended,-9.4861,1,0,1,0,ADJ,1,1,,,tended,,0,1,C3K,SCOWL60_STABLE_2020.12.07+WN3.1
1339,1390,extra,-9.4861,1,1,0,0,N|ADJ|ADV,1,1,,,,extras,0,1,C3K,SCOWL60_STABLE_2020.12.07+WN3.1
1340,1391,fell,-9.4861,1,1,0,0,N|V|ADJ,1,1,,,,fella,0,1,C3K,SCOWL60_STABLE_2020.12.07+WN3.1
1341,1392,investment,-9.4861,1,1,1,0,N,1,1,,,,investments,0,1,C3K,SCOWL60_STABLE_2020.12.07+WN3.1
1342,1393,male,-9.4861,1,1,0,0,N|ADJ,1,1,ale,,,males,1,1,C3K,SCOWL60_STABLE_2020.12.07+WN3.1
1343,1394,meaning,-9.4861,1,1,1,0,N|ADJ,1,1,,,,meanings,0,1,C3K,SCOWL60_STABLE_2020.12.07+WN3.1
1344,1395,officers,-9.4861,1,0,1,0,,1,0,,officer,,,1,0,C3K,SCOWL60_STABLE_2020.12.07+WN3.1
1345,1396,politics,-9.4861,1,1,1,0,N,0,0,,,,,0,0,C3K,SCOWL60_STABLE_2020.12.07+WN3.1
1346,1397,protect,-9.4861,1,1,0,0,V,1,1,,,,protects,0,1,C3K,SCOWL60_STABLE_2020.12.07+WN3.1
1347,1398,ran,-9.4861,1,1,0,0,,1,1,an,,gran,rank;rand;rang;rant,1,5,C3K,SCOWL60_STABLE_2020.12.07+WN3.1
1348,1399,resources,-9.4861,1,0,1,0,,1,0,,resource,,,1,0,C3K,SCOWL60_STABLE_2020.12.07+WN3.1
1349,1400,sale,-9.4861,1,1,0,0,N,1,1,ale,,,sales,1,1,C3K,SCOWL60_STABLE_2020.12.07+WN3.1
1350,1401,skin,-9.4861,1,1,0,0,N|V,1,1,kin,ski,,skins,2,1,C3K,SCOWL60_STABLE_2020.12.07+WN3.1
1351,1402,sweet,-9.4861,1,1,0,0,N|ADJ|ADV,1,1,,,,sweets,0,1,C3K,SCOWL60_STABLE_2020.12.07+WN3.1
1352,1403,teacher,-9.4861,1,1,1,0,N,1,1,,,,teachers,0,1,C3K,SCOWL60_STABLE_2020.12.07+WN3.1
1353,1404,touch,-9.4861,1,1,0,0,N|V,1,0,ouch,,,,1,0,C3K,SCOWL60_STABLE_2020.12.07+WN3.1
1354,1405,trip,-9.4861,1,1,0,0,N|V,1,1,rip,,strip,trips,1,2,C3K,SCOWL60_STABLE_2020.12.07+WN3.1
1355,1406,uses,-9.4861,1,0,1,0,,1,1,,use,buses,,1,1,C3K,SCOWL60_STABLE_2020.12.07+WN3.1
1356,1407,village,-9.4861,1,1,0,0,N,1,1,,,,villages,0,1,C3K,SCOWL60_STABLE_2020.12.07+WN3.1
1357,1408,weather,-9.4861,1,1,0,0,N|V|ADJ,0,0,,,,,0,0,C3K,SCOWL60_STABLE_2020.12.07+WN3.1
1358,1409,wonder,-9.4861,1,1,0,0,N|V,1,1,,,,wonders,0,1,C3K,SCOWL60_STABLE_2020.12.07+WN3.1
1359,1410,yesterday,-9.4861,1,1,0,0,N|ADV,0,0,,,,,0,0,C3K,SCOWL60_STABLE_2020.12.07+WN3.1
1360,1411,accept,-9.5101,1,1,0,0,V,1,1,,,,accepts,0,1,C3K,SCOWL60_STABLE_2020.12.07+WN3.1
1361,1412,appear,-9.5101,1,1,0,0,V,1,1,,,,appears,0,1,C3K,SCOWL60_STABLE_2020.12.07+WN3.1
1362,1413,appears,-9.5101,1,0,1,0,,1,0,,appear,,,1,0,C3K,SCOWL60_STABLE_2020.12.07+WN3.1
1363,1414,begin,-9.5101,1,1,0,0,N|V,1,1,,,,begins,0,1,C3K,SCOWL60_STABLE_2020.12.07+WN3.1
1364,1415,bought,-9.5101,1,1,0,0,,1,0,ought,,,,1,0,C3K,SCOWL60_STABLE_2020.12.07+WN3.1
1365,1416,click,-9.5101,1,1,0,0,N|V,1,1,lick,,,clicks,1,1,C3K,SCOWL60_STABLE_2020.12.07+WN3.1
1366,1417,color,-9.5101,1,1,0,0,N|V|ADJ,1,1,,,,colors,0,1,C3K,SCOWL60_STABLE_2020.12.07+WN3.1
1367,1418,congress,-9.5101,1,1,0,0,N,0,0,,,,,0,0,C3K,SCOWL60_STABLE_2020.12.07+WN3.1
1368,1419,district,-9.5101,1,1,0,0,N|V,1,1,,,,districts,0,1,C3K,SCOWL60_STABLE_2020.12.07+WN3.1
1369,1420,evening,-9.5101,1,1,1,0,N,1,1,,,,evenings,0,1,C3K,SCOWL60_STABLE_2020.12.07+WN3.1
1370,1421,eventually,-9.5101,1,0,1,0,ADV,0,0,,,,,0,0,C3K,SCOWL60_STABLE_2020.12.07+WN3.1
1371,1422,exchange,-9.5101,1,1,0,0,N|V,1,1,,,,exchanges;exchanged,0,2,C3K,SCOWL60_STABLE_2020.12.07+WN3.1
1372,1423,famous,-9.5101,1,1,0,0,ADJ,0,0,,,,,0,0,C3K,SCOWL60_STABLE_2020.12.07+WN3.1
1373,1424,favorite,-9.5101,1,1,0,0,N|ADJ,1,1,,,,favorites,0,1,C3K,SCOWL60_STABLE_2020.12.07+WN3.1
1374,1425,grow,-9.5101,1,1,0,0,V,1,1,row,,,grown;grows,1,2,C3K,SCOWL60_STABLE_2020.12.07+WN3.1
1375,1426,imagine,-9.5101,1,1,0,0,V,1,1,,,,imagined,0,1,C3K,SCOWL60_STABLE_2020.12.07+WN3.1
1376,1427,largest,-9.5101,1,0,1,0,,0,0,,,,,0,0,C3K,SCOWL60_STABLE_2020.12.07+WN3.1
1377,1428,mrs,-9.5101,0,0,0,0,N,0,0,,,,,0,0,C3K,SCOWL60_STABLE_2020.12.07+WN3.1
1378,1429,nine,-9.5101,1,1,0,0,N|ADJ,0,0,,,,,0,0,C3K,SCOWL60_STABLE_2020.12.07+WN3.1
1379,1430,nor,-9.5101,1,1,0,0,,1,1,or,no,,norm,2,1,C3K,SCOWL60_STABLE_2020.12.07+WN3.1
1380,1431,notes,-9.5101,1,0,1,0,,1,0,,note,,,1,0,C3K,SCOWL60_STABLE_2020.12.07+WN3.1
1381,1432,offered,-9.5101,1,0,1,0,,0,0,,,,,0,0,C3K,SCOWL60_STABLE_2020.12.07+WN3.1
1382,1433,otherwise,-9.5101,1,1,0,0,ADJ|ADV,0,0,,,,,0,0,C3K,SCOWL60_STABLE_2020.12.07+WN3.1
1383,1434,overall,-9.5101,1,1,0,0,N|ADJ,0,0,,,,,0,0,C3K,SCOWL60_STABLE_2020.12.07+WN3.1
1384,1435,placed,-9.5101,1,1,1,0,ADJ,1,0,laced,place,,,2,0,C3K,SCOWL60_STABLE_2020.12.07+WN3.1
1385,1436,professor,-9.5101,1,1,0,0,N,1,1,,,,professors,0,1,C3K,SCOWL60_STABLE_2020.12.07+WN3.1
1386,1437,programs,-9.5101,1,0,1,0,,1,0,,program,,,1,0,C3K,SCOWL60_STABLE_2020.12.07+WN3.1
1387,1438,queen,-9.5101,1,1,0,0,N|V,1,1,,,,queens,0,1,C3K,SCOWL60_STABLE_2020.12.07+WN3.1
1388,1439,rates,-9.5101,1,0,1,0,N,1,0,,rate,,,1,0,C3K,SCOWL60_STABLE_2020.12.07+WN3.1
1389,1440,records,-9.5101,1,0,1,0,,1,0,,record,,,1,0,C3K,SCOWL60_STABLE_2020.12.07+WN3.1
1390,1441,responsible,-9.5101,1,1,0,0,ADJ,0,0,,,,,0,0,C3K,SCOWL60_STABLE_2020.12.07+WN3.1
1391,1442,saturday,-9.5101,0,0,0,0,N,0,0,,,,,0,0,C3K,SCOWL60_STABLE_2020.12.07+WN3.1
1392,1443,sick,-9.5101,1,1,0,0,N|V|ADJ,1,0,,sic,,,1,0,C3K,SCOWL60_STABLE_2020.12.07+WN3.1
1393,1444,supposed,-9.5101,1,1,1,0,ADJ,1,0,,suppose,,,1,0,C3K,SCOWL60_STABLE_2020.12.07+WN3.1
1394,1445,surface,-9.5101,1,1,0,0,N|V|ADJ,1,1,,,,surfaces;surfaced,0,2,C3K,SCOWL60_STABLE_2020.12.07+WN3.1
1395,1446,telling,-9.5101,1,1,1,0,N|ADJ,0,0,,,,,0,0,C3K,SCOWL60_STABLE_2020.12.07+WN3.1
1396,1447,theory,-9.5101,1,1,0,0,N,0,0,,,,,0,0,C3K,SCOWL60_STABLE_2020.12.07+WN3.1
1397,1448,types,-9.5101,1,0,1,0,,1,0,,type,,,1,0,C3K,SCOWL60_STABLE_2020.12.07+WN3.1
1398,1449,wear,-9.5101,1,1,0,0,N|V,1,1,ear,,swear,wears;weary,1,3,C3K,SCOWL60_STABLE_2020.12.07+WN3.1
1399,1450,worse,-9.5101,1,1,0,0,N|ADJ|ADV,0,0,,,,,0,0,C3K,SCOWL60_STABLE_2020.12.07+WN3.1
1400,1452,aircraft,-9.5333,1,1,0,0,N,0,0,,,,,0,0,C3K,SCOWL60_STABLE_2020.12.07+WN3.1
1401,1453,authorities,-9.5333,1,0,1,0,N,0,0,,,,,0,0,C3K,SCOWL60_STABLE_2020.12.07+WN3.1
1402,1454,broke,-9.5333,1,1,0,0,ADJ,1,1,,,,broken;broker,0,2,C3K,SCOWL60_STABLE_2020.12.07+WN3.1
1403,1455,california,-9.5333,0,0,0,0,N,0,0,,,,,0,0,C3K,SCOWL60_STABLE_2020.12.07+WN3.1
1404,1456,christ,-9.5333,0,0,0,0,N,0,0,,,,,0,0,C3K,SCOWL60_STABLE_2020.12.07+WN3.1
1405,1457,cities,-9.5333,1,0,1,0,,0,0,,,,,0,0,C3K,SCOWL60_STABLE_2020.12.07+WN3.1
1406,1458,completed,-9.5333,1,1,1,0,ADJ,1,0,,complete,,,1,0,C3K,SCOWL60_STABLE_2020.12.07+WN3.1
1407,1459,driving,-9.5333,1,0,1,0,N|ADJ,0,0,,,,,0,0,C3K,SCOWL60_STABLE_2020.12.07+WN3.1
1408,1460,enter,-9.5333,1,1,0,0,V,1,1,,,center,enters,0,2,C3K,SCOWL60_STABLE_2020.12.07+WN3.1
1409,1461,faith,-9.5333,1,1,0,0,N,1,1,,,,faiths,0,1,C3K,SCOWL60_STABLE_2020.12.07+WN3.1
1410,1462,fan,-9.5333,1,1,0,0,N|V,1,1,an,fa,,fans;fang,2,2,C3K,SCOWL60_STABLE_2020.12.07+WN3.1
1411,1463,finish,-9.5333,1,1,0,0,N|V,0,0,,,,,0,0,C3K,SCOWL60_STABLE_2020.12.07+WN3.1
1412,1464,fit,-9.5333,1,1,0,0,N|V|ADJ,1,1,it,,,fits,1,1,C3K,SCOWL60_STABLE_2020.12.07+WN3.1
1413,1465,fully,-9.5333,1,1,0,0,ADV,1,0,,full,,,1,0,C3K,SCOWL60_STABLE_2020.12.07+WN3.1
1414,1466,helped,-9.5333,1,0,1,0,,0,0,,,,,0,0,C3K,SCOWL60_STABLE_2020.12.07+WN3.1
1415,1467,ideas,-9.5333,1,0,1,0,,1,0,,idea,,,1,0,C3K,SCOWL60_STABLE_2020.12.07+WN3.1
1416,1468,killing,-9.5333,1,1,1,0,N|ADJ,1,1,,,,killings,0,1,C3K,SCOWL60_STABLE_2020.12.07+WN3.1
1417,1469,labour,-9.5333,0,0,0,0,N|V,0,0,,,,,0,0,C3K,SCOWL60_STABLE_2020.12.07+WN3.1
1418,1470,location,-9.5333,1,1,1,0,N,1,1,,,,locations,0,1,C3K,SCOWL60_STABLE_2020.12.07+WN3.1
1419,1471,mass,-9.5333,1,1,0,0,N|V|ADJ,1,0,ass,mas,,,2,0,C3K,SCOWL60_STABLE_2020.12.07+WN3.1
1420,1472,opened,-9.5333,1,1,1,0,ADJ,0,0,,,,,0,0,C3K,SCOWL60_STABLE_2020.12.07+WN3.1
1421,1473,plus,-9.5333,1,1,0,0,N|ADJ,0,0,,,,,0,0,C3K,SCOWL60_STABLE_2020.12.07+WN3.1
1422,1474,russia,-9.5333,0,0,0,0,N,0,0,,,,,0,0,C3K,SCOWL60_STABLE_2020.12.07+WN3.1
1423,1475,scale,-9.5333,1,1,0,0,N|V,1,1,,,,scales;scaled,0,2,C3K,SCOWL60_STABLE_2020.12.07+WN3.1
1424,1476,seconds,-9.5333,1,0,1,0,,1,0,,second,,,1,0,C3K,SCOWL60_STABLE_2020.12.07+WN3.1
1425,1477,separate,-9.5333,1,1,0,0,N|V|ADJ,1,1,,,,separated;separates,0,2,C3K,SCOWL60_STABLE_2020.12.07+WN3.1
1426,1478,sexual,-9.5333,1,1,0,0,ADJ,0,0,,,,,0,0,C3K,SCOWL60_STABLE_2020.12.07+WN3.1
1427,1479,sitting,-9.5333,1,1,0,0,N|ADJ,0,0,,,,,0,0,C3K,SCOWL60_STABLE_2020.12.07+WN3.1
1428,1480,spirit,-9.5333,1,1,0,0,N|V,1,1,,,,spirits,0,1,C3K,SCOWL60_STABLE_2020.12.07+WN3.1
1429,1481,television,-9.5333,1,1,1,0,N,0,0,,,,,0,0,C3K,SCOWL60_STABLE_2020.12.07+WN3.1
1430,1482,till,-9.5333,1,1,0,0,N|V,1,1,ill,til,still,,2,1,C3K,SCOWL60_STABLE_2020.12.07+WN3.1
1431,1483,understanding,-9.5333,1,1,1,0,N|ADJ,0,0,,,,,0,0,C3K,SCOWL60_STABLE_2020.12.07+WN3.1
1432,1484,weekend,-9.5333,1,1,0,0,N|V,1,1,,,,weekends,0,1,C3K,SCOWL60_STABLE_2020.12.07+WN3.1
1433,1485,wind,-9.5333,1,1,0,0,N|V,1,1,ind,win,,winds;windy,2,2,C3K,SCOWL60_STABLE_2020.12.07+WN3.1
1434,1486,appeared,-9.5557,1,0,1,0,,0,0,,,,,0,0,C3K,SCOWL60_STABLE_2020.12.07+WN3.1
1435,1487,attempt,-9.5557,1,1,0,0,N|V,1,1,,,,attempts,0,1,C3K,SCOWL60_STABLE_2020.12.07+WN3.1
1436,1488,biggest,-9.5557,1,1,0,0,,0,0,,,,,0,0,C3K,SCOWL60_STABLE_2020.12.07+WN3.1
1437,1489,cash,-9.5557,1,1,0,0,N|V,1,0,ash,,,,1,0,C3K,SCOWL60_STABLE_2020.12.07+WN3.1
1438,1490,challenge,-9.5557,1,1,0,0,N|V,1,1,,,,challenges;challenged;challenger,0,3,C3K,SCOWL60_STABLE_2020.12.07+WN3.1
1439,1491,covered,-9.5557,1,0,1,0,ADJ,0,0,,,,,0,0,C3K,SCOWL60_STABLE_2020.12.07+WN3.1
1440,1492,cultural,-9.5557,1,1,0,0,ADJ,0,0,,,,,0,0,C3K,SCOWL60_STABLE_2020.12.07+WN3.1
1441,1493,defense,-9.5557,1,1,0,0,N,1,1,,,,defenses,0,1,C3K,SCOWL60_STABLE_2020.12.07+WN3.1
1442,1494,demand,-9.5557,1,1,0,0,N|V,1,1,,,,demands,0,1,C3K,SCOWL60_STABLE_2020.12.07+WN3.1
1443,1495,effective,-9.5557,1,1,1,0,ADJ,0,0,,,,,0,0,C3K,SCOWL60_STABLE_2020.12.07+WN3.1
1444,1496,follows,-9.5557,1,0,1,0,,1,0,,follow,,,1,0,C3K,SCOWL60_STABLE_2020.12.07+WN3.1
1445,1497,forced,-9.5557,1,1,1,0,ADJ,1,0,,force,,,1,0,C3K,SCOWL60_STABLE_2020.12.07+WN3.1
1446,1498,gay,-9.5557,1,1,0,0,N|ADJ,1,1,,,,gays,0,1,C3K,SCOWL60_STABLE_2020.12.07+WN3.1
1447,1499,hall,-9.5557,1,1,0,0,N,1,1,all,,shall,halls,1,2,C3K,SCOWL60_STABLE_2020.12.07+WN3.1
1448,1500,heat,-9.5557,1,1,0,0,N|V,1,1,eat,,wheat;cheat,heath;heats,1,4,C3K,SCOWL60_STABLE_2020.12.07+WN3.1
1449,1502,highest,-9.5557,1,0,1,0,,0,0,,,,,0,0,C3K,SCOWL60_STABLE_2020.12.07+WN3.1
1450,1503,holding,-9.5557,1,1,1,0,N,1,1,,,,holdings,0,1,C3K,SCOWL60_STABLE_2020.12.07+WN3.1
1451,1504,indeed,-9.5557,1,1,0,0,ADV,0,0,,,,,0,0,C3K,SCOWL60_STABLE_2020.12.07+WN3.1
1452,1505,leaders,-9.5557,1,0,1,0,N,1,0,,leader,,,1,0,C3K,SCOWL60_STABLE_2020.12.07+WN3.1
1453,1506,learned,-9.5557,1,0,1,0,ADJ,1,0,earned,,,,1,0,C3K,SCOWL60_STABLE_2020.12.07+WN3.1
1454,1507,lol,-9.5557,0,0,0,0,,0,0,,,,,0,0,C3K,SCOWL60_STABLE_2020.12.07+WN3.1
1455,1508,mentioned,-9.5557,1,1,1,0,,0,0,,,,,0,0,C3K,SCOWL60_STABLE_2020.12.07+WN3.1
1456,1509,raised,-9.5557,1,0,1,0,ADJ,1,1,,raise,praised,,1,1,C3K,SCOWL60_STABLE_2020.12.07+WN3.1
1457,1510,returned,-9.5557,1,0,1,0,,0,0,,,,,0,0,C3K,SCOWL60_STABLE_2020.12.07+WN3.1
1458,1511,signed,-9.5557,1,1,1,0,ADJ,0,0,,,,,0,0,C3K,SCOWL60_STABLE_2020.12.07+WN3.1
1459,1512,slow,-9.5557,1,1,0,0,V|ADJ|ADV,1,1,low,,,slows,1,1,C3K,SCOWL60_STABLE_2020.12.07+WN3.1
1460,1513,soul,-9.5557,1,1,0,0,N,1,1,,,,souls,0,1,C3K,SCOWL60_STABLE_2020.12.07+WN3.1
1461,1514,spot,-9.5557,1,1,0,0,N|V,1,1,pot,,,spots,1,1,C3K,SCOWL60_STABLE_2020.12.07+WN3.1
1462,1515,supply,-9.5557,1,1,0,0,N|V,0,0,,,,,0,0,C3K,SCOWL60_STABLE_2020.12.07+WN3.1
1463,1516,trial,-9.5557,1,1,0,0,N,1,1,,,,trials,0,1,C3K,SCOWL60_STABLE_2020.12.07+WN3.1
1464,1517,actual,-9.5785,1,1,0,0,ADJ,1,1,,,factual,,0,1,C3K,SCOWL60_STABLE_2020.12.07+WN3.1
1465,1518,becomes,-9.5785,1,0,1,0,,1,0,,become,,,1,0,C3K,SCOWL60_STABLE_2020.12.07+WN3.1
1466,1519,bus,-9.5785,1,1,0,0,N|V,1,1,us,bu,,busy;bush;bust,2,3,C3K,SCOWL60_STABLE_2020.12.07+WN3.1
1467,1520,christmas,-9.5785,0,0,0,0,N,0,0,,,,,0,0,C3K,SCOWL60_STABLE_2020.12.07+WN3.1
1468,1521,definitely,-9.5785,1,0,1,0,ADV,0,0,,,,,0,0,C3K,SCOWL60_STABLE_2020.12.07+WN3.1
1469,1522,division,-9.5785,1,1,0,0,N,1,1,,,,divisions,0,1,C3K,SCOWL60_STABLE_2020.12.07+WN3.1
1470,1523,drugs,-9.5785,1,0,1,0,,1,0,,drug,,,1,0,C3K,SCOWL60_STABLE_2020.12.07+WN3.1
1471,1524,executive,-9.5785,1,1,1,0,N|ADJ,1,1,,,,executives,0,1,C3K,SCOWL60_STABLE_2020.12.07+WN3.1
1472,1525,fat,-9.5785,1,1,0,0,N|V|ADJ,1,1,at,fa,,fate;fats,2,2,C3K,SCOWL60_STABLE_2020.12.07+WN3.1
1473,1526,feels,-9.5785,1,0,1,0,,1,0,,feel,,,1,0,C3K,SCOWL60_STABLE_2020.12.07+WN3.1
1474,1527,foot,-9.5785,1,1,0,0,N|V,1,0,,foo,,,1,0,C3K,SCOWL60_STABLE_2020.12.07+WN3.1
1475,1528,glass,-9.5785,1,1,0,0,N|V,0,0,,,,,0,0,C3K,SCOWL60_STABLE_2020.12.07+WN3.1
1476,1529,insurance,-9.5785,1,1,0,0,N,0,0,,,,,0,0,C3K,SCOWL60_STABLE_2020.12.07+WN3.1
1477,1530,interview,-9.5785,1,1,0,0,N|V,1,1,,,,interviews,0,1,C3K,SCOWL60_STABLE_2020.12.07+WN3.1
1478,1531,jack,-9.5785,1,1,0,0,N|V,1,1,,,,jacks,0,1,C3K,SCOWL60_STABLE_2020.12.07+WN3.1
1479,1532,mouth,-9.5785,1,1,0,0,N|V,1,1,,,,mouths,0,1,C3K,SCOWL60_STABLE_2020.12.07+WN3.1
1480,1533,multiple,-9.5785,1,1,0,0,N|ADJ,0,0,,,,,0,0,C3K,SCOWL60_STABLE_2020.12.07+WN3.1
1481,1534,powerful,-9.5785,1,1,0,0,ADJ|ADV,0,0,,,,,0,0,C3K,SCOWL60_STABLE_2020.12.07+WN3.1
1482,1535,prices,-9.5785,1,0,1,0,,1,0,,price,,,1,0,C3K,SCOWL60_STABLE_2020.12.07+WN3.1
1483,1536,pro,-9.5785,1,1,0,0,N|ADJ|ADV,1,1,,pr,,prof;prom;prop;pros;prob,1,5,C3K,SCOWL60_STABLE_2020.12.07+WN3.1
1484,1537,serve,-9.5785,1,1,0,0,N|V,1,1,,,,served;server;serves,0,3,C3K,SCOWL60_STABLE_2020.12.07+WN3.1
1485,1538,smith,-9.5785,1,1,0,0,N,0,0,,,,,0,0,C3K,SCOWL60_STABLE_2020.12.07+WN3.1
1486,1539,solution,-9.5785,1,0,1,0,N,1,1,,,,solutions,0,1,C3K,SCOWL60_STABLE_2020.12.07+WN3.1
1487,1540,target,-9.5785,1,1,0,0,N|V,1,1,,,,targets,0,1,C3K,SCOWL60_STABLE_2020.12.07+WN3.1
1488,1541,tree,-9.5785,1,1,0,0,N|V,1,1,,,,trees,0,1,C3K,SCOWL60_STABLE_2020.12.07+WN3.1
1489,1542,walking,-9.5785,1,1,1,0,N|ADJ,0,0,,,,,0,0,C3K,SCOWL60_STABLE_2020.12.07+WN3.1
1490,1543,windows,-9.5785,1,0,1,0,N,1,0,,window,,,1,0,C3K,SCOWL60_STABLE_2020.12.07+WN3.1
1491,1544,worry,-9.5785,1,1,0,0,N|V,0,0,,,,,0,0,C3K,SCOWL60_STABLE_2020.12.07+WN3.1
1492,1545,arms,-9.6019,1,0,1,0,N,1,1,,arm,farms;harms,,1,2,C3K,SCOWL60_STABLE_2020.12.07+WN3.1
1493,1546,block,-9.6019,1,1,0,0,N|V,1,1,lock,bloc,,blocks,2,1,C3K,SCOWL60_STABLE_2020.12.07+WN3.1
1494,1547,catch,-9.6019,1,1,0,0,N|V,1,1,,,,catchy,0,1,C3K,SCOWL60_STABLE_2020.12.07+WN3.1
1495,1548,coffee,-9.6019,1,1,0,0,N,0,0,,,,,0,0,C3K,SCOWL60_STABLE_2020.12.07+WN3.1
1496,1549,concerned,-9.6019,1,1,1,0,ADJ,0,0,,,,,0,0,C3K,SCOWL60_STABLE_2020.12.07+WN3.1
1497,1550,concerns,-9.6019,1,1,0,0,,1,0,,concern,,,1,0,C3K,SCOWL60_STABLE_2020.12.07+WN3.1
1498,1551,count,-9.6019,1,1,0,0,N|V,1,1,,,,county;counts,0,2,C3K,SCOWL60_STABLE_2020.12.07+WN3.1
1499,1552,critical,-9.6019,1,1,0,0,ADJ,0,0,,,,,0,0,C3K,SCOWL60_STABLE_2020.12.07+WN3.1
1500,1553,distance,-9.6019,1,1,0,0,N|V,1,1,,,,distances,0,1,C3K,SCOWL60_STABLE_2020.12.07+WN3.1
1501,1554,efforts,-9.6019,1,0,1,0,,1,0,,effort,,,1,0,C3K,SCOWL60_STABLE_2020.12.07+WN3.1
1502,1555,engine,-9.6019,1,1,0,0,N,1,1,,,,engines,0,1,C3K,SCOWL60_STABLE_2020.12.07+WN3.1
1503,1556,episode,-9.6019,1,1,0,0,N,1,1,,,,episodes,0,1,C3K,SCOWL60_STABLE_2020.12.07+WN3.1
1504,1557,et,-9.6019,0,0,0,0,,0,0,,,,,0,0,C3K,SCOWL60_STABLE_2020.12.07+WN3.1
1505,1558,individuals,-9.6019,1,0,1,0,,1,0,,individual,,,1,0,C3K,SCOWL60_STABLE_2020.12.07+WN3.1
1506,1559,memory,-9.6019,1,1,0,0,N,0,0,,,,,0,0,C3K,SCOWL60_STABLE_2020.12.07+WN3.1
1507,1560,method,-9.6019,1,1,0,0,N,1,1,,,,methods,0,1,C3K,SCOWL60_STABLE_2020.12.07+WN3.1
1508,1561,murder,-9.6019,1,1,0,0,N|V,1,1,,,,murders,0,1,C3K,SCOWL60_STABLE_2020.12.07+WN3.1
1509,1562,previously,-9.6019,1,0,1,0,ADV,0,0,,,,,0,0,C3K,SCOWL60_STABLE_2020.12.07+WN3.1
1510,1563,protection,-9.6019,1,1,0,0,N,1,1,,,,protections,0,1,C3K,SCOWL60_STABLE_2020.12.07+WN3.1
1511,1564,rise,-9.6019,1,1,0,0,N|V,1,1,,,arise,rises;risen,0,3,C3K,SCOWL60_STABLE_2020.12.07+WN3.1
1512,1565,showed,-9.6019,1,0,1,0,,0,0,,,,,0,0,C3K,SCOWL60_STABLE_2020.12.07+WN3.1
1513,1566,showing,-9.6019,1,1,1,0,N,0,0,,,,,0,0,C3K,SCOWL60_STABLE_2020.12.07+WN3.1
1514,1567,southern,-9.6019,1,1,0,0,ADJ,0,0,,,,,0,0,C3K,SCOWL60_STABLE_2020.12.07+WN3.1
1515,1568,square,-9.6019,1,1,0,0,N|V|ADJ|ADV,1,1,,,,squares;squared,0,2,C3K,SCOWL60_STABLE_2020.12.07+WN3.1
1516,1569,stars,-9.6019,1,0,1,0,,1,0,,star,,,1,0,C3K,SCOWL60_STABLE_2020.12.07+WN3.1
1517,1570,stopped,-9.6019,1,1,0,0,ADJ,1,0,topped,,,,1,0,C3K,SCOWL60_STABLE_2020.12.07+WN3.1
1518,1571,william,-9.6019,0,0,0,0,,0,0,,,,,0,0,C3K,SCOWL60_STABLE_2020.12.07+WN3.1
1519,1573,actions,-9.6243,1,0,1,0,,1,1,,action,factions,,1,1,C3K,SCOWL60_STABLE_2020.12.07+WN3.1
1520,1574,animal,-9.6243,1,1,0,0,N|ADJ,1,1,,,,animals,0,1,C3K,SCOWL60_STABLE_2020.12.07+WN3.1
1521,1575,bottom,-9.6243,1,1,0,0,N|V|ADJ,1,1,,,,bottoms,0,1,C3K,SCOWL60_STABLE_2020.12.07+WN3.1
1522,1576,budget,-9.6243,1,1,0,0,N|V,1,1,,,,budgets,0,1,C3K,SCOWL60_STABLE_2020.12.07+WN3.1
1523,1577,cell,-9.6243,1,1,0,0,N,1,1,,,,cells;cello,0,2,C3K,SCOWL60_STABLE_2020.12.07+WN3.1
1524,1578,claims,-9.6243,1,0,1,0,,1,0,,claim,,,1,0,C3K,SCOWL60_STABLE_2020.12.07+WN3.1
1525,1579,comment,-9.6243,1,1,1,0,N|V,1,1,,,,comments,0,1,C3K,SCOWL60_STABLE_2020.12.07+WN3.1
1526,1580,digital,-9.6243,1,1,0,0,ADJ,0,0,,,,,0,0,C3K,SCOWL60_STABLE_2020.12.07+WN3.1
1527,1581,dude,-9.6243,1,1,0,0,N,1,1,,,,dudes,0,1,C3K,SCOWL60_STABLE_2020.12.07+WN3.1
1528,1582,failed,-9.6243,1,0,1,0,,0,0,,,,,0,0,C3K,SCOWL60_STABLE_2020.12.07+WN3.1
1529,1583,finding,-9.6243,1,1,1,0,N,1,1,,,,findings,0,1,C3K,SCOWL60_STABLE_2020.12.07+WN3.1
1530,1584,fourth,-9.6243,1,1,1,0,N|ADJ|ADV,0,0,,,,,0,0,C3K,SCOWL60_STABLE_2020.12.07+WN3.1
1531,1585,fresh,-9.6243,1,1,0,0,ADJ|ADV,0,0,,,,,0,0,C3K,SCOWL60_STABLE_2020.12.07+WN3.1
1532,1586,generation,-9.6243,1,1,1,0,N,1,1,,,,generations,0,1,C3K,SCOWL60_STABLE_2020.12.07+WN3.1
1533,1587,influence,-9.6243,1,1,0,0,N|V,1,1,,,,influenced;influences,0,2,C3K,SCOWL60_STABLE_2020.12.07+WN3.1
1534,1588,lake,-9.6243,1,1,0,0,N,1,1,,,,lakes,0,1,C3K,SCOWL60_STABLE_2020.12.07+WN3.1
1535,1589,larger,-9.6243,1,0,1,0,ADJ,1,0,,large,,,1,0,C3K,SCOWL60_STABLE_2020.12.07+WN3.1
1536,1590,lie,-9.6243,1,1,0,0,N|V,1,1,,,,lies;lied;lieu,0,3,C3K,SCOWL60_STABLE_2020.12.07+WN3.1
1537,1591,partner,-9.6243,1,1,0,0,N|V,1,1,,,,partners,0,1,C3K,SCOWL60_STABLE_2020.12.07+WN3.1
1538,1592,putting,-9.6243,1,1,1,0,N,0,0,,,,,0,0,C3K,SCOWL60_STABLE_2020.12.07+WN3.1
1539,1593,reference,-9.6243,1,1,0,0,N|V,1,1,,,preference,references;referenced,0,3,C3K,SCOWL60_STABLE_2020.12.07+WN3.1
1540,1594,rose,-9.6243,1,1,0,0,N|ADJ,1,1,,,arose;prose,roses,0,3,C3K,SCOWL60_STABLE_2020.12.07+WN3.1
1541,1595,software,-9.6243,1,1,0,0,N,0,0,,,,,0,0,C3K,SCOWL60_STABLE_2020.12.07+WN3.1
1542,1596,spanish,-9.6243,0,0,0,0,N|ADJ,0,0,,,,,0,0,C3K,SCOWL60_STABLE_2020.12.07+WN3.1
1543,1597,traffic,-9.6243,1,1,0,0,N|V,0,0,,,,,0,0,C3K,SCOWL60_STABLE_2020.12.07+WN3.1
1544,1598,twice,-9.6243,1,1,0,0,ADV,0,0,,,,,0,0,C3K,SCOWL60_STABLE_2020.12.07+WN3.1
1545,1599,users,-9.6243,1,0,1,0,,1,0,,user,,,1,0,C3K,SCOWL60_STABLE_2020.12.07+WN3.1
1546,1600,wearing,-9.6243,1,0,1,0,N|ADJ,1,1,,,swearing,,0,1,C3K,SCOWL60_STABLE_2020.12.07+WN3.1
1547,1601,weird,-9.6243,1,1,0,0,N|ADJ,1,0,,weir,,,1,0,C3K,SCOWL60_STABLE_2020.12.07+WN3.1
1548,1602,window,-9.6243,1,1,0,0,N,1,1,,,,windows,0,1,C3K,SCOWL60_STABLE_2020.12.07+WN3.1
1549,1603,youth,-9.6243,1,1,1,0,N,1,1,,,,youths,0,1,C3K,SCOWL60_STABLE_2020.12.07+WN3.1
1550,1604,camera,-9.6473,1,1,0,0,N,1,1,,,,cameras,0,1,C3K,SCOWL60_STABLE_2020.12.07+WN3.1
1551,1605,cent,-9.6473,1,1,0,0,N,1,1,,,scent,cents,0,2,C3K,SCOWL60_STABLE_2020.12.07+WN3.1
1552,1606,continues,-9.6473,1,0,1,0,,1,0,,continue,,,1,0,C3K,SCOWL60_STABLE_2020.12.07+WN3.1
1553,1607,draw,-9.6473,1,1,0,0,N|V,1,1,raw,,,drawn;draws,1,2,C3K,SCOWL60_STABLE_2020.12.07+WN3.1
1554,1608,eating,-9.6473,1,0,1,0,N,1,1,,,beating;heating;seating,,0,3,C3K,SCOWL60_STABLE_2020.12.07+WN3.1
1555,1609,el,-9.6473,0,0,0,0,N,0,0,,,,,0,0,C3K,SCOWL60_STABLE_2020.12.07+WN3.1
1556,1610,equipment,-9.6473,1,1,0,0,N,0,0,,,,,0,0,C3K,SCOWL60_STABLE_2020.12.07+WN3.1
1557,1611,forms,-9.6473,1,0,1,0,,1,0,,form,,,1,0,C3K,SCOWL60_STABLE_2020.12.07+WN3.1
1558,1612,greatest,-9.6473,1,0,1,0,ADJ,0,0,,,,,0,0,C3K,SCOWL60_STABLE_2020.12.07+WN3.1
1559,1613,impossible,-9.6473,1,1,0,0,N|ADJ,0,0,,,,,0,0,C3K,SCOWL60_STABLE_2020.12.07+WN3.1
1560,1614,keeping,-9.6473,1,1,1,0,N,0,0,,,,,0,0,C3K,SCOWL60_STABLE_2020.12.07+WN3.1
1561,1615,losing,-9.6473,1,1,1,0,,1,1,,,closing,,0,1,C3K,SCOWL60_STABLE_2020.12.07+WN3.1
1562,1616,louis,-9.6473,0,0,0,0,N,0,0,,,,,0,0,C3K,SCOWL60_STABLE_2020.12.07+WN3.1
1563,1617,map,-9.6473,1,1,0,0,N|V,1,1,,ma,,maps,1,1,C3K,SCOWL60_STABLE_2020.12.07+WN3.1
1564,1618,mental,-9.6473,1,1,0,0,ADJ,0,0,,,,,0,0,C3K,SCOWL60_STABLE_2020.12.07+WN3.1
1565,1619,mid,-9.6473,1,1,0,0,ADJ,1,1,id,mi,amid,midi,2,2,C3K,SCOWL60_STABLE_2020.12.07+WN3.1
1566,1620,missed,-9.6473,1,1,1,0,ADJ,0,0,,,,,0,0,C3K,SCOWL60_STABLE_2020.12.07+WN3.1
1567,1621,mobile,-9.6473,1,1,0,0,N|ADJ,0,0,,,,,0,0,C3K,SCOWL60_STABLE_2020.12.07+WN3.1
1568,1622,neither,-9.6473,1,1,0,0,ADJ,1,0,either,,,,1,0,C3K,SCOWL60_STABLE_2020.12.07+WN3.1
1569,1623,performed,-9.6473,1,1,1,0,,0,0,,,,,0,0,C3K,SCOWL60_STABLE_2020.12.07+WN3.1
1570,1624,plays,-9.6473,1,0,1,0,,1,0,lays,play,,,2,0,C3K,SCOWL60_STABLE_2020.12.07+WN3.1
1571,1625,pm,-9.6473,1,1,0,0,N,1,1,,,rpm;ppm,,0,2,C3K,SCOWL60_STABLE_2020.12.07+WN3.1
1572,1626,pop,-9.6473,1,1,0,0,N|V|ADJ|ADV,1,1,op,,,pope;pops,1,2,C3K,SCOWL60_STABLE_2020.12.07+WN3.1
1573,1627,port,-9.6473,1,1,0,0,N|V|ADJ,1,1,,,sport,ports,0,2,C3K,SCOWL60_STABLE_2020.12.07+WN3.1
1574,1628,presence,-9.6473,1,1,0,0,N,0,0,,,,,0,0,C3K,SCOWL60_STABLE_2020.12.07+WN3.1
1575,1629,prior,-9.6473,1,1,0,0,N|ADJ,0,0,,,,,0,0,C3K,SCOWL60_STABLE_2020.12.07+WN3.1
1576,1630,prison,-9.6473,1,1,0,0,N,1,1,,,,prisons,0,1,C3K,SCOWL60_STABLE_2020.12.07+WN3.1
1577,1631,produce,-9.6473,1,1,0,0,N|V,1,1,,,,produced;producer;produces,0,3,C3K,SCOWL60_STABLE_2020.12.07+WN3.1
1578,1632,profile,-9.6473,1,0,1,0,N|V,1,1,,,,profiles,0,1,C3K,SCOWL60_STABLE_2020.12.07+WN3.1
1579,1633,progress,-9.6473,1,1,0,0,N|V,0,0,,,,,0,0,C3K,SCOWL60_STABLE_2020.12.07+WN3.1
1580,1634,realize,-9.6473,1,1,0,0,V,1,1,,,,realized;realizes,0,2,C3K,SCOWL60_STABLE_2020.12.07+WN3.1
1581,1635,receive,-9.6473,1,1,0,0,V,1,1,,,,received;receives;receiver,0,3,C3K,SCOWL60_STABLE_2020.12.07+WN3.1
1582,1636,regional,-9.6473,1,1,0,0,ADJ,0,0,,,,,0,0,C3K,SCOWL60_STABLE_2020.12.07+WN3.1
1583,1637,religion,-9.6473,1,1,0,0,N,1,1,,,,religions,0,1,C3K,SCOWL60_STABLE_2020.12.07+WN3.1
1584,1638,robert,-9.6473,0,0,0,0,N,0,0,,,,,0,0,C3K,SCOWL60_STABLE_2020.12.07+WN3.1
1585,1639,screen,-9.6473,1,1,0,0,N|V,1,1,,,,screens,0,1,C3K,SCOWL60_STABLE_2020.12.07+WN3.1
1586,1640,served,-9.6473,1,0,1,0,,1,0,,serve,,,1,0,C3K,SCOWL60_STABLE_2020.12.07+WN3.1
1587,1641,shop,-9.6473,1,1,0,0,N|V,1,1,hop,,,shops,1,1,C3K,SCOWL60_STABLE_2020.12.07+WN3.1
1588,1642,somebody,-9.6473,1,1,0,0,N,0,0,,,,,0,0,C3K,SCOWL60_STABLE_2020.12.07+WN3.1
1589,1643,speech,-9.6473,1,1,0,0,N,0,0,,,,,0,0,C3K,SCOWL60_STABLE_2020.12.07+WN3.1
1590,1644,spread,-9.6473,1,1,0,0,N|V|ADJ,1,1,,,,spreads,0,1,C3K,SCOWL60_STABLE_2020.12.07+WN3.1
1591,1645,throw,-9.6473,1,1,0,0,N|V,1,1,,,,thrown;throws,0,2,C3K,SCOWL60_STABLE_2020.12.07+WN3.1
1592,1646,tom,-9.6473,1,1,0,0,N,1,1,om,to,atom,tomb,2,2,C3K,SCOWL60_STABLE_2020.12.07+WN3.1
1593,1647,un,-9.6473,0,0,0,0,N,0,0,,,,,0,0,C3K,SCOWL60_STABLE_2020.12.07+WN3.1
1594,1648,units,-9.6473,1,0,1,0,,1,0,,unit,,,1,0,C3K,SCOWL60_STABLE_2020.12.07+WN3.1
1595,1650,arrived,-9.6708,1,0,1,0,,1,0,,arrive,,,1,0,C3K,SCOWL60_STABLE_2020.12.07+WN3.1
1596,1651,aware,-9.6708,1,1,0,0,ADJ,1,0,ware,,,,1,0,C3K,SCOWL60_STABLE_2020.12.07+WN3.1
1597,1652,becoming,-9.6708,1,1,0,0,ADJ,0,0,,,,,0,0,C3K,SCOWL60_STABLE_2020.12.07+WN3.1
1598,1653,birth,-9.6708,1,1,0,0,N|V,1,1,,,,births,0,1,C3K,SCOWL60_STABLE_2020.12.07+WN3.1
1599,1654,brand,-9.6708,1,1,0,0,N|V,1,1,rand,,,brands;brandy,1,2,C3K,SCOWL60_STABLE_2020.12.07+WN3.1
1600,1655,camp,-9.6708,1,1,0,0,N|V|ADJ,1,1,amp,cam,,camps,2,1,C3K,SCOWL60_STABLE_2020.12.07+WN3.1
1601,1656,channel,-9.6708,1,1,0,0,N|V,1,1,,,,channels,0,1,C3K,SCOWL60_STABLE_2020.12.07+WN3.1
1602,1657,eastern,-9.6708,1,1,0,0,ADJ,0,0,,,,,0,0,C3K,SCOWL60_STABLE_2020.12.07+WN3.1
1603,1658,ed,-9.6708,1,1,1,0,N,1,1,,,red;led;bed;fed;ted;med;wed,eds,0,8,C3K,SCOWL60_STABLE_2020.12.07+WN3.1
1604,1659,ex,-9.6708,1,1,0,0,N|ADJ,1,1,,,sex,exp,0,2,C3K,SCOWL60_STABLE_2020.12.07+WN3.1
1605,1660,function,-9.6708,1,1,0,0,N|V,1,1,,,,functions,0,1,C3K,SCOWL60_STABLE_2020.12.07+WN3.1
1606,1661,gain,-9.6708,1,1,0,0,N|V,1,1,,,again,gains,0,2,C3K,SCOWL60_STABLE_2020.12.07+WN3.1
1607,1662,hearing,-9.6708,1,1,1,0,N|ADJ,1,1,,,,hearings,0,1,C3K,SCOWL60_STABLE_2020.12.07+WN3.1
1608,1663,japanese,-9.6708,0,0,0,0,N|ADJ,0,0,,,,,0,0,C3K,SCOWL60_STABLE_2020.12.07+WN3.1
1609,1664,le,-9.6708,0,0,0,0,N,0,0,,,,,0,0,C3K,SCOWL60_STABLE_2020.12.07+WN3.1
1610,1665,negative,-9.6708,1,1,1,0,N|V|ADJ,1,1,,,,negatives,0,1,C3K,SCOWL60_STABLE_2020.12.07+WN3.1
1611,1666,noted,-9.6708,1,0,1,0,ADJ,1,0,,note,,,1,0,C3K,SCOWL60_STABLE_2020.12.07+WN3.1
1612,1667,presented,-9.6708,1,0,1,0,,0,0,,,,,0,0,C3K,SCOWL60_STABLE_2020.12.07+WN3.1
1613,1668,prevent,-9.6708,1,1,0,0,V,1,1,,,,prevents,0,1,C3K,SCOWL60_STABLE_2020.12.07+WN3.1
1614,1669,removed,-9.6708,1,0,1,0,ADJ,1,0,,remove,,,1,0,C3K,SCOWL60_STABLE_2020.12.07+WN3.1
1615,1670,ride,-9.6708,1,1,0,0,N|V,1,1,,rid,pride;bride,rider;rides,1,4,C3K,SCOWL60_STABLE_2020.12.07+WN3.1
1616,1671,ring,-9.6708,1,1,1,0,N|V,1,1,,,bring,rings,0,2,C3K,SCOWL60_STABLE_2020.12.07+WN3.1
1617,1672,runs,-9.6708,1,0,1,0,,1,0,,run,,,1,0,C3K,SCOWL60_STABLE_2020.12.07+WN3.1
1618,1673,score,-9.6708,1,1,0,0,N|V,1,1,core,,,scored;scores;scorer,1,3,C3K,SCOWL60_STABLE_2020.12.07+WN3.1
1619,1674,seat,-9.6708,1,1,0,0,N|V,1,1,eat,sea,,seats,2,1,C3K,SCOWL60_STABLE_2020.12.07+WN3.1
1620,1675,shut,-9.6708,1,1,0,0,V|ADJ,1,1,hut,,,shuts,1,1,C3K,SCOWL60_STABLE_2020.12.07+WN3.1
1621,1676,smaller,-9.6708,1,0,1,0,ADJ,0,0,,,,,0,0,C3K,SCOWL60_STABLE_2020.12.07+WN3.1
1622,1677,thomas,-9.6708,0,0,0,0,N,0,0,,,,,0,0,C3K,SCOWL60_STABLE_2020.12.07+WN3.1
1623,1678,van,-9.6708,1,1,0,0,N,1,1,an,,,vans,1,1,C3K,SCOWL60_STABLE_2020.12.07+WN3.1
1624,1679,views,-9.6708,1,0,1,0,,1,0,,view,,,1,0,C3K,SCOWL60_STABLE_2020.12.07+WN3.1
1625,1681,web,-9.6708,1,1,0,0,N|V,1,0,,we,,,1,0,C3K,SCOWL60_STABLE_2020.12.07+WN3.1
1626,1682,wild,-9.6708,1,1,0,0,N|ADJ|ADV,0,0,,,,,0,0,C3K,SCOWL60_STABLE_2020.12.07+WN3.1
1627,1683,advantage,-9.6932,1,1,0,0,N|V,1,1,,,,advantages,0,1,C3K,SCOWL60_STABLE_2020.12.07+WN3.1
1628,1684,aid,-9.6932,1,1,0,0,N|V,1,1,id,,said;paid;laid;raid;maid,aids;aide,1,7,C3K,SCOWL60_STABLE_2020.12.07+WN3.1
1629,1685,apparently,-9.6932,1,0,1,0,ADV,0,0,,,,,0,0,C3K,SCOWL60_STABLE_2020.12.07+WN3.1
1630,1686,award,-9.6932,1,1,0,0,N|V,1,1,ward,,,awards,1,1,C3K,SCOWL60_STABLE_2020.12.07+WN3.1
1631,1687,believed,-9.6932,1,0,1,0,,1,0,,believe,,,1,0,C3K,SCOWL60_STABLE_2020.12.07+WN3.1
1632,1688,benefit,-9.6932,1,1,0,0,N|V,1,1,,,,benefits,0,1,C3K,SCOWL60_STABLE_2020.12.07+WN3.1
1633,1689,benefits,-9.6932,1,0,1,0,,1,0,,benefit,,,1,0,C3K,SCOWL60_STABLE_2020.12.07+WN3.1
1634,1690,characters,-9.6932,1,0,1,0,,1,0,,character,,,1,0,C3K,SCOWL60_STABLE_2020.12.07+WN3.1
1635,1691,correct,-9.6932,1,1,0,0,V|ADJ,0,0,,,,,0,0,C3K,SCOWL60_STABLE_2020.12.07+WN3.1
1636,1692,dear,-9.6932,1,1,0,0,N|ADJ|ADV,1,0,ear,,,,1,0,C3K,SCOWL60_STABLE_2020.12.07+WN3.1
1637,1693,discussion,-9.6932,1,1,0,0,N,1,1,,,,discussions,0,1,C3K,SCOWL60_STABLE_2020.12.07+WN3.1
1638,1694,exist,-9.6932,1,1,0,0,V,1,1,,,sexist,exists,0,2,C3K,SCOWL60_STABLE_2020.12.07+WN3.1
1639,1695,facebook,-9.6932,0,0,0,0,,0,0,,,,,0,0,C3K,SCOWL60_STABLE_2020.12.07+WN3.1
1640,1696,file,-9.6932,1,1,0,0,N|V,1,1,,,,files;filed,0,2,C3K,SCOWL60_STABLE_2020.12.07+WN3.1
1641,1697,foundation,-9.6932,1,1,0,0,N,1,1,,,,foundations,0,1,C3K,SCOWL60_STABLE_2020.12.07+WN3.1
1642,1698,fund,-9.6932,1,1,0,0,N|V,1,1,,fun,,funds,1,1,C3K,SCOWL60_STABLE_2020.12.07+WN3.1
1643,1699,ha,-9.6932,1,1,0,0,N,1,1,a,,aha,has;had;hat;ham;hay,1,6,C3K,SCOWL60_STABLE_2020.12.07+WN3.1
1644,1700,industrial,-9.6932,1,1,0,0,ADJ,0,0,,,,,0,0,C3K,SCOWL60_STABLE_2020.12.07+WN3.1
1645,1701,institute,-9.6932,1,1,0,0,N|V,1,1,,,,institutes;instituted,0,2,C3K,SCOWL60_STABLE_2020.12.07+WN3.1
1646,1702,items,-9.6932,1,0,1,0,,1,0,,item,,,1,0,C3K,SCOWL60_STABLE_2020.12.07+WN3.1
1647,1703,length,-9.6932,1,1,0,0,N,1,1,,,,lengths;lengthy,0,2,C3K,SCOWL60_STABLE_2020.12.07+WN3.1
1648,1704,los,-9.6932,0,0,0,0,,0,0,,,,,0,0,C3K,SCOWL60_STABLE_2020.12.07+WN3.1
1649,1705,mary,-9.6932,0,0,0,0,N,0,0,,,,,0,0,C3K,SCOWL60_STABLE_2020.12.07+WN3.1
1650,1706,monday,-9.6932,0,0,0,0,N,0,0,,,,,0,0,C3K,SCOWL60_STABLE_2020.12.07+WN3.1
1651,1707,mostly,-9.6932,1,0,1,0,ADV,0,0,,,,,0,0,C3K,SCOWL60_STABLE_2020.12.07+WN3.1
1652,1708,obviously,-9.6932,1,0,1,0,ADV,0,0,,,,,0,0,C3K,SCOWL60_STABLE_2020.12.07+WN3.1
1653,1709,republic,-9.6932,1,1,1,0,N,1,1,,,,republics,0,1,C3K,SCOWL60_STABLE_2020.12.07+WN3.1
1654,1710,sad,-9.6932,1,1,0,0,ADJ,1,0,ad,,,,1,0,C3K,SCOWL60_STABLE_2020.12.07+WN3.1
1655,1711,seemed,-9.6932,1,0,1,0,,0,0,,,,,0,0,C3K,SCOWL60_STABLE_2020.12.07+WN3.1
1656,1712,skills,-9.6932,1,0,1,0,,1,0,kills,skill,,,2,0,C3K,SCOWL60_STABLE_2020.12.07+WN3.1
1657,1713,songs,-9.6932,1,0,1,0,,1,0,,song,,,1,0,C3K,SCOWL60_STABLE_2020.12.07+WN3.1
1658,1714,starts,-9.6932,1,0,1,0,,1,0,,start,,,1,0,C3K,SCOWL60_STABLE_2020.12.07+WN3.1
1659,1715,stated,-9.6932,1,1,1,0,ADJ,1,0,,state,,,1,0,C3K,SCOWL60_STABLE_2020.12.07+WN3.1
1660,1716,strength,-9.6932,1,1,0,0,N,1,1,,,,strengths,0,1,C3K,SCOWL60_STABLE_2020.12.07+WN3.1
1661,1717,trouble,-9.6932,1,1,0,0,N|V,1,1,,,,troubles;troubled,0,2,C3K,SCOWL60_STABLE_2020.12.07+WN3.1
1662,1719,yours,-9.6932,1,0,1,0,,1,0,ours,your,,,2,0,C3K,SCOWL60_STABLE_2020.12.07+WN3.1
1663,1720,application,-9.7162,1,1,1,0,N,1,1,,,,applications,0,1,C3K,SCOWL60_STABLE_2020.12.07+WN3.1
1664,1721,bet,-9.7162,1,1,0,0,N|V,1,1,,be,,beta;bets,1,2,C3K,SCOWL60_STABLE_2020.12.07+WN3.1
1665,1722,chris,-9.7162,0,0,0,0,,0,0,,,,,0,0,C3K,SCOWL60_STABLE_2020.12.07+WN3.1
1666,1723,command,-9.7162,1,1,0,0,N|V,1,1,,,,commands;commando,0,2,C3K,SCOWL60_STABLE_2020.12.07+WN3.1
1667,1724,criminal,-9.7162,1,1,0,0,N|ADJ,1,1,,,,criminals,0,1,C3K,SCOWL60_STABLE_2020.12.07+WN3.1
1668,1725,decide,-9.7162,1,1,0,0,V,1,1,,,,decided;decides,0,2,C3K,SCOWL60_STABLE_2020.12.07+WN3.1
1669,1726,duty,-9.7162,1,1,0,0,N,0,0,,,,,0,0,C3K,SCOWL60_STABLE_2020.12.07+WN3.1
1670,1727,elements,-9.7162,1,0,1,0,N,1,0,,element,,,1,0,C3K,SCOWL60_STABLE_2020.12.07+WN3.1
1671,1728,eu,-9.7162,0,0,0,0,N,0,0,,,,,0,0,C3K,SCOWL60_STABLE_2020.12.07+WN3.1
1672,1729,healthy,-9.7162,1,1,0,0,ADJ,1,0,,health,,,1,0,C3K,SCOWL60_STABLE_2020.12.07+WN3.1
1673,1730,horse,-9.7162,1,1,0,0,N|V,1,1,,,,horses,0,1,C3K,SCOWL60_STABLE_2020.12.07+WN3.1
1674,1731,managed,-9.7162,1,0,1,0,,1,0,,manage,,,1,0,C3K,SCOWL60_STABLE_2020.12.07+WN3.1
1675,1732,prepared,-9.7162,1,1,1,0,ADJ,1,0,,prepare,,,1,0,C3K,SCOWL60_STABLE_2020.12.07+WN3.1
1676,1733,prince,-9.7162,1,1,0,0,N,1,1,,,,princes,0,1,C3K,SCOWL60_STABLE_2020.12.07+WN3.1
1677,1734,provides,-9.7162,1,0,1,0,,1,0,,provide,,,1,0,C3K,SCOWL60_STABLE_2020.12.07+WN3.1
1678,1735,setting,-9.7162,1,1,1,0,N,1,1,,,,settings,0,1,C3K,SCOWL60_STABLE_2020.12.07+WN3.1
1679,1736,stone,-9.7162,1,1,0,0,N|V|ADJ,1,1,tone,,,stones;stoned;stoner,1,3,C3K,SCOWL60_STABLE_2020.12.07+WN3.1
1680,1737,totally,-9.7162,1,0,1,0,ADV,0,0,,,,,0,0,C3K,SCOWL60_STABLE_2020.12.07+WN3.1
1681,1738,truly,-9.7162,1,1,0,0,ADV,0,0,,,,,0,0,C3K,SCOWL60_STABLE_2020.12.07+WN3.1
1682,1739,variety,-9.7162,1,1,0,0,N,0,0,,,,,0,0,C3K,SCOWL60_STABLE_2020.12.07+WN3.1
1683,1740,weapons,-9.7162,1,0,1,0,,1,0,,weapon,,,1,0,C3K,SCOWL60_STABLE_2020.12.07+WN3.1
1684,1741,acting,-9.7397,1,1,1,0,N|ADJ,0,0,,,,,0,0,C3K,SCOWL60_STABLE_2020.12.07+WN3.1
1685,1742,apart,-9.7397,1,1,0,0,ADJ|ADV,1,0,part,,,,1,0,C3K,SCOWL60_STABLE_2020.12.07+WN3.1
1686,1743,border,-9.7397,1,1,0,0,N|V,1,1,order,,,borders,1,1,C3K,SCOWL60_STABLE_2020.12.07+WN3.1
1687,1744,cat,-9.7397,1,1,0,0,N|V,1,1,at,ca,,cats,2,1,C3K,SCOWL60_STABLE_2020.12.07+WN3.1
1688,1745,changing,-9.7397,1,1,1,0,ADJ,1,0,hanging,,,,1,0,C3K,SCOWL60_STABLE_2020.12.07+WN3.1
1689,1746,classes,-9.7397,1,0,1,0,,0,0,,,,,0,0,C3K,SCOWL60_STABLE_2020.12.07+WN3.1
1690,1747,concept,-9.7397,1,1,0,0,N,1,1,,,,concepts,0,1,C3K,SCOWL60_STABLE_2020.12.07+WN3.1
1691,1748,conflict,-9.7397,1,1,0,0,N|V,1,1,,,,conflicts,0,1,C3K,SCOWL60_STABLE_2020.12.07+WN3.1
1692,1749,connection,-9.7397,1,1,0,0,N,1,1,,,,connections,0,1,C3K,SCOWL60_STABLE_2020.12.07+WN3.1
1693,1750,customers,-9.7397,1,0,1,0,,1,0,,customer,,,1,0,C3K,SCOWL60_STABLE_2020.12.07+WN3.1
1694,1751,dangerous,-9.7397,1,1,0,0,ADJ,0,0,,,,,0,0,C3K,SCOWL60_STABLE_2020.12.07+WN3.1
1695,1752,democratic,-9.7397,1,1,0,0,ADJ,0,0,,,,,0,0,C3K,SCOWL60_STABLE_2020.12.07+WN3.1
1696,1753,distribution,-9.7397,1,1,1,0,N,1,1,,,,distributions,0,1,C3K,SCOWL60_STABLE_2020.12.07+WN3.1
1697,1754,dollars,-9.7397,1,0,1,0,,1,0,,dollar,,,1,0,C3K,SCOWL60_STABLE_2020.12.07+WN3.1
1698,1755,elections,-9.7397,1,0,1,0,,1,1,,election,selections,,1,1,C3K,SCOWL60_STABLE_2020.12.07+WN3.1
1699,1756,evil,-9.7397,1,1,0,0,N|ADJ,1,1,,,devil,evils,0,2,C3K,SCOWL60_STABLE_2020.12.07+WN3.1
1700,1757,extremely,-9.7397,1,0,1,0,ADV,0,0,,,,,0,0,C3K,SCOWL60_STABLE_2020.12.07+WN3.1
1701,1758,failure,-9.7397,1,1,0,0,N,1,1,,,,failures,0,1,C3K,SCOWL60_STABLE_2020.12.07+WN3.1
1702,1759,garden,-9.7397,1,1,0,0,N|V|ADJ,1,1,,,,gardens,0,1,C3K,SCOWL60_STABLE_2020.12.07+WN3.1
1703,1760,google,-9.7397,1,1,0,0,N|V,0,0,,,,,0,0,C3K,SCOWL60_STABLE_2020.12.07+WN3.1
1704,1761,guide,-9.7397,1,1,0,0,N|V,1,1,,,,guided;guides,0,2,C3K,SCOWL60_STABLE_2020.12.07+WN3.1
1705,1762,hill,-9.7397,1,1,0,0,N|V,1,1,ill,,chill,hills,1,2,C3K,SCOWL60_STABLE_2020.12.07+WN3.1
1706,1763,historical,-9.7397,1,1,0,0,ADJ,0,0,,,,,0,0,C3K,SCOWL60_STABLE_2020.12.07+WN3.1
1707,1764,im,-9.7397,0,0,0,0,,0,0,,,,,0,0,C3K,SCOWL60_STABLE_2020.12.07+WN3.1
1708,1765,improve,-9.7397,1,1,0,0,V,1,1,,,,improved;improves,0,2,C3K,SCOWL60_STABLE_2020.12.07+WN3.1
1709,1766,investigation,-9.7397,1,1,1,0,N,1,1,,,,investigations,0,1,C3K,SCOWL60_STABLE_2020.12.07+WN3.1
1710,1767,leadership,-9.7397,1,1,0,0,N,0,0,,,,,0,0,C3K,SCOWL60_STABLE_2020.12.07+WN3.1
1711,1768,lots,-9.7397,1,0,1,0,N|ADV,1,1,,lot,plots;slots,,1,2,C3K,SCOWL60_STABLE_2020.12.07+WN3.1
1712,1769,nuclear,-9.7397,1,1,0,0,ADJ,0,0,,,,,0,0,C3K,SCOWL60_STABLE_2020.12.07+WN3.1
1713,1770,option,-9.7397,1,1,0,0,N,1,1,,,,options,0,1,C3K,SCOWL60_STABLE_2020.12.07+WN3.1
1714,1771,projects,-9.7397,1,0,1,0,,1,0,,project,,,1,0,C3K,SCOWL60_STABLE_2020.12.07+WN3.1
1715,1772,proposed,-9.7397,1,0,1,0,,1,0,,propose,,,1,0,C3K,SCOWL60_STABLE_2020.12.07+WN3.1
1716,1773,pull,-9.7397,1,1,0,0,N|V,1,1,,,,pulls,0,1,C3K,SCOWL60_STABLE_2020.12.07+WN3.1
1717,1774,relations,-9.7397,1,0,1,0,N,1,0,,relation,,,1,0,C3K,SCOWL60_STABLE_2020.12.07+WN3.1
1718,1775,richard,-9.7397,0,0,0,0,,0,0,,,,,0,0,C3K,SCOWL60_STABLE_2020.12.07+WN3.1
1719,1777,useful,-9.7397,1,1,0,0,ADJ,0,0,,,,,0,0,C3K,SCOWL60_STABLE_2020.12.07+WN3.1
1720,1778,values,-9.7397,1,0,1,0,N,1,0,,value,,,1,0,C3K,SCOWL60_STABLE_2020.12.07+WN3.1
1721,1779,volume,-9.7397,1,1,0,0,N,1,1,,,,volumes,0,1,C3K,SCOWL60_STABLE_2020.12.07+WN3.1
1722,1780,vs,-9.7397,1,0,1,0,,0,0,,,,,0,0,C3K,SCOWL60_STABLE_2020.12.07+WN3.1
1723,1781,waste,-9.7397,1,1,0,0,N|V|ADJ,1,1,,,,wasted;wastes,0,2,C3K,SCOWL60_STABLE_2020.12.07+WN3.1
1724,1782,wood,-9.7397,1,1,0,0,N,1,1,,woo,,woods;woody,1,2,C3K,SCOWL60_STABLE_2020.12.07+WN3.1
1725,1783,adult,-9.7637,1,1,0,0,N|ADJ,1,1,,,,adults,0,1,C3K,SCOWL60_STABLE_2020.12.07+WN3.1
1726,1784,affairs,-9.7637,1,0,1,0,N,1,0,,affair,,,1,0,C3K,SCOWL60_STABLE_2020.12.07+WN3.1
1727,1785,apply,-9.7637,1,1,0,0,V,0,0,,,,,0,0,C3K,SCOWL60_STABLE_2020.12.07+WN3.1
1728,1786,background,-9.7637,1,1,0,0,N|V,1,1,,,,backgrounds,0,1,C3K,SCOWL60_STABLE_2020.12.07+WN3.1
1729,1787,billion,-9.7637,1,1,0,0,N|ADJ,1,1,,,,billions,0,1,C3K,SCOWL60_STABLE_2020.12.07+WN3.1
1730,1788,bitch,-9.7637,1,1,0,0,N|V,1,0,itch,,,,1,0,C3K,SCOWL60_STABLE_2020.12.07+WN3.1
1731,1789,charles,-9.7637,0,0,0,0,N,0,0,,,,,0,0,C3K,SCOWL60_STABLE_2020.12.07+WN3.1
1732,1790,copy,-9.7637,1,1,0,0,N|V,1,0,,cop,,,1,0,C3K,SCOWL60_STABLE_2020.12.07+WN3.1
1733,1791,crew,-9.7637,1,1,0,0,N|V,1,1,,,screw,crews,0,2,C3K,SCOWL60_STABLE_2020.12.07+WN3.1
1734,1792,determined,-9.7637,1,1,1,0,ADJ,1,0,,determine,,,1,0,C3K,SCOWL60_STABLE_2020.12.07+WN3.1
1735,1793,develop,-9.7637,1,1,0,0,V,1,1,,,,develops,0,1,C3K,SCOWL60_STABLE_2020.12.07+WN3.1
1736,1794,dinner,-9.7637,1,1,0,0,N,1,1,inner,,,dinners,1,1,C3K,SCOWL60_STABLE_2020.12.07+WN3.1
1737,1795,drinking,-9.7637,1,0,1,0,N,0,0,,,,,0,0,C3K,SCOWL60_STABLE_2020.12.07+WN3.1
1738,1796,farm,-9.7637,1,1,0,0,N|V,1,1,arm,far,,farms,2,1,C3K,SCOWL60_STABLE_2020.12.07+WN3.1
1739,1797,fly,-9.7637,1,1,0,0,N|V|ADJ,1,0,,fl,,,1,0,C3K,SCOWL60_STABLE_2020.12.07+WN3.1
1740,1798,images,-9.7637,1,0,1,0,,1,0,,image,,,1,0,C3K,SCOWL60_STABLE_2020.12.07+WN3.1
1741,1799,interests,-9.7637,1,0,1,0,,1,0,,interest,,,1,0,C3K,SCOWL60_STABLE_2020.12.07+WN3.1
1742,1800,latest,-9.7637,1,1,1,0,N|ADJ,0,0,,,,,0,0,C3K,SCOWL60_STABLE_2020.12.07+WN3.1
1743,1801,leaves,-9.7637,1,0,1,0,,1,0,,leave,,,1,0,C3K,SCOWL60_STABLE_2020.12.07+WN3.1
1744,1802,library,-9.7637,1,1,0,0,N,0,0,,,,,0,0,C3K,SCOWL60_STABLE_2020.12.07+WN3.1
1745,1803,links,-9.7637,1,0,1,0,N,1,0,,link,,,1,0,C3K,SCOWL60_STABLE_2020.12.07+WN3.1
1746,1804,matters,-9.7637,1,0,1,0,,1,0,,matter,,,1,0,C3K,SCOWL60_STABLE_2020.12.07+WN3.1
1747,1805,metal,-9.7637,1,1,0,0,N|V|ADJ,1,1,,meta,,metals,1,1,C3K,SCOWL60_STABLE_2020.12.07+WN3.1
1748,1806,museum,-9.7637,1,1,0,0,N,1,1,,,,museums,0,1,C3K,SCOWL60_STABLE_2020.12.07+WN3.1
1749,1807,orders,-9.7637,1,0,1,0,,1,1,,order,borders,,1,1,C3K,SCOWL60_STABLE_2020.12.07+WN3.1
1750,1808,prove,-9.7637,1,1,0,0,V,1,1,,,,proved;proven;proves,0,3,C3K,SCOWL60_STABLE_2020.12.07+WN3.1
1751,1809,push,-9.7637,1,1,0,0,N|V,0,0,,,,,0,0,C3K,SCOWL60_STABLE_2020.12.07+WN3.1
1752,1810,require,-9.7637,1,1,1,0,V,1,1,,,,required;requires,0,2,C3K,SCOWL60_STABLE_2020.12.07+WN3.1
1753,1811,responsibility,-9.7637,1,1,0,0,N,0,0,,,,,0,0,C3K,SCOWL60_STABLE_2020.12.07+WN3.1
1754,1812,scientific,-9.7637,1,1,0,0,ADJ,0,0,,,,,0,0,C3K,SCOWL60_STABLE_2020.12.07+WN3.1
1755,1813,silver,-9.7637,1,1,0,0,N|V|ADJ,0,0,,,,,0,0,C3K,SCOWL60_STABLE_2020.12.07+WN3.1
1756,1814,soldiers,-9.7637,1,0,1,0,,1,0,,soldier,,,1,0,C3K,SCOWL60_STABLE_2020.12.07+WN3.1
1757,1815,standards,-9.7637,1,0,1,0,,1,0,,standard,,,1,0,C3K,SCOWL60_STABLE_2020.12.07+WN3.1
1758,1816,teachers,-9.7637,1,0,1,0,,1,0,,teacher,,,1,0,C3K,SCOWL60_STABLE_2020.12.07+WN3.1
1759,1817,tells,-9.7637,1,0,1,0,,1,0,,tell,,,1,0,C3K,SCOWL60_STABLE_2020.12.07+WN3.1
1760,1818,thousands,-9.7637,1,0,1,0,,1,0,,thousand,,,1,0,C3K,SCOWL60_STABLE_2020.12.07+WN3.1
1761,1819,transport,-9.7637,1,1,0,0,N|V,1,1,,,,transports,0,1,C3K,SCOWL60_STABLE_2020.12.07+WN3.1
1762,1820,user,-9.7637,1,1,0,0,N,1,1,,use,,users,1,1,C3K,SCOWL60_STABLE_2020.12.07+WN3.1
1763,1821,wine,-9.7637,1,1,0,0,N|V,1,1,,win,swine,wines,1,2,C3K,SCOWL60_STABLE_2020.12.07+WN3.1
1764,1822,wonderful,-9.7637,1,1,0,0,ADJ,0,0,,,,,0,0,C3K,SCOWL60_STABLE_2020.12.07+WN3.1
1765,1823,agent,-9.7866,1,1,0,0,N,1,1,,,,agents,0,1,C3K,SCOWL60_STABLE_2020.12.07+WN3.1
1766,1824,alive,-9.7866,1,0,1,0,ADJ,1,0,live,,,,1,0,C3K,SCOWL60_STABLE_2020.12.07+WN3.1
1767,1825,applied,-9.7866,1,0,1,0,ADJ,0,0,,,,,0,0,C3K,SCOWL60_STABLE_2020.12.07+WN3.1
1768,1826,artist,-9.7866,1,1,0,0,N,1,1,,,,artists,0,1,C3K,SCOWL60_STABLE_2020.12.07+WN3.1
1769,1827,assembly,-9.7866,1,1,0,0,N,0,0,,,,,0,0,C3K,SCOWL60_STABLE_2020.12.07+WN3.1
1770,1828,automatically,-9.7866,1,1,0,0,ADV,0,0,,,,,0,0,C3K,SCOWL60_STABLE_2020.12.07+WN3.1
1771,1829,balance,-9.7866,1,1,0,0,N|V,1,1,,,,balanced;balances,0,2,C3K,SCOWL60_STABLE_2020.12.07+WN3.1
1772,1830,bodies,-9.7866,1,0,1,0,,0,0,,,,,0,0,C3K,SCOWL60_STABLE_2020.12.07+WN3.1
1773,1831,bridge,-9.7866,1,1,0,0,N|V,1,1,ridge,,,bridges,1,1,C3K,SCOWL60_STABLE_2020.12.07+WN3.1
1774,1832,capacity,-9.7866,1,1,0,0,N,0,0,,,,,0,0,C3K,SCOWL60_STABLE_2020.12.07+WN3.1
1775,1833,citizens,-9.7866,1,0,1,0,,1,0,,citizen,,,1,0,C3K,SCOWL60_STABLE_2020.12.07+WN3.1
1776,1834,communities,-9.7866,1,0,1,0,,0,0,,,,,0,0,C3K,SCOWL60_STABLE_2020.12.07+WN3.1
1777,1835,concern,-9.7866,1,1,0,0,N|V,1,1,,,,concerns,0,1,C3K,SCOWL60_STABLE_2020.12.07+WN3.1
1778,1836,core,-9.7866,1,1,0,0,N|V,1,1,ore,cor,score,cores,2,2,C3K,SCOWL60_STABLE_2020.12.07+WN3.1
1779,1837,emergency,-9.7866,1,1,0,0,N,0,0,,,,,0,0,C3K,SCOWL60_STABLE_2020.12.07+WN3.1
1780,1838,ends,-9.7866,1,0,1,0,,1,1,,end,sends;tends;lends;bends,,1,4,C3K,SCOWL60_STABLE_2020.12.07+WN3.1
1781,1839,estate,-9.7866,1,1,0,0,N,1,1,state,,,estates,1,1,C3K,SCOWL60_STABLE_2020.12.07+WN3.1
1782,1840,factors,-9.7866,1,0,1,0,,1,0,actors,factor,,,2,0,C3K,SCOWL60_STABLE_2020.12.07+WN3.1
1783,1841,feature,-9.7866,1,1,0,0,N|V,1,1,,,,features;featured,0,2,C3K,SCOWL60_STABLE_2020.12.07+WN3.1
1784,1842,fellow,-9.7866,1,1,0,0,N,1,1,,,,fellows,0,1,C3K,SCOWL60_STABLE_2020.12.07+WN3.1
1785,1843,firm,-9.7866,1,1,0,0,N|V|ADJ|ADV,1,1,,fir,,firms,1,1,C3K,SCOWL60_STABLE_2020.12.07+WN3.1
1786,1844,handle,-9.7866,1,1,0,0,N|V,1,1,,,,handled;handles;handler,0,3,C3K,SCOWL60_STABLE_2020.12.07+WN3.1
1787,1845,host,-9.7866,1,1,0,0,N|V,1,1,,,ghost,hosts,0,2,C3K,SCOWL60_STABLE_2020.12.07+WN3.1
1788,1846,ill,-9.7866,1,1,0,0,N|ADJ|ADV,1,1,ll,,will;kill;bill;till;hill;fill;mill;pill;gill,,1,9,C3K,SCOWL60_STABLE_2020.12.07+WN3.1
1789,1847,initial,-9.7866,1,1,0,0,N|V|ADJ,1,1,,,,initials,0,1,C3K,SCOWL60_STABLE_2020.12.07+WN3.1
1790,1848,italy,-9.7866,0,0,0,0,N,0,0,,,,,0,0,C3K,SCOWL60_STABLE_2020.12.07+WN3.1
1791,1849,lucky,-9.7866,1,1,0,0,ADJ,1,0,,luck,,,1,0,C3K,SCOWL60_STABLE_2020.12.07+WN3.1
1792,1850,net,-9.7866,1,1,0,0,N|V|ADJ,1,1,,,,nets,0,1,C3K,SCOWL60_STABLE_2020.12.07+WN3.1
1793,1851,offers,-9.7866,1,0,1,0,,1,0,,offer,,,1,0,C3K,SCOWL60_STABLE_2020.12.07+WN3.1
1794,1852,owner,-9.7866,1,1,0,0,N,1,1,,,,owners,0,1,C3K,SCOWL60_STABLE_2020.12.07+WN3.1
1795,1853,patient,-9.7866,1,1,0,0,N|ADJ,1,1,,,,patients,0,1,C3K,SCOWL60_STABLE_2020.12.07+WN3.1
1796,1854,photos,-9.7866,1,0,1,0,,1,0,,photo,,,1,0,C3K,SCOWL60_STABLE_2020.12.07+WN3.1
1797,1855,plants,-9.7866,1,0,1,0,,1,0,,plant,,,1,0,C3K,SCOWL60_STABLE_2020.12.07+WN3.1
1798,1856,proud,-9.7866,1,1,0,0,ADJ,0,0,,,,,0,0,C3K,SCOWL60_STABLE_2020.12.07+WN3.1
1799,1857,sector,-9.7866,1,1,0,0,N,1,1,,,,sectors,0,1,C3K,SCOWL60_STABLE_2020.12.07+WN3.1
1800,1858,sites,-9.7866,1,0,1,0,,1,0,,site,,,1,0,C3K,SCOWL60_STABLE_2020.12.07+WN3.1
1801,1859,sport,-9.7866,1,1,0,0,N|V,1,1,port,,,sports,1,1,C3K,SCOWL60_STABLE_2020.12.07+WN3.1
1802,1860,suggest,-9.7866,1,1,0,0,V,1,1,,,,suggests,0,1,C3K,SCOWL60_STABLE_2020.12.07+WN3.1
1803,1861,texas,-9.7866,0,0,0,0,N,0,0,,,,,0,0,C3K,SCOWL60_STABLE_2020.12.07+WN3.1
1804,1862,usa,-9.7866,0,0,0,0,N,0,0,,,,,0,0,C3K,SCOWL60_STABLE_2020.12.07+WN3.1
1805,1863,victory,-9.7866,1,1,0,0,N,1,0,,victor,,,1,0,C3K,SCOWL60_STABLE_2020.12.07+WN3.1
1806,1864,wake,-9.7866,1,1,0,0,N|V,1,1,,,awake,wakes,0,2,C3K,SCOWL60_STABLE_2020.12.07+WN3.1
1807,1865,ah,-9.8082,1,1,0,0,,1,1,,a,nah;bah,aha,1,3,C3K,SCOWL60_STABLE_2020.12.07+WN3.1
1808,1866,ancient,-9.8082,1,1,0,0,N|ADJ,0,0,,,,,0,0,C3K,SCOWL60_STABLE_2020.12.07+WN3.1
1809,1867,britain,-9.8082,0,0,0,0,N,0,0,,,,,0,0,C3K,SCOWL60_STABLE_2020.12.07+WN3.1
1810,1868,crisis,-9.8082,1,1,0,0,N,0,0,,,,,0,0,C3K,SCOWL60_STABLE_2020.12.07+WN3.1
1811,1869,discovered,-9.8082,1,1,1,0,ADJ,0,0,,,,,0,0,C3K,SCOWL60_STABLE_2020.12.07+WN3.1
1812,1870,domestic,-9.8082,1,1,0,0,N|ADJ,0,0,,,,,0,0,C3K,SCOWL60_STABLE_2020.12.07+WN3.1
1813,1871,edge,-9.8082,1,1,0,0,N|V,1,1,,,hedge;wedge;ledge,edges;edged,0,5,C3K,SCOWL60_STABLE_2020.12.07+WN3.1
1814,1872,employees,-9.8082,1,0,1,0,,1,0,,employee,,,1,0,C3K,SCOWL60_STABLE_2020.12.07+WN3.1
1815,1873,fashion,-9.8082,1,1,0,0,N|V,0,0,,,,,0,0,C3K,SCOWL60_STABLE_2020.12.07+WN3.1
1816,1874,figures,-9.8082,1,0,1,0,,1,0,,figure,,,1,0,C3K,SCOWL60_STABLE_2020.12.07+WN3.1
1817,1875,helping,-9.8082,1,1,1,0,N,0,0,,,,,0,0,C3K,SCOWL60_STABLE_2020.12.07+WN3.1
1818,1876,houses,-9.8082,1,0,1,0,,1,0,,house,,,1,0,C3K,SCOWL60_STABLE_2020.12.07+WN3.1
1819,1877,http,-9.8082,0,0,0,0,N,0,0,,,,,0,0,C3K,SCOWL60_STABLE_2020.12.07+WN3.1
1820,1878,introduced,-9.8082,1,0,1,0,,1,0,,introduce,,,1,0,C3K,SCOWL60_STABLE_2020.12.07+WN3.1
1821,1879,joined,-9.8082,1,0,1,0,ADJ,0,0,,,,,0,0,C3K,SCOWL60_STABLE_2020.12.07+WN3.1
1822,1880,joint,-9.8082,1,1,0,0,N|V|ADJ,1,1,,join,,joints,1,1,C3K,SCOWL60_STABLE_2020.12.07+WN3.1
1823,1881,journal,-9.8082,1,1,0,0,N,1,1,,,,journals,0,1,C3K,SCOWL60_STABLE_2020.12.07+WN3.1
1824,1882,labor,-9.8082,1,1,0,0,N|V,0,0,,,,,0,0,C3K,SCOWL60_STABLE_2020.12.07+WN3.1
1825,1883,lies,-9.8082,1,0,1,0,,1,1,,lie,flies,,1,1,C3K,SCOWL60_STABLE_2020.12.07+WN3.1
1826,1884,literally,-9.8082,1,0,1,0,ADV,0,0,,,,,0,0,C3K,SCOWL60_STABLE_2020.12.07+WN3.1
1827,1885,materials,-9.8082,1,0,1,0,,1,0,,material,,,1,0,C3K,SCOWL60_STABLE_2020.12.07+WN3.1
1828,1886,measures,-9.8082,1,0,1,0,,1,0,,measure,,,1,0,C3K,SCOWL60_STABLE_2020.12.07+WN3.1
1829,1887,mention,-9.8082,1,1,0,0,N|V,1,1,,,,mentions,0,1,C3K,SCOWL60_STABLE_2020.12.07+WN3.1
1830,1888,models,-9.8082,1,0,1,0,,1,0,,model,,,1,0,C3K,SCOWL60_STABLE_2020.12.07+WN3.1
1831,1889,mountain,-9.8082,1,1,0,0,N,1,1,,,,mountains,0,1,C3K,SCOWL60_STABLE_2020.12.07+WN3.1
1832,1890,path,-9.8082,1,1,1,0,N,1,1,,pat,,paths,1,1,C3K,SCOWL60_STABLE_2020.12.07+WN3.1
1833,1891,planned,-9.8082,1,1,0,0,ADJ,0,0,,,,,0,0,C3K,SCOWL60_STABLE_2020.12.07+WN3.1
1834,1892,powers,-9.8082,1,0,1,0,,1,0,,power,,,1,0,C3K,SCOWL60_STABLE_2020.12.07+WN3.1
1835,1893,raise,-9.8082,1,1,0,0,N|V,1,1,,,praise,raised;raises,0,3,C3K,SCOWL60_STABLE_2020.12.07+WN3.1
1836,1894,smart,-9.8082,1,1,0,0,N|V|ADJ,1,0,mart,,,,1,0,C3K,SCOWL60_STABLE_2020.12.07+WN3.1
1837,1895,somewhere,-9.8082,1,1,0,0,N|ADV,0,0,,,,,0,0,C3K,SCOWL60_STABLE_2020.12.07+WN3.1
1838,1896,toward,-9.8082,1,1,0,0,,1,1,,,,towards,0,1,C3K,SCOWL60_STABLE_2020.12.07+WN3.1
1839,1897,unique,-9.8082,1,1,0,0,ADJ,0,0,,,,,0,0,C3K,SCOWL60_STABLE_2020.12.07+WN3.1
1840,1898,winner,-9.8082,1,1,0,0,N,1,1,inner,,,winners,1,1,C3K,SCOWL60_STABLE_2020.12.07+WN3.1
1841,1902,accepted,-9.8321,1,1,1,0,ADJ,0,0,,,,,0,0,C3K,SCOWL60_STABLE_2020.12.07+WN3.1
1842,1903,accident,-9.8321,1,1,0,0,N,1,1,,,,accidents,0,1,C3K,SCOWL60_STABLE_2020.12.07+WN3.1
1843,1904,accounts,-9.8321,1,0,1,0,,1,0,,account,,,1,0,C3K,SCOWL60_STABLE_2020.12.07+WN3.1
1844,1905,americans,-9.8321,0,0,0,0,,0,0,,,,,0,0,C3K,SCOWL60_STABLE_2020.12.07+WN3.1
1845,1906,arm,-9.8321,1,1,0,0,N|V,1,1,rm,,farm;warm;harm,army;arms,1,5,C3K,SCOWL60_STABLE_2020.12.07+WN3.1
1846,1907,bear,-9.8321,1,1,0,0,N|V,1,1,ear,,,bears;beard,1,2,C3K,SCOWL60_STABLE_2020.12.07+WN3.1
1847,1908,boat,-9.8321,1,1,0,0,N|V,1,1,,,,boats,0,1,C3K,SCOWL60_STABLE_2020.12.07+WN3.1
1848,1909,cast,-9.8321,1,1,0,0,N|V,1,1,,,,caste;casts,0,2,C3K,SCOWL60_STABLE_2020.12.07+WN3.1
1849,1910,chicago,-9.8321,0,0,0,0,N,0,0,,,,,0,0,C3K,SCOWL60_STABLE_2020.12.07+WN3.1
1850,1911,climate,-9.8321,1,1,0,0,N,1,1,,,,climates,0,1,C3K,SCOWL60_STABLE_2020.12.07+WN3.1
1851,1912,context,-9.8321,1,0,1,0,N,1,1,,,,contexts,0,1,C3K,SCOWL60_STABLE_2020.12.07+WN3.1
1852,1913,description,-9.8321,1,1,0,0,N,1,1,,,,descriptions,0,1,C3K,SCOWL60_STABLE_2020.12.07+WN3.1
1853,1914,en,-9.8321,1,1,0,0,N,1,1,,,men;ten;pen;gen;ken;den;sen;yen;zen;hen;wen,end,0,12,C3K,SCOWL60_STABLE_2020.12.07+WN3.1
1854,1915,enemy,-9.8321,1,1,0,0,N,0,0,,,,,0,0,C3K,SCOWL60_STABLE_2020.12.07+WN3.1
1855,1916,entered,-9.8321,1,0,1,0,,1,1,,,centered,,0,1,C3K,SCOWL60_STABLE_2020.12.07+WN3.1
1856,1917,entirely,-9.8321,1,0,1,0,ADV,0,0,,,,,0,0,C3K,SCOWL60_STABLE_2020.12.07+WN3.1
1857,1918,excellent,-9.8321,1,1,0,0,ADJ,0,0,,,,,0,0,C3K,SCOWL60_STABLE_2020.12.07+WN3.1
1858,1919,factor,-9.8321,1,1,0,0,N|V,1,1,actor,,,factors;factory,1,2,C3K,SCOWL60_STABLE_2020.12.07+WN3.1
1859,1920,fifth,-9.8321,1,1,0,0,N|ADJ,0,0,,,,,0,0,C3K,SCOWL60_STABLE_2020.12.07+WN3.1
1860,1921,fixed,-9.8321,1,1,1,0,ADJ,0,0,,,,,0,0,C3K,SCOWL60_STABLE_2020.12.07+WN3.1
1861,1922,governor,-9.8321,1,1,0,0,N,1,1,,,,governors,0,1,C3K,SCOWL60_STABLE_2020.12.07+WN3.1
1862,1923,happening,-9.8321,1,1,1,0,N,0,0,,,,,0,0,C3K,SCOWL60_STABLE_2020.12.07+WN3.1
1863,1924,henry,-9.8321,0,0,0,0,N,0,0,,,,,0,0,C3K,SCOWL60_STABLE_2020.12.07+WN3.1
1864,1925,hundred,-9.8321,1,1,0,0,N|ADJ,1,1,,,,hundreds,0,1,C3K,SCOWL60_STABLE_2020.12.07+WN3.1
1865,1926,intended,-9.8321,1,1,1,0,ADJ,0,0,,,,,0,0,C3K,SCOWL60_STABLE_2020.12.07+WN3.1
1866,1927,internal,-9.8321,1,1,0,0,ADJ,0,0,,,,,0,0,C3K,SCOWL60_STABLE_2020.12.07+WN3.1
1867,1928,iron,-9.8321,1,1,0,0,N|V|ADJ,1,1,,,,irony;irons,0,2,C3K,SCOWL60_STABLE_2020.12.07+WN3.1
1868,1929,italian,-9.8321,0,0,0,0,N|ADJ,0,0,,,,,0,0,C3K,SCOWL60_STABLE_2020.12.07+WN3.1
1869,1930,joe,-9.8321,0,0,0,0,,0,0,,,,,0,0,C3K,SCOWL60_STABLE_2020.12.07+WN3.1
1870,1931,knowing,-9.8321,1,1,0,0,N|ADJ,0,0,,,,,0,0,C3K,SCOWL60_STABLE_2020.12.07+WN3.1
1871,1932,liked,-9.8321,1,0,1,0,ADJ,1,0,,like,,,1,0,C3K,SCOWL60_STABLE_2020.12.07+WN3.1
1872,1933,limit,-9.8321,1,1,0,0,N|V,1,1,,,,limits,0,1,C3K,SCOWL60_STABLE_2020.12.07+WN3.1
1873,1934,martin,-9.8321,1,1,0,0,N,1,1,,,,martini,0,1,C3K,SCOWL60_STABLE_2020.12.07+WN3.1
1874,1935,methods,-9.8321,1,0,1,0,,1,0,,method,,,1,0,C3K,SCOWL60_STABLE_2020.12.07+WN3.1
1875,1936,mexico,-9.8321,0,0,0,0,N,0,0,,,,,0,0,C3K,SCOWL60_STABLE_2020.12.07+WN3.1
1876,1937,mike,-9.8321,1,1,0,0,N,0,0,,,,,0,0,C3K,SCOWL60_STABLE_2020.12.07+WN3.1
1877,1938,onto,-9.8321,1,1,0,0,,0,0,,,,,0,0,C3K,SCOWL60_STABLE_2020.12.07+WN3.1
1878,1939,operating,-9.8321,1,0,1,0,ADJ,0,0,,,,,0,0,C3K,SCOWL60_STABLE_2020.12.07+WN3.1
1879,1940,plane,-9.8321,1,1,0,0,N|V|ADJ,1,1,lane,plan,,planet;planes,2,2,C3K,SCOWL60_STABLE_2020.12.07+WN3.1
1880,1941,possibly,-9.8321,1,1,0,0,ADV,0,0,,,,,0,0,C3K,SCOWL60_STABLE_2020.12.07+WN3.1
1881,1942,rare,-9.8321,1,1,0,0,ADJ,1,0,are,,,,1,0,C3K,SCOWL60_STABLE_2020.12.07+WN3.1
1882,1943,remained,-9.8321,1,0,1,0,,0,0,,,,,0,0,C3K,SCOWL60_STABLE_2020.12.07+WN3.1
1883,1944,selling,-9.8321,1,0,1,0,N,0,0,,,,,0,0,C3K,SCOWL60_STABLE_2020.12.07+WN3.1
1884,1945,smoke,-9.8321,1,1,0,0,N|V,1,1,,,,smoked;smokes;smoker,0,3,C3K,SCOWL60_STABLE_2020.12.07+WN3.1
1885,1946,steps,-9.8321,1,0,1,0,N,1,0,,step,,,1,0,C3K,SCOWL60_STABLE_2020.12.07+WN3.1
1886,1947,strategy,-9.8321,1,1,0,0,N,0,0,,,,,0,0,C3K,SCOWL60_STABLE_2020.12.07+WN3.1
1887,1948,suggested,-9.8321,1,0,1,0,,0,0,,,,,0,0,C3K,SCOWL60_STABLE_2020.12.07+WN3.1
1888,1949,supported,-9.8321,1,1,1,0,ADJ,0,0,,,,,0,0,C3K,SCOWL60_STABLE_2020.12.07+WN3.1
1889,1950,taste,-9.8321,1,1,0,0,N|V,1,1,,,,tastes;tasted,0,2,C3K,SCOWL60_STABLE_2020.12.07+WN3.1
1890,1951,thinks,-9.8321,1,0,1,0,,1,0,,think,,,1,0,C3K,SCOWL60_STABLE_2020.12.07+WN3.1
1891,1952,thoughts,-9.8321,1,0,1,0,,1,0,,thought,,,1,0,C3K,SCOWL60_STABLE_2020.12.07+WN3.1
1892,1953,turns,-9.8321,1,0,1,0,,1,0,,turn,,,1,0,C3K,SCOWL60_STABLE_2020.12.07+WN3.1
1893,1954,upper,-9.8321,1,1,0,0,N|ADJ,1,1,,,supper,,0,1,C3K,SCOWL60_STABLE_2020.12.07+WN3.1
1894,1955,ad,-9.8547,1,1,0,0,N|ADV,1,1,,a,had;bad;dad;sad;mad;pad;lad;rad;tad;cad,add;ads,1,12,C3K,SCOWL60_STABLE_2020.12.07+WN3.1
1895,1956,afraid,-9.8547,1,1,0,0,ADJ,0,0,,,,,0,0,C3K,SCOWL60_STABLE_2020.12.07+WN3.1
1896,1957,bag,-9.8547,1,1,0,0,N|V,1,1,,,,bags,0,1,C3K,SCOWL60_STABLE_2020.12.07+WN3.1
1897,1958,boss,-9.8547,1,1,0,0,N|V|ADJ,0,0,,,,,0,0,C3K,SCOWL60_STABLE_2020.12.07+WN3.1
1898,1959,breaking,-9.8547,1,0,1,0,N,0,0,,,,,0,0,C3K,SCOWL60_STABLE_2020.12.07+WN3.1
1899,1960,brothers,-9.8547,1,0,1,0,,1,0,,brother,,,1,0,C3K,SCOWL60_STABLE_2020.12.07+WN3.1
1900,1961,clothes,-9.8547,1,0,1,0,N,0,0,,,,,0,0,C3K,SCOWL60_STABLE_2020.12.07+WN3.1
1901,1962,conversation,-9.8547,1,1,0,0,N,1,1,,,,conversations,0,1,C3K,SCOWL60_STABLE_2020.12.07+WN3.1
1902,1963,corner,-9.8547,1,1,1,0,N|V,1,1,,,,corners,0,1,C3K,SCOWL60_STABLE_2020.12.07+WN3.1
1903,1964,decisions,-9.8547,1,1,0,0,,1,0,,decision,,,1,0,C3K,SCOWL60_STABLE_2020.12.07+WN3.1
1904,1965,dry,-9.8547,1,1,0,0,N|V|ADJ,0,0,,,,,0,0,C3K,SCOWL60_STABLE_2020.12.07+WN3.1
1905,1966,equal,-9.8547,1,1,0,0,N|V|ADJ,1,1,,,,equals,0,1,C3K,SCOWL60_STABLE_2020.12.07+WN3.1
1906,1967,exercise,-9.8547,1,1,0,0,N|V,1,1,,,,exercises;exercised,0,2,C3K,SCOWL60_STABLE_2020.12.07+WN3.1
1907,1968,existing,-9.8547,1,0,1,0,ADJ,0,0,,,,,0,0,C3K,SCOWL60_STABLE_2020.12.07+WN3.1
1908,1969,feelings,-9.8547,1,0,1,0,N,1,0,,feeling,,,1,0,C3K,SCOWL60_STABLE_2020.12.07+WN3.1
1909,1970,flying,-9.8547,1,1,1,0,N|ADJ,1,0,lying,,,,1,0,C3K,SCOWL60_STABLE_2020.12.07+WN3.1
1910,1971,forever,-9.8547,1,1,0,0,ADV,0,0,,,,,0,0,C3K,SCOWL60_STABLE_2020.12.07+WN3.1
1911,1972,frank,-9.8547,1,1,0,0,N|V|ADJ,1,1,rank,,,franks,1,1,C3K,SCOWL60_STABLE_2020.12.07+WN3.1
1912,1973,gift,-9.8547,1,1,0,0,N|V,1,1,,,,gifts,0,1,C3K,SCOWL60_STABLE_2020.12.07+WN3.1
1913,1974,guard,-9.8547,1,1,0,0,N|V,1,1,,,,guards,0,1,C3K,SCOWL60_STABLE_2020.12.07+WN3.1
1914,1975,harry,-9.8547,1,1,0,0,V,0,0,,,,,0,0,C3K,SCOWL60_STABLE_2020.12.07+WN3.1
1915,1976,housing,-9.8547,1,1,1,0,N,0,0,,,,,0,0,C3K,SCOWL60_STABLE_2020.12.07+WN3.1
1916,1977,inc,-9.8547,1,1,1,0,N,1,1,,in,zinc,inch,1,2,C3K,SCOWL60_STABLE_2020.12.07+WN3.1
1917,1978,increasing,-9.8547,1,1,1,0,ADJ,0,0,,,,,0,0,C3K,SCOWL60_STABLE_2020.12.07+WN3.1
1918,1979,intelligence,-9.8547,1,1,0,0,N,0,0,,,,,0,0,C3K,SCOWL60_STABLE_2020.12.07+WN3.1
1919,1980,issued,-9.8547,1,0,1,0,,1,0,,issue,,,1,0,C3K,SCOWL60_STABLE_2020.12.07+WN3.1
1920,1981,mad,-9.8547,1,1,0,0,ADJ,1,1,ad,ma,,made,2,1,C3K,SCOWL60_STABLE_2020.12.07+WN3.1
1921,1982,magic,-9.8547,1,1,0,0,N|ADJ,0,0,,,,,0,0,C3K,SCOWL60_STABLE_2020.12.07+WN3.1
1922,1983,marketing,-9.8547,1,1,1,0,N,0,0,,,,,0,0,C3K,SCOWL60_STABLE_2020.12.07+WN3.1
1923,1984,measure,-9.8547,1,1,0,0,N|V,1,1,,,,measures;measured,0,2,C3K,SCOWL60_STABLE_2020.12.07+WN3.1
1924,1985,ministry,-9.8547,1,1,0,0,N,0,0,,,,,0,0,C3K,SCOWL60_STABLE_2020.12.07+WN3.1
1925,1986,moon,-9.8547,1,1,0,0,N|V,1,1,,,,moons,0,1,C3K,SCOWL60_STABLE_2020.12.07+WN3.1
1926,1987,ordered,-9.8547,1,1,1,0,ADJ,0,0,,,,,0,0,C3K,SCOWL60_STABLE_2020.12.07+WN3.1
1927,1988,pieces,-9.8547,1,0,1,0,,1,0,,piece,,,1,0,C3K,SCOWL60_STABLE_2020.12.07+WN3.1
1928,1989,profit,-9.8547,1,1,1,0,N|V,1,1,,,,profits,0,1,C3K,SCOWL60_STABLE_2020.12.07+WN3.1
1929,1990,proper,-9.8547,1,1,0,0,ADJ,0,0,,,,,0,0,C3K,SCOWL60_STABLE_2020.12.07+WN3.1
1930,1991,reduce,-9.8547,1,1,0,0,V,1,1,,,,reduced;reduces,0,2,C3K,SCOWL60_STABLE_2020.12.07+WN3.1
1931,1992,selected,-9.8547,1,0,1,0,ADJ,1,0,elected,,,,1,0,C3K,SCOWL60_STABLE_2020.12.07+WN3.1
1932,1993,sides,-9.8547,1,0,1,0,,1,0,,side,,,1,0,C3K,SCOWL60_STABLE_2020.12.07+WN3.1
1933,1994,sky,-9.8547,1,1,0,0,N|V,0,0,,,,,0,0,C3K,SCOWL60_STABLE_2020.12.07+WN3.1
1934,1995,slightly,-9.8547,1,0,1,0,ADV,1,0,lightly,,,,1,0,C3K,SCOWL60_STABLE_2020.12.07+WN3.1
1935,1996,stress,-9.8547,1,1,0,0,N|V,0,0,,,,,0,0,C3K,SCOWL60_STABLE_2020.12.07+WN3.1
1936,1997,survey,-9.8547,1,1,0,0,N|V,1,1,,,,surveys,0,1,C3K,SCOWL60_STABLE_2020.12.07+WN3.1
1937,1998,tea,-9.8547,1,1,0,0,N,1,1,ea,,,team;tear,1,2,C3K,SCOWL60_STABLE_2020.12.07+WN3.1
1938,1999,technical,-9.8547,1,1,0,0,N|ADJ,0,0,,,,,0,0,C3K,SCOWL60_STABLE_2020.12.07+WN3.1
1939,2000,tough,-9.8547,1,1,0,0,N|ADJ,0,0,,,,,0,0,C3K,SCOWL60_STABLE_2020.12.07+WN3.1
1940,2001,treat,-9.8547,1,1,0,0,N|V,1,1,,,,treaty;treats,0,2,C3K,SCOWL60_STABLE_2020.12.07+WN3.1
1941,2002,trees,-9.8547,1,0,1,0,,1,0,,tree,,,1,0,C3K,SCOWL60_STABLE_2020.12.07+WN3.1
1942,2003,twitter,-9.8547,1,1,0,0,N|V,0,0,,,,,0,0,C3K,SCOWL60_STABLE_2020.12.07+WN3.1
1943,2004,warm,-9.8547,1,1,0,0,V|ADJ|ADV,1,1,arm,war,swarm,,2,1,C3K,SCOWL60_STABLE_2020.12.07+WN3.1
1944,2005,zone,-9.8547,1,1,0,0,N|V,1,1,one,,ozone,zones,1,2,C3K,SCOWL60_STABLE_2020.12.07+WN3.1
1945,2006,advanced,-9.8778,1,0,1,0,ADJ,1,0,,advance,,,1,0,C3K,SCOWL60_STABLE_2020.12.07+WN3.1
1946,2007,afternoon,-9.8778,1,1,0,0,N,1,1,,,,afternoons,0,1,C3K,SCOWL60_STABLE_2020.12.07+WN3.1
1947,2008,alternative,-9.8778,1,1,1,0,N|ADJ,1,1,,,,alternatives,0,1,C3K,SCOWL60_STABLE_2020.12.07+WN3.1
1948,2009,appreciate,-9.8778,1,1,0,0,V,1,1,,,,appreciated;appreciates,0,2,C3K,SCOWL60_STABLE_2020.12.07+WN3.1
1949,2010,appropriate,-9.8778,1,1,0,0,V|ADJ,0,0,,,,,0,0,C3K,SCOWL60_STABLE_2020.12.07+WN3.1
1950,2011,beauty,-9.8778,1,1,0,0,N,0,0,,,,,0,0,C3K,SCOWL60_STABLE_2020.12.07+WN3.1
1951,2012,circumstances,-9.8778,1,0,1,0,N,1,0,,circumstance,,,1,0,C3K,SCOWL60_STABLE_2020.12.07+WN3.1
1952,2013,closer,-9.8778,1,0,1,0,N|ADV,1,0,loser,close,,,2,0,C3K,SCOWL60_STABLE_2020.12.07+WN3.1
1953,2014,dogs,-9.8778,1,0,1,0,,1,0,,dog,,,1,0,C3K,SCOWL60_STABLE_2020.12.07+WN3.1
1954,2015,dont,-9.8778,0,0,0,0,,0,0,,,,,0,0,C3K,SCOWL60_STABLE_2020.12.07+WN3.1
1955,2016,dropped,-9.8778,1,1,0,0,,0,0,,,,,0,0,C3K,SCOWL60_STABLE_2020.12.07+WN3.1
1956,2017,festival,-9.8778,1,1,0,0,N,1,1,,,,festivals,0,1,C3K,SCOWL60_STABLE_2020.12.07+WN3.1
1957,2018,flat,-9.8778,1,1,0,0,N|ADJ|ADV,1,1,,,,flats,0,1,C3K,SCOWL60_STABLE_2020.12.07+WN3.1
1958,2019,forest,-9.8778,1,1,0,0,N|V,1,1,,,,forests,0,1,C3K,SCOWL60_STABLE_2020.12.07+WN3.1
1959,2020,formed,-9.8778,1,1,1,0,ADJ,0,0,,,,,0,0,C3K,SCOWL60_STABLE_2020.12.07+WN3.1
1960,2021,funds,-9.8778,1,0,1,0,N,1,0,,fund,,,1,0,C3K,SCOWL60_STABLE_2020.12.07+WN3.1
1961,2022,grade,-9.8778,1,1,0,0,N|V,1,1,,grad,,grades;graded,1,2,C3K,SCOWL60_STABLE_2020.12.07+WN3.1
1962,2023,hello,-9.8778,1,1,0,0,N,1,0,,hell,,,1,0,C3K,SCOWL60_STABLE_2020.12.07+WN3.1
1963,2024,herself,-9.8778,1,1,0,0,,0,0,,,,,0,0,C3K,SCOWL60_STABLE_2020.12.07+WN3.1
1964,2025,iii,-9.8778,1,1,0,0,N|ADJ,1,1,ii,ii,viii;xiii,,2,2,C3K,SCOWL60_STABLE_2020.12.07+WN3.1
1965,2026,importance,-9.8778,1,1,0,0,N,0,0,,,,,0,0,C3K,SCOWL60_STABLE_2020.12.07+WN3.1
1966,2027,lee,-9.8778,1,1,0,0,N|ADJ,1,1,,,flee;glee,,0,2,C3K,SCOWL60_STABLE_2020.12.07+WN3.1
1967,2028,promise,-9.8778,1,1,0,0,N|V,1,1,,,,promised;promises,0,2,C3K,SCOWL60_STABLE_2020.12.07+WN3.1
1968,2029,province,-9.8778,1,1,0,0,N,1,1,,,,provinces,0,1,C3K,SCOWL60_STABLE_2020.12.07+WN3.1
1969,2030,rain,-9.8778,1,1,0,0,N|V,1,1,,,train;brain;grain;drain,rains;rainy,0,6,C3K,SCOWL60_STABLE_2020.12.07+WN3.1
1970,2031,reaction,-9.8778,1,0,1,0,N,1,1,,,,reactions,0,1,C3K,SCOWL60_STABLE_2020.12.07+WN3.1
1971,2032,reduced,-9.8778,1,0,1,0,ADJ,1,0,,reduce,,,1,0,C3K,SCOWL60_STABLE_2020.12.07+WN3.1
1972,2033,roll,-9.8778,1,1,0,0,N|V,1,1,,,troll,rolls,0,2,C3K,SCOWL60_STABLE_2020.12.07+WN3.1
1973,2034,shape,-9.8778,1,1,0,0,N|V,1,1,,,,shaped;shapes,0,2,C3K,SCOWL60_STABLE_2020.12.07+WN3.1
1974,2035,snow,-9.8778,1,1,0,0,N|V,1,1,now,,,snowy,1,1,C3K,SCOWL60_STABLE_2020.12.07+WN3.1
1975,2036,stick,-9.8778,1,1,0,0,N|V,1,1,tick,,,sticks;sticky,1,2,C3K,SCOWL60_STABLE_2020.12.07+WN3.1
1976,2037,terrible,-9.8778,1,1,0,0,ADJ,0,0,,,,,0,0,C3K,SCOWL60_STABLE_2020.12.07+WN3.1
1977,2038,territory,-9.8778,1,1,0,0,N,0,0,,,,,0,0,C3K,SCOWL60_STABLE_2020.12.07+WN3.1
1978,2039,tests,-9.8778,1,0,1,0,,1,0,,test,,,1,0,C3K,SCOWL60_STABLE_2020.12.07+WN3.1
1979,2040,transfer,-9.8778,1,1,0,0,N|V,1,1,,,,transfers,0,1,C3K,SCOWL60_STABLE_2020.12.07+WN3.1
1980,2041,treated,-9.8778,1,1,1,0,ADJ,0,0,,,,,0,0,C3K,SCOWL60_STABLE_2020.12.07+WN3.1
1981,2042,troops,-9.8778,1,0,1,0,N,1,0,,troop,,,1,0,C3K,SCOWL60_STABLE_2020.12.07+WN3.1
1982,2043,vehicle,-9.8778,1,1,0,0,N,1,1,,,,vehicles,0,1,C3K,SCOWL60_STABLE_2020.12.07+WN3.1
1983,2044,allows,-9.9015,1,0,1,0,,1,0,,allow,,,1,0,C3K,SCOWL60_STABLE_2020.12.07+WN3.1
1984,2045,appeal,-9.9015,1,1,0,0,N|V,1,1,,,,appeals,0,1,C3K,SCOWL60_STABLE_2020.12.07+WN3.1
1985,2046,approximately,-9.9015,1,0,1,0,ADV,0,0,,,,,0,0,C3K,SCOWL60_STABLE_2020.12.07+WN3.1
1986,2047,audience,-9.9015,1,1,0,0,N,1,1,,,,audiences,0,1,C3K,SCOWL60_STABLE_2020.12.07+WN3.1
1987,2048,bay,-9.9015,1,1,0,0,N|V|ADJ,1,1,,,,bays,0,1,C3K,SCOWL60_STABLE_2020.12.07+WN3.1
1988,2049,bell,-9.9015,1,1,0,0,N|V,1,1,,,,belly;bells;belle,0,3,C3K,SCOWL60_STABLE_2020.12.07+WN3.1
1989,2050,birthday,-9.9015,1,1,0,0,N,1,1,,,,birthdays,0,1,C3K,SCOWL60_STABLE_2020.12.07+WN3.1
1990,2051,buildings,-9.9015,1,0,1,0,,1,0,,building,,,1,0,C3K,SCOWL60_STABLE_2020.12.07+WN3.1
1991,2052,busy,-9.9015,1,1,0,0,V|ADJ,1,0,,bus,,,1,0,C3K,SCOWL60_STABLE_2020.12.07+WN3.1
1992,2053,cards,-9.9015,1,0,1,0,N,1,0,,card,,,1,0,C3K,SCOWL60_STABLE_2020.12.07+WN3.1
1993,2054,contains,-9.9015,1,0,1,0,,1,0,,contain,,,1,0,C3K,SCOWL60_STABLE_2020.12.07+WN3.1
1994,2055,dress,-9.9015,1,1,0,0,N|V|ADJ,0,0,,,,,0,0,C3K,SCOWL60_STABLE_2020.12.07+WN3.1
1995,2056,easier,-9.9015,1,0,1,0,,0,0,,,,,0,0,C3K,SCOWL60_STABLE_2020.12.07+WN3.1
1996,2057,edition,-9.9015,1,1,0,0,N,1,1,,,,editions,0,1,C3K,SCOWL60_STABLE_2020.12.07+WN3.1
1997,2058,em,-9.9015,1,1,0,0,N,1,1,,,gem,ems,0,2,C3K,SCOWL60_STABLE_2020.12.07+WN3.1
1998,2059,fix,-9.9015,1,1,0,0,N|V,1,0,ix,,,,1,0,C3K,SCOWL60_STABLE_2020.12.07+WN3.1
1999,2060,heads,-9.9015,1,0,1,0,,1,0,,head,,,1,0,C3K,SCOWL60_STABLE_2020.12.07+WN3.1
2000,2061,jones,-9.9015,0,0,0,0,N,0,0,,,,,0,0,C3K,SCOWL60_STABLE_2020.12.07+WN3.1
2001,2062,mail,-9.9015,1,1,0,0,N|V,1,1,,,email,mails,0,2,C3K,SCOWL60_STABLE_2020.12.07+WN3.1
2002,2063,medicine,-9.9015,1,1,0,0,N|V,1,1,,,,medicines,0,1,C3K,SCOWL60_STABLE_2020.12.07+WN3.1
2003,2064,movies,-9.9015,1,0,1,0,,1,0,,movie,,,1,0,C3K,SCOWL60_STABLE_2020.12.07+WN3.1
2004,2065,numerous,-9.9015,1,1,0,0,ADJ,0,0,,,,,0,0,C3K,SCOWL60_STABLE_2020.12.07+WN3.1
2005,2066,options,-9.9015,1,0,1,0,,1,0,,option,,,1,0,C3K,SCOWL60_STABLE_2020.12.07+WN3.1
2006,2067,organizations,-9.9015,1,0,1,0,,1,0,,organization,,,1,0,C3K,SCOWL60_STABLE_2020.12.07+WN3.1
2007,2068,persons,-9.9015,1,0,1,0,,1,0,,person,,,1,0,C3K,SCOWL60_STABLE_2020.12.07+WN3.1
2008,2069,phase,-9.9015,1,1,0,0,N|V,1,1,,,,phases;phased,0,2,C3K,SCOWL60_STABLE_2020.12.07+WN3.1
2009,2070,quarter,-9.9015,1,1,0,0,N|V,1,1,,,,quarters,0,1,C3K,SCOWL60_STABLE_2020.12.07+WN3.1
2010,2071,route,-9.9015,1,1,0,0,N|V,1,1,,,,routes;router;routed,0,3,C3K,SCOWL60_STABLE_2020.12.07+WN3.1
2011,2072,surprise,-9.9015,1,1,0,0,N|V,1,1,,,,surprised;surprises,0,2,C3K,SCOWL60_STABLE_2020.12.07+WN3.1
2012,2073,task,-9.9015,1,1,0,0,N|V,1,1,ask,,,tasks,1,1,C3K,SCOWL60_STABLE_2020.12.07+WN3.1
2013,2074,teaching,-9.9015,1,1,1,0,N,1,1,,,,teachings,0,1,C3K,SCOWL60_STABLE_2020.12.07+WN3.1
2014,2075,turning,-9.9015,1,1,1,0,N,0,0,,,,,0,0,C3K,SCOWL60_STABLE_2020.12.07+WN3.1
2015,2076,urban,-9.9015,1,1,0,0,ADJ,0,0,,,,,0,0,C3K,SCOWL60_STABLE_2020.12.07+WN3.1
2016,2077,valley,-9.9015,1,1,0,0,N,1,1,alley,,,valleys,1,1,C3K,SCOWL60_STABLE_2020.12.07+WN3.1
2017,2078,wedding,-9.9015,1,1,0,0,N,1,1,,,,weddings,0,1,C3K,SCOWL60_STABLE_2020.12.07+WN3.1
2018,2079,willing,-9.9015,1,1,0,0,N|ADJ,0,0,,,,,0,0,C3K,SCOWL60_STABLE_2020.12.07+WN3.1
2019,2080,acts,-9.9237,1,0,1,0,N,1,1,,act,facts,,1,1,C3K,SCOWL60_STABLE_2020.12.07+WN3.1
2020,2081,affected,-9.9237,1,1,1,0,ADJ,0,0,,,,,0,0,C3K,SCOWL60_STABLE_2020.12.07+WN3.1
2021,2082,appearance,-9.9237,1,1,0,0,N,1,1,,,,appearances,0,1,C3K,SCOWL60_STABLE_2020.12.07+WN3.1
2022,2083,apple,-9.9237,1,1,0,0,N,1,1,,,,apples,0,1,C3K,SCOWL60_STABLE_2020.12.07+WN3.1
2023,2084,asia,-9.9237,0,0,0,0,N,0,0,,,,,0,0,C3K,SCOWL60_STABLE_2020.12.07+WN3.1
2024,2085,banks,-9.9237,1,0,1,0,N,1,0,,bank,,,1,0,C3K,SCOWL60_STABLE_2020.12.07+WN3.1
2025,2086,chapter,-9.9237,1,1,0,0,N,1,1,,,,chapters,0,1,C3K,SCOWL60_STABLE_2020.12.07+WN3.1
2026,2087,communication,-9.9237,1,1,1,0,N,1,1,,,,communications,0,1,C3K,SCOWL60_STABLE_2020.12.07+WN3.1
2027,2088,creating,-9.9237,1,0,1,0,,0,0,,,,,0,0,C3K,SCOWL60_STABLE_2020.12.07+WN3.1
2028,2089,definition,-9.9237,1,1,0,0,N,1,1,,,,definitions,0,1,C3K,SCOWL60_STABLE_2020.12.07+WN3.1
2029,2090,device,-9.9237,1,0,1,0,N,1,1,,,,devices,0,1,C3K,SCOWL60_STABLE_2020.12.07+WN3.1
2030,2091,ensure,-9.9237,1,1,0,0,V,1,1,,,,ensured;ensures,0,2,C3K,SCOWL60_STABLE_2020.12.07+WN3.1
2031,2092,flow,-9.9237,1,1,0,0,N|V,1,1,low,,,flows;flown,1,2,C3K,SCOWL60_STABLE_2020.12.07+WN3.1
2032,2093,goods,-9.9237,1,1,1,0,,1,0,,good,,,1,0,C3K,SCOWL60_STABLE_2020.12.07+WN3.1
2033,2094,grant,-9.9237,1,1,0,0,N|V,1,1,rant,gran,,grants,2,1,C3K,SCOWL60_STABLE_2020.12.07+WN3.1
2034,2095,grew,-9.9237,1,1,0,0,,0,0,,,,,0,0,C3K,SCOWL60_STABLE_2020.12.07+WN3.1
2035,2096,honest,-9.9237,1,1,1,0,ADJ,1,1,,,,honesty,0,1,C3K,SCOWL60_STABLE_2020.12.07+WN3.1
2036,2097,kick,-9.9237,1,1,0,0,N|V,1,1,,,,kicks,0,1,C3K,SCOWL60_STABLE_2020.12.07+WN3.1
2037,2098,listed,-9.9237,1,1,1,0,ADJ,0,0,,,,,0,0,C3K,SCOWL60_STABLE_2020.12.07+WN3.1
2038,2099,officials,-9.9237,1,0,1,0,,1,0,,official,,,1,0,C3K,SCOWL60_STABLE_2020.12.07+WN3.1
2039,2100,originally,-9.9237,1,0,1,0,ADV,0,0,,,,,0,0,C3K,SCOWL60_STABLE_2020.12.07+WN3.1
2040,2101,owned,-9.9237,1,0,1,0,ADJ,0,0,,,,,0,0,C3K,SCOWL60_STABLE_2020.12.07+WN3.1
2041,2102,pair,-9.9237,1,1,0,0,N|V,1,1,air,,,pairs,1,1,C3K,SCOWL60_STABLE_2020.12.07+WN3.1
2042,2103,picked,-9.9237,1,0,1,0,,0,0,,,,,0,0,C3K,SCOWL60_STABLE_2020.12.07+WN3.1
2043,2104,relationships,-9.9237,1,0,1,0,,1,0,,relationship,,,1,0,C3K,SCOWL60_STABLE_2020.12.07+WN3.1
2044,2105,relatively,-9.9237,1,0,1,0,ADV,0,0,,,,,0,0,C3K,SCOWL60_STABLE_2020.12.07+WN3.1
2045,2106,request,-9.9237,1,1,1,0,N|V,1,1,,,,requests,0,1,C3K,SCOWL60_STABLE_2020.12.07+WN3.1
2046,2107,revolution,-9.9237,1,1,0,0,N,1,1,evolution,,,revolutions,1,1,C3K,SCOWL60_STABLE_2020.12.07+WN3.1
2047,2108,shoot,-9.9237,1,1,0,0,N|V,1,1,,,,shoots,0,1,C3K,SCOWL60_STABLE_2020.12.07+WN3.1
2048,2109,shooting,-9.9237,1,1,1,0,N,1,1,,,,shootings,0,1,C3K,SCOWL60_STABLE_2020.12.07+WN3.1
2049,2110,signs,-9.9237,1,0,1,0,,1,0,,sign,,,1,0,C3K,SCOWL60_STABLE_2020.12.07+WN3.1
2050,2111,spain,-9.9237,0,0,0,0,N,0,0,,,,,0,0,C3K,SCOWL60_STABLE_2020.12.07+WN3.1
2051,2112,spending,-9.9237,1,1,1,0,N,1,0,pending,,,,1,0,C3K,SCOWL60_STABLE_2020.12.07+WN3.1
2052,2113,thousand,-9.9237,1,1,0,0,N|ADJ,1,1,,,,thousands,0,1,C3K,SCOWL60_STABLE_2020.12.07+WN3.1
2053,2114,vice,-9.9237,1,1,0,0,N,1,0,ice,,,,1,0,C3K,SCOWL60_STABLE_2020.12.07+WN3.1
2054,2115,victims,-9.9237,1,0,1,0,,1,0,,victim,,,1,0,C3K,SCOWL60_STABLE_2020.12.07+WN3.1
2055,2116,anywhere,-9.9464,1,1,0,0,ADV,0,0,,,,,0,0,C3K,SCOWL60_STABLE_2020.12.07+WN3.1
2056,2117,beer,-9.9464,1,1,1,0,N,1,1,,bee,,beers,1,1,C3K,SCOWL60_STABLE_2020.12.07+WN3.1
2057,2118,bigger,-9.9464,1,1,0,0,ADJ,0,0,,,,,0,0,C3K,SCOWL60_STABLE_2020.12.07+WN3.1
2058,2119,cells,-9.9464,1,0,1,0,,1,0,,cell,,,1,0,C3K,SCOWL60_STABLE_2020.12.07+WN3.1
2059,2120,combined,-9.9464,1,1,1,0,ADJ,1,0,,combine,,,1,0,C3K,SCOWL60_STABLE_2020.12.07+WN3.1
2060,2121,confidence,-9.9464,1,1,0,0,N,0,0,,,,,0,0,C3K,SCOWL60_STABLE_2020.12.07+WN3.1
2061,2122,corporation,-9.9464,1,1,1,0,N,1,1,,,,corporations,0,1,C3K,SCOWL60_STABLE_2020.12.07+WN3.1
2062,2123,debt,-9.9464,1,1,0,0,N,1,1,,,,debts,0,1,C3K,SCOWL60_STABLE_2020.12.07+WN3.1
2063,2124,defence,-9.9464,0,0,0,0,N,0,0,,,,,0,0,C3K,SCOWL60_STABLE_2020.12.07+WN3.1
2064,2125,determine,-9.9464,1,1,0,0,V,1,1,,,,determined;determines,0,2,C3K,SCOWL60_STABLE_2020.12.07+WN3.1
2065,2126,driver,-9.9464,1,1,1,0,N,1,1,river,drive,,drivers,2,1,C3K,SCOWL60_STABLE_2020.12.07+WN3.1
2066,2127,email,-9.9464,1,1,0,0,N|V,1,1,mail,,,emails,1,1,C3K,SCOWL60_STABLE_2020.12.07+WN3.1
2067,2128,express,-9.9464,1,1,0,0,N|V|ADJ|ADV,0,0,,,,,0,0,C3K,SCOWL60_STABLE_2020.12.07+WN3.1
2068,2129,external,-9.9464,1,1,0,0,N|ADJ,0,0,,,,,0,0,C3K,SCOWL60_STABLE_2020.12.07+WN3.1
2069,2130,fuel,-9.9464,1,1,0,0,N|V,1,1,,,,fuels,0,1,C3K,SCOWL60_STABLE_2020.12.07+WN3.1
2070,2131,hero,-9.9464,1,1,0,0,N,1,0,,her,,,1,0,C3K,SCOWL60_STABLE_2020.12.07+WN3.1
2071,2132,institutions,-9.9464,1,0,1,0,,1,0,,institution,,,1,0,C3K,SCOWL60_STABLE_2020.12.07+WN3.1
2072,2133,kingdom,-9.9464,1,1,0,0,N,1,1,,,,kingdoms,0,1,C3K,SCOWL60_STABLE_2020.12.07+WN3.1
2073,2134,lay,-9.9464,1,1,0,0,N|V|ADJ,1,1,,la,play;clay;slay,lays,1,4,C3K,SCOWL60_STABLE_2020.12.07+WN3.1
2074,2135,leg,-9.9464,1,1,0,0,N,1,1,,,,legs,0,1,C3K,SCOWL60_STABLE_2020.12.07+WN3.1
2075,2136,legs,-9.9464,1,0,1,0,N,1,0,,leg,,,1,0,C3K,SCOWL60_STABLE_2020.12.07+WN3.1
2076,2137,letters,-9.9464,1,0,1,0,N,1,0,,letter,,,1,0,C3K,SCOWL60_STABLE_2020.12.07+WN3.1
2077,2138,mainly,-9.9464,1,0,1,0,ADV,0,0,,,,,0,0,C3K,SCOWL60_STABLE_2020.12.07+WN3.1
2078,2139,minimum,-9.9464,1,1,0,0,N|ADJ,0,0,,,,,0,0,C3K,SCOWL60_STABLE_2020.12.07+WN3.1
2079,2140,mix,-9.9464,1,1,0,0,N|V,1,0,ix,mi,,,2,0,C3K,SCOWL60_STABLE_2020.12.07+WN3.1
2080,2141,native,-9.9464,1,1,0,0,N|ADJ,1,1,,,,natives,0,1,C3K,SCOWL60_STABLE_2020.12.07+WN3.1
2081,2142,opposition,-9.9464,1,1,1,0,N,0,0,,,,,0,0,C3K,SCOWL60_STABLE_2020.12.07+WN3.1
2082,2143,paying,-9.9464,1,0,1,0,ADJ,0,0,,,,,0,0,C3K,SCOWL60_STABLE_2020.12.07+WN3.1
2083,2144,policies,-9.9464,1,0,1,0,,0,0,,,,,0,0,C3K,SCOWL60_STABLE_2020.12.07+WN3.1
2084,2145,recorded,-9.9464,1,1,1,0,ADJ,0,0,,,,,0,0,C3K,SCOWL60_STABLE_2020.12.07+WN3.1
2085,2146,referred,-9.9464,1,1,0,0,,1,1,,,preferred,,0,1,C3K,SCOWL60_STABLE_2020.12.07+WN3.1
2086,2147,remove,-9.9464,1,0,1,0,N|V,1,1,,,,removed;removes,0,2,C3K,SCOWL60_STABLE_2020.12.07+WN3.1
2087,2148,requires,-9.9464,1,0,1,0,,1,0,,require,,,1,0,C3K,SCOWL60_STABLE_2020.12.07+WN3.1
2088,2149,restaurant,-9.9464,1,1,0,0,N,1,1,,,,restaurants,0,1,C3K,SCOWL60_STABLE_2020.12.07+WN3.1
2089,2150,saved,-9.9464,1,1,1,0,ADJ,1,0,,save,,,1,0,C3K,SCOWL60_STABLE_2020.12.07+WN3.1
2090,2151,sets,-9.9464,1,0,1,0,,1,0,,set,,,1,0,C3K,SCOWL60_STABLE_2020.12.07+WN3.1
2091,2152,shared,-9.9464,1,0,1,0,ADJ,1,0,,share,,,1,0,C3K,SCOWL60_STABLE_2020.12.07+WN3.1
2092,2153,specifically,-9.9464,1,1,0,0,ADV,0,0,,,,,0,0,C3K,SCOWL60_STABLE_2020.12.07+WN3.1
2093,2154,struggle,-9.9464,1,1,0,0,N|V,1,1,,,,struggles;struggled,0,2,C3K,SCOWL60_STABLE_2020.12.07+WN3.1
2094,2155,taught,-9.9464,1,1,0,0,,0,0,,,,,0,0,C3K,SCOWL60_STABLE_2020.12.07+WN3.1
2095,2156,temperature,-9.9464,1,1,0,0,N,1,1,,,,temperatures,0,1,C3K,SCOWL60_STABLE_2020.12.07+WN3.1
2096,2157,tired,-9.9464,1,1,1,0,ADJ,1,0,,tire,,,1,0,C3K,SCOWL60_STABLE_2020.12.07+WN3.1
2097,2158,update,-9.9464,1,1,0,0,N|V,1,1,,,,updated;updates,0,2,C3K,SCOWL60_STABLE_2020.12.07+WN3.1
2098,2159,watched,-9.9464,1,0,1,0,,0,0,,,,,0,0,C3K,SCOWL60_STABLE_2020.12.07+WN3.1
2099,2161,ya,-9.9464,1,1,0,0,,1,0,a,,,,1,0,C3K,SCOWL60_STABLE_2020.12.07+WN3.1
2100,2162,bird,-9.9696,1,1,0,0,N|V,1,1,,,,birds,0,1,C3K,SCOWL60_STABLE_2020.12.07+WN3.1
2101,2163,bringing,-9.9696,1,0,1,0,N,1,0,ringing,,,,1,0,C3K,SCOWL60_STABLE_2020.12.07+WN3.1
2102,2164,chain,-9.9696,1,1,0,0,N|V,1,1,,,,chains,0,1,C3K,SCOWL60_STABLE_2020.12.07+WN3.1
2103,2165,chair,-9.9696,1,1,0,0,N|V,1,1,hair,,,chairs,1,1,C3K,SCOWL60_STABLE_2020.12.07+WN3.1
2104,2166,committed,-9.9696,1,1,0,0,ADJ,0,0,,,,,0,0,C3K,SCOWL60_STABLE_2020.12.07+WN3.1
2105,2167,crowd,-9.9696,1,1,0,0,N|V,1,1,,crow,,crowds,1,1,C3K,SCOWL60_STABLE_2020.12.07+WN3.1
2106,2168,defined,-9.9696,1,1,1,0,ADJ,1,0,,define,,,1,0,C3K,SCOWL60_STABLE_2020.12.07+WN3.1
2107,2169,dick,-9.9696,1,1,0,0,N,1,1,,,,dicks,0,1,C3K,SCOWL60_STABLE_2020.12.07+WN3.1
2108,2170,environmental,-9.9696,1,1,0,0,ADJ,0,0,,,,,0,0,C3K,SCOWL60_STABLE_2020.12.07+WN3.1
2109,2171,everywhere,-9.9696,1,1,0,0,ADV,0,0,,,,,0,0,C3K,SCOWL60_STABLE_2020.12.07+WN3.1
2110,2172,girlfriend,-9.9696,1,1,0,0,N,1,1,,,,girlfriends,0,1,C3K,SCOWL60_STABLE_2020.12.07+WN3.1
2111,2173,haha,-9.9696,0,0,0,0,,0,0,,,,,0,0,C3K,SCOWL60_STABLE_2020.12.07+WN3.1
2112,2174,heaven,-9.9696,1,1,0,0,N,1,1,,,,heavens,0,1,C3K,SCOWL60_STABLE_2020.12.07+WN3.1
2113,2175,identified,-9.9696,1,1,1,0,ADJ,0,0,,,,,0,0,C3K,SCOWL60_STABLE_2020.12.07+WN3.1
2114,2176,johnson,-9.9696,0,0,0,0,N,0,0,,,,,0,0,C3K,SCOWL60_STABLE_2020.12.07+WN3.1
2115,2177,joke,-9.9696,1,1,0,0,N|V,1,1,,,,jokes;joker,0,2,C3K,SCOWL60_STABLE_2020.12.07+WN3.1
2116,2178,manner,-9.9696,1,1,0,0,N,1,1,,,,manners,0,1,C3K,SCOWL60_STABLE_2020.12.07+WN3.1
2117,2179,markets,-9.9696,1,0,1,0,,1,0,,market,,,1,0,C3K,SCOWL60_STABLE_2020.12.07+WN3.1
2118,2180,ocean,-9.9696,1,1,0,0,N,1,1,,,,oceans,0,1,C3K,SCOWL60_STABLE_2020.12.07+WN3.1
2119,2182,pool,-9.9696,1,1,0,0,N|V,1,1,,poo,,pools,1,1,C3K,SCOWL60_STABLE_2020.12.07+WN3.1
2120,2183,providing,-9.9696,1,0,1,0,,0,0,,,,,0,0,C3K,SCOWL60_STABLE_2020.12.07+WN3.1
2121,2184,scott,-9.9696,0,0,0,0,N,0,0,,,,,0,0,C3K,SCOWL60_STABLE_2020.12.07+WN3.1
2122,2185,solid,-9.9696,1,1,0,0,N|ADJ,1,1,,,,solids,0,1,C3K,SCOWL60_STABLE_2020.12.07+WN3.1
2123,2186,steel,-9.9696,1,1,0,0,N|V,0,0,,,,,0,0,C3K,SCOWL60_STABLE_2020.12.07+WN3.1
2124,2187,supreme,-9.9696,1,1,0,0,ADJ,0,0,,,,,0,0,C3K,SCOWL60_STABLE_2020.12.07+WN3.1
2125,2188,videos,-9.9696,1,0,1,0,,1,0,,video,,,1,0,C3K,SCOWL60_STABLE_2020.12.07+WN3.1
2126,2189,weak,-9.9696,1,1,0,0,ADJ,0,0,,,,,0,0,C3K,SCOWL60_STABLE_2020.12.07+WN3.1
2127,2190,younger,-9.9696,1,0,1,0,ADJ,0,0,,,,,0,0,C3K,SCOWL60_STABLE_2020.12.07+WN3.1
2128,2192,apartment,-9.9934,1,1,0,0,N,1,1,,,,apartments,0,1,C3K,SCOWL60_STABLE_2020.12.07+WN3.1
2129,2193,argument,-9.9934,1,1,0,0,N,1,1,,,,arguments,0,1,C3K,SCOWL60_STABLE_2020.12.07+WN3.1
2130,2194,armed,-9.9934,1,1,1,0,ADJ,1,1,,,harmed;warmed;farmed,,0,3,C3K,SCOWL60_STABLE_2020.12.07+WN3.1
2131,2195,attacks,-9.9934,1,0,1,0,,1,0,,attack,,,1,0,C3K,SCOWL60_STABLE_2020.12.07+WN3.1
2132,2196,ben,-9.9934,0,0,0,0,N,0,0,,,,,0,0,C3K,SCOWL60_STABLE_2020.12.07+WN3.1
2133,2197,besides,-9.9934,1,0,1,0,ADV,1,0,,beside,,,1,0,C3K,SCOWL60_STABLE_2020.12.07+WN3.1
2134,2198,chairman,-9.9934,1,1,0,0,N|V,0,0,,,,,0,0,C3K,SCOWL60_STABLE_2020.12.07+WN3.1
2135,2199,charges,-9.9934,1,0,1,0,,1,0,,charge,,,1,0,C3K,SCOWL60_STABLE_2020.12.07+WN3.1
2136,2200,claimed,-9.9934,1,1,1,0,,0,0,,,,,0,0,C3K,SCOWL60_STABLE_2020.12.07+WN3.1
2137,2201,connected,-9.9934,1,1,1,0,ADJ,0,0,,,,,0,0,C3K,SCOWL60_STABLE_2020.12.07+WN3.1
2138,2202,crown,-9.9934,1,1,0,0,N|V,1,1,,crow,,crowns,1,1,C3K,SCOWL60_STABLE_2020.12.07+WN3.1
2139,2203,developing,-9.9934,1,0,1,0,N|ADJ,0,0,,,,,0,0,C3K,SCOWL60_STABLE_2020.12.07+WN3.1
2140,2204,discuss,-9.9934,1,0,1,0,V,0,0,,,,,0,0,C3K,SCOWL60_STABLE_2020.12.07+WN3.1
2141,2205,display,-9.9934,1,0,1,0,N|V,1,1,,,,displays,0,1,C3K,SCOWL60_STABLE_2020.12.07+WN3.1
2142,2206,draft,-9.9934,1,1,0,0,N|V,1,1,raft,,,drafts,1,1,C3K,SCOWL60_STABLE_2020.12.07+WN3.1
2143,2207,engineering,-9.9934,1,1,1,0,N,0,0,,,,,0,0,C3K,SCOWL60_STABLE_2020.12.07+WN3.1
2144,2208,escape,-9.9934,1,1,0,0,N|V,1,1,,,,escaped;escapes,0,2,C3K,SCOWL60_STABLE_2020.12.07+WN3.1
2145,2209,examples,-9.9934,1,0,1,0,,1,0,,example,,,1,0,C3K,SCOWL60_STABLE_2020.12.07+WN3.1
2146,2210,extended,-9.9934,1,0,1,0,ADJ,0,0,,,,,0,0,C3K,SCOWL60_STABLE_2020.12.07+WN3.1
2147,2211,falling,-9.9934,1,0,1,0,ADJ,0,0,,,,,0,0,C3K,SCOWL60_STABLE_2020.12.07+WN3.1
2148,2212,fields,-9.9934,1,0,1,0,N,1,0,,field,,,1,0,C3K,SCOWL60_STABLE_2020.12.07+WN3.1
2149,2213,filled,-9.9934,1,1,1,0,ADJ,0,0,,,,,0,0,C3K,SCOWL60_STABLE_2020.12.07+WN3.1
2150,2214,friendly,-9.9934,1,1,1,0,N|ADJ,0,0,,,,,0,0,C3K,SCOWL60_STABLE_2020.12.07+WN3.1
2151,2215,funding,-9.9934,1,1,1,0,N,0,0,,,,,0,0,C3K,SCOWL60_STABLE_2020.12.07+WN3.1
2152,2216,helps,-9.9934,1,0,1,0,,1,0,,help,,,1,0,C3K,SCOWL60_STABLE_2020.12.07+WN3.1
2153,2217,identity,-9.9934,1,1,0,0,N,0,0,,,,,0,0,C3K,SCOWL60_STABLE_2020.12.07+WN3.1
2154,2218,iran,-9.9934,0,0,0,0,N,0,0,,,,,0,0,C3K,SCOWL60_STABLE_2020.12.07+WN3.1
2155,2219,jewish,-9.9934,0,0,0,0,ADJ,0,0,,,,,0,0,C3K,SCOWL60_STABLE_2020.12.07+WN3.1
2156,2220,journey,-9.9934,1,1,0,0,N|V,1,1,,,,journeys,0,1,C3K,SCOWL60_STABLE_2020.12.07+WN3.1
2157,2221,jump,-9.9934,1,1,0,0,N|V,1,1,,,,jumps,0,1,C3K,SCOWL60_STABLE_2020.12.07+WN3.1
2158,2222,laughing,-9.9934,1,1,1,0,ADJ,0,0,,,,,0,0,C3K,SCOWL60_STABLE_2020.12.07+WN3.1
2159,2223,launched,-9.9934,1,0,1,0,,0,0,,,,,0,0,C3K,SCOWL60_STABLE_2020.12.07+WN3.1
2160,2224,likes,-9.9934,1,0,1,0,,1,0,,like,,,1,0,C3K,SCOWL60_STABLE_2020.12.07+WN3.1
2161,2225,lovely,-9.9934,1,1,1,0,N|ADJ,0,0,,,,,0,0,C3K,SCOWL60_STABLE_2020.12.07+WN3.1
2162,2226,lunch,-9.9934,1,1,0,0,N|V,0,0,,,,,0,0,C3K,SCOWL60_STABLE_2020.12.07+WN3.1
2163,2227,milk,-9.9934,1,1,0,0,N|V,1,1,,mil,,milky,1,1,C3K,SCOWL60_STABLE_2020.12.07+WN3.1
2164,2228,mistake,-9.9934,1,1,0,0,N|V,1,1,,,,mistakes;mistaken,0,2,C3K,SCOWL60_STABLE_2020.12.07+WN3.1
2165,2229,obama,-9.9934,0,0,0,0,N,0,0,,,,,0,0,C3K,SCOWL60_STABLE_2020.12.07+WN3.1
2166,2230,perform,-9.9934,1,1,0,0,V,1,1,,,,performs,0,1,C3K,SCOWL60_STABLE_2020.12.07+WN3.1
2167,2231,possibility,-9.9934,1,1,0,0,N,0,0,,,,,0,0,C3K,SCOWL60_STABLE_2020.12.07+WN3.1
2168,2232,purchase,-9.9934,1,1,0,0,N|V,1,1,,,,purchased;purchases;purchaser,0,3,C3K,SCOWL60_STABLE_2020.12.07+WN3.1
2169,2233,remaining,-9.9934,1,0,1,0,ADJ,0,0,,,,,0,0,C3K,SCOWL60_STABLE_2020.12.07+WN3.1
2170,2234,sam,-9.9934,0,0,0,0,N,0,0,,,,,0,0,C3K,SCOWL60_STABLE_2020.12.07+WN3.1
2171,2235,scotland,-9.9934,0,0,0,0,N,0,0,,,,,0,0,C3K,SCOWL60_STABLE_2020.12.07+WN3.1
2172,2236,session,-9.9934,1,1,0,0,N,1,1,,,,sessions,0,1,C3K,SCOWL60_STABLE_2020.12.07+WN3.1
2173,2237,streets,-9.9934,1,0,1,0,,1,0,,street,,,1,0,C3K,SCOWL60_STABLE_2020.12.07+WN3.1
2174,2238,sub,-9.9934,1,1,0,0,N|V,1,1,,,,subs,0,1,C3K,SCOWL60_STABLE_2020.12.07+WN3.1
2175,2239,suddenly,-9.9934,1,0,1,0,ADV,0,0,,,,,0,0,C3K,SCOWL60_STABLE_2020.12.07+WN3.1
2176,2240,sugar,-9.9934,1,1,0,0,N|V,1,1,,,,sugars,0,1,C3K,SCOWL60_STABLE_2020.12.07+WN3.1
2177,2241,supporting,-9.9934,1,0,1,0,N|ADJ,0,0,,,,,0,0,C3K,SCOWL60_STABLE_2020.12.07+WN3.1
2178,2242,vision,-9.9934,1,1,0,0,N,1,1,,,,visions,0,1,C3K,SCOWL60_STABLE_2020.12.07+WN3.1
2179,2243,yellow,-9.9934,1,1,0,0,N|V|ADJ,0,0,,,,,0,0,C3K,SCOWL60_STABLE_2020.12.07+WN3.1
2180,2244,abuse,-10.0155,1,1,0,0,N|V,1,1,,,,abused;abuses,0,2,C3K,SCOWL60_STABLE_2020.12.07+WN3.1
2181,2245,advance,-10.0155,1,1,0,0,N|V|ADJ,1,1,,,,advanced;advances,0,2,C3K,SCOWL60_STABLE_2020.12.07+WN3.1
2182,2246,alcohol,-10.0155,1,1,0,0,N,0,0,,,,,0,0,C3K,SCOWL60_STABLE_2020.12.07+WN3.1
2183,2247,angry,-10.0155,1,1,0,0,ADJ,0,0,,,,,0,0,C3K,SCOWL60_STABLE_2020.12.07+WN3.1
2184,2248,articles,-10.0155,1,0,1,0,,1,1,,article,particles,,1,1,C3K,SCOWL60_STABLE_2020.12.07+WN3.1
2185,2249,artists,-10.0155,1,0,1,0,,1,0,,artist,,,1,0,C3K,SCOWL60_STABLE_2020.12.07+WN3.1
2186,2250,arts,-10.0155,1,0,1,0,N,1,1,,art,parts;darts;carts,,1,3,C3K,SCOWL60_STABLE_2020.12.07+WN3.1
2187,2251,awards,-10.0155,1,0,1,0,,1,0,wards,award,,,2,0,C3K,SCOWL60_STABLE_2020.12.07+WN3.1
2188,2252,birds,-10.0155,1,0,1,0,,1,0,,bird,,,1,0,C3K,SCOWL60_STABLE_2020.12.07+WN3.1
2189,2253,causes,-10.0155,1,0,1,0,,1,0,,cause,,,1,0,C3K,SCOWL60_STABLE_2020.12.07+WN3.1
2190,2254,chemical,-10.0155,1,1,0,0,N|ADJ,1,1,,,,chemicals,0,1,C3K,SCOWL60_STABLE_2020.12.07+WN3.1
2191,2255,chosen,-10.0155,1,1,0,0,N,1,0,,chose,,,1,0,C3K,SCOWL60_STABLE_2020.12.07+WN3.1
2192,2256,confirmed,-10.0155,1,1,1,0,ADJ,0,0,,,,,0,0,C3K,SCOWL60_STABLE_2020.12.07+WN3.1
2193,2257,excited,-10.0155,1,1,1,0,ADJ,0,0,,,,,0,0,C3K,SCOWL60_STABLE_2020.12.07+WN3.1
2194,2258,expensive,-10.0155,1,1,0,0,ADJ,0,0,,,,,0,0,C3K,SCOWL60_STABLE_2020.12.07+WN3.1
2195,2259,extent,-10.0155,1,1,0,0,N,0,0,,,,,0,0,C3K,SCOWL60_STABLE_2020.12.07+WN3.1
2196,2260,facts,-10.0155,1,0,1,0,,1,0,acts,fact,,,2,0,C3K,SCOWL60_STABLE_2020.12.07+WN3.1
2197,2261,granted,-10.0155,1,0,1,0,ADJ,0,0,,,,,0,0,C3K,SCOWL60_STABLE_2020.12.07+WN3.1
2198,2262,guns,-10.0155,1,0,1,0,,1,0,,gun,,,1,0,C3K,SCOWL60_STABLE_2020.12.07+WN3.1
2199,2264,holiday,-10.0155,1,1,0,0,N|V,1,1,,,,holidays,0,1,C3K,SCOWL60_STABLE_2020.12.07+WN3.1
2200,2265,honestly,-10.0155,1,0,1,0,ADV,0,0,,,,,0,0,C3K,SCOWL60_STABLE_2020.12.07+WN3.1
2201,2266,laugh,-10.0155,1,1,0,0,N|V,1,1,,,,laughs,0,1,C3K,SCOWL60_STABLE_2020.12.07+WN3.1
2202,2267,launch,-10.0155,1,1,0,0,N|V,0,0,,,,,0,0,C3K,SCOWL60_STABLE_2020.12.07+WN3.1
2203,2268,lawyer,-10.0155,1,1,0,0,N,1,1,,,,lawyers,0,1,C3K,SCOWL60_STABLE_2020.12.07+WN3.1
2204,2269,leads,-10.0155,1,0,1,0,,1,0,,lead,,,1,0,C3K,SCOWL60_STABLE_2020.12.07+WN3.1
2205,2270,magazine,-10.0155,1,1,0,0,N,1,1,,,,magazines,0,1,C3K,SCOWL60_STABLE_2020.12.07+WN3.1
2206,2271,maintain,-10.0155,1,1,0,0,V,1,1,,,,maintains,0,1,C3K,SCOWL60_STABLE_2020.12.07+WN3.1
2207,2272,massive,-10.0155,1,1,1,0,ADJ,0,0,,,,,0,0,C3K,SCOWL60_STABLE_2020.12.07+WN3.1
2208,2273,mm,-10.0155,1,1,0,0,N,1,1,,,hmm,,0,1,C3K,SCOWL60_STABLE_2020.12.07+WN3.1
2209,2274,occurred,-10.0155,1,1,0,0,,0,0,,,,,0,0,C3K,SCOWL60_STABLE_2020.12.07+WN3.1
2210,2275,origin,-10.0155,1,1,0,0,N,1,1,,,,origins,0,1,C3K,SCOWL60_STABLE_2020.12.07+WN3.1
2211,2276,planet,-10.0155,1,1,0,0,N,1,1,,plane,,planets,1,1,C3K,SCOWL60_STABLE_2020.12.07+WN3.1
2212,2277,positions,-10.0155,1,0,1,0,,1,0,,position,,,1,0,C3K,SCOWL60_STABLE_2020.12.07+WN3.1
2213,2278,proof,-10.0155,1,1,0,0,N|V|ADJ,1,1,roof,,,proofs,1,1,C3K,SCOWL60_STABLE_2020.12.07+WN3.1
2214,2279,ray,-10.0155,1,1,0,0,N|V,1,1,,,pray;gray;tray;fray,rays,0,5,C3K,SCOWL60_STABLE_2020.12.07+WN3.1
2215,2280,regarding,-10.0155,1,0,1,0,,0,0,,,,,0,0,C3K,SCOWL60_STABLE_2020.12.07+WN3.1
2216,2281,reporting,-10.0155,1,0,1,0,N,0,0,,,,,0,0,C3K,SCOWL60_STABLE_2020.12.07+WN3.1
2217,2282,rural,-10.0155,1,1,0,0,ADJ,0,0,,,,,0,0,C3K,SCOWL60_STABLE_2020.12.07+WN3.1
2218,2283,saint,-10.0155,1,1,0,0,N|V,1,1,,,,saints,0,1,C3K,SCOWL60_STABLE_2020.12.07+WN3.1
2219,2284,seek,-10.0155,1,1,0,0,N|V,1,1,,see,,seeks,1,1,C3K,SCOWL60_STABLE_2020.12.07+WN3.1
2220,2285,strange,-10.0155,1,1,0,0,ADJ,1,1,,,,stranger,0,1,C3K,SCOWL60_STABLE_2020.12.07+WN3.1
2221,2286,strike,-10.0155,1,1,0,0,N|V,1,1,,,,strikes;striker,0,2,C3K,SCOWL60_STABLE_2020.12.07+WN3.1
2222,2287,stuck,-10.0155,1,1,0,0,ADJ,1,0,tuck,,,,1,0,C3K,SCOWL60_STABLE_2020.12.07+WN3.1
2223,2288,twenty,-10.0155,1,1,0,0,N|ADJ,0,0,,,,,0,0,C3K,SCOWL60_STABLE_2020.12.07+WN3.1
2224,2289,unable,-10.0155,1,0,1,0,ADJ,0,0,,,,,0,0,C3K,SCOWL60_STABLE_2020.12.07+WN3.1
2225,2290,walked,-10.0155,1,0,1,0,,0,0,,,,,0,0,C3K,SCOWL60_STABLE_2020.12.07+WN3.1
2226,2291,wins,-10.0155,1,0,1,0,,1,1,ins,win,twins,,2,1,C3K,SCOWL60_STABLE_2020.12.07+WN3.1
2227,2292,button,-10.0382,1,1,0,0,N|V,1,1,,,,buttons,0,1,C3K,SCOWL60_STABLE_2020.12.07+WN3.1
2228,2293,buying,-10.0382,1,0,1,0,N,0,0,,,,,0,0,C3K,SCOWL60_STABLE_2020.12.07+WN3.1
2229,2294,carrying,-10.0382,1,0,1,0,,0,0,,,,,0,0,C3K,SCOWL60_STABLE_2020.12.07+WN3.1
2230,2295,collected,-10.0382,1,1,1,0,ADJ,0,0,,,,,0,0,C3K,SCOWL60_STABLE_2020.12.07+WN3.1
2231,2296,comfortable,-10.0382,1,1,0,0,ADJ,0,0,,,,,0,0,C3K,SCOWL60_STABLE_2020.12.07+WN3.1
2232,2297,debate,-10.0382,1,1,1,0,N|V,1,1,,,,debates;debated,0,2,C3K,SCOWL60_STABLE_2020.12.07+WN3.1
2233,2298,destroyed,-10.0382,1,0,1,0,ADJ,0,0,,,,,0,0,C3K,SCOWL60_STABLE_2020.12.07+WN3.1
2234,2299,drunk,-10.0382,1,1,0,0,N|ADJ,0,0,,,,,0,0,C3K,SCOWL60_STABLE_2020.12.07+WN3.1
2235,2301,emotional,-10.0382,1,1,0,0,ADJ,0,0,,,,,0,0,C3K,SCOWL60_STABLE_2020.12.07+WN3.1
2236,2302,entry,-10.0382,1,1,0,0,N,0,0,,,,,0,0,C3K,SCOWL60_STABLE_2020.12.07+WN3.1
2237,2303,estimated,-10.0382,1,0,1,0,,1,0,,estimate,,,1,0,C3K,SCOWL60_STABLE_2020.12.07+WN3.1
2238,2304,experienced,-10.0382,1,0,1,0,ADJ,1,0,,experience,,,1,0,C3K,SCOWL60_STABLE_2020.12.07+WN3.1
2239,2305,explained,-10.0382,1,1,1,0,,0,0,,,,,0,0,C3K,SCOWL60_STABLE_2020.12.07+WN3.1
2240,2306,false,-10.0382,1,1,0,0,ADJ|ADV,0,0,,,,,0,0,C3K,SCOWL60_STABLE_2020.12.07+WN3.1
2241,2308,injury,-10.0382,1,0,1,0,N,0,0,,,,,0,0,C3K,SCOWL60_STABLE_2020.12.07+WN3.1
2242,2309,km,-10.0382,1,1,0,0,N,0,0,,,,,0,0,C3K,SCOWL60_STABLE_2020.12.07+WN3.1
2243,2310,ladies,-10.0382,1,0,1,0,,0,0,,,,,0,0,C3K,SCOWL60_STABLE_2020.12.07+WN3.1
2244,2311,largely,-10.0382,1,0,1,0,ADV,0,0,,,,,0,0,C3K,SCOWL60_STABLE_2020.12.07+WN3.1
2245,2312,linked,-10.0382,1,0,1,0,ADJ,0,0,,,,,0,0,C3K,SCOWL60_STABLE_2020.12.07+WN3.1
2246,2313,literature,-10.0382,1,1,0,0,N,0,0,,,,,0,0,C3K,SCOWL60_STABLE_2020.12.07+WN3.1
2247,2314,mode,-10.0382,1,1,0,0,N,1,1,ode,mod,,model;modes;modem,2,3,C3K,SCOWL60_STABLE_2020.12.07+WN3.1
2248,2315,ms,-10.0382,1,0,1,0,N,1,1,,,ems,,0,1,C3K,SCOWL60_STABLE_2020.12.07+WN3.1
2249,2316,newspaper,-10.0382,1,1,0,0,N,1,1,,,,newspapers,0,1,C3K,SCOWL60_STABLE_2020.12.07+WN3.1
2250,2317,obvious,-10.0382,1,1,0,0,ADJ,0,0,,,,,0,0,C3K,SCOWL60_STABLE_2020.12.07+WN3.1
2251,2318,ourselves,-10.0382,1,1,0,0,,1,1,,,yourselves,,0,1,C3K,SCOWL60_STABLE_2020.12.07+WN3.1
2252,2319,pages,-10.0382,1,0,1,0,,1,0,ages,page,,,2,0,C3K,SCOWL60_STABLE_2020.12.07+WN3.1
2253,2320,q,-10.0382,0,1,0,0,N,0,0,,,,,0,0,C3K,SCOWL60_STABLE_2020.12.07+WN3.1
2254,2321,quiet,-10.0382,1,1,0,0,N|V|ADJ|ADV,0,0,,,,,0,0,C3K,SCOWL60_STABLE_2020.12.07+WN3.1
2255,2322,reform,-10.0382,1,1,1,0,N|V,1,1,,,,reforms,0,1,C3K,SCOWL60_STABLE_2020.12.07+WN3.1
2256,2323,revealed,-10.0382,1,1,1,0,,0,0,,,,,0,0,C3K,SCOWL60_STABLE_2020.12.07+WN3.1
2257,2324,secure,-10.0382,1,1,0,0,V|ADJ,1,1,,,,secured,0,1,C3K,SCOWL60_STABLE_2020.12.07+WN3.1
2258,2325,sentence,-10.0382,1,1,0,0,N|V,1,1,,,,sentences;sentenced,0,2,C3K,SCOWL60_STABLE_2020.12.07+WN3.1
2259,2326,steve,-10.0382,0,0,0,0,,0,0,,,,,0,0,C3K,SCOWL60_STABLE_2020.12.07+WN3.1
2260,2327,storm,-10.0382,1,1,0,0,N|V,1,1,,,,storms;stormy,0,2,C3K,SCOWL60_STABLE_2020.12.07+WN3.1
2261,2328,suppose,-10.0382,1,1,0,0,V,1,1,,,,supposed,0,1,C3K,SCOWL60_STABLE_2020.12.07+WN3.1
2262,2329,surprised,-10.0382,1,0,1,0,ADJ,1,0,,surprise,,,1,0,C3K,SCOWL60_STABLE_2020.12.07+WN3.1
2263,2330,teach,-10.0382,1,1,0,0,N|V,1,0,each,,,,1,0,C3K,SCOWL60_STABLE_2020.12.07+WN3.1
2264,2332,adding,-10.0613,1,0,1,0,,0,0,,,,,0,0,C3K,SCOWL60_STABLE_2020.12.07+WN3.1
2265,2333,angeles,-10.0613,0,0,0,0,,0,0,,,,,0,0,C3K,SCOWL60_STABLE_2020.12.07+WN3.1
2266,2334,app,-10.0613,1,1,0,0,,1,1,pp,,,apps,1,1,C3K,SCOWL60_STABLE_2020.12.07+WN3.1
2267,2335,begins,-10.0613,1,0,1,0,,1,0,,begin,,,1,0,C3K,SCOWL60_STABLE_2020.12.07+WN3.1
2268,2336,branch,-10.0613,1,1,0,0,N|V,1,0,ranch,,,,1,0,C3K,SCOWL60_STABLE_2020.12.07+WN3.1
2269,2337,capable,-10.0613,1,1,1,0,ADJ,0,0,,,,,0,0,C3K,SCOWL60_STABLE_2020.12.07+WN3.1
2270,2338,classic,-10.0613,1,1,0,0,N|ADJ,1,1,,,,classics,0,1,C3K,SCOWL60_STABLE_2020.12.07+WN3.1
2271,2339,cook,-10.0613,1,1,0,0,N|V,1,1,,,,cooks,0,1,C3K,SCOWL60_STABLE_2020.12.07+WN3.1
2272,2340,download,-10.0613,1,1,0,0,V,1,1,,,,downloads,0,1,C3K,SCOWL60_STABLE_2020.12.07+WN3.1
2273,2341,drama,-10.0613,1,1,0,0,N,1,1,,,,dramas,0,1,C3K,SCOWL60_STABLE_2020.12.07+WN3.1
2274,2342,dying,-10.0613,1,1,1,0,N|ADJ,0,0,,,,,0,0,C3K,SCOWL60_STABLE_2020.12.07+WN3.1
2275,2343,elected,-10.0613,1,0,1,0,ADJ,1,1,,,selected,,0,1,C3K,SCOWL60_STABLE_2020.12.07+WN3.1
2276,2344,employment,-10.0613,1,1,1,0,N,0,0,,,,,0,0,C3K,SCOWL60_STABLE_2020.12.07+WN3.1
2277,2345,ending,-10.0613,1,1,1,0,N,1,1,,,sending;pending;lending;bending;vending;tending,endings,0,7,C3K,SCOWL60_STABLE_2020.12.07+WN3.1
2278,2346,era,-10.0613,1,1,0,0,N,1,0,,er,,,1,0,C3K,SCOWL60_STABLE_2020.12.07+WN3.1
2279,2347,error,-10.0613,1,1,0,0,N,1,1,,,terror,errors,0,2,C3K,SCOWL60_STABLE_2020.12.07+WN3.1
2280,2348,expressed,-10.0613,1,1,1,0,ADJ,0,0,,,,,0,0,C3K,SCOWL60_STABLE_2020.12.07+WN3.1
2281,2349,feed,-10.0613,1,1,0,0,N|V,1,1,,fee,,feeds,1,1,C3K,SCOWL60_STABLE_2020.12.07+WN3.1
2282,2350,forgot,-10.0613,1,1,0,0,,0,0,,,,,0,0,C3K,SCOWL60_STABLE_2020.12.07+WN3.1
2283,2351,grown,-10.0613,1,1,0,0,ADJ,1,0,,grow,,,1,0,C3K,SCOWL60_STABLE_2020.12.07+WN3.1
2284,2352,hits,-10.0613,1,0,1,0,,1,1,its,hit,shits,,2,1,C3K,SCOWL60_STABLE_2020.12.07+WN3.1
2285,2353,hole,-10.0613,1,1,0,0,N|V,1,1,ole,,whole,holes,1,2,C3K,SCOWL60_STABLE_2020.12.07+WN3.1
2286,2354,honor,-10.0613,1,1,0,0,N|V,1,1,,,,honors,0,1,C3K,SCOWL60_STABLE_2020.12.07+WN3.1
2287,2355,hoping,-10.0613,1,0,1,0,,0,0,,,,,0,0,C3K,SCOWL60_STABLE_2020.12.07+WN3.1
2288,2356,illegal,-10.0613,1,1,0,0,ADJ,0,0,,,,,0,0,C3K,SCOWL60_STABLE_2020.12.07+WN3.1
2289,2357,independence,-10.0613,1,0,1,0,N,0,0,,,,,0,0,C3K,SCOWL60_STABLE_2020.12.07+WN3.1
2290,2358,instance,-10.0613,1,1,1,0,N|V,1,1,,,,instances,0,1,C3K,SCOWL60_STABLE_2020.12.07+WN3.1
2291,2359,kitchen,-10.0613,1,1,0,0,N,1,1,,,,kitchens,0,1,C3K,SCOWL60_STABLE_2020.12.07+WN3.1
2292,2360,listening,-10.0613,1,0,1,0,N,0,0,,,,,0,0,C3K,SCOWL60_STABLE_2020.12.07+WN3.1
2293,2361,opposite,-10.0613,1,1,0,0,N|ADJ|ADV,0,0,,,,,0,0,C3K,SCOWL60_STABLE_2020.12.07+WN3.1
2294,2362,programme,-10.0613,0,0,0,0,N|V,0,0,,,,,0,0,C3K,SCOWL60_STABLE_2020.12.07+WN3.1
2295,2363,represent,-10.0613,1,1,0,0,V,1,1,,,,represents,0,1,C3K,SCOWL60_STABLE_2020.12.07+WN3.1
2296,2364,selection,-10.0613,1,1,0,0,N,1,1,election,,,selections,1,1,C3K,SCOWL60_STABLE_2020.12.07+WN3.1
2297,2365,sharing,-10.0613,1,0,1,0,N|ADJ,0,0,,,,,0,0,C3K,SCOWL60_STABLE_2020.12.07+WN3.1
2298,2366,soviet,-10.0613,1,1,0,0,N|ADJ,1,1,,,,soviets,0,1,C3K,SCOWL60_STABLE_2020.12.07+WN3.1
2299,2367,split,-10.0613,1,1,0,0,N|V|ADJ,1,1,,,,splits,0,1,C3K,SCOWL60_STABLE_2020.12.07+WN3.1
2300,2368,stadium,-10.0613,1,1,0,0,N,1,1,,,,stadiums,0,1,C3K,SCOWL60_STABLE_2020.12.07+WN3.1
2301,2369,testing,-10.0613,1,0,1,0,N,0,0,,,,,0,0,C3K,SCOWL60_STABLE_2020.12.07+WN3.1
2302,2370,theme,-10.0613,1,1,0,0,N|V,1,1,,them,,themes;themed,1,2,C3K,SCOWL60_STABLE_2020.12.07+WN3.1
2303,2371,threat,-10.0613,1,1,0,0,N,1,1,,,,threats,0,1,C3K,SCOWL60_STABLE_2020.12.07+WN3.1
2304,2372,votes,-10.0613,1,0,1,0,,1,0,,vote,,,1,0,C3K,SCOWL60_STABLE_2020.12.07+WN3.1
2305,2373,writer,-10.0613,1,1,1,0,N,1,1,,write,,writers,1,1,C3K,SCOWL60_STABLE_2020.12.07+WN3.1
2306,2374,adopted,-10.085,1,0,1,0,ADJ,0,0,,,,,0,0,C3K,SCOWL60_STABLE_2020.12.07+WN3.1
2307,2375,brazil,-10.085,0,0,0,0,N,0,0,,,,,0,0,C3K,SCOWL60_STABLE_2020.12.07+WN3.1
2308,2376,controlled,-10.085,1,1,0,0,ADJ,0,0,,,,,0,0,C3K,SCOWL60_STABLE_2020.12.07+WN3.1
2309,2377,corporate,-10.085,1,1,0,0,ADJ,0,0,,,,,0,0,C3K,SCOWL60_STABLE_2020.12.07+WN3.1
2310,2378,creation,-10.085,1,1,1,0,N,1,1,,,,creations,0,1,C3K,SCOWL60_STABLE_2020.12.07+WN3.1
2311,2379,creative,-10.085,1,1,1,0,ADJ,0,0,,,,,0,0,C3K,SCOWL60_STABLE_2020.12.07+WN3.1
2312,2380,danger,-10.085,1,1,1,0,N,1,1,anger,,,dangers,1,1,C3K,SCOWL60_STABLE_2020.12.07+WN3.1
2313,2381,declared,-10.085,1,1,1,0,ADJ,1,0,,declare,,,1,0,C3K,SCOWL60_STABLE_2020.12.07+WN3.1
2314,2382,documents,-10.085,1,0,1,0,,1,0,,document,,,1,0,C3K,SCOWL60_STABLE_2020.12.07+WN3.1
2315,2383,educational,-10.085,1,1,0,0,ADJ,0,0,,,,,0,0,C3K,SCOWL60_STABLE_2020.12.07+WN3.1
2316,2384,essential,-10.085,1,1,0,0,N|ADJ,1,1,,,,essentials,0,1,C3K,SCOWL60_STABLE_2020.12.07+WN3.1
2317,2385,existence,-10.085,1,1,0,0,N,0,0,,,,,0,0,C3K,SCOWL60_STABLE_2020.12.07+WN3.1
2318,2386,expression,-10.085,1,1,0,0,N,1,1,,,,expressions,0,1,C3K,SCOWL60_STABLE_2020.12.07+WN3.1
2319,2387,facilities,-10.085,1,0,1,0,,0,0,,,,,0,0,C3K,SCOWL60_STABLE_2020.12.07+WN3.1
2320,2388,fail,-10.085,1,1,0,0,V,1,1,,,,fails,0,1,C3K,SCOWL60_STABLE_2020.12.07+WN3.1
2321,2389,fill,-10.085,1,1,0,0,N|V,1,1,ill,,,fills,1,1,C3K,SCOWL60_STABLE_2020.12.07+WN3.1
2322,2390,gender,-10.085,1,1,0,0,N,0,0,,,,,0,0,C3K,SCOWL60_STABLE_2020.12.07+WN3.1
2323,2391,golden,-10.085,1,1,1,0,ADJ,0,0,,,,,0,0,C3K,SCOWL60_STABLE_2020.12.07+WN3.1
2324,2392,ireland,-10.085,0,0,0,0,N,0,0,,,,,0,0,C3K,SCOWL60_STABLE_2020.12.07+WN3.1
2325,2393,keeps,-10.085,1,0,1,0,,1,0,,keep,,,1,0,C3K,SCOWL60_STABLE_2020.12.07+WN3.1
2326,2394,korea,-10.085,0,0,0,0,N,0,0,,,,,0,0,C3K,SCOWL60_STABLE_2020.12.07+WN3.1
2327,2395,ma,-10.085,1,1,0,0,N,1,1,a,,,may;man;map;mad;max;mac;mar;mat;mag;mas,1,10,C3K,SCOWL60_STABLE_2020.12.07+WN3.1
2328,2396,max,-10.085,1,1,0,0,N,1,0,ax,ma,,,2,0,C3K,SCOWL60_STABLE_2020.12.07+WN3.1
2329,2397,maximum,-10.085,1,1,0,0,N|ADJ,0,0,,,,,0,0,C3K,SCOWL60_STABLE_2020.12.07+WN3.1
2330,2398,meat,-10.085,1,1,0,0,N,1,1,eat,,,meats,1,1,C3K,SCOWL60_STABLE_2020.12.07+WN3.1
2331,2399,medium,-10.085,1,1,0,0,N|ADJ,0,0,,,,,0,0,C3K,SCOWL60_STABLE_2020.12.07+WN3.1
2332,2400,minor,-10.085,1,1,0,0,N|V|ADJ,1,1,,,,minors,0,1,C3K,SCOWL60_STABLE_2020.12.07+WN3.1
2333,2401,mixed,-10.085,1,1,1,0,ADJ,0,0,,,,,0,0,C3K,SCOWL60_STABLE_2020.12.07+WN3.1
2334,2402,passing,-10.085,1,1,1,0,N|ADJ|ADV,0,0,,,,,0,0,C3K,SCOWL60_STABLE_2020.12.07+WN3.1
2335,2403,personnel,-10.085,1,1,0,0,N,0,0,,,,,0,0,C3K,SCOWL60_STABLE_2020.12.07+WN3.1
2336,2404,plenty,-10.085,1,1,0,0,N|ADV,0,0,,,,,0,0,C3K,SCOWL60_STABLE_2020.12.07+WN3.1
2337,2405,pulled,-10.085,1,0,1,0,,0,0,,,,,0,0,C3K,SCOWL60_STABLE_2020.12.07+WN3.1
2338,2406,relevant,-10.085,1,1,0,0,ADJ,0,0,,,,,0,0,C3K,SCOWL60_STABLE_2020.12.07+WN3.1
2339,2407,represented,-10.085,1,1,1,0,ADJ,0,0,,,,,0,0,C3K,SCOWL60_STABLE_2020.12.07+WN3.1
2340,2408,reserve,-10.085,1,0,1,0,N|V,1,1,,,preserve,reserves;reserved,0,3,C3K,SCOWL60_STABLE_2020.12.07+WN3.1
2341,2409,residents,-10.085,1,0,1,0,,1,1,,resident,presidents,,1,1,C3K,SCOWL60_STABLE_2020.12.07+WN3.1
2342,2410,row,-10.085,1,1,0,0,N|V,1,1,ow,,grow;crow;brow,rows,1,4,C3K,SCOWL60_STABLE_2020.12.07+WN3.1
2343,2411,shoes,-10.085,1,0,1,0,N,1,0,,shoe,,,1,0,C3K,SCOWL60_STABLE_2020.12.07+WN3.1
2344,2412,signal,-10.085,1,1,0,0,N|V|ADJ,1,1,,,,signals,0,1,C3K,SCOWL60_STABLE_2020.12.07+WN3.1
2345,2413,slowly,-10.085,1,0,1,0,ADV,1,0,lowly,,,,1,0,C3K,SCOWL60_STABLE_2020.12.07+WN3.1
2346,2414,spoke,-10.085,1,1,0,0,N,1,1,poke,,,spoken,1,1,C3K,SCOWL60_STABLE_2020.12.07+WN3.1
2347,2415,understood,-10.085,1,1,0,0,ADJ,0,0,,,,,0,0,C3K,SCOWL60_STABLE_2020.12.07+WN3.1
2348,2416,williams,-10.085,0,0,0,0,N,0,0,,,,,0,0,C3K,SCOWL60_STABLE_2020.12.07+WN3.1
2349,2417,answers,-10.1093,1,0,1,0,,1,0,,answer,,,1,0,C3K,SCOWL60_STABLE_2020.12.07+WN3.1
2350,2418,appointed,-10.1093,1,0,1,0,ADJ,0,0,,,,,0,0,C3K,SCOWL60_STABLE_2020.12.07+WN3.1
2351,2419,arrested,-10.1093,1,0,1,0,,0,0,,,,,0,0,C3K,SCOWL60_STABLE_2020.12.07+WN3.1
2352,2420,asian,-10.1093,0,0,0,0,N|ADJ,0,0,,,,,0,0,C3K,SCOWL60_STABLE_2020.12.07+WN3.1
2353,2421,attitude,-10.1093,1,1,0,0,N,1,1,,,,attitudes,0,1,C3K,SCOWL60_STABLE_2020.12.07+WN3.1
2354,2422,blame,-10.1093,1,1,0,0,N|V|ADJ,1,1,lame,,,blamed;blames,1,2,C3K,SCOWL60_STABLE_2020.12.07+WN3.1
2355,2423,blog,-10.1093,1,1,0,0,N|V,1,1,log,,,blogs,1,1,C3K,SCOWL60_STABLE_2020.12.07+WN3.1
2356,2424,bob,-10.1093,1,1,0,0,N|V,1,0,ob,,,,1,0,C3K,SCOWL60_STABLE_2020.12.07+WN3.1
2357,2425,boston,-10.1093,0,0,0,0,N,0,0,,,,,0,0,C3K,SCOWL60_STABLE_2020.12.07+WN3.1
2358,2426,brings,-10.1093,1,0,1,0,,1,0,rings,bring,,,2,0,C3K,SCOWL60_STABLE_2020.12.07+WN3.1
2359,2427,conduct,-10.1093,1,1,1,0,N|V,1,1,,,,conducts,0,1,C3K,SCOWL60_STABLE_2020.12.07+WN3.1
2360,2428,considering,-10.1093,1,0,1,0,,0,0,,,,,0,0,C3K,SCOWL60_STABLE_2020.12.07+WN3.1
2361,2429,constitution,-10.1093,1,1,1,0,N,0,0,,,,,0,0,C3K,SCOWL60_STABLE_2020.12.07+WN3.1
2362,2430,daniel,-10.1093,0,0,0,0,N,0,0,,,,,0,0,C3K,SCOWL60_STABLE_2020.12.07+WN3.1
2363,2431,des,-10.1093,0,0,0,0,N,0,0,,,,,0,0,C3K,SCOWL60_STABLE_2020.12.07+WN3.1
2364,2432,desire,-10.1093,1,1,1,0,N|V,1,1,,,,desired;desires,0,2,C3K,SCOWL60_STABLE_2020.12.07+WN3.1
2365,2433,directed,-10.1093,1,0,1,0,ADJ,0,0,,,,,0,0,C3K,SCOWL60_STABLE_2020.12.07+WN3.1
2366,2434,electric,-10.1093,1,1,0,0,N|ADJ,0,0,,,,,0,0,C3K,SCOWL60_STABLE_2020.12.07+WN3.1
2367,2435,extreme,-10.1093,1,1,0,0,N|ADJ,1,1,,,,extremes,0,1,C3K,SCOWL60_STABLE_2020.12.07+WN3.1
2368,2436,faster,-10.1093,1,0,1,0,ADV,0,0,,,,,0,0,C3K,SCOWL60_STABLE_2020.12.07+WN3.1
2369,2437,finance,-10.1093,1,1,0,0,N|V,1,1,,,,finances;financed,0,2,C3K,SCOWL60_STABLE_2020.12.07+WN3.1
2370,2438,focused,-10.1093,1,1,1,0,ADJ,0,0,,,,,0,0,C3K,SCOWL60_STABLE_2020.12.07+WN3.1
2371,2439,index,-10.1093,1,1,0,0,N|V,0,0,,,,,0,0,C3K,SCOWL60_STABLE_2020.12.07+WN3.1
2372,2440,liberal,-10.1093,1,1,0,0,N|ADJ,1,1,,,,liberals,0,1,C3K,SCOWL60_STABLE_2020.12.07+WN3.1
2373,2441,lying,-10.1093,1,1,1,0,N,1,1,,,flying,,0,1,C3K,SCOWL60_STABLE_2020.12.07+WN3.1
2374,2442,marine,-10.1093,1,1,0,0,N|ADJ,1,1,,,,marines,0,1,C3K,SCOWL60_STABLE_2020.12.07+WN3.1
2375,2443,mayor,-10.1093,1,1,0,0,N,1,1,,mayo,,mayors,1,1,C3K,SCOWL60_STABLE_2020.12.07+WN3.1
2376,2444,neck,-10.1093,1,1,0,0,N|V,1,1,,,,necks,0,1,C3K,SCOWL60_STABLE_2020.12.07+WN3.1
2377,2445,object,-10.1093,1,1,0,0,N|V,1,1,,,,objects,0,1,C3K,SCOWL60_STABLE_2020.12.07+WN3.1
2378,2446,offering,-10.1093,1,1,1,0,N,1,1,,,,offerings,0,1,C3K,SCOWL60_STABLE_2020.12.07+WN3.1
2379,2447,pack,-10.1093,1,1,0,0,N|V,1,1,,,,packs,0,1,C3K,SCOWL60_STABLE_2020.12.07+WN3.1
2380,2448,permanent,-10.1093,1,1,0,0,N|ADJ,0,0,,,,,0,0,C3K,SCOWL60_STABLE_2020.12.07+WN3.1
2381,2449,properties,-10.1093,1,0,1,0,,0,0,,,,,0,0,C3K,SCOWL60_STABLE_2020.12.07+WN3.1
2382,2450,reply,-10.1093,1,0,1,0,N|V,0,0,,,,,0,0,C3K,SCOWL60_STABLE_2020.12.07+WN3.1
2383,2451,sat,-10.1093,1,1,0,0,N,1,0,at,,,,1,0,C3K,SCOWL60_STABLE_2020.12.07+WN3.1
2384,2452,scared,-10.1093,1,0,1,0,ADJ,1,0,cared,scare,,,2,0,C3K,SCOWL60_STABLE_2020.12.07+WN3.1
2385,2453,senate,-10.1093,1,1,0,0,N,0,0,,,,,0,0,C3K,SCOWL60_STABLE_2020.12.07+WN3.1
2386,2454,shopping,-10.1093,1,1,1,0,N,1,0,hopping,,,,1,0,C3K,SCOWL60_STABLE_2020.12.07+WN3.1
2387,2455,singing,-10.1093,1,1,1,0,N|ADJ,0,0,,,,,0,0,C3K,SCOWL60_STABLE_2020.12.07+WN3.1
2388,2456,smile,-10.1093,1,1,0,0,N|V,1,1,mile,,,smiles;smiled;smiley,1,3,C3K,SCOWL60_STABLE_2020.12.07+WN3.1
2389,2457,soft,-10.1093,1,1,0,0,ADJ|ADV,0,0,,,,,0,0,C3K,SCOWL60_STABLE_2020.12.07+WN3.1
2390,2458,squad,-10.1093,1,1,0,0,N,1,1,quad,,,squads,1,1,C3K,SCOWL60_STABLE_2020.12.07+WN3.1
2391,2459,stands,-10.1093,1,0,1,0,,1,0,,stand,,,1,0,C3K,SCOWL60_STABLE_2020.12.07+WN3.1
2392,2460,statistics,-10.1093,1,0,1,0,N,1,0,,statistic,,,1,0,C3K,SCOWL60_STABLE_2020.12.07+WN3.1
2393,2461,suit,-10.1093,1,1,0,0,N|V,1,1,,,,suits;suite,0,2,C3K,SCOWL60_STABLE_2020.12.07+WN3.1
2394,2462,taxes,-10.1093,1,0,1,0,,1,0,axes,,,,1,0,C3K,SCOWL60_STABLE_2020.12.07+WN3.1
2395,2463,taylor,-10.1093,0,0,0,0,N,0,0,,,,,0,0,C3K,SCOWL60_STABLE_2020.12.07+WN3.1
2396,2465,tony,-10.1093,1,1,0,0,,1,1,,ton,stony,,1,1,C3K,SCOWL60_STABLE_2020.12.07+WN3.1
2397,2466,tuesday,-10.1093,0,0,0,0,N,0,0,,,,,0,0,C3K,SCOWL60_STABLE_2020.12.07+WN3.1
2398,2467,victim,-10.1093,1,1,0,0,N,1,1,,,,victims,0,1,C3K,SCOWL60_STABLE_2020.12.07+WN3.1
2399,2468,voting,-10.1093,1,0,1,0,N,0,0,,,,,0,0,C3K,SCOWL60_STABLE_2020.12.07+WN3.1
2400,2469,walls,-10.1093,1,0,1,0,,1,0,,wall,,,1,0,C3K,SCOWL60_STABLE_2020.12.07+WN3.1
2401,2470,whenever,-10.1093,1,1,0,0,,0,0,,,,,0,0,C3K,SCOWL60_STABLE_2020.12.07+WN3.1
2402,2471,affect,-10.1316,1,1,0,0,N|V,1,1,,,,affects,0,1,C3K,SCOWL60_STABLE_2020.12.07+WN3.1
2403,2472,allowing,-10.1316,1,0,1,0,,0,0,,,,,0,0,C3K,SCOWL60_STABLE_2020.12.07+WN3.1
2404,2473,assistant,-10.1316,1,1,0,0,N|ADJ,1,1,,,,assistants,0,1,C3K,SCOWL60_STABLE_2020.12.07+WN3.1
2405,2474,behavior,-10.1316,1,1,0,0,N,1,1,,,,behaviors,0,1,C3K,SCOWL60_STABLE_2020.12.07+WN3.1
2406,2475,broad,-10.1316,1,1,0,0,N|ADJ,1,1,road,,abroad,,1,1,C3K,SCOWL60_STABLE_2020.12.07+WN3.1
2407,2476,catholic,-10.1316,1,1,0,0,N|ADJ,0,0,,,,,0,0,C3K,SCOWL60_STABLE_2020.12.07+WN3.1
2408,2477,combination,-10.1316,1,1,0,0,N,1,1,,,,combinations,0,1,C3K,SCOWL60_STABLE_2020.12.07+WN3.1
2409,2478,cry,-10.1316,1,1,0,0,N|V,0,0,,,,,0,0,C3K,SCOWL60_STABLE_2020.12.07+WN3.1
2410,2479,dealing,-10.1316,1,1,1,0,N,1,1,,,,dealings,0,1,C3K,SCOWL60_STABLE_2020.12.07+WN3.1
2411,2480,describe,-10.1316,1,1,1,0,V,1,1,,,,described;describes,0,2,C3K,SCOWL60_STABLE_2020.12.07+WN3.1
2412,2481,empty,-10.1316,1,1,0,0,N|V|ADJ,0,0,,,,,0,0,C3K,SCOWL60_STABLE_2020.12.07+WN3.1
2413,2482,familiar,-10.1316,1,1,0,0,N|ADJ,0,0,,,,,0,0,C3K,SCOWL60_STABLE_2020.12.07+WN3.1
2414,2483,fantastic,-10.1316,1,1,0,0,ADJ,0,0,,,,,0,0,C3K,SCOWL60_STABLE_2020.12.07+WN3.1
2415,2484,fault,-10.1316,1,1,0,0,N|V,1,1,,,,faults;faulty,0,2,C3K,SCOWL60_STABLE_2020.12.07+WN3.1
2416,2485,finds,-10.1316,1,0,1,0,,1,0,,find,,,1,0,C3K,SCOWL60_STABLE_2020.12.07+WN3.1
2417,2486,fox,-10.1316,1,1,0,0,N|V,1,0,ox,,,,1,0,C3K,SCOWL60_STABLE_2020.12.07+WN3.1
2418,2487,hang,-10.1316,1,1,0,0,N|V,1,1,,,,hangs,0,1,C3K,SCOWL60_STABLE_2020.12.07+WN3.1
2419,2488,homes,-10.1316,1,0,1,0,,1,0,,home,,,1,0,C3K,SCOWL60_STABLE_2020.12.07+WN3.1
2420,2489,latter,-10.1316,1,1,1,0,N|ADJ,1,1,,,flatter,,0,1,C3K,SCOWL60_STABLE_2020.12.07+WN3.1
2421,2490,lights,-10.1316,1,0,1,0,,1,1,,light,flights,,1,1,C3K,SCOWL60_STABLE_2020.12.07+WN3.1
2422,2491,normally,-10.1316,1,0,1,0,ADV,0,0,,,,,0,0,C3K,SCOWL60_STABLE_2020.12.07+WN3.1
2423,2492,pleasure,-10.1316,1,1,0,0,N,1,1,,,,pleasures,0,1,C3K,SCOWL60_STABLE_2020.12.07+WN3.1
2424,2493,properly,-10.1316,1,0,1,0,ADV,0,0,,,,,0,0,C3K,SCOWL60_STABLE_2020.12.07+WN3.1
2425,2494,realized,-10.1316,1,1,1,0,ADJ,1,0,,realize,,,1,0,C3K,SCOWL60_STABLE_2020.12.07+WN3.1
2426,2495,reasonable,-10.1316,1,1,1,0,ADJ,0,0,,,,,0,0,C3K,SCOWL60_STABLE_2020.12.07+WN3.1
2427,2496,regions,-10.1316,1,0,1,0,,1,0,,region,,,1,0,C3K,SCOWL60_STABLE_2020.12.07+WN3.1
2428,2497,replaced,-10.1316,1,0,1,0,,1,0,,replace,,,1,0,C3K,SCOWL60_STABLE_2020.12.07+WN3.1
2429,2498,representatives,-10.1316,1,0,1,0,,1,0,,representative,,,1,0,C3K,SCOWL60_STABLE_2020.12.07+WN3.1
2430,2499,schedule,-10.1316,1,1,0,0,N|V,1,1,,,,scheduled;schedules,0,2,C3K,SCOWL60_STABLE_2020.12.07+WN3.1
2431,2500,scored,-10.1316,1,0,1,0,,1,0,,score,,,1,0,C3K,SCOWL60_STABLE_2020.12.07+WN3.1
2432,2501,stream,-10.1316,1,1,0,0,N|V,1,1,,,,streams,0,1,C3K,SCOWL60_STABLE_2020.12.07+WN3.1
2433,2502,thursday,-10.1316,0,0,0,0,N,0,0,,,,,0,0,C3K,SCOWL60_STABLE_2020.12.07+WN3.1
2434,2503,vehicles,-10.1316,1,0,1,0,,1,0,,vehicle,,,1,0,C3K,SCOWL60_STABLE_2020.12.07+WN3.1
2435,2504,worried,-10.1316,1,1,1,0,ADJ,0,0,,,,,0,0,C3K,SCOWL60_STABLE_2020.12.07+WN3.1
2436,2505,zero,-10.1316,1,1,0,0,N|V|ADJ,0,0,,,,,0,0,C3K,SCOWL60_STABLE_2020.12.07+WN3.1
2437,2506,applications,-10.1545,1,0,1,0,,1,0,,application,,,1,0,C3K,SCOWL60_STABLE_2020.12.07+WN3.1
2438,2507,approved,-10.1545,1,1,1,0,ADJ,1,0,,approve,,,1,0,C3K,SCOWL60_STABLE_2020.12.07+WN3.1
2439,2508,assistance,-10.1545,1,1,0,0,N,0,0,,,,,0,0,C3K,SCOWL60_STABLE_2020.12.07+WN3.1
2440,2509,assume,-10.1545,1,1,0,0,V,1,1,,,,assumed;assumes,0,2,C3K,SCOWL60_STABLE_2020.12.07+WN3.1
2441,2510,blow,-10.1545,1,1,0,0,N|V,1,1,low,,,blown;blows,1,2,C3K,SCOWL60_STABLE_2020.12.07+WN3.1
2442,2511,breakfast,-10.1545,1,1,0,0,N|V,0,0,,,,,0,0,C3K,SCOWL60_STABLE_2020.12.07+WN3.1
2443,2512,ca,-10.1545,1,1,0,0,N,1,1,a,,,can;car;cat;cap;cab;cal;cam;cad,1,8,C3K,SCOWL60_STABLE_2020.12.07+WN3.1
2444,2513,careful,-10.1545,1,1,0,0,ADJ,0,0,,,,,0,0,C3K,SCOWL60_STABLE_2020.12.07+WN3.1
2445,2514,champion,-10.1545,1,1,0,0,N|V|ADJ,1,1,,,,champions,0,1,C3K,SCOWL60_STABLE_2020.12.07+WN3.1
2446,2515,charged,-10.1545,1,1,1,0,ADJ,1,0,,charge,,,1,0,C3K,SCOWL60_STABLE_2020.12.07+WN3.1
2447,2516,client,-10.1545,1,1,0,0,N,1,1,,,,clients,0,1,C3K,SCOWL60_STABLE_2020.12.07+WN3.1
2448,2517,conducted,-10.1545,1,0,1,0,,0,0,,,,,0,0,C3K,SCOWL60_STABLE_2020.12.07+WN3.1
2449,2518,customer,-10.1545,1,1,1,0,N,1,1,,,,customers,0,1,C3K,SCOWL60_STABLE_2020.12.07+WN3.1
2450,2519,cycle,-10.1545,1,1,0,0,N|V,1,1,,,,cycles,0,1,C3K,SCOWL60_STABLE_2020.12.07+WN3.1
2451,2520,delivered,-10.1545,1,1,1,0,,0,0,,,,,0,0,C3K,SCOWL60_STABLE_2020.12.07+WN3.1
2452,2521,democracy,-10.1545,1,1,0,0,N,0,0,,,,,0,0,C3K,SCOWL60_STABLE_2020.12.07+WN3.1
2453,2522,depending,-10.1545,1,0,1,0,,0,0,,,,,0,0,C3K,SCOWL60_STABLE_2020.12.07+WN3.1
2454,2523,deputy,-10.1545,1,1,0,0,N,0,0,,,,,0,0,C3K,SCOWL60_STABLE_2020.12.07+WN3.1
2455,2524,devices,-10.1545,1,0,1,0,N,1,0,,device,,,1,0,C3K,SCOWL60_STABLE_2020.12.07+WN3.1
2456,2525,diet,-10.1545,1,1,0,0,N|V,1,1,,die,,diets,1,1,C3K,SCOWL60_STABLE_2020.12.07+WN3.1
2457,2526,differences,-10.1545,1,1,0,0,,1,0,,difference,,,1,0,C3K,SCOWL60_STABLE_2020.12.07+WN3.1
2458,2527,don,-10.1545,1,1,0,0,N|V,1,1,on,do,,done;dong,2,2,C3K,SCOWL60_STABLE_2020.12.07+WN3.1
2459,2528,experiences,-10.1545,1,1,0,0,,1,0,,experience,,,1,0,C3K,SCOWL60_STABLE_2020.12.07+WN3.1
2460,2529,falls,-10.1545,1,0,1,0,N,1,0,,fall,,,1,0,C3K,SCOWL60_STABLE_2020.12.07+WN3.1
2461,2530,favor,-10.1545,1,1,0,0,N|V,1,1,,,,favors,0,1,C3K,SCOWL60_STABLE_2020.12.07+WN3.1
2462,2531,films,-10.1545,1,0,1,0,,1,0,,film,,,1,0,C3K,SCOWL60_STABLE_2020.12.07+WN3.1
2463,2532,fired,-10.1545,1,0,1,0,ADJ,1,0,,fire,,,1,0,C3K,SCOWL60_STABLE_2020.12.07+WN3.1
2464,2533,florida,-10.1545,0,0,0,0,N,0,0,,,,,0,0,C3K,SCOWL60_STABLE_2020.12.07+WN3.1
2465,2534,flowers,-10.1545,1,0,1,0,,1,0,lowers,flower,,,2,0,C3K,SCOWL60_STABLE_2020.12.07+WN3.1
2466,2535,functions,-10.1545,1,0,1,0,,1,0,,function,,,1,0,C3K,SCOWL60_STABLE_2020.12.07+WN3.1
2467,2536,guilty,-10.1545,1,1,0,0,ADJ,1,0,,guilt,,,1,0,C3K,SCOWL60_STABLE_2020.12.07+WN3.1
2468,2537,humans,-10.1545,1,0,1,0,N,1,0,,human,,,1,0,C3K,SCOWL60_STABLE_2020.12.07+WN3.1
2469,2538,jews,-10.1545,0,0,0,0,,0,0,,,,,0,0,C3K,SCOWL60_STABLE_2020.12.07+WN3.1
2470,2539,jim,-10.1545,0,0,0,0,,0,0,,,,,0,0,C3K,SCOWL60_STABLE_2020.12.07+WN3.1
2471,2540,kinda,-10.1545,1,1,0,0,ADV,1,0,,kind,,,1,0,C3K,SCOWL60_STABLE_2020.12.07+WN3.1
2472,2541,kiss,-10.1545,1,1,0,0,N|V,0,0,,,,,0,0,C3K,SCOWL60_STABLE_2020.12.07+WN3.1
2473,2542,languages,-10.1545,1,0,1,0,,1,0,,language,,,1,0,C3K,SCOWL60_STABLE_2020.12.07+WN3.1
2474,2543,messages,-10.1545,1,0,1,0,,1,0,,message,,,1,0,C3K,SCOWL60_STABLE_2020.12.07+WN3.1
2475,2544,opportunities,-10.1545,1,0,1,0,,0,0,,,,,0,0,C3K,SCOWL60_STABLE_2020.12.07+WN3.1
2476,2545,organized,-10.1545,1,1,1,0,ADJ,1,0,,organize,,,1,0,C3K,SCOWL60_STABLE_2020.12.07+WN3.1
2477,2546,perspective,-10.1545,1,1,0,0,N,1,1,,,,perspectives,0,1,C3K,SCOWL60_STABLE_2020.12.07+WN3.1
2478,2547,pilot,-10.1545,1,1,0,0,N|V,1,1,,,,pilots,0,1,C3K,SCOWL60_STABLE_2020.12.07+WN3.1
2479,2548,platform,-10.1545,1,1,0,0,N,1,1,,,,platforms,0,1,C3K,SCOWL60_STABLE_2020.12.07+WN3.1
2480,2549,principles,-10.1545,1,0,1,0,,1,0,,principle,,,1,0,C3K,SCOWL60_STABLE_2020.12.07+WN3.1
2481,2550,pure,-10.1545,1,1,0,0,ADJ,0,0,,,,,0,0,C3K,SCOWL60_STABLE_2020.12.07+WN3.1
2482,2551,purposes,-10.1545,1,0,1,0,,1,0,,purpose,,,1,0,C3K,SCOWL60_STABLE_2020.12.07+WN3.1
2483,2552,resolution,-10.1545,1,0,1,0,N,1,1,,,,resolutions,0,1,C3K,SCOWL60_STABLE_2020.12.07+WN3.1
2484,2553,revenue,-10.1545,1,0,1,0,N,1,1,,,,revenues,0,1,C3K,SCOWL60_STABLE_2020.12.07+WN3.1
2485,2554,secondary,-10.1545,1,1,0,0,N|ADJ,0,0,,,,,0,0,C3K,SCOWL60_STABLE_2020.12.07+WN3.1
2486,2555,sending,-10.1545,1,0,1,0,N,1,0,ending,,,,1,0,C3K,SCOWL60_STABLE_2020.12.07+WN3.1
2487,2556,serving,-10.1545,1,0,1,0,N,0,0,,,,,0,0,C3K,SCOWL60_STABLE_2020.12.07+WN3.1
2488,2557,ships,-10.1545,1,0,1,0,,1,0,hips,ship,,,2,0,C3K,SCOWL60_STABLE_2020.12.07+WN3.1
2489,2558,shirt,-10.1545,1,1,0,0,N|V,1,1,,,,shirts,0,1,C3K,SCOWL60_STABLE_2020.12.07+WN3.1
2490,2559,studio,-10.1545,1,1,0,0,N,1,1,,,,studios,0,1,C3K,SCOWL60_STABLE_2020.12.07+WN3.1
2491,2560,suffering,-10.1545,1,1,1,0,N|ADJ,0,0,,,,,0,0,C3K,SCOWL60_STABLE_2020.12.07+WN3.1
2492,2561,talked,-10.1545,1,0,1,0,,0,0,,,,,0,0,C3K,SCOWL60_STABLE_2020.12.07+WN3.1
2493,2562,tank,-10.1545,1,1,0,0,N|V,1,1,,tan,,tanks,1,1,C3K,SCOWL60_STABLE_2020.12.07+WN3.1
2494,2563,tech,-10.1545,1,1,0,0,N,0,0,,,,,0,0,C3K,SCOWL60_STABLE_2020.12.07+WN3.1
2495,2564,tools,-10.1545,1,0,1,0,,1,0,,tool,,,1,0,C3K,SCOWL60_STABLE_2020.12.07+WN3.1
2496,2565,toronto,-10.1545,0,0,0,0,N,0,0,,,,,0,0,C3K,SCOWL60_STABLE_2020.12.07+WN3.1
2497,2566,turkey,-10.1545,1,1,0,0,N,0,0,,,,,0,0,C3K,SCOWL60_STABLE_2020.12.07+WN3.1
2498,2567,typical,-10.1545,1,1,0,0,ADJ,0,0,,,,,0,0,C3K,SCOWL60_STABLE_2020.12.07+WN3.1
2499,2568,unfortunately,-10.1545,1,0,1,0,ADV,0,0,,,,,0,0,C3K,SCOWL60_STABLE_2020.12.07+WN3.1
2500,2569,universe,-10.1545,1,1,0,0,N,0,0,,,,,0,0,C3K,SCOWL60_STABLE_2020.12.07+WN3.1
2501,2570,warning,-10.1545,1,1,1,0,N|ADJ,1,1,,,,warnings,0,1,C3K,SCOWL60_STABLE_2020.12.07+WN3.1
2502,2571,wave,-10.1545,1,1,0,0,N|V,1,1,ave,,,waves;waved,1,2,C3K,SCOWL60_STABLE_2020.12.07+WN3.1
2503,2573,achieve,-10.1779,1,1,0,0,V,1,1,,,,achieved;achieves,0,2,C3K,SCOWL60_STABLE_2020.12.07+WN3.1
2504,2574,actor,-10.1779,1,1,0,0,N,1,1,,,factor,actors,0,2,C3K,SCOWL60_STABLE_2020.12.07+WN3.1
2505,2575,alex,-10.1779,0,0,0,0,,0,0,,,,,0,0,C3K,SCOWL60_STABLE_2020.12.07+WN3.1
2506,2576,basically,-10.1779,1,1,0,0,ADV,0,0,,,,,0,0,C3K,SCOWL60_STABLE_2020.12.07+WN3.1
2507,2577,bomb,-10.1779,1,1,0,0,N|V,1,1,,,,bombs,0,1,C3K,SCOWL60_STABLE_2020.12.07+WN3.1
2508,2578,bowl,-10.1779,1,1,0,0,N|V,1,1,owl,bow,,bowls,2,1,C3K,SCOWL60_STABLE_2020.12.07+WN3.1
2509,2579,candidate,-10.1779,1,1,0,0,N,1,1,,,,candidates,0,1,C3K,SCOWL60_STABLE_2020.12.07+WN3.1
2510,2580,chicken,-10.1779,1,1,1,0,N|ADJ,1,1,,,,chickens,0,1,C3K,SCOWL60_STABLE_2020.12.07+WN3.1
2511,2581,cutting,-10.1779,1,1,0,0,N|ADJ,0,0,,,,,0,0,C3K,SCOWL60_STABLE_2020.12.07+WN3.1
2512,2582,dedicated,-10.1779,1,0,1,0,ADJ,1,0,,dedicate,,,1,0,C3K,SCOWL60_STABLE_2020.12.07+WN3.1
2513,2583,depends,-10.1779,1,0,1,0,,1,0,,depend,,,1,0,C3K,SCOWL60_STABLE_2020.12.07+WN3.1
2514,2584,detail,-10.1779,1,0,1,0,N|V,1,1,,,,details,0,1,C3K,SCOWL60_STABLE_2020.12.07+WN3.1
2515,2585,dreams,-10.1779,1,0,1,0,,1,0,,dream,,,1,0,C3K,SCOWL60_STABLE_2020.12.07+WN3.1
2516,2586,du,-10.1779,0,0,0,0,,0,0,,,,,0,0,C3K,SCOWL60_STABLE_2020.12.07+WN3.1
2517,2587,frame,-10.1779,1,1,0,0,N|V,1,1,,,,frames;framed,0,2,C3K,SCOWL60_STABLE_2020.12.07+WN3.1
2518,2588,hundreds,-10.1779,1,0,1,0,,1,0,,hundred,,,1,0,C3K,SCOWL60_STABLE_2020.12.07+WN3.1
2519,2589,immediate,-10.1779,1,1,0,0,ADJ,0,0,,,,,0,0,C3K,SCOWL60_STABLE_2020.12.07+WN3.1
2520,2590,improved,-10.1779,1,1,1,0,ADJ,1,0,,improve,,,1,0,C3K,SCOWL60_STABLE_2020.12.07+WN3.1
2521,2591,laid,-10.1779,1,1,0,0,ADJ,1,1,aid,,plaid,,1,1,C3K,SCOWL60_STABLE_2020.12.07+WN3.1
2522,2592,legislation,-10.1779,1,1,1,0,N,0,0,,,,,0,0,C3K,SCOWL60_STABLE_2020.12.07+WN3.1
2523,2593,load,-10.1779,1,1,0,0,N|V,1,1,,,,loads,0,1,C3K,SCOWL60_STABLE_2020.12.07+WN3.1
2524,2594,loves,-10.1779,1,0,1,0,,1,1,,love,gloves,,1,1,C3K,SCOWL60_STABLE_2020.12.07+WN3.1
2525,2595,millions,-10.1779,1,0,1,0,,1,0,,million,,,1,0,C3K,SCOWL60_STABLE_2020.12.07+WN3.1
2526,2596,nick,-10.1779,1,1,0,0,N|V,0,0,,,,,0,0,C3K,SCOWL60_STABLE_2020.12.07+WN3.1
2527,2597,noticed,-10.1779,1,1,1,0,ADJ,1,0,,notice,,,1,0,C3K,SCOWL60_STABLE_2020.12.07+WN3.1
2528,2598,obtained,-10.1779,1,0,1,0,,0,0,,,,,0,0,C3K,SCOWL60_STABLE_2020.12.07+WN3.1
2529,2599,occur,-10.1779,1,1,0,0,V,1,1,,,,occurs,0,1,C3K,SCOWL60_STABLE_2020.12.07+WN3.1
2530,2600,prize,-10.1779,1,1,0,0,N|V|ADJ,1,1,,,,prizes;prized,0,2,C3K,SCOWL60_STABLE_2020.12.07+WN3.1
2531,2601,recognized,-10.1779,1,1,1,0,ADJ,1,0,,recognize,,,1,0,C3K,SCOWL60_STABLE_2020.12.07+WN3.1
2532,2602,recovery,-10.1779,1,1,0,0,N,1,0,,recover,,,1,0,C3K,SCOWL60_STABLE_2020.12.07+WN3.1
2533,2603,representative,-10.1779,1,1,0,0,N|ADJ,1,1,,,,representatives,0,1,C3K,SCOWL60_STABLE_2020.12.07+WN3.1
2534,2604,resistance,-10.1779,1,1,0,0,N,0,0,,,,,0,0,C3K,SCOWL60_STABLE_2020.12.07+WN3.1
2535,2605,roman,-10.1779,1,1,0,0,N|ADJ,0,0,,,,,0,0,C3K,SCOWL60_STABLE_2020.12.07+WN3.1
2536,2606,rome,-10.1779,0,0,0,0,N,0,0,,,,,0,0,C3K,SCOWL60_STABLE_2020.12.07+WN3.1
2537,2607,salt,-10.1779,1,1,0,0,N|V|ADJ,1,1,alt,,,salty;salts,1,2,C3K,SCOWL60_STABLE_2020.12.07+WN3.1
2538,2608,scottish,-10.1779,0,0,0,0,N|ADJ,0,0,,,,,0,0,C3K,SCOWL60_STABLE_2020.12.07+WN3.1
2539,2609,severe,-10.1779,1,1,0,0,ADJ,1,1,,,,severed,0,1,C3K,SCOWL60_STABLE_2020.12.07+WN3.1
2540,2610,shift,-10.1779,1,1,0,0,N|V,1,1,,,,shifts,0,1,C3K,SCOWL60_STABLE_2020.12.07+WN3.1
2541,2611,stations,-10.1779,1,0,1,0,N,1,0,,station,,,1,0,C3K,SCOWL60_STABLE_2020.12.07+WN3.1
2542,2612,ticket,-10.1779,1,1,0,0,N|V,1,1,,,,tickets,0,1,C3K,SCOWL60_STABLE_2020.12.07+WN3.1
2543,2613,tradition,-10.1779,1,1,0,0,N,1,1,,,,traditions,0,1,C3K,SCOWL60_STABLE_2020.12.07+WN3.1
2544,2614,updated,-10.1779,1,0,1,0,,1,0,,update,,,1,0,C3K,SCOWL60_STABLE_2020.12.07+WN3.1
2545,2615,usual,-10.1779,1,1,0,0,ADJ,0,0,,,,,0,0,C3K,SCOWL60_STABLE_2020.12.07+WN3.1
2546,2616,wars,-10.1779,1,0,1,0,,1,0,,war,,,1,0,C3K,SCOWL60_STABLE_2020.12.07+WN3.1
2547,2617,wing,-10.1779,1,1,1,0,N|V,1,1,,win,swing;owing,wings,1,3,C3K,SCOWL60_STABLE_2020.12.07+WN3.1
2548,2619,adam,-10.1992,0,0,0,0,N,0,0,,,,,0,0,C3K,SCOWL60_STABLE_2020.12.07+WN3.1
2549,2620,admit,-10.1992,1,1,0,0,V,1,1,,,,admits,0,1,C3K,SCOWL60_STABLE_2020.12.07+WN3.1
2550,2621,adults,-10.1992,1,0,1,0,,1,0,,adult,,,1,0,C3K,SCOWL60_STABLE_2020.12.07+WN3.1
2551,2622,arrest,-10.1992,1,1,0,0,N|V,1,1,,,,arrests,0,1,C3K,SCOWL60_STABLE_2020.12.07+WN3.1
2552,2623,aside,-10.1992,1,1,0,0,N|ADV,1,0,side,,,,1,0,C3K,SCOWL60_STABLE_2020.12.07+WN3.1
2553,2624,bible,-10.1992,1,1,0,0,N,0,0,,,,,0,0,C3K,SCOWL60_STABLE_2020.12.07+WN3.1
2554,2625,boyfriend,-10.1992,1,1,0,0,N,1,1,,,,boyfriends,0,1,C3K,SCOWL60_STABLE_2020.12.07+WN3.1
2555,2626,bright,-10.1992,1,1,0,0,ADJ|ADV,1,0,right,,,,1,0,C3K,SCOWL60_STABLE_2020.12.07+WN3.1
2556,2627,broadcast,-10.1992,1,1,0,0,N|V,1,1,,,,broadcasts,0,1,C3K,SCOWL60_STABLE_2020.12.07+WN3.1
2557,2628,businesses,-10.1992,1,0,1,0,,0,0,,,,,0,0,C3K,SCOWL60_STABLE_2020.12.07+WN3.1
2558,2629,calm,-10.1992,1,1,0,0,N|V|ADJ,1,0,,cal,,,1,0,C3K,SCOWL60_STABLE_2020.12.07+WN3.1
2559,2630,category,-10.1992,1,1,0,0,N,0,0,,,,,0,0,C3K,SCOWL60_STABLE_2020.12.07+WN3.1
2560,2631,cheap,-10.1992,1,1,0,0,ADJ,1,0,heap,,,,1,0,C3K,SCOWL60_STABLE_2020.12.07+WN3.1
2561,2632,closely,-10.1992,1,0,1,0,ADV,0,0,,,,,0,0,C3K,SCOWL60_STABLE_2020.12.07+WN3.1
2562,2633,conservative,-10.1992,1,1,0,0,N|ADJ,1,1,,,,conservatives,0,1,C3K,SCOWL60_STABLE_2020.12.07+WN3.1
2563,2634,contain,-10.1992,1,1,0,0,V,1,1,,,,contains,0,1,C3K,SCOWL60_STABLE_2020.12.07+WN3.1
2564,2635,da,-10.1992,0,0,0,0,N,0,0,,,,,0,0,C3K,SCOWL60_STABLE_2020.12.07+WN3.1
2565,2636,drawn,-10.1992,1,1,0,0,ADJ,1,0,,draw,,,1,0,C3K,SCOWL60_STABLE_2020.12.07+WN3.1
2566,2637,egypt,-10.1992,0,0,0,0,N,0,0,,,,,0,0,C3K,SCOWL60_STABLE_2020.12.07+WN3.1
2567,2638,frequently,-10.1992,1,0,1,0,ADV,0,0,,,,,0,0,C3K,SCOWL60_STABLE_2020.12.07+WN3.1
2568,2639,fruit,-10.1992,1,1,0,0,N|V,1,1,,,,fruits;fruity,0,2,C3K,SCOWL60_STABLE_2020.12.07+WN3.1
2569,2640,giant,-10.1992,1,1,0,0,N|ADJ,1,1,,,,giants,0,1,C3K,SCOWL60_STABLE_2020.12.07+WN3.1
2570,2641,grace,-10.1992,1,1,0,0,N|V,1,0,race,,,,1,0,C3K,SCOWL60_STABLE_2020.12.07+WN3.1
2571,2642,greek,-10.1992,0,0,0,0,N|ADJ,0,0,,,,,0,0,C3K,SCOWL60_STABLE_2020.12.07+WN3.1
2572,2643,holds,-10.1992,1,0,1,0,,1,0,,hold,,,1,0,C3K,SCOWL60_STABLE_2020.12.07+WN3.1
2573,2644,identify,-10.1992,1,1,0,0,V,0,0,,,,,0,0,C3K,SCOWL60_STABLE_2020.12.07+WN3.1
2574,2645,jersey,-10.1992,1,1,0,0,N,1,1,,,,jerseys,0,1,C3K,SCOWL60_STABLE_2020.12.07+WN3.1
2575,2646,motion,-10.1992,1,1,1,0,N|V,1,1,,,emotion,motions,0,2,C3K,SCOWL60_STABLE_2020.12.07+WN3.1
2576,2647,moves,-10.1992,1,0,1,0,,1,0,,move,,,1,0,C3K,SCOWL60_STABLE_2020.12.07+WN3.1
2577,2648,muslim,-10.1992,0,0,0,0,N|ADJ,0,0,,,,,0,0,C3K,SCOWL60_STABLE_2020.12.07+WN3.1
2578,2649,orange,-10.1992,1,1,0,0,N|ADJ,1,1,range,,,oranges,1,1,C3K,SCOWL60_STABLE_2020.12.07+WN3.1
2579,2650,papers,-10.1992,1,0,1,0,N,1,0,,paper,,,1,0,C3K,SCOWL60_STABLE_2020.12.07+WN3.1
2580,2651,parent,-10.1992,1,1,0,0,N|V,1,1,,,,parents,0,1,C3K,SCOWL60_STABLE_2020.12.07+WN3.1
2581,2652,perfectly,-10.1992,1,0,1,0,ADV,0,0,,,,,0,0,C3K,SCOWL60_STABLE_2020.12.07+WN3.1
2582,2653,portion,-10.1992,1,1,0,0,N|V,1,1,,,,portions,0,1,C3K,SCOWL60_STABLE_2020.12.07+WN3.1
2583,2654,principal,-10.1992,1,1,0,0,N|ADJ,1,1,,,,principals,0,1,C3K,SCOWL60_STABLE_2020.12.07+WN3.1
2584,2655,print,-10.1992,1,1,0,0,N|V,1,1,,,sprint,prints,0,2,C3K,SCOWL60_STABLE_2020.12.07+WN3.1
2585,2656,refer,-10.1992,1,1,1,0,V,1,1,,,prefer,refers,0,2,C3K,SCOWL60_STABLE_2020.12.07+WN3.1
2586,2657,refused,-10.1992,1,0,1,0,,1,0,,refuse,,,1,0,C3K,SCOWL60_STABLE_2020.12.07+WN3.1
2587,2658,relief,-10.1992,1,1,0,0,N,0,0,,,,,0,0,C3K,SCOWL60_STABLE_2020.12.07+WN3.1
2588,2659,replace,-10.1992,1,0,1,0,V,1,1,,,,replaced;replaces,0,2,C3K,SCOWL60_STABLE_2020.12.07+WN3.1
2589,2660,requirements,-10.1992,1,0,1,0,,1,0,,requirement,,,1,0,C3K,SCOWL60_STABLE_2020.12.07+WN3.1
2590,2661,respond,-10.1992,1,1,0,0,V,1,1,,,,responds,0,1,C3K,SCOWL60_STABLE_2020.12.07+WN3.1
2591,2662,saving,-10.1992,1,1,1,0,N|ADJ,1,1,,,,savings,0,1,C3K,SCOWL60_STABLE_2020.12.07+WN3.1
2592,2663,sees,-10.1992,1,0,1,0,,1,0,,see,,,1,0,C3K,SCOWL60_STABLE_2020.12.07+WN3.1
2593,2664,settlement,-10.1992,1,1,0,0,N,1,1,,,,settlements,0,1,C3K,SCOWL60_STABLE_2020.12.07+WN3.1
2594,2665,shots,-10.1992,1,0,1,0,,1,0,,shot,,,1,0,C3K,SCOWL60_STABLE_2020.12.07+WN3.1
2595,2666,sing,-10.1992,1,1,0,0,V,1,1,,sin,using,sings,1,2,C3K,SCOWL60_STABLE_2020.12.07+WN3.1
2596,2667,talent,-10.1992,1,1,0,0,N,1,1,,,,talents,0,1,C3K,SCOWL60_STABLE_2020.12.07+WN3.1
2597,2668,tend,-10.1992,1,1,0,0,V,1,1,end,ten,,tends,2,1,C3K,SCOWL60_STABLE_2020.12.07+WN3.1
2598,2669,trained,-10.1992,1,1,1,0,ADJ,1,1,rained,,strained,,1,1,C3K,SCOWL60_STABLE_2020.12.07+WN3.1
2599,2670,typically,-10.1992,1,0,1,0,ADV,0,0,,,,,0,0,C3K,SCOWL60_STABLE_2020.12.07+WN3.1
2600,2671,upset,-10.1992,1,1,0,0,N|V|ADJ,1,1,,,,upsets,0,1,C3K,SCOWL60_STABLE_2020.12.07+WN3.1
2601,2673,youtube,-10.1992,0,0,0,0,,0,0,,,,,0,0,C3K,SCOWL60_STABLE_2020.12.07+WN3.1
2602,2675,agents,-10.2237,1,0,1,0,,1,0,,agent,,,1,0,C3K,SCOWL60_STABLE_2020.12.07+WN3.1
2603,2676,anybody,-10.2237,1,1,0,0,,0,0,,,,,0,0,C3K,SCOWL60_STABLE_2020.12.07+WN3.1
2604,2677,cable,-10.2237,1,1,0,0,N|V,1,1,able,,,cables,1,1,C3K,SCOWL60_STABLE_2020.12.07+WN3.1
2605,2678,communications,-10.2237,1,0,1,0,N,1,0,,communication,,,1,0,C3K,SCOWL60_STABLE_2020.12.07+WN3.1
2606,2679,courts,-10.2237,1,0,1,0,,1,0,,court,,,1,0,C3K,SCOWL60_STABLE_2020.12.07+WN3.1
2607,2680,dating,-10.2237,1,0,1,0,N,0,0,,,,,0,0,C3K,SCOWL60_STABLE_2020.12.07+WN3.1
2608,2681,di,-10.2237,0,0,0,0,,0,0,,,,,0,0,C3K,SCOWL60_STABLE_2020.12.07+WN3.1
2609,2682,dollar,-10.2237,1,1,0,0,N,1,1,,,,dollars,0,1,C3K,SCOWL60_STABLE_2020.12.07+WN3.1
2610,2683,drawing,-10.2237,1,1,1,0,N,1,1,,,,drawings,0,1,C3K,SCOWL60_STABLE_2020.12.07+WN3.1
2611,2684,expansion,-10.2237,1,1,1,0,N,0,0,,,,,0,0,C3K,SCOWL60_STABLE_2020.12.07+WN3.1
2612,2685,governments,-10.2237,1,0,1,0,,1,0,,government,,,1,0,C3K,SCOWL60_STABLE_2020.12.07+WN3.1
2613,2686,harder,-10.2237,1,0,1,0,,0,0,,,,,0,0,C3K,SCOWL60_STABLE_2020.12.07+WN3.1
2614,2687,inspired,-10.2237,1,1,0,0,ADJ,1,0,,inspire,,,1,0,C3K,SCOWL60_STABLE_2020.12.07+WN3.1
2615,2688,invited,-10.2237,1,1,1,0,,1,0,,invite,,,1,0,C3K,SCOWL60_STABLE_2020.12.07+WN3.1
2616,2689,item,-10.2237,1,1,0,0,N|ADV,1,1,,,,items,0,1,C3K,SCOWL60_STABLE_2020.12.07+WN3.1
2617,2690,jail,-10.2237,1,1,0,0,N|V,0,0,,,,,0,0,C3K,SCOWL60_STABLE_2020.12.07+WN3.1
2618,2691,loan,-10.2237,1,1,0,0,N|V,1,1,,,,loans,0,1,C3K,SCOWL60_STABLE_2020.12.07+WN3.1
2619,2692,moments,-10.2237,1,0,1,0,,1,0,,moment,,,1,0,C3K,SCOWL60_STABLE_2020.12.07+WN3.1
2620,2693,opposed,-10.2237,1,1,1,0,ADJ,1,0,,oppose,,,1,0,C3K,SCOWL60_STABLE_2020.12.07+WN3.1
2621,2694,pacific,-10.2237,1,1,0,0,N|ADJ,0,0,,,,,0,0,C3K,SCOWL60_STABLE_2020.12.07+WN3.1
2622,2695,processes,-10.2237,1,0,1,0,,0,0,,,,,0,0,C3K,SCOWL60_STABLE_2020.12.07+WN3.1
2623,2696,random,-10.2237,1,1,0,0,ADJ,0,0,,,,,0,0,C3K,SCOWL60_STABLE_2020.12.07+WN3.1
2624,2697,republican,-10.2237,1,0,1,0,N|ADJ,1,1,,,,republicans,0,1,C3K,SCOWL60_STABLE_2020.12.07+WN3.1
2625,2698,rooms,-10.2237,1,0,1,0,N,1,0,,room,,,1,0,C3K,SCOWL60_STABLE_2020.12.07+WN3.1
2626,2699,somewhat,-10.2237,1,1,0,0,ADV,0,0,,,,,0,0,C3K,SCOWL60_STABLE_2020.12.07+WN3.1
2627,2700,sons,-10.2237,1,0,1,0,,1,0,,son,,,1,0,C3K,SCOWL60_STABLE_2020.12.07+WN3.1
2628,2701,stood,-10.2237,1,1,0,0,,0,0,,,,,0,0,C3K,SCOWL60_STABLE_2020.12.07+WN3.1
2629,2702,stronger,-10.2237,1,0,1,0,,0,0,,,,,0,0,C3K,SCOWL60_STABLE_2020.12.07+WN3.1
2630,2703,structures,-10.2237,1,0,1,0,,1,0,,structure,,,1,0,C3K,SCOWL60_STABLE_2020.12.07+WN3.1
2631,2704,suicide,-10.2237,1,1,0,0,N,1,1,,,,suicides,0,1,C3K,SCOWL60_STABLE_2020.12.07+WN3.1
2632,2705,teeth,-10.2237,1,0,1,0,N,0,0,,,,,0,0,C3K,SCOWL60_STABLE_2020.12.07+WN3.1
2633,2706,tool,-10.2237,1,1,0,0,N|V,1,1,,too,stool,tools,1,2,C3K,SCOWL60_STABLE_2020.12.07+WN3.1
2634,2707,tower,-10.2237,1,1,1,0,N|V,1,1,,,,towers,0,1,C3K,SCOWL60_STABLE_2020.12.07+WN3.1
2635,2708,unknown,-10.2237,1,1,0,0,N|ADJ,0,0,,,,,0,0,C3K,SCOWL60_STABLE_2020.12.07+WN3.1
2636,2709,wales,-10.2237,1,0,1,0,N,0,0,,,,,0,0,C3K,SCOWL60_STABLE_2020.12.07+WN3.1
2637,2710,widely,-10.2237,1,0,1,0,ADV,0,0,,,,,0,0,C3K,SCOWL60_STABLE_2020.12.07+WN3.1
2638,2711,accurate,-10.246,1,1,0,0,ADJ,0,0,,,,,0,0,C3K,SCOWL60_STABLE_2020.12.07+WN3.1
2639,2712,achieved,-10.246,1,0,1,0,,1,0,,achieve,,,1,0,C3K,SCOWL60_STABLE_2020.12.07+WN3.1
2640,2713,administrative,-10.246,1,1,1,0,ADJ,0,0,,,,,0,0,C3K,SCOWL60_STABLE_2020.12.07+WN3.1
2641,2714,anniversary,-10.246,1,1,0,0,N,0,0,,,,,0,0,C3K,SCOWL60_STABLE_2020.12.07+WN3.1
2642,2715,aspects,-10.246,1,0,1,0,,1,0,,aspect,,,1,0,C3K,SCOWL60_STABLE_2020.12.07+WN3.1
2643,2716,assets,-10.246,1,0,1,0,N,1,0,,asset,,,1,0,C3K,SCOWL60_STABLE_2020.12.07+WN3.1
2644,2717,bottle,-10.246,1,1,0,0,N|V,1,1,,,,bottles;bottled,0,2,C3K,SCOWL60_STABLE_2020.12.07+WN3.1
2645,2718,combat,-10.246,1,1,0,0,N|V,0,0,,,,,0,0,C3K,SCOWL60_STABLE_2020.12.07+WN3.1
2646,2719,concert,-10.246,1,1,0,0,N|V,1,1,,,,concerts;concerto,0,2,C3K,SCOWL60_STABLE_2020.12.07+WN3.1
2647,2720,constant,-10.246,1,1,0,0,N|ADJ,0,0,,,,,0,0,C3K,SCOWL60_STABLE_2020.12.07+WN3.1
2648,2721,consumer,-10.246,1,1,1,0,N,1,1,,consume,,consumers,1,1,C3K,SCOWL60_STABLE_2020.12.07+WN3.1
2649,2722,convention,-10.246,1,1,0,0,N,1,1,,,,conventions,0,1,C3K,SCOWL60_STABLE_2020.12.07+WN3.1
2650,2723,counter,-10.246,1,1,0,0,N|V|ADJ|ADV,1,1,,,,counters,0,1,C3K,SCOWL60_STABLE_2020.12.07+WN3.1
2651,2724,coverage,-10.246,1,1,0,0,N,0,0,,,,,0,0,C3K,SCOWL60_STABLE_2020.12.07+WN3.1
2652,2725,cream,-10.246,1,1,0,0,N|V,1,1,,,scream,creamy,0,2,C3K,SCOWL60_STABLE_2020.12.07+WN3.1
2653,2726,depression,-10.246,1,1,0,0,N,0,0,,,,,0,0,C3K,SCOWL60_STABLE_2020.12.07+WN3.1
2654,2727,editor,-10.246,1,1,0,0,N,1,1,,,,editors,0,1,C3K,SCOWL60_STABLE_2020.12.07+WN3.1
2655,2728,empire,-10.246,1,1,0,0,N,1,1,,,,empires,0,1,C3K,SCOWL60_STABLE_2020.12.07+WN3.1
2656,2729,engaged,-10.246,1,0,1,0,ADJ,1,0,,engage,,,1,0,C3K,SCOWL60_STABLE_2020.12.07+WN3.1
2657,2730,entitled,-10.246,1,0,1,0,ADJ,0,0,,,,,0,0,C3K,SCOWL60_STABLE_2020.12.07+WN3.1
2658,2731,expert,-10.246,1,1,0,0,N|ADJ,1,1,,,,experts,0,1,C3K,SCOWL60_STABLE_2020.12.07+WN3.1
2659,2732,faces,-10.246,1,0,1,0,,1,0,aces,face,,,2,0,C3K,SCOWL60_STABLE_2020.12.07+WN3.1
2660,2733,hat,-10.246,1,1,0,0,N|V,1,1,at,ha,that;what;chat,hate;hats;hath,2,6,C3K,SCOWL60_STABLE_2020.12.07+WN3.1
2661,2734,height,-10.246,1,1,0,0,N,1,1,eight,,,heights,1,1,C3K,SCOWL60_STABLE_2020.12.07+WN3.1
2662,2735,incident,-10.246,1,1,0,0,N|ADJ,1,1,,,,incidents,0,1,C3K,SCOWL60_STABLE_2020.12.07+WN3.1
2663,2736,introduction,-10.246,1,1,0,0,N,1,1,,,,introductions,0,1,C3K,SCOWL60_STABLE_2020.12.07+WN3.1
2664,2738,jean,-10.246,1,1,0,0,N,1,1,,,,jeans,0,1,C3K,SCOWL60_STABLE_2020.12.07+WN3.1
2665,2739,joy,-10.246,1,1,0,0,N|V,1,1,,,,joys,0,1,C3K,SCOWL60_STABLE_2020.12.07+WN3.1
2666,2740,latin,-10.246,0,0,0,0,N|ADJ,0,0,,,,,0,0,C3K,SCOWL60_STABLE_2020.12.07+WN3.1
2667,2741,manage,-10.246,1,1,0,0,V,1,1,,,,manager;managed;manages,0,3,C3K,SCOWL60_STABLE_2020.12.07+WN3.1
2668,2742,marked,-10.246,1,1,1,0,ADJ,0,0,,,,,0,0,C3K,SCOWL60_STABLE_2020.12.07+WN3.1
2669,2743,mountains,-10.246,1,0,1,0,,1,0,,mountain,,,1,0,C3K,SCOWL60_STABLE_2020.12.07+WN3.1
2670,2744,novel,-10.246,1,1,0,0,N|ADJ,1,1,,,,novels,0,1,C3K,SCOWL60_STABLE_2020.12.07+WN3.1
2671,2745,objects,-10.246,1,0,1,0,,1,0,,object,,,1,0,C3K,SCOWL60_STABLE_2020.12.07+WN3.1
2672,2746,owners,-10.246,1,0,1,0,,1,0,,owner,,,1,0,C3K,SCOWL60_STABLE_2020.12.07+WN3.1
2673,2747,partners,-10.246,1,0,1,0,,1,0,,partner,,,1,0,C3K,SCOWL60_STABLE_2020.12.07+WN3.1
2674,2748,prepare,-10.246,1,1,0,0,V,1,1,,,,prepared;prepares,0,2,C3K,SCOWL60_STABLE_2020.12.07+WN3.1
2675,2749,primarily,-10.246,1,1,0,0,ADV,0,0,,,,,0,0,C3K,SCOWL60_STABLE_2020.12.07+WN3.1
2676,2750,procedure,-10.246,1,1,0,0,N,1,1,,,,procedures,0,1,C3K,SCOWL60_STABLE_2020.12.07+WN3.1
2677,2751,quit,-10.246,1,1,0,0,V,1,1,,,,quite;quits,0,2,C3K,SCOWL60_STABLE_2020.12.07+WN3.1
2678,2752,receiving,-10.246,1,0,1,0,,0,0,,,,,0,0,C3K,SCOWL60_STABLE_2020.12.07+WN3.1
2679,2753,regard,-10.246,1,1,0,0,N|V,1,1,,,,regards,0,1,C3K,SCOWL60_STABLE_2020.12.07+WN3.1
2680,2754,register,-10.246,1,1,0,0,N|V,1,1,,,,registers,0,1,C3K,SCOWL60_STABLE_2020.12.07+WN3.1
2681,2755,relative,-10.246,1,1,1,0,N|ADJ,1,1,,,,relatives,0,1,C3K,SCOWL60_STABLE_2020.12.07+WN3.1
2682,2756,reviews,-10.246,1,0,1,0,,1,1,,review,previews,,1,1,C3K,SCOWL60_STABLE_2020.12.07+WN3.1
2683,2757,sleeping,-10.246,1,0,1,0,N|ADJ,0,0,,,,,0,0,C3K,SCOWL60_STABLE_2020.12.07+WN3.1
2684,2758,smoking,-10.246,1,1,1,0,N|ADJ,0,0,,,,,0,0,C3K,SCOWL60_STABLE_2020.12.07+WN3.1
2685,2759,solo,-10.246,1,1,0,0,N|V|ADJ|ADV,1,0,,sol,,,1,0,C3K,SCOWL60_STABLE_2020.12.07+WN3.1
2686,2760,statements,-10.246,1,0,1,0,,1,0,,statement,,,1,0,C3K,SCOWL60_STABLE_2020.12.07+WN3.1
2687,2761,stephen,-10.246,0,0,0,0,N,0,0,,,,,0,0,C3K,SCOWL60_STABLE_2020.12.07+WN3.1
2688,2762,stores,-10.246,1,0,1,0,,1,0,,store,,,1,0,C3K,SCOWL60_STABLE_2020.12.07+WN3.1
2689,2763,suffered,-10.246,1,0,1,0,,0,0,,,,,0,0,C3K,SCOWL60_STABLE_2020.12.07+WN3.1
2690,2764,surgery,-10.246,1,1,0,0,N,0,0,,,,,0,0,C3K,SCOWL60_STABLE_2020.12.07+WN3.1
2691,2765,truck,-10.246,1,1,0,0,N|V,1,1,,,struck,trucks,0,2,C3K,SCOWL60_STABLE_2020.12.07+WN3.1
2692,2766,ultimately,-10.246,1,0,1,0,ADV,0,0,,,,,0,0,C3K,SCOWL60_STABLE_2020.12.07+WN3.1
2693,2767,unlike,-10.246,1,1,0,0,ADJ,0,0,,,,,0,0,C3K,SCOWL60_STABLE_2020.12.07+WN3.1
2694,2768,wednesday,-10.246,0,0,0,0,N,0,0,,,,,0,0,C3K,SCOWL60_STABLE_2020.12.07+WN3.1
2695,2769,ages,-10.2688,1,0,1,0,,1,1,,age,pages;wages;cages,,1,3,C3K,SCOWL60_STABLE_2020.12.07+WN3.1
2696,2770,alright,-10.2688,1,1,0,0,ADJ|ADV,0,0,,,,,0,0,C3K,SCOWL60_STABLE_2020.12.07+WN3.1
2697,2771,attempts,-10.2688,1,0,1,0,,1,0,,attempt,,,1,0,C3K,SCOWL60_STABLE_2020.12.07+WN3.1
2698,2772,attend,-10.2688,1,1,0,0,V,1,1,,,,attends,0,1,C3K,SCOWL60_STABLE_2020.12.07+WN3.1
2699,2773,bbc,-10.2688,0,0,0,0,,0,0,,,,,0,0,C3K,SCOWL60_STABLE_2020.12.07+WN3.1
2700,2774,burn,-10.2688,1,1,0,0,N|V,1,1,,,,burns;burnt,0,2,C3K,SCOWL60_STABLE_2020.12.07+WN3.1
2701,2775,bush,-10.2688,1,1,0,0,N|V|ADJ,1,0,,bus,,,1,0,C3K,SCOWL60_STABLE_2020.12.07+WN3.1
2702,2776,championship,-10.2688,1,1,0,0,N,1,1,,,,championships,0,1,C3K,SCOWL60_STABLE_2020.12.07+WN3.1
2703,2777,checked,-10.2688,1,1,1,0,ADJ,0,0,,,,,0,0,C3K,SCOWL60_STABLE_2020.12.07+WN3.1
2704,2778,circle,-10.2688,1,1,0,0,N|V,1,1,,,,circles,0,1,C3K,SCOWL60_STABLE_2020.12.07+WN3.1
2705,2779,competitive,-10.2688,1,1,0,0,ADJ,0,0,,,,,0,0,C3K,SCOWL60_STABLE_2020.12.07+WN3.1
2706,2780,consequences,-10.2688,1,0,1,0,,1,0,,consequence,,,1,0,C3K,SCOWL60_STABLE_2020.12.07+WN3.1
2707,2781,crash,-10.2688,1,1,0,0,N|V,1,0,rash,,,,1,0,C3K,SCOWL60_STABLE_2020.12.07+WN3.1
2708,2782,crying,-10.2688,1,0,1,0,N|ADJ,0,0,,,,,0,0,C3K,SCOWL60_STABLE_2020.12.07+WN3.1
2709,2783,cute,-10.2688,1,1,0,0,ADJ,1,1,,cut,acute,,1,1,C3K,SCOWL60_STABLE_2020.12.07+WN3.1
2710,2784,dirty,-10.2688,1,1,0,0,V|ADJ,1,0,,dirt,,,1,0,C3K,SCOWL60_STABLE_2020.12.07+WN3.1
2711,2785,divided,-10.2688,1,1,1,0,ADJ,1,0,,divide,,,1,0,C3K,SCOWL60_STABLE_2020.12.07+WN3.1
2712,2786,doors,-10.2688,1,0,1,0,,1,0,,door,,,1,0,C3K,SCOWL60_STABLE_2020.12.07+WN3.1
2713,2787,electronic,-10.2688,1,1,0,0,ADJ,1,1,,,,electronics,0,1,C3K,SCOWL60_STABLE_2020.12.07+WN3.1
2714,2788,enjoyed,-10.2688,1,0,1,0,,0,0,,,,,0,0,C3K,SCOWL60_STABLE_2020.12.07+WN3.1
2715,2789,equivalent,-10.2688,1,1,0,0,N|ADJ,1,1,,,,equivalents,0,1,C3K,SCOWL60_STABLE_2020.12.07+WN3.1
2716,2790,exists,-10.2688,1,0,1,0,,1,0,,exist,,,1,0,C3K,SCOWL60_STABLE_2020.12.07+WN3.1
2717,2791,facility,-10.2688,1,1,0,0,N,0,0,,,,,0,0,C3K,SCOWL60_STABLE_2020.12.07+WN3.1
2718,2792,formal,-10.2688,1,1,0,0,N|ADJ,0,0,,,,,0,0,C3K,SCOWL60_STABLE_2020.12.07+WN3.1
2719,2793,format,-10.2688,1,1,0,0,N|V,1,1,,,,formats,0,1,C3K,SCOWL60_STABLE_2020.12.07+WN3.1
2720,2794,hardly,-10.2688,1,0,1,0,ADV,0,0,,,,,0,0,C3K,SCOWL60_STABLE_2020.12.07+WN3.1
2721,2795,increases,-10.2688,1,0,1,0,,1,0,,increase,,,1,0,C3K,SCOWL60_STABLE_2020.12.07+WN3.1
2722,2796,incredible,-10.2688,1,0,1,0,ADJ,0,0,,,,,0,0,C3K,SCOWL60_STABLE_2020.12.07+WN3.1
2723,2797,iraq,-10.2688,0,0,0,0,N,0,0,,,,,0,0,C3K,SCOWL60_STABLE_2020.12.07+WN3.1
2724,2798,irish,-10.2688,0,0,0,0,N|ADJ,0,0,,,,,0,0,C3K,SCOWL60_STABLE_2020.12.07+WN3.1
2725,2799,islands,-10.2688,1,0,1,0,,1,0,,island,,,1,0,C3K,SCOWL60_STABLE_2020.12.07+WN3.1
2726,2800,kim,-10.2688,0,0,0,0,,0,0,,,,,0,0,C3K,SCOWL60_STABLE_2020.12.07+WN3.1
2727,2801,lane,-10.2688,1,1,0,0,N,1,1,,,plane,lanes,0,2,C3K,SCOWL60_STABLE_2020.12.07+WN3.1
2728,2802,limits,-10.2688,1,0,1,0,,1,0,,limit,,,1,0,C3K,SCOWL60_STABLE_2020.12.07+WN3.1
2729,2803,matches,-10.2688,1,0,1,0,,0,0,,,,,0,0,C3K,SCOWL60_STABLE_2020.12.07+WN3.1
2730,2804,mate,-10.2688,1,1,0,0,N|V,1,1,ate,mat,,mates;mater,2,2,C3K,SCOWL60_STABLE_2020.12.07+WN3.1
2731,2805,nearby,-10.2688,1,1,0,0,ADJ|ADV,0,0,,,,,0,0,C3K,SCOWL60_STABLE_2020.12.07+WN3.1
2732,2806,noise,-10.2688,1,1,0,0,N|V,1,1,,,,noises,0,1,C3K,SCOWL60_STABLE_2020.12.07+WN3.1
2733,2807,painting,-10.2688,1,1,1,0,N,1,1,,,,paintings,0,1,C3K,SCOWL60_STABLE_2020.12.07+WN3.1
2734,2808,payment,-10.2688,1,1,1,0,N,1,1,,,,payments,0,1,C3K,SCOWL60_STABLE_2020.12.07+WN3.1
2735,2809,pc,-10.2688,0,0,0,0,N,0,0,,,,,0,0,C3K,SCOWL60_STABLE_2020.12.07+WN3.1
2736,2810,percentage,-10.2688,1,1,0,0,N,1,1,,,,percentages,0,1,C3K,SCOWL60_STABLE_2020.12.07+WN3.1
2737,2811,poverty,-10.2688,1,1,0,0,N,0,0,,,,,0,0,C3K,SCOWL60_STABLE_2020.12.07+WN3.1
2738,2812,practical,-10.2688,1,1,0,0,ADJ,0,0,,,,,0,0,C3K,SCOWL60_STABLE_2020.12.07+WN3.1
2739,2813,principle,-10.2688,1,1,0,0,N,1,1,,,,principles,0,1,C3K,SCOWL60_STABLE_2020.12.07+WN3.1
2740,2814,promote,-10.2688,1,1,1,0,V,1,1,,,,promoted;promotes;promoter,0,3,C3K,SCOWL60_STABLE_2020.12.07+WN3.1
2741,2815,recognize,-10.2688,1,1,0,0,V,1,1,,,,recognized;recognizes,0,2,C3K,SCOWL60_STABLE_2020.12.07+WN3.1
2742,2816,scheme,-10.2688,1,1,0,0,N|V,1,1,,,,schemes,0,1,C3K,SCOWL60_STABLE_2020.12.07+WN3.1
2743,2817,sight,-10.2688,1,1,0,0,N|V,1,1,,sigh,,sights,1,1,C3K,SCOWL60_STABLE_2020.12.07+WN3.1
2744,2818,sought,-10.2688,1,1,0,0,ADJ,1,0,ought,,,,1,0,C3K,SCOWL60_STABLE_2020.12.07+WN3.1
2745,2819,talks,-10.2688,1,0,1,0,N,1,0,,talk,,,1,0,C3K,SCOWL60_STABLE_2020.12.07+WN3.1
2746,2820,tall,-10.2688,1,1,0,0,N|ADJ,1,1,all,,stall,tally,1,2,C3K,SCOWL60_STABLE_2020.12.07+WN3.1
2747,2821,tight,-10.2688,1,1,0,0,ADJ|ADV,0,0,,,,,0,0,C3K,SCOWL60_STABLE_2020.12.07+WN3.1
2748,2822,tiny,-10.2688,1,1,0,0,ADJ,1,0,,tin,,,1,0,C3K,SCOWL60_STABLE_2020.12.07+WN3.1
2749,2823,tournament,-10.2688,1,1,0,0,N,1,1,,,,tournaments,0,1,C3K,SCOWL60_STABLE_2020.12.07+WN3.1
2750,2824,transportation,-10.2688,1,1,0,0,N,0,0,,,,,0,0,C3K,SCOWL60_STABLE_2020.12.07+WN3.1
2751,2825,universal,-10.2688,1,1,0,0,N|ADJ,0,0,,,,,0,0,C3K,SCOWL60_STABLE_2020.12.07+WN3.1
2752,2826,visited,-10.2688,1,0,1,0,,0,0,,,,,0,0,C3K,SCOWL60_STABLE_2020.12.07+WN3.1
2753,2827,witness,-10.2688,1,1,0,0,N|V,0,0,,,,,0,0,C3K,SCOWL60_STABLE_2020.12.07+WN3.1
2754,2828,academic,-10.2921,1,1,0,0,N|ADJ,1,1,,,,academics,0,1,C3K,SCOWL60_STABLE_2020.12.07+WN3.1
2755,2829,accused,-10.2921,1,0,1,0,N,1,0,,accuse,,,1,0,C3K,SCOWL60_STABLE_2020.12.07+WN3.1
2756,2830,afford,-10.2921,1,1,0,0,V,0,0,,,,,0,0,C3K,SCOWL60_STABLE_2020.12.07+WN3.1
2757,2831,agencies,-10.2921,1,0,1,0,,0,0,,,,,0,0,C3K,SCOWL60_STABLE_2020.12.07+WN3.1
2758,2832,aim,-10.2921,1,1,0,0,N|V,1,1,,,,aims,0,1,C3K,SCOWL60_STABLE_2020.12.07+WN3.1
2759,2833,attached,-10.2921,1,1,1,0,ADJ,0,0,,,,,0,0,C3K,SCOWL60_STABLE_2020.12.07+WN3.1
2760,2834,attractive,-10.2921,1,1,1,0,ADJ,0,0,,,,,0,0,C3K,SCOWL60_STABLE_2020.12.07+WN3.1
2761,2835,cap,-10.2921,1,1,0,0,N|V,1,1,,ca,,cape;caps;capt,1,3,C3K,SCOWL60_STABLE_2020.12.07+WN3.1
2762,2836,carbon,-10.2921,1,1,0,0,N,0,0,,,,,0,0,C3K,SCOWL60_STABLE_2020.12.07+WN3.1
2763,2837,cheese,-10.2921,1,1,0,0,N|V,1,1,,,,cheeses,0,1,C3K,SCOWL60_STABLE_2020.12.07+WN3.1
2764,2838,chose,-10.2921,1,1,0,0,,1,1,hose,,,chosen,1,1,C3K,SCOWL60_STABLE_2020.12.07+WN3.1
2765,2839,contained,-10.2921,1,0,1,0,ADJ,0,0,,,,,0,0,C3K,SCOWL60_STABLE_2020.12.07+WN3.1
2766,2840,containing,-10.2921,1,0,1,0,,0,0,,,,,0,0,C3K,SCOWL60_STABLE_2020.12.07+WN3.1
2767,2841,degrees,-10.2921,1,0,1,0,,1,0,,degree,,,1,0,C3K,SCOWL60_STABLE_2020.12.07+WN3.1
2768,2842,del,-10.2921,0,0,0,0,,0,0,,,,,0,0,C3K,SCOWL60_STABLE_2020.12.07+WN3.1
2769,2843,deliver,-10.2921,1,1,0,0,V,1,1,,,,delivery;delivers,0,2,C3K,SCOWL60_STABLE_2020.12.07+WN3.1
2770,2844,depth,-10.2921,1,1,0,0,N,1,1,,dept,,depths,1,1,C3K,SCOWL60_STABLE_2020.12.07+WN3.1
2771,2845,deserve,-10.2921,1,0,1,0,V,1,1,,,,deserves;deserved,0,2,C3K,SCOWL60_STABLE_2020.12.07+WN3.1
2772,2846,discussed,-10.2921,1,0,1,0,,0,0,,,,,0,0,C3K,SCOWL60_STABLE_2020.12.07+WN3.1
2773,2847,duke,-10.2921,1,1,0,0,N,1,1,,,,dukes,0,1,C3K,SCOWL60_STABLE_2020.12.07+WN3.1
2774,2848,establish,-10.2921,1,1,0,0,V,0,0,,,,,0,0,C3K,SCOWL60_STABLE_2020.12.07+WN3.1
2775,2849,files,-10.2921,1,0,1,0,,1,0,,file,,,1,0,C3K,SCOWL60_STABLE_2020.12.07+WN3.1
2776,2850,headed,-10.2921,1,0,1,0,ADJ,0,0,,,,,0,0,C3K,SCOWL60_STABLE_2020.12.07+WN3.1
2777,2851,heavily,-10.2921,1,1,0,0,ADV,0,0,,,,,0,0,C3K,SCOWL60_STABLE_2020.12.07+WN3.1
2778,2852,hockey,-10.2921,1,1,0,0,N,0,0,,,,,0,0,C3K,SCOWL60_STABLE_2020.12.07+WN3.1
2779,2853,id,-10.2921,1,1,0,0,N,1,1,,i,did;kid;mid;aid;rid;bid;hid;lid,ids,1,9,C3K,SCOWL60_STABLE_2020.12.07+WN3.1
2780,2854,involving,-10.2921,1,0,1,0,,0,0,,,,,0,0,C3K,SCOWL60_STABLE_2020.12.07+WN3.1
2781,2855,jackson,-10.2921,0,0,0,0,N,0,0,,,,,0,0,C3K,SCOWL60_STABLE_2020.12.07+WN3.1
2782,2856,necessarily,-10.2921,1,1,0,0,ADV,0,0,,,,,0,0,C3K,SCOWL60_STABLE_2020.12.07+WN3.1
2783,2857,nose,-10.2921,1,1,0,0,N|V,1,1,,nos,,noses,1,1,C3K,SCOWL60_STABLE_2020.12.07+WN3.1
2784,2858,palace,-10.2921,1,1,0,0,N,1,1,,,,palaces,0,1,C3K,SCOWL60_STABLE_2020.12.07+WN3.1
2785,2859,philosophy,-10.2921,1,1,0,0,N,0,0,,,,,0,0,C3K,SCOWL60_STABLE_2020.12.07+WN3.1
2786,2860,practices,-10.2921,1,0,1,0,,1,0,,practice,,,1,0,C3K,SCOWL60_STABLE_2020.12.07+WN3.1
2787,2861,prefer,-10.2921,1,1,0,0,V,1,1,refer,,,prefers,1,1,C3K,SCOWL60_STABLE_2020.12.07+WN3.1
2788,2862,princess,-10.2921,1,1,0,0,N,1,0,,princes,,,1,0,C3K,SCOWL60_STABLE_2020.12.07+WN3.1
2789,2863,recognition,-10.2921,1,0,1,0,N,0,0,,,,,0,0,C3K,SCOWL60_STABLE_2020.12.07+WN3.1
2790,2864,represents,-10.2921,1,0,1,0,,1,0,,represent,,,1,0,C3K,SCOWL60_STABLE_2020.12.07+WN3.1
2791,2865,returns,-10.2921,1,0,1,0,,1,0,,return,,,1,0,C3K,SCOWL60_STABLE_2020.12.07+WN3.1
2792,2866,sample,-10.2921,1,1,0,0,N|V,1,1,ample,,,samples;sampled,1,2,C3K,SCOWL60_STABLE_2020.12.07+WN3.1
2793,2867,seeking,-10.2921,1,0,1,0,N,0,0,,,,,0,0,C3K,SCOWL60_STABLE_2020.12.07+WN3.1
2794,2868,significantly,-10.2921,1,0,1,0,ADV,0,0,,,,,0,0,C3K,SCOWL60_STABLE_2020.12.07+WN3.1
2795,2869,situations,-10.2921,1,0,1,0,,1,0,,situation,,,1,0,C3K,SCOWL60_STABLE_2020.12.07+WN3.1
2796,2870,storage,-10.2921,1,1,0,0,N,0,0,,,,,0,0,C3K,SCOWL60_STABLE_2020.12.07+WN3.1
2797,2871,sufficient,-10.2921,1,1,0,0,ADJ,0,0,,,,,0,0,C3K,SCOWL60_STABLE_2020.12.07+WN3.1
2798,2872,suggests,-10.2921,1,0,1,0,,1,0,,suggest,,,1,0,C3K,SCOWL60_STABLE_2020.12.07+WN3.1
2799,2873,techniques,-10.2921,1,0,1,0,,1,0,,technique,,,1,0,C3K,SCOWL60_STABLE_2020.12.07+WN3.1
2800,2874,thats,-10.2921,0,0,0,0,,0,0,,,,,0,0,C3K,SCOWL60_STABLE_2020.12.07+WN3.1
2801,2875,theatre,-10.2921,0,0,0,0,N,0,0,,,,,0,0,C3K,SCOWL60_STABLE_2020.12.07+WN3.1
2802,2876,tickets,-10.2921,1,0,1,0,,1,0,,ticket,,,1,0,C3K,SCOWL60_STABLE_2020.12.07+WN3.1
2803,2877,vast,-10.2921,1,1,0,0,ADJ,0,0,,,,,0,0,C3K,SCOWL60_STABLE_2020.12.07+WN3.1
2804,2878,weapon,-10.2921,1,1,0,0,N,1,1,,,,weapons,0,1,C3K,SCOWL60_STABLE_2020.12.07+WN3.1
2805,2879,andrew,-10.316,0,0,0,0,N,0,0,,,,,0,0,C3K,SCOWL60_STABLE_2020.12.07+WN3.1
2806,2880,attorney,-10.316,1,1,0,0,N,1,1,,,,attorneys,0,1,C3K,SCOWL60_STABLE_2020.12.07+WN3.1
2807,2881,blind,-10.316,1,1,0,0,N|V|ADJ,1,1,,,,blinds,0,1,C3K,SCOWL60_STABLE_2020.12.07+WN3.1
2808,2882,brief,-10.316,1,1,0,0,N|V|ADJ,1,1,,,,briefs,0,1,C3K,SCOWL60_STABLE_2020.12.07+WN3.1
2809,2883,brilliant,-10.316,1,1,0,0,ADJ,0,0,,,,,0,0,C3K,SCOWL60_STABLE_2020.12.07+WN3.1
2810,2884,bunch,-10.316,1,1,0,0,N|V,0,0,,,,,0,0,C3K,SCOWL60_STABLE_2020.12.07+WN3.1
2811,2885,candidates,-10.316,1,0,1,0,,1,0,,candidate,,,1,0,C3K,SCOWL60_STABLE_2020.12.07+WN3.1
2812,2886,causing,-10.316,1,0,1,0,N,0,0,,,,,0,0,C3K,SCOWL60_STABLE_2020.12.07+WN3.1
2813,2887,commander,-10.316,1,1,1,0,N,1,1,,,,commanders,0,1,C3K,SCOWL60_STABLE_2020.12.07+WN3.1
2814,2888,constantly,-10.316,1,0,1,0,ADV,0,0,,,,,0,0,C3K,SCOWL60_STABLE_2020.12.07+WN3.1
2815,2889,dan,-10.316,0,0,0,0,,0,0,,,,,0,0,C3K,SCOWL60_STABLE_2020.12.07+WN3.1
2816,2890,deals,-10.316,1,0,1,0,,1,1,,deal,ideals,,1,1,C3K,SCOWL60_STABLE_2020.12.07+WN3.1
2817,2891,defeat,-10.316,1,1,0,0,N|V,1,1,,,,defeats,0,1,C3K,SCOWL60_STABLE_2020.12.07+WN3.1
2818,2892,delivery,-10.316,1,0,1,0,N,1,0,,deliver,,,1,0,C3K,SCOWL60_STABLE_2020.12.07+WN3.1
2819,2893,elsewhere,-10.316,1,1,0,0,ADV,0,0,,,,,0,0,C3K,SCOWL60_STABLE_2020.12.07+WN3.1
2820,2894,entertainment,-10.316,1,1,1,0,N,0,0,,,,,0,0,C3K,SCOWL60_STABLE_2020.12.07+WN3.1
2821,2895,excuse,-10.316,1,1,0,0,N|V,1,1,,,,excuses;excused,0,2,C3K,SCOWL60_STABLE_2020.12.07+WN3.1
2822,2896,factory,-10.316,1,1,0,0,N,1,0,,factor,,,1,0,C3K,SCOWL60_STABLE_2020.12.07+WN3.1
2823,2897,fake,-10.316,1,1,0,0,N|V|ADJ,1,1,,,,faked,0,1,C3K,SCOWL60_STABLE_2020.12.07+WN3.1
2824,2898,flag,-10.316,1,1,0,0,N|V,1,1,lag,,,flags,1,1,C3K,SCOWL60_STABLE_2020.12.07+WN3.1
2825,2899,founded,-10.316,1,1,1,0,,0,0,,,,,0,0,C3K,SCOWL60_STABLE_2020.12.07+WN3.1
2826,2900,gained,-10.316,1,0,1,0,,0,0,,,,,0,0,C3K,SCOWL60_STABLE_2020.12.07+WN3.1
2827,2901,hidden,-10.316,1,1,0,0,ADJ,0,0,,,,,0,0,C3K,SCOWL60_STABLE_2020.12.07+WN3.1
2828,2902,hide,-10.316,1,1,0,0,N|V,1,1,,hid,,hides,1,1,C3K,SCOWL60_STABLE_2020.12.07+WN3.1
2829,2903,kinds,-10.316,1,1,0,0,,1,0,,kind,,,1,0,C3K,SCOWL60_STABLE_2020.12.07+WN3.1
2830,2904,matt,-10.316,0,0,0,0,N|ADJ,0,0,,,,,0,0,C3K,SCOWL60_STABLE_2020.12.07+WN3.1
2831,2905,ministers,-10.316,1,0,1,0,,1,0,,minister,,,1,0,C3K,SCOWL60_STABLE_2020.12.07+WN3.1
2832,2906,motor,-10.316,1,1,0,0,N|V|ADJ,1,1,,,,motors,0,1,C3K,SCOWL60_STABLE_2020.12.07+WN3.1
2833,2907,multi,-10.316,1,1,0,0,,0,0,,,,,0,0,C3K,SCOWL60_STABLE_2020.12.07+WN3.1
2834,2908,musical,-10.316,1,1,0,0,N|ADJ,0,0,,,,,0,0,C3K,SCOWL60_STABLE_2020.12.07+WN3.1
2835,2909,navy,-10.316,1,1,0,0,N,0,0,,,,,0,0,C3K,SCOWL60_STABLE_2020.12.07+WN3.1
2836,2910,officially,-10.316,1,0,1,0,ADV,0,0,,,,,0,0,C3K,SCOWL60_STABLE_2020.12.07+WN3.1
2837,2911,panel,-10.316,1,1,0,0,N|V,1,1,,,,panels,0,1,C3K,SCOWL60_STABLE_2020.12.07+WN3.1
2838,2912,personality,-10.316,1,1,0,0,N,0,0,,,,,0,0,C3K,SCOWL60_STABLE_2020.12.07+WN3.1
2839,2913,politicians,-10.316,1,0,1,0,,1,0,,politician,,,1,0,C3K,SCOWL60_STABLE_2020.12.07+WN3.1
2840,2914,pounds,-10.316,1,0,1,0,,1,0,,pound,,,1,0,C3K,SCOWL60_STABLE_2020.12.07+WN3.1
2841,2915,raw,-10.316,1,1,0,0,N|ADJ,1,1,aw,,draw,,1,1,C3K,SCOWL60_STABLE_2020.12.07+WN3.1
2842,2916,resulting,-10.316,1,0,1,0,,0,0,,,,,0,0,C3K,SCOWL60_STABLE_2020.12.07+WN3.1
2843,2917,rice,-10.316,1,1,0,0,N|V,1,1,ice,,price,,1,1,C3K,SCOWL60_STABLE_2020.12.07+WN3.1
2844,2918,riding,-10.316,1,1,1,0,N,0,0,,,,,0,0,C3K,SCOWL60_STABLE_2020.12.07+WN3.1
2845,2919,rising,-10.316,1,1,1,0,N|ADJ,1,1,,,arising,,0,1,C3K,SCOWL60_STABLE_2020.12.07+WN3.1
2846,2920,roads,-10.316,1,0,1,0,N,1,0,,road,,,1,0,C3K,SCOWL60_STABLE_2020.12.07+WN3.1
2847,2921,roles,-10.316,1,0,1,0,,1,0,,role,,,1,0,C3K,SCOWL60_STABLE_2020.12.07+WN3.1
2848,2922,scientists,-10.316,1,0,1,0,,1,0,,scientist,,,1,0,C3K,SCOWL60_STABLE_2020.12.07+WN3.1
2849,2923,seats,-10.316,1,0,1,0,N,1,0,eats,seat,,,2,0,C3K,SCOWL60_STABLE_2020.12.07+WN3.1
2850,2924,soil,-10.316,1,1,0,0,N|V,1,1,oil,,,soils,1,1,C3K,SCOWL60_STABLE_2020.12.07+WN3.1
2851,2925,staying,-10.316,1,0,1,0,,0,0,,,,,0,0,C3K,SCOWL60_STABLE_2020.12.07+WN3.1
2852,2926,surely,-10.316,1,0,1,0,ADV,0,0,,,,,0,0,C3K,SCOWL60_STABLE_2020.12.07+WN3.1
2853,2927,switch,-10.316,1,1,0,0,N|V,1,0,witch,,,,1,0,C3K,SCOWL60_STABLE_2020.12.07+WN3.1
2854,2928,trading,-10.316,1,1,1,0,N,0,0,,,,,0,0,C3K,SCOWL60_STABLE_2020.12.07+WN3.1
2855,2929,ultimate,-10.316,1,1,0,0,N|ADJ,0,0,,,,,0,0,C3K,SCOWL60_STABLE_2020.12.07+WN3.1
2856,2930,violent,-10.316,1,1,0,0,ADJ,0,0,,,,,0,0,C3K,SCOWL60_STABLE_2020.12.07+WN3.1
2857,2931,visual,-10.316,1,1,0,0,ADJ,1,1,,,,visuals,0,1,C3K,SCOWL60_STABLE_2020.12.07+WN3.1
2858,2932,voted,-10.316,1,0,1,0,,1,0,,vote,,,1,0,C3K,SCOWL60_STABLE_2020.12.07+WN3.1
2859,2933,wealth,-10.316,1,1,1,0,N,1,1,,,,wealthy,0,1,C3K,SCOWL60_STABLE_2020.12.07+WN3.1
2860,2934,wheel,-10.316,1,1,0,0,N|V,1,1,heel,,,wheels,1,1,C3K,SCOWL60_STABLE_2020.12.07+WN3.1
2861,2935,worldwide,-10.316,1,1,0,0,ADJ,0,0,,,,,0,0,C3K,SCOWL60_STABLE_2020.12.07+WN3.1
2862,2936,advertising,-10.3374,1,1,1,0,N,0,0,,,,,0,0,C3K,SCOWL60_STABLE_2020.12.07+WN3.1
2863,2937,attacked,-10.3374,1,0,1,0,,0,0,,,,,0,0,C3K,SCOWL60_STABLE_2020.12.07+WN3.1
2864,2938,balls,-10.3374,1,1,1,0,,1,0,,ball,,,1,0,C3K,SCOWL60_STABLE_2020.12.07+WN3.1
2865,2939,bond,-10.3374,1,1,0,0,N|V,1,1,,,,bonds,0,1,C3K,SCOWL60_STABLE_2020.12.07+WN3.1
2866,2940,bread,-10.3374,1,1,0,0,N|V,1,0,read,,,,1,0,C3K,SCOWL60_STABLE_2020.12.07+WN3.1
2867,2941,champions,-10.3374,1,0,1,0,,1,0,,champion,,,1,0,C3K,SCOWL60_STABLE_2020.12.07+WN3.1
2868,2942,clinical,-10.3374,1,1,0,0,ADJ,0,0,,,,,0,0,C3K,SCOWL60_STABLE_2020.12.07+WN3.1
2869,2943,colour,-10.3374,0,0,0,0,N|V|ADJ,0,0,,,,,0,0,C3K,SCOWL60_STABLE_2020.12.07+WN3.1
2870,2944,comparison,-10.3374,1,1,0,0,N,1,1,,,,comparisons,0,1,C3K,SCOWL60_STABLE_2020.12.07+WN3.1
2871,2945,contest,-10.3374,1,0,1,0,N|V,1,1,,,,contests,0,1,C3K,SCOWL60_STABLE_2020.12.07+WN3.1
2872,2946,contributed,-10.3374,1,0,1,0,,1,0,,contribute,,,1,0,C3K,SCOWL60_STABLE_2020.12.07+WN3.1
2873,2947,dates,-10.3374,1,0,1,0,,1,0,,date,,,1,0,C3K,SCOWL60_STABLE_2020.12.07+WN3.1
2874,2948,deaths,-10.3374,1,1,0,0,,1,0,,death,,,1,0,C3K,SCOWL60_STABLE_2020.12.07+WN3.1
2875,2949,decades,-10.3374,1,0,1,0,,1,0,,decade,,,1,0,C3K,SCOWL60_STABLE_2020.12.07+WN3.1
2876,2950,driven,-10.3374,1,1,0,0,ADJ,1,0,,drive,,,1,0,C3K,SCOWL60_STABLE_2020.12.07+WN3.1
2877,2951,drivers,-10.3374,1,0,1,0,,1,0,rivers,driver,,,2,0,C3K,SCOWL60_STABLE_2020.12.07+WN3.1
2878,2952,earned,-10.3374,1,1,1,0,ADJ,1,1,,,learned,,0,1,C3K,SCOWL60_STABLE_2020.12.07+WN3.1
2879,2953,faced,-10.3374,1,0,1,0,ADJ,1,0,,face,,,1,0,C3K,SCOWL60_STABLE_2020.12.07+WN3.1
2880,2954,favourite,-10.3374,0,0,0,0,N|ADJ,0,0,,,,,0,0,C3K,SCOWL60_STABLE_2020.12.07+WN3.1
2881,2955,formation,-10.3374,1,1,0,0,N,1,1,,,,formations,0,1,C3K,SCOWL60_STABLE_2020.12.07+WN3.1
2882,2956,golf,-10.3374,1,1,0,0,N|V,0,0,,,,,0,0,C3K,SCOWL60_STABLE_2020.12.07+WN3.1
2883,2957,guest,-10.3374,1,1,0,0,N,1,1,,,,guests,0,1,C3K,SCOWL60_STABLE_2020.12.07+WN3.1
2884,2958,historic,-10.3374,1,1,0,0,ADJ,0,0,,,,,0,0,C3K,SCOWL60_STABLE_2020.12.07+WN3.1
2885,2959,hong,-10.3374,0,0,0,0,,0,0,,,,,0,0,C3K,SCOWL60_STABLE_2020.12.07+WN3.1
2886,2960,hopefully,-10.3374,1,0,1,0,ADV,0,0,,,,,0,0,C3K,SCOWL60_STABLE_2020.12.07+WN3.1
2887,2961,joseph,-10.3374,0,0,0,0,N,0,0,,,,,0,0,C3K,SCOWL60_STABLE_2020.12.07+WN3.1
2888,2962,loud,-10.3374,1,1,0,0,ADJ|ADV,1,1,,,cloud;aloud,,0,2,C3K,SCOWL60_STABLE_2020.12.07+WN3.1
2889,2963,manufacturing,-10.3374,1,1,1,0,N,0,0,,,,,0,0,C3K,SCOWL60_STABLE_2020.12.07+WN3.1
2890,2964,mess,-10.3374,1,1,0,0,N|V,1,1,,,,messy,0,1,C3K,SCOWL60_STABLE_2020.12.07+WN3.1
2891,2965,mile,-10.3374,1,1,0,0,N,1,1,,mil,smile,miles,1,2,C3K,SCOWL60_STABLE_2020.12.07+WN3.1
2892,2966,observed,-10.3374,1,1,1,0,ADJ,1,0,,observe,,,1,0,C3K,SCOWL60_STABLE_2020.12.07+WN3.1
2893,2967,pattern,-10.3374,1,1,0,0,N|V,1,1,,,,patterns,0,1,C3K,SCOWL60_STABLE_2020.12.07+WN3.1
2894,2968,pregnant,-10.3374,1,1,0,0,ADJ,0,0,,,,,0,0,C3K,SCOWL60_STABLE_2020.12.07+WN3.1
2895,2969,promised,-10.3374,1,0,1,0,,1,0,,promise,,,1,0,C3K,SCOWL60_STABLE_2020.12.07+WN3.1
2896,2970,proposal,-10.3374,1,1,0,0,N,1,1,,,,proposals,0,1,C3K,SCOWL60_STABLE_2020.12.07+WN3.1
2897,2971,puts,-10.3374,1,0,1,0,,1,0,,put,,,1,0,C3K,SCOWL60_STABLE_2020.12.07+WN3.1
2898,2972,regularly,-10.3374,1,0,1,0,ADV,0,0,,,,,0,0,C3K,SCOWL60_STABLE_2020.12.07+WN3.1
2899,2973,returning,-10.3374,1,0,1,0,ADJ,0,0,,,,,0,0,C3K,SCOWL60_STABLE_2020.12.07+WN3.1
2900,2974,roof,-10.3374,1,1,0,0,N|V,1,1,,,proof,roofs,0,2,C3K,SCOWL60_STABLE_2020.12.07+WN3.1
2901,2975,ryan,-10.3374,0,0,0,0,,0,0,,,,,0,0,C3K,SCOWL60_STABLE_2020.12.07+WN3.1
2902,2976,shame,-10.3374,1,1,0,0,N|V,1,0,,sham,,,1,0,C3K,SCOWL60_STABLE_2020.12.07+WN3.1
2903,2977,shares,-10.3374,1,0,1,0,,1,0,,share,,,1,0,C3K,SCOWL60_STABLE_2020.12.07+WN3.1
2904,2978,shipping,-10.3374,1,1,0,0,N,0,0,,,,,0,0,C3K,SCOWL60_STABLE_2020.12.07+WN3.1
2905,2979,smell,-10.3374,1,1,0,0,N|V,1,1,,,,smells;smelly,0,2,C3K,SCOWL60_STABLE_2020.12.07+WN3.1
2906,2980,spoken,-10.3374,1,1,0,0,ADJ,1,0,,spoke,,,1,0,C3K,SCOWL60_STABLE_2020.12.07+WN3.1
2907,2981,stayed,-10.3374,1,0,1,0,,0,0,,,,,0,0,C3K,SCOWL60_STABLE_2020.12.07+WN3.1
2908,2982,strongly,-10.3374,1,0,1,0,ADV,0,0,,,,,0,0,C3K,SCOWL60_STABLE_2020.12.07+WN3.1
2909,2983,surrounding,-10.3374,1,1,1,0,ADJ,1,1,,,,surroundings,0,1,C3K,SCOWL60_STABLE_2020.12.07+WN3.1
2910,2984,tip,-10.3374,1,1,0,0,N|V,1,1,,ti,,tips,1,1,C3K,SCOWL60_STABLE_2020.12.07+WN3.1
2911,2985,waters,-10.3374,1,1,1,0,N,1,0,,water,,,1,0,C3K,SCOWL60_STABLE_2020.12.07+WN3.1
2912,2986,absolute,-10.3624,1,1,0,0,N|ADJ,0,0,,,,,0,0,C3K,SCOWL60_STABLE_2020.12.07+WN3.1
2913,2987,agricultural,-10.3624,1,1,0,0,ADJ,0,0,,,,,0,0,C3K,SCOWL60_STABLE_2020.12.07+WN3.1
2914,2988,arab,-10.3624,0,0,0,0,N,0,0,,,,,0,0,C3K,SCOWL60_STABLE_2020.12.07+WN3.1
2915,2989,baseball,-10.3624,1,1,0,0,N,0,0,,,,,0,0,C3K,SCOWL60_STABLE_2020.12.07+WN3.1
2916,2990,bathroom,-10.3624,1,1,0,0,N,1,1,,,,bathrooms,0,1,C3K,SCOWL60_STABLE_2020.12.07+WN3.1
2917,2991,bc,-10.3624,0,0,0,0,ADV,0,0,,,,,0,0,C3K,SCOWL60_STABLE_2020.12.07+WN3.1
2918,2992,belief,-10.3624,1,1,0,0,N,1,1,,,,beliefs,0,1,C3K,SCOWL60_STABLE_2020.12.07+WN3.1
2919,2993,bye,-10.3624,1,1,0,0,N,1,0,ye,by,,,2,0,C3K,SCOWL60_STABLE_2020.12.07+WN3.1
2920,2994,castle,-10.3624,1,1,0,0,N|V,1,1,,,,castles,0,1,C3K,SCOWL60_STABLE_2020.12.07+WN3.1
2921,2995,chest,-10.3624,1,1,1,0,N,0,0,,,,,0,0,C3K,SCOWL60_STABLE_2020.12.07+WN3.1
2922,2996,childhood,-10.3624,1,1,0,0,N,0,0,,,,,0,0,C3K,SCOWL60_STABLE_2020.12.07+WN3.1
2923,2997,confused,-10.3624,1,1,1,0,ADJ,1,0,,confuse,,,1,0,C3K,SCOWL60_STABLE_2020.12.07+WN3.1
2924,2998,crimes,-10.3624,1,0,1,0,,1,0,,crime,,,1,0,C3K,SCOWL60_STABLE_2020.12.07+WN3.1
2925,2999,criticism,-10.3624,1,1,0,0,N,1,1,,,,criticisms,0,1,C3K,SCOWL60_STABLE_2020.12.07+WN3.1
2926,3000,dancing,-10.3624,1,1,1,0,N,0,0,,,,,0,0,C3K,SCOWL60_STABLE_2020.12.07+WN3.1
2927,3001,destroy,-10.3624,1,1,0,0,V,1,1,,,,destroys,0,1,C3K,SCOWL60_STABLE_2020.12.07+WN3.1
2928,3002,doctors,-10.3624,1,0,1,0,,1,0,,doctor,,,1,0,C3K,SCOWL60_STABLE_2020.12.07+WN3.1
2929,3003,document,-10.3624,1,1,0,0,N|V,1,1,,,,documents,0,1,C3K,SCOWL60_STABLE_2020.12.07+WN3.1
2930,3004,eggs,-10.3624,1,0,1,0,N,1,0,,egg,,,1,0,C3K,SCOWL60_STABLE_2020.12.07+WN3.1
2931,3005,element,-10.3624,1,1,0,0,N,1,1,,,,elements,0,1,C3K,SCOWL60_STABLE_2020.12.07+WN3.1
2932,3006,exciting,-10.3624,1,1,1,0,ADJ,0,0,,,,,0,0,C3K,SCOWL60_STABLE_2020.12.07+WN3.1
2933,3007,exposed,-10.3624,1,1,1,0,ADJ,1,0,,expose,,,1,0,C3K,SCOWL60_STABLE_2020.12.07+WN3.1
2934,3008,extensive,-10.3624,1,1,0,0,ADJ,0,0,,,,,0,0,C3K,SCOWL60_STABLE_2020.12.07+WN3.1
2935,3009,facing,-10.3624,1,1,1,0,N,0,0,,,,,0,0,C3K,SCOWL60_STABLE_2020.12.07+WN3.1
2936,3010,fought,-10.3624,1,1,0,0,,1,0,ought,,,,1,0,C3K,SCOWL60_STABLE_2020.12.07+WN3.1
2937,3011,fucked,-10.3624,1,0,1,1,,0,0,,,,,0,0,C3K,SCOWL60_STABLE_2020.12.07+WN3.1
2938,3012,grounds,-10.3624,1,0,1,0,N,1,0,rounds,ground,,,2,0,C3K,SCOWL60_STABLE_2020.12.07+WN3.1
2939,3013,harm,-10.3624,1,1,0,0,N|V,1,1,arm,,charm,harms,1,2,C3K,SCOWL60_STABLE_2020.12.07+WN3.1
2940,3014,heritage,-10.3624,1,1,0,0,N,0,0,,,,,0,0,C3K,SCOWL60_STABLE_2020.12.07+WN3.1
2941,3015,ideal,-10.3624,1,1,0,0,N|ADJ,1,1,deal,idea,,ideals,2,1,C3K,SCOWL60_STABLE_2020.12.07+WN3.1
2942,3016,interior,-10.3624,1,1,0,0,N|ADJ,1,1,,,,interiors,0,1,C3K,SCOWL60_STABLE_2020.12.07+WN3.1
2943,3017,jordan,-10.3624,0,0,0,0,N,0,0,,,,,0,0,C3K,SCOWL60_STABLE_2020.12.07+WN3.1
2944,3018,kevin,-10.3624,0,0,0,0,,0,0,,,,,0,0,C3K,SCOWL60_STABLE_2020.12.07+WN3.1
2945,3019,managers,-10.3624,1,0,1,0,,1,0,,manager,,,1,0,C3K,SCOWL60_STABLE_2020.12.07+WN3.1
2946,3020,manchester,-10.3624,0,0,0,0,N,0,0,,,,,0,0,C3K,SCOWL60_STABLE_2020.12.07+WN3.1
2947,3021,marks,-10.3624,1,0,1,0,N,1,0,,mark,,,1,0,C3K,SCOWL60_STABLE_2020.12.07+WN3.1
2948,3022,mining,-10.3624,1,1,1,0,N,0,0,,,,,0,0,C3K,SCOWL60_STABLE_2020.12.07+WN3.1
2949,3023,performing,-10.3624,1,0,1,0,N,0,0,,,,,0,0,C3K,SCOWL60_STABLE_2020.12.07+WN3.1
2950,3024,plate,-10.3624,1,1,0,0,N|V,1,1,late,,,plates;plated,1,2,C3K,SCOWL60_STABLE_2020.12.07+WN3.1
2951,3025,plot,-10.3624,1,1,0,0,N|V,1,1,lot,,,plots,1,1,C3K,SCOWL60_STABLE_2020.12.07+WN3.1
2952,3026,pope,-10.3624,1,1,0,0,N,1,0,,pop,,,1,0,C3K,SCOWL60_STABLE_2020.12.07+WN3.1
2953,3027,posts,-10.3624,1,0,1,0,,1,0,,post,,,1,0,C3K,SCOWL60_STABLE_2020.12.07+WN3.1
2954,3028,premier,-10.3624,1,1,0,0,N|V|ADJ,1,1,,,,premiere,0,1,C3K,SCOWL60_STABLE_2020.12.07+WN3.1
2955,3029,programming,-10.3624,1,1,0,0,N,0,0,,,,,0,0,C3K,SCOWL60_STABLE_2020.12.07+WN3.1
2956,3030,proved,-10.3624,1,1,1,0,ADJ,1,0,,prove,,,1,0,C3K,SCOWL60_STABLE_2020.12.07+WN3.1
2957,3031,publication,-10.3624,1,1,0,0,N,1,1,,,,publications,0,1,C3K,SCOWL60_STABLE_2020.12.07+WN3.1
2958,3032,regulations,-10.3624,1,1,0,0,,1,0,,regulation,,,1,0,C3K,SCOWL60_STABLE_2020.12.07+WN3.1
2959,3033,repeat,-10.3624,1,1,0,0,N|V,1,1,,,,repeats,0,1,C3K,SCOWL60_STABLE_2020.12.07+WN3.1
2960,3034,researchers,-10.3624,1,0,1,0,,1,0,,researcher,,,1,0,C3K,SCOWL60_STABLE_2020.12.07+WN3.1
2961,3035,simon,-10.3624,0,0,0,0,N,0,0,,,,,0,0,C3K,SCOWL60_STABLE_2020.12.07+WN3.1
2962,3036,stable,-10.3624,1,1,0,0,N|V|ADJ,1,1,table,,,stables,1,1,C3K,SCOWL60_STABLE_2020.12.07+WN3.1
2963,3037,studied,-10.3624,1,1,1,0,ADJ,0,0,,,,,0,0,C3K,SCOWL60_STABLE_2020.12.07+WN3.1
2964,3038,symptoms,-10.3624,1,0,1,0,,1,0,,symptom,,,1,0,C3K,SCOWL60_STABLE_2020.12.07+WN3.1
2965,3039,temporary,-10.3624,1,1,0,0,N|ADJ,0,0,,,,,0,0,C3K,SCOWL60_STABLE_2020.12.07+WN3.1
2966,3040,tie,-10.3624,1,1,0,0,N|V,1,1,,ti,,tied;ties;tier,1,3,C3K,SCOWL60_STABLE_2020.12.07+WN3.1
2967,3041,visitors,-10.3624,1,0,1,0,,1,0,,visitor,,,1,0,C3K,SCOWL60_STABLE_2020.12.07+WN3.1
2968,3042,wet,-10.3624,1,1,0,0,N|V|ADJ,1,0,,we,,,1,0,C3K,SCOWL60_STABLE_2020.12.07+WN3.1
2969,3043,wilson,-10.3624,0,0,0,0,N,0,0,,,,,0,0,C3K,SCOWL60_STABLE_2020.12.07+WN3.1
2970,3044,wise,-10.3624,1,1,0,0,N|ADJ,1,1,,,,wiser,0,1,C3K,SCOWL60_STABLE_2020.12.07+WN3.1
2971,3045,yard,-10.3624,1,1,0,0,N,1,1,,,,yards,0,1,C3K,SCOWL60_STABLE_2020.12.07+WN3.1
2972,3046,atlantic,-10.3848,0,0,0,0,N|ADJ,0,0,,,,,0,0,C3K,SCOWL60_STABLE_2020.12.07+WN3.1
2973,3047,atmosphere,-10.3848,1,1,0,0,N,0,0,,,,,0,0,C3K,SCOWL60_STABLE_2020.12.07+WN3.1
2974,3048,audio,-10.3848,1,1,0,0,N,0,0,,,,,0,0,C3K,SCOWL60_STABLE_2020.12.07+WN3.1
2975,3049,battery,-10.3848,1,1,0,0,N,1,0,,batter,,,1,0,C3K,SCOWL60_STABLE_2020.12.07+WN3.1
2976,3050,behaviour,-10.3848,0,0,0,0,N,0,0,,,,,0,0,C3K,SCOWL60_STABLE_2020.12.07+WN3.1
2977,3051,continuing,-10.3848,1,0,1,0,ADJ,0,0,,,,,0,0,C3K,SCOWL60_STABLE_2020.12.07+WN3.1
2978,3052,detailed,-10.3848,1,0,1,0,ADJ,0,0,,,,,0,0,C3K,SCOWL60_STABLE_2020.12.07+WN3.1
2979,3053,edward,-10.3848,0,0,0,0,N,0,0,,,,,0,0,C3K,SCOWL60_STABLE_2020.12.07+WN3.1
2980,3054,effectively,-10.3848,1,0,1,0,ADV,0,0,,,,,0,0,C3K,SCOWL60_STABLE_2020.12.07+WN3.1
2981,3055,establishment,-10.3848,1,1,1,0,N,1,1,,,,establishments,0,1,C3K,SCOWL60_STABLE_2020.12.07+WN3.1
2982,3056,evolution,-10.3848,1,1,0,0,N,1,1,,,revolution;devolution,,0,2,C3K,SCOWL60_STABLE_2020.12.07+WN3.1
2983,3057,exact,-10.3848,1,1,0,0,V|ADJ,0,0,,,,,0,0,C3K,SCOWL60_STABLE_2020.12.07+WN3.1
2984,3058,exclusive,-10.3848,1,1,0,0,N|ADJ,0,0,,,,,0,0,C3K,SCOWL60_STABLE_2020.12.07+WN3.1
2985,3059,experts,-10.3848,1,0,1,0,,1,0,,expert,,,1,0,C3K,SCOWL60_STABLE_2020.12.07+WN3.1
2986,3060,extension,-10.3848,1,1,0,0,N,1,1,,,,extensions,0,1,C3K,SCOWL60_STABLE_2020.12.07+WN3.1
2987,3061,gate,-10.3848,1,1,0,0,N|V,1,1,ate,,,gates,1,1,C3K,SCOWL60_STABLE_2020.12.07+WN3.1
2988,3062,hearts,-10.3848,1,0,1,0,N,1,0,,heart,,,1,0,C3K,SCOWL60_STABLE_2020.12.07+WN3.1
2989,3063,hungry,-10.3848,1,1,0,0,ADJ,0,0,,,,,0,0,C3K,SCOWL60_STABLE_2020.12.07+WN3.1
2990,3064,improvement,-10.3848,1,1,1,0,N,1,1,,,,improvements,0,1,C3K,SCOWL60_STABLE_2020.12.07+WN3.1
2991,3065,indicated,-10.3848,1,0,1,0,,1,0,,indicate,,,1,0,C3K,SCOWL60_STABLE_2020.12.07+WN3.1
2992,3066,initially,-10.3848,1,0,1,0,ADV,0,0,,,,,0,0,C3K,SCOWL60_STABLE_2020.12.07+WN3.1
2993,3067,institution,-10.3848,1,1,1,0,N,1,1,,,,institutions,0,1,C3K,SCOWL60_STABLE_2020.12.07+WN3.1
2994,3068,lands,-10.3848,1,0,1,0,,1,1,,land,glands,,1,1,C3K,SCOWL60_STABLE_2020.12.07+WN3.1
2995,3069,lift,-10.3848,1,1,0,0,N|V,1,1,,,,lifts,0,1,C3K,SCOWL60_STABLE_2020.12.07+WN3.1
2996,3070,moral,-10.3848,1,1,0,0,N|ADJ,1,1,oral,,,morals;morale,1,2,C3K,SCOWL60_STABLE_2020.12.07+WN3.1
2997,3071,permission,-10.3848,1,1,0,0,N,0,0,,,,,0,0,C3K,SCOWL60_STABLE_2020.12.07+WN3.1
2998,3072,plastic,-10.3848,1,1,0,0,N|ADJ,1,1,,,,plastics,0,1,C3K,SCOWL60_STABLE_2020.12.07+WN3.1
2999,3073,protected,-10.3848,1,1,1,0,ADJ,0,0,,,,,0,0,C3K,SCOWL60_STABLE_2020.12.07+WN3.1
3000,3074,recording,-10.3848,1,1,1,0,N,1,1,,,,recordings,0,1,C3K,SCOWL60_STABLE_2020.12.07+WN3.1
3001,3075,rent,-10.3848,1,1,0,0,N|V,1,1,,,,rents,0,1,D5K,SCOWL60_STABLE_2020.12.07+WN3.1
3002,3076,santa,-10.3848,0,0,0,0,N,0,0,,,,,0,0,D5K,SCOWL60_STABLE_2020.12.07+WN3.1
3003,3077,scenes,-10.3848,1,0,1,0,,1,0,,scene,,,1,0,D5K,SCOWL60_STABLE_2020.12.07+WN3.1
3004,3078,shortly,-10.3848,1,0,1,0,ADV,0,0,,,,,0,0,D5K,SCOWL60_STABLE_2020.12.07+WN3.1
3005,3079,solar,-10.3848,1,1,0,0,ADJ,0,0,,,,,0,0,D5K,SCOWL60_STABLE_2020.12.07+WN3.1
3006,3080,subsequent,-10.3848,1,1,0,0,ADJ,0,0,,,,,0,0,D5K,SCOWL60_STABLE_2020.12.07+WN3.1
3007,3081,survive,-10.3848,1,1,0,0,V,1,1,,,,survived;survives,0,2,D5K,SCOWL60_STABLE_2020.12.07+WN3.1
3008,3082,swear,-10.3848,1,1,0,0,V,1,0,wear,,,,1,0,D5K,SCOWL60_STABLE_2020.12.07+WN3.1
3009,3083,syria,-10.3848,0,0,0,0,N,0,0,,,,,0,0,D5K,SCOWL60_STABLE_2020.12.07+WN3.1
3010,3084,temple,-10.3848,1,1,0,0,N,1,1,,,,temples,0,1,D5K,SCOWL60_STABLE_2020.12.07+WN3.1
3011,3085,treaty,-10.3848,1,1,0,0,N,1,0,,treat,,,1,0,D5K,SCOWL60_STABLE_2020.12.07+WN3.1
3012,3086,trend,-10.3848,1,1,0,0,N|V,1,1,,,,trends;trendy,0,2,D5K,SCOWL60_STABLE_2020.12.07+WN3.1
3013,3087,tries,-10.3848,1,0,1,0,,0,0,,,,,0,0,D5K,SCOWL60_STABLE_2020.12.07+WN3.1
3014,3088,valuable,-10.3848,1,1,0,0,N|ADJ,0,0,,,,,0,0,D5K,SCOWL60_STABLE_2020.12.07+WN3.1
3015,3089,virginia,-10.3848,0,0,0,0,N,0,0,,,,,0,0,D5K,SCOWL60_STABLE_2020.12.07+WN3.1
3016,3090,writers,-10.3848,1,0,1,0,,1,0,,writer,,,1,0,D5K,SCOWL60_STABLE_2020.12.07+WN3.1
3017,3091,attended,-10.4077,1,1,1,0,ADJ,0,0,,,,,0,0,D5K,SCOWL60_STABLE_2020.12.07+WN3.1
3018,3092,bike,-10.4077,1,1,0,0,N|V,1,1,,,,bikes;biker,0,2,D5K,SCOWL60_STABLE_2020.12.07+WN3.1
3019,3093,breath,-10.4077,1,1,0,0,N,1,1,,,,breathe,0,1,D5K,SCOWL60_STABLE_2020.12.07+WN3.1
3020,3094,bullshit,-10.4077,1,1,0,1,N|V,0,0,,,,,0,0,D5K,SCOWL60_STABLE_2020.12.07+WN3.1
3021,3095,burning,-10.4077,1,0,1,0,N|ADJ,0,0,,,,,0,0,D5K,SCOWL60_STABLE_2020.12.07+WN3.1
3022,3096,chances,-10.4077,1,0,1,0,,1,0,,chance,,,1,0,D5K,SCOWL60_STABLE_2020.12.07+WN3.1
3023,3097,coal,-10.4077,1,1,0,0,N|V,0,0,,,,,0,0,D5K,SCOWL60_STABLE_2020.12.07+WN3.1
3024,3098,curious,-10.4077,1,1,0,0,ADJ,0,0,,,,,0,0,D5K,SCOWL60_STABLE_2020.12.07+WN3.1
3025,3099,decade,-10.4077,1,1,0,0,N,1,1,,,,decades,0,1,D5K,SCOWL60_STABLE_2020.12.07+WN3.1
3026,3100,employed,-10.4077,1,0,1,0,ADJ,0,0,,,,,0,0,D5K,SCOWL60_STABLE_2020.12.07+WN3.1
3027,3101,fairly,-10.4077,1,0,1,0,ADV,0,0,,,,,0,0,D5K,SCOWL60_STABLE_2020.12.07+WN3.1
3028,3102,finger,-10.4077,1,1,0,0,N|V,1,1,,,,fingers,0,1,D5K,SCOWL60_STABLE_2020.12.07+WN3.1
3029,3103,fingers,-10.4077,1,0,1,0,,1,0,,finger,,,1,0,D5K,SCOWL60_STABLE_2020.12.07+WN3.1
3030,3104,formula,-10.4077,1,1,0,0,N,1,1,,,,formulas,0,1,D5K,SCOWL60_STABLE_2020.12.07+WN3.1
3031,3105,heading,-10.4077,1,1,1,0,N,0,0,,,,,0,0,D5K,SCOWL60_STABLE_2020.12.07+WN3.1
3032,3106,increasingly,-10.4077,1,0,1,0,ADV,0,0,,,,,0,0,D5K,SCOWL60_STABLE_2020.12.07+WN3.1
3033,3107,indicate,-10.4077,1,1,0,0,V,1,1,,,,indicated;indicates,0,2,D5K,SCOWL60_STABLE_2020.12.07+WN3.1
3034,3108,info,-10.4077,1,1,0,0,N,0,0,,,,,0,0,D5K,SCOWL60_STABLE_2020.12.07+WN3.1
3035,3109,iv,-10.4077,1,1,0,0,N|ADJ,1,1,,i,xiv,ivy,1,2,D5K,SCOWL60_STABLE_2020.12.07+WN3.1
3036,3110,junior,-10.4077,1,1,0,0,N|ADJ,1,1,,,,juniors,0,1,D5K,SCOWL60_STABLE_2020.12.07+WN3.1
3037,3111,les,-10.4077,0,0,0,0,,0,0,,,,,0,0,D5K,SCOWL60_STABLE_2020.12.07+WN3.1
3038,3112,letting,-10.4077,1,1,0,0,N,0,0,,,,,0,0,D5K,SCOWL60_STABLE_2020.12.07+WN3.1
3039,3113,meetings,-10.4077,1,0,1,0,,1,0,,meeting,,,1,0,D5K,SCOWL60_STABLE_2020.12.07+WN3.1
3040,3114,obtain,-10.4077,1,1,0,0,V,0,0,,,,,0,0,D5K,SCOWL60_STABLE_2020.12.07+WN3.1
3041,3115,offices,-10.4077,1,0,1,0,,1,0,,office,,,1,0,D5K,SCOWL60_STABLE_2020.12.07+WN3.1
3042,3116,operate,-10.4077,1,1,0,0,V,1,1,,,,operated;operates,0,2,D5K,SCOWL60_STABLE_2020.12.07+WN3.1
3043,3117,pakistan,-10.4077,0,0,0,0,N,0,0,,,,,0,0,D5K,SCOWL60_STABLE_2020.12.07+WN3.1
3044,3118,peak,-10.4077,1,1,0,0,N|V,1,1,,pea,speak,peaks,1,2,D5K,SCOWL60_STABLE_2020.12.07+WN3.1
3045,3119,personally,-10.4077,1,0,1,0,ADV,0,0,,,,,0,0,D5K,SCOWL60_STABLE_2020.12.07+WN3.1
3046,3120,pointed,-10.4077,1,1,1,0,ADJ,0,0,,,,,0,0,D5K,SCOWL60_STABLE_2020.12.07+WN3.1
3047,3121,racing,-10.4077,1,1,1,0,N,1,1,,,tracing,,0,1,D5K,SCOWL60_STABLE_2020.12.07+WN3.1
3048,3122,rapid,-10.4077,1,1,0,0,N|ADJ,1,1,,,,rapids,0,1,D5K,SCOWL60_STABLE_2020.12.07+WN3.1
3049,3123,relation,-10.4077,1,1,1,0,N,1,1,,,,relations,0,1,D5K,SCOWL60_STABLE_2020.12.07+WN3.1
3050,3124,rough,-10.4077,1,1,0,0,N|V|ADJ|ADV,1,1,,,trough,,0,1,D5K,SCOWL60_STABLE_2020.12.07+WN3.1
3051,3125,select,-10.4077,1,1,0,0,V|ADJ,1,1,elect,,,selects,1,1,D5K,SCOWL60_STABLE_2020.12.07+WN3.1
3052,3126,sin,-10.4077,1,1,0,0,N|V,1,1,in,,,sing;sink;sins,1,3,D5K,SCOWL60_STABLE_2020.12.07+WN3.1
3053,3127,solutions,-10.4077,1,0,1,0,,1,0,,solution,,,1,0,D5K,SCOWL60_STABLE_2020.12.07+WN3.1
3054,3128,somehow,-10.4077,1,1,0,0,ADV,0,0,,,,,0,0,D5K,SCOWL60_STABLE_2020.12.07+WN3.1
3055,3129,sydney,-10.4077,0,0,0,0,N,0,0,,,,,0,0,D5K,SCOWL60_STABLE_2020.12.07+WN3.1
3056,3130,threw,-10.4077,1,1,0,0,,0,0,,,,,0,0,D5K,SCOWL60_STABLE_2020.12.07+WN3.1
3057,3132,uncle,-10.4077,1,1,0,0,N,1,1,,,,uncles,0,1,D5K,SCOWL60_STABLE_2020.12.07+WN3.1
3058,3133,weekly,-10.4077,1,1,1,0,N|ADJ|ADV,0,0,,,,,0,0,D5K,SCOWL60_STABLE_2020.12.07+WN3.1
3059,3134,worker,-10.4077,1,1,0,0,N,1,1,,,,workers,0,1,D5K,SCOWL60_STABLE_2020.12.07+WN3.1
3060,3135,absence,-10.4311,1,1,0,0,N,0,0,,,,,0,0,D5K,SCOWL60_STABLE_2020.12.07+WN3.1
3061,3136,academy,-10.4311,1,1,0,0,N,0,0,,,,,0,0,D5K,SCOWL60_STABLE_2020.12.07+WN3.1
3062,3137,agriculture,-10.4311,1,1,0,0,N,0,0,,,,,0,0,D5K,SCOWL60_STABLE_2020.12.07+WN3.1
3063,3138,authors,-10.4311,1,0,1,0,,1,0,,author,,,1,0,D5K,SCOWL60_STABLE_2020.12.07+WN3.1
3064,3139,basketball,-10.4311,1,1,0,0,N,0,0,,,,,0,0,D5K,SCOWL60_STABLE_2020.12.07+WN3.1
3065,3140,clients,-10.4311,1,0,1,0,,1,0,,client,,,1,0,D5K,SCOWL60_STABLE_2020.12.07+WN3.1
3066,3141,clubs,-10.4311,1,0,1,0,,1,0,,club,,,1,0,D5K,SCOWL60_STABLE_2020.12.07+WN3.1
3067,3142,columbia,-10.4311,0,0,0,0,N,0,0,,,,,0,0,D5K,SCOWL60_STABLE_2020.12.07+WN3.1
3068,3143,concerning,-10.4311,1,1,0,0,,0,0,,,,,0,0,D5K,SCOWL60_STABLE_2020.12.07+WN3.1
3069,3144,conclusion,-10.4311,1,1,0,0,N,1,1,,,,conclusions,0,1,D5K,SCOWL60_STABLE_2020.12.07+WN3.1
3070,3145,consistent,-10.4311,1,1,0,0,ADJ,0,0,,,,,0,0,D5K,SCOWL60_STABLE_2020.12.07+WN3.1
3071,3146,consists,-10.4311,1,0,1,0,,1,0,,consist,,,1,0,D5K,SCOWL60_STABLE_2020.12.07+WN3.1
3072,3147,contemporary,-10.4311,1,0,1,0,N|ADJ,0,0,,,,,0,0,D5K,SCOWL60_STABLE_2020.12.07+WN3.1
3073,3148,defend,-10.4311,1,0,1,0,V,1,1,,,,defends,0,1,D5K,SCOWL60_STABLE_2020.12.07+WN3.1
3074,3149,demands,-10.4311,1,0,1,0,,1,0,,demand,,,1,0,D5K,SCOWL60_STABLE_2020.12.07+WN3.1
3075,3150,directors,-10.4311,1,0,1,0,,1,0,,director,,,1,0,D5K,SCOWL60_STABLE_2020.12.07+WN3.1
3076,3151,discovery,-10.4311,1,1,0,0,N,1,0,,discover,,,1,0,D5K,SCOWL60_STABLE_2020.12.07+WN3.1
3077,3152,dna,-10.4311,0,0,0,0,N,0,0,,,,,0,0,D5K,SCOWL60_STABLE_2020.12.07+WN3.1
3078,3153,drew,-10.4311,1,1,0,0,N,0,0,,,,,0,0,D5K,SCOWL60_STABLE_2020.12.07+WN3.1
3079,3154,dumb,-10.4311,1,1,0,0,ADJ,0,0,,,,,0,0,D5K,SCOWL60_STABLE_2020.12.07+WN3.1
3080,3155,explanation,-10.4311,1,1,0,0,N,1,1,,,,explanations,0,1,D5K,SCOWL60_STABLE_2020.12.07+WN3.1
3081,3156,gross,-10.4311,1,1,0,0,N|V|ADJ,0,0,,,,,0,0,D5K,SCOWL60_STABLE_2020.12.07+WN3.1
3082,3157,hanging,-10.4311,1,1,1,0,N,1,1,,,changing,,0,1,D5K,SCOWL60_STABLE_2020.12.07+WN3.1
3083,3158,hunt,-10.4311,1,1,0,0,N|V,1,1,,,,hunts,0,1,D5K,SCOWL60_STABLE_2020.12.07+WN3.1
3084,3159,ignore,-10.4311,1,1,0,0,V,1,1,,,,ignored;ignores,0,2,D5K,SCOWL60_STABLE_2020.12.07+WN3.1
3085,3160,infrastructure,-10.4311,1,1,0,0,N,0,0,,,,,0,0,D5K,SCOWL60_STABLE_2020.12.07+WN3.1
3086,3161,inner,-10.4311,1,0,1,0,ADJ,1,1,,,dinner;winner;sinner,,0,3,D5K,SCOWL60_STABLE_2020.12.07+WN3.1
3087,3162,islamic,-10.4311,0,0,0,0,ADJ,0,0,,,,,0,0,D5K,SCOWL60_STABLE_2020.12.07+WN3.1
3088,3163,israeli,-10.4311,0,0,0,0,N|ADJ,0,0,,,,,0,0,D5K,SCOWL60_STABLE_2020.12.07+WN3.1
3089,3164,judges,-10.4311,1,0,1,0,N,1,0,,judge,,,1,0,D5K,SCOWL60_STABLE_2020.12.07+WN3.1
3090,3165,kong,-10.4311,0,0,0,0,,0,0,,,,,0,0,D5K,SCOWL60_STABLE_2020.12.07+WN3.1
3091,3166,landing,-10.4311,1,1,1,0,N,1,1,,,,landings,0,1,D5K,SCOWL60_STABLE_2020.12.07+WN3.1
3092,3167,lets,-10.4311,1,0,1,0,,1,0,,let,,,1,0,D5K,SCOWL60_STABLE_2020.12.07+WN3.1
3093,3168,maintenance,-10.4311,1,1,0,0,N,0,0,,,,,0,0,D5K,SCOWL60_STABLE_2020.12.07+WN3.1
3094,3169,meal,-10.4311,1,1,0,0,N,1,1,,,,meals,0,1,D5K,SCOWL60_STABLE_2020.12.07+WN3.1
3095,3170,moscow,-10.4311,0,0,0,0,N,0,0,,,,,0,0,D5K,SCOWL60_STABLE_2020.12.07+WN3.1
3096,3171,networks,-10.4311,1,0,1,0,,1,0,,network,,,1,0,D5K,SCOWL60_STABLE_2020.12.07+WN3.1
3097,3172,organisation,-10.4311,0,0,0,0,N,0,0,,,,,0,0,D5K,SCOWL60_STABLE_2020.12.07+WN3.1
3098,3173,paint,-10.4311,1,1,0,0,N|V,1,1,,pain,,paints,1,1,D5K,SCOWL60_STABLE_2020.12.07+WN3.1
3099,3174,pants,-10.4311,1,0,1,0,N,1,0,ants,,,,1,0,D5K,SCOWL60_STABLE_2020.12.07+WN3.1
3100,3175,parking,-10.4311,1,1,1,0,N,0,0,,,,,0,0,D5K,SCOWL60_STABLE_2020.12.07+WN3.1
3101,3176,rail,-10.4311,1,1,0,0,N|V,1,1,,,trail;grail;frail,rails,0,4,D5K,SCOWL60_STABLE_2020.12.07+WN3.1
3102,3177,reaching,-10.4311,1,0,1,0,N,1,1,,,preaching,,0,1,D5K,SCOWL60_STABLE_2020.12.07+WN3.1
3103,3178,rush,-10.4311,1,1,0,0,N|V|ADJ,1,1,,,brush;crush,,0,2,D5K,SCOWL60_STABLE_2020.12.07+WN3.1
3104,3179,semi,-10.4311,1,1,0,0,N,0,0,,,,,0,0,D5K,SCOWL60_STABLE_2020.12.07+WN3.1
3105,3180,sharp,-10.4311,1,1,0,0,N|ADJ|ADV,1,0,harp,,,,1,0,D5K,SCOWL60_STABLE_2020.12.07+WN3.1
3106,3181,shoulder,-10.4311,1,1,0,0,N|V,1,1,,,,shoulders,0,1,D5K,SCOWL60_STABLE_2020.12.07+WN3.1
3107,3182,silence,-10.4311,1,1,0,0,N|V,1,1,,,,silenced,0,1,D5K,SCOWL60_STABLE_2020.12.07+WN3.1
3108,3183,singer,-10.4311,1,1,1,0,N,1,1,,,,singers,0,1,D5K,SCOWL60_STABLE_2020.12.07+WN3.1
3109,3184,soccer,-10.4311,1,1,0,0,N,0,0,,,,,0,0,D5K,SCOWL60_STABLE_2020.12.07+WN3.1
3110,3185,soldier,-10.4311,1,1,0,0,N|V,1,1,,,,soldiers,0,1,D5K,SCOWL60_STABLE_2020.12.07+WN3.1
3111,3186,spiritual,-10.4311,1,1,0,0,N|ADJ,0,0,,,,,0,0,D5K,SCOWL60_STABLE_2020.12.07+WN3.1
3112,3187,supplies,-10.4311,1,0,1,0,,0,0,,,,,0,0,D5K,SCOWL60_STABLE_2020.12.07+WN3.1
3113,3188,suspect,-10.4311,1,1,0,0,N|V|ADJ,1,1,,,,suspects,0,1,D5K,SCOWL60_STABLE_2020.12.07+WN3.1
3114,3189,tears,-10.4311,1,0,1,0,N,1,0,ears,tear,,,2,0,D5K,SCOWL60_STABLE_2020.12.07+WN3.1
3115,3190,tim,-10.4311,0,0,0,0,,0,0,,,,,0,0,D5K,SCOWL60_STABLE_2020.12.07+WN3.1
3116,3191,trick,-10.4311,1,1,0,0,N|V,1,1,rick,,,tricks;tricky,1,2,D5K,SCOWL60_STABLE_2020.12.07+WN3.1
3117,3192,unusual,-10.4311,1,0,1,0,ADJ,0,0,,,,,0,0,D5K,SCOWL60_STABLE_2020.12.07+WN3.1
3118,3193,whereas,-10.4311,1,1,0,0,,0,0,,,,,0,0,D5K,SCOWL60_STABLE_2020.12.07+WN3.1
3119,3194,wondering,-10.4311,1,1,1,0,ADJ,0,0,,,,,0,0,D5K,SCOWL60_STABLE_2020.12.07+WN3.1
3120,3196,aged,-10.4551,1,0,1,0,N|ADJ,1,1,,age,waged,,1,1,D5K,SCOWL60_STABLE_2020.12.07+WN3.1
3121,3197,alliance,-10.4551,1,1,0,0,N,1,1,,,,alliances,0,1,D5K,SCOWL60_STABLE_2020.12.07+WN3.1
3122,3198,amounts,-10.4551,1,0,1,0,,1,0,mounts,amount,,,2,0,D5K,SCOWL60_STABLE_2020.12.07+WN3.1
3123,3199,angel,-10.4551,1,1,0,0,N,1,1,,,,angels,0,1,D5K,SCOWL60_STABLE_2020.12.07+WN3.1
3124,3200,approval,-10.4551,1,1,0,0,N,1,1,,,,approvals,0,1,D5K,SCOWL60_STABLE_2020.12.07+WN3.1
3125,3201,argue,-10.4551,1,1,0,0,V,1,1,,,,argued;argues,0,2,D5K,SCOWL60_STABLE_2020.12.07+WN3.1
3126,3202,assessment,-10.4551,1,1,1,0,N,1,1,,,,assessments,0,1,D5K,SCOWL60_STABLE_2020.12.07+WN3.1
3127,3203,attempted,-10.4551,1,0,1,0,ADJ,0,0,,,,,0,0,D5K,SCOWL60_STABLE_2020.12.07+WN3.1
3128,3204,barely,-10.4551,1,0,1,0,ADV,0,0,,,,,0,0,D5K,SCOWL60_STABLE_2020.12.07+WN3.1
3129,3205,bedroom,-10.4551,1,1,0,0,N,1,1,,,,bedrooms,0,1,D5K,SCOWL60_STABLE_2020.12.07+WN3.1
3130,3206,bishop,-10.4551,1,1,0,0,N,1,1,,,,bishops,0,1,D5K,SCOWL60_STABLE_2020.12.07+WN3.1
3131,3207,ceremony,-10.4551,1,1,0,0,N,0,0,,,,,0,0,D5K,SCOWL60_STABLE_2020.12.07+WN3.1
3132,3208,chamber,-10.4551,1,1,0,0,N|V,1,1,,,,chambers,0,1,D5K,SCOWL60_STABLE_2020.12.07+WN3.1
3133,3209,charity,-10.4551,1,1,0,0,N,0,0,,,,,0,0,D5K,SCOWL60_STABLE_2020.12.07+WN3.1
3134,3210,christians,-10.4551,0,0,0,0,,0,0,,,,,0,0,D5K,SCOWL60_STABLE_2020.12.07+WN3.1
3135,3211,clothing,-10.4551,1,1,1,0,N,0,0,,,,,0,0,D5K,SCOWL60_STABLE_2020.12.07+WN3.1
3136,3212,cloud,-10.4551,1,1,0,0,N|V,1,1,loud,,,clouds;cloudy,1,2,D5K,SCOWL60_STABLE_2020.12.07+WN3.1
3137,3213,complicated,-10.4551,1,1,1,0,ADJ,1,0,,complicate,,,1,0,D5K,SCOWL60_STABLE_2020.12.07+WN3.1
3138,3214,contrast,-10.4551,1,1,0,0,N|V,1,1,,,,contrasts,0,1,D5K,SCOWL60_STABLE_2020.12.07+WN3.1
3139,3215,covers,-10.4551,1,0,1,0,,1,0,overs,cover,,,2,0,D5K,SCOWL60_STABLE_2020.12.07+WN3.1
3140,3216,egg,-10.4551,1,1,0,0,N|V,1,1,,,,eggs,0,1,D5K,SCOWL60_STABLE_2020.12.07+WN3.1
3141,3217,eric,-10.4551,0,0,0,0,,0,0,,,,,0,0,D5K,SCOWL60_STABLE_2020.12.07+WN3.1
3142,3218,ethnic,-10.4551,1,1,0,0,N|ADJ,0,0,,,,,0,0,D5K,SCOWL60_STABLE_2020.12.07+WN3.1
3143,3219,farmers,-10.4551,1,0,1,0,,1,0,,farmer,,,1,0,D5K,SCOWL60_STABLE_2020.12.07+WN3.1
3144,3220,fundamental,-10.4551,1,1,0,0,N|ADJ,1,1,,,,fundamentals,0,1,D5K,SCOWL60_STABLE_2020.12.07+WN3.1
3145,3221,gap,-10.4551,1,1,0,0,N|V,1,1,,,,gaps,0,1,D5K,SCOWL60_STABLE_2020.12.07+WN3.1
3146,3222,grey,-10.4551,0,0,0,0,N|V|ADJ,0,0,,,,,0,0,D5K,SCOWL60_STABLE_2020.12.07+WN3.1
3147,3223,happiness,-10.4551,1,1,1,0,N,0,0,,,,,0,0,D5K,SCOWL60_STABLE_2020.12.07+WN3.1
3148,3224,honour,-10.4551,0,0,0,0,N|V,0,0,,,,,0,0,D5K,SCOWL60_STABLE_2020.12.07+WN3.1
3149,3225,horrible,-10.4551,1,1,0,0,ADJ,0,0,,,,,0,0,D5K,SCOWL60_STABLE_2020.12.07+WN3.1
3150,3226,household,-10.4551,1,1,0,0,N,1,1,,,,households,0,1,D5K,SCOWL60_STABLE_2020.12.07+WN3.1
3151,3227,informed,-10.4551,1,1,1,0,ADJ,0,0,,,,,0,0,D5K,SCOWL60_STABLE_2020.12.07+WN3.1
3152,3228,label,-10.4551,1,1,0,0,N|V,1,1,,,,labels,0,1,D5K,SCOWL60_STABLE_2020.12.07+WN3.1
3153,3229,lesson,-10.4551,1,1,0,0,N,1,1,,,,lessons,0,1,D5K,SCOWL60_STABLE_2020.12.07+WN3.1
3154,3230,license,-10.4551,1,1,0,0,N|V,1,1,,,,licensed;licenses,0,2,D5K,SCOWL60_STABLE_2020.12.07+WN3.1
3155,3231,lieutenant,-10.4551,1,1,0,0,N,0,0,,,,,0,0,D5K,SCOWL60_STABLE_2020.12.07+WN3.1
3156,3232,maintained,-10.4551,1,1,1,0,ADJ,0,0,,,,,0,0,D5K,SCOWL60_STABLE_2020.12.07+WN3.1
3157,3233,memories,-10.4551,1,0,1,0,,0,0,,,,,0,0,D5K,SCOWL60_STABLE_2020.12.07+WN3.1
3158,3234,minority,-10.4551,1,1,0,0,N,0,0,,,,,0,0,D5K,SCOWL60_STABLE_2020.12.07+WN3.1
3159,3235,naturally,-10.4551,1,0,1,0,ADV,0,0,,,,,0,0,D5K,SCOWL60_STABLE_2020.12.07+WN3.1
3160,3236,nervous,-10.4551,1,1,0,0,ADJ,0,0,,,,,0,0,D5K,SCOWL60_STABLE_2020.12.07+WN3.1
3161,3237,passengers,-10.4551,1,0,1,0,,1,0,,passenger,,,1,0,D5K,SCOWL60_STABLE_2020.12.07+WN3.1
3162,3238,pink,-10.4551,1,1,0,0,N|V|ADJ,1,0,ink,pin,,,2,0,D5K,SCOWL60_STABLE_2020.12.07+WN3.1
3163,3239,pray,-10.4551,1,1,0,0,V,1,1,ray,,spray,,1,1,D5K,SCOWL60_STABLE_2020.12.07+WN3.1
3164,3240,prayer,-10.4551,1,1,1,0,N,1,1,,,,prayers,0,1,D5K,SCOWL60_STABLE_2020.12.07+WN3.1
3165,3241,producing,-10.4551,1,0,1,0,,0,0,,,,,0,0,D5K,SCOWL60_STABLE_2020.12.07+WN3.1
3166,3242,promotion,-10.4551,1,0,1,0,N,1,1,,,,promotions,0,1,D5K,SCOWL60_STABLE_2020.12.07+WN3.1
3167,3243,protein,-10.4551,1,1,0,0,N,1,1,,,,proteins,0,1,D5K,SCOWL60_STABLE_2020.12.07+WN3.1
3168,3244,railway,-10.4551,1,1,0,0,N,1,1,,,,railways,0,1,D5K,SCOWL60_STABLE_2020.12.07+WN3.1
3169,3245,reduction,-10.4551,1,1,0,0,N,1,1,,,,reductions,0,1,D5K,SCOWL60_STABLE_2020.12.07+WN3.1
3170,3246,regardless,-10.4551,1,1,0,0,ADJ|ADV,0,0,,,,,0,0,D5K,SCOWL60_STABLE_2020.12.07+WN3.1
3171,3247,regime,-10.4551,1,1,0,0,N,1,1,,,,regimes;regimen,0,2,D5K,SCOWL60_STABLE_2020.12.07+WN3.1
3172,3248,rescue,-10.4551,1,1,0,0,N|V,1,1,,,,rescued,0,1,D5K,SCOWL60_STABLE_2020.12.07+WN3.1
3173,3249,sections,-10.4551,1,0,1,0,,1,0,,section,,,1,0,D5K,SCOWL60_STABLE_2020.12.07+WN3.1
3174,3250,sensitive,-10.4551,1,1,0,0,N|ADJ,0,0,,,,,0,0,D5K,SCOWL60_STABLE_2020.12.07+WN3.1
3175,3251,server,-10.4551,1,1,0,0,N,1,1,,serve,,servers,1,1,D5K,SCOWL60_STABLE_2020.12.07+WN3.1
3176,3252,settled,-10.4551,1,0,1,0,ADJ,1,0,,settle,,,1,0,D5K,SCOWL60_STABLE_2020.12.07+WN3.1
3177,3253,shadow,-10.4551,1,1,0,0,N|V,1,1,,,,shadows,0,1,D5K,SCOWL60_STABLE_2020.12.07+WN3.1
3178,3254,sisters,-10.4551,1,0,1,0,,1,0,,sister,,,1,0,D5K,SCOWL60_STABLE_2020.12.07+WN3.1
3179,3255,stages,-10.4551,1,0,1,0,,1,0,,stage,,,1,0,D5K,SCOWL60_STABLE_2020.12.07+WN3.1
3180,3256,struck,-10.4551,1,1,0,0,ADJ,1,0,truck,,,,1,0,D5K,SCOWL60_STABLE_2020.12.07+WN3.1
3181,3257,suffer,-10.4551,1,1,0,0,V,1,1,,,,suffers,0,1,D5K,SCOWL60_STABLE_2020.12.07+WN3.1
3182,3258,superior,-10.4551,1,1,0,0,N|ADJ,1,1,,,,superiors,0,1,D5K,SCOWL60_STABLE_2020.12.07+WN3.1
3183,3259,therapy,-10.4551,1,1,0,0,N,0,0,,,,,0,0,D5K,SCOWL60_STABLE_2020.12.07+WN3.1
3184,3260,acquired,-10.4762,1,0,1,0,ADJ,1,0,,acquire,,,1,0,D5K,SCOWL60_STABLE_2020.12.07+WN3.1
3185,3261,appointment,-10.4762,1,1,1,0,N,1,1,,,,appointments,0,1,D5K,SCOWL60_STABLE_2020.12.07+WN3.1
3186,3262,argued,-10.4762,1,0,1,0,,1,0,,argue,,,1,0,D5K,SCOWL60_STABLE_2020.12.07+WN3.1
3187,3263,assumed,-10.4762,1,0,1,0,ADJ,1,0,,assume,,,1,0,D5K,SCOWL60_STABLE_2020.12.07+WN3.1
3188,3264,awareness,-10.4762,1,1,1,0,N,0,0,,,,,0,0,D5K,SCOWL60_STABLE_2020.12.07+WN3.1
3189,3265,awful,-10.4762,1,1,0,0,ADJ|ADV,1,1,,,lawful,,0,1,D5K,SCOWL60_STABLE_2020.12.07+WN3.1
3190,3266,believes,-10.4762,1,0,1,0,,1,0,,believe,,,1,0,D5K,SCOWL60_STABLE_2020.12.07+WN3.1
3191,3267,berlin,-10.4762,0,0,0,0,N,0,0,,,,,0,0,D5K,SCOWL60_STABLE_2020.12.07+WN3.1
3192,3268,bound,-10.4762,1,1,0,0,N|V|ADJ,1,1,,,,bounds,0,1,D5K,SCOWL60_STABLE_2020.12.07+WN3.1
3193,3269,celebrate,-10.4762,1,1,0,0,V,1,1,,,,celebrated;celebrates,0,2,D5K,SCOWL60_STABLE_2020.12.07+WN3.1
3194,3270,challenges,-10.4762,1,0,1,0,,1,0,,challenge,,,1,0,D5K,SCOWL60_STABLE_2020.12.07+WN3.1
3195,3272,circuit,-10.4762,1,1,0,0,N|V,1,1,,,,circuits,0,1,D5K,SCOWL60_STABLE_2020.12.07+WN3.1
3196,3273,comedy,-10.4762,1,1,0,0,N,0,0,,,,,0,0,D5K,SCOWL60_STABLE_2020.12.07+WN3.1
3197,3274,commissioner,-10.4762,1,1,0,0,N,1,1,,,,commissioners,0,1,D5K,SCOWL60_STABLE_2020.12.07+WN3.1
3198,3275,components,-10.4762,1,0,1,0,,1,0,,component,,,1,0,D5K,SCOWL60_STABLE_2020.12.07+WN3.1
3199,3276,consideration,-10.4762,1,1,1,0,N,1,1,,,,considerations,0,1,D5K,SCOWL60_STABLE_2020.12.07+WN3.1
3200,3277,convinced,-10.4762,1,1,1,0,ADJ,1,0,,convince,,,1,0,D5K,SCOWL60_STABLE_2020.12.07+WN3.1
3201,3278,cooking,-10.4762,1,1,1,0,N,0,0,,,,,0,0,D5K,SCOWL60_STABLE_2020.12.07+WN3.1
3202,3279,cousin,-10.4762,1,1,0,0,N,1,1,,,,cousins,0,1,D5K,SCOWL60_STABLE_2020.12.07+WN3.1
3203,3280,currency,-10.4762,1,1,0,0,N,0,0,,,,,0,0,D5K,SCOWL60_STABLE_2020.12.07+WN3.1
3204,3281,deeply,-10.4762,1,0,1,0,ADV,0,0,,,,,0,0,D5K,SCOWL60_STABLE_2020.12.07+WN3.1
3205,3282,dutch,-10.4762,1,1,0,0,N|ADJ,0,0,,,,,0,0,D5K,SCOWL60_STABLE_2020.12.07+WN3.1
3206,3283,duties,-10.4762,1,0,1,0,,0,0,,,,,0,0,D5K,SCOWL60_STABLE_2020.12.07+WN3.1
3207,3284,electricity,-10.4762,1,1,0,0,N,0,0,,,,,0,0,D5K,SCOWL60_STABLE_2020.12.07+WN3.1
3208,3285,employee,-10.4762,1,1,0,0,N,1,1,,,,employees,0,1,D5K,SCOWL60_STABLE_2020.12.07+WN3.1
3209,3286,enemies,-10.4762,1,0,1,0,,0,0,,,,,0,0,D5K,SCOWL60_STABLE_2020.12.07+WN3.1
3210,3287,exhibition,-10.4762,1,1,0,0,N,1,1,,,,exhibitions,0,1,D5K,SCOWL60_STABLE_2020.12.07+WN3.1
3211,3288,expectations,-10.4762,1,0,1,0,,1,0,,expectation,,,1,0,D5K,SCOWL60_STABLE_2020.12.07+WN3.1
3212,3289,findings,-10.4762,1,1,1,0,N,1,0,,finding,,,1,0,D5K,SCOWL60_STABLE_2020.12.07+WN3.1
3213,3290,fishing,-10.4762,1,1,1,0,N,0,0,,,,,0,0,D5K,SCOWL60_STABLE_2020.12.07+WN3.1
3214,3291,francisco,-10.4762,0,0,0,0,,0,0,,,,,0,0,D5K,SCOWL60_STABLE_2020.12.07+WN3.1
3215,3292,gang,-10.4762,1,1,0,0,N|V,1,1,,,,gangs,0,1,D5K,SCOWL60_STABLE_2020.12.07+WN3.1
3216,3293,grab,-10.4762,1,1,0,0,N|V,1,1,,,,grabs,0,1,D5K,SCOWL60_STABLE_2020.12.07+WN3.1
3217,3294,horses,-10.4762,1,0,1,0,,1,0,,horse,,,1,0,D5K,SCOWL60_STABLE_2020.12.07+WN3.1
3218,3295,industries,-10.4762,1,0,1,0,,0,0,,,,,0,0,D5K,SCOWL60_STABLE_2020.12.07+WN3.1
3219,3296,islam,-10.4762,0,0,0,0,N,0,0,,,,,0,0,D5K,SCOWL60_STABLE_2020.12.07+WN3.1
3220,3297,korean,-10.4762,0,0,0,0,N|ADJ,0,0,,,,,0,0,D5K,SCOWL60_STABLE_2020.12.07+WN3.1
3221,3298,lock,-10.4762,1,1,0,0,N|V,1,1,,,block;clock;flock,locks,0,4,D5K,SCOWL60_STABLE_2020.12.07+WN3.1
3222,3299,machines,-10.4762,1,0,1,0,,1,0,,machine,,,1,0,D5K,SCOWL60_STABLE_2020.12.07+WN3.1
3223,3300,marry,-10.4762,1,1,0,0,V,0,0,,,,,0,0,D5K,SCOWL60_STABLE_2020.12.07+WN3.1
3224,3301,mirror,-10.4762,1,1,0,0,N|V,1,1,,,,mirrors,0,1,D5K,SCOWL60_STABLE_2020.12.07+WN3.1
3225,3302,muscle,-10.4762,1,1,0,0,N|V,1,1,,,,muscles,0,1,D5K,SCOWL60_STABLE_2020.12.07+WN3.1
3226,3303,mystery,-10.4762,1,1,0,0,N,0,0,,,,,0,0,D5K,SCOWL60_STABLE_2020.12.07+WN3.1
3227,3304,objective,-10.4762,1,1,1,0,N|ADJ,1,1,,,,objectives,0,1,D5K,SCOWL60_STABLE_2020.12.07+WN3.1
3228,3305,occasion,-10.4762,1,1,0,0,N|V,1,1,,,,occasions,0,1,D5K,SCOWL60_STABLE_2020.12.07+WN3.1
3229,3306,op,-10.4762,1,1,0,0,,1,1,,,top;pop;hop;cop;mop;bop,opt;ops,0,8,D5K,SCOWL60_STABLE_2020.12.07+WN3.1
3230,3307,package,-10.4762,1,1,0,0,N|V,1,1,,,,packages;packaged,0,2,D5K,SCOWL60_STABLE_2020.12.07+WN3.1
3231,3308,passion,-10.4762,1,1,1,0,N,1,1,,,,passions,0,1,D5K,SCOWL60_STABLE_2020.12.07+WN3.1
3232,3309,pleased,-10.4762,1,0,1,0,ADJ,1,0,leased,please,,,2,0,D5K,SCOWL60_STABLE_2020.12.07+WN3.1
3233,3310,pride,-10.4762,1,1,0,0,N|V,1,0,ride,,,,1,0,D5K,SCOWL60_STABLE_2020.12.07+WN3.1
3234,3311,prisoners,-10.4762,1,0,1,0,,1,0,,prisoner,,,1,0,D5K,SCOWL60_STABLE_2020.12.07+WN3.1
3235,3312,recommended,-10.4762,1,0,1,0,,0,0,,,,,0,0,D5K,SCOWL60_STABLE_2020.12.07+WN3.1
3236,3313,references,-10.4762,1,0,1,0,,1,1,,reference,preferences,,1,1,D5K,SCOWL60_STABLE_2020.12.07+WN3.1
3237,3314,registered,-10.4762,1,1,1,0,ADJ,0,0,,,,,0,0,D5K,SCOWL60_STABLE_2020.12.07+WN3.1
3238,3315,reputation,-10.4762,1,1,0,0,N,0,0,,,,,0,0,D5K,SCOWL60_STABLE_2020.12.07+WN3.1
3239,3316,resulted,-10.4762,1,0,1,0,,0,0,,,,,0,0,D5K,SCOWL60_STABLE_2020.12.07+WN3.1
3240,3317,rid,-10.4762,1,1,0,0,V,1,1,id,,grid;arid,ride,1,3,D5K,SCOWL60_STABLE_2020.12.07+WN3.1
3241,3318,risks,-10.4762,1,0,1,0,,1,0,,risk,,,1,0,D5K,SCOWL60_STABLE_2020.12.07+WN3.1
3242,3319,rolling,-10.4762,1,0,1,0,N|ADJ,0,0,,,,,0,0,D5K,SCOWL60_STABLE_2020.12.07+WN3.1
3243,3320,successfully,-10.4762,1,0,1,0,ADV,0,0,,,,,0,0,D5K,SCOWL60_STABLE_2020.12.07+WN3.1
3244,3321,technique,-10.4762,1,1,0,0,N,1,1,,,,techniques,0,1,D5K,SCOWL60_STABLE_2020.12.07+WN3.1
3245,3322,telephone,-10.4762,1,1,0,0,N|V,1,1,,,,telephones,0,1,D5K,SCOWL60_STABLE_2020.12.07+WN3.1
3246,3323,tested,-10.4762,1,1,1,0,ADJ,0,0,,,,,0,0,D5K,SCOWL60_STABLE_2020.12.07+WN3.1
3247,3324,tied,-10.4762,1,0,1,0,ADJ,1,0,,tie,,,1,0,D5K,SCOWL60_STABLE_2020.12.07+WN3.1
3248,3325,topic,-10.4762,1,1,0,0,N,1,1,,,,topics,0,1,D5K,SCOWL60_STABLE_2020.12.07+WN3.1
3249,3326,transition,-10.4762,1,1,0,0,N|V,1,1,,,,transitions,0,1,D5K,SCOWL60_STABLE_2020.12.07+WN3.1
3250,3327,translation,-10.4762,1,1,1,0,N,1,1,,,,translations,0,1,D5K,SCOWL60_STABLE_2020.12.07+WN3.1
3251,3328,welfare,-10.4762,1,1,0,0,N,0,0,,,,,0,0,D5K,SCOWL60_STABLE_2020.12.07+WN3.1
3252,3329,yards,-10.4762,1,0,1,0,,1,0,,yard,,,1,0,D5K,SCOWL60_STABLE_2020.12.07+WN3.1
3253,3330,yo,-10.4762,1,1,0,0,,1,1,,,,you,0,1,D5K,SCOWL60_STABLE_2020.12.07+WN3.1
3254,3331,z,-10.4762,0,1,0,0,N,0,0,,,,,0,0,D5K,SCOWL60_STABLE_2020.12.07+WN3.1
3255,3332,abroad,-10.5013,1,1,0,0,ADJ|ADV,1,0,broad,,,,1,0,D5K,SCOWL60_STABLE_2020.12.07+WN3.1
3256,3333,achievement,-10.5013,1,1,1,0,N,1,1,,,,achievements,0,1,D5K,SCOWL60_STABLE_2020.12.07+WN3.1
3257,3334,admitted,-10.5013,1,1,0,0,,0,0,,,,,0,0,D5K,SCOWL60_STABLE_2020.12.07+WN3.1
3258,3335,anger,-10.5013,1,1,0,0,N|V,1,1,,,danger;ranger,,0,2,D5K,SCOWL60_STABLE_2020.12.07+WN3.1
3259,3336,asks,-10.5013,1,0,1,0,,1,1,,ask,tasks;masks,,1,2,D5K,SCOWL60_STABLE_2020.12.07+WN3.1
3260,3337,cabinet,-10.5013,1,1,0,0,N,1,1,,,,cabinets,0,1,D5K,SCOWL60_STABLE_2020.12.07+WN3.1
3261,3338,carefully,-10.5013,1,0,1,0,ADV,0,0,,,,,0,0,D5K,SCOWL60_STABLE_2020.12.07+WN3.1
3262,3339,chart,-10.5013,1,1,0,0,N|V,1,1,hart,char,,charts,2,1,D5K,SCOWL60_STABLE_2020.12.07+WN3.1
3263,3340,choices,-10.5013,1,0,1,0,,1,0,,choice,,,1,0,D5K,SCOWL60_STABLE_2020.12.07+WN3.1
3264,3341,closing,-10.5013,1,1,1,0,N|ADJ,1,0,losing,,,,1,0,D5K,SCOWL60_STABLE_2020.12.07+WN3.1
3265,3342,colonel,-10.5013,1,1,0,0,N,0,0,,,,,0,0,D5K,SCOWL60_STABLE_2020.12.07+WN3.1
3266,3343,colors,-10.5013,1,0,1,0,N,1,0,,color,,,1,0,D5K,SCOWL60_STABLE_2020.12.07+WN3.1
3267,3344,concrete,-10.5013,1,1,0,0,N|V|ADJ,0,0,,,,,0,0,D5K,SCOWL60_STABLE_2020.12.07+WN3.1
3268,3345,confirm,-10.5013,1,1,0,0,V,1,1,,,,confirms,0,1,D5K,SCOWL60_STABLE_2020.12.07+WN3.1
3269,3346,decline,-10.5013,1,1,0,0,N|V,1,1,,,,declined;declines,0,2,D5K,SCOWL60_STABLE_2020.12.07+WN3.1
3270,3347,describes,-10.5013,1,0,1,0,,1,0,,describe,,,1,0,D5K,SCOWL60_STABLE_2020.12.07+WN3.1
3271,3348,encourage,-10.5013,1,1,0,0,V,1,1,,,,encouraged;encourages,0,2,D5K,SCOWL60_STABLE_2020.12.07+WN3.1
3272,3349,essentially,-10.5013,1,1,0,0,ADV,0,0,,,,,0,0,D5K,SCOWL60_STABLE_2020.12.07+WN3.1
3273,3350,exception,-10.5013,1,1,0,0,N,1,1,,,,exceptions,0,1,D5K,SCOWL60_STABLE_2020.12.07+WN3.1
3274,3351,fantasy,-10.5013,1,1,0,0,N|V,0,0,,,,,0,0,D5K,SCOWL60_STABLE_2020.12.07+WN3.1
3275,3352,fed,-10.5013,1,1,0,0,N,1,1,ed,,,feds,1,1,D5K,SCOWL60_STABLE_2020.12.07+WN3.1
3276,3353,ford,-10.5013,1,1,0,0,N|V,1,0,,for,,,1,0,D5K,SCOWL60_STABLE_2020.12.07+WN3.1
3277,3354,fort,-10.5013,1,1,0,0,N|V,1,1,,for,,forth;forty;forts;forte,1,4,D5K,SCOWL60_STABLE_2020.12.07+WN3.1
3278,3355,forth,-10.5013,1,0,1,0,N|ADV,1,0,,fort,,,1,0,D5K,SCOWL60_STABLE_2020.12.07+WN3.1
3279,3356,gods,-10.5013,1,0,1,0,,1,0,,god,,,1,0,D5K,SCOWL60_STABLE_2020.12.07+WN3.1
3280,3358,illness,-10.5013,1,1,1,0,N,0,0,,,,,0,0,D5K,SCOWL60_STABLE_2020.12.07+WN3.1
3281,3359,input,-10.5013,1,0,1,0,N|V,1,1,,,,inputs,0,1,D5K,SCOWL60_STABLE_2020.12.07+WN3.1
3282,3360,jan,-10.5013,0,0,0,0,N,0,0,,,,,0,0,D5K,SCOWL60_STABLE_2020.12.07+WN3.1
3283,3361,keys,-10.5013,1,0,1,0,,1,0,,key,,,1,0,D5K,SCOWL60_STABLE_2020.12.07+WN3.1
3284,3362,lewis,-10.5013,0,0,0,0,N,0,0,,,,,0,0,D5K,SCOWL60_STABLE_2020.12.07+WN3.1
3285,3363,locations,-10.5013,1,0,1,0,,1,0,,location,,,1,0,D5K,SCOWL60_STABLE_2020.12.07+WN3.1
3286,3364,loose,-10.5013,1,1,0,0,V|ADJ|ADV,1,1,,,,loosen,0,1,D5K,SCOWL60_STABLE_2020.12.07+WN3.1
3287,3365,mac,-10.5013,1,1,0,0,N,1,1,ac,ma,,mace,2,1,D5K,SCOWL60_STABLE_2020.12.07+WN3.1
3288,3366,membership,-10.5013,1,1,0,0,N,0,0,,,,,0,0,D5K,SCOWL60_STABLE_2020.12.07+WN3.1
3289,3367,miami,-10.5013,0,0,0,0,N,0,0,,,,,0,0,D5K,SCOWL60_STABLE_2020.12.07+WN3.1
3290,3368,nfl,-10.5013,0,0,0,0,,0,0,,,,,0,0,D5K,SCOWL60_STABLE_2020.12.07+WN3.1
3291,3369,nights,-10.5013,1,0,1,0,,1,1,,night,knights,,1,1,D5K,SCOWL60_STABLE_2020.12.07+WN3.1
3292,3370,offensive,-10.5013,1,1,0,0,N|ADJ,0,0,,,,,0,0,D5K,SCOWL60_STABLE_2020.12.07+WN3.1
3293,3371,olympic,-10.5013,0,0,0,0,ADJ,0,0,,,,,0,0,D5K,SCOWL60_STABLE_2020.12.07+WN3.1
3294,3372,ontario,-10.5013,0,0,0,0,N,0,0,,,,,0,0,D5K,SCOWL60_STABLE_2020.12.07+WN3.1
3295,3373,output,-10.5013,1,1,0,0,N|V,1,1,,,,outputs,0,1,D5K,SCOWL60_STABLE_2020.12.07+WN3.1
3296,3374,outstanding,-10.5013,1,1,0,0,ADJ,0,0,,,,,0,0,D5K,SCOWL60_STABLE_2020.12.07+WN3.1
3297,3375,partnership,-10.5013,1,1,0,0,N,1,1,,,,partnerships,0,1,D5K,SCOWL60_STABLE_2020.12.07+WN3.1
3298,3376,payments,-10.5013,1,0,1,0,,1,0,,payment,,,1,0,D5K,SCOWL60_STABLE_2020.12.07+WN3.1
3299,3377,presidential,-10.5013,1,1,0,0,ADJ,1,0,residential,,,,1,0,D5K,SCOWL60_STABLE_2020.12.07+WN3.1
3300,3378,priest,-10.5013,1,1,1,0,N,1,1,,,,priests,0,1,D5K,SCOWL60_STABLE_2020.12.07+WN3.1
3301,3379,quote,-10.5013,1,1,0,0,N|V,1,1,,,,quoted;quotes,0,2,D5K,SCOWL60_STABLE_2020.12.07+WN3.1
3302,3380,rarely,-10.5013,1,0,1,0,ADV,0,0,,,,,0,0,D5K,SCOWL60_STABLE_2020.12.07+WN3.1
3303,3381,remote,-10.5013,1,1,0,0,N|ADJ,0,0,,,,,0,0,D5K,SCOWL60_STABLE_2020.12.07+WN3.1
3304,3382,respectively,-10.5013,1,0,1,0,ADV,0,0,,,,,0,0,D5K,SCOWL60_STABLE_2020.12.07+WN3.1
3305,3383,shock,-10.5013,1,1,0,0,N|V,1,1,,,,shocks,0,1,D5K,SCOWL60_STABLE_2020.12.07+WN3.1
3306,3384,shower,-10.5013,1,1,1,0,N|V,1,1,,,,showers,0,1,D5K,SCOWL60_STABLE_2020.12.07+WN3.1
3307,3385,speaker,-10.5013,1,1,1,0,N,1,1,,,,speakers,0,1,D5K,SCOWL60_STABLE_2020.12.07+WN3.1
3308,3386,studying,-10.5013,1,0,1,0,N,0,0,,,,,0,0,D5K,SCOWL60_STABLE_2020.12.07+WN3.1
3309,3387,sucks,-10.5013,1,0,1,0,,1,0,,suck,,,1,0,D5K,SCOWL60_STABLE_2020.12.07+WN3.1
3310,3388,swimming,-10.5013,1,1,0,0,N|ADJ,0,0,,,,,0,0,D5K,SCOWL60_STABLE_2020.12.07+WN3.1
3311,3389,tag,-10.5013,1,1,0,0,N|V,1,1,,ta,,tags,1,1,D5K,SCOWL60_STABLE_2020.12.07+WN3.1
3312,3390,victoria,-10.5013,0,0,0,0,N,0,0,,,,,0,0,D5K,SCOWL60_STABLE_2020.12.07+WN3.1
3313,3391,visible,-10.5013,1,1,0,0,ADJ,0,0,,,,,0,0,D5K,SCOWL60_STABLE_2020.12.07+WN3.1
3314,3392,woods,-10.5013,1,1,1,0,N,1,0,,wood,,,1,0,D5K,SCOWL60_STABLE_2020.12.07+WN3.1
3315,3393,zealand,-10.5013,0,0,0,0,N,0,0,,,,,0,0,D5K,SCOWL60_STABLE_2020.12.07+WN3.1
3316,3394,acid,-10.5234,1,1,0,0,N|ADJ,1,1,,,,acids,0,1,D5K,SCOWL60_STABLE_2020.12.07+WN3.1
3317,3395,arrival,-10.5234,1,1,0,0,N,1,1,,,,arrivals,0,1,D5K,SCOWL60_STABLE_2020.12.07+WN3.1
3318,3396,assigned,-10.5234,1,1,1,0,ADJ,0,0,,,,,0,0,D5K,SCOWL60_STABLE_2020.12.07+WN3.1
3319,3397,auto,-10.5234,1,1,0,0,N,0,0,,,,,0,0,D5K,SCOWL60_STABLE_2020.12.07+WN3.1
3320,3398,ban,-10.5234,1,1,0,0,N|V,1,1,an,,,bank;band;bang;bans,1,4,D5K,SCOWL60_STABLE_2020.12.07+WN3.1
3321,3399,bars,-10.5234,1,0,1,0,N,1,0,,bar,,,1,0,D5K,SCOWL60_STABLE_2020.12.07+WN3.1
3322,3400,cake,-10.5234,1,1,0,0,N|V,1,1,,,,cakes,0,1,D5K,SCOWL60_STABLE_2020.12.07+WN3.1
3323,3401,campus,-10.5234,1,1,0,0,N,0,0,,,,,0,0,D5K,SCOWL60_STABLE_2020.12.07+WN3.1
3324,3402,cd,-10.5234,0,0,0,0,N|ADJ,0,0,,,,,0,0,D5K,SCOWL60_STABLE_2020.12.07+WN3.1
3325,3403,centuries,-10.5234,1,0,1,0,,0,0,,,,,0,0,D5K,SCOWL60_STABLE_2020.12.07+WN3.1
3326,3404,commitment,-10.5234,1,1,0,0,N,1,1,,,,commitments,0,1,D5K,SCOWL60_STABLE_2020.12.07+WN3.1
3327,3405,compare,-10.5234,1,1,0,0,N|V,1,1,,,,compared;compares,0,2,D5K,SCOWL60_STABLE_2020.12.07+WN3.1
3328,3406,concluded,-10.5234,1,0,1,0,ADJ,1,0,,conclude,,,1,0,D5K,SCOWL60_STABLE_2020.12.07+WN3.1
3329,3407,courses,-10.5234,1,0,1,0,,1,0,,course,,,1,0,D5K,SCOWL60_STABLE_2020.12.07+WN3.1
3330,3408,custom,-10.5234,1,1,0,0,N|ADJ,1,1,,,,customs,0,1,D5K,SCOWL60_STABLE_2020.12.07+WN3.1
3331,3409,dc,-10.5234,1,1,0,0,N,0,0,,,,,0,0,D5K,SCOWL60_STABLE_2020.12.07+WN3.1
3332,3410,destruction,-10.5234,1,1,0,0,N,0,0,,,,,0,0,D5K,SCOWL60_STABLE_2020.12.07+WN3.1
3333,3411,dressed,-10.5234,1,0,1,0,ADJ,0,0,,,,,0,0,D5K,SCOWL60_STABLE_2020.12.07+WN3.1
3334,3412,efficient,-10.5234,1,1,0,0,ADJ,0,0,,,,,0,0,D5K,SCOWL60_STABLE_2020.12.07+WN3.1
3335,3413,elizabeth,-10.5234,0,0,0,0,N,0,0,,,,,0,0,D5K,SCOWL60_STABLE_2020.12.07+WN3.1
3336,3414,enforcement,-10.5234,1,1,1,0,N,0,0,,,,,0,0,D5K,SCOWL60_STABLE_2020.12.07+WN3.1
3337,3415,entering,-10.5234,1,0,1,0,N,0,0,,,,,0,0,D5K,SCOWL60_STABLE_2020.12.07+WN3.1
3338,3416,entrance,-10.5234,1,1,0,0,N|V,1,1,,,,entrances,0,1,D5K,SCOWL60_STABLE_2020.12.07+WN3.1
3339,3417,examination,-10.5234,1,1,0,0,N,1,1,,,,examinations,0,1,D5K,SCOWL60_STABLE_2020.12.07+WN3.1
3340,3418,explains,-10.5234,1,0,1,0,,1,0,,explain,,,1,0,D5K,SCOWL60_STABLE_2020.12.07+WN3.1
3341,3419,exposure,-10.5234,1,1,0,0,N,1,1,,,,exposures,0,1,D5K,SCOWL60_STABLE_2020.12.07+WN3.1
3342,3420,fee,-10.5234,1,1,0,0,N|V,1,1,,,,feel;feet;feed;fees,0,4,D5K,SCOWL60_STABLE_2020.12.07+WN3.1
3343,3421,females,-10.5234,1,0,1,0,,1,0,,female,,,1,0,D5K,SCOWL60_STABLE_2020.12.07+WN3.1
3344,3422,foods,-10.5234,1,0,1,0,,1,0,,food,,,1,0,D5K,SCOWL60_STABLE_2020.12.07+WN3.1
3345,3423,frequency,-10.5234,1,1,0,0,N,0,0,,,,,0,0,D5K,SCOWL60_STABLE_2020.12.07+WN3.1
3346,3424,gear,-10.5234,1,1,0,0,N|V,1,1,ear,,,gears,1,1,D5K,SCOWL60_STABLE_2020.12.07+WN3.1
3347,3425,guests,-10.5234,1,0,1,0,,1,0,,guest,,,1,0,D5K,SCOWL60_STABLE_2020.12.07+WN3.1
3348,3426,handed,-10.5234,1,1,1,0,ADJ,0,0,,,,,0,0,D5K,SCOWL60_STABLE_2020.12.07+WN3.1
3349,3428,hollywood,-10.5234,0,0,0,0,N|ADJ,0,0,,,,,0,0,D5K,SCOWL60_STABLE_2020.12.07+WN3.1
3350,3429,hunting,-10.5234,1,1,1,0,N,0,0,,,,,0,0,D5K,SCOWL60_STABLE_2020.12.07+WN3.1
3351,3430,injured,-10.5234,1,1,1,0,ADJ,1,0,,injure,,,1,0,D5K,SCOWL60_STABLE_2020.12.07+WN3.1
3352,3431,intense,-10.5234,1,1,0,0,ADJ,0,0,,,,,0,0,D5K,SCOWL60_STABLE_2020.12.07+WN3.1
3353,3432,lawyers,-10.5234,1,0,1,0,,1,0,,lawyer,,,1,0,D5K,SCOWL60_STABLE_2020.12.07+WN3.1
3354,3433,legend,-10.5234,1,1,0,0,N,1,1,,,,legends,0,1,D5K,SCOWL60_STABLE_2020.12.07+WN3.1
3355,3434,microsoft,-10.5234,0,0,0,0,,0,0,,,,,0,0,D5K,SCOWL60_STABLE_2020.12.07+WN3.1
3356,3435,miller,-10.5234,1,1,1,0,N,0,0,,,,,0,0,D5K,SCOWL60_STABLE_2020.12.07+WN3.1
3357,3436,monitor,-10.5234,1,1,0,0,N|V,1,1,,,,monitors,0,1,D5K,SCOWL60_STABLE_2020.12.07+WN3.1
3358,3437,monster,-10.5234,1,1,0,0,N,1,1,,,,monsters,0,1,D5K,SCOWL60_STABLE_2020.12.07+WN3.1
3359,3438,mood,-10.5234,1,1,0,0,N,1,1,,,,moody;moods,0,2,D5K,SCOWL60_STABLE_2020.12.07+WN3.1
3360,3439,movements,-10.5234,1,0,1,0,,1,0,,movement,,,1,0,D5K,SCOWL60_STABLE_2020.12.07+WN3.1
3361,3440,opens,-10.5234,1,0,1,0,,1,0,pens,open,,,2,0,D5K,SCOWL60_STABLE_2020.12.07+WN3.1
3362,3441,ordinary,-10.5234,1,1,0,0,N|ADJ,0,0,,,,,0,0,D5K,SCOWL60_STABLE_2020.12.07+WN3.1
3363,3442,passes,-10.5234,1,0,1,0,,1,0,asses,,,,1,0,D5K,SCOWL60_STABLE_2020.12.07+WN3.1
3364,3443,penalty,-10.5234,1,1,0,0,N,0,0,,,,,0,0,D5K,SCOWL60_STABLE_2020.12.07+WN3.1
3365,3444,periods,-10.5234,1,0,1,0,,1,0,,period,,,1,0,D5K,SCOWL60_STABLE_2020.12.07+WN3.1
3366,3445,pocket,-10.5234,1,1,0,0,N|V,1,1,,,,pockets,0,1,D5K,SCOWL60_STABLE_2020.12.07+WN3.1
3367,3446,presents,-10.5234,1,0,1,0,,1,0,,present,,,1,0,D5K,SCOWL60_STABLE_2020.12.07+WN3.1
3368,3447,processing,-10.5234,1,0,1,0,N,0,0,,,,,0,0,D5K,SCOWL60_STABLE_2020.12.07+WN3.1
3369,3448,raising,-10.5234,1,0,1,0,N|ADJ,1,1,,,praising,,0,1,D5K,SCOWL60_STABLE_2020.12.07+WN3.1
3370,3449,retail,-10.5234,1,0,1,0,N|V|ADV,0,0,,,,,0,0,D5K,SCOWL60_STABLE_2020.12.07+WN3.1
3371,3450,retirement,-10.5234,1,1,0,0,N,0,0,,,,,0,0,D5K,SCOWL60_STABLE_2020.12.07+WN3.1
3372,3451,ridiculous,-10.5234,1,1,0,0,ADJ,0,0,,,,,0,0,D5K,SCOWL60_STABLE_2020.12.07+WN3.1
3373,3452,sarah,-10.5234,0,0,0,0,N,0,0,,,,,0,0,D5K,SCOWL60_STABLE_2020.12.07+WN3.1
3374,3453,scores,-10.5234,1,0,1,0,N,1,0,cores,score,,,2,0,D5K,SCOWL60_STABLE_2020.12.07+WN3.1
3375,3454,seasons,-10.5234,1,0,1,0,,1,0,,season,,,1,0,D5K,SCOWL60_STABLE_2020.12.07+WN3.1
3376,3455,senator,-10.5234,1,1,0,0,N,1,1,,,,senators,0,1,D5K,SCOWL60_STABLE_2020.12.07+WN3.1
3377,3456,silent,-10.5234,1,1,0,0,ADJ,0,0,,,,,0,0,D5K,SCOWL60_STABLE_2020.12.07+WN3.1
3378,3457,steal,-10.5234,1,1,0,0,N|V,1,1,,,,steals,0,1,D5K,SCOWL60_STABLE_2020.12.07+WN3.1
3379,3458,strategic,-10.5234,1,1,0,0,ADJ,0,0,,,,,0,0,D5K,SCOWL60_STABLE_2020.12.07+WN3.1
3380,3459,thin,-10.5234,1,1,0,0,V|ADJ|ADV,1,1,,,,think;thing;thine,0,3,D5K,SCOWL60_STABLE_2020.12.07+WN3.1
3381,3460,threatened,-10.5234,1,0,1,0,ADJ,0,0,,,,,0,0,D5K,SCOWL60_STABLE_2020.12.07+WN3.1
3382,3461,tone,-10.5234,1,1,0,0,N|V,1,1,one,ton,stone,tones;toned,2,3,D5K,SCOWL60_STABLE_2020.12.07+WN3.1
3383,3462,tongue,-10.5234,1,1,0,0,N|V,1,1,,,,tongues,0,1,D5K,SCOWL60_STABLE_2020.12.07+WN3.1
3384,3463,towns,-10.5234,1,0,1,0,,1,0,owns,town,,,2,0,D5K,SCOWL60_STABLE_2020.12.07+WN3.1
3385,3464,virus,-10.5234,1,1,0,0,N,0,0,,,,,0,0,D5K,SCOWL60_STABLE_2020.12.07+WN3.1
3386,3465,abandoned,-10.5459,1,0,1,0,ADJ,0,0,,,,,0,0,D5K,SCOWL60_STABLE_2020.12.07+WN3.1
3387,3466,afterwards,-10.5459,1,0,1,0,ADV,1,0,,afterward,,,1,0,D5K,SCOWL60_STABLE_2020.12.07+WN3.1
3388,3467,andy,-10.5459,0,0,0,0,,0,0,,,,,0,0,D5K,SCOWL60_STABLE_2020.12.07+WN3.1
3389,3468,architecture,-10.5459,1,1,0,0,N,0,0,,,,,0,0,D5K,SCOWL60_STABLE_2020.12.07+WN3.1
3390,3469,assault,-10.5459,1,1,0,0,N|V,1,1,,,,assaults,0,1,D5K,SCOWL60_STABLE_2020.12.07+WN3.1
3391,3470,badly,-10.5459,1,0,1,0,ADV,0,0,,,,,0,0,D5K,SCOWL60_STABLE_2020.12.07+WN3.1
3392,3471,belong,-10.5459,1,1,0,0,V,1,1,,,,belongs,0,1,D5K,SCOWL60_STABLE_2020.12.07+WN3.1
3393,3472,blocks,-10.5459,1,0,1,0,,1,0,locks,block,,,2,0,D5K,SCOWL60_STABLE_2020.12.07+WN3.1
3394,3473,bone,-10.5459,1,1,0,0,N|V|ADJ,1,1,one,,,bones;boner,1,2,D5K,SCOWL60_STABLE_2020.12.07+WN3.1
3395,3474,breaks,-10.5459,1,0,1,0,,1,0,,break,,,1,0,D5K,SCOWL60_STABLE_2020.12.07+WN3.1
3396,3475,brian,-10.5459,0,0,0,0,,0,0,,,,,0,0,D5K,SCOWL60_STABLE_2020.12.07+WN3.1
3397,3476,buried,-10.5459,1,0,1,0,ADJ,0,0,,,,,0,0,D5K,SCOWL60_STABLE_2020.12.07+WN3.1
3398,3477,captured,-10.5459,1,0,1,0,,1,0,,capture,,,1,0,D5K,SCOWL60_STABLE_2020.12.07+WN3.1
3399,3478,chase,-10.5459,1,1,0,0,N|V,1,1,,,,chased,0,1,D5K,SCOWL60_STABLE_2020.12.07+WN3.1
3400,3479,chocolate,-10.5459,1,1,0,0,N,1,1,,,,chocolates,0,1,D5K,SCOWL60_STABLE_2020.12.07+WN3.1
3401,3480,citizen,-10.5459,1,1,0,0,N,1,1,,,,citizens,0,1,D5K,SCOWL60_STABLE_2020.12.07+WN3.1
3402,3481,communist,-10.5459,1,1,0,0,N|ADJ,1,1,,,,communists,0,1,D5K,SCOWL60_STABLE_2020.12.07+WN3.1
3403,3482,controls,-10.5459,1,0,1,0,,1,0,,control,,,1,0,D5K,SCOWL60_STABLE_2020.12.07+WN3.1
3404,3483,covering,-10.5459,1,0,1,0,N,0,0,,,,,0,0,D5K,SCOWL60_STABLE_2020.12.07+WN3.1
3405,3484,delay,-10.5459,1,1,1,0,N|V,1,1,,,,delays,0,1,D5K,SCOWL60_STABLE_2020.12.07+WN3.1
3406,3485,drinks,-10.5459,1,0,1,0,,1,0,,drink,,,1,0,D5K,SCOWL60_STABLE_2020.12.07+WN3.1
3407,3486,everyday,-10.5459,1,1,0,0,ADJ,0,0,,,,,0,0,D5K,SCOWL60_STABLE_2020.12.07+WN3.1
3408,3487,fees,-10.5459,1,0,1,0,,1,0,,fee,,,1,0,D5K,SCOWL60_STABLE_2020.12.07+WN3.1
3409,3488,flash,-10.5459,1,1,0,0,N|V|ADJ,1,0,lash,,,,1,0,D5K,SCOWL60_STABLE_2020.12.07+WN3.1
3410,3489,folks,-10.5459,1,0,1,0,N,1,0,,folk,,,1,0,D5K,SCOWL60_STABLE_2020.12.07+WN3.1
3411,3490,gallery,-10.5459,1,1,0,0,N,0,0,,,,,0,0,D5K,SCOWL60_STABLE_2020.12.07+WN3.1
3412,3491,guitar,-10.5459,1,1,0,0,N,1,1,,,,guitars,0,1,D5K,SCOWL60_STABLE_2020.12.07+WN3.1
3413,3492,headquarters,-10.5459,1,1,1,0,N,0,0,,,,,0,0,D5K,SCOWL60_STABLE_2020.12.07+WN3.1
3414,3493,hills,-10.5459,1,0,1,0,,1,1,,hill,chills,,1,1,D5K,SCOWL60_STABLE_2020.12.07+WN3.1
3415,3494,hip,-10.5459,1,1,0,0,N|ADJ,1,1,,hi,ship;chip;whip,hips,1,4,D5K,SCOWL60_STABLE_2020.12.07+WN3.1
3416,3495,immigration,-10.5459,1,1,1,0,N,0,0,,,,,0,0,D5K,SCOWL60_STABLE_2020.12.07+WN3.1
3417,3496,jimmy,-10.5459,1,1,0,0,N|V,0,0,,,,,0,0,D5K,SCOWL60_STABLE_2020.12.07+WN3.1
3418,3497,kelly,-10.5459,0,0,0,0,N,0,0,,,,,0,0,D5K,SCOWL60_STABLE_2020.12.07+WN3.1
3419,3498,kings,-10.5459,1,0,1,0,,1,0,,king,,,1,0,D5K,SCOWL60_STABLE_2020.12.07+WN3.1
3420,3499,legislative,-10.5459,1,1,1,0,ADJ,0,0,,,,,0,0,D5K,SCOWL60_STABLE_2020.12.07+WN3.1
3421,3500,losses,-10.5459,1,0,1,0,N,0,0,,,,,0,0,D5K,SCOWL60_STABLE_2020.12.07+WN3.1
3422,3501,meanwhile,-10.5459,1,1,0,0,N|ADV,0,0,,,,,0,0,D5K,SCOWL60_STABLE_2020.12.07+WN3.1
3423,3502,mistakes,-10.5459,1,0,1,0,,1,0,,mistake,,,1,0,D5K,SCOWL60_STABLE_2020.12.07+WN3.1
3424,3503,mount,-10.5459,1,1,0,0,N|V,1,1,,,amount,mounts,0,2,D5K,SCOWL60_STABLE_2020.12.07+WN3.1
3425,3504,naked,-10.5459,1,1,0,0,ADJ,0,0,,,,,0,0,D5K,SCOWL60_STABLE_2020.12.07+WN3.1
3426,3505,neighborhood,-10.5459,1,1,0,0,N,1,1,,,,neighborhoods,0,1,D5K,SCOWL60_STABLE_2020.12.07+WN3.1
3427,3506,opinions,-10.5459,1,0,1,0,,1,0,,opinion,,,1,0,D5K,SCOWL60_STABLE_2020.12.07+WN3.1
3428,3507,plain,-10.5459,1,1,0,0,N|V|ADJ|ADV,1,1,,,,plains,0,1,D5K,SCOWL60_STABLE_2020.12.07+WN3.1
3429,3508,rape,-10.5459,1,1,0,0,N|V,1,1,ape,rap,grape,raped;rapes,2,3,D5K,SCOWL60_STABLE_2020.12.07+WN3.1
3430,3509,regulation,-10.5459,1,1,1,0,N|ADJ,1,1,,,,regulations,0,1,D5K,SCOWL60_STABLE_2020.12.07+WN3.1
3431,3510,root,-10.5459,1,1,0,0,N|V,1,1,,,,roots,0,1,D5K,SCOWL60_STABLE_2020.12.07+WN3.1
3432,3511,sake,-10.5459,1,1,0,0,N,0,0,,,,,0,0,D5K,SCOWL60_STABLE_2020.12.07+WN3.1
3433,3512,sand,-10.5459,1,1,0,0,N|V,1,1,and,,,sandy;sands,1,2,D5K,SCOWL60_STABLE_2020.12.07+WN3.1
3434,3513,scheduled,-10.5459,1,1,1,0,ADJ,1,0,,schedule,,,1,0,D5K,SCOWL60_STABLE_2020.12.07+WN3.1
3435,3514,solve,-10.5459,1,1,0,0,V,1,1,,,,solved,0,1,D5K,SCOWL60_STABLE_2020.12.07+WN3.1
3436,3515,speaks,-10.5459,1,0,1,0,,1,0,peaks,speak,,,2,0,D5K,SCOWL60_STABLE_2020.12.07+WN3.1
3437,3516,steam,-10.5459,1,1,0,0,N|V,1,0,team,,,,1,0,D5K,SCOWL60_STABLE_2020.12.07+WN3.1
3438,3517,stomach,-10.5459,1,1,0,0,N|V,0,0,,,,,0,0,D5K,SCOWL60_STABLE_2020.12.07+WN3.1
3439,3518,string,-10.5459,1,1,0,0,N|V,1,1,,,,strings,0,1,D5K,SCOWL60_STABLE_2020.12.07+WN3.1
3440,3519,summary,-10.5459,1,1,0,0,N|ADJ,0,0,,,,,0,0,D5K,SCOWL60_STABLE_2020.12.07+WN3.1
3441,3520,tips,-10.5459,1,0,1,0,,1,0,,tip,,,1,0,D5K,SCOWL60_STABLE_2020.12.07+WN3.1
3442,3521,tons,-10.5459,1,0,1,0,N,1,0,,ton,,,1,0,D5K,SCOWL60_STABLE_2020.12.07+WN3.1
3443,3522,transferred,-10.5459,1,1,0,0,,0,0,,,,,0,0,D5K,SCOWL60_STABLE_2020.12.07+WN3.1
3444,3523,wage,-10.5459,1,1,0,0,N|V,1,1,age,,,wages;wager;waged,1,3,D5K,SCOWL60_STABLE_2020.12.07+WN3.1
3445,3524,wanting,-10.5459,1,0,1,0,ADJ,0,0,,,,,0,0,D5K,SCOWL60_STABLE_2020.12.07+WN3.1
3446,3525,whoever,-10.5459,1,1,0,0,,0,0,,,,,0,0,D5K,SCOWL60_STABLE_2020.12.07+WN3.1
3447,3526,wings,-10.5459,1,0,1,0,N,1,1,,wing,swings,,1,1,D5K,SCOWL60_STABLE_2020.12.07+WN3.1
3448,3528,actors,-10.569,1,0,1,0,,1,1,,actor,factors,,1,1,D5K,SCOWL60_STABLE_2020.12.07+WN3.1
3449,3529,alexander,-10.569,0,0,0,0,N,0,0,,,,,0,0,D5K,SCOWL60_STABLE_2020.12.07+WN3.1
3450,3530,aspect,-10.569,1,1,0,0,N,1,1,,,,aspects,0,1,D5K,SCOWL60_STABLE_2020.12.07+WN3.1
3451,3531,babies,-10.569,1,0,1,0,,0,0,,,,,0,0,D5K,SCOWL60_STABLE_2020.12.07+WN3.1
3452,3532,bath,-10.569,1,1,0,0,N,1,1,,bat,,baths;bathe,1,2,D5K,SCOWL60_STABLE_2020.12.07+WN3.1
3453,3533,begun,-10.569,1,1,0,0,,0,0,,,,,0,0,D5K,SCOWL60_STABLE_2020.12.07+WN3.1
3454,3534,bills,-10.569,1,0,1,0,,1,0,,bill,,,1,0,D5K,SCOWL60_STABLE_2020.12.07+WN3.1
3455,3535,cambridge,-10.569,0,0,0,0,N,0,0,,,,,0,0,D5K,SCOWL60_STABLE_2020.12.07+WN3.1
3456,3536,capture,-10.569,1,1,0,0,N|V,1,1,,,,captured;captures,0,2,D5K,SCOWL60_STABLE_2020.12.07+WN3.1
3457,3537,characteristics,-10.569,1,0,1,0,,1,0,,characteristic,,,1,0,D5K,SCOWL60_STABLE_2020.12.07+WN3.1
3458,3538,clock,-10.569,1,1,0,0,N|V,1,1,lock,,,clocks,1,1,D5K,SCOWL60_STABLE_2020.12.07+WN3.1
3459,3539,concentration,-10.569,1,1,1,0,N,1,1,,,,concentrations,0,1,D5K,SCOWL60_STABLE_2020.12.07+WN3.1
3460,3540,consumption,-10.569,1,1,0,0,N,0,0,,,,,0,0,D5K,SCOWL60_STABLE_2020.12.07+WN3.1
3461,3541,contracts,-10.569,1,0,1,0,,1,0,,contract,,,1,0,D5K,SCOWL60_STABLE_2020.12.07+WN3.1
3462,3542,contribution,-10.569,1,1,1,0,N,1,1,,,,contributions,0,1,D5K,SCOWL60_STABLE_2020.12.07+WN3.1
3463,3543,copies,-10.569,1,0,1,0,,0,0,,,,,0,0,D5K,SCOWL60_STABLE_2020.12.07+WN3.1
3464,3544,davis,-10.569,0,0,0,0,N,0,0,,,,,0,0,D5K,SCOWL60_STABLE_2020.12.07+WN3.1
3465,3545,desert,-10.569,1,1,0,0,N|V,1,1,,,,deserts,0,1,D5K,SCOWL60_STABLE_2020.12.07+WN3.1
3466,3546,dies,-10.569,1,0,1,0,,1,0,,die,,,1,0,D5K,SCOWL60_STABLE_2020.12.07+WN3.1
3467,3547,dramatic,-10.569,1,1,0,0,ADJ,0,0,,,,,0,0,D5K,SCOWL60_STABLE_2020.12.07+WN3.1
3468,3548,ear,-10.569,1,1,0,0,N,1,1,,ea,year;near;hear;fear;wear;dear;bear;gear;rear;tear;pear,earn;ears;earl,1,14,D5K,SCOWL60_STABLE_2020.12.07+WN3.1
3469,3549,earn,-10.569,1,1,0,0,V,1,1,,ear,learn,earns,1,2,D5K,SCOWL60_STABLE_2020.12.07+WN3.1
3470,3550,enterprise,-10.569,1,1,0,0,N,1,1,,,,enterprises,0,1,D5K,SCOWL60_STABLE_2020.12.07+WN3.1
3471,3551,filed,-10.569,1,0,1,0,,1,0,,file,,,1,0,D5K,SCOWL60_STABLE_2020.12.07+WN3.1
3472,3552,finals,-10.569,1,0,1,0,,1,0,,final,,,1,0,D5K,SCOWL60_STABLE_2020.12.07+WN3.1
3473,3553,fleet,-10.569,1,1,0,0,N|V|ADJ,1,1,,flee,,fleets,1,1,D5K,SCOWL60_STABLE_2020.12.07+WN3.1
3474,3554,forgotten,-10.569,1,1,0,0,ADJ,0,0,,,,,0,0,D5K,SCOWL60_STABLE_2020.12.07+WN3.1
3475,3555,helpful,-10.569,1,1,0,0,ADJ,0,0,,,,,0,0,D5K,SCOWL60_STABLE_2020.12.07+WN3.1
3476,3556,impressive,-10.569,1,1,1,0,ADJ,0,0,,,,,0,0,D5K,SCOWL60_STABLE_2020.12.07+WN3.1
3477,3557,installed,-10.569,1,0,1,0,,0,0,,,,,0,0,D5K,SCOWL60_STABLE_2020.12.07+WN3.1
3478,3558,joining,-10.569,1,0,1,0,N,0,0,,,,,0,0,D5K,SCOWL60_STABLE_2020.12.07+WN3.1
3479,3559,jr,-10.569,1,1,0,0,N,0,0,,,,,0,0,D5K,SCOWL60_STABLE_2020.12.07+WN3.1
3480,3560,knife,-10.569,1,1,0,0,N|V,0,0,,,,,0,0,D5K,SCOWL60_STABLE_2020.12.07+WN3.1
3481,3561,liverpool,-10.569,0,0,0,0,N,0,0,,,,,0,0,D5K,SCOWL60_STABLE_2020.12.07+WN3.1
3482,3562,logic,-10.569,1,1,0,0,N,0,0,,,,,0,0,D5K,SCOWL60_STABLE_2020.12.07+WN3.1
3483,3563,luke,-10.569,0,0,0,0,N,0,0,,,,,0,0,D5K,SCOWL60_STABLE_2020.12.07+WN3.1
3484,3564,maps,-10.569,1,0,1,0,,1,0,,map,,,1,0,D5K,SCOWL60_STABLE_2020.12.07+WN3.1
3485,3565,merely,-10.569,1,0,1,0,ADV,0,0,,,,,0,0,D5K,SCOWL60_STABLE_2020.12.07+WN3.1
3486,3566,mexican,-10.569,0,0,0,0,N|ADJ,0,0,,,,,0,0,D5K,SCOWL60_STABLE_2020.12.07+WN3.1
3487,3567,minds,-10.569,1,0,1,0,,1,0,,mind,,,1,0,D5K,SCOWL60_STABLE_2020.12.07+WN3.1
3488,3568,mum,-10.569,1,1,0,0,N|ADJ,1,0,um,mu,,,2,0,D5K,SCOWL60_STABLE_2020.12.07+WN3.1
3489,3569,outcome,-10.569,1,1,0,0,N,1,1,,,,outcomes,0,1,D5K,SCOWL60_STABLE_2020.12.07+WN3.1
3490,3570,ownership,-10.569,1,1,0,0,N,0,0,,,,,0,0,D5K,SCOWL60_STABLE_2020.12.07+WN3.1
3491,3571,picking,-10.569,1,0,1,0,N,0,0,,,,,0,0,D5K,SCOWL60_STABLE_2020.12.07+WN3.1
3492,3572,possession,-10.569,1,1,0,0,N,1,1,,,,possessions,0,1,D5K,SCOWL60_STABLE_2020.12.07+WN3.1
3493,3573,rank,-10.569,1,1,0,0,N|V|ADJ,1,1,,ran,frank;drank;prank;crank,ranks,1,5,D5K,SCOWL60_STABLE_2020.12.07+WN3.1
3494,3574,rating,-10.569,1,1,1,0,N,1,1,,,,ratings,0,1,D5K,SCOWL60_STABLE_2020.12.07+WN3.1
3495,3575,recall,-10.569,1,0,1,0,N|V,1,1,,,,recalls,0,1,D5K,SCOWL60_STABLE_2020.12.07+WN3.1
3496,3576,recommend,-10.569,1,0,1,0,V,1,1,,,,recommends,0,1,D5K,SCOWL60_STABLE_2020.12.07+WN3.1
3497,3577,rejected,-10.569,1,0,1,0,ADJ,1,0,ejected,,,,1,0,D5K,SCOWL60_STABLE_2020.12.07+WN3.1
3498,3578,representing,-10.569,1,0,1,0,,0,0,,,,,0,0,D5K,SCOWL60_STABLE_2020.12.07+WN3.1
3499,3579,sciences,-10.569,1,0,1,0,,1,0,,science,,,1,0,D5K,SCOWL60_STABLE_2020.12.07+WN3.1
3500,3580,subjects,-10.569,1,0,1,0,,1,0,,subject,,,1,0,D5K,SCOWL60_STABLE_2020.12.07+WN3.1
3501,3581,suck,-10.569,1,1,0,0,N|V,1,1,,,,sucks,0,1,D5K,SCOWL60_STABLE_2020.12.07+WN3.1
3502,3582,swiss,-10.569,0,0,0,0,N|ADJ,0,0,,,,,0,0,D5K,SCOWL60_STABLE_2020.12.07+WN3.1
3503,3583,tape,-10.569,1,1,0,0,N|V,1,1,ape,tap,,tapes;taped,2,2,D5K,SCOWL60_STABLE_2020.12.07+WN3.1
3504,3584,texts,-10.569,1,0,1,0,,1,0,,text,,,1,0,D5K,SCOWL60_STABLE_2020.12.07+WN3.1
3505,3585,visiting,-10.569,1,0,1,0,N,0,0,,,,,0,0,D5K,SCOWL60_STABLE_2020.12.07+WN3.1
3506,3587,amendment,-10.5926,1,1,1,0,N,1,1,,,,amendments,0,1,D5K,SCOWL60_STABLE_2020.12.07+WN3.1
3507,3588,arguments,-10.5926,1,0,1,0,,1,0,,argument,,,1,0,D5K,SCOWL60_STABLE_2020.12.07+WN3.1
3508,3589,arrive,-10.5926,1,1,0,0,V,1,1,,,,arrived;arrives,0,2,D5K,SCOWL60_STABLE_2020.12.07+WN3.1
3509,3590,beating,-10.5926,1,1,1,0,N,1,0,eating,,,,1,0,D5K,SCOWL60_STABLE_2020.12.07+WN3.1
3510,3591,behalf,-10.5926,1,1,0,0,N,0,0,,,,,0,0,D5K,SCOWL60_STABLE_2020.12.07+WN3.1
3511,3592,bother,-10.5926,1,1,0,0,N|V,1,1,other,,,bothers,1,1,D5K,SCOWL60_STABLE_2020.12.07+WN3.1
3512,3593,buddy,-10.5926,1,1,0,0,N,0,0,,,,,0,0,D5K,SCOWL60_STABLE_2020.12.07+WN3.1
3513,3594,bureau,-10.5926,1,1,0,0,N,0,0,,,,,0,0,D5K,SCOWL60_STABLE_2020.12.07+WN3.1
3514,3595,cats,-10.5926,1,0,1,0,,1,0,,cat,,,1,0,D5K,SCOWL60_STABLE_2020.12.07+WN3.1
3515,3596,comfort,-10.5926,1,1,0,0,N|V,1,1,,,,comforts,0,1,D5K,SCOWL60_STABLE_2020.12.07+WN3.1
3516,3597,commonly,-10.5926,1,0,1,0,ADV,0,0,,,,,0,0,D5K,SCOWL60_STABLE_2020.12.07+WN3.1
3517,3598,critics,-10.5926,1,0,1,0,,1,0,,critic,,,1,0,D5K,SCOWL60_STABLE_2020.12.07+WN3.1
3518,3599,crossing,-10.5926,1,1,1,0,N,1,1,,,,crossings,0,1,D5K,SCOWL60_STABLE_2020.12.07+WN3.1
3519,3600,debut,-10.5926,1,1,1,0,N|V,1,1,,,,debuts,0,1,D5K,SCOWL60_STABLE_2020.12.07+WN3.1
3520,3601,disappointed,-10.5926,1,0,1,0,ADJ,0,0,,,,,0,0,D5K,SCOWL60_STABLE_2020.12.07+WN3.1
3521,3602,diseases,-10.5926,1,0,1,0,,1,0,,disease,,,1,0,D5K,SCOWL60_STABLE_2020.12.07+WN3.1
3522,3603,economics,-10.5926,1,1,1,0,N,1,0,,economic,,,1,0,D5K,SCOWL60_STABLE_2020.12.07+WN3.1
3523,3604,equally,-10.5926,1,0,1,0,ADV,0,0,,,,,0,0,D5K,SCOWL60_STABLE_2020.12.07+WN3.1
3524,3605,fallen,-10.5926,1,0,1,0,ADJ,0,0,,,,,0,0,D5K,SCOWL60_STABLE_2020.12.07+WN3.1
3525,3606,fate,-10.5926,1,1,0,0,N|V,1,0,ate,fat,,,2,0,D5K,SCOWL60_STABLE_2020.12.07+WN3.1
3526,3607,favour,-10.5926,0,0,0,0,N|V,0,0,,,,,0,0,D5K,SCOWL60_STABLE_2020.12.07+WN3.1
3527,3608,forum,-10.5926,1,1,0,0,N,1,1,,,,forums,0,1,D5K,SCOWL60_STABLE_2020.12.07+WN3.1
3528,3609,francis,-10.5926,0,0,0,0,,0,0,,,,,0,0,D5K,SCOWL60_STABLE_2020.12.07+WN3.1
3529,3610,ghost,-10.5926,1,1,0,0,N|V,1,1,host,,,ghosts,1,1,D5K,SCOWL60_STABLE_2020.12.07+WN3.1
3530,3611,gotten,-10.5926,1,1,0,0,,0,0,,,,,0,0,D5K,SCOWL60_STABLE_2020.12.07+WN3.1
3531,3612,gray,-10.5926,1,1,0,0,N|V|ADJ,1,0,ray,,,,1,0,D5K,SCOWL60_STABLE_2020.12.07+WN3.1
3532,3613,guarantee,-10.5926,1,1,0,0,N|V,1,1,,,,guaranteed;guarantees,0,2,D5K,SCOWL60_STABLE_2020.12.07+WN3.1
3533,3614,hence,-10.5926,1,1,0,0,ADV,1,1,,,thence,,0,1,D5K,SCOWL60_STABLE_2020.12.07+WN3.1
3534,3615,highway,-10.5926,1,1,0,0,N,1,1,,,,highways,0,1,D5K,SCOWL60_STABLE_2020.12.07+WN3.1
3535,3616,hitting,-10.5926,1,1,0,0,N,1,1,,,shitting,,0,1,D5K,SCOWL60_STABLE_2020.12.07+WN3.1
3536,3617,inch,-10.5926,1,1,1,0,N|V,1,1,,inc,pinch;finch,,1,2,D5K,SCOWL60_STABLE_2020.12.07+WN3.1
3537,3618,injuries,-10.5926,1,0,1,0,,0,0,,,,,0,0,D5K,SCOWL60_STABLE_2020.12.07+WN3.1
3538,3619,innocent,-10.5926,1,1,0,0,N|ADJ,0,0,,,,,0,0,D5K,SCOWL60_STABLE_2020.12.07+WN3.1
3539,3620,jane,-10.5926,0,0,0,0,,0,0,,,,,0,0,D5K,SCOWL60_STABLE_2020.12.07+WN3.1
3540,3621,jason,-10.5926,0,0,0,0,N,0,0,,,,,0,0,D5K,SCOWL60_STABLE_2020.12.07+WN3.1
3541,3622,lessons,-10.5926,1,0,1,0,,1,0,,lesson,,,1,0,D5K,SCOWL60_STABLE_2020.12.07+WN3.1
3542,3623,lists,-10.5926,1,0,1,0,,1,0,,list,,,1,0,D5K,SCOWL60_STABLE_2020.12.07+WN3.1
3543,3624,loving,-10.5926,1,1,1,0,ADJ,0,0,,,,,0,0,D5K,SCOWL60_STABLE_2020.12.07+WN3.1
3544,3625,monthly,-10.5926,1,1,1,0,N|ADJ|ADV,0,0,,,,,0,0,D5K,SCOWL60_STABLE_2020.12.07+WN3.1
3545,3626,na,-10.5926,0,0,0,0,N,0,0,,,,,0,0,D5K,SCOWL60_STABLE_2020.12.07+WN3.1
3546,3627,negotiations,-10.5926,1,1,0,0,,1,0,,negotiation,,,1,0,D5K,SCOWL60_STABLE_2020.12.07+WN3.1
3547,3628,newly,-10.5926,1,0,1,0,ADV,0,0,,,,,0,0,D5K,SCOWL60_STABLE_2020.12.07+WN3.1
3548,3629,occurs,-10.5926,1,0,1,0,,1,0,,occur,,,1,0,D5K,SCOWL60_STABLE_2020.12.07+WN3.1
3549,3630,organic,-10.5926,1,1,0,0,N|ADJ,0,0,,,,,0,0,D5K,SCOWL60_STABLE_2020.12.07+WN3.1
3550,3631,participants,-10.5926,1,0,1,0,,1,0,,participant,,,1,0,D5K,SCOWL60_STABLE_2020.12.07+WN3.1
3551,3632,participate,-10.5926,1,1,0,0,V,1,1,,,,participated;participates,0,2,D5K,SCOWL60_STABLE_2020.12.07+WN3.1
3552,3633,passenger,-10.5926,1,1,0,0,N,1,1,,,,passengers,0,1,D5K,SCOWL60_STABLE_2020.12.07+WN3.1
3553,3634,phones,-10.5926,1,0,1,0,,1,0,,phone,,,1,0,D5K,SCOWL60_STABLE_2020.12.07+WN3.1
3554,3635,pitch,-10.5926,1,1,0,0,N|V,1,0,itch,,,,1,0,D5K,SCOWL60_STABLE_2020.12.07+WN3.1
3555,3636,poetry,-10.5926,1,1,0,0,N,0,0,,,,,0,0,D5K,SCOWL60_STABLE_2020.12.07+WN3.1
3556,3637,procedures,-10.5926,1,0,1,0,,1,0,,procedure,,,1,0,D5K,SCOWL60_STABLE_2020.12.07+WN3.1
3557,3638,qualified,-10.5926,1,1,1,0,ADJ,0,0,,,,,0,0,D5K,SCOWL60_STABLE_2020.12.07+WN3.1
3558,3639,reflect,-10.5926,1,1,0,0,V,1,1,,,,reflects,0,1,D5K,SCOWL60_STABLE_2020.12.07+WN3.1
3559,3640,refuse,-10.5926,1,0,1,0,N|V,1,1,,,,refused;refuses,0,2,D5K,SCOWL60_STABLE_2020.12.07+WN3.1
3560,3641,replacement,-10.5926,1,0,1,0,N,1,1,,,,replacements,0,1,D5K,SCOWL60_STABLE_2020.12.07+WN3.1
3561,3642,representation,-10.5926,1,0,1,0,N,1,1,,,,representations,0,1,D5K,SCOWL60_STABLE_2020.12.07+WN3.1
3562,3643,romantic,-10.5926,1,1,0,0,N|ADJ,0,0,,,,,0,0,D5K,SCOWL60_STABLE_2020.12.07+WN3.1
3563,3644,skill,-10.5926,1,1,0,0,N,1,1,kill,,,skills,1,1,D5K,SCOWL60_STABLE_2020.12.07+WN3.1
3564,3645,substantial,-10.5926,1,1,0,0,ADJ,0,0,,,,,0,0,D5K,SCOWL60_STABLE_2020.12.07+WN3.1
3565,3646,summit,-10.5926,1,1,0,0,N|V,0,0,,,,,0,0,D5K,SCOWL60_STABLE_2020.12.07+WN3.1
3566,3647,switzerland,-10.5926,0,0,0,0,N,0,0,,,,,0,0,D5K,SCOWL60_STABLE_2020.12.07+WN3.1
3567,3648,thirty,-10.5926,1,1,0,0,N|ADJ,0,0,,,,,0,0,D5K,SCOWL60_STABLE_2020.12.07+WN3.1
3568,3649,tracks,-10.5926,1,0,1,0,,1,0,racks,track,,,2,0,D5K,SCOWL60_STABLE_2020.12.07+WN3.1
3569,3650,universities,-10.5926,1,0,1,0,,0,0,,,,,0,0,D5K,SCOWL60_STABLE_2020.12.07+WN3.1
3570,3651,vital,-10.5926,1,1,0,0,ADJ,1,0,,vita,,,1,0,D5K,SCOWL60_STABLE_2020.12.07+WN3.1
3571,3652,wishes,-10.5926,1,0,1,0,,0,0,,,,,0,0,D5K,SCOWL60_STABLE_2020.12.07+WN3.1
3572,3654,adventure,-10.6168,1,1,0,0,N|V,1,1,,,,adventures,0,1,D5K,SCOWL60_STABLE_2020.12.07+WN3.1
3573,3655,alan,-10.6168,0,0,0,0,,0,0,,,,,0,0,D5K,SCOWL60_STABLE_2020.12.07+WN3.1
3574,3656,alongside,-10.6168,1,1,0,0,ADV,0,0,,,,,0,0,D5K,SCOWL60_STABLE_2020.12.07+WN3.1
3575,3657,boring,-10.6168,1,1,1,0,N|ADJ,0,0,,,,,0,0,D5K,SCOWL60_STABLE_2020.12.07+WN3.1
3576,3658,chat,-10.6168,1,1,0,0,N|V,1,0,hat,,,,1,0,D5K,SCOWL60_STABLE_2020.12.07+WN3.1
3577,3659,computers,-10.6168,1,0,1,0,,1,0,,computer,,,1,0,D5K,SCOWL60_STABLE_2020.12.07+WN3.1
3578,3660,connect,-10.6168,1,1,0,0,V,1,1,,,,connects,0,1,D5K,SCOWL60_STABLE_2020.12.07+WN3.1
3579,3661,constitutional,-10.6168,1,1,0,0,N|ADJ,0,0,,,,,0,0,D5K,SCOWL60_STABLE_2020.12.07+WN3.1
3580,3662,consumers,-10.6168,1,0,1,0,,1,0,,consumer,,,1,0,D5K,SCOWL60_STABLE_2020.12.07+WN3.1
3581,3663,define,-10.6168,1,1,1,0,V,1,1,,,,defined;defines,0,2,D5K,SCOWL60_STABLE_2020.12.07+WN3.1
3582,3664,denied,-10.6168,1,0,1,0,,0,0,,,,,0,0,D5K,SCOWL60_STABLE_2020.12.07+WN3.1
3583,3665,discover,-10.6168,1,1,1,0,V,1,1,,,,discovery;discovers,0,2,D5K,SCOWL60_STABLE_2020.12.07+WN3.1
3584,3666,dust,-10.6168,1,1,0,0,N|V,1,1,,,,dusty,0,1,D5K,SCOWL60_STABLE_2020.12.07+WN3.1
3585,3667,electrical,-10.6168,1,1,0,0,ADJ,0,0,,,,,0,0,D5K,SCOWL60_STABLE_2020.12.07+WN3.1
3586,3668,engineer,-10.6168,1,1,0,0,N|V,1,1,,,,engineers,0,1,D5K,SCOWL60_STABLE_2020.12.07+WN3.1
3587,3669,expecting,-10.6168,1,0,1,0,,0,0,,,,,0,0,D5K,SCOWL60_STABLE_2020.12.07+WN3.1
3588,3670,extraordinary,-10.6168,1,1,0,0,ADJ,0,0,,,,,0,0,D5K,SCOWL60_STABLE_2020.12.07+WN3.1
3589,3671,firms,-10.6168,1,0,1,0,,1,0,,firm,,,1,0,D5K,SCOWL60_STABLE_2020.12.07+WN3.1
3590,3672,flower,-10.6168,1,1,0,0,N|V,1,1,lower,,,flowers,1,1,D5K,SCOWL60_STABLE_2020.12.07+WN3.1
3591,3673,founder,-10.6168,1,1,0,0,N|V,1,1,,,,founders,0,1,D5K,SCOWL60_STABLE_2020.12.07+WN3.1
3592,3674,friendship,-10.6168,1,1,0,0,N,1,1,,,,friendships,0,1,D5K,SCOWL60_STABLE_2020.12.07+WN3.1
3593,3675,glory,-10.6168,1,1,0,0,N|V,0,0,,,,,0,0,D5K,SCOWL60_STABLE_2020.12.07+WN3.1
3594,3676,graduate,-10.6168,1,1,0,0,N|V|ADJ,1,1,,,,graduated;graduates,0,2,D5K,SCOWL60_STABLE_2020.12.07+WN3.1
3595,3677,hopes,-10.6168,1,0,1,0,,1,0,,hope,,,1,0,D5K,SCOWL60_STABLE_2020.12.07+WN3.1
3596,3678,instrument,-10.6168,1,1,0,0,N|V,1,1,,,,instruments,0,1,D5K,SCOWL60_STABLE_2020.12.07+WN3.1
3597,3679,instruments,-10.6168,1,0,1,0,,1,0,,instrument,,,1,0,D5K,SCOWL60_STABLE_2020.12.07+WN3.1
3598,3680,interpretation,-10.6168,1,1,0,0,N,1,1,,,,interpretations,0,1,D5K,SCOWL60_STABLE_2020.12.07+WN3.1
3599,3681,introduce,-10.6168,1,1,0,0,V,1,1,,,,introduced;introduces,0,2,D5K,SCOWL60_STABLE_2020.12.07+WN3.1
3600,3682,involvement,-10.6168,1,1,1,0,N,0,0,,,,,0,0,D5K,SCOWL60_STABLE_2020.12.07+WN3.1
3601,3683,involves,-10.6168,1,0,1,0,,1,0,,involve,,,1,0,D5K,SCOWL60_STABLE_2020.12.07+WN3.1
3602,3684,killer,-10.6168,1,1,1,0,N,1,1,,,,killers,0,1,D5K,SCOWL60_STABLE_2020.12.07+WN3.1
3603,3685,loans,-10.6168,1,0,1,0,,1,0,,loan,,,1,0,D5K,SCOWL60_STABLE_2020.12.07+WN3.1
3604,3686,locked,-10.6168,1,0,1,0,,1,1,,,blocked,,0,1,D5K,SCOWL60_STABLE_2020.12.07+WN3.1
3605,3687,masters,-10.6168,1,0,1,0,N,1,0,,master,,,1,0,D5K,SCOWL60_STABLE_2020.12.07+WN3.1
3606,3688,mini,-10.6168,1,1,0,0,N|ADJ,1,0,,min,,,1,0,D5K,SCOWL60_STABLE_2020.12.07+WN3.1
3607,3689,morgan,-10.6168,0,0,0,0,N,0,0,,,,,0,0,D5K,SCOWL60_STABLE_2020.12.07+WN3.1
3608,3690,narrow,-10.6168,1,1,0,0,N|V|ADJ,1,0,arrow,,,,1,0,D5K,SCOWL60_STABLE_2020.12.07+WN3.1
3609,3691,odd,-10.6168,1,1,0,0,ADJ,1,1,dd,,,odds,1,1,D5K,SCOWL60_STABLE_2020.12.07+WN3.1
3610,3692,oxford,-10.6168,1,1,0,0,N,0,0,,,,,0,0,D5K,SCOWL60_STABLE_2020.12.07+WN3.1
3611,3693,participation,-10.6168,1,1,1,0,N,0,0,,,,,0,0,D5K,SCOWL60_STABLE_2020.12.07+WN3.1
3612,3694,priority,-10.6168,1,1,0,0,N,0,0,,,,,0,0,D5K,SCOWL60_STABLE_2020.12.07+WN3.1
3613,3695,producer,-10.6168,1,1,1,0,N,1,1,,produce,,producers,1,1,D5K,SCOWL60_STABLE_2020.12.07+WN3.1
3614,3696,purchased,-10.6168,1,0,1,0,,1,0,,purchase,,,1,0,D5K,SCOWL60_STABLE_2020.12.07+WN3.1
3615,3697,pushed,-10.6168,1,0,1,0,,0,0,,,,,0,0,D5K,SCOWL60_STABLE_2020.12.07+WN3.1
3616,3698,ratio,-10.6168,1,1,0,0,N,1,1,,,,ratios,0,1,D5K,SCOWL60_STABLE_2020.12.07+WN3.1
3617,3699,resource,-10.6168,1,0,1,0,N,1,1,,,,resources,0,1,D5K,SCOWL60_STABLE_2020.12.07+WN3.1
3618,3700,retired,-10.6168,1,0,1,0,ADJ,1,0,,retire,,,1,0,D5K,SCOWL60_STABLE_2020.12.07+WN3.1
3619,3701,satellite,-10.6168,1,1,0,0,N|V|ADJ,1,1,,,,satellites,0,1,D5K,SCOWL60_STABLE_2020.12.07+WN3.1
3620,3702,seed,-10.6168,1,1,0,0,N|V,1,1,,see,,seeds,1,1,D5K,SCOWL60_STABLE_2020.12.07+WN3.1
3621,3703,sudden,-10.6168,1,1,0,0,ADJ,0,0,,,,,0,0,D5K,SCOWL60_STABLE_2020.12.07+WN3.1
3622,3704,sum,-10.6168,1,1,0,0,N|V,1,1,um,,,sums,1,1,D5K,SCOWL60_STABLE_2020.12.07+WN3.1
3623,3705,supports,-10.6168,1,0,1,0,,1,0,,support,,,1,0,D5K,SCOWL60_STABLE_2020.12.07+WN3.1
3624,3706,surrounded,-10.6168,1,0,1,0,ADJ,0,0,,,,,0,0,D5K,SCOWL60_STABLE_2020.12.07+WN3.1
3625,3707,survival,-10.6168,1,1,0,0,N,0,0,,,,,0,0,D5K,SCOWL60_STABLE_2020.12.07+WN3.1
3626,3708,sword,-10.6168,1,1,0,0,N,1,1,word,,,swords,1,1,D5K,SCOWL60_STABLE_2020.12.07+WN3.1
3627,3709,targets,-10.6168,1,0,1,0,,1,0,,target,,,1,0,D5K,SCOWL60_STABLE_2020.12.07+WN3.1
3628,3710,thick,-10.6168,1,1,0,0,N|ADJ|ADV,0,0,,,,,0,0,D5K,SCOWL60_STABLE_2020.12.07+WN3.1
3629,3711,thrown,-10.6168,1,1,0,0,ADJ,1,0,,throw,,,1,0,D5K,SCOWL60_STABLE_2020.12.07+WN3.1
3630,3712,trail,-10.6168,1,1,0,0,N|V,1,1,rail,,,trails,1,1,D5K,SCOWL60_STABLE_2020.12.07+WN3.1
3631,3713,ugly,-10.6168,1,1,0,0,ADJ,0,0,,,,,0,0,D5K,SCOWL60_STABLE_2020.12.07+WN3.1
3632,3714,ukraine,-10.6168,0,0,0,0,N,0,0,,,,,0,0,D5K,SCOWL60_STABLE_2020.12.07+WN3.1
3633,3715,valid,-10.6168,1,1,0,0,ADJ,0,0,,,,,0,0,D5K,SCOWL60_STABLE_2020.12.07+WN3.1
3634,3716,vol,-10.6168,1,1,0,0,,1,1,,,,vols;volt,0,2,D5K,SCOWL60_STABLE_2020.12.07+WN3.1
3635,3717,wash,-10.6168,1,1,0,0,N|V,1,0,ash,was,,,2,0,D5K,SCOWL60_STABLE_2020.12.07+WN3.1
3636,3718,wire,-10.6168,1,1,0,0,N|V,1,1,,,,wires;wired,0,2,D5K,SCOWL60_STABLE_2020.12.07+WN3.1
3637,3720,amazon,-10.6375,1,1,0,0,N,0,0,,,,,0,0,D5K,SCOWL60_STABLE_2020.12.07+WN3.1
3638,3721,angle,-10.6375,1,1,0,0,N|V,1,1,,,,angles,0,1,D5K,SCOWL60_STABLE_2020.12.07+WN3.1
3639,3722,anthony,-10.6375,0,0,0,0,N,0,0,,,,,0,0,D5K,SCOWL60_STABLE_2020.12.07+WN3.1
3640,3723,anxiety,-10.6375,1,1,0,0,N,0,0,,,,,0,0,D5K,SCOWL60_STABLE_2020.12.07+WN3.1
3641,3724,ap,-10.6375,0,0,0,0,,0,0,,,,,0,0,D5K,SCOWL60_STABLE_2020.12.07+WN3.1
3642,3725,asleep,-10.6375,1,1,0,0,ADJ|ADV,1,0,sleep,,,,1,0,D5K,SCOWL60_STABLE_2020.12.07+WN3.1
3643,3726,bands,-10.6375,1,0,1,0,,1,0,,band,,,1,0,D5K,SCOWL60_STABLE_2020.12.07+WN3.1
3644,3727,cleaning,-10.6375,1,1,1,0,N,1,0,leaning,,,,1,0,D5K,SCOWL60_STABLE_2020.12.07+WN3.1
3645,3728,confident,-10.6375,1,1,0,0,ADJ,0,0,,,,,0,0,D5K,SCOWL60_STABLE_2020.12.07+WN3.1
3646,3729,cooperation,-10.6375,1,1,1,0,N,0,0,,,,,0,0,D5K,SCOWL60_STABLE_2020.12.07+WN3.1
3647,3730,corruption,-10.6375,1,1,0,0,N,0,0,,,,,0,0,D5K,SCOWL60_STABLE_2020.12.07+WN3.1
3648,3731,crack,-10.6375,1,1,0,0,N|V|ADJ,1,1,rack,,,cracks,1,1,D5K,SCOWL60_STABLE_2020.12.07+WN3.1
3649,3732,crap,-10.6375,1,1,0,0,N|V,1,1,rap,,scrap,,1,1,D5K,SCOWL60_STABLE_2020.12.07+WN3.1
3650,3733,database,-10.6375,1,1,0,0,N,1,1,,,,databases,0,1,D5K,SCOWL60_STABLE_2020.12.07+WN3.1
3651,3734,dave,-10.6375,0,0,0,0,,0,0,,,,,0,0,D5K,SCOWL60_STABLE_2020.12.07+WN3.1
3652,3735,der,-10.6375,0,0,0,0,,0,0,,,,,0,0,D5K,SCOWL60_STABLE_2020.12.07+WN3.1
3653,3736,difficulty,-10.6375,1,1,0,0,N,1,0,,difficult,,,1,0,D5K,SCOWL60_STABLE_2020.12.07+WN3.1
3654,3737,disaster,-10.6375,1,0,1,0,N,1,1,,,,disasters,0,1,D5K,SCOWL60_STABLE_2020.12.07+WN3.1
3655,3738,dragon,-10.6375,1,1,0,0,N,1,1,,,,dragons,0,1,D5K,SCOWL60_STABLE_2020.12.07+WN3.1
3656,3739,efficiency,-10.6375,1,1,0,0,N,0,0,,,,,0,0,D5K,SCOWL60_STABLE_2020.12.07+WN3.1
3657,3740,generated,-10.6375,1,0,1,0,,1,0,,generate,,,1,0,D5K,SCOWL60_STABLE_2020.12.07+WN3.1
3658,3741,georgia,-10.6375,0,0,0,0,N,0,0,,,,,0,0,D5K,SCOWL60_STABLE_2020.12.07+WN3.1
3659,3742,hired,-10.6375,1,0,1,0,ADJ,1,0,,hire,,,1,0,D5K,SCOWL60_STABLE_2020.12.07+WN3.1
3660,3743,honey,-10.6375,1,1,0,0,N|V|ADJ,0,0,,,,,0,0,D5K,SCOWL60_STABLE_2020.12.07+WN3.1
3661,3744,hop,-10.6375,1,1,0,0,N|V,1,1,op,ho,shop;chop,hope;hops,2,4,D5K,SCOWL60_STABLE_2020.12.07+WN3.1
3662,3745,humanity,-10.6375,1,1,0,0,N,0,0,,,,,0,0,D5K,SCOWL60_STABLE_2020.12.07+WN3.1
3663,3746,hunter,-10.6375,1,1,1,0,N,1,1,,,,hunters,0,1,D5K,SCOWL60_STABLE_2020.12.07+WN3.1
3664,3747,infection,-10.6375,1,1,0,0,N,1,1,,,,infections,0,1,D5K,SCOWL60_STABLE_2020.12.07+WN3.1
3665,3748,intention,-10.6375,1,1,0,0,N,1,1,,,,intentions,0,1,D5K,SCOWL60_STABLE_2020.12.07+WN3.1
3666,3749,johnny,-10.6375,1,1,0,0,N,0,0,,,,,0,0,D5K,SCOWL60_STABLE_2020.12.07+WN3.1
3667,3750,journalist,-10.6375,1,1,0,0,N,1,1,,,,journalists,0,1,D5K,SCOWL60_STABLE_2020.12.07+WN3.1
3668,3751,jury,-10.6375,1,1,0,0,N,0,0,,,,,0,0,D5K,SCOWL60_STABLE_2020.12.07+WN3.1
3669,3752,laboratory,-10.6375,1,1,0,0,N,0,0,,,,,0,0,D5K,SCOWL60_STABLE_2020.12.07+WN3.1
3670,3753,landscape,-10.6375,1,1,0,0,N|V,1,1,,,,landscapes,0,1,D5K,SCOWL60_STABLE_2020.12.07+WN3.1
3671,3754,liquid,-10.6375,1,1,0,0,N|ADJ,1,1,,,,liquids,0,1,D5K,SCOWL60_STABLE_2020.12.07+WN3.1
3672,3755,lowest,-10.6375,1,0,1,0,ADJ|ADV,0,0,,,,,0,0,D5K,SCOWL60_STABLE_2020.12.07+WN3.1
3673,3756,maria,-10.6375,1,1,0,0,N,1,0,aria,,,,1,0,D5K,SCOWL60_STABLE_2020.12.07+WN3.1
3674,3757,muslims,-10.6375,0,0,0,0,,0,0,,,,,0,0,D5K,SCOWL60_STABLE_2020.12.07+WN3.1
3675,3758,occasionally,-10.6375,1,0,1,0,ADV,0,0,,,,,0,0,D5K,SCOWL60_STABLE_2020.12.07+WN3.1
3676,3759,occupied,-10.6375,1,1,1,0,ADJ,0,0,,,,,0,0,D5K,SCOWL60_STABLE_2020.12.07+WN3.1
3677,3760,ohio,-10.6375,0,0,0,0,N,0,0,,,,,0,0,D5K,SCOWL60_STABLE_2020.12.07+WN3.1
3678,3761,parliamentary,-10.6375,1,1,0,0,ADJ,0,0,,,,,0,0,D5K,SCOWL60_STABLE_2020.12.07+WN3.1
3679,3762,patterns,-10.6375,1,0,1,0,,1,0,,pattern,,,1,0,D5K,SCOWL60_STABLE_2020.12.07+WN3.1
3680,3763,preparation,-10.6375,1,1,0,0,N,1,1,,,,preparations,0,1,D5K,SCOWL60_STABLE_2020.12.07+WN3.1
3681,3764,rapidly,-10.6375,1,0,1,0,ADV,0,0,,,,,0,0,D5K,SCOWL60_STABLE_2020.12.07+WN3.1
3682,3765,residence,-10.6375,1,1,0,0,N,1,1,,,,residences,0,1,D5K,SCOWL60_STABLE_2020.12.07+WN3.1
3683,3766,reveal,-10.6375,1,1,0,0,V,1,1,,,,reveals,0,1,D5K,SCOWL60_STABLE_2020.12.07+WN3.1
3684,3767,rocks,-10.6375,1,0,1,0,,1,0,,rock,,,1,0,D5K,SCOWL60_STABLE_2020.12.07+WN3.1
3685,3768,rugby,-10.6375,1,1,0,0,N,0,0,,,,,0,0,D5K,SCOWL60_STABLE_2020.12.07+WN3.1
3686,3769,savings,-10.6375,1,1,1,0,N,1,0,,saving,,,1,0,D5K,SCOWL60_STABLE_2020.12.07+WN3.1
3687,3770,serves,-10.6375,1,0,1,0,,1,0,,serve,,,1,0,D5K,SCOWL60_STABLE_2020.12.07+WN3.1
3688,3771,sheet,-10.6375,1,1,0,0,N|V,1,1,,,,sheets,0,1,D5K,SCOWL60_STABLE_2020.12.07+WN3.1
3689,3772,shell,-10.6375,1,1,0,0,N|V,1,1,hell,,,shells,1,1,D5K,SCOWL60_STABLE_2020.12.07+WN3.1
3690,3773,strip,-10.6375,1,1,0,0,N|V,1,1,trip,,,strips;stripe,1,2,D5K,SCOWL60_STABLE_2020.12.07+WN3.1
3691,3774,substance,-10.6375,1,1,0,0,N,1,1,,,,substances,0,1,D5K,SCOWL60_STABLE_2020.12.07+WN3.1
3692,3775,terrorist,-10.6375,1,1,0,0,N,1,1,,,,terrorists,0,1,D5K,SCOWL60_STABLE_2020.12.07+WN3.1
3693,3776,throwing,-10.6375,1,0,1,0,,0,0,,,,,0,0,D5K,SCOWL60_STABLE_2020.12.07+WN3.1
3694,3777,titles,-10.6375,1,0,1,0,,1,0,,title,,,1,0,D5K,SCOWL60_STABLE_2020.12.07+WN3.1
3695,3778,twelve,-10.6375,1,1,0,0,N|ADJ,0,0,,,,,0,0,D5K,SCOWL60_STABLE_2020.12.07+WN3.1
3696,3779,vessel,-10.6375,1,1,0,0,N,1,1,,,,vessels,0,1,D5K,SCOWL60_STABLE_2020.12.07+WN3.1
3697,3780,ye,-10.6375,1,1,0,0,,1,1,,,eye;bye;aye;dye;rye,yet;yes;yep;yea;yen;yer,0,11,D5K,SCOWL60_STABLE_2020.12.07+WN3.1
3698,3781,yep,-10.6375,1,1,0,0,,1,0,,ye,,,1,0,D5K,SCOWL60_STABLE_2020.12.07+WN3.1
3699,3782,answered,-10.6628,1,1,1,0,,0,0,,,,,0,0,D5K,SCOWL60_STABLE_2020.12.07+WN3.1
3700,3783,assist,-10.6628,1,1,0,0,N|V,1,1,,,,assists,0,1,D5K,SCOWL60_STABLE_2020.12.07+WN3.1
3701,3784,bags,-10.6628,1,0,1,0,,1,0,,bag,,,1,0,D5K,SCOWL60_STABLE_2020.12.07+WN3.1
3702,3785,bonus,-10.6628,1,1,0,0,N,0,0,,,,,0,0,D5K,SCOWL60_STABLE_2020.12.07+WN3.1
3703,3786,bro,-10.6628,1,1,0,0,,1,1,,,,bros;brow,0,2,D5K,SCOWL60_STABLE_2020.12.07+WN3.1
3704,3787,carolina,-10.6628,0,0,0,0,N,0,0,,,,,0,0,D5K,SCOWL60_STABLE_2020.12.07+WN3.1
3705,3788,charlie,-10.6628,1,1,0,0,,0,0,,,,,0,0,D5K,SCOWL60_STABLE_2020.12.07+WN3.1
3706,3789,churches,-10.6628,1,0,1,0,,0,0,,,,,0,0,D5K,SCOWL60_STABLE_2020.12.07+WN3.1
3707,3790,collect,-10.6628,1,1,0,0,N|V|ADJ|ADV,1,1,,,,collects,0,1,D5K,SCOWL60_STABLE_2020.12.07+WN3.1
3708,3791,comic,-10.6628,1,1,0,0,N|ADJ,1,1,,,,comics,0,1,D5K,SCOWL60_STABLE_2020.12.07+WN3.1
3709,3792,composed,-10.6628,1,0,1,0,ADJ,1,0,,compose,,,1,0,D5K,SCOWL60_STABLE_2020.12.07+WN3.1
3710,3793,damaged,-10.6628,1,1,1,0,ADJ,1,0,,damage,,,1,0,D5K,SCOWL60_STABLE_2020.12.07+WN3.1
3711,3794,designated,-10.6628,1,0,1,0,,1,0,,designate,,,1,0,D5K,SCOWL60_STABLE_2020.12.07+WN3.1
3712,3795,desk,-10.6628,1,1,0,0,N,1,1,,,,desks,0,1,D5K,SCOWL60_STABLE_2020.12.07+WN3.1
3713,3796,diamond,-10.6628,1,1,0,0,N,1,1,,,,diamonds,0,1,D5K,SCOWL60_STABLE_2020.12.07+WN3.1
3714,3797,distributed,-10.6628,1,1,1,0,ADJ,1,0,,distribute,,,1,0,D5K,SCOWL60_STABLE_2020.12.07+WN3.1
3715,3798,divorce,-10.6628,1,1,0,0,N|V,1,1,,,,divorced,0,1,D5K,SCOWL60_STABLE_2020.12.07+WN3.1
3716,3799,ears,-10.6628,1,0,1,0,,1,1,,ear,years;tears;bears;fears;wears;hears;gears;sears,,1,8,D5K,SCOWL60_STABLE_2020.12.07+WN3.1
3717,3800,encouraged,-10.6628,1,0,1,0,ADJ,1,0,,encourage,,,1,0,D5K,SCOWL60_STABLE_2020.12.07+WN3.1
3718,3801,estimate,-10.6628,1,1,0,0,N|V,1,1,,,,estimated;estimates,0,2,D5K,SCOWL60_STABLE_2020.12.07+WN3.1
3719,3802,experiment,-10.6628,1,1,0,0,N|V,1,1,,,,experiments,0,1,D5K,SCOWL60_STABLE_2020.12.07+WN3.1
3720,3803,federation,-10.6628,1,1,1,0,N,0,0,,,,,0,0,D5K,SCOWL60_STABLE_2020.12.07+WN3.1
3721,3804,feedback,-10.6628,1,1,0,0,N,0,0,,,,,0,0,D5K,SCOWL60_STABLE_2020.12.07+WN3.1
3722,3805,figured,-10.6628,1,0,1,0,ADJ,1,0,,figure,,,1,0,D5K,SCOWL60_STABLE_2020.12.07+WN3.1
3723,3806,gathered,-10.6628,1,0,1,0,ADJ,0,0,,,,,0,0,D5K,SCOWL60_STABLE_2020.12.07+WN3.1
3724,3808,horror,-10.6628,1,1,0,0,N,1,1,,,,horrors,0,1,D5K,SCOWL60_STABLE_2020.12.07+WN3.1
3725,3809,howard,-10.6628,0,0,0,0,N,0,0,,,,,0,0,D5K,SCOWL60_STABLE_2020.12.07+WN3.1
3726,3810,indonesia,-10.6628,0,0,0,0,N,0,0,,,,,0,0,D5K,SCOWL60_STABLE_2020.12.07+WN3.1
3727,3811,jay,-10.6628,1,1,0,0,N,1,1,,,,jays,0,1,D5K,SCOWL60_STABLE_2020.12.07+WN3.1
3728,3812,lab,-10.6628,1,1,0,0,N,1,1,ab,la,slab,labs,2,2,D5K,SCOWL60_STABLE_2020.12.07+WN3.1
3729,3813,lately,-10.6628,1,0,1,0,ADV,0,0,,,,,0,0,D5K,SCOWL60_STABLE_2020.12.07+WN3.1
3730,3814,madrid,-10.6628,0,0,0,0,N,0,0,,,,,0,0,D5K,SCOWL60_STABLE_2020.12.07+WN3.1
3731,3815,managing,-10.6628,1,0,1,0,,0,0,,,,,0,0,D5K,SCOWL60_STABLE_2020.12.07+WN3.1
3732,3816,math,-10.6628,1,0,1,0,N,1,0,,mat,,,1,0,D5K,SCOWL60_STABLE_2020.12.07+WN3.1
3733,3817,moreover,-10.6628,1,1,0,0,ADV,0,0,,,,,0,0,D5K,SCOWL60_STABLE_2020.12.07+WN3.1
3734,3818,nowhere,-10.6628,1,1,0,0,N|ADV,0,0,,,,,0,0,D5K,SCOWL60_STABLE_2020.12.07+WN3.1
3735,3820,ongoing,-10.6628,1,1,0,0,ADJ,0,0,,,,,0,0,D5K,SCOWL60_STABLE_2020.12.07+WN3.1
3736,3822,pa,-10.6628,1,1,0,0,N,1,1,a,,spa,pay;pan;pat;par;pal;pad;pas;paw;pap,1,10,D5K,SCOWL60_STABLE_2020.12.07+WN3.1
3737,3823,pan,-10.6628,1,1,0,0,N|V,1,1,an,pa,span,pans,2,2,D5K,SCOWL60_STABLE_2020.12.07+WN3.1
3738,3824,peoples,-10.6628,1,0,1,0,N,1,0,,people,,,1,0,D5K,SCOWL60_STABLE_2020.12.07+WN3.1
3739,3825,pizza,-10.6628,1,1,0,0,N,1,1,,,,pizzas,0,1,D5K,SCOWL60_STABLE_2020.12.07+WN3.1
3740,3826,potentially,-10.6628,1,0,1,0,ADV,0,0,,,,,0,0,D5K,SCOWL60_STABLE_2020.12.07+WN3.1
3741,3827,pp,-10.6628,1,1,0,0,,1,1,,,app,ppm,0,2,D5K,SCOWL60_STABLE_2020.12.07+WN3.1
3742,3828,producers,-10.6628,1,0,1,0,,1,0,,producer,,,1,0,D5K,SCOWL60_STABLE_2020.12.07+WN3.1
3743,3829,protest,-10.6628,1,0,1,0,N|V,1,1,,,,protests,0,1,D5K,SCOWL60_STABLE_2020.12.07+WN3.1
3744,3830,punishment,-10.6628,1,1,1,0,N,1,1,,,,punishments,0,1,D5K,SCOWL60_STABLE_2020.12.07+WN3.1
3745,3831,pushing,-10.6628,1,0,1,0,N,0,0,,,,,0,0,D5K,SCOWL60_STABLE_2020.12.07+WN3.1
3746,3832,readers,-10.6628,1,0,1,0,,1,0,,reader,,,1,0,D5K,SCOWL60_STABLE_2020.12.07+WN3.1
3747,3833,rear,-10.6628,1,1,0,0,N|V|ADJ,1,0,ear,,,,1,0,D5K,SCOWL60_STABLE_2020.12.07+WN3.1
3748,3834,refers,-10.6628,1,0,1,0,,1,1,,refer,prefers,,1,1,D5K,SCOWL60_STABLE_2020.12.07+WN3.1
3749,3835,removal,-10.6628,1,1,0,0,N,0,0,,,,,0,0,D5K,SCOWL60_STABLE_2020.12.07+WN3.1
3750,3836,rivers,-10.6628,1,0,1,0,,1,1,,river,drivers,,1,1,D5K,SCOWL60_STABLE_2020.12.07+WN3.1
3751,3837,roger,-10.6628,1,1,0,0,,1,1,,,,rogers,0,1,D5K,SCOWL60_STABLE_2020.12.07+WN3.1
3752,3838,routine,-10.6628,1,1,0,0,N|ADJ,1,1,,,,routines,0,1,D5K,SCOWL60_STABLE_2020.12.07+WN3.1
3753,3839,silly,-10.6628,1,1,0,0,N|ADJ,0,0,,,,,0,0,D5K,SCOWL60_STABLE_2020.12.07+WN3.1
3754,3840,smooth,-10.6628,1,1,0,0,N|V|ADJ,0,0,,,,,0,0,D5K,SCOWL60_STABLE_2020.12.07+WN3.1
3755,3841,spell,-10.6628,1,1,0,0,N|V,1,1,,,,spells,0,1,D5K,SCOWL60_STABLE_2020.12.07+WN3.1
3756,3842,stolen,-10.6628,1,1,0,0,,1,0,,stole,,,1,0,D5K,SCOWL60_STABLE_2020.12.07+WN3.1
3757,3843,stops,-10.6628,1,0,1,0,N,1,0,tops,stop,,,2,0,D5K,SCOWL60_STABLE_2020.12.07+WN3.1
3758,3844,symbol,-10.6628,1,1,0,0,N,1,1,,,,symbols,0,1,D5K,SCOWL60_STABLE_2020.12.07+WN3.1
3759,3845,vacation,-10.6628,1,1,0,0,N|V,1,1,,,,vacations,0,1,D5K,SCOWL60_STABLE_2020.12.07+WN3.1
3760,3846,vessels,-10.6628,1,0,1,0,,1,0,,vessel,,,1,0,D5K,SCOWL60_STABLE_2020.12.07+WN3.1
3761,3847,virgin,-10.6628,1,1,0,0,N|ADJ,1,1,,,,virgins,0,1,D5K,SCOWL60_STABLE_2020.12.07+WN3.1
3762,3848,voices,-10.6628,1,0,1,0,,1,0,,voice,,,1,0,D5K,SCOWL60_STABLE_2020.12.07+WN3.1
3763,3849,walker,-10.6628,1,1,1,0,N,1,1,,,,walkers,0,1,D5K,SCOWL60_STABLE_2020.12.07+WN3.1
3764,3850,wounded,-10.6628,1,0,1,0,N|ADJ,0,0,,,,,0,0,D5K,SCOWL60_STABLE_2020.12.07+WN3.1
3765,3851,accompanied,-10.6844,1,1,1,0,ADJ,0,0,,,,,0,0,D5K,SCOWL60_STABLE_2020.12.07+WN3.1
3766,3852,actress,-10.6844,1,1,0,0,N,0,0,,,,,0,0,D5K,SCOWL60_STABLE_2020.12.07+WN3.1
3767,3853,aimed,-10.6844,1,0,1,0,,0,0,,,,,0,0,D5K,SCOWL60_STABLE_2020.12.07+WN3.1
3768,3854,apparent,-10.6844,1,1,0,0,ADJ,0,0,,,,,0,0,D5K,SCOWL60_STABLE_2020.12.07+WN3.1
3769,3855,asshole,-10.6844,1,1,0,1,N,1,1,,,,assholes,0,1,D5K,SCOWL60_STABLE_2020.12.07+WN3.1
3770,3856,banned,-10.6844,1,1,0,0,ADJ,0,0,,,,,0,0,D5K,SCOWL60_STABLE_2020.12.07+WN3.1
3771,3857,belt,-10.6844,1,1,0,0,N|V,1,1,,,,belts,0,1,D5K,SCOWL60_STABLE_2020.12.07+WN3.1
3772,3858,biological,-10.6844,1,1,0,0,ADJ,0,0,,,,,0,0,D5K,SCOWL60_STABLE_2020.12.07+WN3.1
3773,3859,channels,-10.6844,1,0,1,0,N,1,0,,channel,,,1,0,D5K,SCOWL60_STABLE_2020.12.07+WN3.1
3774,3860,checking,-10.6844,1,0,1,0,,0,0,,,,,0,0,D5K,SCOWL60_STABLE_2020.12.07+WN3.1
3775,3861,column,-10.6844,1,1,0,0,N,1,1,,,,columns,0,1,D5K,SCOWL60_STABLE_2020.12.07+WN3.1
3776,3862,commerce,-10.6844,1,1,0,0,N,0,0,,,,,0,0,D5K,SCOWL60_STABLE_2020.12.07+WN3.1
3777,3863,component,-10.6844,1,1,0,0,N,1,1,,,,components,0,1,D5K,SCOWL60_STABLE_2020.12.07+WN3.1
3778,3864,composition,-10.6844,1,1,1,0,N,1,1,,,,compositions,0,1,D5K,SCOWL60_STABLE_2020.12.07+WN3.1
3779,3865,congratulations,-10.6844,1,0,1,0,N,0,0,,,,,0,0,D5K,SCOWL60_STABLE_2020.12.07+WN3.1
3780,3866,conservation,-10.6844,1,1,0,0,N,0,0,,,,,0,0,D5K,SCOWL60_STABLE_2020.12.07+WN3.1
3781,3867,considerable,-10.6844,1,1,0,0,ADJ,0,0,,,,,0,0,D5K,SCOWL60_STABLE_2020.12.07+WN3.1
3782,3868,contributions,-10.6844,1,0,1,0,,1,0,,contribution,,,1,0,D5K,SCOWL60_STABLE_2020.12.07+WN3.1
3783,3869,crystal,-10.6844,1,1,0,0,N,1,1,,,,crystals,0,1,D5K,SCOWL60_STABLE_2020.12.07+WN3.1
3784,3870,cuts,-10.6844,1,0,1,0,,1,0,,cut,,,1,0,D5K,SCOWL60_STABLE_2020.12.07+WN3.1
3785,3871,discrimination,-10.6844,1,1,1,0,N,0,0,,,,,0,0,D5K,SCOWL60_STABLE_2020.12.07+WN3.1
3786,3872,domain,-10.6844,1,1,0,0,N,1,1,,,,domains,0,1,D5K,SCOWL60_STABLE_2020.12.07+WN3.1
3787,3873,drove,-10.6844,1,1,0,0,N,0,0,,,,,0,0,D5K,SCOWL60_STABLE_2020.12.07+WN3.1
3788,3874,eh,-10.6844,1,1,0,0,,1,1,,,meh,,0,1,D5K,SCOWL60_STABLE_2020.12.07+WN3.1
3789,3875,exit,-10.6844,1,1,0,0,N|V,1,1,,,,exits,0,1,D5K,SCOWL60_STABLE_2020.12.07+WN3.1
3790,3876,extend,-10.6844,1,1,0,0,V,1,1,,,,extends,0,1,D5K,SCOWL60_STABLE_2020.12.07+WN3.1
3791,3877,ft,-10.6844,1,1,0,0,N,1,1,,,aft,,0,1,D5K,SCOWL60_STABLE_2020.12.07+WN3.1
3792,3878,fuckin,-10.6844,0,0,0,0,,0,0,,,,,0,0,D5K,SCOWL60_STABLE_2020.12.07+WN3.1
3793,3879,genetic,-10.6844,1,1,0,0,ADJ,1,1,,,,genetics,0,1,D5K,SCOWL60_STABLE_2020.12.07+WN3.1
3794,3880,genius,-10.6844,1,1,0,0,N,0,0,,,,,0,0,D5K,SCOWL60_STABLE_2020.12.07+WN3.1
3795,3881,gordon,-10.6844,0,0,0,0,,0,0,,,,,0,0,D5K,SCOWL60_STABLE_2020.12.07+WN3.1
3796,3882,greatly,-10.6844,1,0,1,0,ADV,0,0,,,,,0,0,D5K,SCOWL60_STABLE_2020.12.07+WN3.1
3797,3883,greece,-10.6844,0,0,0,0,N,0,0,,,,,0,0,D5K,SCOWL60_STABLE_2020.12.07+WN3.1
3798,3884,idiot,-10.6844,1,1,0,0,N,1,1,,,,idiots,0,1,D5K,SCOWL60_STABLE_2020.12.07+WN3.1
3799,3885,indicates,-10.6844,1,0,1,0,,1,0,,indicate,,,1,0,D5K,SCOWL60_STABLE_2020.12.07+WN3.1
3800,3886,initiative,-10.6844,1,1,1,0,N|ADJ,1,1,,,,initiatives,0,1,D5K,SCOWL60_STABLE_2020.12.07+WN3.1
3801,3887,instructions,-10.6844,1,0,1,0,N,1,0,,instruction,,,1,0,D5K,SCOWL60_STABLE_2020.12.07+WN3.1
3802,3888,intervention,-10.6844,1,1,0,0,N,1,1,,,,interventions,0,1,D5K,SCOWL60_STABLE_2020.12.07+WN3.1
3803,3889,interviews,-10.6844,1,0,1,0,,1,0,,interview,,,1,0,D5K,SCOWL60_STABLE_2020.12.07+WN3.1
3804,3890,journalists,-10.6844,1,0,1,0,,1,0,,journalist,,,1,0,D5K,SCOWL60_STABLE_2020.12.07+WN3.1
3805,3891,juice,-10.6844,1,1,0,0,N,1,1,,,,juices,0,1,D5K,SCOWL60_STABLE_2020.12.07+WN3.1
3806,3892,las,-10.6844,0,0,0,0,,0,0,,,,,0,0,D5K,SCOWL60_STABLE_2020.12.07+WN3.1
3807,3893,lifetime,-10.6844,1,1,0,0,N,0,0,,,,,0,0,D5K,SCOWL60_STABLE_2020.12.07+WN3.1
3808,3894,literary,-10.6844,1,1,0,0,ADJ,0,0,,,,,0,0,D5K,SCOWL60_STABLE_2020.12.07+WN3.1
3809,3895,log,-10.6844,1,1,0,0,N|V,1,1,,lo,blog,logo;logs,1,3,D5K,SCOWL60_STABLE_2020.12.07+WN3.1
3810,3896,mechanism,-10.6844,1,1,0,0,N,1,1,,,,mechanisms,0,1,D5K,SCOWL60_STABLE_2020.12.07+WN3.1
3811,3897,medal,-10.6844,1,1,0,0,N,1,1,,,,medals,0,1,D5K,SCOWL60_STABLE_2020.12.07+WN3.1
3812,3899,mothers,-10.6844,1,0,1,0,,1,0,others,mother,,,2,0,D5K,SCOWL60_STABLE_2020.12.07+WN3.1
3813,3900,nevertheless,-10.6844,1,1,0,0,ADV,0,0,,,,,0,0,D5K,SCOWL60_STABLE_2020.12.07+WN3.1
3814,3901,nurse,-10.6844,1,1,0,0,N|V,1,1,,,,nurses,0,1,D5K,SCOWL60_STABLE_2020.12.07+WN3.1
3815,3902,phil,-10.6844,0,0,0,0,,0,0,,,,,0,0,D5K,SCOWL60_STABLE_2020.12.07+WN3.1
3816,3903,physics,-10.6844,1,1,1,0,N,0,0,,,,,0,0,D5K,SCOWL60_STABLE_2020.12.07+WN3.1
3817,3904,pot,-10.6844,1,1,0,0,N|V,1,1,,,spot,pots,0,2,D5K,SCOWL60_STABLE_2020.12.07+WN3.1
3818,3905,regret,-10.6844,1,1,0,0,N|V,1,1,,,,regrets,0,1,D5K,SCOWL60_STABLE_2020.12.07+WN3.1
3819,3906,repair,-10.6844,1,1,1,0,N|V,1,1,,,,repairs,0,1,D5K,SCOWL60_STABLE_2020.12.07+WN3.1
3820,3907,resident,-10.6844,1,1,0,0,N|ADJ,1,1,,,president,residents,0,2,D5K,SCOWL60_STABLE_2020.12.07+WN3.1
3821,3908,responses,-10.6844,1,0,1,0,,1,0,,response,,,1,0,D5K,SCOWL60_STABLE_2020.12.07+WN3.1
3822,3909,revolutionary,-10.6844,1,1,0,0,N|ADJ,1,0,evolutionary,,,,1,0,D5K,SCOWL60_STABLE_2020.12.07+WN3.1
3823,3910,ross,-10.6844,0,0,0,0,N,0,0,,,,,0,0,D5K,SCOWL60_STABLE_2020.12.07+WN3.1
3824,3911,roughly,-10.6844,1,0,1,0,ADV,0,0,,,,,0,0,D5K,SCOWL60_STABLE_2020.12.07+WN3.1
3825,3912,shore,-10.6844,1,1,0,0,N|V,1,1,,,ashore,shores,0,2,D5K,SCOWL60_STABLE_2020.12.07+WN3.1
3826,3913,signing,-10.6844,1,0,1,0,N,0,0,,,,,0,0,D5K,SCOWL60_STABLE_2020.12.07+WN3.1
3827,3914,sixth,-10.6844,1,1,1,0,N|ADJ,0,0,,,,,0,0,D5K,SCOWL60_STABLE_2020.12.07+WN3.1
3828,3915,thou,-10.6844,1,1,0,0,N,1,0,,tho,,,1,0,D5K,SCOWL60_STABLE_2020.12.07+WN3.1
3829,3916,versions,-10.6844,1,0,1,0,,1,0,,version,,,1,0,D5K,SCOWL60_STABLE_2020.12.07+WN3.1
3830,3917,vietnam,-10.6844,0,0,0,0,N,0,0,,,,,0,0,D5K,SCOWL60_STABLE_2020.12.07+WN3.1
3831,3918,waves,-10.6844,1,0,1,0,,1,0,,wave,,,1,0,D5K,SCOWL60_STABLE_2020.12.07+WN3.1
3832,3919,anne,-10.7064,0,0,0,0,N,0,0,,,,,0,0,D5K,SCOWL60_STABLE_2020.12.07+WN3.1
3833,3920,annoying,-10.7064,1,1,1,0,N|ADJ,0,0,,,,,0,0,D5K,SCOWL60_STABLE_2020.12.07+WN3.1
3834,3921,arthur,-10.7064,0,0,0,0,N,0,0,,,,,0,0,D5K,SCOWL60_STABLE_2020.12.07+WN3.1
3835,3922,billy,-10.7064,1,1,0,0,N,1,0,,bill,,,1,0,D5K,SCOWL60_STABLE_2020.12.07+WN3.1
3836,3923,centers,-10.7064,1,0,1,0,,1,0,enters,center,,,2,0,D5K,SCOWL60_STABLE_2020.12.07+WN3.1
3837,3924,ceo,-10.7064,0,0,0,0,N,0,0,,,,,0,0,D5K,SCOWL60_STABLE_2020.12.07+WN3.1
3838,3925,collective,-10.7064,1,1,1,0,N|ADJ,0,0,,,,,0,0,D5K,SCOWL60_STABLE_2020.12.07+WN3.1
3839,3926,compensation,-10.7064,1,1,1,0,N,0,0,,,,,0,0,D5K,SCOWL60_STABLE_2020.12.07+WN3.1
3840,3927,compete,-10.7064,1,1,0,0,V,1,1,,,,competed,0,1,D5K,SCOWL60_STABLE_2020.12.07+WN3.1
3841,3928,cops,-10.7064,1,0,1,0,,1,0,ops,cop,,,2,0,D5K,SCOWL60_STABLE_2020.12.07+WN3.1
3842,3929,cricket,-10.7064,1,1,0,0,N|V,0,0,,,,,0,0,D5K,SCOWL60_STABLE_2020.12.07+WN3.1
3843,3930,crossed,-10.7064,1,0,1,0,ADJ,0,0,,,,,0,0,D5K,SCOWL60_STABLE_2020.12.07+WN3.1
3844,3931,dallas,-10.7064,0,0,0,0,N,0,0,,,,,0,0,D5K,SCOWL60_STABLE_2020.12.07+WN3.1
3845,3932,deck,-10.7064,1,1,0,0,N|V,1,1,,,,decks,0,1,D5K,SCOWL60_STABLE_2020.12.07+WN3.1
3846,3933,deny,-10.7064,1,1,0,0,V,1,0,,den,,,1,0,D5K,SCOWL60_STABLE_2020.12.07+WN3.1
3847,3934,dispute,-10.7064,1,1,0,0,N|V,1,1,,,,disputes;disputed,0,2,D5K,SCOWL60_STABLE_2020.12.07+WN3.1
3848,3935,elite,-10.7064,1,1,0,0,N|ADJ,1,1,lite,,,elites,1,1,D5K,SCOWL60_STABLE_2020.12.07+WN3.1
3849,3936,estimates,-10.7064,1,0,1,0,,1,0,,estimate,,,1,0,D5K,SCOWL60_STABLE_2020.12.07+WN3.1
3850,3937,fiction,-10.7064,1,1,0,0,N,0,0,,,,,0,0,D5K,SCOWL60_STABLE_2020.12.07+WN3.1
3851,3938,grass,-10.7064,1,1,0,0,N|V,0,0,,,,,0,0,D5K,SCOWL60_STABLE_2020.12.07+WN3.1
3852,3939,grave,-10.7064,1,1,0,0,N|V|ADJ,1,1,rave,,,graves;gravel,1,2,D5K,SCOWL60_STABLE_2020.12.07+WN3.1
3853,3940,gym,-10.7064,1,1,0,0,N,0,0,,,,,0,0,D5K,SCOWL60_STABLE_2020.12.07+WN3.1
3854,3941,handling,-10.7064,1,0,1,0,N,0,0,,,,,0,0,D5K,SCOWL60_STABLE_2020.12.07+WN3.1
3855,3942,impression,-10.7064,1,1,0,0,N,1,1,,,,impressions,0,1,D5K,SCOWL60_STABLE_2020.12.07+WN3.1
3856,3943,insane,-10.7064,1,1,1,0,ADJ,0,0,,,,,0,0,D5K,SCOWL60_STABLE_2020.12.07+WN3.1
3857,3944,judgment,-10.7064,1,1,0,0,N,1,1,,,,judgments,0,1,D5K,SCOWL60_STABLE_2020.12.07+WN3.1
3858,3945,knock,-10.7064,1,1,0,0,N|V,1,1,,,,knocks,0,1,D5K,SCOWL60_STABLE_2020.12.07+WN3.1
3859,3946,lawrence,-10.7064,0,0,0,0,N,0,0,,,,,0,0,D5K,SCOWL60_STABLE_2020.12.07+WN3.1
3860,3947,lips,-10.7064,1,0,1,0,,1,1,,lip,clips;slips,,1,2,D5K,SCOWL60_STABLE_2020.12.07+WN3.1
3861,3948,matthew,-10.7064,0,0,0,0,N,0,0,,,,,0,0,D5K,SCOWL60_STABLE_2020.12.07+WN3.1
3862,3949,mechanical,-10.7064,1,1,0,0,ADJ,0,0,,,,,0,0,D5K,SCOWL60_STABLE_2020.12.07+WN3.1
3863,3950,meets,-10.7064,1,0,1,0,,1,0,,meet,,,1,0,D5K,SCOWL60_STABLE_2020.12.07+WN3.1
3864,3951,michigan,-10.7064,0,0,0,0,N,0,0,,,,,0,0,D5K,SCOWL60_STABLE_2020.12.07+WN3.1
3865,3952,min,-10.7064,1,1,0,0,N,1,1,in,mi,,mind;mine;mini;mint,2,4,D5K,SCOWL60_STABLE_2020.12.07+WN3.1
3866,3953,patrick,-10.7064,0,0,0,0,N,0,0,,,,,0,0,D5K,SCOWL60_STABLE_2020.12.07+WN3.1
3867,3954,pet,-10.7064,1,1,0,0,N|V|ADJ,1,1,,,,pets,0,1,D5K,SCOWL60_STABLE_2020.12.07+WN3.1
3868,3955,porn,-10.7064,1,1,0,0,N,0,0,,,,,0,0,D5K,SCOWL60_STABLE_2020.12.07+WN3.1
3869,3956,precious,-10.7064,1,1,0,0,ADJ|ADV,0,0,,,,,0,0,D5K,SCOWL60_STABLE_2020.12.07+WN3.1
3870,3957,preparing,-10.7064,1,0,1,0,,0,0,,,,,0,0,D5K,SCOWL60_STABLE_2020.12.07+WN3.1
3871,3958,proceedings,-10.7064,1,0,1,0,N,1,0,,proceeding,,,1,0,D5K,SCOWL60_STABLE_2020.12.07+WN3.1
3872,3959,prominent,-10.7064,1,1,0,0,ADJ,0,0,,,,,0,0,D5K,SCOWL60_STABLE_2020.12.07+WN3.1
3873,3960,races,-10.7064,1,0,1,0,,1,1,aces,race,traces;braces,,2,2,D5K,SCOWL60_STABLE_2020.12.07+WN3.1
3874,3961,referring,-10.7064,1,1,0,0,,1,1,,,preferring,,0,1,D5K,SCOWL60_STABLE_2020.12.07+WN3.1
3875,3962,resort,-10.7064,1,0,1,0,N|V,1,1,,,,resorts,0,1,D5K,SCOWL60_STABLE_2020.12.07+WN3.1
3876,3963,samples,-10.7064,1,0,1,0,,1,0,,sample,,,1,0,D5K,SCOWL60_STABLE_2020.12.07+WN3.1
3877,3964,searching,-10.7064,1,1,1,0,ADJ,0,0,,,,,0,0,D5K,SCOWL60_STABLE_2020.12.07+WN3.1
3878,3965,sexy,-10.7064,1,1,0,0,ADJ,1,0,,sex,,,1,0,D5K,SCOWL60_STABLE_2020.12.07+WN3.1
3879,3966,shops,-10.7064,1,0,1,0,,1,0,hops,shop,,,2,0,D5K,SCOWL60_STABLE_2020.12.07+WN3.1
3880,3967,similarly,-10.7064,1,0,1,0,ADV,0,0,,,,,0,0,D5K,SCOWL60_STABLE_2020.12.07+WN3.1
3881,3968,submitted,-10.7064,1,1,0,0,,0,0,,,,,0,0,D5K,SCOWL60_STABLE_2020.12.07+WN3.1
3882,3969,suitable,-10.7064,1,0,1,0,ADJ,0,0,,,,,0,0,D5K,SCOWL60_STABLE_2020.12.07+WN3.1
3883,3970,tail,-10.7064,1,1,0,0,N|V,1,1,,,,tails,0,1,D5K,SCOWL60_STABLE_2020.12.07+WN3.1
3884,3971,turkish,-10.7064,0,0,0,0,N|ADJ,0,0,,,,,0,0,D5K,SCOWL60_STABLE_2020.12.07+WN3.1
3885,3972,uniform,-10.7064,1,1,0,0,N|V|ADJ,1,1,,,,uniforms,0,1,D5K,SCOWL60_STABLE_2020.12.07+WN3.1
3886,3973,unions,-10.7064,1,0,1,0,,1,0,,union,,,1,0,D5K,SCOWL60_STABLE_2020.12.07+WN3.1
3887,3974,walter,-10.7064,0,0,0,0,N,0,0,,,,,0,0,D5K,SCOWL60_STABLE_2020.12.07+WN3.1
3888,3975,winners,-10.7064,1,0,1,0,,1,0,,winner,,,1,0,D5K,SCOWL60_STABLE_2020.12.07+WN3.1
3889,3976,wolf,-10.7064,1,1,0,0,N|V,0,0,,,,,0,0,D5K,SCOWL60_STABLE_2020.12.07+WN3.1
3890,3978,acceptable,-10.729,1,0,1,0,ADJ,0,0,,,,,0,0,D5K,SCOWL60_STABLE_2020.12.07+WN3.1
3891,3979,adds,-10.729,1,0,1,0,,1,0,,add,,,1,0,D5K,SCOWL60_STABLE_2020.12.07+WN3.1
3892,3980,alert,-10.729,1,1,0,0,N|V|ADJ,1,1,,,,alerts,0,1,D5K,SCOWL60_STABLE_2020.12.07+WN3.1
3893,3981,ambassador,-10.729,1,1,0,0,N,1,1,,,,ambassadors,0,1,D5K,SCOWL60_STABLE_2020.12.07+WN3.1
3894,3982,amongst,-10.729,0,0,0,0,,0,0,,,,,0,0,D5K,SCOWL60_STABLE_2020.12.07+WN3.1
3895,3983,anna,-10.729,0,0,0,0,N,0,0,,,,,0,0,D5K,SCOWL60_STABLE_2020.12.07+WN3.1
3896,3984,attracted,-10.729,1,0,1,0,,0,0,,,,,0,0,D5K,SCOWL60_STABLE_2020.12.07+WN3.1
3897,3985,awarded,-10.729,1,0,1,0,,0,0,,,,,0,0,D5K,SCOWL60_STABLE_2020.12.07+WN3.1
3898,3986,bears,-10.729,1,0,1,0,,1,0,ears,bear,,,2,0,D5K,SCOWL60_STABLE_2020.12.07+WN3.1
3899,3987,bid,-10.729,1,1,0,0,N|V,1,1,id,bi,ibid,bids,2,2,D5K,SCOWL60_STABLE_2020.12.07+WN3.1
3900,3988,borders,-10.729,1,0,1,0,,1,0,orders,border,,,2,0,D5K,SCOWL60_STABLE_2020.12.07+WN3.1
3901,3989,bull,-10.729,1,1,0,0,N|V,1,1,,,,bulls;bully,0,2,D5K,SCOWL60_STABLE_2020.12.07+WN3.1
3902,3990,cares,-10.729,1,0,1,0,,1,1,,care,scares,,1,1,D5K,SCOWL60_STABLE_2020.12.07+WN3.1
3903,3991,carter,-10.729,1,1,1,0,N,0,0,,,,,0,0,D5K,SCOWL60_STABLE_2020.12.07+WN3.1
3904,3992,categories,-10.729,1,0,1,0,,0,0,,,,,0,0,D5K,SCOWL60_STABLE_2020.12.07+WN3.1
3905,3993,cm,-10.729,1,1,0,0,N,0,0,,,,,0,0,D5K,SCOWL60_STABLE_2020.12.07+WN3.1
3906,3994,coat,-10.729,1,1,0,0,N|V,1,1,,,,coats,0,1,D5K,SCOWL60_STABLE_2020.12.07+WN3.1
3907,3995,connections,-10.729,1,0,1,0,,1,0,,connection,,,1,0,D5K,SCOWL60_STABLE_2020.12.07+WN3.1
3908,3996,consent,-10.729,1,1,1,0,N|V,0,0,,,,,0,0,D5K,SCOWL60_STABLE_2020.12.07+WN3.1
3909,3997,contribute,-10.729,1,1,1,0,V,1,1,,,,contributed;contributes,0,2,D5K,SCOWL60_STABLE_2020.12.07+WN3.1
3910,3998,cop,-10.729,1,1,0,0,N|V,1,1,op,co,,copy;cops;cope,2,3,D5K,SCOWL60_STABLE_2020.12.07+WN3.1
3911,3999,courage,-10.729,1,1,0,0,N,0,0,,,,,0,0,D5K,SCOWL60_STABLE_2020.12.07+WN3.1
3912,4000,dated,-10.729,1,1,1,0,ADJ,1,0,,date,,,1,0,D5K,SCOWL60_STABLE_2020.12.07+WN3.1
3913,4001,dean,-10.729,1,1,1,0,N,0,0,,,,,0,0,D5K,SCOWL60_STABLE_2020.12.07+WN3.1
3914,4002,decent,-10.729,1,1,0,0,ADJ|ADV,0,0,,,,,0,0,D5K,SCOWL60_STABLE_2020.12.07+WN3.1
3915,4003,defensive,-10.729,1,1,1,0,N|ADJ,0,0,,,,,0,0,D5K,SCOWL60_STABLE_2020.12.07+WN3.1
3916,4004,derived,-10.729,1,0,1,0,ADJ,1,0,,derive,,,1,0,D5K,SCOWL60_STABLE_2020.12.07+WN3.1
3917,4005,designs,-10.729,1,0,1,0,,1,0,,design,,,1,0,D5K,SCOWL60_STABLE_2020.12.07+WN3.1
3918,4006,difficulties,-10.729,1,0,1,0,,0,0,,,,,0,0,D5K,SCOWL60_STABLE_2020.12.07+WN3.1
3919,4007,ease,-10.729,1,1,0,0,N|V,1,1,,,lease;cease;tease,,0,3,D5K,SCOWL60_STABLE_2020.12.07+WN3.1
3920,4008,emotions,-10.729,1,0,1,0,,1,0,motions,emotion,,,2,0,D5K,SCOWL60_STABLE_2020.12.07+WN3.1
3921,4009,engage,-10.729,1,1,0,0,V,1,1,,,,engaged;engages,0,2,D5K,SCOWL60_STABLE_2020.12.07+WN3.1
3922,4010,engines,-10.729,1,0,1,0,,1,0,,engine,,,1,0,D5K,SCOWL60_STABLE_2020.12.07+WN3.1
3923,4011,enjoying,-10.729,1,0,1,0,,0,0,,,,,0,0,D5K,SCOWL60_STABLE_2020.12.07+WN3.1
3924,4012,episodes,-10.729,1,0,1,0,,1,0,,episode,,,1,0,D5K,SCOWL60_STABLE_2020.12.07+WN3.1
3925,4013,eve,-10.729,1,1,0,0,N,1,1,,,,even;ever,0,2,D5K,SCOWL60_STABLE_2020.12.07+WN3.1
3926,4014,expand,-10.729,1,1,0,0,V,1,1,,,,expands,0,1,D5K,SCOWL60_STABLE_2020.12.07+WN3.1
3927,4015,expenses,-10.729,1,0,1,0,,1,0,,expense,,,1,0,D5K,SCOWL60_STABLE_2020.12.07+WN3.1
3928,4016,gifts,-10.729,1,0,1,0,,1,0,,gift,,,1,0,D5K,SCOWL60_STABLE_2020.12.07+WN3.1
3929,4017,improving,-10.729,1,0,1,0,ADJ,0,0,,,,,0,0,D5K,SCOWL60_STABLE_2020.12.07+WN3.1
3930,4018,intellectual,-10.729,1,1,0,0,N|ADJ,1,1,,,,intellectuals,0,1,D5K,SCOWL60_STABLE_2020.12.07+WN3.1
3931,4019,invite,-10.729,1,1,0,0,N|V,1,1,,,,invited;invites,0,2,D5K,SCOWL60_STABLE_2020.12.07+WN3.1
3932,4020,involve,-10.729,1,1,0,0,V,1,1,,,,involved;involves,0,2,D5K,SCOWL60_STABLE_2020.12.07+WN3.1
3933,4021,kit,-10.729,1,1,0,0,N|V,1,1,it,,,kits;kite,1,2,D5K,SCOWL60_STABLE_2020.12.07+WN3.1
3934,4022,memorial,-10.729,1,1,0,0,N,0,0,,,,,0,0,D5K,SCOWL60_STABLE_2020.12.07+WN3.1
3935,4024,municipal,-10.729,1,1,0,0,ADJ,0,0,,,,,0,0,D5K,SCOWL60_STABLE_2020.12.07+WN3.1
3936,4025,pace,-10.729,1,1,0,0,N|V,1,1,ace,,space,paced,1,2,D5K,SCOWL60_STABLE_2020.12.07+WN3.1
3937,4026,pen,-10.729,1,1,1,0,N|V,1,1,en,,open,pens,1,2,D5K,SCOWL60_STABLE_2020.12.07+WN3.1
3938,4027,printed,-10.729,1,0,1,0,,0,0,,,,,0,0,D5K,SCOWL60_STABLE_2020.12.07+WN3.1
3939,4028,privacy,-10.729,1,1,0,0,N,0,0,,,,,0,0,D5K,SCOWL60_STABLE_2020.12.07+WN3.1
3940,4029,provincial,-10.729,1,1,0,0,N|ADJ,0,0,,,,,0,0,D5K,SCOWL60_STABLE_2020.12.07+WN3.1
3941,4030,remind,-10.729,1,0,1,0,V,1,1,,,,reminds,0,1,D5K,SCOWL60_STABLE_2020.12.07+WN3.1
3942,4031,reverse,-10.729,1,1,1,0,N|V|ADJ,1,1,,,,reversed,0,1,D5K,SCOWL60_STABLE_2020.12.07+WN3.1
3943,4032,roots,-10.729,1,0,1,0,N,1,0,,root,,,1,0,D5K,SCOWL60_STABLE_2020.12.07+WN3.1
3944,4033,settle,-10.729,1,1,0,0,N|V,1,1,,,,settled;settles,0,2,D5K,SCOWL60_STABLE_2020.12.07+WN3.1
3945,4034,shake,-10.729,1,1,0,0,N|V,1,1,,,,shaken;shakes,0,2,D5K,SCOWL60_STABLE_2020.12.07+WN3.1
3946,4035,stability,-10.729,1,1,0,0,N,0,0,,,,,0,0,D5K,SCOWL60_STABLE_2020.12.07+WN3.1
3947,4036,threats,-10.729,1,0,1,0,,1,0,,threat,,,1,0,D5K,SCOWL60_STABLE_2020.12.07+WN3.1
3948,4037,ward,-10.729,1,1,0,0,N|V,1,1,,war,award,wards,1,2,D5K,SCOWL60_STABLE_2020.12.07+WN3.1
3949,4038,wayne,-10.729,0,0,0,0,N,0,0,,,,,0,0,D5K,SCOWL60_STABLE_2020.12.07+WN3.1
3950,4039,whilst,-10.729,1,1,0,0,,0,0,,,,,0,0,D5K,SCOWL60_STABLE_2020.12.07+WN3.1
3951,4040,writes,-10.729,1,0,1,0,,1,0,rites,write,,,2,0,D5K,SCOWL60_STABLE_2020.12.07+WN3.1
3952,4043,addressed,-10.7521,1,1,1,0,ADJ,0,0,,,,,0,0,D5K,SCOWL60_STABLE_2020.12.07+WN3.1
3953,4044,allen,-10.7521,0,0,0,0,N,0,0,,,,,0,0,D5K,SCOWL60_STABLE_2020.12.07+WN3.1
3954,4045,bones,-10.7521,1,0,1,0,N,1,0,ones,bone,,,2,0,D5K,SCOWL60_STABLE_2020.12.07+WN3.1
3955,4046,breast,-10.7521,1,1,0,0,N|V,1,1,,,,breasts,0,1,D5K,SCOWL60_STABLE_2020.12.07+WN3.1
3956,4047,butter,-10.7521,1,1,1,0,N|V,1,0,utter,,,,1,0,D5K,SCOWL60_STABLE_2020.12.07+WN3.1
3957,4048,cited,-10.7521,1,0,1,0,,1,0,,cite,,,1,0,D5K,SCOWL60_STABLE_2020.12.07+WN3.1
3958,4049,commit,-10.7521,1,1,0,0,V,1,1,,,,commits,0,1,D5K,SCOWL60_STABLE_2020.12.07+WN3.1
3959,4050,complaints,-10.7521,1,0,1,0,,1,0,,complaint,,,1,0,D5K,SCOWL60_STABLE_2020.12.07+WN3.1
3960,4051,comprehensive,-10.7521,1,1,0,0,N|ADJ,0,0,,,,,0,0,D5K,SCOWL60_STABLE_2020.12.07+WN3.1
3961,4052,contrary,-10.7521,1,1,0,0,N|ADJ,0,0,,,,,0,0,D5K,SCOWL60_STABLE_2020.12.07+WN3.1
3962,4053,discussions,-10.7521,1,0,1,0,,1,0,,discussion,,,1,0,D5K,SCOWL60_STABLE_2020.12.07+WN3.1
3963,4054,downtown,-10.7521,1,1,0,0,N|ADJ|ADV,0,0,,,,,0,0,D5K,SCOWL60_STABLE_2020.12.07+WN3.1
3964,4055,dozen,-10.7521,1,1,1,0,N|ADJ,1,1,,,,dozens,0,1,D5K,SCOWL60_STABLE_2020.12.07+WN3.1
3965,4056,emperor,-10.7521,1,1,0,0,N,1,1,,,,emperors,0,1,D5K,SCOWL60_STABLE_2020.12.07+WN3.1
3966,4057,existed,-10.7521,1,0,1,0,,0,0,,,,,0,0,D5K,SCOWL60_STABLE_2020.12.07+WN3.1
3967,4058,fame,-10.7521,1,1,0,0,N,1,1,,,,famed,0,1,D5K,SCOWL60_STABLE_2020.12.07+WN3.1
3968,4059,fancy,-10.7521,1,1,0,0,N|V|ADJ,0,0,,,,,0,0,D5K,SCOWL60_STABLE_2020.12.07+WN3.1
3969,4060,fewer,-10.7521,1,0,1,0,ADJ,0,0,,,,,0,0,D5K,SCOWL60_STABLE_2020.12.07+WN3.1
3970,4061,fitness,-10.7521,1,1,0,0,N,0,0,,,,,0,0,D5K,SCOWL60_STABLE_2020.12.07+WN3.1
3971,4062,foster,-10.7521,1,1,0,0,N|V|ADJ,0,0,,,,,0,0,D5K,SCOWL60_STABLE_2020.12.07+WN3.1
3972,4063,funeral,-10.7521,1,1,0,0,N,1,1,,,,funerals,0,1,D5K,SCOWL60_STABLE_2020.12.07+WN3.1
3973,4064,genuine,-10.7521,1,1,0,0,ADJ,0,0,,,,,0,0,D5K,SCOWL60_STABLE_2020.12.07+WN3.1
3974,4065,il,-10.7521,0,0,0,0,N|ADJ,0,0,,,,,0,0,D5K,SCOWL60_STABLE_2020.12.07+WN3.1
3975,4066,inspiration,-10.7521,1,1,0,0,N,0,0,,,,,0,0,D5K,SCOWL60_STABLE_2020.12.07+WN3.1
3976,4067,kicked,-10.7521,1,0,1,0,,0,0,,,,,0,0,D5K,SCOWL60_STABLE_2020.12.07+WN3.1
3977,4068,kills,-10.7521,1,0,1,0,,1,1,,kill,skills,,1,1,D5K,SCOWL60_STABLE_2020.12.07+WN3.1
3978,4069,layer,-10.7521,1,1,0,0,N|V,1,1,,,player;slayer,layers,0,3,D5K,SCOWL60_STABLE_2020.12.07+WN3.1
3979,4070,manual,-10.7521,1,1,0,0,N|ADJ,1,1,,,,manuals,0,1,D5K,SCOWL60_STABLE_2020.12.07+WN3.1
3980,4071,measured,-10.7521,1,1,1,0,ADJ,1,0,,measure,,,1,0,D5K,SCOWL60_STABLE_2020.12.07+WN3.1
3981,4072,menu,-10.7521,1,1,0,0,N,1,1,,men,,menus,1,1,D5K,SCOWL60_STABLE_2020.12.07+WN3.1
3982,4073,midnight,-10.7521,1,1,0,0,N,0,0,,,,,0,0,D5K,SCOWL60_STABLE_2020.12.07+WN3.1
3983,4074,netherlands,-10.7521,0,0,0,0,N,0,0,,,,,0,0,D5K,SCOWL60_STABLE_2020.12.07+WN3.1
3984,4075,ought,-10.7521,1,1,0,0,,1,1,,,bought;sought;fought,,0,3,D5K,SCOWL60_STABLE_2020.12.07+WN3.1
3985,4076,painted,-10.7521,1,1,1,0,ADJ,0,0,,,,,0,0,D5K,SCOWL60_STABLE_2020.12.07+WN3.1
3986,4077,partly,-10.7521,1,1,0,0,ADV,0,0,,,,,0,0,D5K,SCOWL60_STABLE_2020.12.07+WN3.1
3987,4078,polish,-10.7521,1,1,0,0,N|V|ADJ,0,0,,,,,0,0,D5K,SCOWL60_STABLE_2020.12.07+WN3.1
3988,4079,preferred,-10.7521,1,1,0,0,ADJ,1,0,referred,,,,1,0,D5K,SCOWL60_STABLE_2020.12.07+WN3.1
3989,4080,profits,-10.7521,1,0,1,0,N,1,0,,profit,,,1,0,D5K,SCOWL60_STABLE_2020.12.07+WN3.1
3990,4081,provisions,-10.7521,1,0,1,0,N,1,0,,provision,,,1,0,D5K,SCOWL60_STABLE_2020.12.07+WN3.1
3991,4082,punch,-10.7521,1,1,0,0,N|V,0,0,,,,,0,0,D5K,SCOWL60_STABLE_2020.12.07+WN3.1
3992,4083,reducing,-10.7521,1,0,1,0,N,0,0,,,,,0,0,D5K,SCOWL60_STABLE_2020.12.07+WN3.1
3993,4084,regarded,-10.7521,1,0,1,0,,0,0,,,,,0,0,D5K,SCOWL60_STABLE_2020.12.07+WN3.1
3994,4085,remembered,-10.7521,1,1,1,0,,0,0,,,,,0,0,D5K,SCOWL60_STABLE_2020.12.07+WN3.1
3995,4086,restaurants,-10.7521,1,0,1,0,,1,0,,restaurant,,,1,0,D5K,SCOWL60_STABLE_2020.12.07+WN3.1
3996,4087,reward,-10.7521,1,0,1,0,N|V,1,1,,,,rewards,0,1,D5K,SCOWL60_STABLE_2020.12.07+WN3.1
3997,4088,satisfied,-10.7521,1,1,1,0,ADJ,0,0,,,,,0,0,D5K,SCOWL60_STABLE_2020.12.07+WN3.1
3998,4089,screaming,-10.7521,1,1,1,0,N|ADJ,0,0,,,,,0,0,D5K,SCOWL60_STABLE_2020.12.07+WN3.1
3999,4090,separated,-10.7521,1,0,1,0,ADJ,1,0,,separate,,,1,0,D5K,SCOWL60_STABLE_2020.12.07+WN3.1
4000,4091,sessions,-10.7521,1,0,1,0,N,1,0,,session,,,1,0,D5K,SCOWL60_STABLE_2020.12.07+WN3.1
4001,4092,shaped,-10.7521,1,1,1,0,ADJ,1,0,,shape,,,1,0,D5K,SCOWL60_STABLE_2020.12.07+WN3.1
4002,4093,situated,-10.7521,1,0,1,0,ADJ,0,0,,,,,0,0,D5K,SCOWL60_STABLE_2020.12.07+WN3.1
4003,4094,submit,-10.7521,1,1,0,0,V,0,0,,,,,0,0,D5K,SCOWL60_STABLE_2020.12.07+WN3.1
4004,4095,sweden,-10.7521,0,0,0,0,N,0,0,,,,,0,0,D5K,SCOWL60_STABLE_2020.12.07+WN3.1
4005,4096,tables,-10.7521,1,0,1,0,,1,1,,table,stables,,1,1,D5K,SCOWL60_STABLE_2020.12.07+WN3.1
4006,4097,temperatures,-10.7521,1,0,1,0,,1,0,,temperature,,,1,0,D5K,SCOWL60_STABLE_2020.12.07+WN3.1
4007,4098,tennis,-10.7521,1,1,0,0,N,0,0,,,,,0,0,D5K,SCOWL60_STABLE_2020.12.07+WN3.1
4008,4099,trials,-10.7521,1,0,1,0,,1,0,,trial,,,1,0,D5K,SCOWL60_STABLE_2020.12.07+WN3.1
4009,4100,ups,-10.7521,1,0,1,0,,1,1,,up,cups,,1,1,D5K,SCOWL60_STABLE_2020.12.07+WN3.1
4010,4101,vegas,-10.7521,0,0,0,0,,0,0,,,,,0,0,D5K,SCOWL60_STABLE_2020.12.07+WN3.1
4011,4103,ate,-10.7758,1,1,0,0,N,1,1,,at,late;date;rate;hate;mate;gate;fate,,1,7,D5K,SCOWL60_STABLE_2020.12.07+WN3.1
4012,4104,automatic,-10.7758,1,1,0,0,N|ADJ,0,0,,,,,0,0,D5K,SCOWL60_STABLE_2020.12.07+WN3.1
4013,4105,banking,-10.7758,1,1,1,0,N,0,0,,,,,0,0,D5K,SCOWL60_STABLE_2020.12.07+WN3.1
4014,4106,barcelona,-10.7758,0,0,0,0,N,0,0,,,,,0,0,D5K,SCOWL60_STABLE_2020.12.07+WN3.1
4015,4107,blues,-10.7758,1,0,1,0,N,1,0,,blue,,,1,0,D5K,SCOWL60_STABLE_2020.12.07+WN3.1
4016,4108,boom,-10.7758,1,1,0,0,N|V,1,0,,boo,,,1,0,D5K,SCOWL60_STABLE_2020.12.07+WN3.1
4017,4109,bruce,-10.7758,0,0,0,0,N,0,0,,,,,0,0,D5K,SCOWL60_STABLE_2020.12.07+WN3.1
4018,4110,burned,-10.7758,1,0,1,0,ADJ,0,0,,,,,0,0,D5K,SCOWL60_STABLE_2020.12.07+WN3.1
4019,4111,cameron,-10.7758,0,0,0,0,,0,0,,,,,0,0,D5K,SCOWL60_STABLE_2020.12.07+WN3.1
4020,4112,clark,-10.7758,0,0,0,0,N,0,0,,,,,0,0,D5K,SCOWL60_STABLE_2020.12.07+WN3.1
4021,4113,classical,-10.7758,1,1,0,0,N|ADJ,0,0,,,,,0,0,D5K,SCOWL60_STABLE_2020.12.07+WN3.1
4022,4114,colleagues,-10.7758,1,0,1,0,,1,0,,colleague,,,1,0,D5K,SCOWL60_STABLE_2020.12.07+WN3.1
4023,4115,density,-10.7758,1,1,0,0,N,0,0,,,,,0,0,D5K,SCOWL60_STABLE_2020.12.07+WN3.1
4024,4116,designer,-10.7758,1,0,1,0,N,1,1,,,,designers,0,1,D5K,SCOWL60_STABLE_2020.12.07+WN3.1
4025,4117,determination,-10.7758,1,0,1,0,N,0,0,,,,,0,0,D5K,SCOWL60_STABLE_2020.12.07+WN3.1
4026,4118,devil,-10.7758,1,1,0,0,N|V,1,1,evil,,,devils,1,1,D5K,SCOWL60_STABLE_2020.12.07+WN3.1
4027,4119,disappeared,-10.7758,1,0,1,0,,0,0,,,,,0,0,D5K,SCOWL60_STABLE_2020.12.07+WN3.1
4028,4120,dvd,-10.7758,0,0,0,0,N,0,0,,,,,0,0,D5K,SCOWL60_STABLE_2020.12.07+WN3.1
4029,4121,evaluation,-10.7758,1,1,1,0,N,1,1,valuation,,,evaluations,1,1,D5K,SCOWL60_STABLE_2020.12.07+WN3.1
4030,4122,flights,-10.7758,1,0,1,0,,1,0,lights,flight,,,2,0,D5K,SCOWL60_STABLE_2020.12.07+WN3.1
4031,4123,fortune,-10.7758,1,1,0,0,N,1,1,,,,fortunes,0,1,D5K,SCOWL60_STABLE_2020.12.07+WN3.1
4032,4124,framework,-10.7758,1,1,0,0,N,1,1,,,,frameworks,0,1,D5K,SCOWL60_STABLE_2020.12.07+WN3.1
4033,4125,frozen,-10.7758,1,1,0,0,ADJ,1,0,,froze,,,1,0,D5K,SCOWL60_STABLE_2020.12.07+WN3.1
4034,4126,gary,-10.7758,0,0,0,0,N,0,0,,,,,0,0,D5K,SCOWL60_STABLE_2020.12.07+WN3.1
4035,4127,gates,-10.7758,1,0,1,0,N,1,0,,gate,,,1,0,D5K,SCOWL60_STABLE_2020.12.07+WN3.1
4036,4128,generations,-10.7758,1,1,0,0,,1,0,,generation,,,1,0,D5K,SCOWL60_STABLE_2020.12.07+WN3.1
4037,4129,glasses,-10.7758,1,0,1,0,N,0,0,,,,,0,0,D5K,SCOWL60_STABLE_2020.12.07+WN3.1
4038,4130,guards,-10.7758,1,0,1,0,,1,0,,guard,,,1,0,D5K,SCOWL60_STABLE_2020.12.07+WN3.1
4039,4132,heroes,-10.7758,1,1,0,0,,0,0,,,,,0,0,D5K,SCOWL60_STABLE_2020.12.07+WN3.1
4040,4133,ian,-10.7758,0,0,0,0,,0,0,,,,,0,0,D5K,SCOWL60_STABLE_2020.12.07+WN3.1
4041,4134,jeff,-10.7758,0,0,0,0,,0,0,,,,,0,0,D5K,SCOWL60_STABLE_2020.12.07+WN3.1
4042,4135,jerusalem,-10.7758,0,0,0,0,N,0,0,,,,,0,0,D5K,SCOWL60_STABLE_2020.12.07+WN3.1
4043,4136,jonathan,-10.7758,0,0,0,0,N,0,0,,,,,0,0,D5K,SCOWL60_STABLE_2020.12.07+WN3.1
4044,4137,knee,-10.7758,1,1,0,0,N,1,1,,,,knees,0,1,D5K,SCOWL60_STABLE_2020.12.07+WN3.1
4045,4138,liberty,-10.7758,1,1,0,0,N,0,0,,,,,0,0,D5K,SCOWL60_STABLE_2020.12.07+WN3.1
4046,4139,mouse,-10.7758,1,1,0,0,N|V,0,0,,,,,0,0,D5K,SCOWL60_STABLE_2020.12.07+WN3.1
4047,4140,mutual,-10.7758,1,1,0,0,ADJ,0,0,,,,,0,0,D5K,SCOWL60_STABLE_2020.12.07+WN3.1
4048,4141,painful,-10.7758,1,1,0,0,ADJ,0,0,,,,,0,0,D5K,SCOWL60_STABLE_2020.12.07+WN3.1
4049,4142,parallel,-10.7758,1,1,0,0,N|V|ADJ,1,1,,,,parallels,0,1,D5K,SCOWL60_STABLE_2020.12.07+WN3.1
4050,4143,passage,-10.7758,1,1,0,0,N,1,1,,,,passages,0,1,D5K,SCOWL60_STABLE_2020.12.07+WN3.1
4051,4144,poland,-10.7758,0,0,0,0,N,0,0,,,,,0,0,D5K,SCOWL60_STABLE_2020.12.07+WN3.1
4052,4145,repeated,-10.7758,1,1,1,0,ADJ,0,0,,,,,0,0,D5K,SCOWL60_STABLE_2020.12.07+WN3.1
4053,4146,robin,-10.7758,1,1,0,0,N,0,0,,,,,0,0,D5K,SCOWL60_STABLE_2020.12.07+WN3.1
4054,4147,ruling,-10.7758,1,1,1,0,N|ADJ,1,1,,,,rulings,0,1,D5K,SCOWL60_STABLE_2020.12.07+WN3.1
4055,4148,salary,-10.7758,1,1,0,0,N,0,0,,,,,0,0,D5K,SCOWL60_STABLE_2020.12.07+WN3.1
4056,4149,scary,-10.7758,1,1,0,0,ADJ,1,0,,scar,,,1,0,D5K,SCOWL60_STABLE_2020.12.07+WN3.1
4057,4150,scope,-10.7758,1,1,0,0,N,1,0,cope,,,,1,0,D5K,SCOWL60_STABLE_2020.12.07+WN3.1
4058,4151,scoring,-10.7758,1,0,1,0,N,0,0,,,,,0,0,D5K,SCOWL60_STABLE_2020.12.07+WN3.1
4059,4152,sequence,-10.7758,1,1,0,0,N|V,1,1,,,,sequences,0,1,D5K,SCOWL60_STABLE_2020.12.07+WN3.1
4060,4153,settings,-10.7758,1,0,1,0,,1,0,,setting,,,1,0,D5K,SCOWL60_STABLE_2020.12.07+WN3.1
4061,4154,stones,-10.7758,1,0,1,0,,1,0,tones,stone,,,2,0,D5K,SCOWL60_STABLE_2020.12.07+WN3.1
4062,4155,survived,-10.7758,1,0,1,0,,1,0,,survive,,,1,0,D5K,SCOWL60_STABLE_2020.12.07+WN3.1
4063,4156,terminal,-10.7758,1,1,0,0,N|ADJ,1,1,,,,terminals,0,1,D5K,SCOWL60_STABLE_2020.12.07+WN3.1
4064,4157,theater,-10.7758,1,1,0,0,N,1,1,heater,,,theaters,1,1,D5K,SCOWL60_STABLE_2020.12.07+WN3.1
4065,4158,touched,-10.7758,1,1,1,0,ADJ,0,0,,,,,0,0,D5K,SCOWL60_STABLE_2020.12.07+WN3.1
4066,4159,transmission,-10.7758,1,1,0,0,N,1,1,,,,transmissions,0,1,D5K,SCOWL60_STABLE_2020.12.07+WN3.1
4067,4160,underground,-10.7758,1,1,0,0,N|ADJ|ADV,0,0,,,,,0,0,D5K,SCOWL60_STABLE_2020.12.07+WN3.1
4068,4161,unlikely,-10.7758,1,1,1,0,ADJ,0,0,,,,,0,0,D5K,SCOWL60_STABLE_2020.12.07+WN3.1
4069,4162,versus,-10.7758,1,1,0,0,,0,0,,,,,0,0,D5K,SCOWL60_STABLE_2020.12.07+WN3.1
4070,4163,viewed,-10.7758,1,0,1,0,,0,0,,,,,0,0,D5K,SCOWL60_STABLE_2020.12.07+WN3.1
4071,4164,virtual,-10.7758,1,1,0,0,ADJ,0,0,,,,,0,0,D5K,SCOWL60_STABLE_2020.12.07+WN3.1
4072,4165,von,-10.7758,0,0,0,0,,0,0,,,,,0,0,D5K,SCOWL60_STABLE_2020.12.07+WN3.1
4073,4166,wore,-10.7758,1,1,0,0,,1,1,ore,,swore,,1,1,D5K,SCOWL60_STABLE_2020.12.07+WN3.1
4074,4167,yea,-10.7758,1,1,0,0,N|ADV,1,1,ea,ye,,year;yeah,2,2,D5K,SCOWL60_STABLE_2020.12.07+WN3.1
4075,4168,affair,-10.8,1,1,0,0,N,1,1,,,,affairs,0,1,D5K,SCOWL60_STABLE_2020.12.07+WN3.1
4076,4169,afghanistan,-10.8,0,0,0,0,N,0,0,,,,,0,0,D5K,SCOWL60_STABLE_2020.12.07+WN3.1
4077,4170,alarm,-10.8,1,1,0,0,N|V,1,1,,,,alarms,0,1,D5K,SCOWL60_STABLE_2020.12.07+WN3.1
4078,4171,approaches,-10.8,1,0,1,0,,0,0,,,,,0,0,D5K,SCOWL60_STABLE_2020.12.07+WN3.1
4079,4172,arrangement,-10.8,1,1,1,0,N,1,1,,,,arrangements,0,1,D5K,SCOWL60_STABLE_2020.12.07+WN3.1
4080,4173,associate,-10.8,1,1,0,0,N|V|ADJ,1,1,,,,associated;associates,0,2,D5K,SCOWL60_STABLE_2020.12.07+WN3.1
4081,4174,austin,-10.8,0,0,0,0,N,0,0,,,,,0,0,D5K,SCOWL60_STABLE_2020.12.07+WN3.1
4082,4175,awkward,-10.8,1,1,0,0,ADJ,0,0,,,,,0,0,D5K,SCOWL60_STABLE_2020.12.07+WN3.1
4083,4176,bang,-10.8,1,1,0,0,N|V|ADV,1,1,,ban,,bangs,1,1,D5K,SCOWL60_STABLE_2020.12.07+WN3.1
4084,4177,blocked,-10.8,1,0,1,0,ADJ,1,0,locked,,,,1,0,D5K,SCOWL60_STABLE_2020.12.07+WN3.1
4085,4178,boards,-10.8,1,0,1,0,N,1,0,,board,,,1,0,D5K,SCOWL60_STABLE_2020.12.07+WN3.1
4086,4179,boxes,-10.8,1,0,1,0,,0,0,,,,,0,0,D5K,SCOWL60_STABLE_2020.12.07+WN3.1
4087,4180,burden,-10.8,1,1,0,0,N|V,1,1,,,,burdens,0,1,D5K,SCOWL60_STABLE_2020.12.07+WN3.1
4088,4181,chelsea,-10.8,0,0,0,0,,0,0,,,,,0,0,D5K,SCOWL60_STABLE_2020.12.07+WN3.1
4089,4182,coalition,-10.8,1,1,0,0,N,0,0,,,,,0,0,D5K,SCOWL60_STABLE_2020.12.07+WN3.1
4090,4183,couples,-10.8,1,0,1,0,,1,0,,couple,,,1,0,D5K,SCOWL60_STABLE_2020.12.07+WN3.1
4091,4184,craft,-10.8,1,1,0,0,N|V,1,1,raft,,,crafts,1,1,D5K,SCOWL60_STABLE_2020.12.07+WN3.1
4092,4185,crucial,-10.8,1,1,0,0,ADJ,0,0,,,,,0,0,D5K,SCOWL60_STABLE_2020.12.07+WN3.1
4093,4186,dare,-10.8,1,1,0,0,N|V,1,1,are,,,dared,1,1,D5K,SCOWL60_STABLE_2020.12.07+WN3.1
4094,4187,demonstrated,-10.8,1,0,1,0,ADJ,1,0,,demonstrate,,,1,0,D5K,SCOWL60_STABLE_2020.12.07+WN3.1
4095,4188,departure,-10.8,1,1,0,0,N,1,1,,,,departures,0,1,D5K,SCOWL60_STABLE_2020.12.07+WN3.1
4096,4189,dependent,-10.8,1,1,0,0,N|ADJ,0,0,,,,,0,0,D5K,SCOWL60_STABLE_2020.12.07+WN3.1
4097,4190,dialogue,-10.8,1,1,0,0,N,1,1,,,,dialogues,0,1,D5K,SCOWL60_STABLE_2020.12.07+WN3.1
4098,4191,dynamic,-10.8,1,1,0,0,N|ADJ,1,1,,,,dynamics,0,1,D5K,SCOWL60_STABLE_2020.12.07+WN3.1
4099,4192,electoral,-10.8,1,1,0,0,ADJ,0,0,,,,,0,0,D5K,SCOWL60_STABLE_2020.12.07+WN3.1
4100,4193,equality,-10.8,1,1,0,0,N,1,0,quality,,,,1,0,D5K,SCOWL60_STABLE_2020.12.07+WN3.1
4101,4194,execution,-10.8,1,1,1,0,N,1,1,,,,executions,0,1,D5K,SCOWL60_STABLE_2020.12.07+WN3.1
4102,4195,expanded,-10.8,1,0,1,0,ADJ,0,0,,,,,0,0,D5K,SCOWL60_STABLE_2020.12.07+WN3.1
4103,4196,fool,-10.8,1,1,0,0,N|V,1,1,,foo,,fools,1,1,D5K,SCOWL60_STABLE_2020.12.07+WN3.1
4104,4197,gene,-10.8,1,1,0,0,N,1,1,,gen,,genes,1,1,D5K,SCOWL60_STABLE_2020.12.07+WN3.1
4105,4198,goodbye,-10.8,1,1,0,0,N,0,0,,,,,0,0,D5K,SCOWL60_STABLE_2020.12.07+WN3.1
4106,4199,guidance,-10.8,1,1,0,0,N,0,0,,,,,0,0,D5K,SCOWL60_STABLE_2020.12.07+WN3.1
4107,4200,hire,-10.8,1,1,0,0,N|V,1,1,,,shire,hired;hires,0,3,D5K,SCOWL60_STABLE_2020.12.07+WN3.1
4108,4201,houston,-10.8,0,0,0,0,N,0,0,,,,,0,0,D5K,SCOWL60_STABLE_2020.12.07+WN3.1
4109,4202,impressed,-10.8,1,1,1,0,ADJ,0,0,,,,,0,0,D5K,SCOWL60_STABLE_2020.12.07+WN3.1
4110,4203,inches,-10.8,1,0,1,0,,0,0,,,,,0,0,D5K,SCOWL60_STABLE_2020.12.07+WN3.1
4111,4204,jokes,-10.8,1,0,1,0,,1,0,,joke,,,1,0,D5K,SCOWL60_STABLE_2020.12.07+WN3.1
4112,4205,larry,-10.8,0,0,0,0,,0,0,,,,,0,0,D5K,SCOWL60_STABLE_2020.12.07+WN3.1
4113,4206,lyrics,-10.8,1,0,1,0,,1,0,,lyric,,,1,0,D5K,SCOWL60_STABLE_2020.12.07+WN3.1
4114,4207,metres,-10.8,0,0,0,0,,0,0,,,,,0,0,D5K,SCOWL60_STABLE_2020.12.07+WN3.1
4115,4208,nigeria,-10.8,0,0,0,0,N,0,0,,,,,0,0,D5K,SCOWL60_STABLE_2020.12.07+WN3.1
4116,4209,nope,-10.8,1,1,0,0,,0,0,,,,,0,0,D5K,SCOWL60_STABLE_2020.12.07+WN3.1
4117,4210,operated,-10.8,1,0,1,0,,1,0,,operate,,,1,0,D5K,SCOWL60_STABLE_2020.12.07+WN3.1
4118,4211,operator,-10.8,1,1,0,0,N,1,1,,,,operators,0,1,D5K,SCOWL60_STABLE_2020.12.07+WN3.1
4119,4212,parks,-10.8,1,0,1,0,N,1,1,,park,sparks,,1,1,D5K,SCOWL60_STABLE_2020.12.07+WN3.1
4120,4213,photography,-10.8,1,1,0,0,N,1,0,,photograph,,,1,0,D5K,SCOWL60_STABLE_2020.12.07+WN3.1
4121,4214,presentation,-10.8,1,1,0,0,N,1,1,,,,presentations,0,1,D5K,SCOWL60_STABLE_2020.12.07+WN3.1
4122,4215,progressive,-10.8,1,1,1,0,N|ADJ,0,0,,,,,0,0,D5K,SCOWL60_STABLE_2020.12.07+WN3.1
4123,4216,proportion,-10.8,1,1,1,0,N|V,1,1,,,,proportions,0,1,D5K,SCOWL60_STABLE_2020.12.07+WN3.1
4124,4217,publishing,-10.8,1,1,1,0,N,0,0,,,,,0,0,D5K,SCOWL60_STABLE_2020.12.07+WN3.1
4125,4218,radiation,-10.8,1,1,1,0,N,0,0,,,,,0,0,D5K,SCOWL60_STABLE_2020.12.07+WN3.1
4126,4219,radical,-10.8,1,1,0,0,N|ADJ,1,1,,,,radicals,0,1,D5K,SCOWL60_STABLE_2020.12.07+WN3.1
4127,4220,restrictions,-10.8,1,0,1,0,,1,0,,restriction,,,1,0,D5K,SCOWL60_STABLE_2020.12.07+WN3.1
4128,4221,reveals,-10.8,1,0,1,0,,1,0,,reveal,,,1,0,D5K,SCOWL60_STABLE_2020.12.07+WN3.1
4129,4222,rob,-10.8,1,1,0,0,V,1,1,ob,,prob,robe,1,2,D5K,SCOWL60_STABLE_2020.12.07+WN3.1
4130,4223,ruled,-10.8,1,0,1,0,ADJ,1,0,,rule,,,1,0,D5K,SCOWL60_STABLE_2020.12.07+WN3.1
4131,4224,sacrifice,-10.8,1,1,0,0,N|V,1,1,,,,sacrifices;sacrificed,0,2,D5K,SCOWL60_STABLE_2020.12.07+WN3.1
4132,4225,spin,-10.8,1,1,0,0,N|V,1,1,pin,,,spine;spins,1,2,D5K,SCOWL60_STABLE_2020.12.07+WN3.1
4133,4226,strategies,-10.8,1,0,1,0,,0,0,,,,,0,0,D5K,SCOWL60_STABLE_2020.12.07+WN3.1
4134,4227,styles,-10.8,1,0,1,0,,1,0,,style,,,1,0,D5K,SCOWL60_STABLE_2020.12.07+WN3.1
4135,4228,subsequently,-10.8,1,0,1,0,ADV,0,0,,,,,0,0,D5K,SCOWL60_STABLE_2020.12.07+WN3.1
4136,4229,surveillance,-10.8,1,1,0,0,N,0,0,,,,,0,0,D5K,SCOWL60_STABLE_2020.12.07+WN3.1
4137,4230,tear,-10.8,1,1,0,0,N|V,1,1,ear,tea,,tears,2,1,D5K,SCOWL60_STABLE_2020.12.07+WN3.1
4138,4231,technologies,-10.8,1,0,1,0,,0,0,,,,,0,0,D5K,SCOWL60_STABLE_2020.12.07+WN3.1
4139,4233,tiger,-10.8,1,1,0,0,N,1,1,,,,tigers,0,1,D5K,SCOWL60_STABLE_2020.12.07+WN3.1
4140,4234,toilet,-10.8,1,1,0,0,N,1,1,,,,toilets,0,1,D5K,SCOWL60_STABLE_2020.12.07+WN3.1
4141,4235,tourism,-10.8,1,1,0,0,N,0,0,,,,,0,0,D5K,SCOWL60_STABLE_2020.12.07+WN3.1
4142,4236,treasury,-10.8,1,1,0,0,N,0,0,,,,,0,0,D5K,SCOWL60_STABLE_2020.12.07+WN3.1
4143,4237,visits,-10.8,1,0,1,0,,1,0,,visit,,,1,0,D5K,SCOWL60_STABLE_2020.12.07+WN3.1
4144,4238,wisdom,-10.8,1,1,0,0,N,0,0,,,,,0,0,D5K,SCOWL60_STABLE_2020.12.07+WN3.1
4145,4239,witnesses,-10.8,1,0,1,0,,0,0,,,,,0,0,D5K,SCOWL60_STABLE_2020.12.07+WN3.1
4146,4241,aggressive,-10.8198,1,1,0,0,ADJ,0,0,,,,,0,0,D5K,SCOWL60_STABLE_2020.12.07+WN3.1
4147,4242,alleged,-10.8198,1,1,1,0,ADJ,0,0,,,,,0,0,D5K,SCOWL60_STABLE_2020.12.07+WN3.1
4148,4243,allies,-10.8198,1,0,1,0,N,1,1,,,rallies,,0,1,D5K,SCOWL60_STABLE_2020.12.07+WN3.1
4149,4244,angels,-10.8198,1,0,1,0,,1,0,,angel,,,1,0,D5K,SCOWL60_STABLE_2020.12.07+WN3.1
4150,4245,arranged,-10.8198,1,0,1,0,ADJ,1,0,,arrange,,,1,0,D5K,SCOWL60_STABLE_2020.12.07+WN3.1
4151,4246,bench,-10.8198,1,1,0,0,N|V,0,0,,,,,0,0,D5K,SCOWL60_STABLE_2020.12.07+WN3.1
4152,4247,bloody,-10.8198,1,1,0,0,V|ADJ|ADV,1,0,,blood,,,1,0,D5K,SCOWL60_STABLE_2020.12.07+WN3.1
4153,4248,boots,-10.8198,1,0,1,0,,1,0,,boot,,,1,0,D5K,SCOWL60_STABLE_2020.12.07+WN3.1
4154,4249,bow,-10.8198,1,1,0,0,N|V,1,1,ow,,,bowl;bows,1,2,D5K,SCOWL60_STABLE_2020.12.07+WN3.1
4155,4250,broadcasting,-10.8198,1,1,1,0,N,0,0,,,,,0,0,D5K,SCOWL60_STABLE_2020.12.07+WN3.1
4156,4251,cant,-10.8198,1,1,0,0,N|V,1,0,ant,can,,,2,0,D5K,SCOWL60_STABLE_2020.12.07+WN3.1
4157,4252,cape,-10.8198,1,1,0,0,N,1,0,ape,cap,,,2,0,D5K,SCOWL60_STABLE_2020.12.07+WN3.1
4158,4253,carrier,-10.8198,1,1,1,0,N,1,1,,,,carriers,0,1,D5K,SCOWL60_STABLE_2020.12.07+WN3.1
4159,4254,colorado,-10.8198,0,0,0,0,N,0,0,,,,,0,0,D5K,SCOWL60_STABLE_2020.12.07+WN3.1
4160,4255,conventional,-10.8198,1,1,0,0,ADJ,0,0,,,,,0,0,D5K,SCOWL60_STABLE_2020.12.07+WN3.1
4161,4256,custody,-10.8198,1,1,0,0,N,0,0,,,,,0,0,D5K,SCOWL60_STABLE_2020.12.07+WN3.1
4162,4257,darkness,-10.8198,1,1,1,0,N,0,0,,,,,0,0,D5K,SCOWL60_STABLE_2020.12.07+WN3.1
4163,4258,default,-10.8198,1,0,1,0,N|V,0,0,,,,,0,0,D5K,SCOWL60_STABLE_2020.12.07+WN3.1
4164,4259,delicious,-10.8198,1,1,0,0,N|ADJ,0,0,,,,,0,0,D5K,SCOWL60_STABLE_2020.12.07+WN3.1
4165,4260,democrats,-10.8198,1,0,1,0,,1,0,,democrat,,,1,0,D5K,SCOWL60_STABLE_2020.12.07+WN3.1
4166,4261,disorder,-10.8198,1,1,1,0,N|V,1,1,,,,disorders,0,1,D5K,SCOWL60_STABLE_2020.12.07+WN3.1
4167,4262,engagement,-10.8198,1,1,0,0,N,1,1,,,,engagements,0,1,D5K,SCOWL60_STABLE_2020.12.07+WN3.1
4168,4263,engineers,-10.8198,1,0,1,0,,1,0,,engineer,,,1,0,D5K,SCOWL60_STABLE_2020.12.07+WN3.1
4169,4264,enormous,-10.8198,1,1,0,0,ADJ,0,0,,,,,0,0,D5K,SCOWL60_STABLE_2020.12.07+WN3.1
4170,4265,equity,-10.8198,1,1,0,0,N,0,0,,,,,0,0,D5K,SCOWL60_STABLE_2020.12.07+WN3.1
4171,4266,errors,-10.8198,1,0,1,0,,1,0,,error,,,1,0,D5K,SCOWL60_STABLE_2020.12.07+WN3.1
4172,4267,fifty,-10.8198,1,1,0,0,N|ADJ,0,0,,,,,0,0,D5K,SCOWL60_STABLE_2020.12.07+WN3.1
4173,4268,frequent,-10.8198,1,1,0,0,V|ADJ,0,0,,,,,0,0,D5K,SCOWL60_STABLE_2020.12.07+WN3.1
4174,4269,furthermore,-10.8198,1,1,0,0,ADV,0,0,,,,,0,0,D5K,SCOWL60_STABLE_2020.12.07+WN3.1
4175,4270,harris,-10.8198,0,0,0,0,N,0,0,,,,,0,0,D5K,SCOWL60_STABLE_2020.12.07+WN3.1
4176,4271,holes,-10.8198,1,0,1,0,,1,0,,hole,,,1,0,D5K,SCOWL60_STABLE_2020.12.07+WN3.1
4177,4272,hospitals,-10.8198,1,0,1,0,,1,0,,hospital,,,1,0,D5K,SCOWL60_STABLE_2020.12.07+WN3.1
4178,4273,indians,-10.8198,0,0,0,0,,0,0,,,,,0,0,D5K,SCOWL60_STABLE_2020.12.07+WN3.1
4179,4274,innovation,-10.8198,1,1,1,0,N,1,1,,,,innovations,0,1,D5K,SCOWL60_STABLE_2020.12.07+WN3.1
4180,4275,iphone,-10.8198,0,0,0,0,,0,0,,,,,0,0,D5K,SCOWL60_STABLE_2020.12.07+WN3.1
4181,4276,kate,-10.8198,0,0,0,0,,0,0,,,,,0,0,D5K,SCOWL60_STABLE_2020.12.07+WN3.1
4182,4277,legacy,-10.8198,1,1,0,0,N,0,0,,,,,0,0,D5K,SCOWL60_STABLE_2020.12.07+WN3.1
4183,4279,mars,-10.8198,1,0,1,0,N,1,1,,mar,,marsh,1,1,D5K,SCOWL60_STABLE_2020.12.07+WN3.1
4184,4280,modified,-10.8198,1,1,1,0,ADJ,0,0,,,,,0,0,D5K,SCOWL60_STABLE_2020.12.07+WN3.1
4185,4281,monitoring,-10.8198,1,0,1,0,N,0,0,,,,,0,0,D5K,SCOWL60_STABLE_2020.12.07+WN3.1
4186,4282,newspapers,-10.8198,1,0,1,0,,1,0,,newspaper,,,1,0,D5K,SCOWL60_STABLE_2020.12.07+WN3.1
4187,4283,photographs,-10.8198,1,1,0,0,,1,0,,photograph,,,1,0,D5K,SCOWL60_STABLE_2020.12.07+WN3.1
4188,4284,pretend,-10.8198,1,1,0,0,N|V|ADJ,1,1,,,,pretends,0,1,D5K,SCOWL60_STABLE_2020.12.07+WN3.1
4189,4285,pulling,-10.8198,1,0,1,0,N,0,0,,,,,0,0,D5K,SCOWL60_STABLE_2020.12.07+WN3.1
4190,4286,ranked,-10.8198,1,0,1,0,ADJ,0,0,,,,,0,0,D5K,SCOWL60_STABLE_2020.12.07+WN3.1
4191,4287,reader,-10.8198,1,1,1,0,N,1,1,,,,readers,0,1,D5K,SCOWL60_STABLE_2020.12.07+WN3.1
4192,4288,replied,-10.8198,1,0,1,0,,0,0,,,,,0,0,D5K,SCOWL60_STABLE_2020.12.07+WN3.1
4193,4289,residential,-10.8198,1,1,0,0,ADJ,1,1,,,presidential,,0,1,D5K,SCOWL60_STABLE_2020.12.07+WN3.1
4194,4290,rio,-10.8198,0,0,0,0,N,0,0,,,,,0,0,D5K,SCOWL60_STABLE_2020.12.07+WN3.1
4195,4291,ruin,-10.8198,1,1,0,0,N|V,1,1,,,,ruins,0,1,D5K,SCOWL60_STABLE_2020.12.07+WN3.1
4196,4292,russell,-10.8198,0,0,0,0,N,0,0,,,,,0,0,D5K,SCOWL60_STABLE_2020.12.07+WN3.1
4197,4293,se,-10.8198,0,0,0,0,N,0,0,,,,,0,0,D5K,SCOWL60_STABLE_2020.12.07+WN3.1
4198,4294,socialist,-10.8198,1,1,0,0,N|ADJ,1,1,,,,socialists,0,1,D5K,SCOWL60_STABLE_2020.12.07+WN3.1
4199,4295,steady,-10.8198,1,1,0,0,N|V|ADJ|ADV,0,0,,,,,0,0,D5K,SCOWL60_STABLE_2020.12.07+WN3.1
4200,4296,stretch,-10.8198,1,1,0,0,N|V|ADJ,0,0,,,,,0,0,D5K,SCOWL60_STABLE_2020.12.07+WN3.1
4201,4297,swing,-10.8198,1,1,0,0,N|V,1,1,wing,,,swings,1,1,D5K,SCOWL60_STABLE_2020.12.07+WN3.1
4202,4298,tanks,-10.8198,1,0,1,0,,1,0,,tank,,,1,0,D5K,SCOWL60_STABLE_2020.12.07+WN3.1
4203,4299,throat,-10.8198,1,1,0,0,N,1,1,,,,throats,0,1,D5K,SCOWL60_STABLE_2020.12.07+WN3.1
4204,4300,ties,-10.8198,1,0,1,0,,1,0,,tie,,,1,0,D5K,SCOWL60_STABLE_2020.12.07+WN3.1
4205,4301,twin,-10.8198,1,1,0,0,N|V|ADJ,1,1,win,,,twins,1,1,D5K,SCOWL60_STABLE_2020.12.07+WN3.1
4206,4302,villages,-10.8198,1,0,1,0,,1,0,,village,,,1,0,D5K,SCOWL60_STABLE_2020.12.07+WN3.1
4207,4303,voters,-10.8198,1,0,1,0,,1,0,,voter,,,1,0,D5K,SCOWL60_STABLE_2020.12.07+WN3.1
4208,4304,acted,-10.8451,1,0,1,0,,0,0,,,,,0,0,D5K,SCOWL60_STABLE_2020.12.07+WN3.1
4209,4305,agenda,-10.8451,1,1,0,0,N,1,1,,,,agendas,0,1,D5K,SCOWL60_STABLE_2020.12.07+WN3.1
4210,4306,aids,-10.8451,1,0,1,0,N,1,1,ids,aid,raids,,2,1,D5K,SCOWL60_STABLE_2020.12.07+WN3.1
4211,4307,ali,-10.8451,0,0,0,0,N,0,0,,,,,0,0,D5K,SCOWL60_STABLE_2020.12.07+WN3.1
4212,4308,android,-10.8451,1,1,0,0,N,0,0,,,,,0,0,D5K,SCOWL60_STABLE_2020.12.07+WN3.1
4213,4309,announcement,-10.8451,1,1,1,0,N,1,1,,,,announcements,0,1,D5K,SCOWL60_STABLE_2020.12.07+WN3.1
4214,4310,arena,-10.8451,1,1,0,0,N,1,1,,,,arenas,0,1,D5K,SCOWL60_STABLE_2020.12.07+WN3.1
4215,4311,arrangements,-10.8451,1,0,1,0,,1,0,,arrangement,,,1,0,D5K,SCOWL60_STABLE_2020.12.07+WN3.1
4216,4312,athletes,-10.8451,1,0,1,0,,1,0,,athlete,,,1,0,D5K,SCOWL60_STABLE_2020.12.07+WN3.1
4217,4313,aviation,-10.8451,1,1,0,0,N,0,0,,,,,0,0,D5K,SCOWL60_STABLE_2020.12.07+WN3.1
4218,4314,belgium,-10.8451,0,0,0,0,N,0,0,,,,,0,0,D5K,SCOWL60_STABLE_2020.12.07+WN3.1
4219,4315,beliefs,-10.8451,1,1,0,0,,1,0,,belief,,,1,0,D5K,SCOWL60_STABLE_2020.12.07+WN3.1
4220,4316,belongs,-10.8451,1,0,1,0,,1,0,,belong,,,1,0,D5K,SCOWL60_STABLE_2020.12.07+WN3.1
4221,4317,bite,-10.8451,1,1,0,0,N|V,1,1,,bit,,bites,1,1,D5K,SCOWL60_STABLE_2020.12.07+WN3.1
4222,4318,blast,-10.8451,1,1,0,0,N|V,1,1,last,,,blasts,1,1,D5K,SCOWL60_STABLE_2020.12.07+WN3.1
4223,4319,boats,-10.8451,1,0,1,0,,1,0,oats,boat,,,2,0,D5K,SCOWL60_STABLE_2020.12.07+WN3.1
4224,4320,brave,-10.8451,1,1,0,0,N|V|ADJ,1,1,rave,,,braves,1,1,D5K,SCOWL60_STABLE_2020.12.07+WN3.1
4225,4321,charter,-10.8451,1,1,0,0,N|V,0,0,,,,,0,0,D5K,SCOWL60_STABLE_2020.12.07+WN3.1
4226,4322,complaint,-10.8451,1,1,0,0,N,1,1,,complain,,complaints,1,1,D5K,SCOWL60_STABLE_2020.12.07+WN3.1
4227,4323,copper,-10.8451,1,1,0,0,N|V,0,0,,,,,0,0,D5K,SCOWL60_STABLE_2020.12.07+WN3.1
4228,4324,cotton,-10.8451,1,1,0,0,N|V,0,0,,,,,0,0,D5K,SCOWL60_STABLE_2020.12.07+WN3.1
4229,4325,creates,-10.8451,1,0,1,0,,1,0,,create,,,1,0,D5K,SCOWL60_STABLE_2020.12.07+WN3.1
4230,4326,daddy,-10.8451,1,1,0,0,N,0,0,,,,,0,0,D5K,SCOWL60_STABLE_2020.12.07+WN3.1
4231,4327,daughters,-10.8451,1,0,1,0,,1,0,,daughter,,,1,0,D5K,SCOWL60_STABLE_2020.12.07+WN3.1
4232,4328,divine,-10.8451,1,1,0,0,N|V|ADJ,0,0,,,,,0,0,D5K,SCOWL60_STABLE_2020.12.07+WN3.1
4233,4329,documentary,-10.8451,1,1,0,0,N|ADJ,0,0,,,,,0,0,D5K,SCOWL60_STABLE_2020.12.07+WN3.1
4234,4330,dropping,-10.8451,1,1,0,0,ADJ,0,0,,,,,0,0,D5K,SCOWL60_STABLE_2020.12.07+WN3.1
4235,4331,edited,-10.8451,1,1,1,0,ADJ,0,0,,,,,0,0,D5K,SCOWL60_STABLE_2020.12.07+WN3.1
4236,4332,expense,-10.8451,1,1,0,0,N|V,1,1,,,,expenses,0,1,D5K,SCOWL60_STABLE_2020.12.07+WN3.1
4237,4333,explore,-10.8451,1,1,0,0,V,1,1,,,,explored;explorer;explores,0,3,D5K,SCOWL60_STABLE_2020.12.07+WN3.1
4238,4334,export,-10.8451,1,1,0,0,N|V,1,1,,,,exports,0,1,D5K,SCOWL60_STABLE_2020.12.07+WN3.1
4239,4335,forgive,-10.8451,1,1,1,0,V,1,1,,,,forgiven,0,1,D5K,SCOWL60_STABLE_2020.12.07+WN3.1
4240,4336,funded,-10.8451,1,1,1,0,ADJ,0,0,,,,,0,0,D5K,SCOWL60_STABLE_2020.12.07+WN3.1
4241,4337,gains,-10.8451,1,0,1,0,,1,0,,gain,,,1,0,D5K,SCOWL60_STABLE_2020.12.07+WN3.1
4242,4338,gathering,-10.8451,1,1,1,0,N,1,1,,,,gatherings,0,1,D5K,SCOWL60_STABLE_2020.12.07+WN3.1
4243,4339,grateful,-10.8451,1,1,0,0,ADJ,0,0,,,,,0,0,D5K,SCOWL60_STABLE_2020.12.07+WN3.1
4244,4340,gulf,-10.8451,1,1,0,0,N,0,0,,,,,0,0,D5K,SCOWL60_STABLE_2020.12.07+WN3.1
4245,4341,hamilton,-10.8451,0,0,0,0,N,0,0,,,,,0,0,D5K,SCOWL60_STABLE_2020.12.07+WN3.1
4246,4342,hook,-10.8451,1,1,0,0,N|V,1,1,,,shook,hooks,0,2,D5K,SCOWL60_STABLE_2020.12.07+WN3.1
4247,4343,hoped,-10.8451,1,0,1,0,,1,0,,hope,,,1,0,D5K,SCOWL60_STABLE_2020.12.07+WN3.1
4248,4344,ignored,-10.8451,1,0,1,0,ADJ,1,0,,ignore,,,1,0,D5K,SCOWL60_STABLE_2020.12.07+WN3.1
4249,4345,inquiry,-10.8451,1,1,0,0,N,0,0,,,,,0,0,D5K,SCOWL60_STABLE_2020.12.07+WN3.1
4250,4346,instant,-10.8451,1,1,0,0,N|ADJ,0,0,,,,,0,0,D5K,SCOWL60_STABLE_2020.12.07+WN3.1
4251,4347,integrated,-10.8451,1,0,1,0,ADJ,1,0,,integrate,,,1,0,D5K,SCOWL60_STABLE_2020.12.07+WN3.1
4252,4348,intent,-10.8451,1,1,0,0,N|ADJ,0,0,,,,,0,0,D5K,SCOWL60_STABLE_2020.12.07+WN3.1
4253,4349,josh,-10.8451,1,1,0,0,V,0,0,,,,,0,0,D5K,SCOWL60_STABLE_2020.12.07+WN3.1
4254,4350,kentucky,-10.8451,0,0,0,0,N,0,0,,,,,0,0,D5K,SCOWL60_STABLE_2020.12.07+WN3.1
4255,4351,ltd,-10.8451,1,1,0,0,,0,0,,,,,0,0,D5K,SCOWL60_STABLE_2020.12.07+WN3.1
4256,4352,makeup,-10.8451,1,1,0,0,N,0,0,,,,,0,0,D5K,SCOWL60_STABLE_2020.12.07+WN3.1
4257,4353,mill,-10.8451,1,1,0,0,N|V,1,1,ill,mil,,mills,2,1,D5K,SCOWL60_STABLE_2020.12.07+WN3.1
4258,4354,moderate,-10.8451,1,1,0,0,N|V|ADJ,0,0,,,,,0,0,D5K,SCOWL60_STABLE_2020.12.07+WN3.1
4259,4355,overcome,-10.8451,1,1,0,0,V,0,0,,,,,0,0,D5K,SCOWL60_STABLE_2020.12.07+WN3.1
4260,4356,pension,-10.8451,1,1,0,0,N|V,1,1,,,,pensions,0,1,D5K,SCOWL60_STABLE_2020.12.07+WN3.1
4261,4357,permit,-10.8451,1,1,0,0,N|V,1,1,,,,permits,0,1,D5K,SCOWL60_STABLE_2020.12.07+WN3.1
4262,4358,philadelphia,-10.8451,0,0,0,0,N,0,0,,,,,0,0,D5K,SCOWL60_STABLE_2020.12.07+WN3.1
4263,4359,philip,-10.8451,0,0,0,0,N,0,0,,,,,0,0,D5K,SCOWL60_STABLE_2020.12.07+WN3.1
4264,4360,phrase,-10.8451,1,1,0,0,N|V,1,1,,,,phrases,0,1,D5K,SCOWL60_STABLE_2020.12.07+WN3.1
4265,4361,physically,-10.8451,1,0,1,0,ADV,0,0,,,,,0,0,D5K,SCOWL60_STABLE_2020.12.07+WN3.1
4266,4362,pregnancy,-10.8451,1,1,0,0,N,0,0,,,,,0,0,D5K,SCOWL60_STABLE_2020.12.07+WN3.1
4267,4363,proven,-10.8451,1,1,1,0,ADJ,1,0,,prove,,,1,0,D5K,SCOWL60_STABLE_2020.12.07+WN3.1
4268,4364,provision,-10.8451,1,0,1,0,N|V,1,1,,,,provisions,0,1,D5K,SCOWL60_STABLE_2020.12.07+WN3.1
4269,4365,psychological,-10.8451,1,1,0,0,ADJ,0,0,,,,,0,0,D5K,SCOWL60_STABLE_2020.12.07+WN3.1
4270,4366,purple,-10.8451,1,1,0,0,N|V|ADJ,0,0,,,,,0,0,D5K,SCOWL60_STABLE_2020.12.07+WN3.1
4271,4367,releases,-10.8451,1,0,1,0,,1,0,,release,,,1,0,D5K,SCOWL60_STABLE_2020.12.07+WN3.1
4272,4368,reliable,-10.8451,1,1,1,0,ADJ,0,0,,,,,0,0,D5K,SCOWL60_STABLE_2020.12.07+WN3.1
4273,4369,rely,-10.8451,1,1,1,0,V,0,0,,,,,0,0,D5K,SCOWL60_STABLE_2020.12.07+WN3.1
4274,4370,responded,-10.8451,1,0,1,0,,0,0,,,,,0,0,D5K,SCOWL60_STABLE_2020.12.07+WN3.1
4275,4371,rings,-10.8451,1,0,1,0,N,1,1,,ring,brings,,1,1,D5K,SCOWL60_STABLE_2020.12.07+WN3.1
4276,4372,sa,-10.8451,0,0,0,0,N,0,0,,,,,0,0,D5K,SCOWL60_STABLE_2020.12.07+WN3.1
4277,4373,script,-10.8451,1,1,0,0,N|V,1,1,,,,scripts,0,1,D5K,SCOWL60_STABLE_2020.12.07+WN3.1
4278,4374,seal,-10.8451,1,1,0,0,N|V,1,1,,sea,,seals,1,1,D5K,SCOWL60_STABLE_2020.12.07+WN3.1
4279,4375,seattle,-10.8451,0,0,0,0,N,0,0,,,,,0,0,D5K,SCOWL60_STABLE_2020.12.07+WN3.1
4280,4376,sec,-10.8451,1,1,0,0,N|ADJ,1,1,,,,sect,0,1,D5K,SCOWL60_STABLE_2020.12.07+WN3.1
4281,4377,souls,-10.8451,1,0,1,0,,1,0,,soul,,,1,0,D5K,SCOWL60_STABLE_2020.12.07+WN3.1
4282,4378,succeed,-10.8451,1,1,0,0,V,1,1,,,,succeeds,0,1,D5K,SCOWL60_STABLE_2020.12.07+WN3.1
4283,4379,suggestions,-10.8451,1,0,1,0,,1,0,,suggestion,,,1,0,D5K,SCOWL60_STABLE_2020.12.07+WN3.1
4284,4380,supplied,-10.8451,1,0,1,0,,0,0,,,,,0,0,D5K,SCOWL60_STABLE_2020.12.07+WN3.1
4285,4381,suspended,-10.8451,1,0,1,0,ADJ,0,0,,,,,0,0,D5K,SCOWL60_STABLE_2020.12.07+WN3.1
4286,4382,timing,-10.8451,1,1,1,0,N,0,0,,,,,0,0,D5K,SCOWL60_STABLE_2020.12.07+WN3.1
4287,4383,tourist,-10.8451,1,1,0,0,N,1,1,,,,tourists,0,1,D5K,SCOWL60_STABLE_2020.12.07+WN3.1
4288,4384,trap,-10.8451,1,1,0,0,N|V,1,1,rap,,strap,traps,1,2,D5K,SCOWL60_STABLE_2020.12.07+WN3.1
4289,4385,trends,-10.8451,1,0,1,0,,1,0,,trend,,,1,0,D5K,SCOWL60_STABLE_2020.12.07+WN3.1
4290,4386,unity,-10.8451,1,1,0,0,N,1,0,,unit,,,1,0,D5K,SCOWL60_STABLE_2020.12.07+WN3.1
4291,4387,volunteers,-10.8451,1,0,1,0,,1,0,,volunteer,,,1,0,D5K,SCOWL60_STABLE_2020.12.07+WN3.1
4292,4388,vulnerable,-10.8451,1,1,0,0,ADJ,0,0,,,,,0,0,D5K,SCOWL60_STABLE_2020.12.07+WN3.1
4293,4389,walks,-10.8451,1,0,1,0,,1,0,,walk,,,1,0,D5K,SCOWL60_STABLE_2020.12.07+WN3.1
4294,4390,weed,-10.8451,1,1,0,0,N|V,1,1,,wee,,weeds,1,1,D5K,SCOWL60_STABLE_2020.12.07+WN3.1
4295,4391,winds,-10.8451,1,0,1,0,,1,0,,wind,,,1,0,D5K,SCOWL60_STABLE_2020.12.07+WN3.1
4296,4392,wooden,-10.8451,1,1,1,0,ADJ,0,0,,,,,0,0,D5K,SCOWL60_STABLE_2020.12.07+WN3.1
4297,4394,ads,-10.8658,1,0,1,0,,1,1,,ad,lads;pads;dads,,1,3,D5K,SCOWL60_STABLE_2020.12.07+WN3.1
4298,4395,argentina,-10.8658,0,0,0,0,N,0,0,,,,,0,0,D5K,SCOWL60_STABLE_2020.12.07+WN3.1
4299,4396,arsenal,-10.8658,1,1,0,0,N,0,0,,,,,0,0,D5K,SCOWL60_STABLE_2020.12.07+WN3.1
4300,4397,artistic,-10.8658,1,1,0,0,ADJ,0,0,,,,,0,0,D5K,SCOWL60_STABLE_2020.12.07+WN3.1
4301,4398,avenue,-10.8658,1,1,0,0,N,1,1,venue,,,avenues,1,1,D5K,SCOWL60_STABLE_2020.12.07+WN3.1
4302,4399,bat,-10.8658,1,1,0,0,N|V,1,1,at,,,bath;bats,1,2,D5K,SCOWL60_STABLE_2020.12.07+WN3.1
4303,4400,beast,-10.8658,1,1,0,0,N,1,1,east,,,beasts,1,1,D5K,SCOWL60_STABLE_2020.12.07+WN3.1
4304,4401,blessed,-10.8658,1,1,1,0,ADJ,0,0,,,,,0,0,D5K,SCOWL60_STABLE_2020.12.07+WN3.1
4305,4402,bonds,-10.8658,1,0,1,0,,1,0,,bond,,,1,0,D5K,SCOWL60_STABLE_2020.12.07+WN3.1
4306,4403,boost,-10.8658,1,1,0,0,N|V,1,1,,,,boosts,0,1,D5K,SCOWL60_STABLE_2020.12.07+WN3.1
4307,4404,branches,-10.8658,1,0,1,0,,0,0,,,,,0,0,D5K,SCOWL60_STABLE_2020.12.07+WN3.1
4308,4405,breathing,-10.8658,1,1,1,0,N|ADJ,0,0,,,,,0,0,D5K,SCOWL60_STABLE_2020.12.07+WN3.1
4309,4406,carries,-10.8658,1,0,1,0,,0,0,,,,,0,0,D5K,SCOWL60_STABLE_2020.12.07+WN3.1
4310,4407,celebration,-10.8658,1,1,1,0,N,1,1,,,,celebrations,0,1,D5K,SCOWL60_STABLE_2020.12.07+WN3.1
4311,4408,civilian,-10.8658,1,1,0,0,N|ADJ,1,1,,,,civilians,0,1,D5K,SCOWL60_STABLE_2020.12.07+WN3.1
4312,4409,clay,-10.8658,1,1,0,0,N,1,0,lay,,,,1,0,D5K,SCOWL60_STABLE_2020.12.07+WN3.1
4313,4410,commonwealth,-10.8658,1,1,1,0,N,0,0,,,,,0,0,D5K,SCOWL60_STABLE_2020.12.07+WN3.1
4314,4412,continuous,-10.8658,1,1,0,0,ADJ,0,0,,,,,0,0,D5K,SCOWL60_STABLE_2020.12.07+WN3.1
4315,4413,counts,-10.8658,1,0,1,0,,1,0,,count,,,1,0,D5K,SCOWL60_STABLE_2020.12.07+WN3.1
4316,4414,cure,-10.8658,1,1,0,0,N|V,1,1,,,,cured;cures,0,2,D5K,SCOWL60_STABLE_2020.12.07+WN3.1
4317,4415,customs,-10.8658,1,0,1,0,N,1,0,,custom,,,1,0,D5K,SCOWL60_STABLE_2020.12.07+WN3.1
4318,4416,dawn,-10.8658,1,1,0,0,N|V,0,0,,,,,0,0,D5K,SCOWL60_STABLE_2020.12.07+WN3.1
4319,4417,delete,-10.8658,1,1,0,0,V,1,1,,,,deleted,0,1,D5K,SCOWL60_STABLE_2020.12.07+WN3.1
4320,4418,desperate,-10.8658,1,1,0,0,N|ADJ,0,0,,,,,0,0,D5K,SCOWL60_STABLE_2020.12.07+WN3.1
4321,4419,devoted,-10.8658,1,1,1,0,ADJ,1,0,,devote,,,1,0,D5K,SCOWL60_STABLE_2020.12.07+WN3.1
4322,4420,distinct,-10.8658,1,1,0,0,ADJ,0,0,,,,,0,0,D5K,SCOWL60_STABLE_2020.12.07+WN3.1
4323,4421,drops,-10.8658,1,0,1,0,,1,0,,drop,,,1,0,D5K,SCOWL60_STABLE_2020.12.07+WN3.1
4324,4422,educated,-10.8658,1,1,1,0,ADJ,1,0,,educate,,,1,0,D5K,SCOWL60_STABLE_2020.12.07+WN3.1
4325,4423,enable,-10.8658,1,1,0,0,V,1,1,,,,enabled;enables,0,2,D5K,SCOWL60_STABLE_2020.12.07+WN3.1
4326,4424,est,-10.8658,1,0,1,0,N,1,1,st,es,best;west;rest;test;nest;vest;fest;lest;pest,,2,9,D5K,SCOWL60_STABLE_2020.12.07+WN3.1
4327,4425,euro,-10.8658,1,1,0,0,N,1,1,,,,euros,0,1,D5K,SCOWL60_STABLE_2020.12.07+WN3.1
4328,4426,featured,-10.8658,1,0,1,0,ADJ,1,0,,feature,,,1,0,D5K,SCOWL60_STABLE_2020.12.07+WN3.1
4329,4427,flood,-10.8658,1,1,0,0,N|V,1,1,,,,floods,0,1,D5K,SCOWL60_STABLE_2020.12.07+WN3.1
4330,4428,gradually,-10.8658,1,0,1,0,ADV,0,0,,,,,0,0,D5K,SCOWL60_STABLE_2020.12.07+WN3.1
4331,4429,grain,-10.8658,1,1,0,0,N|V,1,1,rain,,,grains,1,1,D5K,SCOWL60_STABLE_2020.12.07+WN3.1
4332,4430,hardware,-10.8658,1,1,0,0,N,0,0,,,,,0,0,D5K,SCOWL60_STABLE_2020.12.07+WN3.1
4333,4431,healthcare,-10.8658,1,1,0,0,N,0,0,,,,,0,0,D5K,SCOWL60_STABLE_2020.12.07+WN3.1
4334,4432,immigrants,-10.8658,1,0,1,0,,1,0,,immigrant,,,1,0,D5K,SCOWL60_STABLE_2020.12.07+WN3.1
4335,4433,imposed,-10.8658,1,0,1,0,ADJ,1,0,,impose,,,1,0,D5K,SCOWL60_STABLE_2020.12.07+WN3.1
4336,4434,jacob,-10.8658,0,0,0,0,N,0,0,,,,,0,0,D5K,SCOWL60_STABLE_2020.12.07+WN3.1
4337,4435,jet,-10.8658,1,1,0,0,N|V|ADJ,1,1,,,,jets,0,1,D5K,SCOWL60_STABLE_2020.12.07+WN3.1
4338,4436,justin,-10.8658,0,0,0,0,,0,0,,,,,0,0,D5K,SCOWL60_STABLE_2020.12.07+WN3.1
4339,4437,lazy,-10.8658,1,1,0,0,ADJ,0,0,,,,,0,0,D5K,SCOWL60_STABLE_2020.12.07+WN3.1
4340,4438,logo,-10.8658,1,1,0,0,N,1,1,,log,,logos,1,1,D5K,SCOWL60_STABLE_2020.12.07+WN3.1
4341,4439,lonely,-10.8658,1,1,1,0,ADJ,0,0,,,,,0,0,D5K,SCOWL60_STABLE_2020.12.07+WN3.1
4342,4440,mama,-10.8658,1,1,0,0,N,0,0,,,,,0,0,D5K,SCOWL60_STABLE_2020.12.07+WN3.1
4343,4441,marie,-10.8658,0,0,0,0,,0,0,,,,,0,0,D5K,SCOWL60_STABLE_2020.12.07+WN3.1
4344,4442,melbourne,-10.8658,0,0,0,0,N,0,0,,,,,0,0,D5K,SCOWL60_STABLE_2020.12.07+WN3.1
4345,4443,nah,-10.8658,1,1,0,0,,1,0,ah,,,,1,0,D5K,SCOWL60_STABLE_2020.12.07+WN3.1
4346,4444,nba,-10.8658,0,0,0,0,,0,0,,,,,0,0,D5K,SCOWL60_STABLE_2020.12.07+WN3.1
4347,4445,occupation,-10.8658,1,1,0,0,N,1,1,,,,occupations,0,1,D5K,SCOWL60_STABLE_2020.12.07+WN3.1
4348,4446,olympics,-10.8658,0,0,0,0,N,0,0,,,,,0,0,D5K,SCOWL60_STABLE_2020.12.07+WN3.1
4349,4447,opera,-10.8658,1,1,0,0,N,1,1,,,,operas,0,1,D5K,SCOWL60_STABLE_2020.12.07+WN3.1
4350,4448,oral,-10.8658,1,1,0,0,N|ADJ,1,1,,,moral;coral,,0,2,D5K,SCOWL60_STABLE_2020.12.07+WN3.1
4351,4449,peaceful,-10.8658,1,1,0,0,ADJ,0,0,,,,,0,0,D5K,SCOWL60_STABLE_2020.12.07+WN3.1
4352,4450,petition,-10.8658,1,1,0,0,N|V,1,1,,,,petitions,0,1,D5K,SCOWL60_STABLE_2020.12.07+WN3.1
4353,4451,piano,-10.8658,1,1,0,0,N|ADJ|ADV,0,0,,,,,0,0,D5K,SCOWL60_STABLE_2020.12.07+WN3.1
4354,4452,pipe,-10.8658,1,1,0,0,N|V,1,1,,pip,,pipes;piper,1,2,D5K,SCOWL60_STABLE_2020.12.07+WN3.1
4355,4453,poet,-10.8658,1,1,0,0,N,1,1,,,,poets,0,1,D5K,SCOWL60_STABLE_2020.12.07+WN3.1
4356,4454,praise,-10.8658,1,1,0,0,N|V,1,1,raise,,,praised;praises,1,2,D5K,SCOWL60_STABLE_2020.12.07+WN3.1
4357,4455,proceed,-10.8658,1,1,0,0,V,1,1,,,,proceeds,0,1,D5K,SCOWL60_STABLE_2020.12.07+WN3.1
4358,4456,protecting,-10.8658,1,0,1,0,ADJ,0,0,,,,,0,0,D5K,SCOWL60_STABLE_2020.12.07+WN3.1
4359,4457,publications,-10.8658,1,0,1,0,,1,0,,publication,,,1,0,D5K,SCOWL60_STABLE_2020.12.07+WN3.1
4360,4458,pursue,-10.8658,1,1,0,0,V,1,1,,,,pursued,0,1,D5K,SCOWL60_STABLE_2020.12.07+WN3.1
4361,4459,racial,-10.8658,1,1,0,0,ADJ,0,0,,,,,0,0,D5K,SCOWL60_STABLE_2020.12.07+WN3.1
4362,4460,reception,-10.8658,1,1,0,0,N,0,0,,,,,0,0,D5K,SCOWL60_STABLE_2020.12.07+WN3.1
4363,4461,recover,-10.8658,1,0,1,0,V,1,1,,,,recovery,0,1,D5K,SCOWL60_STABLE_2020.12.07+WN3.1
4364,4462,remarkable,-10.8658,1,0,1,0,ADJ,0,0,,,,,0,0,D5K,SCOWL60_STABLE_2020.12.07+WN3.1
4365,4463,rocket,-10.8658,1,1,0,0,N|V,1,1,,,,rockets,0,1,D5K,SCOWL60_STABLE_2020.12.07+WN3.1
4366,4464,secrets,-10.8658,1,0,1,0,,1,0,,secret,,,1,0,D5K,SCOWL60_STABLE_2020.12.07+WN3.1
4367,4465,seeds,-10.8658,1,0,1,0,,1,0,,seed,,,1,0,D5K,SCOWL60_STABLE_2020.12.07+WN3.1
4368,4466,signals,-10.8658,1,0,1,0,,1,0,,signal,,,1,0,D5K,SCOWL60_STABLE_2020.12.07+WN3.1
4369,4467,singapore,-10.8658,0,0,0,0,N,0,0,,,,,0,0,D5K,SCOWL60_STABLE_2020.12.07+WN3.1
4370,4468,slave,-10.8658,1,1,0,0,N|V,1,1,,,,slaves,0,1,D5K,SCOWL60_STABLE_2020.12.07+WN3.1
4371,4469,sole,-10.8658,1,1,0,0,N|V|ADJ,1,0,ole,sol,,,2,0,D5K,SCOWL60_STABLE_2020.12.07+WN3.1
4372,4470,spare,-10.8658,1,1,0,0,N|V|ADJ,1,1,,,,spared,0,1,D5K,SCOWL60_STABLE_2020.12.07+WN3.1
4373,4471,spots,-10.8658,1,0,1,0,N,1,0,pots,spot,,,2,0,D5K,SCOWL60_STABLE_2020.12.07+WN3.1
4374,4472,tobacco,-10.8658,1,1,0,0,N,0,0,,,,,0,0,D5K,SCOWL60_STABLE_2020.12.07+WN3.1
4375,4473,tube,-10.8658,1,1,0,0,N|V,1,1,,tub,,tubes,1,1,D5K,SCOWL60_STABLE_2020.12.07+WN3.1
4376,4474,uh,-10.8658,1,1,0,0,,1,1,,,huh;duh,,0,2,D5K,SCOWL60_STABLE_2020.12.07+WN3.1
4377,4475,updates,-10.8658,1,0,1,0,,1,0,,update,,,1,0,D5K,SCOWL60_STABLE_2020.12.07+WN3.1
4378,4476,vary,-10.8658,1,1,0,0,V,1,0,,var,,,1,0,D5K,SCOWL60_STABLE_2020.12.07+WN3.1
4379,4477,wages,-10.8658,1,0,1,0,N,1,0,ages,wage,,,2,0,D5K,SCOWL60_STABLE_2020.12.07+WN3.1
4380,4478,wildlife,-10.8658,1,1,0,0,N,0,0,,,,,0,0,D5K,SCOWL60_STABLE_2020.12.07+WN3.1
4381,4479,wisconsin,-10.8658,0,0,0,0,N,0,0,,,,,0,0,D5K,SCOWL60_STABLE_2020.12.07+WN3.1
4382,4480,worship,-10.8658,1,1,0,0,N|V,0,0,,,,,0,0,D5K,SCOWL60_STABLE_2020.12.07+WN3.1
4383,4482,accounting,-10.8923,1,1,1,0,N,0,0,,,,,0,0,D5K,SCOWL60_STABLE_2020.12.07+WN3.1
4384,4483,anderson,-10.8923,0,0,0,0,N,0,0,,,,,0,0,D5K,SCOWL60_STABLE_2020.12.07+WN3.1
4385,4484,ann,-10.8923,0,0,0,0,,0,0,,,,,0,0,D5K,SCOWL60_STABLE_2020.12.07+WN3.1
4386,4485,atlanta,-10.8923,0,0,0,0,N,0,0,,,,,0,0,D5K,SCOWL60_STABLE_2020.12.07+WN3.1
4387,4486,autumn,-10.8923,1,1,0,0,N,0,0,,,,,0,0,D5K,SCOWL60_STABLE_2020.12.07+WN3.1
4388,4487,breathe,-10.8923,1,1,0,0,V,1,0,,breath,,,1,0,D5K,SCOWL60_STABLE_2020.12.07+WN3.1
4389,4488,cameras,-10.8923,1,0,1,0,,1,0,,camera,,,1,0,D5K,SCOWL60_STABLE_2020.12.07+WN3.1
4390,4489,claiming,-10.8923,1,0,1,0,,0,0,,,,,0,0,D5K,SCOWL60_STABLE_2020.12.07+WN3.1
4391,4490,classification,-10.8923,1,1,1,0,N,1,1,,,,classifications,0,1,D5K,SCOWL60_STABLE_2020.12.07+WN3.1
4392,4491,climb,-10.8923,1,1,0,0,N|V,1,1,limb,,,climbs,1,1,D5K,SCOWL60_STABLE_2020.12.07+WN3.1
4393,4492,clinton,-10.8923,0,0,0,0,N,0,0,,,,,0,0,D5K,SCOWL60_STABLE_2020.12.07+WN3.1
4394,4493,constructed,-10.8923,1,0,1,0,,0,0,,,,,0,0,D5K,SCOWL60_STABLE_2020.12.07+WN3.1
4395,4494,contents,-10.8923,1,0,1,0,N,1,0,,content,,,1,0,D5K,SCOWL60_STABLE_2020.12.07+WN3.1
4396,4495,criteria,-10.8923,1,1,0,0,,0,0,,,,,0,0,D5K,SCOWL60_STABLE_2020.12.07+WN3.1
4397,4496,dealt,-10.8923,1,1,0,0,,1,0,,deal,,,1,0,D5K,SCOWL60_STABLE_2020.12.07+WN3.1
4398,4497,deserves,-10.8923,1,0,1,0,,1,0,,deserve,,,1,0,D5K,SCOWL60_STABLE_2020.12.07+WN3.1
4399,4498,detroit,-10.8923,0,0,0,0,N,0,0,,,,,0,0,D5K,SCOWL60_STABLE_2020.12.07+WN3.1
4400,4499,drag,-10.8923,1,1,0,0,N|V,1,0,rag,,,,1,0,D5K,SCOWL60_STABLE_2020.12.07+WN3.1
4401,4500,dual,-10.8923,1,1,0,0,ADJ,0,0,,,,,0,0,D5K,SCOWL60_STABLE_2020.12.07+WN3.1
4402,4501,edit,-10.8923,1,1,0,0,V,1,1,,,,edits,0,1,D5K,SCOWL60_STABLE_2020.12.07+WN3.1
4403,4502,egyptian,-10.8923,0,0,0,0,N|ADJ,0,0,,,,,0,0,D5K,SCOWL60_STABLE_2020.12.07+WN3.1
4404,4503,emerging,-10.8923,1,0,1,0,ADJ,1,0,merging,,,,1,0,D5K,SCOWL60_STABLE_2020.12.07+WN3.1
4405,4504,encounter,-10.8923,1,1,0,0,N|V,1,1,,,,encounters,0,1,D5K,SCOWL60_STABLE_2020.12.07+WN3.1
4406,4505,examine,-10.8923,1,1,0,0,V,1,1,,,,examined;examines;examiner,0,3,D5K,SCOWL60_STABLE_2020.12.07+WN3.1
4407,4506,examined,-10.8923,1,0,1,0,,1,0,,examine,,,1,0,D5K,SCOWL60_STABLE_2020.12.07+WN3.1
4408,4507,experimental,-10.8923,1,1,0,0,ADJ,0,0,,,,,0,0,D5K,SCOWL60_STABLE_2020.12.07+WN3.1
4409,4508,fails,-10.8923,1,0,1,0,,1,0,,fail,,,1,0,D5K,SCOWL60_STABLE_2020.12.07+WN3.1
4410,4509,feeding,-10.8923,1,1,1,0,N,0,0,,,,,0,0,D5K,SCOWL60_STABLE_2020.12.07+WN3.1
4411,4510,filter,-10.8923,1,1,0,0,N|V,1,1,,,,filters,0,1,D5K,SCOWL60_STABLE_2020.12.07+WN3.1
4412,4511,fiscal,-10.8923,1,1,0,0,ADJ,0,0,,,,,0,0,D5K,SCOWL60_STABLE_2020.12.07+WN3.1
4413,4512,flesh,-10.8923,1,1,0,0,N|V,0,0,,,,,0,0,D5K,SCOWL60_STABLE_2020.12.07+WN3.1
4414,4513,followers,-10.8923,1,0,1,0,N,1,0,,follower,,,1,0,D5K,SCOWL60_STABLE_2020.12.07+WN3.1
4415,4514,functional,-10.8923,1,1,0,0,ADJ,0,0,,,,,0,0,D5K,SCOWL60_STABLE_2020.12.07+WN3.1
4416,4515,furniture,-10.8923,1,1,0,0,N,0,0,,,,,0,0,D5K,SCOWL60_STABLE_2020.12.07+WN3.1
4417,4516,gather,-10.8923,1,1,0,0,N|V,1,1,,,,gathers,0,1,D5K,SCOWL60_STABLE_2020.12.07+WN3.1
4418,4517,helicopter,-10.8923,1,1,0,0,N,1,1,,,,helicopters,0,1,D5K,SCOWL60_STABLE_2020.12.07+WN3.1
4419,4518,hiding,-10.8923,1,1,1,0,N,0,0,,,,,0,0,D5K,SCOWL60_STABLE_2020.12.07+WN3.1
4420,4519,hurts,-10.8923,1,0,1,0,,1,0,,hurt,,,1,0,D5K,SCOWL60_STABLE_2020.12.07+WN3.1
4421,4520,implementation,-10.8923,1,1,0,0,N,0,0,,,,,0,0,D5K,SCOWL60_STABLE_2020.12.07+WN3.1
4422,4521,influenced,-10.8923,1,1,1,0,,1,0,,influence,,,1,0,D5K,SCOWL60_STABLE_2020.12.07+WN3.1
4423,4522,inhabitants,-10.8923,1,0,1,0,,0,0,,,,,0,0,D5K,SCOWL60_STABLE_2020.12.07+WN3.1
4424,4523,intelligent,-10.8923,1,1,0,0,ADJ,0,0,,,,,0,0,D5K,SCOWL60_STABLE_2020.12.07+WN3.1
4425,4524,invasion,-10.8923,1,1,0,0,N,1,1,,,,invasions,0,1,D5K,SCOWL60_STABLE_2020.12.07+WN3.1
4426,4525,invest,-10.8923,1,1,1,0,V,0,0,,,,,0,0,D5K,SCOWL60_STABLE_2020.12.07+WN3.1
4427,4526,isolated,-10.8923,1,0,1,0,ADJ,1,0,,isolate,,,1,0,D5K,SCOWL60_STABLE_2020.12.07+WN3.1
4428,4527,jacket,-10.8923,1,1,0,0,N|V,1,1,,,,jackets,0,1,D5K,SCOWL60_STABLE_2020.12.07+WN3.1
4429,4528,jealous,-10.8923,1,1,0,0,ADJ,1,1,,,,jealousy,0,1,D5K,SCOWL60_STABLE_2020.12.07+WN3.1
4430,4529,landed,-10.8923,1,0,1,0,ADJ,0,0,,,,,0,0,D5K,SCOWL60_STABLE_2020.12.07+WN3.1
4431,4530,leather,-10.8923,1,1,0,0,N|V,0,0,,,,,0,0,D5K,SCOWL60_STABLE_2020.12.07+WN3.1
4432,4531,legitimate,-10.8923,1,1,0,0,V|ADJ,0,0,,,,,0,0,D5K,SCOWL60_STABLE_2020.12.07+WN3.1
4433,4532,luxury,-10.8923,1,1,0,0,N,0,0,,,,,0,0,D5K,SCOWL60_STABLE_2020.12.07+WN3.1
4434,4533,mercy,-10.8923,1,1,0,0,N,0,0,,,,,0,0,D5K,SCOWL60_STABLE_2020.12.07+WN3.1
4435,4534,meters,-10.8923,1,0,1,0,,1,0,,meter,,,1,0,D5K,SCOWL60_STABLE_2020.12.07+WN3.1
4436,4535,mp,-10.8923,1,1,0,0,N,1,1,,,amp,mph,0,2,D5K,SCOWL60_STABLE_2020.12.07+WN3.1
4437,4536,nuts,-10.8923,1,0,1,0,ADJ,1,0,,nut,,,1,0,D5K,SCOWL60_STABLE_2020.12.07+WN3.1
4438,4537,ny,-10.8923,0,0,0,0,N,0,0,,,,,0,0,D5K,SCOWL60_STABLE_2020.12.07+WN3.1
4439,4538,occasions,-10.8923,1,0,1,0,N,1,0,,occasion,,,1,0,D5K,SCOWL60_STABLE_2020.12.07+WN3.1
4440,4539,oxygen,-10.8923,1,1,0,0,N,0,0,,,,,0,0,D5K,SCOWL60_STABLE_2020.12.07+WN3.1
4441,4540,pays,-10.8923,1,0,1,0,,1,0,,pay,,,1,0,D5K,SCOWL60_STABLE_2020.12.07+WN3.1
4442,4541,pound,-10.8923,1,1,0,0,N|V,1,1,,,,pounds,0,1,D5K,SCOWL60_STABLE_2020.12.07+WN3.1
4443,4542,productive,-10.8923,1,1,0,0,ADJ,0,0,,,,,0,0,D5K,SCOWL60_STABLE_2020.12.07+WN3.1
4444,4543,psychology,-10.8923,1,1,0,0,N,0,0,,,,,0,0,D5K,SCOWL60_STABLE_2020.12.07+WN3.1
4445,4544,publicly,-10.8923,1,1,0,0,ADV,0,0,,,,,0,0,D5K,SCOWL60_STABLE_2020.12.07+WN3.1
4446,4545,quebec,-10.8923,0,0,0,0,N,0,0,,,,,0,0,D5K,SCOWL60_STABLE_2020.12.07+WN3.1
4447,4546,quest,-10.8923,1,1,0,0,N|V,0,0,,,,,0,0,D5K,SCOWL60_STABLE_2020.12.07+WN3.1
4448,4547,recovered,-10.8923,1,0,1,0,ADJ,0,0,,,,,0,0,D5K,SCOWL60_STABLE_2020.12.07+WN3.1
4449,4548,relax,-10.8923,1,1,0,0,V,0,0,,,,,0,0,D5K,SCOWL60_STABLE_2020.12.07+WN3.1
4450,4549,reporter,-10.8923,1,0,1,0,N,1,1,,,,reporters,0,1,D5K,SCOWL60_STABLE_2020.12.07+WN3.1
4451,4550,revenge,-10.8923,1,1,0,0,N|V,0,0,,,,,0,0,D5K,SCOWL60_STABLE_2020.12.07+WN3.1
4452,4551,ruined,-10.8923,1,0,1,0,ADJ,0,0,,,,,0,0,D5K,SCOWL60_STABLE_2020.12.07+WN3.1
4453,4552,sacred,-10.8923,1,1,0,0,ADJ,0,0,,,,,0,0,D5K,SCOWL60_STABLE_2020.12.07+WN3.1
4454,4553,sean,-10.8923,0,0,0,0,,0,0,,,,,0,0,D5K,SCOWL60_STABLE_2020.12.07+WN3.1
4455,4554,shelter,-10.8923,1,1,0,0,N|V,1,1,,,,shelters,0,1,D5K,SCOWL60_STABLE_2020.12.07+WN3.1
4456,4555,slide,-10.8923,1,1,0,0,N|V,1,1,,slid,,slides,1,1,D5K,SCOWL60_STABLE_2020.12.07+WN3.1
4457,4556,submission,-10.8923,1,1,0,0,N,1,1,,,,submissions,0,1,D5K,SCOWL60_STABLE_2020.12.07+WN3.1
4458,4557,supporters,-10.8923,1,0,1,0,,1,0,,supporter,,,1,0,D5K,SCOWL60_STABLE_2020.12.07+WN3.1
4459,4558,tasks,-10.8923,1,0,1,0,,1,0,asks,task,,,2,0,D5K,SCOWL60_STABLE_2020.12.07+WN3.1
4460,4559,terrorism,-10.8923,1,1,0,0,N,0,0,,,,,0,0,D5K,SCOWL60_STABLE_2020.12.07+WN3.1
4461,4560,trains,-10.8923,1,0,1,0,,1,1,rains,train,strains,,2,1,D5K,SCOWL60_STABLE_2020.12.07+WN3.1
4462,4561,trans,-10.8923,1,1,0,0,,0,0,,,,,0,0,D5K,SCOWL60_STABLE_2020.12.07+WN3.1
4463,4562,villa,-10.8923,1,1,0,0,N,1,1,,,,villas,0,1,D5K,SCOWL60_STABLE_2020.12.07+WN3.1
4464,4563,volunteer,-10.8923,1,1,0,0,N|V|ADJ,1,1,,,,volunteers,0,1,D5K,SCOWL60_STABLE_2020.12.07+WN3.1
4465,4564,wherever,-10.8923,1,1,0,0,ADV,0,0,,,,,0,0,D5K,SCOWL60_STABLE_2020.12.07+WN3.1
4466,4565,widespread,-10.8923,1,1,0,0,ADJ,0,0,,,,,0,0,D5K,SCOWL60_STABLE_2020.12.07+WN3.1
4467,4566,acquisition,-10.9141,1,1,0,0,N,1,1,,,,acquisitions,0,1,D5K,SCOWL60_STABLE_2020.12.07+WN3.1
4468,4567,alien,-10.9141,1,1,0,0,N|V|ADJ,1,1,,,,aliens,0,1,D5K,SCOWL60_STABLE_2020.12.07+WN3.1
4469,4568,attempting,-10.9141,1,0,1,0,,0,0,,,,,0,0,D5K,SCOWL60_STABLE_2020.12.07+WN3.1
4470,4569,attending,-10.9141,1,0,1,0,N,0,0,,,,,0,0,D5K,SCOWL60_STABLE_2020.12.07+WN3.1
4471,4570,bearing,-10.9141,1,1,1,0,N|ADJ,1,1,,,,bearings,0,1,D5K,SCOWL60_STABLE_2020.12.07+WN3.1
4472,4571,celebrated,-10.9141,1,0,1,0,ADJ,1,0,,celebrate,,,1,0,D5K,SCOWL60_STABLE_2020.12.07+WN3.1
4473,4572,chemistry,-10.9141,1,1,0,0,N,0,0,,,,,0,0,D5K,SCOWL60_STABLE_2020.12.07+WN3.1
4474,4573,chip,-10.9141,1,1,0,0,N|V,1,1,hip,chi,,chips,2,1,D5K,SCOWL60_STABLE_2020.12.07+WN3.1
4475,4574,christianity,-10.9141,0,0,0,0,N,0,0,,,,,0,0,D5K,SCOWL60_STABLE_2020.12.07+WN3.1
4476,4575,collaboration,-10.9141,1,1,1,0,N,1,1,,,,collaborations,0,1,D5K,SCOWL60_STABLE_2020.12.07+WN3.1
4477,4576,con,-10.9141,1,1,0,0,N|V|ADV,1,1,on,co,icon,cone;cons,2,3,D5K,SCOWL60_STABLE_2020.12.07+WN3.1
4478,4577,deeper,-10.9141,1,0,1,0,,0,0,,,,,0,0,D5K,SCOWL60_STABLE_2020.12.07+WN3.1
4479,4578,departments,-10.9141,1,0,1,0,,1,0,,department,,,1,0,D5K,SCOWL60_STABLE_2020.12.07+WN3.1
4480,4579,developments,-10.9141,1,0,1,0,,1,0,,development,,,1,0,D5K,SCOWL60_STABLE_2020.12.07+WN3.1
4481,4580,discipline,-10.9141,1,1,0,0,N|V,1,1,,,,disciplines;disciplined,0,2,D5K,SCOWL60_STABLE_2020.12.07+WN3.1
4482,4581,discount,-10.9141,1,0,1,0,N|V,1,1,,,,discounts,0,1,D5K,SCOWL60_STABLE_2020.12.07+WN3.1
4483,4582,disney,-10.9141,0,0,0,0,N,0,0,,,,,0,0,D5K,SCOWL60_STABLE_2020.12.07+WN3.1
4484,4583,distinguished,-10.9141,1,1,1,0,ADJ,0,0,,,,,0,0,D5K,SCOWL60_STABLE_2020.12.07+WN3.1
4485,4584,diversity,-10.9141,1,1,0,0,N,0,0,,,,,0,0,D5K,SCOWL60_STABLE_2020.12.07+WN3.1
4486,4585,emphasis,-10.9141,1,1,0,0,N,0,0,,,,,0,0,D5K,SCOWL60_STABLE_2020.12.07+WN3.1
4487,4586,epic,-10.9141,1,1,0,0,N|ADJ,1,0,pic,,,,1,0,D5K,SCOWL60_STABLE_2020.12.07+WN3.1
4488,4587,fighter,-10.9141,1,1,1,0,N,1,1,,,,fighters,0,1,D5K,SCOWL60_STABLE_2020.12.07+WN3.1
4489,4588,gardens,-10.9141,1,0,1,0,,1,0,,garden,,,1,0,D5K,SCOWL60_STABLE_2020.12.07+WN3.1
4490,4589,germans,-10.9141,0,0,0,0,,0,0,,,,,0,0,D5K,SCOWL60_STABLE_2020.12.07+WN3.1
4491,4590,guidelines,-10.9141,1,0,1,0,,0,0,,,,,0,0,D5K,SCOWL60_STABLE_2020.12.07+WN3.1
4492,4591,huh,-10.9141,1,1,0,0,,1,0,uh,,,,1,0,D5K,SCOWL60_STABLE_2020.12.07+WN3.1
4493,4592,identification,-10.9141,1,1,1,0,N,0,0,,,,,0,0,D5K,SCOWL60_STABLE_2020.12.07+WN3.1
4494,4593,inter,-10.9141,1,1,0,0,V,1,1,,,winter,intern,0,2,D5K,SCOWL60_STABLE_2020.12.07+WN3.1
4495,4594,kidding,-10.9141,1,1,0,0,,0,0,,,,,0,0,D5K,SCOWL60_STABLE_2020.12.07+WN3.1
4496,4595,knight,-10.9141,1,1,0,0,N|V,1,1,night,,,knights,1,1,D5K,SCOWL60_STABLE_2020.12.07+WN3.1
4497,4596,lion,-10.9141,1,1,0,0,N,1,1,ion,,,lions,1,1,D5K,SCOWL60_STABLE_2020.12.07+WN3.1
4498,4597,manufacturers,-10.9141,1,0,1,0,,1,0,,manufacturer,,,1,0,D5K,SCOWL60_STABLE_2020.12.07+WN3.1
4499,4598,montreal,-10.9141,0,0,0,0,N,0,0,,,,,0,0,D5K,SCOWL60_STABLE_2020.12.07+WN3.1
4500,4599,murdered,-10.9141,1,0,1,0,ADJ,0,0,,,,,0,0,D5K,SCOWL60_STABLE_2020.12.07+WN3.1
4501,4600,palestinian,-10.9141,0,0,0,0,N|ADJ,0,0,,,,,0,0,D5K,SCOWL60_STABLE_2020.12.07+WN3.1
4502,4601,permitted,-10.9141,1,1,0,0,,0,0,,,,,0,0,D5K,SCOWL60_STABLE_2020.12.07+WN3.1
4503,4602,pole,-10.9141,1,1,0,0,N|V,1,1,ole,pol,,poles,2,1,D5K,SCOWL60_STABLE_2020.12.07+WN3.1
4504,4603,posting,-10.9141,1,1,1,0,N,0,0,,,,,0,0,D5K,SCOWL60_STABLE_2020.12.07+WN3.1
4505,4604,precisely,-10.9141,1,0,1,0,ADV,0,0,,,,,0,0,D5K,SCOWL60_STABLE_2020.12.07+WN3.1
4506,4605,premium,-10.9141,1,1,0,0,N|ADJ,1,1,,,,premiums,0,1,D5K,SCOWL60_STABLE_2020.12.07+WN3.1
4507,4606,printing,-10.9141,1,1,1,0,N,0,0,,,,,0,0,D5K,SCOWL60_STABLE_2020.12.07+WN3.1
4508,4607,quantity,-10.9141,1,1,0,0,N,0,0,,,,,0,0,D5K,SCOWL60_STABLE_2020.12.07+WN3.1
4509,4608,quarters,-10.9141,1,0,1,0,N,1,0,,quarter,,,1,0,D5K,SCOWL60_STABLE_2020.12.07+WN3.1
4510,4609,requested,-10.9141,1,0,1,0,ADJ,0,0,,,,,0,0,D5K,SCOWL60_STABLE_2020.12.07+WN3.1
4511,4610,restricted,-10.9141,1,1,1,0,ADJ,0,0,,,,,0,0,D5K,SCOWL60_STABLE_2020.12.07+WN3.1
4512,4611,rick,-10.9141,1,1,0,0,N|V,1,1,,,trick;brick;prick,,0,3,D5K,SCOWL60_STABLE_2020.12.07+WN3.1
4513,4612,rounds,-10.9141,1,0,1,0,,1,1,,round,grounds,,1,1,D5K,SCOWL60_STABLE_2020.12.07+WN3.1
4514,4613,shield,-10.9141,1,1,0,0,N|V,1,1,,,,shields,0,1,D5K,SCOWL60_STABLE_2020.12.07+WN3.1
4515,4615,spaces,-10.9141,1,0,1,0,,1,0,,space,,,1,0,D5K,SCOWL60_STABLE_2020.12.07+WN3.1
4516,4616,succeeded,-10.9141,1,0,1,0,,0,0,,,,,0,0,D5K,SCOWL60_STABLE_2020.12.07+WN3.1
4517,4617,surprising,-10.9141,1,1,1,0,ADJ,0,0,,,,,0,0,D5K,SCOWL60_STABLE_2020.12.07+WN3.1
4518,4618,targeted,-10.9141,1,0,1,0,,0,0,,,,,0,0,D5K,SCOWL60_STABLE_2020.12.07+WN3.1
4519,4619,topics,-10.9141,1,0,1,0,,1,0,,topic,,,1,0,D5K,SCOWL60_STABLE_2020.12.07+WN3.1
4520,4620,um,-10.9141,1,1,0,0,,1,1,,,mum;sum;cum;gum;bum;rum;hum;yum,,0,8,D5K,SCOWL60_STABLE_2020.12.07+WN3.1
4521,4621,usage,-10.9141,1,1,0,0,N,1,0,sage,,,,1,0,D5K,SCOWL60_STABLE_2020.12.07+WN3.1
4522,4622,waited,-10.9141,1,0,1,0,,1,1,,,awaited,,0,1,D5K,SCOWL60_STABLE_2020.12.07+WN3.1
4523,4623,wider,-10.9141,1,0,1,0,,1,0,,wide,,,1,0,D5K,SCOWL60_STABLE_2020.12.07+WN3.1
4524,4626,actively,-10.9363,1,0,1,0,ADV,0,0,,,,,0,0,D5K,SCOWL60_STABLE_2020.12.07+WN3.1
4525,4627,adapted,-10.9363,1,0,1,0,ADJ,0,0,,,,,0,0,D5K,SCOWL60_STABLE_2020.12.07+WN3.1
4526,4628,adequate,-10.9363,1,1,0,0,ADJ,0,0,,,,,0,0,D5K,SCOWL60_STABLE_2020.12.07+WN3.1
4527,4629,apps,-10.9363,1,0,1,0,,1,0,,app,,,1,0,D5K,SCOWL60_STABLE_2020.12.07+WN3.1
4528,4630,arizona,-10.9363,0,0,0,0,N,0,0,,,,,0,0,D5K,SCOWL60_STABLE_2020.12.07+WN3.1
4529,4631,bases,-10.9363,1,0,1,0,,1,0,,base,,,1,0,D5K,SCOWL60_STABLE_2020.12.07+WN3.1
4530,4632,beings,-10.9363,1,0,1,0,,1,0,,being,,,1,0,D5K,SCOWL60_STABLE_2020.12.07+WN3.1
4531,4633,boundaries,-10.9363,1,0,1,0,,0,0,,,,,0,0,D5K,SCOWL60_STABLE_2020.12.07+WN3.1
4532,4634,butt,-10.9363,1,1,0,0,N|V,1,1,,but,,butts,1,1,D5K,SCOWL60_STABLE_2020.12.07+WN3.1
4533,4635,checks,-10.9363,1,0,1,0,,1,0,,check,,,1,0,D5K,SCOWL60_STABLE_2020.12.07+WN3.1
4534,4636,classified,-10.9363,1,1,1,0,N|ADJ,0,0,,,,,0,0,D5K,SCOWL60_STABLE_2020.12.07+WN3.1
4535,4637,colonial,-10.9363,1,1,0,0,N|ADJ,0,0,,,,,0,0,D5K,SCOWL60_STABLE_2020.12.07+WN3.1
4536,4638,commons,-10.9363,1,1,0,0,N,1,0,,common,,,1,0,D5K,SCOWL60_STABLE_2020.12.07+WN3.1
4537,4639,concepts,-10.9363,1,0,1,0,,1,0,,concept,,,1,0,D5K,SCOWL60_STABLE_2020.12.07+WN3.1
4538,4640,conversion,-10.9363,1,0,1,0,N,1,1,,,,conversions,0,1,D5K,SCOWL60_STABLE_2020.12.07+WN3.1
4539,4641,directions,-10.9363,1,1,0,0,,1,0,,direction,,,1,0,D5K,SCOWL60_STABLE_2020.12.07+WN3.1
4540,4642,edinburgh,-10.9363,0,0,0,0,N,0,0,,,,,0,0,D5K,SCOWL60_STABLE_2020.12.07+WN3.1
4541,4643,employers,-10.9363,1,0,1,0,,1,0,,employer,,,1,0,D5K,SCOWL60_STABLE_2020.12.07+WN3.1
4542,4644,equipped,-10.9363,1,1,0,0,ADJ,0,0,,,,,0,0,D5K,SCOWL60_STABLE_2020.12.07+WN3.1
4543,4645,executed,-10.9363,1,0,1,0,ADJ,1,0,,execute,,,1,0,D5K,SCOWL60_STABLE_2020.12.07+WN3.1
4544,4646,faculty,-10.9363,1,1,0,0,N,0,0,,,,,0,0,D5K,SCOWL60_STABLE_2020.12.07+WN3.1
4545,4647,failing,-10.9363,1,1,1,0,N|ADJ,0,0,,,,,0,0,D5K,SCOWL60_STABLE_2020.12.07+WN3.1
4546,4648,farming,-10.9363,1,1,1,0,N|ADJ,0,0,,,,,0,0,D5K,SCOWL60_STABLE_2020.12.07+WN3.1
4547,4649,fifa,-10.9363,0,0,0,0,,0,0,,,,,0,0,D5K,SCOWL60_STABLE_2020.12.07+WN3.1
4548,4650,finishing,-10.9363,1,0,1,0,N,0,0,,,,,0,0,D5K,SCOWL60_STABLE_2020.12.07+WN3.1
4549,4651,firing,-10.9363,1,0,1,0,N,0,0,,,,,0,0,D5K,SCOWL60_STABLE_2020.12.07+WN3.1
4550,4652,gen,-10.9363,1,0,1,0,N,1,1,en,,,gene,1,1,D5K,SCOWL60_STABLE_2020.12.07+WN3.1
4551,4653,grades,-10.9363,1,0,1,0,,1,0,,grade,,,1,0,D5K,SCOWL60_STABLE_2020.12.07+WN3.1
4552,4654,gravity,-10.9363,1,1,0,0,N,0,0,,,,,0,0,D5K,SCOWL60_STABLE_2020.12.07+WN3.1
4553,4655,hilarious,-10.9363,1,1,0,0,ADJ,0,0,,,,,0,0,D5K,SCOWL60_STABLE_2020.12.07+WN3.1
4554,4656,identical,-10.9363,1,1,0,0,ADJ,0,0,,,,,0,0,D5K,SCOWL60_STABLE_2020.12.07+WN3.1
4555,4657,imperial,-10.9363,1,1,0,0,N|ADJ,0,0,,,,,0,0,D5K,SCOWL60_STABLE_2020.12.07+WN3.1
4556,4658,indigenous,-10.9363,1,1,0,0,ADJ,0,0,,,,,0,0,D5K,SCOWL60_STABLE_2020.12.07+WN3.1
4557,4659,integration,-10.9363,1,1,1,0,N,0,0,,,,,0,0,D5K,SCOWL60_STABLE_2020.12.07+WN3.1
4558,4660,investments,-10.9363,1,0,1,0,,1,0,,investment,,,1,0,D5K,SCOWL60_STABLE_2020.12.07+WN3.1
4559,4662,jurisdiction,-10.9363,1,1,0,0,N,1,1,,,,jurisdictions,0,1,D5K,SCOWL60_STABLE_2020.12.07+WN3.1
4560,4663,kennedy,-10.9363,0,0,0,0,N,0,0,,,,,0,0,D5K,SCOWL60_STABLE_2020.12.07+WN3.1
4561,4664,lakes,-10.9363,1,0,1,0,,1,1,,lake,flakes,,1,1,D5K,SCOWL60_STABLE_2020.12.07+WN3.1
4562,4665,laughed,-10.9363,1,0,1,0,,0,0,,,,,0,0,D5K,SCOWL60_STABLE_2020.12.07+WN3.1
4563,4666,lifestyle,-10.9363,1,1,0,0,N,1,1,,,,lifestyles,0,1,D5K,SCOWL60_STABLE_2020.12.07+WN3.1
4564,4667,lighting,-10.9363,1,0,1,0,N,0,0,,,,,0,0,D5K,SCOWL60_STABLE_2020.12.07+WN3.1
4565,4668,lincoln,-10.9363,0,0,0,0,N,0,0,,,,,0,0,D5K,SCOWL60_STABLE_2020.12.07+WN3.1
4566,4669,loaded,-10.9363,1,0,1,0,ADJ,0,0,,,,,0,0,D5K,SCOWL60_STABLE_2020.12.07+WN3.1
4567,4670,lover,-10.9363,1,1,1,0,N,1,1,over,love,clover,lovers,2,2,D5K,SCOWL60_STABLE_2020.12.07+WN3.1
4568,4671,mask,-10.9363,1,1,0,0,N|V,1,1,ask,mas,,masks,2,1,D5K,SCOWL60_STABLE_2020.12.07+WN3.1
4569,4672,mines,-10.9363,1,0,1,0,,1,0,,mine,,,1,0,D5K,SCOWL60_STABLE_2020.12.07+WN3.1
4570,4673,performances,-10.9363,1,0,1,0,,1,0,,performance,,,1,0,D5K,SCOWL60_STABLE_2020.12.07+WN3.1
4571,4674,pissed,-10.9363,1,0,1,0,ADJ,0,0,,,,,0,0,D5K,SCOWL60_STABLE_2020.12.07+WN3.1
4572,4675,pleasant,-10.9363,1,1,0,0,ADJ,0,0,,,,,0,0,D5K,SCOWL60_STABLE_2020.12.07+WN3.1
4573,4676,prevention,-10.9363,1,1,0,0,N,0,0,,,,,0,0,D5K,SCOWL60_STABLE_2020.12.07+WN3.1
4574,4677,promoting,-10.9363,1,0,1,0,,0,0,,,,,0,0,D5K,SCOWL60_STABLE_2020.12.07+WN3.1
4575,4678,ranks,-10.9363,1,0,1,0,,1,1,,rank,franks,,1,1,D5K,SCOWL60_STABLE_2020.12.07+WN3.1
4576,4679,reactions,-10.9363,1,0,1,0,,1,0,,reaction,,,1,0,D5K,SCOWL60_STABLE_2020.12.07+WN3.1
4577,4680,relating,-10.9363,1,0,1,0,,0,0,,,,,0,0,D5K,SCOWL60_STABLE_2020.12.07+WN3.1
4578,4681,requirement,-10.9363,1,1,1,0,N,1,1,,,,requirements,0,1,D5K,SCOWL60_STABLE_2020.12.07+WN3.1
4579,4682,separation,-10.9363,1,1,1,0,N,0,0,,,,,0,0,D5K,SCOWL60_STABLE_2020.12.07+WN3.1
4580,4683,seventh,-10.9363,1,1,1,0,N|ADJ,0,0,,,,,0,0,D5K,SCOWL60_STABLE_2020.12.07+WN3.1
4581,4684,significance,-10.9363,1,1,0,0,N,0,0,,,,,0,0,D5K,SCOWL60_STABLE_2020.12.07+WN3.1
4582,4685,sized,-10.9363,1,0,1,0,ADJ,1,0,,size,,,1,0,D5K,SCOWL60_STABLE_2020.12.07+WN3.1
4583,4686,skip,-10.9363,1,1,0,0,N|V,1,0,,ski,,,1,0,D5K,SCOWL60_STABLE_2020.12.07+WN3.1
4584,4687,speakers,-10.9363,1,0,1,0,,1,0,,speaker,,,1,0,D5K,SCOWL60_STABLE_2020.12.07+WN3.1
4585,4688,specialist,-10.9363,1,1,0,0,N,1,1,,,,specialists,0,1,D5K,SCOWL60_STABLE_2020.12.07+WN3.1
4586,4689,stats,-10.9363,1,0,1,0,,1,0,,stat,,,1,0,D5K,SCOWL60_STABLE_2020.12.07+WN3.1
4587,4690,stopping,-10.9363,1,1,0,0,N,1,0,topping,,,,1,0,D5K,SCOWL60_STABLE_2020.12.07+WN3.1
4588,4691,strict,-10.9363,1,1,0,0,ADJ,0,0,,,,,0,0,D5K,SCOWL60_STABLE_2020.12.07+WN3.1
4589,4692,suggesting,-10.9363,1,0,1,0,,0,0,,,,,0,0,D5K,SCOWL60_STABLE_2020.12.07+WN3.1
4590,4693,thy,-10.9363,1,1,0,0,,0,0,,,,,0,0,D5K,SCOWL60_STABLE_2020.12.07+WN3.1
4591,4694,translated,-10.9363,1,1,1,0,,1,0,,translate,,,1,0,D5K,SCOWL60_STABLE_2020.12.07+WN3.1
4592,4695,tribute,-10.9363,1,1,0,0,N,0,0,,,,,0,0,D5K,SCOWL60_STABLE_2020.12.07+WN3.1
4593,4696,triple,-10.9363,1,1,0,0,N|V|ADJ,0,0,,,,,0,0,D5K,SCOWL60_STABLE_2020.12.07+WN3.1
4594,4697,vancouver,-10.9363,0,0,0,0,N,0,0,,,,,0,0,D5K,SCOWL60_STABLE_2020.12.07+WN3.1
4595,4698,venture,-10.9363,1,1,0,0,N|V,1,1,,,,ventures,0,1,D5K,SCOWL60_STABLE_2020.12.07+WN3.1
4596,4699,virtually,-10.9363,1,0,1,0,ADV,0,0,,,,,0,0,D5K,SCOWL60_STABLE_2020.12.07+WN3.1
4597,4700,worthy,-10.9363,1,1,0,0,N|ADJ,1,0,,worth,,,1,0,D5K,SCOWL60_STABLE_2020.12.07+WN3.1
4598,4702,aaron,-10.959,0,0,0,0,N,0,0,,,,,0,0,D5K,SCOWL60_STABLE_2020.12.07+WN3.1
4599,4703,airlines,-10.959,1,0,1,0,,1,0,,airline,,,1,0,D5K,SCOWL60_STABLE_2020.12.07+WN3.1
4600,4704,albert,-10.959,0,0,0,0,N,0,0,,,,,0,0,D5K,SCOWL60_STABLE_2020.12.07+WN3.1
4601,4705,alice,-10.959,0,0,0,0,,0,0,,,,,0,0,D5K,SCOWL60_STABLE_2020.12.07+WN3.1
4602,4706,applies,-10.959,1,0,1,0,,0,0,,,,,0,0,D5K,SCOWL60_STABLE_2020.12.07+WN3.1
4603,4707,arguing,-10.959,1,0,1,0,N,0,0,,,,,0,0,D5K,SCOWL60_STABLE_2020.12.07+WN3.1
4604,4708,au,-10.959,0,0,0,0,N,0,0,,,,,0,0,D5K,SCOWL60_STABLE_2020.12.07+WN3.1
4605,4709,barry,-10.959,0,0,0,0,,0,0,,,,,0,0,D5K,SCOWL60_STABLE_2020.12.07+WN3.1
4606,4710,candy,-10.959,1,1,0,0,N|V,0,0,,,,,0,0,D5K,SCOWL60_STABLE_2020.12.07+WN3.1
4607,4711,choosing,-10.959,1,0,1,0,,0,0,,,,,0,0,D5K,SCOWL60_STABLE_2020.12.07+WN3.1
4608,4712,coins,-10.959,1,0,1,0,,1,0,,coin,,,1,0,D5K,SCOWL60_STABLE_2020.12.07+WN3.1
4609,4713,consciousness,-10.959,1,1,1,0,N,0,0,,,,,0,0,D5K,SCOWL60_STABLE_2020.12.07+WN3.1
4610,4714,consistently,-10.959,1,0,1,0,ADV,0,0,,,,,0,0,D5K,SCOWL60_STABLE_2020.12.07+WN3.1
4611,4715,controversy,-10.959,1,1,0,0,N,0,0,,,,,0,0,D5K,SCOWL60_STABLE_2020.12.07+WN3.1
4612,4716,conversations,-10.959,1,0,1,0,,1,0,,conversation,,,1,0,D5K,SCOWL60_STABLE_2020.12.07+WN3.1
4613,4717,convince,-10.959,1,1,0,0,V,1,1,,,,convinced,0,1,D5K,SCOWL60_STABLE_2020.12.07+WN3.1
4614,4718,copyright,-10.959,1,1,0,0,N|V,0,0,,,,,0,0,D5K,SCOWL60_STABLE_2020.12.07+WN3.1
4615,4719,counting,-10.959,1,0,1,0,N,0,0,,,,,0,0,D5K,SCOWL60_STABLE_2020.12.07+WN3.1
4616,4720,creatures,-10.959,1,0,1,0,,1,0,,creature,,,1,0,D5K,SCOWL60_STABLE_2020.12.07+WN3.1
4617,4721,decrease,-10.959,1,0,1,0,N|V,1,1,,,,decreased;decreases,0,2,D5K,SCOWL60_STABLE_2020.12.07+WN3.1
4618,4722,defending,-10.959,1,0,1,0,ADJ,0,0,,,,,0,0,D5K,SCOWL60_STABLE_2020.12.07+WN3.1
4619,4723,depend,-10.959,1,0,1,0,V,1,1,,,,depends,0,1,D5K,SCOWL60_STABLE_2020.12.07+WN3.1
4620,4724,describing,-10.959,1,0,1,0,,0,0,,,,,0,0,D5K,SCOWL60_STABLE_2020.12.07+WN3.1
4621,4725,destination,-10.959,1,1,0,0,N,1,1,,,,destinations,0,1,D5K,SCOWL60_STABLE_2020.12.07+WN3.1
4622,4726,diego,-10.959,0,0,0,0,,0,0,,,,,0,0,D5K,SCOWL60_STABLE_2020.12.07+WN3.1
4623,4727,employer,-10.959,1,1,0,0,N,1,1,,,,employers,0,1,D5K,SCOWL60_STABLE_2020.12.07+WN3.1
4624,4728,excess,-10.959,1,1,0,0,N|ADJ,0,0,,,,,0,0,D5K,SCOWL60_STABLE_2020.12.07+WN3.1
4625,4729,exclusively,-10.959,1,0,1,0,ADV,0,0,,,,,0,0,D5K,SCOWL60_STABLE_2020.12.07+WN3.1
4626,4731,featuring,-10.959,1,0,1,0,,0,0,,,,,0,0,D5K,SCOWL60_STABLE_2020.12.07+WN3.1
4627,4732,focusing,-10.959,1,0,1,0,N,0,0,,,,,0,0,D5K,SCOWL60_STABLE_2020.12.07+WN3.1
4628,4733,fraud,-10.959,1,1,0,0,N,0,0,,,,,0,0,D5K,SCOWL60_STABLE_2020.12.07+WN3.1
4629,4734,generate,-10.959,1,1,0,0,V,1,1,,,,generated;generates,0,2,D5K,SCOWL60_STABLE_2020.12.07+WN3.1
4630,4735,gospel,-10.959,1,1,0,0,N,1,1,,,,gospels,0,1,D5K,SCOWL60_STABLE_2020.12.07+WN3.1
4631,4736,graham,-10.959,1,1,0,0,N,0,0,,,,,0,0,D5K,SCOWL60_STABLE_2020.12.07+WN3.1
4632,4737,grandfather,-10.959,1,1,0,0,N,0,0,,,,,0,0,D5K,SCOWL60_STABLE_2020.12.07+WN3.1
4633,4738,guaranteed,-10.959,1,0,1,0,,1,0,,guarantee,,,1,0,D5K,SCOWL60_STABLE_2020.12.07+WN3.1
4634,4739,improvements,-10.959,1,0,1,0,,1,0,,improvement,,,1,0,D5K,SCOWL60_STABLE_2020.12.07+WN3.1
4635,4740,incidents,-10.959,1,0,1,0,,1,0,,incident,,,1,0,D5K,SCOWL60_STABLE_2020.12.07+WN3.1
4636,4741,interaction,-10.959,1,1,0,0,N,1,1,,,,interactions,0,1,D5K,SCOWL60_STABLE_2020.12.07+WN3.1
4637,4742,investigations,-10.959,1,0,1,0,,1,0,,investigation,,,1,0,D5K,SCOWL60_STABLE_2020.12.07+WN3.1
4638,4743,jazz,-10.959,1,1,0,0,N|V,0,0,,,,,0,0,D5K,SCOWL60_STABLE_2020.12.07+WN3.1
4639,4744,jon,-10.959,0,0,0,0,,0,0,,,,,0,0,D5K,SCOWL60_STABLE_2020.12.07+WN3.1
4640,4745,judicial,-10.959,1,1,0,0,ADJ,0,0,,,,,0,0,D5K,SCOWL60_STABLE_2020.12.07+WN3.1
4641,4746,knocked,-10.959,1,0,1,0,,0,0,,,,,0,0,D5K,SCOWL60_STABLE_2020.12.07+WN3.1
4642,4747,maintaining,-10.959,1,0,1,0,,0,0,,,,,0,0,D5K,SCOWL60_STABLE_2020.12.07+WN3.1
4643,4748,males,-10.959,1,0,1,0,,1,0,,male,,,1,0,D5K,SCOWL60_STABLE_2020.12.07+WN3.1
4644,4749,mall,-10.959,1,1,0,0,N,1,1,all,,small,malls,1,2,D5K,SCOWL60_STABLE_2020.12.07+WN3.1
4645,4750,margin,-10.959,1,1,0,0,N,1,1,,,,margins,0,1,D5K,SCOWL60_STABLE_2020.12.07+WN3.1
4646,4751,mature,-10.959,1,1,0,0,V|ADJ,1,1,,,,matured,0,1,D5K,SCOWL60_STABLE_2020.12.07+WN3.1
4647,4752,murray,-10.959,0,0,0,0,N,0,0,,,,,0,0,D5K,SCOWL60_STABLE_2020.12.07+WN3.1
4648,4753,neutral,-10.959,1,1,0,0,N|ADJ,0,0,,,,,0,0,D5K,SCOWL60_STABLE_2020.12.07+WN3.1
4649,4754,oldest,-10.959,1,0,1,0,,0,0,,,,,0,0,D5K,SCOWL60_STABLE_2020.12.07+WN3.1
4650,4755,overseas,-10.959,1,0,1,0,ADJ|ADV,0,0,,,,,0,0,D5K,SCOWL60_STABLE_2020.12.07+WN3.1
4651,4756,perry,-10.959,0,0,0,0,N,0,0,,,,,0,0,D5K,SCOWL60_STABLE_2020.12.07+WN3.1
4652,4757,philippines,-10.959,0,0,0,0,N,0,0,,,,,0,0,D5K,SCOWL60_STABLE_2020.12.07+WN3.1
4653,4758,populations,-10.959,1,1,0,0,,1,0,,population,,,1,0,D5K,SCOWL60_STABLE_2020.12.07+WN3.1
4654,4759,professionals,-10.959,1,0,1,0,,1,0,,professional,,,1,0,D5K,SCOWL60_STABLE_2020.12.07+WN3.1
4655,4760,promises,-10.959,1,0,1,0,,1,0,,promise,,,1,0,D5K,SCOWL60_STABLE_2020.12.07+WN3.1
4656,4761,realise,-10.959,0,0,0,0,V,0,0,,,,,0,0,D5K,SCOWL60_STABLE_2020.12.07+WN3.1
4657,4762,reminds,-10.959,1,0,1,0,,1,0,,remind,,,1,0,D5K,SCOWL60_STABLE_2020.12.07+WN3.1
4658,4763,republicans,-10.959,1,0,1,0,,1,0,,republican,,,1,0,D5K,SCOWL60_STABLE_2020.12.07+WN3.1
4659,4764,requests,-10.959,1,0,1,0,,1,0,,request,,,1,0,D5K,SCOWL60_STABLE_2020.12.07+WN3.1
4660,4765,safely,-10.959,1,0,1,0,ADV,0,0,,,,,0,0,D5K,SCOWL60_STABLE_2020.12.07+WN3.1
4661,4766,screw,-10.959,1,1,0,0,N|V,1,1,crew,,,screws,1,1,D5K,SCOWL60_STABLE_2020.12.07+WN3.1
4662,4767,sept,-10.959,0,0,0,0,N,0,0,,,,,0,0,D5K,SCOWL60_STABLE_2020.12.07+WN3.1
4663,4768,signature,-10.959,1,1,0,0,N,1,1,,,,signatures,0,1,D5K,SCOWL60_STABLE_2020.12.07+WN3.1
4664,4769,sooner,-10.959,1,0,1,0,N|ADV,0,0,,,,,0,0,D5K,SCOWL60_STABLE_2020.12.07+WN3.1
4665,4770,stem,-10.959,1,1,0,0,N|V,1,1,,,,stems,0,1,D5K,SCOWL60_STABLE_2020.12.07+WN3.1
4666,4771,stranger,-10.959,1,1,1,0,N,1,1,,strange,,strangers,1,1,D5K,SCOWL60_STABLE_2020.12.07+WN3.1
4667,4772,strikes,-10.959,1,0,1,0,,1,0,,strike,,,1,0,D5K,SCOWL60_STABLE_2020.12.07+WN3.1
4668,4773,stroke,-10.959,1,1,0,0,N|V,1,1,,,,strokes,0,1,D5K,SCOWL60_STABLE_2020.12.07+WN3.1
4669,4774,tale,-10.959,1,1,0,0,N,1,1,ale,,stale,tales,1,2,D5K,SCOWL60_STABLE_2020.12.07+WN3.1
4670,4775,tissue,-10.959,1,1,0,0,N|V,1,1,issue,,,tissues,1,1,D5K,SCOWL60_STABLE_2020.12.07+WN3.1
4671,4776,tokyo,-10.959,0,0,0,0,N,0,0,,,,,0,0,D5K,SCOWL60_STABLE_2020.12.07+WN3.1
4672,4777,transformation,-10.959,1,1,0,0,N,1,1,,,,transformations,0,1,D5K,SCOWL60_STABLE_2020.12.07+WN3.1
4673,4778,traveling,-10.959,1,1,1,0,N,0,0,,,,,0,0,D5K,SCOWL60_STABLE_2020.12.07+WN3.1
4674,4779,underlying,-10.959,1,1,0,0,ADJ,0,0,,,,,0,0,D5K,SCOWL60_STABLE_2020.12.07+WN3.1
4675,4780,unemployment,-10.959,1,0,1,0,N,0,0,,,,,0,0,D5K,SCOWL60_STABLE_2020.12.07+WN3.1
4676,4781,upcoming,-10.959,1,1,0,0,ADJ,0,0,,,,,0,0,D5K,SCOWL60_STABLE_2020.12.07+WN3.1
4677,4782,veterans,-10.959,1,0,1,0,,1,0,,veteran,,,1,0,D5K,SCOWL60_STABLE_2020.12.07+WN3.1
4678,4783,volumes,-10.959,1,0,1,0,,1,0,,volume,,,1,0,D5K,SCOWL60_STABLE_2020.12.07+WN3.1
4679,4784,wheels,-10.959,1,0,1,0,,1,0,heels,wheel,,,2,0,D5K,SCOWL60_STABLE_2020.12.07+WN3.1
4680,4785,worlds,-10.959,1,0,1,0,,1,0,,world,,,1,0,D5K,SCOWL60_STABLE_2020.12.07+WN3.1
4681,4786,worn,-10.959,1,1,0,0,ADJ,1,1,,,sworn,,0,1,D5K,SCOWL60_STABLE_2020.12.07+WN3.1
4682,4787,accuracy,-10.9823,1,1,0,0,N,0,0,,,,,0,0,D5K,SCOWL60_STABLE_2020.12.07+WN3.1
4683,4788,ai,-10.9823,0,0,0,0,N,0,0,,,,,0,0,D5K,SCOWL60_STABLE_2020.12.07+WN3.1
4684,4789,aims,-10.9823,1,0,1,0,,1,0,,aim,,,1,0,D5K,SCOWL60_STABLE_2020.12.07+WN3.1
4685,4790,announce,-10.9823,1,1,0,0,V,1,1,,,,announced;announces;announcer,0,3,D5K,SCOWL60_STABLE_2020.12.07+WN3.1
4686,4791,asset,-10.9823,1,1,0,0,N,1,1,,,,assets,0,1,D5K,SCOWL60_STABLE_2020.12.07+WN3.1
4687,4792,bacon,-10.9823,1,1,0,0,N,0,0,,,,,0,0,D5K,SCOWL60_STABLE_2020.12.07+WN3.1
4688,4793,bass,-10.9823,1,1,0,0,N|ADJ,1,0,ass,,,,1,0,D5K,SCOWL60_STABLE_2020.12.07+WN3.1
4689,4794,beef,-10.9823,1,1,0,0,N|V,1,0,,bee,,,1,0,D5K,SCOWL60_STABLE_2020.12.07+WN3.1
4690,4795,briefly,-10.9823,1,1,0,0,ADV,0,0,,,,,0,0,D5K,SCOWL60_STABLE_2020.12.07+WN3.1
4691,4796,burns,-10.9823,1,0,1,0,N,1,0,,burn,,,1,0,D5K,SCOWL60_STABLE_2020.12.07+WN3.1
4692,4797,calculated,-10.9823,1,1,1,0,ADJ,1,0,,calculate,,,1,0,D5K,SCOWL60_STABLE_2020.12.07+WN3.1
4693,4798,celebrity,-10.9823,1,1,0,0,N,0,0,,,,,0,0,D5K,SCOWL60_STABLE_2020.12.07+WN3.1
4694,4799,chronic,-10.9823,1,1,0,0,ADJ,0,0,,,,,0,0,D5K,SCOWL60_STABLE_2020.12.07+WN3.1
4695,4800,confusion,-10.9823,1,0,1,0,N,0,0,,,,,0,0,D5K,SCOWL60_STABLE_2020.12.07+WN3.1
4696,4801,converted,-10.9823,1,1,1,0,,0,0,,,,,0,0,D5K,SCOWL60_STABLE_2020.12.07+WN3.1
4697,4802,corporations,-10.9823,1,0,1,0,,1,0,,corporation,,,1,0,D5K,SCOWL60_STABLE_2020.12.07+WN3.1
4698,4803,corresponding,-10.9823,1,1,1,0,ADJ,0,0,,,,,0,0,D5K,SCOWL60_STABLE_2020.12.07+WN3.1
4699,4804,creator,-10.9823,1,1,0,0,N,1,1,,,,creators,0,1,D5K,SCOWL60_STABLE_2020.12.07+WN3.1
4700,4805,credits,-10.9823,1,0,1,0,N,1,0,,credit,,,1,0,D5K,SCOWL60_STABLE_2020.12.07+WN3.1
4701,4806,cried,-10.9823,1,0,1,0,,0,0,,,,,0,0,D5K,SCOWL60_STABLE_2020.12.07+WN3.1
4702,4807,crop,-10.9823,1,1,0,0,N|V,1,1,,,,crops,0,1,D5K,SCOWL60_STABLE_2020.12.07+WN3.1
4703,4808,cultures,-10.9823,1,0,1,0,,1,0,,culture,,,1,0,D5K,SCOWL60_STABLE_2020.12.07+WN3.1
4704,4809,declaration,-10.9823,1,1,0,0,N,1,1,,,,declarations,0,1,D5K,SCOWL60_STABLE_2020.12.07+WN3.1
4705,4810,disabled,-10.9823,1,0,1,0,N|ADJ,1,0,,disable,,,1,0,D5K,SCOWL60_STABLE_2020.12.07+WN3.1
4706,4811,diverse,-10.9823,1,1,0,0,ADJ,1,0,,divers,,,1,0,D5K,SCOWL60_STABLE_2020.12.07+WN3.1
4707,4812,drives,-10.9823,1,0,1,0,,1,0,,drive,,,1,0,D5K,SCOWL60_STABLE_2020.12.07+WN3.1
4708,4813,duck,-10.9823,1,1,0,0,N|V,1,1,,,,ducks,0,1,D5K,SCOWL60_STABLE_2020.12.07+WN3.1
4709,4814,elementary,-10.9823,1,1,0,0,ADJ,0,0,,,,,0,0,D5K,SCOWL60_STABLE_2020.12.07+WN3.1
4710,4815,er,-10.9823,1,1,0,0,N,1,1,,,her;per;yer,era;err,0,5,D5K,SCOWL60_STABLE_2020.12.07+WN3.1
4711,4817,guardian,-10.9823,1,1,0,0,N,1,1,,,,guardians,0,1,D5K,SCOWL60_STABLE_2020.12.07+WN3.1
4712,4818,hmm,-10.9823,1,1,0,0,,1,0,mm,,,,1,0,D5K,SCOWL60_STABLE_2020.12.07+WN3.1
4713,4819,ho,-10.9823,1,1,0,0,N,1,1,,,who;tho,how;hot;hop;hon;hoc;hog,0,8,D5K,SCOWL60_STABLE_2020.12.07+WN3.1
4714,4820,holidays,-10.9823,1,0,1,0,,1,0,,holiday,,,1,0,D5K,SCOWL60_STABLE_2020.12.07+WN3.1
4715,4821,hung,-10.9823,1,1,0,0,,0,0,,,,,0,0,D5K,SCOWL60_STABLE_2020.12.07+WN3.1
4716,4822,icon,-10.9823,1,1,0,0,N,1,1,con,,,icons,1,1,D5K,SCOWL60_STABLE_2020.12.07+WN3.1
4717,4823,incredibly,-10.9823,1,0,1,0,ADV,0,0,,,,,0,0,D5K,SCOWL60_STABLE_2020.12.07+WN3.1
4718,4824,investigate,-10.9823,1,1,0,0,V,1,1,,,,investigated;investigates,0,2,D5K,SCOWL60_STABLE_2020.12.07+WN3.1
4719,4825,investors,-10.9823,1,0,1,0,,1,0,,investor,,,1,0,D5K,SCOWL60_STABLE_2020.12.07+WN3.1
4720,4826,jerry,-10.9823,0,0,0,0,N,0,0,,,,,0,0,D5K,SCOWL60_STABLE_2020.12.07+WN3.1
4721,4827,listing,-10.9823,1,1,1,0,N,1,1,,,,listings,0,1,D5K,SCOWL60_STABLE_2020.12.07+WN3.1
4722,4828,loop,-10.9823,1,1,0,0,N|V,1,1,,,,loops,0,1,D5K,SCOWL60_STABLE_2020.12.07+WN3.1
4723,4829,malaysia,-10.9823,0,0,0,0,N,0,0,,,,,0,0,D5K,SCOWL60_STABLE_2020.12.07+WN3.1
4724,4830,missions,-10.9823,1,0,1,0,,1,1,,mission,emissions,,1,1,D5K,SCOWL60_STABLE_2020.12.07+WN3.1
4725,4831,motivation,-10.9823,1,1,0,0,N,1,1,,,,motivations,0,1,D5K,SCOWL60_STABLE_2020.12.07+WN3.1
4726,4832,noble,-10.9823,1,1,0,0,N|ADJ,1,1,,,,nobles,0,1,D5K,SCOWL60_STABLE_2020.12.07+WN3.1
4727,4833,nursing,-10.9823,1,1,1,0,N,0,0,,,,,0,0,D5K,SCOWL60_STABLE_2020.12.07+WN3.1
4728,4834,operational,-10.9823,1,1,0,0,ADJ,0,0,,,,,0,0,D5K,SCOWL60_STABLE_2020.12.07+WN3.1
4729,4835,opponent,-10.9823,1,1,0,0,N|ADJ,1,1,,,,opponents,0,1,D5K,SCOWL60_STABLE_2020.12.07+WN3.1
4730,4836,outer,-10.9823,1,0,1,0,ADJ,1,1,,,router,,0,1,D5K,SCOWL60_STABLE_2020.12.07+WN3.1
4731,4837,panic,-10.9823,1,1,0,0,N|V,0,0,,,,,0,0,D5K,SCOWL60_STABLE_2020.12.07+WN3.1
4732,4838,patent,-10.9823,1,1,0,0,N|V|ADJ,1,1,,,,patents,0,1,D5K,SCOWL60_STABLE_2020.12.07+WN3.1
4733,4839,pic,-10.9823,1,1,0,0,N,1,1,,pi,epic,pick;pics,1,3,D5K,SCOWL60_STABLE_2020.12.07+WN3.1
4734,4840,preliminary,-10.9823,1,1,0,0,N|ADJ,0,0,,,,,0,0,D5K,SCOWL60_STABLE_2020.12.07+WN3.1
4735,4841,produces,-10.9823,1,0,1,0,,1,0,,produce,,,1,0,D5K,SCOWL60_STABLE_2020.12.07+WN3.1
4736,4842,proposals,-10.9823,1,0,1,0,,1,0,,proposal,,,1,0,D5K,SCOWL60_STABLE_2020.12.07+WN3.1
4737,4843,provinces,-10.9823,1,0,1,0,,1,0,,province,,,1,0,D5K,SCOWL60_STABLE_2020.12.07+WN3.1
4738,4844,pump,-10.9823,1,1,0,0,N|V,1,1,,,,pumps,0,1,D5K,SCOWL60_STABLE_2020.12.07+WN3.1
4739,4845,recommendations,-10.9823,1,0,1,0,,1,0,,recommendation,,,1,0,D5K,SCOWL60_STABLE_2020.12.07+WN3.1
4740,4846,relate,-10.9823,1,1,0,0,V,1,1,,,,related;relates,0,2,D5K,SCOWL60_STABLE_2020.12.07+WN3.1
4741,4847,romance,-10.9823,1,1,0,0,N|V|ADJ,0,0,,,,,0,0,D5K,SCOWL60_STABLE_2020.12.07+WN3.1
4742,4848,routes,-10.9823,1,0,1,0,,1,0,,route,,,1,0,D5K,SCOWL60_STABLE_2020.12.07+WN3.1
4743,4849,roy,-10.9823,0,0,0,0,,0,0,,,,,0,0,D5K,SCOWL60_STABLE_2020.12.07+WN3.1
4744,4850,saudi,-10.9823,0,0,0,0,N|ADJ,0,0,,,,,0,0,D5K,SCOWL60_STABLE_2020.12.07+WN3.1
4745,4851,secured,-10.9823,1,1,1,0,,1,0,,secure,,,1,0,D5K,SCOWL60_STABLE_2020.12.07+WN3.1
4746,4852,segment,-10.9823,1,1,0,0,N|V,1,1,,,,segments,0,1,D5K,SCOWL60_STABLE_2020.12.07+WN3.1
4747,4853,si,-10.9823,0,0,0,0,N,0,0,,,,,0,0,D5K,SCOWL60_STABLE_2020.12.07+WN3.1
4748,4854,slip,-10.9823,1,1,0,0,N|V,1,1,lip,,,slips,1,1,D5K,SCOWL60_STABLE_2020.12.07+WN3.1
4749,4855,stressed,-10.9823,1,1,1,0,ADJ,0,0,,,,,0,0,D5K,SCOWL60_STABLE_2020.12.07+WN3.1
4750,4856,structural,-10.9823,1,1,0,0,ADJ,0,0,,,,,0,0,D5K,SCOWL60_STABLE_2020.12.07+WN3.1
4751,4857,suggestion,-10.9823,1,1,0,0,N,1,1,,,,suggestions,0,1,D5K,SCOWL60_STABLE_2020.12.07+WN3.1
4752,4858,sustained,-10.9823,1,0,1,0,ADJ,0,0,,,,,0,0,D5K,SCOWL60_STABLE_2020.12.07+WN3.1
4753,4859,terror,-10.9823,1,1,0,0,N,1,0,error,,,,1,0,D5K,SCOWL60_STABLE_2020.12.07+WN3.1
4754,4860,testimony,-10.9823,1,1,0,0,N,0,0,,,,,0,0,D5K,SCOWL60_STABLE_2020.12.07+WN3.1
4755,4861,thee,-10.9823,1,1,0,0,,1,0,,the,,,1,0,D5K,SCOWL60_STABLE_2020.12.07+WN3.1
4756,4862,tracking,-10.9823,1,0,1,0,N,0,0,,,,,0,0,D5K,SCOWL60_STABLE_2020.12.07+WN3.1
4757,4863,tune,-10.9823,1,1,0,0,N|V,1,1,,,,tuned;tunes,0,2,D5K,SCOWL60_STABLE_2020.12.07+WN3.1
4758,4864,unnecessary,-10.9823,1,1,0,0,ADJ,0,0,,,,,0,0,D5K,SCOWL60_STABLE_2020.12.07+WN3.1
4759,4865,utility,-10.9823,1,1,0,0,N|ADJ,0,0,,,,,0,0,D5K,SCOWL60_STABLE_2020.12.07+WN3.1
4760,4866,websites,-10.9823,1,0,1,0,,1,0,,website,,,1,0,D5K,SCOWL60_STABLE_2020.12.07+WN3.1
4761,4867,wireless,-10.9823,1,1,0,0,N|ADJ,0,0,,,,,0,0,D5K,SCOWL60_STABLE_2020.12.07+WN3.1
4762,4868,wound,-10.9823,1,1,0,0,N|V|ADJ,1,1,,,,wounds,0,1,D5K,SCOWL60_STABLE_2020.12.07+WN3.1
4763,4870,abc,-11.0061,0,0,0,0,N,0,0,,,,,0,0,D5K,SCOWL60_STABLE_2020.12.07+WN3.1
4764,4871,allah,-11.0061,0,0,0,0,N,0,0,,,,,0,0,D5K,SCOWL60_STABLE_2020.12.07+WN3.1
4765,4872,batman,-11.0061,1,1,0,0,N,0,0,,,,,0,0,D5K,SCOWL60_STABLE_2020.12.07+WN3.1
4766,4873,bitter,-11.0061,1,1,0,0,N|V|ADJ|ADV,0,0,,,,,0,0,D5K,SCOWL60_STABLE_2020.12.07+WN3.1
4767,4874,calendar,-11.0061,1,1,0,0,N|V,0,0,,,,,0,0,D5K,SCOWL60_STABLE_2020.12.07+WN3.1
4768,4875,camps,-11.0061,1,0,1,0,,1,0,,camp,,,1,0,D5K,SCOWL60_STABLE_2020.12.07+WN3.1
4769,4876,canal,-11.0061,1,1,0,0,N|V,1,1,anal,,,canals,1,1,D5K,SCOWL60_STABLE_2020.12.07+WN3.1
4770,4877,cargo,-11.0061,1,1,0,0,N,0,0,,,,,0,0,D5K,SCOWL60_STABLE_2020.12.07+WN3.1
4771,4878,carl,-11.0061,0,0,0,0,,0,0,,,,,0,0,D5K,SCOWL60_STABLE_2020.12.07+WN3.1
4772,4879,coastal,-11.0061,1,1,0,0,ADJ,0,0,,,,,0,0,D5K,SCOWL60_STABLE_2020.12.07+WN3.1
4773,4880,communicate,-11.0061,1,1,0,0,V,1,1,,,,communicated,0,1,D5K,SCOWL60_STABLE_2020.12.07+WN3.1
4774,4881,complain,-11.0061,1,1,0,0,V,1,1,,,,complaint;complains,0,2,D5K,SCOWL60_STABLE_2020.12.07+WN3.1
4775,4882,cooper,-11.0061,1,1,1,0,N|V,0,0,,,,,0,0,D5K,SCOWL60_STABLE_2020.12.07+WN3.1
4776,4884,danny,-11.0061,0,0,0,0,,0,0,,,,,0,0,D5K,SCOWL60_STABLE_2020.12.07+WN3.1
4777,4885,declined,-11.0061,1,0,1,0,,1,0,,decline,,,1,0,D5K,SCOWL60_STABLE_2020.12.07+WN3.1
4778,4886,demonstrate,-11.0061,1,1,0,0,V,1,1,,,,demonstrated;demonstrates,0,2,D5K,SCOWL60_STABLE_2020.12.07+WN3.1
4779,4887,displayed,-11.0061,1,0,1,0,,0,0,,,,,0,0,D5K,SCOWL60_STABLE_2020.12.07+WN3.1
4780,4888,districts,-11.0061,1,0,1,0,,1,0,,district,,,1,0,D5K,SCOWL60_STABLE_2020.12.07+WN3.1
4781,4889,dominant,-11.0061,1,1,0,0,N|ADJ,0,0,,,,,0,0,D5K,SCOWL60_STABLE_2020.12.07+WN3.1
4782,4890,escaped,-11.0061,1,0,1,0,ADJ,1,0,,escape,,,1,0,D5K,SCOWL60_STABLE_2020.12.07+WN3.1
4783,4892,explosion,-11.0061,1,1,0,0,N,1,1,,,,explosions,0,1,D5K,SCOWL60_STABLE_2020.12.07+WN3.1
4784,4893,fa,-11.0061,1,1,0,0,N,1,1,a,,,far;fan;fat;fax;fag;fay,1,6,D5K,SCOWL60_STABLE_2020.12.07+WN3.1
4785,4894,fever,-11.0061,1,1,0,0,N,1,0,ever,,,,1,0,D5K,SCOWL60_STABLE_2020.12.07+WN3.1
4786,4895,fi,-11.0061,0,0,0,0,,0,0,,,,,0,0,D5K,SCOWL60_STABLE_2020.12.07+WN3.1
4787,4896,galaxy,-11.0061,1,1,0,0,N,0,0,,,,,0,0,D5K,SCOWL60_STABLE_2020.12.07+WN3.1
4788,4897,giants,-11.0061,1,0,1,0,,1,0,,giant,,,1,0,D5K,SCOWL60_STABLE_2020.12.07+WN3.1
4789,4898,handled,-11.0061,1,0,1,0,ADJ,1,0,,handle,,,1,0,D5K,SCOWL60_STABLE_2020.12.07+WN3.1
4790,4899,harmony,-11.0061,1,1,0,0,N,0,0,,,,,0,0,D5K,SCOWL60_STABLE_2020.12.07+WN3.1
4791,4900,highlights,-11.0061,1,0,1,0,,1,0,,highlight,,,1,0,D5K,SCOWL60_STABLE_2020.12.07+WN3.1
4792,4901,hosts,-11.0061,1,0,1,0,,1,1,,host,ghosts,,1,1,D5K,SCOWL60_STABLE_2020.12.07+WN3.1
4793,4902,hurry,-11.0061,1,1,0,0,N|V,0,0,,,,,0,0,D5K,SCOWL60_STABLE_2020.12.07+WN3.1
4794,4903,insight,-11.0061,1,1,0,0,N,1,1,,,,insights,0,1,D5K,SCOWL60_STABLE_2020.12.07+WN3.1
4795,4904,leo,-11.0061,0,0,0,0,N,0,0,,,,,0,0,D5K,SCOWL60_STABLE_2020.12.07+WN3.1
4796,4905,logical,-11.0061,1,1,0,0,ADJ,0,0,,,,,0,0,D5K,SCOWL60_STABLE_2020.12.07+WN3.1
4797,4906,monetary,-11.0061,1,1,0,0,ADJ,0,0,,,,,0,0,D5K,SCOWL60_STABLE_2020.12.07+WN3.1
4798,4907,moore,-11.0061,0,0,0,0,N,0,0,,,,,0,0,D5K,SCOWL60_STABLE_2020.12.07+WN3.1
4799,4908,oct,-11.0061,0,0,0,0,N,0,0,,,,,0,0,D5K,SCOWL60_STABLE_2020.12.07+WN3.1
4800,4909,opponents,-11.0061,1,0,1,0,,1,0,,opponent,,,1,0,D5K,SCOWL60_STABLE_2020.12.07+WN3.1
4801,4910,partial,-11.0061,1,1,0,0,N|ADJ,0,0,,,,,0,0,D5K,SCOWL60_STABLE_2020.12.07+WN3.1
4802,4911,partially,-11.0061,1,0,1,0,ADV,0,0,,,,,0,0,D5K,SCOWL60_STABLE_2020.12.07+WN3.1
4803,4912,photograph,-11.0061,1,1,0,0,N|V,1,1,,,,photography;photographs,0,2,D5K,SCOWL60_STABLE_2020.12.07+WN3.1
4804,4913,poem,-11.0061,1,1,0,0,N,1,1,,,,poems,0,1,D5K,SCOWL60_STABLE_2020.12.07+WN3.1
4805,4914,pour,-11.0061,1,1,0,0,V,1,0,our,,,,1,0,D5K,SCOWL60_STABLE_2020.12.07+WN3.1
4806,4915,preserve,-11.0061,1,1,0,0,N|V,1,1,reserve,,,preserved;preserves,1,2,D5K,SCOWL60_STABLE_2020.12.07+WN3.1
4807,4916,punk,-11.0061,1,1,0,0,N|ADJ,1,0,,pun,,,1,0,D5K,SCOWL60_STABLE_2020.12.07+WN3.1
4808,4917,quoted,-11.0061,1,0,1,0,,1,0,,quote,,,1,0,D5K,SCOWL60_STABLE_2020.12.07+WN3.1
4809,4918,refugees,-11.0061,1,0,1,0,,1,0,,refugee,,,1,0,D5K,SCOWL60_STABLE_2020.12.07+WN3.1
4810,4919,reserves,-11.0061,1,0,1,0,N,1,1,,reserve,preserves,,1,1,D5K,SCOWL60_STABLE_2020.12.07+WN3.1
4811,4920,restore,-11.0061,1,0,1,0,V,1,1,,,,restored,0,1,D5K,SCOWL60_STABLE_2020.12.07+WN3.1
4812,4921,ron,-11.0061,0,0,0,0,N,0,0,,,,,0,0,D5K,SCOWL60_STABLE_2020.12.07+WN3.1
4813,4922,rude,-11.0061,1,1,0,0,ADJ,1,1,,,crude,,0,1,D5K,SCOWL60_STABLE_2020.12.07+WN3.1
4814,4923,sheep,-11.0061,1,1,0,0,N,0,0,,,,,0,0,D5K,SCOWL60_STABLE_2020.12.07+WN3.1
4815,4924,spectrum,-11.0061,1,1,0,0,N,0,0,,,,,0,0,D5K,SCOWL60_STABLE_2020.12.07+WN3.1
4816,4925,stays,-11.0061,1,0,1,0,N,1,0,,stay,,,1,0,D5K,SCOWL60_STABLE_2020.12.07+WN3.1
4817,4926,stewart,-11.0061,0,0,0,0,N,0,0,,,,,0,0,D5K,SCOWL60_STABLE_2020.12.07+WN3.1
4818,4927,suspected,-11.0061,1,1,1,0,ADJ,0,0,,,,,0,0,D5K,SCOWL60_STABLE_2020.12.07+WN3.1
4819,4928,ted,-11.0061,1,1,1,0,N,1,0,ed,,,,1,0,D5K,SCOWL60_STABLE_2020.12.07+WN3.1
4820,4929,terry,-11.0061,1,1,0,0,N,0,0,,,,,0,0,D5K,SCOWL60_STABLE_2020.12.07+WN3.1
4821,4930,thompson,-11.0061,0,0,0,0,N,0,0,,,,,0,0,D5K,SCOWL60_STABLE_2020.12.07+WN3.1
4822,4931,torture,-11.0061,1,1,0,0,N|V,1,1,,,,tortured,0,1,D5K,SCOWL60_STABLE_2020.12.07+WN3.1
4823,4932,toy,-11.0061,1,1,0,0,N|V,1,1,,to,,toys,1,1,D5K,SCOWL60_STABLE_2020.12.07+WN3.1
4824,4933,trace,-11.0061,1,1,0,0,N|V,1,1,race,,,traces;traced,1,2,D5K,SCOWL60_STABLE_2020.12.07+WN3.1
4825,4934,trailer,-11.0061,1,1,1,0,N,1,1,,,,trailers,0,1,D5K,SCOWL60_STABLE_2020.12.07+WN3.1
4826,4935,travelling,-11.0061,0,0,0,0,N,0,0,,,,,0,0,D5K,SCOWL60_STABLE_2020.12.07+WN3.1
4827,4936,tunnel,-11.0061,1,1,0,0,N|V,1,1,,,,tunnels,0,1,D5K,SCOWL60_STABLE_2020.12.07+WN3.1
4828,4937,useless,-11.0061,1,1,0,0,ADJ,0,0,,,,,0,0,D5K,SCOWL60_STABLE_2020.12.07+WN3.1
4829,4938,warrant,-11.0061,1,1,0,0,N|V,1,1,,,,warranty;warrants,0,2,D5K,SCOWL60_STABLE_2020.12.07+WN3.1
4830,4939,warriors,-11.0061,1,0,1,0,,1,0,,warrior,,,1,0,D5K,SCOWL60_STABLE_2020.12.07+WN3.1
4831,4940,xbox,-11.0061,0,0,0,0,,0,0,,,,,0,0,D5K,SCOWL60_STABLE_2020.12.07+WN3.1
4832,4941,acceptance,-11.0305,1,1,0,0,N,0,0,,,,,0,0,D5K,SCOWL60_STABLE_2020.12.07+WN3.1
4833,4942,adams,-11.0305,0,0,0,0,N,0,0,,,,,0,0,D5K,SCOWL60_STABLE_2020.12.07+WN3.1
4834,4943,adopt,-11.0305,1,1,0,0,V,1,1,,,,adopts,0,1,D5K,SCOWL60_STABLE_2020.12.07+WN3.1
4835,4944,alpha,-11.0305,1,1,0,0,N|ADJ,0,0,,,,,0,0,D5K,SCOWL60_STABLE_2020.12.07+WN3.1
4836,4945,applying,-11.0305,1,0,1,0,,0,0,,,,,0,0,D5K,SCOWL60_STABLE_2020.12.07+WN3.1
4837,4946,assuming,-11.0305,1,0,1,0,ADJ,0,0,,,,,0,0,D5K,SCOWL60_STABLE_2020.12.07+WN3.1
4838,4947,attacking,-11.0305,1,0,1,0,ADJ,0,0,,,,,0,0,D5K,SCOWL60_STABLE_2020.12.07+WN3.1
4839,4948,beaten,-11.0305,1,1,1,0,ADJ,1,0,eaten,,,,1,0,D5K,SCOWL60_STABLE_2020.12.07+WN3.1
4840,4949,bulk,-11.0305,1,1,0,0,N|V,0,0,,,,,0,0,D5K,SCOWL60_STABLE_2020.12.07+WN3.1
4841,4950,bullet,-11.0305,1,1,0,0,N,1,1,,,,bullets,0,1,D5K,SCOWL60_STABLE_2020.12.07+WN3.1
4842,4951,cave,-11.0305,1,1,0,0,N|V,1,1,ave,,,caves,1,1,D5K,SCOWL60_STABLE_2020.12.07+WN3.1
4843,4952,collapse,-11.0305,1,1,0,0,N|V,1,1,,,,collapsed;collapses,0,2,D5K,SCOWL60_STABLE_2020.12.07+WN3.1
4844,4953,conviction,-11.0305,1,1,0,0,N,1,1,,,,convictions,0,1,D5K,SCOWL60_STABLE_2020.12.07+WN3.1
4845,4954,corps,-11.0305,1,1,0,0,N,1,1,,corp,,corpse,1,1,D5K,SCOWL60_STABLE_2020.12.07+WN3.1
4846,4955,counsel,-11.0305,1,1,0,0,N|V,0,0,,,,,0,0,D5K,SCOWL60_STABLE_2020.12.07+WN3.1
4847,4957,cuba,-11.0305,0,0,0,0,N,0,0,,,,,0,0,D5K,SCOWL60_STABLE_2020.12.07+WN3.1
4848,4958,differently,-11.0305,1,0,1,0,ADV,0,0,,,,,0,0,D5K,SCOWL60_STABLE_2020.12.07+WN3.1
4849,4959,dominated,-11.0305,1,0,1,0,ADJ,1,0,,dominate,,,1,0,D5K,SCOWL60_STABLE_2020.12.07+WN3.1
4850,4960,ethics,-11.0305,1,1,1,0,N,1,0,,ethic,,,1,0,D5K,SCOWL60_STABLE_2020.12.07+WN3.1
4851,4961,faithful,-11.0305,1,1,0,0,N|ADJ,0,0,,,,,0,0,D5K,SCOWL60_STABLE_2020.12.07+WN3.1
4852,4962,folk,-11.0305,1,1,0,0,N,1,1,,,,folks,0,1,D5K,SCOWL60_STABLE_2020.12.07+WN3.1
4853,4963,forming,-11.0305,1,0,1,0,,0,0,,,,,0,0,D5K,SCOWL60_STABLE_2020.12.07+WN3.1
4854,4964,globe,-11.0305,1,1,0,0,N,1,0,lobe,,,,1,0,D5K,SCOWL60_STABLE_2020.12.07+WN3.1
4855,4965,graphic,-11.0305,1,1,0,0,N|ADJ,1,1,,,,graphics,0,1,D5K,SCOWL60_STABLE_2020.12.07+WN3.1
4856,4966,habit,-11.0305,1,1,0,0,N|V,1,1,,,,habits,0,1,D5K,SCOWL60_STABLE_2020.12.07+WN3.1
4857,4967,healing,-11.0305,1,0,1,0,N|ADJ,0,0,,,,,0,0,D5K,SCOWL60_STABLE_2020.12.07+WN3.1
4858,4968,hotels,-11.0305,1,0,1,0,,1,0,,hotel,,,1,0,D5K,SCOWL60_STABLE_2020.12.07+WN3.1
4859,4969,hunger,-11.0305,1,1,0,0,N|V,0,0,,,,,0,0,D5K,SCOWL60_STABLE_2020.12.07+WN3.1
4860,4970,implemented,-11.0305,1,1,1,0,ADJ,0,0,,,,,0,0,D5K,SCOWL60_STABLE_2020.12.07+WN3.1
4861,4971,interface,-11.0305,1,1,0,0,N,1,1,,,,interfaces,0,1,D5K,SCOWL60_STABLE_2020.12.07+WN3.1
4862,4972,kansas,-11.0305,0,0,0,0,N,0,0,,,,,0,0,D5K,SCOWL60_STABLE_2020.12.07+WN3.1
4863,4973,legally,-11.0305,1,0,1,0,ADV,0,0,,,,,0,0,D5K,SCOWL60_STABLE_2020.12.07+WN3.1
4864,4974,lightning,-11.0305,1,1,0,0,N,0,0,,,,,0,0,D5K,SCOWL60_STABLE_2020.12.07+WN3.1
4865,4975,liver,-11.0305,1,1,0,0,N|ADJ,1,0,,live,,,1,0,D5K,SCOWL60_STABLE_2020.12.07+WN3.1
4866,4976,margaret,-11.0305,0,0,0,0,,0,0,,,,,0,0,D5K,SCOWL60_STABLE_2020.12.07+WN3.1
4867,4977,marshall,-11.0305,0,0,0,0,N,0,0,,,,,0,0,D5K,SCOWL60_STABLE_2020.12.07+WN3.1
4868,4978,mi,-11.0305,1,1,0,0,N,1,1,i,,,mid;mix;min;mic;mil,1,5,D5K,SCOWL60_STABLE_2020.12.07+WN3.1
4869,4979,observation,-11.0305,1,1,0,0,N,1,1,,,,observations,0,1,D5K,SCOWL60_STABLE_2020.12.07+WN3.1
4870,4980,odds,-11.0305,1,1,1,0,N,1,0,,odd,,,1,0,D5K,SCOWL60_STABLE_2020.12.07+WN3.1
4871,4981,organ,-11.0305,1,1,0,0,N,1,1,,,,organs,0,1,D5K,SCOWL60_STABLE_2020.12.07+WN3.1
4872,4982,organisations,-11.0305,0,0,0,0,,0,0,,,,,0,0,D5K,SCOWL60_STABLE_2020.12.07+WN3.1
4873,4983,outdoor,-11.0305,1,1,0,0,ADJ,1,1,,,,outdoors,0,1,D5K,SCOWL60_STABLE_2020.12.07+WN3.1
4874,4984,pat,-11.0305,1,1,0,0,N|V|ADJ|ADV,1,1,at,pa,spat,path;pats,2,3,D5K,SCOWL60_STABLE_2020.12.07+WN3.1
4875,4985,patience,-11.0305,1,1,0,0,N,0,0,,,,,0,0,D5K,SCOWL60_STABLE_2020.12.07+WN3.1
4876,4986,perceived,-11.0305,1,1,1,0,ADJ,1,0,,perceive,,,1,0,D5K,SCOWL60_STABLE_2020.12.07+WN3.1
4877,4987,pin,-11.0305,1,1,0,0,N|V,1,1,in,pi,spin,pink;pine;pins;ping;pint,2,6,D5K,SCOWL60_STABLE_2020.12.07+WN3.1
4878,4988,pit,-11.0305,1,1,0,0,N|V,1,1,it,pi,spit,pity;pits,2,3,D5K,SCOWL60_STABLE_2020.12.07+WN3.1
4879,4989,powder,-11.0305,1,1,0,0,N|V,0,0,,,,,0,0,D5K,SCOWL60_STABLE_2020.12.07+WN3.1
4880,4990,que,-11.0305,0,0,0,0,,0,0,,,,,0,0,D5K,SCOWL60_STABLE_2020.12.07+WN3.1
4881,4991,radar,-11.0305,1,1,0,0,N,0,0,,,,,0,0,D5K,SCOWL60_STABLE_2020.12.07+WN3.1
4882,4992,rangers,-11.0305,1,0,1,0,,1,0,,ranger,,,1,0,D5K,SCOWL60_STABLE_2020.12.07+WN3.1
4883,4993,rated,-11.0305,1,1,1,0,,1,0,,rate,,,1,0,D5K,SCOWL60_STABLE_2020.12.07+WN3.1
4884,4994,reflected,-11.0305,1,0,1,0,ADJ,0,0,,,,,0,0,D5K,SCOWL60_STABLE_2020.12.07+WN3.1
4885,4995,reflection,-11.0305,1,1,0,0,N,1,1,,,,reflections,0,1,D5K,SCOWL60_STABLE_2020.12.07+WN3.1
4886,4996,reforms,-11.0305,1,0,1,0,,1,0,,reform,,,1,0,D5K,SCOWL60_STABLE_2020.12.07+WN3.1
4887,4997,saints,-11.0305,1,0,1,0,,1,0,,saint,,,1,0,D5K,SCOWL60_STABLE_2020.12.07+WN3.1
4888,4998,scientist,-11.0305,1,1,0,0,N,1,1,,,,scientists,0,1,D5K,SCOWL60_STABLE_2020.12.07+WN3.1
4889,4999,securities,-11.0305,1,0,1,0,,0,0,,,,,0,0,D5K,SCOWL60_STABLE_2020.12.07+WN3.1
4890,5000,slight,-11.0305,1,1,0,0,N|V|ADJ,1,0,light,,,,1,0,D5K,SCOWL60_STABLE_2020.12.07+WN3.1
4891,5001,spider,-11.0305,1,1,0,0,N,1,1,,,,spiders,0,1,D5K,SCOWL60_STABLE_2020.12.07+WN3.1
4892,5002,statistical,-11.0305,1,1,0,0,ADJ,0,0,,,,,0,0,D5K,SCOWL60_STABLE_2020.12.07+WN3.1
4893,5003,stored,-11.0305,1,0,1,0,,1,0,,store,,,1,0,D5K,SCOWL60_STABLE_2020.12.07+WN3.1
4894,5004,suits,-11.0305,1,0,1,0,,1,0,,suit,,,1,0,D5K,SCOWL60_STABLE_2020.12.07+WN3.1
4895,5005,tap,-11.0305,1,1,0,0,N|V,1,1,,ta,,tape;taps,1,2,D5K,SCOWL60_STABLE_2020.12.07+WN3.1
4896,5006,tension,-11.0305,1,1,1,0,N,1,1,,,,tensions,0,1,D5K,SCOWL60_STABLE_2020.12.07+WN3.1
4897,5007,territories,-11.0305,1,0,1,0,,0,0,,,,,0,0,D5K,SCOWL60_STABLE_2020.12.07+WN3.1
4898,5008,thailand,-11.0305,0,0,0,0,N,0,0,,,,,0,0,D5K,SCOWL60_STABLE_2020.12.07+WN3.1
4899,5009,touching,-11.0305,1,1,1,0,N|ADJ,0,0,,,,,0,0,D5K,SCOWL60_STABLE_2020.12.07+WN3.1
4900,5010,transactions,-11.0305,1,0,1,0,N,1,0,,transaction,,,1,0,D5K,SCOWL60_STABLE_2020.12.07+WN3.1
4901,5011,trash,-11.0305,1,1,0,0,N|V,1,0,rash,,,,1,0,D5K,SCOWL60_STABLE_2020.12.07+WN3.1
4902,5012,treating,-11.0305,1,0,1,0,,0,0,,,,,0,0,D5K,SCOWL60_STABLE_2020.12.07+WN3.1
4903,5013,trigger,-11.0305,1,1,0,0,N|V,1,1,,,,triggers,0,1,D5K,SCOWL60_STABLE_2020.12.07+WN3.1
4904,5014,trips,-11.0305,1,0,1,0,,1,1,,trip,strips,,1,1,D5K,SCOWL60_STABLE_2020.12.07+WN3.1
4905,5015,tropical,-11.0305,1,1,0,0,ADJ,0,0,,,,,0,0,D5K,SCOWL60_STABLE_2020.12.07+WN3.1
4906,5016,weakness,-11.0305,1,1,1,0,N,0,0,,,,,0,0,D5K,SCOWL60_STABLE_2020.12.07+WN3.1
4907,5018,abilities,-11.0555,1,0,1,0,,0,0,,,,,0,0,D5K,SCOWL60_STABLE_2020.12.07+WN3.1
4908,5019,advised,-11.0555,1,1,1,0,ADJ,1,0,,advise,,,1,0,D5K,SCOWL60_STABLE_2020.12.07+WN3.1
4909,5020,appeals,-11.0555,1,0,1,0,,1,0,,appeal,,,1,0,D5K,SCOWL60_STABLE_2020.12.07+WN3.1
4910,5021,approaching,-11.0555,1,0,1,0,N|ADJ,0,0,,,,,0,0,D5K,SCOWL60_STABLE_2020.12.07+WN3.1
4911,5022,artificial,-11.0555,1,1,0,0,ADJ,0,0,,,,,0,0,D5K,SCOWL60_STABLE_2020.12.07+WN3.1
4912,5023,austria,-11.0555,0,0,0,0,N,0,0,,,,,0,0,D5K,SCOWL60_STABLE_2020.12.07+WN3.1
4913,5024,beneath,-11.0555,1,1,0,0,ADV,0,0,,,,,0,0,D5K,SCOWL60_STABLE_2020.12.07+WN3.1
4914,5025,beside,-11.0555,1,1,0,0,,1,1,,,,besides,0,1,D5K,SCOWL60_STABLE_2020.12.07+WN3.1
4915,5026,bold,-11.0555,1,1,0,0,N|ADJ,1,0,old,,,,1,0,D5K,SCOWL60_STABLE_2020.12.07+WN3.1
4916,5027,brands,-11.0555,1,0,1,0,,1,0,,brand,,,1,0,D5K,SCOWL60_STABLE_2020.12.07+WN3.1
4917,5028,bronze,-11.0555,1,1,0,0,N|V|ADJ,0,0,,,,,0,0,D5K,SCOWL60_STABLE_2020.12.07+WN3.1
4918,5029,cinema,-11.0555,1,1,0,0,N,1,1,,,,cinemas,0,1,D5K,SCOWL60_STABLE_2020.12.07+WN3.1
4919,5030,cleared,-11.0555,1,0,1,0,ADJ,0,0,,,,,0,0,D5K,SCOWL60_STABLE_2020.12.07+WN3.1
4920,5031,competing,-11.0555,1,0,1,0,,0,0,,,,,0,0,D5K,SCOWL60_STABLE_2020.12.07+WN3.1
4921,5032,consequently,-11.0555,1,0,1,0,ADV,0,0,,,,,0,0,D5K,SCOWL60_STABLE_2020.12.07+WN3.1
4922,5033,corn,-11.0555,1,1,0,0,N|V,1,0,,cor,,,1,0,D5K,SCOWL60_STABLE_2020.12.07+WN3.1
4923,5034,costa,-11.0555,0,0,0,0,N,0,0,,,,,0,0,D5K,SCOWL60_STABLE_2020.12.07+WN3.1
4924,5035,creek,-11.0555,1,1,0,0,N,0,0,,,,,0,0,D5K,SCOWL60_STABLE_2020.12.07+WN3.1
4925,5036,deemed,-11.0555,1,0,1,0,,0,0,,,,,0,0,D5K,SCOWL60_STABLE_2020.12.07+WN3.1
4926,5037,dig,-11.0555,1,1,0,0,N|V,0,0,,,,,0,0,D5K,SCOWL60_STABLE_2020.12.07+WN3.1
4927,5038,distant,-11.0555,1,1,0,0,ADJ,0,0,,,,,0,0,D5K,SCOWL60_STABLE_2020.12.07+WN3.1
4928,5039,dose,-11.0555,1,1,0,0,N|V,1,1,,dos,,doses,1,1,D5K,SCOWL60_STABLE_2020.12.07+WN3.1
4929,5040,editing,-11.0555,1,0,1,0,N,0,0,,,,,0,0,D5K,SCOWL60_STABLE_2020.12.07+WN3.1
4930,5041,embassy,-11.0555,1,1,0,0,N,0,0,,,,,0,0,D5K,SCOWL60_STABLE_2020.12.07+WN3.1
4931,5042,emerged,-11.0555,1,0,1,0,,1,0,merged,emerge,,,2,0,D5K,SCOWL60_STABLE_2020.12.07+WN3.1
4932,5043,eternal,-11.0555,1,1,0,0,ADJ,0,0,,,,,0,0,D5K,SCOWL60_STABLE_2020.12.07+WN3.1
4933,5044,exhibit,-11.0555,1,1,0,0,N|V,1,1,,,,exhibits,0,1,D5K,SCOWL60_STABLE_2020.12.07+WN3.1
4934,5045,fastest,-11.0555,1,0,1,0,ADV,0,0,,,,,0,0,D5K,SCOWL60_STABLE_2020.12.07+WN3.1
4935,5046,fm,-11.0555,0,0,0,0,N,0,0,,,,,0,0,D5K,SCOWL60_STABLE_2020.12.07+WN3.1
4936,5047,forty,-11.0555,1,1,0,0,N|ADJ,1,0,,fort,,,1,0,D5K,SCOWL60_STABLE_2020.12.07+WN3.1
4937,5048,gorgeous,-11.0555,1,1,0,0,ADJ,0,0,,,,,0,0,D5K,SCOWL60_STABLE_2020.12.07+WN3.1
4938,5049,grammar,-11.0555,1,1,0,0,N,0,0,,,,,0,0,D5K,SCOWL60_STABLE_2020.12.07+WN3.1
4939,5050,handsome,-11.0555,1,1,0,0,ADJ,0,0,,,,,0,0,D5K,SCOWL60_STABLE_2020.12.07+WN3.1
4940,5051,harvard,-11.0555,0,0,0,0,N,0,0,,,,,0,0,D5K,SCOWL60_STABLE_2020.12.07+WN3.1
4941,5052,hitler,-11.0555,0,0,0,0,N,0,0,,,,,0,0,D5K,SCOWL60_STABLE_2020.12.07+WN3.1
4942,5053,imagination,-11.0555,1,1,0,0,N,0,0,,,,,0,0,D5K,SCOWL60_STABLE_2020.12.07+WN3.1
4943,5054,implications,-11.0555,1,0,1,0,,1,0,,implication,,,1,0,D5K,SCOWL60_STABLE_2020.12.07+WN3.1
4944,5055,integrity,-11.0555,1,1,0,0,N,0,0,,,,,0,0,D5K,SCOWL60_STABLE_2020.12.07+WN3.1
4945,5056,jumped,-11.0555,1,0,1,0,,0,0,,,,,0,0,D5K,SCOWL60_STABLE_2020.12.07+WN3.1
4946,5057,kenya,-11.0555,0,0,0,0,N,0,0,,,,,0,0,D5K,SCOWL60_STABLE_2020.12.07+WN3.1
4947,5058,lens,-11.0555,1,1,1,0,N,0,0,,,,,0,0,D5K,SCOWL60_STABLE_2020.12.07+WN3.1
4948,5059,li,-11.0555,0,0,0,0,N|ADJ,0,0,,,,,0,0,D5K,SCOWL60_STABLE_2020.12.07+WN3.1
4949,5060,listened,-11.0555,1,0,1,0,,0,0,,,,,0,0,D5K,SCOWL60_STABLE_2020.12.07+WN3.1
4950,5061,longest,-11.0555,1,0,1,0,ADV,0,0,,,,,0,0,D5K,SCOWL60_STABLE_2020.12.07+WN3.1
4951,5062,loyal,-11.0555,1,1,0,0,ADJ,0,0,,,,,0,0,D5K,SCOWL60_STABLE_2020.12.07+WN3.1
4952,5063,loyalty,-11.0555,1,1,0,0,N,0,0,,,,,0,0,D5K,SCOWL60_STABLE_2020.12.07+WN3.1
4953,5064,mainstream,-11.0555,1,1,0,0,N,0,0,,,,,0,0,D5K,SCOWL60_STABLE_2020.12.07+WN3.1
4954,5065,makers,-11.0555,1,0,1,0,,1,0,,maker,,,1,0,D5K,SCOWL60_STABLE_2020.12.07+WN3.1
4955,5066,mario,-11.0555,0,0,0,0,,0,0,,,,,0,0,D5K,SCOWL60_STABLE_2020.12.07+WN3.1
4956,5067,naval,-11.0555,1,1,0,0,ADJ,0,0,,,,,0,0,D5K,SCOWL60_STABLE_2020.12.07+WN3.1
4957,5068,neighbors,-11.0555,1,0,1,0,,1,0,,neighbor,,,1,0,D5K,SCOWL60_STABLE_2020.12.07+WN3.1
4958,5069,northwest,-11.0555,1,1,0,0,N|ADJ|ADV,0,0,,,,,0,0,D5K,SCOWL60_STABLE_2020.12.07+WN3.1
4959,5070,packed,-11.0555,1,0,1,0,ADJ,0,0,,,,,0,0,D5K,SCOWL60_STABLE_2020.12.07+WN3.1
4960,5071,par,-11.0555,1,1,0,0,N|V,1,1,,pa,,part;park;para,1,3,D5K,SCOWL60_STABLE_2020.12.07+WN3.1
4961,5072,pennsylvania,-11.0555,0,0,0,0,N,0,0,,,,,0,0,D5K,SCOWL60_STABLE_2020.12.07+WN3.1
4962,5073,phenomenon,-11.0555,1,1,0,0,N,0,0,,,,,0,0,D5K,SCOWL60_STABLE_2020.12.07+WN3.1
4963,5074,physician,-11.0555,1,1,0,0,N,1,1,,,,physicians,0,1,D5K,SCOWL60_STABLE_2020.12.07+WN3.1
4964,5075,pierre,-11.0555,0,0,0,0,N,0,0,,,,,0,0,D5K,SCOWL60_STABLE_2020.12.07+WN3.1
4965,5076,portrait,-11.0555,1,1,0,0,N,1,1,,,,portraits,0,1,D5K,SCOWL60_STABLE_2020.12.07+WN3.1
4966,5077,portugal,-11.0555,0,0,0,0,N,0,0,,,,,0,0,D5K,SCOWL60_STABLE_2020.12.07+WN3.1
4967,5078,prisoner,-11.0555,1,1,1,0,N,1,1,,,,prisoners,0,1,D5K,SCOWL60_STABLE_2020.12.07+WN3.1
4968,5079,regards,-11.0555,1,1,1,0,,1,0,,regard,,,1,0,D5K,SCOWL60_STABLE_2020.12.07+WN3.1
4969,5080,relatives,-11.0555,1,0,1,0,,1,0,,relative,,,1,0,D5K,SCOWL60_STABLE_2020.12.07+WN3.1
4970,5081,rubber,-11.0555,1,1,0,0,N|V|ADJ,0,0,,,,,0,0,D5K,SCOWL60_STABLE_2020.12.07+WN3.1
4971,5082,scenario,-11.0555,1,1,0,0,N,1,1,,,,scenarios,0,1,D5K,SCOWL60_STABLE_2020.12.07+WN3.1
4972,5083,shed,-11.0555,1,1,1,0,N|V|ADJ,1,1,,she,,sheds,1,1,D5K,SCOWL60_STABLE_2020.12.07+WN3.1
4973,5084,shorter,-11.0555,1,0,1,0,,0,0,,,,,0,0,D5K,SCOWL60_STABLE_2020.12.07+WN3.1
4974,5085,societies,-11.0555,1,0,1,0,,0,0,,,,,0,0,D5K,SCOWL60_STABLE_2020.12.07+WN3.1
4975,5086,sometime,-11.0555,1,1,0,0,ADJ|ADV,1,1,,,,sometimes,0,1,D5K,SCOWL60_STABLE_2020.12.07+WN3.1
4976,5087,struggling,-11.0555,1,0,1,0,ADJ,0,0,,,,,0,0,D5K,SCOWL60_STABLE_2020.12.07+WN3.1
4977,5088,susan,-11.0555,0,0,0,0,,0,0,,,,,0,0,D5K,SCOWL60_STABLE_2020.12.07+WN3.1
4978,5089,syndrome,-11.0555,1,1,0,0,N,0,0,,,,,0,0,D5K,SCOWL60_STABLE_2020.12.07+WN3.1
4979,5090,themes,-11.0555,1,0,1,0,,1,0,,theme,,,1,0,D5K,SCOWL60_STABLE_2020.12.07+WN3.1
4980,5091,transit,-11.0555,1,1,0,0,N|V,0,0,,,,,0,0,D5K,SCOWL60_STABLE_2020.12.07+WN3.1
4981,5092,ukrainian,-11.0555,0,0,0,0,N|ADJ,0,0,,,,,0,0,D5K,SCOWL60_STABLE_2020.12.07+WN3.1
4982,5093,unexpected,-11.0555,1,1,0,0,ADJ,0,0,,,,,0,0,D5K,SCOWL60_STABLE_2020.12.07+WN3.1
4983,5094,vertical,-11.0555,1,1,0,0,N|ADJ,0,0,,,,,0,0,D5K,SCOWL60_STABLE_2020.12.07+WN3.1
4984,5096,abortion,-11.0747,1,1,0,0,N,1,1,,,,abortions,0,1,D5K,SCOWL60_STABLE_2020.12.07+WN3.1
4985,5097,accidentally,-11.0747,1,0,1,0,ADV,0,0,,,,,0,0,D5K,SCOWL60_STABLE_2020.12.07+WN3.1
4986,5098,approached,-11.0747,1,0,1,0,,0,0,,,,,0,0,D5K,SCOWL60_STABLE_2020.12.07+WN3.1
4987,5099,arriving,-11.0747,1,0,1,0,,0,0,,,,,0,0,D5K,SCOWL60_STABLE_2020.12.07+WN3.1
4988,5100,attract,-11.0747,1,1,0,0,V,1,1,,,,attracts,0,1,D5K,SCOWL60_STABLE_2020.12.07+WN3.1
4989,5101,aunt,-11.0747,1,1,0,0,N,1,1,,,haunt,,0,1,D5K,SCOWL60_STABLE_2020.12.07+WN3.1
4990,5102,backed,-11.0747,1,0,1,0,ADJ,0,0,,,,,0,0,D5K,SCOWL60_STABLE_2020.12.07+WN3.1
4991,5103,bacteria,-11.0747,1,1,0,0,N,1,1,,,,bacterial,0,1,D5K,SCOWL60_STABLE_2020.12.07+WN3.1
4992,5104,barbara,-11.0747,0,0,0,0,,0,0,,,,,0,0,D5K,SCOWL60_STABLE_2020.12.07+WN3.1
4993,5105,bobby,-11.0747,1,1,0,0,N,0,0,,,,,0,0,D5K,SCOWL60_STABLE_2020.12.07+WN3.1
4994,5106,bored,-11.0747,1,0,1,0,ADJ,1,0,,bore,,,1,0,D5K,SCOWL60_STABLE_2020.12.07+WN3.1
4995,5107,brazilian,-11.0747,0,0,0,0,N|ADJ,0,0,,,,,0,0,D5K,SCOWL60_STABLE_2020.12.07+WN3.1
4996,5108,brick,-11.0747,1,1,0,0,N,1,1,rick,,,bricks,1,1,D5K,SCOWL60_STABLE_2020.12.07+WN3.1
4997,5109,bucks,-11.0747,1,0,1,0,,1,0,,buck,,,1,0,D5K,SCOWL60_STABLE_2020.12.07+WN3.1
4998,5110,campbell,-11.0747,0,0,0,0,N,0,0,,,,,0,0,D5K,SCOWL60_STABLE_2020.12.07+WN3.1
4999,5111,cancelled,-11.0747,0,0,0,0,ADJ,0,0,,,,,0,0,D5K,SCOWL60_STABLE_2020.12.07+WN3.1
5000,5112,caribbean,-11.0747,0,0,0,0,N,0,0,,,,,0,0,D5K,SCOWL60_STABLE_2020.12.07+WN3.1