alpha_rank,source_rank,word,log_frequency,scowl60_admit,scowl_direct_headword,scowl_derived_form,scowl_nosuggest,wordnet_pos_direct,stage0_graph_member,stage0_seed_candidate,parent_L,parent_R,children_L,children_R,in_edge_count,out_edge_count,tier,gate_version
5001,5113,cattle,-11.0747,1,1,0,0,N,0,0,,,,,0,0,E10K,SCOWL60_STABLE_2020.12.07+WN3.1
5002,5114,centres,-11.0747,0,0,0,0,,0,0,,,,,0,0,E10K,SCOWL60_STABLE_2020.12.07+WN3.1
5003,5115,chef,-11.0747,1,1,0,0,N,1,1,,,,chefs,0,1,E10K,SCOWL60_STABLE_2020.12.07+WN3.1
5004,5116,chile,-11.0747,0,0,0,0,N,0,0,,,,,0,0,E10K,SCOWL60_STABLE_2020.12.07+WN3.1
5005,5117,closest,-11.0747,1,0,1,0,ADV,1,0,,closes,,,1,0,E10K,SCOWL60_STABLE_2020.12.07+WN3.1
5006,5118,codes,-11.0747,1,0,1,0,,1,0,,code,,,1,0,E10K,SCOWL60_STABLE_2020.12.07+WN3.1
5007,5119,completion,-11.0747,1,1,1,0,N,0,0,,,,,0,0,E10K,SCOWL60_STABLE_2020.12.07+WN3.1
5008,5120,conclusions,-11.0747,1,0,1,0,,1,0,,conclusion,,,1,0,E10K,SCOWL60_STABLE_2020.12.07+WN3.1
5009,5121,conflicts,-11.0747,1,0,1,0,,1,0,,conflict,,,1,0,E10K,SCOWL60_STABLE_2020.12.07+WN3.1
5010,5122,conscious,-11.0747,1,1,0,0,ADJ,0,0,,,,,0,0,E10K,SCOWL60_STABLE_2020.12.07+WN3.1
5011,5123,controlling,-11.0747,1,1,0,0,ADJ,0,0,,,,,0,0,E10K,SCOWL60_STABLE_2020.12.07+WN3.1
5012,5124,correctly,-11.0747,1,0,1,0,ADV,0,0,,,,,0,0,E10K,SCOWL60_STABLE_2020.12.07+WN3.1
5013,5125,diagnosis,-11.0747,1,1,0,0,N,0,0,,,,,0,0,E10K,SCOWL60_STABLE_2020.12.07+WN3.1
5014,5126,diplomatic,-11.0747,1,1,0,0,ADJ,0,0,,,,,0,0,E10K,SCOWL60_STABLE_2020.12.07+WN3.1
5015,5127,douglas,-11.0747,0,0,0,0,N,0,0,,,,,0,0,E10K,SCOWL60_STABLE_2020.12.07+WN3.1
5016,5128,exercises,-11.0747,1,0,1,0,,1,0,,exercise,,,1,0,E10K,SCOWL60_STABLE_2020.12.07+WN3.1
5017,5129,farms,-11.0747,1,0,1,0,,1,0,arms,farm,,,2,0,E10K,SCOWL60_STABLE_2020.12.07+WN3.1
5018,5130,fears,-11.0747,1,0,1,0,,1,0,ears,fear,,,2,0,E10K,SCOWL60_STABLE_2020.12.07+WN3.1
5019,5131,flows,-11.0747,1,0,1,0,,1,0,lows,flow,,,2,0,E10K,SCOWL60_STABLE_2020.12.07+WN3.1
5020,5132,fluid,-11.0747,1,1,0,0,N|ADJ,1,1,,,,fluids,0,1,E10K,SCOWL60_STABLE_2020.12.07+WN3.1
5021,5133,footage,-11.0747,1,1,0,0,N,0,0,,,,,0,0,E10K,SCOWL60_STABLE_2020.12.07+WN3.1
5022,5134,greg,-11.0747,0,0,0,0,,0,0,,,,,0,0,E10K,SCOWL60_STABLE_2020.12.07+WN3.1
5023,5135,grows,-11.0747,1,0,1,0,,1,0,rows,grow,,,2,0,E10K,SCOWL60_STABLE_2020.12.07+WN3.1
5024,5136,hated,-11.0747,1,0,1,0,ADJ,1,0,,hate,,,1,0,E10K,SCOWL60_STABLE_2020.12.07+WN3.1
5025,5137,hiv,-11.0747,0,0,0,0,N,0,0,,,,,0,0,E10K,SCOWL60_STABLE_2020.12.07+WN3.1
5026,5138,hosted,-11.0747,1,0,1,0,,0,0,,,,,0,0,E10K,SCOWL60_STABLE_2020.12.07+WN3.1
5027,5139,juan,-11.0747,0,0,0,0,,0,0,,,,,0,0,E10K,SCOWL60_STABLE_2020.12.07+WN3.1
5028,5140,meals,-11.0747,1,0,1,0,,1,0,,meal,,,1,0,E10K,SCOWL60_STABLE_2020.12.07+WN3.1
5029,5141,metro,-11.0747,1,1,0,0,N,0,0,,,,,0,0,E10K,SCOWL60_STABLE_2020.12.07+WN3.1
5030,5142,mounted,-11.0747,1,1,1,0,ADJ,1,1,,,amounted,,0,1,E10K,SCOWL60_STABLE_2020.12.07+WN3.1
5031,5143,narrative,-11.0747,1,1,1,0,N|ADJ,1,1,,,,narratives,0,1,E10K,SCOWL60_STABLE_2020.12.07+WN3.1
5032,5144,nasty,-11.0747,1,1,0,0,ADJ,0,0,,,,,0,0,E10K,SCOWL60_STABLE_2020.12.07+WN3.1
5033,5145,nelson,-11.0747,1,1,0,0,N,0,0,,,,,0,0,E10K,SCOWL60_STABLE_2020.12.07+WN3.1
5034,5146,notion,-11.0747,1,1,0,0,N,1,1,,,,notions,0,1,E10K,SCOWL60_STABLE_2020.12.07+WN3.1
5035,5147,objectives,-11.0747,1,0,1,0,,1,0,,objective,,,1,0,E10K,SCOWL60_STABLE_2020.12.07+WN3.1
5036,5148,offense,-11.0747,1,1,0,0,N,1,1,,,,offenses,0,1,E10K,SCOWL60_STABLE_2020.12.07+WN3.1
5037,5149,oliver,-11.0747,0,0,0,0,N,0,0,,,,,0,0,E10K,SCOWL60_STABLE_2020.12.07+WN3.1
5038,5150,paintings,-11.0747,1,0,1,0,,1,0,,painting,,,1,0,E10K,SCOWL60_STABLE_2020.12.07+WN3.1
5039,5151,palm,-11.0747,1,1,0,0,N|V,1,1,,pal,,palms,1,1,E10K,SCOWL60_STABLE_2020.12.07+WN3.1
5040,5152,paradise,-11.0747,1,1,0,0,N,0,0,,,,,0,0,E10K,SCOWL60_STABLE_2020.12.07+WN3.1
5041,5153,perception,-11.0747,1,1,0,0,N,1,1,,,,perceptions,0,1,E10K,SCOWL60_STABLE_2020.12.07+WN3.1
5042,5154,plates,-11.0747,1,0,1,0,,1,0,,plate,,,1,0,E10K,SCOWL60_STABLE_2020.12.07+WN3.1
5043,5155,playoffs,-11.0747,1,0,1,0,,1,0,,playoff,,,1,0,E10K,SCOWL60_STABLE_2020.12.07+WN3.1
5044,5156,pointing,-11.0747,1,0,1,0,,0,0,,,,,0,0,E10K,SCOWL60_STABLE_2020.12.07+WN3.1
5045,5157,poll,-11.0747,1,1,0,0,N|V,1,1,,pol,,polls,1,1,E10K,SCOWL60_STABLE_2020.12.07+WN3.1
5046,5158,pollution,-11.0747,1,1,1,0,N,0,0,,,,,0,0,E10K,SCOWL60_STABLE_2020.12.07+WN3.1
5047,5159,popularity,-11.0747,1,1,0,0,N,0,0,,,,,0,0,E10K,SCOWL60_STABLE_2020.12.07+WN3.1
5048,5160,pupils,-11.0747,1,0,1,0,,1,0,,pupil,,,1,0,E10K,SCOWL60_STABLE_2020.12.07+WN3.1
5049,5161,reaches,-11.0747,1,0,1,0,,1,1,,,breaches,,0,1,E10K,SCOWL60_STABLE_2020.12.07+WN3.1
5050,5162,reads,-11.0747,1,0,1,0,,1,0,,read,,,1,0,E10K,SCOWL60_STABLE_2020.12.07+WN3.1
5051,5163,registration,-11.0747,1,1,0,0,N,0,0,,,,,0,0,E10K,SCOWL60_STABLE_2020.12.07+WN3.1
5052,5164,remarks,-11.0747,1,0,1,0,,1,0,,remark,,,1,0,E10K,SCOWL60_STABLE_2020.12.07+WN3.1
5053,5165,satisfaction,-11.0747,1,1,0,0,N,0,0,,,,,0,0,E10K,SCOWL60_STABLE_2020.12.07+WN3.1
5054,5166,sauce,-11.0747,1,1,0,0,N|V,0,0,,,,,0,0,E10K,SCOWL60_STABLE_2020.12.07+WN3.1
5055,5167,ski,-11.0747,1,1,0,0,N|V,1,1,,,,skin;skip;skid,0,3,E10K,SCOWL60_STABLE_2020.12.07+WN3.1
5056,5168,slept,-11.0747,1,1,0,0,,0,0,,,,,0,0,E10K,SCOWL60_STABLE_2020.12.07+WN3.1
5057,5169,snake,-11.0747,1,1,0,0,N|V,1,1,,,,snakes,0,1,E10K,SCOWL60_STABLE_2020.12.07+WN3.1
5058,5170,solely,-11.0747,1,1,0,0,ADV,0,0,,,,,0,0,E10K,SCOWL60_STABLE_2020.12.07+WN3.1
5059,5171,steven,-11.0747,0,0,0,0,,0,0,,,,,0,0,E10K,SCOWL60_STABLE_2020.12.07+WN3.1
5060,5172,strictly,-11.0747,1,0,1,0,ADV,0,0,,,,,0,0,E10K,SCOWL60_STABLE_2020.12.07+WN3.1
5061,5173,striking,-11.0747,1,1,1,0,N|ADJ,0,0,,,,,0,0,E10K,SCOWL60_STABLE_2020.12.07+WN3.1
5062,5174,suspension,-11.0747,1,1,1,0,N,0,0,,,,,0,0,E10K,SCOWL60_STABLE_2020.12.07+WN3.1
5063,5175,swedish,-11.0747,0,0,0,0,N|ADJ,0,0,,,,,0,0,E10K,SCOWL60_STABLE_2020.12.07+WN3.1
5064,5176,talented,-11.0747,1,1,1,0,ADJ,0,0,,,,,0,0,E10K,SCOWL60_STABLE_2020.12.07+WN3.1
5065,5177,taxi,-11.0747,1,1,0,0,N|V,1,1,,tax,,taxis,1,1,E10K,SCOWL60_STABLE_2020.12.07+WN3.1
5066,5178,theories,-11.0747,1,0,1,0,,0,0,,,,,0,0,E10K,SCOWL60_STABLE_2020.12.07+WN3.1
5067,5179,thereby,-11.0747,1,1,0,0,ADV,1,0,hereby,,,,1,0,E10K,SCOWL60_STABLE_2020.12.07+WN3.1
5068,5180,threatening,-11.0747,1,1,1,0,ADJ,0,0,,,,,0,0,E10K,SCOWL60_STABLE_2020.12.07+WN3.1
5069,5181,toys,-11.0747,1,0,1,0,,1,0,,toy,,,1,0,E10K,SCOWL60_STABLE_2020.12.07+WN3.1
5070,5182,traditions,-11.0747,1,0,1,0,,1,0,,tradition,,,1,0,E10K,SCOWL60_STABLE_2020.12.07+WN3.1
5071,5183,ugh,-11.0747,1,1,0,0,,0,0,,,,,0,0,E10K,SCOWL60_STABLE_2020.12.07+WN3.1
5072,5184,variable,-11.0747,1,1,0,0,N|ADJ,1,1,,,,variables,0,1,E10K,SCOWL60_STABLE_2020.12.07+WN3.1
5073,5185,wealthy,-11.0747,1,1,0,0,ADJ,1,0,,wealth,,,1,0,E10K,SCOWL60_STABLE_2020.12.07+WN3.1
5074,5187,ac,-11.1008,1,1,0,0,N,1,1,,a,mac;sac;lac,act;ace,1,5,E10K,SCOWL60_STABLE_2020.12.07+WN3.1
5075,5188,accomplished,-11.1008,1,1,1,0,ADJ,0,0,,,,,0,0,E10K,SCOWL60_STABLE_2020.12.07+WN3.1
5076,5189,accordingly,-11.1008,1,0,1,0,ADV,0,0,,,,,0,0,E10K,SCOWL60_STABLE_2020.12.07+WN3.1
5077,5190,advantages,-11.1008,1,0,1,0,,1,0,,advantage,,,1,0,E10K,SCOWL60_STABLE_2020.12.07+WN3.1
5078,5191,advocate,-11.1008,1,1,0,0,N|V,1,1,,,,advocates;advocated,0,2,E10K,SCOWL60_STABLE_2020.12.07+WN3.1
5079,5192,backing,-11.1008,1,1,1,0,N,0,0,,,,,0,0,E10K,SCOWL60_STABLE_2020.12.07+WN3.1
5080,5193,balanced,-11.1008,1,0,1,0,ADJ,1,0,,balance,,,1,0,E10K,SCOWL60_STABLE_2020.12.07+WN3.1
5081,5194,beats,-11.1008,1,0,1,0,N,1,0,eats,beat,,,2,0,E10K,SCOWL60_STABLE_2020.12.07+WN3.1
5082,5195,blown,-11.1008,1,1,0,0,ADJ,1,0,,blow,,,1,0,E10K,SCOWL60_STABLE_2020.12.07+WN3.1
5083,5196,campaigns,-11.1008,1,0,1,0,,1,0,,campaign,,,1,0,E10K,SCOWL60_STABLE_2020.12.07+WN3.1
5084,5197,challenging,-11.1008,1,0,1,0,ADJ,0,0,,,,,0,0,E10K,SCOWL60_STABLE_2020.12.07+WN3.1
5085,5198,clever,-11.1008,1,1,0,0,ADJ,1,0,lever,,,,1,0,E10K,SCOWL60_STABLE_2020.12.07+WN3.1
5086,5199,clouds,-11.1008,1,0,1,0,,1,0,,cloud,,,1,0,E10K,SCOWL60_STABLE_2020.12.07+WN3.1
5087,5200,colony,-11.1008,1,1,0,0,N,1,0,,colon,,,1,0,E10K,SCOWL60_STABLE_2020.12.07+WN3.1
5088,5201,consecutive,-11.1008,1,1,0,0,ADJ|ADV,0,0,,,,,0,0,E10K,SCOWL60_STABLE_2020.12.07+WN3.1
5089,5202,conspiracy,-11.1008,1,1,0,0,N,0,0,,,,,0,0,E10K,SCOWL60_STABLE_2020.12.07+WN3.1
5090,5203,controversial,-11.1008,1,1,0,0,ADJ,0,0,,,,,0,0,E10K,SCOWL60_STABLE_2020.12.07+WN3.1
5091,5204,convicted,-11.1008,1,0,1,0,,0,0,,,,,0,0,E10K,SCOWL60_STABLE_2020.12.07+WN3.1
5092,5205,cookies,-11.1008,1,0,1,0,,1,0,,cookie,,,1,0,E10K,SCOWL60_STABLE_2020.12.07+WN3.1
5093,5206,crops,-11.1008,1,0,1,0,,1,0,,crop,,,1,0,E10K,SCOWL60_STABLE_2020.12.07+WN3.1
5094,5207,cruise,-11.1008,1,1,0,0,N|V,1,1,,,,cruiser;cruises,0,2,E10K,SCOWL60_STABLE_2020.12.07+WN3.1
5095,5208,dec,-11.1008,0,0,0,0,N,0,0,,,,,0,0,E10K,SCOWL60_STABLE_2020.12.07+WN3.1
5096,5209,delayed,-11.1008,1,0,1,0,ADJ,0,0,,,,,0,0,E10K,SCOWL60_STABLE_2020.12.07+WN3.1
5097,5210,desired,-11.1008,1,1,1,0,ADJ,1,0,,desire,,,1,0,E10K,SCOWL60_STABLE_2020.12.07+WN3.1
5098,5211,detective,-11.1008,1,1,1,0,N,1,1,,,,detectives,0,1,E10K,SCOWL60_STABLE_2020.12.07+WN3.1
5099,5212,developers,-11.1008,1,0,1,0,,1,0,,developer,,,1,0,E10K,SCOWL60_STABLE_2020.12.07+WN3.1
5100,5213,discussing,-11.1008,1,0,1,0,,0,0,,,,,0,0,E10K,SCOWL60_STABLE_2020.12.07+WN3.1
5101,5214,divisions,-11.1008,1,0,1,0,,1,0,,division,,,1,0,E10K,SCOWL60_STABLE_2020.12.07+WN3.1
5102,5215,earning,-11.1008,1,0,1,0,,1,1,,,learning,earnings,0,2,E10K,SCOWL60_STABLE_2020.12.07+WN3.1
5103,5216,earthquake,-11.1008,1,1,0,0,N,1,1,,,,earthquakes,0,1,E10K,SCOWL60_STABLE_2020.12.07+WN3.1
5104,5217,eighth,-11.1008,1,1,0,0,N|ADJ,1,0,,eight,,,1,0,E10K,SCOWL60_STABLE_2020.12.07+WN3.1
5105,5218,eligible,-11.1008,1,1,0,0,ADJ,0,0,,,,,0,0,E10K,SCOWL60_STABLE_2020.12.07+WN3.1
5106,5219,establishing,-11.1008,1,0,1,0,,0,0,,,,,0,0,E10K,SCOWL60_STABLE_2020.12.07+WN3.1
5107,5220,evans,-11.1008,0,0,0,0,N,0,0,,,,,0,0,E10K,SCOWL60_STABLE_2020.12.07+WN3.1
5108,5221,explaining,-11.1008,1,0,1,0,,0,0,,,,,0,0,E10K,SCOWL60_STABLE_2020.12.07+WN3.1
5109,5222,fathers,-11.1008,1,0,1,0,,1,0,,father,,,1,0,E10K,SCOWL60_STABLE_2020.12.07+WN3.1
5110,5223,fbi,-11.1008,0,0,0,0,N,0,0,,,,,0,0,E10K,SCOWL60_STABLE_2020.12.07+WN3.1
5111,5224,fights,-11.1008,1,0,1,0,,1,0,,fight,,,1,0,E10K,SCOWL60_STABLE_2020.12.07+WN3.1
5112,5225,fits,-11.1008,1,0,1,0,,1,0,its,fit,,,2,0,E10K,SCOWL60_STABLE_2020.12.07+WN3.1
5113,5226,flew,-11.1008,1,1,0,0,,0,0,,,,,0,0,E10K,SCOWL60_STABLE_2020.12.07+WN3.1
5114,5227,forests,-11.1008,1,0,1,0,,1,0,,forest,,,1,0,E10K,SCOWL60_STABLE_2020.12.07+WN3.1
5115,5228,formerly,-11.1008,1,1,0,0,ADV,0,0,,,,,0,0,E10K,SCOWL60_STABLE_2020.12.07+WN3.1
5116,5229,gaming,-11.1008,1,1,1,0,N,0,0,,,,,0,0,E10K,SCOWL60_STABLE_2020.12.07+WN3.1
5117,5230,garage,-11.1008,1,1,0,0,N|V,0,0,,,,,0,0,E10K,SCOWL60_STABLE_2020.12.07+WN3.1
5118,5231,gaza,-11.1008,0,0,0,0,N,0,0,,,,,0,0,E10K,SCOWL60_STABLE_2020.12.07+WN3.1
5119,5232,generous,-11.1008,1,1,0,0,ADJ,0,0,,,,,0,0,E10K,SCOWL60_STABLE_2020.12.07+WN3.1
5120,5233,governing,-11.1008,1,0,1,0,N|ADJ,0,0,,,,,0,0,E10K,SCOWL60_STABLE_2020.12.07+WN3.1
5121,5234,grid,-11.1008,1,1,0,0,N,1,0,rid,,,,1,0,E10K,SCOWL60_STABLE_2020.12.07+WN3.1
5122,5235,homeless,-11.1008,1,1,0,0,N|ADJ,0,0,,,,,0,0,E10K,SCOWL60_STABLE_2020.12.07+WN3.1
5123,5236,hood,-11.1008,1,1,0,0,N|V,0,0,,,,,0,0,E10K,SCOWL60_STABLE_2020.12.07+WN3.1
5124,5237,indiana,-11.1008,0,0,0,0,N,0,0,,,,,0,0,E10K,SCOWL60_STABLE_2020.12.07+WN3.1
5125,5238,infected,-11.1008,1,1,1,0,ADJ,0,0,,,,,0,0,E10K,SCOWL60_STABLE_2020.12.07+WN3.1
5126,5239,inspector,-11.1008,1,1,0,0,N,1,1,,,,inspectors,0,1,E10K,SCOWL60_STABLE_2020.12.07+WN3.1
5127,5240,instantly,-11.1008,1,0,1,0,ADV,0,0,,,,,0,0,E10K,SCOWL60_STABLE_2020.12.07+WN3.1
5128,5241,jumping,-11.1008,1,0,1,0,N,0,0,,,,,0,0,E10K,SCOWL60_STABLE_2020.12.07+WN3.1
5129,5242,knees,-11.1008,1,0,1,0,,1,0,,knee,,,1,0,E10K,SCOWL60_STABLE_2020.12.07+WN3.1
5130,5243,laser,-11.1008,1,1,1,0,N,1,1,,,,lasers,0,1,E10K,SCOWL60_STABLE_2020.12.07+WN3.1
5131,5244,laura,-11.1008,0,0,0,0,,0,0,,,,,0,0,E10K,SCOWL60_STABLE_2020.12.07+WN3.1
5132,5245,lisa,-11.1008,0,0,0,0,,0,0,,,,,0,0,E10K,SCOWL60_STABLE_2020.12.07+WN3.1
5133,5246,lt,-11.1008,0,0,0,0,,0,0,,,,,0,0,E10K,SCOWL60_STABLE_2020.12.07+WN3.1
5134,5247,marijuana,-11.1008,1,1,0,0,N,0,0,,,,,0,0,E10K,SCOWL60_STABLE_2020.12.07+WN3.1
5135,5248,massachusetts,-11.1008,0,0,0,0,N,0,0,,,,,0,0,E10K,SCOWL60_STABLE_2020.12.07+WN3.1
5136,5249,measurement,-11.1008,1,1,0,0,N,1,1,,,,measurements,0,1,E10K,SCOWL60_STABLE_2020.12.07+WN3.1
5137,5250,mitchell,-11.1008,0,0,0,0,N,0,0,,,,,0,0,E10K,SCOWL60_STABLE_2020.12.07+WN3.1
5138,5251,mortgage,-11.1008,1,1,0,0,N|V,1,1,,,,mortgages,0,1,E10K,SCOWL60_STABLE_2020.12.07+WN3.1
5139,5252,mps,-11.1008,0,0,0,0,N,0,0,,,,,0,0,E10K,SCOWL60_STABLE_2020.12.07+WN3.1
5140,5253,norway,-11.1008,0,0,0,0,N,0,0,,,,,0,0,E10K,SCOWL60_STABLE_2020.12.07+WN3.1
5141,5254,observations,-11.1008,1,0,1,0,,1,0,,observation,,,1,0,E10K,SCOWL60_STABLE_2020.12.07+WN3.1
5142,5255,oriented,-11.1008,1,0,1,0,ADJ,0,0,,,,,0,0,E10K,SCOWL60_STABLE_2020.12.07+WN3.1
5143,5256,oscar,-11.1008,0,0,0,0,N,0,0,,,,,0,0,E10K,SCOWL60_STABLE_2020.12.07+WN3.1
5144,5257,owns,-11.1008,1,0,1,0,,1,1,,own,towns;downs,,1,2,E10K,SCOWL60_STABLE_2020.12.07+WN3.1
5145,5258,parker,-11.1008,0,0,0,0,N,0,0,,,,,0,0,E10K,SCOWL60_STABLE_2020.12.07+WN3.1
5146,5259,participated,-11.1008,1,0,1,0,,1,0,,participate,,,1,0,E10K,SCOWL60_STABLE_2020.12.07+WN3.1
5147,5260,pie,-11.1008,1,1,0,0,N,1,1,,pi,,pier;pies,1,2,E10K,SCOWL60_STABLE_2020.12.07+WN3.1
5148,5261,planes,-11.1008,1,0,1,0,,1,0,lanes,plane,,,2,0,E10K,SCOWL60_STABLE_2020.12.07+WN3.1
5149,5262,possibilities,-11.1008,1,0,1,0,,0,0,,,,,0,0,E10K,SCOWL60_STABLE_2020.12.07+WN3.1
5150,5263,precise,-11.1008,1,1,0,0,ADJ,0,0,,,,,0,0,E10K,SCOWL60_STABLE_2020.12.07+WN3.1
5151,5264,propaganda,-11.1008,1,1,0,0,N,0,0,,,,,0,0,E10K,SCOWL60_STABLE_2020.12.07+WN3.1
5152,5265,queensland,-11.1008,0,0,0,0,N,0,0,,,,,0,0,E10K,SCOWL60_STABLE_2020.12.07+WN3.1
5153,5266,racist,-11.1008,1,1,0,0,N|ADJ,0,0,,,,,0,0,E10K,SCOWL60_STABLE_2020.12.07+WN3.1
5154,5267,rally,-11.1008,1,1,0,0,N|V,1,0,ally,,,,1,0,E10K,SCOWL60_STABLE_2020.12.07+WN3.1
5155,5268,ranging,-11.1008,1,0,1,0,ADJ,0,0,,,,,0,0,E10K,SCOWL60_STABLE_2020.12.07+WN3.1
5156,5269,receives,-11.1008,1,0,1,0,,1,0,,receive,,,1,0,E10K,SCOWL60_STABLE_2020.12.07+WN3.1
5157,5270,removing,-11.1008,1,0,1,0,,0,0,,,,,0,0,E10K,SCOWL60_STABLE_2020.12.07+WN3.1
5158,5271,repeatedly,-11.1008,1,0,1,0,ADV,0,0,,,,,0,0,E10K,SCOWL60_STABLE_2020.12.07+WN3.1
5159,5272,requiring,-11.1008,1,0,1,0,,0,0,,,,,0,0,E10K,SCOWL60_STABLE_2020.12.07+WN3.1
5160,5273,resolve,-11.1008,1,1,1,0,N|V,1,1,,,,resolved,0,1,E10K,SCOWL60_STABLE_2020.12.07+WN3.1
5161,5274,restored,-11.1008,1,0,1,0,,1,0,,restore,,,1,0,E10K,SCOWL60_STABLE_2020.12.07+WN3.1
5162,5275,retain,-11.1008,1,1,0,0,V,1,1,,,,retains,0,1,E10K,SCOWL60_STABLE_2020.12.07+WN3.1
5163,5276,revenues,-11.1008,1,0,1,0,,1,0,,revenue,,,1,0,E10K,SCOWL60_STABLE_2020.12.07+WN3.1
5164,5277,robot,-11.1008,1,1,0,0,N,1,1,,,,robots,0,1,E10K,SCOWL60_STABLE_2020.12.07+WN3.1
5165,5278,shocked,-11.1008,1,0,1,0,ADJ,0,0,,,,,0,0,E10K,SCOWL60_STABLE_2020.12.07+WN3.1
5166,5279,sorts,-11.1008,1,0,1,0,,1,0,,sort,,,1,0,E10K,SCOWL60_STABLE_2020.12.07+WN3.1
5167,5280,stocks,-11.1008,1,0,1,0,N,1,0,,stock,,,1,0,E10K,SCOWL60_STABLE_2020.12.07+WN3.1
5168,5281,stole,-11.1008,1,1,0,0,N,1,1,,,,stolen,0,1,E10K,SCOWL60_STABLE_2020.12.07+WN3.1
5169,5282,suite,-11.1008,1,1,0,0,N,1,1,,suit,,suited;suites,1,2,E10K,SCOWL60_STABLE_2020.12.07+WN3.1
5170,5283,syrian,-11.1008,0,0,0,0,N|ADJ,0,0,,,,,0,0,E10K,SCOWL60_STABLE_2020.12.07+WN3.1
5171,5284,throne,-11.1008,1,1,0,0,N|V,1,1,,,,thrones,0,1,E10K,SCOWL60_STABLE_2020.12.07+WN3.1
5172,5285,thunder,-11.1008,1,1,0,0,N|V,0,0,,,,,0,0,E10K,SCOWL60_STABLE_2020.12.07+WN3.1
5173,5286,ton,-11.1008,1,1,0,0,N,1,1,on,to,,tony;tone;tons,2,3,E10K,SCOWL60_STABLE_2020.12.07+WN3.1
5174,5287,tragedy,-11.1008,1,1,0,0,N,0,0,,,,,0,0,E10K,SCOWL60_STABLE_2020.12.07+WN3.1
5175,5288,transaction,-11.1008,1,1,0,0,N,1,1,,,,transactions,0,1,E10K,SCOWL60_STABLE_2020.12.07+WN3.1
5176,5289,vi,-11.1008,1,1,0,0,N|ADJ,1,1,i,,xvi,via;vii;vie,1,4,E10K,SCOWL60_STABLE_2020.12.07+WN3.1
5177,5290,victor,-11.1008,1,1,0,0,N,1,1,,,,victory,0,1,E10K,SCOWL60_STABLE_2020.12.07+WN3.1
5178,5291,warned,-11.1008,1,0,1,0,,0,0,,,,,0,0,E10K,SCOWL60_STABLE_2020.12.07+WN3.1
5179,5292,wells,-11.1008,1,0,1,0,N,1,0,,well,,,1,0,E10K,SCOWL60_STABLE_2020.12.07+WN3.1
5180,5293,woke,-11.1008,1,1,0,0,,1,1,,,,woken,0,1,E10K,SCOWL60_STABLE_2020.12.07+WN3.1
5181,5294,yield,-11.1008,1,1,0,0,N|V,1,1,,,,yields,0,1,E10K,SCOWL60_STABLE_2020.12.07+WN3.1
5182,5296,accepting,-11.1209,1,0,1,0,ADJ,0,0,,,,,0,0,E10K,SCOWL60_STABLE_2020.12.07+WN3.1
5183,5297,accessible,-11.1209,1,1,0,0,ADJ,0,0,,,,,0,0,E10K,SCOWL60_STABLE_2020.12.07+WN3.1
5184,5298,activists,-11.1209,1,0,1,0,,1,0,,activist,,,1,0,E10K,SCOWL60_STABLE_2020.12.07+WN3.1
5185,5299,adoption,-11.1209,1,1,0,0,N,0,0,,,,,0,0,E10K,SCOWL60_STABLE_2020.12.07+WN3.1
5186,5300,annually,-11.1209,1,0,1,0,ADV,0,0,,,,,0,0,E10K,SCOWL60_STABLE_2020.12.07+WN3.1
5187,5301,appreciated,-11.1209,1,1,1,0,ADJ,1,0,,appreciate,,,1,0,E10K,SCOWL60_STABLE_2020.12.07+WN3.1
5188,5302,auction,-11.1209,1,1,0,0,N|V,1,1,,,,auctions,0,1,E10K,SCOWL60_STABLE_2020.12.07+WN3.1
5189,5303,barrier,-11.1209,1,1,0,0,N,1,1,,,,barriers,0,1,E10K,SCOWL60_STABLE_2020.12.07+WN3.1
5190,5304,beijing,-11.1209,0,0,0,0,N,0,0,,,,,0,0,E10K,SCOWL60_STABLE_2020.12.07+WN3.1
5191,5305,bin,-11.1209,1,1,0,0,N|V,1,1,in,bi,,bind;bins,2,2,E10K,SCOWL60_STABLE_2020.12.07+WN3.1
5192,5306,blowing,-11.1209,1,0,1,0,N,0,0,,,,,0,0,E10K,SCOWL60_STABLE_2020.12.07+WN3.1
5193,5307,ceiling,-11.1209,1,1,0,0,N,1,1,,,,ceilings,0,1,E10K,SCOWL60_STABLE_2020.12.07+WN3.1
5194,5308,cents,-11.1209,1,0,1,0,,1,0,,cent,,,1,0,E10K,SCOWL60_STABLE_2020.12.07+WN3.1
5195,5309,chaos,-11.1209,1,1,0,0,N,0,0,,,,,0,0,E10K,SCOWL60_STABLE_2020.12.07+WN3.1
5196,5310,cheers,-11.1209,1,0,1,0,,1,0,,cheer,,,1,0,E10K,SCOWL60_STABLE_2020.12.07+WN3.1
5197,5311,chips,-11.1209,1,0,1,0,N,1,0,hips,chip,,,2,0,E10K,SCOWL60_STABLE_2020.12.07+WN3.1
5198,5312,christopher,-11.1209,0,0,0,0,N,0,0,,,,,0,0,E10K,SCOWL60_STABLE_2020.12.07+WN3.1
5199,5314,clinic,-11.1209,1,1,0,0,N,1,1,,,,clinics,0,1,E10K,SCOWL60_STABLE_2020.12.07+WN3.1
5200,5315,collecting,-11.1209,1,0,1,0,N,0,0,,,,,0,0,E10K,SCOWL60_STABLE_2020.12.07+WN3.1
5201,5316,commentary,-11.1209,1,1,0,0,N,0,0,,,,,0,0,E10K,SCOWL60_STABLE_2020.12.07+WN3.1
5202,5317,compromise,-11.1209,1,1,0,0,N|V,1,1,,,,compromised;compromises,0,2,E10K,SCOWL60_STABLE_2020.12.07+WN3.1
5203,5318,creature,-11.1209,1,1,0,0,N,1,1,,,,creatures,0,1,E10K,SCOWL60_STABLE_2020.12.07+WN3.1
5204,5319,defeated,-11.1209,1,1,1,0,N|ADJ,0,0,,,,,0,0,E10K,SCOWL60_STABLE_2020.12.07+WN3.1
5205,5320,delhi,-11.1209,0,0,0,0,N,0,0,,,,,0,0,E10K,SCOWL60_STABLE_2020.12.07+WN3.1
5206,5321,destiny,-11.1209,1,1,0,0,N,0,0,,,,,0,0,E10K,SCOWL60_STABLE_2020.12.07+WN3.1
5207,5322,diabetes,-11.1209,1,1,0,0,N,0,0,,,,,0,0,E10K,SCOWL60_STABLE_2020.12.07+WN3.1
5208,5323,dirt,-11.1209,1,1,0,0,N|ADJ,1,1,,,,dirty,0,1,E10K,SCOWL60_STABLE_2020.12.07+WN3.1
5209,5324,dismissed,-11.1209,1,0,1,0,ADJ,0,0,,,,,0,0,E10K,SCOWL60_STABLE_2020.12.07+WN3.1
5210,5325,duration,-11.1209,1,1,0,0,N,0,0,,,,,0,0,E10K,SCOWL60_STABLE_2020.12.07+WN3.1
5211,5326,emma,-11.1209,0,0,0,0,,0,0,,,,,0,0,E10K,SCOWL60_STABLE_2020.12.07+WN3.1
5212,5327,ep,-11.1209,0,0,0,0,,0,0,,,,,0,0,E10K,SCOWL60_STABLE_2020.12.07+WN3.1
5213,5328,excessive,-11.1209,1,1,1,0,ADJ,0,0,,,,,0,0,E10K,SCOWL60_STABLE_2020.12.07+WN3.1
5214,5329,expanding,-11.1209,1,0,1,0,,0,0,,,,,0,0,E10K,SCOWL60_STABLE_2020.12.07+WN3.1
5215,5330,experiments,-11.1209,1,0,1,0,,1,0,,experiment,,,1,0,E10K,SCOWL60_STABLE_2020.12.07+WN3.1
5216,5331,exploration,-11.1209,1,1,0,0,N,0,0,,,,,0,0,E10K,SCOWL60_STABLE_2020.12.07+WN3.1
5217,5332,fighters,-11.1209,1,0,1,0,,1,0,,fighter,,,1,0,E10K,SCOWL60_STABLE_2020.12.07+WN3.1
5218,5333,filling,-11.1209,1,1,1,0,N,0,0,,,,,0,0,E10K,SCOWL60_STABLE_2020.12.07+WN3.1
5219,5334,floating,-11.1209,1,0,1,0,N|ADJ,0,0,,,,,0,0,E10K,SCOWL60_STABLE_2020.12.07+WN3.1
5220,5335,forcing,-11.1209,1,0,1,0,,0,0,,,,,0,0,E10K,SCOWL60_STABLE_2020.12.07+WN3.1
5221,5336,fred,-11.1209,0,0,0,0,,0,0,,,,,0,0,E10K,SCOWL60_STABLE_2020.12.07+WN3.1
5222,5337,genre,-11.1209,1,1,0,0,N,1,1,,,,genres,0,1,E10K,SCOWL60_STABLE_2020.12.07+WN3.1
5223,5338,habits,-11.1209,1,0,1,0,,1,0,,habit,,,1,0,E10K,SCOWL60_STABLE_2020.12.07+WN3.1
5224,5339,hammer,-11.1209,1,1,0,0,N|V,1,1,,,,hammers,0,1,E10K,SCOWL60_STABLE_2020.12.07+WN3.1
5225,5340,hosting,-11.1209,1,0,1,0,,0,0,,,,,0,0,E10K,SCOWL60_STABLE_2020.12.07+WN3.1
5226,5341,households,-11.1209,1,0,1,0,,1,0,,household,,,1,0,E10K,SCOWL60_STABLE_2020.12.07+WN3.1
5227,5342,illinois,-11.1209,0,0,0,0,N,0,0,,,,,0,0,E10K,SCOWL60_STABLE_2020.12.07+WN3.1
5228,5343,incorporated,-11.1209,1,1,1,0,ADJ,1,0,,incorporate,,,1,0,E10K,SCOWL60_STABLE_2020.12.07+WN3.1
5229,5344,infinite,-11.1209,1,1,1,0,N|ADJ,0,0,,,,,0,0,E10K,SCOWL60_STABLE_2020.12.07+WN3.1
5230,5345,ken,-11.1209,1,1,0,0,N,1,0,en,,,,1,0,E10K,SCOWL60_STABLE_2020.12.07+WN3.1
5231,5346,kg,-11.1209,1,1,0,0,N,0,0,,,,,0,0,E10K,SCOWL60_STABLE_2020.12.07+WN3.1
5232,5347,khan,-11.1209,1,1,0,0,N,0,0,,,,,0,0,E10K,SCOWL60_STABLE_2020.12.07+WN3.1
5233,5348,laptop,-11.1209,1,1,0,0,N,1,1,,,,laptops,0,1,E10K,SCOWL60_STABLE_2020.12.07+WN3.1
5234,5349,leaf,-11.1209,1,1,0,0,N|V,1,1,,lea,,leafs,1,1,E10K,SCOWL60_STABLE_2020.12.07+WN3.1
5235,5350,lesser,-11.1209,1,0,1,0,ADJ,0,0,,,,,0,0,E10K,SCOWL60_STABLE_2020.12.07+WN3.1
5236,5351,loads,-11.1209,1,0,1,0,N,1,0,,load,,,1,0,E10K,SCOWL60_STABLE_2020.12.07+WN3.1
5237,5352,mediterranean,-11.1209,0,0,0,0,N|ADJ,0,0,,,,,0,0,E10K,SCOWL60_STABLE_2020.12.07+WN3.1
5238,5353,miracle,-11.1209,1,1,0,0,N,1,1,,,,miracles,0,1,E10K,SCOWL60_STABLE_2020.12.07+WN3.1
5239,5354,mixture,-11.1209,1,1,0,0,N,1,1,,,,mixtures,0,1,E10K,SCOWL60_STABLE_2020.12.07+WN3.1
5240,5355,mo,-11.1209,1,1,0,0,N,1,1,,,,mom;mob;mod;moi;mop;mos,0,6,E10K,SCOWL60_STABLE_2020.12.07+WN3.1
5241,5356,nazi,-11.1209,0,0,0,0,N|ADJ,0,0,,,,,0,0,E10K,SCOWL60_STABLE_2020.12.07+WN3.1
5242,5357,organised,-11.1209,0,0,0,0,ADJ,0,0,,,,,0,0,E10K,SCOWL60_STABLE_2020.12.07+WN3.1
5243,5358,password,-11.1209,1,1,0,0,N,1,1,,,,passwords,0,1,E10K,SCOWL60_STABLE_2020.12.07+WN3.1
5244,5359,pilots,-11.1209,1,0,1,0,,1,0,,pilot,,,1,0,E10K,SCOWL60_STABLE_2020.12.07+WN3.1
5245,5360,piss,-11.1209,1,1,0,0,N|V,0,0,,,,,0,0,E10K,SCOWL60_STABLE_2020.12.07+WN3.1
5246,5361,poster,-11.1209,1,1,1,0,N,1,1,,,,posters,0,1,E10K,SCOWL60_STABLE_2020.12.07+WN3.1
5247,5362,practically,-11.1209,1,0,1,0,ADV,0,0,,,,,0,0,E10K,SCOWL60_STABLE_2020.12.07+WN3.1
5248,5363,prayers,-11.1209,1,0,1,0,,1,0,,prayer,,,1,0,E10K,SCOWL60_STABLE_2020.12.07+WN3.1
5249,5364,priests,-11.1209,1,0,1,0,,1,0,,priest,,,1,0,E10K,SCOWL60_STABLE_2020.12.07+WN3.1
5250,5365,productivity,-11.1209,1,1,0,0,N,0,0,,,,,0,0,E10K,SCOWL60_STABLE_2020.12.07+WN3.1
5251,5366,profession,-11.1209,1,1,0,0,N,1,1,,,,professions,0,1,E10K,SCOWL60_STABLE_2020.12.07+WN3.1
5252,5367,promoted,-11.1209,1,0,1,0,,1,0,,promote,,,1,0,E10K,SCOWL60_STABLE_2020.12.07+WN3.1
5253,5368,protocol,-11.1209,1,1,0,0,N,1,1,,,,protocols,0,1,E10K,SCOWL60_STABLE_2020.12.07+WN3.1
5254,5369,raid,-11.1209,1,1,0,0,N|V,1,1,aid,,,raids,1,1,E10K,SCOWL60_STABLE_2020.12.07+WN3.1
5255,5370,regulatory,-11.1209,1,1,0,0,ADJ,1,0,,regulator,,,1,0,E10K,SCOWL60_STABLE_2020.12.07+WN3.1
5256,5371,reign,-11.1209,1,1,0,0,N|V,1,1,,,,reigns,0,1,E10K,SCOWL60_STABLE_2020.12.07+WN3.1
5257,5372,reminded,-11.1209,1,0,1,0,,0,0,,,,,0,0,E10K,SCOWL60_STABLE_2020.12.07+WN3.1
5258,5373,revised,-11.1209,1,0,1,0,ADJ,1,0,,revise,,,1,0,E10K,SCOWL60_STABLE_2020.12.07+WN3.1
5259,5374,rifle,-11.1209,1,1,0,0,N|V,1,1,,,,rifles,0,1,E10K,SCOWL60_STABLE_2020.12.07+WN3.1
5260,5375,rip,-11.1209,1,1,0,0,N|V,1,1,,,trip;grip;drip,ripe,0,4,E10K,SCOWL60_STABLE_2020.12.07+WN3.1
5261,5376,rival,-11.1209,1,1,0,0,N|V,1,1,,,,rivals,0,1,E10K,SCOWL60_STABLE_2020.12.07+WN3.1
5262,5377,robinson,-11.1209,0,0,0,0,N,0,0,,,,,0,0,E10K,SCOWL60_STABLE_2020.12.07+WN3.1
5263,5378,rolled,-11.1209,1,0,1,0,ADJ,0,0,,,,,0,0,E10K,SCOWL60_STABLE_2020.12.07+WN3.1
5264,5379,rolls,-11.1209,1,0,1,0,,1,1,,roll,trolls,,1,1,E10K,SCOWL60_STABLE_2020.12.07+WN3.1
5265,5380,samuel,-11.1209,0,0,0,0,N,0,0,,,,,0,0,E10K,SCOWL60_STABLE_2020.12.07+WN3.1
5266,5381,sentences,-11.1209,1,0,1,0,,1,0,,sentence,,,1,0,E10K,SCOWL60_STABLE_2020.12.07+WN3.1
5267,5382,servants,-11.1209,1,0,1,0,,1,0,,servant,,,1,0,E10K,SCOWL60_STABLE_2020.12.07+WN3.1
5268,5383,simultaneously,-11.1209,1,0,1,0,ADV,0,0,,,,,0,0,E10K,SCOWL60_STABLE_2020.12.07+WN3.1
5269,5384,specified,-11.1209,1,1,1,0,ADJ,0,0,,,,,0,0,E10K,SCOWL60_STABLE_2020.12.07+WN3.1
5270,5385,spy,-11.1209,1,1,0,0,N|V,0,0,,,,,0,0,E10K,SCOWL60_STABLE_2020.12.07+WN3.1
5271,5386,stealing,-11.1209,1,0,1,0,N,0,0,,,,,0,0,E10K,SCOWL60_STABLE_2020.12.07+WN3.1
5272,5387,substitute,-11.1209,1,1,0,0,N|V|ADJ,1,1,,,,substituted;substitutes,0,2,E10K,SCOWL60_STABLE_2020.12.07+WN3.1
5273,5388,swift,-11.1209,1,1,0,0,N|ADJ,0,0,,,,,0,0,E10K,SCOWL60_STABLE_2020.12.07+WN3.1
5274,5389,swim,-11.1209,1,1,0,0,N|V,0,0,,,,,0,0,E10K,SCOWL60_STABLE_2020.12.07+WN3.1
5275,5390,teen,-11.1209,1,1,0,0,N|ADJ,1,1,,tee,,teens,1,1,E10K,SCOWL60_STABLE_2020.12.07+WN3.1
5276,5391,theft,-11.1209,1,1,0,0,N,0,0,,,,,0,0,E10K,SCOWL60_STABLE_2020.12.07+WN3.1
5277,5392,toxic,-11.1209,1,1,0,0,ADJ,0,0,,,,,0,0,E10K,SCOWL60_STABLE_2020.12.07+WN3.1
5278,5393,trapped,-11.1209,1,1,0,0,ADJ,1,1,,,strapped,,0,1,E10K,SCOWL60_STABLE_2020.12.07+WN3.1
5279,5394,trucks,-11.1209,1,0,1,0,,1,0,,truck,,,1,0,E10K,SCOWL60_STABLE_2020.12.07+WN3.1
5280,5395,twist,-11.1209,1,1,0,0,N|V,1,1,,,,twists,0,1,E10K,SCOWL60_STABLE_2020.12.07+WN3.1
5281,5396,urgent,-11.1209,1,1,0,0,ADJ,0,0,,,,,0,0,E10K,SCOWL60_STABLE_2020.12.07+WN3.1
5282,5397,va,-11.1209,0,0,0,0,N,0,0,,,,,0,0,E10K,SCOWL60_STABLE_2020.12.07+WN3.1
5283,5398,wasted,-11.1209,1,0,1,0,ADJ,1,0,,waste,,,1,0,E10K,SCOWL60_STABLE_2020.12.07+WN3.1
5284,5401,aboard,-11.1414,1,1,0,0,ADV,1,0,board,,,,1,0,E10K,SCOWL60_STABLE_2020.12.07+WN3.1
5285,5402,acknowledged,-11.1414,1,1,1,0,ADJ,1,0,,acknowledge,,,1,0,E10K,SCOWL60_STABLE_2020.12.07+WN3.1
5286,5403,affects,-11.1414,1,0,1,0,,1,0,,affect,,,1,0,E10K,SCOWL60_STABLE_2020.12.07+WN3.1
5287,5404,agreements,-11.1414,1,0,1,0,,1,0,,agreement,,,1,0,E10K,SCOWL60_STABLE_2020.12.07+WN3.1
5288,5405,associations,-11.1414,1,1,0,0,,1,0,,association,,,1,0,E10K,SCOWL60_STABLE_2020.12.07+WN3.1
5289,5406,attributed,-11.1414,1,1,1,0,,1,0,,attribute,,,1,0,E10K,SCOWL60_STABLE_2020.12.07+WN3.1
5290,5407,battles,-11.1414,1,0,1,0,,1,0,,battle,,,1,0,E10K,SCOWL60_STABLE_2020.12.07+WN3.1
5291,5408,believing,-11.1414,1,1,1,0,N,0,0,,,,,0,0,E10K,SCOWL60_STABLE_2020.12.07+WN3.1
5292,5409,biology,-11.1414,1,1,0,0,N,0,0,,,,,0,0,E10K,SCOWL60_STABLE_2020.12.07+WN3.1
5293,5410,boundary,-11.1414,1,1,0,0,N,0,0,,,,,0,0,E10K,SCOWL60_STABLE_2020.12.07+WN3.1
5294,5411,boxing,-11.1414,1,1,1,0,N,0,0,,,,,0,0,E10K,SCOWL60_STABLE_2020.12.07+WN3.1
5295,5412,brooklyn,-11.1414,0,0,0,0,N,0,0,,,,,0,0,E10K,SCOWL60_STABLE_2020.12.07+WN3.1
5296,5413,brush,-11.1414,1,1,0,0,N|V,1,0,rush,,,,1,0,E10K,SCOWL60_STABLE_2020.12.07+WN3.1
5297,5414,brussels,-11.1414,0,0,0,0,N,0,0,,,,,0,0,E10K,SCOWL60_STABLE_2020.12.07+WN3.1
5298,5415,burst,-11.1414,1,1,0,0,N|V,1,1,,,,bursts,0,1,E10K,SCOWL60_STABLE_2020.12.07+WN3.1
5299,5416,cabin,-11.1414,1,1,0,0,N|V,1,1,,,,cabins,0,1,E10K,SCOWL60_STABLE_2020.12.07+WN3.1
5300,5417,casino,-11.1414,1,1,0,0,N,1,1,,,,casinos,0,1,E10K,SCOWL60_STABLE_2020.12.07+WN3.1
5301,5418,certificate,-11.1414,1,1,0,0,N|V,1,1,,,,certificates,0,1,E10K,SCOWL60_STABLE_2020.12.07+WN3.1
5302,5419,charlotte,-11.1414,0,0,0,0,N,0,0,,,,,0,0,E10K,SCOWL60_STABLE_2020.12.07+WN3.1
5303,5420,clip,-11.1414,1,1,0,0,N|V,1,1,lip,,,clips,1,1,E10K,SCOWL60_STABLE_2020.12.07+WN3.1
5304,5421,coaches,-11.1414,1,0,1,0,,0,0,,,,,0,0,E10K,SCOWL60_STABLE_2020.12.07+WN3.1
5305,5422,cole,-11.1414,0,0,0,0,N,0,0,,,,,0,0,E10K,SCOWL60_STABLE_2020.12.07+WN3.1
5306,5423,colours,-11.1414,0,0,0,0,N,0,0,,,,,0,0,E10K,SCOWL60_STABLE_2020.12.07+WN3.1
5307,5424,compound,-11.1414,1,1,0,0,N|V|ADJ,1,1,,,,compounds,0,1,E10K,SCOWL60_STABLE_2020.12.07+WN3.1
5308,5425,consensus,-11.1414,1,1,0,0,N,0,0,,,,,0,0,E10K,SCOWL60_STABLE_2020.12.07+WN3.1
5309,5426,contacts,-11.1414,1,0,1,0,,1,0,,contact,,,1,0,E10K,SCOWL60_STABLE_2020.12.07+WN3.1
5310,5427,continent,-11.1414,1,1,0,0,N|ADJ,1,1,,,,continents,0,1,E10K,SCOWL60_STABLE_2020.12.07+WN3.1
5311,5428,controller,-11.1414,1,1,0,0,N,1,1,,,,controllers,0,1,E10K,SCOWL60_STABLE_2020.12.07+WN3.1
5312,5429,decides,-11.1414,1,0,1,0,,1,0,,decide,,,1,0,E10K,SCOWL60_STABLE_2020.12.07+WN3.1
5313,5430,deleted,-11.1414,1,0,1,0,,1,0,,delete,,,1,0,E10K,SCOWL60_STABLE_2020.12.07+WN3.1
5314,5431,demanded,-11.1414,1,0,1,0,,0,0,,,,,0,0,E10K,SCOWL60_STABLE_2020.12.07+WN3.1
5315,5432,deposit,-11.1414,1,1,0,0,N|V,1,1,,,,deposits,0,1,E10K,SCOWL60_STABLE_2020.12.07+WN3.1
5316,5433,disgusting,-11.1414,1,1,1,0,ADJ,0,0,,,,,0,0,E10K,SCOWL60_STABLE_2020.12.07+WN3.1
5317,5434,dish,-11.1414,1,1,0,0,N|V,1,0,,dis,,,1,0,E10K,SCOWL60_STABLE_2020.12.07+WN3.1
5318,5435,distinction,-11.1414,1,1,0,0,N,1,1,,,,distinctions,0,1,E10K,SCOWL60_STABLE_2020.12.07+WN3.1
5319,5436,eagles,-11.1414,1,0,1,0,,1,0,,eagle,,,1,0,E10K,SCOWL60_STABLE_2020.12.07+WN3.1
5320,5437,earl,-11.1414,1,1,0,0,N,1,1,,ear,pearl,early,1,2,E10K,SCOWL60_STABLE_2020.12.07+WN3.1
5321,5438,elderly,-11.1414,1,0,1,0,N|ADJ,0,0,,,,,0,0,E10K,SCOWL60_STABLE_2020.12.07+WN3.1
5322,5439,emotion,-11.1414,1,1,1,0,N,1,1,motion,,,emotions,1,1,E10K,SCOWL60_STABLE_2020.12.07+WN3.1
5323,5440,encouraging,-11.1414,1,1,1,0,ADJ,0,0,,,,,0,0,E10K,SCOWL60_STABLE_2020.12.07+WN3.1
5324,5441,essay,-11.1414,1,1,0,0,N|V,1,1,,,,essays,0,1,E10K,SCOWL60_STABLE_2020.12.07+WN3.1
5325,5442,feb,-11.1414,0,0,0,0,N,0,0,,,,,0,0,E10K,SCOWL60_STABLE_2020.12.07+WN3.1
5326,5443,fifteen,-11.1414,1,1,0,0,N|ADJ,0,0,,,,,0,0,E10K,SCOWL60_STABLE_2020.12.07+WN3.1
5327,5444,fires,-11.1414,1,0,1,0,,1,0,,fire,,,1,0,E10K,SCOWL60_STABLE_2020.12.07+WN3.1
5328,5445,franklin,-11.1414,0,0,0,0,N,0,0,,,,,0,0,E10K,SCOWL60_STABLE_2020.12.07+WN3.1
5329,5446,helen,-11.1414,0,0,0,0,N,0,0,,,,,0,0,E10K,SCOWL60_STABLE_2020.12.07+WN3.1
5330,5447,humor,-11.1414,1,1,0,0,N|V,0,0,,,,,0,0,E10K,SCOWL60_STABLE_2020.12.07+WN3.1
5331,5448,implement,-11.1414,1,1,0,0,N|V,1,1,,,,implements,0,1,E10K,SCOWL60_STABLE_2020.12.07+WN3.1
5332,5449,inflation,-11.1414,1,1,0,0,N,0,0,,,,,0,0,E10K,SCOWL60_STABLE_2020.12.07+WN3.1
5333,5450,install,-11.1414,1,1,0,0,V,0,0,,,,,0,0,E10K,SCOWL60_STABLE_2020.12.07+WN3.1
5334,5451,invented,-11.1414,1,0,1,0,,0,0,,,,,0,0,E10K,SCOWL60_STABLE_2020.12.07+WN3.1
5335,5452,jose,-11.1414,0,0,0,0,,0,0,,,,,0,0,E10K,SCOWL60_STABLE_2020.12.07+WN3.1
5336,5453,justify,-11.1414,1,1,0,0,V,0,0,,,,,0,0,E10K,SCOWL60_STABLE_2020.12.07+WN3.1
5337,5454,laying,-11.1414,1,0,1,0,N,1,1,,,playing;slaying,,0,2,E10K,SCOWL60_STABLE_2020.12.07+WN3.1
5338,5455,lit,-11.1414,1,1,0,0,N|ADJ,1,1,it,,slit,lite,1,2,E10K,SCOWL60_STABLE_2020.12.07+WN3.1
5339,5456,maker,-11.1414,1,1,0,0,N,1,1,,make,,makers,1,1,E10K,SCOWL60_STABLE_2020.12.07+WN3.1
5340,5457,marathon,-11.1414,1,1,0,0,N,0,0,,,,,0,0,E10K,SCOWL60_STABLE_2020.12.07+WN3.1
5341,5458,medication,-11.1414,1,1,1,0,N,1,1,,,,medications,0,1,E10K,SCOWL60_STABLE_2020.12.07+WN3.1
5342,5459,migration,-11.1414,1,1,0,0,N,1,1,,,emigration,,0,1,E10K,SCOWL60_STABLE_2020.12.07+WN3.1
5343,5460,milan,-11.1414,0,0,0,0,N,0,0,,,,,0,0,E10K,SCOWL60_STABLE_2020.12.07+WN3.1
5344,5461,nov,-11.1414,0,0,0,0,N,0,0,,,,,0,0,E10K,SCOWL60_STABLE_2020.12.07+WN3.1
5345,5462,operators,-11.1414,1,0,1,0,,1,0,,operator,,,1,0,E10K,SCOWL60_STABLE_2020.12.07+WN3.1
5346,5463,ours,-11.1414,1,0,1,0,,1,1,,our,hours;yours;tours,,1,3,E10K,SCOWL60_STABLE_2020.12.07+WN3.1
5347,5464,peer,-11.1414,1,1,1,0,N|V,1,1,,pee,,peers,1,1,E10K,SCOWL60_STABLE_2020.12.07+WN3.1
5348,5465,photographer,-11.1414,1,1,1,0,N,1,1,,,,photographers,0,1,E10K,SCOWL60_STABLE_2020.12.07+WN3.1
5349,5466,qualify,-11.1414,1,1,0,0,V,0,0,,,,,0,0,E10K,SCOWL60_STABLE_2020.12.07+WN3.1
5350,5467,ratings,-11.1414,1,0,1,0,,1,0,,rating,,,1,0,E10K,SCOWL60_STABLE_2020.12.07+WN3.1
5351,5468,realistic,-11.1414,1,1,0,0,ADJ,0,0,,,,,0,0,E10K,SCOWL60_STABLE_2020.12.07+WN3.1
5352,5469,recipe,-11.1414,1,1,0,0,N,1,1,,,,recipes,0,1,E10K,SCOWL60_STABLE_2020.12.07+WN3.1
5353,5470,reserved,-11.1414,1,1,1,0,ADJ,1,1,,reserve,preserved,,1,1,E10K,SCOWL60_STABLE_2020.12.07+WN3.1
5354,5471,respected,-11.1414,1,0,1,0,ADJ,0,0,,,,,0,0,E10K,SCOWL60_STABLE_2020.12.07+WN3.1
5355,5472,respective,-11.1414,1,1,1,0,ADJ,0,0,,,,,0,0,E10K,SCOWL60_STABLE_2020.12.07+WN3.1
5356,5473,reviewed,-11.1414,1,0,1,0,,0,0,,,,,0,0,E10K,SCOWL60_STABLE_2020.12.07+WN3.1
5357,5474,sandy,-11.1414,1,1,0,0,ADJ,1,0,,sand,,,1,0,E10K,SCOWL60_STABLE_2020.12.07+WN3.1
5358,5475,sentenced,-11.1414,1,0,1,0,,1,0,,sentence,,,1,0,E10K,SCOWL60_STABLE_2020.12.07+WN3.1
5359,5476,servant,-11.1414,1,1,0,0,N,1,1,,,,servants,0,1,E10K,SCOWL60_STABLE_2020.12.07+WN3.1
5360,5477,shirts,-11.1414,1,0,1,0,,1,0,,shirt,,,1,0,E10K,SCOWL60_STABLE_2020.12.07+WN3.1
5361,5478,shoe,-11.1414,1,1,0,0,N|V,1,1,,,,shoes,0,1,E10K,SCOWL60_STABLE_2020.12.07+WN3.1
5362,5479,sizes,-11.1414,1,0,1,0,,1,0,,size,,,1,0,E10K,SCOWL60_STABLE_2020.12.07+WN3.1
5363,5480,sony,-11.1414,0,0,0,0,,0,0,,,,,0,0,E10K,SCOWL60_STABLE_2020.12.07+WN3.1
5364,5481,sue,-11.1414,1,1,0,0,N|V,1,1,,,,sued,0,1,E10K,SCOWL60_STABLE_2020.12.07+WN3.1
5365,5482,sustainable,-11.1414,1,1,1,0,ADJ,0,0,,,,,0,0,E10K,SCOWL60_STABLE_2020.12.07+WN3.1
5366,5483,tl,-11.1414,0,0,0,0,N,0,0,,,,,0,0,E10K,SCOWL60_STABLE_2020.12.07+WN3.1
5367,5484,uncomfortable,-11.1414,1,1,0,0,ADJ,0,0,,,,,0,0,E10K,SCOWL60_STABLE_2020.12.07+WN3.1
5368,5485,upgrade,-11.1414,1,1,0,0,N|V,1,1,,,,upgraded;upgrades,0,2,E10K,SCOWL60_STABLE_2020.12.07+WN3.1
5369,5486,vincent,-11.1414,0,0,0,0,,0,0,,,,,0,0,E10K,SCOWL60_STABLE_2020.12.07+WN3.1
5370,5487,violation,-11.1414,1,1,1,0,N,1,1,,,,violations,0,1,E10K,SCOWL60_STABLE_2020.12.07+WN3.1
5371,5488,warren,-11.1414,1,1,0,0,N,0,0,,,,,0,0,E10K,SCOWL60_STABLE_2020.12.07+WN3.1
5372,5489,warrior,-11.1414,1,1,0,0,N,1,1,,,,warriors,0,1,E10K,SCOWL60_STABLE_2020.12.07+WN3.1
5373,5490,worries,-11.1414,1,0,1,0,,0,0,,,,,0,0,E10K,SCOWL60_STABLE_2020.12.07+WN3.1
5374,5492,acknowledge,-11.1693,1,1,0,0,V,1,1,,,,acknowledged;acknowledges,0,2,E10K,SCOWL60_STABLE_2020.12.07+WN3.1
5375,5493,anonymous,-11.1693,1,1,0,0,ADJ,0,0,,,,,0,0,E10K,SCOWL60_STABLE_2020.12.07+WN3.1
5376,5494,antonio,-11.1693,0,0,0,0,,0,0,,,,,0,0,E10K,SCOWL60_STABLE_2020.12.07+WN3.1
5377,5495,arrow,-11.1693,1,1,0,0,N,1,1,,,narrow;marrow;barrow,arrows,0,4,E10K,SCOWL60_STABLE_2020.12.07+WN3.1
5378,5496,assignment,-11.1693,1,1,1,0,N,1,1,,,,assignments,0,1,E10K,SCOWL60_STABLE_2020.12.07+WN3.1
5379,5497,aw,-11.1693,1,1,0,0,,1,1,,a,law;saw;raw;jaw;paw,awe,1,6,E10K,SCOWL60_STABLE_2020.12.07+WN3.1
5380,5498,awake,-11.1693,1,1,0,0,V|ADJ,1,1,wake,,,awaken,1,1,E10K,SCOWL60_STABLE_2020.12.07+WN3.1
5381,5499,backup,-11.1693,1,1,0,0,N,0,0,,,,,0,0,E10K,SCOWL60_STABLE_2020.12.07+WN3.1
5382,5500,beloved,-11.1693,1,1,0,0,N|ADJ,0,0,,,,,0,0,E10K,SCOWL60_STABLE_2020.12.07+WN3.1
5383,5501,benjamin,-11.1693,0,0,0,0,N,0,0,,,,,0,0,E10K,SCOWL60_STABLE_2020.12.07+WN3.1
5384,5502,bias,-11.1693,1,1,0,0,N|V|ADJ,0,0,,,,,0,0,E10K,SCOWL60_STABLE_2020.12.07+WN3.1
5385,5503,bits,-11.1693,1,0,1,0,,1,0,its,bit,,,2,0,E10K,SCOWL60_STABLE_2020.12.07+WN3.1
5386,5504,bottles,-11.1693,1,0,1,0,,1,0,,bottle,,,1,0,E10K,SCOWL60_STABLE_2020.12.07+WN3.1
5387,5505,certified,-11.1693,1,0,1,0,ADJ,0,0,,,,,0,0,E10K,SCOWL60_STABLE_2020.12.07+WN3.1
5388,5506,civilians,-11.1693,1,0,1,0,,1,0,,civilian,,,1,0,E10K,SCOWL60_STABLE_2020.12.07+WN3.1
5389,5507,cleveland,-11.1693,0,0,0,0,N,0,0,,,,,0,0,E10K,SCOWL60_STABLE_2020.12.07+WN3.1
5390,5508,clue,-11.1693,1,1,0,0,N|V,1,1,,,,clues,0,1,E10K,SCOWL60_STABLE_2020.12.07+WN3.1
5391,5509,coin,-11.1693,1,1,0,0,N|V,1,1,,,,coins,0,1,E10K,SCOWL60_STABLE_2020.12.07+WN3.1
5392,5510,collections,-11.1693,1,0,1,0,,1,0,,collection,,,1,0,E10K,SCOWL60_STABLE_2020.12.07+WN3.1
5393,5511,consequence,-11.1693,1,1,0,0,N,1,1,,,,consequences,0,1,E10K,SCOWL60_STABLE_2020.12.07+WN3.1
5394,5512,craig,-11.1693,0,0,0,0,,0,0,,,,,0,0,E10K,SCOWL60_STABLE_2020.12.07+WN3.1
5395,5513,depressed,-11.1693,1,0,1,0,ADJ,0,0,,,,,0,0,E10K,SCOWL60_STABLE_2020.12.07+WN3.1
5396,5514,dining,-11.1693,1,0,1,0,N,0,0,,,,,0,0,E10K,SCOWL60_STABLE_2020.12.07+WN3.1
5397,5515,dj,-11.1693,0,0,0,0,N|V,0,0,,,,,0,0,E10K,SCOWL60_STABLE_2020.12.07+WN3.1
5398,5516,earnings,-11.1693,1,1,1,0,N,1,0,,earning,,,1,0,E10K,SCOWL60_STABLE_2020.12.07+WN3.1
5399,5517,farmer,-11.1693,1,1,1,0,N,1,1,,,,farmers,0,1,E10K,SCOWL60_STABLE_2020.12.07+WN3.1
5400,5518,gentleman,-11.1693,1,1,0,0,N,0,0,,,,,0,0,E10K,SCOWL60_STABLE_2020.12.07+WN3.1
5401,5519,glasgow,-11.1693,0,0,0,0,N,0,0,,,,,0,0,E10K,SCOWL60_STABLE_2020.12.07+WN3.1
5402,5520,goodness,-11.1693,1,1,1,0,N,0,0,,,,,0,0,E10K,SCOWL60_STABLE_2020.12.07+WN3.1
5403,5521,harper,-11.1693,0,0,0,0,N,0,0,,,,,0,0,E10K,SCOWL60_STABLE_2020.12.07+WN3.1
5404,5522,harsh,-11.1693,1,1,0,0,ADJ,0,0,,,,,0,0,E10K,SCOWL60_STABLE_2020.12.07+WN3.1
5405,5523,holder,-11.1693,1,1,1,0,N,1,1,older,,,holders,1,1,E10K,SCOWL60_STABLE_2020.12.07+WN3.1
5406,5524,horn,-11.1693,1,1,0,0,N|V,1,1,,,thorn,horns;horny,0,3,E10K,SCOWL60_STABLE_2020.12.07+WN3.1
5407,5525,instruction,-11.1693,1,1,0,0,N,1,1,,,,instructions,0,1,E10K,SCOWL60_STABLE_2020.12.07+WN3.1
5408,5526,intensity,-11.1693,1,1,1,0,N,0,0,,,,,0,0,E10K,SCOWL60_STABLE_2020.12.07+WN3.1
5409,5527,invested,-11.1693,1,0,1,0,,0,0,,,,,0,0,E10K,SCOWL60_STABLE_2020.12.07+WN3.1
5410,5528,invitation,-11.1693,1,1,0,0,N,1,1,,,,invitations,0,1,E10K,SCOWL60_STABLE_2020.12.07+WN3.1
5411,5529,iranian,-11.1693,0,0,0,0,N|ADJ,0,0,,,,,0,0,E10K,SCOWL60_STABLE_2020.12.07+WN3.1
5412,5530,jake,-11.1693,0,0,0,0,,0,0,,,,,0,0,E10K,SCOWL60_STABLE_2020.12.07+WN3.1
5413,5531,lap,-11.1693,1,1,0,0,N|V,1,1,,la,slap;flap;clap,laps,1,4,E10K,SCOWL60_STABLE_2020.12.07+WN3.1
5414,5532,lions,-11.1693,1,0,1,0,,1,0,ions,lion,,,2,0,E10K,SCOWL60_STABLE_2020.12.07+WN3.1
5415,5533,manufacturer,-11.1693,1,1,1,0,N,1,1,,manufacture,,manufacturers,1,1,E10K,SCOWL60_STABLE_2020.12.07+WN3.1
5416,5534,mere,-11.1693,1,1,0,0,N|ADJ,0,0,,,,,0,0,E10K,SCOWL60_STABLE_2020.12.07+WN3.1
5417,5535,mg,-11.1693,1,1,0,0,N,0,0,,,,,0,0,E10K,SCOWL60_STABLE_2020.12.07+WN3.1
5418,5536,mysterious,-11.1693,1,1,0,0,ADJ,0,0,,,,,0,0,E10K,SCOWL60_STABLE_2020.12.07+WN3.1
5419,5537,namely,-11.1693,1,1,0,0,ADV,0,0,,,,,0,0,E10K,SCOWL60_STABLE_2020.12.07+WN3.1
5420,5538,nova,-11.1693,1,1,0,0,N,0,0,,,,,0,0,E10K,SCOWL60_STABLE_2020.12.07+WN3.1
5421,5539,oregon,-11.1693,0,0,0,0,N,0,0,,,,,0,0,E10K,SCOWL60_STABLE_2020.12.07+WN3.1
5422,5540,orientation,-11.1693,1,1,1,0,N,0,0,,,,,0,0,E10K,SCOWL60_STABLE_2020.12.07+WN3.1
5423,5541,pairs,-11.1693,1,0,1,0,,1,0,airs,pair,,,2,0,E10K,SCOWL60_STABLE_2020.12.07+WN3.1
5424,5542,paragraph,-11.1693,1,1,0,0,N|V,1,1,,,,paragraphs,0,1,E10K,SCOWL60_STABLE_2020.12.07+WN3.1
5425,5543,portfolio,-11.1693,1,1,0,0,N,1,1,,,,portfolios,0,1,E10K,SCOWL60_STABLE_2020.12.07+WN3.1
5426,5544,preserved,-11.1693,1,0,1,0,ADJ,1,0,reserved,preserve,,,2,0,E10K,SCOWL60_STABLE_2020.12.07+WN3.1
5427,5545,prevented,-11.1693,1,0,1,0,,0,0,,,,,0,0,E10K,SCOWL60_STABLE_2020.12.07+WN3.1
5428,5546,programmes,-11.1693,0,0,0,0,,0,0,,,,,0,0,E10K,SCOWL60_STABLE_2020.12.07+WN3.1
5429,5547,prosecution,-11.1693,1,1,1,0,N,1,1,,,,prosecutions,0,1,E10K,SCOWL60_STABLE_2020.12.07+WN3.1
5430,5548,reflects,-11.1693,1,0,1,0,,1,0,,reflect,,,1,0,E10K,SCOWL60_STABLE_2020.12.07+WN3.1
5431,5549,resist,-11.1693,1,1,0,0,V,0,0,,,,,0,0,E10K,SCOWL60_STABLE_2020.12.07+WN3.1
5432,5550,resolved,-11.1693,1,1,1,0,ADJ,1,0,,resolve,,,1,0,E10K,SCOWL60_STABLE_2020.12.07+WN3.1
5433,5551,responsibilities,-11.1693,1,0,1,0,,0,0,,,,,0,0,E10K,SCOWL60_STABLE_2020.12.07+WN3.1
5434,5552,seeks,-11.1693,1,0,1,0,,1,0,,seek,,,1,0,E10K,SCOWL60_STABLE_2020.12.07+WN3.1
5435,5553,sends,-11.1693,1,0,1,0,,1,0,ends,send,,,2,0,E10K,SCOWL60_STABLE_2020.12.07+WN3.1
5436,5554,sheets,-11.1693,1,0,1,0,,1,0,,sheet,,,1,0,E10K,SCOWL60_STABLE_2020.12.07+WN3.1
5437,5555,shoulders,-11.1693,1,0,1,0,,1,0,,shoulder,,,1,0,E10K,SCOWL60_STABLE_2020.12.07+WN3.1
5438,5556,sink,-11.1693,1,1,0,0,N|V,1,1,ink,sin,,sinks,2,1,E10K,SCOWL60_STABLE_2020.12.07+WN3.1
5439,5557,soap,-11.1693,1,1,0,0,N|V,0,0,,,,,0,0,E10K,SCOWL60_STABLE_2020.12.07+WN3.1
5440,5558,spirits,-11.1693,1,0,1,0,N,1,0,,spirit,,,1,0,E10K,SCOWL60_STABLE_2020.12.07+WN3.1
5441,5559,stairs,-11.1693,1,0,1,0,N,0,0,,,,,0,0,E10K,SCOWL60_STABLE_2020.12.07+WN3.1
5442,5560,stake,-11.1693,1,1,0,0,N|V,1,1,take,,,stakes,1,1,E10K,SCOWL60_STABLE_2020.12.07+WN3.1
5443,5561,stanley,-11.1693,0,0,0,0,N,0,0,,,,,0,0,E10K,SCOWL60_STABLE_2020.12.07+WN3.1
5444,5562,stepped,-11.1693,1,0,1,0,,0,0,,,,,0,0,E10K,SCOWL60_STABLE_2020.12.07+WN3.1
5445,5563,surrender,-11.1693,1,1,0,0,N|V,0,0,,,,,0,0,E10K,SCOWL60_STABLE_2020.12.07+WN3.1
5446,5564,til,-11.1693,1,1,0,0,,1,1,,ti,,till;tile;tilt,1,3,E10K,SCOWL60_STABLE_2020.12.07+WN3.1
5447,5565,ultra,-11.1693,1,1,0,0,ADJ,0,0,,,,,0,0,E10K,SCOWL60_STABLE_2020.12.07+WN3.1
5448,5566,vegetables,-11.1693,1,0,1,0,,1,0,,vegetable,,,1,0,E10K,SCOWL60_STABLE_2020.12.07+WN3.1
5449,5567,wtf,-11.1693,0,0,0,0,,0,0,,,,,0,0,E10K,SCOWL60_STABLE_2020.12.07+WN3.1
5450,5569,accidents,-11.1908,1,0,1,0,,1,0,,accident,,,1,0,E10K,SCOWL60_STABLE_2020.12.07+WN3.1
5451,5570,achievements,-11.1908,1,0,1,0,,1,0,,achievement,,,1,0,E10K,SCOWL60_STABLE_2020.12.07+WN3.1
5452,5571,amy,-11.1908,0,0,0,0,,0,0,,,,,0,0,E10K,SCOWL60_STABLE_2020.12.07+WN3.1
5453,5572,assumption,-11.1908,1,1,0,0,N,1,1,,,,assumptions,0,1,E10K,SCOWL60_STABLE_2020.12.07+WN3.1
5454,5573,baker,-11.1908,1,1,1,0,N,1,1,,bake,,bakery,1,1,E10K,SCOWL60_STABLE_2020.12.07+WN3.1
5455,5574,beds,-11.1908,1,0,1,0,,1,0,eds,bed,,,2,0,E10K,SCOWL60_STABLE_2020.12.07+WN3.1
5456,5575,blade,-11.1908,1,1,0,0,N,1,1,,,,blades,0,1,E10K,SCOWL60_STABLE_2020.12.07+WN3.1
5457,5576,bless,-11.1908,1,1,0,0,V,1,0,less,,,,1,0,E10K,SCOWL60_STABLE_2020.12.07+WN3.1
5458,5577,breakdown,-11.1908,1,1,0,0,N,0,0,,,,,0,0,E10K,SCOWL60_STABLE_2020.12.07+WN3.1
5459,5578,breeding,-11.1908,1,1,1,0,N|ADJ,0,0,,,,,0,0,E10K,SCOWL60_STABLE_2020.12.07+WN3.1
5460,5579,cancel,-11.1908,1,1,0,0,N|V,0,0,,,,,0,0,E10K,SCOWL60_STABLE_2020.12.07+WN3.1
5461,5580,caring,-11.1908,1,1,1,0,N|ADJ,0,0,,,,,0,0,E10K,SCOWL60_STABLE_2020.12.07+WN3.1
5462,5581,catherine,-11.1908,0,0,0,0,N,0,0,,,,,0,0,E10K,SCOWL60_STABLE_2020.12.07+WN3.1
5463,5582,cc,-11.1908,1,1,0,0,N|ADJ,0,0,,,,,0,0,E10K,SCOWL60_STABLE_2020.12.07+WN3.1
5464,5583,charm,-11.1908,1,1,0,0,N|V,1,1,harm,char,,charms,2,1,E10K,SCOWL60_STABLE_2020.12.07+WN3.1
5465,5584,cheating,-11.1908,1,0,1,0,N|ADJ,1,0,heating,,,,1,0,E10K,SCOWL60_STABLE_2020.12.07+WN3.1
5466,5585,cherry,-11.1908,1,1,0,0,N|ADJ,0,0,,,,,0,0,E10K,SCOWL60_STABLE_2020.12.07+WN3.1
5467,5586,circles,-11.1908,1,0,1,0,,1,0,,circle,,,1,0,E10K,SCOWL60_STABLE_2020.12.07+WN3.1
5468,5587,coaching,-11.1908,1,0,1,0,N,0,0,,,,,0,0,E10K,SCOWL60_STABLE_2020.12.07+WN3.1
5469,5588,colleges,-11.1908,1,0,1,0,,1,0,,college,,,1,0,E10K,SCOWL60_STABLE_2020.12.07+WN3.1
5470,5589,competitors,-11.1908,1,0,1,0,,1,0,,competitor,,,1,0,E10K,SCOWL60_STABLE_2020.12.07+WN3.1
5471,5590,convert,-11.1908,1,1,0,0,N|V,1,1,,,,converts,0,1,E10K,SCOWL60_STABLE_2020.12.07+WN3.1
5472,5591,crush,-11.1908,1,1,0,0,N|V,1,0,rush,,,,1,0,E10K,SCOWL60_STABLE_2020.12.07+WN3.1
5473,5592,curve,-11.1908,1,1,0,0,N|V,1,1,,,,curves;curved,0,2,E10K,SCOWL60_STABLE_2020.12.07+WN3.1
5474,5593,dealer,-11.1908,1,1,1,0,N,1,1,,,,dealers,0,1,E10K,SCOWL60_STABLE_2020.12.07+WN3.1
5475,5594,demanding,-11.1908,1,1,1,0,ADJ,0,0,,,,,0,0,E10K,SCOWL60_STABLE_2020.12.07+WN3.1
5476,5595,den,-11.1908,1,1,1,0,N,1,1,en,,,deny;dent,1,2,E10K,SCOWL60_STABLE_2020.12.07+WN3.1
5477,5596,determining,-11.1908,1,0,1,0,ADJ,0,0,,,,,0,0,E10K,SCOWL60_STABLE_2020.12.07+WN3.1
5478,5597,developer,-11.1908,1,1,0,0,N,1,1,,,,developers,0,1,E10K,SCOWL60_STABLE_2020.12.07+WN3.1
5479,5598,dishes,-11.1908,1,0,1,0,,0,0,,,,,0,0,E10K,SCOWL60_STABLE_2020.12.07+WN3.1
5480,5599,earliest,-11.1908,1,0,1,0,ADJ|ADV,0,0,,,,,0,0,E10K,SCOWL60_STABLE_2020.12.07+WN3.1
5481,5600,eaten,-11.1908,1,1,1,0,,1,1,,,beaten,,0,1,E10K,SCOWL60_STABLE_2020.12.07+WN3.1
5482,5601,eliminate,-11.1908,1,1,0,0,V,1,1,,,,eliminated;eliminates,0,2,E10K,SCOWL60_STABLE_2020.12.07+WN3.1
5483,5602,enabled,-11.1908,1,0,1,0,,1,0,,enable,,,1,0,E10K,SCOWL60_STABLE_2020.12.07+WN3.1
5484,5603,exports,-11.1908,1,0,1,0,,1,0,,export,,,1,0,E10K,SCOWL60_STABLE_2020.12.07+WN3.1
5485,5604,generic,-11.1908,1,1,0,0,N|ADJ,0,0,,,,,0,0,E10K,SCOWL60_STABLE_2020.12.07+WN3.1
5486,5605,grants,-11.1908,1,0,1,0,,1,0,,grant,,,1,0,E10K,SCOWL60_STABLE_2020.12.07+WN3.1
5487,5606,graphics,-11.1908,1,0,1,0,N,1,0,,graphic,,,1,0,E10K,SCOWL60_STABLE_2020.12.07+WN3.1
5488,5607,habitat,-11.1908,1,1,0,0,N,1,1,,,,habitats,0,1,E10K,SCOWL60_STABLE_2020.12.07+WN3.1
5489,5608,highlight,-11.1908,1,1,0,0,N|V,1,1,,,,highlights,0,1,E10K,SCOWL60_STABLE_2020.12.07+WN3.1
5490,5609,import,-11.1908,1,1,0,0,N|V,1,1,,,,imports,0,1,E10K,SCOWL60_STABLE_2020.12.07+WN3.1
5491,5610,introducing,-11.1908,1,0,1,0,,0,0,,,,,0,0,E10K,SCOWL60_STABLE_2020.12.07+WN3.1
5492,5611,inventory,-11.1908,1,1,0,0,N|V,1,0,,inventor,,,1,0,E10K,SCOWL60_STABLE_2020.12.07+WN3.1
5493,5612,ip,-11.1908,0,0,0,0,N,0,0,,,,,0,0,E10K,SCOWL60_STABLE_2020.12.07+WN3.1
5494,5613,jamie,-11.1908,0,0,0,0,,0,0,,,,,0,0,E10K,SCOWL60_STABLE_2020.12.07+WN3.1
5495,5614,jennifer,-11.1908,0,0,0,0,,0,0,,,,,0,0,E10K,SCOWL60_STABLE_2020.12.07+WN3.1
5496,5615,jungle,-11.1908,1,1,0,0,N,0,0,,,,,0,0,E10K,SCOWL60_STABLE_2020.12.07+WN3.1
5497,5616,lasted,-11.1908,1,0,1,0,,1,1,,,blasted,,0,1,E10K,SCOWL60_STABLE_2020.12.07+WN3.1
5498,5617,lecture,-11.1908,1,1,0,0,N|V,1,1,,,,lectures;lecturer,0,2,E10K,SCOWL60_STABLE_2020.12.07+WN3.1
5499,5618,legendary,-11.1908,1,1,0,0,ADJ,0,0,,,,,0,0,E10K,SCOWL60_STABLE_2020.12.07+WN3.1
5500,5619,liability,-11.1908,1,1,0,0,N,0,0,,,,,0,0,E10K,SCOWL60_STABLE_2020.12.07+WN3.1
5501,5620,limitations,-11.1908,1,1,0,0,,1,0,,limitation,,,1,0,E10K,SCOWL60_STABLE_2020.12.07+WN3.1
5502,5621,mathematics,-11.1908,1,1,0,0,N,0,0,,,,,0,0,E10K,SCOWL60_STABLE_2020.12.07+WN3.1
5503,5622,meaningful,-11.1908,1,1,0,0,ADJ,0,0,,,,,0,0,E10K,SCOWL60_STABLE_2020.12.07+WN3.1
5504,5623,mentally,-11.1908,1,0,1,0,ADV,0,0,,,,,0,0,E10K,SCOWL60_STABLE_2020.12.07+WN3.1
5505,5624,mighty,-11.1908,1,1,0,0,ADJ|ADV,1,0,,might,,,1,0,E10K,SCOWL60_STABLE_2020.12.07+WN3.1
5506,5625,nerve,-11.1908,1,1,0,0,N|V,1,1,,,,nerves,0,1,E10K,SCOWL60_STABLE_2020.12.07+WN3.1
5507,5626,nurses,-11.1908,1,0,1,0,,1,0,,nurse,,,1,0,E10K,SCOWL60_STABLE_2020.12.07+WN3.1
5508,5627,operates,-11.1908,1,0,1,0,,1,0,,operate,,,1,0,E10K,SCOWL60_STABLE_2020.12.07+WN3.1
5509,5628,os,-11.1908,0,0,0,0,N,0,0,,,,,0,0,E10K,SCOWL60_STABLE_2020.12.07+WN3.1
5510,5629,participating,-11.1908,1,0,1,0,ADJ,0,0,,,,,0,0,E10K,SCOWL60_STABLE_2020.12.07+WN3.1
5511,5630,picks,-11.1908,1,0,1,0,,1,0,,pick,,,1,0,E10K,SCOWL60_STABLE_2020.12.07+WN3.1
5512,5631,pics,-11.1908,1,0,1,0,,1,0,,pic,,,1,0,E10K,SCOWL60_STABLE_2020.12.07+WN3.1
5513,5632,placing,-11.1908,1,0,1,0,,0,0,,,,,0,0,E10K,SCOWL60_STABLE_2020.12.07+WN3.1
5514,5633,presidency,-11.1908,1,1,0,0,N,1,0,residency,,,,1,0,E10K,SCOWL60_STABLE_2020.12.07+WN3.1
5515,5634,protective,-11.1908,1,1,1,0,ADJ,0,0,,,,,0,0,E10K,SCOWL60_STABLE_2020.12.07+WN3.1
5516,5635,racism,-11.1908,1,1,0,0,N,0,0,,,,,0,0,E10K,SCOWL60_STABLE_2020.12.07+WN3.1
5517,5636,react,-11.1908,1,1,1,0,V,1,1,,,,reacts,0,1,E10K,SCOWL60_STABLE_2020.12.07+WN3.1
5518,5637,restoration,-11.1908,1,1,0,0,N,0,0,,,,,0,0,E10K,SCOWL60_STABLE_2020.12.07+WN3.1
5519,5638,retained,-11.1908,1,0,1,0,ADJ,0,0,,,,,0,0,E10K,SCOWL60_STABLE_2020.12.07+WN3.1
5520,5639,scholars,-11.1908,1,0,1,0,,1,0,,scholar,,,1,0,E10K,SCOWL60_STABLE_2020.12.07+WN3.1
5521,5640,shy,-11.1908,1,1,0,0,N|V|ADJ,1,0,,sh,,,1,0,E10K,SCOWL60_STABLE_2020.12.07+WN3.1
5522,5641,skilled,-11.1908,1,1,1,0,ADJ,1,0,killed,,,,1,0,E10K,SCOWL60_STABLE_2020.12.07+WN3.1
5523,5642,slavery,-11.1908,1,1,0,0,N,0,0,,,,,0,0,E10K,SCOWL60_STABLE_2020.12.07+WN3.1
5524,5643,slaves,-11.1908,1,0,1,0,,1,0,,slave,,,1,0,E10K,SCOWL60_STABLE_2020.12.07+WN3.1
5525,5644,smiling,-11.1908,1,1,1,0,N|ADJ,0,0,,,,,0,0,E10K,SCOWL60_STABLE_2020.12.07+WN3.1
5526,5645,strain,-11.1908,1,1,0,0,N|V,1,1,train,,,strains,1,1,E10K,SCOWL60_STABLE_2020.12.07+WN3.1
5527,5646,strangers,-11.1908,1,0,1,0,,1,0,,stranger,,,1,0,E10K,SCOWL60_STABLE_2020.12.07+WN3.1
5528,5647,tends,-11.1908,1,0,1,0,,1,0,ends,tend,,,2,0,E10K,SCOWL60_STABLE_2020.12.07+WN3.1
5529,5648,trusted,-11.1908,1,0,1,0,ADJ,0,0,,,,,0,0,E10K,SCOWL60_STABLE_2020.12.07+WN3.1
5530,5649,twins,-11.1908,1,0,1,0,N,1,0,wins,twin,,,2,0,E10K,SCOWL60_STABLE_2020.12.07+WN3.1
5531,5650,unfair,-11.1908,1,1,0,0,ADJ,0,0,,,,,0,0,E10K,SCOWL60_STABLE_2020.12.07+WN3.1
5532,5651,urge,-11.1908,1,1,0,0,N|V,1,1,,,surge;purge,urged;urges,0,4,E10K,SCOWL60_STABLE_2020.12.07+WN3.1
5533,5652,venue,-11.1908,1,1,0,0,N,1,1,,,avenue,venues,0,2,E10K,SCOWL60_STABLE_2020.12.07+WN3.1
5534,5653,voluntary,-11.1908,1,1,0,0,N|ADJ,0,0,,,,,0,0,E10K,SCOWL60_STABLE_2020.12.07+WN3.1
5535,5654,wright,-11.1908,1,1,0,0,N,1,0,right,,,,1,0,E10K,SCOWL60_STABLE_2020.12.07+WN3.1
5536,5656,acquire,-11.2128,1,1,0,0,V,1,1,,,,acquired;acquires,0,2,E10K,SCOWL60_STABLE_2020.12.07+WN3.1
5537,5657,addresses,-11.2128,1,0,1,0,,0,0,,,,,0,0,E10K,SCOWL60_STABLE_2020.12.07+WN3.1
5538,5658,advisory,-11.2128,1,1,0,0,N|ADJ,1,0,,advisor,,,1,0,E10K,SCOWL60_STABLE_2020.12.07+WN3.1
5539,5659,anime,-11.2128,1,1,0,0,N,0,0,,,,,0,0,E10K,SCOWL60_STABLE_2020.12.07+WN3.1
5540,5660,apologize,-11.2128,1,1,0,0,V,1,1,,,,apologized,0,1,E10K,SCOWL60_STABLE_2020.12.07+WN3.1
5541,5661,ash,-11.2128,1,1,0,0,N|V,1,1,sh,as,cash;wash;dash;bash;rash;hash;mash;lash,,2,8,E10K,SCOWL60_STABLE_2020.12.07+WN3.1
5542,5662,baltimore,-11.2128,0,0,0,0,N,0,0,,,,,0,0,E10K,SCOWL60_STABLE_2020.12.07+WN3.1
5543,5663,barrel,-11.2128,1,1,0,0,N|V,1,1,,,,barrels,0,1,E10K,SCOWL60_STABLE_2020.12.07+WN3.1
5544,5664,basin,-11.2128,1,1,0,0,N,1,1,,,,basins;basing,0,2,E10K,SCOWL60_STABLE_2020.12.07+WN3.1
5545,5665,beta,-11.2128,1,1,0,0,N|ADJ,1,0,eta,bet,,,2,0,E10K,SCOWL60_STABLE_2020.12.07+WN3.1
5546,5666,binding,-11.2128,1,1,1,0,N|ADJ,0,0,,,,,0,0,E10K,SCOWL60_STABLE_2020.12.07+WN3.1
5547,5667,catching,-11.2128,1,0,1,0,N|ADJ,0,0,,,,,0,0,E10K,SCOWL60_STABLE_2020.12.07+WN3.1
5548,5668,chancellor,-11.2128,1,1,0,0,N,0,0,,,,,0,0,E10K,SCOWL60_STABLE_2020.12.07+WN3.1
5549,5669,cheaper,-11.2128,1,0,1,0,,0,0,,,,,0,0,E10K,SCOWL60_STABLE_2020.12.07+WN3.1
5550,5670,chemicals,-11.2128,1,0,1,0,,1,0,,chemical,,,1,0,E10K,SCOWL60_STABLE_2020.12.07+WN3.1
5551,5671,chiefs,-11.2128,1,0,1,0,,1,0,,chief,,,1,0,E10K,SCOWL60_STABLE_2020.12.07+WN3.1
5552,5672,climbing,-11.2128,1,1,1,0,N,0,0,,,,,0,0,E10K,SCOWL60_STABLE_2020.12.07+WN3.1
5553,5673,convenient,-11.2128,1,1,0,0,ADJ,0,0,,,,,0,0,E10K,SCOWL60_STABLE_2020.12.07+WN3.1
5554,5674,costume,-11.2128,1,1,0,0,N|V,1,1,,,,costumes,0,1,E10K,SCOWL60_STABLE_2020.12.07+WN3.1
5555,5675,cruz,-11.2128,0,0,0,0,,0,0,,,,,0,0,E10K,SCOWL60_STABLE_2020.12.07+WN3.1
5556,5676,demonstration,-11.2128,1,1,1,0,N,1,1,,,,demonstrations,0,1,E10K,SCOWL60_STABLE_2020.12.07+WN3.1
5557,5677,derby,-11.2128,1,1,0,0,N,0,0,,,,,0,0,E10K,SCOWL60_STABLE_2020.12.07+WN3.1
5558,5678,dimensions,-11.2128,1,0,1,0,,1,0,,dimension,,,1,0,E10K,SCOWL60_STABLE_2020.12.07+WN3.1
5559,5679,disorders,-11.2128,1,0,1,0,,1,0,,disorder,,,1,0,E10K,SCOWL60_STABLE_2020.12.07+WN3.1
5560,5680,dragons,-11.2128,1,0,1,0,,1,0,,dragon,,,1,0,E10K,SCOWL60_STABLE_2020.12.07+WN3.1
5561,5681,eleven,-11.2128,1,1,0,0,N|ADJ,0,0,,,,,0,0,E10K,SCOWL60_STABLE_2020.12.07+WN3.1
5562,5682,emissions,-11.2128,1,0,1,0,,1,0,missions,emission,,,2,0,E10K,SCOWL60_STABLE_2020.12.07+WN3.1
5563,5683,endless,-11.2128,1,1,0,0,ADJ,0,0,,,,,0,0,E10K,SCOWL60_STABLE_2020.12.07+WN3.1
5564,5684,excitement,-11.2128,1,1,1,0,N,0,0,,,,,0,0,E10K,SCOWL60_STABLE_2020.12.07+WN3.1
5565,5685,fence,-11.2128,1,1,0,0,N|V,1,1,,,,fences,0,1,E10K,SCOWL60_STABLE_2020.12.07+WN3.1
5566,5686,filming,-11.2128,1,0,1,0,N,0,0,,,,,0,0,E10K,SCOWL60_STABLE_2020.12.07+WN3.1
5567,5687,franchise,-11.2128,1,1,0,0,N|V,1,1,,,,franchises,0,1,E10K,SCOWL60_STABLE_2020.12.07+WN3.1
5568,5688,geneva,-11.2128,0,0,0,0,N,0,0,,,,,0,0,E10K,SCOWL60_STABLE_2020.12.07+WN3.1
5569,5689,grandmother,-11.2128,1,1,0,0,N,0,0,,,,,0,0,E10K,SCOWL60_STABLE_2020.12.07+WN3.1
5570,5690,hd,-11.2128,0,0,0,0,,0,0,,,,,0,0,E10K,SCOWL60_STABLE_2020.12.07+WN3.1
5571,5691,hiring,-11.2128,1,0,1,0,,0,0,,,,,0,0,E10K,SCOWL60_STABLE_2020.12.07+WN3.1
5572,5692,immune,-11.2128,1,1,0,0,N|ADJ,0,0,,,,,0,0,E10K,SCOWL60_STABLE_2020.12.07+WN3.1
5573,5693,indication,-11.2128,1,1,1,0,N,1,1,,,,indications,0,1,E10K,SCOWL60_STABLE_2020.12.07+WN3.1
5574,5694,ingredients,-11.2128,1,0,1,0,,1,0,,ingredient,,,1,0,E10K,SCOWL60_STABLE_2020.12.07+WN3.1
5575,5695,invisible,-11.2128,1,0,1,0,ADJ,0,0,,,,,0,0,E10K,SCOWL60_STABLE_2020.12.07+WN3.1
5576,5696,julia,-11.2128,0,0,0,0,,0,0,,,,,0,0,E10K,SCOWL60_STABLE_2020.12.07+WN3.1
5577,5697,lasting,-11.2128,1,1,1,0,ADJ,1,1,,,blasting,,0,1,E10K,SCOWL60_STABLE_2020.12.07+WN3.1
5578,5698,lovers,-11.2128,1,0,1,0,,1,0,overs,lover,,,2,0,E10K,SCOWL60_STABLE_2020.12.07+WN3.1
5579,5699,magical,-11.2128,1,1,0,0,ADJ,0,0,,,,,0,0,E10K,SCOWL60_STABLE_2020.12.07+WN3.1
5580,5700,magnetic,-11.2128,1,1,0,0,ADJ,0,0,,,,,0,0,E10K,SCOWL60_STABLE_2020.12.07+WN3.1
5581,5701,mar,-11.2128,1,1,0,0,N|V,1,1,,ma,,mark;mars;mart;mare,1,4,E10K,SCOWL60_STABLE_2020.12.07+WN3.1
5582,5702,mechanisms,-11.2128,1,0,1,0,,1,0,,mechanism,,,1,0,E10K,SCOWL60_STABLE_2020.12.07+WN3.1
5583,5703,medieval,-11.2128,1,1,0,0,ADJ,0,0,,,,,0,0,E10K,SCOWL60_STABLE_2020.12.07+WN3.1
5584,5704,mills,-11.2128,1,0,1,0,N,1,0,,mill,,,1,0,E10K,SCOWL60_STABLE_2020.12.07+WN3.1
5585,5705,minimal,-11.2128,1,1,0,0,ADJ,0,0,,,,,0,0,E10K,SCOWL60_STABLE_2020.12.07+WN3.1
5586,5706,missile,-11.2128,1,1,0,0,N,1,1,,,,missiles,0,1,E10K,SCOWL60_STABLE_2020.12.07+WN3.1
5587,5707,motivated,-11.2128,1,1,1,0,ADJ,1,0,,motivate,,,1,0,E10K,SCOWL60_STABLE_2020.12.07+WN3.1
5588,5708,nail,-11.2128,1,1,0,0,N|V,1,1,,,snail,nails,0,2,E10K,SCOWL60_STABLE_2020.12.07+WN3.1
5589,5709,nathan,-11.2128,0,0,0,0,,0,0,,,,,0,0,E10K,SCOWL60_STABLE_2020.12.07+WN3.1
5590,5710,nearest,-11.2128,1,0,1,0,ADV,0,0,,,,,0,0,E10K,SCOWL60_STABLE_2020.12.07+WN3.1
5591,5711,neil,-11.2128,0,0,0,0,,0,0,,,,,0,0,E10K,SCOWL60_STABLE_2020.12.07+WN3.1
5592,5712,nightmare,-11.2128,1,1,0,0,N,1,1,,,,nightmares,0,1,E10K,SCOWL60_STABLE_2020.12.07+WN3.1
5593,5713,nominated,-11.2128,1,0,1,0,ADJ,1,0,,nominate,,,1,0,E10K,SCOWL60_STABLE_2020.12.07+WN3.1
5594,5714,obligation,-11.2128,1,1,1,0,N,1,1,,,,obligations,0,1,E10K,SCOWL60_STABLE_2020.12.07+WN3.1
5595,5715,overview,-11.2128,1,1,0,0,N,0,0,,,,,0,0,E10K,SCOWL60_STABLE_2020.12.07+WN3.1
5596,5716,parade,-11.2128,1,1,0,0,N|V,1,1,,,,parades,0,1,E10K,SCOWL60_STABLE_2020.12.07+WN3.1
5597,5717,parameters,-11.2128,1,0,1,0,,1,0,,parameter,,,1,0,E10K,SCOWL60_STABLE_2020.12.07+WN3.1
5598,5718,patch,-11.2128,1,1,0,0,N|V,0,0,,,,,0,0,E10K,SCOWL60_STABLE_2020.12.07+WN3.1
5599,5719,pig,-11.2128,1,1,0,0,N|V,1,1,,pi,,pigs,1,1,E10K,SCOWL60_STABLE_2020.12.07+WN3.1
5600,5720,preference,-11.2128,1,1,0,0,N,1,1,reference,,,preferences,1,1,E10K,SCOWL60_STABLE_2020.12.07+WN3.1
5601,5721,privilege,-11.2128,1,1,0,0,N|V,1,1,,,,privileges;privileged,0,2,E10K,SCOWL60_STABLE_2020.12.07+WN3.1
5602,5722,pub,-11.2128,1,1,0,0,N,1,1,,,,pubs,0,1,E10K,SCOWL60_STABLE_2020.12.07+WN3.1
5603,5723,purely,-11.2128,1,0,1,0,ADV,0,0,,,,,0,0,E10K,SCOWL60_STABLE_2020.12.07+WN3.1
5604,5724,rage,-11.2128,1,1,0,0,N|V,1,0,age,rag,,,2,0,E10K,SCOWL60_STABLE_2020.12.07+WN3.1
5605,5725,rat,-11.2128,1,1,0,0,N|V,1,1,at,,brat,rate;rats,1,3,E10K,SCOWL60_STABLE_2020.12.07+WN3.1
5606,5726,rocky,-11.2128,1,1,0,0,ADJ,1,0,,rock,,,1,0,E10K,SCOWL60_STABLE_2020.12.07+WN3.1
5607,5727,screening,-11.2128,1,1,1,0,N,1,1,,,,screenings,0,1,E10K,SCOWL60_STABLE_2020.12.07+WN3.1
5608,5728,severely,-11.2128,1,0,1,0,ADV,0,0,,,,,0,0,E10K,SCOWL60_STABLE_2020.12.07+WN3.1
5609,5729,sits,-11.2128,1,0,1,0,,1,0,its,sit,,,2,0,E10K,SCOWL60_STABLE_2020.12.07+WN3.1
5610,5730,snap,-11.2128,1,1,0,0,N|V,1,1,nap,,,snaps,1,1,E10K,SCOWL60_STABLE_2020.12.07+WN3.1
5611,5731,spam,-11.2128,1,1,0,0,N|V,1,0,,spa,,,1,0,E10K,SCOWL60_STABLE_2020.12.07+WN3.1
5612,5732,sponsored,-11.2128,1,0,1,0,,0,0,,,,,0,0,E10K,SCOWL60_STABLE_2020.12.07+WN3.1
5613,5733,staring,-11.2128,1,0,1,0,ADJ,0,0,,,,,0,0,E10K,SCOWL60_STABLE_2020.12.07+WN3.1
5614,5734,stating,-11.2128,1,0,1,0,,0,0,,,,,0,0,E10K,SCOWL60_STABLE_2020.12.07+WN3.1
5615,5735,sticks,-11.2128,1,0,1,0,,1,0,ticks,stick,,,2,0,E10K,SCOWL60_STABLE_2020.12.07+WN3.1
5616,5736,strongest,-11.2128,1,0,1,0,,0,0,,,,,0,0,E10K,SCOWL60_STABLE_2020.12.07+WN3.1
5617,5737,tactics,-11.2128,1,0,1,0,N,1,0,,tactic,,,1,0,E10K,SCOWL60_STABLE_2020.12.07+WN3.1
5618,5738,tigers,-11.2128,1,0,1,0,N,1,0,,tiger,,,1,0,E10K,SCOWL60_STABLE_2020.12.07+WN3.1
5619,5739,traded,-11.2128,1,0,1,0,,1,0,,trade,,,1,0,E10K,SCOWL60_STABLE_2020.12.07+WN3.1
5620,5740,treasure,-11.2128,1,1,0,0,N|V,1,1,,,,treasurer;treasures,0,2,E10K,SCOWL60_STABLE_2020.12.07+WN3.1
5621,5741,tribe,-11.2128,1,1,0,0,N,1,1,,,,tribes,0,1,E10K,SCOWL60_STABLE_2020.12.07+WN3.1
5622,5742,valve,-11.2128,1,1,0,0,N,1,1,,,,valves,0,1,E10K,SCOWL60_STABLE_2020.12.07+WN3.1
5623,5743,verse,-11.2128,1,1,0,0,N|V,1,1,,,,verses,0,1,E10K,SCOWL60_STABLE_2020.12.07+WN3.1
5624,5744,viewers,-11.2128,1,0,1,0,N,1,0,,viewer,,,1,0,E10K,SCOWL60_STABLE_2020.12.07+WN3.1
5625,5745,welsh,-11.2128,1,1,0,0,N|V|ADJ,0,0,,,,,0,0,E10K,SCOWL60_STABLE_2020.12.07+WN3.1
5626,5746,wheat,-11.2128,1,1,0,0,N,1,0,heat,,,,1,0,E10K,SCOWL60_STABLE_2020.12.07+WN3.1
5627,5747,zones,-11.2128,1,0,1,0,,1,0,ones,zone,,,2,0,E10K,SCOWL60_STABLE_2020.12.07+WN3.1
5628,5748,abstract,-11.2353,1,1,0,0,N|V|ADJ,0,0,,,,,0,0,E10K,SCOWL60_STABLE_2020.12.07+WN3.1
5629,5749,accent,-11.2353,1,1,0,0,N|V,1,1,,,,accents,0,1,E10K,SCOWL60_STABLE_2020.12.07+WN3.1
5630,5750,adaptation,-11.2353,1,1,0,0,N,1,1,,,,adaptations,0,1,E10K,SCOWL60_STABLE_2020.12.07+WN3.1
5631,5751,adjusted,-11.2353,1,0,1,0,ADJ,0,0,,,,,0,0,E10K,SCOWL60_STABLE_2020.12.07+WN3.1
5632,5752,affecting,-11.2353,1,1,1,0,ADJ,0,0,,,,,0,0,E10K,SCOWL60_STABLE_2020.12.07+WN3.1
5633,5753,alabama,-11.2353,0,0,0,0,N,0,0,,,,,0,0,E10K,SCOWL60_STABLE_2020.12.07+WN3.1
5634,5754,alternate,-11.2353,1,1,0,0,N|V|ADJ,0,0,,,,,0,0,E10K,SCOWL60_STABLE_2020.12.07+WN3.1
5635,5755,appreciation,-11.2353,1,1,1,0,N,0,0,,,,,0,0,E10K,SCOWL60_STABLE_2020.12.07+WN3.1
5636,5756,approve,-11.2353,1,1,0,0,V,1,1,,,,approved;approves,0,2,E10K,SCOWL60_STABLE_2020.12.07+WN3.1
5637,5757,arc,-11.2353,1,1,0,0,N|V,1,1,,,,arch,0,1,E10K,SCOWL60_STABLE_2020.12.07+WN3.1
5638,5758,arctic,-11.2353,1,1,0,0,N|ADJ,0,0,,,,,0,0,E10K,SCOWL60_STABLE_2020.12.07+WN3.1
5639,5759,attendance,-11.2353,1,1,0,0,N,0,0,,,,,0,0,E10K,SCOWL60_STABLE_2020.12.07+WN3.1
5640,5760,authorized,-11.2353,1,1,1,0,ADJ,1,0,,authorize,,,1,0,E10K,SCOWL60_STABLE_2020.12.07+WN3.1
5641,5761,blake,-11.2353,0,0,0,0,N,0,0,,,,,0,0,E10K,SCOWL60_STABLE_2020.12.07+WN3.1
5642,5762,bombs,-11.2353,1,0,1,0,,1,0,,bomb,,,1,0,E10K,SCOWL60_STABLE_2020.12.07+WN3.1
5643,5763,boot,-11.2353,1,1,0,0,N|V,1,1,,boo,,boots;booth;booty,1,3,E10K,SCOWL60_STABLE_2020.12.07+WN3.1
5644,5764,breach,-11.2353,1,1,0,0,N|V,1,0,reach,,,,1,0,E10K,SCOWL60_STABLE_2020.12.07+WN3.1
5645,5765,broader,-11.2353,1,0,1,0,,0,0,,,,,0,0,E10K,SCOWL60_STABLE_2020.12.07+WN3.1
5646,5766,bug,-11.2353,1,1,0,0,N|V,1,1,,bu,,bugs,1,1,E10K,SCOWL60_STABLE_2020.12.07+WN3.1
5647,5767,caps,-11.2353,1,0,1,0,,1,0,,cap,,,1,0,E10K,SCOWL60_STABLE_2020.12.07+WN3.1
5648,5768,carlos,-11.2353,0,0,0,0,N,0,0,,,,,0,0,E10K,SCOWL60_STABLE_2020.12.07+WN3.1
5649,5769,chuck,-11.2353,1,1,0,0,N|V,0,0,,,,,0,0,E10K,SCOWL60_STABLE_2020.12.07+WN3.1
5650,5770,classroom,-11.2353,1,1,0,0,N,1,1,,,,classrooms,0,1,E10K,SCOWL60_STABLE_2020.12.07+WN3.1
5651,5771,combine,-11.2353,1,1,0,0,N|V,1,1,,,,combined;combines,0,2,E10K,SCOWL60_STABLE_2020.12.07+WN3.1
5652,5772,commented,-11.2353,1,0,1,0,,0,0,,,,,0,0,E10K,SCOWL60_STABLE_2020.12.07+WN3.1
5653,5773,comparable,-11.2353,1,1,1,0,ADJ,0,0,,,,,0,0,E10K,SCOWL60_STABLE_2020.12.07+WN3.1
5654,5774,contributing,-11.2353,1,0,1,0,ADJ,0,0,,,,,0,0,E10K,SCOWL60_STABLE_2020.12.07+WN3.1
5655,5775,courtesy,-11.2353,1,1,0,0,N,0,0,,,,,0,0,E10K,SCOWL60_STABLE_2020.12.07+WN3.1
5656,5776,criminals,-11.2353,1,0,1,0,,1,0,,criminal,,,1,0,E10K,SCOWL60_STABLE_2020.12.07+WN3.1
5657,5777,cruel,-11.2353,1,1,0,0,ADJ,0,0,,,,,0,0,E10K,SCOWL60_STABLE_2020.12.07+WN3.1
5658,5778,disappear,-11.2353,1,0,1,0,V,1,1,,,,disappears,0,1,E10K,SCOWL60_STABLE_2020.12.07+WN3.1
5659,5779,disk,-11.2353,1,1,0,0,N|V,1,1,,dis,,disks,1,1,E10K,SCOWL60_STABLE_2020.12.07+WN3.1
5660,5780,eddie,-11.2353,0,0,0,0,,0,0,,,,,0,0,E10K,SCOWL60_STABLE_2020.12.07+WN3.1
5661,5781,entity,-11.2353,1,1,0,0,N,0,0,,,,,0,0,E10K,SCOWL60_STABLE_2020.12.07+WN3.1
5662,5782,ethical,-11.2353,1,1,0,0,ADJ,0,0,,,,,0,0,E10K,SCOWL60_STABLE_2020.12.07+WN3.1
5663,5783,evolved,-11.2353,1,0,1,0,,1,0,,evolve,,,1,0,E10K,SCOWL60_STABLE_2020.12.07+WN3.1
5664,5784,exam,-11.2353,1,1,0,0,N,1,1,,,,exams,0,1,E10K,SCOWL60_STABLE_2020.12.07+WN3.1
5665,5785,fascinating,-11.2353,1,1,1,0,ADJ,0,0,,,,,0,0,E10K,SCOWL60_STABLE_2020.12.07+WN3.1
5666,5786,fatal,-11.2353,1,1,0,0,ADJ,0,0,,,,,0,0,E10K,SCOWL60_STABLE_2020.12.07+WN3.1
5667,5787,fled,-11.2353,1,0,1,0,,1,0,led,,,,1,0,E10K,SCOWL60_STABLE_2020.12.07+WN3.1
5668,5788,flexible,-11.2353,1,1,0,0,ADJ,0,0,,,,,0,0,E10K,SCOWL60_STABLE_2020.12.07+WN3.1
5669,5789,forecast,-11.2353,1,1,0,0,N|V,1,1,,,,forecasts,0,1,E10K,SCOWL60_STABLE_2020.12.07+WN3.1
5670,5790,gaining,-11.2353,1,0,1,0,,0,0,,,,,0,0,E10K,SCOWL60_STABLE_2020.12.07+WN3.1
5671,5791,guilt,-11.2353,1,1,0,0,N,1,1,,,,guilty,0,1,E10K,SCOWL60_STABLE_2020.12.07+WN3.1
5672,5792,guinea,-11.2353,1,1,0,0,N,0,0,,,,,0,0,E10K,SCOWL60_STABLE_2020.12.07+WN3.1
5673,5793,harbour,-11.2353,0,0,0,0,N|V,0,0,,,,,0,0,E10K,SCOWL60_STABLE_2020.12.07+WN3.1
5674,5794,hawaii,-11.2353,0,0,0,0,N,0,0,,,,,0,0,E10K,SCOWL60_STABLE_2020.12.07+WN3.1
5675,5795,holland,-11.2353,0,0,0,0,N,0,0,,,,,0,0,E10K,SCOWL60_STABLE_2020.12.07+WN3.1
5676,5796,humanitarian,-11.2353,1,1,0,0,N|ADJ,0,0,,,,,0,0,E10K,SCOWL60_STABLE_2020.12.07+WN3.1
5677,5797,humble,-11.2353,1,1,0,0,V|ADJ,0,0,,,,,0,0,E10K,SCOWL60_STABLE_2020.12.07+WN3.1
5678,5798,inform,-11.2353,1,1,1,0,V,1,1,,,,informs,0,1,E10K,SCOWL60_STABLE_2020.12.07+WN3.1
5679,5799,insisted,-11.2353,1,0,1,0,,0,0,,,,,0,0,E10K,SCOWL60_STABLE_2020.12.07+WN3.1
5680,5800,inspection,-11.2353,1,1,0,0,N,1,1,,,,inspections,0,1,E10K,SCOWL60_STABLE_2020.12.07+WN3.1
5681,5801,jam,-11.2353,1,1,0,0,N|V,1,1,am,,,jams,1,1,E10K,SCOWL60_STABLE_2020.12.07+WN3.1
5682,5802,jessica,-11.2353,0,0,0,0,,0,0,,,,,0,0,E10K,SCOWL60_STABLE_2020.12.07+WN3.1
5683,5803,lease,-11.2353,1,1,0,0,N|V,1,1,ease,,please,leased;leases,1,3,E10K,SCOWL60_STABLE_2020.12.07+WN3.1
5684,5804,lebanon,-11.2353,0,0,0,0,N,0,0,,,,,0,0,E10K,SCOWL60_STABLE_2020.12.07+WN3.1
5685,5805,linux,-11.2353,0,0,0,0,N,0,0,,,,,0,0,E10K,SCOWL60_STABLE_2020.12.07+WN3.1
5686,5806,lung,-11.2353,1,1,0,0,N,1,1,,,flung,lungs,0,2,E10K,SCOWL60_STABLE_2020.12.07+WN3.1
5687,5807,maryland,-11.2353,0,0,0,0,N,0,0,,,,,0,0,E10K,SCOWL60_STABLE_2020.12.07+WN3.1
5688,5808,measuring,-11.2353,1,0,1,0,N,0,0,,,,,0,0,E10K,SCOWL60_STABLE_2020.12.07+WN3.1
5689,5809,modest,-11.2353,1,1,1,0,ADJ,1,1,,modes,,modesty,1,1,E10K,SCOWL60_STABLE_2020.12.07+WN3.1
5690,5810,mt,-11.2353,1,1,0,0,N,0,0,,,,,0,0,E10K,SCOWL60_STABLE_2020.12.07+WN3.1
5691,5811,muscles,-11.2353,1,0,1,0,,1,0,,muscle,,,1,0,E10K,SCOWL60_STABLE_2020.12.07+WN3.1
5692,5812,norman,-11.2353,0,0,0,0,N|ADJ,0,0,,,,,0,0,E10K,SCOWL60_STABLE_2020.12.07+WN3.1
5693,5813,notably,-11.2353,1,1,0,0,ADV,0,0,,,,,0,0,E10K,SCOWL60_STABLE_2020.12.07+WN3.1
5694,5814,observe,-11.2353,1,1,0,0,V,1,1,,,,observed;observer;observes,0,3,E10K,SCOWL60_STABLE_2020.12.07+WN3.1
5695,5815,owe,-11.2353,1,1,0,0,V,1,1,we,ow,,owed;owes,2,2,E10K,SCOWL60_STABLE_2020.12.07+WN3.1
5696,5816,patrol,-11.2353,1,1,0,0,N|V,1,1,,,,patrols,0,1,E10K,SCOWL60_STABLE_2020.12.07+WN3.1
5697,5817,phoenix,-11.2353,1,1,0,0,N,0,0,,,,,0,0,E10K,SCOWL60_STABLE_2020.12.07+WN3.1
5698,5818,pose,-11.2353,1,1,0,0,N|V,1,1,,,,posed;poses,0,2,E10K,SCOWL60_STABLE_2020.12.07+WN3.1
5699,5819,powered,-11.2353,1,0,1,0,ADJ,0,0,,,,,0,0,E10K,SCOWL60_STABLE_2020.12.07+WN3.1
5700,5820,publisher,-11.2353,1,1,0,0,N,1,1,,,,publishers,0,1,E10K,SCOWL60_STABLE_2020.12.07+WN3.1
5701,5821,pursuit,-11.2353,1,1,0,0,N,1,1,,,,pursuits,0,1,E10K,SCOWL60_STABLE_2020.12.07+WN3.1
5702,5822,quietly,-11.2353,1,0,1,0,ADV,0,0,,,,,0,0,E10K,SCOWL60_STABLE_2020.12.07+WN3.1
5703,5823,ram,-11.2353,1,1,0,0,N|V,1,1,am,,gram;tram,ramp;rams,1,4,E10K,SCOWL60_STABLE_2020.12.07+WN3.1
5704,5824,ranking,-11.2353,1,1,1,0,N|ADJ,1,1,,,,rankings,0,1,E10K,SCOWL60_STABLE_2020.12.07+WN3.1
5705,5825,rap,-11.2353,1,1,0,0,N|V,1,1,,,crap;trap;wrap,rape,0,4,E10K,SCOWL60_STABLE_2020.12.07+WN3.1
5706,5826,recognised,-11.2353,0,0,0,0,ADJ,0,0,,,,,0,0,E10K,SCOWL60_STABLE_2020.12.07+WN3.1
5707,5827,responding,-11.2353,1,0,1,0,,0,0,,,,,0,0,E10K,SCOWL60_STABLE_2020.12.07+WN3.1
5708,5828,retreat,-11.2353,1,0,1,0,N|V,0,0,,,,,0,0,E10K,SCOWL60_STABLE_2020.12.07+WN3.1
5709,5829,rogers,-11.2353,1,0,1,0,N,1,0,,roger,,,1,0,E10K,SCOWL60_STABLE_2020.12.07+WN3.1
5710,5830,sandwich,-11.2353,1,1,0,0,N|V,0,0,,,,,0,0,E10K,SCOWL60_STABLE_2020.12.07+WN3.1
5711,5831,scream,-11.2353,1,1,0,0,N|V,1,1,cream,,,screams,1,1,E10K,SCOWL60_STABLE_2020.12.07+WN3.1
5712,5832,seized,-11.2353,1,0,1,0,,1,0,,seize,,,1,0,E10K,SCOWL60_STABLE_2020.12.07+WN3.1
5713,5833,serial,-11.2353,1,1,0,0,N|ADJ,0,0,,,,,0,0,E10K,SCOWL60_STABLE_2020.12.07+WN3.1
5714,5834,spreading,-11.2353,1,0,1,0,N,0,0,,,,,0,0,E10K,SCOWL60_STABLE_2020.12.07+WN3.1
5715,5835,stuart,-11.2353,0,0,0,0,N,0,0,,,,,0,0,E10K,SCOWL60_STABLE_2020.12.07+WN3.1
5716,5836,sunshine,-11.2353,1,1,0,0,N,0,0,,,,,0,0,E10K,SCOWL60_STABLE_2020.12.07+WN3.1
5717,5837,sweat,-11.2353,1,1,0,0,N|V,1,1,,,,sweaty,0,1,E10K,SCOWL60_STABLE_2020.12.07+WN3.1
5718,5838,th,-11.2353,0,0,0,0,N,0,0,,,,,0,0,E10K,SCOWL60_STABLE_2020.12.07+WN3.1
5719,5839,tho,-11.2353,1,1,0,0,N,1,1,ho,,,thou,1,1,E10K,SCOWL60_STABLE_2020.12.07+WN3.1
5720,5840,tommy,-11.2353,0,0,0,0,,0,0,,,,,0,0,E10K,SCOWL60_STABLE_2020.12.07+WN3.1
5721,5841,tours,-11.2353,1,0,1,0,N,1,0,ours,tour,,,2,0,E10K,SCOWL60_STABLE_2020.12.07+WN3.1
5722,5842,tyler,-11.2353,0,0,0,0,N,0,0,,,,,0,0,E10K,SCOWL60_STABLE_2020.12.07+WN3.1
5723,5843,unto,-11.2353,1,0,1,0,,0,0,,,,,0,0,E10K,SCOWL60_STABLE_2020.12.07+WN3.1
5724,5844,variations,-11.2353,1,0,1,0,,1,0,,variation,,,1,0,E10K,SCOWL60_STABLE_2020.12.07+WN3.1
5725,5845,washing,-11.2353,1,1,1,0,N,0,0,,,,,0,0,E10K,SCOWL60_STABLE_2020.12.07+WN3.1
5726,5846,watson,-11.2353,0,0,0,0,N,0,0,,,,,0,0,E10K,SCOWL60_STABLE_2020.12.07+WN3.1
5727,5847,wondered,-11.2353,1,0,1,0,,0,0,,,,,0,0,E10K,SCOWL60_STABLE_2020.12.07+WN3.1
5728,5848,wrap,-11.2353,1,1,0,0,N|V,1,1,rap,,,wraps,1,1,E10K,SCOWL60_STABLE_2020.12.07+WN3.1
5729,5849,zoo,-11.2353,1,1,0,0,N,1,1,,,,zoom,0,1,E10K,SCOWL60_STABLE_2020.12.07+WN3.1
5730,5850,accordance,-11.2583,1,1,0,0,N,0,0,,,,,0,0,E10K,SCOWL60_STABLE_2020.12.07+WN3.1
5731,5851,admission,-11.2583,1,1,0,0,N,1,1,,,,admissions,0,1,E10K,SCOWL60_STABLE_2020.12.07+WN3.1
5732,5852,amateur,-11.2583,1,1,0,0,N|ADJ,1,1,,,,amateurs,0,1,E10K,SCOWL60_STABLE_2020.12.07+WN3.1
5733,5853,appearing,-11.2583,1,0,1,0,N,0,0,,,,,0,0,E10K,SCOWL60_STABLE_2020.12.07+WN3.1
5734,5854,archives,-11.2583,1,0,1,0,N,1,0,,archive,,,1,0,E10K,SCOWL60_STABLE_2020.12.07+WN3.1
5735,5855,array,-11.2583,1,1,0,0,N|V,0,0,,,,,0,0,E10K,SCOWL60_STABLE_2020.12.07+WN3.1
5736,5856,assisted,-11.2583,1,1,1,0,ADJ,0,0,,,,,0,0,E10K,SCOWL60_STABLE_2020.12.07+WN3.1
5737,5857,aug,-11.2583,0,0,0,0,N,0,0,,,,,0,0,E10K,SCOWL60_STABLE_2020.12.07+WN3.1
5738,5858,bare,-11.2583,1,1,0,0,V|ADJ,1,0,are,bar,,,2,0,E10K,SCOWL60_STABLE_2020.12.07+WN3.1
5739,5859,belonging,-11.2583,1,1,1,0,N,1,1,,,,belongings,0,1,E10K,SCOWL60_STABLE_2020.12.07+WN3.1
5740,5860,blacks,-11.2583,1,0,1,0,,1,0,lacks,black,,,2,0,E10K,SCOWL60_STABLE_2020.12.07+WN3.1
5741,5861,blank,-11.2583,1,1,0,0,N|V|ADJ,0,0,,,,,0,0,E10K,SCOWL60_STABLE_2020.12.07+WN3.1
5742,5862,capabilities,-11.2583,1,1,0,0,,0,0,,,,,0,0,E10K,SCOWL60_STABLE_2020.12.07+WN3.1
5743,5863,celebrating,-11.2583,1,0,1,0,,0,0,,,,,0,0,E10K,SCOWL60_STABLE_2020.12.07+WN3.1
5744,5864,cia,-11.2583,0,0,0,0,N,0,0,,,,,0,0,E10K,SCOWL60_STABLE_2020.12.07+WN3.1
5745,5865,citizenship,-11.2583,1,1,0,0,N,0,0,,,,,0,0,E10K,SCOWL60_STABLE_2020.12.07+WN3.1
5746,5866,consisting,-11.2583,1,0,1,0,,0,0,,,,,0,0,E10K,SCOWL60_STABLE_2020.12.07+WN3.1
5747,5867,couch,-11.2583,1,1,0,0,N|V,1,0,ouch,,,,1,0,E10K,SCOWL60_STABLE_2020.12.07+WN3.1
5748,5868,cow,-11.2583,1,1,0,0,N|V,1,1,ow,co,,cows,2,1,E10K,SCOWL60_STABLE_2020.12.07+WN3.1
5749,5869,cycling,-11.2583,1,0,1,0,N,0,0,,,,,0,0,E10K,SCOWL60_STABLE_2020.12.07+WN3.1
5750,5870,deadly,-11.2583,1,1,1,0,ADJ|ADV,0,0,,,,,0,0,E10K,SCOWL60_STABLE_2020.12.07+WN3.1
5751,5871,defender,-11.2583,1,0,1,0,N,1,1,,,,defenders,0,1,E10K,SCOWL60_STABLE_2020.12.07+WN3.1
5752,5872,denver,-11.2583,0,0,0,0,N,0,0,,,,,0,0,E10K,SCOWL60_STABLE_2020.12.07+WN3.1
5753,5873,detention,-11.2583,1,1,1,0,N,0,0,,,,,0,0,E10K,SCOWL60_STABLE_2020.12.07+WN3.1
5754,5874,diary,-11.2583,1,1,0,0,N,0,0,,,,,0,0,E10K,SCOWL60_STABLE_2020.12.07+WN3.1
5755,5875,didnt,-11.2583,0,0,0,0,,0,0,,,,,0,0,E10K,SCOWL60_STABLE_2020.12.07+WN3.1
5756,5876,dignity,-11.2583,1,1,0,0,N,0,0,,,,,0,0,E10K,SCOWL60_STABLE_2020.12.07+WN3.1
5757,5877,disc,-11.2583,1,1,1,0,N,1,1,,dis,,disco;discs,1,2,E10K,SCOWL60_STABLE_2020.12.07+WN3.1
5758,5878,donald,-11.2583,0,0,0,0,,0,0,,,,,0,0,E10K,SCOWL60_STABLE_2020.12.07+WN3.1
5759,5879,dressing,-11.2583,1,1,1,0,N,0,0,,,,,0,0,E10K,SCOWL60_STABLE_2020.12.07+WN3.1
5760,5880,eagle,-11.2583,1,1,0,0,N|V,1,1,,,,eagles,0,1,E10K,SCOWL60_STABLE_2020.12.07+WN3.1
5761,5881,electronics,-11.2583,1,1,1,0,N,1,0,,electronic,,,1,0,E10K,SCOWL60_STABLE_2020.12.07+WN3.1
5762,5882,embarrassing,-11.2583,1,1,1,0,ADJ,0,0,,,,,0,0,E10K,SCOWL60_STABLE_2020.12.07+WN3.1
5763,5883,finest,-11.2583,1,0,1,0,,1,0,,fines,,,1,0,E10K,SCOWL60_STABLE_2020.12.07+WN3.1
5764,5884,fitted,-11.2583,1,1,0,0,ADJ,0,0,,,,,0,0,E10K,SCOWL60_STABLE_2020.12.07+WN3.1
5765,5885,flies,-11.2583,1,0,1,0,N,1,0,lies,,,,1,0,E10K,SCOWL60_STABLE_2020.12.07+WN3.1
5766,5886,flip,-11.2583,1,1,0,0,N|V|ADJ,1,0,lip,,,,1,0,E10K,SCOWL60_STABLE_2020.12.07+WN3.1
5767,5887,freak,-11.2583,1,1,0,0,N|V,1,1,,,,freaks;freaky,0,2,E10K,SCOWL60_STABLE_2020.12.07+WN3.1
5768,5888,freely,-11.2583,1,0,1,0,ADV,0,0,,,,,0,0,E10K,SCOWL60_STABLE_2020.12.07+WN3.1
5769,5889,gm,-11.2583,1,1,0,0,N,0,0,,,,,0,0,E10K,SCOWL60_STABLE_2020.12.07+WN3.1
5770,5890,ham,-11.2583,1,1,0,0,N|V,1,1,am,ha,sham,,2,1,E10K,SCOWL60_STABLE_2020.12.07+WN3.1
5771,5891,illustrated,-11.2583,1,0,1,0,,1,0,,illustrate,,,1,0,E10K,SCOWL60_STABLE_2020.12.07+WN3.1
5772,5892,instances,-11.2583,1,0,1,0,,1,0,,instance,,,1,0,E10K,SCOWL60_STABLE_2020.12.07+WN3.1
5773,5893,intend,-11.2583,1,0,1,0,V,1,1,,,,intends,0,1,E10K,SCOWL60_STABLE_2020.12.07+WN3.1
5774,5894,keith,-11.2583,0,0,0,0,,0,0,,,,,0,0,E10K,SCOWL60_STABLE_2020.12.07+WN3.1
5775,5895,kent,-11.2583,0,0,0,0,N,0,0,,,,,0,0,E10K,SCOWL60_STABLE_2020.12.07+WN3.1
5776,5896,kicking,-11.2583,1,0,1,0,N,0,0,,,,,0,0,E10K,SCOWL60_STABLE_2020.12.07+WN3.1
5777,5897,layout,-11.2583,1,1,0,0,N,0,0,,,,,0,0,E10K,SCOWL60_STABLE_2020.12.07+WN3.1
5778,5898,lean,-11.2583,1,1,0,0,N|V|ADJ,1,1,,lea,clean,,1,1,E10K,SCOWL60_STABLE_2020.12.07+WN3.1
5779,5899,legislature,-11.2583,1,1,0,0,N,1,1,,,,legislatures,0,1,E10K,SCOWL60_STABLE_2020.12.07+WN3.1
5780,5900,libraries,-11.2583,1,0,1,0,,0,0,,,,,0,0,E10K,SCOWL60_STABLE_2020.12.07+WN3.1
5781,5901,lifted,-11.2583,1,0,1,0,ADJ,0,0,,,,,0,0,E10K,SCOWL60_STABLE_2020.12.07+WN3.1
5782,5902,loses,-11.2583,1,0,1,0,,1,1,,lose,closes,,1,1,E10K,SCOWL60_STABLE_2020.12.07+WN3.1
5783,5903,mercury,-11.2583,1,1,0,0,N,0,0,,,,,0,0,E10K,SCOWL60_STABLE_2020.12.07+WN3.1
5784,5904,merit,-11.2583,1,1,0,0,N|V,1,1,,,,merits,0,1,E10K,SCOWL60_STABLE_2020.12.07+WN3.1
5785,5905,metropolitan,-11.2583,1,1,0,0,N|ADJ,0,0,,,,,0,0,E10K,SCOWL60_STABLE_2020.12.07+WN3.1
5786,5906,monkey,-11.2583,1,1,0,0,N|V,1,1,,,,monkeys,0,1,E10K,SCOWL60_STABLE_2020.12.07+WN3.1
5787,5907,morris,-11.2583,0,0,0,0,N,0,0,,,,,0,0,E10K,SCOWL60_STABLE_2020.12.07+WN3.1
5788,5908,noon,-11.2583,1,1,0,0,N,0,0,,,,,0,0,E10K,SCOWL60_STABLE_2020.12.07+WN3.1
5789,5909,nowadays,-11.2583,1,1,0,0,N|ADV,0,0,,,,,0,0,E10K,SCOWL60_STABLE_2020.12.07+WN3.1
5790,5910,offence,-11.2583,0,0,0,0,N,0,0,,,,,0,0,E10K,SCOWL60_STABLE_2020.12.07+WN3.1
5791,5911,origins,-11.2583,1,0,1,0,,1,0,,origin,,,1,0,E10K,SCOWL60_STABLE_2020.12.07+WN3.1
5792,5912,outfit,-11.2583,1,1,0,0,N|V,1,1,,,,outfits,0,1,E10K,SCOWL60_STABLE_2020.12.07+WN3.1
5793,5913,parish,-11.2583,1,1,0,0,N,0,0,,,,,0,0,E10K,SCOWL60_STABLE_2020.12.07+WN3.1
5794,5914,particles,-11.2583,1,0,1,0,,1,0,articles,particle,,,2,0,E10K,SCOWL60_STABLE_2020.12.07+WN3.1
5795,5915,penis,-11.2583,1,1,0,0,N,0,0,,,,,0,0,E10K,SCOWL60_STABLE_2020.12.07+WN3.1
5796,5916,poems,-11.2583,1,0,1,0,,1,0,,poem,,,1,0,E10K,SCOWL60_STABLE_2020.12.07+WN3.1
5797,5917,politician,-11.2583,1,1,0,0,N,1,1,,,,politicians,0,1,E10K,SCOWL60_STABLE_2020.12.07+WN3.1
5798,5918,ports,-11.2583,1,0,1,0,,1,1,,port,sports,,1,1,E10K,SCOWL60_STABLE_2020.12.07+WN3.1
5799,5919,promising,-11.2583,1,1,1,0,ADJ,0,0,,,,,0,0,E10K,SCOWL60_STABLE_2020.12.07+WN3.1
5800,5920,providers,-11.2583,1,0,1,0,,1,0,,provider,,,1,0,E10K,SCOWL60_STABLE_2020.12.07+WN3.1
5801,5921,rebel,-11.2583,1,1,0,0,N|V,1,1,,,,rebels,0,1,E10K,SCOWL60_STABLE_2020.12.07+WN3.1
5802,5922,renewed,-11.2583,1,0,1,0,ADJ,0,0,,,,,0,0,E10K,SCOWL60_STABLE_2020.12.07+WN3.1
5803,5923,rep,-11.2583,1,1,0,0,N,1,1,,re,prep,reps,1,2,E10K,SCOWL60_STABLE_2020.12.07+WN3.1
5804,5924,replacing,-11.2583,1,0,1,0,N,0,0,,,,,0,0,E10K,SCOWL60_STABLE_2020.12.07+WN3.1
5805,5925,rod,-11.2583,1,1,0,0,N,1,1,,,,rode;rods,0,2,E10K,SCOWL60_STABLE_2020.12.07+WN3.1
5806,5926,runner,-11.2583,1,1,0,0,N,1,1,,,,runners,0,1,E10K,SCOWL60_STABLE_2020.12.07+WN3.1
5807,5927,sang,-11.2583,1,1,0,0,N,0,0,,,,,0,0,E10K,SCOWL60_STABLE_2020.12.07+WN3.1
5808,5928,separately,-11.2583,1,0,1,0,ADV,0,0,,,,,0,0,E10K,SCOWL60_STABLE_2020.12.07+WN3.1
5809,5929,sounded,-11.2583,1,0,1,0,,0,0,,,,,0,0,E10K,SCOWL60_STABLE_2020.12.07+WN3.1
5810,5930,soup,-11.2583,1,1,0,0,N|V,0,0,,,,,0,0,E10K,SCOWL60_STABLE_2020.12.07+WN3.1
5811,5931,spite,-11.2583,1,1,0,0,N|V,1,0,,spit,,,1,0,E10K,SCOWL60_STABLE_2020.12.07+WN3.1
5812,5932,sporting,-11.2583,1,1,1,0,ADJ,0,0,,,,,0,0,E10K,SCOWL60_STABLE_2020.12.07+WN3.1
5813,5933,spotted,-11.2583,1,1,0,0,ADJ,0,0,,,,,0,0,E10K,SCOWL60_STABLE_2020.12.07+WN3.1
5814,5934,springs,-11.2583,1,0,1,0,,1,0,,spring,,,1,0,E10K,SCOWL60_STABLE_2020.12.07+WN3.1
5815,5935,sri,-11.2583,0,0,0,0,,0,0,,,,,0,0,E10K,SCOWL60_STABLE_2020.12.07+WN3.1
5816,5936,technological,-11.2583,1,1,0,0,ADJ,0,0,,,,,0,0,E10K,SCOWL60_STABLE_2020.12.07+WN3.1
5817,5937,teenage,-11.2583,1,1,0,0,ADJ,1,1,,,,teenager,0,1,E10K,SCOWL60_STABLE_2020.12.07+WN3.1
5818,5938,territorial,-11.2583,1,1,0,0,N|ADJ,0,0,,,,,0,0,E10K,SCOWL60_STABLE_2020.12.07+WN3.1
5819,5939,torn,-11.2583,1,1,0,0,ADJ,1,0,,tor,,,1,0,E10K,SCOWL60_STABLE_2020.12.07+WN3.1
5820,5940,tourists,-11.2583,1,0,1,0,,1,0,,tourist,,,1,0,E10K,SCOWL60_STABLE_2020.12.07+WN3.1
5821,5941,transformed,-11.2583,1,0,1,0,ADJ,0,0,,,,,0,0,E10K,SCOWL60_STABLE_2020.12.07+WN3.1
5822,5942,tribes,-11.2583,1,0,1,0,,1,0,,tribe,,,1,0,E10K,SCOWL60_STABLE_2020.12.07+WN3.1
5823,5943,trophy,-11.2583,1,1,0,0,N,0,0,,,,,0,0,E10K,SCOWL60_STABLE_2020.12.07+WN3.1
5824,5944,uncertainty,-11.2583,1,0,1,0,N,0,0,,,,,0,0,E10K,SCOWL60_STABLE_2020.12.07+WN3.1
5825,5945,understands,-11.2583,1,0,1,0,,1,0,,understand,,,1,0,E10K,SCOWL60_STABLE_2020.12.07+WN3.1
5826,5946,variation,-11.2583,1,1,1,0,N,1,1,,,,variations,0,1,E10K,SCOWL60_STABLE_2020.12.07+WN3.1
5827,5947,varied,-11.2583,1,1,1,0,ADJ,0,0,,,,,0,0,E10K,SCOWL60_STABLE_2020.12.07+WN3.1
5828,5948,vienna,-11.2583,0,0,0,0,N,0,0,,,,,0,0,E10K,SCOWL60_STABLE_2020.12.07+WN3.1
5829,5949,viewing,-11.2583,1,1,1,0,N,0,0,,,,,0,0,E10K,SCOWL60_STABLE_2020.12.07+WN3.1
5830,5950,workshop,-11.2583,1,1,0,0,N,1,1,,,,workshops,0,1,E10K,SCOWL60_STABLE_2020.12.07+WN3.1
5831,5951,wrapped,-11.2583,1,1,0,0,ADJ,0,0,,,,,0,0,E10K,SCOWL60_STABLE_2020.12.07+WN3.1
5832,5952,xi,-11.2583,1,1,0,0,N|ADJ,1,1,i,,,xii;xiv,1,2,E10K,SCOWL60_STABLE_2020.12.07+WN3.1
5833,5954,additionally,-11.2818,1,0,1,0,ADV,0,0,,,,,0,0,E10K,SCOWL60_STABLE_2020.12.07+WN3.1
5834,5955,albums,-11.2818,1,0,1,0,,1,0,,album,,,1,0,E10K,SCOWL60_STABLE_2020.12.07+WN3.1
5835,5956,anytime,-11.2818,1,1,0,0,,0,0,,,,,0,0,E10K,SCOWL60_STABLE_2020.12.07+WN3.1
5836,5957,attraction,-11.2818,1,1,0,0,N,1,1,,,,attractions,0,1,E10K,SCOWL60_STABLE_2020.12.07+WN3.1
5837,5958,avoided,-11.2818,1,0,1,0,,0,0,,,,,0,0,E10K,SCOWL60_STABLE_2020.12.07+WN3.1
5838,5959,beans,-11.2818,1,0,1,0,,1,0,,bean,,,1,0,E10K,SCOWL60_STABLE_2020.12.07+WN3.1
5839,5960,beard,-11.2818,1,1,0,0,N|V,1,1,,bear,,beards,1,1,E10K,SCOWL60_STABLE_2020.12.07+WN3.1
5840,5961,birmingham,-11.2818,0,0,0,0,N,0,0,,,,,0,0,E10K,SCOWL60_STABLE_2020.12.07+WN3.1
5841,5962,blessing,-11.2818,1,1,1,0,N,1,1,,,,blessings,0,1,E10K,SCOWL60_STABLE_2020.12.07+WN3.1
5842,5963,blew,-11.2818,1,1,0,0,,0,0,,,,,0,0,E10K,SCOWL60_STABLE_2020.12.07+WN3.1
5843,5964,bubble,-11.2818,1,1,0,0,N|V,1,1,,,,bubbles,0,1,E10K,SCOWL60_STABLE_2020.12.07+WN3.1
5844,5965,buffalo,-11.2818,1,1,0,0,N|V,0,0,,,,,0,0,E10K,SCOWL60_STABLE_2020.12.07+WN3.1
5845,5966,capitalism,-11.2818,1,1,0,0,N,0,0,,,,,0,0,E10K,SCOWL60_STABLE_2020.12.07+WN3.1
5846,5967,chill,-11.2818,1,1,0,0,N|V,1,1,hill,,,chilly;chills,1,2,E10K,SCOWL60_STABLE_2020.12.07+WN3.1
5847,5968,concentrate,-11.2818,1,1,0,0,N|V,1,1,,,,concentrated;concentrates,0,2,E10K,SCOWL60_STABLE_2020.12.07+WN3.1
5848,5969,cooked,-11.2818,1,1,1,0,ADJ,0,0,,,,,0,0,E10K,SCOWL60_STABLE_2020.12.07+WN3.1
5849,5970,dam,-11.2818,1,1,0,0,N|V,1,1,am,,,damn;dame;damp;dams,1,4,E10K,SCOWL60_STABLE_2020.12.07+WN3.1
5850,5971,damages,-11.2818,1,1,1,0,N,1,0,,damage,,,1,0,E10K,SCOWL60_STABLE_2020.12.07+WN3.1
5851,5972,deadline,-11.2818,1,1,0,0,N,1,1,,,,deadlines,0,1,E10K,SCOWL60_STABLE_2020.12.07+WN3.1
5852,5973,displays,-11.2818,1,0,1,0,,1,0,,display,,,1,0,E10K,SCOWL60_STABLE_2020.12.07+WN3.1
5853,5974,divide,-11.2818,1,1,0,0,N|V,1,1,,,,divided;divides,0,2,E10K,SCOWL60_STABLE_2020.12.07+WN3.1
5854,5975,doc,-11.2818,1,1,0,0,N,1,1,,do,,dock;docs,1,2,E10K,SCOWL60_STABLE_2020.12.07+WN3.1
5855,5976,encountered,-11.2818,1,0,1,0,,0,0,,,,,0,0,E10K,SCOWL60_STABLE_2020.12.07+WN3.1
5856,5977,fc,-11.2818,0,0,0,0,,0,0,,,,,0,0,E10K,SCOWL60_STABLE_2020.12.07+WN3.1
5857,5978,fixing,-11.2818,1,0,1,0,N,0,0,,,,,0,0,E10K,SCOWL60_STABLE_2020.12.07+WN3.1
5858,5979,formally,-11.2818,1,0,1,0,ADV,0,0,,,,,0,0,E10K,SCOWL60_STABLE_2020.12.07+WN3.1
5859,5980,genes,-11.2818,1,1,1,0,,1,0,,gene,,,1,0,E10K,SCOWL60_STABLE_2020.12.07+WN3.1
5860,5981,gentlemen,-11.2818,1,1,0,0,,0,0,,,,,0,0,E10K,SCOWL60_STABLE_2020.12.07+WN3.1
5861,5982,hates,-11.2818,1,0,1,0,,1,0,,hate,,,1,0,E10K,SCOWL60_STABLE_2020.12.07+WN3.1
5862,5983,heating,-11.2818,1,1,1,0,N,1,1,eating,,cheating,,1,1,E10K,SCOWL60_STABLE_2020.12.07+WN3.1
5863,5984,hp,-11.2818,1,1,0,0,N,0,0,,,,,0,0,E10K,SCOWL60_STABLE_2020.12.07+WN3.1
5864,5985,hr,-11.2818,1,1,0,0,N,1,1,,,,hrs,0,1,E10K,SCOWL60_STABLE_2020.12.07+WN3.1
5865,5986,indirect,-11.2818,1,1,0,0,ADJ,0,0,,,,,0,0,E10K,SCOWL60_STABLE_2020.12.07+WN3.1
5866,5987,influential,-11.2818,1,1,0,0,ADJ,0,0,,,,,0,0,E10K,SCOWL60_STABLE_2020.12.07+WN3.1
5867,5988,institutional,-11.2818,1,1,0,0,ADJ,0,0,,,,,0,0,E10K,SCOWL60_STABLE_2020.12.07+WN3.1
5868,5989,interim,-11.2818,1,1,0,0,N|ADJ,0,0,,,,,0,0,E10K,SCOWL60_STABLE_2020.12.07+WN3.1
5869,5990,justified,-11.2818,1,1,1,0,ADJ,0,0,,,,,0,0,E10K,SCOWL60_STABLE_2020.12.07+WN3.1
5870,5991,keen,-11.2818,1,1,0,0,N|V|ADJ,0,0,,,,,0,0,E10K,SCOWL60_STABLE_2020.12.07+WN3.1
5871,5992,labels,-11.2818,1,0,1,0,,1,0,,label,,,1,0,E10K,SCOWL60_STABLE_2020.12.07+WN3.1
5872,5993,lacking,-11.2818,1,0,1,0,ADJ,0,0,,,,,0,0,E10K,SCOWL60_STABLE_2020.12.07+WN3.1
5873,5994,licensed,-11.2818,1,1,1,0,ADJ,1,0,,license,,,1,0,E10K,SCOWL60_STABLE_2020.12.07+WN3.1
5874,5995,madison,-11.2818,0,0,0,0,N,0,0,,,,,0,0,E10K,SCOWL60_STABLE_2020.12.07+WN3.1
5875,5996,majesty,-11.2818,1,1,0,0,N,0,0,,,,,0,0,E10K,SCOWL60_STABLE_2020.12.07+WN3.1
5876,5997,mason,-11.2818,1,1,0,0,N,0,0,,,,,0,0,E10K,SCOWL60_STABLE_2020.12.07+WN3.1
5877,5998,merchant,-11.2818,1,1,0,0,N,1,1,,,,merchants,0,1,E10K,SCOWL60_STABLE_2020.12.07+WN3.1
5878,5999,minnesota,-11.2818,0,0,0,0,N,0,0,,,,,0,0,E10K,SCOWL60_STABLE_2020.12.07+WN3.1
5879,6000,mud,-11.2818,1,1,0,0,N|V,1,0,,mu,,,1,0,E10K,SCOWL60_STABLE_2020.12.07+WN3.1
5880,6001,nato,-11.2818,0,0,0,0,N,0,0,,,,,0,0,E10K,SCOWL60_STABLE_2020.12.07+WN3.1
5881,6002,nonsense,-11.2818,1,1,0,0,N|ADJ,0,0,,,,,0,0,E10K,SCOWL60_STABLE_2020.12.07+WN3.1
5882,6003,occasional,-11.2818,1,1,0,0,ADJ,0,0,,,,,0,0,E10K,SCOWL60_STABLE_2020.12.07+WN3.1
5883,6004,olive,-11.2818,1,1,1,0,N|ADJ,1,1,live,,,olives,1,1,E10K,SCOWL60_STABLE_2020.12.07+WN3.1
5884,6005,ottawa,-11.2818,0,0,0,0,N,0,0,,,,,0,0,E10K,SCOWL60_STABLE_2020.12.07+WN3.1
5885,6006,outta,-11.2818,1,1,0,0,,0,0,,,,,0,0,E10K,SCOWL60_STABLE_2020.12.07+WN3.1
5886,6007,overnight,-11.2818,1,1,0,0,ADJ|ADV,0,0,,,,,0,0,E10K,SCOWL60_STABLE_2020.12.07+WN3.1
5887,6008,palestine,-11.2818,0,0,0,0,N,0,0,,,,,0,0,E10K,SCOWL60_STABLE_2020.12.07+WN3.1
5888,6009,potter,-11.2818,1,1,0,0,N|V,1,1,otter,,,pottery,1,1,E10K,SCOWL60_STABLE_2020.12.07+WN3.1
5889,6010,premiere,-11.2818,1,1,0,0,N|V|ADJ,1,0,,premier,,,1,0,E10K,SCOWL60_STABLE_2020.12.07+WN3.1
5890,6011,pressing,-11.2818,1,1,1,0,N|ADJ,0,0,,,,,0,0,E10K,SCOWL60_STABLE_2020.12.07+WN3.1
5891,6012,preventing,-11.2818,1,0,1,0,,0,0,,,,,0,0,E10K,SCOWL60_STABLE_2020.12.07+WN3.1
5892,6013,rises,-11.2818,1,0,1,0,,1,1,,rise,arises;crises,,1,2,E10K,SCOWL60_STABLE_2020.12.07+WN3.1
5893,6014,roberts,-11.2818,0,0,0,0,N,0,0,,,,,0,0,E10K,SCOWL60_STABLE_2020.12.07+WN3.1
5894,6015,russians,-11.2818,0,0,0,0,,0,0,,,,,0,0,E10K,SCOWL60_STABLE_2020.12.07+WN3.1
5895,6016,sadly,-11.2818,1,0,1,0,ADV,0,0,,,,,0,0,E10K,SCOWL60_STABLE_2020.12.07+WN3.1
5896,6017,scan,-11.2818,1,1,0,0,N|V,1,1,can,,,scans,1,1,E10K,SCOWL60_STABLE_2020.12.07+WN3.1
5897,6018,sergeant,-11.2818,1,1,0,0,N,0,0,,,,,0,0,E10K,SCOWL60_STABLE_2020.12.07+WN3.1
5898,6019,shaw,-11.2818,0,0,0,0,N,0,0,,,,,0,0,E10K,SCOWL60_STABLE_2020.12.07+WN3.1
5899,6020,shine,-11.2818,1,1,0,0,N|V,1,1,,shin,,shines,1,1,E10K,SCOWL60_STABLE_2020.12.07+WN3.1
5900,6021,sins,-11.2818,1,0,1,0,,1,0,ins,sin,,,2,0,E10K,SCOWL60_STABLE_2020.12.07+WN3.1
5901,6022,southeast,-11.2818,1,1,0,0,N|ADJ|ADV,0,0,,,,,0,0,E10K,SCOWL60_STABLE_2020.12.07+WN3.1
5902,6023,spray,-11.2818,1,1,0,0,N|V,1,0,pray,,,,1,0,E10K,SCOWL60_STABLE_2020.12.07+WN3.1
5903,6024,switched,-11.2818,1,0,1,0,,0,0,,,,,0,0,E10K,SCOWL60_STABLE_2020.12.07+WN3.1
5904,6025,technically,-11.2818,1,0,1,0,ADV,0,0,,,,,0,0,E10K,SCOWL60_STABLE_2020.12.07+WN3.1
5905,6026,thermal,-11.2818,1,1,0,0,N|ADJ,0,0,,,,,0,0,E10K,SCOWL60_STABLE_2020.12.07+WN3.1
5906,6027,unfortunate,-11.2818,1,1,1,0,N|ADJ,0,0,,,,,0,0,E10K,SCOWL60_STABLE_2020.12.07+WN3.1
5907,6028,unhappy,-11.2818,1,1,1,0,ADJ,0,0,,,,,0,0,E10K,SCOWL60_STABLE_2020.12.07+WN3.1
5908,6029,visa,-11.2818,1,1,0,0,N|V,1,1,,,,visas,0,1,E10K,SCOWL60_STABLE_2020.12.07+WN3.1
5909,6030,wa,-11.2818,0,0,0,0,N,0,0,,,,,0,0,E10K,SCOWL60_STABLE_2020.12.07+WN3.1
5910,6031,wont,-11.2818,1,1,0,0,N,1,0,,won,,,1,0,E10K,SCOWL60_STABLE_2020.12.07+WN3.1
5911,6032,worrying,-11.2818,1,1,1,0,N|ADJ,0,0,,,,,0,0,E10K,SCOWL60_STABLE_2020.12.07+WN3.1
5912,6033,addiction,-11.3059,1,1,0,0,N,0,0,,,,,0,0,E10K,SCOWL60_STABLE_2020.12.07+WN3.1
5913,6034,adjacent,-11.3059,1,1,0,0,ADJ,0,0,,,,,0,0,E10K,SCOWL60_STABLE_2020.12.07+WN3.1
5914,6035,adjust,-11.3059,1,1,0,0,V,0,0,,,,,0,0,E10K,SCOWL60_STABLE_2020.12.07+WN3.1
5915,6036,advances,-11.3059,1,0,1,0,,1,0,,advance,,,1,0,E10K,SCOWL60_STABLE_2020.12.07+WN3.1
5916,6037,alike,-11.3059,1,1,0,0,ADJ|ADV,1,0,like,,,,1,0,E10K,SCOWL60_STABLE_2020.12.07+WN3.1
5917,6038,allied,-11.3059,1,0,1,0,ADJ,0,0,,,,,0,0,E10K,SCOWL60_STABLE_2020.12.07+WN3.1
5918,6039,ally,-11.3059,1,1,0,0,N|V,1,1,,all,rally;sally;tally;wally,,1,4,E10K,SCOWL60_STABLE_2020.12.07+WN3.1
5919,6040,animation,-11.3059,1,1,1,0,N,1,1,,,,animations,0,1,E10K,SCOWL60_STABLE_2020.12.07+WN3.1
5920,6041,answering,-11.3059,1,0,1,0,ADJ,0,0,,,,,0,0,E10K,SCOWL60_STABLE_2020.12.07+WN3.1
5921,6042,anticipated,-11.3059,1,1,1,0,ADJ,1,0,,anticipate,,,1,0,E10K,SCOWL60_STABLE_2020.12.07+WN3.1
5922,6043,arrives,-11.3059,1,0,1,0,,1,0,,arrive,,,1,0,E10K,SCOWL60_STABLE_2020.12.07+WN3.1
5923,6044,attitudes,-11.3059,1,0,1,0,,1,0,,attitude,,,1,0,E10K,SCOWL60_STABLE_2020.12.07+WN3.1
5924,6045,avoiding,-11.3059,1,0,1,0,,0,0,,,,,0,0,E10K,SCOWL60_STABLE_2020.12.07+WN3.1
5925,6046,ba,-11.3059,0,0,0,0,N,0,0,,,,,0,0,E10K,SCOWL60_STABLE_2020.12.07+WN3.1
5926,6047,basement,-11.3059,1,1,1,0,N,0,0,,,,,0,0,E10K,SCOWL60_STABLE_2020.12.07+WN3.1
5927,6048,beam,-11.3059,1,1,0,0,N|V,1,1,,,,beams,0,1,E10K,SCOWL60_STABLE_2020.12.07+WN3.1
5928,6049,belonged,-11.3059,1,0,1,0,,0,0,,,,,0,0,E10K,SCOWL60_STABLE_2020.12.07+WN3.1
5929,6050,bernard,-11.3059,0,0,0,0,N,0,0,,,,,0,0,E10K,SCOWL60_STABLE_2020.12.07+WN3.1
5930,6051,bleeding,-11.3059,1,1,1,0,N,0,0,,,,,0,0,E10K,SCOWL60_STABLE_2020.12.07+WN3.1
5931,6052,bud,-11.3059,1,1,0,0,N|V,1,1,,bu,,buds,1,1,E10K,SCOWL60_STABLE_2020.12.07+WN3.1
5932,6053,cage,-11.3059,1,1,0,0,N|V,1,1,age,,,cages,1,1,E10K,SCOWL60_STABLE_2020.12.07+WN3.1
5933,6054,cared,-11.3059,1,0,1,0,,1,1,,care,scared,,1,1,E10K,SCOWL60_STABLE_2020.12.07+WN3.1
5934,6055,cathedral,-11.3059,1,1,0,0,N|ADJ,0,0,,,,,0,0,E10K,SCOWL60_STABLE_2020.12.07+WN3.1
5935,6056,cease,-11.3059,1,1,0,0,N|V,1,1,ease,,,ceased;ceases,1,2,E10K,SCOWL60_STABLE_2020.12.07+WN3.1
5936,6057,chains,-11.3059,1,0,1,0,N,1,0,,chain,,,1,0,E10K,SCOWL60_STABLE_2020.12.07+WN3.1
5937,6058,challenged,-11.3059,1,1,1,0,,1,0,,challenge,,,1,0,E10K,SCOWL60_STABLE_2020.12.07+WN3.1
5938,6059,charging,-11.3059,1,0,1,0,,0,0,,,,,0,0,E10K,SCOWL60_STABLE_2020.12.07+WN3.1
5939,6060,cliff,-11.3059,1,1,0,0,N,1,1,,,,cliffs,0,1,E10K,SCOWL60_STABLE_2020.12.07+WN3.1
5940,6061,closure,-11.3059,1,1,0,0,N|V,1,1,,,,closures,0,1,E10K,SCOWL60_STABLE_2020.12.07+WN3.1
5941,6062,companion,-11.3059,1,1,0,0,N|V,1,1,,,,companions,0,1,E10K,SCOWL60_STABLE_2020.12.07+WN3.1
5942,6063,comparing,-11.3059,1,0,1,0,N,0,0,,,,,0,0,E10K,SCOWL60_STABLE_2020.12.07+WN3.1
5943,6064,complaining,-11.3059,1,0,1,0,ADJ,0,0,,,,,0,0,E10K,SCOWL60_STABLE_2020.12.07+WN3.1
5944,6065,complexity,-11.3059,1,1,0,0,N,0,0,,,,,0,0,E10K,SCOWL60_STABLE_2020.12.07+WN3.1
5945,6066,connecting,-11.3059,1,0,1,0,,0,0,,,,,0,0,E10K,SCOWL60_STABLE_2020.12.07+WN3.1
5946,6067,consultant,-11.3059,1,1,0,0,N,1,1,,,,consultants,0,1,E10K,SCOWL60_STABLE_2020.12.07+WN3.1
5947,6068,counted,-11.3059,1,1,1,0,,0,0,,,,,0,0,E10K,SCOWL60_STABLE_2020.12.07+WN3.1
5948,6069,curriculum,-11.3059,1,1,0,0,N,0,0,,,,,0,0,E10K,SCOWL60_STABLE_2020.12.07+WN3.1
5949,6070,darling,-11.3059,1,1,0,0,N|ADJ,0,0,,,,,0,0,E10K,SCOWL60_STABLE_2020.12.07+WN3.1
5950,6071,declare,-11.3059,1,1,0,0,V,1,1,,,,declared;declares,0,2,E10K,SCOWL60_STABLE_2020.12.07+WN3.1
5951,6072,deficit,-11.3059,1,1,0,0,N,1,1,,,,deficits,0,1,E10K,SCOWL60_STABLE_2020.12.07+WN3.1
5952,6073,deserved,-11.3059,1,1,1,0,ADJ,1,0,,deserve,,,1,0,E10K,SCOWL60_STABLE_2020.12.07+WN3.1
5953,6074,detected,-11.3059,1,1,1,0,ADJ,0,0,,,,,0,0,E10K,SCOWL60_STABLE_2020.12.07+WN3.1
5954,6075,diameter,-11.3059,1,1,0,0,N,0,0,,,,,0,0,E10K,SCOWL60_STABLE_2020.12.07+WN3.1
5955,6076,disability,-11.3059,1,0,1,0,N,0,0,,,,,0,0,E10K,SCOWL60_STABLE_2020.12.07+WN3.1
5956,6077,draws,-11.3059,1,0,1,0,,1,0,,draw,,,1,0,E10K,SCOWL60_STABLE_2020.12.07+WN3.1
5957,6078,easter,-11.3059,0,0,0,0,N,0,0,,,,,0,0,E10K,SCOWL60_STABLE_2020.12.07+WN3.1
5958,6079,editorial,-11.3059,1,1,0,0,N|ADJ,0,0,,,,,0,0,E10K,SCOWL60_STABLE_2020.12.07+WN3.1
5959,6080,effectiveness,-11.3059,1,1,1,0,N,0,0,,,,,0,0,E10K,SCOWL60_STABLE_2020.12.07+WN3.1
5960,6081,elaborate,-11.3059,1,1,0,0,V|ADJ,1,1,,,,elaborated,0,1,E10K,SCOWL60_STABLE_2020.12.07+WN3.1
5961,6082,elephant,-11.3059,1,1,0,0,N,1,1,,,,elephants,0,1,E10K,SCOWL60_STABLE_2020.12.07+WN3.1
5962,6083,embrace,-11.3059,1,1,0,0,N|V,1,1,,,,embraced;embraces,0,2,E10K,SCOWL60_STABLE_2020.12.07+WN3.1
5963,6084,emily,-11.3059,0,0,0,0,,0,0,,,,,0,0,E10K,SCOWL60_STABLE_2020.12.07+WN3.1
5964,6085,expedition,-11.3059,1,1,1,0,N,1,1,,,,expeditions,0,1,E10K,SCOWL60_STABLE_2020.12.07+WN3.1
5965,6086,feminist,-11.3059,1,1,0,0,N|ADJ,1,1,,,,feminists,0,1,E10K,SCOWL60_STABLE_2020.12.07+WN3.1
5966,6087,flame,-11.3059,1,1,0,0,N|V,1,1,lame,,,flames,1,1,E10K,SCOWL60_STABLE_2020.12.07+WN3.1
5967,6088,freezing,-11.3059,1,0,1,0,N,0,0,,,,,0,0,E10K,SCOWL60_STABLE_2020.12.07+WN3.1
5968,6089,fruits,-11.3059,1,0,1,0,,1,0,,fruit,,,1,0,E10K,SCOWL60_STABLE_2020.12.07+WN3.1
5969,6090,gentle,-11.3059,1,1,0,0,V|ADJ,0,0,,,,,0,0,E10K,SCOWL60_STABLE_2020.12.07+WN3.1
5970,6091,goin,-11.3059,0,0,0,0,,0,0,,,,,0,0,E10K,SCOWL60_STABLE_2020.12.07+WN3.1
5971,6092,graph,-11.3059,1,1,0,0,N|V,1,1,,,,graphs,0,1,E10K,SCOWL60_STABLE_2020.12.07+WN3.1
5972,6093,guided,-11.3059,1,1,1,0,ADJ,1,0,,guide,,,1,0,E10K,SCOWL60_STABLE_2020.12.07+WN3.1
5973,6094,harvey,-11.3059,0,0,0,0,N,0,0,,,,,0,0,E10K,SCOWL60_STABLE_2020.12.07+WN3.1
5974,6095,heights,-11.3059,1,0,1,0,N,1,0,,height,,,1,0,E10K,SCOWL60_STABLE_2020.12.07+WN3.1
5975,6096,hybrid,-11.3059,1,1,0,0,N|ADJ,1,1,,,,hybrids,0,1,E10K,SCOWL60_STABLE_2020.12.07+WN3.1
5976,6097,indicating,-11.3059,1,0,1,0,,0,0,,,,,0,0,E10K,SCOWL60_STABLE_2020.12.07+WN3.1
5977,6098,installation,-11.3059,1,1,0,0,N,1,1,,,,installations,0,1,E10K,SCOWL60_STABLE_2020.12.07+WN3.1
5978,6099,intensive,-11.3059,1,1,1,0,N|ADJ,0,0,,,,,0,0,E10K,SCOWL60_STABLE_2020.12.07+WN3.1
5979,6100,intentions,-11.3059,1,0,1,0,,1,0,,intention,,,1,0,E10K,SCOWL60_STABLE_2020.12.07+WN3.1
5980,6101,iowa,-11.3059,0,0,0,0,N,0,0,,,,,0,0,E10K,SCOWL60_STABLE_2020.12.07+WN3.1
5981,6102,laughter,-11.3059,1,1,0,0,N,1,1,,,slaughter,,0,1,E10K,SCOWL60_STABLE_2020.12.07+WN3.1
5982,6103,layers,-11.3059,1,0,1,0,,1,1,,layer,players,,1,1,E10K,SCOWL60_STABLE_2020.12.07+WN3.1
5983,6104,matching,-11.3059,1,1,0,0,ADJ,0,0,,,,,0,0,E10K,SCOWL60_STABLE_2020.12.07+WN3.1
5984,6105,md,-11.3059,0,0,0,0,N,0,0,,,,,0,0,E10K,SCOWL60_STABLE_2020.12.07+WN3.1
5985,6106,micro,-11.3059,1,1,0,0,ADJ,0,0,,,,,0,0,E10K,SCOWL60_STABLE_2020.12.07+WN3.1
5986,6107,minded,-11.3059,1,1,1,0,ADJ,0,0,,,,,0,0,E10K,SCOWL60_STABLE_2020.12.07+WN3.1
5987,6108,musicians,-11.3059,1,0,1,0,,1,0,,musician,,,1,0,E10K,SCOWL60_STABLE_2020.12.07+WN3.1
5988,6109,nancy,-11.3059,0,0,0,0,N,0,0,,,,,0,0,E10K,SCOWL60_STABLE_2020.12.07+WN3.1
5989,6110,nonetheless,-11.3059,1,1,0,0,ADV,0,0,,,,,0,0,E10K,SCOWL60_STABLE_2020.12.07+WN3.1
5990,6111,openly,-11.3059,1,0,1,0,ADV,0,0,,,,,0,0,E10K,SCOWL60_STABLE_2020.12.07+WN3.1
5991,6112,outcomes,-11.3059,1,0,1,0,,1,0,,outcome,,,1,0,E10K,SCOWL60_STABLE_2020.12.07+WN3.1
5992,6113,passport,-11.3059,1,1,0,0,N,1,1,,,,passports,0,1,E10K,SCOWL60_STABLE_2020.12.07+WN3.1
5993,6114,pepper,-11.3059,1,1,0,0,N|V,1,1,,,,peppers,0,1,E10K,SCOWL60_STABLE_2020.12.07+WN3.1
5994,6115,pete,-11.3059,0,0,0,0,,0,0,,,,,0,0,E10K,SCOWL60_STABLE_2020.12.07+WN3.1
5995,6116,politically,-11.3059,1,0,1,0,ADV,0,0,,,,,0,0,E10K,SCOWL60_STABLE_2020.12.07+WN3.1
5996,6117,potato,-11.3059,1,1,0,0,N,0,0,,,,,0,0,E10K,SCOWL60_STABLE_2020.12.07+WN3.1
5997,6118,predicted,-11.3059,1,0,1,0,,0,0,,,,,0,0,E10K,SCOWL60_STABLE_2020.12.07+WN3.1
5998,6119,proceeds,-11.3059,1,1,1,0,N,1,0,,proceed,,,1,0,E10K,SCOWL60_STABLE_2020.12.07+WN3.1
5999,6120,protests,-11.3059,1,0,1,0,,1,0,,protest,,,1,0,E10K,SCOWL60_STABLE_2020.12.07+WN3.1
6000,6121,provider,-11.3059,1,1,1,0,N,1,1,,provide,,providers,1,1,E10K,SCOWL60_STABLE_2020.12.07+WN3.1
6001,6122,pussy,-11.3059,1,1,0,0,N|ADJ,0,0,,,,,0,0,E10K,SCOWL60_STABLE_2020.12.07+WN3.1
6002,6123,rachel,-11.3059,0,0,0,0,N,0,0,,,,,0,0,E10K,SCOWL60_STABLE_2020.12.07+WN3.1
6003,6124,rational,-11.3059,1,1,0,0,N|ADJ,1,1,,,,rationale,0,1,E10K,SCOWL60_STABLE_2020.12.07+WN3.1
6004,6125,rats,-11.3059,1,0,1,0,,1,0,,rat,,,1,0,E10K,SCOWL60_STABLE_2020.12.07+WN3.1
6005,6126,reasonably,-11.3059,1,1,0,0,ADV,0,0,,,,,0,0,E10K,SCOWL60_STABLE_2020.12.07+WN3.1
6006,6127,rebels,-11.3059,1,0,1,0,,1,0,,rebel,,,1,0,E10K,SCOWL60_STABLE_2020.12.07+WN3.1
6007,6128,resume,-11.3059,1,1,0,0,N|V,1,1,,,presume,resumed;resumes,0,3,E10K,SCOWL60_STABLE_2020.12.07+WN3.1
6008,6129,rhythm,-11.3059,1,1,0,0,N,1,1,,,,rhythms,0,1,E10K,SCOWL60_STABLE_2020.12.07+WN3.1
6009,6130,riot,-11.3059,1,1,0,0,N|V,1,1,,,,riots,0,1,E10K,SCOWL60_STABLE_2020.12.07+WN3.1
6010,6131,safer,-11.3059,1,0,1,0,,1,0,,safe,,,1,0,E10K,SCOWL60_STABLE_2020.12.07+WN3.1
6011,6132,sectors,-11.3059,1,0,1,0,,1,0,,sector,,,1,0,E10K,SCOWL60_STABLE_2020.12.07+WN3.1
6012,6134,sophisticated,-11.3059,1,1,1,0,ADJ,0,0,,,,,0,0,E10K,SCOWL60_STABLE_2020.12.07+WN3.1
6013,6135,specialized,-11.3059,1,0,1,0,ADJ,1,0,,specialize,,,1,0,E10K,SCOWL60_STABLE_2020.12.07+WN3.1
6014,6136,statue,-11.3059,1,1,0,0,N,1,1,,,,statues,0,1,E10K,SCOWL60_STABLE_2020.12.07+WN3.1
6015,6137,sterling,-11.3059,1,1,0,0,N|ADJ,0,0,,,,,0,0,E10K,SCOWL60_STABLE_2020.12.07+WN3.1
6016,6138,streaming,-11.3059,1,0,1,0,N|ADJ,0,0,,,,,0,0,E10K,SCOWL60_STABLE_2020.12.07+WN3.1
6017,6139,streams,-11.3059,1,0,1,0,,1,0,,stream,,,1,0,E10K,SCOWL60_STABLE_2020.12.07+WN3.1
6018,6140,stunning,-11.3059,1,1,0,0,ADJ,0,0,,,,,0,0,E10K,SCOWL60_STABLE_2020.12.07+WN3.1
6019,6141,substances,-11.3059,1,0,1,0,,1,0,,substance,,,1,0,E10K,SCOWL60_STABLE_2020.12.07+WN3.1
6020,6142,survivors,-11.3059,1,0,1,0,,1,0,,survivor,,,1,0,E10K,SCOWL60_STABLE_2020.12.07+WN3.1
6021,6143,suspicious,-11.3059,1,1,0,0,ADJ,0,0,,,,,0,0,E10K,SCOWL60_STABLE_2020.12.07+WN3.1
6022,6144,symbols,-11.3059,1,0,1,0,,1,0,,symbol,,,1,0,E10K,SCOWL60_STABLE_2020.12.07+WN3.1
6023,6145,temporarily,-11.3059,1,1,0,0,ADV,0,0,,,,,0,0,E10K,SCOWL60_STABLE_2020.12.07+WN3.1
6024,6146,testament,-11.3059,1,1,0,0,N,0,0,,,,,0,0,E10K,SCOWL60_STABLE_2020.12.07+WN3.1
6025,6147,thai,-11.3059,0,0,0,0,N|ADJ,0,0,,,,,0,0,E10K,SCOWL60_STABLE_2020.12.07+WN3.1
6026,6148,tolerance,-11.3059,1,1,0,0,N,0,0,,,,,0,0,E10K,SCOWL60_STABLE_2020.12.07+WN3.1
6027,6149,traditionally,-11.3059,1,0,1,0,ADV,0,0,,,,,0,0,E10K,SCOWL60_STABLE_2020.12.07+WN3.1
6028,6150,trauma,-11.3059,1,1,0,0,N,0,0,,,,,0,0,E10K,SCOWL60_STABLE_2020.12.07+WN3.1
6029,6151,tricks,-11.3059,1,0,1,0,,1,0,,trick,,,1,0,E10K,SCOWL60_STABLE_2020.12.07+WN3.1
6030,6152,turner,-11.3059,1,1,1,0,N,0,0,,,,,0,0,E10K,SCOWL60_STABLE_2020.12.07+WN3.1
6031,6153,und,-11.3059,0,0,0,0,,0,0,,,,,0,0,E10K,SCOWL60_STABLE_2020.12.07+WN3.1
6032,6154,unlimited,-11.3059,1,0,1,0,ADJ,0,0,,,,,0,0,E10K,SCOWL60_STABLE_2020.12.07+WN3.1
6033,6156,withdrawal,-11.3059,1,1,0,0,N,1,1,,,,withdrawals,0,1,E10K,SCOWL60_STABLE_2020.12.07+WN3.1
6034,6157,yup,-11.3059,1,1,0,0,,1,0,up,,,,1,0,E10K,SCOWL60_STABLE_2020.12.07+WN3.1
6035,6159,agrees,-11.3306,1,0,1,0,,1,0,,agree,,,1,0,E10K,SCOWL60_STABLE_2020.12.07+WN3.1
6036,6160,altogether,-11.3306,1,1,0,0,N|ADV,0,0,,,,,0,0,E10K,SCOWL60_STABLE_2020.12.07+WN3.1
6037,6161,arise,-11.3306,1,1,0,0,V,1,1,rise,,,arises;arisen,1,2,E10K,SCOWL60_STABLE_2020.12.07+WN3.1
6038,6162,availability,-11.3306,1,1,0,0,N,0,0,,,,,0,0,E10K,SCOWL60_STABLE_2020.12.07+WN3.1
6039,6163,basket,-11.3306,1,1,0,0,N,1,1,,,,baskets,0,1,E10K,SCOWL60_STABLE_2020.12.07+WN3.1
6040,6164,bend,-11.3306,1,1,0,0,N|V,1,1,end,,,bends,1,1,E10K,SCOWL60_STABLE_2020.12.07+WN3.1
6041,6165,canon,-11.3306,1,1,0,0,N,0,0,,,,,0,0,E10K,SCOWL60_STABLE_2020.12.07+WN3.1
6042,6166,carpet,-11.3306,1,1,0,0,N|V,1,1,,,,carpets,0,1,E10K,SCOWL60_STABLE_2020.12.07+WN3.1
6043,6167,casting,-11.3306,1,1,1,0,N,0,0,,,,,0,0,E10K,SCOWL60_STABLE_2020.12.07+WN3.1
6044,6168,cbs,-11.3306,0,0,0,0,,0,0,,,,,0,0,E10K,SCOWL60_STABLE_2020.12.07+WN3.1
6045,6169,cf,-11.3306,1,1,0,0,N|ADV,0,0,,,,,0,0,E10K,SCOWL60_STABLE_2020.12.07+WN3.1
6046,6170,chambers,-11.3306,1,0,1,0,N,1,0,,chamber,,,1,0,E10K,SCOWL60_STABLE_2020.12.07+WN3.1
6047,6171,chapel,-11.3306,1,1,0,0,N,0,0,,,,,0,0,E10K,SCOWL60_STABLE_2020.12.07+WN3.1
6048,6172,characterized,-11.3306,1,0,1,0,,1,0,,characterize,,,1,0,E10K,SCOWL60_STABLE_2020.12.07+WN3.1
6049,6173,charts,-11.3306,1,0,1,0,,1,0,,chart,,,1,0,E10K,SCOWL60_STABLE_2020.12.07+WN3.1
6050,6174,chick,-11.3306,1,1,0,0,N,1,1,,chic,,chicks,1,1,E10K,SCOWL60_STABLE_2020.12.07+WN3.1
6051,6175,cigarettes,-11.3306,1,0,1,0,,1,0,,cigarette,,,1,0,E10K,SCOWL60_STABLE_2020.12.07+WN3.1
6052,6176,collins,-11.3306,0,0,0,0,N,0,0,,,,,0,0,E10K,SCOWL60_STABLE_2020.12.07+WN3.1
6053,6177,colored,-11.3306,1,1,1,0,ADJ,0,0,,,,,0,0,E10K,SCOWL60_STABLE_2020.12.07+WN3.1
6054,6178,considerably,-11.3306,1,1,0,0,ADV,0,0,,,,,0,0,E10K,SCOWL60_STABLE_2020.12.07+WN3.1
6055,6179,cups,-11.3306,1,0,1,0,,1,0,ups,cup,,,2,0,E10K,SCOWL60_STABLE_2020.12.07+WN3.1
6056,6180,curse,-11.3306,1,1,0,0,N|V,1,1,,,,cursed,0,1,E10K,SCOWL60_STABLE_2020.12.07+WN3.1
6057,6181,czech,-11.3306,0,0,0,0,N|ADJ,0,0,,,,,0,0,E10K,SCOWL60_STABLE_2020.12.07+WN3.1
6058,6182,deciding,-11.3306,1,0,1,0,N|ADJ,0,0,,,,,0,0,E10K,SCOWL60_STABLE_2020.12.07+WN3.1
6059,6183,dimension,-11.3306,1,1,0,0,N|V,1,1,,,,dimensions,0,1,E10K,SCOWL60_STABLE_2020.12.07+WN3.1
6060,6184,elder,-11.3306,1,1,0,0,N|ADJ,1,1,,,,elders,0,1,E10K,SCOWL60_STABLE_2020.12.07+WN3.1
6061,6185,eliminated,-11.3306,1,0,1,0,,1,0,,eliminate,,,1,0,E10K,SCOWL60_STABLE_2020.12.07+WN3.1
6062,6186,enterprises,-11.3306,1,0,1,0,,1,0,,enterprise,,,1,0,E10K,SCOWL60_STABLE_2020.12.07+WN3.1
6063,6187,evident,-11.3306,1,1,0,0,ADJ,0,0,,,,,0,0,E10K,SCOWL60_STABLE_2020.12.07+WN3.1
6064,6188,excellence,-11.3306,1,1,0,0,N,0,0,,,,,0,0,E10K,SCOWL60_STABLE_2020.12.07+WN3.1
6065,6189,exhausted,-11.3306,1,0,1,0,ADJ,0,0,,,,,0,0,E10K,SCOWL60_STABLE_2020.12.07+WN3.1
6066,6190,financing,-11.3306,1,1,1,0,N,0,0,,,,,0,0,E10K,SCOWL60_STABLE_2020.12.07+WN3.1
6067,6191,focuses,-11.3306,1,0,1,0,,0,0,,,,,0,0,E10K,SCOWL60_STABLE_2020.12.07+WN3.1
6068,6192,freeze,-11.3306,1,1,0,0,N|V,1,1,,,,freezer;freezes,0,2,E10K,SCOWL60_STABLE_2020.12.07+WN3.1
6069,6193,graduated,-11.3306,1,0,1,0,ADJ,1,0,,graduate,,,1,0,E10K,SCOWL60_STABLE_2020.12.07+WN3.1
6070,6194,grandma,-11.3306,1,1,0,0,N,0,0,,,,,0,0,E10K,SCOWL60_STABLE_2020.12.07+WN3.1
6071,6195,hatred,-11.3306,1,1,0,0,N,0,0,,,,,0,0,E10K,SCOWL60_STABLE_2020.12.07+WN3.1
6072,6196,haven,-11.3306,1,1,0,0,N,1,0,,have,,,1,0,E10K,SCOWL60_STABLE_2020.12.07+WN3.1
6073,6197,ignorance,-11.3306,1,1,0,0,N,0,0,,,,,0,0,E10K,SCOWL60_STABLE_2020.12.07+WN3.1
6074,6198,independently,-11.3306,1,0,1,0,ADV,0,0,,,,,0,0,E10K,SCOWL60_STABLE_2020.12.07+WN3.1
6075,6199,inevitable,-11.3306,1,1,0,0,N|ADJ,0,0,,,,,0,0,E10K,SCOWL60_STABLE_2020.12.07+WN3.1
6076,6200,influences,-11.3306,1,0,1,0,,1,0,,influence,,,1,0,E10K,SCOWL60_STABLE_2020.12.07+WN3.1
6077,6201,initiated,-11.3306,1,1,1,0,,1,0,,initiate,,,1,0,E10K,SCOWL60_STABLE_2020.12.07+WN3.1
6078,6202,innovative,-11.3306,1,0,1,0,ADJ,0,0,,,,,0,0,E10K,SCOWL60_STABLE_2020.12.07+WN3.1
6079,6203,interactions,-11.3306,1,0,1,0,,1,0,,interaction,,,1,0,E10K,SCOWL60_STABLE_2020.12.07+WN3.1
6080,6204,ion,-11.3306,1,1,0,0,N,1,1,on,,lion,ions,1,2,E10K,SCOWL60_STABLE_2020.12.07+WN3.1
6081,6205,iraqi,-11.3306,0,0,0,0,N|ADJ,0,0,,,,,0,0,E10K,SCOWL60_STABLE_2020.12.07+WN3.1
6082,6206,jeremy,-11.3306,0,0,0,0,,0,0,,,,,0,0,E10K,SCOWL60_STABLE_2020.12.07+WN3.1
6083,6207,lip,-11.3306,1,1,0,0,N,1,1,,,slip;clip;flip,lips,0,4,E10K,SCOWL60_STABLE_2020.12.07+WN3.1
6084,6208,loading,-11.3306,1,0,1,0,N,0,0,,,,,0,0,E10K,SCOWL60_STABLE_2020.12.07+WN3.1
6085,6209,machinery,-11.3306,1,1,0,0,N,0,0,,,,,0,0,E10K,SCOWL60_STABLE_2020.12.07+WN3.1
6086,6210,manhattan,-11.3306,0,0,0,0,N,0,0,,,,,0,0,E10K,SCOWL60_STABLE_2020.12.07+WN3.1
6087,6211,masses,-11.3306,1,0,1,0,N,1,0,asses,,,,1,0,E10K,SCOWL60_STABLE_2020.12.07+WN3.1
6088,6212,mathematical,-11.3306,1,1,0,0,ADJ,0,0,,,,,0,0,E10K,SCOWL60_STABLE_2020.12.07+WN3.1
6089,6213,mild,-11.3306,1,1,0,0,ADJ,1,0,,mil,,,1,0,E10K,SCOWL60_STABLE_2020.12.07+WN3.1
6090,6214,mineral,-11.3306,1,1,0,0,N|ADJ,1,1,,,,minerals,0,1,E10K,SCOWL60_STABLE_2020.12.07+WN3.1
6091,6215,moses,-11.3306,0,0,0,0,N,0,0,,,,,0,0,E10K,SCOWL60_STABLE_2020.12.07+WN3.1
6092,6216,neighbor,-11.3306,1,1,0,0,N|V,1,1,,,,neighbors,0,1,E10K,SCOWL60_STABLE_2020.12.07+WN3.1
6093,6217,nutrition,-11.3306,1,1,0,0,N,0,0,,,,,0,0,E10K,SCOWL60_STABLE_2020.12.07+WN3.1
6094,6218,orbit,-11.3306,1,1,0,0,N|V,1,1,,,,orbits,0,1,E10K,SCOWL60_STABLE_2020.12.07+WN3.1
6095,6219,orleans,-11.3306,0,0,0,0,N,0,0,,,,,0,0,E10K,SCOWL60_STABLE_2020.12.07+WN3.1
6096,6220,peninsula,-11.3306,1,1,0,0,N,0,0,,,,,0,0,E10K,SCOWL60_STABLE_2020.12.07+WN3.1
6097,6221,plug,-11.3306,1,1,0,0,N|V,1,1,,,,plugs,0,1,E10K,SCOWL60_STABLE_2020.12.07+WN3.1
6098,6222,poison,-11.3306,1,1,0,0,N|V,0,0,,,,,0,0,E10K,SCOWL60_STABLE_2020.12.07+WN3.1
6099,6223,poorly,-11.3306,1,0,1,0,ADJ|ADV,0,0,,,,,0,0,E10K,SCOWL60_STABLE_2020.12.07+WN3.1
6100,6224,portuguese,-11.3306,0,0,0,0,N|ADJ,0,0,,,,,0,0,E10K,SCOWL60_STABLE_2020.12.07+WN3.1
6101,6225,pronounced,-11.3306,1,0,1,0,ADJ,1,0,,pronounce,,,1,0,E10K,SCOWL60_STABLE_2020.12.07+WN3.1
6102,6226,prospect,-11.3306,1,1,0,0,N|V,1,1,,,,prospects,0,1,E10K,SCOWL60_STABLE_2020.12.07+WN3.1
6103,6227,publish,-11.3306,1,1,0,0,V,0,0,,,,,0,0,E10K,SCOWL60_STABLE_2020.12.07+WN3.1
6104,6228,qualities,-11.3306,1,0,1,0,,0,0,,,,,0,0,E10K,SCOWL60_STABLE_2020.12.07+WN3.1
6105,6229,railroad,-11.3306,1,1,0,0,N|V,1,1,,,,railroads,0,1,E10K,SCOWL60_STABLE_2020.12.07+WN3.1
6106,6230,raises,-11.3306,1,0,1,0,,1,1,,raise,praises,,1,1,E10K,SCOWL60_STABLE_2020.12.07+WN3.1
6107,6231,reconstruction,-11.3306,1,0,1,0,N,0,0,,,,,0,0,E10K,SCOWL60_STABLE_2020.12.07+WN3.1
6108,6232,reportedly,-11.3306,1,0,1,0,ADV,0,0,,,,,0,0,E10K,SCOWL60_STABLE_2020.12.07+WN3.1
6109,6233,rev,-11.3306,1,1,1,0,N|V,1,0,,re,,,1,0,E10K,SCOWL60_STABLE_2020.12.07+WN3.1
6110,6234,rewards,-11.3306,1,0,1,0,,1,0,,reward,,,1,0,E10K,SCOWL60_STABLE_2020.12.07+WN3.1
6111,6235,sealed,-11.3306,1,0,1,0,ADJ,0,0,,,,,0,0,E10K,SCOWL60_STABLE_2020.12.07+WN3.1
6112,6236,selfish,-11.3306,1,1,0,0,ADJ,0,0,,,,,0,0,E10K,SCOWL60_STABLE_2020.12.07+WN3.1
6113,6237,skull,-11.3306,1,1,0,0,N,1,1,,,,skulls,0,1,E10K,SCOWL60_STABLE_2020.12.07+WN3.1
6114,6238,ss,-11.3306,0,0,0,0,N,0,0,,,,,0,0,E10K,SCOWL60_STABLE_2020.12.07+WN3.1
6115,6239,subtle,-11.3306,1,1,0,0,ADJ,0,0,,,,,0,0,E10K,SCOWL60_STABLE_2020.12.07+WN3.1
6116,6240,sur,-11.3306,0,0,0,0,N,0,0,,,,,0,0,E10K,SCOWL60_STABLE_2020.12.07+WN3.1
6117,6241,surgeon,-11.3306,1,1,0,0,N,1,1,,,,surgeons,0,1,E10K,SCOWL60_STABLE_2020.12.07+WN3.1
6118,6242,terrorists,-11.3306,1,0,1,0,,1,0,,terrorist,,,1,0,E10K,SCOWL60_STABLE_2020.12.07+WN3.1
6119,6243,tier,-11.3306,1,1,1,0,N,1,0,,tie,,,1,0,E10K,SCOWL60_STABLE_2020.12.07+WN3.1
6120,6244,toll,-11.3306,1,1,0,0,N|V,1,1,,,,tolls,0,1,E10K,SCOWL60_STABLE_2020.12.07+WN3.1
6121,6245,tragic,-11.3306,1,1,0,0,ADJ,0,0,,,,,0,0,E10K,SCOWL60_STABLE_2020.12.07+WN3.1
6122,6246,victorian,-11.3306,0,0,0,0,N|ADJ,0,0,,,,,0,0,E10K,SCOWL60_STABLE_2020.12.07+WN3.1
6123,6247,vocal,-11.3306,1,1,0,0,N|ADJ,1,1,,,,vocals,0,1,E10K,SCOWL60_STABLE_2020.12.07+WN3.1
6124,6248,warner,-11.3306,0,0,0,0,N,0,0,,,,,0,0,E10K,SCOWL60_STABLE_2020.12.07+WN3.1
6125,6249,wasting,-11.3306,1,0,1,0,N,0,0,,,,,0,0,E10K,SCOWL60_STABLE_2020.12.07+WN3.1
6126,6250,wives,-11.3306,1,0,1,0,,0,0,,,,,0,0,E10K,SCOWL60_STABLE_2020.12.07+WN3.1
6127,6252,wounds,-11.3306,1,0,1,0,,1,0,,wound,,,1,0,E10K,SCOWL60_STABLE_2020.12.07+WN3.1
6128,6254,acres,-11.3559,1,0,1,0,N,1,0,,acre,,,1,0,E10K,SCOWL60_STABLE_2020.12.07+WN3.1
6129,6255,affordable,-11.3559,1,0,1,0,ADJ,0,0,,,,,0,0,E10K,SCOWL60_STABLE_2020.12.07+WN3.1
6130,6256,amsterdam,-11.3559,0,0,0,0,N,0,0,,,,,0,0,E10K,SCOWL60_STABLE_2020.12.07+WN3.1
6131,6257,arabia,-11.3559,0,0,0,0,N,0,0,,,,,0,0,E10K,SCOWL60_STABLE_2020.12.07+WN3.1
6132,6258,arabic,-11.3559,0,0,0,0,N|ADJ,0,0,,,,,0,0,E10K,SCOWL60_STABLE_2020.12.07+WN3.1
6133,6259,axis,-11.3559,1,1,0,0,N,1,1,,,taxis,,0,1,E10K,SCOWL60_STABLE_2020.12.07+WN3.1
6134,6260,babe,-11.3559,1,1,0,0,N,0,0,,,,,0,0,E10K,SCOWL60_STABLE_2020.12.07+WN3.1
6135,6261,backs,-11.3559,1,0,1,0,,1,0,,back,,,1,0,E10K,SCOWL60_STABLE_2020.12.07+WN3.1
6136,6262,breed,-11.3559,1,1,0,0,N|V,1,1,reed,,,breeds,1,1,E10K,SCOWL60_STABLE_2020.12.07+WN3.1
6137,6263,casual,-11.3559,1,1,0,0,ADJ,0,0,,,,,0,0,E10K,SCOWL60_STABLE_2020.12.07+WN3.1
6138,6264,census,-11.3559,1,1,0,0,N|V,0,0,,,,,0,0,E10K,SCOWL60_STABLE_2020.12.07+WN3.1
6139,6265,cigarette,-11.3559,1,1,0,0,N,1,1,,,,cigarettes,0,1,E10K,SCOWL60_STABLE_2020.12.07+WN3.1
6140,6266,clause,-11.3559,1,1,0,0,N,1,1,,,,clauses,0,1,E10K,SCOWL60_STABLE_2020.12.07+WN3.1
6141,6267,compounds,-11.3559,1,0,1,0,,1,0,,compound,,,1,0,E10K,SCOWL60_STABLE_2020.12.07+WN3.1
6142,6268,condemned,-11.3559,1,0,1,0,,0,0,,,,,0,0,E10K,SCOWL60_STABLE_2020.12.07+WN3.1
6143,6269,conducting,-11.3559,1,0,1,0,N,0,0,,,,,0,0,E10K,SCOWL60_STABLE_2020.12.07+WN3.1
6144,6270,constitute,-11.3559,1,1,0,0,V,1,1,,,,constitutes;constituted,0,2,E10K,SCOWL60_STABLE_2020.12.07+WN3.1
6145,6271,cope,-11.3559,1,1,0,0,N|V,1,1,,cop,scope,,1,1,E10K,SCOWL60_STABLE_2020.12.07+WN3.1
6146,6272,corners,-11.3559,1,0,1,0,,1,0,,corner,,,1,0,E10K,SCOWL60_STABLE_2020.12.07+WN3.1
6147,6273,deer,-11.3559,1,1,1,0,N,0,0,,,,,0,0,E10K,SCOWL60_STABLE_2020.12.07+WN3.1
6148,6274,defenders,-11.3559,1,0,1,0,,1,0,,defender,,,1,0,E10K,SCOWL60_STABLE_2020.12.07+WN3.1
6149,6275,delighted,-11.3559,1,1,1,0,ADJ,0,0,,,,,0,0,E10K,SCOWL60_STABLE_2020.12.07+WN3.1
6150,6276,delta,-11.3559,1,1,0,0,N,0,0,,,,,0,0,E10K,SCOWL60_STABLE_2020.12.07+WN3.1
6151,6277,descent,-11.3559,1,0,1,0,N,0,0,,,,,0,0,E10K,SCOWL60_STABLE_2020.12.07+WN3.1
6152,6278,destroying,-11.3559,1,0,1,0,,0,0,,,,,0,0,E10K,SCOWL60_STABLE_2020.12.07+WN3.1
6153,6279,detect,-11.3559,1,1,0,0,V,0,0,,,,,0,0,E10K,SCOWL60_STABLE_2020.12.07+WN3.1
6154,6280,diesel,-11.3559,1,1,0,0,N,0,0,,,,,0,0,E10K,SCOWL60_STABLE_2020.12.07+WN3.1
6155,6281,differ,-11.3559,1,1,1,0,V,1,1,,,,differs,0,1,E10K,SCOWL60_STABLE_2020.12.07+WN3.1
6156,6282,enhanced,-11.3559,1,0,1,0,ADJ,1,0,,enhance,,,1,0,E10K,SCOWL60_STABLE_2020.12.07+WN3.1
6157,6283,enters,-11.3559,1,0,1,0,,1,1,,enter,centers,,1,1,E10K,SCOWL60_STABLE_2020.12.07+WN3.1
6158,6284,es,-11.3559,1,0,1,0,N,1,1,,,yes;res;hes,est;esp,0,5,E10K,SCOWL60_STABLE_2020.12.07+WN3.1
6159,6285,exceptions,-11.3559,1,0,1,0,,1,0,,exception,,,1,0,E10K,SCOWL60_STABLE_2020.12.07+WN3.1
6160,6286,glorious,-11.3559,1,1,0,0,ADJ,0,0,,,,,0,0,E10K,SCOWL60_STABLE_2020.12.07+WN3.1
6161,6287,hostile,-11.3559,1,1,0,0,N|ADJ,0,0,,,,,0,0,E10K,SCOWL60_STABLE_2020.12.07+WN3.1
6162,6288,hurting,-11.3559,1,0,1,0,N,0,0,,,,,0,0,E10K,SCOWL60_STABLE_2020.12.07+WN3.1
6163,6289,interactive,-11.3559,1,1,1,0,ADJ,0,0,,,,,0,0,E10K,SCOWL60_STABLE_2020.12.07+WN3.1
6164,6290,intermediate,-11.3559,1,1,0,0,N|V|ADJ,0,0,,,,,0,0,E10K,SCOWL60_STABLE_2020.12.07+WN3.1
6165,6291,jets,-11.3559,1,0,1,0,,1,0,,jet,,,1,0,E10K,SCOWL60_STABLE_2020.12.07+WN3.1
6166,6292,judging,-11.3559,1,0,1,0,N,0,0,,,,,0,0,E10K,SCOWL60_STABLE_2020.12.07+WN3.1
6167,6293,keyboard,-11.3559,1,1,0,0,N,1,1,,,,keyboards,0,1,E10K,SCOWL60_STABLE_2020.12.07+WN3.1
6168,6294,legends,-11.3559,1,0,1,0,,1,0,,legend,,,1,0,E10K,SCOWL60_STABLE_2020.12.07+WN3.1
6169,6295,licence,-11.3559,0,0,0,0,N|V,0,0,,,,,0,0,E10K,SCOWL60_STABLE_2020.12.07+WN3.1
6170,6296,lied,-11.3559,1,1,1,0,N,1,0,,lie,,,1,0,E10K,SCOWL60_STABLE_2020.12.07+WN3.1
6171,6297,linear,-11.3559,1,1,0,0,ADJ,0,0,,,,,0,0,E10K,SCOWL60_STABLE_2020.12.07+WN3.1
6172,6298,locally,-11.3559,1,0,1,0,ADV,0,0,,,,,0,0,E10K,SCOWL60_STABLE_2020.12.07+WN3.1
6173,6299,magnificent,-11.3559,1,1,0,0,ADJ,0,0,,,,,0,0,E10K,SCOWL60_STABLE_2020.12.07+WN3.1
6174,6300,mandatory,-11.3559,1,1,0,0,N|ADJ,0,0,,,,,0,0,E10K,SCOWL60_STABLE_2020.12.07+WN3.1
6175,6301,manufactured,-11.3559,1,0,1,0,ADJ,1,0,,manufacture,,,1,0,E10K,SCOWL60_STABLE_2020.12.07+WN3.1
6176,6302,maritime,-11.3559,1,1,0,0,ADJ,0,0,,,,,0,0,E10K,SCOWL60_STABLE_2020.12.07+WN3.1
6177,6303,mentions,-11.3559,1,0,1,0,,1,0,,mention,,,1,0,E10K,SCOWL60_STABLE_2020.12.07+WN3.1
6178,6304,miserable,-11.3559,1,0,1,0,ADJ,0,0,,,,,0,0,E10K,SCOWL60_STABLE_2020.12.07+WN3.1
6179,6305,mississippi,-11.3559,0,0,0,0,N,0,0,,,,,0,0,E10K,SCOWL60_STABLE_2020.12.07+WN3.1
6180,6306,missouri,-11.3559,0,0,0,0,N,0,0,,,,,0,0,E10K,SCOWL60_STABLE_2020.12.07+WN3.1
6181,6307,monsters,-11.3559,1,0,1,0,,1,0,,monster,,,1,0,E10K,SCOWL60_STABLE_2020.12.07+WN3.1
6182,6308,myth,-11.3559,1,1,0,0,N,1,1,,,,myths,0,1,E10K,SCOWL60_STABLE_2020.12.07+WN3.1
6183,6310,oklahoma,-11.3559,0,0,0,0,N,0,0,,,,,0,0,E10K,SCOWL60_STABLE_2020.12.07+WN3.1
6184,6311,organs,-11.3559,1,0,1,0,N,1,0,,organ,,,1,0,E10K,SCOWL60_STABLE_2020.12.07+WN3.1
6185,6312,pale,-11.3559,1,1,0,0,N|V|ADJ,1,0,ale,pal,,,2,0,E10K,SCOWL60_STABLE_2020.12.07+WN3.1
6186,6313,pearl,-11.3559,1,1,0,0,N|V,1,1,earl,pear,,pearls,2,1,E10K,SCOWL60_STABLE_2020.12.07+WN3.1
6187,6314,penalties,-11.3559,1,0,1,0,,0,0,,,,,0,0,E10K,SCOWL60_STABLE_2020.12.07+WN3.1
6188,6315,permanently,-11.3559,1,0,1,0,ADV,0,0,,,,,0,0,E10K,SCOWL60_STABLE_2020.12.07+WN3.1
6189,6316,pile,-11.3559,1,1,0,0,N|V,1,1,,,,piles;piled,0,2,E10K,SCOWL60_STABLE_2020.12.07+WN3.1
6190,6317,playoff,-11.3559,1,1,0,0,N,1,1,,,,playoffs,0,1,E10K,SCOWL60_STABLE_2020.12.07+WN3.1
6191,6318,potatoes,-11.3559,1,1,0,0,,0,0,,,,,0,0,E10K,SCOWL60_STABLE_2020.12.07+WN3.1
6192,6319,presenting,-11.3559,1,0,1,0,,0,0,,,,,0,0,E10K,SCOWL60_STABLE_2020.12.07+WN3.1
6193,6320,pressed,-11.3559,1,1,1,0,ADJ,0,0,,,,,0,0,E10K,SCOWL60_STABLE_2020.12.07+WN3.1
6194,6321,publishers,-11.3559,1,0,1,0,,1,0,,publisher,,,1,0,E10K,SCOWL60_STABLE_2020.12.07+WN3.1
6195,6322,realised,-11.3559,0,0,0,0,ADJ,0,0,,,,,0,0,E10K,SCOWL60_STABLE_2020.12.07+WN3.1
6196,6323,receiver,-11.3559,1,1,1,0,N,1,1,,receive,,receivers,1,1,E10K,SCOWL60_STABLE_2020.12.07+WN3.1
6197,6324,recommendation,-11.3559,1,0,1,0,N,1,1,,,,recommendations,0,1,E10K,SCOWL60_STABLE_2020.12.07+WN3.1
6198,6325,reject,-11.3559,1,1,0,0,N|V,1,1,,,,rejects,0,1,E10K,SCOWL60_STABLE_2020.12.07+WN3.1
6199,6326,reminder,-11.3559,1,1,1,0,N,1,1,,,,reminders,0,1,E10K,SCOWL60_STABLE_2020.12.07+WN3.1
6200,6327,rotation,-11.3559,1,1,1,0,N,0,0,,,,,0,0,E10K,SCOWL60_STABLE_2020.12.07+WN3.1
6201,6328,ruins,-11.3559,1,0,1,0,,1,1,,ruin,bruins,,1,1,E10K,SCOWL60_STABLE_2020.12.07+WN3.1
6202,6329,salad,-11.3559,1,1,0,0,N,1,1,,,,salads,0,1,E10K,SCOWL60_STABLE_2020.12.07+WN3.1
6203,6330,scandal,-11.3559,1,1,0,0,N,1,1,,,,scandals,0,1,E10K,SCOWL60_STABLE_2020.12.07+WN3.1
6204,6331,sexually,-11.3559,1,0,1,0,ADV,0,0,,,,,0,0,E10K,SCOWL60_STABLE_2020.12.07+WN3.1
6205,6332,sierra,-11.3559,1,1,0,0,N,0,0,,,,,0,0,E10K,SCOWL60_STABLE_2020.12.07+WN3.1
6206,6333,slot,-11.3559,1,1,0,0,N|V,1,1,lot,,,slots,1,1,E10K,SCOWL60_STABLE_2020.12.07+WN3.1
6207,6334,solved,-11.3559,1,1,1,0,ADJ,1,0,,solve,,,1,0,E10K,SCOWL60_STABLE_2020.12.07+WN3.1
6208,6335,static,-11.3559,1,1,0,0,N|ADJ,0,0,,,,,0,0,E10K,SCOWL60_STABLE_2020.12.07+WN3.1
6209,6336,tablet,-11.3559,1,1,0,0,N,1,1,,table,,tablets,1,1,E10K,SCOWL60_STABLE_2020.12.07+WN3.1
6210,6337,tackle,-11.3559,1,1,0,0,N|V,1,1,,,,tackles;tackled,0,2,E10K,SCOWL60_STABLE_2020.12.07+WN3.1
6211,6338,tales,-11.3559,1,0,1,0,,1,0,,tale,,,1,0,E10K,SCOWL60_STABLE_2020.12.07+WN3.1
6212,6339,tattoo,-11.3559,1,1,0,0,N|V,1,1,,,,tattoos,0,1,E10K,SCOWL60_STABLE_2020.12.07+WN3.1
6213,6340,thread,-11.3559,1,1,0,0,N|V,1,1,,,,threads,0,1,E10K,SCOWL60_STABLE_2020.12.07+WN3.1
6214,6341,throws,-11.3559,1,0,1,0,,1,0,,throw,,,1,0,E10K,SCOWL60_STABLE_2020.12.07+WN3.1
6215,6342,towers,-11.3559,1,0,1,0,,1,0,,tower,,,1,0,E10K,SCOWL60_STABLE_2020.12.07+WN3.1
6216,6343,treatments,-11.3559,1,0,1,0,,1,0,,treatment,,,1,0,E10K,SCOWL60_STABLE_2020.12.07+WN3.1
6217,6344,wallet,-11.3559,1,1,0,0,N,0,0,,,,,0,0,E10K,SCOWL60_STABLE_2020.12.07+WN3.1
6218,6345,withdraw,-11.3559,1,1,0,0,V,1,1,,,,withdrawn,0,1,E10K,SCOWL60_STABLE_2020.12.07+WN3.1
6219,6347,abandon,-11.3732,1,1,0,0,N|V,0,0,,,,,0,0,E10K,SCOWL60_STABLE_2020.12.07+WN3.1
6220,6348,abraham,-11.3732,0,0,0,0,N,0,0,,,,,0,0,E10K,SCOWL60_STABLE_2020.12.07+WN3.1
6221,6349,addressing,-11.3732,1,0,1,0,,0,0,,,,,0,0,E10K,SCOWL60_STABLE_2020.12.07+WN3.1
6222,6350,advise,-11.3732,1,1,0,0,V,1,1,,,,advised;adviser;advises,0,3,E10K,SCOWL60_STABLE_2020.12.07+WN3.1
6223,6351,alberta,-11.3732,0,0,0,0,N,0,0,,,,,0,0,E10K,SCOWL60_STABLE_2020.12.07+WN3.1
6224,6352,alternatives,-11.3732,1,0,1,0,,1,0,,alternative,,,1,0,E10K,SCOWL60_STABLE_2020.12.07+WN3.1
6225,6353,architect,-11.3732,1,1,0,0,N,1,1,,,,architects,0,1,E10K,SCOWL60_STABLE_2020.12.07+WN3.1
6226,6354,ashamed,-11.3732,1,1,0,0,ADJ,0,0,,,,,0,0,E10K,SCOWL60_STABLE_2020.12.07+WN3.1
6227,6355,ashley,-11.3732,0,0,0,0,,0,0,,,,,0,0,E10K,SCOWL60_STABLE_2020.12.07+WN3.1
6228,6356,assess,-11.3732,1,1,0,0,V,1,0,,asses,,,1,0,E10K,SCOWL60_STABLE_2020.12.07+WN3.1
6229,6357,associates,-11.3732,1,0,1,0,,1,0,,associate,,,1,0,E10K,SCOWL60_STABLE_2020.12.07+WN3.1
6230,6358,batteries,-11.3732,1,0,1,0,,0,0,,,,,0,0,E10K,SCOWL60_STABLE_2020.12.07+WN3.1
6231,6359,belly,-11.3732,1,1,0,0,N|V,1,0,,bell,,,1,0,E10K,SCOWL60_STABLE_2020.12.07+WN3.1
6232,6360,bombing,-11.3732,1,0,1,0,N,1,1,,,,bombings,0,1,E10K,SCOWL60_STABLE_2020.12.07+WN3.1
6233,6361,bride,-11.3732,1,1,0,0,N,1,1,ride,,,brides,1,1,E10K,SCOWL60_STABLE_2020.12.07+WN3.1
6234,6362,bridges,-11.3732,1,0,1,0,N,1,0,ridges,bridge,,,2,0,E10K,SCOWL60_STABLE_2020.12.07+WN3.1
6235,6363,burnt,-11.3732,1,1,0,0,ADJ,1,0,,burn,,,1,0,E10K,SCOWL60_STABLE_2020.12.07+WN3.1
6236,6364,chasing,-11.3732,1,0,1,0,,0,0,,,,,0,0,E10K,SCOWL60_STABLE_2020.12.07+WN3.1
6237,6365,circulation,-11.3732,1,1,0,0,N,0,0,,,,,0,0,E10K,SCOWL60_STABLE_2020.12.07+WN3.1
6238,6366,cock,-11.3732,1,1,0,0,N|V,1,1,,,,cocky;cocks,0,2,E10K,SCOWL60_STABLE_2020.12.07+WN3.1
6239,6367,coke,-11.3732,1,1,0,0,N|V,0,0,,,,,0,0,E10K,SCOWL60_STABLE_2020.12.07+WN3.1
6240,6368,colombia,-11.3732,0,0,0,0,N,0,0,,,,,0,0,E10K,SCOWL60_STABLE_2020.12.07+WN3.1
6241,6369,com,-11.3732,1,1,0,0,,1,1,om,co,,come;coma;comp;comb;comm,2,5,E10K,SCOWL60_STABLE_2020.12.07+WN3.1
6242,6370,comics,-11.3732,1,0,1,0,,1,0,,comic,,,1,0,E10K,SCOWL60_STABLE_2020.12.07+WN3.1
6243,6371,considers,-11.3732,1,0,1,0,,1,0,,consider,,,1,0,E10K,SCOWL60_STABLE_2020.12.07+WN3.1
6244,6372,corrupt,-11.3732,1,1,0,0,V|ADJ,0,0,,,,,0,0,E10K,SCOWL60_STABLE_2020.12.07+WN3.1
6245,6373,delivering,-11.3732,1,0,1,0,,0,0,,,,,0,0,E10K,SCOWL60_STABLE_2020.12.07+WN3.1
6246,6374,drum,-11.3732,1,1,0,0,N|V,1,1,rum,,,drums,1,1,E10K,SCOWL60_STABLE_2020.12.07+WN3.1
6247,6375,dublin,-11.3732,0,0,0,0,N,0,0,,,,,0,0,E10K,SCOWL60_STABLE_2020.12.07+WN3.1
6248,6376,expertise,-11.3732,1,1,0,0,N,0,0,,,,,0,0,E10K,SCOWL60_STABLE_2020.12.07+WN3.1
6249,6377,extending,-11.3732,1,0,1,0,,0,0,,,,,0,0,E10K,SCOWL60_STABLE_2020.12.07+WN3.1
6250,6378,fabric,-11.3732,1,1,0,0,N,1,1,,,,fabrics,0,1,E10K,SCOWL60_STABLE_2020.12.07+WN3.1
6251,6379,fitting,-11.3732,1,1,0,0,N|ADJ,1,1,,,,fittings,0,1,E10K,SCOWL60_STABLE_2020.12.07+WN3.1
6252,6380,functioning,-11.3732,1,0,1,0,N|ADJ,0,0,,,,,0,0,E10K,SCOWL60_STABLE_2020.12.07+WN3.1
6253,6381,garbage,-11.3732,1,1,0,0,N,0,0,,,,,0,0,E10K,SCOWL60_STABLE_2020.12.07+WN3.1
6254,6382,governance,-11.3732,1,1,0,0,N,0,0,,,,,0,0,E10K,SCOWL60_STABLE_2020.12.07+WN3.1
6255,6383,hardest,-11.3732,1,0,1,0,,0,0,,,,,0,0,E10K,SCOWL60_STABLE_2020.12.07+WN3.1
6256,6384,historically,-11.3732,1,0,1,0,ADV,0,0,,,,,0,0,E10K,SCOWL60_STABLE_2020.12.07+WN3.1
6257,6385,hug,-11.3732,1,1,0,0,N|V,1,1,,,thug,huge;hugs,0,3,E10K,SCOWL60_STABLE_2020.12.07+WN3.1
6258,6386,intimate,-11.3732,1,1,0,0,N|V|ADJ,0,0,,,,,0,0,E10K,SCOWL60_STABLE_2020.12.07+WN3.1
6259,6387,investigated,-11.3732,1,0,1,0,,1,0,,investigate,,,1,0,E10K,SCOWL60_STABLE_2020.12.07+WN3.1
6260,6388,isolation,-11.3732,1,1,1,0,N,0,0,,,,,0,0,E10K,SCOWL60_STABLE_2020.12.07+WN3.1
6261,6389,julie,-11.3732,0,0,0,0,,0,0,,,,,0,0,E10K,SCOWL60_STABLE_2020.12.07+WN3.1
6262,6390,kyle,-11.3732,0,0,0,0,,0,0,,,,,0,0,E10K,SCOWL60_STABLE_2020.12.07+WN3.1
6263,6391,laughs,-11.3732,1,1,0,0,,1,0,,laugh,,,1,0,E10K,SCOWL60_STABLE_2020.12.07+WN3.1
6264,6392,liberation,-11.3732,1,1,1,0,N,0,0,,,,,0,0,E10K,SCOWL60_STABLE_2020.12.07+WN3.1
6265,6393,lifting,-11.3732,1,0,1,0,,0,0,,,,,0,0,E10K,SCOWL60_STABLE_2020.12.07+WN3.1
6266,6394,lords,-11.3732,1,0,1,0,,1,0,,lord,,,1,0,E10K,SCOWL60_STABLE_2020.12.07+WN3.1
6267,6395,lucas,-11.3732,0,0,0,0,N,0,0,,,,,0,0,E10K,SCOWL60_STABLE_2020.12.07+WN3.1
6268,6396,magazines,-11.3732,1,0,1,0,,1,0,,magazine,,,1,0,E10K,SCOWL60_STABLE_2020.12.07+WN3.1
6269,6397,magnitude,-11.3732,1,1,0,0,N,0,0,,,,,0,0,E10K,SCOWL60_STABLE_2020.12.07+WN3.1
6270,6398,manufacture,-11.3732,1,1,0,0,N|V,1,1,,,,manufacturer;manufactured;manufactures,0,3,E10K,SCOWL60_STABLE_2020.12.07+WN3.1
6271,6399,marc,-11.3732,0,0,0,0,N,0,0,,,,,0,0,E10K,SCOWL60_STABLE_2020.12.07+WN3.1
6272,6400,meantime,-11.3732,1,1,0,0,N|ADV,0,0,,,,,0,0,E10K,SCOWL60_STABLE_2020.12.07+WN3.1
6273,6401,michelle,-11.3732,0,0,0,0,,0,0,,,,,0,0,E10K,SCOWL60_STABLE_2020.12.07+WN3.1
6274,6402,mixing,-11.3732,1,0,1,0,N,0,0,,,,,0,0,E10K,SCOWL60_STABLE_2020.12.07+WN3.1
6275,6403,mobility,-11.3732,1,1,0,0,N,0,0,,,,,0,0,E10K,SCOWL60_STABLE_2020.12.07+WN3.1
6276,6404,murphy,-11.3732,0,0,0,0,N,0,0,,,,,0,0,E10K,SCOWL60_STABLE_2020.12.07+WN3.1
6277,6405,nest,-11.3732,1,1,1,0,N|V,1,1,est,,,nests,1,1,E10K,SCOWL60_STABLE_2020.12.07+WN3.1
6278,6406,netflix,-11.3732,0,0,0,0,,0,0,,,,,0,0,E10K,SCOWL60_STABLE_2020.12.07+WN3.1
6279,6407,opposing,-11.3732,1,0,1,0,ADJ,0,0,,,,,0,0,E10K,SCOWL60_STABLE_2020.12.07+WN3.1
6280,6408,outbreak,-11.3732,1,1,0,0,N,1,1,,,,outbreaks,0,1,E10K,SCOWL60_STABLE_2020.12.07+WN3.1
6281,6409,passive,-11.3732,1,1,1,0,N|ADJ,0,0,,,,,0,0,E10K,SCOWL60_STABLE_2020.12.07+WN3.1
6282,6410,paths,-11.3732,1,1,0,0,,1,0,,path,,,1,0,E10K,SCOWL60_STABLE_2020.12.07+WN3.1
6283,6411,penny,-11.3732,1,1,0,0,N,0,0,,,,,0,0,E10K,SCOWL60_STABLE_2020.12.07+WN3.1
6284,6412,petty,-11.3732,1,1,0,0,N|ADJ,0,0,,,,,0,0,E10K,SCOWL60_STABLE_2020.12.07+WN3.1
6285,6413,physicians,-11.3732,1,0,1,0,,1,0,,physician,,,1,0,E10K,SCOWL60_STABLE_2020.12.07+WN3.1
6286,6414,portal,-11.3732,1,1,0,0,N,1,1,,,,portals,0,1,E10K,SCOWL60_STABLE_2020.12.07+WN3.1
6287,6415,predict,-11.3732,1,1,0,0,V,1,1,,,,predicts,0,1,E10K,SCOWL60_STABLE_2020.12.07+WN3.1
6288,6416,premises,-11.3732,1,0,1,0,N,1,0,,premise,,,1,0,E10K,SCOWL60_STABLE_2020.12.07+WN3.1
6289,6417,preservation,-11.3732,1,1,0,0,N,1,0,reservation,,,,1,0,E10K,SCOWL60_STABLE_2020.12.07+WN3.1
6290,6418,priorities,-11.3732,1,0,1,0,,0,0,,,,,0,0,E10K,SCOWL60_STABLE_2020.12.07+WN3.1
6291,6419,probability,-11.3732,1,1,0,0,N,0,0,,,,,0,0,E10K,SCOWL60_STABLE_2020.12.07+WN3.1
6292,6420,prophet,-11.3732,1,1,0,0,N,1,1,,,,prophets,0,1,E10K,SCOWL60_STABLE_2020.12.07+WN3.1
6293,6421,quarterly,-11.3732,1,1,1,0,N|ADJ|ADV,0,0,,,,,0,0,E10K,SCOWL60_STABLE_2020.12.07+WN3.1
6294,6422,questioned,-11.3732,1,1,1,0,,0,0,,,,,0,0,E10K,SCOWL60_STABLE_2020.12.07+WN3.1
6295,6423,quotes,-11.3732,1,0,1,0,,1,0,,quote,,,1,0,E10K,SCOWL60_STABLE_2020.12.07+WN3.1
6296,6424,replies,-11.3732,1,0,1,0,,0,0,,,,,0,0,E10K,SCOWL60_STABLE_2020.12.07+WN3.1
6297,6425,savage,-11.3732,1,1,0,0,N|V|ADJ,1,1,,,,savages,0,1,E10K,SCOWL60_STABLE_2020.12.07+WN3.1
6298,6426,schemes,-11.3732,1,0,1,0,,1,0,,scheme,,,1,0,E10K,SCOWL60_STABLE_2020.12.07+WN3.1
6299,6427,scratch,-11.3732,1,1,0,0,N|V,0,0,,,,,0,0,E10K,SCOWL60_STABLE_2020.12.07+WN3.1
6300,6428,shark,-11.3732,1,1,0,0,N|V,1,1,,,,sharks,0,1,E10K,SCOWL60_STABLE_2020.12.07+WN3.1
6301,6429,sheriff,-11.3732,1,1,0,0,N,0,0,,,,,0,0,E10K,SCOWL60_STABLE_2020.12.07+WN3.1
6302,6430,smash,-11.3732,1,1,0,0,N|V|ADV,1,0,mash,,,,1,0,E10K,SCOWL60_STABLE_2020.12.07+WN3.1
6303,6431,speeds,-11.3732,1,0,1,0,,1,0,,speed,,,1,0,E10K,SCOWL60_STABLE_2020.12.07+WN3.1
6304,6432,stamp,-11.3732,1,1,0,0,N|V,1,1,,,,stamps,0,1,E10K,SCOWL60_STABLE_2020.12.07+WN3.1
6305,6433,subway,-11.3732,1,1,0,0,N,0,0,,,,,0,0,E10K,SCOWL60_STABLE_2020.12.07+WN3.1
6306,6434,suited,-11.3732,1,1,1,0,ADJ,1,0,,suite,,,1,0,E10K,SCOWL60_STABLE_2020.12.07+WN3.1
6307,6435,tastes,-11.3732,1,0,1,0,,1,0,,taste,,,1,0,E10K,SCOWL60_STABLE_2020.12.07+WN3.1
6308,6436,teens,-11.3732,1,0,1,0,N,1,0,,teen,,,1,0,E10K,SCOWL60_STABLE_2020.12.07+WN3.1
6309,6437,tent,-11.3732,1,1,0,0,N|V,1,1,,ten,,tenth;tents,1,2,E10K,SCOWL60_STABLE_2020.12.07+WN3.1
6310,6438,threshold,-11.3732,1,1,0,0,N,0,0,,,,,0,0,E10K,SCOWL60_STABLE_2020.12.07+WN3.1
6311,6439,tooth,-11.3732,1,1,0,0,N,0,0,,,,,0,0,E10K,SCOWL60_STABLE_2020.12.07+WN3.1
6312,6440,transform,-11.3732,1,1,0,0,V,1,1,,,,transforms,0,1,E10K,SCOWL60_STABLE_2020.12.07+WN3.1
6313,6441,vacuum,-11.3732,1,1,0,0,N|V,0,0,,,,,0,0,E10K,SCOWL60_STABLE_2020.12.07+WN3.1
6314,6442,veteran,-11.3732,1,1,0,0,N|ADJ,1,1,,,,veterans,0,1,E10K,SCOWL60_STABLE_2020.12.07+WN3.1
6315,6443,warfare,-11.3732,1,1,0,0,N,0,0,,,,,0,0,E10K,SCOWL60_STABLE_2020.12.07+WN3.1
6316,6444,washed,-11.3732,1,1,1,0,ADJ,0,0,,,,,0,0,E10K,SCOWL60_STABLE_2020.12.07+WN3.1
6317,6445,wears,-11.3732,1,0,1,0,,1,0,ears,wear,,,2,0,E10K,SCOWL60_STABLE_2020.12.07+WN3.1
6318,6446,wicked,-11.3732,1,1,1,0,ADJ,0,0,,,,,0,0,E10K,SCOWL60_STABLE_2020.12.07+WN3.1
6319,6447,ab,-11.3996,1,1,0,0,N,1,1,,a,lab;cab;tab;jab;dab,abs,1,6,E10K,SCOWL60_STABLE_2020.12.07+WN3.1
6320,6448,ace,-11.3996,1,1,0,0,N|V|ADJ,1,1,,ac,face;race;pace;lace;mace,aces,1,6,E10K,SCOWL60_STABLE_2020.12.07+WN3.1
6321,6449,acute,-11.3996,1,1,0,0,N|ADJ,1,0,cute,,,,1,0,E10K,SCOWL60_STABLE_2020.12.07+WN3.1
6322,6450,administered,-11.3996,1,0,1,0,,0,0,,,,,0,0,E10K,SCOWL60_STABLE_2020.12.07+WN3.1
6323,6451,alaska,-11.3996,0,0,0,0,N,0,0,,,,,0,0,E10K,SCOWL60_STABLE_2020.12.07+WN3.1
6324,6452,alter,-11.3996,1,1,0,0,V,0,0,,,,,0,0,E10K,SCOWL60_STABLE_2020.12.07+WN3.1
6325,6453,altitude,-11.3996,1,1,0,0,N,1,1,,,,altitudes,0,1,E10K,SCOWL60_STABLE_2020.12.07+WN3.1
6326,6454,appearances,-11.3996,1,0,1,0,,1,0,,appearance,,,1,0,E10K,SCOWL60_STABLE_2020.12.07+WN3.1
6327,6455,applicable,-11.3996,1,1,0,0,ADJ,0,0,,,,,0,0,E10K,SCOWL60_STABLE_2020.12.07+WN3.1
6328,6456,assumptions,-11.3996,1,0,1,0,,1,0,,assumption,,,1,0,E10K,SCOWL60_STABLE_2020.12.07+WN3.1
6329,6457,assured,-11.3996,1,1,1,0,ADJ,1,0,,assure,,,1,0,E10K,SCOWL60_STABLE_2020.12.07+WN3.1
6330,6458,authentic,-11.3996,1,1,0,0,ADJ,0,0,,,,,0,0,E10K,SCOWL60_STABLE_2020.12.07+WN3.1
6331,6459,bee,-11.3996,1,1,0,0,N,1,1,,be,,been;beer;beef;bees,1,4,E10K,SCOWL60_STABLE_2020.12.07+WN3.1
6332,6460,beneficial,-11.3996,1,1,0,0,ADJ,0,0,,,,,0,0,E10K,SCOWL60_STABLE_2020.12.07+WN3.1
6333,6461,blocking,-11.3996,1,0,1,0,N,1,0,locking,,,,1,0,E10K,SCOWL60_STABLE_2020.12.07+WN3.1
6334,6462,brad,-11.3996,1,1,0,0,N|V,1,0,rad,bra,,,2,0,E10K,SCOWL60_STABLE_2020.12.07+WN3.1
6335,6463,btw,-11.3996,0,0,0,0,,0,0,,,,,0,0,E10K,SCOWL60_STABLE_2020.12.07+WN3.1
6336,6464,cab,-11.3996,1,1,0,0,N|V,1,0,ab,ca,,,2,0,E10K,SCOWL60_STABLE_2020.12.07+WN3.1
6337,6465,carriers,-11.3996,1,0,1,0,,1,0,,carrier,,,1,0,E10K,SCOWL60_STABLE_2020.12.07+WN3.1
6338,6466,chapters,-11.3996,1,0,1,0,,1,0,,chapter,,,1,0,E10K,SCOWL60_STABLE_2020.12.07+WN3.1
6339,6467,characteristic,-11.3996,1,1,0,0,N|ADJ,1,1,,,,characteristics,0,1,E10K,SCOWL60_STABLE_2020.12.07+WN3.1
6340,6468,charming,-11.3996,1,1,1,0,ADJ,1,0,harming,,,,1,0,E10K,SCOWL60_STABLE_2020.12.07+WN3.1
6341,6469,civilization,-11.3996,1,1,0,0,N,1,1,,,,civilizations,0,1,E10K,SCOWL60_STABLE_2020.12.07+WN3.1
6342,6470,clearing,-11.3996,1,1,1,0,N,0,0,,,,,0,0,E10K,SCOWL60_STABLE_2020.12.07+WN3.1
6343,6471,committees,-11.3996,1,0,1,0,,1,0,,committee,,,1,0,E10K,SCOWL60_STABLE_2020.12.07+WN3.1
6344,6472,completing,-11.3996,1,0,1,0,ADJ,0,0,,,,,0,0,E10K,SCOWL60_STABLE_2020.12.07+WN3.1
6345,6473,computing,-11.3996,1,1,1,0,N,0,0,,,,,0,0,E10K,SCOWL60_STABLE_2020.12.07+WN3.1
6346,6474,conclude,-11.3996,1,1,0,0,V,1,1,,,,concluded;concludes,0,2,E10K,SCOWL60_STABLE_2020.12.07+WN3.1
6347,6475,confirmation,-11.3996,1,1,0,0,N,0,0,,,,,0,0,E10K,SCOWL60_STABLE_2020.12.07+WN3.1
6348,6476,congressional,-11.3996,1,1,0,0,ADJ,0,0,,,,,0,0,E10K,SCOWL60_STABLE_2020.12.07+WN3.1
6349,6477,cooling,-11.3996,1,0,1,0,N,0,0,,,,,0,0,E10K,SCOWL60_STABLE_2020.12.07+WN3.1
6350,6478,cos,-11.3996,1,1,1,0,N,1,1,,co,,cost,1,1,E10K,SCOWL60_STABLE_2020.12.07+WN3.1
6351,6479,crashed,-11.3996,1,0,1,0,,0,0,,,,,0,0,E10K,SCOWL60_STABLE_2020.12.07+WN3.1
6352,6480,ct,-11.3996,1,1,0,0,N,1,1,,,act,,0,1,E10K,SCOWL60_STABLE_2020.12.07+WN3.1
6353,6481,decreased,-11.3996,1,0,1,0,ADJ,1,0,,decrease,,,1,0,E10K,SCOWL60_STABLE_2020.12.07+WN3.1
6354,6482,denmark,-11.3996,0,0,0,0,N,0,0,,,,,0,0,E10K,SCOWL60_STABLE_2020.12.07+WN3.1
6355,6483,dennis,-11.3996,0,0,0,0,,0,0,,,,,0,0,E10K,SCOWL60_STABLE_2020.12.07+WN3.1
6356,6484,deployed,-11.3996,1,0,1,0,,0,0,,,,,0,0,E10K,SCOWL60_STABLE_2020.12.07+WN3.1
6357,6485,detection,-11.3996,1,1,0,0,N,0,0,,,,,0,0,E10K,SCOWL60_STABLE_2020.12.07+WN3.1
6358,6486,doctrine,-11.3996,1,1,0,0,N,1,1,,,,doctrines,0,1,E10K,SCOWL60_STABLE_2020.12.07+WN3.1
6359,6487,economies,-11.3996,1,0,1,0,,0,0,,,,,0,0,E10K,SCOWL60_STABLE_2020.12.07+WN3.1
6360,6488,engaging,-11.3996,1,0,1,0,ADJ,0,0,,,,,0,0,E10K,SCOWL60_STABLE_2020.12.07+WN3.1
6361,6489,essence,-11.3996,1,1,0,0,N,0,0,,,,,0,0,E10K,SCOWL60_STABLE_2020.12.07+WN3.1
6362,6490,exploring,-11.3996,1,0,1,0,,0,0,,,,,0,0,E10K,SCOWL60_STABLE_2020.12.07+WN3.1
6363,6491,facial,-11.3996,1,1,0,0,N|ADJ,0,0,,,,,0,0,E10K,SCOWL60_STABLE_2020.12.07+WN3.1
6364,6492,fairy,-11.3996,1,1,0,0,N,1,0,,fair,,,1,0,E10K,SCOWL60_STABLE_2020.12.07+WN3.1
6365,6493,fold,-11.3996,1,1,0,0,N|V,1,1,old,,,folds,1,1,E10K,SCOWL60_STABLE_2020.12.07+WN3.1
6366,6494,frustrated,-11.3996,1,0,1,0,ADJ,0,0,,,,,0,0,E10K,SCOWL60_STABLE_2020.12.07+WN3.1
6367,6495,grip,-11.3996,1,1,0,0,N|V,1,1,rip,,,grips,1,1,E10K,SCOWL60_STABLE_2020.12.07+WN3.1
6368,6496,handful,-11.3996,1,1,0,0,N,0,0,,,,,0,0,E10K,SCOWL60_STABLE_2020.12.07+WN3.1
6369,6497,happily,-11.3996,1,1,0,0,ADV,0,0,,,,,0,0,E10K,SCOWL60_STABLE_2020.12.07+WN3.1
6370,6498,harbor,-11.3996,1,1,0,0,N|V,1,0,arbor,,,,1,0,E10K,SCOWL60_STABLE_2020.12.07+WN3.1
6371,6499,harvest,-11.3996,1,1,0,0,N|V,0,0,,,,,0,0,E10K,SCOWL60_STABLE_2020.12.07+WN3.1
6372,6500,hull,-11.3996,1,1,0,0,N|V,0,0,,,,,0,0,E10K,SCOWL60_STABLE_2020.12.07+WN3.1
6373,6501,ignorant,-11.3996,1,1,0,0,ADJ,0,0,,,,,0,0,E10K,SCOWL60_STABLE_2020.12.07+WN3.1
6374,6502,importantly,-11.3996,1,0,1,0,ADV,0,0,,,,,0,0,E10K,SCOWL60_STABLE_2020.12.07+WN3.1
6375,6503,incorrect,-11.3996,1,1,0,0,ADJ,0,0,,,,,0,0,E10K,SCOWL60_STABLE_2020.12.07+WN3.1
6376,6504,insist,-11.3996,1,1,0,0,V,1,1,,,,insists,0,1,E10K,SCOWL60_STABLE_2020.12.07+WN3.1
6377,6505,interviewed,-11.3996,1,0,1,0,,0,0,,,,,0,0,E10K,SCOWL60_STABLE_2020.12.07+WN3.1
6378,6506,invention,-11.3996,1,1,0,0,N,1,1,,,,inventions,0,1,E10K,SCOWL60_STABLE_2020.12.07+WN3.1
6379,6507,jesse,-11.3996,0,0,0,0,,0,0,,,,,0,0,E10K,SCOWL60_STABLE_2020.12.07+WN3.1
6380,6509,leak,-11.3996,1,1,0,0,N|V,1,1,,lea,bleak,leaks,1,2,E10K,SCOWL60_STABLE_2020.12.07+WN3.1
6381,6510,lighter,-11.3996,1,1,0,0,N|V,0,0,,,,,0,0,E10K,SCOWL60_STABLE_2020.12.07+WN3.1
6382,6511,linda,-11.3996,0,0,0,0,,0,0,,,,,0,0,E10K,SCOWL60_STABLE_2020.12.07+WN3.1
6383,6512,marcus,-11.3996,0,0,0,0,,0,0,,,,,0,0,E10K,SCOWL60_STABLE_2020.12.07+WN3.1
6384,6513,matrix,-11.3996,1,1,0,0,N,0,0,,,,,0,0,E10K,SCOWL60_STABLE_2020.12.07+WN3.1
6385,6514,measurements,-11.3996,1,0,1,0,,1,0,,measurement,,,1,0,E10K,SCOWL60_STABLE_2020.12.07+WN3.1
6386,6515,mechanics,-11.3996,1,1,1,0,N,1,0,,mechanic,,,1,0,E10K,SCOWL60_STABLE_2020.12.07+WN3.1
6387,6516,meter,-11.3996,1,1,1,0,N|V,1,1,,,,meters,0,1,E10K,SCOWL60_STABLE_2020.12.07+WN3.1
6388,6517,ne,-11.3996,0,0,0,0,N,0,0,,,,,0,0,E10K,SCOWL60_STABLE_2020.12.07+WN3.1
6389,6518,novels,-11.3996,1,0,1,0,,1,0,,novel,,,1,0,E10K,SCOWL60_STABLE_2020.12.07+WN3.1
6390,6519,oak,-11.3996,1,1,0,0,N,1,1,,,soak,oaks,0,2,E10K,SCOWL60_STABLE_2020.12.07+WN3.1
6391,6520,obligations,-11.3996,1,0,1,0,,1,0,,obligation,,,1,0,E10K,SCOWL60_STABLE_2020.12.07+WN3.1
6392,6521,ol,-11.3996,0,0,0,0,,0,0,,,,,0,0,E10K,SCOWL60_STABLE_2020.12.07+WN3.1
6393,6522,outlook,-11.3996,1,1,0,0,N,0,0,,,,,0,0,E10K,SCOWL60_STABLE_2020.12.07+WN3.1
6394,6523,oven,-11.3996,1,1,0,0,N,1,1,,,woven,,0,1,E10K,SCOWL60_STABLE_2020.12.07+WN3.1
6395,6524,planted,-11.3996,1,0,1,0,ADJ,0,0,,,,,0,0,E10K,SCOWL60_STABLE_2020.12.07+WN3.1
6396,6525,platforms,-11.3996,1,0,1,0,,1,0,,platform,,,1,0,E10K,SCOWL60_STABLE_2020.12.07+WN3.1
6397,6526,qualifying,-11.3996,1,0,1,0,N,0,0,,,,,0,0,E10K,SCOWL60_STABLE_2020.12.07+WN3.1
6398,6527,ranges,-11.3996,1,0,1,0,,1,1,,range,oranges,,1,1,E10K,SCOWL60_STABLE_2020.12.07+WN3.1
6399,6528,reasoning,-11.3996,1,1,1,0,N|ADJ,0,0,,,,,0,0,E10K,SCOWL60_STABLE_2020.12.07+WN3.1
6400,6529,recalled,-11.3996,1,0,1,0,,0,0,,,,,0,0,E10K,SCOWL60_STABLE_2020.12.07+WN3.1
6401,6530,releasing,-11.3996,1,0,1,0,ADJ,0,0,,,,,0,0,E10K,SCOWL60_STABLE_2020.12.07+WN3.1
6402,6531,remainder,-11.3996,1,1,0,0,N|V,0,0,,,,,0,0,E10K,SCOWL60_STABLE_2020.12.07+WN3.1
6403,6532,reporters,-11.3996,1,0,1,0,,1,0,,reporter,,,1,0,E10K,SCOWL60_STABLE_2020.12.07+WN3.1
6404,6533,rope,-11.3996,1,1,0,0,N|V,1,1,,,,ropes,0,1,E10K,SCOWL60_STABLE_2020.12.07+WN3.1
6405,6534,salvation,-11.3996,1,1,0,0,N,0,0,,,,,0,0,E10K,SCOWL60_STABLE_2020.12.07+WN3.1
6406,6535,scare,-11.3996,1,1,0,0,N|V,1,1,care,scar,,scared;scares,2,2,E10K,SCOWL60_STABLE_2020.12.07+WN3.1
6407,6536,scholarship,-11.3996,1,1,0,0,N,1,1,,,,scholarships,0,1,E10K,SCOWL60_STABLE_2020.12.07+WN3.1
6408,6537,shaking,-11.3996,1,0,1,0,N,0,0,,,,,0,0,E10K,SCOWL60_STABLE_2020.12.07+WN3.1
6409,6538,silk,-11.3996,1,1,0,0,N,0,0,,,,,0,0,E10K,SCOWL60_STABLE_2020.12.07+WN3.1
6410,6539,someday,-11.3996,1,1,0,0,ADV,0,0,,,,,0,0,E10K,SCOWL60_STABLE_2020.12.07+WN3.1
6411,6540,strengthen,-11.3996,1,1,0,0,V,1,1,,,,strengthens,0,1,E10K,SCOWL60_STABLE_2020.12.07+WN3.1
6412,6541,surprisingly,-11.3996,1,0,1,0,ADV,0,0,,,,,0,0,E10K,SCOWL60_STABLE_2020.12.07+WN3.1
6413,6542,te,-11.3996,0,0,0,0,N,0,0,,,,,0,0,E10K,SCOWL60_STABLE_2020.12.07+WN3.1
6414,6543,tender,-11.3996,1,1,0,0,N|V|ADJ,0,0,,,,,0,0,E10K,SCOWL60_STABLE_2020.12.07+WN3.1
6415,6544,thumb,-11.3996,1,1,0,0,N|V,1,1,,,,thumbs,0,1,E10K,SCOWL60_STABLE_2020.12.07+WN3.1
6416,6545,tide,-11.3996,1,1,0,0,N|V,1,1,,,,tides,0,1,E10K,SCOWL60_STABLE_2020.12.07+WN3.1
6417,6546,timeline,-11.3996,1,1,0,0,N,0,0,,,,,0,0,E10K,SCOWL60_STABLE_2020.12.07+WN3.1
6418,6547,tremendous,-11.3996,1,1,0,0,ADJ,0,0,,,,,0,0,E10K,SCOWL60_STABLE_2020.12.07+WN3.1
6419,6548,tribal,-11.3996,1,1,0,0,ADJ,0,0,,,,,0,0,E10K,SCOWL60_STABLE_2020.12.07+WN3.1
6420,6549,urged,-11.3996,1,0,1,0,,1,0,,urge,,,1,0,E10K,SCOWL60_STABLE_2020.12.07+WN3.1
6421,6550,utah,-11.3996,0,0,0,0,N,0,0,,,,,0,0,E10K,SCOWL60_STABLE_2020.12.07+WN3.1
6422,6551,venice,-11.3996,0,0,0,0,N,0,0,,,,,0,0,E10K,SCOWL60_STABLE_2020.12.07+WN3.1
6423,6552,witnessed,-11.3996,1,0,1,0,,0,0,,,,,0,0,E10K,SCOWL60_STABLE_2020.12.07+WN3.1
6424,6553,activist,-11.4176,1,1,0,0,N|ADJ,1,1,,,,activists,0,1,E10K,SCOWL60_STABLE_2020.12.07+WN3.1
6425,6554,administrator,-11.4176,1,1,0,0,N,1,1,,,,administrators,0,1,E10K,SCOWL60_STABLE_2020.12.07+WN3.1
6426,6555,aka,-11.4176,1,1,0,0,,0,0,,,,,0,0,E10K,SCOWL60_STABLE_2020.12.07+WN3.1
6427,6556,ambulance,-11.4176,1,1,0,0,N,0,0,,,,,0,0,E10K,SCOWL60_STABLE_2020.12.07+WN3.1
6428,6557,assure,-11.4176,1,1,0,0,V,1,1,,,,assured,0,1,E10K,SCOWL60_STABLE_2020.12.07+WN3.1
6429,6558,athens,-11.4176,0,0,0,0,N,0,0,,,,,0,0,E10K,SCOWL60_STABLE_2020.12.07+WN3.1
6430,6559,athlete,-11.4176,1,1,0,0,N,1,1,,,,athletes,0,1,E10K,SCOWL60_STABLE_2020.12.07+WN3.1
6431,6560,blows,-11.4176,1,0,1,0,,1,0,lows,blow,,,2,0,E10K,SCOWL60_STABLE_2020.12.07+WN3.1
6432,6561,booth,-11.4176,1,1,1,0,N,1,1,,boot,,booths,1,1,E10K,SCOWL60_STABLE_2020.12.07+WN3.1
6433,6562,butler,-11.4176,1,1,0,0,N,0,0,,,,,0,0,E10K,SCOWL60_STABLE_2020.12.07+WN3.1
6434,6563,capability,-11.4176,1,1,0,0,N,0,0,,,,,0,0,E10K,SCOWL60_STABLE_2020.12.07+WN3.1
6435,6564,cardinal,-11.4176,1,1,0,0,N|ADJ,1,1,,,,cardinals,0,1,E10K,SCOWL60_STABLE_2020.12.07+WN3.1
6436,6565,chairs,-11.4176,1,0,1,0,,1,0,hairs,chair,,,2,0,E10K,SCOWL60_STABLE_2020.12.07+WN3.1
6437,6566,cognitive,-11.4176,1,1,0,0,ADJ,0,0,,,,,0,0,E10K,SCOWL60_STABLE_2020.12.07+WN3.1
6438,6567,concentrated,-11.4176,1,0,1,0,ADJ,1,0,,concentrate,,,1,0,E10K,SCOWL60_STABLE_2020.12.07+WN3.1
6439,6568,consist,-11.4176,1,1,0,0,V,1,1,,,,consists,0,1,E10K,SCOWL60_STABLE_2020.12.07+WN3.1
6440,6569,councils,-11.4176,1,0,1,0,,1,0,,council,,,1,0,E10K,SCOWL60_STABLE_2020.12.07+WN3.1
6441,6570,delays,-11.4176,1,0,1,0,,1,0,,delay,,,1,0,E10K,SCOWL60_STABLE_2020.12.07+WN3.1
6442,6571,deliberately,-11.4176,1,0,1,0,ADV,0,0,,,,,0,0,E10K,SCOWL60_STABLE_2020.12.07+WN3.1
6443,6572,deposits,-11.4176,1,0,1,0,,1,0,,deposit,,,1,0,E10K,SCOWL60_STABLE_2020.12.07+WN3.1
6444,6573,discharge,-11.4176,1,0,1,0,N|V,1,1,,,,discharged;discharges,0,2,E10K,SCOWL60_STABLE_2020.12.07+WN3.1
6445,6574,disposal,-11.4176,1,1,0,0,N,0,0,,,,,0,0,E10K,SCOWL60_STABLE_2020.12.07+WN3.1
6446,6575,documented,-11.4176,1,1,1,0,ADJ,0,0,,,,,0,0,E10K,SCOWL60_STABLE_2020.12.07+WN3.1
6447,6576,drawings,-11.4176,1,0,1,0,,1,0,,drawing,,,1,0,E10K,SCOWL60_STABLE_2020.12.07+WN3.1
6448,6577,exceptional,-11.4176,1,1,0,0,ADJ,0,0,,,,,0,0,E10K,SCOWL60_STABLE_2020.12.07+WN3.1
6449,6578,experiencing,-11.4176,1,1,0,0,,0,0,,,,,0,0,E10K,SCOWL60_STABLE_2020.12.07+WN3.1
6450,6579,flames,-11.4176,1,0,1,0,,1,0,,flame,,,1,0,E10K,SCOWL60_STABLE_2020.12.07+WN3.1
6451,6580,florence,-11.4176,0,0,0,0,N,0,0,,,,,0,0,E10K,SCOWL60_STABLE_2020.12.07+WN3.1
6452,6581,foul,-11.4176,1,1,0,0,N|V|ADJ,0,0,,,,,0,0,E10K,SCOWL60_STABLE_2020.12.07+WN3.1
6453,6582,foundations,-11.4176,1,0,1,0,,1,0,,foundation,,,1,0,E10K,SCOWL60_STABLE_2020.12.07+WN3.1
6454,6583,heal,-11.4176,1,1,0,0,V,0,0,,,,,0,0,E10K,SCOWL60_STABLE_2020.12.07+WN3.1
6455,6584,horizon,-11.4176,1,1,0,0,N,1,1,,,,horizons,0,1,E10K,SCOWL60_STABLE_2020.12.07+WN3.1
6456,6585,horizontal,-11.4176,1,1,0,0,N|ADJ,0,0,,,,,0,0,E10K,SCOWL60_STABLE_2020.12.07+WN3.1
6457,6586,hub,-11.4176,1,1,0,0,N,1,1,,,,hubs,0,1,E10K,SCOWL60_STABLE_2020.12.07+WN3.1
6458,6587,identifying,-11.4176,1,0,1,0,,0,0,,,,,0,0,E10K,SCOWL60_STABLE_2020.12.07+WN3.1
6459,6588,imports,-11.4176,1,0,1,0,,1,0,,import,,,1,0,E10K,SCOWL60_STABLE_2020.12.07+WN3.1
6460,6589,inappropriate,-11.4176,1,1,0,0,ADJ,0,0,,,,,0,0,E10K,SCOWL60_STABLE_2020.12.07+WN3.1
6461,6590,interference,-11.4176,1,1,0,0,N,0,0,,,,,0,0,E10K,SCOWL60_STABLE_2020.12.07+WN3.1
6462,6591,investing,-11.4176,1,0,1,0,N,0,0,,,,,0,0,E10K,SCOWL60_STABLE_2020.12.07+WN3.1
6463,6592,java,-11.4176,1,1,0,0,N,0,0,,,,,0,0,E10K,SCOWL60_STABLE_2020.12.07+WN3.1
6464,6593,jeans,-11.4176,1,1,1,0,N,1,0,,jean,,,1,0,E10K,SCOWL60_STABLE_2020.12.07+WN3.1
6465,6594,journalism,-11.4176,1,1,0,0,N,0,0,,,,,0,0,E10K,SCOWL60_STABLE_2020.12.07+WN3.1
6466,6595,karl,-11.4176,0,0,0,0,,0,0,,,,,0,0,E10K,SCOWL60_STABLE_2020.12.07+WN3.1
6467,6596,lesbian,-11.4176,1,1,0,0,N|ADJ,1,1,,,,lesbians,0,1,E10K,SCOWL60_STABLE_2020.12.07+WN3.1
6468,6597,lo,-11.4176,1,1,0,0,,1,1,,,,lot;low;log,0,3,E10K,SCOWL60_STABLE_2020.12.07+WN3.1
6469,6598,lucy,-11.4176,0,0,0,0,N,0,0,,,,,0,0,E10K,SCOWL60_STABLE_2020.12.07+WN3.1
6470,6599,martial,-11.4176,1,1,0,0,N|ADJ,0,0,,,,,0,0,E10K,SCOWL60_STABLE_2020.12.07+WN3.1
6471,6600,momentum,-11.4176,1,1,0,0,N,0,0,,,,,0,0,E10K,SCOWL60_STABLE_2020.12.07+WN3.1
6472,6601,museums,-11.4176,1,0,1,0,,1,0,,museum,,,1,0,E10K,SCOWL60_STABLE_2020.12.07+WN3.1
6473,6602,nasa,-11.4176,0,0,0,0,N,0,0,,,,,0,0,E10K,SCOWL60_STABLE_2020.12.07+WN3.1
6474,6603,negotiate,-11.4176,1,1,0,0,V,1,1,,,,negotiated,0,1,E10K,SCOWL60_STABLE_2020.12.07+WN3.1
6475,6604,newcastle,-11.4176,0,0,0,0,N,0,0,,,,,0,0,E10K,SCOWL60_STABLE_2020.12.07+WN3.1
6476,6605,occurring,-11.4176,1,1,0,0,,0,0,,,,,0,0,E10K,SCOWL60_STABLE_2020.12.07+WN3.1
6477,6606,optical,-11.4176,1,1,0,0,ADJ,0,0,,,,,0,0,E10K,SCOWL60_STABLE_2020.12.07+WN3.1
6478,6607,ordering,-11.4176,1,0,1,0,N,1,1,,,bordering,,0,1,E10K,SCOWL60_STABLE_2020.12.07+WN3.1
6479,6608,pal,-11.4176,1,1,0,0,N|V,1,1,,pa,,palm;pale;pals,1,3,E10K,SCOWL60_STABLE_2020.12.07+WN3.1
6480,6609,pathetic,-11.4176,1,1,0,0,ADJ,0,0,,,,,0,0,E10K,SCOWL60_STABLE_2020.12.07+WN3.1
6481,6611,pills,-11.4176,1,0,1,0,,1,1,,pill,spills,,1,1,E10K,SCOWL60_STABLE_2020.12.07+WN3.1
6482,6612,poker,-11.4176,1,1,1,0,N,1,0,,poke,,,1,0,E10K,SCOWL60_STABLE_2020.12.07+WN3.1
6483,6613,pr,-11.4176,1,1,0,0,N,1,1,,,,pro,0,1,E10K,SCOWL60_STABLE_2020.12.07+WN3.1
6484,6614,propose,-11.4176,1,0,1,0,V,1,1,,,,proposed;proposes,0,2,E10K,SCOWL60_STABLE_2020.12.07+WN3.1
6485,6615,purchasing,-11.4176,1,0,1,0,N,0,0,,,,,0,0,E10K,SCOWL60_STABLE_2020.12.07+WN3.1
6486,6616,ralph,-11.4176,0,0,0,0,,0,0,,,,,0,0,E10K,SCOWL60_STABLE_2020.12.07+WN3.1
6487,6617,recipients,-11.4176,1,0,1,0,,1,0,,recipient,,,1,0,E10K,SCOWL60_STABLE_2020.12.07+WN3.1
6488,6618,richmond,-11.4176,0,0,0,0,N,0,0,,,,,0,0,E10K,SCOWL60_STABLE_2020.12.07+WN3.1
6489,6619,satisfy,-11.4176,1,1,0,0,V,0,0,,,,,0,0,E10K,SCOWL60_STABLE_2020.12.07+WN3.1
6490,6620,shanghai,-11.4176,1,1,0,0,N|V,0,0,,,,,0,0,E10K,SCOWL60_STABLE_2020.12.07+WN3.1
6491,6621,struggles,-11.4176,1,0,1,0,,1,0,,struggle,,,1,0,E10K,SCOWL60_STABLE_2020.12.07+WN3.1
6492,6622,tennessee,-11.4176,0,0,0,0,N,0,0,,,,,0,0,E10K,SCOWL60_STABLE_2020.12.07+WN3.1
6493,6623,theoretical,-11.4176,1,1,0,0,ADJ,0,0,,,,,0,0,E10K,SCOWL60_STABLE_2020.12.07+WN3.1
6494,6624,thoroughly,-11.4176,1,0,1,0,ADV,0,0,,,,,0,0,E10K,SCOWL60_STABLE_2020.12.07+WN3.1
6495,6625,todd,-11.4176,0,0,0,0,N,0,0,,,,,0,0,E10K,SCOWL60_STABLE_2020.12.07+WN3.1
6496,6626,travelled,-11.4176,0,0,0,0,ADJ,0,0,,,,,0,0,E10K,SCOWL60_STABLE_2020.12.07+WN3.1
6497,6627,trunk,-11.4176,1,1,0,0,N,1,1,,,,trunks,0,1,E10K,SCOWL60_STABLE_2020.12.07+WN3.1
6498,6628,valued,-11.4176,1,0,1,0,ADJ,1,0,,value,,,1,0,E10K,SCOWL60_STABLE_2020.12.07+WN3.1
6499,6629,warehouse,-11.4176,1,1,0,0,N|V,1,1,,,,warehouses,0,1,E10K,SCOWL60_STABLE_2020.12.07+WN3.1
6500,6630,warming,-11.4176,1,0,1,0,N|ADJ,0,0,,,,,0,0,E10K,SCOWL60_STABLE_2020.12.07+WN3.1
6501,6631,watches,-11.4176,1,0,1,0,,0,0,,,,,0,0,E10K,SCOWL60_STABLE_2020.12.07+WN3.1
6502,6632,welcomed,-11.4176,1,0,1,0,,1,0,,welcome,,,1,0,E10K,SCOWL60_STABLE_2020.12.07+WN3.1
6503,6633,witch,-11.4176,1,1,0,0,N|V,1,1,itch,,switch;twitch,,1,2,E10K,SCOWL60_STABLE_2020.12.07+WN3.1
6504,6634,yoga,-11.4176,1,1,0,0,N,0,0,,,,,0,0,E10K,SCOWL60_STABLE_2020.12.07+WN3.1
6505,6635,youngest,-11.4176,1,0,1,0,,0,0,,,,,0,0,E10K,SCOWL60_STABLE_2020.12.07+WN3.1
6506,6636,abu,-11.4453,0,0,0,0,,0,0,,,,,0,0,E10K,SCOWL60_STABLE_2020.12.07+WN3.1
6507,6637,accommodation,-11.4453,1,1,1,0,N,1,1,,,,accommodations,0,1,E10K,SCOWL60_STABLE_2020.12.07+WN3.1
6508,6638,accomplish,-11.4453,1,1,0,0,V,0,0,,,,,0,0,E10K,SCOWL60_STABLE_2020.12.07+WN3.1
6509,6639,achieving,-11.4453,1,0,1,0,,0,0,,,,,0,0,E10K,SCOWL60_STABLE_2020.12.07+WN3.1
6510,6640,adjustment,-11.4453,1,1,1,0,N,1,1,,,,adjustments,0,1,E10K,SCOWL60_STABLE_2020.12.07+WN3.1
6511,6641,aging,-11.4453,1,1,1,0,N|ADJ,1,1,,,raging,,0,1,E10K,SCOWL60_STABLE_2020.12.07+WN3.1
6512,6642,airports,-11.4453,1,0,1,0,,1,0,,airport,,,1,0,E10K,SCOWL60_STABLE_2020.12.07+WN3.1
6513,6644,anxious,-11.4453,1,1,0,0,ADJ,0,0,,,,,0,0,E10K,SCOWL60_STABLE_2020.12.07+WN3.1
6514,6645,appendix,-11.4453,1,1,0,0,N,0,0,,,,,0,0,E10K,SCOWL60_STABLE_2020.12.07+WN3.1
6515,6646,athletic,-11.4453,1,1,0,0,ADJ,1,1,,,,athletics,0,1,E10K,SCOWL60_STABLE_2020.12.07+WN3.1
6516,6647,backwards,-11.4453,1,0,1,0,ADV,1,0,,backward,,,1,0,E10K,SCOWL60_STABLE_2020.12.07+WN3.1
6517,6648,bailey,-11.4453,1,1,0,0,N,0,0,,,,,0,0,E10K,SCOWL60_STABLE_2020.12.07+WN3.1
6518,6649,beg,-11.4453,1,1,0,0,V,1,1,,be,,begs,1,1,E10K,SCOWL60_STABLE_2020.12.07+WN3.1
6519,6650,behave,-11.4453,1,1,0,0,V,1,1,,,,behaved,0,1,E10K,SCOWL60_STABLE_2020.12.07+WN3.1
6520,6651,bio,-11.4453,1,1,0,0,,1,0,,bi,,,1,0,E10K,SCOWL60_STABLE_2020.12.07+WN3.1
6521,6652,blanket,-11.4453,1,1,0,0,N|V|ADJ,1,1,,,,blankets,0,1,E10K,SCOWL60_STABLE_2020.12.07+WN3.1
6522,6653,bout,-11.4453,1,1,0,0,N,1,1,out,,about,,1,1,E10K,SCOWL60_STABLE_2020.12.07+WN3.1
6523,6654,brains,-11.4453,1,0,1,0,,1,0,rains,brain,,,2,0,E10K,SCOWL60_STABLE_2020.12.07+WN3.1
6524,6655,cafe,-11.4453,1,1,0,0,N,1,1,,,,cafes,0,1,E10K,SCOWL60_STABLE_2020.12.07+WN3.1
6525,6656,cheer,-11.4453,1,1,0,0,N|V,1,1,,,,cheers,0,1,E10K,SCOWL60_STABLE_2020.12.07+WN3.1
6526,6657,compact,-11.4453,1,1,0,0,N|V|ADJ,0,0,,,,,0,0,E10K,SCOWL60_STABLE_2020.12.07+WN3.1
6527,6658,compliance,-11.4453,1,1,0,0,N,0,0,,,,,0,0,E10K,SCOWL60_STABLE_2020.12.07+WN3.1
6528,6659,continental,-11.4453,1,1,0,0,ADJ,0,0,,,,,0,0,E10K,SCOWL60_STABLE_2020.12.07+WN3.1
6529,6660,creepy,-11.4453,1,1,0,0,ADJ,1,0,,creep,,,1,0,E10K,SCOWL60_STABLE_2020.12.07+WN3.1
6530,6661,cult,-11.4453,1,1,0,0,N,0,0,,,,,0,0,E10K,SCOWL60_STABLE_2020.12.07+WN3.1
6531,6662,dame,-11.4453,1,1,0,0,N,1,0,,dam,,,1,0,E10K,SCOWL60_STABLE_2020.12.07+WN3.1
6532,6663,dental,-11.4453,1,1,0,0,N|ADJ,0,0,,,,,0,0,E10K,SCOWL60_STABLE_2020.12.07+WN3.1
6533,6664,designers,-11.4453,1,0,1,0,,1,0,,designer,,,1,0,E10K,SCOWL60_STABLE_2020.12.07+WN3.1
6534,6665,dictionary,-11.4453,1,1,0,0,N,0,0,,,,,0,0,E10K,SCOWL60_STABLE_2020.12.07+WN3.1
6535,6666,disputes,-11.4453,1,0,1,0,,1,0,,dispute,,,1,0,E10K,SCOWL60_STABLE_2020.12.07+WN3.1
6536,6667,dive,-11.4453,1,1,0,0,N|V,1,1,,,,diver;dives,0,2,E10K,SCOWL60_STABLE_2020.12.07+WN3.1
6537,6668,doll,-11.4453,1,1,0,0,N,1,1,,,,dolls;dolly,0,2,E10K,SCOWL60_STABLE_2020.12.07+WN3.1
6538,6669,donations,-11.4453,1,0,1,0,,1,0,,donation,,,1,0,E10K,SCOWL60_STABLE_2020.12.07+WN3.1
6539,6670,dozens,-11.4453,1,0,1,0,N,1,0,,dozen,,,1,0,E10K,SCOWL60_STABLE_2020.12.07+WN3.1
6540,6671,dynamics,-11.4453,1,1,1,0,N,1,0,,dynamic,,,1,0,E10K,SCOWL60_STABLE_2020.12.07+WN3.1
6541,6672,ego,-11.4453,1,1,0,0,N,1,0,go,,,,1,0,E10K,SCOWL60_STABLE_2020.12.07+WN3.1
6542,6673,elevated,-11.4453,1,0,1,0,N|ADJ,1,0,,elevate,,,1,0,E10K,SCOWL60_STABLE_2020.12.07+WN3.1
6543,6674,enhance,-11.4453,1,1,0,0,V,1,1,,,,enhanced;enhances,0,2,E10K,SCOWL60_STABLE_2020.12.07+WN3.1
6544,6675,entries,-11.4453,1,0,1,0,,0,0,,,,,0,0,E10K,SCOWL60_STABLE_2020.12.07+WN3.1
6545,6676,equation,-11.4453,1,1,1,0,N,1,1,,,,equations,0,1,E10K,SCOWL60_STABLE_2020.12.07+WN3.1
6546,6677,expenditure,-11.4453,1,1,0,0,N,1,1,,,,expenditures,0,1,E10K,SCOWL60_STABLE_2020.12.07+WN3.1
6547,6678,explicitly,-11.4453,1,0,1,0,ADV,0,0,,,,,0,0,E10K,SCOWL60_STABLE_2020.12.07+WN3.1
6548,6679,feared,-11.4453,1,0,1,0,,0,0,,,,,0,0,E10K,SCOWL60_STABLE_2020.12.07+WN3.1
6549,6680,ferry,-11.4453,1,1,0,0,N|V,0,0,,,,,0,0,E10K,SCOWL60_STABLE_2020.12.07+WN3.1
6550,6681,floors,-11.4453,1,0,1,0,,1,0,,floor,,,1,0,E10K,SCOWL60_STABLE_2020.12.07+WN3.1
6551,6682,founding,-11.4453,1,0,1,0,N,0,0,,,,,0,0,E10K,SCOWL60_STABLE_2020.12.07+WN3.1
6552,6683,fr,-11.4453,1,1,0,0,N,1,1,,,,fry;fro,0,2,E10K,SCOWL60_STABLE_2020.12.07+WN3.1
6553,6684,gdp,-11.4453,0,0,0,0,N,0,0,,,,,0,0,E10K,SCOWL60_STABLE_2020.12.07+WN3.1
6554,6685,geographic,-11.4453,1,1,0,0,ADJ,0,0,,,,,0,0,E10K,SCOWL60_STABLE_2020.12.07+WN3.1
6555,6686,gps,-11.4453,0,0,0,0,N,0,0,,,,,0,0,E10K,SCOWL60_STABLE_2020.12.07+WN3.1
6556,6687,graduation,-11.4453,1,1,1,0,N,0,0,,,,,0,0,E10K,SCOWL60_STABLE_2020.12.07+WN3.1
6557,6688,halfway,-11.4453,1,1,0,0,ADJ|ADV,0,0,,,,,0,0,E10K,SCOWL60_STABLE_2020.12.07+WN3.1
6558,6689,harrison,-11.4453,0,0,0,0,N,0,0,,,,,0,0,E10K,SCOWL60_STABLE_2020.12.07+WN3.1
6559,6690,heated,-11.4453,1,1,1,0,ADJ,1,1,,,cheated,,0,1,E10K,SCOWL60_STABLE_2020.12.07+WN3.1
6560,6691,hint,-11.4453,1,1,0,0,N|V,1,1,int,,,hints,1,1,E10K,SCOWL60_STABLE_2020.12.07+WN3.1
6561,6692,holmes,-11.4453,0,0,0,0,N,0,0,,,,,0,0,E10K,SCOWL60_STABLE_2020.12.07+WN3.1
6562,6693,hughes,-11.4453,0,0,0,0,N,0,0,,,,,0,0,E10K,SCOWL60_STABLE_2020.12.07+WN3.1
6563,6694,hurricane,-11.4453,1,1,0,0,N,1,1,,,,hurricanes,0,1,E10K,SCOWL60_STABLE_2020.12.07+WN3.1
6564,6695,impose,-11.4453,1,1,0,0,V,1,1,,,,imposed;imposes,0,2,E10K,SCOWL60_STABLE_2020.12.07+WN3.1
6565,6696,ink,-11.4453,1,1,1,0,N|V,1,1,,in,link;pink;sink;wink;rink,,1,5,E10K,SCOWL60_STABLE_2020.12.07+WN3.1
6566,6697,investigating,-11.4453,1,0,1,0,N,0,0,,,,,0,0,E10K,SCOWL60_STABLE_2020.12.07+WN3.1
6567,6698,isis,-11.4453,0,0,0,0,N,0,0,,,,,0,0,E10K,SCOWL60_STABLE_2020.12.07+WN3.1
6568,6699,karen,-11.4453,0,0,0,0,N,0,0,,,,,0,0,E10K,SCOWL60_STABLE_2020.12.07+WN3.1
6569,6700,knights,-11.4453,1,0,1,0,,1,0,nights,knight,,,2,0,E10K,SCOWL60_STABLE_2020.12.07+WN3.1
6570,6701,lamb,-11.4453,1,1,0,0,N|V,1,1,,lam,,lambs,1,1,E10K,SCOWL60_STABLE_2020.12.07+WN3.1
6571,6702,lemon,-11.4453,1,1,0,0,N,0,0,,,,,0,0,E10K,SCOWL60_STABLE_2020.12.07+WN3.1
6572,6703,likewise,-11.4453,1,1,0,0,ADV,0,0,,,,,0,0,E10K,SCOWL60_STABLE_2020.12.07+WN3.1
6573,6704,ll,-11.4453,1,1,0,0,,1,1,,,all;ill,,0,2,E10K,SCOWL60_STABLE_2020.12.07+WN3.1
6574,6705,luis,-11.4453,0,0,0,0,,0,0,,,,,0,0,E10K,SCOWL60_STABLE_2020.12.07+WN3.1
6575,6706,metals,-11.4453,1,0,1,0,,1,0,,metal,,,1,0,E10K,SCOWL60_STABLE_2020.12.07+WN3.1
6576,6707,mob,-11.4453,1,1,0,0,N|V,1,0,ob,mo,,,2,0,E10K,SCOWL60_STABLE_2020.12.07+WN3.1
6577,6708,molecular,-11.4453,1,1,0,0,ADJ,0,0,,,,,0,0,E10K,SCOWL60_STABLE_2020.12.07+WN3.1
6578,6709,nephew,-11.4453,1,1,0,0,N,0,0,,,,,0,0,E10K,SCOWL60_STABLE_2020.12.07+WN3.1
6579,6710,ninth,-11.4453,1,1,0,0,N|ADJ,0,0,,,,,0,0,E10K,SCOWL60_STABLE_2020.12.07+WN3.1
6580,6711,notable,-11.4453,1,1,1,0,N|ADJ,0,0,,,,,0,0,E10K,SCOWL60_STABLE_2020.12.07+WN3.1
6581,6712,noting,-11.4453,1,0,1,0,,0,0,,,,,0,0,E10K,SCOWL60_STABLE_2020.12.07+WN3.1
6582,6713,panels,-11.4453,1,0,1,0,,1,0,,panel,,,1,0,E10K,SCOWL60_STABLE_2020.12.07+WN3.1
6583,6714,passionate,-11.4453,1,1,0,0,ADJ,0,0,,,,,0,0,E10K,SCOWL60_STABLE_2020.12.07+WN3.1
6584,6715,pastor,-11.4453,1,1,0,0,N,1,1,,,,pastors,0,1,E10K,SCOWL60_STABLE_2020.12.07+WN3.1
6585,6716,pine,-11.4453,1,1,0,0,N|V,1,1,,pin,spine,pines,1,2,E10K,SCOWL60_STABLE_2020.12.07+WN3.1
6586,6717,pockets,-11.4453,1,0,1,0,,1,0,,pocket,,,1,0,E10K,SCOWL60_STABLE_2020.12.07+WN3.1
6587,6718,pricing,-11.4453,1,0,1,0,N,0,0,,,,,0,0,E10K,SCOWL60_STABLE_2020.12.07+WN3.1
6588,6719,proves,-11.4453,1,0,1,0,,1,0,,prove,,,1,0,E10K,SCOWL60_STABLE_2020.12.07+WN3.1
6589,6720,punished,-11.4453,1,1,1,0,ADJ,0,0,,,,,0,0,E10K,SCOWL60_STABLE_2020.12.07+WN3.1
6590,6721,purchases,-11.4453,1,0,1,0,,1,0,,purchase,,,1,0,E10K,SCOWL60_STABLE_2020.12.07+WN3.1
6591,6722,questioning,-11.4453,1,1,1,0,N|ADJ,0,0,,,,,0,0,E10K,SCOWL60_STABLE_2020.12.07+WN3.1
6592,6723,rabbit,-11.4453,1,1,0,0,N|V,1,1,,rabbi,,rabbits,1,1,E10K,SCOWL60_STABLE_2020.12.07+WN3.1
6593,6724,remix,-11.4453,1,1,0,0,,0,0,,,,,0,0,E10K,SCOWL60_STABLE_2020.12.07+WN3.1
6594,6725,resigned,-11.4453,1,1,1,0,,0,0,,,,,0,0,E10K,SCOWL60_STABLE_2020.12.07+WN3.1
6595,6726,ripped,-11.4453,1,1,0,0,ADJ,1,1,,,tripped,,0,1,E10K,SCOWL60_STABLE_2020.12.07+WN3.1
6596,6727,sail,-11.4453,1,1,0,0,N|V,1,1,,,,sails,0,1,E10K,SCOWL60_STABLE_2020.12.07+WN3.1
6597,6728,sailing,-11.4453,1,1,1,0,N,0,0,,,,,0,0,E10K,SCOWL60_STABLE_2020.12.07+WN3.1
6598,6729,saves,-11.4453,1,0,1,0,,1,0,,save,,,1,0,E10K,SCOWL60_STABLE_2020.12.07+WN3.1
6599,6730,seemingly,-11.4453,1,0,1,0,ADV,0,0,,,,,0,0,E10K,SCOWL60_STABLE_2020.12.07+WN3.1
6600,6731,senators,-11.4453,1,0,1,0,,1,0,,senator,,,1,0,E10K,SCOWL60_STABLE_2020.12.07+WN3.1
6601,6732,shitty,-11.4453,1,1,0,1,ADJ,0,0,,,,,0,0,E10K,SCOWL60_STABLE_2020.12.07+WN3.1
6602,6733,shocking,-11.4453,1,1,1,0,ADJ,0,0,,,,,0,0,E10K,SCOWL60_STABLE_2020.12.07+WN3.1
6603,6734,shout,-11.4453,1,1,0,0,N|V,1,1,,,,shouts,0,1,E10K,SCOWL60_STABLE_2020.12.07+WN3.1
6604,6735,smells,-11.4453,1,0,1,0,,1,0,,smell,,,1,0,E10K,SCOWL60_STABLE_2020.12.07+WN3.1
6605,6736,sovereign,-11.4453,1,1,0,0,N|ADJ,0,0,,,,,0,0,E10K,SCOWL60_STABLE_2020.12.07+WN3.1
6606,6737,spectacular,-11.4453,1,1,0,0,N|ADJ,0,0,,,,,0,0,E10K,SCOWL60_STABLE_2020.12.07+WN3.1
6607,6738,spencer,-11.4453,0,0,0,0,N,0,0,,,,,0,0,E10K,SCOWL60_STABLE_2020.12.07+WN3.1
6608,6739,strings,-11.4453,1,0,1,0,N,1,0,,string,,,1,0,E10K,SCOWL60_STABLE_2020.12.07+WN3.1
6609,6740,surfaces,-11.4453,1,0,1,0,,1,0,,surface,,,1,0,E10K,SCOWL60_STABLE_2020.12.07+WN3.1
6610,6741,surplus,-11.4453,1,1,0,0,N|ADJ,0,0,,,,,0,0,E10K,SCOWL60_STABLE_2020.12.07+WN3.1
6611,6742,teenager,-11.4453,1,1,1,0,N,1,1,,teenage,,teenagers,1,1,E10K,SCOWL60_STABLE_2020.12.07+WN3.1
6612,6743,tel,-11.4453,1,1,0,0,,1,1,,,,tell,0,1,E10K,SCOWL60_STABLE_2020.12.07+WN3.1
6613,6744,tendency,-11.4453,1,1,0,0,N,0,0,,,,,0,0,E10K,SCOWL60_STABLE_2020.12.07+WN3.1
6614,6745,variables,-11.4453,1,0,1,0,,1,0,,variable,,,1,0,E10K,SCOWL60_STABLE_2020.12.07+WN3.1
6615,6746,ve,-11.4453,0,0,0,0,,0,0,,,,,0,0,E10K,SCOWL60_STABLE_2020.12.07+WN3.1
6616,6747,widow,-11.4453,1,1,0,0,N|V,1,1,,,,widows,0,1,E10K,SCOWL60_STABLE_2020.12.07+WN3.1
6617,6748,width,-11.4453,1,1,0,0,N,0,0,,,,,0,0,E10K,SCOWL60_STABLE_2020.12.07+WN3.1
6618,6750,accurately,-11.4641,1,0,1,0,ADV,0,0,,,,,0,0,E10K,SCOWL60_STABLE_2020.12.07+WN3.1
6619,6751,adventures,-11.4641,1,0,1,0,,1,0,,adventure,,,1,0,E10K,SCOWL60_STABLE_2020.12.07+WN3.1
6620,6752,ahh,-11.4641,0,0,0,0,,0,0,,,,,0,0,E10K,SCOWL60_STABLE_2020.12.07+WN3.1
6621,6753,altered,-11.4641,1,1,1,0,ADJ,0,0,,,,,0,0,E10K,SCOWL60_STABLE_2020.12.07+WN3.1
6622,6754,ambitious,-11.4641,1,1,0,0,ADJ,0,0,,,,,0,0,E10K,SCOWL60_STABLE_2020.12.07+WN3.1
6623,6755,argues,-11.4641,1,0,1,0,,1,0,,argue,,,1,0,E10K,SCOWL60_STABLE_2020.12.07+WN3.1
6624,6756,atomic,-11.4641,1,1,0,0,ADJ,0,0,,,,,0,0,E10K,SCOWL60_STABLE_2020.12.07+WN3.1
6625,6757,banner,-11.4641,1,1,0,0,N|ADJ,1,1,,,,banners,0,1,E10K,SCOWL60_STABLE_2020.12.07+WN3.1
6626,6758,brooks,-11.4641,1,0,1,0,N,1,0,,brook,,,1,0,E10K,SCOWL60_STABLE_2020.12.07+WN3.1
6627,6759,browser,-11.4641,1,1,1,0,N,1,1,,browse,,browsers,1,1,E10K,SCOWL60_STABLE_2020.12.07+WN3.1
6628,6760,brutal,-11.4641,1,1,0,0,ADJ,0,0,,,,,0,0,E10K,SCOWL60_STABLE_2020.12.07+WN3.1
6629,6761,bucket,-11.4641,1,1,0,0,N|V,1,1,,,,buckets,0,1,E10K,SCOWL60_STABLE_2020.12.07+WN3.1
6630,6762,burger,-11.4641,1,1,1,0,N,1,1,,,,burgers,0,1,E10K,SCOWL60_STABLE_2020.12.07+WN3.1
6631,6763,buses,-11.4641,1,0,1,0,,1,1,uses,,abuses,,1,1,E10K,SCOWL60_STABLE_2020.12.07+WN3.1
6632,6764,bust,-11.4641,1,1,0,0,N|V|ADJ,1,0,,bus,,,1,0,E10K,SCOWL60_STABLE_2020.12.07+WN3.1
6633,6765,cartoon,-11.4641,1,1,0,0,N|V,1,1,,,,cartoons,0,1,E10K,SCOWL60_STABLE_2020.12.07+WN3.1
6634,6766,caution,-11.4641,1,1,0,0,N|V,0,0,,,,,0,0,E10K,SCOWL60_STABLE_2020.12.07+WN3.1
6635,6767,championships,-11.4641,1,0,1,0,,1,0,,championship,,,1,0,E10K,SCOWL60_STABLE_2020.12.07+WN3.1
6636,6768,chin,-11.4641,1,1,0,0,N|V,1,1,,chi,,china,1,1,E10K,SCOWL60_STABLE_2020.12.07+WN3.1
6637,6769,clan,-11.4641,1,1,0,0,N,1,1,,,,clans,0,1,E10K,SCOWL60_STABLE_2020.12.07+WN3.1
6638,6770,clicking,-11.4641,1,0,1,0,,1,0,licking,,,,1,0,E10K,SCOWL60_STABLE_2020.12.07+WN3.1
6639,6771,commissioned,-11.4641,1,0,1,0,ADJ,0,0,,,,,0,0,E10K,SCOWL60_STABLE_2020.12.07+WN3.1
6640,6772,configuration,-11.4641,1,1,1,0,N,1,1,,,,configurations,0,1,E10K,SCOWL60_STABLE_2020.12.07+WN3.1
6641,6773,considerations,-11.4641,1,1,0,0,,1,0,,consideration,,,1,0,E10K,SCOWL60_STABLE_2020.12.07+WN3.1
6642,6774,console,-11.4641,1,0,1,0,N|V,1,1,,,,consoles,0,1,E10K,SCOWL60_STABLE_2020.12.07+WN3.1
6643,6775,consulting,-11.4641,1,0,1,0,,0,0,,,,,0,0,E10K,SCOWL60_STABLE_2020.12.07+WN3.1
6644,6776,coup,-11.4641,1,1,0,0,N,1,1,,,,coupe,0,1,E10K,SCOWL60_STABLE_2020.12.07+WN3.1
6645,6777,creativity,-11.4641,1,1,0,0,N,0,0,,,,,0,0,E10K,SCOWL60_STABLE_2020.12.07+WN3.1
6646,6778,dairy,-11.4641,1,1,0,0,N,0,0,,,,,0,0,E10K,SCOWL60_STABLE_2020.12.07+WN3.1
6647,6779,defended,-11.4641,1,1,1,0,,0,0,,,,,0,0,E10K,SCOWL60_STABLE_2020.12.07+WN3.1
6648,6780,defining,-11.4641,1,0,1,0,N,0,0,,,,,0,0,E10K,SCOWL60_STABLE_2020.12.07+WN3.1
6649,6781,disturbing,-11.4641,1,1,1,0,ADJ,0,0,,,,,0,0,E10K,SCOWL60_STABLE_2020.12.07+WN3.1
6650,6782,diving,-11.4641,1,1,1,0,N,0,0,,,,,0,0,E10K,SCOWL60_STABLE_2020.12.07+WN3.1
6651,6783,doesnt,-11.4641,0,0,0,0,,0,0,,,,,0,0,E10K,SCOWL60_STABLE_2020.12.07+WN3.1
6652,6784,dot,-11.4641,1,1,0,0,N|V,1,1,,do,,dots,1,1,E10K,SCOWL60_STABLE_2020.12.07+WN3.1
6653,6785,drill,-11.4641,1,1,0,0,N|V,1,1,,,,drills,0,1,E10K,SCOWL60_STABLE_2020.12.07+WN3.1
6654,6786,duncan,-11.4641,0,0,0,0,N,0,0,,,,,0,0,E10K,SCOWL60_STABLE_2020.12.07+WN3.1
6655,6787,dylan,-11.4641,0,0,0,0,N,0,0,,,,,0,0,E10K,SCOWL60_STABLE_2020.12.07+WN3.1
6656,6788,ellen,-11.4641,0,0,0,0,,0,0,,,,,0,0,E10K,SCOWL60_STABLE_2020.12.07+WN3.1
6657,6789,environments,-11.4641,1,0,1,0,,1,0,,environment,,,1,0,E10K,SCOWL60_STABLE_2020.12.07+WN3.1
6658,6790,euros,-11.4641,1,0,1,0,,1,0,,euro,,,1,0,E10K,SCOWL60_STABLE_2020.12.07+WN3.1
6659,6791,extends,-11.4641,1,0,1,0,,1,0,,extend,,,1,0,E10K,SCOWL60_STABLE_2020.12.07+WN3.1
6660,6792,feast,-11.4641,1,1,0,0,N|V,1,0,east,,,,1,0,E10K,SCOWL60_STABLE_2020.12.07+WN3.1
6661,6793,firmly,-11.4641,1,0,1,0,ADV,0,0,,,,,0,0,E10K,SCOWL60_STABLE_2020.12.07+WN3.1
6662,6794,forbidden,-11.4641,1,1,0,0,ADJ,0,0,,,,,0,0,E10K,SCOWL60_STABLE_2020.12.07+WN3.1
6663,6795,freaking,-11.4641,1,0,1,0,,0,0,,,,,0,0,E10K,SCOWL60_STABLE_2020.12.07+WN3.1
6664,6796,fried,-11.4641,1,0,1,0,ADJ,0,0,,,,,0,0,E10K,SCOWL60_STABLE_2020.12.07+WN3.1
6665,6797,guides,-11.4641,1,0,1,0,,1,0,,guide,,,1,0,E10K,SCOWL60_STABLE_2020.12.07+WN3.1
6666,6798,han,-11.4641,0,0,0,0,N,0,0,,,,,0,0,E10K,SCOWL60_STABLE_2020.12.07+WN3.1
6667,6799,happier,-11.4641,1,0,1,0,,0,0,,,,,0,0,E10K,SCOWL60_STABLE_2020.12.07+WN3.1
6668,6800,homework,-11.4641,1,1,0,0,N,0,0,,,,,0,0,E10K,SCOWL60_STABLE_2020.12.07+WN3.1
6669,6801,ignoring,-11.4641,1,0,1,0,,0,0,,,,,0,0,E10K,SCOWL60_STABLE_2020.12.07+WN3.1
6670,6802,imagined,-11.4641,1,0,1,0,,1,0,,imagine,,,1,0,E10K,SCOWL60_STABLE_2020.12.07+WN3.1
6671,6803,implies,-11.4641,1,0,1,0,,0,0,,,,,0,0,E10K,SCOWL60_STABLE_2020.12.07+WN3.1
6672,6804,imported,-11.4641,1,0,1,0,ADJ,0,0,,,,,0,0,E10K,SCOWL60_STABLE_2020.12.07+WN3.1
6673,6805,interpreted,-11.4641,1,1,1,0,ADJ,0,0,,,,,0,0,E10K,SCOWL60_STABLE_2020.12.07+WN3.1
6674,6806,ive,-11.4641,0,0,0,0,,0,0,,,,,0,0,E10K,SCOWL60_STABLE_2020.12.07+WN3.1
6675,6807,judged,-11.4641,1,0,1,0,,1,0,,judge,,,1,0,E10K,SCOWL60_STABLE_2020.12.07+WN3.1
6676,6808,keeper,-11.4641,1,1,1,0,N,1,1,,,,keepers,0,1,E10K,SCOWL60_STABLE_2020.12.07+WN3.1
6677,6809,kicks,-11.4641,1,0,1,0,,1,0,,kick,,,1,0,E10K,SCOWL60_STABLE_2020.12.07+WN3.1
6678,6810,kidney,-11.4641,1,1,0,0,N,1,1,,,,kidneys,0,1,E10K,SCOWL60_STABLE_2020.12.07+WN3.1
6679,6811,ladder,-11.4641,1,1,0,0,N|V,1,1,,,bladder,,0,1,E10K,SCOWL60_STABLE_2020.12.07+WN3.1
6680,6812,liquor,-11.4641,1,1,0,0,N,0,0,,,,,0,0,E10K,SCOWL60_STABLE_2020.12.07+WN3.1
6681,6813,lloyd,-11.4641,0,0,0,0,N,0,0,,,,,0,0,E10K,SCOWL60_STABLE_2020.12.07+WN3.1
6682,6814,lobby,-11.4641,1,1,0,0,N|V,0,0,,,,,0,0,E10K,SCOWL60_STABLE_2020.12.07+WN3.1
6683,6815,mice,-11.4641,1,1,0,0,,1,0,ice,mic,,,2,0,E10K,SCOWL60_STABLE_2020.12.07+WN3.1
6684,6816,motorcycle,-11.4641,1,1,0,0,N|V,1,1,,,,motorcycles,0,1,E10K,SCOWL60_STABLE_2020.12.07+WN3.1
6685,6817,necessity,-11.4641,1,1,0,0,N,0,0,,,,,0,0,E10K,SCOWL60_STABLE_2020.12.07+WN3.1
6686,6818,nicholas,-11.4641,0,0,0,0,N,0,0,,,,,0,0,E10K,SCOWL60_STABLE_2020.12.07+WN3.1
6687,6819,nomination,-11.4641,1,1,1,0,N,1,1,,,,nominations,0,1,E10K,SCOWL60_STABLE_2020.12.07+WN3.1
6688,6820,overwhelming,-11.4641,1,1,1,0,ADJ,0,0,,,,,0,0,E10K,SCOWL60_STABLE_2020.12.07+WN3.1
6689,6821,perfection,-11.4641,1,1,0,0,N,0,0,,,,,0,0,E10K,SCOWL60_STABLE_2020.12.07+WN3.1
6690,6822,placement,-11.4641,1,1,1,0,N,0,0,,,,,0,0,E10K,SCOWL60_STABLE_2020.12.07+WN3.1
6691,6823,polar,-11.4641,1,1,0,0,ADJ,0,0,,,,,0,0,E10K,SCOWL60_STABLE_2020.12.07+WN3.1
6692,6824,presumably,-11.4641,1,1,0,0,ADV,0,0,,,,,0,0,E10K,SCOWL60_STABLE_2020.12.07+WN3.1
6693,6825,prof,-11.4641,1,1,0,0,N,1,0,,pro,,,1,0,E10K,SCOWL60_STABLE_2020.12.07+WN3.1
6694,6826,prospects,-11.4641,1,0,1,0,,1,0,,prospect,,,1,0,E10K,SCOWL60_STABLE_2020.12.07+WN3.1
6695,6827,prosperity,-11.4641,1,1,0,0,N,0,0,,,,,0,0,E10K,SCOWL60_STABLE_2020.12.07+WN3.1
6696,6828,proteins,-11.4641,1,0,1,0,,1,0,,protein,,,1,0,E10K,SCOWL60_STABLE_2020.12.07+WN3.1
6697,6829,ps,-11.4641,0,0,0,0,N,0,0,,,,,0,0,E10K,SCOWL60_STABLE_2020.12.07+WN3.1
6698,6830,quantities,-11.4641,1,0,1,0,,0,0,,,,,0,0,E10K,SCOWL60_STABLE_2020.12.07+WN3.1
6699,6831,quantum,-11.4641,1,1,0,0,N,0,0,,,,,0,0,E10K,SCOWL60_STABLE_2020.12.07+WN3.1
6700,6832,rainbow,-11.4641,1,1,0,0,N,0,0,,,,,0,0,E10K,SCOWL60_STABLE_2020.12.07+WN3.1
6701,6833,raped,-11.4641,1,0,1,0,ADJ,1,0,,rape,,,1,0,E10K,SCOWL60_STABLE_2020.12.07+WN3.1
6702,6834,rays,-11.4641,1,0,1,0,,1,0,,ray,,,1,0,E10K,SCOWL60_STABLE_2020.12.07+WN3.1
6703,6835,realm,-11.4641,1,1,0,0,N,1,1,,real,,realms,1,1,E10K,SCOWL60_STABLE_2020.12.07+WN3.1
6704,6836,rebellion,-11.4641,1,1,0,0,N,0,0,,,,,0,0,E10K,SCOWL60_STABLE_2020.12.07+WN3.1
6705,6837,reed,-11.4641,1,0,1,0,N,1,1,,,breed;freed;creed;greed,,0,4,E10K,SCOWL60_STABLE_2020.12.07+WN3.1
6706,6838,religions,-11.4641,1,0,1,0,,1,0,,religion,,,1,0,E10K,SCOWL60_STABLE_2020.12.07+WN3.1
6707,6839,ridge,-11.4641,1,1,0,0,N|V,1,1,,,bridge;fridge,ridges,0,3,E10K,SCOWL60_STABLE_2020.12.07+WN3.1
6708,6840,rs,-11.4641,1,0,1,0,,1,1,,,hrs;yrs,,0,2,E10K,SCOWL60_STABLE_2020.12.07+WN3.1
6709,6841,secretly,-11.4641,1,0,1,0,ADV,0,0,,,,,0,0,E10K,SCOWL60_STABLE_2020.12.07+WN3.1
6710,6842,sells,-11.4641,1,0,1,0,,1,0,,sell,,,1,0,E10K,SCOWL60_STABLE_2020.12.07+WN3.1
6711,6843,shade,-11.4641,1,1,0,0,N|V,1,1,,,,shades;shaded,0,2,E10K,SCOWL60_STABLE_2020.12.07+WN3.1
6712,6844,shadows,-11.4641,1,0,1,0,,1,0,,shadow,,,1,0,E10K,SCOWL60_STABLE_2020.12.07+WN3.1
6713,6845,shallow,-11.4641,1,1,0,0,N|V|ADJ,0,0,,,,,0,0,E10K,SCOWL60_STABLE_2020.12.07+WN3.1
6714,6847,southwest,-11.4641,1,1,0,0,N|ADJ|ADV,0,0,,,,,0,0,E10K,SCOWL60_STABLE_2020.12.07+WN3.1
6715,6848,speculation,-11.4641,1,1,1,0,N,0,0,,,,,0,0,E10K,SCOWL60_STABLE_2020.12.07+WN3.1
6716,6849,succession,-11.4641,1,1,0,0,N,0,0,,,,,0,0,E10K,SCOWL60_STABLE_2020.12.07+WN3.1
6717,6850,successor,-11.4641,1,1,0,0,N,1,1,,,,successors,0,1,E10K,SCOWL60_STABLE_2020.12.07+WN3.1
6718,6851,surveys,-11.4641,1,0,1,0,,1,0,,survey,,,1,0,E10K,SCOWL60_STABLE_2020.12.07+WN3.1
6719,6852,suspicion,-11.4641,1,1,0,0,N,1,1,,,,suspicions,0,1,E10K,SCOWL60_STABLE_2020.12.07+WN3.1
6720,6853,ta,-11.4641,1,1,0,0,N,1,1,a,,eta,tax;tag;tap;tab;tan;tar;tad;tat;tau,1,10,E10K,SCOWL60_STABLE_2020.12.07+WN3.1
6721,6854,tab,-11.4641,1,1,0,0,N,1,1,ab,ta,stab,tabs,2,2,E10K,SCOWL60_STABLE_2020.12.07+WN3.1
6722,6855,taiwan,-11.4641,0,0,0,0,N,0,0,,,,,0,0,E10K,SCOWL60_STABLE_2020.12.07+WN3.1
6723,6857,toe,-11.4641,1,1,0,0,N|V,1,1,,to,,toes,1,1,E10K,SCOWL60_STABLE_2020.12.07+WN3.1
6724,6858,traveled,-11.4641,1,1,1,0,ADJ,0,0,,,,,0,0,E10K,SCOWL60_STABLE_2020.12.07+WN3.1
6725,6859,travels,-11.4641,1,0,1,0,,1,0,,travel,,,1,0,E10K,SCOWL60_STABLE_2020.12.07+WN3.1
6726,6860,triumph,-11.4641,1,1,0,0,N|V,0,0,,,,,0,0,E10K,SCOWL60_STABLE_2020.12.07+WN3.1
6727,6861,tweeted,-11.4641,1,0,1,0,,0,0,,,,,0,0,E10K,SCOWL60_STABLE_2020.12.07+WN3.1
6728,6862,unbelievable,-11.4641,1,0,1,0,ADJ,0,0,,,,,0,0,E10K,SCOWL60_STABLE_2020.12.07+WN3.1
6729,6863,underneath,-11.4641,1,1,0,0,ADV,0,0,,,,,0,0,E10K,SCOWL60_STABLE_2020.12.07+WN3.1
6730,6864,varies,-11.4641,1,0,1,0,,0,0,,,,,0,0,E10K,SCOWL60_STABLE_2020.12.07+WN3.1
6731,6865,viral,-11.4641,1,1,0,0,ADJ,0,0,,,,,0,0,E10K,SCOWL60_STABLE_2020.12.07+WN3.1
6732,6866,visitor,-11.4641,1,1,0,0,N,1,1,,,,visitors,0,1,E10K,SCOWL60_STABLE_2020.12.07+WN3.1
6733,6867,vitamin,-11.4641,1,1,0,0,N,1,1,,,,vitamins,0,1,E10K,SCOWL60_STABLE_2020.12.07+WN3.1
6734,6868,warn,-11.4641,1,1,0,0,V,1,1,,war,,warns,1,1,E10K,SCOWL60_STABLE_2020.12.07+WN3.1
6735,6869,wished,-11.4641,1,0,1,0,,0,0,,,,,0,0,E10K,SCOWL60_STABLE_2020.12.07+WN3.1
6736,6870,yang,-11.4641,1,1,0,0,N,0,0,,,,,0,0,E10K,SCOWL60_STABLE_2020.12.07+WN3.1
6737,6872,accommodate,-11.4931,1,1,0,0,V,0,0,,,,,0,0,E10K,SCOWL60_STABLE_2020.12.07+WN3.1
6738,6873,activated,-11.4931,1,0,1,0,ADJ,1,0,,activate,,,1,0,E10K,SCOWL60_STABLE_2020.12.07+WN3.1
6739,6874,apartments,-11.4931,1,0,1,0,,1,0,,apartment,,,1,0,E10K,SCOWL60_STABLE_2020.12.07+WN3.1
6740,6875,arrange,-11.4931,1,1,0,0,V,1,1,,,,arranged,0,1,E10K,SCOWL60_STABLE_2020.12.07+WN3.1
6741,6876,audiences,-11.4931,1,0,1,0,,1,0,,audience,,,1,0,E10K,SCOWL60_STABLE_2020.12.07+WN3.1
6742,6877,barriers,-11.4931,1,0,1,0,,1,0,,barrier,,,1,0,E10K,SCOWL60_STABLE_2020.12.07+WN3.1
6743,6878,borrow,-11.4931,1,1,0,0,V,0,0,,,,,0,0,E10K,SCOWL60_STABLE_2020.12.07+WN3.1
6744,6879,buck,-11.4931,1,1,0,0,N|V,1,1,,,,bucks,0,1,E10K,SCOWL60_STABLE_2020.12.07+WN3.1
6745,6880,buzz,-11.4931,1,1,0,0,N|V,0,0,,,,,0,0,E10K,SCOWL60_STABLE_2020.12.07+WN3.1
6746,6881,cal,-11.4931,1,1,0,0,,1,1,,ca,,call;calm;calf,1,3,E10K,SCOWL60_STABLE_2020.12.07+WN3.1
6747,6882,cannon,-11.4931,1,1,0,0,N|V,1,1,,,,cannons,0,1,E10K,SCOWL60_STABLE_2020.12.07+WN3.1
6748,6883,careers,-11.4931,1,0,1,0,,1,0,,career,,,1,0,E10K,SCOWL60_STABLE_2020.12.07+WN3.1
6749,6884,celebrities,-11.4931,1,0,1,0,,0,0,,,,,0,0,E10K,SCOWL60_STABLE_2020.12.07+WN3.1
6750,6885,cheat,-11.4931,1,1,0,0,N|V,1,1,heat,,,cheats,1,1,E10K,SCOWL60_STABLE_2020.12.07+WN3.1
6751,6886,civic,-11.4931,1,1,0,0,ADJ,0,0,,,,,0,0,E10K,SCOWL60_STABLE_2020.12.07+WN3.1
6752,6887,clarke,-11.4931,0,0,0,0,,0,0,,,,,0,0,E10K,SCOWL60_STABLE_2020.12.07+WN3.1
6753,6888,clerk,-11.4931,1,1,0,0,N|V,1,1,,,,clerks,0,1,E10K,SCOWL60_STABLE_2020.12.07+WN3.1
6754,6889,closet,-11.4931,1,1,0,0,N|V,1,0,,close,,,1,0,E10K,SCOWL60_STABLE_2020.12.07+WN3.1
6755,6890,colin,-11.4931,0,0,0,0,,0,0,,,,,0,0,E10K,SCOWL60_STABLE_2020.12.07+WN3.1
6756,6891,columns,-11.4931,1,0,1,0,,1,0,,column,,,1,0,E10K,SCOWL60_STABLE_2020.12.07+WN3.1
6757,6892,concerts,-11.4931,1,0,1,0,,1,0,,concert,,,1,0,E10K,SCOWL60_STABLE_2020.12.07+WN3.1
6758,6893,conferences,-11.4931,1,0,1,0,,1,0,,conference,,,1,0,E10K,SCOWL60_STABLE_2020.12.07+WN3.1
6759,6894,conscience,-11.4931,1,0,1,0,N,0,0,,,,,0,0,E10K,SCOWL60_STABLE_2020.12.07+WN3.1
6760,6895,conservatives,-11.4931,1,0,1,0,,1,0,,conservative,,,1,0,E10K,SCOWL60_STABLE_2020.12.07+WN3.1
6761,6896,correspondence,-11.4931,1,1,0,0,N,0,0,,,,,0,0,E10K,SCOWL60_STABLE_2020.12.07+WN3.1
6762,6897,demo,-11.4931,1,1,1,0,N|V,1,1,,,,demon;demos,0,2,E10K,SCOWL60_STABLE_2020.12.07+WN3.1
6763,6898,diana,-11.4931,0,0,0,0,N,0,0,,,,,0,0,E10K,SCOWL60_STABLE_2020.12.07+WN3.1
6764,6899,disagree,-11.4931,1,0,1,0,V,1,1,,,,disagreed,0,1,E10K,SCOWL60_STABLE_2020.12.07+WN3.1
6765,6900,drain,-11.4931,1,1,0,0,N|V,1,1,rain,,,drains,1,1,E10K,SCOWL60_STABLE_2020.12.07+WN3.1
6766,6901,dried,-11.4931,1,0,1,0,ADJ,0,0,,,,,0,0,E10K,SCOWL60_STABLE_2020.12.07+WN3.1
6767,6902,eager,-11.4931,1,1,0,0,N|ADJ,0,0,,,,,0,0,E10K,SCOWL60_STABLE_2020.12.07+WN3.1
6768,6903,ebay,-11.4931,0,0,0,0,,0,0,,,,,0,0,E10K,SCOWL60_STABLE_2020.12.07+WN3.1
6769,6904,echo,-11.4931,1,1,0,0,N|V,0,0,,,,,0,0,E10K,SCOWL60_STABLE_2020.12.07+WN3.1
6770,6905,edges,-11.4931,1,0,1,0,,1,0,,edge,,,1,0,E10K,SCOWL60_STABLE_2020.12.07+WN3.1
6771,6906,embarrassed,-11.4931,1,1,1,0,ADJ,0,0,,,,,0,0,E10K,SCOWL60_STABLE_2020.12.07+WN3.1
6772,6907,enthusiasm,-11.4931,1,1,0,0,N,0,0,,,,,0,0,E10K,SCOWL60_STABLE_2020.12.07+WN3.1
6773,6908,excluded,-11.4931,1,0,1,0,,1,0,,exclude,,,1,0,E10K,SCOWL60_STABLE_2020.12.07+WN3.1
6774,6909,executives,-11.4931,1,0,1,0,,1,0,,executive,,,1,0,E10K,SCOWL60_STABLE_2020.12.07+WN3.1
6775,6910,feat,-11.4931,1,1,0,0,N,1,0,eat,,,,1,0,E10K,SCOWL60_STABLE_2020.12.07+WN3.1
6776,6911,finland,-11.4931,0,0,0,0,N,0,0,,,,,0,0,E10K,SCOWL60_STABLE_2020.12.07+WN3.1
6777,6912,flags,-11.4931,1,0,1,0,,1,0,,flag,,,1,0,E10K,SCOWL60_STABLE_2020.12.07+WN3.1
6778,6913,flowing,-11.4931,1,0,1,0,N|ADJ,0,0,,,,,0,0,E10K,SCOWL60_STABLE_2020.12.07+WN3.1
6779,6914,frames,-11.4931,1,0,1,0,,1,0,,frame,,,1,0,E10K,SCOWL60_STABLE_2020.12.07+WN3.1
6780,6915,gloves,-11.4931,1,0,1,0,,1,0,loves,glove,,,2,0,E10K,SCOWL60_STABLE_2020.12.07+WN3.1
6781,6916,grabbed,-11.4931,1,1,0,0,,0,0,,,,,0,0,E10K,SCOWL60_STABLE_2020.12.07+WN3.1
6782,6917,grief,-11.4931,1,1,0,0,N,0,0,,,,,0,0,E10K,SCOWL60_STABLE_2020.12.07+WN3.1
6783,6918,hannah,-11.4931,0,0,0,0,,0,0,,,,,0,0,E10K,SCOWL60_STABLE_2020.12.07+WN3.1
6784,6919,hart,-11.4931,1,1,0,0,N,1,1,art,,chart,,1,1,E10K,SCOWL60_STABLE_2020.12.07+WN3.1
6785,6920,heels,-11.4931,1,0,1,0,,1,1,,heel,wheels,,1,1,E10K,SCOWL60_STABLE_2020.12.07+WN3.1
6786,6921,hungary,-11.4931,0,0,0,0,N,0,0,,,,,0,0,E10K,SCOWL60_STABLE_2020.12.07+WN3.1
6787,6922,idiots,-11.4931,1,0,1,0,,1,0,,idiot,,,1,0,E10K,SCOWL60_STABLE_2020.12.07+WN3.1
6788,6923,inn,-11.4931,1,1,1,0,N,1,0,,in,,,1,0,E10K,SCOWL60_STABLE_2020.12.07+WN3.1
6789,6924,insects,-11.4931,1,0,1,0,,1,0,,insect,,,1,0,E10K,SCOWL60_STABLE_2020.12.07+WN3.1
6790,6925,instagram,-11.4931,0,0,0,0,,0,0,,,,,0,0,E10K,SCOWL60_STABLE_2020.12.07+WN3.1
6791,6926,integral,-11.4931,1,1,0,0,N|ADJ,0,0,,,,,0,0,E10K,SCOWL60_STABLE_2020.12.07+WN3.1
6792,6927,irrelevant,-11.4931,1,1,0,0,ADJ,0,0,,,,,0,0,E10K,SCOWL60_STABLE_2020.12.07+WN3.1
6793,6928,jo,-11.4931,0,0,0,0,,0,0,,,,,0,0,E10K,SCOWL60_STABLE_2020.12.07+WN3.1
6794,6929,joan,-11.4931,0,0,0,0,,0,0,,,,,0,0,E10K,SCOWL60_STABLE_2020.12.07+WN3.1
6795,6930,joking,-11.4931,1,1,1,0,ADJ,0,0,,,,,0,0,E10K,SCOWL60_STABLE_2020.12.07+WN3.1
6796,6931,lamp,-11.4931,1,1,0,0,N,1,1,amp,lam,clamp,lamps,2,2,E10K,SCOWL60_STABLE_2020.12.07+WN3.1
6797,6932,lined,-11.4931,1,1,1,0,ADJ,1,0,,line,,,1,0,E10K,SCOWL60_STABLE_2020.12.07+WN3.1
6798,6933,lottery,-11.4931,1,1,0,0,N,0,0,,,,,0,0,E10K,SCOWL60_STABLE_2020.12.07+WN3.1
6799,6934,meditation,-11.4931,1,1,1,0,N,0,0,,,,,0,0,E10K,SCOWL60_STABLE_2020.12.07+WN3.1
6800,6935,messed,-11.4931,1,0,1,0,,0,0,,,,,0,0,E10K,SCOWL60_STABLE_2020.12.07+WN3.1
6801,6936,minus,-11.4931,1,1,0,0,N|ADJ,0,0,,,,,0,0,E10K,SCOWL60_STABLE_2020.12.07+WN3.1
6802,6937,mistaken,-11.4931,1,1,0,0,ADJ,1,0,,mistake,,,1,0,E10K,SCOWL60_STABLE_2020.12.07+WN3.1
6803,6938,mortality,-11.4931,1,1,0,0,N,0,0,,,,,0,0,E10K,SCOWL60_STABLE_2020.12.07+WN3.1
6804,6939,munich,-11.4931,0,0,0,0,N,0,0,,,,,0,0,E10K,SCOWL60_STABLE_2020.12.07+WN3.1
6805,6940,nails,-11.4931,1,0,1,0,,1,0,,nail,,,1,0,E10K,SCOWL60_STABLE_2020.12.07+WN3.1
6806,6941,navigation,-11.4931,1,1,1,0,N,0,0,,,,,0,0,E10K,SCOWL60_STABLE_2020.12.07+WN3.1
6807,6942,neighbourhood,-11.4931,0,0,0,0,N,0,0,,,,,0,0,E10K,SCOWL60_STABLE_2020.12.07+WN3.1
6808,6943,nerves,-11.4931,1,0,1,0,N,1,0,,nerve,,,1,0,E10K,SCOWL60_STABLE_2020.12.07+WN3.1
6809,6944,orchestra,-11.4931,1,1,0,0,N,0,0,,,,,0,0,E10K,SCOWL60_STABLE_2020.12.07+WN3.1
6810,6945,ore,-11.4931,1,1,0,0,N,1,1,re,or,more;core;wore;sore;bore;tore;gore;fore;lore,,2,9,E10K,SCOWL60_STABLE_2020.12.07+WN3.1
6811,6946,possess,-11.4931,1,1,0,0,V,0,0,,,,,0,0,E10K,SCOWL60_STABLE_2020.12.07+WN3.1
6812,6947,praised,-11.4931,1,0,1,0,,1,0,raised,praise,,,2,0,E10K,SCOWL60_STABLE_2020.12.07+WN3.1
6813,6948,prescription,-11.4931,1,1,0,0,N|ADJ,1,1,,,,prescriptions,0,1,E10K,SCOWL60_STABLE_2020.12.07+WN3.1
6814,6949,profitable,-11.4931,1,1,1,0,ADJ,0,0,,,,,0,0,E10K,SCOWL60_STABLE_2020.12.07+WN3.1
6815,6950,projected,-11.4931,1,0,1,0,ADJ,0,0,,,,,0,0,E10K,SCOWL60_STABLE_2020.12.07+WN3.1
6816,6951,pulse,-11.4931,1,1,0,0,N|V,1,1,,,,pulses,0,1,E10K,SCOWL60_STABLE_2020.12.07+WN3.1
6817,6952,rental,-11.4931,1,1,0,0,N|ADJ,1,1,,,,rentals,0,1,E10K,SCOWL60_STABLE_2020.12.07+WN3.1
6818,6953,resignation,-11.4931,1,1,0,0,N,0,0,,,,,0,0,E10K,SCOWL60_STABLE_2020.12.07+WN3.1
6819,6954,retire,-11.4931,1,0,1,0,V,1,1,,,,retired,0,1,E10K,SCOWL60_STABLE_2020.12.07+WN3.1
6820,6955,revelation,-11.4931,1,1,0,0,N,1,1,,,,revelations,0,1,E10K,SCOWL60_STABLE_2020.12.07+WN3.1
6821,6956,riders,-11.4931,1,0,1,0,,1,0,,rider,,,1,0,E10K,SCOWL60_STABLE_2020.12.07+WN3.1
6822,6957,rockets,-11.4931,1,0,1,0,,1,0,,rocket,,,1,0,E10K,SCOWL60_STABLE_2020.12.07+WN3.1
6823,6958,ruth,-11.4931,0,0,0,0,N,0,0,,,,,0,0,E10K,SCOWL60_STABLE_2020.12.07+WN3.1
6824,6959,samsung,-11.4931,0,0,0,0,,0,0,,,,,0,0,E10K,SCOWL60_STABLE_2020.12.07+WN3.1
6825,6960,satan,-11.4931,0,0,0,0,N,0,0,,,,,0,0,E10K,SCOWL60_STABLE_2020.12.07+WN3.1
6826,6961,sc,-11.4931,0,0,0,0,N,0,0,,,,,0,0,E10K,SCOWL60_STABLE_2020.12.07+WN3.1
6827,6962,screwed,-11.4931,1,0,1,0,,0,0,,,,,0,0,E10K,SCOWL60_STABLE_2020.12.07+WN3.1
6828,6963,shelf,-11.4931,1,1,0,0,N,0,0,,,,,0,0,E10K,SCOWL60_STABLE_2020.12.07+WN3.1
6829,6964,shorts,-11.4931,1,0,1,0,N,1,0,,short,,,1,0,E10K,SCOWL60_STABLE_2020.12.07+WN3.1
6830,6965,slipped,-11.4931,1,1,0,0,,0,0,,,,,0,0,E10K,SCOWL60_STABLE_2020.12.07+WN3.1
6831,6966,socially,-11.4931,1,0,1,0,ADV,0,0,,,,,0,0,E10K,SCOWL60_STABLE_2020.12.07+WN3.1
6832,6967,span,-11.4931,1,1,0,0,N|V,1,1,pan,spa,,spans,2,1,E10K,SCOWL60_STABLE_2020.12.07+WN3.1
6833,6968,stance,-11.4931,1,1,0,0,N,0,0,,,,,0,0,E10K,SCOWL60_STABLE_2020.12.07+WN3.1
6834,6969,steep,-11.4931,1,1,0,0,N|V|ADJ,0,0,,,,,0,0,E10K,SCOWL60_STABLE_2020.12.07+WN3.1
6835,6970,substantially,-11.4931,1,0,1,0,ADV,0,0,,,,,0,0,E10K,SCOWL60_STABLE_2020.12.07+WN3.1
6836,6971,sunny,-11.4931,1,1,0,0,ADJ,0,0,,,,,0,0,E10K,SCOWL60_STABLE_2020.12.07+WN3.1
6837,6972,sunset,-11.4931,1,1,0,0,N|ADJ,0,0,,,,,0,0,E10K,SCOWL60_STABLE_2020.12.07+WN3.1
6838,6973,superman,-11.4931,1,1,0,0,N,0,0,,,,,0,0,E10K,SCOWL60_STABLE_2020.12.07+WN3.1
6839,6974,supervision,-11.4931,1,1,1,0,N,0,0,,,,,0,0,E10K,SCOWL60_STABLE_2020.12.07+WN3.1
6840,6975,supplement,-11.4931,1,1,1,0,N|V,1,1,,,,supplements,0,1,E10K,SCOWL60_STABLE_2020.12.07+WN3.1
6841,6976,surviving,-11.4931,1,0,1,0,ADJ,0,0,,,,,0,0,E10K,SCOWL60_STABLE_2020.12.07+WN3.1
6842,6977,switching,-11.4931,1,0,1,0,N,0,0,,,,,0,0,E10K,SCOWL60_STABLE_2020.12.07+WN3.1
6843,6978,timber,-11.4931,1,1,0,0,N,0,0,,,,,0,0,E10K,SCOWL60_STABLE_2020.12.07+WN3.1
6844,6979,tin,-11.4931,1,1,0,0,N|V,1,1,in,ti,,tiny;ting,2,2,E10K,SCOWL60_STABLE_2020.12.07+WN3.1
6845,6980,tribunal,-11.4931,1,1,0,0,N,0,0,,,,,0,0,E10K,SCOWL60_STABLE_2020.12.07+WN3.1
6846,6981,uncertain,-11.4931,1,0,1,0,ADJ,0,0,,,,,0,0,E10K,SCOWL60_STABLE_2020.12.07+WN3.1
6847,6982,void,-11.4931,1,1,0,0,N|V|ADJ,1,1,,,avoid,,0,1,E10K,SCOWL60_STABLE_2020.12.07+WN3.1
6848,6983,wallace,-11.4931,0,0,0,0,N,0,0,,,,,0,0,E10K,SCOWL60_STABLE_2020.12.07+WN3.1
6849,6984,whip,-11.4931,1,1,0,0,N|V,1,0,hip,,,,1,0,E10K,SCOWL60_STABLE_2020.12.07+WN3.1
6850,6985,wonders,-11.4931,1,0,1,0,,1,0,,wonder,,,1,0,E10K,SCOWL60_STABLE_2020.12.07+WN3.1
6851,6986,workplace,-11.4931,1,1,0,0,N,0,0,,,,,0,0,E10K,SCOWL60_STABLE_2020.12.07+WN3.1
6852,6987,admire,-11.5129,1,1,0,0,V,1,1,,,,admired,0,1,E10K,SCOWL60_STABLE_2020.12.07+WN3.1
6853,6988,anchor,-11.5129,1,1,0,0,N|V,1,1,,,,anchors,0,1,E10K,SCOWL60_STABLE_2020.12.07+WN3.1
6854,6989,animated,-11.5129,1,1,1,0,ADJ,0,0,,,,,0,0,E10K,SCOWL60_STABLE_2020.12.07+WN3.1
6855,6990,announces,-11.5129,1,0,1,0,,1,0,,announce,,,1,0,E10K,SCOWL60_STABLE_2020.12.07+WN3.1
6856,6991,arch,-11.5129,1,1,0,0,N|V|ADJ,1,1,,arc,march,,1,1,E10K,SCOWL60_STABLE_2020.12.07+WN3.1
6857,6992,bowling,-11.5129,1,1,1,0,N,0,0,,,,,0,0,E10K,SCOWL60_STABLE_2020.12.07+WN3.1
6858,6993,bulgaria,-11.5129,0,0,0,0,N,0,0,,,,,0,0,E10K,SCOWL60_STABLE_2020.12.07+WN3.1
6859,6994,buyer,-11.5129,1,1,1,0,N,1,1,,,,buyers,0,1,E10K,SCOWL60_STABLE_2020.12.07+WN3.1
6860,6995,cannabis,-11.5129,1,1,0,0,N,0,0,,,,,0,0,E10K,SCOWL60_STABLE_2020.12.07+WN3.1
6861,6996,caroline,-11.5129,0,0,0,0,ADJ,0,0,,,,,0,0,E10K,SCOWL60_STABLE_2020.12.07+WN3.1
6862,6997,circular,-11.5129,1,1,0,0,N|ADJ,0,0,,,,,0,0,E10K,SCOWL60_STABLE_2020.12.07+WN3.1
6863,6998,cocaine,-11.5129,1,1,0,0,N,0,0,,,,,0,0,E10K,SCOWL60_STABLE_2020.12.07+WN3.1
6864,6999,commands,-11.5129,1,0,1,0,,1,0,,command,,,1,0,E10K,SCOWL60_STABLE_2020.12.07+WN3.1
6865,7000,compatible,-11.5129,1,1,0,0,ADJ,0,0,,,,,0,0,E10K,SCOWL60_STABLE_2020.12.07+WN3.1
6866,7001,consisted,-11.5129,1,0,1,0,,0,0,,,,,0,0,E10K,SCOWL60_STABLE_2020.12.07+WN3.1
6867,7002,contacted,-11.5129,1,0,1,0,,0,0,,,,,0,0,E10K,SCOWL60_STABLE_2020.12.07+WN3.1
6868,7003,container,-11.5129,1,1,1,0,N,1,1,,,,containers,0,1,E10K,SCOWL60_STABLE_2020.12.07+WN3.1
6869,7004,convenience,-11.5129,1,1,0,0,N,0,0,,,,,0,0,E10K,SCOWL60_STABLE_2020.12.07+WN3.1
6870,7005,corrected,-11.5129,1,1,1,0,ADJ,0,0,,,,,0,0,E10K,SCOWL60_STABLE_2020.12.07+WN3.1
6871,7006,correction,-11.5129,1,1,0,0,N,1,1,,,,corrections,0,1,E10K,SCOWL60_STABLE_2020.12.07+WN3.1
6872,7007,criticized,-11.5129,1,0,1,0,,1,0,,criticize,,,1,0,E10K,SCOWL60_STABLE_2020.12.07+WN3.1
6873,7008,debts,-11.5129,1,0,1,0,,1,0,,debt,,,1,0,E10K,SCOWL60_STABLE_2020.12.07+WN3.1
6874,7009,democrat,-11.5129,1,1,0,0,N,1,1,,,,democrats,0,1,E10K,SCOWL60_STABLE_2020.12.07+WN3.1
6875,7010,diagnosed,-11.5129,1,0,1,0,,1,0,,diagnose,,,1,0,E10K,SCOWL60_STABLE_2020.12.07+WN3.1
6876,7011,distinctive,-11.5129,1,1,1,0,ADJ,0,0,,,,,0,0,E10K,SCOWL60_STABLE_2020.12.07+WN3.1
6877,7012,doubts,-11.5129,1,0,1,0,,1,0,,doubt,,,1,0,E10K,SCOWL60_STABLE_2020.12.07+WN3.1
6878,7013,dubai,-11.5129,0,0,0,0,N,0,0,,,,,0,0,E10K,SCOWL60_STABLE_2020.12.07+WN3.1
6879,7014,edwards,-11.5129,0,0,0,0,N,0,0,,,,,0,0,E10K,SCOWL60_STABLE_2020.12.07+WN3.1
6880,7015,explicit,-11.5129,1,1,0,0,ADJ,0,0,,,,,0,0,E10K,SCOWL60_STABLE_2020.12.07+WN3.1
6881,7016,factories,-11.5129,1,0,1,0,,0,0,,,,,0,0,E10K,SCOWL60_STABLE_2020.12.07+WN3.1
6882,7017,failures,-11.5129,1,0,1,0,,1,0,,failure,,,1,0,E10K,SCOWL60_STABLE_2020.12.07+WN3.1
6883,7018,filmed,-11.5129,1,0,1,0,ADJ,0,0,,,,,0,0,E10K,SCOWL60_STABLE_2020.12.07+WN3.1
6884,7019,flexibility,-11.5129,1,1,0,0,N,0,0,,,,,0,0,E10K,SCOWL60_STABLE_2020.12.07+WN3.1
6885,7020,frankly,-11.5129,1,0,1,0,ADV,0,0,,,,,0,0,E10K,SCOWL60_STABLE_2020.12.07+WN3.1
6886,7021,furious,-11.5129,1,1,0,0,ADJ,0,0,,,,,0,0,E10K,SCOWL60_STABLE_2020.12.07+WN3.1
6887,7022,gambling,-11.5129,1,1,1,0,N,0,0,,,,,0,0,E10K,SCOWL60_STABLE_2020.12.07+WN3.1
6888,7023,grande,-11.5129,0,0,0,0,,0,0,,,,,0,0,E10K,SCOWL60_STABLE_2020.12.07+WN3.1
6889,7024,harold,-11.5129,0,0,0,0,,0,0,,,,,0,0,E10K,SCOWL60_STABLE_2020.12.07+WN3.1
6890,7025,honored,-11.5129,1,0,1,0,ADJ,0,0,,,,,0,0,E10K,SCOWL60_STABLE_2020.12.07+WN3.1
6891,7026,hydrogen,-11.5129,1,1,0,0,N,0,0,,,,,0,0,E10K,SCOWL60_STABLE_2020.12.07+WN3.1
6892,7027,ibid,-11.5129,1,1,0,0,,1,0,bid,,,,1,0,E10K,SCOWL60_STABLE_2020.12.07+WN3.1
6893,7028,ideology,-11.5129,1,1,0,0,N,0,0,,,,,0,0,E10K,SCOWL60_STABLE_2020.12.07+WN3.1
6894,7029,incentive,-11.5129,1,1,0,0,N,1,1,,,,incentives,0,1,E10K,SCOWL60_STABLE_2020.12.07+WN3.1
6895,7030,initiatives,-11.5129,1,0,1,0,,1,0,,initiative,,,1,0,E10K,SCOWL60_STABLE_2020.12.07+WN3.1
6896,7031,instrumental,-11.5129,1,1,0,0,ADJ,0,0,,,,,0,0,E10K,SCOWL60_STABLE_2020.12.07+WN3.1
6897,7032,intact,-11.5129,1,1,0,0,ADJ,0,0,,,,,0,0,E10K,SCOWL60_STABLE_2020.12.07+WN3.1
6898,7033,intake,-11.5129,1,0,1,0,N,0,0,,,,,0,0,E10K,SCOWL60_STABLE_2020.12.07+WN3.1
6899,7034,interact,-11.5129,1,1,0,0,V,0,0,,,,,0,0,E10K,SCOWL60_STABLE_2020.12.07+WN3.1
6900,7035,internationally,-11.5129,1,0,1,0,ADV,0,0,,,,,0,0,E10K,SCOWL60_STABLE_2020.12.07+WN3.1
6901,7036,ipad,-11.5129,0,0,0,0,,0,0,,,,,0,0,E10K,SCOWL60_STABLE_2020.12.07+WN3.1
6902,7037,kitty,-11.5129,1,1,0,0,N,0,0,,,,,0,0,E10K,SCOWL60_STABLE_2020.12.07+WN3.1
6903,7038,limiting,-11.5129,1,1,1,0,N|ADJ,0,0,,,,,0,0,E10K,SCOWL60_STABLE_2020.12.07+WN3.1
6904,7039,linking,-11.5129,1,0,1,0,,0,0,,,,,0,0,E10K,SCOWL60_STABLE_2020.12.07+WN3.1
6905,7040,lodge,-11.5129,1,1,0,0,N|V,1,1,,,,lodged,0,1,E10K,SCOWL60_STABLE_2020.12.07+WN3.1
6906,7041,louise,-11.5129,0,0,0,0,,0,0,,,,,0,0,E10K,SCOWL60_STABLE_2020.12.07+WN3.1
6907,7042,nhl,-11.5129,0,0,0,0,,0,0,,,,,0,0,E10K,SCOWL60_STABLE_2020.12.07+WN3.1
6908,7043,northeast,-11.5129,1,1,0,0,N|ADJ|ADV,0,0,,,,,0,0,E10K,SCOWL60_STABLE_2020.12.07+WN3.1
6909,7044,occurrence,-11.5129,1,1,0,0,N,1,1,,,,occurrences,0,1,E10K,SCOWL60_STABLE_2020.12.07+WN3.1
6910,7045,offences,-11.5129,0,0,0,0,,0,0,,,,,0,0,E10K,SCOWL60_STABLE_2020.12.07+WN3.1
6911,7046,organizational,-11.5129,1,1,0,0,ADJ,0,0,,,,,0,0,E10K,SCOWL60_STABLE_2020.12.07+WN3.1
6912,7047,organize,-11.5129,1,1,0,0,V,1,1,,,,organized;organizer,0,2,E10K,SCOWL60_STABLE_2020.12.07+WN3.1
6913,7048,owen,-11.5129,0,0,0,0,N,0,0,,,,,0,0,E10K,SCOWL60_STABLE_2020.12.07+WN3.1
6914,7049,peers,-11.5129,1,0,1,0,,1,0,,peer,,,1,0,E10K,SCOWL60_STABLE_2020.12.07+WN3.1
6915,7050,pill,-11.5129,1,1,0,0,N,1,1,ill,,spill,pills,1,2,E10K,SCOWL60_STABLE_2020.12.07+WN3.1
6916,7051,pity,-11.5129,1,1,0,0,N|V,1,0,,pit,,,1,0,E10K,SCOWL60_STABLE_2020.12.07+WN3.1
6917,7052,planets,-11.5129,1,0,1,0,,1,0,,planet,,,1,0,E10K,SCOWL60_STABLE_2020.12.07+WN3.1
6918,7053,portland,-11.5129,0,0,0,0,N,0,0,,,,,0,0,E10K,SCOWL60_STABLE_2020.12.07+WN3.1
6919,7054,precision,-11.5129,1,1,1,0,N,0,0,,,,,0,0,E10K,SCOWL60_STABLE_2020.12.07+WN3.1
6920,7055,prescribed,-11.5129,1,0,1,0,ADJ,1,0,,prescribe,,,1,0,E10K,SCOWL60_STABLE_2020.12.07+WN3.1
6921,7056,pressures,-11.5129,1,0,1,0,,1,0,,pressure,,,1,0,E10K,SCOWL60_STABLE_2020.12.07+WN3.1
6922,7057,pretending,-11.5129,1,0,1,0,N,0,0,,,,,0,0,E10K,SCOWL60_STABLE_2020.12.07+WN3.1
6923,7058,prey,-11.5129,1,1,0,0,N|V,0,0,,,,,0,0,E10K,SCOWL60_STABLE_2020.12.07+WN3.1
6924,7059,privately,-11.5129,1,0,1,0,ADV,0,0,,,,,0,0,E10K,SCOWL60_STABLE_2020.12.07+WN3.1
6925,7060,profound,-11.5129,1,1,0,0,ADJ,0,0,,,,,0,0,E10K,SCOWL60_STABLE_2020.12.07+WN3.1
6926,7061,publicity,-11.5129,1,1,0,0,N,0,0,,,,,0,0,E10K,SCOWL60_STABLE_2020.12.07+WN3.1
6927,7062,recipient,-11.5129,1,1,0,0,N,1,1,,,,recipients,0,1,E10K,SCOWL60_STABLE_2020.12.07+WN3.1
6928,7063,relaxed,-11.5129,1,0,1,0,ADJ,0,0,,,,,0,0,E10K,SCOWL60_STABLE_2020.12.07+WN3.1
6929,7064,rendered,-11.5129,1,0,1,0,,0,0,,,,,0,0,E10K,SCOWL60_STABLE_2020.12.07+WN3.1
6930,7065,ritual,-11.5129,1,1,0,0,N|ADJ,1,1,,,,rituals,0,1,E10K,SCOWL60_STABLE_2020.12.07+WN3.1
6931,7066,rookie,-11.5129,1,1,0,0,N,0,0,,,,,0,0,E10K,SCOWL60_STABLE_2020.12.07+WN3.1
6932,7067,runway,-11.5129,1,1,0,0,N,1,1,,,,runways,0,1,E10K,SCOWL60_STABLE_2020.12.07+WN3.1
6933,7068,salmon,-11.5129,1,1,0,0,N|ADJ,0,0,,,,,0,0,E10K,SCOWL60_STABLE_2020.12.07+WN3.1
6934,7069,secular,-11.5129,1,1,0,0,N|ADJ,0,0,,,,,0,0,E10K,SCOWL60_STABLE_2020.12.07+WN3.1
6935,7070,sentiment,-11.5129,1,1,0,0,N,1,1,,,,sentiments,0,1,E10K,SCOWL60_STABLE_2020.12.07+WN3.1
6936,7072,simpson,-11.5129,0,0,0,0,N,0,0,,,,,0,0,E10K,SCOWL60_STABLE_2020.12.07+WN3.1
6937,7073,slim,-11.5129,1,1,0,0,V|ADJ,1,1,,,,slime,0,1,E10K,SCOWL60_STABLE_2020.12.07+WN3.1
6938,7074,smallest,-11.5129,1,0,1,0,,0,0,,,,,0,0,E10K,SCOWL60_STABLE_2020.12.07+WN3.1
6939,7075,specially,-11.5129,1,0,1,0,ADV,1,1,,,especially,,0,1,E10K,SCOWL60_STABLE_2020.12.07+WN3.1
6940,7076,stack,-11.5129,1,1,0,0,N|V,1,1,tack,,,stacks,1,1,E10K,SCOWL60_STABLE_2020.12.07+WN3.1
6941,7077,trainer,-11.5129,1,1,1,0,N,1,1,,,,trainers,0,1,E10K,SCOWL60_STABLE_2020.12.07+WN3.1
6942,7078,vampire,-11.5129,1,1,0,0,N,1,1,,,,vampires,0,1,E10K,SCOWL60_STABLE_2020.12.07+WN3.1
6943,7079,varieties,-11.5129,1,0,1,0,,0,0,,,,,0,0,E10K,SCOWL60_STABLE_2020.12.07+WN3.1
6944,7080,varying,-11.5129,1,1,1,0,ADJ,0,0,,,,,0,0,E10K,SCOWL60_STABLE_2020.12.07+WN3.1
6945,7081,viable,-11.5129,1,1,0,0,ADJ,0,0,,,,,0,0,E10K,SCOWL60_STABLE_2020.12.07+WN3.1
6946,7082,weekends,-11.5129,1,0,1,0,,1,0,,weekend,,,1,0,E10K,SCOWL60_STABLE_2020.12.07+WN3.1
6947,7083,wrestling,-11.5129,1,1,1,0,N,0,0,,,,,0,0,E10K,SCOWL60_STABLE_2020.12.07+WN3.1
6948,7084,absent,-11.5362,1,1,0,0,V|ADJ,0,0,,,,,0,0,E10K,SCOWL60_STABLE_2020.12.07+WN3.1
6949,7085,admiral,-11.5362,1,1,0,0,N,0,0,,,,,0,0,E10K,SCOWL60_STABLE_2020.12.07+WN3.1
6950,7086,airline,-11.5362,1,1,0,0,N,1,1,,,,airlines,0,1,E10K,SCOWL60_STABLE_2020.12.07+WN3.1
6951,7087,apology,-11.5362,1,1,0,0,N,0,0,,,,,0,0,E10K,SCOWL60_STABLE_2020.12.07+WN3.1
6952,7088,arbitrary,-11.5362,1,1,0,0,ADJ,0,0,,,,,0,0,E10K,SCOWL60_STABLE_2020.12.07+WN3.1
6953,7089,architectural,-11.5362,1,1,0,0,ADJ,0,0,,,,,0,0,E10K,SCOWL60_STABLE_2020.12.07+WN3.1
6954,7090,arnold,-11.5362,0,0,0,0,N,0,0,,,,,0,0,E10K,SCOWL60_STABLE_2020.12.07+WN3.1
6955,7091,artillery,-11.5362,1,1,0,0,N,0,0,,,,,0,0,E10K,SCOWL60_STABLE_2020.12.07+WN3.1
6956,7092,asylum,-11.5362,1,1,0,0,N,0,0,,,,,0,0,E10K,SCOWL60_STABLE_2020.12.07+WN3.1
6957,7093,bail,-11.5362,1,1,0,0,N|V,0,0,,,,,0,0,E10K,SCOWL60_STABLE_2020.12.07+WN3.1
6958,7094,banana,-11.5362,1,1,0,0,N,1,1,,,,bananas,0,1,E10K,SCOWL60_STABLE_2020.12.07+WN3.1
6959,7095,bishops,-11.5362,1,0,1,0,,1,0,,bishop,,,1,0,E10K,SCOWL60_STABLE_2020.12.07+WN3.1
6960,7096,bo,-11.5362,0,0,0,0,,0,0,,,,,0,0,E10K,SCOWL60_STABLE_2020.12.07+WN3.1
6961,7097,bros,-11.5362,1,0,1,0,,1,0,,bro,,,1,0,E10K,SCOWL60_STABLE_2020.12.07+WN3.1
6962,7098,bryan,-11.5362,0,0,0,0,N,0,0,,,,,0,0,E10K,SCOWL60_STABLE_2020.12.07+WN3.1
6963,7099,bullets,-11.5362,1,0,1,0,,1,0,,bullet,,,1,0,E10K,SCOWL60_STABLE_2020.12.07+WN3.1
6964,7100,cart,-11.5362,1,1,0,0,N|V,1,1,art,car,,carts,2,1,E10K,SCOWL60_STABLE_2020.12.07+WN3.1
6965,7101,cemetery,-11.5362,1,1,0,0,N,0,0,,,,,0,0,E10K,SCOWL60_STABLE_2020.12.07+WN3.1
6966,7102,collar,-11.5362,1,1,0,0,N|V,0,0,,,,,0,0,E10K,SCOWL60_STABLE_2020.12.07+WN3.1
6967,7103,collision,-11.5362,1,1,0,0,N,1,1,,,,collisions,0,1,E10K,SCOWL60_STABLE_2020.12.07+WN3.1
6968,7104,comeback,-11.5362,1,1,0,0,N,0,0,,,,,0,0,E10K,SCOWL60_STABLE_2020.12.07+WN3.1
6969,7105,complained,-11.5362,1,0,1,0,,0,0,,,,,0,0,E10K,SCOWL60_STABLE_2020.12.07+WN3.1
6970,7106,consumed,-11.5362,1,1,1,0,,1,0,,consume,,,1,0,E10K,SCOWL60_STABLE_2020.12.07+WN3.1
6971,7107,convincing,-11.5362,1,1,1,0,ADJ,0,0,,,,,0,0,E10K,SCOWL60_STABLE_2020.12.07+WN3.1
6972,7108,crushed,-11.5362,1,0,1,0,ADJ,1,0,rushed,,,,1,0,E10K,SCOWL60_STABLE_2020.12.07+WN3.1
6973,7109,cuban,-11.5362,0,0,0,0,N|ADJ,0,0,,,,,0,0,E10K,SCOWL60_STABLE_2020.12.07+WN3.1
6974,7110,curiosity,-11.5362,1,1,0,0,N,0,0,,,,,0,0,E10K,SCOWL60_STABLE_2020.12.07+WN3.1
6975,7111,deaf,-11.5362,1,1,0,0,N|V|ADJ,0,0,,,,,0,0,E10K,SCOWL60_STABLE_2020.12.07+WN3.1
6976,7112,definitions,-11.5362,1,1,0,0,,1,0,,definition,,,1,0,E10K,SCOWL60_STABLE_2020.12.07+WN3.1
6977,7113,delicate,-11.5362,1,1,0,0,ADJ,0,0,,,,,0,0,E10K,SCOWL60_STABLE_2020.12.07+WN3.1
6978,7114,diamonds,-11.5362,1,0,1,0,,1,0,,diamond,,,1,0,E10K,SCOWL60_STABLE_2020.12.07+WN3.1
6979,7115,divorced,-11.5362,1,0,1,0,ADJ,1,0,,divorce,,,1,0,E10K,SCOWL60_STABLE_2020.12.07+WN3.1
6980,7116,donated,-11.5362,1,0,1,0,,1,0,,donate,,,1,0,E10K,SCOWL60_STABLE_2020.12.07+WN3.1
6981,7117,drank,-11.5362,1,1,0,0,,1,0,rank,,,,1,0,E10K,SCOWL60_STABLE_2020.12.07+WN3.1
6982,7118,dump,-11.5362,1,1,0,0,N|V,1,1,,,,dumps,0,1,E10K,SCOWL60_STABLE_2020.12.07+WN3.1
6983,7119,duo,-11.5362,1,1,0,0,N,0,0,,,,,0,0,E10K,SCOWL60_STABLE_2020.12.07+WN3.1
6984,7120,editors,-11.5362,1,0,1,0,,1,0,,editor,,,1,0,E10K,SCOWL60_STABLE_2020.12.07+WN3.1
6985,7121,elegant,-11.5362,1,1,0,0,ADJ,0,0,,,,,0,0,E10K,SCOWL60_STABLE_2020.12.07+WN3.1
6986,7122,emotionally,-11.5362,1,0,1,0,ADV,0,0,,,,,0,0,E10K,SCOWL60_STABLE_2020.12.07+WN3.1
6987,7123,evaluate,-11.5362,1,1,0,0,V,1,1,,,,evaluated,0,1,E10K,SCOWL60_STABLE_2020.12.07+WN3.1
6988,7124,extract,-11.5362,1,1,0,0,N|V,1,1,,,,extracts,0,1,E10K,SCOWL60_STABLE_2020.12.07+WN3.1
6989,7125,frontier,-11.5362,1,1,0,0,N,1,1,,,,frontiers,0,1,E10K,SCOWL60_STABLE_2020.12.07+WN3.1
6990,7126,fur,-11.5362,1,1,0,0,N,1,1,,,,fury,0,1,E10K,SCOWL60_STABLE_2020.12.07+WN3.1
6991,7127,gently,-11.5362,1,1,0,0,ADV,0,0,,,,,0,0,E10K,SCOWL60_STABLE_2020.12.07+WN3.1
6992,7128,geographical,-11.5362,1,1,0,0,ADJ,0,0,,,,,0,0,E10K,SCOWL60_STABLE_2020.12.07+WN3.1
6993,7129,graduates,-11.5362,1,0,1,0,,1,0,,graduate,,,1,0,E10K,SCOWL60_STABLE_2020.12.07+WN3.1
6994,7130,halloween,-11.5362,0,0,0,0,N,0,0,,,,,0,0,E10K,SCOWL60_STABLE_2020.12.07+WN3.1
6995,7131,hay,-11.5362,1,1,0,0,N|V,1,0,,ha,,,1,0,E10K,SCOWL60_STABLE_2020.12.07+WN3.1
6996,7132,hazard,-11.5362,1,1,0,0,N|V,1,1,,,,hazards,0,1,E10K,SCOWL60_STABLE_2020.12.07+WN3.1
6997,7133,helmet,-11.5362,1,1,0,0,N,1,1,,,,helmets,0,1,E10K,SCOWL60_STABLE_2020.12.07+WN3.1
6998,7134,indoor,-11.5362,1,0,1,0,ADJ,1,1,,,,indoors,0,1,E10K,SCOWL60_STABLE_2020.12.07+WN3.1
6999,7135,ing,-11.5362,0,0,0,0,,0,0,,,,,0,0,E10K,SCOWL60_STABLE_2020.12.07+WN3.1
7000,7136,insert,-11.5362,1,1,0,0,N|V,0,0,,,,,0,0,E10K,SCOWL60_STABLE_2020.12.07+WN3.1
7001,7137,instructor,-11.5362,1,1,0,0,N,1,1,,,,instructors,0,1,E10K,SCOWL60_STABLE_2020.12.07+WN3.1
7002,7138,insult,-11.5362,1,1,0,0,N|V,1,1,,,,insults,0,1,E10K,SCOWL60_STABLE_2020.12.07+WN3.1
7003,7139,jerk,-11.5362,1,1,0,0,N|V,0,0,,,,,0,0,E10K,SCOWL60_STABLE_2020.12.07+WN3.1
7004,7140,joins,-11.5362,1,0,1,0,,1,0,,join,,,1,0,E10K,SCOWL60_STABLE_2020.12.07+WN3.1
7005,7141,kenny,-11.5362,0,0,0,0,,0,0,,,,,0,0,E10K,SCOWL60_STABLE_2020.12.07+WN3.1
7006,7142,kindness,-11.5362,1,1,1,0,N,0,0,,,,,0,0,E10K,SCOWL60_STABLE_2020.12.07+WN3.1
7007,7143,laundry,-11.5362,1,1,0,0,N,0,0,,,,,0,0,E10K,SCOWL60_STABLE_2020.12.07+WN3.1
7008,7144,liberals,-11.5362,1,0,1,0,,1,0,,liberal,,,1,0,E10K,SCOWL60_STABLE_2020.12.07+WN3.1
7009,7145,louisiana,-11.5362,0,0,0,0,N,0,0,,,,,0,0,E10K,SCOWL60_STABLE_2020.12.07+WN3.1
7010,7146,lungs,-11.5362,1,0,1,0,,1,0,,lung,,,1,0,E10K,SCOWL60_STABLE_2020.12.07+WN3.1
7011,7147,maintains,-11.5362,1,0,1,0,,1,0,,maintain,,,1,0,E10K,SCOWL60_STABLE_2020.12.07+WN3.1
7012,7148,mandate,-11.5362,1,1,0,0,N|V,1,1,,,,mandated;mandates,0,2,E10K,SCOWL60_STABLE_2020.12.07+WN3.1
7013,7149,mansion,-11.5362,1,1,1,0,N,0,0,,,,,0,0,E10K,SCOWL60_STABLE_2020.12.07+WN3.1
7014,7150,marvel,-11.5362,1,1,0,0,N|V,0,0,,,,,0,0,E10K,SCOWL60_STABLE_2020.12.07+WN3.1
7015,7151,networking,-11.5362,1,1,1,0,,0,0,,,,,0,0,E10K,SCOWL60_STABLE_2020.12.07+WN3.1
7016,7152,observer,-11.5362,1,1,1,0,N,1,1,,observe,,observers,1,1,E10K,SCOWL60_STABLE_2020.12.07+WN3.1
7017,7153,obsessed,-11.5362,1,0,1,0,ADJ,0,0,,,,,0,0,E10K,SCOWL60_STABLE_2020.12.07+WN3.1
7018,7154,obtaining,-11.5362,1,0,1,0,,0,0,,,,,0,0,E10K,SCOWL60_STABLE_2020.12.07+WN3.1
7019,7155,occupy,-11.5362,1,1,0,0,V,0,0,,,,,0,0,E10K,SCOWL60_STABLE_2020.12.07+WN3.1
7020,7156,optional,-11.5362,1,1,0,0,ADJ,0,0,,,,,0,0,E10K,SCOWL60_STABLE_2020.12.07+WN3.1
7021,7157,organisms,-11.5362,1,0,1,0,,1,0,,organism,,,1,0,E10K,SCOWL60_STABLE_2020.12.07+WN3.1
7022,7158,orthodox,-11.5362,1,1,0,0,ADJ,0,0,,,,,0,0,E10K,SCOWL60_STABLE_2020.12.07+WN3.1
7023,7159,packages,-11.5362,1,0,1,0,,1,0,,package,,,1,0,E10K,SCOWL60_STABLE_2020.12.07+WN3.1
7024,7160,palmer,-11.5362,0,0,0,0,N,0,0,,,,,0,0,E10K,SCOWL60_STABLE_2020.12.07+WN3.1
7025,7161,pets,-11.5362,1,0,1,0,,1,0,,pet,,,1,0,E10K,SCOWL60_STABLE_2020.12.07+WN3.1
7026,7162,readily,-11.5362,1,1,0,0,ADV,0,0,,,,,0,0,E10K,SCOWL60_STABLE_2020.12.07+WN3.1
7027,7163,reduces,-11.5362,1,0,1,0,,1,0,,reduce,,,1,0,E10K,SCOWL60_STABLE_2020.12.07+WN3.1
7028,7164,refugee,-11.5362,1,1,0,0,N,1,1,,refuge,,refugees,1,1,E10K,SCOWL60_STABLE_2020.12.07+WN3.1
7029,7165,regulated,-11.5362,1,1,1,0,ADJ,1,0,,regulate,,,1,0,E10K,SCOWL60_STABLE_2020.12.07+WN3.1
7030,7166,rehabilitation,-11.5362,1,1,1,0,N,0,0,,,,,0,0,E10K,SCOWL60_STABLE_2020.12.07+WN3.1
7031,7167,rider,-11.5362,1,1,1,0,N,1,1,,ride,,riders,1,1,E10K,SCOWL60_STABLE_2020.12.07+WN3.1
7032,7168,scales,-11.5362,1,0,1,0,,1,0,,scale,,,1,0,E10K,SCOWL60_STABLE_2020.12.07+WN3.1
7033,7169,scattered,-11.5362,1,0,1,0,ADJ,0,0,,,,,0,0,E10K,SCOWL60_STABLE_2020.12.07+WN3.1
7034,7170,seas,-11.5362,1,0,1,0,,1,0,,sea,,,1,0,E10K,SCOWL60_STABLE_2020.12.07+WN3.1
7035,7171,seller,-11.5362,1,0,1,0,N,1,1,,,,sellers,0,1,E10K,SCOWL60_STABLE_2020.12.07+WN3.1
7036,7172,sensitivity,-11.5362,1,1,0,0,N,0,0,,,,,0,0,E10K,SCOWL60_STABLE_2020.12.07+WN3.1
7037,7173,settlements,-11.5362,1,1,0,0,,1,0,,settlement,,,1,0,E10K,SCOWL60_STABLE_2020.12.07+WN3.1
7038,7174,shapes,-11.5362,1,0,1,0,,1,0,,shape,,,1,0,E10K,SCOWL60_STABLE_2020.12.07+WN3.1
7039,7175,singh,-11.5362,0,0,0,0,,0,0,,,,,0,0,E10K,SCOWL60_STABLE_2020.12.07+WN3.1
7040,7176,sketch,-11.5362,1,1,0,0,N|V,0,0,,,,,0,0,E10K,SCOWL60_STABLE_2020.12.07+WN3.1
7041,7177,socks,-11.5362,1,0,1,0,,1,0,,sock,,,1,0,E10K,SCOWL60_STABLE_2020.12.07+WN3.1
7042,7178,sovereignty,-11.5362,1,1,0,0,N,0,0,,,,,0,0,E10K,SCOWL60_STABLE_2020.12.07+WN3.1
7043,7179,sp,-11.5362,0,0,0,0,,0,0,,,,,0,0,E10K,SCOWL60_STABLE_2020.12.07+WN3.1
7044,7180,spa,-11.5362,1,1,0,0,N,1,1,pa,,,spam;span;spat,1,3,E10K,SCOWL60_STABLE_2020.12.07+WN3.1
7045,7181,studios,-11.5362,1,0,1,0,,1,0,,studio,,,1,0,E10K,SCOWL60_STABLE_2020.12.07+WN3.1
7046,7182,subjected,-11.5362,1,0,1,0,,0,0,,,,,0,0,E10K,SCOWL60_STABLE_2020.12.07+WN3.1
7047,7183,supportive,-11.5362,1,0,1,0,ADJ,0,0,,,,,0,0,E10K,SCOWL60_STABLE_2020.12.07+WN3.1
7048,7184,sustain,-11.5362,1,1,0,0,V,0,0,,,,,0,0,E10K,SCOWL60_STABLE_2020.12.07+WN3.1
7049,7185,systematic,-11.5362,1,1,0,0,ADJ,0,0,,,,,0,0,E10K,SCOWL60_STABLE_2020.12.07+WN3.1
7050,7186,tan,-11.5362,1,1,0,0,N|V|ADJ,1,1,an,ta,,tank;tang,2,2,E10K,SCOWL60_STABLE_2020.12.07+WN3.1
7051,7187,taxation,-11.5362,1,1,0,0,N,0,0,,,,,0,0,E10K,SCOWL60_STABLE_2020.12.07+WN3.1
7052,7188,trades,-11.5362,1,0,1,0,,1,0,,trade,,,1,0,E10K,SCOWL60_STABLE_2020.12.07+WN3.1
7053,7189,transparent,-11.5362,1,1,0,0,ADJ,0,0,,,,,0,0,E10K,SCOWL60_STABLE_2020.12.07+WN3.1
7054,7190,troubles,-11.5362,1,0,1,0,,1,0,,trouble,,,1,0,E10K,SCOWL60_STABLE_2020.12.07+WN3.1
7055,7191,tweet,-11.5362,1,1,0,0,N|V,1,1,,,,tweets,0,1,E10K,SCOWL60_STABLE_2020.12.07+WN3.1
7056,7192,undertaken,-11.5362,1,1,0,0,,1,0,,undertake,,,1,0,E10K,SCOWL60_STABLE_2020.12.07+WN3.1
7057,7193,whatsoever,-11.5362,1,1,0,0,ADJ,0,0,,,,,0,0,E10K,SCOWL60_STABLE_2020.12.07+WN3.1
7058,7194,wrist,-11.5362,1,1,0,0,N,1,1,,,,wrists,0,1,E10K,SCOWL60_STABLE_2020.12.07+WN3.1
7059,7195,writings,-11.5362,1,0,1,0,N,1,0,,writing,,,1,0,E10K,SCOWL60_STABLE_2020.12.07+WN3.1
7060,7196,yelling,-11.5362,1,0,1,0,N,0,0,,,,,0,0,E10K,SCOWL60_STABLE_2020.12.07+WN3.1
7061,7197,adapt,-11.559,1,1,0,0,V,0,0,,,,,0,0,E10K,SCOWL60_STABLE_2020.12.07+WN3.1
7062,7198,aggression,-11.559,1,1,0,0,N,0,0,,,,,0,0,E10K,SCOWL60_STABLE_2020.12.07+WN3.1
7063,7199,allegations,-11.559,1,0,1,0,,1,0,,allegation,,,1,0,E10K,SCOWL60_STABLE_2020.12.07+WN3.1
7064,7200,allegedly,-11.559,1,0,1,0,ADV,0,0,,,,,0,0,E10K,SCOWL60_STABLE_2020.12.07+WN3.1
7065,7201,amanda,-11.559,0,0,0,0,,0,0,,,,,0,0,E10K,SCOWL60_STABLE_2020.12.07+WN3.1
7066,7202,ambition,-11.559,1,1,0,0,N|V,1,1,,,,ambitions,0,1,E10K,SCOWL60_STABLE_2020.12.07+WN3.1
7067,7203,amen,-11.559,1,1,1,0,N,1,1,men,,,amend,1,1,E10K,SCOWL60_STABLE_2020.12.07+WN3.1
7068,7204,ancestors,-11.559,1,0,1,0,,1,0,,ancestor,,,1,0,E10K,SCOWL60_STABLE_2020.12.07+WN3.1
7069,7205,assembled,-11.559,1,0,1,0,,1,0,,assemble,,,1,0,E10K,SCOWL60_STABLE_2020.12.07+WN3.1
7070,7206,assists,-11.559,1,0,1,0,,1,0,,assist,,,1,0,E10K,SCOWL60_STABLE_2020.12.07+WN3.1
7071,7207,ballot,-11.559,1,1,0,0,N|V,1,1,,,,ballots,0,1,E10K,SCOWL60_STABLE_2020.12.07+WN3.1
7072,7208,belgian,-11.559,0,0,0,0,N|ADJ,0,0,,,,,0,0,E10K,SCOWL60_STABLE_2020.12.07+WN3.1
7073,7209,bennett,-11.559,0,0,0,0,N,0,0,,,,,0,0,E10K,SCOWL60_STABLE_2020.12.07+WN3.1
7074,7210,brass,-11.559,1,1,0,0,N,1,0,,bras,,,1,0,E10K,SCOWL60_STABLE_2020.12.07+WN3.1
7075,7211,buttons,-11.559,1,0,1,0,,1,0,,button,,,1,0,E10K,SCOWL60_STABLE_2020.12.07+WN3.1
7076,7212,ce,-11.559,0,0,0,0,N|ADV,0,0,,,,,0,0,E10K,SCOWL60_STABLE_2020.12.07+WN3.1
7077,7213,chen,-11.559,0,0,0,0,N,0,0,,,,,0,0,E10K,SCOWL60_STABLE_2020.12.07+WN3.1
7078,7214,consistency,-11.559,1,1,0,0,N,0,0,,,,,0,0,E10K,SCOWL60_STABLE_2020.12.07+WN3.1
7079,7215,construct,-11.559,1,1,0,0,N|V,0,0,,,,,0,0,E10K,SCOWL60_STABLE_2020.12.07+WN3.1
7080,7216,contractor,-11.559,1,0,1,0,N,1,1,,,,contractors,0,1,E10K,SCOWL60_STABLE_2020.12.07+WN3.1
7081,7217,cooperative,-11.559,1,1,1,0,N|ADJ,1,1,,,,cooperatives,0,1,E10K,SCOWL60_STABLE_2020.12.07+WN3.1
7082,7218,countryside,-11.559,1,1,0,0,N,0,0,,,,,0,0,E10K,SCOWL60_STABLE_2020.12.07+WN3.1
7083,7219,debates,-11.559,1,0,1,0,,1,0,,debate,,,1,0,E10K,SCOWL60_STABLE_2020.12.07+WN3.1
7084,7220,demon,-11.559,1,1,0,0,N,1,1,,demo,,demons,1,1,E10K,SCOWL60_STABLE_2020.12.07+WN3.1
7085,7221,denial,-11.559,1,1,0,0,N,0,0,,,,,0,0,E10K,SCOWL60_STABLE_2020.12.07+WN3.1
7086,7222,disappointment,-11.559,1,0,1,0,N,0,0,,,,,0,0,E10K,SCOWL60_STABLE_2020.12.07+WN3.1
7087,7223,distinguish,-11.559,1,1,0,0,V,0,0,,,,,0,0,E10K,SCOWL60_STABLE_2020.12.07+WN3.1
7088,7224,distress,-11.559,1,1,1,0,N|V,0,0,,,,,0,0,E10K,SCOWL60_STABLE_2020.12.07+WN3.1
7089,7225,elect,-11.559,1,1,0,0,N|V|ADJ,1,1,,,select,,0,1,E10K,SCOWL60_STABLE_2020.12.07+WN3.1
7090,7226,elimination,-11.559,1,1,1,0,N,0,0,,,,,0,0,E10K,SCOWL60_STABLE_2020.12.07+WN3.1
7091,7227,enforce,-11.559,1,1,0,0,V,1,1,,,,enforced,0,1,E10K,SCOWL60_STABLE_2020.12.07+WN3.1
7092,7228,essays,-11.559,1,0,1,0,,1,0,,essay,,,1,0,E10K,SCOWL60_STABLE_2020.12.07+WN3.1
7093,7229,expectation,-11.559,1,1,0,0,N,1,1,,,,expectations,0,1,E10K,SCOWL60_STABLE_2020.12.07+WN3.1
7094,7230,fiber,-11.559,1,1,1,0,N,1,1,,,,fibers,0,1,E10K,SCOWL60_STABLE_2020.12.07+WN3.1
7095,7231,filing,-11.559,1,0,1,0,N,0,0,,,,,0,0,E10K,SCOWL60_STABLE_2020.12.07+WN3.1
7096,7232,finale,-11.559,1,1,0,0,N,1,0,,final,,,1,0,E10K,SCOWL60_STABLE_2020.12.07+WN3.1
7097,7233,gauge,-11.559,1,1,0,0,N|V,0,0,,,,,0,0,E10K,SCOWL60_STABLE_2020.12.07+WN3.1
7098,7234,genuinely,-11.559,1,0,1,0,ADV,0,0,,,,,0,0,E10K,SCOWL60_STABLE_2020.12.07+WN3.1
7099,7235,geography,-11.559,1,1,0,0,N,0,0,,,,,0,0,E10K,SCOWL60_STABLE_2020.12.07+WN3.1
7100,7236,hudson,-11.559,0,0,0,0,N,0,0,,,,,0,0,E10K,SCOWL60_STABLE_2020.12.07+WN3.1
7101,7237,inadequate,-11.559,1,0,1,0,ADJ,0,0,,,,,0,0,E10K,SCOWL60_STABLE_2020.12.07+WN3.1
7102,7238,infant,-11.559,1,1,0,0,N,1,1,,,,infants,0,1,E10K,SCOWL60_STABLE_2020.12.07+WN3.1
7103,7239,infections,-11.559,1,0,1,0,,1,0,,infection,,,1,0,E10K,SCOWL60_STABLE_2020.12.07+WN3.1
7104,7240,informal,-11.559,1,1,0,0,ADJ,0,0,,,,,0,0,E10K,SCOWL60_STABLE_2020.12.07+WN3.1
7105,7241,injection,-11.559,1,1,0,0,N,1,1,,,,injections,0,1,E10K,SCOWL60_STABLE_2020.12.07+WN3.1
7106,7242,intel,-11.559,1,1,0,0,,0,0,,,,,0,0,E10K,SCOWL60_STABLE_2020.12.07+WN3.1
7107,7243,julian,-11.559,0,0,0,0,N|ADJ,0,0,,,,,0,0,E10K,SCOWL60_STABLE_2020.12.07+WN3.1
7108,7244,lawn,-11.559,1,1,0,0,N,1,0,,law,,,1,0,E10K,SCOWL60_STABLE_2020.12.07+WN3.1
7109,7245,leisure,-11.559,1,1,0,0,N,0,0,,,,,0,0,E10K,SCOWL60_STABLE_2020.12.07+WN3.1
7110,7246,literacy,-11.559,1,1,0,0,N,0,0,,,,,0,0,E10K,SCOWL60_STABLE_2020.12.07+WN3.1
7111,7247,loser,-11.559,1,1,1,0,N,1,1,,lose,closer,losers,1,2,E10K,SCOWL60_STABLE_2020.12.07+WN3.1
7112,7248,madness,-11.559,1,1,1,0,N,0,0,,,,,0,0,E10K,SCOWL60_STABLE_2020.12.07+WN3.1
7113,7249,matched,-11.559,1,1,0,0,ADJ,0,0,,,,,0,0,E10K,SCOWL60_STABLE_2020.12.07+WN3.1
7114,7250,mates,-11.559,1,0,1,0,N,1,0,,mate,,,1,0,E10K,SCOWL60_STABLE_2020.12.07+WN3.1
7115,7251,messenger,-11.559,1,1,0,0,N,1,1,,,,messengers,0,1,E10K,SCOWL60_STABLE_2020.12.07+WN3.1
7116,7252,michel,-11.559,0,0,0,0,,0,0,,,,,0,0,E10K,SCOWL60_STABLE_2020.12.07+WN3.1
7117,7253,monk,-11.559,1,1,0,0,N,1,1,,,,monks,0,1,E10K,SCOWL60_STABLE_2020.12.07+WN3.1
7118,7254,mph,-11.559,1,1,0,0,N,1,0,,mp,,,1,0,E10K,SCOWL60_STABLE_2020.12.07+WN3.1
7119,7255,murders,-11.559,1,0,1,0,,1,0,,murder,,,1,0,E10K,SCOWL60_STABLE_2020.12.07+WN3.1
7120,7256,nsfw,-11.559,0,0,0,0,,0,0,,,,,0,0,E10K,SCOWL60_STABLE_2020.12.07+WN3.1
7121,7257,offshore,-11.559,1,1,0,0,ADJ|ADV,0,0,,,,,0,0,E10K,SCOWL60_STABLE_2020.12.07+WN3.1
7122,7258,pad,-11.559,1,1,0,0,N|V,1,1,ad,pa,,pads,2,1,E10K,SCOWL60_STABLE_2020.12.07+WN3.1
7123,7259,para,-11.559,1,1,0,0,N,1,0,,par,,,1,0,E10K,SCOWL60_STABLE_2020.12.07+WN3.1
7124,7260,pee,-11.559,1,1,0,0,N|V,1,1,,,,peer;peel;peek;peep,0,4,E10K,SCOWL60_STABLE_2020.12.07+WN3.1
7125,7261,pending,-11.559,1,0,1,0,ADJ,1,1,ending,,spending,,1,1,E10K,SCOWL60_STABLE_2020.12.07+WN3.1
7126,7262,permits,-11.559,1,0,1,0,,1,0,,permit,,,1,0,E10K,SCOWL60_STABLE_2020.12.07+WN3.1
7127,7263,petroleum,-11.559,1,1,0,0,N,0,0,,,,,0,0,E10K,SCOWL60_STABLE_2020.12.07+WN3.1
7128,7264,philosophical,-11.559,1,1,0,0,ADJ,0,0,,,,,0,0,E10K,SCOWL60_STABLE_2020.12.07+WN3.1
7129,7265,pipeline,-11.559,1,1,0,0,N,1,1,,,,pipelines,0,1,E10K,SCOWL60_STABLE_2020.12.07+WN3.1
7130,7266,pirates,-11.559,1,0,1,0,,1,0,,pirate,,,1,0,E10K,SCOWL60_STABLE_2020.12.07+WN3.1
7131,7267,pork,-11.559,1,1,0,0,N,0,0,,,,,0,0,E10K,SCOWL60_STABLE_2020.12.07+WN3.1
7132,7268,portions,-11.559,1,0,1,0,,1,0,,portion,,,1,0,E10K,SCOWL60_STABLE_2020.12.07+WN3.1
7133,7269,preparations,-11.559,1,0,1,0,,1,0,,preparation,,,1,0,E10K,SCOWL60_STABLE_2020.12.07+WN3.1
7134,7270,presidents,-11.559,1,0,1,0,,1,0,residents,president,,,2,0,E10K,SCOWL60_STABLE_2020.12.07+WN3.1
7135,7271,prosecutor,-11.559,1,1,0,0,N,1,1,,,,prosecutors,0,1,E10K,SCOWL60_STABLE_2020.12.07+WN3.1
7136,7272,refuge,-11.559,1,1,0,0,N,1,1,,,,refugee,0,1,E10K,SCOWL60_STABLE_2020.12.07+WN3.1
7137,7273,researcher,-11.559,1,0,1,0,N,1,1,,,,researchers,0,1,E10K,SCOWL60_STABLE_2020.12.07+WN3.1
7138,7274,risen,-11.559,1,1,0,0,ADJ,1,1,,rise,arisen,,1,1,E10K,SCOWL60_STABLE_2020.12.07+WN3.1
7139,7275,roses,-11.559,1,0,1,0,,1,0,,rose,,,1,0,E10K,SCOWL60_STABLE_2020.12.07+WN3.1
7140,7276,screens,-11.559,1,0,1,0,,1,0,,screen,,,1,0,E10K,SCOWL60_STABLE_2020.12.07+WN3.1
7141,7277,semester,-11.559,1,1,0,0,N,0,0,,,,,0,0,E10K,SCOWL60_STABLE_2020.12.07+WN3.1
7142,7278,servers,-11.559,1,0,1,0,,1,0,,server,,,1,0,E10K,SCOWL60_STABLE_2020.12.07+WN3.1
7143,7279,sexuality,-11.559,1,1,0,0,N,0,0,,,,,0,0,E10K,SCOWL60_STABLE_2020.12.07+WN3.1
7144,7280,shareholders,-11.559,1,0,1,0,,1,0,,shareholder,,,1,0,E10K,SCOWL60_STABLE_2020.12.07+WN3.1
7145,7281,shifts,-11.559,1,0,1,0,,1,0,,shift,,,1,0,E10K,SCOWL60_STABLE_2020.12.07+WN3.1
7146,7282,siblings,-11.559,1,0,1,0,,1,0,,sibling,,,1,0,E10K,SCOWL60_STABLE_2020.12.07+WN3.1
7147,7283,smartphone,-11.559,1,1,0,0,,1,1,,,,smartphones,0,1,E10K,SCOWL60_STABLE_2020.12.07+WN3.1
7148,7284,soda,-11.559,1,1,0,0,N,0,0,,,,,0,0,E10K,SCOWL60_STABLE_2020.12.07+WN3.1
7149,7285,sore,-11.559,1,1,0,0,N|ADJ,1,0,ore,,,,1,0,E10K,SCOWL60_STABLE_2020.12.07+WN3.1
7150,7286,sphere,-11.559,1,1,0,0,N,1,1,,,,spheres,0,1,E10K,SCOWL60_STABLE_2020.12.07+WN3.1
7151,7287,sponsor,-11.559,1,1,0,0,N|V,1,1,,,,sponsors,0,1,E10K,SCOWL60_STABLE_2020.12.07+WN3.1
7152,7288,sprint,-11.559,1,1,0,0,N|V,1,0,print,,,,1,0,E10K,SCOWL60_STABLE_2020.12.07+WN3.1
7153,7289,sticking,-11.559,1,0,1,0,ADJ,1,0,ticking,,,,1,0,E10K,SCOWL60_STABLE_2020.12.07+WN3.1
7154,7290,sudan,-11.559,0,0,0,0,N,0,0,,,,,0,0,E10K,SCOWL60_STABLE_2020.12.07+WN3.1
7155,7291,teaches,-11.559,1,0,1,0,,0,0,,,,,0,0,E10K,SCOWL60_STABLE_2020.12.07+WN3.1
7156,7292,thorough,-11.559,1,1,0,0,ADJ,0,0,,,,,0,0,E10K,SCOWL60_STABLE_2020.12.07+WN3.1
7157,7293,tops,-11.559,1,0,1,0,ADJ,1,1,ops,top,stops,,2,1,E10K,SCOWL60_STABLE_2020.12.07+WN3.1
7158,7294,transfers,-11.559,1,0,1,0,,1,0,,transfer,,,1,0,E10K,SCOWL60_STABLE_2020.12.07+WN3.1
7159,7295,transmitted,-11.559,1,1,0,0,ADJ,0,0,,,,,0,0,E10K,SCOWL60_STABLE_2020.12.07+WN3.1
7160,7296,usb,-11.559,0,0,0,0,,0,0,,,,,0,0,E10K,SCOWL60_STABLE_2020.12.07+WN3.1
7161,7297,utterly,-11.559,1,0,1,0,ADV,0,0,,,,,0,0,E10K,SCOWL60_STABLE_2020.12.07+WN3.1
7162,7298,verify,-11.559,1,1,0,0,V,0,0,,,,,0,0,E10K,SCOWL60_STABLE_2020.12.07+WN3.1
7163,7299,vii,-11.559,1,1,0,0,N|ADJ,1,1,ii,vi,,viii,2,1,E10K,SCOWL60_STABLE_2020.12.07+WN3.1
7164,7300,vintage,-11.559,1,1,0,0,N,0,0,,,,,0,0,E10K,SCOWL60_STABLE_2020.12.07+WN3.1
7165,7301,weigh,-11.559,1,1,0,0,V,1,1,,,,weight;weighs,0,2,E10K,SCOWL60_STABLE_2020.12.07+WN3.1
7166,7302,westminster,-11.559,0,0,0,0,N,0,0,,,,,0,0,E10K,SCOWL60_STABLE_2020.12.07+WN3.1
7167,7303,wilderness,-11.559,1,1,0,0,N,0,0,,,,,0,0,E10K,SCOWL60_STABLE_2020.12.07+WN3.1
7168,7304,wipe,-11.559,1,1,0,0,N|V,1,1,,,swipe,wiped;wipes,0,3,E10K,SCOWL60_STABLE_2020.12.07+WN3.1
7169,7305,wizard,-11.559,1,1,0,0,N|ADJ,1,1,,,,wizards,0,1,E10K,SCOWL60_STABLE_2020.12.07+WN3.1
7170,7306,wreck,-11.559,1,1,0,0,N|V,0,0,,,,,0,0,E10K,SCOWL60_STABLE_2020.12.07+WN3.1
7171,7307,yorkshire,-11.559,0,0,0,0,N,0,0,,,,,0,0,E10K,SCOWL60_STABLE_2020.12.07+WN3.1
7172,7308,aa,-11.5823,0,0,0,0,N,0,0,,,,,0,0,E10K,SCOWL60_STABLE_2020.12.07+WN3.1
7173,7309,absurd,-11.5823,1,1,0,0,N|ADJ,0,0,,,,,0,0,E10K,SCOWL60_STABLE_2020.12.07+WN3.1
7174,7310,alfred,-11.5823,0,0,0,0,N,0,0,,,,,0,0,E10K,SCOWL60_STABLE_2020.12.07+WN3.1
7175,7311,angela,-11.5823,0,0,0,0,,0,0,,,,,0,0,E10K,SCOWL60_STABLE_2020.12.07+WN3.1
7176,7312,anyways,-11.5823,1,0,1,0,ADV,1,0,,anyway,,,1,0,E10K,SCOWL60_STABLE_2020.12.07+WN3.1
7177,7313,armies,-11.5823,1,0,1,0,,0,0,,,,,0,0,E10K,SCOWL60_STABLE_2020.12.07+WN3.1
7178,7314,bankruptcy,-11.5823,1,1,0,0,N,0,0,,,,,0,0,E10K,SCOWL60_STABLE_2020.12.07+WN3.1
7179,7315,beaches,-11.5823,1,0,1,0,,0,0,,,,,0,0,E10K,SCOWL60_STABLE_2020.12.07+WN3.1
7180,7316,bent,-11.5823,1,1,0,0,N|ADJ,0,0,,,,,0,0,E10K,SCOWL60_STABLE_2020.12.07+WN3.1
7181,7317,bitcoin,-11.5823,1,1,0,0,,1,1,,,,bitcoins,0,1,E10K,SCOWL60_STABLE_2020.12.07+WN3.1
7182,7318,blair,-11.5823,0,0,0,0,N,0,0,,,,,0,0,E10K,SCOWL60_STABLE_2020.12.07+WN3.1
7183,7319,bradley,-11.5823,0,0,0,0,N,0,0,,,,,0,0,E10K,SCOWL60_STABLE_2020.12.07+WN3.1
7184,7320,broadway,-11.5823,0,0,0,0,N,0,0,,,,,0,0,E10K,SCOWL60_STABLE_2020.12.07+WN3.1
7185,7321,bulletin,-11.5823,1,1,0,0,N|V,0,0,,,,,0,0,E10K,SCOWL60_STABLE_2020.12.07+WN3.1
7186,7322,camping,-11.5823,1,1,1,0,N,0,0,,,,,0,0,E10K,SCOWL60_STABLE_2020.12.07+WN3.1
7187,7323,carol,-11.5823,1,1,0,0,N|V,0,0,,,,,0,0,E10K,SCOWL60_STABLE_2020.12.07+WN3.1
7188,7324,cheek,-11.5823,1,1,0,0,N|V,1,1,,,,cheeks;cheeky,0,2,E10K,SCOWL60_STABLE_2020.12.07+WN3.1
7189,7325,circus,-11.5823,1,1,0,0,N,0,0,,,,,0,0,E10K,SCOWL60_STABLE_2020.12.07+WN3.1
7190,7326,col,-11.5823,1,1,0,0,N,1,1,,co,,cold;cola;colt,1,3,E10K,SCOWL60_STABLE_2020.12.07+WN3.1
7191,7327,colonies,-11.5823,1,0,1,0,,0,0,,,,,0,0,E10K,SCOWL60_STABLE_2020.12.07+WN3.1
7192,7328,commodity,-11.5823,1,1,0,0,N,0,0,,,,,0,0,E10K,SCOWL60_STABLE_2020.12.07+WN3.1
7193,7329,confusing,-11.5823,1,1,1,0,ADJ,0,0,,,,,0,0,E10K,SCOWL60_STABLE_2020.12.07+WN3.1
7194,7330,congregation,-11.5823,1,1,1,0,N,1,1,,,,congregations,0,1,E10K,SCOWL60_STABLE_2020.12.07+WN3.1
7195,7331,consultation,-11.5823,1,1,0,0,N,1,1,,,,consultations,0,1,E10K,SCOWL60_STABLE_2020.12.07+WN3.1
7196,7332,corp,-11.5823,1,1,0,0,N,1,1,,cor,,corps,1,1,E10K,SCOWL60_STABLE_2020.12.07+WN3.1
7197,7333,critic,-11.5823,1,1,0,0,N,1,1,,,,critics,0,1,E10K,SCOWL60_STABLE_2020.12.07+WN3.1
7198,7334,crude,-11.5823,1,1,0,0,N|ADJ,1,0,rude,,,,1,0,E10K,SCOWL60_STABLE_2020.12.07+WN3.1
7199,7335,dale,-11.5823,1,1,0,0,N,1,0,ale,,,,1,0,E10K,SCOWL60_STABLE_2020.12.07+WN3.1
7200,7336,dealers,-11.5823,1,0,1,0,,1,0,,dealer,,,1,0,E10K,SCOWL60_STABLE_2020.12.07+WN3.1
7201,7337,deceased,-11.5823,1,1,1,0,N|ADJ,0,0,,,,,0,0,E10K,SCOWL60_STABLE_2020.12.07+WN3.1
7202,7338,decorated,-11.5823,1,0,1,0,ADJ,1,0,,decorate,,,1,0,E10K,SCOWL60_STABLE_2020.12.07+WN3.1
7203,7339,dedication,-11.5823,1,1,0,0,N,0,0,,,,,0,0,E10K,SCOWL60_STABLE_2020.12.07+WN3.1
7204,7340,delegates,-11.5823,1,0,1,0,,1,0,,delegate,,,1,0,E10K,SCOWL60_STABLE_2020.12.07+WN3.1
7205,7341,desires,-11.5823,1,0,1,0,,1,0,,desire,,,1,0,E10K,SCOWL60_STABLE_2020.12.07+WN3.1
7206,7342,dip,-11.5823,1,1,0,0,N|V,0,0,,,,,0,0,E10K,SCOWL60_STABLE_2020.12.07+WN3.1
7207,7343,directory,-11.5823,1,1,0,0,N,1,0,,director,,,1,0,E10K,SCOWL60_STABLE_2020.12.07+WN3.1
7208,7344,donate,-11.5823,1,1,0,0,V,1,1,,,,donated,0,1,E10K,SCOWL60_STABLE_2020.12.07+WN3.1
7209,7345,donation,-11.5823,1,1,1,0,N,1,1,,,,donations,0,1,E10K,SCOWL60_STABLE_2020.12.07+WN3.1
7210,7346,downloaded,-11.5823,1,0,1,0,,0,0,,,,,0,0,E10K,SCOWL60_STABLE_2020.12.07+WN3.1
7211,7347,dreaming,-11.5823,1,0,1,0,N,0,0,,,,,0,0,E10K,SCOWL60_STABLE_2020.12.07+WN3.1
7212,7348,emerge,-11.5823,1,1,0,0,V,1,1,merge,,,emerged;emerges,1,2,E10K,SCOWL60_STABLE_2020.12.07+WN3.1
7213,7349,ensuring,-11.5823,1,0,1,0,,0,0,,,,,0,0,E10K,SCOWL60_STABLE_2020.12.07+WN3.1
7214,7350,entertaining,-11.5823,1,1,1,0,ADJ,0,0,,,,,0,0,E10K,SCOWL60_STABLE_2020.12.07+WN3.1
7215,7351,exceed,-11.5823,1,1,0,0,V,1,1,,,,exceeds,0,1,E10K,SCOWL60_STABLE_2020.12.07+WN3.1
7216,7352,exchanges,-11.5823,1,0,1,0,,1,0,,exchange,,,1,0,E10K,SCOWL60_STABLE_2020.12.07+WN3.1
7217,7353,expressing,-11.5823,1,0,1,0,,0,0,,,,,0,0,E10K,SCOWL60_STABLE_2020.12.07+WN3.1
7218,7354,facilitate,-11.5823,1,1,0,0,V,1,1,,,,facilitated;facilitates,0,2,E10K,SCOWL60_STABLE_2020.12.07+WN3.1
7219,7355,fortunately,-11.5823,1,0,1,0,ADV,0,0,,,,,0,0,E10K,SCOWL60_STABLE_2020.12.07+WN3.1
7220,7356,fossil,-11.5823,1,1,0,0,N|ADJ,1,1,,,,fossils,0,1,E10K,SCOWL60_STABLE_2020.12.07+WN3.1
7221,7357,fridge,-11.5823,1,1,0,0,N,1,0,ridge,,,,1,0,E10K,SCOWL60_STABLE_2020.12.07+WN3.1
7222,7358,goat,-11.5823,1,1,0,0,N,1,1,,,,goats,0,1,E10K,SCOWL60_STABLE_2020.12.07+WN3.1
7223,7359,goddess,-11.5823,1,1,0,0,N,0,0,,,,,0,0,E10K,SCOWL60_STABLE_2020.12.07+WN3.1
7224,7360,governmental,-11.5823,1,1,0,0,ADJ,0,0,,,,,0,0,E10K,SCOWL60_STABLE_2020.12.07+WN3.1
7225,7361,harassment,-11.5823,1,1,1,0,N,0,0,,,,,0,0,E10K,SCOWL60_STABLE_2020.12.07+WN3.1
7226,7362,harmful,-11.5823,1,1,0,0,ADJ,0,0,,,,,0,0,E10K,SCOWL60_STABLE_2020.12.07+WN3.1
7227,7363,headache,-11.5823,1,1,0,0,N,1,1,,,,headaches,0,1,E10K,SCOWL60_STABLE_2020.12.07+WN3.1
7228,7364,highlighted,-11.5823,1,0,1,0,,0,0,,,,,0,0,E10K,SCOWL60_STABLE_2020.12.07+WN3.1
7229,7365,historian,-11.5823,1,1,0,0,N,1,1,,,,historians,0,1,E10K,SCOWL60_STABLE_2020.12.07+WN3.1
7230,7366,honesty,-11.5823,1,1,0,0,N,1,0,,honest,,,1,0,E10K,SCOWL60_STABLE_2020.12.07+WN3.1
7231,7368,imprisonment,-11.5823,1,1,1,0,N,0,0,,,,,0,0,E10K,SCOWL60_STABLE_2020.12.07+WN3.1
7232,7369,inclusion,-11.5823,1,1,0,0,N,0,0,,,,,0,0,E10K,SCOWL60_STABLE_2020.12.07+WN3.1
7233,7370,inherited,-11.5823,1,0,1,0,ADJ,0,0,,,,,0,0,E10K,SCOWL60_STABLE_2020.12.07+WN3.1
7234,7371,kindly,-11.5823,1,1,1,0,ADJ|ADV,0,0,,,,,0,0,E10K,SCOWL60_STABLE_2020.12.07+WN3.1
7235,7372,locate,-11.5823,1,1,0,0,V,1,1,,,,located,0,1,E10K,SCOWL60_STABLE_2020.12.07+WN3.1
7236,7373,malcolm,-11.5823,0,0,0,0,,0,0,,,,,0,0,E10K,SCOWL60_STABLE_2020.12.07+WN3.1
7237,7374,mankind,-11.5823,1,1,0,0,N,0,0,,,,,0,0,E10K,SCOWL60_STABLE_2020.12.07+WN3.1
7238,7375,marking,-11.5823,1,1,1,0,N,1,1,,,,markings,0,1,E10K,SCOWL60_STABLE_2020.12.07+WN3.1
7239,7376,martha,-11.5823,0,0,0,0,,0,0,,,,,0,0,E10K,SCOWL60_STABLE_2020.12.07+WN3.1
7240,7377,median,-11.5823,1,1,0,0,N|ADJ,1,0,,media,,,1,0,E10K,SCOWL60_STABLE_2020.12.07+WN3.1
7241,7378,minerals,-11.5823,1,0,1,0,,1,0,,mineral,,,1,0,E10K,SCOWL60_STABLE_2020.12.07+WN3.1
7242,7379,minorities,-11.5823,1,0,1,0,,0,0,,,,,0,0,E10K,SCOWL60_STABLE_2020.12.07+WN3.1
7243,7380,musician,-11.5823,1,1,0,0,N,1,1,,,,musicians,0,1,E10K,SCOWL60_STABLE_2020.12.07+WN3.1
7244,7381,nigerian,-11.5823,0,0,0,0,N|ADJ,0,0,,,,,0,0,E10K,SCOWL60_STABLE_2020.12.07+WN3.1
7245,7382,offset,-11.5823,1,1,0,0,N|V,0,0,,,,,0,0,E10K,SCOWL60_STABLE_2020.12.07+WN3.1
7246,7383,oppose,-11.5823,1,1,0,0,V,1,1,,,,opposed;opposes,0,2,E10K,SCOWL60_STABLE_2020.12.07+WN3.1
7247,7384,organizing,-11.5823,1,0,1,0,,0,0,,,,,0,0,E10K,SCOWL60_STABLE_2020.12.07+WN3.1
7248,7385,oz,-11.5823,1,1,0,0,,0,0,,,,,0,0,E10K,SCOWL60_STABLE_2020.12.07+WN3.1
7249,7386,packing,-11.5823,1,0,1,0,N,0,0,,,,,0,0,E10K,SCOWL60_STABLE_2020.12.07+WN3.1
7250,7387,peru,-11.5823,0,0,0,0,N,0,0,,,,,0,0,E10K,SCOWL60_STABLE_2020.12.07+WN3.1
7251,7388,pipes,-11.5823,1,0,1,0,,1,0,,pipe,,,1,0,E10K,SCOWL60_STABLE_2020.12.07+WN3.1
7252,7389,pittsburgh,-11.5823,0,0,0,0,N,0,0,,,,,0,0,E10K,SCOWL60_STABLE_2020.12.07+WN3.1
7253,7390,portable,-11.5823,1,1,0,0,N|ADJ,0,0,,,,,0,0,E10K,SCOWL60_STABLE_2020.12.07+WN3.1
7254,7391,posters,-11.5823,1,0,1,0,,1,0,,poster,,,1,0,E10K,SCOWL60_STABLE_2020.12.07+WN3.1
7255,7392,praying,-11.5823,1,0,1,0,,1,1,,,spraying,,0,1,E10K,SCOWL60_STABLE_2020.12.07+WN3.1
7256,7393,prizes,-11.5823,1,0,1,0,,1,0,,prize,,,1,0,E10K,SCOWL60_STABLE_2020.12.07+WN3.1
7257,7394,prohibited,-11.5823,1,0,1,0,ADJ,0,0,,,,,0,0,E10K,SCOWL60_STABLE_2020.12.07+WN3.1
7258,7395,pursuing,-11.5823,1,0,1,0,ADJ,0,0,,,,,0,0,E10K,SCOWL60_STABLE_2020.12.07+WN3.1
7259,7396,queens,-11.5823,1,0,1,0,N,1,0,,queen,,,1,0,E10K,SCOWL60_STABLE_2020.12.07+WN3.1
7260,7397,raymond,-11.5823,0,0,0,0,,0,0,,,,,0,0,E10K,SCOWL60_STABLE_2020.12.07+WN3.1
7261,7398,recruitment,-11.5823,1,1,1,0,N,0,0,,,,,0,0,E10K,SCOWL60_STABLE_2020.12.07+WN3.1
7262,7399,referendum,-11.5823,1,1,0,0,N,0,0,,,,,0,0,E10K,SCOWL60_STABLE_2020.12.07+WN3.1
7263,7400,reflecting,-11.5823,1,0,1,0,ADJ,0,0,,,,,0,0,E10K,SCOWL60_STABLE_2020.12.07+WN3.1
7264,7401,refuses,-11.5823,1,0,1,0,,1,0,,refuse,,,1,0,E10K,SCOWL60_STABLE_2020.12.07+WN3.1
7265,7402,renowned,-11.5823,1,0,1,0,ADJ,0,0,,,,,0,0,E10K,SCOWL60_STABLE_2020.12.07+WN3.1
7266,7403,rides,-11.5823,1,0,1,0,,1,1,,ride,brides,,1,1,E10K,SCOWL60_STABLE_2020.12.07+WN3.1
7267,7404,rumors,-11.5823,1,0,1,0,,1,0,,rumor,,,1,0,E10K,SCOWL60_STABLE_2020.12.07+WN3.1
7268,7405,sanctions,-11.5823,1,0,1,0,,1,0,,sanction,,,1,0,E10K,SCOWL60_STABLE_2020.12.07+WN3.1
7269,7406,segments,-11.5823,1,0,1,0,,1,0,,segment,,,1,0,E10K,SCOWL60_STABLE_2020.12.07+WN3.1
7270,7407,shakespeare,-11.5823,0,0,0,0,N,0,0,,,,,0,0,E10K,SCOWL60_STABLE_2020.12.07+WN3.1
7271,7408,shining,-11.5823,1,0,1,0,N|ADJ,0,0,,,,,0,0,E10K,SCOWL60_STABLE_2020.12.07+WN3.1
7272,7409,shooter,-11.5823,1,1,1,0,N,1,1,,,,shooters,0,1,E10K,SCOWL60_STABLE_2020.12.07+WN3.1
7273,7410,slope,-11.5823,1,1,0,0,N|V,1,1,,,,slopes,0,1,E10K,SCOWL60_STABLE_2020.12.07+WN3.1
7274,7411,slower,-11.5823,1,0,1,0,ADV,1,0,lower,,,,1,0,E10K,SCOWL60_STABLE_2020.12.07+WN3.1
7275,7412,sober,-11.5823,1,1,0,0,V|ADJ,0,0,,,,,0,0,E10K,SCOWL60_STABLE_2020.12.07+WN3.1
7276,7413,spelling,-11.5823,1,1,1,0,N,0,0,,,,,0,0,E10K,SCOWL60_STABLE_2020.12.07+WN3.1
7277,7414,sr,-11.5823,0,0,0,0,N,0,0,,,,,0,0,E10K,SCOWL60_STABLE_2020.12.07+WN3.1
7278,7415,starring,-11.5823,1,1,0,0,ADJ,0,0,,,,,0,0,E10K,SCOWL60_STABLE_2020.12.07+WN3.1
7279,7416,streak,-11.5823,1,1,0,0,N|V,0,0,,,,,0,0,E10K,SCOWL60_STABLE_2020.12.07+WN3.1
7280,7417,sufficiently,-11.5823,1,0,1,0,ADV,0,0,,,,,0,0,E10K,SCOWL60_STABLE_2020.12.07+WN3.1
7281,7418,superintendent,-11.5823,1,1,0,0,N,0,0,,,,,0,0,E10K,SCOWL60_STABLE_2020.12.07+WN3.1
7282,7419,surgical,-11.5823,1,1,0,0,ADJ,0,0,,,,,0,0,E10K,SCOWL60_STABLE_2020.12.07+WN3.1
7283,7420,sympathy,-11.5823,1,1,0,0,N,0,0,,,,,0,0,E10K,SCOWL60_STABLE_2020.12.07+WN3.1
7284,7421,talents,-11.5823,1,0,1,0,,1,0,,talent,,,1,0,E10K,SCOWL60_STABLE_2020.12.07+WN3.1
7285,7422,tense,-11.5823,1,1,0,0,N|V|ADJ,1,0,,tens,,,1,0,E10K,SCOWL60_STABLE_2020.12.07+WN3.1
7286,7423,terrain,-11.5823,1,1,0,0,N,0,0,,,,,0,0,E10K,SCOWL60_STABLE_2020.12.07+WN3.1
7287,7424,theology,-11.5823,1,1,0,0,N,0,0,,,,,0,0,E10K,SCOWL60_STABLE_2020.12.07+WN3.1
7288,7425,thirds,-11.5823,1,0,1,0,,1,0,,third,,,1,0,E10K,SCOWL60_STABLE_2020.12.07+WN3.1
7289,7426,titled,-11.5823,1,1,1,0,ADJ,1,0,,title,,,1,0,E10K,SCOWL60_STABLE_2020.12.07+WN3.1
7290,7427,translate,-11.5823,1,1,0,0,V,1,1,,,,translated;translates,0,2,E10K,SCOWL60_STABLE_2020.12.07+WN3.1
7291,7428,verified,-11.5823,1,1,1,0,ADJ,0,0,,,,,0,0,E10K,SCOWL60_STABLE_2020.12.07+WN3.1
7292,7429,voltage,-11.5823,1,1,0,0,N,0,0,,,,,0,0,E10K,SCOWL60_STABLE_2020.12.07+WN3.1
7293,7430,voyage,-11.5823,1,1,0,0,N|V,1,1,,,,voyager;voyages,0,2,E10K,SCOWL60_STABLE_2020.12.07+WN3.1
7294,7431,whale,-11.5823,1,1,0,0,N|V,1,1,hale,,,whales,1,1,E10K,SCOWL60_STABLE_2020.12.07+WN3.1
7295,7432,wishing,-11.5823,1,0,1,0,N,0,0,,,,,0,0,E10K,SCOWL60_STABLE_2020.12.07+WN3.1
7296,7433,xd,-11.5823,0,0,0,0,,0,0,,,,,0,0,E10K,SCOWL60_STABLE_2020.12.07+WN3.1
7297,7434,yay,-11.5823,0,0,0,0,N,0,0,,,,,0,0,E10K,SCOWL60_STABLE_2020.12.07+WN3.1
7298,7436,absorbed,-11.605,1,0,1,0,ADJ,0,0,,,,,0,0,E10K,SCOWL60_STABLE_2020.12.07+WN3.1
7299,7437,adorable,-11.605,1,0,1,0,ADJ,0,0,,,,,0,0,E10K,SCOWL60_STABLE_2020.12.07+WN3.1
7300,7438,affiliate,-11.605,1,1,0,0,N|V,1,1,,,,affiliated;affiliates,0,2,E10K,SCOWL60_STABLE_2020.12.07+WN3.1
7301,7439,analyst,-11.605,1,1,0,0,N,1,1,,,,analysts,0,1,E10K,SCOWL60_STABLE_2020.12.07+WN3.1
7302,7440,archbishop,-11.605,1,1,0,0,N,0,0,,,,,0,0,E10K,SCOWL60_STABLE_2020.12.07+WN3.1
7303,7441,audit,-11.605,1,1,0,0,N|V,0,0,,,,,0,0,E10K,SCOWL60_STABLE_2020.12.07+WN3.1
7304,7442,biblical,-11.605,1,1,0,0,ADJ,0,0,,,,,0,0,E10K,SCOWL60_STABLE_2020.12.07+WN3.1
7305,7443,bicycle,-11.605,1,1,0,0,N|V,1,1,,,,bicycles,0,1,E10K,SCOWL60_STABLE_2020.12.07+WN3.1
7306,7444,blend,-11.605,1,1,0,0,N|V,1,1,lend,,,blends,1,1,E10K,SCOWL60_STABLE_2020.12.07+WN3.1
7307,7445,bounce,-11.605,1,1,0,0,N|V,1,1,ounce,,,bounced,1,1,E10K,SCOWL60_STABLE_2020.12.07+WN3.1
7308,7446,brandon,-11.605,0,0,0,0,,0,0,,,,,0,0,E10K,SCOWL60_STABLE_2020.12.07+WN3.1
7309,7447,bugs,-11.605,1,0,1,0,,1,0,,bug,,,1,0,E10K,SCOWL60_STABLE_2020.12.07+WN3.1
7310,7448,calculations,-11.605,1,0,1,0,,1,0,,calculation,,,1,0,E10K,SCOWL60_STABLE_2020.12.07+WN3.1
7311,7449,calories,-11.605,1,0,1,0,,1,0,,calorie,,,1,0,E10K,SCOWL60_STABLE_2020.12.07+WN3.1
7312,7450,cam,-11.605,1,1,0,0,N,1,1,am,ca,scam,came;camp,2,3,E10K,SCOWL60_STABLE_2020.12.07+WN3.1
7313,7451,celtic,-11.605,0,0,0,0,N|ADJ,0,0,,,,,0,0,E10K,SCOWL60_STABLE_2020.12.07+WN3.1
7314,7452,clarify,-11.605,1,1,0,0,V,0,0,,,,,0,0,E10K,SCOWL60_STABLE_2020.12.07+WN3.1
7315,7453,cleaned,-11.605,1,0,1,0,,1,0,leaned,,,,1,0,E10K,SCOWL60_STABLE_2020.12.07+WN3.1
7316,7454,cloth,-11.605,1,1,0,0,N,0,0,,,,,0,0,E10K,SCOWL60_STABLE_2020.12.07+WN3.1
7317,7455,cluster,-11.605,1,1,0,0,N|V,1,1,,,,clusters,0,1,E10K,SCOWL60_STABLE_2020.12.07+WN3.1
7318,7456,commanded,-11.605,1,0,1,0,,0,0,,,,,0,0,E10K,SCOWL60_STABLE_2020.12.07+WN3.1
7319,7457,complications,-11.605,1,0,1,0,,1,0,,complication,,,1,0,E10K,SCOWL60_STABLE_2020.12.07+WN3.1
7320,7458,conjunction,-11.605,1,0,1,0,N,0,0,,,,,0,0,E10K,SCOWL60_STABLE_2020.12.07+WN3.1
7321,7459,connecticut,-11.605,0,0,0,0,N,0,0,,,,,0,0,E10K,SCOWL60_STABLE_2020.12.07+WN3.1
7322,7460,cottage,-11.605,1,1,0,0,N,1,1,,,,cottages,0,1,E10K,SCOWL60_STABLE_2020.12.07+WN3.1
7323,7461,counties,-11.605,1,0,1,0,,0,0,,,,,0,0,E10K,SCOWL60_STABLE_2020.12.07+WN3.1
7324,7462,countless,-11.605,1,1,0,0,ADJ,0,0,,,,,0,0,E10K,SCOWL60_STABLE_2020.12.07+WN3.1
7325,7463,crews,-11.605,1,0,1,0,,1,1,,crew,screws,,1,1,E10K,SCOWL60_STABLE_2020.12.07+WN3.1
7326,7464,dancer,-11.605,1,1,1,0,N,1,1,,dance,,dancers,1,1,E10K,SCOWL60_STABLE_2020.12.07+WN3.1
7327,7465,decisive,-11.605,1,1,0,0,ADJ,0,0,,,,,0,0,E10K,SCOWL60_STABLE_2020.12.07+WN3.1
7328,7466,decree,-11.605,1,1,0,0,N|V,0,0,,,,,0,0,E10K,SCOWL60_STABLE_2020.12.07+WN3.1
7329,7467,delegation,-11.605,1,0,1,0,N,0,0,,,,,0,0,E10K,SCOWL60_STABLE_2020.12.07+WN3.1
7330,7468,dimensional,-11.605,1,1,0,0,ADJ,0,0,,,,,0,0,E10K,SCOWL60_STABLE_2020.12.07+WN3.1
7331,7469,doug,-11.605,0,0,0,0,,0,0,,,,,0,0,E10K,SCOWL60_STABLE_2020.12.07+WN3.1
7332,7470,dramatically,-11.605,1,1,0,0,ADV,0,0,,,,,0,0,E10K,SCOWL60_STABLE_2020.12.07+WN3.1
7333,7471,easiest,-11.605,1,0,1,0,,0,0,,,,,0,0,E10K,SCOWL60_STABLE_2020.12.07+WN3.1
7334,7472,emails,-11.605,1,0,1,0,,1,0,mails,email,,,2,0,E10K,SCOWL60_STABLE_2020.12.07+WN3.1
7335,7473,enables,-11.605,1,0,1,0,,1,0,,enable,,,1,0,E10K,SCOWL60_STABLE_2020.12.07+WN3.1
7336,7474,entities,-11.605,1,0,1,0,,0,0,,,,,0,0,E10K,SCOWL60_STABLE_2020.12.07+WN3.1
7337,7475,examining,-11.605,1,0,1,0,,0,0,,,,,0,0,E10K,SCOWL60_STABLE_2020.12.07+WN3.1
7338,7476,eyed,-11.605,1,0,1,0,ADJ,1,0,,eye,,,1,0,E10K,SCOWL60_STABLE_2020.12.07+WN3.1
7339,7477,freight,-11.605,1,1,0,0,N|V,0,0,,,,,0,0,E10K,SCOWL60_STABLE_2020.12.07+WN3.1
7340,7478,generating,-11.605,1,0,1,0,,0,0,,,,,0,0,E10K,SCOWL60_STABLE_2020.12.07+WN3.1
7341,7479,gosh,-11.605,1,1,0,0,,0,0,,,,,0,0,E10K,SCOWL60_STABLE_2020.12.07+WN3.1
7342,7480,hats,-11.605,1,0,1,0,,1,1,,hat,whats,,1,1,E10K,SCOWL60_STABLE_2020.12.07+WN3.1
7343,7481,hebrew,-11.605,0,0,0,0,N|ADJ,0,0,,,,,0,0,E10K,SCOWL60_STABLE_2020.12.07+WN3.1
7344,7482,heck,-11.605,1,1,0,0,,1,1,,,check,,0,1,E10K,SCOWL60_STABLE_2020.12.07+WN3.1
7345,7483,holders,-11.605,1,0,1,0,,1,0,,holder,,,1,0,E10K,SCOWL60_STABLE_2020.12.07+WN3.1
7346,7484,hugh,-11.605,0,0,0,0,,0,0,,,,,0,0,E10K,SCOWL60_STABLE_2020.12.07+WN3.1
7347,7485,illusion,-11.605,1,1,0,0,N,1,1,,,,illusions,0,1,E10K,SCOWL60_STABLE_2020.12.07+WN3.1
7348,7486,infantry,-11.605,1,1,0,0,N,0,0,,,,,0,0,E10K,SCOWL60_STABLE_2020.12.07+WN3.1
7349,7487,ios,-11.605,0,0,0,0,,0,0,,,,,0,0,E10K,SCOWL60_STABLE_2020.12.07+WN3.1
7350,7488,jacques,-11.605,0,0,0,0,,0,0,,,,,0,0,E10K,SCOWL60_STABLE_2020.12.07+WN3.1
7351,7489,kilometres,-11.605,0,0,0,0,,0,0,,,,,0,0,E10K,SCOWL60_STABLE_2020.12.07+WN3.1
7352,7490,kissing,-11.605,1,0,1,0,N,0,0,,,,,0,0,E10K,SCOWL60_STABLE_2020.12.07+WN3.1
7353,7491,lame,-11.605,1,1,0,0,N|V|ADJ,1,1,,lam,blame;flame,,1,2,E10K,SCOWL60_STABLE_2020.12.07+WN3.1
7354,7492,launching,-11.605,1,0,1,0,N,0,0,,,,,0,0,E10K,SCOWL60_STABLE_2020.12.07+WN3.1
7355,7493,lectures,-11.605,1,0,1,0,,1,0,,lecture,,,1,0,E10K,SCOWL60_STABLE_2020.12.07+WN3.1
7356,7494,likelihood,-11.605,1,1,0,0,N,0,0,,,,,0,0,E10K,SCOWL60_STABLE_2020.12.07+WN3.1
7357,7495,lou,-11.605,0,0,0,0,,0,0,,,,,0,0,E10K,SCOWL60_STABLE_2020.12.07+WN3.1
7358,7496,mainland,-11.605,1,1,0,0,N,0,0,,,,,0,0,E10K,SCOWL60_STABLE_2020.12.07+WN3.1
7359,7497,mega,-11.605,1,1,0,0,,1,1,,meg,omega,,1,1,E10K,SCOWL60_STABLE_2020.12.07+WN3.1
7360,7498,midst,-11.605,1,1,0,0,N,0,0,,,,,0,0,E10K,SCOWL60_STABLE_2020.12.07+WN3.1
7361,7499,missiles,-11.605,1,0,1,0,,1,0,,missile,,,1,0,E10K,SCOWL60_STABLE_2020.12.07+WN3.1
7362,7500,missionary,-11.605,1,1,0,0,N|ADJ,0,0,,,,,0,0,E10K,SCOWL60_STABLE_2020.12.07+WN3.1
7363,7501,monument,-11.605,1,1,0,0,N,1,1,,,,monuments,0,1,E10K,SCOWL60_STABLE_2020.12.07+WN3.1
7364,7502,norm,-11.605,1,1,0,0,N,1,1,,nor,,norms,1,1,E10K,SCOWL60_STABLE_2020.12.07+WN3.1
7365,7503,norwegian,-11.605,0,0,0,0,N|ADJ,0,0,,,,,0,0,E10K,SCOWL60_STABLE_2020.12.07+WN3.1
7366,7504,nut,-11.605,1,1,0,0,N|V,1,1,,nu,,nuts,1,1,E10K,SCOWL60_STABLE_2020.12.07+WN3.1
7367,7505,outline,-11.605,1,1,0,0,N|V,1,1,,,,outlined;outlines,0,2,E10K,SCOWL60_STABLE_2020.12.07+WN3.1
7368,7506,pause,-11.605,1,1,0,0,N|V,1,1,,,,paused,0,1,E10K,SCOWL60_STABLE_2020.12.07+WN3.1
7369,7507,persistent,-11.605,1,1,0,0,ADJ,0,0,,,,,0,0,E10K,SCOWL60_STABLE_2020.12.07+WN3.1
7370,7508,ph,-11.605,0,0,0,0,N,0,0,,,,,0,0,E10K,SCOWL60_STABLE_2020.12.07+WN3.1
7371,7509,phillips,-11.605,0,0,0,0,,0,0,,,,,0,0,E10K,SCOWL60_STABLE_2020.12.07+WN3.1
7372,7510,pierce,-11.605,1,1,0,0,N|V,1,1,,,,pierced,0,1,E10K,SCOWL60_STABLE_2020.12.07+WN3.1
7373,7511,printer,-11.605,1,1,0,0,N,1,1,,,,printers,0,1,E10K,SCOWL60_STABLE_2020.12.07+WN3.1
7374,7512,prints,-11.605,1,0,1,0,,1,0,,print,,,1,0,E10K,SCOWL60_STABLE_2020.12.07+WN3.1
7375,7513,puerto,-11.605,0,0,0,0,,0,0,,,,,0,0,E10K,SCOWL60_STABLE_2020.12.07+WN3.1
7376,7514,punish,-11.605,1,1,0,0,V,0,0,,,,,0,0,E10K,SCOWL60_STABLE_2020.12.07+WN3.1
7377,7515,pursued,-11.605,1,0,1,0,N|ADJ,1,0,,pursue,,,1,0,E10K,SCOWL60_STABLE_2020.12.07+WN3.1
7378,7516,regiment,-11.605,1,1,0,0,N|V,1,1,,regimen,,regiments,1,1,E10K,SCOWL60_STABLE_2020.12.07+WN3.1
7379,7517,relieved,-11.605,1,0,1,0,ADJ,1,0,,relieve,,,1,0,E10K,SCOWL60_STABLE_2020.12.07+WN3.1
7380,7518,repairs,-11.605,1,0,1,0,,1,0,,repair,,,1,0,E10K,SCOWL60_STABLE_2020.12.07+WN3.1
7381,7519,revival,-11.605,1,1,0,0,N,0,0,,,,,0,0,E10K,SCOWL60_STABLE_2020.12.07+WN3.1
7382,7520,romans,-11.605,0,0,0,0,N,0,0,,,,,0,0,E10K,SCOWL60_STABLE_2020.12.07+WN3.1
7383,7521,sara,-11.605,0,0,0,0,,0,0,,,,,0,0,E10K,SCOWL60_STABLE_2020.12.07+WN3.1
7384,7522,scout,-11.605,1,1,0,0,N|V,1,1,,,,scouts,0,1,E10K,SCOWL60_STABLE_2020.12.07+WN3.1
7385,7523,searched,-11.605,1,0,1,0,,0,0,,,,,0,0,E10K,SCOWL60_STABLE_2020.12.07+WN3.1
7386,7524,sheer,-11.605,1,1,0,0,V|ADJ|ADV,0,0,,,,,0,0,E10K,SCOWL60_STABLE_2020.12.07+WN3.1
7387,7525,shifted,-11.605,1,0,1,0,,0,0,,,,,0,0,E10K,SCOWL60_STABLE_2020.12.07+WN3.1
7388,7526,shipped,-11.605,1,1,0,0,,0,0,,,,,0,0,E10K,SCOWL60_STABLE_2020.12.07+WN3.1
7389,7527,skinny,-11.605,1,1,0,0,N|ADJ,0,0,,,,,0,0,E10K,SCOWL60_STABLE_2020.12.07+WN3.1
7390,7528,solving,-11.605,1,0,1,0,N,0,0,,,,,0,0,E10K,SCOWL60_STABLE_2020.12.07+WN3.1
7391,7529,stakes,-11.605,1,0,1,0,N,1,0,takes,stake,,,2,0,E10K,SCOWL60_STABLE_2020.12.07+WN3.1
7392,7530,stark,-11.605,1,1,0,0,ADJ|ADV,1,0,,star,,,1,0,E10K,SCOWL60_STABLE_2020.12.07+WN3.1
7393,7531,subsidiary,-11.605,1,1,0,0,N|ADJ,0,0,,,,,0,0,E10K,SCOWL60_STABLE_2020.12.07+WN3.1
7394,7532,suburbs,-11.605,1,0,1,0,,1,0,,suburb,,,1,0,E10K,SCOWL60_STABLE_2020.12.07+WN3.1
7395,7533,supposedly,-11.605,1,0,1,0,ADV,0,0,,,,,0,0,E10K,SCOWL60_STABLE_2020.12.07+WN3.1
7396,7534,swept,-11.605,1,1,0,0,ADJ,1,0,wept,,,,1,0,E10K,SCOWL60_STABLE_2020.12.07+WN3.1
7397,7535,teenagers,-11.605,1,0,1,0,,1,0,,teenager,,,1,0,E10K,SCOWL60_STABLE_2020.12.07+WN3.1
7398,7536,theirs,-11.605,1,0,1,0,,1,0,heirs,their,,,2,0,E10K,SCOWL60_STABLE_2020.12.07+WN3.1
7399,7537,thereafter,-11.605,1,1,0,0,ADV,1,0,hereafter,,,,1,0,E10K,SCOWL60_STABLE_2020.12.07+WN3.1
7400,7538,tomb,-11.605,1,1,0,0,N,1,1,,tom,,tombs,1,1,E10K,SCOWL60_STABLE_2020.12.07+WN3.1
7401,7539,transparency,-11.605,1,1,0,0,N,0,0,,,,,0,0,E10K,SCOWL60_STABLE_2020.12.07+WN3.1
7402,7540,twisted,-11.605,1,0,1,0,ADJ,0,0,,,,,0,0,E10K,SCOWL60_STABLE_2020.12.07+WN3.1
7403,7541,usd,-11.605,0,0,0,0,,0,0,,,,,0,0,E10K,SCOWL60_STABLE_2020.12.07+WN3.1
7404,7542,vaccine,-11.605,1,1,0,0,N,1,1,,,,vaccines,0,1,E10K,SCOWL60_STABLE_2020.12.07+WN3.1
7405,7543,vegetable,-11.605,1,1,0,0,N,1,1,,,,vegetables,0,1,E10K,SCOWL60_STABLE_2020.12.07+WN3.1
7406,7544,violations,-11.605,1,0,1,0,,1,0,,violation,,,1,0,E10K,SCOWL60_STABLE_2020.12.07+WN3.1
7407,7545,virtue,-11.605,1,1,0,0,N,1,1,,,,virtues,0,1,E10K,SCOWL60_STABLE_2020.12.07+WN3.1
7408,7546,wi,-11.605,0,0,0,0,N,0,0,,,,,0,0,E10K,SCOWL60_STABLE_2020.12.07+WN3.1
7409,7547,withdrawn,-11.605,1,1,0,0,ADJ,1,0,,withdraw,,,1,0,E10K,SCOWL60_STABLE_2020.12.07+WN3.1
7410,7550,abused,-11.6283,1,0,1,0,ADJ,1,0,,abuse,,,1,0,E10K,SCOWL60_STABLE_2020.12.07+WN3.1
7411,7551,accounted,-11.6283,1,1,1,0,,0,0,,,,,0,0,E10K,SCOWL60_STABLE_2020.12.07+WN3.1
7412,7552,advisor,-11.6283,1,1,0,0,N,1,1,,,,advisory;advisors,0,2,E10K,SCOWL60_STABLE_2020.12.07+WN3.1
7413,7553,advocates,-11.6283,1,0,1,0,,1,0,,advocate,,,1,0,E10K,SCOWL60_STABLE_2020.12.07+WN3.1
7414,7554,aggregate,-11.6283,1,1,0,0,N|V|ADJ,0,0,,,,,0,0,E10K,SCOWL60_STABLE_2020.12.07+WN3.1
7415,7555,aliens,-11.6283,1,0,1,0,,1,0,,alien,,,1,0,E10K,SCOWL60_STABLE_2020.12.07+WN3.1
7416,7556,alot,-11.6283,0,0,0,0,,0,0,,,,,0,0,E10K,SCOWL60_STABLE_2020.12.07+WN3.1
7417,7557,annie,-11.6283,0,0,0,0,,0,0,,,,,0,0,E10K,SCOWL60_STABLE_2020.12.07+WN3.1
7418,7558,badge,-11.6283,1,1,0,0,N|V,1,1,,,,badger;badges,0,2,E10K,SCOWL60_STABLE_2020.12.07+WN3.1
7419,7559,blonde,-11.6283,1,1,0,0,N|ADJ,1,0,,blond,,,1,0,E10K,SCOWL60_STABLE_2020.12.07+WN3.1
7420,7560,boarding,-11.6283,1,1,1,0,N,0,0,,,,,0,0,E10K,SCOWL60_STABLE_2020.12.07+WN3.1
7421,7561,booked,-11.6283,1,0,1,0,ADJ,0,0,,,,,0,0,E10K,SCOWL60_STABLE_2020.12.07+WN3.1
7422,7562,brady,-11.6283,0,0,0,0,N,0,0,,,,,0,0,E10K,SCOWL60_STABLE_2020.12.07+WN3.1
7423,7563,bristol,-11.6283,0,0,0,0,N,0,0,,,,,0,0,E10K,SCOWL60_STABLE_2020.12.07+WN3.1
7424,7564,bulls,-11.6283,1,0,1,0,,1,0,,bull,,,1,0,E10K,SCOWL60_STABLE_2020.12.07+WN3.1
7425,7565,businessman,-11.6283,1,1,0,0,N,0,0,,,,,0,0,E10K,SCOWL60_STABLE_2020.12.07+WN3.1
7426,7566,calculate,-11.6283,1,1,0,0,V,1,1,,,,calculated,0,1,E10K,SCOWL60_STABLE_2020.12.07+WN3.1
7427,7567,capitalist,-11.6283,1,1,0,0,N|ADJ,1,1,,,,capitalists,0,1,E10K,SCOWL60_STABLE_2020.12.07+WN3.1
7428,7568,casualties,-11.6283,1,0,1,0,,0,0,,,,,0,0,E10K,SCOWL60_STABLE_2020.12.07+WN3.1
7429,7569,catalogue,-11.6283,0,0,0,0,N|V,0,0,,,,,0,0,E10K,SCOWL60_STABLE_2020.12.07+WN3.1
7430,7570,catholics,-11.6283,0,0,0,0,,0,0,,,,,0,0,E10K,SCOWL60_STABLE_2020.12.07+WN3.1
7431,7571,certainty,-11.6283,1,1,0,0,N,0,0,,,,,0,0,E10K,SCOWL60_STABLE_2020.12.07+WN3.1
7432,7572,champagne,-11.6283,1,1,0,0,N,0,0,,,,,0,0,E10K,SCOWL60_STABLE_2020.12.07+WN3.1
7433,7573,chi,-11.6283,1,1,0,0,N,1,1,hi,ch,,chip;chin;chic,2,3,E10K,SCOWL60_STABLE_2020.12.07+WN3.1
7434,7575,clash,-11.6283,1,1,0,0,N|V,1,0,lash,,,,1,0,E10K,SCOWL60_STABLE_2020.12.07+WN3.1
7435,7576,closes,-11.6283,1,0,1,0,,1,1,loses,close,,closest,2,1,E10K,SCOWL60_STABLE_2020.12.07+WN3.1
7436,7577,colleague,-11.6283,1,1,0,0,N,1,1,,,,colleagues,0,1,E10K,SCOWL60_STABLE_2020.12.07+WN3.1
7437,7578,competent,-11.6283,1,1,0,0,ADJ,0,0,,,,,0,0,E10K,SCOWL60_STABLE_2020.12.07+WN3.1
7438,7579,comply,-11.6283,1,1,1,0,V,0,0,,,,,0,0,E10K,SCOWL60_STABLE_2020.12.07+WN3.1
7439,7580,congo,-11.6283,0,0,0,0,N,0,0,,,,,0,0,E10K,SCOWL60_STABLE_2020.12.07+WN3.1
7440,7581,congrats,-11.6283,1,1,0,0,,0,0,,,,,0,0,E10K,SCOWL60_STABLE_2020.12.07+WN3.1
7441,7582,cookie,-11.6283,1,1,0,0,N,1,1,,,,cookies,0,1,E10K,SCOWL60_STABLE_2020.12.07+WN3.1
7442,7583,cowboys,-11.6283,1,0,1,0,,1,0,,cowboy,,,1,0,E10K,SCOWL60_STABLE_2020.12.07+WN3.1
7443,7584,crowded,-11.6283,1,1,1,0,ADJ,0,0,,,,,0,0,E10K,SCOWL60_STABLE_2020.12.07+WN3.1
7444,7585,das,-11.6283,0,0,0,0,N,0,0,,,,,0,0,E10K,SCOWL60_STABLE_2020.12.07+WN3.1
7445,7586,dash,-11.6283,1,1,0,0,N|V,1,0,ash,,,,1,0,E10K,SCOWL60_STABLE_2020.12.07+WN3.1
7446,7587,defendant,-11.6283,1,1,0,0,N,1,1,,,,defendants,0,1,E10K,SCOWL60_STABLE_2020.12.07+WN3.1
7447,7588,demons,-11.6283,1,0,1,0,,1,0,,demon,,,1,0,E10K,SCOWL60_STABLE_2020.12.07+WN3.1
7448,7589,dense,-11.6283,1,1,0,0,ADJ,0,0,,,,,0,0,E10K,SCOWL60_STABLE_2020.12.07+WN3.1
7449,7590,derek,-11.6283,0,0,0,0,,0,0,,,,,0,0,E10K,SCOWL60_STABLE_2020.12.07+WN3.1
7450,7591,dock,-11.6283,1,1,0,0,N|V,1,1,,doc,,docks,1,1,E10K,SCOWL60_STABLE_2020.12.07+WN3.1
7451,7592,dragged,-11.6283,1,1,0,0,,0,0,,,,,0,0,E10K,SCOWL60_STABLE_2020.12.07+WN3.1
7452,7593,employ,-11.6283,1,1,0,0,N|V,1,1,,,,employs,0,1,E10K,SCOWL60_STABLE_2020.12.07+WN3.1
7453,7594,exile,-11.6283,1,1,0,0,N|V,1,1,,,,exiled,0,1,E10K,SCOWL60_STABLE_2020.12.07+WN3.1
7454,7595,expose,-11.6283,1,1,0,0,N|V,1,1,,,,exposed;exposes,0,2,E10K,SCOWL60_STABLE_2020.12.07+WN3.1
7455,7596,fabulous,-11.6283,1,1,0,0,ADJ,0,0,,,,,0,0,E10K,SCOWL60_STABLE_2020.12.07+WN3.1
7456,7597,fisher,-11.6283,1,1,1,0,N,1,1,,,,fishery,0,1,E10K,SCOWL60_STABLE_2020.12.07+WN3.1
7457,7598,flour,-11.6283,1,1,0,0,N|V,0,0,,,,,0,0,E10K,SCOWL60_STABLE_2020.12.07+WN3.1
7458,7599,foreigners,-11.6283,1,0,1,0,,1,0,,foreigner,,,1,0,E10K,SCOWL60_STABLE_2020.12.07+WN3.1
7459,7600,forgetting,-11.6283,1,1,0,0,,0,0,,,,,0,0,E10K,SCOWL60_STABLE_2020.12.07+WN3.1
7460,7601,freshman,-11.6283,1,1,0,0,N|ADJ,0,0,,,,,0,0,E10K,SCOWL60_STABLE_2020.12.07+WN3.1
7461,7602,frustration,-11.6283,1,1,1,0,N,0,0,,,,,0,0,E10K,SCOWL60_STABLE_2020.12.07+WN3.1
7462,7603,fusion,-11.6283,1,1,0,0,N,0,0,,,,,0,0,E10K,SCOWL60_STABLE_2020.12.07+WN3.1
7463,7604,grocery,-11.6283,1,1,0,0,N,0,0,,,,,0,0,E10K,SCOWL60_STABLE_2020.12.07+WN3.1
7464,7605,hindu,-11.6283,0,0,0,0,N|ADJ,0,0,,,,,0,0,E10K,SCOWL60_STABLE_2020.12.07+WN3.1
7465,7606,hon,-11.6283,1,1,0,0,,1,0,on,ho,,,2,0,E10K,SCOWL60_STABLE_2020.12.07+WN3.1
7466,7607,immigrant,-11.6283,1,1,0,0,N,1,1,,,,immigrants,0,1,E10K,SCOWL60_STABLE_2020.12.07+WN3.1
7467,7608,indie,-11.6283,1,1,0,0,N|ADJ,1,1,,,,indies,0,1,E10K,SCOWL60_STABLE_2020.12.07+WN3.1
7468,7609,isaac,-11.6283,0,0,0,0,N,0,0,,,,,0,0,E10K,SCOWL60_STABLE_2020.12.07+WN3.1
7469,7610,jackie,-11.6283,0,0,0,0,,0,0,,,,,0,0,E10K,SCOWL60_STABLE_2020.12.07+WN3.1
7470,7611,jefferson,-11.6283,0,0,0,0,N,0,0,,,,,0,0,E10K,SCOWL60_STABLE_2020.12.07+WN3.1
7471,7612,lanes,-11.6283,1,0,1,0,,1,1,,lane,planes,,1,1,E10K,SCOWL60_STABLE_2020.12.07+WN3.1
7472,7613,lend,-11.6283,1,1,0,0,V,1,1,end,,blend,lends,1,2,E10K,SCOWL60_STABLE_2020.12.07+WN3.1
7473,7614,liking,-11.6283,1,1,1,0,N,0,0,,,,,0,0,E10K,SCOWL60_STABLE_2020.12.07+WN3.1
7474,7615,lounge,-11.6283,1,1,0,0,N|V,0,0,,,,,0,0,E10K,SCOWL60_STABLE_2020.12.07+WN3.1
7475,7616,manages,-11.6283,1,0,1,0,,1,0,,manage,,,1,0,E10K,SCOWL60_STABLE_2020.12.07+WN3.1
7476,7617,merger,-11.6283,1,1,1,0,N,1,1,,merge,,mergers,1,1,E10K,SCOWL60_STABLE_2020.12.07+WN3.1
7477,7618,modes,-11.6283,1,0,1,0,,1,1,,mode,,modest,1,1,E10K,SCOWL60_STABLE_2020.12.07+WN3.1
7478,7619,morocco,-11.6283,1,1,0,0,N,0,0,,,,,0,0,E10K,SCOWL60_STABLE_2020.12.07+WN3.1
7479,7620,motors,-11.6283,1,0,1,0,,1,0,,motor,,,1,0,E10K,SCOWL60_STABLE_2020.12.07+WN3.1
7480,7621,neighbours,-11.6283,0,0,0,0,,0,0,,,,,0,0,E10K,SCOWL60_STABLE_2020.12.07+WN3.1
7481,7622,nicely,-11.6283,1,0,1,0,ADV,0,0,,,,,0,0,E10K,SCOWL60_STABLE_2020.12.07+WN3.1
7482,7623,optimal,-11.6283,1,1,0,0,ADJ,0,0,,,,,0,0,E10K,SCOWL60_STABLE_2020.12.07+WN3.1
7483,7624,outlet,-11.6283,1,1,0,0,N,1,1,,,,outlets,0,1,E10K,SCOWL60_STABLE_2020.12.07+WN3.1
7484,7625,painter,-11.6283,1,1,1,0,N,1,1,,,,painters,0,1,E10K,SCOWL60_STABLE_2020.12.07+WN3.1
7485,7626,pigs,-11.6283,1,0,1,0,,1,0,,pig,,,1,0,E10K,SCOWL60_STABLE_2020.12.07+WN3.1
7486,7627,pond,-11.6283,1,1,0,0,N,1,1,,,,ponds,0,1,E10K,SCOWL60_STABLE_2020.12.07+WN3.1
7487,7628,randomly,-11.6283,1,0,1,0,ADV,0,0,,,,,0,0,E10K,SCOWL60_STABLE_2020.12.07+WN3.1
7488,7629,rd,-11.6283,1,1,0,0,,0,0,,,,,0,0,E10K,SCOWL60_STABLE_2020.12.07+WN3.1
7489,7630,recipes,-11.6283,1,0,1,0,,1,0,,recipe,,,1,0,E10K,SCOWL60_STABLE_2020.12.07+WN3.1
7490,7631,recognise,-11.6283,0,0,0,0,V,0,0,,,,,0,0,E10K,SCOWL60_STABLE_2020.12.07+WN3.1
7491,7632,refusal,-11.6283,1,1,0,0,N,0,0,,,,,0,0,E10K,SCOWL60_STABLE_2020.12.07+WN3.1
7492,7633,reid,-11.6283,0,0,0,0,N,0,0,,,,,0,0,E10K,SCOWL60_STABLE_2020.12.07+WN3.1
7493,7634,renaissance,-11.6283,1,1,0,0,N,0,0,,,,,0,0,E10K,SCOWL60_STABLE_2020.12.07+WN3.1
7494,7635,resistant,-11.6283,1,1,0,0,ADJ,0,0,,,,,0,0,E10K,SCOWL60_STABLE_2020.12.07+WN3.1
7495,7636,respects,-11.6283,1,0,1,0,N,1,0,,respect,,,1,0,E10K,SCOWL60_STABLE_2020.12.07+WN3.1
7496,7637,roster,-11.6283,1,1,0,0,N,0,0,,,,,0,0,E10K,SCOWL60_STABLE_2020.12.07+WN3.1
7497,7638,rushed,-11.6283,1,0,1,0,ADJ,1,1,,,crushed;brushed,,0,2,E10K,SCOWL60_STABLE_2020.12.07+WN3.1
7498,7639,sixty,-11.6283,1,1,0,0,N|ADJ,0,0,,,,,0,0,E10K,SCOWL60_STABLE_2020.12.07+WN3.1
7499,7640,slam,-11.6283,1,1,0,0,N|V,1,1,lam,,,slams,1,1,E10K,SCOWL60_STABLE_2020.12.07+WN3.1
7500,7641,slice,-11.6283,1,1,0,0,N|V,1,1,lice,,,slices;sliced,1,2,E10K,SCOWL60_STABLE_2020.12.07+WN3.1
7501,7642,spinning,-11.6283,1,1,0,0,N,0,0,,,,,0,0,E10K,SCOWL60_STABLE_2020.12.07+WN3.1
7502,7643,stan,-11.6283,0,0,0,0,,0,0,,,,,0,0,E10K,SCOWL60_STABLE_2020.12.07+WN3.1
7503,7644,subscription,-11.6283,1,1,0,0,N,1,1,,,,subscriptions,0,1,E10K,SCOWL60_STABLE_2020.12.07+WN3.1
7504,7645,sweep,-11.6283,1,1,0,0,N|V,1,1,weep,,,sweeps,1,1,E10K,SCOWL60_STABLE_2020.12.07+WN3.1
7505,7646,tires,-11.6283,1,0,1,0,,1,0,,tire,,,1,0,E10K,SCOWL60_STABLE_2020.12.07+WN3.1
7506,7647,treats,-11.6283,1,0,1,0,,1,0,,treat,,,1,0,E10K,SCOWL60_STABLE_2020.12.07+WN3.1
7507,7648,unclear,-11.6283,1,1,0,0,ADJ,0,0,,,,,0,0,E10K,SCOWL60_STABLE_2020.12.07+WN3.1
7508,7649,venezuela,-11.6283,0,0,0,0,N,0,0,,,,,0,0,E10K,SCOWL60_STABLE_2020.12.07+WN3.1
7509,7650,wade,-11.6283,1,1,0,0,N|V,0,0,,,,,0,0,E10K,SCOWL60_STABLE_2020.12.07+WN3.1
7510,7651,walt,-11.6283,0,0,0,0,,0,0,,,,,0,0,E10K,SCOWL60_STABLE_2020.12.07+WN3.1
7511,7652,wolves,-11.6283,1,1,0,0,,0,0,,,,,0,0,E10K,SCOWL60_STABLE_2020.12.07+WN3.1
7512,7653,aboriginal,-11.651,1,1,0,0,N|ADJ,0,0,,,,,0,0,E10K,SCOWL60_STABLE_2020.12.07+WN3.1
7513,7654,accord,-11.651,1,1,0,0,N|V,0,0,,,,,0,0,E10K,SCOWL60_STABLE_2020.12.07+WN3.1
7514,7655,acoustic,-11.651,1,1,0,0,N|ADJ,0,0,,,,,0,0,E10K,SCOWL60_STABLE_2020.12.07+WN3.1
7515,7656,adverse,-11.651,1,1,0,0,ADJ,0,0,,,,,0,0,E10K,SCOWL60_STABLE_2020.12.07+WN3.1
7516,7657,altar,-11.651,1,1,0,0,N,0,0,,,,,0,0,E10K,SCOWL60_STABLE_2020.12.07+WN3.1
7517,7658,ankle,-11.651,1,1,0,0,N,1,1,,,,ankles,0,1,E10K,SCOWL60_STABLE_2020.12.07+WN3.1
7518,7659,ar,-11.651,0,0,0,0,N,0,0,,,,,0,0,E10K,SCOWL60_STABLE_2020.12.07+WN3.1
7519,7660,ashes,-11.651,1,0,1,0,,1,1,shes,,lashes,,1,1,E10K,SCOWL60_STABLE_2020.12.07+WN3.1
7520,7661,austrian,-11.651,0,0,0,0,N|ADJ,0,0,,,,,0,0,E10K,SCOWL60_STABLE_2020.12.07+WN3.1
7521,7662,ave,-11.651,1,1,0,0,,1,1,,av,have;gave;save;wave;cave;rave,,1,6,E10K,SCOWL60_STABLE_2020.12.07+WN3.1
7522,7663,aye,-11.651,1,1,0,0,,1,0,ye,,,,1,0,E10K,SCOWL60_STABLE_2020.12.07+WN3.1
7523,7665,bangladesh,-11.651,0,0,0,0,N,0,0,,,,,0,0,E10K,SCOWL60_STABLE_2020.12.07+WN3.1
7524,7666,bastard,-11.651,1,1,0,0,N|ADJ,1,1,,,,bastards,0,1,E10K,SCOWL60_STABLE_2020.12.07+WN3.1
7525,7667,bean,-11.651,1,1,0,0,N|V,1,1,,,,beans,0,1,E10K,SCOWL60_STABLE_2020.12.07+WN3.1
7526,7668,bees,-11.651,1,0,1,0,,1,0,,bee,,,1,0,E10K,SCOWL60_STABLE_2020.12.07+WN3.1
7527,7669,bore,-11.651,1,1,0,0,N|V,1,1,ore,,,bored,1,1,E10K,SCOWL60_STABLE_2020.12.07+WN3.1
7528,7670,brake,-11.651,1,1,0,0,N|V,1,1,rake,,,brakes,1,1,E10K,SCOWL60_STABLE_2020.12.07+WN3.1
7529,7671,bump,-11.651,1,1,0,0,N|V,1,1,,bum,,bumps,1,1,E10K,SCOWL60_STABLE_2020.12.07+WN3.1
7530,7672,chan,-11.651,0,0,0,0,,0,0,,,,,0,0,E10K,SCOWL60_STABLE_2020.12.07+WN3.1
7531,7673,concentrations,-11.651,1,0,1,0,,1,0,,concentration,,,1,0,E10K,SCOWL60_STABLE_2020.12.07+WN3.1
7532,7674,constraints,-11.651,1,0,1,0,,1,0,,constraint,,,1,0,E10K,SCOWL60_STABLE_2020.12.07+WN3.1
7533,7675,continuously,-11.651,1,0,1,0,ADV,0,0,,,,,0,0,E10K,SCOWL60_STABLE_2020.12.07+WN3.1
7534,7676,cord,-11.651,1,1,0,0,N|V,1,1,,cor,,cords,1,1,E10K,SCOWL60_STABLE_2020.12.07+WN3.1
7535,7677,cries,-11.651,1,0,1,0,,0,0,,,,,0,0,E10K,SCOWL60_STABLE_2020.12.07+WN3.1
7536,7678,cycles,-11.651,1,0,1,0,,1,0,,cycle,,,1,0,E10K,SCOWL60_STABLE_2020.12.07+WN3.1
7537,7679,cylinder,-11.651,1,1,0,0,N,1,1,,,,cylinders,0,1,E10K,SCOWL60_STABLE_2020.12.07+WN3.1
7538,7680,dangers,-11.651,1,0,1,0,,1,0,,danger,,,1,0,E10K,SCOWL60_STABLE_2020.12.07+WN3.1
7539,7681,danish,-11.651,1,1,0,0,N|ADJ,0,0,,,,,0,0,E10K,SCOWL60_STABLE_2020.12.07+WN3.1
7540,7682,descriptions,-11.651,1,0,1,0,,1,0,,description,,,1,0,E10K,SCOWL60_STABLE_2020.12.07+WN3.1
7541,7683,detained,-11.651,1,0,1,0,,0,0,,,,,0,0,E10K,SCOWL60_STABLE_2020.12.07+WN3.1
7542,7684,digging,-11.651,1,1,0,0,N,0,0,,,,,0,0,E10K,SCOWL60_STABLE_2020.12.07+WN3.1
7543,7685,donor,-11.651,1,1,0,0,N,1,1,,,,donors,0,1,E10K,SCOWL60_STABLE_2020.12.07+WN3.1
7544,7687,expects,-11.651,1,0,1,0,,1,0,,expect,,,1,0,E10K,SCOWL60_STABLE_2020.12.07+WN3.1
7545,7688,explosive,-11.651,1,1,0,0,N|ADJ,1,1,,,,explosives,0,1,E10K,SCOWL60_STABLE_2020.12.07+WN3.1
7546,7690,fierce,-11.651,1,1,0,0,ADJ,0,0,,,,,0,0,E10K,SCOWL60_STABLE_2020.12.07+WN3.1
7547,7691,firearms,-11.651,1,0,1,0,,1,0,,firearm,,,1,0,E10K,SCOWL60_STABLE_2020.12.07+WN3.1
7548,7692,float,-11.651,1,1,0,0,N|V,1,1,,,afloat,floats,0,2,E10K,SCOWL60_STABLE_2020.12.07+WN3.1
7549,7693,flooding,-11.651,1,0,1,0,N,0,0,,,,,0,0,E10K,SCOWL60_STABLE_2020.12.07+WN3.1
7550,7694,fraction,-11.651,1,1,0,0,N|V,1,1,,,,fractions,0,1,E10K,SCOWL60_STABLE_2020.12.07+WN3.1
7551,7695,frost,-11.651,1,1,0,0,N|V,0,0,,,,,0,0,E10K,SCOWL60_STABLE_2020.12.07+WN3.1
7552,7696,genocide,-11.651,1,1,0,0,N,0,0,,,,,0,0,E10K,SCOWL60_STABLE_2020.12.07+WN3.1
7553,7697,gesture,-11.651,1,1,0,0,N|V,1,1,,,,gestures,0,1,E10K,SCOWL60_STABLE_2020.12.07+WN3.1
7554,7698,gop,-11.651,0,0,0,0,N,0,0,,,,,0,0,E10K,SCOWL60_STABLE_2020.12.07+WN3.1
7555,7699,governed,-11.651,1,1,1,0,N,0,0,,,,,0,0,E10K,SCOWL60_STABLE_2020.12.07+WN3.1
7556,7700,governors,-11.651,1,0,1,0,,1,0,,governor,,,1,0,E10K,SCOWL60_STABLE_2020.12.07+WN3.1
7557,7701,grasp,-11.651,1,1,0,0,N|V,0,0,,,,,0,0,E10K,SCOWL60_STABLE_2020.12.07+WN3.1
7558,7702,halt,-11.651,1,1,0,0,N|V|ADJ,1,1,alt,,shalt,,1,1,E10K,SCOWL60_STABLE_2020.12.07+WN3.1
7559,7703,herald,-11.651,1,1,0,0,N|V,0,0,,,,,0,0,E10K,SCOWL60_STABLE_2020.12.07+WN3.1
7560,7704,hillary,-11.651,0,0,0,0,N,0,0,,,,,0,0,E10K,SCOWL60_STABLE_2020.12.07+WN3.1
7561,7705,homeland,-11.651,1,1,0,0,N,0,0,,,,,0,0,E10K,SCOWL60_STABLE_2020.12.07+WN3.1
7562,7706,hunters,-11.651,1,0,1,0,,1,0,,hunter,,,1,0,E10K,SCOWL60_STABLE_2020.12.07+WN3.1
7563,7707,hut,-11.651,1,1,0,0,N,1,1,,,shut,huts,0,2,E10K,SCOWL60_STABLE_2020.12.07+WN3.1
7564,7708,inability,-11.651,1,0,1,0,N,0,0,,,,,0,0,E10K,SCOWL60_STABLE_2020.12.07+WN3.1
7565,7709,induced,-11.651,1,0,1,0,ADJ,1,0,,induce,,,1,0,E10K,SCOWL60_STABLE_2020.12.07+WN3.1
7566,7710,inspire,-11.651,1,0,1,0,V,1,1,,,,inspired;inspires,0,2,E10K,SCOWL60_STABLE_2020.12.07+WN3.1
7567,7711,investigators,-11.651,1,0,1,0,,1,0,,investigator,,,1,0,E10K,SCOWL60_STABLE_2020.12.07+WN3.1
7568,7712,jaw,-11.651,1,1,0,0,N|V,1,1,aw,,,jaws,1,1,E10K,SCOWL60_STABLE_2020.12.07+WN3.1
7569,7713,jew,-11.651,0,0,0,0,N,0,0,,,,,0,0,E10K,SCOWL60_STABLE_2020.12.07+WN3.1
7570,7714,joel,-11.651,0,0,0,0,N,0,0,,,,,0,0,E10K,SCOWL60_STABLE_2020.12.07+WN3.1
7571,7715,kilometers,-11.651,1,0,1,0,,1,0,,kilometer,,,1,0,E10K,SCOWL60_STABLE_2020.12.07+WN3.1
7572,7716,kissed,-11.651,1,0,1,0,,0,0,,,,,0,0,E10K,SCOWL60_STABLE_2020.12.07+WN3.1
7573,7717,lbs,-11.651,1,0,1,0,,1,0,,lb,,,1,0,E10K,SCOWL60_STABLE_2020.12.07+WN3.1
7574,7718,leeds,-11.651,0,0,0,0,N,0,0,,,,,0,0,E10K,SCOWL60_STABLE_2020.12.07+WN3.1
7575,7719,libya,-11.651,0,0,0,0,N,0,0,,,,,0,0,E10K,SCOWL60_STABLE_2020.12.07+WN3.1
7576,7720,linguistic,-11.651,1,1,0,0,ADJ,1,1,,,,linguistics,0,1,E10K,SCOWL60_STABLE_2020.12.07+WN3.1
7577,7721,marriages,-11.651,1,0,1,0,,1,0,,marriage,,,1,0,E10K,SCOWL60_STABLE_2020.12.07+WN3.1
7578,7722,massacre,-11.651,1,1,0,0,N|V,1,1,,,,massacres,0,1,E10K,SCOWL60_STABLE_2020.12.07+WN3.1
7579,7723,massage,-11.651,1,1,0,0,N|V,0,0,,,,,0,0,E10K,SCOWL60_STABLE_2020.12.07+WN3.1
7580,7724,militia,-11.651,1,1,0,0,N,1,1,,,,militias,0,1,E10K,SCOWL60_STABLE_2020.12.07+WN3.1
7581,7725,morality,-11.651,1,1,0,0,N,0,0,,,,,0,0,E10K,SCOWL60_STABLE_2020.12.07+WN3.1
7582,7726,nbc,-11.651,0,0,0,0,,0,0,,,,,0,0,E10K,SCOWL60_STABLE_2020.12.07+WN3.1
7583,7727,needle,-11.651,1,1,0,0,N|V,1,1,,,,needles,0,1,E10K,SCOWL60_STABLE_2020.12.07+WN3.1
7584,7728,offenders,-11.651,1,0,1,0,,1,0,,offender,,,1,0,E10K,SCOWL60_STABLE_2020.12.07+WN3.1
7585,7729,olds,-11.651,0,0,0,0,,0,0,,,,,0,0,E10K,SCOWL60_STABLE_2020.12.07+WN3.1
7586,7730,operative,-11.651,1,1,1,0,N|ADJ,1,1,,,,operatives,0,1,E10K,SCOWL60_STABLE_2020.12.07+WN3.1
7587,7731,performs,-11.651,1,0,1,0,,1,0,,perform,,,1,0,E10K,SCOWL60_STABLE_2020.12.07+WN3.1
7588,7732,phases,-11.651,1,0,1,0,,1,0,,phase,,,1,0,E10K,SCOWL60_STABLE_2020.12.07+WN3.1
7589,7733,pledge,-11.651,1,1,0,0,N|V,1,1,ledge,,,pledged;pledges,1,2,E10K,SCOWL60_STABLE_2020.12.07+WN3.1
7590,7734,realizing,-11.651,1,0,1,0,,0,0,,,,,0,0,E10K,SCOWL60_STABLE_2020.12.07+WN3.1
7591,7735,remembering,-11.651,1,0,1,0,N,0,0,,,,,0,0,E10K,SCOWL60_STABLE_2020.12.07+WN3.1
7592,7736,revision,-11.651,1,1,0,0,N,1,1,,,,revisions,0,1,E10K,SCOWL60_STABLE_2020.12.07+WN3.1
7593,7737,reynolds,-11.651,0,0,0,0,N,0,0,,,,,0,0,E10K,SCOWL60_STABLE_2020.12.07+WN3.1
7594,7738,risky,-11.651,1,1,0,0,ADJ,1,0,,risk,,,1,0,E10K,SCOWL60_STABLE_2020.12.07+WN3.1
7595,7739,rounded,-11.651,1,0,1,0,ADJ,1,1,,,grounded,,0,1,E10K,SCOWL60_STABLE_2020.12.07+WN3.1
7596,7740,rub,-11.651,1,1,0,0,N|V,1,1,,,,ruby,0,1,E10K,SCOWL60_STABLE_2020.12.07+WN3.1
7597,7741,ruby,-11.651,1,1,0,0,N|ADJ,1,0,,rub,,,1,0,E10K,SCOWL60_STABLE_2020.12.07+WN3.1
7598,7742,rushing,-11.651,1,0,1,0,N,1,1,,,crushing;brushing,,0,2,E10K,SCOWL60_STABLE_2020.12.07+WN3.1
7599,7743,sally,-11.651,1,1,0,0,N,1,0,ally,,,,1,0,E10K,SCOWL60_STABLE_2020.12.07+WN3.1
7600,7744,sanctuary,-11.651,1,1,0,0,N,0,0,,,,,0,0,E10K,SCOWL60_STABLE_2020.12.07+WN3.1
7601,7745,sharply,-11.651,1,0,1,0,ADV,0,0,,,,,0,0,E10K,SCOWL60_STABLE_2020.12.07+WN3.1
7602,7746,shifting,-11.651,1,0,1,0,N|ADJ,0,0,,,,,0,0,E10K,SCOWL60_STABLE_2020.12.07+WN3.1
7603,7747,shouting,-11.651,1,0,1,0,N,0,0,,,,,0,0,E10K,SCOWL60_STABLE_2020.12.07+WN3.1
7604,7748,siege,-11.651,1,1,0,0,N,0,0,,,,,0,0,E10K,SCOWL60_STABLE_2020.12.07+WN3.1
7605,7749,sigh,-11.651,1,1,0,0,N|V,1,1,,,,sight;sighs,0,2,E10K,SCOWL60_STABLE_2020.12.07+WN3.1
7606,7750,slap,-11.651,1,1,0,0,N|V|ADV,1,0,lap,,,,1,0,E10K,SCOWL60_STABLE_2020.12.07+WN3.1
7607,7751,speeches,-11.651,1,0,1,0,,0,0,,,,,0,0,E10K,SCOWL60_STABLE_2020.12.07+WN3.1
7608,7752,spurs,-11.651,1,0,1,0,,1,0,,spur,,,1,0,E10K,SCOWL60_STABLE_2020.12.07+WN3.1
7609,7753,struggled,-11.651,1,0,1,0,,1,0,,struggle,,,1,0,E10K,SCOWL60_STABLE_2020.12.07+WN3.1
7610,7754,su,-11.651,0,0,0,0,,0,0,,,,,0,0,E10K,SCOWL60_STABLE_2020.12.07+WN3.1
7611,7755,supernatural,-11.651,1,1,0,0,N|ADJ,0,0,,,,,0,0,E10K,SCOWL60_STABLE_2020.12.07+WN3.1
7612,7756,supervisor,-11.651,1,1,0,0,N,1,1,,,,supervisors;supervisory,0,2,E10K,SCOWL60_STABLE_2020.12.07+WN3.1
7613,7757,tactical,-11.651,1,1,0,0,ADJ,0,0,,,,,0,0,E10K,SCOWL60_STABLE_2020.12.07+WN3.1
7614,7758,targeting,-11.651,1,0,1,0,,0,0,,,,,0,0,E10K,SCOWL60_STABLE_2020.12.07+WN3.1
7615,7759,tenth,-11.651,1,1,1,0,N|ADJ,1,0,,tent,,,1,0,E10K,SCOWL60_STABLE_2020.12.07+WN3.1
7616,7760,thanksgiving,-11.651,1,1,0,0,N,0,0,,,,,0,0,E10K,SCOWL60_STABLE_2020.12.07+WN3.1
7617,7761,thereof,-11.651,1,1,0,0,ADV,0,0,,,,,0,0,E10K,SCOWL60_STABLE_2020.12.07+WN3.1
7618,7762,thesis,-11.651,1,1,0,0,N,0,0,,,,,0,0,E10K,SCOWL60_STABLE_2020.12.07+WN3.1
7619,7763,threaten,-11.651,1,1,1,0,V,1,1,,,,threatens,0,1,E10K,SCOWL60_STABLE_2020.12.07+WN3.1
7620,7764,toes,-11.651,1,0,1,0,,1,0,,toe,,,1,0,E10K,SCOWL60_STABLE_2020.12.07+WN3.1
7621,7765,touches,-11.651,1,0,1,0,,0,0,,,,,0,0,E10K,SCOWL60_STABLE_2020.12.07+WN3.1
7622,7766,troubled,-11.651,1,1,1,0,ADJ,1,0,,trouble,,,1,0,E10K,SCOWL60_STABLE_2020.12.07+WN3.1
7623,7767,vague,-11.651,1,1,0,0,ADJ,0,0,,,,,0,0,E10K,SCOWL60_STABLE_2020.12.07+WN3.1
7624,7768,whites,-11.651,1,0,1,0,,1,0,,white,,,1,0,E10K,SCOWL60_STABLE_2020.12.07+WN3.1
7625,7769,yields,-11.651,1,0,1,0,,1,0,,yield,,,1,0,E10K,SCOWL60_STABLE_2020.12.07+WN3.1
7626,7770,aesthetic,-11.6743,1,1,0,0,N|ADJ,1,1,,,,aesthetics,0,1,E10K,SCOWL60_STABLE_2020.12.07+WN3.1
7627,7771,allowance,-11.6743,1,1,0,0,N|V,1,1,,,,allowances,0,1,E10K,SCOWL60_STABLE_2020.12.07+WN3.1
7628,7772,ammunition,-11.6743,1,1,0,0,N,0,0,,,,,0,0,E10K,SCOWL60_STABLE_2020.12.07+WN3.1
7629,7773,apr,-11.6743,0,0,0,0,N,0,0,,,,,0,0,E10K,SCOWL60_STABLE_2020.12.07+WN3.1
7630,7774,artwork,-11.6743,1,1,0,0,N,1,1,,,,artworks,0,1,E10K,SCOWL60_STABLE_2020.12.07+WN3.1
7631,7775,automated,-11.6743,1,0,1,0,ADJ,0,0,,,,,0,0,E10K,SCOWL60_STABLE_2020.12.07+WN3.1
7632,7776,autonomy,-11.6743,1,1,0,0,N,0,0,,,,,0,0,E10K,SCOWL60_STABLE_2020.12.07+WN3.1
7633,7777,ballet,-11.6743,1,1,0,0,N,0,0,,,,,0,0,E10K,SCOWL60_STABLE_2020.12.07+WN3.1
7634,7778,bells,-11.6743,1,0,1,0,,1,0,,bell,,,1,0,E10K,SCOWL60_STABLE_2020.12.07+WN3.1
7635,7779,bi,-11.6743,1,1,0,0,N,1,1,i,,obi,big;bit;bid;bin;bio;bis,1,7,E10K,SCOWL60_STABLE_2020.12.07+WN3.1
7636,7780,bothered,-11.6743,1,1,1,0,ADJ,0,0,,,,,0,0,E10K,SCOWL60_STABLE_2020.12.07+WN3.1
7637,7781,calculation,-11.6743,1,1,1,0,N,1,1,,,,calculations,0,1,E10K,SCOWL60_STABLE_2020.12.07+WN3.1
7638,7782,carriage,-11.6743,1,1,0,0,N,1,1,,,,carriages,0,1,E10K,SCOWL60_STABLE_2020.12.07+WN3.1
7639,7783,centered,-11.6743,1,0,1,0,ADJ,1,0,entered,,,,1,0,E10K,SCOWL60_STABLE_2020.12.07+WN3.1
7640,7784,claire,-11.6743,0,0,0,0,,0,0,,,,,0,0,E10K,SCOWL60_STABLE_2020.12.07+WN3.1
7641,7785,clips,-11.6743,1,0,1,0,,1,0,lips,clip,,,2,0,E10K,SCOWL60_STABLE_2020.12.07+WN3.1
7642,7786,coincidence,-11.6743,1,1,0,0,N,0,0,,,,,0,0,E10K,SCOWL60_STABLE_2020.12.07+WN3.1
7643,7787,collapsed,-11.6743,1,0,1,0,,1,0,,collapse,,,1,0,E10K,SCOWL60_STABLE_2020.12.07+WN3.1
7644,7788,coloured,-11.6743,0,0,0,0,ADJ,0,0,,,,,0,0,E10K,SCOWL60_STABLE_2020.12.07+WN3.1
7645,7789,columbus,-11.6743,0,0,0,0,N,0,0,,,,,0,0,E10K,SCOWL60_STABLE_2020.12.07+WN3.1
7646,7790,compiled,-11.6743,1,0,1,0,,1,0,,compile,,,1,0,E10K,SCOWL60_STABLE_2020.12.07+WN3.1
7647,7791,confession,-11.6743,1,1,0,0,N,1,1,,,,confessions,0,1,E10K,SCOWL60_STABLE_2020.12.07+WN3.1
7648,7792,coordination,-11.6743,1,1,1,0,N,0,0,,,,,0,0,E10K,SCOWL60_STABLE_2020.12.07+WN3.1
7649,7793,costly,-11.6743,1,1,1,0,ADJ,0,0,,,,,0,0,E10K,SCOWL60_STABLE_2020.12.07+WN3.1
7650,7794,cough,-11.6743,1,1,0,0,N|V,0,0,,,,,0,0,E10K,SCOWL60_STABLE_2020.12.07+WN3.1
7651,7795,cousins,-11.6743,1,0,1,0,,1,0,,cousin,,,1,0,E10K,SCOWL60_STABLE_2020.12.07+WN3.1
7652,7796,cracked,-11.6743,1,0,1,0,ADJ,0,0,,,,,0,0,E10K,SCOWL60_STABLE_2020.12.07+WN3.1
7653,7797,desktop,-11.6743,1,1,0,0,N,0,0,,,,,0,0,E10K,SCOWL60_STABLE_2020.12.07+WN3.1
7654,7798,develops,-11.6743,1,0,1,0,,1,0,,develop,,,1,0,E10K,SCOWL60_STABLE_2020.12.07+WN3.1
7655,7799,disclosure,-11.6743,1,0,1,0,N,1,1,,,,disclosures,0,1,E10K,SCOWL60_STABLE_2020.12.07+WN3.1
7656,7800,documentation,-11.6743,1,1,0,0,N,0,0,,,,,0,0,E10K,SCOWL60_STABLE_2020.12.07+WN3.1
7657,7801,doin,-11.6743,0,0,0,0,,0,0,,,,,0,0,E10K,SCOWL60_STABLE_2020.12.07+WN3.1
7658,7802,entrepreneur,-11.6743,1,1,0,0,N,1,1,,,,entrepreneurs,0,1,E10K,SCOWL60_STABLE_2020.12.07+WN3.1
7659,7803,esteem,-11.6743,1,1,0,0,N|V,0,0,,,,,0,0,E10K,SCOWL60_STABLE_2020.12.07+WN3.1
7660,7804,europeans,-11.6743,0,0,0,0,,0,0,,,,,0,0,E10K,SCOWL60_STABLE_2020.12.07+WN3.1
7661,7805,execute,-11.6743,1,1,0,0,V,1,1,,,,executed,0,1,E10K,SCOWL60_STABLE_2020.12.07+WN3.1
7662,7806,exotic,-11.6743,1,1,0,0,ADJ,0,0,,,,,0,0,E10K,SCOWL60_STABLE_2020.12.07+WN3.1
7663,7807,financially,-11.6743,1,0,1,0,ADV,0,0,,,,,0,0,E10K,SCOWL60_STABLE_2020.12.07+WN3.1
7664,7808,fog,-11.6743,1,1,0,0,N|V,0,0,,,,,0,0,E10K,SCOWL60_STABLE_2020.12.07+WN3.1
7665,7809,ga,-11.6743,0,0,0,0,N,0,0,,,,,0,0,E10K,SCOWL60_STABLE_2020.12.07+WN3.1
7666,7810,garlic,-11.6743,1,1,0,0,N,0,0,,,,,0,0,E10K,SCOWL60_STABLE_2020.12.07+WN3.1
7667,7812,glenn,-11.6743,0,0,0,0,N,0,0,,,,,0,0,E10K,SCOWL60_STABLE_2020.12.07+WN3.1
7668,7813,goddamn,-11.6743,1,1,0,0,ADJ|ADV,0,0,,,,,0,0,E10K,SCOWL60_STABLE_2020.12.07+WN3.1
7669,7814,gut,-11.6743,1,1,0,0,N|V,1,1,,,,guts,0,1,E10K,SCOWL60_STABLE_2020.12.07+WN3.1
7670,7815,hack,-11.6743,1,1,0,0,N|V,1,1,,,shack;whack,hacks,0,3,E10K,SCOWL60_STABLE_2020.12.07+WN3.1
7671,7816,holdings,-11.6743,1,0,1,0,,1,0,,holding,,,1,0,E10K,SCOWL60_STABLE_2020.12.07+WN3.1
7672,7817,innings,-11.6743,1,0,1,0,N,1,0,,inning,,,1,0,E10K,SCOWL60_STABLE_2020.12.07+WN3.1
7673,7818,judgement,-11.6743,0,0,0,0,N,0,0,,,,,0,0,E10K,SCOWL60_STABLE_2020.12.07+WN3.1
7674,7819,junk,-11.6743,1,1,0,0,N|V,1,0,,jun,,,1,0,E10K,SCOWL60_STABLE_2020.12.07+WN3.1
7675,7820,kane,-11.6743,0,0,0,0,,0,0,,,,,0,0,E10K,SCOWL60_STABLE_2020.12.07+WN3.1
7676,7821,kidnapped,-11.6743,1,1,0,0,,0,0,,,,,0,0,E10K,SCOWL60_STABLE_2020.12.07+WN3.1
7677,7822,leaked,-11.6743,1,0,1,0,,0,0,,,,,0,0,E10K,SCOWL60_STABLE_2020.12.07+WN3.1
7678,7823,leap,-11.6743,1,1,0,0,N|V,1,1,,lea,,leaps,1,1,E10K,SCOWL60_STABLE_2020.12.07+WN3.1
7679,7824,leonard,-11.6743,0,0,0,0,N,0,0,,,,,0,0,E10K,SCOWL60_STABLE_2020.12.07+WN3.1
7680,7825,lily,-11.6743,1,1,0,0,N,0,0,,,,,0,0,E10K,SCOWL60_STABLE_2020.12.07+WN3.1
7681,7826,logan,-11.6743,0,0,0,0,N,0,0,,,,,0,0,E10K,SCOWL60_STABLE_2020.12.07+WN3.1
7682,7827,melt,-11.6743,1,1,0,0,N|V,1,1,,,,melts,0,1,E10K,SCOWL60_STABLE_2020.12.07+WN3.1
7683,7828,montana,-11.6743,0,0,0,0,N,0,0,,,,,0,0,E10K,SCOWL60_STABLE_2020.12.07+WN3.1
7684,7829,motive,-11.6743,1,1,1,0,N|ADJ,1,1,,,,motives,0,1,E10K,SCOWL60_STABLE_2020.12.07+WN3.1
7685,7830,municipalities,-11.6743,1,0,1,0,,0,0,,,,,0,0,E10K,SCOWL60_STABLE_2020.12.07+WN3.1
7686,7831,nintendo,-11.6743,0,0,0,0,,0,0,,,,,0,0,E10K,SCOWL60_STABLE_2020.12.07+WN3.1
7687,7832,noah,-11.6743,0,0,0,0,N,0,0,,,,,0,0,E10K,SCOWL60_STABLE_2020.12.07+WN3.1
7688,7833,oath,-11.6743,1,1,0,0,N,0,0,,,,,0,0,E10K,SCOWL60_STABLE_2020.12.07+WN3.1
7689,7834,observers,-11.6743,1,0,1,0,,1,0,,observer,,,1,0,E10K,SCOWL60_STABLE_2020.12.07+WN3.1
7690,7835,outlined,-11.6743,1,0,1,0,ADJ,1,0,,outline,,,1,0,E10K,SCOWL60_STABLE_2020.12.07+WN3.1
7691,7836,pakistani,-11.6743,0,0,0,0,N|ADJ,0,0,,,,,0,0,E10K,SCOWL60_STABLE_2020.12.07+WN3.1
7692,7837,perspectives,-11.6743,1,0,1,0,,1,0,,perspective,,,1,0,E10K,SCOWL60_STABLE_2020.12.07+WN3.1
7693,7838,pirate,-11.6743,1,1,0,0,N|V,1,1,,,,pirates,0,1,E10K,SCOWL60_STABLE_2020.12.07+WN3.1
7694,7839,pistol,-11.6743,1,1,0,0,N,1,1,,,,pistols,0,1,E10K,SCOWL60_STABLE_2020.12.07+WN3.1
7695,7840,plaza,-11.6743,1,1,0,0,N,0,0,,,,,0,0,E10K,SCOWL60_STABLE_2020.12.07+WN3.1
7696,7841,pops,-11.6743,1,0,1,0,,1,0,ops,pop,,,2,0,E10K,SCOWL60_STABLE_2020.12.07+WN3.1
7697,7842,proceeded,-11.6743,1,0,1,0,,0,0,,,,,0,0,E10K,SCOWL60_STABLE_2020.12.07+WN3.1
7698,7843,processed,-11.6743,1,1,1,0,ADJ,0,0,,,,,0,0,E10K,SCOWL60_STABLE_2020.12.07+WN3.1
7699,7844,proving,-11.6743,1,0,1,0,,0,0,,,,,0,0,E10K,SCOWL60_STABLE_2020.12.07+WN3.1
7700,7845,purse,-11.6743,1,1,0,0,N|V,0,0,,,,,0,0,E10K,SCOWL60_STABLE_2020.12.07+WN3.1
7701,7846,recreation,-11.6743,1,0,1,0,N,0,0,,,,,0,0,E10K,SCOWL60_STABLE_2020.12.07+WN3.1
7702,7847,reds,-11.6743,1,0,1,0,,1,0,eds,red,,,2,0,E10K,SCOWL60_STABLE_2020.12.07+WN3.1
7703,7848,refusing,-11.6743,1,0,1,0,,0,0,,,,,0,0,E10K,SCOWL60_STABLE_2020.12.07+WN3.1
7704,7849,remembers,-11.6743,1,0,1,0,,1,0,,remember,,,1,0,E10K,SCOWL60_STABLE_2020.12.07+WN3.1
7705,7850,revealing,-11.6743,1,1,1,0,N|ADJ,0,0,,,,,0,0,E10K,SCOWL60_STABLE_2020.12.07+WN3.1
7706,7851,ricky,-11.6743,0,0,0,0,,0,0,,,,,0,0,E10K,SCOWL60_STABLE_2020.12.07+WN3.1
7707,7852,robbery,-11.6743,1,1,0,0,N,1,0,,robber,,,1,0,E10K,SCOWL60_STABLE_2020.12.07+WN3.1
7708,7853,salaries,-11.6743,1,0,1,0,,0,0,,,,,0,0,E10K,SCOWL60_STABLE_2020.12.07+WN3.1
7709,7854,scholar,-11.6743,1,1,0,0,N,1,1,,,,scholars,0,1,E10K,SCOWL60_STABLE_2020.12.07+WN3.1
7710,7855,sculpture,-11.6743,1,1,0,0,N|V,1,1,,,,sculptures,0,1,E10K,SCOWL60_STABLE_2020.12.07+WN3.1
7711,7856,senses,-11.6743,1,0,1,0,,1,0,,sense,,,1,0,E10K,SCOWL60_STABLE_2020.12.07+WN3.1
7712,7857,sharks,-11.6743,1,0,1,0,,1,0,,shark,,,1,0,E10K,SCOWL60_STABLE_2020.12.07+WN3.1
7713,7858,smiles,-11.6743,1,0,1,0,,1,0,miles,smile,,,2,0,E10K,SCOWL60_STABLE_2020.12.07+WN3.1
7714,7859,sneak,-11.6743,1,1,0,0,N|V|ADJ,1,1,,,,sneaky,0,1,E10K,SCOWL60_STABLE_2020.12.07+WN3.1
7715,7860,solidarity,-11.6743,1,1,0,0,N,0,0,,,,,0,0,E10K,SCOWL60_STABLE_2020.12.07+WN3.1
7716,7861,spike,-11.6743,1,1,0,0,N|V,1,1,pike,,,spikes,1,1,E10K,SCOWL60_STABLE_2020.12.07+WN3.1
7717,7862,statute,-11.6743,1,1,0,0,N|ADJ,1,1,,,,statutes,0,1,E10K,SCOWL60_STABLE_2020.12.07+WN3.1
7718,7863,steak,-11.6743,1,1,0,0,N,0,0,,,,,0,0,E10K,SCOWL60_STABLE_2020.12.07+WN3.1
7719,7864,stevens,-11.6743,0,0,0,0,N,0,0,,,,,0,0,E10K,SCOWL60_STABLE_2020.12.07+WN3.1
7720,7865,stimulus,-11.6743,1,1,0,0,N,0,0,,,,,0,0,E10K,SCOWL60_STABLE_2020.12.07+WN3.1
7721,7866,stir,-11.6743,1,1,0,0,N|V,0,0,,,,,0,0,E10K,SCOWL60_STABLE_2020.12.07+WN3.1
7722,7867,storms,-11.6743,1,0,1,0,,1,0,,storm,,,1,0,E10K,SCOWL60_STABLE_2020.12.07+WN3.1
7723,7868,subscribers,-11.6743,1,0,1,0,,1,0,,subscriber,,,1,0,E10K,SCOWL60_STABLE_2020.12.07+WN3.1
7724,7869,sums,-11.6743,1,0,1,0,,1,0,,sum,,,1,0,E10K,SCOWL60_STABLE_2020.12.07+WN3.1
7725,7870,survivor,-11.6743,1,1,0,0,N,1,1,,,,survivors,0,1,E10K,SCOWL60_STABLE_2020.12.07+WN3.1
7726,7871,synthetic,-11.6743,1,1,0,0,N|ADJ,0,0,,,,,0,0,E10K,SCOWL60_STABLE_2020.12.07+WN3.1
7727,7872,telegraph,-11.6743,1,1,0,0,N|V,0,0,,,,,0,0,E10K,SCOWL60_STABLE_2020.12.07+WN3.1
7728,7873,terribly,-11.6743,1,1,0,0,ADV,0,0,,,,,0,0,E10K,SCOWL60_STABLE_2020.12.07+WN3.1
7729,7874,therapist,-11.6743,1,1,0,0,N,1,1,,,,therapists,0,1,E10K,SCOWL60_STABLE_2020.12.07+WN3.1
7730,7875,tire,-11.6743,1,1,0,0,N|V,1,1,,,,tired;tires,0,2,E10K,SCOWL60_STABLE_2020.12.07+WN3.1
7731,7876,toast,-11.6743,1,1,0,0,N|V,0,0,,,,,0,0,E10K,SCOWL60_STABLE_2020.12.07+WN3.1
7732,7877,touchdown,-11.6743,1,1,0,0,N,1,1,,,,touchdowns,0,1,E10K,SCOWL60_STABLE_2020.12.07+WN3.1
7733,7878,traces,-11.6743,1,0,1,0,,1,0,races,trace,,,2,0,E10K,SCOWL60_STABLE_2020.12.07+WN3.1
7734,7879,tracked,-11.6743,1,0,1,0,ADJ,0,0,,,,,0,0,E10K,SCOWL60_STABLE_2020.12.07+WN3.1
7735,7880,trafficking,-11.6743,1,1,0,0,,0,0,,,,,0,0,E10K,SCOWL60_STABLE_2020.12.07+WN3.1
7736,7881,transported,-11.6743,1,0,1,0,,0,0,,,,,0,0,E10K,SCOWL60_STABLE_2020.12.07+WN3.1
7737,7882,turtle,-11.6743,1,1,0,0,N|V,1,1,,,,turtles,0,1,E10K,SCOWL60_STABLE_2020.12.07+WN3.1
7738,7883,unacceptable,-11.6743,1,1,0,0,ADJ,0,0,,,,,0,0,E10K,SCOWL60_STABLE_2020.12.07+WN3.1
7739,7884,unconscious,-11.6743,1,1,1,0,N|ADJ,0,0,,,,,0,0,E10K,SCOWL60_STABLE_2020.12.07+WN3.1
7740,7885,underway,-11.6743,1,1,0,0,ADJ,0,0,,,,,0,0,E10K,SCOWL60_STABLE_2020.12.07+WN3.1
7741,7886,unemployed,-11.6743,1,1,0,0,N|ADJ,0,0,,,,,0,0,E10K,SCOWL60_STABLE_2020.12.07+WN3.1
7742,7887,upside,-11.6743,1,1,0,0,N,0,0,,,,,0,0,E10K,SCOWL60_STABLE_2020.12.07+WN3.1
7743,7888,vatican,-11.6743,0,0,0,0,N,0,0,,,,,0,0,E10K,SCOWL60_STABLE_2020.12.07+WN3.1
7744,7889,vietnamese,-11.6743,0,0,0,0,N|ADJ,0,0,,,,,0,0,E10K,SCOWL60_STABLE_2020.12.07+WN3.1
7745,7890,violated,-11.6743,1,0,1,0,ADJ,1,0,,violate,,,1,0,E10K,SCOWL60_STABLE_2020.12.07+WN3.1
7746,7891,waking,-11.6743,1,0,1,0,N|ADJ,0,0,,,,,0,0,E10K,SCOWL60_STABLE_2020.12.07+WN3.1
7747,7892,weights,-11.6743,1,0,1,0,,1,0,,weight,,,1,0,E10K,SCOWL60_STABLE_2020.12.07+WN3.1
7748,7893,workforce,-11.6743,1,1,0,0,N,0,0,,,,,0,0,E10K,SCOWL60_STABLE_2020.12.07+WN3.1
7749,7894,yourselves,-11.6743,1,1,0,0,,1,0,ourselves,,,,1,0,E10K,SCOWL60_STABLE_2020.12.07+WN3.1
7750,7896,accompanying,-11.6968,1,0,1,0,ADJ,0,0,,,,,0,0,E10K,SCOWL60_STABLE_2020.12.07+WN3.1
7751,7897,adrian,-11.6968,0,0,0,0,N,0,0,,,,,0,0,E10K,SCOWL60_STABLE_2020.12.07+WN3.1
7752,7898,advancing,-11.6968,1,0,1,0,ADJ,0,0,,,,,0,0,E10K,SCOWL60_STABLE_2020.12.07+WN3.1
7753,7899,airplane,-11.6968,1,1,0,0,N,1,1,,,,airplanes,0,1,E10K,SCOWL60_STABLE_2020.12.07+WN3.1
7754,7900,aluminum,-11.6968,1,1,0,0,N,0,0,,,,,0,0,E10K,SCOWL60_STABLE_2020.12.07+WN3.1
7755,7901,archive,-11.6968,1,1,1,0,N|V,1,1,,,,archives;archived,0,2,E10K,SCOWL60_STABLE_2020.12.07+WN3.1
7756,7902,batch,-11.6968,1,1,0,0,N|V,0,0,,,,,0,0,E10K,SCOWL60_STABLE_2020.12.07+WN3.1
7757,7903,bolt,-11.6968,1,1,0,0,N|V|ADV,1,1,,,,bolts,0,1,E10K,SCOWL60_STABLE_2020.12.07+WN3.1
7758,7904,brigade,-11.6968,1,1,0,0,N|V,1,1,,,,brigades,0,1,E10K,SCOWL60_STABLE_2020.12.07+WN3.1
7759,7905,brunswick,-11.6968,0,0,0,0,N,0,0,,,,,0,0,E10K,SCOWL60_STABLE_2020.12.07+WN3.1
7760,7906,bundle,-11.6968,1,1,0,0,N|V,1,1,,,,bundles;bundled,0,2,E10K,SCOWL60_STABLE_2020.12.07+WN3.1
7761,7907,buyers,-11.6968,1,0,1,0,,1,0,,buyer,,,1,0,E10K,SCOWL60_STABLE_2020.12.07+WN3.1
7762,7908,canvas,-11.6968,1,1,0,0,N|V,0,0,,,,,0,0,E10K,SCOWL60_STABLE_2020.12.07+WN3.1
7763,7909,cardiff,-11.6968,0,0,0,0,N,0,0,,,,,0,0,E10K,SCOWL60_STABLE_2020.12.07+WN3.1
7764,7910,ceased,-11.6968,1,0,1,0,,1,0,,cease,,,1,0,E10K,SCOWL60_STABLE_2020.12.07+WN3.1
7765,7911,clearance,-11.6968,1,1,0,0,N,0,0,,,,,0,0,E10K,SCOWL60_STABLE_2020.12.07+WN3.1
7766,7912,compassion,-11.6968,1,1,0,0,N,0,0,,,,,0,0,E10K,SCOWL60_STABLE_2020.12.07+WN3.1
7767,7913,conceived,-11.6968,1,0,1,0,,1,0,,conceive,,,1,0,E10K,SCOWL60_STABLE_2020.12.07+WN3.1
7768,7914,confronted,-11.6968,1,0,1,0,,0,0,,,,,0,0,E10K,SCOWL60_STABLE_2020.12.07+WN3.1
7769,7915,continually,-11.6968,1,0,1,0,ADV,0,0,,,,,0,0,E10K,SCOWL60_STABLE_2020.12.07+WN3.1
7770,7916,corridor,-11.6968,1,1,0,0,N,1,1,,,,corridors,0,1,E10K,SCOWL60_STABLE_2020.12.07+WN3.1
7771,7918,coupled,-11.6968,1,0,1,0,ADJ,1,0,,couple,,,1,0,E10K,SCOWL60_STABLE_2020.12.07+WN3.1
7772,7919,defines,-11.6968,1,0,1,0,,1,0,,define,,,1,0,E10K,SCOWL60_STABLE_2020.12.07+WN3.1
7773,7920,dem,-11.6968,0,0,0,0,,0,0,,,,,0,0,E10K,SCOWL60_STABLE_2020.12.07+WN3.1
7774,7921,demographic,-11.6968,1,1,0,0,N|ADJ,1,1,,,,demographics,0,1,E10K,SCOWL60_STABLE_2020.12.07+WN3.1
7775,7922,dial,-11.6968,1,1,0,0,N|V,0,0,,,,,0,0,E10K,SCOWL60_STABLE_2020.12.07+WN3.1
7776,7923,disappointing,-11.6968,1,1,1,0,ADJ,0,0,,,,,0,0,E10K,SCOWL60_STABLE_2020.12.07+WN3.1
7777,7924,dislike,-11.6968,1,0,1,0,N|V,1,1,,,,disliked,0,1,E10K,SCOWL60_STABLE_2020.12.07+WN3.1
7778,7925,dissolved,-11.6968,1,1,1,0,ADJ,1,0,,dissolve,,,1,0,E10K,SCOWL60_STABLE_2020.12.07+WN3.1
7779,7926,dome,-11.6968,1,1,0,0,N,0,0,,,,,0,0,E10K,SCOWL60_STABLE_2020.12.07+WN3.1
7780,7927,drafted,-11.6968,1,0,1,0,,0,0,,,,,0,0,E10K,SCOWL60_STABLE_2020.12.07+WN3.1
7781,7928,dresses,-11.6968,1,0,1,0,,0,0,,,,,0,0,E10K,SCOWL60_STABLE_2020.12.07+WN3.1
7782,7929,drums,-11.6968,1,0,1,0,,1,0,,drum,,,1,0,E10K,SCOWL60_STABLE_2020.12.07+WN3.1
7783,7930,dumped,-11.6968,1,0,1,0,,0,0,,,,,0,0,E10K,SCOWL60_STABLE_2020.12.07+WN3.1
7784,7931,elevator,-11.6968,1,1,0,0,N,1,1,,,,elevators,0,1,E10K,SCOWL60_STABLE_2020.12.07+WN3.1
7785,7932,enjoys,-11.6968,1,0,1,0,,1,0,,enjoy,,,1,0,E10K,SCOWL60_STABLE_2020.12.07+WN3.1
7786,7933,excluding,-11.6968,1,0,1,0,,0,0,,,,,0,0,E10K,SCOWL60_STABLE_2020.12.07+WN3.1
7787,7934,exploitation,-11.6968,1,1,0,0,N,0,0,,,,,0,0,E10K,SCOWL60_STABLE_2020.12.07+WN3.1
7788,7935,expressions,-11.6968,1,0,1,0,,1,0,,expression,,,1,0,E10K,SCOWL60_STABLE_2020.12.07+WN3.1
7789,7936,fare,-11.6968,1,1,0,0,N|V,1,1,are,far,,fares,2,1,E10K,SCOWL60_STABLE_2020.12.07+WN3.1
7790,7937,fashioned,-11.6968,1,0,1,0,ADJ,0,0,,,,,0,0,E10K,SCOWL60_STABLE_2020.12.07+WN3.1
7791,7938,ff,-11.6968,1,1,0,0,,1,1,,,off,,0,1,E10K,SCOWL60_STABLE_2020.12.07+WN3.1
7792,7939,foolish,-11.6968,1,1,0,0,ADJ,0,0,,,,,0,0,E10K,SCOWL60_STABLE_2020.12.07+WN3.1
7793,7940,fury,-11.6968,1,1,0,0,N,1,0,,fur,,,1,0,E10K,SCOWL60_STABLE_2020.12.07+WN3.1
7794,7941,gabriel,-11.6968,0,0,0,0,N,0,0,,,,,0,0,E10K,SCOWL60_STABLE_2020.12.07+WN3.1
7795,7942,ghosts,-11.6968,1,0,1,0,,1,0,hosts,ghost,,,2,0,E10K,SCOWL60_STABLE_2020.12.07+WN3.1
7796,7944,hamas,-11.6968,0,0,0,0,N,0,0,,,,,0,0,E10K,SCOWL60_STABLE_2020.12.07+WN3.1
7797,7945,hawks,-11.6968,1,0,1,0,,1,0,,hawk,,,1,0,E10K,SCOWL60_STABLE_2020.12.07+WN3.1
7798,7946,historians,-11.6968,1,0,1,0,,1,0,,historian,,,1,0,E10K,SCOWL60_STABLE_2020.12.07+WN3.1
7799,7947,homer,-11.6968,1,1,1,0,N|V,1,0,,home,,,1,0,E10K,SCOWL60_STABLE_2020.12.07+WN3.1
7800,7948,imaging,-11.6968,1,0,1,0,N,0,0,,,,,0,0,E10K,SCOWL60_STABLE_2020.12.07+WN3.1
7801,7949,immunity,-11.6968,1,1,0,0,N,0,0,,,,,0,0,E10K,SCOWL60_STABLE_2020.12.07+WN3.1
7802,7950,incomplete,-11.6968,1,1,0,0,ADJ,0,0,,,,,0,0,E10K,SCOWL60_STABLE_2020.12.07+WN3.1
7803,7951,inequality,-11.6968,1,1,1,0,N,0,0,,,,,0,0,E10K,SCOWL60_STABLE_2020.12.07+WN3.1
7804,7952,inevitably,-11.6968,1,1,0,0,ADV,0,0,,,,,0,0,E10K,SCOWL60_STABLE_2020.12.07+WN3.1
7805,7953,inherent,-11.6968,1,1,0,0,ADJ,0,0,,,,,0,0,E10K,SCOWL60_STABLE_2020.12.07+WN3.1
7806,7954,interfere,-11.6968,1,1,0,0,V,0,0,,,,,0,0,E10K,SCOWL60_STABLE_2020.12.07+WN3.1
7807,7955,janet,-11.6968,0,0,0,0,,0,0,,,,,0,0,E10K,SCOWL60_STABLE_2020.12.07+WN3.1
7808,7956,joshua,-11.6968,0,0,0,0,N,0,0,,,,,0,0,E10K,SCOWL60_STABLE_2020.12.07+WN3.1
7809,7957,katie,-11.6968,0,0,0,0,,0,0,,,,,0,0,E10K,SCOWL60_STABLE_2020.12.07+WN3.1
7810,7958,lad,-11.6968,1,1,0,0,N,1,1,ad,la,glad;clad,lady;lads,2,4,E10K,SCOWL60_STABLE_2020.12.07+WN3.1
7811,7959,lawsuit,-11.6968,1,1,0,0,N,1,1,,,,lawsuits,0,1,E10K,SCOWL60_STABLE_2020.12.07+WN3.1
7812,7960,lineup,-11.6968,1,1,0,0,N,0,0,,,,,0,0,E10K,SCOWL60_STABLE_2020.12.07+WN3.1
7813,7961,madame,-11.6968,1,1,0,0,N,1,0,,madam,,,1,0,E10K,SCOWL60_STABLE_2020.12.07+WN3.1
7814,7962,maine,-11.6968,0,0,0,0,N,0,0,,,,,0,0,E10K,SCOWL60_STABLE_2020.12.07+WN3.1
7815,7963,manuel,-11.6968,0,0,0,0,,0,0,,,,,0,0,E10K,SCOWL60_STABLE_2020.12.07+WN3.1
7816,7964,marble,-11.6968,1,1,0,0,N|V,0,0,,,,,0,0,E10K,SCOWL60_STABLE_2020.12.07+WN3.1
7817,7965,marco,-11.6968,0,0,0,0,,0,0,,,,,0,0,E10K,SCOWL60_STABLE_2020.12.07+WN3.1
7818,7966,maturity,-11.6968,1,1,0,0,N,0,0,,,,,0,0,E10K,SCOWL60_STABLE_2020.12.07+WN3.1
7819,7967,medals,-11.6968,1,0,1,0,,1,0,,medal,,,1,0,E10K,SCOWL60_STABLE_2020.12.07+WN3.1
7820,7968,monopoly,-11.6968,1,1,0,0,N,0,0,,,,,0,0,E10K,SCOWL60_STABLE_2020.12.07+WN3.1
7821,7969,mosque,-11.6968,1,1,0,0,N,1,1,,,,mosques,0,1,E10K,SCOWL60_STABLE_2020.12.07+WN3.1
7822,7970,nationals,-11.6968,1,0,1,0,,1,0,,national,,,1,0,E10K,SCOWL60_STABLE_2020.12.07+WN3.1
7823,7971,neighbouring,-11.6968,0,0,0,0,,0,0,,,,,0,0,E10K,SCOWL60_STABLE_2020.12.07+WN3.1
7824,7972,neo,-11.6968,0,0,0,0,ADJ,0,0,,,,,0,0,E10K,SCOWL60_STABLE_2020.12.07+WN3.1
7825,7973,nicole,-11.6968,0,0,0,0,,0,0,,,,,0,0,E10K,SCOWL60_STABLE_2020.12.07+WN3.1
7826,7974,obey,-11.6968,1,1,0,0,V,1,0,bey,,,,1,0,E10K,SCOWL60_STABLE_2020.12.07+WN3.1
7827,7975,obliged,-11.6968,1,0,1,0,ADJ,0,0,,,,,0,0,E10K,SCOWL60_STABLE_2020.12.07+WN3.1
7828,7976,offended,-11.6968,1,0,1,0,ADJ,0,0,,,,,0,0,E10K,SCOWL60_STABLE_2020.12.07+WN3.1
7829,7977,omg,-11.6968,0,0,0,0,,0,0,,,,,0,0,E10K,SCOWL60_STABLE_2020.12.07+WN3.1
7830,7978,overhead,-11.6968,1,1,0,0,N|ADJ|ADV,0,0,,,,,0,0,E10K,SCOWL60_STABLE_2020.12.07+WN3.1
7831,7979,pencil,-11.6968,1,1,0,0,N|V,1,1,,,,pencils,0,1,E10K,SCOWL60_STABLE_2020.12.07+WN3.1
7832,7980,phd,-11.6968,0,0,0,0,N,0,0,,,,,0,0,E10K,SCOWL60_STABLE_2020.12.07+WN3.1
7833,7981,plains,-11.6968,1,0,1,0,,1,0,,plain,,,1,0,E10K,SCOWL60_STABLE_2020.12.07+WN3.1
7834,7982,platinum,-11.6968,1,1,0,0,N,0,0,,,,,0,0,E10K,SCOWL60_STABLE_2020.12.07+WN3.1
7835,7983,poles,-11.6968,1,0,1,0,,1,0,,pole,,,1,0,E10K,SCOWL60_STABLE_2020.12.07+WN3.1
7836,7984,polls,-11.6968,1,0,1,0,N,1,0,,poll,,,1,0,E10K,SCOWL60_STABLE_2020.12.07+WN3.1
7837,7985,porter,-11.6968,1,1,0,0,N|V,0,0,,,,,0,0,E10K,SCOWL60_STABLE_2020.12.07+WN3.1
7838,7986,posed,-11.6968,1,0,1,0,ADJ,1,0,,pose,,,1,0,E10K,SCOWL60_STABLE_2020.12.07+WN3.1
7839,7987,practicing,-11.6968,1,0,1,0,,0,0,,,,,0,0,E10K,SCOWL60_STABLE_2020.12.07+WN3.1
7840,7988,preceding,-11.6968,1,0,1,0,ADJ,0,0,,,,,0,0,E10K,SCOWL60_STABLE_2020.12.07+WN3.1
7841,7989,productions,-11.6968,1,0,1,0,,1,0,,production,,,1,0,E10K,SCOWL60_STABLE_2020.12.07+WN3.1
7842,7990,protestant,-11.6968,1,1,0,0,N|ADJ,1,1,,,,protestants,0,1,E10K,SCOWL60_STABLE_2020.12.07+WN3.1
7843,7991,pulls,-11.6968,1,0,1,0,,1,0,,pull,,,1,0,E10K,SCOWL60_STABLE_2020.12.07+WN3.1
7844,7992,puppy,-11.6968,1,1,0,0,N,0,0,,,,,0,0,E10K,SCOWL60_STABLE_2020.12.07+WN3.1
7845,7993,rejection,-11.6968,1,1,0,0,N,0,0,,,,,0,0,E10K,SCOWL60_STABLE_2020.12.07+WN3.1
7846,7994,robust,-11.6968,1,1,0,0,ADJ,0,0,,,,,0,0,E10K,SCOWL60_STABLE_2020.12.07+WN3.1
7847,7995,romania,-11.6968,0,0,0,0,N,0,0,,,,,0,0,E10K,SCOWL60_STABLE_2020.12.07+WN3.1
7848,7996,seasonal,-11.6968,1,1,0,0,N|ADJ,0,0,,,,,0,0,E10K,SCOWL60_STABLE_2020.12.07+WN3.1
7849,7997,securing,-11.6968,1,0,1,0,,0,0,,,,,0,0,E10K,SCOWL60_STABLE_2020.12.07+WN3.1
7850,7998,sensible,-11.6968,1,1,0,0,ADJ,0,0,,,,,0,0,E10K,SCOWL60_STABLE_2020.12.07+WN3.1
7851,7999,sensor,-11.6968,1,1,0,0,N,1,1,,,,sensors;sensory,0,2,E10K,SCOWL60_STABLE_2020.12.07+WN3.1
7852,8000,shells,-11.6968,1,0,1,0,,1,0,,shell,,,1,0,E10K,SCOWL60_STABLE_2020.12.07+WN3.1
7853,8001,shoots,-11.6968,1,0,1,0,,1,0,,shoot,,,1,0,E10K,SCOWL60_STABLE_2020.12.07+WN3.1
7854,8002,simulation,-11.6968,1,1,1,0,N,1,1,,,,simulations,0,1,E10K,SCOWL60_STABLE_2020.12.07+WN3.1
7855,8003,sixteen,-11.6968,1,1,0,0,N|ADJ,0,0,,,,,0,0,E10K,SCOWL60_STABLE_2020.12.07+WN3.1
7856,8004,socialism,-11.6968,1,1,0,0,N,0,0,,,,,0,0,E10K,SCOWL60_STABLE_2020.12.07+WN3.1
7857,8005,spark,-11.6968,1,1,0,0,N|V,1,1,park,,,sparks,1,1,E10K,SCOWL60_STABLE_2020.12.07+WN3.1
7858,8006,stanford,-11.6968,0,0,0,0,N,0,0,,,,,0,0,E10K,SCOWL60_STABLE_2020.12.07+WN3.1
7859,8007,steering,-11.6968,1,1,1,0,N,0,0,,,,,0,0,E10K,SCOWL60_STABLE_2020.12.07+WN3.1
7860,8008,stern,-11.6968,1,1,0,0,N|ADJ,0,0,,,,,0,0,E10K,SCOWL60_STABLE_2020.12.07+WN3.1
7861,8009,straw,-11.6968,1,1,0,0,N|V|ADJ,0,0,,,,,0,0,E10K,SCOWL60_STABLE_2020.12.07+WN3.1
7862,8010,successive,-11.6968,1,1,1,0,ADJ,0,0,,,,,0,0,E10K,SCOWL60_STABLE_2020.12.07+WN3.1
7863,8011,sung,-11.6968,1,1,0,0,N,1,0,,sun,,,1,0,E10K,SCOWL60_STABLE_2020.12.07+WN3.1
7864,8012,surf,-11.6968,1,1,0,0,N|V,0,0,,,,,0,0,E10K,SCOWL60_STABLE_2020.12.07+WN3.1
7865,8013,suspects,-11.6968,1,0,1,0,,1,0,,suspect,,,1,0,E10K,SCOWL60_STABLE_2020.12.07+WN3.1
7866,8014,symbolic,-11.6968,1,1,0,0,ADJ,0,0,,,,,0,0,E10K,SCOWL60_STABLE_2020.12.07+WN3.1
7867,8015,tenure,-11.6968,1,1,0,0,N|V,0,0,,,,,0,0,E10K,SCOWL60_STABLE_2020.12.07+WN3.1
7868,8017,traders,-11.6968,1,0,1,0,,1,0,,trader,,,1,0,E10K,SCOWL60_STABLE_2020.12.07+WN3.1
7869,8018,treaties,-11.6968,1,0,1,0,,0,0,,,,,0,0,E10K,SCOWL60_STABLE_2020.12.07+WN3.1
7870,8019,triangle,-11.6968,1,1,0,0,N,0,0,,,,,0,0,E10K,SCOWL60_STABLE_2020.12.07+WN3.1
7871,8020,tubes,-11.6968,1,0,1,0,,1,0,,tube,,,1,0,E10K,SCOWL60_STABLE_2020.12.07+WN3.1
7872,8021,unaware,-11.6968,1,1,1,0,ADJ,0,0,,,,,0,0,E10K,SCOWL60_STABLE_2020.12.07+WN3.1
7873,8022,underwear,-11.6968,1,1,0,0,N,0,0,,,,,0,0,E10K,SCOWL60_STABLE_2020.12.07+WN3.1
7874,8023,verdict,-11.6968,1,1,0,0,N,0,0,,,,,0,0,E10K,SCOWL60_STABLE_2020.12.07+WN3.1
7875,8024,wax,-11.6968,1,1,0,0,N|V,1,0,ax,,,,1,0,E10K,SCOWL60_STABLE_2020.12.07+WN3.1
7876,8025,whats,-11.6968,1,0,1,0,,1,0,hats,what,,,2,0,E10K,SCOWL60_STABLE_2020.12.07+WN3.1
7877,8026,whore,-11.6968,1,1,0,0,N|V,1,1,,,,whores,0,1,E10K,SCOWL60_STABLE_2020.12.07+WN3.1
7878,8027,wit,-11.6968,1,1,0,0,N,1,1,it,,,with;wits,1,2,E10K,SCOWL60_STABLE_2020.12.07+WN3.1
7879,8029,abbey,-11.7199,1,1,0,0,N,0,0,,,,,0,0,E10K,SCOWL60_STABLE_2020.12.07+WN3.1
7880,8030,accessories,-11.7199,1,0,1,0,,0,0,,,,,0,0,E10K,SCOWL60_STABLE_2020.12.07+WN3.1
7881,8031,adelaide,-11.7199,0,0,0,0,N,0,0,,,,,0,0,E10K,SCOWL60_STABLE_2020.12.07+WN3.1
7882,8032,advocacy,-11.7199,1,1,0,0,N,0,0,,,,,0,0,E10K,SCOWL60_STABLE_2020.12.07+WN3.1
7883,8033,albeit,-11.7199,1,1,0,0,,0,0,,,,,0,0,E10K,SCOWL60_STABLE_2020.12.07+WN3.1
7884,8034,algorithm,-11.7199,1,1,0,0,N,1,1,,,,algorithms,0,1,E10K,SCOWL60_STABLE_2020.12.07+WN3.1
7885,8035,analyses,-11.7199,1,1,0,0,,0,0,,,,,0,0,E10K,SCOWL60_STABLE_2020.12.07+WN3.1
7886,8036,analyzed,-11.7199,1,0,1,0,ADJ,1,0,,analyze,,,1,0,E10K,SCOWL60_STABLE_2020.12.07+WN3.1
7887,8037,annoyed,-11.7199,1,0,1,0,ADJ,0,0,,,,,0,0,E10K,SCOWL60_STABLE_2020.12.07+WN3.1
7888,8038,armor,-11.7199,1,1,0,0,N|V,0,0,,,,,0,0,E10K,SCOWL60_STABLE_2020.12.07+WN3.1
7889,8039,attributes,-11.7199,1,0,1,0,,1,0,,attribute,,,1,0,E10K,SCOWL60_STABLE_2020.12.07+WN3.1
7890,8040,autonomous,-11.7199,1,1,0,0,ADJ,0,0,,,,,0,0,E10K,SCOWL60_STABLE_2020.12.07+WN3.1
7891,8041,baron,-11.7199,1,1,0,0,N,0,0,,,,,0,0,E10K,SCOWL60_STABLE_2020.12.07+WN3.1
7892,8042,battlefield,-11.7199,1,1,0,0,N,0,0,,,,,0,0,E10K,SCOWL60_STABLE_2020.12.07+WN3.1
7893,8043,begging,-11.7199,1,1,0,0,N,0,0,,,,,0,0,E10K,SCOWL60_STABLE_2020.12.07+WN3.1
7894,8044,blunt,-11.7199,1,1,0,0,V|ADJ,0,0,,,,,0,0,E10K,SCOWL60_STABLE_2020.12.07+WN3.1
7895,8045,boobs,-11.7199,1,0,1,0,,1,0,,boob,,,1,0,E10K,SCOWL60_STABLE_2020.12.07+WN3.1
7896,8046,borrowed,-11.7199,1,0,1,0,,0,0,,,,,0,0,E10K,SCOWL60_STABLE_2020.12.07+WN3.1
7897,8047,builds,-11.7199,1,0,1,0,,1,0,,build,,,1,0,E10K,SCOWL60_STABLE_2020.12.07+WN3.1
7898,8048,bullying,-11.7199,1,0,1,0,N|ADJ,0,0,,,,,0,0,E10K,SCOWL60_STABLE_2020.12.07+WN3.1
7899,8049,burial,-11.7199,1,1,0,0,N,0,0,,,,,0,0,E10K,SCOWL60_STABLE_2020.12.07+WN3.1
7900,8050,buys,-11.7199,1,0,1,0,,1,0,,buy,,,1,0,E10K,SCOWL60_STABLE_2020.12.07+WN3.1
7901,8051,cairo,-11.7199,0,0,0,0,N,0,0,,,,,0,0,E10K,SCOWL60_STABLE_2020.12.07+WN3.1
7902,8052,calgary,-11.7199,0,0,0,0,N,0,0,,,,,0,0,E10K,SCOWL60_STABLE_2020.12.07+WN3.1
7903,8053,ch,-11.7199,1,1,0,0,,1,1,,,,chi,0,1,E10K,SCOWL60_STABLE_2020.12.07+WN3.1
7904,8054,charitable,-11.7199,1,1,0,0,ADJ,0,0,,,,,0,0,E10K,SCOWL60_STABLE_2020.12.07+WN3.1
7905,8055,clarity,-11.7199,1,1,0,0,N,0,0,,,,,0,0,E10K,SCOWL60_STABLE_2020.12.07+WN3.1
7906,8056,cnn,-11.7199,0,0,0,0,,0,0,,,,,0,0,E10K,SCOWL60_STABLE_2020.12.07+WN3.1
7907,8057,combining,-11.7199,1,0,1,0,N,0,0,,,,,0,0,E10K,SCOWL60_STABLE_2020.12.07+WN3.1
7908,8058,cows,-11.7199,1,0,1,0,N,1,0,,cow,,,1,0,E10K,SCOWL60_STABLE_2020.12.07+WN3.1
7909,8059,croatia,-11.7199,0,0,0,0,N,0,0,,,,,0,0,E10K,SCOWL60_STABLE_2020.12.07+WN3.1
7910,8060,damned,-11.7199,1,1,1,0,N|ADJ|ADV,0,0,,,,,0,0,E10K,SCOWL60_STABLE_2020.12.07+WN3.1
7911,8061,ducks,-11.7199,1,0,1,0,,1,0,,duck,,,1,0,E10K,SCOWL60_STABLE_2020.12.07+WN3.1
7912,8062,dull,-11.7199,1,1,0,0,V|ADJ,0,0,,,,,0,0,E10K,SCOWL60_STABLE_2020.12.07+WN3.1
7913,8063,dynasty,-11.7199,1,1,0,0,N,0,0,,,,,0,0,E10K,SCOWL60_STABLE_2020.12.07+WN3.1
7914,8064,eats,-11.7199,1,0,1,0,N,1,1,,eat,seats;beats;meats;heats,,1,4,E10K,SCOWL60_STABLE_2020.12.07+WN3.1
7915,8065,eden,-11.7199,0,0,0,0,N,0,0,,,,,0,0,E10K,SCOWL60_STABLE_2020.12.07+WN3.1
7916,8066,embedded,-11.7199,1,1,0,0,ADJ,0,0,,,,,0,0,E10K,SCOWL60_STABLE_2020.12.07+WN3.1
7917,8067,emphasized,-11.7199,1,0,1,0,ADJ,1,0,,emphasize,,,1,0,E10K,SCOWL60_STABLE_2020.12.07+WN3.1
7918,8068,entrepreneurs,-11.7199,1,0,1,0,,1,0,,entrepreneur,,,1,0,E10K,SCOWL60_STABLE_2020.12.07+WN3.1
7919,8069,exams,-11.7199,1,0,1,0,,1,0,,exam,,,1,0,E10K,SCOWL60_STABLE_2020.12.07+WN3.1
7920,8070,favorites,-11.7199,1,0,1,0,,1,0,,favorite,,,1,0,E10K,SCOWL60_STABLE_2020.12.07+WN3.1
7921,8071,forgiveness,-11.7199,1,1,1,0,N,0,0,,,,,0,0,E10K,SCOWL60_STABLE_2020.12.07+WN3.1
7922,8072,fork,-11.7199,1,1,0,0,N|V,1,1,,for,,forks,1,1,E10K,SCOWL60_STABLE_2020.12.07+WN3.1
7923,8073,fortunate,-11.7199,1,1,0,0,ADJ,0,0,,,,,0,0,E10K,SCOWL60_STABLE_2020.12.07+WN3.1
7924,8074,frederick,-11.7199,0,0,0,0,N,0,0,,,,,0,0,E10K,SCOWL60_STABLE_2020.12.07+WN3.1
7925,8075,freed,-11.7199,1,0,1,0,,1,0,reed,free,,,2,0,E10K,SCOWL60_STABLE_2020.12.07+WN3.1
7926,8076,gig,-11.7199,1,1,0,0,N,1,1,,,,gigs,0,1,E10K,SCOWL60_STABLE_2020.12.07+WN3.1
7927,8077,ginger,-11.7199,1,1,0,0,N|V|ADJ,0,0,,,,,0,0,E10K,SCOWL60_STABLE_2020.12.07+WN3.1
7928,8078,graves,-11.7199,1,0,1,0,N,1,0,,grave,,,1,0,E10K,SCOWL60_STABLE_2020.12.07+WN3.1
7929,8079,hath,-11.7199,1,0,1,0,,1,0,,hat,,,1,0,E10K,SCOWL60_STABLE_2020.12.07+WN3.1
7930,8080,hers,-11.7199,1,0,1,0,,1,0,,her,,,1,0,E10K,SCOWL60_STABLE_2020.12.07+WN3.1
7931,8081,hollow,-11.7199,1,1,0,0,N|V|ADJ,0,0,,,,,0,0,E10K,SCOWL60_STABLE_2020.12.07+WN3.1
7932,8082,hypothesis,-11.7199,1,1,0,0,N,0,0,,,,,0,0,E10K,SCOWL60_STABLE_2020.12.07+WN3.1
7933,8083,idol,-11.7199,1,1,0,0,N,1,1,,,,idols,0,1,E10K,SCOWL60_STABLE_2020.12.07+WN3.1
7934,8084,incoming,-11.7199,1,0,1,0,N|ADJ,0,0,,,,,0,0,E10K,SCOWL60_STABLE_2020.12.07+WN3.1
7935,8085,indicator,-11.7199,1,1,0,0,N,1,1,,,,indicators,0,1,E10K,SCOWL60_STABLE_2020.12.07+WN3.1
7936,8086,indonesian,-11.7199,0,0,0,0,N|ADJ,0,0,,,,,0,0,E10K,SCOWL60_STABLE_2020.12.07+WN3.1
7937,8087,jamaica,-11.7199,0,0,0,0,N,0,0,,,,,0,0,E10K,SCOWL60_STABLE_2020.12.07+WN3.1
7938,8088,jewelry,-11.7199,1,1,0,0,N,0,0,,,,,0,0,E10K,SCOWL60_STABLE_2020.12.07+WN3.1
7939,8089,joey,-11.7199,1,1,0,0,,0,0,,,,,0,0,E10K,SCOWL60_STABLE_2020.12.07+WN3.1
7940,8090,justification,-11.7199,1,1,1,0,N,0,0,,,,,0,0,E10K,SCOWL60_STABLE_2020.12.07+WN3.1
7941,8091,kerry,-11.7199,0,0,0,0,,0,0,,,,,0,0,E10K,SCOWL60_STABLE_2020.12.07+WN3.1
7942,8092,lacks,-11.7199,1,0,1,0,,1,1,,lack,blacks,,1,1,E10K,SCOWL60_STABLE_2020.12.07+WN3.1
7943,8093,lasts,-11.7199,1,0,1,0,,1,1,,last,blasts,,1,1,E10K,SCOWL60_STABLE_2020.12.07+WN3.1
7944,8094,legit,-11.7199,1,1,0,0,,0,0,,,,,0,0,E10K,SCOWL60_STABLE_2020.12.07+WN3.1
7945,8095,leon,-11.7199,0,0,0,0,N,0,0,,,,,0,0,E10K,SCOWL60_STABLE_2020.12.07+WN3.1
7946,8096,liable,-11.7199,1,1,0,0,ADJ,0,0,,,,,0,0,E10K,SCOWL60_STABLE_2020.12.07+WN3.1
7947,8097,mc,-11.7199,0,0,0,0,N,0,0,,,,,0,0,E10K,SCOWL60_STABLE_2020.12.07+WN3.1
7948,8098,module,-11.7199,1,1,0,0,N,1,1,,,,modules,0,1,E10K,SCOWL60_STABLE_2020.12.07+WN3.1
7949,8099,monkeys,-11.7199,1,0,1,0,,1,0,,monkey,,,1,0,E10K,SCOWL60_STABLE_2020.12.07+WN3.1
7950,8100,mortal,-11.7199,1,1,0,0,N|ADJ,0,0,,,,,0,0,E10K,SCOWL60_STABLE_2020.12.07+WN3.1
7951,8101,nationalist,-11.7199,1,1,0,0,N|ADJ,1,1,,,,nationalists,0,1,E10K,SCOWL60_STABLE_2020.12.07+WN3.1
7952,8102,nationwide,-11.7199,1,1,0,0,ADJ|ADV,0,0,,,,,0,0,E10K,SCOWL60_STABLE_2020.12.07+WN3.1
7953,8103,nazis,-11.7199,0,0,0,0,,0,0,,,,,0,0,E10K,SCOWL60_STABLE_2020.12.07+WN3.1
7954,8104,needing,-11.7199,1,0,1,0,,0,0,,,,,0,0,E10K,SCOWL60_STABLE_2020.12.07+WN3.1
7955,8105,ni,-11.7199,0,0,0,0,N,0,0,,,,,0,0,E10K,SCOWL60_STABLE_2020.12.07+WN3.1
7956,8106,nyc,-11.7199,0,0,0,0,,0,0,,,,,0,0,E10K,SCOWL60_STABLE_2020.12.07+WN3.1
7957,8107,orlando,-11.7199,0,0,0,0,N,0,0,,,,,0,0,E10K,SCOWL60_STABLE_2020.12.07+WN3.1
7958,8108,palestinians,-11.7199,0,0,0,0,,0,0,,,,,0,0,E10K,SCOWL60_STABLE_2020.12.07+WN3.1
7959,8109,particle,-11.7199,1,1,0,0,N,1,1,article,,,particles,1,1,E10K,SCOWL60_STABLE_2020.12.07+WN3.1
7960,8110,pdf,-11.7199,0,0,0,0,,0,0,,,,,0,0,E10K,SCOWL60_STABLE_2020.12.07+WN3.1
7961,8111,polling,-11.7199,1,1,1,0,,0,0,,,,,0,0,E10K,SCOWL60_STABLE_2020.12.07+WN3.1
7962,8112,preferences,-11.7199,1,0,1,0,,1,0,references,preference,,,2,0,E10K,SCOWL60_STABLE_2020.12.07+WN3.1
7963,8113,probe,-11.7199,1,1,0,0,N|V,1,1,robe,prob,,probes,2,1,E10K,SCOWL60_STABLE_2020.12.07+WN3.1
7964,8114,professors,-11.7199,1,0,1,0,,1,0,,professor,,,1,0,E10K,SCOWL60_STABLE_2020.12.07+WN3.1
7965,8115,prone,-11.7199,1,1,0,0,ADJ,0,0,,,,,0,0,E10K,SCOWL60_STABLE_2020.12.07+WN3.1
7966,8116,pt,-11.7199,1,1,0,0,N,1,1,,,opt;apt,,0,2,E10K,SCOWL60_STABLE_2020.12.07+WN3.1
7967,8117,puzzle,-11.7199,1,1,0,0,N|V,1,1,,,,puzzles,0,1,E10K,SCOWL60_STABLE_2020.12.07+WN3.1
7968,8118,ranch,-11.7199,1,1,0,0,N|V,1,1,,,branch,,0,1,E10K,SCOWL60_STABLE_2020.12.07+WN3.1
7969,8119,reagan,-11.7199,0,0,0,0,N,0,0,,,,,0,0,E10K,SCOWL60_STABLE_2020.12.07+WN3.1
7970,8120,regulate,-11.7199,1,1,0,0,V,1,1,,,,regulated;regulates,0,2,E10K,SCOWL60_STABLE_2020.12.07+WN3.1
7971,8121,relates,-11.7199,1,0,1,0,,1,0,,relate,,,1,0,E10K,SCOWL60_STABLE_2020.12.07+WN3.1
7972,8122,reproduction,-11.7199,1,0,1,0,N,0,0,,,,,0,0,E10K,SCOWL60_STABLE_2020.12.07+WN3.1
7973,8123,reservation,-11.7199,1,1,0,0,N,1,1,,,preservation,reservations,0,2,E10K,SCOWL60_STABLE_2020.12.07+WN3.1
7974,8124,respiratory,-11.7199,1,1,0,0,ADJ,0,0,,,,,0,0,E10K,SCOWL60_STABLE_2020.12.07+WN3.1
7975,8125,rivals,-11.7199,1,0,1,0,,1,0,,rival,,,1,0,E10K,SCOWL60_STABLE_2020.12.07+WN3.1
7976,8126,roosevelt,-11.7199,0,0,0,0,N,0,0,,,,,0,0,E10K,SCOWL60_STABLE_2020.12.07+WN3.1
7977,8127,ruler,-11.7199,1,1,1,0,N,1,1,,rule,,rulers,1,1,E10K,SCOWL60_STABLE_2020.12.07+WN3.1
7978,8128,secondly,-11.7199,1,0,1,0,ADV,0,0,,,,,0,0,E10K,SCOWL60_STABLE_2020.12.07+WN3.1
7979,8129,shepherd,-11.7199,1,1,0,0,N|V,1,1,,,,shepherds,0,1,E10K,SCOWL60_STABLE_2020.12.07+WN3.1
7980,8130,singles,-11.7199,1,1,1,0,N,1,0,,single,,,1,0,E10K,SCOWL60_STABLE_2020.12.07+WN3.1
7981,8131,smoked,-11.7199,1,0,1,0,ADJ,1,0,,smoke,,,1,0,E10K,SCOWL60_STABLE_2020.12.07+WN3.1
7982,8132,starter,-11.7199,1,1,0,0,N,1,1,,,,starters,0,1,E10K,SCOWL60_STABLE_2020.12.07+WN3.1
7983,8134,stepping,-11.7199,1,0,1,0,,0,0,,,,,0,0,E10K,SCOWL60_STABLE_2020.12.07+WN3.1
7984,8135,stuffed,-11.7199,1,0,1,0,ADJ,0,0,,,,,0,0,E10K,SCOWL60_STABLE_2020.12.07+WN3.1
7985,8136,superb,-11.7199,1,1,0,0,ADJ,1,0,,super,,,1,0,E10K,SCOWL60_STABLE_2020.12.07+WN3.1
7986,8137,terrified,-11.7199,1,0,1,0,ADJ,0,0,,,,,0,0,E10K,SCOWL60_STABLE_2020.12.07+WN3.1
7987,8138,thirteen,-11.7199,1,1,0,0,N|ADJ,0,0,,,,,0,0,E10K,SCOWL60_STABLE_2020.12.07+WN3.1
7988,8139,tits,-11.7199,1,0,1,0,,1,0,its,tit,,,2,0,E10K,SCOWL60_STABLE_2020.12.07+WN3.1
7989,8140,traits,-11.7199,1,0,1,0,,1,1,,trait,straits,,1,1,E10K,SCOWL60_STABLE_2020.12.07+WN3.1
7990,8141,trim,-11.7199,1,1,0,0,N|V|ADJ,1,0,rim,,,,1,0,E10K,SCOWL60_STABLE_2020.12.07+WN3.1
7991,8142,troy,-11.7199,1,1,0,0,N,0,0,,,,,0,0,E10K,SCOWL60_STABLE_2020.12.07+WN3.1
7992,8143,tuition,-11.7199,1,1,0,0,N,0,0,,,,,0,0,E10K,SCOWL60_STABLE_2020.12.07+WN3.1
7993,8144,underwater,-11.7199,1,1,0,0,ADJ,0,0,,,,,0,0,E10K,SCOWL60_STABLE_2020.12.07+WN3.1
7994,8145,unite,-11.7199,1,1,0,0,V,1,1,,unit,,united,1,1,E10K,SCOWL60_STABLE_2020.12.07+WN3.1
7995,8146,upload,-11.7199,1,1,0,0,V,0,0,,,,,0,0,E10K,SCOWL60_STABLE_2020.12.07+WN3.1
7996,8147,velocity,-11.7199,1,1,0,0,N,0,0,,,,,0,0,E10K,SCOWL60_STABLE_2020.12.07+WN3.1
7997,8148,vicinity,-11.7199,1,1,0,0,N,0,0,,,,,0,0,E10K,SCOWL60_STABLE_2020.12.07+WN3.1
7998,8149,vladimir,-11.7199,0,0,0,0,,0,0,,,,,0,0,E10K,SCOWL60_STABLE_2020.12.07+WN3.1
7999,8150,zombie,-11.7199,1,1,0,0,N,1,1,,,,zombies,0,1,E10K,SCOWL60_STABLE_2020.12.07+WN3.1
8000,8151,accepts,-11.7436,1,0,1,0,,1,0,,accept,,,1,0,E10K,SCOWL60_STABLE_2020.12.07+WN3.1
8001,8152,aiming,-11.7436,1,0,1,0,,0,0,,,,,0,0,E10K,SCOWL60_STABLE_2020.12.07+WN3.1
8002,8153,alcoholic,-11.7436,1,1,0,0,N|ADJ,0,0,,,,,0,0,E10K,SCOWL60_STABLE_2020.12.07+WN3.1
8003,8154,atmospheric,-11.7436,1,1,0,0,ADJ,0,0,,,,,0,0,E10K,SCOWL60_STABLE_2020.12.07+WN3.1
8004,8155,automobile,-11.7436,1,1,0,0,N|V,1,1,,,,automobiles,0,1,E10K,SCOWL60_STABLE_2020.12.07+WN3.1
8005,8156,bargain,-11.7436,1,1,0,0,N|V,0,0,,,,,0,0,E10K,SCOWL60_STABLE_2020.12.07+WN3.1
8006,8157,barn,-11.7436,1,1,0,0,N,1,0,,bar,,,1,0,E10K,SCOWL60_STABLE_2020.12.07+WN3.1
8007,8158,beatles,-11.7436,0,0,0,0,N,0,0,,,,,0,0,E10K,SCOWL60_STABLE_2020.12.07+WN3.1
8008,8159,betty,-11.7436,0,0,0,0,,0,0,,,,,0,0,E10K,SCOWL60_STABLE_2020.12.07+WN3.1
8009,8160,billions,-11.7436,1,0,1,0,,1,0,,billion,,,1,0,E10K,SCOWL60_STABLE_2020.12.07+WN3.1
8010,8161,boo,-11.7436,1,1,0,0,N|V,1,1,,,,book;boom;boot;boon;boob,0,5,E10K,SCOWL60_STABLE_2020.12.07+WN3.1
8011,8162,brakes,-11.7436,1,0,1,0,N,1,0,,brake,,,1,0,E10K,SCOWL60_STABLE_2020.12.07+WN3.1
8012,8163,breasts,-11.7436,1,0,1,0,,1,0,,breast,,,1,0,E10K,SCOWL60_STABLE_2020.12.07+WN3.1
8013,8164,brisbane,-11.7436,0,0,0,0,N,0,0,,,,,0,0,E10K,SCOWL60_STABLE_2020.12.07+WN3.1
8014,8165,bruno,-11.7436,0,0,0,0,N,0,0,,,,,0,0,E10K,SCOWL60_STABLE_2020.12.07+WN3.1
8015,8166,bs,-11.7436,0,0,0,0,N,0,0,,,,,0,0,E10K,SCOWL60_STABLE_2020.12.07+WN3.1
8016,8168,canadians,-11.7436,0,0,0,0,,0,0,,,,,0,0,E10K,SCOWL60_STABLE_2020.12.07+WN3.1
8017,8169,capitol,-11.7436,1,1,0,0,N,0,0,,,,,0,0,E10K,SCOWL60_STABLE_2020.12.07+WN3.1
8018,8170,carved,-11.7436,1,0,1,0,ADJ,1,0,,carve,,,1,0,E10K,SCOWL60_STABLE_2020.12.07+WN3.1
8019,8171,catches,-11.7436,1,0,1,0,,0,0,,,,,0,0,E10K,SCOWL60_STABLE_2020.12.07+WN3.1
8020,8172,champ,-11.7436,1,1,0,0,N|V,1,1,,,,champs,0,1,E10K,SCOWL60_STABLE_2020.12.07+WN3.1
8021,8173,cod,-11.7436,1,1,0,0,N|V|ADJ|ADV,1,1,,co,,code,1,1,E10K,SCOWL60_STABLE_2020.12.07+WN3.1
8022,8174,cohen,-11.7436,0,0,0,0,,0,0,,,,,0,0,E10K,SCOWL60_STABLE_2020.12.07+WN3.1
8023,8175,comedian,-11.7436,1,1,0,0,N,1,1,,,,comedians,0,1,E10K,SCOWL60_STABLE_2020.12.07+WN3.1
8024,8176,confined,-11.7436,1,1,1,0,ADJ,0,0,,,,,0,0,E10K,SCOWL60_STABLE_2020.12.07+WN3.1
8025,8177,confirms,-11.7436,1,0,1,0,,1,0,,confirm,,,1,0,E10K,SCOWL60_STABLE_2020.12.07+WN3.1
8026,8178,constitutes,-11.7436,1,0,1,0,,1,0,,constitute,,,1,0,E10K,SCOWL60_STABLE_2020.12.07+WN3.1
8027,8179,continuity,-11.7436,1,1,0,0,N,0,0,,,,,0,0,E10K,SCOWL60_STABLE_2020.12.07+WN3.1
8028,8180,contracted,-11.7436,1,0,1,0,ADJ,0,0,,,,,0,0,E10K,SCOWL60_STABLE_2020.12.07+WN3.1
8029,8181,conventions,-11.7436,1,0,1,0,,1,0,,convention,,,1,0,E10K,SCOWL60_STABLE_2020.12.07+WN3.1
8030,8182,crane,-11.7436,1,1,0,0,N|V,1,1,,,,cranes,0,1,E10K,SCOWL60_STABLE_2020.12.07+WN3.1
8031,8183,davies,-11.7436,0,0,0,0,,0,0,,,,,0,0,E10K,SCOWL60_STABLE_2020.12.07+WN3.1
8032,8184,delight,-11.7436,1,0,1,0,N|V,1,1,,,,delights,0,1,E10K,SCOWL60_STABLE_2020.12.07+WN3.1
8033,8185,denying,-11.7436,1,0,1,0,,0,0,,,,,0,0,E10K,SCOWL60_STABLE_2020.12.07+WN3.1
8034,8186,deployment,-11.7436,1,1,1,0,N,0,0,,,,,0,0,E10K,SCOWL60_STABLE_2020.12.07+WN3.1
8035,8187,dioxide,-11.7436,1,1,0,0,N,0,0,,,,,0,0,E10K,SCOWL60_STABLE_2020.12.07+WN3.1
8036,8188,distances,-11.7436,1,0,1,0,,1,0,,distance,,,1,0,E10K,SCOWL60_STABLE_2020.12.07+WN3.1
8037,8189,drake,-11.7436,1,1,0,0,N,1,0,rake,,,,1,0,E10K,SCOWL60_STABLE_2020.12.07+WN3.1
8038,8190,drought,-11.7436,1,1,0,0,N,0,0,,,,,0,0,E10K,SCOWL60_STABLE_2020.12.07+WN3.1
8039,8191,elevation,-11.7436,1,1,1,0,N,0,0,,,,,0,0,E10K,SCOWL60_STABLE_2020.12.07+WN3.1
8040,8192,ellis,-11.7436,0,0,0,0,,0,0,,,,,0,0,E10K,SCOWL60_STABLE_2020.12.07+WN3.1
8041,8193,excuses,-11.7436,1,0,1,0,,1,0,,excuse,,,1,0,E10K,SCOWL60_STABLE_2020.12.07+WN3.1
8042,8194,explored,-11.7436,1,1,1,0,,1,0,,explore,,,1,0,E10K,SCOWL60_STABLE_2020.12.07+WN3.1
8043,8195,farewell,-11.7436,1,1,0,0,N,0,0,,,,,0,0,E10K,SCOWL60_STABLE_2020.12.07+WN3.1
8044,8196,fatigue,-11.7436,1,1,0,0,N|V,0,0,,,,,0,0,E10K,SCOWL60_STABLE_2020.12.07+WN3.1
8045,8197,festivals,-11.7436,1,0,1,0,,1,0,,festival,,,1,0,E10K,SCOWL60_STABLE_2020.12.07+WN3.1
8046,8198,fortress,-11.7436,1,1,0,0,N,0,0,,,,,0,0,E10K,SCOWL60_STABLE_2020.12.07+WN3.1
8047,8199,fry,-11.7436,1,1,0,0,N|V,1,0,,fr,,,1,0,E10K,SCOWL60_STABLE_2020.12.07+WN3.1
8048,8200,generator,-11.7436,1,1,0,0,N,1,1,,,,generators,0,1,E10K,SCOWL60_STABLE_2020.12.07+WN3.1
8049,8201,guild,-11.7436,1,1,0,0,N,0,0,,,,,0,0,E10K,SCOWL60_STABLE_2020.12.07+WN3.1
8050,8202,handy,-11.7436,1,1,0,0,N|ADJ,1,0,,hand,,,1,0,E10K,SCOWL60_STABLE_2020.12.07+WN3.1
8051,8203,heroin,-11.7436,1,1,0,0,N,1,1,,,,heroine,0,1,E10K,SCOWL60_STABLE_2020.12.07+WN3.1
8052,8204,hm,-11.7436,0,0,0,0,N,0,0,,,,,0,0,E10K,SCOWL60_STABLE_2020.12.07+WN3.1
8053,8205,illustration,-11.7436,1,1,1,0,N,1,1,,,,illustrations,0,1,E10K,SCOWL60_STABLE_2020.12.07+WN3.1
8054,8206,impacts,-11.7436,1,0,1,0,,1,0,,impact,,,1,0,E10K,SCOWL60_STABLE_2020.12.07+WN3.1
8055,8207,implied,-11.7436,1,0,1,0,,0,0,,,,,0,0,E10K,SCOWL60_STABLE_2020.12.07+WN3.1
8056,8208,impress,-11.7436,1,1,0,0,N|V,0,0,,,,,0,0,E10K,SCOWL60_STABLE_2020.12.07+WN3.1
8057,8209,inspiring,-11.7436,1,1,0,0,ADJ,0,0,,,,,0,0,E10K,SCOWL60_STABLE_2020.12.07+WN3.1
8058,8210,itunes,-11.7436,0,0,0,0,,0,0,,,,,0,0,E10K,SCOWL60_STABLE_2020.12.07+WN3.1
8059,8211,ivory,-11.7436,1,1,0,0,N,0,0,,,,,0,0,E10K,SCOWL60_STABLE_2020.12.07+WN3.1
8060,8212,kay,-11.7436,0,0,0,0,,0,0,,,,,0,0,E10K,SCOWL60_STABLE_2020.12.07+WN3.1
8061,8213,lance,-11.7436,1,1,0,0,N|V,1,1,,,glance,,0,1,E10K,SCOWL60_STABLE_2020.12.07+WN3.1
8062,8214,lengths,-11.7436,1,1,0,0,,1,0,,length,,,1,0,E10K,SCOWL60_STABLE_2020.12.07+WN3.1
8063,8215,lightly,-11.7436,1,1,0,0,ADV,1,1,,,slightly,,0,1,E10K,SCOWL60_STABLE_2020.12.07+WN3.1
8064,8216,lyon,-11.7436,0,0,0,0,N,0,0,,,,,0,0,E10K,SCOWL60_STABLE_2020.12.07+WN3.1
8065,8217,marines,-11.7436,1,0,1,0,N,1,0,,marine,,,1,0,E10K,SCOWL60_STABLE_2020.12.07+WN3.1
8066,8218,memorable,-11.7436,1,1,0,0,ADJ,0,0,,,,,0,0,E10K,SCOWL60_STABLE_2020.12.07+WN3.1
8067,8219,mercedes,-11.7436,0,0,0,0,,0,0,,,,,0,0,E10K,SCOWL60_STABLE_2020.12.07+WN3.1
8068,8220,misery,-11.7436,1,1,0,0,N,0,0,,,,,0,0,E10K,SCOWL60_STABLE_2020.12.07+WN3.1
8069,8221,monica,-11.7436,0,0,0,0,,0,0,,,,,0,0,E10K,SCOWL60_STABLE_2020.12.07+WN3.1
8070,8222,neat,-11.7436,1,1,0,0,ADJ,1,0,eat,,,,1,0,E10K,SCOWL60_STABLE_2020.12.07+WN3.1
8071,8223,newest,-11.7436,1,0,1,0,,0,0,,,,,0,0,E10K,SCOWL60_STABLE_2020.12.07+WN3.1
8072,8224,nsa,-11.7436,0,0,0,0,N,0,0,,,,,0,0,E10K,SCOWL60_STABLE_2020.12.07+WN3.1
8073,8225,obstacles,-11.7436,1,0,1,0,,1,0,,obstacle,,,1,0,E10K,SCOWL60_STABLE_2020.12.07+WN3.1
8074,8226,panama,-11.7436,1,1,0,0,N,0,0,,,,,0,0,E10K,SCOWL60_STABLE_2020.12.07+WN3.1
8075,8228,plague,-11.7436,1,1,0,0,N|V,1,1,,,,plagued,0,1,E10K,SCOWL60_STABLE_2020.12.07+WN3.1
8076,8229,plasma,-11.7436,1,1,0,0,N,0,0,,,,,0,0,E10K,SCOWL60_STABLE_2020.12.07+WN3.1
8077,8230,polite,-11.7436,1,1,0,0,ADJ,0,0,,,,,0,0,E10K,SCOWL60_STABLE_2020.12.07+WN3.1
8078,8231,prestigious,-11.7436,1,1,0,0,ADJ,0,0,,,,,0,0,E10K,SCOWL60_STABLE_2020.12.07+WN3.1
8079,8232,prevents,-11.7436,1,0,1,0,,1,0,,prevent,,,1,0,E10K,SCOWL60_STABLE_2020.12.07+WN3.1
8080,8233,preview,-11.7436,1,1,0,0,N|V,1,1,review,,,previews,1,1,E10K,SCOWL60_STABLE_2020.12.07+WN3.1
8081,8234,processor,-11.7436,1,1,0,0,N,1,1,,,,processors,0,1,E10K,SCOWL60_STABLE_2020.12.07+WN3.1
8082,8235,progression,-11.7436,1,1,0,0,N,0,0,,,,,0,0,E10K,SCOWL60_STABLE_2020.12.07+WN3.1
8083,8236,prohibition,-11.7436,1,1,0,0,N,0,0,,,,,0,0,E10K,SCOWL60_STABLE_2020.12.07+WN3.1
8084,8237,prompted,-11.7436,1,1,1,0,,0,0,,,,,0,0,E10K,SCOWL60_STABLE_2020.12.07+WN3.1
8085,8238,proximity,-11.7436,1,1,0,0,N,0,0,,,,,0,0,E10K,SCOWL60_STABLE_2020.12.07+WN3.1
8086,8239,randy,-11.7436,1,1,0,0,ADJ,1,1,,rand,brandy,,1,1,E10K,SCOWL60_STABLE_2020.12.07+WN3.1
8087,8240,rebecca,-11.7436,0,0,0,0,N,0,0,,,,,0,0,E10K,SCOWL60_STABLE_2020.12.07+WN3.1
8088,8241,recruiting,-11.7436,1,0,1,0,,0,0,,,,,0,0,E10K,SCOWL60_STABLE_2020.12.07+WN3.1
8089,8242,relaxing,-11.7436,1,0,1,0,ADJ,0,0,,,,,0,0,E10K,SCOWL60_STABLE_2020.12.07+WN3.1
8090,8243,res,-11.7436,1,0,1,0,N,1,1,es,re,,rest,2,1,E10K,SCOWL60_STABLE_2020.12.07+WN3.1
8091,8244,richardson,-11.7436,0,0,0,0,N,0,0,,,,,0,0,E10K,SCOWL60_STABLE_2020.12.07+WN3.1
8092,8245,robots,-11.7436,1,0,1,0,,1,0,,robot,,,1,0,E10K,SCOWL60_STABLE_2020.12.07+WN3.1
8093,8246,roller,-11.7436,1,1,1,0,N,1,1,,,,rollers,0,1,E10K,SCOWL60_STABLE_2020.12.07+WN3.1
8094,8247,runners,-11.7436,1,0,1,0,,1,0,,runner,,,1,0,E10K,SCOWL60_STABLE_2020.12.07+WN3.1
8095,8248,shane,-11.7436,0,0,0,0,,0,0,,,,,0,0,E10K,SCOWL60_STABLE_2020.12.07+WN3.1
8096,8249,sharon,-11.7436,0,0,0,0,,0,0,,,,,0,0,E10K,SCOWL60_STABLE_2020.12.07+WN3.1
8097,8250,shuttle,-11.7436,1,1,0,0,N|V,0,0,,,,,0,0,E10K,SCOWL60_STABLE_2020.12.07+WN3.1
8098,8251,sodium,-11.7436,1,1,0,0,N,0,0,,,,,0,0,E10K,SCOWL60_STABLE_2020.12.07+WN3.1
8099,8252,specify,-11.7436,1,1,0,0,V,0,0,,,,,0,0,E10K,SCOWL60_STABLE_2020.12.07+WN3.1
8100,8253,stare,-11.7436,1,1,0,0,N|V,1,1,,star,,stared;stares,1,2,E10K,SCOWL60_STABLE_2020.12.07+WN3.1
8101,8254,suppliers,-11.7436,1,0,1,0,,1,0,,supplier,,,1,0,E10K,SCOWL60_STABLE_2020.12.07+WN3.1
8102,8255,tempted,-11.7436,1,0,1,0,,0,0,,,,,0,0,E10K,SCOWL60_STABLE_2020.12.07+WN3.1
8103,8256,texture,-11.7436,1,1,0,0,N,1,1,,,,textures,0,1,E10K,SCOWL60_STABLE_2020.12.07+WN3.1
8104,8257,thief,-11.7436,1,1,0,0,N,0,0,,,,,0,0,E10K,SCOWL60_STABLE_2020.12.07+WN3.1
8105,8258,thrust,-11.7436,1,1,0,0,N|V,0,0,,,,,0,0,E10K,SCOWL60_STABLE_2020.12.07+WN3.1
8106,8259,umbrella,-11.7436,1,1,0,0,N|ADJ,0,0,,,,,0,0,E10K,SCOWL60_STABLE_2020.12.07+WN3.1
8107,8260,unstable,-11.7436,1,1,0,0,ADJ,0,0,,,,,0,0,E10K,SCOWL60_STABLE_2020.12.07+WN3.1
8108,8261,vector,-11.7436,1,1,0,0,N,1,1,,,,vectors,0,1,E10K,SCOWL60_STABLE_2020.12.07+WN3.1
8109,8262,verbal,-11.7436,1,1,0,0,ADJ,0,0,,,,,0,0,E10K,SCOWL60_STABLE_2020.12.07+WN3.1
8110,8263,volleyball,-11.7436,1,1,0,0,N,0,0,,,,,0,0,E10K,SCOWL60_STABLE_2020.12.07+WN3.1
8111,8264,waist,-11.7436,1,1,0,0,N,0,0,,,,,0,0,E10K,SCOWL60_STABLE_2020.12.07+WN3.1
8112,8265,wang,-11.7436,0,0,0,0,,0,0,,,,,0,0,E10K,SCOWL60_STABLE_2020.12.07+WN3.1
8113,8266,weaker,-11.7436,1,0,1,0,,0,0,,,,,0,0,E10K,SCOWL60_STABLE_2020.12.07+WN3.1
8114,8267,willie,-11.7436,0,0,0,0,,0,0,,,,,0,0,E10K,SCOWL60_STABLE_2020.12.07+WN3.1
8115,8268,willingness,-11.7436,1,1,1,0,N,0,0,,,,,0,0,E10K,SCOWL60_STABLE_2020.12.07+WN3.1
8116,8269,winston,-11.7436,0,0,0,0,,0,0,,,,,0,0,E10K,SCOWL60_STABLE_2020.12.07+WN3.1
8117,8270,yankees,-11.7436,0,0,0,0,,0,0,,,,,0,0,E10K,SCOWL60_STABLE_2020.12.07+WN3.1
8118,8271,yemen,-11.7436,0,0,0,0,N,0,0,,,,,0,0,E10K,SCOWL60_STABLE_2020.12.07+WN3.1
8119,8272,aerial,-11.7665,1,1,0,0,N|ADJ,0,0,,,,,0,0,E10K,SCOWL60_STABLE_2020.12.07+WN3.1
8120,8273,amber,-11.7665,1,1,0,0,N|ADJ,0,0,,,,,0,0,E10K,SCOWL60_STABLE_2020.12.07+WN3.1
8121,8274,ana,-11.7665,0,0,0,0,N,0,0,,,,,0,0,E10K,SCOWL60_STABLE_2020.12.07+WN3.1
8122,8275,andrea,-11.7665,0,0,0,0,,0,0,,,,,0,0,E10K,SCOWL60_STABLE_2020.12.07+WN3.1
8123,8276,anglo,-11.7665,0,0,0,0,,0,0,,,,,0,0,E10K,SCOWL60_STABLE_2020.12.07+WN3.1
8124,8277,applause,-11.7665,1,1,0,0,N,0,0,,,,,0,0,E10K,SCOWL60_STABLE_2020.12.07+WN3.1
8125,8278,apples,-11.7665,1,0,1,0,,1,0,,apple,,,1,0,E10K,SCOWL60_STABLE_2020.12.07+WN3.1
8126,8279,appointments,-11.7665,1,0,1,0,,1,0,,appointment,,,1,0,E10K,SCOWL60_STABLE_2020.12.07+WN3.1
8127,8280,assessed,-11.7665,1,0,1,0,,0,0,,,,,0,0,E10K,SCOWL60_STABLE_2020.12.07+WN3.1
8128,8281,attractions,-11.7665,1,0,1,0,,1,0,,attraction,,,1,0,E10K,SCOWL60_STABLE_2020.12.07+WN3.1
8129,8282,barnes,-11.7665,0,0,0,0,,0,0,,,,,0,0,E10K,SCOWL60_STABLE_2020.12.07+WN3.1
8130,8283,berry,-11.7665,1,1,0,0,N|V,0,0,,,,,0,0,E10K,SCOWL60_STABLE_2020.12.07+WN3.1
8131,8284,bizarre,-11.7665,1,1,0,0,ADJ,0,0,,,,,0,0,E10K,SCOWL60_STABLE_2020.12.07+WN3.1
8132,8285,butterfly,-11.7665,1,1,0,0,N|V,0,0,,,,,0,0,E10K,SCOWL60_STABLE_2020.12.07+WN3.1
8133,8286,cement,-11.7665,1,1,0,0,N|V,0,0,,,,,0,0,E10K,SCOWL60_STABLE_2020.12.07+WN3.1
8134,8287,charities,-11.7665,1,0,1,0,,0,0,,,,,0,0,E10K,SCOWL60_STABLE_2020.12.07+WN3.1
8135,8288,christine,-11.7665,0,0,0,0,,0,0,,,,,0,0,E10K,SCOWL60_STABLE_2020.12.07+WN3.1
8136,8289,claude,-11.7665,0,0,0,0,,0,0,,,,,0,0,E10K,SCOWL60_STABLE_2020.12.07+WN3.1
8137,8290,cleaner,-11.7665,1,1,1,0,N,1,1,,,,cleaners,0,1,E10K,SCOWL60_STABLE_2020.12.07+WN3.1
8138,8291,commodities,-11.7665,1,0,1,0,,0,0,,,,,0,0,E10K,SCOWL60_STABLE_2020.12.07+WN3.1
8139,8292,compelling,-11.7665,1,1,0,0,ADJ,0,0,,,,,0,0,E10K,SCOWL60_STABLE_2020.12.07+WN3.1
8140,8293,conditioning,-11.7665,1,1,1,0,N,0,0,,,,,0,0,E10K,SCOWL60_STABLE_2020.12.07+WN3.1
8141,8294,conquest,-11.7665,1,1,1,0,N,0,0,,,,,0,0,E10K,SCOWL60_STABLE_2020.12.07+WN3.1
8142,8295,consuming,-11.7665,1,0,1,0,ADJ,0,0,,,,,0,0,E10K,SCOWL60_STABLE_2020.12.07+WN3.1
8143,8296,cooler,-11.7665,1,1,1,0,N,0,0,,,,,0,0,E10K,SCOWL60_STABLE_2020.12.07+WN3.1
8144,8297,cracking,-11.7665,1,0,1,0,N|ADJ,0,0,,,,,0,0,E10K,SCOWL60_STABLE_2020.12.07+WN3.1
8145,8298,cracks,-11.7665,1,0,1,0,,1,0,racks,crack,,,2,0,E10K,SCOWL60_STABLE_2020.12.07+WN3.1
8146,8299,credibility,-11.7665,1,1,0,0,N,0,0,,,,,0,0,E10K,SCOWL60_STABLE_2020.12.07+WN3.1
8147,8300,cum,-11.7665,1,1,0,0,N,1,1,um,cu,scum,,2,1,E10K,SCOWL60_STABLE_2020.12.07+WN3.1
8148,8301,dakota,-11.7665,0,0,0,0,N,0,0,,,,,0,0,E10K,SCOWL60_STABLE_2020.12.07+WN3.1
8149,8302,dancers,-11.7665,1,0,1,0,,1,0,,dancer,,,1,0,E10K,SCOWL60_STABLE_2020.12.07+WN3.1
8150,8303,daylight,-11.7665,1,1,0,0,N,0,0,,,,,0,0,E10K,SCOWL60_STABLE_2020.12.07+WN3.1
8151,8304,demonstrations,-11.7665,1,0,1,0,,1,0,,demonstration,,,1,0,E10K,SCOWL60_STABLE_2020.12.07+WN3.1
8152,8305,departed,-11.7665,1,1,1,0,N|ADJ,0,0,,,,,0,0,E10K,SCOWL60_STABLE_2020.12.07+WN3.1
8153,8306,designing,-11.7665,1,0,1,0,N|ADJ,0,0,,,,,0,0,E10K,SCOWL60_STABLE_2020.12.07+WN3.1
8154,8307,discretion,-11.7665,1,1,1,0,N,0,0,,,,,0,0,E10K,SCOWL60_STABLE_2020.12.07+WN3.1
8155,8308,ditch,-11.7665,1,1,0,0,N|V,1,0,itch,,,,1,0,E10K,SCOWL60_STABLE_2020.12.07+WN3.1
8156,8309,doubled,-11.7665,1,0,1,0,ADJ,1,0,,double,,,1,0,E10K,SCOWL60_STABLE_2020.12.07+WN3.1
8157,8310,downs,-11.7665,1,0,1,0,,1,0,owns,down,,,2,0,E10K,SCOWL60_STABLE_2020.12.07+WN3.1
8158,8311,economically,-11.7665,1,0,1,0,ADV,0,0,,,,,0,0,E10K,SCOWL60_STABLE_2020.12.07+WN3.1
8159,8312,endangered,-11.7665,1,0,1,0,ADJ,0,0,,,,,0,0,E10K,SCOWL60_STABLE_2020.12.07+WN3.1
8160,8313,escort,-11.7665,1,1,0,0,N|V,1,1,,,,escorts,0,1,E10K,SCOWL60_STABLE_2020.12.07+WN3.1
8161,8314,estates,-11.7665,1,0,1,0,,1,0,states,estate,,,2,0,E10K,SCOWL60_STABLE_2020.12.07+WN3.1
8162,8315,exploit,-11.7665,1,1,0,0,N|V,1,1,,,,exploits,0,1,E10K,SCOWL60_STABLE_2020.12.07+WN3.1
8163,8316,finishes,-11.7665,1,0,1,0,,0,0,,,,,0,0,E10K,SCOWL60_STABLE_2020.12.07+WN3.1
8164,8317,fist,-11.7665,1,1,0,0,N,1,1,,,,fists,0,1,E10K,SCOWL60_STABLE_2020.12.07+WN3.1
8165,8318,flu,-11.7665,1,1,0,0,N,1,1,,fl,,flux,1,1,E10K,SCOWL60_STABLE_2020.12.07+WN3.1
8166,8319,fond,-11.7665,1,1,0,0,ADJ,0,0,,,,,0,0,E10K,SCOWL60_STABLE_2020.12.07+WN3.1
8167,8320,fourteen,-11.7665,1,1,0,0,N|ADJ,0,0,,,,,0,0,E10K,SCOWL60_STABLE_2020.12.07+WN3.1
8168,8321,fragile,-11.7665,1,1,0,0,ADJ,0,0,,,,,0,0,E10K,SCOWL60_STABLE_2020.12.07+WN3.1
8169,8322,fraser,-11.7665,0,0,0,0,,0,0,,,,,0,0,E10K,SCOWL60_STABLE_2020.12.07+WN3.1
8170,8323,fu,-11.7665,0,0,0,0,,0,0,,,,,0,0,E10K,SCOWL60_STABLE_2020.12.07+WN3.1
8171,8324,gameplay,-11.7665,0,0,0,0,,0,0,,,,,0,0,E10K,SCOWL60_STABLE_2020.12.07+WN3.1
8172,8325,garcia,-11.7665,0,0,0,0,,0,0,,,,,0,0,E10K,SCOWL60_STABLE_2020.12.07+WN3.1
8173,8326,geometry,-11.7665,1,1,0,0,N,0,0,,,,,0,0,E10K,SCOWL60_STABLE_2020.12.07+WN3.1
8174,8327,ghana,-11.7665,0,0,0,0,N,0,0,,,,,0,0,E10K,SCOWL60_STABLE_2020.12.07+WN3.1
8175,8328,gratitude,-11.7665,1,1,0,0,N,0,0,,,,,0,0,E10K,SCOWL60_STABLE_2020.12.07+WN3.1
8176,8329,griffin,-11.7665,1,1,0,0,N,0,0,,,,,0,0,E10K,SCOWL60_STABLE_2020.12.07+WN3.1
8177,8330,guessing,-11.7665,1,0,1,0,N,0,0,,,,,0,0,E10K,SCOWL60_STABLE_2020.12.07+WN3.1
8178,8331,gum,-11.7665,1,1,0,0,N|V,1,0,um,,,,1,0,E10K,SCOWL60_STABLE_2020.12.07+WN3.1
8179,8332,hail,-11.7665,1,1,0,0,N|V,0,0,,,,,0,0,E10K,SCOWL60_STABLE_2020.12.07+WN3.1
8180,8333,hampshire,-11.7665,0,0,0,0,N,0,0,,,,,0,0,E10K,SCOWL60_STABLE_2020.12.07+WN3.1
8181,8334,hans,-11.7665,0,0,0,0,,0,0,,,,,0,0,E10K,SCOWL60_STABLE_2020.12.07+WN3.1
8182,8335,header,-11.7665,1,1,1,0,N,0,0,,,,,0,0,E10K,SCOWL60_STABLE_2020.12.07+WN3.1
8183,8336,holocaust,-11.7665,1,1,0,0,N,0,0,,,,,0,0,E10K,SCOWL60_STABLE_2020.12.07+WN3.1
8184,8337,honda,-11.7665,0,0,0,0,,0,0,,,,,0,0,E10K,SCOWL60_STABLE_2020.12.07+WN3.1
8185,8338,hungarian,-11.7665,0,0,0,0,N|ADJ,0,0,,,,,0,0,E10K,SCOWL60_STABLE_2020.12.07+WN3.1
8186,8339,immense,-11.7665,1,1,0,0,ADJ,0,0,,,,,0,0,E10K,SCOWL60_STABLE_2020.12.07+WN3.1
8187,8340,imply,-11.7665,1,1,0,0,V,1,1,,,simply,,0,1,E10K,SCOWL60_STABLE_2020.12.07+WN3.1
8188,8341,incentives,-11.7665,1,0,1,0,,1,0,,incentive,,,1,0,E10K,SCOWL60_STABLE_2020.12.07+WN3.1
8189,8342,individually,-11.7665,1,0,1,0,ADV,0,0,,,,,0,0,E10K,SCOWL60_STABLE_2020.12.07+WN3.1
8190,8343,insufficient,-11.7665,1,0,1,0,ADJ,0,0,,,,,0,0,E10K,SCOWL60_STABLE_2020.12.07+WN3.1
8191,8344,ivan,-11.7665,0,0,0,0,,0,0,,,,,0,0,E10K,SCOWL60_STABLE_2020.12.07+WN3.1
8192,8345,journals,-11.7665,1,0,1,0,,1,0,,journal,,,1,0,E10K,SCOWL60_STABLE_2020.12.07+WN3.1
8193,8347,lanka,-11.7665,0,0,0,0,,0,0,,,,,0,0,E10K,SCOWL60_STABLE_2020.12.07+WN3.1
8194,8348,learnt,-11.7665,0,0,0,0,,0,0,,,,,0,0,E10K,SCOWL60_STABLE_2020.12.07+WN3.1
8195,8349,liam,-11.7665,0,0,0,0,,0,0,,,,,0,0,E10K,SCOWL60_STABLE_2020.12.07+WN3.1
8196,8350,locks,-11.7665,1,0,1,0,,1,1,,lock,blocks;clocks,,1,2,E10K,SCOWL60_STABLE_2020.12.07+WN3.1
8197,8351,lynch,-11.7665,1,1,0,0,V,0,0,,,,,0,0,E10K,SCOWL60_STABLE_2020.12.07+WN3.1
8198,8352,manning,-11.7665,1,1,0,0,,0,0,,,,,0,0,E10K,SCOWL60_STABLE_2020.12.07+WN3.1
8199,8353,marshal,-11.7665,1,1,0,0,N|V,0,0,,,,,0,0,E10K,SCOWL60_STABLE_2020.12.07+WN3.1
8200,8354,med,-11.7665,1,0,1,0,N,1,0,ed,me,,,2,0,E10K,SCOWL60_STABLE_2020.12.07+WN3.1
8201,8355,miners,-11.7665,1,0,1,0,,1,0,,miner,,,1,0,E10K,SCOWL60_STABLE_2020.12.07+WN3.1
8202,8356,mint,-11.7665,1,1,0,0,N|V|ADJ,1,0,int,min,,,2,0,E10K,SCOWL60_STABLE_2020.12.07+WN3.1
8203,8357,misleading,-11.7665,1,1,1,0,ADJ,0,0,,,,,0,0,E10K,SCOWL60_STABLE_2020.12.07+WN3.1
8204,8358,modification,-11.7665,1,1,1,0,N,1,1,,,,modifications,0,1,E10K,SCOWL60_STABLE_2020.12.07+WN3.1
8205,8359,molecules,-11.7665,1,0,1,0,,1,0,,molecule,,,1,0,E10K,SCOWL60_STABLE_2020.12.07+WN3.1
8206,8360,molly,-11.7665,1,1,0,0,N,0,0,,,,,0,0,E10K,SCOWL60_STABLE_2020.12.07+WN3.1
8207,8361,mommy,-11.7665,1,1,0,0,N,0,0,,,,,0,0,E10K,SCOWL60_STABLE_2020.12.07+WN3.1
8208,8362,monitors,-11.7665,1,0,1,0,,1,0,,monitor,,,1,0,E10K,SCOWL60_STABLE_2020.12.07+WN3.1
8209,8363,monuments,-11.7665,1,0,1,0,,1,0,,monument,,,1,0,E10K,SCOWL60_STABLE_2020.12.07+WN3.1
8210,8364,muhammad,-11.7665,0,0,0,0,N,0,0,,,,,0,0,E10K,SCOWL60_STABLE_2020.12.07+WN3.1
8211,8365,municipality,-11.7665,1,1,0,0,N,0,0,,,,,0,0,E10K,SCOWL60_STABLE_2020.12.07+WN3.1
8212,8366,nc,-11.7665,0,0,0,0,N,0,0,,,,,0,0,E10K,SCOWL60_STABLE_2020.12.07+WN3.1
8213,8367,newton,-11.7665,1,1,0,0,N,0,0,,,,,0,0,E10K,SCOWL60_STABLE_2020.12.07+WN3.1
8214,8368,nickname,-11.7665,1,1,0,0,N|V,1,1,,,,nicknamed,0,1,E10K,SCOWL60_STABLE_2020.12.07+WN3.1
8215,8369,nobel,-11.7665,0,0,0,0,N,0,0,,,,,0,0,E10K,SCOWL60_STABLE_2020.12.07+WN3.1
8216,8370,overtime,-11.7665,1,1,0,0,N|ADV,0,0,,,,,0,0,E10K,SCOWL60_STABLE_2020.12.07+WN3.1
8217,8371,packaging,-11.7665,1,1,1,0,N,0,0,,,,,0,0,E10K,SCOWL60_STABLE_2020.12.07+WN3.1
8218,8372,papa,-11.7665,1,1,0,0,N,1,1,,pap,,papal,1,1,E10K,SCOWL60_STABLE_2020.12.07+WN3.1
8219,8373,peasants,-11.7665,1,0,1,0,,1,0,,peasant,,,1,0,E10K,SCOWL60_STABLE_2020.12.07+WN3.1
8220,8374,personalities,-11.7665,1,0,1,0,,0,0,,,,,0,0,E10K,SCOWL60_STABLE_2020.12.07+WN3.1
8221,8375,phrases,-11.7665,1,0,1,0,,1,0,,phrase,,,1,0,E10K,SCOWL60_STABLE_2020.12.07+WN3.1
8222,8376,playstation,-11.7665,0,0,0,0,,0,0,,,,,0,0,E10K,SCOWL60_STABLE_2020.12.07+WN3.1
8223,8377,poets,-11.7665,1,0,1,0,,1,0,,poet,,,1,0,E10K,SCOWL60_STABLE_2020.12.07+WN3.1
8224,8378,ra,-11.7665,0,0,0,0,N,0,0,,,,,0,0,E10K,SCOWL60_STABLE_2020.12.07+WN3.1
8225,8379,rains,-11.7665,1,0,1,0,,1,1,,rain,trains;brains;grains;drains,,1,4,E10K,SCOWL60_STABLE_2020.12.07+WN3.1
8226,8380,reliability,-11.7665,1,1,1,0,N,0,0,,,,,0,0,E10K,SCOWL60_STABLE_2020.12.07+WN3.1
8227,8381,renewable,-11.7665,1,0,1,0,ADJ,0,0,,,,,0,0,E10K,SCOWL60_STABLE_2020.12.07+WN3.1
8228,8382,rescued,-11.7665,1,0,1,0,ADJ,1,0,,rescue,,,1,0,E10K,SCOWL60_STABLE_2020.12.07+WN3.1
8229,8383,respondents,-11.7665,1,0,1,0,,1,0,,respondent,,,1,0,E10K,SCOWL60_STABLE_2020.12.07+WN3.1
8230,8384,reunion,-11.7665,1,0,1,0,N,0,0,,,,,0,0,E10K,SCOWL60_STABLE_2020.12.07+WN3.1
8231,8385,rode,-11.7665,1,1,0,0,,1,1,ode,rod,,rodeo,2,1,E10K,SCOWL60_STABLE_2020.12.07+WN3.1
8232,8386,rt,-11.7665,1,1,0,0,,1,1,,,art,,0,1,E10K,SCOWL60_STABLE_2020.12.07+WN3.1
8233,8387,sack,-11.7665,1,1,0,0,N|V,1,1,,sac,,sacks,1,1,E10K,SCOWL60_STABLE_2020.12.07+WN3.1
8234,8388,sampling,-11.7665,1,1,1,0,N,0,0,,,,,0,0,E10K,SCOWL60_STABLE_2020.12.07+WN3.1
8235,8389,scotia,-11.7665,0,0,0,0,,0,0,,,,,0,0,E10K,SCOWL60_STABLE_2020.12.07+WN3.1
8236,8390,seated,-11.7665,1,0,1,0,ADJ,0,0,,,,,0,0,E10K,SCOWL60_STABLE_2020.12.07+WN3.1
8237,8391,sebastian,-11.7665,0,0,0,0,,0,0,,,,,0,0,E10K,SCOWL60_STABLE_2020.12.07+WN3.1
8238,8392,setup,-11.7665,1,1,0,0,N,0,0,,,,,0,0,E10K,SCOWL60_STABLE_2020.12.07+WN3.1
8239,8393,shades,-11.7665,1,0,1,0,N,1,0,,shade,,,1,0,E10K,SCOWL60_STABLE_2020.12.07+WN3.1
8240,8394,shortage,-11.7665,1,1,0,0,N,1,1,,,,shortages,0,1,E10K,SCOWL60_STABLE_2020.12.07+WN3.1
8241,8395,sings,-11.7665,1,0,1,0,,1,0,,sing,,,1,0,E10K,SCOWL60_STABLE_2020.12.07+WN3.1
8242,8396,sophie,-11.7665,0,0,0,0,,0,0,,,,,0,0,E10K,SCOWL60_STABLE_2020.12.07+WN3.1
8243,8397,soundtrack,-11.7665,1,1,0,0,N,0,0,,,,,0,0,E10K,SCOWL60_STABLE_2020.12.07+WN3.1
8244,8398,sperm,-11.7665,1,1,0,0,N,0,0,,,,,0,0,E10K,SCOWL60_STABLE_2020.12.07+WN3.1
8245,8399,squeeze,-11.7665,1,1,0,0,N|V,1,1,,,,squeezed,0,1,E10K,SCOWL60_STABLE_2020.12.07+WN3.1
8246,8400,subjective,-11.7665,1,1,1,0,ADJ,0,0,,,,,0,0,E10K,SCOWL60_STABLE_2020.12.07+WN3.1
8247,8401,subscribe,-11.7665,1,1,0,0,V,1,1,,,,subscribed;subscriber,0,2,E10K,SCOWL60_STABLE_2020.12.07+WN3.1
8248,8402,taxpayer,-11.7665,1,1,0,0,N,1,1,,,,taxpayers,0,1,E10K,SCOWL60_STABLE_2020.12.07+WN3.1
8249,8403,trails,-11.7665,1,0,1,0,,1,0,rails,trail,,,2,0,E10K,SCOWL60_STABLE_2020.12.07+WN3.1
8250,8404,travis,-11.7665,0,0,0,0,,0,0,,,,,0,0,E10K,SCOWL60_STABLE_2020.12.07+WN3.1
8251,8405,upgraded,-11.7665,1,0,1,0,,1,0,,upgrade,,,1,0,E10K,SCOWL60_STABLE_2020.12.07+WN3.1
8252,8406,vegetation,-11.7665,1,1,1,0,N,0,0,,,,,0,0,E10K,SCOWL60_STABLE_2020.12.07+WN3.1
8253,8407,voter,-11.7665,1,1,0,0,N,1,1,,vote,,voters,1,1,E10K,SCOWL60_STABLE_2020.12.07+WN3.1
8254,8408,wholesale,-11.7665,1,1,0,0,N|V|ADJ|ADV,0,0,,,,,0,0,E10K,SCOWL60_STABLE_2020.12.07+WN3.1
8255,8409,wholly,-11.7665,1,1,0,0,ADV,1,0,holly,,,,1,0,E10K,SCOWL60_STABLE_2020.12.07+WN3.1
8256,8410,wifi,-11.7665,0,0,0,0,N,0,0,,,,,0,0,E10K,SCOWL60_STABLE_2020.12.07+WN3.1
8257,8411,woo,-11.7665,1,1,0,0,V,1,1,,,,wood;wool,0,2,E10K,SCOWL60_STABLE_2020.12.07+WN3.1
8258,8412,workout,-11.7665,1,1,0,0,N,1,1,,,,workouts,0,1,E10K,SCOWL60_STABLE_2020.12.07+WN3.1
8259,8413,yu,-11.7665,0,0,0,0,,0,0,,,,,0,0,E10K,SCOWL60_STABLE_2020.12.07+WN3.1
8260,8415,accompany,-11.7887,1,1,0,0,V,0,0,,,,,0,0,E10K,SCOWL60_STABLE_2020.12.07+WN3.1
8261,8416,administrators,-11.7887,1,0,1,0,,1,0,,administrator,,,1,0,E10K,SCOWL60_STABLE_2020.12.07+WN3.1
8262,8417,anatomy,-11.7887,1,1,0,0,N,0,0,,,,,0,0,E10K,SCOWL60_STABLE_2020.12.07+WN3.1
8263,8418,andre,-11.7887,0,0,0,0,,0,0,,,,,0,0,E10K,SCOWL60_STABLE_2020.12.07+WN3.1
8264,8419,appetite,-11.7887,1,1,0,0,N,0,0,,,,,0,0,E10K,SCOWL60_STABLE_2020.12.07+WN3.1
8265,8420,attachment,-11.7887,1,1,1,0,N,1,1,,,,attachments,0,1,E10K,SCOWL60_STABLE_2020.12.07+WN3.1
8266,8421,balloon,-11.7887,1,1,0,0,N|V,1,1,,,,balloons,0,1,E10K,SCOWL60_STABLE_2020.12.07+WN3.1
8267,8422,beautifully,-11.7887,1,0,1,0,ADV,0,0,,,,,0,0,E10K,SCOWL60_STABLE_2020.12.07+WN3.1
8268,8423,berkeley,-11.7887,0,0,0,0,N,0,0,,,,,0,0,E10K,SCOWL60_STABLE_2020.12.07+WN3.1
8269,8424,blah,-11.7887,1,1,0,0,N,0,0,,,,,0,0,E10K,SCOWL60_STABLE_2020.12.07+WN3.1
8270,8425,cables,-11.7887,1,0,1,0,,1,0,,cable,,,1,0,E10K,SCOWL60_STABLE_2020.12.07+WN3.1
8271,8426,casey,-11.7887,0,0,0,0,,0,0,,,,,0,0,E10K,SCOWL60_STABLE_2020.12.07+WN3.1
8272,8427,cellular,-11.7887,1,1,0,0,ADJ,0,0,,,,,0,0,E10K,SCOWL60_STABLE_2020.12.07+WN3.1
8273,8428,churchill,-11.7887,0,0,0,0,N,0,0,,,,,0,0,E10K,SCOWL60_STABLE_2020.12.07+WN3.1
8274,8429,climbed,-11.7887,1,0,1,0,,0,0,,,,,0,0,E10K,SCOWL60_STABLE_2020.12.07+WN3.1
8275,8430,consult,-11.7887,1,1,0,0,V,1,0,,consul,,,1,0,E10K,SCOWL60_STABLE_2020.12.07+WN3.1
8276,8431,curtis,-11.7887,0,0,0,0,N,0,0,,,,,0,0,E10K,SCOWL60_STABLE_2020.12.07+WN3.1
8277,8432,designation,-11.7887,1,1,1,0,N,0,0,,,,,0,0,E10K,SCOWL60_STABLE_2020.12.07+WN3.1
8278,8433,desperately,-11.7887,1,0,1,0,ADV,0,0,,,,,0,0,E10K,SCOWL60_STABLE_2020.12.07+WN3.1
8279,8434,discusses,-11.7887,1,0,1,0,,0,0,,,,,0,0,E10K,SCOWL60_STABLE_2020.12.07+WN3.1
8280,8435,displaced,-11.7887,1,0,1,0,,0,0,,,,,0,0,E10K,SCOWL60_STABLE_2020.12.07+WN3.1
8281,8436,dominate,-11.7887,1,1,0,0,V,1,1,,,,dominated;dominates,0,2,E10K,SCOWL60_STABLE_2020.12.07+WN3.1
8282,8437,ea,-11.7887,1,1,0,0,N,1,1,a,,sea;tea;yea;lea;pea,eat;ear,1,7,E10K,SCOWL60_STABLE_2020.12.07+WN3.1
8283,8438,ebola,-11.7887,0,0,0,0,N,0,0,,,,,0,0,E10K,SCOWL60_STABLE_2020.12.07+WN3.1
8284,8439,educate,-11.7887,1,1,0,0,V,1,1,,,,educated,0,1,E10K,SCOWL60_STABLE_2020.12.07+WN3.1
8285,8440,enabling,-11.7887,1,0,1,0,ADJ,0,0,,,,,0,0,E10K,SCOWL60_STABLE_2020.12.07+WN3.1
8286,8441,envelope,-11.7887,1,1,0,0,N,1,1,,,,envelopes,0,1,E10K,SCOWL60_STABLE_2020.12.07+WN3.1
8287,8442,erected,-11.7887,1,0,1,0,,0,0,,,,,0,0,E10K,SCOWL60_STABLE_2020.12.07+WN3.1
8288,8443,eva,-11.7887,0,0,0,0,,0,0,,,,,0,0,E10K,SCOWL60_STABLE_2020.12.07+WN3.1
8289,8444,exterior,-11.7887,1,1,0,0,N|ADJ,0,0,,,,,0,0,E10K,SCOWL60_STABLE_2020.12.07+WN3.1
8290,8445,fools,-11.7887,1,0,1,0,,1,0,,fool,,,1,0,E10K,SCOWL60_STABLE_2020.12.07+WN3.1
8291,8446,forehead,-11.7887,1,1,0,0,N,0,0,,,,,0,0,E10K,SCOWL60_STABLE_2020.12.07+WN3.1
8292,8447,fountain,-11.7887,1,1,0,0,N,1,1,,,,fountains,0,1,E10K,SCOWL60_STABLE_2020.12.07+WN3.1
8293,8449,frog,-11.7887,1,1,0,0,N|V,1,1,,fro,,frogs,1,1,E10K,SCOWL60_STABLE_2020.12.07+WN3.1
8294,8450,frustrating,-11.7887,1,1,1,0,ADJ,0,0,,,,,0,0,E10K,SCOWL60_STABLE_2020.12.07+WN3.1
8295,8451,gases,-11.7887,1,0,1,0,,0,0,,,,,0,0,E10K,SCOWL60_STABLE_2020.12.07+WN3.1
8296,8452,gasoline,-11.7887,1,1,0,0,N,0,0,,,,,0,0,E10K,SCOWL60_STABLE_2020.12.07+WN3.1
8297,8453,genesis,-11.7887,1,1,0,0,N,0,0,,,,,0,0,E10K,SCOWL60_STABLE_2020.12.07+WN3.1
8298,8454,hardcore,-11.7887,1,1,0,0,ADJ,0,0,,,,,0,0,E10K,SCOWL60_STABLE_2020.12.07+WN3.1
8299,8455,heir,-11.7887,1,1,0,0,N,1,1,,,their,heirs,0,2,E10K,SCOWL60_STABLE_2020.12.07+WN3.1
8300,8456,inheritance,-11.7887,1,1,0,0,N,0,0,,,,,0,0,E10K,SCOWL60_STABLE_2020.12.07+WN3.1
8301,8457,inland,-11.7887,1,1,0,0,ADJ|ADV,0,0,,,,,0,0,E10K,SCOWL60_STABLE_2020.12.07+WN3.1
8302,8458,istanbul,-11.7887,0,0,0,0,N,0,0,,,,,0,0,E10K,SCOWL60_STABLE_2020.12.07+WN3.1
8303,8459,jenny,-11.7887,1,1,0,0,N,0,0,,,,,0,0,E10K,SCOWL60_STABLE_2020.12.07+WN3.1
8304,8460,karma,-11.7887,1,1,0,0,N,0,0,,,,,0,0,E10K,SCOWL60_STABLE_2020.12.07+WN3.1
8305,8461,kurt,-11.7887,0,0,0,0,,0,0,,,,,0,0,E10K,SCOWL60_STABLE_2020.12.07+WN3.1
8306,8462,landmark,-11.7887,1,1,0,0,N,1,1,,,,landmarks,0,1,E10K,SCOWL60_STABLE_2020.12.07+WN3.1
8307,8463,lauren,-11.7887,0,0,0,0,,0,0,,,,,0,0,E10K,SCOWL60_STABLE_2020.12.07+WN3.1
8308,8464,leaning,-11.7887,1,1,1,0,N|ADJ,1,1,,,cleaning,,0,1,E10K,SCOWL60_STABLE_2020.12.07+WN3.1
8309,8465,lending,-11.7887,1,0,1,0,N,1,1,ending,,blending,,1,1,E10K,SCOWL60_STABLE_2020.12.07+WN3.1
8310,8466,liar,-11.7887,1,1,0,0,N,1,1,,,,liars,0,1,E10K,SCOWL60_STABLE_2020.12.07+WN3.1
8311,8467,litigation,-11.7887,1,1,1,0,N,0,0,,,,,0,0,E10K,SCOWL60_STABLE_2020.12.07+WN3.1
8312,8468,lively,-11.7887,1,1,0,0,ADJ,0,0,,,,,0,0,E10K,SCOWL60_STABLE_2020.12.07+WN3.1
8313,8469,locals,-11.7887,1,0,1,0,,1,0,,local,,,1,0,E10K,SCOWL60_STABLE_2020.12.07+WN3.1
8314,8470,locker,-11.7887,1,1,1,0,N,0,0,,,,,0,0,E10K,SCOWL60_STABLE_2020.12.07+WN3.1
8315,8471,lowered,-11.7887,1,0,1,0,ADJ,0,0,,,,,0,0,E10K,SCOWL60_STABLE_2020.12.07+WN3.1
8316,8472,manuscript,-11.7887,1,1,0,0,N,1,1,,,,manuscripts,0,1,E10K,SCOWL60_STABLE_2020.12.07+WN3.1
8317,8473,neighboring,-11.7887,1,0,1,0,ADJ,0,0,,,,,0,0,E10K,SCOWL60_STABLE_2020.12.07+WN3.1
8318,8474,nina,-11.7887,0,0,0,0,N,0,0,,,,,0,0,E10K,SCOWL60_STABLE_2020.12.07+WN3.1
8319,8475,nominee,-11.7887,1,1,0,0,N,1,1,,,,nominees,0,1,E10K,SCOWL60_STABLE_2020.12.07+WN3.1
8320,8476,notices,-11.7887,1,0,1,0,,1,0,,notice,,,1,0,E10K,SCOWL60_STABLE_2020.12.07+WN3.1
8321,8477,objection,-11.7887,1,1,0,0,N,1,1,,,,objections,0,1,E10K,SCOWL60_STABLE_2020.12.07+WN3.1
8322,8478,oversight,-11.7887,1,1,0,0,N,0,0,,,,,0,0,E10K,SCOWL60_STABLE_2020.12.07+WN3.1
8323,8479,pas,-11.7887,1,0,1,0,N,1,1,as,pa,,past;pass,2,2,E10K,SCOWL60_STABLE_2020.12.07+WN3.1
8324,8480,patriots,-11.7887,1,0,1,0,,1,0,,patriot,,,1,0,E10K,SCOWL60_STABLE_2020.12.07+WN3.1
8325,8481,penguin,-11.7887,1,1,0,0,N,1,1,,,,penguins,0,1,E10K,SCOWL60_STABLE_2020.12.07+WN3.1
8326,8482,persuade,-11.7887,1,1,0,0,V,1,1,,,,persuaded,0,1,E10K,SCOWL60_STABLE_2020.12.07+WN3.1
8327,8483,pi,-11.7887,1,1,0,0,N,1,1,i,,,pic;pin;pit;pie;pig;pip,1,6,E10K,SCOWL60_STABLE_2020.12.07+WN3.1
8328,8484,plea,-11.7887,1,1,0,0,N,1,1,lea,,,plead;pleas,1,2,E10K,SCOWL60_STABLE_2020.12.07+WN3.1
8329,8485,po,-11.7887,0,0,0,0,N,0,0,,,,,0,0,E10K,SCOWL60_STABLE_2020.12.07+WN3.1
8330,8486,possessed,-11.7887,1,0,1,0,ADJ,0,0,,,,,0,0,E10K,SCOWL60_STABLE_2020.12.07+WN3.1
8331,8487,prediction,-11.7887,1,1,0,0,N,1,1,,,,predictions,0,1,E10K,SCOWL60_STABLE_2020.12.07+WN3.1
8332,8488,predictions,-11.7887,1,0,1,0,,1,0,,prediction,,,1,0,E10K,SCOWL60_STABLE_2020.12.07+WN3.1
8333,8489,proceeding,-11.7887,1,1,1,0,N,1,1,,,,proceedings,0,1,E10K,SCOWL60_STABLE_2020.12.07+WN3.1
8334,8490,proclaimed,-11.7887,1,0,1,0,ADJ,0,0,,,,,0,0,E10K,SCOWL60_STABLE_2020.12.07+WN3.1
8335,8491,profiles,-11.7887,1,0,1,0,,1,0,,profile,,,1,0,E10K,SCOWL60_STABLE_2020.12.07+WN3.1
8336,8492,psychiatric,-11.7887,1,1,0,0,ADJ,0,0,,,,,0,0,E10K,SCOWL60_STABLE_2020.12.07+WN3.1
8337,8493,qualifications,-11.7887,1,0,1,0,,1,0,,qualification,,,1,0,E10K,SCOWL60_STABLE_2020.12.07+WN3.1
8338,8494,reactor,-11.7887,1,0,1,0,N,1,1,,,,reactors,0,1,E10K,SCOWL60_STABLE_2020.12.07+WN3.1
8339,8495,reinforced,-11.7887,1,0,1,0,ADJ,1,0,,reinforce,,,1,0,E10K,SCOWL60_STABLE_2020.12.07+WN3.1
8340,8496,resurrection,-11.7887,1,1,0,0,N,0,0,,,,,0,0,E10K,SCOWL60_STABLE_2020.12.07+WN3.1
8341,8497,rhetoric,-11.7887,1,1,0,0,N,0,0,,,,,0,0,E10K,SCOWL60_STABLE_2020.12.07+WN3.1
8342,8498,sadness,-11.7887,1,1,1,0,N,0,0,,,,,0,0,E10K,SCOWL60_STABLE_2020.12.07+WN3.1
8343,8499,sci,-11.7887,1,1,0,0,,0,0,,,,,0,0,E10K,SCOWL60_STABLE_2020.12.07+WN3.1
8344,8500,seniors,-11.7887,1,0,1,0,,1,0,,senior,,,1,0,E10K,SCOWL60_STABLE_2020.12.07+WN3.1
8345,8501,sensation,-11.7887,1,1,0,0,N,1,1,,,,sensations,0,1,E10K,SCOWL60_STABLE_2020.12.07+WN3.1
8346,8502,sensors,-11.7887,1,0,1,0,,1,0,,sensor,,,1,0,E10K,SCOWL60_STABLE_2020.12.07+WN3.1
8347,8503,seoul,-11.7887,0,0,0,0,N,0,0,,,,,0,0,E10K,SCOWL60_STABLE_2020.12.07+WN3.1
8348,8504,sequel,-11.7887,1,1,0,0,N,0,0,,,,,0,0,E10K,SCOWL60_STABLE_2020.12.07+WN3.1
8349,8505,sided,-11.7887,1,0,1,0,,1,0,,side,,,1,0,E10K,SCOWL60_STABLE_2020.12.07+WN3.1
8350,8506,silicon,-11.7887,1,1,0,0,N,1,1,,,,silicone,0,1,E10K,SCOWL60_STABLE_2020.12.07+WN3.1
8351,8507,skies,-11.7887,1,0,1,0,,0,0,,,,,0,0,E10K,SCOWL60_STABLE_2020.12.07+WN3.1
8352,8508,skiing,-11.7887,1,1,1,0,N,0,0,,,,,0,0,E10K,SCOWL60_STABLE_2020.12.07+WN3.1
8353,8509,sponsors,-11.7887,1,0,1,0,,1,0,,sponsor,,,1,0,E10K,SCOWL60_STABLE_2020.12.07+WN3.1
8354,8510,spouse,-11.7887,1,1,0,0,N,1,1,,,,spouses,0,1,E10K,SCOWL60_STABLE_2020.12.07+WN3.1
8355,8511,subsidies,-11.7887,1,0,1,0,,0,0,,,,,0,0,E10K,SCOWL60_STABLE_2020.12.07+WN3.1
8356,8512,supporter,-11.7887,1,1,1,0,N,1,1,,,,supporters,0,1,E10K,SCOWL60_STABLE_2020.12.07+WN3.1
8357,8513,sworn,-11.7887,1,1,0,0,ADJ,1,0,worn,,,,1,0,E10K,SCOWL60_STABLE_2020.12.07+WN3.1
8358,8514,tens,-11.7887,1,0,1,0,,1,1,,ten,,tense,1,1,E10K,SCOWL60_STABLE_2020.12.07+WN3.1
8359,8515,terrace,-11.7887,1,1,0,0,N|V,1,1,,,,terraces,0,1,E10K,SCOWL60_STABLE_2020.12.07+WN3.1
8360,8516,towel,-11.7887,1,1,0,0,N|V,1,1,,,,towels,0,1,E10K,SCOWL60_STABLE_2020.12.07+WN3.1
8361,8517,tricky,-11.7887,1,1,0,0,ADJ,1,0,,trick,,,1,0,E10K,SCOWL60_STABLE_2020.12.07+WN3.1
8362,8518,undergo,-11.7887,1,1,0,0,V,0,0,,,,,0,0,E10K,SCOWL60_STABLE_2020.12.07+WN3.1
8363,8519,undoubtedly,-11.7887,1,0,1,0,ADV,0,0,,,,,0,0,E10K,SCOWL60_STABLE_2020.12.07+WN3.1
8364,8520,unified,-11.7887,1,0,1,0,ADJ,0,0,,,,,0,0,E10K,SCOWL60_STABLE_2020.12.07+WN3.1
8365,8521,vocabulary,-11.7887,1,1,0,0,N,0,0,,,,,0,0,E10K,SCOWL60_STABLE_2020.12.07+WN3.1
8366,8522,yale,-11.7887,0,0,0,0,N,0,0,,,,,0,0,E10K,SCOWL60_STABLE_2020.12.07+WN3.1
8367,8523,yearly,-11.7887,1,1,1,0,N|ADJ|ADV,1,0,early,,,,1,0,E10K,SCOWL60_STABLE_2020.12.07+WN3.1
8368,8525,abundance,-11.8127,1,1,0,0,N,0,0,,,,,0,0,E10K,SCOWL60_STABLE_2020.12.07+WN3.1
8369,8526,accessed,-11.8127,1,0,1,0,,0,0,,,,,0,0,E10K,SCOWL60_STABLE_2020.12.07+WN3.1
8370,8527,accountability,-11.8127,1,1,0,0,N,0,0,,,,,0,0,E10K,SCOWL60_STABLE_2020.12.07+WN3.1
8371,8528,affiliated,-11.8127,1,1,1,0,ADJ,1,0,,affiliate,,,1,0,E10K,SCOWL60_STABLE_2020.12.07+WN3.1
8372,8529,aftermath,-11.8127,1,1,0,0,N,0,0,,,,,0,0,E10K,SCOWL60_STABLE_2020.12.07+WN3.1
8373,8530,alley,-11.8127,1,1,0,0,N,1,1,,,valley,,0,1,E10K,SCOWL60_STABLE_2020.12.07+WN3.1
8374,8531,andrews,-11.8127,0,0,0,0,N,0,0,,,,,0,0,E10K,SCOWL60_STABLE_2020.12.07+WN3.1
8375,8532,appealing,-11.8127,1,1,1,0,ADJ,0,0,,,,,0,0,E10K,SCOWL60_STABLE_2020.12.07+WN3.1
8376,8533,arising,-11.8127,1,0,1,0,,1,0,rising,,,,1,0,E10K,SCOWL60_STABLE_2020.12.07+WN3.1
8377,8534,arkansas,-11.8127,0,0,0,0,N,0,0,,,,,0,0,E10K,SCOWL60_STABLE_2020.12.07+WN3.1
8378,8535,assurance,-11.8127,1,1,0,0,N,1,1,,,,assurances,0,1,E10K,SCOWL60_STABLE_2020.12.07+WN3.1
8379,8536,baking,-11.8127,1,0,1,0,N|ADJ,0,0,,,,,0,0,E10K,SCOWL60_STABLE_2020.12.07+WN3.1
8380,8537,biography,-11.8127,1,1,0,0,N,0,0,,,,,0,0,E10K,SCOWL60_STABLE_2020.12.07+WN3.1
8381,8538,bitches,-11.8127,1,0,1,0,,0,0,,,,,0,0,E10K,SCOWL60_STABLE_2020.12.07+WN3.1
8382,8539,blamed,-11.8127,1,0,1,0,ADJ,1,0,,blame,,,1,0,E10K,SCOWL60_STABLE_2020.12.07+WN3.1
8383,8540,blessings,-11.8127,1,0,1,0,,1,0,,blessing,,,1,0,E10K,SCOWL60_STABLE_2020.12.07+WN3.1
8384,8541,brotherhood,-11.8127,1,1,0,0,N,0,0,,,,,0,0,E10K,SCOWL60_STABLE_2020.12.07+WN3.1
8385,8542,bulgarian,-11.8127,0,0,0,0,N|ADJ,0,0,,,,,0,0,E10K,SCOWL60_STABLE_2020.12.07+WN3.1
8386,8543,bury,-11.8127,1,1,0,0,V,0,0,,,,,0,0,E10K,SCOWL60_STABLE_2020.12.07+WN3.1
8387,8544,carnival,-11.8127,1,1,0,0,N,0,0,,,,,0,0,E10K,SCOWL60_STABLE_2020.12.07+WN3.1
8388,8545,cheated,-11.8127,1,0,1,0,,1,0,heated,,,,1,0,E10K,SCOWL60_STABLE_2020.12.07+WN3.1
8389,8546,chess,-11.8127,1,1,0,0,N,0,0,,,,,0,0,E10K,SCOWL60_STABLE_2020.12.07+WN3.1
8390,8547,citing,-11.8127,1,0,1,0,,0,0,,,,,0,0,E10K,SCOWL60_STABLE_2020.12.07+WN3.1
8391,8548,clown,-11.8127,1,1,0,0,N|V,1,1,,,,clowns,0,1,E10K,SCOWL60_STABLE_2020.12.07+WN3.1
8392,8549,collector,-11.8127,1,1,0,0,N,1,1,,,,collectors,0,1,E10K,SCOWL60_STABLE_2020.12.07+WN3.1
8393,8550,combinations,-11.8127,1,0,1,0,,1,0,,combination,,,1,0,E10K,SCOWL60_STABLE_2020.12.07+WN3.1
8394,8551,committing,-11.8127,1,1,0,0,,0,0,,,,,0,0,E10K,SCOWL60_STABLE_2020.12.07+WN3.1
8395,8552,communism,-11.8127,1,1,0,0,N,0,0,,,,,0,0,E10K,SCOWL60_STABLE_2020.12.07+WN3.1
8396,8553,compliment,-11.8127,1,1,0,0,N|V,1,1,,,,compliments,0,1,E10K,SCOWL60_STABLE_2020.12.07+WN3.1
8397,8554,composite,-11.8127,1,1,0,0,N|ADJ,0,0,,,,,0,0,E10K,SCOWL60_STABLE_2020.12.07+WN3.1
8398,8555,confidential,-11.8127,1,1,0,0,ADJ,0,0,,,,,0,0,E10K,SCOWL60_STABLE_2020.12.07+WN3.1
8399,8556,consume,-11.8127,1,1,0,0,V,1,1,,,,consumer;consumed,0,2,E10K,SCOWL60_STABLE_2020.12.07+WN3.1
8400,8557,cr,-11.8127,0,0,0,0,N,0,0,,,,,0,0,E10K,SCOWL60_STABLE_2020.12.07+WN3.1
8401,8558,creep,-11.8127,1,1,0,0,N|V,1,1,,,,creepy;creeps,0,2,E10K,SCOWL60_STABLE_2020.12.07+WN3.1
8402,8559,cunt,-11.8127,1,1,0,1,N,0,0,,,,,0,0,E10K,SCOWL60_STABLE_2020.12.07+WN3.1
8403,8560,debris,-11.8127,1,1,0,0,N,0,0,,,,,0,0,E10K,SCOWL60_STABLE_2020.12.07+WN3.1
8404,8561,demonstrates,-11.8127,1,0,1,0,,1,0,,demonstrate,,,1,0,E10K,SCOWL60_STABLE_2020.12.07+WN3.1
8405,8562,deputies,-11.8127,1,0,1,0,,0,0,,,,,0,0,E10K,SCOWL60_STABLE_2020.12.07+WN3.1
8406,8563,desirable,-11.8127,1,0,1,0,ADJ,0,0,,,,,0,0,E10K,SCOWL60_STABLE_2020.12.07+WN3.1
8407,8564,destructive,-11.8127,1,1,1,0,ADJ,0,0,,,,,0,0,E10K,SCOWL60_STABLE_2020.12.07+WN3.1
8408,8565,directing,-11.8127,1,0,1,0,ADJ,0,0,,,,,0,0,E10K,SCOWL60_STABLE_2020.12.07+WN3.1
8409,8566,dodge,-11.8127,1,1,0,0,N|V,0,0,,,,,0,0,E10K,SCOWL60_STABLE_2020.12.07+WN3.1
8410,8567,doses,-11.8127,1,0,1,0,,1,0,,dose,,,1,0,E10K,SCOWL60_STABLE_2020.12.07+WN3.1
8411,8568,economist,-11.8127,1,1,0,0,N,1,1,,,,economists,0,1,E10K,SCOWL60_STABLE_2020.12.07+WN3.1
8412,8569,encounters,-11.8127,1,0,1,0,,1,0,,encounter,,,1,0,E10K,SCOWL60_STABLE_2020.12.07+WN3.1
8413,8570,enforced,-11.8127,1,1,1,0,ADJ,1,0,,enforce,,,1,0,E10K,SCOWL60_STABLE_2020.12.07+WN3.1
8414,8571,envy,-11.8127,1,1,0,0,N|V,0,0,,,,,0,0,E10K,SCOWL60_STABLE_2020.12.07+WN3.1
8415,8572,essex,-11.8127,0,0,0,0,N,0,0,,,,,0,0,E10K,SCOWL60_STABLE_2020.12.07+WN3.1
8416,8573,exhibited,-11.8127,1,0,1,0,,0,0,,,,,0,0,E10K,SCOWL60_STABLE_2020.12.07+WN3.1
8417,8574,extensively,-11.8127,1,0,1,0,ADV,0,0,,,,,0,0,E10K,SCOWL60_STABLE_2020.12.07+WN3.1
8418,8575,flavor,-11.8127,1,1,0,0,N|V,1,1,,,,flavors,0,1,E10K,SCOWL60_STABLE_2020.12.07+WN3.1
8419,8576,flown,-11.8127,1,1,0,0,,1,0,,flow,,,1,0,E10K,SCOWL60_STABLE_2020.12.07+WN3.1
8420,8577,franco,-11.8127,0,0,0,0,N,0,0,,,,,0,0,E10K,SCOWL60_STABLE_2020.12.07+WN3.1
8421,8578,gandhi,-11.8127,0,0,0,0,N,0,0,,,,,0,0,E10K,SCOWL60_STABLE_2020.12.07+WN3.1
8422,8579,gb,-11.8127,0,0,0,0,N,0,0,,,,,0,0,E10K,SCOWL60_STABLE_2020.12.07+WN3.1
8423,8580,gifted,-11.8127,1,0,1,0,ADJ,0,0,,,,,0,0,E10K,SCOWL60_STABLE_2020.12.07+WN3.1
8424,8581,grind,-11.8127,1,1,0,0,N|V,1,0,,grin,,,1,0,E10K,SCOWL60_STABLE_2020.12.07+WN3.1
8425,8582,hostage,-11.8127,1,1,0,0,N,1,1,,,,hostages,0,1,E10K,SCOWL60_STABLE_2020.12.07+WN3.1
8426,8583,humidity,-11.8127,1,1,0,0,N,0,0,,,,,0,0,E10K,SCOWL60_STABLE_2020.12.07+WN3.1
8427,8584,hype,-11.8127,1,1,0,0,N|V,1,1,,,,hyper;hyped,0,2,E10K,SCOWL60_STABLE_2020.12.07+WN3.1
8428,8585,ibm,-11.8127,0,0,0,0,,0,0,,,,,0,0,E10K,SCOWL60_STABLE_2020.12.07+WN3.1
8429,8586,imprisoned,-11.8127,1,0,1,0,ADJ,0,0,,,,,0,0,E10K,SCOWL60_STABLE_2020.12.07+WN3.1
8430,8587,incidence,-11.8127,1,1,0,0,N,0,0,,,,,0,0,E10K,SCOWL60_STABLE_2020.12.07+WN3.1
8431,8588,inclined,-11.8127,1,0,1,0,ADJ,0,0,,,,,0,0,E10K,SCOWL60_STABLE_2020.12.07+WN3.1
8432,8589,inmates,-11.8127,1,0,1,0,,1,0,,inmate,,,1,0,E10K,SCOWL60_STABLE_2020.12.07+WN3.1
8433,8590,instructed,-11.8127,1,1,1,0,,0,0,,,,,0,0,E10K,SCOWL60_STABLE_2020.12.07+WN3.1
8434,8591,interpret,-11.8127,1,1,0,0,V,0,0,,,,,0,0,E10K,SCOWL60_STABLE_2020.12.07+WN3.1
8435,8592,jar,-11.8127,1,1,0,0,N|V,1,1,,,,jars,0,1,E10K,SCOWL60_STABLE_2020.12.07+WN3.1
8436,8593,junction,-11.8127,1,1,0,0,N,0,0,,,,,0,0,E10K,SCOWL60_STABLE_2020.12.07+WN3.1
8437,8594,ki,-11.8127,0,0,0,0,N,0,0,,,,,0,0,E10K,SCOWL60_STABLE_2020.12.07+WN3.1
8438,8595,lacked,-11.8127,1,0,1,0,,1,1,,,blacked,,0,1,E10K,SCOWL60_STABLE_2020.12.07+WN3.1
8439,8596,launches,-11.8127,1,0,1,0,,0,0,,,,,0,0,E10K,SCOWL60_STABLE_2020.12.07+WN3.1
8440,8597,lb,-11.8127,1,1,0,0,N,1,1,,,,lbs,0,1,E10K,SCOWL60_STABLE_2020.12.07+WN3.1
8441,8598,leagues,-11.8127,1,0,1,0,,1,0,,league,,,1,0,E10K,SCOWL60_STABLE_2020.12.07+WN3.1
8442,8599,lgbt,-11.8127,0,0,0,0,,0,0,,,,,0,0,E10K,SCOWL60_STABLE_2020.12.07+WN3.1
8443,8600,licensing,-11.8127,1,0,1,0,,0,0,,,,,0,0,E10K,SCOWL60_STABLE_2020.12.07+WN3.1
8444,8601,lone,-11.8127,1,1,0,0,ADJ,1,1,one,,alone;clone,,1,2,E10K,SCOWL60_STABLE_2020.12.07+WN3.1
8445,8602,luther,-11.8127,0,0,0,0,N,0,0,,,,,0,0,E10K,SCOWL60_STABLE_2020.12.07+WN3.1
8446,8603,mapping,-11.8127,1,1,0,0,N,0,0,,,,,0,0,E10K,SCOWL60_STABLE_2020.12.07+WN3.1
8447,8604,migrants,-11.8127,1,0,1,0,,1,0,,migrant,,,1,0,E10K,SCOWL60_STABLE_2020.12.07+WN3.1
8448,8605,modeling,-11.8127,1,1,1,0,N,0,0,,,,,0,0,E10K,SCOWL60_STABLE_2020.12.07+WN3.1
8449,8606,naming,-11.8127,1,0,1,0,N|ADJ,0,0,,,,,0,0,E10K,SCOWL60_STABLE_2020.12.07+WN3.1
8450,8607,nashville,-11.8127,0,0,0,0,N,0,0,,,,,0,0,E10K,SCOWL60_STABLE_2020.12.07+WN3.1
8451,8608,ninja,-11.8127,1,1,0,0,N,0,0,,,,,0,0,E10K,SCOWL60_STABLE_2020.12.07+WN3.1
8452,8609,observatory,-11.8127,1,1,0,0,N,0,0,,,,,0,0,E10K,SCOWL60_STABLE_2020.12.07+WN3.1
8453,8610,ou,-11.8127,0,0,0,0,,0,0,,,,,0,0,E10K,SCOWL60_STABLE_2020.12.07+WN3.1
8454,8611,outlets,-11.8127,1,0,1,0,,1,0,,outlet,,,1,0,E10K,SCOWL60_STABLE_2020.12.07+WN3.1
8455,8612,owed,-11.8127,1,0,1,0,,1,1,wed,owe,vowed;towed;bowed,,2,3,E10K,SCOWL60_STABLE_2020.12.07+WN3.1
8456,8613,pioneer,-11.8127,1,1,0,0,N|V,1,1,,,,pioneers,0,1,E10K,SCOWL60_STABLE_2020.12.07+WN3.1
8457,8614,pointless,-11.8127,1,1,0,0,ADJ,0,0,,,,,0,0,E10K,SCOWL60_STABLE_2020.12.07+WN3.1
8458,8615,positively,-11.8127,1,0,1,0,ADV,0,0,,,,,0,0,E10K,SCOWL60_STABLE_2020.12.07+WN3.1
8459,8616,postal,-11.8127,1,1,0,0,ADJ,0,0,,,,,0,0,E10K,SCOWL60_STABLE_2020.12.07+WN3.1
8460,8617,quicker,-11.8127,1,0,1,0,ADV,0,0,,,,,0,0,E10K,SCOWL60_STABLE_2020.12.07+WN3.1
8461,8618,rapper,-11.8127,1,1,0,0,N,1,1,,,,rappers,0,1,E10K,SCOWL60_STABLE_2020.12.07+WN3.1
8462,8619,receipt,-11.8127,1,1,0,0,N|V,1,1,,,,receipts,0,1,E10K,SCOWL60_STABLE_2020.12.07+WN3.1
8463,8620,resting,-11.8127,1,0,1,0,,0,0,,,,,0,0,E10K,SCOWL60_STABLE_2020.12.07+WN3.1
8464,8621,reversed,-11.8127,1,0,1,0,ADJ,1,0,,reverse,,,1,0,E10K,SCOWL60_STABLE_2020.12.07+WN3.1
8465,8622,rex,-11.8127,0,0,0,0,N,0,0,,,,,0,0,E10K,SCOWL60_STABLE_2020.12.07+WN3.1
8466,8623,rico,-11.8127,0,0,0,0,N,0,0,,,,,0,0,E10K,SCOWL60_STABLE_2020.12.07+WN3.1
8467,8624,ronald,-11.8127,0,0,0,0,,0,0,,,,,0,0,E10K,SCOWL60_STABLE_2020.12.07+WN3.1
8468,8625,scenarios,-11.8127,1,0,1,0,,1,0,,scenario,,,1,0,E10K,SCOWL60_STABLE_2020.12.07+WN3.1
8469,8626,seize,-11.8127,1,1,0,0,V,1,1,,,,seized,0,1,E10K,SCOWL60_STABLE_2020.12.07+WN3.1
8470,8627,settlers,-11.8127,1,0,1,0,,0,0,,,,,0,0,E10K,SCOWL60_STABLE_2020.12.07+WN3.1
8471,8628,shaft,-11.8127,1,1,0,0,N|V,1,1,,,,shafts,0,1,E10K,SCOWL60_STABLE_2020.12.07+WN3.1
8472,8629,showcase,-11.8127,1,1,0,0,N,0,0,,,,,0,0,E10K,SCOWL60_STABLE_2020.12.07+WN3.1
8473,8630,slopes,-11.8127,1,0,1,0,,1,0,,slope,,,1,0,E10K,SCOWL60_STABLE_2020.12.07+WN3.1
8474,8631,solomon,-11.8127,0,0,0,0,N,0,0,,,,,0,0,E10K,SCOWL60_STABLE_2020.12.07+WN3.1
8475,8632,sounding,-11.8127,1,1,1,0,N|ADJ,0,0,,,,,0,0,E10K,SCOWL60_STABLE_2020.12.07+WN3.1
8476,8633,specialists,-11.8127,1,0,1,0,,1,0,,specialist,,,1,0,E10K,SCOWL60_STABLE_2020.12.07+WN3.1
8477,8634,spill,-11.8127,1,1,0,0,N|V,1,1,pill,,,spills,1,1,E10K,SCOWL60_STABLE_2020.12.07+WN3.1
8478,8635,steadily,-11.8127,1,1,0,0,ADV,0,0,,,,,0,0,E10K,SCOWL60_STABLE_2020.12.07+WN3.1
8479,8636,swallow,-11.8127,1,1,0,0,N|V,0,0,,,,,0,0,E10K,SCOWL60_STABLE_2020.12.07+WN3.1
8480,8637,tablets,-11.8127,1,0,1,0,,1,0,,tablet,,,1,0,E10K,SCOWL60_STABLE_2020.12.07+WN3.1
8481,8638,therapeutic,-11.8127,1,1,0,0,N|ADJ,0,0,,,,,0,0,E10K,SCOWL60_STABLE_2020.12.07+WN3.1
8482,8639,tomatoes,-11.8127,1,1,0,0,,0,0,,,,,0,0,E10K,SCOWL60_STABLE_2020.12.07+WN3.1
8483,8640,tonnes,-11.8127,1,0,1,0,,1,0,,tonne,,,1,0,E10K,SCOWL60_STABLE_2020.12.07+WN3.1
8484,8641,trek,-11.8127,1,1,0,0,N|V,0,0,,,,,0,0,E10K,SCOWL60_STABLE_2020.12.07+WN3.1
8485,8642,uncommon,-11.8127,1,1,1,0,ADJ,0,0,,,,,0,0,E10K,SCOWL60_STABLE_2020.12.07+WN3.1
8486,8643,vinyl,-11.8127,1,1,0,0,N,0,0,,,,,0,0,E10K,SCOWL60_STABLE_2020.12.07+WN3.1
8487,8644,wagon,-11.8127,1,1,0,0,N,1,1,,,,wagons,0,1,E10K,SCOWL60_STABLE_2020.12.07+WN3.1
8488,8645,wee,-11.8127,1,1,0,0,N|V|ADJ,1,1,,we,,week;weed;weep,1,3,E10K,SCOWL60_STABLE_2020.12.07+WN3.1
8489,8646,zip,-11.8127,1,1,0,0,N|V,0,0,,,,,0,0,E10K,SCOWL60_STABLE_2020.12.07+WN3.1
8490,8648,admits,-11.8359,1,0,1,0,,1,0,,admit,,,1,0,E10K,SCOWL60_STABLE_2020.12.07+WN3.1
8491,8649,affection,-11.8359,1,1,0,0,N,0,0,,,,,0,0,E10K,SCOWL60_STABLE_2020.12.07+WN3.1
8492,8650,amended,-11.8359,1,0,1,0,ADJ,0,0,,,,,0,0,E10K,SCOWL60_STABLE_2020.12.07+WN3.1
8493,8651,analyze,-11.8359,1,1,0,0,V,1,1,,,,analyzed,0,1,E10K,SCOWL60_STABLE_2020.12.07+WN3.1
8494,8652,assassination,-11.8359,1,1,1,0,N,0,0,,,,,0,0,E10K,SCOWL60_STABLE_2020.12.07+WN3.1
8495,8653,assignments,-11.8359,1,0,1,0,,1,0,,assignment,,,1,0,E10K,SCOWL60_STABLE_2020.12.07+WN3.1
8496,8654,automotive,-11.8359,1,1,0,0,ADJ,0,0,,,,,0,0,E10K,SCOWL60_STABLE_2020.12.07+WN3.1
8497,8655,baked,-11.8359,1,1,1,0,ADJ,1,0,,bake,,,1,0,E10K,SCOWL60_STABLE_2020.12.07+WN3.1
8498,8656,bloom,-11.8359,1,1,0,0,N|V,1,1,loom,,,blooms,1,1,E10K,SCOWL60_STABLE_2020.12.07+WN3.1
8499,8657,bmw,-11.8359,0,0,0,0,,0,0,,,,,0,0,E10K,SCOWL60_STABLE_2020.12.07+WN3.1
8500,8658,bosses,-11.8359,1,0,1,0,,0,0,,,,,0,0,E10K,SCOWL60_STABLE_2020.12.07+WN3.1
8501,8659,burke,-11.8359,0,0,0,0,N|V,0,0,,,,,0,0,E10K,SCOWL60_STABLE_2020.12.07+WN3.1
8502,8660,caesar,-11.8359,0,0,0,0,N,0,0,,,,,0,0,E10K,SCOWL60_STABLE_2020.12.07+WN3.1
8503,8661,calvin,-11.8359,0,0,0,0,N,0,0,,,,,0,0,E10K,SCOWL60_STABLE_2020.12.07+WN3.1
8504,8662,canyon,-11.8359,1,1,0,0,N,0,0,,,,,0,0,E10K,SCOWL60_STABLE_2020.12.07+WN3.1
8505,8663,celebrations,-11.8359,1,0,1,0,,1,0,,celebration,,,1,0,E10K,SCOWL60_STABLE_2020.12.07+WN3.1
8506,8664,choir,-11.8359,1,1,0,0,N|V,0,0,,,,,0,0,E10K,SCOWL60_STABLE_2020.12.07+WN3.1
8507,8665,chorus,-11.8359,1,1,0,0,N|V,0,0,,,,,0,0,E10K,SCOWL60_STABLE_2020.12.07+WN3.1
8508,8666,commanding,-11.8359,1,0,1,0,ADJ,0,0,,,,,0,0,E10K,SCOWL60_STABLE_2020.12.07+WN3.1
8509,8667,conception,-11.8359,1,1,0,0,N,0,0,,,,,0,0,E10K,SCOWL60_STABLE_2020.12.07+WN3.1
8510,8668,contractors,-11.8359,1,0,1,0,,1,0,,contractor,,,1,0,E10K,SCOWL60_STABLE_2020.12.07+WN3.1
8511,8669,coordinates,-11.8359,1,0,1,0,,1,0,,coordinate,,,1,0,E10K,SCOWL60_STABLE_2020.12.07+WN3.1
8512,8670,correspondent,-11.8359,1,1,0,0,N|ADJ,1,1,,,,correspondents,0,1,E10K,SCOWL60_STABLE_2020.12.07+WN3.1
8513,8671,cox,-11.8359,1,1,0,0,N|V,1,0,ox,co,,,2,0,E10K,SCOWL60_STABLE_2020.12.07+WN3.1
8514,8672,crosses,-11.8359,1,0,1,0,,0,0,,,,,0,0,E10K,SCOWL60_STABLE_2020.12.07+WN3.1
8515,8673,cube,-11.8359,1,1,0,0,N|V,1,1,,cub,,cubes,1,1,E10K,SCOWL60_STABLE_2020.12.07+WN3.1
8516,8674,damaging,-11.8359,1,0,1,0,ADJ,0,0,,,,,0,0,E10K,SCOWL60_STABLE_2020.12.07+WN3.1
8517,8675,declining,-11.8359,1,0,1,0,,0,0,,,,,0,0,E10K,SCOWL60_STABLE_2020.12.07+WN3.1
8518,8676,dee,-11.8359,0,0,0,0,,0,0,,,,,0,0,E10K,SCOWL60_STABLE_2020.12.07+WN3.1
8519,8677,deeds,-11.8359,1,0,1,0,N,1,0,,deed,,,1,0,E10K,SCOWL60_STABLE_2020.12.07+WN3.1
8520,8678,determines,-11.8359,1,0,1,0,,1,0,,determine,,,1,0,E10K,SCOWL60_STABLE_2020.12.07+WN3.1
8521,8679,diagnostic,-11.8359,1,1,0,0,ADJ,0,0,,,,,0,0,E10K,SCOWL60_STABLE_2020.12.07+WN3.1
8522,8680,disabilities,-11.8359,1,0,1,0,,0,0,,,,,0,0,E10K,SCOWL60_STABLE_2020.12.07+WN3.1
8523,8681,donors,-11.8359,1,0,1,0,,1,0,,donor,,,1,0,E10K,SCOWL60_STABLE_2020.12.07+WN3.1
8524,8682,dudes,-11.8359,1,0,1,0,,1,0,,dude,,,1,0,E10K,SCOWL60_STABLE_2020.12.07+WN3.1
8525,8683,dug,-11.8359,1,1,0,0,N,0,0,,,,,0,0,E10K,SCOWL60_STABLE_2020.12.07+WN3.1
8526,8684,espn,-11.8359,0,0,0,0,,0,0,,,,,0,0,E10K,SCOWL60_STABLE_2020.12.07+WN3.1
8527,8685,eternity,-11.8359,1,1,0,0,N,0,0,,,,,0,0,E10K,SCOWL60_STABLE_2020.12.07+WN3.1
8528,8686,farther,-11.8359,1,1,0,0,ADJ|ADV,0,0,,,,,0,0,E10K,SCOWL60_STABLE_2020.12.07+WN3.1
8529,8687,finances,-11.8359,1,0,1,0,N,1,0,,finance,,,1,0,E10K,SCOWL60_STABLE_2020.12.07+WN3.1
8530,8688,fulfill,-11.8359,1,1,0,0,V,0,0,,,,,0,0,E10K,SCOWL60_STABLE_2020.12.07+WN3.1
8531,8689,gaps,-11.8359,1,0,1,0,,1,0,,gap,,,1,0,E10K,SCOWL60_STABLE_2020.12.07+WN3.1
8532,8690,gilbert,-11.8359,0,0,0,0,N,0,0,,,,,0,0,E10K,SCOWL60_STABLE_2020.12.07+WN3.1
8533,8691,glance,-11.8359,1,1,0,0,N|V,1,0,lance,,,,1,0,E10K,SCOWL60_STABLE_2020.12.07+WN3.1
8534,8692,gregory,-11.8359,0,0,0,0,N,0,0,,,,,0,0,E10K,SCOWL60_STABLE_2020.12.07+WN3.1
8535,8693,hague,-11.8359,0,0,0,0,,0,0,,,,,0,0,E10K,SCOWL60_STABLE_2020.12.07+WN3.1
8536,8694,haunted,-11.8359,1,0,1,0,ADJ,0,0,,,,,0,0,E10K,SCOWL60_STABLE_2020.12.07+WN3.1
8537,8695,hayes,-11.8359,0,0,0,0,N,0,0,,,,,0,0,E10K,SCOWL60_STABLE_2020.12.07+WN3.1
8538,8696,headline,-11.8359,1,1,0,0,N|V,1,1,,,,headlines,0,1,E10K,SCOWL60_STABLE_2020.12.07+WN3.1
8539,8697,heavens,-11.8359,1,1,1,0,N,1,0,,heaven,,,1,0,E10K,SCOWL60_STABLE_2020.12.07+WN3.1
8540,8698,hiking,-11.8359,1,1,1,0,N,0,0,,,,,0,0,E10K,SCOWL60_STABLE_2020.12.07+WN3.1
8541,8699,hooked,-11.8359,1,0,1,0,ADJ,0,0,,,,,0,0,E10K,SCOWL60_STABLE_2020.12.07+WN3.1
8542,8700,hopkins,-11.8359,0,0,0,0,N,0,0,,,,,0,0,E10K,SCOWL60_STABLE_2020.12.07+WN3.1
8543,8701,idk,-11.8359,0,0,0,0,,0,0,,,,,0,0,E10K,SCOWL60_STABLE_2020.12.07+WN3.1
8544,8702,implementing,-11.8359,1,0,1,0,,0,0,,,,,0,0,E10K,SCOWL60_STABLE_2020.12.07+WN3.1
8545,8703,ins,-11.8359,1,0,1,0,N,1,1,,in,wins;sins;pins;fins;bins,,1,5,E10K,SCOWL60_STABLE_2020.12.07+WN3.1
8546,8704,interrupted,-11.8359,1,0,1,0,ADJ,0,0,,,,,0,0,E10K,SCOWL60_STABLE_2020.12.07+WN3.1
8547,8705,investor,-11.8359,1,1,0,0,N,1,1,,,,investors,0,1,E10K,SCOWL60_STABLE_2020.12.07+WN3.1
8548,8706,irony,-11.8359,1,1,0,0,N,1,0,,iron,,,1,0,E10K,SCOWL60_STABLE_2020.12.07+WN3.1
8549,8707,isnt,-11.8359,0,0,0,0,,0,0,,,,,0,0,E10K,SCOWL60_STABLE_2020.12.07+WN3.1
8550,8708,ji,-11.8359,0,0,0,0,N,0,0,,,,,0,0,E10K,SCOWL60_STABLE_2020.12.07+WN3.1
8551,8709,juvenile,-11.8359,1,1,0,0,N|ADJ,0,0,,,,,0,0,E10K,SCOWL60_STABLE_2020.12.07+WN3.1
8552,8710,kenneth,-11.8359,0,0,0,0,,0,0,,,,,0,0,E10K,SCOWL60_STABLE_2020.12.07+WN3.1
8553,8711,knocking,-11.8359,1,0,1,0,N,0,0,,,,,0,0,E10K,SCOWL60_STABLE_2020.12.07+WN3.1
8554,8712,lethal,-11.8359,1,1,0,0,ADJ,0,0,,,,,0,0,E10K,SCOWL60_STABLE_2020.12.07+WN3.1
8555,8713,livestock,-11.8359,1,1,0,0,N,0,0,,,,,0,0,E10K,SCOWL60_STABLE_2020.12.07+WN3.1
8556,8714,marina,-11.8359,1,1,0,0,N,0,0,,,,,0,0,E10K,SCOWL60_STABLE_2020.12.07+WN3.1
8557,8715,maya,-11.8359,0,0,0,0,N,0,0,,,,,0,0,E10K,SCOWL60_STABLE_2020.12.07+WN3.1
8558,8716,merchants,-11.8359,1,0,1,0,,1,0,,merchant,,,1,0,E10K,SCOWL60_STABLE_2020.12.07+WN3.1
8559,8717,miranda,-11.8359,0,0,0,0,,0,0,,,,,0,0,E10K,SCOWL60_STABLE_2020.12.07+WN3.1
8560,8718,moisture,-11.8359,1,1,0,0,N,0,0,,,,,0,0,E10K,SCOWL60_STABLE_2020.12.07+WN3.1
8561,8719,monastery,-11.8359,1,1,0,0,N,0,0,,,,,0,0,E10K,SCOWL60_STABLE_2020.12.07+WN3.1
8562,8720,moss,-11.8359,1,1,0,0,N,1,0,,mos,,,1,0,E10K,SCOWL60_STABLE_2020.12.07+WN3.1
8563,8721,mtv,-11.8359,0,0,0,0,,0,0,,,,,0,0,E10K,SCOWL60_STABLE_2020.12.07+WN3.1
8564,8723,nepal,-11.8359,0,0,0,0,N,0,0,,,,,0,0,E10K,SCOWL60_STABLE_2020.12.07+WN3.1
8565,8724,newer,-11.8359,1,0,1,0,,0,0,,,,,0,0,E10K,SCOWL60_STABLE_2020.12.07+WN3.1
8566,8725,nitrogen,-11.8359,1,1,0,0,N,0,0,,,,,0,0,E10K,SCOWL60_STABLE_2020.12.07+WN3.1
8567,8726,nixon,-11.8359,0,0,0,0,N,0,0,,,,,0,0,E10K,SCOWL60_STABLE_2020.12.07+WN3.1
8568,8727,oval,-11.8359,1,1,0,0,N|ADJ,1,0,val,,,,1,0,E10K,SCOWL60_STABLE_2020.12.07+WN3.1
8569,8728,owing,-11.8359,1,0,1,0,ADJ,1,1,wing,,rowing;towing,,1,2,E10K,SCOWL60_STABLE_2020.12.07+WN3.1
8570,8729,parental,-11.8359,1,1,0,0,ADJ,0,0,,,,,0,0,E10K,SCOWL60_STABLE_2020.12.07+WN3.1
8571,8730,pasta,-11.8359,1,1,0,0,N,1,0,,past,,,1,0,E10K,SCOWL60_STABLE_2020.12.07+WN3.1
8572,8731,peanut,-11.8359,1,1,0,0,N|ADJ,1,1,,,,peanuts,0,1,E10K,SCOWL60_STABLE_2020.12.07+WN3.1
8573,8732,persian,-11.8359,0,0,0,0,N|ADJ,0,0,,,,,0,0,E10K,SCOWL60_STABLE_2020.12.07+WN3.1
8574,8733,pharmaceutical,-11.8359,1,1,0,0,N|ADJ,1,1,,,,pharmaceuticals,0,1,E10K,SCOWL60_STABLE_2020.12.07+WN3.1
8575,8734,pools,-11.8359,1,0,1,0,,1,0,,pool,,,1,0,E10K,SCOWL60_STABLE_2020.12.07+WN3.1
8576,8735,problematic,-11.8359,1,1,0,0,ADJ,0,0,,,,,0,0,E10K,SCOWL60_STABLE_2020.12.07+WN3.1
8577,8736,qualification,-11.8359,1,1,1,0,N,1,1,,,,qualifications,0,1,E10K,SCOWL60_STABLE_2020.12.07+WN3.1
8578,8737,radius,-11.8359,1,1,0,0,N,0,0,,,,,0,0,E10K,SCOWL60_STABLE_2020.12.07+WN3.1
8579,8738,raiders,-11.8359,1,0,1,0,,1,0,,raider,,,1,0,E10K,SCOWL60_STABLE_2020.12.07+WN3.1
8580,8739,rankings,-11.8359,1,0,1,0,,1,0,,ranking,,,1,0,E10K,SCOWL60_STABLE_2020.12.07+WN3.1
8581,8740,recordings,-11.8359,1,0,1,0,,1,0,,recording,,,1,0,E10K,SCOWL60_STABLE_2020.12.07+WN3.1
8582,8741,recreational,-11.8359,1,1,0,0,ADJ,0,0,,,,,0,0,E10K,SCOWL60_STABLE_2020.12.07+WN3.1
8583,8742,relied,-11.8359,1,0,1,0,,0,0,,,,,0,0,E10K,SCOWL60_STABLE_2020.12.07+WN3.1
8584,8743,reluctant,-11.8359,1,1,0,0,ADJ,0,0,,,,,0,0,E10K,SCOWL60_STABLE_2020.12.07+WN3.1
8585,8744,remedy,-11.8359,1,1,0,0,N|V,0,0,,,,,0,0,E10K,SCOWL60_STABLE_2020.12.07+WN3.1
8586,8745,rented,-11.8359,1,0,1,0,,0,0,,,,,0,0,E10K,SCOWL60_STABLE_2020.12.07+WN3.1
8587,8746,reviewing,-11.8359,1,0,1,0,,0,0,,,,,0,0,E10K,SCOWL60_STABLE_2020.12.07+WN3.1
8588,8747,revolt,-11.8359,1,1,1,0,N|V,0,0,,,,,0,0,E10K,SCOWL60_STABLE_2020.12.07+WN3.1
8589,8748,roma,-11.8359,0,0,0,0,N,0,0,,,,,0,0,E10K,SCOWL60_STABLE_2020.12.07+WN3.1
8590,8749,seals,-11.8359,1,0,1,0,,1,0,,seal,,,1,0,E10K,SCOWL60_STABLE_2020.12.07+WN3.1
8591,8750,selecting,-11.8359,1,0,1,0,,1,0,electing,,,,1,0,E10K,SCOWL60_STABLE_2020.12.07+WN3.1
8592,8751,shave,-11.8359,1,1,0,0,N|V,1,1,have,,,shaved,1,1,E10K,SCOWL60_STABLE_2020.12.07+WN3.1
8593,8752,sincerely,-11.8359,1,0,1,0,ADV,0,0,,,,,0,0,E10K,SCOWL60_STABLE_2020.12.07+WN3.1
8594,8753,skirt,-11.8359,1,1,0,0,N|V,1,1,,,,skirts,0,1,E10K,SCOWL60_STABLE_2020.12.07+WN3.1
8595,8754,snakes,-11.8359,1,0,1,0,,1,0,,snake,,,1,0,E10K,SCOWL60_STABLE_2020.12.07+WN3.1
8596,8755,sour,-11.8359,1,1,0,0,N|V|ADJ,1,0,our,,,,1,0,E10K,SCOWL60_STABLE_2020.12.07+WN3.1
8597,8756,specialty,-11.8359,1,1,0,0,N,0,0,,,,,0,0,E10K,SCOWL60_STABLE_2020.12.07+WN3.1
8598,8757,specifications,-11.8359,1,0,1,0,,1,0,,specification,,,1,0,E10K,SCOWL60_STABLE_2020.12.07+WN3.1
8599,8758,stabbed,-11.8359,1,1,0,0,,0,0,,,,,0,0,E10K,SCOWL60_STABLE_2020.12.07+WN3.1
8600,8759,statutory,-11.8359,1,1,0,0,ADJ,0,0,,,,,0,0,E10K,SCOWL60_STABLE_2020.12.07+WN3.1
8601,8760,stretched,-11.8359,1,0,1,0,ADJ,0,0,,,,,0,0,E10K,SCOWL60_STABLE_2020.12.07+WN3.1
8602,8761,structured,-11.8359,1,1,1,0,ADJ,1,0,,structure,,,1,0,E10K,SCOWL60_STABLE_2020.12.07+WN3.1
8603,8762,submissions,-11.8359,1,0,1,0,,1,0,,submission,,,1,0,E10K,SCOWL60_STABLE_2020.12.07+WN3.1
8604,8763,sullivan,-11.8359,0,0,0,0,N,0,0,,,,,0,0,E10K,SCOWL60_STABLE_2020.12.07+WN3.1
8605,8764,sunlight,-11.8359,1,1,0,0,N,0,0,,,,,0,0,E10K,SCOWL60_STABLE_2020.12.07+WN3.1
8606,8765,surprises,-11.8359,1,0,1,0,,1,0,,surprise,,,1,0,E10K,SCOWL60_STABLE_2020.12.07+WN3.1
8607,8766,tags,-11.8359,1,0,1,0,,1,0,,tag,,,1,0,E10K,SCOWL60_STABLE_2020.12.07+WN3.1
8608,8767,teammates,-11.8359,1,0,1,0,,1,0,,teammate,,,1,0,E10K,SCOWL60_STABLE_2020.12.07+WN3.1
8609,8768,terrifying,-11.8359,1,1,1,0,ADJ,0,0,,,,,0,0,E10K,SCOWL60_STABLE_2020.12.07+WN3.1
8610,8769,trademark,-11.8359,1,1,0,0,N|V,0,0,,,,,0,0,E10K,SCOWL60_STABLE_2020.12.07+WN3.1
8611,8770,trevor,-11.8359,0,0,0,0,,0,0,,,,,0,0,E10K,SCOWL60_STABLE_2020.12.07+WN3.1
8612,8771,trinity,-11.8359,1,1,0,0,N,0,0,,,,,0,0,E10K,SCOWL60_STABLE_2020.12.07+WN3.1
8613,8772,trio,-11.8359,1,1,0,0,N,0,0,,,,,0,0,E10K,SCOWL60_STABLE_2020.12.07+WN3.1
8614,8773,uranium,-11.8359,1,1,0,0,N,0,0,,,,,0,0,E10K,SCOWL60_STABLE_2020.12.07+WN3.1
8615,8774,validity,-11.8359,1,1,0,0,N,0,0,,,,,0,0,E10K,SCOWL60_STABLE_2020.12.07+WN3.1
8616,8775,wo,-11.8359,0,0,0,0,,0,0,,,,,0,0,E10K,SCOWL60_STABLE_2020.12.07+WN3.1
8617,8776,wool,-11.8359,1,1,0,0,N,1,0,,woo,,,1,0,E10K,SCOWL60_STABLE_2020.12.07+WN3.1
8618,8777,workshops,-11.8359,1,0,1,0,,1,0,,workshop,,,1,0,E10K,SCOWL60_STABLE_2020.12.07+WN3.1
8619,8779,afghan,-11.8582,1,1,0,0,N|ADJ,0,0,,,,,0,0,E10K,SCOWL60_STABLE_2020.12.07+WN3.1
8620,8780,allocation,-11.8582,1,1,1,0,N,0,0,,,,,0,0,E10K,SCOWL60_STABLE_2020.12.07+WN3.1
8621,8781,alternatively,-11.8582,1,0,1,0,ADV,0,0,,,,,0,0,E10K,SCOWL60_STABLE_2020.12.07+WN3.1
8622,8782,americas,-11.8582,0,0,0,0,,0,0,,,,,0,0,E10K,SCOWL60_STABLE_2020.12.07+WN3.1
8623,8783,anal,-11.8582,1,1,0,0,ADJ,1,1,,,canal,,0,1,E10K,SCOWL60_STABLE_2020.12.07+WN3.1
8624,8784,angles,-11.8582,1,0,1,0,,1,0,,angle,,,1,0,E10K,SCOWL60_STABLE_2020.12.07+WN3.1
8625,8785,apparatus,-11.8582,1,1,0,0,N,0,0,,,,,0,0,E10K,SCOWL60_STABLE_2020.12.07+WN3.1
8626,8786,appealed,-11.8582,1,0,1,0,,0,0,,,,,0,0,E10K,SCOWL60_STABLE_2020.12.07+WN3.1
8627,8787,architects,-11.8582,1,0,1,0,,1,0,,architect,,,1,0,E10K,SCOWL60_STABLE_2020.12.07+WN3.1
8628,8788,arose,-11.8582,1,1,0,0,,1,0,rose,,,,1,0,E10K,SCOWL60_STABLE_2020.12.07+WN3.1
8629,8789,atm,-11.8582,0,0,0,0,N,0,0,,,,,0,0,E10K,SCOWL60_STABLE_2020.12.07+WN3.1
8630,8790,autism,-11.8582,1,1,0,0,N,0,0,,,,,0,0,E10K,SCOWL60_STABLE_2020.12.07+WN3.1
8631,8791,bachelor,-11.8582,1,1,0,0,N|V,0,0,,,,,0,0,E10K,SCOWL60_STABLE_2020.12.07+WN3.1
8632,8792,beth,-11.8582,0,0,0,0,N,0,0,,,,,0,0,E10K,SCOWL60_STABLE_2020.12.07+WN3.1
8633,8793,betting,-11.8582,1,1,0,0,ADJ,0,0,,,,,0,0,E10K,SCOWL60_STABLE_2020.12.07+WN3.1
8634,8794,buddhist,-11.8582,0,0,0,0,N|ADJ,0,0,,,,,0,0,E10K,SCOWL60_STABLE_2020.12.07+WN3.1
8635,8795,chad,-11.8582,1,1,0,0,N,1,0,had,,,,1,0,E10K,SCOWL60_STABLE_2020.12.07+WN3.1
8636,8796,chicks,-11.8582,1,0,1,0,,1,0,hicks,chick,,,2,0,E10K,SCOWL60_STABLE_2020.12.07+WN3.1
8637,8797,coffin,-11.8582,1,1,0,0,N|V,0,0,,,,,0,0,E10K,SCOWL60_STABLE_2020.12.07+WN3.1
8638,8798,commitments,-11.8582,1,0,1,0,,1,0,,commitment,,,1,0,E10K,SCOWL60_STABLE_2020.12.07+WN3.1
8639,8799,concludes,-11.8582,1,0,1,0,,1,0,,conclude,,,1,0,E10K,SCOWL60_STABLE_2020.12.07+WN3.1
8640,8800,consolidated,-11.8582,1,1,1,0,ADJ,1,0,,consolidate,,,1,0,E10K,SCOWL60_STABLE_2020.12.07+WN3.1
8641,8801,constructive,-11.8582,1,1,1,0,ADJ,0,0,,,,,0,0,E10K,SCOWL60_STABLE_2020.12.07+WN3.1
8642,8802,coordinate,-11.8582,1,1,0,0,N|V|ADJ,1,1,,,,coordinates;coordinated,0,2,E10K,SCOWL60_STABLE_2020.12.07+WN3.1
8643,8803,coordinator,-11.8582,1,1,0,0,N,0,0,,,,,0,0,E10K,SCOWL60_STABLE_2020.12.07+WN3.1
8644,8804,covenant,-11.8582,1,1,0,0,N|V,0,0,,,,,0,0,E10K,SCOWL60_STABLE_2020.12.07+WN3.1
8645,8805,cuisine,-11.8582,1,1,0,0,N,0,0,,,,,0,0,E10K,SCOWL60_STABLE_2020.12.07+WN3.1
8646,8806,dances,-11.8582,1,0,1,0,,1,0,,dance,,,1,0,E10K,SCOWL60_STABLE_2020.12.07+WN3.1
8647,8807,def,-11.8582,1,1,1,0,,1,1,,,,defy,0,1,E10K,SCOWL60_STABLE_2020.12.07+WN3.1
8648,8808,dell,-11.8582,1,1,0,0,N,0,0,,,,,0,0,E10K,SCOWL60_STABLE_2020.12.07+WN3.1
8649,8809,destined,-11.8582,1,0,1,0,ADJ,0,0,,,,,0,0,E10K,SCOWL60_STABLE_2020.12.07+WN3.1
8650,8810,dolphins,-11.8582,1,0,1,0,,1,0,,dolphin,,,1,0,E10K,SCOWL60_STABLE_2020.12.07+WN3.1
8651,8811,dos,-11.8582,1,0,1,0,N,1,1,,do,,dose,1,1,E10K,SCOWL60_STABLE_2020.12.07+WN3.1
8652,8812,enrolled,-11.8582,1,0,1,0,,0,0,,,,,0,0,E10K,SCOWL60_STABLE_2020.12.07+WN3.1
8653,8813,evolutionary,-11.8582,1,1,0,0,ADJ,1,1,,,revolutionary,,0,1,E10K,SCOWL60_STABLE_2020.12.07+WN3.1
8654,8814,feminine,-11.8582,1,1,0,0,N|ADJ,0,0,,,,,0,0,E10K,SCOWL60_STABLE_2020.12.07+WN3.1
8655,8815,flee,-11.8582,1,1,0,0,V,1,1,lee,,,fleet,1,1,E10K,SCOWL60_STABLE_2020.12.07+WN3.1
8656,8816,folder,-11.8582,1,1,0,0,N,1,1,older,,,folders,1,1,E10K,SCOWL60_STABLE_2020.12.07+WN3.1
8657,8817,gateway,-11.8582,1,1,0,0,N,0,0,,,,,0,0,E10K,SCOWL60_STABLE_2020.12.07+WN3.1
8658,8818,gf,-11.8582,0,0,0,0,,0,0,,,,,0,0,E10K,SCOWL60_STABLE_2020.12.07+WN3.1
8659,8819,henderson,-11.8582,0,0,0,0,,0,0,,,,,0,0,E10K,SCOWL60_STABLE_2020.12.07+WN3.1
8660,8820,humour,-11.8582,0,0,0,0,N|V,0,0,,,,,0,0,E10K,SCOWL60_STABLE_2020.12.07+WN3.1
8661,8821,innocence,-11.8582,1,1,0,0,N,0,0,,,,,0,0,E10K,SCOWL60_STABLE_2020.12.07+WN3.1
8662,8822,insights,-11.8582,1,0,1,0,,1,0,,insight,,,1,0,E10K,SCOWL60_STABLE_2020.12.07+WN3.1
8663,8823,investigator,-11.8582,1,1,0,0,N,1,1,,,,investigators,0,1,E10K,SCOWL60_STABLE_2020.12.07+WN3.1
8664,8824,inviting,-11.8582,1,1,1,0,ADJ,0,0,,,,,0,0,E10K,SCOWL60_STABLE_2020.12.07+WN3.1
8665,8825,jeffrey,-11.8582,0,0,0,0,,0,0,,,,,0,0,E10K,SCOWL60_STABLE_2020.12.07+WN3.1
8666,8826,labeled,-11.8582,1,1,1,0,ADJ,0,0,,,,,0,0,E10K,SCOWL60_STABLE_2020.12.07+WN3.1
8667,8827,leslie,-11.8582,0,0,0,0,,0,0,,,,,0,0,E10K,SCOWL60_STABLE_2020.12.07+WN3.1
8668,8828,margins,-11.8582,1,0,1,0,,1,0,,margin,,,1,0,E10K,SCOWL60_STABLE_2020.12.07+WN3.1
8669,8829,marsh,-11.8582,1,1,0,0,N,1,0,,mars,,,1,0,E10K,SCOWL60_STABLE_2020.12.07+WN3.1
8670,8831,mentor,-11.8582,1,1,0,0,N|V,1,1,,,,mentors,0,1,E10K,SCOWL60_STABLE_2020.12.07+WN3.1
8671,8832,metre,-11.8582,0,0,0,0,N,0,0,,,,,0,0,E10K,SCOWL60_STABLE_2020.12.07+WN3.1
8672,8833,millennium,-11.8582,1,1,0,0,N,0,0,,,,,0,0,E10K,SCOWL60_STABLE_2020.12.07+WN3.1
8673,8834,mistress,-11.8582,1,1,0,0,N,0,0,,,,,0,0,E10K,SCOWL60_STABLE_2020.12.07+WN3.1
8674,8835,mit,-11.8582,0,0,0,0,N,0,0,,,,,0,0,E10K,SCOWL60_STABLE_2020.12.07+WN3.1
8675,8836,nash,-11.8582,0,0,0,0,N,0,0,,,,,0,0,E10K,SCOWL60_STABLE_2020.12.07+WN3.1
8676,8837,negotiating,-11.8582,1,0,1,0,,0,0,,,,,0,0,E10K,SCOWL60_STABLE_2020.12.07+WN3.1
8677,8838,ng,-11.8582,0,0,0,0,N,0,0,,,,,0,0,E10K,SCOWL60_STABLE_2020.12.07+WN3.1
8678,8840,packs,-11.8582,1,0,1,0,,1,0,,pack,,,1,0,E10K,SCOWL60_STABLE_2020.12.07+WN3.1
8679,8841,pains,-11.8582,1,0,1,0,N,1,0,,pain,,,1,0,E10K,SCOWL60_STABLE_2020.12.07+WN3.1
8680,8842,parked,-11.8582,1,0,1,0,ADJ,1,1,,,sparked,,0,1,E10K,SCOWL60_STABLE_2020.12.07+WN3.1
8681,8843,perth,-11.8582,0,0,0,0,N,0,0,,,,,0,0,E10K,SCOWL60_STABLE_2020.12.07+WN3.1
8682,8844,pillow,-11.8582,1,1,0,0,N|V,1,1,,,,pillows,0,1,E10K,SCOWL60_STABLE_2020.12.07+WN3.1
8683,8845,pouring,-11.8582,1,0,1,0,ADJ,0,0,,,,,0,0,E10K,SCOWL60_STABLE_2020.12.07+WN3.1
8684,8846,practiced,-11.8582,1,1,1,0,ADJ,1,0,,practice,,,1,0,E10K,SCOWL60_STABLE_2020.12.07+WN3.1
8685,8847,predecessor,-11.8582,1,1,0,0,N,1,1,,,,predecessors,0,1,E10K,SCOWL60_STABLE_2020.12.07+WN3.1
8686,8848,predominantly,-11.8582,1,0,1,0,ADV,0,0,,,,,0,0,E10K,SCOWL60_STABLE_2020.12.07+WN3.1
8687,8849,princeton,-11.8582,0,0,0,0,N,0,0,,,,,0,0,E10K,SCOWL60_STABLE_2020.12.07+WN3.1
8688,8850,privileges,-11.8582,1,0,1,0,,1,0,,privilege,,,1,0,E10K,SCOWL60_STABLE_2020.12.07+WN3.1
8689,8851,probable,-11.8582,1,1,1,0,N|ADJ,0,0,,,,,0,0,E10K,SCOWL60_STABLE_2020.12.07+WN3.1
8690,8852,promotional,-11.8582,1,1,0,0,ADJ,0,0,,,,,0,0,E10K,SCOWL60_STABLE_2020.12.07+WN3.1
8691,8853,proposition,-11.8582,1,0,1,0,N|V,0,0,,,,,0,0,E10K,SCOWL60_STABLE_2020.12.07+WN3.1
8692,8854,rainfall,-11.8582,1,1,0,0,N,0,0,,,,,0,0,E10K,SCOWL60_STABLE_2020.12.07+WN3.1
8693,8855,rebuild,-11.8582,1,1,0,0,V,0,0,,,,,0,0,E10K,SCOWL60_STABLE_2020.12.07+WN3.1
8694,8856,refined,-11.8582,1,1,1,0,ADJ,1,0,,refine,,,1,0,E10K,SCOWL60_STABLE_2020.12.07+WN3.1
8695,8857,render,-11.8582,1,1,0,0,N|V,1,1,,,,renders,0,1,E10K,SCOWL60_STABLE_2020.12.07+WN3.1
8696,8858,riley,-11.8582,0,0,0,0,N,0,0,,,,,0,0,E10K,SCOWL60_STABLE_2020.12.07+WN3.1
8697,8859,robertson,-11.8582,0,0,0,0,N,0,0,,,,,0,0,E10K,SCOWL60_STABLE_2020.12.07+WN3.1
8698,8860,rows,-11.8582,1,0,1,0,,1,1,,row,grows;crows;brows,,1,3,E10K,SCOWL60_STABLE_2020.12.07+WN3.1
8699,8861,shields,-11.8582,1,0,1,0,,1,0,,shield,,,1,0,E10K,SCOWL60_STABLE_2020.12.07+WN3.1
8700,8862,sights,-11.8582,1,0,1,0,N,1,0,,sight,,,1,0,E10K,SCOWL60_STABLE_2020.12.07+WN3.1
8701,8863,sincere,-11.8582,1,1,0,0,ADJ,0,0,,,,,0,0,E10K,SCOWL60_STABLE_2020.12.07+WN3.1
8702,8864,smarter,-11.8582,1,0,1,0,,0,0,,,,,0,0,E10K,SCOWL60_STABLE_2020.12.07+WN3.1
8703,8865,sonic,-11.8582,1,1,0,0,ADJ,0,0,,,,,0,0,E10K,SCOWL60_STABLE_2020.12.07+WN3.1
8704,8866,spends,-11.8582,1,0,1,0,,1,0,,spend,,,1,0,E10K,SCOWL60_STABLE_2020.12.07+WN3.1
8705,8867,spine,-11.8582,1,1,0,0,N,1,0,pine,spin,,,2,0,E10K,SCOWL60_STABLE_2020.12.07+WN3.1
8706,8868,spit,-11.8582,1,1,0,0,N|V,1,1,pit,,,spite,1,1,E10K,SCOWL60_STABLE_2020.12.07+WN3.1
8707,8869,spoon,-11.8582,1,1,0,0,N|V,0,0,,,,,0,0,E10K,SCOWL60_STABLE_2020.12.07+WN3.1
8708,8870,stiff,-11.8582,1,1,0,0,N|ADJ|ADV,0,0,,,,,0,0,E10K,SCOWL60_STABLE_2020.12.07+WN3.1
8709,8871,stretching,-11.8582,1,0,1,0,N,0,0,,,,,0,0,E10K,SCOWL60_STABLE_2020.12.07+WN3.1
8710,8872,strips,-11.8582,1,0,1,0,,1,0,trips,strip,,,2,0,E10K,SCOWL60_STABLE_2020.12.07+WN3.1
8711,8873,swap,-11.8582,1,1,0,0,N|V,0,0,,,,,0,0,E10K,SCOWL60_STABLE_2020.12.07+WN3.1
8712,8874,synthesis,-11.8582,1,1,0,0,N,0,0,,,,,0,0,E10K,SCOWL60_STABLE_2020.12.07+WN3.1
8713,8875,teachings,-11.8582,1,0,1,0,,1,0,,teaching,,,1,0,E10K,SCOWL60_STABLE_2020.12.07+WN3.1
8714,8876,telecommunications,-11.8582,1,1,1,0,,0,0,,,,,0,0,E10K,SCOWL60_STABLE_2020.12.07+WN3.1
8715,8877,template,-11.8582,1,1,0,0,N,1,1,,,,templates,0,1,E10K,SCOWL60_STABLE_2020.12.07+WN3.1
8716,8878,tolerate,-11.8582,1,1,0,0,V,1,1,,,,tolerated,0,1,E10K,SCOWL60_STABLE_2020.12.07+WN3.1
8717,8879,tournaments,-11.8582,1,0,1,0,,1,0,,tournament,,,1,0,E10K,SCOWL60_STABLE_2020.12.07+WN3.1
8718,8880,treasurer,-11.8582,1,1,1,0,N,1,0,,treasure,,,1,0,E10K,SCOWL60_STABLE_2020.12.07+WN3.1
8719,8881,triggered,-11.8582,1,0,1,0,,0,0,,,,,0,0,E10K,SCOWL60_STABLE_2020.12.07+WN3.1
8720,8882,tweets,-11.8582,1,0,1,0,,1,0,,tweet,,,1,0,E10K,SCOWL60_STABLE_2020.12.07+WN3.1
8721,8883,uniforms,-11.8582,1,0,1,0,,1,0,,uniform,,,1,0,E10K,SCOWL60_STABLE_2020.12.07+WN3.1
8722,8884,upstairs,-11.8582,1,1,0,0,N|ADJ|ADV,0,0,,,,,0,0,E10K,SCOWL60_STABLE_2020.12.07+WN3.1
8723,8885,urine,-11.8582,1,1,0,0,N,0,0,,,,,0,0,E10K,SCOWL60_STABLE_2020.12.07+WN3.1
8724,8886,utilities,-11.8582,1,0,1,0,,0,0,,,,,0,0,E10K,SCOWL60_STABLE_2020.12.07+WN3.1
8725,8887,vagina,-11.8582,1,1,0,0,N,1,1,,,,vaginal,0,1,E10K,SCOWL60_STABLE_2020.12.07+WN3.1
8726,8888,victories,-11.8582,1,0,1,0,,0,0,,,,,0,0,E10K,SCOWL60_STABLE_2020.12.07+WN3.1
8727,8889,vodka,-11.8582,1,1,0,0,N,0,0,,,,,0,0,E10K,SCOWL60_STABLE_2020.12.07+WN3.1
8728,8890,warnings,-11.8582,1,0,1,0,,1,0,,warning,,,1,0,E10K,SCOWL60_STABLE_2020.12.07+WN3.1
8729,8891,whistle,-11.8582,1,1,0,0,N|V,1,1,,,,whistles,0,1,E10K,SCOWL60_STABLE_2020.12.07+WN3.1
8730,8892,whoa,-11.8582,1,1,0,0,,1,0,,who,,,1,0,E10K,SCOWL60_STABLE_2020.12.07+WN3.1
8731,8893,yell,-11.8582,1,1,0,0,N|V,1,1,,,,yells,0,1,E10K,SCOWL60_STABLE_2020.12.07+WN3.1
8732,8894,accidental,-11.8811,1,1,0,0,N|ADJ,0,0,,,,,0,0,E10K,SCOWL60_STABLE_2020.12.07+WN3.1
8733,8895,acids,-11.8811,1,0,1,0,,1,0,,acid,,,1,0,E10K,SCOWL60_STABLE_2020.12.07+WN3.1
8734,8896,advancement,-11.8811,1,1,1,0,N,0,0,,,,,0,0,E10K,SCOWL60_STABLE_2020.12.07+WN3.1
8735,8897,ag,-11.8811,0,0,0,0,N,0,0,,,,,0,0,E10K,SCOWL60_STABLE_2020.12.07+WN3.1
8736,8898,allergic,-11.8811,1,1,0,0,ADJ,0,0,,,,,0,0,E10K,SCOWL60_STABLE_2020.12.07+WN3.1
8737,8899,allocated,-11.8811,1,0,1,0,,1,0,,allocate,,,1,0,E10K,SCOWL60_STABLE_2020.12.07+WN3.1
8738,8900,amendments,-11.8811,1,0,1,0,,1,0,,amendment,,,1,0,E10K,SCOWL60_STABLE_2020.12.07+WN3.1
8739,8901,amid,-11.8811,1,1,0,0,,1,0,mid,,,,1,0,E10K,SCOWL60_STABLE_2020.12.07+WN3.1
8740,8902,announcing,-11.8811,1,0,1,0,,0,0,,,,,0,0,E10K,SCOWL60_STABLE_2020.12.07+WN3.1
8741,8903,archaeological,-11.8811,1,1,0,0,ADJ,0,0,,,,,0,0,E10K,SCOWL60_STABLE_2020.12.07+WN3.1
8742,8904,beers,-11.8811,1,0,1,0,,1,0,,beer,,,1,0,E10K,SCOWL60_STABLE_2020.12.07+WN3.1
8743,8905,belfast,-11.8811,0,0,0,0,N,0,0,,,,,0,0,E10K,SCOWL60_STABLE_2020.12.07+WN3.1
8744,8906,binary,-11.8811,1,1,0,0,N|ADJ,0,0,,,,,0,0,E10K,SCOWL60_STABLE_2020.12.07+WN3.1
8745,8907,blades,-11.8811,1,0,1,0,,1,0,,blade,,,1,0,E10K,SCOWL60_STABLE_2020.12.07+WN3.1
8746,8908,boris,-11.8811,0,0,0,0,,0,0,,,,,0,0,E10K,SCOWL60_STABLE_2020.12.07+WN3.1
8747,8909,buddha,-11.8811,0,0,0,0,N,0,0,,,,,0,0,E10K,SCOWL60_STABLE_2020.12.07+WN3.1
8748,8910,builder,-11.8811,1,1,1,0,N,1,1,,,,builders,0,1,E10K,SCOWL60_STABLE_2020.12.07+WN3.1
8749,8911,cavalry,-11.8811,1,1,0,0,N,0,0,,,,,0,0,E10K,SCOWL60_STABLE_2020.12.07+WN3.1
8750,8912,censorship,-11.8811,1,1,0,0,N,0,0,,,,,0,0,E10K,SCOWL60_STABLE_2020.12.07+WN3.1
8751,8913,ceremonies,-11.8811,1,0,1,0,,0,0,,,,,0,0,E10K,SCOWL60_STABLE_2020.12.07+WN3.1
8752,8914,certification,-11.8811,1,1,1,0,N,0,0,,,,,0,0,E10K,SCOWL60_STABLE_2020.12.07+WN3.1
8753,8915,classics,-11.8811,1,0,1,0,N,1,0,,classic,,,1,0,E10K,SCOWL60_STABLE_2020.12.07+WN3.1
8754,8916,coconut,-11.8811,1,1,0,0,N,0,0,,,,,0,0,E10K,SCOWL60_STABLE_2020.12.07+WN3.1
8755,8917,commercials,-11.8811,1,0,1,0,,1,0,,commercial,,,1,0,E10K,SCOWL60_STABLE_2020.12.07+WN3.1
8756,8918,competitions,-11.8811,1,0,1,0,,1,0,,competition,,,1,0,E10K,SCOWL60_STABLE_2020.12.07+WN3.1
8757,8919,competitor,-11.8811,1,1,0,0,N,1,1,,,,competitors,0,1,E10K,SCOWL60_STABLE_2020.12.07+WN3.1
8758,8920,composer,-11.8811,1,1,0,0,N,1,1,,compose,,composers,1,1,E10K,SCOWL60_STABLE_2020.12.07+WN3.1
8759,8921,confront,-11.8811,1,0,1,0,V,0,0,,,,,0,0,E10K,SCOWL60_STABLE_2020.12.07+WN3.1
8760,8922,cooperate,-11.8811,1,1,0,0,V,0,0,,,,,0,0,E10K,SCOWL60_STABLE_2020.12.07+WN3.1
8761,8923,crashes,-11.8811,1,0,1,0,,0,0,,,,,0,0,E10K,SCOWL60_STABLE_2020.12.07+WN3.1
8762,8924,crowds,-11.8811,1,0,1,0,,1,0,,crowd,,,1,0,E10K,SCOWL60_STABLE_2020.12.07+WN3.1
8763,8925,cyber,-11.8811,0,0,0,0,,0,0,,,,,0,0,E10K,SCOWL60_STABLE_2020.12.07+WN3.1
8764,8926,darker,-11.8811,1,0,1,0,,0,0,,,,,0,0,E10K,SCOWL60_STABLE_2020.12.07+WN3.1
8765,8927,discovering,-11.8811,1,0,1,0,,0,0,,,,,0,0,E10K,SCOWL60_STABLE_2020.12.07+WN3.1
8766,8928,dodgers,-11.8811,1,0,1,0,,0,0,,,,,0,0,E10K,SCOWL60_STABLE_2020.12.07+WN3.1
8767,8929,dominance,-11.8811,1,1,0,0,N,0,0,,,,,0,0,E10K,SCOWL60_STABLE_2020.12.07+WN3.1
8768,8930,dominican,-11.8811,0,0,0,0,N|ADJ,0,0,,,,,0,0,E10K,SCOWL60_STABLE_2020.12.07+WN3.1
8769,8931,drilling,-11.8811,1,0,1,0,N,0,0,,,,,0,0,E10K,SCOWL60_STABLE_2020.12.07+WN3.1
8770,8932,ds,-11.8811,0,0,0,0,N,0,0,,,,,0,0,E10K,SCOWL60_STABLE_2020.12.07+WN3.1
8771,8934,ecological,-11.8811,1,1,0,0,ADJ,0,0,,,,,0,0,E10K,SCOWL60_STABLE_2020.12.07+WN3.1
8772,8935,editions,-11.8811,1,0,1,0,,1,0,,edition,,,1,0,E10K,SCOWL60_STABLE_2020.12.07+WN3.1
8773,8936,encourages,-11.8811,1,0,1,0,,1,0,,encourage,,,1,0,E10K,SCOWL60_STABLE_2020.12.07+WN3.1
8774,8937,explorer,-11.8811,1,1,1,0,N,1,1,,explore,,explorers,1,1,E10K,SCOWL60_STABLE_2020.12.07+WN3.1
8775,8938,feeds,-11.8811,1,0,1,0,,1,0,,feed,,,1,0,E10K,SCOWL60_STABLE_2020.12.07+WN3.1
8776,8939,ferguson,-11.8811,0,0,0,0,,0,0,,,,,0,0,E10K,SCOWL60_STABLE_2020.12.07+WN3.1
8777,8940,ferrari,-11.8811,0,0,0,0,,0,0,,,,,0,0,E10K,SCOWL60_STABLE_2020.12.07+WN3.1
8778,8941,filters,-11.8811,1,0,1,0,,1,0,,filter,,,1,0,E10K,SCOWL60_STABLE_2020.12.07+WN3.1
8779,8942,fl,-11.8811,1,1,0,0,N,1,1,,,,fly;flu,0,2,E10K,SCOWL60_STABLE_2020.12.07+WN3.1
8780,8943,floyd,-11.8811,0,0,0,0,,0,0,,,,,0,0,E10K,SCOWL60_STABLE_2020.12.07+WN3.1
8781,8944,freeman,-11.8811,1,1,0,0,N,0,0,,,,,0,0,E10K,SCOWL60_STABLE_2020.12.07+WN3.1
8782,8945,fulfilled,-11.8811,1,1,1,0,ADJ,0,0,,,,,0,0,E10K,SCOWL60_STABLE_2020.12.07+WN3.1
8783,8946,grams,-11.8811,1,0,1,0,,1,0,rams,gram,,,2,0,E10K,SCOWL60_STABLE_2020.12.07+WN3.1
8784,8947,halls,-11.8811,1,0,1,0,,1,0,,hall,,,1,0,E10K,SCOWL60_STABLE_2020.12.07+WN3.1
8785,8948,hatch,-11.8811,1,1,0,0,N|V,0,0,,,,,0,0,E10K,SCOWL60_STABLE_2020.12.07+WN3.1
8786,8949,hospitality,-11.8811,1,1,0,0,N,0,0,,,,,0,0,E10K,SCOWL60_STABLE_2020.12.07+WN3.1
8787,8950,imposing,-11.8811,1,1,1,0,ADJ,0,0,,,,,0,0,E10K,SCOWL60_STABLE_2020.12.07+WN3.1
8788,8951,inclusive,-11.8811,1,1,0,0,ADJ,0,0,,,,,0,0,E10K,SCOWL60_STABLE_2020.12.07+WN3.1
8789,8952,inconsistent,-11.8811,1,0,1,0,ADJ,0,0,,,,,0,0,E10K,SCOWL60_STABLE_2020.12.07+WN3.1
8790,8953,joyce,-11.8811,0,0,0,0,N,0,0,,,,,0,0,E10K,SCOWL60_STABLE_2020.12.07+WN3.1
8791,8954,jumps,-11.8811,1,0,1,0,,1,0,,jump,,,1,0,E10K,SCOWL60_STABLE_2020.12.07+WN3.1
8792,8955,lebanese,-11.8811,0,0,0,0,N|ADJ,0,0,,,,,0,0,E10K,SCOWL60_STABLE_2020.12.07+WN3.1
8793,8956,lengthy,-11.8811,1,1,0,0,ADJ,1,0,,length,,,1,0,E10K,SCOWL60_STABLE_2020.12.07+WN3.1
8794,8957,metric,-11.8811,1,1,0,0,N|ADJ,1,1,,,,metrics,0,1,E10K,SCOWL60_STABLE_2020.12.07+WN3.1
8795,8958,mickey,-11.8811,1,1,0,0,N,0,0,,,,,0,0,E10K,SCOWL60_STABLE_2020.12.07+WN3.1
8796,8959,modifications,-11.8811,1,0,1,0,,1,0,,modification,,,1,0,E10K,SCOWL60_STABLE_2020.12.07+WN3.1
8797,8960,monks,-11.8811,1,0,1,0,,1,0,,monk,,,1,0,E10K,SCOWL60_STABLE_2020.12.07+WN3.1
8798,8961,nationally,-11.8811,1,0,1,0,ADV,0,0,,,,,0,0,E10K,SCOWL60_STABLE_2020.12.07+WN3.1
8799,8962,negotiated,-11.8811,1,0,1,0,,1,0,,negotiate,,,1,0,E10K,SCOWL60_STABLE_2020.12.07+WN3.1
8800,8963,nets,-11.8811,1,0,1,0,,1,0,,net,,,1,0,E10K,SCOWL60_STABLE_2020.12.07+WN3.1
8801,8964,nevada,-11.8811,0,0,0,0,N,0,0,,,,,0,0,E10K,SCOWL60_STABLE_2020.12.07+WN3.1
8802,8965,nhs,-11.8811,0,0,0,0,,0,0,,,,,0,0,E10K,SCOWL60_STABLE_2020.12.07+WN3.1
8803,8966,nude,-11.8811,1,1,0,0,N|ADJ,0,0,,,,,0,0,E10K,SCOWL60_STABLE_2020.12.07+WN3.1
8804,8967,occupational,-11.8811,1,1,0,0,ADJ,0,0,,,,,0,0,E10K,SCOWL60_STABLE_2020.12.07+WN3.1
8805,8968,optimistic,-11.8811,1,1,0,0,ADJ,0,0,,,,,0,0,E10K,SCOWL60_STABLE_2020.12.07+WN3.1
8806,8969,originated,-11.8811,1,0,1,0,,1,0,,originate,,,1,0,E10K,SCOWL60_STABLE_2020.12.07+WN3.1
8807,8970,pac,-11.8811,0,0,0,0,N,0,0,,,,,0,0,E10K,SCOWL60_STABLE_2020.12.07+WN3.1
8808,8971,parenting,-11.8811,1,1,1,0,,0,0,,,,,0,0,E10K,SCOWL60_STABLE_2020.12.07+WN3.1
8809,8972,peaks,-11.8811,1,0,1,0,,1,1,,peak,speaks,,1,1,E10K,SCOWL60_STABLE_2020.12.07+WN3.1
8810,8973,performers,-11.8811,1,0,1,0,,1,0,,performer,,,1,0,E10K,SCOWL60_STABLE_2020.12.07+WN3.1
8811,8974,philosopher,-11.8811,1,1,0,0,N,1,1,,,,philosophers,0,1,E10K,SCOWL60_STABLE_2020.12.07+WN3.1
8812,8975,prejudice,-11.8811,1,1,0,0,N|V,1,1,,,,prejudices,0,1,E10K,SCOWL60_STABLE_2020.12.07+WN3.1
8813,8976,prisons,-11.8811,1,0,1,0,,1,0,,prison,,,1,0,E10K,SCOWL60_STABLE_2020.12.07+WN3.1
8814,8977,prolonged,-11.8811,1,0,1,0,ADJ,0,0,,,,,0,0,E10K,SCOWL60_STABLE_2020.12.07+WN3.1
8815,8978,railways,-11.8811,1,0,1,0,,1,0,,railway,,,1,0,E10K,SCOWL60_STABLE_2020.12.07+WN3.1
8816,8979,recruit,-11.8811,1,1,0,0,N|V,1,1,,,,recruits,0,1,E10K,SCOWL60_STABLE_2020.12.07+WN3.1
8817,8980,ref,-11.8811,1,1,1,0,N,1,1,,re,,refs,1,1,E10K,SCOWL60_STABLE_2020.12.07+WN3.1
8818,8981,relay,-11.8811,1,1,1,0,N|V,0,0,,,,,0,0,E10K,SCOWL60_STABLE_2020.12.07+WN3.1
8819,8982,responds,-11.8811,1,0,1,0,,1,0,,respond,,,1,0,E10K,SCOWL60_STABLE_2020.12.07+WN3.1
8820,8983,rifles,-11.8811,1,0,1,0,,1,0,,rifle,,,1,0,E10K,SCOWL60_STABLE_2020.12.07+WN3.1
8821,8984,rom,-11.8811,0,0,0,0,N,0,0,,,,,0,0,E10K,SCOWL60_STABLE_2020.12.07+WN3.1
8822,8985,sands,-11.8811,1,0,1,0,N,1,0,,sand,,,1,0,E10K,SCOWL60_STABLE_2020.12.07+WN3.1
8823,8986,satisfying,-11.8811,1,1,1,0,ADJ,0,0,,,,,0,0,E10K,SCOWL60_STABLE_2020.12.07+WN3.1
8824,8987,selective,-11.8811,1,1,1,0,ADJ,1,0,elective,,,,1,0,E10K,SCOWL60_STABLE_2020.12.07+WN3.1
8825,8988,settling,-11.8811,1,0,1,0,N,0,0,,,,,0,0,E10K,SCOWL60_STABLE_2020.12.07+WN3.1
8826,8989,sherman,-11.8811,0,0,0,0,N,0,0,,,,,0,0,E10K,SCOWL60_STABLE_2020.12.07+WN3.1
8827,8990,showers,-11.8811,1,0,1,0,,1,0,,shower,,,1,0,E10K,SCOWL60_STABLE_2020.12.07+WN3.1
8828,8991,simpler,-11.8811,1,0,1,0,,1,0,,simple,,,1,0,E10K,SCOWL60_STABLE_2020.12.07+WN3.1
8829,8992,slaughter,-11.8811,1,1,0,0,N|V,1,0,laughter,,,,1,0,E10K,SCOWL60_STABLE_2020.12.07+WN3.1
8830,8993,sliding,-11.8811,1,0,1,0,ADJ,0,0,,,,,0,0,E10K,SCOWL60_STABLE_2020.12.07+WN3.1
8831,8994,spice,-11.8811,1,1,0,0,N|V,1,1,,,,spices,0,1,E10K,SCOWL60_STABLE_2020.12.07+WN3.1
8832,8995,staged,-11.8811,1,0,1,0,ADJ,1,0,,stage,,,1,0,E10K,SCOWL60_STABLE_2020.12.07+WN3.1
8833,8996,stall,-11.8811,1,1,0,0,N|V,1,1,tall,,,stalls,1,1,E10K,SCOWL60_STABLE_2020.12.07+WN3.1
8834,8997,striker,-11.8811,1,1,1,0,N,1,1,,strike,,strikers,1,1,E10K,SCOWL60_STABLE_2020.12.07+WN3.1
8835,8998,suburban,-11.8811,1,1,0,0,ADJ,0,0,,,,,0,0,E10K,SCOWL60_STABLE_2020.12.07+WN3.1
8836,8999,supplier,-11.8811,1,1,1,0,N,1,1,,,,suppliers,0,1,E10K,SCOWL60_STABLE_2020.12.07+WN3.1
8837,9000,surroundings,-11.8811,1,1,1,0,N,1,0,,surrounding,,,1,0,E10K,SCOWL60_STABLE_2020.12.07+WN3.1
8838,9001,teddy,-11.8811,1,1,0,0,N,1,0,eddy,,,,1,0,E10K,SCOWL60_STABLE_2020.12.07+WN3.1
8839,9002,tensions,-11.8811,1,0,1,0,,1,0,,tension,,,1,0,E10K,SCOWL60_STABLE_2020.12.07+WN3.1
8840,9003,terminology,-11.8811,1,1,0,0,N,0,0,,,,,0,0,E10K,SCOWL60_STABLE_2020.12.07+WN3.1
8841,9004,testify,-11.8811,1,1,0,0,V,0,0,,,,,0,0,E10K,SCOWL60_STABLE_2020.12.07+WN3.1
8842,9005,theological,-11.8811,1,1,0,0,ADJ,0,0,,,,,0,0,E10K,SCOWL60_STABLE_2020.12.07+WN3.1
8843,9006,tory,-11.8811,0,0,0,0,N,0,0,,,,,0,0,E10K,SCOWL60_STABLE_2020.12.07+WN3.1
8844,9007,toss,-11.8811,1,1,0,0,N|V,0,0,,,,,0,0,E10K,SCOWL60_STABLE_2020.12.07+WN3.1
8845,9008,toyota,-11.8811,0,0,0,0,N,0,0,,,,,0,0,E10K,SCOWL60_STABLE_2020.12.07+WN3.1
8846,9009,translations,-11.8811,1,0,1,0,,1,0,,translation,,,1,0,E10K,SCOWL60_STABLE_2020.12.07+WN3.1
8847,9010,trusts,-11.8811,1,0,1,0,,1,0,,trust,,,1,0,E10K,SCOWL60_STABLE_2020.12.07+WN3.1
8848,9011,tumor,-11.8811,1,1,0,0,N,1,1,,,,tumors,0,1,E10K,SCOWL60_STABLE_2020.12.07+WN3.1
8849,9012,twilight,-11.8811,1,1,0,0,N|ADJ,0,0,,,,,0,0,E10K,SCOWL60_STABLE_2020.12.07+WN3.1
8850,9013,uganda,-11.8811,0,0,0,0,N,0,0,,,,,0,0,E10K,SCOWL60_STABLE_2020.12.07+WN3.1
8851,9014,unprecedented,-11.8811,1,1,0,0,ADJ,0,0,,,,,0,0,E10K,SCOWL60_STABLE_2020.12.07+WN3.1
8852,9016,wheelchair,-11.8811,1,1,0,0,N,0,0,,,,,0,0,E10K,SCOWL60_STABLE_2020.12.07+WN3.1
8853,9017,whiskey,-11.8811,1,1,0,0,N,0,0,,,,,0,0,E10K,SCOWL60_STABLE_2020.12.07+WN3.1
8854,9018,wiped,-11.8811,1,0,1,0,,1,0,,wipe,,,1,0,E10K,SCOWL60_STABLE_2020.12.07+WN3.1
8855,9019,wires,-11.8811,1,0,1,0,,1,0,,wire,,,1,0,E10K,SCOWL60_STABLE_2020.12.07+WN3.1
8856,9020,accountable,-11.9045,1,1,1,0,ADJ,0,0,,,,,0,0,E10K,SCOWL60_STABLE_2020.12.07+WN3.1
8857,9021,ahmed,-11.9045,0,0,0,0,,0,0,,,,,0,0,E10K,SCOWL60_STABLE_2020.12.07+WN3.1
8858,9022,aired,-11.9045,1,0,1,0,ADJ,1,1,,,haired;paired,,0,2,E10K,SCOWL60_STABLE_2020.12.07+WN3.1
8859,9023,amazed,-11.9045,1,0,1,0,ADJ,0,0,,,,,0,0,E10K,SCOWL60_STABLE_2020.12.07+WN3.1
8860,9024,armstrong,-11.9045,0,0,0,0,N,0,0,,,,,0,0,E10K,SCOWL60_STABLE_2020.12.07+WN3.1
8861,9025,awhile,-11.9045,1,1,0,0,ADV,1,0,while,,,,1,0,E10K,SCOWL60_STABLE_2020.12.07+WN3.1
8862,9026,bake,-11.9045,1,1,0,0,V,1,1,,,,baker;baked,0,2,E10K,SCOWL60_STABLE_2020.12.07+WN3.1
8863,9027,battalion,-11.9045,1,1,0,0,N,1,1,,,,battalions,0,1,E10K,SCOWL60_STABLE_2020.12.07+WN3.1
8864,9028,broadly,-11.9045,1,0,1,0,ADV,0,0,,,,,0,0,E10K,SCOWL60_STABLE_2020.12.07+WN3.1
8865,9029,bunny,-11.9045,1,1,0,0,N,0,0,,,,,0,0,E10K,SCOWL60_STABLE_2020.12.07+WN3.1
8866,9031,canceled,-11.9045,1,0,1,0,,0,0,,,,,0,0,E10K,SCOWL60_STABLE_2020.12.07+WN3.1
8867,9032,candle,-11.9045,1,1,0,0,N|V,1,1,,,,candles,0,1,E10K,SCOWL60_STABLE_2020.12.07+WN3.1
8868,9033,capita,-11.9045,0,0,0,0,,0,0,,,,,0,0,E10K,SCOWL60_STABLE_2020.12.07+WN3.1
8869,9034,cereal,-11.9045,1,1,0,0,N|ADJ,1,1,,,,cereals,0,1,E10K,SCOWL60_STABLE_2020.12.07+WN3.1
8870,9035,chooses,-11.9045,1,0,1,0,,1,0,,choose,,,1,0,E10K,SCOWL60_STABLE_2020.12.07+WN3.1
8871,9036,comparative,-11.9045,1,1,0,0,N|ADJ,0,0,,,,,0,0,E10K,SCOWL60_STABLE_2020.12.07+WN3.1
8872,9037,convey,-11.9045,1,1,0,0,V,0,0,,,,,0,0,E10K,SCOWL60_STABLE_2020.12.07+WN3.1
8873,9038,coral,-11.9045,1,1,0,0,N|ADJ,1,0,oral,,,,1,0,E10K,SCOWL60_STABLE_2020.12.07+WN3.1
8874,9039,counterparts,-11.9045,1,0,1,0,,1,0,,counterpart,,,1,0,E10K,SCOWL60_STABLE_2020.12.07+WN3.1
8875,9040,cp,-11.9045,0,0,0,0,,0,0,,,,,0,0,E10K,SCOWL60_STABLE_2020.12.07+WN3.1
8876,9041,curry,-11.9045,1,1,0,0,N|V,0,0,,,,,0,0,E10K,SCOWL60_STABLE_2020.12.07+WN3.1
8877,9042,curves,-11.9045,1,0,1,0,,1,0,,curve,,,1,0,E10K,SCOWL60_STABLE_2020.12.07+WN3.1
8878,9043,cyrus,-11.9045,0,0,0,0,N,0,0,,,,,0,0,E10K,SCOWL60_STABLE_2020.12.07+WN3.1
8879,9044,darwin,-11.9045,0,0,0,0,N,0,0,,,,,0,0,E10K,SCOWL60_STABLE_2020.12.07+WN3.1
8880,9045,defects,-11.9045,1,0,1,0,,1,0,,defect,,,1,0,E10K,SCOWL60_STABLE_2020.12.07+WN3.1
8881,9046,definite,-11.9045,1,1,0,0,ADJ,0,0,,,,,0,0,E10K,SCOWL60_STABLE_2020.12.07+WN3.1
8882,9047,delivers,-11.9045,1,0,1,0,,1,0,,deliver,,,1,0,E10K,SCOWL60_STABLE_2020.12.07+WN3.1
8883,9048,deposited,-11.9045,1,0,1,0,,0,0,,,,,0,0,E10K,SCOWL60_STABLE_2020.12.07+WN3.1
8884,9049,disposition,-11.9045,1,1,1,0,N,0,0,,,,,0,0,E10K,SCOWL60_STABLE_2020.12.07+WN3.1
8885,9050,disturbed,-11.9045,1,1,1,0,ADJ,0,0,,,,,0,0,E10K,SCOWL60_STABLE_2020.12.07+WN3.1
8886,9051,dough,-11.9045,1,1,0,0,N,0,0,,,,,0,0,E10K,SCOWL60_STABLE_2020.12.07+WN3.1
8887,9052,drift,-11.9045,1,1,0,0,N|V,1,0,rift,,,,1,0,E10K,SCOWL60_STABLE_2020.12.07+WN3.1
8888,9053,drone,-11.9045,1,1,0,0,N|V,1,1,,,,drones,0,1,E10K,SCOWL60_STABLE_2020.12.07+WN3.1
8889,9054,elbow,-11.9045,1,1,0,0,N|V,1,1,,,,elbows,0,1,E10K,SCOWL60_STABLE_2020.12.07+WN3.1
8890,9055,enacted,-11.9045,1,0,1,0,,0,0,,,,,0,0,E10K,SCOWL60_STABLE_2020.12.07+WN3.1
8891,9056,endorsed,-11.9045,1,0,1,0,,1,0,,endorse,,,1,0,E10K,SCOWL60_STABLE_2020.12.07+WN3.1
8892,9057,enthusiastic,-11.9045,1,1,0,0,ADJ,0,0,,,,,0,0,E10K,SCOWL60_STABLE_2020.12.07+WN3.1
8893,9058,epidemic,-11.9045,1,1,0,0,N|ADJ,0,0,,,,,0,0,E10K,SCOWL60_STABLE_2020.12.07+WN3.1
8894,9059,evacuation,-11.9045,1,1,1,0,N,0,0,,,,,0,0,E10K,SCOWL60_STABLE_2020.12.07+WN3.1
8895,9060,exclusion,-11.9045,1,1,0,0,N,0,0,,,,,0,0,E10K,SCOWL60_STABLE_2020.12.07+WN3.1
8896,9062,faction,-11.9045,1,1,0,0,N,1,1,action,,,factions,1,1,E10K,SCOWL60_STABLE_2020.12.07+WN3.1
8897,9063,fade,-11.9045,1,1,0,0,N|V,1,1,,,,faded;fades,0,2,E10K,SCOWL60_STABLE_2020.12.07+WN3.1
8898,9064,favorable,-11.9045,1,1,0,0,ADJ,0,0,,,,,0,0,E10K,SCOWL60_STABLE_2020.12.07+WN3.1
8899,9065,fellows,-11.9045,1,0,1,0,,1,0,,fellow,,,1,0,E10K,SCOWL60_STABLE_2020.12.07+WN3.1
8900,9066,font,-11.9045,1,1,0,0,N,1,1,,,,fonts,0,1,E10K,SCOWL60_STABLE_2020.12.07+WN3.1
8901,9067,framed,-11.9045,1,1,1,0,ADJ,1,0,,frame,,,1,0,E10K,SCOWL60_STABLE_2020.12.07+WN3.1
8902,9068,gif,-11.9045,0,0,0,0,,0,0,,,,,0,0,E10K,SCOWL60_STABLE_2020.12.07+WN3.1
8903,9069,gossip,-11.9045,1,1,0,0,N|V,0,0,,,,,0,0,E10K,SCOWL60_STABLE_2020.12.07+WN3.1
8904,9070,grounded,-11.9045,1,0,1,0,,1,0,rounded,,,,1,0,E10K,SCOWL60_STABLE_2020.12.07+WN3.1
8905,9071,hahaha,-11.9045,0,0,0,0,,0,0,,,,,0,0,E10K,SCOWL60_STABLE_2020.12.07+WN3.1
8906,9072,handles,-11.9045,1,0,1,0,,1,0,,handle,,,1,0,E10K,SCOWL60_STABLE_2020.12.07+WN3.1
8907,9073,hardy,-11.9045,1,1,0,0,N|ADJ,1,0,,hard,,,1,0,E10K,SCOWL60_STABLE_2020.12.07+WN3.1
8908,9074,hawk,-11.9045,1,1,0,0,N|V,1,1,,,,hawks,0,1,E10K,SCOWL60_STABLE_2020.12.07+WN3.1
8909,9075,heavier,-11.9045,1,0,1,0,,0,0,,,,,0,0,E10K,SCOWL60_STABLE_2020.12.07+WN3.1
8910,9076,herbert,-11.9045,0,0,0,0,N,0,0,,,,,0,0,E10K,SCOWL60_STABLE_2020.12.07+WN3.1
8911,9077,heroic,-11.9045,1,1,0,0,N|ADJ,0,0,,,,,0,0,E10K,SCOWL60_STABLE_2020.12.07+WN3.1
8912,9078,hike,-11.9045,1,1,0,0,N|V,0,0,,,,,0,0,E10K,SCOWL60_STABLE_2020.12.07+WN3.1
8913,9079,hints,-11.9045,1,0,1,0,,1,0,,hint,,,1,0,E10K,SCOWL60_STABLE_2020.12.07+WN3.1
8914,9080,hobby,-11.9045,1,1,0,0,N,0,0,,,,,0,0,E10K,SCOWL60_STABLE_2020.12.07+WN3.1
8915,9081,holly,-11.9045,1,1,0,0,N,1,1,,,wholly,,0,1,E10K,SCOWL60_STABLE_2020.12.07+WN3.1
8916,9082,hometown,-11.9045,1,1,0,0,N,0,0,,,,,0,0,E10K,SCOWL60_STABLE_2020.12.07+WN3.1
8917,9083,honourable,-11.9045,0,0,0,0,ADJ,0,0,,,,,0,0,E10K,SCOWL60_STABLE_2020.12.07+WN3.1
8918,9084,horns,-11.9045,1,0,1,0,,1,1,,horn,thorns,,1,1,E10K,SCOWL60_STABLE_2020.12.07+WN3.1
8919,9085,html,-11.9045,0,0,0,0,N,0,0,,,,,0,0,E10K,SCOWL60_STABLE_2020.12.07+WN3.1
8920,9086,incorporate,-11.9045,1,1,0,0,V|ADJ,1,1,,,,incorporated;incorporates,0,2,E10K,SCOWL60_STABLE_2020.12.07+WN3.1
8921,9087,incumbent,-11.9045,1,1,0,0,N|ADJ,0,0,,,,,0,0,E10K,SCOWL60_STABLE_2020.12.07+WN3.1
8922,9088,infectious,-11.9045,1,1,0,0,ADJ,0,0,,,,,0,0,E10K,SCOWL60_STABLE_2020.12.07+WN3.1
8923,9089,intersection,-11.9045,1,1,0,0,N,0,0,,,,,0,0,E10K,SCOWL60_STABLE_2020.12.07+WN3.1
8924,9090,killers,-11.9045,1,0,1,0,,1,0,,killer,,,1,0,E10K,SCOWL60_STABLE_2020.12.07+WN3.1
8925,9091,lang,-11.9045,0,0,0,0,,0,0,,,,,0,0,E10K,SCOWL60_STABLE_2020.12.07+WN3.1
8926,9093,maid,-11.9045,1,1,0,0,N,1,0,aid,,,,1,0,E10K,SCOWL60_STABLE_2020.12.07+WN3.1
8927,9094,marker,-11.9045,1,1,0,0,N,1,1,,,,markers,0,1,E10K,SCOWL60_STABLE_2020.12.07+WN3.1
8928,9095,maternal,-11.9045,1,1,0,0,ADJ,0,0,,,,,0,0,E10K,SCOWL60_STABLE_2020.12.07+WN3.1
8929,9096,maurice,-11.9045,0,0,0,0,,0,0,,,,,0,0,E10K,SCOWL60_STABLE_2020.12.07+WN3.1
8930,9097,merchandise,-11.9045,1,1,0,0,N|V,0,0,,,,,0,0,E10K,SCOWL60_STABLE_2020.12.07+WN3.1
8931,9098,messing,-11.9045,1,0,1,0,,0,0,,,,,0,0,E10K,SCOWL60_STABLE_2020.12.07+WN3.1
8932,9099,mirrors,-11.9045,1,0,1,0,,1,0,,mirror,,,1,0,E10K,SCOWL60_STABLE_2020.12.07+WN3.1
8933,9100,mock,-11.9045,1,1,0,0,N|V|ADJ,0,0,,,,,0,0,E10K,SCOWL60_STABLE_2020.12.07+WN3.1
8934,9101,modify,-11.9045,1,1,0,0,V,0,0,,,,,0,0,E10K,SCOWL60_STABLE_2020.12.07+WN3.1
8935,9102,mon,-11.9045,0,0,0,0,N,0,0,,,,,0,0,E10K,SCOWL60_STABLE_2020.12.07+WN3.1
8936,9103,napoleon,-11.9045,1,1,0,0,N,0,0,,,,,0,0,E10K,SCOWL60_STABLE_2020.12.07+WN3.1
8937,9104,narrator,-11.9045,1,1,0,0,N,0,0,,,,,0,0,E10K,SCOWL60_STABLE_2020.12.07+WN3.1
8938,9105,ncaa,-11.9045,0,0,0,0,,0,0,,,,,0,0,E10K,SCOWL60_STABLE_2020.12.07+WN3.1
8939,9106,neighborhoods,-11.9045,1,0,1,0,,1,0,,neighborhood,,,1,0,E10K,SCOWL60_STABLE_2020.12.07+WN3.1
8940,9107,newman,-11.9045,0,0,0,0,N,0,0,,,,,0,0,E10K,SCOWL60_STABLE_2020.12.07+WN3.1
8941,9108,norms,-11.9045,1,0,1,0,,1,0,,norm,,,1,0,E10K,SCOWL60_STABLE_2020.12.07+WN3.1
8942,9109,obesity,-11.9045,1,1,0,0,N,0,0,,,,,0,0,E10K,SCOWL60_STABLE_2020.12.07+WN3.1
8943,9110,obscure,-11.9045,1,1,0,0,V|ADJ,0,0,,,,,0,0,E10K,SCOWL60_STABLE_2020.12.07+WN3.1
8944,9111,obsession,-11.9045,1,1,0,0,N,0,0,,,,,0,0,E10K,SCOWL60_STABLE_2020.12.07+WN3.1
8945,9112,persecution,-11.9045,1,1,1,0,N,0,0,,,,,0,0,E10K,SCOWL60_STABLE_2020.12.07+WN3.1
8946,9113,phenomena,-11.9045,1,1,0,0,,1,1,,,,phenomenal,0,1,E10K,SCOWL60_STABLE_2020.12.07+WN3.1
8947,9114,poisoning,-11.9045,1,1,1,0,N,0,0,,,,,0,0,E10K,SCOWL60_STABLE_2020.12.07+WN3.1
8948,9115,poured,-11.9045,1,0,1,0,,0,0,,,,,0,0,E10K,SCOWL60_STABLE_2020.12.07+WN3.1
8949,9116,powell,-11.9045,0,0,0,0,N,0,0,,,,,0,0,E10K,SCOWL60_STABLE_2020.12.07+WN3.1
8950,9117,primitive,-11.9045,1,1,0,0,N|ADJ,0,0,,,,,0,0,E10K,SCOWL60_STABLE_2020.12.07+WN3.1
8951,9118,prospective,-11.9045,1,1,1,0,ADJ,0,0,,,,,0,0,E10K,SCOWL60_STABLE_2020.12.07+WN3.1
8952,9119,prototype,-11.9045,1,1,0,0,N,1,1,,,,prototypes,0,1,E10K,SCOWL60_STABLE_2020.12.07+WN3.1
8953,9120,putin,-11.9045,0,0,0,0,N,0,0,,,,,0,0,E10K,SCOWL60_STABLE_2020.12.07+WN3.1
8954,9121,quarterback,-11.9045,1,1,0,0,N|V,0,0,,,,,0,0,E10K,SCOWL60_STABLE_2020.12.07+WN3.1
8955,9122,quinn,-11.9045,0,0,0,0,,0,0,,,,,0,0,E10K,SCOWL60_STABLE_2020.12.07+WN3.1
8956,9123,raids,-11.9045,1,0,1,0,,1,0,aids,raid,,,2,0,E10K,SCOWL60_STABLE_2020.12.07+WN3.1
8957,9124,rand,-11.9045,1,1,0,0,N,1,1,and,ran,grand;brand,randy,2,3,E10K,SCOWL60_STABLE_2020.12.07+WN3.1
8958,9125,ranger,-11.9045,1,1,1,0,N,1,1,anger,range,,rangers,2,1,E10K,SCOWL60_STABLE_2020.12.07+WN3.1
8959,9126,realization,-11.9045,1,1,0,0,N,0,0,,,,,0,0,E10K,SCOWL60_STABLE_2020.12.07+WN3.1
8960,9127,reckless,-11.9045,1,1,0,0,ADJ,0,0,,,,,0,0,E10K,SCOWL60_STABLE_2020.12.07+WN3.1
8961,9128,recognizes,-11.9045,1,0,1,0,,1,0,,recognize,,,1,0,E10K,SCOWL60_STABLE_2020.12.07+WN3.1
8962,9129,reconciliation,-11.9045,1,1,1,0,N,0,0,,,,,0,0,E10K,SCOWL60_STABLE_2020.12.07+WN3.1
8963,9130,recruited,-11.9045,1,0,1,0,,0,0,,,,,0,0,E10K,SCOWL60_STABLE_2020.12.07+WN3.1
8964,9131,renewal,-11.9045,1,1,0,0,N,0,0,,,,,0,0,E10K,SCOWL60_STABLE_2020.12.07+WN3.1
8965,9132,repeating,-11.9045,1,1,1,0,N,0,0,,,,,0,0,E10K,SCOWL60_STABLE_2020.12.07+WN3.1
8966,9133,righteous,-11.9045,1,1,0,0,ADJ,0,0,,,,,0,0,E10K,SCOWL60_STABLE_2020.12.07+WN3.1
8967,9134,rooted,-11.9045,1,0,1,0,ADJ,0,0,,,,,0,0,E10K,SCOWL60_STABLE_2020.12.07+WN3.1
8968,9135,rulers,-11.9045,1,0,1,0,,1,0,,ruler,,,1,0,E10K,SCOWL60_STABLE_2020.12.07+WN3.1
8969,9136,salon,-11.9045,1,1,0,0,N,0,0,,,,,0,0,E10K,SCOWL60_STABLE_2020.12.07+WN3.1
8970,9137,saskatchewan,-11.9045,0,0,0,0,N,0,0,,,,,0,0,E10K,SCOWL60_STABLE_2020.12.07+WN3.1
8971,9138,satisfactory,-11.9045,1,1,0,0,ADJ,0,0,,,,,0,0,E10K,SCOWL60_STABLE_2020.12.07+WN3.1
8972,9139,sen,-11.9045,1,0,1,0,N,1,1,en,,,sent;send;sens,1,3,E10K,SCOWL60_STABLE_2020.12.07+WN3.1
8973,9140,seth,-11.9045,0,0,0,0,N,0,0,,,,,0,0,E10K,SCOWL60_STABLE_2020.12.07+WN3.1
8974,9141,sheffield,-11.9045,0,0,0,0,N,0,0,,,,,0,0,E10K,SCOWL60_STABLE_2020.12.07+WN3.1
8975,9142,sickness,-11.9045,1,1,1,0,N,0,0,,,,,0,0,E10K,SCOWL60_STABLE_2020.12.07+WN3.1
8976,9143,sinking,-11.9045,1,0,1,0,N,0,0,,,,,0,0,E10K,SCOWL60_STABLE_2020.12.07+WN3.1
8977,9144,smashed,-11.9045,1,0,1,0,ADJ,1,0,mashed,,,,1,0,E10K,SCOWL60_STABLE_2020.12.07+WN3.1
8978,9145,snack,-11.9045,1,1,0,0,N|V,1,1,,,,snacks,0,1,E10K,SCOWL60_STABLE_2020.12.07+WN3.1
8979,9146,sofa,-11.9045,1,1,0,0,N,0,0,,,,,0,0,E10K,SCOWL60_STABLE_2020.12.07+WN3.1
8980,9147,stripped,-11.9045,1,1,0,0,ADJ,1,0,tripped,,,,1,0,E10K,SCOWL60_STABLE_2020.12.07+WN3.1
8981,9148,sucked,-11.9045,1,0,1,0,,0,0,,,,,0,0,E10K,SCOWL60_STABLE_2020.12.07+WN3.1
8982,9149,ti,-11.9045,1,1,0,0,N,1,1,i,,,tip;tie;til;tin;tit,1,5,E10K,SCOWL60_STABLE_2020.12.07+WN3.1
8983,9150,trent,-11.9045,0,0,0,0,N,0,0,,,,,0,0,E10K,SCOWL60_STABLE_2020.12.07+WN3.1
8984,9151,undertake,-11.9045,1,1,0,0,V,1,1,,,,undertaken,0,1,E10K,SCOWL60_STABLE_2020.12.07+WN3.1
8985,9152,vic,-11.9045,0,0,0,0,,0,0,,,,,0,0,E10K,SCOWL60_STABLE_2020.12.07+WN3.1
8986,9153,villagers,-11.9045,1,0,1,0,,0,0,,,,,0,0,E10K,SCOWL60_STABLE_2020.12.07+WN3.1
8987,9154,villain,-11.9045,1,1,0,0,N,1,1,,,,villains,0,1,E10K,SCOWL60_STABLE_2020.12.07+WN3.1
8988,9155,vince,-11.9045,0,0,0,0,,0,0,,,,,0,0,E10K,SCOWL60_STABLE_2020.12.07+WN3.1
8989,9156,whereby,-11.9045,1,1,0,0,,1,0,hereby,,,,1,0,E10K,SCOWL60_STABLE_2020.12.07+WN3.1
8990,9157,wu,-11.9045,0,0,0,0,N,0,0,,,,,0,0,E10K,SCOWL60_STABLE_2020.12.07+WN3.1
8991,9158,yahoo,-11.9045,1,1,0,0,N,0,0,,,,,0,0,E10K,SCOWL60_STABLE_2020.12.07+WN3.1
8992,9159,absorb,-11.9269,1,1,0,0,V,0,0,,,,,0,0,E10K,SCOWL60_STABLE_2020.12.07+WN3.1
8993,9160,abusive,-11.9269,1,1,1,0,ADJ,0,0,,,,,0,0,E10K,SCOWL60_STABLE_2020.12.07+WN3.1
8994,9161,accusations,-11.9269,1,0,1,0,,1,0,,accusation,,,1,0,E10K,SCOWL60_STABLE_2020.12.07+WN3.1
8995,9162,algeria,-11.9269,0,0,0,0,N,0,0,,,,,0,0,E10K,SCOWL60_STABLE_2020.12.07+WN3.1
8996,9163,ant,-11.9269,1,1,0,0,N,1,1,,an,want;cant;rant,anti;ants;ante,1,6,E10K,SCOWL60_STABLE_2020.12.07+WN3.1
8997,9164,arabs,-11.9269,0,0,0,0,,0,0,,,,,0,0,E10K,SCOWL60_STABLE_2020.12.07+WN3.1
8998,9165,arrows,-11.9269,1,0,1,0,,1,0,,arrow,,,1,0,E10K,SCOWL60_STABLE_2020.12.07+WN3.1
8999,9166,assumes,-11.9269,1,0,1,0,,1,0,,assume,,,1,0,E10K,SCOWL60_STABLE_2020.12.07+WN3.1
9000,9167,axe,-11.9269,0,0,0,0,N|V,0,0,,,,,0,0,E10K,SCOWL60_STABLE_2020.12.07+WN3.1
9001,9168,bald,-11.9269,1,1,0,0,V|ADJ,0,0,,,,,0,0,E10K,SCOWL60_STABLE_2020.12.07+WN3.1
9002,9169,bomber,-11.9269,1,1,1,0,N,1,1,,,,bombers,0,1,E10K,SCOWL60_STABLE_2020.12.07+WN3.1
9003,9170,bryant,-11.9269,0,0,0,0,,0,0,,,,,0,0,E10K,SCOWL60_STABLE_2020.12.07+WN3.1
9004,9171,bully,-11.9269,1,1,0,0,N|V|ADJ,1,0,,bull,,,1,0,E10K,SCOWL60_STABLE_2020.12.07+WN3.1
9005,9172,catalog,-11.9269,1,1,0,0,N|V,0,0,,,,,0,0,E10K,SCOWL60_STABLE_2020.12.07+WN3.1
9006,9173,compensate,-11.9269,1,1,0,0,V,1,1,,,,compensated,0,1,E10K,SCOWL60_STABLE_2020.12.07+WN3.1
9007,9174,conductor,-11.9269,1,1,0,0,N,1,1,,,,conductors,0,1,E10K,SCOWL60_STABLE_2020.12.07+WN3.1
9008,9175,confrontation,-11.9269,1,1,0,0,N,0,0,,,,,0,0,E10K,SCOWL60_STABLE_2020.12.07+WN3.1
9009,9176,costumes,-11.9269,1,0,1,0,,1,0,,costume,,,1,0,E10K,SCOWL60_STABLE_2020.12.07+WN3.1
9010,9177,cowboy,-11.9269,1,1,0,0,N,1,1,,,,cowboys,0,1,E10K,SCOWL60_STABLE_2020.12.07+WN3.1
9011,9178,critically,-11.9269,1,0,1,0,ADV,0,0,,,,,0,0,E10K,SCOWL60_STABLE_2020.12.07+WN3.1
9012,9179,curtain,-11.9269,1,1,0,0,N|V,1,1,,,,curtains,0,1,E10K,SCOWL60_STABLE_2020.12.07+WN3.1
9013,9180,decoration,-11.9269,1,1,1,0,N,1,1,,,,decorations,0,1,E10K,SCOWL60_STABLE_2020.12.07+WN3.1
9014,9181,deliberate,-11.9269,1,1,1,0,V|ADJ,0,0,,,,,0,0,E10K,SCOWL60_STABLE_2020.12.07+WN3.1
9015,9182,depressing,-11.9269,1,1,1,0,ADJ,0,0,,,,,0,0,E10K,SCOWL60_STABLE_2020.12.07+WN3.1
9016,9183,destinations,-11.9269,1,0,1,0,,1,0,,destination,,,1,0,E10K,SCOWL60_STABLE_2020.12.07+WN3.1
9017,9184,devils,-11.9269,1,0,1,0,,1,0,evils,devil,,,2,0,E10K,SCOWL60_STABLE_2020.12.07+WN3.1
9018,9185,disappearance,-11.9269,1,0,1,0,N,0,0,,,,,0,0,E10K,SCOWL60_STABLE_2020.12.07+WN3.1
9019,9186,disclosed,-11.9269,1,1,1,0,ADJ,1,0,,disclose,,,1,0,E10K,SCOWL60_STABLE_2020.12.07+WN3.1
9020,9187,distracted,-11.9269,1,1,1,0,ADJ,0,0,,,,,0,0,E10K,SCOWL60_STABLE_2020.12.07+WN3.1
9021,9188,economists,-11.9269,1,0,1,0,,1,0,,economist,,,1,0,E10K,SCOWL60_STABLE_2020.12.07+WN3.1
9022,9189,eighteen,-11.9269,1,1,0,0,N|ADJ,0,0,,,,,0,0,E10K,SCOWL60_STABLE_2020.12.07+WN3.1
9023,9190,elders,-11.9269,1,0,1,0,,1,0,,elder,,,1,0,E10K,SCOWL60_STABLE_2020.12.07+WN3.1
9024,9191,emergence,-11.9269,1,1,0,0,N,0,0,,,,,0,0,E10K,SCOWL60_STABLE_2020.12.07+WN3.1
9025,9192,evaluated,-11.9269,1,0,1,0,,1,0,,evaluate,,,1,0,E10K,SCOWL60_STABLE_2020.12.07+WN3.1
9026,9193,evolve,-11.9269,1,1,0,0,V,1,1,,,,evolved,0,1,E10K,SCOWL60_STABLE_2020.12.07+WN3.1
9027,9194,exempt,-11.9269,1,1,0,0,V|ADJ,0,0,,,,,0,0,E10K,SCOWL60_STABLE_2020.12.07+WN3.1
9028,9195,explanations,-11.9269,1,0,1,0,,1,0,,explanation,,,1,0,E10K,SCOWL60_STABLE_2020.12.07+WN3.1
9029,9196,extraction,-11.9269,1,1,0,0,N,0,0,,,,,0,0,E10K,SCOWL60_STABLE_2020.12.07+WN3.1
9030,9197,fatty,-11.9269,1,1,0,0,N|ADJ,0,0,,,,,0,0,E10K,SCOWL60_STABLE_2020.12.07+WN3.1
9031,9198,forwards,-11.9269,1,0,1,0,ADV,1,0,,forward,,,1,0,E10K,SCOWL60_STABLE_2020.12.07+WN3.1
9032,9199,frightened,-11.9269,1,0,1,0,ADJ,0,0,,,,,0,0,E10K,SCOWL60_STABLE_2020.12.07+WN3.1
9033,9200,genetics,-11.9269,1,1,1,0,N,1,0,,genetic,,,1,0,E10K,SCOWL60_STABLE_2020.12.07+WN3.1
9034,9201,geological,-11.9269,1,1,0,0,ADJ,0,0,,,,,0,0,E10K,SCOWL60_STABLE_2020.12.07+WN3.1
9035,9202,gibson,-11.9269,0,0,0,0,N,0,0,,,,,0,0,E10K,SCOWL60_STABLE_2020.12.07+WN3.1
9036,9203,glow,-11.9269,1,1,0,0,N|V,1,0,low,,,,1,0,E10K,SCOWL60_STABLE_2020.12.07+WN3.1
9037,9204,halifax,-11.9269,0,0,0,0,N,0,0,,,,,0,0,E10K,SCOWL60_STABLE_2020.12.07+WN3.1
9038,9205,hesitate,-11.9269,1,1,0,0,V,0,0,,,,,0,0,E10K,SCOWL60_STABLE_2020.12.07+WN3.1
9039,9206,hierarchy,-11.9269,1,1,0,0,N,0,0,,,,,0,0,E10K,SCOWL60_STABLE_2020.12.07+WN3.1
9040,9207,hispanic,-11.9269,0,0,0,0,N|ADJ,0,0,,,,,0,0,E10K,SCOWL60_STABLE_2020.12.07+WN3.1
9041,9208,indicators,-11.9269,1,0,1,0,,1,0,,indicator,,,1,0,E10K,SCOWL60_STABLE_2020.12.07+WN3.1
9042,9209,indirectly,-11.9269,1,0,1,0,ADV,0,0,,,,,0,0,E10K,SCOWL60_STABLE_2020.12.07+WN3.1
9043,9210,inferior,-11.9269,1,1,0,0,N|ADJ,0,0,,,,,0,0,E10K,SCOWL60_STABLE_2020.12.07+WN3.1
9044,9211,instinct,-11.9269,1,1,0,0,N|ADJ,1,1,,,,instincts,0,1,E10K,SCOWL60_STABLE_2020.12.07+WN3.1
9045,9212,interval,-11.9269,1,1,0,0,N,1,1,,,,intervals,0,1,E10K,SCOWL60_STABLE_2020.12.07+WN3.1
9046,9213,iso,-11.9269,0,0,0,0,,0,0,,,,,0,0,E10K,SCOWL60_STABLE_2020.12.07+WN3.1
9047,9214,joints,-11.9269,1,0,1,0,,1,0,,joint,,,1,0,E10K,SCOWL60_STABLE_2020.12.07+WN3.1
9048,9215,maiden,-11.9269,1,1,1,0,N|ADJ,0,0,,,,,0,0,E10K,SCOWL60_STABLE_2020.12.07+WN3.1
9049,9216,manipulation,-11.9269,1,1,1,0,N,0,0,,,,,0,0,E10K,SCOWL60_STABLE_2020.12.07+WN3.1
9050,9217,marching,-11.9269,1,0,1,0,N,0,0,,,,,0,0,E10K,SCOWL60_STABLE_2020.12.07+WN3.1
9051,9218,marketplace,-11.9269,1,1,0,0,N,0,0,,,,,0,0,E10K,SCOWL60_STABLE_2020.12.07+WN3.1
9052,9219,merry,-11.9269,1,1,0,0,ADJ,0,0,,,,,0,0,E10K,SCOWL60_STABLE_2020.12.07+WN3.1
9053,9220,methodology,-11.9269,1,1,0,0,N,0,0,,,,,0,0,E10K,SCOWL60_STABLE_2020.12.07+WN3.1
9054,9221,mia,-11.9269,0,0,0,0,,0,0,,,,,0,0,E10K,SCOWL60_STABLE_2020.12.07+WN3.1
9055,9222,miguel,-11.9269,0,0,0,0,,0,0,,,,,0,0,E10K,SCOWL60_STABLE_2020.12.07+WN3.1
9056,9223,milton,-11.9269,0,0,0,0,N,0,0,,,,,0,0,E10K,SCOWL60_STABLE_2020.12.07+WN3.1
9057,9224,minecraft,-11.9269,0,0,0,0,,0,0,,,,,0,0,E10K,SCOWL60_STABLE_2020.12.07+WN3.1
9058,9225,monroe,-11.9269,0,0,0,0,N,0,0,,,,,0,0,E10K,SCOWL60_STABLE_2020.12.07+WN3.1
9059,9226,morrison,-11.9269,0,0,0,0,N,0,0,,,,,0,0,E10K,SCOWL60_STABLE_2020.12.07+WN3.1
9060,9227,mounting,-11.9269,1,1,1,0,N,1,1,,,amounting,,0,1,E10K,SCOWL60_STABLE_2020.12.07+WN3.1
9061,9228,negotiation,-11.9269,1,1,1,0,N,1,1,,,,negotiations,0,1,E10K,SCOWL60_STABLE_2020.12.07+WN3.1
9062,9229,nickel,-11.9269,1,1,0,0,N|V,0,0,,,,,0,0,E10K,SCOWL60_STABLE_2020.12.07+WN3.1
9063,9230,niece,-11.9269,1,1,0,0,N,0,0,,,,,0,0,E10K,SCOWL60_STABLE_2020.12.07+WN3.1
9064,9231,notorious,-11.9269,1,1,0,0,ADJ,0,0,,,,,0,0,E10K,SCOWL60_STABLE_2020.12.07+WN3.1
9065,9232,nursery,-11.9269,1,1,0,0,N,0,0,,,,,0,0,E10K,SCOWL60_STABLE_2020.12.07+WN3.1
9066,9233,offerings,-11.9269,1,0,1,0,,1,0,,offering,,,1,0,E10K,SCOWL60_STABLE_2020.12.07+WN3.1
9067,9234,ooh,-11.9269,1,1,0,0,V,1,0,oh,,,,1,0,E10K,SCOWL60_STABLE_2020.12.07+WN3.1
9068,9235,paulo,-11.9269,0,0,0,0,,0,0,,,,,0,0,E10K,SCOWL60_STABLE_2020.12.07+WN3.1
9069,9236,peel,-11.9269,1,1,0,0,N|V,1,0,,pee,,,1,0,E10K,SCOWL60_STABLE_2020.12.07+WN3.1
9070,9237,pitched,-11.9269,1,0,1,0,ADJ,0,0,,,,,0,0,E10K,SCOWL60_STABLE_2020.12.07+WN3.1
9071,9238,pony,-11.9269,1,1,0,0,N,0,0,,,,,0,0,E10K,SCOWL60_STABLE_2020.12.07+WN3.1
9072,9239,portraits,-11.9269,1,0,1,0,,1,0,,portrait,,,1,0,E10K,SCOWL60_STABLE_2020.12.07+WN3.1
9073,9240,prep,-11.9269,1,1,0,0,N,1,0,rep,,,,1,0,E10K,SCOWL60_STABLE_2020.12.07+WN3.1
9074,9241,priced,-11.9269,1,0,1,0,,1,0,,price,,,1,0,E10K,SCOWL60_STABLE_2020.12.07+WN3.1
9075,9242,privileged,-11.9269,1,1,1,0,ADJ,1,0,,privilege,,,1,0,E10K,SCOWL60_STABLE_2020.12.07+WN3.1
9076,9243,prix,-11.9269,0,0,0,0,,0,0,,,,,0,0,E10K,SCOWL60_STABLE_2020.12.07+WN3.1
9077,9244,prompt,-11.9269,1,1,0,0,N|V|ADJ,1,1,,,,prompts,0,1,E10K,SCOWL60_STABLE_2020.12.07+WN3.1
9078,9245,reliance,-11.9269,1,1,0,0,N,0,0,,,,,0,0,E10K,SCOWL60_STABLE_2020.12.07+WN3.1
9079,9246,reproductive,-11.9269,1,1,0,0,ADJ,0,0,,,,,0,0,E10K,SCOWL60_STABLE_2020.12.07+WN3.1
9080,9247,restriction,-11.9269,1,1,0,0,N,1,1,,,,restrictions,0,1,E10K,SCOWL60_STABLE_2020.12.07+WN3.1
9081,9248,rewarded,-11.9269,1,1,1,0,,0,0,,,,,0,0,E10K,SCOWL60_STABLE_2020.12.07+WN3.1
9082,9249,rhodes,-11.9269,0,0,0,0,N,0,0,,,,,0,0,E10K,SCOWL60_STABLE_2020.12.07+WN3.1
9083,9250,rica,-11.9269,0,0,0,0,,0,0,,,,,0,0,E10K,SCOWL60_STABLE_2020.12.07+WN3.1
9084,9251,salvador,-11.9269,0,0,0,0,N,0,0,,,,,0,0,E10K,SCOWL60_STABLE_2020.12.07+WN3.1
9085,9252,searches,-11.9269,1,0,1,0,,0,0,,,,,0,0,E10K,SCOWL60_STABLE_2020.12.07+WN3.1
9086,9253,serbia,-11.9269,0,0,0,0,N,0,0,,,,,0,0,E10K,SCOWL60_STABLE_2020.12.07+WN3.1
9087,9254,sleeve,-11.9269,1,1,0,0,N,1,1,,,,sleeves,0,1,E10K,SCOWL60_STABLE_2020.12.07+WN3.1
9088,9255,spiral,-11.9269,1,1,0,0,N|V|ADJ,0,0,,,,,0,0,E10K,SCOWL60_STABLE_2020.12.07+WN3.1
9089,9256,stamps,-11.9269,1,0,1,0,,1,0,,stamp,,,1,0,E10K,SCOWL60_STABLE_2020.12.07+WN3.1
9090,9257,starving,-11.9269,1,0,1,0,N|ADJ,0,0,,,,,0,0,E10K,SCOWL60_STABLE_2020.12.07+WN3.1
9091,9258,stems,-11.9269,1,0,1,0,,1,0,,stem,,,1,0,E10K,SCOWL60_STABLE_2020.12.07+WN3.1
9092,9259,stockholm,-11.9269,0,0,0,0,N,0,0,,,,,0,0,E10K,SCOWL60_STABLE_2020.12.07+WN3.1
9093,9260,straightforward,-11.9269,1,1,0,0,ADJ,0,0,,,,,0,0,E10K,SCOWL60_STABLE_2020.12.07+WN3.1
9094,9261,strengthened,-11.9269,1,0,1,0,ADJ,0,0,,,,,0,0,E10K,SCOWL60_STABLE_2020.12.07+WN3.1
9095,9262,strengths,-11.9269,1,1,0,0,,1,0,,strength,,,1,0,E10K,SCOWL60_STABLE_2020.12.07+WN3.1
9096,9263,switches,-11.9269,1,0,1,0,,1,0,witches,,,,1,0,E10K,SCOWL60_STABLE_2020.12.07+WN3.1
9097,9264,tapes,-11.9269,1,0,1,0,,1,0,apes,tape,,,2,0,E10K,SCOWL60_STABLE_2020.12.07+WN3.1
9098,9265,theres,-11.9269,0,0,0,0,,0,0,,,,,0,0,E10K,SCOWL60_STABLE_2020.12.07+WN3.1
9099,9266,tomato,-11.9269,1,1,0,0,N,0,0,,,,,0,0,E10K,SCOWL60_STABLE_2020.12.07+WN3.1
9100,9267,tortured,-11.9269,1,0,1,0,ADJ,1,0,,torture,,,1,0,E10K,SCOWL60_STABLE_2020.12.07+WN3.1
9101,9268,touring,-11.9269,1,0,1,0,,0,0,,,,,0,0,E10K,SCOWL60_STABLE_2020.12.07+WN3.1
9102,9269,tunnels,-11.9269,1,0,1,0,,1,0,,tunnel,,,1,0,E10K,SCOWL60_STABLE_2020.12.07+WN3.1
9103,9270,turnover,-11.9269,1,1,0,0,N,0,0,,,,,0,0,E10K,SCOWL60_STABLE_2020.12.07+WN3.1
9104,9271,unchanged,-11.9269,1,0,1,0,ADJ,0,0,,,,,0,0,E10K,SCOWL60_STABLE_2020.12.07+WN3.1
9105,9272,username,-11.9269,1,1,0,0,,0,0,,,,,0,0,E10K,SCOWL60_STABLE_2020.12.07+WN3.1
9106,9273,vain,-11.9269,1,1,0,0,ADJ,0,0,,,,,0,0,E10K,SCOWL60_STABLE_2020.12.07+WN3.1
9107,9274,vault,-11.9269,1,1,0,0,N|V,0,0,,,,,0,0,E10K,SCOWL60_STABLE_2020.12.07+WN3.1
9108,9275,venues,-11.9269,1,0,1,0,,1,1,,venue,avenues,,1,1,E10K,SCOWL60_STABLE_2020.12.07+WN3.1
9109,9276,venus,-11.9269,0,0,0,0,N,0,0,,,,,0,0,E10K,SCOWL60_STABLE_2020.12.07+WN3.1
9110,9277,vicious,-11.9269,1,1,0,0,ADJ,0,0,,,,,0,0,E10K,SCOWL60_STABLE_2020.12.07+WN3.1
9111,9278,walmart,-11.9269,0,0,0,0,,0,0,,,,,0,0,E10K,SCOWL60_STABLE_2020.12.07+WN3.1
9112,9280,accumulated,-11.9499,1,0,1,0,ADJ,1,0,,accumulate,,,1,0,E10K,SCOWL60_STABLE_2020.12.07+WN3.1
9113,9281,acre,-11.9499,1,1,0,0,N,1,1,,,,acres,0,1,E10K,SCOWL60_STABLE_2020.12.07+WN3.1
9114,9282,adviser,-11.9499,1,1,1,0,N,1,1,,advise,,advisers,1,1,E10K,SCOWL60_STABLE_2020.12.07+WN3.1
9115,9283,anthem,-11.9499,1,1,0,0,N,0,0,,,,,0,0,E10K,SCOWL60_STABLE_2020.12.07+WN3.1
9116,9284,apollo,-11.9499,0,0,0,0,N,0,0,,,,,0,0,E10K,SCOWL60_STABLE_2020.12.07+WN3.1
9117,9285,apologies,-11.9499,1,0,1,0,,0,0,,,,,0,0,E10K,SCOWL60_STABLE_2020.12.07+WN3.1
9118,9286,armenia,-11.9499,0,0,0,0,N,0,0,,,,,0,0,E10K,SCOWL60_STABLE_2020.12.07+WN3.1
9119,9287,baptist,-11.9499,1,1,0,0,N,0,0,,,,,0,0,E10K,SCOWL60_STABLE_2020.12.07+WN3.1
9120,9288,behold,-11.9499,1,1,0,0,V,0,0,,,,,0,0,E10K,SCOWL60_STABLE_2020.12.07+WN3.1
9121,9289,bets,-11.9499,1,0,1,0,,1,0,,bet,,,1,0,E10K,SCOWL60_STABLE_2020.12.07+WN3.1
9122,9290,bikes,-11.9499,1,0,1,0,,1,0,,bike,,,1,0,E10K,SCOWL60_STABLE_2020.12.07+WN3.1
9123,9291,blogs,-11.9499,1,0,1,0,,1,0,logs,blog,,,2,0,E10K,SCOWL60_STABLE_2020.12.07+WN3.1
9124,9292,borne,-11.9499,1,1,0,0,,1,0,,born,,,1,0,E10K,SCOWL60_STABLE_2020.12.07+WN3.1
9125,9293,bra,-11.9499,1,1,0,0,N,1,1,,,,brad;brat;brag;bras,0,4,E10K,SCOWL60_STABLE_2020.12.07+WN3.1
9126,9294,breeze,-11.9499,1,1,0,0,N|V,0,0,,,,,0,0,E10K,SCOWL60_STABLE_2020.12.07+WN3.1
9127,9295,bricks,-11.9499,1,0,1,0,,1,0,,brick,,,1,0,E10K,SCOWL60_STABLE_2020.12.07+WN3.1
9128,9296,briefing,-11.9499,1,1,1,0,N,0,0,,,,,0,0,E10K,SCOWL60_STABLE_2020.12.07+WN3.1
9129,9297,cambodia,-11.9499,0,0,0,0,N,0,0,,,,,0,0,E10K,SCOWL60_STABLE_2020.12.07+WN3.1
9130,9298,cardiac,-11.9499,1,1,0,0,ADJ,0,0,,,,,0,0,E10K,SCOWL60_STABLE_2020.12.07+WN3.1
9131,9299,cautious,-11.9499,1,1,0,0,N|ADJ,0,0,,,,,0,0,E10K,SCOWL60_STABLE_2020.12.07+WN3.1
9132,9300,circuits,-11.9499,1,0,1,0,,1,0,,circuit,,,1,0,E10K,SCOWL60_STABLE_2020.12.07+WN3.1
9133,9302,cocktail,-11.9499,1,1,0,0,N,1,1,,,,cocktails,0,1,E10K,SCOWL60_STABLE_2020.12.07+WN3.1
9134,9303,coding,-11.9499,1,0,1,0,N,0,0,,,,,0,0,E10K,SCOWL60_STABLE_2020.12.07+WN3.1
9135,9304,commissions,-11.9499,1,0,1,0,,1,0,,commission,,,1,0,E10K,SCOWL60_STABLE_2020.12.07+WN3.1
9136,9305,communists,-11.9499,1,0,1,0,,1,0,,communist,,,1,0,E10K,SCOWL60_STABLE_2020.12.07+WN3.1
9137,9306,comparisons,-11.9499,1,0,1,0,,1,0,,comparison,,,1,0,E10K,SCOWL60_STABLE_2020.12.07+WN3.1
9138,9307,compression,-11.9499,1,1,0,0,N,0,0,,,,,0,0,E10K,SCOWL60_STABLE_2020.12.07+WN3.1
9139,9308,correlation,-11.9499,1,1,1,0,N,0,0,,,,,0,0,E10K,SCOWL60_STABLE_2020.12.07+WN3.1
9140,9309,crashing,-11.9499,1,0,1,0,ADJ,0,0,,,,,0,0,E10K,SCOWL60_STABLE_2020.12.07+WN3.1
9141,9310,credited,-11.9499,1,0,1,0,ADJ,0,0,,,,,0,0,E10K,SCOWL60_STABLE_2020.12.07+WN3.1
9142,9311,critique,-11.9499,1,1,0,0,N|V,0,0,,,,,0,0,E10K,SCOWL60_STABLE_2020.12.07+WN3.1
9143,9312,cs,-11.9499,1,0,1,0,N,0,0,,,,,0,0,E10K,SCOWL60_STABLE_2020.12.07+WN3.1
9144,9313,decay,-11.9499,1,1,1,0,N|V,0,0,,,,,0,0,E10K,SCOWL60_STABLE_2020.12.07+WN3.1
9145,9314,definitive,-11.9499,1,1,1,0,ADJ,0,0,,,,,0,0,E10K,SCOWL60_STABLE_2020.12.07+WN3.1
9146,9315,depths,-11.9499,1,1,0,0,N,1,0,,depth,,,1,0,E10K,SCOWL60_STABLE_2020.12.07+WN3.1
9147,9316,diane,-11.9499,0,0,0,0,,0,0,,,,,0,0,E10K,SCOWL60_STABLE_2020.12.07+WN3.1
9148,9317,diplomacy,-11.9499,1,1,0,0,N,0,0,,,,,0,0,E10K,SCOWL60_STABLE_2020.12.07+WN3.1
9149,9318,dope,-11.9499,1,1,0,0,N|V,0,0,,,,,0,0,E10K,SCOWL60_STABLE_2020.12.07+WN3.1
9150,9319,doubles,-11.9499,1,0,1,0,N,1,0,,double,,,1,0,E10K,SCOWL60_STABLE_2020.12.07+WN3.1
9151,9320,drainage,-11.9499,1,1,0,0,N,0,0,,,,,0,0,E10K,SCOWL60_STABLE_2020.12.07+WN3.1
9152,9321,edmonton,-11.9499,0,0,0,0,N,0,0,,,,,0,0,E10K,SCOWL60_STABLE_2020.12.07+WN3.1
9153,9322,exhaust,-11.9499,1,1,0,0,N|V,0,0,,,,,0,0,E10K,SCOWL60_STABLE_2020.12.07+WN3.1
9154,9323,expenditures,-11.9499,1,0,1,0,,1,0,,expenditure,,,1,0,E10K,SCOWL60_STABLE_2020.12.07+WN3.1
9155,9324,felix,-11.9499,0,0,0,0,,0,0,,,,,0,0,E10K,SCOWL60_STABLE_2020.12.07+WN3.1
9156,9325,fellowship,-11.9499,1,1,0,0,N,0,0,,,,,0,0,E10K,SCOWL60_STABLE_2020.12.07+WN3.1
9157,9326,foam,-11.9499,1,1,0,0,N|V,0,0,,,,,0,0,E10K,SCOWL60_STABLE_2020.12.07+WN3.1
9158,9327,fragments,-11.9499,1,0,1,0,,1,0,,fragment,,,1,0,E10K,SCOWL60_STABLE_2020.12.07+WN3.1
9159,9328,freestyle,-11.9499,1,1,0,0,N,0,0,,,,,0,0,E10K,SCOWL60_STABLE_2020.12.07+WN3.1
9160,9329,fringe,-11.9499,1,1,0,0,N|V,0,0,,,,,0,0,E10K,SCOWL60_STABLE_2020.12.07+WN3.1
9161,9330,fundamentally,-11.9499,1,0,1,0,ADV,0,0,,,,,0,0,E10K,SCOWL60_STABLE_2020.12.07+WN3.1
9162,9331,gel,-11.9499,1,1,0,0,N|V,0,0,,,,,0,0,E10K,SCOWL60_STABLE_2020.12.07+WN3.1
9163,9332,grandson,-11.9499,1,1,0,0,N,0,0,,,,,0,0,E10K,SCOWL60_STABLE_2020.12.07+WN3.1
9164,9333,grove,-11.9499,1,1,0,0,N,1,1,,,,groves,0,1,E10K,SCOWL60_STABLE_2020.12.07+WN3.1
9165,9334,guarantees,-11.9499,1,0,1,0,,1,0,,guarantee,,,1,0,E10K,SCOWL60_STABLE_2020.12.07+WN3.1
9166,9335,handbook,-11.9499,1,1,0,0,N,0,0,,,,,0,0,E10K,SCOWL60_STABLE_2020.12.07+WN3.1
9167,9336,headphones,-11.9499,1,0,1,0,,0,0,,,,,0,0,E10K,SCOWL60_STABLE_2020.12.07+WN3.1
9168,9337,hearings,-11.9499,1,0,1,0,,1,0,,hearing,,,1,0,E10K,SCOWL60_STABLE_2020.12.07+WN3.1
9169,9338,hears,-11.9499,1,0,1,0,,1,0,ears,hear,,,2,0,E10K,SCOWL60_STABLE_2020.12.07+WN3.1
9170,9339,helicopters,-11.9499,1,0,1,0,,1,0,,helicopter,,,1,0,E10K,SCOWL60_STABLE_2020.12.07+WN3.1
9171,9340,homosexuality,-11.9499,1,1,0,0,N,0,0,,,,,0,0,E10K,SCOWL60_STABLE_2020.12.07+WN3.1
9172,9341,immortal,-11.9499,1,1,0,0,N|ADJ,0,0,,,,,0,0,E10K,SCOWL60_STABLE_2020.12.07+WN3.1
9173,9342,kirk,-11.9499,0,0,0,0,N,0,0,,,,,0,0,E10K,SCOWL60_STABLE_2020.12.07+WN3.1
9174,9343,landlord,-11.9499,1,1,0,0,N,1,1,,,,landlords,0,1,E10K,SCOWL60_STABLE_2020.12.07+WN3.1
9175,9344,leverage,-11.9499,1,1,0,0,N|V,0,0,,,,,0,0,E10K,SCOWL60_STABLE_2020.12.07+WN3.1
9176,9345,lime,-11.9499,1,1,0,0,N|V,1,1,,,slime,,0,1,E10K,SCOWL60_STABLE_2020.12.07+WN3.1
9177,9346,lisbon,-11.9499,0,0,0,0,N,0,0,,,,,0,0,E10K,SCOWL60_STABLE_2020.12.07+WN3.1
9178,9347,logs,-11.9499,1,0,1,0,,1,1,,log,blogs,,1,1,E10K,SCOWL60_STABLE_2020.12.07+WN3.1
9179,9348,louder,-11.9499,1,0,1,0,,0,0,,,,,0,0,E10K,SCOWL60_STABLE_2020.12.07+WN3.1
9180,9349,maple,-11.9499,1,1,0,0,N,0,0,,,,,0,0,E10K,SCOWL60_STABLE_2020.12.07+WN3.1
9181,9350,mb,-11.9499,0,0,0,0,N,0,0,,,,,0,0,E10K,SCOWL60_STABLE_2020.12.07+WN3.1
9182,9351,melody,-11.9499,1,1,0,0,N,0,0,,,,,0,0,E10K,SCOWL60_STABLE_2020.12.07+WN3.1
9183,9352,memphis,-11.9499,0,0,0,0,N,0,0,,,,,0,0,E10K,SCOWL60_STABLE_2020.12.07+WN3.1
9184,9353,miracles,-11.9499,1,0,1,0,,1,0,,miracle,,,1,0,E10K,SCOWL60_STABLE_2020.12.07+WN3.1
9185,9354,misses,-11.9499,1,0,1,0,,0,0,,,,,0,0,E10K,SCOWL60_STABLE_2020.12.07+WN3.1
9186,9355,montgomery,-11.9499,0,0,0,0,N,0,0,,,,,0,0,E10K,SCOWL60_STABLE_2020.12.07+WN3.1
9187,9356,nebraska,-11.9499,0,0,0,0,N,0,0,,,,,0,0,E10K,SCOWL60_STABLE_2020.12.07+WN3.1
9188,9357,numbered,-11.9499,1,1,1,0,,0,0,,,,,0,0,E10K,SCOWL60_STABLE_2020.12.07+WN3.1
9189,9359,onion,-11.9499,1,1,1,0,N,1,1,,,,onions,0,1,E10K,SCOWL60_STABLE_2020.12.07+WN3.1
9190,9360,opt,-11.9499,1,1,0,0,V,1,0,pt,op,,,2,0,E10K,SCOWL60_STABLE_2020.12.07+WN3.1
9191,9361,pardon,-11.9499,1,1,0,0,N|V,0,0,,,,,0,0,E10K,SCOWL60_STABLE_2020.12.07+WN3.1
9192,9362,parole,-11.9499,1,1,0,0,N|V,0,0,,,,,0,0,E10K,SCOWL60_STABLE_2020.12.07+WN3.1
9193,9363,patents,-11.9499,1,0,1,0,,1,0,,patent,,,1,0,E10K,SCOWL60_STABLE_2020.12.07+WN3.1
9194,9364,peasant,-11.9499,1,1,0,0,N,1,1,,,,peasants,0,1,E10K,SCOWL60_STABLE_2020.12.07+WN3.1
9195,9365,pedro,-11.9499,0,0,0,0,,0,0,,,,,0,0,E10K,SCOWL60_STABLE_2020.12.07+WN3.1
9196,9366,planting,-11.9499,1,1,1,0,N,0,0,,,,,0,0,E10K,SCOWL60_STABLE_2020.12.07+WN3.1
9197,9367,podcast,-11.9499,1,1,0,0,V,0,0,,,,,0,0,E10K,SCOWL60_STABLE_2020.12.07+WN3.1
9198,9368,populated,-11.9499,1,1,1,0,ADJ,0,0,,,,,0,0,E10K,SCOWL60_STABLE_2020.12.07+WN3.1
9199,9369,portrayed,-11.9499,1,0,1,0,ADJ,0,0,,,,,0,0,E10K,SCOWL60_STABLE_2020.12.07+WN3.1
9200,9370,premature,-11.9499,1,1,0,0,ADJ,0,0,,,,,0,0,E10K,SCOWL60_STABLE_2020.12.07+WN3.1
9201,9371,promptly,-11.9499,1,0,1,0,ADV,0,0,,,,,0,0,E10K,SCOWL60_STABLE_2020.12.07+WN3.1
9202,9372,prostitution,-11.9499,1,1,1,0,N,0,0,,,,,0,0,E10K,SCOWL60_STABLE_2020.12.07+WN3.1
9203,9374,recession,-11.9499,1,0,1,0,N,0,0,,,,,0,0,E10K,SCOWL60_STABLE_2020.12.07+WN3.1
9204,9375,referee,-11.9499,1,1,0,0,N|V,1,1,,,,referees,0,1,E10K,SCOWL60_STABLE_2020.12.07+WN3.1
9205,9376,relevance,-11.9499,1,1,0,0,N,0,0,,,,,0,0,E10K,SCOWL60_STABLE_2020.12.07+WN3.1
9206,9377,relies,-11.9499,1,0,1,0,,0,0,,,,,0,0,E10K,SCOWL60_STABLE_2020.12.07+WN3.1
9207,9378,relying,-11.9499,1,0,1,0,,0,0,,,,,0,0,E10K,SCOWL60_STABLE_2020.12.07+WN3.1
9208,9379,resign,-11.9499,1,0,1,0,V,0,0,,,,,0,0,E10K,SCOWL60_STABLE_2020.12.07+WN3.1
9209,9380,resolutions,-11.9499,1,0,1,0,,1,0,,resolution,,,1,0,E10K,SCOWL60_STABLE_2020.12.07+WN3.1
9210,9381,riots,-11.9499,1,0,1,0,,1,0,,riot,,,1,0,E10K,SCOWL60_STABLE_2020.12.07+WN3.1
9211,9382,robbed,-11.9499,1,1,0,0,,0,0,,,,,0,0,E10K,SCOWL60_STABLE_2020.12.07+WN3.1
9212,9383,rodgers,-11.9499,0,0,0,0,N,0,0,,,,,0,0,E10K,SCOWL60_STABLE_2020.12.07+WN3.1
9213,9384,rogue,-11.9499,1,1,0,0,N,0,0,,,,,0,0,E10K,SCOWL60_STABLE_2020.12.07+WN3.1
9214,9385,satellites,-11.9499,1,0,1,0,,1,0,,satellite,,,1,0,E10K,SCOWL60_STABLE_2020.12.07+WN3.1
9215,9387,sd,-11.9499,0,0,0,0,N,0,0,,,,,0,0,E10K,SCOWL60_STABLE_2020.12.07+WN3.1
9216,9388,seizure,-11.9499,1,1,0,0,N,1,1,,,,seizures,0,1,E10K,SCOWL60_STABLE_2020.12.07+WN3.1
9217,9389,sequences,-11.9499,1,0,1,0,,1,0,,sequence,,,1,0,E10K,SCOWL60_STABLE_2020.12.07+WN3.1
9218,9390,shrine,-11.9499,1,1,0,0,N|V,0,0,,,,,0,0,E10K,SCOWL60_STABLE_2020.12.07+WN3.1
9219,9391,similarities,-11.9499,1,0,1,0,,0,0,,,,,0,0,E10K,SCOWL60_STABLE_2020.12.07+WN3.1
9220,9392,skating,-11.9499,1,1,1,0,N,0,0,,,,,0,0,E10K,SCOWL60_STABLE_2020.12.07+WN3.1
9221,9393,sms,-11.9499,0,0,0,0,,0,0,,,,,0,0,E10K,SCOWL60_STABLE_2020.12.07+WN3.1
9222,9394,specification,-11.9499,1,1,1,0,N,1,1,,,,specifications,0,1,E10K,SCOWL60_STABLE_2020.12.07+WN3.1
9223,9395,specimens,-11.9499,1,0,1,0,,1,0,,specimen,,,1,0,E10K,SCOWL60_STABLE_2020.12.07+WN3.1
9224,9396,splendid,-11.9499,1,1,0,0,ADJ,0,0,,,,,0,0,E10K,SCOWL60_STABLE_2020.12.07+WN3.1
9225,9397,spoil,-11.9499,1,1,0,0,N|V,1,1,,,,spoils,0,1,E10K,SCOWL60_STABLE_2020.12.07+WN3.1
9226,9398,stab,-11.9499,1,1,0,0,N|V,1,0,tab,,,,1,0,E10K,SCOWL60_STABLE_2020.12.07+WN3.1
9227,9399,sting,-11.9499,1,1,0,0,N|V,1,0,ting,,,,1,0,E10K,SCOWL60_STABLE_2020.12.07+WN3.1
9228,9400,strengthening,-11.9499,1,0,1,0,N,0,0,,,,,0,0,E10K,SCOWL60_STABLE_2020.12.07+WN3.1
9229,9401,stunt,-11.9499,1,1,0,0,N|V,1,1,,stun,,stunts,1,1,E10K,SCOWL60_STABLE_2020.12.07+WN3.1
9230,9402,suffers,-11.9499,1,0,1,0,,1,0,,suffer,,,1,0,E10K,SCOWL60_STABLE_2020.12.07+WN3.1
9231,9403,sunrise,-11.9499,1,1,0,0,N|ADJ,0,0,,,,,0,0,E10K,SCOWL60_STABLE_2020.12.07+WN3.1
9232,9404,td,-11.9499,0,0,0,0,,0,0,,,,,0,0,E10K,SCOWL60_STABLE_2020.12.07+WN3.1
9233,9405,tenants,-11.9499,1,0,1,0,,1,0,,tenant,,,1,0,E10K,SCOWL60_STABLE_2020.12.07+WN3.1
9234,9406,thrilled,-11.9499,1,0,1,0,ADJ,0,0,,,,,0,0,E10K,SCOWL60_STABLE_2020.12.07+WN3.1
9235,9407,tissues,-11.9499,1,0,1,0,,1,0,issues,tissue,,,2,0,E10K,SCOWL60_STABLE_2020.12.07+WN3.1
9236,9408,twentieth,-11.9499,1,1,1,0,N|ADJ,0,0,,,,,0,0,E10K,SCOWL60_STABLE_2020.12.07+WN3.1
9237,9409,typing,-11.9499,1,1,1,0,N,0,0,,,,,0,0,E10K,SCOWL60_STABLE_2020.12.07+WN3.1
9238,9410,unsuccessful,-11.9499,1,0,1,0,ADJ,0,0,,,,,0,0,E10K,SCOWL60_STABLE_2020.12.07+WN3.1
9239,9411,uprising,-11.9499,1,1,0,0,N,0,0,,,,,0,0,E10K,SCOWL60_STABLE_2020.12.07+WN3.1
9240,9412,utter,-11.9499,1,1,0,0,V|ADJ,1,1,,,butter;cutter,,0,2,E10K,SCOWL60_STABLE_2020.12.07+WN3.1
9241,9413,weaknesses,-11.9499,1,0,1,0,,0,0,,,,,0,0,E10K,SCOWL60_STABLE_2020.12.07+WN3.1
9242,9414,weighed,-11.9499,1,0,1,0,,0,0,,,,,0,0,E10K,SCOWL60_STABLE_2020.12.07+WN3.1
9243,9416,wines,-11.9499,1,0,1,0,,1,0,,wine,,,1,0,E10K,SCOWL60_STABLE_2020.12.07+WN3.1
9244,9417,worthless,-11.9499,1,1,0,0,ADJ,0,0,,,,,0,0,E10K,SCOWL60_STABLE_2020.12.07+WN3.1
9245,9418,acceleration,-11.9734,1,1,1,0,N,0,0,,,,,0,0,E10K,SCOWL60_STABLE_2020.12.07+WN3.1
9246,9419,acquiring,-11.9734,1,0,1,0,N,0,0,,,,,0,0,E10K,SCOWL60_STABLE_2020.12.07+WN3.1
9247,9420,addicted,-11.9734,1,0,1,0,ADJ,0,0,,,,,0,0,E10K,SCOWL60_STABLE_2020.12.07+WN3.1
9248,9421,advertisement,-11.9734,1,1,1,0,N,1,1,,,,advertisements,0,1,E10K,SCOWL60_STABLE_2020.12.07+WN3.1
9249,9422,africans,-11.9734,0,0,0,0,,0,0,,,,,0,0,E10K,SCOWL60_STABLE_2020.12.07+WN3.1
9250,9423,afterward,-11.9734,1,1,0,0,ADV,1,1,,,,afterwards,0,1,E10K,SCOWL60_STABLE_2020.12.07+WN3.1
9251,9424,amp,-11.9734,1,1,0,0,N,1,1,mp,am,camp;lamp;ramp;damp,,2,4,E10K,SCOWL60_STABLE_2020.12.07+WN3.1
9252,9425,analytical,-11.9734,1,1,0,0,ADJ,0,0,,,,,0,0,E10K,SCOWL60_STABLE_2020.12.07+WN3.1
9253,9426,antique,-11.9734,1,1,0,0,N|V|ADJ,1,1,,,,antiques,0,1,E10K,SCOWL60_STABLE_2020.12.07+WN3.1
9254,9427,backgrounds,-11.9734,1,0,1,0,,1,0,,background,,,1,0,E10K,SCOWL60_STABLE_2020.12.07+WN3.1
9255,9428,balcony,-11.9734,1,1,0,0,N,0,0,,,,,0,0,E10K,SCOWL60_STABLE_2020.12.07+WN3.1
9256,9429,bargaining,-11.9734,1,0,1,0,N,0,0,,,,,0,0,E10K,SCOWL60_STABLE_2020.12.07+WN3.1
9257,9430,belle,-11.9734,1,1,0,0,N,1,0,,bell,,,1,0,E10K,SCOWL60_STABLE_2020.12.07+WN3.1
9258,9431,bilateral,-11.9734,1,1,0,0,ADJ,0,0,,,,,0,0,E10K,SCOWL60_STABLE_2020.12.07+WN3.1
9259,9432,blaming,-11.9734,1,0,1,0,,0,0,,,,,0,0,E10K,SCOWL60_STABLE_2020.12.07+WN3.1
9260,9433,boil,-11.9734,1,1,0,0,N|V,1,0,oil,,,,1,0,E10K,SCOWL60_STABLE_2020.12.07+WN3.1
9261,9434,booking,-11.9734,1,1,1,0,N,1,1,,,,bookings,0,1,E10K,SCOWL60_STABLE_2020.12.07+WN3.1
9262,9435,budgets,-11.9734,1,0,1,0,,1,0,,budget,,,1,0,E10K,SCOWL60_STABLE_2020.12.07+WN3.1
9263,9436,bum,-11.9734,1,1,0,0,N|V|ADJ,1,1,um,bu,,bump,2,1,E10K,SCOWL60_STABLE_2020.12.07+WN3.1
9264,9437,calcium,-11.9734,1,1,0,0,N,0,0,,,,,0,0,E10K,SCOWL60_STABLE_2020.12.07+WN3.1
9265,9438,clues,-11.9734,1,0,1,0,,1,0,,clue,,,1,0,E10K,SCOWL60_STABLE_2020.12.07+WN3.1
9266,9439,collectively,-11.9734,1,0,1,0,ADV,0,0,,,,,0,0,E10K,SCOWL60_STABLE_2020.12.07+WN3.1
9267,9440,commissioners,-11.9734,1,0,1,0,,1,0,,commissioner,,,1,0,E10K,SCOWL60_STABLE_2020.12.07+WN3.1
9268,9441,companions,-11.9734,1,0,1,0,,1,0,,companion,,,1,0,E10K,SCOWL60_STABLE_2020.12.07+WN3.1
9269,9442,complement,-11.9734,1,1,0,0,N|V,0,0,,,,,0,0,E10K,SCOWL60_STABLE_2020.12.07+WN3.1
9270,9443,compulsory,-11.9734,1,1,0,0,ADJ,0,0,,,,,0,0,E10K,SCOWL60_STABLE_2020.12.07+WN3.1
9271,9444,confess,-11.9734,1,0,1,0,V,0,0,,,,,0,0,E10K,SCOWL60_STABLE_2020.12.07+WN3.1
9272,9445,convictions,-11.9734,1,0,1,0,,1,0,,conviction,,,1,0,E10K,SCOWL60_STABLE_2020.12.07+WN3.1
9273,9446,counseling,-11.9734,1,0,1,0,N,0,0,,,,,0,0,E10K,SCOWL60_STABLE_2020.12.07+WN3.1
9274,9447,crawford,-11.9734,0,0,0,0,N,0,0,,,,,0,0,E10K,SCOWL60_STABLE_2020.12.07+WN3.1
9275,9448,credible,-11.9734,1,1,0,0,ADJ,0,0,,,,,0,0,E10K,SCOWL60_STABLE_2020.12.07+WN3.1
9276,9449,dat,-11.9734,0,0,0,0,N,0,0,,,,,0,0,E10K,SCOWL60_STABLE_2020.12.07+WN3.1
9277,9450,declaring,-11.9734,1,0,1,0,,0,0,,,,,0,0,E10K,SCOWL60_STABLE_2020.12.07+WN3.1
9278,9451,descended,-11.9734,1,0,1,0,,0,0,,,,,0,0,E10K,SCOWL60_STABLE_2020.12.07+WN3.1
9279,9452,despair,-11.9734,1,1,0,0,N|V,0,0,,,,,0,0,E10K,SCOWL60_STABLE_2020.12.07+WN3.1
9280,9453,devastating,-11.9734,1,1,1,0,ADJ,0,0,,,,,0,0,E10K,SCOWL60_STABLE_2020.12.07+WN3.1
9281,9454,differential,-11.9734,1,1,0,0,N|ADJ,0,0,,,,,0,0,E10K,SCOWL60_STABLE_2020.12.07+WN3.1
9282,9455,disciples,-11.9734,1,0,1,0,,1,0,,disciple,,,1,0,E10K,SCOWL60_STABLE_2020.12.07+WN3.1
9283,9456,discounts,-11.9734,1,0,1,0,,1,0,,discount,,,1,0,E10K,SCOWL60_STABLE_2020.12.07+WN3.1
9284,9457,eleanor,-11.9734,0,0,0,0,,0,0,,,,,0,0,E10K,SCOWL60_STABLE_2020.12.07+WN3.1
9285,9458,elena,-11.9734,0,0,0,0,,0,0,,,,,0,0,E10K,SCOWL60_STABLE_2020.12.07+WN3.1
9286,9459,enzyme,-11.9734,1,1,0,0,N,1,1,,,,enzymes,0,1,E10K,SCOWL60_STABLE_2020.12.07+WN3.1
9287,9460,exceeded,-11.9734,1,0,1,0,,0,0,,,,,0,0,E10K,SCOWL60_STABLE_2020.12.07+WN3.1
9288,9461,explode,-11.9734,1,1,0,0,V,1,1,,,,exploded;explodes,0,2,E10K,SCOWL60_STABLE_2020.12.07+WN3.1
9289,9462,fe,-11.9734,0,0,0,0,N,0,0,,,,,0,0,E10K,SCOWL60_STABLE_2020.12.07+WN3.1
9290,9463,feminism,-11.9734,1,1,0,0,N,0,0,,,,,0,0,E10K,SCOWL60_STABLE_2020.12.07+WN3.1
9291,9464,flaws,-11.9734,1,0,1,0,,1,0,laws,flaw,,,2,0,E10K,SCOWL60_STABLE_2020.12.07+WN3.1
9292,9465,floods,-11.9734,1,0,1,0,,1,0,,flood,,,1,0,E10K,SCOWL60_STABLE_2020.12.07+WN3.1
9293,9466,foremost,-11.9734,1,1,0,0,ADJ|ADV,0,0,,,,,0,0,E10K,SCOWL60_STABLE_2020.12.07+WN3.1
9294,9467,formats,-11.9734,1,0,1,0,,1,0,,format,,,1,0,E10K,SCOWL60_STABLE_2020.12.07+WN3.1
9295,9468,forums,-11.9734,1,0,1,0,,1,0,,forum,,,1,0,E10K,SCOWL60_STABLE_2020.12.07+WN3.1
9296,9469,founders,-11.9734,1,0,1,0,,1,0,,founder,,,1,0,E10K,SCOWL60_STABLE_2020.12.07+WN3.1
9297,9470,glen,-11.9734,1,1,0,0,N,0,0,,,,,0,0,E10K,SCOWL60_STABLE_2020.12.07+WN3.1
9298,9471,grandparents,-11.9734,1,0,1,0,,0,0,,,,,0,0,E10K,SCOWL60_STABLE_2020.12.07+WN3.1
9299,9472,greenhouse,-11.9734,1,1,0,0,N|ADJ,0,0,,,,,0,0,E10K,SCOWL60_STABLE_2020.12.07+WN3.1
9300,9473,grill,-11.9734,1,1,0,0,N|V,0,0,,,,,0,0,E10K,SCOWL60_STABLE_2020.12.07+WN3.1
9301,9475,haiti,-11.9734,0,0,0,0,N,0,0,,,,,0,0,E10K,SCOWL60_STABLE_2020.12.07+WN3.1
9302,9476,heavenly,-11.9734,1,1,1,0,ADJ,0,0,,,,,0,0,E10K,SCOWL60_STABLE_2020.12.07+WN3.1
9303,9477,heh,-11.9734,0,0,0,0,,0,0,,,,,0,0,E10K,SCOWL60_STABLE_2020.12.07+WN3.1
9304,9478,hid,-11.9734,1,1,0,0,,1,1,id,hi,,hide,2,1,E10K,SCOWL60_STABLE_2020.12.07+WN3.1
9305,9479,homicide,-11.9734,1,1,0,0,N,0,0,,,,,0,0,E10K,SCOWL60_STABLE_2020.12.07+WN3.1
9306,9480,homosexual,-11.9734,1,1,0,0,N|ADJ,1,1,,,,homosexuals,0,1,E10K,SCOWL60_STABLE_2020.12.07+WN3.1
9307,9481,hugo,-11.9734,0,0,0,0,N,0,0,,,,,0,0,E10K,SCOWL60_STABLE_2020.12.07+WN3.1
9308,9482,imaginary,-11.9734,1,1,0,0,N|ADJ,0,0,,,,,0,0,E10K,SCOWL60_STABLE_2020.12.07+WN3.1
9309,9483,incomes,-11.9734,1,0,1,0,,1,0,,income,,,1,0,E10K,SCOWL60_STABLE_2020.12.07+WN3.1
9310,9484,infants,-11.9734,1,0,1,0,,1,0,,infant,,,1,0,E10K,SCOWL60_STABLE_2020.12.07+WN3.1
9311,9485,introduces,-11.9734,1,0,1,0,,1,0,,introduce,,,1,0,E10K,SCOWL60_STABLE_2020.12.07+WN3.1
9312,9486,issuing,-11.9734,1,0,1,0,N,0,0,,,,,0,0,E10K,SCOWL60_STABLE_2020.12.07+WN3.1
9313,9487,jealousy,-11.9734,1,1,0,0,N,1,0,,jealous,,,1,0,E10K,SCOWL60_STABLE_2020.12.07+WN3.1
9314,9488,jointly,-11.9734,1,1,0,0,ADV,0,0,,,,,0,0,E10K,SCOWL60_STABLE_2020.12.07+WN3.1
9315,9489,knives,-11.9734,1,1,0,0,,0,0,,,,,0,0,E10K,SCOWL60_STABLE_2020.12.07+WN3.1
9316,9490,lads,-11.9734,1,0,1,0,,1,0,ads,lad,,,2,0,E10K,SCOWL60_STABLE_2020.12.07+WN3.1
9317,9491,lining,-11.9734,1,1,1,0,N,0,0,,,,,0,0,E10K,SCOWL60_STABLE_2020.12.07+WN3.1
9318,9492,logistics,-11.9734,1,1,1,0,N,0,0,,,,,0,0,E10K,SCOWL60_STABLE_2020.12.07+WN3.1
9319,9493,lp,-11.9734,0,0,0,0,N,0,0,,,,,0,0,E10K,SCOWL60_STABLE_2020.12.07+WN3.1
9320,9494,luxembourg,-11.9734,0,0,0,0,N,0,0,,,,,0,0,E10K,SCOWL60_STABLE_2020.12.07+WN3.1
9321,9495,mammals,-11.9734,1,0,1,0,,1,0,,mammal,,,1,0,E10K,SCOWL60_STABLE_2020.12.07+WN3.1
9322,9496,manila,-11.9734,1,1,0,0,N,0,0,,,,,0,0,E10K,SCOWL60_STABLE_2020.12.07+WN3.1
9323,9497,manners,-11.9734,1,0,1,0,N,1,0,,manner,,,1,0,E10K,SCOWL60_STABLE_2020.12.07+WN3.1
9324,9498,masks,-11.9734,1,0,1,0,,1,0,asks,mask,,,2,0,E10K,SCOWL60_STABLE_2020.12.07+WN3.1
9325,9499,mick,-11.9734,1,1,0,0,N,1,0,,mic,,,1,0,E10K,SCOWL60_STABLE_2020.12.07+WN3.1
9326,9500,neglect,-11.9734,1,1,0,0,N|V,0,0,,,,,0,0,E10K,SCOWL60_STABLE_2020.12.07+WN3.1
9327,9501,notification,-11.9734,1,1,1,0,N,1,1,,,,notifications,0,1,E10K,SCOWL60_STABLE_2020.12.07+WN3.1
9328,9502,notre,-11.9734,0,0,0,0,,0,0,,,,,0,0,E10K,SCOWL60_STABLE_2020.12.07+WN3.1
9329,9503,offspring,-11.9734,1,1,0,0,N,0,0,,,,,0,0,E10K,SCOWL60_STABLE_2020.12.07+WN3.1
9330,9504,oppression,-11.9734,1,1,0,0,N,0,0,,,,,0,0,E10K,SCOWL60_STABLE_2020.12.07+WN3.1
9331,9505,overwhelmed,-11.9734,1,0,1,0,,0,0,,,,,0,0,E10K,SCOWL60_STABLE_2020.12.07+WN3.1
9332,9506,owl,-11.9734,1,1,0,0,N,1,1,,ow,bowl,owls,1,2,E10K,SCOWL60_STABLE_2020.12.07+WN3.1
9333,9507,pact,-11.9734,1,1,0,0,N,1,0,act,,,,1,0,E10K,SCOWL60_STABLE_2020.12.07+WN3.1
9334,9508,paste,-11.9734,1,1,0,0,N|V,1,0,,past,,,1,0,E10K,SCOWL60_STABLE_2020.12.07+WN3.1
9335,9509,persuaded,-11.9734,1,1,1,0,,1,0,,persuade,,,1,0,E10K,SCOWL60_STABLE_2020.12.07+WN3.1
9336,9510,pharmacy,-11.9734,1,1,0,0,N,0,0,,,,,0,0,E10K,SCOWL60_STABLE_2020.12.07+WN3.1
9337,9511,porch,-11.9734,1,1,0,0,N,0,0,,,,,0,0,E10K,SCOWL60_STABLE_2020.12.07+WN3.1
9338,9512,possessions,-11.9734,1,0,1,0,,1,0,,possession,,,1,0,E10K,SCOWL60_STABLE_2020.12.07+WN3.1
9339,9513,practitioners,-11.9734,1,0,1,0,,1,0,,practitioner,,,1,0,E10K,SCOWL60_STABLE_2020.12.07+WN3.1
9340,9514,predictable,-11.9734,1,1,1,0,ADJ,0,0,,,,,0,0,E10K,SCOWL60_STABLE_2020.12.07+WN3.1
9341,9516,punched,-11.9734,1,0,1,0,,0,0,,,,,0,0,E10K,SCOWL60_STABLE_2020.12.07+WN3.1
9342,9517,pupil,-11.9734,1,1,0,0,N,1,1,,,,pupils,0,1,E10K,SCOWL60_STABLE_2020.12.07+WN3.1
9343,9518,quantitative,-11.9734,1,1,0,0,ADJ,0,0,,,,,0,0,E10K,SCOWL60_STABLE_2020.12.07+WN3.1
9344,9519,rack,-11.9734,1,1,0,0,N|V,1,1,,,track;crack,racks,0,3,E10K,SCOWL60_STABLE_2020.12.07+WN3.1
9345,9520,readings,-11.9734,1,0,1,0,,1,0,,reading,,,1,0,E10K,SCOWL60_STABLE_2020.12.07+WN3.1
9346,9521,recalls,-11.9734,1,0,1,0,,1,0,,recall,,,1,0,E10K,SCOWL60_STABLE_2020.12.07+WN3.1
9347,9522,recognizing,-11.9734,1,0,1,0,,0,0,,,,,0,0,E10K,SCOWL60_STABLE_2020.12.07+WN3.1
9348,9523,replay,-11.9734,1,0,1,0,N|V,0,0,,,,,0,0,E10K,SCOWL60_STABLE_2020.12.07+WN3.1
9349,9524,reservoir,-11.9734,1,1,0,0,N,1,1,,,,reservoirs,0,1,E10K,SCOWL60_STABLE_2020.12.07+WN3.1
9350,9525,restrict,-11.9734,1,1,0,0,V,0,0,,,,,0,0,E10K,SCOWL60_STABLE_2020.12.07+WN3.1
9351,9526,retailers,-11.9734,1,0,1,0,,1,0,,retailer,,,1,0,E10K,SCOWL60_STABLE_2020.12.07+WN3.1
9352,9527,ribs,-11.9734,1,0,1,0,,1,0,,rib,,,1,0,E10K,SCOWL60_STABLE_2020.12.07+WN3.1
9353,9528,richards,-11.9734,0,0,0,0,N,0,0,,,,,0,0,E10K,SCOWL60_STABLE_2020.12.07+WN3.1
9354,9529,rim,-11.9734,1,1,0,0,N|V,1,1,,,trim;grim,,0,2,E10K,SCOWL60_STABLE_2020.12.07+WN3.1
9355,9530,rita,-11.9734,0,0,0,0,,0,0,,,,,0,0,E10K,SCOWL60_STABLE_2020.12.07+WN3.1
9356,9531,rivalry,-11.9734,1,1,0,0,N,0,0,,,,,0,0,E10K,SCOWL60_STABLE_2020.12.07+WN3.1
9357,9532,roar,-11.9734,1,1,0,0,N|V,0,0,,,,,0,0,E10K,SCOWL60_STABLE_2020.12.07+WN3.1
9358,9533,rosa,-11.9734,0,0,0,0,N,0,0,,,,,0,0,E10K,SCOWL60_STABLE_2020.12.07+WN3.1
9359,9534,rubbish,-11.9734,1,1,0,0,N|V,0,0,,,,,0,0,E10K,SCOWL60_STABLE_2020.12.07+WN3.1
9360,9535,sailors,-11.9734,1,0,1,0,,1,0,,sailor,,,1,0,E10K,SCOWL60_STABLE_2020.12.07+WN3.1
9361,9536,scrap,-11.9734,1,1,0,0,N|V,1,1,crap,,,scrape;scraps,1,2,E10K,SCOWL60_STABLE_2020.12.07+WN3.1
9362,9537,severity,-11.9734,1,1,0,0,N,0,0,,,,,0,0,E10K,SCOWL60_STABLE_2020.12.07+WN3.1
9363,9538,shook,-11.9734,1,1,0,0,N,1,0,hook,,,,1,0,E10K,SCOWL60_STABLE_2020.12.07+WN3.1
9364,9539,shores,-11.9734,1,0,1,0,,1,0,,shore,,,1,0,E10K,SCOWL60_STABLE_2020.12.07+WN3.1
9365,9540,singers,-11.9734,1,0,1,0,,1,0,,singer,,,1,0,E10K,SCOWL60_STABLE_2020.12.07+WN3.1
9366,9541,skeleton,-11.9734,1,1,0,0,N,1,1,,,,skeletons,0,1,E10K,SCOWL60_STABLE_2020.12.07+WN3.1
9367,9542,smiled,-11.9734,1,0,1,0,,1,0,,smile,,,1,0,E10K,SCOWL60_STABLE_2020.12.07+WN3.1
9368,9543,spotlight,-11.9734,1,1,0,0,N|V,0,0,,,,,0,0,E10K,SCOWL60_STABLE_2020.12.07+WN3.1
9369,9544,submarine,-11.9734,1,1,0,0,N|V|ADJ,1,1,,,,submarines,0,1,E10K,SCOWL60_STABLE_2020.12.07+WN3.1
9370,9545,successes,-11.9734,1,0,1,0,,0,0,,,,,0,0,E10K,SCOWL60_STABLE_2020.12.07+WN3.1
9371,9546,swan,-11.9734,1,1,0,0,N|V,1,1,wan,,,swans,1,1,E10K,SCOWL60_STABLE_2020.12.07+WN3.1
9372,9547,sync,-11.9734,1,1,0,0,V,0,0,,,,,0,0,E10K,SCOWL60_STABLE_2020.12.07+WN3.1
9373,9548,termination,-11.9734,1,1,1,0,N,0,0,,,,,0,0,E10K,SCOWL60_STABLE_2020.12.07+WN3.1
9374,9549,thankful,-11.9734,1,1,0,0,ADJ,0,0,,,,,0,0,E10K,SCOWL60_STABLE_2020.12.07+WN3.1
9375,9550,thieves,-11.9734,1,0,1,0,,0,0,,,,,0,0,E10K,SCOWL60_STABLE_2020.12.07+WN3.1
9376,9551,topped,-11.9734,1,1,0,0,ADJ,1,1,,,stopped,,0,1,E10K,SCOWL60_STABLE_2020.12.07+WN3.1
9377,9552,traced,-11.9734,1,0,1,0,,1,0,raced,trace,,,2,0,E10K,SCOWL60_STABLE_2020.12.07+WN3.1
9378,9553,travellers,-11.9734,0,0,0,0,,0,0,,,,,0,0,E10K,SCOWL60_STABLE_2020.12.07+WN3.1
9379,9554,tub,-11.9734,1,1,0,0,N,1,1,,,,tube,0,1,E10K,SCOWL60_STABLE_2020.12.07+WN3.1
9380,9555,undertaking,-11.9734,1,1,1,0,N,0,0,,,,,0,0,E10K,SCOWL60_STABLE_2020.12.07+WN3.1
9381,9556,unrelated,-11.9734,1,1,0,0,ADJ,0,0,,,,,0,0,E10K,SCOWL60_STABLE_2020.12.07+WN3.1
9382,9557,verses,-11.9734,1,0,1,0,,1,0,,verse,,,1,0,E10K,SCOWL60_STABLE_2020.12.07+WN3.1
9383,9558,weakened,-11.9734,1,0,1,0,ADJ,0,0,,,,,0,0,E10K,SCOWL60_STABLE_2020.12.07+WN3.1
9384,9559,weighing,-11.9734,1,0,1,0,N,0,0,,,,,0,0,E10K,SCOWL60_STABLE_2020.12.07+WN3.1
9385,9560,accelerated,-11.9958,1,0,1,0,ADJ,1,0,,accelerate,,,1,0,E10K,SCOWL60_STABLE_2020.12.07+WN3.1
9386,9561,adjustments,-11.9958,1,0,1,0,,1,0,,adjustment,,,1,0,E10K,SCOWL60_STABLE_2020.12.07+WN3.1
9387,9562,alignment,-11.9958,1,1,1,0,N,0,0,,,,,0,0,E10K,SCOWL60_STABLE_2020.12.07+WN3.1
9388,9563,analogy,-11.9958,1,1,0,0,N,1,0,,analog,,,1,0,E10K,SCOWL60_STABLE_2020.12.07+WN3.1
9389,9564,applicants,-11.9958,1,0,1,0,,1,0,,applicant,,,1,0,E10K,SCOWL60_STABLE_2020.12.07+WN3.1
9390,9565,arguably,-11.9958,1,1,0,0,ADV,0,0,,,,,0,0,E10K,SCOWL60_STABLE_2020.12.07+WN3.1
9391,9566,attach,-11.9958,1,1,0,0,V,0,0,,,,,0,0,E10K,SCOWL60_STABLE_2020.12.07+WN3.1
9392,9567,backyard,-11.9958,1,1,0,0,N,0,0,,,,,0,0,E10K,SCOWL60_STABLE_2020.12.07+WN3.1
9393,9568,bangkok,-11.9958,0,0,0,0,N,0,0,,,,,0,0,E10K,SCOWL60_STABLE_2020.12.07+WN3.1
9394,9569,barack,-11.9958,0,0,0,0,,0,0,,,,,0,0,E10K,SCOWL60_STABLE_2020.12.07+WN3.1
9395,9570,barber,-11.9958,1,1,1,0,N|V,0,0,,,,,0,0,E10K,SCOWL60_STABLE_2020.12.07+WN3.1
9396,9571,barrels,-11.9958,1,0,1,0,N,1,0,,barrel,,,1,0,E10K,SCOWL60_STABLE_2020.12.07+WN3.1
9397,9572,benedict,-11.9958,0,0,0,0,N,0,0,,,,,0,0,E10K,SCOWL60_STABLE_2020.12.07+WN3.1
9398,9573,beverly,-11.9958,0,0,0,0,,0,0,,,,,0,0,E10K,SCOWL60_STABLE_2020.12.07+WN3.1
9399,9574,bombers,-11.9958,1,0,1,0,,1,0,,bomber,,,1,0,E10K,SCOWL60_STABLE_2020.12.07+WN3.1
9400,9575,boyd,-11.9958,0,0,0,0,,0,0,,,,,0,0,E10K,SCOWL60_STABLE_2020.12.07+WN3.1
9401,9576,bp,-11.9958,0,0,0,0,,0,0,,,,,0,0,E10K,SCOWL60_STABLE_2020.12.07+WN3.1
9402,9577,bracket,-11.9958,1,1,0,0,N|V,1,1,racket,,,brackets,1,1,E10K,SCOWL60_STABLE_2020.12.07+WN3.1
9403,9578,breakthrough,-11.9958,1,1,0,0,N,0,0,,,,,0,0,E10K,SCOWL60_STABLE_2020.12.07+WN3.1
9404,9579,broker,-11.9958,1,1,0,0,N|V,1,1,,broke,,brokers,1,1,E10K,SCOWL60_STABLE_2020.12.07+WN3.1
9405,9580,bt,-11.9958,0,0,0,0,,0,0,,,,,0,0,E10K,SCOWL60_STABLE_2020.12.07+WN3.1
9406,9581,cakes,-11.9958,1,0,1,0,,1,0,,cake,,,1,0,E10K,SCOWL60_STABLE_2020.12.07+WN3.1
9407,9582,castro,-11.9958,0,0,0,0,N,0,0,,,,,0,0,E10K,SCOWL60_STABLE_2020.12.07+WN3.1
9408,9584,chrome,-11.9958,1,1,0,0,N|V,0,0,,,,,0,0,E10K,SCOWL60_STABLE_2020.12.07+WN3.1
9409,9585,clearer,-11.9958,1,0,1,0,,0,0,,,,,0,0,E10K,SCOWL60_STABLE_2020.12.07+WN3.1
9410,9586,clergy,-11.9958,1,1,0,0,N,0,0,,,,,0,0,E10K,SCOWL60_STABLE_2020.12.07+WN3.1
9411,9587,commenced,-11.9958,1,0,1,0,,1,0,,commence,,,1,0,E10K,SCOWL60_STABLE_2020.12.07+WN3.1
9412,9588,comprised,-11.9958,1,0,1,0,,1,0,,comprise,,,1,0,E10K,SCOWL60_STABLE_2020.12.07+WN3.1
9413,9589,comprises,-11.9958,1,0,1,0,,1,0,,comprise,,,1,0,E10K,SCOWL60_STABLE_2020.12.07+WN3.1
9414,9590,compromised,-11.9958,1,0,1,0,,1,0,,compromise,,,1,0,E10K,SCOWL60_STABLE_2020.12.07+WN3.1
9415,9591,contested,-11.9958,1,1,1,0,ADJ,0,0,,,,,0,0,E10K,SCOWL60_STABLE_2020.12.07+WN3.1
9416,9592,copied,-11.9958,1,0,1,0,,0,0,,,,,0,0,E10K,SCOWL60_STABLE_2020.12.07+WN3.1
9417,9593,cosmic,-11.9958,1,1,0,0,ADJ,0,0,,,,,0,0,E10K,SCOWL60_STABLE_2020.12.07+WN3.1
9418,9594,cubs,-11.9958,1,0,1,0,,1,0,,cub,,,1,0,E10K,SCOWL60_STABLE_2020.12.07+WN3.1
9419,9595,cultivation,-11.9958,1,1,1,0,N,0,0,,,,,0,0,E10K,SCOWL60_STABLE_2020.12.07+WN3.1
9420,9596,deepest,-11.9958,1,0,1,0,,0,0,,,,,0,0,E10K,SCOWL60_STABLE_2020.12.07+WN3.1
9421,9597,dentist,-11.9958,1,1,0,0,N,1,1,,,,dentists,0,1,E10K,SCOWL60_STABLE_2020.12.07+WN3.1
9422,9598,depicted,-11.9958,1,0,1,0,ADJ,0,0,,,,,0,0,E10K,SCOWL60_STABLE_2020.12.07+WN3.1
9423,9599,descendants,-11.9958,1,0,1,0,N,1,0,,descendant,,,1,0,E10K,SCOWL60_STABLE_2020.12.07+WN3.1
9424,9600,developmental,-11.9958,1,1,0,0,ADJ,0,0,,,,,0,0,E10K,SCOWL60_STABLE_2020.12.07+WN3.1
9425,9601,dice,-11.9958,1,1,0,0,N|V,1,0,ice,,,,1,0,E10K,SCOWL60_STABLE_2020.12.07+WN3.1
9426,9602,digit,-11.9958,1,1,0,0,N,1,1,,,,digits,0,1,E10K,SCOWL60_STABLE_2020.12.07+WN3.1
9427,9603,discharged,-11.9958,1,1,1,0,ADJ,1,0,,discharge,,,1,0,E10K,SCOWL60_STABLE_2020.12.07+WN3.1
9428,9604,disciplinary,-11.9958,1,1,0,0,ADJ,0,0,,,,,0,0,E10K,SCOWL60_STABLE_2020.12.07+WN3.1
9429,9605,distribute,-11.9958,1,1,0,0,V,1,1,,,,distributed,0,1,E10K,SCOWL60_STABLE_2020.12.07+WN3.1
9430,9606,dong,-11.9958,1,1,0,0,N|V,1,0,,don,,,1,0,E10K,SCOWL60_STABLE_2020.12.07+WN3.1
9431,9607,doom,-11.9958,1,1,0,0,N|V,0,0,,,,,0,0,E10K,SCOWL60_STABLE_2020.12.07+WN3.1
9432,9608,educators,-11.9958,1,0,1,0,,1,0,,educator,,,1,0,E10K,SCOWL60_STABLE_2020.12.07+WN3.1
9433,9609,efficiently,-11.9958,1,0,1,0,ADV,0,0,,,,,0,0,E10K,SCOWL60_STABLE_2020.12.07+WN3.1
9434,9610,ethiopia,-11.9958,0,0,0,0,N,0,0,,,,,0,0,E10K,SCOWL60_STABLE_2020.12.07+WN3.1
9435,9611,exchanged,-11.9958,1,0,1,0,ADJ,1,0,,exchange,,,1,0,E10K,SCOWL60_STABLE_2020.12.07+WN3.1
9436,9612,exhibitions,-11.9958,1,0,1,0,,1,0,,exhibition,,,1,0,E10K,SCOWL60_STABLE_2020.12.07+WN3.1
9437,9613,exhibits,-11.9958,1,0,1,0,,1,0,,exhibit,,,1,0,E10K,SCOWL60_STABLE_2020.12.07+WN3.1
9438,9614,expired,-11.9958,1,1,1,0,ADJ,1,0,,expire,,,1,0,E10K,SCOWL60_STABLE_2020.12.07+WN3.1
9439,9615,extensions,-11.9958,1,0,1,0,,1,0,,extension,,,1,0,E10K,SCOWL60_STABLE_2020.12.07+WN3.1
9440,9616,fairness,-11.9958,1,1,1,0,N,0,0,,,,,0,0,E10K,SCOWL60_STABLE_2020.12.07+WN3.1
9441,9617,fertility,-11.9958,1,1,0,0,N,0,0,,,,,0,0,E10K,SCOWL60_STABLE_2020.12.07+WN3.1
9442,9619,frequencies,-11.9958,1,1,0,0,,0,0,,,,,0,0,E10K,SCOWL60_STABLE_2020.12.07+WN3.1
9443,9620,generals,-11.9958,1,0,1,0,,1,0,,general,,,1,0,E10K,SCOWL60_STABLE_2020.12.07+WN3.1
9444,9621,gov,-11.9958,1,1,0,0,,1,1,,go,,govt,1,1,E10K,SCOWL60_STABLE_2020.12.07+WN3.1
9445,9622,greens,-11.9958,1,0,1,0,N,1,0,,green,,,1,0,E10K,SCOWL60_STABLE_2020.12.07+WN3.1
9446,9623,gt,-11.9958,1,1,0,0,,0,0,,,,,0,0,E10K,SCOWL60_STABLE_2020.12.07+WN3.1
9447,9624,heather,-11.9958,1,1,1,0,N,0,0,,,,,0,0,E10K,SCOWL60_STABLE_2020.12.07+WN3.1
9448,9625,hes,-11.9958,1,0,1,0,,1,1,es,he,shes,,2,1,E10K,SCOWL60_STABLE_2020.12.07+WN3.1
9449,9626,honoured,-11.9958,0,0,0,0,,0,0,,,,,0,0,E10K,SCOWL60_STABLE_2020.12.07+WN3.1
9450,9627,ideals,-11.9958,1,0,1,0,,1,0,deals,ideal,,,2,0,E10K,SCOWL60_STABLE_2020.12.07+WN3.1
9451,9628,ideological,-11.9958,1,1,0,0,ADJ,0,0,,,,,0,0,E10K,SCOWL60_STABLE_2020.12.07+WN3.1
9452,9629,institutes,-11.9958,1,0,1,0,,1,0,,institute,,,1,0,E10K,SCOWL60_STABLE_2020.12.07+WN3.1
9453,9630,intervene,-11.9958,1,1,0,0,V,1,1,,,,intervened,0,1,E10K,SCOWL60_STABLE_2020.12.07+WN3.1
9454,9631,invaded,-11.9958,1,0,1,0,,1,0,,invade,,,1,0,E10K,SCOWL60_STABLE_2020.12.07+WN3.1
9455,9632,ironic,-11.9958,1,1,0,0,ADJ,0,0,,,,,0,0,E10K,SCOWL60_STABLE_2020.12.07+WN3.1
9456,9633,irrigation,-11.9958,1,1,1,0,N,0,0,,,,,0,0,E10K,SCOWL60_STABLE_2020.12.07+WN3.1
9457,9634,johnston,-11.9958,0,0,0,0,N,0,0,,,,,0,0,E10K,SCOWL60_STABLE_2020.12.07+WN3.1
9458,9635,judiciary,-11.9958,1,1,0,0,N,0,0,,,,,0,0,E10K,SCOWL60_STABLE_2020.12.07+WN3.1
9459,9636,ka,-11.9958,0,0,0,0,N,0,0,,,,,0,0,E10K,SCOWL60_STABLE_2020.12.07+WN3.1
9460,9637,laboratories,-11.9958,1,0,1,0,,0,0,,,,,0,0,E10K,SCOWL60_STABLE_2020.12.07+WN3.1
9461,9638,laden,-11.9958,1,1,1,0,V|ADJ,0,0,,,,,0,0,E10K,SCOWL60_STABLE_2020.12.07+WN3.1
9462,9639,levy,-11.9958,1,1,0,0,N|V,0,0,,,,,0,0,E10K,SCOWL60_STABLE_2020.12.07+WN3.1
9463,9640,liberties,-11.9958,1,0,1,0,,0,0,,,,,0,0,E10K,SCOWL60_STABLE_2020.12.07+WN3.1
9464,9641,locomotive,-11.9958,1,1,0,0,N|ADJ,1,1,,,,locomotives,0,1,E10K,SCOWL60_STABLE_2020.12.07+WN3.1
9465,9642,lowering,-11.9958,1,0,1,0,N|ADJ,1,1,,,flowering,,0,1,E10K,SCOWL60_STABLE_2020.12.07+WN3.1
9466,9643,luckily,-11.9958,1,1,0,0,ADV,0,0,,,,,0,0,E10K,SCOWL60_STABLE_2020.12.07+WN3.1
9467,9644,madonna,-11.9958,0,0,0,0,N,0,0,,,,,0,0,E10K,SCOWL60_STABLE_2020.12.07+WN3.1
9468,9645,manor,-11.9958,1,1,0,0,N,0,0,,,,,0,0,E10K,SCOWL60_STABLE_2020.12.07+WN3.1
9469,9646,megan,-11.9958,0,0,0,0,,0,0,,,,,0,0,E10K,SCOWL60_STABLE_2020.12.07+WN3.1
9470,9647,melting,-11.9958,1,0,1,0,N|ADJ,0,0,,,,,0,0,E10K,SCOWL60_STABLE_2020.12.07+WN3.1
9471,9648,minimize,-11.9958,1,1,0,0,V,0,0,,,,,0,0,E10K,SCOWL60_STABLE_2020.12.07+WN3.1
9472,9649,mins,-11.9958,0,0,0,0,,0,0,,,,,0,0,E10K,SCOWL60_STABLE_2020.12.07+WN3.1
9473,9650,missionaries,-11.9958,1,0,1,0,,0,0,,,,,0,0,E10K,SCOWL60_STABLE_2020.12.07+WN3.1
9474,9651,mitch,-11.9958,0,0,0,0,,0,0,,,,,0,0,E10K,SCOWL60_STABLE_2020.12.07+WN3.1
9475,9652,monitored,-11.9958,1,0,1,0,,0,0,,,,,0,0,E10K,SCOWL60_STABLE_2020.12.07+WN3.1
9476,9653,nap,-11.9958,1,1,0,0,N|V,1,1,,,snap,,0,1,E10K,SCOWL60_STABLE_2020.12.07+WN3.1
9477,9654,nationality,-11.9958,1,1,0,0,N,0,0,,,,,0,0,E10K,SCOWL60_STABLE_2020.12.07+WN3.1
9478,9656,nominations,-11.9958,1,0,1,0,,1,0,,nomination,,,1,0,E10K,SCOWL60_STABLE_2020.12.07+WN3.1
9479,9657,olivia,-11.9958,0,0,0,0,,0,0,,,,,0,0,E10K,SCOWL60_STABLE_2020.12.07+WN3.1
9480,9658,ot,-11.9958,0,0,0,0,,0,0,,,,,0,0,E10K,SCOWL60_STABLE_2020.12.07+WN3.1
9481,9659,outright,-11.9958,1,1,0,0,ADJ|ADV,0,0,,,,,0,0,E10K,SCOWL60_STABLE_2020.12.07+WN3.1
9482,9660,overly,-11.9958,1,1,1,0,ADV,0,0,,,,,0,0,E10K,SCOWL60_STABLE_2020.12.07+WN3.1
9483,9661,patches,-11.9958,1,0,1,0,,0,0,,,,,0,0,E10K,SCOWL60_STABLE_2020.12.07+WN3.1
9484,9662,patron,-11.9958,1,1,0,0,N,1,1,,,,patrons,0,1,E10K,SCOWL60_STABLE_2020.12.07+WN3.1
9485,9663,presently,-11.9958,1,0,1,0,ADV,0,0,,,,,0,0,E10K,SCOWL60_STABLE_2020.12.07+WN3.1
9486,9664,princes,-11.9958,1,0,1,0,,1,1,,prince,,princess,1,1,E10K,SCOWL60_STABLE_2020.12.07+WN3.1
9487,9665,providence,-11.9958,1,1,0,0,N,0,0,,,,,0,0,E10K,SCOWL60_STABLE_2020.12.07+WN3.1
9488,9666,provisional,-11.9958,1,1,0,0,ADJ,0,0,,,,,0,0,E10K,SCOWL60_STABLE_2020.12.07+WN3.1
9489,9668,psychologist,-11.9958,1,1,0,0,N,1,1,,,,psychologists,0,1,E10K,SCOWL60_STABLE_2020.12.07+WN3.1
9490,9669,ramp,-11.9958,1,1,0,0,N|V,1,1,amp,ram,tramp,,2,1,E10K,SCOWL60_STABLE_2020.12.07+WN3.1
9491,9670,recovering,-11.9958,1,0,1,0,ADJ,0,0,,,,,0,0,E10K,SCOWL60_STABLE_2020.12.07+WN3.1
9492,9671,reef,-11.9958,1,1,0,0,N|V,1,1,,,,reefs,0,1,E10K,SCOWL60_STABLE_2020.12.07+WN3.1
9493,9672,regrets,-11.9958,1,0,1,0,N,1,0,,regret,,,1,0,E10K,SCOWL60_STABLE_2020.12.07+WN3.1
9494,9673,resumed,-11.9958,1,0,1,0,,1,1,,resume,presumed,,1,1,E10K,SCOWL60_STABLE_2020.12.07+WN3.1
9495,9674,retention,-11.9958,1,1,0,0,N,0,0,,,,,0,0,E10K,SCOWL60_STABLE_2020.12.07+WN3.1
9496,9675,rig,-11.9958,1,1,0,0,N|V,1,1,,,brig,,0,1,E10K,SCOWL60_STABLE_2020.12.07+WN3.1
9497,9676,roommate,-11.9958,1,1,0,0,N,1,1,,,,roommates,0,1,E10K,SCOWL60_STABLE_2020.12.07+WN3.1
9498,9677,sacrifices,-11.9958,1,0,1,0,,1,0,,sacrifice,,,1,0,E10K,SCOWL60_STABLE_2020.12.07+WN3.1
9499,9678,saga,-11.9958,1,1,0,0,N,0,0,,,,,0,0,E10K,SCOWL60_STABLE_2020.12.07+WN3.1
9500,9679,sailed,-11.9958,1,0,1,0,,0,0,,,,,0,0,E10K,SCOWL60_STABLE_2020.12.07+WN3.1
9501,9680,sailor,-11.9958,1,1,0,0,N,1,1,,,,sailors,0,1,E10K,SCOWL60_STABLE_2020.12.07+WN3.1
9502,9681,scroll,-11.9958,1,1,0,0,N|V,1,1,,,,scrolls,0,1,E10K,SCOWL60_STABLE_2020.12.07+WN3.1
9503,9682,shiny,-11.9958,1,1,0,0,ADJ,1,0,,shin,,,1,0,E10K,SCOWL60_STABLE_2020.12.07+WN3.1
9504,9683,shotgun,-11.9958,1,1,0,0,N,0,0,,,,,0,0,E10K,SCOWL60_STABLE_2020.12.07+WN3.1
9505,9684,skins,-11.9958,1,0,1,0,,1,0,,skin,,,1,0,E10K,SCOWL60_STABLE_2020.12.07+WN3.1
9506,9685,softly,-11.9958,1,0,1,0,ADV,0,0,,,,,0,0,E10K,SCOWL60_STABLE_2020.12.07+WN3.1
9507,9687,sorted,-11.9958,1,1,1,0,ADJ,0,0,,,,,0,0,E10K,SCOWL60_STABLE_2020.12.07+WN3.1
9508,9688,sox,-11.9958,0,0,0,0,,0,0,,,,,0,0,E10K,SCOWL60_STABLE_2020.12.07+WN3.1
9509,9689,spelled,-11.9958,1,0,1,0,,0,0,,,,,0,0,E10K,SCOWL60_STABLE_2020.12.07+WN3.1
9510,9690,suburb,-11.9958,1,1,0,0,N,1,1,,,,suburbs,0,1,E10K,SCOWL60_STABLE_2020.12.07+WN3.1
9511,9691,sucking,-11.9958,1,0,1,0,N,0,0,,,,,0,0,E10K,SCOWL60_STABLE_2020.12.07+WN3.1
9512,9692,sued,-11.9958,1,0,1,0,,1,0,,sue,,,1,0,E10K,SCOWL60_STABLE_2020.12.07+WN3.1
9513,9693,supper,-11.9958,1,1,1,0,N,1,0,upper,,,,1,0,E10K,SCOWL60_STABLE_2020.12.07+WN3.1
9514,9694,tampa,-11.9958,0,0,0,0,N,0,0,,,,,0,0,E10K,SCOWL60_STABLE_2020.12.07+WN3.1
9515,9695,tasty,-11.9958,1,1,0,0,ADJ,0,0,,,,,0,0,E10K,SCOWL60_STABLE_2020.12.07+WN3.1
9516,9696,temper,-11.9958,1,1,1,0,N|V,0,0,,,,,0,0,E10K,SCOWL60_STABLE_2020.12.07+WN3.1
9517,9697,tended,-11.9958,1,1,1,0,,1,0,ended,,,,1,0,E10K,SCOWL60_STABLE_2020.12.07+WN3.1
9518,9698,terminated,-11.9958,1,0,1,0,ADJ,1,0,,terminate,,,1,0,E10K,SCOWL60_STABLE_2020.12.07+WN3.1
9519,9699,terrific,-11.9958,1,1,0,0,ADJ,0,0,,,,,0,0,E10K,SCOWL60_STABLE_2020.12.07+WN3.1
9520,9701,theaters,-11.9958,1,0,1,0,,1,0,,theater,,,1,0,E10K,SCOWL60_STABLE_2020.12.07+WN3.1
9521,9702,themed,-11.9958,1,0,1,0,,1,0,,theme,,,1,0,E10K,SCOWL60_STABLE_2020.12.07+WN3.1
9522,9703,thickness,-11.9958,1,1,1,0,N,0,0,,,,,0,0,E10K,SCOWL60_STABLE_2020.12.07+WN3.1
9523,9704,tornado,-11.9958,1,1,0,0,N,0,0,,,,,0,0,E10K,SCOWL60_STABLE_2020.12.07+WN3.1
9524,9705,tracy,-11.9958,0,0,0,0,N,0,0,,,,,0,0,E10K,SCOWL60_STABLE_2020.12.07+WN3.1
9525,9706,ur,-11.9958,0,0,0,0,N,0,0,,,,,0,0,E10K,SCOWL60_STABLE_2020.12.07+WN3.1
9526,9707,variant,-11.9958,1,1,0,0,N|ADJ,1,1,,,,variants,0,1,E10K,SCOWL60_STABLE_2020.12.07+WN3.1
9527,9708,vendors,-11.9958,1,0,1,0,,1,0,,vendor,,,1,0,E10K,SCOWL60_STABLE_2020.12.07+WN3.1
9528,9709,viewer,-11.9958,1,1,1,0,N,1,1,,,,viewers,0,1,E10K,SCOWL60_STABLE_2020.12.07+WN3.1
9529,9710,wandering,-11.9958,1,0,1,0,N|ADJ,0,0,,,,,0,0,E10K,SCOWL60_STABLE_2020.12.07+WN3.1
9530,9711,wendy,-11.9958,0,0,0,0,,0,0,,,,,0,0,E10K,SCOWL60_STABLE_2020.12.07+WN3.1
9531,9712,winnipeg,-11.9958,0,0,0,0,N,0,0,,,,,0,0,E10K,SCOWL60_STABLE_2020.12.07+WN3.1
9532,9713,withdrew,-11.9958,1,1,0,0,,0,0,,,,,0,0,E10K,SCOWL60_STABLE_2020.12.07+WN3.1
9533,9714,wwe,-11.9958,0,0,0,0,,0,0,,,,,0,0,E10K,SCOWL60_STABLE_2020.12.07+WN3.1
9534,9715,abs,-12.0188,1,1,1,0,N,1,1,,ab,labs;tabs,,1,2,E10K,SCOWL60_STABLE_2020.12.07+WN3.1
9535,9716,abundant,-12.0188,1,1,0,0,ADJ,0,0,,,,,0,0,E10K,SCOWL60_STABLE_2020.12.07+WN3.1
9536,9717,academics,-12.0188,1,0,1,0,,1,0,,academic,,,1,0,E10K,SCOWL60_STABLE_2020.12.07+WN3.1
9537,9718,activate,-12.0188,1,1,0,0,V,1,1,,,,activated,0,1,E10K,SCOWL60_STABLE_2020.12.07+WN3.1
9538,9719,adequately,-12.0188,1,0,1,0,ADV,0,0,,,,,0,0,E10K,SCOWL60_STABLE_2020.12.07+WN3.1
9539,9720,adopting,-12.0188,1,0,1,0,,0,0,,,,,0,0,E10K,SCOWL60_STABLE_2020.12.07+WN3.1
9540,9721,aligned,-12.0188,1,1,1,0,ADJ,0,0,,,,,0,0,E10K,SCOWL60_STABLE_2020.12.07+WN3.1
9541,9722,allan,-12.0188,0,0,0,0,,0,0,,,,,0,0,E10K,SCOWL60_STABLE_2020.12.07+WN3.1
9542,9723,appoint,-12.0188,1,1,0,0,V,0,0,,,,,0,0,E10K,SCOWL60_STABLE_2020.12.07+WN3.1
9543,9724,archer,-12.0188,1,1,1,0,N,1,1,,,,archers,0,1,E10K,SCOWL60_STABLE_2020.12.07+WN3.1
9544,9725,armenian,-12.0188,0,0,0,0,N|ADJ,0,0,,,,,0,0,E10K,SCOWL60_STABLE_2020.12.07+WN3.1
9545,9726,attorneys,-12.0188,1,0,1,0,,1,0,,attorney,,,1,0,E10K,SCOWL60_STABLE_2020.12.07+WN3.1
9546,9727,aww,-12.0188,0,0,0,0,,0,0,,,,,0,0,E10K,SCOWL60_STABLE_2020.12.07+WN3.1
9547,9728,balancing,-12.0188,1,0,1,0,N,0,0,,,,,0,0,E10K,SCOWL60_STABLE_2020.12.07+WN3.1
9548,9729,betrayed,-12.0188,1,0,1,0,,0,0,,,,,0,0,E10K,SCOWL60_STABLE_2020.12.07+WN3.1
9549,9730,bibliography,-12.0188,1,1,0,0,N,0,0,,,,,0,0,E10K,SCOWL60_STABLE_2020.12.07+WN3.1
9550,9731,bids,-12.0188,1,0,1,0,,1,0,ids,bid,,,2,0,E10K,SCOWL60_STABLE_2020.12.07+WN3.1
9551,9732,borrowing,-12.0188,1,1,1,0,N,0,0,,,,,0,0,E10K,SCOWL60_STABLE_2020.12.07+WN3.1
9552,9733,browns,-12.0188,1,0,1,0,,1,0,,brown,,,1,0,E10K,SCOWL60_STABLE_2020.12.07+WN3.1
9553,9734,candles,-12.0188,1,0,1,0,,1,0,,candle,,,1,0,E10K,SCOWL60_STABLE_2020.12.07+WN3.1
9554,9735,cane,-12.0188,1,1,0,0,N|V,1,0,,can,,,1,0,E10K,SCOWL60_STABLE_2020.12.07+WN3.1
9555,9736,christina,-12.0188,0,0,0,0,,0,0,,,,,0,0,E10K,SCOWL60_STABLE_2020.12.07+WN3.1
9556,9737,cincinnati,-12.0188,0,0,0,0,N,0,0,,,,,0,0,E10K,SCOWL60_STABLE_2020.12.07+WN3.1
9557,9738,clutch,-12.0188,1,1,0,0,N|V,0,0,,,,,0,0,E10K,SCOWL60_STABLE_2020.12.07+WN3.1
9558,9739,commanders,-12.0188,1,0,1,0,,1,0,,commander,,,1,0,E10K,SCOWL60_STABLE_2020.12.07+WN3.1
9559,9740,cone,-12.0188,1,1,1,0,N|V,1,1,one,con,,cones,2,1,E10K,SCOWL60_STABLE_2020.12.07+WN3.1
9560,9741,connor,-12.0188,0,0,0,0,,0,0,,,,,0,0,E10K,SCOWL60_STABLE_2020.12.07+WN3.1
9561,9742,continuation,-12.0188,1,1,0,0,N,0,0,,,,,0,0,E10K,SCOWL60_STABLE_2020.12.07+WN3.1
9562,9743,crow,-12.0188,1,1,0,0,N|V,1,1,row,,,crowd;crown;crows,1,3,E10K,SCOWL60_STABLE_2020.12.07+WN3.1
9563,9744,cubic,-12.0188,1,1,0,0,ADJ,0,0,,,,,0,0,E10K,SCOWL60_STABLE_2020.12.07+WN3.1
9564,9745,cyprus,-12.0188,0,0,0,0,N,0,0,,,,,0,0,E10K,SCOWL60_STABLE_2020.12.07+WN3.1
9565,9746,defendants,-12.0188,1,0,1,0,,1,0,,defendant,,,1,0,E10K,SCOWL60_STABLE_2020.12.07+WN3.1
9566,9747,deprived,-12.0188,1,0,1,0,ADJ,1,0,,deprive,,,1,0,E10K,SCOWL60_STABLE_2020.12.07+WN3.1
9567,9748,din,-12.0188,1,1,0,0,N|V,1,1,in,,,ding;dine,1,2,E10K,SCOWL60_STABLE_2020.12.07+WN3.1
9568,9749,disasters,-12.0188,1,0,1,0,,1,0,,disaster,,,1,0,E10K,SCOWL60_STABLE_2020.12.07+WN3.1
9569,9750,disclose,-12.0188,1,1,0,0,V,1,1,,,,disclosed,0,1,E10K,SCOWL60_STABLE_2020.12.07+WN3.1
9570,9751,discoveries,-12.0188,1,0,1,0,,0,0,,,,,0,0,E10K,SCOWL60_STABLE_2020.12.07+WN3.1
9571,9752,dismiss,-12.0188,1,0,1,0,V,0,0,,,,,0,0,E10K,SCOWL60_STABLE_2020.12.07+WN3.1
9572,9753,duchess,-12.0188,1,1,0,0,N,0,0,,,,,0,0,E10K,SCOWL60_STABLE_2020.12.07+WN3.1
9573,9754,einstein,-12.0188,0,0,0,0,N,0,0,,,,,0,0,E10K,SCOWL60_STABLE_2020.12.07+WN3.1
9574,9755,elephants,-12.0188,1,0,1,0,,1,0,,elephant,,,1,0,E10K,SCOWL60_STABLE_2020.12.07+WN3.1
9575,9756,emission,-12.0188,1,1,0,0,N,1,1,mission,,remission,emissions,1,2,E10K,SCOWL60_STABLE_2020.12.07+WN3.1
9576,9757,employs,-12.0188,1,0,1,0,,1,0,,employ,,,1,0,E10K,SCOWL60_STABLE_2020.12.07+WN3.1
9577,9758,endurance,-12.0188,1,1,0,0,N,0,0,,,,,0,0,E10K,SCOWL60_STABLE_2020.12.07+WN3.1
9578,9759,endure,-12.0188,1,1,0,0,V,1,1,,,,endured,0,1,E10K,SCOWL60_STABLE_2020.12.07+WN3.1
9579,9760,enrollment,-12.0188,1,1,1,0,N,0,0,,,,,0,0,E10K,SCOWL60_STABLE_2020.12.07+WN3.1
9580,9761,eventual,-12.0188,1,1,0,0,ADJ,0,0,,,,,0,0,E10K,SCOWL60_STABLE_2020.12.07+WN3.1
9581,9762,exclude,-12.0188,1,1,0,0,V,1,1,,,,excluded;excludes,0,2,E10K,SCOWL60_STABLE_2020.12.07+WN3.1
9582,9763,explosives,-12.0188,1,0,1,0,,1,0,,explosive,,,1,0,E10K,SCOWL60_STABLE_2020.12.07+WN3.1
9583,9764,factions,-12.0188,1,0,1,0,,1,0,actions,faction,,,2,0,E10K,SCOWL60_STABLE_2020.12.07+WN3.1
9584,9765,favourable,-12.0188,0,0,0,0,ADJ,0,0,,,,,0,0,E10K,SCOWL60_STABLE_2020.12.07+WN3.1
9585,9766,feasible,-12.0188,1,1,0,0,ADJ,0,0,,,,,0,0,E10K,SCOWL60_STABLE_2020.12.07+WN3.1
9586,9767,fictional,-12.0188,1,1,0,0,ADJ,0,0,,,,,0,0,E10K,SCOWL60_STABLE_2020.12.07+WN3.1
9587,9768,fireworks,-12.0188,1,0,1,0,,0,0,,,,,0,0,E10K,SCOWL60_STABLE_2020.12.07+WN3.1
9588,9769,flats,-12.0188,1,0,1,0,N,1,0,,flat,,,1,0,E10K,SCOWL60_STABLE_2020.12.07+WN3.1
9589,9770,gangs,-12.0188,1,0,1,0,,1,0,,gang,,,1,0,E10K,SCOWL60_STABLE_2020.12.07+WN3.1
9590,9771,gmt,-12.0188,0,0,0,0,N,0,0,,,,,0,0,E10K,SCOWL60_STABLE_2020.12.07+WN3.1
9591,9772,gp,-12.0188,0,0,0,0,N,0,0,,,,,0,0,E10K,SCOWL60_STABLE_2020.12.07+WN3.1
9592,9773,granting,-12.0188,1,0,1,0,,0,0,,,,,0,0,E10K,SCOWL60_STABLE_2020.12.07+WN3.1
9593,9774,haul,-12.0188,1,1,0,0,N|V,0,0,,,,,0,0,E10K,SCOWL60_STABLE_2020.12.07+WN3.1
9594,9775,heel,-12.0188,1,1,0,0,N|V,1,1,,,wheel,heels,0,2,E10K,SCOWL60_STABLE_2020.12.07+WN3.1
9595,9776,herd,-12.0188,1,1,0,0,N|V,1,1,,her,,herds,1,1,E10K,SCOWL60_STABLE_2020.12.07+WN3.1
9596,9777,hindi,-12.0188,0,0,0,0,N|ADJ,0,0,,,,,0,0,E10K,SCOWL60_STABLE_2020.12.07+WN3.1
9597,9778,hormone,-12.0188,1,1,0,0,N,1,1,,,,hormones,0,1,E10K,SCOWL60_STABLE_2020.12.07+WN3.1
9598,9779,ideally,-12.0188,1,0,1,0,ADV,0,0,,,,,0,0,E10K,SCOWL60_STABLE_2020.12.07+WN3.1
9599,9780,illustrate,-12.0188,1,1,0,0,V,1,1,,,,illustrated;illustrates,0,2,E10K,SCOWL60_STABLE_2020.12.07+WN3.1
9600,9781,imagery,-12.0188,1,1,0,0,N,0,0,,,,,0,0,E10K,SCOWL60_STABLE_2020.12.07+WN3.1
9601,9782,initiate,-12.0188,1,1,0,0,N|V,1,1,,,,initiated,0,1,E10K,SCOWL60_STABLE_2020.12.07+WN3.1
9602,9783,injustice,-12.0188,1,0,1,0,N,0,0,,,,,0,0,E10K,SCOWL60_STABLE_2020.12.07+WN3.1
9603,9784,inquiries,-12.0188,1,0,1,0,,0,0,,,,,0,0,E10K,SCOWL60_STABLE_2020.12.07+WN3.1
9604,9785,inserted,-12.0188,1,0,1,0,,0,0,,,,,0,0,E10K,SCOWL60_STABLE_2020.12.07+WN3.1
9605,9786,installing,-12.0188,1,0,1,0,N,0,0,,,,,0,0,E10K,SCOWL60_STABLE_2020.12.07+WN3.1
9606,9787,intervals,-12.0188,1,0,1,0,,1,0,,interval,,,1,0,E10K,SCOWL60_STABLE_2020.12.07+WN3.1
9607,9788,ira,-12.0188,0,0,0,0,N,0,0,,,,,0,0,E10K,SCOWL60_STABLE_2020.12.07+WN3.1
9608,9789,ironically,-12.0188,1,0,1,0,ADV,0,0,,,,,0,0,E10K,SCOWL60_STABLE_2020.12.07+WN3.1
9609,9790,ivy,-12.0188,1,1,0,0,N,1,0,,iv,,,1,0,E10K,SCOWL60_STABLE_2020.12.07+WN3.1
9610,9791,je,-12.0188,0,0,0,0,,0,0,,,,,0,0,E10K,SCOWL60_STABLE_2020.12.07+WN3.1
9611,9792,jelly,-12.0188,1,1,0,0,N|V,0,0,,,,,0,0,E10K,SCOWL60_STABLE_2020.12.07+WN3.1
9612,9793,johns,-12.0188,1,0,1,0,N,1,0,,john,,,1,0,E10K,SCOWL60_STABLE_2020.12.07+WN3.1
9613,9794,katherine,-12.0188,0,0,0,0,,0,0,,,,,0,0,E10K,SCOWL60_STABLE_2020.12.07+WN3.1
9614,9795,labs,-12.0188,1,0,1,0,,1,0,abs,lab,,,2,0,E10K,SCOWL60_STABLE_2020.12.07+WN3.1
9615,9796,leicester,-12.0188,0,0,0,0,N,0,0,,,,,0,0,E10K,SCOWL60_STABLE_2020.12.07+WN3.1
9616,9797,lenses,-12.0188,1,0,1,0,,0,0,,,,,0,0,E10K,SCOWL60_STABLE_2020.12.07+WN3.1
9617,9798,lid,-12.0188,1,1,0,0,N,1,1,id,,slid,,1,1,E10K,SCOWL60_STABLE_2020.12.07+WN3.1
9618,9799,limitation,-12.0188,1,1,0,0,N,1,1,imitation,,,limitations,1,1,E10K,SCOWL60_STABLE_2020.12.07+WN3.1
9619,9800,lionel,-12.0188,0,0,0,0,,0,0,,,,,0,0,E10K,SCOWL60_STABLE_2020.12.07+WN3.1
9620,9801,loudly,-12.0188,1,0,1,0,ADV,0,0,,,,,0,0,E10K,SCOWL60_STABLE_2020.12.07+WN3.1
9621,9802,marginal,-12.0188,1,1,0,0,ADJ,0,0,,,,,0,0,E10K,SCOWL60_STABLE_2020.12.07+WN3.1
9622,9803,marx,-12.0188,0,0,0,0,N,0,0,,,,,0,0,E10K,SCOWL60_STABLE_2020.12.07+WN3.1
9623,9804,medications,-12.0188,1,0,1,0,,1,0,,medication,,,1,0,E10K,SCOWL60_STABLE_2020.12.07+WN3.1
9624,9805,mel,-12.0188,0,0,0,0,,0,0,,,,,0,0,E10K,SCOWL60_STABLE_2020.12.07+WN3.1
9625,9806,melissa,-12.0188,0,0,0,0,N,0,0,,,,,0,0,E10K,SCOWL60_STABLE_2020.12.07+WN3.1
9626,9807,messy,-12.0188,1,1,0,0,ADJ,1,0,,mess,,,1,0,E10K,SCOWL60_STABLE_2020.12.07+WN3.1
9627,9808,microwave,-12.0188,1,1,0,0,N|V,0,0,,,,,0,0,E10K,SCOWL60_STABLE_2020.12.07+WN3.1
9628,9809,monarchy,-12.0188,1,1,0,0,N,1,0,,monarch,,,1,0,E10K,SCOWL60_STABLE_2020.12.07+WN3.1
9629,9810,murderer,-12.0188,1,1,1,0,N,1,1,,,,murderers,0,1,E10K,SCOWL60_STABLE_2020.12.07+WN3.1
9630,9811,nothin,-12.0188,0,0,0,0,,0,0,,,,,0,0,E10K,SCOWL60_STABLE_2020.12.07+WN3.1
9631,9813,observing,-12.0188,1,0,1,0,ADJ,0,0,,,,,0,0,E10K,SCOWL60_STABLE_2020.12.07+WN3.1
9632,9814,obstacle,-12.0188,1,1,0,0,N,1,1,,,,obstacles,0,1,E10K,SCOWL60_STABLE_2020.12.07+WN3.1
9633,9815,ohh,-12.0188,0,0,0,0,,0,0,,,,,0,0,E10K,SCOWL60_STABLE_2020.12.07+WN3.1
9634,9816,partnerships,-12.0188,1,0,1,0,,1,0,,partnership,,,1,0,E10K,SCOWL60_STABLE_2020.12.07+WN3.1
9635,9817,perceive,-12.0188,1,1,0,0,V,1,1,,,,perceived,0,1,E10K,SCOWL60_STABLE_2020.12.07+WN3.1
9636,9818,positioned,-12.0188,1,1,0,0,,0,0,,,,,0,0,E10K,SCOWL60_STABLE_2020.12.07+WN3.1
9637,9819,prague,-12.0188,0,0,0,0,N,0,0,,,,,0,0,E10K,SCOWL60_STABLE_2020.12.07+WN3.1
9638,9820,prevalent,-12.0188,1,1,0,0,ADJ,0,0,,,,,0,0,E10K,SCOWL60_STABLE_2020.12.07+WN3.1
9639,9821,probation,-12.0188,1,1,1,0,N,0,0,,,,,0,0,E10K,SCOWL60_STABLE_2020.12.07+WN3.1
9640,9822,projection,-12.0188,1,1,0,0,N,1,1,,,,projections,0,1,E10K,SCOWL60_STABLE_2020.12.07+WN3.1
9641,9823,protesters,-12.0188,1,0,1,0,,0,0,,,,,0,0,E10K,SCOWL60_STABLE_2020.12.07+WN3.1
9642,9824,protocols,-12.0188,1,0,1,0,,1,0,,protocol,,,1,0,E10K,SCOWL60_STABLE_2020.12.07+WN3.1
9643,9825,pumping,-12.0188,1,0,1,0,,0,0,,,,,0,0,E10K,SCOWL60_STABLE_2020.12.07+WN3.1
9644,9826,ranged,-12.0188,1,0,1,0,,1,0,,range,,,1,0,E10K,SCOWL60_STABLE_2020.12.07+WN3.1
9645,9827,refund,-12.0188,1,1,1,0,N|V,0,0,,,,,0,0,E10K,SCOWL60_STABLE_2020.12.07+WN3.1
9646,9828,rendering,-12.0188,1,1,1,0,N,0,0,,,,,0,0,E10K,SCOWL60_STABLE_2020.12.07+WN3.1
9647,9829,reservations,-12.0188,1,0,1,0,,1,0,,reservation,,,1,0,E10K,SCOWL60_STABLE_2020.12.07+WN3.1
9648,9830,restoring,-12.0188,1,0,1,0,,0,0,,,,,0,0,E10K,SCOWL60_STABLE_2020.12.07+WN3.1
9649,9831,reuters,-12.0188,0,0,0,0,,0,0,,,,,0,0,E10K,SCOWL60_STABLE_2020.12.07+WN3.1
9650,9832,reverend,-12.0188,1,1,0,0,N|ADJ,0,0,,,,,0,0,E10K,SCOWL60_STABLE_2020.12.07+WN3.1
9651,9833,roast,-12.0188,1,1,0,0,N|V|ADJ,0,0,,,,,0,0,E10K,SCOWL60_STABLE_2020.12.07+WN3.1
9652,9834,rotten,-12.0188,1,1,0,0,ADJ,0,0,,,,,0,0,E10K,SCOWL60_STABLE_2020.12.07+WN3.1
9653,9835,royalty,-12.0188,1,1,0,0,N,0,0,,,,,0,0,E10K,SCOWL60_STABLE_2020.12.07+WN3.1
9654,9836,sandra,-12.0188,0,0,0,0,,0,0,,,,,0,0,E10K,SCOWL60_STABLE_2020.12.07+WN3.1
9655,9837,santiago,-12.0188,0,0,0,0,N,0,0,,,,,0,0,E10K,SCOWL60_STABLE_2020.12.07+WN3.1
9656,9838,scar,-12.0188,1,1,0,0,N|V,1,1,car,,,scary;scare;scars;scarf,1,4,E10K,SCOWL60_STABLE_2020.12.07+WN3.1
9657,9839,scots,-12.0188,0,0,0,0,N|ADJ,0,0,,,,,0,0,E10K,SCOWL60_STABLE_2020.12.07+WN3.1
9658,9840,screams,-12.0188,1,0,1,0,,1,0,,scream,,,1,0,E10K,SCOWL60_STABLE_2020.12.07+WN3.1
9659,9841,seventy,-12.0188,1,1,0,0,N|ADJ,0,0,,,,,0,0,E10K,SCOWL60_STABLE_2020.12.07+WN3.1
9660,9842,simplicity,-12.0188,1,1,0,0,N,0,0,,,,,0,0,E10K,SCOWL60_STABLE_2020.12.07+WN3.1
9661,9843,slightest,-12.0188,1,0,1,0,,0,0,,,,,0,0,E10K,SCOWL60_STABLE_2020.12.07+WN3.1
9662,9844,sophia,-12.0188,0,0,0,0,,0,0,,,,,0,0,E10K,SCOWL60_STABLE_2020.12.07+WN3.1
9663,9845,splash,-12.0188,1,1,0,0,N|V,0,0,,,,,0,0,E10K,SCOWL60_STABLE_2020.12.07+WN3.1
9664,9846,splitting,-12.0188,1,1,0,0,ADJ,0,0,,,,,0,0,E10K,SCOWL60_STABLE_2020.12.07+WN3.1
9665,9847,spoiled,-12.0188,1,1,1,0,ADJ,0,0,,,,,0,0,E10K,SCOWL60_STABLE_2020.12.07+WN3.1
9666,9848,stalin,-12.0188,0,0,0,0,N,0,0,,,,,0,0,E10K,SCOWL60_STABLE_2020.12.07+WN3.1
9667,9849,stressful,-12.0188,1,1,0,0,ADJ,0,0,,,,,0,0,E10K,SCOWL60_STABLE_2020.12.07+WN3.1
9668,9850,stubborn,-12.0188,1,1,0,0,ADJ,0,0,,,,,0,0,E10K,SCOWL60_STABLE_2020.12.07+WN3.1
9669,9851,supermarket,-12.0188,1,1,0,0,N,1,1,,,,supermarkets,0,1,E10K,SCOWL60_STABLE_2020.12.07+WN3.1
9670,9852,surround,-12.0188,1,1,0,0,N|V,1,1,,,,surrounds,0,1,E10K,SCOWL60_STABLE_2020.12.07+WN3.1
9671,9853,sweetheart,-12.0188,1,1,0,0,N|ADJ,0,0,,,,,0,0,E10K,SCOWL60_STABLE_2020.12.07+WN3.1
9672,9854,tb,-12.0188,1,1,0,0,N,0,0,,,,,0,0,E10K,SCOWL60_STABLE_2020.12.07+WN3.1
9673,9855,thomson,-12.0188,0,0,0,0,N,0,0,,,,,0,0,E10K,SCOWL60_STABLE_2020.12.07+WN3.1
9674,9856,titans,-12.0188,1,0,1,0,,1,0,,titan,,,1,0,E10K,SCOWL60_STABLE_2020.12.07+WN3.1
9675,9857,turtles,-12.0188,1,0,1,0,,1,0,,turtle,,,1,0,E10K,SCOWL60_STABLE_2020.12.07+WN3.1
9676,9858,unlock,-12.0188,1,1,0,0,V,0,0,,,,,0,0,E10K,SCOWL60_STABLE_2020.12.07+WN3.1
9677,9859,unwanted,-12.0188,1,0,1,0,ADJ,0,0,,,,,0,0,E10K,SCOWL60_STABLE_2020.12.07+WN3.1
9678,9860,uploaded,-12.0188,1,0,1,0,,0,0,,,,,0,0,E10K,SCOWL60_STABLE_2020.12.07+WN3.1
9679,9861,urges,-12.0188,1,0,1,0,,1,0,,urge,,,1,0,E10K,SCOWL60_STABLE_2020.12.07+WN3.1
9680,9862,url,-12.0188,0,0,0,0,N,0,0,,,,,0,0,E10K,SCOWL60_STABLE_2020.12.07+WN3.1
9681,9863,valencia,-12.0188,0,0,0,0,N,0,0,,,,,0,0,E10K,SCOWL60_STABLE_2020.12.07+WN3.1
9682,9864,vendor,-12.0188,1,1,0,0,N,1,1,,,,vendors,0,1,E10K,SCOWL60_STABLE_2020.12.07+WN3.1
9683,9865,violet,-12.0188,1,1,0,0,N|ADJ,0,0,,,,,0,0,E10K,SCOWL60_STABLE_2020.12.07+WN3.1
9684,9866,vocational,-12.0188,1,1,0,0,ADJ,0,0,,,,,0,0,E10K,SCOWL60_STABLE_2020.12.07+WN3.1
9685,9867,walsh,-12.0188,0,0,0,0,,0,0,,,,,0,0,E10K,SCOWL60_STABLE_2020.12.07+WN3.1
9686,9868,warsaw,-12.0188,0,0,0,0,N,0,0,,,,,0,0,E10K,SCOWL60_STABLE_2020.12.07+WN3.1
9687,9869,watts,-12.0188,1,0,1,0,N,1,0,,watt,,,1,0,E10K,SCOWL60_STABLE_2020.12.07+WN3.1
9688,9870,wellington,-12.0188,1,1,0,0,N,0,0,,,,,0,0,E10K,SCOWL60_STABLE_2020.12.07+WN3.1
9689,9871,whales,-12.0188,1,0,1,0,,1,0,,whale,,,1,0,E10K,SCOWL60_STABLE_2020.12.07+WN3.1
9690,9872,wikipedia,-12.0188,0,0,0,0,,0,0,,,,,0,0,E10K,SCOWL60_STABLE_2020.12.07+WN3.1
9691,9873,wrath,-12.0188,1,1,0,0,N,0,0,,,,,0,0,E10K,SCOWL60_STABLE_2020.12.07+WN3.1
9692,9874,yacht,-12.0188,1,1,0,0,N|V,0,0,,,,,0,0,E10K,SCOWL60_STABLE_2020.12.07+WN3.1
9693,9875,abuses,-12.0423,1,0,1,0,,1,0,buses,abuse,,,2,0,E10K,SCOWL60_STABLE_2020.12.07+WN3.1
9694,9876,additions,-12.0423,1,0,1,0,,1,0,,addition,,,1,0,E10K,SCOWL60_STABLE_2020.12.07+WN3.1
9695,9877,agreeing,-12.0423,1,1,0,0,,0,0,,,,,0,0,E10K,SCOWL60_STABLE_2020.12.07+WN3.1
9696,9878,analysts,-12.0423,1,0,1,0,,1,0,,analyst,,,1,0,E10K,SCOWL60_STABLE_2020.12.07+WN3.1
9697,9879,antibiotics,-12.0423,1,0,1,0,,1,0,,antibiotic,,,1,0,E10K,SCOWL60_STABLE_2020.12.07+WN3.1
9698,9880,arbitration,-12.0423,1,1,1,0,N,0,0,,,,,0,0,E10K,SCOWL60_STABLE_2020.12.07+WN3.1
9699,9881,atoms,-12.0423,1,0,1,0,,1,0,,atom,,,1,0,E10K,SCOWL60_STABLE_2020.12.07+WN3.1
9700,9882,auxiliary,-12.0423,1,1,0,0,N|ADJ,0,0,,,,,0,0,E10K,SCOWL60_STABLE_2020.12.07+WN3.1
9701,9883,bark,-12.0423,1,1,0,0,N|V,1,0,ark,bar,,,2,0,E10K,SCOWL60_STABLE_2020.12.07+WN3.1
9702,9884,bats,-12.0423,1,0,1,0,ADJ,1,0,,bat,,,1,0,E10K,SCOWL60_STABLE_2020.12.07+WN3.1
9703,9885,behaviors,-12.0423,1,0,1,0,,1,0,,behavior,,,1,0,E10K,SCOWL60_STABLE_2020.12.07+WN3.1
9704,9886,blaze,-12.0423,1,1,0,0,N|V,0,0,,,,,0,0,E10K,SCOWL60_STABLE_2020.12.07+WN3.1
9705,9887,boeing,-12.0423,0,0,0,0,,0,0,,,,,0,0,E10K,SCOWL60_STABLE_2020.12.07+WN3.1
9706,9888,bot,-12.0423,1,1,0,0,N,1,1,,,,both,0,1,E10K,SCOWL60_STABLE_2020.12.07+WN3.1
9707,9889,bred,-12.0423,1,1,0,0,,1,0,red,,,,1,0,E10K,SCOWL60_STABLE_2020.12.07+WN3.1
9708,9890,brighton,-12.0423,0,0,0,0,N,0,0,,,,,0,0,E10K,SCOWL60_STABLE_2020.12.07+WN3.1
9709,9891,buffer,-12.0423,1,1,0,0,N|V,0,0,,,,,0,0,E10K,SCOWL60_STABLE_2020.12.07+WN3.1
9710,9892,cheeks,-12.0423,1,0,1,0,,1,0,,cheek,,,1,0,E10K,SCOWL60_STABLE_2020.12.07+WN3.1
9711,9893,cheering,-12.0423,1,0,1,0,N|ADJ,0,0,,,,,0,0,E10K,SCOWL60_STABLE_2020.12.07+WN3.1
9712,9894,cola,-12.0423,1,1,0,0,N,1,0,,col,,,1,0,E10K,SCOWL60_STABLE_2020.12.07+WN3.1
9713,9895,coma,-12.0423,1,1,0,0,N,1,0,,com,,,1,0,E10K,SCOWL60_STABLE_2020.12.07+WN3.1
9714,9896,commenting,-12.0423,1,0,1,0,,0,0,,,,,0,0,E10K,SCOWL60_STABLE_2020.12.07+WN3.1
9715,9897,communicating,-12.0423,1,0,1,0,N,0,0,,,,,0,0,E10K,SCOWL60_STABLE_2020.12.07+WN3.1
9716,9898,connects,-12.0423,1,0,1,0,,1,0,,connect,,,1,0,E10K,SCOWL60_STABLE_2020.12.07+WN3.1
9717,9899,conquer,-12.0423,1,1,0,0,V,0,0,,,,,0,0,E10K,SCOWL60_STABLE_2020.12.07+WN3.1
9718,9900,constituted,-12.0423,1,0,1,0,ADJ,1,0,,constitute,,,1,0,E10K,SCOWL60_STABLE_2020.12.07+WN3.1
9719,9901,containers,-12.0423,1,0,1,0,,1,0,,container,,,1,0,E10K,SCOWL60_STABLE_2020.12.07+WN3.1
9720,9902,decorative,-12.0423,1,1,1,0,ADJ,0,0,,,,,0,0,E10K,SCOWL60_STABLE_2020.12.07+WN3.1
9721,9903,devon,-12.0423,0,0,0,0,N,0,0,,,,,0,0,E10K,SCOWL60_STABLE_2020.12.07+WN3.1
9722,9904,devotion,-12.0423,1,1,0,0,N,0,0,,,,,0,0,E10K,SCOWL60_STABLE_2020.12.07+WN3.1
9723,9905,discourse,-12.0423,1,0,1,0,N|V,0,0,,,,,0,0,E10K,SCOWL60_STABLE_2020.12.07+WN3.1
9724,9906,disputed,-12.0423,1,1,1,0,ADJ,1,0,,dispute,,,1,0,E10K,SCOWL60_STABLE_2020.12.07+WN3.1
9725,9907,dolls,-12.0423,1,0,1,0,,1,0,,doll,,,1,0,E10K,SCOWL60_STABLE_2020.12.07+WN3.1
9726,9908,donna,-12.0423,0,0,0,0,N,0,0,,,,,0,0,E10K,SCOWL60_STABLE_2020.12.07+WN3.1
9727,9909,drowned,-12.0423,1,0,1,0,,0,0,,,,,0,0,E10K,SCOWL60_STABLE_2020.12.07+WN3.1
9728,9910,dunno,-12.0423,1,1,0,0,,0,0,,,,,0,0,E10K,SCOWL60_STABLE_2020.12.07+WN3.1
9729,9911,eliminating,-12.0423,1,0,1,0,,0,0,,,,,0,0,E10K,SCOWL60_STABLE_2020.12.07+WN3.1
9730,9912,emphasize,-12.0423,1,1,0,0,V,1,1,,,,emphasized;emphasizes,0,2,E10K,SCOWL60_STABLE_2020.12.07+WN3.1
9731,9913,entertain,-12.0423,1,1,0,0,V,0,0,,,,,0,0,E10K,SCOWL60_STABLE_2020.12.07+WN3.1
9732,9914,erosion,-12.0423,1,1,0,0,N,0,0,,,,,0,0,E10K,SCOWL60_STABLE_2020.12.07+WN3.1
9733,9915,establishments,-12.0423,1,1,0,0,,1,0,,establishment,,,1,0,E10K,SCOWL60_STABLE_2020.12.07+WN3.1
9734,9916,expelled,-12.0423,1,1,0,0,,0,0,,,,,0,0,E10K,SCOWL60_STABLE_2020.12.07+WN3.1
9735,9917,exploded,-12.0423,1,0,1,0,ADJ,1,0,,explode,,,1,0,E10K,SCOWL60_STABLE_2020.12.07+WN3.1
9736,9918,extinction,-12.0423,1,1,0,0,N,0,0,,,,,0,0,E10K,SCOWL60_STABLE_2020.12.07+WN3.1
9737,9919,fletcher,-12.0423,0,0,0,0,N,0,0,,,,,0,0,E10K,SCOWL60_STABLE_2020.12.07+WN3.1
9738,9920,flooded,-12.0423,1,0,1,0,ADJ,0,0,,,,,0,0,E10K,SCOWL60_STABLE_2020.12.07+WN3.1
9739,9921,flora,-12.0423,1,1,0,0,N,1,1,,,,floral,0,1,E10K,SCOWL60_STABLE_2020.12.07+WN3.1
9740,9922,fries,-12.0423,1,0,1,0,N,0,0,,,,,0,0,E10K,SCOWL60_STABLE_2020.12.07+WN3.1
9741,9923,functionality,-12.0423,1,1,0,0,N,0,0,,,,,0,0,E10K,SCOWL60_STABLE_2020.12.07+WN3.1
9742,9924,globally,-12.0423,1,0,1,0,ADV,0,0,,,,,0,0,E10K,SCOWL60_STABLE_2020.12.07+WN3.1
9743,9925,goose,-12.0423,1,1,0,0,N|V,0,0,,,,,0,0,E10K,SCOWL60_STABLE_2020.12.07+WN3.1
9744,9926,greatness,-12.0423,1,1,1,0,N,0,0,,,,,0,0,E10K,SCOWL60_STABLE_2020.12.07+WN3.1
9745,9927,grinding,-12.0423,1,0,1,0,N,0,0,,,,,0,0,E10K,SCOWL60_STABLE_2020.12.07+WN3.1
9746,9928,hacked,-12.0423,1,0,1,0,,0,0,,,,,0,0,E10K,SCOWL60_STABLE_2020.12.07+WN3.1
9747,9929,hank,-12.0423,1,1,0,0,N,1,1,,,thank,,0,1,E10K,SCOWL60_STABLE_2020.12.07+WN3.1
9748,9930,hearted,-12.0423,0,0,0,0,,0,0,,,,,0,0,E10K,SCOWL60_STABLE_2020.12.07+WN3.1
9749,9931,hemisphere,-12.0423,1,1,0,0,N,0,0,,,,,0,0,E10K,SCOWL60_STABLE_2020.12.07+WN3.1
9750,9932,hormones,-12.0423,1,0,1,0,,1,0,,hormone,,,1,0,E10K,SCOWL60_STABLE_2020.12.07+WN3.1
9751,9933,icons,-12.0423,1,0,1,0,,1,0,cons,icon,,,2,0,E10K,SCOWL60_STABLE_2020.12.07+WN3.1
9752,9934,identities,-12.0423,1,0,1,0,,0,0,,,,,0,0,E10K,SCOWL60_STABLE_2020.12.07+WN3.1
9753,9935,indications,-12.0423,1,0,1,0,,1,0,,indication,,,1,0,E10K,SCOWL60_STABLE_2020.12.07+WN3.1
9754,9936,infinity,-12.0423,1,1,0,0,N,0,0,,,,,0,0,E10K,SCOWL60_STABLE_2020.12.07+WN3.1
9755,9937,intends,-12.0423,1,0,1,0,,1,0,,intend,,,1,0,E10K,SCOWL60_STABLE_2020.12.07+WN3.1
9756,9938,intro,-12.0423,1,1,0,0,N,0,0,,,,,0,0,E10K,SCOWL60_STABLE_2020.12.07+WN3.1
9757,9939,jenkins,-12.0423,0,0,0,0,,0,0,,,,,0,0,E10K,SCOWL60_STABLE_2020.12.07+WN3.1
9758,9940,jun,-12.0423,1,1,0,0,,1,1,,,,junk,0,1,E10K,SCOWL60_STABLE_2020.12.07+WN3.1
9759,9941,jung,-12.0423,0,0,0,0,N,0,0,,,,,0,0,E10K,SCOWL60_STABLE_2020.12.07+WN3.1
9760,9942,lambert,-12.0423,0,0,0,0,N,0,0,,,,,0,0,E10K,SCOWL60_STABLE_2020.12.07+WN3.1
9761,9943,landscapes,-12.0423,1,0,1,0,,1,0,,landscape,,,1,0,E10K,SCOWL60_STABLE_2020.12.07+WN3.1
9762,9944,lifts,-12.0423,1,0,1,0,,1,0,,lift,,,1,0,E10K,SCOWL60_STABLE_2020.12.07+WN3.1
9763,9945,liz,-12.0423,0,0,0,0,,0,0,,,,,0,0,E10K,SCOWL60_STABLE_2020.12.07+WN3.1
9764,9946,lopez,-12.0423,0,0,0,0,,0,0,,,,,0,0,E10K,SCOWL60_STABLE_2020.12.07+WN3.1
9765,9948,malaysian,-12.0423,0,0,0,0,N|ADJ,0,0,,,,,0,0,E10K,SCOWL60_STABLE_2020.12.07+WN3.1
9766,9949,manitoba,-12.0423,0,0,0,0,N,0,0,,,,,0,0,E10K,SCOWL60_STABLE_2020.12.07+WN3.1
9767,9950,marrying,-12.0423,1,0,1,0,,0,0,,,,,0,0,E10K,SCOWL60_STABLE_2020.12.07+WN3.1
9768,9951,mat,-12.0423,1,1,0,0,N|V|ADJ,1,1,at,ma,,mate;math;mats,2,3,E10K,SCOWL60_STABLE_2020.12.07+WN3.1
9769,9952,mccarthy,-12.0423,0,0,0,0,N,0,0,,,,,0,0,E10K,SCOWL60_STABLE_2020.12.07+WN3.1
9770,9953,medicines,-12.0423,1,0,1,0,,1,0,,medicine,,,1,0,E10K,SCOWL60_STABLE_2020.12.07+WN3.1
9771,9954,mohammed,-12.0423,0,0,0,0,N,0,0,,,,,0,0,E10K,SCOWL60_STABLE_2020.12.07+WN3.1
9772,9955,mumbai,-12.0423,0,0,0,0,N,0,0,,,,,0,0,E10K,SCOWL60_STABLE_2020.12.07+WN3.1
9773,9956,mvp,-12.0423,0,0,0,0,N,0,0,,,,,0,0,E10K,SCOWL60_STABLE_2020.12.07+WN3.1
9774,9957,naive,-12.0423,1,1,0,0,ADJ,0,0,,,,,0,0,E10K,SCOWL60_STABLE_2020.12.07+WN3.1
9775,9958,neglected,-12.0423,1,0,1,0,ADJ,0,0,,,,,0,0,E10K,SCOWL60_STABLE_2020.12.07+WN3.1
9776,9959,neighbour,-12.0423,0,0,0,0,N|V,0,0,,,,,0,0,E10K,SCOWL60_STABLE_2020.12.07+WN3.1
9777,9960,nj,-12.0423,0,0,0,0,N,0,0,,,,,0,0,E10K,SCOWL60_STABLE_2020.12.07+WN3.1
9778,9961,offender,-12.0423,1,1,1,0,N,1,1,,,,offenders,0,1,E10K,SCOWL60_STABLE_2020.12.07+WN3.1
9779,9962,ops,-12.0423,1,0,1,0,N,1,1,,op,cops;tops;pops;oops;hops,,1,5,E10K,SCOWL60_STABLE_2020.12.07+WN3.1
9780,9963,oriental,-12.0423,1,1,0,0,ADJ,0,0,,,,,0,0,E10K,SCOWL60_STABLE_2020.12.07+WN3.1
9781,9964,ounce,-12.0423,1,1,0,0,N,1,1,,,bounce,ounces,0,2,E10K,SCOWL60_STABLE_2020.12.07+WN3.1
9782,9965,outs,-12.0423,1,0,1,0,,1,0,,out,,,1,0,E10K,SCOWL60_STABLE_2020.12.07+WN3.1
9783,9966,overlooked,-12.0423,1,0,1,0,ADJ,0,0,,,,,0,0,E10K,SCOWL60_STABLE_2020.12.07+WN3.1
9784,9967,participant,-12.0423,1,1,0,0,N,1,1,,,,participants,0,1,E10K,SCOWL60_STABLE_2020.12.07+WN3.1
9785,9968,partition,-12.0423,1,1,0,0,N|V,0,0,,,,,0,0,E10K,SCOWL60_STABLE_2020.12.07+WN3.1
9786,9969,patriotic,-12.0423,1,1,0,0,ADJ,0,0,,,,,0,0,E10K,SCOWL60_STABLE_2020.12.07+WN3.1
9787,9970,petersburg,-12.0423,0,0,0,0,N,0,0,,,,,0,0,E10K,SCOWL60_STABLE_2020.12.07+WN3.1
9788,9971,phantom,-12.0423,1,1,0,0,N|ADJ,0,0,,,,,0,0,E10K,SCOWL60_STABLE_2020.12.07+WN3.1
9789,9972,phillip,-12.0423,0,0,0,0,,0,0,,,,,0,0,E10K,SCOWL60_STABLE_2020.12.07+WN3.1
9790,9973,pins,-12.0423,1,0,1,0,,1,1,ins,pin,spins,,2,1,E10K,SCOWL60_STABLE_2020.12.07+WN3.1
9791,9974,plots,-12.0423,1,0,1,0,,1,0,lots,plot,,,2,0,E10K,SCOWL60_STABLE_2020.12.07+WN3.1
9792,9975,polo,-12.0423,1,1,0,0,N,1,0,,pol,,,1,0,E10K,SCOWL60_STABLE_2020.12.07+WN3.1
9793,9976,popped,-12.0423,1,1,0,0,,0,0,,,,,0,0,E10K,SCOWL60_STABLE_2020.12.07+WN3.1
9794,9977,precedent,-12.0423,1,1,0,0,N|ADJ,0,0,,,,,0,0,E10K,SCOWL60_STABLE_2020.12.07+WN3.1
9795,9978,premise,-12.0423,1,1,0,0,N|V,1,1,,,,premises,0,1,E10K,SCOWL60_STABLE_2020.12.07+WN3.1
9796,9979,promotes,-12.0423,1,0,1,0,,1,0,,promote,,,1,0,E10K,SCOWL60_STABLE_2020.12.07+WN3.1
9797,9980,psychic,-12.0423,1,1,0,0,N|ADJ,0,0,,,,,0,0,E10K,SCOWL60_STABLE_2020.12.07+WN3.1
9798,9981,pumps,-12.0423,1,0,1,0,,1,0,,pump,,,1,0,E10K,SCOWL60_STABLE_2020.12.07+WN3.1
9799,9982,pyramid,-12.0423,1,1,0,0,N|V,1,1,,,,pyramids,0,1,E10K,SCOWL60_STABLE_2020.12.07+WN3.1
9800,9983,questionable,-12.0423,1,1,1,0,ADJ,0,0,,,,,0,0,E10K,SCOWL60_STABLE_2020.12.07+WN3.1
9801,9984,quo,-12.0423,1,1,0,0,,0,0,,,,,0,0,E10K,SCOWL60_STABLE_2020.12.07+WN3.1
9802,9985,radioactive,-12.0423,1,1,0,0,ADJ,0,0,,,,,0,0,E10K,SCOWL60_STABLE_2020.12.07+WN3.1
9803,9986,realities,-12.0423,1,1,0,0,,0,0,,,,,0,0,E10K,SCOWL60_STABLE_2020.12.07+WN3.1
9804,9987,redemption,-12.0423,1,1,0,0,N,0,0,,,,,0,0,E10K,SCOWL60_STABLE_2020.12.07+WN3.1
9805,9988,sellers,-12.0423,1,0,1,0,N,1,0,,seller,,,1,0,E10K,SCOWL60_STABLE_2020.12.07+WN3.1
9806,9989,sh,-12.0423,1,1,0,0,,1,1,,,ash,she;shy,0,3,E10K,SCOWL60_STABLE_2020.12.07+WN3.1
9807,9990,shah,-12.0423,1,1,0,0,N,0,0,,,,,0,0,E10K,SCOWL60_STABLE_2020.12.07+WN3.1
9808,9991,shattered,-12.0423,1,0,1,0,ADJ,0,0,,,,,0,0,E10K,SCOWL60_STABLE_2020.12.07+WN3.1
9809,9992,shawn,-12.0423,0,0,0,0,N,0,0,,,,,0,0,E10K,SCOWL60_STABLE_2020.12.07+WN3.1
9810,9993,shrimp,-12.0423,1,1,0,0,N|V,0,0,,,,,0,0,E10K,SCOWL60_STABLE_2020.12.07+WN3.1
9811,9994,soo,-12.0423,0,0,0,0,,0,0,,,,,0,0,E10K,SCOWL60_STABLE_2020.12.07+WN3.1
9812,9995,southampton,-12.0423,0,0,0,0,,0,0,,,,,0,0,E10K,SCOWL60_STABLE_2020.12.07+WN3.1
9813,9996,spells,-12.0423,1,0,1,0,,1,0,,spell,,,1,0,E10K,SCOWL60_STABLE_2020.12.07+WN3.1
9814,9997,summoned,-12.0423,1,0,1,0,,0,0,,,,,0,0,E10K,SCOWL60_STABLE_2020.12.07+WN3.1
9815,9998,supplements,-12.0423,1,0,1,0,,1,0,,supplement,,,1,0,E10K,SCOWL60_STABLE_2020.12.07+WN3.1
9816,9999,sweeping,-12.0423,1,1,1,0,N|ADJ,1,0,weeping,,,,1,0,E10K,SCOWL60_STABLE_2020.12.07+WN3.1
9817,10000,swinging,-12.0423,1,0,1,0,N|ADJ,0,0,,,,,0,0,E10K,SCOWL60_STABLE_2020.12.07+WN3.1
9818,10001,telescope,-12.0423,1,1,0,0,N|V,0,0,,,,,0,0,E10K,SCOWL60_STABLE_2020.12.07+WN3.1
9819,10002,temples,-12.0423,1,0,1,0,,1,0,,temple,,,1,0,E10K,SCOWL60_STABLE_2020.12.07+WN3.1
9820,10003,textile,-12.0423,1,1,0,0,N|ADJ,1,1,,,,textiles,0,1,E10K,SCOWL60_STABLE_2020.12.07+WN3.1
9821,10004,thrones,-12.0423,1,0,1,0,,1,0,,throne,,,1,0,E10K,SCOWL60_STABLE_2020.12.07+WN3.1
9822,10005,timothy,-12.0423,1,1,0,0,N,0,0,,,,,0,0,E10K,SCOWL60_STABLE_2020.12.07+WN3.1
9823,10006,trout,-12.0423,1,1,0,0,N,0,0,,,,,0,0,E10K,SCOWL60_STABLE_2020.12.07+WN3.1
9824,10007,trustees,-12.0423,1,0,1,0,,1,0,,trustee,,,1,0,E10K,SCOWL60_STABLE_2020.12.07+WN3.1
9825,10008,understandable,-12.0423,1,0,1,0,ADJ,0,0,,,,,0,0,E10K,SCOWL60_STABLE_2020.12.07+WN3.1
9826,10009,unpleasant,-12.0423,1,0,1,0,ADJ,0,0,,,,,0,0,E10K,SCOWL60_STABLE_2020.12.07+WN3.1
9827,10010,unsure,-12.0423,1,1,0,0,ADJ,0,0,,,,,0,0,E10K,SCOWL60_STABLE_2020.12.07+WN3.1
9828,10011,ussr,-12.0423,0,0,0,0,N,0,0,,,,,0,0,E10K,SCOWL60_STABLE_2020.12.07+WN3.1
9829,10012,valuation,-12.0423,1,1,0,0,N,1,1,,,evaluation,,0,1,E10K,SCOWL60_STABLE_2020.12.07+WN3.1
9830,10013,vet,-12.0423,1,1,0,0,N|V,1,1,,,,veto;vets,0,2,E10K,SCOWL60_STABLE_2020.12.07+WN3.1
9831,10014,viii,-12.0423,1,1,0,0,N|ADJ,1,0,iii,vii,,,2,0,E10K,SCOWL60_STABLE_2020.12.07+WN3.1
9832,10015,violate,-12.0423,1,1,0,0,V,1,1,,,,violated;violates,0,2,E10K,SCOWL60_STABLE_2020.12.07+WN3.1
9833,10016,viruses,-12.0423,1,0,1,0,,0,0,,,,,0,0,E10K,SCOWL60_STABLE_2020.12.07+WN3.1
9834,10017,voluntarily,-12.0423,1,1,0,0,ADV,0,0,,,,,0,0,E10K,SCOWL60_STABLE_2020.12.07+WN3.1
9835,10018,woody,-12.0423,1,1,0,0,ADJ,1,0,,wood,,,1,0,E10K,SCOWL60_STABLE_2020.12.07+WN3.1
9836,10019,zoom,-12.0423,1,1,0,0,N|V,1,0,,zoo,,,1,0,E10K,SCOWL60_STABLE_2020.12.07+WN3.1
9837,10020,abnormal,-12.0663,1,1,0,0,ADJ,0,0,,,,,0,0,E10K,SCOWL60_STABLE_2020.12.07+WN3.1
9838,10021,almighty,-12.0663,1,1,0,0,N|ADJ,0,0,,,,,0,0,E10K,SCOWL60_STABLE_2020.12.07+WN3.1
9839,10022,appropriately,-12.0663,1,0,1,0,ADV,0,0,,,,,0,0,E10K,SCOWL60_STABLE_2020.12.07+WN3.1
9840,10023,ark,-12.0663,1,1,0,0,N,1,1,,,park;dark;mark;bark,,0,4,E10K,SCOWL60_STABLE_2020.12.07+WN3.1
9841,10024,asses,-12.0663,1,0,1,0,,1,1,,,passes;masses,assess,0,3,E10K,SCOWL60_STABLE_2020.12.07+WN3.1
9842,10025,assisting,-12.0663,1,0,1,0,,0,0,,,,,0,0,E10K,SCOWL60_STABLE_2020.12.07+WN3.1
9843,10026,atlas,-12.0663,1,1,0,0,N,0,0,,,,,0,0,E10K,SCOWL60_STABLE_2020.12.07+WN3.1
9844,10027,attribute,-12.0663,1,1,0,0,N|V,1,1,,,,attributed;attributes,0,2,E10K,SCOWL60_STABLE_2020.12.07+WN3.1
9845,10028,averaged,-12.0663,1,0,1,0,,1,0,,average,,,1,0,E10K,SCOWL60_STABLE_2020.12.07+WN3.1
9846,10029,awaiting,-12.0663,1,0,1,0,,1,0,waiting,,,,1,0,E10K,SCOWL60_STABLE_2020.12.07+WN3.1
9847,10030,awe,-12.0663,1,1,0,0,N|V,1,0,we,aw,,,2,0,E10K,SCOWL60_STABLE_2020.12.07+WN3.1
9848,10031,bash,-12.0663,1,1,0,0,N|V,1,0,ash,,,,1,0,E10K,SCOWL60_STABLE_2020.12.07+WN3.1
9849,10032,basics,-12.0663,1,0,1,0,N,1,0,,basic,,,1,0,E10K,SCOWL60_STABLE_2020.12.07+WN3.1
9850,10033,batting,-12.0663,1,1,0,0,N,0,0,,,,,0,0,E10K,SCOWL60_STABLE_2020.12.07+WN3.1
9851,10034,bind,-12.0663,1,1,0,0,N|V,1,1,ind,bin,,binds,2,1,E10K,SCOWL60_STABLE_2020.12.07+WN3.1
9852,10035,biting,-12.0663,1,1,1,0,ADJ,0,0,,,,,0,0,E10K,SCOWL60_STABLE_2020.12.07+WN3.1
9853,10036,bodily,-12.0663,1,1,0,0,ADJ|ADV,0,0,,,,,0,0,E10K,SCOWL60_STABLE_2020.12.07+WN3.1
9854,10037,boiling,-12.0663,1,0,1,0,N|ADV,0,0,,,,,0,0,E10K,SCOWL60_STABLE_2020.12.07+WN3.1
9855,10038,bosnia,-12.0663,0,0,0,0,N,0,0,,,,,0,0,E10K,SCOWL60_STABLE_2020.12.07+WN3.1
9856,10039,bubbles,-12.0663,1,0,1,0,,1,0,,bubble,,,1,0,E10K,SCOWL60_STABLE_2020.12.07+WN3.1
9857,10041,carson,-12.0663,0,0,0,0,N,0,0,,,,,0,0,E10K,SCOWL60_STABLE_2020.12.07+WN3.1
9858,10042,cholesterol,-12.0663,1,1,0,0,N,0,0,,,,,0,0,E10K,SCOWL60_STABLE_2020.12.07+WN3.1
9859,10043,clara,-12.0663,0,0,0,0,,0,0,,,,,0,0,E10K,SCOWL60_STABLE_2020.12.07+WN3.1
9860,10044,clinics,-12.0663,1,0,1,0,,1,0,,clinic,,,1,0,E10K,SCOWL60_STABLE_2020.12.07+WN3.1
9861,10046,collaborative,-12.0663,1,1,1,0,ADJ,0,0,,,,,0,0,E10K,SCOWL60_STABLE_2020.12.07+WN3.1
9862,10047,collectors,-12.0663,1,0,1,0,,1,0,,collector,,,1,0,E10K,SCOWL60_STABLE_2020.12.07+WN3.1
9863,10048,colorful,-12.0663,1,1,0,0,ADJ,0,0,,,,,0,0,E10K,SCOWL60_STABLE_2020.12.07+WN3.1
9864,10049,consulted,-12.0663,1,0,1,0,,0,0,,,,,0,0,E10K,SCOWL60_STABLE_2020.12.07+WN3.1
9865,10050,contingent,-12.0663,1,1,0,0,N|ADJ,0,0,,,,,0,0,E10K,SCOWL60_STABLE_2020.12.07+WN3.1
9866,10052,dana,-12.0663,0,0,0,0,N,0,0,,,,,0,0,E10K,SCOWL60_STABLE_2020.12.07+WN3.1
9867,10053,darren,-12.0663,0,0,0,0,,0,0,,,,,0,0,E10K,SCOWL60_STABLE_2020.12.07+WN3.1
9868,10054,declares,-12.0663,1,0,1,0,,1,0,,declare,,,1,0,E10K,SCOWL60_STABLE_2020.12.07+WN3.1
9869,10055,demonstrating,-12.0663,1,0,1,0,,0,0,,,,,0,0,E10K,SCOWL60_STABLE_2020.12.07+WN3.1
9870,10056,diminished,-12.0663,1,1,1,0,ADJ,0,0,,,,,0,0,E10K,SCOWL60_STABLE_2020.12.07+WN3.1
9871,10057,disadvantage,-12.0663,1,0,1,0,N|V,1,1,,,,disadvantaged;disadvantages,0,2,E10K,SCOWL60_STABLE_2020.12.07+WN3.1
9872,10058,dom,-12.0663,0,0,0,0,,0,0,,,,,0,0,E10K,SCOWL60_STABLE_2020.12.07+WN3.1
9873,10059,domination,-12.0663,1,1,1,0,N,0,0,,,,,0,0,E10K,SCOWL60_STABLE_2020.12.07+WN3.1
9874,10060,dominion,-12.0663,1,1,0,0,N,0,0,,,,,0,0,E10K,SCOWL60_STABLE_2020.12.07+WN3.1
9875,10061,doomed,-12.0663,1,0,1,0,N|ADJ,0,0,,,,,0,0,E10K,SCOWL60_STABLE_2020.12.07+WN3.1
9876,10062,dragging,-12.0663,1,1,0,0,ADJ,0,0,,,,,0,0,E10K,SCOWL60_STABLE_2020.12.07+WN3.1
9877,10063,dubbed,-12.0663,1,1,0,0,,0,0,,,,,0,0,E10K,SCOWL60_STABLE_2020.12.07+WN3.1
9878,10064,ec,-12.0663,0,0,0,0,N,0,0,,,,,0,0,E10K,SCOWL60_STABLE_2020.12.07+WN3.1
9879,10065,enclosed,-12.0663,1,1,1,0,ADJ,0,0,,,,,0,0,E10K,SCOWL60_STABLE_2020.12.07+WN3.1
9880,10066,encouragement,-12.0663,1,1,1,0,N,0,0,,,,,0,0,E10K,SCOWL60_STABLE_2020.12.07+WN3.1
9881,10067,enlarged,-12.0663,1,0,1,0,ADJ,1,0,,enlarge,,,1,0,E10K,SCOWL60_STABLE_2020.12.07+WN3.1
9882,10068,equals,-12.0663,1,0,1,0,,1,0,,equal,,,1,0,E10K,SCOWL60_STABLE_2020.12.07+WN3.1
9883,10069,excel,-12.0663,1,1,0,0,V,0,0,,,,,0,0,E10K,SCOWL60_STABLE_2020.12.07+WN3.1
9884,10070,exploited,-12.0663,1,1,1,0,ADJ,0,0,,,,,0,0,E10K,SCOWL60_STABLE_2020.12.07+WN3.1
9885,10071,feathers,-12.0663,1,0,1,0,,1,0,,feather,,,1,0,E10K,SCOWL60_STABLE_2020.12.07+WN3.1
9886,10072,forge,-12.0663,1,1,0,0,N|V,1,1,,,,forget;forged,0,2,E10K,SCOWL60_STABLE_2020.12.07+WN3.1
9887,10073,forthcoming,-12.0663,1,1,0,0,ADJ,0,0,,,,,0,0,E10K,SCOWL60_STABLE_2020.12.07+WN3.1
9888,10074,friction,-12.0663,1,1,0,0,N,0,0,,,,,0,0,E10K,SCOWL60_STABLE_2020.12.07+WN3.1
9889,10075,fucks,-12.0663,1,0,1,1,,1,0,,fuck,,,1,0,E10K,SCOWL60_STABLE_2020.12.07+WN3.1
9890,10076,fuels,-12.0663,1,0,1,0,,1,0,,fuel,,,1,0,E10K,SCOWL60_STABLE_2020.12.07+WN3.1
9891,10077,fuller,-12.0663,1,1,1,0,N,0,0,,,,,0,0,E10K,SCOWL60_STABLE_2020.12.07+WN3.1
9892,10078,gamble,-12.0663,1,1,0,0,N|V,0,0,,,,,0,0,E10K,SCOWL60_STABLE_2020.12.07+WN3.1
9893,10079,glue,-12.0663,1,1,0,0,N|V,1,1,,,,glued,0,1,E10K,SCOWL60_STABLE_2020.12.07+WN3.1
9894,10080,greeks,-12.0663,0,0,0,0,,0,0,,,,,0,0,E10K,SCOWL60_STABLE_2020.12.07+WN3.1
9895,10081,handing,-12.0663,1,0,1,0,,0,0,,,,,0,0,E10K,SCOWL60_STABLE_2020.12.07+WN3.1
9896,10082,headlines,-12.0663,1,0,1,0,,1,0,,headline,,,1,0,E10K,SCOWL60_STABLE_2020.12.07+WN3.1
9897,10083,healthier,-12.0663,1,0,1,0,ADJ,0,0,,,,,0,0,E10K,SCOWL60_STABLE_2020.12.07+WN3.1
9898,10085,iceland,-12.0663,0,0,0,0,N,0,0,,,,,0,0,E10K,SCOWL60_STABLE_2020.12.07+WN3.1
9899,10086,iconic,-12.0663,1,1,0,0,ADJ,0,0,,,,,0,0,E10K,SCOWL60_STABLE_2020.12.07+WN3.1
9900,10087,illustrations,-12.0663,1,0,1,0,,1,0,,illustration,,,1,0,E10K,SCOWL60_STABLE_2020.12.07+WN3.1
9901,10088,impaired,-12.0663,1,1,1,0,ADJ,0,0,,,,,0,0,E10K,SCOWL60_STABLE_2020.12.07+WN3.1
9902,10089,int,-12.0663,1,1,0,0,,1,1,,in,hint;mint;pint,into,1,4,E10K,SCOWL60_STABLE_2020.12.07+WN3.1
9903,10090,invalid,-12.0663,1,1,0,0,N|V|ADJ,0,0,,,,,0,0,E10K,SCOWL60_STABLE_2020.12.07+WN3.1
9904,10091,inventor,-12.0663,1,1,0,0,N,1,1,,,,inventory,0,1,E10K,SCOWL60_STABLE_2020.12.07+WN3.1
9905,10092,jin,-12.0663,0,0,0,0,,0,0,,,,,0,0,E10K,SCOWL60_STABLE_2020.12.07+WN3.1
9906,10094,kidnapping,-12.0663,1,1,0,0,N,0,0,,,,,0,0,E10K,SCOWL60_STABLE_2020.12.07+WN3.1
9907,10095,lateral,-12.0663,1,1,0,0,N|ADJ,0,0,,,,,0,0,E10K,SCOWL60_STABLE_2020.12.07+WN3.1
9908,10096,legitimacy,-12.0663,1,1,0,0,N,0,0,,,,,0,0,E10K,SCOWL60_STABLE_2020.12.07+WN3.1
9909,10097,lindsay,-12.0663,0,0,0,0,N,0,0,,,,,0,0,E10K,SCOWL60_STABLE_2020.12.07+WN3.1
9910,10098,luggage,-12.0663,1,1,0,0,N,0,0,,,,,0,0,E10K,SCOWL60_STABLE_2020.12.07+WN3.1
9911,10099,mafia,-12.0663,1,1,0,0,N,0,0,,,,,0,0,E10K,SCOWL60_STABLE_2020.12.07+WN3.1
9912,10100,maggie,-12.0663,0,0,0,0,,0,0,,,,,0,0,E10K,SCOWL60_STABLE_2020.12.07+WN3.1
9913,10101,merits,-12.0663,1,0,1,0,,1,0,,merit,,,1,0,E10K,SCOWL60_STABLE_2020.12.07+WN3.1
9914,10102,midfielder,-12.0663,1,0,1,0,,0,0,,,,,0,0,E10K,SCOWL60_STABLE_2020.12.07+WN3.1
9915,10103,ml,-12.0663,1,1,0,0,N,0,0,,,,,0,0,E10K,SCOWL60_STABLE_2020.12.07+WN3.1
9916,10104,mod,-12.0663,1,1,0,0,N|ADJ,1,1,,mo,,mode,1,1,E10K,SCOWL60_STABLE_2020.12.07+WN3.1
9917,10106,motto,-12.0663,1,1,0,0,N,0,0,,,,,0,0,E10K,SCOWL60_STABLE_2020.12.07+WN3.1
9918,10107,naughty,-12.0663,1,1,0,0,ADJ,0,0,,,,,0,0,E10K,SCOWL60_STABLE_2020.12.07+WN3.1
9919,10108,necklace,-12.0663,1,1,0,0,N,0,0,,,,,0,0,E10K,SCOWL60_STABLE_2020.12.07+WN3.1
9920,10109,nicolas,-12.0663,0,0,0,0,,0,0,,,,,0,0,E10K,SCOWL60_STABLE_2020.12.07+WN3.1
9921,10110,nineteenth,-12.0663,1,1,1,0,N|ADJ,0,0,,,,,0,0,E10K,SCOWL60_STABLE_2020.12.07+WN3.1
9922,10111,nm,-12.0663,0,0,0,0,N,0,0,,,,,0,0,E10K,SCOWL60_STABLE_2020.12.07+WN3.1
9923,10112,noises,-12.0663,1,0,1,0,,1,0,,noise,,,1,0,E10K,SCOWL60_STABLE_2020.12.07+WN3.1
9924,10113,oakland,-12.0663,0,0,0,0,N,0,0,,,,,0,0,E10K,SCOWL60_STABLE_2020.12.07+WN3.1
9925,10114,oceans,-12.0663,1,0,1,0,,1,0,,ocean,,,1,0,E10K,SCOWL60_STABLE_2020.12.07+WN3.1
9926,10115,omar,-12.0663,0,0,0,0,,0,0,,,,,0,0,E10K,SCOWL60_STABLE_2020.12.07+WN3.1
9927,10116,onset,-12.0663,1,1,0,0,N,0,0,,,,,0,0,E10K,SCOWL60_STABLE_2020.12.07+WN3.1
9928,10117,organism,-12.0663,1,1,0,0,N,1,1,,,,organisms,0,1,E10K,SCOWL60_STABLE_2020.12.07+WN3.1
9929,10118,packet,-12.0663,1,1,0,0,N,1,1,,,,packets,0,1,E10K,SCOWL60_STABLE_2020.12.07+WN3.1
9930,10119,parody,-12.0663,1,1,0,0,N|V,0,0,,,,,0,0,E10K,SCOWL60_STABLE_2020.12.07+WN3.1
9931,10120,penn,-12.0663,0,0,0,0,N,0,0,,,,,0,0,E10K,SCOWL60_STABLE_2020.12.07+WN3.1
9932,10121,performer,-12.0663,1,1,1,0,N,1,1,,,,performers,0,1,E10K,SCOWL60_STABLE_2020.12.07+WN3.1
9933,10122,periodic,-12.0663,1,1,0,0,ADJ,0,0,,,,,0,0,E10K,SCOWL60_STABLE_2020.12.07+WN3.1
9934,10123,philippe,-12.0663,0,0,0,0,,0,0,,,,,0,0,E10K,SCOWL60_STABLE_2020.12.07+WN3.1
9935,10124,pickup,-12.0663,1,1,0,0,N,0,0,,,,,0,0,E10K,SCOWL60_STABLE_2020.12.07+WN3.1
9936,10125,pitt,-12.0663,0,0,0,0,N,0,0,,,,,0,0,E10K,SCOWL60_STABLE_2020.12.07+WN3.1
9937,10126,pl,-12.0663,1,1,0,0,,0,0,,,,,0,0,E10K,SCOWL60_STABLE_2020.12.07+WN3.1
9938,10127,playground,-12.0663,1,1,0,0,N,0,0,,,,,0,0,E10K,SCOWL60_STABLE_2020.12.07+WN3.1
9939,10128,poses,-12.0663,1,0,1,0,,1,0,,pose,,,1,0,E10K,SCOWL60_STABLE_2020.12.07+WN3.1
9940,10129,prairie,-12.0663,1,1,0,0,N,0,0,,,,,0,0,E10K,SCOWL60_STABLE_2020.12.07+WN3.1
9941,10130,preach,-12.0663,1,1,0,0,V,1,0,reach,,,,1,0,E10K,SCOWL60_STABLE_2020.12.07+WN3.1
9942,10131,preserving,-12.0663,1,0,1,0,,0,0,,,,,0,0,E10K,SCOWL60_STABLE_2020.12.07+WN3.1
9943,10132,prestige,-12.0663,1,1,0,0,N,0,0,,,,,0,0,E10K,SCOWL60_STABLE_2020.12.07+WN3.1
9944,10133,prom,-12.0663,1,1,1,0,N,1,1,,pro,,promo,1,1,E10K,SCOWL60_STABLE_2020.12.07+WN3.1
9945,10134,pumped,-12.0663,1,0,1,0,ADJ,0,0,,,,,0,0,E10K,SCOWL60_STABLE_2020.12.07+WN3.1
9946,10135,qatar,-12.0663,0,0,0,0,N,0,0,,,,,0,0,E10K,SCOWL60_STABLE_2020.12.07+WN3.1
9947,10136,regain,-12.0663,1,0,1,0,V,0,0,,,,,0,0,E10K,SCOWL60_STABLE_2020.12.07+WN3.1
9948,10137,relieve,-12.0663,1,1,0,0,V,1,1,,,,relieved,0,1,E10K,SCOWL60_STABLE_2020.12.07+WN3.1
9949,10138,requesting,-12.0663,1,0,1,0,,0,0,,,,,0,0,E10K,SCOWL60_STABLE_2020.12.07+WN3.1
9950,10139,restructuring,-12.0663,1,1,1,0,,0,0,,,,,0,0,E10K,SCOWL60_STABLE_2020.12.07+WN3.1
9951,10140,retiring,-12.0663,1,0,1,0,ADJ,0,0,,,,,0,0,E10K,SCOWL60_STABLE_2020.12.07+WN3.1
9952,10141,sage,-12.0663,1,1,0,0,N|ADJ,1,1,age,,usage,,1,1,E10K,SCOWL60_STABLE_2020.12.07+WN3.1
9953,10142,sanchez,-12.0663,0,0,0,0,N,0,0,,,,,0,0,E10K,SCOWL60_STABLE_2020.12.07+WN3.1
9954,10143,scouts,-12.0663,1,0,1,0,,1,0,,scout,,,1,0,E10K,SCOWL60_STABLE_2020.12.07+WN3.1
9955,10144,sf,-12.0663,1,1,0,0,,0,0,,,,,0,0,E10K,SCOWL60_STABLE_2020.12.07+WN3.1
9956,10145,silva,-12.0663,0,0,0,0,N,0,0,,,,,0,0,E10K,SCOWL60_STABLE_2020.12.07+WN3.1
9957,10146,skype,-12.0663,0,0,0,0,,0,0,,,,,0,0,E10K,SCOWL60_STABLE_2020.12.07+WN3.1
9958,10147,sociology,-12.0663,1,1,0,0,N,0,0,,,,,0,0,E10K,SCOWL60_STABLE_2020.12.07+WN3.1
9959,10148,sorrow,-12.0663,1,1,0,0,N|V,1,1,,,,sorrows,0,1,E10K,SCOWL60_STABLE_2020.12.07+WN3.1
9960,10149,spatial,-12.0663,1,1,0,0,ADJ,0,0,,,,,0,0,E10K,SCOWL60_STABLE_2020.12.07+WN3.1
9961,10150,spiders,-12.0663,1,0,1,0,,1,0,,spider,,,1,0,E10K,SCOWL60_STABLE_2020.12.07+WN3.1
9962,10151,spinal,-12.0663,1,1,0,0,N|ADJ,0,0,,,,,0,0,E10K,SCOWL60_STABLE_2020.12.07+WN3.1
9963,10152,swords,-12.0663,1,0,1,0,,1,0,words,sword,,,2,0,E10K,SCOWL60_STABLE_2020.12.07+WN3.1
9964,10153,sympathetic,-12.0663,1,1,0,0,ADJ,0,0,,,,,0,0,E10K,SCOWL60_STABLE_2020.12.07+WN3.1
9965,10154,tattoos,-12.0663,1,0,1,0,,1,0,,tattoo,,,1,0,E10K,SCOWL60_STABLE_2020.12.07+WN3.1
9966,10155,taxpayers,-12.0663,1,0,1,0,,1,0,,taxpayer,,,1,0,E10K,SCOWL60_STABLE_2020.12.07+WN3.1
9967,10156,tearing,-12.0663,1,0,1,0,N|ADJ,0,0,,,,,0,0,E10K,SCOWL60_STABLE_2020.12.07+WN3.1
9968,10157,thoughtful,-12.0663,1,1,0,0,ADJ,0,0,,,,,0,0,E10K,SCOWL60_STABLE_2020.12.07+WN3.1
9969,10158,thriller,-12.0663,1,1,1,0,N,0,0,,,,,0,0,E10K,SCOWL60_STABLE_2020.12.07+WN3.1
9970,10159,torch,-12.0663,1,1,0,0,N|V,0,0,,,,,0,0,E10K,SCOWL60_STABLE_2020.12.07+WN3.1
9971,10160,travelers,-12.0663,1,0,1,0,,1,0,,traveler,,,1,0,E10K,SCOWL60_STABLE_2020.12.07+WN3.1
9972,10161,tu,-12.0663,0,0,0,0,,0,0,,,,,0,0,E10K,SCOWL60_STABLE_2020.12.07+WN3.1
9973,10162,tumblr,-12.0663,0,0,0,0,,0,0,,,,,0,0,E10K,SCOWL60_STABLE_2020.12.07+WN3.1
9974,10163,tuned,-12.0663,1,0,1,0,,1,0,,tune,,,1,0,E10K,SCOWL60_STABLE_2020.12.07+WN3.1
9975,10164,updating,-12.0663,1,0,1,0,N,0,0,,,,,0,0,E10K,SCOWL60_STABLE_2020.12.07+WN3.1
9976,10165,uruguay,-12.0663,0,0,0,0,N,0,0,,,,,0,0,E10K,SCOWL60_STABLE_2020.12.07+WN3.1
9977,10166,vine,-12.0663,1,1,0,0,N,1,1,,,,vines,0,1,E10K,SCOWL60_STABLE_2020.12.07+WN3.1
9978,10167,visibility,-12.0663,1,1,0,0,N,0,0,,,,,0,0,E10K,SCOWL60_STABLE_2020.12.07+WN3.1
9979,10168,visions,-12.0663,1,0,1,0,,1,0,,vision,,,1,0,E10K,SCOWL60_STABLE_2020.12.07+WN3.1
9980,10169,warmer,-12.0663,1,1,1,0,N,0,0,,,,,0,0,E10K,SCOWL60_STABLE_2020.12.07+WN3.1
9981,10170,webb,-12.0663,0,0,0,0,N,0,0,,,,,0,0,E10K,SCOWL60_STABLE_2020.12.07+WN3.1
9982,10171,activation,-12.0892,1,1,1,0,N,0,0,,,,,0,0,E10K,SCOWL60_STABLE_2020.12.07+WN3.1
9983,10172,allison,-12.0892,0,0,0,0,,0,0,,,,,0,0,E10K,SCOWL60_STABLE_2020.12.07+WN3.1
9984,10173,amnesty,-12.0892,1,1,0,0,N|V,0,0,,,,,0,0,E10K,SCOWL60_STABLE_2020.12.07+WN3.1
9985,10174,amusing,-12.0892,1,1,1,0,ADJ,0,0,,,,,0,0,E10K,SCOWL60_STABLE_2020.12.07+WN3.1
9986,10175,armour,-12.0892,0,0,0,0,N|V,0,0,,,,,0,0,E10K,SCOWL60_STABLE_2020.12.07+WN3.1
9987,10176,arrests,-12.0892,1,0,1,0,,1,0,,arrest,,,1,0,E10K,SCOWL60_STABLE_2020.12.07+WN3.1
9988,10177,asthma,-12.0892,1,1,0,0,N,0,0,,,,,0,0,E10K,SCOWL60_STABLE_2020.12.07+WN3.1
9989,10178,bb,-12.0892,0,0,0,0,N,0,0,,,,,0,0,E10K,SCOWL60_STABLE_2020.12.07+WN3.1
9990,10179,believers,-12.0892,1,0,1,0,,1,0,,believer,,,1,0,E10K,SCOWL60_STABLE_2020.12.07+WN3.1
9991,10180,bon,-12.0892,0,0,0,0,,0,0,,,,,0,0,E10K,SCOWL60_STABLE_2020.12.07+WN3.1
9992,10181,brace,-12.0892,1,1,0,0,N|V,1,1,race,,,braces,1,1,E10K,SCOWL60_STABLE_2020.12.07+WN3.1
9993,10182,broadband,-12.0892,1,1,0,0,ADJ,0,0,,,,,0,0,E10K,SCOWL60_STABLE_2020.12.07+WN3.1
9994,10183,broadcaster,-12.0892,1,1,0,0,N,1,1,,,,broadcasters,0,1,E10K,SCOWL60_STABLE_2020.12.07+WN3.1
9995,10184,broncos,-12.0892,1,0,1,0,,0,0,,,,,0,0,E10K,SCOWL60_STABLE_2020.12.07+WN3.1
9996,10185,buenos,-12.0892,0,0,0,0,,0,0,,,,,0,0,E10K,SCOWL60_STABLE_2020.12.07+WN3.1
9997,10186,builders,-12.0892,1,0,1,0,,1,0,,builder,,,1,0,E10K,SCOWL60_STABLE_2020.12.07+WN3.1
9998,10187,bypass,-12.0892,1,1,0,0,N|V,0,0,,,,,0,0,E10K,SCOWL60_STABLE_2020.12.07+WN3.1
9999,10188,casa,-12.0892,0,0,0,0,,0,0,,,,,0,0,E10K,SCOWL60_STABLE_2020.12.07+WN3.1
10000,10189,chickens,-12.0892,1,0,1,0,,1,0,,chicken,,,1,0,E10K,SCOWL60_STABLE_2020.12.07+WN3.1